time_s,CD,CL,CM
2.400384099999999961e-04,3.041246602000000010e+01,1.453322371999999918e-01,-8.668627393000000181e-01
4.983122900000000292e-04,-1.123594729000000036e+01,-6.257221698999999859e-02,3.316824272000000184e-01
7.733682800000000459e-04,1.135341232000000034e+00,-1.897474651999999859e-02,-2.603271495000000074e-02
1.057827899999999989e-03,1.171739319000000057e+00,-6.383268654000000090e-03,-2.618987706999999915e-02
1.345734500000000076e-03,1.259767469000000029e+00,-8.527621201999999179e-03,-2.935430660000000122e-02
1.635818399999999957e-03,1.311798177000000010e+00,-1.657334162999999846e-02,-3.203940505999999799e-02
1.927771700000000020e-03,1.344211011999999927e+00,-2.268105457000000116e-02,-3.405991817000000171e-02
2.222314700000000212e-03,1.367788054999999892e+00,-3.303021566000000075e-02,-3.582492007000000200e-02
2.520028599999999883e-03,1.377600449000000005e+00,-4.351548445999999654e-02,-3.696599905999999741e-02
2.820439200000000174e-03,1.380640118000000083e+00,-5.412934516000000168e-02,-3.786430975999999921e-02
3.123967699999999868e-03,1.385930958000000102e+00,-6.380296826999999615e-02,-3.851067589999999929e-02
3.431060399999999802e-03,1.393548334999999971e+00,-7.280124567000000047e-02,-3.943779956000000031e-02
3.742779700000000136e-03,1.398410442000000087e+00,-8.043334157999999789e-02,-4.006630243999999980e-02
4.060079799999999697e-03,1.405274088000000088e+00,-8.762907620000000286e-02,-4.097371972999999667e-02
4.383589200000000304e-03,1.412660486999999909e+00,-9.468357144000000281e-02,-4.181261354000000152e-02
4.714000099999999908e-03,1.412925146000000076e+00,-9.907172643999999362e-02,-4.243429211000000062e-02
5.051618400000000043e-03,1.413641273000000087e+00,-1.040801556000000017e-01,-4.300719338999999669e-02
5.397011499999999906e-03,1.410920737000000091e+00,-1.093888358000000005e-01,-4.364106255999999906e-02
5.751057999999999865e-03,1.405681562999999912e+00,-1.141051433999999976e-01,-4.412526362000000063e-02
6.113942699999999619e-03,1.393263241000000097e+00,-1.172713125000000023e-01,-4.411971197000000289e-02
6.485565000000000427e-03,1.373972033000000037e+00,-1.195911231999999963e-01,-4.336211165000000006e-02
6.865191500000000259e-03,1.351853968999999989e+00,-1.206001758999999951e-01,-4.247075722000000220e-02
7.252267500000000346e-03,1.327492657000000076e+00,-1.205581124999999948e-01,-4.115892374999999964e-02
7.646150600000000200e-03,1.307315782999999954e+00,-1.204341738000000023e-01,-3.996506377999999721e-02
8.045788499999999635e-03,1.290539273999999903e+00,-1.206444703000000007e-01,-3.900847954000000173e-02
8.450356100000000481e-03,1.276962885000000103e+00,-1.205197420999999935e-01,-3.793181023000000152e-02
8.857605200000000234e-03,1.260711447000000041e+00,-1.203835575000000019e-01,-3.711610028000000144e-02
9.266209500000000682e-03,1.243873298000000016e+00,-1.195149499999999948e-01,-3.629255467999999846e-02
9.674134500000000636e-03,1.227545109000000023e+00,-1.178862234000000037e-01,-3.525331165000000072e-02
1.008003300000000040e-02,1.211271699999999951e+00,-1.157349042999999966e-01,-3.412625064000000125e-02
1.048292800000000073e-02,1.196929018000000067e+00,-1.137495139000000016e-01,-3.310556684000000305e-02
1.088253399999999926e-02,1.185213633000000044e+00,-1.111580773000000050e-01,-3.200181424000000246e-02
1.127890099999999916e-02,1.177792074999999938e+00,-1.081199870999999951e-01,-3.107300395000000062e-02
1.167207999999999961e-02,1.172936527000000062e+00,-1.050602511999999961e-01,-2.999478692999999960e-02
1.206180700000000078e-02,1.167021343999999905e+00,-1.030151053000000066e-01,-2.889433802000000023e-02
1.244722399999999979e-02,1.162888839999999924e+00,-1.010001492000000001e-01,-2.785079348000000024e-02
1.282872099999999953e-02,1.158187397000000063e+00,-9.909444725999999593e-02,-2.701542628000000099e-02
1.320725300000000040e-02,1.155891897999999918e+00,-9.737598510000000651e-02,-2.641272612000000047e-02
1.358315499999999953e-02,1.155683140999999914e+00,-9.675288181999999737e-02,-2.596654073999999854e-02
1.395703400000000011e-02,1.156299906000000099e+00,-9.702684878999999485e-02,-2.592106798000000031e-02
1.432976700000000020e-02,1.157986320000000013e+00,-9.756453584999999484e-02,-2.622118270999999889e-02
1.470050699999999981e-02,1.159740639000000018e+00,-9.794472133999999885e-02,-2.662165278999999857e-02
1.506899599999999943e-02,1.163862345000000076e+00,-9.912646869999999777e-02,-2.697672362000000032e-02
1.543525800000000031e-02,1.166258682999999907e+00,-1.010605130000000046e-01,-2.725990434999999920e-02
1.579986699999999869e-02,1.169734312999999970e+00,-1.031210875999999943e-01,-2.734339393000000118e-02
1.616338000000000150e-02,1.171121671000000086e+00,-1.043361990000000045e-01,-2.735292022000000017e-02
1.652580500000000105e-02,1.170191559999999908e+00,-1.055621853999999943e-01,-2.722316948000000000e-02
1.688741599999999884e-02,1.167296977999999985e+00,-1.063060403000000015e-01,-2.692174196999999949e-02
1.724848600000000037e-02,1.161811796000000063e+00,-1.066617802000000004e-01,-2.640347543000000005e-02
1.760928700000000124e-02,1.155762414000000016e+00,-1.071953813000000033e-01,-2.591762589000000047e-02
1.796954900000000133e-02,1.150547189999999942e+00,-1.076869245999999974e-01,-2.541523516000000066e-02
1.832927300000000009e-02,1.144471194000000080e+00,-1.072962699999999991e-01,-2.523810465999999988e-02
1.868819400000000172e-02,1.139588226000000093e+00,-1.064677514000000047e-01,-2.516633975999999981e-02
1.904604600000000050e-02,1.134603829000000008e+00,-1.063567965000000032e-01,-2.543064844999999921e-02
1.940310199999999846e-02,1.129180560000000000e+00,-1.064175078999999996e-01,-2.595637551000000084e-02
1.975910000000000166e-02,1.124115353000000095e+00,-1.062829782999999972e-01,-2.653213597999999965e-02
2.011430700000000141e-02,1.119218159000000101e+00,-1.063632872999999979e-01,-2.720536817000000079e-02
2.046898999999999941e-02,1.111315706000000070e+00,-1.064276068999999991e-01,-2.766090762999999855e-02
2.082341100000000000e-02,1.104319134000000036e+00,-1.064218135999999981e-01,-2.791059662999999941e-02
2.117809299999999853e-02,1.097411455000000036e+00,-1.054876049999999982e-01,-2.811923688999999962e-02
2.153330300000000017e-02,1.089556315999999914e+00,-1.041210263999999969e-01,-2.819344882000000135e-02
2.188957000000000055e-02,1.080930887000000062e+00,-1.026969447999999951e-01,-2.818824241000000147e-02
2.224716900000000067e-02,1.075405828999999924e+00,-1.011087626999999933e-01,-2.840373846000000119e-02
2.260665200000000138e-02,1.070852995000000085e+00,-9.961065175000000105e-02,-2.866768687000000038e-02
2.296858800000000159e-02,1.066825705000000069e+00,-9.781977181999999826e-02,-2.861174971999999941e-02
2.333357000000000139e-02,1.063005972000000021e+00,-9.536687967000000155e-02,-2.833175823000000024e-02
2.370193599999999984e-02,1.059735847000000009e+00,-9.217442623999999585e-02,-2.785287784000000169e-02
2.407433499999999879e-02,1.057512720000000073e+00,-8.880463030000000646e-02,-2.734752896999999988e-02
2.445115700000000114e-02,1.056237314999999954e+00,-8.529073907999999704e-02,-2.695408430000000022e-02
2.483281700000000008e-02,1.057325467999999935e+00,-8.205629206999999481e-02,-2.678935941000000140e-02
2.521819200000000039e-02,1.059578640000000016e+00,-7.904364591000000162e-02,-2.672840967999999887e-02
2.560294200000000006e-02,1.062458789999999986e+00,-7.596321043999999800e-02,-2.665819096999999874e-02
2.598738100000000037e-02,1.066523974000000097e+00,-7.342753642999999553e-02,-2.662410964000000088e-02
2.637181900000000120e-02,1.072425216000000070e+00,-7.070071595000000653e-02,-2.663480534000000136e-02
2.675688299999999867e-02,1.076901150999999945e+00,-6.765952908000000265e-02,-2.658284605000000092e-02
2.714320400000000064e-02,1.081924965000000016e+00,-6.532971721999999981e-02,-2.664609826000000070e-02
2.753110900000000152e-02,1.086161366000000017e+00,-6.267499315999999765e-02,-2.645062244000000173e-02
2.792157899999999845e-02,1.088382500999999891e+00,-5.954104830000000320e-02,-2.610241799000000140e-02
2.831497800000000106e-02,1.089445975000000066e+00,-5.668459657000000235e-02,-2.563490063999999957e-02
2.871235399999999896e-02,1.088469703999999982e+00,-5.347480326000000200e-02,-2.480841786000000104e-02
2.911413399999999985e-02,1.086333082999999977e+00,-4.993794733999999680e-02,-2.363962454999999838e-02
2.952077100000000121e-02,1.083000583000000017e+00,-4.623076834999999968e-02,-2.245894203999999894e-02
2.993310999999999888e-02,1.077898991000000084e+00,-4.274280881999999865e-02,-2.150696427000000147e-02
3.034909800000000143e-02,1.072337356000000019e+00,-4.003669859999999664e-02,-2.111040781999999963e-02
3.076730899999999963e-02,1.068310912000000057e+00,-3.804099720999999656e-02,-2.100449618999999934e-02
3.118814599999999992e-02,1.063987843999999905e+00,-3.754055991000000009e-02,-2.126856470999999998e-02
3.161241000000000051e-02,1.061165386000000099e+00,-3.787696732999999705e-02,-2.162204318000000153e-02
3.204016099999999756e-02,1.059147671999999929e+00,-3.863681277000000081e-02,-2.219789701999999934e-02
3.247146100000000007e-02,1.057223518999999889e+00,-4.047161356000000126e-02,-2.274436822999999913e-02
3.290637099999999676e-02,1.057223698000000045e+00,-4.250525800999999798e-02,-2.348355327999999964e-02
3.334454500000000321e-02,1.058097365000000067e+00,-4.426962759999999997e-02,-2.421004231999999978e-02
3.378561800000000337e-02,1.060542555000000053e+00,-4.654183011000000147e-02,-2.492219313999999991e-02
3.422921000000000297e-02,1.064253695000000111e+00,-4.905365134999999793e-02,-2.566665267000000153e-02
3.466655300000000273e-02,1.066804902999999971e+00,-5.216675988000000347e-02,-2.633037180999999935e-02
3.509582700000000305e-02,1.069010950000000015e+00,-5.532227731000000093e-02,-2.657717947000000011e-02
3.551617499999999705e-02,1.070053646999999941e+00,-5.857342760999999925e-02,-2.675728278999999973e-02
3.592795099999999964e-02,1.069692233999999909e+00,-6.200460433999999826e-02,-2.664255000999999831e-02
3.633079100000000117e-02,1.069326846000000053e+00,-6.474427752000000424e-02,-2.633849690999999840e-02
3.672506799999999960e-02,1.067147370999999900e+00,-6.730672354000000190e-02,-2.571277539000000126e-02
3.711112999999999912e-02,1.064371444000000055e+00,-6.967343284999999442e-02,-2.532612275999999996e-02
3.748992699999999928e-02,1.063099785999999991e+00,-7.182060472000000029e-02,-2.522257350999999870e-02
3.786171900000000201e-02,1.060859379000000047e+00,-7.318956779000000690e-02,-2.505214835999999834e-02
3.822762400000000171e-02,1.058226818000000069e+00,-7.455891229000000120e-02,-2.481265435999999852e-02
3.858810299999999860e-02,1.055091540000000050e+00,-7.619175552000000129e-02,-2.453939337999999984e-02
3.894413000000000041e-02,1.052441677000000020e+00,-7.772297039000000685e-02,-2.422774519000000029e-02
3.929635000000000072e-02,1.048614651000000064e+00,-7.846329771000000453e-02,-2.402205581000000159e-02
3.964563299999999957e-02,1.045490825999999984e+00,-7.894422536999999573e-02,-2.400133993000000063e-02
3.999228500000000242e-02,1.043871298000000003e+00,-7.935304884999999642e-02,-2.405348603999999876e-02
4.033686000000000216e-02,1.041999761000000024e+00,-7.916489038000000533e-02,-2.405374360000000003e-02
4.067989200000000222e-02,1.039128322999999909e+00,-7.893962391000000633e-02,-2.394099321000000072e-02
4.102164800000000083e-02,1.037096873000000086e+00,-7.830855934000000018e-02,-2.370084847000000078e-02
4.136238899999999941e-02,1.034160355999999892e+00,-7.727804571999999372e-02,-2.351246469999999922e-02
4.170262500000000011e-02,1.033433188999999919e+00,-7.657471497999999988e-02,-2.333553009000000067e-02
4.204260800000000214e-02,1.031761753999999920e+00,-7.560756714999999906e-02,-2.310989005999999901e-02
4.238259199999999671e-02,1.031874316999999985e+00,-7.475660636000000525e-02,-2.303148056000000124e-02
4.272308100000000303e-02,1.030879883999999969e+00,-7.370870354000000346e-02,-2.304604761999999932e-02
4.306484199999999901e-02,1.030576120999999956e+00,-7.209167058000000294e-02,-2.312848153000000156e-02
4.340814400000000267e-02,1.029903648999999977e+00,-7.034139600000000048e-02,-2.333047414000000153e-02
4.375352400000000197e-02,1.029058334999999991e+00,-6.861699344999999672e-02,-2.345172516999999984e-02
4.410180400000000139e-02,1.028248902000000076e+00,-6.656815615000000186e-02,-2.342321698000000146e-02
4.445303500000000185e-02,1.029420283000000103e+00,-6.487111748000000400e-02,-2.332824114000000074e-02
4.480727100000000268e-02,1.031300319999999937e+00,-6.371500194000000172e-02,-2.325464921999999962e-02
4.516400500000000012e-02,1.035103552999999899e+00,-6.305623086000000654e-02,-2.310097055999999968e-02
4.552270800000000200e-02,1.039331639999999890e+00,-6.292931169000000324e-02,-2.307396499999999837e-02
4.587972099999999831e-02,1.044251920000000000e+00,-6.308237237000000053e-02,-2.299486087999999886e-02
4.623561500000000074e-02,1.050646465000000029e+00,-6.339163630999999910e-02,-2.299321521000000090e-02
4.659067299999999912e-02,1.059442838000000053e+00,-6.415224642000000310e-02,-2.298368606000000119e-02
4.694545299999999810e-02,1.066727289999999995e+00,-6.509820288999999816e-02,-2.294758133999999852e-02
4.730023399999999656e-02,1.074471968000000111e+00,-6.640888945999999515e-02,-2.292138927999999923e-02
4.765557100000000074e-02,1.082835927000000087e+00,-6.827268683999999921e-02,-2.293520753000000134e-02
4.801174799999999993e-02,1.090381199000000079e+00,-7.042123589000000294e-02,-2.303147223999999979e-02
4.836876799999999949e-02,1.095335603000000102e+00,-7.284410088999999922e-02,-2.322783208000000002e-02
4.872578899999999852e-02,1.098813373000000038e+00,-7.583789804000000412e-02,-2.356764972000000014e-02
4.908224600000000298e-02,1.100562875999999912e+00,-7.907751320000000472e-02,-2.386974764000000110e-02
4.943870300000000051e-02,1.101543444000000038e+00,-8.207882962000000171e-02,-2.428245051999999848e-02
4.979515899999999856e-02,1.100487393000000091e+00,-8.500663740000000135e-02,-2.467844257000000041e-02
5.015189800000000031e-02,1.098179758999999978e+00,-8.803499386999999454e-02,-2.499817376999999979e-02
5.050920400000000199e-02,1.096142315999999894e+00,-9.111202878999999366e-02,-2.557101370999999984e-02
5.086736399999999825e-02,1.094379956999999903e+00,-9.437711833999999633e-02,-2.623089660999999850e-02
5.122667000000000193e-02,1.090944324999999937e+00,-9.709883225000000284e-02,-2.701275779000000127e-02
5.158742100000000136e-02,1.086656043999999932e+00,-9.970599199000000634e-02,-2.770754211000000036e-02
5.194992100000000307e-02,1.082697980999999920e+00,-1.017427365999999944e-01,-2.838633817000000073e-02
5.231478199999999718e-02,1.077710860999999909e+00,-1.033593381999999977e-01,-2.892073733000000146e-02
5.268234000000000111e-02,1.071545466999999974e+00,-1.043942375000000006e-01,-2.931216102000000143e-02
5.305202400000000318e-02,1.066461533000000017e+00,-1.043742084000000014e-01,-2.972187442999999971e-02
5.342386100000000304e-02,1.061238993999999991e+00,-1.038009441999999949e-01,-3.014991146000000136e-02
5.379787800000000036e-02,1.056734591999999973e+00,-1.029313099999999981e-01,-3.065751586999999889e-02
5.417410200000000176e-02,1.052051759000000031e+00,-1.012190438999999997e-01,-3.111598918999999852e-02
5.455288400000000287e-02,1.047719252999999906e+00,-9.947411187999999349e-02,-3.146696169000000320e-02
5.493425999999999865e-02,1.045802370999999953e+00,-9.743204634999999558e-02,-3.186586985999999982e-02
5.531793699999999758e-02,1.044649743999999991e+00,-9.536971868000000685e-02,-3.235684400000000266e-02
5.570361100000000010e-02,1.043862019000000085e+00,-9.335613310000000220e-02,-3.270941253000000243e-02
5.609096599999999905e-02,1.045004094000000050e+00,-9.129506782000000598e-02,-3.297951399000000061e-02
5.647933799999999699e-02,1.046773136999999965e+00,-8.962526292000000394e-02,-3.315173236999999912e-02
5.686805000000000332e-02,1.049681507999999930e+00,-8.780129789000000462e-02,-3.316778615999999708e-02
5.725710400000000311e-02,1.051525657000000002e+00,-8.619620400999999932e-02,-3.304732418999999782e-02
5.764615700000000342e-02,1.054194196999999944e+00,-8.437637077000000041e-02,-3.276410119999999954e-02
5.803486900000000281e-02,1.056374358000000013e+00,-8.275720042999999693e-02,-3.246456687000000285e-02
5.842289800000000088e-02,1.059819070999999946e+00,-8.127968468000000557e-02,-3.217328855999999904e-02
5.880990700000000154e-02,1.062757243000000074e+00,-8.005276042999999453e-02,-3.188983377000000063e-02
5.919590000000000268e-02,1.064593026000000053e+00,-7.840918188999999872e-02,-3.158003206999999979e-02
5.958088200000000167e-02,1.064803406000000008e+00,-7.624332910999999380e-02,-3.119295792000000012e-02
5.996452199999999927e-02,1.064795434000000096e+00,-7.381712289000000315e-02,-3.098267296999999976e-02
6.034716200000000280e-02,1.062152941999999989e+00,-7.096115379999999584e-02,-3.064084820000000098e-02
6.072880499999999682e-02,1.058203271000000001e+00,-6.796444848999999566e-02,-3.019622553999999973e-02
6.110945599999999950e-02,1.054040169000000082e+00,-6.508913986000000595e-02,-2.984108196999999893e-02
6.148911900000000180e-02,1.050818317000000057e+00,-6.201422111999999737e-02,-2.955619489999999905e-02
6.186779800000000162e-02,1.046776817000000026e+00,-5.975993931000000287e-02,-2.936138170000000130e-02
6.224582399999999821e-02,1.043344794000000020e+00,-5.837986073999999748e-02,-2.941964731000000152e-02
6.262352399999999986e-02,1.039571041000000085e+00,-5.687157176000000314e-02,-2.938545749999999998e-02
6.300057300000000415e-02,1.034971198000000037e+00,-5.560545939000000049e-02,-2.935167656000000139e-02
6.337375800000000226e-02,1.031472128999999960e+00,-5.435129308000000159e-02,-2.923202140999999962e-02
6.374377999999999989e-02,1.029452567999999957e+00,-5.306355506999999722e-02,-2.904339716000000141e-02
6.411068999999999796e-02,1.027949696999999940e+00,-5.180995342999999975e-02,-2.886060784000000004e-02
6.447484200000000443e-02,1.024833254000000027e+00,-5.078722211000000208e-02,-2.860262762999999861e-02
6.483657399999999404e-02,1.022595952000000086e+00,-4.942198174000000249e-02,-2.829225150000000064e-02
6.519650999999999919e-02,1.022626089999999932e+00,-4.842819604000000305e-02,-2.797151783000000058e-02
6.555466799999999650e-02,1.023479974000000015e+00,-4.781308354000000232e-02,-2.773271012000000021e-02
6.591194200000000114e-02,1.023621267000000001e+00,-4.724782606999999857e-02,-2.745386769999999879e-02
6.626804399999999817e-02,1.023437833000000019e+00,-4.702102686000000226e-02,-2.706938256000000070e-02
6.662356199999999729e-02,1.024719442999999952e+00,-4.726831340999999853e-02,-2.681984568999999999e-02
6.697849699999999795e-02,1.026277268000000076e+00,-4.759988466000000112e-02,-2.657194728000000089e-02
6.733314199999999861e-02,1.029644221999999942e+00,-4.752356963999999906e-02,-2.637382795999999863e-02
6.768749699999999925e-02,1.033572442000000091e+00,-4.723109777000000092e-02,-2.616182598000000095e-02
6.804214199999999990e-02,1.037532469000000068e+00,-4.732057640000000148e-02,-2.581097824000000082e-02
6.839737099999999848e-02,1.040961699999999990e+00,-4.729511471000000244e-02,-2.543852154999999907e-02
6.875377200000000466e-02,1.044314599000000010e+00,-4.748409962999999845e-02,-2.505032350999999990e-02
6.911135599999999879e-02,1.046511025999999900e+00,-4.808696183999999763e-02,-2.469112480999999942e-02
6.947072999999999443e-02,1.050156242999999989e+00,-4.916779545999999668e-02,-2.437309390000000006e-02
6.983191199999999599e-02,1.052995472999999960e+00,-5.137215869000000268e-02,-2.416891796999999856e-02
7.019492300000000629e-02,1.055332850000000100e+00,-5.421565234999999733e-02,-2.379669079999999909e-02
7.055978300000000092e-02,1.056280498000000012e+00,-5.707467733999999765e-02,-2.355790334999999930e-02
7.092588700000000690e-02,1.056440725999999941e+00,-6.082080841999999710e-02,-2.333455829999999884e-02
7.129324500000000508e-02,1.057984108999999950e+00,-6.455218161999999593e-02,-2.314091659000000120e-02
7.166123400000000421e-02,1.061639449000000068e+00,-6.827606123000000415e-02,-2.310551640999999878e-02
7.202985600000000321e-02,1.065033144000000043e+00,-7.198261575999999329e-02,-2.318627252999999958e-02
7.239911400000000052e-02,1.067138069999999939e+00,-7.522181676000000428e-02,-2.330116791000000007e-02
7.276869099999999646e-02,1.068200452999999994e+00,-7.866581200000000162e-02,-2.343075506999999988e-02
7.313890900000000195e-02,1.069307471999999981e+00,-8.133688584999999860e-02,-2.364633346999999927e-02
7.350977000000000205e-02,1.071431016000000014e+00,-8.333088162000000521e-02,-2.402510407000000084e-02
7.388192600000000054e-02,1.073419737000000040e+00,-8.458648749000000078e-02,-2.443634438999999978e-02
7.425571300000000097e-02,1.075226454000000054e+00,-8.518147999000000303e-02,-2.468108081999999953e-02
7.463181300000000518e-02,1.074758201000000080e+00,-8.517784737000000383e-02,-2.486641747999999985e-02
7.501025399999999843e-02,1.075340595999999982e+00,-8.443437635999999358e-02,-2.485423485000000030e-02
7.539209600000000566e-02,1.075076836000000036e+00,-8.336378064999999671e-02,-2.475453520000000032e-02
7.577740199999999371e-02,1.072942505000000102e+00,-8.137289954000000158e-02,-2.470126402999999957e-02
7.616376199999999597e-02,1.069715084000000038e+00,-7.916727236999999973e-02,-2.465259021999999939e-02
7.654976900000000362e-02,1.065334543999999939e+00,-7.634891904000000451e-02,-2.437917426000000068e-02
7.693577699999999686e-02,1.060256104999999893e+00,-7.361673675999999555e-02,-2.403518878000000109e-02
7.732143199999999550e-02,1.055741102999999903e+00,-7.148420919999999568e-02,-2.381255411999999919e-02
7.770708799999999361e-02,1.052069377000000028e+00,-6.959949991000000113e-02,-2.381102233000000068e-02
7.809239199999999659e-02,1.048128186000000017e+00,-6.819536928000000109e-02,-2.375151837999999946e-02
7.847629300000000252e-02,1.044228552999999948e+00,-6.769842152999999696e-02,-2.362769433000000072e-02
7.885741799999999857e-02,1.042322986000000062e+00,-6.784801612999999398e-02,-2.367673604000000015e-02
7.923614299999999500e-02,1.041910322000000111e+00,-6.824326077999999518e-02,-2.380793138000000114e-02
7.961216100000000073e-02,1.041027146000000014e+00,-6.893362337000000228e-02,-2.386996745999999878e-02
7.998617099999999480e-02,1.038716120999999992e+00,-6.987213189999999519e-02,-2.391514243999999859e-02
8.035819399999999391e-02,1.035835596000000081e+00,-7.053435181999999359e-02,-2.406463409999999928e-02
8.072857499999999686e-02,1.032563694999999893e+00,-7.101759553000000502e-02,-2.422020780000000081e-02
8.109797700000000165e-02,1.029732040000000071e+00,-7.157732292000000551e-02,-2.442889384000000025e-02
8.146672900000000161e-02,1.026552295999999975e+00,-7.208321235999999577e-02,-2.459344555999999973e-02
8.183515600000000612e-02,1.023717576999999990e+00,-7.175349012999999998e-02,-2.465453402000000044e-02
8.220358299999999674e-02,1.019651190000000041e+00,-7.143218301999999797e-02,-2.458101855000000002e-02
8.257201100000000071e-02,1.015486303000000090e+00,-7.084541799000000639e-02,-2.462585860999999890e-02
8.294076300000000068e-02,1.011074350999999982e+00,-7.003814831999999324e-02,-2.467915287999999929e-02
8.331016900000000336e-02,1.006130337000000097e+00,-6.960100397000000549e-02,-2.455506675000000000e-02
8.368056000000000105e-02,1.001320160999999986e+00,-6.941774324999999690e-02,-2.431719179999999869e-02
8.405194200000000448e-02,9.966730658000000354e-01,-6.923456976000000318e-02,-2.403202780000000122e-02
8.442465600000000070e-02,9.928933519000000540e-01,-6.960516471000000038e-02,-2.373080555999999841e-02
8.479904800000000187e-02,9.887785280999999982e-01,-6.960255305000000170e-02,-2.342946574999999962e-02
8.517513599999999852e-02,9.851398966000000090e-01,-6.908870032000000161e-02,-2.305353289999999972e-02
8.555327999999999544e-02,9.825864570000000242e-01,-6.801193957999999984e-02,-2.263214150000000119e-02
8.593385600000000291e-02,9.817816779000000382e-01,-6.664515712000000647e-02,-2.220698298000000140e-02
8.631689600000000406e-02,9.831816555000000291e-01,-6.484735359000000365e-02,-2.184571473000000014e-02
8.670064600000000621e-02,9.861066250000000144e-01,-6.319977963999999504e-02,-2.145711386999999901e-02
8.708546899999999868e-02,9.890335341999999530e-01,-6.186724848999999860e-02,-2.117398296000000055e-02
8.747209300000000076e-02,9.925823068000000360e-01,-6.012806799999999979e-02,-2.103652626000000053e-02
8.786090300000000408e-02,9.960657298999999743e-01,-5.829840382999999793e-02,-2.103672503000000166e-02
8.825192699999999391e-02,9.993991531999999456e-01,-5.642151197999999840e-02,-2.096567510999999828e-02
8.864519199999999766e-02,1.002501007000000000e+00,-5.417987127999999986e-02,-2.080619556000000078e-02
8.904072500000000112e-02,1.004845734999999962e+00,-5.175602694999999892e-02,-2.067724145000000152e-02
8.943817199999999634e-02,1.004952367000000013e+00,-4.956419395000000172e-02,-2.064362733000000075e-02
8.983794000000000501e-02,1.004307512000000013e+00,-4.811759941999999707e-02,-2.064267697999999998e-02
9.023966499999999669e-02,1.003769418000000080e+00,-4.690840350000000103e-02,-2.065262073000000143e-02
9.064297300000000168e-02,1.003336494000000023e+00,-4.624792169999999980e-02,-2.064583307000000117e-02
9.104234599999999622e-02,1.003847987999999969e+00,-4.589650918000000301e-02,-2.058664316999999841e-02
9.143747400000000469e-02,1.004566030999999970e+00,-4.589031444999999709e-02,-2.053666732000000023e-02
9.182844299999999571e-02,1.006170656999999968e+00,-4.591654266999999762e-02,-2.042954100999999981e-02
9.221533499999999550e-02,1.008345387000000093e+00,-4.649812812999999656e-02,-2.041418361000000084e-02
9.259859099999999399e-02,1.013206056000000022e+00,-4.774034935000000257e-02,-2.050178929999999997e-02
9.297827599999999859e-02,1.017109795000000094e+00,-4.893090064999999766e-02,-2.047867554000000131e-02
9.335479900000000220e-02,1.021300125000000003e+00,-4.973148155999999875e-02,-2.042050987999999984e-02
9.372855400000000559e-02,1.025364514000000060e+00,-5.064755947999999980e-02,-2.038982443000000172e-02
9.409991700000000514e-02,1.030404533000000011e+00,-5.139101565999999732e-02,-2.048536365999999859e-02
9.446925300000000303e-02,1.035202677000000016e+00,-5.184620853000000001e-02,-2.064994795000000063e-02
9.483724799999999899e-02,1.037509648999999978e+00,-5.203675162000000187e-02,-2.074571991000000171e-02
9.520391100000000217e-02,1.038576273999999966e+00,-5.228202241999999750e-02,-2.090380039999999856e-02
9.556991200000000686e-02,1.041175192000000083e+00,-5.322643628999999821e-02,-2.121002477999999955e-02
9.593558100000000588e-02,1.043730245999999973e+00,-5.412191606999999793e-02,-2.142807860000000078e-02
9.630158099999999721e-02,1.046316124000000070e+00,-5.453668106000000154e-02,-2.169578819999999977e-02
9.666858000000000395e-02,1.048069576000000058e+00,-5.461802732999999910e-02,-2.194531502999999897e-02
9.703691899999999926e-02,1.047890254999999993e+00,-5.464753555000000096e-02,-2.217137242999999910e-02
9.740728899999999413e-02,1.047249821999999941e+00,-5.464465914000000285e-02,-2.226327712000000097e-02
9.777937100000000381e-02,1.047679760999999932e+00,-5.543501398000000302e-02,-2.253447270999999960e-02
9.815318200000000548e-02,1.047581566000000075e+00,-5.660529680000000313e-02,-2.274798831999999896e-02
9.852838899999999400e-02,1.046432723999999981e+00,-5.787389552000000298e-02,-2.296542724999999993e-02
9.890465099999999621e-02,1.044285102999999992e+00,-5.900780356000000226e-02,-2.307751548999999874e-02
9.928126700000000637e-02,1.042093718000000058e+00,-5.968969962000000157e-02,-2.313406729999999828e-02
9.965788200000000319e-02,1.038435572000000029e+00,-5.981744238000000213e-02,-2.328690683999999969e-02
1.000341399999999936e-01,1.034869524000000096e+00,-5.979720859999999860e-02,-2.345544185000000142e-02
1.004093499999999944e-01,1.033132465000000000e+00,-5.887802018999999804e-02,-2.361026916999999989e-02
1.007834900000000034e-01,1.031662268000000049e+00,-5.763882550999999826e-02,-2.376982278000000157e-02
1.011562500000000031e-01,1.030045929999999998e+00,-5.669809615000000191e-02,-2.404591681999999897e-02
1.015283000000000019e-01,1.029479223000000054e+00,-5.609486328999999799e-02,-2.456618241000000161e-02
1.018993200000000016e-01,1.029230953999999976e+00,-5.617615880000000061e-02,-2.534283151000000026e-02
1.022699900000000051e-01,1.029457244999999910e+00,-5.707632767999999690e-02,-2.631603383999999921e-02
1.026403099999999985e-01,1.030674423000000006e+00,-5.802257440999999960e-02,-2.728085716999999882e-02
1.030106400000000005e-01,1.032336898999999919e+00,-5.986048162000000283e-02,-2.802670780999999903e-02
1.033813100000000040e-01,1.033935920000000008e+00,-6.156050770000000283e-02,-2.875262490999999990e-02
1.037523300000000037e-01,1.036086287999999911e+00,-6.349719415000000533e-02,-2.940416845000000043e-02
1.041236999999999996e-01,1.037994615999999981e+00,-6.529367472000000006e-02,-2.982545539999999912e-02
1.044957599999999931e-01,1.039415674000000012e+00,-6.736100629999999811e-02,-2.995308401999999953e-02
1.048685300000000015e-01,1.038452463000000048e+00,-6.915611055999999757e-02,-2.978626813999999887e-02
1.052423499999999984e-01,1.035541202000000105e+00,-7.073060736000000293e-02,-2.930492298999999926e-02
1.056179500000000021e-01,1.032650783000000017e+00,-7.148597701000000693e-02,-2.896117959000000033e-02
1.059953500000000021e-01,1.031173400999999989e+00,-7.228552560999999821e-02,-2.848005064000000072e-02
1.063745700000000016e-01,1.030143006999999944e+00,-7.262751099000000488e-02,-2.794666615000000048e-02
1.067559899999999951e-01,1.029985147000000101e+00,-7.306131617000000134e-02,-2.748124876000000022e-02
1.071396399999999943e-01,1.030700109999999947e+00,-7.384807334000000056e-02,-2.708581859000000133e-02
1.075259300000000057e-01,1.032047788000000077e+00,-7.464622143999999349e-02,-2.662623677999999966e-02
1.079149100000000028e-01,1.034840691999999951e+00,-7.568925462999999410e-02,-2.620171875999999928e-02
1.083066000000000029e-01,1.036531040999999931e+00,-7.645008557999999343e-02,-2.573374511999999836e-02
1.086990800000000035e-01,1.036719476999999889e+00,-7.739866760999999928e-02,-2.512167593000000018e-02
1.090907700000000036e-01,1.036845001000000099e+00,-7.780390598000000435e-02,-2.440900463999999895e-02
1.094816799999999979e-01,1.036500216999999946e+00,-7.812259887000000402e-02,-2.377027762999999946e-02
1.098718100000000003e-01,1.036369765000000109e+00,-7.815677440000000364e-02,-2.328340479000000005e-02
1.102615499999999998e-01,1.035773301999999951e+00,-7.854947014999999477e-02,-2.284375900999999903e-02
1.106508999999999965e-01,1.035215771000000062e+00,-7.930710229000000056e-02,-2.240365936000000141e-02
1.110402399999999984e-01,1.035575482000000047e+00,-7.985402481999999413e-02,-2.208316667000000122e-02
1.114295899999999950e-01,1.036684466000000082e+00,-7.979305491999999500e-02,-2.180336995999999916e-02
1.118189400000000056e-01,1.037225596999999944e+00,-7.976134483999999802e-02,-2.163574198000000129e-02
1.122086800000000051e-01,1.038069294000000031e+00,-7.938187793999999797e-02,-2.146991071000000154e-02
1.125992100000000051e-01,1.040593233000000062e+00,-7.882310710999999859e-02,-2.150121186000000101e-02
1.129901299999999942e-01,1.043664654999999941e+00,-7.785572225999999596e-02,-2.167064127999999978e-02
1.133814400000000000e-01,1.045566108000000050e+00,-7.645231030999999344e-02,-2.186606090000000127e-02
1.137731500000000034e-01,1.046648143000000086e+00,-7.497777396999999455e-02,-2.203623656999999930e-02
1.141652600000000045e-01,1.048157054000000032e+00,-7.270051084999999691e-02,-2.215896487999999970e-02
1.145573700000000056e-01,1.048399061000000021e+00,-7.020554454999999860e-02,-2.220977718000000101e-02
1.149486799999999975e-01,1.048028351999999996e+00,-6.746788513000000209e-02,-2.214299642999999901e-02
1.153396000000000005e-01,1.047385634999999926e+00,-6.533440034000000118e-02,-2.210743634999999888e-02
1.157297199999999943e-01,1.045284652000000092e+00,-6.333620116999999494e-02,-2.198322487000000172e-02
1.161194400000000043e-01,1.041346660999999951e+00,-6.177967619000000049e-02,-2.169888194999999853e-02
1.165087800000000062e-01,1.036092782999999962e+00,-6.042038512000000305e-02,-2.120942015999999902e-02
1.168977100000000019e-01,1.029902974000000082e+00,-5.927153238999999935e-02,-2.050508196999999838e-02
1.172858600000000057e-01,1.021696893999999967e+00,-5.834310667999999950e-02,-1.973224202999999954e-02
1.176728300000000060e-01,1.014082718999999910e+00,-5.844102236999999811e-02,-1.903033096000000118e-02
1.180590200000000006e-01,1.006978957000000063e+00,-5.897321887000000346e-02,-1.841697298000000149e-02
1.184444300000000033e-01,1.001067410999999963e+00,-5.913534067000000144e-02,-1.793590004999999835e-02
1.188294500000000031e-01,9.968537276000000169e-01,-5.895744821999999996e-02,-1.758614541000000017e-02
1.192098600000000008e-01,9.938695786000000254e-01,-5.841244159999999658e-02,-1.735350226000000051e-02
1.195861399999999936e-01,9.910347938000000356e-01,-5.775787360000000231e-02,-1.717345548999999957e-02
1.199583600000000000e-01,9.894746436000000367e-01,-5.725800898999999777e-02,-1.709984793999999933e-02
1.203269700000000053e-01,9.887387692000000339e-01,-5.723249683000000004e-02,-1.725615029000000106e-02
1.206924000000000052e-01,9.873094568000000404e-01,-5.709139478999999961e-02,-1.763764472000000152e-02
1.210553699999999955e-01,9.869929844000000507e-01,-5.646741783999999903e-02,-1.822364820000000121e-02
1.214162700000000067e-01,9.864550407000000076e-01,-5.602316645000000178e-02,-1.886981752999999928e-02
1.217754600000000020e-01,9.868350424999999815e-01,-5.562825116999999681e-02,-1.967928098999999903e-02
1.221332900000000055e-01,9.865807008000000433e-01,-5.494694736999999884e-02,-2.045123546999999889e-02
1.224901000000000045e-01,9.877293853999999929e-01,-5.430437285999999836e-02,-2.137058979999999914e-02
1.228462399999999954e-01,9.897181855000000139e-01,-5.388591925999999810e-02,-2.236365906999999986e-02
1.232027200000000017e-01,9.915742751999999660e-01,-5.414553219999999889e-02,-2.315960561999999903e-02
1.235602100000000036e-01,9.934927168999999614e-01,-5.430509048999999921e-02,-2.401407167000000134e-02
1.239190700000000062e-01,9.947271122999999937e-01,-5.462227825999999703e-02,-2.468396590000000029e-02
1.242796399999999968e-01,9.942429730999999826e-01,-5.547943409000000159e-02,-2.520492905999999894e-02
1.246423100000000062e-01,9.923412788000000040e-01,-5.640954343000000037e-02,-2.532141937000000065e-02
1.250070899999999874e-01,9.895703976999999929e-01,-5.758986500999999786e-02,-2.527631286000000047e-02
1.253736500000000031e-01,9.877044114999999902e-01,-5.868969409000000109e-02,-2.519551361999999850e-02
1.257416500000000104e-01,9.869602235000000112e-01,-5.968625696999999702e-02,-2.492418588000000143e-02
1.261111099999999985e-01,9.874573670999999830e-01,-6.055616375999999662e-02,-2.448838534999999914e-02
1.264816599999999958e-01,9.898684087000000353e-01,-6.119407327999999702e-02,-2.394468182000000084e-02
1.268533199999999916e-01,9.923701860000000430e-01,-6.177445062999999820e-02,-2.341202235999999964e-02
1.272257199999999866e-01,9.959622706999999853e-01,-6.234249853999999924e-02,-2.295273127999999940e-02
1.275985000000000036e-01,9.993876883000000211e-01,-6.256078556999999929e-02,-2.253244828999999977e-02
1.279716499999999924e-01,1.002435699999999930e+00,-6.277726477999999444e-02,-2.229278364000000096e-02
1.283451700000000084e-01,1.003590876999999937e+00,-6.319515120999999458e-02,-2.198265287999999831e-02
1.287190699999999910e-01,1.003046883999999972e+00,-6.380511346999999389e-02,-2.161579456999999926e-02
1.290933400000000009e-01,9.998517922999999863e-01,-6.492465978000000471e-02,-2.128670062000000140e-02
1.294679900000000050e-01,9.960406907000000087e-01,-6.638439793000000533e-02,-2.100055517000000080e-02
1.298434099999999924e-01,9.921774780000000016e-01,-6.786186682000000525e-02,-2.076232457000000073e-02
1.302192000000000072e-01,9.873356680000000551e-01,-6.909337106000000561e-02,-2.063594682000000069e-02
1.305957600000000052e-01,9.831974353000000333e-01,-7.038764990000000166e-02,-2.054504922000000011e-02
1.309730899999999865e-01,9.815491350999999698e-01,-7.200757614000000140e-02,-2.059631908000000150e-02
1.313511900000000066e-01,9.806376793000000092e-01,-7.356645926999999530e-02,-2.068726232000000012e-02
1.317300700000000047e-01,9.812571252999999771e-01,-7.515797069000000608e-02,-2.085864218999999853e-02
1.321101199999999976e-01,9.836833640000000045e-01,-7.641947724000000552e-02,-2.104423057999999999e-02
1.324917499999999915e-01,9.869992417999999823e-01,-7.692300750000000131e-02,-2.113970006999999970e-02
1.328749700000000089e-01,9.914691920000000547e-01,-7.694827741000000165e-02,-2.129953815999999917e-02
1.332597899999999891e-01,9.963059135999999816e-01,-7.674436011000000668e-02,-2.138963480000000139e-02
1.336462399999999995e-01,1.001320541999999980e+00,-7.612353620999999515e-02,-2.131287341999999960e-02
1.340347400000000133e-01,1.006499486999999915e+00,-7.499030565000000537e-02,-2.125149894999999942e-02
1.344249000000000138e-01,1.010390195000000046e+00,-7.317616188999999383e-02,-2.115313007000000148e-02
1.348167200000000010e-01,1.015048565999999930e+00,-7.073728109999999347e-02,-2.105826628999999880e-02
1.352093900000000126e-01,1.019532600000000011e+00,-6.839834394999999567e-02,-2.089816753000000096e-02
1.355999599999999916e-01,1.023154040000000098e+00,-6.650958777000000322e-02,-2.089399972000000050e-02
1.359888599999999892e-01,1.026211388999999974e+00,-6.512854321000000057e-02,-2.093852632999999852e-02
1.363761099999999948e-01,1.028624428999999951e+00,-6.411378550000000620e-02,-2.083075036000000060e-02
1.367621199999999870e-01,1.029681379999999979e+00,-6.366479024000000486e-02,-2.054860181000000077e-02
1.371473199999999892e-01,1.030199330999999940e+00,-6.381766911000000264e-02,-2.025039488000000137e-02
1.375312900000000005e-01,1.028325364999999936e+00,-6.384704064000000512e-02,-1.971520403999999990e-02
1.379136400000000040e-01,1.025199098999999947e+00,-6.451668950000000180e-02,-1.915223313999999885e-02
1.382939800000000108e-01,1.020982387000000102e+00,-6.581869989999999948e-02,-1.850790174999999982e-02
1.386727299999999941e-01,1.017354381999999946e+00,-6.722227500999999883e-02,-1.805953923000000114e-02
1.390499000000000041e-01,1.013845475000000107e+00,-6.929985121999999997e-02,-1.756527772999999862e-02
1.394251099999999910e-01,1.010638882000000072e+00,-7.147842946999999336e-02,-1.715530595000000144e-02
1.397991500000000109e-01,1.008474499999999940e+00,-7.352764549000000149e-02,-1.691031709000000161e-02
1.401720300000000030e-01,1.005273949000000000e+00,-7.531859481000000023e-02,-1.667874121000000043e-02
1.405441299999999893e-01,1.004797632999999912e+00,-7.665039228999999399e-02,-1.667855039000000136e-02
1.409162399999999982e-01,1.006316819000000029e+00,-7.766958565999999842e-02,-1.689874398999999944e-02
1.412887300000000013e-01,1.008860832999999957e+00,-7.890264834999999310e-02,-1.727157474000000012e-02
1.416612299999999991e-01,1.010870141000000055e+00,-7.996575276999999538e-02,-1.781076129000000105e-02
1.420333300000000132e-01,1.012596864000000041e+00,-8.094374537000000036e-02,-1.842894386999999884e-02
1.424050600000000000e-01,1.015741828999999985e+00,-8.161672866999999942e-02,-1.911323608999999923e-02
1.427763900000000030e-01,1.018821286999999964e+00,-8.162952229000000615e-02,-1.984238512000000010e-02
1.431469499999999950e-01,1.022263225000000109e+00,-8.128739207000000577e-02,-2.061481584000000172e-02
1.435167499999999985e-01,1.025106037000000025e+00,-8.089749696999999629e-02,-2.126890924000000155e-02
1.438865500000000019e-01,1.027453232999999910e+00,-7.989884832999999409e-02,-2.176368131999999872e-02
1.442563400000000107e-01,1.029621979000000076e+00,-7.855390975999999859e-02,-2.217558881000000065e-02
1.446265200000000084e-01,1.031809165000000084e+00,-7.719944920000000599e-02,-2.239990081999999882e-02
1.449970899999999951e-01,1.034194250999999953e+00,-7.614984567999999454e-02,-2.261669863000000114e-02
1.453684299999999929e-01,1.035728256000000069e+00,-7.546336541999999759e-02,-2.256377086999999948e-02
1.457401600000000075e-01,1.036792938999999913e+00,-7.537891933000000211e-02,-2.241287961999999939e-02
1.461076500000000056e-01,1.038297739999999969e+00,-7.565660134000000425e-02,-2.214507173000000023e-02
1.464713599999999949e-01,1.039736854999999904e+00,-7.620191728000000331e-02,-2.174965087999999880e-02
1.468317399999999884e-01,1.039614881000000102e+00,-7.641794413999999924e-02,-2.135338482999999885e-02
1.471888399999999875e-01,1.039351821999999981e+00,-7.683187571999999799e-02,-2.101077997000000072e-02
1.475430600000000037e-01,1.038676372000000070e+00,-7.731668801999999618e-02,-2.065158242999999907e-02
1.478948200000000102e-01,1.038121961999999954e+00,-7.805829281999999980e-02,-2.041150981999999975e-02
1.482441300000000017e-01,1.037391595000000111e+00,-7.857179425999999411e-02,-2.032674372999999923e-02
1.485913700000000004e-01,1.037653621000000026e+00,-7.934254383000000077e-02,-2.033187666000000129e-02
1.489369000000000109e-01,1.037748593999999969e+00,-8.004439541999999741e-02,-2.044492511000000137e-02
1.492810800000000104e-01,1.037205758999999894e+00,-8.057713618999999550e-02,-2.063388882999999882e-02
1.496242499999999864e-01,1.035387687000000057e+00,-8.091074860999999951e-02,-2.093732683999999927e-02
1.499667500000000098e-01,1.032960418999999908e+00,-8.118714225999999756e-02,-2.108134344000000063e-02
1.503089099999999900e-01,1.030801738000000078e+00,-8.169587375999999568e-02,-2.126463318999999991e-02
1.506510799999999928e-01,1.029055582000000024e+00,-8.183933581999999762e-02,-2.143293899000000072e-02
1.509935799999999884e-01,1.027226184000000098e+00,-8.191963233000000566e-02,-2.156396383999999861e-02
1.513370900000000074e-01,1.023492113000000092e+00,-8.148505454000000425e-02,-2.175213164999999921e-02
1.516816199999999892e-01,1.020477996000000109e+00,-8.086690460999999830e-02,-2.199331003999999840e-02
1.520278599999999869e-01,1.018103281999999998e+00,-8.009195241000000021e-02,-2.210778576999999911e-02
1.523758299999999899e-01,1.014968464000000070e+00,-7.941905060999999988e-02,-2.213895856999999884e-02
1.527252000000000054e-01,1.013547970999999936e+00,-7.860178019999999877e-02,-2.217044945000000086e-02
1.530759800000000004e-01,1.013760973999999981e+00,-7.812980437000000000e-02,-2.228872657000000035e-02
1.534274800000000050e-01,1.012746721000000072e+00,-7.730460705000000154e-02,-2.238618755999999960e-02
1.537796800000000019e-01,1.011521150000000091e+00,-7.640582648999999504e-02,-2.256482335999999977e-02
1.541326100000000032e-01,1.010406689999999941e+00,-7.558344627999999399e-02,-2.275006018000000005e-02
1.544859000000000093e-01,1.009488818999999982e+00,-7.435515407999999937e-02,-2.300014347999999875e-02
1.548395399999999977e-01,1.008737847999999993e+00,-7.290582382999999389e-02,-2.327531500999999864e-02
1.551931900000000086e-01,1.008951823000000081e+00,-7.142416132999999945e-02,-2.349583231999999994e-02
1.555468399999999918e-01,1.009561627999999933e+00,-6.968146173000000498e-02,-2.373460708999999835e-02
1.559012200000000070e-01,1.010431067000000072e+00,-6.832840257000000195e-02,-2.399579388000000132e-02
1.562563200000000041e-01,1.010974202000000099e+00,-6.726310882000000047e-02,-2.427598610000000073e-02
1.566125299999999998e-01,1.011275665000000101e+00,-6.645490947000000370e-02,-2.445074321000000050e-02
1.569702299999999884e-01,1.009978491000000034e+00,-6.638429664999999369e-02,-2.453863560000000069e-02
1.573290499999999981e-01,1.010036155999999963e+00,-6.664389468999999677e-02,-2.458591000999999984e-02
1.576897499999999896e-01,1.008498426000000059e+00,-6.736083975999999918e-02,-2.441870177999999961e-02
1.580523699999999976e-01,1.007944503000000047e+00,-6.873353011999999707e-02,-2.415480957999999873e-02
1.584169199999999889e-01,1.007940387000000104e+00,-7.094321070999999590e-02,-2.373940352000000059e-02
1.587842100000000090e-01,1.006966518999999893e+00,-7.373206978000000633e-02,-2.317128526000000049e-02
1.591542999999999985e-01,1.006655953000000103e+00,-7.656476085999999737e-02,-2.257344794999999876e-02
1.595276200000000089e-01,1.005691673999999924e+00,-7.978207330000000597e-02,-2.212952224999999856e-02
1.599042499999999978e-01,1.004108833999999950e+00,-8.273576327999999924e-02,-2.170178336000000083e-02
1.602838199999999935e-01,1.000922883999999957e+00,-8.491149399000000320e-02,-2.122077127000000091e-02
1.606663799999999975e-01,9.968485669000000104e-01,-8.660368794999999398e-02,-2.072229202999999881e-02
1.610519900000000060e-01,9.906833699999999521e-01,-8.799749782999999326e-02,-2.023807119000000168e-02
1.614406899999999978e-01,9.848095293999999944e-01,-8.916018374999999663e-02,-1.990507194000000132e-02
1.618325399999999969e-01,9.791035992000000077e-01,-8.985370685000000635e-02,-1.965694201000000099e-02
1.622275999999999996e-01,9.733840767000000449e-01,-9.029759269999999838e-02,-1.939939104999999914e-02
1.626259200000000071e-01,9.690536678000000181e-01,-9.032489275999999734e-02,-1.908929612000000164e-02
1.630280299999999905e-01,9.667511135999999894e-01,-8.886138825999999324e-02,-1.897483814999999935e-02
1.634296600000000044e-01,9.664318473999999881e-01,-8.679595726000000067e-02,-1.888993799000000112e-02
1.638274999999999870e-01,9.677246712999999501e-01,-8.427865182999999538e-02,-1.893807014999999982e-02
1.642220699999999978e-01,9.710489261000000427e-01,-8.192596625999999660e-02,-1.916165795000000088e-02
1.646134200000000103e-01,9.778960480999999705e-01,-7.928415974999999949e-02,-1.945451612999999844e-02
1.650029500000000093e-01,9.853270137999999845e-01,-7.655770457999999667e-02,-1.973511890000000102e-02
1.653906800000000121e-01,9.923954659999999484e-01,-7.401349298999999882e-02,-1.996846764999999843e-02
1.657770600000000039e-01,9.989028295999999862e-01,-7.121427678000000205e-02,-2.012687113999999874e-02
1.661621100000000018e-01,1.005721831000000011e+00,-6.885623489999999347e-02,-2.022989093999999835e-02
1.665462799999999910e-01,1.012718926000000019e+00,-6.664778237000000549e-02,-2.033387236999999875e-02
1.669299999999999951e-01,1.018508278000000100e+00,-6.454520749999999307e-02,-2.029635655999999927e-02
1.673128399999999905e-01,1.023906363000000042e+00,-6.304716244999999941e-02,-2.006269452000000036e-02
1.676948000000000050e-01,1.030242617000000083e+00,-6.234148239000000119e-02,-1.951292307000000031e-02
1.680758800000000108e-01,1.034151797000000039e+00,-6.237287504999999843e-02,-1.904655506999999859e-02
1.684560900000000028e-01,1.036505089999999907e+00,-6.270992950999999815e-02,-1.851641801000000059e-02
1.688350000000000128e-01,1.038743882999999979e+00,-6.300861292999999919e-02,-1.802189230999999905e-02
1.692130400000000090e-01,1.039359493000000079e+00,-6.361555828999999884e-02,-1.750058726999999953e-02
1.695902200000000137e-01,1.038687877999999953e+00,-6.441503750999999500e-02,-1.708439197000000132e-02
1.699665399999999993e-01,1.038642625000000042e+00,-6.552142369999999771e-02,-1.670013922000000012e-02
1.703420099999999882e-01,1.037511306000000078e+00,-6.689400020999999863e-02,-1.655292621999999991e-02
1.707166200000000134e-01,1.034152095000000049e+00,-6.818982888999999825e-02,-1.652775268000000047e-02
1.710908100000000098e-01,1.029492005000000043e+00,-6.880349888999999497e-02,-1.666275281000000053e-02
1.714649900000000116e-01,1.025360456999999892e+00,-6.913137752999999608e-02,-1.698347511000000004e-02
1.718391800000000080e-01,1.020493606999999914e+00,-6.877340831000000598e-02,-1.750855042999999861e-02
1.722133600000000098e-01,1.017525028000000109e+00,-6.878227766000000187e-02,-1.798447514000000094e-02
1.725879800000000019e-01,1.015027608000000026e+00,-6.872620815999999633e-02,-1.842308875000000026e-02
1.729630199999999951e-01,1.011659606000000045e+00,-6.865408738999999316e-02,-1.865590586999999953e-02
1.733342300000000058e-01,1.008733467999999966e+00,-6.844388192000000481e-02,-1.881856352000000135e-02
1.737016799999999972e-01,1.006775275000000081e+00,-6.817526393999999434e-02,-1.888416467999999918e-02
1.740662600000000004e-01,1.004424919000000083e+00,-6.803382570999999546e-02,-1.886164847999999977e-02
1.744276100000000107e-01,1.002287326999999895e+00,-6.778010872999999659e-02,-1.864951959000000006e-02
1.747865600000000075e-01,1.001871200000000073e+00,-6.747559117000000162e-02,-1.845161696000000018e-02
1.751431599999999922e-01,1.003773111999999967e+00,-6.758024421000000115e-02,-1.830952234999999942e-02
1.754974199999999873e-01,1.006170379000000059e+00,-6.780204570999999458e-02,-1.819331123999999925e-02
1.758497499999999991e-01,1.009452205000000102e+00,-6.808806886000000336e-02,-1.826505410000000065e-02
1.762001900000000065e-01,1.013730715999999976e+00,-6.808206866999999551e-02,-1.848900062000000122e-02
1.765491100000000091e-01,1.018261752999999992e+00,-6.834005756000000043e-02,-1.875562323000000073e-02
1.768965299999999963e-01,1.022210599000000109e+00,-6.895684503000000520e-02,-1.904325562000000124e-02
1.772432100000000121e-01,1.024170464000000003e+00,-6.965509486000000250e-02,-1.934328227000000136e-02
1.775891400000000064e-01,1.025174036999999982e+00,-7.017924097000000083e-02,-1.941053038999999980e-02
1.779350799999999955e-01,1.025162542999999982e+00,-7.074804731000000624e-02,-1.934163615000000086e-02
1.782810099999999898e-01,1.024815462999999927e+00,-7.135093029000000309e-02,-1.923034614000000003e-02
1.786273200000000061e-01,1.023607372999999932e+00,-7.211891171999999794e-02,-1.928552174999999952e-02
1.789743699999999937e-01,1.022527068999999900e+00,-7.287050507999999482e-02,-1.920940244999999949e-02
1.793221799999999977e-01,1.021225218000000101e+00,-7.435268647999999925e-02,-1.899046006999999953e-02
1.796715000000000118e-01,1.019966020999999889e+00,-7.574604158000000642e-02,-1.878510467000000031e-02
1.800223599999999924e-01,1.018414509999999940e+00,-7.723809188999999908e-02,-1.853369707000000061e-02
1.803751399999999894e-01,1.017409958000000003e+00,-7.900133097000000548e-02,-1.841197573999999934e-02
1.807294899999999926e-01,1.015207108000000025e+00,-8.032457846000000401e-02,-1.823569941000000028e-02
1.810854199999999969e-01,1.014132124000000079e+00,-8.111259209000000470e-02,-1.822154029999999841e-02
1.814425500000000080e-01,1.013011362999999943e+00,-8.219168698999999856e-02,-1.818126180999999827e-02
1.818004799999999865e-01,1.011274868999999965e+00,-8.354802865999999550e-02,-1.813345790000000027e-02
1.821584099999999928e-01,1.010875862000000014e+00,-8.450513995000000222e-02,-1.815728286999999941e-02
1.825163399999999991e-01,1.012059765999999916e+00,-8.590298417000000186e-02,-1.818380568999999891e-02
1.828742700000000054e-01,1.013651893000000026e+00,-8.714357570000000330e-02,-1.827405369000000002e-02
1.832322000000000117e-01,1.014910272000000058e+00,-8.819543582000000104e-02,-1.840883542999999928e-02
1.835901299999999903e-01,1.017615839999999938e+00,-8.935475904999999608e-02,-1.870342574999999882e-02
1.839484700000000028e-01,1.021185860999999973e+00,-8.994516321999999897e-02,-1.903784718999999848e-02
1.843067999999999929e-01,1.025519223999999952e+00,-9.037753744000000256e-02,-1.946098850999999907e-02
1.846631099999999914e-01,1.029788794999999979e+00,-9.072873991999999554e-02,-1.980841449999999962e-02
1.850174199999999880e-01,1.034158498999999898e+00,-9.080028431000000677e-02,-2.011025410999999971e-02
1.853705400000000003e-01,1.039137957999999973e+00,-9.070923604000000195e-02,-2.036831588000000137e-02
1.857224799999999953e-01,1.044136900000000034e+00,-9.100954929000000526e-02,-2.057453845999999975e-02
1.860732300000000061e-01,1.048833574000000102e+00,-9.159557621000000149e-02,-2.058350410000000033e-02
1.864232100000000059e-01,1.052690856999999980e+00,-9.242608001999999545e-02,-2.055039025000000158e-02
1.867727899999999941e-01,1.054650780000000010e+00,-9.387244152000000230e-02,-2.058460814999999930e-02
1.871219899999999881e-01,1.056219352000000056e+00,-9.561604047999999745e-02,-2.079462927000000003e-02
1.874707899999999983e-01,1.057116291000000041e+00,-9.747717795999999435e-02,-2.106725845000000097e-02
1.878188199999999974e-01,1.056214210999999903e+00,-9.907993127000000455e-02,-2.145918957999999946e-02
1.881664600000000076e-01,1.054689200999999965e+00,-1.005915936999999954e-01,-2.196498095000000081e-02
1.885137100000000010e-01,1.051831909999999981e+00,-1.014893815000000032e-01,-2.224787354000000092e-02
1.888609699999999891e-01,1.048434480000000057e+00,-1.025252251000000059e-01,-2.264017055999999889e-02
1.892082200000000103e-01,1.044021230000000022e+00,-1.036834935000000013e-01,-2.299219205999999960e-02
1.895562500000000095e-01,1.040125664000000061e+00,-1.047068889999999974e-01,-2.318785475000000040e-02
1.899058499999999872e-01,1.036499824999999930e+00,-1.054193976000000060e-01,-2.334568328999999873e-02
1.902578299999999889e-01,1.033589837999999927e+00,-1.058935324000000039e-01,-2.350224810000000122e-02
1.906126300000000051e-01,1.031367268999999975e+00,-1.064269236999999951e-01,-2.382009234999999878e-02
1.909703100000000042e-01,1.028339679999999978e+00,-1.065216679000000055e-01,-2.410367941999999944e-02
1.913308999999999982e-01,1.025321528999999954e+00,-1.064229641999999976e-01,-2.459304446000000130e-02
1.916940400000000100e-01,1.021976015999999987e+00,-1.057494514999999941e-01,-2.498664327000000088e-02
1.920597599999999960e-01,1.016705782000000058e+00,-1.040419268000000036e-01,-2.497810115999999844e-02
1.924281100000000133e-01,1.012263667999999894e+00,-1.028429047000000013e-01,-2.485711100999999854e-02
1.927991300000000130e-01,1.008906279999999933e+00,-1.016444133000000000e-01,-2.470284902000000060e-02
1.931728500000000071e-01,1.006568173000000010e+00,-1.000815307999999987e-01,-2.447296495999999946e-02
1.935493299999999917e-01,1.004572999999999938e+00,-9.729418972999999415e-02,-2.424336906999999958e-02
1.939281300000000041e-01,1.002421755000000081e+00,-9.402959007000000202e-02,-2.395188030999999967e-02
1.943097699999999928e-01,1.002820411000000078e+00,-9.109662062999999976e-02,-2.370316798999999933e-02
1.946938000000000002e-01,1.005019042999999890e+00,-8.895128464000000290e-02,-2.331912745000000106e-02
1.950754299999999941e-01,1.008203858999999980e+00,-8.749570588999999732e-02,-2.287303996000000089e-02
1.954551599999999889e-01,1.011161533999999973e+00,-8.633264808000000456e-02,-2.254725133000000034e-02
1.958334800000000042e-01,1.014257265999999991e+00,-8.582146233000000068e-02,-2.225154895999999910e-02
1.962103900000000123e-01,1.018325973000000051e+00,-8.521550720999999939e-02,-2.197845705000000052e-02
1.965859000000000079e-01,1.023138660999999949e+00,-8.503569495000000422e-02,-2.178855015999999964e-02
1.969600300000000082e-01,1.029155424000000041e+00,-8.518721042000000632e-02,-2.153009149000000011e-02
1.973332299999999984e-01,1.034375236999999892e+00,-8.602997550999999521e-02,-2.101538112999999999e-02
1.977050499999999933e-01,1.038578816000000016e+00,-8.727622139000000556e-02,-2.047043146000000063e-02
1.980759699999999901e-01,1.043268211000000001e+00,-8.901909869999999336e-02,-2.011434087000000051e-02
1.984455199999999864e-01,1.046720493999999890e+00,-9.155379046000000631e-02,-1.982450585000000015e-02
1.988137199999999993e-01,1.049859888000000074e+00,-9.411459906999999903e-02,-1.985103478999999949e-02
1.991810199999999864e-01,1.050461252000000067e+00,-9.668409362999999535e-02,-1.984039052000000081e-02
1.995474299999999979e-01,1.048339098000000025e+00,-9.868222995000000553e-02,-1.990462587000000130e-02
1.999133800000000016e-01,1.043990490000000104e+00,-1.002198113000000029e-01,-2.004449599999999845e-02
2.002793400000000001e-01,1.038261075000000089e+00,-1.018063614999999977e-01,-2.012667250999999879e-02
2.006457500000000116e-01,1.032231769000000021e+00,-1.026817067999999944e-01,-2.043488137000000135e-02
2.010130599999999934e-01,1.026362712000000066e+00,-1.034147782000000015e-01,-2.070958502000000076e-02
2.013812700000000011e-01,1.020146259000000111e+00,-1.039783028999999998e-01,-2.085147362000000157e-02
2.017508399999999869e-01,1.015358452000000078e+00,-1.043583352999999936e-01,-2.096933998999999868e-02
2.021213400000000104e-01,1.011154759999999930e+00,-1.050758764999999983e-01,-2.108722001999999845e-02
2.024927599999999939e-01,1.006306437999999970e+00,-1.060129072000000061e-01,-2.104115565000000063e-02
2.028646400000000127e-01,1.002355340999999900e+00,-1.063248214000000053e-01,-2.099810967000000084e-02
2.032374600000000087e-01,9.993462628999999486e-01,-1.063145427999999948e-01,-2.092239854000000135e-02
2.036093399999999998e-01,9.987110345999999916e-01,-1.055504332000000017e-01,-2.087383350000000110e-02
2.039793699999999932e-01,1.000242703999999927e+00,-1.046184344999999960e-01,-2.086634411000000064e-02
2.043484700000000043e-01,1.002214573000000053e+00,-1.028389279999999961e-01,-2.107597120999999893e-02
2.047161999999999871e-01,1.004745320999999914e+00,-1.011124612000000034e-01,-2.130784697999999963e-02
2.050834699999999899e-01,1.007751827000000100e+00,-9.875897581999999730e-02,-2.145954065999999827e-02
2.054498200000000052e-01,1.010166292000000077e+00,-9.615224987999999862e-02,-2.144385957000000120e-02
2.058157200000000076e-01,1.012616755999999896e+00,-9.369643016999999741e-02,-2.148571496999999997e-02
2.061811699999999969e-01,1.015569798000000024e+00,-9.058233461999999625e-02,-2.163031321000000173e-02
2.065457099999999935e-01,1.017200384999999985e+00,-8.830857904000000147e-02,-2.172449183999999867e-02
2.069098000000000048e-01,1.018478337999999983e+00,-8.631705753000000481e-02,-2.181125298999999837e-02
2.072738799999999937e-01,1.020240725999999931e+00,-8.434613755000000546e-02,-2.186179422999999858e-02
2.076375199999999921e-01,1.020377019999999968e+00,-8.264671800999999485e-02,-2.202196130000000016e-02
2.080011499999999958e-01,1.020110317000000100e+00,-8.090522170000000179e-02,-2.226150537000000026e-02
2.083643400000000090e-01,1.019627210999999978e+00,-8.000804609000000678e-02,-2.262425812000000078e-02
2.087266200000000016e-01,1.018279683999999907e+00,-7.998996743000000298e-02,-2.304664177000000091e-02
2.090884500000000090e-01,1.014881214000000087e+00,-8.113707769000000347e-02,-2.346184140999999987e-02
2.094493799999999906e-01,1.011391326999999896e+00,-8.233955248999999532e-02,-2.396151326000000095e-02
2.098098599999999869e-01,1.008552306999999981e+00,-8.372982116999999613e-02,-2.443109362000000020e-02
2.101694600000000024e-01,1.005807796999999892e+00,-8.530163021000000678e-02,-2.500680729999999949e-02
2.105281599999999920e-01,1.004060960999999974e+00,-8.675791993999999729e-02,-2.562818785999999849e-02
2.108864099999999964e-01,1.002342359000000016e+00,-8.794022749999999555e-02,-2.631709470999999897e-02
2.112442300000000051e-01,1.001901587000000093e+00,-8.956746357000000547e-02,-2.731247824000000018e-02
2.116020399999999912e-01,1.001234619000000103e+00,-9.110418356999999689e-02,-2.841725708000000100e-02
2.119607500000000033e-01,1.000558277000000107e+00,-9.168143296000000331e-02,-2.960075590000000104e-02
2.123207900000000092e-01,9.990986910000000387e-01,-9.193741128000000595e-02,-3.052074689999999951e-02
2.126826599999999956e-01,9.975313613999999829e-01,-9.185422679999999396e-02,-3.127445435000000135e-02
2.130468100000000031e-01,9.970313942999999846e-01,-9.160661071999999516e-02,-3.187569219999999981e-02
2.134137600000000079e-01,9.969149337999999583e-01,-9.035349764000000228e-02,-3.254172055000000008e-02
2.137840199999999913e-01,9.970428302999999604e-01,-8.894498150000000602e-02,-3.322129738000000054e-02
2.141581599999999863e-01,9.964151794000000173e-01,-8.771429245999999569e-02,-3.401763147999999765e-02
2.145362600000000064e-01,9.983042180000000210e-01,-8.672036872999999702e-02,-3.482713006999999666e-02
2.149178999999999951e-01,9.990677664999999541e-01,-8.498922977999999462e-02,-3.550340660000000231e-02
2.153036600000000078e-01,9.986972720000000248e-01,-8.327872393000000650e-02,-3.592524528999999772e-02
2.156883900000000076e-01,9.990060516000000002e-01,-8.159249722000000427e-02,-3.621222796000000271e-02
2.160720700000000050e-01,9.989058789000000438e-01,-8.049876767999999960e-02,-3.638721522999999874e-02
2.164552399999999932e-01,9.973258589000000285e-01,-7.988554587000000484e-02,-3.627345815000000001e-02
2.168384100000000092e-01,9.974344873999999583e-01,-8.009155115999999630e-02,-3.605078545999999828e-02
2.172221000000000013e-01,9.993272922999999475e-01,-8.119401063999999446e-02,-3.567186983000000117e-02
2.176063099999999972e-01,1.000657107000000101e+00,-8.260814448999999338e-02,-3.496158308999999798e-02
2.179915699999999956e-01,1.002851377999999904e+00,-8.430228505999999566e-02,-3.426859318000000099e-02
2.183784099999999950e-01,1.004372920000000002e+00,-8.679874800999999584e-02,-3.336475227999999987e-02
2.187668500000000127e-01,1.004831940000000090e+00,-8.980957927999999590e-02,-3.233876455999999677e-02
2.191569100000000103e-01,1.005161835000000004e+00,-9.315333083000000569e-02,-3.126463085000000253e-02
2.195486000000000104e-01,1.004231703999999947e+00,-9.693235611999999335e-02,-2.991031197999999974e-02
2.199419400000000024e-01,1.003293975000000060e+00,-1.004198580999999951e-01,-2.849337479000000131e-02
2.203363899999999931e-01,1.002327398999999897e+00,-1.040592617999999969e-01,-2.712020044999999963e-02
2.207308400000000115e-01,1.000992029000000061e+00,-1.075098015999999962e-01,-2.587104075000000100e-02
2.211247299999999916e-01,9.994816542000000137e-01,-1.105370615000000056e-01,-2.480796801000000051e-02
2.215180700000000114e-01,9.989404898999999505e-01,-1.136071092999999949e-01,-2.394085313999999923e-02
2.219103000000000048e-01,9.978234607999999506e-01,-1.158961208999999964e-01,-2.309678705999999859e-02
2.223014199999999996e-01,9.983382119999999471e-01,-1.179289800000000027e-01,-2.253847804000000052e-02
2.226914500000000130e-01,1.000908982999999974e+00,-1.195252354999999933e-01,-2.236372374000000079e-02
2.230803799999999948e-01,1.003034766000000078e+00,-1.205688042000000043e-01,-2.243302235000000158e-02
2.234676800000000019e-01,1.005666817999999907e+00,-1.211449089999999951e-01,-2.256556044000000011e-02
2.238538999999999946e-01,1.008399778000000024e+00,-1.213485819000000021e-01,-2.289111828000000085e-02
2.242385000000000073e-01,1.012109657999999968e+00,-1.207736469999999979e-01,-2.348501215000000156e-02
2.246204400000000045e-01,1.014870442000000095e+00,-1.203206299000000035e-01,-2.397837297999999909e-02
2.250002799999999969e-01,1.017421727000000109e+00,-1.195637402000000044e-01,-2.439366080000000131e-02
2.253780200000000122e-01,1.020593743999999914e+00,-1.184163673999999999e-01,-2.489159234000000095e-02
2.257542200000000054e-01,1.023551842000000045e+00,-1.177370873000000012e-01,-2.540555770999999852e-02
2.261288700000000096e-01,1.026722958999999991e+00,-1.175838057000000020e-01,-2.586101698999999920e-02
2.265019899999999864e-01,1.027860664999999951e+00,-1.176529778999999970e-01,-2.620671176000000102e-02
2.268730899999999995e-01,1.028852002999999904e+00,-1.183859109999999965e-01,-2.656596592000000021e-02
2.272426800000000024e-01,1.028146851000000028e+00,-1.197342470999999964e-01,-2.684061940000000146e-02
2.276102799999999982e-01,1.027109972999999954e+00,-1.206892836000000024e-01,-2.699561034000000012e-02
2.279763900000000010e-01,1.024541283000000025e+00,-1.219420142000000040e-01,-2.695132152000000170e-02
2.283405500000000032e-01,1.020761660000000015e+00,-1.233008616000000057e-01,-2.691398413999999961e-02
2.287032400000000021e-01,1.016979754000000069e+00,-1.245244504999999946e-01,-2.684432209000000083e-02
2.290649700000000066e-01,1.013295529999999944e+00,-1.249738955000000012e-01,-2.698282466999999893e-02
2.294267000000000112e-01,1.010434352999999952e+00,-1.245059624999999975e-01,-2.725957860000000066e-02
2.297894000000000048e-01,1.008588502000000053e+00,-1.235488698000000024e-01,-2.768924721000000019e-02
2.301530699999999874e-01,1.009681872999999896e+00,-1.222847650000000036e-01,-2.819676603000000059e-02
2.305172400000000121e-01,1.010060248999999910e+00,-1.208183136000000046e-01,-2.857598882999999937e-02
2.308823899999999929e-01,1.008516291999999925e+00,-1.193509772999999941e-01,-2.877711726999999942e-02
2.312475499999999962e-01,1.004191464000000034e+00,-1.182514451999999994e-01,-2.864979292000000011e-02
2.316131899999999966e-01,1.000940930999999923e+00,-1.170419102000000017e-01,-2.833202223000000006e-02
2.319788399999999917e-01,9.985598480999999804e-01,-1.154521497000000063e-01,-2.790323445000000152e-02
2.323449900000000012e-01,9.962856381000000372e-01,-1.139315548000000011e-01,-2.727897783999999951e-02
2.327116399999999974e-01,9.945583516999999540e-01,-1.124276161000000024e-01,-2.664368250000000160e-02
2.330788000000000026e-01,9.922760409999999975e-01,-1.109581310999999959e-01,-2.591147342000000089e-02
2.334469700000000036e-01,9.914062600999999919e-01,-1.093769881999999971e-01,-2.500242360000000039e-02
2.338161500000000004e-01,9.921798614000000294e-01,-1.079342125999999957e-01,-2.411983217000000096e-02
2.341863700000000048e-01,9.935533319999999557e-01,-1.066129127000000065e-01,-2.324900752000000001e-02
2.345581300000000036e-01,9.932797374999999818e-01,-1.054055582999999935e-01,-2.220263956999999830e-02
2.349314700000000034e-01,9.919049027999999879e-01,-1.041114580999999983e-01,-2.113418393000000145e-02
2.353069200000000027e-01,9.923067978999999816e-01,-1.026184135999999997e-01,-2.014276880999999950e-02
2.356845100000000137e-01,9.926348419999999617e-01,-1.010413235000000021e-01,-1.935818384999999850e-02
2.360637299999999994e-01,9.939026323999999857e-01,-9.945165744999999446e-02,-1.873857342000000148e-02
2.364429500000000128e-01,9.959752208000000051e-01,-9.806750666999999866e-02,-1.832126989999999928e-02
2.368221699999999985e-01,9.969856911000000155e-01,-9.696876360999999445e-02,-1.803462815999999982e-02
2.372019400000000000e-01,9.974513031999999724e-01,-9.611269162999999671e-02,-1.782877504999999876e-02
2.375828000000000106e-01,9.980740480999999997e-01,-9.506303001999999447e-02,-1.772608893999999893e-02
2.379647799999999869e-01,9.988440279000000421e-01,-9.428612226999999457e-02,-1.768524855999999840e-02
2.383484300000000000e-01,9.988123405000000066e-01,-9.390334103000000376e-02,-1.786938051999999860e-02
2.387343500000000118e-01,9.986099820999999599e-01,-9.274174474999999362e-02,-1.815216877000000104e-02
2.391219800000000117e-01,9.967476896000000419e-01,-9.129852339999999788e-02,-1.856088423999999876e-02
2.395113500000000117e-01,9.944691800999999609e-01,-8.991014595000000609e-02,-1.893238968000000161e-02
2.399024800000000013e-01,9.908101902000000516e-01,-8.891044028000000266e-02,-1.935789203000000055e-02
2.402947800000000134e-01,9.871760569999999957e-01,-8.759172291000000277e-02,-1.986309740999999893e-02
2.406870899999999924e-01,9.827826926999999602e-01,-8.614313931000000535e-02,-2.045357541000000084e-02
2.410793900000000045e-01,9.789527752000000138e-01,-8.524871911999999663e-02,-2.106174657999999866e-02
2.414722900000000061e-01,9.769415392000000420e-01,-8.430088603999999486e-02,-2.183166036000000129e-02
2.418657899999999972e-01,9.761368712000000336e-01,-8.388619294000000670e-02,-2.243105039999999939e-02
2.422592799999999935e-01,9.756720977999999711e-01,-8.360234551999999597e-02,-2.318410691999999926e-02
2.426527800000000124e-01,9.744470056999999796e-01,-8.408513469999999435e-02,-2.393755872000000173e-02
2.430468799999999929e-01,9.746794104999999542e-01,-8.419847698000000602e-02,-2.480035817000000170e-02
2.434409800000000013e-01,9.748405051999999849e-01,-8.448036775999999415e-02,-2.561714151000000009e-02
2.438356899999999938e-01,9.740209509999999682e-01,-8.515866642000000097e-02,-2.630873958000000054e-02
2.442297900000000022e-01,9.745116654000000045e-01,-8.633398455000000637e-02,-2.697132312999999879e-02
2.446232799999999985e-01,9.769918022000000368e-01,-8.767470183999999389e-02,-2.744926992999999898e-02
2.450161700000000053e-01,9.785142648000000332e-01,-8.883815728999999717e-02,-2.781030304999999869e-02
2.454084500000000002e-01,9.788274701000000411e-01,-9.056988958999999395e-02,-2.827087593999999884e-02
2.457995299999999883e-01,9.811483701000000002e-01,-9.251515593999999620e-02,-2.873945940000000032e-02
2.461899999999999922e-01,9.833333297999999889e-01,-9.487844164000000524e-02,-2.920014349000000023e-02
2.465792800000000118e-01,9.853175961000000260e-01,-9.689068922000000639e-02,-2.963376086000000034e-02
2.469673699999999916e-01,9.865996290999999863e-01,-9.948622726000000416e-02,-2.997439215999999837e-02
2.473542699999999872e-01,9.881406437999999959e-01,-1.022434764000000051e-01,-3.002197129999999853e-02
2.477399899999999933e-01,9.889948103000000268e-01,-1.049012163000000025e-01,-3.023233943999999868e-02
2.481245300000000098e-01,9.899370093999999565e-01,-1.075147184999999950e-01,-3.048728378999999988e-02
2.485079000000000038e-01,9.901916058999999937e-01,-1.103998013000000028e-01,-3.061084790999999902e-02
2.488901099999999977e-01,9.904884955999999629e-01,-1.130446239000000019e-01,-3.077301181000000052e-02
2.492711599999999916e-01,9.909269507000000310e-01,-1.156466720000000059e-01,-3.105632552000000060e-02
2.496510500000000132e-01,9.920783099000000105e-01,-1.184109465999999972e-01,-3.135266889999999834e-02
2.500297899999999740e-01,9.928154594000000444e-01,-1.214417757999999986e-01,-3.176199249000000169e-02
2.504073900000000075e-01,9.949101652999999823e-01,-1.239866584000000049e-01,-3.212916678999999665e-02
2.507844200000000079e-01,9.978475855999999755e-01,-1.264236155000000028e-01,-3.260047457000000287e-02
2.511603099999999977e-01,1.001902733000000101e+00,-1.280163337999999928e-01,-3.301219489999999979e-02
2.515356300000000100e-01,1.007555398000000046e+00,-1.289595920000000118e-01,-3.346903856999999816e-02
2.519103899999999840e-01,1.012535675000000079e+00,-1.296559180000000089e-01,-3.377702265000000204e-02
2.522851500000000136e-01,1.017252776999999941e+00,-1.296599429999999997e-01,-3.430212735999999679e-02
2.526599099999999876e-01,1.021809375999999991e+00,-1.297144426000000073e-01,-3.461634719000000054e-02
2.530346600000000223e-01,1.026592662000000100e+00,-1.294852193000000096e-01,-3.480486563000000089e-02
2.534094199999999963e-01,1.029928208999999928e+00,-1.285093056999999928e-01,-3.486677475000000276e-02
2.537847500000000034e-01,1.032341849000000034e+00,-1.269739351999999988e-01,-3.486121284999999653e-02
2.541606499999999880e-01,1.032317165999999897e+00,-1.251176284000000138e-01,-3.460511771000000097e-02
2.545365499999999725e-01,1.031491186000000004e+00,-1.232877361999999977e-01,-3.417979718999999972e-02
2.549130299999999849e-01,1.030620287000000079e+00,-1.217819866999999973e-01,-3.334610176000000342e-02
2.552895099999999973e-01,1.028809768999999985e+00,-1.207040592999999995e-01,-3.238369230000000265e-02
2.556659800000000149e-01,1.028361768999999981e+00,-1.204776615999999939e-01,-3.135140521000000235e-02
2.560430399999999995e-01,1.028620375000000031e+00,-1.206976210999999993e-01,-3.033313934999999975e-02
2.564200999999999842e-01,1.029379146999999994e+00,-1.214559662999999956e-01,-2.920592975999999896e-02
2.567977499999999913e-01,1.028363037999999952e+00,-1.219099503000000001e-01,-2.806408252999999936e-02
2.571742200000000089e-01,1.026191708000000036e+00,-1.223806696999999999e-01,-2.696052134999999891e-02
2.575489499999999987e-01,1.023603653999999974e+00,-1.227675163999999985e-01,-2.603545432999999909e-02
2.579219500000000109e-01,1.019779033999999918e+00,-1.231978752999999954e-01,-2.510712632999999999e-02
2.582938100000000126e-01,1.016338371000000018e+00,-1.235987645999999940e-01,-2.423527878000000108e-02
2.586645200000000089e-01,1.014626444999999988e+00,-1.244406479000000065e-01,-2.329267902999999917e-02
2.590340999999999894e-01,1.013266745999999996e+00,-1.250242779000000082e-01,-2.240330140999999969e-02
2.594025500000000095e-01,1.011495350999999987e+00,-1.251011582999999872e-01,-2.151474498000000013e-02
2.597704399999999914e-01,1.010158354000000092e+00,-1.250847381999999897e-01,-2.059681296999999953e-02
2.601377599999999957e-01,1.008861424000000007e+00,-1.254165968000000020e-01,-1.972909579000000149e-02
2.605050800000000000e-01,1.006716938999999922e+00,-1.254378530999999963e-01,-1.873323396999999890e-02
2.608724099999999990e-01,1.004697072999999996e+00,-1.250725464999999925e-01,-1.785248935000000037e-02
2.612402999999999809e-01,1.003098660999999892e+00,-1.242783496999999987e-01,-1.702133977999999853e-02
2.616087500000000010e-01,1.002258972999999997e+00,-1.228167527000000037e-01,-1.626130581999999866e-02
2.619783500000000265e-01,1.002277883999999952e+00,-1.211939177999999950e-01,-1.575225716000000151e-02
2.623491000000000017e-01,1.001585547999999992e+00,-1.193620281999999977e-01,-1.549736219999999984e-02
2.627204300000000048e-01,1.002124443000000031e+00,-1.170137289000000025e-01,-1.558606092000000033e-02
2.630929300000000026e-01,1.002501735999999921e+00,-1.144019332000000000e-01,-1.582075906999999906e-02
2.634665999999999952e-01,1.003352129000000037e+00,-1.112871200000000033e-01,-1.624312837999999926e-02
2.638414499999999774e-01,1.004360882000000066e+00,-1.082927107999999972e-01,-1.690410739999999995e-02
2.642174999999999940e-01,1.006530834999999957e+00,-1.046159982000000044e-01,-1.781500343000000028e-02
2.645947499999999897e-01,1.008902863999999955e+00,-1.007867105000000013e-01,-1.889962997000000158e-02
2.649738300000000213e-01,1.010641308999999932e+00,-9.741264952000000532e-02,-2.021156115000000142e-02
2.653547499999999726e-01,1.008683889999999916e+00,-9.485143194999999527e-02,-2.126100164999999986e-02
2.657381500000000063e-01,1.005874959000000013e+00,-9.262908638000000305e-02,-2.228692259000000092e-02
2.661234499999999836e-01,1.004887818999999904e+00,-9.083174703000000683e-02,-2.361393082000000018e-02
2.665087500000000165e-01,1.001795146000000081e+00,-8.910721762999999906e-02,-2.484299310999999941e-02
2.668940499999999938e-01,9.971783992999999624e-01,-8.814877156000000546e-02,-2.569106528999999875e-02
2.672793500000000266e-01,9.908001310999999811e-01,-8.737841708999999346e-02,-2.640836029999999932e-02
2.676646500000000040e-01,9.833664251000000522e-01,-8.685498168999999935e-02,-2.694889329000000125e-02
2.680499499999999813e-01,9.752023058000000022e-01,-8.627357045000000335e-02,-2.741585403999999976e-02
2.684346100000000179e-01,9.687878362999999826e-01,-8.557420774000000507e-02,-2.770836210999999896e-02
2.688179900000000067e-01,9.642628938999999733e-01,-8.507062881000000687e-02,-2.808510043999999997e-02
2.692001099999999925e-01,9.621949275000000190e-01,-8.369670271000000106e-02,-2.857604538999999888e-02
2.695809699999999753e-01,9.625682313000000212e-01,-8.102657442999999793e-02,-2.942367146999999919e-02
2.699612000000000123e-01,9.640543294000000207e-01,-7.771367328999999324e-02,-3.029228117999999831e-02
2.703407999999999922e-01,9.647663228999999729e-01,-7.485287354000000337e-02,-3.097303288999999835e-02
2.707197800000000210e-01,9.667747491999999498e-01,-7.180759456999999402e-02,-3.140003152000000325e-02
2.710993800000000009e-01,9.694132330000000408e-01,-6.871454511999999792e-02,-3.180564604999999712e-02
2.714796099999999823e-01,9.763931900000000219e-01,-6.589314716999999932e-02,-3.214965907000000289e-02
2.718617600000000079e-01,9.825741091999999899e-01,-6.269965117999999615e-02,-3.233053503999999689e-02
2.722458300000000220e-01,9.899446407999999975e-01,-5.989950043000000224e-02,-3.247993772999999834e-02
2.726325099999999946e-01,9.960749808000000094e-01,-5.729806710000000247e-02,-3.248514687000000206e-02
2.730218300000000209e-01,1.001733049999999903e+00,-5.609308902000000041e-02,-3.247980704999999663e-02
2.734138500000000138e-01,1.006053096999999896e+00,-5.598915530999999668e-02,-3.229248936000000264e-02
2.738092899999999830e-01,1.008063662000000082e+00,-5.708109444000000060e-02,-3.219139003999999665e-02
2.742075099999999876e-01,1.008620137000000083e+00,-5.926284712000000343e-02,-3.214637458999999864e-02
2.746029500000000123e-01,1.008102287999999902e+00,-6.262236852999999992e-02,-3.201722161000000039e-02
2.749949400000000210e-01,1.006938223999999993e+00,-6.688207392999999390e-02,-3.200143124000000283e-02
2.753842200000000129e-01,1.004448068999999943e+00,-7.176261206999999531e-02,-3.184407952999999958e-02
2.757701599999999864e-01,1.003553083999999984e+00,-7.705463082999999824e-02,-3.183729366000000172e-02
2.761534600000000172e-01,1.001274702999999988e+00,-8.275851013000000422e-02,-3.178222619999999943e-02
2.765341499999999786e-01,1.000087343999999989e+00,-8.815008694999999783e-02,-3.179593782000000174e-02
2.769122700000000159e-01,9.987754864000000232e-01,-9.425619830999999726e-02,-3.159332127000000212e-02
2.772884700000000091e-01,9.971601083000000143e-01,-9.971377558999999779e-02,-3.128400289000000251e-02
2.776621400000000017e-01,9.938957454000000302e-01,-1.050857585000000011e-01,-3.072544932000000062e-02
2.780345699999999809e-01,9.894970446999999947e-01,-1.100771547999999933e-01,-2.996365125000000074e-02
2.784051300000000007e-01,9.837661610000000278e-01,-1.148647676000000006e-01,-2.900195875000000090e-02
2.787744500000000070e-01,9.770034032000000090e-01,-1.187990648000000066e-01,-2.781142906000000012e-02
2.791425499999999893e-01,9.707160408999999657e-01,-1.216499223000000046e-01,-2.652674177000000078e-02
2.795094200000000084e-01,9.686530667999999622e-01,-1.238942080000000057e-01,-2.554323650000000015e-02
2.798750799999999983e-01,9.682811444000000156e-01,-1.257352194999999950e-01,-2.501805949000000112e-02
2.802395200000000197e-01,9.688992521000000524e-01,-1.262245039000000069e-01,-2.448676073000000120e-02
2.806033700000000186e-01,9.712468303000000303e-01,-1.257851819999999954e-01,-2.416845944999999884e-02
2.809666100000000055e-01,9.738812338000000235e-01,-1.242887577999999965e-01,-2.407279396000000168e-02
2.813292399999999804e-01,9.773286822000000207e-01,-1.216993261999999992e-01,-2.419738109000000095e-02
2.816912799999999883e-01,9.818717274999999578e-01,-1.180131254999999962e-01,-2.462915087999999891e-02
2.820527199999999790e-01,9.882962564999999699e-01,-1.147341333999999935e-01,-2.507025615000000110e-02
2.824141600000000252e-01,9.952830748000000005e-01,-1.112318240000000069e-01,-2.577470140999999978e-02
2.827756000000000158e-01,1.001503695000000027e+00,-1.080869430999999992e-01,-2.668068248999999961e-02
2.831370300000000118e-01,1.004835632000000034e+00,-1.047271624999999984e-01,-2.737259385999999892e-02
2.834996799999999761e-01,1.007062361000000017e+00,-1.015451369999999937e-01,-2.789926959999999845e-02
2.838635500000000200e-01,1.010907510000000009e+00,-9.981959692000000328e-02,-2.839774122000000151e-02
2.842274100000000137e-01,1.015024543000000001e+00,-9.860627879000000151e-02,-2.873853104999999838e-02
2.845894500000000216e-01,1.016097556999999929e+00,-9.779367890000000008e-02,-2.872525557000000021e-02
2.849502700000000055e-01,1.017429992000000061e+00,-9.795400780999999335e-02,-2.856826528000000129e-02
2.853092899999999932e-01,1.020851214999999979e+00,-9.866913641999999762e-02,-2.851977357000000032e-02
2.856665099999999846e-01,1.023519693999999980e+00,-1.002438174999999987e-01,-2.826725169999999912e-02
2.860219500000000248e-01,1.023709940000000040e+00,-1.018557409000000052e-01,-2.785101456000000156e-02
2.863756399999999869e-01,1.023445696000000016e+00,-1.042830884999999957e-01,-2.749087968000000007e-02
2.867287299999999872e-01,1.021884543000000090e+00,-1.071345613999999946e-01,-2.701469786999999984e-02
2.870806699999999823e-01,1.020894372999999966e+00,-1.106693848000000063e-01,-2.656384373000000160e-02
2.874325999999999826e-01,1.019541068999999966e+00,-1.137692502999999994e-01,-2.629737371999999948e-02
2.877845299999999829e-01,1.017610490999999895e+00,-1.166805021999999942e-01,-2.613111850999999888e-02
2.881370500000000057e-01,1.018338533999999962e+00,-1.184804180999999984e-01,-2.610955344999999969e-02
2.884901500000000008e-01,1.017581255000000073e+00,-1.196372346000000031e-01,-2.606586560999999899e-02
2.888432599999999906e-01,1.016913548000000000e+00,-1.199238051999999971e-01,-2.622384578000000119e-02
2.891963599999999857e-01,1.014879537999999970e+00,-1.187107005999999965e-01,-2.651364201000000129e-02
2.895494699999999755e-01,1.011435744999999997e+00,-1.167887165999999949e-01,-2.673218751000000157e-02
2.899025700000000261e-01,1.006815548999999921e+00,-1.151755059999999969e-01,-2.693654663999999962e-02
2.902562699999999829e-01,1.002433303000000109e+00,-1.136451187000000057e-01,-2.693150279999999980e-02
2.906099699999999952e-01,9.980218442999999606e-01,-1.129213096999999999e-01,-2.676452743000000065e-02
2.909642700000000248e-01,9.943099957000000044e-01,-1.117712933999999991e-01,-2.662089070000000016e-02
2.913197699999999779e-01,9.937390656000000266e-01,-1.105092658000000061e-01,-2.658421013000000083e-02
2.916764900000000105e-01,9.937390180999999822e-01,-1.087433827999999963e-01,-2.643776898000000167e-02
2.920350500000000182e-01,9.939073332000000205e-01,-1.064865678000000010e-01,-2.602395391000000141e-02
2.923948499999999839e-01,9.942596882999999996e-01,-1.040961261000000054e-01,-2.581179140999999982e-02
2.927565300000000148e-01,9.937790200999999657e-01,-1.015280813000000032e-01,-2.565705836999999934e-02
2.931201199999999840e-01,9.948833510000000269e-01,-9.803758952999999665e-02,-2.531063375999999948e-02
2.934856299999999973e-01,9.960501880000000030e-01,-9.420169918000000087e-02,-2.476725784000000097e-02
2.938530899999999835e-01,9.974239632000000411e-01,-9.010876819999999454e-02,-2.427278306000000066e-02
2.942232000000000181e-01,9.984470730000000183e-01,-8.617357036999999387e-02,-2.372223029000000011e-02
2.945953099999999991e-01,9.985917541000000064e-01,-8.197845420999999577e-02,-2.331362081999999863e-02
2.949701299999999971e-01,9.979970526000000453e-01,-7.767733136000000427e-02,-2.312818708000000112e-02
2.953456500000000151e-01,9.976784091000000521e-01,-7.441295651000000289e-02,-2.321698386999999919e-02
2.957184199999999819e-01,9.980018059999999913e-01,-7.231441220999999808e-02,-2.361200444000000065e-02
2.960884999999999767e-01,9.985468894000000262e-01,-7.100842880999999607e-02,-2.429654997000000108e-02
2.964559099999999892e-01,1.000342070000000083e+00,-7.041803082000000491e-02,-2.487812694999999921e-02
2.968213299999999943e-01,1.001671710000000104e+00,-7.020148483999999467e-02,-2.568438866999999889e-02
2.971841499999999803e-01,1.001579651999999987e+00,-7.066077102999999970e-02,-2.629451533000000049e-02
2.975450399999999829e-01,1.001592687999999898e+00,-7.145037897000000582e-02,-2.672481368000000079e-02
2.979040000000000021e-01,1.003076622999999890e+00,-7.203551394000000385e-02,-2.703927688999999829e-02
2.982610600000000223e-01,1.005397560000000023e+00,-7.262885256999999928e-02,-2.705952798000000117e-02
2.986168599999999840e-01,1.006323939000000056e+00,-7.312841358999999652e-02,-2.685341370999999935e-02
2.989714099999999930e-01,1.006426684000000016e+00,-7.321581849000000086e-02,-2.637978956999999930e-02
2.993247099999999938e-01,1.007145453999999996e+00,-7.362735419999999475e-02,-2.569731939000000076e-02
2.996773899999999879e-01,1.007889472000000008e+00,-7.427078340999999917e-02,-2.497316080000000146e-02
3.000294499999999753e-01,1.007341354000000022e+00,-7.521111018999999953e-02,-2.434006911000000106e-02
3.003808900000000115e-01,1.007012033000000084e+00,-7.658778317000000668e-02,-2.378428431000000065e-02
3.007317199999999802e-01,1.006593089000000107e+00,-7.775420190000000009e-02,-2.335774078000000045e-02
3.010819200000000029e-01,1.006769401999999980e+00,-7.875436261000000326e-02,-2.306142901999999953e-02
3.014315200000000083e-01,1.007012615999999916e+00,-7.985268869000000658e-02,-2.292319156000000024e-02
3.017798800000000004e-01,1.007997808999999911e+00,-8.131876746999999739e-02,-2.292549925999999919e-02
3.021276399999999751e-01,1.008876679000000109e+00,-8.303605613999999469e-02,-2.301525861999999950e-02
3.024747799999999986e-01,1.010292951999999911e+00,-8.458561761999999762e-02,-2.317674108000000038e-02
3.028207099999999929e-01,1.010560692000000094e+00,-8.578795726000000565e-02,-2.354773417999999827e-02
3.031660299999999753e-01,1.012021051999999921e+00,-8.675224207999999992e-02,-2.416796388000000059e-02
3.035107499999999958e-01,1.013381362000000063e+00,-8.833300303999999659e-02,-2.475523023000000128e-02
3.038554700000000164e-01,1.014684606999999961e+00,-9.030027166000000050e-02,-2.559840382000000067e-02
3.042001899999999814e-01,1.015610885000000074e+00,-9.186477595000000496e-02,-2.651186309000000060e-02
3.045455100000000193e-01,1.014602441999999938e+00,-9.368773634999999489e-02,-2.737102467000000067e-02
3.048914500000000083e-01,1.013057196999999965e+00,-9.566197939999999955e-02,-2.820697964999999835e-02
3.052386200000000160e-01,1.009698959999999923e+00,-9.746480748999999943e-02,-2.862467095000000017e-02
3.055876499999999885e-01,1.005592115000000009e+00,-9.900957051000000564e-02,-2.883349990000000015e-02
3.059385800000000155e-01,1.001441602999999958e+00,-1.006511067000000065e-01,-2.900641937999999878e-02
3.062914199999999809e-01,9.978778565999999461e-01,-1.023559507999999979e-01,-2.916860506000000172e-02
3.066468500000000263e-01,9.949584709000000027e-01,-1.036459302999999943e-01,-2.918288953999999963e-02
3.070055700000000054e-01,9.921926059000000242e-01,-1.045294145000000008e-01,-2.927490929999999880e-02
3.073642999999999792e-01,9.888377860000000519e-01,-1.046598635999999999e-01,-2.912687717999999995e-02
3.077236899999999942e-01,9.875157207000000437e-01,-1.046632829000000015e-01,-2.912346524000000020e-02
3.080837599999999843e-01,9.864773300000000411e-01,-1.042388518000000042e-01,-2.924175208999999984e-02
3.084451799999999855e-01,9.837257310000000476e-01,-1.033888545000000020e-01,-2.946165918999999953e-02
3.088079799999999819e-01,9.825761978999999480e-01,-1.017760694000000021e-01,-2.988056223999999844e-02
3.091721499999999789e-01,9.810834290000000069e-01,-1.005470767000000015e-01,-3.003662153999999904e-02
3.095384299999999755e-01,9.802497624999999548e-01,-9.900355939999999633e-02,-3.022612472000000064e-02
3.099061100000000124e-01,9.795244024000000493e-01,-9.828303284000000639e-02,-3.026131944000000004e-02
3.102752300000000130e-01,9.786184132999999896e-01,-9.821112073000000386e-02,-3.023678042000000135e-02
3.106465099999999868e-01,9.776686628999999851e-01,-9.843683733999999963e-02,-3.017501279000000050e-02
3.110199900000000239e-01,9.788567831000000163e-01,-9.872281104999999779e-02,-3.019283457000000032e-02
3.113942000000000099e-01,9.813477256999999510e-01,-9.953620897999999884e-02,-3.016034773999999932e-02
3.117691699999999844e-01,9.867747864999999452e-01,-1.004298160000000051e-01,-3.012130227000000063e-02
3.121456300000000073e-01,9.917534245000000359e-01,-1.015316009999999991e-01,-2.985636938000000087e-02
3.125236000000000125e-01,9.971951149000000125e-01,-1.026244327999999983e-01,-2.964495786000000133e-02
3.129023400000000010e-01,1.002342027999999940e+00,-1.041599601999999986e-01,-2.935762985000000061e-02
3.132810799999999896e-01,1.008357141000000068e+00,-1.052528038999999971e-01,-2.915325230000000156e-02
3.136598199999999781e-01,1.012235887999999973e+00,-1.056190127999999950e-01,-2.890829410999999974e-02
3.140385600000000221e-01,1.015450213999999907e+00,-1.057360883999999973e-01,-2.851460752999999959e-02
3.144165300000000274e-01,1.016314469000000109e+00,-1.048735697999999966e-01,-2.783737152000000104e-02
3.147945100000000274e-01,1.017413472000000096e+00,-1.038243761000000043e-01,-2.701083539999999880e-02
3.151717099999999938e-01,1.016851713999999962e+00,-1.022426471999999947e-01,-2.601576871000000138e-02
3.155481399999999770e-01,1.016340242999999921e+00,-1.009199989000000020e-01,-2.478658897999999958e-02
3.159237999999999769e-01,1.014902522999999945e+00,-9.959680485999999888e-02,-2.317769616000000046e-02
3.162986999999999882e-01,1.011252199999999934e+00,-9.784642476999999561e-02,-2.145144878000000005e-02
3.166720800000000224e-01,1.008313538999999981e+00,-9.628666298000000678e-02,-1.968882497999999842e-02
3.170447000000000126e-01,1.006538208999999906e+00,-9.498346457999999604e-02,-1.813128069000000120e-02
3.174165600000000143e-01,1.005033110000000063e+00,-9.431282739999999332e-02,-1.646648221000000106e-02
3.177884200000000159e-01,1.003940634000000109e+00,-9.371231188999999684e-02,-1.509411282000000000e-02
3.181595199999999735e-01,1.002814174000000058e+00,-9.296114968999999451e-02,-1.396698965999999993e-02
3.185306299999999813e-01,1.002016118000000011e+00,-9.281192763999999984e-02,-1.304281894999999997e-02
3.189017299999999944e-01,1.002304070999999963e+00,-9.290395377000000565e-02,-1.244751726000000065e-02
3.192728300000000075e-01,1.003459228999999953e+00,-9.296489520999999534e-02,-1.222951373999999966e-02
3.196439300000000205e-01,1.003978164999999922e+00,-9.339304622999999861e-02,-1.233438245000000044e-02
3.200150399999999729e-01,1.003511460999999994e+00,-9.361653242999999625e-02,-1.258067770999999994e-02
3.203869100000000247e-01,1.004921312000000011e+00,-9.397343871999999654e-02,-1.314209661999999994e-02
3.207587800000000211e-01,1.007458997999999939e+00,-9.424110762000000030e-02,-1.410987573000000057e-02
3.211314200000000008e-01,1.010606499000000102e+00,-9.439248465999999782e-02,-1.535678323999999963e-02
3.215048400000000139e-01,1.011934348000000039e+00,-9.381720326999999637e-02,-1.685115306999999951e-02
3.218790400000000052e-01,1.012500576000000096e+00,-9.293060156000000627e-02,-1.850345310000000090e-02
3.222540400000000194e-01,1.012198012999999897e+00,-9.265815735000000608e-02,-2.012034072000000104e-02
3.226298200000000116e-01,1.010889823999999937e+00,-9.240117254000000668e-02,-2.147235809000000092e-02
3.230071999999999943e-01,1.009866565000000049e+00,-9.221861590999999581e-02,-2.293733333000000027e-02
3.233870200000000250e-01,1.008133197000000036e+00,-9.182742568000000494e-02,-2.438974726000000051e-02
3.237684699999999749e-01,1.007573483999999908e+00,-9.150887604000000619e-02,-2.550232843999999943e-02
3.241532500000000039e-01,1.005070574000000105e+00,-9.097980258000000486e-02,-2.618531413000000155e-02
3.245405800000000229e-01,1.001656421999999935e+00,-9.089945613000000035e-02,-2.654782689000000084e-02
3.249313600000000024e-01,9.977977566000000298e-01,-9.058530841999999639e-02,-2.687167675000000019e-02
3.253247699999999853e-01,9.921118019000000343e-01,-9.002473998000000421e-02,-2.698483423000000089e-02
3.257181900000000185e-01,9.846673314999999649e-01,-8.887289366999999440e-02,-2.687443563999999951e-02
3.261116000000000015e-01,9.790134159000000169e-01,-8.695428681000000326e-02,-2.679501629999999843e-02
3.265050099999999844e-01,9.750928238999999609e-01,-8.415058424000000648e-02,-2.680438166000000122e-02
3.268975299999999917e-01,9.717297262999999852e-01,-8.066995872000000400e-02,-2.694734425999999877e-02
3.272900599999999938e-01,9.682472527000000051e-01,-7.707783563999999477e-02,-2.693153238000000130e-02
3.276816900000000254e-01,9.656222072000000267e-01,-7.382418436000000306e-02,-2.669236096999999877e-02
3.280715499999999896e-01,9.640450019999999842e-01,-7.051136867000000474e-02,-2.632447367000000094e-02
3.284596499999999919e-01,9.622825618000000469e-01,-6.794479400000000280e-02,-2.584219729000000049e-02
3.288460000000000272e-01,9.608781918000000033e-01,-6.600952516999999964e-02,-2.538210431000000045e-02
3.292306199999999738e-01,9.588589391999999823e-01,-6.469873551999999473e-02,-2.490121669999999926e-02
3.296135099999999984e-01,9.581433809999999607e-01,-6.380760729999999936e-02,-2.438812544999999915e-02
3.299946899999999794e-01,9.586894780000000393e-01,-6.321139020999999580e-02,-2.398875580000000077e-02
3.303741599999999723e-01,9.617984979000000489e-01,-6.297798212999999867e-02,-2.356488551000000126e-02
3.307519500000000168e-01,9.660179591999999982e-01,-6.341089183999999712e-02,-2.326925246000000058e-02
3.311280600000000018e-01,9.687217758999999706e-01,-6.397079611000000554e-02,-2.293061201000000035e-02
3.315024899999999830e-01,9.701180281000000294e-01,-6.460552575000000353e-02,-2.251982292000000163e-02
3.318752799999999947e-01,9.713843216999999974e-01,-6.541453636999999821e-02,-2.226204780000000036e-02
3.322464099999999920e-01,9.718066054999999759e-01,-6.629043064999999568e-02,-2.210334565000000168e-02
3.326159100000000146e-01,9.709009118000000438e-01,-6.716013918999999555e-02,-2.203430800999999981e-02
3.329837900000000017e-01,9.708298336999999778e-01,-6.870988960000000423e-02,-2.207748488999999870e-02
3.333500500000000089e-01,9.697174629999999462e-01,-7.041407968000000517e-02,-2.226091369999999917e-02
3.337155199999999877e-01,9.686198618000000371e-01,-7.267411491000000390e-02,-2.238206325000000052e-02
3.340793799999999814e-01,9.661692184000000294e-01,-7.510206237000000007e-02,-2.252303325999999856e-02
3.344424400000000075e-01,9.634525802000000194e-01,-7.769827157000000484e-02,-2.280129502000000086e-02
3.348047100000000054e-01,9.616093462999999453e-01,-8.080878994000000037e-02,-2.301039646999999966e-02
3.351669800000000032e-01,9.601683439999999514e-01,-8.314555378000000607e-02,-2.319346510999999861e-02
3.355284599999999728e-01,9.602629893999999888e-01,-8.522724670999999586e-02,-2.315049618000000059e-02
3.358891399999999750e-01,9.595641537000000332e-01,-8.742684471000000679e-02,-2.297365774000000027e-02
3.362490300000000043e-01,9.591734687999999842e-01,-8.978282966999999448e-02,-2.254227786000000122e-02
3.366081400000000001e-01,9.591439725000000527e-01,-9.168553475000000563e-02,-2.203149954999999993e-02
3.369664499999999729e-01,9.593253922000000156e-01,-9.365824617000000074e-02,-2.149950278999999964e-02
3.373239800000000232e-01,9.599991525000000081e-01,-9.513863518000000019e-02,-2.093756660999999963e-02
3.376807299999999845e-01,9.612217513999999907e-01,-9.624834943000000476e-02,-2.056424913000000007e-02
3.380374700000000066e-01,9.622241558999999889e-01,-9.700871012999999488e-02,-2.042767137000000080e-02
3.383942200000000233e-01,9.637833740000000260e-01,-9.749115987999999733e-02,-2.031411185000000022e-02
3.387509599999999899e-01,9.658388755000000270e-01,-9.767604515000000154e-02,-2.032806042999999938e-02
3.391084999999999794e-01,9.683598589999999895e-01,-9.732935838999999534e-02,-2.047258252999999834e-02
3.394668299999999972e-01,9.716002413000000004e-01,-9.692606038999999896e-02,-2.071459381000000100e-02
3.398267700000000002e-01,9.759799192000000456e-01,-9.594946654000000019e-02,-2.106579654000000079e-02
3.401883399999999780e-01,9.804705079000000101e-01,-9.478613997000000235e-02,-2.144381274999999920e-02
3.405523699999999931e-01,9.840612600999999460e-01,-9.338961260000000486e-02,-2.189300454000000021e-02
3.409180800000000122e-01,9.862332404000000441e-01,-9.194716047999999808e-02,-2.232416257000000015e-02
3.412863199999999764e-01,9.869975193000000147e-01,-9.057625142000000351e-02,-2.273413050000000143e-02
3.416571500000000206e-01,9.883108668000000208e-01,-8.908848756999999952e-02,-2.310266075000000016e-02
3.420306000000000179e-01,9.877701352000000101e-01,-8.781944483999999662e-02,-2.328754375000000043e-02
3.424067199999999977e-01,9.873748851000000437e-01,-8.692917311999999452e-02,-2.341697101999999989e-02
3.427837400000000034e-01,9.872987060000000259e-01,-8.673739936999999567e-02,-2.331735034999999831e-02
3.431589500000000181e-01,9.871828735000000021e-01,-8.724610030000000405e-02,-2.325461125000000129e-02
3.435323900000000208e-01,9.869958696999999725e-01,-8.813910789999999940e-02,-2.313932591000000122e-02
3.439049299999999976e-01,9.877097548000000060e-01,-8.952004716000000473e-02,-2.304135356999999912e-02
3.442765799999999987e-01,9.888839575000000215e-01,-9.106688877000000681e-02,-2.304868571999999990e-02
3.446473500000000190e-01,9.914373512999999916e-01,-9.265283292999999809e-02,-2.311084383999999908e-02
3.450172400000000028e-01,9.935458678999999904e-01,-9.413997775999999318e-02,-2.340044210999999916e-02
3.453862500000000058e-01,9.964247017999999789e-01,-9.472387995000000616e-02,-2.379544893000000091e-02
3.457552500000000140e-01,9.976523757999999908e-01,-9.497095325000000365e-02,-2.404360674000000087e-02
3.461233799999999805e-01,9.976047768000000371e-01,-9.548257335000000234e-02,-2.431770794999999971e-02
3.464906300000000217e-01,9.960871366000000338e-01,-9.616174798000000357e-02,-2.465855007000000015e-02
3.468570000000000264e-01,9.953395212000000214e-01,-9.655766052000000488e-02,-2.510751560999999882e-02
3.472224899999999947e-01,9.942915971000000352e-01,-9.609547110999999697e-02,-2.556529290000000149e-02
3.475871200000000272e-01,9.922591240000000479e-01,-9.450085027000000581e-02,-2.602986994999999942e-02
3.479508700000000232e-01,9.895160599000000223e-01,-9.297135250000000684e-02,-2.637206648000000112e-02
3.483146200000000192e-01,9.879535476999999899e-01,-9.170403073999999766e-02,-2.672496322999999910e-02
3.486775100000000238e-01,9.861364044000000550e-01,-9.064879252999999415e-02,-2.687671682000000034e-02
3.490403899999999782e-01,9.862115771999999669e-01,-8.954057630999999462e-02,-2.712900148999999872e-02
3.494032799999999828e-01,9.874775442000000014e-01,-8.912257853999999702e-02,-2.746446216999999870e-02
3.497670399999999735e-01,9.886226326999999481e-01,-8.906481987000000600e-02,-2.761127776000000048e-02
3.501316800000000007e-01,9.904224314999999779e-01,-8.862904591999999637e-02,-2.760143785000000044e-02
3.504981099999999739e-01,9.921633972000000190e-01,-8.780284010000000139e-02,-2.753814997999999917e-02
3.508654299999999782e-01,9.940478936000000099e-01,-8.647562535000000161e-02,-2.739187863999999889e-02
3.512336699999999978e-01,9.959022644999999674e-01,-8.484567003000000052e-02,-2.748995819000000021e-02
3.516028099999999879e-01,9.973204835000000212e-01,-8.363671798999999796e-02,-2.743646846999999930e-02
3.519728799999999880e-01,9.957156916999999607e-01,-8.245863827999999618e-02,-2.732267421000000168e-02
3.523438799999999982e-01,9.923857164999999592e-01,-8.188634179999999818e-02,-2.705436216999999866e-02
3.527158100000000185e-01,9.886560379000000065e-01,-8.106205948000000383e-02,-2.665411998999999907e-02
3.530886799999999881e-01,9.848906360000000415e-01,-8.065102778999999611e-02,-2.615319614000000126e-02
3.534625000000000128e-01,9.811576718000000197e-01,-8.021950083999999925e-02,-2.561226981999999847e-02
3.538382299999999758e-01,9.783784132999999716e-01,-8.027413263999999549e-02,-2.483435548000000048e-02
3.542159100000000227e-01,9.747956276999999448e-01,-8.078981208999999608e-02,-2.381920548000000110e-02
3.545955599999999763e-01,9.708874655000000464e-01,-8.120537818999999657e-02,-2.257358883000000135e-02
3.549782000000000215e-01,9.682108336000000426e-01,-8.146208276999999942e-02,-2.152644802999999912e-02
3.553639000000000103e-01,9.669676826999999975e-01,-8.201475413000000603e-02,-2.065193502999999875e-02
3.557527100000000275e-01,9.656965588000000489e-01,-8.245300252999999968e-02,-2.004040329000000148e-02
3.561446799999999913e-01,9.638948878999999970e-01,-8.225963027999999566e-02,-1.957800525999999972e-02
3.565398900000000260e-01,9.622352741999999903e-01,-8.169732943999999386e-02,-1.912084638000000059e-02
3.569372900000000182e-01,9.606548932999999790e-01,-8.084088703000000264e-02,-1.879552139000000011e-02
3.573324900000000026e-01,9.596649559000000052e-01,-7.955799681000000345e-02,-1.856912034999999919e-02
3.577255100000000243e-01,9.587795466999999849e-01,-7.772574877000000548e-02,-1.844821326999999955e-02
3.581163700000000172e-01,9.596803259999999725e-01,-7.579797667000000294e-02,-1.853314652000000173e-02
3.585061600000000182e-01,9.610416072999999892e-01,-7.329478466000000081e-02,-1.887119834999999995e-02
3.588938199999999745e-01,9.633645426000000400e-01,-7.091715007000000404e-02,-1.921675144999999973e-02
3.592804099999999945e-01,9.642798742999999506e-01,-6.878703525000000318e-02,-1.954023645000000156e-02
3.596648900000000149e-01,9.642180691999999720e-01,-6.698471614999999824e-02,-1.970936816000000077e-02
3.600483199999999773e-01,9.640659300999999681e-01,-6.523406636999999619e-02,-1.986400798000000079e-02
3.604306999999999928e-01,9.634827043000000479e-01,-6.362193335999999366e-02,-2.010303441000000149e-02
3.608130800000000082e-01,9.616698729999999529e-01,-6.245532812000000045e-02,-2.040200405999999939e-02
3.611944200000000160e-01,9.587172298999999676e-01,-6.177761606999999933e-02,-2.047527080000000055e-02
3.615757499999999736e-01,9.554872733999999479e-01,-6.115407385999999806e-02,-2.058374270000000103e-02
3.619570799999999866e-01,9.520681038999999624e-01,-6.036290578999999740e-02,-2.079835760000000103e-02
3.623394699999999968e-01,9.486986901999999722e-01,-5.933742675999999910e-02,-2.101987568000000112e-02
3.627218700000000018e-01,9.467881687000000435e-01,-5.824932194000000119e-02,-2.142744477999999897e-02
3.631053200000000092e-01,9.465506686000000336e-01,-5.682831996999999913e-02,-2.195023349999999929e-02
3.634887800000000113e-01,9.465384762999999868e-01,-5.534041328000000037e-02,-2.268792589999999929e-02
3.638733200000000001e-01,9.463447628000000167e-01,-5.392596561000000122e-02,-2.343135533000000048e-02
3.642589500000000258e-01,9.451877396000000209e-01,-5.350039929000000027e-02,-2.392131650000000123e-02
3.646445799999999959e-01,9.444625201999999886e-01,-5.316118119999999753e-02,-2.437594881999999991e-02
3.650313099999999977e-01,9.442530301999999542e-01,-5.362049506000000215e-02,-2.464710657000000055e-02
3.654191500000000259e-01,9.441755521000000373e-01,-5.432446068999999961e-02,-2.483651208999999860e-02
3.658069899999999985e-01,9.429607008999999485e-01,-5.509877289000000150e-02,-2.500094517000000030e-02
3.661959499999999923e-01,9.419081462999999710e-01,-5.588181740999999952e-02,-2.489204621999999839e-02
3.665849199999999808e-01,9.398789230999999855e-01,-5.680142928000000285e-02,-2.462751185999999953e-02
3.669738799999999745e-01,9.389487439000000490e-01,-5.816882803000000129e-02,-2.414778761999999968e-02
3.673628500000000185e-01,9.386874540999999850e-01,-5.992162912000000008e-02,-2.360764178000000074e-02
3.677518200000000070e-01,9.396778049999999771e-01,-6.229630883000000091e-02,-2.308269863999999963e-02
3.681396399999999902e-01,9.399232465000000314e-01,-6.476032539999999893e-02,-2.258900068999999955e-02
3.685263300000000131e-01,9.404244579999999631e-01,-6.754009272000000008e-02,-2.208237060000000154e-02
3.689118800000000253e-01,9.418377754000000213e-01,-7.028812068999999718e-02,-2.171196975000000071e-02
3.692974299999999821e-01,9.430434574999999597e-01,-7.306865925000000095e-02,-2.145782045000000152e-02
3.696784900000000262e-01,9.449653728000000363e-01,-7.564349097000000466e-02,-2.148408783000000169e-02
3.700562299999999860e-01,9.476436337000000432e-01,-7.845951376000000199e-02,-2.164347733000000079e-02
3.704296400000000045e-01,9.506342861000000033e-01,-8.078927046999999362e-02,-2.201785741999999838e-02
3.707998399999999917e-01,9.521188616000000327e-01,-8.240462158000000370e-02,-2.228378555000000080e-02
3.711668799999999768e-01,9.531184593000000538e-01,-8.388367765000000198e-02,-2.255276948999999920e-02
3.715308199999999839e-01,9.554010896000000308e-01,-8.506337226000000584e-02,-2.282614553999999865e-02
3.718916899999999970e-01,9.574042875999999591e-01,-8.641283686999999547e-02,-2.308303312999999968e-02
3.722505300000000239e-01,9.608519245000000097e-01,-8.833095068000000605e-02,-2.338078567999999843e-02
3.726073799999999880e-01,9.659478878999999685e-01,-9.115343941999999589e-02,-2.366029178999999941e-02
3.729622300000000057e-01,9.720218628000000249e-01,-9.458532031999999923e-02,-2.406970326999999937e-02
3.733151100000000056e-01,9.765434603000000546e-01,-9.765506427999999517e-02,-2.425198941000000080e-02
3.736670100000000216e-01,9.807370332000000523e-01,-1.004545998999999967e-01,-2.437301500999999870e-02
3.740179399999999932e-01,9.844346714999999692e-01,-1.027528706000000042e-01,-2.445063105000000112e-02
3.743678899999999810e-01,9.872016473000000403e-01,-1.046078067999999944e-01,-2.457359819000000042e-02
3.747178400000000242e-01,9.881390848000000116e-01,-1.059388715000000036e-01,-2.470957950999999944e-02
3.750677900000000120e-01,9.894728412000000084e-01,-1.070919335000000000e-01,-2.486480873000000008e-02
3.754177399999999998e-01,9.898226102999999609e-01,-1.078309414999999993e-01,-2.505861113999999917e-02
3.757676899999999875e-01,9.897934110999999646e-01,-1.074609210000000009e-01,-2.523358670999999859e-02
3.761186300000000093e-01,9.902584714000000066e-01,-1.065970534000000025e-01,-2.561004391999999880e-02
3.764695699999999756e-01,9.896651791999999670e-01,-1.051646207000000027e-01,-2.613053250000000119e-02
3.768215100000000262e-01,9.901204463999999650e-01,-1.034190999999999999e-01,-2.685788181999999857e-02
3.771734400000000265e-01,9.888036755000000344e-01,-1.014407836999999951e-01,-2.747988146999999839e-02
3.775253800000000215e-01,9.891251294999999777e-01,-9.906822696000000539e-02,-2.811875767000000109e-02
3.778773200000000165e-01,9.881491829999999865e-01,-9.643096226000000271e-02,-2.857024212999999951e-02
3.782292600000000116e-01,9.854468880000000208e-01,-9.385978008999999733e-02,-2.890633247000000058e-02
3.785822200000000248e-01,9.835289889999999646e-01,-9.158805146000000008e-02,-2.920063272000000126e-02
3.789351799999999826e-01,9.788178251000000385e-01,-8.881061748999999339e-02,-2.900187892999999892e-02
3.792902100000000165e-01,9.753439642000000243e-01,-8.564712432000000375e-02,-2.873537023999999870e-02
3.796462800000000026e-01,9.723000849999999806e-01,-8.296905481999999887e-02,-2.817191557000000082e-02
3.800044799999999778e-01,9.688841021999999858e-01,-8.031165868999999569e-02,-2.761917394999999914e-02
3.803637500000000005e-01,9.658186180000000176e-01,-7.753866040000000071e-02,-2.707287603000000167e-02
3.807251899999999911e-01,9.634698401000000301e-01,-7.492072445000000358e-02,-2.653777615999999839e-02
3.810888299999999895e-01,9.626031294000000349e-01,-7.232285157999999992e-02,-2.597762077999999850e-02
3.814547099999999746e-01,9.626578579000000246e-01,-6.969610514000000590e-02,-2.546376042999999936e-02
3.818228599999999862e-01,9.628984191999999664e-01,-6.680174596000000575e-02,-2.514284121999999996e-02
3.821933200000000030e-01,9.634788780999999913e-01,-6.343601110999999571e-02,-2.513390413999999976e-02
3.825661300000000042e-01,9.635103351999999566e-01,-5.996630338000000227e-02,-2.534560079999999965e-02
3.829413199999999740e-01,9.609163199000000377e-01,-5.689505840999999758e-02,-2.529046396999999960e-02
3.833189300000000022e-01,9.579777198000000160e-01,-5.390650909999999962e-02,-2.520110688000000085e-02
3.836989900000000175e-01,9.555141869000000066e-01,-5.115858823999999694e-02,-2.505878435999999918e-02
3.840815599999999885e-01,9.546775302000000130e-01,-4.901636933999999751e-02,-2.501107962000000129e-02
3.844654000000000127e-01,9.543409829000000233e-01,-4.753607233999999904e-02,-2.507304071000000106e-02
3.848505099999999790e-01,9.541965502000000487e-01,-4.625633393999999815e-02,-2.511047099000000143e-02
3.852369199999999827e-01,9.541402466999999721e-01,-4.539847553999999674e-02,-2.499341844999999895e-02
3.856246400000000185e-01,9.554101901999999535e-01,-4.546714679000000287e-02,-2.473810109999999979e-02
3.860136699999999754e-01,9.560153357999999768e-01,-4.628291746000000317e-02,-2.414555171000000097e-02
3.864040300000000094e-01,9.565272410999999808e-01,-4.700804031999999966e-02,-2.353054922999999951e-02
3.867957399999999990e-01,9.568483691000000402e-01,-4.773059290000000038e-02,-2.292798386000000077e-02
3.871901799999999949e-01,9.581161894999999928e-01,-4.873838594999999746e-02,-2.238147672999999879e-02
3.875874000000000263e-01,9.596295193999999640e-01,-4.932029806999999738e-02,-2.207822387000000011e-02
3.879860299999999818e-01,9.608466535999999891e-01,-5.004926056999999678e-02,-2.171526541000000018e-02
3.883846499999999979e-01,9.599580681999999587e-01,-5.090289744999999810e-02,-2.132892490000000071e-02
3.887818599999999791e-01,9.594178198999999685e-01,-5.227292880000000003e-02,-2.085102234000000068e-02
3.891790700000000158e-01,9.591484476999999620e-01,-5.352347217000000268e-02,-2.026214587000000136e-02
3.895762700000000023e-01,9.576743962999999527e-01,-5.566428832999999882e-02,-1.965948027999999889e-02
3.899720600000000092e-01,9.585565992000000257e-01,-5.810146501999999963e-02,-1.907547228999999928e-02
3.903650200000000070e-01,9.595485563000000218e-01,-6.083588960999999906e-02,-1.835604471000000168e-02
3.907565700000000253e-01,9.598866241000000299e-01,-6.370845679999999345e-02,-1.758838961999999867e-02
3.911453400000000080e-01,9.623727487000000025e-01,-6.575765461999999451e-02,-1.717413073000000068e-02
3.915313500000000002e-01,9.650821122999999613e-01,-6.783980807999999418e-02,-1.663644096999999933e-02
3.919146299999999861e-01,9.676029796999999766e-01,-7.007210031999999700e-02,-1.620004234999999904e-02
3.922965500000000216e-01,9.701083313999999680e-01,-7.229302401999999905e-02,-1.598850032999999879e-02
3.926757900000000245e-01,9.725931711999999951e-01,-7.363868257000000250e-02,-1.607060311999999880e-02
3.930523699999999843e-01,9.738997253000000187e-01,-7.542038842999999881e-02,-1.628051951000000080e-02
3.934276199999999779e-01,9.748862110999999553e-01,-7.677388194999999749e-02,-1.670850633000000099e-02
3.938015599999999949e-01,9.755385309999999865e-01,-7.831641828999999499e-02,-1.720064220000000130e-02
3.941728800000000033e-01,9.752289627000000349e-01,-7.952338984000000000e-02,-1.784553679999999892e-02
3.945429100000000244e-01,9.740402128999999798e-01,-8.005074632000000467e-02,-1.868543619999999891e-02
3.949116400000000082e-01,9.723664752999999772e-01,-8.030772959000000155e-02,-1.956131495999999942e-02
3.952790800000000049e-01,9.705482531000000357e-01,-8.140134010999999781e-02,-2.017059327999999943e-02
3.956452400000000091e-01,9.683204078999999576e-01,-8.235616206000000161e-02,-2.069408866999999930e-02
3.960114000000000134e-01,9.662128174999999874e-01,-8.281459801000000398e-02,-2.142817358000000116e-02
3.963762699999999750e-01,9.646351907000000336e-01,-8.301580219000000149e-02,-2.204303277999999922e-02
3.967398599999999997e-01,9.628249785000000394e-01,-8.332227041999999695e-02,-2.246979278999999829e-02
3.971034500000000245e-01,9.603892658999999554e-01,-8.393188806000000113e-02,-2.262486696000000005e-02
3.974657600000000013e-01,9.587617935000000147e-01,-8.482081247999999352e-02,-2.274363344000000092e-02
3.978280799999999728e-01,9.585598720000000350e-01,-8.547805464999999603e-02,-2.291895428000000068e-02
3.981903900000000052e-01,9.582894615999999477e-01,-8.592344552000000246e-02,-2.302123560999999943e-02
3.985539900000000246e-01,9.584634814000000391e-01,-8.635267097000000336e-02,-2.316505354000000100e-02
3.989175999999999833e-01,9.611855583999999730e-01,-8.532298049000000550e-02,-2.359851559000000071e-02
3.992825199999999741e-01,9.649547105000000347e-01,-8.408054714000000318e-02,-2.418317847000000034e-02
3.996487599999999918e-01,9.671010163000000048e-01,-8.226321829999999613e-02,-2.493026392000000091e-02
4.000163500000000205e-01,9.670377666999999677e-01,-8.091524256000000304e-02,-2.550171722999999835e-02
4.003866600000000053e-01,9.665599229000000348e-01,-7.993284336000000545e-02,-2.579949256000000149e-02
4.007583499999999854e-01,9.665525513999999596e-01,-7.927184372999999951e-02,-2.598941010999999968e-02
4.011300400000000210e-01,9.667637958999999448e-01,-7.789006324000000148e-02,-2.625600725999999857e-02
4.015017300000000011e-01,9.678751441999999816e-01,-7.626910473999999607e-02,-2.656022325000000073e-02
4.018720299999999912e-01,9.681883499000000226e-01,-7.467721186999999594e-02,-2.681796051999999972e-02
4.022423199999999865e-01,9.690135785000000279e-01,-7.344475376999999583e-02,-2.692111462999999955e-02
4.026112199999999919e-01,9.700391846000000484e-01,-7.312367040999999401e-02,-2.688737176000000062e-02
4.029787200000000125e-01,9.701171831999999551e-01,-7.328266474000000308e-02,-2.665263907999999848e-02
4.033448399999999823e-01,9.709147882999999979e-01,-7.333445648000000427e-02,-2.649686731000000170e-02
4.037109600000000076e-01,9.725380422999999608e-01,-7.332663180000000003e-02,-2.627704109000000149e-02
4.040756899999999874e-01,9.727884581000000308e-01,-7.383145572999999517e-02,-2.595998512999999827e-02
4.044390400000000274e-01,9.739209411999999455e-01,-7.408120037000000269e-02,-2.584722571999999857e-02
4.048023900000000119e-01,9.745890107000000357e-01,-7.456463599000000275e-02,-2.564143178000000134e-02
4.051643600000000012e-01,9.746905514000000492e-01,-7.480899097000000275e-02,-2.564699071000000122e-02
4.055263299999999904e-01,9.733295332000000410e-01,-7.479226377000000592e-02,-2.569159103999999957e-02
4.058882999999999797e-01,9.721730208000000095e-01,-7.445137089999999402e-02,-2.576085430000000023e-02
4.062502599999999742e-01,9.693589409999999740e-01,-7.406331028000000261e-02,-2.577414231999999861e-02
4.066122300000000189e-01,9.673389905000000510e-01,-7.341398790000000507e-02,-2.604709880999999880e-02
4.069756099999999877e-01,9.644553227000000062e-01,-7.282469591000000075e-02,-2.629329051999999833e-02
4.073404099999999861e-01,9.616376169000000473e-01,-7.277929756999999833e-02,-2.649258781999999993e-02
4.077066500000000038e-01,9.593853648000000289e-01,-7.341042882999999908e-02,-2.659108504000000026e-02
4.080743600000000249e-01,9.586166765000000423e-01,-7.439508036000000435e-02,-2.659603812999999928e-02
4.084435299999999991e-01,9.587012350000000405e-01,-7.556699579999999472e-02,-2.656197700000000050e-02
4.088127100000000236e-01,9.582749118000000177e-01,-7.656726657000000047e-02,-2.642777874999999860e-02
4.091833899999999802e-01,9.590694243999999813e-01,-7.763166479999999980e-02,-2.635365296999999871e-02
4.095571199999999967e-01,9.590861994999999585e-01,-7.873555567999999949e-02,-2.614129173999999931e-02
4.099324100000000248e-01,9.594220250999999644e-01,-7.962454547000000216e-02,-2.594209129000000016e-02
4.103092600000000090e-01,9.600755144999999491e-01,-8.001605243999999895e-02,-2.567866862000000097e-02
4.106892999999999794e-01,9.601263769000000226e-01,-7.941475746999999974e-02,-2.536108869999999932e-02
4.110726100000000049e-01,9.597829991999999866e-01,-7.827948766999999475e-02,-2.498103629999999867e-02
4.114592499999999986e-01,9.581104593999999475e-01,-7.657021411999999361e-02,-2.456274328000000035e-02
4.118492999999999737e-01,9.552539020000000436e-01,-7.421327536999999808e-02,-2.430475955999999993e-02
4.122428300000000045e-01,9.535086740999999533e-01,-7.148218107999999849e-02,-2.419970088000000102e-02
4.126399199999999934e-01,9.506211884999999917e-01,-6.814871227999999559e-02,-2.404537380999999946e-02
4.130406600000000039e-01,9.481232924000000395e-01,-6.468970434000000103e-02,-2.383788115000000027e-02
4.134451199999999993e-01,9.446022336999999602e-01,-6.086547890999999960e-02,-2.361991596999999873e-02
4.138514799999999938e-01,9.407138752999999465e-01,-5.696558001000000260e-02,-2.340508500999999991e-02
4.142597700000000271e-01,9.371091659000000407e-01,-5.328607213000000065e-02,-2.310499417000000041e-02
4.146700099999999778e-01,9.329717263000000260e-01,-4.976222572999999816e-02,-2.279795455999999998e-02
4.150802499999999839e-01,9.290870455999999944e-01,-4.659327448000000205e-02,-2.235484798999999925e-02
4.154924799999999974e-01,9.250858636000000024e-01,-4.345572517000000079e-02,-2.196468174999999939e-02
4.159027100000000088e-01,9.208114854000000182e-01,-4.090348214000000260e-02,-2.151094989999999957e-02
4.163129400000000202e-01,9.181191614999999473e-01,-3.850778783000000094e-02,-2.120442810999999955e-02
4.167231699999999761e-01,9.176571262999999590e-01,-3.598121633999999680e-02,-2.110849693999999888e-02
4.171313899999999908e-01,9.196117673000000492e-01,-3.381869866000000030e-02,-2.114058832000000054e-02
4.175396100000000055e-01,9.218929442000000085e-01,-3.184362078999999901e-02,-2.138028720000000049e-02
4.179498600000000064e-01,9.228127331000000044e-01,-3.019883997999999944e-02,-2.172255849999999919e-02
4.183601100000000073e-01,9.235027189000000192e-01,-2.931041121000000152e-02,-2.180424242000000151e-02
4.187703600000000081e-01,9.235645749999999987e-01,-2.901007480000000055e-02,-2.167951980999999889e-02
4.191826900000000244e-01,9.232968064000000030e-01,-2.946730879000000053e-02,-2.139855742999999949e-02
4.195929299999999751e-01,9.239579906999999537e-01,-3.036910920000000097e-02,-2.119943398000000145e-02
4.199969900000000145e-01,9.247642834999999506e-01,-3.177679559999999764e-02,-2.096667120999999925e-02
4.203970100000000154e-01,9.262220723999999850e-01,-3.329593134000000121e-02,-2.048413199000000129e-02
4.207910799999999840e-01,9.272348912000000221e-01,-3.482882094999999872e-02,-1.996232074999999828e-02
4.211793600000000026e-01,9.298653730999999478e-01,-3.676597549999999909e-02,-1.936944042000000171e-02
4.215638500000000177e-01,9.328353527999999617e-01,-3.902143663000000318e-02,-1.866761777999999955e-02
4.219427700000000225e-01,9.370659555000000474e-01,-4.182881520000000103e-02,-1.807908642000000121e-02
4.223162500000000041e-01,9.413944204999999954e-01,-4.481033657999999864e-02,-1.758525965000000066e-02
4.226861700000000277e-01,9.458197132000000229e-01,-4.744607866000000174e-02,-1.717494997999999967e-02
4.230525900000000061e-01,9.495709044000000265e-01,-5.010152263999999994e-02,-1.675889154999999839e-02
4.234155499999999739e-01,9.532445176999999603e-01,-5.267764477999999778e-02,-1.633371935999999858e-02
4.237751000000000157e-01,9.569128026000000009e-01,-5.538553029999999933e-02,-1.600312802000000006e-02
4.241312899999999941e-01,9.605649334000000428e-01,-5.795674014999999818e-02,-1.582094547000000018e-02
4.244858200000000137e-01,9.627585683999999588e-01,-6.057741563999999995e-02,-1.567316896000000084e-02
4.248386900000000188e-01,9.641372771999999758e-01,-6.299500143000000274e-02,-1.550518053000000084e-02
4.251899100000000042e-01,9.641475375000000403e-01,-6.525812202000000339e-02,-1.529813554000000048e-02
4.255394900000000202e-01,9.639932634000000222e-01,-6.772016660000000632e-02,-1.509028723999999988e-02
4.258890699999999807e-01,9.627876533000000459e-01,-7.013246900000000283e-02,-1.484015823999999990e-02
4.262386499999999967e-01,9.610150115000000159e-01,-7.237387497000000169e-02,-1.471644195999999988e-02
4.265882300000000127e-01,9.584497627000000408e-01,-7.471317171999999895e-02,-1.462732890999999917e-02
4.269378099999999732e-01,9.571456177999999593e-01,-7.707695901000000127e-02,-1.457802295000000005e-02
4.272873899999999892e-01,9.582375121999999745e-01,-7.924391105000000435e-02,-1.467873769999999967e-02
4.276386500000000090e-01,9.591278613000000508e-01,-8.146656985000000351e-02,-1.487320758000000055e-02
4.279899200000000237e-01,9.592452713000000353e-01,-8.294845334000000570e-02,-1.521336099000000081e-02
4.283429100000000211e-01,9.587684841000000402e-01,-8.460642200000000057e-02,-1.550740884999999951e-02
4.286976499999999857e-01,9.579013337999999766e-01,-8.593656841999999796e-02,-1.599183610000000019e-02
4.290541600000000177e-01,9.586991331999999977e-01,-8.684141978999999900e-02,-1.661879566000000127e-02
4.294124799999999853e-01,9.602385004000000279e-01,-8.767577410999999321e-02,-1.731253354999999841e-02
4.297707900000000136e-01,9.625989850999999708e-01,-8.827259795000000353e-02,-1.810023841000000036e-02
4.301309400000000172e-01,9.650276236000000507e-01,-8.854459317000000496e-02,-1.897081256999999868e-02
4.304910900000000207e-01,9.667571863999999682e-01,-8.835263402000000099e-02,-1.985245270999999936e-02
4.308512400000000242e-01,9.683836612999999760e-01,-8.790918205000000651e-02,-2.078230049999999982e-02
4.312113900000000277e-01,9.700551766999999659e-01,-8.750708335000000060e-02,-2.163480204999999879e-02
4.315715399999999757e-01,9.714149554000000020e-01,-8.679666827000000195e-02,-2.241045884000000127e-02
4.319316899999999793e-01,9.723080898999999500e-01,-8.622739858000000313e-02,-2.312834256000000088e-02
4.322899399999999837e-01,9.741401869000000380e-01,-8.592814172000000361e-02,-2.372576648000000038e-02
4.326481999999999828e-01,9.763387551000000109e-01,-8.578094683999999692e-02,-2.429092261000000141e-02
4.330045499999999881e-01,9.780615016999999467e-01,-8.553120243999999539e-02,-2.476949725000000130e-02
4.333609099999999881e-01,9.796777929000000107e-01,-8.558012829000000155e-02,-2.510459396999999843e-02
4.337172699999999881e-01,9.811536491000000249e-01,-8.549453329999999462e-02,-2.535540881000000052e-02
4.340717199999999942e-01,9.809774902000000241e-01,-8.509217974999999656e-02,-2.548938367000000080e-02
4.344280899999999890e-01,9.789642965999999502e-01,-8.441849431999999542e-02,-2.549903955000000152e-02
4.347844599999999837e-01,9.761372501999999729e-01,-8.372110238999999621e-02,-2.559567391999999914e-02
4.351408299999999785e-01,9.736319101000000531e-01,-8.274000039999999945e-02,-2.562721293000000053e-02
4.354991699999999910e-01,9.719942597999999823e-01,-8.158197458999999485e-02,-2.570997455000000043e-02
4.358595100000000055e-01,9.698964546999999659e-01,-8.005362900000000115e-02,-2.577036581000000104e-02
4.362198500000000201e-01,9.700619072999999704e-01,-7.911778814000000604e-02,-2.592006171999999831e-02
4.365822400000000103e-01,9.699658429999999942e-01,-7.824382930999999874e-02,-2.614514130000000075e-02
4.369446200000000058e-01,9.690947554000000075e-01,-7.720160003999999854e-02,-2.639385849999999895e-02
4.373070099999999960e-01,9.674394248000000029e-01,-7.555026545000000093e-02,-2.673621865000000083e-02
4.376693999999999862e-01,9.658531853999999806e-01,-7.427245594999999645e-02,-2.689612335999999951e-02
4.380317899999999764e-01,9.629468263999999555e-01,-7.278319576000000235e-02,-2.697719772999999932e-02
4.383963000000000165e-01,9.587242163000000428e-01,-7.129078359000000364e-02,-2.692588388999999846e-02
4.387608199999999958e-01,9.545454974999999509e-01,-7.019588002000000382e-02,-2.692190264999999930e-02
4.391253399999999751e-01,9.505533395999999913e-01,-6.898844385999999829e-02,-2.685448525000000072e-02
4.394898600000000100e-01,9.472975959999999640e-01,-6.788638533999999392e-02,-2.687110733000000126e-02
4.398565899999999917e-01,9.439472336999999991e-01,-6.651986713999999412e-02,-2.694076238000000026e-02
4.402233199999999735e-01,9.410719318000000388e-01,-6.540809734999999958e-02,-2.693161091000000062e-02
4.405923099999999870e-01,9.381006902999999841e-01,-6.404562038000000124e-02,-2.696879543000000115e-02
4.409636100000000059e-01,9.360289779999999560e-01,-6.267728474000000549e-02,-2.697862889999999916e-02
4.413349100000000247e-01,9.340019690999999957e-01,-6.138801524999999704e-02,-2.697625160000000077e-02
4.417085700000000226e-01,9.331916769000000444e-01,-6.002374701999999701e-02,-2.702521442999999968e-02
4.420846399999999732e-01,9.329327685999999620e-01,-5.861365587999999710e-02,-2.707418152000000064e-02
4.424607199999999740e-01,9.345117814000000189e-01,-5.727842866999999921e-02,-2.706879419999999939e-02
4.428367899999999802e-01,9.362541710999999767e-01,-5.543732124999999761e-02,-2.711859835999999926e-02
4.432153500000000079e-01,9.380354195000000228e-01,-5.353633954999999917e-02,-2.721408448999999841e-02
4.435939199999999749e-01,9.413305725999999707e-01,-5.167872746999999795e-02,-2.737281479999999906e-02
4.439750399999999875e-01,9.440008667999999492e-01,-4.998406878000000164e-02,-2.740438447000000111e-02
4.443587700000000140e-01,9.452439423999999812e-01,-4.802937481999999814e-02,-2.750584082999999944e-02
4.447451700000000230e-01,9.465946246999999980e-01,-4.642025442000000113e-02,-2.747400338000000053e-02
4.451342899999999880e-01,9.475297216000000411e-01,-4.487807886999999746e-02,-2.735426925000000037e-02
4.455261899999999886e-01,9.474180138000000140e-01,-4.372114786999999753e-02,-2.710505396000000011e-02
4.459209199999999984e-01,9.465207646000000086e-01,-4.292390474999999844e-02,-2.677953096999999977e-02
4.463215099999999769e-01,9.455654836000000341e-01,-4.224935166999999742e-02,-2.633879781000000170e-02
4.467251099999999808e-01,9.446349222000000045e-01,-4.188782769999999794e-02,-2.583526990999999995e-02
4.471317899999999734e-01,9.438504977999999657e-01,-4.241690022999999865e-02,-2.519376872999999975e-02
4.475416199999999733e-01,9.438363816000000517e-01,-4.329287033999999756e-02,-2.439993622000000140e-02
4.479514499999999733e-01,9.427829938999999770e-01,-4.434754931999999872e-02,-2.346694565999999857e-02
4.483612799999999732e-01,9.406897384000000306e-01,-4.511239446999999736e-02,-2.245294238000000026e-02
4.487743900000000230e-01,9.377871864000000279e-01,-4.532630844999999825e-02,-2.128538525000000028e-02
4.491875000000000173e-01,9.343812593000000444e-01,-4.564636404999999897e-02,-2.018124177000000033e-02
4.496040000000000036e-01,9.306442699000000429e-01,-4.581357747999999924e-02,-1.916825042999999867e-02
4.500204899999999952e-01,9.275527920999999676e-01,-4.584092590999999661e-02,-1.829088738999999977e-02
4.504369899999999816e-01,9.241834397999999506e-01,-4.503166631000000281e-02,-1.755337826999999948e-02
4.508570100000000025e-01,9.209700095999999725e-01,-4.414593068000000065e-02,-1.688588970000000009e-02
4.512770400000000182e-01,9.185284400000000016e-01,-4.358214388000000022e-02,-1.636718796000000142e-02
4.516970599999999836e-01,9.153771321000000460e-01,-4.337557412000000306e-02,-1.588818732000000025e-02
4.521170899999999993e-01,9.131871156999999961e-01,-4.355285832999999940e-02,-1.557295069000000018e-02
4.525334599999999985e-01,9.105832554999999662e-01,-4.381880218999999882e-02,-1.537430444999999916e-02
4.529498399999999925e-01,9.076106675999999762e-01,-4.372496424999999798e-02,-1.513064589999999973e-02
4.533662099999999917e-01,9.054841236999999765e-01,-4.361474541000000260e-02,-1.502530617000000061e-02
4.537788999999999850e-01,9.049732793000000441e-01,-4.348811045999999986e-02,-1.498695778999999985e-02
4.541915899999999784e-01,9.057037001000000087e-01,-4.355940541000000166e-02,-1.489711332000000048e-02
4.546005900000000266e-01,9.061550849999999713e-01,-4.394793506999999932e-02,-1.477073867000000020e-02
4.550059399999999976e-01,9.070337496000000499e-01,-4.471316797000000204e-02,-1.475183402999999914e-02
4.554076699999999867e-01,9.084728771000000203e-01,-4.601444419000000341e-02,-1.489147352999999931e-02
4.558022999999999936e-01,9.118385257000000133e-01,-4.749595272999999895e-02,-1.524358219000000042e-02
4.561934300000000109e-01,9.160700977000000300e-01,-4.955489007000000307e-02,-1.559683186000000027e-02
4.565776899999999805e-01,9.223608798000000331e-01,-5.251679101000000099e-02,-1.605808032000000107e-02
4.569585899999999978e-01,9.286838130000000247e-01,-5.582699004000000326e-02,-1.662158924000000162e-02
4.573361499999999968e-01,9.347619836999999654e-01,-5.907132348000000005e-02,-1.737586837999999939e-02
4.577103900000000225e-01,9.408613559999999820e-01,-6.186221417999999972e-02,-1.828018107999999919e-02
4.580813499999999983e-01,9.459211817999999550e-01,-6.533898235000000498e-02,-1.908782280000000109e-02
4.584523200000000243e-01,9.488358298000000302e-01,-6.912173853000000423e-02,-1.979602941999999977e-02
4.588199900000000109e-01,9.512990196999999704e-01,-7.314499504999999457e-02,-2.027778019000000057e-02
4.591876699999999922e-01,9.528423399000000016e-01,-7.737286384000000017e-02,-2.056620648000000162e-02
4.595520699999999792e-01,9.534789565000000300e-01,-8.147514993000000427e-02,-2.073514384999999849e-02
4.599164600000000269e-01,9.545504905999999679e-01,-8.503676728999999546e-02,-2.079901649999999977e-02
4.602775800000000195e-01,9.562512885999999712e-01,-8.829992220000000558e-02,-2.077046831000000163e-02
4.606386900000000173e-01,9.578294171000000246e-01,-9.109592820999999618e-02,-2.059178018999999887e-02
4.609965200000000207e-01,9.593848648999999673e-01,-9.334421694000000214e-02,-2.025741672000000090e-02
4.613543500000000241e-01,9.601896613999999497e-01,-9.511026457000000545e-02,-1.989784325999999909e-02
4.617088999999999777e-01,9.606797910000000051e-01,-9.651842844999999893e-02,-1.959683434000000085e-02
4.620634399999999919e-01,9.608548162000000170e-01,-9.733470504999999773e-02,-1.928921353999999908e-02
4.624179900000000010e-01,9.605385625000000260e-01,-9.749059390000000547e-02,-1.898946790000000107e-02
4.627725400000000100e-01,9.595338762999999771e-01,-9.742329915000000340e-02,-1.863353715000000063e-02
4.631270900000000190e-01,9.593015943999999573e-01,-9.727698898000000649e-02,-1.839278738999999829e-02
4.634816299999999778e-01,9.584133295000000219e-01,-9.619542499000000024e-02,-1.825404320000000025e-02
4.638361799999999868e-01,9.574837323999999539e-01,-9.463890684999999581e-02,-1.811174756999999955e-02
4.641942399999999802e-01,9.573271045000000257e-01,-9.329084780999999382e-02,-1.799048349000000047e-02
4.645522999999999736e-01,9.581379353000000210e-01,-9.177958313999999562e-02,-1.807698427999999968e-02
4.649103500000000277e-01,9.591930350999999799e-01,-9.029756529000000642e-02,-1.824224187999999927e-02
4.652684100000000211e-01,9.606962395000000487e-01,-8.895176073999999655e-02,-1.850418179000000093e-02
4.656264700000000145e-01,9.629890653999999550e-01,-8.776035434999999996e-02,-1.889169187999999860e-02
4.659845300000000079e-01,9.645169032999999503e-01,-8.665024065000000164e-02,-1.928899527000000128e-02
4.663463899999999995e-01,9.658049442999999679e-01,-8.536859803000000635e-02,-1.979716541999999857e-02
4.667082599999999859e-01,9.677817069999999910e-01,-8.437467658000000204e-02,-2.030720030000000148e-02
4.670701299999999723e-01,9.699055410000000377e-01,-8.348664983999999623e-02,-2.082678099999999907e-02
4.674319900000000194e-01,9.722015797999999931e-01,-8.301288309000000309e-02,-2.150336318999999941e-02
4.677938600000000058e-01,9.729898727000000358e-01,-8.271621194000000621e-02,-2.211917187999999992e-02
4.681598399999999938e-01,9.717702890999999621e-01,-8.262987822999999510e-02,-2.256014035000000056e-02
4.685258199999999817e-01,9.694823416000000194e-01,-8.238105050999999790e-02,-2.279534188000000017e-02
4.688960999999999824e-01,9.662332042000000287e-01,-8.148952334999999547e-02,-2.295223790999999930e-02
4.692663899999999777e-01,9.628713320999999770e-01,-8.027755347999999957e-02,-2.297972893999999933e-02
4.696411899999999862e-01,9.596321367000000269e-01,-7.802877625000000095e-02,-2.306899555999999962e-02
4.700159899999999946e-01,9.563965989999999584e-01,-7.552146888999999863e-02,-2.302240533999999963e-02
4.703907900000000031e-01,9.535279587999999640e-01,-7.261449781999999853e-02,-2.309102773999999886e-02
4.707703899999999830e-01,9.515262058000000245e-01,-6.971893589000000002e-02,-2.342510231000000109e-02
4.711500000000000132e-01,9.500868420000000425e-01,-6.668880627999999866e-02,-2.396413503000000000e-02
4.715295999999999932e-01,9.495073063000000202e-01,-6.327151896999999581e-02,-2.456549371000000051e-02
4.719092100000000234e-01,9.491741443000000222e-01,-6.004794460000000000e-02,-2.515019519999999939e-02
4.722888100000000033e-01,9.481758751000000096e-01,-5.708174891000000056e-02,-2.554074468000000139e-02
4.726736899999999797e-01,9.472295358000000220e-01,-5.455271066000000335e-02,-2.590067044999999971e-02
4.730585700000000116e-01,9.454386125999999502e-01,-5.289530289000000246e-02,-2.611409058999999977e-02
4.734490199999999982e-01,9.426218240999999498e-01,-5.149265967999999694e-02,-2.609193912000000101e-02
4.738394799999999796e-01,9.409399310999999599e-01,-5.037906632999999967e-02,-2.601726552999999997e-02
4.742299400000000165e-01,9.400173190999999706e-01,-4.936011400999999743e-02,-2.580353335000000123e-02
4.746203900000000031e-01,9.399270789000000459e-01,-4.832689183000000305e-02,-2.570499169999999889e-02
4.750169499999999934e-01,9.381753500999999718e-01,-4.725620787999999795e-02,-2.537253933999999989e-02
4.754134999999999889e-01,9.366370787000000142e-01,-4.605083304999999655e-02,-2.499056306999999921e-02
4.758100599999999791e-01,9.357587724999999468e-01,-4.502704951000000011e-02,-2.453052141999999963e-02
4.762066200000000249e-01,9.352376488000000432e-01,-4.421433339999999990e-02,-2.412487316000000090e-02
4.766098899999999805e-01,9.346594454000000107e-01,-4.335603429999999869e-02,-2.380834315999999853e-02
4.770131699999999864e-01,9.351696379999999698e-01,-4.260242745000000081e-02,-2.361398852000000034e-02
4.774164499999999922e-01,9.358866899000000128e-01,-4.203509583000000077e-02,-2.340037555000000144e-02
4.778197299999999981e-01,9.352971004000000255e-01,-4.221946629000000034e-02,-2.299513637999999957e-02
4.782230100000000039e-01,9.339377183000000526e-01,-4.321725562999999964e-02,-2.237825779000000154e-02
4.786262800000000150e-01,9.317636419999999475e-01,-4.431129502000000220e-02,-2.177889611000000114e-02
4.790220900000000115e-01,9.293621256999999858e-01,-4.593502885999999757e-02,-2.109437248999999903e-02
4.794179000000000079e-01,9.269025069999999866e-01,-4.771877117000000029e-02,-2.051477785999999970e-02
4.798137100000000044e-01,9.248184260999999795e-01,-4.996392401000000066e-02,-2.004661698000000103e-02
4.802095200000000008e-01,9.231266857000000048e-01,-5.212101918999999944e-02,-1.948944663000000063e-02
4.806053299999999973e-01,9.216595351999999908e-01,-5.462867125999999740e-02,-1.895165254999999979e-02
4.810011399999999937e-01,9.209832772999999584e-01,-5.700948774000000330e-02,-1.844658979999999962e-02
4.813969499999999901e-01,9.199373870999999481e-01,-5.956356188999999829e-02,-1.796820165999999871e-02
4.817927599999999866e-01,9.200432702999999934e-01,-6.198001284000000111e-02,-1.757723259999999926e-02
4.821885699999999830e-01,9.209256252999999948e-01,-6.400903634000000564e-02,-1.732378971999999975e-02
4.825843799999999795e-01,9.231823891999999532e-01,-6.586456796999999586e-02,-1.716160057999999849e-02
4.829801899999999759e-01,9.254194874000000182e-01,-6.721944265000000251e-02,-1.704275712999999901e-02
4.833759999999999724e-01,9.287928941999999966e-01,-6.851992305000000061e-02,-1.694315663999999833e-02
4.837718100000000243e-01,9.329673669000000391e-01,-7.001557600999999686e-02,-1.687888677000000046e-02
4.841676200000000208e-01,9.364365908999999766e-01,-7.148759886000000119e-02,-1.672791494999999878e-02
4.845634300000000172e-01,9.396676889999999727e-01,-7.254415285000000158e-02,-1.648422403000000119e-02
4.849493400000000065e-01,9.424040754000000408e-01,-7.343890503000000125e-02,-1.632361779999999887e-02
4.853352599999999906e-01,9.445960368000000384e-01,-7.414252236000000440e-02,-1.615434498999999968e-02
4.857112699999999728e-01,9.466911672000000166e-01,-7.488175327000000381e-02,-1.588205763999999895e-02
4.860872900000000052e-01,9.483204547000000373e-01,-7.581389793999999960e-02,-1.552291614000000063e-02
4.864534200000000252e-01,9.504443291999999932e-01,-7.745452862000000438e-02,-1.530290548000000014e-02
4.868195399999999951e-01,9.519478231000000346e-01,-7.935162270999999989e-02,-1.501966960999999955e-02
4.871856600000000204e-01,9.543778780999999656e-01,-8.219360699000000103e-02,-1.471641295999999953e-02
4.875517899999999849e-01,9.564622321000000316e-01,-8.525475473999999387e-02,-1.433546525999999932e-02
4.879179100000000102e-01,9.582376840999999867e-01,-8.864967616999999689e-02,-1.395179897999999918e-02
4.882840399999999748e-01,9.600080653000000463e-01,-9.208863639000000600e-02,-1.377685472999999952e-02
4.886390700000000087e-01,9.625890647000000522e-01,-9.553143635999999939e-02,-1.369133628000000075e-02
4.889940899999999924e-01,9.631456721000000165e-01,-9.904954267000000423e-02,-1.356621277999999972e-02
4.893491200000000263e-01,9.640847452999999900e-01,-1.024340873000000041e-01,-1.346422560999999997e-02
4.897041500000000047e-01,9.642769106999999895e-01,-1.049806984000000026e-01,-1.349599458999999925e-02
4.900591799999999831e-01,9.642054022999999585e-01,-1.070683635999999939e-01,-1.349900658999999940e-02
4.904142100000000171e-01,9.636574625999999588e-01,-1.085783508000000008e-01,-1.360052051999999928e-02
4.907692399999999955e-01,9.623824407000000081e-01,-1.097884821000000011e-01,-1.386440392999999972e-02
4.911242699999999739e-01,9.618551493000000452e-01,-1.101839505000000025e-01,-1.436683677999999950e-02
4.914793000000000078e-01,9.624054924999999594e-01,-1.101295023999999956e-01,-1.494725667999999980e-02
4.918343299999999862e-01,9.622910520999999884e-01,-1.096970188000000040e-01,-1.560852788999999956e-02
4.921893600000000202e-01,9.626969273000000049e-01,-1.089905399999999969e-01,-1.626353768999999963e-02
4.925443899999999986e-01,9.620464320999999597e-01,-1.077067497000000068e-01,-1.699655704999999961e-02
4.928994199999999770e-01,9.619899202999999677e-01,-1.067231450999999998e-01,-1.769820652999999980e-02
4.932544500000000109e-01,9.622074841000000101e-01,-1.057217916000000035e-01,-1.837045744000000147e-02
4.936094699999999946e-01,9.632240311999999971e-01,-1.045204638000000047e-01,-1.905428492000000099e-02
4.939644999999999730e-01,9.644658104000000121e-01,-1.041521984000000067e-01,-1.962528679000000165e-02
4.943195300000000070e-01,9.662908635000000412e-01,-1.042325882000000037e-01,-2.000176056000000160e-02
4.946745599999999854e-01,9.685960823999999469e-01,-1.042848626000000001e-01,-2.041235036999999863e-02
4.950295900000000193e-01,9.725249948999999949e-01,-1.041843496999999980e-01,-2.092588018999999924e-02
4.953846199999999977e-01,9.759730009000000539e-01,-1.043058104000000041e-01,-2.147799130999999973e-02
4.957396499999999762e-01,9.803554058000000238e-01,-1.043321648999999962e-01,-2.202083969999999932e-02
4.960946800000000101e-01,9.855099953000000523e-01,-1.047759927000000008e-01,-2.267816891000000099e-02
4.964497099999999885e-01,9.901212947999999958e-01,-1.048106567000000044e-01,-2.340847655000000138e-02
4.968047400000000224e-01,9.944233711000000087e-01,-1.049518437000000054e-01,-2.409325031000000145e-02
4.971597700000000009e-01,9.984459220000000412e-01,-1.046019675999999982e-01,-2.466686025999999948e-02
4.975147999999999793e-01,1.000295173000000037e+00,-1.042529667999999993e-01,-2.502496628999999889e-02
4.978698200000000185e-01,1.000051459999999892e+00,-1.036182786999999966e-01,-2.530232601000000081e-02
4.982248499999999969e-01,9.996638857999999850e-01,-1.030611374000000025e-01,-2.547566940999999863e-02
4.985798799999999753e-01,9.984202844999999771e-01,-1.024211086999999992e-01,-2.569756072999999919e-02
4.989349100000000092e-01,9.973984827999999858e-01,-1.018095185999999958e-01,-2.586218930000000124e-02
4.992899399999999877e-01,9.946499130000000521e-01,-1.013664024999999941e-01,-2.596992446999999912e-02
4.996449700000000216e-01,9.925110228000000312e-01,-1.007215382000000020e-01,-2.612369854000000033e-02
5.000000000000000000e-01,9.906044149999999604e-01,-9.984222567999999354e-02,-2.624808376999999970e-02
5.003779299999999708e-01,9.864122032000000040e-01,-9.850636292000000682e-02,-2.639917971999999891e-02
5.007572900000000216e-01,9.837477159999999943e-01,-9.706956509000000399e-02,-2.657437383999999847e-02
5.011383900000000446e-01,9.802816239999999626e-01,-9.548955005999999746e-02,-2.669460643000000008e-02
5.015215400000000434e-01,9.760502689000000176e-01,-9.357645470000000576e-02,-2.678898240000000125e-02
5.019076599999999777e-01,9.710062014000000463e-01,-9.167945204999999875e-02,-2.681264091999999849e-02
5.022967999999999877e-01,9.663427294999999972e-01,-8.946143087999999799e-02,-2.689273661999999968e-02
5.026856299999999944e-01,9.603854692000000082e-01,-8.727360011000000195e-02,-2.701339619000000039e-02
5.030741499999999977e-01,9.550144921000000009e-01,-8.501540805000000478e-02,-2.705629814000000063e-02
5.034623799999999871e-01,9.514813554000000062e-01,-8.310097928000000078e-02,-2.724123062000000095e-02
5.038502999999999732e-01,9.482001826999999494e-01,-8.141586624999999633e-02,-2.746612265000000080e-02
5.042379099999999559e-01,9.468423106000000145e-01,-7.956059295999999559e-02,-2.794302829999999876e-02
5.046252300000000357e-01,9.461966251000000216e-01,-7.764923030999999753e-02,-2.835839504000000136e-02
5.050128499999999576e-01,9.482584018999999920e-01,-7.549520305000000098e-02,-2.890916632999999958e-02
5.054004600000000513e-01,9.503504345000000075e-01,-7.403028076999999818e-02,-2.923769805000000013e-02
5.057886900000000407e-01,9.531259678000000291e-01,-7.284553635000000360e-02,-2.952928486000000116e-02
5.061772199999999833e-01,9.557116976999999736e-01,-7.210463564999999853e-02,-2.977208455000000115e-02
5.065663599999999933e-01,9.577558912000000424e-01,-7.162013616000000027e-02,-3.002681871000000002e-02
5.069561200000000101e-01,9.594206153000000015e-01,-7.158984761999999391e-02,-3.020789186999999973e-02
5.073468100000000369e-01,9.621348081999999691e-01,-7.177439253999999547e-02,-3.039050386000000104e-02
5.077381100000000202e-01,9.649534166000000024e-01,-7.233186581999999365e-02,-3.029751367000000153e-02
5.081306599999999563e-01,9.669551285999999912e-01,-7.360167360000000047e-02,-3.022420090999999864e-02
5.085241600000000028e-01,9.678384003000000124e-01,-7.509996603000000659e-02,-3.003173060000000061e-02
5.089192399999999950e-01,9.676748348999999472e-01,-7.685585166000000190e-02,-2.975081816999999851e-02
5.093159099999999828e-01,9.647386382000000538e-01,-7.871264651999999862e-02,-2.920823497000000005e-02
5.097141899999999559e-01,9.637554345000000078e-01,-8.097191569999999394e-02,-2.886058130000000027e-02
5.101144300000000076e-01,9.620318520999999734e-01,-8.359060620000000053e-02,-2.834773905000000094e-02
5.105133499999999769e-01,9.594361288999999626e-01,-8.580559791000000325e-02,-2.789951145000000091e-02
5.109084200000000298e-01,9.573956459000000363e-01,-8.851724411000000403e-02,-2.739732045999999921e-02
5.113003200000000303e-01,9.559146606999999740e-01,-9.105111042999999849e-02,-2.691751917999999841e-02
5.116887900000000045e-01,9.560893056999999473e-01,-9.321675231999999867e-02,-2.632605495000000032e-02
5.120745100000000383e-01,9.580812169000000322e-01,-9.530023360000000610e-02,-2.577603821000000114e-02
5.124577900000000241e-01,9.602614230999999556e-01,-9.679970920000000034e-02,-2.510561756000000144e-02
5.128386900000000415e-01,9.643336651999999676e-01,-9.785230368000000234e-02,-2.455734081000000152e-02
5.132175100000000434e-01,9.691832196999999871e-01,-9.878984222999999398e-02,-2.408069930000000108e-02
5.135945600000000333e-01,9.724108514000000536e-01,-9.965643678999999699e-02,-2.353621800000000111e-02
5.139692999999999623e-01,9.738934792000000229e-01,-1.004617212000000065e-01,-2.308147564999999887e-02
5.143411700000000142e-01,9.749968892000000498e-01,-1.008961020000000014e-01,-2.264269218000000000e-02
5.147102099999999458e-01,9.755839856000000365e-01,-1.008548204999999975e-01,-2.228395161999999902e-02
5.150772999999999602e-01,9.744717563000000471e-01,-1.005923340000000055e-01,-2.171347259000000127e-02
5.154427200000000209e-01,9.737016440000000328e-01,-1.003758316000000067e-01,-2.122430194999999978e-02
5.158067800000000203e-01,9.734028112000000510e-01,-9.973270001999999523e-02,-2.069697355000000086e-02
5.161697400000000435e-01,9.729790305000000084e-01,-9.940112740999999807e-02,-2.027153441000000000e-02
5.165313499999999447e-01,9.715563856000000165e-01,-9.891297959000000528e-02,-1.976575523999999848e-02
5.168916099999999458e-01,9.690853895000000051e-01,-9.848178649000000062e-02,-1.922889297000000136e-02
5.172505299999999862e-01,9.656369466999999984e-01,-9.829440970000000166e-02,-1.874783257999999841e-02
5.176078600000000307e-01,9.620069643999999975e-01,-9.817078933999999479e-02,-1.821384621999999967e-02
5.179635999999999685e-01,9.597228858999999890e-01,-9.886877980000000066e-02,-1.773954776999999913e-02
5.183177799999999502e-01,9.557319291000000439e-01,-9.993799754000000368e-02,-1.743154351999999865e-02
5.186711800000000094e-01,9.516144309999999829e-01,-1.008713212999999970e-01,-1.717562262000000076e-02
5.190240600000000093e-01,9.493971655999999815e-01,-1.022992679000000044e-01,-1.694710823000000061e-02
5.193769400000000092e-01,9.478561900999999956e-01,-1.035754692000000060e-01,-1.666259204000000022e-02
5.197300799999999832e-01,9.466729093000000317e-01,-1.045255853000000013e-01,-1.651692479000000172e-02
5.200839999999999907e-01,9.469983550999999666e-01,-1.051216348000000023e-01,-1.656279442999999962e-02
5.204392300000000304e-01,9.466353476000000100e-01,-1.049766973999999992e-01,-1.667088829000000147e-02
5.207955199999999563e-01,9.467499978000000205e-01,-1.046756855000000042e-01,-1.696292682000000163e-02
5.211525999999999659e-01,9.477263374000000073e-01,-1.038780802000000003e-01,-1.738093828000000091e-02
5.215104799999999985e-01,9.480902287000000372e-01,-1.027131891000000047e-01,-1.768669297000000085e-02
5.218691699999999933e-01,9.488871029000000012e-01,-1.021589380999999991e-01,-1.787862092999999847e-02
5.222286699999999504e-01,9.495136220000000016e-01,-1.014223493000000059e-01,-1.792487586000000160e-02
5.225889799999999807e-01,9.508985906000000377e-01,-1.007376071000000012e-01,-1.813460697999999885e-02
5.229503800000000480e-01,9.517342451000000425e-01,-9.977178840000000548e-02,-1.822696924999999898e-02
5.233128799999999803e-01,9.527300962000000428e-01,-9.885017886999999948e-02,-1.843760248999999976e-02
5.236767599999999634e-01,9.551036133000000428e-01,-9.817608462999999341e-02,-1.864722703999999870e-02
5.240417600000000231e-01,9.581532568999999722e-01,-9.802662237999999750e-02,-1.881140677000000053e-02
5.244084500000000260e-01,9.623794934999999606e-01,-9.828486006999999358e-02,-1.890849303999999828e-02
5.247751299999999786e-01,9.681615346999999927e-01,-9.916760571999999607e-02,-1.904256529000000059e-02
5.251415400000000178e-01,9.744262524000000258e-01,-1.010465222000000024e-01,-1.913522184000000098e-02
5.255079400000000067e-01,9.785405218999999599e-01,-1.030666489000000019e-01,-1.922759024999999913e-02
5.258743399999999957e-01,9.820255746999999591e-01,-1.054539797000000056e-01,-1.928536532999999831e-02
5.262415999999999761e-01,9.837737426999999535e-01,-1.075619215000000045e-01,-1.946617789999999931e-02
5.266102799999999862e-01,9.863605783000000127e-01,-1.094856951000000023e-01,-1.995299005999999833e-02
5.269809800000000433e-01,9.886980329000000234e-01,-1.108095156999999997e-01,-2.083118470999999888e-02
5.273543200000000430e-01,9.912318938999999940e-01,-1.120888507000000062e-01,-2.196130111999999857e-02
5.277303300000000252e-01,9.923188490000000028e-01,-1.134310669000000021e-01,-2.316958276999999886e-02
5.281093599999999721e-01,9.938681309000000352e-01,-1.147488930999999990e-01,-2.436136762000000108e-02
5.284914600000000240e-01,9.939849134999999558e-01,-1.154253073000000018e-01,-2.567908153999999901e-02
5.288763600000000453e-01,9.934727596000000327e-01,-1.152641399000000066e-01,-2.671111354000000118e-02
5.292637999999999510e-01,9.909230959999999477e-01,-1.143684880999999987e-01,-2.765050032000000019e-02
5.296538100000000027e-01,9.865429269000000057e-01,-1.139091470999999967e-01,-2.820352718000000009e-02
5.300460900000000253e-01,9.807796858999999756e-01,-1.134507555999999945e-01,-2.850324594999999878e-02
5.304403500000000049e-01,9.729512781000000388e-01,-1.128514501000000003e-01,-2.862687150000000139e-02
5.308365999999999918e-01,9.661142334000000220e-01,-1.123215377999999959e-01,-2.864886261999999989e-02
5.312348700000000257e-01,9.595472074999999990e-01,-1.115305939000000024e-01,-2.846474918999999937e-02
5.316351799999999850e-01,9.538460770000000144e-01,-1.107842544999999984e-01,-2.821733519999999884e-02
5.320375600000000205e-01,9.499049939999999470e-01,-1.101716085999999983e-01,-2.794655399999999845e-02
5.324416699999999780e-01,9.465506018999999549e-01,-1.097701949000000066e-01,-2.781555565000000049e-02
5.328475400000000084e-01,9.439072003999999794e-01,-1.094311238000000019e-01,-2.774843435000000011e-02
5.332527000000000239e-01,9.420317377000000381e-01,-1.096700973000000051e-01,-2.766571618000000093e-02
5.336571599999999638e-01,9.408727527000000368e-01,-1.097611319999999974e-01,-2.791683207999999874e-02
5.340612700000000324e-01,9.393106737999999956e-01,-1.094785719999999962e-01,-2.826293472000000057e-02
5.344653799999999899e-01,9.378829035000000314e-01,-1.090708918999999943e-01,-2.888421826000000039e-02
5.348694899999999475e-01,9.394532277999999570e-01,-1.088629430999999981e-01,-2.950736115999999867e-02
5.352736000000000161e-01,9.424355678000000403e-01,-1.086487074999999969e-01,-3.013765281999999934e-02
5.356780599999999559e-01,9.474181177999999592e-01,-1.086328857000000009e-01,-3.070313507999999914e-02
5.360821700000000245e-01,9.538642150999999680e-01,-1.087519297999999940e-01,-3.128695333999999967e-02
5.364859299999999998e-01,9.599185164000000325e-01,-1.084780486999999960e-01,-3.190094898999999706e-02
5.368889799999999601e-01,9.645642947000000467e-01,-1.082759489999999963e-01,-3.231433721000000203e-02
5.372913400000000061e-01,9.697084164999999478e-01,-1.078294691000000055e-01,-3.258434260999999721e-02
5.376926499999999942e-01,9.745088865000000045e-01,-1.067569180000000062e-01,-3.273591958000000163e-02
5.380929100000000354e-01,9.771331975000000503e-01,-1.054711764000000052e-01,-3.288301195999999982e-02
5.384917999999999649e-01,9.802760917999999712e-01,-1.041172929999999996e-01,-3.299320290999999822e-02
5.388896499999999978e-01,9.810076701000000066e-01,-1.031148266999999952e-01,-3.284672949999999786e-02
5.392864699999999623e-01,9.794404340000000264e-01,-1.023991067000000060e-01,-3.258170618999999685e-02
5.396819400000000266e-01,9.762033597000000507e-01,-1.021117993999999946e-01,-3.224960302000000334e-02
5.400763800000000225e-01,9.712278031000000089e-01,-1.020421012999999932e-01,-3.165016408000000114e-02
5.404701499999999825e-01,9.677609238000000058e-01,-1.023833185000000007e-01,-3.125830387999999765e-02
5.408632500000000176e-01,9.660376881000000138e-01,-1.033994631000000053e-01,-3.107784984999999861e-02
5.412556699999999665e-01,9.657892098000000480e-01,-1.046241242999999960e-01,-3.095102402999999960e-02
5.416450999999999905e-01,9.661204271000000121e-01,-1.071047058999999996e-01,-3.083345449999999946e-02
5.420296199999999898e-01,9.667314216000000293e-01,-1.093903075000000058e-01,-3.083887610999999987e-02
5.424096800000000052e-01,9.665934191999999703e-01,-1.111832814999999947e-01,-3.093785790000000077e-02
5.427856800000000481e-01,9.652758349000000182e-01,-1.118034839999999946e-01,-3.112047723999999960e-02
5.431583100000000330e-01,9.627676302000000019e-01,-1.122958862999999946e-01,-3.110890247000000150e-02
5.435282200000000064e-01,9.596503537999999667e-01,-1.130592287999999945e-01,-3.070895737000000139e-02
5.438957500000000111e-01,9.574880675000000396e-01,-1.143024064000000006e-01,-3.002785045000000083e-02
5.442612199999999900e-01,9.551044707000000411e-01,-1.154003358999999979e-01,-2.936106944999999913e-02
5.446252299999999602e-01,9.529567845999999953e-01,-1.162300784000000059e-01,-2.855341621000000163e-02
5.449880799999999859e-01,9.519945731000000189e-01,-1.168743510000000013e-01,-2.769919407999999958e-02
5.453494800000000531e-01,9.518722912999999508e-01,-1.175381521000000012e-01,-2.671628046999999923e-02
5.457094599999999796e-01,9.523131383999999811e-01,-1.186721240000000038e-01,-2.574007757999999951e-02
5.460677299999999734e-01,9.538624472000000187e-01,-1.195292476999999937e-01,-2.471109251999999840e-02
5.464240399999999998e-01,9.558104499999999781e-01,-1.196852587000000051e-01,-2.382048542999999977e-02
5.467786700000000222e-01,9.609234907999999464e-01,-1.199924990000000025e-01,-2.297717571999999958e-02
5.471321999999999575e-01,9.657422060999999447e-01,-1.200206466999999971e-01,-2.229454535000000015e-02
5.474849000000000521e-01,9.696330408000000123e-01,-1.191249214999999945e-01,-2.170453227000000013e-02
5.478376000000000356e-01,9.735109052999999513e-01,-1.172594317999999941e-01,-2.119013317000000007e-02
5.481908500000000073e-01,9.782764591000000509e-01,-1.158257508999999963e-01,-2.062519397000000046e-02
5.485449300000000417e-01,9.835918617000000141e-01,-1.141107875000000049e-01,-2.029709274999999882e-02
5.488998499999999670e-01,9.891541395999999819e-01,-1.125718837000000000e-01,-1.995944968999999874e-02
5.492553300000000416e-01,9.932861067999999571e-01,-1.111256803000000015e-01,-1.981153089999999894e-02
5.496110899999999688e-01,9.956478008000000379e-01,-1.098704382999999979e-01,-1.951479722000000125e-02
5.499665599999999932e-01,9.961028270999999767e-01,-1.085430802999999972e-01,-1.921863957999999858e-02
5.503220399999999568e-01,9.954548838000000233e-01,-1.073187037000000038e-01,-1.885933295999999912e-02
5.506777999999999951e-01,9.937915036000000146e-01,-1.062327180000000038e-01,-1.863734082000000070e-02
5.510338399999999970e-01,9.917849918000000153e-01,-1.050331600000000004e-01,-1.838364703999999933e-02
5.513901599999999625e-01,9.908912568000000087e-01,-1.043003730000000018e-01,-1.832889005999999849e-02
5.517470500000000166e-01,9.903338289999999988e-01,-1.041961634999999942e-01,-1.829325991999999901e-02
5.521045100000000483e-01,9.916450876000000303e-01,-1.043546555999999986e-01,-1.833470372000000140e-02
5.524631100000000350e-01,9.943488784999999774e-01,-1.049104196999999933e-01,-1.824994110000000003e-02
5.528228699999999662e-01,9.969590730999999817e-01,-1.050648059999999967e-01,-1.811431693999999981e-02
5.531840799999999669e-01,9.989093288999999487e-01,-1.052363310000000024e-01,-1.779185328999999954e-02
5.535470500000000404e-01,9.992349473999999621e-01,-1.051369045000000030e-01,-1.753470879999999982e-02
5.539120899999999681e-01,9.984341893000000523e-01,-1.047351470999999951e-01,-1.709564238000000139e-02
5.542792399999999509e-01,9.954470387999999614e-01,-1.036059098000000067e-01,-1.682449986000000147e-02
5.546485199999999782e-01,9.924488932999999680e-01,-1.027501665000000036e-01,-1.651915593999999862e-02
5.550199599999999789e-01,9.892314436000000377e-01,-1.015751250999999966e-01,-1.624515372999999971e-02
5.553932700000000500e-01,9.859963989000000151e-01,-9.996730029000000517e-02,-1.606757081000000087e-02
5.557681399999999661e-01,9.834653950999999728e-01,-9.825890562000000328e-02,-1.622212238999999959e-02
5.561439799999999822e-01,9.815465644999999961e-01,-9.654399451999999549e-02,-1.651386512999999945e-02
5.565207599999999477e-01,9.795025827000000129e-01,-9.437506170999999944e-02,-1.692993307000000003e-02
5.568985100000000132e-01,9.785900740999999847e-01,-9.295935758999999965e-02,-1.724436162999999980e-02
5.572772299999999568e-01,9.757791812999999648e-01,-9.180074966000000003e-02,-1.780148884000000084e-02
5.576569300000000506e-01,9.729774787999999619e-01,-9.021153097999999593e-02,-1.834128477000000063e-02
5.580382600000000082e-01,9.698138075000000136e-01,-8.872686114000000179e-02,-1.881923317000000137e-02
5.584215700000000338e-01,9.675476999000000022e-01,-8.732829240999999409e-02,-1.919708868999999915e-02
5.588072299999999881e-01,9.655694138999999510e-01,-8.568164104999999309e-02,-1.967634475000000147e-02
5.591959499999999972e-01,9.640065207000000358e-01,-8.416222100999999622e-02,-2.023692860999999968e-02
5.595877700000000399e-01,9.612293275000000081e-01,-8.277474991000000060e-02,-2.080866476999999881e-02
5.599788999999999461e-01,9.593066051999999955e-01,-8.168469357999999514e-02,-2.144465909999999920e-02
5.603693400000000491e-01,9.571534728999999686e-01,-8.049849288999999519e-02,-2.205082371000000041e-02
5.607590799999999653e-01,9.545693522999999514e-01,-7.963364320000000662e-02,-2.261234447000000022e-02
5.611477900000000352e-01,9.525052102000000076e-01,-7.848776887000000202e-02,-2.339814474999999880e-02
5.615351299999999934e-01,9.502829772999999980e-01,-7.661176543999999311e-02,-2.435116353000000081e-02
5.619210999999999512e-01,9.478640672999999461e-01,-7.412329739999999612e-02,-2.554327852000000051e-02
5.623053799999999658e-01,9.454526102000000432e-01,-7.211847500000000133e-02,-2.670411732999999899e-02
5.626879799999999765e-01,9.439118154000000205e-01,-7.022269408999999574e-02,-2.770730860000000101e-02
5.630689100000000336e-01,9.420043171999999965e-01,-6.973941845999999389e-02,-2.850454598000000048e-02
5.634481900000000154e-01,9.398425349000000262e-01,-6.935917009000000522e-02,-2.917330859999999956e-02
5.638258299999999723e-01,9.389374481000000161e-01,-6.965964431000000456e-02,-2.998240314999999975e-02
5.642028199999999938e-01,9.383651004999999934e-01,-7.001500256999999838e-02,-3.088884475000000171e-02
5.645794800000000224e-01,9.393278636999999875e-01,-7.059955779000000320e-02,-3.182350354999999992e-02
5.649564700000000439e-01,9.389800149999999457e-01,-7.218325863999999759e-02,-3.258581088000000320e-02
5.653341100000000008e-01,9.391591899000000243e-01,-7.432292517999999903e-02,-3.324626030999999760e-02
5.657127400000000472e-01,9.384408087000000176e-01,-7.709017672000000043e-02,-3.371402130000000080e-02
5.660930299999999971e-01,9.377415004000000387e-01,-8.023011502999999323e-02,-3.408978543999999916e-02
5.664746499999999685e-01,9.358282143999999692e-01,-8.318718981000000623e-02,-3.411714821000000342e-02
5.668579599999999941e-01,9.334761936000000038e-01,-8.595314744000000229e-02,-3.397506740000000303e-02
5.672429799999999522e-01,9.313094731000000071e-01,-8.922025804000000004e-02,-3.374884244000000283e-02
5.676297099999999540e-01,9.286800506000000288e-01,-9.250406871999999892e-02,-3.338304051000000328e-02
5.680178399999999961e-01,9.261553531999999755e-01,-9.584904283999999552e-02,-3.290872365999999993e-02
5.684077100000000105e-01,9.247538803999999502e-01,-9.921577601999999330e-02,-3.220734966000000227e-02
5.687990000000000546e-01,9.237310935000000445e-01,-1.024612765000000036e-01,-3.119274720999999986e-02
5.691917199999999566e-01,9.229599429000000521e-01,-1.052701768999999982e-01,-3.005142610000000047e-02
5.695858700000000496e-01,9.236788120000000157e-01,-1.073370019000000064e-01,-2.889892250000000024e-02
5.699792999999999665e-01,9.271677390000000463e-01,-1.095399804000000005e-01,-2.768879268999999838e-02
5.703684599999999660e-01,9.299596936999999786e-01,-1.117892912999999960e-01,-2.634747297000000071e-02
5.707534300000000060e-01,9.330581122000000116e-01,-1.142771570000000042e-01,-2.507730300999999953e-02
5.711346499999999660e-01,9.360095449999999984e-01,-1.168137956000000061e-01,-2.369832674000000097e-02
5.715128400000000219e-01,9.392379435000000054e-01,-1.186213428000000014e-01,-2.226271897000000125e-02
5.718887000000000276e-01,9.439180361000000241e-01,-1.197495819999999933e-01,-2.107455027999999980e-02
5.722629200000000083e-01,9.476123033000000140e-01,-1.204443433000000063e-01,-1.991130903999999840e-02
5.726355199999999535e-01,9.514332329000000366e-01,-1.211132149999999963e-01,-1.894323896000000076e-02
5.730071399999999704e-01,9.551604170999999921e-01,-1.213278519999999999e-01,-1.811293366000000030e-02
5.733781100000000519e-01,9.574456907999999711e-01,-1.206714668999999962e-01,-1.740180757000000036e-02
5.737481300000000228e-01,9.598693247999999789e-01,-1.195168427000000005e-01,-1.701491181000000172e-02
5.741174900000000081e-01,9.620712683000000043e-01,-1.182596157000000009e-01,-1.687250179000000100e-02
5.744855899999999904e-01,9.643821858000000136e-01,-1.169232243999999976e-01,-1.689555398999999930e-02
5.748527300000000340e-01,9.649721042000000137e-01,-1.157231315000000066e-01,-1.708964739000000052e-02
5.752186000000000243e-01,9.651653927000000133e-01,-1.138318700999999961e-01,-1.729537529999999879e-02
5.755829099999999476e-01,9.654784348999999599e-01,-1.122878095000000020e-01,-1.781103793999999976e-02
5.759459700000000293e-01,9.656244684000000467e-01,-1.108516662999999985e-01,-1.845152816000000112e-02
5.763077899999999865e-01,9.662235464999999746e-01,-1.092886156999999941e-01,-1.921290943000000112e-02
5.766683799999999804e-01,9.665997964000000442e-01,-1.075914844000000065e-01,-1.991530782999999943e-02
5.770277400000000112e-01,9.657318252000000047e-01,-1.062630256000000051e-01,-2.044043577000000111e-02
5.773865000000000247e-01,9.648670619000000448e-01,-1.043199773999999996e-01,-2.080647910000000059e-02
5.777449500000000349e-01,9.649453199999999953e-01,-1.023874106000000062e-01,-2.120701740000000002e-02
5.781036999999999981e-01,9.656564475000000147e-01,-9.965930652000000445e-02,-2.157201019999999830e-02
5.784630699999999681e-01,9.656494969000000150e-01,-9.647271977000000664e-02,-2.174857489000000046e-02
5.788233600000000090e-01,9.662510222000000315e-01,-9.384253702000000530e-02,-2.173027775999999966e-02
5.791848800000000130e-01,9.676910303000000324e-01,-9.125831011000000437e-02,-2.153850997999999864e-02
5.795473399999999664e-01,9.686489982999999526e-01,-8.851575108999999719e-02,-2.121295092000000104e-02
5.799110600000000337e-01,9.701691086999999492e-01,-8.641989020000000188e-02,-2.066382900999999897e-02
5.802760300000000537e-01,9.709559691000000381e-01,-8.431221156000000272e-02,-2.002982657999999999e-02
5.806419600000000125e-01,9.701824144999999788e-01,-8.266667551999999641e-02,-1.929530825000000047e-02
5.810091800000000140e-01,9.677182503000000269e-01,-8.117595985000000680e-02,-1.866823378000000144e-02
5.813773599999999542e-01,9.645772961999999895e-01,-7.979410740999999530e-02,-1.786129729999999874e-02
5.817468399999999873e-01,9.609840224000000264e-01,-7.860310457999999945e-02,-1.715475674999999978e-02
5.821179600000000454e-01,9.581584721000000471e-01,-7.777054993000000194e-02,-1.664031156999999997e-02
5.824907400000000068e-01,9.553400259000000005e-01,-7.703533656000000063e-02,-1.621500609000000107e-02
5.828655200000000258e-01,9.507357256999999784e-01,-7.688214979000000671e-02,-1.596424446999999969e-02
5.832399700000000520e-01,9.465215807000000314e-01,-7.747310296999999901e-02,-1.571897671999999968e-02
5.836140800000000350e-01,9.427831062000000539e-01,-7.847439192999999813e-02,-1.564698721999999848e-02
5.839881900000000181e-01,9.397478929999999453e-01,-7.899971045999999719e-02,-1.577515339000000114e-02
5.843626400000000443e-01,9.362481590000000242e-01,-7.978313724999999690e-02,-1.572908752000000063e-02
5.847377599999999953e-01,9.315518087999999919e-01,-8.067377555999999394e-02,-1.586253358999999835e-02
5.851139100000000148e-01,9.275128042000000406e-01,-8.155176520000000095e-02,-1.606093235000000119e-02
5.854914199999999846e-01,9.228974105999999678e-01,-8.208093358000000117e-02,-1.622293414999999989e-02
5.858706599999999876e-01,9.185211060000000316e-01,-8.196834090000000572e-02,-1.643402478000000055e-02
5.862523499999999776e-01,9.162762906000000429e-01,-8.140421859999999454e-02,-1.661924910000000047e-02
5.866365100000000554e-01,9.175371751999999992e-01,-8.017470337000000280e-02,-1.682858011000000140e-02
5.870235599999999998e-01,9.203212696000000470e-01,-7.839267056000000233e-02,-1.717234877000000173e-02
5.874135299999999615e-01,9.234653031999999762e-01,-7.645423574000000111e-02,-1.747822988000000133e-02
5.878064600000000306e-01,9.253147055999999537e-01,-7.412169925000000603e-02,-1.767157559999999947e-02
5.882016599999999595e-01,9.284432271000000458e-01,-7.088856005999999432e-02,-1.787234493999999979e-02
5.885972400000000215e-01,9.319371143000000357e-01,-6.711650650000000606e-02,-1.823236450000000064e-02
5.889935899999999558e-01,9.354386359999999900e-01,-6.347286014000000365e-02,-1.870441699000000013e-02
5.893906899999999949e-01,9.376639933999999510e-01,-6.034081914000000157e-02,-1.923559303000000123e-02
5.897885699999999565e-01,9.392204471999999749e-01,-5.762435130000000127e-02,-1.981585389999999947e-02
5.901876099999999736e-01,9.420477618999999470e-01,-5.557167740999999911e-02,-2.038289245999999957e-02
5.905882099999999468e-01,9.440369290000000246e-01,-5.362125455999999790e-02,-2.079975254000000079e-02
5.909903800000000373e-01,9.457489397999999658e-01,-5.207912530000000095e-02,-2.129128636000000158e-02
5.913949400000000356e-01,9.448783469000000546e-01,-5.120219086999999725e-02,-2.137868764999999865e-02
5.918019199999999813e-01,9.430551758999999867e-01,-5.130816268999999902e-02,-2.132500261000000105e-02
5.922109300000000243e-01,9.427142898000000493e-01,-5.235802327999999894e-02,-2.118093520000000063e-02
5.926207700000000189e-01,9.429470142000000443e-01,-5.397704048000000199e-02,-2.102174541000000063e-02
5.930306100000000136e-01,9.431066492999999884e-01,-5.610490410999999927e-02,-2.085399907000000039e-02
5.934404500000000082e-01,9.428019613000000465e-01,-5.875190687000000217e-02,-2.068738712000000105e-02
5.938502900000000029e-01,9.430921401999999842e-01,-6.141198015999999732e-02,-2.063486868000000141e-02
5.942597099999999966e-01,9.430318548999999662e-01,-6.418324640000000469e-02,-2.059282713999999875e-02
5.946683099999999778e-01,9.430404395000000495e-01,-6.687074442000000285e-02,-2.061227661000000072e-02
5.950756799999999958e-01,9.416429104000000327e-01,-6.918023651000000662e-02,-2.069849572999999873e-02
5.954818200000000505e-01,9.388751789000000514e-01,-7.169986557999999399e-02,-2.049958292999999945e-02
5.958859399999999473e-01,9.366456263000000337e-01,-7.419186814000000574e-02,-2.017770005000000047e-02
5.962880400000000192e-01,9.349690928999999651e-01,-7.619855037000000664e-02,-1.975169486999999932e-02
5.966881499999999727e-01,9.324820048999999944e-01,-7.769831304999999522e-02,-1.930001149999999860e-02
5.970855000000000468e-01,9.304540082000000156e-01,-7.878396532999999702e-02,-1.901199816000000153e-02
5.974801299999999982e-01,9.281223299999999954e-01,-8.010564169999999373e-02,-1.888095704000000014e-02
5.978720699999999777e-01,9.273091267999999943e-01,-8.144080085999999552e-02,-1.900129215999999885e-02
5.982609700000000030e-01,9.270771079999999831e-01,-8.291974556999999468e-02,-1.906429672999999936e-02
5.986465199999999598e-01,9.275702361000000007e-01,-8.392770283000000608e-02,-1.915099288999999941e-02
5.990287600000000490e-01,9.287483874999999944e-01,-8.550463583999999562e-02,-1.922272221000000114e-02
5.994073899999999844e-01,9.304986584000000116e-01,-8.673380297999999655e-02,-1.942366758999999887e-02
5.997828299999999890e-01,9.325482312999999746e-01,-8.718952309999999928e-02,-1.977392534000000160e-02
6.001547799999999988e-01,9.342779709999999849e-01,-8.710788575000000256e-02,-2.016478890000000107e-02
6.005232999999999821e-01,9.347010158999999874e-01,-8.684360014000000461e-02,-2.045287341999999994e-02
6.008887899999999505e-01,9.342229668000000542e-01,-8.644119895000000608e-02,-2.089900738000000091e-02
6.012516199999999866e-01,9.340262968000000443e-01,-8.593471886999999587e-02,-2.128805849999999833e-02
6.016118200000000193e-01,9.344840718000000379e-01,-8.568847280999999927e-02,-2.164381338000000154e-02
6.019697600000000204e-01,9.372739402999999969e-01,-8.560685398999999529e-02,-2.200404799999999828e-02
6.023257800000000328e-01,9.414415204999999620e-01,-8.586466161000000374e-02,-2.250924941000000123e-02
6.026802199999999887e-01,9.455425119000000489e-01,-8.598755684999999371e-02,-2.306182566000000017e-02
6.030330799999999991e-01,9.484719106000000233e-01,-8.610506225000000291e-02,-2.356794669000000092e-02
6.033843700000000032e-01,9.508307821999999465e-01,-8.623525763999999316e-02,-2.395313206000000000e-02
6.037341200000000407e-01,9.514547534999999723e-01,-8.674971921999999336e-02,-2.415091477000000028e-02
6.040826400000000040e-01,9.523580866999999950e-01,-8.755463438999999681e-02,-2.430759030000000098e-02
6.044299400000000544e-01,9.532687022000000399e-01,-8.840887560000000589e-02,-2.445113075999999844e-02
6.047766300000000372e-01,9.543771822000000071e-01,-8.980688965999999995e-02,-2.451064407000000042e-02
6.051230100000000167e-01,9.555149055999999641e-01,-9.140628117000000608e-02,-2.451913460999999989e-02
6.054693899999999962e-01,9.540671881000000187e-01,-9.281709297000000081e-02,-2.431291237999999924e-02
6.058160799999999790e-01,9.535089688000000230e-01,-9.428325603999999915e-02,-2.422346661000000095e-02
6.061633800000000294e-01,9.543824195000000232e-01,-9.538555659000000353e-02,-2.412978238999999997e-02
6.065116000000000396e-01,9.565564281999999752e-01,-9.624102797000000376e-02,-2.403113315999999902e-02
6.068610500000000130e-01,9.585536840999999697e-01,-9.726738141000000615e-02,-2.375628877000000166e-02
6.072114499999999859e-01,9.604082979000000408e-01,-9.859849375000000193e-02,-2.328527292999999984e-02
6.075608999999999593e-01,9.621663525000000439e-01,-9.977324027999999456e-02,-2.276194365000000150e-02
6.079091199999999695e-01,9.644019499000000550e-01,-1.009338746000000009e-01,-2.232773311999999843e-02
6.082560999999999662e-01,9.672993565999999932e-01,-1.020191889999999962e-01,-2.182343126000000147e-02
6.086021600000000031e-01,9.710563717000000317e-01,-1.031744653999999983e-01,-2.151758911999999968e-02
6.089476200000000228e-01,9.761413761999999661e-01,-1.037021758000000043e-01,-2.139928270000000105e-02
6.092921599999999716e-01,9.817971189999999959e-01,-1.044398135000000061e-01,-2.138291636000000037e-02
6.096363900000000280e-01,9.877326506000000395e-01,-1.049368207000000025e-01,-2.143071083000000140e-02
6.099812399999999801e-01,9.940986396000000003e-01,-1.050969489999999951e-01,-2.157552621000000115e-02
6.103266899999999495e-01,1.000607355000000087e+00,-1.049286752999999961e-01,-2.160928487999999939e-02
6.106727600000000367e-01,1.007172946000000069e+00,-1.040554610000000019e-01,-2.159744955000000161e-02
6.110191400000000161e-01,1.011741589999999968e+00,-1.025987567999999961e-01,-2.140544479999999944e-02
6.113655099999999454e-01,1.014100159999999917e+00,-1.007045980000000063e-01,-2.120360932000000045e-02
6.117118900000000359e-01,1.015093205999999970e+00,-9.910780180000000605e-02,-2.098162355000000173e-02
6.120582700000000154e-01,1.013675534000000100e+00,-9.782546137000000530e-02,-2.062937758000000024e-02
6.124055699999999547e-01,1.010389592999999975e+00,-9.687617695000000362e-02,-2.016310588000000056e-02
6.127544400000000113e-01,1.006090168000000062e+00,-9.614133273000000091e-02,-1.957489713000000117e-02
6.131058499999999523e-01,1.002606340000000040e+00,-9.531526582999999553e-02,-1.893697429999999932e-02
6.134604700000000355e-01,9.994739541999999588e-01,-9.433312218999999332e-02,-1.830274443000000015e-02
6.138183799999999968e-01,9.962941720000000334e-01,-9.306721896000000327e-02,-1.787753224000000057e-02
6.141769500000000548e-01,9.942189048999999779e-01,-9.190619140000000353e-02,-1.754014422999999878e-02
6.145358499999999946e-01,9.916576028000000376e-01,-9.073327170000000663e-02,-1.721930727000000119e-02
6.148950899999999775e-01,9.885350939999999476e-01,-8.950097085000000008e-02,-1.690184910000000137e-02
6.152546700000000035e-01,9.849530244999999962e-01,-8.785929263000000211e-02,-1.665050435000000120e-02
6.156149199999999544e-01,9.824110750000000225e-01,-8.576436200999999759e-02,-1.649277627999999954e-02
6.159761799999999843e-01,9.801357351999999690e-01,-8.348967102000000307e-02,-1.641599528000000155e-02
6.163388100000000147e-01,9.795549119999999998e-01,-8.061581309000000195e-02,-1.675346636000000014e-02
6.167031600000000280e-01,9.784553481000000108e-01,-7.722410294999999814e-02,-1.731458149999999876e-02
6.170699499999999782e-01,9.746651056999999785e-01,-7.404744240999999727e-02,-1.770410879999999992e-02
6.174392199999999553e-01,9.702318880000000423e-01,-7.109957579999999500e-02,-1.812184292999999974e-02
6.178106399999999665e-01,9.668086739000000263e-01,-6.804513711000000076e-02,-1.883113905000000088e-02
6.181842300000000012e-01,9.656038376000000145e-01,-6.490708785000000314e-02,-1.965797567999999843e-02
6.185600399999999777e-01,9.640790833000000282e-01,-6.205451616999999725e-02,-2.034360615999999955e-02
6.189373299999999523e-01,9.631828929000000317e-01,-5.969624618000000243e-02,-2.084871154999999934e-02
6.193161200000000255e-01,9.615311080999999760e-01,-5.751699500000000131e-02,-2.128073994000000135e-02
6.196964200000000256e-01,9.604982550999999757e-01,-5.563042540000000258e-02,-2.162055543000000052e-02
6.200782500000000530e-01,9.608670856000000038e-01,-5.397628299999999990e-02,-2.205589829000000057e-02
6.204616200000000470e-01,9.613060613999999671e-01,-5.189110261000000335e-02,-2.235158255999999954e-02
6.208461600000000358e-01,9.604182998000000415e-01,-4.930380585000000010e-02,-2.270164120000000077e-02
6.212322599999999806e-01,9.598325896999999607e-01,-4.607491116000000247e-02,-2.321199667999999938e-02
6.216195500000000207e-01,9.554410193000000273e-01,-4.319602763000000151e-02,-2.338420050000000056e-02
6.220084299999999455e-01,9.498164994000000139e-01,-4.096684725000000055e-02,-2.327415388999999959e-02
6.223981100000000044e-01,9.442640308999999954e-01,-3.958737731999999870e-02,-2.301649659999999847e-02
6.227886000000000255e-01,9.400837684999999722e-01,-3.871468171999999791e-02,-2.256041224999999831e-02
6.231794899999999471e-01,9.352390453000000159e-01,-3.812839640000000030e-02,-2.207850093999999888e-02
6.235703900000000299e-01,9.312643171000000164e-01,-3.863614087000000197e-02,-2.144260023000000084e-02
6.239600699999999778e-01,9.288007394999999722e-01,-3.970753560999999709e-02,-2.074887467000000041e-02
6.243485399999999519e-01,9.292382632000000253e-01,-4.111118584000000159e-02,-2.006908447999999900e-02
6.247350099999999795e-01,9.295065222999999710e-01,-4.379072778999999749e-02,-1.928218433000000037e-02
6.251187200000000166e-01,9.308819797999999812e-01,-4.711306911000000264e-02,-1.855064911000000108e-02
6.254993100000000306e-01,9.300624581999999974e-01,-5.043685048000000337e-02,-1.761423904000000012e-02
6.258768300000000506e-01,9.285397873999999829e-01,-5.356165896000000121e-02,-1.674778844999999863e-02
6.262509499999999729e-01,9.285216447999999900e-01,-5.617665598999999760e-02,-1.616496791999999863e-02
6.266217299999999879e-01,9.278025519999999471e-01,-5.827668327999999814e-02,-1.587383377000000165e-02
6.269892299999999530e-01,9.282568998000000349e-01,-5.899342468999999728e-02,-1.595947971999999923e-02
6.273538600000000409e-01,9.316668917999999522e-01,-5.916423417999999712e-02,-1.634558977999999926e-02
6.277156499999999584e-01,9.354735838000000081e-01,-5.923773130999999970e-02,-1.679121702999999965e-02
6.280753399999999820e-01,9.376719131999999846e-01,-5.955390876999999694e-02,-1.724546442999999943e-02
6.284329600000000404e-01,9.390076628000000314e-01,-5.995952102000000339e-02,-1.767196365000000061e-02
6.287892099999999873e-01,9.397927803000000191e-01,-6.000348393999999780e-02,-1.802655271000000101e-02
6.291444400000000270e-01,9.397762599000000217e-01,-5.998476579999999919e-02,-1.815284344000000008e-02
6.294996600000000164e-01,9.391781190000000334e-01,-6.045009394999999869e-02,-1.818181330999999942e-02
6.298548899999999451e-01,9.397977553999999900e-01,-6.136843700999999873e-02,-1.817122543000000007e-02
6.302107999999999599e-01,9.411121612999999719e-01,-6.252578160999999746e-02,-1.797656900999999863e-02
6.305677400000000432e-01,9.406567005999999509e-01,-6.400349557999999994e-02,-1.767949866999999828e-02
6.309267600000000309e-01,9.395311540999999877e-01,-6.604097565000000003e-02,-1.726069901999999906e-02
6.312882399999999450e-01,9.374445446000000404e-01,-6.857169240999999582e-02,-1.674230495999999915e-02
6.316529400000000516e-01,9.349839020000000334e-01,-7.023611924000000561e-02,-1.637992236000000018e-02
6.320205500000000143e-01,9.322374199999999833e-01,-7.153918546000000156e-02,-1.614100427999999934e-02
6.323911199999999733e-01,9.312951795999999671e-01,-7.239375121999999663e-02,-1.630840793999999844e-02
6.327624499999999763e-01,9.309514886999999961e-01,-7.328312381000000320e-02,-1.650290958999999988e-02
6.331333900000000181e-01,9.307351217999999538e-01,-7.381526644999999998e-02,-1.672149967000000070e-02
6.335039700000000273e-01,9.304467730000000047e-01,-7.394251535000000153e-02,-1.695258193999999927e-02
6.338741599999999643e-01,9.298994924000000273e-01,-7.385755157999999987e-02,-1.738510822000000067e-02
6.342439899999999797e-01,9.296306440999999587e-01,-7.368053791999999713e-02,-1.795336544000000062e-02
6.346138099999999449e-01,9.286746833000000256e-01,-7.337061517000000033e-02,-1.842196533000000150e-02
6.349836399999999603e-01,9.295823748999999525e-01,-7.284326559999999839e-02,-1.881325349000000091e-02
6.353538399999999475e-01,9.302854763000000249e-01,-7.213915838999999941e-02,-1.928016252999999874e-02
6.357244100000000175e-01,9.303459614000000322e-01,-7.108809231000000339e-02,-1.984845605999999846e-02
6.360953599999999986e-01,9.305425106000000390e-01,-6.986645737999999661e-02,-2.022971490000000094e-02
6.364670700000000236e-01,9.312514622999999991e-01,-6.813423525999999508e-02,-2.058311978999999986e-02
6.368391599999999597e-01,9.317576774000000395e-01,-6.653491647999999759e-02,-2.082190022999999904e-02
6.372124000000000121e-01,9.319996124999999632e-01,-6.491798561999999329e-02,-2.092870053000000022e-02
6.375864100000000478e-01,9.329825886000000512e-01,-6.348611267999999808e-02,-2.096985432999999913e-02
6.379611899999999558e-01,9.342395302999999540e-01,-6.225323541999999710e-02,-2.083421787999999858e-02
6.383367500000000083e-01,9.371657360999999797e-01,-6.129268581999999799e-02,-2.064225277999999844e-02
6.387127000000000221e-01,9.426484371000000140e-01,-6.048308410000000079e-02,-2.065484855000000036e-02
6.390890399999999971e-01,9.495843553999999687e-01,-5.978445652000000110e-02,-2.098274211000000083e-02
6.394657799999999837e-01,9.559889620999999504e-01,-5.880245132999999819e-02,-2.152597930000000118e-02
6.398428999999999922e-01,9.609949057000000128e-01,-5.801726894999999912e-02,-2.196014342000000147e-02
6.402208200000000238e-01,9.661061337999999887e-01,-5.791835844999999872e-02,-2.224281767000000146e-02
6.405995399999999673e-01,9.696149132000000392e-01,-5.804892527999999663e-02,-2.241825516000000088e-02
6.409790499999999946e-01,9.724212349999999949e-01,-5.839716939999999717e-02,-2.256347259000000133e-02
6.413597699999999957e-01,9.733110309000000404e-01,-5.884129612999999814e-02,-2.283960138999999862e-02
6.417413100000000092e-01,9.732234524999999747e-01,-5.967631472999999909e-02,-2.301191463000000145e-02
6.421220300000000103e-01,9.733164417999999873e-01,-6.074538125000000094e-02,-2.337554617000000071e-02
6.425015400000000376e-01,9.733248601999999750e-01,-6.166013232999999899e-02,-2.379327754000000114e-02
6.428802399999999917e-01,9.727940694000000166e-01,-6.232218191000000324e-02,-2.415844601000000091e-02
6.432585499999999845e-01,9.713109652000000427e-01,-6.249339920000000076e-02,-2.450797387000000147e-02
6.436364500000000266e-01,9.686870126000000081e-01,-6.246176200999999789e-02,-2.469791766999999971e-02
6.440139599999999964e-01,9.652332279999999987e-01,-6.243531130999999817e-02,-2.476816634000000156e-02
6.443910600000000155e-01,9.628479666999999464e-01,-6.262856808000000219e-02,-2.490650612000000139e-02
6.447681600000000346e-01,9.600715950999999526e-01,-6.283223077999999795e-02,-2.504519141000000060e-02
6.451448699999999814e-01,9.560389565000000367e-01,-6.281932021000000144e-02,-2.513138805000000170e-02
6.455211699999999775e-01,9.513406223000000494e-01,-6.214929017000000305e-02,-2.517571961999999844e-02
6.458970800000000123e-01,9.458447864000000260e-01,-6.168434619999999674e-02,-2.508926837000000076e-02
6.462725799999999854e-01,9.410951666000000326e-01,-6.102326621000000312e-02,-2.488666720000000041e-02
6.466476899999999972e-01,9.375765880999999968e-01,-6.035490913000000207e-02,-2.459899378999999900e-02
6.470223999999999975e-01,9.342540212000000066e-01,-5.959571453999999713e-02,-2.423662616000000006e-02
6.473967200000000366e-01,9.320921058000000148e-01,-5.871465967000000230e-02,-2.369770247999999913e-02
6.477706300000000139e-01,9.298679206000000086e-01,-5.809708384000000087e-02,-2.288609763000000116e-02
6.481449500000000530e-01,9.295184055999999861e-01,-5.763548869000000019e-02,-2.208479290000000053e-02
6.485196600000000533e-01,9.300314844000000525e-01,-5.750623881999999965e-02,-2.124846814000000070e-02
6.488959800000000389e-01,9.312000566999999451e-01,-5.772035374000000080e-02,-2.043652061999999894e-02
6.492739199999999489e-01,9.316459321000000182e-01,-5.749471926000000038e-02,-1.971108465999999934e-02
6.496543099999999571e-01,9.325593681999999607e-01,-5.741488112999999782e-02,-1.899574336999999835e-02
6.500371999999999817e-01,9.350081773999999735e-01,-5.722672756999999666e-02,-1.847289602000000072e-02
6.504205100000000073e-01,9.364181350000000403e-01,-5.714528600999999736e-02,-1.811063342000000104e-02
6.508042499999999730e-01,9.371242064999999455e-01,-5.737759659999999706e-02,-1.773437387000000032e-02
6.511888200000000015e-01,9.375358740000000468e-01,-5.744977316000000195e-02,-1.742221740999999949e-02
6.515738199999999702e-01,9.387222316000000122e-01,-5.719185521999999716e-02,-1.730044688000000053e-02
6.519592499999999902e-01,9.389479481000000405e-01,-5.687733640999999979e-02,-1.730748359999999958e-02
6.523451099999999503e-01,9.386065045999999468e-01,-5.688564806000000196e-02,-1.739657418999999983e-02
6.527313900000000224e-01,9.382428883000000219e-01,-5.671998577000000180e-02,-1.773672054000000053e-02
6.531181000000000347e-01,9.361529371000000266e-01,-5.642837635999999740e-02,-1.811929962999999852e-02
6.535052500000000375e-01,9.337149355999999623e-01,-5.602891010000000255e-02,-1.849359302000000080e-02
6.538936899999999719e-01,9.304230997000000336e-01,-5.554831626000000105e-02,-1.869176998999999909e-02
6.542830200000000485e-01,9.265690321999999757e-01,-5.530824658999999865e-02,-1.883359864000000092e-02
6.546723399999999637e-01,9.215128250999999882e-01,-5.509708728999999916e-02,-1.890932072000000089e-02
6.550581800000000454e-01,9.160581755000000159e-01,-5.463340939999999923e-02,-1.889976338000000020e-02
6.554410200000000408e-01,9.101801568999999814e-01,-5.384448202000000072e-02,-1.878060117999999848e-02
6.558204899999999782e-01,9.043494435000000164e-01,-5.358593329999999932e-02,-1.858577888000000067e-02
6.561966399999999977e-01,9.000245502999999481e-01,-5.323359155000000065e-02,-1.853830085999999891e-02
6.565699400000000185e-01,8.966748901000000105e-01,-5.290652475000000299e-02,-1.847928097000000117e-02
6.569404100000000302e-01,8.948707725000000224e-01,-5.255870177000000060e-02,-1.861857354999999978e-02
6.573088999999999738e-01,8.958720265999999821e-01,-5.225352964999999822e-02,-1.888404935999999854e-02
6.576750199999999991e-01,8.978747319000000005e-01,-5.169227631000000017e-02,-1.930834225999999987e-02
6.580395799999999573e-01,9.005378046999999997e-01,-5.125099132000000141e-02,-1.970504170999999929e-02
6.584025999999999490e-01,9.033270987999999502e-01,-5.064769163999999907e-02,-2.004096962000000148e-02
6.587640799999999741e-01,9.066845315999999544e-01,-5.045809035999999914e-02,-2.012304976000000092e-02
6.591240299999999719e-01,9.099843615999999580e-01,-5.026618447000000267e-02,-2.012661840000000077e-02
6.594824700000000428e-01,9.132605093000000229e-01,-5.012568167999999907e-02,-2.004513907999999969e-02
6.598397799999999869e-01,9.173508105000000024e-01,-5.022698227999999876e-02,-1.999506258000000036e-02
6.601959699999999653e-01,9.209280695999999544e-01,-5.030207267000000315e-02,-1.997632983000000029e-02
6.605514099999999500e-01,9.247869635000000033e-01,-5.027962437999999867e-02,-1.990069910999999955e-02
6.609068599999999849e-01,9.275216894000000156e-01,-5.061020246000000333e-02,-1.966987623000000102e-02
6.612626700000000524e-01,9.305445680999999691e-01,-5.141042172000000188e-02,-1.961380835999999850e-02
6.616192400000000529e-01,9.328844188999999565e-01,-5.251878566999999831e-02,-1.956016650000000009e-02
6.619765600000000472e-01,9.345850477999999573e-01,-5.399827732999999685e-02,-1.941812030999999841e-02
6.623338800000000415e-01,9.357266067999999715e-01,-5.533948525000000063e-02,-1.911714881000000157e-02
6.626915700000000076e-01,9.371012438000000389e-01,-5.669337542999999813e-02,-1.885226393999999903e-02
6.630492700000000239e-01,9.389574821999999710e-01,-5.805955100000000091e-02,-1.855896661999999891e-02
6.634069700000000402e-01,9.401172482999999858e-01,-5.955934672000000318e-02,-1.828638788000000112e-02
6.637650499999999676e-01,9.409797266999999632e-01,-6.108430663000000149e-02,-1.795912846999999854e-02
6.641235100000000280e-01,9.411932941999999747e-01,-6.301537456000000370e-02,-1.759570711000000079e-02
6.644827300000000214e-01,9.432155593000000060e-01,-6.479455168000000653e-02,-1.717799378999999849e-02
6.648431200000000096e-01,9.451575916000000133e-01,-6.619986707000000137e-02,-1.676909505999999925e-02
6.652046700000000534e-01,9.466280531999999859e-01,-6.732139985000000493e-02,-1.627345243999999899e-02
6.655677800000000532e-01,9.476230019000000393e-01,-6.778026714000000286e-02,-1.586603978000000054e-02
6.659328799999999493e-01,9.479935269000000497e-01,-6.820998279999999914e-02,-1.546460807999999916e-02
6.662999899999999531e-01,9.477186517000000254e-01,-6.847883002000000607e-02,-1.506857699000000057e-02
6.666691300000000542e-01,9.469164352000000173e-01,-6.906063553999999827e-02,-1.455326751000000050e-02
6.670407299999999706e-01,9.463270141999999829e-01,-6.971765980999999890e-02,-1.411292828999999999e-02
6.674148500000000039e-01,9.460064397999999875e-01,-7.054371518999999480e-02,-1.374034222000000000e-02
6.677910700000000421e-01,9.456022219999999923e-01,-7.172376666999999428e-02,-1.338034832999999979e-02
6.681698799999999938e-01,9.454054749000000424e-01,-7.276176845000000004e-02,-1.312846642000000015e-02
6.685504100000000394e-01,9.448531255000000018e-01,-7.410968597000000546e-02,-1.286155006999999996e-02
6.689292100000000518e-01,9.451549702999999525e-01,-7.544934512999999787e-02,-1.258233500000000005e-02
6.693062899999999704e-01,9.449961351000000231e-01,-7.627603963000000042e-02,-1.256672975999999914e-02
6.696812199999999660e-01,9.465194923999999954e-01,-7.723630630000000163e-02,-1.271307384000000019e-02
6.700540400000000174e-01,9.493733827000000458e-01,-7.775218985000000027e-02,-1.310939069000000012e-02
6.704251900000000042e-01,9.509191611999999738e-01,-7.787675071999999865e-02,-1.358651251000000081e-02
6.707942500000000363e-01,9.521407208000000066e-01,-7.758086310999999513e-02,-1.423561427999999948e-02
6.711612599999999818e-01,9.538253500000000162e-01,-7.687615499000000074e-02,-1.501541074999999947e-02
6.715266399999999525e-01,9.536232716000000442e-01,-7.553368752000000352e-02,-1.585027208999999909e-02
6.718912000000000218e-01,9.524102451000000524e-01,-7.349219224000000383e-02,-1.677532991000000098e-02
6.722553599999999685e-01,9.509267743000000550e-01,-7.103539490000000678e-02,-1.772017177999999846e-02
6.726191200000000148e-01,9.503460082000000364e-01,-6.851999497999999855e-02,-1.864096387999999993e-02
6.729824699999999993e-01,9.489996863999999865e-01,-6.584153164999999308e-02,-1.936141257000000004e-02
6.733462300000000456e-01,9.473277930000000291e-01,-6.308298379000000511e-02,-1.997423018000000008e-02
6.737103899999999923e-01,9.461171042999999559e-01,-5.994964044000000020e-02,-2.036364984000000114e-02
6.740749600000000008e-01,9.441790613999999637e-01,-5.656004786999999784e-02,-2.080236232000000005e-02
6.744403500000000218e-01,9.411459689000000184e-01,-5.314433451000000197e-02,-2.120482691999999933e-02
6.748065600000000552e-01,9.375542861000000228e-01,-4.988661387999999974e-02,-2.149084168000000086e-02
6.751735899999999901e-01,9.338702556000000321e-01,-4.702651827999999867e-02,-2.171930549000000016e-02
6.755414600000000380e-01,9.293457640000000186e-01,-4.429977094999999754e-02,-2.182491165000000066e-02
6.759105800000000386e-01,9.253295343999999867e-01,-4.159045037999999778e-02,-2.202817803000000144e-02
6.762809699999999813e-01,9.230136337000000024e-01,-3.937829020999999985e-02,-2.236178762000000028e-02
6.766526299999999772e-01,9.224200478999999842e-01,-3.762010915999999816e-02,-2.281040746999999855e-02
6.770255800000000157e-01,9.219881453999999588e-01,-3.593965570999999720e-02,-2.343239566000000079e-02
6.774002599999999763e-01,9.231390430000000480e-01,-3.398265604000000328e-02,-2.438687508999999934e-02
6.777762499999999690e-01,9.227481387000000534e-01,-3.295963598999999966e-02,-2.501571383999999856e-02
6.781540099999999738e-01,9.223741595000000126e-01,-3.260511013000000347e-02,-2.557025211000000034e-02
6.785330899999999499e-01,9.234109823999999689e-01,-3.298853203999999734e-02,-2.593262262999999901e-02
6.789135299999999873e-01,9.241926833000000396e-01,-3.469934141000000083e-02,-2.607709966999999934e-02
6.792957699999999654e-01,9.258086060000000339e-01,-3.647965454000000329e-02,-2.642201334999999887e-02
6.796803099999999542e-01,9.268262001000000527e-01,-3.870332382999999710e-02,-2.666585592999999935e-02
6.800671700000000541e-01,9.269730502999999899e-01,-4.148065529000000140e-02,-2.660894889999999846e-02
6.804563799999999718e-01,9.262094714999999923e-01,-4.426917328999999818e-02,-2.642052149000000127e-02
6.808479800000000193e-01,9.261909721000000095e-01,-4.717995255000000110e-02,-2.630830987000000107e-02
6.812420000000000142e-01,9.263896534000000127e-01,-4.975350614000000060e-02,-2.622793547999999891e-02
6.816384599999999461e-01,9.260081867999999661e-01,-5.196459919000000205e-02,-2.613594492999999838e-02
6.820374099999999551e-01,9.257744980000000012e-01,-5.367026962000000234e-02,-2.610857210999999872e-02
6.824383699999999608e-01,9.245547581999999931e-01,-5.483677222999999712e-02,-2.599111323000000140e-02
6.828418800000000122e-01,9.240667997999999494e-01,-5.593633957000000018e-02,-2.578750229000000005e-02
6.832479700000000378e-01,9.235366838999999883e-01,-5.702405464000000201e-02,-2.543366873999999833e-02
6.836561599999999572e-01,9.249043129999999779e-01,-5.760565548999999758e-02,-2.532871625000000099e-02
6.840638199999999891e-01,9.262857703000000331e-01,-5.775233159999999810e-02,-2.517864175999999857e-02
6.844678299999999993e-01,9.272147636999999998e-01,-5.854741436000000104e-02,-2.488761198999999910e-02
6.848682499999999562e-01,9.280983975000000052e-01,-5.926128052000000090e-02,-2.440775057999999831e-02
6.852651400000000503e-01,9.284507759000000249e-01,-6.008088041000000240e-02,-2.368283564000000022e-02
6.856590500000000477e-01,9.278403356000000102e-01,-6.089478495000000269e-02,-2.273392118999999906e-02
6.860500200000000381e-01,9.259575635000000249e-01,-6.200816004999999687e-02,-2.146059033999999852e-02
6.864385800000000204e-01,9.244101990999999963e-01,-6.262065432999999737e-02,-2.023268880999999977e-02
6.868247400000000447e-01,9.225942538000000415e-01,-6.368654055000000369e-02,-1.894673642999999963e-02
6.872085300000000396e-01,9.200764324000000327e-01,-6.494544163000000314e-02,-1.760769310999999934e-02
6.875909100000000551e-01,9.166950230999999505e-01,-6.614036820999999455e-02,-1.621630553999999988e-02
6.879718999999999696e-01,9.139114720000000025e-01,-6.722959907999999374e-02,-1.493464325000000079e-02
6.883519599999999850e-01,9.123547051000000518e-01,-6.836413703999999480e-02,-1.381075244999999986e-02
6.887310899999999902e-01,9.121806218000000355e-01,-6.906655782999999993e-02,-1.287034457999999999e-02
6.891097699999999548e-01,9.135216610999999931e-01,-6.947950448999999640e-02,-1.226936741000000074e-02
6.894879800000000003e-01,9.157943231999999822e-01,-6.982829470000000149e-02,-1.199807418999999931e-02
6.898657299999999548e-01,9.185708192999999522e-01,-7.007911508000000400e-02,-1.210719721999999922e-02
6.902434800000000203e-01,9.220874589999999982e-01,-7.031864959000000415e-02,-1.246237809000000016e-02
6.906207699999999949e-01,9.247673096999999842e-01,-7.093061461999999873e-02,-1.282504712000000040e-02
6.909980700000000198e-01,9.281057356999999897e-01,-7.150179801999999307e-02,-1.336356309999999978e-02
6.913753599999999944e-01,9.297736681999999586e-01,-7.234406267000000057e-02,-1.378027421999999946e-02
6.917526499999999690e-01,9.302845572000000285e-01,-7.287381407000000089e-02,-1.429551585999999999e-02
6.921294799999999636e-01,9.288343062999999677e-01,-7.311640765999999347e-02,-1.470469429000000050e-02
6.925063099999999583e-01,9.256085463000000013e-01,-7.365111487999999318e-02,-1.503372581999999971e-02
6.928831399999999530e-01,9.241530444000000122e-01,-7.407208139000000247e-02,-1.540688307999999937e-02
6.932595099999999677e-01,9.222569790000000323e-01,-7.443261586999999624e-02,-1.591290390000000068e-02
6.936363399999999624e-01,9.184832579999999691e-01,-7.416435069000000546e-02,-1.636166805000000002e-02
6.940136399999999872e-01,9.126462011000000540e-01,-7.381527854000000111e-02,-1.649608773000000098e-02
6.943913999999999920e-01,9.076288920999999732e-01,-7.303046382000000225e-02,-1.660433702999999928e-02
6.947700900000000068e-01,9.039003962999999642e-01,-7.227013224999999375e-02,-1.666911188000000030e-02
6.951492599999999911e-01,9.030573088000000137e-01,-7.107440219999999753e-02,-1.694575615999999868e-02
6.955293700000000356e-01,9.030898765999999522e-01,-6.923266541000000496e-02,-1.734731587000000116e-02
6.959094900000000194e-01,9.049813263999999524e-01,-6.685562237999999324e-02,-1.783560220999999904e-02
6.962877100000000041e-01,9.071520763000000542e-01,-6.415577883999999675e-02,-1.842639043999999907e-02
6.966649900000000395e-01,9.081433174999999913e-01,-6.170150310999999999e-02,-1.863183183000000076e-02
6.970413399999999537e-01,9.064187883000000001e-01,-5.937183792999999737e-02,-1.868649212999999934e-02
6.974172199999999489e-01,9.051269119000000529e-01,-5.761219237000000243e-02,-1.850540377999999875e-02
6.977926300000000248e-01,9.057144233999999683e-01,-5.600328807999999797e-02,-1.841936464000000148e-02
6.981680399999999898e-01,9.078330418000000179e-01,-5.471828617999999894e-02,-1.853913877000000140e-02
6.985429899999999748e-01,9.119702825000000068e-01,-5.354238436000000045e-02,-1.882900033000000153e-02
6.989179399999999598e-01,9.151619777999999705e-01,-5.279441834000000305e-02,-1.887411657999999923e-02
6.992924200000000257e-01,9.169758912000000040e-01,-5.193546735000000025e-02,-1.888415938999999863e-02
6.996668999999999805e-01,9.182628339999999723e-01,-5.074648697999999819e-02,-1.881201781999999878e-02
7.000409100000000162e-01,9.200188501999999602e-01,-4.938492614000000031e-02,-1.879551903999999996e-02
7.004130699999999710e-01,9.222463001999999799e-01,-4.772363564999999863e-02,-1.887722868000000012e-02
7.007833900000000060e-01,9.233100596000000104e-01,-4.591586672999999758e-02,-1.901020515000000077e-02
7.011523299999999903e-01,9.244666954000000381e-01,-4.412913935999999981e-02,-1.908522756999999834e-02
7.015203700000000042e-01,9.259630054999999915e-01,-4.233812133999999977e-02,-1.920933316000000141e-02
7.018875100000000478e-01,9.274754655000000403e-01,-4.090479847999999724e-02,-1.932547905000000024e-02
7.022541900000000004e-01,9.281362074000000240e-01,-3.930803172999999817e-02,-1.953787362000000000e-02
7.026208699999999530e-01,9.272360659999999699e-01,-3.775468489000000094e-02,-1.983876281000000047e-02
7.029875500000000166e-01,9.247302922000000258e-01,-3.621698471999999780e-02,-2.001975824000000112e-02
7.033551399999999898e-01,9.221425745000000340e-01,-3.497872854999999753e-02,-2.013108043000000000e-02
7.037231900000000540e-01,9.185009174999999582e-01,-3.443781103000000121e-02,-2.011420287000000029e-02
7.040921500000000277e-01,9.143670232999999703e-01,-3.423660875000000131e-02,-1.981529195999999840e-02
7.044620299999999613e-01,9.112492393000000135e-01,-3.415339581000000069e-02,-1.950662099999999829e-02
7.048323800000000361e-01,9.095904271000000429e-01,-3.438719532000000106e-02,-1.929154765000000091e-02
7.052027299999999999e-01,9.062845407999999825e-01,-3.474934854000000239e-02,-1.899823176999999863e-02
7.055726100000000445e-01,9.034601982000000087e-01,-3.555051187000000251e-02,-1.858437540999999943e-02
7.059425000000000283e-01,9.008447681000000262e-01,-3.581078608999999774e-02,-1.811809832999999870e-02
7.063119199999999820e-01,8.990732535000000025e-01,-3.587402447000000161e-02,-1.749699085000000140e-02
7.066804100000000366e-01,8.977131496000000377e-01,-3.572575489000000271e-02,-1.694930014000000165e-02
7.070479800000000203e-01,8.969459703000000061e-01,-3.584298847999999732e-02,-1.638985923000000136e-02
7.074150900000000242e-01,8.980013154000000553e-01,-3.558695805999999989e-02,-1.613031313000000064e-02
7.077812700000000179e-01,9.004999241000000154e-01,-3.517835837999999660e-02,-1.604857460000000055e-02
7.081470100000000212e-01,9.042209551000000012e-01,-3.450694233999999916e-02,-1.616293435000000153e-02
7.085127399999999742e-01,9.084971308000000523e-01,-3.339336271999999994e-02,-1.641304098000000156e-02
7.088784700000000383e-01,9.125209292000000527e-01,-3.223704321999999733e-02,-1.686767054000000085e-02
7.092451199999999512e-01,9.158510386999999531e-01,-3.130563993999999767e-02,-1.745802575000000162e-02
7.096131599999999651e-01,9.189760215000000176e-01,-3.077985562999999841e-02,-1.815769094999999944e-02
7.099826099999999585e-01,9.218891718999999707e-01,-3.082346580999999891e-02,-1.881720498999999922e-02
7.103544299999999811e-01,9.232000900000000287e-01,-3.101953920999999878e-02,-1.963859235000000106e-02
7.107291300000000422e-01,9.224443889000000230e-01,-3.137488383999999936e-02,-2.034496442000000016e-02
7.111067699999999991e-01,9.218089060999999917e-01,-3.263755506999999750e-02,-2.073538425999999976e-02
7.114878999999999509e-01,9.206717980999999940e-01,-3.437231040000000154e-02,-2.112417295999999972e-02
7.118725799999999770e-01,9.164874290000000201e-01,-3.625285076999999745e-02,-2.135990477000000026e-02
7.122608900000000354e-01,9.117542673999999847e-01,-3.881296934000000309e-02,-2.152949356999999883e-02
7.126529099999999728e-01,9.059534187000000127e-01,-4.194674014000000090e-02,-2.148238851999999949e-02
7.130486999999999798e-01,8.997167366999999638e-01,-4.530346068999999837e-02,-2.134300445000000129e-02
7.134477999999999653e-01,8.935205787000000122e-01,-4.846847536999999984e-02,-2.111274394999999859e-02
7.138491300000000539e-01,8.898044489999999973e-01,-5.057973626000000084e-02,-2.097162401999999939e-02
7.142498999999999931e-01,8.867801902999999930e-01,-5.160258377000000174e-02,-2.097796403000000073e-02
7.146495499999999668e-01,8.856703301999999667e-01,-5.193925457999999662e-02,-2.125721041999999866e-02
7.150486400000000131e-01,8.862650842999999501e-01,-5.149062453000000095e-02,-2.173988375999999847e-02
7.154460700000000450e-01,8.866822152000000123e-01,-5.077607779999999960e-02,-2.197174986000000052e-02
7.158423800000000004e-01,8.857845833999999918e-01,-5.031149986999999824e-02,-2.197574086999999968e-02
7.162370399999999915e-01,8.861535179999999734e-01,-4.983446522999999961e-02,-2.186590022999999883e-02
7.166300700000000079e-01,8.877197921999999686e-01,-4.932433913999999947e-02,-2.173059638999999890e-02
7.170214599999999994e-01,8.895902210999999671e-01,-4.827480586999999962e-02,-2.168562891000000090e-02
7.174106999999999568e-01,8.926106504999999913e-01,-4.705726040000000193e-02,-2.150251061000000088e-02
7.177978099999999806e-01,8.947882874999999459e-01,-4.574317099999999914e-02,-2.121493358999999856e-02
7.181833399999999479e-01,8.966291121999999669e-01,-4.491528445000000230e-02,-2.092428755000000015e-02
7.185672800000000304e-01,8.982708470000000389e-01,-4.449347986999999810e-02,-2.049049502999999994e-02
7.189496600000000459e-01,9.001242651999999955e-01,-4.450181722999999728e-02,-2.004833511999999998e-02
7.193310099999999929e-01,9.020838787999999608e-01,-4.508673812999999808e-02,-1.976259137999999971e-02
7.197113200000000433e-01,9.028656462999999910e-01,-4.616868837000000225e-02,-1.949349543000000046e-02
7.200906000000000251e-01,9.034242396999999647e-01,-4.706118271000000325e-02,-1.924952451999999842e-02
7.204688500000000495e-01,9.045710706999999795e-01,-4.805888935000000167e-02,-1.925888100999999936e-02
7.208466000000000040e-01,9.077657754000000301e-01,-4.903528672000000144e-02,-1.942876006000000128e-02
7.212238300000000102e-01,9.112009693999999493e-01,-4.980166882999999961e-02,-1.972096599999999950e-02
7.216000500000000484e-01,9.138984371999999690e-01,-5.053686844000000039e-02,-2.016384058999999909e-02
7.219757599999999664e-01,9.151482557000000240e-01,-5.188082371000000276e-02,-2.062326449999999853e-02
7.223504499999999773e-01,9.151694326000000546e-01,-5.323174576999999824e-02,-2.110510557000000106e-02
7.227241399999999594e-01,9.155654984000000107e-01,-5.484319161000000137e-02,-2.156528326999999912e-02
7.230968199999999735e-01,9.153204150000000539e-01,-5.683648188999999851e-02,-2.187442788999999915e-02
7.234685100000000091e-01,9.159160962000000294e-01,-5.937814029999999993e-02,-2.205734261999999987e-02
7.238391899999999657e-01,9.172461177999999826e-01,-6.184792990000000101e-02,-2.205298646000000001e-02
7.242088800000000548e-01,9.187902839999999571e-01,-6.439331443000000099e-02,-2.195482883999999926e-02
7.245780800000000132e-01,9.187690107000000550e-01,-6.725211395999999842e-02,-2.160007099000000111e-02
7.249467899999999521e-01,9.187632419000000272e-01,-6.958370327000000521e-02,-2.126006861999999928e-02
7.253154899999999516e-01,9.199102623999999562e-01,-7.205345619000000368e-02,-2.070329901999999958e-02
7.256846900000000211e-01,9.201520899999999781e-01,-7.389357183000000440e-02,-2.015164586999999841e-02
7.260543900000000495e-01,9.211773732000000381e-01,-7.545425818999999812e-02,-1.946361166999999864e-02
7.264250899999999955e-01,9.220093217000000507e-01,-7.630518652999999929e-02,-1.900073483999999840e-02
7.267962900000000115e-01,9.215116949999999640e-01,-7.672865823999999724e-02,-1.847969581999999930e-02
7.271684999999999954e-01,9.221619249000000407e-01,-7.607334239000000664e-02,-1.825099553000000124e-02
7.275412199999999885e-01,9.217810319999999447e-01,-7.473482414000000296e-02,-1.803872331999999828e-02
7.279144499999999907e-01,9.218894895999999450e-01,-7.330600969000000688e-02,-1.798724239999999891e-02
7.282881900000000019e-01,9.234825881999999542e-01,-7.165190965999999884e-02,-1.816100027999999894e-02
7.286629700000000209e-01,9.244919623999999780e-01,-6.964674795000000418e-02,-1.854094955999999877e-02
7.290382600000000490e-01,9.274500248999999474e-01,-6.762226255000000630e-02,-1.911424236999999943e-02
7.294140799999999647e-01,9.300290364000000087e-01,-6.538876875999999339e-02,-1.975337648999999848e-02
7.297909399999999991e-01,9.310060374999999944e-01,-6.322088162000000233e-02,-2.052564575999999905e-02
7.301693799999999790e-01,9.330320029999999987e-01,-6.126443475999999999e-02,-2.132922477999999941e-02
7.305499600000000537e-01,9.335075406999999714e-01,-5.943961083999999701e-02,-2.196182048000000150e-02
7.309326999999999908e-01,9.356524657000000467e-01,-5.785398346000000108e-02,-2.265442725000000115e-02
7.313181800000000399e-01,9.361272952000000425e-01,-5.661020724000000170e-02,-2.307189172000000121e-02
7.317058899999999699e-01,9.358406523000000199e-01,-5.574257092999999885e-02,-2.337298947000000099e-02
7.320941600000000493e-01,9.338474078999999817e-01,-5.519183979000000240e-02,-2.358888778999999880e-02
7.324824300000000177e-01,9.323426488999999595e-01,-5.457604430000000117e-02,-2.393651418000000003e-02
7.328712600000000243e-01,9.299534672999999474e-01,-5.384711965999999794e-02,-2.432405259999999986e-02
7.332606699999999478e-01,9.272439827999999773e-01,-5.245290668000000128e-02,-2.474721027000000018e-02
7.336506400000000205e-01,9.233043252999999506e-01,-5.041857535000000140e-02,-2.508335294999999854e-02
7.340417500000000484e-01,9.198156728999999920e-01,-4.835461558000000298e-02,-2.547480788999999940e-02
7.344346000000000485e-01,9.141776117000000035e-01,-4.631384582999999860e-02,-2.556407918000000098e-02
7.348286099999999932e-01,9.073528602000000554e-01,-4.374489969999999922e-02,-2.533594163000000080e-02
7.352237999999999829e-01,9.008658571000000004e-01,-4.157258879999999740e-02,-2.472150810999999837e-02
7.356201700000000177e-01,8.954771767000000438e-01,-3.945747631999999699e-02,-2.373541757000000030e-02
7.360171399999999586e-01,8.912273325999999773e-01,-3.742295510000000214e-02,-2.275571078000000053e-02
7.364141100000000106e-01,8.862347244999999596e-01,-3.526494681000000297e-02,-2.160412143000000132e-02
7.368110700000000124e-01,8.806869836999999812e-01,-3.313583828999999703e-02,-2.036857345000000000e-02
7.372080399999999534e-01,8.757486882999999667e-01,-3.131899348000000138e-02,-1.928098463999999845e-02
7.376050100000000054e-01,8.712621476999999892e-01,-2.967413887999999916e-02,-1.819707514000000123e-02
7.380013699999999899e-01,8.688345839000000126e-01,-2.815377265999999962e-02,-1.708883658999999985e-02
7.383977400000000246e-01,8.683409141000000275e-01,-2.695762541999999901e-02,-1.617315243000000055e-02
7.387935100000000421e-01,8.688058078999999490e-01,-2.580861170000000107e-02,-1.541041213000000042e-02
7.391886800000000424e-01,8.705978609000000201e-01,-2.478604531000000097e-02,-1.486214039000000042e-02
7.395838399999999924e-01,8.712388012999999765e-01,-2.400975362000000099e-02,-1.443449559000000056e-02
7.399790099999999926e-01,8.727514889999999914e-01,-2.340643585000000068e-02,-1.408604286000000004e-02
7.403741799999999929e-01,8.766368981000000060e-01,-2.393924509999999922e-02,-1.405139390000000044e-02
7.407705599999999668e-01,8.797713083000000545e-01,-2.529755259000000117e-02,-1.401726562999999932e-02
7.411687599999999820e-01,8.807969572999999608e-01,-2.661959133999999838e-02,-1.403203702000000060e-02
7.415700499999999806e-01,8.807495717000000113e-01,-2.795476380000000080e-02,-1.417060466000000067e-02
7.419744799999999918e-01,8.799409110000000478e-01,-2.910488153999999869e-02,-1.421695182999999953e-02
7.423814600000000485e-01,8.790604631999999752e-01,-3.066373023999999919e-02,-1.415735626999999920e-02
7.427884399999999943e-01,8.784797846999999882e-01,-3.238032324000000156e-02,-1.401053357999999978e-02
7.431941300000000084e-01,8.775862906000000407e-01,-3.446917851999999755e-02,-1.365590717000000030e-02
7.435979200000000233e-01,8.770203863000000100e-01,-3.653556804000000074e-02,-1.321969345999999927e-02
7.439997999999999889e-01,8.750905634000000211e-01,-3.813341566999999682e-02,-1.273875229000000046e-02
7.443991800000000492e-01,8.736901552000000404e-01,-3.990584451000000338e-02,-1.203879444999999930e-02
7.447960700000000323e-01,8.732210554999999541e-01,-4.152118872999999849e-02,-1.153084866999999972e-02
7.451899100000000109e-01,8.730155899999999525e-01,-4.305601692000000230e-02,-1.117406620000000080e-02
7.455813199999999918e-01,8.738815501000000152e-01,-4.527032872000000263e-02,-1.096944868999999954e-02
7.459691499999999698e-01,8.761704698000000180e-01,-4.788657831999999781e-02,-1.091030844999999957e-02
7.463540499999999911e-01,8.784547851999999768e-01,-5.000592178999999776e-02,-1.104540612999999928e-02
7.467354699999999568e-01,8.813252698000000329e-01,-5.170693476999999733e-02,-1.114116799999999990e-02
7.471140400000000348e-01,8.846219653000000349e-01,-5.296393326999999929e-02,-1.139514439000000046e-02
7.474897999999999820e-01,8.887997324999999949e-01,-5.420014140999999952e-02,-1.197176039999999983e-02
7.478627899999999995e-01,8.935815953000000311e-01,-5.515231920000000093e-02,-1.269718727000000019e-02
7.482330299999999657e-01,8.970844216000000149e-01,-5.566997919000000322e-02,-1.342299547000000079e-02
7.486005700000000207e-01,9.013154763999999819e-01,-5.613262897000000085e-02,-1.420924821000000074e-02
7.489665100000000297e-01,9.044334505000000135e-01,-5.670375931999999813e-02,-1.505444008999999930e-02
7.493303300000000444e-01,9.068244224000000520e-01,-5.746283088000000289e-02,-1.568197610000000158e-02
7.496925700000000026e-01,9.097892236000000299e-01,-5.860785948999999717e-02,-1.629383267999999843e-02
7.500537600000000138e-01,9.121951542999999774e-01,-6.035879260000000246e-02,-1.675467200999999906e-02
7.504139199999999565e-01,9.145012241000000097e-01,-6.256763578000000547e-02,-1.709485285000000160e-02
7.507730299999999524e-01,9.172452934999999474e-01,-6.478256396999999833e-02,-1.730363110999999857e-02
7.511311200000000410e-01,9.195599754000000070e-01,-6.736858188000000025e-02,-1.740636477999999918e-02
7.514886899999999592e-01,9.209051233999999697e-01,-6.975101204000000443e-02,-1.732755010999999928e-02
7.518452300000000310e-01,9.215007616000000512e-01,-7.199499490999999862e-02,-1.728978595000000076e-02
7.522012599999999827e-01,9.213873134000000187e-01,-7.417147942000000549e-02,-1.737960716999999849e-02
7.525567899999999755e-01,9.216174681000000035e-01,-7.579197110999999487e-02,-1.772204688000000167e-02
7.529128200000000382e-01,9.212172306000000477e-01,-7.647534076999999708e-02,-1.810267227000000173e-02
7.532693700000000492e-01,9.207747955999999734e-01,-7.671899733999999749e-02,-1.841927286999999955e-02
7.536264299999999583e-01,9.197160483999999858e-01,-7.634809801000000395e-02,-1.886631830000000051e-02
7.539845299999999861e-01,9.172706044999999753e-01,-7.548220009000000674e-02,-1.908726445999999952e-02
7.543426300000000140e-01,9.141040592000000409e-01,-7.482898608999999368e-02,-1.934566555999999923e-02
7.547007300000000418e-01,9.107228706000000118e-01,-7.405966545000000623e-02,-1.967469767000000133e-02
7.550583100000000103e-01,9.080292752999999939e-01,-7.291016192999999479e-02,-1.998703301999999946e-02
7.554158899999999788e-01,9.067814744000000093e-01,-7.232895708000000590e-02,-2.025181275000000058e-02
7.557729499999999989e-01,9.051458153000000451e-01,-7.146706167999999915e-02,-2.035799402999999980e-02
7.561305299999999674e-01,9.048800528999999537e-01,-7.043120227999999372e-02,-2.040754956999999911e-02
7.564881100000000469e-01,9.051160101999999874e-01,-6.971258740999999870e-02,-2.045466409000000138e-02
7.568462099999999637e-01,9.063687662999999617e-01,-6.909273673999999366e-02,-2.039009036999999899e-02
7.572053800000000390e-01,9.072393968999999947e-01,-6.868402796000000476e-02,-2.035458017000000078e-02
7.575656100000000004e-01,9.095879347999999975e-01,-6.871340864000000104e-02,-2.046324689000000169e-02
7.579269100000000092e-01,9.116293505000000463e-01,-6.923721659999999833e-02,-2.061842892999999829e-02
7.582898399999999928e-01,9.153151762000000247e-01,-6.965682881000000159e-02,-2.088294155999999985e-02
7.586549599999999893e-01,9.189370930000000381e-01,-6.977119504999999833e-02,-2.115876262000000035e-02
7.590217400000000003e-01,9.220688683000000108e-01,-6.942879893999999441e-02,-2.151045022999999862e-02
7.593907800000000430e-01,9.244527236999999786e-01,-6.873517731000000630e-02,-2.185271884000000026e-02
7.597626600000000341e-01,9.264296185999999489e-01,-6.839268146999999409e-02,-2.213675299999999860e-02
7.601368600000000253e-01,9.276371904000000335e-01,-6.790275743000000197e-02,-2.236949455000000059e-02
7.605128199999999783e-01,9.290874740000000243e-01,-6.758500996999999844e-02,-2.253235980999999943e-02
7.608905599999999936e-01,9.304435008000000451e-01,-6.724696233999999384e-02,-2.265364246000000151e-02
7.612700999999999496e-01,9.310788454999999741e-01,-6.707175042000000642e-02,-2.276907539000000077e-02
7.616514599999999469e-01,9.302071915999999829e-01,-6.642324357999999929e-02,-2.277717347999999933e-02
7.620340399999999681e-01,9.285405866999999480e-01,-6.578945384999999868e-02,-2.270665570000000161e-02
7.624160100000000329e-01,9.246895180999999964e-01,-6.508799631999999391e-02,-2.271149725000000050e-02
7.627967500000000234e-01,9.209203382999999743e-01,-6.413980506999999998e-02,-2.262758037000000069e-02
7.631762800000000402e-01,9.172111620999999770e-01,-6.321879118999999825e-02,-2.238904845000000074e-02
7.635545900000000330e-01,9.144235559000000180e-01,-6.181386778999999748e-02,-2.214111465000000167e-02
7.639316999999999913e-01,9.111504850999999627e-01,-6.041178266999999713e-02,-2.189669808999999967e-02
7.643075999999999759e-01,9.078409231999999829e-01,-5.863755760000000095e-02,-2.165482582000000100e-02
7.646823099999999762e-01,9.058121579000000256e-01,-5.672370326000000101e-02,-2.152339311000000047e-02
7.650570199999999765e-01,9.063166767000000457e-01,-5.453465907999999890e-02,-2.155687108999999879e-02
7.654311299999999596e-01,9.083735754999999745e-01,-5.166569979999999923e-02,-2.164566354999999942e-02
7.658052499999999929e-01,9.127683571000000384e-01,-4.866864260999999997e-02,-2.181827048999999963e-02
7.661799599999999932e-01,9.182131887000000159e-01,-4.542253526000000069e-02,-2.204034293000000158e-02
7.665552700000000108e-01,9.243452385999999521e-01,-4.222578192999999758e-02,-2.233810539000000150e-02
7.669318000000000524e-01,9.308840551000000518e-01,-3.875012500000000332e-02,-2.267318442999999989e-02
7.673095399999999566e-01,9.363854252000000100e-01,-3.503611336999999659e-02,-2.303417300000000154e-02
7.676891300000000529e-01,9.395436207999999789e-01,-3.200037173999999845e-02,-2.338200333999999880e-02
7.680712200000000545e-01,9.408110923000000403e-01,-2.931255185000000013e-02,-2.358031357000000064e-02
7.684558500000000514e-01,9.413573476000000051e-01,-2.743308417000000013e-02,-2.370437129000000157e-02
7.688436899999999685e-01,9.422288473000000053e-01,-2.612633804999999962e-02,-2.384643578999999861e-02
7.692354900000000217e-01,9.409930811000000173e-01,-2.602664531999999975e-02,-2.383816760000000146e-02
7.696313099999999574e-01,9.387881098999999452e-01,-2.679290859999999830e-02,-2.384220251000000040e-02
7.700264500000000290e-01,9.355531321000000178e-01,-2.901245988000000081e-02,-2.370981855999999832e-02
7.704215899999999895e-01,9.307048003000000236e-01,-3.147766703000000332e-02,-2.340536278999999845e-02
7.708167400000000002e-01,9.263755296000000250e-01,-3.461630192000000189e-02,-2.309228879999999928e-02
7.712118799999999608e-01,9.226587707000000194e-01,-3.814404317000000266e-02,-2.281723612000000068e-02
7.716070299999999715e-01,9.190166760000000323e-01,-4.188424855999999669e-02,-2.251161176000000125e-02
7.720021700000000431e-01,9.158858294999999705e-01,-4.537403143999999694e-02,-2.211795055000000121e-02
7.723973100000000036e-01,9.112104929000000020e-01,-4.864388322000000320e-02,-2.185199629000000171e-02
7.727917699999999890e-01,9.068912673000000257e-01,-5.120126786999999735e-02,-2.174595760000000086e-02
7.731862299999999744e-01,9.020242875999999743e-01,-5.372305507999999841e-02,-2.150290876000000156e-02
7.735800000000000454e-01,8.947999868999999551e-01,-5.579127156000000115e-02,-2.091812736000000020e-02
7.739730900000000302e-01,8.886139929999999909e-01,-5.720869078000000163e-02,-2.019246075999999931e-02
7.743661800000000150e-01,8.838593540000000415e-01,-5.835461080999999883e-02,-1.931890047000000069e-02
7.747585900000000247e-01,8.783171296999999766e-01,-5.877541478000000014e-02,-1.831981677000000044e-02
7.751503199999999483e-01,8.762749377999999867e-01,-5.836133943999999990e-02,-1.752244085000000118e-02
7.755420400000000436e-01,8.776052240999999698e-01,-5.793150155000000023e-02,-1.702131471999999979e-02
7.759337600000000279e-01,8.795760009999999962e-01,-5.697860616000000045e-02,-1.639743545000000094e-02
7.763234399999999757e-01,8.813655925000000169e-01,-5.601642155000000067e-02,-1.570363238999999966e-02
7.767104299999999517e-01,8.843372824999999882e-01,-5.506966888999999948e-02,-1.509191502999999990e-02
7.770940899999999596e-01,8.873123863999999861e-01,-5.437437794999999685e-02,-1.459181925999999963e-02
7.774751199999999640e-01,8.900047409000000354e-01,-5.366464792000000261e-02,-1.413881158000000055e-02
7.778535699999999942e-01,8.913516228000000208e-01,-5.266070053000000001e-02,-1.377583884999999952e-02
7.782307200000000424e-01,8.926747966000000423e-01,-5.142818116999999661e-02,-1.355499609000000022e-02
7.786066000000000376e-01,8.941267158000000270e-01,-5.006587125999999860e-02,-1.345997883999999929e-02
7.789812099999999795e-01,8.956729757000000403e-01,-4.868127285999999943e-02,-1.360683656999999921e-02
7.793551899999999755e-01,8.964384065999999596e-01,-4.791265950999999690e-02,-1.382286018000000033e-02
7.797285299999999753e-01,8.968587488999999469e-01,-4.735877439999999772e-02,-1.396216855999999999e-02
7.801012400000000291e-01,8.972787588999999731e-01,-4.706611782999999688e-02,-1.421302886000000085e-02
7.804733200000000259e-01,8.979466623999999841e-01,-4.674831592999999924e-02,-1.448605025000000018e-02
7.808447699999999658e-01,8.988456780000000368e-01,-4.671782389999999674e-02,-1.477516067999999974e-02
7.812155899999999598e-01,8.988851795000000200e-01,-4.674693788999999960e-02,-1.497234352000000046e-02
7.815857800000000077e-01,8.972909283000000125e-01,-4.718360602999999848e-02,-1.499685383000000025e-02
7.819553500000000490e-01,8.961376741000000035e-01,-4.813970398999999761e-02,-1.499223465999999921e-02
7.823242900000000333e-01,8.945375590999999904e-01,-4.968131373000000267e-02,-1.494362182999999997e-02
7.826926100000000108e-01,8.923356571999999653e-01,-5.133366950999999900e-02,-1.496512749000000059e-02
7.830603000000000424e-01,8.911891621999999957e-01,-5.349486449000000199e-02,-1.492135080999999926e-02
7.834273800000000065e-01,8.895056517999999635e-01,-5.575727014000000231e-02,-1.488943826000000033e-02
7.837944500000000314e-01,8.891887512999999688e-01,-5.805538053999999976e-02,-1.498456521000000007e-02
7.841609000000000496e-01,8.887609421000000065e-01,-6.026367673000000008e-02,-1.517828688999999995e-02
7.845273499999999567e-01,8.890165616999999854e-01,-6.207194209999999934e-02,-1.540555635000000027e-02
7.848944199999999816e-01,8.893118177000000069e-01,-6.297746190000000355e-02,-1.574489909000000021e-02
7.852621199999999524e-01,8.912211797000000324e-01,-6.307459864000000693e-02,-1.608808060999999956e-02
7.856304600000000304e-01,8.944285831999999603e-01,-6.271601496999999747e-02,-1.639523530000000159e-02
7.860000600000000004e-01,8.998203902000000420e-01,-6.165373301000000306e-02,-1.697553376999999877e-02
7.863702999999999665e-01,9.048407970999999828e-01,-5.997240087999999858e-02,-1.759107492000000147e-02
7.867418299999999753e-01,9.105519128000000295e-01,-5.810193766999999926e-02,-1.830384767000000149e-02
7.871146599999999660e-01,9.145343071000000545e-01,-5.631551702999999798e-02,-1.906962967999999842e-02
7.874881400000000031e-01,9.174798155000000177e-01,-5.428445932999999973e-02,-1.972574858000000070e-02
7.878629400000000116e-01,9.205761115999999689e-01,-5.246834998000000222e-02,-2.036874845999999892e-02
7.882384099999999449e-01,9.244075330000000035e-01,-5.091730945999999730e-02,-2.096212142000000028e-02
7.886152100000000109e-01,9.272059814999999983e-01,-4.992321729000000208e-02,-2.140770491999999942e-02
7.889933599999999769e-01,9.296749323999999870e-01,-4.884867886000000131e-02,-2.177878654000000094e-02
7.893721799999999789e-01,9.297211676000000091e-01,-4.790102372999999886e-02,-2.199039415999999927e-02
7.897530600000000067e-01,9.288932048000000385e-01,-4.761705012999999792e-02,-2.212831004000000157e-02
7.901360299999999892e-01,9.268188297999999659e-01,-4.738208916000000159e-02,-2.207840218000000146e-02
7.905218099999999914e-01,9.248749360000000364e-01,-4.713664249999999917e-02,-2.211329213000000002e-02
7.909104500000000426e-01,9.217747391999999707e-01,-4.695067515000000274e-02,-2.222314625999999987e-02
7.913019999999999499e-01,9.179320180000000162e-01,-4.673365605000000256e-02,-2.244016391999999888e-02
7.916965200000000147e-01,9.130458412999999940e-01,-4.649580581999999962e-02,-2.278719607999999883e-02
7.920932899999999499e-01,9.094221674000000366e-01,-4.572771053000000002e-02,-2.321440699999999940e-02
7.924915700000000340e-01,9.064653700000000480e-01,-4.424442217999999954e-02,-2.389710881999999870e-02
7.928921700000000072e-01,9.050241587999999782e-01,-4.264796382000000247e-02,-2.479006539999999842e-02
7.932935399999999637e-01,9.026825346000000305e-01,-4.110368545999999734e-02,-2.570787712000000003e-02
7.936964800000000375e-01,8.993339813999999821e-01,-3.950512278999999960e-02,-2.642754619999999888e-02
7.940994099999999500e-01,8.962605956000000429e-01,-3.805494730000000270e-02,-2.687086731000000103e-02
7.945031399999999966e-01,8.944270282999999822e-01,-3.683501943999999834e-02,-2.724569099000000161e-02
7.949068700000000431e-01,8.940489673999999498e-01,-3.565651752000000008e-02,-2.762231533999999836e-02
7.953097999999999557e-01,8.934822758999999559e-01,-3.411169907000000112e-02,-2.790754193999999896e-02
7.957127400000000295e-01,8.945865254999999516e-01,-3.236959996000000200e-02,-2.801807514999999846e-02
7.961148799999999692e-01,8.955537327000000491e-01,-3.057228496999999864e-02,-2.794575410000000107e-02
7.965170200000000200e-01,8.982161078000000520e-01,-2.968409170999999902e-02,-2.779463805000000065e-02
7.969199500000000436e-01,9.002964148000000000e-01,-2.863894252999999931e-02,-2.750192447000000123e-02
7.973228900000000063e-01,9.020178908000000551e-01,-2.758680344999999909e-02,-2.716802109999999840e-02
7.977250299999999461e-01,9.033584467999999923e-01,-2.670264161999999844e-02,-2.668330564999999918e-02
7.981247799999999781e-01,9.031340547999999746e-01,-2.555510940000000134e-02,-2.613080711999999847e-02
7.985229499999999536e-01,9.027965633000000212e-01,-2.523883960000000010e-02,-2.554065653000000061e-02
7.989187800000000506e-01,9.022718064000000426e-01,-2.560091478999999837e-02,-2.490442235000000018e-02
7.993130600000000197e-01,9.030384851999999629e-01,-2.630972575999999952e-02,-2.426382125999999861e-02
7.997050300000000389e-01,9.039243741000000387e-01,-2.740552809999999978e-02,-2.359628947000000018e-02
8.000962299999999638e-01,9.038687247000000147e-01,-2.927963382000000128e-02,-2.295703957000000059e-02
8.004858999999999725e-01,9.032197021000000214e-01,-3.161648854000000120e-02,-2.222637641999999913e-02
8.008748199999999873e-01,9.035762330000000064e-01,-3.469693689000000192e-02,-2.125465677000000150e-02
8.012629799999999580e-01,9.033621550999999528e-01,-3.825183840000000168e-02,-2.020464929000000132e-02
8.016511400000000398e-01,9.036242877000000284e-01,-4.225189059000000052e-02,-1.909839699999999960e-02
8.020385399999999665e-01,9.036192651000000131e-01,-4.627571345999999947e-02,-1.792623738000000133e-02
8.024267000000000483e-01,9.029983418999999456e-01,-5.019857225999999756e-02,-1.683352126999999865e-02
8.028148600000000190e-01,9.012432034999999786e-01,-5.394934333000000332e-02,-1.576037799000000114e-02
8.032045500000000171e-01,8.995934348999999886e-01,-5.774736084999999852e-02,-1.465294938999999949e-02
8.035957900000000320e-01,8.987358232000000058e-01,-6.098366999999999677e-02,-1.355338141999999982e-02
8.039886000000000532e-01,8.981448921000000363e-01,-6.371843707999999551e-02,-1.248888425000000031e-02
8.043829900000000199e-01,8.967256899000000114e-01,-6.622526911999999932e-02,-1.159077571999999993e-02
8.047797799999999446e-01,8.954532189999999670e-01,-6.845524973000000069e-02,-1.087959060999999991e-02
8.051789999999999781e-01,8.937884486999999600e-01,-6.997248935000000003e-02,-1.042112597999999939e-02
8.055765999999999760e-01,8.939814931999999770e-01,-7.154848042000000463e-02,-1.020387721999999921e-02
8.059717699999999763e-01,8.952217104999999897e-01,-7.265534207000000355e-02,-1.033751737999999941e-02
8.063637399999999955e-01,8.978247402000000266e-01,-7.347626888000000078e-02,-1.068137213999999918e-02
8.067533500000000357e-01,9.013153364999999528e-01,-7.377175442000000194e-02,-1.117834158999999987e-02
8.071398499999999920e-01,9.054742770999999468e-01,-7.403165379999999962e-02,-1.175983702999999943e-02
8.075240299999999483e-01,9.087438418000000073e-01,-7.425080255999999546e-02,-1.227720698999999922e-02
8.079051699999999503e-01,9.106008295999999946e-01,-7.421353198999999790e-02,-1.269130515999999931e-02
8.082833099999999771e-01,9.127799510999999866e-01,-7.361062843000000522e-02,-1.308031188999999976e-02
8.086592299999999511e-01,9.145208824999999653e-01,-7.360131258999999537e-02,-1.336572152000000020e-02
8.090329400000000337e-01,9.162273754999999964e-01,-7.390732490000000154e-02,-1.358737896000000028e-02
8.094044700000000425e-01,9.178273150000000324e-01,-7.436790596999999503e-02,-1.372965190999999967e-02
8.097745600000000321e-01,9.179681692000000170e-01,-7.513089195000000053e-02,-1.371298974999999969e-02
8.101432100000000025e-01,9.173923189999999561e-01,-7.600520647000000296e-02,-1.365984123999999973e-02
8.105104400000000542e-01,9.165785767999999889e-01,-7.698150725999999833e-02,-1.343572110999999986e-02
8.108769599999999800e-01,9.156512545999999642e-01,-7.804076522000000238e-02,-1.326021670000000069e-02
8.112427700000000019e-01,9.156499620000000395e-01,-7.937502791999999363e-02,-1.321863130999999941e-02
8.116078700000000090e-01,9.151708603999999525e-01,-8.005172067000000669e-02,-1.319137314000000047e-02
8.119715600000000366e-01,9.141622861999999516e-01,-8.053125865999999355e-02,-1.313572759000000006e-02
8.123345499999999886e-01,9.139241141999999707e-01,-8.063432570999999605e-02,-1.317829509000000010e-02
8.126968399999999759e-01,9.147015116000000168e-01,-8.030724133000000098e-02,-1.342085112000000052e-02
8.130584299999999986e-01,9.145669908000000348e-01,-7.987729262999999913e-02,-1.365696326000000009e-02
8.134193199999999457e-01,9.152336356000000395e-01,-7.893488891000000063e-02,-1.402222158999999989e-02
8.137802100000000038e-01,9.150024557000000502e-01,-7.789626193000000198e-02,-1.400018368000000013e-02
8.141410999999999509e-01,9.136082463000000375e-01,-7.664180056000000074e-02,-1.380661486999999917e-02
8.145019900000000090e-01,9.109729706000000427e-01,-7.543933138000000205e-02,-1.351497957000000021e-02
8.148628799999999561e-01,9.083976932999999754e-01,-7.434622829999999738e-02,-1.310839507000000070e-02
8.152244800000000291e-01,9.070458357999999777e-01,-7.320212388999999820e-02,-1.282245891000000082e-02
8.155867799999999557e-01,9.068416099999999647e-01,-7.175622422999999861e-02,-1.267867183000000002e-02
8.159497999999999474e-01,9.073080579000000201e-01,-7.014003836000000380e-02,-1.252952478000000057e-02
8.163135400000000041e-01,9.080002307000000217e-01,-6.859284410999999526e-02,-1.218595696999999999e-02
8.166779899999999648e-01,9.089423174999999855e-01,-6.706642140000000640e-02,-1.188379541999999914e-02
8.170439000000000451e-01,9.100439932999999648e-01,-6.586643687000000302e-02,-1.166628175000000017e-02
8.174105499999999580e-01,9.110003215999999959e-01,-6.463355044999999355e-02,-1.152385618000000000e-02
8.177779299999999862e-01,9.113333385999999869e-01,-6.320353693999999911e-02,-1.146842370999999992e-02
8.181460600000000083e-01,9.114082234999999477e-01,-6.133378239000000093e-02,-1.166448949999999984e-02
8.185149299999999739e-01,9.118676504999999599e-01,-5.946151330999999846e-02,-1.201542480000000052e-02
8.188845500000000444e-01,9.128304252000000174e-01,-5.828411681000000150e-02,-1.266468328000000011e-02
8.192556899999999809e-01,9.130456699000000231e-01,-5.736789325000000300e-02,-1.333231766000000061e-02
8.196275899999999615e-01,9.131625414999999801e-01,-5.663415648999999691e-02,-1.428793645999999924e-02
8.200010399999999589e-01,9.116052466999999826e-01,-5.549770167999999726e-02,-1.527192823000000053e-02
8.203760300000000338e-01,9.096896385999999612e-01,-5.414319497000000259e-02,-1.624710764999999849e-02
8.207526000000000543e-01,9.069097743999999794e-01,-5.262396601000000201e-02,-1.737176005000000065e-02
8.211299699999999868e-01,9.037502128000000079e-01,-5.107640707000000307e-02,-1.843435884000000149e-02
8.215097300000000491e-01,9.009513271000000323e-01,-4.961383844000000209e-02,-1.945429213999999921e-02
8.218919399999999875e-01,8.985346892000000141e-01,-4.843910896999999854e-02,-2.026161760000000020e-02
8.222774600000000156e-01,8.942774957000000358e-01,-4.731913270000000227e-02,-2.086042617000000154e-02
8.226655000000000495e-01,8.904130222999999678e-01,-4.617500624999999748e-02,-2.135427192000000085e-02
8.230560999999999572e-01,8.872290139999999825e-01,-4.521578659000000111e-02,-2.178393403000000034e-02
8.234475700000000176e-01,8.836724235999999788e-01,-4.486899686000000304e-02,-2.207311233999999928e-02
8.238407800000000503e-01,8.824195822000000522e-01,-4.512451531000000182e-02,-2.232940141999999878e-02
8.242348699999999528e-01,8.831414212999999513e-01,-4.578342107999999744e-02,-2.259721938999999929e-02
8.246289700000000167e-01,8.857293126999999933e-01,-4.644443709999999947e-02,-2.289185537999999936e-02
8.250239499999999504e-01,8.874258505000000019e-01,-4.730903655000000263e-02,-2.304838092000000005e-02
8.254189299999999951e-01,8.904198019000000297e-01,-4.849798287999999846e-02,-2.323360735000000107e-02
8.258130099999999585e-01,8.940738061999999875e-01,-4.943339866000000249e-02,-2.348312929000000160e-02
8.262070999999999721e-01,8.969804873000000178e-01,-5.003663650000000213e-02,-2.353014654999999872e-02
8.266011899999999857e-01,9.012989152000000503e-01,-5.083073018999999942e-02,-2.348028829000000164e-02
8.269952799999999993e-01,9.072383671999999510e-01,-5.133135258000000312e-02,-2.347640370999999962e-02
8.273902699999999832e-01,9.130808241000000214e-01,-5.211713244999999911e-02,-2.358147366999999855e-02
8.277870699999999582e-01,9.191218099000000308e-01,-5.228697602000000055e-02,-2.364440531999999900e-02
8.281857099999999638e-01,9.232163790999999842e-01,-5.152915956000000269e-02,-2.356077412999999995e-02
8.285852799999999796e-01,9.274637002000000185e-01,-5.050105012000000171e-02,-2.343901221999999951e-02
8.289829899999999752e-01,9.305776912000000012e-01,-4.937294256000000076e-02,-2.332081505999999971e-02
8.293797800000000109e-01,9.316123445999999753e-01,-4.818175510000000106e-02,-2.311393708000000075e-02
8.297756600000000260e-01,9.304757614999999982e-01,-4.737122814999999987e-02,-2.287954752000000147e-02
8.301715299999999909e-01,9.274898727999999481e-01,-4.659997174999999658e-02,-2.267552818000000137e-02
8.305683200000000266e-01,9.217333654999999570e-01,-4.569618815999999806e-02,-2.247439207000000161e-02
8.309669800000000217e-01,9.145804744000000097e-01,-4.492747861000000176e-02,-2.217790810000000098e-02
8.313665900000000164e-01,9.072764356000000419e-01,-4.406172227999999996e-02,-2.180422396000000068e-02
8.317652500000000115e-01,8.994733366999999591e-01,-4.361933107000000309e-02,-2.154182115000000119e-02
8.321639100000000067e-01,8.933647525000000256e-01,-4.311738896999999654e-02,-2.141625914000000117e-02
8.325616300000000525e-01,8.864073702000000443e-01,-4.244426998999999839e-02,-2.134134416999999839e-02
8.329593400000000480e-01,8.804126477999999478e-01,-4.163637388000000078e-02,-2.144093840000000153e-02
8.333570599999999828e-01,8.774002857999999572e-01,-4.106150771000000033e-02,-2.165919019000000015e-02
8.337547699999999784e-01,8.773098580000000535e-01,-4.037418849999999809e-02,-2.206216989000000031e-02
8.341524900000000242e-01,8.779190552000000203e-01,-3.952129414000000313e-02,-2.254029530999999975e-02
8.345511599999999586e-01,8.795283806000000482e-01,-3.875272768000000145e-02,-2.312597564999999827e-02
8.349498300000000039e-01,8.806085286999999484e-01,-3.864673080000000094e-02,-2.342516701999999840e-02
8.353446900000000008e-01,8.812995708999999955e-01,-3.911468139000000288e-02,-2.338282210999999972e-02
8.357358000000000287e-01,8.817526457000000040e-01,-4.005361296999999932e-02,-2.306047360999999990e-02
8.361222999999999850e-01,8.822840416999999658e-01,-4.172081843000000068e-02,-2.257186939999999975e-02
8.365042999999999784e-01,8.841642455999999539e-01,-4.283722506999999846e-02,-2.195865019000000154e-02
8.368827599999999478e-01,8.880270231000000347e-01,-4.437656361000000271e-02,-2.148338229999999932e-02
8.372568799999999811e-01,8.907418183999999961e-01,-4.625282944999999785e-02,-2.096340513000000128e-02
8.376276000000000277e-01,8.934112158000000470e-01,-4.822427982000000030e-02,-2.049774157999999930e-02
8.379952499999999693e-01,8.950068078999999788e-01,-5.009027792000000229e-02,-2.010363504000000148e-02
8.383604799999999635e-01,8.956474795000000100e-01,-5.188749673999999701e-02,-1.960899514999999912e-02
8.387238399999999983e-01,8.964370918999999827e-01,-5.336867860999999769e-02,-1.917604087999999832e-02
8.390856300000000267e-01,8.975930932000000251e-01,-5.471910397000000204e-02,-1.877489757000000078e-02
8.394458500000000489e-01,8.984970808000000142e-01,-5.563208783999999685e-02,-1.854547570999999853e-02
8.398047699999999782e-01,8.999302450999999703e-01,-5.690641565000000013e-02,-1.826473651000000073e-02
8.401629099999999850e-01,9.008942999000000285e-01,-5.783747620000000145e-02,-1.815566240000000137e-02
8.405200299999999736e-01,9.014110352999999964e-01,-5.878970808999999659e-02,-1.799497778000000089e-02
8.408763799999999788e-01,9.008523278000000190e-01,-5.999128371999999654e-02,-1.791265183000000094e-02
8.412317099999999659e-01,9.011003951999999595e-01,-6.176007598000000237e-02,-1.797614398000000127e-02
8.415862800000000199e-01,9.007423514000000297e-01,-6.366355085000000025e-02,-1.811315541999999890e-02
8.419400900000000298e-01,9.010106232000000270e-01,-6.605142280999999616e-02,-1.837131889999999920e-02
8.422931399999999957e-01,9.001862173000000356e-01,-6.870034951999999528e-02,-1.847651718999999970e-02
8.426456900000000028e-01,8.996650617000000461e-01,-7.118886986000000361e-02,-1.839621049999999938e-02
8.429982499999999490e-01,8.985949471999999938e-01,-7.348927718999999359e-02,-1.837997096999999941e-02
8.433513000000000259e-01,8.985973275999999954e-01,-7.584147393000000015e-02,-1.833265482999999960e-02
8.437051100000000359e-01,8.981091650000000426e-01,-7.821433161000000689e-02,-1.823569578999999913e-02
8.440596900000000291e-01,8.984412963000000252e-01,-8.069844091000000219e-02,-1.800765018000000106e-02
8.444145199999999463e-01,8.986183720000000541e-01,-8.218743023999999786e-02,-1.786738874000000019e-02
8.447690900000000003e-01,8.985256649999999734e-01,-8.279362569999999810e-02,-1.759266259999999957e-02
8.451236699999999935e-01,8.978427530999999462e-01,-8.292619365999999437e-02,-1.714134679000000119e-02
8.454782400000000475e-01,8.977806745999999949e-01,-8.272768319999999898e-02,-1.667111728999999890e-02
8.458328099999999905e-01,8.992580841999999741e-01,-8.176906884000000042e-02,-1.619348382000000003e-02
8.461878999999999929e-01,9.028769865000000339e-01,-8.025767506000000551e-02,-1.564565374000000120e-02
8.465435000000000043e-01,9.082229101000000027e-01,-7.808515199000000406e-02,-1.523223924999999972e-02
8.468998800000000493e-01,9.128363755999999718e-01,-7.566041645000000371e-02,-1.489838630999999920e-02
8.472575500000000259e-01,9.179519055999999511e-01,-7.300166494000000228e-02,-1.457253457999999925e-02
8.476165300000000347e-01,9.208477076000000094e-01,-7.033472312999999865e-02,-1.420774351000000067e-02
8.479768300000000147e-01,9.236905010999999499e-01,-6.767497780999999490e-02,-1.388962688000000036e-02
8.483387300000000408e-01,9.270931441999999967e-01,-6.573214807999999687e-02,-1.363555324000000069e-02
8.487027900000000402e-01,9.295783763999999616e-01,-6.423574531999999560e-02,-1.331533690000000041e-02
8.490690199999999521e-01,9.318339546999999667e-01,-6.298904401999999569e-02,-1.317622956999999970e-02
8.494377499999999914e-01,9.332551494999999919e-01,-6.260785202999999410e-02,-1.294114734000000044e-02
8.498087100000000227e-01,9.354553236000000549e-01,-6.281357143999999337e-02,-1.297831005000000051e-02
8.501819499999999641e-01,9.373010180999999941e-01,-6.378899871000000277e-02,-1.294086805000000014e-02
8.505572000000000132e-01,9.370972262000000219e-01,-6.481531844000000542e-02,-1.290791338999999933e-02
8.509341799999999845e-01,9.357008533999999766e-01,-6.577543801999999329e-02,-1.307994416999999979e-02
8.513126399999999538e-01,9.338211272999999979e-01,-6.691310187000000520e-02,-1.320164513999999914e-02
8.516911000000000342e-01,9.334231146000000479e-01,-6.781848894000000461e-02,-1.355864755999999956e-02
8.520669199999999499e-01,9.321085988999999739e-01,-6.877760283999999336e-02,-1.405604484000000029e-02
8.524407099999999904e-01,9.303030882999999696e-01,-6.938763322999999539e-02,-1.465091460999999942e-02
8.528136499999999787e-01,9.272937400999999857e-01,-6.965266781999999990e-02,-1.537711146000000050e-02
8.531865800000000277e-01,9.253317005000000206e-01,-6.934524884999999916e-02,-1.630283857999999947e-02
8.535600899999999935e-01,9.226000065999999666e-01,-6.837869276999999912e-02,-1.745297721000000149e-02
8.539347499999999647e-01,9.203156189000000209e-01,-6.690466114000000186e-02,-1.838516018999999946e-02
8.543111700000000086e-01,9.178567877000000097e-01,-6.444793045999999692e-02,-1.926678844000000168e-02
8.546899399999999813e-01,9.147569450000000435e-01,-6.104777075000000081e-02,-2.002249429999999886e-02
8.550714099999999762e-01,9.105887449999999772e-01,-5.727056886000000263e-02,-2.059188274000000110e-02
8.554559200000000363e-01,9.050165765000000029e-01,-5.368908229000000226e-02,-2.097472246999999845e-02
8.558435199999999687e-01,8.993200975999999791e-01,-4.977806012000000196e-02,-2.131490060999999964e-02
8.562342600000000248e-01,8.948221943999999928e-01,-4.552309472999999801e-02,-2.140643228999999925e-02
8.566278699999999580e-01,8.911968205000000420e-01,-4.129240154000000246e-02,-2.159121957000000036e-02
8.570237600000000233e-01,8.888789622999999640e-01,-3.696073031000000203e-02,-2.166224133999999912e-02
8.574216099999999452e-01,8.886000013999999503e-01,-3.345681165000000123e-02,-2.173291873999999915e-02
8.578211100000000533e-01,8.892043758000000020e-01,-3.074981057000000101e-02,-2.179360103000000173e-02
8.582216200000000184e-01,8.901026170000000404e-01,-2.854074961999999993e-02,-2.168719851999999920e-02
8.586224599999999763e-01,8.910354624999999862e-01,-2.754679277999999912e-02,-2.151345169999999835e-02
8.590236399999999772e-01,8.947074624999999948e-01,-2.689420379000000139e-02,-2.136101056999999831e-02
8.594244800000000462e-01,9.003336119999999498e-01,-2.646288784000000102e-02,-2.129095463000000091e-02
8.598239800000000432e-01,9.060222704999999488e-01,-2.690530719999999903e-02,-2.122931642999999896e-02
8.602208300000000474e-01,9.115786136000000317e-01,-2.809316502000000146e-02,-2.115388709000000020e-02
8.606153800000000409e-01,9.162269586000000299e-01,-2.937881436000000165e-02,-2.104796807999999991e-02
8.610076599999999525e-01,9.196185280999999989e-01,-3.123708165000000161e-02,-2.088626587000000021e-02
8.613983299999999899e-01,9.224466385999999796e-01,-3.354285382000000287e-02,-2.073565163000000086e-02
8.617874100000000315e-01,9.241014470999999730e-01,-3.690105274000000241e-02,-2.063568710000000112e-02
8.621755300000000233e-01,9.236710719999999819e-01,-4.008591272999999927e-02,-2.054185391000000124e-02
8.625627099999999547e-01,9.220929178000000226e-01,-4.283407275000000042e-02,-2.053966316999999986e-02
8.629492500000000010e-01,9.199611282999999862e-01,-4.569102007999999854e-02,-2.051905341999999896e-02
8.633357999999999866e-01,9.169177393999999870e-01,-4.826247053999999786e-02,-2.060456662000000050e-02
8.637223400000000328e-01,9.134170206999999708e-01,-5.063595000999999984e-02,-2.059898156000000008e-02
8.641092099999999609e-01,9.103273238000000323e-01,-5.228264761000000344e-02,-2.058973081000000163e-02
8.644963799999999532e-01,9.083713575999999845e-01,-5.375631617999999945e-02,-2.061875218000000162e-02
8.648838800000000493e-01,9.066694251000000371e-01,-5.459230729999999671e-02,-2.059684896000000057e-02
8.652716900000000377e-01,9.046794066000000134e-01,-5.554933532999999785e-02,-2.035465776999999948e-02
8.656601400000000224e-01,9.025603535999999760e-01,-5.616614707999999928e-02,-1.991445755000000040e-02
8.660492300000000032e-01,9.015811985999999667e-01,-5.649570116000000169e-02,-1.953738119999999870e-02
8.664389700000000305e-01,9.007749026000000381e-01,-5.650328078999999892e-02,-1.896076144000000130e-02
8.668280600000000113e-01,9.005346095999999800e-01,-5.639576461000000290e-02,-1.831746815999999931e-02
8.672142800000000040e-01,9.001417709000000267e-01,-5.605978337999999866e-02,-1.774783100999999946e-02
8.675976600000000483e-01,8.980389804999999726e-01,-5.590698242000000096e-02,-1.741186708000000069e-02
8.679788699999999579e-01,8.961475947999999470e-01,-5.531472216000000303e-02,-1.724851692999999908e-02
8.683582300000000087e-01,8.954010368000000497e-01,-5.453267596999999967e-02,-1.727460186999999966e-02
8.687360600000000321e-01,8.954776694999999620e-01,-5.349553062000000220e-02,-1.731804452999999994e-02
8.691129899999999742e-01,8.963292709000000302e-01,-5.273453824999999734e-02,-1.752560346000000061e-02
8.694889999999999564e-01,8.974212953000000326e-01,-5.270638034999999832e-02,-1.772383011000000161e-02
8.698644100000000323e-01,9.003729120000000252e-01,-5.291740632999999971e-02,-1.792816768999999991e-02
8.702395200000000441e-01,9.038249949000000116e-01,-5.303986352000000098e-02,-1.828879412000000010e-02
8.706143299999999918e-01,9.071077950999999473e-01,-5.342155216000000345e-02,-1.876946092000000149e-02
8.709885400000000333e-01,9.098679882000000330e-01,-5.349469818000000126e-02,-1.921753522000000172e-02
8.713624500000000106e-01,9.121350195999999855e-01,-5.321665680999999870e-02,-1.979628346000000122e-02
8.717357599999999707e-01,9.138910061999999668e-01,-5.259214051999999695e-02,-2.034907689999999880e-02
8.721087699999999776e-01,9.149405991000000293e-01,-5.266008473000000079e-02,-2.078447492000000049e-02
8.724811900000000175e-01,9.159777282000000076e-01,-5.319605658999999875e-02,-2.131781255999999972e-02
8.728530100000000402e-01,9.158058486000000276e-01,-5.388814069000000262e-02,-2.178258698000000090e-02
8.732242399999999849e-01,9.142986267999999583e-01,-5.449700955000000291e-02,-2.215499153999999846e-02
8.735948700000000233e-01,9.136853687999999529e-01,-5.520090854999999685e-02,-2.251732953000000134e-02
8.739652399999999766e-01,9.126884249000000171e-01,-5.610534670999999668e-02,-2.280400478999999869e-02
8.743353400000000164e-01,9.102492739999999971e-01,-5.704493504000000131e-02,-2.303436756999999863e-02
8.747054300000000060e-01,9.081875498999999463e-01,-5.777255247000000205e-02,-2.345333680999999934e-02
8.750757999999999592e-01,9.055501358999999972e-01,-5.858566594999999738e-02,-2.387602274999999982e-02
8.754467299999999508e-01,9.030053381000000545e-01,-5.917856375999999696e-02,-2.431449029000000081e-02
8.758181999999999912e-01,9.013814468999999940e-01,-5.961533266999999997e-02,-2.469938438999999888e-02
8.761907899999999971e-01,9.000913166999999770e-01,-6.012103664000000014e-02,-2.496791485000000171e-02
8.765642099999999548e-01,8.995716797999999681e-01,-6.083466894999999680e-02,-2.507867562999999828e-02
8.769384799999999647e-01,8.996014111000000257e-01,-6.219417375999999886e-02,-2.502212494999999856e-02
8.773138900000000406e-01,9.005383477999999720e-01,-6.328091969000000649e-02,-2.506337092000000127e-02
8.776901400000000075e-01,9.021463369000000121e-01,-6.398519028999999358e-02,-2.510456490000000096e-02
8.780675399999999797e-01,9.019692413000000020e-01,-6.413654436000000569e-02,-2.504433137999999975e-02
8.784458099999999936e-01,9.021513435000000358e-01,-6.420940568999999876e-02,-2.516387603000000070e-02
8.788240699999999572e-01,9.036106244999999593e-01,-6.449744320000000419e-02,-2.526851607000000013e-02
8.791989000000000054e-01,9.047182938000000174e-01,-6.449585690999999621e-02,-2.529617376999999945e-02
8.795706300000000200e-01,9.053594843000000170e-01,-6.374884355000000336e-02,-2.519064180000000000e-02
8.799398499999999679e-01,9.061144719000000514e-01,-6.296619071999999540e-02,-2.505829400999999915e-02
8.803068800000000138e-01,9.067407239000000452e-01,-6.209936784000000265e-02,-2.497497205999999956e-02
8.806722799999999740e-01,9.066714170999999878e-01,-6.087955292000000324e-02,-2.467676041000000167e-02
8.810365999999999476e-01,9.074092853999999875e-01,-5.999919115999999969e-02,-2.439777665000000123e-02
8.814003799999999833e-01,9.077739689999999584e-01,-5.891348239000000070e-02,-2.434773155999999869e-02
8.817636199999999702e-01,9.095868821000000493e-01,-5.774822454999999771e-02,-2.443854410000000088e-02
8.821268599999999571e-01,9.119342155999999866e-01,-5.629044007999999683e-02,-2.471076703000000055e-02
8.824906399999999929e-01,9.147897626000000004e-01,-5.486338418000000217e-02,-2.516542857999999952e-02
8.828552400000000411e-01,9.181381292000000416e-01,-5.338694825999999727e-02,-2.568732944000000004e-02
8.832209100000000257e-01,9.223066742000000096e-01,-5.184202603000000187e-02,-2.641587892000000007e-02
8.835879599999999501e-01,9.262811752999999815e-01,-4.989754269999999853e-02,-2.728251333000000084e-02
8.839563900000000363e-01,9.279430233000000028e-01,-4.790500044999999874e-02,-2.801267530999999866e-02
8.843261999999999512e-01,9.278595531000000118e-01,-4.589425068999999913e-02,-2.873182682000000043e-02
8.846974199999999566e-01,9.254404894000000104e-01,-4.376833484999999996e-02,-2.946716396000000071e-02
8.850697800000000282e-01,9.225720599000000188e-01,-4.176124693000000249e-02,-3.016426105999999926e-02
8.854429799999999906e-01,9.182843290000000103e-01,-3.969641485000000025e-02,-3.081487129000000033e-02
8.858164699999999669e-01,9.142128444999999548e-01,-3.755764377000000293e-02,-3.138538150999999748e-02
8.861899600000000543e-01,9.103210546000000125e-01,-3.543142049999999793e-02,-3.191082490000000244e-02
8.865634500000000306e-01,9.069609242999999710e-01,-3.390823359000000314e-02,-3.239027891000000048e-02
8.869366600000000433e-01,9.038245048999999920e-01,-3.281627032000000027e-02,-3.281659793999999741e-02
8.873095699999999919e-01,9.026532393999999737e-01,-3.189427001000000317e-02,-3.330217255000000182e-02
8.876822100000000271e-01,9.018477120000000236e-01,-3.138858298000000296e-02,-3.370203056999999947e-02
8.880545499999999981e-01,9.018912975999999748e-01,-3.130318197999999719e-02,-3.414026461999999928e-02
8.884266100000000055e-01,9.012926047000000551e-01,-3.148351947999999956e-02,-3.459065314999999752e-02
8.887983900000000492e-01,9.000253689999999640e-01,-3.308902091999999656e-02,-3.471597531000000098e-02
8.891698799999999681e-01,8.995971814000000011e-01,-3.551260984000000065e-02,-3.458753467000000303e-02
8.895413699999999979e-01,8.996342044999999787e-01,-3.846801643000000159e-02,-3.415711483000000159e-02
8.899131500000000417e-01,9.008262500999999478e-01,-4.147603945000000181e-02,-3.362352612999999768e-02
8.902854999999999519e-01,9.003076046000000332e-01,-4.457215223000000198e-02,-3.280879374000000154e-02
8.906587099999999646e-01,8.991401047000000535e-01,-4.749130738000000018e-02,-3.179573059000000146e-02
8.910330800000000329e-01,8.984160132999999826e-01,-5.058668772000000230e-02,-3.077683856999999940e-02
8.914086199999999849e-01,8.979058221000000284e-01,-5.369762078999999744e-02,-2.985691148999999878e-02
8.917856199999999456e-01,8.969437492999999817e-01,-5.690634487000000019e-02,-2.879868917999999986e-02
8.921641000000000155e-01,8.945514217000000157e-01,-5.997049823000000224e-02,-2.761107569000000039e-02
8.925443800000000261e-01,8.923844106999999637e-01,-6.275643269000000246e-02,-2.644867964000000016e-02
8.929267699999999808e-01,8.889162233999999829e-01,-6.473776152999999312e-02,-2.535555343000000031e-02
8.933119200000000371e-01,8.836672432000000077e-01,-6.640638372000000345e-02,-2.440504975999999854e-02
8.937005000000000088e-01,8.780410110999999906e-01,-6.751977962999999860e-02,-2.361398307000000044e-02
8.940932099999999716e-01,8.739645454000000147e-01,-6.857781912999999507e-02,-2.298356547999999902e-02
8.944904799999999767e-01,8.701857662999999965e-01,-6.929508296000000400e-02,-2.260995911000000108e-02
8.948927500000000146e-01,8.672410133000000299e-01,-6.974097163999999627e-02,-2.231414089000000045e-02
8.952940099999999735e-01,8.656594882000000490e-01,-6.957479006000000243e-02,-2.202837020000000118e-02
8.956932600000000466e-01,8.651753828999999563e-01,-6.995170584000000302e-02,-2.185118021999999868e-02
8.960898600000000158e-01,8.663043382999999764e-01,-7.058824179000000587e-02,-2.190885511000000008e-02
8.964838400000000318e-01,8.673016445000000241e-01,-7.138588645000000510e-02,-2.191783783999999916e-02
8.968752399999999625e-01,8.709319317000000504e-01,-7.214948218000000191e-02,-2.212151008000000016e-02
8.972637599999999658e-01,8.746811171999999690e-01,-7.317748219000000387e-02,-2.240424926999999913e-02
8.976494499999999599e-01,8.801445663000000419e-01,-7.427227928000000590e-02,-2.283043494999999895e-02
8.980320499999999706e-01,8.878171835999999484e-01,-7.554343735000000615e-02,-2.330154154000000158e-02
8.984118899999999908e-01,8.952449649000000509e-01,-7.722162086999999342e-02,-2.367276134000000087e-02
8.987890200000000496e-01,9.021634262000000071e-01,-7.885697271000000064e-02,-2.422597976999999944e-02
8.991640600000000427e-01,9.106189496000000050e-01,-8.068178882000000274e-02,-2.476647164999999998e-02
8.995370400000000100e-01,9.196960996999999916e-01,-8.278887702999999931e-02,-2.510845759999999829e-02
8.999082699999999546e-01,9.277388710999999732e-01,-8.437124683999999708e-02,-2.530074599999999896e-02
9.002780500000000519e-01,9.346146512999999878e-01,-8.629918977999999352e-02,-2.543460217000000079e-02
9.006466800000000328e-01,9.407373645000000062e-01,-8.858624717999999398e-02,-2.549420855000000125e-02
9.010138699999999945e-01,9.446048789000000001e-01,-9.056804021000000593e-02,-2.549123521000000100e-02
9.013796499999999767e-01,9.484850522000000117e-01,-9.216043158999999430e-02,-2.557443699000000112e-02
9.017442900000000039e-01,9.517590469000000164e-01,-9.381775603000000463e-02,-2.564740564999999986e-02
9.021083699999999927e-01,9.537928620000000191e-01,-9.523193426999999878e-02,-2.571584311000000081e-02
9.024716099999999797e-01,9.538239269999999603e-01,-9.588234240000000075e-02,-2.575609426000000091e-02
9.028345700000000029e-01,9.540890542000000085e-01,-9.645429221000000053e-02,-2.585211303999999932e-02
9.031969800000000381e-01,9.521911587000000399e-01,-9.651870505000000044e-02,-2.578607123999999973e-02
9.035590999999999484e-01,9.500888869000000403e-01,-9.630660362000000030e-02,-2.578390730999999964e-02
9.039212199999999697e-01,9.471126104999999518e-01,-9.628720725000000646e-02,-2.558415567000000071e-02
9.042830699999999666e-01,9.441365847999999561e-01,-9.618761510999999931e-02,-2.536915840999999852e-02
9.046449100000000243e-01,9.419096434999999490e-01,-9.629717358999999310e-02,-2.522836753000000029e-02
9.050070300000000456e-01,9.376419833000000370e-01,-9.665435880999999341e-02,-2.498250553000000082e-02
9.053697200000000445e-01,9.331541182000000489e-01,-9.687281715999999931e-02,-2.472860539999999913e-02
9.057335300000000089e-01,9.300017730999999843e-01,-9.696227440000000641e-02,-2.468831444999999847e-02
9.060981900000000255e-01,9.284155676999999995e-01,-9.673727482999999738e-02,-2.467910775999999917e-02
9.064637100000000336e-01,9.265012095000000336e-01,-9.587241907999999313e-02,-2.475671017999999876e-02
9.068298000000000192e-01,9.250238538999999705e-01,-9.448096774000000475e-02,-2.487261769000000122e-02
9.071964700000000326e-01,9.228689960999999498e-01,-9.280521107000000436e-02,-2.493824852000000106e-02
9.075637100000000235e-01,9.213834400999999508e-01,-9.071682824000000533e-02,-2.516884113999999853e-02
9.079315300000000422e-01,9.197086475000000316e-01,-8.814367636000000616e-02,-2.538192636999999849e-02
9.083002300000000417e-01,9.190768845000000242e-01,-8.526707093999999487e-02,-2.564870933000000172e-02
9.086697999999999720e-01,9.164730924999999750e-01,-8.221900746999999399e-02,-2.573888695999999865e-02
9.090405599999999975e-01,9.130976846999999674e-01,-7.881225330999999668e-02,-2.562500343999999861e-02
9.094122000000000039e-01,9.107193738000000094e-01,-7.509874600999999483e-02,-2.538616611000000037e-02
9.097850400000000448e-01,9.087054863000000315e-01,-7.161831829999999732e-02,-2.519478942999999957e-02
9.101596800000000265e-01,9.074440581999999589e-01,-6.840765256000000405e-02,-2.507782156000000137e-02
9.105358500000000355e-01,9.068360301000000234e-01,-6.524184984000000465e-02,-2.509017172999999934e-02
9.109141600000000283e-01,9.069581304999999594e-01,-6.268711471000000535e-02,-2.513972356000000047e-02
9.112943399999999805e-01,9.085024927000000527e-01,-6.095814034000000131e-02,-2.530734654000000097e-02
9.116767300000000462e-01,9.099120629000000404e-01,-5.981879950999999945e-02,-2.547074666999999890e-02
9.120613400000000537e-01,9.115753980999999895e-01,-5.882569660999999867e-02,-2.569046959000000074e-02
9.124478799999999890e-01,9.129166256999999840e-01,-5.788435054999999801e-02,-2.590363199999999935e-02
9.128360500000000100e-01,9.135459636999999633e-01,-5.767865714999999976e-02,-2.610059695999999985e-02
9.132258599999999449e-01,9.131607148999999479e-01,-5.777377384000000060e-02,-2.636563323000000111e-02
9.136173300000000053e-01,9.123229952000000420e-01,-5.792987717999999869e-02,-2.678968606999999891e-02
9.140098100000000336e-01,9.106055059000000007e-01,-5.759552874999999961e-02,-2.731317885999999875e-02
9.144036199999999726e-01,9.081353733000000483e-01,-5.751083533000000275e-02,-2.769428770000000040e-02
9.147988000000000230e-01,9.064952641000000311e-01,-5.773304469999999966e-02,-2.796401366999999930e-02
9.151949900000000415e-01,9.045905090000000426e-01,-5.698869235000000172e-02,-2.805592931999999901e-02
9.155925700000000500e-01,9.020502326999999543e-01,-5.593624156000000236e-02,-2.818140062999999890e-02
9.159922200000000236e-01,8.998241288999999643e-01,-5.466992555999999892e-02,-2.824373104999999828e-02
9.163939800000000524e-01,8.980214481999999609e-01,-5.314786392999999720e-02,-2.821002410999999890e-02
9.167982199999999970e-01,8.943967766000000541e-01,-5.168205129999999675e-02,-2.797206559999999842e-02
9.172049899999999978e-01,8.897658995999999654e-01,-5.101863748999999754e-02,-2.773574305000000087e-02
9.176146699999999656e-01,8.839780423999999970e-01,-5.045568051000000331e-02,-2.736928628999999932e-02
9.180269500000000082e-01,8.772402894999999923e-01,-4.985541318000000222e-02,-2.701845664000000063e-02
9.184418600000000543e-01,8.727891942000000070e-01,-4.917889000999999677e-02,-2.657249021000000072e-02
9.188590500000000105e-01,8.682428599000000524e-01,-4.775727266000000248e-02,-2.620930264000000121e-02
9.192785500000000276e-01,8.656804605000000263e-01,-4.647877991999999764e-02,-2.579598958000000122e-02
9.196984299999999557e-01,8.637927928999999949e-01,-4.548466983999999852e-02,-2.539099414000000124e-02
9.201160000000000450e-01,8.633787099999999937e-01,-4.461167114999999711e-02,-2.493970610000000032e-02
9.205312700000000126e-01,8.637912862000000080e-01,-4.385758334999999980e-02,-2.461474932000000046e-02
9.209450300000000533e-01,8.656596828999999493e-01,-4.361736940000000146e-02,-2.431422088000000092e-02
9.213580300000000500e-01,8.676561559000000035e-01,-4.367506569000000061e-02,-2.405254265000000141e-02
9.217710300000000467e-01,8.700809608999999778e-01,-4.416467386999999717e-02,-2.376203892999999984e-02
9.221847899999999765e-01,8.728671752000000117e-01,-4.512512415000000110e-02,-2.356967188000000032e-02
9.226000699999999943e-01,8.778100734999999544e-01,-4.676656083999999880e-02,-2.340746276000000084e-02
9.230176599999999620e-01,8.823752001000000345e-01,-4.874011313999999928e-02,-2.336857276000000108e-02
9.234379700000000524e-01,8.867611206000000079e-01,-5.162983612000000139e-02,-2.324660015000000121e-02
9.238606600000000002e-01,8.907428341999999999e-01,-5.520989547999999997e-02,-2.321572032999999827e-02
9.242805800000000183e-01,8.939226850999999474e-01,-5.875569593999999812e-02,-2.315729911999999877e-02
9.246973800000000132e-01,8.953340385000000401e-01,-6.278091234999999548e-02,-2.326518568000000148e-02
9.251103499999999702e-01,8.971068464000000464e-01,-6.723802984000000482e-02,-2.355443096000000083e-02
9.255191799999999969e-01,8.991147643000000356e-01,-7.236667289999999808e-02,-2.407196707999999935e-02
9.259235799999999683e-01,9.012218409000000152e-01,-7.720253760999999659e-02,-2.470497610000000135e-02
9.263236400000000037e-01,9.021553740000000099e-01,-8.115947000999999827e-02,-2.548434981000000099e-02
9.267191099999999571e-01,9.023396487000000521e-01,-8.473089786000000123e-02,-2.636566556999999852e-02
9.271100700000000083e-01,9.021024926999999805e-01,-8.738485196999999649e-02,-2.712300378999999914e-02
9.274966399999999833e-01,9.021231569000000006e-01,-8.978342562999999665e-02,-2.781497458999999950e-02
9.278792300000000548e-01,9.014187349000000182e-01,-9.160697374000000004e-02,-2.848037880000000091e-02
9.282582400000000122e-01,9.002649847000000483e-01,-9.335364480999999715e-02,-2.900713020000000170e-02
9.286340499999999887e-01,8.976060188000000162e-01,-9.407021771000000088e-02,-2.927343887000000144e-02
9.290076499999999626e-01,8.952464306999999843e-01,-9.405722196999999341e-02,-2.944627408999999849e-02
9.293793799999999772e-01,8.923676023000000068e-01,-9.277732016999999665e-02,-2.964058904999999911e-02
9.297495599999999749e-01,8.910473571999999454e-01,-9.146079742000000345e-02,-2.974066188999999888e-02
9.301188200000000128e-01,8.912836039999999516e-01,-9.051587044999999387e-02,-2.976046711000000095e-02
9.304871500000000406e-01,8.939223135999999625e-01,-9.033110586999999747e-02,-2.975583760999999869e-02
9.308542699999999837e-01,8.981751607000000304e-01,-9.065147435999999781e-02,-2.986005899000000047e-02
9.312201700000000137e-01,9.030131815999999922e-01,-9.148074473999999456e-02,-2.994614821999999968e-02
9.315842600000000528e-01,9.080872900999999997e-01,-9.242674744999999914e-02,-2.998729421999999853e-02
9.319468600000000436e-01,9.134224945000000151e-01,-9.392634466999999487e-02,-2.995438317000000128e-02
9.323079800000000361e-01,9.170500727000000518e-01,-9.522390695000000627e-02,-2.987143848000000171e-02
9.326679199999999836e-01,9.198560113000000538e-01,-9.682704690000000503e-02,-2.962562805999999910e-02
9.330269799999999503e-01,9.221582953000000415e-01,-9.803198361999999888e-02,-2.940094673999999950e-02
9.333854600000000001e-01,9.235137412999999684e-01,-9.947012548000000454e-02,-2.914602520000000169e-02
9.337433600000000222e-01,9.242056579999999855e-01,-1.014876948000000001e-01,-2.883302832999999968e-02
9.341006699999999663e-01,9.242604227999999811e-01,-1.032346056000000012e-01,-2.857124218999999854e-02
9.344562499999999883e-01,9.240314275000000022e-01,-1.042290134999999951e-01,-2.840400477999999868e-02
9.348103899999999911e-01,9.228234597000000150e-01,-1.047545136000000016e-01,-2.828054202000000045e-02
9.351633900000000388e-01,9.207876011000000194e-01,-1.049907739000000007e-01,-2.812769495000000050e-02
9.355155499999999735e-01,9.196811612999999941e-01,-1.048113375999999985e-01,-2.785131256000000083e-02
9.358676999999999691e-01,9.181376392000000219e-01,-1.045821492000000019e-01,-2.744418985000000172e-02
9.362204200000000531e-01,9.172535505000000144e-01,-1.041047137000000039e-01,-2.711129342000000164e-02
9.365742900000000315e-01,9.182446047000000222e-01,-1.030873815000000054e-01,-2.683599698999999950e-02
9.369295899999999788e-01,9.209043005999999476e-01,-1.015321394999999932e-01,-2.678624861000000051e-02
9.372872199999999765e-01,9.245373939000000041e-01,-9.966666198000000143e-02,-2.685088135000000126e-02
9.376472099999999532e-01,9.271419399000000450e-01,-9.787250383999999970e-02,-2.681421880999999841e-02
9.380101899999999659e-01,9.298572614000000236e-01,-9.620697785000000002e-02,-2.667494450999999961e-02
9.383743900000000027e-01,9.319303541000000246e-01,-9.520434562000000545e-02,-2.663618850999999871e-02
9.387398200000000026e-01,9.332231711999999790e-01,-9.459048679999999820e-02,-2.667162257999999841e-02
9.391067800000000299e-01,9.348476562999999961e-01,-9.372984819999999329e-02,-2.670712810000000145e-02
9.394753099999999524e-01,9.356237479000000246e-01,-9.279527553999999956e-02,-2.667593080000000075e-02
9.398457199999999956e-01,9.350811913000000031e-01,-9.183828598000000343e-02,-2.653890932999999897e-02
9.402180300000000379e-01,9.330115586999999655e-01,-9.093260119000000363e-02,-2.628491230000000109e-02
9.405926000000000009e-01,9.307228212999999473e-01,-9.023865013000000046e-02,-2.590805608999999926e-02
9.409694499999999850e-01,9.271527649999999898e-01,-8.940939676999999641e-02,-2.559808126999999975e-02
9.413482899999999765e-01,9.228955653999999509e-01,-8.815957492999999812e-02,-2.523071270000000130e-02
9.417287800000000431e-01,9.181698162000000440e-01,-8.644767927999999491e-02,-2.482135875000000130e-02
9.421099499999999738e-01,9.145462104999999564e-01,-8.475217582999999832e-02,-2.439159042999999860e-02
9.424921400000000338e-01,9.122050586000000072e-01,-8.258767257999999334e-02,-2.413335653000000039e-02
9.428753399999999507e-01,9.107816702000000042e-01,-8.043012706999999595e-02,-2.391588203999999926e-02
9.432595700000000472e-01,9.096841734999999707e-01,-7.767624204999999671e-02,-2.384687367000000099e-02
9.436444800000000077e-01,9.102379781999999642e-01,-7.434241450999999612e-02,-2.373923509000000140e-02
9.440297399999999506e-01,9.113186856999999641e-01,-7.140908391000000410e-02,-2.383334482999999865e-02
9.444153499999999868e-01,9.113641456000000085e-01,-6.849249446999999824e-02,-2.397794781000000056e-02
9.448009600000000230e-01,9.112515160999999919e-01,-6.558436161000000264e-02,-2.413179035999999875e-02
9.451865600000000089e-01,9.112512551000000460e-01,-6.259474557999999966e-02,-2.428940429000000026e-02
9.455721700000000451e-01,9.109326508999999739e-01,-5.948479807999999813e-02,-2.440542269999999847e-02
9.459581200000000134e-01,9.089797834999999715e-01,-5.636354225000000245e-02,-2.448038858999999901e-02
9.463447699999999463e-01,9.072488244999999951e-01,-5.339255467000000172e-02,-2.458846803999999858e-02
9.467328299999999697e-01,9.058416615000000061e-01,-5.051790630999999920e-02,-2.469612013999999967e-02
9.471226600000000051e-01,9.036939542999999908e-01,-4.741950274000000104e-02,-2.488366585000000020e-02
9.475142800000000420e-01,9.021710312999999815e-01,-4.403479619999999678e-02,-2.510082528999999993e-02
9.479077000000000197e-01,9.014310408000000274e-01,-4.020320455000000320e-02,-2.556902963000000015e-02
9.483033199999999496e-01,9.008392476000000038e-01,-3.671073739999999863e-02,-2.599708727000000011e-02
9.487015399999999543e-01,8.992781123999999959e-01,-3.341990643000000011e-02,-2.643806259999999936e-02
9.491023800000000232e-01,8.986075557999999575e-01,-3.079294969999999895e-02,-2.685081899000000064e-02
9.495062699999999856e-01,8.975417122000000081e-01,-2.832476055000000131e-02,-2.734192367000000054e-02
9.499136599999999930e-01,8.949752004000000039e-01,-2.657979817999999925e-02,-2.772144175999999988e-02
9.503241999999999523e-01,8.930171674000000337e-01,-2.513576240000000087e-02,-2.830267577000000062e-02
9.507359399999999461e-01,8.918267995999999975e-01,-2.423035097999999901e-02,-2.862549966999999862e-02
9.511476899999999901e-01,8.899851290000000414e-01,-2.418203240000000101e-02,-2.876535289999999911e-02
9.515594299999999839e-01,8.885080574000000508e-01,-2.509189247999999914e-02,-2.847311261000000024e-02
9.519715699999999892e-01,8.882242658000000235e-01,-2.703064986999999947e-02,-2.809929759999999985e-02
9.523833099999999829e-01,8.900914349999999864e-01,-2.993724447999999982e-02,-2.759836733000000167e-02
9.527946499999999652e-01,8.904097612000000384e-01,-3.347949113999999782e-02,-2.702597080000000013e-02
9.532055900000000470e-01,8.896590082999999982e-01,-3.681951946999999919e-02,-2.646429553000000101e-02
9.536161300000000063e-01,8.873303131999999982e-01,-4.028860690000000272e-02,-2.583317106000000002e-02
9.540258600000000033e-01,8.855605873999999877e-01,-4.419534685999999823e-02,-2.505801325000000038e-02
9.544348000000000276e-01,8.842778114999999550e-01,-4.771292020000000161e-02,-2.422884801999999893e-02
9.548425400000000174e-01,8.837752907999999463e-01,-5.067914863999999769e-02,-2.327576590999999931e-02
9.552490999999999621e-01,8.830705734999999557e-01,-5.357219738999999953e-02,-2.238571547999999856e-02
9.556540799999999614e-01,8.837546590999999507e-01,-5.633223513999999904e-02,-2.177445413999999982e-02
9.560575000000000045e-01,8.844903765999999612e-01,-5.859643934000000054e-02,-2.118520412999999949e-02
9.564593599999999807e-01,8.857092751999999791e-01,-6.039339282000000253e-02,-2.059881975000000046e-02
9.568596799999999902e-01,8.866554631999999936e-01,-6.176678812999999990e-02,-1.998837682000000060e-02
9.572580899999999504e-01,8.881325904000000326e-01,-6.318721942999999674e-02,-1.944878016999999903e-02
9.576549800000000445e-01,8.892833017000000284e-01,-6.456480097000000251e-02,-1.911392074999999913e-02
9.580484900000000303e-01,8.919542902000000550e-01,-6.578788922999999345e-02,-1.880882965000000087e-02
9.584379400000000437e-01,8.953478884000000138e-01,-6.650461859999999559e-02,-1.879996479999999914e-02
9.588234199999999818e-01,8.992892797999999521e-01,-6.761778501000000052e-02,-1.886981118000000124e-02
9.592060500000000323e-01,9.030101082999999473e-01,-6.879526697000000468e-02,-1.896530559999999935e-02
9.595858699999999519e-01,9.060223464000000115e-01,-6.996999327000000268e-02,-1.900786361999999910e-02
9.599639699999999998e-01,9.101475472000000178e-01,-7.124544147000000383e-02,-1.921776564999999951e-02
9.603403400000000145e-01,9.161469248000000398e-01,-7.259897872999999946e-02,-1.946010390000000104e-02
9.607156799999999608e-01,9.210962915000000528e-01,-7.398104746000000453e-02,-1.976848231999999914e-02
9.610903400000000429e-01,9.266265571999999784e-01,-7.537111148000000260e-02,-2.010353647999999979e-02
9.614639900000000461e-01,9.311129094000000217e-01,-7.677294598999999387e-02,-2.045734501999999996e-02
9.618369599999999631e-01,9.324212689999999970e-01,-7.843325891999999855e-02,-2.060224386000000102e-02
9.622085799999999800e-01,9.342687132000000449e-01,-8.029032463000000674e-02,-2.082668262999999922e-02
9.625788699999999753e-01,9.373078164000000490e-01,-8.266779925999999390e-02,-2.097746137999999955e-02
9.629478200000000099e-01,9.394204129000000014e-01,-8.497780964999999964e-02,-2.113437812999999915e-02
9.633157799999999549e-01,9.410382549000000374e-01,-8.693799984000000203e-02,-2.112286506999999994e-02
9.636830899999999644e-01,9.419145669999999804e-01,-8.845131575999999607e-02,-2.118029906000000115e-02
9.640497399999999883e-01,9.419349765000000207e-01,-9.024225951000000578e-02,-2.112283509000000004e-02
9.644160600000000194e-01,9.399947321999999605e-01,-9.139121298999999810e-02,-2.102406735000000165e-02
9.647820499999999466e-01,9.380041395999999532e-01,-9.221708655999999449e-02,-2.085292040999999971e-02
9.651480399999999849e-01,9.362809672999999888e-01,-9.300924194000000089e-02,-2.077133104000000036e-02
9.655143600000000159e-01,9.336994472999999850e-01,-9.346677959999999397e-02,-2.058744810999999994e-02
9.658810100000000398e-01,9.314982567999999796e-01,-9.341681241999999497e-02,-2.041156133000000122e-02
9.662483200000000494e-01,9.301833068999999510e-01,-9.327240092999999899e-02,-2.014115605999999836e-02
9.666162900000000446e-01,9.280121259000000400e-01,-9.310926450999999771e-02,-2.004142353000000140e-02
9.669852700000000079e-01,9.254523065999999965e-01,-9.258746489999999940e-02,-1.997270501999999850e-02
9.673555799999999927e-01,9.228367238000000361e-01,-9.138660331999999553e-02,-2.025476958999999910e-02
9.677269200000000460e-01,9.201301685999999647e-01,-9.022754113000000520e-02,-2.056367461999999979e-02
9.680996200000000496e-01,9.174534294999999728e-01,-8.910991656000000205e-02,-2.107690917000000150e-02
9.684736900000000537e-01,9.148812535000000468e-01,-8.783778607000000682e-02,-2.169388259000000138e-02
9.688495000000000301e-01,9.120241458000000190e-01,-8.668375512999999810e-02,-2.231856830999999833e-02
9.692267100000000468e-01,9.109323778000000260e-01,-8.515655141000000317e-02,-2.303766654999999872e-02
9.696056800000000253e-01,9.101639169999999890e-01,-8.270245157000000180e-02,-2.389676634000000022e-02
9.699864499999999445e-01,9.105892854999999564e-01,-8.005968566000000453e-02,-2.484937741000000158e-02
9.703693799999999481e-01,9.119422440000000130e-01,-7.692081824999999484e-02,-2.598107020000000114e-02
9.707544999999999646e-01,9.131904521999999469e-01,-7.349677825000000553e-02,-2.716412023999999897e-02
9.711425900000000278e-01,9.137738551999999848e-01,-7.035143534000000420e-02,-2.825093686999999992e-02
9.715336999999999446e-01,9.144128087999999766e-01,-6.758732338999999534e-02,-2.903181545000000155e-02
9.719267200000000217e-01,9.164945027999999994e-01,-6.512868377000000097e-02,-2.963277963000000154e-02
9.723212900000000047e-01,9.169723050000000431e-01,-6.347966438999999572e-02,-3.013725727999999951e-02
9.727170200000000433e-01,9.180964106000000235e-01,-6.117877599999999721e-02,-3.058047726999999980e-02
9.731100400000000095e-01,9.181269042999999908e-01,-5.908904300000000082e-02,-3.088044086000000035e-02
9.735000000000000320e-01,9.185966911999999818e-01,-5.687899398000000051e-02,-3.122836010999999884e-02
9.738873099999999505e-01,9.199339850000000096e-01,-5.482304749999999949e-02,-3.143560287000000258e-02
9.742720200000000164e-01,9.210378312000000456e-01,-5.287675141999999967e-02,-3.159853971999999900e-02
9.746545100000000295e-01,9.233688445000000078e-01,-5.109083017999999782e-02,-3.173334930999999887e-02
9.750344499999999970e-01,9.249482315999999482e-01,-4.955216974999999968e-02,-3.187108790999999830e-02
9.754125900000000238e-01,9.258975293000000217e-01,-4.868548795000000179e-02,-3.185462650999999756e-02
9.757889499999999883e-01,9.274879337000000445e-01,-4.759051118000000302e-02,-3.187479674000000263e-02
9.761638799999999838e-01,9.297484733999999973e-01,-4.703750586000000206e-02,-3.168473327000000117e-02
9.765374100000000501e-01,9.312863448999999516e-01,-4.671175456999999975e-02,-3.154790236999999858e-02
9.769098800000000082e-01,9.327683683999999920e-01,-4.676843341999999820e-02,-3.125002042000000341e-02
9.772820100000000343e-01,9.331488606000000186e-01,-4.670765818000000014e-02,-3.099101685000000064e-02
9.776537800000000278e-01,9.333192929000000415e-01,-4.725380846999999856e-02,-3.057708817999999981e-02
9.780255599999999605e-01,9.332647423000000053e-01,-4.816323812000000010e-02,-3.007970785999999896e-02
9.783973299999999540e-01,9.317866924000000051e-01,-4.920097671999999756e-02,-2.943105870999999929e-02
9.787698099999999624e-01,9.300255479000000269e-01,-5.008608863999999827e-02,-2.881096258999999923e-02
9.791429900000000464e-01,9.277210589000000063e-01,-5.128765704999999758e-02,-2.823474903999999980e-02
9.795168800000000342e-01,9.247133656999999562e-01,-5.306641092000000115e-02,-2.779582283000000056e-02
9.798918300000000192e-01,9.223518855000000238e-01,-5.510056865000000081e-02,-2.736129727999999858e-02
9.802678599999999909e-01,9.198412770999999655e-01,-5.737037911000000129e-02,-2.712797780999999867e-02
9.806449699999999492e-01,9.156775286999999652e-01,-5.972892787999999759e-02,-2.695742699999999908e-02
9.810228100000000229e-01,9.105310555000000194e-01,-6.227418641000000143e-02,-2.683878798000000065e-02
9.814013700000000506e-01,9.077668447000000196e-01,-6.511990216999999359e-02,-2.683095689000000034e-02
9.817806700000000220e-01,9.059604230000000147e-01,-6.742676279999999800e-02,-2.688673125000000039e-02
9.821603399999999651e-01,9.036729438999999697e-01,-6.965636482999999768e-02,-2.658926967999999946e-02
9.825399999999999689e-01,9.008868231000000115e-01,-7.093231027000000688e-02,-2.627202966999999875e-02
9.829196700000000231e-01,8.983786822999999533e-01,-7.136597865999999568e-02,-2.578332250000000062e-02
9.832993300000000270e-01,8.971411723000000116e-01,-7.094307983000000539e-02,-2.535966404000000035e-02
9.836786299999999983e-01,8.975201103000000069e-01,-6.989875545000000245e-02,-2.501826405999999989e-02
9.840575599999999978e-01,8.987366381000000404e-01,-6.833917908999999347e-02,-2.488185392999999954e-02
9.844361099999999754e-01,9.005643822000000132e-01,-6.723288282000000615e-02,-2.471748105000000015e-02
9.848146700000000031e-01,9.027230117000000220e-01,-6.640735264000000027e-02,-2.475576616000000132e-02
9.851932300000000309e-01,9.055682645999999503e-01,-6.591713858000000648e-02,-2.484759538000000031e-02
9.855728999999999740e-01,9.080966795999999563e-01,-6.542359959999999308e-02,-2.491154187000000145e-02
9.859540599999999655e-01,9.105175724999999831e-01,-6.559517787999999405e-02,-2.486158687000000062e-02
9.863371100000000169e-01,9.117568409999999846e-01,-6.546365544000000425e-02,-2.477716523999999934e-02
9.867228200000000005e-01,9.119174034999999456e-01,-6.568185425000000466e-02,-2.447221798999999962e-02
9.871116399999999569e-01,9.114497034999999858e-01,-6.619589137999999651e-02,-2.407385859000000031e-02
9.874965799999999572e-01,9.120176930000000182e-01,-6.653090288000000629e-02,-2.365990981000000090e-02
9.878777300000000094e-01,9.100737969000000094e-01,-6.614089900000000299e-02,-2.321904589999999879e-02
9.882555100000000037e-01,9.076481342000000119e-01,-6.539245144999999981e-02,-2.285367739000000037e-02
9.886299899999999585e-01,9.048973663999999584e-01,-6.405547737000000241e-02,-2.262423485000000095e-02
9.890012200000000142e-01,9.023345355999999873e-01,-6.227770299999999676e-02,-2.247903449000000081e-02
9.893695999999999602e-01,8.998252923999999764e-01,-6.044476376999999984e-02,-2.255253125000000053e-02
9.897351800000000477e-01,8.985405944000000034e-01,-5.834101361999999985e-02,-2.253422114000000129e-02
9.900986899999999480e-01,8.960770886000000157e-01,-5.585570520000000122e-02,-2.250426436000000155e-02
9.904608200000000195e-01,8.935674221999999611e-01,-5.418688566999999706e-02,-2.233333117000000159e-02
9.908219200000000226e-01,8.914247900999999752e-01,-5.286740888000000110e-02,-2.201765883999999909e-02
9.911820099999999467e-01,8.907338800999999862e-01,-5.211991140000000328e-02,-2.165657814000000042e-02
9.915410799999999636e-01,8.894775252000000076e-01,-5.182143105999999916e-02,-2.149868079999999945e-02
9.918994799999999445e-01,8.880862020999999995e-01,-5.230301452000000323e-02,-2.119976059999999912e-02
9.922572100000000006e-01,8.869336585999999523e-01,-5.314926856999999810e-02,-2.084724317000000160e-02
9.926142700000000207e-01,8.864857717999999887e-01,-5.467110515000000309e-02,-2.042478714999999834e-02
9.929709899999999978e-01,8.863138536000000345e-01,-5.657193041999999950e-02,-1.976141692000000019e-02
9.933277200000000251e-01,8.876825061999999988e-01,-5.899576931000000135e-02,-1.906071884999999827e-02
9.936851100000000381e-01,8.914579710000000157e-01,-6.130120660999999888e-02,-1.828234635999999996e-02
9.940431800000000262e-01,8.952768209999999449e-01,-6.264701210999999714e-02,-1.747879067000000092e-02
9.944022599999999823e-01,8.998622448999999968e-01,-6.306730308999999868e-02,-1.673530600999999923e-02
9.947616900000000317e-01,9.037807354000000348e-01,-6.285054483999999442e-02,-1.608891448000000085e-02
9.951214499999999630e-01,9.076332799999999867e-01,-6.200746570000000013e-02,-1.570321021999999955e-02
9.954812200000000555e-01,9.112865526000000216e-01,-6.062499072000000072e-02,-1.543582071999999999e-02
9.958409799999999867e-01,9.153449629000000032e-01,-5.916349934000000171e-02,-1.515068661000000018e-02
9.962010900000000113e-01,9.182643904999999718e-01,-5.779883940999999692e-02,-1.487812820999999917e-02
9.965612000000000359e-01,9.212562253999999617e-01,-5.677540100000000312e-02,-1.481664755999999999e-02
9.969219999999999748e-01,9.249970357000000254e-01,-5.642424184000000009e-02,-1.499060856999999934e-02
9.972831399999999569e-01,9.269250686000000128e-01,-5.625800839999999664e-02,-1.526340567000000065e-02
9.976449800000000145e-01,9.280169307000000201e-01,-5.644952101999999722e-02,-1.560353492999999939e-02
9.980078700000000191e-01,9.282829428000000105e-01,-5.705048109000000062e-02,-1.601455603999999908e-02
9.983718099999999707e-01,9.251743824000000505e-01,-5.853737710000000288e-02,-1.641342194999999976e-02
9.987371600000000127e-01,9.233903018000000351e-01,-6.006718722999999927e-02,-1.701455845999999897e-02
9.991043099999999955e-01,9.218514612999999525e-01,-6.145176616999999814e-02,-1.767940163000000092e-02
9.994736300000000018e-01,9.214437732000000381e-01,-6.237705806999999797e-02,-1.835797080000000150e-02
9.998451499999999603e-01,9.225370415000000435e-01,-6.349101228999999569e-02,-1.901137490999999999e-02
1.000218899999999911e+00,9.231877943999999836e-01,-6.415229931999999469e-02,-1.973328891000000057e-02
1.000594900000000065e+00,9.226230033000000219e-01,-6.470910771000000505e-02,-2.037556726000000137e-02
1.000973200000000007e+00,9.216927259999999622e-01,-6.478992219000000163e-02,-2.113550834000000114e-02
1.001352999999999938e+00,9.211099353999999684e-01,-6.458787150000000477e-02,-2.181823219999999910e-02
1.001734799999999925e+00,9.202106986000000433e-01,-6.402659243000000111e-02,-2.248047885999999995e-02
1.002117799999999948e+00,9.189447617999999540e-01,-6.301371209999999390e-02,-2.321480340000000100e-02
1.002502299999999957e+00,9.172940456000000520e-01,-6.134164738999999672e-02,-2.385888647000000001e-02
1.002888100000000060e+00,9.169737422999999499e-01,-5.972420660000000298e-02,-2.448074210999999847e-02
1.003275099999999975e+00,9.159788439999999587e-01,-5.749083795999999913e-02,-2.510370505000000113e-02
1.003662800000000077e+00,9.152938208999999992e-01,-5.469941673999999948e-02,-2.579074894000000021e-02
1.004051800000000050e+00,9.147487215999999810e-01,-5.172578038000000267e-02,-2.633511764999999991e-02
1.004442499999999905e+00,9.139946384999999562e-01,-4.814380297999999725e-02,-2.666996233999999882e-02
1.004834800000000028e+00,9.120073780999999880e-01,-4.458869365999999779e-02,-2.681088721999999938e-02
1.005229600000000056e+00,9.095125716999999943e-01,-4.200080277999999889e-02,-2.672861387000000088e-02
1.005626899999999990e+00,9.070882836000000449e-01,-4.004491119999999821e-02,-2.661510878000000052e-02
1.006027299999999958e+00,9.044896326000000375e-01,-3.886907784000000199e-02,-2.642593014999999879e-02
1.006430799999999959e+00,8.999990809000000258e-01,-3.818010118000000203e-02,-2.604077416999999936e-02
1.006837900000000063e+00,8.971155788000000353e-01,-3.807501504000000009e-02,-2.556760350000000098e-02
1.007248099999999980e+00,8.939389412999999562e-01,-3.841829184000000036e-02,-2.519597142000000109e-02
1.007660699999999965e+00,8.918614771999999746e-01,-3.903562899000000141e-02,-2.480577101000000159e-02
1.008070500000000091e+00,8.915593462999999996e-01,-3.971569887999999715e-02,-2.436884155999999996e-02
1.008477000000000068e+00,8.919232930999999587e-01,-4.109142210999999767e-02,-2.387398725999999999e-02
1.008880900000000080e+00,8.931906663999999996e-01,-4.209475540999999682e-02,-2.355859364000000011e-02
1.009281700000000059e+00,8.957050777999999713e-01,-4.301301671999999826e-02,-2.339993591999999997e-02
1.009678999999999993e+00,8.996418764000000401e-01,-4.394510427000000025e-02,-2.346937308999999874e-02
1.010073299999999952e+00,9.038919525999999927e-01,-4.470627038000000303e-02,-2.380664487999999829e-02
1.010464199999999924e+00,9.076905627000000365e-01,-4.581059903999999683e-02,-2.407836030000000058e-02
1.010851699999999909e+00,9.087900929000000128e-01,-4.750433242000000333e-02,-2.415115236000000068e-02
1.011236400000000035e+00,9.098903601000000174e-01,-4.947860174999999666e-02,-2.400710942999999958e-02
1.011617800000000011e+00,9.092125036000000549e-01,-5.138691000000000092e-02,-2.380696160999999991e-02
1.011996499999999966e+00,9.085953656999999906e-01,-5.290020163999999830e-02,-2.366384087999999844e-02
1.012372700000000014e+00,9.071146715000000249e-01,-5.474497579999999808e-02,-2.339229593999999843e-02
1.012747000000000064e+00,9.067861025000000241e-01,-5.667079439000000107e-02,-2.310647375999999933e-02
1.013119799999999904e+00,9.058413732000000218e-01,-5.844937495000000066e-02,-2.266821607000000030e-02
1.013491399999999931e+00,9.037183384000000430e-01,-5.974748561999999874e-02,-2.213163896999999908e-02
1.013862299999999994e+00,9.012181828999999977e-01,-6.042640548000000056e-02,-2.130717148999999866e-02
1.014232800000000045e+00,8.977947940999999599e-01,-6.088757386000000216e-02,-2.050192765999999875e-02
1.014603600000000050e+00,8.954651800999999800e-01,-6.099240788000000191e-02,-1.987348816999999837e-02
1.014974899999999902e+00,8.926936883999999628e-01,-6.112880879999999656e-02,-1.925389027000000072e-02
1.015346499999999930e+00,8.899447269000000382e-01,-6.061627264999999709e-02,-1.872427171000000043e-02
1.015719299999999992e+00,8.879424596999999642e-01,-5.953418349000000331e-02,-1.835057160000000062e-02
1.016093300000000088e+00,8.878730926000000245e-01,-5.845577373000000049e-02,-1.821404252000000112e-02
1.016468399999999939e+00,8.891981713000000065e-01,-5.778118925999999739e-02,-1.821309327000000117e-02
1.016844700000000046e+00,8.913937473999999916e-01,-5.759161197999999871e-02,-1.823921003999999860e-02
1.017222599999999977e+00,8.941789744000000484e-01,-5.754822720999999697e-02,-1.823126032999999868e-02
1.017602099999999954e+00,8.963868163999999528e-01,-5.773611741000000269e-02,-1.819276946000000089e-02
1.017983300000000035e+00,8.989258053999999998e-01,-5.830809079000000283e-02,-1.802514708000000146e-02
1.018366099999999941e+00,9.027295733000000322e-01,-5.885820952000000300e-02,-1.785330050999999960e-02
1.018748500000000057e+00,9.073233927999999615e-01,-6.004888250999999844e-02,-1.756252883000000015e-02
1.019129200000000068e+00,9.103709813999999456e-01,-6.103663103000000340e-02,-1.715979420000000172e-02
1.019508700000000045e+00,9.128275490999999686e-01,-6.218807744000000304e-02,-1.665147967000000020e-02
1.019886999999999988e+00,9.149407126999999917e-01,-6.328988564000000150e-02,-1.616785365999999849e-02
1.020264499999999908e+00,9.160122534000000316e-01,-6.479795905999999328e-02,-1.560074831999999981e-02
1.020641200000000026e+00,9.167804088000000018e-01,-6.635860993000000652e-02,-1.518870175999999933e-02
1.021017499999999911e+00,9.176665215000000542e-01,-6.822813064999999622e-02,-1.476855074000000059e-02
1.021393299999999948e+00,9.164472550000000162e-01,-6.964582268999999770e-02,-1.433437972999999921e-02
1.021767199999999987e+00,9.145758653000000127e-01,-7.067290617999999469e-02,-1.388874491000000044e-02
1.022137999999999991e+00,9.129523862999999739e-01,-7.153131154000000325e-02,-1.358031001000000078e-02
1.022505599999999903e+00,9.118920133000000261e-01,-7.206171826000000447e-02,-1.325345263000000072e-02
1.022870900000000027e+00,9.112094523999999529e-01,-7.254648735999999487e-02,-1.306479888000000068e-02
1.023233999999999977e+00,9.116114163999999853e-01,-7.272065374000000193e-02,-1.300632227000000050e-02
1.023594799999999916e+00,9.134256961000000175e-01,-7.247403601000000639e-02,-1.314020437000000020e-02
1.023953799999999914e+00,9.153515218000000120e-01,-7.201706482000000409e-02,-1.336207493999999954e-02
1.024310899999999913e+00,9.179794311000000206e-01,-7.100672199999999434e-02,-1.367148695000000060e-02
1.024666999999999994e+00,9.194620130999999752e-01,-6.972238345999999531e-02,-1.424582970000000046e-02
1.025022300000000053e+00,9.211751376000000269e-01,-6.817597911000000677e-02,-1.472190504999999934e-02
1.025377599999999889e+00,9.229124005000000075e-01,-6.668702110999999433e-02,-1.515647210000000029e-02
1.025733699999999970e+00,9.245922670999999760e-01,-6.449446001000000428e-02,-1.569214656999999916e-02
1.026090799999999970e+00,9.246065430000000029e-01,-6.245694146999999918e-02,-1.602221071999999913e-02
1.026449500000000015e+00,9.232874037999999617e-01,-6.016878256000000175e-02,-1.634967424000000058e-02
1.026809899999999942e+00,9.210305935000000499e-01,-5.770160365000000235e-02,-1.657204089000000047e-02
1.027172699999999939e+00,9.176999561999999999e-01,-5.534795733000000273e-02,-1.674381498000000051e-02
1.027537700000000109e+00,9.140632106999999618e-01,-5.374711394000000059e-02,-1.669860784000000084e-02
1.027905499999999916e+00,9.123519258000000187e-01,-5.204540326999999855e-02,-1.660702689000000121e-02
1.028275999999999968e+00,9.104576343000000405e-01,-5.066425573999999710e-02,-1.640237275000000147e-02
1.028649300000000100e+00,9.087731344999999683e-01,-4.919456760000000262e-02,-1.642295042999999954e-02
1.029025099999999915e+00,9.082208975000000128e-01,-4.755157037999999808e-02,-1.647827078999999917e-02
1.029403700000000033e+00,9.085252475999999744e-01,-4.584760353000000288e-02,-1.659559089000000112e-02
1.029784899999999892e+00,9.100600550999999871e-01,-4.377238793999999739e-02,-1.684181251000000171e-02
1.030168999999999890e+00,9.113183256000000343e-01,-4.156878424999999738e-02,-1.725134948000000071e-02
1.030555300000000063e+00,9.111498765000000111e-01,-3.975253491999999889e-02,-1.753844138999999941e-02
1.030942999999999943e+00,9.107278586000000509e-01,-3.869309434999999853e-02,-1.788254222999999948e-02
1.031331900000000079e+00,9.099576454000000147e-01,-3.798365371000000240e-02,-1.817141903000000017e-02
1.031722599999999934e+00,9.097142928000000461e-01,-3.784012255000000075e-02,-1.848041833999999883e-02
1.032115099999999952e+00,9.096371552999999999e-01,-3.777934866000000336e-02,-1.890376808999999839e-02
1.032507599999999970e+00,9.100758381000000341e-01,-3.807489272999999702e-02,-1.936933207999999920e-02
1.032899699999999976e+00,9.100099537000000405e-01,-3.878289184000000001e-02,-1.978973304000000016e-02
1.033290800000000065e+00,9.094101271000000208e-01,-3.976134652999999824e-02,-2.017782657000000146e-02
1.033681099999999908e+00,9.076182319000000165e-01,-4.046629172999999940e-02,-2.063152046000000031e-02
1.034070899999999904e+00,9.058784849000000028e-01,-4.100309130000000246e-02,-2.116601040000000086e-02
1.034459800000000040e+00,9.046295408000000204e-01,-4.171177815999999733e-02,-2.175963985999999906e-02
1.034847800000000095e+00,9.042872574000000441e-01,-4.248135697000000183e-02,-2.237503873000000129e-02
1.035234500000000057e+00,9.042504684000000070e-01,-4.297274043000000321e-02,-2.311367188999999961e-02
1.035620299999999938e+00,9.039898701999999897e-01,-4.378571151999999939e-02,-2.376451497000000093e-02
1.036004799999999948e+00,9.030939417000000136e-01,-4.479478496000000032e-02,-2.446756732999999864e-02
1.036388000000000087e+00,9.010323551000000153e-01,-4.593571896999999737e-02,-2.513869930000000100e-02
1.036770299999999922e+00,9.002703034000000271e-01,-4.663510871999999863e-02,-2.576824502000000031e-02
1.037151799999999957e+00,9.004655091000000056e-01,-4.703016850999999776e-02,-2.620874364000000054e-02
1.037532799999999922e+00,8.995504618999999868e-01,-4.693878584999999770e-02,-2.649230414999999977e-02
1.037913800000000109e+00,8.971578216000000161e-01,-4.739689871000000304e-02,-2.646930772999999890e-02
1.038294899999999910e+00,8.957250709999999838e-01,-4.794456490000000015e-02,-2.637050306000000149e-02
1.038675900000000096e+00,8.933795599999999615e-01,-4.877348907000000205e-02,-2.614369891999999973e-02
1.039057399999999909e+00,8.901949721999999898e-01,-4.971894394000000300e-02,-2.580094274999999993e-02
1.039438800000000107e+00,8.861306481999999818e-01,-5.100293363999999774e-02,-2.526110783000000068e-02
1.039820299999999920e+00,8.833343917000000545e-01,-5.297986830000000341e-02,-2.463345989000000069e-02
1.040201699999999896e+00,8.818530606000000160e-01,-5.501123934999999771e-02,-2.379682551999999854e-02
1.040582700000000083e+00,8.809717304999999943e-01,-5.705349670999999845e-02,-2.291392428000000106e-02
1.040963300000000036e+00,8.802197684000000466e-01,-5.880348442999999703e-02,-2.201220724999999878e-02
1.041343499999999977e+00,8.792940796999999531e-01,-6.096203257999999875e-02,-2.122679469999999916e-02
1.041723200000000071e+00,8.789350550000000206e-01,-6.352076215999999387e-02,-2.050835704999999856e-02
1.042102499999999932e+00,8.793991984000000262e-01,-6.602937152000000476e-02,-1.995252042000000142e-02
1.042480499999999921e+00,8.802984153999999783e-01,-6.792533373999999624e-02,-1.950937230000000105e-02
1.042857600000000051e+00,8.803926237000000432e-01,-6.936897775000000488e-02,-1.924185821000000060e-02
1.043233400000000088e+00,8.820853264000000360e-01,-7.054521851999999427e-02,-1.919680203000000140e-02
1.043608400000000103e+00,8.822463454000000205e-01,-7.135565420999999409e-02,-1.922884567999999864e-02
1.043982100000000024e+00,8.830470421999999653e-01,-7.155407415999999465e-02,-1.946128609999999912e-02
1.044354999999999922e+00,8.837448988999999644e-01,-7.157022350000000199e-02,-2.000691455000000105e-02
1.044726999999999961e+00,8.861890851000000513e-01,-7.122303479000000048e-02,-2.080856257999999862e-02
1.045098599999999989e+00,8.884367398000000415e-01,-7.036045688000000520e-02,-2.162750922000000048e-02
1.045469800000000005e+00,8.916208833000000000e-01,-6.979697404000000105e-02,-2.249687615999999835e-02
1.045840099999999939e+00,8.946531595000000170e-01,-6.886169849999999870e-02,-2.329726298000000043e-02
1.046210099999999921e+00,8.974099913999999956e-01,-6.782740845000000129e-02,-2.406968913999999946e-02
1.046579200000000043e+00,8.984972718999999497e-01,-6.690555485999999386e-02,-2.468441236000000136e-02
1.046947800000000095e+00,8.995857942999999635e-01,-6.577513584999999940e-02,-2.511256422000000127e-02
1.047315699999999961e+00,9.010261805000000512e-01,-6.448388748000000170e-02,-2.542039680000000162e-02
1.047683099999999978e+00,9.022961353999999767e-01,-6.339664573999999331e-02,-2.555256342000000042e-02
1.048050099999999984e+00,9.033063308000000013e-01,-6.279846681999999569e-02,-2.548326282000000151e-02
1.048416699999999979e+00,9.036417718000000487e-01,-6.227790242000000309e-02,-2.529388406000000061e-02
1.048783299999999974e+00,9.032164410999999893e-01,-6.182870468999999980e-02,-2.499052751999999988e-02
1.049149899999999969e+00,9.021979446000000236e-01,-6.131927311000000269e-02,-2.480038428000000059e-02
1.049517400000000045e+00,9.016110383000000006e-01,-6.109200749000000263e-02,-2.448482571000000149e-02
1.049885600000000085e+00,9.025550003000000210e-01,-6.087878075000000000e-02,-2.438974170999999927e-02
1.050255600000000067e+00,9.041924090999999830e-01,-6.078500590000000120e-02,-2.441015373999999918e-02
1.050628099999999954e+00,9.049992636999999451e-01,-6.090990339999999975e-02,-2.443030487999999986e-02
1.051003200000000026e+00,9.063622792000000095e-01,-6.088713918000000086e-02,-2.441320117999999997e-02
1.051381399999999910e+00,9.069972621999999873e-01,-6.050698256999999941e-02,-2.445088404999999979e-02
1.051760500000000098e+00,9.054445034000000447e-01,-6.011135974000000187e-02,-2.426661642000000133e-02
1.052138699999999982e+00,9.022913309000000215e-01,-5.976601864000000153e-02,-2.400352832999999922e-02
1.052516000000000007e+00,8.999172171999999525e-01,-5.985654015999999911e-02,-2.368925428999999958e-02
1.052892799999999962e+00,8.981017828999999786e-01,-5.992445298000000087e-02,-2.335698635000000092e-02
1.053268799999999894e+00,8.955680365000000531e-01,-5.957379309000000039e-02,-2.278704897999999854e-02
1.053644299999999978e+00,8.940320572000000077e-01,-5.937115445999999880e-02,-2.228294072999999903e-02
1.054019000000000039e+00,8.943710610999999755e-01,-5.953425994000000054e-02,-2.173742701999999832e-02
1.054392299999999949e+00,8.962441037999999693e-01,-5.965466520999999911e-02,-2.121136792999999895e-02
1.054764800000000058e+00,8.988161743000000481e-01,-6.002229785999999706e-02,-2.066316030000000040e-02
1.055136400000000085e+00,9.021555995000000161e-01,-6.043852957999999720e-02,-2.018345893999999932e-02
1.055507100000000031e+00,9.045637964999999614e-01,-6.091617348000000209e-02,-1.966268884000000119e-02
1.055877399999999966e+00,9.072185608999999706e-01,-6.108103902999999918e-02,-1.925815074000000043e-02
1.056247699999999901e+00,9.097961726000000082e-01,-6.128818560000000304e-02,-1.892916713000000056e-02
1.056618000000000057e+00,9.126209456999999636e-01,-6.148775827999999888e-02,-1.869843947999999881e-02
1.056988299999999992e+00,9.146860103999999714e-01,-6.177189590999999924e-02,-1.850120959999999870e-02
1.057358999999999938e+00,9.158947383000000109e-01,-6.194664318999999753e-02,-1.832471206000000144e-02
1.057730199999999954e+00,9.164431335999999595e-01,-6.196534823000000164e-02,-1.822180165999999837e-02
1.058101799999999981e+00,9.164410068999999659e-01,-6.203908610000000157e-02,-1.796611043999999865e-02
1.058474300000000090e+00,9.154337220999999580e-01,-6.199652320000000050e-02,-1.767916007000000164e-02
1.058847199999999988e+00,9.146289808999999993e-01,-6.195094086999999861e-02,-1.740398464000000173e-02
1.059220599999999957e+00,9.130597890999999633e-01,-6.196336286000000276e-02,-1.699458967000000084e-02
1.059594399999999936e+00,9.109281793000000294e-01,-6.233367052000000214e-02,-1.656668370000000112e-02
1.059969099999999997e+00,9.094054817000000179e-01,-6.245268841999999931e-02,-1.605593997999999953e-02
1.060344200000000070e+00,9.072892224999999922e-01,-6.231178486999999766e-02,-1.568178329000000093e-02
1.060719799999999990e+00,9.048066701000000434e-01,-6.214642397999999707e-02,-1.537512375999999965e-02
1.061096299999999992e+00,9.027988941000000267e-01,-6.191857648000000103e-02,-1.525830356999999943e-02
1.061473700000000076e+00,9.018357238999999970e-01,-6.191111877000000235e-02,-1.537500171999999984e-02
1.061852500000000088e+00,9.003169046000000231e-01,-6.154006279000000246e-02,-1.569020691000000065e-02
1.062232700000000030e+00,8.984607887000000126e-01,-6.076345630999999831e-02,-1.625962665999999834e-02
1.062615199999999982e+00,8.954575638999999754e-01,-5.973660170000000269e-02,-1.693191725999999842e-02
1.063000100000000003e+00,8.941040482000000011e-01,-5.857504194000000275e-02,-1.771983611000000139e-02
1.063387800000000105e+00,8.934648989000000263e-01,-5.698266213000000024e-02,-1.866775911000000121e-02
1.063779000000000030e+00,8.925890305000000469e-01,-5.509695260999999955e-02,-1.956000903999999957e-02
1.064173199999999930e+00,8.920247078999999912e-01,-5.285799917000000292e-02,-2.048947887999999842e-02
1.064569899999999958e+00,8.924538932000000147e-01,-5.082248645000000259e-02,-2.143954408000000103e-02
1.064969099999999891e+00,8.933849241000000330e-01,-4.824597600999999680e-02,-2.255077097000000169e-02
1.065368400000000104e+00,8.947527700999999833e-01,-4.527110057000000021e-02,-2.354163547999999981e-02
1.065763100000000074e+00,8.958485491000000023e-01,-4.245715305000000162e-02,-2.440840286000000095e-02
1.066153700000000093e+00,8.980842521999999883e-01,-3.944923527000000069e-02,-2.514974978999999847e-02
1.066540400000000055e+00,9.004445200999999788e-01,-3.667570646999999961e-02,-2.557078772999999902e-02
1.066923300000000019e+00,9.030979782000000400e-01,-3.406818189000000024e-02,-2.587218201000000134e-02
1.067302799999999996e+00,9.039426392999999615e-01,-3.231333519000000043e-02,-2.583012368000000072e-02
1.067679100000000103e+00,9.057509121000000274e-01,-3.155232203000000318e-02,-2.550011035000000065e-02
1.068053099999999977e+00,9.068540846000000544e-01,-3.112897913000000141e-02,-2.508941417999999840e-02
1.068424800000000063e+00,9.072565357999999858e-01,-3.113966627999999875e-02,-2.464999056999999869e-02
1.068794699999999986e+00,9.082609299999999664e-01,-3.137949369999999683e-02,-2.434100181999999946e-02
1.069163300000000039e+00,9.096081293000000123e-01,-3.195633993000000089e-02,-2.404818453999999980e-02
1.069530499999999940e+00,9.108902476000000359e-01,-3.268303041000000103e-02,-2.376278786999999962e-02
1.069896799999999981e+00,9.109883308999999763e-01,-3.350273172999999882e-02,-2.353104674999999951e-02
1.070262700000000011e+00,9.100307858999999722e-01,-3.425734191000000262e-02,-2.341323720999999997e-02
1.070628600000000041e+00,9.084675476000000360e-01,-3.505653912000000066e-02,-2.335330190000000153e-02
1.070994500000000071e+00,9.051575501999999940e-01,-3.582794889000000260e-02,-2.326759541999999861e-02
1.071360000000000090e+00,9.008206348999999724e-01,-3.704884449999999718e-02,-2.313808229000000050e-02
1.071725500000000109e+00,8.932157441000000420e-01,-3.852767859999999683e-02,-2.288602384999999934e-02
1.072091399999999917e+00,8.844565815999999581e-01,-4.005831507000000291e-02,-2.251064233000000039e-02
1.072457699999999958e+00,8.750319928999999997e-01,-4.206539193000000121e-02,-2.215116262000000127e-02
1.072824500000000070e+00,8.666167867999999830e-01,-4.433939228000000066e-02,-2.173806240000000084e-02
1.073191699999999971e+00,8.602117922999999999e-01,-4.600781263999999954e-02,-2.146627570999999970e-02
1.073559399999999941e+00,8.562817888999999516e-01,-4.773257613000000260e-02,-2.138737115000000077e-02
1.073927099999999912e+00,8.547666887000000546e-01,-4.906287507999999853e-02,-2.122071341999999874e-02
1.074294800000000105e+00,8.541725339000000305e-01,-5.023924652999999657e-02,-2.096271003000000147e-02
1.074662100000000065e+00,8.544175991000000359e-01,-5.091702631000000201e-02,-2.064014696999999857e-02
1.075028799999999896e+00,8.550476710000000091e-01,-5.146167013999999873e-02,-2.004977025999999871e-02
1.075395199999999996e+00,8.568073210000000106e-01,-5.147810584000000328e-02,-1.960295424000000133e-02
1.075760599999999956e+00,8.601167610000000074e-01,-5.184100242999999802e-02,-1.916576608000000043e-02
1.076125599999999904e+00,8.650852489999999451e-01,-5.215453507000000072e-02,-1.906920561000000069e-02
1.076489699999999994e+00,8.698829206999999508e-01,-5.284586707999999744e-02,-1.902897699000000165e-02
1.076852900000000002e+00,8.757086847999999701e-01,-5.346104244000000200e-02,-1.905886935000000032e-02
1.077215199999999928e+00,8.820272046999999560e-01,-5.422628055999999946e-02,-1.907897093999999863e-02
1.077576700000000054e+00,8.869497755999999900e-01,-5.522643049999999970e-02,-1.892573990999999942e-02
1.077937700000000110e+00,8.915437552999999626e-01,-5.637771259999999757e-02,-1.848104881999999838e-02
1.078298699999999943e+00,8.967773614999999809e-01,-5.813177979999999828e-02,-1.796439198000000098e-02
1.078660600000000080e+00,9.012633786000000535e-01,-6.020985719000000042e-02,-1.736427449000000137e-02
1.079023300000000019e+00,9.057734546000000275e-01,-6.240096637999999890e-02,-1.678850494000000068e-02
1.079387899999999956e+00,9.100484106999999767e-01,-6.446898768999999307e-02,-1.624457367999999902e-02
1.079754700000000067e+00,9.132079131000000460e-01,-6.699560069000000395e-02,-1.566175238000000122e-02
1.080122500000000096e+00,9.142153389999999602e-01,-6.949902270999999687e-02,-1.511004020999999996e-02
1.080490699999999915e+00,9.132511402999999861e-01,-7.247778452000000482e-02,-1.450174727000000038e-02
1.080858499999999944e+00,9.131022971000000155e-01,-7.505662707000000655e-02,-1.399969872000000025e-02
1.081223899999999905e+00,9.133423866000000002e-01,-7.736746630000000680e-02,-1.367557816000000009e-02
1.081587599999999982e+00,9.132311750999999589e-01,-7.981051371000000283e-02,-1.334286862000000004e-02
1.081949899999999909e+00,9.134793098000000278e-01,-8.224198155999999649e-02,-1.309506254999999973e-02
1.082311699999999988e+00,9.145500197000000497e-01,-8.479171118000000673e-02,-1.283650153999999974e-02
1.082672700000000043e+00,9.149942622000000192e-01,-8.760401552999999564e-02,-1.247911539000000000e-02
1.083033200000000029e+00,9.177594400999999902e-01,-9.059173506999999848e-02,-1.221745794999999982e-02
1.083392799999999934e+00,9.204453224999999961e-01,-9.289385814999999436e-02,-1.200045798000000039e-02
1.083751499999999979e+00,9.240382605000000416e-01,-9.500094497000000082e-02,-1.194831116000000075e-02
1.084109299999999942e+00,9.266505001999999491e-01,-9.688487938999999771e-02,-1.199160177999999966e-02
1.084466699999999895e+00,9.277959691999999592e-01,-9.833423376000000049e-02,-1.202965330999999916e-02
1.084823700000000057e+00,9.270835419999999827e-01,-9.877694267999999334e-02,-1.222903598999999959e-02
1.085180599999999940e+00,9.273893599000000432e-01,-9.832086767000000616e-02,-1.254151964999999924e-02
1.085538399999999903e+00,9.271263565999999789e-01,-9.725566582000000349e-02,-1.277271976000000052e-02
1.085897200000000007e+00,9.274678887999999732e-01,-9.573692101000000343e-02,-1.306869559000000021e-02
1.086256300000000063e+00,9.281049230000000261e-01,-9.327964608000000046e-02,-1.353191169000000048e-02
1.086615499999999956e+00,9.278727834000000119e-01,-9.020641419000000050e-02,-1.406051332000000063e-02
1.086974700000000071e+00,9.275217098000000382e-01,-8.634422187000000137e-02,-1.460600240000000001e-02
1.087333399999999894e+00,9.269699122000000235e-01,-8.247002985000000119e-02,-1.494467281999999932e-02
1.087692099999999940e+00,9.267911071000000112e-01,-7.813327100000000414e-02,-1.523917162999999936e-02
1.088050900000000043e+00,9.256768219000000020e-01,-7.361132625999999846e-02,-1.539754836000000078e-02
1.088410000000000100e+00,9.249268764000000420e-01,-6.913244371000000499e-02,-1.543882381999999928e-02
1.088769700000000062e+00,9.229572147000000282e-01,-6.461695972000000565e-02,-1.546030695999999968e-02
1.089129699999999978e+00,9.207070132000000351e-01,-6.037009218000000121e-02,-1.562935572000000162e-02
1.089491200000000104e+00,9.182221541999999737e-01,-5.642347240000000069e-02,-1.584534968999999974e-02
1.089854000000000100e+00,9.154814113000000475e-01,-5.291778695999999754e-02,-1.634033070999999990e-02
1.090218300000000085e+00,9.129979849999999564e-01,-5.009820390999999984e-02,-1.704031585000000126e-02
1.090584400000000009e+00,9.111407316999999839e-01,-4.721384601999999847e-02,-1.796976932999999957e-02
1.090952399999999933e+00,9.094276446000000291e-01,-4.501738118999999705e-02,-1.884964030000000137e-02
1.091322399999999915e+00,9.062521814999999759e-01,-4.248574457999999832e-02,-1.985447836000000035e-02
1.091694799999999965e+00,9.032379752000000428e-01,-4.051321522000000258e-02,-2.097328529000000094e-02
1.092069100000000015e+00,9.004674539999999450e-01,-3.862960817999999685e-02,-2.230226340999999848e-02
1.092446000000000028e+00,8.963120959999999471e-01,-3.737347500999999711e-02,-2.356989665000000164e-02
1.092824900000000099e+00,8.913951943000000266e-01,-3.635170147999999823e-02,-2.481817533000000089e-02
1.093205900000000064e+00,8.871622547999999941e-01,-3.571319699000000125e-02,-2.564743812999999845e-02
1.093588900000000086e+00,8.827920622999999578e-01,-3.508852114000000216e-02,-2.627673503999999882e-02
1.093973499999999932e+00,8.791307165999999729e-01,-3.501108583999999746e-02,-2.668073366000000071e-02
1.094359199999999976e+00,8.765771259000000315e-01,-3.493914582000000324e-02,-2.721968043000000045e-02
1.094746500000000067e+00,8.751462074000000424e-01,-3.521216692000000287e-02,-2.777994334999999912e-02
1.095134899999999911e+00,8.743163543999999954e-01,-3.522292643000000251e-02,-2.834656560999999908e-02
1.095524299999999895e+00,8.729364776000000381e-01,-3.570979579999999931e-02,-2.869300397999999946e-02
1.095915399999999984e+00,8.710542368000000479e-01,-3.573201480000000319e-02,-2.889192822000000160e-02
1.096308199999999955e+00,8.693510948999999544e-01,-3.618033388999999933e-02,-2.887778146000000157e-02
1.096703200000000100e+00,8.673994645000000503e-01,-3.672662160000000203e-02,-2.880063578000000013e-02
1.097101000000000104e+00,8.661882895000000415e-01,-3.756229150999999822e-02,-2.852445673000000154e-02
1.097501700000000024e+00,8.652819636999999897e-01,-3.758460351000000171e-02,-2.832305129999999893e-02
1.097906000000000049e+00,8.636556564999999797e-01,-3.755939907999999994e-02,-2.789464108000000095e-02
1.098313799999999896e+00,8.624519675999999802e-01,-3.717046630000000323e-02,-2.738407555999999854e-02
1.098725299999999905e+00,8.629435960000000350e-01,-3.685617838000000007e-02,-2.678709749000000168e-02
1.099139899999999948e+00,8.633703208999999879e-01,-3.614886602000000337e-02,-2.606779722999999840e-02
1.099558199999999930e+00,8.653743499999999589e-01,-3.521692995999999715e-02,-2.530891731000000158e-02
1.099979800000000063e+00,8.677986722999999625e-01,-3.420078064999999834e-02,-2.463068758999999858e-02
1.100400100000000103e+00,8.700192848000000145e-01,-3.309611537999999908e-02,-2.395954155000000127e-02
1.100816000000000017e+00,8.733603036999999514e-01,-3.211198854999999797e-02,-2.339565944000000092e-02
1.101227399999999967e+00,8.785469843000000001e-01,-3.116490166000000089e-02,-2.291255755000000047e-02
1.101635700000000107e+00,8.841966665999999586e-01,-3.032267437000000024e-02,-2.256297884000000101e-02
1.102040399999999920e+00,8.889844319999999911e-01,-3.028035566999999831e-02,-2.205417423000000099e-02
1.102442700000000109e+00,8.923805916999999477e-01,-3.050706015999999840e-02,-2.168123742999999992e-02
1.102842099999999936e+00,8.937008051999999481e-01,-3.166001854000000115e-02,-2.104142465999999864e-02
1.103239099999999917e+00,8.936618997999999925e-01,-3.330331545000000254e-02,-2.040587912000000129e-02
1.103634299999999957e+00,8.936184154999999851e-01,-3.557397368000000254e-02,-1.976101179999999874e-02
1.104027899999999951e+00,8.927525548000000422e-01,-3.827374135000000122e-02,-1.910827680000000070e-02
1.104420299999999910e+00,8.922567952000000080e-01,-4.115744623999999935e-02,-1.858029002999999832e-02
1.104811500000000057e+00,8.908534179000000552e-01,-4.394580120000000228e-02,-1.809504531999999929e-02
1.105202199999999912e+00,8.886100431000000244e-01,-4.636033352999999885e-02,-1.760533821000000165e-02
1.105592300000000083e+00,8.859354328999999861e-01,-4.837532187000000150e-02,-1.718176172000000085e-02
1.105982400000000032e+00,8.839354414000000215e-01,-5.027641976999999707e-02,-1.687188443000000107e-02
1.106372499999999981e+00,8.831375387000000021e-01,-5.191483830000000188e-02,-1.668912960000000154e-02
1.106763200000000058e+00,8.831791047000000505e-01,-5.355146260000000213e-02,-1.653294812999999905e-02
1.107154399999999983e+00,8.832963048999999955e-01,-5.472091775000000047e-02,-1.643650638000000025e-02
1.107546200000000036e+00,8.834954067000000411e-01,-5.593123516000000212e-02,-1.634243495999999907e-02
1.107939199999999902e+00,8.823309077000000000e-01,-5.646329960000000259e-02,-1.622824524999999865e-02
1.108333400000000024e+00,8.813779066000000384e-01,-5.744070356000000044e-02,-1.616861720999999974e-02
1.108729300000000029e+00,8.810428422999999620e-01,-5.851881377999999800e-02,-1.622708994999999890e-02
1.109121699999999988e+00,8.828838283000000065e-01,-5.960159025000000277e-02,-1.618660313000000114e-02
1.109511700000000101e+00,8.846323930999999696e-01,-6.025238815000000248e-02,-1.619281335000000155e-02
1.109898999999999969e+00,8.870023045999999578e-01,-6.134113944999999846e-02,-1.599234990999999842e-02
1.110284499999999897e+00,8.884326152000000532e-01,-6.192338781000000097e-02,-1.572425264999999933e-02
1.110668299999999942e+00,8.888634255999999789e-01,-6.246689169999999902e-02,-1.546434196999999997e-02
1.111050499999999941e+00,8.879996137000000234e-01,-6.232175395999999673e-02,-1.534123251000000035e-02
1.111431499999999906e+00,8.870817743000000144e-01,-6.194331345000000238e-02,-1.519073615999999918e-02
1.111812000000000022e+00,8.867113670999999808e-01,-6.161634349999999677e-02,-1.510333827999999975e-02
1.112192000000000069e+00,8.871967494000000398e-01,-6.196968650999999662e-02,-1.496165963999999959e-02
1.112571399999999988e+00,8.869117409000000229e-01,-6.195463068999999823e-02,-1.482863121999999922e-02
1.112950200000000001e+00,8.874859668000000257e-01,-6.171315516999999889e-02,-1.457314458999999993e-02
1.113328499999999943e+00,8.885484136000000310e-01,-6.157007349000000185e-02,-1.440718053999999991e-02
1.113706300000000038e+00,8.896485382000000053e-01,-6.129110546000000187e-02,-1.423098008000000039e-02
1.114083500000000004e+00,8.912673971000000250e-01,-6.062532023000000159e-02,-1.421674684000000070e-02
1.114460599999999912e+00,8.930329350000000277e-01,-5.937996854000000130e-02,-1.447157083999999969e-02
1.114837300000000031e+00,8.937320546000000476e-01,-5.826691100999999845e-02,-1.467814110000000005e-02
1.115213400000000021e+00,8.938098301000000356e-01,-5.715341197999999900e-02,-1.478258940000000063e-02
1.115588999999999942e+00,8.933363404999999924e-01,-5.590849704999999864e-02,-1.503197835000000086e-02
1.115964500000000026e+00,8.932165297999999920e-01,-5.470147382999999974e-02,-1.544302030999999964e-02
1.116339500000000040e+00,8.920918872999999971e-01,-5.351808084000000271e-02,-1.589564472999999839e-02
1.116714500000000054e+00,8.926230951000000413e-01,-5.231277637000000119e-02,-1.650645197999999966e-02
1.117089500000000069e+00,8.929055322000000183e-01,-5.066132333000000071e-02,-1.708305208000000103e-02
1.117464500000000083e+00,8.926937083999999523e-01,-4.942017913999999928e-02,-1.764734105999999844e-02
1.117840100000000003e+00,8.913986231999999621e-01,-4.779021388000000148e-02,-1.831080288000000098e-02
1.118216799999999900e+00,8.907258147000000070e-01,-4.587495490000000065e-02,-1.887286922999999866e-02
1.118594000000000088e+00,8.897757511999999647e-01,-4.346799090999999698e-02,-1.933725001000000110e-02
1.118972300000000031e+00,8.886230343000000031e-01,-4.108076315999999867e-02,-1.960959621000000000e-02
1.119351200000000102e+00,8.872226367000000113e-01,-3.886897301000000193e-02,-1.983945896000000042e-02
1.119731299999999985e+00,8.869849564999999769e-01,-3.723864420999999786e-02,-1.999828956000000019e-02
1.120112400000000008e+00,8.860926225999999906e-01,-3.556717942999999826e-02,-2.019964633000000120e-02
1.120494799999999902e+00,8.849854381999999742e-01,-3.393940128999999722e-02,-2.033607046000000113e-02
1.120877700000000088e+00,8.842187349000000252e-01,-3.249765853000000093e-02,-2.053564501999999986e-02
1.121261700000000028e+00,8.847331306000000284e-01,-3.130161001000000137e-02,-2.074882079000000060e-02
1.121647599999999967e+00,8.840266934999999604e-01,-3.007632123999999865e-02,-2.076198848000000013e-02
1.122034600000000104e+00,8.854566094000000387e-01,-2.891122974999999970e-02,-2.077078128000000093e-02
1.122424000000000088e+00,8.870848478999999731e-01,-2.804936695999999882e-02,-2.098729921000000095e-02
1.122816400000000048e+00,8.891287689000000327e-01,-2.708923707000000097e-02,-2.121092442999999994e-02
1.123212000000000099e+00,8.904977515999999982e-01,-2.573294062999999937e-02,-2.148513137000000045e-02
1.123610699999999962e+00,8.918577608000000101e-01,-2.438762498000000140e-02,-2.172631220000000030e-02
1.124012599999999917e+00,8.941618571999999654e-01,-2.281919108999999959e-02,-2.191726084999999838e-02
1.124417100000000058e+00,8.966120936000000485e-01,-2.169802175999999833e-02,-2.212190279999999912e-02
1.124824299999999999e+00,8.980584252000000101e-01,-2.093563488000000153e-02,-2.246345469999999969e-02
1.125233399999999939e+00,8.994017088000000326e-01,-2.094964120000000068e-02,-2.272238735000000134e-02
1.125644599999999995e+00,9.012662247999999598e-01,-2.140625447000000028e-02,-2.307015239999999842e-02
1.126056500000000016e+00,9.030233517000000321e-01,-2.219990730999999926e-02,-2.331724438000000107e-02
1.126469100000000001e+00,9.038110800999999972e-01,-2.347509147000000074e-02,-2.365387240000000127e-02
1.126882299999999892e+00,9.043607041000000235e-01,-2.480688051000000047e-02,-2.390053842999999983e-02
1.127295600000000064e+00,9.030421775000000428e-01,-2.637760989000000056e-02,-2.421131673000000151e-02
1.127708099999999991e+00,9.023169815999999566e-01,-2.848072071000000080e-02,-2.452471712999999831e-02
1.128120699999999976e+00,9.008782288000000138e-01,-3.090048888000000021e-02,-2.497749538999999991e-02
1.128532599999999997e+00,8.992091783000000227e-01,-3.392198331000000067e-02,-2.539022445999999933e-02
1.128943699999999994e+00,8.969776546000000073e-01,-3.759480884000000050e-02,-2.576611021999999918e-02
1.129354900000000050e+00,8.955754217000000406e-01,-4.127468617999999895e-02,-2.598580936000000063e-02
1.129766100000000106e+00,8.935919992999999950e-01,-4.477853672999999868e-02,-2.601287922000000002e-02
1.130177999999999905e+00,8.911204849999999622e-01,-4.838819376000000339e-02,-2.586282324999999993e-02
1.130590500000000054e+00,8.892272405000000157e-01,-5.137309581999999902e-02,-2.561987546000000018e-02
1.131000299999999958e+00,8.866481713999999625e-01,-5.438131331999999929e-02,-2.524495826999999942e-02
1.131408100000000028e+00,8.826791998999999889e-01,-5.670739578999999669e-02,-2.474394628999999901e-02
1.131812999999999958e+00,8.784638508000000012e-01,-5.818596244000000250e-02,-2.406609238999999831e-02
1.132215999999999889e+00,8.746526855999999794e-01,-5.892115480000000016e-02,-2.329464586999999837e-02
1.132616999999999985e+00,8.722888151000000034e-01,-5.934416379000000130e-02,-2.253838281000000027e-02
1.133015899999999965e+00,8.712417390000000150e-01,-5.948673671000000163e-02,-2.182207949000000008e-02
1.133413599999999910e+00,8.718429946000000319e-01,-5.911634950999999916e-02,-2.111171359999999830e-02
1.133809899999999926e+00,8.714592600999999661e-01,-5.816138136000000014e-02,-2.049015775999999886e-02
1.134204999999999908e+00,8.719967992999999584e-01,-5.721455293000000247e-02,-1.980393890000000170e-02
1.134599399999999925e+00,8.738901601999999880e-01,-5.670726361000000271e-02,-1.906829394000000150e-02
1.134993099999999977e+00,8.748310854999999941e-01,-5.570727233000000167e-02,-1.821437700000000035e-02
1.135386800000000029e+00,8.769774894999999848e-01,-5.495355645999999705e-02,-1.755359419000000060e-02
1.135779899999999953e+00,8.788024423000000418e-01,-5.454502068000000037e-02,-1.706866473999999953e-02
1.136173000000000100e+00,8.798245885000000044e-01,-5.344927439000000252e-02,-1.672108266000000079e-02
1.136566100000000024e+00,8.822684954999999718e-01,-5.274202730000000089e-02,-1.643905651999999842e-02
1.136959800000000076e+00,8.841762525999999900e-01,-5.226092152000000324e-02,-1.639438342999999937e-02
1.137353499999999906e+00,8.858376545999999685e-01,-5.229889378000000116e-02,-1.639927060999999894e-02
1.137747300000000017e+00,8.867507663000000484e-01,-5.273784667999999870e-02,-1.637210177000000128e-02
1.138141000000000069e+00,8.859735184000000485e-01,-5.340072416999999683e-02,-1.621733520999999942e-02
1.138534699999999900e+00,8.837451162999999665e-01,-5.413706380999999679e-02,-1.600812912999999976e-02
1.138927800000000046e+00,8.813717595000000182e-01,-5.532990565999999777e-02,-1.576084247000000133e-02
1.139320899999999970e+00,8.781571428000000124e-01,-5.663152378999999903e-02,-1.532806050999999982e-02
1.139713299999999929e+00,8.750534237000000548e-01,-5.831362295999999862e-02,-1.465535800000000027e-02
1.140105099999999982e+00,8.729902401000000367e-01,-5.978897819000000141e-02,-1.424553513000000049e-02
1.140496799999999977e+00,8.716184606000000334e-01,-6.071612155000000177e-02,-1.379261600999999969e-02
1.140886000000000067e+00,8.706696591000000485e-01,-6.137055556999999884e-02,-1.328734254000000017e-02
1.141272499999999912e+00,8.716808181999999849e-01,-6.227288135999999724e-02,-1.275743558999999951e-02
1.141656500000000074e+00,8.730632619999999511e-01,-6.297582941000000323e-02,-1.233616658999999935e-02
1.142038000000000109e+00,8.761251428999999868e-01,-6.383911858000000661e-02,-1.187888974000000063e-02
1.142418200000000050e+00,8.792119970999999756e-01,-6.395531463999999666e-02,-1.151092555000000038e-02
1.142796600000000051e+00,8.828063015999999541e-01,-6.404550789000000577e-02,-1.102253088999999991e-02
1.143173699999999959e+00,8.867407380999999811e-01,-6.387246329000000056e-02,-1.060741687999999967e-02
1.143549600000000055e+00,8.904959563000000022e-01,-6.402124752000000474e-02,-1.017068334999999928e-02
1.143924299999999894e+00,8.931225921000000012e-01,-6.442504202000000346e-02,-9.667900312000000593e-03
1.144298299999999990e+00,8.970833459000000509e-01,-6.517735671999999592e-02,-9.282339307000000636e-03
1.144671200000000111e+00,8.999432740999999680e-01,-6.583356260999999321e-02,-8.889202142000000861e-03
1.145043400000000045e+00,9.036977291000000134e-01,-6.656233842000000567e-02,-8.604138831999999168e-03
1.145414399999999944e+00,9.077380028999999517e-01,-6.755320418999999355e-02,-8.413737715999999867e-03
1.145784899999999995e+00,9.119195332999999737e-01,-6.865604471000000264e-02,-8.269993990000000170e-03
1.146154099999999953e+00,9.162121819999999861e-01,-6.979922531000000430e-02,-8.185925837000000704e-03
1.146522700000000006e+00,9.207171223000000237e-01,-7.070021679999999309e-02,-8.097213766000000215e-03
1.146891300000000058e+00,9.236951791999999939e-01,-7.173647469999999693e-02,-8.001283155000000341e-03
1.147259400000000040e+00,9.256585125999999830e-01,-7.276540583000000451e-02,-7.784697660000000109e-03
1.147628000000000092e+00,9.247283560000000291e-01,-7.412421072000000000e-02,-7.482892405999999781e-03
1.147996599999999923e+00,9.233735554999999984e-01,-7.534289242000000164e-02,-7.251757394000000329e-03
1.148365800000000103e+00,9.230566065999999958e-01,-7.615751437999999929e-02,-7.152263193999999942e-03
1.148735700000000026e+00,9.230232621999999720e-01,-7.636322247000000563e-02,-7.247621614000000247e-03
1.149106100000000019e+00,9.226386751999999802e-01,-7.603390863999999472e-02,-7.415581448000000027e-03
1.149477800000000105e+00,9.212933772000000410e-01,-7.554321009999999392e-02,-7.535871591000000216e-03
1.149850100000000097e+00,9.206493113999999478e-01,-7.542156494000000488e-02,-7.825558332000000228e-03
1.150223599999999902e+00,9.192115743000000005e-01,-7.513553250000000461e-02,-8.147245843000000542e-03
1.150597799999999893e+00,9.173469912999999698e-01,-7.460936228999999476e-02,-8.734162202000000236e-03
1.150973199999999919e+00,9.155630613999999889e-01,-7.392629477999999865e-02,-9.391021895999999286e-03
1.151349200000000073e+00,9.139193986000000436e-01,-7.255892561000000518e-02,-1.023838952999999927e-02
1.151726500000000097e+00,9.127437417000000552e-01,-7.098629078000000259e-02,-1.106225358000000047e-02
1.152104500000000087e+00,9.130715959999999853e-01,-6.927580523000000101e-02,-1.204169842999999913e-02
1.152483799999999947e+00,9.136086875000000163e-01,-6.729258585000000292e-02,-1.332071523999999937e-02
1.152864399999999900e+00,9.148509041000000286e-01,-6.542919116999999785e-02,-1.471710552999999991e-02
1.153246200000000110e+00,9.143626049999999950e-01,-6.344624665999999691e-02,-1.590040040000000043e-02
1.153630099999999992e+00,9.124088107000000170e-01,-6.143124274999999662e-02,-1.668416589000000158e-02
1.154015400000000025e+00,9.104157558000000039e-01,-5.886183367000000222e-02,-1.749028510999999994e-02
1.154402600000000056e+00,9.101495889999999811e-01,-5.618683776999999768e-02,-1.831988074999999980e-02
1.154792599999999947e+00,9.117668029000000063e-01,-5.381570663000000143e-02,-1.916932074999999971e-02
1.155184800000000012e+00,9.117045550000000276e-01,-5.175492532999999978e-02,-1.983842313999999857e-02
1.155579700000000098e+00,9.103774587999999834e-01,-4.959324713999999773e-02,-2.045980803999999931e-02
1.155976799999999916e+00,9.093908712999999588e-01,-4.723677245999999968e-02,-2.101342634999999945e-02
1.156375399999999942e+00,9.076479387000000454e-01,-4.491114041000000140e-02,-2.133918960999999989e-02
1.156775399999999898e+00,9.058145934000000343e-01,-4.249727794000000142e-02,-2.156119912999999999e-02
1.157176900000000064e+00,9.038376322000000185e-01,-4.017212573000000092e-02,-2.176665954000000028e-02
1.157579200000000030e+00,9.025359519000000219e-01,-3.825673804000000178e-02,-2.196001505000000006e-02
1.157982199999999962e+00,9.015580662000000078e-01,-3.698328344000000045e-02,-2.208411307999999865e-02
1.158385199999999893e+00,9.010783706999999643e-01,-3.646345226000000106e-02,-2.222795473999999993e-02
1.158788300000000104e+00,8.997542178999999862e-01,-3.633279165000000144e-02,-2.228250577999999968e-02
1.159190500000000013e+00,8.978742044999999949e-01,-3.617595323000000196e-02,-2.232061685999999975e-02
1.159592799999999979e+00,8.963902789000000038e-01,-3.608903699999999742e-02,-2.242918257000000096e-02
1.159995000000000109e+00,8.944353825999999952e-01,-3.676637960999999677e-02,-2.232430281999999919e-02
1.160398000000000041e+00,8.938982059000000202e-01,-3.780599118999999897e-02,-2.220711427999999890e-02
1.160800300000000007e+00,8.939928803000000146e-01,-3.932345086999999850e-02,-2.199976340000000044e-02
1.161201799999999951e+00,8.942314301999999548e-01,-4.087970621999999915e-02,-2.173840843999999897e-02
1.161601799999999907e+00,8.927995894000000376e-01,-4.252049087999999755e-02,-2.114894398000000120e-02
1.162001800000000085e+00,8.887574677999999784e-01,-4.395760037000000231e-02,-2.044234439999999958e-02
1.162401000000000018e+00,8.821785349999999859e-01,-4.523865282999999654e-02,-1.960178079999999948e-02
1.162800199999999951e+00,8.752669253000000538e-01,-4.655041855000000006e-02,-1.863587779000000152e-02
1.163200199999999906e+00,8.681838714999999818e-01,-4.752547644999999960e-02,-1.767990775000000125e-02
1.163601799999999908e+00,8.619830009000000182e-01,-4.839822248000000271e-02,-1.666895206999999962e-02
1.164004800000000062e+00,8.573135387000000440e-01,-4.943453207000000210e-02,-1.558884022000000050e-02
1.164409400000000039e+00,8.547090513999999750e-01,-5.020659201000000210e-02,-1.480770441999999971e-02
1.164816400000000085e+00,8.533250933999999566e-01,-5.126955542000000143e-02,-1.423319213000000076e-02
1.165224999999999955e+00,8.548977208000000383e-01,-5.202659962000000249e-02,-1.386543586000000064e-02
1.165630399999999955e+00,8.596716627999999583e-01,-5.257070846999999797e-02,-1.393214000999999994e-02
1.166033400000000109e+00,8.667319891000000442e-01,-5.329675001999999856e-02,-1.427664866999999935e-02
1.166433300000000006e+00,8.762284126999999589e-01,-5.420163137999999686e-02,-1.482948603999999920e-02
1.166829399999999906e+00,8.881165324999999999e-01,-5.504958379000000207e-02,-1.552661466000000018e-02
1.167222500000000052e+00,8.994789698999999805e-01,-5.608823998000000283e-02,-1.609063506000000046e-02
1.167612600000000000e+00,9.097398696999999812e-01,-5.672469187000000329e-02,-1.673849269999999959e-02
1.167999800000000032e+00,9.189859796999999553e-01,-5.778736212999999872e-02,-1.735803820999999927e-02
1.168384099999999926e+00,9.260693004000000172e-01,-5.908815978999999718e-02,-1.784660865999999901e-02
1.168765499999999902e+00,9.331326989999999544e-01,-6.084169409000000223e-02,-1.829872897000000068e-02
1.169144100000000019e+00,9.396791935999999623e-01,-6.271514422000000477e-02,-1.854336385000000115e-02
1.169519999999999893e+00,9.451449603999999560e-01,-6.444287516999999688e-02,-1.864304249999999830e-02
1.169893700000000036e+00,9.491775942000000299e-01,-6.683267280999999338e-02,-1.852695250999999987e-02
1.170265499999999959e+00,9.516845414000000281e-01,-6.951457380999999380e-02,-1.814325228999999831e-02
1.170635099999999928e+00,9.513322583000000110e-01,-7.200475209999999959e-02,-1.758646209999999849e-02
1.171003500000000086e+00,9.497484639000000062e-01,-7.440476177999999496e-02,-1.694409069000000004e-02
1.171370500000000092e+00,9.475935683999999748e-01,-7.642290788000000168e-02,-1.625642609999999877e-02
1.171736899999999970e+00,9.474430315999999852e-01,-7.822166431999999503e-02,-1.574519314999999961e-02
1.172102500000000047e+00,9.480927354000000529e-01,-7.949750976000000136e-02,-1.551291796000000070e-02
1.172468199999999960e+00,9.493395286000000377e-01,-8.041479068000000063e-02,-1.539564692000000047e-02
1.172832600000000003e+00,9.500037865999999553e-01,-8.087372530000000448e-02,-1.537203338999999953e-02
1.173195599999999894e+00,9.506376673999999971e-01,-8.104519598999999908e-02,-1.537891218000000081e-02
1.173557399999999973e+00,9.494826911000000536e-01,-8.114538596999999742e-02,-1.541743270000000068e-02
1.173918400000000029e+00,9.467613811999999740e-01,-8.078360423000000012e-02,-1.541331230000000073e-02
1.174278200000000050e+00,9.417766217999999911e-01,-8.070608148999999787e-02,-1.523439923999999994e-02
1.174637300000000106e+00,9.383682818999999897e-01,-8.045701396000000394e-02,-1.491927413999999917e-02
1.174995199999999906e+00,9.353376548999999818e-01,-8.073706542000000375e-02,-1.450942845999999946e-02
1.175352399999999964e+00,9.329253132999999476e-01,-8.114043291000000435e-02,-1.416675530000000016e-02
1.175708900000000057e+00,9.314994501000000149e-01,-8.150849462999999739e-02,-1.379995147000000026e-02
1.176064800000000021e+00,9.300850301999999958e-01,-8.181141012999999795e-02,-1.324318963000000078e-02
1.176420699999999986e+00,9.292617346999999528e-01,-8.190275266999999526e-02,-1.290910890000000061e-02
1.176777299999999915e+00,9.304179517999999760e-01,-8.237163547999999669e-02,-1.264514911999999915e-02
1.177134499999999973e+00,9.302977785999999583e-01,-8.295148921999999370e-02,-1.243013033999999968e-02
1.177492299999999936e+00,9.297564769999999701e-01,-8.390178148000000669e-02,-1.206238553000000061e-02
1.177850899999999923e+00,9.292273528000000171e-01,-8.453993786999999815e-02,-1.179059363000000034e-02
1.178208700000000109e+00,9.281116579000000533e-01,-8.531561863999999329e-02,-1.149028856000000078e-02
1.178566599999999909e+00,9.267584323999999985e-01,-8.559843937000000125e-02,-1.126150897999999949e-02
1.178924400000000094e+00,9.258007943999999600e-01,-8.607697950999999847e-02,-1.117099497999999962e-02
1.179282299999999895e+00,9.247272810000000121e-01,-8.649260807000000439e-02,-1.110401343000000027e-02
1.179640800000000045e+00,9.236836343000000005e-01,-8.721206058000000039e-02,-1.092029721999999980e-02
1.179999299999999973e+00,9.227171007000000147e-01,-8.750232462000000211e-02,-1.073432908999999956e-02
1.180358500000000088e+00,9.228286739000000072e-01,-8.773890429000000268e-02,-1.054629435999999976e-02
1.180719000000000074e+00,9.225563735999999793e-01,-8.764058875999999887e-02,-1.052046683999999926e-02
1.181080799999999931e+00,9.240219535999999456e-01,-8.717618451000000435e-02,-1.063761839999999986e-02
1.181444099999999997e+00,9.239396056999999995e-01,-8.646975412000000583e-02,-1.074318936999999960e-02
1.181809399999999899e+00,9.234964686000000089e-01,-8.564372085999999440e-02,-1.084055796999999939e-02
1.182176799999999917e+00,9.238247065000000369e-01,-8.413531057999999729e-02,-1.103743675000000077e-02
1.182546300000000050e+00,9.236599159999999697e-01,-8.179821336999999748e-02,-1.126425087000000082e-02
1.182917999999999914e+00,9.228397482000000318e-01,-7.893726513000000333e-02,-1.146832119000000018e-02
1.183292599999999917e+00,9.212924798999999609e-01,-7.569662168000000635e-02,-1.162052891000000046e-02
1.183669499999999930e+00,9.200779370999999651e-01,-7.225959973999999952e-02,-1.182510355999999950e-02
1.184048500000000059e+00,9.175062157000000163e-01,-6.926355827999999826e-02,-1.198422050000000003e-02
1.184429900000000035e+00,9.153105007999999820e-01,-6.577417009000000037e-02,-1.222378206999999960e-02
1.184812799999999999e+00,9.138623460000000476e-01,-6.199581746999999893e-02,-1.250480152999999990e-02
1.185197300000000009e+00,9.132254373999999508e-01,-5.824369036999999666e-02,-1.275307084000000014e-02
1.185583400000000065e+00,9.128492263999999912e-01,-5.412338620999999905e-02,-1.291622987000000042e-02
1.185970200000000085e+00,9.124865614999999597e-01,-4.971824903000000156e-02,-1.314719523999999945e-02
1.186358699999999988e+00,9.117730410000000063e-01,-4.585714535999999703e-02,-1.334969366999999921e-02
1.186747999999999914e+00,9.097729794000000147e-01,-4.216369033000000321e-02,-1.347402001000000057e-02
1.187138000000000027e+00,9.072563382999999648e-01,-3.891987305999999869e-02,-1.360619687000000008e-02
1.187529800000000080e+00,9.046952196999999973e-01,-3.617265226000000028e-02,-1.369112096000000070e-02
1.187923099999999899e+00,9.015732321999999632e-01,-3.425456839999999753e-02,-1.359658893000000035e-02
1.188318200000000102e+00,8.983076249000000457e-01,-3.277314795999999864e-02,-1.354799123999999959e-02
1.188715799999999989e+00,8.960786055999999666e-01,-3.126180195000000106e-02,-1.360496591999999991e-02
1.189115900000000003e+00,8.939405731999999771e-01,-2.974530095000000110e-02,-1.371083751999999968e-02
1.189518700000000040e+00,8.926642665999999782e-01,-2.857096380999999893e-02,-1.388974320999999956e-02
1.189924200000000098e+00,8.934905309999999767e-01,-2.707579912000000061e-02,-1.439814321999999952e-02
1.190332299999999899e+00,8.962211646000000087e-01,-2.643889493000000160e-02,-1.494812925000000084e-02
1.190743200000000002e+00,9.011337651999999920e-01,-2.597717818000000109e-02,-1.591338214999999875e-02
1.191156899999999963e+00,9.066573217000000184e-01,-2.602087047999999958e-02,-1.694662603999999920e-02
1.191572499999999923e+00,9.122537540999999806e-01,-2.646637886000000051e-02,-1.787589322000000119e-02
1.191987099999999966e+00,9.173390550000000143e-01,-2.618506577000000168e-02,-1.897759284000000157e-02
1.192400799999999927e+00,9.217467910000000098e-01,-2.640713519000000009e-02,-2.009349292000000078e-02
1.192813600000000029e+00,9.237687422999999454e-01,-2.699655466999999892e-02,-2.103438443000000060e-02
1.193225399999999992e+00,9.236793307999999758e-01,-2.767622974999999971e-02,-2.164458481999999989e-02
1.193637199999999954e+00,9.223342554000000248e-01,-2.883771517000000006e-02,-2.200534999999999991e-02
1.194047999999999998e+00,9.211105565999999634e-01,-3.007076132000000013e-02,-2.213578092000000053e-02
1.194459799999999960e+00,9.199132839000000450e-01,-3.170797488999999719e-02,-2.209930888999999885e-02
1.194871599999999923e+00,9.179363631000000412e-01,-3.375497403000000257e-02,-2.194880126999999848e-02
1.195284400000000025e+00,9.175223523000000103e-01,-3.623237319000000012e-02,-2.176839624999999875e-02
1.195698099999999986e+00,9.166230510999999748e-01,-3.861335780999999856e-02,-2.145321718999999849e-02
1.196112800000000087e+00,9.159315442000000029e-01,-4.121697901000000164e-02,-2.097420360000000136e-02
1.196525499999999909e+00,9.135294817000000345e-01,-4.353566365000000049e-02,-2.028470984000000157e-02
1.196935400000000094e+00,9.110170800000000346e-01,-4.560363246000000148e-02,-1.946739499000000109e-02
1.197342499999999976e+00,9.093592580999999564e-01,-4.780538379999999671e-02,-1.882373525999999839e-02
1.197746699999999942e+00,9.090560449000000265e-01,-4.993746992999999884e-02,-1.834522661000000110e-02
1.198149099999999967e+00,9.092656958999999484e-01,-5.206223487000000150e-02,-1.795460314000000071e-02
1.198548799999999970e+00,9.100849785000000303e-01,-5.446718893000000034e-02,-1.759475426999999870e-02
1.198946599999999973e+00,9.111693651000000171e-01,-5.669737103999999972e-02,-1.713482393000000104e-02
1.199342600000000036e+00,9.103174935000000190e-01,-5.901120701999999774e-02,-1.657611535000000011e-02
1.199736899999999995e+00,9.096821642000000319e-01,-6.180061835000000281e-02,-1.600512488999999983e-02
1.200129299999999954e+00,9.097650305000000159e-01,-6.445191176999999494e-02,-1.546318598000000037e-02
1.200518299999999927e+00,9.086364678999999667e-01,-6.700288689000000186e-02,-1.496108634999999965e-02
1.200904600000000100e+00,9.075547229000000549e-01,-6.963442150000000164e-02,-1.440148519000000044e-02
1.201287500000000064e+00,9.072811204999999823e-01,-7.261223173000000419e-02,-1.383757503999999937e-02
1.201668699999999923e+00,9.054990153999999958e-01,-7.586832508999999392e-02,-1.315088654000000010e-02
1.202048199999999900e+00,9.037742903000000050e-01,-7.851095226000000260e-02,-1.257689210000000057e-02
1.202426100000000053e+00,9.022364703999999902e-01,-8.090946393999999542e-02,-1.217605916000000059e-02
1.202803099999999903e+00,9.017833070999999867e-01,-8.284171136000000046e-02,-1.193118009999999916e-02
1.203179299999999952e+00,9.014702138000000309e-01,-8.497347008000000201e-02,-1.176855926999999941e-02
1.203554699999999977e+00,9.025081873000000421e-01,-8.663761976000000642e-02,-1.183137236000000002e-02
1.203929199999999922e+00,9.043256266000000432e-01,-8.806032368999999749e-02,-1.196877740000000002e-02
1.204302900000000065e+00,9.073575146000000258e-01,-8.969241492000000482e-02,-1.225358093000000065e-02
1.204676599999999986e+00,9.103073297999999536e-01,-9.074940784000000427e-02,-1.267497815999999930e-02
1.205049500000000107e+00,9.139587673000000301e-01,-9.104939852000000500e-02,-1.335796510000000076e-02
1.205421599999999982e+00,9.176036562999999591e-01,-9.098970582000000251e-02,-1.414146475000000076e-02
1.205792799999999998e+00,9.203489057999999501e-01,-8.988141166999999432e-02,-1.495577782999999925e-02
1.206163300000000049e+00,9.231050804999999526e-01,-8.834726625000000055e-02,-1.594267180999999964e-02
1.206532900000000019e+00,9.232984682999999526e-01,-8.656204135999999438e-02,-1.691293048999999854e-02
1.206901699999999966e+00,9.239459191000000127e-01,-8.457890227000000594e-02,-1.781886707000000097e-02
1.207269600000000054e+00,9.268587098999999663e-01,-8.222297432000000295e-02,-1.876041218999999899e-02
1.207637599999999978e+00,9.289684135000000342e-01,-7.973868035999999437e-02,-1.958274528000000098e-02
1.208005599999999902e+00,9.297577906999999753e-01,-7.727424319999999514e-02,-2.044080011000000072e-02
1.208373600000000048e+00,9.288499880999999680e-01,-7.519643985000000475e-02,-2.102831370999999963e-02
1.208741499999999913e+00,9.274043521000000512e-01,-7.287051598999999547e-02,-2.137336341999999945e-02
1.209110300000000082e+00,9.257776260000000201e-01,-7.083758057000000274e-02,-2.149237604000000038e-02
1.209480000000000111e+00,9.233859943000000126e-01,-6.876556875000000568e-02,-2.153805556000000163e-02
1.209851299999999963e+00,9.203909511000000210e-01,-6.668962098000000283e-02,-2.152858632999999841e-02
1.210223400000000060e+00,9.165693148000000345e-01,-6.468654381999999758e-02,-2.149834910000000127e-02
1.210596400000000017e+00,9.126039921999999915e-01,-6.249339882999999790e-02,-2.143128274000000166e-02
1.210971100000000078e+00,9.083622049999999781e-01,-6.067966312999999862e-02,-2.134002717000000118e-02
1.211346699999999998e+00,9.054719265999999767e-01,-5.873699343000000211e-02,-2.131602621999999919e-02
1.211723099999999942e+00,9.031324028999999642e-01,-5.649541747000000336e-02,-2.135597321000000035e-02
1.212100500000000025e+00,9.016491465000000538e-01,-5.408124553000000223e-02,-2.149809013999999865e-02
1.212478699999999909e+00,9.017076043999999735e-01,-5.157694656000000322e-02,-2.194581854999999929e-02
1.212857800000000097e+00,9.015282032000000445e-01,-4.894828026999999832e-02,-2.249473298999999857e-02
1.213238700000000003e+00,9.006565353000000052e-01,-4.613587295999999754e-02,-2.304218632000000141e-02
1.213621400000000072e+00,8.988064865999999542e-01,-4.292866512000000079e-02,-2.342839113000000015e-02
1.214006799999999942e+00,8.981731105000000381e-01,-3.948685606999999959e-02,-2.383683019999999902e-02
1.214395099999999950e+00,8.990579907000000315e-01,-3.708270357000000017e-02,-2.420107394000000148e-02
1.214787300000000014e+00,9.011360814000000108e-01,-3.458228983000000145e-02,-2.456158895999999842e-02
1.215181300000000020e+00,9.048103558000000213e-01,-3.213364526000000304e-02,-2.497408061999999845e-02
1.215578300000000000e+00,9.077096597999999572e-01,-2.966949699999999954e-02,-2.538369082999999971e-02
1.215977400000000097e+00,9.107992752000000358e-01,-2.717953240000000117e-02,-2.574415219999999851e-02
1.216378399999999971e+00,9.135764744000000048e-01,-2.446800588000000096e-02,-2.603846599999999969e-02
1.216780500000000043e+00,9.166346077999999453e-01,-2.189108533000000065e-02,-2.625218534000000117e-02
1.217183600000000032e+00,9.182462609000000553e-01,-1.923863466000000008e-02,-2.640794374999999930e-02
1.217587799999999998e+00,9.195026936000000317e-01,-1.722338224000000140e-02,-2.626449183000000021e-02
1.217991999999999964e+00,9.192995091000000230e-01,-1.569381981999999967e-02,-2.605660815000000047e-02
1.218396100000000093e+00,9.181537163999999862e-01,-1.447502986000000040e-02,-2.570336553999999843e-02
1.218799299999999919e+00,9.179696045999999887e-01,-1.325292804000000046e-02,-2.564246812999999847e-02
1.219202399999999908e+00,9.176514720999999764e-01,-1.281292547000000004e-02,-2.553148142999999912e-02
1.219605499999999898e+00,9.165205985000000055e-01,-1.323936069999999930e-02,-2.551369979000000024e-02
1.220007499999999911e+00,9.156055225000000464e-01,-1.402738310999999960e-02,-2.540278774999999920e-02
1.220409599999999983e+00,9.130254590999999920e-01,-1.579334618000000079e-02,-2.511676229000000052e-02
1.220812699999999973e+00,9.108511207999999693e-01,-1.877711031999999836e-02,-2.468362941000000130e-02
1.221215799999999962e+00,9.076470251999999572e-01,-2.229893980000000053e-02,-2.404973494999999850e-02
1.221619999999999928e+00,9.042688078999999712e-01,-2.602448750999999949e-02,-2.330396390999999942e-02
1.222025300000000092e+00,9.011339172000000231e-01,-2.975927881000000122e-02,-2.257231402999999859e-02
1.222431599999999952e+00,8.976509512000000468e-01,-3.370792532999999924e-02,-2.179522151000000060e-02
1.222838000000000092e+00,8.940596930999999969e-01,-3.695980945999999961e-02,-2.117187540999999895e-02
1.223245399999999927e+00,8.913662259000000310e-01,-3.974865774999999934e-02,-2.060742964999999829e-02
1.223654000000000019e+00,8.882351525999999664e-01,-4.213261573000000315e-02,-2.015186077999999922e-02
1.224062599999999890e+00,8.852968166000000361e-01,-4.492922209999999916e-02,-1.979247350999999849e-02
1.224472199999999900e+00,8.812095932000000298e-01,-4.757241294999999676e-02,-1.964885731000000010e-02
1.224881899999999968e+00,8.784672058000000394e-01,-4.963089562999999788e-02,-1.976527465000000108e-02
1.225291600000000036e+00,8.767698979000000392e-01,-5.113424736000000276e-02,-2.006663612999999916e-02
1.225701300000000105e+00,8.750761868999999971e-01,-5.304165935999999998e-02,-2.036708711999999852e-02
1.226110999999999951e+00,8.737722555000000391e-01,-5.447277530999999895e-02,-2.086160916999999990e-02
1.226519499999999985e+00,8.724235274999999623e-01,-5.630801367999999779e-02,-2.126270644999999834e-02
1.226926900000000042e+00,8.711054035999999945e-01,-5.833755102999999692e-02,-2.162095091999999968e-02
1.227333199999999902e+00,8.705495701000000031e-01,-6.039568616000000334e-02,-2.204153265000000084e-02
1.227738299999999949e+00,8.720662923999999983e-01,-6.232858128000000331e-02,-2.251241941000000149e-02
1.228141300000000102e+00,8.747049594000000372e-01,-6.377748041000000367e-02,-2.306120148000000147e-02
1.228542000000000023e+00,8.770659357000000211e-01,-6.589827145000000386e-02,-2.343036597999999943e-02
1.228940499999999991e+00,8.797023859000000501e-01,-6.847285591000000504e-02,-2.365521690999999871e-02
1.229335700000000031e+00,8.820208386000000234e-01,-7.096840692000000450e-02,-2.385123592999999903e-02
1.229727699999999979e+00,8.851650120999999816e-01,-7.336328057999999541e-02,-2.408861794999999847e-02
1.230117600000000033e+00,8.876302923000000122e-01,-7.560549990999999859e-02,-2.425228520999999846e-02
1.230504299999999995e+00,8.925889231000000423e-01,-7.798927330999999574e-02,-2.450318528999999995e-02
1.230887899999999924e+00,8.968894950000000366e-01,-7.985046684999999589e-02,-2.465759149999999927e-02
1.231268500000000099e+00,9.017785363000000443e-01,-8.123878739999999821e-02,-2.483657229000000091e-02
1.231646000000000019e+00,9.071737127000000234e-01,-8.224736738000000547e-02,-2.516312043999999887e-02
1.232020499999999963e+00,9.115223408000000527e-01,-8.283736376000000456e-02,-2.575469643000000142e-02
1.232393099999999908e+00,9.152914131999999592e-01,-8.267447389000000257e-02,-2.661694733999999882e-02
1.232763700000000018e+00,9.181643199000000255e-01,-8.194491524999999998e-02,-2.756295431999999934e-02
1.233132399999999906e+00,9.204775977000000386e-01,-8.115753889000000554e-02,-2.855635504999999921e-02
1.233499099999999959e+00,9.217221179000000264e-01,-8.110480951000000049e-02,-2.941992958000000033e-02
1.233864899999999931e+00,9.232584804000000256e-01,-8.199821775000000479e-02,-3.025489106000000053e-02
1.234228799999999904e+00,9.251486943000000185e-01,-8.336289740999999753e-02,-3.102271670000000120e-02
1.234591699999999959e+00,9.279388947000000165e-01,-8.541319734999999747e-02,-3.186855174000000068e-02
1.234953699999999932e+00,9.318199715999999633e-01,-8.774628151999999681e-02,-3.268638767999999806e-02
1.235314800000000046e+00,9.346067230000000281e-01,-9.020254782000000637e-02,-3.326249251999999906e-02
1.235674900000000020e+00,9.370433404000000355e-01,-9.246684758999999809e-02,-3.365149010000000052e-02
1.236034999999999995e+00,9.384739921000000429e-01,-9.470661712000000287e-02,-3.368237362999999818e-02
1.236394100000000051e+00,9.395881325999999589e-01,-9.615356518999999824e-02,-3.345892211999999810e-02
1.236753299999999944e+00,9.418123176999999568e-01,-9.743164504000000059e-02,-3.327304242999999662e-02
1.237112500000000059e+00,9.453790172999999575e-01,-9.827723091999999994e-02,-3.308372546999999858e-02
1.237471599999999894e+00,9.481211513999999729e-01,-9.909116809000000081e-02,-3.267668752999999815e-02
1.237830800000000009e+00,9.492901106000000144e-01,-9.987200573000000470e-02,-3.222809833000000318e-02
1.238189999999999902e+00,9.503566421000000375e-01,-1.001038038999999963e-01,-3.168439901999999669e-02
1.238550100000000098e+00,9.503728878999999630e-01,-9.992848646999999418e-02,-3.109885160000000134e-02
1.238911199999999990e+00,9.506224737999999785e-01,-9.949913721000000488e-02,-3.039231494000000158e-02
1.239273199999999964e+00,9.511317686000000382e-01,-9.910934121999999402e-02,-2.973621372000000151e-02
1.239636200000000077e+00,9.506673034999999494e-01,-9.846856578000000304e-02,-2.912117298999999937e-02
1.239999300000000027e+00,9.484820658999999488e-01,-9.735717349000000409e-02,-2.854530653999999903e-02
1.240363300000000057e+00,9.464431172999999697e-01,-9.581557208999999520e-02,-2.787147825000000148e-02
1.240728300000000006e+00,9.425072547999999717e-01,-9.395383140999999383e-02,-2.704449118999999874e-02
1.241093299999999955e+00,9.383351484999999936e-01,-9.207019633000000647e-02,-2.618745990999999870e-02
1.241459400000000102e+00,9.337008288999999461e-01,-9.015653646000000576e-02,-2.543996649000000027e-02
1.241825399999999968e+00,9.292126586000000188e-01,-8.837120719999999596e-02,-2.462399323999999931e-02
1.242191400000000057e+00,9.257043370999999965e-01,-8.653645252000000121e-02,-2.388053965999999834e-02
1.242558499999999899e+00,9.213331395999999618e-01,-8.453731226999999793e-02,-2.320029062999999850e-02
1.242927600000000021e+00,9.186605518999999553e-01,-8.251530516999999731e-02,-2.272431017999999858e-02
1.243298800000000037e+00,9.172466733999999899e-01,-8.047860540000000007e-02,-2.234380009000000097e-02
1.243672099999999947e+00,9.162328745000000163e-01,-7.804055499999999757e-02,-2.205989365999999965e-02
1.244046500000000055e+00,9.158974802999999554e-01,-7.523471643000000098e-02,-2.184701258999999923e-02
1.244423099999999893e+00,9.173281782000000106e-01,-7.261780149999999545e-02,-2.182721396000000119e-02
1.244801899999999906e+00,9.187542144000000466e-01,-6.983931089000000592e-02,-2.189633213999999869e-02
1.245182999999999929e+00,9.205987986000000456e-01,-6.687802314999999331e-02,-2.205686017000000124e-02
1.245565199999999928e+00,9.238329025999999500e-01,-6.415752420999999706e-02,-2.227467152000000075e-02
1.245949600000000101e+00,9.272091411999999755e-01,-6.171132188000000296e-02,-2.253262127000000073e-02
1.246335299999999924e+00,9.302443470000000270e-01,-5.952879240000000238e-02,-2.283471646000000133e-02
1.246722099999999944e+00,9.327728378999999848e-01,-5.746079315000000159e-02,-2.312107815999999913e-02
1.247111300000000034e+00,9.347001661999999600e-01,-5.526168188000000342e-02,-2.334829026999999876e-02
1.247501600000000099e+00,9.359163035999999991e-01,-5.321235509999999724e-02,-2.344172935999999999e-02
1.247893200000000036e+00,9.359400375999999966e-01,-5.154048366999999797e-02,-2.357619635999999921e-02
1.248286100000000065e+00,9.350664233000000047e-01,-4.992073567000000073e-02,-2.360257663000000020e-02
1.248680100000000071e+00,9.335499787000000049e-01,-4.878214360000000110e-02,-2.362606265000000150e-02
1.249075399999999947e+00,9.316885397999999929e-01,-4.823530781999999656e-02,-2.375136724999999879e-02
1.249473199999999951e+00,9.278287831000000541e-01,-4.763742336000000022e-02,-2.381019707000000055e-02
1.249873599999999918e+00,9.238906516999999541e-01,-4.679675775000000093e-02,-2.408281179999999938e-02
1.250276600000000071e+00,9.197350627000000500e-01,-4.545339047000000049e-02,-2.441216662999999912e-02
1.250682300000000025e+00,9.150019749000000147e-01,-4.415097182000000259e-02,-2.464547024999999905e-02
1.251092000000000093e+00,9.093042675000000408e-01,-4.264947473999999850e-02,-2.494707114999999975e-02
1.251504500000000020e+00,9.037007029000000413e-01,-4.116084183999999674e-02,-2.536287523999999904e-02
1.251919699999999969e+00,8.972899592999999951e-01,-3.946248202000000177e-02,-2.578456527000000040e-02
1.252337899999999893e+00,8.917541946999999469e-01,-3.742870080999999988e-02,-2.630479524000000138e-02
1.252758899999999898e+00,8.844364421999999504e-01,-3.604928523999999940e-02,-2.680912053000000100e-02
1.253181399999999890e+00,8.765157560999999875e-01,-3.536313163000000259e-02,-2.728302750999999846e-02
1.253603900000000104e+00,8.696338816999999999e-01,-3.512351619000000230e-02,-2.773704559999999944e-02
1.254024900000000109e+00,8.643052244000000162e-01,-3.538591691000000233e-02,-2.817574804000000030e-02
1.254445899999999892e+00,8.594735504999999609e-01,-3.608367657000000062e-02,-2.834595279000000009e-02
1.254865499999999967e+00,8.553363223000000071e-01,-3.782277312000000002e-02,-2.838196147999999877e-02
1.255283499999999997e+00,8.533585984999999541e-01,-3.988272519000000266e-02,-2.834537838999999851e-02
1.255698699999999945e+00,8.531833104999999584e-01,-4.220025881000000201e-02,-2.824559269999999886e-02
1.256112300000000070e+00,8.543846037000000226e-01,-4.522993027999999693e-02,-2.813703253000000154e-02
1.256523099999999893e+00,8.550503527999999687e-01,-4.754010237999999750e-02,-2.775982326000000014e-02
1.256932500000000008e+00,8.571238987000000531e-01,-5.007166899999999921e-02,-2.730172070000000048e-02
1.257338899999999926e+00,8.615447271999999712e-01,-5.232113599000000337e-02,-2.694417941999999871e-02
1.257743999999999973e+00,8.668848010999999909e-01,-5.517807546999999729e-02,-2.646635283999999866e-02
1.258146299999999940e+00,8.738327874000000328e-01,-5.828082787000000292e-02,-2.609926849000000076e-02
1.258547099999999919e+00,8.811986445999999695e-01,-6.071084680000000261e-02,-2.590823940000000145e-02
1.258947999999999956e+00,8.890916551999999973e-01,-6.292492582000000501e-02,-2.577169143000000023e-02
1.259347500000000064e+00,8.980878092999999840e-01,-6.499256669000000319e-02,-2.574598947000000110e-02
1.259745499999999963e+00,9.053815498999999711e-01,-6.723263822000000167e-02,-2.578681630999999849e-02
1.260138100000000039e+00,9.118927226999999913e-01,-6.963476288999999320e-02,-2.592995865000000122e-02
1.260526700000000000e+00,9.172269014999999692e-01,-7.207544628999999758e-02,-2.612534204999999998e-02
1.260911300000000068e+00,9.217792358999999935e-01,-7.439093494000000029e-02,-2.631511108999999918e-02
1.261292000000000080e+00,9.252862171000000302e-01,-7.661149494999999754e-02,-2.637256391000000061e-02
1.261670099999999906e+00,9.265091004000000074e-01,-7.886180707999999873e-02,-2.647608355000000135e-02
1.262045700000000048e+00,9.268209409000000010e-01,-8.087145862000000296e-02,-2.659222568000000134e-02
1.262418700000000005e+00,9.283705567000000158e-01,-8.309342502000000019e-02,-2.695881706000000100e-02
1.262790599999999985e+00,9.306859428000000545e-01,-8.560481308999999539e-02,-2.739599431000000127e-02
1.263161100000000037e+00,9.337029309000000055e-01,-8.878131143999999642e-02,-2.780626078000000140e-02
1.263531699999999924e+00,9.361002966000000480e-01,-9.235216142999999600e-02,-2.817234013000000092e-02
1.263901100000000000e+00,9.368775799999999876e-01,-9.632416825999999543e-02,-2.839295458000000091e-02
1.264269199999999982e+00,9.372406079999999751e-01,-1.000063092999999986e-01,-2.868425066000000051e-02
1.264636000000000093e+00,9.379956465000000021e-01,-1.036609257000000034e-01,-2.889161577000000022e-02
1.265001700000000007e+00,9.393596267999999583e-01,-1.068511077999999975e-01,-2.883626102000000010e-02
1.265366100000000049e+00,9.401506703999999992e-01,-1.093530404000000039e-01,-2.850782996999999888e-02
1.265729300000000057e+00,9.419493991999999816e-01,-1.116282432000000047e-01,-2.810310498000000157e-02
1.266091199999999972e+00,9.433749872000000147e-01,-1.129128164999999989e-01,-2.760628077000000166e-02
1.266451999999999911e+00,9.435176502000000021e-01,-1.134944330000000057e-01,-2.705882810000000138e-02
1.266812700000000014e+00,9.448858722999999848e-01,-1.137410586000000001e-01,-2.657504708000000063e-02
1.267172299999999918e+00,9.476802046000000201e-01,-1.133413068999999940e-01,-2.618861931000000115e-02
1.267531799999999986e+00,9.508139031000000241e-01,-1.120513801000000004e-01,-2.580498025000000153e-02
1.267891300000000054e+00,9.530908355999999637e-01,-1.103528785999999956e-01,-2.543902905999999992e-02
1.268250899999999959e+00,9.541665083999999464e-01,-1.082010961000000049e-01,-2.513067979999999979e-02
1.268610400000000027e+00,9.561742028999999921e-01,-1.065349102999999936e-01,-2.477784586000000150e-02
1.268971199999999966e+00,9.590414200000000333e-01,-1.056251764000000065e-01,-2.441921407000000044e-02
1.269333199999999939e+00,9.613209477999999919e-01,-1.047944484999999981e-01,-2.399257680999999920e-02
1.269695199999999913e+00,9.623917899999999692e-01,-1.039978074999999974e-01,-2.352287303999999954e-02
1.270058499999999979e+00,9.632539812999999507e-01,-1.031099555999999973e-01,-2.315065985999999881e-02
1.270423099999999916e+00,9.649939671999999691e-01,-1.026587749999999938e-01,-2.295686056000000030e-02
1.270788900000000110e+00,9.656044056000000486e-01,-1.021787549999999961e-01,-2.265520311999999828e-02
1.271156100000000011e+00,9.664923980999999831e-01,-1.019405716999999961e-01,-2.257759620000000106e-02
1.271524600000000005e+00,9.653963456999999915e-01,-1.018844554000000041e-01,-2.247239834000000144e-02
1.271894400000000092e+00,9.637688339000000104e-01,-1.016824676000000066e-01,-2.244671567999999978e-02
1.272264199999999956e+00,9.620539245000000461e-01,-1.013558816000000029e-01,-2.255265227000000094e-02
1.272635399999999972e+00,9.585561640999999966e-01,-1.008563613999999969e-01,-2.291448471999999945e-02
1.273007900000000081e+00,9.554689420999999960e-01,-1.004629719999999976e-01,-2.364155509999999946e-02
1.273383300000000107e+00,9.517975091000000498e-01,-9.936993549000000536e-02,-2.456602621999999861e-02
1.273760000000000003e+00,9.458401121999999717e-01,-9.840224585000000024e-02,-2.533289152000000113e-02
1.274138200000000110e+00,9.390346531000000052e-01,-9.751143936999999429e-02,-2.612037313999999999e-02
1.274517799999999923e+00,9.317778316000000505e-01,-9.601878430999999381e-02,-2.680247595999999885e-02
1.274900300000000097e+00,9.245618614999999707e-01,-9.440471752000000050e-02,-2.732044155000000127e-02
1.275282800000000050e+00,9.192322951000000408e-01,-9.241377600000000303e-02,-2.777291117000000101e-02
1.275665400000000060e+00,9.150585329999999518e-01,-9.060276166000000297e-02,-2.838934423999999943e-02
1.276046400000000025e+00,9.126382750000000543e-01,-8.876675160999999981e-02,-2.882564416000000032e-02
1.276427500000000048e+00,9.102715814999999822e-01,-8.676747272000000233e-02,-2.905207506000000162e-02
1.276807000000000025e+00,9.077428389999999681e-01,-8.512001197000000630e-02,-2.899086480999999924e-02
1.277186600000000061e+00,9.069914932000000540e-01,-8.306500660000000480e-02,-2.900750590999999837e-02
1.277564700000000109e+00,9.072770181999999517e-01,-8.071984723000000250e-02,-2.880807834000000123e-02
1.277941200000000110e+00,9.060190916999999455e-01,-7.817860073000000576e-02,-2.848032502999999979e-02
1.278317799999999949e+00,9.054633992999999714e-01,-7.541704415000000106e-02,-2.802545275999999974e-02
1.278692900000000021e+00,9.064330185000000206e-01,-7.234628164999999667e-02,-2.790973273999999837e-02
1.279066599999999942e+00,9.068399604000000336e-01,-6.974660441999999683e-02,-2.764830403999999839e-02
1.279438700000000040e+00,9.079556363999999880e-01,-6.687971323999999940e-02,-2.735794595000000037e-02
1.279809399999999986e+00,9.104060821999999664e-01,-6.356817845999999939e-02,-2.708043316000000034e-02
1.280178700000000003e+00,9.133233776000000415e-01,-5.989882887999999767e-02,-2.679593777000000010e-02
1.280546399999999974e+00,9.183312847000000279e-01,-5.620039168999999696e-02,-2.666675195999999859e-02
1.280914200000000003e+00,9.232479118999999956e-01,-5.261559099000000239e-02,-2.661937409999999907e-02
1.281280500000000044e+00,9.272815866000000407e-01,-4.930250798000000018e-02,-2.655575694999999861e-02
1.281646899999999922e+00,9.293319255999999973e-01,-4.685477192000000318e-02,-2.640663991999999891e-02
1.282011699999999976e+00,9.311176176000000027e-01,-4.439763981000000026e-02,-2.613954098000000059e-02
1.282375199999999937e+00,9.312556615000000537e-01,-4.205320323000000249e-02,-2.585514171000000139e-02
1.282738600000000062e+00,9.303990335999999806e-01,-4.041328903000000056e-02,-2.554748587000000085e-02
1.283100600000000036e+00,9.303456413999999786e-01,-3.953785575000000330e-02,-2.526343354999999874e-02
1.283463999999999938e+00,9.297563948999999495e-01,-3.981252753000000255e-02,-2.496102843000000057e-02
1.283827400000000063e+00,9.286478615000000048e-01,-4.059640919000000181e-02,-2.475256600000000015e-02
1.284193799999999941e+00,9.289344277000000094e-01,-4.209888208999999770e-02,-2.449986238000000094e-02
1.284561700000000029e+00,9.287878674999999751e-01,-4.396292730999999676e-02,-2.424667236999999975e-02
1.284932699999999928e+00,9.288186863999999821e-01,-4.632667669999999960e-02,-2.402767616000000064e-02
1.285306800000000083e+00,9.284398257000000543e-01,-4.889137992999999932e-02,-2.397322262999999898e-02
1.285684100000000107e+00,9.271017516999999764e-01,-5.136275218999999947e-02,-2.382272040000000049e-02
1.286066300000000107e+00,9.248894935000000483e-01,-5.365129736000000260e-02,-2.366436619999999838e-02
1.286451900000000093e+00,9.223415926000000375e-01,-5.603779876000000021e-02,-2.363142480999999920e-02
1.286842700000000006e+00,9.204815008000000187e-01,-5.827255370000000018e-02,-2.372229699999999983e-02
1.287236999999999965e+00,9.180541520999999650e-01,-5.988133738000000345e-02,-2.376502260999999866e-02
1.287635000000000085e+00,9.155624585999999621e-01,-6.182172686000000222e-02,-2.392051678000000139e-02
1.288036699999999923e+00,9.137469401000000158e-01,-6.350943396000000019e-02,-2.397255524999999943e-02
1.288444099999999981e+00,9.114751129999999479e-01,-6.532987597999999341e-02,-2.388273306999999859e-02
1.288853500000000096e+00,9.095940474000000497e-01,-6.681484094999999568e-02,-2.368744063000000066e-02
1.289266800000000046e+00,9.075772385000000497e-01,-6.823694884000000571e-02,-2.348339839000000012e-02
1.289674200000000104e+00,9.053774038999999885e-01,-6.916972217000000311e-02,-2.311565447000000009e-02
1.290077700000000105e+00,9.043867160999999877e-01,-6.964211033000000661e-02,-2.275120920000000060e-02
1.290475400000000050e+00,9.052143908999999988e-01,-6.951581713000000440e-02,-2.258178247999999971e-02
1.290869299999999997e+00,9.061780725000000425e-01,-6.859040678000000169e-02,-2.240181889999999856e-02
1.291257700000000064e+00,9.065125349999999527e-01,-6.728250662000000160e-02,-2.229349566999999990e-02
1.291642500000000027e+00,9.066830263999999806e-01,-6.644700862999999846e-02,-2.221523840000000014e-02
1.292023600000000050e+00,9.067021696999999492e-01,-6.585707939000000344e-02,-2.230105669000000124e-02
1.292401300000000086e+00,9.079189926999999827e-01,-6.564049640999999879e-02,-2.260552031999999920e-02
1.292777199999999960e+00,9.103201304000000382e-01,-6.588180390999999470e-02,-2.302281789999999911e-02
1.293151299999999893e+00,9.143036478999999606e-01,-6.656446743999999693e-02,-2.373628632999999835e-02
1.293523699999999943e+00,9.197078739999999808e-01,-6.707600420999999813e-02,-2.467951910999999915e-02
1.293896200000000052e+00,9.244607458000000388e-01,-6.820201331000000367e-02,-2.567529957000000071e-02
1.294266899999999998e+00,9.277178075999999995e-01,-7.009379632999999943e-02,-2.637233313000000162e-02
1.294635800000000003e+00,9.295773005999999894e-01,-7.278377178999999308e-02,-2.693836814999999926e-02
1.295003099999999963e+00,9.296232179000000206e-01,-7.590245824999999891e-02,-2.741555165000000155e-02
1.295370300000000086e+00,9.286254189999999520e-01,-7.938474918000000546e-02,-2.767966592999999975e-02
1.295735899999999940e+00,9.285823888999999998e-01,-8.271921344999999537e-02,-2.782985681000000114e-02
1.296099700000000077e+00,9.281674937999999653e-01,-8.594557020000000158e-02,-2.798857012000000033e-02
1.296461800000000109e+00,9.268265015000000107e-01,-8.935119202999999843e-02,-2.799437496999999941e-02
1.296823899999999918e+00,9.254759697000000118e-01,-9.248969611000000535e-02,-2.800676964999999907e-02
1.297184399999999904e+00,9.237849086999999626e-01,-9.522949818999999760e-02,-2.797951857000000042e-02
1.297544800000000054e+00,9.218856586000000464e-01,-9.764997443999999527e-02,-2.783167824999999845e-02
1.297905199999999981e+00,9.201510230999999651e-01,-9.921806105000000042e-02,-2.761075526000000141e-02
1.298265699999999967e+00,9.182132829000000385e-01,-1.000382407999999973e-01,-2.744697052999999984e-02
1.298626099999999894e+00,9.159473847000000335e-01,-1.006528602999999938e-01,-2.736593815999999874e-02
1.298986500000000044e+00,9.135573082000000289e-01,-1.009264790999999939e-01,-2.740899223999999912e-02
1.299348699999999912e+00,9.111253645000000345e-01,-1.007707573999999939e-01,-2.761734249999999932e-02
1.299710900000000002e+00,9.095349590000000317e-01,-1.008215464999999977e-01,-2.790059082999999870e-02
1.300074799999999975e+00,9.091070289999999554e-01,-1.003501462999999982e-01,-2.830372633000000082e-02
1.300438800000000006e+00,9.083039089000000121e-01,-1.001054227000000019e-01,-2.881779334999999900e-02
1.300802699999999978e+00,9.083188661000000108e-01,-9.976722523999999315e-02,-2.926530604000000119e-02
1.301168499999999950e+00,9.088318726999999875e-01,-9.917874716999999785e-02,-2.973489379999999863e-02
1.301534299999999922e+00,9.096052454999999926e-01,-9.886775879999999683e-02,-2.993363963000000155e-02
1.301901999999999893e+00,9.103262124000000011e-01,-9.850709792999999548e-02,-2.993257608999999944e-02
1.302271500000000026e+00,9.108210227999999908e-01,-9.769851213999999895e-02,-2.973705856000000147e-02
1.302641099999999996e+00,9.107400294999999923e-01,-9.685878708999999531e-02,-2.954812173000000153e-02
1.303010599999999908e+00,9.128811874000000159e-01,-9.613389643000000429e-02,-2.912747376999999874e-02
1.303380200000000100e+00,9.157949650000000164e-01,-9.524318801999999418e-02,-2.866226921000000066e-02
1.303749700000000011e+00,9.184321548999999640e-01,-9.469847084999999387e-02,-2.823383670000000067e-02
1.304119299999999981e+00,9.228257529000000181e-01,-9.407551145999999698e-02,-2.793205664999999852e-02
1.304488799999999893e+00,9.267128748999999832e-01,-9.321831520999999954e-02,-2.757687376999999954e-02
1.304858400000000085e+00,9.303518127000000026e-01,-9.258182229000000429e-02,-2.720145094000000000e-02
1.305227899999999996e+00,9.342565975000000078e-01,-9.212238622000000487e-02,-2.682674202999999966e-02
1.305597499999999966e+00,9.389819380999999687e-01,-9.139502720000000635e-02,-2.651405941999999960e-02
1.305967000000000100e+00,9.448799598999999549e-01,-9.013099898000000165e-02,-2.646149677999999963e-02
1.306336600000000070e+00,9.499309595999999578e-01,-8.921229945000000439e-02,-2.627607581000000053e-02
1.306708200000000097e+00,9.546480092000000361e-01,-8.800638488999999731e-02,-2.621318716999999909e-02
1.307079799999999903e+00,9.586970417000000300e-01,-8.658713789999999966e-02,-2.628578101999999930e-02
1.307453500000000046e+00,9.614804864999999534e-01,-8.462651067000000193e-02,-2.646942734000000061e-02
1.307829300000000083e+00,9.626453029999999522e-01,-8.269202476999999718e-02,-2.678917252999999873e-02
1.308207200000000014e+00,9.614214013999999864e-01,-8.056881231000000143e-02,-2.701324257999999923e-02
1.308587399999999956e+00,9.602926876999999806e-01,-7.796434256999999757e-02,-2.729161549000000062e-02
1.308972000000000024e+00,9.572993093999999648e-01,-7.502809203999999399e-02,-2.758003483999999991e-02
1.309358999999999940e+00,9.541773700000000247e-01,-7.205614180000000091e-02,-2.775979332000000008e-02
1.309748300000000087e+00,9.504196480000000058e-01,-6.872509859000000554e-02,-2.791743035999999858e-02
1.310142399999999929e+00,9.461028620000000444e-01,-6.522283589999999798e-02,-2.793002278000000088e-02
1.310538999999999898e+00,9.407073927000000335e-01,-6.128839013000000197e-02,-2.768527515000000078e-02
1.310938099999999995e+00,9.363335309000000439e-01,-5.738690099000000322e-02,-2.732795907000000121e-02
1.311339699999999997e+00,9.321195968000000054e-01,-5.390455361000000278e-02,-2.696172590000000049e-02
1.311746599999999985e+00,9.278669583999999970e-01,-5.107960232000000045e-02,-2.667167495999999902e-02
1.312156199999999995e+00,9.243170989000000226e-01,-4.865348863999999912e-02,-2.645422336000000096e-02
1.312571399999999944e+00,9.226809116999999949e-01,-4.668531581000000263e-02,-2.632338479000000120e-02
1.312992200000000054e+00,9.225998196000000373e-01,-4.554595763000000158e-02,-2.633503352999999950e-02
1.313418999999999892e+00,9.226731491999999868e-01,-4.501685980000000309e-02,-2.649621452999999932e-02
1.313848799999999928e+00,9.206471581999999820e-01,-4.477822055999999828e-02,-2.661182729000000080e-02
1.314284900000000089e+00,9.187896452999999575e-01,-4.473270456999999672e-02,-2.656314490999999930e-02
1.314724199999999898e+00,9.178918020999999872e-01,-4.545094499999999954e-02,-2.637902984999999922e-02
1.315163599999999988e+00,9.172710366999999865e-01,-4.654958371000000178e-02,-2.606236351999999951e-02
1.315602900000000020e+00,9.160349479999999600e-01,-4.780030467000000172e-02,-2.577074086999999944e-02
1.316042200000000051e+00,9.145447756000000261e-01,-4.911101190000000116e-02,-2.532459923000000140e-02
1.316484999999999905e+00,9.158362488000000301e-01,-5.112133028000000190e-02,-2.495506940999999909e-02
1.316924299999999937e+00,9.163608908000000497e-01,-5.347415967000000020e-02,-2.454072444999999894e-02
1.317360199999999981e+00,9.158316383000000283e-01,-5.598692108000000167e-02,-2.419220304999999960e-02
1.317789499999999947e+00,9.142587584000000378e-01,-5.848555625000000091e-02,-2.368845492000000094e-02
1.318215499999999984e+00,9.119814446999999769e-01,-6.032047290999999895e-02,-2.322525440999999996e-02
1.318635000000000002e+00,9.091744604999999479e-01,-6.214772268999999710e-02,-2.279727078000000004e-02
1.319048199999999893e+00,9.046056637999999595e-01,-6.366798725000000214e-02,-2.226887560000000155e-02
1.319458400000000031e+00,8.997412433000000487e-01,-6.477973072999999860e-02,-2.187643099999999827e-02
1.319862400000000102e+00,8.950410597000000301e-01,-6.568079354000000425e-02,-2.154362962000000090e-02
1.320260400000000001e+00,8.911088214000000285e-01,-6.680525464000000579e-02,-2.143108156999999972e-02
1.320655499999999982e+00,8.880761050000000045e-01,-6.759469749999999499e-02,-2.152805920000000137e-02
1.321044700000000072e+00,8.847051659000000345e-01,-6.830029454000000055e-02,-2.174036764999999830e-02
1.321431100000000081e+00,8.819236348000000225e-01,-6.895626588000000612e-02,-2.201199591999999927e-02
1.321814700000000009e+00,8.784921903000000309e-01,-6.950085681999999820e-02,-2.213153761999999899e-02
1.322195400000000021e+00,8.756793688999999770e-01,-7.003187852999999408e-02,-2.223264394999999866e-02
1.322573299999999952e+00,8.735756633000000271e-01,-7.050772154999999930e-02,-2.234230180999999954e-02
1.322951299999999941e+00,8.731864969000000531e-01,-7.081776080000000417e-02,-2.250633620999999834e-02
1.323326400000000014e+00,8.721839200000000014e-01,-7.139816769000000007e-02,-2.264478085000000071e-02
1.323698800000000064e+00,8.736779231000000312e-01,-7.207439884999999880e-02,-2.276738739999999844e-02
1.324071100000000056e+00,8.761825831999999759e-01,-7.317062356999999573e-02,-2.289445424000000062e-02
1.324443500000000107e+00,8.803058596999999708e-01,-7.456195509000000665e-02,-2.296214477000000156e-02
1.324813100000000077e+00,8.855294953000000246e-01,-7.642166222000000564e-02,-2.300330282000000170e-02
1.325182599999999988e+00,8.920225990000000271e-01,-7.832550513000000048e-02,-2.311680362999999835e-02
1.325552199999999958e+00,8.977810926000000524e-01,-8.040746004000000335e-02,-2.326554429999999965e-02
1.325921700000000092e+00,9.040191182000000270e-01,-8.233020050000000589e-02,-2.347758200000000031e-02
1.326288399999999923e+00,9.107037663999999477e-01,-8.343143261999999560e-02,-2.385175454999999972e-02
1.326655200000000034e+00,9.180485951000000311e-01,-8.408394446000000411e-02,-2.413246239000000140e-02
1.327021900000000088e+00,9.248042799000000258e-01,-8.492600966999999668e-02,-2.439325041999999832e-02
1.327385700000000002e+00,9.318018421999999523e-01,-8.548937595000000167e-02,-2.463158908999999938e-02
1.327749599999999974e+00,9.382698034999999992e-01,-8.547103291999999519e-02,-2.489462454000000019e-02
1.328113400000000111e+00,9.443543869999999618e-01,-8.479740833000000422e-02,-2.509806812000000067e-02
1.328477300000000083e+00,9.492633217999999484e-01,-8.374317164000000258e-02,-2.521824098000000069e-02
1.328841099999999997e+00,9.524652225999999944e-01,-8.259380718999999316e-02,-2.541604651000000173e-02
1.329204999999999970e+00,9.534438827000000227e-01,-8.120681775999999408e-02,-2.552959727999999998e-02
1.329571800000000081e+00,9.530099229999999810e-01,-8.004028048000000339e-02,-2.564640504000000043e-02
1.329938700000000029e+00,9.515550260999999788e-01,-7.927276999000000546e-02,-2.580997651999999976e-02
1.330305599999999977e+00,9.491404927000000047e-01,-7.852947273999999478e-02,-2.608799831999999985e-02
1.330672400000000088e+00,9.462662075000000117e-01,-7.825088546000000256e-02,-2.648087228999999876e-02
1.331042400000000070e+00,9.428847217000000391e-01,-7.833896908000000103e-02,-2.698254664000000053e-02
1.331412500000000110e+00,9.394554657999999447e-01,-7.875997777000000311e-02,-2.745711815000000111e-02
1.331782500000000091e+00,9.363950038999999670e-01,-7.885399713000000588e-02,-2.794067779000000001e-02
1.332155800000000001e+00,9.337185717999999524e-01,-7.891040892999999501e-02,-2.849000201999999857e-02
1.332529099999999911e+00,9.320750035999999517e-01,-7.915032683000000624e-02,-2.919847096000000031e-02
1.332905900000000088e+00,9.315251745000000527e-01,-7.858389601000000113e-02,-2.993576682999999836e-02
1.333282599999999984e+00,9.308678628000000010e-01,-7.791547366999999891e-02,-3.081840517000000029e-02
1.333659399999999939e+00,9.289662369000000197e-01,-7.697524878000000514e-02,-3.163934629000000193e-02
1.334039699999999939e+00,9.246449145999999786e-01,-7.571415402999999433e-02,-3.240342168000000245e-02
1.334420099999999998e+00,9.191835501999999769e-01,-7.448418745000000285e-02,-3.301586212999999687e-02
1.334804099999999938e+00,9.119256829999999869e-01,-7.305930018999999553e-02,-3.338302264999999658e-02
1.335188199999999936e+00,9.038334400999999962e-01,-7.223114593000000416e-02,-3.358811247000000055e-02
1.335576099999999933e+00,8.998169391000000461e-01,-7.133763796000000545e-02,-3.361340477000000077e-02
1.335964099999999988e+00,8.987710584000000447e-01,-7.020666881999999831e-02,-3.345864424000000170e-02
1.336356099999999936e+00,8.994809353999999590e-01,-6.788437625000000308e-02,-3.320776096999999982e-02
1.336748100000000106e+00,9.002789615999999828e-01,-6.511249101999999622e-02,-3.255186027999999732e-02
1.337140100000000054e+00,9.034111307000000091e-01,-6.224790460000000081e-02,-3.157450036000000043e-02
1.337536300000000011e+00,9.051880454999999825e-01,-5.902743469999999909e-02,-3.023835797000000089e-02
1.337932499999999969e+00,9.073626763000000039e-01,-5.576846859000000184e-02,-2.875309931999999943e-02
1.338328799999999985e+00,9.093831974999999623e-01,-5.228176325000000180e-02,-2.736027854000000134e-02
1.338729499999999906e+00,9.095458078000000501e-01,-4.906691985000000145e-02,-2.592287667000000087e-02
1.339130300000000107e+00,9.109933353000000400e-01,-4.577397426999999658e-02,-2.457356617999999909e-02
1.339535799999999943e+00,9.124808246000000178e-01,-4.316555156000000115e-02,-2.343985730999999934e-02
1.339941199999999943e+00,9.143878006000000225e-01,-4.153772929999999947e-02,-2.249941441999999889e-02
1.340351599999999976e+00,9.156365434000000025e-01,-3.977517551999999734e-02,-2.167988209000000152e-02
1.340762000000000009e+00,9.177443466000000383e-01,-3.828417710999999779e-02,-2.104101372999999872e-02
1.341172500000000101e+00,9.183113139999999897e-01,-3.693898421999999848e-02,-2.069854314999999834e-02
1.341582899999999912e+00,9.194178456999999582e-01,-3.515031862000000257e-02,-2.047194314000000057e-02
1.341993299999999945e+00,9.187261244000000104e-01,-3.308078381000000012e-02,-2.028740520000000061e-02
1.342403699999999978e+00,9.172919006999999958e-01,-3.132804503000000129e-02,-2.019683934999999889e-02
1.342814100000000010e+00,9.162526370000000364e-01,-2.983844494000000014e-02,-2.000244298000000004e-02
1.343224500000000043e+00,9.165796582999999886e-01,-2.875199418000000048e-02,-1.982479020000000106e-02
1.343634900000000076e+00,9.158741929999999476e-01,-2.811518078999999948e-02,-1.983565081000000091e-02
1.344045300000000109e+00,9.138680047999999667e-01,-2.839761277000000042e-02,-2.000458554999999874e-02
1.344455699999999920e+00,9.115285228999999712e-01,-2.888836104000000113e-02,-2.017224890999999923e-02
1.344872000000000067e+00,9.076323018999999936e-01,-3.035330849000000136e-02,-2.037079001000000056e-02
1.345288299999999992e+00,9.049826088000000324e-01,-3.259193422000000034e-02,-2.060973005000000038e-02
1.345704599999999918e+00,9.011628608999999734e-01,-3.456213897999999701e-02,-2.072195530000000077e-02
1.346120800000000006e+00,8.985886287000000028e-01,-3.641351262999999866e-02,-2.083441780999999854e-02
1.346543499999999893e+00,8.965591995999999675e-01,-3.826008569000000081e-02,-2.102421394000000138e-02
1.346966200000000002e+00,8.959003868999999565e-01,-4.001144594000000110e-02,-2.113360945000000019e-02
1.347388899999999889e+00,8.955836996999999577e-01,-4.173509385000000182e-02,-2.127022187999999883e-02
1.347811499999999940e+00,8.944996183000000212e-01,-4.330707060999999802e-02,-2.122884615999999849e-02
1.348227400000000076e+00,8.932074315000000375e-01,-4.516983394000000096e-02,-2.121045687999999901e-02
1.348636600000000074e+00,8.927843841999999475e-01,-4.668288864000000316e-02,-2.128321812999999993e-02
1.349039099999999936e+00,8.916774613000000294e-01,-4.778634977000000006e-02,-2.113032624000000040e-02
1.349435200000000057e+00,8.898877977000000383e-01,-4.864883521999999877e-02,-2.082219249999999952e-02
1.349831199999999898e+00,8.868451228000000519e-01,-4.958611252000000302e-02,-2.050683633000000006e-02
1.350220799999999999e+00,8.852056931999999767e-01,-5.081879924999999770e-02,-2.022484567999999899e-02
1.350603999999999916e+00,8.852162953000000112e-01,-5.215699163999999721e-02,-2.009390218000000131e-02
1.350987200000000055e+00,8.841141059999999552e-01,-5.320337672000000073e-02,-2.014606307000000110e-02
1.351364000000000010e+00,8.835477959999999964e-01,-5.428187895000000096e-02,-2.016568713999999929e-02
1.351740799999999965e+00,8.822448519000000156e-01,-5.518369075000000012e-02,-2.025872748999999959e-02
1.352111199999999958e+00,8.825799282999999829e-01,-5.582632995000000320e-02,-2.030244914000000137e-02
1.352481599999999951e+00,8.828549060999999476e-01,-5.648209634999999673e-02,-2.040251428999999977e-02
1.352845599999999981e+00,8.848614836999999511e-01,-5.691137486000000245e-02,-2.055341144999999967e-02
1.353209600000000012e+00,8.874570381999999924e-01,-5.739485750000000025e-02,-2.081969897999999888e-02
1.353573600000000043e+00,8.901186094999999909e-01,-5.773347741999999838e-02,-2.122474984000000120e-02
1.353931199999999890e+00,8.943440711000000265e-01,-5.829915466999999879e-02,-2.158623893999999863e-02
1.354288699999999901e+00,8.974931940000000496e-01,-5.880602710999999899e-02,-2.198459845000000010e-02
1.354646199999999912e+00,9.023677528000000336e-01,-5.912526155000000228e-02,-2.244965192000000082e-02
1.355003699999999922e+00,9.082905062999999668e-01,-5.935817079999999857e-02,-2.286889291000000074e-02
1.355361199999999933e+00,9.137555574000000291e-01,-5.939082495999999795e-02,-2.334077467999999891e-02
1.355718800000000002e+00,9.174700149000000193e-01,-5.974103842999999719e-02,-2.368223418000000094e-02
1.356076300000000012e+00,9.191197524999999979e-01,-6.015104033000000239e-02,-2.375276298999999883e-02
1.356433800000000023e+00,9.202110403000000050e-01,-6.111165487999999785e-02,-2.368356270000000069e-02
1.356791300000000033e+00,9.205980727000000474e-01,-6.222228402999999824e-02,-2.356993405999999874e-02
1.357148900000000102e+00,9.214769332000000146e-01,-6.344270583000000130e-02,-2.340842633999999992e-02
1.357506399999999891e+00,9.210506444999999598e-01,-6.499416131999999346e-02,-2.320565889999999867e-02
1.357863899999999902e+00,9.195161509999999483e-01,-6.643881320000000201e-02,-2.304565730999999854e-02
1.358221399999999912e+00,9.187096029000000330e-01,-6.758304895000000201e-02,-2.297625639000000150e-02
1.358578899999999923e+00,9.178553778000000385e-01,-6.865220400999999528e-02,-2.293282216999999873e-02
1.358936499999999992e+00,9.161895802999999727e-01,-6.924687269000000256e-02,-2.296570025999999931e-02
1.359294000000000002e+00,9.152890379000000465e-01,-7.036187091999999976e-02,-2.305166596999999942e-02
1.359651500000000013e+00,9.143655125999999855e-01,-7.163655818000000397e-02,-2.318848551999999966e-02
1.360009000000000023e+00,9.140516344000000348e-01,-7.300647958000000548e-02,-2.338576652000000020e-02
1.360366600000000092e+00,9.139287297999999504e-01,-7.430887915000000676e-02,-2.367329993999999979e-02
1.360724100000000103e+00,9.149675041999999481e-01,-7.524420033999999757e-02,-2.401783047000000115e-02
1.361081599999999892e+00,9.164575131000000097e-01,-7.573153599000000125e-02,-2.442966498000000153e-02
1.361439099999999902e+00,9.184373096000000292e-01,-7.574386416999999427e-02,-2.492190555000000154e-02
1.361796599999999913e+00,9.202928513000000477e-01,-7.567984434999999732e-02,-2.544542760000000070e-02
1.362154199999999982e+00,9.214922647000000078e-01,-7.594980779000000404e-02,-2.575284338999999853e-02
1.362511699999999992e+00,9.221860854000000218e-01,-7.628372247999999634e-02,-2.601472535000000016e-02
1.362869200000000003e+00,9.226121008000000012e-01,-7.642410632000000426e-02,-2.602388574999999968e-02
1.363226700000000013e+00,9.224763410999999858e-01,-7.631939671000000092e-02,-2.597185010999999988e-02
1.363584300000000082e+00,9.214085891000000084e-01,-7.633549047000000309e-02,-2.571052659000000115e-02
1.363941800000000093e+00,9.207410323000000396e-01,-7.640622682000000609e-02,-2.520629296000000130e-02
1.364299300000000104e+00,9.198333920000000274e-01,-7.667374791000000633e-02,-2.458160065000000033e-02
1.364656799999999892e+00,9.186262528999999954e-01,-7.692565077999999335e-02,-2.384649834999999843e-02
1.365029199999999943e+00,9.166418971999999998e-01,-7.695661415000000505e-02,-2.316225213000000158e-02
1.365401700000000051e+00,9.168702112000000071e-01,-7.675888328999999621e-02,-2.263820352000000050e-02
1.365774100000000102e+00,9.181402100000000122e-01,-7.666902345999999924e-02,-2.232171995999999992e-02
1.366146499999999930e+00,9.193179045999999577e-01,-7.675758532000000189e-02,-2.194907502000000010e-02
1.366518899999999981e+00,9.207478326000000379e-01,-7.686212336999999339e-02,-2.170280804000000036e-02
1.366911999999999905e+00,9.223032601999999747e-01,-7.720221083000000650e-02,-2.141466440999999915e-02
1.367305100000000051e+00,9.241024423000000487e-01,-7.713386950999999436e-02,-2.117470427000000058e-02
1.367698199999999975e+00,9.265784378000000432e-01,-7.698475577999999708e-02,-2.092627675000000020e-02
1.368091299999999899e+00,9.281091873000000270e-01,-7.666332998000000010e-02,-2.081053600000000101e-02
1.368484500000000104e+00,9.280088585000000334e-01,-7.598523199999999977e-02,-2.067538879999999968e-02
1.368877600000000028e+00,9.264806067999999950e-01,-7.422649191999999840e-02,-2.051253054000000062e-02
1.369270699999999952e+00,9.241292821000000046e-01,-7.248412125000000539e-02,-2.035930165999999888e-02
1.369663800000000098e+00,9.204764882000000537e-01,-7.038063766999999582e-02,-2.040292802999999974e-02
1.370056900000000022e+00,9.168285797999999875e-01,-6.812794178000000644e-02,-2.053911419999999988e-02
1.370449999999999946e+00,9.129473760999999854e-01,-6.573897590999999707e-02,-2.071056066999999931e-02
1.370843100000000092e+00,9.079386000000000401e-01,-6.330431044999999812e-02,-2.080801410999999837e-02
1.371236200000000016e+00,9.027545009999999870e-01,-6.084107258000000240e-02,-2.094583941000000005e-02
1.371629299999999940e+00,8.973228038999999656e-01,-5.847386893999999974e-02,-2.098155306000000150e-02
1.372022400000000086e+00,8.939555063999999884e-01,-5.613299655000000138e-02,-2.120461095999999837e-02
1.372415500000000010e+00,8.910394523000000344e-01,-5.352683854000000324e-02,-2.145868276000000019e-02
1.372808699999999993e+00,8.887678690000000437e-01,-5.152885218000000100e-02,-2.172101518000000078e-02
1.373201799999999917e+00,8.866711846000000508e-01,-5.015990294000000072e-02,-2.186238240000000152e-02
1.373594870000000023e+00,8.860152747999999745e-01,-4.873996497000000067e-02,-2.213804558999999880e-02
1.374010500000000023e+00,8.850589756000000197e-01,-4.748979784000000037e-02,-2.249903414999999962e-02
1.374428559999999910e+00,8.882933332000000348e-01,-4.612695349999999805e-02,-2.306873934999999903e-02
1.374849090000000107e+00,8.907112019999999797e-01,-4.497974125999999739e-02,-2.356008726000000109e-02
1.375272470000000080e+00,8.926639000999999629e-01,-4.435682609000000248e-02,-2.389067553999999968e-02
1.375698389999999938e+00,8.931354199000000049e-01,-4.425256300000000170e-02,-2.387287895999999979e-02
1.376122850000000009e+00,8.931928273999999446e-01,-4.450349432999999716e-02,-2.382928390999999868e-02
1.376544079999999948e+00,8.925087080000000395e-01,-4.521954890999999727e-02,-2.360196338000000033e-02
1.376962119999999956e+00,8.911183476999999797e-01,-4.616374473999999839e-02,-2.332565973000000001e-02
1.377377019999999952e+00,8.892343025000000178e-01,-4.717320972999999862e-02,-2.318421404999999880e-02
1.377788479999999982e+00,8.872111085999999647e-01,-4.817028296999999876e-02,-2.306421906999999924e-02
1.378196879999999958e+00,8.847938871999999622e-01,-4.953758198000000196e-02,-2.277200111999999957e-02
1.378602619999999890e+00,8.814340805000000501e-01,-5.100675229999999949e-02,-2.238859617000000038e-02
1.379005700000000001e+00,8.780258024000000550e-01,-5.245829051999999909e-02,-2.208574577000000164e-02
1.379406509999999919e+00,8.761707624000000250e-01,-5.430457880000000292e-02,-2.191470414000000130e-02
1.379805689999999974e+00,8.756292869999999784e-01,-5.625795790000000240e-02,-2.173488415000000146e-02
1.380203590000000036e+00,8.749290486999999894e-01,-5.819149565000000107e-02,-2.148802111999999903e-02
1.380600840000000051e+00,8.745694770999999923e-01,-5.988965941999999792e-02,-2.136320283000000056e-02
1.380997779999999953e+00,8.743878288999999970e-01,-6.148042366999999925e-02,-2.144276691999999832e-02
1.381395029999999968e+00,8.739755906999999713e-01,-6.251795675000000607e-02,-2.144322376999999863e-02
1.381792930000000030e+00,8.738292319999999558e-01,-6.298061987000000417e-02,-2.152310845000000167e-02
1.382189539999999939e+00,8.748360874999999703e-01,-6.366610744999999516e-02,-2.151852349000000011e-02
1.382582039999999957e+00,8.754720923000000044e-01,-6.413056779999999624e-02,-2.158000042999999937e-02
1.382970809999999995e+00,8.745393906999999745e-01,-6.416495412000000620e-02,-2.162291369999999949e-02
1.383356519999999978e+00,8.731206928000000422e-01,-6.407477917999999939e-02,-2.158856879999999923e-02
1.383739819999999954e+00,8.718004328999999775e-01,-6.401869441999999411e-02,-2.134027268999999852e-02
1.384121319999999988e+00,8.718263887999999628e-01,-6.380137757999999881e-02,-2.103011735999999951e-02
1.384501650000000028e+00,8.716892547000000269e-01,-6.366569571999999844e-02,-2.059244202000000065e-02
1.384881079999999987e+00,8.723012127999999477e-01,-6.372819855000000366e-02,-1.998078513000000125e-02
1.385259639999999903e+00,8.738962784999999567e-01,-6.361739397000000518e-02,-1.931774210000000019e-02
1.385637599999999914e+00,8.761835817999999998e-01,-6.366471707000000146e-02,-1.865191580999999918e-02
1.386014700000000044e+00,8.786448886000000069e-01,-6.383664290000000407e-02,-1.795003963000000105e-02
1.386390629999999957e+00,8.820122691999999764e-01,-6.450742636999999557e-02,-1.715768607000000071e-02
1.386765110000000023e+00,8.846033621000000124e-01,-6.480564442000000258e-02,-1.642234231000000086e-02
1.387138449999999912e+00,8.864518029000000299e-01,-6.507640352999999322e-02,-1.595302012999999866e-02
1.387510639999999906e+00,8.884774443999999827e-01,-6.490973060000000683e-02,-1.560153404999999917e-02
1.387881979999999960e+00,8.908514750999999565e-01,-6.451512759999999957e-02,-1.532029730999999971e-02
1.388252470000000072e+00,8.934757047000000396e-01,-6.402577351999999555e-02,-1.516581109000000004e-02
1.388622390000000095e+00,8.957686004999999563e-01,-6.321109111999999308e-02,-1.517969140000000050e-02
1.388991759999999909e+00,8.974156298000000032e-01,-6.217070578000000181e-02,-1.516970399999999913e-02
1.389360839999999930e+00,8.984849357999999953e-01,-6.078336240999999973e-02,-1.524324665999999932e-02
1.389729919999999952e+00,8.981638004999999980e-01,-5.948603334000000104e-02,-1.531062222999999937e-02
1.390098999999999974e+00,8.952616504999999503e-01,-5.778761786000000122e-02,-1.536722561000000015e-02
1.390468639999999922e+00,8.935928104999999455e-01,-5.588384830999999775e-02,-1.536429796999999944e-02
1.390838859999999899e+00,8.916337211999999512e-01,-5.425447753999999845e-02,-1.532609614000000030e-02
1.391209920000000100e+00,8.900786621999999815e-01,-5.252207620999999743e-02,-1.541864232000000022e-02
1.391582129999999973e+00,8.903664717999999478e-01,-5.130275698000000273e-02,-1.550198472000000049e-02
1.391955499999999901e+00,8.892541525999999585e-01,-5.023993744000000011e-02,-1.549564156000000047e-02
1.392330019999999946e+00,8.887546000999999585e-01,-4.927108826999999913e-02,-1.553732457999999934e-02
1.392705719999999925e+00,8.889025251000000072e-01,-4.841764663999999913e-02,-1.559095832000000070e-02
1.393082879999999912e+00,8.899222378000000155e-01,-4.782898762999999998e-02,-1.592621621000000001e-02
1.393461840000000063e+00,8.918155679000000502e-01,-4.708791134999999739e-02,-1.640048418999999827e-02
1.393842290000000039e+00,8.939841748000000310e-01,-4.648773083999999806e-02,-1.703485688999999831e-02
1.394224869999999949e+00,8.953263645000000270e-01,-4.637345175000000264e-02,-1.782144022999999911e-02
1.394609599999999894e+00,8.966742451000000447e-01,-4.638536339999999730e-02,-1.872603593999999996e-02
1.394996810000000087e+00,8.975053108999999640e-01,-4.696942978000000213e-02,-1.961565045000000090e-02
1.395386870000000057e+00,8.984306321999999678e-01,-4.737386126999999780e-02,-2.051947823999999976e-02
1.395780129999999897e+00,8.992807163999999576e-01,-4.784525204000000115e-02,-2.126317818000000165e-02
1.396176330000000076e+00,9.006714639999999772e-01,-4.833867249999999893e-02,-2.194321073999999996e-02
1.396574179999999998e+00,9.015228455999999557e-01,-4.911274454999999678e-02,-2.264642212999999973e-02
1.396973360000000053e+00,9.012871099000000497e-01,-4.943413672000000064e-02,-2.328575541999999832e-02
1.397373879999999957e+00,9.015803186999999941e-01,-4.999076336000000259e-02,-2.387703740999999949e-02
1.397775750000000095e+00,9.008926684000000407e-01,-5.051823702000000221e-02,-2.432445630999999914e-02
1.398178649999999967e+00,9.009988642999999797e-01,-5.108762415999999751e-02,-2.457508216000000092e-02
1.398582910000000012e+00,9.003077838999999916e-01,-5.165351290999999762e-02,-2.461685515999999935e-02
1.398988560000000048e+00,8.978973262999999649e-01,-5.202540566000000283e-02,-2.433704361000000108e-02
1.399395249999999979e+00,8.958274754999999701e-01,-5.220128585000000099e-02,-2.399307258000000012e-02
1.399802640000000098e+00,8.935190737000000549e-01,-5.222123379000000176e-02,-2.356945599000000169e-02
1.400210729999999959e+00,8.903659914999999536e-01,-5.222083678000000173e-02,-2.304305184999999936e-02
1.400618109999999916e+00,8.877868975999999579e-01,-5.257580240000000321e-02,-2.254666014000000079e-02
1.401025149999999941e+00,8.854144695000000231e-01,-5.329603898000000173e-02,-2.194440564000000107e-02
1.401431840000000095e+00,8.842685388000000035e-01,-5.395419660999999784e-02,-2.142002759000000145e-02
1.401838520000000088e+00,8.832583675999999828e-01,-5.410144263000000314e-02,-2.086049120999999840e-02
1.402245210000000020e+00,8.811855844999999521e-01,-5.416045173999999712e-02,-2.013913079000000106e-02
1.402652250000000045e+00,8.780294913999999729e-01,-5.431666325000000101e-02,-1.940030137000000113e-02
1.403059990000000035e+00,8.740999968999999536e-01,-5.467663066999999683e-02,-1.868424977000000126e-02
1.403468090000000057e+00,8.713519583000000068e-01,-5.521031519999999859e-02,-1.814037694999999853e-02
1.403876179999999918e+00,8.683010863000000246e-01,-5.574652989000000031e-02,-1.781621468999999847e-02
1.404284279999999940e+00,8.660543683000000437e-01,-5.587218004999999765e-02,-1.786333004000000002e-02
1.404692379999999963e+00,8.651774509999999863e-01,-5.562739389000000145e-02,-1.823680017999999847e-02
1.405100470000000046e+00,8.654608239000000092e-01,-5.497132086999999973e-02,-1.867709173000000125e-02
1.405508210000000036e+00,8.666336175000000086e-01,-5.403999946000000165e-02,-1.927257326999999923e-02
1.405915599999999932e+00,8.675060765000000007e-01,-5.265672732999999994e-02,-2.000121771999999881e-02
1.406322630000000018e+00,8.707429647000000106e-01,-5.111394385000000290e-02,-2.088449065000000035e-02
1.406728949999999978e+00,8.743780008999999520e-01,-4.983328936999999875e-02,-2.181845791999999923e-02
1.407134220000000102e+00,8.782130830000000055e-01,-4.839931132999999996e-02,-2.265779107999999972e-02
1.407538430000000007e+00,8.824028400000000216e-01,-4.677439491000000282e-02,-2.337868561999999900e-02
1.407941249999999922e+00,8.849479523000000070e-01,-4.517841916999999763e-02,-2.383761195000000041e-02
1.408342329999999976e+00,8.871478132000000238e-01,-4.390790431000000243e-02,-2.425189703000000044e-02
1.408741339999999953e+00,8.885345107000000020e-01,-4.322096901999999963e-02,-2.459300945999999891e-02
1.409138309999999894e+00,8.894721937999999772e-01,-4.331191406999999882e-02,-2.473170544000000137e-02
1.409532589999999974e+00,8.894763561999999846e-01,-4.372546497000000254e-02,-2.463069123000000138e-02
1.409924200000000072e+00,8.895548242999999911e-01,-4.423733333999999712e-02,-2.454636424000000011e-02
1.410313190000000105e+00,8.894466226999999670e-01,-4.521187956000000119e-02,-2.451037123999999859e-02
1.410699579999999953e+00,8.896525895000000350e-01,-4.629593526999999792e-02,-2.455103838000000094e-02
1.411083410000000038e+00,8.897419612000000422e-01,-4.753166639999999860e-02,-2.467320981999999996e-02
1.411465020000000070e+00,8.891156571999999647e-01,-4.908088789000000091e-02,-2.484385251000000017e-02
1.411844740000000042e+00,8.890722976999999583e-01,-5.056937839000000268e-02,-2.521760639000000109e-02
1.412222609999999934e+00,8.904439562000000530e-01,-5.200174226999999816e-02,-2.582511737000000099e-02
1.412598929999999919e+00,8.913908345000000066e-01,-5.316379054999999937e-02,-2.658845773000000079e-02
1.412974340000000106e+00,8.912610965999999690e-01,-5.422538451000000204e-02,-2.726045234999999872e-02
1.413349130000000065e+00,8.885648110999999627e-01,-5.450247017999999832e-02,-2.782890429999999860e-02
1.413723920000000023e+00,8.858076502999999713e-01,-5.466659925999999697e-02,-2.810421072999999895e-02
1.414099020000000095e+00,8.825622464000000278e-01,-5.447695849999999868e-02,-2.818745665000000136e-02
1.414471990000000012e+00,8.799202550000000400e-01,-5.483694170000000256e-02,-2.820026088000000125e-02
1.414842249999999968e+00,8.775222203000000443e-01,-5.499730057999999838e-02,-2.819143320999999841e-02
1.415210429999999908e+00,8.764255033000000195e-01,-5.533485664999999998e-02,-2.819864088000000046e-02
1.415576839999999947e+00,8.758992100000000391e-01,-5.581850720999999987e-02,-2.807161441000000091e-02
1.415942089999999931e+00,8.764726864999999867e-01,-5.652950152999999811e-02,-2.798457904999999968e-02
1.416306459999999934e+00,8.769670202999999553e-01,-5.726332538000000055e-02,-2.774787101000000117e-02
1.416669970000000056e+00,8.780315652000000304e-01,-5.830156959999999861e-02,-2.744210118000000101e-02
1.417032889999999989e+00,8.791188206000000172e-01,-5.956769202000000013e-02,-2.699871204000000094e-02
1.417395240000000056e+00,8.808410814999999561e-01,-6.060813218000000308e-02,-2.652957948999999996e-02
1.417757020000000034e+00,8.818827611999999760e-01,-6.156715654000000093e-02,-2.610904816999999947e-02
1.418118219999999985e+00,8.825804352999999658e-01,-6.225973743999999727e-02,-2.562772751000000002e-02
1.418479419999999935e+00,8.831444502999999946e-01,-6.272496469999999658e-02,-2.499279483999999885e-02
1.418840909999999900e+00,8.843737635999999736e-01,-6.277516885999999408e-02,-2.430041754000000082e-02
1.419202979999999892e+00,8.860665306999999657e-01,-6.284104044999999639e-02,-2.350529439000000054e-02
1.419566200000000000e+00,8.874392244000000041e-01,-6.250352174999999899e-02,-2.270649816000000140e-02
1.419930300000000090e+00,8.888024006000000421e-01,-6.164228808999999698e-02,-2.188754450999999893e-02
1.420294689999999971e+00,8.891368675999999915e-01,-6.013319778000000143e-02,-2.118523863999999951e-02
1.420659370000000088e+00,8.888403716999999649e-01,-5.878081387999999768e-02,-2.045777734000000028e-02
1.421024349999999936e+00,8.883974565000000156e-01,-5.766700033000000253e-02,-1.971974467000000078e-02
1.421389620000000020e+00,8.886732255000000524e-01,-5.688943911000000214e-02,-1.905652935000000034e-02
1.421755179999999896e+00,8.887990383999999633e-01,-5.612557341999999810e-02,-1.842142596999999868e-02
1.422121050000000109e+00,8.892244298999999463e-01,-5.532778189999999763e-02,-1.774920170999999894e-02
1.422487199999999952e+00,8.891214921000000215e-01,-5.403122702999999666e-02,-1.723030266999999935e-02
1.422853659999999909e+00,8.900072847000000120e-01,-5.264373141999999922e-02,-1.657910246000000171e-02
1.423221010000000009e+00,8.906041247999999522e-01,-5.113423641999999963e-02,-1.614881614000000104e-02
1.423588969999999954e+00,8.909794157000000547e-01,-4.927498987000000080e-02,-1.560641337000000066e-02
1.423958430000000108e+00,8.903679732000000513e-01,-4.697212450999999761e-02,-1.500234653999999931e-02
1.424329420000000068e+00,8.898761332000000301e-01,-4.387734003000000327e-02,-1.439351164000000037e-02
1.424702249999999948e+00,8.900065131000000074e-01,-4.031129838999999992e-02,-1.386346534999999963e-02
1.425077270000000063e+00,8.909072470000000132e-01,-3.656450499999999715e-02,-1.327048037000000055e-02
1.425454489999999907e+00,8.914843346999999918e-01,-3.234220482999999868e-02,-1.278665963999999974e-02
1.425833949999999906e+00,8.928460950000000063e-01,-2.863593558000000067e-02,-1.228566988000000075e-02
1.426215669999999935e+00,8.944238716000000311e-01,-2.504620609999999928e-02,-1.203929435000000020e-02
1.426599359999999983e+00,8.962512691999999781e-01,-2.158888948999999891e-02,-1.178826655999999987e-02
1.426985029999999988e+00,8.973340510999999742e-01,-1.792143817000000153e-02,-1.156896018000000068e-02
1.427372040000000064e+00,8.990322831999999487e-01,-1.496607089000000050e-02,-1.122685600000000034e-02
1.427760399999999930e+00,9.014853640000000112e-01,-1.237618694000000054e-02,-1.102065816999999934e-02
1.428149770000000096e+00,9.040632428999999526e-01,-1.038866798999999938e-02,-1.086545983999999930e-02
1.428540169999999998e+00,9.061108023999999705e-01,-8.868762501999999381e-03,-1.080674757000000055e-02
1.428931600000000079e+00,9.080049640999999783e-01,-8.315177914999999365e-03,-1.074179465999999979e-02
1.429324409999999990e+00,9.085554577000000132e-01,-7.987710244999999751e-03,-1.074646020000000028e-02
1.429718969999999922e+00,9.066925621000000435e-01,-8.027923921999999962e-03,-1.062947942000000076e-02
1.430115639999999910e+00,9.049197023999999701e-01,-8.803122898000000779e-03,-1.079963892999999918e-02
1.430514810000000026e+00,9.045452300999999862e-01,-9.990357034999999483e-03,-1.114507604999999922e-02
1.430916880000000058e+00,9.049021904999999810e-01,-1.108295804999999933e-02,-1.170552199000000036e-02
1.431322259999999957e+00,9.051098478000000336e-01,-1.260430054999999924e-02,-1.211095306000000045e-02
1.431731019999999965e+00,9.057098861000000278e-01,-1.424111578000000072e-02,-1.263152831999999996e-02
1.432141670000000033e+00,9.078097175999999546e-01,-1.622779193999999980e-02,-1.337893495000000085e-02
1.432551949999999907e+00,9.083524861999999755e-01,-1.735923157000000133e-02,-1.450548054999999982e-02
1.432961460000000020e+00,9.092333986999999729e-01,-1.891239121000000065e-02,-1.572016442999999916e-02
1.433370969999999911e+00,9.067846997999999825e-01,-2.050552459000000091e-02,-1.671003349999999887e-02
1.433780099999999891e+00,9.037501179000000384e-01,-2.267054933000000119e-02,-1.723091807000000017e-02
1.434189610000000004e+00,8.990540437999999801e-01,-2.458642688000000145e-02,-1.766622316000000109e-02
1.434599119999999894e+00,8.947768814000000015e-01,-2.719906405999999999e-02,-1.795249344999999899e-02
1.435009009999999918e+00,8.910410823000000091e-01,-3.000542600000000171e-02,-1.829373574000000072e-02
1.435419669999999925e+00,8.878893688000000228e-01,-3.249105067000000041e-02,-1.866004145999999864e-02
1.435830720000000005e+00,8.841840288000000214e-01,-3.459370762999999793e-02,-1.891690858999999988e-02
1.436242149999999995e+00,8.822211611000000397e-01,-3.647433739000000008e-02,-1.907845151000000031e-02
1.436654359999999908e+00,8.805283726999999505e-01,-3.808033753000000105e-02,-1.941429117000000037e-02
1.437067349999999966e+00,8.809205135000000020e-01,-4.001513887000000130e-02,-1.967629141000000123e-02
1.437478779999999956e+00,8.793574214999999583e-01,-4.149110696000000292e-02,-1.995932674000000170e-02
1.437886360000000030e+00,8.783797680999999580e-01,-4.290687727999999840e-02,-2.022047433999999907e-02
1.438290920000000028e+00,8.773491722999999798e-01,-4.338185936999999770e-02,-2.067235308000000063e-02
1.438692859999999962e+00,8.767735025999999765e-01,-4.369979278999999717e-02,-2.101902031000000073e-02
1.439092959999999977e+00,8.767371644000000463e-01,-4.414415256999999759e-02,-2.138367362999999896e-02
1.439491220000000071e+00,8.751827830999999724e-01,-4.476726704000000279e-02,-2.153379823999999887e-02
1.439888019999999935e+00,8.726805841000000452e-01,-4.551735973999999907e-02,-2.167953632999999880e-02
1.440283739999999923e+00,8.704760685000000331e-01,-4.670040509000000090e-02,-2.190775592000000077e-02
1.440678370000000097e+00,8.690377137000000474e-01,-4.763639858000000282e-02,-2.205236169000000107e-02
1.441072289999999922e+00,8.691866696000000170e-01,-4.885830457999999765e-02,-2.201788379000000143e-02
1.441465849999999937e+00,8.709220409000000274e-01,-5.025700535000000163e-02,-2.198914416000000149e-02
1.441859060000000081e+00,8.730349345000000261e-01,-5.210682808000000055e-02,-2.193971134000000101e-02
1.442251539999999999e+00,8.771557145999999694e-01,-5.407580986999999811e-02,-2.209103470000000138e-02
1.442643670000000045e+00,8.799846941000000200e-01,-5.624118461000000152e-02,-2.221522469000000027e-02
1.443034740000000093e+00,8.820035386000000255e-01,-5.825244668000000015e-02,-2.234861532999999831e-02
1.443424379999999951e+00,8.842735891999999875e-01,-6.015453384000000320e-02,-2.247593418000000051e-02
1.443812270000000009e+00,8.864478856999999934e-01,-6.145300751999999839e-02,-2.254653371000000031e-02
1.444198069999999889e+00,8.889053659000000218e-01,-6.249349778999999799e-02,-2.274430069000000013e-02
1.444582150000000009e+00,8.924748687000000347e-01,-6.318932993999999692e-02,-2.301266890000000162e-02
1.444963500000000067e+00,8.953440302999999822e-01,-6.355973891999999736e-02,-2.323084771999999951e-02
1.445341809999999949e+00,8.974474732999999649e-01,-6.361058058000000626e-02,-2.348852925000000091e-02
1.445717469999999949e+00,8.988497450000000333e-01,-6.326640180999999752e-02,-2.369434926000000066e-02
1.446090840000000100e+00,9.011462936999999895e-01,-6.308954009999999391e-02,-2.390339544999999996e-02
1.446462579999999942e+00,9.039965802999999633e-01,-6.288059863999999333e-02,-2.411607647000000090e-02
1.446833030000000075e+00,9.077638249999999687e-01,-6.248509867999999662e-02,-2.432585451000000148e-02
1.447202840000000101e+00,9.113460911999999858e-01,-6.206220664999999997e-02,-2.439477374000000032e-02
1.447572330000000074e+00,9.140539262000000331e-01,-6.139897092999999778e-02,-2.432877765000000109e-02
1.447941499999999992e+00,9.155706185999999969e-01,-6.080934030000000046e-02,-2.413083979000000059e-02
1.448310669999999911e+00,9.172473602999999809e-01,-6.009937281000000270e-02,-2.386679002000000049e-02
1.448680809999999930e+00,9.186486941000000517e-01,-5.896049969000000113e-02,-2.359910747999999919e-02
1.449051910000000110e+00,9.179483838999999978e-01,-5.760233682000000244e-02,-2.339962479000000026e-02
1.449423670000000053e+00,9.172948428999999626e-01,-5.637493469999999701e-02,-2.312068617999999895e-02
1.449795100000000003e+00,9.167434920999999459e-01,-5.471844893999999737e-02,-2.288473866000000079e-02
1.450166199999999961e+00,9.166472317999999619e-01,-5.342766949999999682e-02,-2.273751105999999994e-02
1.450537299999999918e+00,9.159381573000000554e-01,-5.172337268999999821e-02,-2.273337262999999830e-02
1.450908730000000091e+00,9.154321355000000215e-01,-5.060153322000000148e-02,-2.287643384999999904e-02
1.451280810000000088e+00,9.154772569000000360e-01,-4.941988365000000299e-02,-2.313540488999999908e-02
1.451653880000000063e+00,9.152596771000000020e-01,-4.791447574999999764e-02,-2.353800294000000029e-02
1.452027940000000017e+00,9.144684054999999701e-01,-4.591564425999999921e-02,-2.402486365999999957e-02
1.452403000000000111e+00,9.134023408000000455e-01,-4.378683888999999885e-02,-2.472737319999999961e-02
1.452779070000000061e+00,9.122950821999999960e-01,-4.162265535999999655e-02,-2.541293886000000127e-02
1.453156139999999930e+00,9.076105050999999646e-01,-3.958493333000000225e-02,-2.580150964999999852e-02
1.453534230000000038e+00,9.025400824999999516e-01,-3.809715049000000214e-02,-2.570533483999999994e-02
1.453913350000000104e+00,8.989976881000000253e-01,-3.688636288000000235e-02,-2.565861066000000093e-02
1.454293499999999906e+00,8.965166420000000302e-01,-3.600719237999999711e-02,-2.548019565999999972e-02
1.454674680000000109e+00,8.945345881999999804e-01,-3.510607555999999824e-02,-2.524814600999999992e-02
1.455057260000000019e+00,8.926020652999999694e-01,-3.375318313000000292e-02,-2.492102707000000070e-02
1.455441240000000080e+00,8.918025155000000037e-01,-3.257527638999999781e-02,-2.460722664000000032e-02
1.455826990000000043e+00,8.912210906999999960e-01,-3.118953143000000039e-02,-2.444497459000000150e-02
1.456214890000000040e+00,8.904373163000000035e-01,-2.984070267000000012e-02,-2.423973726000000148e-02
1.456605689999999953e+00,8.897228157000000026e-01,-2.809529783000000100e-02,-2.411241206999999859e-02
1.456999450000000085e+00,8.897239664999999631e-01,-2.685685080999999919e-02,-2.409625396999999850e-02
1.457396579999999942e+00,8.905915589999999771e-01,-2.568325554999999899e-02,-2.411865487999999974e-02
1.457797159999999925e+00,8.914160315000000390e-01,-2.433234537000000114e-02,-2.422193901999999954e-02
1.458200850000000104e+00,8.911787130999999640e-01,-2.296599494999999880e-02,-2.432158615000000121e-02
1.458607299999999940e+00,8.911570323999999932e-01,-2.158503314999999853e-02,-2.451368795000000156e-02
1.459015750000000056e+00,8.920480844999999492e-01,-2.102502276999999864e-02,-2.475272740000000055e-02
1.459426230000000047e+00,8.923978031999999505e-01,-2.068430137000000155e-02,-2.502742222999999877e-02
1.459837920000000011e+00,8.933017747999999481e-01,-2.084722424000000005e-02,-2.535984860999999924e-02
1.460250440000000038e+00,8.938589719999999739e-01,-2.113003248999999889e-02,-2.561515731000000087e-02
1.460663370000000016e+00,8.949522033000000265e-01,-2.194412886999999937e-02,-2.554598145000000139e-02
1.461075069999999920e+00,8.949099497000000403e-01,-2.296483733999999874e-02,-2.517496308999999863e-02
1.461485539999999972e+00,8.939276062000000023e-01,-2.409322729999999885e-02,-2.452550243999999935e-02
1.461894379999999938e+00,8.931015236999999551e-01,-2.572311110000000123e-02,-2.370008020999999840e-02
1.462301599999999979e+00,8.913909056000000053e-01,-2.784177008000000147e-02,-2.278928280000000126e-02
1.462707210000000035e+00,8.884606257999999590e-01,-3.033233509999999980e-02,-2.189494750000000114e-02
1.463111229999999985e+00,8.860736183999999849e-01,-3.316423590999999921e-02,-2.097423898000000050e-02
1.463514060000000061e+00,8.841907342000000503e-01,-3.582222494000000118e-02,-2.000737835000000048e-02
1.463915709999999981e+00,8.822460495999999708e-01,-3.842682517999999880e-02,-1.894803100000000060e-02
1.464316570000000040e+00,8.818018234000000177e-01,-4.123622068999999862e-02,-1.791924010000000081e-02
1.464717040000000026e+00,8.821999193999999767e-01,-4.400273638999999820e-02,-1.705986296999999902e-02
1.465117500000000073e+00,8.834722299999999695e-01,-4.686300697000000265e-02,-1.639533715000000141e-02
1.465517970000000059e+00,8.852646995999999824e-01,-4.931015094999999931e-02,-1.588633623999999994e-02
1.465918829999999895e+00,8.873620397999999465e-01,-5.134018114999999716e-02,-1.546176502000000050e-02
1.466320489999999976e+00,8.885354075000000407e-01,-5.308184823999999996e-02,-1.520449771999999970e-02
1.466722929999999980e+00,8.899553186999999976e-01,-5.441042683999999796e-02,-1.510988771999999952e-02
1.467126570000000019e+00,8.915816629999999687e-01,-5.552046706000000192e-02,-1.530352932999999929e-02
1.467531420000000031e+00,8.925555513999999802e-01,-5.636657327999999856e-02,-1.555143558000000002e-02
1.467937889999999967e+00,8.925103231000000026e-01,-5.657887928000000094e-02,-1.587266617000000074e-02
1.468345999999999929e+00,8.925264816000000323e-01,-5.645292496999999854e-02,-1.634948682999999917e-02
1.468755749999999916e+00,8.909935131999999758e-01,-5.600520550000000208e-02,-1.678285300000000035e-02
1.469167590000000079e+00,8.892887466000000130e-01,-5.525446455000000007e-02,-1.725363907000000002e-02
1.469581540000000075e+00,8.869928308000000206e-01,-5.440527953999999694e-02,-1.759050939999999910e-02
1.469997189999999954e+00,8.854490814000000043e-01,-5.394769557000000243e-02,-1.790479488000000161e-02
1.470412419999999942e+00,8.844630915000000204e-01,-5.360453485000000323e-02,-1.829379483999999875e-02
1.470826359999999999e+00,8.834232307999999589e-01,-5.389297795999999779e-02,-1.861445604000000129e-02
1.471239039999999942e+00,8.821155451000000092e-01,-5.420823378999999748e-02,-1.893922690999999894e-02
1.471647930000000049e+00,8.823661626000000036e-01,-5.423278257999999963e-02,-1.929599401000000117e-02
1.472053119999999993e+00,8.841910591999999625e-01,-5.450002928000000080e-02,-1.966755276999999913e-02
1.472455070000000088e+00,8.864619926000000261e-01,-5.485966803999999669e-02,-2.015071309000000116e-02
1.472853809999999930e+00,8.893329199999999712e-01,-5.512073571000000033e-02,-2.071231688000000140e-02
1.473249409999999981e+00,8.923798036000000211e-01,-5.527250199000000030e-02,-2.137509989999999971e-02
1.473642289999999910e+00,8.944242676000000447e-01,-5.560018879999999858e-02,-2.201849809999999880e-02
1.474032489999999918e+00,8.965711317000000236e-01,-5.622533331000000023e-02,-2.250630248000000042e-02
1.474420410000000015e+00,8.980837602000000253e-01,-5.741364330999999821e-02,-2.294690563000000016e-02
1.474806089999999958e+00,8.999774756999999736e-01,-5.897487859000000165e-02,-2.333488615999999849e-02
1.475189910000000104e+00,9.009442000999999811e-01,-6.047404635999999861e-02,-2.357100342000000015e-02
1.475572260000000080e+00,9.018663402000000051e-01,-6.156139917000000295e-02,-2.377064305999999905e-02
1.475953140000000108e+00,9.036646992000000322e-01,-6.215941776000000196e-02,-2.396800728999999922e-02
1.476332210000000034e+00,9.052066854000000440e-01,-6.228154763000000316e-02,-2.404127401999999955e-02
1.476709470000000080e+00,9.055983211000000477e-01,-6.184235373000000063e-02,-2.395946947999999868e-02
1.477085310000000096e+00,9.049536941000000390e-01,-6.115365206000000081e-02,-2.358480804999999944e-02
1.477459730000000082e+00,9.032962839000000521e-01,-6.015682941000000117e-02,-2.316182366000000062e-02
1.477833090000000071e+00,9.026808212000000387e-01,-5.952993500999999993e-02,-2.276574079999999986e-02
1.478205750000000096e+00,9.025956952999999450e-01,-5.895800218000000342e-02,-2.243960152000000138e-02
1.478577360000000063e+00,9.026586158999999610e-01,-5.782768781000000025e-02,-2.208389146000000122e-02
1.478948259999999904e+00,9.025939468000000465e-01,-5.666204393999999672e-02,-2.170054755999999835e-02
1.479318480000000102e+00,9.018700490000000070e-01,-5.548692689000000317e-02,-2.120027103999999954e-02
1.479687650000000021e+00,9.020124578999999532e-01,-5.398477411000000142e-02,-2.080127550000000075e-02
1.480055789999999982e+00,9.035123361000000353e-01,-5.250802673999999809e-02,-2.058187040000000051e-02
1.480423239999999918e+00,9.049763199000000480e-01,-5.042452836999999910e-02,-2.037049166000000008e-02
1.480790339999999983e+00,9.073815669000000472e-01,-4.817488615999999946e-02,-2.015608078999999928e-02
1.481157110000000054e+00,9.088777843999999995e-01,-4.623449755999999716e-02,-1.999590019999999968e-02
1.481524220000000058e+00,9.102328535000000498e-01,-4.466066479999999950e-02,-1.964625400999999924e-02
1.481891669999999994e+00,9.118454942000000507e-01,-4.328995061000000255e-02,-1.935208591000000047e-02
1.482259809999999955e+00,9.123114917000000323e-01,-4.219665515999999894e-02,-1.882500310999999857e-02
1.482628990000000035e+00,9.120677758999999885e-01,-4.094171593999999803e-02,-1.818211905000000073e-02
1.482998880000000019e+00,9.131081125000000132e-01,-3.998786439000000248e-02,-1.758075376000000148e-02
1.483370159999999993e+00,9.131660188000000344e-01,-3.941393214999999728e-02,-1.706913356000000145e-02
1.483742520000000065e+00,9.132169221999999476e-01,-3.937062870000000020e-02,-1.655224718000000012e-02
1.484115939999999911e+00,9.120047197999999744e-01,-3.911298601999999708e-02,-1.609488158999999863e-02
1.484490080000000045e+00,9.112653381999999969e-01,-3.917386987999999653e-02,-1.584886908000000122e-02
1.484865300000000055e+00,9.098415472999999976e-01,-3.941722331999999995e-02,-1.562006676000000059e-02
1.485241610000000101e+00,9.075998272999999950e-01,-3.970505539000000056e-02,-1.557092149000000036e-02
1.485618649999999930e+00,9.047431729999999561e-01,-3.979884546999999662e-02,-1.564309079000000130e-02
1.485996799999999896e+00,9.010669168999999590e-01,-3.939781594999999803e-02,-1.585934795000000161e-02
1.486376050000000060e+00,8.964717615999999722e-01,-3.881873845000000101e-02,-1.620136176999999872e-02
1.486756799999999989e+00,8.925176134000000205e-01,-3.791899723000000111e-02,-1.658211030000000114e-02
1.487138669999999996e+00,8.879361070000000300e-01,-3.671309444999999727e-02,-1.704186796999999920e-02
1.487522440000000001e+00,8.834225753000000125e-01,-3.541448056000000288e-02,-1.764382332000000164e-02
1.487908130000000106e+00,8.800919713000000533e-01,-3.354291596000000264e-02,-1.829794960999999928e-02
1.488295750000000028e+00,8.776974372000000413e-01,-3.168600517999999727e-02,-1.879246555000000166e-02
1.488685339999999968e+00,8.771104322999999647e-01,-2.985693140000000162e-02,-1.926915469000000172e-02
1.489076899999999926e+00,8.778960060999999593e-01,-2.767836576000000035e-02,-1.979124239000000160e-02
1.489470470000000102e+00,8.789449987999999880e-01,-2.558652129000000067e-02,-2.021024109000000082e-02
1.489866069999999931e+00,8.817745339000000460e-01,-2.350945155999999842e-02,-2.061627829999999884e-02
1.490263300000000068e+00,8.842037957999999698e-01,-2.103708346000000146e-02,-2.085094317000000044e-02
1.490661779999999936e+00,8.864445520999999495e-01,-1.895531807000000110e-02,-2.103310388000000086e-02
1.491061500000000040e+00,8.888406218000000081e-01,-1.765428985999999839e-02,-2.108885731000000041e-02
1.491462059999999923e+00,8.916767915000000100e-01,-1.656169907999999885e-02,-2.101554549999999980e-02
1.491863039999999918e+00,8.941849384000000178e-01,-1.596982291000000054e-02,-2.099017112000000143e-02
1.492264440000000025e+00,8.967934187999999640e-01,-1.584347875000000072e-02,-2.101259017999999867e-02
1.492665839999999911e+00,8.996790335000000027e-01,-1.606579916000000149e-02,-2.109034756000000010e-02
1.493067240000000018e+00,9.014446356999999965e-01,-1.614976028000000147e-02,-2.125455622999999905e-02
1.493469060000000015e+00,9.032225181999999908e-01,-1.572697689999999829e-02,-2.155111768999999969e-02
1.493871739999999892e+00,9.047466334000000554e-01,-1.511106226999999955e-02,-2.193550954999999927e-02
1.494275699999999985e+00,9.069761722000000415e-01,-1.441812588000000034e-02,-2.241309756999999847e-02
1.494681389999999999e+00,9.074908354999999816e-01,-1.396280643000000037e-02,-2.273148086000000012e-02
1.495089260000000086e+00,9.057805595000000265e-01,-1.391838337000000057e-02,-2.295812289000000173e-02
1.495498009999999933e+00,9.023129362999999792e-01,-1.388733487999999940e-02,-2.306114310000000056e-02
1.495905449999999970e+00,8.983882667999999461e-01,-1.438284540000000014e-02,-2.310959876999999982e-02
1.496312000000000086e+00,8.949875029999999621e-01,-1.520344057000000068e-02,-2.325414011999999905e-02
1.496717250000000110e+00,8.915991897999999694e-01,-1.640392615999999859e-02,-2.333159213999999940e-02
1.497121190000000102e+00,8.880436959999999935e-01,-1.810848983999999856e-02,-2.331107270999999842e-02
1.497523830000000000e+00,8.854747010000000307e-01,-2.069130002999999829e-02,-2.321077209000000155e-02
1.497925189999999906e+00,8.832100914999999608e-01,-2.408249687999999833e-02,-2.294013605000000053e-02
1.498325260000000103e+00,8.809831753000000321e-01,-2.756629352000000005e-02,-2.270746331999999937e-02
1.498724060000000025e+00,8.797315347999999924e-01,-3.100926283999999936e-02,-2.251082541000000090e-02
1.499121170000000003e+00,8.788860199000000373e-01,-3.455343789999999748e-02,-2.235752389000000145e-02
1.499517439999999979e+00,8.766743879999999711e-01,-3.799139113000000317e-02,-2.217173870999999963e-02
1.499912450000000064e+00,8.758382433000000411e-01,-4.144166042999999910e-02,-2.195187694000000009e-02
1.500306630000000085e+00,8.763191259999999483e-01,-4.474403544000000316e-02,-2.173305618000000161e-02
1.500700399999999934e+00,8.781281718000000236e-01,-4.802351838999999872e-02,-2.146735968999999994e-02
1.501093739999999954e+00,8.797060599999999564e-01,-5.111972258999999963e-02,-2.105459272999999840e-02
1.501487089999999913e+00,8.816093633999999568e-01,-5.419580739999999702e-02,-2.051642211999999896e-02
1.501880859999999984e+00,8.837333481000000379e-01,-5.725460698999999820e-02,-1.987498564999999953e-02
1.502272140000000089e+00,8.870903766000000079e-01,-6.040512475999999797e-02,-1.917812431999999997e-02
1.502660960000000046e+00,8.898723241999999534e-01,-6.315553941000000282e-02,-1.843919814000000157e-02
1.503047749999999905e+00,8.918644306999999882e-01,-6.592506583000000420e-02,-1.766757283999999956e-02
1.503432930000000001e+00,8.924406059999999696e-01,-6.800543733000000146e-02,-1.680163176999999869e-02
1.503816519999999990e+00,8.943082597999999495e-01,-6.960292499999999605e-02,-1.599733647000000161e-02
1.504195780000000093e+00,8.962340988000000452e-01,-7.102686804999999715e-02,-1.514934618999999941e-02
1.504570799999999986e+00,8.981803870000000245e-01,-7.233493079000000159e-02,-1.439029158999999974e-02
1.504942430000000053e+00,8.991969553999999976e-01,-7.328621003000000689e-02,-1.365836179000000025e-02
1.505310710000000052e+00,9.000991898000000324e-01,-7.381782234000000553e-02,-1.300496827999999931e-02
1.505676440000000005e+00,9.012747132999999744e-01,-7.391397167999999573e-02,-1.258560476000000067e-02
1.506039630000000074e+00,9.045705777000000447e-01,-7.363218769000000330e-02,-1.240056471999999993e-02
1.506400689999999987e+00,9.084564468000000392e-01,-7.333090662999999787e-02,-1.229755870000000077e-02
1.506759979999999999e+00,9.120860696000000489e-01,-7.297294392000000518e-02,-1.227133512999999988e-02
1.507117870000000082e+00,9.169253896000000292e-01,-7.249042877000000384e-02,-1.253735438999999986e-02
1.507474360000000013e+00,9.211099789000000149e-01,-7.199224326000000507e-02,-1.294861830000000082e-02
1.507829819999999987e+00,9.265177785000000554e-01,-7.154868324999999474e-02,-1.350585225999999944e-02
1.508184240000000065e+00,9.324267638000000025e-01,-7.130854592999999464e-02,-1.409199702000000012e-02
1.508537639999999902e+00,9.382075221000000242e-01,-7.110092966000000625e-02,-1.460329399999999930e-02
1.508890349999999936e+00,9.424153498999999767e-01,-7.102612173000000251e-02,-1.520811159999999919e-02
1.509242720000000038e+00,9.448418890999999986e-01,-7.074394188999999500e-02,-1.565826739000000106e-02
1.509595440000000011e+00,9.466957421999999678e-01,-7.039248966000000163e-02,-1.597427280999999880e-02
1.509948489999999977e+00,9.473027255000000535e-01,-6.968058028000000126e-02,-1.614309132000000049e-02
1.510302229999999968e+00,9.469311115999999862e-01,-6.889477122999999870e-02,-1.606044829000000118e-02
1.510656659999999984e+00,9.464491551000000502e-01,-6.807819547000000526e-02,-1.588303887999999858e-02
1.511011099999999940e+00,9.451204181000000260e-01,-6.722010191999999718e-02,-1.569845549999999978e-02
1.511365529999999957e+00,9.430124197999999458e-01,-6.580926927999999898e-02,-1.551783720000000054e-02
1.511719610000000102e+00,9.392894483000000516e-01,-6.398559299999999339e-02,-1.538106329999999917e-02
1.512073699999999965e+00,9.365898785999999809e-01,-6.298776090999999577e-02,-1.515252322000000020e-02
1.512428129999999982e+00,9.343343447999999940e-01,-6.172921773000000084e-02,-1.518452510000000040e-02
1.512782910000000092e+00,9.327162243000000075e-01,-6.028455424999999701e-02,-1.541591858999999919e-02
1.513138389999999944e+00,9.327226952999999599e-01,-5.857976016000000091e-02,-1.573571794999999857e-02
1.513494569999999984e+00,9.339120361999999620e-01,-5.661644076999999831e-02,-1.636083840000000095e-02
1.513851819999999959e+00,9.350839061000000285e-01,-5.434954940000000234e-02,-1.710516236999999953e-02
1.514210840000000058e+00,9.348161046999999835e-01,-5.176644479999999854e-02,-1.804491009999999868e-02
1.514571310000000004e+00,9.333247636000000513e-01,-4.979170663000000163e-02,-1.883538259999999881e-02
1.514933590000000052e+00,9.312852647999999567e-01,-4.817108299000000260e-02,-1.958765583000000171e-02
1.515297710000000020e+00,9.283005322999999809e-01,-4.673306359999999937e-02,-2.023819077000000091e-02
1.515664069999999919e+00,9.254263428000000236e-01,-4.517233673999999921e-02,-2.080861852999999970e-02
1.516032690000000072e+00,9.224113730999999872e-01,-4.381911261000000224e-02,-2.142413012999999991e-02
1.516403610000000013e+00,9.197575099999999448e-01,-4.264870806999999930e-02,-2.205231906999999963e-02
1.516776850000000065e+00,9.169874256000000168e-01,-4.212727821000000067e-02,-2.268364968999999828e-02
1.517152049999999974e+00,9.140273319999999702e-01,-4.219689379000000212e-02,-2.320904525000000093e-02
1.517529240000000001e+00,9.117021228999999671e-01,-4.206489528000000033e-02,-2.361403196000000024e-02
1.517908030000000075e+00,9.083260681999999475e-01,-4.171562636000000074e-02,-2.394089514000000141e-02
1.518288040000000061e+00,9.055846868000000383e-01,-4.156697521000000256e-02,-2.417323415000000031e-02
1.518669269999999960e+00,9.041335588000000145e-01,-4.148142242999999785e-02,-2.450652697999999852e-02
1.519051319999999983e+00,9.042041255999999638e-01,-4.159022773999999922e-02,-2.495477792000000070e-02
1.519434200000000068e+00,9.044628522000000004e-01,-4.143738007000000168e-02,-2.546998878000000105e-02
1.519817490000000104e+00,9.046424535999999517e-01,-4.114472960999999984e-02,-2.586659679999999892e-02
1.520201609999999981e+00,9.048491733000000314e-01,-4.066716601999999930e-02,-2.624643490000000065e-02
1.520586989999999972e+00,9.046867114000000099e-01,-4.002116585999999920e-02,-2.658715232999999886e-02
1.520973640000000016e+00,9.049129062999999862e-01,-3.874064312000000121e-02,-2.670942311000000166e-02
1.521362410000000054e+00,9.041870808999999953e-01,-3.749710095000000076e-02,-2.667987126000000153e-02
1.521753350000000005e+00,9.035606685000000526e-01,-3.600899232000000227e-02,-2.651039867000000091e-02
1.522146910000000020e+00,9.020772740000000400e-01,-3.416532290999999694e-02,-2.627762976000000070e-02
1.522543130000000078e+00,8.995206489000000527e-01,-3.235792073000000324e-02,-2.603906490999999962e-02
1.522942500000000088e+00,8.965777558999999952e-01,-3.133413004999999890e-02,-2.571225601000000013e-02
1.523344629999999977e+00,8.929020281999999753e-01,-3.107906716000000125e-02,-2.540355500999999863e-02
1.523750010000000099e+00,8.900844782000000288e-01,-3.145223075999999812e-02,-2.518508901999999897e-02
1.524158710000000028e+00,8.876314853000000227e-01,-3.233537126000000234e-02,-2.502977177000000053e-02
1.524570289999999995e+00,8.866127531999999922e-01,-3.369266875000000161e-02,-2.474831426000000112e-02
1.524984810000000079e+00,8.840657951999999487e-01,-3.514422638999999821e-02,-2.457775460000000134e-02
1.525402310000000039e+00,8.819516544000000069e-01,-3.711765619000000072e-02,-2.441003577999999868e-02
1.525821819999999995e+00,8.814346647999999895e-01,-3.947032765999999859e-02,-2.425112386000000120e-02
1.526242340000000031e+00,8.826905269999999470e-01,-4.265703499000000204e-02,-2.410502491999999899e-02
1.526663890000000023e+00,8.818209955000000377e-01,-4.611801270000000230e-02,-2.381982103000000045e-02
1.527085940000000086e+00,8.817420458000000405e-01,-4.948979419999999935e-02,-2.352059294999999869e-02
1.527505949999999890e+00,8.814780587999999639e-01,-5.287965482999999745e-02,-2.311783507999999945e-02
1.527923939999999980e+00,8.814248996000000336e-01,-5.567344560999999692e-02,-2.272156259999999831e-02
1.528339909999999913e+00,8.802801876000000414e-01,-5.815971318999999667e-02,-2.233439120999999861e-02
1.528754879999999927e+00,8.799226740000000158e-01,-6.117010324000000249e-02,-2.206864152000000134e-02
1.529168349999999954e+00,8.796582607999999803e-01,-6.394403344000000600e-02,-2.182335700999999892e-02
1.529581340000000012e+00,8.791499833000000486e-01,-6.653749921000000345e-02,-2.146915771999999972e-02
1.529993820000000060e+00,8.779396134000000407e-01,-6.881044017000000068e-02,-2.137757595999999899e-02
1.530406310000000047e+00,8.764903534000000329e-01,-7.086145180000000265e-02,-2.132148714000000125e-02
1.530814869999999939e+00,8.760960931000000285e-01,-7.266747957999999952e-02,-2.123141913999999908e-02
1.531219090000000005e+00,8.765455417999999943e-01,-7.398718904999999901e-02,-2.088713500999999848e-02
1.531619529999999951e+00,8.771255520999999833e-01,-7.500506872999999908e-02,-2.054162664999999860e-02
1.532016250000000079e+00,8.793871511999999946e-01,-7.537859122999999995e-02,-2.021812572000000058e-02
1.532409319999999964e+00,8.815311027000000133e-01,-7.519361507999999805e-02,-1.977960780000000141e-02
1.532798799999999906e+00,8.845660005000000048e-01,-7.491294175000000333e-02,-1.937763488000000117e-02
1.533185189999999976e+00,8.869694976999999980e-01,-7.420177235000000038e-02,-1.907631995000000011e-02
1.533568969999999920e+00,8.880774553000000404e-01,-7.315405969999999591e-02,-1.886925856000000110e-02
1.533950160000000063e+00,8.902845818000000300e-01,-7.191967936000000228e-02,-1.887052281999999914e-02
1.534329229999999988e+00,8.927807409000000360e-01,-7.025241340000000501e-02,-1.910355202999999835e-02
1.534707030000000083e+00,8.964604619999999580e-01,-6.831801657000000083e-02,-1.956285439999999945e-02
1.535083570000000064e+00,9.009918221999999588e-01,-6.670181027999999568e-02,-2.014434992999999952e-02
1.535459279999999982e+00,9.054828459999999524e-01,-6.563316350999999493e-02,-2.069967371999999889e-02
1.535834570000000010e+00,9.087692981999999642e-01,-6.541058564000000464e-02,-2.108703148000000069e-02
1.536209439999999926e+00,9.116233368999999698e-01,-6.576711560999999595e-02,-2.126798389000000150e-02
1.536583899999999892e+00,9.141791464999999839e-01,-6.664239756999999764e-02,-2.138809675999999924e-02
1.536957939999999967e+00,9.160942826000000316e-01,-6.803303005999999931e-02,-2.157505296000000045e-02
1.537331570000000092e+00,9.180629608000000497e-01,-6.898877769000000271e-02,-2.184585357000000047e-02
1.537704780000000104e+00,9.196783179999999946e-01,-7.017425045000000305e-02,-2.217566669000000171e-02
1.538077570000000005e+00,9.209947204999999748e-01,-7.157393420999999534e-02,-2.248631502000000143e-02
1.538449959999999894e+00,9.208037108000000082e-01,-7.309983002999999313e-02,-2.266931571999999950e-02
1.538821929999999893e+00,9.196854048999999476e-01,-7.467856420000000550e-02,-2.277638817999999912e-02
1.539193070000000052e+00,9.184467593999999790e-01,-7.585617170000000242e-02,-2.299765573000000021e-02
1.539563809999999977e+00,9.173877593000000497e-01,-7.693856839000000336e-02,-2.318222745999999959e-02
1.539934130000000012e+00,9.156609501000000373e-01,-7.755247610000000347e-02,-2.339246098000000162e-02
1.540304040000000096e+00,9.139803304000000406e-01,-7.730554746999999949e-02,-2.367283182000000027e-02
1.540673949999999959e+00,9.123538710999999912e-01,-7.641743554999999577e-02,-2.388732341999999856e-02
1.541043450000000092e+00,9.108944413999999767e-01,-7.556958113999999449e-02,-2.414790857999999860e-02
1.541412959999999943e+00,9.083166650999999758e-01,-7.468683990999999689e-02,-2.430424097000000172e-02
1.541782870000000027e+00,9.059730821999999462e-01,-7.390630016999999441e-02,-2.420541378000000063e-02
1.542153200000000002e+00,9.044054644000000254e-01,-7.308154543000000558e-02,-2.410115248999999960e-02
1.542523520000000037e+00,9.034219538000000105e-01,-7.175603781999999320e-02,-2.401358228999999830e-02
1.542894680000000074e+00,9.023786738000000307e-01,-7.055806706999999400e-02,-2.389276387000000001e-02
1.543266250000000062e+00,9.021574881999999684e-01,-6.977585570000000015e-02,-2.363109084000000054e-02
1.543638239999999939e+00,9.022359296999999945e-01,-6.887222102999999984e-02,-2.348216909999999852e-02
1.544011070000000041e+00,9.042484978999999479e-01,-6.790471875999999629e-02,-2.316987128000000049e-02
1.544384329999999972e+00,9.054690096999999938e-01,-6.700826684999999783e-02,-2.269892063999999834e-02
1.544758429999999905e+00,9.068921030000000050e-01,-6.621257348999999570e-02,-2.223397451000000066e-02
1.545133389999999940e+00,9.090791161000000287e-01,-6.500551938000000141e-02,-2.196943923999999937e-02
1.545509629999999968e+00,9.108621414999999999e-01,-6.428068492999999828e-02,-2.160280372000000088e-02
1.545887610000000079e+00,9.114137254999999938e-01,-6.323523068000000413e-02,-2.119387320000000116e-02
1.546267339999999990e+00,9.118390587000000380e-01,-6.216902098999999710e-02,-2.090417020999999972e-02
1.546649289999999954e+00,9.129425005000000315e-01,-6.083661843999999680e-02,-2.085056865999999898e-02
1.547033930000000002e+00,9.150616588000000107e-01,-5.919785191000000169e-02,-2.080433140000000070e-02
1.547421310000000050e+00,9.173884038999999824e-01,-5.737096015999999798e-02,-2.087821122999999890e-02
1.547811470000000078e+00,9.196849690999999716e-01,-5.545063114999999876e-02,-2.116734044000000148e-02
1.548203980000000035e+00,9.223224971000000272e-01,-5.319097581999999991e-02,-2.145995548000000086e-02
1.548598389999999991e+00,9.245681086000000493e-01,-5.073172056999999957e-02,-2.199511539000000016e-02
1.548994729999999986e+00,9.267962816999999465e-01,-4.806762652999999746e-02,-2.265007398999999838e-02
1.549393009999999959e+00,9.288047870000000206e-01,-4.496071118000000144e-02,-2.342367796000000002e-02
1.549791780000000063e+00,9.301015125999999578e-01,-4.231790634000000273e-02,-2.415688767999999917e-02
1.550190069999999976e+00,9.309162212999999575e-01,-3.994432258999999763e-02,-2.498011607999999981e-02
1.550587860000000040e+00,9.310513409999999768e-01,-3.763741575000000006e-02,-2.581474475000000018e-02
1.550985159999999974e+00,9.300839202999999777e-01,-3.548185471000000341e-02,-2.658333561000000150e-02
1.551381969999999999e+00,9.270023346000000330e-01,-3.368160584999999735e-02,-2.704057866000000171e-02
1.551778300000000055e+00,9.236785994999999749e-01,-3.210305532999999795e-02,-2.751414250000000158e-02
1.552174139999999980e+00,9.198298107000000279e-01,-3.108097653999999932e-02,-2.795125145999999977e-02
1.552569489999999996e+00,9.142153848999999832e-01,-3.041673069999999840e-02,-2.823102138999999955e-02
1.552964840000000013e+00,9.083434677999999707e-01,-3.022583134999999935e-02,-2.849096296000000125e-02
1.553359710000000060e+00,9.030105446999999730e-01,-3.065305906999999871e-02,-2.874781681000000005e-02
1.553754080000000037e+00,8.987756493999999874e-01,-3.152106779999999664e-02,-2.911008378000000049e-02
1.554148459999999954e+00,8.965138634999999523e-01,-3.252407256999999968e-02,-2.967237782000000171e-02
1.554542840000000092e+00,8.961941174999999982e-01,-3.413605516999999867e-02,-3.026163546999999926e-02
1.554937220000000009e+00,8.974582684999999893e-01,-3.594854500999999924e-02,-3.093064830999999945e-02
1.555331599999999925e+00,8.967618492000000163e-01,-3.788436732000000084e-02,-3.130055293999999683e-02
1.555726460000000033e+00,8.942831325000000220e-01,-4.021487739000000061e-02,-3.143761493000000323e-02
1.556122320000000059e+00,8.925004209000000355e-01,-4.337461969999999861e-02,-3.124772761999999870e-02
1.556519159999999902e+00,8.898864906000000241e-01,-4.695664459999999985e-02,-3.085931897000000063e-02
1.556917490000000015e+00,8.871439536999999875e-01,-5.059371524000000342e-02,-3.007637024000000062e-02
1.557317339999999994e+00,8.837620014000000523e-01,-5.398829973000000143e-02,-2.910015406999999846e-02
1.557718710000000062e+00,8.823230913999999814e-01,-5.754748294999999930e-02,-2.820508840000000156e-02
1.558122119999999944e+00,8.803760787000000088e-01,-6.101159325999999661e-02,-2.721563569000000002e-02
1.558527089999999893e+00,8.782858385999999795e-01,-6.477342829000000413e-02,-2.616899339999999990e-02
1.558934159999999958e+00,8.746423541000000190e-01,-6.862793768000000072e-02,-2.526857163000000017e-02
1.559341749999999971e+00,8.718733521999999514e-01,-7.230765368000000026e-02,-2.453030700999999855e-02
1.559746190000000032e+00,8.706525142000000050e-01,-7.520138476000000349e-02,-2.401903598999999973e-02
1.560147020000000051e+00,8.715194132000000371e-01,-7.772156187999999799e-02,-2.376179658999999847e-02
1.560544300000000106e+00,8.705666372999999458e-01,-7.966091073999999328e-02,-2.340136187999999895e-02
1.560938069999999955e+00,8.703502359000000466e-01,-8.104313666000000083e-02,-2.317949014999999904e-02
1.561328889999999969e+00,8.704461038999999900e-01,-8.212230705999999658e-02,-2.323544758999999960e-02
1.561716799999999905e+00,8.716054420000000080e-01,-8.285713260999999497e-02,-2.336108975999999851e-02
1.562101830000000025e+00,8.736968343000000026e-01,-8.333110554000000558e-02,-2.350865899000000037e-02
1.562484030000000024e+00,8.756969527000000308e-01,-8.344760797000000396e-02,-2.363897120000000088e-02
1.562863899999999973e+00,8.792125519000000278e-01,-8.294936144999999483e-02,-2.380408280999999834e-02
1.563241000000000103e+00,8.810198363000000255e-01,-8.242367522000000613e-02,-2.387149872999999936e-02
1.563616279999999970e+00,8.837458545999999915e-01,-8.175109032999999803e-02,-2.396693016000000023e-02
1.563989749999999956e+00,8.886342655000000201e-01,-8.126926259000000208e-02,-2.403892008000000149e-02
1.564361869999999932e+00,8.942866269000000479e-01,-8.111005083000000226e-02,-2.396996679999999907e-02
1.564732650000000058e+00,9.007662481999999526e-01,-8.102232732000000381e-02,-2.395104073000000125e-02
1.565102549999999981e+00,9.075796900999999473e-01,-8.111629267999999338e-02,-2.392710416000000048e-02
1.565471999999999975e+00,9.155882707000000398e-01,-8.189029901000000056e-02,-2.381344479999999986e-02
1.565841449999999968e+00,9.228772120999999551e-01,-8.304756212000000137e-02,-2.361644857000000028e-02
1.566210019999999981e+00,9.291286479000000487e-01,-8.462246475000000101e-02,-2.319331158000000059e-02
1.566577260000000082e+00,9.352872027999999949e-01,-8.652005242999999401e-02,-2.261597268999999966e-02
1.566943629999999921e+00,9.413508878999999885e-01,-8.865066749000000135e-02,-2.193825190000000050e-02
1.567309129999999939e+00,9.471204255999999821e-01,-9.085658550000000333e-02,-2.130123580999999933e-02
1.567673749999999977e+00,9.508215522999999836e-01,-9.301421802999999822e-02,-2.054600758000000096e-02
1.568037509999999912e+00,9.529823036000000247e-01,-9.479477887999999963e-02,-1.989476918000000066e-02
1.568400840000000018e+00,9.534752530000000226e-01,-9.590434834000000075e-02,-1.920917676999999921e-02
1.568763729999999912e+00,9.528821616999999522e-01,-9.659368192999999436e-02,-1.849973619000000111e-02
1.569126199999999915e+00,9.524903965000000028e-01,-9.699877909000000076e-02,-1.801670924000000132e-02
1.569488659999999980e+00,9.522919188999999784e-01,-9.690429300000000246e-02,-1.764510148999999875e-02
1.569851120000000044e+00,9.515667294999999859e-01,-9.683853921000000475e-02,-1.720802939000000073e-02
1.570213580000000109e+00,9.495829561999999946e-01,-9.616077988000000520e-02,-1.669394885000000106e-02
1.570576479999999941e+00,9.470834981000000319e-01,-9.482887429000000368e-02,-1.629553591999999967e-02
1.570939810000000048e+00,9.441856362999999641e-01,-9.297408392000000577e-02,-1.610743062999999906e-02
1.571303579999999922e+00,9.418846111999999993e-01,-9.106296533999999609e-02,-1.578880157000000020e-02
1.571667790000000009e+00,9.413215997999999640e-01,-8.930807543999999543e-02,-1.563132408000000168e-02
1.572032869999999916e+00,9.409328931999999535e-01,-8.759719821000000461e-02,-1.552364447999999945e-02
1.572398399999999974e+00,9.402012375999999616e-01,-8.556266201999999932e-02,-1.554657882000000033e-02
1.572764819999999952e+00,9.385152245000000226e-01,-8.324007117999999983e-02,-1.549404855000000025e-02
1.573131690000000082e+00,9.371922427000000111e-01,-8.071182154000000608e-02,-1.568257778000000172e-02
1.573499449999999911e+00,9.351836279999999890e-01,-7.784889525999999504e-02,-1.587318560999999989e-02
1.573868569999999911e+00,9.330089645000000376e-01,-7.427066544999999520e-02,-1.623428001999999842e-02
1.574238599999999932e+00,9.318198836000000096e-01,-7.034062355999999572e-02,-1.675830906000000051e-02
1.574609549999999913e+00,9.319928176999999758e-01,-6.645680631000000504e-02,-1.756772687000000138e-02
1.574981890000000107e+00,9.322843328000000040e-01,-6.282746324000000604e-02,-1.841919921000000071e-02
1.575355620000000068e+00,9.322665752000000028e-01,-5.939505670999999792e-02,-1.932262045999999858e-02
1.575730770000000058e+00,9.310219820999999785e-01,-5.632219715999999682e-02,-2.005319209000000144e-02
1.576107329999999918e+00,9.279785981000000517e-01,-5.363631768999999744e-02,-2.055017807999999849e-02
1.576485820000000038e+00,9.244933991999999545e-01,-5.143533873000000201e-02,-2.097962484999999974e-02
1.576866239999999975e+00,9.211160064000000203e-01,-4.986944551999999975e-02,-2.146322884000000097e-02
1.577249109999999899e+00,9.186233377000000422e-01,-4.907578335999999986e-02,-2.186819539999999840e-02
1.577634479999999950e+00,9.164734601999999786e-01,-4.844438164999999991e-02,-2.239560608000000161e-02
1.578022370000000008e+00,9.148317826999999847e-01,-4.827850351000000095e-02,-2.290961791999999997e-02
1.578412820000000050e+00,9.125810063999999500e-01,-4.871864741000000304e-02,-2.342560640000000000e-02
1.578805350000000107e+00,9.108759107999999660e-01,-4.963166086999999671e-02,-2.400149098999999897e-02
1.579199449999999949e+00,9.093645790000000062e-01,-5.083182692999999724e-02,-2.458454913000000103e-02
1.579595150000000059e+00,9.100216111000000163e-01,-5.235967413999999959e-02,-2.533617581000000007e-02
1.579991909999999944e+00,9.107576804000000470e-01,-5.437165783999999696e-02,-2.604651053000000063e-02
1.580388670000000051e+00,9.108197085000000470e-01,-5.682018210999999902e-02,-2.676409646000000100e-02
1.580778570000000105e+00,9.114438188000000274e-01,-5.949758816999999728e-02,-2.750706333000000128e-02
1.581162340000000111e+00,9.127527456999999789e-01,-6.202277856999999922e-02,-2.831536165999999979e-02
1.581540649999999992e+00,9.135779492000000168e-01,-6.419740367000000003e-02,-2.905906339000000060e-02
1.581914119999999979e+00,9.149522366000000240e-01,-6.600802487000000107e-02,-2.990882580000000027e-02
1.582284269999999937e+00,9.160953496999999501e-01,-6.768663202999999906e-02,-3.078629177000000161e-02
1.582651629999999976e+00,9.171187369000000089e-01,-6.892941985999999355e-02,-3.171366963000000344e-02
1.583017129999999995e+00,9.160138193000000317e-01,-6.976945646000000389e-02,-3.257759804000000259e-02
1.583382180000000083e+00,9.142980656000000428e-01,-6.998638356000000393e-02,-3.334148843999999723e-02
1.583746770000000081e+00,9.116154190999999907e-01,-6.997459964999999671e-02,-3.406410693999999822e-02
1.584111819999999948e+00,9.073336747000000369e-01,-6.977215406999999481e-02,-3.470373229999999809e-02
1.584477319999999967e+00,9.035095906000000232e-01,-6.975148384000000312e-02,-3.539431618999999696e-02
1.584844230000000076e+00,9.009302905999999611e-01,-6.923420533999999349e-02,-3.590987575000000043e-02
1.585212999999999983e+00,8.997287577000000480e-01,-6.868791196000000043e-02,-3.631800863000000240e-02
1.585583669999999890e+00,8.985820619000000065e-01,-6.784910876999999951e-02,-3.655936709000000284e-02
1.585956259999999896e+00,8.984903090000000425e-01,-6.694265920000000425e-02,-3.679139808000000261e-02
1.586330790000000102e+00,8.983192585000000507e-01,-6.603735309000000053e-02,-3.666872946000000050e-02
1.586707780000000012e+00,8.975485029999999975e-01,-6.532629744000000016e-02,-3.628626998000000076e-02
1.587087759999999959e+00,8.962519517999999463e-01,-6.441634091999999534e-02,-3.580184237999999713e-02
1.587470790000000020e+00,8.942400301999999801e-01,-6.296831706000000084e-02,-3.516635455000000077e-02
1.587858489999999900e+00,8.936867276000000082e-01,-6.162542271000000238e-02,-3.458605024999999999e-02
1.588250989999999918e+00,8.932920433000000049e-01,-6.045004065000000176e-02,-3.401337831000000173e-02
1.588648400000000072e+00,8.927672663000000286e-01,-5.943801974000000043e-02,-3.339810174999999909e-02
1.589050300000000027e+00,8.944444397999999907e-01,-5.846250873000000126e-02,-3.288182845999999826e-02
1.589455639999999947e+00,8.961962485000000145e-01,-5.758249903999999864e-02,-3.245189290000000115e-02
1.589860969999999929e+00,8.991207717000000432e-01,-5.704899377000000049e-02,-3.209239650000000194e-02
1.590263430000000033e+00,9.022792003999999810e-01,-5.706232130000000319e-02,-3.185487406999999715e-02
1.590662489999999929e+00,9.070841106000000487e-01,-5.773196156999999690e-02,-3.168722151000000209e-02
1.591058199999999978e+00,9.130589112000000451e-01,-5.902096521999999901e-02,-3.164804631999999784e-02
1.591450060000000111e+00,9.167715001999999780e-01,-6.052195853999999681e-02,-3.158290276000000341e-02
1.591838160000000002e+00,9.190555662999999598e-01,-6.208231191000000010e-02,-3.149002929999999978e-02
1.592222019999999905e+00,9.204464005000000393e-01,-6.352218201999999814e-02,-3.128800907999999825e-02
1.592601740000000099e+00,9.221362690000000084e-01,-6.480994362000000453e-02,-3.098559148999999874e-02
1.592977400000000099e+00,9.232861062999999646e-01,-6.559253842999999973e-02,-3.067354900999999870e-02
1.593349080000000084e+00,9.232490513000000121e-01,-6.663337834999999432e-02,-3.049965493999999902e-02
1.593717339999999982e+00,9.230888379999999671e-01,-6.763194284000000056e-02,-3.051819123999999911e-02
1.594082720000000064e+00,9.225160322000000024e-01,-6.899585296000000645e-02,-3.044760670000000100e-02
1.594445249999999925e+00,9.213916908999999489e-01,-7.005865000000000009e-02,-3.026950180999999837e-02
1.594805440000000019e+00,9.214301522000000189e-01,-7.042816729999999692e-02,-2.999338036999999943e-02
1.595163780000000031e+00,9.218042918000000085e-01,-7.079225637000000071e-02,-2.981360983000000062e-02
1.595520290000000063e+00,9.222467397000000400e-01,-7.115301660999999445e-02,-2.948278256000000028e-02
1.595875879999999913e+00,9.230294151000000280e-01,-7.180965922000000223e-02,-2.911016487000000000e-02
1.596230569999999904e+00,9.252832748000000551e-01,-7.196065593000000593e-02,-2.888120309000000163e-02
1.596583899999999945e+00,9.279761987000000323e-01,-7.222041579000000600e-02,-2.841931216000000149e-02
1.596936329999999904e+00,9.314336599000000438e-01,-7.298250203999999408e-02,-2.784118663000000049e-02
1.597287869999999943e+00,9.355917512000000436e-01,-7.383954770999999473e-02,-2.724487277000000110e-02
1.597638509999999901e+00,9.397045693000000144e-01,-7.435761504000000521e-02,-2.672652597999999879e-02
1.597988259999999938e+00,9.442127186000000005e-01,-7.472061547000000137e-02,-2.612913731999999892e-02
1.598338019999999915e+00,9.483893738999999989e-01,-7.471967375000000688e-02,-2.560600811000000171e-02
1.598687769999999952e+00,9.523552986000000109e-01,-7.426527820000000668e-02,-2.509646886999999937e-02
1.599037969999999920e+00,9.537954808999999923e-01,-7.398945828000000335e-02,-2.470122456999999938e-02
1.599389069999999968e+00,9.541984839999999579e-01,-7.367136780999999912e-02,-2.413703191999999956e-02
1.599740619999999947e+00,9.540764808999999680e-01,-7.365802670000000385e-02,-2.353261900999999851e-02
1.600092159999999986e+00,9.532412231000000347e-01,-7.382668038999999627e-02,-2.285977847999999882e-02
1.600443709999999964e+00,9.537151972999999838e-01,-7.363577580999999816e-02,-2.236266178000000104e-02
1.600795250000000003e+00,9.540894425999999484e-01,-7.324081531999999950e-02,-2.194048564000000007e-02
1.601146799999999981e+00,9.532793010000000233e-01,-7.247038643000000557e-02,-2.162559953000000104e-02
1.601498349999999959e+00,9.519378467000000343e-01,-7.167059084999999330e-02,-2.151069725999999946e-02
1.601850350000000089e+00,9.502125205000000463e-01,-7.042915906999999698e-02,-2.161348357000000137e-02
1.602203260000000018e+00,9.489839134999999981e-01,-6.894531887999999498e-02,-2.175797503000000133e-02
1.602557100000000068e+00,9.471168612000000486e-01,-6.703693520999999544e-02,-2.185626208999999834e-02
1.602912319999999946e+00,9.448358398999999741e-01,-6.505781427000000006e-02,-2.189037288000000164e-02
1.603268949999999915e+00,9.405987524000000155e-01,-6.279361120000000185e-02,-2.194307863999999872e-02
1.603627480000000105e+00,9.370696178999999848e-01,-6.045590591999999708e-02,-2.198390990999999836e-02
1.603987910000000072e+00,9.335683140999999630e-01,-5.784138006000000276e-02,-2.217806002999999845e-02
1.604350289999999957e+00,9.302125066999999969e-01,-5.575495688999999866e-02,-2.243563302999999898e-02
1.604714619999999980e+00,9.251958329999999675e-01,-5.383248284000000106e-02,-2.262420073999999934e-02
1.605081449999999910e+00,9.194223193999999655e-01,-5.241307040999999833e-02,-2.274810735999999861e-02
1.605450789999999905e+00,9.131133632000000278e-01,-5.199219511000000016e-02,-2.268351143000000084e-02
1.605822180000000099e+00,9.068359469000000228e-01,-5.192449782999999930e-02,-2.254526068999999910e-02
1.606195639999999925e+00,9.003172879999999934e-01,-5.257226293000000217e-02,-2.245818772000000157e-02
1.606571200000000088e+00,8.946756329999999702e-01,-5.328175510000000142e-02,-2.237974133000000115e-02
1.606948360000000076e+00,8.908598931000000221e-01,-5.387939829999999902e-02,-2.239702573999999974e-02
1.607327120000000109e+00,8.878826672999999836e-01,-5.470044436999999676e-02,-2.256620998999999891e-02
1.607707500000000067e+00,8.856909238000000295e-01,-5.523045206999999818e-02,-2.268947701000000039e-02
1.608088970000000062e+00,8.849452397999999498e-01,-5.517863259999999936e-02,-2.291247466000000121e-02
1.608471549999999972e+00,8.848542655000000146e-01,-5.512467664000000184e-02,-2.321163458000000124e-02
1.608855230000000081e+00,8.858910116999999529e-01,-5.481758283000000287e-02,-2.356429431000000088e-02
1.609240580000000032e+00,8.884109169999999667e-01,-5.462641206999999804e-02,-2.403842185000000173e-02
1.609627630000000087e+00,8.906369238000000355e-01,-5.420778335999999753e-02,-2.466943786000000069e-02
1.610016960000000052e+00,8.939821251999999774e-01,-5.354794955000000134e-02,-2.523277201000000136e-02
1.610409189999999935e+00,8.965989425000000512e-01,-5.260753825000000217e-02,-2.592057219000000121e-02
1.610804370000000096e+00,8.985159038000000153e-01,-5.141614455000000083e-02,-2.633336436000000003e-02
1.611202529999999911e+00,8.989624639000000084e-01,-5.043002453999999996e-02,-2.668132976000000059e-02
1.611604360000000069e+00,8.994743509000000525e-01,-4.962464183000000334e-02,-2.703882279000000000e-02
1.612009290000000039e+00,9.002319080999999779e-01,-4.847496944000000141e-02,-2.758513988000000153e-02
1.612418020000000007e+00,9.022491269000000313e-01,-4.797230039000000001e-02,-2.824083980000000049e-02
1.612828029999999968e+00,9.039353059000000412e-01,-4.712569511999999822e-02,-2.889744283000000163e-02
1.613238039999999929e+00,9.048840047999999747e-01,-4.607465230999999856e-02,-2.955513063999999981e-02
1.613648049999999889e+00,9.053701868000000319e-01,-4.503530198999999845e-02,-3.017402490999999964e-02
1.614058060000000072e+00,9.054991288000000527e-01,-4.451050245999999683e-02,-3.077085901999999928e-02
1.614468720000000079e+00,9.069274714999999709e-01,-4.415721713000000243e-02,-3.134941481999999752e-02
1.614879380000000086e+00,9.092620437999999750e-01,-4.401879702000000005e-02,-3.200310986999999746e-02
1.615290040000000094e+00,9.110451778000000500e-01,-4.419087597000000145e-02,-3.250136790000000137e-02
1.615700700000000101e+00,9.123309344000000154e-01,-4.477253578999999817e-02,-3.308038993000000233e-02
1.616111360000000108e+00,9.124641637000000527e-01,-4.522292826000000321e-02,-3.366150538999999886e-02
1.616522019999999893e+00,9.132709396000000535e-01,-4.572598100999999970e-02,-3.392259039000000004e-02
1.616933329999999946e+00,9.134413646000000275e-01,-4.606187428999999889e-02,-3.428884798000000206e-02
1.617344649999999939e+00,9.119117875000000151e-01,-4.736928003000000220e-02,-3.449350471999999834e-02
1.617756629999999918e+00,9.083857255999999714e-01,-4.884829613999999709e-02,-3.449221241000000049e-02
1.618168609999999896e+00,9.044339386999999952e-01,-5.116342185000000153e-02,-3.402724339999999709e-02
1.618580579999999935e+00,8.988300015000000309e-01,-5.336642464000000002e-02,-3.348570697000000096e-02
1.618993230000000061e+00,8.939839115000000058e-01,-5.570967278999999772e-02,-3.286472313000000228e-02
1.619405870000000025e+00,8.896671546000000097e-01,-5.774401658000000159e-02,-3.229158810999999824e-02
1.619818519999999928e+00,8.854734603999999676e-01,-6.024662567999999885e-02,-3.177264048000000285e-02
1.620228500000000071e+00,8.816678355000000522e-01,-6.275086684000000248e-02,-3.098676306999999935e-02
1.620634530000000018e+00,8.794385743999999505e-01,-6.515660799000000392e-02,-3.016381183000000146e-02
1.621036689999999947e+00,8.781025740000000246e-01,-6.687267841999999796e-02,-2.933042087999999936e-02
1.621435050000000100e+00,8.787864946000000232e-01,-6.834511290000000461e-02,-2.838542252999999918e-02
1.621829669999999890e+00,8.800725879999999890e-01,-6.919884967000000664e-02,-2.741261638000000098e-02
1.622220610000000063e+00,8.819452644999999924e-01,-6.960189472000000155e-02,-2.630995310999999920e-02
1.622608529999999938e+00,8.850986812000000148e-01,-6.965409025999999559e-02,-2.523558101000000081e-02
1.622994070000000066e+00,8.872814946999999508e-01,-6.971598186999999891e-02,-2.402856634999999894e-02
1.623376670000000077e+00,8.897005934999999699e-01,-7.021651316999999448e-02,-2.290629942000000155e-02
1.623757520000000065e+00,8.921521367000000424e-01,-7.092515275999999869e-02,-2.206805333000000022e-02
1.624136629999999970e+00,8.931876062000000394e-01,-7.160538199999999520e-02,-2.140994426000000089e-02
1.624514599999999920e+00,8.943937741999999913e-01,-7.215732220999999946e-02,-2.091186048999999977e-02
1.624891419999999975e+00,8.947327306000000258e-01,-7.264318883999999754e-02,-2.050800918999999903e-02
1.625267110000000015e+00,8.942888491999999578e-01,-7.343861459000000647e-02,-2.031284484000000015e-02
1.625642220000000027e+00,8.939733171000000533e-01,-7.435011593000000196e-02,-2.024610468999999899e-02
1.626016780000000050e+00,8.936008184000000520e-01,-7.577459993000000560e-02,-2.016448364000000132e-02
1.626391329999999913e+00,8.940789635000000457e-01,-7.692344007000000150e-02,-2.001082495999999961e-02
1.626765309999999909e+00,8.953361703000000116e-01,-7.797725563000000581e-02,-1.975984924999999934e-02
1.627139289999999905e+00,8.959639108000000407e-01,-7.875685936000000054e-02,-1.961938811000000019e-02
1.627512709999999974e+00,8.957643334999999540e-01,-7.914070093000000194e-02,-1.960083262999999867e-02
1.627885559999999954e+00,8.958307821000000004e-01,-7.869296917000000169e-02,-1.963784068999999827e-02
1.628258420000000095e+00,8.977916151999999483e-01,-7.791628276999999769e-02,-1.981313202999999967e-02
1.628631270000000075e+00,9.022398190000000540e-01,-7.658696033999999597e-02,-2.005762523000000075e-02
1.629004689999999922e+00,9.060573895000000322e-01,-7.503309319999999782e-02,-2.010359311999999898e-02
1.629378680000000079e+00,9.086481436000000134e-01,-7.358941895999999983e-02,-2.013470519999999847e-02
1.629753240000000103e+00,9.092568347999999689e-01,-7.211255799000000632e-02,-2.002738997000000007e-02
1.630128379999999932e+00,9.080752293999999614e-01,-6.987060475999999631e-02,-1.985573154000000104e-02
1.630504689999999979e+00,9.061220373999999689e-01,-6.735036844000000245e-02,-1.955804906999999981e-02
1.630882149999999919e+00,9.049309466999999607e-01,-6.498479634999999865e-02,-1.926858882000000162e-02
1.631260209999999988e+00,9.040916409000000487e-01,-6.280153384000000671e-02,-1.903477107000000126e-02
1.631639449999999991e+00,9.047928594999999907e-01,-6.058527897000000328e-02,-1.887583554000000011e-02
1.632019289999999900e+00,9.072473954999999979e-01,-5.838573735000000126e-02,-1.868800328000000052e-02
1.632400319999999905e+00,9.083863475000000243e-01,-5.610343551000000067e-02,-1.833571338000000023e-02
1.632781959999999977e+00,9.094352846000000046e-01,-5.396960825000000211e-02,-1.800873436000000050e-02
1.633164810000000022e+00,9.109569455999999565e-01,-5.173510293999999954e-02,-1.772862036999999988e-02
1.633548269999999913e+00,9.106873475000000218e-01,-4.966172409999999871e-02,-1.741225866999999983e-02
1.633931119999999959e+00,9.110413277000000143e-01,-4.754742920999999872e-02,-1.717966201999999998e-02
1.634313359999999937e+00,9.116756158000000054e-01,-4.559160380999999901e-02,-1.700971693999999909e-02
1.634694990000000070e+00,9.117463691999999620e-01,-4.425449396000000202e-02,-1.675881376000000131e-02
1.635076619999999981e+00,9.113121182000000209e-01,-4.310125907000000173e-02,-1.662520619999999921e-02
1.635458249999999891e+00,9.089906732000000433e-01,-4.167525106000000146e-02,-1.656772537000000128e-02
1.635839880000000024e+00,9.058319730999999653e-01,-4.018738845000000004e-02,-1.670259783999999970e-02
1.636221499999999995e+00,9.037686161000000329e-01,-3.932216156999999990e-02,-1.692591686000000095e-02
1.636603129999999906e+00,9.034591618999999740e-01,-3.871827601999999757e-02,-1.743164919999999965e-02
1.636984760000000039e+00,9.034328359000000086e-01,-3.831266517000000288e-02,-1.821118250999999993e-02
1.637365780000000104e+00,9.057386107999999547e-01,-3.732852119999999913e-02,-1.939859004000000012e-02
1.637746179999999940e+00,9.074454625000000219e-01,-3.692089274000000254e-02,-2.068735344000000032e-02
1.638126579999999999e+00,9.078227124000000092e-01,-3.686010287000000135e-02,-2.191316968000000046e-02
1.638506980000000057e+00,9.074543296000000536e-01,-3.767289433999999881e-02,-2.290522726000000092e-02
1.638887999999999900e+00,9.067519969999999763e-01,-3.843799959000000072e-02,-2.373678060000000006e-02
1.639269639999999972e+00,9.056071385999999723e-01,-3.906900541999999699e-02,-2.446034138000000024e-02
1.639651900000000051e+00,9.057768204999999684e-01,-3.977990104999999665e-02,-2.518558148000000010e-02
1.640035410000000082e+00,9.055212404000000381e-01,-4.027852152999999991e-02,-2.583080163000000054e-02
1.640420819999999891e+00,9.044542680999999584e-01,-4.020540230999999909e-02,-2.643550052999999941e-02
1.640807509999999914e+00,9.027529603999999708e-01,-3.974252045999999983e-02,-2.693498965000000120e-02
1.641196139999999914e+00,8.999457531000000232e-01,-3.900131675000000075e-02,-2.736478188999999853e-02
1.641587380000000040e+00,8.972693894000000059e-01,-3.838795244999999856e-02,-2.771917546999999940e-02
1.641980610000000063e+00,8.936892971000000019e-01,-3.791311347000000248e-02,-2.810564327000000112e-02
1.642376540000000107e+00,8.904724226000000353e-01,-3.732246823999999658e-02,-2.848939728999999935e-02
1.642775190000000052e+00,8.888028788999999819e-01,-3.673329150000000098e-02,-2.885923837000000172e-02
1.643176610000000037e+00,8.875691321999999994e-01,-3.664984344999999699e-02,-2.923869557000000063e-02
1.643581570000000047e+00,8.855201722000000109e-01,-3.711877406999999907e-02,-2.958784828999999963e-02
1.643988669999999930e+00,8.849317577999999962e-01,-3.812065483999999699e-02,-2.999017491000000035e-02
1.644396500000000039e+00,8.847901307000000104e-01,-3.954366349999999947e-02,-3.047771198999999973e-02
1.644804319999999986e+00,8.855174862000000369e-01,-4.159989756000000150e-02,-3.091848595999999866e-02
1.645212880000000100e+00,8.864132524000000179e-01,-4.380898510000000301e-02,-3.124323246999999998e-02
1.645622160000000056e+00,8.865893114999999769e-01,-4.659464666000000255e-02,-3.117508899999999958e-02
1.646032930000000061e+00,8.863346904000000137e-01,-4.980068517999999833e-02,-3.099844632000000114e-02
1.646444430000000070e+00,8.866591931999999732e-01,-5.336672657000000181e-02,-3.065973899999999835e-02
1.646857430000000067e+00,8.880761715999999639e-01,-5.691523341000000180e-02,-3.019182955000000029e-02
1.647271179999999946e+00,8.898358034000000139e-01,-6.033813142999999712e-02,-2.969323351000000000e-02
1.647685700000000031e+00,8.922750416000000406e-01,-6.354991745999999386e-02,-2.922180048000000072e-02
1.648100969999999998e+00,8.930777638000000351e-01,-6.647102802000000310e-02,-2.864753633000000077e-02
1.648517009999999949e+00,8.932669468999999696e-01,-6.891978109999999380e-02,-2.799600891999999910e-02
1.648932279999999917e+00,8.925510566000000034e-01,-7.079289522999999973e-02,-2.723166629999999866e-02
1.649347560000000046e+00,8.912436603000000179e-01,-7.220402072999999865e-02,-2.637711175999999866e-02
1.649761299999999986e+00,8.907463638000000516e-01,-7.324780695999999480e-02,-2.570153349000000101e-02
1.650173509999999899e+00,8.903674582999999698e-01,-7.369772528000000100e-02,-2.493553509999999959e-02
1.650584220000000046e+00,8.907679279000000339e-01,-7.366238526000000453e-02,-2.414598570000000069e-02
1.650992660000000001e+00,8.920663158999999620e-01,-7.286904097999999386e-02,-2.351618269000000164e-02
1.651398130000000020e+00,8.924400908999999826e-01,-7.166819949000000078e-02,-2.295791381000000103e-02
1.651801389999999925e+00,8.934732069999999915e-01,-7.069806513000000125e-02,-2.260896540000000010e-02
1.652201739999999974e+00,8.948306672000000406e-01,-7.015526508000000105e-02,-2.246767418999999835e-02
1.652598500000000081e+00,8.962612927999999979e-01,-7.014585327000000259e-02,-2.245341421000000143e-02
1.652991730000000103e+00,8.984435133000000517e-01,-6.996452185000000268e-02,-2.266888038999999994e-02
1.653381489999999898e+00,9.013336133999999555e-01,-7.040723155000000455e-02,-2.295089910000000163e-02
1.653767830000000050e+00,9.027872265999999923e-01,-7.120046782000000185e-02,-2.329672730000000025e-02
1.654150800000000032e+00,9.040086403000000548e-01,-7.211339945000000418e-02,-2.350218884000000036e-02
1.654530459999999925e+00,9.041455161000000462e-01,-7.338755225000000160e-02,-2.372957321000000036e-02
1.654907509999999915e+00,9.043541498999999595e-01,-7.514728599000000675e-02,-2.384534368999999959e-02
1.655281980000000042e+00,9.048755902999999767e-01,-7.669151122999999515e-02,-2.397510693000000012e-02
1.655654519999999907e+00,9.060670167000000053e-01,-7.802527698000000234e-02,-2.412738123999999887e-02
1.656024539999999989e+00,9.076223446000000195e-01,-7.888738773999999510e-02,-2.439810611000000143e-02
1.656391439999999937e+00,9.103623027999999673e-01,-7.936403878000000689e-02,-2.468446607999999834e-02
1.656755259999999952e+00,9.142926675000000447e-01,-7.929934364000000568e-02,-2.502590373000000007e-02
1.657116660000000019e+00,9.182629842999999736e-01,-7.936289066000000447e-02,-2.546760417000000151e-02
1.657476259999999924e+00,9.218908811999999564e-01,-7.875365866000000326e-02,-2.586946282000000125e-02
1.657834070000000048e+00,9.247163065000000293e-01,-7.775611624000000610e-02,-2.612655088999999917e-02
1.658190110000000050e+00,9.267089434999999931e-01,-7.674174947999999608e-02,-2.621593632000000090e-02
1.658545570000000025e+00,9.286500495999999716e-01,-7.568447813999999718e-02,-2.625161387999999998e-02
1.658900440000000032e+00,9.303693148999999663e-01,-7.501682990999999912e-02,-2.603185572000000017e-02
1.659254720000000072e+00,9.328421398999999781e-01,-7.487401347000000040e-02,-2.559697886000000117e-02
1.659608999999999890e+00,9.350028970999999522e-01,-7.457958876999999653e-02,-2.505664381000000107e-02
1.659963279999999930e+00,9.367849608999999633e-01,-7.422685647000000497e-02,-2.450444347999999883e-02
1.660318149999999937e+00,9.378861976000000267e-01,-7.352850159000000330e-02,-2.403897228000000108e-02
1.660673609999999911e+00,9.394159423000000286e-01,-7.286220561999999512e-02,-2.347695569999999968e-02
1.661030259999999981e+00,9.404931981999999913e-01,-7.192476264000000064e-02,-2.291355164999999902e-02
1.661388110000000085e+00,9.418448232999999670e-01,-7.081257433000000268e-02,-2.229433122999999878e-02
1.661747789999999947e+00,9.423424217000000436e-01,-6.933451693999999332e-02,-2.166837418999999904e-02
1.662109300000000012e+00,9.427304624000000244e-01,-6.765377234000000128e-02,-2.110135682000000013e-02
1.662472050000000090e+00,9.417810125000000143e-01,-6.595753552999999991e-02,-2.068316477999999903e-02
1.662836690000000006e+00,9.395130676999999819e-01,-6.429845963999999969e-02,-2.034807498999999936e-02
1.663202590000000036e+00,9.369003554999999483e-01,-6.259620942999999382e-02,-2.001642236999999838e-02
1.663569129999999952e+00,9.339628778999999881e-01,-6.074335189999999912e-02,-1.984013126000000113e-02
1.663936300000000035e+00,9.306725926000000149e-01,-5.875503714000000072e-02,-1.980924155999999950e-02
1.664303480000000057e+00,9.278021502000000087e-01,-5.660581189000000318e-02,-1.983974877999999942e-02
1.664671299999999965e+00,9.248135395000000036e-01,-5.486525041999999741e-02,-1.985423324000000142e-02
1.665039130000000034e+00,9.230819634000000384e-01,-5.364177753999999770e-02,-1.995607992000000136e-02
1.665407599999999988e+00,9.207996187000000443e-01,-5.297626292999999681e-02,-2.011584018000000043e-02
1.665776729999999928e+00,9.189143843999999506e-01,-5.215519788999999767e-02,-2.025859242999999976e-02
1.666146509999999914e+00,9.160429547999999755e-01,-5.157250463000000174e-02,-2.040559519000000044e-02
1.666516950000000108e+00,9.138084472999999930e-01,-5.116513199000000123e-02,-2.054722359000000012e-02
1.666888729999999930e+00,9.112435227999999832e-01,-5.098433311000000190e-02,-2.058219392999999925e-02
1.667261840000000106e+00,9.085296882000000185e-01,-5.104279310999999819e-02,-2.055040509000000126e-02
1.667636310000000011e+00,9.066573072000000399e-01,-5.139617582000000073e-02,-2.061010803999999835e-02
1.668012150000000027e+00,9.043966415999999953e-01,-5.166273870000000212e-02,-2.062030960999999829e-02
1.668389370000000094e+00,9.020822241999999491e-01,-5.243992113999999816e-02,-2.057077275000000066e-02
1.668767969999999989e+00,8.997651200999999821e-01,-5.308646171999999858e-02,-2.055432421999999967e-02
1.669147989999999915e+00,8.971478157000000175e-01,-5.364544398999999963e-02,-2.063876061999999831e-02
1.669529419999999931e+00,8.951243593000000054e-01,-5.418814112999999905e-02,-2.075132521999999841e-02
1.669912279999999916e+00,8.936500173000000435e-01,-5.441685350000000088e-02,-2.090717991000000039e-02
1.670296589999999970e+00,8.922625406999999953e-01,-5.445023415999999949e-02,-2.112258684999999969e-02
1.670682350000000094e+00,8.922767337000000465e-01,-5.404891424000000250e-02,-2.148180091999999861e-02
1.671069590000000105e+00,8.916041687000000326e-01,-5.298570323000000026e-02,-2.178738560000000046e-02
1.671459060000000107e+00,8.917796103999999779e-01,-5.208727880999999837e-02,-2.200909838000000146e-02
1.671850800000000081e+00,8.925852363999999817e-01,-5.114251745000000099e-02,-2.228637057999999921e-02
1.672244829999999904e+00,8.926197315999999660e-01,-5.008065978000000168e-02,-2.276185791999999972e-02
1.672641190000000000e+00,8.930075305000000352e-01,-4.894546142999999655e-02,-2.327661312999999843e-02
1.673039900000000024e+00,8.935944808000000350e-01,-4.773435940000000238e-02,-2.375799389999999969e-02
1.673441820000000080e+00,8.939567625000000017e-01,-4.646044624000000151e-02,-2.414575876000000024e-02
1.673846170000000022e+00,8.952801999999999705e-01,-4.529964594000000094e-02,-2.444607244999999832e-02
1.674253819999999893e+00,8.969314600000000137e-01,-4.431200980000000317e-02,-2.464656881999999910e-02
1.674664829999999993e+00,8.980084674999999628e-01,-4.325657903999999970e-02,-2.478541256999999831e-02
1.675078410000000018e+00,8.989255186000000286e-01,-4.230912487999999999e-02,-2.503463745999999837e-02
1.675494580000000067e+00,8.990928220999999665e-01,-4.132180367999999798e-02,-2.513638854999999950e-02
1.675912520000000017e+00,8.987310688999999853e-01,-4.060601813999999837e-02,-2.521852976000000038e-02
1.676331330000000008e+00,8.973404579000000547e-01,-3.971342616000000242e-02,-2.543876285999999848e-02
1.676751040000000081e+00,8.970963351999999835e-01,-3.863098546000000300e-02,-2.585801831000000134e-02
1.677171650000000014e+00,8.988504977000000284e-01,-3.767889138999999665e-02,-2.652236976000000093e-02
1.677592259999999946e+00,9.000315463000000404e-01,-3.755223170000000082e-02,-2.715189075000000105e-02
1.678011960000000080e+00,8.988264311000000450e-01,-3.778535152999999702e-02,-2.740820438999999956e-02
1.678430770000000072e+00,8.974746542000000549e-01,-3.908614221000000083e-02,-2.745378655999999862e-02
1.678848679999999982e+00,8.945662431999999997e-01,-4.103128931000000340e-02,-2.732673270999999918e-02
1.679264799999999891e+00,8.905500887999999726e-01,-4.362802661000000221e-02,-2.702805553999999832e-02
1.679678269999999918e+00,8.880496712000000015e-01,-4.624024706999999706e-02,-2.674555039000000092e-02
1.680089109999999941e+00,8.852886542000000247e-01,-4.836590974999999820e-02,-2.631446445999999911e-02
1.680496489999999898e+00,8.829241186999999824e-01,-5.035838789000000176e-02,-2.566561850000000089e-02
1.680901310000000093e+00,8.818480040999999714e-01,-5.257685178999999681e-02,-2.493419275000000046e-02
1.681302759999999896e+00,8.800454291999999512e-01,-5.501875450999999667e-02,-2.414563645000000064e-02
1.681700060000000052e+00,8.787415787000000256e-01,-5.748901674000000267e-02,-2.353378004000000051e-02
1.682094090000000097e+00,8.791869544000000536e-01,-5.937014897000000152e-02,-2.306272235999999934e-02
1.682484909999999889e+00,8.811456822000000022e-01,-6.077179935000000255e-02,-2.273524810000000090e-02
1.682872549999999912e+00,8.819105268000000386e-01,-6.168711877000000038e-02,-2.211892756999999862e-02
1.683257079999999961e+00,8.824939559000000155e-01,-6.222861349000000097e-02,-2.158099050000000102e-02
1.683638509999999977e+00,8.839989244000000523e-01,-6.253369009999999728e-02,-2.100085407999999904e-02
1.684016909999999978e+00,8.845301904000000270e-01,-6.236466161999999758e-02,-2.031859031999999968e-02
1.684393060000000109e+00,8.846284644999999891e-01,-6.166942815999999772e-02,-1.969956728000000004e-02
1.684766980000000025e+00,8.834711751999999585e-01,-6.096835831999999900e-02,-1.909346200999999937e-02
1.685139420000000055e+00,8.834240138000000186e-01,-6.032156044999999883e-02,-1.850721255999999981e-02
1.685510389999999914e+00,8.836322774000000546e-01,-5.971203080000000302e-02,-1.789101652000000056e-02
1.685880639999999930e+00,8.844510754000000086e-01,-5.896206997000000283e-02,-1.730891048999999918e-02
1.686250150000000003e+00,8.854806886999999627e-01,-5.850573928999999729e-02,-1.661521662999999871e-02
1.686618940000000011e+00,8.867646005000000553e-01,-5.851319057999999906e-02,-1.596272638000000021e-02
1.686987730000000019e+00,8.882955045000000549e-01,-5.895309465000000276e-02,-1.531256611000000011e-02
1.687356520000000026e+00,8.906213928999999752e-01,-5.940677790999999985e-02,-1.469010429999999950e-02
1.687726040000000038e+00,8.924363743000000015e-01,-6.061830842000000275e-02,-1.404032520000000027e-02
1.688097039999999938e+00,8.967358991999999640e-01,-6.202519083000000016e-02,-1.371038435000000028e-02
1.688468029999999898e+00,8.999689233000000010e-01,-6.384396043999999992e-02,-1.339893284999999976e-02
1.688837549999999910e+00,9.024807073999999707e-01,-6.567670097000000151e-02,-1.305057450000000029e-02
1.689205590000000035e+00,9.054553292999999448e-01,-6.752407238999999506e-02,-1.276482471000000077e-02
1.689572899999999933e+00,9.091937683999999908e-01,-6.887178176000000041e-02,-1.256674156000000056e-02
1.689939480000000049e+00,9.128627994000000356e-01,-6.936738637000000596e-02,-1.253877865999999952e-02
1.690305320000000000e+00,9.156904428000000040e-01,-6.975975167999999560e-02,-1.257755106999999990e-02
1.690671169999999890e+00,9.177008902000000079e-01,-6.965677453000000685e-02,-1.283439825999999929e-02
1.691037020000000002e+00,9.203508873000000312e-01,-6.953253685000000683e-02,-1.316890255999999919e-02
1.691402869999999892e+00,9.228393497000000334e-01,-6.914099632999999578e-02,-1.340789463000000015e-02
1.691768710000000064e+00,9.249476327000000220e-01,-6.841376109999999788e-02,-1.364939404999999939e-02
1.692135299999999898e+00,9.277898760999999661e-01,-6.791226826000000549e-02,-1.396900432000000060e-02
1.692502629999999897e+00,9.285275145000000396e-01,-6.674342882000000587e-02,-1.424859893999999919e-02
1.692870700000000062e+00,9.281065995999999707e-01,-6.529463528999999988e-02,-1.457558739999999936e-02
1.693239520000000109e+00,9.275522902999999708e-01,-6.374269000000000462e-02,-1.487964190000000061e-02
1.693609860000000022e+00,9.267781827000000083e-01,-6.233294562000000344e-02,-1.497093166000000065e-02
1.693981729999999963e+00,9.255778690999999503e-01,-6.084372643000000164e-02,-1.522809974000000066e-02
1.694354380000000049e+00,9.253755979000000131e-01,-5.899985982000000018e-02,-1.557327338999999963e-02
1.694728570000000101e+00,9.255504570000000486e-01,-5.738888917999999950e-02,-1.592458679000000044e-02
1.695104340000000098e+00,9.249996024000000094e-01,-5.571512567999999804e-02,-1.615303740000000043e-02
1.695481699999999980e+00,9.253964125000000429e-01,-5.437318414999999655e-02,-1.643977962000000084e-02
1.695861470000000093e+00,9.259902090999999613e-01,-5.302041770999999654e-02,-1.687687386999999969e-02
1.696243689999999971e+00,9.255286000000000346e-01,-5.165964448999999653e-02,-1.752929740999999847e-02
1.696628400000000036e+00,9.254878941999999942e-01,-5.066657364999999774e-02,-1.830910323999999922e-02
1.697013950000000104e+00,9.256434876000000367e-01,-4.955949453999999865e-02,-1.919072749000000008e-02
1.697400339999999952e+00,9.263969209000000316e-01,-4.852102590000000049e-02,-2.025492174000000090e-02
1.697787579999999963e+00,9.256251556000000269e-01,-4.778114069000000130e-02,-2.110215966000000137e-02
1.698174829999999913e+00,9.241015256000000289e-01,-4.684331891000000081e-02,-2.172906101999999909e-02
1.698561210000000044e+00,9.228620864000000035e-01,-4.682503676000000087e-02,-2.212980406000000094e-02
1.698946749999999950e+00,9.220473202000000201e-01,-4.682119557000000154e-02,-2.245754116000000036e-02
1.699331439999999915e+00,9.203592574000000193e-01,-4.701286838000000301e-02,-2.275625652000000040e-02
1.699715279999999940e+00,9.178678330999999746e-01,-4.761052782999999899e-02,-2.319617235999999957e-02
1.700098270000000023e+00,9.149684167999999618e-01,-4.845737269000000014e-02,-2.343838092000000151e-02
1.700481270000000045e+00,9.124299325000000405e-01,-4.946339846000000207e-02,-2.347383705999999889e-02
1.700864259999999906e+00,9.106121985999999779e-01,-5.075235085000000257e-02,-2.343759161999999993e-02
1.701248110000000091e+00,9.074742208999999615e-01,-5.137374167000000047e-02,-2.332134862999999877e-02
1.701631949999999893e+00,9.045631928999999793e-01,-5.228584713000000023e-02,-2.328992239999999950e-02
1.702017520000000061e+00,9.015284770000000503e-01,-5.280434861999999674e-02,-2.324738374999999954e-02
1.702403960000000049e+00,9.008969435000000470e-01,-5.308281378000000161e-02,-2.339632297999999846e-02
1.702792139999999899e+00,9.007995201999999813e-01,-5.327421618000000025e-02,-2.378961739000000006e-02
1.703182100000000032e+00,9.019874672000000038e-01,-5.377015430999999845e-02,-2.434980918999999841e-02
1.703574759999999966e+00,9.037310742999999924e-01,-5.437477124000000134e-02,-2.507730145999999966e-02
1.703971080000000082e+00,9.058516908999999506e-01,-5.505173909000000282e-02,-2.582700661999999883e-02
1.704371129999999956e+00,9.075215134999999878e-01,-5.585253966999999958e-02,-2.636527779999999974e-02
1.704775010000000091e+00,9.081864779999999637e-01,-5.651803082000000228e-02,-2.681431115999999976e-02
1.705182790000000059e+00,9.093358239000000065e-01,-5.696973219999999782e-02,-2.727780298000000159e-02
1.705593549999999903e+00,9.080658313999999676e-01,-5.772066689000000111e-02,-2.735452273000000059e-02
1.706007339999999983e+00,9.055089470999999612e-01,-5.849812937999999962e-02,-2.731765608999999970e-02
1.706424230000000097e+00,9.020601817000000189e-01,-5.950445226000000004e-02,-2.717295964999999827e-02
1.706841110000000050e+00,8.983867001999999991e-01,-6.033762112999999788e-02,-2.673951390000000108e-02
1.707253869999999951e+00,8.935114679000000226e-01,-6.124568942999999988e-02,-2.611350588999999944e-02
1.707662570000000102e+00,8.891210140999999956e-01,-6.224480869000000027e-02,-2.541247900999999906e-02
1.708067280000000077e+00,8.870926577000000091e-01,-6.295907387999999383e-02,-2.471702200999999904e-02
1.708468080000000056e+00,8.851217475999999529e-01,-6.331491178999999747e-02,-2.395344459000000106e-02
1.708864060000000018e+00,8.841576579000000047e-01,-6.365783192000000479e-02,-2.337114864999999958e-02
1.709256279999999961e+00,8.837154321000000312e-01,-6.394593588999999967e-02,-2.275318440999999844e-02
1.709644790000000025e+00,8.836244696999999704e-01,-6.421138161999999372e-02,-2.218204278999999848e-02
1.710029650000000068e+00,8.847779915000000273e-01,-6.442122164999999900e-02,-2.168861601999999902e-02
1.710410919999999946e+00,8.884032090000000270e-01,-6.445787018000000146e-02,-2.134351251999999990e-02
1.710788659999999961e+00,8.917394806999999757e-01,-6.449070142000000450e-02,-2.099171134000000008e-02
1.711163790000000073e+00,8.949871879999999891e-01,-6.449659166000000499e-02,-2.071806225999999959e-02
1.711537190000000042e+00,8.995168862000000320e-01,-6.458690620000000215e-02,-2.058569148999999862e-02
1.711908030000000025e+00,9.038783258000000487e-01,-6.520289198999999758e-02,-2.041139838999999831e-02
1.712278030000000006e+00,9.070266719999999783e-01,-6.543904320000000496e-02,-2.024042185999999979e-02
1.712646330000000106e+00,9.104495727000000427e-01,-6.590180525000000067e-02,-2.022605499999999973e-02
1.713013789999999981e+00,9.118449324999999828e-01,-6.602388055999999783e-02,-2.011007299999999914e-02
1.713381250000000078e+00,9.117705162999999446e-01,-6.598304235999999379e-02,-1.992606453999999985e-02
1.713748719999999892e+00,9.125023342000000426e-01,-6.546969598999999307e-02,-1.985256733999999842e-02
1.714117029999999930e+00,9.115070181000000105e-01,-6.480240890999999781e-02,-1.974583436999999969e-02
1.714486189999999910e+00,9.102832185000000464e-01,-6.392644621000000138e-02,-1.963160953000000000e-02
1.714856209999999992e+00,9.071763828000000141e-01,-6.303411597999999949e-02,-1.932736801999999920e-02
1.715227089999999954e+00,9.035778567000000150e-01,-6.230125322999999909e-02,-1.892872442000000099e-02
1.715598849999999898e+00,9.001830558000000204e-01,-6.101357738000000308e-02,-1.861651628999999933e-02
1.715971480000000104e+00,8.968932965999999452e-01,-5.966400791999999786e-02,-1.838696785000000153e-02
1.716341490000000025e+00,8.945873269999999877e-01,-5.800620558999999843e-02,-1.822000832999999889e-02
1.716708899999999982e+00,8.943691028000000376e-01,-5.590125877999999743e-02,-1.814533806999999929e-02
1.717074599999999895e+00,8.945656490000000183e-01,-5.367717027999999863e-02,-1.821582646000000083e-02
1.717438599999999926e+00,8.968732368999999816e-01,-5.156349956999999734e-02,-1.837923963999999952e-02
1.717801759999999955e+00,8.995748176000000207e-01,-4.952931027000000153e-02,-1.866004677000000084e-02
1.718164070000000043e+00,9.031990455999999723e-01,-4.802812945999999916e-02,-1.884921486999999868e-02
1.718525539999999907e+00,9.056529342000000371e-01,-4.570901411000000136e-02,-1.898471163999999878e-02
1.718887000000000054e+00,9.082523507999999968e-01,-4.375286133999999744e-02,-1.896545092000000154e-02
1.719247629999999916e+00,9.093765968999999449e-01,-4.196651893000000189e-02,-1.881748702999999981e-02
1.719607410000000058e+00,9.094787029999999994e-01,-4.095230536999999726e-02,-1.841926752000000098e-02
1.719967189999999979e+00,9.085872573000000063e-01,-4.038332406000000319e-02,-1.787166591000000082e-02
1.720326980000000061e+00,9.069827850999999663e-01,-4.039473608000000021e-02,-1.734874583999999886e-02
1.720686759999999982e+00,9.042048396999999849e-01,-4.037813226999999866e-02,-1.682317100000000135e-02
1.721047390000000066e+00,9.019373893000000031e-01,-4.037919689000000339e-02,-1.646578438000000089e-02
1.721408880000000030e+00,9.017616546000000177e-01,-4.071732479000000210e-02,-1.611435150999999955e-02
1.721771230000000097e+00,9.012017625999999559e-01,-4.143310793999999825e-02,-1.575313790999999936e-02
1.722134440000000044e+00,9.012097970000000347e-01,-4.199935458000000205e-02,-1.543905907999999945e-02
1.722497659999999930e+00,9.008021773000000065e-01,-4.249261861999999862e-02,-1.506333443999999938e-02
1.722860870000000100e+00,8.996765237999999609e-01,-4.287245122999999714e-02,-1.479754842000000070e-02
1.723224089999999986e+00,8.994081037000000167e-01,-4.312106968999999956e-02,-1.459474288000000078e-02
1.723588179999999914e+00,8.991228313000000361e-01,-4.296299734999999703e-02,-1.441746680999999967e-02
1.723952270000000064e+00,8.980157345999999485e-01,-4.246715958999999763e-02,-1.432410450999999953e-02
1.724316369999999932e+00,8.965934167000000343e-01,-4.207923906000000241e-02,-1.440777426000000062e-02
1.724681350000000002e+00,8.970531843000000283e-01,-4.160089873000000216e-02,-1.463516383999999976e-02
1.725046340000000011e+00,8.962523720999999721e-01,-4.097970765000000237e-02,-1.503718153000000064e-02
1.725412219999999941e+00,8.945046268999999883e-01,-3.986449066000000152e-02,-1.536526640999999992e-02
1.725779009999999891e+00,8.931312369999999667e-01,-3.885977565999999828e-02,-1.569336056000000118e-02
1.726147630000000044e+00,8.919189693000000307e-01,-3.826151783000000112e-02,-1.600044030999999908e-02
1.726518100000000056e+00,8.901876848999999980e-01,-3.767106491999999696e-02,-1.630144248000000087e-02
1.726890440000000027e+00,8.891314917000000539e-01,-3.708752513000000001e-02,-1.663756377999999966e-02
1.727264689999999936e+00,8.873911191000000143e-01,-3.612921122999999957e-02,-1.684245554999999964e-02
1.727641830000000045e+00,8.869615549999999571e-01,-3.494915283999999733e-02,-1.699174485000000054e-02
1.728020930000000011e+00,8.880538717999999498e-01,-3.390592725000000224e-02,-1.727033575000000085e-02
1.728402009999999933e+00,8.901483747999999752e-01,-3.298846492000000186e-02,-1.762134766999999894e-02
1.728785110000000014e+00,8.922453154999999692e-01,-3.241518899999999703e-02,-1.808376891999999986e-02
1.729169219999999951e+00,8.946219401999999654e-01,-3.255240392000000038e-02,-1.856304620999999974e-02
1.729554349999999907e+00,8.982108664000000298e-01,-3.281589945999999897e-02,-1.912469789000000031e-02
1.729940519999999982e+00,9.022459573000000121e-01,-3.343396224999999750e-02,-1.959375589000000167e-02
1.730327729999999953e+00,9.091740020999999894e-01,-3.450403779999999809e-02,-2.006160804999999880e-02
1.730715989999999982e+00,9.162205217000000124e-01,-3.609851104999999699e-02,-2.063118908000000085e-02
1.731106370000000005e+00,9.240408384999999614e-01,-3.777644220999999691e-02,-2.117556757000000137e-02
1.731498900000000063e+00,9.311189997000000051e-01,-3.962098648000000195e-02,-2.179129285999999860e-02
1.731893609999999972e+00,9.385522912000000550e-01,-4.178269912000000252e-02,-2.231961275999999952e-02
1.732290529999999995e+00,9.440250239999999904e-01,-4.349720040999999898e-02,-2.272472581999999963e-02
1.732690819999999965e+00,9.463109918000000009e-01,-4.486723782000000271e-02,-2.288482137999999985e-02
1.733094560000000062e+00,9.464739489000000283e-01,-4.586293265000000036e-02,-2.307103492000000047e-02
1.733501809999999921e+00,9.427935371000000231e-01,-4.654379792999999849e-02,-2.328922213999999949e-02
1.733906699999999912e+00,9.383411274999999829e-01,-4.702526425999999787e-02,-2.341214298999999902e-02
1.734309260000000075e+00,9.328365124999999924e-01,-4.770053626000000241e-02,-2.339904978000000024e-02
1.734709510000000066e+00,9.262938145000000345e-01,-4.812340972000000300e-02,-2.352165117000000125e-02
1.735107460000000046e+00,9.202088395999999948e-01,-4.940377995999999799e-02,-2.366648181000000073e-02
1.735503140000000055e+00,9.132045696999999684e-01,-5.007989906000000213e-02,-2.398125003999999894e-02
1.735897690000000049e+00,9.069450698000000033e-01,-5.028836457000000065e-02,-2.417364841999999903e-02
1.736289980000000011e+00,9.024761982000000238e-01,-4.985775307999999739e-02,-2.464680769999999868e-02
1.736681169999999996e+00,8.979117321999999790e-01,-4.929152055000000227e-02,-2.521195543999999941e-02
1.737071229999999966e+00,8.941552723000000258e-01,-4.846778973000000212e-02,-2.583573899999999993e-02
1.737460189999999960e+00,8.914129565999999727e-01,-4.708500982000000251e-02,-2.658297249999999959e-02
1.737849149999999954e+00,8.893524726999999519e-01,-4.570805401999999962e-02,-2.736782062000000029e-02
1.738238100000000008e+00,8.872269005999999791e-01,-4.457710430000000335e-02,-2.795271590999999847e-02
1.738627060000000002e+00,8.855701057999999515e-01,-4.370044212000000206e-02,-2.812053268000000092e-02
1.739016019999999996e+00,8.854634590000000083e-01,-4.346347595999999758e-02,-2.820328395999999876e-02
1.739406100000000066e+00,8.865571656999999828e-01,-4.403100373999999789e-02,-2.808740990999999965e-02
1.739797320000000092e+00,8.882804967999999857e-01,-4.522346434999999915e-02,-2.768916570000000063e-02
1.740189690000000011e+00,8.892720933000000105e-01,-4.677501388000000065e-02,-2.710791070000000136e-02
1.740582059999999931e+00,8.906219996999999999e-01,-4.847981176999999892e-02,-2.631798775000000062e-02
1.740975589999999906e+00,8.911197640000000364e-01,-4.999232902999999756e-02,-2.555022762000000100e-02
1.741370290000000098e+00,8.914484674000000552e-01,-5.180429000000000284e-02,-2.469287246000000102e-02
1.741764990000000068e+00,8.911143368999999703e-01,-5.325242780000000176e-02,-2.372732988999999917e-02
1.742160869999999973e+00,8.892660833000000098e-01,-5.449524845999999950e-02,-2.277977050000000100e-02
1.742559160000000107e+00,8.861092068000000488e-01,-5.527816130999999716e-02,-2.191074075000000107e-02
1.742958659999999993e+00,8.817141730999999982e-01,-5.488018153000000232e-02,-2.110999461999999924e-02
1.743358149999999940e+00,8.787585323000000059e-01,-5.442552736000000335e-02,-2.049509405999999992e-02
1.743757650000000048e+00,8.773964052999999597e-01,-5.385664882999999931e-02,-1.998526252999999892e-02
1.744155930000000021e+00,8.773777579000000548e-01,-5.360581680999999821e-02,-1.957111967000000133e-02
1.744550559999999972e+00,8.779058712999999736e-01,-5.321775670000000041e-02,-1.913497299999999957e-02
1.744941599999999982e+00,8.786704503000000166e-01,-5.259855767999999793e-02,-1.870777025999999926e-02
1.745330279999999901e+00,8.789644975000000526e-01,-5.160447910000000304e-02,-1.842098685000000124e-02
1.745716620000000052e+00,8.797411644999999503e-01,-5.055911745999999707e-02,-1.822193768000000130e-02
1.746100640000000093e+00,8.810627128000000363e-01,-4.990106039000000160e-02,-1.793733843999999883e-02
1.746483510000000017e+00,8.828588333000000343e-01,-4.925945527000000213e-02,-1.759444261000000023e-02
1.746864079999999930e+00,8.851874786000000217e-01,-4.900620814000000020e-02,-1.730391858000000088e-02
1.747243510000000111e+00,8.880074566000000225e-01,-4.904458856999999866e-02,-1.713893856000000063e-02
1.747621810000000053e+00,8.917649376999999822e-01,-4.980955061999999683e-02,-1.698978775999999968e-02
1.748000109999999996e+00,8.956910740000000315e-01,-5.074448506999999775e-02,-1.687391422999999849e-02
1.748377269999999983e+00,8.996863835999999726e-01,-5.181495227999999981e-02,-1.665470707000000009e-02
1.748753299999999955e+00,9.042060140000000024e-01,-5.307698145999999867e-02,-1.638338731000000062e-02
1.749129329999999927e+00,9.076111874000000190e-01,-5.427317319000000279e-02,-1.604484221000000016e-02
1.749504219999999943e+00,9.112296568000000097e-01,-5.567048159000000107e-02,-1.556668333999999994e-02
1.749877990000000105e+00,9.150260580000000310e-01,-5.705342434999999962e-02,-1.504466334999999926e-02
1.750250630000000029e+00,9.184390718999999592e-01,-5.801911936000000297e-02,-1.453274205000000020e-02
1.750622150000000099e+00,9.206216408999999823e-01,-5.884891031000000217e-02,-1.418882395000000025e-02
1.750992550000000092e+00,9.228304824999999934e-01,-6.016746629999999985e-02,-1.375852993000000087e-02
1.751361830000000008e+00,9.250879896999999463e-01,-6.129876983000000223e-02,-1.334319821999999968e-02
1.751731120000000086e+00,9.260796527000000333e-01,-6.241751798999999740e-02,-1.287768882999999927e-02
1.752100400000000002e+00,9.281173916999999607e-01,-6.289890952000000424e-02,-1.246188959999999964e-02
1.752470809999999934e+00,9.293393316000000404e-01,-6.302105280000000476e-02,-1.197585502999999954e-02
1.752841220000000089e+00,9.307384815999999450e-01,-6.255402511999999526e-02,-1.150640546000000070e-02
1.753212769999999976e+00,9.316114475000000228e-01,-6.158694649000000243e-02,-1.129012549000000046e-02
1.753585469999999980e+00,9.309804915999999597e-01,-6.028370177000000329e-02,-1.102655288000000018e-02
1.753959330000000039e+00,9.274080144999999886e-01,-5.862830734999999877e-02,-1.090949325999999997e-02
1.754333190000000098e+00,9.248530723000000231e-01,-5.626232014000000226e-02,-1.108489185999999953e-02
1.754708230000000091e+00,9.219346509000000411e-01,-5.360058287999999727e-02,-1.142197722000000068e-02
1.755084450000000018e+00,9.184205863000000081e-01,-5.053133930999999940e-02,-1.188341652000000047e-02
1.755461879999999919e+00,9.150917379999999879e-01,-4.720014617999999940e-02,-1.252752971000000055e-02
1.755840510000000076e+00,9.125132435999999680e-01,-4.419388986000000186e-02,-1.321849316999999975e-02
1.756220359999999925e+00,9.099482231000000088e-01,-4.123424569999999817e-02,-1.407018236999999991e-02
1.756602690000000022e+00,9.089286504000000377e-01,-3.840526203999999888e-02,-1.520556116999999957e-02
1.756986270000000072e+00,9.061096870999999497e-01,-3.556034233000000128e-02,-1.649048519000000101e-02
1.757371110000000014e+00,9.037206516000000356e-01,-3.322768675999999977e-02,-1.787038872000000153e-02
1.757758530000000041e+00,9.001143308000000287e-01,-3.109172660000000116e-02,-1.914374115000000084e-02
1.758148550000000032e+00,8.957601313999999926e-01,-2.954790842000000126e-02,-2.014851707000000006e-02
1.758542559999999977e+00,8.911958300000000222e-01,-2.854470850999999906e-02,-2.094430323999999996e-02
1.758939299999999983e+00,8.876273184999999843e-01,-2.781514491999999977e-02,-2.143803458000000106e-02
1.759340190000000081e+00,8.846880133000000201e-01,-2.786911140000000037e-02,-2.191967994999999975e-02
1.759743920000000017e+00,8.830993738000000315e-01,-2.858852053000000143e-02,-2.235406457999999930e-02
1.760150529999999991e+00,8.819582945999999701e-01,-2.936136761999999858e-02,-2.277530197000000173e-02
1.760560069999999921e+00,8.808692282000000207e-01,-3.019889057999999848e-02,-2.310153846000000122e-02
1.760971110000000062e+00,8.804287079000000515e-01,-3.098111874000000071e-02,-2.344382027999999951e-02
1.761383649999999967e+00,8.807111708999999511e-01,-3.229884058000000169e-02,-2.364702146000000060e-02
1.761796190000000095e+00,8.794128343999999542e-01,-3.358466607999999881e-02,-2.381348084999999892e-02
1.762208730000000001e+00,8.771329360999999825e-01,-3.527132412000000272e-02,-2.396804702999999828e-02
1.762621269999999907e+00,8.752096021999999920e-01,-3.708603084999999994e-02,-2.419464635999999877e-02
1.763032289999999946e+00,8.742565214999999945e-01,-3.873792420000000264e-02,-2.465967355000000041e-02
1.763440270000000032e+00,8.733471036000000076e-01,-4.063402971999999919e-02,-2.515075238999999949e-02
1.763843760000000094e+00,8.722590330999999697e-01,-4.229596358999999917e-02,-2.559613616000000133e-02
1.764242859999999968e+00,8.716736855000000173e-01,-4.352477579999999846e-02,-2.602175593000000120e-02
1.764637629999999957e+00,8.715278170000000380e-01,-4.467620766000000160e-02,-2.628029825000000042e-02
1.765026760000000028e+00,8.725211269000000547e-01,-4.516765535000000220e-02,-2.658017081999999864e-02
1.765411760000000108e+00,8.744323603000000444e-01,-4.508842450000000168e-02,-2.680927841000000159e-02
1.765792679999999892e+00,8.766663937999999989e-01,-4.464882323000000236e-02,-2.702650863000000125e-02
1.766169609999999945e+00,8.796117026999999977e-01,-4.390003441999999756e-02,-2.704457626000000142e-02
1.766545229999999966e+00,8.834549650999999892e-01,-4.299554483000000288e-02,-2.705423549999999913e-02
1.766918219999999984e+00,8.867837619999999754e-01,-4.192117449999999829e-02,-2.696451396999999944e-02
1.767289920000000070e+00,8.898428868000000103e-01,-4.063284161999999866e-02,-2.677201063999999978e-02
1.767660320000000063e+00,8.923395345000000312e-01,-3.959430388000000078e-02,-2.636403547999999902e-02
1.768030720000000056e+00,8.954662637000000425e-01,-3.873753015999999855e-02,-2.597902411999999939e-02
1.768399819999999956e+00,8.986478277999999653e-01,-3.859738667999999817e-02,-2.542252005000000120e-02
1.768766360000000093e+00,9.033104638000000186e-01,-3.883491446000000152e-02,-2.493847059000000102e-02
1.769131610000000077e+00,9.077775216000000258e-01,-3.956214611000000159e-02,-2.445622604000000089e-02
1.769495599999999946e+00,9.115450009000000131e-01,-4.021018068999999973e-02,-2.404891709000000002e-02
1.769859580000000099e+00,9.152760058000000143e-01,-4.123777957000000077e-02,-2.387979574000000105e-02
1.770222289999999976e+00,9.181108733999999716e-01,-4.274118279999999936e-02,-2.369993126999999852e-02
1.770585000000000075e+00,9.203708567999999701e-01,-4.425279303000000108e-02,-2.337211713999999899e-02
1.770948989999999945e+00,9.205273320000000314e-01,-4.597923327000000282e-02,-2.317970336000000145e-02
1.771314279999999908e+00,9.198081791000000118e-01,-4.726144200000000073e-02,-2.305553273999999889e-02
1.771682200000000096e+00,9.192203948999999596e-01,-4.852019877000000175e-02,-2.285259715000000080e-02
1.772052790000000044e+00,9.185616389999999853e-01,-4.977159705999999878e-02,-2.274862328000000142e-02
1.772424739999999943e+00,9.174830827000000077e-01,-5.091273132000000146e-02,-2.259099854000000060e-02
1.772798059999999953e+00,9.161745687000000249e-01,-5.219857118000000018e-02,-2.255352760999999873e-02
1.773171379999999964e+00,9.149813785999999505e-01,-5.313616880000000126e-02,-2.270522651999999988e-02
1.773544699999999974e+00,9.117897446999999600e-01,-5.383264537000000127e-02,-2.268840491999999862e-02
1.773919419999999914e+00,9.100567437000000037e-01,-5.444552569000000314e-02,-2.276183537000000048e-02
1.774294140000000075e+00,9.090948939999999867e-01,-5.478814458999999720e-02,-2.289418313999999968e-02
1.774670280000000044e+00,9.095365910999999581e-01,-5.516177070000000127e-02,-2.290798743999999942e-02
1.775046420000000014e+00,9.094082571999999587e-01,-5.533619760999999859e-02,-2.282694824999999955e-02
1.775423999999999891e+00,9.090431705000000528e-01,-5.534957489999999675e-02,-2.264981865000000039e-02
1.775801579999999991e+00,9.088503937999999893e-01,-5.605489135999999761e-02,-2.262206007000000171e-02
1.776180630000000038e+00,9.087035582000000389e-01,-5.682041924000000299e-02,-2.245191497000000036e-02
1.776561150000000033e+00,9.093870536000000504e-01,-5.725906520000000055e-02,-2.226017708999999956e-02
1.776943170000000016e+00,9.098171823999999797e-01,-5.725154969000000038e-02,-2.206784726999999960e-02
1.777325199999999938e+00,9.105693472000000455e-01,-5.698246659000000269e-02,-2.194308862999999957e-02
1.777704210000000007e+00,9.110424691999999824e-01,-5.652567180000000330e-02,-2.194286419000000127e-02
1.778081730000000027e+00,9.116160473000000097e-01,-5.587201290999999764e-02,-2.195690888000000063e-02
1.778457769999999938e+00,9.135482890999999661e-01,-5.509413514000000012e-02,-2.200671028999999848e-02
1.778832320000000022e+00,9.161482275000000230e-01,-5.407564513000000239e-02,-2.213499210000000050e-02
1.779206880000000046e+00,9.174376227999999633e-01,-5.285744817000000151e-02,-2.233487712999999986e-02
1.779579950000000022e+00,9.166581193999999710e-01,-5.192173154000000179e-02,-2.222055137999999833e-02
1.779951550000000049e+00,9.153121888999999900e-01,-5.134074948999999694e-02,-2.202410664999999990e-02
1.780323150000000076e+00,9.147409120999999699e-01,-5.098732269999999706e-02,-2.158516077000000033e-02
1.780693279999999934e+00,9.135362201000000182e-01,-5.093076536999999876e-02,-2.092258150999999969e-02
1.781061940000000066e+00,9.119619266999999807e-01,-5.067735794000000071e-02,-2.028473428000000106e-02
1.781430590000000036e+00,9.096836539000000554e-01,-5.036435312999999747e-02,-1.967057217000000094e-02
1.781799249999999946e+00,9.089176893000000534e-01,-5.034075267000000242e-02,-1.908076552000000092e-02
1.782167910000000077e+00,9.090998560999999922e-01,-5.031418891000000171e-02,-1.848209384999999899e-02
1.782536569999999987e+00,9.090740944999999851e-01,-4.997752867000000015e-02,-1.781099888000000145e-02
1.782905219999999957e+00,9.102594653000000147e-01,-4.962218389999999840e-02,-1.716544312999999933e-02
1.783273880000000089e+00,9.100440964999999549e-01,-4.874425914999999665e-02,-1.660055968000000159e-02
1.783642539999999999e+00,9.093408875999999808e-01,-4.764274638000000339e-02,-1.606953728000000067e-02
1.784012710000000057e+00,9.075868807000000427e-01,-4.641076503000000214e-02,-1.559208875999999917e-02
1.784384420000000082e+00,9.075282031000000416e-01,-4.518433504000000239e-02,-1.514495819999999923e-02
1.784756130000000107e+00,9.095389224000000050e-01,-4.375378852000000318e-02,-1.492138211999999992e-02
1.785129399999999977e+00,9.115730517000000255e-01,-4.225229224999999672e-02,-1.470540860000000075e-02
1.785502680000000009e+00,9.136901615000000421e-01,-4.114481215000000136e-02,-1.457586756999999962e-02
1.785877539999999986e+00,9.158341121999999945e-01,-4.031759169000000143e-02,-1.430050664999999929e-02
1.786252399999999962e+00,9.181859574999999829e-01,-3.962729819000000014e-02,-1.409537257000000043e-02
1.786628869999999925e+00,9.200344698000000321e-01,-3.900929952999999950e-02,-1.393086047000000050e-02
1.787005350000000048e+00,9.215403786000000430e-01,-3.847160944999999943e-02,-1.378915388000000013e-02
1.787383469999999974e+00,9.232365541999999481e-01,-3.869974112999999966e-02,-1.350930688000000039e-02
1.787761589999999901e+00,9.228041044000000470e-01,-3.937088360999999731e-02,-1.316774006999999955e-02
1.788141379999999891e+00,9.215008992000000010e-01,-4.011666196000000101e-02,-1.270986355000000047e-02
1.788522869999999987e+00,9.208455536999999858e-01,-4.098973292000000074e-02,-1.216541722000000041e-02
1.788904360000000082e+00,9.184699936000000342e-01,-4.147623833999999898e-02,-1.162816376999999991e-02
1.789287580000000100e+00,9.166122287000000313e-01,-4.254791572999999660e-02,-1.124574306999999961e-02
1.789672539999999978e+00,9.157843467999999820e-01,-4.395943416999999881e-02,-1.106234287000000018e-02
1.790059279999999919e+00,9.141617102000000328e-01,-4.546858226000000114e-02,-1.112189444999999929e-02
1.790442469999999897e+00,9.136293264000000525e-01,-4.661469254000000229e-02,-1.164166196999999979e-02
1.790823899999999913e+00,9.137137632999999814e-01,-4.802225991999999749e-02,-1.236101101999999979e-02
1.791203590000000068e+00,9.141926358999999946e-01,-4.932191124000000204e-02,-1.318215720000000084e-02
1.791579800000000056e+00,9.149693931000000280e-01,-5.059572292000000249e-02,-1.399121400000000008e-02
1.791954300000000000e+00,9.168745964000000193e-01,-5.159207596999999812e-02,-1.502036651000000084e-02
1.792327089999999901e+00,9.197274333999999607e-01,-5.266407559999999877e-02,-1.625838770999999891e-02
1.792698169999999980e+00,9.215781102000000224e-01,-5.330921864000000288e-02,-1.751193372999999831e-02
1.793067570000000055e+00,9.222365273999999502e-01,-5.404967648000000291e-02,-1.877904378000000082e-02
1.793436959999999969e+00,9.236655539000000470e-01,-5.461737663999999964e-02,-2.007234138000000070e-02
1.793804650000000001e+00,9.240968831000000439e-01,-5.488374939000000008e-02,-2.100368782999999934e-02
1.794172349999999971e+00,9.243593756000000328e-01,-5.447375721000000115e-02,-2.187904854000000121e-02
1.794538350000000060e+00,9.245905210999999513e-01,-5.379943394000000212e-02,-2.280358153999999943e-02
1.794904360000000088e+00,9.236814647000000100e-01,-5.324346522000000109e-02,-2.358914535000000007e-02
1.795270359999999954e+00,9.208303140000000386e-01,-5.257022407999999841e-02,-2.410077638999999841e-02
1.795636360000000042e+00,9.161664368999999919e-01,-5.170723584999999817e-02,-2.437608909000000060e-02
1.796002359999999909e+00,9.121056812000000180e-01,-5.098381869000000177e-02,-2.490144039000000142e-02
1.796368359999999997e+00,9.088429272000000392e-01,-5.037517200000000278e-02,-2.541988426999999828e-02
1.796736110000000108e+00,9.063659016999999762e-01,-4.975874781999999746e-02,-2.603373126999999898e-02
1.797105619999999959e+00,9.049197956000000209e-01,-4.898650851999999944e-02,-2.675047339999999871e-02
1.797475139999999971e+00,9.038242719000000314e-01,-4.782212716999999919e-02,-2.748987643000000078e-02
1.797844650000000044e+00,9.032793472000000268e-01,-4.662977413000000265e-02,-2.842724659000000001e-02
1.798214159999999895e+00,9.017134252999999822e-01,-4.565917365000000255e-02,-2.936793046000000032e-02
1.798585499999999948e+00,8.996550926999999920e-01,-4.474471722000000068e-02,-3.032177998000000138e-02
1.798956830000000062e+00,8.960646715000000206e-01,-4.402581584000000298e-02,-3.117716360999999922e-02
1.799330019999999974e+00,8.919764803999999936e-01,-4.387339184999999864e-02,-3.201024384000000084e-02
1.799703210000000109e+00,8.887068508000000033e-01,-4.424034863000000234e-02,-3.265066114000000214e-02
1.800078290000000081e+00,8.856850873999999596e-01,-4.495533572000000311e-02,-3.306870266999999836e-02
1.800453379999999992e+00,8.828081940999999988e-01,-4.620347452000000271e-02,-3.335833522000000023e-02
1.800830399999999942e+00,8.803530845000000493e-01,-4.796348526000000084e-02,-3.364141384000000207e-02
1.801209379999999971e+00,8.794492328999999886e-01,-5.005796791000000079e-02,-3.376587610000000156e-02
1.801590360000000057e+00,8.782298735000000356e-01,-5.225129485999999851e-02,-3.358093242000000089e-02
1.801975410000000055e+00,8.771394035999999783e-01,-5.434622291999999938e-02,-3.323486233999999734e-02
1.802362540000000068e+00,8.761086062999999813e-01,-5.676754844999999661e-02,-3.277545234999999779e-02
1.802753920000000010e+00,8.755085216000000337e-01,-5.900614431000000132e-02,-3.227939804999999801e-02
1.803147489999999964e+00,8.745868691999999500e-01,-6.106161504999999684e-02,-3.177197294999999783e-02
1.803545490000000084e+00,8.741174921000000042e-01,-6.273276210000000574e-02,-3.131075175999999821e-02
1.803945780000000054e+00,8.744754344999999818e-01,-6.361336450000000531e-02,-3.094321815000000003e-02
1.804350710000000024e+00,8.762389912000000392e-01,-6.428626521999999954e-02,-3.057554824000000004e-02
1.804753290000000066e+00,8.779847162999999677e-01,-6.469235617999999355e-02,-3.042048228999999840e-02
1.805151219999999945e+00,8.807358718000000142e-01,-6.491635597000000590e-02,-3.038058534999999935e-02
1.805544580000000066e+00,8.821942119000000249e-01,-6.477558829000000518e-02,-3.033929758000000060e-02
1.805933440000000001e+00,8.845870811999999583e-01,-6.444321145999999667e-02,-3.031272315999999911e-02
1.806317879999999931e+00,8.877712719999999447e-01,-6.424696716000000141e-02,-3.028141427000000108e-02
1.806700130000000071e+00,8.911899948999999488e-01,-6.487451559000000090e-02,-3.029706034000000103e-02
1.807078069999999981e+00,8.954425914000000430e-01,-6.588068956999999781e-02,-3.019908635000000119e-02
1.807453870000000018e+00,9.003140673999999732e-01,-6.692775523999999754e-02,-2.983047299999999971e-02
1.807827550000000061e+00,9.037256205000000486e-01,-6.771005166000000630e-02,-2.930178760000000035e-02
1.808199110000000109e+00,9.073548184999999933e-01,-6.875330205000000638e-02,-2.855953719999999862e-02
1.808568579999999981e+00,9.110176118999999684e-01,-7.000013778999999992e-02,-2.783957771000000053e-02
1.808938050000000075e+00,9.156239284999999617e-01,-7.178286003999999332e-02,-2.708884853999999828e-02
1.809305420000000053e+00,9.193897529000000235e-01,-7.395257925999999815e-02,-2.625283604999999881e-02
1.809672790000000031e+00,9.227900436999999512e-01,-7.648145942999999558e-02,-2.532769463999999873e-02
1.810038049999999954e+00,9.270336925000000061e-01,-7.871890172999999880e-02,-2.448448455000000121e-02
1.810401240000000023e+00,9.312957276000000117e-01,-8.077550561000000628e-02,-2.348158657000000080e-02
1.810762339999999915e+00,9.336785456999999733e-01,-8.277028466999999945e-02,-2.255141521999999912e-02
1.811121390000000053e+00,9.359595599000000155e-01,-8.491485897000000671e-02,-2.160632309000000070e-02
1.811480430000000030e+00,9.371032003999999471e-01,-8.652826242000000168e-02,-2.086260038999999955e-02
1.811837410000000093e+00,9.389801006000000339e-01,-8.764788027000000592e-02,-2.025877347999999883e-02
1.812194389999999933e+00,9.402289581999999646e-01,-8.882364105999999981e-02,-1.987026147000000090e-02
1.812551369999999995e+00,9.424228245000000337e-01,-8.942723301999999652e-02,-1.960711092000000030e-02
1.812910449999999951e+00,9.438778555000000292e-01,-8.971475009000000334e-02,-1.941242488999999835e-02
1.813269529999999907e+00,9.453983445000000430e-01,-8.929791519999999427e-02,-1.934296086000000109e-02
1.813630759999999897e+00,9.462461195000000380e-01,-8.912336556000000076e-02,-1.924095002000000137e-02
1.813991990000000110e+00,9.475266960999999544e-01,-8.895868341000000290e-02,-1.905487029000000124e-02
1.814353220000000100e+00,9.479515984999999922e-01,-8.864798863999999445e-02,-1.901574492000000088e-02
1.814714439999999929e+00,9.478580838000000286e-01,-8.817854114999999771e-02,-1.906732273999999991e-02
1.815075669999999919e+00,9.460956450999999934e-01,-8.779492748000000679e-02,-1.894810816999999842e-02
1.815436899999999909e+00,9.448472038999999878e-01,-8.729936875999999568e-02,-1.887391622999999921e-02
1.815798129999999899e+00,9.432581541000000236e-01,-8.607245285999999551e-02,-1.883625506999999852e-02
1.816159359999999889e+00,9.410435605000000425e-01,-8.492006458999999674e-02,-1.885937299000000136e-02
1.816520590000000102e+00,9.384360771999999962e-01,-8.361127921000000018e-02,-1.899421818000000123e-02
1.816881820000000092e+00,9.360737502000000543e-01,-8.222476861999999942e-02,-1.902410440999999924e-02
1.817245369999999971e+00,9.332643757999999901e-01,-8.054071256000000512e-02,-1.912081652000000020e-02
1.817608909999999911e+00,9.310485588000000368e-01,-7.911712244999999366e-02,-1.924290587000000025e-02
1.817974830000000042e+00,9.290952891999999519e-01,-7.729162124999999772e-02,-1.933966154000000062e-02
1.818343180000000059e+00,9.270389598999999592e-01,-7.525600400000000134e-02,-1.959508479999999900e-02
1.818713999999999942e+00,9.242564422000000279e-01,-7.295457879000000201e-02,-1.994055067999999861e-02
1.819087329999999891e+00,9.215164091999999973e-01,-7.061462457000000636e-02,-2.041597914999999930e-02
1.819463250000000087e+00,9.194951127999999585e-01,-6.781817633999999428e-02,-2.122805536999999854e-02
1.819839159999999900e+00,9.156651510000000105e-01,-6.479178469000000662e-02,-2.209102426999999882e-02
1.820217720000000039e+00,9.111263466000000255e-01,-6.233949579999999852e-02,-2.282482429000000021e-02
1.820596289999999895e+00,9.078499064999999701e-01,-6.036316551999999780e-02,-2.350545542000000154e-02
1.820977569999999934e+00,9.050179299999999705e-01,-5.874303672000000254e-02,-2.400562380000000051e-02
1.821358849999999974e+00,9.033975670999999652e-01,-5.779805836000000141e-02,-2.446663925999999906e-02
1.821740139999999952e+00,9.026871866000000244e-01,-5.672338143999999804e-02,-2.492044309000000096e-02
1.822124249999999890e+00,9.019387803999999731e-01,-5.569167307000000289e-02,-2.556885813000000021e-02
1.822508360000000049e+00,9.001297661999999589e-01,-5.483452731999999968e-02,-2.626715314999999995e-02
1.822895380000000065e+00,8.982083441999999529e-01,-5.436739148999999993e-02,-2.694769132000000150e-02
1.823285370000000016e+00,8.951111778000000463e-01,-5.440374618999999773e-02,-2.760302291000000033e-02
1.823675369999999907e+00,8.931149740999999587e-01,-5.464826738999999794e-02,-2.830458947999999961e-02
1.824065370000000019e+00,8.899355624000000464e-01,-5.472779207999999701e-02,-2.902414841999999967e-02
1.824452310000000077e+00,8.859759780000000529e-01,-5.487967944000000237e-02,-2.959623495999999868e-02
1.824839260000000074e+00,8.833761046000000450e-01,-5.509079967000000272e-02,-3.025142519000000030e-02
1.825223169999999895e+00,8.807089832000000174e-01,-5.574080496000000107e-02,-3.089712017000000033e-02
1.825607069999999998e+00,8.795467177000000358e-01,-5.689248778000000062e-02,-3.172090185999999756e-02
1.825987919999999987e+00,8.797102376000000001e-01,-5.812200641999999695e-02,-3.245906310999999850e-02
1.826368779999999914e+00,8.798405969000000493e-01,-5.910734703000000007e-02,-3.315813841999999678e-02
1.826746589999999948e+00,8.812344109999999953e-01,-6.004994215000000052e-02,-3.366086161000000215e-02
1.827124399999999982e+00,8.832656016000000054e-01,-6.092025273999999990e-02,-3.401658328999999925e-02
1.827502210000000016e+00,8.854038980999999753e-01,-6.201190965000000221e-02,-3.418843439000000123e-02
1.827880010000000111e+00,8.868674946000000281e-01,-6.306852424000000679e-02,-3.413634075000000073e-02
1.828257819999999922e+00,8.892713338000000078e-01,-6.423805726999999577e-02,-3.393470863999999837e-02
1.828635629999999956e+00,8.927760089999999815e-01,-6.490631601000000639e-02,-3.355457668000000337e-02
1.829013439999999990e+00,8.976719142000000318e-01,-6.588622553999999576e-02,-3.299613105000000213e-02
1.829394479999999934e+00,9.033496279999999601e-01,-6.617407442000000639e-02,-3.246178644000000113e-02
1.829775520000000100e+00,9.089114946999999889e-01,-6.637487250000000116e-02,-3.176315338999999988e-02
1.830156550000000104e+00,9.130348007999999904e-01,-6.690226127999999994e-02,-3.111267595999999899e-02
1.830537590000000048e+00,9.160383801000000492e-01,-6.763901582999999607e-02,-3.047165535000000147e-02
1.830922029999999978e+00,9.180390071999999790e-01,-6.803266696000000169e-02,-2.981339506000000097e-02
1.831306469999999909e+00,9.193598501999999950e-01,-6.849173225999999337e-02,-2.938110378000000078e-02
1.831690910000000061e+00,9.191368898999999759e-01,-6.907446540000000690e-02,-2.905734088000000090e-02
1.832078909999999894e+00,9.195412484999999636e-01,-6.970361243000000595e-02,-2.889775455000000159e-02
1.832466909999999949e+00,9.184464481999999874e-01,-7.087195678999999582e-02,-2.889357493999999971e-02
1.832858609999999944e+00,9.144691064000000091e-01,-7.286765388999999482e-02,-2.909088894000000022e-02
1.833250299999999999e+00,9.124188632999999937e-01,-7.472824502000000035e-02,-2.941627977000000130e-02
1.833641999999999994e+00,9.098386792999999528e-01,-7.617964656999999529e-02,-2.975557687000000145e-02
1.834037570000000006e+00,9.079945769999999694e-01,-7.820209594999999458e-02,-3.016165742000000149e-02
1.834433140000000018e+00,9.064833966999999992e-01,-7.987195162000000626e-02,-3.047439140999999921e-02
1.834832749999999901e+00,9.060896232999999800e-01,-8.136058099000000043e-02,-3.076526618000000046e-02
1.835228279999999934e+00,9.063859070999999989e-01,-8.268105158999999871e-02,-3.094633502000000008e-02
1.835619780000000034e+00,9.070039991999999662e-01,-8.360396046000000136e-02,-3.092759263000000036e-02
1.836007280000000019e+00,9.049698850999999822e-01,-8.499556731000000587e-02,-3.084002934999999918e-02
1.836390830000000030e+00,9.027180321000000118e-01,-8.599528748000000167e-02,-3.085915669000000028e-02
1.836770460000000105e+00,9.020624362000000396e-01,-8.639307659999999334e-02,-3.091629505000000055e-02
1.837150089999999958e+00,9.026888676000000000e-01,-8.611807441999999591e-02,-3.094070021999999892e-02
1.837525810000000037e+00,9.023793929000000213e-01,-8.521448116999999489e-02,-3.096569479999999874e-02
1.837901529999999894e+00,9.018713642000000252e-01,-8.354019126999999434e-02,-3.097378125999999954e-02
1.838277249999999974e+00,9.022369625999999698e-01,-8.127938973999999928e-02,-3.085571349999999963e-02
1.838649020000000078e+00,9.015585225000000147e-01,-7.769709066999999636e-02,-3.054727302999999880e-02
1.839020780000000022e+00,9.026698055999999859e-01,-7.363487150000000425e-02,-3.019500887999999883e-02
1.839392539999999965e+00,9.045388033000000272e-01,-6.901307353999999727e-02,-2.992501301000000113e-02
1.839764310000000069e+00,9.043653662999999732e-01,-6.500108860999999350e-02,-2.944823586999999881e-02
1.840132029999999919e+00,9.053228096000000003e-01,-6.162331198999999871e-02,-2.885873876999999962e-02
1.840499759999999929e+00,9.066224464000000038e-01,-5.895564653999999655e-02,-2.824738736000000083e-02
1.840867480000000000e+00,9.081603940000000375e-01,-5.643407024000000188e-02,-2.772344758000000117e-02
1.841231119999999999e+00,9.116366906999999742e-01,-5.496509180999999827e-02,-2.731158845000000029e-02
1.841594750000000058e+00,9.149490668999999965e-01,-5.355507171999999982e-02,-2.693355227000000102e-02
1.841958390000000056e+00,9.175469725999999548e-01,-5.296589757000000342e-02,-2.655442871999999857e-02
1.842317900000000064e+00,9.194336638000000228e-01,-5.244342185999999878e-02,-2.629684217999999837e-02
1.842677399999999910e+00,9.215258183000000214e-01,-5.204034130000000091e-02,-2.607734192000000020e-02
1.843036909999999917e+00,9.227924083999999860e-01,-5.165617772000000163e-02,-2.585753941999999889e-02
1.843396409999999985e+00,9.243040431000000279e-01,-5.136167730999999931e-02,-2.582640904000000140e-02
1.843760250000000100e+00,9.247859845000000467e-01,-5.094712651999999675e-02,-2.586338079000000123e-02
1.844124089999999994e+00,9.244020410000000076e-01,-5.084519770999999799e-02,-2.593986712999999875e-02
1.844487919999999948e+00,9.231917342000000026e-01,-5.099648737000000293e-02,-2.609855613999999963e-02
1.844851760000000063e+00,9.229312732000000130e-01,-5.121846054000000342e-02,-2.627748797999999997e-02
1.845220260000000057e+00,9.216258769999999823e-01,-5.171229989000000055e-02,-2.638491203999999979e-02
1.845588760000000050e+00,9.193410854000000354e-01,-5.276685647999999895e-02,-2.659110198000000022e-02
1.845957269999999983e+00,9.167611982000000159e-01,-5.406955179000000333e-02,-2.685623969999999944e-02
1.846325769999999977e+00,9.142654995000000229e-01,-5.563464914999999983e-02,-2.696314773999999859e-02
1.846699319999999922e+00,9.103259175000000258e-01,-5.738613137999999669e-02,-2.701229730999999898e-02
1.847072870000000089e+00,9.068213933000000004e-01,-5.937010929000000048e-02,-2.693943475999999865e-02
1.847446410000000094e+00,9.021692933999999608e-01,-6.108644643000000346e-02,-2.664685753000000171e-02
1.847819960000000039e+00,8.971222344999999487e-01,-6.235249868000000001e-02,-2.620089952999999847e-02
1.848199010000000087e+00,8.930362360000000388e-01,-6.324220937999999737e-02,-2.566160267999999939e-02
1.848578049999999973e+00,8.911449949999999953e-01,-6.427597761999999382e-02,-2.507376516000000069e-02
1.848962919999999954e+00,8.895116103000000329e-01,-6.488756550999999484e-02,-2.458300136999999955e-02
1.849347800000000097e+00,8.881872728999999911e-01,-6.556308573999999889e-02,-2.403502243000000052e-02
1.849738880000000085e+00,8.884020581999999555e-01,-6.599674875000000052e-02,-2.358917282000000046e-02
1.850129960000000073e+00,8.907784652000000358e-01,-6.619538426000000364e-02,-2.307693623000000097e-02
1.850521040000000061e+00,8.947833258999999817e-01,-6.616709323000000142e-02,-2.252814196000000116e-02
1.850918870000000105e+00,8.995347247999999629e-01,-6.557943776999999863e-02,-2.214289540999999847e-02
1.851316689999999987e+00,9.058334584999999661e-01,-6.411062809999999723e-02,-2.190139690000000167e-02
1.851714520000000030e+00,9.129088962000000418e-01,-6.302119106999999609e-02,-2.166277836999999998e-02
1.852112339999999913e+00,9.195618289000000445e-01,-6.183762676000000014e-02,-2.170751900000000151e-02
1.852502929999999992e+00,9.270376908999999888e-01,-6.069161498999999654e-02,-2.209232893999999933e-02
1.852893520000000072e+00,9.326602188000000515e-01,-5.951040326999999797e-02,-2.272318165000000029e-02
1.853284120000000090e+00,9.375313626000000289e-01,-5.859961518000000175e-02,-2.348596735999999852e-02
1.853667340000000108e+00,9.398413840999999547e-01,-5.810505913999999827e-02,-2.433484110000000075e-02
1.854050559999999903e+00,9.395470403000000248e-01,-5.783516438999999898e-02,-2.523382730000000088e-02
1.854433779999999921e+00,9.383669396999999579e-01,-5.733339101999999909e-02,-2.605694848000000147e-02
1.854816999999999938e+00,9.371063818999999517e-01,-5.670223480000000094e-02,-2.685750027999999831e-02
1.855200219999999955e+00,9.343694565000000285e-01,-5.668863142000000327e-02,-2.757562905000000147e-02
1.855583449999999912e+00,9.315515986000000304e-01,-5.759004889000000210e-02,-2.806776315000000105e-02
1.855966669999999930e+00,9.278360368000000413e-01,-5.860255849999999878e-02,-2.840184033000000066e-02
1.856349889999999947e+00,9.238054730000000436e-01,-5.968314991999999763e-02,-2.862552860999999921e-02
1.856733109999999964e+00,9.190507309000000014e-01,-6.099770952999999940e-02,-2.867190179999999991e-02
1.857116329999999982e+00,9.151578062999999874e-01,-6.281551777999999642e-02,-2.861826170999999877e-02
1.857499559999999938e+00,9.109547948999999756e-01,-6.484221850000000675e-02,-2.867322212999999856e-02
1.857892120000000036e+00,9.075103948999999615e-01,-6.659122908999999535e-02,-2.863548789999999927e-02
1.858284690000000072e+00,9.042345834999999665e-01,-6.770529583999999879e-02,-2.860528216999999943e-02
1.858677260000000109e+00,9.019540422999999807e-01,-6.840875687000000371e-02,-2.867831137000000086e-02
1.859069829999999923e+00,9.001675624999999625e-01,-6.941538458000000300e-02,-2.872146416000000146e-02
1.859462399999999960e+00,8.973129547999999511e-01,-6.978848088000000338e-02,-2.855285130999999851e-02
1.859854969999999996e+00,8.954363454000000555e-01,-6.991831722999999887e-02,-2.814730630000000094e-02
1.860247540000000033e+00,8.933862062999999853e-01,-6.987735041999999785e-02,-2.763415639999999840e-02
1.860640099999999908e+00,8.927357874000000360e-01,-6.999626113000000094e-02,-2.697002345999999912e-02
1.861032669999999944e+00,8.922330684000000511e-01,-6.957718294999999664e-02,-2.632792563999999946e-02
1.861425239999999981e+00,8.923917053000000044e-01,-6.874351958999999623e-02,-2.574692409999999876e-02
1.861817810000000017e+00,8.928486357999999568e-01,-6.793522666000000043e-02,-2.517104733999999885e-02
1.862210380000000054e+00,8.942504262999999565e-01,-6.727783827000000105e-02,-2.459302107999999931e-02
1.862602950000000090e+00,8.952388208999999542e-01,-6.684393785999999393e-02,-2.415603284000000101e-02
1.862995519999999905e+00,8.942943584000000445e-01,-6.679402552999999521e-02,-2.384071024000000011e-02
1.863388089999999941e+00,8.933131785000000269e-01,-6.676454430000000606e-02,-2.365183807000000027e-02
1.863780650000000039e+00,8.920293768999999484e-01,-6.666903338000000623e-02,-2.361390450000000127e-02
1.864173220000000075e+00,8.897988573999999762e-01,-6.659760222999999701e-02,-2.379587635999999909e-02
1.864565789999999890e+00,8.886378551000000403e-01,-6.643775286000000446e-02,-2.407065608999999981e-02
1.864958359999999926e+00,8.871299312999999520e-01,-6.594385286999999984e-02,-2.456527446999999878e-02
1.865333860000000010e+00,8.867330314000000380e-01,-6.576982782000000138e-02,-2.505664151999999895e-02
1.865709360000000094e+00,8.862693002000000542e-01,-6.564574509999999974e-02,-2.557437826999999983e-02
1.866084859999999956e+00,8.845753558000000183e-01,-6.612956027999999931e-02,-2.612336361999999940e-02
1.866460360000000041e+00,8.832075311000000539e-01,-6.655368305999999345e-02,-2.668737009999999979e-02
1.866835859999999903e+00,8.822155149000000529e-01,-6.717775676999999945e-02,-2.726210823999999922e-02
1.867211359999999987e+00,8.833104903999999813e-01,-6.740384093000000021e-02,-2.799477569999999846e-02
1.867586860000000071e+00,8.850616450999999607e-01,-6.802856409999999410e-02,-2.863951678999999972e-02
1.867962359999999933e+00,8.859974555999999835e-01,-6.922806873999999555e-02,-2.910625459999999914e-02
1.868314400000000042e+00,8.865877478000000478e-01,-7.055377644999999420e-02,-2.939695163999999847e-02
1.868666429999999989e+00,8.883148599000000312e-01,-7.188999543000000603e-02,-2.965506165000000166e-02
1.869018459999999937e+00,8.892879197999999930e-01,-7.385412385999999552e-02,-2.962529175000000112e-02
1.869370490000000107e+00,8.906351561999999999e-01,-7.606539002999999910e-02,-2.942702106999999997e-02
1.869722520000000054e+00,8.925198745000000322e-01,-7.818246423999999917e-02,-2.907806879999999886e-02
1.870074550000000002e+00,8.948419129000000360e-01,-8.026589298000000317e-02,-2.858865355999999983e-02
1.870426589999999889e+00,8.977806615000000212e-01,-8.241866421000000609e-02,-2.798188404999999920e-02
1.870778620000000059e+00,9.009268619000000422e-01,-8.423587937000000248e-02,-2.740510947999999850e-02
1.871130650000000006e+00,9.044543559000000066e-01,-8.537706565000000025e-02,-2.662117450000000066e-02
1.871482679999999954e+00,9.092313281999999663e-01,-8.546425939000000527e-02,-2.584283156999999873e-02
1.871834709999999902e+00,9.136547973999999961e-01,-8.527239063000000008e-02,-2.480940292999999838e-02
1.872186740000000071e+00,9.165553040999999679e-01,-8.414295472999999692e-02,-2.374476617000000067e-02
1.872538779999999958e+00,9.195878672999999726e-01,-8.220470332000000269e-02,-2.261865311999999850e-02
1.872890809999999906e+00,9.225023426999999776e-01,-8.025069784999999678e-02,-2.185602738000000031e-02
1.873242840000000076e+00,9.233616558999999668e-01,-7.881681057999999351e-02,-2.118899687000000073e-02
1.873594870000000023e+00,9.230587032000000525e-01,-7.726947909999999642e-02,-2.078885109000000106e-02
1.873956659999999941e+00,9.210982674000000037e-01,-7.609359637000000232e-02,-2.052974261999999939e-02
1.874318979999999968e+00,9.183643828999999981e-01,-7.477937208000000335e-02,-2.062344533000000021e-02
1.874681830000000105e+00,9.165494521000000505e-01,-7.410303161999999555e-02,-2.078452194000000169e-02
1.875045470000000103e+00,9.159165670000000148e-01,-7.370198485999999993e-02,-2.113470806000000007e-02
1.875409909999999902e+00,9.156009695000000281e-01,-7.391099192000000206e-02,-2.160113073999999841e-02
1.875775140000000007e+00,9.167894458999999996e-01,-7.372427613000000213e-02,-2.234207791000000082e-02
1.876141190000000014e+00,9.169166643999999700e-01,-7.311514308000000018e-02,-2.284005609000000145e-02
1.876508309999999957e+00,9.174480989000000086e-01,-7.259329790999999310e-02,-2.326069048999999944e-02
1.876876519999999937e+00,9.186775448999999760e-01,-7.236522436999999475e-02,-2.360492351000000044e-02
1.877246109999999968e+00,9.208620812000000155e-01,-7.225988245999999393e-02,-2.387773191999999906e-02
1.877617070000000110e+00,9.239070214000000281e-01,-7.205392928999999891e-02,-2.395607022000000030e-02
1.877989710000000034e+00,9.252883258999999860e-01,-7.155156512999999441e-02,-2.397439993999999838e-02
1.878364029999999962e+00,9.260541168999999462e-01,-7.112256582999999799e-02,-2.383707377000000155e-02
1.878740059999999934e+00,9.260458158000000051e-01,-7.064450389000000163e-02,-2.384965000000000002e-02
1.879117810000000111e+00,9.272666814000000146e-01,-7.007609549000000382e-02,-2.388719527000000148e-02
1.879497299999999926e+00,9.270910261000000485e-01,-6.917246874999999351e-02,-2.395519637000000090e-02
1.879878549999999926e+00,9.267358262999999541e-01,-6.826642336999999561e-02,-2.399111321999999880e-02
1.880261570000000049e+00,9.252872410000000380e-01,-6.702848692000000497e-02,-2.431110573999999830e-02
1.880642230000000081e+00,9.241246588000000539e-01,-6.611735610999999735e-02,-2.462567431000000154e-02
1.881019109999999994e+00,9.216375996000000237e-01,-6.519621556999999346e-02,-2.505382424000000136e-02
1.881392549999999941e+00,9.185868678999999926e-01,-6.392642508000000168e-02,-2.536759464000000117e-02
1.881762630000000103e+00,9.150654244999999465e-01,-6.243515532999999867e-02,-2.543545406999999856e-02
1.882129940000000001e+00,9.110991726999999596e-01,-6.109523177000000110e-02,-2.535483044000000005e-02
1.882494529999999999e+00,9.071013474000000354e-01,-6.008041872000000061e-02,-2.528752683000000043e-02
1.882856700000000050e+00,9.037369048000000182e-01,-5.906175931999999712e-02,-2.521277178000000049e-02
1.883217010000000080e+00,9.016714757999999552e-01,-5.800512741000000277e-02,-2.525394304000000076e-02
1.883575730000000004e+00,9.004850564999999918e-01,-5.690382509999999949e-02,-2.514114099999999880e-02
1.883933410000000030e+00,9.003046878999999558e-01,-5.543483731999999942e-02,-2.498279466000000171e-02
1.884290309999999913e+00,8.999910077999999647e-01,-5.418104348999999709e-02,-2.491185043000000016e-02
1.884646679999999908e+00,9.012943642999999838e-01,-5.320442998000000229e-02,-2.494477302999999896e-02
1.885002800000000089e+00,9.028903911000000226e-01,-5.283267686999999768e-02,-2.493612573999999873e-02
1.885358920000000049e+00,9.039680164000000184e-01,-5.319696395000000216e-02,-2.507560987999999866e-02
1.885715550000000018e+00,9.021753935999999863e-01,-5.411209991999999663e-02,-2.530282472999999949e-02
1.886073239999999984e+00,9.010328907000000331e-01,-5.458736850999999779e-02,-2.557858710000000119e-02
1.886432239999999982e+00,9.009450747999999676e-01,-5.510756433999999815e-02,-2.582370876000000121e-02
1.886792559999999952e+00,9.006259290999999445e-01,-5.557245489999999843e-02,-2.612002735000000173e-02
1.887154500000000068e+00,9.014237040000000478e-01,-5.593791504000000109e-02,-2.625953945999999831e-02
1.887517780000000034e+00,9.015446370999999903e-01,-5.721503423000000310e-02,-2.623648917999999927e-02
1.887882709999999964e+00,9.017910298000000324e-01,-5.850673995999999821e-02,-2.604421817999999847e-02
1.888248729999999931e+00,9.012642033000000108e-01,-5.920614253999999937e-02,-2.584069774000000153e-02
1.888615860000000035e+00,9.003665048000000226e-01,-5.999127971999999864e-02,-2.540020419999999834e-02
1.888983550000000067e+00,8.999764992000000019e-01,-6.085322094000000098e-02,-2.486656418999999910e-02
1.889351790000000086e+00,9.008011742999999516e-01,-6.214774853999999876e-02,-2.430273951000000085e-02
1.889720319999999898e+00,9.012911850999999475e-01,-6.352106389000000686e-02,-2.372343612000000004e-02
1.890088839999999992e+00,9.018676485000000076e-01,-6.471967717000000342e-02,-2.312803866999999999e-02
1.890457370000000026e+00,9.013642385000000257e-01,-6.550356374999999343e-02,-2.251142947000000019e-02
1.890826179999999912e+00,8.999268101999999825e-01,-6.643486805999999911e-02,-2.195464421999999971e-02
1.891194980000000081e+00,8.988356816000000471e-01,-6.718881160999999602e-02,-2.150571583999999828e-02
1.891564070000000042e+00,8.973302596000000131e-01,-6.817086763000000660e-02,-2.122025863999999970e-02
1.891933730000000091e+00,8.943917623999999567e-01,-6.874497373000000577e-02,-2.109295665999999861e-02
1.892304519999999934e+00,8.922783157000000465e-01,-6.915451347999999887e-02,-2.123072961999999952e-02
1.892677039999999922e+00,8.908559949000000033e-01,-6.937092222000000585e-02,-2.144338827999999961e-02
1.893051590000000006e+00,8.900104310999999990e-01,-6.969043929000000304e-02,-2.191041820000000015e-02
1.893429070000000047e+00,8.909533239000000382e-01,-6.936490156999999823e-02,-2.272130987000000116e-02
1.893810159999999909e+00,8.929900012000000498e-01,-6.884073100000000223e-02,-2.355392801999999994e-02
1.894195220000000068e+00,8.952372836999999972e-01,-6.863291635000000335e-02,-2.445394521000000126e-02
1.894584969999999924e+00,8.990577060000000120e-01,-6.883811406999999771e-02,-2.528769072999999951e-02
1.894972209999999935e+00,9.029164591999999656e-01,-6.865963975000000108e-02,-2.612087474000000104e-02
1.895355410000000074e+00,9.065133380000000018e-01,-6.829478602999999870e-02,-2.659132550999999955e-02
1.895734969999999908e+00,9.084976707999999901e-01,-6.760891969000000501e-02,-2.699288277000000055e-02
1.896111529999999989e+00,9.096943736000000502e-01,-6.697851391999999626e-02,-2.722691559000000108e-02
1.896485739999999920e+00,9.084849201000000374e-01,-6.620632271000000124e-02,-2.714799422999999989e-02
1.896857900000000097e+00,9.079492368999999563e-01,-6.570350586999999798e-02,-2.670691207999999900e-02
1.897228609999999982e+00,9.069735346999999726e-01,-6.527054897999999550e-02,-2.609125179999999961e-02
1.897597889999999898e+00,9.060493609999999975e-01,-6.483782952000000099e-02,-2.536487826000000112e-02
1.897966299999999995e+00,9.036877884999999777e-01,-6.405941195000000588e-02,-2.456182570000000134e-02
1.898333580000000076e+00,9.027032506000000067e-01,-6.317841868000000083e-02,-2.365224858000000013e-02
1.898699729999999919e+00,9.024541310000000482e-01,-6.237839893000000219e-02,-2.284655770999999974e-02
1.899063919999999905e+00,9.034567319999999846e-01,-6.189739595000000316e-02,-2.215504163000000040e-02
1.899426150000000035e+00,9.044168677999999684e-01,-6.119767649999999920e-02,-2.158099604999999879e-02
1.899786739999999918e+00,9.041626644000000379e-01,-6.024971291000000284e-02,-2.107298714999999989e-02
1.900145409999999924e+00,9.024352061000000536e-01,-5.882168816999999716e-02,-2.056250630999999912e-02
1.900502729999999918e+00,9.013475174999999728e-01,-5.711317092999999845e-02,-2.032988222000000136e-02
1.900859249999999889e+00,9.004843529999999596e-01,-5.482077180000000105e-02,-2.043630004000000083e-02
1.901214949999999959e+00,8.984642312999999714e-01,-5.225267486000000072e-02,-2.057672715999999888e-02
1.901570390000000055e+00,8.959667096000000219e-01,-5.027339092000000093e-02,-2.057310102999999890e-02
1.901925829999999928e+00,8.932148337999999965e-01,-4.837242412000000019e-02,-2.052949554999999870e-02
1.902281539999999938e+00,8.913010439999999868e-01,-4.718917191000000094e-02,-2.042361524999999900e-02
1.902638059999999909e+00,8.909789912000000145e-01,-4.652295082999999970e-02,-2.025937988999999828e-02
1.902995659999999978e+00,8.901231757999999994e-01,-4.598580545000000019e-02,-1.998497700999999835e-02
1.903354070000000009e+00,8.899241071000000280e-01,-4.561600052999999905e-02,-1.969849460999999885e-02
1.903713030000000028e+00,8.909862367999999977e-01,-4.520629746999999671e-02,-1.963196710000000150e-02
1.904072549999999975e+00,8.922518858000000330e-01,-4.500093288999999774e-02,-1.976850378999999922e-02
1.904432880000000106e+00,8.937179242999999662e-01,-4.493194066000000264e-02,-2.001550985000000171e-02
1.904794059999999956e+00,8.951305470999999514e-01,-4.541089874999999776e-02,-2.025074279999999893e-02
1.905156059999999929e+00,8.975276007000000389e-01,-4.615019687000000009e-02,-2.062865458999999999e-02
1.905519200000000080e+00,9.004063689000000315e-01,-4.711942722999999666e-02,-2.104020765000000001e-02
1.905883460000000085e+00,9.037548520000000529e-01,-4.773604411000000047e-02,-2.165457436999999874e-02
1.906248860000000045e+00,9.072310425999999817e-01,-4.870447423999999664e-02,-2.234448942999999951e-02
1.906615689999999974e+00,9.102028978999999742e-01,-4.942244358000000282e-02,-2.309611371999999857e-02
1.906984259999999987e+00,9.123423059999999918e-01,-5.015697345000000307e-02,-2.377422694000000045e-02
1.907354589999999961e+00,9.147878206999999762e-01,-5.111527041999999743e-02,-2.433655876999999898e-02
1.907726980000000072e+00,9.165658421000000278e-01,-5.179891016999999681e-02,-2.480313959999999943e-02
1.908101779999999970e+00,9.167963398999999791e-01,-5.217822978000000167e-02,-2.511861916999999847e-02
1.908478389999999969e+00,9.160809264000000507e-01,-5.240905650000000221e-02,-2.539048547000000156e-02
1.908856840000000110e+00,9.154375334000000031e-01,-5.278153601999999861e-02,-2.547227305000000080e-02
1.909237150000000049e+00,9.151006172000000216e-01,-5.300190854999999729e-02,-2.556860334999999998e-02
1.909619020000000056e+00,9.153652317999999566e-01,-5.323798776000000094e-02,-2.565736244000000124e-02
1.910002159999999893e+00,9.145130786999999817e-01,-5.385201458999999691e-02,-2.561835520000000158e-02
1.910386560000000067e+00,9.140749174000000199e-01,-5.436851087999999832e-02,-2.543096146999999918e-02
1.910772249999999950e+00,9.140618420999999660e-01,-5.494700794000000055e-02,-2.518175665000000132e-02
1.911159220000000047e+00,9.147794927000000298e-01,-5.546204605999999898e-02,-2.494941300000000015e-02
1.911547820000000009e+00,9.153341628000000174e-01,-5.593759949000000342e-02,-2.471485140000000136e-02
1.911938399999999927e+00,9.147709357000000097e-01,-5.620996908999999903e-02,-2.430503339999999859e-02
1.912331299999999956e+00,9.143946595999999927e-01,-5.682633161999999655e-02,-2.379588371000000008e-02
1.912722199999999928e+00,9.146790312999999450e-01,-5.721705291000000332e-02,-2.327021992999999886e-02
1.913109809999999911e+00,9.153359513000000058e-01,-5.746378921999999861e-02,-2.291381565999999967e-02
1.913495149999999922e+00,9.162012394999999865e-01,-5.763049318999999976e-02,-2.270614380999999918e-02
1.913878570000000057e+00,9.168004456999999663e-01,-5.784746644000000187e-02,-2.257130124999999835e-02
1.914260709999999976e+00,9.179567548000000521e-01,-5.804350666000000075e-02,-2.261902845999999925e-02
1.914642219999999950e+00,9.200681541999999880e-01,-5.814870964999999808e-02,-2.281728977999999963e-02
1.915023090000000039e+00,9.227841940000000021e-01,-5.815160809000000097e-02,-2.311553115000000019e-02
1.915403970000000067e+00,9.244366309999999531e-01,-5.807969787000000217e-02,-2.344330152999999847e-02
1.915785159999999987e+00,9.253973486000000026e-01,-5.837212130999999693e-02,-2.365805850999999974e-02
1.916166980000000075e+00,9.266723526000000266e-01,-5.842803349999999701e-02,-2.401304836000000067e-02
1.916549770000000041e+00,9.286977593999999891e-01,-5.845732434999999921e-02,-2.429774536999999845e-02
1.916933840000000000e+00,9.292699915000000033e-01,-5.853715681999999837e-02,-2.447079882000000040e-02
1.917319210000000052e+00,9.291919838000000098e-01,-5.873209086000000245e-02,-2.450034087000000152e-02
1.917706209999999967e+00,9.275763989999999959e-01,-5.932602524999999738e-02,-2.437796744999999946e-02
1.918092879999999889e+00,9.249455726999999960e-01,-5.997796896000000266e-02,-2.425281873000000032e-02
1.918479229999999980e+00,9.206627746000000112e-01,-6.078323508999999847e-02,-2.394666570000000133e-02
1.918865580000000071e+00,9.169932357000000200e-01,-6.118468473000000102e-02,-2.364079814999999959e-02
1.919252249999999993e+00,9.124309486999999663e-01,-6.150641475000000191e-02,-2.340187658999999878e-02
1.919639579999999901e+00,9.095637528000000138e-01,-6.151982331999999998e-02,-2.331765498000000145e-02
1.920027909999999949e+00,9.067000419999999838e-01,-6.170849375999999664e-02,-2.327241245999999916e-02
1.920417239999999914e+00,9.035177841999999515e-01,-6.184532303000000314e-02,-2.332488866999999841e-02
1.920808250000000106e+00,9.011165362999999928e-01,-6.208914743999999902e-02,-2.360791573999999893e-02
1.921200610000000086e+00,8.983018225000000134e-01,-6.218977097000000231e-02,-2.386926085000000072e-02
1.921595020000000043e+00,8.942906604999999454e-01,-6.246589580999999808e-02,-2.397864967999999847e-02
1.921991170000000082e+00,8.889177966000000319e-01,-6.287823048000000525e-02,-2.390867224000000138e-02
1.922389410000000076e+00,8.851252815000000274e-01,-6.335836649999999903e-02,-2.375087400000000168e-02
1.922789770000000065e+00,8.815800721000000006e-01,-6.355786991999999580e-02,-2.350960226999999902e-02
1.923191909999999893e+00,8.793184577999999529e-01,-6.369333746999999990e-02,-2.321601723000000020e-02
1.923595860000000046e+00,8.780626768999999499e-01,-6.395391278999999762e-02,-2.301051745000000023e-02
1.924001269999999986e+00,8.779928612999999826e-01,-6.451112107999999734e-02,-2.275198095000000031e-02
1.924402689999999971e+00,8.786869999999999958e-01,-6.526488363999999320e-02,-2.235846508000000066e-02
1.924799499999999997e+00,8.804105514000000188e-01,-6.600098398999999783e-02,-2.185497096999999833e-02
1.925191459999999966e+00,8.830082540999999452e-01,-6.734720462000000352e-02,-2.156438903999999962e-02
1.925579359999999962e+00,8.864443559000000361e-01,-6.909760224000000006e-02,-2.139780386999999909e-02
1.925963590000000059e+00,8.891452220000000128e-01,-7.062349600999999477e-02,-2.127274495999999931e-02
1.926344550000000044e+00,8.917413578999999757e-01,-7.183113435000000602e-02,-2.115269024000000081e-02
1.926723259999999938e+00,8.950643005999999735e-01,-7.349582641000000638e-02,-2.120461600999999988e-02
1.927100360000000068e+00,8.981123548999999651e-01,-7.524910425000000402e-02,-2.119249780999999874e-02
1.927475880000000030e+00,9.004989627999999691e-01,-7.654642755000000409e-02,-2.112255802000000127e-02
1.927850459999999932e+00,9.029366766999999960e-01,-7.750319975000000139e-02,-2.109616178000000078e-02
1.928224410000000111e+00,9.042648710999999784e-01,-7.837003096000000335e-02,-2.101628188000000119e-02
1.928597729999999899e+00,9.041219090000000014e-01,-7.899116734000000140e-02,-2.094880710000000118e-02
1.928969799999999957e+00,9.028542062000000090e-01,-7.898719326000000485e-02,-2.070493098000000115e-02
1.929340320000000109e+00,9.008457179000000092e-01,-7.854005978000000443e-02,-2.036428898999999987e-02
1.929709300000000072e+00,8.980151829000000419e-01,-7.774510440000000078e-02,-1.998638613999999952e-02
1.930076750000000008e+00,8.946635420999999866e-01,-7.682556254000000306e-02,-1.960253606999999912e-02
1.930443300000000084e+00,8.917519194999999899e-01,-7.564281709999999548e-02,-1.918449252999999965e-02
1.930808939999999918e+00,8.894777300999999747e-01,-7.435650384000000446e-02,-1.879241794000000021e-02
1.931173669999999953e+00,8.870069527999999703e-01,-7.272110248999999471e-02,-1.837817871000000172e-02
1.931538100000000036e+00,8.855436035999999511e-01,-7.110293973999999573e-02,-1.800459740999999989e-02
1.931902229999999943e+00,8.840121410000000290e-01,-6.903546012000000287e-02,-1.778424014999999830e-02
1.932266070000000058e+00,8.829255706999999953e-01,-6.661574738000000662e-02,-1.750326132000000132e-02
1.932630199999999965e+00,8.806554252999999610e-01,-6.392307336999999978e-02,-1.720576413999999957e-02
1.932994630000000047e+00,8.789695104000000425e-01,-6.138423283000000313e-02,-1.678711265999999896e-02
1.933359669999999975e+00,8.777597190000000493e-01,-5.874719684000000164e-02,-1.638638455000000077e-02
1.933725920000000098e+00,8.772507746000000051e-01,-5.657517011999999706e-02,-1.615664295000000111e-02
1.934093400000000074e+00,8.783341890000000429e-01,-5.415404355999999669e-02,-1.610450182999999952e-02
1.934462109999999901e+00,8.815823672999999472e-01,-5.245932954000000203e-02,-1.618119692000000165e-02
1.934832059999999965e+00,8.850595861000000175e-01,-5.084590124999999877e-02,-1.654714663999999960e-02
1.935203580000000034e+00,8.900067138999999683e-01,-5.005063375999999759e-02,-1.696379098000000071e-02
1.935576359999999996e+00,8.949519505999999902e-01,-4.906978111000000198e-02,-1.743747136999999892e-02
1.935950730000000064e+00,8.991186821000000107e-01,-4.850398142000000162e-02,-1.792375632999999857e-02
1.936327040000000110e+00,9.036416836999999758e-01,-4.809480366999999840e-02,-1.844982422999999830e-02
1.936704970000000081e+00,9.071619357000000328e-01,-4.796674282999999900e-02,-1.898847727999999901e-02
1.937084550000000016e+00,9.090414151000000276e-01,-4.802171134000000202e-02,-1.931505162999999983e-02
1.937465779999999915e+00,9.099815365000000211e-01,-4.851930381999999820e-02,-1.960585889000000109e-02
1.937849020000000033e+00,9.103502304999999684e-01,-4.900884991999999996e-02,-1.984760115999999880e-02
1.938234290000000026e+00,9.095635637000000218e-01,-4.904389364000000251e-02,-1.985304367000000070e-02
1.938621970000000028e+00,9.078957601999999572e-01,-4.904067645000000086e-02,-1.974549541000000102e-02
1.939011730000000044e+00,9.053902407999999680e-01,-4.908694145999999842e-02,-1.970855234000000109e-02
1.939403599999999894e+00,9.028602380000000371e-01,-4.903604781999999773e-02,-1.968803889999999959e-02
1.939797599999999900e+00,9.001524372000000440e-01,-4.878725533000000114e-02,-1.982622340999999969e-02
1.940193400000000068e+00,8.973846440999999619e-01,-4.816748998999999948e-02,-1.995335503999999885e-02
1.940590660000000023e+00,8.948728358999999966e-01,-4.729087491000000254e-02,-2.012046271999999927e-02
1.940985729999999965e+00,8.929527978000000310e-01,-4.617879725000000046e-02,-2.051846400000000015e-02
1.941378660000000034e+00,8.915485741999999991e-01,-4.490096452000000293e-02,-2.094831479999999940e-02
1.941769800000000101e+00,8.901683425999999955e-01,-4.299693571000000325e-02,-2.151689006999999917e-02
1.942159179999999985e+00,8.896229582000000358e-01,-4.090982589000000114e-02,-2.211933468999999902e-02
1.942547170000000101e+00,8.898476101000000194e-01,-3.858596279999999823e-02,-2.280739805000000023e-02
1.942934099999999997e+00,8.894804193999999997e-01,-3.653530030999999761e-02,-2.330803977000000041e-02
1.943319999999999936e+00,8.885556465999999709e-01,-3.437164961999999990e-02,-2.351639682000000037e-02
1.943704859999999979e+00,8.875366878999999543e-01,-3.282906112000000265e-02,-2.355521623999999939e-02
1.944088690000000064e+00,8.878479135000000300e-01,-3.145523329000000229e-02,-2.353385926999999878e-02
1.944471840000000062e+00,8.887825614000000041e-01,-3.020126730999999828e-02,-2.331299933000000046e-02
1.944854300000000036e+00,8.897649680000000449e-01,-2.909875358000000092e-02,-2.306942936000000097e-02
1.945236420000000077e+00,8.904645831999999928e-01,-2.837833907000000128e-02,-2.280997226999999933e-02
1.945618199999999964e+00,8.917709884000000198e-01,-2.826467520999999955e-02,-2.248893075000000033e-02
1.945999980000000074e+00,8.922777281999999532e-01,-2.891779205999999922e-02,-2.203972101999999988e-02
1.946381769999999900e+00,8.926523090000000327e-01,-2.993427004999999960e-02,-2.164718451000000043e-02
1.946763889999999941e+00,8.932536309999999924e-01,-3.145216575999999764e-02,-2.135149403999999848e-02
1.947146700000000008e+00,8.941257671000000240e-01,-3.308392531999999886e-02,-2.112780351000000112e-02
1.947530189999999939e+00,8.942197499999999799e-01,-3.550774184000000250e-02,-2.077509720999999934e-02
1.947914380000000056e+00,8.946821200000000252e-01,-3.824155426999999857e-02,-2.050771097999999973e-02
1.948299610000000071e+00,8.961438771999999942e-01,-4.132128765000000342e-02,-2.022260172000000036e-02
1.948685540000000049e+00,8.975476074999999554e-01,-4.449769628999999949e-02,-2.003961261000000021e-02
1.949072169999999993e+00,8.994629012000000534e-01,-4.828365129000000006e-02,-1.993757900000000041e-02
1.949459510000000062e+00,9.012715769000000376e-01,-5.224925034999999829e-02,-1.986026056999999970e-02
1.949847560000000035e+00,9.021737792999999783e-01,-5.658489173999999705e-02,-1.978482236999999991e-02
1.950235960000000102e+00,9.019178728000000200e-01,-6.111600519999999676e-02,-1.964709330999999878e-02
1.950624719999999979e+00,9.011896940000000411e-01,-6.561324763999999699e-02,-1.955760688999999899e-02
1.951013480000000078e+00,9.001032683999999895e-01,-6.978231105000000378e-02,-1.943017337999999872e-02
1.951402239999999955e+00,8.976469285000000520e-01,-7.385744570999999703e-02,-1.927781314999999981e-02
1.951790640000000021e+00,8.944193593000000497e-01,-7.753269055000000520e-02,-1.907428586999999898e-02
1.952178689999999994e+00,8.901856588000000015e-01,-8.038093235000000336e-02,-1.869144329999999909e-02
1.952566369999999996e+00,8.861578221000000477e-01,-8.264973193999999856e-02,-1.815961630000000049e-02
1.952953350000000032e+00,8.829643409999999859e-01,-8.399600697999999588e-02,-1.776345052999999882e-02
1.953339970000000037e+00,8.797222998000000516e-01,-8.502586664000000294e-02,-1.735679592999999840e-02
1.953726230000000008e+00,8.780553367000000220e-01,-8.548234753000000241e-02,-1.718581891000000098e-02
1.954112140000000108e+00,8.769650377000000052e-01,-8.567498638999999916e-02,-1.706972894000000074e-02
1.954497689999999954e+00,8.759472730999999790e-01,-8.501934986999999666e-02,-1.711689057000000125e-02
1.954882889999999929e+00,8.771526666000000194e-01,-8.378026718999999345e-02,-1.732638350000000049e-02
1.955266680000000035e+00,8.799673904999999463e-01,-8.191057815999999714e-02,-1.751063246000000156e-02
1.955646980000000035e+00,8.850175292999999943e-01,-8.011416792000000675e-02,-1.783587391000000105e-02
1.956024189999999940e+00,8.899804413999999886e-01,-7.831698838999999468e-02,-1.818595959999999914e-02
1.956398690000000107e+00,8.942360932999999790e-01,-7.648045351000000436e-02,-1.854114739999999928e-02
1.956771189999999994e+00,8.979279413999999848e-01,-7.450726082000000416e-02,-1.891272840999999941e-02
1.957141699999999984e+00,9.018419420000000075e-01,-7.263541191000000286e-02,-1.926881410000000003e-02
1.957510569999999950e+00,9.069732882000000052e-01,-7.093560318000000087e-02,-1.960838343000000095e-02
1.957878130000000105e+00,9.111852076999999994e-01,-6.957691835000000269e-02,-1.981761936000000016e-02
1.958244730000000100e+00,9.146900591000000080e-01,-6.839780477000000081e-02,-1.992720825999999903e-02
1.958611000000000102e+00,9.170587431000000178e-01,-6.739593397000000208e-02,-1.982927766999999925e-02
1.958976300000000004e+00,9.169139800000000173e-01,-6.645607835000000296e-02,-1.960658557999999871e-02
1.959340639999999967e+00,9.152547054999999876e-01,-6.576890541999999562e-02,-1.930720049999999979e-02
1.959704019999999991e+00,9.134481463000000412e-01,-6.532079276999999684e-02,-1.904902546000000058e-02
1.960066450000000016e+00,9.120103815000000225e-01,-6.465222981000000313e-02,-1.879618737999999914e-02
1.960427920000000102e+00,9.104975512999999854e-01,-6.425964259999999983e-02,-1.850969753000000079e-02
1.960788449999999905e+00,9.080182986000000511e-01,-6.416627296999999341e-02,-1.826164829999999892e-02
1.961148349999999985e+00,9.050361825999999610e-01,-6.361353478999999533e-02,-1.813464293000000005e-02
1.961508569999999896e+00,9.019537022000000404e-01,-6.311993221999999404e-02,-1.808171596000000131e-02
1.961869410000000036e+00,8.988227101000000330e-01,-6.244422285000000156e-02,-1.806589964000000076e-02
1.962231209999999892e+00,8.966020044000000411e-01,-6.097545303000000139e-02,-1.828036708999999926e-02
1.962593330000000025e+00,8.950659949999999476e-01,-5.924526621000000132e-02,-1.861981173999999878e-02
1.962955760000000049e+00,8.925791092999999510e-01,-5.793812756999999758e-02,-1.876587019999999967e-02
1.963318200000000013e+00,8.897092620000000007e-01,-5.665414785000000286e-02,-1.878051194999999854e-02
1.963680630000000038e+00,8.871387429999999519e-01,-5.522008357000000173e-02,-1.881568251000000080e-02
1.964043390000000056e+00,8.852158180000000431e-01,-5.437239448000000253e-02,-1.876218492999999835e-02
1.964406469999999905e+00,8.840931224000000421e-01,-5.303835744999999685e-02,-1.886435535000000052e-02
1.964770190000000083e+00,8.844674263999999786e-01,-5.141021416000000205e-02,-1.909301072999999849e-02
1.965134560000000086e+00,8.851907781000000197e-01,-4.989235445000000241e-02,-1.926122460000000147e-02
1.965499909999999906e+00,8.866875996999999954e-01,-4.837223487999999655e-02,-1.942450038000000101e-02
1.965866569999999980e+00,8.880999418999999673e-01,-4.699244965999999774e-02,-1.956326643000000018e-02
1.966234889999999957e+00,8.901007685999999808e-01,-4.584080515999999772e-02,-1.966094515000000112e-02
1.966605219999999932e+00,8.932658837000000407e-01,-4.446495089000000039e-02,-1.986184564000000041e-02
1.966977580000000003e+00,8.954307381999999649e-01,-4.316868556999999690e-02,-1.996492692000000069e-02
1.967352339999999922e+00,8.966321058999999760e-01,-4.204356372000000314e-02,-1.995858630999999828e-02
1.967729889999999981e+00,8.978853745999999525e-01,-4.124319603999999917e-02,-1.998415892000000166e-02
1.968109909999999907e+00,8.994196470999999971e-01,-4.086881707000000058e-02,-2.008019445999999902e-02
1.968492450000000060e+00,9.013395306000000495e-01,-4.025939047000000326e-02,-2.031527576999999848e-02
1.968877159999999904e+00,9.021080878999999664e-01,-3.985681700999999660e-02,-2.060382732000000036e-02
1.969264080000000083e+00,9.026382197000000218e-01,-3.932194313000000191e-02,-2.082729611000000078e-02
1.969652479999999928e+00,9.020362361999999523e-01,-3.825664208000000011e-02,-2.110020803000000125e-02
1.970042389999999921e+00,9.016128678999999480e-01,-3.726448965999999696e-02,-2.142162906999999991e-02
1.970433810000000063e+00,8.996730065000000387e-01,-3.620058958999999854e-02,-2.177664232999999838e-02
1.970826369999999939e+00,8.968007601999999912e-01,-3.560995189999999894e-02,-2.207384655999999890e-02
1.971219700000000019e+00,8.938079337000000013e-01,-3.511560508000000080e-02,-2.237848535000000125e-02
1.971614179999999994e+00,8.907481199000000238e-01,-3.491351623999999765e-02,-2.267037200999999849e-02
1.972009829999999964e+00,8.879692754000000354e-01,-3.526629510999999828e-02,-2.292998657000000148e-02
1.972407440000000012e+00,8.838135767000000476e-01,-3.635690619999999706e-02,-2.292488192999999827e-02
1.972807430000000029e+00,8.794478615999999915e-01,-3.787832340999999770e-02,-2.281789075000000000e-02
1.973210640000000016e+00,8.754751785000000064e-01,-3.974920789999999982e-02,-2.281660928000000046e-02
1.973616709999999941e+00,8.724983743999999986e-01,-4.179316555999999794e-02,-2.290579229000000092e-02
1.974026520000000007e+00,8.714969700000000374e-01,-4.386067240000000172e-02,-2.298870269999999869e-02
1.974437180000000014e+00,8.705339655999999593e-01,-4.555427473999999755e-02,-2.297496736000000095e-02
1.974845310000000076e+00,8.700829263999999563e-01,-4.690724140000000070e-02,-2.294504177000000061e-02
1.975250959999999889e+00,8.697599625999999917e-01,-4.754877504999999865e-02,-2.278212527999999917e-02
1.975654140000000059e+00,8.718996239999999842e-01,-4.746118495999999964e-02,-2.255307917000000037e-02
1.976054479999999947e+00,8.752094134000000247e-01,-4.675536438999999822e-02,-2.214312006000000027e-02
1.976452019999999976e+00,8.787028647000000303e-01,-4.545067223000000267e-02,-2.154534979000000128e-02
1.976846410000000054e+00,8.817056537999999888e-01,-4.408989568999999858e-02,-2.097136406000000078e-02
1.977238059999999908e+00,8.852308196999999490e-01,-4.266320272000000136e-02,-2.047684513000000081e-02
1.977626649999999930e+00,8.894945261000000158e-01,-4.081272870000000191e-02,-1.995555124999999833e-02
1.978012960000000042e+00,8.928191573000000547e-01,-3.905805904000000245e-02,-1.932781416000000155e-02
1.978397020000000062e+00,8.966405774000000273e-01,-3.704796498000000049e-02,-1.875610491999999893e-02
1.978778850000000089e+00,9.002618588999999893e-01,-3.509920745000000286e-02,-1.820136552999999935e-02
1.979158849999999914e+00,9.028514576999999708e-01,-3.356223107999999761e-02,-1.776361163999999951e-02
1.979537389999999952e+00,9.043682431999999771e-01,-3.255875753000000289e-02,-1.736671437000000123e-02
1.979914469999999982e+00,9.052204174000000325e-01,-3.210820735000000092e-02,-1.699001073000000125e-02
1.980290480000000075e+00,9.054696989999999612e-01,-3.244218019000000286e-02,-1.666236910000000113e-02
1.980665770000000103e+00,9.046798662999999685e-01,-3.365856101999999822e-02,-1.621540470999999900e-02
1.981040350000000005e+00,9.032476659000000518e-01,-3.515190356999999682e-02,-1.570763342999999951e-02
1.981414210000000065e+00,9.016816868999999457e-01,-3.686086406999999898e-02,-1.524922150000000004e-02
1.981787710000000091e+00,9.008885509999999819e-01,-3.927893117999999711e-02,-1.489190894999999938e-02
1.982160860000000024e+00,8.999877535000000428e-01,-4.199370552000000062e-02,-1.464355934999999991e-02
1.982534009999999958e+00,8.997766858000000312e-01,-4.502396347999999826e-02,-1.450697731999999948e-02
1.982907519999999923e+00,8.987353270000000283e-01,-4.820376417999999719e-02,-1.449440045000000010e-02
1.983281379999999983e+00,8.971641291999999934e-01,-5.112614467999999912e-02,-1.466307099999999974e-02
1.983655610000000014e+00,8.970391966999999855e-01,-5.393222313999999906e-02,-1.494609686000000076e-02
1.984030549999999948e+00,8.961005158999999498e-01,-5.647128936000000293e-02,-1.525397956999999943e-02
1.984405490000000105e+00,8.946073789999999804e-01,-5.835465699000000339e-02,-1.560970341000000004e-02
1.984780070000000007e+00,8.922706650999999711e-01,-6.008422976999999721e-02,-1.582011243999999900e-02
1.985154649999999910e+00,8.919522571000000344e-01,-6.175150472000000279e-02,-1.608245045000000067e-02
1.985528870000000001e+00,8.922726506999999474e-01,-6.312598039000000272e-02,-1.635514606999999981e-02
1.985903090000000093e+00,8.917513071999999541e-01,-6.399304296999999697e-02,-1.637049348999999876e-02
1.986277309999999963e+00,8.900857156000000492e-01,-6.441130416000000192e-02,-1.632137012000000123e-02
1.986651890000000087e+00,8.895342960000000021e-01,-6.449690426000000143e-02,-1.637289266999999993e-02
1.987026839999999961e+00,8.903063648000000274e-01,-6.448995673000000595e-02,-1.636992965000000008e-02
1.987402139999999928e+00,8.925694001999999738e-01,-6.404694085999999842e-02,-1.630389032000000016e-02
1.987777820000000029e+00,8.946476191000000133e-01,-6.334069488000000636e-02,-1.605648850000000044e-02
1.988154229999999911e+00,8.959930044999999676e-01,-6.239684750999999890e-02,-1.572896500000000100e-02
1.988531370000000020e+00,8.961128881000000046e-01,-6.134325657999999820e-02,-1.541892750000000041e-02
1.988909620000000045e+00,8.960274392999999504e-01,-5.984442339999999916e-02,-1.515266231000000040e-02
1.989289000000000085e+00,8.963693274999999794e-01,-5.857198415999999991e-02,-1.502993388000000048e-02
1.989669499999999980e+00,8.963014058999999589e-01,-5.744334350000000061e-02,-1.497039822000000020e-02
1.990049619999999964e+00,8.964002039999999782e-01,-5.619513269000000338e-02,-1.490144084999999938e-02
1.990429369999999976e+00,8.956553913999999450e-01,-5.484942620000000241e-02,-1.484201037999999945e-02
1.990808740000000077e+00,8.941346734999999768e-01,-5.355608743999999699e-02,-1.486466606000000010e-02
1.991187739999999984e+00,8.925077431000000283e-01,-5.266020524000000064e-02,-1.492371676999999959e-02
1.991566359999999980e+00,8.923095017000000073e-01,-5.177329920999999835e-02,-1.502206273999999973e-02
1.991944979999999976e+00,8.923220011000000396e-01,-5.134938533999999777e-02,-1.505897835999999920e-02
1.992323230000000001e+00,8.930050741999999708e-01,-5.103739606999999762e-02,-1.509197118000000018e-02
1.992701470000000086e+00,8.929347091999999542e-01,-5.111979729999999861e-02,-1.507374010000000000e-02
1.993079720000000110e+00,8.927241699000000308e-01,-5.170264242000000010e-02,-1.502837364999999939e-02
1.993458340000000106e+00,8.919529695000000258e-01,-5.249911439999999790e-02,-1.496760079000000049e-02
1.993837340000000014e+00,8.916756807000000284e-01,-5.371314845999999865e-02,-1.503414322000000067e-02
1.994217099999999965e+00,8.922639780000000131e-01,-5.523129252999999655e-02,-1.515755205000000015e-02
1.994597230000000110e+00,8.933390776999999838e-01,-5.686508117999999889e-02,-1.524266202999999958e-02
1.994977750000000105e+00,8.946729035999999580e-01,-5.820304516000000122e-02,-1.542964571000000028e-02
1.995359040000000084e+00,8.967204377999999920e-01,-5.952632189999999823e-02,-1.575657637000000069e-02
1.995740709999999973e+00,8.989661062999999563e-01,-6.029109819999999703e-02,-1.627202092000000141e-02
1.996123150000000068e+00,9.012458077999999650e-01,-6.079311510000000307e-02,-1.702798422000000034e-02
1.996506370000000086e+00,9.022010954000000416e-01,-6.032464266999999769e-02,-1.775591115999999858e-02
1.996890379999999965e+00,9.032763585999999956e-01,-5.882476737000000289e-02,-1.843672084000000030e-02
1.997275160000000049e+00,9.033209857999999759e-01,-5.662795741999999966e-02,-1.908639210999999933e-02
1.997661130000000007e+00,9.030210547999999449e-01,-5.363423761999999706e-02,-1.979146077000000156e-02
1.998048290000000060e+00,9.026847271000000283e-01,-5.038037937999999966e-02,-2.043499417999999901e-02
1.998437060000000098e+00,9.023187189000000386e-01,-4.699872457999999809e-02,-2.108925622999999888e-02
1.998827839999999911e+00,9.013243927999999849e-01,-4.348038891000000072e-02,-2.176740883000000126e-02
1.999221509999999924e+00,8.999202585000000143e-01,-3.980981111000000267e-02,-2.243388723999999862e-02
1.999618090000000015e+00,8.976050344999999542e-01,-3.607068303000000170e-02,-2.304845549999999868e-02
2.000017639999999819e+00,8.944968806999999966e-01,-3.242570390999999913e-02,-2.364821015000000137e-02
