
************************************************************

CalculiX Version 2.17, Copyright(C) 1998-2020 Guido Dhondt
CalculiX comes with ABSOLUTELY NO WARRANTY. This is free
software, and you are welcome to redistribute it under
certain conditions, see gpl.htm

************************************************************

You are using an executable made on Thu Jul 23 21:43:50 CEST 2020

  The numbers below are estimated upper bounds

  number of:

   nodes:        63923
   elements:         1659
   one-dimensional elements:          586
   two-dimensional elements:          492
   integration points per element:            8
   degrees of freedom per node:            3
   layers per element:            2

   distributed facial loads:            0
   distributed volumetric loads:            1
   concentrated loads:         5229
   single point constraints:        78138
   multiple point constraints:       129361
   terms in all multiple point constraints:       827905
   tie constraints:            0
   dependent nodes tied by cyclic constraints:            0
   dependent nodes in pre-tension constraints:            0

   sets:          610
   terms in all sets:         8338

   materials:          587
   constants per material and temperature:            2
   temperature points per material:            1
   plastic data points per material:            0

   orientations:          984
   amplitudes:            4
   data points in all amplitudes:            4
   print requests:            8
   transformations:            0
   property cards:            0

 *WARNING reading *STEP: parameter not recognized:
          NAME=COMPLETED_STATE
 *WARNING reading *STEP. Card image:
          *STEP,NAME=COMPLETED_STATE,NLGEOM=YES,INC=2000

 *INFO reading *STEP: nonlinear geometric
       effects are turned on

 *WARNING reading *STATIC:
          the minimum increment    1.0000000000000000E-010
          is smaller then 1.e-6 times the 
          step time;
          the minimum increment is changed
          to    9.9999999999999995E-007
          which is the minimum of the initial
          increment time and 1.e-6 times the step time
 *WARNING in calinput: no elastic constants 
  were assigned to material MASS
          in a (thermo)mechanical calculation

 *WARNING in calinput: no elastic constants 
  were assigned to material MASS
          in a (thermo)mechanical calculation

 *WARNING in calinput: no elastic constants 
  were assigned to material MASS
          in a (thermo)mechanical calculation

 *WARNING in calinput: no elastic constants 
  were assigned to material MASS
          in a (thermo)mechanical calculation

 *WARNING in calinput: no elastic constants 
  were assigned to material MASS
          in a (thermo)mechanical calculation

 *WARNING in calinput: no elastic constants 
  were assigned to material MASS
          in a (thermo)mechanical calculation

 *WARNING in calinput: no elastic constants 
  were assigned to material MASS
          in a (thermo)mechanical calculation

 *WARNING in calinput: no elastic constants 
  were assigned to material MASS
          in a (thermo)mechanical calculation

 *WARNING in calinput: no elastic constants 
  were assigned to material MASS
          in a (thermo)mechanical calculation

 *WARNING in calinput: no elastic constants 
  were assigned to material MASS
          in a (thermo)mechanical calculation

 *WARNING in calinput: no elastic constants 
  were assigned to material MASS
          in a (thermo)mechanical calculation

 *WARNING in calinput: no elastic constants 
  were assigned to material MASS
          in a (thermo)mechanical calculation

 *WARNING in calinput: no elastic constants 
  were assigned to material MASS
          in a (thermo)mechanical calculation

 *WARNING in calinput: no elastic constants 
  were assigned to material MASS
          in a (thermo)mechanical calculation

 *WARNING in calinput: no elastic constants 
  were assigned to material MASS
          in a (thermo)mechanical calculation

 *WARNING in calinput: no elastic constants 
  were assigned to material MASS
          in a (thermo)mechanical calculation

 *WARNING in calinput: no elastic constants 
  were assigned to material MASS
          in a (thermo)mechanical calculation

 *WARNING in calinput: no elastic constants 
  were assigned to material MASS
          in a (thermo)mechanical calculation

 *WARNING in calinput: no elastic constants 
  were assigned to material MASS
          in a (thermo)mechanical calculation

 *WARNING in calinput: no elastic constants 
  were assigned to material MASS
          in a (thermo)mechanical calculation

 *WARNING in calinput: no elastic constants 
  were assigned to material MASS
          in a (thermo)mechanical calculation

 *WARNING in calinput: no elastic constants 
  were assigned to material MASS
          in a (thermo)mechanical calculation

 *WARNING in calinput: no elastic constants 
  were assigned to material MASS
          in a (thermo)mechanical calculation

 *WARNING in calinput: no elastic constants 
  were assigned to material MASS
          in a (thermo)mechanical calculation

 *WARNING in calinput: no elastic constants 
  were assigned to material MASS
          in a (thermo)mechanical calculation

 *WARNING in calinput: no elastic constants 
  were assigned to material MASS
          in a (thermo)mechanical calculation

 *WARNING in calinput: no elastic constants 
  were assigned to material MASS
          in a (thermo)mechanical calculation

 *WARNING in calinput: no elastic constants 
  were assigned to material MASS
          in a (thermo)mechanical calculation

 *WARNING in calinput: no elastic constants 
  were assigned to material MASS
          in a (thermo)mechanical calculation

 *WARNING in calinput: no elastic constants 
  were assigned to material MASS
          in a (thermo)mechanical calculation

 *WARNING in calinput: no elastic constants 
  were assigned to material MASS
          in a (thermo)mechanical calculation

 *WARNING in calinput: no elastic constants 
  were assigned to material MASS
          in a (thermo)mechanical calculation

 *WARNING in calinput: no elastic constants 
  were assigned to material MASS
          in a (thermo)mechanical calculation

 *WARNING in calinput: no elastic constants 
  were assigned to material MASS
          in a (thermo)mechanical calculation

 *WARNING in calinput: no elastic constants 
  were assigned to material MASS
          in a (thermo)mechanical calculation

 *WARNING in calinput: no elastic constants 
  were assigned to material MASS
          in a (thermo)mechanical calculation

 *WARNING in calinput: no elastic constants 
  were assigned to material MASS
          in a (thermo)mechanical calculation

 *WARNING in calinput: no elastic constants 
  were assigned to material MASS
          in a (thermo)mechanical calculation

 *WARNING in calinput: no elastic constants 
  were assigned to material MASS
          in a (thermo)mechanical calculation

 *WARNING in calinput: no elastic constants 
  were assigned to material MASS
          in a (thermo)mechanical calculation

 *WARNING in calinput: no elastic constants 
  were assigned to material MASS
          in a (thermo)mechanical calculation

 *WARNING in calinput: no elastic constants 
  were assigned to material MASS
          in a (thermo)mechanical calculation

 *WARNING in calinput: no elastic constants 
  were assigned to material MASS
          in a (thermo)mechanical calculation

 *WARNING in calinput: no elastic constants 
  were assigned to material MASS
          in a (thermo)mechanical calculation

 *WARNING in calinput: no elastic constants 
  were assigned to material MASS
          in a (thermo)mechanical calculation

 *WARNING in calinput: no elastic constants 
  were assigned to material MASS
          in a (thermo)mechanical calculation

 *WARNING in calinput: no elastic constants 
  were assigned to material MASS
          in a (thermo)mechanical calculation

 *WARNING in calinput: no elastic constants 
  were assigned to material MASS
          in a (thermo)mechanical calculation

 *WARNING in calinput: no elastic constants 
  were assigned to material MASS
          in a (thermo)mechanical calculation

 *WARNING in calinput: no elastic constants 
  were assigned to material MASS
          in a (thermo)mechanical calculation

 *WARNING in calinput: no elastic constants 
  were assigned to material MASS
          in a (thermo)mechanical calculation

 *WARNING in calinput: no elastic constants 
  were assigned to material MASS
          in a (thermo)mechanical calculation

 *WARNING in calinput: no elastic constants 
  were assigned to material MASS
          in a (thermo)mechanical calculation

 *WARNING in calinput: no elastic constants 
  were assigned to material MASS
          in a (thermo)mechanical calculation

 *WARNING in calinput: no elastic constants 
  were assigned to material MASS
          in a (thermo)mechanical calculation

 *WARNING in calinput: no elastic constants 
  were assigned to material MASS
          in a (thermo)mechanical calculation

 *WARNING in calinput: no elastic constants 
  were assigned to material MASS
          in a (thermo)mechanical calculation

 *WARNING in calinput: no elastic constants 
  were assigned to material MASS
          in a (thermo)mechanical calculation

 *WARNING in calinput: no elastic constants 
  were assigned to material MASS
          in a (thermo)mechanical calculation

 *WARNING in calinput: no elastic constants 
  were assigned to material MASS
          in a (thermo)mechanical calculation

 *WARNING in calinput: no elastic constants 
  were assigned to material MASS
          in a (thermo)mechanical calculation

 *WARNING in calinput: no elastic constants 
  were assigned to material MASS
          in a (thermo)mechanical calculation

 *WARNING in calinput: no elastic constants 
  were assigned to material MASS
          in a (thermo)mechanical calculation

 *WARNING in calinput: no elastic constants 
  were assigned to material MASS
          in a (thermo)mechanical calculation

 *WARNING in calinput: no elastic constants 
  were assigned to material MASS
          in a (thermo)mechanical calculation

 *WARNING in calinput: no elastic constants 
  were assigned to material MASS
          in a (thermo)mechanical calculation

 *WARNING in calinput: no elastic constants 
  were assigned to material MASS
          in a (thermo)mechanical calculation

 *WARNING in calinput: no elastic constants 
  were assigned to material MASS
          in a (thermo)mechanical calculation

 *WARNING in calinput: no elastic constants 
  were assigned to material MASS
          in a (thermo)mechanical calculation

 *WARNING in calinput: no elastic constants 
  were assigned to material MASS
          in a (thermo)mechanical calculation

 *WARNING in calinput: no elastic constants 
  were assigned to material MASS
          in a (thermo)mechanical calculation

 *WARNING in calinput: no elastic constants 
  were assigned to material MASS
          in a (thermo)mechanical calculation

 *WARNING in calinput: no elastic constants 
  were assigned to material MASS
          in a (thermo)mechanical calculation

 *WARNING in calinput: no elastic constants 
  were assigned to material MASS
          in a (thermo)mechanical calculation

 *WARNING in calinput: no elastic constants 
  were assigned to material MASS
          in a (thermo)mechanical calculation

 *WARNING in calinput: no elastic constants 
  were assigned to material MASS
          in a (thermo)mechanical calculation

 *WARNING in calinput: no elastic constants 
  were assigned to material MASS
          in a (thermo)mechanical calculation

 *WARNING in calinput: no elastic constants 
  were assigned to material MASS
          in a (thermo)mechanical calculation

 *WARNING in calinput: no elastic constants 
  were assigned to material MASS
          in a (thermo)mechanical calculation

 *WARNING in calinput: no elastic constants 
  were assigned to material MASS
          in a (thermo)mechanical calculation

 *WARNING in calinput: no elastic constants 
  were assigned to material MASS
          in a (thermo)mechanical calculation

 *WARNING in calinput: no elastic constants 
  were assigned to material MASS
          in a (thermo)mechanical calculation

 *WARNING in calinput: no elastic constants 
  were assigned to material MASS
          in a (thermo)mechanical calculation

 *WARNING in calinput: no elastic constants 
  were assigned to material MASS
          in a (thermo)mechanical calculation

 *WARNING in calinput: no elastic constants 
  were assigned to material MASS
          in a (thermo)mechanical calculation

 *WARNING in calinput: no elastic constants 
  were assigned to material MASS
          in a (thermo)mechanical calculation

 *WARNING in calinput: no elastic constants 
  were assigned to material MASS
          in a (thermo)mechanical calculation

 *WARNING in calinput: no elastic constants 
  were assigned to material MASS
          in a (thermo)mechanical calculation

 *WARNING in calinput: no elastic constants 
  were assigned to material MASS
          in a (thermo)mechanical calculation

 *WARNING in calinput: no elastic constants 
  were assigned to material MASS
          in a (thermo)mechanical calculation

 *WARNING in calinput: no elastic constants 
  were assigned to material MASS
          in a (thermo)mechanical calculation

 *WARNING in calinput: no elastic constants 
  were assigned to material MASS
          in a (thermo)mechanical calculation

 *WARNING in calinput: no elastic constants 
  were assigned to material MASS
          in a (thermo)mechanical calculation

 *WARNING in calinput: no elastic constants 
  were assigned to material MASS
          in a (thermo)mechanical calculation

 *WARNING in calinput: no elastic constants 
  were assigned to material MASS
          in a (thermo)mechanical calculation

 *WARNING in calinput: no elastic constants 
  were assigned to material MASS
          in a (thermo)mechanical calculation

 *WARNING in calinput: no elastic constants 
  were assigned to material MASS
          in a (thermo)mechanical calculation

 *WARNING in calinput: no elastic constants 
  were assigned to material MASS
          in a (thermo)mechanical calculation

 *WARNING in calinput: no elastic constants 
  were assigned to material MASS
          in a (thermo)mechanical calculation

 *WARNING in calinput: no elastic constants 
  were assigned to material MASS
          in a (thermo)mechanical calculation

 *WARNING in calinput: no elastic constants 
  were assigned to material MASS
          in a (thermo)mechanical calculation

 *WARNING in calinput: no elastic constants 
  were assigned to material MASS
          in a (thermo)mechanical calculation

 *WARNING in calinput: no elastic constants 
  were assigned to material MASS
          in a (thermo)mechanical calculation

 *WARNING in calinput: no elastic constants 
  were assigned to material MASS
          in a (thermo)mechanical calculation

 *WARNING in calinput: no elastic constants 
  were assigned to material MASS
          in a (thermo)mechanical calculation

 *WARNING in calinput: no elastic constants 
  were assigned to material MASS
          in a (thermo)mechanical calculation

 *WARNING in calinput: no elastic constants 
  were assigned to material MASS
          in a (thermo)mechanical calculation

 *WARNING in calinput: no elastic constants 
  were assigned to material MASS
          in a (thermo)mechanical calculation

 *WARNING in calinput: no elastic constants 
  were assigned to material MASS
          in a (thermo)mechanical calculation

 *WARNING in calinput: no elastic constants 
  were assigned to material MASS
          in a (thermo)mechanical calculation

 *WARNING in calinput: no elastic constants 
  were assigned to material MASS
          in a (thermo)mechanical calculation

 *WARNING in calinput: no elastic constants 
  were assigned to material MASS
          in a (thermo)mechanical calculation

 *WARNING in calinput: no elastic constants 
  were assigned to material MASS
          in a (thermo)mechanical calculation

 *WARNING in calinput: no elastic constants 
  were assigned to material MASS
          in a (thermo)mechanical calculation

 *WARNING in calinput: no elastic constants 
  were assigned to material MASS
          in a (thermo)mechanical calculation

 *WARNING in calinput: no elastic constants 
  were assigned to material MASS
          in a (thermo)mechanical calculation

 *WARNING in calinput: no elastic constants 
  were assigned to material MASS
          in a (thermo)mechanical calculation

 *WARNING in calinput: no elastic constants 
  were assigned to material MASS
          in a (thermo)mechanical calculation

 *WARNING in calinput: no elastic constants 
  were assigned to material MASS
          in a (thermo)mechanical calculation

 *WARNING in calinput: no elastic constants 
  were assigned to material MASS
          in a (thermo)mechanical calculation

 *WARNING in calinput: no elastic constants 
  were assigned to material MASS
          in a (thermo)mechanical calculation

 *WARNING in calinput: no elastic constants 
  were assigned to material MASS
          in a (thermo)mechanical calculation

 *WARNING in calinput: no elastic constants 
  were assigned to material MASS
          in a (thermo)mechanical calculation

 *WARNING in calinput: no elastic constants 
  were assigned to material MASS
          in a (thermo)mechanical calculation

 *WARNING in calinput: no elastic constants 
  were assigned to material MASS
          in a (thermo)mechanical calculation

 *WARNING in calinput: no elastic constants 
  were assigned to material MASS
          in a (thermo)mechanical calculation

 *WARNING in calinput: no elastic constants 
  were assigned to material MASS
          in a (thermo)mechanical calculation

 *WARNING in calinput: no elastic constants 
  were assigned to material MASS
          in a (thermo)mechanical calculation

 *WARNING in calinput: no elastic constants 
  were assigned to material MASS
          in a (thermo)mechanical calculation

 *WARNING in calinput: no elastic constants 
  were assigned to material MASS
          in a (thermo)mechanical calculation

 *WARNING in calinput: no elastic constants 
  were assigned to material MASS
          in a (thermo)mechanical calculation

 *WARNING in calinput: no elastic constants 
  were assigned to material MASS
          in a (thermo)mechanical calculation

 *WARNING in calinput: no elastic constants 
  were assigned to material MASS
          in a (thermo)mechanical calculation

 *WARNING in calinput: no elastic constants 
  were assigned to material MASS
          in a (thermo)mechanical calculation

 *WARNING in calinput: no elastic constants 
  were assigned to material MASS
          in a (thermo)mechanical calculation

 *WARNING in calinput: no elastic constants 
  were assigned to material MASS
          in a (thermo)mechanical calculation

 *WARNING in calinput: no elastic constants 
  were assigned to material MASS
          in a (thermo)mechanical calculation

 *WARNING in calinput: no elastic constants 
  were assigned to material MASS
          in a (thermo)mechanical calculation

 *WARNING in calinput: no elastic constants 
  were assigned to material MASS
          in a (thermo)mechanical calculation

 *WARNING in calinput: no elastic constants 
  were assigned to material MASS
          in a (thermo)mechanical calculation

 *WARNING in calinput: no elastic constants 
  were assigned to material MASS
          in a (thermo)mechanical calculation

 *WARNING in calinput: no elastic constants 
  were assigned to material MASS
          in a (thermo)mechanical calculation

 *WARNING in calinput: no elastic constants 
  were assigned to material MASS
          in a (thermo)mechanical calculation

 *WARNING in calinput: no elastic constants 
  were assigned to material MASS
          in a (thermo)mechanical calculation

 *WARNING in calinput: no elastic constants 
  were assigned to material MASS
          in a (thermo)mechanical calculation

 *WARNING in calinput: no elastic constants 
  were assigned to material MASS
          in a (thermo)mechanical calculation

 *WARNING in calinput: no elastic constants 
  were assigned to material MASS
          in a (thermo)mechanical calculation

 *WARNING in calinput: no elastic constants 
  were assigned to material MASS
          in a (thermo)mechanical calculation

 *WARNING in calinput: no elastic constants 
  were assigned to material MASS
          in a (thermo)mechanical calculation

 *WARNING in calinput: no elastic constants 
  were assigned to material MASS
          in a (thermo)mechanical calculation

 *WARNING in calinput: no elastic constants 
  were assigned to material MASS
          in a (thermo)mechanical calculation

 *WARNING in calinput: no elastic constants 
  were assigned to material MASS
          in a (thermo)mechanical calculation

 *WARNING in calinput: no elastic constants 
  were assigned to material MASS
          in a (thermo)mechanical calculation

 *WARNING in calinput: no elastic constants 
  were assigned to material MASS
          in a (thermo)mechanical calculation

 *WARNING in calinput: no elastic constants 
  were assigned to material MASS
          in a (thermo)mechanical calculation

 *WARNING in calinput: no elastic constants 
  were assigned to material MASS
          in a (thermo)mechanical calculation

 *WARNING in calinput: no elastic constants 
  were assigned to material MASS
          in a (thermo)mechanical calculation

 *WARNING in calinput: no elastic constants 
  were assigned to material MASS
          in a (thermo)mechanical calculation

 *WARNING in calinput: no elastic constants 
  were assigned to material MASS
          in a (thermo)mechanical calculation

 *WARNING in calinput: no elastic constants 
  were assigned to material MASS
          in a (thermo)mechanical calculation

 *WARNING in calinput: no elastic constants 
  were assigned to material MASS
          in a (thermo)mechanical calculation

 *WARNING in calinput: no elastic constants 
  were assigned to material MASS
          in a (thermo)mechanical calculation

 *WARNING in calinput: no elastic constants 
  were assigned to material MASS
          in a (thermo)mechanical calculation

 *WARNING in calinput: no elastic constants 
  were assigned to material MASS
          in a (thermo)mechanical calculation

 *WARNING in calinput: no elastic constants 
  were assigned to material MASS
          in a (thermo)mechanical calculation

 *WARNING in calinput: no elastic constants 
  were assigned to material MASS
          in a (thermo)mechanical calculation

 *WARNING in calinput: no elastic constants 
  were assigned to material MASS
          in a (thermo)mechanical calculation

 *WARNING in calinput: no elastic constants 
  were assigned to material MASS
          in a (thermo)mechanical calculation

 *WARNING in calinput: no elastic constants 
  were assigned to material MASS
          in a (thermo)mechanical calculation

 *WARNING in calinput: no elastic constants 
  were assigned to material MASS
          in a (thermo)mechanical calculation

 *WARNING in calinput: no elastic constants 
  were assigned to material MASS
          in a (thermo)mechanical calculation

 *WARNING in calinput: no elastic constants 
  were assigned to material MASS
          in a (thermo)mechanical calculation

 *WARNING in calinput: no elastic constants 
  were assigned to material MASS
          in a (thermo)mechanical calculation

 *WARNING in calinput: no elastic constants 
  were assigned to material MASS
          in a (thermo)mechanical calculation

 *WARNING in calinput: no elastic constants 
  were assigned to material MASS
          in a (thermo)mechanical calculation

 *WARNING in calinput: no elastic constants 
  were assigned to material MASS
          in a (thermo)mechanical calculation

 *WARNING in calinput: no elastic constants 
  were assigned to material MASS
          in a (thermo)mechanical calculation

 *WARNING in calinput: no elastic constants 
  were assigned to material MASS
          in a (thermo)mechanical calculation

 *WARNING in calinput: no elastic constants 
  were assigned to material MASS
          in a (thermo)mechanical calculation

 *WARNING in calinput: no elastic constants 
  were assigned to material MASS
          in a (thermo)mechanical calculation

 *WARNING in calinput: no elastic constants 
  were assigned to material MASS
          in a (thermo)mechanical calculation

 *WARNING in calinput: no elastic constants 
  were assigned to material MASS
          in a (thermo)mechanical calculation

 *WARNING in calinput: no elastic constants 
  were assigned to material MASS
          in a (thermo)mechanical calculation

 *WARNING in calinput: no elastic constants 
  were assigned to material MASS
          in a (thermo)mechanical calculation

 *WARNING in calinput: no elastic constants 
  were assigned to material MASS
          in a (thermo)mechanical calculation

 *WARNING in calinput: no elastic constants 
  were assigned to material MASS
          in a (thermo)mechanical calculation

 *WARNING in calinput: no elastic constants 
  were assigned to material MASS
          in a (thermo)mechanical calculation

 *WARNING in calinput: no elastic constants 
  were assigned to material MASS
          in a (thermo)mechanical calculation

 *WARNING in calinput: no elastic constants 
  were assigned to material MASS
          in a (thermo)mechanical calculation

 *WARNING in calinput: no elastic constants 
  were assigned to material MASS
          in a (thermo)mechanical calculation

 *WARNING in calinput: no elastic constants 
  were assigned to material MASS
          in a (thermo)mechanical calculation

 *WARNING in calinput: no elastic constants 
  were assigned to material MASS
          in a (thermo)mechanical calculation

 *WARNING in calinput: no elastic constants 
  were assigned to material MASS
          in a (thermo)mechanical calculation

 *WARNING in calinput: no elastic constants 
  were assigned to material MASS
          in a (thermo)mechanical calculation

 *WARNING in calinput: no elastic constants 
  were assigned to material MASS
          in a (thermo)mechanical calculation

 *WARNING in calinput: no elastic constants 
  were assigned to material MASS
          in a (thermo)mechanical calculation

 *WARNING in calinput: no elastic constants 
  were assigned to material MASS
          in a (thermo)mechanical calculation

 *WARNING in calinput: no elastic constants 
  were assigned to material MASS
          in a (thermo)mechanical calculation

 *WARNING in calinput: no elastic constants 
  were assigned to material MASS
          in a (thermo)mechanical calculation

 *WARNING in calinput: no elastic constants 
  were assigned to material MASS
          in a (thermo)mechanical calculation

 *WARNING in calinput: no elastic constants 
  were assigned to material MASS
          in a (thermo)mechanical calculation

 *WARNING in calinput: no elastic constants 
  were assigned to material MASS
          in a (thermo)mechanical calculation

 *WARNING in calinput: no elastic constants 
  were assigned to material MASS
          in a (thermo)mechanical calculation

 *WARNING in calinput: no elastic constants 
  were assigned to material MASS
          in a (thermo)mechanical calculation

 *WARNING in calinput: no elastic constants 
  were assigned to material MASS
          in a (thermo)mechanical calculation

 *WARNING in calinput: no elastic constants 
  were assigned to material MASS
          in a (thermo)mechanical calculation

 *WARNING in calinput: no elastic constants 
  were assigned to material MASS
          in a (thermo)mechanical calculation

 *WARNING in calinput: no elastic constants 
  were assigned to material MASS
          in a (thermo)mechanical calculation

 *WARNING in calinput: no elastic constants 
  were assigned to material MASS
          in a (thermo)mechanical calculation

 *WARNING in calinput: no elastic constants 
  were assigned to material MASS
          in a (thermo)mechanical calculation

 *WARNING in calinput: no elastic constants 
  were assigned to material MASS
          in a (thermo)mechanical calculation

 *WARNING in calinput: no elastic constants 
  were assigned to material MASS
          in a (thermo)mechanical calculation

 *WARNING in calinput: no elastic constants 
  were assigned to material MASS
          in a (thermo)mechanical calculation

 *WARNING in calinput: no elastic constants 
  were assigned to material MASS
          in a (thermo)mechanical calculation

 *WARNING in calinput: no elastic constants 
  were assigned to material MASS
          in a (thermo)mechanical calculation

 *WARNING in calinput: no elastic constants 
  were assigned to material MASS
          in a (thermo)mechanical calculation

 *WARNING in calinput: no elastic constants 
  were assigned to material MASS
          in a (thermo)mechanical calculation

 *WARNING in calinput: no elastic constants 
  were assigned to material MASS
          in a (thermo)mechanical calculation

 *WARNING in calinput: no elastic constants 
  were assigned to material MASS
          in a (thermo)mechanical calculation

 *WARNING in calinput: no elastic constants 
  were assigned to material MASS
          in a (thermo)mechanical calculation

 *WARNING in calinput: no elastic constants 
  were assigned to material MASS
          in a (thermo)mechanical calculation

 *WARNING in calinput: no elastic constants 
  were assigned to material MASS
          in a (thermo)mechanical calculation

 *WARNING in calinput: no elastic constants 
  were assigned to material MASS
          in a (thermo)mechanical calculation

 *WARNING in calinput: no elastic constants 
  were assigned to material MASS
          in a (thermo)mechanical calculation

 *WARNING in calinput: no elastic constants 
  were assigned to material MASS
          in a (thermo)mechanical calculation

 *WARNING in calinput: no elastic constants 
  were assigned to material MASS
          in a (thermo)mechanical calculation

 *WARNING in calinput: no elastic constants 
  were assigned to material MASS
          in a (thermo)mechanical calculation

 *WARNING in calinput: no elastic constants 
  were assigned to material MASS
          in a (thermo)mechanical calculation

 *WARNING in calinput: no elastic constants 
  were assigned to material MASS
          in a (thermo)mechanical calculation

 *WARNING in calinput: no elastic constants 
  were assigned to material MASS
          in a (thermo)mechanical calculation

 *WARNING in calinput: no elastic constants 
  were assigned to material MASS
          in a (thermo)mechanical calculation

 *WARNING in calinput: no elastic constants 
  were assigned to material MASS
          in a (thermo)mechanical calculation

 *WARNING in calinput: no elastic constants 
  were assigned to material MASS
          in a (thermo)mechanical calculation

 *WARNING in calinput: no elastic constants 
  were assigned to material MASS
          in a (thermo)mechanical calculation

 *WARNING in calinput: no elastic constants 
  were assigned to material MASS
          in a (thermo)mechanical calculation

 *WARNING in calinput: no elastic constants 
  were assigned to material MASS
          in a (thermo)mechanical calculation

 *WARNING in calinput: no elastic constants 
  were assigned to material MASS
          in a (thermo)mechanical calculation

 *WARNING in calinput: no elastic constants 
  were assigned to material MASS
          in a (thermo)mechanical calculation

 *WARNING in calinput: no elastic constants 
  were assigned to material MASS
          in a (thermo)mechanical calculation

 *WARNING in calinput: no elastic constants 
  were assigned to material MASS
          in a (thermo)mechanical calculation

 *WARNING in calinput: no elastic constants 
  were assigned to material MASS
          in a (thermo)mechanical calculation

 *WARNING in calinput: no elastic constants 
  were assigned to material MASS
          in a (thermo)mechanical calculation

 *WARNING in calinput: no elastic constants 
  were assigned to material MASS
          in a (thermo)mechanical calculation

 *WARNING in calinput: no elastic constants 
  were assigned to material MASS
          in a (thermo)mechanical calculation

 *WARNING in calinput: no elastic constants 
  were assigned to material MASS
          in a (thermo)mechanical calculation

 *WARNING in calinput: no elastic constants 
  were assigned to material MASS
          in a (thermo)mechanical calculation

 *WARNING in calinput: no elastic constants 
  were assigned to material MASS
          in a (thermo)mechanical calculation

 *WARNING in calinput: no elastic constants 
  were assigned to material MASS
          in a (thermo)mechanical calculation

 *WARNING in calinput: no elastic constants 
  were assigned to material MASS
          in a (thermo)mechanical calculation

 *WARNING in calinput: no elastic constants 
  were assigned to material MASS
          in a (thermo)mechanical calculation

 *WARNING in calinput: no elastic constants 
  were assigned to material MASS
          in a (thermo)mechanical calculation

 *WARNING in calinput: no elastic constants 
  were assigned to material MASS
          in a (thermo)mechanical calculation

 *WARNING in calinput: no elastic constants 
  were assigned to material MASS
          in a (thermo)mechanical calculation

 *WARNING in calinput: no elastic constants 
  were assigned to material MASS
          in a (thermo)mechanical calculation

 *WARNING in calinput: no elastic constants 
  were assigned to material MASS
          in a (thermo)mechanical calculation

 *WARNING in calinput: no elastic constants 
  were assigned to material MASS
          in a (thermo)mechanical calculation

 *WARNING in calinput: no elastic constants 
  were assigned to material MASS
          in a (thermo)mechanical calculation

 *WARNING in calinput: no elastic constants 
  were assigned to material MASS
          in a (thermo)mechanical calculation

 *WARNING in calinput: no elastic constants 
  were assigned to material MASS
          in a (thermo)mechanical calculation

 *WARNING in calinput: no elastic constants 
  were assigned to material MASS
          in a (thermo)mechanical calculation

 *WARNING in calinput: no elastic constants 
  were assigned to material MASS
          in a (thermo)mechanical calculation

 *WARNING in calinput: no elastic constants 
  were assigned to material MASS
          in a (thermo)mechanical calculation

 *WARNING in calinput: no elastic constants 
  were assigned to material MASS
          in a (thermo)mechanical calculation

 *WARNING in calinput: no elastic constants 
  were assigned to material MASS
          in a (thermo)mechanical calculation

 *WARNING in calinput: no elastic constants 
  were assigned to material MASS
          in a (thermo)mechanical calculation

 *WARNING in calinput: no elastic constants 
  were assigned to material MASS
          in a (thermo)mechanical calculation

 *WARNING in calinput: no elastic constants 
  were assigned to material MASS
          in a (thermo)mechanical calculation

 *WARNING in calinput: no elastic constants 
  were assigned to material MASS
          in a (thermo)mechanical calculation

 *WARNING in calinput: no elastic constants 
  were assigned to material MASS
          in a (thermo)mechanical calculation

 *WARNING in calinput: no elastic constants 
  were assigned to material MASS
          in a (thermo)mechanical calculation

 *WARNING in calinput: no elastic constants 
  were assigned to material MASS
          in a (thermo)mechanical calculation

 *WARNING in calinput: no elastic constants 
  were assigned to material MASS
          in a (thermo)mechanical calculation

 *WARNING in calinput: no elastic constants 
  were assigned to material MASS
          in a (thermo)mechanical calculation

 *WARNING in calinput: no elastic constants 
  were assigned to material MASS
          in a (thermo)mechanical calculation

 *WARNING in calinput: no elastic constants 
  were assigned to material MASS
          in a (thermo)mechanical calculation

 *WARNING in calinput: no elastic constants 
  were assigned to material MASS
          in a (thermo)mechanical calculation

 *WARNING in calinput: no elastic constants 
  were assigned to material MASS
          in a (thermo)mechanical calculation

 *WARNING in calinput: no elastic constants 
  were assigned to material MASS
          in a (thermo)mechanical calculation

 *WARNING in calinput: no elastic constants 
  were assigned to material MASS
          in a (thermo)mechanical calculation

 *WARNING in calinput: no elastic constants 
  were assigned to material MASS
          in a (thermo)mechanical calculation

 *WARNING in calinput: no elastic constants 
  were assigned to material MASS
          in a (thermo)mechanical calculation

 *WARNING in calinput: no elastic constants 
  were assigned to material MASS
          in a (thermo)mechanical calculation

 *WARNING in calinput: no elastic constants 
  were assigned to material MASS
          in a (thermo)mechanical calculation

 *WARNING in calinput: no elastic constants 
  were assigned to material MASS
          in a (thermo)mechanical calculation

 *WARNING in calinput: no elastic constants 
  were assigned to material MASS
          in a (thermo)mechanical calculation

 *WARNING in calinput: no elastic constants 
  were assigned to material MASS
          in a (thermo)mechanical calculation

 *WARNING in calinput: no elastic constants 
  were assigned to material MASS
          in a (thermo)mechanical calculation

 *WARNING in calinput: no elastic constants 
  were assigned to material MASS
          in a (thermo)mechanical calculation

 *WARNING in calinput: no elastic constants 
  were assigned to material MASS
          in a (thermo)mechanical calculation

 *WARNING in calinput: no elastic constants 
  were assigned to material MASS
          in a (thermo)mechanical calculation

 *WARNING in calinput: no elastic constants 
  were assigned to material MASS
          in a (thermo)mechanical calculation

 *WARNING in calinput: no elastic constants 
  were assigned to material MASS
          in a (thermo)mechanical calculation

 *WARNING in calinput: no elastic constants 
  were assigned to material MASS
          in a (thermo)mechanical calculation

 *WARNING in calinput: no elastic constants 
  were assigned to material MASS
          in a (thermo)mechanical calculation

 *WARNING in calinput: no elastic constants 
  were assigned to material MASS
          in a (thermo)mechanical calculation

 *WARNING in calinput: no elastic constants 
  were assigned to material MASS
          in a (thermo)mechanical calculation

 *WARNING in calinput: no elastic constants 
  were assigned to material MASS
          in a (thermo)mechanical calculation

 *WARNING in calinput: no elastic constants 
  were assigned to material MASS
          in a (thermo)mechanical calculation

 *WARNING in calinput: no elastic constants 
  were assigned to material MASS
          in a (thermo)mechanical calculation

 *WARNING in calinput: no elastic constants 
  were assigned to material MASS
          in a (thermo)mechanical calculation

 *WARNING in calinput: no elastic constants 
  were assigned to material MASS
          in a (thermo)mechanical calculation

 *WARNING in calinput: no elastic constants 
  were assigned to material MASS
          in a (thermo)mechanical calculation

 *WARNING in calinput: no elastic constants 
  were assigned to material MASS
          in a (thermo)mechanical calculation

 *WARNING in calinput: no elastic constants 
  were assigned to material MASS
          in a (thermo)mechanical calculation

 *WARNING in calinput: no elastic constants 
  were assigned to material MASS
          in a (thermo)mechanical calculation

 *WARNING in calinput: no elastic constants 
  were assigned to material MASS
          in a (thermo)mechanical calculation

 *WARNING in calinput: no elastic constants 
  were assigned to material MASS
          in a (thermo)mechanical calculation

 *WARNING in calinput: no elastic constants 
  were assigned to material MASS
          in a (thermo)mechanical calculation

 *WARNING in calinput: no elastic constants 
  were assigned to material MASS
          in a (thermo)mechanical calculation

 *WARNING in calinput: no elastic constants 
  were assigned to material MASS
          in a (thermo)mechanical calculation

 *WARNING in calinput: no elastic constants 
  were assigned to material MASS
          in a (thermo)mechanical calculation

 *WARNING in calinput: no elastic constants 
  were assigned to material MASS
          in a (thermo)mechanical calculation

 *WARNING in calinput: no elastic constants 
  were assigned to material MASS
          in a (thermo)mechanical calculation

 *WARNING in calinput: no elastic constants 
  were assigned to material MASS
          in a (thermo)mechanical calculation

 *WARNING in calinput: no elastic constants 
  were assigned to material MASS
          in a (thermo)mechanical calculation

 *WARNING in calinput: no elastic constants 
  were assigned to material MASS
          in a (thermo)mechanical calculation

 *WARNING in calinput: no elastic constants 
  were assigned to material MASS
          in a (thermo)mechanical calculation

 *WARNING in calinput: no elastic constants 
  were assigned to material MASS
          in a (thermo)mechanical calculation

 *WARNING in calinput: no elastic constants 
  were assigned to material MASS
          in a (thermo)mechanical calculation

 *WARNING in calinput: no elastic constants 
  were assigned to material MASS
          in a (thermo)mechanical calculation

 *WARNING in calinput: no elastic constants 
  were assigned to material MASS
          in a (thermo)mechanical calculation

 *WARNING in calinput: no elastic constants 
  were assigned to material MASS
          in a (thermo)mechanical calculation

 *WARNING in calinput: no elastic constants 
  were assigned to material MASS
          in a (thermo)mechanical calculation

 *WARNING in calinput: no elastic constants 
  were assigned to material MASS
          in a (thermo)mechanical calculation

 *WARNING in calinput: no elastic constants 
  were assigned to material MASS
          in a (thermo)mechanical calculation

 *WARNING in calinput: no elastic constants 
  were assigned to material MASS
          in a (thermo)mechanical calculation

 *WARNING in calinput: no elastic constants 
  were assigned to material MASS
          in a (thermo)mechanical calculation

 *WARNING in calinput: no elastic constants 
  were assigned to material MASS
          in a (thermo)mechanical calculation

 *WARNING in calinput: no elastic constants 
  were assigned to material MASS
          in a (thermo)mechanical calculation

 *WARNING in calinput: no elastic constants 
  were assigned to material MASS
          in a (thermo)mechanical calculation

 *WARNING in calinput: no elastic constants 
  were assigned to material MASS
          in a (thermo)mechanical calculation

 *WARNING in calinput: no elastic constants 
  were assigned to material MASS
          in a (thermo)mechanical calculation

 *WARNING in calinput: no elastic constants 
  were assigned to material MASS
          in a (thermo)mechanical calculation

 *WARNING in calinput: no elastic constants 
  were assigned to material MASS
          in a (thermo)mechanical calculation

 *WARNING in calinput: no elastic constants 
  were assigned to material MASS
          in a (thermo)mechanical calculation

 *WARNING in calinput: no elastic constants 
  were assigned to material MASS
          in a (thermo)mechanical calculation

 *WARNING in calinput: no elastic constants 
  were assigned to material MASS
          in a (thermo)mechanical calculation

 *WARNING in calinput: no elastic constants 
  were assigned to material MASS
          in a (thermo)mechanical calculation

 *WARNING in calinput: no elastic constants 
  were assigned to material MASS
          in a (thermo)mechanical calculation

 *WARNING in calinput: no elastic constants 
  were assigned to material MASS
          in a (thermo)mechanical calculation

 *WARNING in calinput: no elastic constants 
  were assigned to material MASS
          in a (thermo)mechanical calculation

 *WARNING in calinput: no elastic constants 
  were assigned to material MASS
          in a (thermo)mechanical calculation

 *WARNING in calinput: no elastic constants 
  were assigned to material MASS
          in a (thermo)mechanical calculation

 *WARNING in calinput: no elastic constants 
  were assigned to material MASS
          in a (thermo)mechanical calculation

 *WARNING in calinput: no elastic constants 
  were assigned to material MASS
          in a (thermo)mechanical calculation

 *WARNING in calinput: no elastic constants 
  were assigned to material MASS
          in a (thermo)mechanical calculation

 *WARNING in calinput: no elastic constants 
  were assigned to material MASS
          in a (thermo)mechanical calculation

 *WARNING in calinput: no elastic constants 
  were assigned to material MASS
          in a (thermo)mechanical calculation

 *WARNING in calinput: no elastic constants 
  were assigned to material MASS
          in a (thermo)mechanical calculation

 *WARNING in calinput: no elastic constants 
  were assigned to material MASS
          in a (thermo)mechanical calculation

 *WARNING in calinput: no elastic constants 
  were assigned to material MASS
          in a (thermo)mechanical calculation

 *WARNING in calinput: no elastic constants 
  were assigned to material MASS
          in a (thermo)mechanical calculation

 *WARNING in calinput: no elastic constants 
  were assigned to material MASS
          in a (thermo)mechanical calculation

 *WARNING in calinput: no elastic constants 
  were assigned to material MASS
          in a (thermo)mechanical calculation

 *WARNING in calinput: no elastic constants 
  were assigned to material MASS
          in a (thermo)mechanical calculation

 *WARNING in calinput: no elastic constants 
  were assigned to material MASS
          in a (thermo)mechanical calculation

 *WARNING in calinput: no elastic constants 
  were assigned to material MASS
          in a (thermo)mechanical calculation

 *WARNING in calinput: no elastic constants 
  were assigned to material MASS
          in a (thermo)mechanical calculation

 *WARNING in calinput: no elastic constants 
  were assigned to material MASS
          in a (thermo)mechanical calculation

 *WARNING in calinput: no elastic constants 
  were assigned to material MASS
          in a (thermo)mechanical calculation

 *WARNING in calinput: no elastic constants 
  were assigned to material MASS
          in a (thermo)mechanical calculation

 *WARNING in calinput: no elastic constants 
  were assigned to material MASS
          in a (thermo)mechanical calculation

 *WARNING in calinput: no elastic constants 
  were assigned to material MASS
          in a (thermo)mechanical calculation

 *WARNING in calinput: no elastic constants 
  were assigned to material MASS
          in a (thermo)mechanical calculation

 *WARNING in calinput: no elastic constants 
  were assigned to material MASS
          in a (thermo)mechanical calculation

 *WARNING in calinput: no elastic constants 
  were assigned to material MASS
          in a (thermo)mechanical calculation

 *WARNING in calinput: no elastic constants 
  were assigned to material MASS
          in a (thermo)mechanical calculation

 *WARNING in calinput: no elastic constants 
  were assigned to material MASS
          in a (thermo)mechanical calculation

 *WARNING in calinput: no elastic constants 
  were assigned to material MASS
          in a (thermo)mechanical calculation

 *WARNING in calinput: no elastic constants 
  were assigned to material MASS
          in a (thermo)mechanical calculation

 *WARNING in calinput: no elastic constants 
  were assigned to material MASS
          in a (thermo)mechanical calculation

 *WARNING in calinput: no elastic constants 
  were assigned to material MASS
          in a (thermo)mechanical calculation

 *WARNING in calinput: no elastic constants 
  were assigned to material MASS
          in a (thermo)mechanical calculation

 *WARNING in calinput: no elastic constants 
  were assigned to material MASS
          in a (thermo)mechanical calculation

 *WARNING in calinput: no elastic constants 
  were assigned to material MASS
          in a (thermo)mechanical calculation

 *WARNING in calinput: no elastic constants 
  were assigned to material MASS
          in a (thermo)mechanical calculation

 *WARNING in calinput: no elastic constants 
  were assigned to material MASS
          in a (thermo)mechanical calculation

 *WARNING in calinput: no elastic constants 
  were assigned to material MASS
          in a (thermo)mechanical calculation

 *WARNING in calinput: no elastic constants 
  were assigned to material MASS
          in a (thermo)mechanical calculation

 *WARNING in calinput: no elastic constants 
  were assigned to material MASS
          in a (thermo)mechanical calculation

 *WARNING in calinput: no elastic constants 
  were assigned to material MASS
          in a (thermo)mechanical calculation

 *WARNING in calinput: no elastic constants 
  were assigned to material MASS
          in a (thermo)mechanical calculation

 *WARNING in calinput: no elastic constants 
  were assigned to material MASS
          in a (thermo)mechanical calculation

 *WARNING in calinput: no elastic constants 
  were assigned to material MASS
          in a (thermo)mechanical calculation

 *WARNING in calinput: no elastic constants 
  were assigned to material MASS
          in a (thermo)mechanical calculation

 *WARNING in calinput: no elastic constants 
  were assigned to material MASS
          in a (thermo)mechanical calculation

 *WARNING in calinput: no elastic constants 
  were assigned to material MASS
          in a (thermo)mechanical calculation

 *WARNING in calinput: no elastic constants 
  were assigned to material MASS
          in a (thermo)mechanical calculation

 *WARNING in calinput: no elastic constants 
  were assigned to material MASS
          in a (thermo)mechanical calculation

 *WARNING in calinput: no elastic constants 
  were assigned to material MASS
          in a (thermo)mechanical calculation

 *WARNING in calinput: no elastic constants 
  were assigned to material MASS
          in a (thermo)mechanical calculation

 *WARNING in calinput: no elastic constants 
  were assigned to material MASS
          in a (thermo)mechanical calculation

 *WARNING in calinput: no elastic constants 
  were assigned to material MASS
          in a (thermo)mechanical calculation

 *WARNING in calinput: no elastic constants 
  were assigned to material MASS
          in a (thermo)mechanical calculation

 *WARNING in calinput: no elastic constants 
  were assigned to material MASS
          in a (thermo)mechanical calculation

 *WARNING in calinput: no elastic constants 
  were assigned to material MASS
          in a (thermo)mechanical calculation

 *WARNING in calinput: no elastic constants 
  were assigned to material MASS
          in a (thermo)mechanical calculation

 *WARNING in calinput: no elastic constants 
  were assigned to material MASS
          in a (thermo)mechanical calculation

 *WARNING in calinput: no elastic constants 
  were assigned to material MASS
          in a (thermo)mechanical calculation

 *WARNING in calinput: no elastic constants 
  were assigned to material MASS
          in a (thermo)mechanical calculation

 *WARNING in calinput: no elastic constants 
  were assigned to material MASS
          in a (thermo)mechanical calculation

 *WARNING in calinput: no elastic constants 
  were assigned to material MASS
          in a (thermo)mechanical calculation

 *WARNING in calinput: no elastic constants 
  were assigned to material MASS
          in a (thermo)mechanical calculation

 *WARNING in calinput: no elastic constants 
  were assigned to material MASS
          in a (thermo)mechanical calculation

 *WARNING in calinput: no elastic constants 
  were assigned to material MASS
          in a (thermo)mechanical calculation

 *WARNING in calinput: no elastic constants 
  were assigned to material MASS
          in a (thermo)mechanical calculation

 *WARNING in calinput: no elastic constants 
  were assigned to material MASS
          in a (thermo)mechanical calculation

 *WARNING in calinput: no elastic constants 
  were assigned to material MASS
          in a (thermo)mechanical calculation

 *WARNING in calinput: no elastic constants 
  were assigned to material MASS
          in a (thermo)mechanical calculation

 *WARNING in calinput: no elastic constants 
  were assigned to material MASS
          in a (thermo)mechanical calculation

 *WARNING in calinput: no elastic constants 
  were assigned to material MASS
          in a (thermo)mechanical calculation

 *WARNING in calinput: no elastic constants 
  were assigned to material MASS
          in a (thermo)mechanical calculation

 *WARNING in calinput: no elastic constants 
  were assigned to material MASS
          in a (thermo)mechanical calculation

 *WARNING in calinput: no elastic constants 
  were assigned to material MASS
          in a (thermo)mechanical calculation

 *WARNING in calinput: no elastic constants 
  were assigned to material MASS
          in a (thermo)mechanical calculation

 *WARNING in calinput: no elastic constants 
  were assigned to material MASS
          in a (thermo)mechanical calculation

 *WARNING in calinput: no elastic constants 
  were assigned to material MASS
          in a (thermo)mechanical calculation

 *WARNING in calinput: no elastic constants 
  were assigned to material MASS
          in a (thermo)mechanical calculation

 *WARNING in calinput: no elastic constants 
  were assigned to material MASS
          in a (thermo)mechanical calculation

 *WARNING in calinput: no elastic constants 
  were assigned to material MASS
          in a (thermo)mechanical calculation

 *WARNING in calinput: no elastic constants 
  were assigned to material MASS
          in a (thermo)mechanical calculation

 *WARNING in calinput: no elastic constants 
  were assigned to material MASS
          in a (thermo)mechanical calculation

 *WARNING in calinput: no elastic constants 
  were assigned to material MASS
          in a (thermo)mechanical calculation

 *WARNING in calinput: no elastic constants 
  were assigned to material MASS
          in a (thermo)mechanical calculation

 *WARNING in calinput: no elastic constants 
  were assigned to material MASS
          in a (thermo)mechanical calculation

 *WARNING in calinput: no elastic constants 
  were assigned to material MASS
          in a (thermo)mechanical calculation

 *WARNING in calinput: no elastic constants 
  were assigned to material MASS
          in a (thermo)mechanical calculation

 *WARNING in calinput: no elastic constants 
  were assigned to material MASS
          in a (thermo)mechanical calculation

 *WARNING in calinput: no elastic constants 
  were assigned to material MASS
          in a (thermo)mechanical calculation

 *WARNING in calinput: no elastic constants 
  were assigned to material MASS
          in a (thermo)mechanical calculation

 *WARNING in calinput: no elastic constants 
  were assigned to material MASS
          in a (thermo)mechanical calculation

 *WARNING in calinput: no elastic constants 
  were assigned to material MASS
          in a (thermo)mechanical calculation

 *WARNING in calinput: no elastic constants 
  were assigned to material MASS
          in a (thermo)mechanical calculation

 *WARNING in calinput: no elastic constants 
  were assigned to material MASS
          in a (thermo)mechanical calculation

 *WARNING in calinput: no elastic constants 
  were assigned to material MASS
          in a (thermo)mechanical calculation

 *WARNING in calinput: no elastic constants 
  were assigned to material MASS
          in a (thermo)mechanical calculation

 *WARNING in calinput: no elastic constants 
  were assigned to material MASS
          in a (thermo)mechanical calculation

 *WARNING in calinput: no elastic constants 
  were assigned to material MASS
          in a (thermo)mechanical calculation

 *WARNING in calinput: no elastic constants 
  were assigned to material MASS
          in a (thermo)mechanical calculation

 *WARNING in calinput: no elastic constants 
  were assigned to material MASS
          in a (thermo)mechanical calculation

 *WARNING in calinput: no elastic constants 
  were assigned to material MASS
          in a (thermo)mechanical calculation

 *WARNING in calinput: no elastic constants 
  were assigned to material MASS
          in a (thermo)mechanical calculation

 *WARNING in calinput: no elastic constants 
  were assigned to material MASS
          in a (thermo)mechanical calculation

 *WARNING in calinput: no elastic constants 
  were assigned to material MASS
          in a (thermo)mechanical calculation

 *WARNING in calinput: no elastic constants 
  were assigned to material MASS
          in a (thermo)mechanical calculation

 *WARNING in calinput: no elastic constants 
  were assigned to material MASS
          in a (thermo)mechanical calculation

 *WARNING in calinput: no elastic constants 
  were assigned to material MASS
          in a (thermo)mechanical calculation

 *WARNING in calinput: no elastic constants 
  were assigned to material MASS
          in a (thermo)mechanical calculation

 *WARNING in calinput: no elastic constants 
  were assigned to material MASS
          in a (thermo)mechanical calculation

 *WARNING in calinput: no elastic constants 
  were assigned to material MASS
          in a (thermo)mechanical calculation

 *WARNING in calinput: no elastic constants 
  were assigned to material MASS
          in a (thermo)mechanical calculation

 *WARNING in calinput: no elastic constants 
  were assigned to material MASS
          in a (thermo)mechanical calculation

 *WARNING in calinput: no elastic constants 
  were assigned to material MASS
          in a (thermo)mechanical calculation

 *WARNING in calinput: no elastic constants 
  were assigned to material MASS
          in a (thermo)mechanical calculation

 *WARNING in calinput: no elastic constants 
  were assigned to material MASS
          in a (thermo)mechanical calculation

 *WARNING in calinput: no elastic constants 
  were assigned to material MASS
          in a (thermo)mechanical calculation

 *WARNING in calinput: no elastic constants 
  were assigned to material MASS
          in a (thermo)mechanical calculation

 *WARNING in calinput: no elastic constants 
  were assigned to material MASS
          in a (thermo)mechanical calculation

 *WARNING in calinput: no elastic constants 
  were assigned to material MASS
          in a (thermo)mechanical calculation

 *WARNING in calinput: no elastic constants 
  were assigned to material MASS
          in a (thermo)mechanical calculation

 *WARNING in calinput: no elastic constants 
  were assigned to material MASS
          in a (thermo)mechanical calculation

 *WARNING in calinput: no elastic constants 
  were assigned to material MASS
          in a (thermo)mechanical calculation

 *WARNING in calinput: no elastic constants 
  were assigned to material MASS
          in a (thermo)mechanical calculation

 *WARNING in calinput: no elastic constants 
  were assigned to material MASS
          in a (thermo)mechanical calculation

 *WARNING in calinput: no elastic constants 
  were assigned to material MASS
          in a (thermo)mechanical calculation

 *WARNING in calinput: no elastic constants 
  were assigned to material MASS
          in a (thermo)mechanical calculation

 *WARNING in calinput: no elastic constants 
  were assigned to material MASS
          in a (thermo)mechanical calculation

 *WARNING in calinput: no elastic constants 
  were assigned to material MASS
          in a (thermo)mechanical calculation

 *WARNING in calinput: no elastic constants 
  were assigned to material MASS
          in a (thermo)mechanical calculation

 *WARNING in calinput: no elastic constants 
  were assigned to material MASS
          in a (thermo)mechanical calculation

 *WARNING in calinput: no elastic constants 
  were assigned to material MASS
          in a (thermo)mechanical calculation

 *WARNING in calinput: no elastic constants 
  were assigned to material MASS
          in a (thermo)mechanical calculation

 *WARNING in calinput: no elastic constants 
  were assigned to material MASS
          in a (thermo)mechanical calculation

 *WARNING in calinput: no elastic constants 
  were assigned to material MASS
          in a (thermo)mechanical calculation

 *WARNING in calinput: no elastic constants 
  were assigned to material MASS
          in a (thermo)mechanical calculation

 *WARNING in calinput: no elastic constants 
  were assigned to material MASS
          in a (thermo)mechanical calculation

 *WARNING in calinput: no elastic constants 
  were assigned to material MASS
          in a (thermo)mechanical calculation

 *WARNING in calinput: no elastic constants 
  were assigned to material MASS
          in a (thermo)mechanical calculation

 *WARNING in calinput: no elastic constants 
  were assigned to material MASS
          in a (thermo)mechanical calculation

 *WARNING in calinput: no elastic constants 
  were assigned to material MASS
          in a (thermo)mechanical calculation

 *WARNING in calinput: no elastic constants 
  were assigned to material MASS
          in a (thermo)mechanical calculation

 *WARNING in calinput: no elastic constants 
  were assigned to material MASS
          in a (thermo)mechanical calculation

 *WARNING in calinput: no elastic constants 
  were assigned to material MASS
          in a (thermo)mechanical calculation

 *WARNING in calinput: no elastic constants 
  were assigned to material MASS
          in a (thermo)mechanical calculation

 *WARNING in calinput: no elastic constants 
  were assigned to material MASS
          in a (thermo)mechanical calculation

 *WARNING in calinput: no elastic constants 
  were assigned to material MASS
          in a (thermo)mechanical calculation

 *WARNING in calinput: no elastic constants 
  were assigned to material MASS
          in a (thermo)mechanical calculation

 *WARNING in calinput: no elastic constants 
  were assigned to material MASS
          in a (thermo)mechanical calculation

 *WARNING in calinput: no elastic constants 
  were assigned to material MASS
          in a (thermo)mechanical calculation

 *WARNING in calinput: no elastic constants 
  were assigned to material MASS
          in a (thermo)mechanical calculation

 *WARNING in calinput: no elastic constants 
  were assigned to material MASS
          in a (thermo)mechanical calculation

 *WARNING in calinput: no elastic constants 
  were assigned to material MASS
          in a (thermo)mechanical calculation

 *WARNING in calinput: no elastic constants 
  were assigned to material MASS
          in a (thermo)mechanical calculation

 *WARNING in calinput: no elastic constants 
  were assigned to material MASS
          in a (thermo)mechanical calculation

 *WARNING in calinput: no elastic constants 
  were assigned to material MASS
          in a (thermo)mechanical calculation

 *WARNING in calinput: no elastic constants 
  were assigned to material MASS
          in a (thermo)mechanical calculation

 *WARNING in calinput: no elastic constants 
  were assigned to material MASS
          in a (thermo)mechanical calculation

 *WARNING in calinput: no elastic constants 
  were assigned to material MASS
          in a (thermo)mechanical calculation

 *WARNING in calinput: no elastic constants 
  were assigned to material MASS
          in a (thermo)mechanical calculation

 *WARNING in calinput: no elastic constants 
  were assigned to material MASS
          in a (thermo)mechanical calculation

 *WARNING in calinput: no elastic constants 
  were assigned to material MASS
          in a (thermo)mechanical calculation

 *WARNING in calinput: no elastic constants 
  were assigned to material MASS
          in a (thermo)mechanical calculation

 *WARNING in calinput: no elastic constants 
  were assigned to material MASS
          in a (thermo)mechanical calculation

 *WARNING in calinput: no elastic constants 
  were assigned to material MASS
          in a (thermo)mechanical calculation

 *WARNING in calinput: no elastic constants 
  were assigned to material MASS
          in a (thermo)mechanical calculation

 *WARNING in calinput: no elastic constants 
  were assigned to material MASS
          in a (thermo)mechanical calculation

 *WARNING in calinput: no elastic constants 
  were assigned to material MASS
          in a (thermo)mechanical calculation

 *WARNING in calinput: no elastic constants 
  were assigned to material MASS
          in a (thermo)mechanical calculation

 *WARNING in calinput: no elastic constants 
  were assigned to material MASS
          in a (thermo)mechanical calculation

 *WARNING in calinput: no elastic constants 
  were assigned to material MASS
          in a (thermo)mechanical calculation

 *WARNING in calinput: no elastic constants 
  were assigned to material MASS
          in a (thermo)mechanical calculation

 *WARNING in calinput: no elastic constants 
  were assigned to material MASS
          in a (thermo)mechanical calculation

 *WARNING in calinput: no elastic constants 
  were assigned to material MASS
          in a (thermo)mechanical calculation

 *WARNING in calinput: no elastic constants 
  were assigned to material MASS
          in a (thermo)mechanical calculation

 *WARNING in calinput: no elastic constants 
  were assigned to material MASS
          in a (thermo)mechanical calculation

 *WARNING in calinput: no elastic constants 
  were assigned to material MASS
          in a (thermo)mechanical calculation

 *WARNING in calinput: no elastic constants 
  were assigned to material MASS
          in a (thermo)mechanical calculation

 *WARNING in calinput: no elastic constants 
  were assigned to material MASS
          in a (thermo)mechanical calculation

 *WARNING in calinput: no elastic constants 
  were assigned to material MASS
          in a (thermo)mechanical calculation

 *WARNING in calinput: no elastic constants 
  were assigned to material MASS
          in a (thermo)mechanical calculation

 *WARNING in calinput: no elastic constants 
  were assigned to material MASS
          in a (thermo)mechanical calculation

 *WARNING in calinput: no elastic constants 
  were assigned to material MASS
          in a (thermo)mechanical calculation

 *WARNING in calinput: no elastic constants 
  were assigned to material MASS
          in a (thermo)mechanical calculation

 *WARNING in calinput: no elastic constants 
  were assigned to material MASS
          in a (thermo)mechanical calculation

 *WARNING in calinput: no elastic constants 
  were assigned to material MASS
          in a (thermo)mechanical calculation

 *WARNING in calinput: no elastic constants 
  were assigned to material MASS
          in a (thermo)mechanical calculation

 *WARNING in calinput: no elastic constants 
  were assigned to material MASS
          in a (thermo)mechanical calculation

 *WARNING in calinput: no elastic constants 
  were assigned to material MASS
          in a (thermo)mechanical calculation

 *WARNING in calinput: no elastic constants 
  were assigned to material MASS
          in a (thermo)mechanical calculation

 *WARNING in calinput: no elastic constants 
  were assigned to material MASS
          in a (thermo)mechanical calculation

 *WARNING in calinput: no elastic constants 
  were assigned to material MASS
          in a (thermo)mechanical calculation

 *WARNING in calinput: no elastic constants 
  were assigned to material MASS
          in a (thermo)mechanical calculation

 *WARNING in calinput: no elastic constants 
  were assigned to material MASS
          in a (thermo)mechanical calculation

 *WARNING in calinput: no elastic constants 
  were assigned to material MASS
          in a (thermo)mechanical calculation

 *WARNING in calinput: no elastic constants 
  were assigned to material MASS
          in a (thermo)mechanical calculation

 *WARNING in calinput: no elastic constants 
  were assigned to material MASS
          in a (thermo)mechanical calculation

 *WARNING in calinput: no elastic constants 
  were assigned to material MASS
          in a (thermo)mechanical calculation

 *WARNING in calinput: no elastic constants 
  were assigned to material MASS
          in a (thermo)mechanical calculation

 *WARNING in calinput: no elastic constants 
  were assigned to material MASS
          in a (thermo)mechanical calculation

 *WARNING in calinput: no elastic constants 
  were assigned to material MASS
          in a (thermo)mechanical calculation

 *WARNING in calinput: no elastic constants 
  were assigned to material MASS
          in a (thermo)mechanical calculation

 *WARNING in calinput: no elastic constants 
  were assigned to material MASS
          in a (thermo)mechanical calculation

 *WARNING in calinput: no elastic constants 
  were assigned to material MASS
          in a (thermo)mechanical calculation

 *WARNING in calinput: no elastic constants 
  were assigned to material MASS
          in a (thermo)mechanical calculation

 *WARNING in calinput: no elastic constants 
  were assigned to material MASS
          in a (thermo)mechanical calculation

 *WARNING in calinput: no elastic constants 
  were assigned to material MASS
          in a (thermo)mechanical calculation

 *WARNING in calinput: no elastic constants 
  were assigned to material MASS
          in a (thermo)mechanical calculation

 *WARNING in calinput: no elastic constants 
  were assigned to material MASS
          in a (thermo)mechanical calculation

 *WARNING in calinput: no elastic constants 
  were assigned to material MASS
          in a (thermo)mechanical calculation

 *WARNING in calinput: no elastic constants 
  were assigned to material MASS
          in a (thermo)mechanical calculation

 *WARNING in calinput: no elastic constants 
  were assigned to material MASS
          in a (thermo)mechanical calculation

 *WARNING in calinput: no elastic constants 
  were assigned to material MASS
          in a (thermo)mechanical calculation

 *WARNING in calinput: no elastic constants 
  were assigned to material MASS
          in a (thermo)mechanical calculation

 *WARNING in calinput: no elastic constants 
  were assigned to material MASS
          in a (thermo)mechanical calculation

 *WARNING in calinput: no elastic constants 
  were assigned to material MASS
          in a (thermo)mechanical calculation

 *WARNING in calinput: no elastic constants 
  were assigned to material MASS
          in a (thermo)mechanical calculation

 *WARNING in calinput: no elastic constants 
  were assigned to material MASS
          in a (thermo)mechanical calculation

 *WARNING in calinput: no elastic constants 
  were assigned to material MASS
          in a (thermo)mechanical calculation

 *WARNING in calinput: no elastic constants 
  were assigned to material MASS
          in a (thermo)mechanical calculation

 *WARNING in calinput: no elastic constants 
  were assigned to material MASS
          in a (thermo)mechanical calculation

 *WARNING in calinput: no elastic constants 
  were assigned to material MASS
          in a (thermo)mechanical calculation

 *WARNING in calinput: no elastic constants 
  were assigned to material MASS
          in a (thermo)mechanical calculation

 *WARNING in calinput: no elastic constants 
  were assigned to material MASS
          in a (thermo)mechanical calculation

 *WARNING in calinput: no elastic constants 
  were assigned to material MASS
          in a (thermo)mechanical calculation

 *WARNING in calinput: no elastic constants 
  were assigned to material MASS
          in a (thermo)mechanical calculation

 *WARNING in calinput: no elastic constants 
  were assigned to material MASS
          in a (thermo)mechanical calculation

 *WARNING in calinput: no elastic constants 
  were assigned to material MASS
          in a (thermo)mechanical calculation

 *WARNING in calinput: no elastic constants 
  were assigned to material MASS
          in a (thermo)mechanical calculation

 *WARNING in calinput: no elastic constants 
  were assigned to material MASS
          in a (thermo)mechanical calculation

 *WARNING in calinput: no elastic constants 
  were assigned to material MASS
          in a (thermo)mechanical calculation

 *WARNING in calinput: no elastic constants 
  were assigned to material MASS
          in a (thermo)mechanical calculation

 *WARNING in calinput: no elastic constants 
  were assigned to material MASS
          in a (thermo)mechanical calculation

 *WARNING in calinput: no elastic constants 
  were assigned to material MASS
          in a (thermo)mechanical calculation

 *WARNING in calinput: no elastic constants 
  were assigned to material MASS
          in a (thermo)mechanical calculation

 *WARNING in calinput: no elastic constants 
  were assigned to material MASS
          in a (thermo)mechanical calculation

 *WARNING in calinput: no elastic constants 
  were assigned to material MASS
          in a (thermo)mechanical calculation

 *WARNING in calinput: no elastic constants 
  were assigned to material MASS
          in a (thermo)mechanical calculation

 *WARNING in calinput: no elastic constants 
  were assigned to material MASS
          in a (thermo)mechanical calculation

 *WARNING in calinput: no elastic constants 
  were assigned to material MASS
          in a (thermo)mechanical calculation

 *WARNING in calinput: no elastic constants 
  were assigned to material MASS
          in a (thermo)mechanical calculation

 *WARNING in calinput: no elastic constants 
  were assigned to material MASS
          in a (thermo)mechanical calculation


 STEP            1

 Static analysis was selected

 Newton-Raphson iterative procedure is active

 Nonlinear geometric effects are taken into account

 Decascading the MPC's

*INFO in cascade: linear MPCs and
       nonlinear MPCs depend on each other
       common node: 1258 in direction 1

 increment 1 attempt 1 
 increment size= 1.000000e-03
 sum of previous increments=0.000000e+00
 actual step time=1.000000e-03
 actual total time=1.000000e-03

 iteration 1

 Decascading the MPC's

*INFO in cascade: linear MPCs and
       nonlinear MPCs depend on each other
       common node: 1258 in direction 1

 Determining the structure of the matrix:
 number of equations
 16516
 number of nonzero lower triangular matrix elements
 390038

 Using up to 1 cpu(s) for the stress calculation.

 Using up to 1 cpu(s) for the symmetric stiffness/mass contributions.

 Factoring the system of equations using the symmetric spooles solver
 Using up to 1 cpu(s) for spooles.

 Using up to 1 cpu(s) for the stress calculation.

 average force= 33.108129
 time avg. forc= 33.108129
 largest residual force= 9637.302347 in node 10497 and dof 1
 largest increment of disp= 1.642821e+00
 largest correction to disp= 1.642821e+00 in node 690 and dof 3

 no convergence

 iteration 2

 Decascading the MPC's

*INFO in cascade: linear MPCs and
       nonlinear MPCs depend on each other
       common node: 1258 in direction 1

 Determining the structure of the matrix:
 number of equations
 16543
 number of nonzero lower triangular matrix elements
 392990

 Using up to 1 cpu(s) for the stress calculation.

 Using up to 1 cpu(s) for the symmetric stiffness/mass contributions.

 Factoring the system of equations using the symmetric spooles solver
 Using up to 1 cpu(s) for spooles.

 Using up to 1 cpu(s) for the stress calculation.

 average force= 31.475855
 time avg. forc= 31.475855
 largest residual force= 73295.908551 in node 1007 and dof 1
 largest increment of disp= 1.642821e+00
 largest correction to disp= 4.830644e-02 in node 683 and dof 3

 no convergence

 iteration 3

 Decascading the MPC's

*INFO in cascade: linear MPCs and
       nonlinear MPCs depend on each other
       common node: 1258 in direction 1

 Determining the structure of the matrix:
 number of equations
 16543
 number of nonzero lower triangular matrix elements
 392990

 Using up to 1 cpu(s) for the stress calculation.

 Using up to 1 cpu(s) for the symmetric stiffness/mass contributions.

 Factoring the system of equations using the symmetric spooles solver
 Using up to 1 cpu(s) for spooles.

 Using up to 1 cpu(s) for the stress calculation.

 average force= 31.473540
 time avg. forc= 31.473540
 largest residual force= 72992.219926 in node 1040 and dof 1
 largest increment of disp= 1.642821e+00
 largest correction to disp= 2.353472e-04 in node 683 and dof 3

 no convergence

 iteration 4

 Decascading the MPC's

*INFO in cascade: linear MPCs and
       nonlinear MPCs depend on each other
       common node: 1258 in direction 1

 Determining the structure of the matrix:
 number of equations
 16543
 number of nonzero lower triangular matrix elements
 392990

 Using up to 1 cpu(s) for the stress calculation.

 Using up to 1 cpu(s) for the symmetric stiffness/mass contributions.

 Factoring the system of equations using the symmetric spooles solver
 Using up to 1 cpu(s) for spooles.

 Using up to 1 cpu(s) for the stress calculation.

 average force= 31.473539
 time avg. forc= 31.473539
 largest residual force= 72992.046699 in node 1040 and dof 1
 largest increment of disp= 1.642821e+00
 largest correction to disp= 1.334294e-07 in node 892 and dof 1

 no convergence

 iteration 5

 Decascading the MPC's

*INFO in cascade: linear MPCs and
       nonlinear MPCs depend on each other
       common node: 1258 in direction 1

 Determining the structure of the matrix:
 number of equations
 16543
 number of nonzero lower triangular matrix elements
 392990

 Using up to 1 cpu(s) for the stress calculation.

 Using up to 1 cpu(s) for the symmetric stiffness/mass contributions.

 Factoring the system of equations using the symmetric spooles solver
 Using up to 1 cpu(s) for spooles.

 Using up to 1 cpu(s) for the stress calculation.

 average force= 31.473539
 time avg. forc= 31.473539
 largest residual force= 72992.046693 in node 1040 and dof 1
 largest increment of disp= 1.642821e+00
 largest correction to disp= 5.437588e-10 in node 892 and dof 1

 no convergence

 iteration 6

 Decascading the MPC's

*INFO in cascade: linear MPCs and
       nonlinear MPCs depend on each other
       common node: 1258 in direction 1

 Determining the structure of the matrix:
 number of equations
 16543
 number of nonzero lower triangular matrix elements
 392990

 Using up to 1 cpu(s) for the stress calculation.

 Using up to 1 cpu(s) for the symmetric stiffness/mass contributions.

 Factoring the system of equations using the symmetric spooles solver
 Using up to 1 cpu(s) for spooles.

 Using up to 1 cpu(s) for the stress calculation.

 average force= 31.473539
 time avg. forc= 31.473539
 largest residual force= 72992.046693 in node 1040 and dof 1
 largest increment of disp= 1.642821e+00
 largest correction to disp= 4.455833e-10 in node 6545 and dof 1

 no convergence

 iteration 7

 Decascading the MPC's

*INFO in cascade: linear MPCs and
       nonlinear MPCs depend on each other
       common node: 1258 in direction 1

 Determining the structure of the matrix:
 number of equations
 16543
 number of nonzero lower triangular matrix elements
 392990

 Using up to 1 cpu(s) for the stress calculation.

 Using up to 1 cpu(s) for the symmetric stiffness/mass contributions.

 Factoring the system of equations using the symmetric spooles solver
 Using up to 1 cpu(s) for spooles.

 Using up to 1 cpu(s) for the stress calculation.

 average force= 31.473539
 time avg. forc= 31.473539
 largest residual force= 72992.046693 in node 1040 and dof 1
 largest increment of disp= 1.642821e+00
 largest correction to disp= 1.278720e-08 in node 892 and dof 1

 divergence; the increment size is decreased to 2.500000e-04
 the increment is reattempted

 increment 1 attempt 2 
 increment size= 2.500000e-04
 sum of previous increments=0.000000e+00
 actual step time=2.500000e-04
 actual total time=2.500000e-04

 iteration 1

 Decascading the MPC's

*INFO in cascade: linear MPCs and
       nonlinear MPCs depend on each other
       common node: 1258 in direction 1

 Determining the structure of the matrix:
 number of equations
 16516
 number of nonzero lower triangular matrix elements
 390038

 Using up to 1 cpu(s) for the stress calculation.

 Using up to 1 cpu(s) for the symmetric stiffness/mass contributions.

 Factoring the system of equations using the symmetric spooles solver
 Using up to 1 cpu(s) for spooles.

 Using up to 1 cpu(s) for the stress calculation.

 average force= 7.862221
 time avg. forc= 7.862221
 largest residual force= 602.331501 in node 10497 and dof 1
 largest increment of disp= 4.107052e-01
 largest correction to disp= 4.107052e-01 in node 690 and dof 3

 no convergence

 iteration 2

 Decascading the MPC's

*INFO in cascade: linear MPCs and
       nonlinear MPCs depend on each other
       common node: 1258 in direction 1

 Determining the structure of the matrix:
 number of equations
 16541
 number of nonzero lower triangular matrix elements
 392838

 Using up to 1 cpu(s) for the stress calculation.

 Using up to 1 cpu(s) for the symmetric stiffness/mass contributions.

 Factoring the system of equations using the symmetric spooles solver
 Using up to 1 cpu(s) for spooles.

 Using up to 1 cpu(s) for the stress calculation.

 average force= 7.889024
 time avg. forc= 7.889024
 largest residual force= 18323.974928 in node 1007 and dof 1
 largest increment of disp= 4.107052e-01
 largest correction to disp= 3.799873e-03 in node 9673 and dof 1

 no convergence

 iteration 3

 Decascading the MPC's

*INFO in cascade: linear MPCs and
       nonlinear MPCs depend on each other
       common node: 1258 in direction 1

 Determining the structure of the matrix:
 number of equations
 16541
 number of nonzero lower triangular matrix elements
 392838

 Using up to 1 cpu(s) for the stress calculation.

 Using up to 1 cpu(s) for the symmetric stiffness/mass contributions.

 Factoring the system of equations using the symmetric spooles solver
 Using up to 1 cpu(s) for spooles.

 Using up to 1 cpu(s) for the stress calculation.

 average force= 7.888892
 time avg. forc= 7.888892
 largest residual force= 18304.137420 in node 1040 and dof 1
 largest increment of disp= 4.107052e-01
 largest correction to disp= 9.565990e-07 in node 780 and dof 3

 no convergence

 iteration 4

 Decascading the MPC's

*INFO in cascade: linear MPCs and
       nonlinear MPCs depend on each other
       common node: 1258 in direction 1

 Determining the structure of the matrix:
 number of equations
 16541
 number of nonzero lower triangular matrix elements
 392838

 Using up to 1 cpu(s) for the stress calculation.

 Using up to 1 cpu(s) for the symmetric stiffness/mass contributions.

 Factoring the system of equations using the symmetric spooles solver
 Using up to 1 cpu(s) for spooles.

 Using up to 1 cpu(s) for the stress calculation.

 average force= 7.888892
 time avg. forc= 7.888892
 largest residual force= 18304.136450 in node 1040 and dof 1
 largest increment of disp= 4.107052e-01
 largest correction to disp= 5.408361e-10 in node 1353 and dof 1

 no convergence

 iteration 5

 Decascading the MPC's

*INFO in cascade: linear MPCs and
       nonlinear MPCs depend on each other
       common node: 1258 in direction 1

 Determining the structure of the matrix:
 number of equations
 16541
 number of nonzero lower triangular matrix elements
 392838

 Using up to 1 cpu(s) for the stress calculation.

 Using up to 1 cpu(s) for the symmetric stiffness/mass contributions.

 Factoring the system of equations using the symmetric spooles solver
 Using up to 1 cpu(s) for spooles.

 Using up to 1 cpu(s) for the stress calculation.

 average force= 7.888892
 time avg. forc= 7.888892
 largest residual force= 18304.136450 in node 1040 and dof 1
 largest increment of disp= 4.107052e-01
 largest correction to disp= 1.398754e-09 in node 9673 and dof 1

 no convergence

 iteration 6

 Decascading the MPC's

*INFO in cascade: linear MPCs and
       nonlinear MPCs depend on each other
       common node: 1258 in direction 1

 Determining the structure of the matrix:
 number of equations
 16541
 number of nonzero lower triangular matrix elements
 392838

 Using up to 1 cpu(s) for the stress calculation.

 Using up to 1 cpu(s) for the symmetric stiffness/mass contributions.

 Factoring the system of equations using the symmetric spooles solver
 Using up to 1 cpu(s) for spooles.

 Using up to 1 cpu(s) for the stress calculation.

 average force= 7.888892
 time avg. forc= 7.888892
 largest residual force= 18304.136450 in node 1040 and dof 1
 largest increment of disp= 4.107052e-01
 largest correction to disp= 1.323624e-09 in node 9673 and dof 1

 divergence; the increment size is decreased to 6.250000e-05
 the increment is reattempted

 increment 1 attempt 3 
 increment size= 6.250000e-05
 sum of previous increments=0.000000e+00
 actual step time=6.250000e-05
 actual total time=6.250000e-05

 iteration 1

 Decascading the MPC's

*INFO in cascade: linear MPCs and
       nonlinear MPCs depend on each other
       common node: 1258 in direction 1

 Determining the structure of the matrix:
 number of equations
 16516
 number of nonzero lower triangular matrix elements
 390038

 Using up to 1 cpu(s) for the stress calculation.

 Using up to 1 cpu(s) for the symmetric stiffness/mass contributions.

 Factoring the system of equations using the symmetric spooles solver
 Using up to 1 cpu(s) for spooles.

 Using up to 1 cpu(s) for the stress calculation.

 average force= 1.949390
 time avg. forc= 1.949390
 largest residual force= 37.645720 in node 10497 and dof 1
 largest increment of disp= 1.026763e-01
 largest correction to disp= 1.026763e-01 in node 690 and dof 3

 no convergence

 iteration 2

 Decascading the MPC's

*INFO in cascade: linear MPCs and
       nonlinear MPCs depend on each other
       common node: 1258 in direction 1

 Determining the structure of the matrix:
 number of equations
 16516
 number of nonzero lower triangular matrix elements
 390038

 Using up to 1 cpu(s) for the stress calculation.

 Using up to 1 cpu(s) for the symmetric stiffness/mass contributions.

 Factoring the system of equations using the symmetric spooles solver
 Using up to 1 cpu(s) for spooles.

 Using up to 1 cpu(s) for the stress calculation.

 average force= 1.973590
 time avg. forc= 1.973590
 largest residual force= 4580.993709 in node 1007 and dof 1
 largest increment of disp= 1.026763e-01
 largest correction to disp= 1.933434e-04 in node 683 and dof 3

 no convergence

 iteration 3

 Decascading the MPC's

*INFO in cascade: linear MPCs and
       nonlinear MPCs depend on each other
       common node: 1258 in direction 1

 Determining the structure of the matrix:
 number of equations
 16516
 number of nonzero lower triangular matrix elements
 390038

 Using up to 1 cpu(s) for the stress calculation.

 Using up to 1 cpu(s) for the symmetric stiffness/mass contributions.

 Factoring the system of equations using the symmetric spooles solver
 Using up to 1 cpu(s) for spooles.

 Using up to 1 cpu(s) for the stress calculation.

 average force= 1.973582
 time avg. forc= 1.973582
 largest residual force= 4579.740020 in node 1040 and dof 1
 largest increment of disp= 1.026763e-01
 largest correction to disp= 3.789174e-09 in node 690 and dof 3

 no convergence

 iteration 4

 Decascading the MPC's

*INFO in cascade: linear MPCs and
       nonlinear MPCs depend on each other
       common node: 1258 in direction 1

 Determining the structure of the matrix:
 number of equations
 16516
 number of nonzero lower triangular matrix elements
 390038

 Using up to 1 cpu(s) for the stress calculation.

 Using up to 1 cpu(s) for the symmetric stiffness/mass contributions.

 Factoring the system of equations using the symmetric spooles solver
 Using up to 1 cpu(s) for spooles.

 Using up to 1 cpu(s) for the stress calculation.

 average force= 1.973582
 time avg. forc= 1.973582
 largest residual force= 4579.740016 in node 1040 and dof 1
 largest increment of disp= 1.026763e-01
 largest correction to disp= 1.104808e-10 in node 288 and dof 2

 no convergence

 iteration 5

 Decascading the MPC's

*INFO in cascade: linear MPCs and
       nonlinear MPCs depend on each other
       common node: 1258 in direction 1

 Determining the structure of the matrix:
 number of equations
 16516
 number of nonzero lower triangular matrix elements
 390038

 Using up to 1 cpu(s) for the stress calculation.

 Using up to 1 cpu(s) for the symmetric stiffness/mass contributions.

 Factoring the system of equations using the symmetric spooles solver
 Using up to 1 cpu(s) for spooles.

 Using up to 1 cpu(s) for the stress calculation.

 average force= 1.973582
 time avg. forc= 1.973582
 largest residual force= 4579.740016 in node 1040 and dof 1
 largest increment of disp= 1.026763e-01
 largest correction to disp= 3.358998e-11 in node 315 and dof 2

 no convergence

 iteration 6

 Decascading the MPC's

*INFO in cascade: linear MPCs and
       nonlinear MPCs depend on each other
       common node: 1258 in direction 1

 Determining the structure of the matrix:
 number of equations
 16516
 number of nonzero lower triangular matrix elements
 390038

 Using up to 1 cpu(s) for the stress calculation.

 Using up to 1 cpu(s) for the symmetric stiffness/mass contributions.

 Factoring the system of equations using the symmetric spooles solver
 Using up to 1 cpu(s) for spooles.

 Using up to 1 cpu(s) for the stress calculation.

 average force= 1.973582
 time avg. forc= 1.973582
 largest residual force= 4579.740016 in node 1040 and dof 1
 largest increment of disp= 1.026763e-01
 largest correction to disp= 3.568641e-11 in node 315 and dof 2

 no convergence

 iteration 7

 Decascading the MPC's

*INFO in cascade: linear MPCs and
       nonlinear MPCs depend on each other
       common node: 1258 in direction 1

 Determining the structure of the matrix:
 number of equations
 16516
 number of nonzero lower triangular matrix elements
 390038

 Using up to 1 cpu(s) for the stress calculation.

 Using up to 1 cpu(s) for the symmetric stiffness/mass contributions.

 Factoring the system of equations using the symmetric spooles solver
 Using up to 1 cpu(s) for spooles.

 Using up to 1 cpu(s) for the stress calculation.

 average force= 1.973582
 time avg. forc= 1.973582
 largest residual force= 4579.740016 in node 1040 and dof 1
 largest increment of disp= 1.026763e-01
 largest correction to disp= 3.358654e-11 in node 315 and dof 1

 no convergence

 iteration 8

 Decascading the MPC's

*INFO in cascade: linear MPCs and
       nonlinear MPCs depend on each other
       common node: 1258 in direction 1

 Determining the structure of the matrix:
 number of equations
 16516
 number of nonzero lower triangular matrix elements
 390038

 Using up to 1 cpu(s) for the stress calculation.

 Using up to 1 cpu(s) for the symmetric stiffness/mass contributions.

 Factoring the system of equations using the symmetric spooles solver
 Using up to 1 cpu(s) for spooles.

 Using up to 1 cpu(s) for the stress calculation.

 average force= 1.973582
 time avg. forc= 1.973582
 largest residual force= 4579.740016 in node 1040 and dof 1
 largest increment of disp= 1.026763e-01
 largest correction to disp= 3.568670e-11 in node 315 and dof 1

 divergence; the increment size is decreased to 1.562500e-05
 the increment is reattempted

 increment 1 attempt 4 
 increment size= 1.562500e-05
 sum of previous increments=0.000000e+00
 actual step time=1.562500e-05
 actual total time=1.562500e-05

 iteration 1

 Decascading the MPC's

*INFO in cascade: linear MPCs and
       nonlinear MPCs depend on each other
       common node: 1258 in direction 1

 Determining the structure of the matrix:
 number of equations
 16516
 number of nonzero lower triangular matrix elements
 390038

 Using up to 1 cpu(s) for the stress calculation.

 Using up to 1 cpu(s) for the symmetric stiffness/mass contributions.

 Factoring the system of equations using the symmetric spooles solver
 Using up to 1 cpu(s) for spooles.

 Using up to 1 cpu(s) for the stress calculation.

 average force= 0.486966
 time avg. forc= 0.486966
 largest residual force= 2.352858 in node 10497 and dof 1
 largest increment of disp= 2.566908e-02
 largest correction to disp= 2.566908e-02 in node 690 and dof 3

 no convergence

 iteration 2

 Decascading the MPC's

*INFO in cascade: linear MPCs and
       nonlinear MPCs depend on each other
       common node: 1258 in direction 1

 Determining the structure of the matrix:
 number of equations
 16516
 number of nonzero lower triangular matrix elements
 390038

 Using up to 1 cpu(s) for the stress calculation.

 Using up to 1 cpu(s) for the symmetric stiffness/mass contributions.

 Factoring the system of equations using the symmetric spooles solver
 Using up to 1 cpu(s) for spooles.

 Using up to 1 cpu(s) for the stress calculation.

 average force= 0.493482
 time avg. forc= 0.493482
 largest residual force= 1145.248426 in node 1007 and dof 1
 largest increment of disp= 2.566908e-02
 largest correction to disp= 1.209700e-05 in node 683 and dof 3

 no convergence

 iteration 3

 Decascading the MPC's

*INFO in cascade: linear MPCs and
       nonlinear MPCs depend on each other
       common node: 1258 in direction 1

 Determining the structure of the matrix:
 number of equations
 16516
 number of nonzero lower triangular matrix elements
 390038

 Using up to 1 cpu(s) for the stress calculation.

 Using up to 1 cpu(s) for the symmetric stiffness/mass contributions.

 Factoring the system of equations using the symmetric spooles solver
 Using up to 1 cpu(s) for spooles.

 Using up to 1 cpu(s) for the stress calculation.

 average force= 0.493482
 time avg. forc= 0.493482
 largest residual force= 1145.169830 in node 1040 and dof 1
 largest increment of disp= 2.566908e-02
 largest correction to disp= 4.638764e-11 in node 189 and dof 2

 no convergence

 iteration 4

 Decascading the MPC's

*INFO in cascade: linear MPCs and
       nonlinear MPCs depend on each other
       common node: 1258 in direction 1

 Determining the structure of the matrix:
 number of equations
 16516
 number of nonzero lower triangular matrix elements
 390038

 Using up to 1 cpu(s) for the stress calculation.

 Using up to 1 cpu(s) for the symmetric stiffness/mass contributions.

 Factoring the system of equations using the symmetric spooles solver
 Using up to 1 cpu(s) for spooles.

 Using up to 1 cpu(s) for the stress calculation.

 average force= 0.493482
 time avg. forc= 0.493482
 largest residual force= 1145.169830 in node 1040 and dof 1
 largest increment of disp= 2.566908e-02
 largest correction to disp= 3.548314e-11 in node 189 and dof 2

 no convergence

 iteration 5

 Decascading the MPC's

*INFO in cascade: linear MPCs and
       nonlinear MPCs depend on each other
       common node: 1258 in direction 1

 Determining the structure of the matrix:
 number of equations
 16516
 number of nonzero lower triangular matrix elements
 390038

 Using up to 1 cpu(s) for the stress calculation.

 Using up to 1 cpu(s) for the symmetric stiffness/mass contributions.

 Factoring the system of equations using the symmetric spooles solver
 Using up to 1 cpu(s) for spooles.

 Using up to 1 cpu(s) for the stress calculation.

 average force= 0.493482
 time avg. forc= 0.493482
 largest residual force= 1145.169830 in node 1040 and dof 1
 largest increment of disp= 2.566908e-02
 largest correction to disp= 4.643433e-11 in node 189 and dof 2

 no convergence

 iteration 6

 Decascading the MPC's

*INFO in cascade: linear MPCs and
       nonlinear MPCs depend on each other
       common node: 1258 in direction 1

 Determining the structure of the matrix:
 number of equations
 16516
 number of nonzero lower triangular matrix elements
 390038

 Using up to 1 cpu(s) for the stress calculation.

 Using up to 1 cpu(s) for the symmetric stiffness/mass contributions.

 Factoring the system of equations using the symmetric spooles solver
 Using up to 1 cpu(s) for spooles.

 Using up to 1 cpu(s) for the stress calculation.

 average force= 0.493482
 time avg. forc= 0.493482
 largest residual force= 1145.169830 in node 1040 and dof 1
 largest increment of disp= 2.566908e-02
 largest correction to disp= 3.548366e-11 in node 189 and dof 2

 divergence; the increment size is decreased to 3.906250e-06
 the increment is reattempted

 increment 1 attempt 5 
 increment size= 3.906250e-06
 sum of previous increments=0.000000e+00
 actual step time=3.906250e-06
 actual total time=3.906250e-06

 iteration 1

 Decascading the MPC's

*INFO in cascade: linear MPCs and
       nonlinear MPCs depend on each other
       common node: 1258 in direction 1

 Determining the structure of the matrix:
 number of equations
 16516
 number of nonzero lower triangular matrix elements
 390038

 Using up to 1 cpu(s) for the stress calculation.

 Using up to 1 cpu(s) for the symmetric stiffness/mass contributions.

 Factoring the system of equations using the symmetric spooles solver
 Using up to 1 cpu(s) for spooles.

 Using up to 1 cpu(s) for the stress calculation.

 average force= 0.121732
 time avg. forc= 0.121732
 largest residual force= 0.147054 in node 10497 and dof 1
 largest increment of disp= 6.417269e-03
 largest correction to disp= 6.417269e-03 in node 690 and dof 3

 no convergence

 iteration 2

 Decascading the MPC's

*INFO in cascade: linear MPCs and
       nonlinear MPCs depend on each other
       common node: 1258 in direction 1

 Determining the structure of the matrix:
 number of equations
 16516
 number of nonzero lower triangular matrix elements
 390038

 Using up to 1 cpu(s) for the stress calculation.

 Using up to 1 cpu(s) for the symmetric stiffness/mass contributions.

 Factoring the system of equations using the symmetric spooles solver
 Using up to 1 cpu(s) for spooles.

 Using up to 1 cpu(s) for the stress calculation.

 average force= 0.123376
 time avg. forc= 0.123376
 largest residual force= 286.312107 in node 1007 and dof 1
 largest increment of disp= 6.417269e-03
 largest correction to disp= 7.565686e-07 in node 683 and dof 3

 no convergence

 iteration 3

 Decascading the MPC's

*INFO in cascade: linear MPCs and
       nonlinear MPCs depend on each other
       common node: 1258 in direction 1

 Determining the structure of the matrix:
 number of equations
 16516
 number of nonzero lower triangular matrix elements
 390038

 Using up to 1 cpu(s) for the stress calculation.

 Using up to 1 cpu(s) for the symmetric stiffness/mass contributions.

 Factoring the system of equations using the symmetric spooles solver
 Using up to 1 cpu(s) for spooles.

 Using up to 1 cpu(s) for the stress calculation.

 average force= 0.123376
 time avg. forc= 0.123376
 largest residual force= 286.307185 in node 1040 and dof 1
 largest increment of disp= 6.417269e-03
 largest correction to disp= 5.590910e-11 in node 288 and dof 2

 no convergence

 iteration 4

 Decascading the MPC's

*INFO in cascade: linear MPCs and
       nonlinear MPCs depend on each other
       common node: 1258 in direction 1

 Determining the structure of the matrix:
 number of equations
 16516
 number of nonzero lower triangular matrix elements
 390038

 Using up to 1 cpu(s) for the stress calculation.

 Using up to 1 cpu(s) for the symmetric stiffness/mass contributions.

 Factoring the system of equations using the symmetric spooles solver
 Using up to 1 cpu(s) for spooles.

 Using up to 1 cpu(s) for the stress calculation.

 average force= 0.123376
 time avg. forc= 0.123376
 largest residual force= 286.307185 in node 1040 and dof 1
 largest increment of disp= 6.417269e-03
 largest correction to disp= 5.591042e-11 in node 288 and dof 2

 no convergence

 iteration 5

 Decascading the MPC's

*INFO in cascade: linear MPCs and
       nonlinear MPCs depend on each other
       common node: 1258 in direction 1

 Determining the structure of the matrix:
 number of equations
 16516
 number of nonzero lower triangular matrix elements
 390038

 Using up to 1 cpu(s) for the stress calculation.

 Using up to 1 cpu(s) for the symmetric stiffness/mass contributions.

 Factoring the system of equations using the symmetric spooles solver
 Using up to 1 cpu(s) for spooles.

 Using up to 1 cpu(s) for the stress calculation.

 average force= 0.123376
 time avg. forc= 0.123376
 largest residual force= 286.307185 in node 1040 and dof 1
 largest increment of disp= 6.417269e-03
 largest correction to disp= 7.004325e-11 in node 288 and dof 2

 no convergence

 iteration 6

 Decascading the MPC's

*INFO in cascade: linear MPCs and
       nonlinear MPCs depend on each other
       common node: 1258 in direction 1

 Determining the structure of the matrix:
 number of equations
 16516
 number of nonzero lower triangular matrix elements
 390038

 Using up to 1 cpu(s) for the stress calculation.

 Using up to 1 cpu(s) for the symmetric stiffness/mass contributions.

 Factoring the system of equations using the symmetric spooles solver
 Using up to 1 cpu(s) for spooles.

 Using up to 1 cpu(s) for the stress calculation.

 average force= 0.123376
 time avg. forc= 0.123376
 largest residual force= 286.307185 in node 1040 and dof 1
 largest increment of disp= 6.417269e-03
 largest correction to disp= 7.976835e-11 in node 189 and dof 2

 no convergence

 iteration 7

 Decascading the MPC's

*INFO in cascade: linear MPCs and
       nonlinear MPCs depend on each other
       common node: 1258 in direction 1

 Determining the structure of the matrix:
 number of equations
 16516
 number of nonzero lower triangular matrix elements
 390038

 Using up to 1 cpu(s) for the stress calculation.

 Using up to 1 cpu(s) for the symmetric stiffness/mass contributions.

 Factoring the system of equations using the symmetric spooles solver
 Using up to 1 cpu(s) for spooles.

 Using up to 1 cpu(s) for the stress calculation.

 average force= 0.123376
 time avg. forc= 0.123376
 largest residual force= 286.307185 in node 1040 and dof 1
 largest increment of disp= 6.417269e-03
 largest correction to disp= 7.004287e-11 in node 288 and dof 2

 no convergence

 iteration 8

 Decascading the MPC's

*INFO in cascade: linear MPCs and
       nonlinear MPCs depend on each other
       common node: 1258 in direction 1

 Determining the structure of the matrix:
 number of equations
 16516
 number of nonzero lower triangular matrix elements
 390038

 Using up to 1 cpu(s) for the stress calculation.

 Using up to 1 cpu(s) for the symmetric stiffness/mass contributions.

 Factoring the system of equations using the symmetric spooles solver
 Using up to 1 cpu(s) for spooles.

 Using up to 1 cpu(s) for the stress calculation.

 average force= 0.123376
 time avg. forc= 0.123376
 largest residual force= 286.307185 in node 1040 and dof 1
 largest increment of disp= 6.417269e-03
 largest correction to disp= 5.590535e-11 in node 288 and dof 2

 divergence; the increment size is decreased to 9.765625e-07
 the increment is reattempted


 *ERROR: increment size smaller than minimum
 best solution and residuals are in the frd file

