
************************************************************

CalculiX Version 2.17, Copyright(C) 1998-2020 Guido Dhondt
CalculiX comes with ABSOLUTELY NO WARRANTY. This is free
software, and you are welcome to redistribute it under
certain conditions, see gpl.htm

************************************************************

You are using an executable made on Thu Jul 23 21:43:50 CEST 2020

  The numbers below are estimated upper bounds

  number of:

   nodes:        63923
   elements:         1659
   one-dimensional elements:          586
   two-dimensional elements:          492
   integration points per element:            8
   degrees of freedom per node:            3
   layers per element:            2

   distributed facial loads:            0
   distributed volumetric loads:            1
   concentrated loads:         5229
   single point constraints:        78138
   multiple point constraints:       129361
   terms in all multiple point constraints:       827905
   tie constraints:            0
   dependent nodes tied by cyclic constraints:            0
   dependent nodes in pre-tension constraints:            0

   sets:          610
   terms in all sets:         8338

   materials:          587
   constants per material and temperature:            2
   temperature points per material:            1
   plastic data points per material:            0

   orientations:          984
   amplitudes:            4
   data points in all amplitudes:            4
   print requests:            8
   transformations:            0
   property cards:            0

 *WARNING reading *STEP: parameter not recognized:
          NAME=COMPLETED_STATE
 *WARNING reading *STEP. Card image:
          *STEP,NAME=COMPLETED_STATE,NLGEOM=YES,INC=2000

 *INFO reading *STEP: nonlinear geometric
       effects are turned on

 *WARNING reading *STATIC:
          the minimum increment    1.0000000000000000E-010
          is smaller then 1.e-6 times the 
          step time;
          the minimum increment is changed
          to    9.9999999999999995E-007
          which is the minimum of the initial
          increment time and 1.e-6 times the step time
 *WARNING in calinput: no elastic constants 
  were assigned to material MASS
          in a (thermo)mechanical calculation

 *WARNING in calinput: no elastic constants 
  were assigned to material MASS
          in a (thermo)mechanical calculation

 *WARNING in calinput: no elastic constants 
  were assigned to material MASS
          in a (thermo)mechanical calculation

 *WARNING in calinput: no elastic constants 
  were assigned to material MASS
          in a (thermo)mechanical calculation

 *WARNING in calinput: no elastic constants 
  were assigned to material MASS
          in a (thermo)mechanical calculation

 *WARNING in calinput: no elastic constants 
  were assigned to material MASS
          in a (thermo)mechanical calculation

 *WARNING in calinput: no elastic constants 
  were assigned to material MASS
          in a (thermo)mechanical calculation

 *WARNING in calinput: no elastic constants 
  were assigned to material MASS
          in a (thermo)mechanical calculation

 *WARNING in calinput: no elastic constants 
  were assigned to material MASS
          in a (thermo)mechanical calculation

 *WARNING in calinput: no elastic constants 
  were assigned to material MASS
          in a (thermo)mechanical calculation

 *WARNING in calinput: no elastic constants 
  were assigned to material MASS
          in a (thermo)mechanical calculation

 *WARNING in calinput: no elastic constants 
  were assigned to material MASS
          in a (thermo)mechanical calculation

 *WARNING in calinput: no elastic constants 
  were assigned to material MASS
          in a (thermo)mechanical calculation

 *WARNING in calinput: no elastic constants 
  were assigned to material MASS
          in a (thermo)mechanical calculation

 *WARNING in calinput: no elastic constants 
  were assigned to material MASS
          in a (thermo)mechanical calculation

 *WARNING in calinput: no elastic constants 
  were assigned to material MASS
          in a (thermo)mechanical calculation

 *WARNING in calinput: no elastic constants 
  were assigned to material MASS
          in a (thermo)mechanical calculation

 *WARNING in calinput: no elastic constants 
  were assigned to material MASS
          in a (thermo)mechanical calculation

 *WARNING in calinput: no elastic constants 
  were assigned to material MASS
          in a (thermo)mechanical calculation

 *WARNING in calinput: no elastic constants 
  were assigned to material MASS
          in a (thermo)mechanical calculation

 *WARNING in calinput: no elastic constants 
  were assigned to material MASS
          in a (thermo)mechanical calculation

 *WARNING in calinput: no elastic constants 
  were assigned to material MASS
          in a (thermo)mechanical calculation

 *WARNING in calinput: no elastic constants 
  were assigned to material MASS
          in a (thermo)mechanical calculation

 *WARNING in calinput: no elastic constants 
  were assigned to material MASS
          in a (thermo)mechanical calculation

 *WARNING in calinput: no elastic constants 
  were assigned to material MASS
          in a (thermo)mechanical calculation

 *WARNING in calinput: no elastic constants 
  were assigned to material MASS
          in a (thermo)mechanical calculation

 *WARNING in calinput: no elastic constants 
  were assigned to material MASS
          in a (thermo)mechanical calculation

 *WARNING in calinput: no elastic constants 
  were assigned to material MASS
          in a (thermo)mechanical calculation

 *WARNING in calinput: no elastic constants 
  were assigned to material MASS
          in a (thermo)mechanical calculation

 *WARNING in calinput: no elastic constants 
  were assigned to material MASS
          in a (thermo)mechanical calculation

 *WARNING in calinput: no elastic constants 
  were assigned to material MASS
          in a (thermo)mechanical calculation

 *WARNING in calinput: no elastic constants 
  were assigned to material MASS
          in a (thermo)mechanical calculation

 *WARNING in calinput: no elastic constants 
  were assigned to material MASS
          in a (thermo)mechanical calculation

 *WARNING in calinput: no elastic constants 
  were assigned to material MASS
          in a (thermo)mechanical calculation

 *WARNING in calinput: no elastic constants 
  were assigned to material MASS
          in a (thermo)mechanical calculation

 *WARNING in calinput: no elastic constants 
  were assigned to material MASS
          in a (thermo)mechanical calculation

 *WARNING in calinput: no elastic constants 
  were assigned to material MASS
          in a (thermo)mechanical calculation

 *WARNING in calinput: no elastic constants 
  were assigned to material MASS
          in a (thermo)mechanical calculation

 *WARNING in calinput: no elastic constants 
  were assigned to material MASS
          in a (thermo)mechanical calculation

 *WARNING in calinput: no elastic constants 
  were assigned to material MASS
          in a (thermo)mechanical calculation

 *WARNING in calinput: no elastic constants 
  were assigned to material MASS
          in a (thermo)mechanical calculation

 *WARNING in calinput: no elastic constants 
  were assigned to material MASS
          in a (thermo)mechanical calculation

 *WARNING in calinput: no elastic constants 
  were assigned to material MASS
          in a (thermo)mechanical calculation

 *WARNING in calinput: no elastic constants 
  were assigned to material MASS
          in a (thermo)mechanical calculation

 *WARNING in calinput: no elastic constants 
  were assigned to material MASS
          in a (thermo)mechanical calculation

 *WARNING in calinput: no elastic constants 
  were assigned to material MASS
          in a (thermo)mechanical calculation

 *WARNING in calinput: no elastic constants 
  were assigned to material MASS
          in a (thermo)mechanical calculation

 *WARNING in calinput: no elastic constants 
  were assigned to material MASS
          in a (thermo)mechanical calculation

 *WARNING in calinput: no elastic constants 
  were assigned to material MASS
          in a (thermo)mechanical calculation

 *WARNING in calinput: no elastic constants 
  were assigned to material MASS
          in a (thermo)mechanical calculation

 *WARNING in calinput: no elastic constants 
  were assigned to material MASS
          in a (thermo)mechanical calculation

 *WARNING in calinput: no elastic constants 
  were assigned to material MASS
          in a (thermo)mechanical calculation

 *WARNING in calinput: no elastic constants 
  were assigned to material MASS
          in a (thermo)mechanical calculation

 *WARNING in calinput: no elastic constants 
  were assigned to material MASS
          in a (thermo)mechanical calculation

 *WARNING in calinput: no elastic constants 
  were assigned to material MASS
          in a (thermo)mechanical calculation

 *WARNING in calinput: no elastic constants 
  were assigned to material MASS
          in a (thermo)mechanical calculation

 *WARNING in calinput: no elastic constants 
  were assigned to material MASS
          in a (thermo)mechanical calculation

 *WARNING in calinput: no elastic constants 
  were assigned to material MASS
          in a (thermo)mechanical calculation

 *WARNING in calinput: no elastic constants 
  were assigned to material MASS
          in a (thermo)mechanical calculation

 *WARNING in calinput: no elastic constants 
  were assigned to material MASS
          in a (thermo)mechanical calculation

 *WARNING in calinput: no elastic constants 
  were assigned to material MASS
          in a (thermo)mechanical calculation

 *WARNING in calinput: no elastic constants 
  were assigned to material MASS
          in a (thermo)mechanical calculation

 *WARNING in calinput: no elastic constants 
  were assigned to material MASS
          in a (thermo)mechanical calculation

 *WARNING in calinput: no elastic constants 
  were assigned to material MASS
          in a (thermo)mechanical calculation

 *WARNING in calinput: no elastic constants 
  were assigned to material MASS
          in a (thermo)mechanical calculation

 *WARNING in calinput: no elastic constants 
  were assigned to material MASS
          in a (thermo)mechanical calculation

 *WARNING in calinput: no elastic constants 
  were assigned to material MASS
          in a (thermo)mechanical calculation

 *WARNING in calinput: no elastic constants 
  were assigned to material MASS
          in a (thermo)mechanical calculation

 *WARNING in calinput: no elastic constants 
  were assigned to material MASS
          in a (thermo)mechanical calculation

 *WARNING in calinput: no elastic constants 
  were assigned to material MASS
          in a (thermo)mechanical calculation

 *WARNING in calinput: no elastic constants 
  were assigned to material MASS
          in a (thermo)mechanical calculation

 *WARNING in calinput: no elastic constants 
  were assigned to material MASS
          in a (thermo)mechanical calculation

 *WARNING in calinput: no elastic constants 
  were assigned to material MASS
          in a (thermo)mechanical calculation

 *WARNING in calinput: no elastic constants 
  were assigned to material MASS
          in a (thermo)mechanical calculation

 *WARNING in calinput: no elastic constants 
  were assigned to material MASS
          in a (thermo)mechanical calculation

 *WARNING in calinput: no elastic constants 
  were assigned to material MASS
          in a (thermo)mechanical calculation

 *WARNING in calinput: no elastic constants 
  were assigned to material MASS
          in a (thermo)mechanical calculation

 *WARNING in calinput: no elastic constants 
  were assigned to material MASS
          in a (thermo)mechanical calculation

 *WARNING in calinput: no elastic constants 
  were assigned to material MASS
          in a (thermo)mechanical calculation

 *WARNING in calinput: no elastic constants 
  were assigned to material MASS
          in a (thermo)mechanical calculation

 *WARNING in calinput: no elastic constants 
  were assigned to material MASS
          in a (thermo)mechanical calculation

 *WARNING in calinput: no elastic constants 
  were assigned to material MASS
          in a (thermo)mechanical calculation

 *WARNING in calinput: no elastic constants 
  were assigned to material MASS
          in a (thermo)mechanical calculation

 *WARNING in calinput: no elastic constants 
  were assigned to material MASS
          in a (thermo)mechanical calculation

 *WARNING in calinput: no elastic constants 
  were assigned to material MASS
          in a (thermo)mechanical calculation

 *WARNING in calinput: no elastic constants 
  were assigned to material MASS
          in a (thermo)mechanical calculation

 *WARNING in calinput: no elastic constants 
  were assigned to material MASS
          in a (thermo)mechanical calculation

 *WARNING in calinput: no elastic constants 
  were assigned to material MASS
          in a (thermo)mechanical calculation

 *WARNING in calinput: no elastic constants 
  were assigned to material MASS
          in a (thermo)mechanical calculation

 *WARNING in calinput: no elastic constants 
  were assigned to material MASS
          in a (thermo)mechanical calculation

 *WARNING in calinput: no elastic constants 
  were assigned to material MASS
          in a (thermo)mechanical calculation

 *WARNING in calinput: no elastic constants 
  were assigned to material MASS
          in a (thermo)mechanical calculation

 *WARNING in calinput: no elastic constants 
  were assigned to material MASS
          in a (thermo)mechanical calculation

 *WARNING in calinput: no elastic constants 
  were assigned to material MASS
          in a (thermo)mechanical calculation

 *WARNING in calinput: no elastic constants 
  were assigned to material MASS
          in a (thermo)mechanical calculation

 *WARNING in calinput: no elastic constants 
  were assigned to material MASS
          in a (thermo)mechanical calculation

 *WARNING in calinput: no elastic constants 
  were assigned to material MASS
          in a (thermo)mechanical calculation

 *WARNING in calinput: no elastic constants 
  were assigned to material MASS
          in a (thermo)mechanical calculation

 *WARNING in calinput: no elastic constants 
  were assigned to material MASS
          in a (thermo)mechanical calculation

 *WARNING in calinput: no elastic constants 
  were assigned to material MASS
          in a (thermo)mechanical calculation

 *WARNING in calinput: no elastic constants 
  were assigned to material MASS
          in a (thermo)mechanical calculation

 *WARNING in calinput: no elastic constants 
  were assigned to material MASS
          in a (thermo)mechanical calculation

 *WARNING in calinput: no elastic constants 
  were assigned to material MASS
          in a (thermo)mechanical calculation

 *WARNING in calinput: no elastic constants 
  were assigned to material MASS
          in a (thermo)mechanical calculation

 *WARNING in calinput: no elastic constants 
  were assigned to material MASS
          in a (thermo)mechanical calculation

 *WARNING in calinput: no elastic constants 
  were assigned to material MASS
          in a (thermo)mechanical calculation

 *WARNING in calinput: no elastic constants 
  were assigned to material MASS
          in a (thermo)mechanical calculation

 *WARNING in calinput: no elastic constants 
  were assigned to material MASS
          in a (thermo)mechanical calculation

 *WARNING in calinput: no elastic constants 
  were assigned to material MASS
          in a (thermo)mechanical calculation

 *WARNING in calinput: no elastic constants 
  were assigned to material MASS
          in a (thermo)mechanical calculation

 *WARNING in calinput: no elastic constants 
  were assigned to material MASS
          in a (thermo)mechanical calculation

 *WARNING in calinput: no elastic constants 
  were assigned to material MASS
          in a (thermo)mechanical calculation

 *WARNING in calinput: no elastic constants 
  were assigned to material MASS
          in a (thermo)mechanical calculation

 *WARNING in calinput: no elastic constants 
  were assigned to material MASS
          in a (thermo)mechanical calculation

 *WARNING in calinput: no elastic constants 
  were assigned to material MASS
          in a (thermo)mechanical calculation

 *WARNING in calinput: no elastic constants 
  were assigned to material MASS
          in a (thermo)mechanical calculation

 *WARNING in calinput: no elastic constants 
  were assigned to material MASS
          in a (thermo)mechanical calculation

 *WARNING in calinput: no elastic constants 
  were assigned to material MASS
          in a (thermo)mechanical calculation

 *WARNING in calinput: no elastic constants 
  were assigned to material MASS
          in a (thermo)mechanical calculation

 *WARNING in calinput: no elastic constants 
  were assigned to material MASS
          in a (thermo)mechanical calculation

 *WARNING in calinput: no elastic constants 
  were assigned to material MASS
          in a (thermo)mechanical calculation

 *WARNING in calinput: no elastic constants 
  were assigned to material MASS
          in a (thermo)mechanical calculation

 *WARNING in calinput: no elastic constants 
  were assigned to material MASS
          in a (thermo)mechanical calculation

 *WARNING in calinput: no elastic constants 
  were assigned to material MASS
          in a (thermo)mechanical calculation

 *WARNING in calinput: no elastic constants 
  were assigned to material MASS
          in a (thermo)mechanical calculation

 *WARNING in calinput: no elastic constants 
  were assigned to material MASS
          in a (thermo)mechanical calculation

 *WARNING in calinput: no elastic constants 
  were assigned to material MASS
          in a (thermo)mechanical calculation

 *WARNING in calinput: no elastic constants 
  were assigned to material MASS
          in a (thermo)mechanical calculation

 *WARNING in calinput: no elastic constants 
  were assigned to material MASS
          in a (thermo)mechanical calculation

 *WARNING in calinput: no elastic constants 
  were assigned to material MASS
          in a (thermo)mechanical calculation

 *WARNING in calinput: no elastic constants 
  were assigned to material MASS
          in a (thermo)mechanical calculation

 *WARNING in calinput: no elastic constants 
  were assigned to material MASS
          in a (thermo)mechanical calculation

 *WARNING in calinput: no elastic constants 
  were assigned to material MASS
          in a (thermo)mechanical calculation

 *WARNING in calinput: no elastic constants 
  were assigned to material MASS
          in a (thermo)mechanical calculation

 *WARNING in calinput: no elastic constants 
  were assigned to material MASS
          in a (thermo)mechanical calculation

 *WARNING in calinput: no elastic constants 
  were assigned to material MASS
          in a (thermo)mechanical calculation

 *WARNING in calinput: no elastic constants 
  were assigned to material MASS
          in a (thermo)mechanical calculation

 *WARNING in calinput: no elastic constants 
  were assigned to material MASS
          in a (thermo)mechanical calculation

 *WARNING in calinput: no elastic constants 
  were assigned to material MASS
          in a (thermo)mechanical calculation

 *WARNING in calinput: no elastic constants 
  were assigned to material MASS
          in a (thermo)mechanical calculation

 *WARNING in calinput: no elastic constants 
  were assigned to material MASS
          in a (thermo)mechanical calculation

 *WARNING in calinput: no elastic constants 
  were assigned to material MASS
          in a (thermo)mechanical calculation

 *WARNING in calinput: no elastic constants 
  were assigned to material MASS
          in a (thermo)mechanical calculation

 *WARNING in calinput: no elastic constants 
  were assigned to material MASS
          in a (thermo)mechanical calculation

 *WARNING in calinput: no elastic constants 
  were assigned to material MASS
          in a (thermo)mechanical calculation

 *WARNING in calinput: no elastic constants 
  were assigned to material MASS
          in a (thermo)mechanical calculation

 *WARNING in calinput: no elastic constants 
  were assigned to material MASS
          in a (thermo)mechanical calculation

 *WARNING in calinput: no elastic constants 
  were assigned to material MASS
          in a (thermo)mechanical calculation

 *WARNING in calinput: no elastic constants 
  were assigned to material MASS
          in a (thermo)mechanical calculation

 *WARNING in calinput: no elastic constants 
  were assigned to material MASS
          in a (thermo)mechanical calculation

 *WARNING in calinput: no elastic constants 
  were assigned to material MASS
          in a (thermo)mechanical calculation

 *WARNING in calinput: no elastic constants 
  were assigned to material MASS
          in a (thermo)mechanical calculation

 *WARNING in calinput: no elastic constants 
  were assigned to material MASS
          in a (thermo)mechanical calculation

 *WARNING in calinput: no elastic constants 
  were assigned to material MASS
          in a (thermo)mechanical calculation

 *WARNING in calinput: no elastic constants 
  were assigned to material MASS
          in a (thermo)mechanical calculation

 *WARNING in calinput: no elastic constants 
  were assigned to material MASS
          in a (thermo)mechanical calculation

 *WARNING in calinput: no elastic constants 
  were assigned to material MASS
          in a (thermo)mechanical calculation

 *WARNING in calinput: no elastic constants 
  were assigned to material MASS
          in a (thermo)mechanical calculation

 *WARNING in calinput: no elastic constants 
  were assigned to material MASS
          in a (thermo)mechanical calculation

 *WARNING in calinput: no elastic constants 
  were assigned to material MASS
          in a (thermo)mechanical calculation

 *WARNING in calinput: no elastic constants 
  were assigned to material MASS
          in a (thermo)mechanical calculation

 *WARNING in calinput: no elastic constants 
  were assigned to material MASS
          in a (thermo)mechanical calculation

 *WARNING in calinput: no elastic constants 
  were assigned to material MASS
          in a (thermo)mechanical calculation

 *WARNING in calinput: no elastic constants 
  were assigned to material MASS
          in a (thermo)mechanical calculation

 *WARNING in calinput: no elastic constants 
  were assigned to material MASS
          in a (thermo)mechanical calculation

 *WARNING in calinput: no elastic constants 
  were assigned to material MASS
          in a (thermo)mechanical calculation

 *WARNING in calinput: no elastic constants 
  were assigned to material MASS
          in a (thermo)mechanical calculation

 *WARNING in calinput: no elastic constants 
  were assigned to material MASS
          in a (thermo)mechanical calculation

 *WARNING in calinput: no elastic constants 
  were assigned to material MASS
          in a (thermo)mechanical calculation

 *WARNING in calinput: no elastic constants 
  were assigned to material MASS
          in a (thermo)mechanical calculation

 *WARNING in calinput: no elastic constants 
  were assigned to material MASS
          in a (thermo)mechanical calculation

 *WARNING in calinput: no elastic constants 
  were assigned to material MASS
          in a (thermo)mechanical calculation

 *WARNING in calinput: no elastic constants 
  were assigned to material MASS
          in a (thermo)mechanical calculation

 *WARNING in calinput: no elastic constants 
  were assigned to material MASS
          in a (thermo)mechanical calculation

 *WARNING in calinput: no elastic constants 
  were assigned to material MASS
          in a (thermo)mechanical calculation

 *WARNING in calinput: no elastic constants 
  were assigned to material MASS
          in a (thermo)mechanical calculation

 *WARNING in calinput: no elastic constants 
  were assigned to material MASS
          in a (thermo)mechanical calculation

 *WARNING in calinput: no elastic constants 
  were assigned to material MASS
          in a (thermo)mechanical calculation

 *WARNING in calinput: no elastic constants 
  were assigned to material MASS
          in a (thermo)mechanical calculation

 *WARNING in calinput: no elastic constants 
  were assigned to material MASS
          in a (thermo)mechanical calculation

 *WARNING in calinput: no elastic constants 
  were assigned to material MASS
          in a (thermo)mechanical calculation

 *WARNING in calinput: no elastic constants 
  were assigned to material MASS
          in a (thermo)mechanical calculation

 *WARNING in calinput: no elastic constants 
  were assigned to material MASS
          in a (thermo)mechanical calculation

 *WARNING in calinput: no elastic constants 
  were assigned to material MASS
          in a (thermo)mechanical calculation

 *WARNING in calinput: no elastic constants 
  were assigned to material MASS
          in a (thermo)mechanical calculation

 *WARNING in calinput: no elastic constants 
  were assigned to material MASS
          in a (thermo)mechanical calculation

 *WARNING in calinput: no elastic constants 
  were assigned to material MASS
          in a (thermo)mechanical calculation

 *WARNING in calinput: no elastic constants 
  were assigned to material MASS
          in a (thermo)mechanical calculation

 *WARNING in calinput: no elastic constants 
  were assigned to material MASS
          in a (thermo)mechanical calculation

 *WARNING in calinput: no elastic constants 
  were assigned to material MASS
          in a (thermo)mechanical calculation

 *WARNING in calinput: no elastic constants 
  were assigned to material MASS
          in a (thermo)mechanical calculation

 *WARNING in calinput: no elastic constants 
  were assigned to material MASS
          in a (thermo)mechanical calculation

 *WARNING in calinput: no elastic constants 
  were assigned to material MASS
          in a (thermo)mechanical calculation

 *WARNING in calinput: no elastic constants 
  were assigned to material MASS
          in a (thermo)mechanical calculation

 *WARNING in calinput: no elastic constants 
  were assigned to material MASS
          in a (thermo)mechanical calculation

 *WARNING in calinput: no elastic constants 
  were assigned to material MASS
          in a (thermo)mechanical calculation

 *WARNING in calinput: no elastic constants 
  were assigned to material MASS
          in a (thermo)mechanical calculation

 *WARNING in calinput: no elastic constants 
  were assigned to material MASS
          in a (thermo)mechanical calculation

 *WARNING in calinput: no elastic constants 
  were assigned to material MASS
          in a (thermo)mechanical calculation

 *WARNING in calinput: no elastic constants 
  were assigned to material MASS
          in a (thermo)mechanical calculation

 *WARNING in calinput: no elastic constants 
  were assigned to material MASS
          in a (thermo)mechanical calculation

 *WARNING in calinput: no elastic constants 
  were assigned to material MASS
          in a (thermo)mechanical calculation

 *WARNING in calinput: no elastic constants 
  were assigned to material MASS
          in a (thermo)mechanical calculation

 *WARNING in calinput: no elastic constants 
  were assigned to material MASS
          in a (thermo)mechanical calculation

 *WARNING in calinput: no elastic constants 
  were assigned to material MASS
          in a (thermo)mechanical calculation

 *WARNING in calinput: no elastic constants 
  were assigned to material MASS
          in a (thermo)mechanical calculation

 *WARNING in calinput: no elastic constants 
  were assigned to material MASS
          in a (thermo)mechanical calculation

 *WARNING in calinput: no elastic constants 
  were assigned to material MASS
          in a (thermo)mechanical calculation

 *WARNING in calinput: no elastic constants 
  were assigned to material MASS
          in a (thermo)mechanical calculation

 *WARNING in calinput: no elastic constants 
  were assigned to material MASS
          in a (thermo)mechanical calculation

 *WARNING in calinput: no elastic constants 
  were assigned to material MASS
          in a (thermo)mechanical calculation

 *WARNING in calinput: no elastic constants 
  were assigned to material MASS
          in a (thermo)mechanical calculation

 *WARNING in calinput: no elastic constants 
  were assigned to material MASS
          in a (thermo)mechanical calculation

 *WARNING in calinput: no elastic constants 
  were assigned to material MASS
          in a (thermo)mechanical calculation

 *WARNING in calinput: no elastic constants 
  were assigned to material MASS
          in a (thermo)mechanical calculation

 *WARNING in calinput: no elastic constants 
  were assigned to material MASS
          in a (thermo)mechanical calculation

 *WARNING in calinput: no elastic constants 
  were assigned to material MASS
          in a (thermo)mechanical calculation

 *WARNING in calinput: no elastic constants 
  were assigned to material MASS
          in a (thermo)mechanical calculation

 *WARNING in calinput: no elastic constants 
  were assigned to material MASS
          in a (thermo)mechanical calculation

 *WARNING in calinput: no elastic constants 
  were assigned to material MASS
          in a (thermo)mechanical calculation

 *WARNING in calinput: no elastic constants 
  were assigned to material MASS
          in a (thermo)mechanical calculation

 *WARNING in calinput: no elastic constants 
  were assigned to material MASS
          in a (thermo)mechanical calculation

 *WARNING in calinput: no elastic constants 
  were assigned to material MASS
          in a (thermo)mechanical calculation

 *WARNING in calinput: no elastic constants 
  were assigned to material MASS
          in a (thermo)mechanical calculation

 *WARNING in calinput: no elastic constants 
  were assigned to material MASS
          in a (thermo)mechanical calculation

 *WARNING in calinput: no elastic constants 
  were assigned to material MASS
          in a (thermo)mechanical calculation

 *WARNING in calinput: no elastic constants 
  were assigned to material MASS
          in a (thermo)mechanical calculation

 *WARNING in calinput: no elastic constants 
  were assigned to material MASS
          in a (thermo)mechanical calculation

 *WARNING in calinput: no elastic constants 
  were assigned to material MASS
          in a (thermo)mechanical calculation

 *WARNING in calinput: no elastic constants 
  were assigned to material MASS
          in a (thermo)mechanical calculation

 *WARNING in calinput: no elastic constants 
  were assigned to material MASS
          in a (thermo)mechanical calculation

 *WARNING in calinput: no elastic constants 
  were assigned to material MASS
          in a (thermo)mechanical calculation

 *WARNING in calinput: no elastic constants 
  were assigned to material MASS
          in a (thermo)mechanical calculation

 *WARNING in calinput: no elastic constants 
  were assigned to material MASS
          in a (thermo)mechanical calculation

 *WARNING in calinput: no elastic constants 
  were assigned to material MASS
          in a (thermo)mechanical calculation

 *WARNING in calinput: no elastic constants 
  were assigned to material MASS
          in a (thermo)mechanical calculation

 *WARNING in calinput: no elastic constants 
  were assigned to material MASS
          in a (thermo)mechanical calculation

 *WARNING in calinput: no elastic constants 
  were assigned to material MASS
          in a (thermo)mechanical calculation

 *WARNING in calinput: no elastic constants 
  were assigned to material MASS
          in a (thermo)mechanical calculation

 *WARNING in calinput: no elastic constants 
  were assigned to material MASS
          in a (thermo)mechanical calculation

 *WARNING in calinput: no elastic constants 
  were assigned to material MASS
          in a (thermo)mechanical calculation

 *WARNING in calinput: no elastic constants 
  were assigned to material MASS
          in a (thermo)mechanical calculation

 *WARNING in calinput: no elastic constants 
  were assigned to material MASS
          in a (thermo)mechanical calculation

 *WARNING in calinput: no elastic constants 
  were assigned to material MASS
          in a (thermo)mechanical calculation

 *WARNING in calinput: no elastic constants 
  were assigned to material MASS
          in a (thermo)mechanical calculation

 *WARNING in calinput: no elastic constants 
  were assigned to material MASS
          in a (thermo)mechanical calculation

 *WARNING in calinput: no elastic constants 
  were assigned to material MASS
          in a (thermo)mechanical calculation

 *WARNING in calinput: no elastic constants 
  were assigned to material MASS
          in a (thermo)mechanical calculation

 *WARNING in calinput: no elastic constants 
  were assigned to material MASS
          in a (thermo)mechanical calculation

 *WARNING in calinput: no elastic constants 
  were assigned to material MASS
          in a (thermo)mechanical calculation

 *WARNING in calinput: no elastic constants 
  were assigned to material MASS
          in a (thermo)mechanical calculation

 *WARNING in calinput: no elastic constants 
  were assigned to material MASS
          in a (thermo)mechanical calculation

 *WARNING in calinput: no elastic constants 
  were assigned to material MASS
          in a (thermo)mechanical calculation

 *WARNING in calinput: no elastic constants 
  were assigned to material MASS
          in a (thermo)mechanical calculation

 *WARNING in calinput: no elastic constants 
  were assigned to material MASS
          in a (thermo)mechanical calculation

 *WARNING in calinput: no elastic constants 
  were assigned to material MASS
          in a (thermo)mechanical calculation

 *WARNING in calinput: no elastic constants 
  were assigned to material MASS
          in a (thermo)mechanical calculation

 *WARNING in calinput: no elastic constants 
  were assigned to material MASS
          in a (thermo)mechanical calculation

 *WARNING in calinput: no elastic constants 
  were assigned to material MASS
          in a (thermo)mechanical calculation

 *WARNING in calinput: no elastic constants 
  were assigned to material MASS
          in a (thermo)mechanical calculation

 *WARNING in calinput: no elastic constants 
  were assigned to material MASS
          in a (thermo)mechanical calculation

 *WARNING in calinput: no elastic constants 
  were assigned to material MASS
          in a (thermo)mechanical calculation

 *WARNING in calinput: no elastic constants 
  were assigned to material MASS
          in a (thermo)mechanical calculation

 *WARNING in calinput: no elastic constants 
  were assigned to material MASS
          in a (thermo)mechanical calculation

 *WARNING in calinput: no elastic constants 
  were assigned to material MASS
          in a (thermo)mechanical calculation

 *WARNING in calinput: no elastic constants 
  were assigned to material MASS
          in a (thermo)mechanical calculation

 *WARNING in calinput: no elastic constants 
  were assigned to material MASS
          in a (thermo)mechanical calculation

 *WARNING in calinput: no elastic constants 
  were assigned to material MASS
          in a (thermo)mechanical calculation

 *WARNING in calinput: no elastic constants 
  were assigned to material MASS
          in a (thermo)mechanical calculation

 *WARNING in calinput: no elastic constants 
  were assigned to material MASS
          in a (thermo)mechanical calculation

 *WARNING in calinput: no elastic constants 
  were assigned to material MASS
          in a (thermo)mechanical calculation

 *WARNING in calinput: no elastic constants 
  were assigned to material MASS
          in a (thermo)mechanical calculation

 *WARNING in calinput: no elastic constants 
  were assigned to material MASS
          in a (thermo)mechanical calculation

 *WARNING in calinput: no elastic constants 
  were assigned to material MASS
          in a (thermo)mechanical calculation

 *WARNING in calinput: no elastic constants 
  were assigned to material MASS
          in a (thermo)mechanical calculation

 *WARNING in calinput: no elastic constants 
  were assigned to material MASS
          in a (thermo)mechanical calculation

 *WARNING in calinput: no elastic constants 
  were assigned to material MASS
          in a (thermo)mechanical calculation

 *WARNING in calinput: no elastic constants 
  were assigned to material MASS
          in a (thermo)mechanical calculation

 *WARNING in calinput: no elastic constants 
  were assigned to material MASS
          in a (thermo)mechanical calculation

 *WARNING in calinput: no elastic constants 
  were assigned to material MASS
          in a (thermo)mechanical calculation

 *WARNING in calinput: no elastic constants 
  were assigned to material MASS
          in a (thermo)mechanical calculation

 *WARNING in calinput: no elastic constants 
  were assigned to material MASS
          in a (thermo)mechanical calculation

 *WARNING in calinput: no elastic constants 
  were assigned to material MASS
          in a (thermo)mechanical calculation

 *WARNING in calinput: no elastic constants 
  were assigned to material MASS
          in a (thermo)mechanical calculation

 *WARNING in calinput: no elastic constants 
  were assigned to material MASS
          in a (thermo)mechanical calculation

 *WARNING in calinput: no elastic constants 
  were assigned to material MASS
          in a (thermo)mechanical calculation

 *WARNING in calinput: no elastic constants 
  were assigned to material MASS
          in a (thermo)mechanical calculation

 *WARNING in calinput: no elastic constants 
  were assigned to material MASS
          in a (thermo)mechanical calculation

 *WARNING in calinput: no elastic constants 
  were assigned to material MASS
          in a (thermo)mechanical calculation

 *WARNING in calinput: no elastic constants 
  were assigned to material MASS
          in a (thermo)mechanical calculation

 *WARNING in calinput: no elastic constants 
  were assigned to material MASS
          in a (thermo)mechanical calculation

 *WARNING in calinput: no elastic constants 
  were assigned to material MASS
          in a (thermo)mechanical calculation

 *WARNING in calinput: no elastic constants 
  were assigned to material MASS
          in a (thermo)mechanical calculation

 *WARNING in calinput: no elastic constants 
  were assigned to material MASS
          in a (thermo)mechanical calculation

 *WARNING in calinput: no elastic constants 
  were assigned to material MASS
          in a (thermo)mechanical calculation

 *WARNING in calinput: no elastic constants 
  were assigned to material MASS
          in a (thermo)mechanical calculation

 *WARNING in calinput: no elastic constants 
  were assigned to material MASS
          in a (thermo)mechanical calculation

 *WARNING in calinput: no elastic constants 
  were assigned to material MASS
          in a (thermo)mechanical calculation

 *WARNING in calinput: no elastic constants 
  were assigned to material MASS
          in a (thermo)mechanical calculation

 *WARNING in calinput: no elastic constants 
  were assigned to material MASS
          in a (thermo)mechanical calculation

 *WARNING in calinput: no elastic constants 
  were assigned to material MASS
          in a (thermo)mechanical calculation

 *WARNING in calinput: no elastic constants 
  were assigned to material MASS
          in a (thermo)mechanical calculation

 *WARNING in calinput: no elastic constants 
  were assigned to material MASS
          in a (thermo)mechanical calculation

 *WARNING in calinput: no elastic constants 
  were assigned to material MASS
          in a (thermo)mechanical calculation

 *WARNING in calinput: no elastic constants 
  were assigned to material MASS
          in a (thermo)mechanical calculation

 *WARNING in calinput: no elastic constants 
  were assigned to material MASS
          in a (thermo)mechanical calculation

 *WARNING in calinput: no elastic constants 
  were assigned to material MASS
          in a (thermo)mechanical calculation

 *WARNING in calinput: no elastic constants 
  were assigned to material MASS
          in a (thermo)mechanical calculation

 *WARNING in calinput: no elastic constants 
  were assigned to material MASS
          in a (thermo)mechanical calculation

 *WARNING in calinput: no elastic constants 
  were assigned to material MASS
          in a (thermo)mechanical calculation

 *WARNING in calinput: no elastic constants 
  were assigned to material MASS
          in a (thermo)mechanical calculation

 *WARNING in calinput: no elastic constants 
  were assigned to material MASS
          in a (thermo)mechanical calculation

 *WARNING in calinput: no elastic constants 
  were assigned to material MASS
          in a (thermo)mechanical calculation

 *WARNING in calinput: no elastic constants 
  were assigned to material MASS
          in a (thermo)mechanical calculation

 *WARNING in calinput: no elastic constants 
  were assigned to material MASS
          in a (thermo)mechanical calculation

 *WARNING in calinput: no elastic constants 
  were assigned to material MASS
          in a (thermo)mechanical calculation

 *WARNING in calinput: no elastic constants 
  were assigned to material MASS
          in a (thermo)mechanical calculation

 *WARNING in calinput: no elastic constants 
  were assigned to material MASS
          in a (thermo)mechanical calculation

 *WARNING in calinput: no elastic constants 
  were assigned to material MASS
          in a (thermo)mechanical calculation

 *WARNING in calinput: no elastic constants 
  were assigned to material MASS
          in a (thermo)mechanical calculation

 *WARNING in calinput: no elastic constants 
  were assigned to material MASS
          in a (thermo)mechanical calculation

 *WARNING in calinput: no elastic constants 
  were assigned to material MASS
          in a (thermo)mechanical calculation

 *WARNING in calinput: no elastic constants 
  were assigned to material MASS
          in a (thermo)mechanical calculation

 *WARNING in calinput: no elastic constants 
  were assigned to material MASS
          in a (thermo)mechanical calculation

 *WARNING in calinput: no elastic constants 
  were assigned to material MASS
          in a (thermo)mechanical calculation

 *WARNING in calinput: no elastic constants 
  were assigned to material MASS
          in a (thermo)mechanical calculation

 *WARNING in calinput: no elastic constants 
  were assigned to material MASS
          in a (thermo)mechanical calculation

 *WARNING in calinput: no elastic constants 
  were assigned to material MASS
          in a (thermo)mechanical calculation

 *WARNING in calinput: no elastic constants 
  were assigned to material MASS
          in a (thermo)mechanical calculation

 *WARNING in calinput: no elastic constants 
  were assigned to material MASS
          in a (thermo)mechanical calculation

 *WARNING in calinput: no elastic constants 
  were assigned to material MASS
          in a (thermo)mechanical calculation

 *WARNING in calinput: no elastic constants 
  were assigned to material MASS
          in a (thermo)mechanical calculation

 *WARNING in calinput: no elastic constants 
  were assigned to material MASS
          in a (thermo)mechanical calculation

 *WARNING in calinput: no elastic constants 
  were assigned to material MASS
          in a (thermo)mechanical calculation

 *WARNING in calinput: no elastic constants 
  were assigned to material MASS
          in a (thermo)mechanical calculation

 *WARNING in calinput: no elastic constants 
  were assigned to material MASS
          in a (thermo)mechanical calculation

 *WARNING in calinput: no elastic constants 
  were assigned to material MASS
          in a (thermo)mechanical calculation

 *WARNING in calinput: no elastic constants 
  were assigned to material MASS
          in a (thermo)mechanical calculation

 *WARNING in calinput: no elastic constants 
  were assigned to material MASS
          in a (thermo)mechanical calculation

 *WARNING in calinput: no elastic constants 
  were assigned to material MASS
          in a (thermo)mechanical calculation

 *WARNING in calinput: no elastic constants 
  were assigned to material MASS
          in a (thermo)mechanical calculation

 *WARNING in calinput: no elastic constants 
  were assigned to material MASS
          in a (thermo)mechanical calculation

 *WARNING in calinput: no elastic constants 
  were assigned to material MASS
          in a (thermo)mechanical calculation

 *WARNING in calinput: no elastic constants 
  were assigned to material MASS
          in a (thermo)mechanical calculation

 *WARNING in calinput: no elastic constants 
  were assigned to material MASS
          in a (thermo)mechanical calculation

 *WARNING in calinput: no elastic constants 
  were assigned to material MASS
          in a (thermo)mechanical calculation

 *WARNING in calinput: no elastic constants 
  were assigned to material MASS
          in a (thermo)mechanical calculation

 *WARNING in calinput: no elastic constants 
  were assigned to material MASS
          in a (thermo)mechanical calculation

 *WARNING in calinput: no elastic constants 
  were assigned to material MASS
          in a (thermo)mechanical calculation

 *WARNING in calinput: no elastic constants 
  were assigned to material MASS
          in a (thermo)mechanical calculation

 *WARNING in calinput: no elastic constants 
  were assigned to material MASS
          in a (thermo)mechanical calculation

 *WARNING in calinput: no elastic constants 
  were assigned to material MASS
          in a (thermo)mechanical calculation

 *WARNING in calinput: no elastic constants 
  were assigned to material MASS
          in a (thermo)mechanical calculation

 *WARNING in calinput: no elastic constants 
  were assigned to material MASS
          in a (thermo)mechanical calculation

 *WARNING in calinput: no elastic constants 
  were assigned to material MASS
          in a (thermo)mechanical calculation

 *WARNING in calinput: no elastic constants 
  were assigned to material MASS
          in a (thermo)mechanical calculation

 *WARNING in calinput: no elastic constants 
  were assigned to material MASS
          in a (thermo)mechanical calculation

 *WARNING in calinput: no elastic constants 
  were assigned to material MASS
          in a (thermo)mechanical calculation

 *WARNING in calinput: no elastic constants 
  were assigned to material MASS
          in a (thermo)mechanical calculation

 *WARNING in calinput: no elastic constants 
  were assigned to material MASS
          in a (thermo)mechanical calculation

 *WARNING in calinput: no elastic constants 
  were assigned to material MASS
          in a (thermo)mechanical calculation

 *WARNING in calinput: no elastic constants 
  were assigned to material MASS
          in a (thermo)mechanical calculation

 *WARNING in calinput: no elastic constants 
  were assigned to material MASS
          in a (thermo)mechanical calculation

 *WARNING in calinput: no elastic constants 
  were assigned to material MASS
          in a (thermo)mechanical calculation

 *WARNING in calinput: no elastic constants 
  were assigned to material MASS
          in a (thermo)mechanical calculation

 *WARNING in calinput: no elastic constants 
  were assigned to material MASS
          in a (thermo)mechanical calculation

 *WARNING in calinput: no elastic constants 
  were assigned to material MASS
          in a (thermo)mechanical calculation

 *WARNING in calinput: no elastic constants 
  were assigned to material MASS
          in a (thermo)mechanical calculation

 *WARNING in calinput: no elastic constants 
  were assigned to material MASS
          in a (thermo)mechanical calculation

 *WARNING in calinput: no elastic constants 
  were assigned to material MASS
          in a (thermo)mechanical calculation

 *WARNING in calinput: no elastic constants 
  were assigned to material MASS
          in a (thermo)mechanical calculation

 *WARNING in calinput: no elastic constants 
  were assigned to material MASS
          in a (thermo)mechanical calculation

 *WARNING in calinput: no elastic constants 
  were assigned to material MASS
          in a (thermo)mechanical calculation

 *WARNING in calinput: no elastic constants 
  were assigned to material MASS
          in a (thermo)mechanical calculation

 *WARNING in calinput: no elastic constants 
  were assigned to material MASS
          in a (thermo)mechanical calculation

 *WARNING in calinput: no elastic constants 
  were assigned to material MASS
          in a (thermo)mechanical calculation

 *WARNING in calinput: no elastic constants 
  were assigned to material MASS
          in a (thermo)mechanical calculation

 *WARNING in calinput: no elastic constants 
  were assigned to material MASS
          in a (thermo)mechanical calculation

 *WARNING in calinput: no elastic constants 
  were assigned to material MASS
          in a (thermo)mechanical calculation

 *WARNING in calinput: no elastic constants 
  were assigned to material MASS
          in a (thermo)mechanical calculation

 *WARNING in calinput: no elastic constants 
  were assigned to material MASS
          in a (thermo)mechanical calculation

 *WARNING in calinput: no elastic constants 
  were assigned to material MASS
          in a (thermo)mechanical calculation

 *WARNING in calinput: no elastic constants 
  were assigned to material MASS
          in a (thermo)mechanical calculation

 *WARNING in calinput: no elastic constants 
  were assigned to material MASS
          in a (thermo)mechanical calculation

 *WARNING in calinput: no elastic constants 
  were assigned to material MASS
          in a (thermo)mechanical calculation

 *WARNING in calinput: no elastic constants 
  were assigned to material MASS
          in a (thermo)mechanical calculation

 *WARNING in calinput: no elastic constants 
  were assigned to material MASS
          in a (thermo)mechanical calculation

 *WARNING in calinput: no elastic constants 
  were assigned to material MASS
          in a (thermo)mechanical calculation

 *WARNING in calinput: no elastic constants 
  were assigned to material MASS
          in a (thermo)mechanical calculation

 *WARNING in calinput: no elastic constants 
  were assigned to material MASS
          in a (thermo)mechanical calculation

 *WARNING in calinput: no elastic constants 
  were assigned to material MASS
          in a (thermo)mechanical calculation

 *WARNING in calinput: no elastic constants 
  were assigned to material MASS
          in a (thermo)mechanical calculation

 *WARNING in calinput: no elastic constants 
  were assigned to material MASS
          in a (thermo)mechanical calculation

 *WARNING in calinput: no elastic constants 
  were assigned to material MASS
          in a (thermo)mechanical calculation

 *WARNING in calinput: no elastic constants 
  were assigned to material MASS
          in a (thermo)mechanical calculation

 *WARNING in calinput: no elastic constants 
  were assigned to material MASS
          in a (thermo)mechanical calculation

 *WARNING in calinput: no elastic constants 
  were assigned to material MASS
          in a (thermo)mechanical calculation

 *WARNING in calinput: no elastic constants 
  were assigned to material MASS
          in a (thermo)mechanical calculation

 *WARNING in calinput: no elastic constants 
  were assigned to material MASS
          in a (thermo)mechanical calculation

 *WARNING in calinput: no elastic constants 
  were assigned to material MASS
          in a (thermo)mechanical calculation

 *WARNING in calinput: no elastic constants 
  were assigned to material MASS
          in a (thermo)mechanical calculation

 *WARNING in calinput: no elastic constants 
  were assigned to material MASS
          in a (thermo)mechanical calculation

 *WARNING in calinput: no elastic constants 
  were assigned to material MASS
          in a (thermo)mechanical calculation

 *WARNING in calinput: no elastic constants 
  were assigned to material MASS
          in a (thermo)mechanical calculation

 *WARNING in calinput: no elastic constants 
  were assigned to material MASS
          in a (thermo)mechanical calculation

 *WARNING in calinput: no elastic constants 
  were assigned to material MASS
          in a (thermo)mechanical calculation

 *WARNING in calinput: no elastic constants 
  were assigned to material MASS
          in a (thermo)mechanical calculation

 *WARNING in calinput: no elastic constants 
  were assigned to material MASS
          in a (thermo)mechanical calculation

 *WARNING in calinput: no elastic constants 
  were assigned to material MASS
          in a (thermo)mechanical calculation

 *WARNING in calinput: no elastic constants 
  were assigned to material MASS
          in a (thermo)mechanical calculation

 *WARNING in calinput: no elastic constants 
  were assigned to material MASS
          in a (thermo)mechanical calculation

 *WARNING in calinput: no elastic constants 
  were assigned to material MASS
          in a (thermo)mechanical calculation

 *WARNING in calinput: no elastic constants 
  were assigned to material MASS
          in a (thermo)mechanical calculation

 *WARNING in calinput: no elastic constants 
  were assigned to material MASS
          in a (thermo)mechanical calculation

 *WARNING in calinput: no elastic constants 
  were assigned to material MASS
          in a (thermo)mechanical calculation

 *WARNING in calinput: no elastic constants 
  were assigned to material MASS
          in a (thermo)mechanical calculation

 *WARNING in calinput: no elastic constants 
  were assigned to material MASS
          in a (thermo)mechanical calculation

 *WARNING in calinput: no elastic constants 
  were assigned to material MASS
          in a (thermo)mechanical calculation

 *WARNING in calinput: no elastic constants 
  were assigned to material MASS
          in a (thermo)mechanical calculation

 *WARNING in calinput: no elastic constants 
  were assigned to material MASS
          in a (thermo)mechanical calculation

 *WARNING in calinput: no elastic constants 
  were assigned to material MASS
          in a (thermo)mechanical calculation

 *WARNING in calinput: no elastic constants 
  were assigned to material MASS
          in a (thermo)mechanical calculation

 *WARNING in calinput: no elastic constants 
  were assigned to material MASS
          in a (thermo)mechanical calculation

 *WARNING in calinput: no elastic constants 
  were assigned to material MASS
          in a (thermo)mechanical calculation

 *WARNING in calinput: no elastic constants 
  were assigned to material MASS
          in a (thermo)mechanical calculation

 *WARNING in calinput: no elastic constants 
  were assigned to material MASS
          in a (thermo)mechanical calculation

 *WARNING in calinput: no elastic constants 
  were assigned to material MASS
          in a (thermo)mechanical calculation

 *WARNING in calinput: no elastic constants 
  were assigned to material MASS
          in a (thermo)mechanical calculation

 *WARNING in calinput: no elastic constants 
  were assigned to material MASS
          in a (thermo)mechanical calculation

 *WARNING in calinput: no elastic constants 
  were assigned to material MASS
          in a (thermo)mechanical calculation

 *WARNING in calinput: no elastic constants 
  were assigned to material MASS
          in a (thermo)mechanical calculation

 *WARNING in calinput: no elastic constants 
  were assigned to material MASS
          in a (thermo)mechanical calculation

 *WARNING in calinput: no elastic constants 
  were assigned to material MASS
          in a (thermo)mechanical calculation

 *WARNING in calinput: no elastic constants 
  were assigned to material MASS
          in a (thermo)mechanical calculation

 *WARNING in calinput: no elastic constants 
  were assigned to material MASS
          in a (thermo)mechanical calculation

 *WARNING in calinput: no elastic constants 
  were assigned to material MASS
          in a (thermo)mechanical calculation

 *WARNING in calinput: no elastic constants 
  were assigned to material MASS
          in a (thermo)mechanical calculation

 *WARNING in calinput: no elastic constants 
  were assigned to material MASS
          in a (thermo)mechanical calculation

 *WARNING in calinput: no elastic constants 
  were assigned to material MASS
          in a (thermo)mechanical calculation

 *WARNING in calinput: no elastic constants 
  were assigned to material MASS
          in a (thermo)mechanical calculation

 *WARNING in calinput: no elastic constants 
  were assigned to material MASS
          in a (thermo)mechanical calculation

 *WARNING in calinput: no elastic constants 
  were assigned to material MASS
          in a (thermo)mechanical calculation

 *WARNING in calinput: no elastic constants 
  were assigned to material MASS
          in a (thermo)mechanical calculation

 *WARNING in calinput: no elastic constants 
  were assigned to material MASS
          in a (thermo)mechanical calculation

 *WARNING in calinput: no elastic constants 
  were assigned to material MASS
          in a (thermo)mechanical calculation

 *WARNING in calinput: no elastic constants 
  were assigned to material MASS
          in a (thermo)mechanical calculation

 *WARNING in calinput: no elastic constants 
  were assigned to material MASS
          in a (thermo)mechanical calculation

 *WARNING in calinput: no elastic constants 
  were assigned to material MASS
          in a (thermo)mechanical calculation

 *WARNING in calinput: no elastic constants 
  were assigned to material MASS
          in a (thermo)mechanical calculation

 *WARNING in calinput: no elastic constants 
  were assigned to material MASS
          in a (thermo)mechanical calculation

 *WARNING in calinput: no elastic constants 
  were assigned to material MASS
          in a (thermo)mechanical calculation

 *WARNING in calinput: no elastic constants 
  were assigned to material MASS
          in a (thermo)mechanical calculation

 *WARNING in calinput: no elastic constants 
  were assigned to material MASS
          in a (thermo)mechanical calculation

 *WARNING in calinput: no elastic constants 
  were assigned to material MASS
          in a (thermo)mechanical calculation

 *WARNING in calinput: no elastic constants 
  were assigned to material MASS
          in a (thermo)mechanical calculation

 *WARNING in calinput: no elastic constants 
  were assigned to material MASS
          in a (thermo)mechanical calculation

 *WARNING in calinput: no elastic constants 
  were assigned to material MASS
          in a (thermo)mechanical calculation

 *WARNING in calinput: no elastic constants 
  were assigned to material MASS
          in a (thermo)mechanical calculation

 *WARNING in calinput: no elastic constants 
  were assigned to material MASS
          in a (thermo)mechanical calculation

 *WARNING in calinput: no elastic constants 
  were assigned to material MASS
          in a (thermo)mechanical calculation

 *WARNING in calinput: no elastic constants 
  were assigned to material MASS
          in a (thermo)mechanical calculation

 *WARNING in calinput: no elastic constants 
  were assigned to material MASS
          in a (thermo)mechanical calculation

 *WARNING in calinput: no elastic constants 
  were assigned to material MASS
          in a (thermo)mechanical calculation

 *WARNING in calinput: no elastic constants 
  were assigned to material MASS
          in a (thermo)mechanical calculation

 *WARNING in calinput: no elastic constants 
  were assigned to material MASS
          in a (thermo)mechanical calculation

 *WARNING in calinput: no elastic constants 
  were assigned to material MASS
          in a (thermo)mechanical calculation

 *WARNING in calinput: no elastic constants 
  were assigned to material MASS
          in a (thermo)mechanical calculation

 *WARNING in calinput: no elastic constants 
  were assigned to material MASS
          in a (thermo)mechanical calculation

 *WARNING in calinput: no elastic constants 
  were assigned to material MASS
          in a (thermo)mechanical calculation

 *WARNING in calinput: no elastic constants 
  were assigned to material MASS
          in a (thermo)mechanical calculation

 *WARNING in calinput: no elastic constants 
  were assigned to material MASS
          in a (thermo)mechanical calculation

 *WARNING in calinput: no elastic constants 
  were assigned to material MASS
          in a (thermo)mechanical calculation

 *WARNING in calinput: no elastic constants 
  were assigned to material MASS
          in a (thermo)mechanical calculation

 *WARNING in calinput: no elastic constants 
  were assigned to material MASS
          in a (thermo)mechanical calculation

 *WARNING in calinput: no elastic constants 
  were assigned to material MASS
          in a (thermo)mechanical calculation

 *WARNING in calinput: no elastic constants 
  were assigned to material MASS
          in a (thermo)mechanical calculation

 *WARNING in calinput: no elastic constants 
  were assigned to material MASS
          in a (thermo)mechanical calculation

 *WARNING in calinput: no elastic constants 
  were assigned to material MASS
          in a (thermo)mechanical calculation

 *WARNING in calinput: no elastic constants 
  were assigned to material MASS
          in a (thermo)mechanical calculation

 *WARNING in calinput: no elastic constants 
  were assigned to material MASS
          in a (thermo)mechanical calculation

 *WARNING in calinput: no elastic constants 
  were assigned to material MASS
          in a (thermo)mechanical calculation

 *WARNING in calinput: no elastic constants 
  were assigned to material MASS
          in a (thermo)mechanical calculation

 *WARNING in calinput: no elastic constants 
  were assigned to material MASS
          in a (thermo)mechanical calculation

 *WARNING in calinput: no elastic constants 
  were assigned to material MASS
          in a (thermo)mechanical calculation

 *WARNING in calinput: no elastic constants 
  were assigned to material MASS
          in a (thermo)mechanical calculation

 *WARNING in calinput: no elastic constants 
  were assigned to material MASS
          in a (thermo)mechanical calculation

 *WARNING in calinput: no elastic constants 
  were assigned to material MASS
          in a (thermo)mechanical calculation

 *WARNING in calinput: no elastic constants 
  were assigned to material MASS
          in a (thermo)mechanical calculation

 *WARNING in calinput: no elastic constants 
  were assigned to material MASS
          in a (thermo)mechanical calculation

 *WARNING in calinput: no elastic constants 
  were assigned to material MASS
          in a (thermo)mechanical calculation

 *WARNING in calinput: no elastic constants 
  were assigned to material MASS
          in a (thermo)mechanical calculation

 *WARNING in calinput: no elastic constants 
  were assigned to material MASS
          in a (thermo)mechanical calculation

 *WARNING in calinput: no elastic constants 
  were assigned to material MASS
          in a (thermo)mechanical calculation

 *WARNING in calinput: no elastic constants 
  were assigned to material MASS
          in a (thermo)mechanical calculation

 *WARNING in calinput: no elastic constants 
  were assigned to material MASS
          in a (thermo)mechanical calculation

 *WARNING in calinput: no elastic constants 
  were assigned to material MASS
          in a (thermo)mechanical calculation

 *WARNING in calinput: no elastic constants 
  were assigned to material MASS
          in a (thermo)mechanical calculation

 *WARNING in calinput: no elastic constants 
  were assigned to material MASS
          in a (thermo)mechanical calculation

 *WARNING in calinput: no elastic constants 
  were assigned to material MASS
          in a (thermo)mechanical calculation

 *WARNING in calinput: no elastic constants 
  were assigned to material MASS
          in a (thermo)mechanical calculation

 *WARNING in calinput: no elastic constants 
  were assigned to material MASS
          in a (thermo)mechanical calculation

 *WARNING in calinput: no elastic constants 
  were assigned to material MASS
          in a (thermo)mechanical calculation

 *WARNING in calinput: no elastic constants 
  were assigned to material MASS
          in a (thermo)mechanical calculation

 *WARNING in calinput: no elastic constants 
  were assigned to material MASS
          in a (thermo)mechanical calculation

 *WARNING in calinput: no elastic constants 
  were assigned to material MASS
          in a (thermo)mechanical calculation

 *WARNING in calinput: no elastic constants 
  were assigned to material MASS
          in a (thermo)mechanical calculation

 *WARNING in calinput: no elastic constants 
  were assigned to material MASS
          in a (thermo)mechanical calculation

 *WARNING in calinput: no elastic constants 
  were assigned to material MASS
          in a (thermo)mechanical calculation

 *WARNING in calinput: no elastic constants 
  were assigned to material MASS
          in a (thermo)mechanical calculation

 *WARNING in calinput: no elastic constants 
  were assigned to material MASS
          in a (thermo)mechanical calculation

 *WARNING in calinput: no elastic constants 
  were assigned to material MASS
          in a (thermo)mechanical calculation

 *WARNING in calinput: no elastic constants 
  were assigned to material MASS
          in a (thermo)mechanical calculation

 *WARNING in calinput: no elastic constants 
  were assigned to material MASS
          in a (thermo)mechanical calculation

 *WARNING in calinput: no elastic constants 
  were assigned to material MASS
          in a (thermo)mechanical calculation

 *WARNING in calinput: no elastic constants 
  were assigned to material MASS
          in a (thermo)mechanical calculation

 *WARNING in calinput: no elastic constants 
  were assigned to material MASS
          in a (thermo)mechanical calculation

 *WARNING in calinput: no elastic constants 
  were assigned to material MASS
          in a (thermo)mechanical calculation

 *WARNING in calinput: no elastic constants 
  were assigned to material MASS
          in a (thermo)mechanical calculation

 *WARNING in calinput: no elastic constants 
  were assigned to material MASS
          in a (thermo)mechanical calculation

 *WARNING in calinput: no elastic constants 
  were assigned to material MASS
          in a (thermo)mechanical calculation

 *WARNING in calinput: no elastic constants 
  were assigned to material MASS
          in a (thermo)mechanical calculation

 *WARNING in calinput: no elastic constants 
  were assigned to material MASS
          in a (thermo)mechanical calculation

 *WARNING in calinput: no elastic constants 
  were assigned to material MASS
          in a (thermo)mechanical calculation

 *WARNING in calinput: no elastic constants 
  were assigned to material MASS
          in a (thermo)mechanical calculation

 *WARNING in calinput: no elastic constants 
  were assigned to material MASS
          in a (thermo)mechanical calculation

 *WARNING in calinput: no elastic constants 
  were assigned to material MASS
          in a (thermo)mechanical calculation

 *WARNING in calinput: no elastic constants 
  were assigned to material MASS
          in a (thermo)mechanical calculation

 *WARNING in calinput: no elastic constants 
  were assigned to material MASS
          in a (thermo)mechanical calculation

 *WARNING in calinput: no elastic constants 
  were assigned to material MASS
          in a (thermo)mechanical calculation

 *WARNING in calinput: no elastic constants 
  were assigned to material MASS
          in a (thermo)mechanical calculation

 *WARNING in calinput: no elastic constants 
  were assigned to material MASS
          in a (thermo)mechanical calculation

 *WARNING in calinput: no elastic constants 
  were assigned to material MASS
          in a (thermo)mechanical calculation

 *WARNING in calinput: no elastic constants 
  were assigned to material MASS
          in a (thermo)mechanical calculation

 *WARNING in calinput: no elastic constants 
  were assigned to material MASS
          in a (thermo)mechanical calculation

 *WARNING in calinput: no elastic constants 
  were assigned to material MASS
          in a (thermo)mechanical calculation

 *WARNING in calinput: no elastic constants 
  were assigned to material MASS
          in a (thermo)mechanical calculation

 *WARNING in calinput: no elastic constants 
  were assigned to material MASS
          in a (thermo)mechanical calculation

 *WARNING in calinput: no elastic constants 
  were assigned to material MASS
          in a (thermo)mechanical calculation

 *WARNING in calinput: no elastic constants 
  were assigned to material MASS
          in a (thermo)mechanical calculation

 *WARNING in calinput: no elastic constants 
  were assigned to material MASS
          in a (thermo)mechanical calculation

 *WARNING in calinput: no elastic constants 
  were assigned to material MASS
          in a (thermo)mechanical calculation

 *WARNING in calinput: no elastic constants 
  were assigned to material MASS
          in a (thermo)mechanical calculation

 *WARNING in calinput: no elastic constants 
  were assigned to material MASS
          in a (thermo)mechanical calculation

 *WARNING in calinput: no elastic constants 
  were assigned to material MASS
          in a (thermo)mechanical calculation

 *WARNING in calinput: no elastic constants 
  were assigned to material MASS
          in a (thermo)mechanical calculation

 *WARNING in calinput: no elastic constants 
  were assigned to material MASS
          in a (thermo)mechanical calculation

 *WARNING in calinput: no elastic constants 
  were assigned to material MASS
          in a (thermo)mechanical calculation

 *WARNING in calinput: no elastic constants 
  were assigned to material MASS
          in a (thermo)mechanical calculation

 *WARNING in calinput: no elastic constants 
  were assigned to material MASS
          in a (thermo)mechanical calculation

 *WARNING in calinput: no elastic constants 
  were assigned to material MASS
          in a (thermo)mechanical calculation

 *WARNING in calinput: no elastic constants 
  were assigned to material MASS
          in a (thermo)mechanical calculation

 *WARNING in calinput: no elastic constants 
  were assigned to material MASS
          in a (thermo)mechanical calculation

 *WARNING in calinput: no elastic constants 
  were assigned to material MASS
          in a (thermo)mechanical calculation

 *WARNING in calinput: no elastic constants 
  were assigned to material MASS
          in a (thermo)mechanical calculation

 *WARNING in calinput: no elastic constants 
  were assigned to material MASS
          in a (thermo)mechanical calculation

 *WARNING in calinput: no elastic constants 
  were assigned to material MASS
          in a (thermo)mechanical calculation

 *WARNING in calinput: no elastic constants 
  were assigned to material MASS
          in a (thermo)mechanical calculation

 *WARNING in calinput: no elastic constants 
  were assigned to material MASS
          in a (thermo)mechanical calculation

 *WARNING in calinput: no elastic constants 
  were assigned to material MASS
          in a (thermo)mechanical calculation

 *WARNING in calinput: no elastic constants 
  were assigned to material MASS
          in a (thermo)mechanical calculation

 *WARNING in calinput: no elastic constants 
  were assigned to material MASS
          in a (thermo)mechanical calculation

 *WARNING in calinput: no elastic constants 
  were assigned to material MASS
          in a (thermo)mechanical calculation

 *WARNING in calinput: no elastic constants 
  were assigned to material MASS
          in a (thermo)mechanical calculation

 *WARNING in calinput: no elastic constants 
  were assigned to material MASS
          in a (thermo)mechanical calculation

 *WARNING in calinput: no elastic constants 
  were assigned to material MASS
          in a (thermo)mechanical calculation

 *WARNING in calinput: no elastic constants 
  were assigned to material MASS
          in a (thermo)mechanical calculation

 *WARNING in calinput: no elastic constants 
  were assigned to material MASS
          in a (thermo)mechanical calculation

 *WARNING in calinput: no elastic constants 
  were assigned to material MASS
          in a (thermo)mechanical calculation

 *WARNING in calinput: no elastic constants 
  were assigned to material MASS
          in a (thermo)mechanical calculation

 *WARNING in calinput: no elastic constants 
  were assigned to material MASS
          in a (thermo)mechanical calculation

 *WARNING in calinput: no elastic constants 
  were assigned to material MASS
          in a (thermo)mechanical calculation

 *WARNING in calinput: no elastic constants 
  were assigned to material MASS
          in a (thermo)mechanical calculation

 *WARNING in calinput: no elastic constants 
  were assigned to material MASS
          in a (thermo)mechanical calculation

 *WARNING in calinput: no elastic constants 
  were assigned to material MASS
          in a (thermo)mechanical calculation

 *WARNING in calinput: no elastic constants 
  were assigned to material MASS
          in a (thermo)mechanical calculation

 *WARNING in calinput: no elastic constants 
  were assigned to material MASS
          in a (thermo)mechanical calculation

 *WARNING in calinput: no elastic constants 
  were assigned to material MASS
          in a (thermo)mechanical calculation

 *WARNING in calinput: no elastic constants 
  were assigned to material MASS
          in a (thermo)mechanical calculation

 *WARNING in calinput: no elastic constants 
  were assigned to material MASS
          in a (thermo)mechanical calculation

 *WARNING in calinput: no elastic constants 
  were assigned to material MASS
          in a (thermo)mechanical calculation

 *WARNING in calinput: no elastic constants 
  were assigned to material MASS
          in a (thermo)mechanical calculation


 STEP            1

 Static analysis was selected

 Newton-Raphson iterative procedure is active

 Nonlinear geometric effects are taken into account

 Decascading the MPC's

*INFO in cascade: linear MPCs and
       nonlinear MPCs depend on each other
       common node: 1258 in direction 1

 increment 1 attempt 1 
 increment size= 1.000000e-03
 sum of previous increments=0.000000e+00
 actual step time=1.000000e-03
 actual total time=1.000000e-03

 iteration 1

 Decascading the MPC's

*INFO in cascade: linear MPCs and
       nonlinear MPCs depend on each other
       common node: 1258 in direction 1

 Determining the structure of the matrix:
 number of equations
 16516
 number of nonzero lower triangular matrix elements
 390038

 Using up to 1 cpu(s) for the stress calculation.

 Using up to 1 cpu(s) for the symmetric stiffness/mass contributions.

 Factoring the system of equations using the symmetric spooles solver
 Using up to 1 cpu(s) for spooles.

 Using up to 1 cpu(s) for the stress calculation.

 average force= 40.641212
 time avg. forc= 40.641212
 largest residual force= 6675.886623 in node 10349 and dof 1
 largest increment of disp= 1.356173e+00
 largest correction to disp= 1.356173e+00 in node 593 and dof 3

 no convergence

 iteration 2

 Decascading the MPC's

*INFO in cascade: linear MPCs and
       nonlinear MPCs depend on each other
       common node: 1258 in direction 1

 Determining the structure of the matrix:
 number of equations
 16543
 number of nonzero lower triangular matrix elements
 392990

 Using up to 1 cpu(s) for the stress calculation.

 Using up to 1 cpu(s) for the symmetric stiffness/mass contributions.

 Factoring the system of equations using the symmetric spooles solver
 Using up to 1 cpu(s) for spooles.

 Using up to 1 cpu(s) for the stress calculation.

 average force= 39.928944
 time avg. forc= 39.928944
 largest residual force= 13505.500823 in node 1040 and dof 1
 largest increment of disp= 1.356173e+00
 largest correction to disp= 2.186783e-01 in node 690 and dof 3

 no convergence

 iteration 3

 Decascading the MPC's

*INFO in cascade: linear MPCs and
       nonlinear MPCs depend on each other
       common node: 1258 in direction 1

 Determining the structure of the matrix:
 number of equations
 16543
 number of nonzero lower triangular matrix elements
 392990

 Using up to 1 cpu(s) for the stress calculation.

 Using up to 1 cpu(s) for the symmetric stiffness/mass contributions.

 Factoring the system of equations using the symmetric spooles solver
 Using up to 1 cpu(s) for spooles.

 Using up to 1 cpu(s) for the stress calculation.

 average force= 39.924514
 time avg. forc= 39.924514
 largest residual force= 13227.906736 in node 1040 and dof 1
 largest increment of disp= 1.356173e+00
 largest correction to disp= 6.912968e-04 in node 593 and dof 3

 no convergence

 iteration 4

 Decascading the MPC's

*INFO in cascade: linear MPCs and
       nonlinear MPCs depend on each other
       common node: 1258 in direction 1

 Determining the structure of the matrix:
 number of equations
 16543
 number of nonzero lower triangular matrix elements
 392990

 Using up to 1 cpu(s) for the stress calculation.

 Using up to 1 cpu(s) for the symmetric stiffness/mass contributions.

 Factoring the system of equations using the symmetric spooles solver
 Using up to 1 cpu(s) for spooles.

 Using up to 1 cpu(s) for the stress calculation.

 average force= 39.924486
 time avg. forc= 39.924486
 largest residual force= 13222.065862 in node 1040 and dof 1
 largest increment of disp= 1.356173e+00
 largest correction to disp= 1.612929e-07 in node 10134 and dof 1

 no convergence

 iteration 5

 Decascading the MPC's

*INFO in cascade: linear MPCs and
       nonlinear MPCs depend on each other
       common node: 1258 in direction 1

 Determining the structure of the matrix:
 number of equations
 16543
 number of nonzero lower triangular matrix elements
 392990

 Using up to 1 cpu(s) for the stress calculation.

 Using up to 1 cpu(s) for the symmetric stiffness/mass contributions.

 Factoring the system of equations using the symmetric spooles solver
 Using up to 1 cpu(s) for spooles.

 Using up to 1 cpu(s) for the stress calculation.

 average force= 39.924486
 time avg. forc= 39.924486
 largest residual force= 13222.065783 in node 1040 and dof 1
 largest increment of disp= 1.356173e+00
 largest correction to disp= 2.507001e-08 in node 10134 and dof 1

 no convergence

 iteration 6

 Decascading the MPC's

*INFO in cascade: linear MPCs and
       nonlinear MPCs depend on each other
       common node: 1258 in direction 1

 Determining the structure of the matrix:
 number of equations
 16543
 number of nonzero lower triangular matrix elements
 392990

 Using up to 1 cpu(s) for the stress calculation.

 Using up to 1 cpu(s) for the symmetric stiffness/mass contributions.

 Factoring the system of equations using the symmetric spooles solver
 Using up to 1 cpu(s) for spooles.

 Using up to 1 cpu(s) for the stress calculation.

 average force= 39.924486
 time avg. forc= 39.924486
 largest residual force= 13222.065783 in node 1040 and dof 1
 largest increment of disp= 1.356173e+00
 largest correction to disp= 1.299559e-08 in node 892 and dof 1

 no convergence

 iteration 7

 Decascading the MPC's

*INFO in cascade: linear MPCs and
       nonlinear MPCs depend on each other
       common node: 1258 in direction 1

 Determining the structure of the matrix:
 number of equations
 16543
 number of nonzero lower triangular matrix elements
 392990

 Using up to 1 cpu(s) for the stress calculation.

 Using up to 1 cpu(s) for the symmetric stiffness/mass contributions.

 Factoring the system of equations using the symmetric spooles solver
 Using up to 1 cpu(s) for spooles.

 Using up to 1 cpu(s) for the stress calculation.

 average force= 39.924486
 time avg. forc= 39.924486
 largest residual force= 13222.065783 in node 1040 and dof 1
 largest increment of disp= 1.356173e+00
 largest correction to disp= 1.293874e-08 in node 10134 and dof 1

 no convergence

 iteration 8

 Decascading the MPC's

*INFO in cascade: linear MPCs and
       nonlinear MPCs depend on each other
       common node: 1258 in direction 1

 Determining the structure of the matrix:
 number of equations
 16543
 number of nonzero lower triangular matrix elements
 392990

 Using up to 1 cpu(s) for the stress calculation.

 Using up to 1 cpu(s) for the symmetric stiffness/mass contributions.

 Factoring the system of equations using the symmetric spooles solver
 Using up to 1 cpu(s) for spooles.

 Using up to 1 cpu(s) for the stress calculation.

 average force= 39.924486
 time avg. forc= 39.924486
 largest residual force= 13222.065783 in node 1040 and dof 1
 largest increment of disp= 1.356173e+00
 largest correction to disp= 1.288027e-08 in node 10134 and dof 1

 no convergence

 iteration 9

 Decascading the MPC's

*INFO in cascade: linear MPCs and
       nonlinear MPCs depend on each other
       common node: 1258 in direction 1

 Determining the structure of the matrix:
 number of equations
 16543
 number of nonzero lower triangular matrix elements
 392990

 Using up to 1 cpu(s) for the stress calculation.

 Using up to 1 cpu(s) for the symmetric stiffness/mass contributions.

 Factoring the system of equations using the symmetric spooles solver
 Using up to 1 cpu(s) for spooles.

 Using up to 1 cpu(s) for the stress calculation.

 average force= 39.924486
 time avg. forc= 39.924486
 largest residual force= 13222.065783 in node 1040 and dof 1
 largest increment of disp= 1.356173e+00
 largest correction to disp= 1.292849e-08 in node 892 and dof 1

 no convergence

 iteration 10

 Decascading the MPC's

*INFO in cascade: linear MPCs and
       nonlinear MPCs depend on each other
       common node: 1258 in direction 1

 Determining the structure of the matrix:
 number of equations
 16543
 number of nonzero lower triangular matrix elements
 392990

 Using up to 1 cpu(s) for the stress calculation.

 Using up to 1 cpu(s) for the symmetric stiffness/mass contributions.

 Factoring the system of equations using the symmetric spooles solver
 Using up to 1 cpu(s) for spooles.

 Using up to 1 cpu(s) for the stress calculation.

 average force= 39.924486
 time avg. forc= 39.924486
 largest residual force= 13222.065783 in node 1040 and dof 1
 largest increment of disp= 1.356173e+00
 largest correction to disp= 1.280951e-08 in node 892 and dof 1

 divergence; the increment size is decreased to 2.500000e-04
 the increment is reattempted

 increment 1 attempt 2 
 increment size= 2.500000e-04
 sum of previous increments=0.000000e+00
 actual step time=2.500000e-04
 actual total time=2.500000e-04

 iteration 1

 Decascading the MPC's

*INFO in cascade: linear MPCs and
       nonlinear MPCs depend on each other
       common node: 1258 in direction 1

 Determining the structure of the matrix:
 number of equations
 16516
 number of nonzero lower triangular matrix elements
 390038

 Using up to 1 cpu(s) for the stress calculation.

 Using up to 1 cpu(s) for the symmetric stiffness/mass contributions.

 Factoring the system of equations using the symmetric spooles solver
 Using up to 1 cpu(s) for spooles.

 Using up to 1 cpu(s) for the stress calculation.

 average force= 10.006226
 time avg. forc= 10.006226
 largest residual force= 525.379785 in node 10275 and dof 1
 largest increment of disp= 3.912491e-01
 largest correction to disp= 3.912491e-01 in node 690 and dof 3

 no convergence

 iteration 2

 Decascading the MPC's

*INFO in cascade: linear MPCs and
       nonlinear MPCs depend on each other
       common node: 1258 in direction 1

 Determining the structure of the matrix:
 number of equations
 16541
 number of nonzero lower triangular matrix elements
 392838

 Using up to 1 cpu(s) for the stress calculation.

 Using up to 1 cpu(s) for the symmetric stiffness/mass contributions.

 Factoring the system of equations using the symmetric spooles solver
 Using up to 1 cpu(s) for spooles.

 Using up to 1 cpu(s) for the stress calculation.

 average force= 9.989802
 time avg. forc= 9.989802
 largest residual force= 3378.147708 in node 1007 and dof 1
 largest increment of disp= 3.912491e-01
 largest correction to disp= 1.639649e-02 in node 593 and dof 3

 no convergence

 iteration 3

 Decascading the MPC's

*INFO in cascade: linear MPCs and
       nonlinear MPCs depend on each other
       common node: 1258 in direction 1

 Determining the structure of the matrix:
 number of equations
 16541
 number of nonzero lower triangular matrix elements
 392838

 Using up to 1 cpu(s) for the stress calculation.

 Using up to 1 cpu(s) for the symmetric stiffness/mass contributions.

 Factoring the system of equations using the symmetric spooles solver
 Using up to 1 cpu(s) for spooles.

 Using up to 1 cpu(s) for the stress calculation.

 average force= 9.989706
 time avg. forc= 9.989706
 largest residual force= 3359.055049 in node 1040 and dof 1
 largest increment of disp= 3.912491e-01
 largest correction to disp= 4.583123e-06 in node 780 and dof 3

 no convergence

 iteration 4

 Decascading the MPC's

*INFO in cascade: linear MPCs and
       nonlinear MPCs depend on each other
       common node: 1258 in direction 1

 Determining the structure of the matrix:
 number of equations
 16541
 number of nonzero lower triangular matrix elements
 392838

 Using up to 1 cpu(s) for the stress calculation.

 Using up to 1 cpu(s) for the symmetric stiffness/mass contributions.

 Factoring the system of equations using the symmetric spooles solver
 Using up to 1 cpu(s) for spooles.

 Using up to 1 cpu(s) for the stress calculation.

 average force= 9.989705
 time avg. forc= 9.989705
 largest residual force= 3359.023170 in node 1040 and dof 1
 largest increment of disp= 3.912491e-01
 largest correction to disp= 1.580042e-09 in node 9673 and dof 1

 no convergence

 iteration 5

 Decascading the MPC's

*INFO in cascade: linear MPCs and
       nonlinear MPCs depend on each other
       common node: 1258 in direction 1

 Determining the structure of the matrix:
 number of equations
 16541
 number of nonzero lower triangular matrix elements
 392838

 Using up to 1 cpu(s) for the stress calculation.

 Using up to 1 cpu(s) for the symmetric stiffness/mass contributions.

 Factoring the system of equations using the symmetric spooles solver
 Using up to 1 cpu(s) for spooles.

 Using up to 1 cpu(s) for the stress calculation.

 average force= 9.989705
 time avg. forc= 9.989705
 largest residual force= 3359.023170 in node 1040 and dof 1
 largest increment of disp= 3.912491e-01
 largest correction to disp= 1.618069e-09 in node 9673 and dof 1

 no convergence

 iteration 6

 Decascading the MPC's

*INFO in cascade: linear MPCs and
       nonlinear MPCs depend on each other
       common node: 1258 in direction 1

 Determining the structure of the matrix:
 number of equations
 16541
 number of nonzero lower triangular matrix elements
 392838

 Using up to 1 cpu(s) for the stress calculation.

 Using up to 1 cpu(s) for the symmetric stiffness/mass contributions.

 Factoring the system of equations using the symmetric spooles solver
 Using up to 1 cpu(s) for spooles.

 Using up to 1 cpu(s) for the stress calculation.

 average force= 9.989705
 time avg. forc= 9.989705
 largest residual force= 3359.023170 in node 1040 and dof 1
 largest increment of disp= 3.912491e-01
 largest correction to disp= 4.734934e-10 in node 1697 and dof 1

 no convergence

 iteration 7

 Decascading the MPC's

*INFO in cascade: linear MPCs and
       nonlinear MPCs depend on each other
       common node: 1258 in direction 1

 Determining the structure of the matrix:
 number of equations
 16541
 number of nonzero lower triangular matrix elements
 392838

 Using up to 1 cpu(s) for the stress calculation.

 Using up to 1 cpu(s) for the symmetric stiffness/mass contributions.

 Factoring the system of equations using the symmetric spooles solver
 Using up to 1 cpu(s) for spooles.

 Using up to 1 cpu(s) for the stress calculation.

 average force= 9.989705
 time avg. forc= 9.989705
 largest residual force= 3359.023170 in node 1040 and dof 1
 largest increment of disp= 3.912491e-01
 largest correction to disp= 4.468222e-10 in node 1697 and dof 1

 no convergence

 iteration 8

 Decascading the MPC's

*INFO in cascade: linear MPCs and
       nonlinear MPCs depend on each other
       common node: 1258 in direction 1

 Determining the structure of the matrix:
 number of equations
 16541
 number of nonzero lower triangular matrix elements
 392838

 Using up to 1 cpu(s) for the stress calculation.

 Using up to 1 cpu(s) for the symmetric stiffness/mass contributions.

 Factoring the system of equations using the symmetric spooles solver
 Using up to 1 cpu(s) for spooles.

 Using up to 1 cpu(s) for the stress calculation.

 average force= 9.989705
 time avg. forc= 9.989705
 largest residual force= 3359.023170 in node 1040 and dof 1
 largest increment of disp= 3.912491e-01
 largest correction to disp= 7.630191e-10 in node 1697 and dof 1

 divergence; the increment size is decreased to 6.250000e-05
 the increment is reattempted

 increment 1 attempt 3 
 increment size= 6.250000e-05
 sum of previous increments=0.000000e+00
 actual step time=6.250000e-05
 actual total time=6.250000e-05

 iteration 1

 Decascading the MPC's

*INFO in cascade: linear MPCs and
       nonlinear MPCs depend on each other
       common node: 1258 in direction 1

 Determining the structure of the matrix:
 number of equations
 16516
 number of nonzero lower triangular matrix elements
 390038

 Using up to 1 cpu(s) for the stress calculation.

 Using up to 1 cpu(s) for the symmetric stiffness/mass contributions.

 Factoring the system of equations using the symmetric spooles solver
 Using up to 1 cpu(s) for spooles.

 Using up to 1 cpu(s) for the stress calculation.

 average force= 2.494276
 time avg. forc= 2.494276
 largest residual force= 34.997730 in node 10275 and dof 1
 largest increment of disp= 1.017301e-01
 largest correction to disp= 1.017301e-01 in node 690 and dof 3

 no convergence

 iteration 2

 Decascading the MPC's

*INFO in cascade: linear MPCs and
       nonlinear MPCs depend on each other
       common node: 1258 in direction 1

 Determining the structure of the matrix:
 number of equations
 16516
 number of nonzero lower triangular matrix elements
 390038

 Using up to 1 cpu(s) for the stress calculation.

 Using up to 1 cpu(s) for the symmetric stiffness/mass contributions.

 Factoring the system of equations using the symmetric spooles solver
 Using up to 1 cpu(s) for spooles.

 Using up to 1 cpu(s) for the stress calculation.

 average force= 2.497993
 time avg. forc= 2.497993
 largest residual force= 844.616516 in node 1040 and dof 1
 largest increment of disp= 1.017301e-01
 largest correction to disp= 1.075917e-03 in node 593 and dof 3

 no convergence

 iteration 3

 Decascading the MPC's

*INFO in cascade: linear MPCs and
       nonlinear MPCs depend on each other
       common node: 1258 in direction 1

 Determining the structure of the matrix:
 number of equations
 16516
 number of nonzero lower triangular matrix elements
 390038

 Using up to 1 cpu(s) for the stress calculation.

 Using up to 1 cpu(s) for the symmetric stiffness/mass contributions.

 Factoring the system of equations using the symmetric spooles solver
 Using up to 1 cpu(s) for spooles.

 Using up to 1 cpu(s) for the stress calculation.

 average force= 2.497987
 time avg. forc= 2.497987
 largest residual force= 843.397668 in node 1040 and dof 1
 largest increment of disp= 1.017301e-01
 largest correction to disp= 2.061578e-08 in node 690 and dof 3

 no convergence

 iteration 4

 Decascading the MPC's

*INFO in cascade: linear MPCs and
       nonlinear MPCs depend on each other
       common node: 1258 in direction 1

 Determining the structure of the matrix:
 number of equations
 16516
 number of nonzero lower triangular matrix elements
 390038

 Using up to 1 cpu(s) for the stress calculation.

 Using up to 1 cpu(s) for the symmetric stiffness/mass contributions.

 Factoring the system of equations using the symmetric spooles solver
 Using up to 1 cpu(s) for spooles.

 Using up to 1 cpu(s) for the stress calculation.

 average force= 2.497987
 time avg. forc= 2.497987
 largest residual force= 843.397533 in node 1040 and dof 1
 largest increment of disp= 1.017301e-01
 largest correction to disp= 9.893111e-11 in node 288 and dof 2

 no convergence

 iteration 5

 Decascading the MPC's

*INFO in cascade: linear MPCs and
       nonlinear MPCs depend on each other
       common node: 1258 in direction 1

 Determining the structure of the matrix:
 number of equations
 16516
 number of nonzero lower triangular matrix elements
 390038

 Using up to 1 cpu(s) for the stress calculation.

 Using up to 1 cpu(s) for the symmetric stiffness/mass contributions.

 Factoring the system of equations using the symmetric spooles solver
 Using up to 1 cpu(s) for spooles.

 Using up to 1 cpu(s) for the stress calculation.

 average force= 2.497987
 time avg. forc= 2.497987
 largest residual force= 843.397533 in node 1040 and dof 1
 largest increment of disp= 1.017301e-01
 largest correction to disp= 2.701098e-11 in node 288 and dof 1

 no convergence

 iteration 6

 Decascading the MPC's

*INFO in cascade: linear MPCs and
       nonlinear MPCs depend on each other
       common node: 1258 in direction 1

 Determining the structure of the matrix:
 number of equations
 16516
 number of nonzero lower triangular matrix elements
 390038

 Using up to 1 cpu(s) for the stress calculation.

 Using up to 1 cpu(s) for the symmetric stiffness/mass contributions.

 Factoring the system of equations using the symmetric spooles solver
 Using up to 1 cpu(s) for spooles.

 Using up to 1 cpu(s) for the stress calculation.

 average force= 2.497987
 time avg. forc= 2.497987
 largest residual force= 843.397533 in node 1040 and dof 1
 largest increment of disp= 1.017301e-01
 largest correction to disp= 2.701819e-11 in node 288 and dof 2

 no convergence

 iteration 7

 Decascading the MPC's

*INFO in cascade: linear MPCs and
       nonlinear MPCs depend on each other
       common node: 1258 in direction 1

 Determining the structure of the matrix:
 number of equations
 16516
 number of nonzero lower triangular matrix elements
 390038

 Using up to 1 cpu(s) for the stress calculation.

 Using up to 1 cpu(s) for the symmetric stiffness/mass contributions.

 Factoring the system of equations using the symmetric spooles solver
 Using up to 1 cpu(s) for spooles.

 Using up to 1 cpu(s) for the stress calculation.

 average force= 2.497987
 time avg. forc= 2.497987
 largest residual force= 843.397533 in node 1040 and dof 1
 largest increment of disp= 1.017301e-01
 largest correction to disp= 4.923352e-11 in node 315 and dof 2

 divergence; the increment size is decreased to 1.562500e-05
 the increment is reattempted

 increment 1 attempt 4 
 increment size= 1.562500e-05
 sum of previous increments=0.000000e+00
 actual step time=1.562500e-05
 actual total time=1.562500e-05

 iteration 1

 Decascading the MPC's

*INFO in cascade: linear MPCs and
       nonlinear MPCs depend on each other
       common node: 1258 in direction 1

 Determining the structure of the matrix:
 number of equations
 16516
 number of nonzero lower triangular matrix elements
 390038

 Using up to 1 cpu(s) for the stress calculation.

 Using up to 1 cpu(s) for the symmetric stiffness/mass contributions.

 Factoring the system of equations using the symmetric spooles solver
 Using up to 1 cpu(s) for spooles.

 Using up to 1 cpu(s) for the stress calculation.

 average force= 0.623528
 time avg. forc= 0.623528
 largest residual force= 2.223477 in node 10275 and dof 1
 largest increment of disp= 2.568979e-02
 largest correction to disp= 2.568979e-02 in node 690 and dof 3

 no convergence

 iteration 2

 Decascading the MPC's

*INFO in cascade: linear MPCs and
       nonlinear MPCs depend on each other
       common node: 1258 in direction 1

 Determining the structure of the matrix:
 number of equations
 16516
 number of nonzero lower triangular matrix elements
 390038

 Using up to 1 cpu(s) for the stress calculation.

 Using up to 1 cpu(s) for the symmetric stiffness/mass contributions.

 Factoring the system of equations using the symmetric spooles solver
 Using up to 1 cpu(s) for spooles.

 Using up to 1 cpu(s) for the stress calculation.

 average force= 0.624532
 time avg. forc= 0.624532
 largest residual force= 211.158508 in node 1007 and dof 1
 largest increment of disp= 2.568979e-02
 largest correction to disp= 6.808637e-05 in node 593 and dof 3

 no convergence

 iteration 3

 Decascading the MPC's

*INFO in cascade: linear MPCs and
       nonlinear MPCs depend on each other
       common node: 1258 in direction 1

 Determining the structure of the matrix:
 number of equations
 16516
 number of nonzero lower triangular matrix elements
 390038

 Using up to 1 cpu(s) for the stress calculation.

 Using up to 1 cpu(s) for the symmetric stiffness/mass contributions.

 Factoring the system of equations using the symmetric spooles solver
 Using up to 1 cpu(s) for spooles.

 Using up to 1 cpu(s) for the stress calculation.

 average force= 0.624532
 time avg. forc= 0.624532
 largest residual force= 211.081942 in node 1040 and dof 1
 largest increment of disp= 2.568979e-02
 largest correction to disp= 8.839138e-11 in node 683 and dof 3

 no convergence

 iteration 4

 Decascading the MPC's

*INFO in cascade: linear MPCs and
       nonlinear MPCs depend on each other
       common node: 1258 in direction 1

 Determining the structure of the matrix:
 number of equations
 16516
 number of nonzero lower triangular matrix elements
 390038

 Using up to 1 cpu(s) for the stress calculation.

 Using up to 1 cpu(s) for the symmetric stiffness/mass contributions.

 Factoring the system of equations using the symmetric spooles solver
 Using up to 1 cpu(s) for spooles.

 Using up to 1 cpu(s) for the stress calculation.

 average force= 0.624532
 time avg. forc= 0.624532
 largest residual force= 211.081942 in node 1040 and dof 1
 largest increment of disp= 2.568979e-02
 largest correction to disp= 6.111611e-11 in node 315 and dof 1

 no convergence

 iteration 5

 Decascading the MPC's

*INFO in cascade: linear MPCs and
       nonlinear MPCs depend on each other
       common node: 1258 in direction 1

 Determining the structure of the matrix:
 number of equations
 16516
 number of nonzero lower triangular matrix elements
 390038

 Using up to 1 cpu(s) for the stress calculation.

 Using up to 1 cpu(s) for the symmetric stiffness/mass contributions.

 Factoring the system of equations using the symmetric spooles solver
 Using up to 1 cpu(s) for spooles.

 Using up to 1 cpu(s) for the stress calculation.

 average force= 0.624532
 time avg. forc= 0.624532
 largest residual force= 211.081942 in node 1040 and dof 1
 largest increment of disp= 2.568979e-02
 largest correction to disp= 1.057598e-10 in node 288 and dof 2

 no convergence

 iteration 6

 Decascading the MPC's

*INFO in cascade: linear MPCs and
       nonlinear MPCs depend on each other
       common node: 1258 in direction 1

 Determining the structure of the matrix:
 number of equations
 16516
 number of nonzero lower triangular matrix elements
 390038

 Using up to 1 cpu(s) for the stress calculation.

 Using up to 1 cpu(s) for the symmetric stiffness/mass contributions.

 Factoring the system of equations using the symmetric spooles solver
 Using up to 1 cpu(s) for spooles.

 Using up to 1 cpu(s) for the stress calculation.

 average force= 0.624532
 time avg. forc= 0.624532
 largest residual force= 211.081942 in node 1040 and dof 1
 largest increment of disp= 2.568979e-02
 largest correction to disp= 2.018170e-11 in node 288 and dof 1

 no convergence

 iteration 7

 Decascading the MPC's

*INFO in cascade: linear MPCs and
       nonlinear MPCs depend on each other
       common node: 1258 in direction 1

 Determining the structure of the matrix:
 number of equations
 16516
 number of nonzero lower triangular matrix elements
 390038

 Using up to 1 cpu(s) for the stress calculation.

 Using up to 1 cpu(s) for the symmetric stiffness/mass contributions.

 Factoring the system of equations using the symmetric spooles solver
 Using up to 1 cpu(s) for spooles.

 Using up to 1 cpu(s) for the stress calculation.

 average force= 0.624532
 time avg. forc= 0.624532
 largest residual force= 211.081942 in node 1040 and dof 1
 largest increment of disp= 2.568979e-02
 largest correction to disp= 2.018519e-11 in node 288 and dof 2

 no convergence

 iteration 8

 Decascading the MPC's

*INFO in cascade: linear MPCs and
       nonlinear MPCs depend on each other
       common node: 1258 in direction 1

 Determining the structure of the matrix:
 number of equations
 16516
 number of nonzero lower triangular matrix elements
 390038

 Using up to 1 cpu(s) for the stress calculation.

 Using up to 1 cpu(s) for the symmetric stiffness/mass contributions.

 Factoring the system of equations using the symmetric spooles solver
 Using up to 1 cpu(s) for spooles.

 Using up to 1 cpu(s) for the stress calculation.

 average force= 0.624532
 time avg. forc= 0.624532
 largest residual force= 211.081942 in node 1040 and dof 1
 largest increment of disp= 2.568979e-02
 largest correction to disp= 2.018243e-11 in node 288 and dof 2

 no convergence

 iteration 9

 Decascading the MPC's

*INFO in cascade: linear MPCs and
       nonlinear MPCs depend on each other
       common node: 1258 in direction 1

 Determining the structure of the matrix:
 number of equations
 16516
 number of nonzero lower triangular matrix elements
 390038

 Using up to 1 cpu(s) for the stress calculation.

 Using up to 1 cpu(s) for the symmetric stiffness/mass contributions.

 Factoring the system of equations using the symmetric spooles solver
 Using up to 1 cpu(s) for spooles.

 Using up to 1 cpu(s) for the stress calculation.

 average force= 0.624532
 time avg. forc= 0.624532
 largest residual force= 211.081942 in node 1040 and dof 1
 largest increment of disp= 2.568979e-02
 largest correction to disp= 2.018460e-11 in node 288 and dof 2

 no convergence

 iteration 10

 Decascading the MPC's

*INFO in cascade: linear MPCs and
       nonlinear MPCs depend on each other
       common node: 1258 in direction 1

 Determining the structure of the matrix:
 number of equations
 16516
 number of nonzero lower triangular matrix elements
 390038

 Using up to 1 cpu(s) for the stress calculation.

 Using up to 1 cpu(s) for the symmetric stiffness/mass contributions.

 Factoring the system of equations using the symmetric spooles solver
 Using up to 1 cpu(s) for spooles.

 Using up to 1 cpu(s) for the stress calculation.

 average force= 0.624532
 time avg. forc= 0.624532
 largest residual force= 211.081942 in node 1040 and dof 1
 largest increment of disp= 2.568979e-02
 largest correction to disp= 2.018596e-11 in node 288 and dof 2

 no convergence

 iteration 11

 Decascading the MPC's

*INFO in cascade: linear MPCs and
       nonlinear MPCs depend on each other
       common node: 1258 in direction 1

 Determining the structure of the matrix:
 number of equations
 16516
 number of nonzero lower triangular matrix elements
 390038

 Using up to 1 cpu(s) for the stress calculation.

 Using up to 1 cpu(s) for the symmetric stiffness/mass contributions.

 Factoring the system of equations using the symmetric spooles solver
 Using up to 1 cpu(s) for spooles.

 Using up to 1 cpu(s) for the stress calculation.

 average force= 0.624532
 time avg. forc= 0.624532
 largest residual force= 211.081942 in node 1040 and dof 1
 largest increment of disp= 2.568979e-02
 largest correction to disp= 1.057683e-10 in node 288 and dof 2

 no convergence

 iteration 12

 Decascading the MPC's

*INFO in cascade: linear MPCs and
       nonlinear MPCs depend on each other
       common node: 1258 in direction 1

 Determining the structure of the matrix:
 number of equations
 16516
 number of nonzero lower triangular matrix elements
 390038

 Using up to 1 cpu(s) for the stress calculation.

 Using up to 1 cpu(s) for the symmetric stiffness/mass contributions.

 Factoring the system of equations using the symmetric spooles solver
 Using up to 1 cpu(s) for spooles.

 Using up to 1 cpu(s) for the stress calculation.

 average force= 0.624532
 time avg. forc= 0.624532
 largest residual force= 211.081942 in node 1040 and dof 1
 largest increment of disp= 2.568979e-02
 largest correction to disp= 6.111888e-11 in node 315 and dof 2

 no convergence

 iteration 13

 Decascading the MPC's

*INFO in cascade: linear MPCs and
       nonlinear MPCs depend on each other
       common node: 1258 in direction 1

 Determining the structure of the matrix:
 number of equations
 16516
 number of nonzero lower triangular matrix elements
 390038

 Using up to 1 cpu(s) for the stress calculation.

 Using up to 1 cpu(s) for the symmetric stiffness/mass contributions.

 Factoring the system of equations using the symmetric spooles solver
 Using up to 1 cpu(s) for spooles.

 Using up to 1 cpu(s) for the stress calculation.

 average force= 0.624532
 time avg. forc= 0.624532
 largest residual force= 211.081942 in node 1040 and dof 1
 largest increment of disp= 2.568979e-02
 largest correction to disp= 2.018445e-11 in node 288 and dof 2

 no convergence

 iteration 14

 Decascading the MPC's

*INFO in cascade: linear MPCs and
       nonlinear MPCs depend on each other
       common node: 1258 in direction 1

 Determining the structure of the matrix:
 number of equations
 16516
 number of nonzero lower triangular matrix elements
 390038

 Using up to 1 cpu(s) for the stress calculation.

 Using up to 1 cpu(s) for the symmetric stiffness/mass contributions.

 Factoring the system of equations using the symmetric spooles solver
 Using up to 1 cpu(s) for spooles.

 Using up to 1 cpu(s) for the stress calculation.

 average force= 0.624532
 time avg. forc= 0.624532
 largest residual force= 211.081942 in node 1040 and dof 1
 largest increment of disp= 2.568979e-02
 largest correction to disp= 2.018629e-11 in node 288 and dof 1

 no convergence

 iteration 15

 Decascading the MPC's

*INFO in cascade: linear MPCs and
       nonlinear MPCs depend on each other
       common node: 1258 in direction 1

 Determining the structure of the matrix:
 number of equations
 16516
 number of nonzero lower triangular matrix elements
 390038

 Using up to 1 cpu(s) for the stress calculation.

 Using up to 1 cpu(s) for the symmetric stiffness/mass contributions.

 Factoring the system of equations using the symmetric spooles solver
 Using up to 1 cpu(s) for spooles.

 Using up to 1 cpu(s) for the stress calculation.

 average force= 0.624532
 time avg. forc= 0.624532
 largest residual force= 211.081942 in node 1040 and dof 1
 largest increment of disp= 2.568979e-02
 largest correction to disp= 2.018244e-11 in node 288 and dof 2

 no convergence

 iteration 16

 Decascading the MPC's

*INFO in cascade: linear MPCs and
       nonlinear MPCs depend on each other
       common node: 1258 in direction 1

 Determining the structure of the matrix:
 number of equations
 16516
 number of nonzero lower triangular matrix elements
 390038

 Using up to 1 cpu(s) for the stress calculation.

 Using up to 1 cpu(s) for the symmetric stiffness/mass contributions.

 Factoring the system of equations using the symmetric spooles solver
 Using up to 1 cpu(s) for spooles.

 Using up to 1 cpu(s) for the stress calculation.

 average force= 0.624532
 time avg. forc= 0.624532
 largest residual force= 211.081942 in node 1040 and dof 1
 largest increment of disp= 2.568979e-02
 largest correction to disp= 2.018683e-11 in node 288 and dof 2

 too slow convergence; the increment size is decreased to 7.812500e-06
 the increment is reattempted

 increment 1 attempt 5 
 increment size= 7.812500e-06
 sum of previous increments=0.000000e+00
 actual step time=7.812500e-06
 actual total time=7.812500e-06

 iteration 1

 Decascading the MPC's

*INFO in cascade: linear MPCs and
       nonlinear MPCs depend on each other
       common node: 1258 in direction 1

 Determining the structure of the matrix:
 number of equations
 16516
 number of nonzero lower triangular matrix elements
 390038

 Using up to 1 cpu(s) for the stress calculation.

 Using up to 1 cpu(s) for the symmetric stiffness/mass contributions.

 Factoring the system of equations using the symmetric spooles solver
 Using up to 1 cpu(s) for spooles.

 Using up to 1 cpu(s) for the stress calculation.

 average force= 0.311760
 time avg. forc= 0.311760
 largest residual force= 0.557399 in node 10275 and dof 1
 largest increment of disp= 1.286659e-02
 largest correction to disp= 1.286659e-02 in node 690 and dof 3

 no convergence

 iteration 2

 Decascading the MPC's

*INFO in cascade: linear MPCs and
       nonlinear MPCs depend on each other
       common node: 1258 in direction 1

 Determining the structure of the matrix:
 number of equations
 16516
 number of nonzero lower triangular matrix elements
 390038

 Using up to 1 cpu(s) for the stress calculation.

 Using up to 1 cpu(s) for the symmetric stiffness/mass contributions.

 Factoring the system of equations using the symmetric spooles solver
 Using up to 1 cpu(s) for spooles.

 Using up to 1 cpu(s) for the stress calculation.

 average force= 0.312269
 time avg. forc= 0.312269
 largest residual force= 105.579606 in node 1040 and dof 1
 largest increment of disp= 1.286659e-02
 largest correction to disp= 1.705624e-05 in node 593 and dof 3

 no convergence

 iteration 3

 Decascading the MPC's

*INFO in cascade: linear MPCs and
       nonlinear MPCs depend on each other
       common node: 1258 in direction 1

 Determining the structure of the matrix:
 number of equations
 16516
 number of nonzero lower triangular matrix elements
 390038

 Using up to 1 cpu(s) for the stress calculation.

 Using up to 1 cpu(s) for the symmetric stiffness/mass contributions.

 Factoring the system of equations using the symmetric spooles solver
 Using up to 1 cpu(s) for spooles.

 Using up to 1 cpu(s) for the stress calculation.

 average force= 0.312269
 time avg. forc= 0.312269
 largest residual force= 105.560448 in node 1040 and dof 1
 largest increment of disp= 1.286659e-02
 largest correction to disp= 6.301824e-11 in node 315 and dof 2

 no convergence

 iteration 4

 Decascading the MPC's

*INFO in cascade: linear MPCs and
       nonlinear MPCs depend on each other
       common node: 1258 in direction 1

 Determining the structure of the matrix:
 number of equations
 16516
 number of nonzero lower triangular matrix elements
 390038

 Using up to 1 cpu(s) for the stress calculation.

 Using up to 1 cpu(s) for the symmetric stiffness/mass contributions.

 Factoring the system of equations using the symmetric spooles solver
 Using up to 1 cpu(s) for spooles.

 Using up to 1 cpu(s) for the stress calculation.

 average force= 0.312269
 time avg. forc= 0.312269
 largest residual force= 105.560448 in node 1040 and dof 1
 largest increment of disp= 1.286659e-02
 largest correction to disp= 2.355474e-11 in node 288 and dof 1

 no convergence

 iteration 5

 Decascading the MPC's

*INFO in cascade: linear MPCs and
       nonlinear MPCs depend on each other
       common node: 1258 in direction 1

 Determining the structure of the matrix:
 number of equations
 16516
 number of nonzero lower triangular matrix elements
 390038

 Using up to 1 cpu(s) for the stress calculation.

 Using up to 1 cpu(s) for the symmetric stiffness/mass contributions.

 Factoring the system of equations using the symmetric spooles solver
 Using up to 1 cpu(s) for spooles.

 Using up to 1 cpu(s) for the stress calculation.

 average force= 0.312269
 time avg. forc= 0.312269
 largest residual force= 105.560448 in node 1040 and dof 1
 largest increment of disp= 1.286659e-02
 largest correction to disp= 2.356239e-11 in node 288 and dof 1

 no convergence

 iteration 6

 Decascading the MPC's

*INFO in cascade: linear MPCs and
       nonlinear MPCs depend on each other
       common node: 1258 in direction 1

 Determining the structure of the matrix:
 number of equations
 16516
 number of nonzero lower triangular matrix elements
 390038

 Using up to 1 cpu(s) for the stress calculation.

 Using up to 1 cpu(s) for the symmetric stiffness/mass contributions.

 Factoring the system of equations using the symmetric spooles solver
 Using up to 1 cpu(s) for spooles.

 Using up to 1 cpu(s) for the stress calculation.

 average force= 0.312269
 time avg. forc= 0.312269
 largest residual force= 105.560448 in node 1040 and dof 1
 largest increment of disp= 1.286659e-02
 largest correction to disp= 2.355456e-11 in node 288 and dof 2

 divergence; the increment size is decreased to 1.953125e-06
 the increment is reattempted

 increment 1 attempt 6 
 increment size= 1.953125e-06
 sum of previous increments=0.000000e+00
 actual step time=1.953125e-06
 actual total time=1.953125e-06

 iteration 1

 Decascading the MPC's

*INFO in cascade: linear MPCs and
       nonlinear MPCs depend on each other
       common node: 1258 in direction 1

 Determining the structure of the matrix:
 number of equations
 16516
 number of nonzero lower triangular matrix elements
 390038

 Using up to 1 cpu(s) for the stress calculation.

 Using up to 1 cpu(s) for the symmetric stiffness/mass contributions.

 Factoring the system of equations using the symmetric spooles solver
 Using up to 1 cpu(s) for spooles.

 Using up to 1 cpu(s) for the stress calculation.

 average force= 0.077941
 time avg. forc= 0.077941
 largest residual force= 0.034909 in node 10275 and dof 1
 largest increment of disp= 3.220728e-03
 largest correction to disp= 3.220728e-03 in node 690 and dof 3

 no convergence

 iteration 2

 Decascading the MPC's

*INFO in cascade: linear MPCs and
       nonlinear MPCs depend on each other
       common node: 1258 in direction 1

 Determining the structure of the matrix:
 number of equations
 16516
 number of nonzero lower triangular matrix elements
 390038

 Using up to 1 cpu(s) for the stress calculation.

 Using up to 1 cpu(s) for the symmetric stiffness/mass contributions.

 Factoring the system of equations using the symmetric spooles solver
 Using up to 1 cpu(s) for spooles.

 Using up to 1 cpu(s) for the stress calculation.

 average force= 0.078068
 time avg. forc= 0.078068
 largest residual force= 26.394967 in node 1007 and dof 1
 largest increment of disp= 3.220728e-03
 largest correction to disp= 1.067711e-06 in node 780 and dof 3

 no convergence

 iteration 3

 Decascading the MPC's

*INFO in cascade: linear MPCs and
       nonlinear MPCs depend on each other
       common node: 1258 in direction 1

 Determining the structure of the matrix:
 number of equations
 16516
 number of nonzero lower triangular matrix elements
 390038

 Using up to 1 cpu(s) for the stress calculation.

 Using up to 1 cpu(s) for the symmetric stiffness/mass contributions.

 Factoring the system of equations using the symmetric spooles solver
 Using up to 1 cpu(s) for spooles.

 Using up to 1 cpu(s) for the stress calculation.

 average force= 0.078068
 time avg. forc= 0.078068
 largest residual force= 26.393769 in node 1040 and dof 1
 largest increment of disp= 3.220728e-03
 largest correction to disp= 7.396212e-11 in node 288 and dof 2

 no convergence

 iteration 4

 Decascading the MPC's

*INFO in cascade: linear MPCs and
       nonlinear MPCs depend on each other
       common node: 1258 in direction 1

 Determining the structure of the matrix:
 number of equations
 16516
 number of nonzero lower triangular matrix elements
 390038

 Using up to 1 cpu(s) for the stress calculation.

 Using up to 1 cpu(s) for the symmetric stiffness/mass contributions.

 Factoring the system of equations using the symmetric spooles solver
 Using up to 1 cpu(s) for spooles.

 Using up to 1 cpu(s) for the stress calculation.

 average force= 0.078068
 time avg. forc= 0.078068
 largest residual force= 26.393769 in node 1007 and dof 1
 largest increment of disp= 3.220728e-03
 largest correction to disp= 5.198152e-11 in node 288 and dof 2

 no convergence

 iteration 5

 Decascading the MPC's

*INFO in cascade: linear MPCs and
       nonlinear MPCs depend on each other
       common node: 1258 in direction 1

 Determining the structure of the matrix:
 number of equations
 16516
 number of nonzero lower triangular matrix elements
 390038

 Using up to 1 cpu(s) for the stress calculation.

 Using up to 1 cpu(s) for the symmetric stiffness/mass contributions.

 Factoring the system of equations using the symmetric spooles solver
 Using up to 1 cpu(s) for spooles.

 Using up to 1 cpu(s) for the stress calculation.

 average force= 0.078068
 time avg. forc= 0.078068
 largest residual force= 26.393769 in node 1040 and dof 1
 largest increment of disp= 3.220728e-03
 largest correction to disp= 7.395973e-11 in node 288 and dof 2

 divergence; the increment size is decreased to 4.882813e-07
 the increment is reattempted


 *ERROR: increment size smaller than minimum
 best solution and residuals are in the frd file

