
                        S T E P       1


                                INCREMENT     1


 forces (fx,fy,fz) for set NSUPP and time  0.1000000E+01

     90000 -1.027268E+06 -2.472078E-01 -1.082987E+06
     90002 -1.029231E+06 -4.585134E-01 -1.085022E+06
     90004  1.092705E+06 -7.759538E-02 -1.136940E+06
     90006  1.094877E+06 -4.033292E-01 -1.139165E+06
    100001 -5.002253E+06  1.309054E+00 -6.055289E+06
    100002  1.059379E-08 -2.621687E+04  2.543683E+06
    100004 -6.722985E-09 -5.498688E+03  1.963753E+06
    100201  3.755108E+05 -8.590784E+02  2.827898E+06
    100208  3.601599E-09 -1.569848E+03  2.613864E+06
    100762 -9.749783E-10 -1.561259E+03  2.641200E+06
    100769 -4.250298E+05 -1.724697E+03  2.192370E+06
    100982  6.403752E-09 -1.389708E+02  4.145431E+05
    101131 -2.328306E-09 -4.171697E+01  2.019080E+06
    101133  1.125667E-09  2.257454E+00  1.346099E+06
    101135  5.020591E+06 -8.804401E-02 -3.689800E+06
    200000 -1.562091E+06  6.514826E-02 -7.368784E+05
    200006  1.169607E-05 -2.952410E+01  2.507799E+05
    200204 -1.189183E-07 -2.509445E+01  8.578469E+05
    200205 -2.128596E+03 -3.006377E+01  6.159558E+05
    200765  1.869948E+03 -2.643007E+01  6.161567E+05
    200766  9.837095E-08 -2.272954E+01  6.592291E+05
    200981  4.321267E-08 -5.003864E+01  8.773974E+04
    201130 -1.896143E-05 -2.428946E+01  3.109431E+05
    201136  1.560386E+06  3.627934E-02 -4.176069E+05
    300001 -5.002278E+06 -3.698120E-01 -6.055320E+06
    300002 -4.190952E-09  2.640809E+04  2.543709E+06
    300004 -2.939487E-09  5.253462E+03  1.963947E+06
    300201  3.761602E+05  8.183930E+02  2.828194E+06
    300208  1.258741E-09  1.509856E+03  2.613915E+06
    300762 -7.603376E-09  1.513879E+03  2.641244E+06
    300769 -4.257807E+05  1.677984E+03  2.192648E+06
    300982 -4.803951E-09  2.874475E+01  4.145134E+05
    301131  2.561137E-09 -4.699240E+00  2.019227E+06
    301133  1.974620E-11  3.902306E-01  1.346148E+06
    301135  5.020800E+06 -2.516383E-03 -3.689952E+06
    400000 -1.562207E+06  6.939424E-02 -7.369334E+05
    400006  1.095990E-05 -3.014950E+01  2.507846E+05
    400204 -1.228182E-07 -2.596029E+01  8.577619E+05
    400205 -2.152436E+03 -3.016431E+01  6.159021E+05
    400765  1.900638E+03 -2.652056E+01  6.161047E+05
    400766  1.024455E-07 -2.242900E+01  6.591631E+05
    400981 -1.008423E-08 -5.059943E+01  8.771801E+04
    401130 -1.688894E-05 -2.416141E+01  3.109320E+05
    401136  1.560372E+06  3.615317E-02 -4.176031E+05
    500001 -4.998197E+06  6.278765E-03 -6.050459E+06
    500002  1.752051E-08  2.420467E+04  2.541781E+06
    500004 -5.209586E-09  5.092745E+03  1.961979E+06
    500201  3.810921E+05  2.478673E+02  2.825481E+06
    500208 -1.893568E-09  3.117893E+02  2.608752E+06
    500762  3.254172E-09  5.661095E+02  2.636284E+06
    500769 -4.296549E+05  8.084251E+02  2.190269E+06
    500982 -2.965325E-08 -4.247624E+02  4.136080E+05
    501131  2.188608E-08  2.648638E+00  2.017236E+06
    501133  1.024564E-11 -4.574402E-01  1.344979E+06
    501135  5.016240E+06 -1.545065E-02 -3.686625E+06
    600000 -1.560478E+06 -1.975143E-01 -7.361141E+05
    600006  1.586296E-04  7.919281E+01  2.504024E+05
    600204 -9.412179E-08  6.378862E+01  8.568682E+05
    600205  2.441705E+02  6.205081E+01  6.143966E+05
    600765 -3.817183E+02  5.413858E+01  6.146704E+05
    600766  2.555316E-08  6.524820E+01  6.584591E+05
    600981  2.860541E-06  1.281886E+02  8.746633E+04
    601130 -1.485513E-04  5.958548E+01  3.105589E+05
    601136  1.558743E+06 -1.031961E-01 -4.171615E+05
    700001 -4.998162E+06  1.305939E+00 -6.050418E+06
    700002  3.352761E-08 -2.395521E+04  2.541778E+06
    700004 -2.657180E-08 -5.388404E+03  1.961515E+06
    700201  3.805574E+05 -2.673870E+02  2.825028E+06
    700208 -9.131327E-10 -3.440727E+02  2.608738E+06
    700762  2.100933E-09 -5.751347E+02  2.636276E+06
    700769 -4.289781E+05 -8.380148E+02  2.189849E+06
    700982  2.696362E-08  3.711554E+02  4.134122E+05
    701131  9.778887E-09 -1.760932E+01  2.017017E+06
    701133  3.111262E-09  5.654919E-01  1.344951E+06
    701135  5.016082E+06 -6.236823E-02 -3.686510E+06
    800000 -1.560456E+06 -2.012945E-01 -7.361033E+05
    800006  1.509733E-04  7.975620E+01  2.503561E+05
    800204 -7.875497E-08  6.447786E+01  8.566850E+05
    800205  3.118321E+02  6.211894E+01  6.142430E+05
    800765 -3.091690E+02  5.420354E+01  6.145393E+05
    800766  6.111804E-09  6.486511E+01  6.582761E+05
    800981  2.447365E-06  1.285042E+02  8.738739E+04
    801130 -1.410289E-04  5.937598E+01  3.105021E+05
    801136  1.558593E+06 -1.029169E-01 -4.171208E+05

                        S T E P       2


     E I G E N V A L U E   O U T P U T

 MODE NO    EIGENVALUE                       FREQUENCY   
                                     REAL PART            IMAGINARY PART
                           (RAD/TIME)      (CYCLES/TIME     (RAD/TIME)

      1   0.2407191E-06   0.4906313E-03   0.7808640E-04   0.0000000E+00
      2   0.2754493E-06   0.5248326E-03   0.8352970E-04   0.0000000E+00
      3   0.4985209E-06   0.7060601E-03   0.1123730E-03   0.0000000E+00
      4   0.1066265E-05   0.1032601E-02   0.1643435E-03   0.0000000E+00
      5   0.5896565E-01   0.2428284E+00   0.3864735E-01   0.0000000E+00
      6   0.2054325E+00   0.4532466E+00   0.7213644E-01   0.0000000E+00
      7   0.2320504E+00   0.4817161E+00   0.7666749E-01   0.0000000E+00
      8   0.3798847E+00   0.6163479E+00   0.9809481E-01   0.0000000E+00
      9   0.4148906E+00   0.6441200E+00   0.1025149E+00   0.0000000E+00
     10   0.4672298E+00   0.6835421E+00   0.1087891E+00   0.0000000E+00
     11   0.5587530E+00   0.7474979E+00   0.1189680E+00   0.0000000E+00
     12   0.6021017E+00   0.7759521E+00   0.1234966E+00   0.0000000E+00
     13   0.7239680E+00   0.8508631E+00   0.1354191E+00   0.0000000E+00
     14   0.7405096E+00   0.8605287E+00   0.1369574E+00   0.0000000E+00
     15   0.7715701E+00   0.8783906E+00   0.1398002E+00   0.0000000E+00
     16   0.8673380E+00   0.9313098E+00   0.1482226E+00   0.0000000E+00
     17   0.8812423E+00   0.9387451E+00   0.1494059E+00   0.0000000E+00
     18   0.8902610E+00   0.9435364E+00   0.1501685E+00   0.0000000E+00
     19   0.9087457E+00   0.9532816E+00   0.1517195E+00   0.0000000E+00
     20   0.9920991E+00   0.9960417E+00   0.1585250E+00   0.0000000E+00
     21   0.1125364E+01   0.1060832E+01   0.1688366E+00   0.0000000E+00
     22   0.1133433E+01   0.1064628E+01   0.1694408E+00   0.0000000E+00
     23   0.1249910E+01   0.1117994E+01   0.1779342E+00   0.0000000E+00
     24   0.1424726E+01   0.1193619E+01   0.1899704E+00   0.0000000E+00
     25   0.1446847E+01   0.1202850E+01   0.1914395E+00   0.0000000E+00
     26   0.1536432E+01   0.1239529E+01   0.1972771E+00   0.0000000E+00
     27   0.1588258E+01   0.1260261E+01   0.2005768E+00   0.0000000E+00
     28   0.1601631E+01   0.1265556E+01   0.2014195E+00   0.0000000E+00
     29   0.1973658E+01   0.1404869E+01   0.2235919E+00   0.0000000E+00
     30   0.2017902E+01   0.1420529E+01   0.2260842E+00   0.0000000E+00
     31   0.2150645E+01   0.1466508E+01   0.2334019E+00   0.0000000E+00
     32   0.2184409E+01   0.1477975E+01   0.2352270E+00   0.0000000E+00
     33   0.2236866E+01   0.1495616E+01   0.2380346E+00   0.0000000E+00
     34   0.2488756E+01   0.1577579E+01   0.2510795E+00   0.0000000E+00
     35   0.2499681E+01   0.1581038E+01   0.2516300E+00   0.0000000E+00
     36   0.2530118E+01   0.1590634E+01   0.2531573E+00   0.0000000E+00
     37   0.2707119E+01   0.1645332E+01   0.2618628E+00   0.0000000E+00
     38   0.2749261E+01   0.1658090E+01   0.2638931E+00   0.0000000E+00
     39   0.2958979E+01   0.1720168E+01   0.2737733E+00   0.0000000E+00
     40   0.3076190E+01   0.1753907E+01   0.2791430E+00   0.0000000E+00
     41   0.3506550E+01   0.1872578E+01   0.2980301E+00   0.0000000E+00
     42   0.3566140E+01   0.1888423E+01   0.3005518E+00   0.0000000E+00
     43   0.4025873E+01   0.2006458E+01   0.3193377E+00   0.0000000E+00
     44   0.4441857E+01   0.2107571E+01   0.3354304E+00   0.0000000E+00
     45   0.4471066E+01   0.2114490E+01   0.3365315E+00   0.0000000E+00
     46   0.4502412E+01   0.2121889E+01   0.3377091E+00   0.0000000E+00
     47   0.4533924E+01   0.2129301E+01   0.3388888E+00   0.0000000E+00
     48   0.4853848E+01   0.2203145E+01   0.3506414E+00   0.0000000E+00
     49   0.4907707E+01   0.2215334E+01   0.3525814E+00   0.0000000E+00
     50   0.5188724E+01   0.2277877E+01   0.3625354E+00   0.0000000E+00
     51   0.5222591E+01   0.2285299E+01   0.3637166E+00   0.0000000E+00
     52   0.5466505E+01   0.2338056E+01   0.3721131E+00   0.0000000E+00
     53   0.5543728E+01   0.2354512E+01   0.3747322E+00   0.0000000E+00
     54   0.5576781E+01   0.2361521E+01   0.3758477E+00   0.0000000E+00
     55   0.5646685E+01   0.2376275E+01   0.3781960E+00   0.0000000E+00
     56   0.5805360E+01   0.2409431E+01   0.3834729E+00   0.0000000E+00
     57   0.6486427E+01   0.2546847E+01   0.4053432E+00   0.0000000E+00
     58   0.6583082E+01   0.2565752E+01   0.4083521E+00   0.0000000E+00
     59   0.6672500E+01   0.2583118E+01   0.4111160E+00   0.0000000E+00
     60   0.6716678E+01   0.2591655E+01   0.4124748E+00   0.0000000E+00
     61   0.7831352E+01   0.2798455E+01   0.4453880E+00   0.0000000E+00
     62   0.7833145E+01   0.2798776E+01   0.4454390E+00   0.0000000E+00
     63   0.7948559E+01   0.2819319E+01   0.4487085E+00   0.0000000E+00
     64   0.8509467E+01   0.2917099E+01   0.4642707E+00   0.0000000E+00
     65   0.8983678E+01   0.2997278E+01   0.4770317E+00   0.0000000E+00
     66   0.9238527E+01   0.3039494E+01   0.4837506E+00   0.0000000E+00
     67   0.9275666E+01   0.3045598E+01   0.4847219E+00   0.0000000E+00
     68   0.9337328E+01   0.3055704E+01   0.4863304E+00   0.0000000E+00
     69   0.9345644E+01   0.3057065E+01   0.4865469E+00   0.0000000E+00
     70   0.9371828E+01   0.3061344E+01   0.4872280E+00   0.0000000E+00
     71   0.9406386E+01   0.3066983E+01   0.4881255E+00   0.0000000E+00
     72   0.9425207E+01   0.3070050E+01   0.4886136E+00   0.0000000E+00
     73   0.9545519E+01   0.3089582E+01   0.4917223E+00   0.0000000E+00
     74   0.9880180E+01   0.3143275E+01   0.5002678E+00   0.0000000E+00
     75   0.9905246E+01   0.3147260E+01   0.5009020E+00   0.0000000E+00
     76   0.9962259E+01   0.3156305E+01   0.5023415E+00   0.0000000E+00
     77   0.1011689E+02   0.3180706E+01   0.5062250E+00   0.0000000E+00
     78   0.1020688E+02   0.3194820E+01   0.5084714E+00   0.0000000E+00
     79   0.1039494E+02   0.3224118E+01   0.5131343E+00   0.0000000E+00
     80   0.1058904E+02   0.3254080E+01   0.5179029E+00   0.0000000E+00
     81   0.1061260E+02   0.3257699E+01   0.5184789E+00   0.0000000E+00
     82   0.1062846E+02   0.3260132E+01   0.5188662E+00   0.0000000E+00
     83   0.1067823E+02   0.3267756E+01   0.5200795E+00   0.0000000E+00
     84   0.1084250E+02   0.3292795E+01   0.5240646E+00   0.0000000E+00
     85   0.1085356E+02   0.3294474E+01   0.5243318E+00   0.0000000E+00
     86   0.1090578E+02   0.3302390E+01   0.5255917E+00   0.0000000E+00
     87   0.1102013E+02   0.3319658E+01   0.5283400E+00   0.0000000E+00
     88   0.1107535E+02   0.3327965E+01   0.5296621E+00   0.0000000E+00
     89   0.1109273E+02   0.3330574E+01   0.5300774E+00   0.0000000E+00
     90   0.1120997E+02   0.3348129E+01   0.5328713E+00   0.0000000E+00
     91   0.1121084E+02   0.3348259E+01   0.5328920E+00   0.0000000E+00
     92   0.1121438E+02   0.3348788E+01   0.5329761E+00   0.0000000E+00
     93   0.1127146E+02   0.3357300E+01   0.5343309E+00   0.0000000E+00
     94   0.1134139E+02   0.3367699E+01   0.5359859E+00   0.0000000E+00
     95   0.1144516E+02   0.3383069E+01   0.5384322E+00   0.0000000E+00
     96   0.1149234E+02   0.3390036E+01   0.5395410E+00   0.0000000E+00
     97   0.1159060E+02   0.3404498E+01   0.5418426E+00   0.0000000E+00
     98   0.1160603E+02   0.3406763E+01   0.5422031E+00   0.0000000E+00
     99   0.1166127E+02   0.3414860E+01   0.5434919E+00   0.0000000E+00
    100   0.1179268E+02   0.3434047E+01   0.5465455E+00   0.0000000E+00

     P A R T I C I P A T I O N   F A C T O R S

MODE NO.   X-COMPONENT     Y-COMPONENT     Z-COMPONENT     X-ROTATION      Y-ROTATION      Z-ROTATION

      1  -0.2972044E+00   0.4096407E+00   0.2819133E+00  -0.1276255E+06  -0.2984720E+06   0.2991537E+06
      2   0.2972000E+00  -0.4096407E+00  -0.2819181E+00   0.1397197E+06   0.2984740E+06  -0.2864037E+06
      3  -0.2943302E+00   0.4082369E+00  -0.2828875E+00  -0.1273141E+06   0.7512324E+06   0.1216572E+07
      4   0.2943352E+00  -0.4082361E+00   0.2828835E+00   0.1394496E+06  -0.7512186E+06  -0.1229197E+07
      5   0.7112322E-01   0.1241668E+03  -0.3811716E-03  -0.1937750E+08   0.9685214E+03   0.2302649E+09
      6   0.4632341E+02   0.7714356E-01  -0.9142638E-02   0.5663100E+02   0.7459230E+08   0.2195447E+05
      7  -0.2060919E-02   0.5978930E-01   0.9077737E-01  -0.1383517E+04  -0.2426367E+05   0.6830749E+08
      8  -0.2795092E-01   0.2927433E-01  -0.4656459E+00  -0.6811863E+04   0.5100583E+04   0.1525049E+08
      9   0.4152880E-01   0.3920849E-01   0.3301160E+02  -0.1255149E+05  -0.6114263E+08   0.6444185E+05
     10   0.2676735E+01  -0.1937998E+02   0.2646739E-01   0.6280032E+07  -0.4735602E+05  -0.3609169E+08
     11  -0.1272557E+01  -0.3711462E+02   0.2945859E-01   0.1142284E+08  -0.5745993E+05  -0.6885596E+08
     12  -0.2307860E-01   0.6580858E+02   0.2505684E-03  -0.1462663E+08   0.1534416E+05   0.2199213E+09
     13   0.1096184E-01  -0.6750605E+02   0.1976392E-01   0.1255001E+08  -0.8982103E+03  -0.2525110E+08
     14  -0.2260728E+02  -0.6710819E-01  -0.3368569E+02   0.2604084E+05   0.9304172E+08  -0.2832182E+06
     15  -0.1158660E+01   0.5279267E+01  -0.1453391E+00  -0.1783909E+07   0.1250740E+07   0.1881698E+08
     16  -0.2199651E+02  -0.1683203E-01   0.2667200E+01  -0.2957071E+04  -0.4135169E+08  -0.5422717E+05
     17  -0.1236436E+00  -0.1537548E+00  -0.1139150E+03   0.2364711E+06   0.2104608E+09  -0.2785449E+06
     18  -0.5056991E+01   0.2073605E+01  -0.8468595E+01  -0.3111986E+07   0.1567301E+08   0.3411367E+07
     19  -0.1868192E+00   0.1214723E+00   0.1242506E+00  -0.1192593E+06   0.3456518E+05   0.1666535E+08
     20  -0.1369802E-01  -0.7144705E-01  -0.1395425E+00   0.3479327E+05   0.1125364E+05   0.3103237E+08
     21  -0.2780966E+02   0.7911115E-01   0.6189763E+02  -0.7563965E+05  -0.2858100E+08   0.8996301E+03
     22   0.9385305E+00  -0.1565720E+01   0.3357138E+01   0.1649881E+07  -0.1280070E+07  -0.1281492E+05
     23  -0.5807874E-01  -0.6050347E+02   0.8617323E-02   0.5334747E+07  -0.2890084E+05  -0.2378604E+09
     24   0.8718143E-01   0.1220452E+00  -0.5366756E+02  -0.2794837E+05   0.9961851E+08   0.2792885E+06
     25   0.1416075E+01   0.9100969E+01   0.1027218E+01  -0.1837612E+07  -0.1906546E+07   0.1690667E+08
     26  -0.5369075E+00   0.2356005E+02  -0.5429087E-01  -0.7996098E+07   0.9853839E+05   0.4378499E+08
     27  -0.1359027E+02  -0.1623712E+00  -0.8009374E+02   0.1082866E+06   0.2982808E+09  -0.5700556E+06
     28  -0.3579254E+01   0.2534350E+01  -0.3907088E+01  -0.1978448E+07   0.1594173E+08   0.1016679E+08
     29   0.1474953E+02  -0.3403598E-01   0.1310767E+00   0.4713809E+01   0.2347441E+08   0.4466844E+05
     30   0.5645313E-01  -0.3922381E-02  -0.1519240E+00   0.1924944E+04   0.2552763E+06  -0.3747715E+07
     31   0.7288935E+01   0.5949902E-01  -0.4473066E+01   0.1805416E+05   0.3055556E+08   0.1410894E+06
     32  -0.2156366E+00   0.4583810E+00   0.2574702E+00   0.4279944E+06  -0.1339088E+07   0.3259834E+07
     33  -0.1345919E-01  -0.9064628E-01  -0.6510966E-01   0.2832442E+05  -0.3309724E+04   0.2290105E+08
     34   0.6234434E+01   0.4429422E-01   0.3083065E+01  -0.1473574E+05   0.1206668E+08   0.3292042E+05
     35   0.1011408E-01   0.2059754E+01  -0.3387713E-01   0.3522973E+07   0.7833671E+04   0.2071845E+08
     36  -0.3935969E+00   0.8678825E-01  -0.8502284E-01  -0.3405942E+06  -0.5381714E+06   0.7632890E+06
     37   0.3584994E-01   0.6824884E-01  -0.2313861E+02  -0.3947930E+04   0.4297985E+08   0.8144606E+05
     38  -0.1010664E+01  -0.2014719E+01  -0.4576410E+00   0.1297882E+06   0.8513305E+06  -0.3728893E+07
     39   0.5596768E-01  -0.4534386E+00   0.4959768E-01   0.4660562E+07  -0.1262515E+04  -0.1070588E+08
     40   0.2722292E+00  -0.1813707E+02  -0.6130232E-02   0.5967638E+07   0.9519331E+04  -0.3368771E+08
     41  -0.1138327E+02   0.2254100E-01   0.1207613E-01  -0.2348486E+02  -0.1734456E+08  -0.3028086E+05
     42   0.8805630E-01   0.5339250E-02  -0.1092689E+00  -0.2539903E+04   0.2996876E+06  -0.1368946E+07
     43   0.1088642E-01  -0.6210263E-01   0.8231912E-01   0.2058453E+05   0.6512215E+04  -0.1767835E+08
     44   0.5489858E+01   0.7929574E-01  -0.4634367E+00  -0.1151152E+04   0.9245423E+07   0.9508231E+05
     45   0.1615826E-01  -0.1371112E-01   0.1481236E+02   0.3046746E+03  -0.2741743E+08  -0.4085535E+05
     46  -0.3537817E+00  -0.3522255E+00  -0.6540988E-01   0.2303194E+05   0.5577263E+06  -0.1664598E+07
     47   0.8674315E+00   0.7481350E+00   0.3041295E+00   0.9714055E+05  -0.5633254E+06   0.1383926E+07
     48  -0.9380824E+01   0.5745887E-01  -0.2483495E+02   0.2425728E+05   0.8282765E+08   0.2391325E+06
     49  -0.1055240E+01  -0.1007393E+01  -0.1579352E+01  -0.3592274E+06   0.5740428E+07  -0.3525959E+07
     50   0.4060511E-01   0.6337562E+01  -0.2551353E-01  -0.5781709E+06   0.4236373E+05   0.2744000E+08
     51  -0.3123257E+00   0.1382497E+02   0.7581173E-02  -0.4566831E+07  -0.1366777E+05   0.2555101E+08
     52   0.9607661E+01   0.9763169E-01  -0.2742069E-01  -0.4328841E+02   0.1360072E+08   0.2683447E+05
     53  -0.2001047E+00  -0.1495469E-01   0.8364490E-01   0.5230041E+04  -0.3997744E+06   0.6217782E+06
     54  -0.9807025E+01  -0.4134598E-01   0.2195346E+02  -0.2768671E+05  -0.1029277E+08  -0.3262876E+05
     55  -0.5204742E-01   0.5152558E+00   0.1873900E+01   0.3732753E+06  -0.7866255E+06   0.4129896E+06
     56  -0.5102195E+00   0.2163359E+02   0.1611408E+00  -0.5318869E+07  -0.9351103E+04   0.7102245E+08
     57  -0.6968742E-02   0.5261857E-01  -0.1594404E+00  -0.2025458E+05  -0.1280872E+05   0.1434230E+08
     58   0.2134704E-02   0.4871203E-01  -0.1041564E+02   0.2694309E+04   0.1932876E+08   0.3836141E+05
     59  -0.1228853E+00  -0.2727016E+00  -0.4006137E+00  -0.1485662E+06   0.7441399E+06  -0.5477246E+06
     60  -0.3573099E+00   0.2172422E+02  -0.1635924E+00  -0.4364410E+07  -0.1643129E+04   0.8195504E+07
     61  -0.7420747E+01   0.3870723E-01  -0.6423000E-01  -0.3545880E+05  -0.9074822E+07   0.1819947E+06
     62   0.5450859E+00  -0.1076199E+02  -0.8389275E-02   0.3576233E+07  -0.7855062E+05  -0.1990577E+08
     63   0.2138969E+00   0.4720647E-01  -0.5231018E-01  -0.1387236E+05   0.3215946E+06  -0.1412505E+06
     64   0.2589374E+00  -0.3180390E-02  -0.7736968E-01  -0.1475185E+04   0.4865189E+04  -0.7084261E+04
     65   0.1789781E+00   0.2265026E-02   0.1165847E+00  -0.1344245E+04  -0.1184731E+05  -0.2593003E+04
     66  -0.2264740E+00  -0.1657549E-01  -0.1721729E+00   0.5545598E+04   0.1021834E+06   0.4554007E+06
     67  -0.5363980E+00  -0.8376581E-02   0.1125921E+00   0.3767845E+04   0.4726574E+05  -0.6600464E+06
     68   0.2238260E+00  -0.3331850E-01  -0.4992796E-01  -0.3491367E+04   0.6777914E+06  -0.1480069E+06
     69   0.3620549E+01  -0.3036770E-01  -0.1278232E+01  -0.4113423E+04   0.1145831E+08  -0.1101133E+05
     70  -0.4873327E+00  -0.4925222E-02   0.1707619E+00  -0.3143640E+05  -0.1843844E+07  -0.1370781E+06
     71  -0.1696837E+00   0.4439396E-02   0.6519771E+01  -0.1699794E+04  -0.1222597E+08   0.7284863E+03
     72  -0.1532341E-01  -0.2749435E-01  -0.3436693E+00   0.1041385E+05   0.4309231E+04   0.9311134E+07
     73   0.6479360E-01   0.2909527E-01  -0.2145214E+00  -0.1652942E+06   0.3896031E+06   0.1286497E+06
     74   0.5204660E-01   0.8426485E-01  -0.5299338E-01  -0.3502619E+05   0.1436448E+06  -0.8272663E+05
     75  -0.5545140E-01  -0.8749769E-01   0.2306686E-01   0.3637618E+05  -0.1250179E+05  -0.4142588E+06
     76  -0.1175739E+00  -0.1768700E-01  -0.1585163E-02   0.4524079E+04   0.1174062E+06  -0.7337103E+05
     77  -0.6714801E-01  -0.6815382E-02  -0.4223120E-01   0.1024422E+05  -0.1668071E+05  -0.2484282E+05
     78   0.3954778E+00  -0.2646839E+00   0.8949167E-03  -0.3853033E+05  -0.2244528E+06  -0.1235796E+07
     79   0.4607641E+00  -0.4309788E-01  -0.1002920E+00  -0.4365821E+06   0.9219589E+05  -0.1647608E+07
     80   0.1947382E+00  -0.3014583E+00  -0.3760219E-02  -0.8072579E+05  -0.9065779E+05  -0.1473056E+07
     81   0.3473044E+00  -0.5102711E+00   0.6432851E-01   0.2001828E+06  -0.1404168E+05  -0.8690756E+06
     82   0.3637091E+00  -0.4435624E+00  -0.6492787E-01   0.1551037E+06  -0.2862531E+05  -0.7941227E+06
     83  -0.1102359E+01  -0.1383817E+01   0.5384394E+00   0.1136258E+06   0.3838845E+05  -0.5390324E+07
     84   0.1071113E+01  -0.1461302E-01   0.1489696E+00   0.8906560E+05   0.2324190E+07  -0.2321889E+06
     85  -0.3195067E+01  -0.1309565E+00  -0.8194803E+00   0.3727897E+05  -0.5766320E+07  -0.9684429E+05
     86   0.4925994E+01  -0.8012168E+00  -0.1047444E+01  -0.2269444E+06  -0.2251781E+06  -0.4269737E+07
     87  -0.2108487E+01   0.5430334E+01   0.2175728E-01  -0.1886119E+07   0.3322859E+05   0.1014226E+08
     88   0.1517724E+01  -0.1072858E+00   0.1969202E+02   0.1485167E+06  -0.7785498E+08   0.2335635E+06
     89  -0.2961916E+00  -0.1539142E+00   0.5998366E+01  -0.5138171E+06  -0.2295832E+08  -0.7378580E+06
     90  -0.1226897E+01   0.3601359E+00   0.2144533E-01  -0.1569561E+06   0.1860371E+06   0.1968094E+07
     91  -0.1263720E+01  -0.2021727E+00  -0.7623690E+00   0.3148775E+06  -0.1554086E+05  -0.9725357E+06
     92   0.5233415E+01  -0.2084520E+01  -0.1868074E+01   0.1051867E+07  -0.1893709E+06  -0.4880533E+07
     93   0.1147457E+01  -0.2203856E+01  -0.1070117E-01   0.7533192E+06   0.1345301E+06  -0.4152210E+07
     94  -0.5020619E+00   0.2464802E+00   0.1204066E+00  -0.7481456E+05   0.1644885E+06   0.8069192E+06
     95   0.2138755E+00   0.9821562E-01   0.9905979E+00  -0.4142132E+05   0.3115584E+06  -0.2968769E+07
     96   0.4846203E+01   0.1877263E+00   0.2066555E+01   0.8518373E+05   0.2707457E+04  -0.2004037E+06
     97  -0.1891811E+00  -0.3026124E+00  -0.1106440E+00   0.1147554E+06  -0.8573894E+05  -0.3840018E+06
     98   0.1397257E+02   0.4048343E-03  -0.6793386E-01   0.2762070E+04   0.1085115E+08   0.2333458E+06
     99   0.2171831E+01   0.1222618E-02   0.5984653E+00  -0.2531629E+04   0.1672751E+07  -0.1078373E+07
    100  -0.1231396E-01   0.2790978E-01  -0.7262184E-01  -0.1370007E+05   0.8817081E+05   0.1534308E+06

     E F F E C T I V E   M O D A L   M A S S

MODE NO.   X-COMPONENT     Y-COMPONENT     Z-COMPONENT     X-ROTATION      Y-ROTATION      Z-ROTATION

      1   0.8833048E-01   0.1678055E+00   0.7947512E-01   0.1628826E+11   0.8908553E+11   0.8949295E+11
      2   0.8832782E-01   0.1678055E+00   0.7947782E-01   0.1952158E+11   0.8908670E+11   0.8202710E+11
      3   0.8663025E-01   0.1666574E+00   0.8002537E-01   0.1620887E+11   0.5643501E+12   0.1480048E+13
      4   0.8663321E-01   0.1666567E+00   0.8002308E-01   0.1944618E+11   0.5643294E+12   0.1510924E+13
      5   0.5058512E-02   0.1541740E+05   0.1452918E-06   0.3754873E+15   0.9380337E+06   0.5302194E+17
      6   0.2145859E+04   0.5951128E-02   0.8358782E-04   0.3207070E+04   0.5564011E+16   0.4819988E+09
      7   0.4247386E-05   0.3574760E-02   0.8240531E-02   0.1914119E+07   0.5887258E+09   0.4665913E+16
      8   0.7812539E-03   0.8569861E-03   0.2168261E+00   0.4640148E+08   0.2601595E+08   0.2325774E+15
      9   0.1724641E-02   0.1537306E-02   0.1089766E+04   0.1575398E+09   0.3738421E+16   0.4152751E+10
     10   0.7164911E+01   0.3755837E+03   0.7005228E-03   0.3943880E+14   0.2242592E+10   0.1302610E+16
     11   0.1619402E+01   0.1377495E+04   0.8678086E-03   0.1304812E+15   0.3301644E+10   0.4741143E+16
     12   0.5326220E-03   0.4330769E+04   0.6278453E-07   0.2139383E+15   0.2354433E+09   0.4836539E+17
     13   0.1201620E-03   0.4557066E+04   0.3906127E-03   0.1575027E+15   0.8067818E+06   0.6376179E+15
     14   0.5110891E+03   0.4503509E-02   0.1134726E+04   0.6781251E+09   0.8656761E+16   0.8021253E+11
     15   0.1342494E+01   0.2787066E+02   0.2112345E-01   0.3182333E+13   0.1564351E+13   0.3540787E+15
     16   0.4838464E+03   0.2833171E-03   0.7113953E+01   0.8744268E+07   0.1709962E+16   0.2940586E+10
     17   0.1528773E-01   0.2364055E-01   0.1297662E+05   0.5591856E+11   0.4429375E+17   0.7758724E+11
     18   0.2557316E+02   0.4299838E+01   0.7171711E+02   0.9684457E+13   0.2456432E+15   0.1163743E+14
     19   0.3490140E-01   0.1475553E-01   0.1543821E-01   0.1422279E+11   0.1194752E+10   0.2777339E+15
     20   0.1876359E-03   0.5104681E-02   0.1947211E-01   0.1210572E+10   0.1266444E+09   0.9630079E+15
     21   0.7733773E+03   0.6258575E-02   0.3831316E+04   0.5721356E+10   0.8168734E+15   0.8093343E+06
     22   0.8808396E+00   0.2451479E+01   0.1127038E+02   0.2722108E+13   0.1638579E+13   0.1642221E+09
     23   0.3373140E-02   0.3660670E+04   0.7425826E-04   0.2845952E+14   0.8352586E+09   0.5657758E+17
     24   0.7600601E-02   0.1489504E-01   0.2880207E+04   0.7811114E+09   0.9923847E+16   0.7800209E+11
     25   0.2005270E+01   0.8282764E+02   0.1055177E+01   0.3376819E+13   0.3634919E+13   0.2858355E+15
     26   0.2882696E+00   0.5550758E+03   0.2947499E-02   0.6393758E+14   0.9709815E+10   0.1917125E+16
     27   0.1846953E+03   0.2636442E-01   0.6415007E+04   0.1172598E+11   0.8897141E+17   0.3249634E+12
     28   0.1281106E+02   0.6422930E+01   0.1526533E+02   0.3914258E+13   0.2541388E+15   0.1033637E+15
     29   0.2175485E+03   0.1158448E-02   0.1718110E-01   0.2222000E+02   0.5510478E+15   0.1995269E+10
     30   0.3186955E-02   0.1538508E-04   0.2308091E-01   0.3705411E+07   0.6516599E+11   0.1404537E+14
     31   0.5312858E+02   0.3540133E-02   0.2000832E+02   0.3259527E+09   0.9336421E+15   0.1990623E+11
     32   0.4649912E-01   0.2101131E+00   0.6629092E-01   0.1831792E+12   0.1793157E+13   0.1062652E+14
     33   0.1811497E-03   0.8216747E-02   0.4239267E-02   0.8022729E+09   0.1095427E+08   0.5244582E+15
     34   0.3886817E+02   0.1961978E-02   0.9505289E+01   0.2171420E+09   0.1456047E+15   0.1083754E+10
     35   0.1022947E-03   0.4242587E+01   0.1147660E-02   0.1241134E+14   0.6136639E+08   0.4292542E+15
     36   0.1549185E+00   0.7532201E-02   0.7228884E-02   0.1160044E+12   0.2896285E+12   0.5826102E+12
     37   0.1285218E-02   0.4657904E-02   0.5353955E+03   0.1558616E+08   0.1847267E+16   0.6633460E+10
     38   0.1021441E+01   0.4059091E+01   0.2094353E+00   0.1684498E+11   0.7247635E+12   0.1390464E+14
     39   0.3132382E-02   0.2056066E+00   0.2459930E-02   0.2172084E+14   0.1593945E+07   0.1146159E+15
     40   0.7410873E-01   0.3289533E+03   0.3757974E-04   0.3561270E+14   0.9061766E+08   0.1134862E+16
     41   0.1295789E+03   0.5080966E-03   0.1458328E-03   0.5515385E+03   0.3008336E+15   0.9169307E+09
     42   0.7753911E-02   0.2850759E-04   0.1193969E-01   0.6451107E+07   0.8981267E+11   0.1874012E+13
     43   0.1185140E-03   0.3856737E-02   0.6776438E-02   0.4237227E+09   0.4240894E+08   0.3125239E+15
     44   0.3013854E+02   0.6287815E-02   0.2147736E+00   0.1325152E+07   0.8547785E+14   0.9040646E+10
     45   0.2610894E-03   0.1879949E-03   0.2194060E+03   0.9282662E+05   0.7517156E+15   0.1669160E+10
     46   0.1251615E+00   0.1240628E+00   0.4278452E-02   0.5304703E+09   0.3110586E+12   0.2770887E+13
     47   0.7524374E+00   0.5597060E+00   0.9249473E-01   0.9436286E+10   0.3173355E+12   0.1915251E+13
     48   0.8799986E+02   0.3301522E-02   0.6167749E+03   0.5884154E+09   0.6860419E+16   0.5718437E+11
     49   0.1113531E+01   0.1014840E+01   0.2494354E+01   0.1290443E+12   0.3295252E+14   0.1243239E+14
     50   0.1648775E-02   0.4016469E+02   0.6509401E-03   0.3342816E+12   0.1794686E+10   0.7529536E+15
     51   0.9754733E-01   0.1911298E+03   0.5747418E-04   0.2085594E+14   0.1868078E+09   0.6528541E+15
     52   0.9230715E+02   0.9531947E-02   0.7518943E-03   0.1873887E+04   0.1849796E+15   0.7200890E+09
     53   0.4004189E-01   0.2236428E-03   0.6996469E-02   0.2735333E+08   0.1598196E+12   0.3866081E+12
     54   0.9617775E+02   0.1709490E-02   0.4819545E+03   0.7665537E+09   0.1059411E+15   0.1064636E+10
     55   0.2708934E-02   0.2654885E+00   0.3511499E+01   0.1393344E+12   0.6187796E+12   0.1705604E+12
     56   0.2603240E+00   0.4680123E+03   0.2596636E-01   0.2829037E+14   0.8744313E+08   0.5044189E+16
     57   0.4856337E-04   0.2768714E-02   0.2542123E-01   0.4102480E+09   0.1640634E+09   0.2057015E+15
     58   0.4556961E-05   0.2372862E-02   0.1084855E+03   0.7259298E+07   0.3736009E+15   0.1471598E+10
     59   0.1510081E-01   0.7436616E-01   0.1604913E+00   0.2207190E+11   0.5537442E+12   0.3000022E+12
     60   0.1276703E+00   0.4719416E+03   0.2676248E-01   0.1904808E+14   0.2699873E+07   0.6716629E+14
     61   0.5506748E+02   0.1498250E-02   0.4125493E-02   0.1257326E+10   0.8235239E+14   0.3312206E+11
     62   0.2971186E+00   0.1158204E+03   0.7037993E-04   0.1278944E+14   0.6170200E+10   0.3962395E+15
     63   0.4575187E-01   0.2228450E-02   0.2736355E-02   0.1924423E+09   0.1034231E+12   0.1995171E+11
     64   0.6704855E-01   0.1011488E-04   0.5986067E-02   0.2176170E+07   0.2367006E+08   0.5018676E+08
     65   0.3203318E-01   0.5130343E-05   0.1359199E-01   0.1806994E+07   0.1403587E+09   0.6723662E+07
     66   0.5129049E-01   0.2747469E-03   0.2964349E-01   0.3075366E+08   0.1044144E+11   0.2073898E+12
     67   0.2877228E+00   0.7016711E-04   0.1267699E-01   0.1419666E+08   0.2234051E+10   0.4356613E+12
     68   0.5009806E-01   0.1110122E-02   0.2492801E-02   0.1218965E+08   0.4594012E+12   0.2190604E+11
     69   0.1310838E+02   0.9221973E-03   0.1633878E+01   0.1692025E+08   0.1312928E+15   0.1212494E+09
     70   0.2374932E+00   0.2425781E-04   0.2915962E-01   0.9882470E+09   0.3399762E+13   0.1879039E+11
     71   0.2879255E-01   0.1970823E-04   0.4250741E+02   0.2889300E+07   0.1494744E+15   0.5306922E+06
     72   0.2348069E-03   0.7559394E-03   0.1181086E+00   0.1084482E+09   0.1856947E+08   0.8669721E+14
     73   0.4198210E-02   0.8465349E-03   0.4601944E-01   0.2732219E+11   0.1517906E+12   0.1655075E+11
     74   0.2708848E-02   0.7100565E-02   0.2808298E-02   0.1226834E+10   0.2063384E+11   0.6843695E+10
     75   0.3074857E-02   0.7655846E-02   0.5320800E-03   0.1323227E+10   0.1562948E+09   0.1716103E+12
     76   0.1382363E-01   0.3128300E-03   0.2512743E-05   0.2046729E+08   0.1378421E+11   0.5383308E+10
     77   0.4508855E-02   0.4644944E-04   0.1783474E-02   0.1049441E+09   0.2782460E+09   0.6171657E+09
     78   0.1564027E+00   0.7005759E-01   0.8008759E-06   0.1484586E+10   0.5037905E+11   0.1527192E+13
     79   0.2123035E+00   0.1857428E-02   0.1005848E-01   0.1906040E+12   0.8500082E+10   0.2714613E+13
     80   0.3792295E-01   0.9087710E-01   0.1413924E-04   0.6516653E+10   0.8218835E+10   0.2169895E+13
     81   0.1206203E+00   0.2603766E+00   0.4138158E-02   0.4007314E+11   0.1971689E+09   0.7552924E+12
     82   0.1322843E+00   0.1967476E+00   0.4215628E-02   0.2405717E+11   0.8194086E+09   0.6306308E+12
     83   0.1215195E+01   0.1914950E+01   0.2899170E+00   0.1291081E+11   0.1473673E+10   0.2905559E+14
     84   0.1147283E+01   0.2135404E-03   0.2219193E-01   0.7932680E+10   0.5401861E+13   0.5391170E+11
     85   0.1020845E+02   0.1714960E-01   0.6715480E+00   0.1389721E+10   0.3325045E+14   0.9378816E+10
     86   0.2426542E+02   0.6419484E+00   0.1097139E+01   0.5150376E+11   0.5070519E+11   0.1823065E+14
     87   0.4445720E+01   0.2948852E+02   0.4733794E-03   0.3557444E+13   0.1104139E+10   0.1028655E+15
     88   0.2303486E+01   0.1151025E-01   0.3877756E+03   0.2205720E+11   0.6061398E+16   0.5455190E+11
     89   0.8772948E-01   0.2368959E-01   0.3598040E+02   0.2640080E+12   0.5270843E+15   0.5444344E+12
     90   0.1505277E+01   0.1296979E+00   0.4599021E-03   0.2463521E+11   0.3460982E+11   0.3873392E+13
     91   0.1596988E+01   0.4087380E-01   0.5812064E+00   0.9914783E+11   0.2415183E+09   0.9458258E+12
     92   0.2738863E+02   0.4345222E+01   0.3489700E+01   0.1106423E+13   0.3586134E+11   0.2381960E+14
     93   0.1316658E+01   0.4856982E+01   0.1145151E-03   0.5674897E+12   0.1809835E+11   0.1724085E+14
     94   0.2520661E+00   0.6075248E-01   0.1449774E-01   0.5597218E+10   0.2705648E+11   0.6511186E+12
     95   0.4574274E-01   0.9646308E-02   0.9812842E+00   0.1715726E+10   0.9706866E+11   0.8813592E+13
     96   0.2348569E+02   0.3524118E-01   0.4270651E+01   0.7256268E+10   0.7330324E+07   0.4016162E+11
     97   0.3578947E-01   0.9157429E-01   0.1224209E-01   0.1316881E+11   0.7351165E+10   0.1474574E+12
     98   0.1952327E+03   0.1638908E-06   0.4615009E-02   0.7629032E+07   0.1177474E+15   0.5445025E+11
     99   0.4716849E+01   0.1494796E-05   0.3581607E+00   0.6409144E+07   0.2798097E+13   0.1162889E+13
    100   0.1516336E-03   0.7789559E-03   0.5273931E-02   0.1876919E+09   0.7774093E+10   0.2354101E+11
TOTAL     0.5269779E+04   0.3206785E+05   0.3091310E+05   0.1190009E+16   0.1834767E+18   0.1834582E+18

     T O T A L   E F F E C T I V E   M A S S

MODE NO.   X-COMPONENT     Y-COMPONENT     Z-COMPONENT     X-ROTATION      Y-ROTATION      Z-ROTATION

          0.1884026E+08   0.6921385E+07   0.3247457E+07   0.1462889E+16   0.2219876E+18   0.2205563E+18


                    E I G E N V A L U E    N U M B E R     1


 forces (fx,fy,fz) for set NSUPP and time  0.2000000E+01

     90000 -3.819126E-09 -1.199771E-09 -2.704721E-09
     90002 -8.728559E-11 -3.572655E-11 -2.033418E-10
     90004  2.741913E-11  3.236120E-10  1.770824E-10
     90006  3.118815E-10  7.068863E-11 -2.170682E-10
    100001  1.481179E-12  1.968964E-16  1.450742E-12
    100002 -1.581411E-12 -4.960282E-13 -1.600451E-12
    100004  1.687425E-13 -2.916585E-13  9.223275E-14
    100201 -4.392419E-13 -5.394258E-14 -2.129712E-13
    100208 -2.084678E-15  1.689685E-14  4.303999E-14
    100762  8.634535E-15  1.715688E-13  6.221136E-14
    100769  2.704370E-13 -3.289422E-14 -7.562819E-14
    100982 -6.964980E-12  2.018959E-13  9.126225E-13
    101131 -2.384542E-13 -2.042186E-14  2.508232E-13
    101133  2.153044E-13 -3.223870E-14 -1.236747E-14
    101135 -8.282022E-15  6.148692E-14 -7.194835E-14
    200000 -3.643016E-13 -2.339839E-13 -9.313297E-13
    200006 -4.856431E-13  1.266849E-14 -1.414016E-13
    200204  2.400162E-13  9.369345E-15 -9.059800E-14
    200205  4.593489E-14  1.453336E-14  1.397165E-14
    200765  2.479334E-13 -6.747578E-15  2.082763E-14
    200766  1.061764E-13  1.655149E-14 -2.071955E-13
    200981  1.474632E-13  1.345453E-12  8.649009E-13
    201130 -2.271434E-13 -7.862142E-14 -1.171464E-14
    201136 -1.335036E-13  6.730482E-14  8.194263E-14
    300001  1.229288E-13  7.235976E-13  2.906485E-12
    300002  5.618758E-14 -2.479468E-13 -2.665068E-12
    300004 -1.019786E-13  5.535989E-13 -6.032716E-14
    300201  3.790705E-13 -4.991898E-14  2.391864E-13
    300208 -4.152822E-15  5.091314E-14  3.884276E-14
    300762  9.060227E-15 -2.603403E-13 -2.649944E-15
    300769 -6.571920E-13  1.704762E-13  3.315025E-13
    300982 -2.800658E-12  1.648569E-13  2.830770E-13
    301131  3.944997E-13  7.981271E-14  3.035773E-13
    301133 -2.067389E-13  9.422861E-15 -4.810556E-13
    301135  2.894690E-13  2.036246E-14 -1.136907E-13
    400000 -8.044053E-13  4.034968E-14 -4.400989E-13
    400006 -5.941416E-13 -1.264272E-14 -1.799475E-13
    400204  7.470400E-14  7.247307E-15  1.374863E-14
    400205  8.297173E-15 -5.838093E-14 -7.316628E-15
    400765 -1.999164E-13 -1.865462E-14  1.510785E-14
    400766  1.832372E-14 -2.935814E-14  8.973828E-14
    400981  2.075642E-12 -2.475359E-13  2.543934E-13
    401130  4.255722E-14 -6.961547E-14  3.018648E-14
    401136  3.610528E-13  2.667011E-13 -7.813197E-13
    500001 -1.304545E-11  3.249706E-12 -1.419100E-11
    500002  1.295064E-11 -2.980587E-12  1.349073E-11
    500004  1.885939E-13 -3.792650E-13 -6.388835E-14
    500201 -9.967233E-13  1.749144E-13 -5.528299E-13
    500208  1.231528E-14  1.643769E-13  3.440989E-14
    500762 -3.664001E-14 -1.297458E-15  4.130062E-14
    500769 -8.315992E-13 -2.223962E-13  3.755197E-13
    500982 -3.076837E-12  2.155444E-14  3.006271E-13
    501131  5.652992E-14  9.030989E-14 -5.245402E-14
    501133 -2.860739E-13 -5.668479E-14  1.536618E-13
    501135 -5.094454E-14 -5.145736E-14  1.091403E-13
    600000  3.030341E-13  2.224415E-13  1.091383E-14
    600006 -3.490574E-14  1.454757E-13  1.110411E-13
    600204 -1.485709E-14 -3.117777E-14 -3.717792E-14
    600205  8.499177E-14 -1.989189E-14 -7.475170E-14
    600765  3.672049E-14  8.548340E-15  1.386004E-14
    600766  8.246262E-14 -2.894794E-14 -7.379092E-14
    600981 -6.913113E-13 -1.293653E-12 -1.263414E-12
    601130  1.881972E-15 -7.577836E-14  9.825164E-14
    601136 -8.186363E-13 -3.086919E-13  2.570945E-13
    700001 -3.327901E-12  5.208650E-12 -6.837561E-12
    700002  3.737803E-12 -4.533807E-12  7.720041E-12
    700004  3.231988E-13 -4.372037E-13  3.302001E-14
    700201  6.105254E-13  1.017972E-13  2.479105E-13
    700208  1.771678E-14 -1.913424E-13  3.419554E-14
    700762 -1.036764E-14  3.303281E-14  1.146335E-14
    700769  1.066543E-12 -1.582254E-13 -5.923521E-13
    700982 -4.764758E-12  3.281675E-13  7.971965E-13
    701131  5.490504E-14  1.496411E-13 -1.314123E-13
    701133  2.831576E-13  1.148426E-13 -4.652945E-14
    701135 -6.224850E-13 -8.048775E-14  3.672441E-13
    800000 -6.112681E-13  5.911720E-14 -2.145416E-13
    800006 -2.622355E-13 -1.206387E-13  9.994397E-14
    800204  4.948990E-14 -3.627389E-14 -6.281575E-14
    800205  2.681400E-13  2.532812E-14 -1.184103E-13
    800765  1.727261E-13  1.384559E-14  2.180635E-14
    800766 -1.283258E-13  7.768913E-15 -1.371320E-14
    800981  2.173476E-14 -6.328126E-13 -1.177597E-13
    801130  3.954691E-13 -7.658163E-14 -6.368452E-14
    801136  1.220012E-12  1.281432E-13 -2.249379E-13

                    E I G E N V A L U E    N U M B E R     2


 forces (fx,fy,fz) for set NSUPP and time  0.2000000E+01

     90000  1.539918E-10  1.676859E-10  3.586762E-11
     90002  9.581989E-09 -1.565095E-09  1.249776E-08
     90004  6.525593E-11 -4.750712E-11  1.100166E-12
     90006  8.803093E-11 -1.638636E-10 -9.008984E-11
    100001  2.031753E-12  2.624826E-13 -1.721970E-13
    100002 -2.223647E-12 -4.659514E-13  3.315144E-15
    100004 -8.686977E-15 -8.479907E-14  9.944852E-14
    100201 -5.045381E-14  1.166797E-14 -3.091545E-15
    100208 -8.909509E-15 -8.008317E-15  3.481902E-14
    100762  1.789387E-14  9.540026E-14  7.827760E-14
    100769 -1.521373E-13 -4.659245E-15  1.766415E-13
    100982  5.611923E-12 -2.006531E-14 -7.027139E-13
    101131 -1.571037E-13  4.527676E-14 -1.127358E-13
    101133  1.256356E-13  1.819596E-13 -1.193921E-14
    101135 -2.828795E-13 -2.706090E-13  2.659675E-13
    200000 -1.005419E-12 -1.776969E-13 -6.517581E-13
    200006  2.761321E-13 -1.233696E-13  1.040885E-14
    200204  2.861091E-14  2.191100E-14  2.254029E-14
    200205  5.399896E-14  1.979411E-15  2.676521E-15
    200765  1.203675E-13 -3.112217E-16 -9.511389E-15
    200766 -7.154362E-14  4.070876E-15 -4.872711E-14
    200981  8.408623E-14 -4.597993E-14  1.163367E-12
    201130 -7.056508E-14  1.566994E-13 -1.733635E-14
    201136  2.778041E-13  1.272412E-13 -1.136554E-13
    300001 -5.708259E-12 -2.435361E-12 -4.610640E-12
    300002  5.723861E-12  2.606477E-12  4.663567E-12
    300004 -1.035894E-13  3.539095E-13  1.243860E-13
    300201  1.976384E-14 -1.740554E-14 -1.786751E-14
    300208  3.977387E-14  6.337204E-14  4.804504E-14
    300762 -1.470837E-14 -1.480503E-13  4.444442E-14
    300769  1.316058E-13  6.398650E-15 -1.537129E-14
    300982  6.366639E-13  1.210642E-13 -8.906321E-14
    301131 -5.290804E-13 -1.917267E-14  2.613938E-13
    301133  1.533497E-13  7.624543E-14 -1.354743E-13
    301135  1.157319E-13 -7.744184E-15 -6.842367E-14
    400000  3.441386E-13  8.128523E-14  2.511163E-13
    400006 -9.549525E-14 -1.936361E-14 -8.017565E-14
    400204  1.653779E-14 -4.765795E-15  7.325871E-14
    400205  1.483997E-14 -2.466809E-14  2.376242E-14
    400765  6.723204E-14  2.256519E-14  3.175702E-15
    400766 -6.577112E-14  2.654642E-14  2.636519E-16
    400981  4.131114E-13 -1.284555E-12  9.010226E-14
    401130 -7.680352E-13 -3.853421E-14  1.778762E-13
    401136 -5.889066E-13 -9.805283E-13  3.173774E-13
    500001  1.175857E-11 -1.518251E-12 -9.860413E-12
    500002 -1.214924E-11  1.805833E-12  9.325540E-12
    500004 -5.545126E-13 -2.348346E-13 -1.167560E-13
    500201 -4.641231E-13  1.145626E-13 -3.266604E-13
    500208  1.932408E-14  9.943540E-14  4.871036E-14
    500762 -1.915461E-14  4.414866E-16 -1.664691E-14
    500769  1.355111E-13 -6.923282E-15 -2.171962E-14
    500982 -6.581671E-12 -7.880119E-14  9.132895E-13
    501131 -1.249128E-13 -1.254403E-13  2.806277E-13
    501133  7.397579E-14  6.515936E-14 -4.131249E-13
    501135  1.980475E-13  6.564417E-14 -8.551432E-15
    600000 -1.455400E-14 -9.780251E-14 -6.540247E-14
    600006 -2.962507E-13  3.724317E-13 -9.811527E-15
    600204  6.120780E-14  2.234467E-14  1.846456E-14
    600205 -5.792866E-14 -3.149617E-15  1.726743E-14
    600765 -7.511815E-14 -5.497658E-15 -1.307722E-14
    600766 -2.114645E-13 -8.726061E-15  9.193772E-14
    600981 -2.368890E-13  1.611817E-12  7.634685E-15
    601130 -4.657072E-13  2.182207E-14  1.646355E-14
    601136 -1.115275E-12  1.251101E-13 -3.463201E-14
    700001  1.400200E-11 -1.503753E-11  2.000928E-11
    700002 -1.363909E-11  1.535453E-11 -1.949866E-11
    700004 -1.042942E-12 -1.805528E-13 -2.048264E-13
    700201  2.873165E-13  6.751452E-15  1.453640E-13
    700208  1.976764E-15  4.422422E-14  4.055257E-14
    700762  6.149072E-16  6.220940E-14  5.462648E-15
    700769 -2.316885E-13 -4.595700E-14 -1.537268E-14
    700982  4.411604E-12 -1.703163E-14 -5.934668E-13
    701131 -1.940287E-13 -9.834126E-14  1.557338E-13
    701133 -1.094219E-13  2.430403E-13  3.090844E-15
    701135  7.320562E-14  4.073358E-14 -8.179055E-14
    800000 -1.638744E-13 -6.748951E-14 -1.672857E-14
    800006 -2.324441E-13  3.886765E-13  1.005475E-12
    800204  7.180475E-14 -3.683186E-14 -7.193357E-14
    800205 -7.913468E-14  1.469568E-14  3.710256E-14
    800765 -4.169242E-15 -4.368897E-14 -5.794140E-14
    800766  1.402589E-13  6.813468E-15 -2.661336E-14
    800981  2.530488E-13 -1.397639E-12  2.618853E-13
    801130  8.759523E-13 -2.306667E-14 -2.186756E-13
    801136  5.813542E-13  9.656906E-13 -1.312544E-13

                    E I G E N V A L U E    N U M B E R     3


 forces (fx,fy,fz) for set NSUPP and time  0.2000000E+01

     90000  2.114407E-10  1.710615E-10  3.590982E-11
     90002  3.306888E-10  1.377628E-11  3.463973E-10
     90004  9.106327E-11 -8.211951E-11 -9.195002E-11
     90006  1.506418E-07 -4.983261E-10 -1.559127E-07
    100001  5.923816E-13 -6.181053E-13  9.883098E-14
    100002 -7.689522E-14  1.371125E-12  3.758472E-13
    100004  1.317353E-13  2.618099E-13  3.981322E-14
    100201  8.118517E-13  7.102265E-14  3.136936E-13
    100208  2.360075E-14 -2.388772E-14 -6.729640E-14
    100762  1.097550E-14 -4.170953E-13 -5.022455E-14
    100769 -3.531875E-14  4.374650E-14  5.331605E-14
    100982 -3.882622E-12 -3.018927E-13  3.827904E-13
    101131  1.904474E-13 -5.637692E-14 -1.181055E-13
    101133 -4.087603E-13 -5.096036E-14  1.539733E-13
    101135  1.435515E-13  3.987436E-14 -1.255402E-14
    200000  4.893076E-13 -7.499079E-13 -5.886600E-13
    200006  3.398052E-13  2.432326E-13  1.991269E-13
    200204  1.151285E-13  1.191442E-14  5.093567E-14
    200205 -2.497267E-14 -4.370871E-14 -5.975057E-15
    200765 -6.413237E-14  1.172547E-14 -1.372559E-14
    200766 -6.888412E-14  3.528234E-14  4.554034E-14
    200981  2.142555E-13  5.924179E-13  3.836522E-14
    201130  1.148279E-14 -6.253284E-14  2.234217E-14
    201136  5.412848E-13 -2.245873E-13 -2.036029E-13
    300001  5.762296E-13 -4.627181E-12 -6.812885E-12
    300002 -6.020840E-13  3.896817E-12  6.633153E-12
    300004  1.178480E-13 -7.592014E-13 -1.990275E-13
    300201 -6.471401E-13  1.109558E-13 -3.627950E-13
    300208  1.314182E-14 -1.301009E-13 -1.119936E-13
    300762 -8.731700E-14  3.779163E-13 -1.239403E-13
    300769  6.270784E-13 -5.024559E-13 -2.579425E-13
    300982 -1.012783E-12 -4.758333E-13  3.671467E-13
    301131  6.236965E-14 -8.101859E-14  1.996780E-15
    301133 -1.674664E-13 -1.319379E-13  3.306626E-14
    301135  3.204786E-13  1.567711E-13 -8.370484E-14
    400000 -5.825590E-13  1.955172E-13 -2.711193E-13
    400006 -5.914829E-14 -1.098538E-14  3.645941E-13
    400204 -5.011211E-14  1.405648E-14 -2.343815E-14
    400205 -6.618834E-14  6.251957E-15  2.658474E-14
    400765 -1.220701E-13  1.895488E-14 -1.716885E-14
    400766 -1.171014E-13  2.588600E-15  8.203722E-14
    400981  1.231170E-13 -5.007302E-13  6.910858E-14
    401130  1.968930E-13 -1.307399E-13  7.015437E-14
    401136  8.711833E-13  2.126925E-13 -3.214569E-13
    500001 -3.374473E-12 -1.038823E-11  2.006061E-12
    500002  3.818280E-12  9.836899E-12 -7.980742E-13
    500004 -5.072314E-13  6.578818E-13 -9.412176E-14
    500201  4.423789E-13 -2.257133E-13  3.289654E-13
    500208 -8.642225E-15 -3.517972E-13 -6.309186E-14
    500762  3.005908E-14 -1.099703E-14 -8.246025E-14
    500769  8.630058E-13  1.025363E-13 -4.559247E-13
    500982 -4.886624E-13  2.559281E-14  1.666209E-13
    501131  2.118106E-13 -4.277279E-14  1.700484E-13
    501133  1.495363E-13 -1.153435E-13 -2.082047E-14
    501135 -3.333611E-13  8.489185E-16  4.097623E-14
    600000  5.137016E-13  2.031922E-13  2.821846E-13
    600006 -4.480753E-13 -7.495879E-13 -1.420128E-13
    600204  1.099520E-14  1.720297E-14  4.065308E-15
    600205  1.078656E-13 -4.133716E-14 -1.447797E-15
    600765 -5.235206E-14  8.440170E-15 -3.883208E-14
    600766 -8.418825E-14 -1.350911E-14  3.070357E-14
    600981  1.006118E-12 -2.087714E-13  1.925295E-13
    601130 -8.741940E-14  4.685943E-15  4.272982E-14
    601136 -2.697106E-13 -1.946564E-13  1.962232E-13
    700001 -8.864674E-12  1.097364E-11 -1.620249E-11
    700002  8.487641E-12 -1.176554E-11  1.507107E-11
    700004  3.565687E-13  4.084045E-13 -1.948268E-13
    700201 -3.187508E-13 -6.051466E-15  3.408676E-14
    700208 -1.897874E-14  2.412742E-13 -6.925620E-14
    700762  1.408526E-14 -1.386620E-13 -1.169402E-14
    700769 -9.293290E-14  2.313790E-13  2.610543E-13
    700982 -4.660554E-12 -7.773567E-15  5.549573E-13
    701131  6.869097E-14 -1.408975E-13 -4.285682E-14
    701133  1.255073E-13  7.955560E-14 -6.241942E-14
    701135 -1.176082E-13 -1.341257E-13  2.734904E-14
    800000  6.947607E-13 -9.011143E-14  4.563676E-13
    800006 -6.750042E-13 -5.788114E-13  1.293320E-12
    800204  8.374782E-14 -2.701343E-14 -1.140301E-13
    800205  6.645898E-14  7.361865E-15 -1.008068E-14
    800765  6.190790E-15  2.312673E-14 -1.020078E-14
    800766 -7.790520E-14  2.706940E-14  9.568155E-15
    800981 -7.537570E-13  3.485384E-13  7.002084E-13
    801130 -1.554240E-13  4.266431E-14  2.147541E-14
    801136  2.957069E-12 -4.196996E-13 -1.368337E-12

                    E I G E N V A L U E    N U M B E R     4


 forces (fx,fy,fz) for set NSUPP and time  0.2000000E+01

     90000  4.473616E-10  2.589631E-10 -7.206098E-11
     90002 -8.225726E-11  9.557908E-13 -1.357052E-10
     90004 -5.074507E-08  2.385748E-10  5.567983E-08
     90006 -1.381902E-11  1.271160E-11 -2.805599E-13
    100001 -7.165482E-13 -1.776580E-13 -6.071291E-13
    100002  6.000120E-13  7.264757E-14  5.245801E-13
    100004 -2.058003E-13 -1.034142E-13 -1.253734E-13
    100201  7.143438E-14 -7.207170E-17  5.176855E-14
    100208 -1.519741E-14 -2.232264E-15  1.861457E-14
    100762 -1.250794E-14 -2.026153E-14  2.104315E-14
    100769  3.446462E-13 -1.097575E-13 -1.120858E-13
    100982  3.083232E-12  7.345398E-14 -3.793939E-13
    101131 -1.895253E-14  4.930026E-14  1.574395E-13
    101133  2.279312E-13 -1.053588E-13 -1.178150E-13
    101135  3.045119E-14  5.459633E-14  3.095080E-14
    200000 -1.577187E-13 -1.016773E-13  6.013611E-13
    200006 -2.791552E-13 -1.940711E-13 -1.216517E-13
    200204 -6.776441E-14  2.115584E-14 -1.271850E-13
    200205  1.561137E-14 -1.570923E-14 -1.199002E-14
    200765 -1.264085E-13  1.167683E-14 -2.077375E-14
    200766  8.995580E-15  3.594178E-14  3.597707E-14
    200981  1.657364E-12 -3.563825E-14  1.524115E-12
    201130 -7.412029E-14  7.431945E-15  1.281024E-13
    201136 -8.498243E-14 -4.535752E-16 -3.329186E-14
    300001 -5.439843E-12 -1.660032E-12 -1.785071E-12
    300002  5.278900E-12  1.835501E-12  1.721795E-12
    300004  2.711759E-14  1.026582E-13  5.656579E-14
    300201 -5.627581E-14 -1.047338E-14 -3.577696E-14
    300208  8.986583E-16  5.837452E-15 -1.667271E-14
    300762  8.248376E-15 -4.951447E-14 -2.033548E-15
    300769 -2.746517E-13 -8.704089E-14  1.383304E-13
    300982  6.448990E-12  2.271348E-13 -9.016047E-13
    301131  4.387378E-14 -2.043900E-13  1.408392E-13
    301133 -3.303935E-13 -2.519038E-14  2.894105E-13
    301135 -4.312461E-14  2.669228E-13 -2.199572E-13
    400000 -6.050376E-13 -8.449092E-14 -5.282198E-13
    400006  1.678619E-13  1.991976E-13 -1.486056E-14
    400204  1.538836E-13  1.443780E-14 -1.251227E-13
    400205  1.017951E-13  1.061534E-13  2.675043E-14
    400765 -1.456028E-13  1.094474E-14 -3.831129E-15
    400766 -7.817145E-14 -4.683780E-14  8.950074E-14
    400981 -2.253221E-12  2.294004E-12 -8.587585E-15
    401130  1.206446E-13  1.664558E-13 -1.905003E-14
    401136 -5.224561E-13  2.686363E-13  2.797117E-13
    500001  2.577932E-12  1.817476E-12  3.465707E-12
    500002 -2.621104E-12 -1.811332E-12 -3.579690E-12
    500004  4.977745E-13 -5.106061E-14  8.302099E-14
    500201 -2.221349E-13  7.574158E-14 -1.567681E-13
    500208  3.907379E-15 -9.511730E-14  2.379295E-14
    500762 -1.303206E-15 -6.871379E-15 -5.205149E-15
    500769 -4.308101E-13  2.001946E-14  2.706098E-13
    500982  7.112685E-12  6.145034E-14 -1.011149E-12
    501131 -4.677445E-13 -2.258755E-13  7.739447E-14
    501133  6.480824E-13  3.373205E-13 -2.755820E-14
    501135  2.069764E-13 -1.405629E-14 -2.521780E-13
    600000  3.902347E-13 -2.292511E-13  3.925382E-13
    600006  2.549374E-13 -6.392564E-13  1.418197E-13
    600204 -1.604393E-13  5.774240E-14 -1.705315E-13
    600205 -2.350626E-14 -2.738633E-15 -1.379948E-14
    600765 -2.276297E-14  6.582795E-15  2.457175E-15
    600766 -4.832484E-14  6.165863E-17  3.570684E-14
    600981  1.913334E-14  2.614073E-12  2.318667E-12
    601130  6.071944E-14 -4.007361E-14 -5.924520E-14
    601136  1.190274E-13 -2.189877E-13 -1.434100E-13
    700001  2.966683E-12 -1.400170E-11  5.384513E-12
    700002 -2.709874E-12  1.411854E-11 -5.107303E-12
    700004  3.278673E-14 -2.906659E-14  4.137212E-14
    700201  2.955613E-13  1.088367E-14  2.152106E-13
    700208  7.993799E-15  7.541775E-14 -4.916419E-15
    700762  2.641765E-15 -4.326611E-15  6.078507E-15
    700769  1.777481E-13 -5.698595E-14 -1.532173E-13
    700982  1.260344E-11 -2.210578E-13 -1.664671E-12
    701131 -4.234993E-13 -1.620187E-13  2.327122E-13
    701133  2.076336E-13 -1.365192E-13 -1.008158E-14
    701135  5.092524E-13  1.877539E-13 -3.256869E-13
    800000  1.593529E-12  7.051564E-14  7.934709E-13
    800006 -6.511052E-13  1.270183E-13  2.047683E-13
    800204  2.152948E-14  2.477221E-14  2.857139E-14
    800205 -8.635116E-14 -2.352108E-14  6.866908E-14
    800765 -1.550082E-13  3.278542E-14 -5.807052E-14
    800766 -6.906808E-14  4.602450E-15  1.209533E-14
    800981 -1.143397E-13  2.998859E-12 -5.871308E-13
    801130 -3.202123E-13 -2.398887E-14  5.191919E-14
    801136  1.256349E-12 -1.752514E-13 -3.894336E-13

                    E I G E N V A L U E    N U M B E R     5


 forces (fx,fy,fz) for set NSUPP and time  0.2000000E+01

     90000 -2.254519E-10  5.769616E-11  9.489150E-12
     90002  1.489439E-11  2.950054E-12 -8.533918E-11
     90004 -1.412606E-10 -2.918822E-10 -7.472728E-11
     90006 -4.211571E-11 -7.912822E-12  6.949504E-11
    100001  1.129020E-05  7.117708E-08  1.366904E-05
    100002 -2.819632E-08  1.935100E-05 -6.368603E-06
    100004  7.357278E-08 -1.624536E-05 -1.987379E-05
    100201  6.398566E-03 -3.933821E-03 -1.774934E-04
    100208  3.178739E-04  8.253104E-03  1.759164E-02
    100762 -1.899472E-04  4.960751E-03  1.339167E-02
    100769 -4.753647E-03 -2.811287E-03 -1.516336E-04
    100982 -1.528536E-07 -3.014869E-06 -2.481701E-06
    101131 -3.180628E-08  2.989758E-08 -3.137542E-06
    101133  1.694806E-08 -2.417763E-09 -2.319999E-06
    101135 -8.886284E-06  1.679464E-11  6.531405E-06
    200000  7.021381E-06  3.097073E-09  3.336748E-06
    200006  2.589288E-08 -1.258781E-07 -1.032962E-06
    200204  5.650116E-05  5.751923E-03 -1.995156E-04
    200205  8.911535E-02 -9.162199E-03 -3.419165E-02
    200765 -8.598130E-02 -8.816963E-03 -3.302263E-02
    200766 -3.810790E-05  5.746214E-03 -1.910192E-04
    200981 -3.388089E-08 -5.409060E-07 -1.177050E-07
    201130 -4.515688E-10  1.065146E-08 -7.136056E-07
    201136 -4.328529E-06 -2.490422E-10  1.175936E-06
    300001  7.405518E-06  7.226353E-08  8.942089E-06
    300002  1.361385E-07  9.470848E-06 -2.938496E-06
    300004 -3.425282E-08 -1.883916E-05  1.287695E-05
    300201 -2.466777E-03 -4.079358E-03  1.161972E-04
    300208 -1.397384E-03  7.374465E-03 -1.768435E-02
    300762  1.128969E-03  4.116240E-03 -1.342024E-02
    300769  1.178173E-03 -2.906415E-03  1.012623E-04
    300982 -5.412700E-08 -5.618453E-06  2.131504E-06
    301131 -3.439540E-08  1.064514E-08 -3.174662E-06
    301133  2.009257E-08  1.632043E-09 -2.377290E-06
    301135 -9.103410E-06 -3.841836E-12  6.691003E-06
    400000  5.322975E-06  3.096740E-09  2.529620E-06
    400006  9.509333E-09 -1.259031E-07 -8.299809E-07
    400204 -4.173882E-04  5.751990E-03  1.670198E-03
    400205 -1.801641E-01 -9.162598E-03  6.478460E-02
    400765  1.821599E-01 -8.817021E-03  6.490789E-02
    400766  3.416676E-04  5.746141E-03  1.865463E-03
    400981 -2.134171E-08 -5.410546E-07 -1.195675E-07
    401130  5.611181E-11  1.063243E-08 -6.375246E-07
    401136 -4.013470E-06 -2.482892E-10  1.090343E-06
    500001 -1.129588E-05  7.207810E-08 -1.367593E-05
    500002  2.827412E-08  1.934209E-05  6.377896E-06
    500004 -7.439751E-08 -1.623340E-05  1.986657E-05
    500201 -6.383695E-03 -3.918350E-03  1.725903E-04
    500208 -3.474041E-04  8.205418E-03 -1.744225E-02
    500762  2.128454E-04  4.924822E-03 -1.327117E-02
    500769  4.748314E-03 -2.800910E-03  1.472090E-04
    500982  1.538758E-07 -3.008593E-06  2.471619E-06
    501131  3.178450E-08  2.974810E-08  3.142184E-06
    501133 -1.692370E-08 -2.354302E-09  2.322809E-06
    501135  8.896931E-06  1.691465E-11 -6.539231E-06
    600000 -7.011716E-06  3.099582E-09 -3.332155E-06
    600006 -2.591130E-08 -1.261288E-07  1.031009E-06
    600204 -6.215034E-05  5.798822E-03  2.215004E-04
    600205 -8.837842E-02 -9.251230E-03  3.382352E-02
    600765  8.531643E-02 -8.900082E-03  3.268235E-02
    600766  4.226509E-05  5.795642E-03  2.134113E-04
    600981  3.391105E-08 -5.421387E-07  1.161943E-07
    601130  4.643566E-10  1.083824E-08  7.136566E-07
    601136  4.328375E-06 -2.530689E-10 -1.175894E-06
    700001 -7.414482E-06  7.315184E-08 -8.952909E-06
    700002 -1.360236E-07  9.459454E-06  2.936859E-06
    700004  3.486731E-08 -1.882842E-05 -1.286490E-05
    700201  2.452495E-03 -4.063827E-03 -1.112685E-04
    700208  1.427330E-03  7.328011E-03  1.753410E-02
    700762 -1.152417E-03  4.083829E-03  1.329982E-02
    700769 -1.171534E-03 -2.895939E-03 -9.682642E-05
    700982  5.316223E-08 -5.613840E-06 -2.121528E-06
    701131  3.445924E-08  1.055736E-08  3.176148E-06
    701133 -2.017962E-08  1.701645E-09  2.379077E-06
    701135  9.110053E-06 -3.975650E-12 -6.695886E-06
    800000 -5.333245E-06  3.100043E-09 -2.534501E-06
    800006 -9.495000E-09 -1.261674E-07  8.314193E-07
    800204  4.225296E-04  5.798668E-03 -1.690691E-03
    800205  1.795076E-01 -9.251132E-03 -6.445778E-02
    800765 -1.815572E-01 -8.899507E-03 -6.460061E-02
    800766 -3.457411E-04  5.795528E-03 -1.887371E-03
    800981  2.125886E-08 -5.423232E-07  1.202229E-07
    801130 -4.175104E-11  1.081920E-08  6.377721E-07
    801136  4.015890E-06 -2.522089E-10 -1.091001E-06

                    E I G E N V A L U E    N U M B E R     6


 forces (fx,fy,fz) for set NSUPP and time  0.2000000E+01

     90000  8.993460E-12 -1.690765E-10 -1.984927E-11
     90002  8.743639E-11  1.148148E-11  1.867432E-10
     90004 -1.189426E-10  5.752185E-10  1.237997E-10
     90006  1.909614E-11  5.112326E-12  5.292919E-13
    100001  8.414124E-05 -4.797165E-09  1.017674E-04
    100002  4.699640E-07  4.436914E-05 -4.194890E-05
    100004  2.205659E-07  1.201826E-05 -3.116913E-05
    100201  2.273251E-02  8.833173E-04 -6.197696E-04
    100208 -1.231952E-02  4.845894E-03  1.290961E-02
    100762 -1.057129E-02 -4.608312E-03 -1.170555E-02
    100769  2.273376E-02 -6.179243E-04  4.789948E-04
    100982  1.096864E-06 -1.177468E-05  4.404319E-07
    101131  3.335671E-07 -8.983192E-08  2.861729E-05
    101133 -2.116555E-07  1.863269E-08  2.173073E-05
    101135  8.318919E-05 -9.551904E-11 -6.114414E-05
    200000  4.150668E-05 -3.807590E-12  1.972509E-05
    200006  1.415394E-07  1.607244E-10 -6.160623E-06
    200204 -4.012680E-03 -1.957637E-06  1.618677E-02
    200205  1.490683E-01  6.308063E-06 -1.156300E-01
    200765  1.422658E-01 -6.396761E-06  1.185970E-01
    200766 -3.254246E-03  2.115535E-06 -1.783012E-02
    200981  2.965735E-07 -1.398267E-09  6.343587E-07
    201130 -3.265655E-09 -9.031600E-11  5.541216E-06
    201136  3.574495E-05  3.474882E-12 -9.710869E-06
    300001  8.414405E-05  5.005205E-09  1.017708E-04
    300002  4.697930E-07 -4.438931E-05 -4.194931E-05
    300004  2.207009E-07 -1.199403E-05 -3.118960E-05
    300201  2.273861E-02 -8.779697E-04 -6.198822E-04
    300208 -1.232054E-02 -4.855320E-03  1.293755E-02
    300762 -1.057165E-02  4.613337E-03 -1.172485E-02
    300769  2.273765E-02  6.143061E-04  4.790644E-04
    300982  1.097029E-06  1.176784E-05  4.419575E-07
    301131  3.335194E-07  9.011299E-08  2.861499E-05
    301133 -2.116821E-07 -1.867084E-08  2.172953E-05
    301135  8.318454E-05  9.574276E-11 -6.114072E-05
    400000  4.150438E-05 -2.707240E-12  1.972400E-05
    400006  1.416032E-07  1.341847E-10 -6.160054E-06
    400204 -4.011899E-03 -6.805581E-06  1.618404E-02
    400205  1.492583E-01  8.250094E-06 -1.156933E-01
    400765  1.424334E-01 -8.811982E-06  1.186494E-01
    400766 -3.253603E-03  7.346232E-06 -1.782696E-02
    400981  2.966277E-07 -4.312265E-10  6.339742E-07
    401130 -3.247015E-09  1.125415E-10  5.541388E-06
    401136  3.574607E-05 -3.783024E-12 -9.711172E-06
    500001  8.410085E-05  4.979322E-09  1.017186E-04
    500002  4.685200E-07 -4.436410E-05 -4.192859E-05
    500004  2.211801E-07 -1.198632E-05 -3.117107E-05
    500201  2.270840E-02 -8.780004E-04 -6.196642E-04
    500208 -1.230842E-02 -4.882054E-03  1.291685E-02
    500762 -1.056172E-02  4.643720E-03 -1.170068E-02
    500769  2.271689E-02  6.143837E-04  4.786994E-04
    500982  1.095703E-06  1.176325E-05  4.382102E-07
    501131  3.333445E-07  8.941996E-08  2.861472E-05
    501133 -2.117645E-07 -1.864170E-08  2.172920E-05
    501135  8.318168E-05  9.598068E-11 -6.113862E-05
    600000  4.149264E-05 -7.349538E-14  1.971842E-05
    600006  1.418599E-07 -9.241291E-12 -6.157354E-06
    600204 -4.006798E-03 -5.052926E-06  1.616573E-02
    600205  1.486039E-01  4.637727E-06 -1.153280E-01
    600765  1.417640E-01 -4.257305E-06  1.182808E-01
    600766 -3.250857E-03  4.884851E-06 -1.781490E-02
    600981  2.967302E-07  1.087300E-09  6.331412E-07
    601130 -3.141704E-09  6.539797E-11  5.543008E-06
    601136  3.575156E-05 -4.912863E-12 -9.712665E-06
    700001  8.409821E-05 -4.729064E-09  1.017153E-04
    700002  4.686255E-07  4.434501E-05 -4.192846E-05
    700004  2.213481E-07  1.200959E-05 -3.115103E-05
    700201  2.270504E-02  8.812387E-04 -6.189213E-04
    700208 -1.230807E-02  4.867108E-03  1.289978E-02
    700762 -1.056200E-02 -4.635989E-03 -1.168600E-02
    700769  2.271462E-02 -6.171988E-04  4.780256E-04
    700982  1.095274E-06 -1.177125E-05  4.337319E-07
    701131  3.335214E-07 -8.980805E-08  2.861505E-05
    701133 -2.117877E-07  1.866574E-08  2.172954E-05
    701135  8.318314E-05 -9.609897E-11 -6.113970E-05
    800000  4.149113E-05 -7.603561E-13  1.971770E-05
    800006  1.419894E-07  1.645304E-11 -6.156762E-06
    800204 -4.006034E-03 -2.173147E-07  1.616375E-02
    800205  1.483784E-01  2.702980E-06 -1.152280E-01
    800765  1.415544E-01 -1.847604E-06  1.181862E-01
    800766 -3.250279E-03 -3.378207E-07 -1.781300E-02
    800981  2.968136E-07  1.188927E-10  6.326096E-07
    801130 -3.081966E-09 -1.372708E-10  5.544295E-06
    801136  3.575852E-05  1.825880E-12 -9.714555E-06

                    E I G E N V A L U E    N U M B E R     7


 forces (fx,fy,fz) for set NSUPP and time  0.2000000E+01

     90000  4.181218E-11  1.277596E-11  2.033972E-10
     90002  6.293528E-11  3.504288E-11  1.598374E-10
     90004  8.501598E-10  1.945888E-10 -9.089143E-10
     90006 -1.709820E-11 -2.451501E-12 -3.994308E-12
    100001 -5.666939E-06 -2.039493E-07 -6.891350E-06
    100002  2.228528E-07 -4.113825E-05  4.906818E-06
    100004 -1.227586E-07  5.016002E-05  4.686409E-05
    100201 -6.640345E-03  8.084723E-03  2.337012E-04
    100208 -3.443718E-03 -1.519026E-02 -3.279043E-02
    100762 -2.782272E-03  8.730812E-03  2.467734E-02
    100769 -3.474581E-03 -5.781519E-03 -2.290107E-04
    100982 -1.630719E-07 -1.339876E-05 -7.551433E-06
    101131 -3.771375E-09  2.259640E-07  1.414825E-07
    101133  6.286023E-09 -2.704650E-08  2.938119E-08
    101135  1.178940E-07  1.792014E-10 -8.662582E-08
    200000 -4.971844E-06 -8.825079E-09 -2.362753E-06
    200006 -1.905964E-08  3.584008E-07  7.275381E-07
    200204 -1.004265E-03 -1.042013E-02  4.005026E-03
    200205 -1.493981E-01  1.641624E-02  4.437832E-02
    200765 -1.460841E-01 -1.579959E-02 -4.196457E-02
    200766 -7.981334E-04  1.041202E-02 -4.344965E-03
    200981 -1.906484E-08 -1.749834E-06 -1.070570E-07
    201130 -1.871285E-10  1.041612E-08 -1.653122E-07
    201136 -9.770745E-07 -4.840370E-10  2.654430E-07
    300001  5.385672E-06 -2.039333E-07  6.557754E-06
    300002 -2.452411E-07 -4.086870E-05 -4.852281E-06
    300004  1.849097E-07  4.971995E-05 -4.631385E-05
    300201  1.101260E-02  7.907687E-03 -4.124467E-04
    300208 -4.569157E-04 -1.610213E-02  3.867394E-02
    300762 -5.161912E-04  9.570352E-03 -2.993660E-02
    300769  8.244686E-03 -5.651909E-03  3.602708E-04
    300982  1.748977E-07 -1.375204E-05  6.784413E-06
    301131 -9.985573E-09  2.214531E-07 -1.665672E-06
    301133 -2.023088E-10 -2.610589E-08 -1.134985E-06
    301135 -4.354294E-06  1.740781E-10  3.200365E-06
    400000  1.103646E-06 -8.826541E-09  5.244831E-07
    400006  3.076475E-08  3.584321E-07 -3.925270E-08
    400204 -2.585256E-04 -1.042134E-02  1.075257E-03
    400205  3.268522E-01  1.641736E-02 -1.319985E-01
    400765  3.281314E-01 -1.580023E-02  1.326799E-01
    400766 -2.010803E-04  1.041308E-02 -1.120690E-03
    400981  2.979859E-08 -1.749887E-06 -1.012181E-07
    401130  1.930587E-10  1.041373E-08 -6.142588E-08
    401136 -4.469545E-07 -4.836655E-10  1.214247E-07
    500001  5.588782E-06 -2.066054E-07  6.796889E-06
    500002 -2.232734E-07 -4.106141E-05 -4.886576E-06
    500004  1.247133E-07  5.013540E-05 -4.680684E-05
    500201  6.598919E-03  8.059227E-03 -2.242721E-04
    500208  3.498829E-03 -1.509767E-02  3.254111E-02
    500762  2.825343E-03  8.659656E-03 -2.447951E-02
    500769  3.447319E-03 -5.764398E-03  2.206142E-04
    500982  1.655748E-07 -1.339107E-05  7.517853E-06
    501131  3.422057E-09  2.257701E-07 -1.675500E-07
    501133 -6.036513E-09 -2.699262E-08 -4.973293E-08
    501135 -1.957686E-07  1.790868E-10  1.438645E-07
    600000  4.907790E-06 -8.834717E-09  2.332311E-06
    600006  1.886092E-08  3.591125E-07 -7.169477E-07
    600204  1.014385E-03 -1.046401E-02 -4.045276E-03
    600205  1.485198E-01  1.650527E-02 -4.390023E-02
    600765  1.453264E-01 -1.588406E-02  4.152849E-02
    600766  8.060322E-04  1.046249E-02  4.388491E-03
    600981  1.880054E-08 -1.754899E-06  1.025096E-07
    601130  1.922503E-10  1.044898E-08  1.578845E-07
    601136  9.308353E-07 -4.846933E-10 -2.528811E-07
    700001 -5.453773E-06 -2.065747E-07 -6.640176E-06
    700002  2.446688E-07 -4.088287E-05  4.904376E-06
    700004 -1.871086E-07  4.967416E-05  4.631189E-05
    700201 -1.100900E-02  7.880643E-03  4.041651E-04
    700208  4.243313E-04 -1.603232E-02 -3.844793E-02
    700762  4.919975E-04  9.526745E-03  2.975714E-02
    700769 -8.255997E-03 -5.633516E-03 -3.526347E-04
    700982 -1.794349E-07 -1.372098E-05 -6.749700E-06
    701131  9.651562E-09  2.214358E-07  1.638924E-06
    701133  4.105850E-10 -2.608017E-08  1.114487E-06
    701135  4.275781E-06  1.744656E-10 -3.142659E-06
    800000 -1.126605E-06 -8.836580E-09 -5.353943E-07
    800006 -3.114414E-08  3.591860E-07  4.243413E-08
    800204  2.557452E-04 -1.046475E-02 -1.065016E-03
    800205 -3.264429E-01  1.650540E-02  1.317962E-01
    800765 -3.277741E-01 -1.588349E-02 -1.325023E-01
    800766  1.991346E-04  1.046342E-02  1.111611E-03
    800981 -3.063976E-08 -1.755081E-06  1.028834E-07
    801130 -1.831002E-10  1.044709E-08  5.516716E-08
    801136  4.070771E-07 -4.848668E-10 -1.105913E-07

                    E I G E N V A L U E    N U M B E R     8


 forces (fx,fy,fz) for set NSUPP and time  0.2000000E+01

     90000  1.570079E-11 -1.412937E-10 -5.342785E-11
     90002 -2.603322E-11 -4.366548E-12 -1.131551E-11
     90004  3.467891E-11  1.890365E-10 -1.125036E-11
     90006 -1.725431E-12 -1.077472E-11  2.277546E-11
    100001 -8.461708E-05 -1.829195E-07 -1.023438E-04
    100002 -3.413135E-07 -8.030333E-05  4.366458E-05
    100004 -5.144821E-09  3.743361E-05  7.472131E-05
    100201 -8.436042E-03  1.394508E-03  6.318977E-04
    100208  7.541088E-03 -4.207648E-03 -2.034034E-02
    100762  6.689071E-03  2.709970E-03  1.698594E-02
    100769 -1.033695E-02 -9.517752E-04 -5.373430E-04
    100982 -1.121197E-06 -4.419956E-06 -1.064819E-05
    101131 -3.107509E-07 -6.968643E-09 -2.617078E-05
    101133  2.005974E-07  1.756332E-08 -1.993178E-05
    101135 -7.629559E-05 -9.548778E-11  5.607736E-05
    200000 -2.264602E-05 -8.979178E-09 -1.076200E-05
    200006 -1.849510E-10  3.908450E-07  3.717571E-06
    200204  2.319511E-03 -5.996398E-03 -9.257978E-03
    200205 -7.697760E-01  1.011456E-02  3.351410E-01
    200765 -7.650666E-01 -9.910903E-03 -3.370223E-01
    200766  1.908303E-03  6.100257E-03  1.038129E-02
    200981 -2.501177E-07 -1.942400E-06 -7.768121E-07
    201130  4.941330E-09  1.088201E-07 -4.586107E-06
    201136 -3.028768E-05 -2.196447E-09  8.228290E-06
    300001 -7.446692E-05 -1.917577E-07 -8.998794E-05
    300002 -7.889793E-07  4.968701E-06  3.463948E-05
    300004  3.288693E-07  5.444885E-05 -1.051034E-05
    300201 -5.272066E-03  2.030893E-03  3.182314E-04
    300208  9.699634E-03 -2.317691E-03 -9.036734E-03
    300762  8.482221E-03  8.433315E-04  9.102028E-03
    300769 -8.553498E-03 -1.528880E-03 -2.087426E-04
    300982 -8.213031E-07 -2.652626E-05  5.811156E-06
    301131 -3.319292E-07 -1.700459E-07 -2.396711E-05
    301133  2.467849E-07  5.067701E-08 -1.890170E-05
    301135 -7.230506E-05 -2.659448E-10  5.314454E-05
    400000 -1.638194E-05 -8.981310E-09 -7.785140E-06
    400006  6.524637E-08  3.905122E-07  2.992259E-06
    400204  3.086691E-03 -5.993077E-03 -1.227120E-02
    400205 -8.231240E-01  1.011296E-02  3.669290E-01
    400765 -8.196592E-01 -9.908853E-03 -3.704307E-01
    400766  2.532829E-03  6.096600E-03  1.373691E-02
    400981 -2.165641E-07 -1.942403E-06 -7.245647E-07
    401130  1.016405E-08  1.086245E-07 -3.894227E-06
    401136 -2.761743E-05 -2.190446E-09  7.502860E-06
    500001  8.467514E-05 -1.850931E-07  1.024142E-04
    500002  3.402319E-07 -8.030158E-05 -4.371089E-05
    500004  8.906050E-09  3.739534E-05 -7.470833E-05
    500201  8.414602E-03  1.373052E-03 -6.262572E-04
    500208 -7.483145E-03 -4.194075E-03  2.008372E-02
    500762 -6.640621E-03  2.722214E-03 -1.675933E-02
    500769  1.033255E-02 -9.358346E-04  5.315679E-04
    500982  1.123629E-06 -4.395879E-06  1.060506E-05
    501131  3.103858E-07 -8.320595E-09  2.621280E-05
    501133 -2.001226E-07  1.826273E-08  1.995485E-05
    501135  7.638305E-05 -9.833920E-11 -5.614165E-05
    600000  2.266505E-05 -9.007161E-09  1.077104E-05
    600006  6.328341E-10  3.928444E-07 -3.717591E-06
    600204 -2.303265E-03 -6.193838E-03  9.196331E-03
    600205  7.657651E-01  1.046761E-02 -3.333171E-01
    600765  7.614562E-01 -1.024117E-02  3.353420E-01
    600766 -1.896090E-03  6.296313E-03 -1.031794E-02
    600981  2.501234E-07 -1.948602E-06  7.717165E-07
    601130 -4.760451E-09  1.110039E-07  4.594088E-06
    601136  3.032007E-05 -2.243407E-09 -8.237089E-06
    700001  7.453346E-05 -1.938581E-07  9.006830E-05
    700002  7.882785E-07  5.019569E-06 -3.465819E-05
    700004 -3.301419E-07  5.442872E-05  1.046111E-05
    700201  5.301285E-03  2.010721E-03 -3.250722E-04
    700208 -9.774900E-03 -2.212310E-03  9.313636E-03
    700762 -8.542608E-03  7.313308E-04 -9.329706E-03
    700769  8.574383E-03 -1.516732E-03  2.150479E-04
    700982  8.180241E-07 -2.651570E-05 -5.778044E-06
    701131  3.325318E-07 -1.708861E-07  2.397305E-05
    701133 -2.475677E-07  5.141133E-08  1.891304E-05
    701135  7.234658E-05 -2.695184E-10 -5.317507E-05
    800000  1.643250E-05 -9.009400E-09  7.809167E-06
    800006 -6.535310E-08  3.925572E-07 -2.999778E-06
    800204 -3.105275E-03 -6.190408E-03  1.234701E-02
    800205  8.251198E-01  1.046545E-02 -3.679466E-01
    800765  8.218023E-01 -1.023884E-02  3.715142E-01
    800766 -2.547600E-03  6.292931E-03 -1.381932E-02
    800981  2.163353E-07 -1.948778E-06  7.263523E-07
    801130 -9.996202E-09  1.108144E-07  3.897755E-06
    801136  2.764408E-05 -2.236325E-09 -7.510099E-06

                    E I G E N V A L U E    N U M B E R     9


 forces (fx,fy,fz) for set NSUPP and time  0.2000000E+01

     90000  3.912443E-11  7.856601E-11  6.173782E-12
     90002  2.508600E-11  6.321099E-12  8.851113E-11
     90004  1.153056E-10  1.446305E-10 -2.541941E-10
     90006 -6.696942E-12 -5.064527E-12 -2.393149E-12
    100001 -1.246910E-04  7.263401E-09 -1.508348E-04
    100002 -6.207073E-07 -6.534806E-05  6.246830E-05
    100004 -5.462952E-07 -1.950616E-05  4.461921E-05
    100201 -3.549829E-02 -1.340550E-03  7.358960E-04
    100208  1.498491E-02 -8.000517E-03 -1.076179E-02
    100762 -1.283865E-02 -7.639358E-03 -1.015319E-02
    100769  3.352280E-02 -8.966284E-04  5.944039E-04
    100982  2.297523E-06 -2.112182E-05  1.136561E-06
    101131  7.168540E-07 -1.666693E-07  5.033939E-05
    101133 -5.420072E-07  3.361236E-08  3.991511E-05
    101135  1.526697E-04 -1.722307E-10 -1.122130E-04
    200000 -8.729279E-05  8.447307E-12 -4.148389E-05
    200006 -3.404011E-07 -5.943841E-10  1.275688E-05
    200204  5.089283E-03  2.939158E-06 -2.070961E-02
    200205  8.037967E-01 -7.172002E-06 -2.429868E-01
    200765 -8.298013E-01 -9.332813E-06 -2.454749E-01
    200766 -4.154470E-03  4.444150E-06 -2.289054E-02
    200981  6.017256E-07 -3.578323E-09  1.485387E-06
    201130 -1.711153E-08 -4.902991E-10  1.005428E-05
    201136  6.837477E-05  1.126014E-11 -1.857545E-05
    300001 -1.246966E-04 -7.522542E-09 -1.508417E-04
    300002 -6.203619E-07  6.538906E-05  6.247029E-05
    300004 -5.466503E-07  1.945661E-05  4.466144E-05
    300201 -3.551864E-02  1.323043E-03  7.362936E-04
    300208  1.498660E-02  8.034053E-03 -1.085150E-02
    300762 -1.283941E-02  7.659825E-03 -1.022308E-02
    300769  3.353673E-02  8.837474E-04  5.948607E-04
    300982  2.298270E-06  2.110001E-05  1.143266E-06
    301131  7.167582E-07  1.717105E-07  5.031225E-05
    301133 -5.422698E-07 -3.437394E-08  3.989947E-05
    301135  1.526094E-04  1.782551E-10 -1.121687E-04
    400000 -8.728419E-05  7.071043E-12 -4.147980E-05
    400006 -3.405540E-07 -1.931061E-10  1.275499E-05
    400204  5.088899E-03  9.167464E-06 -2.070857E-02
    400205  8.031520E-01 -9.829063E-06 -2.427382E-01
    400765 -8.291845E-01 -1.254616E-05 -2.452407E-01
    400766 -4.154051E-03  1.115019E-05 -2.288868E-02
    400981  6.019209E-07 -1.883345E-09  1.484296E-06
    401130 -1.708539E-08  2.166468E-11  1.005274E-05
    401136  6.836995E-05 -4.507805E-12 -1.857414E-05
    500001 -1.242799E-04 -7.461671E-09 -1.503376E-04
    500002 -6.171204E-07  6.516805E-05  6.226145E-05
    500004 -5.446840E-07  1.938213E-05  4.451495E-05
    500201 -3.535038E-02  1.317825E-03  7.338111E-04
    500208  1.492604E-02  8.014960E-03 -1.080939E-02
    500762 -1.278859E-02  7.634694E-03 -1.017864E-02
    500769  3.339028E-02  8.793502E-04  5.925150E-04
    500982  2.286793E-06  2.102124E-05  1.134628E-06
    501131  7.139239E-07  1.693106E-07  5.015983E-05
    501133 -5.402822E-07 -3.420111E-08  3.977381E-05
    501135  1.521259E-04  1.770544E-10 -1.118133E-04
    600000 -8.693517E-05  2.478748E-12 -4.131394E-05
    600006 -3.396531E-07  6.763002E-11  1.270283E-05
    600204  5.066879E-03  4.459598E-06 -2.062143E-02
    600205  7.984479E-01 -1.891152E-06 -2.412526E-01
    600765 -8.242905E-01  3.223902E-08 -2.437033E-01
    600766 -4.138001E-03  3.425902E-06 -2.280365E-02
    600981  5.997309E-07  9.175709E-10  1.476634E-06
    601130 -1.677619E-08 -3.997350E-10  1.001924E-05
    601136  6.812979E-05  4.672453E-13 -1.850890E-05
    700001 -1.242747E-04  7.146996E-09 -1.503312E-04
    700002 -6.174030E-07 -6.512994E-05  6.225987E-05
    700004 -5.447377E-07 -1.942882E-05  4.447536E-05
    700201 -3.533318E-02 -1.332926E-03  7.324854E-04
    700208  1.492390E-02 -7.975527E-03 -1.072901E-02
    700762 -1.278742E-02 -7.611047E-03 -1.011008E-02
    700769  3.337802E-02 -8.914071E-04  5.912053E-04
    700982  2.285225E-06 -2.104403E-05  1.123984E-06
    701131  7.142222E-07 -1.667287E-07  5.018308E-05
    701133 -5.400077E-07  3.356352E-08  3.978662E-05
    701135  1.521756E-04 -1.727138E-10 -1.118499E-04
    800000 -8.693077E-05  3.271355E-12 -4.131185E-05
    800006 -3.398937E-07 -3.309946E-10  1.270158E-05
    800204  5.065022E-03 -1.724313E-06 -2.061550E-02
    800205  7.993242E-01  7.284939E-07 -2.416210E-01
    800765 -8.251386E-01  3.218897E-06 -2.440639E-01
    800766 -4.136484E-03 -3.245992E-06 -2.279707E-02
    800981  5.996573E-07 -7.726180E-10  1.475791E-06
    801130 -1.661066E-08 -9.096593E-10  1.002533E-05
    801136  6.815621E-05  1.594154E-11 -1.851608E-05

                    E I G E N V A L U E    N U M B E R    10


 forces (fx,fy,fz) for set NSUPP and time  0.2000000E+01

     90000  1.425012E-10 -3.771366E-11  1.347011E-10
     90002  3.853363E-11  2.476932E-11  1.077908E-10
     90004  4.041388E-10  1.930304E-10 -4.096789E-10
     90006 -1.602997E-11 -1.843640E-12 -3.753530E-13
    100001  1.006672E-04 -1.542452E-07  1.217407E-04
    100002  7.052590E-07  2.512878E-05 -4.884003E-05
    100004  3.029432E-07  5.239236E-05 -3.904613E-06
    100201  2.276170E-02  6.577832E-03 -4.260970E-04
    100208 -1.319811E-02 -4.318732E-03 -1.609255E-02
    100762  1.113582E-02 -3.430732E-04 -1.121074E-02
    100769 -2.339069E-02  4.697855E-03 -2.642516E-04
    100982 -1.623970E-06  3.323598E-05  6.405631E-06
    101131 -5.773032E-07 -1.112823E-06 -4.525074E-05
    101133  3.973127E-07  1.693394E-07 -3.493916E-05
    101135 -1.337009E-04 -1.070185E-09  9.827054E-05
    200000  7.080492E-05 -6.535064E-09  3.364841E-05
    200006  2.526369E-07  2.684449E-07 -1.045640E-05
    200204 -4.333644E-03 -3.286894E-03  1.762955E-02
    200205 -8.316537E-01  4.482458E-03  2.646929E-01
    200765  8.575173E-01  4.345545E-03  2.688492E-01
    200766  3.507382E-03 -3.307272E-03  1.932857E-02
    200981 -4.400969E-07  2.128268E-06 -1.438470E-06
    201130  9.636100E-09  1.736568E-07 -8.882034E-06
    201136 -5.866483E-05 -2.216493E-09  1.593755E-05
    300001  1.087058E-04 -1.418845E-07  1.315230E-04
    300002  3.622553E-07 -8.477736E-05 -5.594268E-05
    300004  5.334151E-07  2.030551E-05 -7.162724E-05
    300201  3.518788E-02  4.394213E-03 -8.530091E-04
    300208 -1.271555E-02 -1.738782E-02  3.694153E-02
    300762  1.089347E-02 -1.277862E-02  3.044542E-02
    300769 -3.153120E-02  3.229750E-03 -7.696750E-04
    300982 -2.192272E-06 -2.187563E-06 -9.521306E-06
    301131 -5.914812E-07 -1.379205E-06 -3.222135E-05
    301133  5.224117E-07  2.223119E-07 -2.734274E-05
    301135 -1.044547E-04 -1.343750E-09  7.677538E-05
    400000  7.591771E-05 -6.535810E-09  3.607815E-05
    400006  2.928991E-07  2.681575E-07 -1.110949E-05
    400204 -4.483308E-03 -3.292445E-03  1.823582E-02
    400205 -4.839557E-01  4.485424E-03  1.260800E-01
    400765  5.098392E-01  4.348670E-03  1.300727E-01
    400766  3.627384E-03 -3.313060E-03  1.997409E-02
    400981 -5.461451E-07  2.127108E-06 -1.408994E-06
    401130  1.891500E-08  1.732191E-07 -7.835272E-06
    401136 -5.506397E-05 -2.203681E-09  1.495929E-05
    500001 -1.015557E-04 -1.565413E-07 -1.228152E-04
    500002 -7.088104E-07  2.562836E-05  4.926818E-05
    500004 -3.044207E-07  5.248003E-05  4.258506E-06
    500201 -2.294151E-02  6.584578E-03  4.327734E-04
    500208  1.326624E-02 -4.251091E-03  1.607314E-02
    500762 -1.119159E-02 -2.909492E-04  1.120642E-02
    500769  2.356830E-02  4.701555E-03  2.691761E-04
    500982  1.629398E-06  3.334456E-05 -6.357595E-06
    501131  5.809976E-07 -1.113882E-06  4.562686E-05
    501133 -3.997515E-07  1.703918E-07  3.521961E-05
    501135  1.347722E-04 -1.075190E-09 -9.905792E-05
    600000 -7.134037E-05 -6.543050E-09 -3.390288E-05
    600006 -2.550297E-07  2.690132E-07  1.053494E-05
    600204  4.351704E-03 -3.130405E-03 -1.770684E-02
    600205  8.361727E-01  4.210975E-03 -2.662483E-01
    600765 -8.622590E-01  4.099940E-03 -2.704635E-01
    600766 -3.523376E-03 -3.162142E-03 -1.942108E-02
    600981  4.433541E-07  2.134693E-06  1.449393E-06
    601130 -9.412730E-09  1.779980E-07  8.958574E-06
    601136  5.914498E-05 -2.309928E-09 -1.606799E-05
    700001 -1.095846E-04 -1.441757E-07 -1.325858E-04
    700002 -3.660569E-07 -8.521522E-05  5.639735E-05
    700004 -5.381480E-07  2.014720E-05  7.192442E-05
    700201 -3.538450E-02  4.386940E-03  8.559399E-04
    700208  1.283820E-02 -1.743969E-02 -3.709279E-02
    700762 -1.099631E-02 -1.283236E-02 -3.057554E-02
    700769  3.172411E-02  3.224851E-03  7.715456E-04
    700982  2.210977E-06 -2.359273E-06  9.485050E-06
    701131  5.970795E-07 -1.381448E-06  3.252694E-05
    701133 -5.272257E-07  2.237970E-07  2.760001E-05
    701135  1.054354E-04 -1.352119E-09 -7.749619E-05
    800000 -7.644844E-05 -6.543852E-09 -3.633037E-05
    800006 -2.956634E-07  2.687570E-07  1.118599E-05
    800204  4.525215E-03 -3.135616E-03 -1.840825E-02
    800205  4.851375E-01  4.213467E-03 -1.259882E-01
    800765 -5.113251E-01  4.102312E-03 -1.300611E-01
    800766 -3.661474E-03 -3.167611E-03 -2.016544E-02
    800981  5.511709E-07  2.133652E-06  1.414204E-06
    801130 -1.872799E-08  1.775675E-07  7.900281E-06
    801136  5.551891E-05 -2.297210E-09 -1.508289E-05

                    E I G E N V A L U E    N U M B E R    11


 forces (fx,fy,fz) for set NSUPP and time  0.2000000E+01

     90000  5.902342E-11  3.739117E-11 -5.126723E-11
     90002 -1.572182E-10 -4.334652E-11 -3.719887E-10
     90004 -8.880339E-10 -5.420135E-10  9.798810E-10
     90006 -1.853708E-11  1.376777E-11  3.978801E-11
    100001 -1.211388E-04 -1.401202E-06 -1.467772E-04
    100002  1.097881E-06 -3.269639E-04  7.481110E-05
    100004 -1.104483E-06  3.343175E-04  3.533530E-04
    100201 -2.455922E-02  1.067437E-02  1.271226E-03
    100208  3.197051E-03 -2.468929E-02 -5.269693E-02
    100762 -2.944504E-03 -1.541224E-02 -4.062056E-02
    100769  1.677012E-02  7.857318E-03  2.405202E-03
    100982  4.474652E-06  2.623595E-04  1.462498E-04
    101131  2.876259E-07 -7.986175E-06 -2.454659E-06
    101133 -4.019623E-07  9.325261E-07  2.493704E-06
    101135  9.231486E-06 -6.203411E-09 -6.786668E-06
    200000 -7.802003E-05 -6.078864E-08 -3.707723E-05
    200006 -2.910127E-07  2.461686E-06  1.145789E-05
    200204  1.255913E-03 -1.767146E-02 -5.202611E-03
    200205  1.123973E-01  2.838193E-02 -2.612333E-02
    200765 -1.278969E-01  2.735237E-02 -3.014368E-02
    200766 -1.032501E-03 -1.768012E-02 -5.736221E-03
    200981  7.617426E-07  3.445990E-05  1.781586E-06
    201130 -2.798108E-09 -4.486391E-07  7.147086E-06
    201136  4.565831E-05  1.866751E-08 -1.240405E-05
    300001 -4.490617E-05 -1.410705E-06 -5.401576E-05
    300002 -2.131741E-06 -2.387085E-04  7.511410E-06
    300004  1.012419E-06  3.553987E-04 -2.894016E-04
    300201 -2.066375E-03  1.169042E-02 -6.329130E-04
    300208  8.614192E-03 -1.887430E-02  4.337768E-02
    300762 -7.165532E-03 -9.859909E-03  3.211927E-02
    300769  8.867434E-03  8.552525E-03 -1.894912E-03
    300982 -2.205687E-06  2.849204E-04 -1.426424E-04
    301131  5.214139E-07 -7.793634E-06  5.927774E-05
    301133 -2.106184E-07  8.945256E-07  4.256721E-05
    301135  1.631171E-04 -6.005790E-09 -1.198904E-04
    400000 -3.004230E-05 -6.079482E-08 -1.427691E-05
    400006  6.519185E-08  2.461966E-06  5.231246E-06
    400204  2.771077E-03 -1.766946E-02 -1.115202E-02
    400205  5.192043E-01  2.838137E-02 -1.644216E-01
    400765 -5.314482E-01  2.735096E-02 -1.653246E-01
    400766 -2.248695E-03 -1.767778E-02 -1.231258E-02
    400981 -1.866509E-07  3.446374E-05  8.148126E-07
    401130 -1.461847E-08 -4.483560E-07  4.734839E-06
    401136  3.431215E-05  1.865886E-08 -9.321627E-06
    500001  1.213743E-04 -1.419199E-06  1.470625E-04
    500002 -1.097293E-06 -3.268408E-04 -7.505563E-05
    500004  1.120018E-06  3.340433E-04 -3.532441E-04
    500201  2.453556E-02  1.062308E-02 -1.255346E-03
    500208 -3.109621E-03 -2.455360E-02  5.220997E-02
    500762  2.876538E-03 -1.531259E-02  4.022162E-02
    500769 -1.678740E-02  7.822306E-03 -2.387592E-03
    500982 -4.547787E-06  2.619547E-04 -1.456000E-04
    501131 -2.877162E-07 -7.982142E-06  2.323924E-06
    501133  4.011891E-07  9.307510E-07 -2.576195E-06
    501135 -9.547634E-06 -6.204220E-09  7.019037E-06
    600000  7.800207E-05 -6.085151E-08  3.706868E-05
    600006  2.912463E-07  2.466678E-06 -1.144766E-05
    600204 -1.238806E-03 -1.789092E-02  5.137822E-03
    600205 -1.151238E-01  2.878743E-02  2.744461E-02
    600765  1.304238E-01  2.772783E-02  3.138760E-02
    600766  1.020330E-03 -1.790335E-02  5.672937E-03
    600981 -7.636842E-07  3.454826E-05 -1.726025E-06
    601130  2.480660E-09 -4.515815E-07 -7.148972E-06
    601136 -4.566582E-05  1.872876E-08  1.240610E-05
    700001  4.521118E-05 -1.428560E-06  5.438421E-05
    700002  2.131388E-06 -2.383973E-04 -7.540306E-06
    700004 -1.025548E-06  3.551847E-04  2.890943E-04
    700201  2.138331E-03  1.164109E-02  6.146396E-04
    700208 -8.744757E-03 -1.870983E-02 -4.283257E-02
    700762  7.269310E-03 -9.735998E-03 -3.167939E-02
    700769 -8.910891E-03  8.519161E-03  1.875615E-03
    700982  2.272163E-06  2.845597E-04  1.419739E-04
    701131 -5.227551E-07 -7.789347E-06 -5.935692E-05
    701133  2.122766E-07  8.924151E-07 -4.263566E-05
    701135 -1.633760E-04 -6.006351E-09  1.200807E-04
    800000  3.015469E-05 -6.086579E-08  1.433031E-05
    800006 -6.662028E-08  2.467259E-06 -5.248941E-06
    800204 -2.799297E-03 -1.788823E-02  1.126558E-02
    800205 -5.163756E-01  2.878511E-02  1.629365E-01
    800765  5.288386E-01  2.772479E-02  1.639129E-01
    800766  2.271137E-03 -1.790113E-02  1.243501E-02
    800981  1.961523E-07  3.455492E-05 -8.450145E-07
    801130  1.430274E-08 -4.513214E-07 -4.734570E-06
    801136 -3.433063E-05  1.872078E-08  9.326648E-06

                    E I G E N V A L U E    N U M B E R    12


 forces (fx,fy,fz) for set NSUPP and time  0.2000000E+01

     90000 -1.906801E-11 -1.534253E-11 -9.666556E-11
     90002 -2.447396E-11  1.484312E-11 -7.469920E-11
     90004 -1.512870E-10 -8.017825E-11  1.511325E-10
     90006 -3.518626E-13 -9.438402E-12  1.024726E-12
    100001 -2.962402E-08 -4.843065E-10 -3.592270E-08
    100002  4.552525E-10 -1.063909E-07  1.977935E-08
    100004 -3.737710E-10  1.169574E-07  1.172905E-07
    100201 -5.575339E-06  2.715504E-06  3.520247E-07
    100208  4.626229E-07 -6.120148E-06 -1.284819E-05
    100762  4.602219E-04 -6.382540E-03  2.826813E-03
    100769  1.961345E+01 -1.320469E+00 -8.334629E+00
    100982 -1.078696E-02 -1.320280E+00 -6.525189E-01
    101131  2.264582E-03  4.624084E-02  2.724334E-01
    101133 -7.739435E-04 -5.670585E-03  1.933644E-01
    101135  7.411142E-01  3.730381E-05 -5.447152E-01
    200000 -2.043352E-08 -2.140123E-11 -9.710599E-09
    200006 -8.680563E-11  8.435932E-10  2.951046E-09
    200204  2.077868E-07 -4.308985E-06 -8.720340E-07
    200205  4.024519E-05  6.899442E-06 -1.280737E-05
    200765  3.576906E-01  4.514797E-02 -8.877517E-03
    200766 -1.053364E-02 -3.770911E-02 -1.242903E-01
    200981 -1.249702E-03 -1.598619E-01  2.286582E-03
    201130 -9.372402E-05  1.003115E-03  1.014460E-02
    201136  9.303979E-02 -7.526786E-05 -2.527622E-02
    300001 -3.304951E-09 -4.849297E-10 -3.899429E-09
    300002 -6.604817E-10 -8.888925E-08 -3.447769E-09
    300004  3.520113E-10  1.211688E-07 -1.046343E-07
    300201 -9.139697E-08  2.928956E-06 -2.319380E-07
    300208  1.769354E-06 -4.859451E-06  1.148496E-05
    300762 -2.846185E-04 -6.604627E-03 -5.144712E-03
    300769 -2.041164E+01 -1.214117E+00  8.725124E+00
    300982  2.139217E-02 -1.231162E+00  6.941369E-01
    301131  1.231788E-03  4.687631E-02 -1.129549E-01
    301133 -2.535585E-03 -5.790998E-03 -5.103136E-02
    301135 -1.978842E-01  3.792458E-05  1.454329E-01
    400000 -3.829983E-09 -2.106725E-11 -1.820100E-09
    400006  3.376778E-11  8.436813E-10  7.871559E-10
    400204  5.652136E-07 -4.308628E-06 -2.277317E-06
    400205  1.426640E-04  6.899365E-06 -4.797108E-05
    400765 -5.292873E-01  4.514872E-02  2.742573E-03
    400766  3.535027E-03 -3.770885E-02  2.142796E-01
    400981  3.413866E-03 -1.598822E-01  7.267189E-03
    401130 -1.036941E-04  1.004558E-03  1.321336E-02
    401136  1.154412E-01 -7.530929E-05 -3.136204E-02
    500001  2.967204E-08 -4.927363E-10  3.598624E-08
    500002 -4.477328E-10 -1.063319E-07 -1.984749E-08
    500004  3.788042E-10  1.168652E-07 -1.172436E-07
    500201  5.567826E-06  2.703277E-06 -3.480367E-07
    500208 -4.417134E-07 -6.085677E-06  1.273334E-05
    500762 -4.669748E-04 -6.360672E-03 -2.748038E-03
    500769 -1.958329E+01 -1.317644E+00  8.319912E+00
    500982  1.117202E-02 -1.318325E+00  6.496356E-01
    501131 -2.252416E-03  4.623542E-02 -2.720517E-01
    501133  7.636144E-04 -5.670652E-03 -1.929876E-01
    501135 -7.396661E-01  3.735188E-05  5.436508E-01
    600000  2.041313E-08 -2.102237E-11  9.700827E-09
    600006  8.656210E-11  8.449484E-10 -2.946227E-09
    600204 -2.037879E-07 -4.357403E-06  8.568132E-07
    600205 -4.070043E-05  6.989372E-06  1.304396E-05
    600765 -3.560854E-01  4.525355E-02  8.951924E-03
    600766  1.062852E-02 -3.786012E-02  1.233702E-01
    600981  1.265529E-03 -1.602326E-01 -2.498375E-03
    601130  9.258689E-05  9.879834E-04 -1.019715E-02
    601136 -9.301445E-02 -7.493573E-05  2.526933E-02
    700001  3.381461E-09 -4.923505E-10  3.991749E-09
    700002  6.633358E-10 -8.879312E-08  3.454793E-09
    700004 -3.567276E-10  1.210902E-07  1.045371E-07
    700201  1.060218E-07  2.917019E-06  2.274413E-07
    700208 -1.799132E-06 -4.821636E-06 -1.135623E-05
    700762  2.921728E-04 -6.581165E-03  5.055479E-03
    700769  2.037743E+01 -1.211972E+00 -8.708427E+00
    700982 -2.168697E-02 -1.229479E+00 -6.910098E-01
    701131 -1.226296E-03  4.686281E-02  1.135614E-01
    701133  2.529483E-03 -5.789160E-03  5.149570E-02
    701135  1.996632E-01  3.797605E-05 -1.467405E-01
    800000  3.849588E-09 -2.096845E-11  1.829499E-09
    800006 -3.603023E-11  8.452736E-10 -7.913131E-10
    800204 -5.714489E-07 -4.356872E-06  2.302317E-06
    800205 -1.419150E-04  6.988860E-06  4.759383E-05
    800765  5.289350E-01  4.525386E-02 -2.841506E-03
    800766 -3.658372E-03 -3.785782E-02 -2.138200E-01
    800981 -3.455683E-03 -1.602659E-01 -7.119305E-03
    801130  1.027789E-04  9.894652E-04 -1.321129E-02
    801136 -1.152578E-01 -7.497771E-05  3.131222E-02

                    E I G E N V A L U E    N U M B E R    13


 forces (fx,fy,fz) for set NSUPP and time  0.2000000E+01

     90000 -2.845157E-11 -4.793195E-11  3.321873E-11
     90002  1.063420E-10  3.259461E-11  2.385106E-10
     90004  3.393693E-10  2.956299E-10 -2.455086E-10
     90006  2.415869E-11  1.659433E-12 -1.015256E-11
    100001 -3.640984E-01 -3.070797E-02 -4.467016E-01
    100002  3.852946E-02 -5.923629E+00  5.041189E-01
    100004 -2.393877E-02  7.578308E+00  6.828203E+00
    100201  2.141038E+01  1.623501E+00  1.182411E+01
    100208  3.818258E-04  1.126147E-02 -7.634578E-04
    100762  9.396409E-08  1.498145E-06  3.709766E-06
    100769 -1.911253E-06 -7.420199E-07 -1.583321E-09
    100982 -6.709851E-10  1.626233E-08  2.055412E-09
    101131 -3.038741E-10 -9.571180E-10 -1.842933E-08
    101133  2.504430E-10  1.383865E-10 -1.509646E-08
    101135 -5.770200E-08 -1.041975E-12  4.241145E-08
    200000 -4.193837E-01 -1.306493E-03 -1.993024E-01
    200006 -4.037595E-03  5.227623E-02  5.004302E-02
    200204 -1.377624E-02  3.317850E-02  3.172117E-01
    200205  6.386326E-01 -4.131689E-02  7.999457E-03
    200765  3.284171E-05 -2.538756E-06  1.199135E-05
    200766  4.661692E-08  1.650718E-06  2.594313E-07
    200981 -1.444384E-10  1.082421E-09 -8.821714E-10
    201130  1.404153E-11  9.334145E-11 -2.507350E-09
    201136 -2.012624E-08 -8.039339E-13  5.467701E-09
    300001  1.300227E+00 -3.065740E-02  1.578372E+00
    300002 -3.159375E-02 -6.426312E+00 -9.635908E-01
    300004  2.105618E-02  7.486089E+00 -7.213124E+00
    300201 -2.242151E+01  1.566869E+00 -1.239942E+01
    300208 -3.581907E-04  1.147486E-02  1.661248E-03
    300762  4.773758E-07  1.017012E-06 -3.574534E-06
    300769  4.670862E-08 -8.056969E-07 -7.641776E-08
    300982 -9.986032E-10  3.152361E-09 -8.390061E-09
    301131 -3.057656E-10 -1.066589E-09 -8.567014E-09
    301133  3.324996E-10  1.581424E-10 -9.225514E-09
    301135 -3.510991E-08 -9.147920E-13  2.580701E-08
    400000  6.284766E-01 -1.306607E-03  2.986693E-01
    400006  3.317708E-03  5.228376E-02 -8.790669E-02
    400204  1.201133E-02  3.317881E-02 -4.259330E-01
    400205 -8.290330E-01 -4.131843E-02 -6.832895E-03
    400765  7.010366E-05 -2.538668E-06  2.458214E-05
    400766  1.524654E-07  1.650592E-06  8.215027E-07
    400981 -1.989256E-10  1.080040E-09 -1.006757E-09
    401130  1.945743E-11  9.275445E-11 -1.853730E-09
    401136 -1.781879E-08 -8.298906E-13  4.840962E-09
    500001  3.648851E-01 -3.110829E-02  4.476624E-01
    500002 -3.850658E-02 -5.918536E+00 -5.073056E-01
    500004  2.424124E-02  7.572632E+00 -6.824220E+00
    500201 -2.138023E+01  1.620309E+00 -1.180527E+01
    500208 -3.876202E-04  1.123469E-02  7.019092E-04
    500762 -8.795463E-08  1.486577E-06 -3.676557E-06
    500769  1.910663E-06 -7.392522E-07 -6.822312E-10
    500982  6.400536E-10  1.599532E-08 -2.170528E-09
    501131  2.899149E-10 -9.603040E-10  1.788349E-08
    501133 -2.365414E-10  1.394849E-10  1.458308E-08
    501135  5.574221E-08 -1.035943E-12 -4.097100E-08
    600000  4.178601E-01 -1.307432E-03  1.985782E-01
    600006  4.025461E-03  5.235415E-02 -4.970634E-02
    600204  1.397325E-02  3.332739E-02 -3.154566E-01
    600205 -6.363036E-01 -4.141721E-02 -8.109050E-03
    600765 -3.266553E-05 -2.568195E-06 -1.194432E-05
    600766 -4.549712E-08  1.668240E-06 -2.539784E-07
    600981  1.379761E-10  1.078865E-09  8.441870E-10
    601130 -1.305919E-11  9.593044E-11  2.437048E-09
    601136  1.940566E-08 -6.050012E-13 -5.272240E-09
    700001 -1.297880E+00 -3.105611E-02 -1.575540E+00
    700002  3.158226E-02 -6.421628E+00  9.651512E-01
    700004 -2.135176E-02  7.480742E+00  7.208019E+00
    700201  2.238841E+01  1.563866E+00  1.237896E+01
    700208  3.638553E-04  1.144784E-02 -1.597810E-03
    700762 -4.859904E-07  1.008432E-06  3.534320E-06
    700769 -4.385227E-08 -8.023723E-07  7.689631E-08
    700982  9.708101E-10  3.388806E-09  8.249381E-09
    701131  2.929136E-10 -1.065544E-09  7.979625E-09
    701133 -3.204290E-10  1.594275E-10  8.697863E-09
    701135  3.309665E-08 -1.218449E-12 -2.432704E-08
    800000 -6.288111E-01 -1.307724E-03 -2.988284E-01
    800006 -3.363667E-03  5.236809E-02  8.791857E-02
    800204 -1.219493E-02  3.332382E-02  4.252026E-01
    800205  8.285063E-01 -4.141591E-02  6.931494E-03
    800765 -6.956311E-05 -2.567950E-06 -2.434036E-05
    800766 -1.541505E-07  1.668121E-06 -8.310807E-07
    800981  1.885464E-10  1.079834E-09  9.685957E-10
    801130 -1.839872E-11  9.537126E-11  1.776233E-09
    801136  1.707991E-08 -2.730082E-13 -4.640188E-09

                    E I G E N V A L U E    N U M B E R    14


 forces (fx,fy,fz) for set NSUPP and time  0.2000000E+01

     90000  3.112891E-11 -3.622405E-11  4.453421E-11
     90002 -1.999551E-11  7.453624E-13 -5.227850E-11
     90004 -2.577188E-10 -3.965663E-11  2.464883E-10
     90006 -1.500317E-12 -4.036343E-12 -6.341223E-12
    100001  3.189795E-08 -1.237906E-11  3.856861E-08
    100002  2.184481E-10  1.493486E-08 -1.567517E-08
    100004 -8.657036E-12  6.629399E-09 -1.002706E-08
    100201  4.881801E-06  1.833776E-07 -1.166773E-07
    100208 -2.270148E-06  1.086452E-06  1.961750E-06
    100762  1.887886E-03  1.619729E-03 -2.124599E-02
    100769 -3.905671E+00 -5.221785E-01  2.173397E+00
    100982  8.179218E-02 -5.757162E-01  2.933530E-01
    101131  3.074810E-02 -4.705964E-03  1.309369E+00
    101133 -2.982837E-02  8.746545E-04  1.195001E+00
    101135  4.559063E+00 -4.471364E-06 -3.350989E+00
    200000  1.732530E-08 -1.612294E-13  8.233602E-09
    200006  2.912405E-11  1.858676E-11 -2.711296E-09
    200204 -7.660017E-07  1.117663E-08  3.106004E-06
    200205 -8.226862E-05 -1.824445E-08  2.138241E-05
    200765 -1.322992E+00 -1.978438E-04 -6.240415E-02
    200766 -7.205522E-02  1.796125E-04  7.400293E-01
    200981  1.667204E-02  3.923068E-04  8.312397E-02
    201130 -1.860504E-03 -1.341119E-04  1.746819E-01
    201136  1.681912E+00  2.170039E-06 -4.569271E-01
    300001  3.249052E-08 -1.000111E-11  3.929319E-08
    300002  1.949442E-10 -1.934152E-08 -1.619985E-08
    300004  7.307187E-12 -1.253479E-09 -1.503805E-08
    300201  4.859932E-06 -1.885255E-07 -1.249554E-07
    300208 -2.274396E-06 -1.074201E-06  1.941400E-06
    300762  1.891736E-03 -1.629762E-03 -2.127495E-02
    300769 -3.899542E+00  5.229075E-01  2.171927E+00
    300982  8.185638E-02  5.788751E-01  2.919168E-01
    301131  3.075639E-02  6.112237E-03  1.301695E+00
    301133 -2.991033E-02 -1.105769E-03  1.190615E+00
    301135  4.542172E+00  5.911573E-06 -3.338575E+00
    400000  1.769841E-08 -4.641578E-13  8.410638E-09
    400006  3.121092E-11  1.858159E-11 -2.760779E-09
    400204 -7.672903E-07  1.024719E-08  3.110895E-06
    400205 -8.221719E-05 -1.781408E-08  2.134356E-05
    400765 -1.327649E+00 -1.728372E-04 -6.253798E-02
    400766 -7.220445E-02  1.720061E-04  7.423779E-01
    400981  1.668474E-02  3.066960E-04  8.320072E-02
    401130 -1.865054E-03 -1.085928E-04  1.739154E-01
    401136  1.679157E+00  1.446288E-06 -4.561788E-01
    500001  3.148241E-08 -1.012965E-11  3.807474E-08
    500002  1.858660E-10 -1.879908E-08 -1.570518E-08
    500004  8.555455E-12 -1.139693E-09 -1.463500E-08
    500201  4.753937E-06 -1.846166E-07 -1.224809E-07
    500208 -2.230827E-06 -1.054439E-06  1.910393E-06
    500762  1.845023E-03 -1.593105E-03 -2.079846E-02
    500769 -3.789233E+00  5.080444E-01  2.111872E+00
    500982  7.971652E-02  5.643130E-01  2.839978E-01
    501131  3.000975E-02  5.869287E-03  1.272998E+00
    501133 -2.917279E-02 -1.080364E-03  1.163586E+00
    501135  4.438985E+00  5.767319E-06 -3.262731E+00
    600000  1.722161E-08 -7.798226E-13  8.184469E-09
    600006  3.162487E-11  1.842399E-11 -2.683606E-09
    600204 -7.521625E-07  1.225535E-08  3.049777E-06
    600205 -7.933334E-05 -2.133861E-08  2.043408E-05
    600765 -1.291652E+00 -2.109068E-04 -6.093157E-02
    600766 -7.035775E-02  2.096811E-04  7.225665E-01
    600981  1.624908E-02  4.079015E-04  8.094986E-02
    601130 -1.808776E-03 -1.579223E-04  1.694678E-01
    601136  1.636785E+00  2.408368E-06 -4.446675E-01
    700001  3.088991E-08 -1.283467E-11  3.734779E-08
    700002  2.101157E-10  1.439813E-08 -1.517572E-08
    700004 -7.501241E-12  6.509370E-09 -9.628698E-09
    700201  4.776084E-06  1.792081E-07 -1.140439E-07
    700208 -2.225876E-06  1.065423E-06  1.930029E-06
    700762  1.840246E-03  1.597575E-03 -2.075810E-02
    700769 -3.793620E+00 -5.073758E-01  2.112278E+00
    700982  7.960786E-02 -5.610233E-01  2.853580E-01
    701131  3.000215E-02 -4.668367E-03  1.280529E+00
    701133 -2.907898E-02  8.537145E-04  1.167750E+00
    701135  4.455048E+00 -4.396391E-06 -3.274536E+00
    800000  1.684335E-08 -4.247230E-13  8.004163E-09
    800006  2.868295E-11  1.833770E-11 -2.633891E-09
    800204 -7.502996E-07  1.316448E-08  3.042890E-06
    800205 -7.940679E-05 -2.175609E-08  2.048943E-05
    800765 -1.287177E+00 -2.352514E-04 -6.074795E-02
    800766 -7.012693E-02  2.170748E-04  7.201133E-01
    800981  1.622121E-02  4.912419E-04  8.078631E-02
    801130 -1.793922E-03 -1.828011E-04  1.706060E-01
    801136  1.641070E+00  3.114853E-06 -4.458315E-01

                    E I G E N V A L U E    N U M B E R    15


 forces (fx,fy,fz) for set NSUPP and time  0.2000000E+01

     90000  7.270608E-11  3.854840E-11  7.482379E-11
     90002  1.374688E-10  2.205270E-11  3.528893E-10
     90004  5.924578E-10  4.847069E-10 -5.798658E-10
     90006  7.341155E-11  2.519269E-12 -2.839298E-11
    100001 -2.772495E-08  3.184393E-10 -3.345855E-08
    100002 -6.048502E-10  4.425790E-08  1.036104E-08
    100004  2.652129E-10 -8.175953E-08 -5.801310E-08
    100201 -4.590293E-06  1.259967E-08 -4.650720E-09
    100208  1.742411E-06 -1.295197E-06 -2.076201E-06
    100762 -1.645896E-03 -1.283019E-03  1.940356E-02
    100769  4.214748E+00  5.665515E-01 -2.237130E+00
    100982 -7.263613E-02  4.494630E-01 -3.555973E-01
    101131 -2.745376E-02 -4.729375E-02 -1.420095E+00
    101133  2.455735E-02  8.070303E-03 -1.216247E+00
    101135 -4.644969E+00 -4.935336E-05  3.414108E+00
    200000 -1.302143E-08  1.337498E-11 -6.188400E-09
    200006  1.695397E-11 -5.143660E-10  2.218493E-09
    200204  5.871090E-07 -9.389355E-07 -2.394401E-06
    200205  9.716698E-05  1.600752E-06 -2.977481E-05
    200765  1.203201E+00  1.524253E-02  5.367717E-02
    200766  6.193844E-02 -1.456792E-02 -6.639523E-01
    200981 -1.433911E-02 -2.920271E-02 -8.409569E-02
    201130  1.411293E-03  1.098594E-02 -2.050171E-01
    201136 -1.729795E+00 -1.726544E-04  4.699356E-01
    300001 -4.488718E-08  3.145902E-10 -5.433831E-08
    300002  1.144399E-10  8.305935E-08  2.547065E-08
    300004 -1.783352E-10 -7.353215E-08  8.688808E-08
    300201 -3.789953E-06  3.333756E-07  2.202039E-07
    300208  2.091518E-06  5.804903E-07 -1.102923E-06
    300762 -1.949986E-03  2.009388E-03  2.196952E-02
    300769  4.397041E+00 -5.851267E-01 -2.409850E+00
    300982 -7.809872E-02 -6.648477E-01 -2.690264E-01
    301131 -2.885434E-02 -5.691843E-02 -8.309386E-01
    301133  3.121210E-02  9.808807E-03 -8.829801E-01
    301135 -3.360946E+00 -5.848142E-05  2.470390E+00
    400000 -2.407424E-08  1.340388E-11 -1.144057E-08
    400006 -5.172127E-11 -5.140305E-10  3.714056E-09
    400204  7.185650E-07 -9.381678E-07 -2.904198E-06
    400205  8.895593E-05  1.600360E-06 -2.468188E-05
    400765  1.553908E+00  1.521864E-02  6.556741E-02
    400766  7.573425E-02 -1.456062E-02 -8.468255E-01
    400981 -1.556273E-02 -2.911927E-02 -9.397772E-02
    401130  1.978158E-03  1.096203E-02 -1.365035E-01
    401136 -1.481163E+00 -1.719912E-04  4.023893E-01
    500001  2.896328E-08  3.252438E-10  3.494464E-08
    500002  6.088205E-10  4.353779E-08 -1.093453E-08
    500004 -2.695267E-10 -8.183873E-08  5.747955E-08
    500201  4.736069E-06  2.991722E-09  1.091898E-09
    500208 -1.811480E-06 -1.320457E-06  2.110919E-06
    500762  1.689813E-03 -1.314851E-03 -1.996952E-02
    500769 -4.301576E+00  5.821553E-01  2.285353E+00
    500982  7.458935E-02  4.651431E-01  3.623173E-01
    501131  2.822222E-02 -4.725641E-02  1.458097E+00
    501133 -2.527961E-02  8.121198E-03  1.249457E+00
    501135  4.771644E+00 -4.961403E-05 -3.507217E+00
    600000  1.363864E-08  1.328214E-11  6.481285E-09
    600006 -1.605196E-11 -5.134471E-10 -2.318301E-09
    600204 -6.104488E-07 -9.744033E-07  2.489476E-06
    600205 -9.863143E-05  1.664099E-06  3.002255E-05
    600765 -1.233687E+00  1.569631E-02 -5.510873E-02
    600766 -6.358947E-02 -1.501922E-02  6.810194E-01
    600981  1.472800E-02 -2.989650E-02  8.612587E-02
    601130 -1.441324E-03  1.124697E-02  2.102631E-01
    601136  1.776280E+00 -1.782419E-04 -4.825644E-01
    700001  4.609163E-08  3.172682E-10  5.580080E-08
    700002 -9.264496E-11  8.367504E-08 -2.609000E-08
    700004  1.792660E-10 -7.333604E-08 -8.733080E-08
    700201  3.945779E-06  3.354660E-07 -2.254408E-07
    700208 -2.183585E-06  6.266531E-07  1.231678E-06
    700762  2.008178E-03  2.094085E-03 -2.267678E-02
    700769 -4.525776E+00 -5.985894E-01  2.480252E+00
    700982  8.020675E-02 -6.804148E-01  2.785082E-01
    701131  2.973349E-02 -5.714122E-02  8.647576E-01
    701133 -3.207681E-02  9.911802E-03  9.148286E-01
    701135  3.482289E+00 -5.905277E-05 -2.559580E+00
    800000  2.468724E-08  1.287001E-11  1.173202E-08
    800006  5.211155E-11 -5.139952E-10 -3.811645E-09
    800204 -7.482296E-07 -9.735977E-07  3.024360E-06
    800205 -8.966101E-05  1.663621E-06  2.454322E-05
    800765 -1.593391E+00  1.567321E-02 -6.736605E-02
    800766 -7.779954E-02 -1.501207E-02  8.687615E-01
    800981  1.596052E-02 -2.981365E-02  9.640724E-02
    801130 -2.010735E-03  1.122303E-02  1.410644E-01
    801136  1.526131E+00 -1.775946E-04 -4.146060E-01

                    E I G E N V A L U E    N U M B E R    16


 forces (fx,fy,fz) for set NSUPP and time  0.2000000E+01

     90000 -5.885403E-11  1.919369E-11 -7.436208E-11
     90002 -1.443750E-10 -4.882394E-11 -2.642732E-10
     90004  6.309580E-11 -1.595423E-11 -4.066602E-11
     90006 -7.326691E-11 -3.116560E-11 -2.903174E-11
    100001 -5.305266E-04  2.693784E-08 -6.413408E-04
    100002 -3.941077E-06 -2.857359E-04  2.603492E-04
    100004  1.696045E-06 -5.172317E-05  2.187390E-04
    100201 -4.472590E-02 -1.795964E-03  1.445402E-03
    100208  2.481986E-02 -9.508248E-03 -2.634069E-02
    100762  2.134720E-02  8.693168E-03  2.467361E-02
    100769 -4.464323E-02  1.166031E-03 -7.367581E-04
    100982  7.339833E-06 -3.886552E-05  3.936641E-05
    101131  3.048821E-06 -4.234863E-07  8.303028E-05
    101133 -3.317298E-06  7.192547E-08  9.000124E-05
    101135  3.424554E-04 -3.804564E-10 -2.517149E-04
    200000 -2.424400E-04 -6.549686E-11 -1.152141E-04
    200006  1.585397E-07  4.185725E-09  4.054196E-05
    200204  8.244533E-03  1.697212E-05 -3.323810E-02
    200205  1.341408E-01 -2.929903E-05  6.469898E-02
    200765 -6.537168E-03  2.249013E-05 -1.311234E-01
    200766  6.662856E-03 -1.332712E-05  3.665332E-02
    200981  1.245434E-06  4.243729E-09  9.863373E-06
    201130 -2.363724E-07  9.195468E-10  6.325231E-06
    201136  1.143476E-04 -1.911776E-11 -3.106496E-05
    300001 -5.304653E-04 -3.115602E-08 -6.412661E-04
    300002 -3.943898E-06  2.852767E-04  2.602806E-04
    300004  1.699229E-06  5.228771E-05  2.182140E-04
    300201 -4.479834E-02  1.735095E-03  1.445920E-03
    300208  2.482032E-02  9.627615E-03 -2.664170E-02
    300762  2.134860E-02 -8.761585E-03  2.489914E-02
    300769 -4.469008E-02 -1.124363E-03 -7.377527E-04
    300982  7.339771E-06  3.884879E-05  3.937340E-05
    301131  3.047604E-06  4.460721E-07  8.295933E-05
    301133 -3.317177E-06 -7.393621E-08  8.995195E-05
    301135  3.422664E-04  3.974271E-10 -2.515760E-04
    400000 -2.423775E-04 -7.092764E-11 -1.151844E-04
    400006  1.591735E-07  2.398483E-09  4.053469E-05
    400204  8.243965E-03  2.699154E-05 -3.323667E-02
    400205  1.321804E-01 -3.412743E-05  6.546060E-02
    400765 -8.644934E-03  2.815503E-05 -1.319469E-01
    400766  6.662750E-03 -2.410625E-05  3.665338E-02
    400981  1.244963E-06 -1.014295E-08  9.859903E-06
    401130 -2.360828E-07  3.701881E-09  6.337194E-06
    401136  1.143935E-04 -9.421636E-11 -3.107741E-05
    500001 -5.257940E-04 -3.091305E-08 -6.356188E-04
    500002 -3.902271E-06  2.827297E-04  2.579918E-04
    500004  1.680180E-06  5.185599E-05  2.162495E-04
    500201 -4.439337E-02  1.721427E-03  1.434889E-03
    500208  2.462149E-02  9.607842E-03 -2.643612E-02
    500762  2.116992E-02 -8.786219E-03  2.463359E-02
    500769 -4.437175E-02 -1.116903E-03 -7.296901E-04
    500982  7.324239E-06  3.900707E-05  3.934412E-05
    501131  3.046113E-06  4.327413E-07  8.344120E-05
    501133 -3.312053E-06 -7.372129E-08  9.023369E-05
    501135  3.433402E-04  3.941364E-10 -2.523653E-04
    600000 -2.402039E-04 -1.159900E-10 -1.141515E-04
    600006  1.561122E-07  5.590641E-09  4.016380E-05
    600204  8.175748E-03  1.810750E-06 -3.296561E-02
    600205  1.287425E-01  1.074034E-05  6.576492E-02
    600765 -1.146151E-03 -2.891368E-05 -1.278657E-01
    600766  6.609377E-03  9.380769E-06  3.636744E-02
    600981  1.240970E-06 -6.121935E-10  9.859995E-06
    601130 -2.343173E-07 -2.419082E-09  6.418465E-06
    601136  1.147033E-04  3.002641E-11 -3.116158E-05
    700001 -5.258617E-04  2.623909E-08 -6.357015E-04
    700002 -3.898118E-06 -2.832378E-04  2.580697E-04
    700004  1.673402E-06 -5.123036E-05  2.168109E-04
    700201 -4.432477E-02 -1.778568E-03  1.432748E-03
    700208  2.461302E-02 -9.475714E-03 -2.613075E-02
    700762  2.115971E-02  8.708768E-03  2.438636E-02
    700769 -4.432648E-02  1.157299E-03 -7.272353E-04
    700982  7.319547E-06 -3.899831E-05  3.934008E-05
    701131  3.047175E-06 -4.366619E-07  8.349091E-05
    701133 -3.310632E-06  7.240930E-08  9.025260E-05
    701135  3.434148E-04 -3.866401E-10 -2.524201E-04
    800000 -2.401625E-04 -1.122051E-10 -1.141318E-04
    800006  1.543080E-07  7.362737E-09  4.014877E-05
    800204  8.169412E-03 -8.108081E-06 -3.294264E-02
    800205  1.307047E-01  1.550464E-05  6.490488E-02
    800765  1.009063E-03 -3.451745E-05 -1.268977E-01
    800766  6.603105E-03  2.006441E-05  3.633599E-02
    800981  1.239073E-06  1.372572E-08  9.854525E-06
    801130 -2.334574E-07 -5.195556E-09  6.452216E-06
    801136  1.148423E-04  1.062444E-10 -3.119934E-05

                    E I G E N V A L U E    N U M B E R    17


 forces (fx,fy,fz) for set NSUPP and time  0.2000000E+01

     90000 -8.089404E-11  3.876391E-11 -2.067318E-10
     90002 -4.885709E-10 -1.262095E-10 -1.128881E-09
     90004  4.380851E-10  3.325633E-10 -4.129246E-10
     90006 -3.280743E-10 -5.851577E-11 -7.159920E-11
    100001 -1.920603E-04  4.258332E-08 -2.319573E-04
    100002 -2.140160E-06 -1.008364E-04  9.113214E-05
    100004  2.661103E-06 -1.147997E-05  8.615658E-05
    100201  2.890942E-02  9.779082E-04  3.207444E-04
    100208  2.417752E-03  7.912001E-03 -2.360745E-02
    100762 -1.466710E-03  8.107238E-03 -1.903549E-02
    100769 -2.226352E-02  5.316836E-04  1.056380E-04
    100982 -9.751987E-07  5.309894E-07  4.938205E-06
    101131 -2.075383E-07 -2.458867E-08 -6.556919E-07
    101133  2.637041E-07  8.275827E-09 -3.077778E-06
    101135 -1.158387E-05 -4.606549E-11  8.515102E-06
    200000  9.499909E-06  8.367784E-10  4.514609E-06
    200006  9.406719E-07 -1.386815E-08  2.803362E-06
    200204  2.269577E-04 -2.754297E-04 -2.787878E-04
    200205 -3.156258E+00  4.668263E-04  1.241861E+00
    200765  3.128494E+00  4.601462E-04  1.225330E+00
    200766  1.150966E-04 -2.796683E-04  1.069803E-03
    200981 -3.095040E-07 -1.464529E-07 -2.247376E-09
    201130  9.668057E-09  2.443325E-08 -3.054367E-06
    201136 -2.216465E-05 -4.699786E-10  6.021503E-06
    300001 -1.938812E-04  2.389699E-08 -2.341696E-04
    300002 -2.075291E-06  1.143344E-04  9.269182E-05
    300004  2.647034E-06 -4.941740E-06  1.017478E-04
    300201  2.906154E-02 -8.624792E-04  3.361404E-04
    300208  2.519691E-03 -8.139175E-03 -2.328481E-02
    300762 -1.553986E-03 -8.183941E-03 -1.896905E-02
    300769 -2.232676E-02 -4.727262E-04  1.093891E-04
    300982 -9.662732E-07 -2.834721E-06  6.154670E-06
    301131 -2.118884E-07 -6.039332E-08  2.804096E-08
    301133  2.751083E-07  1.276578E-08 -2.728476E-06
    301135 -1.023435E-05 -7.165564E-11  7.523262E-06
    400000  8.080077E-06  8.357474E-10  3.839863E-06
    400006  9.443396E-07 -1.657338E-08  3.052997E-06
    400204  2.630705E-04 -2.747630E-04 -4.187100E-04
    400205 -3.165210E+00  4.662297E-04  1.245881E+00
    400765  3.138741E+00  4.595440E-04  1.229940E+00
    400766  8.417800E-05 -2.791225E-04  9.042366E-04
    400981 -3.102201E-07 -1.495584E-07 -1.608603E-09
    401130  1.079959E-08  2.413877E-08 -2.914568E-06
    401136 -2.165363E-05 -4.619297E-10  5.882672E-06
    500001 -1.624396E-04  2.587841E-08 -1.961904E-04
    500002 -1.745272E-06  9.687102E-05  7.765507E-05
    500004  2.260370E-06 -5.808331E-06  8.675309E-05
    500201  2.520422E-02 -7.406198E-04  2.859762E-04
    500208  2.128214E-03 -6.975662E-03 -2.002902E-02
    500762 -1.055165E-03 -7.061152E-03 -1.603918E-02
    500769 -1.990954E-02 -4.151771E-04  8.779135E-05
    500982 -6.437500E-07 -1.459701E-06  6.397230E-06
    501131 -1.081979E-07 -4.658995E-08  2.141802E-06
    501133  1.567867E-07  1.079385E-08 -9.977044E-08
    501135 -2.499143E-07 -6.103746E-11  1.843186E-07
    600000  8.822587E-06  7.991636E-10  4.192726E-06
    600006  8.114498E-07 -1.366114E-08  2.312664E-06
    600204  2.118846E-04 -2.978526E-04 -3.012988E-04
    600205 -2.730270E+00  5.099133E-04  1.074470E+00
    600765  2.707398E+00  4.979738E-04  1.059213E+00
    600766  1.617697E-04 -3.003547E-04  1.272104E-03
    600981 -2.351115E-07 -1.504192E-07  2.669505E-07
    601130  3.876387E-09  2.510142E-08 -2.250574E-06
    601136 -1.531896E-05 -4.823434E-10  4.161725E-06
    700001 -1.606241E-04  4.139715E-08 -1.939849E-04
    700002 -1.808840E-06 -8.341196E-05  7.609646E-05
    700004  2.272138E-06 -1.056412E-05  7.118233E-05
    700201  2.505458E-02  8.550298E-04  2.701410E-04
    700208  2.014402E-03  6.759080E-03 -2.031664E-02
    700762 -9.568530E-04  6.992882E-03 -1.607063E-02
    700769 -1.984754E-02  4.734585E-04  8.355488E-05
    700982 -6.519968E-07 -8.416816E-07  5.185459E-06
    701131 -1.036024E-07 -3.727311E-08  1.450277E-06
    701133  1.449784E-07  1.054782E-08 -4.502060E-07
    701135 -1.604152E-06 -5.828756E-11  1.179623E-06
    800000  1.028216E-05  8.001391E-10  4.886354E-06
    800006  8.074995E-07 -1.135843E-08  2.053578E-06
    800204  1.713064E-04 -2.984323E-04 -1.435227E-04
    800205 -2.721458E+00  5.104445E-04  1.070430E+00
    800765  2.697203E+00  4.984429E-04  1.054543E+00
    800766  1.962240E-04 -3.007258E-04  1.456998E-03
    800981 -2.344202E-07 -1.474519E-07  2.667142E-07
    801130  2.669425E-09  2.528769E-08 -2.393980E-06
    801136 -1.584184E-05 -4.885547E-10  4.303778E-06

                    E I G E N V A L U E    N U M B E R    18


 forces (fx,fy,fz) for set NSUPP and time  0.2000000E+01

     90000 -2.511958E-11  1.226351E-11 -6.858365E-11
     90002 -1.826933E-10 -4.732890E-11 -3.822874E-10
     90004  2.583869E-10  2.416601E-10 -2.081051E-10
     90006 -1.109572E-10 -3.264954E-11 -3.695030E-11
    100001  1.741081E-04 -4.327722E-07  2.102185E-04
    100002  2.374633E-06  1.796984E-05 -7.878184E-05
    100004 -2.458357E-06  1.080777E-04  9.369194E-06
    100201 -2.374878E-02 -1.671706E-03 -1.907759E-04
    100208 -1.172565E-03 -5.157292E-03  2.222397E-02
    100762  2.620418E-03 -5.770166E-03  1.832921E-02
    100769  1.447308E-02 -6.405988E-04 -1.201349E-04
    100982  1.984055E-06  6.511209E-06  8.993866E-06
    101131  5.922992E-07  4.016256E-07  1.589654E-05
    101133 -6.434182E-07 -1.123884E-07  1.728098E-05
    101135  6.574812E-05  6.286423E-10 -4.832685E-05
    200000 -8.672687E-06 -1.007345E-08 -4.121488E-06
    200006 -8.034514E-07  1.553772E-07 -2.303302E-06
    200204  1.144469E-04  3.704630E-03 -9.740269E-04
    200205  2.631499E+00 -6.272528E-03 -1.031083E+00
    200765 -2.601383E+00 -6.074554E-03 -1.026567E+00
    200766  3.019742E-04  3.667414E-03  1.323677E-03
    200981  4.486920E-07  1.818373E-06  1.611115E-06
    201130 -3.452114E-08 -3.027073E-07  4.780682E-06
    201136  4.083685E-05  5.865256E-09 -1.109421E-05
    300001  1.970916E-04 -4.146063E-07  2.381396E-04
    300002  1.566547E-06 -1.883462E-04 -9.848626E-05
    300004 -2.306017E-06  9.917390E-05 -1.876729E-04
    300201 -2.600385E-02 -9.288262E-05 -3.705979E-04
    300208 -2.522590E-03  8.623405E-03  1.679813E-02
    300762  3.784474E-03  6.526165E-03  1.828046E-02
    300769  1.512554E-02  8.392399E-06 -1.669376E-04
    300982  1.872682E-06  2.242919E-05 -6.365019E-06
    301131  6.477534E-07  5.567445E-07  7.808704E-06
    301133 -7.829733E-07 -1.368577E-07  1.319656E-05
    301135  4.996267E-05  7.604758E-10 -3.672525E-05
    400000  9.470363E-06 -1.007238E-08  4.500586E-06
    400006 -8.578095E-07  1.578204E-07 -5.533906E-06
    400204 -3.600746E-04  3.704222E-03  8.648906E-04
    400205  2.741899E+00 -6.272144E-03 -1.081122E+00
    400765 -2.741649E+00 -6.073608E-03 -1.089642E+00
    400766  7.202713E-04  3.666121E-03  3.564562E-03
    400981  4.586485E-07  1.819181E-06  1.579036E-06
    401130 -4.868163E-08 -3.020495E-07  3.054188E-06
    401136  3.453190E-05  5.847321E-09 -9.381327E-06
    500001 -1.984582E-04 -4.402257E-07 -2.396248E-04
    500002 -2.645304E-06  3.166402E-05  9.030270E-05
    500004  2.820301E-06  1.081881E-04  2.693439E-06
    500201  2.805260E-02 -1.797914E-03  2.261312E-04
    500208  1.351356E-03 -6.271336E-03 -2.521631E-02
    500762 -2.765645E-03 -6.806702E-03 -2.080247E-02
    500769 -1.766461E-02 -6.995730E-04  1.311618E-04
    500982 -2.109336E-06  6.286631E-06 -8.127304E-06
    501131 -6.174010E-07  4.019579E-07 -1.598470E-05
    501133  6.754625E-07 -1.141174E-07 -1.766110E-05
    501135 -6.717696E-05  6.372914E-10  4.937718E-05
    600000  1.118091E-05 -9.922183E-09  5.313462E-06
    600006  9.343122E-07  1.446014E-07  2.496744E-06
    600204 -1.335344E-04  3.850837E-03  1.138682E-03
    600205 -3.071414E+00 -6.531098E-03  1.203454E+00
    600765  3.037162E+00 -6.354810E-03  1.196917E+00
    600766 -2.683081E-04  3.834576E-03 -1.078947E-03
    600981 -4.899888E-07  1.827882E-06 -1.593993E-06
    601130  3.518463E-08 -3.092429E-07 -5.214003E-06
    601136 -4.386369E-05  6.004575E-09  1.191651E-05
    700001 -2.214241E-04 -4.198369E-07 -2.675236E-04
    700002 -1.841706E-06 -2.019342E-04  1.100706E-04
    700004  2.671384E-06  9.894273E-05  1.997374E-04
    700201  3.028101E-02  5.382994E-05  4.140139E-04
    700208  2.794515E-03  9.674494E-03 -2.012149E-02
    700762 -4.013322E-03  7.501868E-03 -2.106807E-02
    700769 -1.830037E-02  8.222250E-05  1.851894E-04
    700982 -1.997399E-06  2.262403E-05  7.144909E-06
    701131 -6.755821E-07  5.611498E-07 -7.793029E-06
    701133  8.186206E-07 -1.391132E-07 -1.354329E-05
    701135 -5.126046E-05  7.721083E-10  3.767927E-05
    800000 -7.029248E-06 -9.921044E-09 -3.340505E-06
    800006  9.914756E-07  1.474594E-07  5.750359E-06
    800204  3.657124E-04  3.850283E-03 -7.970027E-04
    800205 -3.187261E+00 -6.530209E-03  1.255971E+00
    800765  3.183143E+00 -6.353697E-03  1.262643E+00
    800766 -7.085256E-04  3.833462E-03 -3.437786E-03
    800981 -5.003619E-07  1.829340E-06 -1.567222E-06
    801130  4.941435E-08 -3.085654E-07 -3.469066E-06
    801136 -3.751383E-05  5.987739E-09  1.019143E-05

                    E I G E N V A L U E    N U M B E R    19


 forces (fx,fy,fz) for set NSUPP and time  0.2000000E+01

     90000  1.820406E-11  4.190301E-11 -8.215287E-12
     90002 -2.907004E-11 -2.032335E-12 -1.245670E-10
     90004  3.545226E-10  2.705628E-10 -3.210723E-10
     90006 -4.847790E-11 -9.322348E-12 -2.076450E-11
    100001  5.042989E-04  3.743479E-07  6.096820E-04
    100002  3.312855E-06  3.474872E-04 -2.512158E-04
    100004 -1.617257E-06 -5.548812E-05 -2.974041E-04
    100201  2.273133E-02  9.791105E-03 -1.195241E-03
    100208 -2.159653E-02 -1.014310E-02 -1.507664E-02
    100762 -1.822254E-02  3.400051E-03  1.020165E-02
    100769  2.914138E-02 -7.019950E-03  5.282255E-04
    100982 -4.586701E-06  3.382775E-05 -2.609013E-05
    101131 -2.055014E-06 -5.903383E-06 -7.886353E-05
    101133  2.045411E-06  9.136971E-07 -7.424359E-05
    101135 -2.830760E-04 -5.673469E-09  2.080665E-04
    200000  2.168201E-04  2.709719E-08  1.030389E-04
    200006 -2.360554E-07 -1.398542E-06 -3.669223E-05
    200204 -6.838853E-03 -3.865994E-03  2.747691E-02
    200205  8.217556E-02  4.793846E-03 -1.295734E-01
    200765 -1.038350E-01 -4.942133E-03  6.533141E-02
    200766 -5.499677E-03  4.062504E-03 -3.022248E-02
    200981 -7.218334E-07 -1.226331E-06 -7.287085E-06
    201130  1.430805E-07  8.268182E-07 -6.852839E-06
    201136 -8.814897E-05 -1.044837E-08  2.394755E-05
    300001  4.825608E-04  4.276299E-07  5.831765E-04
    300002  4.431538E-06 -1.859449E-04 -2.313311E-04
    300004 -2.795733E-06 -1.425981E-04 -1.179321E-04
    300201  4.291595E-02  7.125881E-03 -1.386088E-03
    300208 -2.135457E-02 -2.369246E-02  6.825719E-02
    300762 -1.821279E-02  1.715141E-02 -5.522149E-02
    300769  4.306866E-02 -5.158046E-03  7.581221E-04
    300982 -5.349429E-06 -1.985288E-05 -3.737922E-05
    301131 -2.122159E-06 -6.458722E-06 -1.557318E-05
    301133  2.648631E-06  1.003309E-06 -3.730959E-05
    301135 -1.408905E-04 -6.154050E-09  1.035639E-04
    400000  2.117186E-04  2.710380E-08  1.006145E-04
    400006 -5.195401E-07 -1.396533E-06 -3.716932E-05
    400204 -7.303620E-03 -3.874699E-03  2.935518E-02
    400205  5.463086E-01  4.798681E-03 -3.183500E-01
    400765  3.488944E-01 -4.947244E-03  2.497601E-01
    400766 -5.848939E-03  4.071601E-03 -3.215238E-02
    400981 -8.351358E-07 -1.215186E-06 -8.583924E-06
    401130  1.897807E-07  8.248501E-07 -1.120221E-06
    401136 -6.711258E-05 -1.039605E-08  1.823255E-05
    500001 -5.095012E-04  3.775384E-07 -6.159713E-04
    500002 -3.343261E-06  3.502165E-04  2.538012E-04
    500004  1.622129E-06 -5.495424E-05  2.994377E-04
    500201 -2.305557E-02  9.810212E-03  1.210383E-03
    500208  2.177263E-02 -1.000574E-02  1.495904E-02
    500762  1.837463E-02  3.239896E-03 -1.016947E-02
    500769 -2.959427E-02 -7.034663E-03 -5.359830E-04
    500982  4.651734E-06  3.435538E-05  2.647072E-05
    501131  2.086809E-06 -5.904959E-06  8.022879E-05
    501133 -2.077067E-06  9.188812E-07  7.549343E-05
    501135  2.878358E-04 -5.703126E-09 -2.115651E-04
    600000 -2.188568E-04  2.732487E-08 -1.040068E-04
    600006  2.362621E-07 -1.414856E-06  3.702405E-05
    600204  6.888875E-03 -3.548371E-03 -2.768427E-02
    600205 -8.318548E-02  4.241026E-03  1.306211E-01
    600765  1.133784E-01 -4.455324E-03 -6.237337E-02
    600766  5.545219E-03  3.774190E-03  3.048166E-02
    600981  7.313982E-07 -1.302934E-06  7.387259E-06
    601130 -1.441945E-07  8.484221E-07  6.995818E-06
    601136  8.971558E-05 -1.091055E-08 -2.437315E-05
    700001 -4.877831E-04  4.309565E-07 -5.894880E-04
    700002 -4.467170E-06 -1.888006E-04  2.338596E-04
    700004  2.823394E-06 -1.429943E-04  1.202201E-04
    700201 -4.327867E-02  7.116129E-03  1.399808E-03
    700208  2.165841E-02 -2.383418E-02 -6.873545E-02
    700762  1.846774E-02  1.733690E-02  5.556515E-02
    700769 -4.355509E-02 -5.147427E-03 -7.622429E-04
    700982  5.432704E-06 -2.037957E-05  3.800949E-05
    701131  2.162979E-06 -6.469821E-06  1.659655E-05
    701133 -2.691804E-06  1.010203E-06  3.844807E-05
    701135  1.452144E-04 -6.195989E-09 -1.067421E-04
    800000 -2.139124E-04  2.733658E-08 -1.016570E-04
    800006  5.238735E-07 -1.412958E-06  3.754498E-05
    800204  7.403627E-03 -3.556557E-03 -2.976096E-02
    800205 -5.542985E-01  4.245164E-03  3.228397E-01
    800765 -3.456878E-01 -4.459361E-03 -2.499898E-01
    800766  5.931168E-03  3.782796E-03  3.261192E-02
    800981  8.444984E-07 -1.291728E-06  8.725984E-06
    801130 -1.911309E-07  8.464720E-07  1.205534E-06
    801136  6.854765E-05 -1.086016E-08 -1.862242E-05

                    E I G E N V A L U E    N U M B E R    20


 forces (fx,fy,fz) for set NSUPP and time  0.2000000E+01

     90000 -4.052142E-10  5.687204E-10 -1.462284E-09
     90002  3.962370E-10  1.077093E-10  6.349986E-10
     90004 -1.983553E-10 -2.097004E-10  3.928875E-10
     90006 -2.554641E-10 -8.485148E-11  2.452127E-10
    100001 -7.525229E-04  2.025803E-06 -9.090390E-04
    100002 -8.988639E-06 -3.997157E-05  3.450552E-04
    100004  6.289229E-06 -5.435493E-04 -1.057913E-04
    100201 -3.426528E-02  1.366652E-02  8.782869E-04
    100208  7.744480E-03 -3.206133E-02 -7.623213E-02
    100762  6.900428E-03  1.976104E-02  5.902829E-02
    100769 -3.032049E-02 -9.754561E-03 -4.968110E-04
    100982  4.190645E-06  5.645299E-05  5.465791E-05
    101131  1.325103E-06 -4.005954E-06  7.123155E-06
    101133 -1.663670E-06  3.160003E-07  2.151096E-05
    101135  8.111383E-05 -2.383166E-09 -5.962461E-05
    200000 -2.927283E-04  6.389441E-08 -1.391125E-04
    200006  1.292359E-06 -1.915898E-06  5.405972E-05
    200204  2.721250E-03 -2.510687E-02 -1.096614E-02
    200205 -3.137714E-01  4.057897E-02  1.619836E-01
    200765 -2.903731E-01 -3.891026E-02 -1.563401E-01
    200766  2.192921E-03  2.499798E-02  1.216920E-02
    200981  6.556720E-07  1.008319E-05  4.546622E-06
    201130 -1.139824E-07 -9.195955E-07  1.815848E-06
    201136  4.744809E-05  2.388546E-08 -1.289028E-05
    300001 -8.601794E-04  1.941040E-06 -1.039916E-03
    300002 -4.865501E-06  8.384172E-04  4.385199E-04
    300004  4.593430E-06 -4.294314E-04  8.106170E-04
    300201 -6.064014E-05  1.516794E-02  1.155904E-03
    300208  1.559974E-02 -2.504589E-02  4.711554E-02
    300762  1.303866E-02  1.311153E-02 -3.340626E-02
    300769 -7.672767E-03 -1.075354E-02 -2.484933E-04
    300982  2.894117E-06  8.287300E-05 -1.590586E-05
    301131  1.585527E-06 -3.687387E-06  2.731713E-05
    301133 -1.846942E-06  2.707524E-07  3.711638E-05
    301135  1.408197E-04 -2.131881E-09 -1.035086E-04
    400000 -3.708061E-04  6.389054E-08 -1.762172E-04
    400006  1.217811E-06 -1.920803E-06  6.653259E-05
    400204  4.981963E-03 -2.510273E-02 -1.971802E-02
    400205 -2.037716E-02  4.057688E-02  7.878466E-02
    400765  1.858438E-03 -3.890713E-02 -7.617911E-02
    400766  3.993059E-03  2.499340E-02  2.179481E-02
    400981  4.788355E-07  1.007645E-05  5.215043E-06
    401130 -1.470977E-07 -9.181317E-07 -1.935865E-06
    401136  3.449143E-05  2.384646E-08 -9.370321E-06
    500001  7.499781E-04  2.054388E-06  9.059649E-04
    500002  8.946544E-06 -3.890762E-05 -3.436538E-04
    500004 -6.261952E-06 -5.430545E-04  1.068491E-04
    500201  3.423329E-02  1.359117E-02 -8.545093E-04
    500208 -7.600923E-03 -3.189103E-02  7.547385E-02
    500762 -6.790621E-03  1.965413E-02 -5.840426E-02
    500769  3.034679E-02 -9.703317E-03  4.756809E-04
    500982 -4.215810E-06  5.618804E-05 -5.454304E-05
    501131 -1.330413E-06 -4.000161E-06 -7.672840E-06
    501133  1.666513E-06  3.108428E-07 -2.191740E-05
    501135 -8.266609E-05 -2.362581E-09  6.076554E-05
    600000  2.915564E-04  6.351699E-08  1.385556E-04
    600006 -1.279476E-06 -1.889955E-06 -5.381180E-05
    600204 -2.689572E-03 -2.550875E-02  1.084666E-02
    600205  3.082449E-01  4.131198E-02 -1.593456E-01
    600765  2.851399E-01 -3.958347E-02  1.538304E-01
    600766 -2.171071E-03  2.539861E-02 -1.205538E-02
    600981 -6.557118E-07  1.015704E-05 -4.555188E-06
    601130  1.132192E-07 -9.356430E-07 -1.895096E-06
    601136 -4.797814E-05  2.422765E-08  1.303429E-05
    700001  8.575371E-04  1.970336E-06  1.036722E-03
    700002  4.836870E-06  8.367488E-04 -4.374275E-04
    700004 -4.558330E-06 -4.292371E-04 -8.092696E-04
    700201  1.787452E-04  1.509613E-02 -1.180202E-03
    700208 -1.580770E-02 -2.477868E-02 -4.628151E-02
    700762 -1.320550E-02  1.288820E-02  3.273508E-02
    700769  7.764225E-03 -1.070708E-02  2.704563E-04
    700982 -2.893058E-06  8.293260E-05  1.551398E-05
    701131 -1.597431E-06 -3.678781E-06 -2.761036E-05
    701133  1.859073E-06  2.649662E-07 -3.744204E-05
    701135 -1.420534E-04 -2.109556E-09  1.044154E-04
    800000  3.699297E-04  6.352122E-08  1.758008E-04
    800006 -1.210323E-06 -1.895141E-06 -6.635793E-05
    800204 -5.029410E-03 -2.550368E-02  1.990993E-02
    800205  2.422014E-02  4.130732E-02 -8.091928E-02
    800765  1.519965E-03 -3.957830E-02  7.816473E-02
    800766 -4.031170E-03  2.539441E-02 -2.200419E-02
    800981 -4.756060E-07  1.015109E-05 -5.266650E-06
    801130  1.465308E-07 -9.342273E-07  1.903418E-06
    801136 -3.490225E-05  2.419152E-08  9.481931E-06

                    E I G E N V A L U E    N U M B E R    21


 forces (fx,fy,fz) for set NSUPP and time  0.2000000E+01

     90000 -3.696812E-11 -1.956638E-11 -2.700774E-11
     90002 -1.463845E-10 -3.621106E-11 -3.361932E-10
     90004  2.813265E-10  3.266209E-10 -2.308765E-10
     90006  1.097203E-10  3.909284E-11  9.355890E-11
    100001  1.256955E+01 -6.861865E-04  1.518673E+01
    100002  1.192123E-01  6.898099E+00 -6.060058E+00
    100004 -1.191632E-01  6.383170E-01 -5.722363E+00
    100201 -1.112843E+01  6.205586E-01 -6.823605E+00
    100208  1.635315E-03 -3.110363E-03  2.258182E-02
    100762  1.865293E-06  7.438014E-07  2.371703E-06
    100769 -3.761609E-06  7.861201E-08 -7.985182E-08
    100982  2.009548E-10  5.183198E-10  2.035860E-09
    101131  1.026853E-10 -2.281391E-11 -1.608884E-09
    101133 -1.441485E-10  8.209340E-13  3.392236E-10
    101135  1.179115E-09  2.795502E-13 -8.672931E-10
    200000  5.063237E+00  1.415477E-05  2.406190E+00
    200006 -3.094277E-02 -1.143124E-03 -9.747751E-01
    200204 -9.763468E-02 -5.329656E-04 -2.645954E+00
    200205 -4.391171E+00  5.814422E-04  6.020644E-02
    200765 -1.686593E-05 -1.384107E-07 -1.780697E-05
    200766  5.803471E-07  8.650046E-08  3.182821E-06
    200981  1.522175E-11  3.230740E-11  4.351520E-10
    201130 -1.211667E-11 -4.523356E-12 -6.897477E-10
    201136 -4.122431E-10  8.854846E-14  1.119190E-10
    300001  1.257328E+01  5.928278E-04  1.519117E+01
    300002  1.193980E-01 -6.925302E+00 -6.061839E+00
    300004 -1.200890E-01 -6.066340E-01 -5.760247E+00
    300201 -1.119925E+01 -6.168632E-01 -6.868410E+00
    300208  1.647574E-03  3.179558E-03  2.268799E-02
    300762  1.889726E-06 -6.776865E-07  2.210476E-06
    300769 -3.716765E-06 -1.218424E-07 -7.905697E-08
    300982  1.760140E-10 -1.390719E-10  1.858446E-09
    301131  1.034919E-10 -1.269339E-11 -1.519875E-09
    301133 -1.461098E-10  1.129541E-12  4.099797E-10
    301135  1.449562E-09 -2.335743E-13 -1.066209E-09
    400000  5.076048E+00  1.427951E-05  2.412278E+00
    400006 -3.125692E-02 -1.048962E-03 -9.783220E-01
    400204 -9.851951E-02 -5.195723E-04 -2.655217E+00
    400205 -4.404131E+00  5.263714E-04  6.075136E-02
    400765 -1.714849E-05 -1.378965E-07 -1.807400E-05
    400766  5.884917E-07  8.556717E-08  3.226543E-06
    400981  1.288730E-11  3.470189E-11  4.375889E-10
    401130 -1.284201E-11 -4.899733E-12 -7.076258E-10
    401136 -4.754038E-10  1.707324E-12  1.288137E-10
    500001  1.150292E+01  5.395271E-04  1.389794E+01
    500002  1.090791E-01 -6.335489E+00 -5.545855E+00
    500004 -1.097977E-01 -5.554911E-01 -5.269758E+00
    500201 -1.024307E+01 -5.636110E-01 -6.282253E+00
    500208  1.507948E-03  2.921416E-03  2.080843E-02
    500762  1.689788E-06 -6.128920E-07  1.961009E-06
    500769 -3.326014E-06 -1.112731E-07 -7.067603E-08
    500982  1.669663E-10 -1.307276E-10  1.626047E-09
    501131  8.918215E-11 -1.444618E-11 -1.325981E-09
    501133 -1.258215E-10  1.075019E-12  3.486890E-10
    501135  1.230133E-09  1.211225E-13 -9.047512E-10
    600000  4.644518E+00  1.674047E-05  2.207203E+00
    600006 -2.857306E-02 -1.229564E-03 -8.949766E-01
    600204 -9.010464E-02 -6.103103E-04 -2.427583E+00
    600205 -4.026335E+00  6.282609E-04  5.557034E-02
    600765 -1.517662E-05 -1.484387E-07 -1.609264E-05
    600766  5.263011E-07  9.181418E-08  2.885946E-06
    600981  8.982764E-12  3.356242E-11  3.858480E-10
    601130 -1.133340E-11 -4.661025E-12 -6.296372E-10
    601136 -4.983788E-10  2.578546E-13  1.355519E-10
    700001  1.149950E+01 -6.231782E-04  1.389389E+01
    700002  1.088220E-01  6.310641E+00 -5.544506E+00
    700004 -1.087053E-01  5.841404E-01 -5.233404E+00
    700201 -1.016920E+01  5.673823E-01 -6.234676E+00
    700208  1.493403E-03 -2.861138E-03  2.068085E-02
    700762  1.662872E-06  6.767300E-07  2.113311E-06
    700769 -3.370610E-06  6.834742E-08 -7.116232E-08
    700982  1.831800E-10  5.113146E-10  1.803378E-09
    701131  8.749824E-11 -2.282629E-11 -1.413625E-09
    701133 -1.247778E-10  1.005414E-12  2.763838E-10
    701135  9.561247E-10  2.742904E-14 -7.029918E-10
    800000  4.627733E+00  1.663365E-05  2.199226E+00
    800006 -2.821923E-02 -1.315891E-03 -8.905484E-01
    800204 -8.897982E-02 -6.224848E-04 -2.418806E+00
    800205 -4.015244E+00  6.785605E-04  5.491570E-02
    800765 -1.484311E-05 -1.488877E-07 -1.578587E-05
    800766  5.171379E-07  9.265452E-08  2.836978E-06
    800981  8.672378E-12  3.326523E-11  3.808613E-10
    801130 -1.081589E-11 -4.894243E-12 -6.089082E-10
    801136 -4.275662E-10 -9.541990E-13  1.158334E-10

                    E I G E N V A L U E    N U M B E R    22


 forces (fx,fy,fz) for set NSUPP and time  0.2000000E+01

     90000  2.188558E-11  7.124390E-11 -8.560902E-11
     90002 -2.918953E-10 -7.612222E-11 -6.767658E-10
     90004  4.824008E-10  6.212997E-10 -3.915156E-10
     90006  2.239125E-10  8.463396E-11  2.106268E-10
    100001 -1.123096E+01  2.045589E-03 -1.357001E+01
    100002 -1.050906E-01 -5.907555E+00  5.410864E+00
    100004  9.803202E-02 -8.851361E-01  4.742226E+00
    100201  9.281795E+00 -6.010752E-01  5.674969E+00
    100208 -1.343328E-03  2.087448E-03 -1.923989E-02
    100762 -1.853559E-06 -1.431782E-06 -4.335020E-06
    100769  4.535898E-06  3.413427E-07  9.800772E-08
    100982 -3.529935E-10 -4.039484E-09 -4.348414E-09
    101131 -1.334290E-10  4.305191E-10  3.052839E-09
    101133  1.962654E-10 -3.070393E-11  1.322144E-10
    101135  6.726596E-10  3.984645E-13 -4.936360E-10
    200000 -4.399102E+00 -3.398558E-04 -2.090575E+00
    200006  2.469466E-02  2.612502E-02  8.367296E-01
    200204  7.800695E-02  1.254044E-02  2.292592E+00
    200205  3.833795E+00 -1.325654E-02 -4.825259E-02
    200765  2.259395E-05  3.039597E-06  1.982526E-05
    200766 -5.680721E-07 -1.888219E-06 -3.125377E-06
    200981 -3.987875E-11 -7.064493E-10 -5.103237E-10
    201130  1.576280E-11  1.078545E-10  6.141050E-10
    201136 -1.010522E-09 -2.816595E-12  2.745178E-10
    300001 -1.131087E+01  9.008887E-04 -1.366500E+01
    300002 -1.098429E-01  6.491507E+00  5.452813E+00
    300004  1.195822E-01  2.071096E-01  5.574614E+00
    300201  1.091040E+01  5.179133E-01  6.709057E+00
    300208 -1.631103E-03 -3.603146E-03 -2.173917E-02
    300762 -2.389315E-06  6.403767E-08 -1.051927E-06
    300769  3.606909E-06  5.605337E-07  8.129901E-08
    300982 -2.900719E-10 -3.931192E-09 -5.773702E-10
    301131 -1.620684E-10  4.146167E-10  9.450106E-10
    301133  2.184519E-10 -3.049416E-11 -1.534932E-09
    301135 -5.703518E-09  6.736634E-13  4.192883E-09
    400000 -4.724436E+00 -3.400201E-04 -2.245182E+00
    400006  3.201182E-02  2.604174E-02  9.240668E-01
    400204  9.969126E-02  1.252857E-02  2.489619E+00
    400205  4.097280E+00 -1.320698E-02 -6.134961E-02
    400765  2.963428E-05  3.038966E-06  2.610759E-05
    400766 -7.514517E-07 -1.887209E-06 -4.108970E-06
    400981 -2.941363E-11 -7.064501E-10 -6.186293E-10
    401130  1.919658E-11  1.075785E-10  1.028307E-09
    401136  3.655433E-10 -3.223428E-12 -9.876597E-11
    500001  1.232107E+01  2.166071E-03  1.488711E+01
    500002  1.151606E-01 -6.506498E+00 -5.936388E+00
    500004 -1.080466E-01 -9.389331E-01 -5.236919E+00
    500201 -1.023179E+01 -6.557299E-01 -6.255949E+00
    500208  1.479838E-03  2.351207E-03  2.120694E-02
    500762  2.000832E-06 -1.487060E-06  4.465597E-06
    500769 -4.853725E-06  3.280789E-07 -1.029813E-07
    500982  3.693973E-10 -4.051542E-09  4.503077E-09
    501131  1.420465E-10  4.309241E-10 -3.141523E-09
    501133 -2.081157E-10 -3.080496E-11 -7.318443E-11
    501135 -4.570993E-10  4.783936E-13  3.353891E-10
    600000  4.834089E+00 -3.482597E-04  2.297292E+00
    600006 -2.730486E-02  2.672532E-02 -9.201349E-01
    600204 -8.604911E-02  1.296123E-02 -2.519143E+00
    600205 -4.211069E+00 -1.368672E-02  5.324030E-02
    600765 -2.378108E-05  3.135167E-06 -2.117937E-05
    600766  6.146710E-07 -1.945037E-06  3.381935E-06
    600981  4.219611E-11 -7.180824E-10  5.450586E-10
    601130 -1.611485E-11  1.098626E-10 -6.664817E-10
    601136  1.009112E-09 -2.982025E-12 -2.741318E-10
    700001  1.240109E+01  9.184043E-04  1.498218E+01
    700002  1.201260E-01  7.091393E+00 -5.978541E+00
    700004 -1.301738E-01  2.599217E-01 -6.075511E+00
    700201 -1.189644E+01  5.702401E-01 -7.314923E+00
    700208  1.779893E-03 -3.920282E-03  2.381400E-02
    700762  2.568533E-06  1.502189E-07  1.319558E-06
    700769 -3.932583E-06  5.648639E-07 -8.999995E-08
    700982  3.105495E-10 -3.904252E-09  7.769462E-10
    701131  1.731251E-10  4.135618E-10 -1.064364E-09
    701133 -2.330362E-10 -3.059315E-11  1.584345E-09
    701135  5.882063E-09  1.011239E-12 -4.323707E-09
    800000  5.164277E+00 -3.485233E-04  2.454207E+00
    800006 -3.477557E-02  2.663562E-02 -1.008934E+00
    800204 -1.084090E-01  1.294797E-02 -2.720107E+00
    800205 -4.478694E+00 -1.363257E-02  6.675824E-02
    800765 -3.199621E-05  3.134397E-06 -2.807351E-05
    800766  8.060836E-07 -1.944025E-06  4.408969E-06
    800981  3.363078E-11 -7.155115E-10  6.623892E-10
    801130 -1.939957E-11  1.094700E-10 -1.086331E-09
    801136 -3.810874E-10 -1.638105E-12  1.033284E-10

                    E I G E N V A L U E    N U M B E R    23


 forces (fx,fy,fz) for set NSUPP and time  0.2000000E+01

     90000 -6.583869E-11  4.392997E-11 -1.324880E-10
     90002 -7.886112E-11  9.220148E-12 -2.750695E-10
     90004 -3.097446E-10 -2.210064E-10  3.348776E-10
     90006  5.973162E-11  1.673041E-11  3.352710E-11
    100001  4.437293E-09  1.413523E-11  5.362168E-09
    100002  2.416489E-11  5.040588E-09 -2.279693E-09
    100004 -3.354455E-11 -3.294504E-09 -5.064492E-09
    100201 -2.399522E-07  1.930432E-07  1.165514E-09
    100208 -4.463789E-08 -3.875657E-07 -8.361138E-07
    100762 -1.191791E-04  7.313380E-04  4.809988E-04
    100769 -2.181495E+00  2.210491E-01  9.093868E-01
    100982  3.205482E-02  2.429874E+00  1.168755E+00
    101131  1.472822E-02  1.196866E+00  4.389868E+00
    101133  1.602778E-02 -1.418794E-01  2.821631E+00
    101135  1.083670E+01  9.386183E-04 -7.964808E+00
    200000  1.718724E-09  2.255849E-12  8.169853E-10
    200006 -1.039824E-11 -3.531058E-11 -3.311045E-10
    200204 -1.103201E-08 -2.751310E-07  4.139953E-08
    200205  7.182866E-08  4.363466E-07 -1.839958E-07
    200765  8.939708E-02 -5.251164E-03  3.079579E-03
    200766  3.566787E-03  4.311326E-03 -4.673341E-02
    200981  5.283568E-03  2.880380E-01 -2.153286E-02
    201130  1.575059E-05  4.316428E-02  5.017124E-02
    201136  3.042598E-01 -2.264991E-03 -8.265868E-02
    300001  3.680020E-09  1.540182E-11  4.442900E-09
    300002  6.536473E-11  5.347172E-10 -1.601108E-09
    300004 -6.465156E-11 -3.535124E-09  1.205262E-09
    300201  2.026411E-07  1.936625E-07 -5.774827E-09
    300208  3.578617E-08 -3.806196E-07  8.747414E-07
    300762 -3.488827E-05  9.507122E-04  1.650538E-03
    300769  3.015804E+00  1.099777E-01 -1.309702E+00
    300982 -2.072198E-02  2.312177E+00 -1.318351E+00
    301131 -1.470108E-02  1.195480E+00 -5.020906E+00
    301133 -2.088219E-02 -1.415686E-01 -3.205595E+00
    301135 -1.231369E+01  9.368852E-04  9.050366E+00
    400000  1.439886E-09  1.146459E-12  6.847556E-10
    400006 -1.538155E-11 -3.535937E-11 -3.145804E-10
    400204  8.904870E-09 -2.751378E-07 -3.550517E-08
    400205  4.561654E-06  4.363505E-07 -1.665010E-06
    400765  2.086251E-01 -5.252119E-03  2.052502E-03
    400766  2.303746E-03  4.311587E-03 -9.383671E-02
    400981 -1.613316E-03  2.880688E-01 -1.803723E-02
    401130 -5.499871E-04  4.316790E-02 -1.363595E-01
    401136 -6.828840E-01 -2.265105E-03  1.855205E-01
    500001 -4.470439E-09  1.107772E-11 -5.419279E-09
    500002 -3.560154E-11  5.065554E-09  2.305789E-09
    500004  3.490769E-11 -3.290223E-09  5.082029E-09
    500201  2.400743E-07  1.923032E-07 -9.126227E-10
    500208  4.561803E-08 -3.854722E-07  8.296147E-07
    500762  1.197338E-04  7.291851E-04 -4.890476E-04
    500769  2.179998E+00  2.205318E-01 -9.086261E-01
    500982 -3.248071E-02  2.425406E+00 -1.161585E+00
    501131 -1.473804E-02  1.196492E+00 -4.390830E+00
    501133 -1.598940E-02 -1.417502E-01 -2.822445E+00
    501135 -1.083968E+01  9.392622E-04  7.966997E+00
    600000 -1.738353E-09  1.360179E-12 -8.260313E-10
    600006  1.189914E-11 -3.554940E-11  3.341303E-10
    600204  1.115503E-08 -2.774352E-07 -4.184906E-08
    600205 -1.025654E-07  4.406926E-07  1.976649E-07
    600765 -8.927171E-02 -5.246950E-03 -3.076823E-03
    600766 -3.563912E-03  4.313069E-03  4.667567E-02
    600981 -5.326243E-03  2.891256E-01  2.198020E-02
    601130  3.986287E-06  4.315840E-02 -4.996251E-02
    601136 -3.031047E-01 -2.264590E-03  8.234467E-02
    700001 -3.727615E-09  7.759732E-12 -4.504588E-09
    700002 -6.351132E-11  5.156095E-10  1.628514E-09
    700004  6.564410E-11 -3.533639E-09 -1.180688E-09
    700201 -2.012368E-07  1.929737E-07  5.528537E-09
    700208 -3.764642E-08 -3.783344E-07 -8.671965E-07
    700762  3.415472E-05  9.491077E-04 -1.642346E-03
    700769 -3.010779E+00  1.099454E-01  1.307338E+00
    700982  2.126556E-02  2.308716E+00  1.310436E+00
    701131  1.468180E-02  1.195068E+00  5.019384E+00
    701133  2.081479E-02 -1.414098E-01  3.204924E+00
    701135  1.231097E+01  9.376712E-04 -9.048362E+00
    800000 -1.457669E-09  4.432947E-13 -6.928625E-10
    800006  1.677514E-11 -3.588868E-11  3.175565E-10
    800204 -9.304332E-09 -2.774290E-07  3.710507E-08
    800205 -4.539796E-06  4.406661E-07  1.650850E-06
    800765 -2.085904E-01 -5.247794E-03 -2.042049E-03
    800766 -2.288950E-03  4.313053E-03  9.378779E-02
    800981  1.686257E-03  2.891755E-01  1.760586E-02
    801130  5.692724E-04  4.316460E-02  1.364145E-01
    801136  6.832031E-01 -2.264831E-03 -1.856074E-01

                    E I G E N V A L U E    N U M B E R    24


 forces (fx,fy,fz) for set NSUPP and time  0.2000000E+01

     90000  1.753201E-11 -2.802669E-11 -1.231775E-12
     90002 -9.848242E-11  8.022806E-13 -1.460580E-10
     90004 -3.050211E-10  9.038409E-11  4.655058E-10
     90006  1.809669E-11  1.905555E-11  3.164311E-11
    100001  5.859953E-04 -2.849926E-08  7.073597E-04
    100002  7.581967E-06  3.328535E-04 -2.741092E-04
    100004 -1.173734E-05 -1.757894E-05 -3.106163E-04
    100201 -3.869612E-02 -1.678429E-03  1.167325E-03
    100208  3.044544E-02 -6.828957E-03 -4.248928E-02
    100762 -2.645889E-02 -6.682688E-03 -3.795737E-02
    100769  4.311619E-02 -1.340774E-03  1.289500E-03
    100982 -5.080976E-06 -4.263340E-05  6.297508E-06
    101131 -1.541045E-06 -1.729558E-07  1.616611E-04
    101133  3.223940E-06  7.034735E-08  7.859935E-05
    101135  3.042303E-04 -3.265428E-10 -2.235935E-04
    200000  2.402185E-04  3.474883E-10  1.141585E-04
    200006 -3.436590E-06 -3.304945E-08 -5.537406E-05
    200204  9.882649E-03  2.127960E-05 -3.984179E-02
    200205 -1.282400E+00 -1.225530E-05  6.438180E-01
    200765  1.335878E+00 -1.957581E-05  6.792737E-01
    200766 -8.049334E-03  2.565623E-05 -4.390000E-02
    200981 -9.131309E-07  2.862597E-08  2.708651E-06
    201130  3.124647E-07  2.312633E-08  3.466803E-05
    201136  1.179975E-04 -5.574886E-10 -3.205665E-05
    300001  5.861893E-04  2.339640E-08  7.075930E-04
    300002  7.583893E-06 -3.342785E-04 -2.742312E-04
    300004 -1.176335E-05  1.927763E-05 -3.124406E-04
    300201 -3.903221E-02  1.394441E-03  1.173314E-03
    300208  3.046221E-02  7.398774E-03 -4.393588E-02
    300762 -2.647447E-02  7.030002E-03 -3.908955E-02
    300769  4.334414E-02  1.137514E-03  1.296253E-03
    300982 -5.104952E-06  4.315844E-05  6.033562E-06
    301131 -1.546167E-06  2.842450E-07  1.614891E-04
    301133  3.230139E-06 -7.498286E-08  7.841992E-05
    301135  3.035470E-04  3.761936E-10 -2.230912E-04
    400000  2.405092E-04  3.546142E-10  1.142967E-04
    400006 -3.446006E-06 -2.512261E-08 -5.546379E-05
    400204  9.895907E-03  3.320168E-05 -3.989597E-02
    400205 -1.290396E+00 -1.883810E-05  6.471436E-01
    400765  1.343702E+00 -2.705460E-05  6.825331E-01
    400766 -8.059336E-03  3.856263E-05 -4.395501E-02
    400981 -9.177514E-07  3.711958E-08  2.718115E-06
    401130  3.131180E-07  2.041884E-08  3.475032E-05
    401136  1.182607E-04 -4.947955E-10 -3.212813E-05
    500001  5.672937E-04  2.305481E-08  6.847841E-04
    500002  7.328976E-06 -3.233912E-04 -2.653982E-04
    500004 -1.137288E-05  1.844021E-05 -3.022023E-04
    500201 -3.760090E-02  1.340976E-03  1.132795E-03
    500208  2.940871E-02  7.256260E-03 -4.247245E-02
    500762 -2.556642E-02  6.935643E-03 -3.777743E-02
    500769  4.181037E-02  1.097370E-03  1.251397E-03
    500982 -4.890539E-06  4.150172E-05  5.518241E-06
    501131 -1.492955E-06  2.919931E-07  1.549793E-04
    501133  3.109447E-06 -7.235747E-08  7.514992E-05
    501135  2.909040E-04  3.677106E-10 -2.137992E-04
    600000  2.331128E-04  5.826722E-10  1.107817E-04
    600006 -3.330689E-06 -4.169200E-08 -5.370763E-05
    600204  9.551392E-03 -3.315859E-05 -3.851124E-02
    600205 -1.250682E+00  9.956970E-05  6.265740E-01
    600765  1.301913E+00  1.123067E-04  6.607051E-01
    600766 -7.783791E-03 -4.308450E-05 -4.245854E-02
    600981 -8.729599E-07  4.360635E-08  2.534252E-06
    601130  3.005667E-07  3.071194E-08  3.342065E-05
    601136  1.136401E-04 -7.323729E-10 -3.087287E-05
    700001  5.671314E-04 -2.696765E-08  6.845907E-04
    700002  7.320566E-06  3.222077E-04 -2.653207E-04
    700004 -1.133289E-05 -1.705662E-05 -3.005523E-04
    700201 -3.726613E-02 -1.621312E-03  1.124719E-03
    700208  2.936692E-02 -6.665598E-03 -4.097756E-02
    700762 -2.552481E-02 -6.570916E-03 -3.657287E-02
    700769  4.158241E-02 -1.299445E-03  1.242286E-03
    700982 -4.857308E-06 -4.101303E-05  5.739228E-06
    701131 -1.485951E-06 -1.419790E-07  1.551645E-04
    701133  3.099879E-06  6.733757E-08  7.537274E-05
    701135  2.917511E-04 -3.083886E-10 -2.144218E-04
    800000  2.325039E-04  5.747322E-10  1.104923E-04
    800006 -3.318212E-06 -4.935963E-08 -5.354561E-05
    800204  9.523497E-03 -4.467064E-05 -3.840243E-02
    800205 -1.242788E+00  1.059174E-04  6.230755E-01
    800765  1.294033E+00  1.195320E-04  6.571524E-01
    800766 -7.760148E-03 -5.556519E-05 -4.233349E-02
    800981 -8.644054E-07  3.537604E-08  2.519608E-06
    801130  2.988024E-07  3.332025E-08  3.327022E-05
    801136  1.131159E-04 -7.900412E-10 -3.073045E-05

                    E I G E N V A L U E    N U M B E R    25


 forces (fx,fy,fz) for set NSUPP and time  0.2000000E+01

     90000 -1.610914E-11 -2.867240E-11  6.470152E-11
     90002  1.325363E-10  5.224924E-11  2.901560E-10
     90004  7.573008E-10  4.445563E-10 -6.584667E-10
     90006 -4.273636E-11 -2.669445E-11 -6.019413E-11
    100001  4.775618E-04 -2.592115E-07  5.764739E-04
    100002  6.276760E-06  2.283589E-04 -2.215923E-04
    100004 -9.137455E-06  4.003854E-05 -1.980659E-04
    100201 -2.447101E-02 -9.865049E-03  8.792738E-04
    100208  2.670961E-02  1.076090E-02  4.620716E-03
    100762 -2.302837E-02  4.392208E-03 -2.685707E-04
    100769  3.141259E-02 -7.187401E-03  9.321757E-04
    100982 -3.951675E-06 -1.958144E-05  1.536523E-05
    101131 -1.174852E-06  2.973591E-06  1.489320E-04
    101133  2.648948E-06 -5.907357E-08  7.562591E-05
    101135  2.923364E-04  9.930727E-10 -2.148539E-04
    200000  1.840866E-04  2.125290E-08  8.748307E-05
    200006 -2.630556E-06 -1.819036E-06 -4.241873E-05
    200204  8.355000E-03  1.233490E-03 -3.368550E-02
    200205 -8.952960E-01 -1.856332E-04  4.701655E-01
    200765  9.524339E-01  1.025690E-04  5.044493E-01
    200766 -6.785280E-03  1.063914E-03 -3.702048E-02
    200981 -7.175908E-07  1.870283E-06  2.619586E-06
    201130  2.491649E-07  1.299221E-06  2.780946E-05
    201136  9.505334E-05 -3.116761E-08 -2.582335E-05
    300001  4.904386E-04 -2.166048E-07  5.919680E-04
    300002  6.366274E-06 -3.232341E-04 -2.307337E-04
    300004 -1.063730E-05  7.330438E-05 -3.190711E-04
    300201 -4.456513E-02 -7.130448E-03  1.256418E-03
    300208  2.754140E-02  2.352078E-02 -8.166866E-02
    300762 -2.403686E-02  1.661861E-02 -6.850724E-02
    300769  4.506547E-02 -4.995591E-03  1.363638E-03
    300982 -5.302034E-06  5.345041E-05 -2.106045E-06
    301131 -1.503722E-06  3.387966E-06  1.399462E-04
    301133  3.014821E-06 -1.899000E-07  6.579446E-05
    301135  2.549348E-04  1.626439E-09 -1.873625E-04
    400000  2.083608E-04  2.126462E-08  9.901888E-05
    400006 -3.182503E-06 -1.812501E-06 -4.896218E-05
    400204  9.286622E-03  1.243921E-03 -3.743193E-02
    400205 -1.320698E+00 -1.917728E-04  6.503888E-01
    400765  1.376835E+00  9.590162E-05  6.858161E-01
    400766 -7.553996E-03  1.075045E-03 -4.119519E-02
    400981 -9.938364E-07  1.877559E-06  2.932229E-06
    401130  2.986032E-07  1.296878E-06  3.319154E-05
    401136  1.130357E-04 -3.111675E-08 -3.070866E-05
    500001 -4.994023E-04 -2.656199E-07 -6.028400E-04
    500002 -6.541599E-06  2.407384E-04  2.318086E-04
    500004  9.544754E-06  3.943403E-05  2.093701E-04
    500201  2.580429E-02 -9.937940E-03 -9.216409E-04
    500208 -2.772877E-02  1.043842E-02 -3.352327E-03
    500762  2.391785E-02  4.050969E-03  1.373741E-03
    500769 -3.295656E-02 -7.246873E-03 -9.764698E-04
    500982  4.087904E-06 -2.101056E-05 -1.532833E-05
    501131  1.226282E-06  2.960452E-06 -1.539818E-04
    501133 -2.752051E-06 -4.873091E-08 -7.804729E-05
    501135 -3.017134E-04  9.438250E-10  2.217454E-04
    600000 -1.928770E-04  2.190668E-08 -9.166054E-05
    600006  2.750654E-06 -1.865471E-06  4.440818E-05
    600204 -8.677128E-03  7.578888E-04  3.499273E-02
    600205  9.410928E-01  6.458188E-04 -4.926437E-01
    600765 -1.000454E+00  8.719161E-04 -5.283196E-01
    600766  7.052034E-03  6.071803E-04  3.848465E-02
    600981  7.369517E-07  1.851593E-06 -2.646111E-06
    601130 -2.580614E-07  1.324708E-06 -2.890134E-05
    601136 -9.868721E-05 -3.170977E-08  2.681056E-05
    700001 -5.122942E-04 -2.212370E-07 -6.183478E-04
    700002 -6.647260E-06 -3.357320E-04  2.409732E-04
    700004  1.108831E-05  7.404265E-05  3.309008E-04
    700201  4.597596E-02 -7.092377E-03 -1.301649E-03
    700208 -2.877924E-02  2.391773E-02  8.364934E-02
    700762  2.511071E-02  1.705155E-02  7.025212E-02
    700769 -4.666084E-02 -4.958960E-03 -1.413326E-03
    700982  5.475185E-06  5.483668E-05  2.148629E-06
    701131  1.565116E-06  3.385431E-06 -1.453895E-04
    701133 -3.132001E-06 -1.843465E-07 -6.833900E-05
    701135 -2.647980E-04  1.601472E-09  1.946114E-04
    800000 -2.174577E-04  2.192418E-08 -1.033420E-04
    800006  3.315113E-06 -1.858768E-06  5.105572E-05
    800204 -9.686497E-03  7.680939E-04  3.904782E-02
    800205  1.376085E+00  6.400913E-04 -6.777206E-01
    800765 -1.434026E+00  8.660248E-04 -7.144243E-01
    800766  7.880816E-03  6.180004E-04  4.298538E-02
    800981  1.017204E-06  1.858978E-06 -2.955972E-06
    801130 -3.078697E-07  1.322350E-06 -3.436139E-05
    801136 -1.168813E-04 -3.165929E-08  3.175339E-05

                    E I G E N V A L U E    N U M B E R    26


 forces (fx,fy,fz) for set NSUPP and time  0.2000000E+01

     90000 -2.739784E-11 -4.668669E-11  1.315858E-10
     90002  9.476108E-12 -5.469946E-11  1.396520E-10
     90004  3.433410E-10  1.260702E-10 -3.256494E-10
     90006 -8.064893E-12 -5.776882E-12 -3.770594E-11
    100001 -3.534628E-04 -1.429693E-06 -4.270379E-04
    100002 -2.402287E-06 -4.713751E-04  1.814569E-04
    100004  5.253270E-06  3.721142E-04  4.982962E-04
    100201  3.571838E-02 -1.853853E-02 -9.357950E-04
    100208 -5.919814E-03  4.050984E-02  9.696844E-02
    100762  5.538361E-03  2.455902E-02  7.567583E-02
    100769 -2.911934E-02 -1.320299E-02 -1.341164E-03
    100982  1.480876E-05  1.975501E-04 -3.803574E-05
    101131  2.358123E-06  1.282221E-05 -3.086652E-04
    101133 -5.360534E-06 -2.124466E-06 -1.584297E-04
    101135 -6.122657E-04  1.277114E-08  4.499879E-04
    200000 -1.348675E-04 -8.334956E-08 -6.409281E-05
    200006  1.701323E-06  4.016181E-06  3.002377E-05
    200204 -2.168396E-03  3.197533E-02  8.986733E-03
    200205  4.956419E-01 -5.147384E-02 -2.254913E-01
    200765 -5.278993E-01 -4.993611E-02 -2.415518E-01
    200766  1.777253E-03  3.220783E-02  9.744117E-03
    200981  3.826284E-06  8.039480E-06 -2.810723E-05
    201130 -5.438498E-07 -1.959219E-06 -6.695067E-05
    201136 -2.465984E-04  2.807186E-08  6.699392E-05
    300001 -2.750316E-04 -1.456703E-06 -3.314854E-04
    300002 -6.153402E-06 -1.112261E-04  1.107749E-04
    300004  8.655884E-06  3.423088E-04 -1.549453E-04
    300201 -6.852826E-03 -1.966760E-02  1.559830E-04
    300208 -1.576709E-02  3.533409E-02 -6.687006E-02
    300762  1.330275E-02  1.977107E-02 -4.858297E-02
    300769 -9.442504E-04 -1.425917E-02 -1.456878E-04
    300982  1.464854E-05  4.384877E-05 -1.798747E-04
    301131  2.570930E-06  1.158936E-05 -4.356876E-04
    301133 -6.669115E-06 -1.769962E-06 -2.315294E-04
    301135 -8.937586E-04  1.103397E-08  6.568773E-04
    400000 -1.116646E-04 -8.336327E-08 -5.306615E-05
    400006  2.437729E-06  4.011840E-06  2.963002E-05
    400204 -4.914977E-03  3.197176E-02  1.962332E-02
    400205  2.524723E-01 -5.147150E-02 -1.687868E-01
    400765 -2.781865E-01 -4.993269E-02 -1.860131E-01
    400766  3.996803E-03  3.220384E-02  2.154105E-02
    400981  4.277034E-06  8.048581E-06 -3.276915E-05
    401130 -6.556272E-07 -1.954187E-06 -8.173694E-05
    401136 -3.036177E-04  2.796280E-08  8.248448E-05
    500001  3.548912E-04 -1.446860E-06  4.287652E-04
    500002  2.406624E-06 -4.718428E-04 -1.822835E-04
    500004 -5.235969E-06  3.717370E-04 -4.985496E-04
    500201 -3.566852E-02 -1.844482E-02  9.058733E-04
    500208  5.753825E-03  4.028522E-02 -9.606290E-02
    500762 -5.411022E-03  2.441471E-02 -7.492666E-02
    500769  2.917208E-02 -1.314031E-02  1.302760E-03
    500982 -1.435590E-05  1.955041E-04  3.399364E-05
    501131 -2.302324E-06  1.280781E-05  2.982104E-04
    501133  5.205054E-06 -2.133684E-06  1.527994E-04
    501135  5.905392E-04  1.283464E-08 -4.340197E-04
    600000  1.352688E-04 -8.386545E-08  6.428346E-05
    600006 -1.701972E-06  4.053191E-06 -3.007770E-05
    600204  2.133241E-03  3.246769E-02 -8.853318E-03
    600205 -4.930067E-01 -5.237161E-02  2.239451E-01
    600765  5.259917E-01 -5.077425E-02  2.402955E-01
    600766 -1.752335E-03  3.270758E-02 -9.617351E-03
    600981 -3.684543E-06  7.915801E-06  2.695148E-05
    601130  5.261987E-07 -2.011646E-06  6.486700E-05
    601136  2.385041E-04  2.919111E-08 -6.479493E-05
    700001  2.765539E-04 -1.473811E-06  3.333222E-04
    700002  6.167413E-06 -1.101519E-04 -1.113685E-04
    700004 -8.701107E-06  3.420025E-04  1.538319E-04
    700201  6.723150E-03 -1.957801E-02 -1.221013E-04
    700208  1.603724E-02  3.501052E-02  6.579819E-02
    700762 -1.352271E-02  1.949845E-02  4.770544E-02
    700769  1.059826E-03 -1.419819E-02  1.709626E-04
    700982 -1.422877E-05  4.575062E-05  1.758294E-04
    701131 -2.535484E-06  1.161889E-05  4.260172E-04
    701133  6.540697E-06 -1.788262E-06  2.261456E-04
    701135  8.730019E-04  1.114263E-08 -6.416218E-04
    800000  1.122085E-04 -8.389186E-08  5.332460E-05
    800006 -2.449243E-06  4.049231E-06 -2.975356E-05
    800204  4.977693E-03  3.246287E-02 -1.987465E-02
    800205 -2.601509E-01 -5.236584E-02  1.726429E-01
    800765  2.858351E-01 -5.076823E-02  1.899091E-01
    800766 -4.047320E-03  3.270410E-02 -2.181877E-02
    800981 -4.150044E-06  7.926040E-06  3.169544E-05
    801130  6.388416E-07 -2.006846E-06  7.982384E-05
    801136  2.960121E-04  2.908950E-08 -8.041825E-05

                    E I G E N V A L U E    N U M B E R    27


 forces (fx,fy,fz) for set NSUPP and time  0.2000000E+01

     90000 -1.667593E-10 -1.720720E-11 -2.012622E-10
     90002  1.918607E-11  5.118052E-11 -4.067047E-12
     90004  2.025502E-11  1.314077E-10  2.068555E-10
     90006  4.519791E-11  2.735021E-11  7.911749E-12
    100001 -1.813878E-08 -5.216682E-12 -2.188162E-08
    100002 -2.802143E-10 -1.197499E-08  8.339503E-09
    100004  5.204702E-10  3.655618E-09  1.236251E-08
    100201  1.938028E-06 -9.350765E-09 -6.177538E-08
    100208 -1.374853E-06  5.087686E-07  2.287680E-06
    100762  6.142032E-04  1.993783E-03 -1.369924E-02
    100769 -1.002281E+01 -1.335326E+00  4.492039E+00
    100982 -2.269689E-01 -1.031721E+00  2.152246E+00
    101131 -2.844387E-02 -1.047730E-02  5.388342E+00
    101133  7.764582E-02  3.052822E-03  2.917061E+00
    101135  1.125522E+01 -1.508951E-05 -8.272168E+00
    200000 -7.225094E-09 -1.957671E-14 -3.433307E-09
    200006  1.593858E-10  2.466655E-11  1.922395E-09
    200204 -4.486153E-07  1.656923E-07  1.808203E-06
    200205  5.305313E-05 -2.701406E-07 -2.720015E-05
    200765 -3.599892E+00 -3.863506E-04 -2.134079E-02
    200766 -2.368716E-02  3.710358E-04  1.578831E+00
    200981 -6.921328E-02  6.817752E-03  5.895039E-01
    201130  7.953711E-03  1.448133E-03  1.060655E+00
    201136  4.116518E+00 -2.983952E-05 -1.118343E+00
    300001 -1.774740E-08 -5.225862E-12 -2.140672E-08
    300002 -3.024129E-10  9.079093E-09  7.983360E-09
    300004  5.410192E-10 -1.033460E-10  9.146714E-09
    300201  1.756624E-06 -1.561416E-07 -5.653635E-08
    300208 -1.428534E-06 -1.812313E-07  1.606480E-06
    300762  6.220826E-04 -2.027172E-03 -1.378003E-02
    300769 -1.006664E+01  1.333330E+00  4.513403E+00
    300982 -2.289581E-01  1.023900E+00  2.172869E+00
    301131 -2.872002E-02  8.663227E-03  5.414701E+00
    301133  7.824358E-02 -2.221286E-03  2.928932E+00
    301135  1.130125E+01  1.086841E-05 -8.305999E+00
    400000 -7.141059E-09 -3.765279E-13 -3.393779E-09
    400006  1.631426E-10  2.422696E-11  1.930927E-09
    400204 -4.649299E-07  1.651532E-07  1.871674E-06
    400205  5.270889E-05 -2.698328E-07 -2.729526E-05
    400765 -3.611884E+00 -3.761564E-04 -2.165745E-02
    400766 -2.404629E-02  3.668694E-04  1.584804E+00
    400981 -6.989494E-02  6.536538E-03  5.943993E-01
    401130  8.013806E-03  1.382144E-03  1.068204E+00
    401136  4.143702E+00 -2.840166E-05 -1.125729E+00
    500001 -1.330959E-08 -1.277868E-11 -1.604960E-08
    500002 -2.270534E-10  6.503556E-09  5.946291E-09
    500004  4.259383E-10  2.478922E-10  6.590680E-09
    500201  1.441772E-06 -1.432864E-07 -4.720590E-08
    500208 -1.193419E-06 -1.293718E-07  1.284736E-06
    500762  5.594994E-04 -1.836947E-03 -1.242882E-02
    500769 -9.077924E+00  1.201644E+00  4.069673E+00
    500982 -2.056346E-01  9.200796E-01  1.955061E+00
    501131 -2.591257E-02  8.127797E-03  4.864353E+00
    501133  7.036876E-02 -1.955480E-03  2.630066E+00
    501135  1.014819E+01  9.679018E-06 -7.458537E+00
    600000 -5.415251E-09 -2.736520E-13 -2.573770E-09
    600006  1.275261E-10  2.506230E-11  1.484681E-09
    600204 -3.880319E-07  1.715827E-07  1.561751E-06
    600205  4.435803E-05 -2.813270E-07 -2.292132E-05
    600765 -3.252238E+00 -4.368729E-04 -1.946937E-02
    600766 -2.159809E-02  4.259362E-04  1.426894E+00
    600981 -6.284413E-02  7.601628E-03  5.347967E-01
    601130  7.193965E-03  1.672993E-03  9.615030E-01
    601136  3.730160E+00 -3.510669E-05 -1.013381E+00
    700001 -1.369897E-08 -8.604993E-12 -1.652012E-08
    700002 -2.073474E-10 -9.395345E-09  6.300163E-09
    700004  4.034585E-10  3.313784E-09  9.808099E-09
    700201  1.622167E-06 -2.134028E-08 -5.200252E-08
    700208 -1.135944E-06  4.530060E-07  1.952117E-06
    700762  5.500394E-04  1.804907E-03 -1.233217E-02
    700769 -9.031215E+00 -1.203745E+00  4.046631E+00
    700982 -2.032243E-01 -9.277381E-01  1.932152E+00
    701131 -2.557404E-02 -8.942275E-03  4.838015E+00
    701133  6.967027E-02  2.788805E-03  2.619238E+00
    701135  1.010608E+01 -1.370804E-05 -7.427593E+00
    800000 -5.486319E-09 -1.147979E-12 -2.606733E-09
    800006  1.239152E-10  2.538746E-11  1.472653E-09
    800204 -3.704148E-07  1.720319E-07  1.493279E-06
    800205  4.463819E-05 -2.815649E-07 -2.278258E-05
    800765 -3.240181E+00 -4.461028E-04 -1.909485E-02
    800766 -2.114389E-02  4.297104E-04  1.420673E+00
    800981 -6.204752E-02  7.854061E-03  5.291187E-01
    801130  7.107036E-03  1.732466E-03  9.520543E-01
    801136  3.695685E+00 -3.640952E-05 -1.004015E+00

                    E I G E N V A L U E    N U M B E R    28


 forces (fx,fy,fz) for set NSUPP and time  0.2000000E+01

     90000 -1.265317E-11  1.594715E-10 -1.067385E-10
     90002  5.360087E-11  6.171276E-11 -7.547138E-11
     90004 -9.005104E-11 -3.955972E-10 -2.057407E-10
     90006  1.583471E-11 -1.384469E-11  2.257443E-11
    100001  3.697767E-08  1.056049E-10  4.464925E-08
    100002  3.584097E-10  4.136143E-08 -1.829451E-08
    100004 -7.472126E-10 -2.929963E-08 -4.362830E-08
    100201 -3.803045E-06  1.090134E-06  1.157315E-07
    100208  1.483923E-06 -2.813630E-06 -7.459975E-06
    100762 -4.683136E-04 -1.425202E-03  1.116387E-02
    100769  8.231478E+00  1.166852E+00 -3.676222E+00
    100982  1.842274E-01  9.803866E-01 -1.714990E+00
    101131  2.247831E-02  2.339399E-02 -4.567586E+00
    101133 -6.348069E-02 -1.034960E-02 -2.498320E+00
    101135 -9.637007E+00  5.240670E-05  7.082854E+00
    200000  1.377389E-08  8.994064E-12  6.544294E-09
    200006 -2.362839E-10 -3.843566E-10 -3.354846E-09
    200204  4.900252E-07 -2.503604E-06 -1.993403E-06
    200205 -6.851615E-05  4.100923E-06  3.386790E-05
    200765  3.030674E+00  7.493169E-03  1.573492E-02
    200766  1.731322E-02 -7.246133E-03 -1.322527E+00
    200981  5.525932E-02 -1.315949E-01 -4.747820E-01
    201130 -6.437480E-03 -2.889767E-02 -8.632290E-01
    201136 -3.360212E+00  5.981853E-04  9.128760E-01
    300001  3.117676E-08  1.023229E-10  3.758035E-08
    300002  6.626786E-10  1.747206E-09 -1.298474E-08
    300004 -1.072604E-09 -2.367060E-08  4.183912E-09
    300201 -1.208710E-06  1.288426E-06  3.853296E-08
    300208  2.302448E-06 -1.887097E-06  2.207230E-06
    300762 -6.219747E-04  2.048993E-03  1.272807E-02
    300769  9.059976E+00 -1.130195E+00 -4.081364E+00
    300982  2.232969E-01 -8.306403E-01 -2.112940E+00
    301131  2.837141E-02  6.314055E-03 -5.076919E+00
    301133 -7.544411E-02 -5.637211E-03 -2.723165E+00
    301135 -1.050954E+01  2.921201E-05  7.724111E+00
    400000  1.275915E-08  6.960615E-12  6.063200E-09
    400006 -3.149416E-10 -3.839459E-10 -3.552327E-09
    400204  7.461511E-07 -2.502931E-06 -2.990388E-06
    400205 -6.594042E-05  4.100498E-06  3.647312E-05
    400765  3.250053E+00  7.484533E-03  2.199069E-02
    400766  2.454825E-02 -7.242645E-03 -1.433392E+00
    400981  6.874475E-02 -1.313475E-01 -5.712973E-01
    401130 -7.736939E-03 -2.883961E-02 -1.020279E+00
    401136 -3.930368E+00  5.969480E-04  1.067772E+00
    500001 -3.864164E-08  1.188079E-10 -4.665042E-08
    500002 -4.229778E-10  4.231886E-08  1.902832E-08
    500004  7.940450E-10 -2.944471E-08  4.460130E-08
    500201  3.971593E-06  1.074968E-06 -1.189247E-07
    500208 -1.599385E-06 -2.831143E-06  7.558191E-06
    500762  5.262882E-04 -1.627454E-03 -1.254128E-02
    500769 -9.251436E+00  1.304174E+00  4.131959E+00
    500982 -2.066041E-01  1.087376E+00  1.929759E+00
    501131 -2.536111E-02  2.447129E-02  5.116743E+00
    501133  7.130986E-02 -1.080897E-02  2.796130E+00
    501135  1.078600E+01  5.476422E-05 -7.927317E+00
    600000 -1.443661E-08  6.148041E-12 -6.860581E-09
    600006  2.513626E-10 -3.885926E-10  3.530732E-09
    600204 -5.288194E-07 -2.562031E-06  2.150674E-06
    600205  7.316371E-05  4.205979E-06 -3.623935E-05
    600765 -3.396374E+00  7.762739E-03 -1.775585E-02
    600766 -1.951975E-02 -7.511323E-03  1.482443E+00
    600981 -6.218138E-02 -1.353352E-01  5.339917E-01
    601130  7.216491E-03 -2.953339E-02  9.710004E-01
    601136  3.778693E+00  6.116987E-04 -1.026566E+00
    700001 -3.290637E-08  1.033673E-10 -3.964077E-08
    700002 -6.708124E-10  7.228460E-10  1.375011E-08
    700004  1.125714E-09 -2.346324E-08 -3.121492E-09
    700201  1.394637E-06  1.287511E-06 -4.701383E-08
    700208 -2.461491E-06 -1.822753E-06 -1.922382E-06
    700762  6.879854E-04  2.279069E-03 -1.418267E-02
    700769 -1.010131E+01 -1.266564E+00  4.548662E+00
    700982 -2.470633E-01 -9.335868E-01  2.341188E+00
    701131 -3.149987E-02  5.552718E-03  5.635817E+00
    701133  8.361315E-02 -5.548604E-03  3.024057E+00
    701135  1.167068E+01  2.883956E-05 -8.577505E+00
    800000 -1.344252E-08  8.016475E-12 -6.387665E-09
    800006  3.312145E-10 -3.887906E-10  3.735984E-09
    800204 -7.958926E-07 -2.561234E-06  3.190805E-06
    800205  7.177109E-05  4.205279E-06 -3.946094E-05
    800765 -3.621372E+00  7.753873E-03 -2.422645E-02
    800766 -2.698743E-02 -7.507633E-03  1.596285E+00
    800981 -7.602029E-02 -1.350495E-01  6.328442E-01
    801130  8.525322E-03 -2.947024E-02  1.130092E+00
    801136  4.354703E+00  6.104017E-04 -1.183052E+00

                    E I G E N V A L U E    N U M B E R    29


 forces (fx,fy,fz) for set NSUPP and time  0.2000000E+01

     90000 -3.774519E-11  1.682619E-10 -1.141307E-10
     90002 -7.340821E-12 -5.199160E-11  5.147316E-11
     90004 -1.041303E-10 -1.267784E-10  1.034227E-10
     90006 -6.350392E-11  2.834302E-11  3.950603E-11
    100001 -2.218590E-04  1.548463E-09 -2.660190E-04
    100002 -8.485442E-06 -1.569557E-04  8.055715E-05
    100004  2.146228E-05  1.372531E-04  2.382518E-04
    100201  6.633694E-02  2.603120E-03 -1.693186E-03
    100208 -3.711125E-02  1.379032E-02  4.016872E-02
    100762 -3.166714E-02 -1.313327E-02 -3.598617E-02
    100769  6.684986E-02 -1.781906E-03  1.483264E-03
    100982  2.936069E-05 -8.137676E-05 -4.322126E-04
    101131  1.724510E-07  3.553749E-07 -1.303937E-04
    101133 -1.205240E-06 -7.876585E-08 -7.729510E-05
    101135 -2.975047E-04  4.068629E-10  2.186583E-04
    200000 -3.726075E-05 -3.834730E-10 -1.770742E-05
    200006  6.924189E-06  3.708969E-08  3.823931E-05
    200204 -1.240200E-02  2.049025E-05  5.014126E-02
    200205 -1.880759E-01 -4.128919E-05 -1.024083E-01
    200765 -1.663418E-01  2.284886E-05  1.269039E-01
    200766 -1.001732E-02 -1.057849E-05 -5.473831E-02
    200981  1.198432E-05 -3.558233E-07 -1.136366E-04
    201130 -1.306979E-07 -2.215021E-09 -2.153443E-05
    201136 -9.325283E-05 -4.104107E-11  2.533422E-05
    300001 -2.220150E-04  3.572705E-09 -2.662061E-04
    300002 -8.489406E-06  1.581020E-04  8.065497E-05
    300004  2.149105E-05 -1.386185E-04  2.397779E-04
    300201  6.648207E-02 -2.480860E-03 -1.696685E-03
    300208 -3.713300E-02 -1.403662E-02  4.082575E-02
    300762 -3.168252E-02  1.328334E-02 -3.649138E-02
    300769  6.692103E-02  1.693713E-03  1.498175E-03
    300982  2.939055E-05  8.364398E-05 -4.344347E-04
    301131  1.713692E-07 -1.951498E-07 -1.310646E-04
    301133 -1.209437E-06  5.803789E-08 -7.770910E-05
    301135 -2.990960E-04 -2.759159E-10  2.198278E-04
    400000 -3.740855E-05 -3.935339E-10 -1.777766E-05
    400006  6.934756E-06  2.370545E-08  3.830898E-05
    400204 -1.241115E-02  6.504416E-06  5.017858E-02
    400205 -1.840634E-01 -3.301834E-05 -1.041133E-01
    400765 -1.625902E-01  1.375018E-05  1.284905E-01
    400766 -1.002340E-02  4.344825E-06 -5.477098E-02
    400981  1.200837E-05 -2.520394E-07 -1.138851E-04
    401130 -1.309086E-07 -1.131032E-09 -2.157729E-05
    401136 -9.344127E-05 -6.127252E-11  2.538541E-05
    500001 -2.162320E-04  2.246269E-09 -2.592664E-04
    500002 -8.279193E-06  1.538511E-04  7.847696E-05
    500004  2.097479E-05 -1.349575E-04  2.336030E-04
    500201  6.508349E-02 -2.429331E-03 -1.661567E-03
    500208 -3.635120E-02 -1.385234E-02  3.994927E-02
    500762 -3.101846E-02  1.312790E-02 -3.570220E-02
    500769  6.552526E-02  1.658516E-03  1.464475E-03
    500982  2.849730E-05  8.105142E-05 -4.214828E-04
    501131  1.679186E-07 -1.950720E-07 -1.269224E-04
    501133 -1.172083E-06  5.609739E-08 -7.523585E-05
    501135 -2.895762E-04 -2.687070E-10  2.128311E-04
    600000 -3.651210E-05 -8.714224E-10 -1.735164E-05
    600006  6.769391E-06  5.799001E-08  3.737918E-05
    600204 -1.214935E-02  1.016236E-04  4.912709E-02
    600205 -1.843982E-01 -2.005841E-04 -1.001526E-01
    600765 -1.634860E-01  2.177227E-04  1.240175E-01
    600766 -9.816659E-03 -1.164758E-04 -5.365244E-02
    600981  1.166730E-05 -4.521016E-07 -1.104992E-04
    601130 -1.265866E-07 -6.339516E-09 -2.088966E-05
    601136 -9.042262E-05  6.207792E-11  2.456533E-05
    700001 -2.161401E-04  5.886720E-10 -2.591602E-04
    700002 -8.262207E-06 -1.531939E-04  7.847090E-05
    700004  2.091862E-05  1.342395E-04  2.324289E-04
    700201  6.493987E-02  2.547906E-03 -1.654216E-03
    700208 -3.629326E-02  1.358105E-02  3.921522E-02
    700762 -3.096526E-02 -1.295527E-02 -3.508726E-02
    700769  6.545452E-02 -1.745981E-03  1.445138E-03
    700982  2.842782E-05 -7.912806E-05 -4.190774E-04
    701131  1.678003E-07  3.349689E-07 -1.262601E-04
    701133 -1.166118E-06 -7.652524E-08 -7.484576E-05
    701135 -2.880756E-04  3.941175E-10  2.117281E-04
    800000 -3.591077E-05 -8.617933E-10 -1.706587E-05
    800006  6.752982E-06  7.105358E-08  3.719516E-05
    800204 -1.211983E-02  1.152930E-04  4.901368E-02
    800205 -1.884108E-01 -2.086326E-04 -9.815975E-02
    800765 -1.674745E-01  2.265971E-04  1.219641E-01
    800766 -9.791235E-03 -1.310871E-04 -5.352038E-02
    800981  1.163975E-05 -5.527323E-07 -1.101077E-04
    801130 -1.258900E-07 -7.391699E-09 -2.079519E-05
    801136 -9.001161E-05  7.954871E-11  2.445366E-05

                    E I G E N V A L U E    N U M B E R    30


 forces (fx,fy,fz) for set NSUPP and time  0.2000000E+01

     90000 -4.251275E-11  6.477269E-11  8.020280E-11
     90002  8.839504E-12  1.819711E-11 -3.548160E-11
     90004 -1.917020E-11 -1.563180E-10 -1.644354E-10
     90006 -1.444707E-11 -9.932136E-12 -9.730433E-12
    100001  2.410119E-04 -1.079479E-07  2.893612E-04
    100002  8.018954E-06  1.480242E-04 -9.155537E-05
    100004 -1.942674E-05 -1.096818E-04 -2.091195E-04
    100201 -5.405151E-02 -7.673622E-03  1.496979E-03
    100208  3.411434E-02 -1.560721E-03 -1.054654E-02
    100762  2.907708E-02  4.973311E-03  1.220331E-02
    100769 -5.809437E-02  5.461549E-03 -9.864290E-04
    100982 -2.890323E-05  2.010593E-05  3.811856E-04
    101131 -1.695755E-07 -4.712165E-06  1.306783E-04
    101133  1.193097E-06  7.032158E-07  7.773950E-05
    101135  2.992006E-04 -4.312519E-09 -2.199048E-04
    200000  3.404078E-05  5.479117E-08  1.617719E-05
    200006 -6.218714E-06 -4.004911E-06 -3.443344E-05
    200204  1.105582E-02 -5.674910E-03 -4.472715E-02
    200205  1.370971E-01  1.114095E-02  1.033028E-01
    200765  1.075677E-01 -1.097571E-02 -1.290867E-01
    200766  8.932471E-03  5.832123E-03  4.883634E-02
    200981 -1.147054E-05  2.951026E-05  1.075216E-04
    201130  1.339195E-07  3.630249E-07  2.246863E-05
    201136  9.805494E-05 -2.949458E-09 -2.663882E-05
    300001  2.467053E-04 -1.070704E-07  2.959599E-04
    300002  8.975437E-06 -1.889884E-04 -9.240889E-05
    300004 -2.276770E-05  1.549825E-04 -2.805594E-04
    300201 -6.703561E-02 -3.004189E-03  1.813237E-03
    300208  3.722636E-02  2.353745E-02 -7.133379E-02
    300762  3.189269E-02 -1.884639E-02  6.102191E-02
    300769 -6.535803E-02  2.213019E-03 -2.010835E-03
    300982 -3.215219E-05 -1.396561E-04  5.229911E-04
    301131 -1.759919E-07 -4.072635E-06  1.711895E-04
    301133  1.526968E-06  5.448265E-07  1.018937E-04
    301135  3.921261E-04 -3.520496E-09 -2.882029E-04
    400000  5.962968E-05  5.481018E-08  2.833776E-05
    400006 -7.361808E-06 -3.992037E-06 -4.393227E-05
    400204  1.274032E-02 -5.661896E-03 -5.139539E-02
    400205 -1.872008E-01  1.113274E-02  2.544552E-01
    400765 -2.104530E-01 -1.096674E-02 -2.801067E-01
    400766  1.030038E-02  5.818288E-03  5.614367E-02
    400981 -1.344502E-05  2.940286E-05  1.291884E-04
    401130  1.622050E-07  3.618118E-07  2.701565E-05
    401136  1.175122E-04 -2.924045E-09 -3.192481E-05
    500001 -2.458136E-04 -1.119179E-07 -2.951272E-04
    500002 -8.166344E-06  1.511283E-04  9.338641E-05
    500004  1.979727E-05 -1.120178E-04  2.133179E-04
    500201  5.547344E-02 -7.776107E-03 -1.525362E-03
    500208 -3.479361E-02 -1.862923E-03  1.082702E-02
    500762 -2.965988E-02  5.288723E-03 -1.244816E-02
    500769  5.958730E-02  5.532960E-03  1.001730E-03
    500982  2.907947E-05  2.006403E-05 -3.834791E-04
    501131  1.713288E-07 -4.713907E-06 -1.325627E-04
    501133 -1.207821E-06  7.069957E-07 -7.887605E-05
    501135 -3.035709E-04 -4.338199E-09  2.231168E-04
    600000 -3.450771E-05  5.605269E-08 -1.639908E-05
    600006  6.343854E-06 -4.094676E-06  3.506462E-05
    600204 -1.127806E-02 -6.340446E-03  4.564013E-02
    600205 -1.471706E-01  1.231263E-02 -1.024109E-01
    600765 -1.168730E-01 -1.204711E-02  1.288325E-01
    600766 -9.116839E-03  6.468814E-03 -4.986193E-02
    600981  1.157301E-05  3.063262E-05 -1.082482E-04
    601130 -1.350221E-07  3.747895E-07 -2.268494E-05
    601136 -9.893630E-05 -3.202500E-09  2.687826E-05
    700001 -2.515817E-04 -1.106632E-07 -3.018075E-04
    700002 -9.152012E-06 -1.926277E-04  9.421874E-05
    700004  2.323024E-05  1.579386E-04  2.860629E-04
    700201  6.859176E-02 -2.991471E-03 -1.863249E-03
    700208 -3.825651E-02  2.406732E-02  7.292222E-02
    700762 -3.276358E-02 -1.936980E-02 -6.238799E-02
    700769  6.690938E-02  2.201360E-03  2.057253E-03
    700982  3.249247E-05 -1.407553E-04 -5.292989E-04
    701131  1.821146E-07 -4.069418E-06 -1.732366E-04
    701133 -1.547404E-06  5.462920E-07 -1.030790E-04
    701135 -3.966887E-04 -3.534405E-09  2.915562E-04
    800000 -6.048775E-05  5.608576E-08 -2.874554E-05
    800006  7.512757E-06 -4.081867E-06  4.473769E-05
    800204 -1.307691E-02 -6.327649E-03  5.276088E-02
    800205  1.883244E-01  1.230436E-02 -2.595575E-01
    800765  2.115542E-01 -1.203853E-02  2.855861E-01
    800766 -1.057213E-02  6.455615E-03 -5.764012E-02
    800981  1.361939E-05  3.052419E-05 -1.305794E-04
    801130 -1.636203E-07  3.735785E-07 -2.730354E-05
    801136 -1.186807E-04 -3.179333E-09  3.224227E-05

                    E I G E N V A L U E    N U M B E R    31


 forces (fx,fy,fz) for set NSUPP and time  0.2000000E+01

     90000  7.469672E-11  2.088706E-10  4.008672E-11
     90002  1.241449E-10 -2.153341E-11  6.476016E-11
     90004 -5.433765E-10 -4.297325E-10  3.892400E-10
     90006 -3.287105E-12  5.059613E-11  7.083320E-11
    100001 -6.967461E-08  2.898054E-11 -8.319509E-08
    100002 -3.813053E-09 -5.106882E-08  2.049083E-08
    100004  1.009673E-08  6.312044E-08  9.342756E-08
    100201  1.974268E-05  1.039011E-06 -5.286412E-07
    100208 -1.150415E-05  3.626913E-06  1.156724E-05
    100762 -4.758042E-03 -2.208007E-03  4.512975E-02
    100769 -9.812330E-01 -6.506244E-02 -7.900482E-01
    100982 -1.204442E-01  4.052708E-01  1.772564E+00
    101131 -2.855856E-04 -1.903856E-03  2.991490E-01
    101133  2.615501E-03  3.168683E-04  1.788318E-01
    101135  6.881568E-01 -1.815031E-06 -5.057782E-01
    200000 -1.095631E-08 -8.056660E-12 -5.203615E-09
    200006  3.257967E-09  2.864910E-11  1.689965E-08
    200204 -3.834410E-06 -2.194240E-07  1.547291E-05
    200205 -1.187919E-05  3.236848E-07 -4.977106E-05
    200765 -6.954882E-01  6.569782E-04  1.537068E-01
    200766  1.785093E-01 -6.856774E-04 -1.566976E-01
    200981 -4.948449E-02  3.435404E-03  4.733757E-01
    201130  3.220602E-04  2.238025E-06  5.995742E-02
    201136  2.727571E-01  1.315060E-06 -7.410060E-02
    300001 -7.102240E-08  2.531941E-11 -8.481419E-08
    300002 -3.757670E-09  6.090822E-08  2.160063E-08
    300004  1.012010E-08 -7.510847E-08  1.050291E-07
    300201  2.033860E-05 -5.000769E-07 -5.552561E-07
    300208 -1.145985E-05 -4.710921E-06  1.411079E-05
    300762 -4.773553E-03  2.452410E-03  4.546562E-02
    300769 -4.074900E-01  9.978449E-02 -1.042648E+00
    300982 -1.206502E-01 -4.466354E-01  1.806788E+00
    301131 -2.655191E-04 -6.043973E-04  3.092841E-01
    301133  2.670533E-03 -4.644891E-06  1.851646E-01
    301135  7.124919E-01 -2.088209E-07 -5.236640E-01
    400000 -1.168206E-08  4.406064E-13 -5.551464E-09
    400006  3.270311E-09  2.296948E-11  1.708464E-08
    400204 -3.833951E-06 -2.236855E-07  1.547377E-05
    400205 -5.294638E-06  3.262834E-07 -5.235138E-05
    400765 -6.751066E-01  6.034284E-04  1.545529E-01
    400766  1.794786E-01 -6.680022E-04 -1.677550E-01
    400981 -4.975623E-02  3.009843E-03  4.765966E-01
    401130  3.250001E-04  4.921423E-08  6.054387E-02
    401136  2.754645E-01  1.356607E-06 -7.483611E-02
    500001 -6.522355E-08  3.552042E-11 -7.792401E-08
    500002 -3.507568E-09  5.629280E-08  1.979542E-08
    500004  9.337937E-09 -6.961384E-08  9.712299E-08
    500201  1.861914E-05 -4.345990E-07 -5.072098E-07
    500208 -1.044955E-05 -4.384935E-06  1.294689E-05
    500762 -4.380772E-03  2.268003E-03  4.185458E-02
    500769 -3.703123E-01  9.647285E-02 -9.577142E-01
    500982 -1.105192E-01 -4.122434E-01  1.656973E+00
    501131 -2.400741E-04 -6.493021E-04  2.782554E-01
    501133  2.400719E-03  1.125368E-05  1.665853E-01
    501135  6.409961E-01 -2.837552E-07 -4.711164E-01
    600000 -1.101380E-08 -3.671432E-13 -5.236732E-09
    600006  3.015397E-09  4.120432E-11  1.579869E-08
    600204 -3.497096E-06 -1.880683E-07  1.411649E-05
    600205 -8.261604E-06  2.639962E-07 -4.637203E-05
    600765 -6.221192E-01  8.607453E-04  1.417253E-01
    600766  1.646349E-01 -9.164841E-04 -1.527499E-01
    600981 -4.568293E-02  4.005698E-03  4.370423E-01
    601130  2.926923E-04  1.311876E-05  5.478002E-02
    601136  2.494880E-01  1.045706E-06 -6.777902E-02
    700001 -6.396208E-08  1.157073E-11 -7.636114E-08
    700002 -3.501671E-09 -4.668626E-08  1.874204E-08
    700004  9.303738E-09  5.794253E-08  8.568418E-08
    700201  1.802354E-05  9.719787E-07 -4.795720E-07
    700208 -1.048131E-05  3.295262E-06  1.037822E-05
    700762 -4.359731E-03 -2.047255E-03  4.146208E-02
    700769 -9.566053E-01 -6.146661E-02 -6.978774E-01
    700982 -1.101416E-01  3.723311E-01  1.621613E+00
    701131 -2.569873E-04 -1.810073E-03  2.681328E-01
    701133  2.341278E-03  3.003393E-04  1.603067E-01
    701135  6.168657E-01 -1.730533E-06 -4.533810E-01
    800000 -1.006753E-08  4.362922E-13 -4.783542E-09
    800006  2.997558E-09  4.583284E-11  1.555706E-08
    800204 -3.490368E-06 -1.841703E-07  1.408854E-05
    800205 -1.491261E-05  2.616045E-07 -4.366393E-05
    800765 -6.419612E-01  9.099259E-04  1.406250E-01
    800766  1.633385E-01 -9.327311E-04 -1.411364E-01
    800981 -4.538951E-02  4.395287E-03  4.331427E-01
    801130  2.885325E-04  1.507814E-05  5.402990E-02
    801136  2.460409E-01  1.008517E-06 -6.684254E-02

                    E I G E N V A L U E    N U M B E R    32


 forces (fx,fy,fz) for set NSUPP and time  0.2000000E+01

     90000  1.359850E-10  2.641861E-11  6.781458E-12
     90002 -9.667885E-11 -4.811994E-11 -2.625914E-11
     90004  3.229558E-10  1.097124E-10 -8.451908E-11
     90006 -1.459883E-11 -2.468661E-11 -1.067330E-11
    100001 -1.264165E-08  8.184588E-10 -1.452844E-08
    100002 -3.001807E-09  1.364968E-07 -1.006654E-08
    100004  6.157088E-09 -1.607102E-07 -1.359207E-07
    100201  6.084929E-06  9.087846E-06  6.312004E-09
    100208 -1.032886E-05 -1.386439E-05 -2.826804E-05
    100762 -4.102248E-03  6.506546E-04  3.699826E-02
    100769 -7.123713E+00  3.789709E-01  2.040525E+00
    100982 -1.064252E-01 -1.131434E-01  1.229121E+00
    101131 -5.070003E-04 -2.950243E-02  2.132422E-01
    101133  2.208143E-03  3.774181E-03  1.247307E-01
    101135  4.803117E-01 -2.423636E-05 -3.530156E-01
    200000  8.229152E-09  1.794539E-11  3.912984E-09
    200006  1.878397E-09 -1.859970E-10  7.362335E-09
    200204 -3.230430E-06 -8.888310E-06  1.297466E-05
    200205 -3.652057E-05  1.356623E-05 -3.149720E-05
    200765 -7.894775E-01  1.626478E-02  1.282652E-01
    200766  1.489729E-01 -1.731772E-02 -4.250876E-02
    200981 -4.166722E-02  8.041175E-02  3.905484E-01
    201130  3.012657E-04  1.138866E-04  5.445939E-02
    201136  2.450324E-01  2.874683E-05 -6.656857E-02
    300001 -5.749073E-08  8.224571E-10 -6.900462E-08
    300002 -1.457485E-09  1.960560E-07  2.824049E-08
    300004  5.975606E-09 -2.454402E-07  2.494695E-07
    300201  2.461015E-05  7.899941E-06 -8.881611E-07
    300208 -8.106410E-06 -2.024135E-05  4.978052E-05
    300762 -4.484617E-03  4.955919E-03  4.512558E-02
    300769  6.503762E+00  4.437295E-01 -3.964896E+00
    300982 -1.117169E-01 -8.411570E-01  2.022938E+00
    301131 -7.236150E-05 -2.809410E-02  4.469826E-01
    301133  3.502258E-03  3.425443E-03  2.704990E-01
    301135  1.040492E+00 -2.249070E-05 -7.647380E-01
    400000 -1.198673E-08  1.801221E-11 -5.697447E-09
    400006  2.056717E-09 -1.891004E-10  1.150190E-08
    400204 -2.910716E-06 -8.891786E-06  1.179796E-05
    400205  1.200613E-04  1.356827E-05 -8.851468E-05
    400765 -3.542677E-01  1.621731E-02  1.497387E-01
    400766  1.738173E-01 -1.730231E-02 -2.888565E-01
    400981 -4.809287E-02  8.002569E-02  4.691339E-01
    401130  3.769885E-04  1.114548E-04  6.913654E-02
    401136  3.127462E-01  2.879343E-05 -8.496452E-02
    500001  1.837165E-08  8.497896E-10  2.138155E-08
    500002  3.357610E-09  1.317611E-07  8.483665E-09
    500004 -7.011641E-09 -1.547665E-07  1.276523E-07
    500201 -7.712065E-06  9.135366E-06  4.633375E-08
    500208  1.128051E-05 -1.344590E-05  2.711006E-05
    500762  4.502031E-03  4.751581E-04 -4.094726E-02
    500769  7.226192E+00  3.744543E-01 -1.984259E+00
    500982  1.164625E-01 -7.837119E-02 -1.376393E+00
    501131  5.267174E-04 -2.954615E-02 -2.387680E-01
    501133 -2.421908E-03  3.791613E-03 -1.400678E-01
    501135 -5.393183E-01 -2.435910E-05  3.963840E-01
    600000 -7.348514E-09  1.793931E-11 -3.490061E-09
    600006 -2.154146E-09 -1.624216E-10 -8.774739E-09
    600204  3.539339E-06 -8.821040E-06 -1.422292E-05
    600205  3.678518E-05  1.345810E-05  3.574539E-05
    600765  8.532999E-01  1.723356E-02 -1.410523E-01
    600766 -1.638627E-01 -1.826326E-02  5.320049E-02
    600981  4.589474E-02  8.459799E-02 -4.301044E-01
    601130 -3.270043E-04  1.391556E-04 -5.937463E-02
    601136 -2.674317E-01  2.820015E-05  7.265384E-02
    700001  6.324951E-08  8.656680E-10  7.590327E-08
    700002  1.778212E-09  2.006718E-07 -3.000805E-08
    700004 -6.840187E-09 -2.513169E-07 -2.579104E-07
    700201 -2.622797E-05  7.822459E-06  9.246633E-07
    700208  9.033983E-06 -2.055521E-05 -5.073319E-05
    700762  4.910855E-03  5.239178E-03 -4.933546E-02
    700769 -6.488874E+00  4.524981E-01  4.066707E+00
    700982  1.222130E-01 -8.798526E-01 -2.184444E+00
    701131  1.015655E-04 -2.803491E-02 -4.728431E-01
    701133 -3.726555E-03  3.414596E-03 -2.859398E-01
    701135 -1.099903E+00 -2.247588E-05  8.084035E-01
    800000  1.298718E-08  1.770521E-11  6.172147E-09
    800006 -2.336471E-09 -1.672960E-10 -1.296406E-08
    800204  3.226490E-06 -8.824252E-06 -1.307463E-05
    800205 -1.205940E-04  1.345912E-05  9.317701E-05
    800765  4.085697E-01  1.718477E-02 -1.633093E-01
    800766 -1.896060E-01 -1.824793E-02  3.058820E-01
    800981  5.257897E-02  8.417445E-02 -5.111532E-01
    801130 -4.035558E-04  1.365390E-04 -7.426184E-02
    801136 -3.360639E-01  2.825046E-05  9.129930E-02

                    E I G E N V A L U E    N U M B E R    33


 forces (fx,fy,fz) for set NSUPP and time  0.2000000E+01

     90000 -2.048804E-10  4.351232E-11  3.173198E-11
     90002  2.865558E-11  6.420239E-13  1.759753E-10
     90004  2.360369E-10 -5.438178E-11 -5.572256E-10
     90006 -3.275878E-11  6.705339E-12 -2.338873E-11
    100001  2.436715E-04  2.822789E-06  2.938064E-04
    100002  2.213049E-06  6.865046E-04 -1.318117E-04
    100004 -1.135677E-05 -7.936170E-04 -8.092475E-04
    100201 -3.618624E-02  2.459840E-02  1.751123E-03
    100208 -2.018225E-04 -5.176283E-02 -1.144040E-01
    100762  2.576571E-04  3.064237E-02  8.675491E-02
    100769 -1.998255E-02 -1.783360E-02 -4.008089E-03
    100982  3.432952E-05  5.028495E-04 -7.141375E-05
    101131  5.468898E-07  3.400024E-05  9.986680E-05
    101133  9.149310E-08 -4.011479E-06  6.673132E-05
    101135  2.560166E-04  2.645583E-08 -1.881695E-04
    200000  5.976327E-05  1.621712E-07  2.840122E-05
    200006 -3.991182E-06 -7.787037E-06 -2.831260E-05
    200204  3.447412E-04 -3.903969E-02 -1.658524E-03
    200205 -8.499613E-02  6.241651E-02  3.836751E-02
    200765 -9.610389E-02 -5.959821E-02 -4.324717E-02
    200766  2.260682E-04  3.871198E-02  1.723506E-03
    200981  1.196494E-05  4.039201E-05 -1.060863E-04
    201130 -3.846072E-08  1.012933E-06 -4.262075E-06
    201136 -1.460271E-05 -5.829845E-08  3.967158E-06
    300001  9.002142E-05  2.822988E-06  1.066205E-04
    300002  9.551379E-06  4.550109E-04  6.536696E-06
    300004 -1.795698E-05 -6.091192E-04  4.710804E-04
    300201  1.668738E-02  2.534736E-02 -1.172208E-03
    300208  1.149407E-02 -4.788569E-02  1.016006E-01
    300762  9.274047E-03  2.716917E-02 -7.530341E-02
    300769  1.082263E-03 -1.838282E-02  4.078488E-03
    300982  2.326242E-05  7.347843E-04 -7.865391E-04
    301131 -2.076386E-07  3.390437E-05 -1.597808E-04
    301133 -9.825080E-07 -3.981894E-06 -9.887932E-05
    301135 -3.800790E-04  2.630878E-08  2.793506E-04
    400000  2.943686E-05  1.621994E-07  1.398926E-05
    400006 -5.376737E-06 -7.778613E-06 -2.976183E-05
    400204  3.450281E-03 -3.903831E-02 -1.360594E-02
    400205  1.213353E-01  6.241481E-02  1.019823E-03
    400765  1.154944E-01 -5.959557E-02 -7.203443E-03
    400766  2.688863E-03  3.871043E-02  1.485233E-02
    400981  1.189111E-05  4.049823E-05 -1.219527E-04
    401130 -6.690097E-08  1.013305E-06 -1.217527E-05
    401136 -5.501367E-05 -5.830904E-08  1.494570E-05
    500001 -2.429556E-04  2.857734E-06 -2.929650E-04
    500002 -2.129910E-06  6.850839E-04  1.320078E-04
    500004  1.109679E-05 -7.914620E-04  8.067022E-04
    500201  3.607080E-02  2.449179E-02 -1.706532E-03
    500208  4.569369E-04 -5.145152E-02  1.132621E-01
    500762 -5.822120E-05  3.041917E-02 -8.582800E-02
    500769  1.993422E-02 -1.776154E-02  3.960104E-03
    500982 -3.548952E-05  4.987872E-04  8.729649E-05
    501131 -5.486128E-07  3.399704E-05 -9.730295E-05
    501133 -6.941714E-08 -4.010397E-06 -6.519072E-05
    501135 -2.500857E-04  2.648706E-08  1.838103E-04
    600000 -5.933218E-05  1.631898E-07 -2.819632E-05
    600006  3.921645E-06 -7.859945E-06  2.788782E-05
    600204 -2.856549E-04 -3.956722E-02  1.430136E-03
    600205  7.971004E-02  6.338160E-02 -3.546240E-02
    600765  9.140101E-02 -6.048568E-02  4.055967E-02
    600766 -1.806821E-04  3.924282E-02 -1.490437E-03
    600981 -1.241516E-05  3.950995E-05  1.101867E-04
    601130  4.144647E-08  1.009338E-06  4.760587E-06
    601136  1.688992E-05 -5.821491E-08 -4.588533E-06
    700001 -8.950660E-05  2.858160E-06 -1.060144E-04
    700002 -9.486352E-06  4.551241E-04 -6.806049E-06
    700004  1.782075E-05 -6.097935E-04 -4.718221E-04
    700201 -1.661800E-02  2.523939E-02  1.128970E-03
    700208 -1.173349E-02 -4.754970E-02 -1.004731E-01
    700762 -9.460366E-03  2.691363E-02  7.440213E-02
    700769 -1.073806E-03 -1.831250E-02 -4.048164E-03
    700982 -2.426813E-05  7.385452E-04  8.036667E-04
    701131  2.042835E-07  3.388970E-05  1.623818E-04
    701133  1.003587E-06 -3.977157E-06  1.004397E-04
    701135  3.860799E-04  2.632869E-08 -2.837610E-04
    800000 -2.921973E-05  1.632400E-07 -1.388605E-05
    800006  5.329079E-06 -7.852373E-06  2.946508E-05
    800204 -3.499082E-03 -3.956423E-02  1.379927E-02
    800205 -1.168599E-01  6.337557E-02 -3.435011E-03
    800765 -1.113890E-01 -6.047989E-02  9.488023E-03
    800766 -2.725051E-03  3.924186E-02 -1.505696E-02
    800981 -1.238247E-05  3.962309E-05  1.265477E-04
    801130  7.002790E-08  1.009795E-06  1.271400E-05
    801136  5.748712E-05 -5.823040E-08 -1.561768E-05

                    E I G E N V A L U E    N U M B E R    34


 forces (fx,fy,fz) for set NSUPP and time  0.2000000E+01

     90000  1.335699E-10 -3.756572E-11  1.548493E-10
     90002 -1.037693E-10  1.442530E-14 -1.315739E-10
     90004  1.945820E-10  2.766008E-10 -2.763028E-11
     90006  3.093026E-10  9.326281E-11 -3.646074E-10
    100001  1.214126E+00 -2.547095E-04  1.434671E+00
    100002  1.130038E-01  1.157343E+00 -1.637816E-01
    100004 -3.178614E-01 -2.205428E+00 -2.644933E+00
    100201 -1.451252E+00  3.647870E-02  5.962791E-01
    100208 -3.973155E-03  2.208024E-03 -3.537651E-02
    100762 -8.450027E-06 -3.096147E-06 -1.062749E-05
    100769  1.541026E-05 -3.607368E-07  7.836952E-07
    100982 -5.204299E-09 -5.670746E-08  2.557633E-08
    101131 -6.690731E-11 -3.865631E-09 -8.988207E-09
    101133  1.322832E-11  4.505418E-10 -6.207615E-09
    101135 -2.379217E-08 -2.509776E-12  1.748664E-08
    200000  2.877826E-01  1.539826E-05  1.367634E-01
    200006 -1.021517E-01 -1.676921E-03 -5.212004E-01
    200204  2.388002E-01  6.193202E-04  3.034777E-01
    200205 -4.962536E-01 -6.510227E-04 -1.438153E-01
    200765  9.723453E-05  2.898109E-07  8.907862E-05
    200766 -2.635888E-06 -1.768757E-07 -1.448180E-05
    200981 -1.884558E-09 -9.310625E-09  1.763441E-08
    201130  1.026506E-11 -1.334288E-10  2.052326E-09
    201136  9.498782E-09  7.319012E-12 -2.579521E-09
    300001  1.235398E+00 -5.281703E-04  1.460375E+00
    300002  1.127593E-01 -1.314569E+00 -1.802590E-01
    300004 -3.192305E-01  2.395755E+00 -2.837386E+00
    300201 -9.797875E-01 -6.912918E-02  8.663630E-01
    300208 -3.987803E-03 -2.505835E-03 -3.557922E-02
    300762 -8.506075E-06  3.045952E-06 -1.058137E-05
    300769  1.746603E-05  5.357505E-07 -1.067227E-07
    300982 -3.324462E-09 -9.124423E-08  1.010294E-07
    301131  2.202800E-11 -3.845519E-09  1.996276E-08
    301133  1.278893E-10  4.445514E-10  1.232398E-08
    301135  4.737881E-08 -2.617325E-12 -3.482160E-08
    400000  3.023448E-01  1.558835E-05  1.436838E-01
    400006 -1.027286E-01 -1.486488E-03 -5.262123E-01
    400204  2.401128E-01  5.907008E-04  3.159277E-01
    400205 -4.793726E-01 -5.260455E-04 -1.446150E-01
    400765  9.980399E-05  2.872573E-07  9.047244E-05
    400766 -2.657077E-06 -1.730085E-07 -1.459375E-05
    400981 -1.618874E-09 -9.325613E-09  1.676433E-08
    401130  1.174663E-11 -1.350549E-10  2.651802E-09
    401136  1.271474E-08  2.738874E-12 -3.456497E-09
    500001  1.108462E+00 -5.005956E-04  1.309651E+00
    500002  1.032040E-01 -1.194535E+00 -1.532434E-01
    500004 -2.927671E-01  2.200455E+00 -2.595492E+00
    500201 -8.944671E-01 -6.679153E-02  7.962781E-01
    500208 -3.656346E-03 -2.323504E-03 -3.272791E-02
    500762 -7.823645E-06  2.834497E-06 -9.732557E-06
    500769  1.616015E-05  4.952895E-07 -1.513907E-07
    500982 -3.614836E-09 -8.979713E-08  1.054182E-07
    501131  6.205666E-11 -3.823087E-09  2.761368E-08
    501133  1.325981E-10  4.397675E-10  1.751287E-08
    501135  6.728208E-08 -3.061417E-12 -4.945113E-08
    600000  2.785308E-01  2.466848E-05  1.323666E-01
    600006 -9.422400E-02 -2.133959E-03 -4.826353E-01
    600204  2.201219E-01  9.299395E-04  2.871933E-01
    600205 -4.439854E-01 -8.859198E-04 -1.325300E-01
    600765  9.212154E-05  3.688074E-07  8.331826E-05
    600766 -2.444003E-06 -2.214347E-07 -1.343198E-05
    600981 -1.735644E-09 -9.330534E-09  1.775687E-08
    601130  1.139402E-11 -1.344611E-10  3.334786E-09
    601136  1.660181E-08  6.821296E-12 -4.511074E-09
    700001  1.088274E+00 -2.540826E-04  1.285319E+00
    700002  1.032123E-01  1.045581E+00 -1.383130E-01
    700004 -2.908819E-01 -2.021133E+00 -2.408570E+00
    700201 -1.394013E+00  3.290308E-02  5.069322E-01
    700208 -3.633663E-03  2.030521E-03 -3.245113E-02
    700762 -7.750660E-06 -2.874249E-06 -9.724569E-06
    700769  1.410594E-05 -3.213500E-07  7.360399E-07
    700982 -5.514130E-09 -5.788360E-08  3.032939E-08
    701131 -2.681148E-11 -3.885096E-09 -1.336707E-09
    701133  1.878633E-11  4.553031E-10 -1.018054E-09
    701135 -3.886601E-09 -3.718851E-12  2.857182E-09
    800000  2.569259E-01  2.450824E-05  1.220993E-01
    800006 -9.352200E-02 -2.308700E-03 -4.757068E-01
    800204  2.181257E-01  9.559286E-04  2.746885E-01
    800205 -4.580330E-01 -1.000101E-03 -1.313387E-01
    800765  8.931286E-05  3.711321E-07  8.168764E-05
    800766 -2.415425E-06 -2.250137E-07 -1.328148E-05
    800981 -2.006977E-09 -9.312968E-09  1.862926E-08
    801130  1.436991E-11 -1.342442E-10  2.730114E-09
    801136  1.337157E-08  5.614813E-12 -3.632560E-09

                    E I G E N V A L U E    N U M B E R    35


 forces (fx,fy,fz) for set NSUPP and time  0.2000000E+01

     90000  9.245017E-11  1.689995E-10 -3.543457E-11
     90002  1.019265E-10  1.112788E-11  1.822584E-10
     90004 -1.352156E-10 -3.200529E-10 -1.026257E-10
     90006  2.308026E-10  1.183839E-10 -2.838843E-10
    100001  2.635671E-07 -4.489049E-10  3.136925E-07
    100002  1.746428E-08  1.499846E-07 -6.173662E-08
    100004 -4.660287E-08 -2.557256E-07 -3.328897E-07
    100201 -1.344418E-05  5.304086E-06  3.137155E-07
    100208  2.536718E-06 -1.258207E-05 -2.838716E-05
    100762 -3.728633E-04  1.251377E-02 -1.285025E-02
    100769 -4.069250E+01  2.528952E+00  1.744108E+01
    100982 -2.327421E-02 -2.837653E+00 -1.634448E+00
    101131 -2.474692E-03 -1.471791E-01 -7.160012E-01
    101133 -2.362370E-03  1.704607E-02 -4.635438E-01
    101135 -1.779866E+00 -1.130016E-04  1.308176E+00
    200000  2.590470E-08  1.487260E-10  1.231107E-08
    200006 -1.485588E-08 -1.108763E-08 -7.317534E-08
    200204  9.499346E-07 -9.915849E-06 -3.747340E-06
    200205 -1.993195E-05  1.601790E-05  2.084922E-05
    200765 -2.088454E-01 -9.793145E-02 -1.143044E-03
    200766 -9.064831E-04  8.246352E-02  9.016800E-02
    200981 -1.152455E-04 -3.656074E-01 -2.962300E-02
    201130 -6.973744E-05 -5.177264E-03 -2.847041E-02
    201136 -1.550771E-01  2.684161E-04  4.213019E-02
    300001  2.885598E-07 -4.573239E-10  3.431450E-07
    300002  1.981592E-08 -3.318590E-07 -7.188331E-08
    300004 -5.588729E-08  4.650661E-07 -6.104983E-07
    300201 -4.295481E-07  5.825951E-06  3.889181E-07
    300208  5.616861E-06 -9.794921E-06  1.891015E-05
    300762  1.260598E-03  1.184238E-02  3.303372E-03
    300769  3.944229E+01  2.696620E+00 -1.667302E+01
    300982  4.958875E-02 -2.832287E+00  1.237674E+00
    301131  9.291254E-04 -1.480734E-01  3.914571E-01
    301133  1.947043E-03  1.723013E-02  2.454470E-01
    301135  9.429917E-01 -1.139310E-04 -6.930823E-01
    400000  8.910615E-08  1.494223E-10  4.234539E-08
    400006 -1.810114E-08 -1.105635E-08 -9.859402E-08
    400204  1.845891E-06 -9.914585E-06 -7.132050E-06
    400205 -5.206314E-06  1.601683E-05  2.757924E-05
    400765  1.664517E-01 -9.792470E-02 -2.827066E-02
    400766 -3.322571E-02  8.246011E-02  1.379451E-02
    400981  1.064814E-02 -3.655805E-01 -6.814846E-02
    401130 -5.819137E-06 -5.177059E-03 -5.982123E-03
    401136 -3.495940E-02  2.684203E-04  9.497497E-03
    500001 -3.457034E-07 -4.876502E-10 -4.106902E-07
    500002 -2.505596E-08  2.325412E-07  7.288599E-08
    500004  6.811282E-08 -4.109184E-07  5.165675E-07
    500201  1.349368E-05  5.277848E-06 -3.458704E-07
    500208 -2.455569E-06 -1.250325E-05  2.805185E-05
    500762  3.886339E-04  1.246121E-02  1.268689E-02
    500769  4.061870E+01  2.523221E+00 -1.740492E+01
    500982  2.407251E-02 -2.834049E+00  1.627577E+00
    501131  2.475662E-03 -1.471511E-01  7.163492E-01
    501133  2.357446E-03  1.703104E-02  4.637943E-01
    501135  1.780804E+00 -1.130810E-04 -1.308865E+00
    600000 -4.513110E-08  1.525284E-10 -2.144727E-08
    600006  2.178366E-08 -1.133360E-08  1.084039E-07
    600204 -9.448988E-07 -1.010349E-05  3.645060E-06
    600205  1.817698E-05  1.635677E-05 -1.983188E-05
    600765  2.046412E-01 -9.843810E-02  9.165613E-04
    600766  6.314704E-04  8.305491E-02 -8.769879E-02
    600981  1.288608E-04 -3.673687E-01  2.918883E-02
    601130  6.715244E-05 -5.180859E-03  2.835387E-02
    601136  1.544470E-01  2.684668E-04 -4.195900E-02
    700001 -3.709219E-07 -4.825742E-10 -4.404982E-07
    700002 -2.754354E-08 -4.164604E-07  8.309777E-08
    700004  7.764368E-08  6.227390E-07  7.984456E-07
    700201  5.192678E-07  5.791698E-06 -4.548182E-07
    700208 -5.686359E-06 -9.697753E-06 -1.858288E-05
    700762 -1.282130E-03  1.177625E-02 -3.043175E-03
    700769 -3.936672E+01  2.691509E+00  1.663484E+01
    700982 -5.045256E-02 -2.827885E+00 -1.228534E+00
    701131 -9.279112E-04 -1.480389E-01 -3.910537E-01
    701133 -1.938360E-03  1.721181E-02 -2.452333E-01
    701135 -9.421581E-01 -1.140311E-04  6.924696E-01
    800000 -1.091765E-07  1.516558E-10 -5.188420E-08
    800006  2.510578E-08 -1.129112E-08  1.342616E-07
    800204 -1.877595E-06 -1.010188E-05  7.171746E-06
    800205  6.677294E-06  1.635467E-05 -2.833382E-05
    800765 -1.653140E-01 -9.843138E-02  2.862608E-02
    800766  3.365079E-02  8.304751E-02 -1.537378E-02
    800981 -1.081721E-02 -3.673566E-01  6.896416E-02
    801130  3.629874E-06 -5.180972E-03  5.967256E-03
    801136  3.483748E-02  2.684866E-04 -9.464351E-03

                    E I G E N V A L U E    N U M B E R    36


 forces (fx,fy,fz) for set NSUPP and time  0.2000000E+01

     90000  2.330140E-10  1.354454E-10  1.891661E-10
     90002  1.723987E-10 -1.638455E-11  1.709040E-10
     90004 -2.569424E-10 -2.071029E-10 -3.049593E-12
     90006 -3.441995E-10 -1.269333E-10  3.543358E-10
    100001  1.111664E+00 -8.648015E-03  1.314521E+00
    100002  1.051146E-01 -5.072199E-01 -9.572264E-02
    100004 -2.696653E-01  7.140068E-02 -4.045410E-01
    100201 -6.300103E+00 -3.546883E-01 -2.331616E+00
    100208 -3.409225E-03 -1.244021E-03 -2.979201E-02
    100762 -7.285082E-06 -3.117991E-06 -9.515286E-06
    100769  2.402134E-05 -6.659039E-07 -3.320409E-06
    100982  6.346757E-10  6.061931E-07  4.008937E-07
    101131  5.204966E-10  3.044894E-08  1.582862E-07
    101133  5.518122E-10 -3.515821E-09  1.022100E-07
    101135  3.924802E-07  2.287299E-11 -2.884665E-07
    200000  9.177050E-02  4.413299E-04  4.361268E-02
    200006 -8.519512E-02 -4.227714E-02 -4.103247E-01
    200204  1.990066E-01  1.694645E-02  1.744084E-01
    200205 -5.564347E-01 -1.676586E-02 -1.198612E-01
    200765  6.475132E-05  7.294940E-06  6.834608E-05
    200766 -2.221759E-06 -4.403290E-06 -1.225620E-05
    200981 -1.675143E-09  8.174385E-08  2.259158E-08
    201130  2.511778E-11  1.099880E-09  8.354129E-09
    201136  4.415456E-08 -5.639611E-11 -1.199602E-08
    300001  1.586002E+00 -8.867955E-03  1.887158E+00
    300002  1.014885E-01 -2.996461E+00 -4.565643E-01
    300004 -3.048948E-01  4.161218E+00 -4.729638E+00
    300201  4.827998E+00 -4.099422E-01  4.067410E+00
    300208 -3.806478E-03 -5.656452E-03 -3.502190E-02
    300762 -8.691640E-06  2.590114E-06 -1.065990E-05
    300769  6.992299E-06  1.284999E-07  3.762469E-06
    300982 -1.520514E-08  5.715142E-07 -1.827704E-07
    301131 -1.864001E-10  3.068020E-08 -7.037032E-08
    301133 -3.307004E-10 -3.564855E-09 -4.427183E-08
    301135 -1.700671E-07  2.400564E-11  1.249965E-07
    400000  4.813090E-01  4.415929E-04  2.287326E-01
    400006 -9.958671E-02 -4.210767E-02 -5.409619E-01
    400204  2.352941E-01  1.692065E-02  4.429542E-01
    400205 -2.269136E-01 -1.665310E-02 -1.417341E-01
    400765  1.290373E-04  7.292433E-06  1.040376E-04
    400766 -2.757688E-06 -4.399848E-06 -1.516956E-05
    400981 -4.247004E-09  8.172016E-08  3.409737E-08
    401130  1.109122E-11  1.100036E-09  4.066188E-09
    401136  2.096601E-08 -5.466333E-11 -5.694877E-09
    500001 -1.216060E+00 -8.784117E-03 -1.437893E+00
    500002 -1.146624E-01 -4.034189E-01  1.092471E-01
    500004  2.968172E-01 -1.250784E-01  6.333825E-01
    500201  6.442291E+00 -3.528708E-01  2.293163E+00
    500208  3.745043E-03 -1.063578E-03  3.292135E-02
    500762  8.061023E-06 -3.407394E-06  1.032831E-05
    500769 -2.559169E-05 -7.219651E-07  3.285304E-06
    500982 -3.701290E-10  6.070138E-07 -4.058398E-07
    501131 -5.199636E-10  3.044074E-08 -1.593499E-07
    501133 -5.583969E-10 -3.512285E-09 -1.028658E-07
    501135 -3.950026E-07  2.387511E-11  2.903185E-07
    600000 -1.135759E-01  4.583687E-04 -5.397526E-02
    600006  9.396983E-02 -4.349554E-02  4.542764E-01
    600204 -2.190278E-01  1.772134E-02 -1.985427E-01
    600205  6.005303E-01 -1.757233E-02  1.318850E-01
    600765 -7.333874E-05  7.657865E-06 -7.637656E-05
    600766  2.465131E-06 -4.619666E-06  1.359666E-05
    600981  1.855909E-09  8.229996E-08 -2.424999E-08
    601130 -2.654135E-11  1.099836E-09 -8.605923E-09
    601136 -4.536990E-08 -5.622421E-11  1.233026E-08
    700001 -1.691333E+00 -9.020424E-03 -2.011546E+00
    700002 -1.114353E-01 -3.107351E+00  4.710615E-01
    700004  3.331749E-01  4.366139E+00  4.976545E+00
    700201 -4.761810E+00 -4.166827E-01 -4.156751E+00
    700208  4.163516E-03 -5.941446E-03  3.833924E-02
    700762  9.575042E-06  2.971951E-06  1.191577E-05
    700769 -8.624553E-06  1.604264E-07 -3.791149E-06
    700982  1.584439E-08  5.688004E-07  1.737822E-07
    701131  1.897153E-10  3.067608E-08  6.928750E-08
    701133  3.176204E-10 -3.561192E-09  4.362042E-08
    701135  1.675616E-07  2.262671E-11 -1.231547E-07
    800000 -5.080286E-01  4.588088E-04 -2.414305E-01
    800006  1.087144E-01 -4.331294E-02  5.872195E-01
    800204 -2.566127E-01  1.769345E-02 -4.722732E-01
    800205  2.673427E-01 -1.744997E-02  1.545364E-01
    800765 -1.409847E-04  7.655041E-06 -1.139570E-04
    800766  3.031179E-06 -4.616152E-06  1.667474E-05
    800981  4.477501E-09  8.227856E-08 -3.613181E-08
    801130 -1.632649E-11  1.100965E-09 -4.347931E-09
    801136 -2.231520E-08 -5.282679E-11  6.060182E-09

                    E I G E N V A L U E    N U M B E R    37


 forces (fx,fy,fz) for set NSUPP and time  0.2000000E+01

     90000  6.747407E-11 -4.086238E-11  9.045361E-11
     90002  7.331947E-11  5.328964E-12  8.354813E-11
     90004  8.677002E-11  2.722390E-12  1.541721E-10
     90006 -5.952202E-10 -2.318906E-10  5.797337E-10
    100001 -2.121254E-04  4.386807E-08 -2.493861E-04
    100002 -2.374757E-05 -2.226546E-04  1.205440E-05
    100004  6.764149E-05  4.753472E-04  5.463912E-04
    100201 -6.912774E-02 -2.830411E-03  1.911318E-03
    100208  4.335506E-02 -1.393269E-02 -5.161705E-02
    100762 -3.755698E-02 -1.335839E-02 -4.678898E-02
    100769  7.254904E-02 -2.043627E-03  1.511944E-03
    100982 -1.396545E-05  5.298568E-05  2.108702E-04
    101131  2.620142E-08  7.362454E-08  4.145491E-05
    101133  2.753899E-07  3.104528E-09  2.563512E-05
    101135  9.855598E-05  1.598668E-11 -7.243660E-05
    200000 -7.081894E-05  1.966446E-09 -3.365537E-05
    200006  2.167908E-05 -2.120098E-08  1.122146E-04
    200204  1.434022E-02 -8.921015E-05 -5.815005E-02
    200205 -4.893228E-01  1.698118E-04  3.967625E-01
    200765  4.429396E-01  1.391998E-04  4.003866E-01
    200766 -1.174282E-02 -7.526398E-05 -6.443506E-02
    200981 -5.710597E-06  6.693449E-07  5.686814E-05
    201130  4.885148E-08  6.795527E-09  1.178085E-05
    201136  5.808611E-05 -3.208917E-10 -1.578041E-05
    300001 -2.162639E-04  1.079854E-07 -2.544142E-04
    300002 -2.359984E-05  2.533527E-04  1.560905E-05
    300004  6.761631E-05 -5.129428E-04  5.818807E-04
    300201 -6.947687E-02  2.633185E-03  1.860498E-03
    300208  4.341160E-02  1.435296E-02 -5.276964E-02
    300762 -3.760099E-02  1.361983E-02 -4.768911E-02
    300769  7.262691E-02  1.892614E-03  1.555041E-03
    300982 -1.407766E-05 -4.654966E-05  2.081687E-04
    301131  2.223564E-08  2.594089E-07  4.022637E-05
    301133  2.709346E-07 -4.124468E-08  2.484558E-05
    301135  9.552407E-05  2.385532E-10 -7.020819E-05
    400000 -7.177093E-05  1.925137E-09 -3.410779E-05
    400006  2.169402E-05 -6.145826E-08  1.124288E-04
    400204  1.436637E-02 -7.377482E-05 -5.825644E-02
    400205 -4.957754E-01  1.593773E-04  3.996641E-01
    400765  4.490473E-01  1.277297E-04  4.031437E-01
    400766 -1.176165E-02 -5.832785E-05 -6.453884E-02
    400981 -5.737165E-06  6.231395E-07  5.704508E-05
    401130  4.882116E-08  6.642282E-09  1.176333E-05
    401136  5.798455E-05 -3.206670E-10 -1.575282E-05
    500001 -2.105567E-04  1.026762E-07 -2.476816E-04
    500002 -2.302175E-05  2.463735E-04  1.494429E-05
    500004  6.598694E-05 -4.993807E-04  5.670042E-04
    500201 -6.685460E-02  2.532142E-03  1.788970E-03
    500208  4.181766E-02  1.396134E-02 -5.088103E-02
    500762 -3.622979E-02  1.328512E-02 -4.598571E-02
    500769  6.991309E-02  1.821825E-03  1.500074E-03
    500982 -1.357533E-05 -4.479129E-05  2.007374E-04
    501131  1.862970E-08  2.581280E-07  3.838930E-05
    501133  2.614209E-07 -4.031464E-08  2.368014E-05
    501135  9.104537E-05  2.352163E-10 -6.691642E-05
    600000 -7.055215E-05 -1.019410E-10 -3.352858E-05
    600006  2.117381E-05  8.102063E-08  1.097657E-04
    600204  1.383811E-02 -2.397323E-04 -5.612372E-02
    600205 -4.776056E-01  4.511855E-04  3.848767E-01
    600765  4.328989E-01  4.837845E-04  3.884321E-01
    600766 -1.133723E-02 -2.696498E-04 -6.221869E-02
    600981 -5.542928E-06  7.533332E-07  5.505048E-05
    601130  4.708591E-08  8.404299E-09  1.133093E-05
    601136  5.581933E-05 -3.638923E-10 -1.516459E-05
    700001 -2.066826E-04  4.169202E-08 -2.429865E-04
    700002 -2.311689E-05 -2.176881E-04  1.175304E-05
    700004  6.589914E-05  4.644544E-04  5.329616E-04
    700201 -6.649441E-02 -2.726680E-03  1.839673E-03
    700208  4.169576E-02 -1.350461E-02 -4.957043E-02
    700762 -3.611663E-02 -1.298700E-02 -4.488006E-02
    700769  6.982772E-02 -1.972889E-03  1.453156E-03
    700982 -1.343889E-05  5.144680E-05  2.033064E-04
    701131  2.303186E-08  8.208335E-08  3.962222E-05
    701133  2.652792E-07  2.068311E-09  2.447869E-05
    701135  9.411143E-05  2.093111E-11 -6.916993E-05
    800000 -6.804724E-05 -6.184337E-11 -3.233818E-05
    800006  2.113103E-05  1.202652E-07  1.091273E-04
    800204  1.377890E-02 -2.545962E-04 -5.589113E-02
    800205 -4.707927E-01  4.611892E-04  3.813608E-01
    800765  4.259304E-01  4.947981E-04  3.847117E-01
    800766 -1.128618E-02 -2.859922E-04 -6.194646E-02
    800981 -5.512948E-06  7.979360E-07  5.478479E-05
    801130  4.696211E-08  8.552988E-09  1.132488E-05
    801136  5.581417E-05 -3.669851E-10 -1.516319E-05

                    E I G E N V A L U E    N U M B E R    38


 forces (fx,fy,fz) for set NSUPP and time  0.2000000E+01

     90000  2.282890E-10  4.232244E-10 -1.357874E-11
     90002  2.501563E-11 -7.763485E-11  3.761271E-11
     90004 -5.244849E-12 -2.830484E-10  3.207741E-11
     90006  1.711490E-10  1.477293E-10 -1.413431E-10
    100001  8.357240E-05 -5.271221E-06  9.367451E-05
    100002  2.705963E-05 -8.280670E-04  9.607674E-05
    100004 -6.324777E-05  8.346783E-04  7.030673E-04
    100201  5.520571E-02  7.251372E-03 -3.688017E-03
    100208 -3.898368E-02  2.893940E-03  1.992469E-02
    100762  3.370365E-02  6.017246E-03  2.072444E-02
    100769 -6.615765E-02  5.483971E-03 -4.593043E-04
    100982  1.129750E-05 -1.890015E-04 -2.662920E-04
    101131 -1.741742E-07 -7.159840E-06 -7.710439E-05
    101133 -3.587138E-07  7.919777E-07 -4.906625E-05
    101135 -1.884915E-04 -5.331150E-09  1.385380E-04
    200000  7.563642E-06 -5.038507E-08  3.594636E-06
    200006 -1.946959E-05 -3.242298E-06 -9.158678E-05
    200204 -1.253393E-02  8.636109E-03  5.087262E-02
    200205  3.247349E-01 -1.618127E-02 -3.064763E-01
    200765 -2.765195E-01 -1.622772E-02 -3.065597E-01
    200766  1.026287E-02  9.039363E-03  5.637588E-02
    200981  5.024621E-06 -3.508973E-05 -5.131425E-05
    201130 -4.692054E-08 -3.588017E-07 -1.225056E-05
    201136 -6.158531E-05  1.538372E-08  1.673105E-05
    300001  3.716567E-04 -5.330094E-06  4.432278E-04
    300002  1.841452E-05 -1.306937E-03 -1.454345E-04
    300004 -6.585468E-05  1.772400E-03 -1.798028E-03
    300201  7.492562E-02  2.126391E-03  1.749592E-04
    300208 -4.321300E-02 -2.363942E-02  7.975977E-02
    300762  3.752089E-02 -1.937379E-02  6.938807E-02
    300769 -7.070331E-02  1.794136E-03 -2.374578E-03
    300982  1.702653E-05 -9.582009E-05 -1.589982E-04
    301131  1.399575E-08 -7.402007E-06 -2.437590E-05
    301133 -1.894628E-07  8.475887E-07 -1.495103E-05
    301135 -5.750840E-05 -5.611209E-09  4.226736E-05
    400000  1.258902E-04 -5.033616E-08  5.982680E-05
    400006 -2.193790E-05 -3.204029E-06 -1.224412E-04
    400204 -1.466738E-02  8.622127E-03  5.943812E-02
    400205  6.405895E-01 -1.617135E-02 -4.607044E-01
    400765 -5.908344E-01 -1.621680E-02 -4.636382E-01
    400766  1.201366E-02  9.024077E-03  6.587638E-02
    400981  6.536510E-06 -3.504398E-05 -6.322442E-05
    401130 -5.004984E-08 -3.586378E-07 -1.222594E-05
    401136 -6.044839E-05  1.538435E-08  1.642218E-05
    500001 -9.429357E-05 -5.346381E-06 -1.062982E-04
    500002 -2.816940E-05 -8.162834E-04 -9.569933E-05
    500004  6.648743E-05  8.107333E-04 -6.767645E-04
    500201 -5.780447E-02  7.419998E-03  3.751113E-03
    500208  4.047619E-02  3.417784E-03 -2.113199E-02
    500762 -3.500529E-02  6.564463E-03 -2.181950E-02
    500769  6.895874E-02  5.604624E-03  5.094596E-04
    500982 -1.180827E-05 -1.906189E-04  2.740432E-04
    501131  1.755442E-07 -7.155599E-06  7.891298E-05
    501133  3.695649E-07  7.896622E-07  5.019234E-05
    501135  1.928180E-04 -5.327371E-09 -1.417179E-04
    600000 -1.028020E-05 -4.678251E-08 -4.885636E-06
    600006  2.050524E-05 -3.498286E-06  9.678119E-05
    600204  1.302102E-02  9.496642E-03 -5.286748E-02
    600205 -3.381682E-01 -1.769471E-02  3.186011E-01
    600765  2.883704E-01 -1.762950E-02  3.188924E-01
    600766 -1.066993E-02  9.874243E-03 -5.862663E-02
    600981 -5.265552E-06 -3.573504E-05  5.358127E-05
    601130  4.872654E-08 -3.615677E-07  1.273170E-05
    601136  6.395900E-05  1.544065E-08 -1.737592E-05
    700001 -3.824302E-04 -5.406424E-06 -4.558918E-04
    700002 -1.961414E-05 -1.319340E-03  1.465640E-04
    700004  6.927342E-05  1.797160E-03  1.827436E-03
    700201 -7.771719E-02  2.080401E-03 -9.074009E-05
    700208  4.516311E-02 -2.448241E-02 -8.270516E-02
    700762 -3.920175E-02 -2.020874E-02 -7.198571E-02
    700769  7.362917E-02  1.754305E-03  2.444110E-03
    700982 -1.771176E-05 -9.311033E-05  1.696692E-04
    701131 -1.350935E-08 -7.404683E-06  2.621796E-05
    701133  2.022495E-07  8.471112E-07  1.608283E-05
    701135  6.185994E-05 -5.617869E-09 -4.546565E-05
    800000 -1.296551E-04 -4.671563E-08 -6.161603E-05
    800006  2.304741E-05 -3.458231E-06  1.281233E-04
    800204  1.530362E-02  9.482630E-03 -6.202475E-02
    800205 -6.673132E-01 -1.768439E-02  4.801346E-01
    800765  6.151622E-01 -1.761866E-02  4.830465E-01
    800766 -1.253595E-02  9.859478E-03 -6.875176E-02
    800981 -6.822221E-06 -3.568828E-05  6.589636E-05
    801130  5.199560E-08 -3.614173E-07  1.274339E-05
    801136  6.299334E-05  1.543801E-08 -1.711357E-05

                    E I G E N V A L U E    N U M B E R    39


 forces (fx,fy,fz) for set NSUPP and time  0.2000000E+01

     90000  2.137622E-10  2.061114E-10  1.200608E-10
     90002  1.348482E-10  5.755743E-11  6.973449E-11
     90004 -5.183709E-12 -1.096614E-10 -1.441525E-10
     90006 -4.365390E-10 -9.630312E-11  4.416814E-10
    100001  2.146416E+00  6.060193E-02  2.606349E+00
    100002 -6.201434E-02  1.255538E+01 -1.679394E+00
    100004  2.961384E-02 -1.513790E+01 -1.423460E+01
    100201  4.427070E+01  3.269687E+00  2.452800E+01
    100208  5.638849E-04  2.236182E-02 -4.911830E-03
    100762  3.113230E-06 -1.538791E-05 -4.271048E-05
    100769  1.083948E-05  9.313791E-06 -7.892530E-07
    100982  8.011476E-10  1.727780E-07  1.036024E-07
    101131  1.526395E-10  9.286306E-09  3.712901E-08
    101133  9.224507E-11 -1.074585E-09  2.429608E-08
    101135  9.325935E-08  6.605922E-12 -6.854418E-08
    200000  3.659495E-01  2.680960E-03  1.739095E-01
    200006  9.259127E-04 -1.107792E-01 -5.554021E-02
    200204 -1.406027E-02  7.116983E-02  3.432483E-01
    200205  6.876749E-01 -8.813191E-02  7.941794E-03
    200765  5.167966E-06  3.040529E-05 -1.445660E-05
    200766  8.629397E-07 -1.985668E-05  4.583614E-06
    200981 -2.263120E-10  2.233244E-08  3.459032E-09
    201130 -3.848317E-12  2.994903E-10  1.358156E-10
    201136  1.849902E-09 -1.583538E-11 -5.025137E-10
    300001 -1.155357E+00  6.063629E-02 -1.411618E+00
    300002  7.968001E-02  1.196142E+01  1.236275E+00
    300004 -6.470828E-02 -1.499027E+01  1.360018E+01
    300201 -4.358980E+01  3.308022E+00 -2.398435E+01
    300208 -1.021298E-03  2.194412E-02  2.861638E-04
    300762 -1.382844E-06 -1.602418E-05  4.496801E-05
    300769 -1.398466E-05  9.216219E-06  6.580667E-07
    300982 -3.617295E-09  1.624996E-07 -6.340735E-08
    301131 -5.270770E-11  9.310785E-09 -3.181487E-08
    301133 -1.817442E-10 -1.079226E-09 -1.975043E-08
    301135 -7.589981E-08  7.850168E-12  5.578471E-08
    400000 -2.321985E-01  2.681185E-03 -1.103475E-01
    400006 -1.223972E-02 -1.107758E-01 -1.850466E-02
    400204  4.183639E-02  7.116674E-02 -2.554032E-01
    400205 -6.495878E-01 -8.812456E-02 -2.474363E-02
    400765 -5.845758E-05  3.040478E-05 -1.678196E-05
    400766 -3.234063E-07 -1.985739E-05 -1.663081E-06
    400981 -9.076746E-10  2.233181E-08  6.547374E-09
    401130 -6.994916E-12  2.998012E-10 -1.005143E-09
    401136 -4.066609E-09 -1.699680E-11  1.103489E-09
    500001 -2.146436E+00  6.139280E-02 -2.606392E+00
    500002  6.200998E-02  1.254476E+01  1.684954E+00
    500004 -3.024700E-02 -1.512780E+01  1.422608E+01
    500201 -4.420031E+01  3.262959E+00 -2.448380E+01
    500208 -5.771497E-04  2.230056E-02  4.777415E-03
    500762 -3.236350E-06 -1.525609E-05  4.223171E-05
    500769 -1.077266E-05  9.281143E-06  8.109302E-07
    500982 -8.819084E-10  1.725311E-07 -1.029932E-07
    501131 -1.527792E-10  9.285870E-09 -3.709819E-08
    501133 -9.130106E-11 -1.075521E-09 -2.427723E-08
    501135 -9.318575E-08  7.830270E-12  6.848993E-08
    600000 -3.632775E-01  2.685672E-03 -1.726393E-01
    600006 -8.958873E-04 -1.111291E-01  5.492304E-02
    600204  1.457194E-02  7.166134E-02 -3.400388E-01
    600205 -6.840889E-01 -8.853295E-02 -8.233267E-03
    600765 -2.793658E-06  3.082078E-05  1.593220E-05
    600766 -8.920189E-07 -2.010610E-05 -4.740725E-06
    600981  2.212078E-10  2.247191E-08 -3.375817E-09
    601130 -4.311280E-13  2.986594E-10 -1.130878E-10
    601136 -1.736722E-09 -1.658953E-11  4.742463E-10
    700001  1.152282E+00  6.142301E-02  1.407931E+00
    700002 -7.968516E-02  1.195299E+01 -1.240351E+00
    700004  6.545866E-02 -1.497915E+01 -1.358961E+01
    700201  4.351775E+01  3.301409E+00  2.393872E+01
    700208  1.036280E-03  2.187629E-02 -1.162606E-04
    700762  1.446646E-06 -1.592189E-05 -4.456329E-05
    700769  1.403001E-05  9.180658E-06 -6.772286E-07
    700982  3.648657E-09  1.622596E-07  6.297332E-08
    701131  5.203340E-11  9.309620E-09  3.185210E-08
    701133  1.817778E-10 -1.077682E-09  1.977698E-08
    701135  7.599657E-08  6.731955E-12 -5.585608E-08
    800000  2.323277E-01  2.686231E-03  1.104093E-01
    800006  1.237608E-02 -1.111359E-01  1.874774E-02
    800204 -4.239428E-02  7.165050E-02  2.530981E-01
    800205  6.478725E-01 -8.851951E-02  2.506030E-02
    800765  5.699930E-05  3.081866E-05  1.603437E-05
    800766  3.331799E-07 -2.010712E-05  1.712457E-06
    800981  9.184207E-10  2.247009E-08 -6.562060E-09
    801130  6.997149E-12  2.991643E-10  1.017200E-09
    801136  4.146862E-09 -1.809480E-11 -1.125699E-09

                    E I G E N V A L U E    N U M B E R    40


 forces (fx,fy,fz) for set NSUPP and time  0.2000000E+01

     90000 -1.565569E-10 -6.577322E-11  1.179538E-11
     90002  2.818813E-11  1.898554E-11  9.938964E-11
     90004  6.806030E-12 -1.219132E-10 -9.738606E-11
     90006  2.385303E-10  5.508387E-11 -2.941739E-10
    100001 -9.622187E-04 -2.706896E-05 -1.167423E-03
    100002  2.470594E-05 -5.628685E-03  7.393342E-04
    100004 -4.160744E-06  6.841552E-03  6.424636E-03
    100201 -6.023609E-02  2.787711E-02 -1.009152E-02
    100208 -2.810995E-03 -6.134025E-02 -1.332992E-01
    100762  1.841748E-03 -3.657345E-02 -1.020529E-01
    100769  3.430465E-02  2.074235E-02 -1.213849E-03
    100982 -1.283629E-07  3.510857E-04  2.322420E-04
    101131  3.296190E-07  1.916936E-05  8.282904E-05
    101133  2.157809E-07 -2.212455E-06  5.413593E-05
    101135  2.078020E-04  1.464493E-08 -1.527317E-04
    200000 -1.441491E-04 -1.225193E-06 -6.850368E-05
    200006  2.520798E-06  5.143053E-05  3.525433E-05
    200204 -4.705037E-04 -4.735580E-02  1.343937E-03
    200205 -4.204646E-02  7.571242E-02  1.001117E-02
    200765  5.448586E-02  7.328703E-02  1.468267E-02
    200766  3.661814E-04 -4.760060E-02  1.656476E-03
    200981 -1.149648E-06  4.684572E-05  1.380268E-05
    201130 -1.090917E-09  6.272292E-07  1.904112E-06
    201136  1.213460E-05 -3.350706E-08 -3.296643E-06
    300001  5.126279E-04 -2.707153E-05  6.274891E-04
    300002 -3.916394E-05 -5.323473E-03 -5.649343E-04
    300004  3.959951E-05  6.624317E-03 -5.998056E-03
    300201  4.579698E-02  2.841435E-02  1.019464E-02
    300208  1.132183E-02 -5.848884E-02  1.233950E-01
    300762 -9.231177E-03 -3.403323E-02  9.272875E-02
    300769 -1.994235E-02  2.110916E-02  1.414356E-03
    300982 -9.267610E-06  3.179705E-04 -9.542806E-05
    301131 -9.211930E-08  1.925146E-05 -5.887529E-05
    301133 -3.473117E-07 -2.226510E-06 -3.642668E-05
    301135 -1.399923E-04  1.471819E-08  1.028916E-04
    400000  9.496257E-05 -1.225304E-06  4.512898E-05
    400006  8.907278E-06  5.142325E-05  2.566325E-05
    400204  3.292432E-03 -4.735519E-02 -1.292106E-02
    400205  3.180008E-02  7.571041E-02  3.451354E-02
    400765 -2.060137E-02  7.328404E-02  4.349229E-02
    400766 -2.686743E-03 -4.759988E-02 -1.444903E-02
    400981 -2.653125E-06  4.683200E-05  2.145443E-05
    401130 -7.634960E-09  6.272885E-07 -1.609007E-07
    401136  1.327715E-06 -3.351091E-08 -3.607062E-07
    500001  9.622551E-04 -2.742139E-05  1.167474E-03
    500002 -2.469950E-05 -5.623906E-03 -7.417967E-04
    500004  4.428084E-06  6.837174E-03 -6.420786E-03
    500201  6.004756E-02  2.775284E-02  1.012687E-02
    500208  3.150605E-03 -6.095196E-02  1.318608E-01
    500762 -2.112788E-03 -3.628470E-02  1.008658E-01
    500769 -3.423607E-02  2.065661E-02  1.266556E-03
    500982  1.256355E-08  3.506049E-04 -2.311333E-04
    501131 -3.293671E-07  1.916750E-05 -8.281741E-05
    501133 -2.153365E-07 -2.210964E-06 -5.412815E-05
    501135 -2.077695E-04  1.465829E-08  1.527078E-04
    600000  1.427056E-04 -1.227943E-06  6.781756E-05
    600006 -2.542179E-06  5.163257E-05 -3.496221E-05
    600204  5.529753E-04 -4.807805E-02 -1.667422E-03
    600205  3.569597E-02  7.702291E-02 -6.361952E-03
    600765 -4.858569E-02  7.451156E-02 -1.116311E-02
    600766 -4.293280E-04 -4.833481E-02 -1.994039E-03
    600981  1.144394E-06  4.720018E-05 -1.367970E-05
    601130  1.428991E-09  6.269284E-07 -1.869990E-06
    601136 -1.194759E-05 -3.349722E-08  3.245836E-06
    700001 -5.111846E-04 -2.742228E-05 -6.257638E-04
    700002  3.918526E-05 -5.319447E-03  5.667999E-04
    700004 -3.999789E-05  6.618876E-03  5.992697E-03
    700201 -4.569562E-02  2.828677E-02 -1.022707E-02
    700208 -1.161572E-02 -5.809254E-02 -1.220083E-01
    700762  9.462844E-03 -3.372881E-02 -9.159866E-02
    700769  1.994972E-02  2.102251E-02 -1.465069E-03
    700982  9.376143E-06  3.173882E-04  9.415866E-05
    701131  9.204763E-08  1.924870E-05  5.890047E-05
    701133  3.464988E-07 -2.224499E-06  3.644817E-05
    701135  1.400732E-04  1.473155E-08 -1.029511E-04
    800000 -9.480562E-05 -1.228210E-06 -4.505456E-05
    800006 -8.988571E-06  5.162998E-05 -2.588484E-05
    800204 -3.354312E-03 -4.807558E-02  1.316588E-02
    800205 -2.614989E-02  7.701569E-02 -3.757553E-02
    800765  1.546516E-02  7.450495E-02 -4.637909E-02
    800766  2.735296E-03 -4.833501E-02  1.470635E-02
    800981  2.678715E-06  4.718803E-05 -2.158330E-05
    801130  7.894437E-09  6.270264E-07  1.691260E-07
    801136 -1.280653E-06 -3.350203E-08  3.479133E-07

                    E I G E N V A L U E    N U M B E R    41


 forces (fx,fy,fz) for set NSUPP and time  0.2000000E+01

     90000 -1.443037E-10 -3.446432E-10 -5.367621E-11
     90002  2.832617E-10 -2.776124E-11  3.269673E-10
     90004  7.150876E-10  6.066901E-10 -6.014904E-10
     90006 -2.367846E-10 -9.668785E-11  1.198179E-10
    100001 -1.596958E-04 -2.719435E-08 -1.904961E-04
    100002 -9.165890E-06 -1.343285E-04  4.536623E-05
    100004  2.487640E-05  1.770740E-04  2.432586E-04
    100201 -8.604975E-02 -3.417210E-03  2.275538E-03
    100208  4.828478E-02 -1.795396E-02 -5.208517E-02
    100762  4.155827E-02  1.713815E-02  4.728242E-02
    100769 -8.692061E-02  2.404137E-03 -1.839702E-03
    100982  1.236330E-05 -2.883668E-05 -1.922323E-04
    101131 -2.238099E-07  1.824268E-07 -8.968886E-05
    101133 -3.709796E-07 -4.502683E-08 -5.768790E-05
    101135 -2.215576E-04  2.200829E-10  1.628412E-04
    200000 -1.036446E-04 -1.436430E-09 -4.925499E-05
    200006  7.788751E-06  8.350384E-08  5.314609E-05
    200204  1.623446E-02 -6.920124E-05 -6.570702E-02
    200205  3.106509E-01  1.308766E-04  1.090960E-01
    200765  3.446007E-01 -8.396552E-05 -1.193192E-01
    200766  1.321572E-02  4.444353E-05  7.247548E-02
    200981  4.985714E-06 -2.683982E-07 -5.270109E-05
    201130 -7.792808E-08 -1.913563E-09 -2.179255E-05
    201136 -1.112212E-04  7.876625E-11  3.021584E-05
    300001 -1.586515E-04 -1.146177E-08 -1.892219E-04
    300002 -9.223270E-06  1.265604E-04  4.439982E-05
    300004  2.494515E-05 -1.674703E-04  2.347050E-04
    300201 -8.622529E-02  3.245670E-03  2.296090E-03
    300208  4.833121E-02  1.830386E-02 -5.303599E-02
    300762  4.158983E-02 -1.735573E-02  4.801415E-02
    300769 -8.704441E-02 -2.282589E-03 -1.849995E-03
    300982  1.240118E-05  2.773732E-05 -1.921138E-04
    301131 -2.228772E-07 -2.615285E-07 -8.940686E-05
    301133 -3.700483E-07  5.385653E-08 -5.750613E-05
    301135 -2.208597E-04 -2.812044E-10  1.623282E-04
    400000 -1.035283E-04 -1.454980E-09 -4.919973E-05
    400006  7.805960E-06  6.872531E-08  5.320284E-05
    400204  1.625462E-02 -5.304267E-05 -6.578864E-02
    400205  3.056199E-01  1.185596E-04  1.113575E-01
    400765  3.400314E-01 -7.084683E-05 -1.213573E-01
    400766  1.322857E-02  2.682474E-05  7.254655E-02
    400981  4.999104E-06 -2.301108E-07 -5.280960E-05
    401130 -7.792586E-08 -1.700074E-09 -2.178889E-05
    401136 -1.111987E-04  7.696284E-11  3.020971E-05
    500001 -1.528990E-04 -1.439084E-08 -1.823438E-04
    500002 -8.938251E-06  1.216634E-04  4.254505E-05
    500004  2.419366E-05 -1.615742E-04  2.266211E-04
    500201 -8.347052E-02  3.139771E-03  2.224050E-03
    500208  4.680194E-02  1.786778E-02 -5.137924E-02
    500762  4.028246E-02 -1.697060E-02  4.652289E-02
    500769 -8.427402E-02 -2.208474E-03 -1.792012E-03
    500982  1.199853E-05  2.670730E-05 -1.859410E-04
    501131 -2.142501E-07 -2.606530E-07 -8.653787E-05
    501133 -3.590071E-07  5.248004E-08 -5.564755E-05
    501135 -2.137203E-04 -2.766541E-10  1.570809E-04
    600000 -1.006685E-04 -2.442079E-09 -4.784065E-05
    600006  7.570587E-06  1.374825E-07  5.162465E-05
    600204  1.574214E-02 -2.803094E-04 -6.372213E-02
    600205  3.009991E-01  5.161709E-04  1.057354E-01
    600765  3.341812E-01 -5.619420E-04 -1.155678E-01
    600766  1.281998E-02  3.195301E-04  7.031594E-02
    600981  4.845912E-06 -3.746955E-07 -5.113803E-05
    601130 -7.557918E-08 -5.017379E-09 -2.112673E-05
    601136 -1.077967E-04  1.613981E-10  2.928549E-05
    700001 -1.540657E-04 -2.924220E-08 -1.837722E-04
    700002 -8.855801E-06 -1.303662E-04  4.369233E-05
    700004  2.406841E-05  1.724230E-04  2.358375E-04
    700201 -8.328313E-02 -3.310054E-03  2.199462E-03
    700208  4.666604E-02 -1.747351E-02 -5.020207E-02
    700762  4.015547E-02  1.670558E-02  4.550345E-02
    700769 -8.413968E-02  2.331055E-03 -1.775761E-03
    700982  1.193539E-05 -2.805618E-05 -1.859195E-04
    701131 -2.160960E-07  1.670427E-07 -8.683102E-05
    701133 -3.588093E-07 -4.330018E-08 -5.584834E-05
    701135 -2.144906E-04  2.112127E-10  1.576471E-04
    800000 -1.001005E-04 -2.427291E-09 -4.757075E-05
    800006  7.538478E-06  1.518175E-07  5.137235E-05
    800204  1.567771E-02 -2.959378E-04 -6.347147E-02
    800205  3.069170E-01  5.280204E-04  1.024996E-01
    800765  3.404206E-01 -5.745834E-04 -1.120341E-01
    800766  1.276350E-02  3.366086E-04  7.001637E-02
    800981  4.827392E-06 -4.117406E-07 -5.093436E-05
    801130 -7.536321E-08 -5.225136E-09 -2.109463E-05
    801136 -1.076634E-04  1.622174E-10  2.924927E-05

                    E I G E N V A L U E    N U M B E R    42


 forces (fx,fy,fz) for set NSUPP and time  0.2000000E+01

     90000  1.916782E-10  2.005422E-10  6.463719E-11
     90002 -1.469992E-10  6.114433E-11 -2.651664E-10
     90004 -8.443698E-10 -5.312866E-10  7.692009E-10
     90006 -3.172095E-10 -9.079839E-11  2.015650E-10
    100001 -2.032074E-04 -1.152874E-06 -2.435373E-04
    100002 -7.231442E-06 -3.705990E-04  8.125172E-05
    100004  2.199384E-05  4.606380E-04  4.945084E-04
    100201 -7.509338E-02 -7.568089E-03  1.615588E-03
    100208  4.388331E-02 -7.295073E-03 -2.409624E-02
    100762  3.772449E-02  9.705940E-03  2.417636E-02
    100769 -7.798827E-02  5.336672E-03 -1.453426E-03
    100982  1.096231E-05 -6.585927E-05 -1.955371E-04
    101131 -2.816500E-07 -2.502947E-06 -9.614029E-05
    101133 -3.459667E-07  2.352501E-07 -6.230262E-05
    101135 -2.392320E-04 -1.686426E-09  1.758318E-04
    200000 -8.742290E-05 -1.185774E-07 -4.154595E-05
    200006  7.023442E-06  6.845235E-06  4.692470E-05
    200204  1.435533E-02 -1.089614E-02 -5.817710E-02
    200205  2.528351E-01  1.993976E-02  1.050926E-01
    200765  2.813228E-01 -1.978078E-02 -1.145750E-01
    200766  1.167840E-02  1.126124E-02  6.410476E-02
    200981  4.497862E-06 -1.982832E-05 -4.792867E-05
    201130 -6.916345E-08 -2.225175E-07 -2.030249E-05
    201136 -1.046659E-04  7.575034E-09  2.843494E-05
    300001 -1.405486E-04 -1.138547E-06 -1.669102E-04
    300002 -1.129517E-05 -9.621243E-05  2.116328E-05
    300004  2.778750E-05  1.195238E-04 -6.968188E-06
    300201 -8.464867E-02 -1.365570E-03  2.759959E-03
    300208  4.891151E-02  2.605421E-02 -8.047002E-02
    300762  4.218463E-02 -2.203243E-02  7.041789E-02
    300769 -8.479108E-02  9.416105E-04 -2.087390E-03
    300982  1.387294E-05 -9.411696E-06 -1.908475E-04
    301131 -1.942258E-07 -2.940624E-06 -7.820578E-05
    301133 -3.209003E-07  3.316475E-07 -5.037631E-05
    301135 -1.934741E-04 -2.173659E-09  1.422003E-04
    400000 -1.003755E-04 -1.186156E-07 -4.770140E-05
    400006  8.605313E-06  6.830874E-06  5.638595E-05
    400204  1.680392E-02 -1.088137E-02 -6.787261E-02
    400205 -3.979728E-02  1.992791E-02  2.546835E-01
    400765 -9.997466E-03 -1.976807E-02 -2.673348E-01
    400766  1.367981E-02  1.124516E-02  7.490274E-02
    400981  5.530600E-06 -1.979014E-05 -5.735369E-05
    401130 -7.552175E-08 -2.223316E-07 -2.115430E-05
    401136 -1.079755E-04  7.581763E-09  2.933406E-05
    500001  2.089266E-04 -1.164662E-06  2.503591E-04
    500002  7.554284E-06 -3.747272E-04 -8.294235E-05
    500004 -2.286416E-05  4.664074E-04 -5.022810E-04
    500201  7.798976E-02 -7.762987E-03 -1.681124E-03
    500208 -4.532798E-02 -7.858030E-03  2.490651E-02
    500762 -3.897546E-02  1.028887E-02 -2.492570E-02
    500769  8.100008E-02  5.472953E-03  1.498952E-03
    500982 -1.134619E-05 -6.649293E-05  2.014788E-04
    501131  2.898999E-07 -2.497359E-06  9.938753E-05
    501133  3.579937E-07  2.324823E-07  6.440034E-05
    501135  2.472847E-04 -1.672371E-09 -1.817504E-04
    600000  9.070758E-05 -1.202226E-07  4.310691E-05
    600006 -7.305804E-06  6.962557E-06 -4.873738E-05
    600204 -1.483475E-02 -1.192688E-02  6.013854E-02
    600205 -2.709334E-01  2.175057E-02 -1.046884E-01
    600765 -3.003260E-01 -2.144911E-02  1.145963E-01
    600766 -1.207691E-02  1.225650E-02 -6.631129E-02
    600981 -4.671474E-06 -2.039034E-05  4.966921E-05
    601130  7.176220E-08 -2.261718E-07  2.107382E-05
    601136  1.086174E-04  7.657702E-09 -2.950845E-05
    700001  1.464676E-04 -1.150162E-06  1.739625E-04
    700002  1.165225E-05 -9.070125E-05 -2.265642E-05
    700004 -2.879936E-05  1.121504E-04 -3.173654E-06
    700201  8.777780E-02 -1.326042E-03 -2.857333E-03
    700208 -5.090216E-02  2.702431E-02  8.340067E-02
    700762 -4.388480E-02 -2.297099E-02 -7.298091E-02
    700769  8.792950E-02  9.085053E-04  2.170945E-03
    700982 -1.436889E-05 -7.954802E-06  1.990600E-04
    701131  2.013539E-07 -2.949225E-06  8.149062E-05
    701133  3.348392E-07  3.324716E-07  5.248043E-05
    701135  2.015541E-04 -2.184312E-09 -1.481389E-04
    800000  1.043126E-04 -1.202815E-07  4.957244E-05
    800006 -8.921601E-06  6.948241E-06 -5.845083E-05
    800204 -1.746413E-02 -1.191216E-02  7.054863E-02
    800205  3.610795E-02  2.173822E-02 -2.624640E-01
    800765  4.420541E-03 -2.143642E-02  2.752496E-01
    800766 -1.421729E-02  1.224113E-02 -7.785868E-02
    800981 -5.741329E-06 -2.035125E-05  5.944815E-05
    801130  7.830295E-08 -2.259927E-07  2.196411E-05
    801136  1.121034E-04  7.652321E-09 -3.045551E-05

                    E I G E N V A L U E    N U M B E R    43


 forces (fx,fy,fz) for set NSUPP and time  0.2000000E+01

     90000  9.924784E-11 -3.379963E-11 -1.767221E-10
     90002  2.472780E-10 -3.112675E-11  3.406190E-10
     90004  3.153937E-10  2.119926E-10  1.308938E-10
     90006 -5.979623E-10 -1.945945E-10  4.581659E-10
    100001  1.892900E-04  4.970238E-06  2.291126E-04
    100002 -2.947915E-06  1.051304E-03 -1.355702E-04
    100004 -3.915353E-06 -1.300623E-03 -1.219668E-03
    100201  4.498056E-02 -3.287814E-02  5.418742E-04
    100208  5.557205E-03  6.896310E-02  1.460289E-01
    100762  4.201582E-03 -4.125491E-02 -1.115236E-01
    100769  3.162272E-02  2.371749E-02  2.047954E-04
    100982 -2.940643E-06  2.651285E-04  2.066562E-04
    101131  6.371404E-07  2.632132E-05  1.211847E-04
    101133  1.004917E-07 -3.015400E-06  8.134865E-05
    101135  3.120422E-04  1.993735E-08 -2.293476E-04
    200000  1.739886E-05  2.412861E-07  8.268445E-06
    200006 -1.961638E-06 -1.057683E-05 -1.194036E-05
    200204  1.358401E-03  5.522593E-02 -4.957559E-03
    200205 -1.130041E-01 -8.846438E-02  6.323630E-02
    200765 -1.133987E-01  8.601039E-02 -6.521167E-02
    200766  1.096767E-03 -5.577289E-02  5.577287E-03
    200981 -1.870096E-06  3.775817E-05  1.936386E-05
    201130 -1.243044E-08  7.691432E-07  3.933355E-06
    201136  2.824091E-05 -4.318334E-08 -7.672313E-06
    300001 -8.186661E-05  4.964810E-06 -1.009796E-04
    300002  9.146087E-06  9.631051E-04  1.052709E-04
    300004 -1.290047E-05 -1.184340E-03  1.058394E-03
    300201 -3.507022E-02 -3.325979E-02 -7.933046E-04
    300208 -1.097761E-02  6.681017E-02 -1.402976E-01
    300762 -8.858810E-03 -3.925397E-02  1.061748E-01
    300769 -2.192518E-02  2.398248E-02  3.501744E-05
    300982 -1.040408E-05  2.295810E-04 -2.504605E-05
    301131  1.009110E-07  2.653996E-05 -6.864751E-05
    301133 -6.773708E-07 -3.045224E-06 -3.965167E-05
    301135 -1.526234E-04  2.010117E-08  1.121741E-04
    400000 -6.887890E-07  2.413117E-07 -3.273283E-07
    400006 -3.407797E-06 -1.057243E-05 -1.568508E-05
    400204 -3.205454E-03  5.522612E-02  1.247032E-02
    400205 -1.828857E-02 -8.846211E-02 -3.803761E-02
    400765 -1.717334E-02  8.600718E-02  4.296387E-02
    400766 -2.605005E-03 -5.577313E-02 -1.384065E-02
    400981 -3.239934E-06  3.774055E-05  2.756371E-05
    401130 -1.934450E-08  7.694175E-07  2.354421E-06
    401136  2.059035E-05 -4.319443E-08 -5.593862E-06
    500001 -1.888387E-04  5.034497E-06 -2.285732E-04
    500002  2.967753E-06  1.050047E-03  1.358609E-04
    500004  3.812840E-06 -1.299502E-03  1.218318E-03
    500201 -4.477918E-02 -3.272958E-02 -6.141267E-04
    500208 -6.003324E-03  6.849082E-02 -1.442410E-01
    500762 -4.561853E-03 -4.088942E-02  1.100348E-01
    500769 -3.154745E-02  2.361641E-02 -1.236733E-04
    500982  2.769320E-06  2.646243E-04 -2.048696E-04
    501131 -6.308357E-07  2.632630E-05 -1.209539E-04
    501133 -1.059790E-07 -3.014691E-06 -8.112991E-05
    501135 -3.112041E-04  1.996139E-08  2.287316E-04
    600000 -1.669423E-05  2.422200E-07 -7.933548E-06
    600006  1.950741E-06 -1.064407E-05  1.173925E-05
    600204 -1.474256E-03  5.625366E-02  5.408886E-03
    600205  1.206223E-01 -9.031056E-02 -6.784007E-02
    600765  1.203942E-01  8.773831E-02  6.965667E-02
    600766 -1.186746E-03 -5.681131E-02 -6.055711E-03
    600981  1.840209E-06  3.816879E-05 -1.902208E-05
    601130  1.239748E-08  7.670784E-07 -3.861156E-06
    601136 -2.770340E-05 -4.313513E-08  7.526285E-06
    700001  8.203708E-05  5.028975E-06  1.011869E-04
    700002 -9.138759E-06  9.625877E-04 -1.057950E-04
    700004  1.295141E-05 -1.183486E-03 -1.057651E-03
    700201  3.501249E-02 -3.310562E-02  8.616589E-04
    700208  1.134916E-02  6.635487E-02  1.385876E-01
    700762  9.151575E-03 -3.890527E-02 -1.047694E-01
    700769  2.198801E-02  2.387845E-02 -1.121632E-04
    700982  1.043719E-05  2.291935E-04  2.461865E-05
    701131 -9.570448E-08  2.654129E-05  6.895757E-05
    701133  6.713442E-07 -3.043481E-06  3.991860E-05
    701135  1.536417E-04  2.012792E-08 -1.129224E-04
    800000  5.626517E-07  2.422772E-07  2.674183E-07
    800006  3.415395E-06 -1.064062E-05  1.569891E-05
    800204  3.290383E-03  5.625189E-02 -1.280102E-02
    800205  1.035563E-02 -9.030242E-02  4.231445E-02
    800765  9.786149E-03  8.773121E-02 -4.705606E-02
    800766  2.670724E-03 -5.681292E-02  1.418506E-02
    800981  3.243774E-06  3.815239E-05 -2.751343E-05
    801130  1.922565E-08  7.673909E-07 -2.313740E-06
    801136 -2.023972E-05 -4.315508E-08  5.498602E-06

                    E I G E N V A L U E    N U M B E R    44


 forces (fx,fy,fz) for set NSUPP and time  0.2000000E+01

     90000 -2.593199E-10 -4.381574E-10  1.736215E-10
     90002  2.514699E-10  8.563086E-11  5.804594E-11
     90004 -4.238970E-10 -1.310989E-10  2.278044E-10
     90006 -1.804154E-10  1.291717E-11  2.165790E-10
    100001  1.552068E-08  2.590318E-12  1.861954E-08
    100002  5.565219E-10  1.144482E-08 -5.733012E-09
    100004 -1.467158E-09 -1.010374E-08 -1.703862E-08
    100201  4.018582E-06  1.500037E-07 -1.229818E-07
    100208 -2.422920E-06  8.403573E-07  2.859901E-06
    100762 -9.749733E-05  4.804300E-05  4.361725E-04
    100769 -6.414861E-01 -9.965222E-02  2.522328E-01
    100982  5.406039E-01 -8.022786E-01 -2.989583E+00
    101131 -1.051863E-01 -6.862445E-03  1.728624E+00
    101133  1.497064E-01  3.830356E-03 -3.082147E-01
    101135 -1.055103E+00 -1.929191E-05  7.760943E-01
    200000  7.514562E-09  3.717337E-12  3.570864E-09
    200006 -4.615481E-10 -1.174502E-11 -3.350806E-09
    200204 -8.167189E-07  3.453888E-08  3.295514E-06
    200205  2.850798E-06 -5.792868E-08 -1.272506E-05
    200765 -2.106341E-01  1.849830E-04  2.970704E-03
    200766  3.524180E-03 -1.557952E-04  8.000538E-02
    200981  1.509705E-01 -7.471310E-03 -7.782005E-01
    201130  1.215748E-02  2.197978E-03  5.604255E-01
    201136 -3.040565E-01 -2.886892E-05  8.260760E-02
    300001  1.529243E-08  2.604156E-11  1.833103E-08
    300002  6.525913E-10 -1.042309E-08 -5.482661E-09
    300004 -1.479535E-09  8.804765E-09 -1.589611E-08
    300201  4.001290E-06 -1.644781E-07 -1.240318E-07
    300208 -2.435662E-06 -8.112546E-07  2.819921E-06
    300762 -1.005938E-04 -9.002163E-05  4.051649E-04
    300769 -7.884549E-01  8.982482E-02  3.147728E-01
    300982  5.438225E-01  8.703752E-01 -3.050452E+00
    301131 -1.053815E-01 -3.210440E-02  1.900423E+00
    301133  1.513541E-01  1.751002E-03 -2.083126E-01
    301135 -6.706302E-01 -1.531715E-05  4.935172E-01
    400000  7.514087E-09  4.530401E-12  3.568902E-09
    400006 -4.559882E-10 -1.084816E-11 -3.362720E-09
    400204 -8.213205E-07  3.377785E-08  3.313506E-06
    400205  3.320686E-06 -5.725288E-08 -1.297438E-05
    400765 -2.102458E-01  1.844472E-04  3.022209E-03
    400766  3.585770E-03 -1.556312E-04  7.968504E-02
    400981  1.521381E-01 -7.071246E-03 -7.845785E-01
    401130  1.225088E-02  2.059154E-03  5.682484E-01
    401136 -2.869557E-01 -2.618221E-05  7.796178E-02
    500001  1.416120E-08  4.592657E-11  1.695571E-08
    500002  6.868281E-10 -9.666167E-09 -4.985931E-09
    500004 -1.377975E-09  8.117419E-09 -1.474957E-08
    500201  3.756143E-06 -1.547453E-07 -1.167285E-07
    500208 -2.291371E-06 -7.687279E-07  2.656495E-06
    500762 -9.410263E-05 -8.074984E-05  4.034241E-04
    500769 -7.123446E-01  7.978838E-02  2.835510E-01
    500982  4.816299E-01  7.750910E-01 -2.708564E+00
    501131 -9.349151E-02 -2.841441E-02  1.679854E+00
    501133  1.342024E-01  1.885005E-03 -1.887337E-01
    501135 -6.097927E-01 -1.514107E-05  4.487352E-01
    600000  7.077589E-09 -1.486698E-14  3.366023E-09
    600006 -4.278185E-10 -1.747199E-11 -3.143167E-09
    600204 -7.727808E-07  5.006818E-08  3.117918E-06
    600205  3.263664E-06 -8.569761E-08 -1.225514E-05
    600765 -1.879663E-01  1.874854E-04  2.831013E-03
    600766  3.358864E-03 -1.588137E-04  7.085472E-02
    600981  1.349049E-01 -1.009675E-02 -6.958654E-01
    601130  1.082242E-02  3.505955E-03  5.035272E-01
    601136 -2.563106E-01 -5.950262E-05  6.963593E-02
    700001  1.443630E-08  3.081438E-11  1.727277E-08
    700002  5.506072E-10  1.070628E-08 -5.264102E-09
    700004 -1.366458E-09 -9.503321E-09 -1.593750E-08
    700201  3.772348E-06  1.405580E-07 -1.152507E-07
    700208 -2.271912E-06  7.944965E-07  2.677796E-06
    700762 -9.091145E-05  3.838708E-05  4.331284E-04
    700769 -5.660548E-01 -8.957781E-02  2.213394E-01
    700982  4.770971E-01 -7.066738E-01 -2.640426E+00
    701131 -9.297496E-02 -5.786802E-03  1.506587E+00
    701133  1.320689E-01  3.747448E-03 -2.846820E-01
    701135 -9.795308E-01 -1.869492E-05  7.204806E-01
    800000  7.020874E-09  2.251400E-12  3.335737E-09
    800006 -4.220419E-10 -1.567743E-11 -3.112978E-09
    800204 -7.651094E-07  5.078431E-08  3.088151E-06
    800205  2.670341E-06 -8.632607E-08 -1.191405E-05
    800765 -1.881767E-01  1.879950E-04  2.775619E-03
    800766  3.293123E-03 -1.589617E-04  7.111047E-02
    800981  1.333719E-01 -1.045144E-02 -6.877300E-01
    801130  1.064501E-02  3.628984E-03  4.907192E-01
    801136 -2.872377E-01 -6.190510E-05  7.803797E-02

                    E I G E N V A L U E    N U M B E R    45


 forces (fx,fy,fz) for set NSUPP and time  0.2000000E+01

     90000  2.282424E-10  1.488556E-10 -2.718736E-10
     90002  2.172828E-10  2.084516E-10  7.059581E-11
     90004  3.046780E-10  5.882082E-11 -2.535052E-10
     90006  2.595056E-10  1.488518E-10 -2.221437E-10
    100001  3.590292E-04  1.134293E-08  4.306013E-04
    100002  1.327770E-05  2.546614E-04 -1.319350E-04
    100004 -3.377542E-05 -2.183593E-04 -3.812737E-04
    100201  9.059412E-02  3.656648E-03 -2.787973E-03
    100208 -5.478029E-02  1.848697E-02  6.335480E-02
    100762  4.677188E-02  1.752021E-02  5.661800E-02
    100769 -9.221494E-02  2.662906E-03 -2.644733E-03
    100982  1.197004E-05 -2.021086E-05 -4.840389E-04
    101131  4.030648E-06  1.899313E-06 -4.624935E-04
    101133 -8.624548E-06 -4.891713E-07 -2.305273E-04
    101135 -8.913385E-04  2.571077E-09  6.550903E-04
    200000  1.747896E-04  1.405896E-09  8.306526E-05
    200006 -1.046938E-05 -9.966652E-08 -7.725379E-05
    200204 -1.847514E-02  9.367072E-05  7.454069E-02
    200205  3.762310E-02 -1.765707E-04 -2.772942E-01
    200765 -6.119699E-02 -9.983851E-05 -3.101739E-01
    200766  1.491628E-02  5.198902E-05  8.130092E-02
    200981  8.218399E-06 -2.143654E-07 -1.281992E-04
    201130 -8.498578E-07 -1.941858E-07 -1.017097E-04
    201136 -3.670550E-04  2.700182E-09  9.971909E-05
    300001  3.586334E-04  4.150383E-09  4.301133E-04
    300002  1.331767E-05 -2.516960E-04 -1.315008E-04
    300004 -3.385714E-05  2.146192E-04 -3.783893E-04
    300201  9.082282E-02 -3.455617E-03 -2.801294E-03
    300208 -5.483968E-02 -1.890545E-02  6.448888E-02
    300762  4.680912E-02 -1.778265E-02  5.748659E-02
    300769 -9.232683E-02 -2.516269E-03 -2.672972E-03
    300982  1.179652E-05  1.609567E-05 -4.817851E-04
    301131  4.051223E-06  1.221185E-06 -4.764864E-04
    301133 -8.763844E-06  3.409570E-08 -2.386134E-04
    301135 -9.224624E-04  2.304898E-10  6.779656E-04
    400000  1.748834E-04  1.440747E-09  8.310984E-05
    400006 -1.049443E-05 -7.879620E-08 -7.738002E-05
    400204 -1.850141E-02  7.651835E-05  7.464642E-02
    400205  4.312718E-02 -1.612964E-04 -2.798269E-01
    400765 -6.597359E-02 -8.422815E-05 -3.123448E-01
    400766  1.493193E-02  3.348149E-05  8.138558E-02
    400981  8.171425E-06 -1.078644E-07 -1.281479E-04
    401130 -8.583623E-07 -1.863202E-07 -1.024104E-04
    401136 -3.686430E-04  2.560447E-09  1.001505E-04
    500001  3.431169E-04  8.419480E-09  4.114905E-04
    500002  1.277766E-05 -2.401726E-04 -1.256046E-04
    500004 -3.250965E-05  2.047500E-04 -3.619262E-04
    500201  8.732044E-02 -3.318176E-03 -2.697777E-03
    500208 -5.280849E-02 -1.836186E-02  6.221157E-02
    500762  4.508510E-02 -1.731357E-02  5.546826E-02
    500769 -8.880039E-02 -2.416718E-03 -2.568054E-03
    500982  1.490324E-05  2.036359E-05 -4.795791E-04
    501131  3.161790E-06  1.014135E-06 -4.419192E-04
    501133 -7.345548E-06  1.417174E-08 -2.290560E-04
    501135 -8.846137E-04  2.705834E-10  6.501528E-04
    600000  1.682271E-04  3.159771E-09  7.994655E-05
    600006 -1.007699E-05 -1.972606E-07 -7.432883E-05
    600204 -1.781924E-02  4.237259E-04  7.190109E-02
    600205  4.276396E-02 -7.670466E-04 -2.698287E-01
    600765 -6.499671E-02 -8.286973E-04 -3.013423E-01
    600766  1.439041E-02  4.783681E-04  7.844819E-02
    600981  8.834210E-06 -5.079387E-07 -1.275099E-04
    601130 -7.350202E-07 -2.743589E-07 -9.391935E-05
    601136 -3.537395E-04  4.611135E-09  9.610165E-05
    700001  3.437204E-04  1.483722E-08  4.122403E-04
    700002  1.269470E-05  2.447216E-04 -1.263421E-04
    700004 -3.232920E-05 -2.106037E-04 -3.659173E-04
    700201  8.707253E-02  3.520610E-03 -2.676669E-03
    700208 -5.261139E-02  1.788212E-02  6.071494E-02
    700762  4.490124E-02  1.698273E-02  5.415664E-02
    700769 -8.867747E-02  2.565667E-03 -2.527271E-03
    700982  1.505066E-05 -2.543136E-05 -4.816247E-04
    701131  3.120319E-06  1.813100E-06 -4.278550E-04
    701133 -7.176091E-06 -4.718952E-07 -2.212288E-04
    701135 -8.544578E-04  2.483664E-09  6.279892E-04
    800000  1.670887E-04  3.138375E-09  7.940555E-05
    800006 -1.002469E-05 -2.172928E-07 -7.388598E-05
    800204 -1.772744E-02  4.402330E-04  7.154420E-02
    800205  3.477489E-02 -7.816659E-04 -2.653947E-01
    800765 -5.653366E-02 -8.436534E-04 -2.964783E-01
    800766  1.430978E-02  4.962222E-04  7.802319E-02
    800981  8.877808E-06 -6.120837E-07 -1.273083E-04
    801130 -7.215874E-07 -2.809381E-07 -9.283606E-05
    801136 -3.509014E-04  4.725135E-09  9.533061E-05

                    E I G E N V A L U E    N U M B E R    46


 forces (fx,fy,fz) for set NSUPP and time  0.2000000E+01

     90000 -1.403776E-10 -2.417620E-10  6.642012E-11
     90002  2.997354E-10  3.075593E-10 -4.256422E-11
     90004  2.549055E-10  1.831539E-10 -2.926343E-11
     90006  2.116650E-10  8.767161E-11 -1.798909E-10
    100001 -1.542670E-08 -5.093666E-11 -1.854076E-08
    100002 -4.471156E-10 -2.056659E-08  6.484633E-09
    100004  1.199419E-09  2.188138E-08  2.633023E-08
    100201 -3.409798E-06 -6.411658E-08  9.060983E-08
    100208  1.857956E-06 -8.098927E-07 -2.281875E-06
    100762  1.340423E-05  2.878703E-04 -2.278137E-04
    100769 -6.952582E-01  1.598976E-01  3.024675E-01
    100982 -4.438793E-01  1.665213E-01  2.113525E+00
    101131  8.898206E-02  2.930206E-01 -2.782372E-01
    101133 -1.171884E-01 -4.696488E-02  9.667268E-01
    101135  3.607733E+00  2.833547E-04 -2.652122E+00
    200000 -6.026621E-09 -8.564060E-12 -2.864173E-09
    200006  3.769353E-10  3.364912E-10  2.739634E-09
    200204  6.145566E-07 -8.694460E-07 -2.487736E-06
    200205  4.120606E-06  1.492887E-06  7.121696E-06
    200765  1.693729E-01 -3.157524E-03 -7.108434E-04
    200766 -8.709870E-04  2.660341E-03 -6.929181E-02
    200981 -1.214835E-01  1.382319E-01  6.229074E-01
    201130 -9.727362E-03 -4.528804E-02 -4.290290E-01
    201136  3.647520E-01  6.914844E-04 -9.909645E-02
    300001 -1.257055E-08 -5.909473E-11 -1.506836E-08
    300002 -6.429451E-10 -7.010355E-10  3.741338E-09
    300004  1.483162E-09  4.656594E-09  3.631926E-09
    300201 -3.262888E-06  1.975615E-07  1.158119E-07
    300208  2.190328E-06  5.665881E-07 -2.456163E-06
    300762  6.595733E-05  4.379116E-04  3.100561E-04
    300769  1.832068E+00  9.154673E-03 -7.731307E-01
    300982 -5.032120E-01 -1.285951E+00  3.147285E+00
    301131  9.501398E-02  3.149034E-01 -3.105203E+00
    301133 -1.474460E-01 -4.500216E-02 -6.450640E-01
    301135 -2.598426E+00  2.791935E-04  1.909224E+00
    400000 -6.909699E-09 -5.478817E-12 -3.284064E-09
    400006  4.589234E-10  3.363598E-10  3.250354E-09
    400204  7.509817E-07 -8.688548E-07 -3.021676E-06
    400205 -8.314768E-06  1.492320E-06  1.392874E-05
    400765  1.652903E-01 -3.157410E-03 -1.586734E-03
    400766 -1.920704E-03  2.660313E-03 -6.490084E-02
    400981 -1.428936E-01  1.378921E-01  7.375447E-01
    401130 -1.176595E-02 -4.516744E-02 -5.919460E-01
    401136 -1.018239E-02  6.892225E-04  2.762924E-03
    500001  1.441310E-08 -8.081575E-11  1.735929E-08
    500002  3.332257E-10 -1.974148E-08 -6.208899E-09
    500004 -1.096041E-09  2.121507E-08 -2.514562E-08
    500201  3.154724E-06 -5.903460E-08 -8.149509E-08
    500208 -1.693873E-06 -7.511732E-07  2.048176E-06
    500762 -2.630124E-05  2.784346E-04  2.859318E-04
    500769  6.085482E-01  1.708019E-01 -2.681920E-01
    500982  5.067436E-01  2.619099E-01 -2.465143E+00
    501131 -1.013567E-01  2.929927E-01  4.800740E-01
    501133  1.347815E-01 -4.763388E-02 -1.004041E+00
    501135 -3.735598E+00  2.867488E-04  2.746174E+00
    600000  5.485743E-09 -8.728850E-12  2.606099E-09
    600006 -3.465585E-10  3.436627E-10 -2.504880E-09
    600204 -5.590341E-07 -9.262608E-07  2.264782E-06
    600205 -4.408180E-06  1.592749E-06 -6.215593E-06
    600765 -1.943493E-01 -3.176599E-03  1.100917E-03
    600766  1.331206E-03  2.682050E-03  7.867199E-02
    600981  1.392142E-01  1.442400E-01 -7.144848E-01
    601130  1.109873E-02 -4.665459E-02  4.944137E-01
    601136 -4.035695E-01  7.202571E-04  1.096426E-01
    700001  1.151770E-08 -9.705066E-11  1.387506E-08
    700002  5.815752E-10 -1.381726E-09 -3.432778E-09
    700004 -1.390037E-09  5.232655E-09 -2.581198E-09
    700201  3.019735E-06  1.831852E-07 -1.096623E-07
    700208 -2.057576E-06  5.334035E-07  2.345789E-06
    700762 -8.010860E-05  4.429984E-04 -2.370190E-04
    700769 -1.913218E+00 -2.149002E-03  8.046646E-01
    700982  5.686933E-01 -1.390779E+00 -3.519997E+00
    701131 -1.079129E-01  3.181717E-01  3.336397E+00
    701133  1.657971E-01 -4.537417E-02  6.197636E-01
    701135  2.517258E+00  2.820395E-04 -1.849489E+00
    800000  6.410405E-09 -7.836122E-12  3.047523E-09
    800006 -4.313318E-10  3.418434E-10 -3.030284E-09
    800204 -7.056264E-07 -9.257294E-07  2.838648E-06
    800205  8.794123E-06  1.592180E-06 -1.346551E-05
    800765 -1.900983E-01 -3.176429E-03  1.997476E-03
    800766  2.406956E-03  2.681879E-03  7.414310E-02
    800981  1.613274E-01  1.438443E-01 -8.327766E-01
    801130  1.315552E-02 -4.652052E-02  6.602560E-01
    801136 -2.465582E-02  7.178457E-04  6.702203E-03

                    E I G E N V A L U E    N U M B E R    47


 forces (fx,fy,fz) for set NSUPP and time  0.2000000E+01

     90000 -8.511956E-12  4.689108E-11 -1.364858E-10
     90002 -2.981108E-10 -1.817060E-10 -1.478474E-10
     90004 -1.822579E-10 -5.113678E-11  1.114333E-10
     90006 -8.405089E-11 -4.956913E-11  1.268428E-10
    100001 -3.782117E-04 -5.744782E-07 -4.541594E-04
    100002 -1.174033E-05 -3.730720E-04  1.505146E-04
    100004  3.074385E-05  3.659393E-04  4.962245E-04
    100201 -8.102904E-02 -7.646455E-03  2.342020E-03
    100208  4.931175E-02 -8.559242E-03 -3.264201E-02
    100762 -4.209849E-02 -1.061699E-02 -3.117951E-02
    100769  8.479722E-02 -5.507675E-03  2.071913E-03
    100982 -1.921350E-05  5.527098E-05  5.149421E-04
    101131 -2.264627E-06 -9.931477E-06  3.899168E-04
    101133  5.761364E-06  1.859569E-06  2.097277E-04
    101135  8.091505E-04 -1.072617E-08 -5.946945E-04
    200000 -1.560312E-04 -1.178056E-07 -7.415072E-05
    200006  9.558102E-06  7.490404E-06  6.993893E-05
    200204  1.621289E-02 -1.352862E-02 -6.553700E-02
    200205  9.419997E-02  2.440709E-02  1.934882E-01
    200765 -6.508219E-02  2.388480E-02  2.257817E-01
    200766 -1.310129E-02 -1.377824E-02 -7.149908E-02
    200981 -9.950974E-06  4.250422E-05  1.329973E-04
    201130  6.192387E-07  2.301369E-06  8.922612E-05
    201136  3.612077E-04 -4.100118E-08 -9.813060E-05
    300001 -3.467865E-04 -5.674077E-07 -4.154031E-04
    300002 -1.496519E-05  1.376226E-04  1.162642E-04
    300004  3.710980E-05 -6.785551E-05  2.678465E-04
    300201 -9.131610E-02 -8.863019E-04  3.003469E-03
    300208  5.533695E-02  2.696942E-02 -8.992446E-02
    300762 -4.735293E-02  2.293812E-02 -7.843068E-02
    300769  9.071508E-02 -5.655109E-04  3.105415E-03
    300982 -2.309961E-05 -1.320375E-05  5.811370E-04
    301131 -2.650629E-06 -8.892929E-06  4.890293E-04
    301133  7.055503E-06  1.369593E-06  2.638701E-04
    301135  1.017859E-03 -8.458290E-09 -7.480878E-04
    400000 -1.827327E-04 -1.178504E-07 -8.684005E-05
    400006  1.149645E-05  7.470014E-06  8.330817E-05
    400204  1.909113E-02 -1.351324E-02 -7.688664E-02
    400205 -2.152781E-01  2.439270E-02  3.556754E-01
    400765  2.400582E-01  2.386994E-02  3.901979E-01
    400766 -1.543747E-02 -1.376164E-02 -8.397282E-02
    400981 -1.195361E-05  4.238905E-05  1.564630E-04
    401130  7.219442E-07  2.295700E-06  9.896073E-05
    401136  3.896039E-04 -4.090475E-08 -1.058451E-04
    500001  3.917469E-04 -5.761105E-07  4.703930E-04
    500002  1.222739E-05 -3.818519E-04 -1.554998E-04
    500004 -3.198545E-05  3.734375E-04 -5.093038E-04
    500201  8.459236E-02 -7.892175E-03 -2.431232E-03
    500208 -5.123788E-02 -9.219886E-03  3.394511E-02
    500762  4.375233E-02 -1.130442E-02  3.236016E-02
    500769 -8.855210E-02 -5.682632E-03 -2.135199E-03
    500982  1.840569E-05  5.301992E-05 -5.206967E-04
    501131  2.584140E-06 -9.959953E-06 -4.071517E-04
    501133 -6.298226E-06  1.893558E-06 -2.161463E-04
    501135 -8.342210E-04 -1.090743E-08  6.131188E-04
    600000  1.622316E-04 -1.200814E-07  7.709733E-05
    600006 -9.951953E-06  7.653466E-06 -7.273936E-05
    600204 -1.685322E-02 -1.486235E-02  6.814660E-02
    600205 -1.007394E-01  2.674404E-02 -1.998837E-01
    600765  7.012679E-02  2.601786E-02 -2.336780E-01
    600766  1.362683E-02 -1.505373E-02  7.439458E-02
    600981  9.891491E-06  4.417933E-05 -1.348807E-04
    601130 -6.651873E-07  2.369904E-06 -9.334103E-05
    601136 -3.717021E-04 -4.245591E-08  1.009816E-04
    700001  3.605937E-04 -5.691510E-07  4.319504E-04
    700002  1.549993E-05  1.483419E-04 -1.211769E-04
    700004 -3.852965E-05 -7.763784E-05 -2.843335E-04
    700201  9.516020E-02 -8.397147E-04 -3.145188E-03
    700208 -5.795609E-02  2.815497E-02  9.392667E-02
    700762  4.956994E-02  2.407473E-02  8.189193E-02
    700769 -9.457538E-02 -5.232073E-04 -3.245699E-03
    700982  2.249720E-05 -1.342488E-05 -5.934717E-04
    701131  2.995014E-06 -8.968369E-06 -5.075435E-04
    701133 -7.628922E-06  1.381560E-06 -2.707750E-04
    701135 -1.044827E-03 -8.547137E-09  7.679071E-04
    800000  1.899031E-04 -1.201529E-07  9.024764E-05
    800006 -1.193747E-05  7.632917E-06 -8.647071E-05
    800204 -1.996674E-02 -1.484698E-02  8.042219E-02
    800205  2.265922E-01  2.672891E-02 -3.723656E-01
    800765 -2.514750E-01  2.600286E-02 -4.079338E-01
    800766  1.614250E-02 -1.503793E-02  8.782775E-02
    800981  1.198961E-05  4.406325E-05 -1.593847E-04
    801130 -7.693017E-07  2.363879E-06 -1.033154E-04
    801136 -4.008014E-04 -4.236030E-08  1.088871E-04

                    E I G E N V A L U E    N U M B E R    48


 forces (fx,fy,fz) for set NSUPP and time  0.2000000E+01

     90000  1.936428E-11  8.958571E-11 -6.616721E-11
     90002 -6.920297E-12 -5.102995E-11  8.576195E-11
     90004 -4.440970E-11 -7.392762E-12  5.179747E-11
     90006  1.883341E-11 -8.011547E-12 -2.429931E-11
    100001  2.045608E-07 -2.157316E-11  2.455460E-07
    100002  6.929286E-09  1.363527E-07 -7.761516E-08
    100004 -1.726286E-08 -1.025412E-07 -1.969277E-07
    100201  3.269711E-05  1.612746E-06 -1.041297E-06
    100208 -1.950601E-05  6.214051E-06  2.066007E-05
    100762  7.043697E-03  3.953268E-03 -6.977592E-02
    100769 -2.430193E+00 -4.136743E-01  2.841821E+00
    100982 -1.590958E-01  2.275076E-01  2.691224E+00
    101131  3.804275E-03 -1.108721E-02  1.636123E+00
    101133  6.899000E-03  1.730920E-03  1.050512E+00
    101135  4.034220E+00 -9.981656E-06 -2.965084E+00
    200000  9.234000E-08 -1.945227E-12  4.388157E-08
    200006 -5.330539E-09 -1.426740E-10 -3.988578E-08
    200204 -6.606427E-06 -8.879974E-08  2.662883E-05
    200205 -8.920245E-05  8.636492E-08 -5.878540E-05
    200765 -1.110207E-01 -1.646672E-03 -2.228098E-01
    200766 -2.584364E-01  1.653524E-03  6.984244E-01
    200981 -6.540282E-02  9.631774E-03  6.984458E-01
    201130  1.135189E-03 -1.531260E-04  3.013708E-01
    201136  1.517226E+00  1.026624E-05 -4.121909E-01
    300001  2.058600E-07 -3.319893E-11  2.471004E-07
    300002  6.914117E-09 -1.458453E-07 -7.856583E-08
    300004 -1.738385E-08  1.140768E-07 -2.088178E-07
    300201  3.343224E-05 -9.791557E-07 -1.062020E-06
    300208 -1.952431E-05 -7.536785E-06  2.382987E-05
    300762  7.081259E-03 -4.323972E-03 -7.041627E-02
    300769 -3.278687E+00  3.615532E-01  3.219883E+00
    300982 -1.601001E-01 -2.593442E-01  2.732505E+00
    301131  3.932595E-03 -3.046583E-03  1.686209E+00
    301133  7.119359E-03 -1.064952E-04  1.082271E+00
    301135  4.156184E+00 -6.824741E-07 -3.054726E+00
    400000  9.312706E-08  1.612404E-12  4.425585E-08
    400006 -5.377782E-09 -1.314157E-10 -4.023098E-08
    400204 -6.635464E-06 -9.471768E-08  2.674763E-05
    400205 -8.350368E-05  9.193441E-08 -6.143670E-05
    400765 -1.395020E-01 -1.584474E-03 -2.246109E-01
    400766 -2.605154E-01  1.626224E-03  7.157107E-01
    400981 -6.601110E-02  9.080638E-03  7.047266E-01
    401130  1.139261E-03 -1.594890E-04  3.021659E-01
    401136  1.520872E+00  1.035057E-05 -4.131816E-01
    500001  1.786576E-07 -1.253319E-11  2.144307E-07
    500002  6.030912E-09 -1.268667E-07 -6.809740E-08
    500004 -1.514200E-08  9.941285E-08 -1.818938E-07
    500201  2.898981E-05 -8.035137E-07 -9.214393E-07
    500208 -1.689924E-05 -6.674353E-06  2.084379E-05
    500762  6.198022E-03 -3.837171E-03 -6.184259E-02
    500769 -2.931804E+00  3.101542E-01  2.844446E+00
    500982 -1.392158E-01 -2.255035E-01  2.387684E+00
    501131  3.299967E-03 -3.369240E-03  1.489896E+00
    501133  6.501329E-03 -3.062445E-06  9.540649E-01
    501135  3.663998E+00 -1.173442E-06 -2.692977E+00
    600000  8.119409E-08  3.377785E-12  3.858603E-08
    600006 -4.688628E-09 -1.968433E-10 -3.505035E-08
    600204 -5.747646E-06  4.934874E-08  2.317134E-05
    600205 -7.693519E-05 -1.586707E-07 -5.135620E-05
    600765 -1.208372E-01 -2.366441E-03 -1.965175E-01
    600766 -2.279963E-01  2.377334E-03  6.259431E-01
    600981 -5.763648E-02  1.178796E-02  6.156247E-01
    601130  1.017199E-03 -6.751618E-05  2.657402E-01
    601136  1.332433E+00  8.099560E-06 -3.619874E-01
    700001  1.774526E-07 -4.953010E-11  2.130488E-07
    700002  6.032117E-09  1.181802E-07 -6.734192E-08
    700004 -1.496664E-08 -8.894493E-08 -1.705127E-07
    700201  2.824466E-05  1.439759E-06 -8.971925E-07
    700208 -1.682370E-05  5.326010E-06  1.751393E-05
    700762  6.143408E-03  3.469366E-03 -6.103171E-02
    700769 -2.031857E+00 -3.640495E-01  2.438792E+00
    700982 -1.377831E-01  1.971194E-01  2.342634E+00
    701131  3.196397E-03 -1.037444E-02  1.440029E+00
    701133  6.250151E-03  1.619029E-03  9.227707E-01
    701135  3.543798E+00 -9.388234E-06 -2.604632E+00
    800000  7.986702E-08  3.077518E-12  3.795597E-08
    800006 -4.623844E-09 -2.072001E-10 -3.453466E-08
    800204 -5.691931E-06  5.450696E-08  2.295003E-05
    800205 -8.385874E-05 -1.635228E-07 -4.784844E-05
    800765 -9.364359E-02 -2.421129E-03 -1.939991E-01
    800766 -2.250277E-01  2.401328E-03  6.070152E-01
    800981 -5.691542E-02  1.226969E-02  6.077349E-01
    801130  1.008199E-03 -6.169962E-05  2.642965E-01
    801136  1.326196E+00  8.021084E-06 -3.602930E-01

                    E I G E N V A L U E    N U M B E R    49


 forces (fx,fy,fz) for set NSUPP and time  0.2000000E+01

     90000 -2.785440E-10  2.159060E-10 -1.977450E-10
     90002  1.426719E-10 -8.813678E-12  2.947474E-10
     90004 -2.264790E-10 -4.659640E-11 -5.288658E-12
     90006  2.027003E-10  1.242368E-10  3.494336E-11
    100001 -1.694143E-07  3.767968E-10 -2.033327E-07
    100002 -6.027166E-09 -4.802353E-08  6.107565E-08
    100004  1.403325E-08  2.387037E-09  8.209786E-08
    100201 -2.385410E-05 -5.960966E-06  7.892213E-07
    100208  1.742833E-05  3.955221E-06  3.841309E-06
    100762 -5.800100E-03 -8.382897E-04  5.564154E-02
    100769 -3.834777E+00  7.326957E-01  1.977876E-01
    100982  1.345912E-01 -3.627616E-02 -2.083169E+00
    101131 -3.186586E-03  1.228327E-01 -9.000441E-01
    101133 -2.170670E-03 -1.454144E-02 -5.966224E-01
    101135 -2.289741E+00  9.448020E-05  1.682929E+00
    200000 -7.372924E-08 -2.270191E-11 -3.504205E-08
    200006  4.253665E-09  2.284591E-09  3.183189E-08
    200204  5.714810E-06  1.070196E-06 -2.302477E-05
    200205  8.395860E-05 -7.926720E-07  4.817163E-05
    200765 -6.837678E-02  2.852182E-02  1.783689E-01
    200766  2.068258E-01 -2.866685E-02 -4.925307E-01
    200981  5.342314E-02 -1.573201E-01 -5.631857E-01
    201130 -7.806030E-04  2.182135E-03 -2.405959E-01
    201136 -1.250479E+00 -1.637820E-04  3.397228E-01
    300001 -1.897266E-07  3.754113E-10 -2.278404E-07
    300002 -6.072791E-09  1.984071E-07  7.599460E-08
    300004  1.597986E-08 -1.848214E-07  2.708179E-07
    300201 -3.503506E-05 -3.649385E-06  1.101829E-06
    300208  1.778287E-05  1.615537E-05 -4.446406E-05
    300762 -6.440796E-03  6.359006E-03  6.593417E-02
    300769  8.918320E+00  4.289180E-02 -5.509051E+00
    300982  1.521166E-01  4.080551E-01 -2.665588E+00
    301131 -5.237289E-03  1.160430E-01 -1.751491E+00
    301133 -6.070442E-03 -1.307938E-02 -1.134846E+00
    301135 -4.356824E+00  8.699270E-05  3.202199E+00
    400000 -8.832008E-08 -2.717240E-11 -4.197255E-08
    400006  5.019364E-09  2.275317E-09  3.776957E-08
    400204  6.221152E-06  1.075319E-06 -2.507797E-05
    400205  3.070658E-06 -7.974442E-07  8.713518E-05
    400765  3.195726E-01  2.846947E-02  2.091352E-01
    400766  2.426234E-01 -2.864405E-02 -7.466738E-01
    400981  6.319336E-02 -1.568469E-01 -6.647951E-01
    401130 -8.736195E-04  2.185713E-03 -2.571061E-01
    401136 -1.324019E+00 -1.638203E-04  3.597017E-01
    500001  1.964850E-07  4.323958E-10  2.357588E-07
    500002  6.882938E-09 -6.630968E-08 -7.131038E-08
    500004 -1.628658E-08  1.621660E-08 -1.081211E-07
    500201  2.814615E-05 -6.151033E-06 -9.256119E-07
    500208 -1.990810E-05  3.041820E-06 -1.228525E-06
    500762  6.708850E-03 -1.330698E-03 -6.487745E-02
    500769  3.562196E+00  7.887660E-01  1.488674E-01
    500982 -1.549621E-01 -6.274792E-02  2.426235E+00
    501131  3.712562E-03  1.233353E-01  1.117829E+00
    501133  3.047692E-03 -1.466480E-02  7.367918E-01
    501135  2.827954E+00  9.526016E-05 -2.078506E+00
    600000  8.578999E-08 -2.710379E-11  4.077029E-08
    600006 -4.954536E-09  2.354372E-09 -3.703584E-08
    600204 -6.549846E-06  7.225877E-07  2.639822E-05
    600205 -9.918117E-05 -1.884044E-07 -5.399589E-05
    600765  5.698535E-02  3.024828E-02 -2.068990E-01
    600766 -2.399581E-01 -3.034886E-02  5.809827E-01
    600981 -6.196029E-02 -1.646732E-01  6.530825E-01
    601130  9.269719E-04  2.133715E-03  2.797701E-01
    601136  1.448368E+00 -1.627458E-04 -3.934841E-01
    700001  2.168807E-07  3.723861E-10  2.603930E-07
    700002  6.976811E-09  2.175027E-07 -8.631670E-08
    700004 -1.830328E-08 -1.996744E-07 -2.983836E-07
    700201  3.940075E-05 -3.499606E-06 -1.241487E-06
    700208 -2.041392E-05  1.715929E-05  4.765279E-05
    700762  7.396685E-03  7.047046E-03 -7.565735E-02
    700769 -9.389470E+00 -2.566427E-03  5.955292E+00
    700982 -1.735024E-01  4.463388E-01  3.037453E+00
    701131  5.748397E-03  1.155135E-01  1.969994E+00
    701133  6.962107E-03 -1.295778E-02  1.275293E+00
    701135  4.896105E+00  8.654157E-05 -3.598561E+00
    800000  1.006918E-07 -2.702769E-11  4.785163E-08
    800006 -5.741964E-09  2.344343E-09 -4.311401E-08
    800204 -7.115632E-06  7.280441E-07  2.868632E-05
    800205 -1.385037E-05 -1.933435E-07 -9.553671E-05
    800765 -3.405279E-01  3.019239E-02 -2.391172E-01
    800766 -2.774348E-01 -3.032455E-02  8.434740E-01
    800981 -7.219696E-02 -1.641318E-01  7.591495E-01
    801130  1.022031E-03  2.138251E-03  2.966560E-01
    801136  1.523522E+00 -1.628003E-04 -4.139016E-01

                    E I G E N V A L U E    N U M B E R    50


 forces (fx,fy,fz) for set NSUPP and time  0.2000000E+01

     90000 -2.076603E-10 -1.220839E-10 -1.566693E-10
     90002  1.046558E-11 -3.003577E-11  1.136557E-10
     90004  5.264603E-11 -9.217064E-11 -1.191154E-10
     90006 -3.599838E-11  4.164677E-11  6.981613E-11
    100001  4.580445E-07  7.317990E-09  5.530078E-07
    100002  3.603900E-10  1.670505E-06 -2.730409E-07
    100004 -1.705466E-08 -2.002070E-06 -1.950540E-06
    100201  4.662070E-05 -4.447075E-05 -1.101684E-06
    100208  1.297972E-05  9.084373E-05  1.879300E-04
    100762  3.029805E-05 -4.936365E-03  7.104220E-03
    100769  1.736172E+01 -1.180548E+00 -7.468816E+00
    100982  1.692578E-02  3.496097E+00  1.705694E+00
    101131 -1.981975E-02 -2.402686E+00 -8.945319E+00
    101133 -4.248049E-02  2.677369E-01 -5.644133E+00
    101135 -2.167751E+01 -1.777318E-03  1.593259E+01
    200000  6.646906E-08  3.922688E-10  3.158588E-08
    200006 -6.364822E-09 -1.827426E-08 -4.041964E-08
    200204  3.804026E-06  7.874286E-05 -1.467134E-05
    200205 -1.725706E-04 -1.265739E-04  1.211994E-04
    200765 -7.891556E-02  4.800863E-02  3.888441E-03
    200766  4.156158E-03 -4.093404E-02  2.303676E-02
    200981  1.129391E-03  4.717212E-01 -3.498957E-02
    201130 -8.451139E-04 -8.457653E-02 -9.995919E-02
    201136 -3.497343E-01  4.161721E-03  9.501333E-02
    300001  5.781710E-08  7.308863E-09  6.558357E-08
    300002  1.904994E-08  1.304359E-06  8.501649E-08
    300004 -3.259344E-08 -1.682772E-06  1.397243E-06
    300201 -5.285411E-05 -4.426854E-05  8.589849E-07
    300208 -1.081047E-05  9.197757E-05 -1.890271E-04
    300762 -7.704585E-04 -4.560342E-03  4.082392E-06
    300769 -1.742154E+01 -1.173490E+00  7.305677E+00
    300982 -6.681595E-02  3.494271E+00 -1.618743E+00
    301131  2.990165E-02 -2.403876E+00  7.504694E+00
    301133  1.895562E-02  2.685943E-01  4.893234E+00
    301135  1.877821E+01 -1.780892E-03 -1.380173E+01
    400000  7.031482E-08  3.951933E-10  3.341585E-08
    400006 -9.221066E-09 -1.826071E-08 -5.430366E-08
    400204 -3.102968E-06  7.874484E-05  1.164333E-05
    400205  2.083282E-04 -1.265716E-04 -1.249665E-04
    400765 -1.695682E-03  4.800528E-02  1.946051E-02
    400766  2.297115E-02 -4.093219E-02 -5.739754E-02
    400981 -1.286710E-02  4.717559E-01  4.990360E-02
    401130 -1.025660E-03 -8.456696E-02 -5.885687E-02
    401136 -3.872328E-02  4.161616E-03  1.051949E-02
    500001 -4.495543E-07  7.421138E-09 -5.428261E-07
    500002 -5.905493E-11  1.662993E-06  2.704732E-07
    500004  1.624152E-08 -1.996177E-06  1.940383E-06
    500201 -4.633572E-05 -4.425532E-05  9.632351E-07
    500208 -1.374728E-05  9.013608E-05 -1.850607E-04
    500762 -3.488633E-05 -4.904928E-03 -7.050247E-03
    500769 -1.731927E+01 -1.177032E+00  7.448756E+00
    500982 -1.783437E-02  3.487832E+00 -1.686841E+00
    501131  1.983056E-02 -2.403063E+00  8.948989E+00
    501133  4.242333E-02  2.675426E-01  5.646722E+00
    501135  2.168720E+01 -1.778992E-03 -1.593971E+01
    600000 -6.234451E-08  3.973078E-10 -2.962840E-08
    600006  6.148052E-09 -1.845646E-08  3.866525E-08
    600204 -4.021616E-06  8.073830E-05  1.551291E-05
    600205  1.870812E-04 -1.301152E-04 -1.299013E-04
    600765  8.053593E-02  4.854346E-02 -3.843834E-03
    600766 -4.083803E-03 -4.149720E-02 -2.391074E-02
    600981 -1.333689E-03  4.766731E-01  3.703300E-02
    601130  8.071258E-04 -8.482648E-02  1.000579E-01
    601136  3.497500E-01  4.167496E-03 -9.501725E-02
    700001 -4.985050E-08  7.401811E-09 -5.596693E-08
    700002 -1.878749E-08  1.308483E-06 -8.883653E-08
    700004  3.209059E-08 -1.684874E-06 -1.402834E-06
    700201  5.280559E-05 -4.404270E-05 -7.389763E-07
    700208  1.143212E-05  9.132153E-05  1.863251E-04
    700762  7.895255E-04 -4.514094E-03 -2.302785E-04
    700769  1.737289E+01 -1.171041E+00 -7.279475E+00
    700982  6.797494E-02  3.486865E+00  1.602174E+00
    701131 -2.996491E-02 -2.404169E+00 -7.502372E+00
    701133 -1.873728E-02  2.683471E-01 -4.893393E+00
    701135 -1.877846E+01 -1.782842E-03  1.380191E+01
    800000 -6.819572E-08  3.971538E-10 -3.240960E-08
    800006  9.054577E-09 -1.844335E-08  5.309311E-08
    800204  3.262894E-06  8.073795E-05 -1.226382E-05
    800205 -2.216902E-04 -1.301050E-04  1.324260E-04
    800765 -2.154645E-04  4.854086E-02 -1.991414E-02
    800766 -2.351857E-02 -4.149388E-02  5.961087E-02
    800981  1.306581E-02  4.767209E-01 -5.111756E-02
    801130  9.916378E-04 -8.482214E-02  5.940875E-02
    801136  3.940262E-02  4.167618E-03 -1.070370E-02

                    E I G E N V A L U E    N U M B E R    51


 forces (fx,fy,fz) for set NSUPP and time  0.2000000E+01

     90000 -3.055956E-10 -6.055149E-10 -3.509295E-11
     90002  3.154351E-10  1.945604E-10  1.715891E-11
     90004 -5.799587E-10 -1.653685E-10  7.710169E-10
     90006  1.028310E-10  3.242481E-11 -2.052495E-10
    100001  4.604051E-04  6.302052E-06  5.554670E-04
    100002  2.302948E-06  1.483766E-03 -2.611002E-04
    100004 -1.957398E-05 -1.757981E-03 -1.740462E-03
    100201  4.322053E-02 -3.742675E-02 -1.129324E-03
    100208  8.763706E-03  7.757794E-02  1.610859E-01
    100762 -6.846750E-03  4.537978E-02  1.199315E-01
    100769 -4.353833E-02 -2.557835E-02  5.450927E-03
    100982 -4.895175E-05 -5.284598E-03 -2.372507E-03
    101131  2.605584E-05  3.015687E-03  1.133721E-02
    101133  5.253686E-05 -3.359407E-04  7.166778E-03
    101135  2.752430E-02  2.230079E-06 -2.022988E-02
    200000  8.015430E-05  3.538772E-07  3.809175E-05
    200006 -6.986258E-06 -1.670237E-05 -4.554602E-05
    200204  2.484879E-03  6.769250E-02 -9.465200E-03
    200205 -1.583698E-01 -1.089481E-01  9.700223E-02
    200765  1.688438E-01 -1.041722E-01  1.043908E-01
    200766 -2.052706E-03  6.725564E-02 -1.040133E-02
    200981 -8.987624E-06 -6.961751E-04  1.087430E-04
    201130  1.050098E-06  1.058877E-04  1.461495E-04
    201136  5.705397E-04 -5.215174E-06 -1.550004E-04
    300001  1.157023E-04  6.295911E-06  1.355790E-04
    300002  1.867639E-05  1.078749E-03  4.826582E-05
    300004 -3.377965E-05 -1.417505E-03  1.137428E-03
    300201 -4.061199E-02 -3.757177E-02  5.965789E-04
    300208 -1.178638E-02  7.689819E-02 -1.562946E-01
    300762  9.237356E-03  4.467799E-02 -1.160887E-01
    300769  3.981421E-02 -2.561557E-02 -4.795832E-03
    300982  7.861737E-05 -5.321967E-03  2.718202E-03
    301131 -3.621679E-05  3.018068E-03 -9.294422E-03
    301133 -2.457558E-05 -3.371435E-04 -6.048288E-03
    301135 -2.321170E-02  2.235268E-06  1.706027E-02
    400000  8.817551E-05  3.539353E-07  4.190369E-05
    400006 -9.717994E-06 -1.668662E-05 -5.953830E-05
    400204 -3.545647E-03  6.769352E-02  1.352255E-02
    400205  1.852266E-01 -1.089455E-01 -1.222606E-01
    400765 -1.673571E-01 -1.041686E-01 -1.187548E-01
    400766  2.738572E-03  6.725688E-02  1.481257E-02
    400981  1.151972E-05 -6.962659E-04 -8.756044E-06
    401130  1.278134E-06  1.058765E-04  9.666037E-05
    401136  1.928067E-04 -5.215061E-06 -5.237988E-05
    500001 -4.508146E-04  6.380353E-06 -5.439563E-04
    500002 -1.971844E-06  1.475633E-03  2.579960E-04
    500004  1.868365E-05 -1.751647E-03  1.729310E-03
    500201 -4.298113E-02 -3.723778E-02  1.007301E-03
    500208 -9.432241E-03  7.697000E-02 -1.585719E-01
    500762  7.385042E-03  4.489983E-02 -1.178509E-01
    500769  4.342148E-02 -2.545654E-02 -5.565059E-03
    500982  5.067345E-05 -5.273170E-03  2.342480E-03
    501131 -2.608804E-05  3.016194E-03 -1.134423E-02
    501133 -5.245683E-05 -3.357017E-04 -7.171757E-03
    501135 -2.754307E-02  2.232207E-06  2.024368E-02
    600000 -7.574382E-05  3.564200E-07 -3.599571E-05
    600006  6.740312E-06 -1.688359E-05  4.361800E-05
    600204 -2.676220E-03  6.947899E-02  1.020338E-02
    600205  1.711915E-01 -1.121157E-01 -1.046842E-01
    600765 -1.803591E-01 -1.070759E-01 -1.116857E-01
    600766  2.200853E-03  6.900520E-02  1.118180E-02
    600981  9.384684E-06 -7.027271E-04 -1.126545E-04
    601130 -1.003237E-06  1.061973E-04 -1.467098E-04
    601136 -5.731559E-04 -5.222363E-06  1.557107E-04
    700001 -1.066024E-04  6.374319E-06 -1.246431E-04
    700002 -1.838985E-05  1.083663E-03 -5.240348E-05
    700004  3.318251E-05 -1.420206E-03 -1.144095E-03
    700201  4.055562E-02 -3.737445E-02 -4.929357E-04
    700208  1.234358E-02  7.631669E-02  1.539074E-01
    700762 -9.664936E-03  4.423038E-02  1.141479E-01
    700769 -3.989892E-02 -2.548691E-02  4.888996E-03
    700982 -8.004532E-05 -5.312520E-03 -2.700276E-03
    701131  3.627573E-05  3.018487E-03  9.289412E-03
    701133  2.431380E-05 -3.368402E-04  6.046935E-03
    701135  2.320608E-02  2.237757E-06 -1.705615E-02
    800000 -8.563250E-05  3.565275E-07 -4.069512E-05
    800006  9.522547E-06 -1.686975E-05  5.813494E-05
    800204  3.691155E-03  6.947807E-02 -1.408923E-02
    800205 -1.972419E-01 -1.121063E-01  1.289875E-01
    800765  1.785393E-01 -1.070683E-01  1.251400E-01
    800766 -2.846458E-03  6.900863E-02 -1.538082E-02
    800981 -1.167724E-05 -7.028386E-04  9.243595E-06
    801130 -1.236059E-06  1.061926E-04 -9.771639E-05
    801136 -1.959174E-04 -5.222532E-06  5.322454E-05

                    E I G E N V A L U E    N U M B E R    52


 forces (fx,fy,fz) for set NSUPP and time  0.2000000E+01

     90000  2.629721E-10 -7.345988E-11  5.137947E-10
     90002  3.098464E-11 -4.123660E-11 -1.869655E-10
     90004  8.623645E-10  2.573191E-10 -1.253886E-09
     90006 -3.173424E-10 -1.641829E-11  2.248429E-10
    100001  4.348520E-03 -2.536006E-07  5.221696E-03
    100002  1.407435E-04  2.907895E-03 -1.677278E-03
    100004 -3.489314E-04 -2.094225E-03 -4.108887E-03
    100201  1.027592E-01  4.372992E-03 -5.776429E-03
    100208 -5.945026E-02  2.182083E-02  6.439799E-02
    100762 -5.156301E-02 -2.105642E-02 -5.870924E-02
    100769  1.078836E-01 -2.898040E-03  1.748872E-03
    100982  2.935683E-05 -3.394192E-05 -4.747756E-04
    101131 -8.643885E-07 -4.312130E-06 -2.756698E-04
    101133 -8.635105E-07  4.111795E-07 -1.797929E-04
    101135 -6.901351E-04 -2.946251E-09  5.072391E-04
    200000  1.579005E-03  1.769390E-08  7.503917E-04
    200006 -1.080593E-04 -1.677431E-06 -7.604781E-04
    200204 -2.053975E-02  1.925076E-04  8.103556E-02
    200205 -7.163758E-01 -3.557312E-04 -7.288164E-03
    200765 -6.945088E-01  2.545309E-04  4.720156E-02
    200766 -1.656729E-02 -1.401488E-04 -9.121806E-02
    200981  1.189174E-05  1.998832E-06 -1.211627E-04
    201130 -1.306634E-07 -1.706077E-07 -3.870263E-05
    201136 -1.993433E-04  8.469316E-09  5.415649E-05
    300001  4.363311E-03 -2.763297E-07  5.239528E-03
    300002  1.407169E-04 -3.017125E-03 -1.688128E-03
    300004 -3.503354E-04  2.227131E-03 -4.245667E-03
    300201  1.027729E-01 -4.086904E-03 -5.964826E-03
    300208 -5.955457E-02 -2.238398E-02  6.596247E-02
    300762 -5.163581E-02  2.142342E-02 -5.994534E-02
    300769  1.083500E-01  2.720896E-03  1.652616E-03
    300982  2.891935E-05  7.305990E-05 -4.947749E-04
    301131 -7.637397E-07 -5.631619E-06 -2.418657E-04
    301133 -7.360937E-07  6.963211E-07 -1.581560E-04
    301135 -6.070665E-04 -4.401174E-09  4.461850E-04
    400000  1.587377E-03  1.803285E-08  7.543702E-04
    400006 -1.086090E-04 -1.453204E-06 -7.643459E-04
    400204 -2.058849E-02  1.754584E-04  8.121710E-02
    400205 -7.091371E-01 -3.381913E-04 -1.080694E-02
    400765 -6.880810E-01  2.366130E-04  5.032289E-02
    400766 -1.659864E-02 -1.213771E-04 -9.139040E-02
    400981  1.184257E-05  2.100066E-06 -1.210290E-04
    401130 -1.309924E-07 -1.697310E-07 -3.863563E-05
    401136 -1.988273E-04  8.457578E-09  5.401631E-05
    500001  3.984619E-03 -2.339022E-07  4.784693E-03
    500002  1.287224E-04 -2.751808E-03 -1.540297E-03
    500004 -3.207452E-04  2.028964E-03 -3.878382E-03
    500201  9.735226E-02 -3.850261E-03 -5.571353E-03
    500208 -5.641421E-02 -2.139269E-02  6.258597E-02
    500762 -4.891657E-02  2.050464E-02 -5.689512E-02
    500769  1.025655E-01  2.568215E-03  1.557522E-03
    500982  2.765761E-05  7.018676E-05 -4.736142E-04
    501131 -7.296208E-07 -5.628517E-06 -2.285777E-04
    501133 -6.821727E-07  6.894132E-07 -1.495942E-04
    501135 -5.741850E-04 -4.381935E-09  4.220176E-04
    600000  1.457163E-03  3.944360E-08  6.924886E-04
    600006 -9.944718E-05 -2.921239E-06 -7.002542E-04
    600204 -1.950155E-02  6.401657E-04  7.700487E-02
    600205 -6.779397E-01 -1.146243E-03 -7.720408E-03
    600765 -6.575982E-01  1.253377E-03  4.540710E-02
    600766 -1.573783E-02 -7.313857E-04 -8.666237E-02
    600981  1.135146E-05  1.678787E-06 -1.157701E-04
    601130 -1.240603E-07 -1.835140E-07 -3.680213E-05
    601136 -1.896518E-04  8.796368E-09  5.152356E-05
    700001  3.972224E-03 -2.172598E-07  4.769891E-03
    700002  1.282227E-04  2.660868E-03 -1.532982E-03
    700004 -3.181057E-04 -1.920600E-03 -3.753678E-03
    700201  9.737120E-02  4.146536E-03 -5.328477E-03
    700208 -5.612428E-02  2.074755E-02  6.050795E-02
    700762 -4.864211E-02 -2.004361E-02 -5.503780E-02
    700769  1.020601E-01 -2.750305E-03  1.646872E-03
    700982  2.803417E-05 -3.186609E-05 -4.532784E-04
    701131 -8.341313E-07 -4.377976E-06 -2.624342E-04
    701133 -8.045447E-07  4.188127E-07 -1.713158E-04
    701135 -6.575745E-04 -2.995207E-09  4.833075E-04
    800000  1.437761E-03  3.915128E-08  6.832681E-04
    800006 -9.854626E-05 -3.126546E-06 -6.927607E-04
    800204 -1.936511E-02  6.563184E-04  7.649424E-02
    800205 -6.894289E-01 -1.162739E-03 -1.320612E-03
    800765 -6.698787E-01  1.270243E-03  3.831081E-02
    800766 -1.561896E-02 -7.492247E-04 -8.602932E-02
    800981  1.138488E-05  1.582366E-06 -1.156704E-04
    801130 -1.230836E-07 -1.843520E-07 -3.678059E-05
    801136 -1.898230E-04  8.815668E-09  5.157006E-05

                    E I G E N V A L U E    N U M B E R    53


 forces (fx,fy,fz) for set NSUPP and time  0.2000000E+01

     90000 -1.191325E-10 -2.478997E-12 -1.604719E-10
     90002 -1.134641E-11  1.034170E-11 -1.868266E-11
     90004 -2.404136E-11 -8.955250E-11 -2.190190E-11
     90006  3.835408E-11 -2.756061E-11 -3.649972E-11
    100001  4.877450E-03 -5.334968E-06  5.857015E-03
    100002  1.593441E-04  2.352512E-03 -1.843555E-03
    100004 -3.806251E-04 -1.228069E-03 -3.414385E-03
    100201  9.202064E-02  8.223464E-03 -3.800868E-03
    100208 -5.276919E-02  1.121006E-02  3.482866E-02
    100762 -4.580703E-02 -1.331890E-02 -3.386680E-02
    100769  9.013125E-02 -5.032099E-03  4.089799E-03
    100982  3.626539E-05  7.674449E-04 -3.248862E-05
    101131 -2.613003E-06 -1.811293E-04 -8.872503E-04
    101133 -3.249550E-06  2.002657E-05 -5.705200E-04
    101135 -2.190276E-03 -1.331738E-07  1.609818E-03
    200000  1.645310E-03  7.468993E-07  7.819020E-04
    200006 -1.165750E-04 -5.850162E-05 -8.108204E-04
    200204 -1.783258E-02  1.466134E-02  7.006112E-02
    200205 -6.268632E-01 -2.626088E-02 -3.752422E-03
    200765 -6.045829E-01  2.639828E-02  3.986815E-02
    200766 -1.434949E-02 -1.536459E-02 -7.913780E-02
    200981  1.204820E-05  7.736967E-05 -1.160393E-04
    201130 -1.296547E-07 -6.466107E-06 -3.990828E-05
    201136 -2.065223E-04  3.145091E-07  5.610683E-05
    300001  5.167856E-03 -5.366879E-06  6.204928E-03
    300002  1.667617E-04 -4.488667E-03 -2.030205E-03
    300004 -4.307375E-04  3.794156E-03 -6.254823E-03
    300201  9.492683E-02  3.692914E-04 -8.620348E-03
    300208 -5.919091E-02 -2.902020E-02  9.110272E-02
    300762 -5.152853E-02  2.541625E-02 -8.082412E-02
    300769  1.097032E-01  1.719000E-04 -8.895446E-04
    300982  1.879430E-05  8.767305E-04 -8.881222E-04
    301131  1.113356E-06 -1.824819E-04  3.425978E-04
    301133  1.294718E-06  2.032944E-05  2.175811E-04
    301135  8.353045E-04 -1.346915E-07 -6.139356E-04
    400000  1.973947E-03  7.474194E-07  9.380803E-04
    400006 -1.348225E-04 -5.824608E-05 -9.493273E-04
    400204 -2.092774E-02  1.464636E-02  8.185475E-02
    400205 -3.243663E-01 -2.624461E-02 -1.656348E-01
    400765 -3.015515E-01  2.638141E-02  2.070969E-01
    400766 -1.687118E-02 -1.534805E-02 -9.272173E-02
    400981  1.040193E-05  7.746927E-05 -1.154340E-04
    401130 -1.554778E-07 -6.465227E-06 -3.956904E-05
    401136 -1.964207E-04  3.145015E-07  5.336247E-05
    500001 -4.257892E-03 -5.485366E-06 -5.113104E-03
    500002 -1.390022E-04  1.922222E-03  1.603965E-03
    500004  3.300996E-04 -9.096703E-04  2.802371E-03
    500201 -9.849046E-02  8.562171E-03  3.441722E-03
    500208  5.587935E-02  1.235563E-02 -3.708351E-02
    500762  4.850759E-02 -1.448248E-02  3.594747E-02
    500769 -9.639274E-02 -5.276587E-03 -4.151506E-03
    500982 -3.843620E-05  7.635758E-04  6.653770E-05
    501131  2.675258E-06 -1.811448E-04  9.050559E-04
    501133  3.288182E-06  2.000463E-05  5.822621E-04
    501135  2.235310E-03 -1.332613E-07 -1.642918E-03
    600000 -1.431797E-03  7.735438E-07 -6.804336E-04
    600006  1.009428E-04 -6.038268E-05  7.028524E-04
    600204  1.884239E-02  1.626611E-02 -7.449350E-02
    600205  6.783667E-01 -2.906539E-02 -1.719065E-03
    600765  6.545514E-01  2.900678E-02 -3.671392E-02
    600766  1.521389E-02 -1.692834E-02  8.393658E-02
    600981 -1.288497E-05  7.697730E-05  1.243421E-04
    601130  1.351475E-07 -6.490140E-06  4.254544E-05
    601136  2.202768E-04  3.150764E-07 -5.984355E-05
    700001 -4.551170E-03 -5.508694E-06 -5.464317E-03
    700002 -1.469793E-04 -4.079452E-03  1.791932E-03
    700004  3.820493E-04  3.500833E-03  5.681683E-03
    700201 -1.015703E-01  2.754718E-04  8.427309E-03
    700208  6.311257E-02 -3.078715E-02 -9.652967E-02
    700762  5.490050E-02  2.711827E-02  8.563220E-02
    700769 -1.161513E-01  2.608841E-04  7.619585E-04
    700982 -2.060452E-05  8.804121E-04  9.212609E-04
    701131 -1.057971E-06 -1.825790E-04 -3.250170E-04
    701133 -1.234174E-06  2.032264E-05 -2.061435E-04
    701135 -7.913902E-04 -1.349014E-07  5.816592E-04
    800000 -1.769364E-03  7.742388E-07 -8.408561E-04
    800006  1.197455E-04 -6.016448E-05  8.452543E-04
    800204  2.222410E-02  1.625091E-02 -8.739578E-02
    800205  3.553672E-01 -2.904797E-02  1.721825E-01
    800765  3.323478E-01  2.898941E-02 -2.156265E-01
    800766  1.795620E-02 -1.691245E-02  9.869929E-02
    800981 -1.123879E-05  7.708617E-05  1.238984E-04
    801130  1.614481E-07 -6.489607E-06  4.224884E-05
    801136  2.102385E-04  3.150776E-07 -5.711639E-05

                    E I G E N V A L U E    N U M B E R    54


 forces (fx,fy,fz) for set NSUPP and time  0.2000000E+01

     90000 -3.979317E-10 -3.402807E-11 -2.212125E-10
     90002 -1.226774E-10 -1.091420E-10 -2.207696E-11
     90004 -4.337891E-10 -2.094200E-10  6.853497E-10
     90006  1.642747E-10  8.011630E-11  2.125816E-11
    100001  5.637365E+00 -6.189994E-04  6.769091E+00
    100002  1.833213E-01  3.719964E+00 -2.168917E+00
    100004 -4.542991E-01 -2.662692E+00 -5.274988E+00
    100201 -3.124208E+00  2.347413E-01 -3.811728E+00
    100208  5.895534E-03 -4.180195E-03  5.540315E-02
    100762  4.777633E-05  1.847796E-05  5.122343E-05
    100769 -9.880568E-05  3.182016E-06 -2.016189E-06
    100982 -2.522928E-08 -6.597444E-08  3.401889E-07
    101131  9.043688E-10  2.291724E-08  2.875875E-07
    101133  9.217631E-10 -2.489084E-09  1.869680E-07
    101135  7.176755E-07  1.719361E-11 -5.274801E-07
    200000  1.935154E+00  4.062228E-05  9.196447E-01
    200006 -1.407830E-01 -3.763528E-03 -9.707795E-01
    200204 -3.429380E-01 -1.528039E-03 -1.365594E+00
    200205 -9.805652E-01  1.608961E-03  2.071225E-01
    200765  6.453840E-04 -2.848035E-06 -4.224348E-05
    200766  1.531778E-05  1.605654E-06  8.429762E-05
    200981 -9.890895E-09 -1.067109E-08  9.919790E-08
    201130  9.747928E-11  8.296518E-10  2.993018E-08
    201136  1.547950E-07 -4.128629E-11 -4.205279E-08
    300001  5.672503E+00 -6.544551E-04  6.811464E+00
    300002  1.832196E-01 -3.979504E+00 -2.194899E+00
    300004 -4.574846E-01  2.978613E+00 -5.599148E+00
    300201 -3.870631E+00 -1.823998E-01 -4.244987E+00
    300208  5.933117E-03  4.668394E-03  5.583278E-02
    300762  4.845270E-05 -2.093503E-05  5.981416E-05
    300769 -1.021042E-04 -2.059985E-06 -1.294168E-06
    300982 -2.280177E-08 -1.589061E-07  4.569597E-07
    301131  4.255615E-10  2.398262E-08  1.290607E-07
    301133  3.371312E-10 -2.718279E-09  8.539312E-08
    301135  3.277352E-07  1.864524E-11 -2.408814E-07
    400000  1.956689E+00  4.107207E-05  9.298788E-01
    400006 -1.420382E-01 -3.470038E-03 -9.800627E-01
    400204 -3.459614E-01 -1.482967E-03 -1.384563E+00
    400205 -1.001823E+00  1.449795E-03  2.089798E-01
    400765  6.043009E-04 -2.831291E-06 -6.436912E-05
    400766  1.563094E-05  1.588444E-06  8.599205E-05
    400981 -9.654245E-09 -1.075475E-08  9.904320E-08
    401130  1.031497E-10  8.289408E-10  2.987967E-08
    401136  1.534864E-07 -4.066917E-11 -4.170153E-08
    500001  4.886222E+00 -6.055023E-04  5.867195E+00
    500002  1.580449E-01 -3.434492E+00 -1.889616E+00
    500004 -3.951173E-01  2.573236E+00 -4.838200E+00
    500201 -3.429069E+00 -1.509348E-01 -3.714813E+00
    500208  5.114466E-03  4.112687E-03  4.839740E-02
    500762  3.343114E-05 -1.507085E-05  4.239054E-05
    500769 -7.099763E-05 -1.237102E-06 -7.870459E-07
    500982 -1.494324E-08 -1.427285E-07  3.259160E-07
    501131  2.071406E-10  2.382252E-08  5.392439E-08
    501133  8.152626E-11 -2.676730E-09  3.654447E-08
    501135  1.402020E-07  1.860461E-11 -1.030486E-07
    600000  1.690552E+00  6.943576E-05  8.034026E-01
    600006 -1.227114E-01 -5.424816E-03 -8.464606E-01
    600204 -2.989076E-01 -2.554462E-03 -1.194127E+00
    600205 -8.616597E-01  2.594941E-03  1.804809E-01
    600765  4.540937E-04 -3.992198E-06 -3.030030E-05
    600766  1.081995E-05  2.285723E-06  5.952099E-05
    600981 -6.464724E-09 -1.039510E-08  6.625339E-08
    601130  6.633692E-11  8.405187E-10  1.912039E-08
    601136  9.863170E-08 -4.012110E-11 -2.679706E-08
    700001  4.854061E+00 -5.799612E-04  5.828600E+00
    700002  1.574527E-01  3.197702E+00 -1.868104E+00
    700004 -3.902858E-01 -2.287957E+00 -4.528208E+00
    700201 -2.585542E+00  2.079562E-01 -3.216112E+00
    700208  5.050970E-03 -3.570455E-03  4.773945E-02
    700762  3.250796E-05  1.247338E-05  3.296222E-05
    700769 -6.764353E-05  2.381432E-06 -1.495912E-06
    700982 -1.733404E-08 -8.157893E-08  2.089961E-07
    701131  6.903053E-10  2.313455E-08  2.125174E-07
    701133  6.603396E-10 -2.529990E-09  1.382078E-07
    701135  5.304894E-07  1.816582E-11 -3.899012E-07
    800000  1.654878E+00  6.908575E-05  7.864492E-01
    800006 -1.209857E-01 -5.678654E-03 -8.324431E-01
    800204 -2.938603E-01 -2.593041E-03 -1.171827E+00
    800205 -8.431221E-01  2.731862E-03  1.774450E-01
    800765  5.024054E-04 -4.003766E-06 -3.445385E-06
    800766  1.040762E-05  2.298004E-06  5.730251E-05
    800981 -6.691164E-09 -1.034345E-08  6.622241E-08
    801130  6.653613E-11  8.416084E-10  1.910890E-08
    801136  9.969201E-08 -3.585415E-11 -2.707965E-08

                    E I G E N V A L U E    N U M B E R    55


 forces (fx,fy,fz) for set NSUPP and time  0.2000000E+01

     90000  1.272379E-10 -1.437805E-11  7.322760E-11
     90002 -6.153734E-11  4.268357E-11 -1.058565E-10
     90004  1.491236E-10  7.664902E-11 -1.408071E-10
     90006 -8.459664E-12 -2.460372E-11 -4.026253E-11
    100001 -4.589041E+00  8.025440E-03 -5.509648E+00
    100002 -1.549436E-01 -1.663637E+00  1.697442E+00
    100004  3.638506E-01  4.609192E-01  2.577575E+00
    100201 -2.140138E+00 -5.316254E-01  4.421187E-01
    100208 -4.753298E-03  4.056060E-04 -4.416512E-02
    100762 -4.130296E-05 -8.131121E-06 -2.026223E-05
    100769  7.677819E-05 -6.573695E-06  4.090128E-06
    100982  2.946484E-08  6.799837E-07  1.947765E-08
    101131 -1.991203E-09 -1.354801E-07 -6.556428E-07
    101133 -2.315400E-09  1.497118E-08 -4.223757E-07
    101135 -1.621447E-06 -1.007666E-10  1.191737E-06
    200000 -1.484710E+00 -7.294231E-04 -7.055797E-01
    200006  1.110107E-01  6.059921E-02  7.586702E-01
    200204  2.689934E-01  2.663948E-02  1.046137E+00
    200205  7.237136E-01 -2.745769E-02 -1.625398E-01
    200765 -5.341432E-04  1.554703E-05  4.006295E-05
    200766 -1.293857E-05 -8.520360E-06 -7.125478E-05
    200981  9.539586E-09  7.175952E-08 -8.971812E-08
    201130 -8.600312E-11 -4.804894E-09 -2.764538E-08
    201136 -1.448975E-07  2.350430E-10  3.936447E-08
    300001 -5.026543E+00  8.060754E-03 -6.035992E+00
    300002 -1.580783E-01  4.890525E+00  2.006630E+00
    300004  4.158397E-01 -4.370334E+00  6.699427E+00
    300201  8.131505E+00 -1.743239E-01  6.461827E+00
    300208 -5.394101E-03 -7.181129E-03 -5.119069E-02
    300762 -4.519460E-05  2.631172E-05 -8.155665E-05
    300769  1.008100E-04 -1.927209E-06 -1.091794E-06
    300982  1.343244E-08  7.699459E-07 -7.264376E-07
    301131  7.772766E-10 -1.364818E-07  2.617472E-07
    301133  1.079645E-09  1.519148E-08  1.653960E-07
    301135  6.350422E-07 -1.035296E-10 -4.667457E-07
    400000 -1.852503E+00 -7.299376E-04 -8.803666E-01
    400006  1.307110E-01  6.035324E-02  9.103400E-01
    400204  3.213427E-01  2.660157E-02  1.307171E+00
    400205  9.691240E-01 -2.732301E-02 -1.941511E-01
    400765 -2.917193E-04  1.553224E-05  1.716174E-04
    400766 -1.483732E-05 -8.505693E-06 -8.152774E-05
    400981  7.843390E-09  7.183442E-08 -8.710807E-08
    401130 -1.086830E-10 -4.803510E-09 -2.758008E-08
    401136 -1.385360E-07  2.353253E-10  3.764655E-08
    500001  5.399343E+00  8.225553E-03  6.482641E+00
    500002  1.809969E-01 -2.204649E+00 -2.008818E+00
    500004 -4.288356E-01  8.536932E-01 -3.338551E+00
    500201  1.725566E+00 -5.673352E-01 -9.651822E-01
    500208  5.587545E-03  9.883385E-04  5.223383E-02
    500762  4.632286E-05 -1.026443E-05  2.522694E-05
    500769 -8.773665E-05 -6.924925E-06 -4.248311E-06
    500982 -3.239708E-08  6.744097E-07  2.708730E-08
    501131  2.074560E-09 -1.354697E-07  6.789444E-07
    501133  2.373071E-09  1.494922E-08  4.377165E-07
    501135  1.680306E-06 -1.005121E-10 -1.234998E-06
    600000  1.758512E+00 -7.549084E-04  8.356988E-01
    600006 -1.312147E-01  6.245245E-02 -8.968644E-01
    600204 -3.173460E-01  2.794603E-02 -1.239060E+00
    600205 -8.625194E-01 -2.882048E-02  1.917084E-01
    600765  6.122113E-04  1.767027E-05 -4.026229E-05
    600766  1.454887E-05 -9.792781E-06  8.014679E-05
    600981 -1.068527E-08  7.156963E-08  1.010773E-07
    601130  8.938018E-11 -4.821139E-09  3.094663E-08
    601136  1.621176E-07  2.382661E-10 -4.404692E-08
    700001  5.840473E+00  8.260166E-03  7.013209E+00
    700002  1.846543E-01  5.458429E+00 -2.320549E+00
    700004 -4.825932E-01 -4.795711E+00 -7.506081E+00
    700201 -8.716792E+00 -1.502053E-01 -7.094795E+00
    700208  6.265159E-03 -7.958786E-03  5.958947E-02
    700762  5.074386E-05  2.886103E-05  8.867494E-05
    700769 -1.119362E-04 -1.698529E-06  8.900277E-07
    700982 -1.599547E-08  7.752130E-07  7.716945E-07
    701131 -7.037842E-10 -1.365854E-07 -2.386545E-07
    701133 -1.005794E-09  1.518968E-08 -1.503029E-07
    701135 -5.770986E-07 -1.006371E-10  4.241584E-07
    800000  2.133637E+00 -7.557217E-04  1.013970E+00
    800006 -1.514670E-01  6.216957E-02 -1.052104E+00
    800204 -3.719422E-01  2.790179E-02 -1.507960E+00
    800205 -1.112273E+00 -2.866436E-02  2.246755E-01
    800765  3.542974E-04  1.765447E-05 -1.812707E-04
    800766  1.662644E-05 -9.777621E-06  9.137654E-05
    800981 -8.976456E-09  7.165538E-08  9.851677E-08
    801130  1.105595E-10 -4.820446E-09  3.090307E-08
    801136  1.557036E-07  2.373176E-10 -4.230136E-08

                    E I G E N V A L U E    N U M B E R    56


 forces (fx,fy,fz) for set NSUPP and time  0.2000000E+01

     90000  1.859426E-10  3.208578E-11  1.497660E-10
     90002 -8.767831E-11  2.850593E-11  5.955904E-11
     90004  4.718946E-10  2.074377E-10 -6.468098E-10
     90006 -2.403200E-11 -4.336672E-11 -1.026219E-10
    100001 -1.776337E-07 -3.607419E-09 -2.148401E-07
    100002  1.622210E-09 -7.922635E-07  1.169868E-07
    100004  3.961142E-09  9.620224E-07  9.147829E-07
    100201 -1.102153E-06  1.511961E-05  6.572413E-07
    100208 -1.107518E-05 -2.712196E-05 -5.453347E-05
    100762  1.175843E-03 -1.498537E-02  1.216343E-02
    100769  5.501206E+01 -3.697451E+00 -2.339597E+01
    100982 -7.257359E-02 -5.409437E+00 -2.624849E+00
    101131  8.689692E-03  8.405119E-01  2.925181E+00
    101133  1.092606E-02 -9.330525E-02  1.873509E+00
    101135  7.192477E+00  6.188463E-04 -5.286357E+00
    200000 -6.334794E-09 -1.839406E-10 -3.008488E-09
    200006  1.772259E-09  8.443187E-09  9.251542E-09
    200204 -3.576467E-06 -2.469293E-05  1.424065E-05
    200205 -7.189237E-05  3.952441E-05 -2.238779E-05
    200765 -1.363523E-01  1.510257E-01 -2.137698E-02
    200766 -2.556134E-02 -1.285541E-01  1.223850E-01
    200981 -1.147398E-02 -7.348715E-01  5.742475E-02
    201130 -3.082189E-05  2.824453E-02  6.521236E-03
    201136  4.725018E-02 -1.412243E-03 -1.283661E-02
    300001  2.066434E-08 -3.599698E-09  2.659575E-08
    300002 -7.598063E-09 -6.807598E-07 -5.979599E-08
    300004  1.114506E-08  8.648689E-07 -7.464399E-07
    300201  2.917945E-05  1.405438E-05 -1.237996E-06
    300208 -3.756046E-06 -3.299607E-05  6.971768E-05
    300762 -1.392873E-03 -1.478487E-02 -9.895398E-03
    300769 -5.450947E+01 -3.764399E+00  2.312863E+01
    300982  7.441816E-02 -5.454943E+00  2.516266E+00
    301131 -8.008081E-03  8.410104E-01 -2.739089E+00
    301133 -1.050030E-02 -9.341668E-02 -1.750529E+00
    301135 -6.720573E+00  6.193177E-04  4.939513E+00
    400000 -7.631689E-09 -1.878355E-10 -3.624513E-09
    400006  3.011372E-09  8.440330E-09  1.522481E-08
    400204 -1.496889E-06 -2.469548E-05  6.367052E-06
    400205 -2.027221E-04  3.952573E-05  5.795198E-05
    400765  1.067296E-01  1.510237E-01  2.796049E-02
    400766  3.314261E-02 -1.285521E-01 -1.291348E-01
    400981  1.312536E-02 -7.348948E-01 -7.680600E-02
    401130  2.750169E-05  2.824494E-02 -1.741372E-03
    401136 -2.195511E-02 -1.412272E-03  5.964759E-03
    500001  1.873556E-07 -3.646026E-09  2.266352E-07
    500002 -1.357758E-09 -7.980635E-07 -1.212290E-07
    500004 -4.690827E-09  9.661246E-07 -9.232479E-07
    500201  8.247869E-07  1.506635E-05 -6.109661E-07
    500208  1.143144E-05 -2.685527E-05  5.354435E-05
    500762 -1.218212E-03 -1.486432E-02 -1.170807E-02
    500769 -5.487301E+01 -3.688113E+00  2.332393E+01
    500982  7.474848E-02 -5.400686E+00  2.601326E+00
    501131 -8.715735E-03  8.408121E-01 -2.926487E+00
    501133 -1.087970E-02 -9.326590E-02 -1.874703E+00
    501135 -7.196946E+00  6.195979E-04  5.289641E+00
    600000  8.995204E-09 -1.872095E-10  4.275643E-09
    600006 -2.016857E-09  8.518131E-09 -1.078643E-08
    600204  3.683337E-06 -2.533209E-05 -1.466702E-05
    600205  6.875031E-05  4.065490E-05  2.509881E-05
    600765  1.441263E-01  1.528792E-01  2.233293E-02
    600766  2.672049E-02 -1.304808E-01 -1.286211E-01
    600981  1.178445E-02 -7.426577E-01 -6.032198E-02
    601130  4.418777E-05  2.830288E-02 -6.662593E-03
    601136 -4.845533E-02 -1.413770E-03  1.316391E-02
    700001 -1.071958E-08 -3.762829E-09 -1.451919E-08
    700002  7.898620E-09 -6.732875E-07  5.615488E-08
    700004 -1.201164E-08  8.590188E-07  7.359464E-07
    700201 -2.938829E-05  1.398331E-05  1.190676E-06
    700208  3.674791E-06 -3.286346E-05 -6.902903E-05
    700762  1.431577E-03 -1.465865E-02  9.453297E-03
    700769  5.436990E+01 -3.755808E+00 -2.305742E+01
    700982 -7.639500E-02 -5.446244E+00 -2.494462E+00
    701131  7.998702E-03  8.412993E-01  2.739740E+00
    701133  1.047174E-02 -9.335684E-02  1.751089E+00
    701135  6.722641E+00  6.201569E-04 -4.941033E+00
    800000  1.113291E-08 -1.885140E-10  5.290123E-09
    800006 -3.281015E-09  8.511927E-09 -1.698425E-08
    800204  1.483306E-06 -2.533391E-05 -6.330136E-06
    800205  2.083781E-04  4.065375E-05 -6.035610E-05
    800765 -1.126511E-01  1.528798E-01 -2.873546E-02
    800766 -3.408310E-02 -1.304745E-01  1.340543E-01
    800981 -1.350377E-02 -7.427045E-01  7.895385E-02
    801130 -1.403275E-05  2.830508E-02  1.827166E-03
    801136  2.227117E-02 -1.413874E-03 -6.050739E-03

                    E I G E N V A L U E    N U M B E R    57


 forces (fx,fy,fz) for set NSUPP and time  0.2000000E+01

     90000 -1.164700E-10 -1.697256E-10 -1.877446E-10
     90002 -1.503687E-11 -8.069400E-12 -3.648669E-11
     90004  1.799821E-10  2.440433E-11 -1.660281E-10
     90006 -1.679538E-11 -2.599583E-11  2.610712E-11
    100001 -1.386375E-03 -5.114905E-05 -1.688796E-03
    100002  6.582490E-05 -1.039276E-02  1.249010E-03
    100004 -5.504856E-05  1.284820E-02  1.171762E-02
    100201 -8.760152E-03  4.352254E-02  1.894959E-02
    100208 -1.336953E-02 -8.401236E-02 -1.693455E-01
    100762 -1.069132E-02  4.970002E-02  1.277962E-01
    100769 -4.930819E-02 -2.818729E-02  8.465989E-03
    100982  1.462553E-05  1.264206E-03  6.769214E-04
    101131 -9.881720E-07 -1.190047E-04 -3.094117E-04
    101133 -1.092559E-06  1.315817E-05 -1.981183E-04
    101135 -7.604671E-04 -8.716921E-08  5.589315E-04
    200000  7.514217E-05 -2.383823E-06  3.571016E-05
    200006 -9.744264E-06  1.012115E-04 -5.773637E-05
    200204 -4.301137E-03 -8.396134E-02  1.631691E-02
    200205  1.725160E-01  1.360908E-01 -1.271380E-01
    200765  1.671543E-01 -1.334252E-01  1.308205E-01
    200766 -3.455733E-03  8.555304E-02 -1.798632E-02
    200981  1.560495E-06  1.843021E-04  3.757807E-06
    201130  7.057787E-08 -3.865439E-06  1.644276E-05
    201136  8.029267E-05  1.947395E-07 -2.181352E-05
    300001  1.418361E-03 -5.116696E-05  1.724938E-03
    300002 -5.769303E-05 -1.045249E-02 -1.231971E-03
    300004  3.094452E-05  1.303096E-02 -1.190172E-02
    300201  1.606851E-02  4.328315E-02 -1.903723E-02
    300208  1.274442E-02 -8.551577E-02  1.663032E-01
    300762  1.049075E-02  5.094487E-02 -1.247552E-01
    300769  5.422967E-02 -2.801294E-02 -8.083492E-03
    300982 -2.266800E-05  1.282801E-03 -4.901057E-04
    301131  1.284641E-06 -1.186235E-04  4.768676E-04
    301133  1.896680E-06  1.306588E-05  3.045596E-04
    301135  1.169251E-03 -8.669405E-08 -8.593802E-04
    400000  1.286374E-04 -2.383988E-06  6.113267E-05
    400006  2.642984E-06  1.012263E-04 -8.972017E-06
    400204  4.026029E-03 -8.396358E-02 -1.541812E-02
    400205 -4.682369E-01  1.360882E-01  2.397649E-01
    400765 -4.721570E-01 -1.334214E-01 -2.484760E-01
    400766  3.314290E-03  8.555563E-02  1.743223E-02
    400981 -5.229313E-06  1.842934E-04  4.239705E-05
    401130  6.191481E-08 -3.865918E-06  1.699372E-05
    401136  8.636881E-05  1.947419E-07 -2.346426E-05
    500001  1.382393E-03 -5.182523E-05  1.684052E-03
    500002 -6.601112E-05 -1.038129E-02 -1.252478E-03
    500004  5.611056E-05  1.283798E-02 -1.170554E-02
    500201  8.557370E-03  4.326544E-02 -1.872273E-02
    500208  1.444136E-02 -8.320027E-02  1.655117E-01
    500762  1.162401E-02  4.899460E-02 -1.244448E-01
    500769  4.919404E-02 -2.802140E-02 -8.682576E-03
    500982 -1.523944E-05  1.261618E-03 -6.701583E-04
    501131  9.918861E-07 -1.190703E-04  3.096754E-04
    501133  1.087838E-06  1.315657E-05  1.983274E-04
    501135  7.612573E-04 -8.729936E-08 -5.595123E-04
    600000 -8.011040E-05 -2.392489E-06 -3.807155E-05
    600006  9.869324E-06  1.018245E-04  5.939156E-05
    600204  4.642162E-03 -8.750126E-02 -1.762572E-02
    600205 -1.956281E-01  1.422930E-01  1.409211E-01
    600765 -1.886586E-01 -1.392537E-01 -1.445980E-01
    600766  3.740974E-03  8.907256E-02  1.948035E-02
    600981 -1.658068E-06  1.868732E-04 -2.954879E-06
    601130 -7.234396E-08 -3.868863E-06 -1.644370E-05
    601136 -8.025353E-05  1.948674E-07  2.180291E-05
    700001 -1.419834E-03 -5.183944E-05 -1.726722E-03
    700002  5.762226E-05 -1.044855E-02  1.237194E-03
    700004 -3.139175E-05  1.302453E-02  1.189614E-02
    700201 -1.600585E-02  4.302025E-02  1.881746E-02
    700208 -1.374423E-02 -8.471811E-02 -1.625405E-01
    700762 -1.124203E-02  5.029431E-02  1.216214E-01
    700769 -5.448111E-02 -2.783939E-02  8.292911E-03
    700982  2.323066E-05  1.280129E-03  4.835721E-04
    701131 -1.282188E-06 -1.186901E-04 -4.770924E-04
    701133 -1.893904E-06  1.306126E-05 -3.047105E-04
    701135 -1.169818E-03 -8.683443E-08  8.597971E-04
    800000 -1.269991E-04 -2.392960E-06 -6.035442E-05
    800006 -2.684896E-06  1.018481E-04  8.808046E-06
    800204 -4.332414E-03 -8.750192E-02  1.659575E-02
    800205  4.911420E-01  1.422830E-01 -2.529910E-01
    800765  4.943280E-01 -1.392458E-01  2.612661E-01
    800766 -3.535668E-03  8.907886E-02 -1.857108E-02
    800981  5.357429E-06  1.868709E-04 -4.306899E-05
    801130 -6.377354E-08 -3.869592E-06 -1.700990E-05
    801136 -8.641021E-05  1.948886E-07  2.347553E-05

                    E I G E N V A L U E    N U M B E R    58


 forces (fx,fy,fz) for set NSUPP and time  0.2000000E+01

     90000 -1.772321E-10  1.726656E-10 -3.245623E-10
     90002 -1.314626E-10 -3.091594E-10  2.222436E-10
     90004  1.580030E-10  1.074085E-11 -3.266968E-10
     90006  6.132013E-10  1.465856E-10 -4.840305E-10
    100001  4.770727E-04 -6.651693E-07  5.718789E-04
    100002  1.892968E-05  2.120726E-04 -1.661601E-04
    100004 -4.695678E-05 -1.270824E-04 -3.666675E-04
    100201 -1.030208E-01 -4.106522E-03  2.839885E-03
    100208  6.172234E-02 -2.098424E-02 -7.055622E-02
    100762 -5.321216E-02 -2.005116E-02 -6.363052E-02
    100769  1.064781E-01 -2.959496E-03  2.118380E-03
    100982  1.624267E-05 -5.257506E-05 -2.649155E-04
    101131 -3.256192E-07  8.220362E-07 -8.244102E-05
    101133 -1.578122E-07 -1.113327E-07 -5.478139E-05
    101135 -2.101671E-04  6.701938E-10  1.544701E-04
    200000  8.928004E-05 -3.001697E-08  4.242873E-05
    200006 -1.459197E-05  1.222069E-06 -8.239618E-05
    200204  2.106546E-02 -2.790594E-04 -8.538783E-02
    200205  3.066837E-01  5.071292E-04  1.793869E-01
    200765 -2.973080E-01  2.630840E-04  2.134712E-01
    200766 -1.715570E-02 -1.408909E-04 -9.405656E-02
    200981  6.531573E-06 -1.380220E-06 -6.253956E-05
    201130 -1.938498E-08  1.953799E-08 -7.083380E-06
    201136 -3.782395E-05 -9.788014E-10  1.027583E-05
    300001  5.140082E-04 -6.806199E-07  6.168263E-04
    300002  1.733185E-05 -4.865562E-04 -1.987220E-04
    300004 -4.591470E-05  4.678401E-04 -6.782941E-04
    300201 -1.043033E-01  3.899060E-03  2.334602E-03
    300208  6.186206E-02  2.159254E-02 -7.228792E-02
    300762 -5.329108E-02  2.051576E-02 -6.514774E-02
    300769  1.065607E-01  2.702553E-03  2.210597E-03
    300982  1.648519E-05  3.962812E-05 -2.599677E-04
    301131 -3.370543E-07  3.666045E-07 -8.635822E-05
    301133 -1.725284E-07 -1.956247E-08 -5.728759E-05
    301135 -2.197878E-04  1.948073E-10  1.615412E-04
    400000  9.033156E-05 -2.997523E-08  4.292845E-05
    400006 -1.445830E-05  1.252898E-06 -8.194004E-05
    400204  2.112968E-02 -2.631540E-04 -8.564374E-02
    400205  2.985747E-01  4.875293E-04  1.834647E-01
    400765 -2.908864E-01  2.437747E-04  2.166703E-01
    400766 -1.719099E-02 -1.233920E-04 -9.425297E-02
    400981  6.590905E-06 -1.324836E-06 -6.298844E-05
    401130 -1.937221E-08  1.984175E-08 -7.098160E-06
    401136 -3.792179E-05 -9.787864E-10  1.030241E-05
    500001  4.896786E-04 -6.821253E-07  5.876763E-04
    500002  1.633710E-05 -4.673741E-04 -1.901836E-04
    500004 -4.331758E-05  4.482693E-04 -6.488782E-04
    500201 -9.735112E-02  3.623686E-03  2.157808E-03
    500208  5.784250E-02  2.036998E-02 -6.784110E-02
    500762 -4.984682E-02  1.939825E-02 -6.119253E-02
    500769  9.940962E-02  2.511798E-03  2.072662E-03
    500982  1.546992E-05  3.679387E-05 -2.435200E-04
    501131 -3.161288E-07  3.715659E-07 -8.079630E-05
    501133 -1.594643E-07 -2.230533E-08 -5.361232E-05
    501135 -2.056833E-04  2.090211E-10  1.511746E-04
    600000  8.552855E-05 -2.686344E-08  4.064590E-05
    600006 -1.365293E-05  1.042242E-06 -7.737415E-05
    600204  1.976593E-02 -9.112570E-04 -8.012043E-02
    600205  2.751664E-01  1.610224E-03  1.730635E-01
    600765 -2.664454E-01  1.653560E-03  2.049062E-01
    600766 -1.609594E-02 -9.718221E-04 -8.825203E-02
    600981  6.194984E-06 -1.544302E-06 -5.905990E-05
    601130 -1.779563E-08  1.526832E-08 -6.566764E-06
    601136 -3.511975E-05 -8.680271E-10  9.541171E-06
    700001  4.531295E-04 -6.686810E-07  5.432151E-04
    700002  1.785785E-05  1.957937E-04 -1.580398E-04
    700004 -4.419332E-05 -1.113719E-04 -3.392522E-04
    700201 -9.600320E-02 -3.842974E-03  2.659258E-03
    700208  5.744414E-02 -1.965508E-02 -6.538226E-02
    700762 -4.948697E-02 -1.880946E-02 -5.881704E-02
    700769  9.928056E-02 -2.774327E-03  1.964741E-03
    700982  1.518593E-05 -5.001196E-05 -2.481398E-04
    701131 -3.060177E-07  7.963200E-07 -7.689361E-05
    701133 -1.432033E-07 -1.080137E-07 -5.113182E-05
    701135 -1.961603E-04  6.527410E-10  1.441753E-04
    800000  8.326964E-05 -2.691348E-08  3.957239E-05
    800006 -1.373511E-05  1.013450E-06 -7.736681E-05
    800204  1.958426E-02 -9.261584E-04 -7.941139E-02
    800205  2.903932E-01  1.628418E-03  1.645361E-01
    800765 -2.821303E-01  1.671507E-03  1.957736E-01
    800766 -1.594016E-02 -9.882796E-04 -8.742470E-02
    800981  6.126443E-06 -1.596316E-06 -5.851009E-05
    801130 -1.765152E-08  1.498980E-08 -6.537196E-06
    801136 -3.498340E-05 -8.625059E-10  9.504121E-06

                    E I G E N V A L U E    N U M B E R    59


 forces (fx,fy,fz) for set NSUPP and time  0.2000000E+01

     90000 -8.601922E-11 -1.076519E-11 -3.221114E-11
     90002  4.554092E-11 -1.220985E-10  1.478122E-10
     90004  3.757775E-10  5.021160E-11 -4.755838E-10
     90006  6.760028E-10  1.061099E-10 -5.244737E-10
    100001  1.315642E-03  5.553833E-05  1.607107E-03
    100002 -8.126785E-05  1.113731E-02 -1.298434E-03
    100004  8.608004E-05 -1.377026E-02 -1.246830E-02
    100201  5.041009E-02  4.153860E-03 -2.452631E-02
    100208 -5.373075E-02  1.155847E-02  3.986247E-02
    100762  4.636072E-02  1.302666E-02  3.723066E-02
    100769 -9.789024E-02  5.410099E-03 -6.625693E-04
    100982 -1.236317E-05  2.197626E-04  3.227519E-04
    101131  1.816369E-07 -1.554080E-05  3.466354E-05
    101133 -1.672949E-08  1.744982E-06  2.417579E-05
    101135  9.268275E-05 -1.147845E-08 -6.812096E-05
    200000 -5.404176E-05  2.536430E-06 -2.568267E-05
    200006  1.890800E-05 -1.062310E-04  9.685366E-05
    200204 -1.787749E-02  1.590012E-02  7.266655E-02
    200205 -4.043356E-01 -2.822660E-02 -9.644684E-02
    200765  4.002496E-01 -2.765319E-02 -1.241317E-01
    200766  1.460523E-02  1.622227E-02  8.021567E-02
    200981 -5.490592E-06  4.145216E-05  5.492454E-05
    201130  2.420284E-08 -4.415378E-07  8.259347E-06
    201136  4.365012E-05  2.378612E-08 -1.185866E-05
    300001 -1.731259E-03  5.557945E-05 -2.101077E-03
    300002  5.188759E-05  1.150748E-02  1.392795E-03
    300004 -4.138655E-06 -1.435240E-02  1.321253E-02
    300201  1.402487E-01 -3.260396E-03  1.944235E-02
    300208 -6.054696E-02 -2.770490E-02  9.254292E-02
    300762  5.227789E-02 -2.449249E-02  8.223064E-02
    300769 -9.916285E-02  1.801710E-04 -3.306438E-03
    300982 -1.958084E-05  1.337403E-04  1.966619E-04
    301131  4.599238E-07 -1.508501E-05  1.362238E-04
    301133  3.882391E-07  1.652036E-06  8.890554E-05
    301135  3.411846E-04 -1.099562E-08 -2.507657E-04
    400000 -1.285013E-04  2.536577E-06 -6.106808E-05
    400006  6.497657E-06 -1.062653E-04  5.140756E-05
    400204 -2.114417E-02  1.588663E-02  8.548895E-02
    400205 -1.046295E-01 -2.820885E-02 -2.590215E-01
    400765  1.066247E-01 -2.763551E-02 -2.891769E-01
    400766  1.720650E-02  1.620738E-02  9.420640E-02
    400981 -7.363976E-06  4.139975E-05  6.948469E-05
    401130  2.640739E-08 -4.418526E-07  8.928098E-06
    401136  4.710428E-05  2.379247E-08 -1.279708E-05
    500001 -1.271266E-03  5.627711E-05 -1.553918E-03
    500002  8.292963E-05  1.109719E-02  1.287506E-03
    500004 -9.098205E-05 -1.373563E-02  1.241379E-02
    500201 -5.813605E-02  4.598052E-03  2.462648E-02
    500208  5.793241E-02  1.297999E-02 -4.338026E-02
    500762 -5.000519E-02  1.445939E-02 -4.045982E-02
    500769  1.058873E-01  5.714331E-03  7.791798E-04
    500982  1.359103E-05  2.225668E-04 -3.424114E-04
    501131 -2.095255E-07 -1.556170E-05 -4.161560E-05
    501133  4.761498E-09  1.748520E-06 -2.880595E-05
    501135 -1.104433E-04 -1.151538E-08  8.117477E-05
    600000  6.577053E-05  2.544502E-06  3.125691E-05
    600006 -2.022232E-05 -1.067981E-04 -1.051271E-04
    600204  1.929077E-02  1.798064E-02 -7.844878E-02
    600205  4.390728E-01 -3.184710E-02  1.028005E-01
    600765 -4.334944E-01 -3.096275E-02  1.332943E-01
    600766 -1.577133E-02  1.821247E-02 -8.665515E-02
    600981  6.020013E-06  4.265875E-05 -5.990038E-05
    601130 -2.593108E-08 -4.393223E-07 -8.849264E-06
    601136 -4.682995E-05  2.373950E-08  1.272255E-05
    700001  1.773112E-03  5.631514E-05  2.151287E-03
    700002 -5.032582E-05  1.153235E-02 -1.413226E-03
    700004  7.791923E-07 -1.437073E-02 -1.325025E-02
    700201 -1.482028E-01 -3.423288E-03 -1.915399E-02
    700208  6.575863E-02 -2.985570E-02 -9.990126E-02
    700762 -5.674039E-02 -2.655195E-02 -8.870774E-02
    700769  1.073591E-01  4.839838E-05  3.516883E-03
    700982  2.109738E-05  1.285327E-04 -2.216044E-04
    701131 -4.872750E-07 -1.506940E-05 -1.432356E-04
    701133 -4.002196E-07  1.647607E-06 -9.356937E-05
    701135 -3.590728E-04 -1.099404E-08  2.639133E-04
    800000  1.350182E-04  2.544956E-06  6.416547E-05
    800006 -7.656631E-06 -1.068441E-04 -5.813497E-05
    800204  2.292766E-02  1.796683E-02 -9.270194E-02
    800205  1.134489E-01 -3.182780E-02  2.806876E-01
    800765 -1.160369E-01 -3.094420E-02  3.129846E-01
    800766 -1.865414E-02  1.819814E-02 -1.021345E-01
    800981  7.980582E-06  4.260319E-05 -7.514467E-05
    801130 -2.823809E-08 -4.396889E-07 -9.527212E-06
    801136 -5.031237E-05  2.374134E-08  1.366864E-05

                    E I G E N V A L U E    N U M B E R    60


 forces (fx,fy,fz) for set NSUPP and time  0.2000000E+01

     90000  1.777459E-10 -1.437137E-11  1.893880E-10
     90002  1.154141E-10  1.945286E-11  8.033082E-11
     90004  6.802587E-11  1.137808E-10  9.324133E-11
     90006 -6.408060E-14 -5.012888E-11 -1.921349E-11
    100001  2.668301E+00  8.175271E-02  3.243969E+00
    100002 -9.542473E-02  1.690899E+01 -2.190035E+00
    100004  6.565794E-02 -2.070548E+01 -1.907485E+01
    100201 -6.043220E+01 -4.661906E+00 -3.330740E+01
    100208 -1.192316E-03 -2.907267E-02  3.583233E-03
    100762 -3.944380E-05  2.542584E-05  6.133591E-05
    100769  3.450259E-05 -2.323211E-05  5.599919E-06
    100982  1.636747E-08  5.534282E-07  1.636571E-07
    101131 -5.582287E-10 -4.961882E-08 -1.597850E-07
    101133 -4.797748E-10  5.458226E-09 -1.034000E-07
    101135 -3.968142E-07 -3.590485E-11  2.916542E-07
    200000  3.451343E-02  3.912398E-03  1.640144E-02
    200006  8.860054E-03 -1.686970E-01  3.578468E-02
    200204  4.814259E-02 -1.140088E-01 -1.553463E-01
    200205 -4.950985E-01  1.389845E-01 -2.816904E-02
    200765 -9.728619E-05 -7.636195E-05  2.018811E-04
    200766 -1.252130E-05  4.988963E-05 -6.801278E-05
    200981  4.512082E-09  7.691472E-08 -3.346007E-08
    201130  3.114480E-11 -1.637306E-09  6.074682E-09
    201136  2.837026E-08  8.227848E-11 -7.708195E-09
    300001 -1.817024E+00  8.179332E-02 -2.215827E+00
    300002  1.042440E-01  1.643049E+01  1.784299E+00
    300004 -7.777153E-02 -2.071783E+01  1.865886E+01
    300201  5.958574E+01 -4.710121E+00  3.279492E+01
    300208  1.391973E-03 -2.879708E-02 -2.134624E-03
    300762 -2.825783E-05  5.172914E-05 -1.415148E-04
    300769  1.032140E-04 -1.954720E-05 -2.612823E-06
    300982 -2.612974E-11  6.251308E-07 -3.932119E-07
    301131  3.865975E-10 -4.964110E-08  1.661915E-07
    301133  7.510132E-10  5.455031E-09  1.050889E-07
    301135  4.035258E-07 -3.610011E-11 -2.965843E-07
    400000 -1.621876E-02  3.912711E-03 -7.707935E-03
    400006 -1.290585E-02 -1.687046E-01 -5.698903E-02
    400204 -5.503467E-02 -1.140056E-01  1.339780E-01
    400205  4.870340E-01  1.389832E-01  3.271312E-02
    400765 -3.752157E-04 -7.637146E-05  3.320541E-05
    400766 -9.355823E-06  4.990170E-05 -5.176063E-05
    400981  1.805309E-09  7.694461E-08 -2.038958E-08
    401130  2.214676E-11 -1.638533E-09  5.833590E-09
    401136  2.871940E-08  8.212135E-11 -7.801917E-09
    500001 -2.665295E+00  8.282242E-02 -3.240419E+00
    500002  9.562584E-02  1.689128E+01  2.196803E+00
    500004 -6.712383E-02 -2.068898E+01  1.905632E+01
    500201  6.029389E+01 -4.650412E+00  3.321671E+01
    500208  1.224642E-03 -2.893611E-02 -3.232929E-03
    500762  4.177097E-05  2.425980E-05 -5.766258E-05
    500769 -3.828571E-05 -2.327318E-05 -5.816968E-06
    500982 -1.729813E-08  5.506472E-07 -1.504451E-07
    501131  5.772736E-10 -4.964860E-08  1.633036E-07
    501133  4.801003E-10  5.459395E-09  1.057586E-07
    501135  4.058599E-07 -3.544797E-11 -2.983004E-07
    600000 -2.922791E-02  3.928915E-03 -1.388905E-02
    600006 -8.985841E-03 -1.698674E-01 -3.768466E-02
    600204 -4.988325E-02 -1.156679E-01  1.479711E-01
    600205  4.893641E-01  1.405685E-01  2.916384E-02
    600765  9.845667E-05 -7.865995E-05 -2.153228E-04
    600766  1.325797E-05  5.128382E-05  7.202454E-05
    600981 -4.826196E-09  7.765669E-08  3.629758E-08
    601130 -3.032050E-11 -1.639357E-09 -5.800732E-09
    601136 -2.686994E-08  8.155485E-11  7.300578E-09
    700001  1.815484E+00  8.285731E-02  2.214014E+00
    700002 -1.042785E-01  1.641967E+01 -1.791204E+00
    700004  7.892259E-02 -2.070299E+01 -1.864313E+01
    700201 -5.944756E+01 -4.698607E+00 -3.270556E+01
    700208 -1.425193E-03 -2.865640E-02  1.811001E-03
    700762  2.985778E-05  5.232294E-05  1.425241E-04
    700769 -1.072732E-04 -1.937747E-05  2.671962E-06
    700982 -3.965086E-10  6.262626E-07  4.020198E-07
    701131 -3.758239E-10 -4.968694E-08 -1.629138E-07
    701133 -7.361418E-10  5.458176E-09 -1.029094E-07
    701135 -3.951556E-07 -3.798162E-11  2.904306E-07
    800000  1.383086E-02  3.929738E-03  6.573669E-03
    800006  1.311334E-02 -1.698895E-01  5.781917E-02
    800204  5.649447E-02 -1.156540E-01 -1.286781E-01
    800205 -4.838975E-01  1.405591E-01 -3.355375E-02
    800765  3.940383E-04 -7.866697E-05 -3.597882E-05
    800766  9.889176E-06  5.129801E-05  5.474024E-05
    800981 -2.048092E-09  7.768996E-08  2.283510E-08
    801130 -1.989266E-11 -1.641627E-09 -5.541962E-09
    801136 -2.713465E-08  8.056601E-11  7.373851E-09

                    E I G E N V A L U E    N U M B E R    61


 forces (fx,fy,fz) for set NSUPP and time  0.2000000E+01

     90000 -1.723504E-11 -1.412678E-10  7.622733E-11
     90002  3.079409E-10  1.374693E-10  1.602374E-10
     90004  1.405262E-10 -4.334532E-11 -2.017850E-10
     90006  7.520236E-11  5.100496E-11  1.740631E-12
    100001  2.052501E-04 -8.347603E-08  2.448686E-04
    100002  1.165282E-05  1.487946E-04 -5.783563E-05
    100004 -3.159102E-05 -1.931786E-04 -2.821591E-04
    100201 -1.046905E-01 -4.555273E-03  2.764088E-03
    100208  5.934051E-02 -2.097983E-02 -6.232359E-02
    100762  4.999529E-02  2.106709E-02  5.792960E-02
    100769 -1.054349E-01  2.604429E-03 -2.158421E-03
    100982 -2.145678E-05  9.261544E-05  3.380881E-04
    101131  1.917229E-07 -7.638434E-07  3.558218E-05
    101133 -4.244379E-09  9.029751E-08  2.435713E-05
    101135  9.337088E-05 -5.740828E-10 -6.862667E-05
    200000 -3.601087E-05 -4.347362E-09 -1.711345E-05
    200006 -9.966827E-06  1.675875E-07 -4.041001E-05
    200204  2.051019E-02  9.433781E-04 -8.301196E-02
    200205  8.606101E-01 -1.515696E-03 -4.640400E-02
    200765  8.157129E-01 -1.513869E-03  6.332975E-03
    200766  1.634138E-02  9.507804E-04  8.944117E-02
    200981 -8.462985E-06  2.329041E-06  7.808443E-05
    201130 -1.433107E-08 -2.179389E-08 -2.993577E-06
    201136 -1.407094E-05  1.060723E-09  3.822732E-06
    300001  2.106011E-04 -1.107312E-07  2.513802E-04
    300002  1.142154E-05 -1.885706E-04 -6.254742E-05
    300004 -3.144529E-05  2.427224E-04 -3.273403E-04
    300201 -1.060388E-01  3.545791E-03  2.671640E-03
    300208  5.906776E-02  2.313358E-02 -6.666512E-02
    300762  5.026393E-02 -2.043432E-02  5.664244E-02
    300769 -1.046147E-01 -2.962817E-03 -2.339320E-03
    300982 -2.187466E-05 -7.250040E-05  3.310006E-04
    301131  2.037753E-07 -5.376850E-07  3.972345E-05
    301133  1.088921E-08  5.086892E-08  2.700853E-05
    301135  1.035474E-04 -3.623963E-10 -7.610622E-05
    400000 -3.567705E-05 -4.313565E-09 -1.695481E-05
    400006 -9.948460E-06  1.888014E-07 -4.037407E-05
    400204  2.042174E-02  9.564360E-04 -8.268129E-02
    400205  8.659806E-01 -1.535316E-03 -4.974131E-02
    400765  8.040973E-01 -1.495346E-03 -1.266942E-05
    400766  1.643559E-02  9.367412E-04  8.994066E-02
    400981 -8.569706E-06  2.261485E-06  7.893623E-05
    401130 -1.429951E-08 -2.197160E-08 -2.949655E-06
    401136 -1.380891E-05  1.067373E-09  3.751545E-06
    500001  2.045007E-04 -1.069107E-07  2.441379E-04
    500002  1.096148E-05 -1.820406E-04 -6.124768E-05
    500004 -3.015248E-05  2.318246E-04 -3.148243E-04
    500201 -1.001625E-01  3.314755E-03  2.515427E-03
    500208  5.584286E-02  2.209187E-02 -6.329940E-02
    500762  4.763146E-02 -1.953745E-02  5.386084E-02
    500769 -9.884593E-02 -2.807603E-03 -2.239020E-03
    500982 -2.067431E-05 -6.892644E-05  3.118391E-04
    501131  1.852672E-07 -5.472039E-07  3.501724E-05
    501133  1.915649E-09  5.332916E-08  2.388183E-05
    501135  9.155223E-05 -3.743803E-10 -6.728996E-05
    600000 -3.219759E-05 -2.103858E-09 -1.530126E-05
    600006 -9.539671E-06  3.999736E-08 -3.902151E-05
    600204  1.931989E-02  2.614247E-04 -7.822642E-02
    600205  8.223222E-01 -3.370553E-04 -4.843954E-02
    600765  7.624599E-01 -3.377788E-03  5.075535E-05
    600766  1.559716E-02  2.073925E-03  8.533945E-02
    600981 -8.109574E-06  1.909946E-06  7.432039E-05
    601130 -1.538032E-08 -2.039723E-08 -3.358806E-06
    601136 -1.600177E-05  1.025671E-09  4.347292E-06
    700001  1.993828E-04 -8.163748E-08  2.379218E-04
    700002  1.113916E-05  1.440440E-04 -5.687433E-05
    700004 -3.017234E-05 -1.846937E-04 -2.707618E-04
    700201 -9.874526E-02 -4.331462E-03  2.605323E-03
    700208  5.585015E-02 -1.984392E-02 -5.823017E-02
    700762  4.698276E-02  2.000646E-02  5.398976E-02
    700769 -9.962953E-02  2.455692E-03 -2.014684E-03
    700982 -2.028196E-05  8.875201E-05  3.195362E-04
    701131  1.737423E-07 -7.475315E-07  3.087938E-05
    701133 -1.379487E-08  8.764341E-08  2.123882E-05
    701135  8.140766E-05 -5.609480E-10 -5.983387E-05
    800000 -3.298326E-05 -2.137670E-09 -1.567463E-05
    800006 -9.520532E-06  1.973454E-08 -3.879083E-05
    800204  1.928312E-02  2.491277E-04 -7.807583E-02
    800205  8.243093E-01 -3.185373E-04 -4.974890E-02
    800765  7.864260E-01 -3.395076E-03  1.428784E-02
    800766  1.534145E-02  2.087419E-03  8.400917E-02
    800981 -8.024301E-06  1.973970E-06  7.377481E-05
    801130 -1.523448E-08 -2.023652E-08 -3.332964E-06
    801136 -1.588320E-05  1.022427E-09  4.315074E-06

                    E I G E N V A L U E    N U M B E R    62


 forces (fx,fy,fz) for set NSUPP and time  0.2000000E+01

     90000  2.866640E-11 -4.424667E-10  2.757528E-10
     90002  9.261223E-10  2.126336E-10  5.013264E-10
     90004  3.091389E-11 -2.720319E-10 -3.119380E-10
     90006  1.976580E-10  1.779189E-10  4.024660E-11
    100001  7.299781E-04  1.512512E-05  8.850310E-04
    100002 -1.368917E-05  3.282336E-03 -5.107994E-04
    100004  3.686001E-06 -3.907740E-03 -3.690965E-03
    100201 -5.569252E-02  3.885156E-02 -8.446467E-03
    100208 -1.796026E-02 -8.253452E-02 -1.537595E-01
    100762  1.597508E-02 -4.659245E-02 -1.096511E-01
    100769  3.835494E-02  2.741272E-02 -7.071321E-03
    100982 -8.722066E-06 -7.344923E-04 -4.098815E-04
    101131  8.862730E-08  4.892842E-05  4.241398E-05
    101133  2.570877E-07 -5.349742E-06  2.541377E-05
    101135  9.762097E-05  3.540681E-08 -7.174943E-05
    200000  8.354636E-05  7.927352E-07  3.970381E-05
    200006 -8.303461E-07 -3.581411E-05 -1.747486E-05
    200204 -6.225152E-03 -1.016313E-01  2.376607E-02
    200205  4.667673E-01  1.662860E-01 -2.702037E-01
    200765 -3.943993E-01  1.595045E-01 -2.585770E-01
    200766  5.514602E-03 -1.013135E-01  2.866732E-02
    200981 -9.128616E-07 -1.274831E-04 -6.647284E-06
    201130 -6.884694E-08  1.578894E-06 -2.042084E-05
    201136 -1.050057E-04 -7.815489E-08  2.852753E-05
    300001 -1.019714E-04  1.514215E-05 -1.280437E-04
    300002  2.480268E-05  2.904453E-03  2.308207E-04
    300004 -2.686764E-05 -3.806221E-03  3.282655E-03
    300201  6.376236E-02  3.851010E-02  7.913984E-03
    300208  1.477801E-02 -8.401251E-02  1.555270E-01
    300762 -1.036692E-02 -4.923354E-02  1.141790E-01
    300769 -5.266109E-02  2.699725E-02  6.402811E-03
    300982  1.703040E-05 -7.577896E-04  2.167553E-04
    301131 -7.976713E-07  4.835208E-05 -2.678325E-04
    301133 -9.007068E-07 -5.226592E-06 -1.729666E-04
    301135 -6.638175E-04  3.476744E-08  4.878956E-04
    400000  9.617474E-05  7.928172E-07  4.570526E-05
    400006 -6.172572E-06 -3.580872E-05 -4.435686E-05
    400204  5.123500E-03 -1.016350E-01 -1.958015E-02
    400205 -4.809127E-01  1.662841E-01  2.606313E-01
    400765  5.295946E-01  1.595018E-01  2.766105E-01
    400766 -3.642017E-03 -1.013180E-01 -1.875379E-02
    400981  4.558611E-06 -1.274726E-04 -4.132274E-05
    401130 -6.387098E-08  1.579266E-06 -2.068541E-05
    401136 -1.081655E-04 -7.816008E-08  2.938599E-05
    500001 -7.247035E-04  1.531043E-05 -8.787244E-04
    500002  1.392405E-05  3.273199E-03  5.103471E-04
    500004 -4.506636E-06 -3.897556E-03  3.679090E-03
    500201  5.320288E-02  3.861204E-02  8.798182E-03
    500208  2.128037E-02 -8.094634E-02  1.455794E-01
    500762 -1.677745E-02 -4.591744E-02  1.048146E-01
    500769 -4.059289E-02  2.715451E-02  7.564103E-03
    500982  8.565878E-06 -7.316322E-04  4.134579E-04
    501131 -8.688799E-08  4.896983E-05 -4.235610E-05
    501133 -2.593724E-07 -5.352617E-06 -2.534729E-05
    501135 -9.736744E-05  3.548196E-08  7.156307E-05
    600000 -8.867952E-05  7.937926E-07 -4.214315E-05
    600006  6.272247E-07 -3.589855E-05  1.727285E-05
    600204  7.405862E-03 -1.101961E-01 -2.838667E-02
    600205 -5.030835E-01  1.811287E-01  3.009562E-01
    600765  4.595549E-01  1.730862E-01  2.895020E-01
    600766 -5.816061E-03 -1.095332E-01 -3.006968E-02
    600981  7.484246E-07 -1.258619E-04  8.957993E-06
    601130  6.976720E-08  1.572123E-06  2.059022E-05
    601136  1.059715E-04 -7.804111E-08 -2.878993E-05
    700001  1.057512E-04  1.532710E-05  1.325566E-04
    700002 -2.456140E-05  2.903416E-03 -2.331500E-04
    700004  2.644986E-05 -3.804317E-03 -3.283080E-03
    700201 -6.555254E-02  3.810546E-02 -8.156382E-03
    700208 -1.569712E-02 -8.331792E-02 -1.499576E-01
    700762  1.294352E-02 -4.782118E-02 -1.073231E-01
    700769  5.116672E-02  2.684104E-02 -6.977552E-03
    700982 -1.765045E-05 -7.515036E-04 -2.080621E-04
    701131  7.980521E-07  4.839357E-05  2.682705E-04
    701133  8.994102E-07 -5.227977E-06  1.732612E-04
    701135  6.649404E-04  3.484459E-08 -4.887209E-04
    800000 -9.169419E-05  7.939867E-07 -4.357585E-05
    800006  6.022089E-06 -3.589667E-05  4.280543E-05
    800204 -5.460502E-03 -1.101997E-01  2.079066E-02
    800205  5.495876E-01  1.811198E-01 -2.921260E-01
    800765 -5.630952E-01  1.730799E-01 -3.060945E-01
    800766  4.515855E-03 -1.095436E-01  2.328199E-02
    800981 -4.737016E-06 -1.258552E-04  4.184141E-05
    801130  6.339617E-08  1.572599E-06  2.028197E-05
    801136  1.060320E-04 -7.805050E-08 -2.880636E-05

                    E I G E N V A L U E    N U M B E R    63


 forces (fx,fy,fz) for set NSUPP and time  0.2000000E+01

     90000 -5.746021E-11  7.422527E-11 -1.317614E-10
     90002 -5.110809E-10 -1.590819E-10 -2.688966E-10
     90004 -1.281960E-10  1.164498E-10  2.725054E-10
     90006  2.349348E-11 -5.166733E-11 -6.758050E-11
    100001  2.869828E-04  1.690034E-06  3.443004E-04
    100002  8.895017E-06  5.311901E-04 -1.200211E-04
    100004 -2.783545E-05 -6.480998E-04 -6.917823E-04
    100201 -9.436223E-02 -6.986197E-03  1.453343E-03
    100208  5.276566E-02 -1.299916E-02 -3.924616E-02
    100762  4.463717E-02  1.442080E-02  3.713407E-02
    100769 -9.652534E-02  4.651699E-03 -1.181468E-03
    100982 -1.980168E-05  1.724912E-04  3.682958E-04
    101131  1.878342E-07 -5.733180E-06  3.106115E-05
    101133 -3.890862E-08  6.315808E-07  2.171362E-05
    101135  8.320869E-05 -4.158979E-09 -6.115771E-05
    200000 -2.802113E-05  1.612191E-07 -1.331649E-05
    200006 -8.965554E-06 -9.001022E-06 -3.705459E-05
    200204  1.782735E-02 -1.454731E-02 -7.230456E-02
    200205  7.355898E-01  2.566132E-02 -3.532033E-02
    200765  6.858433E-01 -2.632786E-02 -4.700544E-03
    200766  1.425526E-02  1.559591E-02  7.814896E-02
    200981 -8.001935E-06  3.216224E-05  7.537693E-05
    201130 -5.930726E-09 -1.871443E-07 -2.548108E-07
    201136  2.626541E-07  9.103038E-09 -7.136052E-08
    300001  1.945200E-04  1.665965E-06  2.312971E-04
    300002  1.466443E-05  1.580254E-04 -3.240640E-05
    300004 -3.559605E-05 -2.172226E-04  5.403250E-05
    300201 -9.921780E-02  4.784347E-04  3.654708E-03
    300208  5.891555E-02  2.723884E-02 -8.565971E-02
    300762  5.016613E-02 -2.347599E-02  7.393545E-02
    300769 -9.805174E-02 -5.173144E-04 -3.079519E-03
    300982 -2.501956E-05  7.093388E-06  3.309140E-04
    301131  2.908860E-07 -5.446186E-06  6.656480E-05
    301133  9.100532E-08  5.801264E-07  4.444023E-05
    301135  1.704364E-04 -3.886685E-09 -1.252687E-04
    400000 -2.156058E-06  1.612803E-07 -1.024574E-06
    400006 -1.098660E-05 -8.980412E-06 -5.067191E-05
    400204  2.072900E-02 -1.453616E-02 -8.371323E-02
    400205  4.889797E-01  2.564311E-02  1.024641E-01
    400765  4.389208E-01 -2.631048E-02 -1.478715E-01
    400766  1.668223E-02  1.558383E-02  9.109481E-02
    400981 -9.629608E-06  3.209409E-05  8.936846E-05
    401130 -5.439925E-09 -1.873335E-07  2.024906E-07
    401136  2.934231E-06  9.104454E-09 -7.971666E-07
    500001 -3.037592E-04  1.702375E-06 -3.643166E-04
    500002 -9.832587E-06  5.428327E-04  1.248979E-04
    500004  3.037424E-05 -6.634912E-04  7.140383E-04
    500201  1.017096E-01 -7.411783E-03 -1.600392E-03
    500208 -5.642649E-02 -1.435553E-02  4.168288E-02
    500762 -4.769448E-02  1.572463E-02 -3.923759E-02
    500769  1.039463E-01  4.937491E-03  1.245363E-03
    500982  2.161896E-05  1.776799E-04 -3.956786E-04
    501131 -2.047808E-07 -5.733540E-06 -3.403242E-05
    501133  4.095881E-08  6.320463E-07 -2.376173E-05
    501135 -9.105706E-05 -4.170955E-09  6.692619E-05
    600000  2.900380E-05  1.625145E-07  1.378351E-05
    600006  9.776210E-06 -9.099289E-06  4.061083E-05
    600204 -1.906033E-02 -1.726410E-02  7.735260E-02
    600205 -8.121223E-01  3.036346E-02  4.796020E-02
    600765 -7.577623E-01 -3.070662E-02 -4.907915E-03
    600766 -1.523421E-02  1.823810E-02 -8.358542E-02
    600981  8.749732E-06  3.200399E-05 -8.233054E-05
    601130  6.846410E-09 -1.856709E-07  4.053910E-07
    601136  3.518848E-07  9.055722E-09 -9.559557E-08
    700001 -2.119186E-04  1.676470E-06 -2.520563E-04
    700002 -1.561915E-05  1.418922E-04  3.734600E-05
    700004  3.827985E-05 -1.963312E-04 -2.588662E-05
    700201  1.070013E-01  6.361225E-04 -3.901148E-03
    700208 -6.381740E-02  2.937069E-02  9.254544E-02
    700762 -5.424684E-02 -2.548119E-02 -7.988842E-02
    700769  1.055775E-01 -6.319980E-04  3.339377E-03
    700982  2.690704E-05 -2.283314E-06 -3.614167E-04
    701131 -3.074544E-07 -5.428712E-06 -6.950152E-05
    701133 -8.888364E-08  5.774282E-07 -4.646317E-05
    701135 -1.781878E-04 -3.875529E-09  1.309659E-04
    800000  5.641882E-06  1.626050E-07  2.681160E-06
    800006  1.183602E-05 -9.077740E-06  5.398210E-05
    800204 -2.244126E-02 -1.725296E-02  9.061847E-02
    800205 -5.333261E-01  3.034391E-02 -1.091284E-01
    800765 -4.805408E-01 -3.068851E-02  1.571695E-01
    800766 -1.803826E-02  1.822693E-02 -9.846781E-02
    800981  1.039406E-05  3.193146E-05 -9.599445E-05
    801130  6.813384E-09 -1.858889E-07  1.220867E-07
    801136 -1.389074E-06  9.072038E-09  3.773814E-07

                    E I G E N V A L U E    N U M B E R    64


 forces (fx,fy,fz) for set NSUPP and time  0.2000000E+01

     90000  2.372940E-10  6.967689E-10 -3.458352E-10
     90002  1.615090E-10 -3.579911E-10  6.711841E-10
     90004 -2.787751E-10 -4.560206E-10 -5.074864E-11
     90006 -3.647906E-10 -2.917381E-11  3.281678E-10
    100001 -2.432326E-08 -4.459667E-10 -2.952979E-08
    100002  5.043055E-10 -1.033501E-07  1.714260E-08
    100004 -4.255841E-10  1.206964E-07  1.142290E-07
    100201  5.019927E-07 -1.488677E-06  3.248401E-07
    100208  1.418100E-06  2.709656E-06  4.884984E-06
    100762  1.383938E-03  2.921437E-03 -1.210127E-02
    100769  5.821232E-02 -1.262656E-01  4.167028E-01
    100982 -3.808075E-02 -1.612451E-01  5.766967E-01
    101131 -1.384472E-04  2.318861E-03 -3.712259E-02
    101133 -7.316775E-05 -2.133467E-04 -2.464536E-02
    101135 -9.453583E-02  1.490732E-06  6.948258E-02
    200000 -4.793586E-09 -2.240766E-11 -2.277839E-09
    200006 -7.906436E-11  1.218620E-09  4.298795E-10
    200204  5.069043E-07  4.213517E-06 -1.991982E-06
    200205  1.564363E-05 -6.924113E-06  9.898040E-07
    200765 -8.532963E-01  1.389710E-01 -5.302043E-02
    200766 -6.344651E-02 -1.307134E-01  5.211777E-01
    200981 -1.659268E-02 -6.151111E-01  1.929017E-01
    201130  3.170723E-05  2.544527E-04  1.109485E-02
    201136  5.864233E-02 -7.694130E-06 -1.593174E-02
    300001  1.758836E-09 -4.846683E-10  2.349569E-09
    300002 -7.074292E-10 -9.090043E-08 -6.305559E-09
    300004  6.179906E-10  1.219956E-07 -1.041052E-07
    300201 -3.778491E-06 -1.364717E-06 -2.424681E-07
    300208  3.781294E-08  3.422594E-06 -6.035001E-06
    300762 -1.403812E-03  2.939162E-03  1.238422E-02
    300769 -3.631532E-02 -1.295702E-01 -4.327276E-01
    300982  3.824355E-02 -1.832974E-01 -6.003445E-01
    301131 -2.373971E-04  2.073446E-03 -4.872774E-02
    301133 -2.672838E-05 -1.676341E-04 -3.297500E-02
    301135 -1.264244E-01  1.250125E-06  9.292055E-02
    400000 -6.165211E-09 -2.717257E-11 -2.927934E-09
    400006  1.161568E-10  1.220103E-09  1.551595E-09
    400204  8.257618E-09  4.213813E-06 -8.942601E-08
    400205  5.692493E-05 -6.924280E-06 -2.217906E-05
    400765  8.640809E-01  1.389751E-01  5.374478E-02
    400766  6.429793E-02 -1.307159E-01 -5.278410E-01
    400981  1.681260E-02 -6.151200E-01 -1.988079E-01
    401130 -6.908100E-05  2.545460E-04 -2.587541E-02
    401136 -1.383088E-01 -7.698188E-06  3.757526E-02
    500001  2.462282E-08 -4.872482E-10  2.986352E-08
    500002 -3.695549E-10 -1.035560E-07 -1.698919E-08
    500004  2.159972E-10  1.216140E-07 -1.156084E-07
    500201 -1.216403E-06 -1.450522E-06 -3.300267E-07
    500208 -1.274604E-06  2.824763E-06 -4.643918E-06
    500762  1.521999E-03 -3.389692E-03 -1.383488E-02
    500769 -7.118526E-01  7.656062E-02  7.922968E-01
    500982 -4.072921E-02  1.063871E-01  6.952560E-01
    501131  1.127317E-04  3.279877E-03  1.217810E-02
    501133 -7.167155E-05 -4.221396E-04  9.114629E-03
    501135  3.487903E-02  2.648542E-06 -2.563602E-02
    600000  4.824427E-09 -2.326051E-11  2.290849E-09
    600006  4.178659E-12  1.125203E-09 -7.507195E-10
    600204 -4.595853E-07  4.830395E-06  1.785046E-06
    600205  1.093956E-05 -7.987589E-06 -1.073006E-05
    600765 -9.449746E-01 -1.464707E-01 -5.752649E-02
    600766 -6.895008E-02  1.380957E-01  5.738834E-01
    600981 -1.782602E-02  6.510233E-01  2.130097E-01
    601130  6.579259E-05 -1.490689E-04  2.451607E-02
    601136  1.309251E-01  6.538005E-07 -3.556929E-02
    700001 -1.542923E-09 -4.009557E-10 -1.937357E-09
    700002  9.668207E-10 -9.019830E-08  6.410027E-09
    700004 -7.598104E-10  1.202984E-07  1.026868E-07
    700201  3.030628E-06 -1.380426E-06  2.736768E-07
    700208  3.851693E-07  3.205144E-06  5.461040E-06
    700762 -1.468502E-03 -3.372086E-03  1.334857E-02
    700769  7.608885E-01  8.489218E-02 -7.990907E-01
    700982  3.998497E-02  9.735920E-02 -6.718149E-01
    701131  9.150402E-05  3.144916E-03  3.537446E-02
    701133  1.315296E-04 -3.967297E-04  2.275384E-02
    701135  8.733149E-02  2.515131E-06 -6.418723E-02
    800000  4.075452E-09 -2.308472E-11  1.937998E-09
    800006 -1.684760E-10  1.127143E-09 -1.424694E-09
    800204  1.468616E-07  4.830668E-06 -5.291833E-07
    800205 -3.775377E-05 -7.987391E-06  1.684005E-05
    800765  9.391572E-01 -1.464904E-01  5.567201E-02
    800766  6.675351E-02  1.381035E-01 -5.659288E-01
    800981  1.764580E-02  6.510409E-01 -2.062280E-01
    801130 -4.131074E-05 -1.491321E-04 -1.511383E-02
    801136 -8.050153E-02  6.639195E-07  2.187038E-02

                    E I G E N V A L U E    N U M B E R    65


 forces (fx,fy,fz) for set NSUPP and time  0.2000000E+01

     90000 -2.441669E-10 -6.954528E-10  3.685965E-11
     90002 -1.293165E-11  1.437599E-11 -2.408421E-10
     90004  4.437232E-10  2.957634E-10 -1.858250E-10
     90006  3.392805E-10  2.013340E-10 -2.534760E-10
    100001  1.436036E-01  2.331246E-04  1.791324E-01
    100002 -1.934345E-02  1.645794E-01 -1.432767E-01
    100004  5.780795E-02 -1.809699E-01  2.535565E-01
    100201 -8.122190E-02 -8.477519E-02  3.107785E-01
    100208 -7.684280E-04  1.713134E-03 -6.603159E-03
    100762 -1.325304E-06  1.599894E-06  3.738700E-06
    100769 -6.419773E-07 -1.156375E-06  5.274051E-07
    100982  5.386520E-10  4.545182E-08  3.053447E-08
    101131  5.335658E-12 -3.211702E-09 -1.001469E-09
    101133 -1.663225E-11  3.462716E-10 -4.445277E-10
    101135 -1.718936E-09 -2.251284E-12  1.261942E-09
    200000 -8.318141E-01  1.964967E-03 -3.953054E-01
    200006  1.764676E-02 -1.343520E-01  2.182596E-01
    200204  5.966378E-02 -7.069537E-02  1.902373E-01
    200205  8.193002E-02  7.646036E-02 -3.428024E-02
    200765 -2.232050E-05 -8.531881E-06  2.116201E-07
    200766 -4.767246E-07  5.375283E-06 -2.500785E-06
    200981 -1.178759E-11 -1.333170E-09  1.871476E-09
    201130  5.467023E-12 -1.082429E-10  1.963123E-09
    201136  1.027362E-08  2.568119E-12 -2.790654E-09
    300001  1.246982E-01  2.469269E-04  1.451689E-01
    300002  2.124996E-02  1.888800E-02  1.201867E-02
    300004 -5.920957E-02 -2.033008E-01 -3.674777E-01
    300201 -6.475463E-03 -8.953999E-02 -3.675933E-01
    300208  7.833188E-04  1.741412E-03  6.871014E-03
    300762  1.337883E-07  2.334880E-06 -4.564146E-06
    300769  3.917979E-06 -1.070067E-06 -4.288553E-07
    300982 -1.121628E-10  5.162857E-08 -3.131312E-08
    301131  5.850860E-11 -3.164216E-09  1.869310E-08
    301133  6.142895E-11  3.384756E-10  1.215758E-08
    301135  4.665842E-08 -2.975784E-12 -3.429282E-08
    400000  9.425633E-01  1.965233E-03  4.479366E-01
    400006 -1.794923E-02 -1.343614E-01 -2.374469E-01
    400204 -6.081208E-02 -7.069686E-02 -2.201029E-01
    400205 -1.313808E-01  7.646316E-02  3.498274E-02
    400765 -7.524421E-05 -8.531956E-06 -3.071251E-05
    400766  6.494685E-08  5.375652E-06  2.787055E-07
    400981  1.401017E-10 -1.333336E-09 -1.886636E-09
    401130  6.203148E-12 -1.078012E-10  1.507336E-09
    401136  8.038608E-09  1.286582E-12 -2.186874E-09
    500001 -4.808684E-02  2.270851E-05 -5.252956E-02
    500002 -2.071077E-02 -1.257049E-02 -4.787130E-02
    500004  5.965540E-02  1.366310E-01  3.998714E-01
    500201  2.758809E-01  6.003697E-02  5.307931E-01
    500208 -8.002910E-04 -1.968884E-03 -7.204971E-03
    500762  1.500422E-06  1.618809E-06 -2.872465E-06
    500769  1.204978E-06 -1.148813E-06 -6.222099E-07
    500982 -1.882706E-09  5.079779E-08 -7.662499E-09
    501131 -2.353849E-12 -3.185362E-09  7.750308E-10
    501133  1.370617E-11  3.381441E-10  3.016474E-10
    501135  1.176526E-09 -2.248190E-12 -8.637984E-10
    600000 -9.669294E-01 -1.997939E-03 -4.595169E-01
    600006  1.786577E-02  1.369682E-01  2.416107E-01
    600204  6.275204E-02  7.327301E-02  2.308582E-01
    600205  1.419992E-01 -7.903572E-02 -3.586467E-02
    600765 -1.285988E-05 -1.139672E-05 -1.537179E-05
    600766  5.535071E-07  7.113428E-06  2.847058E-06
    600981 -5.994764E-10  2.434564E-08  5.009769E-09
    601130 -2.805583E-13 -1.168798E-10 -1.374030E-09
    601136 -7.164031E-09  6.595787E-12  1.946448E-09
    700001 -5.256350E-02  2.874372E-05 -6.926727E-02
    700002  2.043154E-02 -6.478113E-02  9.891266E-02
    700004 -6.045719E-02  1.180204E-01 -3.665390E-01
    700201 -3.415324E-01  6.356520E-02 -5.672503E-01
    700208  8.038593E-04 -1.985632E-03  7.244349E-03
    700762 -5.692962E-07  2.101682E-06  3.685320E-06
    700769 -3.513323E-06 -1.086985E-06  5.398459E-07
    700982  2.037917E-09  5.470481E-08  3.046122E-10
    701131 -6.268869E-11 -3.138787E-09 -1.865860E-08
    701133 -5.054549E-11  3.300645E-10 -1.217566E-08
    701135 -4.672058E-08 -1.301446E-12  3.433787E-08
    800000  9.164571E-01 -1.998656E-03  4.355299E-01
    800006 -1.831779E-02  1.369874E-01 -2.345486E-01
    800204 -6.262192E-02  7.327244E-02 -2.234322E-01
    800205 -1.289776E-01 -7.903936E-02  3.580388E-02
    800765  6.141056E-05 -1.139666E-05  2.842828E-05
    800766 -2.354935E-07  7.114326E-06 -1.138741E-06
    800981  6.805945E-10  2.434597E-08 -6.869174E-09
    801130  1.158197E-12 -1.156582E-10 -1.949177E-09
    801136 -1.042129E-08  1.356921E-12  2.823189E-09

                    E I G E N V A L U E    N U M B E R    66


 forces (fx,fy,fz) for set NSUPP and time  0.2000000E+01

     90000 -1.047690E-11 -3.416970E-10 -6.355013E-11
     90002  3.372075E-10  1.499780E-10 -8.006957E-13
     90004 -3.907304E-10  2.495027E-10  6.359760E-10
     90006  3.078785E-10  7.200286E-11 -2.717518E-10
    100001  3.609194E-05  6.536787E-07  4.359831E-05
    100002 -4.211814E-08  1.435604E-04 -2.247506E-05
    100004 -1.391406E-06 -1.658403E-04 -1.714947E-04
    100201 -6.975886E-04  1.510087E-03 -4.480851E-04
    100208 -9.984505E-04 -2.812067E-03 -6.212989E-03
    100762  3.920965E-02  4.508351E-03  9.400315E-02
    100769 -4.114062E-03  7.860890E-03 -8.984951E-03
    100982 -7.262205E-04 -2.602703E-03  1.166309E-02
    101131  1.451732E-06  3.036134E-05  1.054410E-05
    101133 -1.856608E-06 -1.429447E-06  2.568034E-05
    101135  9.684598E-05  1.339540E-08 -7.118833E-05
    200000  2.833927E-05 -1.797658E-08  1.346774E-05
    200006 -5.048685E-07  2.031720E-06 -6.984109E-06
    200204 -3.331420E-04 -2.427842E-03  1.314023E-03
    200205 -4.898128E-02  3.845724E-03  1.453922E-02
    200765 -1.735566E+00  4.212157E-01 -9.973966E-01
    200766  1.804809E-02 -2.554418E-01  7.969886E-02
    200981 -3.217887E-04 -1.154428E-02  3.500105E-03
    201130  4.085065E-07  9.270107E-06  1.946228E-04
    201136  1.072320E-03 -2.366112E-07 -2.913247E-04
    300001  1.844094E-07  6.548800E-07  1.667607E-07
    300002  5.590565E-07  1.223913E-04  5.803488E-06
    300004  4.126728E-07 -1.627537E-04  1.504775E-04
    300201  4.282115E-03  1.376854E-03  3.633624E-04
    300208 -3.192696E-04 -3.619480E-03  6.864469E-03
    300762 -4.304237E-02  6.213938E-03 -9.807737E-02
    300769  1.235928E-02  8.124526E-03  9.302881E-03
    300982  7.010536E-04 -2.725688E-03 -1.134131E-02
    301131 -1.229613E-06  3.030320E-05 -7.760783E-05
    301133  1.105696E-06 -1.387213E-06 -6.398617E-05
    301135 -2.443105E-04  1.320302E-08  1.795702E-04
    400000 -1.241437E-05 -1.798285E-08 -5.899710E-06
    400006  2.290723E-07  2.032222E-06  3.093464E-06
    400204 -1.448097E-04 -2.428000E-03  6.158677E-04
    400205 -6.692933E-02  3.845810E-03  2.421038E-02
    400765  1.664606E+00  4.212171E-01  9.932543E-01
    400766 -1.928964E-02 -2.554571E-01 -8.649325E-02
    400981  3.139721E-04 -1.154463E-02 -3.415685E-03
    401130 -4.613226E-07  9.271199E-06 -1.967846E-04
    401136 -1.070575E-03 -2.366746E-07  2.908507E-04
    500001 -3.763826E-05  6.693602E-07 -4.576668E-05
    500002  1.135458E-06  1.484162E-04  2.716759E-05
    500004 -1.794492E-06 -1.768733E-04  1.536955E-04
    500201  1.496901E-03  1.601619E-03  5.342414E-04
    500208  2.515376E-03 -3.004004E-03  2.226194E-03
    500762  5.076915E-02 -1.103068E-02  1.276179E-01
    500769  2.265902E-02 -4.925096E-03 -2.670712E-02
    500982 -7.980697E-04  1.748198E-03  1.382809E-02
    501131  7.171908E-07  5.027579E-05 -1.473267E-04
    501133 -2.100836E-06 -7.270869E-06 -7.799038E-05
    501135 -3.006980E-04  4.427932E-08  2.210015E-04
    600000  1.632030E-05  9.662735E-08  7.755968E-06
    600006 -4.683400E-07 -5.792729E-06 -4.865435E-06
    600204  1.005726E-03 -1.169645E-02 -3.870840E-03
    600205 -4.549432E-02  1.970848E-02  3.187555E-02
    600765 -2.022457E+00 -4.958127E-01 -1.188945E+00
    600766  2.243334E-02  3.005621E-01  1.006409E-01
    600981 -3.539765E-04  1.282927E-02  3.894192E-03
    601130  5.472361E-07 -6.647350E-06  2.285238E-04
    601136  1.238686E-03  1.093576E-07 -3.365226E-04
    700001 -1.061038E-06  6.701726E-07 -8.753481E-07
    700002 -1.831192E-06  1.250701E-04 -9.981449E-06
    700004  3.278814E-06 -1.701661E-04 -1.281448E-04
    700201 -3.202429E-03  1.536261E-03 -4.774914E-04
    700208 -1.810235E-03 -3.368443E-03 -2.703174E-03
    700762 -4.868480E-02 -1.019973E-02 -1.254236E-01
    700769 -2.711204E-02 -4.829055E-03  2.630843E-02
    700982  7.917612E-04  1.756554E-03 -1.367245E-02
    701131 -6.131880E-07  5.005117E-05  2.600563E-04
    701133  2.732070E-06 -7.205840E-06  1.486453E-04
    701135  5.720536E-04  4.396536E-08 -4.204425E-04
    800000 -2.963817E-05  9.666402E-08 -1.408501E-05
    800006  9.130626E-07 -5.793098E-06  9.067624E-06
    800204 -7.492899E-04 -1.169728E-02  2.848328E-03
    800205  8.828693E-02  1.970826E-02 -4.507496E-02
    800765  2.038715E+00 -4.958179E-01  1.181147E+00
    800766 -2.165510E-02  3.006054E-01 -9.662672E-02
    800981  3.542437E-04  1.283001E-02 -3.849821E-03
    801130 -4.883831E-07 -6.648480E-06 -2.161064E-04
    801136 -1.181702E-03  1.094928E-07  3.210413E-04

                    E I G E N V A L U E    N U M B E R    67


 forces (fx,fy,fz) for set NSUPP and time  0.2000000E+01

     90000 -1.701720E-10  7.426623E-11 -1.308657E-10
     90002 -2.035556E-10 -5.968582E-11 -7.642697E-11
     90004 -2.979568E-10 -7.209972E-11  2.792786E-10
     90006 -2.464275E-10 -1.273009E-10  7.203752E-11
    100001 -3.883401E-05 -2.346184E-06 -3.832277E-05
    100002 -3.008145E-05 -4.083485E-04 -7.289165E-05
    100004  9.454667E-05  4.267900E-04  1.144944E-03
    100201  2.336546E-03  5.713089E-03  4.471336E-04
    100208 -4.650281E-02 -5.141574E-03  9.655930E-02
    100762  2.455639E-03 -1.997024E-03 -2.653597E-03
    100769  1.439317E-03  1.618159E-03 -1.050882E-03
    100982 -1.873309E-05 -1.400772E-04  2.342795E-04
    101131  2.793004E-08  6.244500E-06  1.973747E-06
    101133 -1.512288E-08 -6.230830E-07  1.389354E-06
    101135  5.309944E-06  4.231579E-09 -3.902820E-06
    200000 -1.119541E-03  2.987582E-06 -5.320429E-04
    200006  2.968470E-05 -2.069621E-04  3.213474E-04
    200204 -2.071869E-02 -2.559557E-01  7.950828E-02
    200205  1.637561E+00  4.374894E-01 -9.313303E-01
    200765 -1.662926E-02  2.094160E-02 -2.446495E-02
    200766  9.864221E-04 -1.295956E-02  4.786791E-03
    200981 -7.876655E-06 -2.801819E-04  8.251205E-05
    201130  6.543918E-11  4.276353E-07  1.497596E-06
    201136  9.161821E-06 -1.494221E-08 -2.489058E-06
    300001  8.116907E-05 -2.337141E-06  9.036219E-05
    300002  2.765944E-05 -4.160962E-04  4.091236E-05
    300004 -8.651119E-05  3.593405E-04 -1.104154E-03
    300201 -1.086243E-02  6.039242E-03 -1.242748E-04
    300208  5.094265E-02 -3.345473E-03 -1.009966E-01
    300762 -1.368444E-03 -2.741731E-03  3.237254E-03
    300769 -4.680877E-03  1.533721E-03  9.230149E-04
    300982  1.732997E-05 -1.535984E-04 -2.248945E-04
    301131 -1.376655E-07  6.160983E-06 -3.346393E-05
    301133 -5.605981E-08 -6.060953E-07 -2.217330E-05
    301135 -8.503516E-05  4.142947E-09  6.249975E-05
    400000  1.153254E-03  2.987996E-06  5.480639E-04
    400006 -2.721059E-05 -2.069808E-04 -3.148484E-04
    400204  2.223956E-02 -2.559701E-01 -8.558295E-02
    400205 -1.573506E+00  4.374953E-01  9.275526E-01
    400765  1.308670E-01  2.094166E-02  6.208800E-02
    400766 -5.995497E-04 -1.296036E-02 -2.733855E-03
    400981  7.446809E-06 -2.801911E-04 -8.030129E-05
    401130 -1.717502E-08  4.276955E-07 -7.201780E-06
    401136 -3.910020E-05 -1.494490E-08  1.062263E-05
    500001  1.035963E-04 -2.914774E-06  1.347869E-04
    500002 -3.586489E-05 -6.758438E-04 -1.960786E-04
    500004  9.699460E-05  9.733920E-04 -8.328339E-05
    500201  4.030488E-03 -4.413540E-03 -5.240475E-03
    500208 -6.188826E-02 -5.909447E-04  1.344884E-01
    500762 -1.087458E-03 -2.250976E-03  5.573708E-03
    500769 -1.576848E-03  1.346514E-03  4.340573E-04
    500982 -1.652833E-05 -4.579512E-05  3.548137E-04
    501131  3.243285E-08  6.674584E-06 -4.583996E-06
    501133 -8.621272E-08 -7.591481E-07 -2.122991E-06
    501135 -8.207802E-06  4.949571E-09  6.032306E-06
    600000 -1.217285E-03 -3.379119E-06 -5.784947E-04
    600006  2.932496E-05  2.273454E-04  3.360736E-04
    600204 -2.660617E-02  3.083505E-01  1.022334E-01
    600205  1.965349E+00 -5.275557E-01 -1.141832E+00
    600765 -1.250954E-02  7.234197E-03  1.953579E-03
    600766 -3.432739E-04 -4.656585E-03 -2.061964E-03
    600981 -7.722250E-06  2.684556E-04  8.745429E-05
    601130  1.960501E-08  3.518963E-08  7.711964E-06
    601136  4.149823E-05 -6.362568E-09 -1.127411E-05
    700001 -6.423583E-05 -2.912144E-06 -8.782356E-05
    700002  3.805914E-05 -6.438516E-04  1.847606E-04
    700004 -1.030338E-04  9.315456E-04  2.512527E-05
    700201  1.934093E-03 -4.171251E-03  4.959522E-03
    700208  5.880111E-02  5.637708E-04 -1.314835E-01
    700762  8.285188E-05 -2.782264E-03 -6.418198E-03
    700769  4.114418E-03  1.277541E-03 -3.339398E-04
    700982  1.516220E-05 -4.754623E-05 -3.218253E-04
    701131  9.955407E-08  6.581554E-06  3.830766E-05
    701133  1.428074E-07 -7.410264E-07  2.457436E-05
    701135  9.431101E-05  4.854894E-09 -6.931705E-05
    800000  1.212675E-03 -3.380343E-06  5.763024E-04
    800006 -3.141059E-05  2.273777E-04 -3.434856E-04
    800204  2.542989E-02  3.083768E-01 -9.760407E-02
    800205 -1.988869E+00 -5.275564E-01  1.134664E+00
    800765 -4.416179E-02  7.234033E-03 -1.771589E-02
    800766 -1.723832E-06 -4.657080E-03  2.190030E-04
    800981  7.182351E-06  2.684731E-04 -7.931324E-05
    801130 -3.849461E-09  3.520866E-08 -1.997140E-06
    801136 -1.109319E-05 -6.355190E-09  3.013755E-06

                    E I G E N V A L U E    N U M B E R    68


 forces (fx,fy,fz) for set NSUPP and time  0.2000000E+01

     90000  3.314398E-10 -3.864118E-10  8.023178E-11
     90002  3.368675E-10  1.949178E-10 -6.587423E-11
     90004 -2.466418E-10  2.538289E-10  5.109680E-10
     90006  4.485406E-10  1.215534E-10 -3.839238E-10
    100001 -2.317027E-07 -3.361562E-09 -2.802795E-07
    100002  1.689933E-09 -7.828236E-07  1.428156E-07
    100004  2.500986E-09  9.287865E-07  8.739667E-07
    100201  1.554796E-05 -7.976069E-06  2.012496E-06
    100208  2.703745E-06  1.732223E-05  3.028225E-05
    100762 -3.705130E-03 -5.789038E-03  2.927847E-02
    100769 -3.423318E-01  2.458544E-01 -8.746273E-01
    100982 -9.933197E-02 -2.591252E-01  1.559639E+00
    101131  3.412982E-04  6.222554E-03  1.699138E-02
    101133 -3.319607E-04 -4.187236E-04  1.485648E-02
    101135  5.666020E-02  3.310503E-06 -4.164601E-02
    200000 -4.290700E-09 -3.110455E-10 -2.039985E-09
    200006  1.141619E-09  1.712084E-08  5.963293E-09
    200204  1.553919E-06  4.771180E-05 -5.601711E-06
    200205  2.351194E-04 -7.998733E-05 -7.114246E-05
    200765  7.553770E-01 -2.611580E-01  1.322391E-01
    200766  1.467905E-01  2.440640E-01 -6.852973E-01
    200981 -4.292302E-02 -1.314078E+00  4.556909E-01
    201130  2.677199E-05  1.346061E-03  1.960927E-02
    201136  1.123792E-01 -3.590929E-05 -3.053088E-02
    300001 -4.651051E-08 -3.333189E-09 -5.396810E-08
    300002 -9.613426E-09 -5.980005E-07 -3.178174E-08
    300004  1.732757E-08  8.097358E-07 -6.252083E-07
    300201 -8.843985E-06 -8.296089E-06 -2.498640E-06
    300208 -1.420277E-05  1.666273E-05 -9.127714E-06
    300762  2.206005E-03 -5.014578E-03 -1.455532E-02
    300769  2.807925E-01  2.547935E-01  5.129526E-01
    300982  6.354653E-02 -4.142256E-01 -1.021374E+00
    301131 -5.925258E-05  6.311539E-03 -7.891412E-03
    301133  2.319905E-05 -4.200845E-04 -5.576787E-03
    301135 -2.135375E-02  3.333031E-06  1.569488E-02
    400000 -8.929646E-08 -3.112976E-10 -4.243878E-08
    400006  4.854200E-09  1.711537E-08  3.715002E-08
    400204 -5.333875E-06  4.771302E-05  2.073977E-05
    400205  7.714064E-04 -7.998545E-05 -3.776320E-04
    400765 -9.013414E-01 -2.611695E-01 -8.580778E-02
    400766 -9.284069E-02  2.440720E-01  6.112711E-01
    400981  2.938210E-02 -1.314163E+00 -3.271533E-01
    401130 -5.814870E-05  1.346262E-03 -2.227981E-02
    401136 -1.194066E-01 -3.591665E-05  3.244003E-02
    500001  1.854811E-07 -3.307762E-09  2.249772E-07
    500002 -2.953666E-09 -7.272650E-07 -1.260207E-07
    500004  1.258320E-09  8.297219E-07 -8.157131E-07
    500201  9.854004E-07 -7.993823E-06 -2.581243E-06
    500208 -1.097081E-05  1.337152E-05 -2.105395E-05
    500762 -3.694740E-03  6.779904E-03  2.894932E-02
    500769  1.529560E+00 -1.376007E-01 -1.678067E+00
    500982 -9.996856E-02  1.059755E-01  1.755344E+00
    501131  1.724181E-04  8.555432E-03 -1.487660E-02
    501133 -3.513219E-04 -1.167596E-03 -6.400782E-03
    501135 -2.482878E-02  7.220874E-06  1.824748E-02
    600000  8.339503E-08 -8.977297E-11  3.963204E-08
    600006  1.587089E-11  1.976209E-09 -1.352914E-08
    600204 -3.928580E-06  2.506108E-05  1.547016E-05
    600205 -9.791391E-05 -4.132082E-05 -1.676973E-05
    600765  8.917826E-01  2.833686E-01  1.322755E-01
    600766  1.457193E-01 -2.654669E-01 -7.397848E-01
    600981 -4.403544E-02  1.452241E+00  4.783192E-01
    601130  5.180996E-05 -8.410139E-04  2.490091E-02
    601136  1.373393E-01  1.204727E-05 -3.731194E-02
    700001  2.984805E-09 -3.384458E-09  3.250688E-09
    700002  3.798547E-09 -6.283536E-07  3.110977E-08
    700004 -3.591311E-10  8.599779E-07  7.490241E-07
    700201  2.581475E-05 -6.968864E-06  1.809876E-06
    700208 -2.455884E-06  1.909369E-05  3.380207E-05
    700762  2.887415E-03  6.361025E-03 -2.122246E-02
    700769 -1.559683E+00 -1.451604E-01  1.486636E+00
    700982  7.886793E-02  1.919155E-01 -1.420708E+00
    701131  2.756318E-05  8.441235E-03  5.060369E-02
    701133  3.318017E-04 -1.149409E-03  3.097539E-02
    701135  1.190049E-01  7.122480E-06 -8.746602E-02
    800000  9.616361E-09 -8.785092E-11  4.569020E-09
    800006  4.176883E-10  1.975548E-09  3.478775E-10
    800204 -8.108379E-07  2.506327E-05  3.616812E-06
    800205 -3.330294E-04 -4.132141E-05  1.189395E-04
    800765 -9.896573E-01  2.834091E-01 -1.074929E-01
    800766 -1.168501E-01 -2.654846E-01  7.083326E-01
    800981  3.616152E-02  1.452355E+00 -3.982503E-01
    801130 -5.375430E-05 -8.411605E-04 -2.310090E-02
    801136 -1.258301E-01  1.206310E-05  3.418516E-02

                    E I G E N V A L U E    N U M B E R    69


 forces (fx,fy,fz) for set NSUPP and time  0.2000000E+01

     90000  5.574685E-11 -2.290134E-10 -1.078737E-11
     90002  1.972727E-10  7.099519E-11  6.569594E-11
     90004 -8.880472E-11  1.795068E-10  2.681463E-10
     90006  2.740694E-10  7.252759E-11 -2.393267E-10
    100001 -3.747988E-07 -1.053629E-11 -4.418941E-07
    100002 -3.769525E-08 -3.883328E-07  3.844803E-08
    100004  1.080765E-07  7.711133E-07  9.037987E-07
    100201  2.099995E-04  7.814001E-06 -6.253524E-06
    100208 -1.248606E-04  4.389869E-05  1.453996E-04
    100762 -8.012160E-03 -4.070955E-03  7.836446E-02
    100769 -1.733782E-02 -8.049189E-02 -2.043263E+00
    100982 -1.957745E-01  8.728169E-01  3.003770E+00
    101131  1.683802E-03 -1.196819E-03  1.506386E-01
    101133 -1.185430E-03  1.107899E-04  1.145960E-01
    101135  4.382356E-01 -7.285221E-07 -3.221035E-01
    200000  1.292242E-07  2.803212E-11  6.141163E-08
    200006  3.376923E-08 -1.901251E-09  1.357865E-07
    200204 -4.335866E-05 -2.273554E-06  1.747857E-04
    200205 -5.996721E-04  3.957113E-06 -3.792304E-04
    200765 -9.308757E-01  1.237477E-02  2.440178E-01
    200766  2.845711E-01 -1.147736E-02 -3.241566E-01
    200981 -7.512663E-02  7.794215E-02  7.064007E-01
    201130 -1.308490E-04 -4.674919E-05 -8.710393E-03
    201136 -1.374104E-02  1.468893E-06  3.733023E-03
    300001 -3.771504E-07  1.461498E-10 -4.448868E-07
    300002 -3.701813E-08  4.062372E-07  4.243791E-08
    300004  1.063965E-07 -7.957344E-07  9.126623E-07
    300201  2.092325E-04 -8.433894E-06 -6.143397E-06
    300208 -1.239537E-04 -4.242397E-05  1.400468E-04
    300762 -8.291042E-03  4.403420E-03  8.014072E-02
    300769 -6.858361E-01  1.336398E-02 -1.831875E+00
    300982 -2.053190E-01 -8.270937E-01  3.153367E+00
    301131  1.700553E-03  2.076588E-04  1.532719E-01
    301133 -1.188790E-03 -1.949096E-05  1.164121E-01
    301135  4.451934E-01  9.446732E-08 -3.272174E-01
    400000  1.425035E-07  2.824528E-11  6.772277E-08
    400006  3.323582E-08 -1.975266E-09  1.311517E-07
    400204 -4.291984E-05 -2.295289E-06  1.730834E-04
    400205 -6.281155E-04  4.000431E-06 -3.619137E-04
    400765 -8.515219E-01  1.233969E-02  2.539393E-01
    400766  2.953729E-01 -1.144903E-02 -3.845427E-01
    400981 -7.937403E-02  7.739856E-02  7.524882E-01
    401130 -1.247796E-04 -4.615028E-05 -6.269228E-03
    401136 -5.514288E-04  1.469203E-06  1.497069E-04
    500001 -4.246129E-07  1.859208E-10 -5.012787E-07
    500002 -4.148324E-08  4.488125E-07  4.973253E-08
    500004  1.183600E-07 -8.694685E-07  1.012558E-06
    500201  2.281923E-04 -9.184055E-06 -6.736605E-06
    500208 -1.359766E-04 -4.674707E-05  1.547466E-04
    500762 -1.107346E-02  5.405587E-03  1.080061E-01
    500769 -7.835097E-01  4.876186E-02 -2.483420E+00
    500982 -2.714977E-01 -1.180448E+00  4.165028E+00
    501131  2.386820E-03  4.963113E-04  2.200957E-01
    501133 -1.636062E-03 -1.692494E-05  1.664449E-01
    501135  6.365758E-01  1.323890E-07 -4.678833E-01
    600000  1.398381E-07  1.823776E-13  6.645718E-08
    600006  3.697488E-08  2.482136E-10  1.488467E-07
    600204 -4.712336E-05  1.818884E-07  1.900126E-04
    600205 -6.246802E-04 -2.486024E-07 -4.223792E-04
    600765 -1.262675E+00 -1.822318E-02  3.355961E-01
    600766  3.911822E-01  1.714380E-02 -4.530291E-01
    600981 -1.045532E-01 -8.158267E-02  9.832747E-01
    601130 -1.736006E-04  8.743108E-05 -9.178371E-03
    601136 -3.376398E-03 -1.569474E-06  9.171459E-04
    700001 -4.234075E-07 -5.802847E-11 -4.996016E-07
    700002 -4.111186E-08 -4.376339E-07  4.891875E-08
    700004  1.180946E-07  8.559354E-07  9.975020E-07
    700201  2.287977E-04  8.537415E-06 -6.811616E-06
    700208 -1.359405E-04  4.803296E-05  1.577694E-04
    700762 -1.149005E-02 -6.476611E-03  1.114818E-01
    700769 -7.369715E-02 -6.594745E-02 -2.908286E+00
    700982 -2.815696E-01  1.159963E+00  4.340366E+00
    701131  2.405689E-03 -1.507208E-03  2.158090E-01
    701133 -1.691854E-03  1.697599E-04  1.641093E-01
    701135  6.275783E-01 -1.048921E-06 -4.612705E-01
    800000  1.466261E-07 -3.715092E-12  6.968230E-08
    800006  3.690883E-08  3.280600E-10  1.473620E-07
    800204 -4.712332E-05  2.053283E-07  1.900393E-04
    800205 -6.206070E-04 -2.954761E-07 -4.240035E-04
    800765 -1.139087E+00 -1.817707E-02  3.510805E-01
    800766  4.083480E-01  1.710575E-02 -5.481728E-01
    800981 -1.091187E-01 -8.083500E-02  1.032129E+00
    801130 -1.686122E-04  8.657954E-05 -6.525575E-03
    801136  1.153243E-02 -1.569791E-06 -3.133243E-03

                    E I G E N V A L U E    N U M B E R    70


 forces (fx,fy,fz) for set NSUPP and time  0.2000000E+01

     90000  2.668081E-11  1.499265E-10 -4.385745E-11
     90002 -1.205187E-10 -2.822901E-11 -5.240208E-11
     90004  2.028102E-11 -6.110099E-11 -1.000910E-10
     90006 -8.666164E-11 -5.445186E-11  7.137045E-11
    100001  2.198127E-07 -1.148592E-09  2.576398E-07
    100002  2.755664E-08  3.026277E-08  6.474178E-09
    100004 -7.623388E-08 -2.577999E-07 -3.548598E-07
    100201 -1.435611E-04 -1.299777E-05  5.073794E-06
    100208  9.186599E-05 -1.613463E-05 -7.184216E-05
    100762  1.102140E-02  4.802264E-03 -1.060177E-01
    100769  2.233352E+00 -6.875627E-02  1.829202E+00
    100982  2.750014E-01 -1.165702E+00 -4.232574E+00
    101131 -2.505113E-03  5.046620E-04 -2.454505E-01
    101133  1.614636E-03  1.770826E-05 -1.835247E-01
    101135 -7.020700E-01 -3.443742E-08  5.160208E-01
    200000 -1.098512E-07 -2.542737E-12 -5.220461E-08
    200006 -2.362593E-08 -1.090356E-09 -9.183911E-08
    200204  3.172647E-05  9.666286E-06 -1.277329E-04
    200205  4.170233E-04 -1.507407E-05  2.858092E-04
    200765  1.217823E+00 -2.230496E-02 -3.319085E-01
    200766 -3.861904E-01  2.139532E-02  4.591979E-01
    200981  1.058547E-01 -3.587815E-02 -1.002055E+00
    201130  1.561074E-04  2.797135E-04  2.130181E-03
    201136 -3.442173E-02 -5.905217E-06  9.351740E-03
    300001  2.858598E-07 -1.332881E-09  3.378139E-07
    300002  2.575690E-08 -5.209611E-07 -4.831793E-08
    300004 -7.725579E-08  8.675610E-07 -9.325237E-07
    300201 -1.621759E-04 -1.145057E-06  4.001669E-06
    300208  8.936840E-05  4.680640E-05 -1.358111E-04
    300762  1.151133E-02 -6.948550E-03 -1.116994E-01
    300769 -1.602260E+00 -1.534454E-01  3.635800E+00
    300982  2.800108E-01  1.165419E+00 -4.314161E+00
    301131 -2.567125E-03 -1.654560E-03 -2.385607E-01
    301133  1.750293E-03  2.298212E-04 -1.802384E-01
    301135 -6.893593E-01 -1.349158E-06  5.066791E-01
    400000 -9.763191E-08 -3.737574E-12 -4.639591E-08
    400006 -2.433187E-08 -1.041808E-09 -9.711598E-08
    400204  3.112135E-05  9.682051E-06 -1.256320E-04
    400205  4.675560E-04 -1.510507E-05  2.578438E-04
    400765  1.059787E+00 -2.225747E-02 -3.521773E-01
    400766 -4.097400E-01  2.135672E-02  5.853298E-01
    400981  1.080052E-01 -3.512434E-02 -1.023992E+00
    401130  1.614457E-04  2.788010E-04  1.002744E-03
    401136 -4.301539E-02 -5.903833E-06  1.168645E-02
    500001  2.174046E-08 -1.266462E-09  2.695779E-08
    500002 -3.544997E-09 -2.238815E-07 -3.097774E-08
    500004  5.857326E-09  2.436800E-07 -2.379642E-07
    500201  1.042592E-05 -7.822735E-06 -1.138375E-06
    500208 -1.224463E-05  1.129548E-05 -2.047430E-05
    500762 -8.159808E-03  3.610908E-03  7.776752E-02
    500769 -2.122622E+00 -1.024236E-01 -1.140950E+00
    500982 -2.053397E-01 -8.273591E-01  3.179877E+00
    501131  1.869589E-03  2.809400E-04  1.848102E-01
    501133 -1.196697E-03  8.475949E-06  1.379916E-01
    501135  5.278895E-01 -2.128872E-08 -3.879983E-01
    600000  3.758706E-08  3.790464E-11  1.786159E-08
    600006  1.650477E-09 -4.119719E-09  1.501950E-09
    600204 -4.024866E-06  5.401765E-06  1.611569E-05
    600205 -4.658931E-05 -7.776911E-06 -3.857987E-05
    600765 -8.238791E-01 -4.831695E-03  2.448202E-01
    600766  2.843859E-01  5.046792E-03 -3.691556E-01
    600981 -7.964608E-02  7.551695E-02  7.578310E-01
    601130 -1.055641E-04  1.417968E-04  1.853379E-03
    601136  4.371127E-02 -2.813675E-06 -1.187546E-02
    700001 -4.508430E-08 -1.118662E-09 -5.358779E-08
    700002 -1.739810E-09 -2.648673E-07  2.151453E-08
    700004  9.549903E-09  3.600569E-07  3.566119E-07
    700201  2.940407E-05 -6.273640E-06 -7.054703E-08
    700208 -1.135151E-05  1.953362E-05  4.745651E-05
    700762 -8.266809E-03 -5.059931E-03  8.047858E-02
    700769  1.746867E+00 -1.532299E-01 -2.850906E+00
    700982 -1.967020E-01  8.583419E-01  3.023555E+00
    701131  1.899264E-03 -1.335735E-03  1.798916E-01
    701133 -1.272155E-03  1.682370E-04  1.354281E-01
    701135  5.180015E-01 -1.012934E-06 -3.807310E-01
    800000 -3.728137E-09  3.938952E-11 -1.773693E-09
    800006  3.178242E-09 -4.124858E-09  1.541453E-08
    800204 -4.147593E-06  5.403177E-06  1.681833E-05
    800205 -4.531606E-05 -7.779433E-06 -4.110409E-05
    800765 -7.863251E-01 -4.798079E-03  2.507653E-01
    800766  2.918045E-01  5.019297E-03 -4.040693E-01
    800981 -7.571111E-02  7.606842E-02  7.128498E-01
    801130 -1.159896E-04  1.411188E-04 -3.100723E-04
    801136  3.366900E-02 -2.811993E-06 -9.147209E-03

                    E I G E N V A L U E    N U M B E R    71


 forces (fx,fy,fz) for set NSUPP and time  0.2000000E+01

     90000 -5.033215E-10 -1.588936E-10  7.749064E-12
     90002  1.419677E-10  5.830775E-11  7.323575E-11
     90004 -8.554324E-11  2.140894E-11  1.088320E-10
     90006 -2.386499E-10 -8.235620E-11  1.661043E-10
    100001 -1.746649E-04 -4.218801E-08 -2.058967E-04
    100002 -1.761296E-05 -1.873299E-04  1.774299E-05
    100004  5.068068E-05  3.709181E-04  4.299358E-04
    100201  9.490574E-02  3.794127E-03 -2.800447E-03
    100208 -5.629302E-02  1.934993E-02  6.396911E-02
    100762  4.991543E-02  1.935585E-02  5.889986E-02
    100769 -9.914390E-02  2.836492E-03  4.193555E-03
    100982  6.849060E-04 -2.901871E-03 -1.053165E-02
    101131 -6.155593E-06  2.142092E-06 -5.554093E-04
    101133  4.301955E-06 -1.641116E-07 -4.217773E-04
    101135 -1.612993E-03  1.066075E-09  1.185551E-03
    200000  6.083955E-05  6.805249E-09  2.891284E-05
    200006  1.582640E-05 -4.575115E-07  6.360355E-05
    200204 -1.953697E-02 -4.851640E-04  7.875351E-02
    200205 -2.928378E-01  8.074475E-04 -1.619642E-01
    200765  2.353993E-01 -2.373762E-04 -2.226273E-01
    200766  1.531311E-02  1.420738E-04  9.035343E-02
    200981  2.636691E-04 -1.634650E-05 -2.495734E-03
    201130  4.217127E-07  1.150431E-07  1.260185E-05
    201136 -5.083227E-05 -2.251426E-09  1.381034E-05
    300001 -1.741899E-04  2.385495E-08 -2.053588E-04
    300002 -1.748876E-05  1.839574E-04  1.783196E-05
    300004  5.027405E-05 -3.672834E-04  4.230969E-04
    300201  9.509029E-02 -3.566123E-03 -2.822499E-03
    300208 -5.613327E-02 -1.980598E-02  6.465157E-02
    300762  4.997160E-02 -1.948624E-02  5.937851E-02
    300769 -1.004277E-01 -2.844642E-03  4.764393E-03
    300982  6.870094E-04  2.900160E-03 -1.056791E-02
    301131 -6.178680E-06 -2.991602E-06 -5.513254E-04
    301133  4.364973E-06  3.090486E-07 -4.196545E-04
    301135 -1.604803E-03 -1.927540E-09  1.179532E-03
    400000  6.562625E-05  6.742492E-09  3.118764E-05
    400006  1.569615E-05 -4.911924E-07  6.220690E-05
    400204 -1.946695E-02 -4.948178E-04  7.849027E-02
    400205 -2.958935E-01  8.269993E-04 -1.597970E-01
    400765  2.302677E-01 -2.186022E-04 -2.250116E-01
    400766  1.532567E-02  1.310324E-04  9.051091E-02
    400981  2.646047E-04 -1.448736E-05 -2.505320E-03
    401130  4.238738E-07  1.125836E-07  1.216613E-05
    401136 -5.425494E-05 -2.241886E-09  1.474020E-05
    500001 -1.684750E-04  1.735707E-08 -1.985544E-04
    500002 -1.713949E-05  1.768421E-04  1.634832E-05
    500004  4.929206E-05 -3.536949E-04  4.123652E-04
    500201  9.135342E-02 -3.422399E-03 -2.727041E-03
    500208 -5.419873E-02 -1.923215E-02  6.283048E-02
    500762  4.809370E-02 -1.894896E-02  5.745330E-02
    500769 -9.674243E-02 -2.718134E-03  3.130663E-03
    500982  5.056796E-04  2.174431E-03 -7.781573E-03
    501131 -4.522838E-06 -2.594057E-06 -3.932580E-04
    501133  3.270039E-06  2.502047E-07 -3.008849E-04
    501135 -1.150475E-03 -1.610620E-09  8.456008E-04
    600000  5.759734E-05 -1.162584E-08  2.737204E-05
    600006  1.539081E-05  7.594975E-07  6.206695E-05
    600204 -1.882111E-02  9.417018E-04  7.587170E-02
    600205 -2.752835E-01 -1.637118E-03 -1.585283E-01
    600765  2.184965E-01 -1.529501E-03 -2.174510E-01
    600766  1.498853E-02  9.219630E-04  8.690753E-02
    600981  1.950420E-04  3.828004E-05 -1.840960E-03
    601130  3.235657E-07  8.216544E-09  1.282756E-05
    601136 -2.001407E-05  4.005570E-10  5.437645E-06
    700001 -1.692723E-04 -4.588149E-08 -1.995877E-04
    700002 -1.687585E-05 -1.830272E-04  1.785143E-05
    700004  4.860282E-05  3.623407E-04  4.146096E-04
    700201  9.107035E-02  3.646333E-03 -2.677091E-03
    700208 -5.380140E-02  1.865449E-02  6.072012E-02
    700762  4.777601E-02  1.867332E-02  5.609496E-02
    700769 -9.513601E-02  2.699359E-03  2.513075E-03
    700982  5.100429E-04 -2.137281E-03 -7.846040E-03
    701131 -4.530226E-06  1.145453E-06 -3.980467E-04
    701133  3.241322E-06 -8.230198E-08 -3.038317E-04
    701135 -1.161796E-03  5.167772E-10  8.539215E-04
    800000  6.391480E-05 -1.156699E-08  3.037430E-05
    800006  1.518404E-05  7.921891E-07  6.005209E-05
    800204 -1.863820E-02  9.510086E-04  7.516941E-02
    800205 -2.866652E-01 -1.655798E-03 -1.515058E-01
    800765  2.274700E-01 -1.547390E-03 -2.113325E-01
    800766  1.485312E-02  9.326479E-04  8.618540E-02
    800981  1.971190E-04  3.690700E-05 -1.862430E-03
    801130  3.195864E-07  1.006447E-08  1.197009E-05
    801136 -2.427728E-05  3.985311E-10  6.595865E-06

                    E I G E N V A L U E    N U M B E R    72


 forces (fx,fy,fz) for set NSUPP and time  0.2000000E+01

     90000  1.405729E-10 -6.080639E-11  1.850959E-10
     90002  2.061255E-10  8.686462E-11  7.349233E-12
     90004  2.657278E-10  1.366507E-10 -1.360985E-10
     90006  4.175603E-10  1.581424E-10 -2.330052E-10
    100001  7.760898E-04  1.299615E-05  9.399992E-04
    100002 -9.764279E-06  2.923666E-03 -5.067669E-04
    100004 -1.112510E-06 -3.426993E-03 -3.271408E-03
    100201 -3.625360E-02  3.031952E-02 -9.037283E-03
    100208 -3.043490E-02 -6.146829E-02 -8.323433E-02
    100762 -2.545598E-02  3.237855E-02  5.303500E-02
    100769 -3.600211E-02 -2.086962E-02  1.429938E-02
    100982  8.964638E-05  1.342773E-03 -3.341461E-04
    101131 -1.850783E-07 -9.241262E-05 -5.380358E-05
    101133 -2.636258E-07  9.733780E-06 -3.231595E-05
    101135 -1.240498E-04 -6.491426E-08  9.117433E-05
    200000  1.138785E-04  7.858967E-07  5.411874E-05
    200006 -1.862685E-06 -3.771361E-05 -2.722578E-05
    200204 -1.187991E-02 -1.441065E-01  4.558849E-02
    200205  7.055143E-01  2.403718E-01 -4.425615E-01
    200765  6.635999E-01 -2.234815E-01  4.408872E-01
    200766 -9.814252E-03  1.393431E-01 -4.917326E-02
    200981  3.144844E-05  7.879712E-04 -2.796307E-04
    201130  1.342951E-07 -3.954728E-06  3.620045E-05
    201136  1.820638E-04  1.668373E-07 -4.946253E-05
    300001  5.881105E-05  1.301376E-05  6.598183E-05
    300002  2.562596E-05  2.414293E-03  1.395477E-04
    300004 -3.352592E-05 -3.262206E-03  2.701618E-03
    300201  5.765353E-02  2.947055E-02  8.064124E-03
    300208  1.964717E-02 -6.572227E-02  9.344707E-02
    300762  1.434643E-02  3.694405E-02 -6.463262E-02
    300769  6.081427E-02 -2.018511E-02 -1.199291E-02
    300982 -3.158788E-05  1.702041E-03 -3.800616E-04
    301131  1.640103E-06 -9.125883E-05  4.970092E-04
    301133  1.376486E-06  9.493533E-06  3.237120E-04
    301135  1.241898E-03 -6.366636E-08 -9.127768E-04
    400000  1.482575E-04  7.859966E-07  7.045680E-05
    400006 -8.468418E-06 -3.770438E-05 -6.354492E-05
    400204  8.084998E-03 -1.441141E-01 -3.063605E-02
    400205 -8.500164E-01  2.403736E-01  4.462230E-01
    400765 -8.174873E-01 -2.234814E-01 -4.316624E-01
    400766  5.922554E-03  1.393513E-01  2.959343E-02
    400981 -1.033476E-05  7.880647E-04  1.118637E-04
    401130  1.328966E-07 -3.955416E-06  5.077223E-05
    401136  2.721017E-04  1.668443E-07 -7.392381E-05
    500001 -7.740256E-04  1.310300E-05 -9.375140E-04
    500002  9.762171E-06  2.908024E-03  5.065306E-04
    500004  8.191944E-07 -3.407709E-03  3.253262E-03
    500201  3.561672E-02  2.929332E-02  9.564694E-03
    500208  3.014873E-02 -5.909515E-02  7.955554E-02
    500762  2.666140E-02  3.075820E-02 -4.684555E-02
    500769  3.796886E-02 -2.009196E-02 -1.539903E-02
    500982 -3.368423E-05  1.158673E-03 -5.991899E-04
    501131  3.763987E-08 -9.254170E-05  5.958683E-05
    501133  5.066240E-07  9.976265E-06  3.375920E-05
    501135  1.297872E-04 -6.613672E-08 -9.539030E-05
    600000 -1.165063E-04  7.855172E-07 -5.536746E-05
    600006  1.822922E-06 -3.776179E-05  2.736876E-05
    600204  1.153625E-02 -1.379666E-01 -4.422587E-02
    600205 -6.348063E-01  2.301205E-01  4.097993E-01
    600765 -6.454057E-01 -2.301572E-01 -4.399228E-01
    600766  1.012364E-02  1.433894E-01  5.117390E-02
    600981 -6.392427E-06 -1.073031E-04  5.431205E-06
    601130 -1.565684E-07 -2.878406E-06 -4.961179E-05
    601136 -2.580778E-04  1.424390E-07  7.011383E-05
    700001 -6.090159E-05  1.311985E-05 -6.852049E-05
    700002 -2.553125E-05  2.399877E-03 -1.389882E-04
    700004  3.360125E-05 -3.244413E-03 -2.684986E-03
    700201 -5.786084E-02  2.841118E-02 -8.570393E-03
    700208 -1.892898E-02 -6.352731E-02 -9.018744E-02
    700762 -1.550796E-02  3.538299E-02  5.843315E-02
    700769 -6.293742E-02 -1.940859E-02  1.313295E-02
    700982 -2.080050E-05  1.502273E-03  1.258835E-03
    701131 -1.519177E-06 -9.138026E-05 -5.048953E-04
    701133 -1.590830E-06  9.732929E-06 -3.268495E-04
    701135 -1.254095E-03 -6.488892E-08  9.217407E-04
    800000 -1.462852E-04  7.857395E-07 -6.951939E-05
    800006  8.475512E-06 -3.775592E-05  6.312713E-05
    800204 -7.571077E-03 -1.379752E-01  2.859046E-02
    800205  7.882775E-01  2.301161E-01 -4.146140E-01
    800765  8.070954E-01 -2.301556E-01  4.332202E-01
    800766 -6.208825E-03  1.434072E-01 -3.141738E-02
    800981 -1.349693E-05 -1.072414E-04  1.489730E-04
    801130 -1.108857E-07 -2.879205E-06 -3.743863E-05
    801136 -1.971448E-04  1.424515E-07  5.355975E-05

                    E I G E N V A L U E    N U M B E R    73


 forces (fx,fy,fz) for set NSUPP and time  0.2000000E+01

     90000 -5.268443E-11  3.312829E-10 -1.830327E-11
     90002 -2.734873E-10 -9.961256E-11 -1.717273E-10
     90004 -8.110054E-11 -2.276194E-10 -1.790082E-10
     90006 -3.523351E-10 -1.026397E-10  2.843431E-10
    100001 -2.492584E-04 -8.739100E-07 -2.960728E-04
    100002 -1.737613E-05 -3.959004E-04  6.089027E-05
    100004  5.165200E-05  6.206062E-04  6.571405E-04
    100201  9.114778E-02  6.140585E-03 -1.894293E-03
    100208 -5.228190E-02  1.351524E-02  4.381954E-02
    100762  4.599429E-02  1.520678E-02  4.233658E-02
    100769 -9.658502E-02  4.117241E-03  4.976861E-04
    100982  2.267701E-04 -7.415054E-04 -3.415212E-03
    101131 -2.214315E-06 -8.119121E-06 -2.069531E-04
    101133  1.487540E-06  9.057086E-07 -1.558208E-04
    101135 -5.959763E-04 -5.987314E-09  4.380425E-04
    200000  6.089059E-05 -1.335862E-07  2.893711E-05
    200006  1.615565E-05  8.078257E-06  6.511738E-05
    200204 -1.779356E-02  1.364796E-02  7.189693E-02
    200205 -3.834512E-01 -2.386777E-02 -1.018204E-01
    200765  3.084443E-01 -2.760168E-02 -1.623402E-01
    200766  1.439187E-02  1.652332E-02  8.112199E-02
    200981  8.742207E-05  1.734265E-04 -8.343755E-04
    201130  1.267174E-07 -1.949486E-07 -4.204861E-06
    201136 -6.436240E-05  1.191874E-08  1.748593E-05
    300001 -2.027120E-04 -8.052350E-07 -2.388900E-04
    300002 -2.136161E-05  4.768730E-05  1.306574E-05
    300004  5.870660E-05 -1.777177E-04  3.027033E-04
    300201  9.519404E-02 -1.077110E-03 -3.637797E-03
    300208 -5.792953E-02 -2.491578E-02  8.219709E-02
    300762  5.166807E-02 -2.256307E-02  7.417967E-02
    300769 -9.955355E-02 -1.200913E-03 -4.376444E-04
    300982  2.036358E-04  1.078149E-03 -3.223323E-03
    301131 -2.081271E-06 -9.872082E-06 -1.510656E-04
    301133  1.724300E-06  1.053341E-06 -1.204132E-04
    301135 -4.600693E-04 -6.949880E-09  3.381532E-04
    400000  3.854573E-05 -1.336632E-07  1.831809E-05
    400006  1.820729E-05  8.042088E-06  7.829791E-05
    400204 -2.046303E-02  1.363973E-02  8.231443E-02
    400205 -1.823864E-01 -2.384908E-02 -2.182721E-01
    400765  7.943015E-02 -2.758362E-02 -2.994492E-01
    400766  1.689202E-02  1.651398E-02  9.423069E-02
    400981  7.813513E-05  1.740099E-04 -7.400164E-04
    401130  1.386598E-07 -1.960754E-07 -4.658705E-07
    401136 -4.504136E-05  1.193139E-08  1.223685E-05
    500001  2.637642E-04 -8.726520E-07  3.133330E-04
    500002  1.824431E-05 -4.099107E-04 -6.438126E-05
    500004 -5.410875E-05  6.517113E-04 -6.784460E-04
    500201 -9.710433E-02  6.502495E-03  1.973254E-03
    500208  5.500990E-02  1.452862E-02 -4.499449E-02
    500762 -4.826340E-02  1.615391E-02 -4.300386E-02
    500769  1.032714E-01  4.387671E-03 -6.799616E-04
    500982 -2.215964E-04 -7.986389E-04  3.339427E-03
    501131  2.246045E-06 -7.968937E-06  2.101612E-04
    501133 -1.509234E-06  9.188305E-07  1.582119E-04
    501135  6.051118E-04 -6.017185E-09 -4.447571E-04
    600000 -8.227440E-05 -1.915758E-07 -3.909943E-05
    600006 -1.693192E-05  1.204578E-05 -6.514838E-05
    600204  1.867103E-02  1.810774E-02 -7.553379E-02
    600205  4.232263E-01 -3.153549E-02  9.859815E-02
    600765 -3.467187E-01 -3.618064E-02  1.603094E-01
    600766 -1.506601E-02  2.173093E-02 -8.496710E-02
    600981 -8.514436E-05  3.611198E-05  8.064590E-04
    601130 -1.333730E-07 -6.423501E-08  2.241282E-06
    601136  5.451244E-05  8.824905E-09 -1.480992E-05
    700001  2.178543E-04 -7.994495E-07  2.565904E-04
    700002  2.341083E-05  6.509932E-05 -1.272789E-05
    700004 -6.470749E-05 -2.085984E-04 -3.530331E-04
    700201 -1.015961E-01 -1.195561E-03  3.933038E-03
    700208  6.256203E-02 -2.677431E-02 -8.942271E-02
    700762 -5.580105E-02 -2.447785E-02 -8.103903E-02
    700769  1.057662E-01 -1.282433E-03  8.244799E-04
    700982 -2.153419E-04  1.050975E-03  3.407662E-03
    701131  2.149465E-06 -9.762780E-06  1.535658E-04
    701133 -1.797775E-06  1.067003E-06  1.228521E-04
    701135  4.693460E-04 -6.996261E-09 -3.449718E-04
    800000 -2.541313E-05 -1.917203E-07 -1.207706E-05
    800006 -2.008592E-05  1.200818E-05 -8.907102E-05
    800204  2.212636E-02  1.809999E-02 -8.894528E-02
    800205  1.771150E-01 -3.151573E-02  2.435800E-01
    800765 -6.769427E-02 -3.616208E-02  3.306875E-01
    800766 -1.829970E-02  2.172325E-02 -1.018802E-01
    800981 -8.340830E-05  3.670206E-05  7.935071E-04
    801130 -1.365726E-07 -6.539764E-08  2.791196E-06
    801136  5.898344E-05  8.840592E-09 -1.602460E-05

                    E I G E N V A L U E    N U M B E R    74


 forces (fx,fy,fz) for set NSUPP and time  0.2000000E+01

     90000  1.567676E-10  2.573456E-10  6.367582E-11
     90002 -1.596076E-10 -4.352279E-11 -2.062446E-10
     90004  8.916639E-12 -2.651337E-10 -3.793591E-10
     90006 -3.029473E-10 -8.367242E-11  2.387592E-10
    100001 -3.812396E-05 -6.391530E-07 -4.558677E-05
    100002 -1.681864E-06 -1.385152E-04  1.737265E-05
    100004  6.348095E-06  1.509953E-04  2.004148E-04
    100201  5.430988E-05 -7.519380E-04  4.286021E-04
    100208  3.231028E-04  1.388280E-03  4.430218E-03
    100762  4.942048E-02  1.088617E-03  1.062889E-01
    100769  3.873390E-03  1.067176E-02 -8.059214E-03
    100982  4.970875E-04  3.197252E-03 -7.913096E-03
    101131 -1.052115E-05 -2.152252E-04  1.333392E-04
    101133  1.506225E-05  4.927735E-06 -6.058925E-05
    101135 -2.193716E-04 -7.035412E-08  1.612969E-04
    200000 -6.685131E-05  1.849777E-07 -3.176999E-05
    200006  2.082828E-06 -1.335434E-05  2.062982E-05
    200204  1.242849E-05 -2.966146E-03 -1.544355E-04
    200205  3.312706E-02  5.241880E-03 -1.263883E-02
    200765 -1.787400E+00  5.457109E-01 -1.101675E+00
    200766  2.217927E-02 -3.324288E-01  1.062701E-01
    200981  2.268977E-04  9.250635E-03 -2.520117E-03
    201130  1.489273E-06 -9.184569E-05  8.464993E-05
    201136  7.270600E-05  2.271728E-06 -1.975144E-05
    300001 -3.452217E-06 -6.406698E-07 -4.594102E-06
    300002  1.161400E-06 -1.146332E-04  2.021764E-06
    300004 -5.434682E-06  1.490637E-04 -1.778084E-04
    300201 -3.682101E-03 -6.121101E-04 -3.063035E-04
    300208  1.593264E-03  2.149044E-03 -6.372767E-03
    300762 -5.620951E-02  3.761650E-03 -1.144294E-01
    300769  9.424988E-03  1.109769E-02  9.559637E-03
    300982 -5.816885E-04  2.930788E-03  9.499669E-03
    301131  1.349957E-05 -2.134746E-04  4.217281E-04
    301133 -1.522054E-05  4.647474E-06  4.408724E-04
    301135  1.676772E-03 -6.882185E-08 -1.232472E-03
    400000  5.063831E-05  1.850081E-07  2.406500E-05
    400006 -1.831986E-06 -1.335577E-05 -1.677996E-05
    400204  6.606398E-04 -2.966236E-03 -2.540515E-03
    400205  3.455590E-03  5.241767E-03  7.769971E-03
    400765  1.746513E+00  5.457131E-01  1.127681E+00
    400766 -2.451668E-02 -3.324488E-01 -1.179796E-01
    400981 -2.627076E-04  9.250779E-03  2.884500E-03
    401130 -1.366166E-06 -9.184947E-05 -2.195539E-05
    401136  2.849979E-04  2.271927E-06 -7.742899E-05
    500001  4.112529E-05 -7.362147E-07  5.050797E-05
    500002 -3.062885E-06 -1.666515E-04 -3.614967E-05
    500004  7.250310E-06  2.053471E-04 -1.358277E-04
    500201 -4.476306E-04 -1.068478E-03 -7.597195E-04
    500208 -3.959717E-03  1.558092E-03  3.935585E-03
    500762  6.509200E-02 -1.905417E-02  1.765715E-01
    500769  3.581032E-02 -1.871134E-03 -3.456080E-02
    500982  6.022435E-04  1.111698E-03 -1.328344E-02
    501131 -9.940788E-06 -1.060558E-04  6.133828E-04
    501133  1.807285E-05  2.957040E-05  2.304640E-04
    501135  8.986156E-04 -1.582622E-07 -6.604001E-04
    600000 -5.741319E-05 -2.765023E-07 -2.728472E-05
    600006  2.180605E-06  1.791788E-05  1.957874E-05
    600204 -1.650140E-03  1.742929E-02  6.279893E-03
    600205  8.571877E-02 -2.961379E-02 -5.647647E-02
    600765 -2.072067E+00 -6.316992E-01 -1.322817E+00
    600766  2.845958E-02  3.835863E-01  1.352483E-01
    600981  2.888095E-04 -1.044941E-02 -3.294822E-03
    601130  1.270425E-06  8.155498E-05  6.100223E-06
    601136 -3.406391E-04 -1.772356E-06  9.254497E-05
    700001  3.336824E-07 -7.375668E-07 -5.131711E-07
    700002  3.720212E-06 -1.421041E-04  1.738570E-05
    700004 -8.585554E-06  2.001328E-04  1.102737E-04
    700201  2.759494E-03 -9.782130E-04  6.721106E-04
    700208  2.699932E-03  2.031837E-03 -2.615436E-03
    700762 -6.161882E-02 -1.780040E-02 -1.723285E-01
    700769 -4.237073E-02 -1.693647E-03  3.353181E-02
    700982 -5.489867E-04  9.413719E-04  1.219583E-02
    701131  8.922842E-06 -1.050210E-04 -1.041914E-03
    701133 -1.961943E-05  2.933695E-05 -5.074455E-04
    701135 -1.961525E-03 -1.570854E-07  1.441621E-03
    800000  7.171485E-05 -2.766046E-07  3.408122E-05
    800006 -2.586603E-06  1.792028E-05 -2.368060E-05
    800204  1.202714E-03  1.743082E-02 -4.498189E-03
    800205 -1.020269E-01 -2.961396E-02  5.659100E-02
    800765  2.088089E+00 -6.317088E-01  1.305772E+00
    800766 -2.713429E-02  3.836428E-01 -1.288245E-01
    800981 -2.687275E-04 -1.045020E-02  3.035970E-03
    801130 -1.401223E-06  8.156273E-05 -5.934897E-05
    801136  7.309519E-05 -1.772846E-06 -1.985988E-05

                    E I G E N V A L U E    N U M B E R    75


 forces (fx,fy,fz) for set NSUPP and time  0.2000000E+01

     90000 -8.209908E-11 -2.339993E-10 -1.813749E-10
     90002  3.305359E-10 -1.616117E-10  4.872755E-10
     90004  4.725240E-11  2.269617E-10  2.951939E-10
     90006  4.848893E-10  1.211938E-10 -4.294283E-10
    100001  7.372379E-05  3.947310E-07  6.360829E-05
    100002  9.263792E-05 -5.355573E-05  2.874619E-04
    100004 -2.704045E-04  4.205638E-04 -1.828657E-03
    100201  2.201219E-03 -1.206556E-02  1.210959E-03
    100208  5.897373E-02  1.582068E-02 -1.026266E-01
    100762  3.047140E-03 -8.090516E-04  2.300842E-03
    100769  8.199665E-04  1.042903E-03 -1.094332E-03
    100982  1.101706E-05 -1.129908E-05 -2.562554E-04
    101131 -4.360429E-07 -8.522681E-07  7.810985E-06
    101133  6.503090E-07 -5.952324E-07 -1.350272E-06
    101135 -4.623687E-06  2.514541E-09  3.400990E-06
    200000  2.328212E-03 -8.732333E-06  1.106445E-03
    200006 -8.557666E-05  5.941131E-04 -7.792526E-04
    200204  2.680539E-02  3.327594E-01 -1.002177E-01
    200205 -1.778863E+00 -5.673211E-01  1.065930E+00
    200765 -6.661591E-02  2.553247E-02 -4.900765E-02
    200766  1.250542E-03 -1.566718E-02  6.172539E-03
    200981  5.569985E-06  2.157421E-04 -6.605772E-05
    201130  5.559859E-08 -3.251555E-06  2.176738E-06
    201136 -3.345355E-06  7.487904E-08  9.089035E-07
    300001  7.765966E-05  3.877646E-07  1.175544E-04
    300002 -8.588544E-05 -1.675652E-04 -3.379536E-04
    300004  2.523432E-04  5.418836E-04  1.641362E-03
    300201  1.097718E-02 -1.257046E-02 -1.699689E-03
    300208 -6.670742E-02  1.307217E-02  1.114276E-01
    300762 -1.775184E-03 -1.385272E-03 -9.949821E-04
    300769 -3.694442E-03  9.667079E-04  1.009357E-03
    300982 -1.106922E-05 -1.563355E-05  2.516478E-04
    301131  3.509297E-07 -9.055980E-07 -2.521994E-05
    301133 -6.565051E-07 -5.862022E-07 -1.046575E-05
    301135 -4.066944E-05  2.468807E-09  2.988897E-05
    400000 -2.289396E-03 -8.733549E-06 -1.087997E-03
    400006  8.027878E-05  5.941676E-04  7.467798E-04
    400204 -2.946883E-02  3.327786E-01  1.108690E-01
    400205  1.736025E+00 -5.673292E-01 -1.086642E+00
    400765  1.006001E-01  2.553274E-02  5.423419E-02
    400766 -8.237809E-04 -1.566822E-02 -3.862829E-03
    400981 -5.587105E-06  2.157485E-04  6.463652E-05
    401130 -6.267382E-08 -3.251677E-06 -5.756234E-06
    401136 -1.616556E-05  7.487793E-08  4.391765E-06
    500001 -1.614468E-04  4.172717E-06 -2.216769E-04
    500002  9.778286E-05  1.064439E-03  4.515217E-04
    500004 -2.745453E-04 -1.667946E-03 -7.313367E-04
    500201 -8.662603E-03  1.709081E-03  1.029706E-02
    500208  7.853389E-02  1.028052E-02 -1.916910E-01
    500762  1.792206E-04 -1.384415E-03  5.148021E-03
    500769 -4.642179E-04  6.449966E-04  4.158358E-05
    500982  1.805118E-05 -5.489717E-05 -3.318053E-04
    501131 -3.723532E-07  3.960984E-06  1.812528E-05
    501133  6.326905E-07  2.988695E-07  5.908558E-06
    501135  2.318488E-05 -4.746687E-10 -1.703808E-05
    600000  2.446455E-03  9.247374E-06  1.162639E-03
    600006 -8.539650E-05 -6.237035E-04 -7.988124E-04
    600204  3.456627E-02 -3.882474E-01 -1.300571E-01
    600205 -2.085145E+00  6.644175E-01  1.293751E+00
    600765 -2.335692E-02 -5.835379E-03 -1.182088E-02
    600766  1.650587E-04  3.411364E-03  6.186050E-04
    600981  8.320407E-06 -3.192307E-04 -9.308130E-05
    601130  6.252705E-08  3.495124E-06  4.968076E-06
    601136  1.190005E-05 -8.294083E-08 -3.232940E-06
    700001  9.218910E-05  4.174385E-06  1.382696E-04
    700002 -9.921850E-05  1.021566E-03 -4.215825E-04
    700004  2.778263E-04 -1.651168E-03  7.814164E-04
    700201  4.823455E-04  1.391204E-03 -9.983941E-03
    700208 -7.380131E-02  8.698446E-03  1.863587E-01
    700762 -1.134344E-03 -1.761875E-03 -6.235912E-03
    700769  2.463951E-03  5.901955E-04  4.435593E-05
    700982 -1.822315E-05 -5.927265E-05  3.398452E-04
    701131  5.116798E-07  3.890327E-06  1.619271E-06
    701133 -6.819718E-07  3.087042E-07  8.051303E-06
    701135  3.027728E-05 -5.327158E-10 -2.225626E-05
    800000 -2.470522E-03  9.250841E-06 -1.174072E-03
    800006  8.691916E-05 -6.238027E-04  8.056540E-04
    800204 -3.277373E-02 -3.882832E-01  1.229891E-01
    800205  2.111355E+00  6.644235E-01 -1.279028E+00
    800765  1.590821E-02 -5.835518E-03  1.487432E-02
    800766 -4.830250E-04  3.411911E-03 -2.317552E-03
    800981 -8.495246E-06 -3.192523E-04  9.493892E-05
    801130 -5.505676E-08  3.495473E-06 -1.286254E-06
    801136  9.367256E-06 -8.296692E-08 -2.544938E-06

                    E I G E N V A L U E    N U M B E R    76


 forces (fx,fy,fz) for set NSUPP and time  0.2000000E+01

     90000  1.141699E-10  7.623184E-11  6.830486E-11
     90002 -2.879741E-10 -7.433816E-11 -2.962440E-10
     90004 -1.720835E-10 -7.877365E-11  6.321002E-11
     90006  3.690528E-12 -2.357292E-11 -3.581213E-11
    100001 -1.351377E-08 -2.352672E-10 -1.656276E-08
    100002  8.599561E-10 -5.482461E-08  1.141887E-08
    100004 -1.933408E-09  6.525597E-08  4.846257E-08
    100201 -7.591088E-08 -4.510975E-07  1.874428E-07
    100208  1.082215E-06  6.964737E-07 -6.274395E-08
    100762  1.025223E-04  1.906490E-04 -5.821449E-04
    100769 -3.831522E-02 -2.073786E-02  4.092488E-02
    100982  1.617585E-01  1.979119E-01 -9.273986E-01
    101131  2.464307E-02  2.264957E-01 -4.477632E-01
    101133 -3.661264E-02  1.747069E-02  6.802381E-02
    101135  2.295953E-01 -2.916461E-05 -1.688983E-01
    200000  1.100715E-08 -6.762219E-11  5.228897E-09
    200006 -5.832600E-10  4.295647E-09 -4.514320E-09
    200204  4.364071E-07  3.965662E-06 -1.677339E-06
    200205 -1.333364E-05 -6.694957E-06  1.129950E-05
    200765 -2.954115E-02  9.810953E-03 -3.695095E-03
    200766 -3.600453E-03 -9.089351E-03  2.123745E-02
    200981  4.936365E-02  8.814787E-01 -2.697513E-01
    201130 -4.220206E-03  2.033084E-01 -4.685121E-01
    201136 -1.607467E+00 -4.824090E-03  4.367097E-01
    300001  1.336017E-10 -2.509296E-10  3.429395E-10
    300002 -8.974564E-10 -4.784681E-08 -4.610328E-09
    300004  1.833252E-09  6.769111E-08 -4.399450E-08
    300201 -1.309854E-06 -3.977279E-07 -1.421505E-07
    300208 -3.621521E-07  9.882741E-07 -6.525734E-07
    300762 -1.551726E-04  1.929706E-04  9.359694E-04
    300769 -1.108078E-01 -9.649337E-04  1.114517E-02
    300982 -1.604240E-01  2.140938E-01  9.226007E-01
    301131 -2.595114E-02  2.262725E-01  5.177152E-01
    301133  3.881833E-02  1.740530E-02 -4.221793E-02
    301135 -1.288137E-01 -2.893341E-05  9.483370E-02
    400000 -1.693244E-08 -6.740268E-11 -8.046887E-09
    400006  5.400471E-10  4.297247E-09  5.290016E-09
    400204 -1.824257E-07  3.965931E-06  6.595437E-07
    400205  2.929186E-05 -6.695147E-06 -1.398086E-05
    400765 -2.553164E-02  9.811206E-03  5.153185E-03
    400766  5.295391E-03 -9.089502E-03 -2.288749E-03
    400981 -4.897736E-02  8.815198E-01  2.691055E-01
    401130  4.336860E-03  2.033146E-01  4.841879E-01
    401136  1.647151E+00 -4.824448E-03 -4.474903E-01
    500001  1.346045E-08 -2.796406E-10  1.618934E-08
    500002  3.606383E-10 -4.795429E-08 -6.926676E-09
    500004 -1.555515E-09  5.347598E-08 -6.466688E-08
    500201 -2.619867E-07 -3.568957E-07 -1.345382E-07
    500208 -3.209596E-07  6.941612E-07 -1.289374E-06
    500762  1.707629E-04 -2.686952E-04 -1.078254E-03
    500769 -3.664304E-02  5.676265E-03  5.628193E-02
    500982  1.739513E-01 -1.686867E-01 -9.889921E-01
    501131  2.586020E-02 -2.006247E-01 -6.113958E-01
    501133 -3.942792E-02 -2.202937E-02 -1.440307E-02
    501135 -8.878457E-02  5.557516E-05  6.509571E-02
    600000  1.665273E-08  3.816074E-11  7.914005E-09
    600006 -5.119853E-10 -2.973939E-09 -5.112500E-09
    600204 -1.063292E-07  7.224423E-07  4.285832E-07
    600205  6.277290E-07 -1.159189E-06 -1.764066E-06
    600765  1.340508E-03 -1.139674E-02 -5.717588E-03
    600766 -5.832984E-03  1.058918E-02  1.379985E-02
    600981  5.205646E-02 -8.941549E-01 -2.802758E-01
    601130 -4.494199E-03 -2.094104E-01 -5.013094E-01
    601136 -1.736893E+00  4.941412E-03  4.718722E-01
    700001  1.617181E-09 -2.047346E-10  2.030284E-09
    700002 -1.634391E-10 -3.915980E-08  1.258888E-11
    700004  1.093263E-09  5.174401E-08  5.554427E-08
    700201  1.045165E-06 -3.263095E-07  1.048293E-07
    700208 -1.020067E-07  8.565665E-07  1.727348E-06
    700762 -1.353971E-04 -2.527071E-04  7.664337E-04
    700769  5.055901E-02  7.669966E-03 -5.374917E-02
    700982 -1.668442E-01 -1.777022E-01  9.542784E-01
    701131 -2.652482E-02 -2.005050E-01  6.053423E-01
    701133  4.023262E-02 -2.204053E-02  2.278868E-03
    701135  4.299707E-02  5.564554E-05 -3.143909E-02
    800000 -1.145569E-08  4.065831E-11 -5.445312E-09
    800006  3.732834E-10 -2.972396E-09  3.626410E-09
    800204 -4.232334E-08  7.224821E-07  1.645213E-07
    800205 -7.000578E-06 -1.159174E-06  2.174150E-06
    800765  1.145914E-02 -1.139837E-02  4.674894E-03
    800766  4.624842E-03  1.058995E-02 -1.614890E-02
    800981 -5.011337E-02 -8.941679E-01  2.703984E-01
    801130  4.354592E-03 -2.094310E-01  4.979338E-01
    801136  1.704751E+00  4.942495E-03 -4.631385E-01

                    E I G E N V A L U E    N U M B E R    77


 forces (fx,fy,fz) for set NSUPP and time  0.2000000E+01

     90000 -3.257635E-10 -1.167761E-10  2.824370E-11
     90002  8.513557E-11  1.606024E-11  8.883499E-12
     90004  5.354425E-11 -1.452168E-10 -2.854064E-10
     90006 -9.092793E-11 -5.596780E-11 -2.917870E-12
    100001  4.374220E-02  1.461663E-03  6.252480E-02
    100002 -3.549458E-02  3.637557E-01 -1.565882E-01
    100004  9.961878E-02 -5.648053E-01  2.807304E-01
    100201  7.145053E-01  1.994135E-01 -2.210810E-01
    100208  1.612883E-03 -2.519759E-03  1.115895E-02
    100762  2.512106E-06 -8.873233E-07  5.234288E-07
    100769  1.347457E-06  9.144369E-07 -1.420653E-06
    100982 -1.352397E-09 -1.633113E-07 -1.047860E-07
    101131 -2.417472E-11  1.052508E-08  5.054291E-09
    101133  7.980144E-11 -1.048759E-09  2.472779E-09
    101135  9.554366E-09  8.179025E-12 -7.020854E-09
    200000 -7.938498E-01  3.255949E-03 -3.772643E-01
    200006  3.137407E-02 -2.192983E-01  2.759220E-01
    200204 -1.031338E-01  1.191453E-01 -2.894876E-01
    200205 -7.696406E-02 -1.301279E-01  6.416564E-02
    200765 -3.548890E-05  1.761408E-05 -3.209739E-05
    200766  9.922075E-07 -1.086145E-05  4.933898E-06
    200981  1.003007E-10 -2.539625E-08 -5.681859E-09
    201130 -1.313228E-11  6.872536E-10 -4.617568E-09
    201136 -2.436433E-08 -2.641268E-11  6.620147E-09
    300001 -4.635575E-02  1.466757E-03 -6.504852E-02
    300002  3.348738E-02  3.762331E-01  1.496254E-01
    300004 -9.357058E-02 -6.114066E-01 -2.366253E-01
    300201 -7.766299E-01  1.956170E-01  1.497334E-01
    300208 -1.525620E-03 -2.450076E-03 -1.015808E-02
    300762 -7.609456E-07 -1.679043E-06  1.288007E-06
    300769 -5.272505E-06  8.077073E-07  1.238122E-06
    300982  4.760032E-09 -1.585081E-07  3.057540E-08
    301131 -2.829290E-10  1.035880E-08 -5.365546E-08
    301133 -1.863904E-12 -1.023181E-09 -3.636920E-08
    301135 -1.394107E-07  4.923864E-12  1.024607E-07
    400000  7.977418E-01  3.256401E-03  3.791133E-01
    400006 -2.958431E-02 -2.193183E-01 -2.676817E-01
    400204  9.708755E-02  1.191485E-01  2.735725E-01
    400205  7.428363E-02 -1.301342E-01 -6.054725E-02
    400765  8.243997E-05  1.761438E-05  3.936887E-05
    400766 -3.967337E-07 -1.086223E-05 -1.771144E-06
    400981  1.361277E-09 -2.539282E-08 -1.175196E-08
    401130  6.814010E-12  6.857245E-10 -2.889781E-09
    401136 -1.892064E-08 -3.783566E-11  5.138823E-09
    500001  8.533776E-03 -3.708780E-04  1.963280E-02
    500002 -3.402780E-02 -1.428090E-01 -1.263766E-01
    500004  9.819683E-02  3.103028E-01  5.324801E-01
    500201 -4.231910E-01 -1.034453E-01 -8.572724E-01
    500208  1.649280E-03  3.249977E-03  1.110685E-02
    500762 -1.875873E-06 -1.063503E-06  7.812379E-08
    500769 -2.862178E-06  7.666233E-07  1.611037E-06
    500982  1.095569E-08 -1.365726E-07 -8.881584E-08
    501131  9.256411E-11  8.451971E-09 -2.113631E-09
    501133 -1.462598E-10 -9.281772E-10  1.991682E-10
    501135  6.214329E-10  4.932831E-12 -4.600985E-10
    600000 -8.394476E-01 -3.263788E-03 -3.989344E-01
    600006  3.075923E-02  2.211783E-01  2.808800E-01
    600204 -1.031950E-01 -1.225193E-01 -3.083479E-01
    600205 -1.115063E-01  1.334184E-01  6.471423E-02
    600765  5.812578E-05  1.443905E-05  3.617167E-05
    600766 -7.397462E-07 -8.921503E-06 -3.587254E-06
    600981  4.239061E-09 -1.729245E-07 -4.036234E-08
    601130 -4.842791E-12  1.422295E-10  1.208703E-09
    601136  8.402506E-09 -1.203623E-11 -2.282990E-09
    700001 -2.118553E-02 -3.705960E-04 -3.491934E-02
    700002  3.391924E-02 -1.497770E-01  1.324860E-01
    700004 -9.807627E-02  3.096949E-01 -5.266960E-01
    700201  4.838159E-01 -1.067033E-01  8.989437E-01
    700208 -1.662487E-03  3.278078E-03 -1.137102E-02
    700762  8.542383E-07 -1.365018E-06 -1.435753E-06
    700769  4.702930E-06  7.142828E-07 -1.450786E-06
    700982 -1.350774E-08 -1.353250E-07  1.501863E-07
    701131  1.986010E-10  8.287654E-09  4.991944E-08
    701133  8.943061E-11 -9.026768E-10  3.302141E-08
    701135  1.266145E-07  4.499955E-12 -9.306247E-08
    800000  8.392627E-01 -3.265025E-03  3.988450E-01
    800006 -3.091357E-02  2.212143E-01 -2.800933E-01
    800204  1.042178E-01 -1.225187E-01  3.134455E-01
    800205  1.164012E-01  1.334248E-01 -6.532995E-02
    800765 -3.611263E-05  1.443918E-05 -2.120062E-05
    800766  3.935898E-07 -8.922752E-06  1.805416E-06
    800981 -5.425963E-09 -1.729345E-07  5.458427E-08
    801130  1.916927E-11  1.396652E-10  6.130652E-09
    801136  3.368878E-08 -1.883997E-11 -9.146564E-09

                    E I G E N V A L U E    N U M B E R    78


 forces (fx,fy,fz) for set NSUPP and time  0.2000000E+01

     90000  4.798910E-10  1.291545E-10  4.521913E-10
     90002  7.695653E-12 -1.455755E-11  3.247533E-11
     90004 -5.470438E-11 -3.578981E-10 -5.036989E-10
     90006 -1.342583E-10 -3.394403E-11  1.013849E-10
    100001  6.488049E-09 -1.718270E-11  7.655325E-09
    100002  6.228588E-10  7.361799E-09 -5.476016E-10
    100004 -1.790828E-09 -2.001623E-08 -1.389161E-08
    100201 -2.660515E-06 -1.734538E-07  8.357194E-08
    100208  1.464797E-06 -4.530668E-07 -1.196086E-06
    100762  2.766447E-03  5.372842E-03 -2.002890E-02
    100769  2.935796E+00 -4.681059E-01 -4.233402E-01
    100982 -1.179100E-01 -3.652933E-01  1.872475E+00
    101131 -8.108705E-04  1.487340E-02  2.971048E-02
    101133  1.346468E-03 -3.108946E-03  6.078250E-03
    101135  2.443057E-02  1.746828E-05 -1.795079E-02
    200000 -1.165792E-08  2.949080E-11 -5.538652E-09
    200006 -5.495887E-10 -2.128170E-09 -6.455425E-10
    200204  5.262927E-07  5.881598E-07 -2.115837E-06
    200205  4.308335E-05 -9.901535E-07 -9.474210E-06
    200765 -7.012514E-01  3.115596E-01 -1.067995E-01
    200766 -1.221385E-01 -2.906764E-01  6.031913E-01
    200981 -5.177547E-02 -1.912811E+00  5.375399E-01
    201130  2.024848E-04 -6.664810E-03  3.780365E-02
    201136  1.710380E-01  1.399123E-04 -4.646710E-02
    300001  6.905928E-09  1.182237E-11  7.947528E-09
    300002  1.259490E-09 -9.842323E-09  1.372850E-09
    300004 -3.671754E-09  2.063526E-08 -3.014643E-08
    300201 -2.825381E-06  3.385871E-08  6.487266E-08
    300208  1.252684E-06  7.329992E-07 -1.355381E-06
    300762 -3.962724E-03  6.019414E-03  3.145787E-02
    300769 -2.869853E+00 -4.773769E-01  9.593469E-02
    300982  1.267919E-01 -3.393679E-01 -2.091686E+00
    301131  6.227317E-04  1.462558E-02 -1.449399E-01
    301133 -1.877307E-03 -3.043462E-03 -7.940911E-02
    301135 -3.059324E-01  1.714147E-05  2.248496E-01
    400000  3.669320E-09  3.527874E-11  1.742975E-09
    400006 -1.152186E-09 -2.125941E-09 -5.946574E-09
    400204  4.377416E-07  5.883833E-07 -1.769806E-06
    400205  5.018973E-05 -9.906367E-07 -1.351125E-05
    400765  6.446863E-01  3.115675E-01  1.420654E-01
    400766  1.631206E-01 -2.906808E-01 -6.827753E-01
    400981  5.612798E-02 -1.912855E+00 -5.871804E-01
    401130 -2.655489E-04 -6.664681E-03 -5.331326E-02
    401136 -2.465128E-01  1.399156E-04  6.697187E-02
    500001 -4.375512E-10 -3.254161E-12 -5.484663E-10
    500002 -7.016108E-10 -4.670623E-09 -1.805075E-09
    500004  1.392425E-09  5.064886E-09  3.000168E-09
    500201  3.975655E-07 -7.406898E-08 -2.392823E-08
    500208 -2.485749E-07  3.641950E-08 -5.979363E-08
    500762  3.989681E-03 -8.282854E-03 -3.443440E-02
    500769 -4.092999E+00 -3.243134E-03  2.921645E+00
    500982 -1.763984E-01 -6.520370E-01  3.849153E+00
    501131 -1.574406E-03  7.303684E-02 -1.239893E-01
    501133  1.183816E-03 -5.974670E-03 -9.548804E-02
    501135 -3.649311E-01  4.345312E-05  2.682254E-01
    600000 -6.597097E-09 -2.637023E-11 -3.137978E-09
    600006  4.250953E-10  1.906251E-09  3.078855E-09
    600204 -7.829165E-08 -4.030933E-07  3.153465E-07
    600205 -2.356955E-06  6.999115E-07 -1.781148E-07
    600765 -6.961956E-01 -3.160508E-01 -1.451346E-01
    600766 -1.663474E-01  2.968273E-01  7.124449E-01
    600981 -8.274471E-02  2.897794E+00  8.969461E-01
    601130  3.376809E-04  1.079155E-02  6.727502E-02
    601136  3.120296E-01 -3.060424E-04 -8.477135E-02
    700001 -2.352366E-09 -1.093730E-11 -2.878106E-09
    700002  2.005073E-10 -8.225992E-09  1.778889E-09
    700004 -2.998671E-10  1.316612E-08  5.894578E-09
    700201  5.800733E-07 -3.542144E-08 -1.284386E-08
    700208 -4.157133E-07  2.311664E-07  9.099056E-07
    700762 -3.062015E-03 -7.785766E-03  2.549199E-02
    700769  4.042723E+00 -5.612580E-03 -2.665237E+00
    700982  1.696079E-01 -6.307656E-01 -3.678129E+00
    701131  1.654162E-03  7.286976E-02  2.125766E-01
    701133 -6.915240E-04 -5.921461E-03  1.510211E-01
    701135  5.781869E-01  4.320105E-05 -4.249643E-01
    800000  7.602910E-09 -2.717725E-11  3.615138E-09
    800006 -9.551835E-11  1.903518E-09 -1.670466E-09
    800204 -1.537372E-07 -4.030830E-07  6.161254E-07
    800205  3.372498E-06  6.998011E-07 -3.498118E-06
    800765  7.441577E-01 -3.160976E-01  1.169844E-01
    800766  1.335381E-01  2.968484E-01 -6.499784E-01
    800981  8.024484E-02  2.898016E+00 -8.556055E-01
    801130 -2.696550E-04  1.079279E-02 -5.495415E-02
    801136 -2.539055E-01 -3.060826E-04  6.898026E-02

                    E I G E N V A L U E    N U M B E R    79


 forces (fx,fy,fz) for set NSUPP and time  0.2000000E+01

     90000  2.896322E-10 -2.177816E-10  7.062589E-10
     90002 -4.328250E-11  6.630365E-11 -2.844333E-10
     90004  2.907146E-10 -1.768410E-10 -5.789777E-10
     90006 -2.112326E-10 -3.235403E-11  1.227628E-10
    100001 -1.636629E-06 -2.796562E-08 -1.985485E-06
    100002  3.232988E-08 -6.286818E-06  1.114406E-06
    100004 -2.973245E-08  7.399748E-06  6.830572E-06
    100201  1.299827E-05 -2.227473E-05  1.871532E-05
    100208  6.339539E-05  3.692068E-05 -2.065929E-05
    100762 -1.893641E-03 -4.301275E-03  1.801073E-02
    100769  5.323633E+00 -2.835825E-01 -2.820061E+00
    100982  5.405718E-02  2.786428E-01 -9.309418E-01
    101131  5.235853E-04  1.287975E-02  2.828623E-02
    101133 -4.821079E-04 -1.281696E-03  2.386020E-02
    101135  9.103068E-02  8.690197E-06 -6.690857E-02
    200000 -5.048403E-08 -2.487769E-09 -2.398970E-08
    200006 -6.165747E-09  1.351750E-07 -2.061876E-08
    200204  2.545450E-05  2.278087E-04 -9.799645E-05
    200205 -1.500645E-03 -3.845664E-04  9.435192E-04
    200765  3.386272E-01 -1.002981E-01  6.600828E-02
    200766  7.628948E-02  9.523260E-02 -3.355012E-01
    200981  2.528631E-02  1.117326E+00 -2.717558E-01
    201130 -1.025760E-04  9.464984E-04 -2.037699E-02
    201136 -9.406337E-02 -3.227485E-05  2.555487E-02
    300001 -8.788590E-08 -2.806126E-08 -9.381832E-08
    300002 -6.044031E-08 -5.258921E-06 -3.373724E-07
    300004  8.789380E-08  7.162777E-06 -5.749136E-06
    300201 -8.143747E-05 -1.953476E-05 -1.537303E-05
    300208 -1.966297E-05  5.042373E-05 -3.248559E-05
    300762  2.623151E-04 -3.474410E-03 -3.993052E-03
    300769 -5.385630E+00 -2.745008E-01  2.472371E+00
    300982 -8.455690E-02  1.498291E-01  1.376353E+00
    301131  1.907194E-04  1.305566E-02 -4.343013E-02
    301133 -5.611401E-04 -1.260271E-03 -2.382412E-02
    301135 -9.177938E-02  8.632843E-06  6.745464E-02
    400000 -4.859145E-07 -2.492326E-09 -2.309212E-07
    400006  2.329106E-08  1.351641E-07  1.875007E-07
    400204 -1.021238E-05  2.278243E-04  3.766919E-05
    400205  1.013223E-03 -3.845780E-04 -5.383860E-04
    400765 -5.386223E-01 -1.003044E-01 -2.087077E-02
    400766 -2.469166E-02  9.523760E-02  2.892324E-01
    400981 -3.678526E-02  1.117327E+00  3.732698E-01
    401130 -9.614222E-06  9.469656E-04  6.195859E-03
    401136  4.088544E-02 -3.227834E-05 -1.110769E-02
    500001  1.596156E-06 -2.736345E-08  1.933162E-06
    500002 -2.051453E-08 -6.042314E-06 -1.048026E-06
    500004 -3.008762E-09  7.041374E-06 -6.793028E-06
    500201 -9.353177E-06 -2.100297E-05 -2.130755E-05
    500208 -7.703977E-05  3.108242E-05  5.947440E-05
    500762 -4.369622E-03  1.139421E-02  4.192605E-02
    500769  3.222092E+00 -2.295540E-01 -2.890407E+00
    500982 -3.462372E-02 -2.513034E-01  9.895918E-01
    501131 -4.746826E-04  2.594687E-02 -6.687064E-02
    501133  1.309312E-04 -2.835326E-03 -4.636621E-02
    501135 -1.775767E-01  1.867841E-05  1.305176E-01
    600000  3.548789E-07 -1.274655E-09  1.686522E-07
    600006 -4.175586E-09  5.349132E-08 -7.719969E-08
    600204 -3.103565E-05  2.864045E-04  1.191832E-04
    600205  1.710373E-03 -4.850729E-04 -1.102617E-03
    600765  9.570670E-01  5.142448E-01  1.784450E-01
    600766  2.175559E-01 -4.837175E-01 -9.566834E-01
    600981 -1.870639E-02  8.674168E-01  2.085739E-01
    601130  7.131722E-05  5.303742E-04  1.458771E-02
    601136  6.803933E-02 -3.324744E-05 -1.848474E-02
    700001  1.059832E-07 -2.730009E-08  1.195058E-07
    700002  4.622386E-08 -5.039556E-06  2.738555E-07
    700004 -4.910156E-08  6.848072E-06  5.763319E-06
    700201  8.352764E-05 -1.805097E-05  1.786902E-05
    700208  3.127233E-05  4.595673E-05 -5.451933E-06
    700762  6.119545E-03  1.230638E-02 -5.713873E-02
    700769 -3.166996E+00 -2.281640E-01  3.268033E+00
    700982  6.400162E-02 -3.772236E-01 -1.413352E+00
    701131 -1.236478E-04  2.607515E-02  9.204862E-02
    701133  8.259097E-04 -2.809195E-03  5.402944E-02
    701135  2.077619E-01  1.859536E-05 -1.526996E-01
    800000  1.879190E-07 -1.275052E-09  8.931322E-08
    800006 -1.109470E-08  5.348353E-08 -8.199998E-08
    800204  1.499535E-05  2.864310E-04 -5.562098E-05
    800205 -1.413485E-03 -4.850796E-04  7.611524E-04
    800765 -7.535449E-01  5.143156E-01 -2.260599E-01
    800766 -2.719376E-01 -4.837462E-01  1.008672E+00
    800981  2.986554E-02  8.674547E-01 -3.045748E-01
    801130  3.661484E-05  5.308120E-04  6.729024E-04
    801136 -6.891859E-03 -3.324947E-05  1.872398E-03

                    E I G E N V A L U E    N U M B E R    80


 forces (fx,fy,fz) for set NSUPP and time  0.2000000E+01

     90000 -6.038738E-10 -1.637164E-10 -4.993248E-10
     90002  1.786861E-10  1.937847E-11  1.026716E-10
     90004 -4.316306E-10 -5.990002E-11  3.829254E-10
     90006  1.610782E-10  1.501670E-10 -1.550278E-10
    100001  1.333984E-05  2.552414E-07  1.626888E-05
    100002 -5.796908E-07  5.651209E-05 -1.039992E-05
    100004  1.084709E-06 -6.716302E-05 -5.644439E-05
    100201 -1.060002E-05  2.693270E-05 -1.250944E-04
    100208 -1.579093E-04 -2.884794E-05  2.816034E-05
    100762  1.120323E-03  1.180114E-02 -4.903170E-02
    100769 -3.747905E-02 -4.779884E-01  1.611672E+00
    100982  7.792281E-02 -6.347116E-01 -2.022959E+00
    101131  8.178130E-04  5.163864E-02  1.373158E-01
    101133 -8.155103E-05 -5.213743E-03  9.352074E-02
    101135  3.583272E-01  3.515600E-05 -2.633672E-01
    200000 -4.485995E-06  4.167254E-08 -2.131908E-06
    200006  3.112331E-07 -2.514218E-06  2.183612E-06
    200204 -5.347663E-05 -3.166310E-05  2.122595E-04
    200205  2.757592E-03  4.631754E-05 -1.836766E-03
    200765 -1.009269E+00  5.172554E-01 -1.104278E-01
    200766 -2.346731E-01 -4.991694E-01  1.065946E+00
    200981  3.964778E-02  1.421980E+00 -4.307784E-01
    201130 -1.066105E-04  2.926010E-03 -2.015299E-02
    201136 -9.159639E-02 -1.087593E-04  2.488466E-02
    300001 -8.623062E-07  2.559078E-07 -1.184055E-06
    300002  6.567467E-07  4.977674E-05  4.254923E-06
    300004 -1.122123E-06 -6.841967E-05  5.134737E-05
    300201  4.845345E-04  7.787845E-06  9.601520E-05
    300208 -1.521556E-04 -1.232800E-04  3.549693E-04
    300762 -1.830935E-03  1.236260E-02  6.751550E-02
    300769  1.717870E-01 -4.970521E-01 -2.118491E+00
    300982 -7.887593E-02 -6.339650E-01  2.008931E+00
    301131 -3.260170E-04  5.175195E-02 -1.547354E-01
    301133 -6.844646E-04 -5.195095E-03 -9.779120E-02
    301135 -3.753450E-01  3.509413E-05  2.758720E-01
    400000  8.671932E-06  4.167779E-08  4.121192E-06
    400006 -3.173081E-07 -2.514394E-06 -2.889389E-06
    400204 -5.523421E-05 -3.168234E-05  2.137204E-04
    400205  1.080475E-03  4.636399E-05 -1.183735E-03
    400765  8.819662E-01  5.172714E-01  1.572719E-01
    400766  2.963072E-01 -4.991769E-01 -1.164032E+00
    400981 -3.986024E-02  1.422033E+00  4.276986E-01
    401130  4.398997E-05  2.926492E-03  1.668649E-02
    401136  8.886178E-02 -1.087663E-04 -2.414177E-02
    500001 -1.203227E-05  2.251051E-07 -1.454444E-05
    500002  4.568537E-08  4.841621E-05  7.674566E-06
    500004  3.850032E-07 -5.535818E-05  5.763317E-05
    500201 -4.078800E-05  7.496449E-05  2.068681E-04
    500208  9.055173E-04  2.405513E-06 -1.711062E-03
    500762 -5.528390E-04 -1.378631E-02 -8.535847E-02
    500769 -1.311047E+01 -4.086914E-01  7.727339E+00
    500982  2.251597E-02  5.534735E-02 -4.555094E-01
    501131 -4.121957E-04  1.126018E-02 -3.157986E-02
    501133  3.116516E-04 -1.256926E-03 -2.439235E-02
    501135 -9.321171E-02  8.242933E-06  6.851092E-02
    600000 -7.486345E-06 -8.148325E-09 -3.557769E-06
    600006  1.487885E-07  8.209819E-07  1.917281E-06
    600204  3.840538E-04 -3.868498E-03 -1.462235E-03
    600205 -2.081162E-02  6.593362E-03  1.347908E-02
    600765 -9.152748E-01 -4.898851E-01 -1.143262E-01
    600766 -3.030866E-01  4.847011E-01  1.218310E+00
    600981  1.024257E-02 -3.591881E-01 -1.084159E-01
    601130  1.448384E-05  1.622355E-04 -5.704624E-03
    601136 -3.937643E-02 -1.313942E-05  1.069774E-02
    700001  1.841435E-07  2.256199E-07  2.194351E-07
    700002 -1.156088E-07  4.205306E-05 -1.826712E-06
    700004 -3.585896E-07 -5.661857E-05 -5.285677E-05
    700201 -4.815881E-04  5.417139E-05 -1.788797E-04
    700208 -5.935704E-04 -1.043114E-04  1.353973E-03
    700762  1.126322E-03 -1.330330E-02  6.823419E-02
    700769  1.298427E+01 -4.178210E-01 -7.257425E+00
    700982 -2.074241E-02  5.494550E-02  4.521773E-01
    701131 -2.659312E-04  1.144381E-02  3.948032E-02
    701133  6.345261E-04 -1.239627E-03  2.037786E-02
    701135  7.863298E-02  8.206709E-06 -5.779186E-02
    800000  3.443065E-06 -8.153146E-09  1.636263E-06
    800006 -1.472701E-07  8.211311E-07 -1.244916E-06
    800204 -2.729356E-04 -3.868871E-03  1.025498E-03
    800205  2.059537E-02  6.593466E-03 -1.184600E-02
    800765  1.035581E+00 -4.899691E-01  7.071595E-02
    800766  2.448376E-01  4.847341E-01 -1.126022E+00
    800981 -9.932397E-03 -3.592142E-01  1.070154E-01
    801130  5.844801E-05  1.627608E-04  8.400951E-03
    801136  3.383930E-02 -1.314855E-05 -9.193353E-03

                    E I G E N V A L U E    N U M B E R    81


 forces (fx,fy,fz) for set NSUPP and time  0.2000000E+01

     90000  7.230775E-12  2.058560E-11  6.385791E-11
     90002  6.026770E-11  7.316335E-11 -1.349956E-10
     90004  1.298866E-10 -1.452230E-10 -4.210702E-10
     90006 -2.607402E-11  3.007744E-11  6.571870E-11
    100001  1.849352E-04  3.925816E-06  2.268475E-04
    100002 -1.280362E-05  8.565851E-04 -1.640511E-04
    100004  2.786431E-05 -1.021145E-03 -7.872099E-04
    100201  7.939797E-04 -9.159706E-04 -1.407299E-03
    100208  2.348447E-03  1.695425E-03 -5.160767E-03
    100762 -3.845099E-02  2.403791E-03 -6.915403E-02
    100769 -8.667871E-03  4.262860E-02 -1.732711E-01
    100982 -8.378484E-03  8.387714E-02  2.276828E-01
    101131 -1.003375E-04 -6.558858E-03 -1.777595E-02
    101133  3.299869E-06  6.675464E-04 -1.203476E-02
    101135 -4.611753E-02 -4.489755E-06  3.389593E-02
    200000 -1.300000E-04  8.805381E-07 -6.178049E-05
    200006  8.287193E-06 -5.488904E-05  5.985135E-05
    200204  1.271731E-03  2.415165E-02 -4.683462E-03
    200205 -9.790788E-02 -4.110613E-02  5.580489E-02
    200765  1.513237E+00 -5.137061E-01  8.760665E-01
    200766  8.755080E-03  3.344318E-01 -2.047079E-01
    200981 -4.307539E-03 -1.480992E-01  4.694605E-02
    201130  1.120551E-05 -3.452785E-04  1.914242E-03
    201136  8.379031E-03  1.321264E-05 -2.276392E-03
    300001 -3.434855E-05  3.940869E-06 -4.396529E-05
    300002  1.113832E-05  7.897472E-04  7.913750E-05
    300004 -2.042675E-05 -1.097446E-03  7.818041E-04
    300201  6.068652E-03 -1.192644E-03  9.398786E-04
    300208 -6.736924E-03  3.010843E-04  1.048248E-02
    300762  4.952359E-02 -1.879144E-03  8.053779E-02
    300769 -3.267194E-02  4.478216E-02  2.302002E-01
    300982  7.560954E-03  7.940577E-02 -2.109672E-01
    301131  3.890022E-05 -6.573622E-03  1.963055E-02
    301133  9.023832E-05  6.654106E-04  1.237036E-02
    301135  4.748324E-02 -4.482945E-06 -3.489933E-02
    400000  1.898616E-04  8.806455E-07  9.022856E-05
    400006 -5.932266E-06 -5.489577E-05 -5.854397E-05
    400204 -2.820070E-03  2.415283E-02  1.071067E-02
    400205  1.324563E-01 -4.110614E-02 -9.081118E-02
    400765 -1.484355E+00 -5.137089E-01 -9.428952E-01
    400766 -1.188815E-02  3.344492E-01  2.362826E-01
    400981  3.967393E-03 -1.481060E-01 -4.318637E-02
    401130 -4.725430E-06 -3.453405E-04 -1.910804E-03
    401136 -1.026853E-02  1.321361E-05  2.789731E-03
    500001 -1.524421E-04  3.155523E-06 -1.838593E-04
    500002 -9.342014E-07  6.579674E-04  9.447540E-05
    500004  1.009097E-05 -7.313322E-04  8.290331E-04
    500201 -1.691143E-03  5.872535E-04  3.414531E-03
    500208  1.722219E-02  1.849174E-03 -3.801458E-02
    500762 -7.458947E-02  2.748141E-02 -1.966122E-01
    500769  1.509366E+00  4.606146E-02 -8.750728E-01
    500982 -1.392724E-03  7.297493E-03  2.107258E-02
    501131  6.426499E-05 -2.279044E-03  6.356487E-03
    501133 -3.859256E-05  2.381481E-04  4.674604E-03
    501135  1.788126E-02 -1.592831E-06 -1.314270E-02
    600000 -1.742321E-04 -3.937631E-07 -8.280105E-05
    600006  3.583605E-06  3.045228E-05  4.522535E-05
    600204  7.421900E-03 -7.715882E-02 -2.817630E-02
    600205 -4.081127E-01  1.317023E-01  2.626378E-01
    600765  2.249429E+00  7.490998E-01  1.437150E+00
    600766  3.973914E-03 -4.781441E-01 -3.007678E-01
    600981 -5.995201E-04  2.685079E-02  6.177457E-03
    601130 -3.080578E-06 -9.977409E-05  5.376464E-04
    601136  4.218573E-03  4.165899E-06 -1.146097E-03
    700001  1.819282E-05  3.168969E-06  2.076756E-05
    700002  2.578810E-06  5.994984E-04 -1.811152E-05
    700004 -1.720532E-05 -8.030573E-04 -8.276271E-04
    700201 -5.602773E-03  2.960372E-04 -2.979522E-03
    700208 -1.284558E-02  3.547993E-04  3.298463E-02
    700762  6.356751E-02  2.327316E-02  1.851361E-01
    700769 -1.468965E+00  4.710183E-02  8.224947E-01
    700982  2.117260E-03  2.956582E-03 -3.573045E-02
    701131  1.933421E-05 -2.302210E-03 -7.079935E-03
    701133 -7.637498E-05  2.361497E-04 -4.025507E-03
    701135 -1.549166E-02 -1.589104E-06  1.138590E-02
    800000  1.207393E-04 -3.939502E-07  5.737931E-05
    800006 -5.873103E-06  3.045505E-05 -4.692849E-05
    800204 -5.847022E-03 -7.716633E-02  2.202264E-02
    800205  4.080743E-01  1.317043E-01 -2.407821E-01
    800765 -2.280243E+00  7.491241E-01 -1.369831E+00
    800766 -1.351493E-03 -4.782117E-01  2.693601E-01
    800981  9.236785E-04  2.685141E-02 -9.422088E-03
    801130 -4.702055E-06 -9.984838E-05 -4.463300E-04
    801136 -1.327439E-03  4.167385E-06  3.606327E-04

                    E I G E N V A L U E    N U M B E R    82


 forces (fx,fy,fz) for set NSUPP and time  0.2000000E+01

     90000 -3.268923E-11 -8.542592E-11 -1.128835E-10
     90002 -1.582740E-10 -3.061390E-11 -1.497281E-11
     90004 -1.335292E-10  7.923410E-11  3.109205E-10
     90006  8.365930E-11  2.959020E-11 -3.625084E-11
    100001  5.156691E-04  1.402606E-05  6.432570E-04
    100002 -7.483630E-05  2.972732E-03 -6.197427E-04
    100004  1.832714E-04 -3.572536E-03 -2.209622E-03
    100201  8.955819E-03 -1.270698E-02 -1.148244E-03
    100208  4.475018E-02  2.073953E-02 -6.441316E-02
    100762  1.011451E-02 -6.052744E-04  1.704572E-02
    100769  1.726840E-02 -3.518198E-03  7.149285E-03
    100982  9.058659E-04 -1.087239E-02 -2.586236E-02
    101131  1.249953E-05  8.594646E-04  2.298987E-03
    101133  2.274221E-07 -8.785545E-05  1.549628E-03
    101135  5.938758E-03  5.901025E-07 -4.364925E-03
    200000 -9.334610E-04  4.989093E-06 -4.436128E-04
    200006  5.583116E-05 -3.208985E-04  4.125734E-04
    200204  2.051652E-02  2.733574E-01 -7.734199E-02
    200205 -1.404283E+00 -4.644949E-01  8.342362E-01
    200765 -3.560503E-01  1.073544E-01 -2.162314E-01
    200766  2.024521E-03 -6.758017E-02  3.275624E-02
    200981  4.714729E-04  1.546327E-02 -5.170596E-03
    201130 -1.245020E-06  4.340462E-05 -1.915247E-04
    201136 -8.015442E-04 -1.689737E-06  2.177611E-04
    300001 -2.741215E-04  1.411366E-05 -3.423761E-04
    300002  4.857824E-05  2.996816E-03  3.858418E-04
    300004 -9.965766E-05 -4.250426E-03  2.710776E-03
    300201  1.200269E-02 -1.354968E-02 -6.542136E-04
    300208 -5.747032E-02  1.628663E-02  7.913460E-02
    300762 -9.465669E-03 -6.857427E-04 -1.578127E-02
    300769 -1.550390E-02 -3.919727E-03 -1.418637E-02
    300982 -7.107316E-04 -9.884986E-03  2.216171E-02
    301131 -5.341917E-06  8.610079E-04 -2.625389E-03
    301133 -1.186698E-05 -8.754150E-05 -1.656606E-03
    301135 -6.358644E-03  5.889894E-07  4.673490E-03
    400000  1.114322E-03  4.989703E-06  5.295631E-04
    400006 -2.999524E-05 -3.209518E-04 -3.211972E-04
    400204 -2.507581E-02  2.733730E-01  9.477106E-02
    400205  1.363826E+00 -4.645005E-01 -8.805759E-01
    400765  3.045688E-01  1.073553E-01  1.929821E-01
    400766 -1.014164E-03 -6.758420E-02 -3.317542E-02
    400981 -3.913703E-04  1.546414E-02  4.337252E-03
    401130  5.168240E-07  4.341274E-05  2.138131E-04
    401136  1.152208E-03 -1.689874E-06 -3.130294E-04
    500001 -3.042382E-04  8.945769E-06 -3.629118E-04
    500002 -1.670646E-05  1.695978E-03  1.586583E-04
    500004  7.039210E-05 -1.705929E-03  2.544282E-03
    500201 -1.336310E-02 -1.461162E-03  1.406104E-02
    500208  8.719216E-02  1.887367E-02 -2.224862E-01
    500762  7.763619E-03 -4.082110E-03  2.542397E-02
    500769 -1.639828E-01 -4.795727E-03  9.398779E-02
    500982  8.700691E-06 -3.777213E-03  2.699477E-03
    501131 -9.610664E-06  4.634604E-04 -1.225142E-03
    501133  3.774545E-06 -4.738001E-05 -8.644014E-04
    501135 -3.309348E-03  3.189321E-07  2.432353E-03
    600000 -1.080946E-03 -3.483573E-06 -5.137028E-04
    600006  2.346837E-05  2.467106E-04  2.865343E-04
    600204  3.826317E-02 -4.129783E-01 -1.447905E-01
    600205 -2.139502E+00  7.059215E-01  1.366968E+00
    600765 -2.461682E-01 -8.612465E-02 -1.565834E-01
    600766 -2.461542E-04  5.455120E-02  3.128419E-02
    600981 -1.263568E-05 -8.727727E-04  2.116688E-04
    601130  5.623573E-07  2.407648E-05 -3.092223E-05
    601136 -3.564735E-04 -9.303950E-07  9.684654E-05
    700001  1.735649E-04  9.021580E-06  1.965459E-04
    700002  4.215665E-05  1.772436E-03  1.452234E-05
    700004 -1.498420E-04 -2.337699E-03 -3.058602E-03
    700201 -7.458815E-03 -2.299178E-03 -1.248153E-02
    700208 -7.460550E-02  1.457275E-02  2.079401E-01
    700762 -8.413975E-03 -4.292924E-03 -2.644591E-02
    700769  1.626353E-01 -5.096014E-03 -8.737258E-02
    700982 -1.950824E-04 -2.800177E-03  8.070682E-04
    701131  3.449819E-07  4.658147E-04  1.441812E-03
    701133  9.880798E-06 -4.707330E-05  8.764651E-04
    701135  3.367226E-03  3.181324E-07 -2.474837E-03
    800000  9.531754E-04 -3.485023E-06  4.529805E-04
    800006 -4.826812E-05  2.467249E-04 -3.792522E-04
    800204 -3.360631E-02 -4.130186E-01  1.268707E-01
    800205  2.170724E+00  7.059322E-01 -1.315423E+00
    800765  2.616419E-01 -8.612722E-02  1.655868E-01
    800766 -7.154410E-04  5.455895E-02 -3.089325E-02
    800981 -6.584804E-05 -8.725076E-04  5.741430E-04
    801130  2.973889E-07  2.408684E-05 -1.125308E-06
    801136 -9.317190E-05 -9.306280E-07  2.531293E-05

                    E I G E N V A L U E    N U M B E R    83


 forces (fx,fy,fz) for set NSUPP and time  0.2000000E+01

     90000 -1.071341E-10 -3.472610E-11  1.533851E-12
     90002  1.814224E-10  4.326739E-11 -5.518096E-12
     90004  1.544730E-11 -1.744590E-10 -3.607077E-10
     90006 -9.137498E-11 -2.211186E-11 -1.309466E-11
    100001  1.707093E-06  2.469651E-08  2.052510E-06
    100002  3.291416E-08  5.718057E-06 -8.894048E-07
    100004 -1.516209E-07 -6.722215E-06 -7.296987E-06
    100201 -1.714731E-05  2.690842E-05 -2.332033E-05
    100208 -1.222786E-04 -3.863893E-05  1.581017E-04
    100762 -3.569556E-03 -7.813326E-03  3.489429E-02
    100769  1.034629E+01 -4.682366E-01 -5.455689E+00
    100982  1.422612E-01 -2.118700E+00 -4.200662E+00
    101131  2.658316E-03  1.837974E-01  4.950561E-01
    101133  8.921628E-05 -1.882289E-02  3.332972E-01
    101135  1.277348E+00  1.263732E-04 -9.388373E-01
    200000  1.007998E-06 -1.656404E-09  4.790382E-07
    200006 -5.026194E-08  1.422886E-07 -3.986471E-07
    200204 -5.267132E-05 -5.672188E-04  2.005007E-04
    200205  3.318345E-03  9.631332E-04 -2.031991E-03
    200765 -2.906690E-03 -2.059455E-01  1.292495E-01
    200766  1.463461E-01  1.944892E-01 -3.657338E-01
    200981  7.307324E-02  1.878418E+00 -8.082517E-01
    201130 -1.845807E-04  9.120097E-03 -1.338555E-02
    201136 -2.696024E-02 -3.579948E-04  7.324360E-03
    300001  3.525330E-07  2.468294E-08  4.196530E-07
    300002  3.556375E-08  4.295634E-06  1.061519E-07
    300004 -2.411519E-08 -5.615646E-06  5.249744E-06
    300201  6.657733E-05  2.491102E-05  2.117831E-05
    300208  8.930799E-05 -4.813768E-05 -1.167096E-04
    300762  1.285473E-03 -6.470350E-03 -1.054947E-02
    300769 -9.638658E+00 -5.605062E-01  4.529177E+00
    300982 -3.687055E-02 -1.604120E+00  2.352239E+00
    301131 -1.130206E-03  1.841373E-01 -5.610072E-01
    301133 -2.549019E-03 -1.875813E-02 -3.538392E-01
    301135 -1.358166E+00  1.261470E-04  9.982278E-01
    400000 -5.227274E-07 -1.663819E-09 -2.484120E-07
    400006 -2.905878E-09  1.423636E-07  7.182357E-08
    400204  4.122598E-05 -5.672546E-04 -1.549613E-04
    400205 -2.713939E-03  9.631542E-04  1.633321E-03
    400765  1.816853E-01 -2.059572E-01 -5.690764E-02
    400766 -6.142313E-02  1.944987E-01  7.703985E-02
    400981 -3.069096E-02  1.878643E+00  3.921483E-01
    401130  1.085266E-04  9.122056E-03  4.543802E-02
    401136  2.452386E-01 -3.580318E-04 -6.662590E-02
    500001 -1.872310E-06  2.886246E-08 -2.273924E-06
    500002  4.677701E-08  6.666048E-06  1.280239E-06
    500004 -7.183771E-08 -8.138538E-06  6.803553E-06
    500201  1.963646E-05  1.336518E-05  1.368976E-05
    500208  3.549998E-06 -2.915140E-05  8.545211E-05
    500762  3.434866E-04 -2.561436E-03 -1.644508E-02
    500769 -9.546007E+00 -6.138836E-01  4.371173E+00
    500982 -1.050940E-01 -2.449374E+00  3.827925E+00
    501131 -2.829285E-03  1.939173E-01 -5.162061E-01
    501133 -8.559327E-06 -1.960381E-02 -3.483897E-01
    501135 -1.335100E+00  1.323580E-04  9.812851E-01
    600000  7.355059E-07  5.738997E-09  3.495368E-07
    600006 -1.949059E-08 -3.541062E-07 -2.120534E-07
    600204 -7.247868E-07  5.896910E-05  1.288813E-06
    600205  1.793254E-05 -1.038575E-04 -1.391009E-05
    600765  4.772684E-01  3.233434E-02 -2.103783E-02
    600766 -3.935448E-02 -2.598482E-02 -9.656723E-02
    600981 -5.795519E-02  1.352699E+00  6.592247E-01
    601130  1.841035E-04  1.065763E-02  7.474138E-03
    601136 -8.185535E-03 -4.013311E-04  2.223949E-03
    700001 -2.902206E-07  2.878612E-08 -3.232614E-07
    700002 -1.139678E-07  5.200555E-06 -4.383435E-07
    700004  2.420165E-07 -7.087311E-06 -4.756001E-06
    700201 -7.166687E-05  1.128050E-05 -1.135868E-05
    700208  2.925252E-05 -3.951199E-05 -1.248017E-04
    700762  1.990658E-03 -1.168890E-03 -8.472841E-03
    700769  8.835398E+00 -7.072332E-01 -3.431558E+00
    700982 -5.280775E-04 -1.932297E+00 -1.968048E+00
    701131  1.437368E-03  1.942191E-01  5.847937E-01
    701133  2.300250E-03 -1.953441E-02  3.723887E-01
    701135  1.429030E+00  1.321394E-04 -1.050313E+00
    800000 -1.277860E-06  5.738331E-09 -6.072798E-07
    800006  7.127702E-08 -3.541066E-07  5.387512E-07
    800204  1.208023E-05  5.897522E-05 -4.640355E-05
    800205 -3.771212E-04 -1.038580E-04  3.146944E-04
    800765 -6.507838E-01  3.233117E-02 -5.256391E-02
    800766 -4.707899E-02 -2.598012E-02  3.869340E-01
    800981  1.542261E-02  1.352975E+00 -2.398544E-01
    801130 -1.139274E-04  1.066026E-02 -3.998384E-02
    801136 -2.089350E-01 -4.014011E-04  5.676295E-02

                    E I G E N V A L U E    N U M B E R    84


 forces (fx,fy,fz) for set NSUPP and time  0.2000000E+01

     90000 -2.621241E-11 -3.109519E-11  1.021603E-11
     90002  8.047975E-11 -8.266041E-12  2.789167E-11
     90004  1.000207E-10 -4.646500E-11 -2.090587E-10
     90006  2.409683E-11 -1.562759E-12 -3.180736E-11
    100001 -6.625551E-01  5.463580E-03 -7.716956E-01
    100002 -9.894554E-02  1.920516E-01 -9.885074E-02
    100004  2.722602E-01  6.900247E-01  9.132375E-01
    100201  3.958912E+00  2.771386E-01  9.123928E-01
    100208  3.696355E-03 -2.214015E-04  3.331854E-02
    100762  1.190262E-06 -9.570661E-07  9.392470E-06
    100769  3.298396E-05 -5.768110E-07 -1.314231E-05
    100982 -1.712696E-07  5.392321E-07  4.082945E-06
    101131  8.228746E-09 -7.366055E-08  8.803426E-08
    101133 -1.036361E-08  7.194142E-09  1.642856E-07
    101135  6.208235E-07 -4.743731E-11 -4.563401E-07
    200000  2.634496E-01 -3.334921E-04  1.251995E-01
    200006  8.274205E-02  2.955860E-02  3.415903E-01
    200204 -2.087574E-01 -9.505963E-03 -2.511608E-01
    200205  4.597889E-01  9.519633E-03  1.249797E-01
    200765 -2.473712E-04  6.533332E-05 -1.157198E-04
    200766  1.462466E-06 -3.971183E-05  3.277710E-06
    200981 -8.416194E-08 -2.473088E-06  9.977271E-07
    201130 -5.209688E-10 -3.634217E-09  6.372818E-08
    201136  5.497858E-07  1.405761E-10 -1.493659E-07
    300001 -9.742413E-01  5.880196E-03 -1.147679E+00
    300002 -9.735426E-02  2.113043E+00  1.336197E-01
    300004  2.987759E-01 -3.532214E+00  3.781028E+00
    300201 -3.519513E+00  2.868709E-01 -3.374132E+00
    300208  4.001392E-03  4.548774E-03  3.667819E-02
    300762 -1.155373E-05  3.080740E-06 -2.171443E-05
    300769 -1.127949E-05 -1.359580E-07  1.130874E-05
    300982  1.103913E-07  2.429461E-07 -2.084620E-06
    301131  9.668672E-09 -6.745443E-08  4.902229E-07
    301133 -9.362862E-09  7.180437E-09  4.260030E-07
    301135  1.624623E-06 -5.002083E-11 -1.194119E-06
    400000 -9.931580E-02 -3.339559E-04 -4.719888E-02
    400006  9.266496E-02  2.937131E-02  4.469767E-01
    400204 -2.300343E-01 -9.476461E-03 -3.858201E-01
    400205  3.064246E-01  9.444208E-03  1.390298E-01
    400765  1.891112E-04  6.533177E-05  1.587931E-04
    400766 -4.609128E-06 -3.971352E-05 -2.223172E-05
    400981  5.079415E-08 -2.473346E-06 -5.476737E-07
    401130 -8.597543E-10 -3.625324E-09 -4.134384E-08
    401136  1.076102E-08  1.405534E-10 -2.921617E-09
    500001  1.973871E+00  4.613886E-03  2.306332E+00
    500002  2.656417E-01 -1.492447E+00  1.065701E-01
    500004 -7.604001E-01  4.375512E+00 -5.015922E+00
    500201 -4.255980E+00  2.155251E-01  1.210931E+00
    500208 -1.021933E-02 -4.683778E-03 -9.211765E-02
    500762  1.344512E-05 -6.918588E-06  6.828522E-06
    500769 -6.356103E-05 -1.871661E-06  1.331442E-05
    500982  1.573646E-07  6.053882E-07 -3.925767E-06
    501131 -9.282261E-09 -7.482261E-08 -8.556605E-08
    501133  1.176375E-08  6.990129E-09 -1.763996E-07
    501135 -6.660202E-07 -4.855192E-11  4.895649E-07
    600000 -3.964685E-01 -6.153528E-05 -1.884134E-01
    600006 -2.330072E-01  1.063241E-02 -1.017802E+00
    600204  5.802877E-01  4.052820E-03  7.471007E-01
    600205 -1.186881E+00 -5.162287E-03 -3.491142E-01
    600765  5.676524E-04  4.515590E-05  1.440288E-04
    600766  3.614115E-06 -2.735325E-05  2.444424E-05
    600981  7.764071E-08 -2.174050E-06 -9.372984E-07
    601130  6.310609E-10 -4.824710E-09 -5.727901E-08
    601136 -5.447060E-07  1.668811E-10  1.479851E-07
    700001  2.254524E+00  5.724112E-03  2.646233E+00
    700002  2.592973E-01  3.573671E+00 -1.208358E-01
    700004 -7.698558E-01 -6.960844E+00 -7.502575E+00
    700201  2.139940E+00  2.947623E-01  4.752754E+00
    700208 -1.012324E-02  7.865842E-03 -9.280621E-02
    700762  2.254398E-05  9.387436E-06  3.155807E-05
    700769 -1.633020E-05  1.106801E-07 -1.249654E-05
    700982 -8.762504E-08  2.424856E-07  1.677177E-06
    701131 -1.102359E-08 -6.788787E-08 -4.787385E-07
    701133  1.123134E-08  7.038347E-09 -4.368652E-07
    701135 -1.664638E-06 -4.854566E-11  1.223537E-06
    800000 -1.594670E-01 -6.267101E-05 -7.578229E-02
    800006 -2.373828E-01  1.012597E-02 -1.076548E+00
    800204  5.778030E-01  4.129913E-03  8.170098E-01
    800205 -1.048631E+00 -5.361598E-03 -3.477339E-01
    800765  2.549262E-04  4.514992E-05 -5.107076E-05
    800766  8.066436E-06 -2.735456E-05  4.135903E-05
    800981 -3.981364E-08 -2.174380E-06  4.271486E-07
    801130  9.949587E-10 -4.813165E-09  4.130507E-08
    801136 -5.040628E-08  1.672380E-10  1.369453E-08

                    E I G E N V A L U E    N U M B E R    85


 forces (fx,fy,fz) for set NSUPP and time  0.2000000E+01

     90000 -5.013542E-10 -3.390169E-10 -8.388094E-11
     90002  3.054574E-10  4.022321E-10  2.936169E-10
     90004 -8.463204E-10  5.113626E-10  1.893693E-09
     90006  3.847155E-11  2.283804E-11 -3.234567E-12
    100001 -2.129839E+00  1.678342E-03 -2.491164E+00
    100002 -2.766131E-01 -2.185901E+00 -5.546028E-02
    100004  8.001594E-01  5.401285E+00  6.001675E+00
    100201  2.776392E+00  5.924990E-02 -2.172012E+00
    100208  1.059458E-02 -5.594003E-03  9.572352E-02
    100762 -1.660700E-05 -8.684420E-06 -1.287202E-05
    100769  5.536401E-05 -1.308152E-06 -5.943781E-06
    100982 -9.901200E-08  4.340282E-07  2.527388E-06
    101131  6.490940E-09 -5.073432E-08  5.305375E-08
    101133 -8.274955E-09  4.906422E-09  1.192806E-07
    101135  4.501185E-07 -3.485978E-11 -3.308657E-07
    200000  3.919803E-01 -1.351926E-04  1.862804E-01
    200006  2.455657E-01  1.220196E-02  1.077606E+00
    200204 -6.027849E-01 -3.947611E-03 -7.683693E-01
    200205  1.246720E+00  4.028165E-03  3.625662E-01
    200765 -6.570887E-04  3.027668E-05 -1.564899E-04
    200766 -5.016127E-06 -1.838717E-05 -2.996447E-05
    200981 -4.996486E-08 -1.407790E-06  6.043457E-07
    201130 -4.583867E-10 -2.502845E-09  3.882906E-08
    201136  3.757793E-07  1.019992E-10 -1.020929E-07
    300001 -2.254789E+00  2.866978E-03 -2.641876E+00
    300002 -2.760341E-01  3.109947E+00  3.756760E-02
    300004  8.110260E-01 -6.540628E+00  7.152719E+00
    300201 -1.790568E-01  1.634319E-01 -3.867757E+00
    300208  1.072202E-02  7.337044E-03  9.707644E-02
    300762 -2.252357E-05  9.691301E-06 -2.739017E-05
    300769  3.339643E-05  9.444235E-07  6.320643E-06
    300982  5.856240E-08  2.165344E-07 -1.106314E-06
    301131  7.490797E-09 -4.599808E-08  3.285624E-07
    301133 -7.604007E-09  4.937457E-09  2.986715E-07
    301135  1.138135E-06 -3.469578E-11 -8.365480E-07
    400000  2.408379E-01 -1.363499E-04  1.144524E-01
    400006  2.495998E-01  1.166728E-02  1.120936E+00
    400204 -6.113712E-01 -3.866047E-03 -8.256443E-01
    400205  1.179499E+00  3.818767E-03  3.682826E-01
    400765 -4.541499E-04  3.026975E-05 -2.893314E-05
    400766 -7.877705E-06 -1.838537E-05 -4.164844E-05
    400981  2.677188E-08 -1.407953E-06 -2.811068E-07
    401130 -6.665127E-10 -2.490747E-09 -2.200725E-08
    401136  6.555174E-08  1.095427E-10 -1.786347E-08
    500001 -1.077779E+00  2.456872E-03 -1.263090E+00
    500002 -1.302135E-01  1.687803E+00  3.019060E-02
    500004  3.860974E-01 -3.398380E+00  3.649682E+00
    500201 -5.892325E-01  1.443123E-01 -2.087975E+00
    500208  5.010103E-03  3.695333E-03  4.568519E-02
    500762 -1.327372E-05  6.086957E-06 -1.683235E-05
    500769  1.402019E-05  2.768795E-07  7.389633E-06
    500982  7.107062E-08  3.625067E-07 -2.009398E-06
    501131 -4.568866E-09 -5.034429E-08 -4.063425E-08
    501133  5.817136E-09  4.773662E-09 -8.634141E-08
    501135 -3.259436E-07 -3.143955E-11  2.395913E-07
    600000  1.259510E-01 -1.240658E-05  5.985526E-02
    600006  1.190038E-01  3.326597E-03  5.323511E-01
    600204 -2.856134E-01  2.198664E-03 -3.675520E-01
    600205  5.842225E-01 -2.772583E-03  1.719425E-01
    600765 -3.072519E-04  2.083104E-05 -3.226715E-05
    600766 -4.840648E-06 -1.260703E-05 -2.426933E-05
    600981  3.736979E-08 -1.218141E-06 -4.694825E-07
    601130  2.726390E-10 -3.276626E-09 -3.737735E-08
    601136 -3.151191E-07  1.160651E-10  8.561051E-08
    700001 -9.595752E-01  1.893677E-03 -1.119867E+00
    700002 -1.331114E-01 -8.110916E-01 -6.641477E-02
    700004  3.828582E-01  2.308963E+00  2.606986E+00
    700201  2.162512E+00  7.567123E-02 -5.679145E-01
    700208  5.059803E-03 -2.410535E-03  4.545626E-02
    700762 -9.067414E-06 -4.891443E-06 -5.247938E-06
    700769  3.713644E-05 -1.157162E-06 -5.308127E-06
    700982 -6.297567E-08  3.135162E-07  1.250390E-06
    701131 -5.766844E-09 -4.671061E-08 -3.079491E-07
    701133  5.480488E-09  4.759731E-09 -2.635050E-07
    701135 -1.005141E-06 -3.253083E-11  7.387919E-07
    800000  2.169886E-01 -1.188706E-05  1.031194E-01
    800006  1.174660E-01  3.582432E-03  5.101609E-01
    800204 -2.872521E-01  2.160413E-03 -3.421372E-01
    800205  6.378675E-01 -2.673954E-03  1.728864E-01
    800765 -4.512698E-04  2.083530E-05 -1.222843E-04
    800766 -2.751122E-06 -1.261059E-05 -1.653489E-05
    800981 -2.825621E-08 -1.218303E-06  3.013445E-07
    801130  4.993157E-10 -3.272381E-09  1.966642E-08
    801136 -3.191423E-08  1.049147E-10  8.669688E-09

                    E I G E N V A L U E    N U M B E R    86


 forces (fx,fy,fz) for set NSUPP and time  0.2000000E+01

     90000 -8.952342E-11 -2.345274E-10  1.732247E-10
     90002  4.669667E-10 -2.223374E-10  6.672536E-10
     90004  1.549526E-10  1.213927E-10  1.671728E-10
     90006  1.545233E-10  5.886725E-11 -7.733708E-11
    100001 -1.774176E-05 -1.785974E-07 -2.120118E-05
    100002 -7.546749E-07 -4.872323E-05  6.906697E-06
    100004  2.611994E-06  6.724096E-05  6.590554E-05
    100201 -3.275279E-05 -2.408991E-05  1.203889E-04
    100208  4.420659E-04 -2.882243E-05 -8.358516E-04
    100762  2.511280E-03  5.819229E-03 -3.131826E-02
    100769 -3.116889E+00 -1.280821E-01  2.290383E+00
    100982  7.023086E-02 -1.303601E+00 -3.583985E+00
    101131 -1.376513E-02  1.473011E-01  2.123067E-02
    101133  1.849655E-02 -1.426609E-02 -1.718661E-01
    101135 -6.429805E-01  9.737589E-05  4.726587E-01
    200000  5.502656E-07 -1.457201E-08  2.615028E-07
    200006  8.216048E-07  7.739032E-07  3.728812E-06
    200204  1.860048E-04  1.730523E-03 -7.207810E-04
    200205 -9.646808E-03 -2.948015E-03  6.394380E-03
    200765 -1.248407E-01  2.334875E-01 -1.060854E-01
    200766 -1.378334E-01 -2.205963E-01  4.052881E-01
    200981  5.199723E-02  1.977089E+00 -7.538203E-01
    201130  1.018608E-03  7.887456E-03 -7.347974E-02
    201136 -7.589871E-01 -2.954319E-04  2.062016E-01
    300001 -7.959469E-06 -1.747827E-07 -9.259439E-06
    300002 -1.317822E-06 -2.418104E-05 -2.178792E-06
    300004  3.285532E-06  2.472330E-05 -1.401885E-05
    300201 -3.395277E-04 -8.675860E-06 -1.212705E-04
    300208 -2.119585E-04  4.916164E-05  5.699965E-04
    300762 -1.595973E-03  5.056970E-03  1.697974E-02
    300769  1.770546E+00  4.937729E-02 -1.371011E+00
    300982 -1.263689E-01 -1.434859E+00  2.610356E+00
    301131 -1.685572E-02  1.370173E-01 -7.809715E-01
    301133  1.680124E-02 -1.438366E-02 -6.968657E-01
    301135 -2.656301E+00  9.585713E-05  1.952421E+00
    400000 -1.522411E-06 -1.458637E-08 -7.235089E-07
    400006  9.855452E-07  7.719955E-07  4.829296E-06
    400204 -1.088140E-04  1.730643E-03  3.951401E-04
    400205  9.370563E-03 -2.948109E-03 -5.145104E-03
    400765  1.926296E-01  2.334985E-01  6.733825E-02
    400766  9.044440E-02 -2.206043E-01 -3.163529E-01
    400981 -5.485191E-02  1.977244E+00  5.404914E-01
    401130  1.410949E-03  7.869923E-03  2.235514E-02
    401136 -2.901943E-01 -2.952430E-04  7.884101E-02
    500001  1.675819E-05 -1.771230E-07  2.006215E-05
    500002  5.857485E-07 -4.698719E-05 -7.059058E-06
    500004 -2.109138E-06  6.409147E-05 -6.127816E-05
    500201  2.886508E-05  1.461295E-06 -1.273321E-04
    500208 -3.654356E-04 -7.029591E-05  7.541517E-04
    500762 -1.631622E-03  3.819971E-03  2.355444E-02
    500769  2.654134E+00 -8.271069E-02 -1.809070E+00
    500982 -4.099945E-02 -1.353966E+00  3.204069E+00
    501131  1.432615E-02  1.501471E-01 -4.268878E-02
    501133 -1.937046E-02 -1.403014E-02  1.658485E-01
    501135  6.191282E-01  9.710050E-05 -4.551314E-01
    600000 -1.524451E-06 -1.961270E-08 -7.244678E-07
    600006 -6.666212E-07  1.118126E-06 -2.844181E-06
    600204 -1.496863E-04  1.286708E-03  5.810427E-04
    600205  7.526085E-03 -2.195670E-03 -5.053307E-03
    600765 -4.456018E-02  1.443486E-01  7.115534E-02
    600766  9.590185E-02 -1.370856E-01 -2.274561E-01
    600981 -3.984408E-02  1.613916E+00  6.397467E-01
    601130 -1.086154E-03  1.009395E-02  6.552751E-02
    601136  7.336860E-01 -3.482530E-04 -1.993279E-01
    700001  7.159721E-06 -1.739372E-07  8.314457E-06
    700002  1.248321E-06 -2.467313E-05  2.274247E-06
    700004 -3.095665E-06  2.671116E-05  1.500729E-05
    700201  3.429018E-04  1.677705E-05  1.255981E-04
    700208  1.360452E-04  7.479291E-06 -4.888036E-04
    700762  7.026908E-04  3.034840E-03 -9.025896E-03
    700769 -1.281249E+00  9.699528E-02  8.749003E-01
    700982  1.062497E-01 -1.494742E+00 -2.284649E+00
    701131  1.800498E-02  1.393669E-01  7.496709E-01
    701133 -1.853265E-02 -1.422027E-02  6.928220E-01
    701135  2.639265E+00  9.580919E-05 -1.939908E+00
    800000  2.802016E-06 -1.961867E-08  1.331614E-06
    800006 -9.290286E-07  1.116574E-06 -4.769319E-06
    800204  7.204110E-05  1.286844E-03 -2.564573E-04
    800205 -7.177981E-03 -2.195732E-03  3.778544E-03
    800765 -2.029827E-02  1.443731E-01 -3.191532E-02
    800766 -4.789097E-02 -1.370976E-01  1.356890E-01
    800981  4.526479E-02  1.614108E+00 -4.384427E-01
    801130 -1.527073E-03  1.007582E-02 -2.619763E-02
    801136  3.057715E-01 -3.480763E-04 -8.307316E-02

                    E I G E N V A L U E    N U M B E R    87


 forces (fx,fy,fz) for set NSUPP and time  0.2000000E+01

     90000  2.456670E-10  1.412129E-10  1.584576E-10
     90002  1.388358E-10  9.829497E-11 -9.113860E-11
     90004  1.479685E-10 -2.748307E-10 -6.941853E-10
     90006  1.678176E-11 -2.569949E-12 -2.834260E-11
    100001 -3.439824E-03 -4.215386E-05 -4.118497E-03
    100002 -1.153601E-04 -1.081836E-02  1.501382E-03
    100004  4.383629E-04  1.470070E-02  1.403267E-02
    100201 -2.022101E-02  2.467828E-03  2.259708E-02
    100208  8.268129E-02 -2.212710E-02 -1.878514E-01
    100762 -7.109305E-02 -2.763435E-02 -1.792721E-01
    100769 -2.730203E-01  1.821345E-02  1.838875E-01
    100982  2.343013E-03  3.363698E-02  3.390018E-02
    101131  5.537143E-04 -3.476146E-03 -1.142010E-02
    101133 -8.105415E-04  3.023951E-04  3.186888E-04
    101135  5.331991E-04 -2.144352E-06 -3.951732E-04
    200000  2.358982E-04 -3.732491E-06  1.121061E-04
    200006  1.391741E-04  2.020693E-04  6.082330E-04
    200204  3.489539E-02  3.070641E-01 -1.352002E-01
    200205 -1.625726E+00 -5.243803E-01  1.126797E+00
    200765  1.646507E+00 -5.015939E-01  1.189537E+00
    200766 -3.421277E-02  3.029626E-01 -1.274376E-01
    200981  2.464779E-04 -1.601640E-02  4.006448E-03
    201130 -5.631877E-05 -2.617503E-04 -9.686695E-04
    201136  1.109015E-02  8.662446E-06 -3.013014E-03
    300001 -1.123657E-03 -4.146760E-05 -1.289449E-03
    300002 -2.544740E-04 -6.449513E-03 -6.697688E-04
    300004  6.146554E-04  7.105324E-03 -4.778225E-03
    300201 -5.938674E-02  5.766826E-03 -2.168756E-02
    300208 -3.448925E-02 -5.193327E-03  1.332707E-01
    300762  2.834062E-02 -1.128194E-02  1.269758E-01
    300769  3.893937E-01  1.638429E-02 -1.712388E-01
    300982  3.164632E-03  4.390482E-02 -4.932963E-02
    301131  6.447983E-04 -3.128022E-03  6.231346E-03
    301133 -8.047437E-04  3.283625E-04  1.218835E-02
    301135  4.602401E-02 -2.185877E-06 -3.383043E-02
    400000 -3.368347E-04 -3.733645E-06 -1.600763E-04
    400006  1.834243E-04  2.017327E-04  9.074882E-04
    400204 -1.851747E-02  3.070863E-01  6.700963E-02
    400205  1.769821E+00 -5.243994E-01 -9.439323E-01
    400765 -1.721396E+00 -5.016065E-01 -9.561594E-01
    400766  1.682964E-02  3.029861E-01  5.282697E-02
    400981  1.079676E-03 -1.601655E-02 -8.008600E-03
    401130 -6.527079E-05 -2.609269E-04 -2.307780E-03
    401136  5.597204E-03  8.653556E-06 -1.520707E-03
    500001  3.318620E-03 -4.007823E-05  3.975809E-03
    500002  1.030257E-04 -1.023977E-02 -1.474386E-03
    500004 -3.951425E-04  1.394738E-02 -1.310911E-02
    500201  1.793333E-02  6.686719E-03 -2.633636E-02
    500208 -7.982026E-02 -3.044900E-02  1.995072E-01
    500762  7.045035E-02 -3.273598E-02  1.908691E-01
    500769  2.516137E-01  2.143551E-02 -1.704028E-01
    500982 -3.408524E-03  3.931068E-02 -2.926264E-02
    501131 -6.581584E-04 -3.853864E-03  1.553551E-02
    501133  9.758426E-04  3.230254E-04  8.398319E-04
    501135  4.049030E-03 -2.326115E-06 -2.972034E-03
    600000 -3.784918E-04 -4.476500E-06 -1.798721E-04
    600006 -1.255810E-04  2.553334E-04 -5.207201E-04
    600204 -3.325991E-02  2.844808E-01  1.282739E-01
    600205  1.556742E+00 -4.867624E-01 -1.075202E+00
    600765 -1.615421E+00 -4.840505E-01 -1.163261E+00
    600766  3.272383E-02  2.925630E-01  1.278315E-01
    600981 -5.590873E-04 -1.152573E-02 -1.927088E-03
    601130  6.894031E-05 -3.238598E-04  1.756733E-03
    601136 -1.020121E-02  1.036734E-05  2.771523E-03
    700001  1.144282E-03 -3.942587E-05  1.314385E-03
    700002  2.538225E-04 -5.994351E-03  6.422967E-04
    700004 -6.206732E-04  6.625898E-03  4.158038E-03
    700201  6.063746E-02  9.943817E-03  2.532265E-02
    700208  3.222273E-02 -1.372896E-02 -1.455569E-01
    700762 -2.806519E-02 -1.647878E-02 -1.389986E-01
    700769 -3.706210E-01  1.905644E-02  1.590664E-01
    700982 -3.321524E-03  5.098067E-02  5.177578E-02
    701131 -7.683954E-04 -3.444766E-03 -3.548836E-03
    701133  9.847737E-04  3.579564E-04 -1.214605E-02
    701135 -4.570615E-02 -2.394183E-06  3.359755E-02
    800000  4.905028E-04 -4.478621E-06  2.331039E-04
    800006 -1.858946E-04  2.550362E-04 -9.427571E-04
    800204  1.701249E-02  2.845118E-01 -6.076852E-02
    800205 -1.684605E+00 -4.867776E-01  8.884384E-01
    800765  1.677380E+00 -4.840675E-01  9.271264E-01
    800766 -1.539446E-02  2.926115E-01 -5.328424E-02
    800981 -1.093060E-03 -1.152586E-02  7.649370E-03
    801130  7.938675E-05 -3.228835E-04  3.123978E-03
    801136 -5.033831E-03  1.035756E-05  1.367667E-03

                    E I G E N V A L U E    N U M B E R    88


 forces (fx,fy,fz) for set NSUPP and time  0.2000000E+01

     90000  3.556053E-10  6.160523E-11  6.491647E-11
     90002 -6.356220E-10  5.922580E-11 -7.818458E-10
     90004  2.183110E-10 -2.832975E-10 -6.144661E-10
     90006  2.230705E-10  7.655411E-11 -5.602576E-11
    100001 -7.573230E-06 -9.253516E-08 -9.052069E-06
    100002 -3.012367E-07 -2.406025E-05  3.102656E-06
    100004  1.108558E-06  3.359410E-05  3.183983E-05
    100201 -5.468773E-05  1.213293E-05  4.121647E-05
    100208  1.569629E-04 -6.026765E-05 -3.902556E-04
    100762 -2.763194E-04 -1.058232E-03  3.168759E-03
    100769  2.528048E+00  1.937205E-01 -1.159865E+00
    100982  5.916970E-01 -7.257454E-01 -3.388954E+00
    101131  1.103595E-01 -6.023471E-02 -3.422561E+00
    101133 -1.684787E-01  1.076173E-03 -6.589843E-01
    101135 -2.668716E+00 -1.884658E-05  1.960797E+00
    200000  9.270374E-07 -8.958510E-09  4.405566E-07
    200006  3.502933E-07  4.950003E-07  1.476441E-06
    200204  6.603846E-05  5.615642E-04 -2.572089E-04
    200205 -2.897762E-03 -9.605165E-04  2.065481E-03
    200765  6.429765E-01 -2.716961E-02  1.024871E-02
    200766  1.039655E-02  2.543220E-02 -2.971217E-01
    200981  1.561194E-01 -5.192879E-02 -8.230656E-01
    201130 -1.357754E-02  6.826788E-03 -7.933647E-01
    201136 -7.634431E-01 -1.313947E-04  2.073975E-01
    300001 -2.494167E-06 -9.072265E-08 -2.844015E-06
    300002 -6.221047E-07 -1.382256E-05 -1.713204E-06
    300004  1.541306E-06  1.430454E-05 -9.100052E-06
    300201 -1.071833E-04  1.896686E-05 -4.056161E-05
    300208 -5.863655E-05 -2.533006E-05  2.795722E-04
    300762  3.960432E-04 -5.523485E-04 -2.157893E-03
    300769  8.926067E-01 -2.601749E-01 -2.780415E-01
    300982  5.983367E-01  6.316523E-01 -3.452899E+00
    301131  1.089514E-01 -5.452708E-03 -3.134069E+00
    301133 -1.645092E-01  9.237095E-03 -5.041807E-01
    301135 -2.072110E+00 -4.261950E-05  1.522314E+00
    400000 -6.054787E-07 -8.956692E-09 -2.877472E-07
    400006  4.621426E-07  4.941543E-07  2.246737E-06
    400204 -3.292192E-05  5.616060E-04  1.175136E-04
    400205  3.329190E-03 -9.605545E-04 -1.745373E-03
    400765  5.118832E-01 -2.717102E-02 -1.416731E-02
    400766 -1.566269E-02  2.543308E-02 -1.770578E-01
    400981  1.588500E-01 -5.160392E-02 -8.514421E-01
    401130 -1.325073E-02  7.000410E-03 -7.628451E-01
    401136 -6.726834E-01 -1.333483E-04  1.827403E-01
    500001  7.266573E-06 -8.504001E-08  8.686916E-06
    500002  2.847304E-07 -2.225969E-05 -2.964898E-06
    500004 -1.036709E-06  3.133548E-05 -2.931248E-05
    500201  5.070789E-05  1.937976E-05 -5.269925E-05
    500208 -1.679388E-04 -7.767556E-05  4.487692E-04
    500762  7.854945E-04 -4.433314E-04 -4.408785E-03
    500769  2.187808E+00 -4.170480E-01 -7.566298E-01
    500982  1.084273E+00  1.185967E+00 -6.268046E+00
    501131  1.972767E-01  2.112678E-02 -5.830045E+00
    501133 -2.988993E-01  1.199574E-02 -1.006555E+00
    501135 -4.112226E+00 -4.881448E-05  3.021230E+00
    600000 -1.170263E-06 -1.035541E-08 -5.561510E-07
    600006 -3.270929E-07  5.994754E-07 -1.326481E-06
    600204 -7.024698E-05  5.965003E-04  2.709935E-04
    600205  3.136208E-03 -1.021839E-03 -2.211718E-03
    600765  9.887786E-01 -2.175192E-02 -2.386050E-02
    600766 -2.642692E-02  2.032835E-02 -3.512429E-01
    600981  2.877911E-01 -4.176547E-02 -1.540386E+00
    601130 -2.399206E-02  6.150690E-03 -1.396698E+00
    601136 -1.285931E+00 -1.171150E-04  3.493356E-01
    700001  2.655456E-06 -8.334274E-08  3.038101E-06
    700002  6.222650E-07 -1.218684E-05  1.585601E-06
    700004 -1.566981E-06  1.238095E-05  6.956996E-06
    700201  1.150820E-04  2.635836E-05  5.184430E-05
    700208  6.805061E-05 -4.184251E-05 -3.370773E-04
    700762  2.005671E-04 -9.074310E-04 -1.619888E-04
    700769  3.622366E+00  3.546764E-01 -1.517781E+00
    700982  1.078617E+00 -1.308227E+00 -6.241329E+00
    701131  1.986257E-01 -7.900962E-02 -6.081033E+00
    701133 -3.023614E-01 -2.967667E-03 -1.141123E+00
    701135 -4.630844E+00 -5.103965E-06  3.402394E+00
    800000  8.551873E-07 -1.035995E-08  4.064174E-07
    800006 -4.718605E-07  5.987094E-07 -2.329528E-06
    800204  3.642143E-05  5.965664E-04 -1.286017E-04
    800205 -3.653719E-03 -1.021873E-03  1.916220E-03
    800765  1.098120E+00 -2.175546E-02 -3.556200E-03
    800766 -5.679863E-03  2.033065E-02 -4.485011E-01
    800981  2.857262E-01 -4.236937E-02 -1.518268E+00
    801130 -2.422466E-02  5.839209E-03 -1.425387E+00
    801136 -1.377282E+00 -1.136385E-04  3.741533E-01

                    E I G E N V A L U E    N U M B E R    89


 forces (fx,fy,fz) for set NSUPP and time  0.2000000E+01

     90000  2.181933E-10  1.293538E-10 -7.066572E-11
     90002  5.958383E-11  1.730900E-10  3.126988E-11
     90004 -1.376309E-10  4.028566E-10  9.137797E-10
     90006 -1.276218E-10  4.702190E-12  2.332989E-10
    100001  2.361368E-05  2.851256E-07  2.819804E-05
    100002  1.024192E-06  7.483555E-05 -9.298465E-06
    100004 -3.703964E-06 -1.059340E-04 -1.002243E-04
    100201  1.856371E-04 -4.245596E-05 -1.159033E-04
    100208 -4.577038E-04  1.954566E-04  1.166538E-03
    100762  1.978604E-03  2.875365E-03 -1.539682E-02
    100769 -2.453500E-01  4.779521E-01  6.241886E-01
    100982  1.082078E+00 -1.045784E+00 -6.248214E+00
    101131  1.926425E-01  5.573495E-02 -5.417769E+00
    101133 -2.898111E-01 -2.380407E-02 -8.194326E-01
    101135 -3.386875E+00  1.194688E-04  2.488145E+00
    200000 -3.418776E-06  2.857179E-08 -1.624718E-06
    200006 -1.167604E-06 -1.591987E-06 -4.867780E-06
    200204 -1.918597E-04 -1.597352E-03  7.497939E-04
    200205  8.033475E-03  2.733876E-03 -5.855627E-03
    200765  7.843262E-01  9.885511E-02 -6.625244E-02
    200766 -7.466076E-02 -9.278901E-02 -1.436490E-01
    200981  2.877698E-01  1.303897E-01 -1.553587E+00
    201130 -2.336318E-02 -2.246419E-02 -1.340246E+00
    201136 -1.159754E+00  4.309669E-04  3.150567E-01
    300001  7.976309E-06  2.790155E-07  9.078999E-06
    300002  2.032686E-06  4.181998E-05  5.600415E-06
    300004 -5.096773E-06 -4.163993E-05  2.541572E-05
    300201  3.108089E-04 -6.356205E-05  1.159855E-04
    300208  1.570390E-04  8.755988E-05 -8.303823E-04
    300762 -3.245350E-04  2.931130E-03  4.616253E-03
    300769  5.654967E+00 -2.410339E-01 -2.567876E+00
    300982  1.068035E+00  1.452357E+00 -6.191714E+00
    301131  1.971264E-01  1.530969E-01 -6.340205E+00
    301133 -3.026934E-01 -9.219242E-03 -1.312544E+00
    301135 -5.287454E+00  7.685506E-05  3.884999E+00
    400000  1.640753E-06  2.858587E-08  7.797425E-07
    400006 -1.531419E-06 -1.589173E-06 -7.385524E-06
    400204  9.105531E-05 -1.597473E-03 -3.216392E-04
    400205 -9.694819E-03  2.733990E-03  5.009486E-03
    400765  1.272139E+00  9.886000E-02  1.971525E-02
    400766  2.091677E-02 -9.279332E-02 -5.887828E-01
    400981  2.819019E-01  1.309952E-01 -1.487094E+00
    401130 -2.439659E-02 -2.215648E-02 -1.446256E+00
    401136 -1.493205E+00  4.275651E-04  4.056472E-01
    500001 -2.242846E-05  2.585220E-07 -2.678659E-05
    500002 -9.619230E-07  6.836032E-05  8.776466E-06
    500004  3.439750E-06 -9.768690E-05  9.117754E-05
    500201 -1.569834E-04 -6.312072E-05  1.551424E-04
    500208  5.020276E-04  2.441517E-04 -1.374352E-03
    500762 -1.639055E-03  2.551896E-03  1.287728E-02
    500769  1.380282E+00  3.018343E-01 -1.007161E+00
    500982 -5.915531E-01 -4.261840E-01  3.390575E+00
    501131 -1.018953E-01  7.582241E-02  2.704885E+00
    501133  1.520333E-01 -2.007926E-02  3.376581E-01
    501135  1.423665E+00  1.076219E-04 -1.045762E+00
    600000  4.121154E-06  3.281192E-08  1.958515E-06
    600006  1.082466E-06 -1.912947E-06  4.349342E-06
    600204  2.104665E-04 -1.796719E-03 -8.118865E-04
    600205 -9.463618E-03  3.078962E-03  6.653613E-03
    600765 -3.496107E-01  7.756240E-02  5.367497E-02
    600766  5.889902E-02 -7.276927E-02  3.863966E-04
    600981 -1.579403E-01  1.529241E-01  8.601131E-01
    601130  1.220833E-02 -2.173550E-02  6.976325E-01
    601136  5.723054E-01  4.170045E-04 -1.554707E-01
    700001 -8.441867E-06  2.525389E-07 -9.643752E-06
    700002 -2.014528E-06  3.615472E-05 -5.127690E-06
    700004  5.132946E-06 -3.505543E-05 -1.826834E-05
    700201 -3.247794E-04 -8.364569E-05 -1.549749E-04
    700208 -2.097433E-04  1.393708E-04  1.047231E-03
    700762  3.141196E-04  2.316253E-03 -3.098253E-03
    700769 -4.072859E+00 -5.715588E-02  1.858439E+00
    700982 -5.653863E-01  9.344406E-01  3.333740E+00
    701131 -1.064051E-01  1.285258E-01  3.604980E+00
    701133  1.645940E-01 -1.217063E-02  8.188240E-01
    701135  3.278214E+00  8.448494E-05 -2.408784E+00
    800000 -2.355973E-06  3.282452E-08 -1.119637E-06
    800006  1.548931E-06 -1.910411E-06  7.573441E-06
    800204 -1.120745E-04 -1.796918E-03  3.943535E-04
    800205  1.098041E-02  3.079065E-03 -5.788577E-03
    800765 -7.525205E-01  7.757542E-02 -1.630683E-02
    800766 -1.607153E-02 -7.277640E-02  3.568423E-01
    800981 -1.490667E-01  1.532616E-01  7.821344E-01
    801130  1.318280E-02 -2.157335E-02  7.960131E-01
    801136  8.724837E-01  4.152818E-04 -2.370217E-01

                    E I G E N V A L U E    N U M B E R    90


 forces (fx,fy,fz) for set NSUPP and time  0.2000000E+01

     90000 -2.374067E-10  4.475032E-10 -7.680102E-10
     90002 -1.912274E-10 -1.530304E-10  7.190962E-11
     90004  1.138587E-10  3.186961E-10  4.681201E-10
     90006 -1.104382E-10  5.011166E-11  2.286743E-10
    100001  1.229182E-01  1.066433E-03  1.442359E-01
    100002  1.355752E-02  3.509694E-01 -1.190510E-02
    100004 -4.288121E-02 -6.265605E-01 -5.901598E-01
    100201  5.652909E-01  5.512142E-02  4.562213E-01
    100208 -2.170658E-02  3.085350E-02  7.919274E-02
    100762 -1.248109E-02 -1.514616E-02 -8.410202E-02
    100769 -4.941801E+00  2.181794E-01  2.864520E+00
    100982 -2.044002E-02  4.603074E-01  5.615607E-01
    101131 -4.000673E-03 -4.831565E-02  1.221781E-01
    101133  6.013071E-03  5.328148E-03  2.453282E-02
    101135  9.915096E-02 -3.485762E-05 -7.285056E-02
    200000 -5.226372E-02  1.620421E-04 -2.483740E-02
    200006 -1.326396E-02 -9.701114E-03 -5.311768E-02
    200204  1.843934E-02 -1.422197E-02  7.248395E-02
    200205 -4.083118E-02  3.036694E-02 -1.357187E-01
    200765 -4.586949E-01  1.484145E-01 -1.260967E-02
    200766 -1.089702E-01 -1.440600E-01  3.977300E-01
    200981 -8.237688E-03 -6.579017E-02  8.406264E-02
    201130  5.789390E-04 -1.853859E-03  5.408840E-02
    201136  1.569094E-01  8.187642E-05 -4.262838E-02
    300001  6.567942E-02  9.921107E-04  7.392845E-02
    300002  1.842522E-02  7.724939E-02  4.672911E-02
    300004 -5.142988E-02  8.107096E-02 -1.534551E-01
    300201 -7.663766E-01  4.060738E-02 -2.059346E-01
    300208 -1.210001E-02  1.836182E-02 -5.265672E-02
    300762 -1.271836E-02 -5.163261E-03  3.781333E-02
    300769  5.033987E+00  2.132788E-01 -2.489301E+00
    300982 -2.660017E-02  4.486505E-01 -1.318023E-01
    301131 -3.136913E-03 -4.960715E-02  4.069257E-01
    301133  6.925366E-03  4.869589E-03  2.077119E-01
    301135  8.018748E-01 -3.316897E-05 -5.893416E-01
    400000 -2.566149E-02  1.621297E-04 -1.219510E-02
    400006 -1.572861E-02 -9.670497E-03 -6.891689E-02
    400204  3.408011E-02 -1.422985E-02  5.246042E-02
    400205 -3.235697E-01  3.038543E-02  2.424100E-02
    400765  3.336486E-01  1.484158E-01  5.031372E-02
    400766  4.691977E-02 -1.440634E-01 -3.518286E-01
    400981 -5.455073E-03 -6.581638E-02  1.873089E-02
    401130  5.524470E-04 -1.860750E-03  5.092848E-02
    401136  1.454540E-01  8.195538E-05 -3.951621E-02
    500001 -1.109994E-01  6.928640E-04 -1.301215E-01
    500002 -1.264860E-02  2.732155E-01  6.868026E-03
    500004  3.919625E-02 -5.316255E-01  4.750309E-01
    500201 -1.885548E-01  3.486934E-02 -1.988217E-01
    500208  5.839717E-02  3.405499E-02 -1.732172E-01
    500762  4.597823E-02 -2.502897E-02  1.740924E-01
    500769  4.027875E+00  1.811148E-01 -2.381749E+00
    500982  1.188232E-02  6.473984E-01 -6.130581E-01
    501131  3.959975E-03 -5.939306E-02 -8.856021E-02
    501133 -5.723166E-03  6.289963E-03 -4.631403E-03
    501135 -2.265222E-02 -4.174070E-05  1.662586E-02
    600000  7.188604E-02  2.590583E-04  3.416265E-02
    600006  1.205562E-02 -1.669561E-02  4.421429E-02
    600204  5.378684E-03 -2.072874E-01 -1.152098E-01
    600205 -1.104271E+00  3.644316E-01  8.091101E-01
    600765 -7.789116E-01 -2.349486E-01 -7.265990E-01
    600766  1.087491E-01  9.997135E-02 -2.623874E-01
    600981  6.118970E-03 -1.778240E-02 -7.207841E-02
    601130 -5.661713E-04 -3.062551E-03 -5.348377E-02
    601136 -1.568470E-01  1.184047E-04  4.261143E-02
    700001 -7.454371E-02  6.201596E-04 -8.445392E-02
    700002 -1.896452E-02  2.943068E-03 -4.184443E-02
    700004  5.409158E-02  1.685972E-01  2.601277E-01
    700201  3.956505E-01  2.075719E-02 -4.847085E-02
    700208 -2.937100E-02  2.331472E-02  1.518793E-01
    700762 -2.474869E-02 -1.665020E-02 -1.322699E-01
    700769 -4.118783E+00  1.738097E-01  2.007541E+00
    700982  3.265502E-02  6.384124E-01  1.967628E-01
    701131  2.709460E-03 -6.059395E-02 -4.274349E-01
    701133 -6.498736E-03  5.843433E-03 -2.257425E-01
    701135 -8.706096E-01 -4.009182E-05  6.398626E-01
    800000  6.014646E-03  2.592206E-04  2.858291E-03
    800006  1.664488E-02 -1.666745E-02  7.628282E-02
    800204 -5.872174E-02 -2.073161E-01 -2.481950E-03
    800205  1.426708E+00  3.644536E-01 -7.051821E-01
    800765  8.657520E-01 -2.349406E-01  6.992894E-01
    800766 -4.751448E-02  9.999634E-02  2.092410E-01
    800981  6.935577E-03 -1.780921E-02 -2.744916E-02
    801130 -5.061429E-04 -3.069305E-03 -4.835302E-02
    801136 -1.433371E-01  1.184916E-04  3.894116E-02

                    E I G E N V A L U E    N U M B E R    91


 forces (fx,fy,fz) for set NSUPP and time  0.2000000E+01

     90000  2.170505E-10  1.500950E-10  1.833243E-10
     90002  2.222661E-10  5.580510E-11  7.730675E-11
     90004  5.863941E-11 -9.072805E-11 -2.326246E-10
     90006 -7.395227E-12 -1.913568E-11 -3.484638E-11
    100001  7.828866E-01  6.745411E-03  9.183999E-01
    100002  8.720869E-02  2.230303E+00 -7.203621E-02
    100004 -2.755632E-01 -3.995878E+00 -3.764998E+00
    100201  3.467290E+00  4.274708E-01  2.997144E+00
    100208  7.835098E-05 -1.323456E-03 -4.192568E-02
    100762  1.729582E-03  2.095311E-03  1.338393E-02
    100769  9.240322E-01 -4.051618E-02 -5.349274E-01
    100982  3.782044E-03 -8.603845E-02 -1.047045E-01
    101131  7.420343E-04  9.029799E-03 -2.265091E-02
    101133 -1.115120E-03 -9.951793E-04 -4.546132E-03
    101135 -1.837423E-02  6.511866E-06  1.350035E-02
    200000 -3.345307E-01  1.027810E-03 -1.589797E-01
    200006 -8.522519E-02 -6.155727E-02 -3.415085E-01
    200204  1.726446E-01  4.644439E-02  2.464831E-01
    200205 -2.921727E-01 -5.366951E-02 -8.656472E-02
    200765  8.607129E-02 -2.884806E-02  6.757264E-03
    200766  2.013807E-02  2.755111E-02 -7.547538E-02
    200981  1.528844E-03  1.223364E-02 -1.564264E-02
    201130 -1.074919E-04  3.474700E-04 -1.006443E-02
    201136 -2.926736E-02 -1.532371E-05  7.951213E-03
    300001  4.210335E-01  6.267956E-03  4.739101E-01
    300002  1.180512E-01  4.768824E-01  2.988812E-01
    300004 -3.298111E-01  5.471738E-01 -1.005616E+00
    300201 -5.129184E+00  3.485437E-01 -1.375032E+00
    300208 -2.286309E-03 -3.738651E-03 -2.879883E-02
    300762  2.042770E-03  6.071504E-04 -5.834046E-03
    300769 -9.394939E-01 -3.953059E-02  4.648496E-01
    300982  4.942386E-03 -8.393296E-02  2.479224E-02
    301131  5.803789E-04  9.268350E-03 -7.584609E-02
    301133 -1.285150E-03 -9.099348E-04 -3.877079E-02
    301135 -1.496688E-01  6.197649E-06  1.099998E-01
    400000 -1.683632E-01  1.028371E-03 -8.001122E-02
    400006 -1.008785E-01 -6.136069E-02 -4.413953E-01
    400204  2.405580E-01  4.641891E-02  2.540560E-01
    400205 -5.546056E-01 -5.360384E-02 -1.495993E-01
    400765 -7.033894E-02 -2.884854E-02 -1.082225E-02
    400766 -8.843698E-03  2.755188E-02  6.521666E-02
    400981  1.012319E-03  1.223851E-02 -3.469419E-03
    401130 -1.025066E-04  3.487486E-04 -9.472626E-03
    401136 -2.712927E-02 -1.533837E-05  7.370342E-03
    500001 -7.071479E-01  4.355661E-03 -8.287613E-01
    500002 -8.124955E-02  1.733892E+00  4.056415E-02
    500004  2.515683E-01 -3.390572E+00  3.026342E+00
    500201 -1.068287E+00  2.896916E-01 -1.391749E+00
    500208 -6.537301E-03 -4.294503E-03  5.119076E-02
    500762 -6.875148E-03  3.627514E-03 -2.707958E-02
    500769 -7.544676E-01 -3.363627E-02  4.454786E-01
    500982 -2.185394E-03 -1.209566E-01  1.143048E-01
    501131 -7.351382E-04  1.109897E-02  1.639259E-02
    501133  1.062047E-03 -1.174750E-03  8.324548E-04
    501135  4.100153E-03  7.797167E-06 -3.009249E-03
    600000  4.640285E-01  1.665374E-03  2.205219E-01
    600006  7.736169E-02 -1.074445E-01  2.832789E-01
    600204 -1.303690E-01  1.258430E-01 -1.173438E-01
    600205  4.936159E-01 -1.589544E-01 -4.753253E-02
    600765  1.056362E-01  3.086930E-02  1.070202E-01
    600766 -1.967047E-02 -1.073327E-02  5.284501E-02
    600981 -1.133345E-03  3.251597E-03  1.340416E-02
    601130  1.051978E-04  5.738178E-04  9.956677E-03
    601136  2.926093E-02 -2.216025E-05 -7.949471E-03
    700001 -4.781394E-01  3.888478E-03 -5.416690E-01
    700002 -1.217076E-01  1.713421E-03 -2.681721E-01
    700004  3.474348E-01  1.106329E+00  1.691768E+00
    700201  2.714415E+00  2.112202E-01 -2.096594E-01
    700208  9.410824E-03 -6.987095E-03  1.825738E-02
    700762  3.712903E-03  2.386305E-03  2.021157E-02
    700769  7.699444E-01 -3.221030E-02 -3.755810E-01
    700982 -6.078471E-03 -1.193420E-01 -3.686880E-02
    701131 -5.010910E-04  1.132089E-02  7.969221E-02
    701133  1.206298E-03 -1.091710E-03  4.214084E-02
    701135  1.625166E-01  7.490257E-06 -1.194431E-01
    800000  3.857528E-02  1.666417E-03  1.833181E-02
    800006  1.069277E-01 -1.072637E-01  4.900555E-01
    800204 -2.776900E-01  1.258198E-01 -3.791655E-01
    800205  3.473839E-01 -1.588934E-01  2.817850E-01
    800765 -1.154369E-01  3.086733E-02 -1.045612E-01
    800766  8.487216E-03 -1.073664E-02 -4.145937E-02
    800981 -1.290429E-03  3.256584E-03  5.107290E-03
    801130  9.392783E-05  5.750721E-04  8.995181E-03
    801136  2.673601E-02 -2.217640E-05 -7.263515E-03

                    E I G E N V A L U E    N U M B E R    92


 forces (fx,fy,fz) for set NSUPP and time  0.2000000E+01

     90000  8.096023E-10  1.227076E-10  7.008370E-10
     90002  2.453300E-10 -3.335821E-11  2.202088E-10
     90004  7.777273E-10 -1.176537E-10 -1.336757E-09
     90006  8.031857E-11 -3.471284E-11 -2.372109E-10
    100001 -5.083294E-03 -4.252326E-05 -5.956038E-03
    100002 -5.896478E-04 -1.434216E-02  3.645911E-04
    100004  1.855876E-03  2.608261E-02  2.461460E-02
    100201 -1.857225E-02 -4.975582E-03 -2.189145E-02
    100208 -3.456052E-03  5.640642E-03  1.475894E-02
    100762 -1.304772E-02 -2.737223E-02  1.037512E-01
    100769  2.309188E+01 -9.805303E-01 -1.329120E+01
    100982  9.061385E-02 -2.150944E+00 -2.590230E+00
    101131  1.796593E-02  2.254830E-01 -5.468780E-01
    101133 -2.697870E-02 -2.479151E-02 -1.093465E-01
    101135 -4.420857E-01  1.623416E-04  3.248191E-01
    200000  2.210975E-03 -6.539461E-06  1.050727E-03
    200006  5.736662E-04  3.921868E-04  2.305459E-03
    200204 -2.468352E-03 -1.593986E-03  3.704095E-03
    200205 -1.017731E-02  2.939808E-03 -1.345491E-02
    200765  1.752840E+00 -7.182695E-01  3.983444E-01
    200766  4.815752E-01  6.805546E-01 -1.984343E+00
    200981  3.709886E-02  2.990810E-01 -3.837110E-01
    201130 -2.613345E-03  8.768439E-03 -2.468210E-01
    201136 -7.246553E-01 -3.846292E-04  1.968708E-01
    300001 -2.807521E-03 -3.931273E-05 -3.160120E-03
    300002 -7.851640E-04 -2.685314E-03 -1.973553E-03
    300004  2.201578E-03 -4.388875E-03  7.290866E-03
    300201  4.018771E-02 -4.848701E-03  1.058538E-02
    300208 -2.617257E-03  3.462890E-03 -7.426396E-03
    300762  5.786688E-04 -2.149703E-02 -4.054145E-02
    300769 -2.327429E+01 -9.483146E-01  1.154754E+01
    300982  1.205538E-01 -2.105565E+00  6.358575E-01
    301131  1.390864E-02  2.311611E-01 -1.873129E+00
    301133 -3.118081E-02 -2.270882E-02 -9.630009E-01
    301135 -3.716889E+00  1.546349E-04  2.731749E+00
    400000  1.232222E-03 -6.543179E-06  5.855891E-04
    400006  6.737536E-04  3.908678E-04  2.930438E-03
    400204 -2.455607E-03 -1.594363E-03  1.484399E-03
    400205 -2.316134E-02  2.940790E-03  1.722547E-04
    400765 -2.242911E+00 -7.183065E-01 -1.666564E-01
    400766 -2.342113E-01  6.805839E-01  1.536995E+00
    400981  2.456425E-02  2.992005E-01 -8.349896E-02
    401130 -2.485774E-03  8.799445E-03 -2.319500E-01
    401136 -6.716384E-01 -3.849850E-04  1.824674E-01
    500001  4.599366E-03 -2.676944E-05  5.384876E-03
    500002  5.459764E-04 -1.109871E-02 -1.798581E-04
    500004 -1.684890E-03  2.215197E-02 -1.967828E-02
    500201  3.145384E-03 -3.781540E-03  1.253314E-02
    500208  1.077997E-02  6.278055E-03 -3.312755E-02
    500762  2.060005E-02 -2.608822E-02 -6.820787E-02
    500769 -1.904156E+01 -8.175882E-01  1.116672E+01
    500982 -5.111787E-02 -3.011772E+00  2.824037E+00
    501131 -1.786067E-02  2.767112E-01  3.939842E-01
    501133  2.576556E-02 -2.922024E-02  1.779420E-02
    501135  9.027116E-02  1.940867E-04 -6.624353E-02
    600000 -3.185290E-03 -1.125748E-05 -1.513757E-03
    600006 -5.177732E-04  7.294341E-04 -1.882920E-03
    600204  5.521089E-03 -4.204707E-02 -1.673278E-02
    600205 -2.196558E-01  7.174085E-02  1.490441E-01
    600765 -1.808655E+00 -6.874123E-01 -5.386551E-01
    600766 -4.177648E-01  6.210312E-01  1.744866E+00
    600981 -2.727962E-02  7.414181E-02  3.278841E-01
    601130  2.565082E-03  1.446457E-02  2.446466E-01
    601136  7.250211E-01 -5.560229E-04 -1.969703E-01
    700001  3.196386E-03 -2.362422E-05  3.620061E-03
    700002  8.155521E-04  4.429931E-04  1.787396E-03
    700004 -2.335930E-03 -8.053507E-03 -1.192998E-02
    700201 -2.291407E-02 -3.589663E-03 -1.413088E-03
    700208 -5.714708E-03  4.470947E-03  2.691179E-02
    700762 -9.087224E-03 -2.054937E-02  3.283593E-03
    700769  1.925608E+01 -7.754219E-01 -9.426694E+00
    700982 -1.492370E-01 -2.977856E+00 -9.277111E-01
    701131 -1.198772E-02  2.820022E-01  1.969364E+00
    701133  2.929060E-02 -2.718850E-02  1.046519E+00
    701135  4.035340E+00  1.865508E-04 -2.965814E+00
    800000 -2.519200E-04 -1.126454E-05 -1.197178E-04
    800006 -7.193507E-04  7.282223E-04 -3.298052E-03
    800204 -9.668913E-04 -4.205147E-02  1.288374E-02
    800205  2.447070E-01  7.174270E-02 -1.372982E-01
    800765  2.296819E+00 -6.875162E-01  3.077105E-01
    800766  1.680881E-01  6.210921E-01 -1.297418E+00
    800981 -3.163219E-02  7.426400E-02  1.252556E-01
    801130  2.278585E-03  1.449508E-02  2.203837E-01
    801136  6.619942E-01 -5.564183E-04 -1.798475E-01

                    E I G E N V A L U E    N U M B E R    93


 forces (fx,fy,fz) for set NSUPP and time  0.2000000E+01

     90000  1.074821E-10 -1.523612E-10  5.500500E-10
     90002  3.511359E-10  2.579126E-10  1.383370E-10
     90004  2.059681E-10  1.765836E-11 -1.424201E-10
     90006 -1.288420E-10 -3.047325E-11  1.018354E-10
    100001  7.756272E-05  6.624072E-06  1.200334E-04
    100002 -8.430272E-05  8.110141E-04 -4.337381E-04
    100004  2.366546E-04  4.641699E-04  1.219988E-04
    100201  1.716995E-03  1.173665E-03 -1.709659E-02
    100208 -5.785537E-02  7.217061E-03  1.294321E-01
    100762  5.445764E-02  1.846514E-02  1.363682E-01
    100769 -6.539603E-01  2.937788E-02  3.522709E-01
    100982 -1.399814E-03  3.238706E-02  4.307690E-02
    101131 -2.746039E-04 -4.214220E-03  1.067731E-02
    101133  4.270458E-04  4.471153E-04  3.116431E-03
    101135  1.230786E-02 -2.960488E-06 -9.044418E-03
    200000  7.324723E-04 -1.235661E-06  3.480953E-04
    200006  7.152555E-05  9.168905E-05  2.127529E-04
    200204 -2.586339E-02 -2.626516E-01  9.596901E-02
    200205  1.459131E+00  4.477024E-01 -9.245842E-01
    200765 -1.593661E+00  4.840467E-01 -1.041776E+00
    200766  1.021506E-02 -3.018324E-01  1.672547E-01
    200981 -6.003740E-04 -5.483206E-03  6.769034E-03
    201130  4.324304E-05 -2.237577E-04  4.543195E-03
    201136  1.480898E-02  8.556515E-06 -4.023243E-03
    300001 -2.977225E-04  7.112598E-06 -3.279621E-04
    300002 -9.943735E-05  1.947022E-03 -2.134382E-04
    300004  3.186360E-04 -3.812750E-03  3.911598E-03
    300201  2.742597E-02  1.797643E-04  1.422414E-02
    300208  4.172616E-02  1.604171E-03 -1.110862E-01
    300762 -3.641036E-02  1.159181E-02 -1.165485E-01
    300769  6.256230E-01  2.726796E-02 -3.138036E-01
    300982 -1.800476E-03  3.292844E-02 -8.424179E-03
    301131 -1.844180E-04 -4.279639E-03  3.464341E-02
    301133  4.799936E-04  4.107184E-04  1.877445E-02
    301135  7.235457E-02 -2.819211E-06 -5.317792E-02
    400000  4.905757E-05 -1.236265E-06  2.331315E-05
    400006  9.962362E-05  9.151265E-05  4.550447E-04
    400204  1.973097E-02 -2.626689E-01 -7.390237E-02
    400205 -1.458018E+00  4.477137E-01  8.447362E-01
    400765  1.608109E+00  4.840553E-01  9.245776E-01
    400766 -1.010310E-02 -3.018531E-01 -1.254224E-01
    400981 -3.741224E-04 -5.485426E-03  1.459781E-03
    401130  3.869140E-05 -2.242473E-04  4.134648E-03
    401136  1.367323E-02  8.562264E-06 -3.714687E-03
    500001 -3.221122E-04  1.249788E-05 -4.210232E-04
    500002  1.061228E-04  2.092023E-03  6.684073E-04
    500004 -2.856459E-04 -1.227330E-03  9.710419E-04
    500201 -8.169622E-03 -4.387277E-03  6.850419E-03
    500208  5.254372E-03  1.051493E-02 -1.631825E-02
    500762 -9.760920E-03  1.119309E-02 -2.692521E-02
    500769  3.002073E-01  5.395753E-03 -1.831000E-01
    500982 -1.183794E-04  8.518795E-02 -6.571301E-02
    501131  2.958266E-04 -7.239559E-03 -1.990020E-03
    501133 -3.926576E-04  7.536459E-04  2.409332E-03
    501135  8.895292E-03 -5.029042E-06 -6.539546E-03
    600000 -1.869665E-04  9.426320E-07 -8.885194E-05
    600006 -8.607623E-05 -4.873698E-05 -3.696154E-04
    600204  1.431265E-03  2.603640E-02 -6.837933E-03
    600205  1.419237E-01 -4.390391E-02 -3.383427E-02
    600765  1.106076E-02 -1.605555E-03  6.005575E-02
    600766  6.071348E-03 -2.710026E-03 -5.427694E-02
    600981  2.962144E-04  2.178129E-03 -5.589949E-03
    601130 -4.335333E-05 -3.666819E-04 -4.548916E-03
    601136 -1.481633E-02  1.423143E-05  4.025240E-03
    700001  3.732485E-04  1.296566E-05  4.273445E-04
    700002  6.789352E-05  3.090164E-03  2.654424E-05
    700004 -2.429427E-04 -5.318896E-03 -4.749361E-03
    700201 -2.803170E-02 -5.659992E-03 -3.732416E-03
    700208  1.489907E-02  3.348830E-03 -6.388755E-03
    700762 -1.168464E-02  2.847938E-03  3.285200E-03
    700769 -2.650189E-01  2.940839E-03  1.444289E-01
    700982  3.249781E-03  8.579297E-02  3.128840E-02
    701131  1.455332E-04 -7.302343E-03 -4.301217E-02
    701133 -4.879994E-04  7.173831E-04 -2.434105E-02
    701135 -9.369262E-02 -4.888543E-06  6.886112E-02
    800000 -6.280475E-04  9.424912E-07 -2.984687E-04
    800006 -7.692520E-05 -4.891884E-05 -2.548933E-04
    800204  6.062770E-03  2.603738E-02 -2.074777E-02
    800205 -1.021046E-01 -4.390052E-02  1.169717E-01
    800765 -6.439520E-02 -1.598983E-03  6.293173E-02
    800766 -7.202980E-03 -2.712005E-03  6.258057E-03
    800981  6.635883E-04  2.175932E-03 -2.581122E-03
    801130 -3.654142E-05 -3.671868E-04 -4.032912E-03
    801136 -1.370078E-02  1.423843E-05  3.722176E-03

                    E I G E N V A L U E    N U M B E R    94


 forces (fx,fy,fz) for set NSUPP and time  0.2000000E+01

     90000 -2.376067E-10  5.458335E-11 -2.422818E-10
     90002 -5.468286E-11 -1.473623E-10  1.334950E-10
     90004 -7.459084E-10  1.006157E-12  6.160144E-10
     90006 -1.033068E-10 -5.953487E-11 -7.291999E-12
    100001  4.747423E-06  1.396771E-07  5.993153E-06
    100002 -8.528806E-07  2.522393E-05 -6.748646E-06
    100004  2.204193E-06 -1.817582E-05 -1.837061E-05
    100201  1.908189E-04 -7.043934E-05 -2.010994E-04
    100208 -6.091606E-04  2.752394E-04  1.654235E-03
    100762  1.556134E-03 -6.436703E-03 -6.877727E-04
    100769  3.172928E+01 -2.320183E+00 -1.323540E+01
    100982  9.249830E-02  5.073939E+00  2.680575E+00
    101131 -1.571766E-03 -3.033135E-01 -8.541203E-01
    101133 -4.148756E-03  3.341466E-02 -5.345665E-01
    101135 -2.051970E+00 -2.187761E-04  1.508160E+00
    200000  4.760237E-06 -8.546071E-10  2.262227E-06
    200006  6.564812E-07  2.265156E-07  2.274376E-06
    200204 -2.665839E-04 -2.328277E-03  1.002572E-03
    200205  1.180332E-02  3.983776E-03 -8.284754E-03
    200765 -3.024588E-01  1.307347E-01 -4.347157E-02
    200766 -5.108916E-02 -1.143359E-01  2.560877E-01
    200981  1.179674E-02  3.641393E-01  2.171495E-02
    201130 -4.257829E-05 -2.408490E-03  3.690960E-03
    201136  3.595357E-02  2.943900E-04 -9.767891E-03
    300001 -3.074312E-06  1.439485E-07 -3.484663E-06
    300002 -6.583593E-07  3.280470E-05 -3.784299E-07
    300004  2.417195E-06 -5.420713E-05  5.058332E-05
    300201  3.878610E-04 -9.157278E-05  1.633161E-04
    300208  2.866646E-04  1.570885E-04 -1.297286E-03
    300762 -8.525330E-04 -6.811198E-03 -7.555740E-03
    300769 -3.168572E+01 -2.326608E+00  1.343005E+01
    300982 -1.045385E-01  5.075153E+00 -2.532590E+00
    301131  1.519885E-03 -3.031044E-01  9.967445E-01
    301133  5.170864E-03  3.333100E-02  6.216547E-01
    301135  2.386578E+00 -2.183502E-04 -1.754090E+00
    400000  3.129018E-06 -8.565526E-10  1.487010E-06
    400006  7.692690E-07  2.250109E-07  3.065005E-06
    400204  1.485782E-04 -2.328445E-03 -5.533451E-04
    400205 -1.414084E-02  3.983920E-03  7.604071E-03
    400765  3.636137E-01  1.307371E-01  1.850384E-02
    400766  2.200117E-02 -1.143378E-01 -2.099200E-01
    400981 -1.565146E-02  3.641506E-01  1.284317E-02
    401130  1.660268E-04 -2.409116E-03  2.042178E-02
    401136  7.551946E-02  2.943956E-04 -2.051689E-02
    500001 -6.408611E-06  1.847609E-07 -8.019484E-06
    500002  9.360018E-07  3.447213E-05  8.147758E-06
    500004 -2.336714E-06 -3.010636E-05  2.791684E-05
    500201 -2.481181E-04 -1.121185E-04  1.480371E-04
    500208  3.471363E-04  3.249786E-04 -1.150677E-03
    500762 -1.157301E-04  1.050436E-02  2.080848E-02
    500769  3.751488E+01  2.634279E+00 -1.629951E+01
    500982  1.187358E-01 -4.634315E+00  2.048056E+00
    501131 -7.215134E-04  2.514993E-01 -8.576034E-01
    501133 -5.238240E-03 -2.882053E-02 -5.267765E-01
    501135 -2.023048E+00  1.866926E-04  1.486898E+00
    600000 -2.677399E-06  7.000056E-09 -1.272383E-06
    600006 -6.910822E-07 -2.539102E-07 -2.775119E-06
    600204  1.423760E-04 -8.319269E-04 -5.513837E-04
    600205 -3.577615E-03  1.438820E-03  3.381286E-03
    600765 -3.574760E-02 -2.205338E-02  2.355661E-02
    600766  3.149245E-02  1.087768E-02 -6.534932E-02
    600981  2.236179E-02 -5.705121E-01 -8.083597E-02
    601130 -2.233563E-04 -3.532607E-03 -2.430301E-02
    601136 -8.096459E-02 -1.161690E-04  2.199612E-02
    700001  3.773778E-06  1.888612E-07  4.364754E-06
    700002  5.166116E-07  4.126032E-05 -7.609716E-07
    700004 -2.123311E-06 -6.501084E-05 -5.860978E-05
    700201 -3.836511E-04 -1.353473E-04 -1.086011E-04
    700208  5.298099E-06  1.950840E-04  7.616419E-04
    700762 -4.566402E-04  1.018518E-02 -1.378951E-02
    700769 -3.755618E+01  2.627890E+00  1.613717E+01
    700982 -1.123435E-01 -4.626680E+00 -2.150206E+00
    701131  4.578212E-04  2.517685E-01  7.410550E-01
    701133  4.809333E-03 -2.888372E-02  4.515793E-01
    701135  1.734518E+00  1.870347E-04 -1.274833E+00
    800000 -5.394041E-06  6.999826E-09 -2.563425E-06
    800006 -6.855873E-07 -2.554148E-07 -2.304629E-06
    800204 -1.395552E-05 -8.320423E-04  5.992945E-05
    800205  6.220384E-03  1.438924E-03 -2.673134E-03
    800765 -2.519184E-02 -2.204327E-02 -2.407890E-03
    800766 -6.845826E-03  1.086870E-02  3.028710E-02
    800981 -2.027572E-02 -5.705379E-01  5.666617E-02
    801130  1.536659E-04 -3.533251E-03  4.057971E-03
    801136 -2.145785E-02 -1.161336E-04  5.829788E-03

                    E I G E N V A L U E    N U M B E R    95


 forces (fx,fy,fz) for set NSUPP and time  0.2000000E+01

     90000 -1.761971E-10  7.095009E-11 -6.007561E-10
     90002  1.515064E-10  1.334170E-11  5.612180E-10
     90004  2.569580E-10  3.118500E-11 -2.491122E-10
     90006  6.570359E-11  1.995663E-11 -4.585349E-11
    100001 -3.489962E-04 -3.770058E-05 -4.550789E-04
    100002  1.264112E-04 -6.920386E-03  9.005955E-04
    100004 -2.648363E-04  7.778271E-03  6.885138E-03
    100201 -7.135242E-02  2.428285E-02  4.256648E-02
    100208  1.302011E-01 -8.354726E-02 -3.845290E-01
    100762  1.078416E-01  7.126982E-02  3.286363E-01
    100769 -2.558005E-01 -1.325956E-02  1.076848E-01
    100982  3.387170E-04  4.367336E-02  3.205491E-02
    101131 -9.214945E-05 -3.961979E-03 -1.497344E-03
    101133  1.054656E-04  4.172504E-04 -1.991710E-03
    101135 -7.541230E-03 -2.769539E-06  5.543155E-03
    200000  4.236466E-04 -7.294167E-07  2.013320E-04
    200006 -7.393800E-05  4.879515E-06 -4.130845E-04
    200204  5.597222E-02  4.286881E-01 -2.124891E-01
    200205 -2.012219E+00 -7.357421E-01  1.559960E+00
    200765 -1.936380E+00  6.948914E-01 -1.571270E+00
    200766  3.558354E-02 -4.255275E-01  2.577956E-01
    200981 -7.628560E-05  1.073796E-03  2.423567E-03
    201130  1.450682E-05 -1.566142E-04  1.831475E-03
    201136  6.858410E-03  6.754404E-06 -1.863271E-03
    300001  1.744848E-03 -3.810362E-05  2.087490E-03
    300002  5.469788E-05 -8.635169E-03 -8.729671E-04
    300004 -2.643136E-04  1.170800E-02 -1.118828E-02
    300201 -9.409758E-02  3.054157E-02 -3.386740E-02
    300208 -3.669729E-02 -4.907284E-02  2.813400E-01
    300762 -2.839487E-02  3.874018E-02 -2.376550E-01
    300769  9.837331E-02 -1.854492E-02 -8.815103E-02
    300982 -1.218049E-03  4.479128E-02 -1.811005E-02
    301131 -2.116807E-05 -3.964777E-03  2.130569E-02
    301133  1.755305E-04  4.030110E-04  1.270524E-02
    301135  4.883623E-02 -2.709593E-06 -3.589342E-02
    400000 -6.259567E-04 -7.289731E-07 -2.974752E-04
    400006 -8.802076E-05  5.055302E-06 -3.069874E-04
    400204 -2.235396E-02  4.287215E-01  8.125950E-02
    400205  2.776880E+00 -7.357766E-01 -1.395891E+00
    400765  2.712933E+00  6.949164E-01  1.365157E+00
    400766 -1.277590E-02 -4.255621E-01 -1.085285E-01
    400981 -2.271707E-04  1.072989E-03  8.299710E-04
    401130  1.263830E-05 -1.567714E-04  1.745878E-03
    401136  6.895812E-03  6.756353E-06 -1.873434E-03
    500001  6.435667E-04 -4.564436E-05  8.114050E-04
    500002 -1.304917E-04 -8.509478E-03 -1.109810E-03
    500004  2.577661E-04  9.823714E-03 -8.724577E-03
    500201  8.705744E-02  3.143973E-02 -3.659737E-02
    500208 -1.004765E-01 -9.602603E-02  3.331444E-01
    500762 -8.486905E-02  7.354532E-02 -2.789171E-01
    500769  4.117382E-01 -4.753572E-03 -1.601795E-01
    500982 -2.237787E-04  2.564456E-02 -2.113534E-02
    501131  1.036507E-04 -2.990317E-03 -2.282052E-03
    501133 -1.485822E-04  2.785371E-04 -1.244489E-04
    501135 -6.047305E-04 -1.928340E-06  4.438652E-04
    600000 -5.791854E-04 -1.286776E-06 -2.752495E-04
    600006  7.051893E-05  3.392962E-05  4.225894E-04
    600204 -4.113437E-02  2.315343E-01  1.592953E-01
    600205  8.812667E-01 -4.009031E-01 -9.170764E-01
    600765  8.857993E-01  3.894503E-01  9.603015E-01
    600766 -2.655673E-02 -2.371600E-01 -1.954818E-01
    600981  5.317957E-05  1.140730E-03 -1.968908E-03
    601130 -1.738938E-05 -2.954457E-04 -2.031288E-03
    601136 -7.228689E-03  9.194431E-06  1.963866E-03
    700001 -1.853753E-03 -4.601409E-05 -2.223464E-03
    700002 -3.649631E-05 -1.005549E-02  1.044014E-03
    700004  2.315199E-04  1.346797E-02  1.267246E-02
    700201  1.002023E-01  3.854665E-02  2.735428E-02
    700208 -4.945657E-03 -5.676609E-02 -2.175225E-01
    700762 -4.591810E-03  3.651037E-02  1.769652E-01
    700769 -2.328946E-01 -1.068652E-02  1.410116E-01
    700982  1.078479E-03  2.679908E-02  7.379948E-03
    701131  6.208944E-06 -2.992927E-03 -1.743435E-02
    701133 -1.268420E-04  2.642467E-04 -1.058017E-02
    701135 -4.065151E-02 -1.868639E-06  2.987792E-02
    800000  8.061580E-04 -1.286433E-06  3.831128E-04
    800006  7.927688E-05  3.409302E-05  2.367690E-04
    800204  3.332537E-03  2.315671E-01 -1.106831E-02
    800205 -1.808196E+00 -4.009345E-01  7.574169E-01
    800765 -1.818477E+00  3.894823E-01 -7.517692E-01
    800766  4.297514E-04 -2.372059E-01  2.784549E-02
    800981  2.435818E-04  1.139815E-03 -1.240819E-03
    801130 -9.462581E-06 -2.956254E-04 -1.526009E-03
    801136 -6.529644E-03  9.197695E-06  1.773959E-03

                    E I G E N V A L U E    N U M B E R    96


 forces (fx,fy,fz) for set NSUPP and time  0.2000000E+01

     90000 -1.284143E-10  6.967492E-11 -1.550860E-10
     90002  1.566206E-10  1.005635E-10  4.327542E-11
     90004 -1.282691E-10 -8.446605E-11 -1.373494E-10
     90006  1.383043E-10  2.166911E-11 -2.006748E-10
    100001  2.095226E+00 -6.607870E-04  2.531940E+00
    100002  1.525438E-02  1.102077E+00 -1.012583E+00
    100004 -1.324441E-02  3.723344E-02 -7.938723E-01
    100201  3.923513E+00  2.887207E-01  2.633679E+00
    100208 -1.354913E-03  2.826999E-03 -1.188982E-02
    100762 -9.797457E-05 -7.092460E-05 -3.210158E-04
    100769  2.175947E-04  1.545857E-05 -8.662929E-05
    100982 -3.059176E-07 -3.300973E-05 -2.401186E-05
    101131  6.796223E-08  3.082227E-06  1.215584E-06
    101133 -7.683776E-08 -3.234972E-07  1.532501E-06
    101135  5.806160E-06  2.151239E-09 -4.267777E-06
    200000  1.480415E+00  9.309329E-04  7.035438E-01
    200006 -4.704316E-04 -6.224711E-02 -2.440474E-01
    200204  7.420548E-02 -2.988614E-03 -8.699061E-02
    200205 -4.829376E-01  2.474782E-03 -4.602786E-02
    200765  1.885834E-03 -6.517230E-04  1.484326E-03
    200766 -3.343605E-05  3.981680E-04 -2.328679E-04
    200981  4.375453E-08 -1.055828E-06 -1.767543E-06
    201130 -1.083812E-08  1.254010E-07 -1.390636E-06
    201136 -5.262944E-06 -5.336510E-09  1.429820E-06
    300001  2.124893E+00 -5.012227E-04  2.562653E+00
    300002  3.349990E-02 -1.302998E+00 -9.704298E-01
    300004 -6.972588E-02  1.581990E-01 -1.430070E+00
    300201 -3.640956E+00  3.092085E-01 -1.633091E+00
    300208 -1.123244E-03  1.229384E-03 -1.008811E-02
    300762  3.058729E-05 -4.351349E-05  2.432064E-04
    300769 -8.486419E-05  1.990813E-05  7.117822E-05
    300982  9.151142E-07 -3.393679E-05  1.337037E-05
    301131  1.193485E-08  3.082257E-06 -1.646177E-05
    301133 -1.297148E-07 -3.126741E-07 -9.875035E-06
    301135 -3.795164E-05  2.107382E-09  2.789354E-05
    400000  1.669388E-01  9.311734E-04  7.933511E-02
    400006 -2.219123E-02 -6.222142E-02 -1.303811E-01
    400204  6.295614E-02 -2.999488E-03  9.614188E-02
    400205 -1.035170E-01  2.499624E-03 -3.658493E-02
    400765 -2.476866E-03 -6.517456E-04 -1.283208E-03
    400766  1.393285E-05  3.982002E-04  1.065390E-04
    400981  1.747213E-07 -1.055215E-06 -7.045351E-07
    401130 -9.303924E-09  1.255122E-07 -1.337212E-06
    401136 -5.394621E-06 -5.338189E-09  1.465593E-06
    500001 -2.047137E+00 -2.521614E-03 -2.475490E+00
    500002 -9.856507E-03  7.438812E-01  9.958787E-01
    500004 -7.465293E-03  4.626462E-01  2.298702E-01
    500201 -4.211144E+00  2.968629E-01 -2.859343E+00
    500208  1.496755E-03  3.311535E-03  1.319363E-02
    500762  7.986746E-05 -7.417783E-05  2.830075E-04
    500769 -3.133338E-04  1.152324E-05  1.149788E-04
    500982  3.491784E-07 -2.314891E-05  1.726573E-05
    501131 -8.106403E-08  2.584823E-06  1.069765E-06
    501133  1.112155E-07 -2.393284E-07 -3.370366E-07
    501135 -1.195729E-06  1.661206E-09  8.793028E-07
    600000 -1.329338E+00  1.567455E-03 -6.317466E-01
    600006 -6.253673E-03 -1.073145E-01  1.878463E-01
    600204 -8.510096E-02 -1.587937E-02  6.128371E-02
    600205  4.846725E-01  1.635513E-02  5.217435E-02
    600765 -9.858163E-04 -3.949670E-04 -9.707765E-04
    600766  2.611986E-05  2.398288E-04  1.828762E-04
    600981  1.503459E-09 -1.728781E-06  1.320665E-06
    601130  1.342170E-08  2.572027E-07  1.568144E-06
    601136  5.584930E-06 -7.984520E-09 -1.517295E-06
    700001 -2.175283E+00 -2.362271E-03 -2.621929E+00
    700002 -3.869099E-02 -1.661732E+00  9.889089E-01
    700004  8.994028E-02  5.800149E-01  1.991604E+00
    700201  3.929904E+00  3.172418E-01  1.865131E+00
    700208  9.792825E-04  1.702436E-03  8.713371E-03
    700762 -2.042117E-06 -4.209640E-05 -1.937842E-04
    700769  1.582187E-04  1.663067E-05 -9.991384E-05
    700982 -9.419239E-07 -2.410624E-05 -6.772013E-06
    701131  3.559276E-09  2.584770E-06  1.411519E-05
    701133  9.146701E-08 -2.284558E-07  8.675021E-06
    701135  3.332060E-05  1.614571E-09 -2.448993E-05
    800000 -3.264741E-01  1.568241E-03 -1.551515E-01
    800006  2.882164E-02 -1.073054E-01  1.869069E-01
    800204 -5.118648E-02 -1.589050E-02 -6.516305E-02
    800205  1.078485E-01  1.638132E-02  2.988223E-02
    800765  1.744906E-03 -3.949973E-04  7.690711E-04
    800766 -3.149709E-06  2.398746E-04 -3.739358E-05
    800981 -2.153899E-07 -1.728108E-06  1.116952E-06
    801130  6.552242E-09  2.573272E-07  1.146000E-06
    801136  5.075882E-06 -7.986536E-09 -1.379001E-06

                    E I G E N V A L U E    N U M B E R    97


 forces (fx,fy,fz) for set NSUPP and time  0.2000000E+01

     90000  1.546369E-10 -5.241131E-11 -7.661946E-11
     90002 -1.800834E-10 -1.003159E-10 -1.810009E-10
     90004  5.082298E-10  2.053589E-10 -1.755279E-11
     90006 -2.311169E-10  1.356259E-11  2.918142E-10
    100001  4.110521E-04  5.733084E-06  5.008805E-04
    100002 -1.359699E-05  1.267127E-03 -2.989762E-04
    100004  2.864689E-05 -1.231789E-03 -1.270543E-03
    100201  1.047138E-03 -3.329504E-03 -6.384186E-03
    100208 -1.725657E-02  9.796661E-03  5.788520E-02
    100762  6.148262E-03  2.076577E-03  1.272317E-02
    100769 -7.308623E-03  1.423565E-04  1.744424E-03
    100982  1.684030E-05  9.191801E-04  5.638510E-04
    101131 -1.395974E-06 -8.455142E-05 -9.387522E-05
    101133  1.088752E-06  8.840814E-06 -7.317500E-05
    101135 -2.794540E-04 -5.880478E-08  2.054003E-04
    200000  2.292772E-04  1.189988E-07  1.089603E-04
    200006  8.240050E-06 -1.030914E-06  8.560236E-07
    200204 -8.029327E-03 -8.384050E-02  2.951271E-02
    200205  4.749863E-01  1.435514E-01 -2.952438E-01
    200765 -9.492601E-02  3.944228E-02 -8.284708E-02
    200766  2.217023E-03 -2.423421E-02  1.358563E-02
    200981  1.660861E-06  6.793758E-05  2.292841E-05
    201130  1.999306E-07 -3.312482E-06  2.615645E-05
    201136  1.002173E-04  1.431755E-07 -2.722673E-05
    300001  9.208459E-05  5.812843E-06  1.135131E-04
    300002 -2.512654E-06  1.102489E-03 -2.826148E-05
    300004  2.811680E-05 -1.734215E-03  1.479383E-03
    300201  3.216293E-03 -3.473074E-03  5.847405E-03
    300208  1.510444E-02  8.946284E-03 -5.565085E-02
    300762 -1.435575E-03 -9.545309E-06 -7.706718E-03
    300769 -2.901395E-03 -1.516621E-04 -1.556890E-03
    300982 -2.353402E-05  9.488675E-04 -3.893369E-04
    301131  1.050428E-07 -8.447523E-05  3.908246E-04
    301133  2.582164E-06  8.635061E-06  2.391487E-04
    301135  9.186057E-04 -5.791694E-08 -6.751552E-04
    400000  4.590557E-05  1.189587E-07  2.181581E-05
    400006  9.522380E-06 -1.049252E-06  3.678030E-05
    400204  7.169464E-03 -8.384609E-02 -2.658028E-02
    400205 -5.061865E-01  1.435549E-01  2.967076E-01
    400765  1.901439E-01  3.944346E-02  8.996989E-02
    400766 -7.078825E-04 -2.423609E-02 -4.901055E-03
    400981 -4.487220E-06  6.792962E-05  1.696657E-05
    401130  1.647603E-07 -3.314606E-06  2.579518E-05
    401136  1.085849E-04  1.432014E-07 -2.950007E-05
    500001 -5.006629E-04  7.518535E-06 -6.106518E-04
    500002  1.967520E-05  1.665101E-03  3.752775E-04
    500004 -4.212414E-05 -1.772501E-03  1.609698E-03
    500201 -7.675590E-03 -4.404454E-03  3.295828E-03
    500208  7.357089E-03  1.129436E-02 -3.295765E-02
    500762  1.499001E-03 -4.755258E-04  3.211317E-03
    500769  2.426468E-03  1.135109E-04 -1.850625E-03
    500982 -5.550447E-06  3.880368E-04 -3.288671E-04
    501131  1.747415E-06 -5.002081E-05 -4.644565E-05
    501133 -2.573176E-06  4.237273E-06 -6.707277E-06
    501135 -2.791502E-05 -3.034163E-08  2.050677E-05
    600000 -4.581858E-05  8.798106E-07 -2.177425E-05
    600006 -1.222673E-05 -5.035862E-05 -4.951556E-05
    600204  2.989502E-03 -1.411406E-02 -1.202084E-02
    600205 -1.994805E-02  2.483795E-02  5.036344E-02
    600765 -1.492010E-02 -1.199996E-02 -1.726952E-02
    600766  6.479735E-04  7.343997E-03  3.063492E-03
    600981  3.987748E-07  2.794598E-05 -3.130235E-05
    601130 -2.982063E-07 -6.822465E-06 -3.388142E-05
    601136 -1.183350E-04  1.972292E-07  3.214885E-05
    700001 -8.703222E-05  7.586445E-06 -1.041938E-04
    700002 -9.639424E-06  1.424311E-03 -2.941346E-05
    700004  2.539288E-06 -2.152180E-03 -1.663645E-03
    700201 -7.887936E-03 -4.987320E-03 -2.455719E-03
    700208  1.166388E-03  8.055849E-03  2.382183E-02
    700762 -8.773502E-04 -4.271588E-05 -2.773673E-03
    700769 -4.281781E-03  1.393539E-04  1.412315E-03
    700982  1.810374E-05  3.999773E-04  7.282117E-05
    701131 -3.466492E-07 -4.994751E-05 -2.767877E-04
    701133 -1.410268E-06  4.010194E-06 -1.740557E-04
    701135 -6.681774E-04 -2.936510E-08  4.910977E-04
    800000 -2.448650E-04  8.800561E-07 -1.163680E-04
    800006 -2.732278E-07 -5.037945E-05  3.856295E-05
    800204  8.948385E-05 -1.411655E-02  1.001537E-04
    800205  1.074785E-01  2.484080E-02 -4.238173E-02
    800765  7.361580E-02 -1.200034E-02  3.622190E-02
    800766 -3.663321E-04  7.345122E-03 -1.960349E-03
    800981  4.491395E-06  2.792743E-05 -2.767397E-05
    801130 -1.014706E-07 -6.825374E-06 -2.261459E-05
    801136 -1.088340E-04  1.972962E-07  2.956785E-05

                    E I G E N V A L U E    N U M B E R    98


 forces (fx,fy,fz) for set NSUPP and time  0.2000000E+01

     90000  3.129108E-10  7.219906E-11  2.935625E-10
     90002  2.783514E-10  2.624793E-11  2.959926E-10
     90004  1.587596E-10 -9.532668E-11 -4.557884E-11
     90006 -2.096065E-10 -2.117563E-11  1.845012E-10
    100001  9.002029E-04  4.068319E-06  1.069260E-03
    100002  6.239303E-05  1.586041E-03 -2.271655E-04
    100004 -1.889922E-04 -2.413638E-03 -2.591887E-03
    100201  1.759877E-01  4.022213E-03 -7.213682E-03
    100208 -1.012721E-01  4.412345E-02  1.269336E-01
    100762 -8.588741E-02 -4.066062E-02 -1.124186E-01
    100769  1.830205E-01 -2.897522E-03 -1.361123E-03
    100982 -1.049649E-04 -1.788806E-03 -3.261923E-04
    101131  1.988843E-06  1.957738E-04  4.133887E-04
    101133  4.215391E-07 -2.046198E-05  2.737935E-04
    101135  1.049484E-03  1.361858E-07 -7.713580E-04
    200000  1.549961E-04  1.909301E-07  7.365993E-05
    200006 -5.789840E-05 -8.234114E-06 -2.945488E-04
    200204 -3.634662E-02 -3.614253E-02  1.464687E-01
    200205 -1.333495E+00  6.208681E-02  7.508520E-03
    200765 -1.337796E+00 -5.839645E-02  3.457394E-02
    200766 -2.882696E-02  3.560601E-02 -1.607278E-01
    200981 -2.734509E-05 -1.275743E-04  1.634481E-04
    201130 -1.825953E-07  7.053565E-06 -2.502686E-05
    201136 -9.884764E-05 -3.174519E-07  2.685466E-05
    300001  6.823689E-04  3.805740E-06  8.040914E-04
    300002  7.222017E-05  3.474217E-05 -3.442167E-05
    300004 -1.959948E-04  3.753923E-04 -7.582371E-04
    300201  1.765736E-01 -9.526397E-03 -8.918402E-04
    300208 -8.715065E-02 -3.092993E-02  6.622787E-02
    300762 -7.432843E-02  3.014321E-02 -6.098817E-02
    300769  1.648109E-01  6.420679E-03  7.361693E-03
    300982 -2.199880E-05 -2.333996E-03  1.829382E-03
    301131 -1.337249E-06  1.954888E-04 -7.168256E-04
    301133 -3.293066E-06 -2.026639E-05 -4.521274E-04
    301135 -1.735320E-03  1.352844E-07  1.275429E-03
    400000  1.548771E-04  1.912257E-07  7.360337E-05
    400006 -5.897289E-05 -8.106132E-06 -2.994946E-04
    400204 -2.967191E-02 -3.615373E-02  1.214365E-01
    400205 -1.738314E+00  6.212144E-02  2.581525E-01
    400765 -1.734235E+00 -5.842657E-02 -2.164712E-01
    400766 -2.432989E-02  3.561857E-02 -1.312207E-01
    400981 -1.578048E-05 -1.276911E-04  1.906240E-04
    401130 -1.327214E-07  7.055393E-06 -2.874788E-05
    401136 -1.366461E-04 -3.174826E-07  3.712377E-05
    500001  6.408058E-04  4.129472E-06  7.426948E-04
    500002  1.070681E-04 -6.669285E-05  1.338998E-04
    500004 -3.015868E-04  1.097266E-03 -1.410355E-03
    500201  2.161137E-01 -1.154666E-02 -1.796070E-03
    500208 -1.121019E-01 -3.894685E-02  9.472452E-02
    500762 -9.536225E-02  3.826780E-02 -8.645369E-02
    500769  2.017182E-01  7.342715E-03  1.055265E-02
    500982 -5.496508E-05 -1.963481E-03  2.398422E-03
    501131 -7.444185E-06  1.827631E-04  3.904813E-04
    501133  1.222756E-05 -1.648070E-05  1.472145E-04
    501135  5.746285E-04  1.152939E-07 -4.222962E-04
    600000  3.112515E-05  2.261541E-07  1.479255E-05
    600006 -9.133013E-05 -1.001965E-05 -4.295627E-04
    600204 -3.857054E-02 -2.446888E-02  1.575768E-01
    600205 -1.831389E+00  4.228576E-02  1.678454E-01
    600765 -1.833714E+00 -4.118605E-02 -1.194088E-01
    600766 -3.158877E-02  2.499736E-02 -1.702254E-01
    600981 -2.844451E-05 -2.344322E-04  3.633118E-04
    601130  1.361007E-06  2.107938E-05  1.629365E-04
    601136  5.895965E-04 -6.313807E-07 -1.601797E-04
    700001  8.784695E-04  4.580790E-06  1.032110E-03
    700002  9.596367E-05  1.835749E-03 -7.857323E-05
    700004 -2.927988E-04 -3.324103E-03 -3.404226E-03
    700201  2.158814E-01  5.116928E-03 -7.482840E-03
    700208 -1.221105E-01  5.331191E-02  1.488763E-01
    700762 -1.038620E-01 -4.885910E-02 -1.320053E-01
    700769  2.273636E-01 -4.023862E-03 -4.829436E-04
    700982 -1.706477E-04 -1.402811E-03  9.514468E-04
    701131 -7.504425E-07  1.826933E-04  1.275322E-03
    701133  9.585788E-06 -1.529156E-05  7.715949E-04
    701135  2.964904E-03  1.102638E-07 -2.179135E-03
    800000  7.614448E-06  2.257586E-07  3.619449E-06
    800006 -8.988485E-05 -1.021871E-05 -4.188799E-04
    800204 -4.322052E-02 -2.446089E-02  1.752659E-01
    800205 -1.546891E+00  4.224600E-02 -8.262786E-03
    800765 -1.542635E+00 -4.115131E-02  6.396208E-02
    800766 -3.483545E-02  2.498901E-02 -1.917714E-01
    800981 -5.233474E-05 -2.342011E-04  4.177339E-04
    801130  7.780707E-07  2.109350E-05  1.296799E-04
    801136  5.620210E-04 -6.316297E-07 -1.526886E-04

                    E I G E N V A L U E    N U M B E R    99


 forces (fx,fy,fz) for set NSUPP and time  0.2000000E+01

     90000  4.081655E-11 -1.074797E-10  1.837030E-10
     90002 -6.117954E-11 -1.536434E-10  1.148943E-10
     90004  2.525389E-10  1.088570E-11 -8.035764E-11
     90006 -2.554727E-10 -9.899340E-11  1.359979E-10
    100001 -2.694244E-04 -1.958448E-05 -3.668195E-04
    100002  1.409902E-04 -3.312180E-03  8.222007E-04
    100004 -3.664795E-04  2.509202E-03  2.045366E-03
    100201  1.767350E-01  2.107444E-02  1.166780E-02
    100208 -6.831008E-02  3.652992E-03 -3.516509E-02
    100762 -5.711706E-02 -7.764485E-03  3.038224E-02
    100769  1.385811E-01 -1.417856E-02  2.318143E-02
    100982  3.444952E-05  8.858122E-03  7.028869E-03
    101131 -1.627024E-05 -8.341966E-04 -1.970972E-04
    101133  1.879223E-05  8.977373E-05 -3.041910E-04
    101135 -1.149355E-03 -5.915833E-07  8.448402E-04
    200000 -2.106524E-04 -1.065669E-06 -1.001082E-04
    200006 -1.094473E-04  4.797261E-05 -4.746040E-04
    200204 -1.974436E-02  1.592029E-01  8.556038E-02
    200205 -1.749658E+00 -2.738576E-01  3.955063E-01
    200765 -1.784463E+00  2.729433E-01 -3.902594E-01
    200766 -1.758852E-02 -1.661448E-01 -8.314064E-02
    200981 -2.819164E-05  5.939649E-04  6.267037E-04
    201130  2.739498E-06 -2.324578E-05  3.707002E-04
    201136  1.447005E-03  1.195179E-06 -3.931183E-04
    300001  8.314055E-04 -2.018522E-05  9.737749E-04
    300002  8.931237E-05 -4.880818E-03 -1.588841E-04
    300004 -3.253220E-04  7.803872E-03 -7.182055E-03
    300201  1.747452E-01  7.388308E-03 -1.819212E-02
    300208 -1.308925E-01 -7.025907E-02  2.519854E-01
    300762 -1.114560E-01  6.153560E-02 -2.234608E-01
    300769  2.142725E-01 -5.028082E-03 -1.055237E-02
    300982 -3.129372E-04  8.564813E-03 -1.952969E-03
    301131 -3.772262E-06 -8.332370E-04  4.694894E-03
    301133  3.742077E-05  8.663615E-05  2.811982E-03
    301135  1.080723E-02 -5.780710E-07 -7.943053E-03
    400000 -3.218986E-04 -1.065222E-06 -1.529763E-04
    400006 -1.023035E-04  4.820557E-05 -4.231520E-04
    400204 -4.935853E-02  1.592045E-01  1.970088E-01
    400205  5.061138E-02 -2.738287E-01 -7.190045E-01
    400765  1.066791E-01  2.729159E-01  8.017068E-01
    400766 -3.903603E-02 -1.661458E-01 -2.207938E-01
    400981 -7.775006E-05  5.936341E-04  5.467146E-04
    401130  2.809899E-06 -2.327736E-05  4.151995E-04
    401136  1.697959E-03  1.195553E-06 -4.612972E-04
    500001  5.628110E-04 -2.182105E-05  7.136078E-04
    500002 -1.153383E-04 -3.956539E-03 -8.810518E-04
    500004  2.873569E-04  3.522552E-03 -3.146428E-03
    500201 -1.148164E-01  2.040971E-02 -1.270420E-02
    500208  3.955155E-02 -1.214629E-02  6.634589E-02
    500762  3.286347E-02  5.301680E-03 -5.625511E-02
    500769 -6.475247E-02 -1.233924E-02 -2.616969E-02
    500982 -1.905293E-04  7.788235E-03 -5.119524E-03
    501131  2.582127E-05 -8.425768E-04 -1.615961E-04
    501133 -3.442028E-05  7.235675E-05  2.210138E-04
    501135  8.172725E-04 -5.153780E-07 -6.008271E-04
    600000  2.649420E-04 -9.193816E-07  1.259086E-04
    600006  8.490989E-05  3.594453E-05  3.514797E-04
    600204  1.036562E-02  1.340686E-01 -4.671691E-02
    600205  1.116606E+00 -2.313655E-01 -2.821426E-01
    600765  1.139137E+00  2.293612E-01  2.823505E-01
    600766  9.828622E-03 -1.392400E-01  4.261400E-02
    600981 -2.383845E-05  1.373634E-03 -2.807487E-04
    601130 -4.158164E-06 -1.078226E-04 -4.586600E-04
    601136 -1.567611E-03  3.156001E-06  4.258831E-04
    700001 -6.408464E-04 -2.230687E-05 -7.508393E-04
    700002 -6.384335E-05 -4.997766E-03  1.784696E-04
    700004  2.566562E-04  7.731815E-03  7.044886E-03
    700201 -1.147245E-01  1.141628E-02  1.650195E-02
    700208  9.420813E-02 -6.052036E-02 -2.157163E-01
    700762  8.013946E-02  5.063058E-02  1.887463E-01
    700769 -1.677909E-01 -6.405084E-03  1.604214E-02
    700982  4.135859E-04  7.666582E-03  8.107625E-04
    701131 -7.663913E-06 -8.415585E-04 -4.106263E-03
    701133 -1.770387E-05  6.935689E-05 -2.612342E-03
    701135 -1.002538E-02 -5.025551E-07  7.368481E-03
    800000  3.293965E-04 -9.191377E-07  1.565396E-04
    800006  8.191088E-05  3.612966E-05  3.268966E-04
    800204  3.579598E-02  1.340778E-01 -1.426960E-01
    800205 -4.392462E-01 -2.313479E-01  6.792896E-01
    800765 -4.773943E-01  2.293480E-01 -7.368372E-01
    800766  2.829296E-02 -1.392559E-01  1.601681E-01
    800981  1.105332E-04  1.373379E-03 -7.130142E-04
    801130 -1.101525E-06 -1.078626E-04 -2.863700E-04
    801136 -1.436923E-03  3.156941E-06  3.903812E-04

                    E I G E N V A L U E    N U M B E R   100


 forces (fx,fy,fz) for set NSUPP and time  0.2000000E+01

     90000 -2.347112E-10  1.259117E-10 -2.753616E-10
     90002  3.458984E-10  1.876036E-10  2.215158E-10
     90004 -2.213118E-10  1.341534E-11  1.741803E-10
     90006  7.504080E-11  8.328222E-12 -4.883443E-11
    100001  2.111140E-04  1.417210E-06  2.529293E-04
    100002  7.550167E-06  4.256250E-04 -8.520834E-05
    100004 -2.436521E-05 -5.309521E-04 -5.751064E-04
    100201  2.409867E-02 -4.073727E-04 -2.451604E-03
    100208 -1.785496E-02  8.494692E-03  3.209531E-02
    100762 -1.975888E-02 -1.167092E-02 -4.636455E-02
    100769  3.028944E-02  1.757124E-03 -1.493386E-03
    100982 -2.009563E-05 -1.627440E-03 -1.070197E-03
    101131  8.769162E-07  1.424341E-04  2.275811E-04
    101133  7.043404E-07 -1.861450E-05  1.441143E-04
    101135  5.527842E-04  1.158904E-07 -4.062879E-04
    200000  7.661379E-05  3.580408E-08  3.640956E-05
    200006 -7.498558E-06 -7.071820E-07 -4.738734E-05
    200204 -6.793890E-03 -2.161565E-02  2.660444E-02
    200205  3.712872E-02  3.710440E-02 -1.095635E-01
    200765  1.457406E-01 -7.206044E-02  1.966219E-01
    200766 -7.002495E-03  4.388316E-02 -4.063227E-02
    200981  4.284805E-07  3.467810E-06 -5.516707E-05
    201130 -9.141556E-08 -1.169154E-05 -2.547960E-05
    201136 -1.280635E-04  1.583835E-07  3.479208E-05
    300001  1.334882E-04  1.391258E-06  1.586186E-04
    300002  1.038979E-05  1.512033E-04 -1.884140E-05
    300004 -2.490795E-05 -1.915302E-04  9.135149E-05
    300201  2.379709E-02 -2.260860E-03  1.206469E-03
    300208 -9.430362E-03 -1.518457E-03 -2.124269E-03
    300762 -5.452735E-03 -1.373907E-03  1.742056E-02
    300769  2.169882E-02  3.200684E-03  1.806965E-03
    300982  9.210107E-06 -1.736430E-03  9.450841E-04
    301131  2.588666E-06  1.426261E-04 -7.900812E-04
    301133 -8.996536E-06 -1.820063E-05 -4.451881E-04
    301135 -1.713563E-03  1.141636E-07  1.259415E-03
    400000  1.264791E-05  3.584197E-08  6.010779E-06
    400006 -7.364101E-06 -6.905926E-07 -3.630591E-05
    400204 -2.747247E-03 -2.161833E-02  1.198097E-02
    400205 -2.269080E-01  3.711013E-02  4.843518E-02
    400765 -3.742804E-01 -7.206612E-02 -1.257715E-01
    400766 -1.225946E-03  4.388779E-02 -5.226485E-03
    400981 -2.092328E-06  3.478087E-06  2.907454E-05
    401130 -6.842463E-07 -1.168747E-05 -7.236025E-05
    401136 -2.365203E-04  1.583591E-07  6.425688E-05
    500001 -2.316401E-04  2.171456E-06 -2.789450E-04
    500002 -2.992635E-06  5.778542E-04  1.166701E-04
    500004  1.297855E-05 -7.227820E-04  6.754647E-04
    500201 -2.255981E-02 -6.457961E-04  1.009856E-03
    500208  1.261525E-02  7.676264E-03 -2.068168E-02
    500762  1.320208E-02 -9.728080E-03  3.091677E-02
    500769 -2.823757E-02  1.679377E-03  1.562285E-03
    500982  9.198358E-05 -1.270226E-03  3.699951E-04
    501131 -6.929771E-06  1.575509E-04  2.549236E-05
    501133  9.325768E-06 -9.558010E-06 -7.458248E-05
    501135 -2.777958E-04  7.835625E-08  2.042150E-04
    600000  7.948343E-07  3.588953E-07  3.777767E-07
    600006  4.082192E-06 -2.161350E-05  1.876616E-05
    600204  4.448068E-03 -2.769849E-04 -1.820506E-02
    600205  1.110199E-01  7.237164E-04  2.010695E-02
    600765  4.576301E-02 -1.897025E-02 -7.070802E-02
    600766  4.461224E-03  1.129926E-02  2.583338E-02
    600981  2.264922E-05 -4.207985E-04 -7.376011E-05
    601130  1.014805E-06  3.823293E-05  8.888482E-05
    601136  2.426701E-04 -1.008125E-06 -6.592747E-05
    700001 -1.129571E-04  2.149373E-06 -1.330213E-04
    700002 -1.360106E-05  3.109483E-04 -7.105200E-06
    700004  3.223708E-05 -4.147316E-04 -2.205613E-04
    700201 -2.148122E-02 -2.348578E-03  1.492006E-04
    700208  1.227792E-02 -1.613588E-03 -6.431106E-03
    700762  9.020312E-03 -5.543975E-04 -5.495069E-03
    700769 -1.763871E-02  2.961665E-03 -1.724950E-03
    700982 -8.571945E-05 -1.366382E-03 -1.874458E-04
    701131  3.807436E-06  1.576515E-04  5.473935E-04
    701133 -1.428094E-06 -9.136614E-06  3.866065E-04
    701135  1.480204E-03  7.660608E-08 -1.087941E-03
    800000 -9.437594E-05  3.590512E-07 -4.485069E-05
    800006  9.562574E-06 -2.160182E-05  5.977387E-05
    800204  4.261896E-03 -2.783618E-04 -1.701094E-02
    800205  9.337317E-02  7.285111E-04  2.334633E-02
    800765  1.662779E-01 -1.897539E-02  1.246550E-02
    800766  2.775906E-03  1.130279E-02  1.463939E-02
    800981 -2.251186E-05 -4.207985E-04  1.129401E-04
    801130 -2.285416E-07  3.824133E-05  9.782371E-06
    801136  1.343639E-04 -1.008393E-06 -3.650430E-05
