ISO-10303-21;
HEADER;
FILE_DESCRIPTION(('FreeCAD Model'),'2;1');
FILE_NAME('Open CASCADE Shape Model','2026-07-22T19:22:24',('FreeCAD'),(
    'FreeCAD'),'Open CASCADE STEP processor 7.8','FreeCAD','Unknown');
FILE_SCHEMA(('AUTOMOTIVE_DESIGN { 1 0 10303 214 1 1 1 1 }'));
ENDSEC;
DATA;
#1 = APPLICATION_PROTOCOL_DEFINITION('international standard',
  'automotive_design',2000,#2);
#2 = APPLICATION_CONTEXT(
  'core data for automotive mechanical design processes');
#3 = SHAPE_DEFINITION_REPRESENTATION(#4,#10);
#4 = PRODUCT_DEFINITION_SHAPE('','',#5);
#5 = PRODUCT_DEFINITION('design','',#6,#9);
#6 = PRODUCT_DEFINITION_FORMATION('','',#7);
#7 = PRODUCT('Open CASCADE STEP translator 7.8 1',
  'Open CASCADE STEP translator 7.8 1','',(#8));
#8 = PRODUCT_CONTEXT('',#2,'mechanical');
#9 = PRODUCT_DEFINITION_CONTEXT('part definition',#2,'design');
#10 = SHAPE_REPRESENTATION('',(#11,#15,#165,#177,#189,#339,#351,#363,
    #513,#663,#813,#963,#1113,#1263,#1413,#1563,#1713,#1863,#2013,#2163,
    #2205,#2247,#2289,#2331,#2373,#2415,#2457,#2499,#2541,#2583,#2591,
    #2599,#2607,#2615,#2623,#2631,#2639,#2647,#2655,#2663,#2671,#2679,
    #2687,#2695,#2703,#2711,#2719,#2727,#2735,#2743,#2751,#2759,#2767,
    #2775,#2783,#2791,#2799,#2807,#2815,#2823,#2831,#2839,#2847,#2855,
    #2863,#2871,#2879,#2887,#2895,#2903,#2911,#2919,#2927,#2935,#2943,
    #2951,#2959,#2967,#2975,#2983,#2991,#2999,#3007,#3015,#3023,#3031,
    #3039,#3047,#3055,#3063,#3071,#3079,#3087,#3095,#3103,#3111,#3119,
    #3127,#3135,#3143,#3151,#3159,#3167,#3175,#3183,#3191,#3199,#3207,
    #3215,#3223,#3231,#3239,#3247,#3255,#3263,#3271,#3279,#3287,#3295,
    #3303,#3311,#3319,#3327,#3335,#3343,#3351,#3359,#3367,#3375,#3383,
    #3391,#3399,#3407,#3415,#3423,#3431,#3439,#3447,#3455,#3463,#3471,
    #3479,#3487,#3495,#3503,#3511,#3519,#3527,#3535,#3543,#3551,#3559,
    #3567,#3575,#3583,#3591,#3599,#3607,#3615,#3623,#3631,#3639,#3647,
    #3655,#3663,#3671,#3679,#3687,#3695,#3703,#3711,#3719,#3727,#3735,
    #3743,#3751,#3759,#3767,#3775,#3783,#3791,#3799,#3807,#3815,#3823,
    #3831,#3839,#3847,#3855,#3863,#3871,#3879,#3887,#3895,#3903,#3911,
    #3919,#3927,#3935,#3943,#3951,#3959,#3967,#3975,#3983,#3991,#3999,
    #4007,#4015,#4023,#4031,#4039,#4047,#4055,#4063,#4071,#4079,#4087,
    #4095,#4103,#4111,#4119,#4127,#4135,#4143,#4151,#4159,#4167,#4175,
    #4183,#4191,#4199,#4207,#4215,#4223,#4231,#4239,#4247,#4255,#4263,
    #4271,#4279,#4287,#4295,#4303,#4311,#4319,#4327,#4335,#4343,#4351,
    #4359,#4367,#4375,#4383,#4391,#4399,#4407,#4415,#4423,#4431,#4439,
    #4447,#4455,#4463,#4471,#4479,#4487,#4495,#4503,#4511,#4519,#4527,
    #4535,#4543,#4551,#4559,#4567,#4575,#4583,#4591,#4599,#4607,#4615,
    #4623,#4631,#4639,#4647,#4655,#4663,#4671,#4679,#4687,#4695,#4703,
    #4711,#4719,#4727,#4735,#4743,#4751,#4759,#4767,#4775,#4783,#4791,
    #4799,#4807,#4815,#4823,#4831,#4839,#4847,#4855,#4863,#4871,#4879,
    #4887,#4895,#4903,#4911,#4919,#4927,#4935,#4943,#4951,#4959,#4967,
    #4975,#4983,#4991,#4999,#5007,#5015,#5023,#5031,#5039,#5047,#5055,
    #5063,#5071,#5079,#5087,#5095,#5103,#5111,#5119,#5127,#5135,#5143,
    #5151,#5159,#5167,#5175,#5183,#5191,#5199,#5207,#5215,#5223,#5231,
    #5239,#5247,#5255,#5263,#5271,#5279,#5287,#5295,#5303,#5311,#5319,
    #5327,#5335,#5343,#5351,#5359,#5367,#5375,#5383,#5391,#5399,#5407,
    #5415,#5423,#5431,#5439,#5447,#5455,#5463,#5471,#5479,#5487,#5495,
    #5503,#5511,#5519,#5527,#5535,#5543,#5551,#5559,#5567,#5575,#5583,
    #5591,#5599,#5607,#5615,#5623,#5631,#5639,#5647,#5655,#5663,#5671,
    #5679,#5687,#5695,#5703,#5711,#5719,#5727,#5735,#5743,#5751,#5759,
    #5767,#5775,#5783,#5791,#5799,#5807,#5815,#5823,#5831,#5839,#5847,
    #5855,#5863,#5871,#5879,#5887,#5895,#5903,#5911,#5919,#5927,#5935,
    #5943,#5951,#5959,#5967,#5975,#5983,#5991,#5999,#6007,#6015,#6023,
    #6031,#6039,#6047,#6055,#6063,#6071,#6079,#6087,#6095,#6103,#6111,
    #6119,#6127,#6135,#6143,#6151,#6159,#6167,#6175,#6183,#6191,#6199,
    #6207,#6215,#6223,#6231,#6239,#6247,#6255,#6263,#6271,#6279,#6287,
    #6295,#6303,#6311,#6319,#6327,#6335,#6343,#6351,#6359,#6367,#6375,
    #6383,#6391,#6399,#6407,#6415,#6423,#6431,#6439,#6447,#6455,#6463,
    #6471,#6479,#6487,#6495,#6503,#6511,#6519,#6527,#6535,#6543,#6551,
    #6559,#6567,#6575,#6583,#6591,#6599,#6607,#6615,#6623,#6631,#6639,
    #6647,#6655,#6663,#6671,#6679,#6687,#6695,#6703,#6711,#6719,#6727,
    #6735,#6743,#6751,#6759,#6767,#6775,#6783,#6791,#6799,#6807,#6815,
    #6823,#6831,#6839,#6847,#6855,#6863,#6871,#6879,#6887,#6895,#6903,
    #6911,#6919,#6927,#6935,#6943,#6951,#6959,#6967,#6975,#6983,#6991,
    #6999,#7007,#7015,#7023,#7031,#7039,#7047,#7055,#7063,#7071,#7079,
    #7087,#7095,#7103,#7111,#7119,#7127,#7135,#7143,#7151,#7159,#7167,
    #7175,#7183,#7191,#7199,#7207,#7215,#7223,#7231,#7239,#7247,#7255,
    #7263,#7271,#7279,#7287,#7295,#7303,#7311,#7319,#7327,#7335,#7343,
    #7351,#7359,#7367,#7375,#7383,#7391,#7399,#7407,#7415,#7423,#7431,
    #7439,#7447,#7455,#7463,#7471,#7479,#7487,#7495,#7503,#7511,#7519,
    #7527,#7535,#7543,#7551,#7559,#7567,#7575,#7583,#7591,#7599,#7607,
    #7615,#7623,#7631,#7639,#7647,#7655,#7663,#7671,#7679,#7687,#7695,
    #7703,#7711,#7719,#7727,#7735,#7743,#7751,#7759,#7767,#7775,#7783,
    #7791,#7799,#7807,#7815,#7823,#7831,#7839,#7847,#7855,#7863,#7871,
    #7879,#7887,#7895,#7903,#7911,#7919,#7927,#7935,#7943,#7951,#7959,
    #7967,#7975,#7983,#7991,#7999,#8007,#8015,#8023,#8031,#8039,#8047,
    #8055,#8063,#8071,#8079,#8087,#8095,#8103,#8111,#8119,#8127,#8135,
    #8143,#8151,#8159,#8167,#8175,#8183,#8191,#8199,#8207,#8215,#8223,
    #8231,#8239,#8247,#8255,#8263,#8271,#8279,#8287,#8295,#8303,#8311,
    #8319,#8327,#8335,#8343,#8351,#8359,#8367,#8375,#8383,#8391,#8399,
    #8407,#8415,#8423,#8431,#8439,#8447,#8455,#8463,#8471,#8479,#8487,
    #8495,#8503,#8511,#8519,#8527,#8535,#8543,#8551,#8559,#8567,#8575,
    #8583,#8591,#8599,#8607,#8615,#8623,#8631,#8639,#8647,#8655,#8664,
    #8673,#8682,#8691,#8700,#8709,#8718,#8727,#8736,#8745,#8754),#8763);
#11 = AXIS2_PLACEMENT_3D('',#12,#13,#14);
#12 = CARTESIAN_POINT('',(0.,0.,0.));
#13 = DIRECTION('',(0.,0.,1.));
#14 = DIRECTION('',(1.,0.,-0.));
#15 = MANIFOLD_SOLID_BREP('',#16);
#16 = CLOSED_SHELL('',(#17,#57,#97,#119,#141,#153));
#17 = ADVANCED_FACE('',(#18),#52,.F.);
#18 = FACE_BOUND('',#19,.F.);
#19 = EDGE_LOOP('',(#20,#30,#38,#46));
#20 = ORIENTED_EDGE('',*,*,#21,.F.);
#21 = EDGE_CURVE('',#22,#24,#26,.T.);
#22 = VERTEX_POINT('',#23);
#23 = CARTESIAN_POINT('',(-2.998255984883E+04,-3.6E+03,
    -7.779350086473E+03));
#24 = VERTEX_POINT('',#25);
#25 = CARTESIAN_POINT('',(-2.998255984883E+04,-3.6E+03,-779.350086473));
#26 = LINE('',#27,#28);
#27 = CARTESIAN_POINT('',(-2.998255984883E+04,-3.6E+03,
    -7.779350086473E+03));
#28 = VECTOR('',#29,1.);
#29 = DIRECTION('',(0.,0.,1.));
#30 = ORIENTED_EDGE('',*,*,#31,.T.);
#31 = EDGE_CURVE('',#22,#32,#34,.T.);
#32 = VERTEX_POINT('',#33);
#33 = CARTESIAN_POINT('',(-2.998255984883E+04,3.6E+03,
    -7.779350086473E+03));
#34 = LINE('',#35,#36);
#35 = CARTESIAN_POINT('',(-2.998255984883E+04,-3.6E+03,
    -7.779350086473E+03));
#36 = VECTOR('',#37,1.);
#37 = DIRECTION('',(0.,1.,0.));
#38 = ORIENTED_EDGE('',*,*,#39,.T.);
#39 = EDGE_CURVE('',#32,#40,#42,.T.);
#40 = VERTEX_POINT('',#41);
#41 = CARTESIAN_POINT('',(-2.998255984883E+04,3.6E+03,-779.350086473));
#42 = LINE('',#43,#44);
#43 = CARTESIAN_POINT('',(-2.998255984883E+04,3.6E+03,
    -7.779350086473E+03));
#44 = VECTOR('',#45,1.);
#45 = DIRECTION('',(0.,0.,1.));
#46 = ORIENTED_EDGE('',*,*,#47,.F.);
#47 = EDGE_CURVE('',#24,#40,#48,.T.);
#48 = LINE('',#49,#50);
#49 = CARTESIAN_POINT('',(-2.998255984883E+04,-3.6E+03,-779.350086473));
#50 = VECTOR('',#51,1.);
#51 = DIRECTION('',(0.,1.,0.));
#52 = PLANE('',#53);
#53 = AXIS2_PLACEMENT_3D('',#54,#55,#56);
#54 = CARTESIAN_POINT('',(-2.998255984883E+04,-3.6E+03,
    -7.779350086473E+03));
#55 = DIRECTION('',(1.,0.,0.));
#56 = DIRECTION('',(0.,0.,1.));
#57 = ADVANCED_FACE('',(#58),#92,.T.);
#58 = FACE_BOUND('',#59,.T.);
#59 = EDGE_LOOP('',(#60,#70,#78,#86));
#60 = ORIENTED_EDGE('',*,*,#61,.F.);
#61 = EDGE_CURVE('',#62,#64,#66,.T.);
#62 = VERTEX_POINT('',#63);
#63 = CARTESIAN_POINT('',(-1.948255984883E+04,-3.6E+03,
    -7.779350086473E+03));
#64 = VERTEX_POINT('',#65);
#65 = CARTESIAN_POINT('',(-1.948255984883E+04,-3.6E+03,-779.350086473));
#66 = LINE('',#67,#68);
#67 = CARTESIAN_POINT('',(-1.948255984883E+04,-3.6E+03,
    -7.779350086473E+03));
#68 = VECTOR('',#69,1.);
#69 = DIRECTION('',(0.,0.,1.));
#70 = ORIENTED_EDGE('',*,*,#71,.T.);
#71 = EDGE_CURVE('',#62,#72,#74,.T.);
#72 = VERTEX_POINT('',#73);
#73 = CARTESIAN_POINT('',(-1.948255984883E+04,3.6E+03,
    -7.779350086473E+03));
#74 = LINE('',#75,#76);
#75 = CARTESIAN_POINT('',(-1.948255984883E+04,-3.6E+03,
    -7.779350086473E+03));
#76 = VECTOR('',#77,1.);
#77 = DIRECTION('',(0.,1.,0.));
#78 = ORIENTED_EDGE('',*,*,#79,.T.);
#79 = EDGE_CURVE('',#72,#80,#82,.T.);
#80 = VERTEX_POINT('',#81);
#81 = CARTESIAN_POINT('',(-1.948255984883E+04,3.6E+03,-779.350086473));
#82 = LINE('',#83,#84);
#83 = CARTESIAN_POINT('',(-1.948255984883E+04,3.6E+03,
    -7.779350086473E+03));
#84 = VECTOR('',#85,1.);
#85 = DIRECTION('',(0.,0.,1.));
#86 = ORIENTED_EDGE('',*,*,#87,.F.);
#87 = EDGE_CURVE('',#64,#80,#88,.T.);
#88 = LINE('',#89,#90);
#89 = CARTESIAN_POINT('',(-1.948255984883E+04,-3.6E+03,-779.350086473));
#90 = VECTOR('',#91,1.);
#91 = DIRECTION('',(0.,1.,0.));
#92 = PLANE('',#93);
#93 = AXIS2_PLACEMENT_3D('',#94,#95,#96);
#94 = CARTESIAN_POINT('',(-1.948255984883E+04,-3.6E+03,
    -7.779350086473E+03));
#95 = DIRECTION('',(1.,0.,0.));
#96 = DIRECTION('',(0.,0.,1.));
#97 = ADVANCED_FACE('',(#98),#114,.F.);
#98 = FACE_BOUND('',#99,.F.);
#99 = EDGE_LOOP('',(#100,#106,#107,#113));
#100 = ORIENTED_EDGE('',*,*,#101,.F.);
#101 = EDGE_CURVE('',#22,#62,#102,.T.);
#102 = LINE('',#103,#104);
#103 = CARTESIAN_POINT('',(-2.998255984883E+04,-3.6E+03,
    -7.779350086473E+03));
#104 = VECTOR('',#105,1.);
#105 = DIRECTION('',(1.,0.,0.));
#106 = ORIENTED_EDGE('',*,*,#21,.T.);
#107 = ORIENTED_EDGE('',*,*,#108,.T.);
#108 = EDGE_CURVE('',#24,#64,#109,.T.);
#109 = LINE('',#110,#111);
#110 = CARTESIAN_POINT('',(-2.998255984883E+04,-3.6E+03,-779.350086473)
  );
#111 = VECTOR('',#112,1.);
#112 = DIRECTION('',(1.,0.,0.));
#113 = ORIENTED_EDGE('',*,*,#61,.F.);
#114 = PLANE('',#115);
#115 = AXIS2_PLACEMENT_3D('',#116,#117,#118);
#116 = CARTESIAN_POINT('',(-2.998255984883E+04,-3.6E+03,
    -7.779350086473E+03));
#117 = DIRECTION('',(0.,1.,0.));
#118 = DIRECTION('',(0.,0.,1.));
#119 = ADVANCED_FACE('',(#120),#136,.T.);
#120 = FACE_BOUND('',#121,.T.);
#121 = EDGE_LOOP('',(#122,#128,#129,#135));
#122 = ORIENTED_EDGE('',*,*,#123,.F.);
#123 = EDGE_CURVE('',#32,#72,#124,.T.);
#124 = LINE('',#125,#126);
#125 = CARTESIAN_POINT('',(-2.998255984883E+04,3.6E+03,
    -7.779350086473E+03));
#126 = VECTOR('',#127,1.);
#127 = DIRECTION('',(1.,0.,0.));
#128 = ORIENTED_EDGE('',*,*,#39,.T.);
#129 = ORIENTED_EDGE('',*,*,#130,.T.);
#130 = EDGE_CURVE('',#40,#80,#131,.T.);
#131 = LINE('',#132,#133);
#132 = CARTESIAN_POINT('',(-2.998255984883E+04,3.6E+03,-779.350086473));
#133 = VECTOR('',#134,1.);
#134 = DIRECTION('',(1.,0.,0.));
#135 = ORIENTED_EDGE('',*,*,#79,.F.);
#136 = PLANE('',#137);
#137 = AXIS2_PLACEMENT_3D('',#138,#139,#140);
#138 = CARTESIAN_POINT('',(-2.998255984883E+04,3.6E+03,
    -7.779350086473E+03));
#139 = DIRECTION('',(0.,1.,0.));
#140 = DIRECTION('',(0.,0.,1.));
#141 = ADVANCED_FACE('',(#142),#148,.F.);
#142 = FACE_BOUND('',#143,.F.);
#143 = EDGE_LOOP('',(#144,#145,#146,#147));
#144 = ORIENTED_EDGE('',*,*,#31,.F.);
#145 = ORIENTED_EDGE('',*,*,#101,.T.);
#146 = ORIENTED_EDGE('',*,*,#71,.T.);
#147 = ORIENTED_EDGE('',*,*,#123,.F.);
#148 = PLANE('',#149);
#149 = AXIS2_PLACEMENT_3D('',#150,#151,#152);
#150 = CARTESIAN_POINT('',(-2.998255984883E+04,-3.6E+03,
    -7.779350086473E+03));
#151 = DIRECTION('',(0.,0.,1.));
#152 = DIRECTION('',(1.,0.,0.));
#153 = ADVANCED_FACE('',(#154),#160,.T.);
#154 = FACE_BOUND('',#155,.T.);
#155 = EDGE_LOOP('',(#156,#157,#158,#159));
#156 = ORIENTED_EDGE('',*,*,#47,.F.);
#157 = ORIENTED_EDGE('',*,*,#108,.T.);
#158 = ORIENTED_EDGE('',*,*,#87,.T.);
#159 = ORIENTED_EDGE('',*,*,#130,.F.);
#160 = PLANE('',#161);
#161 = AXIS2_PLACEMENT_3D('',#162,#163,#164);
#162 = CARTESIAN_POINT('',(-2.998255984883E+04,-3.6E+03,-779.350086473)
  );
#163 = DIRECTION('',(0.,0.,1.));
#164 = DIRECTION('',(1.,0.,0.));
#165 = MANIFOLD_SOLID_BREP('',#166);
#166 = CLOSED_SHELL('',(#167));
#167 = ADVANCED_FACE('',(#168),#172,.T.);
#168 = FACE_BOUND('',#169,.T.);
#169 = VERTEX_LOOP('',#170);
#170 = VERTEX_POINT('',#171);
#171 = CARTESIAN_POINT('',(-2.473255984883E+04,-2.35E+03,
    -4.429350086473E+03));
#172 = SPHERICAL_SURFACE('',#173,150.);
#173 = AXIS2_PLACEMENT_3D('',#174,#175,#176);
#174 = CARTESIAN_POINT('',(-2.473255984883E+04,-2.35E+03,
    -4.279350086473E+03));
#175 = DIRECTION('',(0.,0.,1.));
#176 = DIRECTION('',(1.,0.,0.));
#177 = MANIFOLD_SOLID_BREP('',#178);
#178 = CLOSED_SHELL('',(#179));
#179 = ADVANCED_FACE('',(#180),#184,.T.);
#180 = FACE_BOUND('',#181,.T.);
#181 = VERTEX_LOOP('',#182);
#182 = VERTEX_POINT('',#183);
#183 = CARTESIAN_POINT('',(-2.473255984883E+04,2.35E+03,
    -4.429350086473E+03));
#184 = SPHERICAL_SURFACE('',#185,150.);
#185 = AXIS2_PLACEMENT_3D('',#186,#187,#188);
#186 = CARTESIAN_POINT('',(-2.473255984883E+04,2.35E+03,
    -4.279350086473E+03));
#187 = DIRECTION('',(0.,0.,1.));
#188 = DIRECTION('',(1.,0.,0.));
#189 = MANIFOLD_SOLID_BREP('',#190);
#190 = CLOSED_SHELL('',(#191,#231,#271,#293,#315,#327));
#191 = ADVANCED_FACE('',(#192),#226,.F.);
#192 = FACE_BOUND('',#193,.F.);
#193 = EDGE_LOOP('',(#194,#204,#212,#220));
#194 = ORIENTED_EDGE('',*,*,#195,.F.);
#195 = EDGE_CURVE('',#196,#198,#200,.T.);
#196 = VERTEX_POINT('',#197);
#197 = CARTESIAN_POINT('',(1.00170921001E+05,-3.6E+03,
    -7.022075044589E+03));
#198 = VERTEX_POINT('',#199);
#199 = CARTESIAN_POINT('',(1.00170921001E+05,-3.6E+03,-22.075044589));
#200 = LINE('',#201,#202);
#201 = CARTESIAN_POINT('',(1.00170921001E+05,-3.6E+03,
    -7.022075044589E+03));
#202 = VECTOR('',#203,1.);
#203 = DIRECTION('',(0.,0.,1.));
#204 = ORIENTED_EDGE('',*,*,#205,.T.);
#205 = EDGE_CURVE('',#196,#206,#208,.T.);
#206 = VERTEX_POINT('',#207);
#207 = CARTESIAN_POINT('',(1.00170921001E+05,3.6E+03,-7.022075044589E+03
    ));
#208 = LINE('',#209,#210);
#209 = CARTESIAN_POINT('',(1.00170921001E+05,-3.6E+03,
    -7.022075044589E+03));
#210 = VECTOR('',#211,1.);
#211 = DIRECTION('',(0.,1.,0.));
#212 = ORIENTED_EDGE('',*,*,#213,.T.);
#213 = EDGE_CURVE('',#206,#214,#216,.T.);
#214 = VERTEX_POINT('',#215);
#215 = CARTESIAN_POINT('',(1.00170921001E+05,3.6E+03,-22.075044589));
#216 = LINE('',#217,#218);
#217 = CARTESIAN_POINT('',(1.00170921001E+05,3.6E+03,-7.022075044589E+03
    ));
#218 = VECTOR('',#219,1.);
#219 = DIRECTION('',(0.,0.,1.));
#220 = ORIENTED_EDGE('',*,*,#221,.F.);
#221 = EDGE_CURVE('',#198,#214,#222,.T.);
#222 = LINE('',#223,#224);
#223 = CARTESIAN_POINT('',(1.00170921001E+05,-3.6E+03,-22.075044589));
#224 = VECTOR('',#225,1.);
#225 = DIRECTION('',(0.,1.,0.));
#226 = PLANE('',#227);
#227 = AXIS2_PLACEMENT_3D('',#228,#229,#230);
#228 = CARTESIAN_POINT('',(1.00170921001E+05,-3.6E+03,
    -7.022075044589E+03));
#229 = DIRECTION('',(1.,0.,0.));
#230 = DIRECTION('',(0.,0.,1.));
#231 = ADVANCED_FACE('',(#232),#266,.T.);
#232 = FACE_BOUND('',#233,.T.);
#233 = EDGE_LOOP('',(#234,#244,#252,#260));
#234 = ORIENTED_EDGE('',*,*,#235,.F.);
#235 = EDGE_CURVE('',#236,#238,#240,.T.);
#236 = VERTEX_POINT('',#237);
#237 = CARTESIAN_POINT('',(1.10670921001E+05,-3.6E+03,
    -7.022075044589E+03));
#238 = VERTEX_POINT('',#239);
#239 = CARTESIAN_POINT('',(1.10670921001E+05,-3.6E+03,-22.075044589));
#240 = LINE('',#241,#242);
#241 = CARTESIAN_POINT('',(1.10670921001E+05,-3.6E+03,
    -7.022075044589E+03));
#242 = VECTOR('',#243,1.);
#243 = DIRECTION('',(0.,0.,1.));
#244 = ORIENTED_EDGE('',*,*,#245,.T.);
#245 = EDGE_CURVE('',#236,#246,#248,.T.);
#246 = VERTEX_POINT('',#247);
#247 = CARTESIAN_POINT('',(1.10670921001E+05,3.6E+03,-7.022075044589E+03
    ));
#248 = LINE('',#249,#250);
#249 = CARTESIAN_POINT('',(1.10670921001E+05,-3.6E+03,
    -7.022075044589E+03));
#250 = VECTOR('',#251,1.);
#251 = DIRECTION('',(0.,1.,0.));
#252 = ORIENTED_EDGE('',*,*,#253,.T.);
#253 = EDGE_CURVE('',#246,#254,#256,.T.);
#254 = VERTEX_POINT('',#255);
#255 = CARTESIAN_POINT('',(1.10670921001E+05,3.6E+03,-22.075044589));
#256 = LINE('',#257,#258);
#257 = CARTESIAN_POINT('',(1.10670921001E+05,3.6E+03,-7.022075044589E+03
    ));
#258 = VECTOR('',#259,1.);
#259 = DIRECTION('',(0.,0.,1.));
#260 = ORIENTED_EDGE('',*,*,#261,.F.);
#261 = EDGE_CURVE('',#238,#254,#262,.T.);
#262 = LINE('',#263,#264);
#263 = CARTESIAN_POINT('',(1.10670921001E+05,-3.6E+03,-22.075044589));
#264 = VECTOR('',#265,1.);
#265 = DIRECTION('',(0.,1.,0.));
#266 = PLANE('',#267);
#267 = AXIS2_PLACEMENT_3D('',#268,#269,#270);
#268 = CARTESIAN_POINT('',(1.10670921001E+05,-3.6E+03,
    -7.022075044589E+03));
#269 = DIRECTION('',(1.,0.,0.));
#270 = DIRECTION('',(0.,0.,1.));
#271 = ADVANCED_FACE('',(#272),#288,.F.);
#272 = FACE_BOUND('',#273,.F.);
#273 = EDGE_LOOP('',(#274,#280,#281,#287));
#274 = ORIENTED_EDGE('',*,*,#275,.F.);
#275 = EDGE_CURVE('',#196,#236,#276,.T.);
#276 = LINE('',#277,#278);
#277 = CARTESIAN_POINT('',(1.00170921001E+05,-3.6E+03,
    -7.022075044589E+03));
#278 = VECTOR('',#279,1.);
#279 = DIRECTION('',(1.,0.,0.));
#280 = ORIENTED_EDGE('',*,*,#195,.T.);
#281 = ORIENTED_EDGE('',*,*,#282,.T.);
#282 = EDGE_CURVE('',#198,#238,#283,.T.);
#283 = LINE('',#284,#285);
#284 = CARTESIAN_POINT('',(1.00170921001E+05,-3.6E+03,-22.075044589));
#285 = VECTOR('',#286,1.);
#286 = DIRECTION('',(1.,0.,0.));
#287 = ORIENTED_EDGE('',*,*,#235,.F.);
#288 = PLANE('',#289);
#289 = AXIS2_PLACEMENT_3D('',#290,#291,#292);
#290 = CARTESIAN_POINT('',(1.00170921001E+05,-3.6E+03,
    -7.022075044589E+03));
#291 = DIRECTION('',(0.,1.,0.));
#292 = DIRECTION('',(0.,0.,1.));
#293 = ADVANCED_FACE('',(#294),#310,.T.);
#294 = FACE_BOUND('',#295,.T.);
#295 = EDGE_LOOP('',(#296,#302,#303,#309));
#296 = ORIENTED_EDGE('',*,*,#297,.F.);
#297 = EDGE_CURVE('',#206,#246,#298,.T.);
#298 = LINE('',#299,#300);
#299 = CARTESIAN_POINT('',(1.00170921001E+05,3.6E+03,-7.022075044589E+03
    ));
#300 = VECTOR('',#301,1.);
#301 = DIRECTION('',(1.,0.,0.));
#302 = ORIENTED_EDGE('',*,*,#213,.T.);
#303 = ORIENTED_EDGE('',*,*,#304,.T.);
#304 = EDGE_CURVE('',#214,#254,#305,.T.);
#305 = LINE('',#306,#307);
#306 = CARTESIAN_POINT('',(1.00170921001E+05,3.6E+03,-22.075044589));
#307 = VECTOR('',#308,1.);
#308 = DIRECTION('',(1.,0.,0.));
#309 = ORIENTED_EDGE('',*,*,#253,.F.);
#310 = PLANE('',#311);
#311 = AXIS2_PLACEMENT_3D('',#312,#313,#314);
#312 = CARTESIAN_POINT('',(1.00170921001E+05,3.6E+03,-7.022075044589E+03
    ));
#313 = DIRECTION('',(0.,1.,0.));
#314 = DIRECTION('',(0.,0.,1.));
#315 = ADVANCED_FACE('',(#316),#322,.F.);
#316 = FACE_BOUND('',#317,.F.);
#317 = EDGE_LOOP('',(#318,#319,#320,#321));
#318 = ORIENTED_EDGE('',*,*,#205,.F.);
#319 = ORIENTED_EDGE('',*,*,#275,.T.);
#320 = ORIENTED_EDGE('',*,*,#245,.T.);
#321 = ORIENTED_EDGE('',*,*,#297,.F.);
#322 = PLANE('',#323);
#323 = AXIS2_PLACEMENT_3D('',#324,#325,#326);
#324 = CARTESIAN_POINT('',(1.00170921001E+05,-3.6E+03,
    -7.022075044589E+03));
#325 = DIRECTION('',(0.,0.,1.));
#326 = DIRECTION('',(1.,0.,0.));
#327 = ADVANCED_FACE('',(#328),#334,.T.);
#328 = FACE_BOUND('',#329,.T.);
#329 = EDGE_LOOP('',(#330,#331,#332,#333));
#330 = ORIENTED_EDGE('',*,*,#221,.F.);
#331 = ORIENTED_EDGE('',*,*,#282,.T.);
#332 = ORIENTED_EDGE('',*,*,#261,.T.);
#333 = ORIENTED_EDGE('',*,*,#304,.F.);
#334 = PLANE('',#335);
#335 = AXIS2_PLACEMENT_3D('',#336,#337,#338);
#336 = CARTESIAN_POINT('',(1.00170921001E+05,-3.6E+03,-22.075044589));
#337 = DIRECTION('',(0.,0.,1.));
#338 = DIRECTION('',(1.,0.,0.));
#339 = MANIFOLD_SOLID_BREP('',#340);
#340 = CLOSED_SHELL('',(#341));
#341 = ADVANCED_FACE('',(#342),#346,.T.);
#342 = FACE_BOUND('',#343,.T.);
#343 = VERTEX_LOOP('',#344);
#344 = VERTEX_POINT('',#345);
#345 = CARTESIAN_POINT('',(1.05420921001E+05,-2.35E+03,
    -3.672075044589E+03));
#346 = SPHERICAL_SURFACE('',#347,150.);
#347 = AXIS2_PLACEMENT_3D('',#348,#349,#350);
#348 = CARTESIAN_POINT('',(1.05420921001E+05,-2.35E+03,
    -3.522075044589E+03));
#349 = DIRECTION('',(0.,0.,1.));
#350 = DIRECTION('',(1.,0.,0.));
#351 = MANIFOLD_SOLID_BREP('',#352);
#352 = CLOSED_SHELL('',(#353));
#353 = ADVANCED_FACE('',(#354),#358,.T.);
#354 = FACE_BOUND('',#355,.T.);
#355 = VERTEX_LOOP('',#356);
#356 = VERTEX_POINT('',#357);
#357 = CARTESIAN_POINT('',(1.05420921001E+05,2.35E+03,
    -3.672075044589E+03));
#358 = SPHERICAL_SURFACE('',#359,150.);
#359 = AXIS2_PLACEMENT_3D('',#360,#361,#362);
#360 = CARTESIAN_POINT('',(1.05420921001E+05,2.35E+03,
    -3.522075044589E+03));
#361 = DIRECTION('',(0.,0.,1.));
#362 = DIRECTION('',(1.,0.,0.));
#363 = MANIFOLD_SOLID_BREP('',#364);
#364 = CLOSED_SHELL('',(#365,#405,#445,#467,#489,#501));
#365 = ADVANCED_FACE('',(#366),#400,.F.);
#366 = FACE_BOUND('',#367,.F.);
#367 = EDGE_LOOP('',(#368,#378,#386,#394));
#368 = ORIENTED_EDGE('',*,*,#369,.F.);
#369 = EDGE_CURVE('',#370,#372,#374,.T.);
#370 = VERTEX_POINT('',#371);
#371 = CARTESIAN_POINT('',(6.9E+03,-1.610373568778E+04,-6.534E+03));
#372 = VERTEX_POINT('',#373);
#373 = CARTESIAN_POINT('',(6.9E+03,-1.610373568778E+04,-3.534E+03));
#374 = LINE('',#375,#376);
#375 = CARTESIAN_POINT('',(6.9E+03,-1.610373568778E+04,-6.534E+03));
#376 = VECTOR('',#377,1.);
#377 = DIRECTION('',(0.,0.,1.));
#378 = ORIENTED_EDGE('',*,*,#379,.T.);
#379 = EDGE_CURVE('',#370,#380,#382,.T.);
#380 = VERTEX_POINT('',#381);
#381 = CARTESIAN_POINT('',(6.9E+03,-1.460373568778E+04,-6.534E+03));
#382 = LINE('',#383,#384);
#383 = CARTESIAN_POINT('',(6.9E+03,-1.610373568778E+04,-6.534E+03));
#384 = VECTOR('',#385,1.);
#385 = DIRECTION('',(0.,1.,0.));
#386 = ORIENTED_EDGE('',*,*,#387,.T.);
#387 = EDGE_CURVE('',#380,#388,#390,.T.);
#388 = VERTEX_POINT('',#389);
#389 = CARTESIAN_POINT('',(6.9E+03,-1.460373568778E+04,-3.534E+03));
#390 = LINE('',#391,#392);
#391 = CARTESIAN_POINT('',(6.9E+03,-1.460373568778E+04,-6.534E+03));
#392 = VECTOR('',#393,1.);
#393 = DIRECTION('',(0.,0.,1.));
#394 = ORIENTED_EDGE('',*,*,#395,.F.);
#395 = EDGE_CURVE('',#372,#388,#396,.T.);
#396 = LINE('',#397,#398);
#397 = CARTESIAN_POINT('',(6.9E+03,-1.610373568778E+04,-3.534E+03));
#398 = VECTOR('',#399,1.);
#399 = DIRECTION('',(0.,1.,0.));
#400 = PLANE('',#401);
#401 = AXIS2_PLACEMENT_3D('',#402,#403,#404);
#402 = CARTESIAN_POINT('',(6.9E+03,-1.610373568778E+04,-6.534E+03));
#403 = DIRECTION('',(1.,0.,0.));
#404 = DIRECTION('',(0.,0.,1.));
#405 = ADVANCED_FACE('',(#406),#440,.T.);
#406 = FACE_BOUND('',#407,.T.);
#407 = EDGE_LOOP('',(#408,#418,#426,#434));
#408 = ORIENTED_EDGE('',*,*,#409,.F.);
#409 = EDGE_CURVE('',#410,#412,#414,.T.);
#410 = VERTEX_POINT('',#411);
#411 = CARTESIAN_POINT('',(9.1E+03,-1.610373568778E+04,-6.534E+03));
#412 = VERTEX_POINT('',#413);
#413 = CARTESIAN_POINT('',(9.1E+03,-1.610373568778E+04,-3.534E+03));
#414 = LINE('',#415,#416);
#415 = CARTESIAN_POINT('',(9.1E+03,-1.610373568778E+04,-6.534E+03));
#416 = VECTOR('',#417,1.);
#417 = DIRECTION('',(0.,0.,1.));
#418 = ORIENTED_EDGE('',*,*,#419,.T.);
#419 = EDGE_CURVE('',#410,#420,#422,.T.);
#420 = VERTEX_POINT('',#421);
#421 = CARTESIAN_POINT('',(9.1E+03,-1.460373568778E+04,-6.534E+03));
#422 = LINE('',#423,#424);
#423 = CARTESIAN_POINT('',(9.1E+03,-1.610373568778E+04,-6.534E+03));
#424 = VECTOR('',#425,1.);
#425 = DIRECTION('',(0.,1.,0.));
#426 = ORIENTED_EDGE('',*,*,#427,.T.);
#427 = EDGE_CURVE('',#420,#428,#430,.T.);
#428 = VERTEX_POINT('',#429);
#429 = CARTESIAN_POINT('',(9.1E+03,-1.460373568778E+04,-3.534E+03));
#430 = LINE('',#431,#432);
#431 = CARTESIAN_POINT('',(9.1E+03,-1.460373568778E+04,-6.534E+03));
#432 = VECTOR('',#433,1.);
#433 = DIRECTION('',(0.,0.,1.));
#434 = ORIENTED_EDGE('',*,*,#435,.F.);
#435 = EDGE_CURVE('',#412,#428,#436,.T.);
#436 = LINE('',#437,#438);
#437 = CARTESIAN_POINT('',(9.1E+03,-1.610373568778E+04,-3.534E+03));
#438 = VECTOR('',#439,1.);
#439 = DIRECTION('',(0.,1.,0.));
#440 = PLANE('',#441);
#441 = AXIS2_PLACEMENT_3D('',#442,#443,#444);
#442 = CARTESIAN_POINT('',(9.1E+03,-1.610373568778E+04,-6.534E+03));
#443 = DIRECTION('',(1.,0.,0.));
#444 = DIRECTION('',(0.,0.,1.));
#445 = ADVANCED_FACE('',(#446),#462,.F.);
#446 = FACE_BOUND('',#447,.F.);
#447 = EDGE_LOOP('',(#448,#454,#455,#461));
#448 = ORIENTED_EDGE('',*,*,#449,.F.);
#449 = EDGE_CURVE('',#370,#410,#450,.T.);
#450 = LINE('',#451,#452);
#451 = CARTESIAN_POINT('',(6.9E+03,-1.610373568778E+04,-6.534E+03));
#452 = VECTOR('',#453,1.);
#453 = DIRECTION('',(1.,0.,0.));
#454 = ORIENTED_EDGE('',*,*,#369,.T.);
#455 = ORIENTED_EDGE('',*,*,#456,.T.);
#456 = EDGE_CURVE('',#372,#412,#457,.T.);
#457 = LINE('',#458,#459);
#458 = CARTESIAN_POINT('',(6.9E+03,-1.610373568778E+04,-3.534E+03));
#459 = VECTOR('',#460,1.);
#460 = DIRECTION('',(1.,0.,0.));
#461 = ORIENTED_EDGE('',*,*,#409,.F.);
#462 = PLANE('',#463);
#463 = AXIS2_PLACEMENT_3D('',#464,#465,#466);
#464 = CARTESIAN_POINT('',(6.9E+03,-1.610373568778E+04,-6.534E+03));
#465 = DIRECTION('',(0.,1.,0.));
#466 = DIRECTION('',(0.,0.,1.));
#467 = ADVANCED_FACE('',(#468),#484,.T.);
#468 = FACE_BOUND('',#469,.T.);
#469 = EDGE_LOOP('',(#470,#476,#477,#483));
#470 = ORIENTED_EDGE('',*,*,#471,.F.);
#471 = EDGE_CURVE('',#380,#420,#472,.T.);
#472 = LINE('',#473,#474);
#473 = CARTESIAN_POINT('',(6.9E+03,-1.460373568778E+04,-6.534E+03));
#474 = VECTOR('',#475,1.);
#475 = DIRECTION('',(1.,0.,0.));
#476 = ORIENTED_EDGE('',*,*,#387,.T.);
#477 = ORIENTED_EDGE('',*,*,#478,.T.);
#478 = EDGE_CURVE('',#388,#428,#479,.T.);
#479 = LINE('',#480,#481);
#480 = CARTESIAN_POINT('',(6.9E+03,-1.460373568778E+04,-3.534E+03));
#481 = VECTOR('',#482,1.);
#482 = DIRECTION('',(1.,0.,0.));
#483 = ORIENTED_EDGE('',*,*,#427,.F.);
#484 = PLANE('',#485);
#485 = AXIS2_PLACEMENT_3D('',#486,#487,#488);
#486 = CARTESIAN_POINT('',(6.9E+03,-1.460373568778E+04,-6.534E+03));
#487 = DIRECTION('',(0.,1.,0.));
#488 = DIRECTION('',(0.,0.,1.));
#489 = ADVANCED_FACE('',(#490),#496,.F.);
#490 = FACE_BOUND('',#491,.F.);
#491 = EDGE_LOOP('',(#492,#493,#494,#495));
#492 = ORIENTED_EDGE('',*,*,#379,.F.);
#493 = ORIENTED_EDGE('',*,*,#449,.T.);
#494 = ORIENTED_EDGE('',*,*,#419,.T.);
#495 = ORIENTED_EDGE('',*,*,#471,.F.);
#496 = PLANE('',#497);
#497 = AXIS2_PLACEMENT_3D('',#498,#499,#500);
#498 = CARTESIAN_POINT('',(6.9E+03,-1.610373568778E+04,-6.534E+03));
#499 = DIRECTION('',(0.,0.,1.));
#500 = DIRECTION('',(1.,0.,0.));
#501 = ADVANCED_FACE('',(#502),#508,.T.);
#502 = FACE_BOUND('',#503,.T.);
#503 = EDGE_LOOP('',(#504,#505,#506,#507));
#504 = ORIENTED_EDGE('',*,*,#395,.F.);
#505 = ORIENTED_EDGE('',*,*,#456,.T.);
#506 = ORIENTED_EDGE('',*,*,#435,.T.);
#507 = ORIENTED_EDGE('',*,*,#478,.F.);
#508 = PLANE('',#509);
#509 = AXIS2_PLACEMENT_3D('',#510,#511,#512);
#510 = CARTESIAN_POINT('',(6.9E+03,-1.610373568778E+04,-3.534E+03));
#511 = DIRECTION('',(0.,0.,1.));
#512 = DIRECTION('',(1.,0.,0.));
#513 = MANIFOLD_SOLID_BREP('',#514);
#514 = CLOSED_SHELL('',(#515,#555,#595,#617,#639,#651));
#515 = ADVANCED_FACE('',(#516),#550,.F.);
#516 = FACE_BOUND('',#517,.F.);
#517 = EDGE_LOOP('',(#518,#528,#536,#544));
#518 = ORIENTED_EDGE('',*,*,#519,.F.);
#519 = EDGE_CURVE('',#520,#522,#524,.T.);
#520 = VERTEX_POINT('',#521);
#521 = CARTESIAN_POINT('',(6.9E+03,1.460373568778E+04,-6.534E+03));
#522 = VERTEX_POINT('',#523);
#523 = CARTESIAN_POINT('',(6.9E+03,1.460373568778E+04,-3.534E+03));
#524 = LINE('',#525,#526);
#525 = CARTESIAN_POINT('',(6.9E+03,1.460373568778E+04,-6.534E+03));
#526 = VECTOR('',#527,1.);
#527 = DIRECTION('',(0.,0.,1.));
#528 = ORIENTED_EDGE('',*,*,#529,.T.);
#529 = EDGE_CURVE('',#520,#530,#532,.T.);
#530 = VERTEX_POINT('',#531);
#531 = CARTESIAN_POINT('',(6.9E+03,1.610373568778E+04,-6.534E+03));
#532 = LINE('',#533,#534);
#533 = CARTESIAN_POINT('',(6.9E+03,1.460373568778E+04,-6.534E+03));
#534 = VECTOR('',#535,1.);
#535 = DIRECTION('',(0.,1.,0.));
#536 = ORIENTED_EDGE('',*,*,#537,.T.);
#537 = EDGE_CURVE('',#530,#538,#540,.T.);
#538 = VERTEX_POINT('',#539);
#539 = CARTESIAN_POINT('',(6.9E+03,1.610373568778E+04,-3.534E+03));
#540 = LINE('',#541,#542);
#541 = CARTESIAN_POINT('',(6.9E+03,1.610373568778E+04,-6.534E+03));
#542 = VECTOR('',#543,1.);
#543 = DIRECTION('',(0.,0.,1.));
#544 = ORIENTED_EDGE('',*,*,#545,.F.);
#545 = EDGE_CURVE('',#522,#538,#546,.T.);
#546 = LINE('',#547,#548);
#547 = CARTESIAN_POINT('',(6.9E+03,1.460373568778E+04,-3.534E+03));
#548 = VECTOR('',#549,1.);
#549 = DIRECTION('',(0.,1.,0.));
#550 = PLANE('',#551);
#551 = AXIS2_PLACEMENT_3D('',#552,#553,#554);
#552 = CARTESIAN_POINT('',(6.9E+03,1.460373568778E+04,-6.534E+03));
#553 = DIRECTION('',(1.,0.,0.));
#554 = DIRECTION('',(0.,0.,1.));
#555 = ADVANCED_FACE('',(#556),#590,.T.);
#556 = FACE_BOUND('',#557,.T.);
#557 = EDGE_LOOP('',(#558,#568,#576,#584));
#558 = ORIENTED_EDGE('',*,*,#559,.F.);
#559 = EDGE_CURVE('',#560,#562,#564,.T.);
#560 = VERTEX_POINT('',#561);
#561 = CARTESIAN_POINT('',(9.1E+03,1.460373568778E+04,-6.534E+03));
#562 = VERTEX_POINT('',#563);
#563 = CARTESIAN_POINT('',(9.1E+03,1.460373568778E+04,-3.534E+03));
#564 = LINE('',#565,#566);
#565 = CARTESIAN_POINT('',(9.1E+03,1.460373568778E+04,-6.534E+03));
#566 = VECTOR('',#567,1.);
#567 = DIRECTION('',(0.,0.,1.));
#568 = ORIENTED_EDGE('',*,*,#569,.T.);
#569 = EDGE_CURVE('',#560,#570,#572,.T.);
#570 = VERTEX_POINT('',#571);
#571 = CARTESIAN_POINT('',(9.1E+03,1.610373568778E+04,-6.534E+03));
#572 = LINE('',#573,#574);
#573 = CARTESIAN_POINT('',(9.1E+03,1.460373568778E+04,-6.534E+03));
#574 = VECTOR('',#575,1.);
#575 = DIRECTION('',(0.,1.,0.));
#576 = ORIENTED_EDGE('',*,*,#577,.T.);
#577 = EDGE_CURVE('',#570,#578,#580,.T.);
#578 = VERTEX_POINT('',#579);
#579 = CARTESIAN_POINT('',(9.1E+03,1.610373568778E+04,-3.534E+03));
#580 = LINE('',#581,#582);
#581 = CARTESIAN_POINT('',(9.1E+03,1.610373568778E+04,-6.534E+03));
#582 = VECTOR('',#583,1.);
#583 = DIRECTION('',(0.,0.,1.));
#584 = ORIENTED_EDGE('',*,*,#585,.F.);
#585 = EDGE_CURVE('',#562,#578,#586,.T.);
#586 = LINE('',#587,#588);
#587 = CARTESIAN_POINT('',(9.1E+03,1.460373568778E+04,-3.534E+03));
#588 = VECTOR('',#589,1.);
#589 = DIRECTION('',(0.,1.,0.));
#590 = PLANE('',#591);
#591 = AXIS2_PLACEMENT_3D('',#592,#593,#594);
#592 = CARTESIAN_POINT('',(9.1E+03,1.460373568778E+04,-6.534E+03));
#593 = DIRECTION('',(1.,0.,0.));
#594 = DIRECTION('',(0.,0.,1.));
#595 = ADVANCED_FACE('',(#596),#612,.F.);
#596 = FACE_BOUND('',#597,.F.);
#597 = EDGE_LOOP('',(#598,#604,#605,#611));
#598 = ORIENTED_EDGE('',*,*,#599,.F.);
#599 = EDGE_CURVE('',#520,#560,#600,.T.);
#600 = LINE('',#601,#602);
#601 = CARTESIAN_POINT('',(6.9E+03,1.460373568778E+04,-6.534E+03));
#602 = VECTOR('',#603,1.);
#603 = DIRECTION('',(1.,0.,0.));
#604 = ORIENTED_EDGE('',*,*,#519,.T.);
#605 = ORIENTED_EDGE('',*,*,#606,.T.);
#606 = EDGE_CURVE('',#522,#562,#607,.T.);
#607 = LINE('',#608,#609);
#608 = CARTESIAN_POINT('',(6.9E+03,1.460373568778E+04,-3.534E+03));
#609 = VECTOR('',#610,1.);
#610 = DIRECTION('',(1.,0.,0.));
#611 = ORIENTED_EDGE('',*,*,#559,.F.);
#612 = PLANE('',#613);
#613 = AXIS2_PLACEMENT_3D('',#614,#615,#616);
#614 = CARTESIAN_POINT('',(6.9E+03,1.460373568778E+04,-6.534E+03));
#615 = DIRECTION('',(0.,1.,0.));
#616 = DIRECTION('',(0.,0.,1.));
#617 = ADVANCED_FACE('',(#618),#634,.T.);
#618 = FACE_BOUND('',#619,.T.);
#619 = EDGE_LOOP('',(#620,#626,#627,#633));
#620 = ORIENTED_EDGE('',*,*,#621,.F.);
#621 = EDGE_CURVE('',#530,#570,#622,.T.);
#622 = LINE('',#623,#624);
#623 = CARTESIAN_POINT('',(6.9E+03,1.610373568778E+04,-6.534E+03));
#624 = VECTOR('',#625,1.);
#625 = DIRECTION('',(1.,0.,0.));
#626 = ORIENTED_EDGE('',*,*,#537,.T.);
#627 = ORIENTED_EDGE('',*,*,#628,.T.);
#628 = EDGE_CURVE('',#538,#578,#629,.T.);
#629 = LINE('',#630,#631);
#630 = CARTESIAN_POINT('',(6.9E+03,1.610373568778E+04,-3.534E+03));
#631 = VECTOR('',#632,1.);
#632 = DIRECTION('',(1.,0.,0.));
#633 = ORIENTED_EDGE('',*,*,#577,.F.);
#634 = PLANE('',#635);
#635 = AXIS2_PLACEMENT_3D('',#636,#637,#638);
#636 = CARTESIAN_POINT('',(6.9E+03,1.610373568778E+04,-6.534E+03));
#637 = DIRECTION('',(0.,1.,0.));
#638 = DIRECTION('',(0.,0.,1.));
#639 = ADVANCED_FACE('',(#640),#646,.F.);
#640 = FACE_BOUND('',#641,.F.);
#641 = EDGE_LOOP('',(#642,#643,#644,#645));
#642 = ORIENTED_EDGE('',*,*,#529,.F.);
#643 = ORIENTED_EDGE('',*,*,#599,.T.);
#644 = ORIENTED_EDGE('',*,*,#569,.T.);
#645 = ORIENTED_EDGE('',*,*,#621,.F.);
#646 = PLANE('',#647);
#647 = AXIS2_PLACEMENT_3D('',#648,#649,#650);
#648 = CARTESIAN_POINT('',(6.9E+03,1.460373568778E+04,-6.534E+03));
#649 = DIRECTION('',(0.,0.,1.));
#650 = DIRECTION('',(1.,0.,0.));
#651 = ADVANCED_FACE('',(#652),#658,.T.);
#652 = FACE_BOUND('',#653,.T.);
#653 = EDGE_LOOP('',(#654,#655,#656,#657));
#654 = ORIENTED_EDGE('',*,*,#545,.F.);
#655 = ORIENTED_EDGE('',*,*,#606,.T.);
#656 = ORIENTED_EDGE('',*,*,#585,.T.);
#657 = ORIENTED_EDGE('',*,*,#628,.F.);
#658 = PLANE('',#659);
#659 = AXIS2_PLACEMENT_3D('',#660,#661,#662);
#660 = CARTESIAN_POINT('',(6.9E+03,1.460373568778E+04,-3.534E+03));
#661 = DIRECTION('',(0.,0.,1.));
#662 = DIRECTION('',(1.,0.,0.));
#663 = MANIFOLD_SOLID_BREP('',#664);
#664 = CLOSED_SHELL('',(#665,#705,#745,#767,#789,#801));
#665 = ADVANCED_FACE('',(#666),#700,.F.);
#666 = FACE_BOUND('',#667,.F.);
#667 = EDGE_LOOP('',(#668,#678,#686,#694));
#668 = ORIENTED_EDGE('',*,*,#669,.F.);
#669 = EDGE_CURVE('',#670,#672,#674,.T.);
#670 = VERTEX_POINT('',#671);
#671 = CARTESIAN_POINT('',(7.29E+04,-1.610373568778E+04,-6.534E+03));
#672 = VERTEX_POINT('',#673);
#673 = CARTESIAN_POINT('',(7.29E+04,-1.610373568778E+04,-3.534E+03));
#674 = LINE('',#675,#676);
#675 = CARTESIAN_POINT('',(7.29E+04,-1.610373568778E+04,-6.534E+03));
#676 = VECTOR('',#677,1.);
#677 = DIRECTION('',(0.,0.,1.));
#678 = ORIENTED_EDGE('',*,*,#679,.T.);
#679 = EDGE_CURVE('',#670,#680,#682,.T.);
#680 = VERTEX_POINT('',#681);
#681 = CARTESIAN_POINT('',(7.29E+04,-1.460373568778E+04,-6.534E+03));
#682 = LINE('',#683,#684);
#683 = CARTESIAN_POINT('',(7.29E+04,-1.610373568778E+04,-6.534E+03));
#684 = VECTOR('',#685,1.);
#685 = DIRECTION('',(0.,1.,0.));
#686 = ORIENTED_EDGE('',*,*,#687,.T.);
#687 = EDGE_CURVE('',#680,#688,#690,.T.);
#688 = VERTEX_POINT('',#689);
#689 = CARTESIAN_POINT('',(7.29E+04,-1.460373568778E+04,-3.534E+03));
#690 = LINE('',#691,#692);
#691 = CARTESIAN_POINT('',(7.29E+04,-1.460373568778E+04,-6.534E+03));
#692 = VECTOR('',#693,1.);
#693 = DIRECTION('',(0.,0.,1.));
#694 = ORIENTED_EDGE('',*,*,#695,.F.);
#695 = EDGE_CURVE('',#672,#688,#696,.T.);
#696 = LINE('',#697,#698);
#697 = CARTESIAN_POINT('',(7.29E+04,-1.610373568778E+04,-3.534E+03));
#698 = VECTOR('',#699,1.);
#699 = DIRECTION('',(0.,1.,0.));
#700 = PLANE('',#701);
#701 = AXIS2_PLACEMENT_3D('',#702,#703,#704);
#702 = CARTESIAN_POINT('',(7.29E+04,-1.610373568778E+04,-6.534E+03));
#703 = DIRECTION('',(1.,0.,0.));
#704 = DIRECTION('',(0.,0.,1.));
#705 = ADVANCED_FACE('',(#706),#740,.T.);
#706 = FACE_BOUND('',#707,.T.);
#707 = EDGE_LOOP('',(#708,#718,#726,#734));
#708 = ORIENTED_EDGE('',*,*,#709,.F.);
#709 = EDGE_CURVE('',#710,#712,#714,.T.);
#710 = VERTEX_POINT('',#711);
#711 = CARTESIAN_POINT('',(7.51E+04,-1.610373568778E+04,-6.534E+03));
#712 = VERTEX_POINT('',#713);
#713 = CARTESIAN_POINT('',(7.51E+04,-1.610373568778E+04,-3.534E+03));
#714 = LINE('',#715,#716);
#715 = CARTESIAN_POINT('',(7.51E+04,-1.610373568778E+04,-6.534E+03));
#716 = VECTOR('',#717,1.);
#717 = DIRECTION('',(0.,0.,1.));
#718 = ORIENTED_EDGE('',*,*,#719,.T.);
#719 = EDGE_CURVE('',#710,#720,#722,.T.);
#720 = VERTEX_POINT('',#721);
#721 = CARTESIAN_POINT('',(7.51E+04,-1.460373568778E+04,-6.534E+03));
#722 = LINE('',#723,#724);
#723 = CARTESIAN_POINT('',(7.51E+04,-1.610373568778E+04,-6.534E+03));
#724 = VECTOR('',#725,1.);
#725 = DIRECTION('',(0.,1.,0.));
#726 = ORIENTED_EDGE('',*,*,#727,.T.);
#727 = EDGE_CURVE('',#720,#728,#730,.T.);
#728 = VERTEX_POINT('',#729);
#729 = CARTESIAN_POINT('',(7.51E+04,-1.460373568778E+04,-3.534E+03));
#730 = LINE('',#731,#732);
#731 = CARTESIAN_POINT('',(7.51E+04,-1.460373568778E+04,-6.534E+03));
#732 = VECTOR('',#733,1.);
#733 = DIRECTION('',(0.,0.,1.));
#734 = ORIENTED_EDGE('',*,*,#735,.F.);
#735 = EDGE_CURVE('',#712,#728,#736,.T.);
#736 = LINE('',#737,#738);
#737 = CARTESIAN_POINT('',(7.51E+04,-1.610373568778E+04,-3.534E+03));
#738 = VECTOR('',#739,1.);
#739 = DIRECTION('',(0.,1.,0.));
#740 = PLANE('',#741);
#741 = AXIS2_PLACEMENT_3D('',#742,#743,#744);
#742 = CARTESIAN_POINT('',(7.51E+04,-1.610373568778E+04,-6.534E+03));
#743 = DIRECTION('',(1.,0.,0.));
#744 = DIRECTION('',(0.,0.,1.));
#745 = ADVANCED_FACE('',(#746),#762,.F.);
#746 = FACE_BOUND('',#747,.F.);
#747 = EDGE_LOOP('',(#748,#754,#755,#761));
#748 = ORIENTED_EDGE('',*,*,#749,.F.);
#749 = EDGE_CURVE('',#670,#710,#750,.T.);
#750 = LINE('',#751,#752);
#751 = CARTESIAN_POINT('',(7.29E+04,-1.610373568778E+04,-6.534E+03));
#752 = VECTOR('',#753,1.);
#753 = DIRECTION('',(1.,0.,0.));
#754 = ORIENTED_EDGE('',*,*,#669,.T.);
#755 = ORIENTED_EDGE('',*,*,#756,.T.);
#756 = EDGE_CURVE('',#672,#712,#757,.T.);
#757 = LINE('',#758,#759);
#758 = CARTESIAN_POINT('',(7.29E+04,-1.610373568778E+04,-3.534E+03));
#759 = VECTOR('',#760,1.);
#760 = DIRECTION('',(1.,0.,0.));
#761 = ORIENTED_EDGE('',*,*,#709,.F.);
#762 = PLANE('',#763);
#763 = AXIS2_PLACEMENT_3D('',#764,#765,#766);
#764 = CARTESIAN_POINT('',(7.29E+04,-1.610373568778E+04,-6.534E+03));
#765 = DIRECTION('',(0.,1.,0.));
#766 = DIRECTION('',(0.,0.,1.));
#767 = ADVANCED_FACE('',(#768),#784,.T.);
#768 = FACE_BOUND('',#769,.T.);
#769 = EDGE_LOOP('',(#770,#776,#777,#783));
#770 = ORIENTED_EDGE('',*,*,#771,.F.);
#771 = EDGE_CURVE('',#680,#720,#772,.T.);
#772 = LINE('',#773,#774);
#773 = CARTESIAN_POINT('',(7.29E+04,-1.460373568778E+04,-6.534E+03));
#774 = VECTOR('',#775,1.);
#775 = DIRECTION('',(1.,0.,0.));
#776 = ORIENTED_EDGE('',*,*,#687,.T.);
#777 = ORIENTED_EDGE('',*,*,#778,.T.);
#778 = EDGE_CURVE('',#688,#728,#779,.T.);
#779 = LINE('',#780,#781);
#780 = CARTESIAN_POINT('',(7.29E+04,-1.460373568778E+04,-3.534E+03));
#781 = VECTOR('',#782,1.);
#782 = DIRECTION('',(1.,0.,0.));
#783 = ORIENTED_EDGE('',*,*,#727,.F.);
#784 = PLANE('',#785);
#785 = AXIS2_PLACEMENT_3D('',#786,#787,#788);
#786 = CARTESIAN_POINT('',(7.29E+04,-1.460373568778E+04,-6.534E+03));
#787 = DIRECTION('',(0.,1.,0.));
#788 = DIRECTION('',(0.,0.,1.));
#789 = ADVANCED_FACE('',(#790),#796,.F.);
#790 = FACE_BOUND('',#791,.F.);
#791 = EDGE_LOOP('',(#792,#793,#794,#795));
#792 = ORIENTED_EDGE('',*,*,#679,.F.);
#793 = ORIENTED_EDGE('',*,*,#749,.T.);
#794 = ORIENTED_EDGE('',*,*,#719,.T.);
#795 = ORIENTED_EDGE('',*,*,#771,.F.);
#796 = PLANE('',#797);
#797 = AXIS2_PLACEMENT_3D('',#798,#799,#800);
#798 = CARTESIAN_POINT('',(7.29E+04,-1.610373568778E+04,-6.534E+03));
#799 = DIRECTION('',(0.,0.,1.));
#800 = DIRECTION('',(1.,0.,0.));
#801 = ADVANCED_FACE('',(#802),#808,.T.);
#802 = FACE_BOUND('',#803,.T.);
#803 = EDGE_LOOP('',(#804,#805,#806,#807));
#804 = ORIENTED_EDGE('',*,*,#695,.F.);
#805 = ORIENTED_EDGE('',*,*,#756,.T.);
#806 = ORIENTED_EDGE('',*,*,#735,.T.);
#807 = ORIENTED_EDGE('',*,*,#778,.F.);
#808 = PLANE('',#809);
#809 = AXIS2_PLACEMENT_3D('',#810,#811,#812);
#810 = CARTESIAN_POINT('',(7.29E+04,-1.610373568778E+04,-3.534E+03));
#811 = DIRECTION('',(0.,0.,1.));
#812 = DIRECTION('',(1.,0.,0.));
#813 = MANIFOLD_SOLID_BREP('',#814);
#814 = CLOSED_SHELL('',(#815,#855,#895,#917,#939,#951));
#815 = ADVANCED_FACE('',(#816),#850,.F.);
#816 = FACE_BOUND('',#817,.F.);
#817 = EDGE_LOOP('',(#818,#828,#836,#844));
#818 = ORIENTED_EDGE('',*,*,#819,.F.);
#819 = EDGE_CURVE('',#820,#822,#824,.T.);
#820 = VERTEX_POINT('',#821);
#821 = CARTESIAN_POINT('',(7.29E+04,1.460373568778E+04,-6.534E+03));
#822 = VERTEX_POINT('',#823);
#823 = CARTESIAN_POINT('',(7.29E+04,1.460373568778E+04,-3.534E+03));
#824 = LINE('',#825,#826);
#825 = CARTESIAN_POINT('',(7.29E+04,1.460373568778E+04,-6.534E+03));
#826 = VECTOR('',#827,1.);
#827 = DIRECTION('',(0.,0.,1.));
#828 = ORIENTED_EDGE('',*,*,#829,.T.);
#829 = EDGE_CURVE('',#820,#830,#832,.T.);
#830 = VERTEX_POINT('',#831);
#831 = CARTESIAN_POINT('',(7.29E+04,1.610373568778E+04,-6.534E+03));
#832 = LINE('',#833,#834);
#833 = CARTESIAN_POINT('',(7.29E+04,1.460373568778E+04,-6.534E+03));
#834 = VECTOR('',#835,1.);
#835 = DIRECTION('',(0.,1.,0.));
#836 = ORIENTED_EDGE('',*,*,#837,.T.);
#837 = EDGE_CURVE('',#830,#838,#840,.T.);
#838 = VERTEX_POINT('',#839);
#839 = CARTESIAN_POINT('',(7.29E+04,1.610373568778E+04,-3.534E+03));
#840 = LINE('',#841,#842);
#841 = CARTESIAN_POINT('',(7.29E+04,1.610373568778E+04,-6.534E+03));
#842 = VECTOR('',#843,1.);
#843 = DIRECTION('',(0.,0.,1.));
#844 = ORIENTED_EDGE('',*,*,#845,.F.);
#845 = EDGE_CURVE('',#822,#838,#846,.T.);
#846 = LINE('',#847,#848);
#847 = CARTESIAN_POINT('',(7.29E+04,1.460373568778E+04,-3.534E+03));
#848 = VECTOR('',#849,1.);
#849 = DIRECTION('',(0.,1.,0.));
#850 = PLANE('',#851);
#851 = AXIS2_PLACEMENT_3D('',#852,#853,#854);
#852 = CARTESIAN_POINT('',(7.29E+04,1.460373568778E+04,-6.534E+03));
#853 = DIRECTION('',(1.,0.,0.));
#854 = DIRECTION('',(0.,0.,1.));
#855 = ADVANCED_FACE('',(#856),#890,.T.);
#856 = FACE_BOUND('',#857,.T.);
#857 = EDGE_LOOP('',(#858,#868,#876,#884));
#858 = ORIENTED_EDGE('',*,*,#859,.F.);
#859 = EDGE_CURVE('',#860,#862,#864,.T.);
#860 = VERTEX_POINT('',#861);
#861 = CARTESIAN_POINT('',(7.51E+04,1.460373568778E+04,-6.534E+03));
#862 = VERTEX_POINT('',#863);
#863 = CARTESIAN_POINT('',(7.51E+04,1.460373568778E+04,-3.534E+03));
#864 = LINE('',#865,#866);
#865 = CARTESIAN_POINT('',(7.51E+04,1.460373568778E+04,-6.534E+03));
#866 = VECTOR('',#867,1.);
#867 = DIRECTION('',(0.,0.,1.));
#868 = ORIENTED_EDGE('',*,*,#869,.T.);
#869 = EDGE_CURVE('',#860,#870,#872,.T.);
#870 = VERTEX_POINT('',#871);
#871 = CARTESIAN_POINT('',(7.51E+04,1.610373568778E+04,-6.534E+03));
#872 = LINE('',#873,#874);
#873 = CARTESIAN_POINT('',(7.51E+04,1.460373568778E+04,-6.534E+03));
#874 = VECTOR('',#875,1.);
#875 = DIRECTION('',(0.,1.,0.));
#876 = ORIENTED_EDGE('',*,*,#877,.T.);
#877 = EDGE_CURVE('',#870,#878,#880,.T.);
#878 = VERTEX_POINT('',#879);
#879 = CARTESIAN_POINT('',(7.51E+04,1.610373568778E+04,-3.534E+03));
#880 = LINE('',#881,#882);
#881 = CARTESIAN_POINT('',(7.51E+04,1.610373568778E+04,-6.534E+03));
#882 = VECTOR('',#883,1.);
#883 = DIRECTION('',(0.,0.,1.));
#884 = ORIENTED_EDGE('',*,*,#885,.F.);
#885 = EDGE_CURVE('',#862,#878,#886,.T.);
#886 = LINE('',#887,#888);
#887 = CARTESIAN_POINT('',(7.51E+04,1.460373568778E+04,-3.534E+03));
#888 = VECTOR('',#889,1.);
#889 = DIRECTION('',(0.,1.,0.));
#890 = PLANE('',#891);
#891 = AXIS2_PLACEMENT_3D('',#892,#893,#894);
#892 = CARTESIAN_POINT('',(7.51E+04,1.460373568778E+04,-6.534E+03));
#893 = DIRECTION('',(1.,0.,0.));
#894 = DIRECTION('',(0.,0.,1.));
#895 = ADVANCED_FACE('',(#896),#912,.F.);
#896 = FACE_BOUND('',#897,.F.);
#897 = EDGE_LOOP('',(#898,#904,#905,#911));
#898 = ORIENTED_EDGE('',*,*,#899,.F.);
#899 = EDGE_CURVE('',#820,#860,#900,.T.);
#900 = LINE('',#901,#902);
#901 = CARTESIAN_POINT('',(7.29E+04,1.460373568778E+04,-6.534E+03));
#902 = VECTOR('',#903,1.);
#903 = DIRECTION('',(1.,0.,0.));
#904 = ORIENTED_EDGE('',*,*,#819,.T.);
#905 = ORIENTED_EDGE('',*,*,#906,.T.);
#906 = EDGE_CURVE('',#822,#862,#907,.T.);
#907 = LINE('',#908,#909);
#908 = CARTESIAN_POINT('',(7.29E+04,1.460373568778E+04,-3.534E+03));
#909 = VECTOR('',#910,1.);
#910 = DIRECTION('',(1.,0.,0.));
#911 = ORIENTED_EDGE('',*,*,#859,.F.);
#912 = PLANE('',#913);
#913 = AXIS2_PLACEMENT_3D('',#914,#915,#916);
#914 = CARTESIAN_POINT('',(7.29E+04,1.460373568778E+04,-6.534E+03));
#915 = DIRECTION('',(0.,1.,0.));
#916 = DIRECTION('',(0.,0.,1.));
#917 = ADVANCED_FACE('',(#918),#934,.T.);
#918 = FACE_BOUND('',#919,.T.);
#919 = EDGE_LOOP('',(#920,#926,#927,#933));
#920 = ORIENTED_EDGE('',*,*,#921,.F.);
#921 = EDGE_CURVE('',#830,#870,#922,.T.);
#922 = LINE('',#923,#924);
#923 = CARTESIAN_POINT('',(7.29E+04,1.610373568778E+04,-6.534E+03));
#924 = VECTOR('',#925,1.);
#925 = DIRECTION('',(1.,0.,0.));
#926 = ORIENTED_EDGE('',*,*,#837,.T.);
#927 = ORIENTED_EDGE('',*,*,#928,.T.);
#928 = EDGE_CURVE('',#838,#878,#929,.T.);
#929 = LINE('',#930,#931);
#930 = CARTESIAN_POINT('',(7.29E+04,1.610373568778E+04,-3.534E+03));
#931 = VECTOR('',#932,1.);
#932 = DIRECTION('',(1.,0.,0.));
#933 = ORIENTED_EDGE('',*,*,#877,.F.);
#934 = PLANE('',#935);
#935 = AXIS2_PLACEMENT_3D('',#936,#937,#938);
#936 = CARTESIAN_POINT('',(7.29E+04,1.610373568778E+04,-6.534E+03));
#937 = DIRECTION('',(0.,1.,0.));
#938 = DIRECTION('',(0.,0.,1.));
#939 = ADVANCED_FACE('',(#940),#946,.F.);
#940 = FACE_BOUND('',#941,.F.);
#941 = EDGE_LOOP('',(#942,#943,#944,#945));
#942 = ORIENTED_EDGE('',*,*,#829,.F.);
#943 = ORIENTED_EDGE('',*,*,#899,.T.);
#944 = ORIENTED_EDGE('',*,*,#869,.T.);
#945 = ORIENTED_EDGE('',*,*,#921,.F.);
#946 = PLANE('',#947);
#947 = AXIS2_PLACEMENT_3D('',#948,#949,#950);
#948 = CARTESIAN_POINT('',(7.29E+04,1.460373568778E+04,-6.534E+03));
#949 = DIRECTION('',(0.,0.,1.));
#950 = DIRECTION('',(1.,0.,0.));
#951 = ADVANCED_FACE('',(#952),#958,.T.);
#952 = FACE_BOUND('',#953,.T.);
#953 = EDGE_LOOP('',(#954,#955,#956,#957));
#954 = ORIENTED_EDGE('',*,*,#845,.F.);
#955 = ORIENTED_EDGE('',*,*,#906,.T.);
#956 = ORIENTED_EDGE('',*,*,#885,.T.);
#957 = ORIENTED_EDGE('',*,*,#928,.F.);
#958 = PLANE('',#959);
#959 = AXIS2_PLACEMENT_3D('',#960,#961,#962);
#960 = CARTESIAN_POINT('',(7.29E+04,1.460373568778E+04,-3.534E+03));
#961 = DIRECTION('',(0.,0.,1.));
#962 = DIRECTION('',(1.,0.,0.));
#963 = MANIFOLD_SOLID_BREP('',#964);
#964 = CLOSED_SHELL('',(#965,#1005,#1045,#1067,#1089,#1101));
#965 = ADVANCED_FACE('',(#966),#1000,.F.);
#966 = FACE_BOUND('',#967,.F.);
#967 = EDGE_LOOP('',(#968,#978,#986,#994));
#968 = ORIENTED_EDGE('',*,*,#969,.F.);
#969 = EDGE_CURVE('',#970,#972,#974,.T.);
#970 = VERTEX_POINT('',#971);
#971 = CARTESIAN_POINT('',(-750.,-3.3E+03,-1.1E+04));
#972 = VERTEX_POINT('',#973);
#973 = CARTESIAN_POINT('',(-750.,-3.3E+03,9.15E+03));
#974 = LINE('',#975,#976);
#975 = CARTESIAN_POINT('',(-750.,-3.3E+03,-1.1E+04));
#976 = VECTOR('',#977,1.);
#977 = DIRECTION('',(0.,0.,1.));
#978 = ORIENTED_EDGE('',*,*,#979,.T.);
#979 = EDGE_CURVE('',#970,#980,#982,.T.);
#980 = VERTEX_POINT('',#981);
#981 = CARTESIAN_POINT('',(-750.,-1.8E+03,-1.1E+04));
#982 = LINE('',#983,#984);
#983 = CARTESIAN_POINT('',(-750.,-3.3E+03,-1.1E+04));
#984 = VECTOR('',#985,1.);
#985 = DIRECTION('',(0.,1.,0.));
#986 = ORIENTED_EDGE('',*,*,#987,.T.);
#987 = EDGE_CURVE('',#980,#988,#990,.T.);
#988 = VERTEX_POINT('',#989);
#989 = CARTESIAN_POINT('',(-750.,-1.8E+03,9.15E+03));
#990 = LINE('',#991,#992);
#991 = CARTESIAN_POINT('',(-750.,-1.8E+03,-1.1E+04));
#992 = VECTOR('',#993,1.);
#993 = DIRECTION('',(0.,0.,1.));
#994 = ORIENTED_EDGE('',*,*,#995,.F.);
#995 = EDGE_CURVE('',#972,#988,#996,.T.);
#996 = LINE('',#997,#998);
#997 = CARTESIAN_POINT('',(-750.,-3.3E+03,9.15E+03));
#998 = VECTOR('',#999,1.);
#999 = DIRECTION('',(0.,1.,0.));
#1000 = PLANE('',#1001);
#1001 = AXIS2_PLACEMENT_3D('',#1002,#1003,#1004);
#1002 = CARTESIAN_POINT('',(-750.,-3.3E+03,-1.1E+04));
#1003 = DIRECTION('',(1.,0.,0.));
#1004 = DIRECTION('',(0.,0.,1.));
#1005 = ADVANCED_FACE('',(#1006),#1040,.T.);
#1006 = FACE_BOUND('',#1007,.T.);
#1007 = EDGE_LOOP('',(#1008,#1018,#1026,#1034));
#1008 = ORIENTED_EDGE('',*,*,#1009,.F.);
#1009 = EDGE_CURVE('',#1010,#1012,#1014,.T.);
#1010 = VERTEX_POINT('',#1011);
#1011 = CARTESIAN_POINT('',(750.,-3.3E+03,-1.1E+04));
#1012 = VERTEX_POINT('',#1013);
#1013 = CARTESIAN_POINT('',(750.,-3.3E+03,9.15E+03));
#1014 = LINE('',#1015,#1016);
#1015 = CARTESIAN_POINT('',(750.,-3.3E+03,-1.1E+04));
#1016 = VECTOR('',#1017,1.);
#1017 = DIRECTION('',(0.,0.,1.));
#1018 = ORIENTED_EDGE('',*,*,#1019,.T.);
#1019 = EDGE_CURVE('',#1010,#1020,#1022,.T.);
#1020 = VERTEX_POINT('',#1021);
#1021 = CARTESIAN_POINT('',(750.,-1.8E+03,-1.1E+04));
#1022 = LINE('',#1023,#1024);
#1023 = CARTESIAN_POINT('',(750.,-3.3E+03,-1.1E+04));
#1024 = VECTOR('',#1025,1.);
#1025 = DIRECTION('',(0.,1.,0.));
#1026 = ORIENTED_EDGE('',*,*,#1027,.T.);
#1027 = EDGE_CURVE('',#1020,#1028,#1030,.T.);
#1028 = VERTEX_POINT('',#1029);
#1029 = CARTESIAN_POINT('',(750.,-1.8E+03,9.15E+03));
#1030 = LINE('',#1031,#1032);
#1031 = CARTESIAN_POINT('',(750.,-1.8E+03,-1.1E+04));
#1032 = VECTOR('',#1033,1.);
#1033 = DIRECTION('',(0.,0.,1.));
#1034 = ORIENTED_EDGE('',*,*,#1035,.F.);
#1035 = EDGE_CURVE('',#1012,#1028,#1036,.T.);
#1036 = LINE('',#1037,#1038);
#1037 = CARTESIAN_POINT('',(750.,-3.3E+03,9.15E+03));
#1038 = VECTOR('',#1039,1.);
#1039 = DIRECTION('',(0.,1.,0.));
#1040 = PLANE('',#1041);
#1041 = AXIS2_PLACEMENT_3D('',#1042,#1043,#1044);
#1042 = CARTESIAN_POINT('',(750.,-3.3E+03,-1.1E+04));
#1043 = DIRECTION('',(1.,0.,0.));
#1044 = DIRECTION('',(0.,0.,1.));
#1045 = ADVANCED_FACE('',(#1046),#1062,.F.);
#1046 = FACE_BOUND('',#1047,.F.);
#1047 = EDGE_LOOP('',(#1048,#1054,#1055,#1061));
#1048 = ORIENTED_EDGE('',*,*,#1049,.F.);
#1049 = EDGE_CURVE('',#970,#1010,#1050,.T.);
#1050 = LINE('',#1051,#1052);
#1051 = CARTESIAN_POINT('',(-750.,-3.3E+03,-1.1E+04));
#1052 = VECTOR('',#1053,1.);
#1053 = DIRECTION('',(1.,0.,0.));
#1054 = ORIENTED_EDGE('',*,*,#969,.T.);
#1055 = ORIENTED_EDGE('',*,*,#1056,.T.);
#1056 = EDGE_CURVE('',#972,#1012,#1057,.T.);
#1057 = LINE('',#1058,#1059);
#1058 = CARTESIAN_POINT('',(-750.,-3.3E+03,9.15E+03));
#1059 = VECTOR('',#1060,1.);
#1060 = DIRECTION('',(1.,0.,0.));
#1061 = ORIENTED_EDGE('',*,*,#1009,.F.);
#1062 = PLANE('',#1063);
#1063 = AXIS2_PLACEMENT_3D('',#1064,#1065,#1066);
#1064 = CARTESIAN_POINT('',(-750.,-3.3E+03,-1.1E+04));
#1065 = DIRECTION('',(0.,1.,0.));
#1066 = DIRECTION('',(0.,0.,1.));
#1067 = ADVANCED_FACE('',(#1068),#1084,.T.);
#1068 = FACE_BOUND('',#1069,.T.);
#1069 = EDGE_LOOP('',(#1070,#1076,#1077,#1083));
#1070 = ORIENTED_EDGE('',*,*,#1071,.F.);
#1071 = EDGE_CURVE('',#980,#1020,#1072,.T.);
#1072 = LINE('',#1073,#1074);
#1073 = CARTESIAN_POINT('',(-750.,-1.8E+03,-1.1E+04));
#1074 = VECTOR('',#1075,1.);
#1075 = DIRECTION('',(1.,0.,0.));
#1076 = ORIENTED_EDGE('',*,*,#987,.T.);
#1077 = ORIENTED_EDGE('',*,*,#1078,.T.);
#1078 = EDGE_CURVE('',#988,#1028,#1079,.T.);
#1079 = LINE('',#1080,#1081);
#1080 = CARTESIAN_POINT('',(-750.,-1.8E+03,9.15E+03));
#1081 = VECTOR('',#1082,1.);
#1082 = DIRECTION('',(1.,0.,0.));
#1083 = ORIENTED_EDGE('',*,*,#1027,.F.);
#1084 = PLANE('',#1085);
#1085 = AXIS2_PLACEMENT_3D('',#1086,#1087,#1088);
#1086 = CARTESIAN_POINT('',(-750.,-1.8E+03,-1.1E+04));
#1087 = DIRECTION('',(0.,1.,0.));
#1088 = DIRECTION('',(0.,0.,1.));
#1089 = ADVANCED_FACE('',(#1090),#1096,.F.);
#1090 = FACE_BOUND('',#1091,.F.);
#1091 = EDGE_LOOP('',(#1092,#1093,#1094,#1095));
#1092 = ORIENTED_EDGE('',*,*,#979,.F.);
#1093 = ORIENTED_EDGE('',*,*,#1049,.T.);
#1094 = ORIENTED_EDGE('',*,*,#1019,.T.);
#1095 = ORIENTED_EDGE('',*,*,#1071,.F.);
#1096 = PLANE('',#1097);
#1097 = AXIS2_PLACEMENT_3D('',#1098,#1099,#1100);
#1098 = CARTESIAN_POINT('',(-750.,-3.3E+03,-1.1E+04));
#1099 = DIRECTION('',(0.,0.,1.));
#1100 = DIRECTION('',(1.,0.,0.));
#1101 = ADVANCED_FACE('',(#1102),#1108,.T.);
#1102 = FACE_BOUND('',#1103,.T.);
#1103 = EDGE_LOOP('',(#1104,#1105,#1106,#1107));
#1104 = ORIENTED_EDGE('',*,*,#995,.F.);
#1105 = ORIENTED_EDGE('',*,*,#1056,.T.);
#1106 = ORIENTED_EDGE('',*,*,#1035,.T.);
#1107 = ORIENTED_EDGE('',*,*,#1078,.F.);
#1108 = PLANE('',#1109);
#1109 = AXIS2_PLACEMENT_3D('',#1110,#1111,#1112);
#1110 = CARTESIAN_POINT('',(-750.,-3.3E+03,9.15E+03));
#1111 = DIRECTION('',(0.,0.,1.));
#1112 = DIRECTION('',(1.,0.,0.));
#1113 = MANIFOLD_SOLID_BREP('',#1114);
#1114 = CLOSED_SHELL('',(#1115,#1155,#1195,#1217,#1239,#1251));
#1115 = ADVANCED_FACE('',(#1116),#1150,.F.);
#1116 = FACE_BOUND('',#1117,.F.);
#1117 = EDGE_LOOP('',(#1118,#1128,#1136,#1144));
#1118 = ORIENTED_EDGE('',*,*,#1119,.F.);
#1119 = EDGE_CURVE('',#1120,#1122,#1124,.T.);
#1120 = VERTEX_POINT('',#1121);
#1121 = CARTESIAN_POINT('',(-850.,-3.4E+03,-1.1E+04));
#1122 = VERTEX_POINT('',#1123);
#1123 = CARTESIAN_POINT('',(-850.,-3.4E+03,-9.E+03));
#1124 = LINE('',#1125,#1126);
#1125 = CARTESIAN_POINT('',(-850.,-3.4E+03,-1.1E+04));
#1126 = VECTOR('',#1127,1.);
#1127 = DIRECTION('',(0.,0.,1.));
#1128 = ORIENTED_EDGE('',*,*,#1129,.T.);
#1129 = EDGE_CURVE('',#1120,#1130,#1132,.T.);
#1130 = VERTEX_POINT('',#1131);
#1131 = CARTESIAN_POINT('',(-850.,-1.7E+03,-1.1E+04));
#1132 = LINE('',#1133,#1134);
#1133 = CARTESIAN_POINT('',(-850.,-3.4E+03,-1.1E+04));
#1134 = VECTOR('',#1135,1.);
#1135 = DIRECTION('',(0.,1.,0.));
#1136 = ORIENTED_EDGE('',*,*,#1137,.T.);
#1137 = EDGE_CURVE('',#1130,#1138,#1140,.T.);
#1138 = VERTEX_POINT('',#1139);
#1139 = CARTESIAN_POINT('',(-850.,-1.7E+03,-9.E+03));
#1140 = LINE('',#1141,#1142);
#1141 = CARTESIAN_POINT('',(-850.,-1.7E+03,-1.1E+04));
#1142 = VECTOR('',#1143,1.);
#1143 = DIRECTION('',(0.,0.,1.));
#1144 = ORIENTED_EDGE('',*,*,#1145,.F.);
#1145 = EDGE_CURVE('',#1122,#1138,#1146,.T.);
#1146 = LINE('',#1147,#1148);
#1147 = CARTESIAN_POINT('',(-850.,-3.4E+03,-9.E+03));
#1148 = VECTOR('',#1149,1.);
#1149 = DIRECTION('',(0.,1.,0.));
#1150 = PLANE('',#1151);
#1151 = AXIS2_PLACEMENT_3D('',#1152,#1153,#1154);
#1152 = CARTESIAN_POINT('',(-850.,-3.4E+03,-1.1E+04));
#1153 = DIRECTION('',(1.,0.,0.));
#1154 = DIRECTION('',(0.,0.,1.));
#1155 = ADVANCED_FACE('',(#1156),#1190,.T.);
#1156 = FACE_BOUND('',#1157,.T.);
#1157 = EDGE_LOOP('',(#1158,#1168,#1176,#1184));
#1158 = ORIENTED_EDGE('',*,*,#1159,.F.);
#1159 = EDGE_CURVE('',#1160,#1162,#1164,.T.);
#1160 = VERTEX_POINT('',#1161);
#1161 = CARTESIAN_POINT('',(850.,-3.4E+03,-1.1E+04));
#1162 = VERTEX_POINT('',#1163);
#1163 = CARTESIAN_POINT('',(850.,-3.4E+03,-9.E+03));
#1164 = LINE('',#1165,#1166);
#1165 = CARTESIAN_POINT('',(850.,-3.4E+03,-1.1E+04));
#1166 = VECTOR('',#1167,1.);
#1167 = DIRECTION('',(0.,0.,1.));
#1168 = ORIENTED_EDGE('',*,*,#1169,.T.);
#1169 = EDGE_CURVE('',#1160,#1170,#1172,.T.);
#1170 = VERTEX_POINT('',#1171);
#1171 = CARTESIAN_POINT('',(850.,-1.7E+03,-1.1E+04));
#1172 = LINE('',#1173,#1174);
#1173 = CARTESIAN_POINT('',(850.,-3.4E+03,-1.1E+04));
#1174 = VECTOR('',#1175,1.);
#1175 = DIRECTION('',(0.,1.,0.));
#1176 = ORIENTED_EDGE('',*,*,#1177,.T.);
#1177 = EDGE_CURVE('',#1170,#1178,#1180,.T.);
#1178 = VERTEX_POINT('',#1179);
#1179 = CARTESIAN_POINT('',(850.,-1.7E+03,-9.E+03));
#1180 = LINE('',#1181,#1182);
#1181 = CARTESIAN_POINT('',(850.,-1.7E+03,-1.1E+04));
#1182 = VECTOR('',#1183,1.);
#1183 = DIRECTION('',(0.,0.,1.));
#1184 = ORIENTED_EDGE('',*,*,#1185,.F.);
#1185 = EDGE_CURVE('',#1162,#1178,#1186,.T.);
#1186 = LINE('',#1187,#1188);
#1187 = CARTESIAN_POINT('',(850.,-3.4E+03,-9.E+03));
#1188 = VECTOR('',#1189,1.);
#1189 = DIRECTION('',(0.,1.,0.));
#1190 = PLANE('',#1191);
#1191 = AXIS2_PLACEMENT_3D('',#1192,#1193,#1194);
#1192 = CARTESIAN_POINT('',(850.,-3.4E+03,-1.1E+04));
#1193 = DIRECTION('',(1.,0.,0.));
#1194 = DIRECTION('',(0.,0.,1.));
#1195 = ADVANCED_FACE('',(#1196),#1212,.F.);
#1196 = FACE_BOUND('',#1197,.F.);
#1197 = EDGE_LOOP('',(#1198,#1204,#1205,#1211));
#1198 = ORIENTED_EDGE('',*,*,#1199,.F.);
#1199 = EDGE_CURVE('',#1120,#1160,#1200,.T.);
#1200 = LINE('',#1201,#1202);
#1201 = CARTESIAN_POINT('',(-850.,-3.4E+03,-1.1E+04));
#1202 = VECTOR('',#1203,1.);
#1203 = DIRECTION('',(1.,0.,0.));
#1204 = ORIENTED_EDGE('',*,*,#1119,.T.);
#1205 = ORIENTED_EDGE('',*,*,#1206,.T.);
#1206 = EDGE_CURVE('',#1122,#1162,#1207,.T.);
#1207 = LINE('',#1208,#1209);
#1208 = CARTESIAN_POINT('',(-850.,-3.4E+03,-9.E+03));
#1209 = VECTOR('',#1210,1.);
#1210 = DIRECTION('',(1.,0.,0.));
#1211 = ORIENTED_EDGE('',*,*,#1159,.F.);
#1212 = PLANE('',#1213);
#1213 = AXIS2_PLACEMENT_3D('',#1214,#1215,#1216);
#1214 = CARTESIAN_POINT('',(-850.,-3.4E+03,-1.1E+04));
#1215 = DIRECTION('',(0.,1.,0.));
#1216 = DIRECTION('',(0.,0.,1.));
#1217 = ADVANCED_FACE('',(#1218),#1234,.T.);
#1218 = FACE_BOUND('',#1219,.T.);
#1219 = EDGE_LOOP('',(#1220,#1226,#1227,#1233));
#1220 = ORIENTED_EDGE('',*,*,#1221,.F.);
#1221 = EDGE_CURVE('',#1130,#1170,#1222,.T.);
#1222 = LINE('',#1223,#1224);
#1223 = CARTESIAN_POINT('',(-850.,-1.7E+03,-1.1E+04));
#1224 = VECTOR('',#1225,1.);
#1225 = DIRECTION('',(1.,0.,0.));
#1226 = ORIENTED_EDGE('',*,*,#1137,.T.);
#1227 = ORIENTED_EDGE('',*,*,#1228,.T.);
#1228 = EDGE_CURVE('',#1138,#1178,#1229,.T.);
#1229 = LINE('',#1230,#1231);
#1230 = CARTESIAN_POINT('',(-850.,-1.7E+03,-9.E+03));
#1231 = VECTOR('',#1232,1.);
#1232 = DIRECTION('',(1.,0.,0.));
#1233 = ORIENTED_EDGE('',*,*,#1177,.F.);
#1234 = PLANE('',#1235);
#1235 = AXIS2_PLACEMENT_3D('',#1236,#1237,#1238);
#1236 = CARTESIAN_POINT('',(-850.,-1.7E+03,-1.1E+04));
#1237 = DIRECTION('',(0.,1.,0.));
#1238 = DIRECTION('',(0.,0.,1.));
#1239 = ADVANCED_FACE('',(#1240),#1246,.F.);
#1240 = FACE_BOUND('',#1241,.F.);
#1241 = EDGE_LOOP('',(#1242,#1243,#1244,#1245));
#1242 = ORIENTED_EDGE('',*,*,#1129,.F.);
#1243 = ORIENTED_EDGE('',*,*,#1199,.T.);
#1244 = ORIENTED_EDGE('',*,*,#1169,.T.);
#1245 = ORIENTED_EDGE('',*,*,#1221,.F.);
#1246 = PLANE('',#1247);
#1247 = AXIS2_PLACEMENT_3D('',#1248,#1249,#1250);
#1248 = CARTESIAN_POINT('',(-850.,-3.4E+03,-1.1E+04));
#1249 = DIRECTION('',(0.,0.,1.));
#1250 = DIRECTION('',(1.,0.,0.));
#1251 = ADVANCED_FACE('',(#1252),#1258,.T.);
#1252 = FACE_BOUND('',#1253,.T.);
#1253 = EDGE_LOOP('',(#1254,#1255,#1256,#1257));
#1254 = ORIENTED_EDGE('',*,*,#1145,.F.);
#1255 = ORIENTED_EDGE('',*,*,#1206,.T.);
#1256 = ORIENTED_EDGE('',*,*,#1185,.T.);
#1257 = ORIENTED_EDGE('',*,*,#1228,.F.);
#1258 = PLANE('',#1259);
#1259 = AXIS2_PLACEMENT_3D('',#1260,#1261,#1262);
#1260 = CARTESIAN_POINT('',(-850.,-3.4E+03,-9.E+03));
#1261 = DIRECTION('',(0.,0.,1.));
#1262 = DIRECTION('',(1.,0.,0.));
#1263 = MANIFOLD_SOLID_BREP('',#1264);
#1264 = CLOSED_SHELL('',(#1265,#1305,#1345,#1367,#1389,#1401));
#1265 = ADVANCED_FACE('',(#1266),#1300,.F.);
#1266 = FACE_BOUND('',#1267,.F.);
#1267 = EDGE_LOOP('',(#1268,#1278,#1286,#1294));
#1268 = ORIENTED_EDGE('',*,*,#1269,.F.);
#1269 = EDGE_CURVE('',#1270,#1272,#1274,.T.);
#1270 = VERTEX_POINT('',#1271);
#1271 = CARTESIAN_POINT('',(-750.,1.8E+03,-1.1E+04));
#1272 = VERTEX_POINT('',#1273);
#1273 = CARTESIAN_POINT('',(-750.,1.8E+03,9.15E+03));
#1274 = LINE('',#1275,#1276);
#1275 = CARTESIAN_POINT('',(-750.,1.8E+03,-1.1E+04));
#1276 = VECTOR('',#1277,1.);
#1277 = DIRECTION('',(0.,0.,1.));
#1278 = ORIENTED_EDGE('',*,*,#1279,.T.);
#1279 = EDGE_CURVE('',#1270,#1280,#1282,.T.);
#1280 = VERTEX_POINT('',#1281);
#1281 = CARTESIAN_POINT('',(-750.,3.3E+03,-1.1E+04));
#1282 = LINE('',#1283,#1284);
#1283 = CARTESIAN_POINT('',(-750.,1.8E+03,-1.1E+04));
#1284 = VECTOR('',#1285,1.);
#1285 = DIRECTION('',(0.,1.,0.));
#1286 = ORIENTED_EDGE('',*,*,#1287,.T.);
#1287 = EDGE_CURVE('',#1280,#1288,#1290,.T.);
#1288 = VERTEX_POINT('',#1289);
#1289 = CARTESIAN_POINT('',(-750.,3.3E+03,9.15E+03));
#1290 = LINE('',#1291,#1292);
#1291 = CARTESIAN_POINT('',(-750.,3.3E+03,-1.1E+04));
#1292 = VECTOR('',#1293,1.);
#1293 = DIRECTION('',(0.,0.,1.));
#1294 = ORIENTED_EDGE('',*,*,#1295,.F.);
#1295 = EDGE_CURVE('',#1272,#1288,#1296,.T.);
#1296 = LINE('',#1297,#1298);
#1297 = CARTESIAN_POINT('',(-750.,1.8E+03,9.15E+03));
#1298 = VECTOR('',#1299,1.);
#1299 = DIRECTION('',(0.,1.,0.));
#1300 = PLANE('',#1301);
#1301 = AXIS2_PLACEMENT_3D('',#1302,#1303,#1304);
#1302 = CARTESIAN_POINT('',(-750.,1.8E+03,-1.1E+04));
#1303 = DIRECTION('',(1.,0.,0.));
#1304 = DIRECTION('',(0.,0.,1.));
#1305 = ADVANCED_FACE('',(#1306),#1340,.T.);
#1306 = FACE_BOUND('',#1307,.T.);
#1307 = EDGE_LOOP('',(#1308,#1318,#1326,#1334));
#1308 = ORIENTED_EDGE('',*,*,#1309,.F.);
#1309 = EDGE_CURVE('',#1310,#1312,#1314,.T.);
#1310 = VERTEX_POINT('',#1311);
#1311 = CARTESIAN_POINT('',(750.,1.8E+03,-1.1E+04));
#1312 = VERTEX_POINT('',#1313);
#1313 = CARTESIAN_POINT('',(750.,1.8E+03,9.15E+03));
#1314 = LINE('',#1315,#1316);
#1315 = CARTESIAN_POINT('',(750.,1.8E+03,-1.1E+04));
#1316 = VECTOR('',#1317,1.);
#1317 = DIRECTION('',(0.,0.,1.));
#1318 = ORIENTED_EDGE('',*,*,#1319,.T.);
#1319 = EDGE_CURVE('',#1310,#1320,#1322,.T.);
#1320 = VERTEX_POINT('',#1321);
#1321 = CARTESIAN_POINT('',(750.,3.3E+03,-1.1E+04));
#1322 = LINE('',#1323,#1324);
#1323 = CARTESIAN_POINT('',(750.,1.8E+03,-1.1E+04));
#1324 = VECTOR('',#1325,1.);
#1325 = DIRECTION('',(0.,1.,0.));
#1326 = ORIENTED_EDGE('',*,*,#1327,.T.);
#1327 = EDGE_CURVE('',#1320,#1328,#1330,.T.);
#1328 = VERTEX_POINT('',#1329);
#1329 = CARTESIAN_POINT('',(750.,3.3E+03,9.15E+03));
#1330 = LINE('',#1331,#1332);
#1331 = CARTESIAN_POINT('',(750.,3.3E+03,-1.1E+04));
#1332 = VECTOR('',#1333,1.);
#1333 = DIRECTION('',(0.,0.,1.));
#1334 = ORIENTED_EDGE('',*,*,#1335,.F.);
#1335 = EDGE_CURVE('',#1312,#1328,#1336,.T.);
#1336 = LINE('',#1337,#1338);
#1337 = CARTESIAN_POINT('',(750.,1.8E+03,9.15E+03));
#1338 = VECTOR('',#1339,1.);
#1339 = DIRECTION('',(0.,1.,0.));
#1340 = PLANE('',#1341);
#1341 = AXIS2_PLACEMENT_3D('',#1342,#1343,#1344);
#1342 = CARTESIAN_POINT('',(750.,1.8E+03,-1.1E+04));
#1343 = DIRECTION('',(1.,0.,0.));
#1344 = DIRECTION('',(0.,0.,1.));
#1345 = ADVANCED_FACE('',(#1346),#1362,.F.);
#1346 = FACE_BOUND('',#1347,.F.);
#1347 = EDGE_LOOP('',(#1348,#1354,#1355,#1361));
#1348 = ORIENTED_EDGE('',*,*,#1349,.F.);
#1349 = EDGE_CURVE('',#1270,#1310,#1350,.T.);
#1350 = LINE('',#1351,#1352);
#1351 = CARTESIAN_POINT('',(-750.,1.8E+03,-1.1E+04));
#1352 = VECTOR('',#1353,1.);
#1353 = DIRECTION('',(1.,0.,0.));
#1354 = ORIENTED_EDGE('',*,*,#1269,.T.);
#1355 = ORIENTED_EDGE('',*,*,#1356,.T.);
#1356 = EDGE_CURVE('',#1272,#1312,#1357,.T.);
#1357 = LINE('',#1358,#1359);
#1358 = CARTESIAN_POINT('',(-750.,1.8E+03,9.15E+03));
#1359 = VECTOR('',#1360,1.);
#1360 = DIRECTION('',(1.,0.,0.));
#1361 = ORIENTED_EDGE('',*,*,#1309,.F.);
#1362 = PLANE('',#1363);
#1363 = AXIS2_PLACEMENT_3D('',#1364,#1365,#1366);
#1364 = CARTESIAN_POINT('',(-750.,1.8E+03,-1.1E+04));
#1365 = DIRECTION('',(0.,1.,0.));
#1366 = DIRECTION('',(0.,0.,1.));
#1367 = ADVANCED_FACE('',(#1368),#1384,.T.);
#1368 = FACE_BOUND('',#1369,.T.);
#1369 = EDGE_LOOP('',(#1370,#1376,#1377,#1383));
#1370 = ORIENTED_EDGE('',*,*,#1371,.F.);
#1371 = EDGE_CURVE('',#1280,#1320,#1372,.T.);
#1372 = LINE('',#1373,#1374);
#1373 = CARTESIAN_POINT('',(-750.,3.3E+03,-1.1E+04));
#1374 = VECTOR('',#1375,1.);
#1375 = DIRECTION('',(1.,0.,0.));
#1376 = ORIENTED_EDGE('',*,*,#1287,.T.);
#1377 = ORIENTED_EDGE('',*,*,#1378,.T.);
#1378 = EDGE_CURVE('',#1288,#1328,#1379,.T.);
#1379 = LINE('',#1380,#1381);
#1380 = CARTESIAN_POINT('',(-750.,3.3E+03,9.15E+03));
#1381 = VECTOR('',#1382,1.);
#1382 = DIRECTION('',(1.,0.,0.));
#1383 = ORIENTED_EDGE('',*,*,#1327,.F.);
#1384 = PLANE('',#1385);
#1385 = AXIS2_PLACEMENT_3D('',#1386,#1387,#1388);
#1386 = CARTESIAN_POINT('',(-750.,3.3E+03,-1.1E+04));
#1387 = DIRECTION('',(0.,1.,0.));
#1388 = DIRECTION('',(0.,0.,1.));
#1389 = ADVANCED_FACE('',(#1390),#1396,.F.);
#1390 = FACE_BOUND('',#1391,.F.);
#1391 = EDGE_LOOP('',(#1392,#1393,#1394,#1395));
#1392 = ORIENTED_EDGE('',*,*,#1279,.F.);
#1393 = ORIENTED_EDGE('',*,*,#1349,.T.);
#1394 = ORIENTED_EDGE('',*,*,#1319,.T.);
#1395 = ORIENTED_EDGE('',*,*,#1371,.F.);
#1396 = PLANE('',#1397);
#1397 = AXIS2_PLACEMENT_3D('',#1398,#1399,#1400);
#1398 = CARTESIAN_POINT('',(-750.,1.8E+03,-1.1E+04));
#1399 = DIRECTION('',(0.,0.,1.));
#1400 = DIRECTION('',(1.,0.,0.));
#1401 = ADVANCED_FACE('',(#1402),#1408,.T.);
#1402 = FACE_BOUND('',#1403,.T.);
#1403 = EDGE_LOOP('',(#1404,#1405,#1406,#1407));
#1404 = ORIENTED_EDGE('',*,*,#1295,.F.);
#1405 = ORIENTED_EDGE('',*,*,#1356,.T.);
#1406 = ORIENTED_EDGE('',*,*,#1335,.T.);
#1407 = ORIENTED_EDGE('',*,*,#1378,.F.);
#1408 = PLANE('',#1409);
#1409 = AXIS2_PLACEMENT_3D('',#1410,#1411,#1412);
#1410 = CARTESIAN_POINT('',(-750.,1.8E+03,9.15E+03));
#1411 = DIRECTION('',(0.,0.,1.));
#1412 = DIRECTION('',(1.,0.,0.));
#1413 = MANIFOLD_SOLID_BREP('',#1414);
#1414 = CLOSED_SHELL('',(#1415,#1455,#1495,#1517,#1539,#1551));
#1415 = ADVANCED_FACE('',(#1416),#1450,.F.);
#1416 = FACE_BOUND('',#1417,.F.);
#1417 = EDGE_LOOP('',(#1418,#1428,#1436,#1444));
#1418 = ORIENTED_EDGE('',*,*,#1419,.F.);
#1419 = EDGE_CURVE('',#1420,#1422,#1424,.T.);
#1420 = VERTEX_POINT('',#1421);
#1421 = CARTESIAN_POINT('',(-850.,1.7E+03,-1.1E+04));
#1422 = VERTEX_POINT('',#1423);
#1423 = CARTESIAN_POINT('',(-850.,1.7E+03,-9.E+03));
#1424 = LINE('',#1425,#1426);
#1425 = CARTESIAN_POINT('',(-850.,1.7E+03,-1.1E+04));
#1426 = VECTOR('',#1427,1.);
#1427 = DIRECTION('',(0.,0.,1.));
#1428 = ORIENTED_EDGE('',*,*,#1429,.T.);
#1429 = EDGE_CURVE('',#1420,#1430,#1432,.T.);
#1430 = VERTEX_POINT('',#1431);
#1431 = CARTESIAN_POINT('',(-850.,3.4E+03,-1.1E+04));
#1432 = LINE('',#1433,#1434);
#1433 = CARTESIAN_POINT('',(-850.,1.7E+03,-1.1E+04));
#1434 = VECTOR('',#1435,1.);
#1435 = DIRECTION('',(0.,1.,0.));
#1436 = ORIENTED_EDGE('',*,*,#1437,.T.);
#1437 = EDGE_CURVE('',#1430,#1438,#1440,.T.);
#1438 = VERTEX_POINT('',#1439);
#1439 = CARTESIAN_POINT('',(-850.,3.4E+03,-9.E+03));
#1440 = LINE('',#1441,#1442);
#1441 = CARTESIAN_POINT('',(-850.,3.4E+03,-1.1E+04));
#1442 = VECTOR('',#1443,1.);
#1443 = DIRECTION('',(0.,0.,1.));
#1444 = ORIENTED_EDGE('',*,*,#1445,.F.);
#1445 = EDGE_CURVE('',#1422,#1438,#1446,.T.);
#1446 = LINE('',#1447,#1448);
#1447 = CARTESIAN_POINT('',(-850.,1.7E+03,-9.E+03));
#1448 = VECTOR('',#1449,1.);
#1449 = DIRECTION('',(0.,1.,0.));
#1450 = PLANE('',#1451);
#1451 = AXIS2_PLACEMENT_3D('',#1452,#1453,#1454);
#1452 = CARTESIAN_POINT('',(-850.,1.7E+03,-1.1E+04));
#1453 = DIRECTION('',(1.,0.,0.));
#1454 = DIRECTION('',(0.,0.,1.));
#1455 = ADVANCED_FACE('',(#1456),#1490,.T.);
#1456 = FACE_BOUND('',#1457,.T.);
#1457 = EDGE_LOOP('',(#1458,#1468,#1476,#1484));
#1458 = ORIENTED_EDGE('',*,*,#1459,.F.);
#1459 = EDGE_CURVE('',#1460,#1462,#1464,.T.);
#1460 = VERTEX_POINT('',#1461);
#1461 = CARTESIAN_POINT('',(850.,1.7E+03,-1.1E+04));
#1462 = VERTEX_POINT('',#1463);
#1463 = CARTESIAN_POINT('',(850.,1.7E+03,-9.E+03));
#1464 = LINE('',#1465,#1466);
#1465 = CARTESIAN_POINT('',(850.,1.7E+03,-1.1E+04));
#1466 = VECTOR('',#1467,1.);
#1467 = DIRECTION('',(0.,0.,1.));
#1468 = ORIENTED_EDGE('',*,*,#1469,.T.);
#1469 = EDGE_CURVE('',#1460,#1470,#1472,.T.);
#1470 = VERTEX_POINT('',#1471);
#1471 = CARTESIAN_POINT('',(850.,3.4E+03,-1.1E+04));
#1472 = LINE('',#1473,#1474);
#1473 = CARTESIAN_POINT('',(850.,1.7E+03,-1.1E+04));
#1474 = VECTOR('',#1475,1.);
#1475 = DIRECTION('',(0.,1.,0.));
#1476 = ORIENTED_EDGE('',*,*,#1477,.T.);
#1477 = EDGE_CURVE('',#1470,#1478,#1480,.T.);
#1478 = VERTEX_POINT('',#1479);
#1479 = CARTESIAN_POINT('',(850.,3.4E+03,-9.E+03));
#1480 = LINE('',#1481,#1482);
#1481 = CARTESIAN_POINT('',(850.,3.4E+03,-1.1E+04));
#1482 = VECTOR('',#1483,1.);
#1483 = DIRECTION('',(0.,0.,1.));
#1484 = ORIENTED_EDGE('',*,*,#1485,.F.);
#1485 = EDGE_CURVE('',#1462,#1478,#1486,.T.);
#1486 = LINE('',#1487,#1488);
#1487 = CARTESIAN_POINT('',(850.,1.7E+03,-9.E+03));
#1488 = VECTOR('',#1489,1.);
#1489 = DIRECTION('',(0.,1.,0.));
#1490 = PLANE('',#1491);
#1491 = AXIS2_PLACEMENT_3D('',#1492,#1493,#1494);
#1492 = CARTESIAN_POINT('',(850.,1.7E+03,-1.1E+04));
#1493 = DIRECTION('',(1.,0.,0.));
#1494 = DIRECTION('',(0.,0.,1.));
#1495 = ADVANCED_FACE('',(#1496),#1512,.F.);
#1496 = FACE_BOUND('',#1497,.F.);
#1497 = EDGE_LOOP('',(#1498,#1504,#1505,#1511));
#1498 = ORIENTED_EDGE('',*,*,#1499,.F.);
#1499 = EDGE_CURVE('',#1420,#1460,#1500,.T.);
#1500 = LINE('',#1501,#1502);
#1501 = CARTESIAN_POINT('',(-850.,1.7E+03,-1.1E+04));
#1502 = VECTOR('',#1503,1.);
#1503 = DIRECTION('',(1.,0.,0.));
#1504 = ORIENTED_EDGE('',*,*,#1419,.T.);
#1505 = ORIENTED_EDGE('',*,*,#1506,.T.);
#1506 = EDGE_CURVE('',#1422,#1462,#1507,.T.);
#1507 = LINE('',#1508,#1509);
#1508 = CARTESIAN_POINT('',(-850.,1.7E+03,-9.E+03));
#1509 = VECTOR('',#1510,1.);
#1510 = DIRECTION('',(1.,0.,0.));
#1511 = ORIENTED_EDGE('',*,*,#1459,.F.);
#1512 = PLANE('',#1513);
#1513 = AXIS2_PLACEMENT_3D('',#1514,#1515,#1516);
#1514 = CARTESIAN_POINT('',(-850.,1.7E+03,-1.1E+04));
#1515 = DIRECTION('',(0.,1.,0.));
#1516 = DIRECTION('',(0.,0.,1.));
#1517 = ADVANCED_FACE('',(#1518),#1534,.T.);
#1518 = FACE_BOUND('',#1519,.T.);
#1519 = EDGE_LOOP('',(#1520,#1526,#1527,#1533));
#1520 = ORIENTED_EDGE('',*,*,#1521,.F.);
#1521 = EDGE_CURVE('',#1430,#1470,#1522,.T.);
#1522 = LINE('',#1523,#1524);
#1523 = CARTESIAN_POINT('',(-850.,3.4E+03,-1.1E+04));
#1524 = VECTOR('',#1525,1.);
#1525 = DIRECTION('',(1.,0.,0.));
#1526 = ORIENTED_EDGE('',*,*,#1437,.T.);
#1527 = ORIENTED_EDGE('',*,*,#1528,.T.);
#1528 = EDGE_CURVE('',#1438,#1478,#1529,.T.);
#1529 = LINE('',#1530,#1531);
#1530 = CARTESIAN_POINT('',(-850.,3.4E+03,-9.E+03));
#1531 = VECTOR('',#1532,1.);
#1532 = DIRECTION('',(1.,0.,0.));
#1533 = ORIENTED_EDGE('',*,*,#1477,.F.);
#1534 = PLANE('',#1535);
#1535 = AXIS2_PLACEMENT_3D('',#1536,#1537,#1538);
#1536 = CARTESIAN_POINT('',(-850.,3.4E+03,-1.1E+04));
#1537 = DIRECTION('',(0.,1.,0.));
#1538 = DIRECTION('',(0.,0.,1.));
#1539 = ADVANCED_FACE('',(#1540),#1546,.F.);
#1540 = FACE_BOUND('',#1541,.F.);
#1541 = EDGE_LOOP('',(#1542,#1543,#1544,#1545));
#1542 = ORIENTED_EDGE('',*,*,#1429,.F.);
#1543 = ORIENTED_EDGE('',*,*,#1499,.T.);
#1544 = ORIENTED_EDGE('',*,*,#1469,.T.);
#1545 = ORIENTED_EDGE('',*,*,#1521,.F.);
#1546 = PLANE('',#1547);
#1547 = AXIS2_PLACEMENT_3D('',#1548,#1549,#1550);
#1548 = CARTESIAN_POINT('',(-850.,1.7E+03,-1.1E+04));
#1549 = DIRECTION('',(0.,0.,1.));
#1550 = DIRECTION('',(1.,0.,0.));
#1551 = ADVANCED_FACE('',(#1552),#1558,.T.);
#1552 = FACE_BOUND('',#1553,.T.);
#1553 = EDGE_LOOP('',(#1554,#1555,#1556,#1557));
#1554 = ORIENTED_EDGE('',*,*,#1445,.F.);
#1555 = ORIENTED_EDGE('',*,*,#1506,.T.);
#1556 = ORIENTED_EDGE('',*,*,#1485,.T.);
#1557 = ORIENTED_EDGE('',*,*,#1528,.F.);
#1558 = PLANE('',#1559);
#1559 = AXIS2_PLACEMENT_3D('',#1560,#1561,#1562);
#1560 = CARTESIAN_POINT('',(-850.,1.7E+03,-9.E+03));
#1561 = DIRECTION('',(0.,0.,1.));
#1562 = DIRECTION('',(1.,0.,0.));
#1563 = MANIFOLD_SOLID_BREP('',#1564);
#1564 = CLOSED_SHELL('',(#1565,#1605,#1645,#1667,#1689,#1701));
#1565 = ADVANCED_FACE('',(#1566),#1600,.F.);
#1566 = FACE_BOUND('',#1567,.F.);
#1567 = EDGE_LOOP('',(#1568,#1578,#1586,#1594));
#1568 = ORIENTED_EDGE('',*,*,#1569,.F.);
#1569 = EDGE_CURVE('',#1570,#1572,#1574,.T.);
#1570 = VERTEX_POINT('',#1571);
#1571 = CARTESIAN_POINT('',(8.125E+04,-3.3E+03,-1.1E+04));
#1572 = VERTEX_POINT('',#1573);
#1573 = CARTESIAN_POINT('',(8.125E+04,-3.3E+03,9.15E+03));
#1574 = LINE('',#1575,#1576);
#1575 = CARTESIAN_POINT('',(8.125E+04,-3.3E+03,-1.1E+04));
#1576 = VECTOR('',#1577,1.);
#1577 = DIRECTION('',(0.,0.,1.));
#1578 = ORIENTED_EDGE('',*,*,#1579,.T.);
#1579 = EDGE_CURVE('',#1570,#1580,#1582,.T.);
#1580 = VERTEX_POINT('',#1581);
#1581 = CARTESIAN_POINT('',(8.125E+04,-1.8E+03,-1.1E+04));
#1582 = LINE('',#1583,#1584);
#1583 = CARTESIAN_POINT('',(8.125E+04,-3.3E+03,-1.1E+04));
#1584 = VECTOR('',#1585,1.);
#1585 = DIRECTION('',(0.,1.,0.));
#1586 = ORIENTED_EDGE('',*,*,#1587,.T.);
#1587 = EDGE_CURVE('',#1580,#1588,#1590,.T.);
#1588 = VERTEX_POINT('',#1589);
#1589 = CARTESIAN_POINT('',(8.125E+04,-1.8E+03,9.15E+03));
#1590 = LINE('',#1591,#1592);
#1591 = CARTESIAN_POINT('',(8.125E+04,-1.8E+03,-1.1E+04));
#1592 = VECTOR('',#1593,1.);
#1593 = DIRECTION('',(0.,0.,1.));
#1594 = ORIENTED_EDGE('',*,*,#1595,.F.);
#1595 = EDGE_CURVE('',#1572,#1588,#1596,.T.);
#1596 = LINE('',#1597,#1598);
#1597 = CARTESIAN_POINT('',(8.125E+04,-3.3E+03,9.15E+03));
#1598 = VECTOR('',#1599,1.);
#1599 = DIRECTION('',(0.,1.,0.));
#1600 = PLANE('',#1601);
#1601 = AXIS2_PLACEMENT_3D('',#1602,#1603,#1604);
#1602 = CARTESIAN_POINT('',(8.125E+04,-3.3E+03,-1.1E+04));
#1603 = DIRECTION('',(1.,0.,0.));
#1604 = DIRECTION('',(0.,0.,1.));
#1605 = ADVANCED_FACE('',(#1606),#1640,.T.);
#1606 = FACE_BOUND('',#1607,.T.);
#1607 = EDGE_LOOP('',(#1608,#1618,#1626,#1634));
#1608 = ORIENTED_EDGE('',*,*,#1609,.F.);
#1609 = EDGE_CURVE('',#1610,#1612,#1614,.T.);
#1610 = VERTEX_POINT('',#1611);
#1611 = CARTESIAN_POINT('',(8.275E+04,-3.3E+03,-1.1E+04));
#1612 = VERTEX_POINT('',#1613);
#1613 = CARTESIAN_POINT('',(8.275E+04,-3.3E+03,9.15E+03));
#1614 = LINE('',#1615,#1616);
#1615 = CARTESIAN_POINT('',(8.275E+04,-3.3E+03,-1.1E+04));
#1616 = VECTOR('',#1617,1.);
#1617 = DIRECTION('',(0.,0.,1.));
#1618 = ORIENTED_EDGE('',*,*,#1619,.T.);
#1619 = EDGE_CURVE('',#1610,#1620,#1622,.T.);
#1620 = VERTEX_POINT('',#1621);
#1621 = CARTESIAN_POINT('',(8.275E+04,-1.8E+03,-1.1E+04));
#1622 = LINE('',#1623,#1624);
#1623 = CARTESIAN_POINT('',(8.275E+04,-3.3E+03,-1.1E+04));
#1624 = VECTOR('',#1625,1.);
#1625 = DIRECTION('',(0.,1.,0.));
#1626 = ORIENTED_EDGE('',*,*,#1627,.T.);
#1627 = EDGE_CURVE('',#1620,#1628,#1630,.T.);
#1628 = VERTEX_POINT('',#1629);
#1629 = CARTESIAN_POINT('',(8.275E+04,-1.8E+03,9.15E+03));
#1630 = LINE('',#1631,#1632);
#1631 = CARTESIAN_POINT('',(8.275E+04,-1.8E+03,-1.1E+04));
#1632 = VECTOR('',#1633,1.);
#1633 = DIRECTION('',(0.,0.,1.));
#1634 = ORIENTED_EDGE('',*,*,#1635,.F.);
#1635 = EDGE_CURVE('',#1612,#1628,#1636,.T.);
#1636 = LINE('',#1637,#1638);
#1637 = CARTESIAN_POINT('',(8.275E+04,-3.3E+03,9.15E+03));
#1638 = VECTOR('',#1639,1.);
#1639 = DIRECTION('',(0.,1.,0.));
#1640 = PLANE('',#1641);
#1641 = AXIS2_PLACEMENT_3D('',#1642,#1643,#1644);
#1642 = CARTESIAN_POINT('',(8.275E+04,-3.3E+03,-1.1E+04));
#1643 = DIRECTION('',(1.,0.,0.));
#1644 = DIRECTION('',(0.,0.,1.));
#1645 = ADVANCED_FACE('',(#1646),#1662,.F.);
#1646 = FACE_BOUND('',#1647,.F.);
#1647 = EDGE_LOOP('',(#1648,#1654,#1655,#1661));
#1648 = ORIENTED_EDGE('',*,*,#1649,.F.);
#1649 = EDGE_CURVE('',#1570,#1610,#1650,.T.);
#1650 = LINE('',#1651,#1652);
#1651 = CARTESIAN_POINT('',(8.125E+04,-3.3E+03,-1.1E+04));
#1652 = VECTOR('',#1653,1.);
#1653 = DIRECTION('',(1.,0.,0.));
#1654 = ORIENTED_EDGE('',*,*,#1569,.T.);
#1655 = ORIENTED_EDGE('',*,*,#1656,.T.);
#1656 = EDGE_CURVE('',#1572,#1612,#1657,.T.);
#1657 = LINE('',#1658,#1659);
#1658 = CARTESIAN_POINT('',(8.125E+04,-3.3E+03,9.15E+03));
#1659 = VECTOR('',#1660,1.);
#1660 = DIRECTION('',(1.,0.,0.));
#1661 = ORIENTED_EDGE('',*,*,#1609,.F.);
#1662 = PLANE('',#1663);
#1663 = AXIS2_PLACEMENT_3D('',#1664,#1665,#1666);
#1664 = CARTESIAN_POINT('',(8.125E+04,-3.3E+03,-1.1E+04));
#1665 = DIRECTION('',(0.,1.,0.));
#1666 = DIRECTION('',(0.,0.,1.));
#1667 = ADVANCED_FACE('',(#1668),#1684,.T.);
#1668 = FACE_BOUND('',#1669,.T.);
#1669 = EDGE_LOOP('',(#1670,#1676,#1677,#1683));
#1670 = ORIENTED_EDGE('',*,*,#1671,.F.);
#1671 = EDGE_CURVE('',#1580,#1620,#1672,.T.);
#1672 = LINE('',#1673,#1674);
#1673 = CARTESIAN_POINT('',(8.125E+04,-1.8E+03,-1.1E+04));
#1674 = VECTOR('',#1675,1.);
#1675 = DIRECTION('',(1.,0.,0.));
#1676 = ORIENTED_EDGE('',*,*,#1587,.T.);
#1677 = ORIENTED_EDGE('',*,*,#1678,.T.);
#1678 = EDGE_CURVE('',#1588,#1628,#1679,.T.);
#1679 = LINE('',#1680,#1681);
#1680 = CARTESIAN_POINT('',(8.125E+04,-1.8E+03,9.15E+03));
#1681 = VECTOR('',#1682,1.);
#1682 = DIRECTION('',(1.,0.,0.));
#1683 = ORIENTED_EDGE('',*,*,#1627,.F.);
#1684 = PLANE('',#1685);
#1685 = AXIS2_PLACEMENT_3D('',#1686,#1687,#1688);
#1686 = CARTESIAN_POINT('',(8.125E+04,-1.8E+03,-1.1E+04));
#1687 = DIRECTION('',(0.,1.,0.));
#1688 = DIRECTION('',(0.,0.,1.));
#1689 = ADVANCED_FACE('',(#1690),#1696,.F.);
#1690 = FACE_BOUND('',#1691,.F.);
#1691 = EDGE_LOOP('',(#1692,#1693,#1694,#1695));
#1692 = ORIENTED_EDGE('',*,*,#1579,.F.);
#1693 = ORIENTED_EDGE('',*,*,#1649,.T.);
#1694 = ORIENTED_EDGE('',*,*,#1619,.T.);
#1695 = ORIENTED_EDGE('',*,*,#1671,.F.);
#1696 = PLANE('',#1697);
#1697 = AXIS2_PLACEMENT_3D('',#1698,#1699,#1700);
#1698 = CARTESIAN_POINT('',(8.125E+04,-3.3E+03,-1.1E+04));
#1699 = DIRECTION('',(0.,0.,1.));
#1700 = DIRECTION('',(1.,0.,0.));
#1701 = ADVANCED_FACE('',(#1702),#1708,.T.);
#1702 = FACE_BOUND('',#1703,.T.);
#1703 = EDGE_LOOP('',(#1704,#1705,#1706,#1707));
#1704 = ORIENTED_EDGE('',*,*,#1595,.F.);
#1705 = ORIENTED_EDGE('',*,*,#1656,.T.);
#1706 = ORIENTED_EDGE('',*,*,#1635,.T.);
#1707 = ORIENTED_EDGE('',*,*,#1678,.F.);
#1708 = PLANE('',#1709);
#1709 = AXIS2_PLACEMENT_3D('',#1710,#1711,#1712);
#1710 = CARTESIAN_POINT('',(8.125E+04,-3.3E+03,9.15E+03));
#1711 = DIRECTION('',(0.,0.,1.));
#1712 = DIRECTION('',(1.,0.,0.));
#1713 = MANIFOLD_SOLID_BREP('',#1714);
#1714 = CLOSED_SHELL('',(#1715,#1755,#1795,#1817,#1839,#1851));
#1715 = ADVANCED_FACE('',(#1716),#1750,.F.);
#1716 = FACE_BOUND('',#1717,.F.);
#1717 = EDGE_LOOP('',(#1718,#1728,#1736,#1744));
#1718 = ORIENTED_EDGE('',*,*,#1719,.F.);
#1719 = EDGE_CURVE('',#1720,#1722,#1724,.T.);
#1720 = VERTEX_POINT('',#1721);
#1721 = CARTESIAN_POINT('',(8.115E+04,-3.4E+03,-1.1E+04));
#1722 = VERTEX_POINT('',#1723);
#1723 = CARTESIAN_POINT('',(8.115E+04,-3.4E+03,-9.E+03));
#1724 = LINE('',#1725,#1726);
#1725 = CARTESIAN_POINT('',(8.115E+04,-3.4E+03,-1.1E+04));
#1726 = VECTOR('',#1727,1.);
#1727 = DIRECTION('',(0.,0.,1.));
#1728 = ORIENTED_EDGE('',*,*,#1729,.T.);
#1729 = EDGE_CURVE('',#1720,#1730,#1732,.T.);
#1730 = VERTEX_POINT('',#1731);
#1731 = CARTESIAN_POINT('',(8.115E+04,-1.7E+03,-1.1E+04));
#1732 = LINE('',#1733,#1734);
#1733 = CARTESIAN_POINT('',(8.115E+04,-3.4E+03,-1.1E+04));
#1734 = VECTOR('',#1735,1.);
#1735 = DIRECTION('',(0.,1.,0.));
#1736 = ORIENTED_EDGE('',*,*,#1737,.T.);
#1737 = EDGE_CURVE('',#1730,#1738,#1740,.T.);
#1738 = VERTEX_POINT('',#1739);
#1739 = CARTESIAN_POINT('',(8.115E+04,-1.7E+03,-9.E+03));
#1740 = LINE('',#1741,#1742);
#1741 = CARTESIAN_POINT('',(8.115E+04,-1.7E+03,-1.1E+04));
#1742 = VECTOR('',#1743,1.);
#1743 = DIRECTION('',(0.,0.,1.));
#1744 = ORIENTED_EDGE('',*,*,#1745,.F.);
#1745 = EDGE_CURVE('',#1722,#1738,#1746,.T.);
#1746 = LINE('',#1747,#1748);
#1747 = CARTESIAN_POINT('',(8.115E+04,-3.4E+03,-9.E+03));
#1748 = VECTOR('',#1749,1.);
#1749 = DIRECTION('',(0.,1.,0.));
#1750 = PLANE('',#1751);
#1751 = AXIS2_PLACEMENT_3D('',#1752,#1753,#1754);
#1752 = CARTESIAN_POINT('',(8.115E+04,-3.4E+03,-1.1E+04));
#1753 = DIRECTION('',(1.,0.,0.));
#1754 = DIRECTION('',(0.,0.,1.));
#1755 = ADVANCED_FACE('',(#1756),#1790,.T.);
#1756 = FACE_BOUND('',#1757,.T.);
#1757 = EDGE_LOOP('',(#1758,#1768,#1776,#1784));
#1758 = ORIENTED_EDGE('',*,*,#1759,.F.);
#1759 = EDGE_CURVE('',#1760,#1762,#1764,.T.);
#1760 = VERTEX_POINT('',#1761);
#1761 = CARTESIAN_POINT('',(8.285E+04,-3.4E+03,-1.1E+04));
#1762 = VERTEX_POINT('',#1763);
#1763 = CARTESIAN_POINT('',(8.285E+04,-3.4E+03,-9.E+03));
#1764 = LINE('',#1765,#1766);
#1765 = CARTESIAN_POINT('',(8.285E+04,-3.4E+03,-1.1E+04));
#1766 = VECTOR('',#1767,1.);
#1767 = DIRECTION('',(0.,0.,1.));
#1768 = ORIENTED_EDGE('',*,*,#1769,.T.);
#1769 = EDGE_CURVE('',#1760,#1770,#1772,.T.);
#1770 = VERTEX_POINT('',#1771);
#1771 = CARTESIAN_POINT('',(8.285E+04,-1.7E+03,-1.1E+04));
#1772 = LINE('',#1773,#1774);
#1773 = CARTESIAN_POINT('',(8.285E+04,-3.4E+03,-1.1E+04));
#1774 = VECTOR('',#1775,1.);
#1775 = DIRECTION('',(0.,1.,0.));
#1776 = ORIENTED_EDGE('',*,*,#1777,.T.);
#1777 = EDGE_CURVE('',#1770,#1778,#1780,.T.);
#1778 = VERTEX_POINT('',#1779);
#1779 = CARTESIAN_POINT('',(8.285E+04,-1.7E+03,-9.E+03));
#1780 = LINE('',#1781,#1782);
#1781 = CARTESIAN_POINT('',(8.285E+04,-1.7E+03,-1.1E+04));
#1782 = VECTOR('',#1783,1.);
#1783 = DIRECTION('',(0.,0.,1.));
#1784 = ORIENTED_EDGE('',*,*,#1785,.F.);
#1785 = EDGE_CURVE('',#1762,#1778,#1786,.T.);
#1786 = LINE('',#1787,#1788);
#1787 = CARTESIAN_POINT('',(8.285E+04,-3.4E+03,-9.E+03));
#1788 = VECTOR('',#1789,1.);
#1789 = DIRECTION('',(0.,1.,0.));
#1790 = PLANE('',#1791);
#1791 = AXIS2_PLACEMENT_3D('',#1792,#1793,#1794);
#1792 = CARTESIAN_POINT('',(8.285E+04,-3.4E+03,-1.1E+04));
#1793 = DIRECTION('',(1.,0.,0.));
#1794 = DIRECTION('',(0.,0.,1.));
#1795 = ADVANCED_FACE('',(#1796),#1812,.F.);
#1796 = FACE_BOUND('',#1797,.F.);
#1797 = EDGE_LOOP('',(#1798,#1804,#1805,#1811));
#1798 = ORIENTED_EDGE('',*,*,#1799,.F.);
#1799 = EDGE_CURVE('',#1720,#1760,#1800,.T.);
#1800 = LINE('',#1801,#1802);
#1801 = CARTESIAN_POINT('',(8.115E+04,-3.4E+03,-1.1E+04));
#1802 = VECTOR('',#1803,1.);
#1803 = DIRECTION('',(1.,0.,0.));
#1804 = ORIENTED_EDGE('',*,*,#1719,.T.);
#1805 = ORIENTED_EDGE('',*,*,#1806,.T.);
#1806 = EDGE_CURVE('',#1722,#1762,#1807,.T.);
#1807 = LINE('',#1808,#1809);
#1808 = CARTESIAN_POINT('',(8.115E+04,-3.4E+03,-9.E+03));
#1809 = VECTOR('',#1810,1.);
#1810 = DIRECTION('',(1.,0.,0.));
#1811 = ORIENTED_EDGE('',*,*,#1759,.F.);
#1812 = PLANE('',#1813);
#1813 = AXIS2_PLACEMENT_3D('',#1814,#1815,#1816);
#1814 = CARTESIAN_POINT('',(8.115E+04,-3.4E+03,-1.1E+04));
#1815 = DIRECTION('',(0.,1.,0.));
#1816 = DIRECTION('',(0.,0.,1.));
#1817 = ADVANCED_FACE('',(#1818),#1834,.T.);
#1818 = FACE_BOUND('',#1819,.T.);
#1819 = EDGE_LOOP('',(#1820,#1826,#1827,#1833));
#1820 = ORIENTED_EDGE('',*,*,#1821,.F.);
#1821 = EDGE_CURVE('',#1730,#1770,#1822,.T.);
#1822 = LINE('',#1823,#1824);
#1823 = CARTESIAN_POINT('',(8.115E+04,-1.7E+03,-1.1E+04));
#1824 = VECTOR('',#1825,1.);
#1825 = DIRECTION('',(1.,0.,0.));
#1826 = ORIENTED_EDGE('',*,*,#1737,.T.);
#1827 = ORIENTED_EDGE('',*,*,#1828,.T.);
#1828 = EDGE_CURVE('',#1738,#1778,#1829,.T.);
#1829 = LINE('',#1830,#1831);
#1830 = CARTESIAN_POINT('',(8.115E+04,-1.7E+03,-9.E+03));
#1831 = VECTOR('',#1832,1.);
#1832 = DIRECTION('',(1.,0.,0.));
#1833 = ORIENTED_EDGE('',*,*,#1777,.F.);
#1834 = PLANE('',#1835);
#1835 = AXIS2_PLACEMENT_3D('',#1836,#1837,#1838);
#1836 = CARTESIAN_POINT('',(8.115E+04,-1.7E+03,-1.1E+04));
#1837 = DIRECTION('',(0.,1.,0.));
#1838 = DIRECTION('',(0.,0.,1.));
#1839 = ADVANCED_FACE('',(#1840),#1846,.F.);
#1840 = FACE_BOUND('',#1841,.F.);
#1841 = EDGE_LOOP('',(#1842,#1843,#1844,#1845));
#1842 = ORIENTED_EDGE('',*,*,#1729,.F.);
#1843 = ORIENTED_EDGE('',*,*,#1799,.T.);
#1844 = ORIENTED_EDGE('',*,*,#1769,.T.);
#1845 = ORIENTED_EDGE('',*,*,#1821,.F.);
#1846 = PLANE('',#1847);
#1847 = AXIS2_PLACEMENT_3D('',#1848,#1849,#1850);
#1848 = CARTESIAN_POINT('',(8.115E+04,-3.4E+03,-1.1E+04));
#1849 = DIRECTION('',(0.,0.,1.));
#1850 = DIRECTION('',(1.,0.,0.));
#1851 = ADVANCED_FACE('',(#1852),#1858,.T.);
#1852 = FACE_BOUND('',#1853,.T.);
#1853 = EDGE_LOOP('',(#1854,#1855,#1856,#1857));
#1854 = ORIENTED_EDGE('',*,*,#1745,.F.);
#1855 = ORIENTED_EDGE('',*,*,#1806,.T.);
#1856 = ORIENTED_EDGE('',*,*,#1785,.T.);
#1857 = ORIENTED_EDGE('',*,*,#1828,.F.);
#1858 = PLANE('',#1859);
#1859 = AXIS2_PLACEMENT_3D('',#1860,#1861,#1862);
#1860 = CARTESIAN_POINT('',(8.115E+04,-3.4E+03,-9.E+03));
#1861 = DIRECTION('',(0.,0.,1.));
#1862 = DIRECTION('',(1.,0.,0.));
#1863 = MANIFOLD_SOLID_BREP('',#1864);
#1864 = CLOSED_SHELL('',(#1865,#1905,#1945,#1967,#1989,#2001));
#1865 = ADVANCED_FACE('',(#1866),#1900,.F.);
#1866 = FACE_BOUND('',#1867,.F.);
#1867 = EDGE_LOOP('',(#1868,#1878,#1886,#1894));
#1868 = ORIENTED_EDGE('',*,*,#1869,.F.);
#1869 = EDGE_CURVE('',#1870,#1872,#1874,.T.);
#1870 = VERTEX_POINT('',#1871);
#1871 = CARTESIAN_POINT('',(8.125E+04,1.8E+03,-1.1E+04));
#1872 = VERTEX_POINT('',#1873);
#1873 = CARTESIAN_POINT('',(8.125E+04,1.8E+03,9.15E+03));
#1874 = LINE('',#1875,#1876);
#1875 = CARTESIAN_POINT('',(8.125E+04,1.8E+03,-1.1E+04));
#1876 = VECTOR('',#1877,1.);
#1877 = DIRECTION('',(0.,0.,1.));
#1878 = ORIENTED_EDGE('',*,*,#1879,.T.);
#1879 = EDGE_CURVE('',#1870,#1880,#1882,.T.);
#1880 = VERTEX_POINT('',#1881);
#1881 = CARTESIAN_POINT('',(8.125E+04,3.3E+03,-1.1E+04));
#1882 = LINE('',#1883,#1884);
#1883 = CARTESIAN_POINT('',(8.125E+04,1.8E+03,-1.1E+04));
#1884 = VECTOR('',#1885,1.);
#1885 = DIRECTION('',(0.,1.,0.));
#1886 = ORIENTED_EDGE('',*,*,#1887,.T.);
#1887 = EDGE_CURVE('',#1880,#1888,#1890,.T.);
#1888 = VERTEX_POINT('',#1889);
#1889 = CARTESIAN_POINT('',(8.125E+04,3.3E+03,9.15E+03));
#1890 = LINE('',#1891,#1892);
#1891 = CARTESIAN_POINT('',(8.125E+04,3.3E+03,-1.1E+04));
#1892 = VECTOR('',#1893,1.);
#1893 = DIRECTION('',(0.,0.,1.));
#1894 = ORIENTED_EDGE('',*,*,#1895,.F.);
#1895 = EDGE_CURVE('',#1872,#1888,#1896,.T.);
#1896 = LINE('',#1897,#1898);
#1897 = CARTESIAN_POINT('',(8.125E+04,1.8E+03,9.15E+03));
#1898 = VECTOR('',#1899,1.);
#1899 = DIRECTION('',(0.,1.,0.));
#1900 = PLANE('',#1901);
#1901 = AXIS2_PLACEMENT_3D('',#1902,#1903,#1904);
#1902 = CARTESIAN_POINT('',(8.125E+04,1.8E+03,-1.1E+04));
#1903 = DIRECTION('',(1.,0.,0.));
#1904 = DIRECTION('',(0.,0.,1.));
#1905 = ADVANCED_FACE('',(#1906),#1940,.T.);
#1906 = FACE_BOUND('',#1907,.T.);
#1907 = EDGE_LOOP('',(#1908,#1918,#1926,#1934));
#1908 = ORIENTED_EDGE('',*,*,#1909,.F.);
#1909 = EDGE_CURVE('',#1910,#1912,#1914,.T.);
#1910 = VERTEX_POINT('',#1911);
#1911 = CARTESIAN_POINT('',(8.275E+04,1.8E+03,-1.1E+04));
#1912 = VERTEX_POINT('',#1913);
#1913 = CARTESIAN_POINT('',(8.275E+04,1.8E+03,9.15E+03));
#1914 = LINE('',#1915,#1916);
#1915 = CARTESIAN_POINT('',(8.275E+04,1.8E+03,-1.1E+04));
#1916 = VECTOR('',#1917,1.);
#1917 = DIRECTION('',(0.,0.,1.));
#1918 = ORIENTED_EDGE('',*,*,#1919,.T.);
#1919 = EDGE_CURVE('',#1910,#1920,#1922,.T.);
#1920 = VERTEX_POINT('',#1921);
#1921 = CARTESIAN_POINT('',(8.275E+04,3.3E+03,-1.1E+04));
#1922 = LINE('',#1923,#1924);
#1923 = CARTESIAN_POINT('',(8.275E+04,1.8E+03,-1.1E+04));
#1924 = VECTOR('',#1925,1.);
#1925 = DIRECTION('',(0.,1.,0.));
#1926 = ORIENTED_EDGE('',*,*,#1927,.T.);
#1927 = EDGE_CURVE('',#1920,#1928,#1930,.T.);
#1928 = VERTEX_POINT('',#1929);
#1929 = CARTESIAN_POINT('',(8.275E+04,3.3E+03,9.15E+03));
#1930 = LINE('',#1931,#1932);
#1931 = CARTESIAN_POINT('',(8.275E+04,3.3E+03,-1.1E+04));
#1932 = VECTOR('',#1933,1.);
#1933 = DIRECTION('',(0.,0.,1.));
#1934 = ORIENTED_EDGE('',*,*,#1935,.F.);
#1935 = EDGE_CURVE('',#1912,#1928,#1936,.T.);
#1936 = LINE('',#1937,#1938);
#1937 = CARTESIAN_POINT('',(8.275E+04,1.8E+03,9.15E+03));
#1938 = VECTOR('',#1939,1.);
#1939 = DIRECTION('',(0.,1.,0.));
#1940 = PLANE('',#1941);
#1941 = AXIS2_PLACEMENT_3D('',#1942,#1943,#1944);
#1942 = CARTESIAN_POINT('',(8.275E+04,1.8E+03,-1.1E+04));
#1943 = DIRECTION('',(1.,0.,0.));
#1944 = DIRECTION('',(0.,0.,1.));
#1945 = ADVANCED_FACE('',(#1946),#1962,.F.);
#1946 = FACE_BOUND('',#1947,.F.);
#1947 = EDGE_LOOP('',(#1948,#1954,#1955,#1961));
#1948 = ORIENTED_EDGE('',*,*,#1949,.F.);
#1949 = EDGE_CURVE('',#1870,#1910,#1950,.T.);
#1950 = LINE('',#1951,#1952);
#1951 = CARTESIAN_POINT('',(8.125E+04,1.8E+03,-1.1E+04));
#1952 = VECTOR('',#1953,1.);
#1953 = DIRECTION('',(1.,0.,0.));
#1954 = ORIENTED_EDGE('',*,*,#1869,.T.);
#1955 = ORIENTED_EDGE('',*,*,#1956,.T.);
#1956 = EDGE_CURVE('',#1872,#1912,#1957,.T.);
#1957 = LINE('',#1958,#1959);
#1958 = CARTESIAN_POINT('',(8.125E+04,1.8E+03,9.15E+03));
#1959 = VECTOR('',#1960,1.);
#1960 = DIRECTION('',(1.,0.,0.));
#1961 = ORIENTED_EDGE('',*,*,#1909,.F.);
#1962 = PLANE('',#1963);
#1963 = AXIS2_PLACEMENT_3D('',#1964,#1965,#1966);
#1964 = CARTESIAN_POINT('',(8.125E+04,1.8E+03,-1.1E+04));
#1965 = DIRECTION('',(0.,1.,0.));
#1966 = DIRECTION('',(0.,0.,1.));
#1967 = ADVANCED_FACE('',(#1968),#1984,.T.);
#1968 = FACE_BOUND('',#1969,.T.);
#1969 = EDGE_LOOP('',(#1970,#1976,#1977,#1983));
#1970 = ORIENTED_EDGE('',*,*,#1971,.F.);
#1971 = EDGE_CURVE('',#1880,#1920,#1972,.T.);
#1972 = LINE('',#1973,#1974);
#1973 = CARTESIAN_POINT('',(8.125E+04,3.3E+03,-1.1E+04));
#1974 = VECTOR('',#1975,1.);
#1975 = DIRECTION('',(1.,0.,0.));
#1976 = ORIENTED_EDGE('',*,*,#1887,.T.);
#1977 = ORIENTED_EDGE('',*,*,#1978,.T.);
#1978 = EDGE_CURVE('',#1888,#1928,#1979,.T.);
#1979 = LINE('',#1980,#1981);
#1980 = CARTESIAN_POINT('',(8.125E+04,3.3E+03,9.15E+03));
#1981 = VECTOR('',#1982,1.);
#1982 = DIRECTION('',(1.,0.,0.));
#1983 = ORIENTED_EDGE('',*,*,#1927,.F.);
#1984 = PLANE('',#1985);
#1985 = AXIS2_PLACEMENT_3D('',#1986,#1987,#1988);
#1986 = CARTESIAN_POINT('',(8.125E+04,3.3E+03,-1.1E+04));
#1987 = DIRECTION('',(0.,1.,0.));
#1988 = DIRECTION('',(0.,0.,1.));
#1989 = ADVANCED_FACE('',(#1990),#1996,.F.);
#1990 = FACE_BOUND('',#1991,.F.);
#1991 = EDGE_LOOP('',(#1992,#1993,#1994,#1995));
#1992 = ORIENTED_EDGE('',*,*,#1879,.F.);
#1993 = ORIENTED_EDGE('',*,*,#1949,.T.);
#1994 = ORIENTED_EDGE('',*,*,#1919,.T.);
#1995 = ORIENTED_EDGE('',*,*,#1971,.F.);
#1996 = PLANE('',#1997);
#1997 = AXIS2_PLACEMENT_3D('',#1998,#1999,#2000);
#1998 = CARTESIAN_POINT('',(8.125E+04,1.8E+03,-1.1E+04));
#1999 = DIRECTION('',(0.,0.,1.));
#2000 = DIRECTION('',(1.,0.,0.));
#2001 = ADVANCED_FACE('',(#2002),#2008,.T.);
#2002 = FACE_BOUND('',#2003,.T.);
#2003 = EDGE_LOOP('',(#2004,#2005,#2006,#2007));
#2004 = ORIENTED_EDGE('',*,*,#1895,.F.);
#2005 = ORIENTED_EDGE('',*,*,#1956,.T.);
#2006 = ORIENTED_EDGE('',*,*,#1935,.T.);
#2007 = ORIENTED_EDGE('',*,*,#1978,.F.);
#2008 = PLANE('',#2009);
#2009 = AXIS2_PLACEMENT_3D('',#2010,#2011,#2012);
#2010 = CARTESIAN_POINT('',(8.125E+04,1.8E+03,9.15E+03));
#2011 = DIRECTION('',(0.,0.,1.));
#2012 = DIRECTION('',(1.,0.,0.));
#2013 = MANIFOLD_SOLID_BREP('',#2014);
#2014 = CLOSED_SHELL('',(#2015,#2055,#2095,#2117,#2139,#2151));
#2015 = ADVANCED_FACE('',(#2016),#2050,.F.);
#2016 = FACE_BOUND('',#2017,.F.);
#2017 = EDGE_LOOP('',(#2018,#2028,#2036,#2044));
#2018 = ORIENTED_EDGE('',*,*,#2019,.F.);
#2019 = EDGE_CURVE('',#2020,#2022,#2024,.T.);
#2020 = VERTEX_POINT('',#2021);
#2021 = CARTESIAN_POINT('',(8.115E+04,1.7E+03,-1.1E+04));
#2022 = VERTEX_POINT('',#2023);
#2023 = CARTESIAN_POINT('',(8.115E+04,1.7E+03,-9.E+03));
#2024 = LINE('',#2025,#2026);
#2025 = CARTESIAN_POINT('',(8.115E+04,1.7E+03,-1.1E+04));
#2026 = VECTOR('',#2027,1.);
#2027 = DIRECTION('',(0.,0.,1.));
#2028 = ORIENTED_EDGE('',*,*,#2029,.T.);
#2029 = EDGE_CURVE('',#2020,#2030,#2032,.T.);
#2030 = VERTEX_POINT('',#2031);
#2031 = CARTESIAN_POINT('',(8.115E+04,3.4E+03,-1.1E+04));
#2032 = LINE('',#2033,#2034);
#2033 = CARTESIAN_POINT('',(8.115E+04,1.7E+03,-1.1E+04));
#2034 = VECTOR('',#2035,1.);
#2035 = DIRECTION('',(0.,1.,0.));
#2036 = ORIENTED_EDGE('',*,*,#2037,.T.);
#2037 = EDGE_CURVE('',#2030,#2038,#2040,.T.);
#2038 = VERTEX_POINT('',#2039);
#2039 = CARTESIAN_POINT('',(8.115E+04,3.4E+03,-9.E+03));
#2040 = LINE('',#2041,#2042);
#2041 = CARTESIAN_POINT('',(8.115E+04,3.4E+03,-1.1E+04));
#2042 = VECTOR('',#2043,1.);
#2043 = DIRECTION('',(0.,0.,1.));
#2044 = ORIENTED_EDGE('',*,*,#2045,.F.);
#2045 = EDGE_CURVE('',#2022,#2038,#2046,.T.);
#2046 = LINE('',#2047,#2048);
#2047 = CARTESIAN_POINT('',(8.115E+04,1.7E+03,-9.E+03));
#2048 = VECTOR('',#2049,1.);
#2049 = DIRECTION('',(0.,1.,0.));
#2050 = PLANE('',#2051);
#2051 = AXIS2_PLACEMENT_3D('',#2052,#2053,#2054);
#2052 = CARTESIAN_POINT('',(8.115E+04,1.7E+03,-1.1E+04));
#2053 = DIRECTION('',(1.,0.,0.));
#2054 = DIRECTION('',(0.,0.,1.));
#2055 = ADVANCED_FACE('',(#2056),#2090,.T.);
#2056 = FACE_BOUND('',#2057,.T.);
#2057 = EDGE_LOOP('',(#2058,#2068,#2076,#2084));
#2058 = ORIENTED_EDGE('',*,*,#2059,.F.);
#2059 = EDGE_CURVE('',#2060,#2062,#2064,.T.);
#2060 = VERTEX_POINT('',#2061);
#2061 = CARTESIAN_POINT('',(8.285E+04,1.7E+03,-1.1E+04));
#2062 = VERTEX_POINT('',#2063);
#2063 = CARTESIAN_POINT('',(8.285E+04,1.7E+03,-9.E+03));
#2064 = LINE('',#2065,#2066);
#2065 = CARTESIAN_POINT('',(8.285E+04,1.7E+03,-1.1E+04));
#2066 = VECTOR('',#2067,1.);
#2067 = DIRECTION('',(0.,0.,1.));
#2068 = ORIENTED_EDGE('',*,*,#2069,.T.);
#2069 = EDGE_CURVE('',#2060,#2070,#2072,.T.);
#2070 = VERTEX_POINT('',#2071);
#2071 = CARTESIAN_POINT('',(8.285E+04,3.4E+03,-1.1E+04));
#2072 = LINE('',#2073,#2074);
#2073 = CARTESIAN_POINT('',(8.285E+04,1.7E+03,-1.1E+04));
#2074 = VECTOR('',#2075,1.);
#2075 = DIRECTION('',(0.,1.,0.));
#2076 = ORIENTED_EDGE('',*,*,#2077,.T.);
#2077 = EDGE_CURVE('',#2070,#2078,#2080,.T.);
#2078 = VERTEX_POINT('',#2079);
#2079 = CARTESIAN_POINT('',(8.285E+04,3.4E+03,-9.E+03));
#2080 = LINE('',#2081,#2082);
#2081 = CARTESIAN_POINT('',(8.285E+04,3.4E+03,-1.1E+04));
#2082 = VECTOR('',#2083,1.);
#2083 = DIRECTION('',(0.,0.,1.));
#2084 = ORIENTED_EDGE('',*,*,#2085,.F.);
#2085 = EDGE_CURVE('',#2062,#2078,#2086,.T.);
#2086 = LINE('',#2087,#2088);
#2087 = CARTESIAN_POINT('',(8.285E+04,1.7E+03,-9.E+03));
#2088 = VECTOR('',#2089,1.);
#2089 = DIRECTION('',(0.,1.,0.));
#2090 = PLANE('',#2091);
#2091 = AXIS2_PLACEMENT_3D('',#2092,#2093,#2094);
#2092 = CARTESIAN_POINT('',(8.285E+04,1.7E+03,-1.1E+04));
#2093 = DIRECTION('',(1.,0.,0.));
#2094 = DIRECTION('',(0.,0.,1.));
#2095 = ADVANCED_FACE('',(#2096),#2112,.F.);
#2096 = FACE_BOUND('',#2097,.F.);
#2097 = EDGE_LOOP('',(#2098,#2104,#2105,#2111));
#2098 = ORIENTED_EDGE('',*,*,#2099,.F.);
#2099 = EDGE_CURVE('',#2020,#2060,#2100,.T.);
#2100 = LINE('',#2101,#2102);
#2101 = CARTESIAN_POINT('',(8.115E+04,1.7E+03,-1.1E+04));
#2102 = VECTOR('',#2103,1.);
#2103 = DIRECTION('',(1.,0.,0.));
#2104 = ORIENTED_EDGE('',*,*,#2019,.T.);
#2105 = ORIENTED_EDGE('',*,*,#2106,.T.);
#2106 = EDGE_CURVE('',#2022,#2062,#2107,.T.);
#2107 = LINE('',#2108,#2109);
#2108 = CARTESIAN_POINT('',(8.115E+04,1.7E+03,-9.E+03));
#2109 = VECTOR('',#2110,1.);
#2110 = DIRECTION('',(1.,0.,0.));
#2111 = ORIENTED_EDGE('',*,*,#2059,.F.);
#2112 = PLANE('',#2113);
#2113 = AXIS2_PLACEMENT_3D('',#2114,#2115,#2116);
#2114 = CARTESIAN_POINT('',(8.115E+04,1.7E+03,-1.1E+04));
#2115 = DIRECTION('',(0.,1.,0.));
#2116 = DIRECTION('',(0.,0.,1.));
#2117 = ADVANCED_FACE('',(#2118),#2134,.T.);
#2118 = FACE_BOUND('',#2119,.T.);
#2119 = EDGE_LOOP('',(#2120,#2126,#2127,#2133));
#2120 = ORIENTED_EDGE('',*,*,#2121,.F.);
#2121 = EDGE_CURVE('',#2030,#2070,#2122,.T.);
#2122 = LINE('',#2123,#2124);
#2123 = CARTESIAN_POINT('',(8.115E+04,3.4E+03,-1.1E+04));
#2124 = VECTOR('',#2125,1.);
#2125 = DIRECTION('',(1.,0.,0.));
#2126 = ORIENTED_EDGE('',*,*,#2037,.T.);
#2127 = ORIENTED_EDGE('',*,*,#2128,.T.);
#2128 = EDGE_CURVE('',#2038,#2078,#2129,.T.);
#2129 = LINE('',#2130,#2131);
#2130 = CARTESIAN_POINT('',(8.115E+04,3.4E+03,-9.E+03));
#2131 = VECTOR('',#2132,1.);
#2132 = DIRECTION('',(1.,0.,0.));
#2133 = ORIENTED_EDGE('',*,*,#2077,.F.);
#2134 = PLANE('',#2135);
#2135 = AXIS2_PLACEMENT_3D('',#2136,#2137,#2138);
#2136 = CARTESIAN_POINT('',(8.115E+04,3.4E+03,-1.1E+04));
#2137 = DIRECTION('',(0.,1.,0.));
#2138 = DIRECTION('',(0.,0.,1.));
#2139 = ADVANCED_FACE('',(#2140),#2146,.F.);
#2140 = FACE_BOUND('',#2141,.F.);
#2141 = EDGE_LOOP('',(#2142,#2143,#2144,#2145));
#2142 = ORIENTED_EDGE('',*,*,#2029,.F.);
#2143 = ORIENTED_EDGE('',*,*,#2099,.T.);
#2144 = ORIENTED_EDGE('',*,*,#2069,.T.);
#2145 = ORIENTED_EDGE('',*,*,#2121,.F.);
#2146 = PLANE('',#2147);
#2147 = AXIS2_PLACEMENT_3D('',#2148,#2149,#2150);
#2148 = CARTESIAN_POINT('',(8.115E+04,1.7E+03,-1.1E+04));
#2149 = DIRECTION('',(0.,0.,1.));
#2150 = DIRECTION('',(1.,0.,0.));
#2151 = ADVANCED_FACE('',(#2152),#2158,.T.);
#2152 = FACE_BOUND('',#2153,.T.);
#2153 = EDGE_LOOP('',(#2154,#2155,#2156,#2157));
#2154 = ORIENTED_EDGE('',*,*,#2045,.F.);
#2155 = ORIENTED_EDGE('',*,*,#2106,.T.);
#2156 = ORIENTED_EDGE('',*,*,#2085,.T.);
#2157 = ORIENTED_EDGE('',*,*,#2128,.F.);
#2158 = PLANE('',#2159);
#2159 = AXIS2_PLACEMENT_3D('',#2160,#2161,#2162);
#2160 = CARTESIAN_POINT('',(8.115E+04,1.7E+03,-9.E+03));
#2161 = DIRECTION('',(0.,0.,1.));
#2162 = DIRECTION('',(1.,0.,0.));
#2163 = SHELL_BASED_SURFACE_MODEL('',(#2164));
#2164 = OPEN_SHELL('',(#2165));
#2165 = ADVANCED_FACE('',(#2166),#2200,.T.);
#2166 = FACE_BOUND('',#2167,.T.);
#2167 = EDGE_LOOP('',(#2168,#2178,#2186,#2194));
#2168 = ORIENTED_EDGE('',*,*,#2169,.T.);
#2169 = EDGE_CURVE('',#2170,#2172,#2174,.T.);
#2170 = VERTEX_POINT('',#2171);
#2171 = CARTESIAN_POINT('',(0.,-2.75E+03,0.));
#2172 = VERTEX_POINT('',#2173);
#2173 = CARTESIAN_POINT('',(8.2E+04,-2.75E+03,0.));
#2174 = LINE('',#2175,#2176);
#2175 = CARTESIAN_POINT('',(0.,-2.75E+03,0.));
#2176 = VECTOR('',#2177,1.);
#2177 = DIRECTION('',(1.,0.,0.));
#2178 = ORIENTED_EDGE('',*,*,#2179,.T.);
#2179 = EDGE_CURVE('',#2172,#2180,#2182,.T.);
#2180 = VERTEX_POINT('',#2181);
#2181 = CARTESIAN_POINT('',(8.2E+04,2.75E+03,0.));
#2182 = LINE('',#2183,#2184);
#2183 = CARTESIAN_POINT('',(8.2E+04,-2.75E+03,0.));
#2184 = VECTOR('',#2185,1.);
#2185 = DIRECTION('',(0.,1.,0.));
#2186 = ORIENTED_EDGE('',*,*,#2187,.T.);
#2187 = EDGE_CURVE('',#2180,#2188,#2190,.T.);
#2188 = VERTEX_POINT('',#2189);
#2189 = CARTESIAN_POINT('',(0.,2.75E+03,0.));
#2190 = LINE('',#2191,#2192);
#2191 = CARTESIAN_POINT('',(8.2E+04,2.75E+03,0.));
#2192 = VECTOR('',#2193,1.);
#2193 = DIRECTION('',(-1.,0.,0.));
#2194 = ORIENTED_EDGE('',*,*,#2195,.T.);
#2195 = EDGE_CURVE('',#2188,#2170,#2196,.T.);
#2196 = LINE('',#2197,#2198);
#2197 = CARTESIAN_POINT('',(0.,2.75E+03,0.));
#2198 = VECTOR('',#2199,1.);
#2199 = DIRECTION('',(0.,-1.,0.));
#2200 = PLANE('',#2201);
#2201 = AXIS2_PLACEMENT_3D('',#2202,#2203,#2204);
#2202 = CARTESIAN_POINT('',(4.1E+04,0.,0.));
#2203 = DIRECTION('',(0.,0.,1.));
#2204 = DIRECTION('',(1.,0.,0.));
#2205 = SHELL_BASED_SURFACE_MODEL('',(#2206));
#2206 = OPEN_SHELL('',(#2207));
#2207 = ADVANCED_FACE('',(#2208),#2242,.T.);
#2208 = FACE_BOUND('',#2209,.T.);
#2209 = EDGE_LOOP('',(#2210,#2220,#2228,#2236));
#2210 = ORIENTED_EDGE('',*,*,#2211,.T.);
#2211 = EDGE_CURVE('',#2212,#2214,#2216,.T.);
#2212 = VERTEX_POINT('',#2213);
#2213 = CARTESIAN_POINT('',(0.,2.75E+03,-420.));
#2214 = VERTEX_POINT('',#2215);
#2215 = CARTESIAN_POINT('',(8.2E+04,2.75E+03,-420.));
#2216 = LINE('',#2217,#2218);
#2217 = CARTESIAN_POINT('',(0.,2.75E+03,-420.));
#2218 = VECTOR('',#2219,1.);
#2219 = DIRECTION('',(1.,0.,0.));
#2220 = ORIENTED_EDGE('',*,*,#2221,.T.);
#2221 = EDGE_CURVE('',#2214,#2222,#2224,.T.);
#2222 = VERTEX_POINT('',#2223);
#2223 = CARTESIAN_POINT('',(8.2E+04,-2.75E+03,-420.));
#2224 = LINE('',#2225,#2226);
#2225 = CARTESIAN_POINT('',(8.2E+04,2.75E+03,-420.));
#2226 = VECTOR('',#2227,1.);
#2227 = DIRECTION('',(0.,-1.,0.));
#2228 = ORIENTED_EDGE('',*,*,#2229,.T.);
#2229 = EDGE_CURVE('',#2222,#2230,#2232,.T.);
#2230 = VERTEX_POINT('',#2231);
#2231 = CARTESIAN_POINT('',(0.,-2.75E+03,-420.));
#2232 = LINE('',#2233,#2234);
#2233 = CARTESIAN_POINT('',(8.2E+04,-2.75E+03,-420.));
#2234 = VECTOR('',#2235,1.);
#2235 = DIRECTION('',(-1.,0.,0.));
#2236 = ORIENTED_EDGE('',*,*,#2237,.T.);
#2237 = EDGE_CURVE('',#2230,#2212,#2238,.T.);
#2238 = LINE('',#2239,#2240);
#2239 = CARTESIAN_POINT('',(0.,-2.75E+03,-420.));
#2240 = VECTOR('',#2241,1.);
#2241 = DIRECTION('',(0.,1.,0.));
#2242 = PLANE('',#2243);
#2243 = AXIS2_PLACEMENT_3D('',#2244,#2245,#2246);
#2244 = CARTESIAN_POINT('',(4.1E+04,0.,-420.));
#2245 = DIRECTION('',(-0.,-0.,-1.));
#2246 = DIRECTION('',(-1.,0.,0.));
#2247 = SHELL_BASED_SURFACE_MODEL('',(#2248));
#2248 = OPEN_SHELL('',(#2249));
#2249 = ADVANCED_FACE('',(#2250),#2284,.T.);
#2250 = FACE_BOUND('',#2251,.T.);
#2251 = EDGE_LOOP('',(#2252,#2262,#2270,#2278));
#2252 = ORIENTED_EDGE('',*,*,#2253,.T.);
#2253 = EDGE_CURVE('',#2254,#2256,#2258,.T.);
#2254 = VERTEX_POINT('',#2255);
#2255 = CARTESIAN_POINT('',(0.,-2.75E+03,0.));
#2256 = VERTEX_POINT('',#2257);
#2257 = CARTESIAN_POINT('',(8.2E+04,-2.75E+03,0.));
#2258 = LINE('',#2259,#2260);
#2259 = CARTESIAN_POINT('',(0.,-2.75E+03,0.));
#2260 = VECTOR('',#2261,1.);
#2261 = DIRECTION('',(1.,0.,0.));
#2262 = ORIENTED_EDGE('',*,*,#2263,.T.);
#2263 = EDGE_CURVE('',#2256,#2264,#2266,.T.);
#2264 = VERTEX_POINT('',#2265);
#2265 = CARTESIAN_POINT('',(8.2E+04,-2.75E+03,-420.));
#2266 = LINE('',#2267,#2268);
#2267 = CARTESIAN_POINT('',(8.2E+04,-2.75E+03,0.));
#2268 = VECTOR('',#2269,1.);
#2269 = DIRECTION('',(0.,0.,-1.));
#2270 = ORIENTED_EDGE('',*,*,#2271,.T.);
#2271 = EDGE_CURVE('',#2264,#2272,#2274,.T.);
#2272 = VERTEX_POINT('',#2273);
#2273 = CARTESIAN_POINT('',(0.,-2.75E+03,-420.));
#2274 = LINE('',#2275,#2276);
#2275 = CARTESIAN_POINT('',(8.2E+04,-2.75E+03,-420.));
#2276 = VECTOR('',#2277,1.);
#2277 = DIRECTION('',(-1.,0.,0.));
#2278 = ORIENTED_EDGE('',*,*,#2279,.T.);
#2279 = EDGE_CURVE('',#2272,#2254,#2280,.T.);
#2280 = LINE('',#2281,#2282);
#2281 = CARTESIAN_POINT('',(0.,-2.75E+03,-420.));
#2282 = VECTOR('',#2283,1.);
#2283 = DIRECTION('',(0.,0.,1.));
#2284 = PLANE('',#2285);
#2285 = AXIS2_PLACEMENT_3D('',#2286,#2287,#2288);
#2286 = CARTESIAN_POINT('',(4.1E+04,-2.75E+03,-210.));
#2287 = DIRECTION('',(0.,1.,0.));
#2288 = DIRECTION('',(0.,0.,1.));
#2289 = SHELL_BASED_SURFACE_MODEL('',(#2290));
#2290 = OPEN_SHELL('',(#2291));
#2291 = ADVANCED_FACE('',(#2292),#2326,.T.);
#2292 = FACE_BOUND('',#2293,.T.);
#2293 = EDGE_LOOP('',(#2294,#2304,#2312,#2320));
#2294 = ORIENTED_EDGE('',*,*,#2295,.T.);
#2295 = EDGE_CURVE('',#2296,#2298,#2300,.T.);
#2296 = VERTEX_POINT('',#2297);
#2297 = CARTESIAN_POINT('',(0.,2.75E+03,0.));
#2298 = VERTEX_POINT('',#2299);
#2299 = CARTESIAN_POINT('',(0.,2.75E+03,-420.));
#2300 = LINE('',#2301,#2302);
#2301 = CARTESIAN_POINT('',(0.,2.75E+03,0.));
#2302 = VECTOR('',#2303,1.);
#2303 = DIRECTION('',(0.,0.,-1.));
#2304 = ORIENTED_EDGE('',*,*,#2305,.T.);
#2305 = EDGE_CURVE('',#2298,#2306,#2308,.T.);
#2306 = VERTEX_POINT('',#2307);
#2307 = CARTESIAN_POINT('',(8.2E+04,2.75E+03,-420.));
#2308 = LINE('',#2309,#2310);
#2309 = CARTESIAN_POINT('',(0.,2.75E+03,-420.));
#2310 = VECTOR('',#2311,1.);
#2311 = DIRECTION('',(1.,0.,0.));
#2312 = ORIENTED_EDGE('',*,*,#2313,.T.);
#2313 = EDGE_CURVE('',#2306,#2314,#2316,.T.);
#2314 = VERTEX_POINT('',#2315);
#2315 = CARTESIAN_POINT('',(8.2E+04,2.75E+03,0.));
#2316 = LINE('',#2317,#2318);
#2317 = CARTESIAN_POINT('',(8.2E+04,2.75E+03,-420.));
#2318 = VECTOR('',#2319,1.);
#2319 = DIRECTION('',(0.,0.,1.));
#2320 = ORIENTED_EDGE('',*,*,#2321,.T.);
#2321 = EDGE_CURVE('',#2314,#2296,#2322,.T.);
#2322 = LINE('',#2323,#2324);
#2323 = CARTESIAN_POINT('',(8.2E+04,2.75E+03,0.));
#2324 = VECTOR('',#2325,1.);
#2325 = DIRECTION('',(-1.,0.,0.));
#2326 = PLANE('',#2327);
#2327 = AXIS2_PLACEMENT_3D('',#2328,#2329,#2330);
#2328 = CARTESIAN_POINT('',(4.1E+04,2.75E+03,-210.));
#2329 = DIRECTION('',(-0.,-1.,-0.));
#2330 = DIRECTION('',(0.,0.,-1.));
#2331 = SHELL_BASED_SURFACE_MODEL('',(#2332));
#2332 = OPEN_SHELL('',(#2333));
#2333 = ADVANCED_FACE('',(#2334),#2368,.T.);
#2334 = FACE_BOUND('',#2335,.T.);
#2335 = EDGE_LOOP('',(#2336,#2346,#2354,#2362));
#2336 = ORIENTED_EDGE('',*,*,#2337,.T.);
#2337 = EDGE_CURVE('',#2338,#2340,#2342,.T.);
#2338 = VERTEX_POINT('',#2339);
#2339 = CARTESIAN_POINT('',(0.,-2.75E+03,0.));
#2340 = VERTEX_POINT('',#2341);
#2341 = CARTESIAN_POINT('',(0.,-2.75E+03,-420.));
#2342 = LINE('',#2343,#2344);
#2343 = CARTESIAN_POINT('',(0.,-2.75E+03,0.));
#2344 = VECTOR('',#2345,1.);
#2345 = DIRECTION('',(0.,0.,-1.));
#2346 = ORIENTED_EDGE('',*,*,#2347,.T.);
#2347 = EDGE_CURVE('',#2340,#2348,#2350,.T.);
#2348 = VERTEX_POINT('',#2349);
#2349 = CARTESIAN_POINT('',(0.,2.75E+03,-420.));
#2350 = LINE('',#2351,#2352);
#2351 = CARTESIAN_POINT('',(0.,-2.75E+03,-420.));
#2352 = VECTOR('',#2353,1.);
#2353 = DIRECTION('',(0.,1.,0.));
#2354 = ORIENTED_EDGE('',*,*,#2355,.T.);
#2355 = EDGE_CURVE('',#2348,#2356,#2358,.T.);
#2356 = VERTEX_POINT('',#2357);
#2357 = CARTESIAN_POINT('',(0.,2.75E+03,0.));
#2358 = LINE('',#2359,#2360);
#2359 = CARTESIAN_POINT('',(0.,2.75E+03,-420.));
#2360 = VECTOR('',#2361,1.);
#2361 = DIRECTION('',(0.,0.,1.));
#2362 = ORIENTED_EDGE('',*,*,#2363,.T.);
#2363 = EDGE_CURVE('',#2356,#2338,#2364,.T.);
#2364 = LINE('',#2365,#2366);
#2365 = CARTESIAN_POINT('',(0.,2.75E+03,0.));
#2366 = VECTOR('',#2367,1.);
#2367 = DIRECTION('',(0.,-1.,0.));
#2368 = PLANE('',#2369);
#2369 = AXIS2_PLACEMENT_3D('',#2370,#2371,#2372);
#2370 = CARTESIAN_POINT('',(0.,0.,-210.));
#2371 = DIRECTION('',(1.,0.,0.));
#2372 = DIRECTION('',(0.,0.,1.));
#2373 = SHELL_BASED_SURFACE_MODEL('',(#2374));
#2374 = OPEN_SHELL('',(#2375));
#2375 = ADVANCED_FACE('',(#2376),#2410,.T.);
#2376 = FACE_BOUND('',#2377,.T.);
#2377 = EDGE_LOOP('',(#2378,#2388,#2396,#2404));
#2378 = ORIENTED_EDGE('',*,*,#2379,.T.);
#2379 = EDGE_CURVE('',#2380,#2382,#2384,.T.);
#2380 = VERTEX_POINT('',#2381);
#2381 = CARTESIAN_POINT('',(8.2E+04,-2.75E+03,0.));
#2382 = VERTEX_POINT('',#2383);
#2383 = CARTESIAN_POINT('',(8.2E+04,2.75E+03,0.));
#2384 = LINE('',#2385,#2386);
#2385 = CARTESIAN_POINT('',(8.2E+04,-2.75E+03,0.));
#2386 = VECTOR('',#2387,1.);
#2387 = DIRECTION('',(0.,1.,0.));
#2388 = ORIENTED_EDGE('',*,*,#2389,.T.);
#2389 = EDGE_CURVE('',#2382,#2390,#2392,.T.);
#2390 = VERTEX_POINT('',#2391);
#2391 = CARTESIAN_POINT('',(8.2E+04,2.75E+03,-420.));
#2392 = LINE('',#2393,#2394);
#2393 = CARTESIAN_POINT('',(8.2E+04,2.75E+03,0.));
#2394 = VECTOR('',#2395,1.);
#2395 = DIRECTION('',(0.,0.,-1.));
#2396 = ORIENTED_EDGE('',*,*,#2397,.T.);
#2397 = EDGE_CURVE('',#2390,#2398,#2400,.T.);
#2398 = VERTEX_POINT('',#2399);
#2399 = CARTESIAN_POINT('',(8.2E+04,-2.75E+03,-420.));
#2400 = LINE('',#2401,#2402);
#2401 = CARTESIAN_POINT('',(8.2E+04,2.75E+03,-420.));
#2402 = VECTOR('',#2403,1.);
#2403 = DIRECTION('',(0.,-1.,0.));
#2404 = ORIENTED_EDGE('',*,*,#2405,.T.);
#2405 = EDGE_CURVE('',#2398,#2380,#2406,.T.);
#2406 = LINE('',#2407,#2408);
#2407 = CARTESIAN_POINT('',(8.2E+04,-2.75E+03,-420.));
#2408 = VECTOR('',#2409,1.);
#2409 = DIRECTION('',(0.,0.,1.));
#2410 = PLANE('',#2411);
#2411 = AXIS2_PLACEMENT_3D('',#2412,#2413,#2414);
#2412 = CARTESIAN_POINT('',(8.2E+04,0.,-210.));
#2413 = DIRECTION('',(-1.,-0.,-0.));
#2414 = DIRECTION('',(0.,0.,-1.));
#2415 = SHELL_BASED_SURFACE_MODEL('',(#2416));
#2416 = OPEN_SHELL('',(#2417));
#2417 = ADVANCED_FACE('',(#2418),#2452,.T.);
#2418 = FACE_BOUND('',#2419,.T.);
#2419 = EDGE_LOOP('',(#2420,#2430,#2438,#2446));
#2420 = ORIENTED_EDGE('',*,*,#2421,.F.);
#2421 = EDGE_CURVE('',#2422,#2424,#2426,.T.);
#2422 = VERTEX_POINT('',#2423);
#2423 = CARTESIAN_POINT('',(-3.25E+03,-3.25E+03,-4.5E+03));
#2424 = VERTEX_POINT('',#2425);
#2425 = CARTESIAN_POINT('',(-3.25E+03,3.25E+03,-4.5E+03));
#2426 = LINE('',#2427,#2428);
#2427 = CARTESIAN_POINT('',(-3.25E+03,-3.25E+03,-4.5E+03));
#2428 = VECTOR('',#2429,1.);
#2429 = DIRECTION('',(0.,1.,0.));
#2430 = ORIENTED_EDGE('',*,*,#2431,.T.);
#2431 = EDGE_CURVE('',#2422,#2432,#2434,.T.);
#2432 = VERTEX_POINT('',#2433);
#2433 = CARTESIAN_POINT('',(3.25E+03,-3.25E+03,-4.5E+03));
#2434 = LINE('',#2435,#2436);
#2435 = CARTESIAN_POINT('',(-3.25E+03,-3.25E+03,-4.5E+03));
#2436 = VECTOR('',#2437,1.);
#2437 = DIRECTION('',(1.,0.,0.));
#2438 = ORIENTED_EDGE('',*,*,#2439,.T.);
#2439 = EDGE_CURVE('',#2432,#2440,#2442,.T.);
#2440 = VERTEX_POINT('',#2441);
#2441 = CARTESIAN_POINT('',(3.25E+03,3.25E+03,-4.5E+03));
#2442 = LINE('',#2443,#2444);
#2443 = CARTESIAN_POINT('',(3.25E+03,-3.25E+03,-4.5E+03));
#2444 = VECTOR('',#2445,1.);
#2445 = DIRECTION('',(0.,1.,0.));
#2446 = ORIENTED_EDGE('',*,*,#2447,.F.);
#2447 = EDGE_CURVE('',#2424,#2440,#2448,.T.);
#2448 = LINE('',#2449,#2450);
#2449 = CARTESIAN_POINT('',(-3.25E+03,3.25E+03,-4.5E+03));
#2450 = VECTOR('',#2451,1.);
#2451 = DIRECTION('',(1.,0.,0.));
#2452 = PLANE('',#2453);
#2453 = AXIS2_PLACEMENT_3D('',#2454,#2455,#2456);
#2454 = CARTESIAN_POINT('',(-3.25E+03,-3.25E+03,-4.5E+03));
#2455 = DIRECTION('',(0.,0.,1.));
#2456 = DIRECTION('',(1.,0.,0.));
#2457 = SHELL_BASED_SURFACE_MODEL('',(#2458));
#2458 = OPEN_SHELL('',(#2459));
#2459 = ADVANCED_FACE('',(#2460),#2494,.T.);
#2460 = FACE_BOUND('',#2461,.T.);
#2461 = EDGE_LOOP('',(#2462,#2472,#2480,#2488));
#2462 = ORIENTED_EDGE('',*,*,#2463,.F.);
#2463 = EDGE_CURVE('',#2464,#2466,#2468,.T.);
#2464 = VERTEX_POINT('',#2465);
#2465 = CARTESIAN_POINT('',(-3.25E+03,-3.25E+03,-1.1E+04));
#2466 = VERTEX_POINT('',#2467);
#2467 = CARTESIAN_POINT('',(-3.25E+03,3.25E+03,-1.1E+04));
#2468 = LINE('',#2469,#2470);
#2469 = CARTESIAN_POINT('',(-3.25E+03,-3.25E+03,-1.1E+04));
#2470 = VECTOR('',#2471,1.);
#2471 = DIRECTION('',(0.,1.,0.));
#2472 = ORIENTED_EDGE('',*,*,#2473,.T.);
#2473 = EDGE_CURVE('',#2464,#2474,#2476,.T.);
#2474 = VERTEX_POINT('',#2475);
#2475 = CARTESIAN_POINT('',(3.25E+03,-3.25E+03,-1.1E+04));
#2476 = LINE('',#2477,#2478);
#2477 = CARTESIAN_POINT('',(-3.25E+03,-3.25E+03,-1.1E+04));
#2478 = VECTOR('',#2479,1.);
#2479 = DIRECTION('',(1.,0.,0.));
#2480 = ORIENTED_EDGE('',*,*,#2481,.T.);
#2481 = EDGE_CURVE('',#2474,#2482,#2484,.T.);
#2482 = VERTEX_POINT('',#2483);
#2483 = CARTESIAN_POINT('',(3.25E+03,3.25E+03,-1.1E+04));
#2484 = LINE('',#2485,#2486);
#2485 = CARTESIAN_POINT('',(3.25E+03,-3.25E+03,-1.1E+04));
#2486 = VECTOR('',#2487,1.);
#2487 = DIRECTION('',(0.,1.,0.));
#2488 = ORIENTED_EDGE('',*,*,#2489,.F.);
#2489 = EDGE_CURVE('',#2466,#2482,#2490,.T.);
#2490 = LINE('',#2491,#2492);
#2491 = CARTESIAN_POINT('',(-3.25E+03,3.25E+03,-1.1E+04));
#2492 = VECTOR('',#2493,1.);
#2493 = DIRECTION('',(1.,0.,0.));
#2494 = PLANE('',#2495);
#2495 = AXIS2_PLACEMENT_3D('',#2496,#2497,#2498);
#2496 = CARTESIAN_POINT('',(-3.25E+03,-3.25E+03,-1.1E+04));
#2497 = DIRECTION('',(0.,0.,1.));
#2498 = DIRECTION('',(1.,0.,0.));
#2499 = SHELL_BASED_SURFACE_MODEL('',(#2500));
#2500 = OPEN_SHELL('',(#2501));
#2501 = ADVANCED_FACE('',(#2502),#2536,.T.);
#2502 = FACE_BOUND('',#2503,.T.);
#2503 = EDGE_LOOP('',(#2504,#2514,#2522,#2530));
#2504 = ORIENTED_EDGE('',*,*,#2505,.F.);
#2505 = EDGE_CURVE('',#2506,#2508,#2510,.T.);
#2506 = VERTEX_POINT('',#2507);
#2507 = CARTESIAN_POINT('',(7.875E+04,-3.25E+03,-4.5E+03));
#2508 = VERTEX_POINT('',#2509);
#2509 = CARTESIAN_POINT('',(7.875E+04,3.25E+03,-4.5E+03));
#2510 = LINE('',#2511,#2512);
#2511 = CARTESIAN_POINT('',(7.875E+04,-3.25E+03,-4.5E+03));
#2512 = VECTOR('',#2513,1.);
#2513 = DIRECTION('',(0.,1.,0.));
#2514 = ORIENTED_EDGE('',*,*,#2515,.T.);
#2515 = EDGE_CURVE('',#2506,#2516,#2518,.T.);
#2516 = VERTEX_POINT('',#2517);
#2517 = CARTESIAN_POINT('',(8.525E+04,-3.25E+03,-4.5E+03));
#2518 = LINE('',#2519,#2520);
#2519 = CARTESIAN_POINT('',(7.875E+04,-3.25E+03,-4.5E+03));
#2520 = VECTOR('',#2521,1.);
#2521 = DIRECTION('',(1.,0.,0.));
#2522 = ORIENTED_EDGE('',*,*,#2523,.T.);
#2523 = EDGE_CURVE('',#2516,#2524,#2526,.T.);
#2524 = VERTEX_POINT('',#2525);
#2525 = CARTESIAN_POINT('',(8.525E+04,3.25E+03,-4.5E+03));
#2526 = LINE('',#2527,#2528);
#2527 = CARTESIAN_POINT('',(8.525E+04,-3.25E+03,-4.5E+03));
#2528 = VECTOR('',#2529,1.);
#2529 = DIRECTION('',(0.,1.,0.));
#2530 = ORIENTED_EDGE('',*,*,#2531,.F.);
#2531 = EDGE_CURVE('',#2508,#2524,#2532,.T.);
#2532 = LINE('',#2533,#2534);
#2533 = CARTESIAN_POINT('',(7.875E+04,3.25E+03,-4.5E+03));
#2534 = VECTOR('',#2535,1.);
#2535 = DIRECTION('',(1.,0.,0.));
#2536 = PLANE('',#2537);
#2537 = AXIS2_PLACEMENT_3D('',#2538,#2539,#2540);
#2538 = CARTESIAN_POINT('',(7.875E+04,-3.25E+03,-4.5E+03));
#2539 = DIRECTION('',(0.,0.,1.));
#2540 = DIRECTION('',(1.,0.,0.));
#2541 = SHELL_BASED_SURFACE_MODEL('',(#2542));
#2542 = OPEN_SHELL('',(#2543));
#2543 = ADVANCED_FACE('',(#2544),#2578,.T.);
#2544 = FACE_BOUND('',#2545,.T.);
#2545 = EDGE_LOOP('',(#2546,#2556,#2564,#2572));
#2546 = ORIENTED_EDGE('',*,*,#2547,.F.);
#2547 = EDGE_CURVE('',#2548,#2550,#2552,.T.);
#2548 = VERTEX_POINT('',#2549);
#2549 = CARTESIAN_POINT('',(7.875E+04,-3.25E+03,-1.1E+04));
#2550 = VERTEX_POINT('',#2551);
#2551 = CARTESIAN_POINT('',(7.875E+04,3.25E+03,-1.1E+04));
#2552 = LINE('',#2553,#2554);
#2553 = CARTESIAN_POINT('',(7.875E+04,-3.25E+03,-1.1E+04));
#2554 = VECTOR('',#2555,1.);
#2555 = DIRECTION('',(0.,1.,0.));
#2556 = ORIENTED_EDGE('',*,*,#2557,.T.);
#2557 = EDGE_CURVE('',#2548,#2558,#2560,.T.);
#2558 = VERTEX_POINT('',#2559);
#2559 = CARTESIAN_POINT('',(8.525E+04,-3.25E+03,-1.1E+04));
#2560 = LINE('',#2561,#2562);
#2561 = CARTESIAN_POINT('',(7.875E+04,-3.25E+03,-1.1E+04));
#2562 = VECTOR('',#2563,1.);
#2563 = DIRECTION('',(1.,0.,0.));
#2564 = ORIENTED_EDGE('',*,*,#2565,.T.);
#2565 = EDGE_CURVE('',#2558,#2566,#2568,.T.);
#2566 = VERTEX_POINT('',#2567);
#2567 = CARTESIAN_POINT('',(8.525E+04,3.25E+03,-1.1E+04));
#2568 = LINE('',#2569,#2570);
#2569 = CARTESIAN_POINT('',(8.525E+04,-3.25E+03,-1.1E+04));
#2570 = VECTOR('',#2571,1.);
#2571 = DIRECTION('',(0.,1.,0.));
#2572 = ORIENTED_EDGE('',*,*,#2573,.F.);
#2573 = EDGE_CURVE('',#2550,#2566,#2574,.T.);
#2574 = LINE('',#2575,#2576);
#2575 = CARTESIAN_POINT('',(7.875E+04,3.25E+03,-1.1E+04));
#2576 = VECTOR('',#2577,1.);
#2577 = DIRECTION('',(1.,0.,0.));
#2578 = PLANE('',#2579);
#2579 = AXIS2_PLACEMENT_3D('',#2580,#2581,#2582);
#2580 = CARTESIAN_POINT('',(7.875E+04,-3.25E+03,-1.1E+04));
#2581 = DIRECTION('',(0.,0.,1.));
#2582 = DIRECTION('',(1.,0.,0.));
#2583 = GEOMETRIC_CURVE_SET('',(#2584));
#2584 = TRIMMED_CURVE('',#2585,(#2589,PARAMETER_VALUE(0.)),(#2590,
    PARAMETER_VALUE(210.)),.T.,.PARAMETER.);
#2585 = LINE('',#2586,#2587);
#2586 = CARTESIAN_POINT('',(0.,-2.75E+03,0.));
#2587 = VECTOR('',#2588,1.);
#2588 = DIRECTION('',(0.,0.,-1.));
#2589 = CARTESIAN_POINT('',(0.,-2.75E+03,0.));
#2590 = CARTESIAN_POINT('',(0.,-2.75E+03,-210.));
#2591 = GEOMETRIC_CURVE_SET('',(#2592));
#2592 = TRIMMED_CURVE('',#2593,(#2597,PARAMETER_VALUE(0.)),(#2598,
    PARAMETER_VALUE(210.)),.T.,.PARAMETER.);
#2593 = LINE('',#2594,#2595);
#2594 = CARTESIAN_POINT('',(0.,-2.75E+03,-210.));
#2595 = VECTOR('',#2596,1.);
#2596 = DIRECTION('',(0.,0.,-1.));
#2597 = CARTESIAN_POINT('',(0.,-2.75E+03,-210.));
#2598 = CARTESIAN_POINT('',(0.,-2.75E+03,-420.));
#2599 = GEOMETRIC_CURVE_SET('',(#2600));
#2600 = TRIMMED_CURVE('',#2601,(#2605,PARAMETER_VALUE(0.)),(#2606,
    PARAMETER_VALUE(210.)),.T.,.PARAMETER.);
#2601 = LINE('',#2602,#2603);
#2602 = CARTESIAN_POINT('',(0.,-2.55E+03,0.));
#2603 = VECTOR('',#2604,1.);
#2604 = DIRECTION('',(0.,0.,-1.));
#2605 = CARTESIAN_POINT('',(0.,-2.55E+03,0.));
#2606 = CARTESIAN_POINT('',(0.,-2.55E+03,-210.));
#2607 = GEOMETRIC_CURVE_SET('',(#2608));
#2608 = TRIMMED_CURVE('',#2609,(#2613,PARAMETER_VALUE(0.)),(#2614,
    PARAMETER_VALUE(210.)),.T.,.PARAMETER.);
#2609 = LINE('',#2610,#2611);
#2610 = CARTESIAN_POINT('',(0.,-2.55E+03,-210.));
#2611 = VECTOR('',#2612,1.);
#2612 = DIRECTION('',(0.,0.,-1.));
#2613 = CARTESIAN_POINT('',(0.,-2.55E+03,-210.));
#2614 = CARTESIAN_POINT('',(0.,-2.55E+03,-420.));
#2615 = GEOMETRIC_CURVE_SET('',(#2616));
#2616 = TRIMMED_CURVE('',#2617,(#2621,PARAMETER_VALUE(0.)),(#2622,
    PARAMETER_VALUE(210.)),.T.,.PARAMETER.);
#2617 = LINE('',#2618,#2619);
#2618 = CARTESIAN_POINT('',(0.,2.55E+03,0.));
#2619 = VECTOR('',#2620,1.);
#2620 = DIRECTION('',(0.,0.,-1.));
#2621 = CARTESIAN_POINT('',(0.,2.55E+03,0.));
#2622 = CARTESIAN_POINT('',(0.,2.55E+03,-210.));
#2623 = GEOMETRIC_CURVE_SET('',(#2624));
#2624 = TRIMMED_CURVE('',#2625,(#2629,PARAMETER_VALUE(0.)),(#2630,
    PARAMETER_VALUE(210.)),.T.,.PARAMETER.);
#2625 = LINE('',#2626,#2627);
#2626 = CARTESIAN_POINT('',(0.,2.55E+03,-210.));
#2627 = VECTOR('',#2628,1.);
#2628 = DIRECTION('',(0.,0.,-1.));
#2629 = CARTESIAN_POINT('',(0.,2.55E+03,-210.));
#2630 = CARTESIAN_POINT('',(0.,2.55E+03,-420.));
#2631 = GEOMETRIC_CURVE_SET('',(#2632));
#2632 = TRIMMED_CURVE('',#2633,(#2637,PARAMETER_VALUE(0.)),(#2638,
    PARAMETER_VALUE(210.)),.T.,.PARAMETER.);
#2633 = LINE('',#2634,#2635);
#2634 = CARTESIAN_POINT('',(0.,2.75E+03,0.));
#2635 = VECTOR('',#2636,1.);
#2636 = DIRECTION('',(0.,0.,-1.));
#2637 = CARTESIAN_POINT('',(0.,2.75E+03,0.));
#2638 = CARTESIAN_POINT('',(0.,2.75E+03,-210.));
#2639 = GEOMETRIC_CURVE_SET('',(#2640));
#2640 = TRIMMED_CURVE('',#2641,(#2645,PARAMETER_VALUE(0.)),(#2646,
    PARAMETER_VALUE(210.)),.T.,.PARAMETER.);
#2641 = LINE('',#2642,#2643);
#2642 = CARTESIAN_POINT('',(0.,2.75E+03,-210.));
#2643 = VECTOR('',#2644,1.);
#2644 = DIRECTION('',(0.,0.,-1.));
#2645 = CARTESIAN_POINT('',(0.,2.75E+03,-210.));
#2646 = CARTESIAN_POINT('',(0.,2.75E+03,-420.));
#2647 = GEOMETRIC_CURVE_SET('',(#2648));
#2648 = TRIMMED_CURVE('',#2649,(#2653,PARAMETER_VALUE(0.)),(#2654,
    PARAMETER_VALUE(200.)),.T.,.PARAMETER.);
#2649 = LINE('',#2650,#2651);
#2650 = CARTESIAN_POINT('',(0.,-2.75E+03,-210.));
#2651 = VECTOR('',#2652,1.);
#2652 = DIRECTION('',(0.,1.,0.));
#2653 = CARTESIAN_POINT('',(0.,-2.75E+03,-210.));
#2654 = CARTESIAN_POINT('',(0.,-2.55E+03,-210.));
#2655 = GEOMETRIC_CURVE_SET('',(#2656));
#2656 = TRIMMED_CURVE('',#2657,(#2661,PARAMETER_VALUE(0.)),(#2662,
    PARAMETER_VALUE(5.1E+03)),.T.,.PARAMETER.);
#2657 = LINE('',#2658,#2659);
#2658 = CARTESIAN_POINT('',(0.,-2.55E+03,-210.));
#2659 = VECTOR('',#2660,1.);
#2660 = DIRECTION('',(0.,1.,0.));
#2661 = CARTESIAN_POINT('',(0.,-2.55E+03,-210.));
#2662 = CARTESIAN_POINT('',(0.,2.55E+03,-210.));
#2663 = GEOMETRIC_CURVE_SET('',(#2664));
#2664 = TRIMMED_CURVE('',#2665,(#2669,PARAMETER_VALUE(0.)),(#2670,
    PARAMETER_VALUE(200.)),.T.,.PARAMETER.);
#2665 = LINE('',#2666,#2667);
#2666 = CARTESIAN_POINT('',(0.,2.55E+03,-210.));
#2667 = VECTOR('',#2668,1.);
#2668 = DIRECTION('',(0.,1.,0.));
#2669 = CARTESIAN_POINT('',(0.,2.55E+03,-210.));
#2670 = CARTESIAN_POINT('',(0.,2.75E+03,-210.));
#2671 = GEOMETRIC_CURVE_SET('',(#2672));
#2672 = TRIMMED_CURVE('',#2673,(#2677,PARAMETER_VALUE(0.)),(#2678,
    PARAMETER_VALUE(210.)),.T.,.PARAMETER.);
#2673 = LINE('',#2674,#2675);
#2674 = CARTESIAN_POINT('',(5.E+03,-2.75E+03,0.));
#2675 = VECTOR('',#2676,1.);
#2676 = DIRECTION('',(0.,0.,-1.));
#2677 = CARTESIAN_POINT('',(5.E+03,-2.75E+03,0.));
#2678 = CARTESIAN_POINT('',(5.E+03,-2.75E+03,-210.));
#2679 = GEOMETRIC_CURVE_SET('',(#2680));
#2680 = TRIMMED_CURVE('',#2681,(#2685,PARAMETER_VALUE(0.)),(#2686,
    PARAMETER_VALUE(210.)),.T.,.PARAMETER.);
#2681 = LINE('',#2682,#2683);
#2682 = CARTESIAN_POINT('',(5.E+03,-2.75E+03,-210.));
#2683 = VECTOR('',#2684,1.);
#2684 = DIRECTION('',(0.,0.,-1.));
#2685 = CARTESIAN_POINT('',(5.E+03,-2.75E+03,-210.));
#2686 = CARTESIAN_POINT('',(5.E+03,-2.75E+03,-420.));
#2687 = GEOMETRIC_CURVE_SET('',(#2688));
#2688 = TRIMMED_CURVE('',#2689,(#2693,PARAMETER_VALUE(0.)),(#2694,
    PARAMETER_VALUE(210.)),.T.,.PARAMETER.);
#2689 = LINE('',#2690,#2691);
#2690 = CARTESIAN_POINT('',(5.E+03,-2.55E+03,0.));
#2691 = VECTOR('',#2692,1.);
#2692 = DIRECTION('',(0.,0.,-1.));
#2693 = CARTESIAN_POINT('',(5.E+03,-2.55E+03,0.));
#2694 = CARTESIAN_POINT('',(5.E+03,-2.55E+03,-210.));
#2695 = GEOMETRIC_CURVE_SET('',(#2696));
#2696 = TRIMMED_CURVE('',#2697,(#2701,PARAMETER_VALUE(0.)),(#2702,
    PARAMETER_VALUE(210.)),.T.,.PARAMETER.);
#2697 = LINE('',#2698,#2699);
#2698 = CARTESIAN_POINT('',(5.E+03,-2.55E+03,-210.));
#2699 = VECTOR('',#2700,1.);
#2700 = DIRECTION('',(0.,0.,-1.));
#2701 = CARTESIAN_POINT('',(5.E+03,-2.55E+03,-210.));
#2702 = CARTESIAN_POINT('',(5.E+03,-2.55E+03,-420.));
#2703 = GEOMETRIC_CURVE_SET('',(#2704));
#2704 = TRIMMED_CURVE('',#2705,(#2709,PARAMETER_VALUE(0.)),(#2710,
    PARAMETER_VALUE(210.)),.T.,.PARAMETER.);
#2705 = LINE('',#2706,#2707);
#2706 = CARTESIAN_POINT('',(5.E+03,2.55E+03,0.));
#2707 = VECTOR('',#2708,1.);
#2708 = DIRECTION('',(0.,0.,-1.));
#2709 = CARTESIAN_POINT('',(5.E+03,2.55E+03,0.));
#2710 = CARTESIAN_POINT('',(5.E+03,2.55E+03,-210.));
#2711 = GEOMETRIC_CURVE_SET('',(#2712));
#2712 = TRIMMED_CURVE('',#2713,(#2717,PARAMETER_VALUE(0.)),(#2718,
    PARAMETER_VALUE(210.)),.T.,.PARAMETER.);
#2713 = LINE('',#2714,#2715);
#2714 = CARTESIAN_POINT('',(5.E+03,2.55E+03,-210.));
#2715 = VECTOR('',#2716,1.);
#2716 = DIRECTION('',(0.,0.,-1.));
#2717 = CARTESIAN_POINT('',(5.E+03,2.55E+03,-210.));
#2718 = CARTESIAN_POINT('',(5.E+03,2.55E+03,-420.));
#2719 = GEOMETRIC_CURVE_SET('',(#2720));
#2720 = TRIMMED_CURVE('',#2721,(#2725,PARAMETER_VALUE(0.)),(#2726,
    PARAMETER_VALUE(210.)),.T.,.PARAMETER.);
#2721 = LINE('',#2722,#2723);
#2722 = CARTESIAN_POINT('',(5.E+03,2.75E+03,0.));
#2723 = VECTOR('',#2724,1.);
#2724 = DIRECTION('',(0.,0.,-1.));
#2725 = CARTESIAN_POINT('',(5.E+03,2.75E+03,0.));
#2726 = CARTESIAN_POINT('',(5.E+03,2.75E+03,-210.));
#2727 = GEOMETRIC_CURVE_SET('',(#2728));
#2728 = TRIMMED_CURVE('',#2729,(#2733,PARAMETER_VALUE(0.)),(#2734,
    PARAMETER_VALUE(210.)),.T.,.PARAMETER.);
#2729 = LINE('',#2730,#2731);
#2730 = CARTESIAN_POINT('',(5.E+03,2.75E+03,-210.));
#2731 = VECTOR('',#2732,1.);
#2732 = DIRECTION('',(0.,0.,-1.));
#2733 = CARTESIAN_POINT('',(5.E+03,2.75E+03,-210.));
#2734 = CARTESIAN_POINT('',(5.E+03,2.75E+03,-420.));
#2735 = GEOMETRIC_CURVE_SET('',(#2736));
#2736 = TRIMMED_CURVE('',#2737,(#2741,PARAMETER_VALUE(0.)),(#2742,
    PARAMETER_VALUE(200.)),.T.,.PARAMETER.);
#2737 = LINE('',#2738,#2739);
#2738 = CARTESIAN_POINT('',(5.E+03,-2.75E+03,-210.));
#2739 = VECTOR('',#2740,1.);
#2740 = DIRECTION('',(0.,1.,0.));
#2741 = CARTESIAN_POINT('',(5.E+03,-2.75E+03,-210.));
#2742 = CARTESIAN_POINT('',(5.E+03,-2.55E+03,-210.));
#2743 = GEOMETRIC_CURVE_SET('',(#2744));
#2744 = TRIMMED_CURVE('',#2745,(#2749,PARAMETER_VALUE(0.)),(#2750,
    PARAMETER_VALUE(5.1E+03)),.T.,.PARAMETER.);
#2745 = LINE('',#2746,#2747);
#2746 = CARTESIAN_POINT('',(5.E+03,-2.55E+03,-210.));
#2747 = VECTOR('',#2748,1.);
#2748 = DIRECTION('',(0.,1.,0.));
#2749 = CARTESIAN_POINT('',(5.E+03,-2.55E+03,-210.));
#2750 = CARTESIAN_POINT('',(5.E+03,2.55E+03,-210.));
#2751 = GEOMETRIC_CURVE_SET('',(#2752));
#2752 = TRIMMED_CURVE('',#2753,(#2757,PARAMETER_VALUE(0.)),(#2758,
    PARAMETER_VALUE(200.)),.T.,.PARAMETER.);
#2753 = LINE('',#2754,#2755);
#2754 = CARTESIAN_POINT('',(5.E+03,2.55E+03,-210.));
#2755 = VECTOR('',#2756,1.);
#2756 = DIRECTION('',(0.,1.,0.));
#2757 = CARTESIAN_POINT('',(5.E+03,2.55E+03,-210.));
#2758 = CARTESIAN_POINT('',(5.E+03,2.75E+03,-210.));
#2759 = GEOMETRIC_CURVE_SET('',(#2760));
#2760 = TRIMMED_CURVE('',#2761,(#2765,PARAMETER_VALUE(0.)),(#2766,
    PARAMETER_VALUE(210.)),.T.,.PARAMETER.);
#2761 = LINE('',#2762,#2763);
#2762 = CARTESIAN_POINT('',(8.E+03,-2.75E+03,0.));
#2763 = VECTOR('',#2764,1.);
#2764 = DIRECTION('',(0.,0.,-1.));
#2765 = CARTESIAN_POINT('',(8.E+03,-2.75E+03,0.));
#2766 = CARTESIAN_POINT('',(8.E+03,-2.75E+03,-210.));
#2767 = GEOMETRIC_CURVE_SET('',(#2768));
#2768 = TRIMMED_CURVE('',#2769,(#2773,PARAMETER_VALUE(0.)),(#2774,
    PARAMETER_VALUE(210.)),.T.,.PARAMETER.);
#2769 = LINE('',#2770,#2771);
#2770 = CARTESIAN_POINT('',(8.E+03,-2.75E+03,-210.));
#2771 = VECTOR('',#2772,1.);
#2772 = DIRECTION('',(0.,0.,-1.));
#2773 = CARTESIAN_POINT('',(8.E+03,-2.75E+03,-210.));
#2774 = CARTESIAN_POINT('',(8.E+03,-2.75E+03,-420.));
#2775 = GEOMETRIC_CURVE_SET('',(#2776));
#2776 = TRIMMED_CURVE('',#2777,(#2781,PARAMETER_VALUE(0.)),(#2782,
    PARAMETER_VALUE(210.)),.T.,.PARAMETER.);
#2777 = LINE('',#2778,#2779);
#2778 = CARTESIAN_POINT('',(8.E+03,-2.55E+03,0.));
#2779 = VECTOR('',#2780,1.);
#2780 = DIRECTION('',(0.,0.,-1.));
#2781 = CARTESIAN_POINT('',(8.E+03,-2.55E+03,0.));
#2782 = CARTESIAN_POINT('',(8.E+03,-2.55E+03,-210.));
#2783 = GEOMETRIC_CURVE_SET('',(#2784));
#2784 = TRIMMED_CURVE('',#2785,(#2789,PARAMETER_VALUE(0.)),(#2790,
    PARAMETER_VALUE(210.)),.T.,.PARAMETER.);
#2785 = LINE('',#2786,#2787);
#2786 = CARTESIAN_POINT('',(8.E+03,-2.55E+03,-210.));
#2787 = VECTOR('',#2788,1.);
#2788 = DIRECTION('',(0.,0.,-1.));
#2789 = CARTESIAN_POINT('',(8.E+03,-2.55E+03,-210.));
#2790 = CARTESIAN_POINT('',(8.E+03,-2.55E+03,-420.));
#2791 = GEOMETRIC_CURVE_SET('',(#2792));
#2792 = TRIMMED_CURVE('',#2793,(#2797,PARAMETER_VALUE(0.)),(#2798,
    PARAMETER_VALUE(210.)),.T.,.PARAMETER.);
#2793 = LINE('',#2794,#2795);
#2794 = CARTESIAN_POINT('',(8.E+03,2.55E+03,0.));
#2795 = VECTOR('',#2796,1.);
#2796 = DIRECTION('',(0.,0.,-1.));
#2797 = CARTESIAN_POINT('',(8.E+03,2.55E+03,0.));
#2798 = CARTESIAN_POINT('',(8.E+03,2.55E+03,-210.));
#2799 = GEOMETRIC_CURVE_SET('',(#2800));
#2800 = TRIMMED_CURVE('',#2801,(#2805,PARAMETER_VALUE(0.)),(#2806,
    PARAMETER_VALUE(210.)),.T.,.PARAMETER.);
#2801 = LINE('',#2802,#2803);
#2802 = CARTESIAN_POINT('',(8.E+03,2.55E+03,-210.));
#2803 = VECTOR('',#2804,1.);
#2804 = DIRECTION('',(0.,0.,-1.));
#2805 = CARTESIAN_POINT('',(8.E+03,2.55E+03,-210.));
#2806 = CARTESIAN_POINT('',(8.E+03,2.55E+03,-420.));
#2807 = GEOMETRIC_CURVE_SET('',(#2808));
#2808 = TRIMMED_CURVE('',#2809,(#2813,PARAMETER_VALUE(0.)),(#2814,
    PARAMETER_VALUE(210.)),.T.,.PARAMETER.);
#2809 = LINE('',#2810,#2811);
#2810 = CARTESIAN_POINT('',(8.E+03,2.75E+03,0.));
#2811 = VECTOR('',#2812,1.);
#2812 = DIRECTION('',(0.,0.,-1.));
#2813 = CARTESIAN_POINT('',(8.E+03,2.75E+03,0.));
#2814 = CARTESIAN_POINT('',(8.E+03,2.75E+03,-210.));
#2815 = GEOMETRIC_CURVE_SET('',(#2816));
#2816 = TRIMMED_CURVE('',#2817,(#2821,PARAMETER_VALUE(0.)),(#2822,
    PARAMETER_VALUE(210.)),.T.,.PARAMETER.);
#2817 = LINE('',#2818,#2819);
#2818 = CARTESIAN_POINT('',(8.E+03,2.75E+03,-210.));
#2819 = VECTOR('',#2820,1.);
#2820 = DIRECTION('',(0.,0.,-1.));
#2821 = CARTESIAN_POINT('',(8.E+03,2.75E+03,-210.));
#2822 = CARTESIAN_POINT('',(8.E+03,2.75E+03,-420.));
#2823 = GEOMETRIC_CURVE_SET('',(#2824));
#2824 = TRIMMED_CURVE('',#2825,(#2829,PARAMETER_VALUE(0.)),(#2830,
    PARAMETER_VALUE(200.)),.T.,.PARAMETER.);
#2825 = LINE('',#2826,#2827);
#2826 = CARTESIAN_POINT('',(8.E+03,-2.75E+03,-210.));
#2827 = VECTOR('',#2828,1.);
#2828 = DIRECTION('',(0.,1.,0.));
#2829 = CARTESIAN_POINT('',(8.E+03,-2.75E+03,-210.));
#2830 = CARTESIAN_POINT('',(8.E+03,-2.55E+03,-210.));
#2831 = GEOMETRIC_CURVE_SET('',(#2832));
#2832 = TRIMMED_CURVE('',#2833,(#2837,PARAMETER_VALUE(0.)),(#2838,
    PARAMETER_VALUE(5.1E+03)),.T.,.PARAMETER.);
#2833 = LINE('',#2834,#2835);
#2834 = CARTESIAN_POINT('',(8.E+03,-2.55E+03,-210.));
#2835 = VECTOR('',#2836,1.);
#2836 = DIRECTION('',(0.,1.,0.));
#2837 = CARTESIAN_POINT('',(8.E+03,-2.55E+03,-210.));
#2838 = CARTESIAN_POINT('',(8.E+03,2.55E+03,-210.));
#2839 = GEOMETRIC_CURVE_SET('',(#2840));
#2840 = TRIMMED_CURVE('',#2841,(#2845,PARAMETER_VALUE(0.)),(#2846,
    PARAMETER_VALUE(200.)),.T.,.PARAMETER.);
#2841 = LINE('',#2842,#2843);
#2842 = CARTESIAN_POINT('',(8.E+03,2.55E+03,-210.));
#2843 = VECTOR('',#2844,1.);
#2844 = DIRECTION('',(0.,1.,0.));
#2845 = CARTESIAN_POINT('',(8.E+03,2.55E+03,-210.));
#2846 = CARTESIAN_POINT('',(8.E+03,2.75E+03,-210.));
#2847 = GEOMETRIC_CURVE_SET('',(#2848));
#2848 = TRIMMED_CURVE('',#2849,(#2853,PARAMETER_VALUE(0.)),(#2854,
    PARAMETER_VALUE(210.)),.T.,.PARAMETER.);
#2849 = LINE('',#2850,#2851);
#2850 = CARTESIAN_POINT('',(1.1E+04,-2.75E+03,0.));
#2851 = VECTOR('',#2852,1.);
#2852 = DIRECTION('',(0.,0.,-1.));
#2853 = CARTESIAN_POINT('',(1.1E+04,-2.75E+03,0.));
#2854 = CARTESIAN_POINT('',(1.1E+04,-2.75E+03,-210.));
#2855 = GEOMETRIC_CURVE_SET('',(#2856));
#2856 = TRIMMED_CURVE('',#2857,(#2861,PARAMETER_VALUE(0.)),(#2862,
    PARAMETER_VALUE(210.)),.T.,.PARAMETER.);
#2857 = LINE('',#2858,#2859);
#2858 = CARTESIAN_POINT('',(1.1E+04,-2.75E+03,-210.));
#2859 = VECTOR('',#2860,1.);
#2860 = DIRECTION('',(0.,0.,-1.));
#2861 = CARTESIAN_POINT('',(1.1E+04,-2.75E+03,-210.));
#2862 = CARTESIAN_POINT('',(1.1E+04,-2.75E+03,-420.));
#2863 = GEOMETRIC_CURVE_SET('',(#2864));
#2864 = TRIMMED_CURVE('',#2865,(#2869,PARAMETER_VALUE(0.)),(#2870,
    PARAMETER_VALUE(210.)),.T.,.PARAMETER.);
#2865 = LINE('',#2866,#2867);
#2866 = CARTESIAN_POINT('',(1.1E+04,-2.55E+03,0.));
#2867 = VECTOR('',#2868,1.);
#2868 = DIRECTION('',(0.,0.,-1.));
#2869 = CARTESIAN_POINT('',(1.1E+04,-2.55E+03,0.));
#2870 = CARTESIAN_POINT('',(1.1E+04,-2.55E+03,-210.));
#2871 = GEOMETRIC_CURVE_SET('',(#2872));
#2872 = TRIMMED_CURVE('',#2873,(#2877,PARAMETER_VALUE(0.)),(#2878,
    PARAMETER_VALUE(210.)),.T.,.PARAMETER.);
#2873 = LINE('',#2874,#2875);
#2874 = CARTESIAN_POINT('',(1.1E+04,-2.55E+03,-210.));
#2875 = VECTOR('',#2876,1.);
#2876 = DIRECTION('',(0.,0.,-1.));
#2877 = CARTESIAN_POINT('',(1.1E+04,-2.55E+03,-210.));
#2878 = CARTESIAN_POINT('',(1.1E+04,-2.55E+03,-420.));
#2879 = GEOMETRIC_CURVE_SET('',(#2880));
#2880 = TRIMMED_CURVE('',#2881,(#2885,PARAMETER_VALUE(0.)),(#2886,
    PARAMETER_VALUE(210.)),.T.,.PARAMETER.);
#2881 = LINE('',#2882,#2883);
#2882 = CARTESIAN_POINT('',(1.1E+04,2.55E+03,0.));
#2883 = VECTOR('',#2884,1.);
#2884 = DIRECTION('',(0.,0.,-1.));
#2885 = CARTESIAN_POINT('',(1.1E+04,2.55E+03,0.));
#2886 = CARTESIAN_POINT('',(1.1E+04,2.55E+03,-210.));
#2887 = GEOMETRIC_CURVE_SET('',(#2888));
#2888 = TRIMMED_CURVE('',#2889,(#2893,PARAMETER_VALUE(0.)),(#2894,
    PARAMETER_VALUE(210.)),.T.,.PARAMETER.);
#2889 = LINE('',#2890,#2891);
#2890 = CARTESIAN_POINT('',(1.1E+04,2.55E+03,-210.));
#2891 = VECTOR('',#2892,1.);
#2892 = DIRECTION('',(0.,0.,-1.));
#2893 = CARTESIAN_POINT('',(1.1E+04,2.55E+03,-210.));
#2894 = CARTESIAN_POINT('',(1.1E+04,2.55E+03,-420.));
#2895 = GEOMETRIC_CURVE_SET('',(#2896));
#2896 = TRIMMED_CURVE('',#2897,(#2901,PARAMETER_VALUE(0.)),(#2902,
    PARAMETER_VALUE(210.)),.T.,.PARAMETER.);
#2897 = LINE('',#2898,#2899);
#2898 = CARTESIAN_POINT('',(1.1E+04,2.75E+03,0.));
#2899 = VECTOR('',#2900,1.);
#2900 = DIRECTION('',(0.,0.,-1.));
#2901 = CARTESIAN_POINT('',(1.1E+04,2.75E+03,0.));
#2902 = CARTESIAN_POINT('',(1.1E+04,2.75E+03,-210.));
#2903 = GEOMETRIC_CURVE_SET('',(#2904));
#2904 = TRIMMED_CURVE('',#2905,(#2909,PARAMETER_VALUE(0.)),(#2910,
    PARAMETER_VALUE(210.)),.T.,.PARAMETER.);
#2905 = LINE('',#2906,#2907);
#2906 = CARTESIAN_POINT('',(1.1E+04,2.75E+03,-210.));
#2907 = VECTOR('',#2908,1.);
#2908 = DIRECTION('',(0.,0.,-1.));
#2909 = CARTESIAN_POINT('',(1.1E+04,2.75E+03,-210.));
#2910 = CARTESIAN_POINT('',(1.1E+04,2.75E+03,-420.));
#2911 = GEOMETRIC_CURVE_SET('',(#2912));
#2912 = TRIMMED_CURVE('',#2913,(#2917,PARAMETER_VALUE(0.)),(#2918,
    PARAMETER_VALUE(200.)),.T.,.PARAMETER.);
#2913 = LINE('',#2914,#2915);
#2914 = CARTESIAN_POINT('',(1.1E+04,-2.75E+03,-210.));
#2915 = VECTOR('',#2916,1.);
#2916 = DIRECTION('',(0.,1.,0.));
#2917 = CARTESIAN_POINT('',(1.1E+04,-2.75E+03,-210.));
#2918 = CARTESIAN_POINT('',(1.1E+04,-2.55E+03,-210.));
#2919 = GEOMETRIC_CURVE_SET('',(#2920));
#2920 = TRIMMED_CURVE('',#2921,(#2925,PARAMETER_VALUE(0.)),(#2926,
    PARAMETER_VALUE(5.1E+03)),.T.,.PARAMETER.);
#2921 = LINE('',#2922,#2923);
#2922 = CARTESIAN_POINT('',(1.1E+04,-2.55E+03,-210.));
#2923 = VECTOR('',#2924,1.);
#2924 = DIRECTION('',(0.,1.,0.));
#2925 = CARTESIAN_POINT('',(1.1E+04,-2.55E+03,-210.));
#2926 = CARTESIAN_POINT('',(1.1E+04,2.55E+03,-210.));
#2927 = GEOMETRIC_CURVE_SET('',(#2928));
#2928 = TRIMMED_CURVE('',#2929,(#2933,PARAMETER_VALUE(0.)),(#2934,
    PARAMETER_VALUE(200.)),.T.,.PARAMETER.);
#2929 = LINE('',#2930,#2931);
#2930 = CARTESIAN_POINT('',(1.1E+04,2.55E+03,-210.));
#2931 = VECTOR('',#2932,1.);
#2932 = DIRECTION('',(0.,1.,0.));
#2933 = CARTESIAN_POINT('',(1.1E+04,2.55E+03,-210.));
#2934 = CARTESIAN_POINT('',(1.1E+04,2.75E+03,-210.));
#2935 = GEOMETRIC_CURVE_SET('',(#2936));
#2936 = TRIMMED_CURVE('',#2937,(#2941,PARAMETER_VALUE(0.)),(#2942,
    PARAMETER_VALUE(210.)),.T.,.PARAMETER.);
#2937 = LINE('',#2938,#2939);
#2938 = CARTESIAN_POINT('',(1.4E+04,-2.75E+03,0.));
#2939 = VECTOR('',#2940,1.);
#2940 = DIRECTION('',(0.,0.,-1.));
#2941 = CARTESIAN_POINT('',(1.4E+04,-2.75E+03,0.));
#2942 = CARTESIAN_POINT('',(1.4E+04,-2.75E+03,-210.));
#2943 = GEOMETRIC_CURVE_SET('',(#2944));
#2944 = TRIMMED_CURVE('',#2945,(#2949,PARAMETER_VALUE(0.)),(#2950,
    PARAMETER_VALUE(210.)),.T.,.PARAMETER.);
#2945 = LINE('',#2946,#2947);
#2946 = CARTESIAN_POINT('',(1.4E+04,-2.75E+03,-210.));
#2947 = VECTOR('',#2948,1.);
#2948 = DIRECTION('',(0.,0.,-1.));
#2949 = CARTESIAN_POINT('',(1.4E+04,-2.75E+03,-210.));
#2950 = CARTESIAN_POINT('',(1.4E+04,-2.75E+03,-420.));
#2951 = GEOMETRIC_CURVE_SET('',(#2952));
#2952 = TRIMMED_CURVE('',#2953,(#2957,PARAMETER_VALUE(0.)),(#2958,
    PARAMETER_VALUE(210.)),.T.,.PARAMETER.);
#2953 = LINE('',#2954,#2955);
#2954 = CARTESIAN_POINT('',(1.4E+04,-2.55E+03,0.));
#2955 = VECTOR('',#2956,1.);
#2956 = DIRECTION('',(0.,0.,-1.));
#2957 = CARTESIAN_POINT('',(1.4E+04,-2.55E+03,0.));
#2958 = CARTESIAN_POINT('',(1.4E+04,-2.55E+03,-210.));
#2959 = GEOMETRIC_CURVE_SET('',(#2960));
#2960 = TRIMMED_CURVE('',#2961,(#2965,PARAMETER_VALUE(0.)),(#2966,
    PARAMETER_VALUE(210.)),.T.,.PARAMETER.);
#2961 = LINE('',#2962,#2963);
#2962 = CARTESIAN_POINT('',(1.4E+04,-2.55E+03,-210.));
#2963 = VECTOR('',#2964,1.);
#2964 = DIRECTION('',(0.,0.,-1.));
#2965 = CARTESIAN_POINT('',(1.4E+04,-2.55E+03,-210.));
#2966 = CARTESIAN_POINT('',(1.4E+04,-2.55E+03,-420.));
#2967 = GEOMETRIC_CURVE_SET('',(#2968));
#2968 = TRIMMED_CURVE('',#2969,(#2973,PARAMETER_VALUE(0.)),(#2974,
    PARAMETER_VALUE(210.)),.T.,.PARAMETER.);
#2969 = LINE('',#2970,#2971);
#2970 = CARTESIAN_POINT('',(1.4E+04,2.55E+03,0.));
#2971 = VECTOR('',#2972,1.);
#2972 = DIRECTION('',(0.,0.,-1.));
#2973 = CARTESIAN_POINT('',(1.4E+04,2.55E+03,0.));
#2974 = CARTESIAN_POINT('',(1.4E+04,2.55E+03,-210.));
#2975 = GEOMETRIC_CURVE_SET('',(#2976));
#2976 = TRIMMED_CURVE('',#2977,(#2981,PARAMETER_VALUE(0.)),(#2982,
    PARAMETER_VALUE(210.)),.T.,.PARAMETER.);
#2977 = LINE('',#2978,#2979);
#2978 = CARTESIAN_POINT('',(1.4E+04,2.55E+03,-210.));
#2979 = VECTOR('',#2980,1.);
#2980 = DIRECTION('',(0.,0.,-1.));
#2981 = CARTESIAN_POINT('',(1.4E+04,2.55E+03,-210.));
#2982 = CARTESIAN_POINT('',(1.4E+04,2.55E+03,-420.));
#2983 = GEOMETRIC_CURVE_SET('',(#2984));
#2984 = TRIMMED_CURVE('',#2985,(#2989,PARAMETER_VALUE(0.)),(#2990,
    PARAMETER_VALUE(210.)),.T.,.PARAMETER.);
#2985 = LINE('',#2986,#2987);
#2986 = CARTESIAN_POINT('',(1.4E+04,2.75E+03,0.));
#2987 = VECTOR('',#2988,1.);
#2988 = DIRECTION('',(0.,0.,-1.));
#2989 = CARTESIAN_POINT('',(1.4E+04,2.75E+03,0.));
#2990 = CARTESIAN_POINT('',(1.4E+04,2.75E+03,-210.));
#2991 = GEOMETRIC_CURVE_SET('',(#2992));
#2992 = TRIMMED_CURVE('',#2993,(#2997,PARAMETER_VALUE(0.)),(#2998,
    PARAMETER_VALUE(210.)),.T.,.PARAMETER.);
#2993 = LINE('',#2994,#2995);
#2994 = CARTESIAN_POINT('',(1.4E+04,2.75E+03,-210.));
#2995 = VECTOR('',#2996,1.);
#2996 = DIRECTION('',(0.,0.,-1.));
#2997 = CARTESIAN_POINT('',(1.4E+04,2.75E+03,-210.));
#2998 = CARTESIAN_POINT('',(1.4E+04,2.75E+03,-420.));
#2999 = GEOMETRIC_CURVE_SET('',(#3000));
#3000 = TRIMMED_CURVE('',#3001,(#3005,PARAMETER_VALUE(0.)),(#3006,
    PARAMETER_VALUE(200.)),.T.,.PARAMETER.);
#3001 = LINE('',#3002,#3003);
#3002 = CARTESIAN_POINT('',(1.4E+04,-2.75E+03,-210.));
#3003 = VECTOR('',#3004,1.);
#3004 = DIRECTION('',(0.,1.,0.));
#3005 = CARTESIAN_POINT('',(1.4E+04,-2.75E+03,-210.));
#3006 = CARTESIAN_POINT('',(1.4E+04,-2.55E+03,-210.));
#3007 = GEOMETRIC_CURVE_SET('',(#3008));
#3008 = TRIMMED_CURVE('',#3009,(#3013,PARAMETER_VALUE(0.)),(#3014,
    PARAMETER_VALUE(5.1E+03)),.T.,.PARAMETER.);
#3009 = LINE('',#3010,#3011);
#3010 = CARTESIAN_POINT('',(1.4E+04,-2.55E+03,-210.));
#3011 = VECTOR('',#3012,1.);
#3012 = DIRECTION('',(0.,1.,0.));
#3013 = CARTESIAN_POINT('',(1.4E+04,-2.55E+03,-210.));
#3014 = CARTESIAN_POINT('',(1.4E+04,2.55E+03,-210.));
#3015 = GEOMETRIC_CURVE_SET('',(#3016));
#3016 = TRIMMED_CURVE('',#3017,(#3021,PARAMETER_VALUE(0.)),(#3022,
    PARAMETER_VALUE(200.)),.T.,.PARAMETER.);
#3017 = LINE('',#3018,#3019);
#3018 = CARTESIAN_POINT('',(1.4E+04,2.55E+03,-210.));
#3019 = VECTOR('',#3020,1.);
#3020 = DIRECTION('',(0.,1.,0.));
#3021 = CARTESIAN_POINT('',(1.4E+04,2.55E+03,-210.));
#3022 = CARTESIAN_POINT('',(1.4E+04,2.75E+03,-210.));
#3023 = GEOMETRIC_CURVE_SET('',(#3024));
#3024 = TRIMMED_CURVE('',#3025,(#3029,PARAMETER_VALUE(0.)),(#3030,
    PARAMETER_VALUE(210.)),.T.,.PARAMETER.);
#3025 = LINE('',#3026,#3027);
#3026 = CARTESIAN_POINT('',(1.7E+04,-2.75E+03,0.));
#3027 = VECTOR('',#3028,1.);
#3028 = DIRECTION('',(0.,0.,-1.));
#3029 = CARTESIAN_POINT('',(1.7E+04,-2.75E+03,0.));
#3030 = CARTESIAN_POINT('',(1.7E+04,-2.75E+03,-210.));
#3031 = GEOMETRIC_CURVE_SET('',(#3032));
#3032 = TRIMMED_CURVE('',#3033,(#3037,PARAMETER_VALUE(0.)),(#3038,
    PARAMETER_VALUE(210.)),.T.,.PARAMETER.);
#3033 = LINE('',#3034,#3035);
#3034 = CARTESIAN_POINT('',(1.7E+04,-2.75E+03,-210.));
#3035 = VECTOR('',#3036,1.);
#3036 = DIRECTION('',(0.,0.,-1.));
#3037 = CARTESIAN_POINT('',(1.7E+04,-2.75E+03,-210.));
#3038 = CARTESIAN_POINT('',(1.7E+04,-2.75E+03,-420.));
#3039 = GEOMETRIC_CURVE_SET('',(#3040));
#3040 = TRIMMED_CURVE('',#3041,(#3045,PARAMETER_VALUE(0.)),(#3046,
    PARAMETER_VALUE(210.)),.T.,.PARAMETER.);
#3041 = LINE('',#3042,#3043);
#3042 = CARTESIAN_POINT('',(1.7E+04,-2.55E+03,0.));
#3043 = VECTOR('',#3044,1.);
#3044 = DIRECTION('',(0.,0.,-1.));
#3045 = CARTESIAN_POINT('',(1.7E+04,-2.55E+03,0.));
#3046 = CARTESIAN_POINT('',(1.7E+04,-2.55E+03,-210.));
#3047 = GEOMETRIC_CURVE_SET('',(#3048));
#3048 = TRIMMED_CURVE('',#3049,(#3053,PARAMETER_VALUE(0.)),(#3054,
    PARAMETER_VALUE(210.)),.T.,.PARAMETER.);
#3049 = LINE('',#3050,#3051);
#3050 = CARTESIAN_POINT('',(1.7E+04,-2.55E+03,-210.));
#3051 = VECTOR('',#3052,1.);
#3052 = DIRECTION('',(0.,0.,-1.));
#3053 = CARTESIAN_POINT('',(1.7E+04,-2.55E+03,-210.));
#3054 = CARTESIAN_POINT('',(1.7E+04,-2.55E+03,-420.));
#3055 = GEOMETRIC_CURVE_SET('',(#3056));
#3056 = TRIMMED_CURVE('',#3057,(#3061,PARAMETER_VALUE(0.)),(#3062,
    PARAMETER_VALUE(210.)),.T.,.PARAMETER.);
#3057 = LINE('',#3058,#3059);
#3058 = CARTESIAN_POINT('',(1.7E+04,2.55E+03,0.));
#3059 = VECTOR('',#3060,1.);
#3060 = DIRECTION('',(0.,0.,-1.));
#3061 = CARTESIAN_POINT('',(1.7E+04,2.55E+03,0.));
#3062 = CARTESIAN_POINT('',(1.7E+04,2.55E+03,-210.));
#3063 = GEOMETRIC_CURVE_SET('',(#3064));
#3064 = TRIMMED_CURVE('',#3065,(#3069,PARAMETER_VALUE(0.)),(#3070,
    PARAMETER_VALUE(210.)),.T.,.PARAMETER.);
#3065 = LINE('',#3066,#3067);
#3066 = CARTESIAN_POINT('',(1.7E+04,2.55E+03,-210.));
#3067 = VECTOR('',#3068,1.);
#3068 = DIRECTION('',(0.,0.,-1.));
#3069 = CARTESIAN_POINT('',(1.7E+04,2.55E+03,-210.));
#3070 = CARTESIAN_POINT('',(1.7E+04,2.55E+03,-420.));
#3071 = GEOMETRIC_CURVE_SET('',(#3072));
#3072 = TRIMMED_CURVE('',#3073,(#3077,PARAMETER_VALUE(0.)),(#3078,
    PARAMETER_VALUE(210.)),.T.,.PARAMETER.);
#3073 = LINE('',#3074,#3075);
#3074 = CARTESIAN_POINT('',(1.7E+04,2.75E+03,0.));
#3075 = VECTOR('',#3076,1.);
#3076 = DIRECTION('',(0.,0.,-1.));
#3077 = CARTESIAN_POINT('',(1.7E+04,2.75E+03,0.));
#3078 = CARTESIAN_POINT('',(1.7E+04,2.75E+03,-210.));
#3079 = GEOMETRIC_CURVE_SET('',(#3080));
#3080 = TRIMMED_CURVE('',#3081,(#3085,PARAMETER_VALUE(0.)),(#3086,
    PARAMETER_VALUE(210.)),.T.,.PARAMETER.);
#3081 = LINE('',#3082,#3083);
#3082 = CARTESIAN_POINT('',(1.7E+04,2.75E+03,-210.));
#3083 = VECTOR('',#3084,1.);
#3084 = DIRECTION('',(0.,0.,-1.));
#3085 = CARTESIAN_POINT('',(1.7E+04,2.75E+03,-210.));
#3086 = CARTESIAN_POINT('',(1.7E+04,2.75E+03,-420.));
#3087 = GEOMETRIC_CURVE_SET('',(#3088));
#3088 = TRIMMED_CURVE('',#3089,(#3093,PARAMETER_VALUE(0.)),(#3094,
    PARAMETER_VALUE(200.)),.T.,.PARAMETER.);
#3089 = LINE('',#3090,#3091);
#3090 = CARTESIAN_POINT('',(1.7E+04,-2.75E+03,-210.));
#3091 = VECTOR('',#3092,1.);
#3092 = DIRECTION('',(0.,1.,0.));
#3093 = CARTESIAN_POINT('',(1.7E+04,-2.75E+03,-210.));
#3094 = CARTESIAN_POINT('',(1.7E+04,-2.55E+03,-210.));
#3095 = GEOMETRIC_CURVE_SET('',(#3096));
#3096 = TRIMMED_CURVE('',#3097,(#3101,PARAMETER_VALUE(0.)),(#3102,
    PARAMETER_VALUE(5.1E+03)),.T.,.PARAMETER.);
#3097 = LINE('',#3098,#3099);
#3098 = CARTESIAN_POINT('',(1.7E+04,-2.55E+03,-210.));
#3099 = VECTOR('',#3100,1.);
#3100 = DIRECTION('',(0.,1.,0.));
#3101 = CARTESIAN_POINT('',(1.7E+04,-2.55E+03,-210.));
#3102 = CARTESIAN_POINT('',(1.7E+04,2.55E+03,-210.));
#3103 = GEOMETRIC_CURVE_SET('',(#3104));
#3104 = TRIMMED_CURVE('',#3105,(#3109,PARAMETER_VALUE(0.)),(#3110,
    PARAMETER_VALUE(200.)),.T.,.PARAMETER.);
#3105 = LINE('',#3106,#3107);
#3106 = CARTESIAN_POINT('',(1.7E+04,2.55E+03,-210.));
#3107 = VECTOR('',#3108,1.);
#3108 = DIRECTION('',(0.,1.,0.));
#3109 = CARTESIAN_POINT('',(1.7E+04,2.55E+03,-210.));
#3110 = CARTESIAN_POINT('',(1.7E+04,2.75E+03,-210.));
#3111 = GEOMETRIC_CURVE_SET('',(#3112));
#3112 = TRIMMED_CURVE('',#3113,(#3117,PARAMETER_VALUE(0.)),(#3118,
    PARAMETER_VALUE(210.)),.T.,.PARAMETER.);
#3113 = LINE('',#3114,#3115);
#3114 = CARTESIAN_POINT('',(2.E+04,-2.75E+03,0.));
#3115 = VECTOR('',#3116,1.);
#3116 = DIRECTION('',(0.,0.,-1.));
#3117 = CARTESIAN_POINT('',(2.E+04,-2.75E+03,0.));
#3118 = CARTESIAN_POINT('',(2.E+04,-2.75E+03,-210.));
#3119 = GEOMETRIC_CURVE_SET('',(#3120));
#3120 = TRIMMED_CURVE('',#3121,(#3125,PARAMETER_VALUE(0.)),(#3126,
    PARAMETER_VALUE(210.)),.T.,.PARAMETER.);
#3121 = LINE('',#3122,#3123);
#3122 = CARTESIAN_POINT('',(2.E+04,-2.75E+03,-210.));
#3123 = VECTOR('',#3124,1.);
#3124 = DIRECTION('',(0.,0.,-1.));
#3125 = CARTESIAN_POINT('',(2.E+04,-2.75E+03,-210.));
#3126 = CARTESIAN_POINT('',(2.E+04,-2.75E+03,-420.));
#3127 = GEOMETRIC_CURVE_SET('',(#3128));
#3128 = TRIMMED_CURVE('',#3129,(#3133,PARAMETER_VALUE(0.)),(#3134,
    PARAMETER_VALUE(210.)),.T.,.PARAMETER.);
#3129 = LINE('',#3130,#3131);
#3130 = CARTESIAN_POINT('',(2.E+04,-2.55E+03,0.));
#3131 = VECTOR('',#3132,1.);
#3132 = DIRECTION('',(0.,0.,-1.));
#3133 = CARTESIAN_POINT('',(2.E+04,-2.55E+03,0.));
#3134 = CARTESIAN_POINT('',(2.E+04,-2.55E+03,-210.));
#3135 = GEOMETRIC_CURVE_SET('',(#3136));
#3136 = TRIMMED_CURVE('',#3137,(#3141,PARAMETER_VALUE(0.)),(#3142,
    PARAMETER_VALUE(210.)),.T.,.PARAMETER.);
#3137 = LINE('',#3138,#3139);
#3138 = CARTESIAN_POINT('',(2.E+04,-2.55E+03,-210.));
#3139 = VECTOR('',#3140,1.);
#3140 = DIRECTION('',(0.,0.,-1.));
#3141 = CARTESIAN_POINT('',(2.E+04,-2.55E+03,-210.));
#3142 = CARTESIAN_POINT('',(2.E+04,-2.55E+03,-420.));
#3143 = GEOMETRIC_CURVE_SET('',(#3144));
#3144 = TRIMMED_CURVE('',#3145,(#3149,PARAMETER_VALUE(0.)),(#3150,
    PARAMETER_VALUE(210.)),.T.,.PARAMETER.);
#3145 = LINE('',#3146,#3147);
#3146 = CARTESIAN_POINT('',(2.E+04,2.55E+03,0.));
#3147 = VECTOR('',#3148,1.);
#3148 = DIRECTION('',(0.,0.,-1.));
#3149 = CARTESIAN_POINT('',(2.E+04,2.55E+03,0.));
#3150 = CARTESIAN_POINT('',(2.E+04,2.55E+03,-210.));
#3151 = GEOMETRIC_CURVE_SET('',(#3152));
#3152 = TRIMMED_CURVE('',#3153,(#3157,PARAMETER_VALUE(0.)),(#3158,
    PARAMETER_VALUE(210.)),.T.,.PARAMETER.);
#3153 = LINE('',#3154,#3155);
#3154 = CARTESIAN_POINT('',(2.E+04,2.55E+03,-210.));
#3155 = VECTOR('',#3156,1.);
#3156 = DIRECTION('',(0.,0.,-1.));
#3157 = CARTESIAN_POINT('',(2.E+04,2.55E+03,-210.));
#3158 = CARTESIAN_POINT('',(2.E+04,2.55E+03,-420.));
#3159 = GEOMETRIC_CURVE_SET('',(#3160));
#3160 = TRIMMED_CURVE('',#3161,(#3165,PARAMETER_VALUE(0.)),(#3166,
    PARAMETER_VALUE(210.)),.T.,.PARAMETER.);
#3161 = LINE('',#3162,#3163);
#3162 = CARTESIAN_POINT('',(2.E+04,2.75E+03,0.));
#3163 = VECTOR('',#3164,1.);
#3164 = DIRECTION('',(0.,0.,-1.));
#3165 = CARTESIAN_POINT('',(2.E+04,2.75E+03,0.));
#3166 = CARTESIAN_POINT('',(2.E+04,2.75E+03,-210.));
#3167 = GEOMETRIC_CURVE_SET('',(#3168));
#3168 = TRIMMED_CURVE('',#3169,(#3173,PARAMETER_VALUE(0.)),(#3174,
    PARAMETER_VALUE(210.)),.T.,.PARAMETER.);
#3169 = LINE('',#3170,#3171);
#3170 = CARTESIAN_POINT('',(2.E+04,2.75E+03,-210.));
#3171 = VECTOR('',#3172,1.);
#3172 = DIRECTION('',(0.,0.,-1.));
#3173 = CARTESIAN_POINT('',(2.E+04,2.75E+03,-210.));
#3174 = CARTESIAN_POINT('',(2.E+04,2.75E+03,-420.));
#3175 = GEOMETRIC_CURVE_SET('',(#3176));
#3176 = TRIMMED_CURVE('',#3177,(#3181,PARAMETER_VALUE(0.)),(#3182,
    PARAMETER_VALUE(200.)),.T.,.PARAMETER.);
#3177 = LINE('',#3178,#3179);
#3178 = CARTESIAN_POINT('',(2.E+04,-2.75E+03,-210.));
#3179 = VECTOR('',#3180,1.);
#3180 = DIRECTION('',(0.,1.,0.));
#3181 = CARTESIAN_POINT('',(2.E+04,-2.75E+03,-210.));
#3182 = CARTESIAN_POINT('',(2.E+04,-2.55E+03,-210.));
#3183 = GEOMETRIC_CURVE_SET('',(#3184));
#3184 = TRIMMED_CURVE('',#3185,(#3189,PARAMETER_VALUE(0.)),(#3190,
    PARAMETER_VALUE(5.1E+03)),.T.,.PARAMETER.);
#3185 = LINE('',#3186,#3187);
#3186 = CARTESIAN_POINT('',(2.E+04,-2.55E+03,-210.));
#3187 = VECTOR('',#3188,1.);
#3188 = DIRECTION('',(0.,1.,0.));
#3189 = CARTESIAN_POINT('',(2.E+04,-2.55E+03,-210.));
#3190 = CARTESIAN_POINT('',(2.E+04,2.55E+03,-210.));
#3191 = GEOMETRIC_CURVE_SET('',(#3192));
#3192 = TRIMMED_CURVE('',#3193,(#3197,PARAMETER_VALUE(0.)),(#3198,
    PARAMETER_VALUE(200.)),.T.,.PARAMETER.);
#3193 = LINE('',#3194,#3195);
#3194 = CARTESIAN_POINT('',(2.E+04,2.55E+03,-210.));
#3195 = VECTOR('',#3196,1.);
#3196 = DIRECTION('',(0.,1.,0.));
#3197 = CARTESIAN_POINT('',(2.E+04,2.55E+03,-210.));
#3198 = CARTESIAN_POINT('',(2.E+04,2.75E+03,-210.));
#3199 = GEOMETRIC_CURVE_SET('',(#3200));
#3200 = TRIMMED_CURVE('',#3201,(#3205,PARAMETER_VALUE(0.)),(#3206,
    PARAMETER_VALUE(210.)),.T.,.PARAMETER.);
#3201 = LINE('',#3202,#3203);
#3202 = CARTESIAN_POINT('',(2.3E+04,-2.75E+03,0.));
#3203 = VECTOR('',#3204,1.);
#3204 = DIRECTION('',(0.,0.,-1.));
#3205 = CARTESIAN_POINT('',(2.3E+04,-2.75E+03,0.));
#3206 = CARTESIAN_POINT('',(2.3E+04,-2.75E+03,-210.));
#3207 = GEOMETRIC_CURVE_SET('',(#3208));
#3208 = TRIMMED_CURVE('',#3209,(#3213,PARAMETER_VALUE(0.)),(#3214,
    PARAMETER_VALUE(210.)),.T.,.PARAMETER.);
#3209 = LINE('',#3210,#3211);
#3210 = CARTESIAN_POINT('',(2.3E+04,-2.75E+03,-210.));
#3211 = VECTOR('',#3212,1.);
#3212 = DIRECTION('',(0.,0.,-1.));
#3213 = CARTESIAN_POINT('',(2.3E+04,-2.75E+03,-210.));
#3214 = CARTESIAN_POINT('',(2.3E+04,-2.75E+03,-420.));
#3215 = GEOMETRIC_CURVE_SET('',(#3216));
#3216 = TRIMMED_CURVE('',#3217,(#3221,PARAMETER_VALUE(0.)),(#3222,
    PARAMETER_VALUE(210.)),.T.,.PARAMETER.);
#3217 = LINE('',#3218,#3219);
#3218 = CARTESIAN_POINT('',(2.3E+04,-2.55E+03,0.));
#3219 = VECTOR('',#3220,1.);
#3220 = DIRECTION('',(0.,0.,-1.));
#3221 = CARTESIAN_POINT('',(2.3E+04,-2.55E+03,0.));
#3222 = CARTESIAN_POINT('',(2.3E+04,-2.55E+03,-210.));
#3223 = GEOMETRIC_CURVE_SET('',(#3224));
#3224 = TRIMMED_CURVE('',#3225,(#3229,PARAMETER_VALUE(0.)),(#3230,
    PARAMETER_VALUE(210.)),.T.,.PARAMETER.);
#3225 = LINE('',#3226,#3227);
#3226 = CARTESIAN_POINT('',(2.3E+04,-2.55E+03,-210.));
#3227 = VECTOR('',#3228,1.);
#3228 = DIRECTION('',(0.,0.,-1.));
#3229 = CARTESIAN_POINT('',(2.3E+04,-2.55E+03,-210.));
#3230 = CARTESIAN_POINT('',(2.3E+04,-2.55E+03,-420.));
#3231 = GEOMETRIC_CURVE_SET('',(#3232));
#3232 = TRIMMED_CURVE('',#3233,(#3237,PARAMETER_VALUE(0.)),(#3238,
    PARAMETER_VALUE(210.)),.T.,.PARAMETER.);
#3233 = LINE('',#3234,#3235);
#3234 = CARTESIAN_POINT('',(2.3E+04,2.55E+03,0.));
#3235 = VECTOR('',#3236,1.);
#3236 = DIRECTION('',(0.,0.,-1.));
#3237 = CARTESIAN_POINT('',(2.3E+04,2.55E+03,0.));
#3238 = CARTESIAN_POINT('',(2.3E+04,2.55E+03,-210.));
#3239 = GEOMETRIC_CURVE_SET('',(#3240));
#3240 = TRIMMED_CURVE('',#3241,(#3245,PARAMETER_VALUE(0.)),(#3246,
    PARAMETER_VALUE(210.)),.T.,.PARAMETER.);
#3241 = LINE('',#3242,#3243);
#3242 = CARTESIAN_POINT('',(2.3E+04,2.55E+03,-210.));
#3243 = VECTOR('',#3244,1.);
#3244 = DIRECTION('',(0.,0.,-1.));
#3245 = CARTESIAN_POINT('',(2.3E+04,2.55E+03,-210.));
#3246 = CARTESIAN_POINT('',(2.3E+04,2.55E+03,-420.));
#3247 = GEOMETRIC_CURVE_SET('',(#3248));
#3248 = TRIMMED_CURVE('',#3249,(#3253,PARAMETER_VALUE(0.)),(#3254,
    PARAMETER_VALUE(210.)),.T.,.PARAMETER.);
#3249 = LINE('',#3250,#3251);
#3250 = CARTESIAN_POINT('',(2.3E+04,2.75E+03,0.));
#3251 = VECTOR('',#3252,1.);
#3252 = DIRECTION('',(0.,0.,-1.));
#3253 = CARTESIAN_POINT('',(2.3E+04,2.75E+03,0.));
#3254 = CARTESIAN_POINT('',(2.3E+04,2.75E+03,-210.));
#3255 = GEOMETRIC_CURVE_SET('',(#3256));
#3256 = TRIMMED_CURVE('',#3257,(#3261,PARAMETER_VALUE(0.)),(#3262,
    PARAMETER_VALUE(210.)),.T.,.PARAMETER.);
#3257 = LINE('',#3258,#3259);
#3258 = CARTESIAN_POINT('',(2.3E+04,2.75E+03,-210.));
#3259 = VECTOR('',#3260,1.);
#3260 = DIRECTION('',(0.,0.,-1.));
#3261 = CARTESIAN_POINT('',(2.3E+04,2.75E+03,-210.));
#3262 = CARTESIAN_POINT('',(2.3E+04,2.75E+03,-420.));
#3263 = GEOMETRIC_CURVE_SET('',(#3264));
#3264 = TRIMMED_CURVE('',#3265,(#3269,PARAMETER_VALUE(0.)),(#3270,
    PARAMETER_VALUE(200.)),.T.,.PARAMETER.);
#3265 = LINE('',#3266,#3267);
#3266 = CARTESIAN_POINT('',(2.3E+04,-2.75E+03,-210.));
#3267 = VECTOR('',#3268,1.);
#3268 = DIRECTION('',(0.,1.,0.));
#3269 = CARTESIAN_POINT('',(2.3E+04,-2.75E+03,-210.));
#3270 = CARTESIAN_POINT('',(2.3E+04,-2.55E+03,-210.));
#3271 = GEOMETRIC_CURVE_SET('',(#3272));
#3272 = TRIMMED_CURVE('',#3273,(#3277,PARAMETER_VALUE(0.)),(#3278,
    PARAMETER_VALUE(5.1E+03)),.T.,.PARAMETER.);
#3273 = LINE('',#3274,#3275);
#3274 = CARTESIAN_POINT('',(2.3E+04,-2.55E+03,-210.));
#3275 = VECTOR('',#3276,1.);
#3276 = DIRECTION('',(0.,1.,0.));
#3277 = CARTESIAN_POINT('',(2.3E+04,-2.55E+03,-210.));
#3278 = CARTESIAN_POINT('',(2.3E+04,2.55E+03,-210.));
#3279 = GEOMETRIC_CURVE_SET('',(#3280));
#3280 = TRIMMED_CURVE('',#3281,(#3285,PARAMETER_VALUE(0.)),(#3286,
    PARAMETER_VALUE(200.)),.T.,.PARAMETER.);
#3281 = LINE('',#3282,#3283);
#3282 = CARTESIAN_POINT('',(2.3E+04,2.55E+03,-210.));
#3283 = VECTOR('',#3284,1.);
#3284 = DIRECTION('',(0.,1.,0.));
#3285 = CARTESIAN_POINT('',(2.3E+04,2.55E+03,-210.));
#3286 = CARTESIAN_POINT('',(2.3E+04,2.75E+03,-210.));
#3287 = GEOMETRIC_CURVE_SET('',(#3288));
#3288 = TRIMMED_CURVE('',#3289,(#3293,PARAMETER_VALUE(0.)),(#3294,
    PARAMETER_VALUE(210.)),.T.,.PARAMETER.);
#3289 = LINE('',#3290,#3291);
#3290 = CARTESIAN_POINT('',(2.6E+04,-2.75E+03,0.));
#3291 = VECTOR('',#3292,1.);
#3292 = DIRECTION('',(0.,0.,-1.));
#3293 = CARTESIAN_POINT('',(2.6E+04,-2.75E+03,0.));
#3294 = CARTESIAN_POINT('',(2.6E+04,-2.75E+03,-210.));
#3295 = GEOMETRIC_CURVE_SET('',(#3296));
#3296 = TRIMMED_CURVE('',#3297,(#3301,PARAMETER_VALUE(0.)),(#3302,
    PARAMETER_VALUE(210.)),.T.,.PARAMETER.);
#3297 = LINE('',#3298,#3299);
#3298 = CARTESIAN_POINT('',(2.6E+04,-2.75E+03,-210.));
#3299 = VECTOR('',#3300,1.);
#3300 = DIRECTION('',(0.,0.,-1.));
#3301 = CARTESIAN_POINT('',(2.6E+04,-2.75E+03,-210.));
#3302 = CARTESIAN_POINT('',(2.6E+04,-2.75E+03,-420.));
#3303 = GEOMETRIC_CURVE_SET('',(#3304));
#3304 = TRIMMED_CURVE('',#3305,(#3309,PARAMETER_VALUE(0.)),(#3310,
    PARAMETER_VALUE(210.)),.T.,.PARAMETER.);
#3305 = LINE('',#3306,#3307);
#3306 = CARTESIAN_POINT('',(2.6E+04,-2.55E+03,0.));
#3307 = VECTOR('',#3308,1.);
#3308 = DIRECTION('',(0.,0.,-1.));
#3309 = CARTESIAN_POINT('',(2.6E+04,-2.55E+03,0.));
#3310 = CARTESIAN_POINT('',(2.6E+04,-2.55E+03,-210.));
#3311 = GEOMETRIC_CURVE_SET('',(#3312));
#3312 = TRIMMED_CURVE('',#3313,(#3317,PARAMETER_VALUE(0.)),(#3318,
    PARAMETER_VALUE(210.)),.T.,.PARAMETER.);
#3313 = LINE('',#3314,#3315);
#3314 = CARTESIAN_POINT('',(2.6E+04,-2.55E+03,-210.));
#3315 = VECTOR('',#3316,1.);
#3316 = DIRECTION('',(0.,0.,-1.));
#3317 = CARTESIAN_POINT('',(2.6E+04,-2.55E+03,-210.));
#3318 = CARTESIAN_POINT('',(2.6E+04,-2.55E+03,-420.));
#3319 = GEOMETRIC_CURVE_SET('',(#3320));
#3320 = TRIMMED_CURVE('',#3321,(#3325,PARAMETER_VALUE(0.)),(#3326,
    PARAMETER_VALUE(210.)),.T.,.PARAMETER.);
#3321 = LINE('',#3322,#3323);
#3322 = CARTESIAN_POINT('',(2.6E+04,2.55E+03,0.));
#3323 = VECTOR('',#3324,1.);
#3324 = DIRECTION('',(0.,0.,-1.));
#3325 = CARTESIAN_POINT('',(2.6E+04,2.55E+03,0.));
#3326 = CARTESIAN_POINT('',(2.6E+04,2.55E+03,-210.));
#3327 = GEOMETRIC_CURVE_SET('',(#3328));
#3328 = TRIMMED_CURVE('',#3329,(#3333,PARAMETER_VALUE(0.)),(#3334,
    PARAMETER_VALUE(210.)),.T.,.PARAMETER.);
#3329 = LINE('',#3330,#3331);
#3330 = CARTESIAN_POINT('',(2.6E+04,2.55E+03,-210.));
#3331 = VECTOR('',#3332,1.);
#3332 = DIRECTION('',(0.,0.,-1.));
#3333 = CARTESIAN_POINT('',(2.6E+04,2.55E+03,-210.));
#3334 = CARTESIAN_POINT('',(2.6E+04,2.55E+03,-420.));
#3335 = GEOMETRIC_CURVE_SET('',(#3336));
#3336 = TRIMMED_CURVE('',#3337,(#3341,PARAMETER_VALUE(0.)),(#3342,
    PARAMETER_VALUE(210.)),.T.,.PARAMETER.);
#3337 = LINE('',#3338,#3339);
#3338 = CARTESIAN_POINT('',(2.6E+04,2.75E+03,0.));
#3339 = VECTOR('',#3340,1.);
#3340 = DIRECTION('',(0.,0.,-1.));
#3341 = CARTESIAN_POINT('',(2.6E+04,2.75E+03,0.));
#3342 = CARTESIAN_POINT('',(2.6E+04,2.75E+03,-210.));
#3343 = GEOMETRIC_CURVE_SET('',(#3344));
#3344 = TRIMMED_CURVE('',#3345,(#3349,PARAMETER_VALUE(0.)),(#3350,
    PARAMETER_VALUE(210.)),.T.,.PARAMETER.);
#3345 = LINE('',#3346,#3347);
#3346 = CARTESIAN_POINT('',(2.6E+04,2.75E+03,-210.));
#3347 = VECTOR('',#3348,1.);
#3348 = DIRECTION('',(0.,0.,-1.));
#3349 = CARTESIAN_POINT('',(2.6E+04,2.75E+03,-210.));
#3350 = CARTESIAN_POINT('',(2.6E+04,2.75E+03,-420.));
#3351 = GEOMETRIC_CURVE_SET('',(#3352));
#3352 = TRIMMED_CURVE('',#3353,(#3357,PARAMETER_VALUE(0.)),(#3358,
    PARAMETER_VALUE(200.)),.T.,.PARAMETER.);
#3353 = LINE('',#3354,#3355);
#3354 = CARTESIAN_POINT('',(2.6E+04,-2.75E+03,-210.));
#3355 = VECTOR('',#3356,1.);
#3356 = DIRECTION('',(0.,1.,0.));
#3357 = CARTESIAN_POINT('',(2.6E+04,-2.75E+03,-210.));
#3358 = CARTESIAN_POINT('',(2.6E+04,-2.55E+03,-210.));
#3359 = GEOMETRIC_CURVE_SET('',(#3360));
#3360 = TRIMMED_CURVE('',#3361,(#3365,PARAMETER_VALUE(0.)),(#3366,
    PARAMETER_VALUE(5.1E+03)),.T.,.PARAMETER.);
#3361 = LINE('',#3362,#3363);
#3362 = CARTESIAN_POINT('',(2.6E+04,-2.55E+03,-210.));
#3363 = VECTOR('',#3364,1.);
#3364 = DIRECTION('',(0.,1.,0.));
#3365 = CARTESIAN_POINT('',(2.6E+04,-2.55E+03,-210.));
#3366 = CARTESIAN_POINT('',(2.6E+04,2.55E+03,-210.));
#3367 = GEOMETRIC_CURVE_SET('',(#3368));
#3368 = TRIMMED_CURVE('',#3369,(#3373,PARAMETER_VALUE(0.)),(#3374,
    PARAMETER_VALUE(200.)),.T.,.PARAMETER.);
#3369 = LINE('',#3370,#3371);
#3370 = CARTESIAN_POINT('',(2.6E+04,2.55E+03,-210.));
#3371 = VECTOR('',#3372,1.);
#3372 = DIRECTION('',(0.,1.,0.));
#3373 = CARTESIAN_POINT('',(2.6E+04,2.55E+03,-210.));
#3374 = CARTESIAN_POINT('',(2.6E+04,2.75E+03,-210.));
#3375 = GEOMETRIC_CURVE_SET('',(#3376));
#3376 = TRIMMED_CURVE('',#3377,(#3381,PARAMETER_VALUE(0.)),(#3382,
    PARAMETER_VALUE(210.)),.T.,.PARAMETER.);
#3377 = LINE('',#3378,#3379);
#3378 = CARTESIAN_POINT('',(2.9E+04,-2.75E+03,0.));
#3379 = VECTOR('',#3380,1.);
#3380 = DIRECTION('',(0.,0.,-1.));
#3381 = CARTESIAN_POINT('',(2.9E+04,-2.75E+03,0.));
#3382 = CARTESIAN_POINT('',(2.9E+04,-2.75E+03,-210.));
#3383 = GEOMETRIC_CURVE_SET('',(#3384));
#3384 = TRIMMED_CURVE('',#3385,(#3389,PARAMETER_VALUE(0.)),(#3390,
    PARAMETER_VALUE(210.)),.T.,.PARAMETER.);
#3385 = LINE('',#3386,#3387);
#3386 = CARTESIAN_POINT('',(2.9E+04,-2.75E+03,-210.));
#3387 = VECTOR('',#3388,1.);
#3388 = DIRECTION('',(0.,0.,-1.));
#3389 = CARTESIAN_POINT('',(2.9E+04,-2.75E+03,-210.));
#3390 = CARTESIAN_POINT('',(2.9E+04,-2.75E+03,-420.));
#3391 = GEOMETRIC_CURVE_SET('',(#3392));
#3392 = TRIMMED_CURVE('',#3393,(#3397,PARAMETER_VALUE(0.)),(#3398,
    PARAMETER_VALUE(210.)),.T.,.PARAMETER.);
#3393 = LINE('',#3394,#3395);
#3394 = CARTESIAN_POINT('',(2.9E+04,-2.55E+03,0.));
#3395 = VECTOR('',#3396,1.);
#3396 = DIRECTION('',(0.,0.,-1.));
#3397 = CARTESIAN_POINT('',(2.9E+04,-2.55E+03,0.));
#3398 = CARTESIAN_POINT('',(2.9E+04,-2.55E+03,-210.));
#3399 = GEOMETRIC_CURVE_SET('',(#3400));
#3400 = TRIMMED_CURVE('',#3401,(#3405,PARAMETER_VALUE(0.)),(#3406,
    PARAMETER_VALUE(210.)),.T.,.PARAMETER.);
#3401 = LINE('',#3402,#3403);
#3402 = CARTESIAN_POINT('',(2.9E+04,-2.55E+03,-210.));
#3403 = VECTOR('',#3404,1.);
#3404 = DIRECTION('',(0.,0.,-1.));
#3405 = CARTESIAN_POINT('',(2.9E+04,-2.55E+03,-210.));
#3406 = CARTESIAN_POINT('',(2.9E+04,-2.55E+03,-420.));
#3407 = GEOMETRIC_CURVE_SET('',(#3408));
#3408 = TRIMMED_CURVE('',#3409,(#3413,PARAMETER_VALUE(0.)),(#3414,
    PARAMETER_VALUE(210.)),.T.,.PARAMETER.);
#3409 = LINE('',#3410,#3411);
#3410 = CARTESIAN_POINT('',(2.9E+04,2.55E+03,0.));
#3411 = VECTOR('',#3412,1.);
#3412 = DIRECTION('',(0.,0.,-1.));
#3413 = CARTESIAN_POINT('',(2.9E+04,2.55E+03,0.));
#3414 = CARTESIAN_POINT('',(2.9E+04,2.55E+03,-210.));
#3415 = GEOMETRIC_CURVE_SET('',(#3416));
#3416 = TRIMMED_CURVE('',#3417,(#3421,PARAMETER_VALUE(0.)),(#3422,
    PARAMETER_VALUE(210.)),.T.,.PARAMETER.);
#3417 = LINE('',#3418,#3419);
#3418 = CARTESIAN_POINT('',(2.9E+04,2.55E+03,-210.));
#3419 = VECTOR('',#3420,1.);
#3420 = DIRECTION('',(0.,0.,-1.));
#3421 = CARTESIAN_POINT('',(2.9E+04,2.55E+03,-210.));
#3422 = CARTESIAN_POINT('',(2.9E+04,2.55E+03,-420.));
#3423 = GEOMETRIC_CURVE_SET('',(#3424));
#3424 = TRIMMED_CURVE('',#3425,(#3429,PARAMETER_VALUE(0.)),(#3430,
    PARAMETER_VALUE(210.)),.T.,.PARAMETER.);
#3425 = LINE('',#3426,#3427);
#3426 = CARTESIAN_POINT('',(2.9E+04,2.75E+03,0.));
#3427 = VECTOR('',#3428,1.);
#3428 = DIRECTION('',(0.,0.,-1.));
#3429 = CARTESIAN_POINT('',(2.9E+04,2.75E+03,0.));
#3430 = CARTESIAN_POINT('',(2.9E+04,2.75E+03,-210.));
#3431 = GEOMETRIC_CURVE_SET('',(#3432));
#3432 = TRIMMED_CURVE('',#3433,(#3437,PARAMETER_VALUE(0.)),(#3438,
    PARAMETER_VALUE(210.)),.T.,.PARAMETER.);
#3433 = LINE('',#3434,#3435);
#3434 = CARTESIAN_POINT('',(2.9E+04,2.75E+03,-210.));
#3435 = VECTOR('',#3436,1.);
#3436 = DIRECTION('',(0.,0.,-1.));
#3437 = CARTESIAN_POINT('',(2.9E+04,2.75E+03,-210.));
#3438 = CARTESIAN_POINT('',(2.9E+04,2.75E+03,-420.));
#3439 = GEOMETRIC_CURVE_SET('',(#3440));
#3440 = TRIMMED_CURVE('',#3441,(#3445,PARAMETER_VALUE(0.)),(#3446,
    PARAMETER_VALUE(200.)),.T.,.PARAMETER.);
#3441 = LINE('',#3442,#3443);
#3442 = CARTESIAN_POINT('',(2.9E+04,-2.75E+03,-210.));
#3443 = VECTOR('',#3444,1.);
#3444 = DIRECTION('',(0.,1.,0.));
#3445 = CARTESIAN_POINT('',(2.9E+04,-2.75E+03,-210.));
#3446 = CARTESIAN_POINT('',(2.9E+04,-2.55E+03,-210.));
#3447 = GEOMETRIC_CURVE_SET('',(#3448));
#3448 = TRIMMED_CURVE('',#3449,(#3453,PARAMETER_VALUE(0.)),(#3454,
    PARAMETER_VALUE(5.1E+03)),.T.,.PARAMETER.);
#3449 = LINE('',#3450,#3451);
#3450 = CARTESIAN_POINT('',(2.9E+04,-2.55E+03,-210.));
#3451 = VECTOR('',#3452,1.);
#3452 = DIRECTION('',(0.,1.,0.));
#3453 = CARTESIAN_POINT('',(2.9E+04,-2.55E+03,-210.));
#3454 = CARTESIAN_POINT('',(2.9E+04,2.55E+03,-210.));
#3455 = GEOMETRIC_CURVE_SET('',(#3456));
#3456 = TRIMMED_CURVE('',#3457,(#3461,PARAMETER_VALUE(0.)),(#3462,
    PARAMETER_VALUE(200.)),.T.,.PARAMETER.);
#3457 = LINE('',#3458,#3459);
#3458 = CARTESIAN_POINT('',(2.9E+04,2.55E+03,-210.));
#3459 = VECTOR('',#3460,1.);
#3460 = DIRECTION('',(0.,1.,0.));
#3461 = CARTESIAN_POINT('',(2.9E+04,2.55E+03,-210.));
#3462 = CARTESIAN_POINT('',(2.9E+04,2.75E+03,-210.));
#3463 = GEOMETRIC_CURVE_SET('',(#3464));
#3464 = TRIMMED_CURVE('',#3465,(#3469,PARAMETER_VALUE(0.)),(#3470,
    PARAMETER_VALUE(210.)),.T.,.PARAMETER.);
#3465 = LINE('',#3466,#3467);
#3466 = CARTESIAN_POINT('',(3.2E+04,-2.75E+03,0.));
#3467 = VECTOR('',#3468,1.);
#3468 = DIRECTION('',(0.,0.,-1.));
#3469 = CARTESIAN_POINT('',(3.2E+04,-2.75E+03,0.));
#3470 = CARTESIAN_POINT('',(3.2E+04,-2.75E+03,-210.));
#3471 = GEOMETRIC_CURVE_SET('',(#3472));
#3472 = TRIMMED_CURVE('',#3473,(#3477,PARAMETER_VALUE(0.)),(#3478,
    PARAMETER_VALUE(210.)),.T.,.PARAMETER.);
#3473 = LINE('',#3474,#3475);
#3474 = CARTESIAN_POINT('',(3.2E+04,-2.75E+03,-210.));
#3475 = VECTOR('',#3476,1.);
#3476 = DIRECTION('',(0.,0.,-1.));
#3477 = CARTESIAN_POINT('',(3.2E+04,-2.75E+03,-210.));
#3478 = CARTESIAN_POINT('',(3.2E+04,-2.75E+03,-420.));
#3479 = GEOMETRIC_CURVE_SET('',(#3480));
#3480 = TRIMMED_CURVE('',#3481,(#3485,PARAMETER_VALUE(0.)),(#3486,
    PARAMETER_VALUE(210.)),.T.,.PARAMETER.);
#3481 = LINE('',#3482,#3483);
#3482 = CARTESIAN_POINT('',(3.2E+04,-2.55E+03,0.));
#3483 = VECTOR('',#3484,1.);
#3484 = DIRECTION('',(0.,0.,-1.));
#3485 = CARTESIAN_POINT('',(3.2E+04,-2.55E+03,0.));
#3486 = CARTESIAN_POINT('',(3.2E+04,-2.55E+03,-210.));
#3487 = GEOMETRIC_CURVE_SET('',(#3488));
#3488 = TRIMMED_CURVE('',#3489,(#3493,PARAMETER_VALUE(0.)),(#3494,
    PARAMETER_VALUE(210.)),.T.,.PARAMETER.);
#3489 = LINE('',#3490,#3491);
#3490 = CARTESIAN_POINT('',(3.2E+04,-2.55E+03,-210.));
#3491 = VECTOR('',#3492,1.);
#3492 = DIRECTION('',(0.,0.,-1.));
#3493 = CARTESIAN_POINT('',(3.2E+04,-2.55E+03,-210.));
#3494 = CARTESIAN_POINT('',(3.2E+04,-2.55E+03,-420.));
#3495 = GEOMETRIC_CURVE_SET('',(#3496));
#3496 = TRIMMED_CURVE('',#3497,(#3501,PARAMETER_VALUE(0.)),(#3502,
    PARAMETER_VALUE(210.)),.T.,.PARAMETER.);
#3497 = LINE('',#3498,#3499);
#3498 = CARTESIAN_POINT('',(3.2E+04,2.55E+03,0.));
#3499 = VECTOR('',#3500,1.);
#3500 = DIRECTION('',(0.,0.,-1.));
#3501 = CARTESIAN_POINT('',(3.2E+04,2.55E+03,0.));
#3502 = CARTESIAN_POINT('',(3.2E+04,2.55E+03,-210.));
#3503 = GEOMETRIC_CURVE_SET('',(#3504));
#3504 = TRIMMED_CURVE('',#3505,(#3509,PARAMETER_VALUE(0.)),(#3510,
    PARAMETER_VALUE(210.)),.T.,.PARAMETER.);
#3505 = LINE('',#3506,#3507);
#3506 = CARTESIAN_POINT('',(3.2E+04,2.55E+03,-210.));
#3507 = VECTOR('',#3508,1.);
#3508 = DIRECTION('',(0.,0.,-1.));
#3509 = CARTESIAN_POINT('',(3.2E+04,2.55E+03,-210.));
#3510 = CARTESIAN_POINT('',(3.2E+04,2.55E+03,-420.));
#3511 = GEOMETRIC_CURVE_SET('',(#3512));
#3512 = TRIMMED_CURVE('',#3513,(#3517,PARAMETER_VALUE(0.)),(#3518,
    PARAMETER_VALUE(210.)),.T.,.PARAMETER.);
#3513 = LINE('',#3514,#3515);
#3514 = CARTESIAN_POINT('',(3.2E+04,2.75E+03,0.));
#3515 = VECTOR('',#3516,1.);
#3516 = DIRECTION('',(0.,0.,-1.));
#3517 = CARTESIAN_POINT('',(3.2E+04,2.75E+03,0.));
#3518 = CARTESIAN_POINT('',(3.2E+04,2.75E+03,-210.));
#3519 = GEOMETRIC_CURVE_SET('',(#3520));
#3520 = TRIMMED_CURVE('',#3521,(#3525,PARAMETER_VALUE(0.)),(#3526,
    PARAMETER_VALUE(210.)),.T.,.PARAMETER.);
#3521 = LINE('',#3522,#3523);
#3522 = CARTESIAN_POINT('',(3.2E+04,2.75E+03,-210.));
#3523 = VECTOR('',#3524,1.);
#3524 = DIRECTION('',(0.,0.,-1.));
#3525 = CARTESIAN_POINT('',(3.2E+04,2.75E+03,-210.));
#3526 = CARTESIAN_POINT('',(3.2E+04,2.75E+03,-420.));
#3527 = GEOMETRIC_CURVE_SET('',(#3528));
#3528 = TRIMMED_CURVE('',#3529,(#3533,PARAMETER_VALUE(0.)),(#3534,
    PARAMETER_VALUE(200.)),.T.,.PARAMETER.);
#3529 = LINE('',#3530,#3531);
#3530 = CARTESIAN_POINT('',(3.2E+04,-2.75E+03,-210.));
#3531 = VECTOR('',#3532,1.);
#3532 = DIRECTION('',(0.,1.,0.));
#3533 = CARTESIAN_POINT('',(3.2E+04,-2.75E+03,-210.));
#3534 = CARTESIAN_POINT('',(3.2E+04,-2.55E+03,-210.));
#3535 = GEOMETRIC_CURVE_SET('',(#3536));
#3536 = TRIMMED_CURVE('',#3537,(#3541,PARAMETER_VALUE(0.)),(#3542,
    PARAMETER_VALUE(5.1E+03)),.T.,.PARAMETER.);
#3537 = LINE('',#3538,#3539);
#3538 = CARTESIAN_POINT('',(3.2E+04,-2.55E+03,-210.));
#3539 = VECTOR('',#3540,1.);
#3540 = DIRECTION('',(0.,1.,0.));
#3541 = CARTESIAN_POINT('',(3.2E+04,-2.55E+03,-210.));
#3542 = CARTESIAN_POINT('',(3.2E+04,2.55E+03,-210.));
#3543 = GEOMETRIC_CURVE_SET('',(#3544));
#3544 = TRIMMED_CURVE('',#3545,(#3549,PARAMETER_VALUE(0.)),(#3550,
    PARAMETER_VALUE(200.)),.T.,.PARAMETER.);
#3545 = LINE('',#3546,#3547);
#3546 = CARTESIAN_POINT('',(3.2E+04,2.55E+03,-210.));
#3547 = VECTOR('',#3548,1.);
#3548 = DIRECTION('',(0.,1.,0.));
#3549 = CARTESIAN_POINT('',(3.2E+04,2.55E+03,-210.));
#3550 = CARTESIAN_POINT('',(3.2E+04,2.75E+03,-210.));
#3551 = GEOMETRIC_CURVE_SET('',(#3552));
#3552 = TRIMMED_CURVE('',#3553,(#3557,PARAMETER_VALUE(0.)),(#3558,
    PARAMETER_VALUE(210.)),.T.,.PARAMETER.);
#3553 = LINE('',#3554,#3555);
#3554 = CARTESIAN_POINT('',(3.5E+04,-2.75E+03,0.));
#3555 = VECTOR('',#3556,1.);
#3556 = DIRECTION('',(0.,0.,-1.));
#3557 = CARTESIAN_POINT('',(3.5E+04,-2.75E+03,0.));
#3558 = CARTESIAN_POINT('',(3.5E+04,-2.75E+03,-210.));
#3559 = GEOMETRIC_CURVE_SET('',(#3560));
#3560 = TRIMMED_CURVE('',#3561,(#3565,PARAMETER_VALUE(0.)),(#3566,
    PARAMETER_VALUE(210.)),.T.,.PARAMETER.);
#3561 = LINE('',#3562,#3563);
#3562 = CARTESIAN_POINT('',(3.5E+04,-2.75E+03,-210.));
#3563 = VECTOR('',#3564,1.);
#3564 = DIRECTION('',(0.,0.,-1.));
#3565 = CARTESIAN_POINT('',(3.5E+04,-2.75E+03,-210.));
#3566 = CARTESIAN_POINT('',(3.5E+04,-2.75E+03,-420.));
#3567 = GEOMETRIC_CURVE_SET('',(#3568));
#3568 = TRIMMED_CURVE('',#3569,(#3573,PARAMETER_VALUE(0.)),(#3574,
    PARAMETER_VALUE(210.)),.T.,.PARAMETER.);
#3569 = LINE('',#3570,#3571);
#3570 = CARTESIAN_POINT('',(3.5E+04,-2.55E+03,0.));
#3571 = VECTOR('',#3572,1.);
#3572 = DIRECTION('',(0.,0.,-1.));
#3573 = CARTESIAN_POINT('',(3.5E+04,-2.55E+03,0.));
#3574 = CARTESIAN_POINT('',(3.5E+04,-2.55E+03,-210.));
#3575 = GEOMETRIC_CURVE_SET('',(#3576));
#3576 = TRIMMED_CURVE('',#3577,(#3581,PARAMETER_VALUE(0.)),(#3582,
    PARAMETER_VALUE(210.)),.T.,.PARAMETER.);
#3577 = LINE('',#3578,#3579);
#3578 = CARTESIAN_POINT('',(3.5E+04,-2.55E+03,-210.));
#3579 = VECTOR('',#3580,1.);
#3580 = DIRECTION('',(0.,0.,-1.));
#3581 = CARTESIAN_POINT('',(3.5E+04,-2.55E+03,-210.));
#3582 = CARTESIAN_POINT('',(3.5E+04,-2.55E+03,-420.));
#3583 = GEOMETRIC_CURVE_SET('',(#3584));
#3584 = TRIMMED_CURVE('',#3585,(#3589,PARAMETER_VALUE(0.)),(#3590,
    PARAMETER_VALUE(210.)),.T.,.PARAMETER.);
#3585 = LINE('',#3586,#3587);
#3586 = CARTESIAN_POINT('',(3.5E+04,2.55E+03,0.));
#3587 = VECTOR('',#3588,1.);
#3588 = DIRECTION('',(0.,0.,-1.));
#3589 = CARTESIAN_POINT('',(3.5E+04,2.55E+03,0.));
#3590 = CARTESIAN_POINT('',(3.5E+04,2.55E+03,-210.));
#3591 = GEOMETRIC_CURVE_SET('',(#3592));
#3592 = TRIMMED_CURVE('',#3593,(#3597,PARAMETER_VALUE(0.)),(#3598,
    PARAMETER_VALUE(210.)),.T.,.PARAMETER.);
#3593 = LINE('',#3594,#3595);
#3594 = CARTESIAN_POINT('',(3.5E+04,2.55E+03,-210.));
#3595 = VECTOR('',#3596,1.);
#3596 = DIRECTION('',(0.,0.,-1.));
#3597 = CARTESIAN_POINT('',(3.5E+04,2.55E+03,-210.));
#3598 = CARTESIAN_POINT('',(3.5E+04,2.55E+03,-420.));
#3599 = GEOMETRIC_CURVE_SET('',(#3600));
#3600 = TRIMMED_CURVE('',#3601,(#3605,PARAMETER_VALUE(0.)),(#3606,
    PARAMETER_VALUE(210.)),.T.,.PARAMETER.);
#3601 = LINE('',#3602,#3603);
#3602 = CARTESIAN_POINT('',(3.5E+04,2.75E+03,0.));
#3603 = VECTOR('',#3604,1.);
#3604 = DIRECTION('',(0.,0.,-1.));
#3605 = CARTESIAN_POINT('',(3.5E+04,2.75E+03,0.));
#3606 = CARTESIAN_POINT('',(3.5E+04,2.75E+03,-210.));
#3607 = GEOMETRIC_CURVE_SET('',(#3608));
#3608 = TRIMMED_CURVE('',#3609,(#3613,PARAMETER_VALUE(0.)),(#3614,
    PARAMETER_VALUE(210.)),.T.,.PARAMETER.);
#3609 = LINE('',#3610,#3611);
#3610 = CARTESIAN_POINT('',(3.5E+04,2.75E+03,-210.));
#3611 = VECTOR('',#3612,1.);
#3612 = DIRECTION('',(0.,0.,-1.));
#3613 = CARTESIAN_POINT('',(3.5E+04,2.75E+03,-210.));
#3614 = CARTESIAN_POINT('',(3.5E+04,2.75E+03,-420.));
#3615 = GEOMETRIC_CURVE_SET('',(#3616));
#3616 = TRIMMED_CURVE('',#3617,(#3621,PARAMETER_VALUE(0.)),(#3622,
    PARAMETER_VALUE(200.)),.T.,.PARAMETER.);
#3617 = LINE('',#3618,#3619);
#3618 = CARTESIAN_POINT('',(3.5E+04,-2.75E+03,-210.));
#3619 = VECTOR('',#3620,1.);
#3620 = DIRECTION('',(0.,1.,0.));
#3621 = CARTESIAN_POINT('',(3.5E+04,-2.75E+03,-210.));
#3622 = CARTESIAN_POINT('',(3.5E+04,-2.55E+03,-210.));
#3623 = GEOMETRIC_CURVE_SET('',(#3624));
#3624 = TRIMMED_CURVE('',#3625,(#3629,PARAMETER_VALUE(0.)),(#3630,
    PARAMETER_VALUE(5.1E+03)),.T.,.PARAMETER.);
#3625 = LINE('',#3626,#3627);
#3626 = CARTESIAN_POINT('',(3.5E+04,-2.55E+03,-210.));
#3627 = VECTOR('',#3628,1.);
#3628 = DIRECTION('',(0.,1.,0.));
#3629 = CARTESIAN_POINT('',(3.5E+04,-2.55E+03,-210.));
#3630 = CARTESIAN_POINT('',(3.5E+04,2.55E+03,-210.));
#3631 = GEOMETRIC_CURVE_SET('',(#3632));
#3632 = TRIMMED_CURVE('',#3633,(#3637,PARAMETER_VALUE(0.)),(#3638,
    PARAMETER_VALUE(200.)),.T.,.PARAMETER.);
#3633 = LINE('',#3634,#3635);
#3634 = CARTESIAN_POINT('',(3.5E+04,2.55E+03,-210.));
#3635 = VECTOR('',#3636,1.);
#3636 = DIRECTION('',(0.,1.,0.));
#3637 = CARTESIAN_POINT('',(3.5E+04,2.55E+03,-210.));
#3638 = CARTESIAN_POINT('',(3.5E+04,2.75E+03,-210.));
#3639 = GEOMETRIC_CURVE_SET('',(#3640));
#3640 = TRIMMED_CURVE('',#3641,(#3645,PARAMETER_VALUE(0.)),(#3646,
    PARAMETER_VALUE(210.)),.T.,.PARAMETER.);
#3641 = LINE('',#3642,#3643);
#3642 = CARTESIAN_POINT('',(3.8E+04,-2.75E+03,0.));
#3643 = VECTOR('',#3644,1.);
#3644 = DIRECTION('',(0.,0.,-1.));
#3645 = CARTESIAN_POINT('',(3.8E+04,-2.75E+03,0.));
#3646 = CARTESIAN_POINT('',(3.8E+04,-2.75E+03,-210.));
#3647 = GEOMETRIC_CURVE_SET('',(#3648));
#3648 = TRIMMED_CURVE('',#3649,(#3653,PARAMETER_VALUE(0.)),(#3654,
    PARAMETER_VALUE(210.)),.T.,.PARAMETER.);
#3649 = LINE('',#3650,#3651);
#3650 = CARTESIAN_POINT('',(3.8E+04,-2.75E+03,-210.));
#3651 = VECTOR('',#3652,1.);
#3652 = DIRECTION('',(0.,0.,-1.));
#3653 = CARTESIAN_POINT('',(3.8E+04,-2.75E+03,-210.));
#3654 = CARTESIAN_POINT('',(3.8E+04,-2.75E+03,-420.));
#3655 = GEOMETRIC_CURVE_SET('',(#3656));
#3656 = TRIMMED_CURVE('',#3657,(#3661,PARAMETER_VALUE(0.)),(#3662,
    PARAMETER_VALUE(210.)),.T.,.PARAMETER.);
#3657 = LINE('',#3658,#3659);
#3658 = CARTESIAN_POINT('',(3.8E+04,-2.55E+03,0.));
#3659 = VECTOR('',#3660,1.);
#3660 = DIRECTION('',(0.,0.,-1.));
#3661 = CARTESIAN_POINT('',(3.8E+04,-2.55E+03,0.));
#3662 = CARTESIAN_POINT('',(3.8E+04,-2.55E+03,-210.));
#3663 = GEOMETRIC_CURVE_SET('',(#3664));
#3664 = TRIMMED_CURVE('',#3665,(#3669,PARAMETER_VALUE(0.)),(#3670,
    PARAMETER_VALUE(210.)),.T.,.PARAMETER.);
#3665 = LINE('',#3666,#3667);
#3666 = CARTESIAN_POINT('',(3.8E+04,-2.55E+03,-210.));
#3667 = VECTOR('',#3668,1.);
#3668 = DIRECTION('',(0.,0.,-1.));
#3669 = CARTESIAN_POINT('',(3.8E+04,-2.55E+03,-210.));
#3670 = CARTESIAN_POINT('',(3.8E+04,-2.55E+03,-420.));
#3671 = GEOMETRIC_CURVE_SET('',(#3672));
#3672 = TRIMMED_CURVE('',#3673,(#3677,PARAMETER_VALUE(0.)),(#3678,
    PARAMETER_VALUE(210.)),.T.,.PARAMETER.);
#3673 = LINE('',#3674,#3675);
#3674 = CARTESIAN_POINT('',(3.8E+04,2.55E+03,0.));
#3675 = VECTOR('',#3676,1.);
#3676 = DIRECTION('',(0.,0.,-1.));
#3677 = CARTESIAN_POINT('',(3.8E+04,2.55E+03,0.));
#3678 = CARTESIAN_POINT('',(3.8E+04,2.55E+03,-210.));
#3679 = GEOMETRIC_CURVE_SET('',(#3680));
#3680 = TRIMMED_CURVE('',#3681,(#3685,PARAMETER_VALUE(0.)),(#3686,
    PARAMETER_VALUE(210.)),.T.,.PARAMETER.);
#3681 = LINE('',#3682,#3683);
#3682 = CARTESIAN_POINT('',(3.8E+04,2.55E+03,-210.));
#3683 = VECTOR('',#3684,1.);
#3684 = DIRECTION('',(0.,0.,-1.));
#3685 = CARTESIAN_POINT('',(3.8E+04,2.55E+03,-210.));
#3686 = CARTESIAN_POINT('',(3.8E+04,2.55E+03,-420.));
#3687 = GEOMETRIC_CURVE_SET('',(#3688));
#3688 = TRIMMED_CURVE('',#3689,(#3693,PARAMETER_VALUE(0.)),(#3694,
    PARAMETER_VALUE(210.)),.T.,.PARAMETER.);
#3689 = LINE('',#3690,#3691);
#3690 = CARTESIAN_POINT('',(3.8E+04,2.75E+03,0.));
#3691 = VECTOR('',#3692,1.);
#3692 = DIRECTION('',(0.,0.,-1.));
#3693 = CARTESIAN_POINT('',(3.8E+04,2.75E+03,0.));
#3694 = CARTESIAN_POINT('',(3.8E+04,2.75E+03,-210.));
#3695 = GEOMETRIC_CURVE_SET('',(#3696));
#3696 = TRIMMED_CURVE('',#3697,(#3701,PARAMETER_VALUE(0.)),(#3702,
    PARAMETER_VALUE(210.)),.T.,.PARAMETER.);
#3697 = LINE('',#3698,#3699);
#3698 = CARTESIAN_POINT('',(3.8E+04,2.75E+03,-210.));
#3699 = VECTOR('',#3700,1.);
#3700 = DIRECTION('',(0.,0.,-1.));
#3701 = CARTESIAN_POINT('',(3.8E+04,2.75E+03,-210.));
#3702 = CARTESIAN_POINT('',(3.8E+04,2.75E+03,-420.));
#3703 = GEOMETRIC_CURVE_SET('',(#3704));
#3704 = TRIMMED_CURVE('',#3705,(#3709,PARAMETER_VALUE(0.)),(#3710,
    PARAMETER_VALUE(200.)),.T.,.PARAMETER.);
#3705 = LINE('',#3706,#3707);
#3706 = CARTESIAN_POINT('',(3.8E+04,-2.75E+03,-210.));
#3707 = VECTOR('',#3708,1.);
#3708 = DIRECTION('',(0.,1.,0.));
#3709 = CARTESIAN_POINT('',(3.8E+04,-2.75E+03,-210.));
#3710 = CARTESIAN_POINT('',(3.8E+04,-2.55E+03,-210.));
#3711 = GEOMETRIC_CURVE_SET('',(#3712));
#3712 = TRIMMED_CURVE('',#3713,(#3717,PARAMETER_VALUE(0.)),(#3718,
    PARAMETER_VALUE(5.1E+03)),.T.,.PARAMETER.);
#3713 = LINE('',#3714,#3715);
#3714 = CARTESIAN_POINT('',(3.8E+04,-2.55E+03,-210.));
#3715 = VECTOR('',#3716,1.);
#3716 = DIRECTION('',(0.,1.,0.));
#3717 = CARTESIAN_POINT('',(3.8E+04,-2.55E+03,-210.));
#3718 = CARTESIAN_POINT('',(3.8E+04,2.55E+03,-210.));
#3719 = GEOMETRIC_CURVE_SET('',(#3720));
#3720 = TRIMMED_CURVE('',#3721,(#3725,PARAMETER_VALUE(0.)),(#3726,
    PARAMETER_VALUE(200.)),.T.,.PARAMETER.);
#3721 = LINE('',#3722,#3723);
#3722 = CARTESIAN_POINT('',(3.8E+04,2.55E+03,-210.));
#3723 = VECTOR('',#3724,1.);
#3724 = DIRECTION('',(0.,1.,0.));
#3725 = CARTESIAN_POINT('',(3.8E+04,2.55E+03,-210.));
#3726 = CARTESIAN_POINT('',(3.8E+04,2.75E+03,-210.));
#3727 = GEOMETRIC_CURVE_SET('',(#3728));
#3728 = TRIMMED_CURVE('',#3729,(#3733,PARAMETER_VALUE(0.)),(#3734,
    PARAMETER_VALUE(210.)),.T.,.PARAMETER.);
#3729 = LINE('',#3730,#3731);
#3730 = CARTESIAN_POINT('',(4.1E+04,-2.75E+03,0.));
#3731 = VECTOR('',#3732,1.);
#3732 = DIRECTION('',(0.,0.,-1.));
#3733 = CARTESIAN_POINT('',(4.1E+04,-2.75E+03,0.));
#3734 = CARTESIAN_POINT('',(4.1E+04,-2.75E+03,-210.));
#3735 = GEOMETRIC_CURVE_SET('',(#3736));
#3736 = TRIMMED_CURVE('',#3737,(#3741,PARAMETER_VALUE(0.)),(#3742,
    PARAMETER_VALUE(210.)),.T.,.PARAMETER.);
#3737 = LINE('',#3738,#3739);
#3738 = CARTESIAN_POINT('',(4.1E+04,-2.75E+03,-210.));
#3739 = VECTOR('',#3740,1.);
#3740 = DIRECTION('',(0.,0.,-1.));
#3741 = CARTESIAN_POINT('',(4.1E+04,-2.75E+03,-210.));
#3742 = CARTESIAN_POINT('',(4.1E+04,-2.75E+03,-420.));
#3743 = GEOMETRIC_CURVE_SET('',(#3744));
#3744 = TRIMMED_CURVE('',#3745,(#3749,PARAMETER_VALUE(0.)),(#3750,
    PARAMETER_VALUE(210.)),.T.,.PARAMETER.);
#3745 = LINE('',#3746,#3747);
#3746 = CARTESIAN_POINT('',(4.1E+04,-2.55E+03,0.));
#3747 = VECTOR('',#3748,1.);
#3748 = DIRECTION('',(0.,0.,-1.));
#3749 = CARTESIAN_POINT('',(4.1E+04,-2.55E+03,0.));
#3750 = CARTESIAN_POINT('',(4.1E+04,-2.55E+03,-210.));
#3751 = GEOMETRIC_CURVE_SET('',(#3752));
#3752 = TRIMMED_CURVE('',#3753,(#3757,PARAMETER_VALUE(0.)),(#3758,
    PARAMETER_VALUE(210.)),.T.,.PARAMETER.);
#3753 = LINE('',#3754,#3755);
#3754 = CARTESIAN_POINT('',(4.1E+04,-2.55E+03,-210.));
#3755 = VECTOR('',#3756,1.);
#3756 = DIRECTION('',(0.,0.,-1.));
#3757 = CARTESIAN_POINT('',(4.1E+04,-2.55E+03,-210.));
#3758 = CARTESIAN_POINT('',(4.1E+04,-2.55E+03,-420.));
#3759 = GEOMETRIC_CURVE_SET('',(#3760));
#3760 = TRIMMED_CURVE('',#3761,(#3765,PARAMETER_VALUE(0.)),(#3766,
    PARAMETER_VALUE(210.)),.T.,.PARAMETER.);
#3761 = LINE('',#3762,#3763);
#3762 = CARTESIAN_POINT('',(4.1E+04,2.55E+03,0.));
#3763 = VECTOR('',#3764,1.);
#3764 = DIRECTION('',(0.,0.,-1.));
#3765 = CARTESIAN_POINT('',(4.1E+04,2.55E+03,0.));
#3766 = CARTESIAN_POINT('',(4.1E+04,2.55E+03,-210.));
#3767 = GEOMETRIC_CURVE_SET('',(#3768));
#3768 = TRIMMED_CURVE('',#3769,(#3773,PARAMETER_VALUE(0.)),(#3774,
    PARAMETER_VALUE(210.)),.T.,.PARAMETER.);
#3769 = LINE('',#3770,#3771);
#3770 = CARTESIAN_POINT('',(4.1E+04,2.55E+03,-210.));
#3771 = VECTOR('',#3772,1.);
#3772 = DIRECTION('',(0.,0.,-1.));
#3773 = CARTESIAN_POINT('',(4.1E+04,2.55E+03,-210.));
#3774 = CARTESIAN_POINT('',(4.1E+04,2.55E+03,-420.));
#3775 = GEOMETRIC_CURVE_SET('',(#3776));
#3776 = TRIMMED_CURVE('',#3777,(#3781,PARAMETER_VALUE(0.)),(#3782,
    PARAMETER_VALUE(210.)),.T.,.PARAMETER.);
#3777 = LINE('',#3778,#3779);
#3778 = CARTESIAN_POINT('',(4.1E+04,2.75E+03,0.));
#3779 = VECTOR('',#3780,1.);
#3780 = DIRECTION('',(0.,0.,-1.));
#3781 = CARTESIAN_POINT('',(4.1E+04,2.75E+03,0.));
#3782 = CARTESIAN_POINT('',(4.1E+04,2.75E+03,-210.));
#3783 = GEOMETRIC_CURVE_SET('',(#3784));
#3784 = TRIMMED_CURVE('',#3785,(#3789,PARAMETER_VALUE(0.)),(#3790,
    PARAMETER_VALUE(210.)),.T.,.PARAMETER.);
#3785 = LINE('',#3786,#3787);
#3786 = CARTESIAN_POINT('',(4.1E+04,2.75E+03,-210.));
#3787 = VECTOR('',#3788,1.);
#3788 = DIRECTION('',(0.,0.,-1.));
#3789 = CARTESIAN_POINT('',(4.1E+04,2.75E+03,-210.));
#3790 = CARTESIAN_POINT('',(4.1E+04,2.75E+03,-420.));
#3791 = GEOMETRIC_CURVE_SET('',(#3792));
#3792 = TRIMMED_CURVE('',#3793,(#3797,PARAMETER_VALUE(0.)),(#3798,
    PARAMETER_VALUE(200.)),.T.,.PARAMETER.);
#3793 = LINE('',#3794,#3795);
#3794 = CARTESIAN_POINT('',(4.1E+04,-2.75E+03,-210.));
#3795 = VECTOR('',#3796,1.);
#3796 = DIRECTION('',(0.,1.,0.));
#3797 = CARTESIAN_POINT('',(4.1E+04,-2.75E+03,-210.));
#3798 = CARTESIAN_POINT('',(4.1E+04,-2.55E+03,-210.));
#3799 = GEOMETRIC_CURVE_SET('',(#3800));
#3800 = TRIMMED_CURVE('',#3801,(#3805,PARAMETER_VALUE(0.)),(#3806,
    PARAMETER_VALUE(5.1E+03)),.T.,.PARAMETER.);
#3801 = LINE('',#3802,#3803);
#3802 = CARTESIAN_POINT('',(4.1E+04,-2.55E+03,-210.));
#3803 = VECTOR('',#3804,1.);
#3804 = DIRECTION('',(0.,1.,0.));
#3805 = CARTESIAN_POINT('',(4.1E+04,-2.55E+03,-210.));
#3806 = CARTESIAN_POINT('',(4.1E+04,2.55E+03,-210.));
#3807 = GEOMETRIC_CURVE_SET('',(#3808));
#3808 = TRIMMED_CURVE('',#3809,(#3813,PARAMETER_VALUE(0.)),(#3814,
    PARAMETER_VALUE(200.)),.T.,.PARAMETER.);
#3809 = LINE('',#3810,#3811);
#3810 = CARTESIAN_POINT('',(4.1E+04,2.55E+03,-210.));
#3811 = VECTOR('',#3812,1.);
#3812 = DIRECTION('',(0.,1.,0.));
#3813 = CARTESIAN_POINT('',(4.1E+04,2.55E+03,-210.));
#3814 = CARTESIAN_POINT('',(4.1E+04,2.75E+03,-210.));
#3815 = GEOMETRIC_CURVE_SET('',(#3816));
#3816 = TRIMMED_CURVE('',#3817,(#3821,PARAMETER_VALUE(0.)),(#3822,
    PARAMETER_VALUE(210.)),.T.,.PARAMETER.);
#3817 = LINE('',#3818,#3819);
#3818 = CARTESIAN_POINT('',(4.4E+04,-2.75E+03,0.));
#3819 = VECTOR('',#3820,1.);
#3820 = DIRECTION('',(0.,0.,-1.));
#3821 = CARTESIAN_POINT('',(4.4E+04,-2.75E+03,0.));
#3822 = CARTESIAN_POINT('',(4.4E+04,-2.75E+03,-210.));
#3823 = GEOMETRIC_CURVE_SET('',(#3824));
#3824 = TRIMMED_CURVE('',#3825,(#3829,PARAMETER_VALUE(0.)),(#3830,
    PARAMETER_VALUE(210.)),.T.,.PARAMETER.);
#3825 = LINE('',#3826,#3827);
#3826 = CARTESIAN_POINT('',(4.4E+04,-2.75E+03,-210.));
#3827 = VECTOR('',#3828,1.);
#3828 = DIRECTION('',(0.,0.,-1.));
#3829 = CARTESIAN_POINT('',(4.4E+04,-2.75E+03,-210.));
#3830 = CARTESIAN_POINT('',(4.4E+04,-2.75E+03,-420.));
#3831 = GEOMETRIC_CURVE_SET('',(#3832));
#3832 = TRIMMED_CURVE('',#3833,(#3837,PARAMETER_VALUE(0.)),(#3838,
    PARAMETER_VALUE(210.)),.T.,.PARAMETER.);
#3833 = LINE('',#3834,#3835);
#3834 = CARTESIAN_POINT('',(4.4E+04,-2.55E+03,0.));
#3835 = VECTOR('',#3836,1.);
#3836 = DIRECTION('',(0.,0.,-1.));
#3837 = CARTESIAN_POINT('',(4.4E+04,-2.55E+03,0.));
#3838 = CARTESIAN_POINT('',(4.4E+04,-2.55E+03,-210.));
#3839 = GEOMETRIC_CURVE_SET('',(#3840));
#3840 = TRIMMED_CURVE('',#3841,(#3845,PARAMETER_VALUE(0.)),(#3846,
    PARAMETER_VALUE(210.)),.T.,.PARAMETER.);
#3841 = LINE('',#3842,#3843);
#3842 = CARTESIAN_POINT('',(4.4E+04,-2.55E+03,-210.));
#3843 = VECTOR('',#3844,1.);
#3844 = DIRECTION('',(0.,0.,-1.));
#3845 = CARTESIAN_POINT('',(4.4E+04,-2.55E+03,-210.));
#3846 = CARTESIAN_POINT('',(4.4E+04,-2.55E+03,-420.));
#3847 = GEOMETRIC_CURVE_SET('',(#3848));
#3848 = TRIMMED_CURVE('',#3849,(#3853,PARAMETER_VALUE(0.)),(#3854,
    PARAMETER_VALUE(210.)),.T.,.PARAMETER.);
#3849 = LINE('',#3850,#3851);
#3850 = CARTESIAN_POINT('',(4.4E+04,2.55E+03,0.));
#3851 = VECTOR('',#3852,1.);
#3852 = DIRECTION('',(0.,0.,-1.));
#3853 = CARTESIAN_POINT('',(4.4E+04,2.55E+03,0.));
#3854 = CARTESIAN_POINT('',(4.4E+04,2.55E+03,-210.));
#3855 = GEOMETRIC_CURVE_SET('',(#3856));
#3856 = TRIMMED_CURVE('',#3857,(#3861,PARAMETER_VALUE(0.)),(#3862,
    PARAMETER_VALUE(210.)),.T.,.PARAMETER.);
#3857 = LINE('',#3858,#3859);
#3858 = CARTESIAN_POINT('',(4.4E+04,2.55E+03,-210.));
#3859 = VECTOR('',#3860,1.);
#3860 = DIRECTION('',(0.,0.,-1.));
#3861 = CARTESIAN_POINT('',(4.4E+04,2.55E+03,-210.));
#3862 = CARTESIAN_POINT('',(4.4E+04,2.55E+03,-420.));
#3863 = GEOMETRIC_CURVE_SET('',(#3864));
#3864 = TRIMMED_CURVE('',#3865,(#3869,PARAMETER_VALUE(0.)),(#3870,
    PARAMETER_VALUE(210.)),.T.,.PARAMETER.);
#3865 = LINE('',#3866,#3867);
#3866 = CARTESIAN_POINT('',(4.4E+04,2.75E+03,0.));
#3867 = VECTOR('',#3868,1.);
#3868 = DIRECTION('',(0.,0.,-1.));
#3869 = CARTESIAN_POINT('',(4.4E+04,2.75E+03,0.));
#3870 = CARTESIAN_POINT('',(4.4E+04,2.75E+03,-210.));
#3871 = GEOMETRIC_CURVE_SET('',(#3872));
#3872 = TRIMMED_CURVE('',#3873,(#3877,PARAMETER_VALUE(0.)),(#3878,
    PARAMETER_VALUE(210.)),.T.,.PARAMETER.);
#3873 = LINE('',#3874,#3875);
#3874 = CARTESIAN_POINT('',(4.4E+04,2.75E+03,-210.));
#3875 = VECTOR('',#3876,1.);
#3876 = DIRECTION('',(0.,0.,-1.));
#3877 = CARTESIAN_POINT('',(4.4E+04,2.75E+03,-210.));
#3878 = CARTESIAN_POINT('',(4.4E+04,2.75E+03,-420.));
#3879 = GEOMETRIC_CURVE_SET('',(#3880));
#3880 = TRIMMED_CURVE('',#3881,(#3885,PARAMETER_VALUE(0.)),(#3886,
    PARAMETER_VALUE(200.)),.T.,.PARAMETER.);
#3881 = LINE('',#3882,#3883);
#3882 = CARTESIAN_POINT('',(4.4E+04,-2.75E+03,-210.));
#3883 = VECTOR('',#3884,1.);
#3884 = DIRECTION('',(0.,1.,0.));
#3885 = CARTESIAN_POINT('',(4.4E+04,-2.75E+03,-210.));
#3886 = CARTESIAN_POINT('',(4.4E+04,-2.55E+03,-210.));
#3887 = GEOMETRIC_CURVE_SET('',(#3888));
#3888 = TRIMMED_CURVE('',#3889,(#3893,PARAMETER_VALUE(0.)),(#3894,
    PARAMETER_VALUE(5.1E+03)),.T.,.PARAMETER.);
#3889 = LINE('',#3890,#3891);
#3890 = CARTESIAN_POINT('',(4.4E+04,-2.55E+03,-210.));
#3891 = VECTOR('',#3892,1.);
#3892 = DIRECTION('',(0.,1.,0.));
#3893 = CARTESIAN_POINT('',(4.4E+04,-2.55E+03,-210.));
#3894 = CARTESIAN_POINT('',(4.4E+04,2.55E+03,-210.));
#3895 = GEOMETRIC_CURVE_SET('',(#3896));
#3896 = TRIMMED_CURVE('',#3897,(#3901,PARAMETER_VALUE(0.)),(#3902,
    PARAMETER_VALUE(200.)),.T.,.PARAMETER.);
#3897 = LINE('',#3898,#3899);
#3898 = CARTESIAN_POINT('',(4.4E+04,2.55E+03,-210.));
#3899 = VECTOR('',#3900,1.);
#3900 = DIRECTION('',(0.,1.,0.));
#3901 = CARTESIAN_POINT('',(4.4E+04,2.55E+03,-210.));
#3902 = CARTESIAN_POINT('',(4.4E+04,2.75E+03,-210.));
#3903 = GEOMETRIC_CURVE_SET('',(#3904));
#3904 = TRIMMED_CURVE('',#3905,(#3909,PARAMETER_VALUE(0.)),(#3910,
    PARAMETER_VALUE(210.)),.T.,.PARAMETER.);
#3905 = LINE('',#3906,#3907);
#3906 = CARTESIAN_POINT('',(4.7E+04,-2.75E+03,0.));
#3907 = VECTOR('',#3908,1.);
#3908 = DIRECTION('',(0.,0.,-1.));
#3909 = CARTESIAN_POINT('',(4.7E+04,-2.75E+03,0.));
#3910 = CARTESIAN_POINT('',(4.7E+04,-2.75E+03,-210.));
#3911 = GEOMETRIC_CURVE_SET('',(#3912));
#3912 = TRIMMED_CURVE('',#3913,(#3917,PARAMETER_VALUE(0.)),(#3918,
    PARAMETER_VALUE(210.)),.T.,.PARAMETER.);
#3913 = LINE('',#3914,#3915);
#3914 = CARTESIAN_POINT('',(4.7E+04,-2.75E+03,-210.));
#3915 = VECTOR('',#3916,1.);
#3916 = DIRECTION('',(0.,0.,-1.));
#3917 = CARTESIAN_POINT('',(4.7E+04,-2.75E+03,-210.));
#3918 = CARTESIAN_POINT('',(4.7E+04,-2.75E+03,-420.));
#3919 = GEOMETRIC_CURVE_SET('',(#3920));
#3920 = TRIMMED_CURVE('',#3921,(#3925,PARAMETER_VALUE(0.)),(#3926,
    PARAMETER_VALUE(210.)),.T.,.PARAMETER.);
#3921 = LINE('',#3922,#3923);
#3922 = CARTESIAN_POINT('',(4.7E+04,-2.55E+03,0.));
#3923 = VECTOR('',#3924,1.);
#3924 = DIRECTION('',(0.,0.,-1.));
#3925 = CARTESIAN_POINT('',(4.7E+04,-2.55E+03,0.));
#3926 = CARTESIAN_POINT('',(4.7E+04,-2.55E+03,-210.));
#3927 = GEOMETRIC_CURVE_SET('',(#3928));
#3928 = TRIMMED_CURVE('',#3929,(#3933,PARAMETER_VALUE(0.)),(#3934,
    PARAMETER_VALUE(210.)),.T.,.PARAMETER.);
#3929 = LINE('',#3930,#3931);
#3930 = CARTESIAN_POINT('',(4.7E+04,-2.55E+03,-210.));
#3931 = VECTOR('',#3932,1.);
#3932 = DIRECTION('',(0.,0.,-1.));
#3933 = CARTESIAN_POINT('',(4.7E+04,-2.55E+03,-210.));
#3934 = CARTESIAN_POINT('',(4.7E+04,-2.55E+03,-420.));
#3935 = GEOMETRIC_CURVE_SET('',(#3936));
#3936 = TRIMMED_CURVE('',#3937,(#3941,PARAMETER_VALUE(0.)),(#3942,
    PARAMETER_VALUE(210.)),.T.,.PARAMETER.);
#3937 = LINE('',#3938,#3939);
#3938 = CARTESIAN_POINT('',(4.7E+04,2.55E+03,0.));
#3939 = VECTOR('',#3940,1.);
#3940 = DIRECTION('',(0.,0.,-1.));
#3941 = CARTESIAN_POINT('',(4.7E+04,2.55E+03,0.));
#3942 = CARTESIAN_POINT('',(4.7E+04,2.55E+03,-210.));
#3943 = GEOMETRIC_CURVE_SET('',(#3944));
#3944 = TRIMMED_CURVE('',#3945,(#3949,PARAMETER_VALUE(0.)),(#3950,
    PARAMETER_VALUE(210.)),.T.,.PARAMETER.);
#3945 = LINE('',#3946,#3947);
#3946 = CARTESIAN_POINT('',(4.7E+04,2.55E+03,-210.));
#3947 = VECTOR('',#3948,1.);
#3948 = DIRECTION('',(0.,0.,-1.));
#3949 = CARTESIAN_POINT('',(4.7E+04,2.55E+03,-210.));
#3950 = CARTESIAN_POINT('',(4.7E+04,2.55E+03,-420.));
#3951 = GEOMETRIC_CURVE_SET('',(#3952));
#3952 = TRIMMED_CURVE('',#3953,(#3957,PARAMETER_VALUE(0.)),(#3958,
    PARAMETER_VALUE(210.)),.T.,.PARAMETER.);
#3953 = LINE('',#3954,#3955);
#3954 = CARTESIAN_POINT('',(4.7E+04,2.75E+03,0.));
#3955 = VECTOR('',#3956,1.);
#3956 = DIRECTION('',(0.,0.,-1.));
#3957 = CARTESIAN_POINT('',(4.7E+04,2.75E+03,0.));
#3958 = CARTESIAN_POINT('',(4.7E+04,2.75E+03,-210.));
#3959 = GEOMETRIC_CURVE_SET('',(#3960));
#3960 = TRIMMED_CURVE('',#3961,(#3965,PARAMETER_VALUE(0.)),(#3966,
    PARAMETER_VALUE(210.)),.T.,.PARAMETER.);
#3961 = LINE('',#3962,#3963);
#3962 = CARTESIAN_POINT('',(4.7E+04,2.75E+03,-210.));
#3963 = VECTOR('',#3964,1.);
#3964 = DIRECTION('',(0.,0.,-1.));
#3965 = CARTESIAN_POINT('',(4.7E+04,2.75E+03,-210.));
#3966 = CARTESIAN_POINT('',(4.7E+04,2.75E+03,-420.));
#3967 = GEOMETRIC_CURVE_SET('',(#3968));
#3968 = TRIMMED_CURVE('',#3969,(#3973,PARAMETER_VALUE(0.)),(#3974,
    PARAMETER_VALUE(200.)),.T.,.PARAMETER.);
#3969 = LINE('',#3970,#3971);
#3970 = CARTESIAN_POINT('',(4.7E+04,-2.75E+03,-210.));
#3971 = VECTOR('',#3972,1.);
#3972 = DIRECTION('',(0.,1.,0.));
#3973 = CARTESIAN_POINT('',(4.7E+04,-2.75E+03,-210.));
#3974 = CARTESIAN_POINT('',(4.7E+04,-2.55E+03,-210.));
#3975 = GEOMETRIC_CURVE_SET('',(#3976));
#3976 = TRIMMED_CURVE('',#3977,(#3981,PARAMETER_VALUE(0.)),(#3982,
    PARAMETER_VALUE(5.1E+03)),.T.,.PARAMETER.);
#3977 = LINE('',#3978,#3979);
#3978 = CARTESIAN_POINT('',(4.7E+04,-2.55E+03,-210.));
#3979 = VECTOR('',#3980,1.);
#3980 = DIRECTION('',(0.,1.,0.));
#3981 = CARTESIAN_POINT('',(4.7E+04,-2.55E+03,-210.));
#3982 = CARTESIAN_POINT('',(4.7E+04,2.55E+03,-210.));
#3983 = GEOMETRIC_CURVE_SET('',(#3984));
#3984 = TRIMMED_CURVE('',#3985,(#3989,PARAMETER_VALUE(0.)),(#3990,
    PARAMETER_VALUE(200.)),.T.,.PARAMETER.);
#3985 = LINE('',#3986,#3987);
#3986 = CARTESIAN_POINT('',(4.7E+04,2.55E+03,-210.));
#3987 = VECTOR('',#3988,1.);
#3988 = DIRECTION('',(0.,1.,0.));
#3989 = CARTESIAN_POINT('',(4.7E+04,2.55E+03,-210.));
#3990 = CARTESIAN_POINT('',(4.7E+04,2.75E+03,-210.));
#3991 = GEOMETRIC_CURVE_SET('',(#3992));
#3992 = TRIMMED_CURVE('',#3993,(#3997,PARAMETER_VALUE(0.)),(#3998,
    PARAMETER_VALUE(210.)),.T.,.PARAMETER.);
#3993 = LINE('',#3994,#3995);
#3994 = CARTESIAN_POINT('',(5.E+04,-2.75E+03,0.));
#3995 = VECTOR('',#3996,1.);
#3996 = DIRECTION('',(0.,0.,-1.));
#3997 = CARTESIAN_POINT('',(5.E+04,-2.75E+03,0.));
#3998 = CARTESIAN_POINT('',(5.E+04,-2.75E+03,-210.));
#3999 = GEOMETRIC_CURVE_SET('',(#4000));
#4000 = TRIMMED_CURVE('',#4001,(#4005,PARAMETER_VALUE(0.)),(#4006,
    PARAMETER_VALUE(210.)),.T.,.PARAMETER.);
#4001 = LINE('',#4002,#4003);
#4002 = CARTESIAN_POINT('',(5.E+04,-2.75E+03,-210.));
#4003 = VECTOR('',#4004,1.);
#4004 = DIRECTION('',(0.,0.,-1.));
#4005 = CARTESIAN_POINT('',(5.E+04,-2.75E+03,-210.));
#4006 = CARTESIAN_POINT('',(5.E+04,-2.75E+03,-420.));
#4007 = GEOMETRIC_CURVE_SET('',(#4008));
#4008 = TRIMMED_CURVE('',#4009,(#4013,PARAMETER_VALUE(0.)),(#4014,
    PARAMETER_VALUE(210.)),.T.,.PARAMETER.);
#4009 = LINE('',#4010,#4011);
#4010 = CARTESIAN_POINT('',(5.E+04,-2.55E+03,0.));
#4011 = VECTOR('',#4012,1.);
#4012 = DIRECTION('',(0.,0.,-1.));
#4013 = CARTESIAN_POINT('',(5.E+04,-2.55E+03,0.));
#4014 = CARTESIAN_POINT('',(5.E+04,-2.55E+03,-210.));
#4015 = GEOMETRIC_CURVE_SET('',(#4016));
#4016 = TRIMMED_CURVE('',#4017,(#4021,PARAMETER_VALUE(0.)),(#4022,
    PARAMETER_VALUE(210.)),.T.,.PARAMETER.);
#4017 = LINE('',#4018,#4019);
#4018 = CARTESIAN_POINT('',(5.E+04,-2.55E+03,-210.));
#4019 = VECTOR('',#4020,1.);
#4020 = DIRECTION('',(0.,0.,-1.));
#4021 = CARTESIAN_POINT('',(5.E+04,-2.55E+03,-210.));
#4022 = CARTESIAN_POINT('',(5.E+04,-2.55E+03,-420.));
#4023 = GEOMETRIC_CURVE_SET('',(#4024));
#4024 = TRIMMED_CURVE('',#4025,(#4029,PARAMETER_VALUE(0.)),(#4030,
    PARAMETER_VALUE(210.)),.T.,.PARAMETER.);
#4025 = LINE('',#4026,#4027);
#4026 = CARTESIAN_POINT('',(5.E+04,2.55E+03,0.));
#4027 = VECTOR('',#4028,1.);
#4028 = DIRECTION('',(0.,0.,-1.));
#4029 = CARTESIAN_POINT('',(5.E+04,2.55E+03,0.));
#4030 = CARTESIAN_POINT('',(5.E+04,2.55E+03,-210.));
#4031 = GEOMETRIC_CURVE_SET('',(#4032));
#4032 = TRIMMED_CURVE('',#4033,(#4037,PARAMETER_VALUE(0.)),(#4038,
    PARAMETER_VALUE(210.)),.T.,.PARAMETER.);
#4033 = LINE('',#4034,#4035);
#4034 = CARTESIAN_POINT('',(5.E+04,2.55E+03,-210.));
#4035 = VECTOR('',#4036,1.);
#4036 = DIRECTION('',(0.,0.,-1.));
#4037 = CARTESIAN_POINT('',(5.E+04,2.55E+03,-210.));
#4038 = CARTESIAN_POINT('',(5.E+04,2.55E+03,-420.));
#4039 = GEOMETRIC_CURVE_SET('',(#4040));
#4040 = TRIMMED_CURVE('',#4041,(#4045,PARAMETER_VALUE(0.)),(#4046,
    PARAMETER_VALUE(210.)),.T.,.PARAMETER.);
#4041 = LINE('',#4042,#4043);
#4042 = CARTESIAN_POINT('',(5.E+04,2.75E+03,0.));
#4043 = VECTOR('',#4044,1.);
#4044 = DIRECTION('',(0.,0.,-1.));
#4045 = CARTESIAN_POINT('',(5.E+04,2.75E+03,0.));
#4046 = CARTESIAN_POINT('',(5.E+04,2.75E+03,-210.));
#4047 = GEOMETRIC_CURVE_SET('',(#4048));
#4048 = TRIMMED_CURVE('',#4049,(#4053,PARAMETER_VALUE(0.)),(#4054,
    PARAMETER_VALUE(210.)),.T.,.PARAMETER.);
#4049 = LINE('',#4050,#4051);
#4050 = CARTESIAN_POINT('',(5.E+04,2.75E+03,-210.));
#4051 = VECTOR('',#4052,1.);
#4052 = DIRECTION('',(0.,0.,-1.));
#4053 = CARTESIAN_POINT('',(5.E+04,2.75E+03,-210.));
#4054 = CARTESIAN_POINT('',(5.E+04,2.75E+03,-420.));
#4055 = GEOMETRIC_CURVE_SET('',(#4056));
#4056 = TRIMMED_CURVE('',#4057,(#4061,PARAMETER_VALUE(0.)),(#4062,
    PARAMETER_VALUE(200.)),.T.,.PARAMETER.);
#4057 = LINE('',#4058,#4059);
#4058 = CARTESIAN_POINT('',(5.E+04,-2.75E+03,-210.));
#4059 = VECTOR('',#4060,1.);
#4060 = DIRECTION('',(0.,1.,0.));
#4061 = CARTESIAN_POINT('',(5.E+04,-2.75E+03,-210.));
#4062 = CARTESIAN_POINT('',(5.E+04,-2.55E+03,-210.));
#4063 = GEOMETRIC_CURVE_SET('',(#4064));
#4064 = TRIMMED_CURVE('',#4065,(#4069,PARAMETER_VALUE(0.)),(#4070,
    PARAMETER_VALUE(5.1E+03)),.T.,.PARAMETER.);
#4065 = LINE('',#4066,#4067);
#4066 = CARTESIAN_POINT('',(5.E+04,-2.55E+03,-210.));
#4067 = VECTOR('',#4068,1.);
#4068 = DIRECTION('',(0.,1.,0.));
#4069 = CARTESIAN_POINT('',(5.E+04,-2.55E+03,-210.));
#4070 = CARTESIAN_POINT('',(5.E+04,2.55E+03,-210.));
#4071 = GEOMETRIC_CURVE_SET('',(#4072));
#4072 = TRIMMED_CURVE('',#4073,(#4077,PARAMETER_VALUE(0.)),(#4078,
    PARAMETER_VALUE(200.)),.T.,.PARAMETER.);
#4073 = LINE('',#4074,#4075);
#4074 = CARTESIAN_POINT('',(5.E+04,2.55E+03,-210.));
#4075 = VECTOR('',#4076,1.);
#4076 = DIRECTION('',(0.,1.,0.));
#4077 = CARTESIAN_POINT('',(5.E+04,2.55E+03,-210.));
#4078 = CARTESIAN_POINT('',(5.E+04,2.75E+03,-210.));
#4079 = GEOMETRIC_CURVE_SET('',(#4080));
#4080 = TRIMMED_CURVE('',#4081,(#4085,PARAMETER_VALUE(0.)),(#4086,
    PARAMETER_VALUE(210.)),.T.,.PARAMETER.);
#4081 = LINE('',#4082,#4083);
#4082 = CARTESIAN_POINT('',(5.3E+04,-2.75E+03,0.));
#4083 = VECTOR('',#4084,1.);
#4084 = DIRECTION('',(0.,0.,-1.));
#4085 = CARTESIAN_POINT('',(5.3E+04,-2.75E+03,0.));
#4086 = CARTESIAN_POINT('',(5.3E+04,-2.75E+03,-210.));
#4087 = GEOMETRIC_CURVE_SET('',(#4088));
#4088 = TRIMMED_CURVE('',#4089,(#4093,PARAMETER_VALUE(0.)),(#4094,
    PARAMETER_VALUE(210.)),.T.,.PARAMETER.);
#4089 = LINE('',#4090,#4091);
#4090 = CARTESIAN_POINT('',(5.3E+04,-2.75E+03,-210.));
#4091 = VECTOR('',#4092,1.);
#4092 = DIRECTION('',(0.,0.,-1.));
#4093 = CARTESIAN_POINT('',(5.3E+04,-2.75E+03,-210.));
#4094 = CARTESIAN_POINT('',(5.3E+04,-2.75E+03,-420.));
#4095 = GEOMETRIC_CURVE_SET('',(#4096));
#4096 = TRIMMED_CURVE('',#4097,(#4101,PARAMETER_VALUE(0.)),(#4102,
    PARAMETER_VALUE(210.)),.T.,.PARAMETER.);
#4097 = LINE('',#4098,#4099);
#4098 = CARTESIAN_POINT('',(5.3E+04,-2.55E+03,0.));
#4099 = VECTOR('',#4100,1.);
#4100 = DIRECTION('',(0.,0.,-1.));
#4101 = CARTESIAN_POINT('',(5.3E+04,-2.55E+03,0.));
#4102 = CARTESIAN_POINT('',(5.3E+04,-2.55E+03,-210.));
#4103 = GEOMETRIC_CURVE_SET('',(#4104));
#4104 = TRIMMED_CURVE('',#4105,(#4109,PARAMETER_VALUE(0.)),(#4110,
    PARAMETER_VALUE(210.)),.T.,.PARAMETER.);
#4105 = LINE('',#4106,#4107);
#4106 = CARTESIAN_POINT('',(5.3E+04,-2.55E+03,-210.));
#4107 = VECTOR('',#4108,1.);
#4108 = DIRECTION('',(0.,0.,-1.));
#4109 = CARTESIAN_POINT('',(5.3E+04,-2.55E+03,-210.));
#4110 = CARTESIAN_POINT('',(5.3E+04,-2.55E+03,-420.));
#4111 = GEOMETRIC_CURVE_SET('',(#4112));
#4112 = TRIMMED_CURVE('',#4113,(#4117,PARAMETER_VALUE(0.)),(#4118,
    PARAMETER_VALUE(210.)),.T.,.PARAMETER.);
#4113 = LINE('',#4114,#4115);
#4114 = CARTESIAN_POINT('',(5.3E+04,2.55E+03,0.));
#4115 = VECTOR('',#4116,1.);
#4116 = DIRECTION('',(0.,0.,-1.));
#4117 = CARTESIAN_POINT('',(5.3E+04,2.55E+03,0.));
#4118 = CARTESIAN_POINT('',(5.3E+04,2.55E+03,-210.));
#4119 = GEOMETRIC_CURVE_SET('',(#4120));
#4120 = TRIMMED_CURVE('',#4121,(#4125,PARAMETER_VALUE(0.)),(#4126,
    PARAMETER_VALUE(210.)),.T.,.PARAMETER.);
#4121 = LINE('',#4122,#4123);
#4122 = CARTESIAN_POINT('',(5.3E+04,2.55E+03,-210.));
#4123 = VECTOR('',#4124,1.);
#4124 = DIRECTION('',(0.,0.,-1.));
#4125 = CARTESIAN_POINT('',(5.3E+04,2.55E+03,-210.));
#4126 = CARTESIAN_POINT('',(5.3E+04,2.55E+03,-420.));
#4127 = GEOMETRIC_CURVE_SET('',(#4128));
#4128 = TRIMMED_CURVE('',#4129,(#4133,PARAMETER_VALUE(0.)),(#4134,
    PARAMETER_VALUE(210.)),.T.,.PARAMETER.);
#4129 = LINE('',#4130,#4131);
#4130 = CARTESIAN_POINT('',(5.3E+04,2.75E+03,0.));
#4131 = VECTOR('',#4132,1.);
#4132 = DIRECTION('',(0.,0.,-1.));
#4133 = CARTESIAN_POINT('',(5.3E+04,2.75E+03,0.));
#4134 = CARTESIAN_POINT('',(5.3E+04,2.75E+03,-210.));
#4135 = GEOMETRIC_CURVE_SET('',(#4136));
#4136 = TRIMMED_CURVE('',#4137,(#4141,PARAMETER_VALUE(0.)),(#4142,
    PARAMETER_VALUE(210.)),.T.,.PARAMETER.);
#4137 = LINE('',#4138,#4139);
#4138 = CARTESIAN_POINT('',(5.3E+04,2.75E+03,-210.));
#4139 = VECTOR('',#4140,1.);
#4140 = DIRECTION('',(0.,0.,-1.));
#4141 = CARTESIAN_POINT('',(5.3E+04,2.75E+03,-210.));
#4142 = CARTESIAN_POINT('',(5.3E+04,2.75E+03,-420.));
#4143 = GEOMETRIC_CURVE_SET('',(#4144));
#4144 = TRIMMED_CURVE('',#4145,(#4149,PARAMETER_VALUE(0.)),(#4150,
    PARAMETER_VALUE(200.)),.T.,.PARAMETER.);
#4145 = LINE('',#4146,#4147);
#4146 = CARTESIAN_POINT('',(5.3E+04,-2.75E+03,-210.));
#4147 = VECTOR('',#4148,1.);
#4148 = DIRECTION('',(0.,1.,0.));
#4149 = CARTESIAN_POINT('',(5.3E+04,-2.75E+03,-210.));
#4150 = CARTESIAN_POINT('',(5.3E+04,-2.55E+03,-210.));
#4151 = GEOMETRIC_CURVE_SET('',(#4152));
#4152 = TRIMMED_CURVE('',#4153,(#4157,PARAMETER_VALUE(0.)),(#4158,
    PARAMETER_VALUE(5.1E+03)),.T.,.PARAMETER.);
#4153 = LINE('',#4154,#4155);
#4154 = CARTESIAN_POINT('',(5.3E+04,-2.55E+03,-210.));
#4155 = VECTOR('',#4156,1.);
#4156 = DIRECTION('',(0.,1.,0.));
#4157 = CARTESIAN_POINT('',(5.3E+04,-2.55E+03,-210.));
#4158 = CARTESIAN_POINT('',(5.3E+04,2.55E+03,-210.));
#4159 = GEOMETRIC_CURVE_SET('',(#4160));
#4160 = TRIMMED_CURVE('',#4161,(#4165,PARAMETER_VALUE(0.)),(#4166,
    PARAMETER_VALUE(200.)),.T.,.PARAMETER.);
#4161 = LINE('',#4162,#4163);
#4162 = CARTESIAN_POINT('',(5.3E+04,2.55E+03,-210.));
#4163 = VECTOR('',#4164,1.);
#4164 = DIRECTION('',(0.,1.,0.));
#4165 = CARTESIAN_POINT('',(5.3E+04,2.55E+03,-210.));
#4166 = CARTESIAN_POINT('',(5.3E+04,2.75E+03,-210.));
#4167 = GEOMETRIC_CURVE_SET('',(#4168));
#4168 = TRIMMED_CURVE('',#4169,(#4173,PARAMETER_VALUE(0.)),(#4174,
    PARAMETER_VALUE(210.)),.T.,.PARAMETER.);
#4169 = LINE('',#4170,#4171);
#4170 = CARTESIAN_POINT('',(5.6E+04,-2.75E+03,0.));
#4171 = VECTOR('',#4172,1.);
#4172 = DIRECTION('',(0.,0.,-1.));
#4173 = CARTESIAN_POINT('',(5.6E+04,-2.75E+03,0.));
#4174 = CARTESIAN_POINT('',(5.6E+04,-2.75E+03,-210.));
#4175 = GEOMETRIC_CURVE_SET('',(#4176));
#4176 = TRIMMED_CURVE('',#4177,(#4181,PARAMETER_VALUE(0.)),(#4182,
    PARAMETER_VALUE(210.)),.T.,.PARAMETER.);
#4177 = LINE('',#4178,#4179);
#4178 = CARTESIAN_POINT('',(5.6E+04,-2.75E+03,-210.));
#4179 = VECTOR('',#4180,1.);
#4180 = DIRECTION('',(0.,0.,-1.));
#4181 = CARTESIAN_POINT('',(5.6E+04,-2.75E+03,-210.));
#4182 = CARTESIAN_POINT('',(5.6E+04,-2.75E+03,-420.));
#4183 = GEOMETRIC_CURVE_SET('',(#4184));
#4184 = TRIMMED_CURVE('',#4185,(#4189,PARAMETER_VALUE(0.)),(#4190,
    PARAMETER_VALUE(210.)),.T.,.PARAMETER.);
#4185 = LINE('',#4186,#4187);
#4186 = CARTESIAN_POINT('',(5.6E+04,-2.55E+03,0.));
#4187 = VECTOR('',#4188,1.);
#4188 = DIRECTION('',(0.,0.,-1.));
#4189 = CARTESIAN_POINT('',(5.6E+04,-2.55E+03,0.));
#4190 = CARTESIAN_POINT('',(5.6E+04,-2.55E+03,-210.));
#4191 = GEOMETRIC_CURVE_SET('',(#4192));
#4192 = TRIMMED_CURVE('',#4193,(#4197,PARAMETER_VALUE(0.)),(#4198,
    PARAMETER_VALUE(210.)),.T.,.PARAMETER.);
#4193 = LINE('',#4194,#4195);
#4194 = CARTESIAN_POINT('',(5.6E+04,-2.55E+03,-210.));
#4195 = VECTOR('',#4196,1.);
#4196 = DIRECTION('',(0.,0.,-1.));
#4197 = CARTESIAN_POINT('',(5.6E+04,-2.55E+03,-210.));
#4198 = CARTESIAN_POINT('',(5.6E+04,-2.55E+03,-420.));
#4199 = GEOMETRIC_CURVE_SET('',(#4200));
#4200 = TRIMMED_CURVE('',#4201,(#4205,PARAMETER_VALUE(0.)),(#4206,
    PARAMETER_VALUE(210.)),.T.,.PARAMETER.);
#4201 = LINE('',#4202,#4203);
#4202 = CARTESIAN_POINT('',(5.6E+04,2.55E+03,0.));
#4203 = VECTOR('',#4204,1.);
#4204 = DIRECTION('',(0.,0.,-1.));
#4205 = CARTESIAN_POINT('',(5.6E+04,2.55E+03,0.));
#4206 = CARTESIAN_POINT('',(5.6E+04,2.55E+03,-210.));
#4207 = GEOMETRIC_CURVE_SET('',(#4208));
#4208 = TRIMMED_CURVE('',#4209,(#4213,PARAMETER_VALUE(0.)),(#4214,
    PARAMETER_VALUE(210.)),.T.,.PARAMETER.);
#4209 = LINE('',#4210,#4211);
#4210 = CARTESIAN_POINT('',(5.6E+04,2.55E+03,-210.));
#4211 = VECTOR('',#4212,1.);
#4212 = DIRECTION('',(0.,0.,-1.));
#4213 = CARTESIAN_POINT('',(5.6E+04,2.55E+03,-210.));
#4214 = CARTESIAN_POINT('',(5.6E+04,2.55E+03,-420.));
#4215 = GEOMETRIC_CURVE_SET('',(#4216));
#4216 = TRIMMED_CURVE('',#4217,(#4221,PARAMETER_VALUE(0.)),(#4222,
    PARAMETER_VALUE(210.)),.T.,.PARAMETER.);
#4217 = LINE('',#4218,#4219);
#4218 = CARTESIAN_POINT('',(5.6E+04,2.75E+03,0.));
#4219 = VECTOR('',#4220,1.);
#4220 = DIRECTION('',(0.,0.,-1.));
#4221 = CARTESIAN_POINT('',(5.6E+04,2.75E+03,0.));
#4222 = CARTESIAN_POINT('',(5.6E+04,2.75E+03,-210.));
#4223 = GEOMETRIC_CURVE_SET('',(#4224));
#4224 = TRIMMED_CURVE('',#4225,(#4229,PARAMETER_VALUE(0.)),(#4230,
    PARAMETER_VALUE(210.)),.T.,.PARAMETER.);
#4225 = LINE('',#4226,#4227);
#4226 = CARTESIAN_POINT('',(5.6E+04,2.75E+03,-210.));
#4227 = VECTOR('',#4228,1.);
#4228 = DIRECTION('',(0.,0.,-1.));
#4229 = CARTESIAN_POINT('',(5.6E+04,2.75E+03,-210.));
#4230 = CARTESIAN_POINT('',(5.6E+04,2.75E+03,-420.));
#4231 = GEOMETRIC_CURVE_SET('',(#4232));
#4232 = TRIMMED_CURVE('',#4233,(#4237,PARAMETER_VALUE(0.)),(#4238,
    PARAMETER_VALUE(200.)),.T.,.PARAMETER.);
#4233 = LINE('',#4234,#4235);
#4234 = CARTESIAN_POINT('',(5.6E+04,-2.75E+03,-210.));
#4235 = VECTOR('',#4236,1.);
#4236 = DIRECTION('',(0.,1.,0.));
#4237 = CARTESIAN_POINT('',(5.6E+04,-2.75E+03,-210.));
#4238 = CARTESIAN_POINT('',(5.6E+04,-2.55E+03,-210.));
#4239 = GEOMETRIC_CURVE_SET('',(#4240));
#4240 = TRIMMED_CURVE('',#4241,(#4245,PARAMETER_VALUE(0.)),(#4246,
    PARAMETER_VALUE(5.1E+03)),.T.,.PARAMETER.);
#4241 = LINE('',#4242,#4243);
#4242 = CARTESIAN_POINT('',(5.6E+04,-2.55E+03,-210.));
#4243 = VECTOR('',#4244,1.);
#4244 = DIRECTION('',(0.,1.,0.));
#4245 = CARTESIAN_POINT('',(5.6E+04,-2.55E+03,-210.));
#4246 = CARTESIAN_POINT('',(5.6E+04,2.55E+03,-210.));
#4247 = GEOMETRIC_CURVE_SET('',(#4248));
#4248 = TRIMMED_CURVE('',#4249,(#4253,PARAMETER_VALUE(0.)),(#4254,
    PARAMETER_VALUE(200.)),.T.,.PARAMETER.);
#4249 = LINE('',#4250,#4251);
#4250 = CARTESIAN_POINT('',(5.6E+04,2.55E+03,-210.));
#4251 = VECTOR('',#4252,1.);
#4252 = DIRECTION('',(0.,1.,0.));
#4253 = CARTESIAN_POINT('',(5.6E+04,2.55E+03,-210.));
#4254 = CARTESIAN_POINT('',(5.6E+04,2.75E+03,-210.));
#4255 = GEOMETRIC_CURVE_SET('',(#4256));
#4256 = TRIMMED_CURVE('',#4257,(#4261,PARAMETER_VALUE(0.)),(#4262,
    PARAMETER_VALUE(210.)),.T.,.PARAMETER.);
#4257 = LINE('',#4258,#4259);
#4258 = CARTESIAN_POINT('',(5.9E+04,-2.75E+03,0.));
#4259 = VECTOR('',#4260,1.);
#4260 = DIRECTION('',(0.,0.,-1.));
#4261 = CARTESIAN_POINT('',(5.9E+04,-2.75E+03,0.));
#4262 = CARTESIAN_POINT('',(5.9E+04,-2.75E+03,-210.));
#4263 = GEOMETRIC_CURVE_SET('',(#4264));
#4264 = TRIMMED_CURVE('',#4265,(#4269,PARAMETER_VALUE(0.)),(#4270,
    PARAMETER_VALUE(210.)),.T.,.PARAMETER.);
#4265 = LINE('',#4266,#4267);
#4266 = CARTESIAN_POINT('',(5.9E+04,-2.75E+03,-210.));
#4267 = VECTOR('',#4268,1.);
#4268 = DIRECTION('',(0.,0.,-1.));
#4269 = CARTESIAN_POINT('',(5.9E+04,-2.75E+03,-210.));
#4270 = CARTESIAN_POINT('',(5.9E+04,-2.75E+03,-420.));
#4271 = GEOMETRIC_CURVE_SET('',(#4272));
#4272 = TRIMMED_CURVE('',#4273,(#4277,PARAMETER_VALUE(0.)),(#4278,
    PARAMETER_VALUE(210.)),.T.,.PARAMETER.);
#4273 = LINE('',#4274,#4275);
#4274 = CARTESIAN_POINT('',(5.9E+04,-2.55E+03,0.));
#4275 = VECTOR('',#4276,1.);
#4276 = DIRECTION('',(0.,0.,-1.));
#4277 = CARTESIAN_POINT('',(5.9E+04,-2.55E+03,0.));
#4278 = CARTESIAN_POINT('',(5.9E+04,-2.55E+03,-210.));
#4279 = GEOMETRIC_CURVE_SET('',(#4280));
#4280 = TRIMMED_CURVE('',#4281,(#4285,PARAMETER_VALUE(0.)),(#4286,
    PARAMETER_VALUE(210.)),.T.,.PARAMETER.);
#4281 = LINE('',#4282,#4283);
#4282 = CARTESIAN_POINT('',(5.9E+04,-2.55E+03,-210.));
#4283 = VECTOR('',#4284,1.);
#4284 = DIRECTION('',(0.,0.,-1.));
#4285 = CARTESIAN_POINT('',(5.9E+04,-2.55E+03,-210.));
#4286 = CARTESIAN_POINT('',(5.9E+04,-2.55E+03,-420.));
#4287 = GEOMETRIC_CURVE_SET('',(#4288));
#4288 = TRIMMED_CURVE('',#4289,(#4293,PARAMETER_VALUE(0.)),(#4294,
    PARAMETER_VALUE(210.)),.T.,.PARAMETER.);
#4289 = LINE('',#4290,#4291);
#4290 = CARTESIAN_POINT('',(5.9E+04,2.55E+03,0.));
#4291 = VECTOR('',#4292,1.);
#4292 = DIRECTION('',(0.,0.,-1.));
#4293 = CARTESIAN_POINT('',(5.9E+04,2.55E+03,0.));
#4294 = CARTESIAN_POINT('',(5.9E+04,2.55E+03,-210.));
#4295 = GEOMETRIC_CURVE_SET('',(#4296));
#4296 = TRIMMED_CURVE('',#4297,(#4301,PARAMETER_VALUE(0.)),(#4302,
    PARAMETER_VALUE(210.)),.T.,.PARAMETER.);
#4297 = LINE('',#4298,#4299);
#4298 = CARTESIAN_POINT('',(5.9E+04,2.55E+03,-210.));
#4299 = VECTOR('',#4300,1.);
#4300 = DIRECTION('',(0.,0.,-1.));
#4301 = CARTESIAN_POINT('',(5.9E+04,2.55E+03,-210.));
#4302 = CARTESIAN_POINT('',(5.9E+04,2.55E+03,-420.));
#4303 = GEOMETRIC_CURVE_SET('',(#4304));
#4304 = TRIMMED_CURVE('',#4305,(#4309,PARAMETER_VALUE(0.)),(#4310,
    PARAMETER_VALUE(210.)),.T.,.PARAMETER.);
#4305 = LINE('',#4306,#4307);
#4306 = CARTESIAN_POINT('',(5.9E+04,2.75E+03,0.));
#4307 = VECTOR('',#4308,1.);
#4308 = DIRECTION('',(0.,0.,-1.));
#4309 = CARTESIAN_POINT('',(5.9E+04,2.75E+03,0.));
#4310 = CARTESIAN_POINT('',(5.9E+04,2.75E+03,-210.));
#4311 = GEOMETRIC_CURVE_SET('',(#4312));
#4312 = TRIMMED_CURVE('',#4313,(#4317,PARAMETER_VALUE(0.)),(#4318,
    PARAMETER_VALUE(210.)),.T.,.PARAMETER.);
#4313 = LINE('',#4314,#4315);
#4314 = CARTESIAN_POINT('',(5.9E+04,2.75E+03,-210.));
#4315 = VECTOR('',#4316,1.);
#4316 = DIRECTION('',(0.,0.,-1.));
#4317 = CARTESIAN_POINT('',(5.9E+04,2.75E+03,-210.));
#4318 = CARTESIAN_POINT('',(5.9E+04,2.75E+03,-420.));
#4319 = GEOMETRIC_CURVE_SET('',(#4320));
#4320 = TRIMMED_CURVE('',#4321,(#4325,PARAMETER_VALUE(0.)),(#4326,
    PARAMETER_VALUE(200.)),.T.,.PARAMETER.);
#4321 = LINE('',#4322,#4323);
#4322 = CARTESIAN_POINT('',(5.9E+04,-2.75E+03,-210.));
#4323 = VECTOR('',#4324,1.);
#4324 = DIRECTION('',(0.,1.,0.));
#4325 = CARTESIAN_POINT('',(5.9E+04,-2.75E+03,-210.));
#4326 = CARTESIAN_POINT('',(5.9E+04,-2.55E+03,-210.));
#4327 = GEOMETRIC_CURVE_SET('',(#4328));
#4328 = TRIMMED_CURVE('',#4329,(#4333,PARAMETER_VALUE(0.)),(#4334,
    PARAMETER_VALUE(5.1E+03)),.T.,.PARAMETER.);
#4329 = LINE('',#4330,#4331);
#4330 = CARTESIAN_POINT('',(5.9E+04,-2.55E+03,-210.));
#4331 = VECTOR('',#4332,1.);
#4332 = DIRECTION('',(0.,1.,0.));
#4333 = CARTESIAN_POINT('',(5.9E+04,-2.55E+03,-210.));
#4334 = CARTESIAN_POINT('',(5.9E+04,2.55E+03,-210.));
#4335 = GEOMETRIC_CURVE_SET('',(#4336));
#4336 = TRIMMED_CURVE('',#4337,(#4341,PARAMETER_VALUE(0.)),(#4342,
    PARAMETER_VALUE(200.)),.T.,.PARAMETER.);
#4337 = LINE('',#4338,#4339);
#4338 = CARTESIAN_POINT('',(5.9E+04,2.55E+03,-210.));
#4339 = VECTOR('',#4340,1.);
#4340 = DIRECTION('',(0.,1.,0.));
#4341 = CARTESIAN_POINT('',(5.9E+04,2.55E+03,-210.));
#4342 = CARTESIAN_POINT('',(5.9E+04,2.75E+03,-210.));
#4343 = GEOMETRIC_CURVE_SET('',(#4344));
#4344 = TRIMMED_CURVE('',#4345,(#4349,PARAMETER_VALUE(0.)),(#4350,
    PARAMETER_VALUE(210.)),.T.,.PARAMETER.);
#4345 = LINE('',#4346,#4347);
#4346 = CARTESIAN_POINT('',(6.2E+04,-2.75E+03,0.));
#4347 = VECTOR('',#4348,1.);
#4348 = DIRECTION('',(0.,0.,-1.));
#4349 = CARTESIAN_POINT('',(6.2E+04,-2.75E+03,0.));
#4350 = CARTESIAN_POINT('',(6.2E+04,-2.75E+03,-210.));
#4351 = GEOMETRIC_CURVE_SET('',(#4352));
#4352 = TRIMMED_CURVE('',#4353,(#4357,PARAMETER_VALUE(0.)),(#4358,
    PARAMETER_VALUE(210.)),.T.,.PARAMETER.);
#4353 = LINE('',#4354,#4355);
#4354 = CARTESIAN_POINT('',(6.2E+04,-2.75E+03,-210.));
#4355 = VECTOR('',#4356,1.);
#4356 = DIRECTION('',(0.,0.,-1.));
#4357 = CARTESIAN_POINT('',(6.2E+04,-2.75E+03,-210.));
#4358 = CARTESIAN_POINT('',(6.2E+04,-2.75E+03,-420.));
#4359 = GEOMETRIC_CURVE_SET('',(#4360));
#4360 = TRIMMED_CURVE('',#4361,(#4365,PARAMETER_VALUE(0.)),(#4366,
    PARAMETER_VALUE(210.)),.T.,.PARAMETER.);
#4361 = LINE('',#4362,#4363);
#4362 = CARTESIAN_POINT('',(6.2E+04,-2.55E+03,0.));
#4363 = VECTOR('',#4364,1.);
#4364 = DIRECTION('',(0.,0.,-1.));
#4365 = CARTESIAN_POINT('',(6.2E+04,-2.55E+03,0.));
#4366 = CARTESIAN_POINT('',(6.2E+04,-2.55E+03,-210.));
#4367 = GEOMETRIC_CURVE_SET('',(#4368));
#4368 = TRIMMED_CURVE('',#4369,(#4373,PARAMETER_VALUE(0.)),(#4374,
    PARAMETER_VALUE(210.)),.T.,.PARAMETER.);
#4369 = LINE('',#4370,#4371);
#4370 = CARTESIAN_POINT('',(6.2E+04,-2.55E+03,-210.));
#4371 = VECTOR('',#4372,1.);
#4372 = DIRECTION('',(0.,0.,-1.));
#4373 = CARTESIAN_POINT('',(6.2E+04,-2.55E+03,-210.));
#4374 = CARTESIAN_POINT('',(6.2E+04,-2.55E+03,-420.));
#4375 = GEOMETRIC_CURVE_SET('',(#4376));
#4376 = TRIMMED_CURVE('',#4377,(#4381,PARAMETER_VALUE(0.)),(#4382,
    PARAMETER_VALUE(210.)),.T.,.PARAMETER.);
#4377 = LINE('',#4378,#4379);
#4378 = CARTESIAN_POINT('',(6.2E+04,2.55E+03,0.));
#4379 = VECTOR('',#4380,1.);
#4380 = DIRECTION('',(0.,0.,-1.));
#4381 = CARTESIAN_POINT('',(6.2E+04,2.55E+03,0.));
#4382 = CARTESIAN_POINT('',(6.2E+04,2.55E+03,-210.));
#4383 = GEOMETRIC_CURVE_SET('',(#4384));
#4384 = TRIMMED_CURVE('',#4385,(#4389,PARAMETER_VALUE(0.)),(#4390,
    PARAMETER_VALUE(210.)),.T.,.PARAMETER.);
#4385 = LINE('',#4386,#4387);
#4386 = CARTESIAN_POINT('',(6.2E+04,2.55E+03,-210.));
#4387 = VECTOR('',#4388,1.);
#4388 = DIRECTION('',(0.,0.,-1.));
#4389 = CARTESIAN_POINT('',(6.2E+04,2.55E+03,-210.));
#4390 = CARTESIAN_POINT('',(6.2E+04,2.55E+03,-420.));
#4391 = GEOMETRIC_CURVE_SET('',(#4392));
#4392 = TRIMMED_CURVE('',#4393,(#4397,PARAMETER_VALUE(0.)),(#4398,
    PARAMETER_VALUE(210.)),.T.,.PARAMETER.);
#4393 = LINE('',#4394,#4395);
#4394 = CARTESIAN_POINT('',(6.2E+04,2.75E+03,0.));
#4395 = VECTOR('',#4396,1.);
#4396 = DIRECTION('',(0.,0.,-1.));
#4397 = CARTESIAN_POINT('',(6.2E+04,2.75E+03,0.));
#4398 = CARTESIAN_POINT('',(6.2E+04,2.75E+03,-210.));
#4399 = GEOMETRIC_CURVE_SET('',(#4400));
#4400 = TRIMMED_CURVE('',#4401,(#4405,PARAMETER_VALUE(0.)),(#4406,
    PARAMETER_VALUE(210.)),.T.,.PARAMETER.);
#4401 = LINE('',#4402,#4403);
#4402 = CARTESIAN_POINT('',(6.2E+04,2.75E+03,-210.));
#4403 = VECTOR('',#4404,1.);
#4404 = DIRECTION('',(0.,0.,-1.));
#4405 = CARTESIAN_POINT('',(6.2E+04,2.75E+03,-210.));
#4406 = CARTESIAN_POINT('',(6.2E+04,2.75E+03,-420.));
#4407 = GEOMETRIC_CURVE_SET('',(#4408));
#4408 = TRIMMED_CURVE('',#4409,(#4413,PARAMETER_VALUE(0.)),(#4414,
    PARAMETER_VALUE(200.)),.T.,.PARAMETER.);
#4409 = LINE('',#4410,#4411);
#4410 = CARTESIAN_POINT('',(6.2E+04,-2.75E+03,-210.));
#4411 = VECTOR('',#4412,1.);
#4412 = DIRECTION('',(0.,1.,0.));
#4413 = CARTESIAN_POINT('',(6.2E+04,-2.75E+03,-210.));
#4414 = CARTESIAN_POINT('',(6.2E+04,-2.55E+03,-210.));
#4415 = GEOMETRIC_CURVE_SET('',(#4416));
#4416 = TRIMMED_CURVE('',#4417,(#4421,PARAMETER_VALUE(0.)),(#4422,
    PARAMETER_VALUE(5.1E+03)),.T.,.PARAMETER.);
#4417 = LINE('',#4418,#4419);
#4418 = CARTESIAN_POINT('',(6.2E+04,-2.55E+03,-210.));
#4419 = VECTOR('',#4420,1.);
#4420 = DIRECTION('',(0.,1.,0.));
#4421 = CARTESIAN_POINT('',(6.2E+04,-2.55E+03,-210.));
#4422 = CARTESIAN_POINT('',(6.2E+04,2.55E+03,-210.));
#4423 = GEOMETRIC_CURVE_SET('',(#4424));
#4424 = TRIMMED_CURVE('',#4425,(#4429,PARAMETER_VALUE(0.)),(#4430,
    PARAMETER_VALUE(200.)),.T.,.PARAMETER.);
#4425 = LINE('',#4426,#4427);
#4426 = CARTESIAN_POINT('',(6.2E+04,2.55E+03,-210.));
#4427 = VECTOR('',#4428,1.);
#4428 = DIRECTION('',(0.,1.,0.));
#4429 = CARTESIAN_POINT('',(6.2E+04,2.55E+03,-210.));
#4430 = CARTESIAN_POINT('',(6.2E+04,2.75E+03,-210.));
#4431 = GEOMETRIC_CURVE_SET('',(#4432));
#4432 = TRIMMED_CURVE('',#4433,(#4437,PARAMETER_VALUE(0.)),(#4438,
    PARAMETER_VALUE(210.)),.T.,.PARAMETER.);
#4433 = LINE('',#4434,#4435);
#4434 = CARTESIAN_POINT('',(6.5E+04,-2.75E+03,0.));
#4435 = VECTOR('',#4436,1.);
#4436 = DIRECTION('',(0.,0.,-1.));
#4437 = CARTESIAN_POINT('',(6.5E+04,-2.75E+03,0.));
#4438 = CARTESIAN_POINT('',(6.5E+04,-2.75E+03,-210.));
#4439 = GEOMETRIC_CURVE_SET('',(#4440));
#4440 = TRIMMED_CURVE('',#4441,(#4445,PARAMETER_VALUE(0.)),(#4446,
    PARAMETER_VALUE(210.)),.T.,.PARAMETER.);
#4441 = LINE('',#4442,#4443);
#4442 = CARTESIAN_POINT('',(6.5E+04,-2.75E+03,-210.));
#4443 = VECTOR('',#4444,1.);
#4444 = DIRECTION('',(0.,0.,-1.));
#4445 = CARTESIAN_POINT('',(6.5E+04,-2.75E+03,-210.));
#4446 = CARTESIAN_POINT('',(6.5E+04,-2.75E+03,-420.));
#4447 = GEOMETRIC_CURVE_SET('',(#4448));
#4448 = TRIMMED_CURVE('',#4449,(#4453,PARAMETER_VALUE(0.)),(#4454,
    PARAMETER_VALUE(210.)),.T.,.PARAMETER.);
#4449 = LINE('',#4450,#4451);
#4450 = CARTESIAN_POINT('',(6.5E+04,-2.55E+03,0.));
#4451 = VECTOR('',#4452,1.);
#4452 = DIRECTION('',(0.,0.,-1.));
#4453 = CARTESIAN_POINT('',(6.5E+04,-2.55E+03,0.));
#4454 = CARTESIAN_POINT('',(6.5E+04,-2.55E+03,-210.));
#4455 = GEOMETRIC_CURVE_SET('',(#4456));
#4456 = TRIMMED_CURVE('',#4457,(#4461,PARAMETER_VALUE(0.)),(#4462,
    PARAMETER_VALUE(210.)),.T.,.PARAMETER.);
#4457 = LINE('',#4458,#4459);
#4458 = CARTESIAN_POINT('',(6.5E+04,-2.55E+03,-210.));
#4459 = VECTOR('',#4460,1.);
#4460 = DIRECTION('',(0.,0.,-1.));
#4461 = CARTESIAN_POINT('',(6.5E+04,-2.55E+03,-210.));
#4462 = CARTESIAN_POINT('',(6.5E+04,-2.55E+03,-420.));
#4463 = GEOMETRIC_CURVE_SET('',(#4464));
#4464 = TRIMMED_CURVE('',#4465,(#4469,PARAMETER_VALUE(0.)),(#4470,
    PARAMETER_VALUE(210.)),.T.,.PARAMETER.);
#4465 = LINE('',#4466,#4467);
#4466 = CARTESIAN_POINT('',(6.5E+04,2.55E+03,0.));
#4467 = VECTOR('',#4468,1.);
#4468 = DIRECTION('',(0.,0.,-1.));
#4469 = CARTESIAN_POINT('',(6.5E+04,2.55E+03,0.));
#4470 = CARTESIAN_POINT('',(6.5E+04,2.55E+03,-210.));
#4471 = GEOMETRIC_CURVE_SET('',(#4472));
#4472 = TRIMMED_CURVE('',#4473,(#4477,PARAMETER_VALUE(0.)),(#4478,
    PARAMETER_VALUE(210.)),.T.,.PARAMETER.);
#4473 = LINE('',#4474,#4475);
#4474 = CARTESIAN_POINT('',(6.5E+04,2.55E+03,-210.));
#4475 = VECTOR('',#4476,1.);
#4476 = DIRECTION('',(0.,0.,-1.));
#4477 = CARTESIAN_POINT('',(6.5E+04,2.55E+03,-210.));
#4478 = CARTESIAN_POINT('',(6.5E+04,2.55E+03,-420.));
#4479 = GEOMETRIC_CURVE_SET('',(#4480));
#4480 = TRIMMED_CURVE('',#4481,(#4485,PARAMETER_VALUE(0.)),(#4486,
    PARAMETER_VALUE(210.)),.T.,.PARAMETER.);
#4481 = LINE('',#4482,#4483);
#4482 = CARTESIAN_POINT('',(6.5E+04,2.75E+03,0.));
#4483 = VECTOR('',#4484,1.);
#4484 = DIRECTION('',(0.,0.,-1.));
#4485 = CARTESIAN_POINT('',(6.5E+04,2.75E+03,0.));
#4486 = CARTESIAN_POINT('',(6.5E+04,2.75E+03,-210.));
#4487 = GEOMETRIC_CURVE_SET('',(#4488));
#4488 = TRIMMED_CURVE('',#4489,(#4493,PARAMETER_VALUE(0.)),(#4494,
    PARAMETER_VALUE(210.)),.T.,.PARAMETER.);
#4489 = LINE('',#4490,#4491);
#4490 = CARTESIAN_POINT('',(6.5E+04,2.75E+03,-210.));
#4491 = VECTOR('',#4492,1.);
#4492 = DIRECTION('',(0.,0.,-1.));
#4493 = CARTESIAN_POINT('',(6.5E+04,2.75E+03,-210.));
#4494 = CARTESIAN_POINT('',(6.5E+04,2.75E+03,-420.));
#4495 = GEOMETRIC_CURVE_SET('',(#4496));
#4496 = TRIMMED_CURVE('',#4497,(#4501,PARAMETER_VALUE(0.)),(#4502,
    PARAMETER_VALUE(200.)),.T.,.PARAMETER.);
#4497 = LINE('',#4498,#4499);
#4498 = CARTESIAN_POINT('',(6.5E+04,-2.75E+03,-210.));
#4499 = VECTOR('',#4500,1.);
#4500 = DIRECTION('',(0.,1.,0.));
#4501 = CARTESIAN_POINT('',(6.5E+04,-2.75E+03,-210.));
#4502 = CARTESIAN_POINT('',(6.5E+04,-2.55E+03,-210.));
#4503 = GEOMETRIC_CURVE_SET('',(#4504));
#4504 = TRIMMED_CURVE('',#4505,(#4509,PARAMETER_VALUE(0.)),(#4510,
    PARAMETER_VALUE(5.1E+03)),.T.,.PARAMETER.);
#4505 = LINE('',#4506,#4507);
#4506 = CARTESIAN_POINT('',(6.5E+04,-2.55E+03,-210.));
#4507 = VECTOR('',#4508,1.);
#4508 = DIRECTION('',(0.,1.,0.));
#4509 = CARTESIAN_POINT('',(6.5E+04,-2.55E+03,-210.));
#4510 = CARTESIAN_POINT('',(6.5E+04,2.55E+03,-210.));
#4511 = GEOMETRIC_CURVE_SET('',(#4512));
#4512 = TRIMMED_CURVE('',#4513,(#4517,PARAMETER_VALUE(0.)),(#4518,
    PARAMETER_VALUE(200.)),.T.,.PARAMETER.);
#4513 = LINE('',#4514,#4515);
#4514 = CARTESIAN_POINT('',(6.5E+04,2.55E+03,-210.));
#4515 = VECTOR('',#4516,1.);
#4516 = DIRECTION('',(0.,1.,0.));
#4517 = CARTESIAN_POINT('',(6.5E+04,2.55E+03,-210.));
#4518 = CARTESIAN_POINT('',(6.5E+04,2.75E+03,-210.));
#4519 = GEOMETRIC_CURVE_SET('',(#4520));
#4520 = TRIMMED_CURVE('',#4521,(#4525,PARAMETER_VALUE(0.)),(#4526,
    PARAMETER_VALUE(210.)),.T.,.PARAMETER.);
#4521 = LINE('',#4522,#4523);
#4522 = CARTESIAN_POINT('',(6.8E+04,-2.75E+03,0.));
#4523 = VECTOR('',#4524,1.);
#4524 = DIRECTION('',(0.,0.,-1.));
#4525 = CARTESIAN_POINT('',(6.8E+04,-2.75E+03,0.));
#4526 = CARTESIAN_POINT('',(6.8E+04,-2.75E+03,-210.));
#4527 = GEOMETRIC_CURVE_SET('',(#4528));
#4528 = TRIMMED_CURVE('',#4529,(#4533,PARAMETER_VALUE(0.)),(#4534,
    PARAMETER_VALUE(210.)),.T.,.PARAMETER.);
#4529 = LINE('',#4530,#4531);
#4530 = CARTESIAN_POINT('',(6.8E+04,-2.75E+03,-210.));
#4531 = VECTOR('',#4532,1.);
#4532 = DIRECTION('',(0.,0.,-1.));
#4533 = CARTESIAN_POINT('',(6.8E+04,-2.75E+03,-210.));
#4534 = CARTESIAN_POINT('',(6.8E+04,-2.75E+03,-420.));
#4535 = GEOMETRIC_CURVE_SET('',(#4536));
#4536 = TRIMMED_CURVE('',#4537,(#4541,PARAMETER_VALUE(0.)),(#4542,
    PARAMETER_VALUE(210.)),.T.,.PARAMETER.);
#4537 = LINE('',#4538,#4539);
#4538 = CARTESIAN_POINT('',(6.8E+04,-2.55E+03,0.));
#4539 = VECTOR('',#4540,1.);
#4540 = DIRECTION('',(0.,0.,-1.));
#4541 = CARTESIAN_POINT('',(6.8E+04,-2.55E+03,0.));
#4542 = CARTESIAN_POINT('',(6.8E+04,-2.55E+03,-210.));
#4543 = GEOMETRIC_CURVE_SET('',(#4544));
#4544 = TRIMMED_CURVE('',#4545,(#4549,PARAMETER_VALUE(0.)),(#4550,
    PARAMETER_VALUE(210.)),.T.,.PARAMETER.);
#4545 = LINE('',#4546,#4547);
#4546 = CARTESIAN_POINT('',(6.8E+04,-2.55E+03,-210.));
#4547 = VECTOR('',#4548,1.);
#4548 = DIRECTION('',(0.,0.,-1.));
#4549 = CARTESIAN_POINT('',(6.8E+04,-2.55E+03,-210.));
#4550 = CARTESIAN_POINT('',(6.8E+04,-2.55E+03,-420.));
#4551 = GEOMETRIC_CURVE_SET('',(#4552));
#4552 = TRIMMED_CURVE('',#4553,(#4557,PARAMETER_VALUE(0.)),(#4558,
    PARAMETER_VALUE(210.)),.T.,.PARAMETER.);
#4553 = LINE('',#4554,#4555);
#4554 = CARTESIAN_POINT('',(6.8E+04,2.55E+03,0.));
#4555 = VECTOR('',#4556,1.);
#4556 = DIRECTION('',(0.,0.,-1.));
#4557 = CARTESIAN_POINT('',(6.8E+04,2.55E+03,0.));
#4558 = CARTESIAN_POINT('',(6.8E+04,2.55E+03,-210.));
#4559 = GEOMETRIC_CURVE_SET('',(#4560));
#4560 = TRIMMED_CURVE('',#4561,(#4565,PARAMETER_VALUE(0.)),(#4566,
    PARAMETER_VALUE(210.)),.T.,.PARAMETER.);
#4561 = LINE('',#4562,#4563);
#4562 = CARTESIAN_POINT('',(6.8E+04,2.55E+03,-210.));
#4563 = VECTOR('',#4564,1.);
#4564 = DIRECTION('',(0.,0.,-1.));
#4565 = CARTESIAN_POINT('',(6.8E+04,2.55E+03,-210.));
#4566 = CARTESIAN_POINT('',(6.8E+04,2.55E+03,-420.));
#4567 = GEOMETRIC_CURVE_SET('',(#4568));
#4568 = TRIMMED_CURVE('',#4569,(#4573,PARAMETER_VALUE(0.)),(#4574,
    PARAMETER_VALUE(210.)),.T.,.PARAMETER.);
#4569 = LINE('',#4570,#4571);
#4570 = CARTESIAN_POINT('',(6.8E+04,2.75E+03,0.));
#4571 = VECTOR('',#4572,1.);
#4572 = DIRECTION('',(0.,0.,-1.));
#4573 = CARTESIAN_POINT('',(6.8E+04,2.75E+03,0.));
#4574 = CARTESIAN_POINT('',(6.8E+04,2.75E+03,-210.));
#4575 = GEOMETRIC_CURVE_SET('',(#4576));
#4576 = TRIMMED_CURVE('',#4577,(#4581,PARAMETER_VALUE(0.)),(#4582,
    PARAMETER_VALUE(210.)),.T.,.PARAMETER.);
#4577 = LINE('',#4578,#4579);
#4578 = CARTESIAN_POINT('',(6.8E+04,2.75E+03,-210.));
#4579 = VECTOR('',#4580,1.);
#4580 = DIRECTION('',(0.,0.,-1.));
#4581 = CARTESIAN_POINT('',(6.8E+04,2.75E+03,-210.));
#4582 = CARTESIAN_POINT('',(6.8E+04,2.75E+03,-420.));
#4583 = GEOMETRIC_CURVE_SET('',(#4584));
#4584 = TRIMMED_CURVE('',#4585,(#4589,PARAMETER_VALUE(0.)),(#4590,
    PARAMETER_VALUE(200.)),.T.,.PARAMETER.);
#4585 = LINE('',#4586,#4587);
#4586 = CARTESIAN_POINT('',(6.8E+04,-2.75E+03,-210.));
#4587 = VECTOR('',#4588,1.);
#4588 = DIRECTION('',(0.,1.,0.));
#4589 = CARTESIAN_POINT('',(6.8E+04,-2.75E+03,-210.));
#4590 = CARTESIAN_POINT('',(6.8E+04,-2.55E+03,-210.));
#4591 = GEOMETRIC_CURVE_SET('',(#4592));
#4592 = TRIMMED_CURVE('',#4593,(#4597,PARAMETER_VALUE(0.)),(#4598,
    PARAMETER_VALUE(5.1E+03)),.T.,.PARAMETER.);
#4593 = LINE('',#4594,#4595);
#4594 = CARTESIAN_POINT('',(6.8E+04,-2.55E+03,-210.));
#4595 = VECTOR('',#4596,1.);
#4596 = DIRECTION('',(0.,1.,0.));
#4597 = CARTESIAN_POINT('',(6.8E+04,-2.55E+03,-210.));
#4598 = CARTESIAN_POINT('',(6.8E+04,2.55E+03,-210.));
#4599 = GEOMETRIC_CURVE_SET('',(#4600));
#4600 = TRIMMED_CURVE('',#4601,(#4605,PARAMETER_VALUE(0.)),(#4606,
    PARAMETER_VALUE(200.)),.T.,.PARAMETER.);
#4601 = LINE('',#4602,#4603);
#4602 = CARTESIAN_POINT('',(6.8E+04,2.55E+03,-210.));
#4603 = VECTOR('',#4604,1.);
#4604 = DIRECTION('',(0.,1.,0.));
#4605 = CARTESIAN_POINT('',(6.8E+04,2.55E+03,-210.));
#4606 = CARTESIAN_POINT('',(6.8E+04,2.75E+03,-210.));
#4607 = GEOMETRIC_CURVE_SET('',(#4608));
#4608 = TRIMMED_CURVE('',#4609,(#4613,PARAMETER_VALUE(0.)),(#4614,
    PARAMETER_VALUE(210.)),.T.,.PARAMETER.);
#4609 = LINE('',#4610,#4611);
#4610 = CARTESIAN_POINT('',(7.1E+04,-2.75E+03,0.));
#4611 = VECTOR('',#4612,1.);
#4612 = DIRECTION('',(0.,0.,-1.));
#4613 = CARTESIAN_POINT('',(7.1E+04,-2.75E+03,0.));
#4614 = CARTESIAN_POINT('',(7.1E+04,-2.75E+03,-210.));
#4615 = GEOMETRIC_CURVE_SET('',(#4616));
#4616 = TRIMMED_CURVE('',#4617,(#4621,PARAMETER_VALUE(0.)),(#4622,
    PARAMETER_VALUE(210.)),.T.,.PARAMETER.);
#4617 = LINE('',#4618,#4619);
#4618 = CARTESIAN_POINT('',(7.1E+04,-2.75E+03,-210.));
#4619 = VECTOR('',#4620,1.);
#4620 = DIRECTION('',(0.,0.,-1.));
#4621 = CARTESIAN_POINT('',(7.1E+04,-2.75E+03,-210.));
#4622 = CARTESIAN_POINT('',(7.1E+04,-2.75E+03,-420.));
#4623 = GEOMETRIC_CURVE_SET('',(#4624));
#4624 = TRIMMED_CURVE('',#4625,(#4629,PARAMETER_VALUE(0.)),(#4630,
    PARAMETER_VALUE(210.)),.T.,.PARAMETER.);
#4625 = LINE('',#4626,#4627);
#4626 = CARTESIAN_POINT('',(7.1E+04,-2.55E+03,0.));
#4627 = VECTOR('',#4628,1.);
#4628 = DIRECTION('',(0.,0.,-1.));
#4629 = CARTESIAN_POINT('',(7.1E+04,-2.55E+03,0.));
#4630 = CARTESIAN_POINT('',(7.1E+04,-2.55E+03,-210.));
#4631 = GEOMETRIC_CURVE_SET('',(#4632));
#4632 = TRIMMED_CURVE('',#4633,(#4637,PARAMETER_VALUE(0.)),(#4638,
    PARAMETER_VALUE(210.)),.T.,.PARAMETER.);
#4633 = LINE('',#4634,#4635);
#4634 = CARTESIAN_POINT('',(7.1E+04,-2.55E+03,-210.));
#4635 = VECTOR('',#4636,1.);
#4636 = DIRECTION('',(0.,0.,-1.));
#4637 = CARTESIAN_POINT('',(7.1E+04,-2.55E+03,-210.));
#4638 = CARTESIAN_POINT('',(7.1E+04,-2.55E+03,-420.));
#4639 = GEOMETRIC_CURVE_SET('',(#4640));
#4640 = TRIMMED_CURVE('',#4641,(#4645,PARAMETER_VALUE(0.)),(#4646,
    PARAMETER_VALUE(210.)),.T.,.PARAMETER.);
#4641 = LINE('',#4642,#4643);
#4642 = CARTESIAN_POINT('',(7.1E+04,2.55E+03,0.));
#4643 = VECTOR('',#4644,1.);
#4644 = DIRECTION('',(0.,0.,-1.));
#4645 = CARTESIAN_POINT('',(7.1E+04,2.55E+03,0.));
#4646 = CARTESIAN_POINT('',(7.1E+04,2.55E+03,-210.));
#4647 = GEOMETRIC_CURVE_SET('',(#4648));
#4648 = TRIMMED_CURVE('',#4649,(#4653,PARAMETER_VALUE(0.)),(#4654,
    PARAMETER_VALUE(210.)),.T.,.PARAMETER.);
#4649 = LINE('',#4650,#4651);
#4650 = CARTESIAN_POINT('',(7.1E+04,2.55E+03,-210.));
#4651 = VECTOR('',#4652,1.);
#4652 = DIRECTION('',(0.,0.,-1.));
#4653 = CARTESIAN_POINT('',(7.1E+04,2.55E+03,-210.));
#4654 = CARTESIAN_POINT('',(7.1E+04,2.55E+03,-420.));
#4655 = GEOMETRIC_CURVE_SET('',(#4656));
#4656 = TRIMMED_CURVE('',#4657,(#4661,PARAMETER_VALUE(0.)),(#4662,
    PARAMETER_VALUE(210.)),.T.,.PARAMETER.);
#4657 = LINE('',#4658,#4659);
#4658 = CARTESIAN_POINT('',(7.1E+04,2.75E+03,0.));
#4659 = VECTOR('',#4660,1.);
#4660 = DIRECTION('',(0.,0.,-1.));
#4661 = CARTESIAN_POINT('',(7.1E+04,2.75E+03,0.));
#4662 = CARTESIAN_POINT('',(7.1E+04,2.75E+03,-210.));
#4663 = GEOMETRIC_CURVE_SET('',(#4664));
#4664 = TRIMMED_CURVE('',#4665,(#4669,PARAMETER_VALUE(0.)),(#4670,
    PARAMETER_VALUE(210.)),.T.,.PARAMETER.);
#4665 = LINE('',#4666,#4667);
#4666 = CARTESIAN_POINT('',(7.1E+04,2.75E+03,-210.));
#4667 = VECTOR('',#4668,1.);
#4668 = DIRECTION('',(0.,0.,-1.));
#4669 = CARTESIAN_POINT('',(7.1E+04,2.75E+03,-210.));
#4670 = CARTESIAN_POINT('',(7.1E+04,2.75E+03,-420.));
#4671 = GEOMETRIC_CURVE_SET('',(#4672));
#4672 = TRIMMED_CURVE('',#4673,(#4677,PARAMETER_VALUE(0.)),(#4678,
    PARAMETER_VALUE(200.)),.T.,.PARAMETER.);
#4673 = LINE('',#4674,#4675);
#4674 = CARTESIAN_POINT('',(7.1E+04,-2.75E+03,-210.));
#4675 = VECTOR('',#4676,1.);
#4676 = DIRECTION('',(0.,1.,0.));
#4677 = CARTESIAN_POINT('',(7.1E+04,-2.75E+03,-210.));
#4678 = CARTESIAN_POINT('',(7.1E+04,-2.55E+03,-210.));
#4679 = GEOMETRIC_CURVE_SET('',(#4680));
#4680 = TRIMMED_CURVE('',#4681,(#4685,PARAMETER_VALUE(0.)),(#4686,
    PARAMETER_VALUE(5.1E+03)),.T.,.PARAMETER.);
#4681 = LINE('',#4682,#4683);
#4682 = CARTESIAN_POINT('',(7.1E+04,-2.55E+03,-210.));
#4683 = VECTOR('',#4684,1.);
#4684 = DIRECTION('',(0.,1.,0.));
#4685 = CARTESIAN_POINT('',(7.1E+04,-2.55E+03,-210.));
#4686 = CARTESIAN_POINT('',(7.1E+04,2.55E+03,-210.));
#4687 = GEOMETRIC_CURVE_SET('',(#4688));
#4688 = TRIMMED_CURVE('',#4689,(#4693,PARAMETER_VALUE(0.)),(#4694,
    PARAMETER_VALUE(200.)),.T.,.PARAMETER.);
#4689 = LINE('',#4690,#4691);
#4690 = CARTESIAN_POINT('',(7.1E+04,2.55E+03,-210.));
#4691 = VECTOR('',#4692,1.);
#4692 = DIRECTION('',(0.,1.,0.));
#4693 = CARTESIAN_POINT('',(7.1E+04,2.55E+03,-210.));
#4694 = CARTESIAN_POINT('',(7.1E+04,2.75E+03,-210.));
#4695 = GEOMETRIC_CURVE_SET('',(#4696));
#4696 = TRIMMED_CURVE('',#4697,(#4701,PARAMETER_VALUE(0.)),(#4702,
    PARAMETER_VALUE(210.)),.T.,.PARAMETER.);
#4697 = LINE('',#4698,#4699);
#4698 = CARTESIAN_POINT('',(7.4E+04,-2.75E+03,0.));
#4699 = VECTOR('',#4700,1.);
#4700 = DIRECTION('',(0.,0.,-1.));
#4701 = CARTESIAN_POINT('',(7.4E+04,-2.75E+03,0.));
#4702 = CARTESIAN_POINT('',(7.4E+04,-2.75E+03,-210.));
#4703 = GEOMETRIC_CURVE_SET('',(#4704));
#4704 = TRIMMED_CURVE('',#4705,(#4709,PARAMETER_VALUE(0.)),(#4710,
    PARAMETER_VALUE(210.)),.T.,.PARAMETER.);
#4705 = LINE('',#4706,#4707);
#4706 = CARTESIAN_POINT('',(7.4E+04,-2.75E+03,-210.));
#4707 = VECTOR('',#4708,1.);
#4708 = DIRECTION('',(0.,0.,-1.));
#4709 = CARTESIAN_POINT('',(7.4E+04,-2.75E+03,-210.));
#4710 = CARTESIAN_POINT('',(7.4E+04,-2.75E+03,-420.));
#4711 = GEOMETRIC_CURVE_SET('',(#4712));
#4712 = TRIMMED_CURVE('',#4713,(#4717,PARAMETER_VALUE(0.)),(#4718,
    PARAMETER_VALUE(210.)),.T.,.PARAMETER.);
#4713 = LINE('',#4714,#4715);
#4714 = CARTESIAN_POINT('',(7.4E+04,-2.55E+03,0.));
#4715 = VECTOR('',#4716,1.);
#4716 = DIRECTION('',(0.,0.,-1.));
#4717 = CARTESIAN_POINT('',(7.4E+04,-2.55E+03,0.));
#4718 = CARTESIAN_POINT('',(7.4E+04,-2.55E+03,-210.));
#4719 = GEOMETRIC_CURVE_SET('',(#4720));
#4720 = TRIMMED_CURVE('',#4721,(#4725,PARAMETER_VALUE(0.)),(#4726,
    PARAMETER_VALUE(210.)),.T.,.PARAMETER.);
#4721 = LINE('',#4722,#4723);
#4722 = CARTESIAN_POINT('',(7.4E+04,-2.55E+03,-210.));
#4723 = VECTOR('',#4724,1.);
#4724 = DIRECTION('',(0.,0.,-1.));
#4725 = CARTESIAN_POINT('',(7.4E+04,-2.55E+03,-210.));
#4726 = CARTESIAN_POINT('',(7.4E+04,-2.55E+03,-420.));
#4727 = GEOMETRIC_CURVE_SET('',(#4728));
#4728 = TRIMMED_CURVE('',#4729,(#4733,PARAMETER_VALUE(0.)),(#4734,
    PARAMETER_VALUE(210.)),.T.,.PARAMETER.);
#4729 = LINE('',#4730,#4731);
#4730 = CARTESIAN_POINT('',(7.4E+04,2.55E+03,0.));
#4731 = VECTOR('',#4732,1.);
#4732 = DIRECTION('',(0.,0.,-1.));
#4733 = CARTESIAN_POINT('',(7.4E+04,2.55E+03,0.));
#4734 = CARTESIAN_POINT('',(7.4E+04,2.55E+03,-210.));
#4735 = GEOMETRIC_CURVE_SET('',(#4736));
#4736 = TRIMMED_CURVE('',#4737,(#4741,PARAMETER_VALUE(0.)),(#4742,
    PARAMETER_VALUE(210.)),.T.,.PARAMETER.);
#4737 = LINE('',#4738,#4739);
#4738 = CARTESIAN_POINT('',(7.4E+04,2.55E+03,-210.));
#4739 = VECTOR('',#4740,1.);
#4740 = DIRECTION('',(0.,0.,-1.));
#4741 = CARTESIAN_POINT('',(7.4E+04,2.55E+03,-210.));
#4742 = CARTESIAN_POINT('',(7.4E+04,2.55E+03,-420.));
#4743 = GEOMETRIC_CURVE_SET('',(#4744));
#4744 = TRIMMED_CURVE('',#4745,(#4749,PARAMETER_VALUE(0.)),(#4750,
    PARAMETER_VALUE(210.)),.T.,.PARAMETER.);
#4745 = LINE('',#4746,#4747);
#4746 = CARTESIAN_POINT('',(7.4E+04,2.75E+03,0.));
#4747 = VECTOR('',#4748,1.);
#4748 = DIRECTION('',(0.,0.,-1.));
#4749 = CARTESIAN_POINT('',(7.4E+04,2.75E+03,0.));
#4750 = CARTESIAN_POINT('',(7.4E+04,2.75E+03,-210.));
#4751 = GEOMETRIC_CURVE_SET('',(#4752));
#4752 = TRIMMED_CURVE('',#4753,(#4757,PARAMETER_VALUE(0.)),(#4758,
    PARAMETER_VALUE(210.)),.T.,.PARAMETER.);
#4753 = LINE('',#4754,#4755);
#4754 = CARTESIAN_POINT('',(7.4E+04,2.75E+03,-210.));
#4755 = VECTOR('',#4756,1.);
#4756 = DIRECTION('',(0.,0.,-1.));
#4757 = CARTESIAN_POINT('',(7.4E+04,2.75E+03,-210.));
#4758 = CARTESIAN_POINT('',(7.4E+04,2.75E+03,-420.));
#4759 = GEOMETRIC_CURVE_SET('',(#4760));
#4760 = TRIMMED_CURVE('',#4761,(#4765,PARAMETER_VALUE(0.)),(#4766,
    PARAMETER_VALUE(200.)),.T.,.PARAMETER.);
#4761 = LINE('',#4762,#4763);
#4762 = CARTESIAN_POINT('',(7.4E+04,-2.75E+03,-210.));
#4763 = VECTOR('',#4764,1.);
#4764 = DIRECTION('',(0.,1.,0.));
#4765 = CARTESIAN_POINT('',(7.4E+04,-2.75E+03,-210.));
#4766 = CARTESIAN_POINT('',(7.4E+04,-2.55E+03,-210.));
#4767 = GEOMETRIC_CURVE_SET('',(#4768));
#4768 = TRIMMED_CURVE('',#4769,(#4773,PARAMETER_VALUE(0.)),(#4774,
    PARAMETER_VALUE(5.1E+03)),.T.,.PARAMETER.);
#4769 = LINE('',#4770,#4771);
#4770 = CARTESIAN_POINT('',(7.4E+04,-2.55E+03,-210.));
#4771 = VECTOR('',#4772,1.);
#4772 = DIRECTION('',(0.,1.,0.));
#4773 = CARTESIAN_POINT('',(7.4E+04,-2.55E+03,-210.));
#4774 = CARTESIAN_POINT('',(7.4E+04,2.55E+03,-210.));
#4775 = GEOMETRIC_CURVE_SET('',(#4776));
#4776 = TRIMMED_CURVE('',#4777,(#4781,PARAMETER_VALUE(0.)),(#4782,
    PARAMETER_VALUE(200.)),.T.,.PARAMETER.);
#4777 = LINE('',#4778,#4779);
#4778 = CARTESIAN_POINT('',(7.4E+04,2.55E+03,-210.));
#4779 = VECTOR('',#4780,1.);
#4780 = DIRECTION('',(0.,1.,0.));
#4781 = CARTESIAN_POINT('',(7.4E+04,2.55E+03,-210.));
#4782 = CARTESIAN_POINT('',(7.4E+04,2.75E+03,-210.));
#4783 = GEOMETRIC_CURVE_SET('',(#4784));
#4784 = TRIMMED_CURVE('',#4785,(#4789,PARAMETER_VALUE(0.)),(#4790,
    PARAMETER_VALUE(210.)),.T.,.PARAMETER.);
#4785 = LINE('',#4786,#4787);
#4786 = CARTESIAN_POINT('',(7.7E+04,-2.75E+03,0.));
#4787 = VECTOR('',#4788,1.);
#4788 = DIRECTION('',(0.,0.,-1.));
#4789 = CARTESIAN_POINT('',(7.7E+04,-2.75E+03,0.));
#4790 = CARTESIAN_POINT('',(7.7E+04,-2.75E+03,-210.));
#4791 = GEOMETRIC_CURVE_SET('',(#4792));
#4792 = TRIMMED_CURVE('',#4793,(#4797,PARAMETER_VALUE(0.)),(#4798,
    PARAMETER_VALUE(210.)),.T.,.PARAMETER.);
#4793 = LINE('',#4794,#4795);
#4794 = CARTESIAN_POINT('',(7.7E+04,-2.75E+03,-210.));
#4795 = VECTOR('',#4796,1.);
#4796 = DIRECTION('',(0.,0.,-1.));
#4797 = CARTESIAN_POINT('',(7.7E+04,-2.75E+03,-210.));
#4798 = CARTESIAN_POINT('',(7.7E+04,-2.75E+03,-420.));
#4799 = GEOMETRIC_CURVE_SET('',(#4800));
#4800 = TRIMMED_CURVE('',#4801,(#4805,PARAMETER_VALUE(0.)),(#4806,
    PARAMETER_VALUE(210.)),.T.,.PARAMETER.);
#4801 = LINE('',#4802,#4803);
#4802 = CARTESIAN_POINT('',(7.7E+04,-2.55E+03,0.));
#4803 = VECTOR('',#4804,1.);
#4804 = DIRECTION('',(0.,0.,-1.));
#4805 = CARTESIAN_POINT('',(7.7E+04,-2.55E+03,0.));
#4806 = CARTESIAN_POINT('',(7.7E+04,-2.55E+03,-210.));
#4807 = GEOMETRIC_CURVE_SET('',(#4808));
#4808 = TRIMMED_CURVE('',#4809,(#4813,PARAMETER_VALUE(0.)),(#4814,
    PARAMETER_VALUE(210.)),.T.,.PARAMETER.);
#4809 = LINE('',#4810,#4811);
#4810 = CARTESIAN_POINT('',(7.7E+04,-2.55E+03,-210.));
#4811 = VECTOR('',#4812,1.);
#4812 = DIRECTION('',(0.,0.,-1.));
#4813 = CARTESIAN_POINT('',(7.7E+04,-2.55E+03,-210.));
#4814 = CARTESIAN_POINT('',(7.7E+04,-2.55E+03,-420.));
#4815 = GEOMETRIC_CURVE_SET('',(#4816));
#4816 = TRIMMED_CURVE('',#4817,(#4821,PARAMETER_VALUE(0.)),(#4822,
    PARAMETER_VALUE(210.)),.T.,.PARAMETER.);
#4817 = LINE('',#4818,#4819);
#4818 = CARTESIAN_POINT('',(7.7E+04,2.55E+03,0.));
#4819 = VECTOR('',#4820,1.);
#4820 = DIRECTION('',(0.,0.,-1.));
#4821 = CARTESIAN_POINT('',(7.7E+04,2.55E+03,0.));
#4822 = CARTESIAN_POINT('',(7.7E+04,2.55E+03,-210.));
#4823 = GEOMETRIC_CURVE_SET('',(#4824));
#4824 = TRIMMED_CURVE('',#4825,(#4829,PARAMETER_VALUE(0.)),(#4830,
    PARAMETER_VALUE(210.)),.T.,.PARAMETER.);
#4825 = LINE('',#4826,#4827);
#4826 = CARTESIAN_POINT('',(7.7E+04,2.55E+03,-210.));
#4827 = VECTOR('',#4828,1.);
#4828 = DIRECTION('',(0.,0.,-1.));
#4829 = CARTESIAN_POINT('',(7.7E+04,2.55E+03,-210.));
#4830 = CARTESIAN_POINT('',(7.7E+04,2.55E+03,-420.));
#4831 = GEOMETRIC_CURVE_SET('',(#4832));
#4832 = TRIMMED_CURVE('',#4833,(#4837,PARAMETER_VALUE(0.)),(#4838,
    PARAMETER_VALUE(210.)),.T.,.PARAMETER.);
#4833 = LINE('',#4834,#4835);
#4834 = CARTESIAN_POINT('',(7.7E+04,2.75E+03,0.));
#4835 = VECTOR('',#4836,1.);
#4836 = DIRECTION('',(0.,0.,-1.));
#4837 = CARTESIAN_POINT('',(7.7E+04,2.75E+03,0.));
#4838 = CARTESIAN_POINT('',(7.7E+04,2.75E+03,-210.));
#4839 = GEOMETRIC_CURVE_SET('',(#4840));
#4840 = TRIMMED_CURVE('',#4841,(#4845,PARAMETER_VALUE(0.)),(#4846,
    PARAMETER_VALUE(210.)),.T.,.PARAMETER.);
#4841 = LINE('',#4842,#4843);
#4842 = CARTESIAN_POINT('',(7.7E+04,2.75E+03,-210.));
#4843 = VECTOR('',#4844,1.);
#4844 = DIRECTION('',(0.,0.,-1.));
#4845 = CARTESIAN_POINT('',(7.7E+04,2.75E+03,-210.));
#4846 = CARTESIAN_POINT('',(7.7E+04,2.75E+03,-420.));
#4847 = GEOMETRIC_CURVE_SET('',(#4848));
#4848 = TRIMMED_CURVE('',#4849,(#4853,PARAMETER_VALUE(0.)),(#4854,
    PARAMETER_VALUE(200.)),.T.,.PARAMETER.);
#4849 = LINE('',#4850,#4851);
#4850 = CARTESIAN_POINT('',(7.7E+04,-2.75E+03,-210.));
#4851 = VECTOR('',#4852,1.);
#4852 = DIRECTION('',(0.,1.,0.));
#4853 = CARTESIAN_POINT('',(7.7E+04,-2.75E+03,-210.));
#4854 = CARTESIAN_POINT('',(7.7E+04,-2.55E+03,-210.));
#4855 = GEOMETRIC_CURVE_SET('',(#4856));
#4856 = TRIMMED_CURVE('',#4857,(#4861,PARAMETER_VALUE(0.)),(#4862,
    PARAMETER_VALUE(5.1E+03)),.T.,.PARAMETER.);
#4857 = LINE('',#4858,#4859);
#4858 = CARTESIAN_POINT('',(7.7E+04,-2.55E+03,-210.));
#4859 = VECTOR('',#4860,1.);
#4860 = DIRECTION('',(0.,1.,0.));
#4861 = CARTESIAN_POINT('',(7.7E+04,-2.55E+03,-210.));
#4862 = CARTESIAN_POINT('',(7.7E+04,2.55E+03,-210.));
#4863 = GEOMETRIC_CURVE_SET('',(#4864));
#4864 = TRIMMED_CURVE('',#4865,(#4869,PARAMETER_VALUE(0.)),(#4870,
    PARAMETER_VALUE(200.)),.T.,.PARAMETER.);
#4865 = LINE('',#4866,#4867);
#4866 = CARTESIAN_POINT('',(7.7E+04,2.55E+03,-210.));
#4867 = VECTOR('',#4868,1.);
#4868 = DIRECTION('',(0.,1.,0.));
#4869 = CARTESIAN_POINT('',(7.7E+04,2.55E+03,-210.));
#4870 = CARTESIAN_POINT('',(7.7E+04,2.75E+03,-210.));
#4871 = GEOMETRIC_CURVE_SET('',(#4872));
#4872 = TRIMMED_CURVE('',#4873,(#4877,PARAMETER_VALUE(0.)),(#4878,
    PARAMETER_VALUE(210.)),.T.,.PARAMETER.);
#4873 = LINE('',#4874,#4875);
#4874 = CARTESIAN_POINT('',(8.2E+04,-2.75E+03,0.));
#4875 = VECTOR('',#4876,1.);
#4876 = DIRECTION('',(0.,0.,-1.));
#4877 = CARTESIAN_POINT('',(8.2E+04,-2.75E+03,0.));
#4878 = CARTESIAN_POINT('',(8.2E+04,-2.75E+03,-210.));
#4879 = GEOMETRIC_CURVE_SET('',(#4880));
#4880 = TRIMMED_CURVE('',#4881,(#4885,PARAMETER_VALUE(0.)),(#4886,
    PARAMETER_VALUE(210.)),.T.,.PARAMETER.);
#4881 = LINE('',#4882,#4883);
#4882 = CARTESIAN_POINT('',(8.2E+04,-2.75E+03,-210.));
#4883 = VECTOR('',#4884,1.);
#4884 = DIRECTION('',(0.,0.,-1.));
#4885 = CARTESIAN_POINT('',(8.2E+04,-2.75E+03,-210.));
#4886 = CARTESIAN_POINT('',(8.2E+04,-2.75E+03,-420.));
#4887 = GEOMETRIC_CURVE_SET('',(#4888));
#4888 = TRIMMED_CURVE('',#4889,(#4893,PARAMETER_VALUE(0.)),(#4894,
    PARAMETER_VALUE(210.)),.T.,.PARAMETER.);
#4889 = LINE('',#4890,#4891);
#4890 = CARTESIAN_POINT('',(8.2E+04,-2.55E+03,0.));
#4891 = VECTOR('',#4892,1.);
#4892 = DIRECTION('',(0.,0.,-1.));
#4893 = CARTESIAN_POINT('',(8.2E+04,-2.55E+03,0.));
#4894 = CARTESIAN_POINT('',(8.2E+04,-2.55E+03,-210.));
#4895 = GEOMETRIC_CURVE_SET('',(#4896));
#4896 = TRIMMED_CURVE('',#4897,(#4901,PARAMETER_VALUE(0.)),(#4902,
    PARAMETER_VALUE(210.)),.T.,.PARAMETER.);
#4897 = LINE('',#4898,#4899);
#4898 = CARTESIAN_POINT('',(8.2E+04,-2.55E+03,-210.));
#4899 = VECTOR('',#4900,1.);
#4900 = DIRECTION('',(0.,0.,-1.));
#4901 = CARTESIAN_POINT('',(8.2E+04,-2.55E+03,-210.));
#4902 = CARTESIAN_POINT('',(8.2E+04,-2.55E+03,-420.));
#4903 = GEOMETRIC_CURVE_SET('',(#4904));
#4904 = TRIMMED_CURVE('',#4905,(#4909,PARAMETER_VALUE(0.)),(#4910,
    PARAMETER_VALUE(210.)),.T.,.PARAMETER.);
#4905 = LINE('',#4906,#4907);
#4906 = CARTESIAN_POINT('',(8.2E+04,2.55E+03,0.));
#4907 = VECTOR('',#4908,1.);
#4908 = DIRECTION('',(0.,0.,-1.));
#4909 = CARTESIAN_POINT('',(8.2E+04,2.55E+03,0.));
#4910 = CARTESIAN_POINT('',(8.2E+04,2.55E+03,-210.));
#4911 = GEOMETRIC_CURVE_SET('',(#4912));
#4912 = TRIMMED_CURVE('',#4913,(#4917,PARAMETER_VALUE(0.)),(#4918,
    PARAMETER_VALUE(210.)),.T.,.PARAMETER.);
#4913 = LINE('',#4914,#4915);
#4914 = CARTESIAN_POINT('',(8.2E+04,2.55E+03,-210.));
#4915 = VECTOR('',#4916,1.);
#4916 = DIRECTION('',(0.,0.,-1.));
#4917 = CARTESIAN_POINT('',(8.2E+04,2.55E+03,-210.));
#4918 = CARTESIAN_POINT('',(8.2E+04,2.55E+03,-420.));
#4919 = GEOMETRIC_CURVE_SET('',(#4920));
#4920 = TRIMMED_CURVE('',#4921,(#4925,PARAMETER_VALUE(0.)),(#4926,
    PARAMETER_VALUE(210.)),.T.,.PARAMETER.);
#4921 = LINE('',#4922,#4923);
#4922 = CARTESIAN_POINT('',(8.2E+04,2.75E+03,0.));
#4923 = VECTOR('',#4924,1.);
#4924 = DIRECTION('',(0.,0.,-1.));
#4925 = CARTESIAN_POINT('',(8.2E+04,2.75E+03,0.));
#4926 = CARTESIAN_POINT('',(8.2E+04,2.75E+03,-210.));
#4927 = GEOMETRIC_CURVE_SET('',(#4928));
#4928 = TRIMMED_CURVE('',#4929,(#4933,PARAMETER_VALUE(0.)),(#4934,
    PARAMETER_VALUE(210.)),.T.,.PARAMETER.);
#4929 = LINE('',#4930,#4931);
#4930 = CARTESIAN_POINT('',(8.2E+04,2.75E+03,-210.));
#4931 = VECTOR('',#4932,1.);
#4932 = DIRECTION('',(0.,0.,-1.));
#4933 = CARTESIAN_POINT('',(8.2E+04,2.75E+03,-210.));
#4934 = CARTESIAN_POINT('',(8.2E+04,2.75E+03,-420.));
#4935 = GEOMETRIC_CURVE_SET('',(#4936));
#4936 = TRIMMED_CURVE('',#4937,(#4941,PARAMETER_VALUE(0.)),(#4942,
    PARAMETER_VALUE(200.)),.T.,.PARAMETER.);
#4937 = LINE('',#4938,#4939);
#4938 = CARTESIAN_POINT('',(8.2E+04,-2.75E+03,-210.));
#4939 = VECTOR('',#4940,1.);
#4940 = DIRECTION('',(0.,1.,0.));
#4941 = CARTESIAN_POINT('',(8.2E+04,-2.75E+03,-210.));
#4942 = CARTESIAN_POINT('',(8.2E+04,-2.55E+03,-210.));
#4943 = GEOMETRIC_CURVE_SET('',(#4944));
#4944 = TRIMMED_CURVE('',#4945,(#4949,PARAMETER_VALUE(0.)),(#4950,
    PARAMETER_VALUE(5.1E+03)),.T.,.PARAMETER.);
#4945 = LINE('',#4946,#4947);
#4946 = CARTESIAN_POINT('',(8.2E+04,-2.55E+03,-210.));
#4947 = VECTOR('',#4948,1.);
#4948 = DIRECTION('',(0.,1.,0.));
#4949 = CARTESIAN_POINT('',(8.2E+04,-2.55E+03,-210.));
#4950 = CARTESIAN_POINT('',(8.2E+04,2.55E+03,-210.));
#4951 = GEOMETRIC_CURVE_SET('',(#4952));
#4952 = TRIMMED_CURVE('',#4953,(#4957,PARAMETER_VALUE(0.)),(#4958,
    PARAMETER_VALUE(200.)),.T.,.PARAMETER.);
#4953 = LINE('',#4954,#4955);
#4954 = CARTESIAN_POINT('',(8.2E+04,2.55E+03,-210.));
#4955 = VECTOR('',#4956,1.);
#4956 = DIRECTION('',(0.,1.,0.));
#4957 = CARTESIAN_POINT('',(8.2E+04,2.55E+03,-210.));
#4958 = CARTESIAN_POINT('',(8.2E+04,2.75E+03,-210.));
#4959 = GEOMETRIC_CURVE_SET('',(#4960));
#4960 = TRIMMED_CURVE('',#4961,(#4965,PARAMETER_VALUE(0.)),(#4966,
    PARAMETER_VALUE(5.E+03)),.T.,.PARAMETER.);
#4961 = LINE('',#4962,#4963);
#4962 = CARTESIAN_POINT('',(0.,-2.55E+03,-210.));
#4963 = VECTOR('',#4964,1.);
#4964 = DIRECTION('',(1.,0.,0.));
#4965 = CARTESIAN_POINT('',(0.,-2.55E+03,-210.));
#4966 = CARTESIAN_POINT('',(5.E+03,-2.55E+03,-210.));
#4967 = GEOMETRIC_CURVE_SET('',(#4968));
#4968 = TRIMMED_CURVE('',#4969,(#4973,PARAMETER_VALUE(0.)),(#4974,
    PARAMETER_VALUE(3.E+03)),.T.,.PARAMETER.);
#4969 = LINE('',#4970,#4971);
#4970 = CARTESIAN_POINT('',(5.E+03,-2.55E+03,-210.));
#4971 = VECTOR('',#4972,1.);
#4972 = DIRECTION('',(1.,0.,0.));
#4973 = CARTESIAN_POINT('',(5.E+03,-2.55E+03,-210.));
#4974 = CARTESIAN_POINT('',(8.E+03,-2.55E+03,-210.));
#4975 = GEOMETRIC_CURVE_SET('',(#4976));
#4976 = TRIMMED_CURVE('',#4977,(#4981,PARAMETER_VALUE(0.)),(#4982,
    PARAMETER_VALUE(3.E+03)),.T.,.PARAMETER.);
#4977 = LINE('',#4978,#4979);
#4978 = CARTESIAN_POINT('',(8.E+03,-2.55E+03,-210.));
#4979 = VECTOR('',#4980,1.);
#4980 = DIRECTION('',(1.,0.,0.));
#4981 = CARTESIAN_POINT('',(8.E+03,-2.55E+03,-210.));
#4982 = CARTESIAN_POINT('',(1.1E+04,-2.55E+03,-210.));
#4983 = GEOMETRIC_CURVE_SET('',(#4984));
#4984 = TRIMMED_CURVE('',#4985,(#4989,PARAMETER_VALUE(0.)),(#4990,
    PARAMETER_VALUE(3.E+03)),.T.,.PARAMETER.);
#4985 = LINE('',#4986,#4987);
#4986 = CARTESIAN_POINT('',(1.1E+04,-2.55E+03,-210.));
#4987 = VECTOR('',#4988,1.);
#4988 = DIRECTION('',(1.,0.,0.));
#4989 = CARTESIAN_POINT('',(1.1E+04,-2.55E+03,-210.));
#4990 = CARTESIAN_POINT('',(1.4E+04,-2.55E+03,-210.));
#4991 = GEOMETRIC_CURVE_SET('',(#4992));
#4992 = TRIMMED_CURVE('',#4993,(#4997,PARAMETER_VALUE(0.)),(#4998,
    PARAMETER_VALUE(3.E+03)),.T.,.PARAMETER.);
#4993 = LINE('',#4994,#4995);
#4994 = CARTESIAN_POINT('',(1.4E+04,-2.55E+03,-210.));
#4995 = VECTOR('',#4996,1.);
#4996 = DIRECTION('',(1.,0.,0.));
#4997 = CARTESIAN_POINT('',(1.4E+04,-2.55E+03,-210.));
#4998 = CARTESIAN_POINT('',(1.7E+04,-2.55E+03,-210.));
#4999 = GEOMETRIC_CURVE_SET('',(#5000));
#5000 = TRIMMED_CURVE('',#5001,(#5005,PARAMETER_VALUE(0.)),(#5006,
    PARAMETER_VALUE(3.E+03)),.T.,.PARAMETER.);
#5001 = LINE('',#5002,#5003);
#5002 = CARTESIAN_POINT('',(1.7E+04,-2.55E+03,-210.));
#5003 = VECTOR('',#5004,1.);
#5004 = DIRECTION('',(1.,0.,0.));
#5005 = CARTESIAN_POINT('',(1.7E+04,-2.55E+03,-210.));
#5006 = CARTESIAN_POINT('',(2.E+04,-2.55E+03,-210.));
#5007 = GEOMETRIC_CURVE_SET('',(#5008));
#5008 = TRIMMED_CURVE('',#5009,(#5013,PARAMETER_VALUE(0.)),(#5014,
    PARAMETER_VALUE(3.E+03)),.T.,.PARAMETER.);
#5009 = LINE('',#5010,#5011);
#5010 = CARTESIAN_POINT('',(2.E+04,-2.55E+03,-210.));
#5011 = VECTOR('',#5012,1.);
#5012 = DIRECTION('',(1.,0.,0.));
#5013 = CARTESIAN_POINT('',(2.E+04,-2.55E+03,-210.));
#5014 = CARTESIAN_POINT('',(2.3E+04,-2.55E+03,-210.));
#5015 = GEOMETRIC_CURVE_SET('',(#5016));
#5016 = TRIMMED_CURVE('',#5017,(#5021,PARAMETER_VALUE(0.)),(#5022,
    PARAMETER_VALUE(3.E+03)),.T.,.PARAMETER.);
#5017 = LINE('',#5018,#5019);
#5018 = CARTESIAN_POINT('',(2.3E+04,-2.55E+03,-210.));
#5019 = VECTOR('',#5020,1.);
#5020 = DIRECTION('',(1.,0.,0.));
#5021 = CARTESIAN_POINT('',(2.3E+04,-2.55E+03,-210.));
#5022 = CARTESIAN_POINT('',(2.6E+04,-2.55E+03,-210.));
#5023 = GEOMETRIC_CURVE_SET('',(#5024));
#5024 = TRIMMED_CURVE('',#5025,(#5029,PARAMETER_VALUE(0.)),(#5030,
    PARAMETER_VALUE(3.E+03)),.T.,.PARAMETER.);
#5025 = LINE('',#5026,#5027);
#5026 = CARTESIAN_POINT('',(2.6E+04,-2.55E+03,-210.));
#5027 = VECTOR('',#5028,1.);
#5028 = DIRECTION('',(1.,0.,0.));
#5029 = CARTESIAN_POINT('',(2.6E+04,-2.55E+03,-210.));
#5030 = CARTESIAN_POINT('',(2.9E+04,-2.55E+03,-210.));
#5031 = GEOMETRIC_CURVE_SET('',(#5032));
#5032 = TRIMMED_CURVE('',#5033,(#5037,PARAMETER_VALUE(0.)),(#5038,
    PARAMETER_VALUE(3.E+03)),.T.,.PARAMETER.);
#5033 = LINE('',#5034,#5035);
#5034 = CARTESIAN_POINT('',(2.9E+04,-2.55E+03,-210.));
#5035 = VECTOR('',#5036,1.);
#5036 = DIRECTION('',(1.,0.,0.));
#5037 = CARTESIAN_POINT('',(2.9E+04,-2.55E+03,-210.));
#5038 = CARTESIAN_POINT('',(3.2E+04,-2.55E+03,-210.));
#5039 = GEOMETRIC_CURVE_SET('',(#5040));
#5040 = TRIMMED_CURVE('',#5041,(#5045,PARAMETER_VALUE(0.)),(#5046,
    PARAMETER_VALUE(3.E+03)),.T.,.PARAMETER.);
#5041 = LINE('',#5042,#5043);
#5042 = CARTESIAN_POINT('',(3.2E+04,-2.55E+03,-210.));
#5043 = VECTOR('',#5044,1.);
#5044 = DIRECTION('',(1.,0.,0.));
#5045 = CARTESIAN_POINT('',(3.2E+04,-2.55E+03,-210.));
#5046 = CARTESIAN_POINT('',(3.5E+04,-2.55E+03,-210.));
#5047 = GEOMETRIC_CURVE_SET('',(#5048));
#5048 = TRIMMED_CURVE('',#5049,(#5053,PARAMETER_VALUE(0.)),(#5054,
    PARAMETER_VALUE(3.E+03)),.T.,.PARAMETER.);
#5049 = LINE('',#5050,#5051);
#5050 = CARTESIAN_POINT('',(3.5E+04,-2.55E+03,-210.));
#5051 = VECTOR('',#5052,1.);
#5052 = DIRECTION('',(1.,0.,0.));
#5053 = CARTESIAN_POINT('',(3.5E+04,-2.55E+03,-210.));
#5054 = CARTESIAN_POINT('',(3.8E+04,-2.55E+03,-210.));
#5055 = GEOMETRIC_CURVE_SET('',(#5056));
#5056 = TRIMMED_CURVE('',#5057,(#5061,PARAMETER_VALUE(0.)),(#5062,
    PARAMETER_VALUE(3.E+03)),.T.,.PARAMETER.);
#5057 = LINE('',#5058,#5059);
#5058 = CARTESIAN_POINT('',(3.8E+04,-2.55E+03,-210.));
#5059 = VECTOR('',#5060,1.);
#5060 = DIRECTION('',(1.,0.,0.));
#5061 = CARTESIAN_POINT('',(3.8E+04,-2.55E+03,-210.));
#5062 = CARTESIAN_POINT('',(4.1E+04,-2.55E+03,-210.));
#5063 = GEOMETRIC_CURVE_SET('',(#5064));
#5064 = TRIMMED_CURVE('',#5065,(#5069,PARAMETER_VALUE(0.)),(#5070,
    PARAMETER_VALUE(3.E+03)),.T.,.PARAMETER.);
#5065 = LINE('',#5066,#5067);
#5066 = CARTESIAN_POINT('',(4.1E+04,-2.55E+03,-210.));
#5067 = VECTOR('',#5068,1.);
#5068 = DIRECTION('',(1.,0.,0.));
#5069 = CARTESIAN_POINT('',(4.1E+04,-2.55E+03,-210.));
#5070 = CARTESIAN_POINT('',(4.4E+04,-2.55E+03,-210.));
#5071 = GEOMETRIC_CURVE_SET('',(#5072));
#5072 = TRIMMED_CURVE('',#5073,(#5077,PARAMETER_VALUE(0.)),(#5078,
    PARAMETER_VALUE(3.E+03)),.T.,.PARAMETER.);
#5073 = LINE('',#5074,#5075);
#5074 = CARTESIAN_POINT('',(4.4E+04,-2.55E+03,-210.));
#5075 = VECTOR('',#5076,1.);
#5076 = DIRECTION('',(1.,0.,0.));
#5077 = CARTESIAN_POINT('',(4.4E+04,-2.55E+03,-210.));
#5078 = CARTESIAN_POINT('',(4.7E+04,-2.55E+03,-210.));
#5079 = GEOMETRIC_CURVE_SET('',(#5080));
#5080 = TRIMMED_CURVE('',#5081,(#5085,PARAMETER_VALUE(0.)),(#5086,
    PARAMETER_VALUE(3.E+03)),.T.,.PARAMETER.);
#5081 = LINE('',#5082,#5083);
#5082 = CARTESIAN_POINT('',(4.7E+04,-2.55E+03,-210.));
#5083 = VECTOR('',#5084,1.);
#5084 = DIRECTION('',(1.,0.,0.));
#5085 = CARTESIAN_POINT('',(4.7E+04,-2.55E+03,-210.));
#5086 = CARTESIAN_POINT('',(5.E+04,-2.55E+03,-210.));
#5087 = GEOMETRIC_CURVE_SET('',(#5088));
#5088 = TRIMMED_CURVE('',#5089,(#5093,PARAMETER_VALUE(0.)),(#5094,
    PARAMETER_VALUE(3.E+03)),.T.,.PARAMETER.);
#5089 = LINE('',#5090,#5091);
#5090 = CARTESIAN_POINT('',(5.E+04,-2.55E+03,-210.));
#5091 = VECTOR('',#5092,1.);
#5092 = DIRECTION('',(1.,0.,0.));
#5093 = CARTESIAN_POINT('',(5.E+04,-2.55E+03,-210.));
#5094 = CARTESIAN_POINT('',(5.3E+04,-2.55E+03,-210.));
#5095 = GEOMETRIC_CURVE_SET('',(#5096));
#5096 = TRIMMED_CURVE('',#5097,(#5101,PARAMETER_VALUE(0.)),(#5102,
    PARAMETER_VALUE(3.E+03)),.T.,.PARAMETER.);
#5097 = LINE('',#5098,#5099);
#5098 = CARTESIAN_POINT('',(5.3E+04,-2.55E+03,-210.));
#5099 = VECTOR('',#5100,1.);
#5100 = DIRECTION('',(1.,0.,0.));
#5101 = CARTESIAN_POINT('',(5.3E+04,-2.55E+03,-210.));
#5102 = CARTESIAN_POINT('',(5.6E+04,-2.55E+03,-210.));
#5103 = GEOMETRIC_CURVE_SET('',(#5104));
#5104 = TRIMMED_CURVE('',#5105,(#5109,PARAMETER_VALUE(0.)),(#5110,
    PARAMETER_VALUE(3.E+03)),.T.,.PARAMETER.);
#5105 = LINE('',#5106,#5107);
#5106 = CARTESIAN_POINT('',(5.6E+04,-2.55E+03,-210.));
#5107 = VECTOR('',#5108,1.);
#5108 = DIRECTION('',(1.,0.,0.));
#5109 = CARTESIAN_POINT('',(5.6E+04,-2.55E+03,-210.));
#5110 = CARTESIAN_POINT('',(5.9E+04,-2.55E+03,-210.));
#5111 = GEOMETRIC_CURVE_SET('',(#5112));
#5112 = TRIMMED_CURVE('',#5113,(#5117,PARAMETER_VALUE(0.)),(#5118,
    PARAMETER_VALUE(3.E+03)),.T.,.PARAMETER.);
#5113 = LINE('',#5114,#5115);
#5114 = CARTESIAN_POINT('',(5.9E+04,-2.55E+03,-210.));
#5115 = VECTOR('',#5116,1.);
#5116 = DIRECTION('',(1.,0.,0.));
#5117 = CARTESIAN_POINT('',(5.9E+04,-2.55E+03,-210.));
#5118 = CARTESIAN_POINT('',(6.2E+04,-2.55E+03,-210.));
#5119 = GEOMETRIC_CURVE_SET('',(#5120));
#5120 = TRIMMED_CURVE('',#5121,(#5125,PARAMETER_VALUE(0.)),(#5126,
    PARAMETER_VALUE(3.E+03)),.T.,.PARAMETER.);
#5121 = LINE('',#5122,#5123);
#5122 = CARTESIAN_POINT('',(6.2E+04,-2.55E+03,-210.));
#5123 = VECTOR('',#5124,1.);
#5124 = DIRECTION('',(1.,0.,0.));
#5125 = CARTESIAN_POINT('',(6.2E+04,-2.55E+03,-210.));
#5126 = CARTESIAN_POINT('',(6.5E+04,-2.55E+03,-210.));
#5127 = GEOMETRIC_CURVE_SET('',(#5128));
#5128 = TRIMMED_CURVE('',#5129,(#5133,PARAMETER_VALUE(0.)),(#5134,
    PARAMETER_VALUE(3.E+03)),.T.,.PARAMETER.);
#5129 = LINE('',#5130,#5131);
#5130 = CARTESIAN_POINT('',(6.5E+04,-2.55E+03,-210.));
#5131 = VECTOR('',#5132,1.);
#5132 = DIRECTION('',(1.,0.,0.));
#5133 = CARTESIAN_POINT('',(6.5E+04,-2.55E+03,-210.));
#5134 = CARTESIAN_POINT('',(6.8E+04,-2.55E+03,-210.));
#5135 = GEOMETRIC_CURVE_SET('',(#5136));
#5136 = TRIMMED_CURVE('',#5137,(#5141,PARAMETER_VALUE(0.)),(#5142,
    PARAMETER_VALUE(3.E+03)),.T.,.PARAMETER.);
#5137 = LINE('',#5138,#5139);
#5138 = CARTESIAN_POINT('',(6.8E+04,-2.55E+03,-210.));
#5139 = VECTOR('',#5140,1.);
#5140 = DIRECTION('',(1.,0.,0.));
#5141 = CARTESIAN_POINT('',(6.8E+04,-2.55E+03,-210.));
#5142 = CARTESIAN_POINT('',(7.1E+04,-2.55E+03,-210.));
#5143 = GEOMETRIC_CURVE_SET('',(#5144));
#5144 = TRIMMED_CURVE('',#5145,(#5149,PARAMETER_VALUE(0.)),(#5150,
    PARAMETER_VALUE(3.E+03)),.T.,.PARAMETER.);
#5145 = LINE('',#5146,#5147);
#5146 = CARTESIAN_POINT('',(7.1E+04,-2.55E+03,-210.));
#5147 = VECTOR('',#5148,1.);
#5148 = DIRECTION('',(1.,0.,0.));
#5149 = CARTESIAN_POINT('',(7.1E+04,-2.55E+03,-210.));
#5150 = CARTESIAN_POINT('',(7.4E+04,-2.55E+03,-210.));
#5151 = GEOMETRIC_CURVE_SET('',(#5152));
#5152 = TRIMMED_CURVE('',#5153,(#5157,PARAMETER_VALUE(0.)),(#5158,
    PARAMETER_VALUE(3.E+03)),.T.,.PARAMETER.);
#5153 = LINE('',#5154,#5155);
#5154 = CARTESIAN_POINT('',(7.4E+04,-2.55E+03,-210.));
#5155 = VECTOR('',#5156,1.);
#5156 = DIRECTION('',(1.,0.,0.));
#5157 = CARTESIAN_POINT('',(7.4E+04,-2.55E+03,-210.));
#5158 = CARTESIAN_POINT('',(7.7E+04,-2.55E+03,-210.));
#5159 = GEOMETRIC_CURVE_SET('',(#5160));
#5160 = TRIMMED_CURVE('',#5161,(#5165,PARAMETER_VALUE(0.)),(#5166,
    PARAMETER_VALUE(5.E+03)),.T.,.PARAMETER.);
#5161 = LINE('',#5162,#5163);
#5162 = CARTESIAN_POINT('',(7.7E+04,-2.55E+03,-210.));
#5163 = VECTOR('',#5164,1.);
#5164 = DIRECTION('',(1.,0.,0.));
#5165 = CARTESIAN_POINT('',(7.7E+04,-2.55E+03,-210.));
#5166 = CARTESIAN_POINT('',(8.2E+04,-2.55E+03,-210.));
#5167 = GEOMETRIC_CURVE_SET('',(#5168));
#5168 = TRIMMED_CURVE('',#5169,(#5173,PARAMETER_VALUE(0.)),(#5174,
    PARAMETER_VALUE(5.E+03)),.T.,.PARAMETER.);
#5169 = LINE('',#5170,#5171);
#5170 = CARTESIAN_POINT('',(0.,2.55E+03,-210.));
#5171 = VECTOR('',#5172,1.);
#5172 = DIRECTION('',(1.,0.,0.));
#5173 = CARTESIAN_POINT('',(0.,2.55E+03,-210.));
#5174 = CARTESIAN_POINT('',(5.E+03,2.55E+03,-210.));
#5175 = GEOMETRIC_CURVE_SET('',(#5176));
#5176 = TRIMMED_CURVE('',#5177,(#5181,PARAMETER_VALUE(0.)),(#5182,
    PARAMETER_VALUE(3.E+03)),.T.,.PARAMETER.);
#5177 = LINE('',#5178,#5179);
#5178 = CARTESIAN_POINT('',(5.E+03,2.55E+03,-210.));
#5179 = VECTOR('',#5180,1.);
#5180 = DIRECTION('',(1.,0.,0.));
#5181 = CARTESIAN_POINT('',(5.E+03,2.55E+03,-210.));
#5182 = CARTESIAN_POINT('',(8.E+03,2.55E+03,-210.));
#5183 = GEOMETRIC_CURVE_SET('',(#5184));
#5184 = TRIMMED_CURVE('',#5185,(#5189,PARAMETER_VALUE(0.)),(#5190,
    PARAMETER_VALUE(3.E+03)),.T.,.PARAMETER.);
#5185 = LINE('',#5186,#5187);
#5186 = CARTESIAN_POINT('',(8.E+03,2.55E+03,-210.));
#5187 = VECTOR('',#5188,1.);
#5188 = DIRECTION('',(1.,0.,0.));
#5189 = CARTESIAN_POINT('',(8.E+03,2.55E+03,-210.));
#5190 = CARTESIAN_POINT('',(1.1E+04,2.55E+03,-210.));
#5191 = GEOMETRIC_CURVE_SET('',(#5192));
#5192 = TRIMMED_CURVE('',#5193,(#5197,PARAMETER_VALUE(0.)),(#5198,
    PARAMETER_VALUE(3.E+03)),.T.,.PARAMETER.);
#5193 = LINE('',#5194,#5195);
#5194 = CARTESIAN_POINT('',(1.1E+04,2.55E+03,-210.));
#5195 = VECTOR('',#5196,1.);
#5196 = DIRECTION('',(1.,0.,0.));
#5197 = CARTESIAN_POINT('',(1.1E+04,2.55E+03,-210.));
#5198 = CARTESIAN_POINT('',(1.4E+04,2.55E+03,-210.));
#5199 = GEOMETRIC_CURVE_SET('',(#5200));
#5200 = TRIMMED_CURVE('',#5201,(#5205,PARAMETER_VALUE(0.)),(#5206,
    PARAMETER_VALUE(3.E+03)),.T.,.PARAMETER.);
#5201 = LINE('',#5202,#5203);
#5202 = CARTESIAN_POINT('',(1.4E+04,2.55E+03,-210.));
#5203 = VECTOR('',#5204,1.);
#5204 = DIRECTION('',(1.,0.,0.));
#5205 = CARTESIAN_POINT('',(1.4E+04,2.55E+03,-210.));
#5206 = CARTESIAN_POINT('',(1.7E+04,2.55E+03,-210.));
#5207 = GEOMETRIC_CURVE_SET('',(#5208));
#5208 = TRIMMED_CURVE('',#5209,(#5213,PARAMETER_VALUE(0.)),(#5214,
    PARAMETER_VALUE(3.E+03)),.T.,.PARAMETER.);
#5209 = LINE('',#5210,#5211);
#5210 = CARTESIAN_POINT('',(1.7E+04,2.55E+03,-210.));
#5211 = VECTOR('',#5212,1.);
#5212 = DIRECTION('',(1.,0.,0.));
#5213 = CARTESIAN_POINT('',(1.7E+04,2.55E+03,-210.));
#5214 = CARTESIAN_POINT('',(2.E+04,2.55E+03,-210.));
#5215 = GEOMETRIC_CURVE_SET('',(#5216));
#5216 = TRIMMED_CURVE('',#5217,(#5221,PARAMETER_VALUE(0.)),(#5222,
    PARAMETER_VALUE(3.E+03)),.T.,.PARAMETER.);
#5217 = LINE('',#5218,#5219);
#5218 = CARTESIAN_POINT('',(2.E+04,2.55E+03,-210.));
#5219 = VECTOR('',#5220,1.);
#5220 = DIRECTION('',(1.,0.,0.));
#5221 = CARTESIAN_POINT('',(2.E+04,2.55E+03,-210.));
#5222 = CARTESIAN_POINT('',(2.3E+04,2.55E+03,-210.));
#5223 = GEOMETRIC_CURVE_SET('',(#5224));
#5224 = TRIMMED_CURVE('',#5225,(#5229,PARAMETER_VALUE(0.)),(#5230,
    PARAMETER_VALUE(3.E+03)),.T.,.PARAMETER.);
#5225 = LINE('',#5226,#5227);
#5226 = CARTESIAN_POINT('',(2.3E+04,2.55E+03,-210.));
#5227 = VECTOR('',#5228,1.);
#5228 = DIRECTION('',(1.,0.,0.));
#5229 = CARTESIAN_POINT('',(2.3E+04,2.55E+03,-210.));
#5230 = CARTESIAN_POINT('',(2.6E+04,2.55E+03,-210.));
#5231 = GEOMETRIC_CURVE_SET('',(#5232));
#5232 = TRIMMED_CURVE('',#5233,(#5237,PARAMETER_VALUE(0.)),(#5238,
    PARAMETER_VALUE(3.E+03)),.T.,.PARAMETER.);
#5233 = LINE('',#5234,#5235);
#5234 = CARTESIAN_POINT('',(2.6E+04,2.55E+03,-210.));
#5235 = VECTOR('',#5236,1.);
#5236 = DIRECTION('',(1.,0.,0.));
#5237 = CARTESIAN_POINT('',(2.6E+04,2.55E+03,-210.));
#5238 = CARTESIAN_POINT('',(2.9E+04,2.55E+03,-210.));
#5239 = GEOMETRIC_CURVE_SET('',(#5240));
#5240 = TRIMMED_CURVE('',#5241,(#5245,PARAMETER_VALUE(0.)),(#5246,
    PARAMETER_VALUE(3.E+03)),.T.,.PARAMETER.);
#5241 = LINE('',#5242,#5243);
#5242 = CARTESIAN_POINT('',(2.9E+04,2.55E+03,-210.));
#5243 = VECTOR('',#5244,1.);
#5244 = DIRECTION('',(1.,0.,0.));
#5245 = CARTESIAN_POINT('',(2.9E+04,2.55E+03,-210.));
#5246 = CARTESIAN_POINT('',(3.2E+04,2.55E+03,-210.));
#5247 = GEOMETRIC_CURVE_SET('',(#5248));
#5248 = TRIMMED_CURVE('',#5249,(#5253,PARAMETER_VALUE(0.)),(#5254,
    PARAMETER_VALUE(3.E+03)),.T.,.PARAMETER.);
#5249 = LINE('',#5250,#5251);
#5250 = CARTESIAN_POINT('',(3.2E+04,2.55E+03,-210.));
#5251 = VECTOR('',#5252,1.);
#5252 = DIRECTION('',(1.,0.,0.));
#5253 = CARTESIAN_POINT('',(3.2E+04,2.55E+03,-210.));
#5254 = CARTESIAN_POINT('',(3.5E+04,2.55E+03,-210.));
#5255 = GEOMETRIC_CURVE_SET('',(#5256));
#5256 = TRIMMED_CURVE('',#5257,(#5261,PARAMETER_VALUE(0.)),(#5262,
    PARAMETER_VALUE(3.E+03)),.T.,.PARAMETER.);
#5257 = LINE('',#5258,#5259);
#5258 = CARTESIAN_POINT('',(3.5E+04,2.55E+03,-210.));
#5259 = VECTOR('',#5260,1.);
#5260 = DIRECTION('',(1.,0.,0.));
#5261 = CARTESIAN_POINT('',(3.5E+04,2.55E+03,-210.));
#5262 = CARTESIAN_POINT('',(3.8E+04,2.55E+03,-210.));
#5263 = GEOMETRIC_CURVE_SET('',(#5264));
#5264 = TRIMMED_CURVE('',#5265,(#5269,PARAMETER_VALUE(0.)),(#5270,
    PARAMETER_VALUE(3.E+03)),.T.,.PARAMETER.);
#5265 = LINE('',#5266,#5267);
#5266 = CARTESIAN_POINT('',(3.8E+04,2.55E+03,-210.));
#5267 = VECTOR('',#5268,1.);
#5268 = DIRECTION('',(1.,0.,0.));
#5269 = CARTESIAN_POINT('',(3.8E+04,2.55E+03,-210.));
#5270 = CARTESIAN_POINT('',(4.1E+04,2.55E+03,-210.));
#5271 = GEOMETRIC_CURVE_SET('',(#5272));
#5272 = TRIMMED_CURVE('',#5273,(#5277,PARAMETER_VALUE(0.)),(#5278,
    PARAMETER_VALUE(3.E+03)),.T.,.PARAMETER.);
#5273 = LINE('',#5274,#5275);
#5274 = CARTESIAN_POINT('',(4.1E+04,2.55E+03,-210.));
#5275 = VECTOR('',#5276,1.);
#5276 = DIRECTION('',(1.,0.,0.));
#5277 = CARTESIAN_POINT('',(4.1E+04,2.55E+03,-210.));
#5278 = CARTESIAN_POINT('',(4.4E+04,2.55E+03,-210.));
#5279 = GEOMETRIC_CURVE_SET('',(#5280));
#5280 = TRIMMED_CURVE('',#5281,(#5285,PARAMETER_VALUE(0.)),(#5286,
    PARAMETER_VALUE(3.E+03)),.T.,.PARAMETER.);
#5281 = LINE('',#5282,#5283);
#5282 = CARTESIAN_POINT('',(4.4E+04,2.55E+03,-210.));
#5283 = VECTOR('',#5284,1.);
#5284 = DIRECTION('',(1.,0.,0.));
#5285 = CARTESIAN_POINT('',(4.4E+04,2.55E+03,-210.));
#5286 = CARTESIAN_POINT('',(4.7E+04,2.55E+03,-210.));
#5287 = GEOMETRIC_CURVE_SET('',(#5288));
#5288 = TRIMMED_CURVE('',#5289,(#5293,PARAMETER_VALUE(0.)),(#5294,
    PARAMETER_VALUE(3.E+03)),.T.,.PARAMETER.);
#5289 = LINE('',#5290,#5291);
#5290 = CARTESIAN_POINT('',(4.7E+04,2.55E+03,-210.));
#5291 = VECTOR('',#5292,1.);
#5292 = DIRECTION('',(1.,0.,0.));
#5293 = CARTESIAN_POINT('',(4.7E+04,2.55E+03,-210.));
#5294 = CARTESIAN_POINT('',(5.E+04,2.55E+03,-210.));
#5295 = GEOMETRIC_CURVE_SET('',(#5296));
#5296 = TRIMMED_CURVE('',#5297,(#5301,PARAMETER_VALUE(0.)),(#5302,
    PARAMETER_VALUE(3.E+03)),.T.,.PARAMETER.);
#5297 = LINE('',#5298,#5299);
#5298 = CARTESIAN_POINT('',(5.E+04,2.55E+03,-210.));
#5299 = VECTOR('',#5300,1.);
#5300 = DIRECTION('',(1.,0.,0.));
#5301 = CARTESIAN_POINT('',(5.E+04,2.55E+03,-210.));
#5302 = CARTESIAN_POINT('',(5.3E+04,2.55E+03,-210.));
#5303 = GEOMETRIC_CURVE_SET('',(#5304));
#5304 = TRIMMED_CURVE('',#5305,(#5309,PARAMETER_VALUE(0.)),(#5310,
    PARAMETER_VALUE(3.E+03)),.T.,.PARAMETER.);
#5305 = LINE('',#5306,#5307);
#5306 = CARTESIAN_POINT('',(5.3E+04,2.55E+03,-210.));
#5307 = VECTOR('',#5308,1.);
#5308 = DIRECTION('',(1.,0.,0.));
#5309 = CARTESIAN_POINT('',(5.3E+04,2.55E+03,-210.));
#5310 = CARTESIAN_POINT('',(5.6E+04,2.55E+03,-210.));
#5311 = GEOMETRIC_CURVE_SET('',(#5312));
#5312 = TRIMMED_CURVE('',#5313,(#5317,PARAMETER_VALUE(0.)),(#5318,
    PARAMETER_VALUE(3.E+03)),.T.,.PARAMETER.);
#5313 = LINE('',#5314,#5315);
#5314 = CARTESIAN_POINT('',(5.6E+04,2.55E+03,-210.));
#5315 = VECTOR('',#5316,1.);
#5316 = DIRECTION('',(1.,0.,0.));
#5317 = CARTESIAN_POINT('',(5.6E+04,2.55E+03,-210.));
#5318 = CARTESIAN_POINT('',(5.9E+04,2.55E+03,-210.));
#5319 = GEOMETRIC_CURVE_SET('',(#5320));
#5320 = TRIMMED_CURVE('',#5321,(#5325,PARAMETER_VALUE(0.)),(#5326,
    PARAMETER_VALUE(3.E+03)),.T.,.PARAMETER.);
#5321 = LINE('',#5322,#5323);
#5322 = CARTESIAN_POINT('',(5.9E+04,2.55E+03,-210.));
#5323 = VECTOR('',#5324,1.);
#5324 = DIRECTION('',(1.,0.,0.));
#5325 = CARTESIAN_POINT('',(5.9E+04,2.55E+03,-210.));
#5326 = CARTESIAN_POINT('',(6.2E+04,2.55E+03,-210.));
#5327 = GEOMETRIC_CURVE_SET('',(#5328));
#5328 = TRIMMED_CURVE('',#5329,(#5333,PARAMETER_VALUE(0.)),(#5334,
    PARAMETER_VALUE(3.E+03)),.T.,.PARAMETER.);
#5329 = LINE('',#5330,#5331);
#5330 = CARTESIAN_POINT('',(6.2E+04,2.55E+03,-210.));
#5331 = VECTOR('',#5332,1.);
#5332 = DIRECTION('',(1.,0.,0.));
#5333 = CARTESIAN_POINT('',(6.2E+04,2.55E+03,-210.));
#5334 = CARTESIAN_POINT('',(6.5E+04,2.55E+03,-210.));
#5335 = GEOMETRIC_CURVE_SET('',(#5336));
#5336 = TRIMMED_CURVE('',#5337,(#5341,PARAMETER_VALUE(0.)),(#5342,
    PARAMETER_VALUE(3.E+03)),.T.,.PARAMETER.);
#5337 = LINE('',#5338,#5339);
#5338 = CARTESIAN_POINT('',(6.5E+04,2.55E+03,-210.));
#5339 = VECTOR('',#5340,1.);
#5340 = DIRECTION('',(1.,0.,0.));
#5341 = CARTESIAN_POINT('',(6.5E+04,2.55E+03,-210.));
#5342 = CARTESIAN_POINT('',(6.8E+04,2.55E+03,-210.));
#5343 = GEOMETRIC_CURVE_SET('',(#5344));
#5344 = TRIMMED_CURVE('',#5345,(#5349,PARAMETER_VALUE(0.)),(#5350,
    PARAMETER_VALUE(3.E+03)),.T.,.PARAMETER.);
#5345 = LINE('',#5346,#5347);
#5346 = CARTESIAN_POINT('',(6.8E+04,2.55E+03,-210.));
#5347 = VECTOR('',#5348,1.);
#5348 = DIRECTION('',(1.,0.,0.));
#5349 = CARTESIAN_POINT('',(6.8E+04,2.55E+03,-210.));
#5350 = CARTESIAN_POINT('',(7.1E+04,2.55E+03,-210.));
#5351 = GEOMETRIC_CURVE_SET('',(#5352));
#5352 = TRIMMED_CURVE('',#5353,(#5357,PARAMETER_VALUE(0.)),(#5358,
    PARAMETER_VALUE(3.E+03)),.T.,.PARAMETER.);
#5353 = LINE('',#5354,#5355);
#5354 = CARTESIAN_POINT('',(7.1E+04,2.55E+03,-210.));
#5355 = VECTOR('',#5356,1.);
#5356 = DIRECTION('',(1.,0.,0.));
#5357 = CARTESIAN_POINT('',(7.1E+04,2.55E+03,-210.));
#5358 = CARTESIAN_POINT('',(7.4E+04,2.55E+03,-210.));
#5359 = GEOMETRIC_CURVE_SET('',(#5360));
#5360 = TRIMMED_CURVE('',#5361,(#5365,PARAMETER_VALUE(0.)),(#5366,
    PARAMETER_VALUE(3.E+03)),.T.,.PARAMETER.);
#5361 = LINE('',#5362,#5363);
#5362 = CARTESIAN_POINT('',(7.4E+04,2.55E+03,-210.));
#5363 = VECTOR('',#5364,1.);
#5364 = DIRECTION('',(1.,0.,0.));
#5365 = CARTESIAN_POINT('',(7.4E+04,2.55E+03,-210.));
#5366 = CARTESIAN_POINT('',(7.7E+04,2.55E+03,-210.));
#5367 = GEOMETRIC_CURVE_SET('',(#5368));
#5368 = TRIMMED_CURVE('',#5369,(#5373,PARAMETER_VALUE(0.)),(#5374,
    PARAMETER_VALUE(5.E+03)),.T.,.PARAMETER.);
#5369 = LINE('',#5370,#5371);
#5370 = CARTESIAN_POINT('',(7.7E+04,2.55E+03,-210.));
#5371 = VECTOR('',#5372,1.);
#5372 = DIRECTION('',(1.,0.,0.));
#5373 = CARTESIAN_POINT('',(7.7E+04,2.55E+03,-210.));
#5374 = CARTESIAN_POINT('',(8.2E+04,2.55E+03,-210.));
#5375 = GEOMETRIC_CURVE_SET('',(#5376));
#5376 = TRIMMED_CURVE('',#5377,(#5381,PARAMETER_VALUE(0.)),(#5382,
    PARAMETER_VALUE(5.E+03)),.T.,.PARAMETER.);
#5377 = LINE('',#5378,#5379);
#5378 = CARTESIAN_POINT('',(0.,-2.75E+03,0.));
#5379 = VECTOR('',#5380,1.);
#5380 = DIRECTION('',(1.,0.,0.));
#5381 = CARTESIAN_POINT('',(0.,-2.75E+03,0.));
#5382 = CARTESIAN_POINT('',(5.E+03,-2.75E+03,0.));
#5383 = GEOMETRIC_CURVE_SET('',(#5384));
#5384 = TRIMMED_CURVE('',#5385,(#5389,PARAMETER_VALUE(0.)),(#5390,
    PARAMETER_VALUE(3.E+03)),.T.,.PARAMETER.);
#5385 = LINE('',#5386,#5387);
#5386 = CARTESIAN_POINT('',(5.E+03,-2.75E+03,0.));
#5387 = VECTOR('',#5388,1.);
#5388 = DIRECTION('',(1.,0.,0.));
#5389 = CARTESIAN_POINT('',(5.E+03,-2.75E+03,0.));
#5390 = CARTESIAN_POINT('',(8.E+03,-2.75E+03,0.));
#5391 = GEOMETRIC_CURVE_SET('',(#5392));
#5392 = TRIMMED_CURVE('',#5393,(#5397,PARAMETER_VALUE(0.)),(#5398,
    PARAMETER_VALUE(3.E+03)),.T.,.PARAMETER.);
#5393 = LINE('',#5394,#5395);
#5394 = CARTESIAN_POINT('',(8.E+03,-2.75E+03,0.));
#5395 = VECTOR('',#5396,1.);
#5396 = DIRECTION('',(1.,0.,0.));
#5397 = CARTESIAN_POINT('',(8.E+03,-2.75E+03,0.));
#5398 = CARTESIAN_POINT('',(1.1E+04,-2.75E+03,0.));
#5399 = GEOMETRIC_CURVE_SET('',(#5400));
#5400 = TRIMMED_CURVE('',#5401,(#5405,PARAMETER_VALUE(0.)),(#5406,
    PARAMETER_VALUE(3.E+03)),.T.,.PARAMETER.);
#5401 = LINE('',#5402,#5403);
#5402 = CARTESIAN_POINT('',(1.1E+04,-2.75E+03,0.));
#5403 = VECTOR('',#5404,1.);
#5404 = DIRECTION('',(1.,0.,0.));
#5405 = CARTESIAN_POINT('',(1.1E+04,-2.75E+03,0.));
#5406 = CARTESIAN_POINT('',(1.4E+04,-2.75E+03,0.));
#5407 = GEOMETRIC_CURVE_SET('',(#5408));
#5408 = TRIMMED_CURVE('',#5409,(#5413,PARAMETER_VALUE(0.)),(#5414,
    PARAMETER_VALUE(3.E+03)),.T.,.PARAMETER.);
#5409 = LINE('',#5410,#5411);
#5410 = CARTESIAN_POINT('',(1.4E+04,-2.75E+03,0.));
#5411 = VECTOR('',#5412,1.);
#5412 = DIRECTION('',(1.,0.,0.));
#5413 = CARTESIAN_POINT('',(1.4E+04,-2.75E+03,0.));
#5414 = CARTESIAN_POINT('',(1.7E+04,-2.75E+03,0.));
#5415 = GEOMETRIC_CURVE_SET('',(#5416));
#5416 = TRIMMED_CURVE('',#5417,(#5421,PARAMETER_VALUE(0.)),(#5422,
    PARAMETER_VALUE(3.E+03)),.T.,.PARAMETER.);
#5417 = LINE('',#5418,#5419);
#5418 = CARTESIAN_POINT('',(1.7E+04,-2.75E+03,0.));
#5419 = VECTOR('',#5420,1.);
#5420 = DIRECTION('',(1.,0.,0.));
#5421 = CARTESIAN_POINT('',(1.7E+04,-2.75E+03,0.));
#5422 = CARTESIAN_POINT('',(2.E+04,-2.75E+03,0.));
#5423 = GEOMETRIC_CURVE_SET('',(#5424));
#5424 = TRIMMED_CURVE('',#5425,(#5429,PARAMETER_VALUE(0.)),(#5430,
    PARAMETER_VALUE(3.E+03)),.T.,.PARAMETER.);
#5425 = LINE('',#5426,#5427);
#5426 = CARTESIAN_POINT('',(2.E+04,-2.75E+03,0.));
#5427 = VECTOR('',#5428,1.);
#5428 = DIRECTION('',(1.,0.,0.));
#5429 = CARTESIAN_POINT('',(2.E+04,-2.75E+03,0.));
#5430 = CARTESIAN_POINT('',(2.3E+04,-2.75E+03,0.));
#5431 = GEOMETRIC_CURVE_SET('',(#5432));
#5432 = TRIMMED_CURVE('',#5433,(#5437,PARAMETER_VALUE(0.)),(#5438,
    PARAMETER_VALUE(3.E+03)),.T.,.PARAMETER.);
#5433 = LINE('',#5434,#5435);
#5434 = CARTESIAN_POINT('',(2.3E+04,-2.75E+03,0.));
#5435 = VECTOR('',#5436,1.);
#5436 = DIRECTION('',(1.,0.,0.));
#5437 = CARTESIAN_POINT('',(2.3E+04,-2.75E+03,0.));
#5438 = CARTESIAN_POINT('',(2.6E+04,-2.75E+03,0.));
#5439 = GEOMETRIC_CURVE_SET('',(#5440));
#5440 = TRIMMED_CURVE('',#5441,(#5445,PARAMETER_VALUE(0.)),(#5446,
    PARAMETER_VALUE(3.E+03)),.T.,.PARAMETER.);
#5441 = LINE('',#5442,#5443);
#5442 = CARTESIAN_POINT('',(2.6E+04,-2.75E+03,0.));
#5443 = VECTOR('',#5444,1.);
#5444 = DIRECTION('',(1.,0.,0.));
#5445 = CARTESIAN_POINT('',(2.6E+04,-2.75E+03,0.));
#5446 = CARTESIAN_POINT('',(2.9E+04,-2.75E+03,0.));
#5447 = GEOMETRIC_CURVE_SET('',(#5448));
#5448 = TRIMMED_CURVE('',#5449,(#5453,PARAMETER_VALUE(0.)),(#5454,
    PARAMETER_VALUE(3.E+03)),.T.,.PARAMETER.);
#5449 = LINE('',#5450,#5451);
#5450 = CARTESIAN_POINT('',(2.9E+04,-2.75E+03,0.));
#5451 = VECTOR('',#5452,1.);
#5452 = DIRECTION('',(1.,0.,0.));
#5453 = CARTESIAN_POINT('',(2.9E+04,-2.75E+03,0.));
#5454 = CARTESIAN_POINT('',(3.2E+04,-2.75E+03,0.));
#5455 = GEOMETRIC_CURVE_SET('',(#5456));
#5456 = TRIMMED_CURVE('',#5457,(#5461,PARAMETER_VALUE(0.)),(#5462,
    PARAMETER_VALUE(3.E+03)),.T.,.PARAMETER.);
#5457 = LINE('',#5458,#5459);
#5458 = CARTESIAN_POINT('',(3.2E+04,-2.75E+03,0.));
#5459 = VECTOR('',#5460,1.);
#5460 = DIRECTION('',(1.,0.,0.));
#5461 = CARTESIAN_POINT('',(3.2E+04,-2.75E+03,0.));
#5462 = CARTESIAN_POINT('',(3.5E+04,-2.75E+03,0.));
#5463 = GEOMETRIC_CURVE_SET('',(#5464));
#5464 = TRIMMED_CURVE('',#5465,(#5469,PARAMETER_VALUE(0.)),(#5470,
    PARAMETER_VALUE(3.E+03)),.T.,.PARAMETER.);
#5465 = LINE('',#5466,#5467);
#5466 = CARTESIAN_POINT('',(3.5E+04,-2.75E+03,0.));
#5467 = VECTOR('',#5468,1.);
#5468 = DIRECTION('',(1.,0.,0.));
#5469 = CARTESIAN_POINT('',(3.5E+04,-2.75E+03,0.));
#5470 = CARTESIAN_POINT('',(3.8E+04,-2.75E+03,0.));
#5471 = GEOMETRIC_CURVE_SET('',(#5472));
#5472 = TRIMMED_CURVE('',#5473,(#5477,PARAMETER_VALUE(0.)),(#5478,
    PARAMETER_VALUE(3.E+03)),.T.,.PARAMETER.);
#5473 = LINE('',#5474,#5475);
#5474 = CARTESIAN_POINT('',(3.8E+04,-2.75E+03,0.));
#5475 = VECTOR('',#5476,1.);
#5476 = DIRECTION('',(1.,0.,0.));
#5477 = CARTESIAN_POINT('',(3.8E+04,-2.75E+03,0.));
#5478 = CARTESIAN_POINT('',(4.1E+04,-2.75E+03,0.));
#5479 = GEOMETRIC_CURVE_SET('',(#5480));
#5480 = TRIMMED_CURVE('',#5481,(#5485,PARAMETER_VALUE(0.)),(#5486,
    PARAMETER_VALUE(3.E+03)),.T.,.PARAMETER.);
#5481 = LINE('',#5482,#5483);
#5482 = CARTESIAN_POINT('',(4.1E+04,-2.75E+03,0.));
#5483 = VECTOR('',#5484,1.);
#5484 = DIRECTION('',(1.,0.,0.));
#5485 = CARTESIAN_POINT('',(4.1E+04,-2.75E+03,0.));
#5486 = CARTESIAN_POINT('',(4.4E+04,-2.75E+03,0.));
#5487 = GEOMETRIC_CURVE_SET('',(#5488));
#5488 = TRIMMED_CURVE('',#5489,(#5493,PARAMETER_VALUE(0.)),(#5494,
    PARAMETER_VALUE(3.E+03)),.T.,.PARAMETER.);
#5489 = LINE('',#5490,#5491);
#5490 = CARTESIAN_POINT('',(4.4E+04,-2.75E+03,0.));
#5491 = VECTOR('',#5492,1.);
#5492 = DIRECTION('',(1.,0.,0.));
#5493 = CARTESIAN_POINT('',(4.4E+04,-2.75E+03,0.));
#5494 = CARTESIAN_POINT('',(4.7E+04,-2.75E+03,0.));
#5495 = GEOMETRIC_CURVE_SET('',(#5496));
#5496 = TRIMMED_CURVE('',#5497,(#5501,PARAMETER_VALUE(0.)),(#5502,
    PARAMETER_VALUE(3.E+03)),.T.,.PARAMETER.);
#5497 = LINE('',#5498,#5499);
#5498 = CARTESIAN_POINT('',(4.7E+04,-2.75E+03,0.));
#5499 = VECTOR('',#5500,1.);
#5500 = DIRECTION('',(1.,0.,0.));
#5501 = CARTESIAN_POINT('',(4.7E+04,-2.75E+03,0.));
#5502 = CARTESIAN_POINT('',(5.E+04,-2.75E+03,0.));
#5503 = GEOMETRIC_CURVE_SET('',(#5504));
#5504 = TRIMMED_CURVE('',#5505,(#5509,PARAMETER_VALUE(0.)),(#5510,
    PARAMETER_VALUE(3.E+03)),.T.,.PARAMETER.);
#5505 = LINE('',#5506,#5507);
#5506 = CARTESIAN_POINT('',(5.E+04,-2.75E+03,0.));
#5507 = VECTOR('',#5508,1.);
#5508 = DIRECTION('',(1.,0.,0.));
#5509 = CARTESIAN_POINT('',(5.E+04,-2.75E+03,0.));
#5510 = CARTESIAN_POINT('',(5.3E+04,-2.75E+03,0.));
#5511 = GEOMETRIC_CURVE_SET('',(#5512));
#5512 = TRIMMED_CURVE('',#5513,(#5517,PARAMETER_VALUE(0.)),(#5518,
    PARAMETER_VALUE(3.E+03)),.T.,.PARAMETER.);
#5513 = LINE('',#5514,#5515);
#5514 = CARTESIAN_POINT('',(5.3E+04,-2.75E+03,0.));
#5515 = VECTOR('',#5516,1.);
#5516 = DIRECTION('',(1.,0.,0.));
#5517 = CARTESIAN_POINT('',(5.3E+04,-2.75E+03,0.));
#5518 = CARTESIAN_POINT('',(5.6E+04,-2.75E+03,0.));
#5519 = GEOMETRIC_CURVE_SET('',(#5520));
#5520 = TRIMMED_CURVE('',#5521,(#5525,PARAMETER_VALUE(0.)),(#5526,
    PARAMETER_VALUE(3.E+03)),.T.,.PARAMETER.);
#5521 = LINE('',#5522,#5523);
#5522 = CARTESIAN_POINT('',(5.6E+04,-2.75E+03,0.));
#5523 = VECTOR('',#5524,1.);
#5524 = DIRECTION('',(1.,0.,0.));
#5525 = CARTESIAN_POINT('',(5.6E+04,-2.75E+03,0.));
#5526 = CARTESIAN_POINT('',(5.9E+04,-2.75E+03,0.));
#5527 = GEOMETRIC_CURVE_SET('',(#5528));
#5528 = TRIMMED_CURVE('',#5529,(#5533,PARAMETER_VALUE(0.)),(#5534,
    PARAMETER_VALUE(3.E+03)),.T.,.PARAMETER.);
#5529 = LINE('',#5530,#5531);
#5530 = CARTESIAN_POINT('',(5.9E+04,-2.75E+03,0.));
#5531 = VECTOR('',#5532,1.);
#5532 = DIRECTION('',(1.,0.,0.));
#5533 = CARTESIAN_POINT('',(5.9E+04,-2.75E+03,0.));
#5534 = CARTESIAN_POINT('',(6.2E+04,-2.75E+03,0.));
#5535 = GEOMETRIC_CURVE_SET('',(#5536));
#5536 = TRIMMED_CURVE('',#5537,(#5541,PARAMETER_VALUE(0.)),(#5542,
    PARAMETER_VALUE(3.E+03)),.T.,.PARAMETER.);
#5537 = LINE('',#5538,#5539);
#5538 = CARTESIAN_POINT('',(6.2E+04,-2.75E+03,0.));
#5539 = VECTOR('',#5540,1.);
#5540 = DIRECTION('',(1.,0.,0.));
#5541 = CARTESIAN_POINT('',(6.2E+04,-2.75E+03,0.));
#5542 = CARTESIAN_POINT('',(6.5E+04,-2.75E+03,0.));
#5543 = GEOMETRIC_CURVE_SET('',(#5544));
#5544 = TRIMMED_CURVE('',#5545,(#5549,PARAMETER_VALUE(0.)),(#5550,
    PARAMETER_VALUE(3.E+03)),.T.,.PARAMETER.);
#5545 = LINE('',#5546,#5547);
#5546 = CARTESIAN_POINT('',(6.5E+04,-2.75E+03,0.));
#5547 = VECTOR('',#5548,1.);
#5548 = DIRECTION('',(1.,0.,0.));
#5549 = CARTESIAN_POINT('',(6.5E+04,-2.75E+03,0.));
#5550 = CARTESIAN_POINT('',(6.8E+04,-2.75E+03,0.));
#5551 = GEOMETRIC_CURVE_SET('',(#5552));
#5552 = TRIMMED_CURVE('',#5553,(#5557,PARAMETER_VALUE(0.)),(#5558,
    PARAMETER_VALUE(3.E+03)),.T.,.PARAMETER.);
#5553 = LINE('',#5554,#5555);
#5554 = CARTESIAN_POINT('',(6.8E+04,-2.75E+03,0.));
#5555 = VECTOR('',#5556,1.);
#5556 = DIRECTION('',(1.,0.,0.));
#5557 = CARTESIAN_POINT('',(6.8E+04,-2.75E+03,0.));
#5558 = CARTESIAN_POINT('',(7.1E+04,-2.75E+03,0.));
#5559 = GEOMETRIC_CURVE_SET('',(#5560));
#5560 = TRIMMED_CURVE('',#5561,(#5565,PARAMETER_VALUE(0.)),(#5566,
    PARAMETER_VALUE(3.E+03)),.T.,.PARAMETER.);
#5561 = LINE('',#5562,#5563);
#5562 = CARTESIAN_POINT('',(7.1E+04,-2.75E+03,0.));
#5563 = VECTOR('',#5564,1.);
#5564 = DIRECTION('',(1.,0.,0.));
#5565 = CARTESIAN_POINT('',(7.1E+04,-2.75E+03,0.));
#5566 = CARTESIAN_POINT('',(7.4E+04,-2.75E+03,0.));
#5567 = GEOMETRIC_CURVE_SET('',(#5568));
#5568 = TRIMMED_CURVE('',#5569,(#5573,PARAMETER_VALUE(0.)),(#5574,
    PARAMETER_VALUE(3.E+03)),.T.,.PARAMETER.);
#5569 = LINE('',#5570,#5571);
#5570 = CARTESIAN_POINT('',(7.4E+04,-2.75E+03,0.));
#5571 = VECTOR('',#5572,1.);
#5572 = DIRECTION('',(1.,0.,0.));
#5573 = CARTESIAN_POINT('',(7.4E+04,-2.75E+03,0.));
#5574 = CARTESIAN_POINT('',(7.7E+04,-2.75E+03,0.));
#5575 = GEOMETRIC_CURVE_SET('',(#5576));
#5576 = TRIMMED_CURVE('',#5577,(#5581,PARAMETER_VALUE(0.)),(#5582,
    PARAMETER_VALUE(5.E+03)),.T.,.PARAMETER.);
#5577 = LINE('',#5578,#5579);
#5578 = CARTESIAN_POINT('',(7.7E+04,-2.75E+03,0.));
#5579 = VECTOR('',#5580,1.);
#5580 = DIRECTION('',(1.,0.,0.));
#5581 = CARTESIAN_POINT('',(7.7E+04,-2.75E+03,0.));
#5582 = CARTESIAN_POINT('',(8.2E+04,-2.75E+03,0.));
#5583 = GEOMETRIC_CURVE_SET('',(#5584));
#5584 = TRIMMED_CURVE('',#5585,(#5589,PARAMETER_VALUE(0.)),(#5590,
    PARAMETER_VALUE(5.E+03)),.T.,.PARAMETER.);
#5585 = LINE('',#5586,#5587);
#5586 = CARTESIAN_POINT('',(0.,2.75E+03,0.));
#5587 = VECTOR('',#5588,1.);
#5588 = DIRECTION('',(1.,0.,0.));
#5589 = CARTESIAN_POINT('',(0.,2.75E+03,0.));
#5590 = CARTESIAN_POINT('',(5.E+03,2.75E+03,0.));
#5591 = GEOMETRIC_CURVE_SET('',(#5592));
#5592 = TRIMMED_CURVE('',#5593,(#5597,PARAMETER_VALUE(0.)),(#5598,
    PARAMETER_VALUE(3.E+03)),.T.,.PARAMETER.);
#5593 = LINE('',#5594,#5595);
#5594 = CARTESIAN_POINT('',(5.E+03,2.75E+03,0.));
#5595 = VECTOR('',#5596,1.);
#5596 = DIRECTION('',(1.,0.,0.));
#5597 = CARTESIAN_POINT('',(5.E+03,2.75E+03,0.));
#5598 = CARTESIAN_POINT('',(8.E+03,2.75E+03,0.));
#5599 = GEOMETRIC_CURVE_SET('',(#5600));
#5600 = TRIMMED_CURVE('',#5601,(#5605,PARAMETER_VALUE(0.)),(#5606,
    PARAMETER_VALUE(3.E+03)),.T.,.PARAMETER.);
#5601 = LINE('',#5602,#5603);
#5602 = CARTESIAN_POINT('',(8.E+03,2.75E+03,0.));
#5603 = VECTOR('',#5604,1.);
#5604 = DIRECTION('',(1.,0.,0.));
#5605 = CARTESIAN_POINT('',(8.E+03,2.75E+03,0.));
#5606 = CARTESIAN_POINT('',(1.1E+04,2.75E+03,0.));
#5607 = GEOMETRIC_CURVE_SET('',(#5608));
#5608 = TRIMMED_CURVE('',#5609,(#5613,PARAMETER_VALUE(0.)),(#5614,
    PARAMETER_VALUE(3.E+03)),.T.,.PARAMETER.);
#5609 = LINE('',#5610,#5611);
#5610 = CARTESIAN_POINT('',(1.1E+04,2.75E+03,0.));
#5611 = VECTOR('',#5612,1.);
#5612 = DIRECTION('',(1.,0.,0.));
#5613 = CARTESIAN_POINT('',(1.1E+04,2.75E+03,0.));
#5614 = CARTESIAN_POINT('',(1.4E+04,2.75E+03,0.));
#5615 = GEOMETRIC_CURVE_SET('',(#5616));
#5616 = TRIMMED_CURVE('',#5617,(#5621,PARAMETER_VALUE(0.)),(#5622,
    PARAMETER_VALUE(3.E+03)),.T.,.PARAMETER.);
#5617 = LINE('',#5618,#5619);
#5618 = CARTESIAN_POINT('',(1.4E+04,2.75E+03,0.));
#5619 = VECTOR('',#5620,1.);
#5620 = DIRECTION('',(1.,0.,0.));
#5621 = CARTESIAN_POINT('',(1.4E+04,2.75E+03,0.));
#5622 = CARTESIAN_POINT('',(1.7E+04,2.75E+03,0.));
#5623 = GEOMETRIC_CURVE_SET('',(#5624));
#5624 = TRIMMED_CURVE('',#5625,(#5629,PARAMETER_VALUE(0.)),(#5630,
    PARAMETER_VALUE(3.E+03)),.T.,.PARAMETER.);
#5625 = LINE('',#5626,#5627);
#5626 = CARTESIAN_POINT('',(1.7E+04,2.75E+03,0.));
#5627 = VECTOR('',#5628,1.);
#5628 = DIRECTION('',(1.,0.,0.));
#5629 = CARTESIAN_POINT('',(1.7E+04,2.75E+03,0.));
#5630 = CARTESIAN_POINT('',(2.E+04,2.75E+03,0.));
#5631 = GEOMETRIC_CURVE_SET('',(#5632));
#5632 = TRIMMED_CURVE('',#5633,(#5637,PARAMETER_VALUE(0.)),(#5638,
    PARAMETER_VALUE(3.E+03)),.T.,.PARAMETER.);
#5633 = LINE('',#5634,#5635);
#5634 = CARTESIAN_POINT('',(2.E+04,2.75E+03,0.));
#5635 = VECTOR('',#5636,1.);
#5636 = DIRECTION('',(1.,0.,0.));
#5637 = CARTESIAN_POINT('',(2.E+04,2.75E+03,0.));
#5638 = CARTESIAN_POINT('',(2.3E+04,2.75E+03,0.));
#5639 = GEOMETRIC_CURVE_SET('',(#5640));
#5640 = TRIMMED_CURVE('',#5641,(#5645,PARAMETER_VALUE(0.)),(#5646,
    PARAMETER_VALUE(3.E+03)),.T.,.PARAMETER.);
#5641 = LINE('',#5642,#5643);
#5642 = CARTESIAN_POINT('',(2.3E+04,2.75E+03,0.));
#5643 = VECTOR('',#5644,1.);
#5644 = DIRECTION('',(1.,0.,0.));
#5645 = CARTESIAN_POINT('',(2.3E+04,2.75E+03,0.));
#5646 = CARTESIAN_POINT('',(2.6E+04,2.75E+03,0.));
#5647 = GEOMETRIC_CURVE_SET('',(#5648));
#5648 = TRIMMED_CURVE('',#5649,(#5653,PARAMETER_VALUE(0.)),(#5654,
    PARAMETER_VALUE(3.E+03)),.T.,.PARAMETER.);
#5649 = LINE('',#5650,#5651);
#5650 = CARTESIAN_POINT('',(2.6E+04,2.75E+03,0.));
#5651 = VECTOR('',#5652,1.);
#5652 = DIRECTION('',(1.,0.,0.));
#5653 = CARTESIAN_POINT('',(2.6E+04,2.75E+03,0.));
#5654 = CARTESIAN_POINT('',(2.9E+04,2.75E+03,0.));
#5655 = GEOMETRIC_CURVE_SET('',(#5656));
#5656 = TRIMMED_CURVE('',#5657,(#5661,PARAMETER_VALUE(0.)),(#5662,
    PARAMETER_VALUE(3.E+03)),.T.,.PARAMETER.);
#5657 = LINE('',#5658,#5659);
#5658 = CARTESIAN_POINT('',(2.9E+04,2.75E+03,0.));
#5659 = VECTOR('',#5660,1.);
#5660 = DIRECTION('',(1.,0.,0.));
#5661 = CARTESIAN_POINT('',(2.9E+04,2.75E+03,0.));
#5662 = CARTESIAN_POINT('',(3.2E+04,2.75E+03,0.));
#5663 = GEOMETRIC_CURVE_SET('',(#5664));
#5664 = TRIMMED_CURVE('',#5665,(#5669,PARAMETER_VALUE(0.)),(#5670,
    PARAMETER_VALUE(3.E+03)),.T.,.PARAMETER.);
#5665 = LINE('',#5666,#5667);
#5666 = CARTESIAN_POINT('',(3.2E+04,2.75E+03,0.));
#5667 = VECTOR('',#5668,1.);
#5668 = DIRECTION('',(1.,0.,0.));
#5669 = CARTESIAN_POINT('',(3.2E+04,2.75E+03,0.));
#5670 = CARTESIAN_POINT('',(3.5E+04,2.75E+03,0.));
#5671 = GEOMETRIC_CURVE_SET('',(#5672));
#5672 = TRIMMED_CURVE('',#5673,(#5677,PARAMETER_VALUE(0.)),(#5678,
    PARAMETER_VALUE(3.E+03)),.T.,.PARAMETER.);
#5673 = LINE('',#5674,#5675);
#5674 = CARTESIAN_POINT('',(3.5E+04,2.75E+03,0.));
#5675 = VECTOR('',#5676,1.);
#5676 = DIRECTION('',(1.,0.,0.));
#5677 = CARTESIAN_POINT('',(3.5E+04,2.75E+03,0.));
#5678 = CARTESIAN_POINT('',(3.8E+04,2.75E+03,0.));
#5679 = GEOMETRIC_CURVE_SET('',(#5680));
#5680 = TRIMMED_CURVE('',#5681,(#5685,PARAMETER_VALUE(0.)),(#5686,
    PARAMETER_VALUE(3.E+03)),.T.,.PARAMETER.);
#5681 = LINE('',#5682,#5683);
#5682 = CARTESIAN_POINT('',(3.8E+04,2.75E+03,0.));
#5683 = VECTOR('',#5684,1.);
#5684 = DIRECTION('',(1.,0.,0.));
#5685 = CARTESIAN_POINT('',(3.8E+04,2.75E+03,0.));
#5686 = CARTESIAN_POINT('',(4.1E+04,2.75E+03,0.));
#5687 = GEOMETRIC_CURVE_SET('',(#5688));
#5688 = TRIMMED_CURVE('',#5689,(#5693,PARAMETER_VALUE(0.)),(#5694,
    PARAMETER_VALUE(3.E+03)),.T.,.PARAMETER.);
#5689 = LINE('',#5690,#5691);
#5690 = CARTESIAN_POINT('',(4.1E+04,2.75E+03,0.));
#5691 = VECTOR('',#5692,1.);
#5692 = DIRECTION('',(1.,0.,0.));
#5693 = CARTESIAN_POINT('',(4.1E+04,2.75E+03,0.));
#5694 = CARTESIAN_POINT('',(4.4E+04,2.75E+03,0.));
#5695 = GEOMETRIC_CURVE_SET('',(#5696));
#5696 = TRIMMED_CURVE('',#5697,(#5701,PARAMETER_VALUE(0.)),(#5702,
    PARAMETER_VALUE(3.E+03)),.T.,.PARAMETER.);
#5697 = LINE('',#5698,#5699);
#5698 = CARTESIAN_POINT('',(4.4E+04,2.75E+03,0.));
#5699 = VECTOR('',#5700,1.);
#5700 = DIRECTION('',(1.,0.,0.));
#5701 = CARTESIAN_POINT('',(4.4E+04,2.75E+03,0.));
#5702 = CARTESIAN_POINT('',(4.7E+04,2.75E+03,0.));
#5703 = GEOMETRIC_CURVE_SET('',(#5704));
#5704 = TRIMMED_CURVE('',#5705,(#5709,PARAMETER_VALUE(0.)),(#5710,
    PARAMETER_VALUE(3.E+03)),.T.,.PARAMETER.);
#5705 = LINE('',#5706,#5707);
#5706 = CARTESIAN_POINT('',(4.7E+04,2.75E+03,0.));
#5707 = VECTOR('',#5708,1.);
#5708 = DIRECTION('',(1.,0.,0.));
#5709 = CARTESIAN_POINT('',(4.7E+04,2.75E+03,0.));
#5710 = CARTESIAN_POINT('',(5.E+04,2.75E+03,0.));
#5711 = GEOMETRIC_CURVE_SET('',(#5712));
#5712 = TRIMMED_CURVE('',#5713,(#5717,PARAMETER_VALUE(0.)),(#5718,
    PARAMETER_VALUE(3.E+03)),.T.,.PARAMETER.);
#5713 = LINE('',#5714,#5715);
#5714 = CARTESIAN_POINT('',(5.E+04,2.75E+03,0.));
#5715 = VECTOR('',#5716,1.);
#5716 = DIRECTION('',(1.,0.,0.));
#5717 = CARTESIAN_POINT('',(5.E+04,2.75E+03,0.));
#5718 = CARTESIAN_POINT('',(5.3E+04,2.75E+03,0.));
#5719 = GEOMETRIC_CURVE_SET('',(#5720));
#5720 = TRIMMED_CURVE('',#5721,(#5725,PARAMETER_VALUE(0.)),(#5726,
    PARAMETER_VALUE(3.E+03)),.T.,.PARAMETER.);
#5721 = LINE('',#5722,#5723);
#5722 = CARTESIAN_POINT('',(5.3E+04,2.75E+03,0.));
#5723 = VECTOR('',#5724,1.);
#5724 = DIRECTION('',(1.,0.,0.));
#5725 = CARTESIAN_POINT('',(5.3E+04,2.75E+03,0.));
#5726 = CARTESIAN_POINT('',(5.6E+04,2.75E+03,0.));
#5727 = GEOMETRIC_CURVE_SET('',(#5728));
#5728 = TRIMMED_CURVE('',#5729,(#5733,PARAMETER_VALUE(0.)),(#5734,
    PARAMETER_VALUE(3.E+03)),.T.,.PARAMETER.);
#5729 = LINE('',#5730,#5731);
#5730 = CARTESIAN_POINT('',(5.6E+04,2.75E+03,0.));
#5731 = VECTOR('',#5732,1.);
#5732 = DIRECTION('',(1.,0.,0.));
#5733 = CARTESIAN_POINT('',(5.6E+04,2.75E+03,0.));
#5734 = CARTESIAN_POINT('',(5.9E+04,2.75E+03,0.));
#5735 = GEOMETRIC_CURVE_SET('',(#5736));
#5736 = TRIMMED_CURVE('',#5737,(#5741,PARAMETER_VALUE(0.)),(#5742,
    PARAMETER_VALUE(3.E+03)),.T.,.PARAMETER.);
#5737 = LINE('',#5738,#5739);
#5738 = CARTESIAN_POINT('',(5.9E+04,2.75E+03,0.));
#5739 = VECTOR('',#5740,1.);
#5740 = DIRECTION('',(1.,0.,0.));
#5741 = CARTESIAN_POINT('',(5.9E+04,2.75E+03,0.));
#5742 = CARTESIAN_POINT('',(6.2E+04,2.75E+03,0.));
#5743 = GEOMETRIC_CURVE_SET('',(#5744));
#5744 = TRIMMED_CURVE('',#5745,(#5749,PARAMETER_VALUE(0.)),(#5750,
    PARAMETER_VALUE(3.E+03)),.T.,.PARAMETER.);
#5745 = LINE('',#5746,#5747);
#5746 = CARTESIAN_POINT('',(6.2E+04,2.75E+03,0.));
#5747 = VECTOR('',#5748,1.);
#5748 = DIRECTION('',(1.,0.,0.));
#5749 = CARTESIAN_POINT('',(6.2E+04,2.75E+03,0.));
#5750 = CARTESIAN_POINT('',(6.5E+04,2.75E+03,0.));
#5751 = GEOMETRIC_CURVE_SET('',(#5752));
#5752 = TRIMMED_CURVE('',#5753,(#5757,PARAMETER_VALUE(0.)),(#5758,
    PARAMETER_VALUE(3.E+03)),.T.,.PARAMETER.);
#5753 = LINE('',#5754,#5755);
#5754 = CARTESIAN_POINT('',(6.5E+04,2.75E+03,0.));
#5755 = VECTOR('',#5756,1.);
#5756 = DIRECTION('',(1.,0.,0.));
#5757 = CARTESIAN_POINT('',(6.5E+04,2.75E+03,0.));
#5758 = CARTESIAN_POINT('',(6.8E+04,2.75E+03,0.));
#5759 = GEOMETRIC_CURVE_SET('',(#5760));
#5760 = TRIMMED_CURVE('',#5761,(#5765,PARAMETER_VALUE(0.)),(#5766,
    PARAMETER_VALUE(3.E+03)),.T.,.PARAMETER.);
#5761 = LINE('',#5762,#5763);
#5762 = CARTESIAN_POINT('',(6.8E+04,2.75E+03,0.));
#5763 = VECTOR('',#5764,1.);
#5764 = DIRECTION('',(1.,0.,0.));
#5765 = CARTESIAN_POINT('',(6.8E+04,2.75E+03,0.));
#5766 = CARTESIAN_POINT('',(7.1E+04,2.75E+03,0.));
#5767 = GEOMETRIC_CURVE_SET('',(#5768));
#5768 = TRIMMED_CURVE('',#5769,(#5773,PARAMETER_VALUE(0.)),(#5774,
    PARAMETER_VALUE(3.E+03)),.T.,.PARAMETER.);
#5769 = LINE('',#5770,#5771);
#5770 = CARTESIAN_POINT('',(7.1E+04,2.75E+03,0.));
#5771 = VECTOR('',#5772,1.);
#5772 = DIRECTION('',(1.,0.,0.));
#5773 = CARTESIAN_POINT('',(7.1E+04,2.75E+03,0.));
#5774 = CARTESIAN_POINT('',(7.4E+04,2.75E+03,0.));
#5775 = GEOMETRIC_CURVE_SET('',(#5776));
#5776 = TRIMMED_CURVE('',#5777,(#5781,PARAMETER_VALUE(0.)),(#5782,
    PARAMETER_VALUE(3.E+03)),.T.,.PARAMETER.);
#5777 = LINE('',#5778,#5779);
#5778 = CARTESIAN_POINT('',(7.4E+04,2.75E+03,0.));
#5779 = VECTOR('',#5780,1.);
#5780 = DIRECTION('',(1.,0.,0.));
#5781 = CARTESIAN_POINT('',(7.4E+04,2.75E+03,0.));
#5782 = CARTESIAN_POINT('',(7.7E+04,2.75E+03,0.));
#5783 = GEOMETRIC_CURVE_SET('',(#5784));
#5784 = TRIMMED_CURVE('',#5785,(#5789,PARAMETER_VALUE(0.)),(#5790,
    PARAMETER_VALUE(5.E+03)),.T.,.PARAMETER.);
#5785 = LINE('',#5786,#5787);
#5786 = CARTESIAN_POINT('',(7.7E+04,2.75E+03,0.));
#5787 = VECTOR('',#5788,1.);
#5788 = DIRECTION('',(1.,0.,0.));
#5789 = CARTESIAN_POINT('',(7.7E+04,2.75E+03,0.));
#5790 = CARTESIAN_POINT('',(8.2E+04,2.75E+03,0.));
#5791 = GEOMETRIC_CURVE_SET('',(#5792));
#5792 = TRIMMED_CURVE('',#5793,(#5797,PARAMETER_VALUE(0.)),(#5798,
    PARAMETER_VALUE(200.)),.T.,.PARAMETER.);
#5793 = LINE('',#5794,#5795);
#5794 = CARTESIAN_POINT('',(0.,-2.75E+03,0.));
#5795 = VECTOR('',#5796,1.);
#5796 = DIRECTION('',(0.,1.,0.));
#5797 = CARTESIAN_POINT('',(0.,-2.75E+03,0.));
#5798 = CARTESIAN_POINT('',(0.,-2.55E+03,0.));
#5799 = GEOMETRIC_CURVE_SET('',(#5800));
#5800 = TRIMMED_CURVE('',#5801,(#5805,PARAMETER_VALUE(0.)),(#5806,
    PARAMETER_VALUE(5.1E+03)),.T.,.PARAMETER.);
#5801 = LINE('',#5802,#5803);
#5802 = CARTESIAN_POINT('',(0.,-2.55E+03,0.));
#5803 = VECTOR('',#5804,1.);
#5804 = DIRECTION('',(0.,1.,0.));
#5805 = CARTESIAN_POINT('',(0.,-2.55E+03,0.));
#5806 = CARTESIAN_POINT('',(0.,2.55E+03,0.));
#5807 = GEOMETRIC_CURVE_SET('',(#5808));
#5808 = TRIMMED_CURVE('',#5809,(#5813,PARAMETER_VALUE(0.)),(#5814,
    PARAMETER_VALUE(200.)),.T.,.PARAMETER.);
#5809 = LINE('',#5810,#5811);
#5810 = CARTESIAN_POINT('',(0.,2.55E+03,0.));
#5811 = VECTOR('',#5812,1.);
#5812 = DIRECTION('',(0.,1.,0.));
#5813 = CARTESIAN_POINT('',(0.,2.55E+03,0.));
#5814 = CARTESIAN_POINT('',(0.,2.75E+03,0.));
#5815 = GEOMETRIC_CURVE_SET('',(#5816));
#5816 = TRIMMED_CURVE('',#5817,(#5821,PARAMETER_VALUE(0.)),(#5822,
    PARAMETER_VALUE(200.)),.T.,.PARAMETER.);
#5817 = LINE('',#5818,#5819);
#5818 = CARTESIAN_POINT('',(8.2E+04,-2.75E+03,0.));
#5819 = VECTOR('',#5820,1.);
#5820 = DIRECTION('',(0.,1.,0.));
#5821 = CARTESIAN_POINT('',(8.2E+04,-2.75E+03,0.));
#5822 = CARTESIAN_POINT('',(8.2E+04,-2.55E+03,0.));
#5823 = GEOMETRIC_CURVE_SET('',(#5824));
#5824 = TRIMMED_CURVE('',#5825,(#5829,PARAMETER_VALUE(0.)),(#5830,
    PARAMETER_VALUE(5.1E+03)),.T.,.PARAMETER.);
#5825 = LINE('',#5826,#5827);
#5826 = CARTESIAN_POINT('',(8.2E+04,-2.55E+03,0.));
#5827 = VECTOR('',#5828,1.);
#5828 = DIRECTION('',(0.,1.,0.));
#5829 = CARTESIAN_POINT('',(8.2E+04,-2.55E+03,0.));
#5830 = CARTESIAN_POINT('',(8.2E+04,2.55E+03,0.));
#5831 = GEOMETRIC_CURVE_SET('',(#5832));
#5832 = TRIMMED_CURVE('',#5833,(#5837,PARAMETER_VALUE(0.)),(#5838,
    PARAMETER_VALUE(200.)),.T.,.PARAMETER.);
#5833 = LINE('',#5834,#5835);
#5834 = CARTESIAN_POINT('',(8.2E+04,2.55E+03,0.));
#5835 = VECTOR('',#5836,1.);
#5836 = DIRECTION('',(0.,1.,0.));
#5837 = CARTESIAN_POINT('',(8.2E+04,2.55E+03,0.));
#5838 = CARTESIAN_POINT('',(8.2E+04,2.75E+03,0.));
#5839 = GEOMETRIC_CURVE_SET('',(#5840));
#5840 = TRIMMED_CURVE('',#5841,(#5845,PARAMETER_VALUE(0.)),(#5846,
    PARAMETER_VALUE(5.E+03)),.T.,.PARAMETER.);
#5841 = LINE('',#5842,#5843);
#5842 = CARTESIAN_POINT('',(0.,-2.75E+03,-420.));
#5843 = VECTOR('',#5844,1.);
#5844 = DIRECTION('',(1.,0.,0.));
#5845 = CARTESIAN_POINT('',(0.,-2.75E+03,-420.));
#5846 = CARTESIAN_POINT('',(5.E+03,-2.75E+03,-420.));
#5847 = GEOMETRIC_CURVE_SET('',(#5848));
#5848 = TRIMMED_CURVE('',#5849,(#5853,PARAMETER_VALUE(0.)),(#5854,
    PARAMETER_VALUE(3.E+03)),.T.,.PARAMETER.);
#5849 = LINE('',#5850,#5851);
#5850 = CARTESIAN_POINT('',(5.E+03,-2.75E+03,-420.));
#5851 = VECTOR('',#5852,1.);
#5852 = DIRECTION('',(1.,0.,0.));
#5853 = CARTESIAN_POINT('',(5.E+03,-2.75E+03,-420.));
#5854 = CARTESIAN_POINT('',(8.E+03,-2.75E+03,-420.));
#5855 = GEOMETRIC_CURVE_SET('',(#5856));
#5856 = TRIMMED_CURVE('',#5857,(#5861,PARAMETER_VALUE(0.)),(#5862,
    PARAMETER_VALUE(3.E+03)),.T.,.PARAMETER.);
#5857 = LINE('',#5858,#5859);
#5858 = CARTESIAN_POINT('',(8.E+03,-2.75E+03,-420.));
#5859 = VECTOR('',#5860,1.);
#5860 = DIRECTION('',(1.,0.,0.));
#5861 = CARTESIAN_POINT('',(8.E+03,-2.75E+03,-420.));
#5862 = CARTESIAN_POINT('',(1.1E+04,-2.75E+03,-420.));
#5863 = GEOMETRIC_CURVE_SET('',(#5864));
#5864 = TRIMMED_CURVE('',#5865,(#5869,PARAMETER_VALUE(0.)),(#5870,
    PARAMETER_VALUE(3.E+03)),.T.,.PARAMETER.);
#5865 = LINE('',#5866,#5867);
#5866 = CARTESIAN_POINT('',(1.1E+04,-2.75E+03,-420.));
#5867 = VECTOR('',#5868,1.);
#5868 = DIRECTION('',(1.,0.,0.));
#5869 = CARTESIAN_POINT('',(1.1E+04,-2.75E+03,-420.));
#5870 = CARTESIAN_POINT('',(1.4E+04,-2.75E+03,-420.));
#5871 = GEOMETRIC_CURVE_SET('',(#5872));
#5872 = TRIMMED_CURVE('',#5873,(#5877,PARAMETER_VALUE(0.)),(#5878,
    PARAMETER_VALUE(3.E+03)),.T.,.PARAMETER.);
#5873 = LINE('',#5874,#5875);
#5874 = CARTESIAN_POINT('',(1.4E+04,-2.75E+03,-420.));
#5875 = VECTOR('',#5876,1.);
#5876 = DIRECTION('',(1.,0.,0.));
#5877 = CARTESIAN_POINT('',(1.4E+04,-2.75E+03,-420.));
#5878 = CARTESIAN_POINT('',(1.7E+04,-2.75E+03,-420.));
#5879 = GEOMETRIC_CURVE_SET('',(#5880));
#5880 = TRIMMED_CURVE('',#5881,(#5885,PARAMETER_VALUE(0.)),(#5886,
    PARAMETER_VALUE(3.E+03)),.T.,.PARAMETER.);
#5881 = LINE('',#5882,#5883);
#5882 = CARTESIAN_POINT('',(1.7E+04,-2.75E+03,-420.));
#5883 = VECTOR('',#5884,1.);
#5884 = DIRECTION('',(1.,0.,0.));
#5885 = CARTESIAN_POINT('',(1.7E+04,-2.75E+03,-420.));
#5886 = CARTESIAN_POINT('',(2.E+04,-2.75E+03,-420.));
#5887 = GEOMETRIC_CURVE_SET('',(#5888));
#5888 = TRIMMED_CURVE('',#5889,(#5893,PARAMETER_VALUE(0.)),(#5894,
    PARAMETER_VALUE(3.E+03)),.T.,.PARAMETER.);
#5889 = LINE('',#5890,#5891);
#5890 = CARTESIAN_POINT('',(2.E+04,-2.75E+03,-420.));
#5891 = VECTOR('',#5892,1.);
#5892 = DIRECTION('',(1.,0.,0.));
#5893 = CARTESIAN_POINT('',(2.E+04,-2.75E+03,-420.));
#5894 = CARTESIAN_POINT('',(2.3E+04,-2.75E+03,-420.));
#5895 = GEOMETRIC_CURVE_SET('',(#5896));
#5896 = TRIMMED_CURVE('',#5897,(#5901,PARAMETER_VALUE(0.)),(#5902,
    PARAMETER_VALUE(3.E+03)),.T.,.PARAMETER.);
#5897 = LINE('',#5898,#5899);
#5898 = CARTESIAN_POINT('',(2.3E+04,-2.75E+03,-420.));
#5899 = VECTOR('',#5900,1.);
#5900 = DIRECTION('',(1.,0.,0.));
#5901 = CARTESIAN_POINT('',(2.3E+04,-2.75E+03,-420.));
#5902 = CARTESIAN_POINT('',(2.6E+04,-2.75E+03,-420.));
#5903 = GEOMETRIC_CURVE_SET('',(#5904));
#5904 = TRIMMED_CURVE('',#5905,(#5909,PARAMETER_VALUE(0.)),(#5910,
    PARAMETER_VALUE(3.E+03)),.T.,.PARAMETER.);
#5905 = LINE('',#5906,#5907);
#5906 = CARTESIAN_POINT('',(2.6E+04,-2.75E+03,-420.));
#5907 = VECTOR('',#5908,1.);
#5908 = DIRECTION('',(1.,0.,0.));
#5909 = CARTESIAN_POINT('',(2.6E+04,-2.75E+03,-420.));
#5910 = CARTESIAN_POINT('',(2.9E+04,-2.75E+03,-420.));
#5911 = GEOMETRIC_CURVE_SET('',(#5912));
#5912 = TRIMMED_CURVE('',#5913,(#5917,PARAMETER_VALUE(0.)),(#5918,
    PARAMETER_VALUE(3.E+03)),.T.,.PARAMETER.);
#5913 = LINE('',#5914,#5915);
#5914 = CARTESIAN_POINT('',(2.9E+04,-2.75E+03,-420.));
#5915 = VECTOR('',#5916,1.);
#5916 = DIRECTION('',(1.,0.,0.));
#5917 = CARTESIAN_POINT('',(2.9E+04,-2.75E+03,-420.));
#5918 = CARTESIAN_POINT('',(3.2E+04,-2.75E+03,-420.));
#5919 = GEOMETRIC_CURVE_SET('',(#5920));
#5920 = TRIMMED_CURVE('',#5921,(#5925,PARAMETER_VALUE(0.)),(#5926,
    PARAMETER_VALUE(3.E+03)),.T.,.PARAMETER.);
#5921 = LINE('',#5922,#5923);
#5922 = CARTESIAN_POINT('',(3.2E+04,-2.75E+03,-420.));
#5923 = VECTOR('',#5924,1.);
#5924 = DIRECTION('',(1.,0.,0.));
#5925 = CARTESIAN_POINT('',(3.2E+04,-2.75E+03,-420.));
#5926 = CARTESIAN_POINT('',(3.5E+04,-2.75E+03,-420.));
#5927 = GEOMETRIC_CURVE_SET('',(#5928));
#5928 = TRIMMED_CURVE('',#5929,(#5933,PARAMETER_VALUE(0.)),(#5934,
    PARAMETER_VALUE(3.E+03)),.T.,.PARAMETER.);
#5929 = LINE('',#5930,#5931);
#5930 = CARTESIAN_POINT('',(3.5E+04,-2.75E+03,-420.));
#5931 = VECTOR('',#5932,1.);
#5932 = DIRECTION('',(1.,0.,0.));
#5933 = CARTESIAN_POINT('',(3.5E+04,-2.75E+03,-420.));
#5934 = CARTESIAN_POINT('',(3.8E+04,-2.75E+03,-420.));
#5935 = GEOMETRIC_CURVE_SET('',(#5936));
#5936 = TRIMMED_CURVE('',#5937,(#5941,PARAMETER_VALUE(0.)),(#5942,
    PARAMETER_VALUE(3.E+03)),.T.,.PARAMETER.);
#5937 = LINE('',#5938,#5939);
#5938 = CARTESIAN_POINT('',(3.8E+04,-2.75E+03,-420.));
#5939 = VECTOR('',#5940,1.);
#5940 = DIRECTION('',(1.,0.,0.));
#5941 = CARTESIAN_POINT('',(3.8E+04,-2.75E+03,-420.));
#5942 = CARTESIAN_POINT('',(4.1E+04,-2.75E+03,-420.));
#5943 = GEOMETRIC_CURVE_SET('',(#5944));
#5944 = TRIMMED_CURVE('',#5945,(#5949,PARAMETER_VALUE(0.)),(#5950,
    PARAMETER_VALUE(3.E+03)),.T.,.PARAMETER.);
#5945 = LINE('',#5946,#5947);
#5946 = CARTESIAN_POINT('',(4.1E+04,-2.75E+03,-420.));
#5947 = VECTOR('',#5948,1.);
#5948 = DIRECTION('',(1.,0.,0.));
#5949 = CARTESIAN_POINT('',(4.1E+04,-2.75E+03,-420.));
#5950 = CARTESIAN_POINT('',(4.4E+04,-2.75E+03,-420.));
#5951 = GEOMETRIC_CURVE_SET('',(#5952));
#5952 = TRIMMED_CURVE('',#5953,(#5957,PARAMETER_VALUE(0.)),(#5958,
    PARAMETER_VALUE(3.E+03)),.T.,.PARAMETER.);
#5953 = LINE('',#5954,#5955);
#5954 = CARTESIAN_POINT('',(4.4E+04,-2.75E+03,-420.));
#5955 = VECTOR('',#5956,1.);
#5956 = DIRECTION('',(1.,0.,0.));
#5957 = CARTESIAN_POINT('',(4.4E+04,-2.75E+03,-420.));
#5958 = CARTESIAN_POINT('',(4.7E+04,-2.75E+03,-420.));
#5959 = GEOMETRIC_CURVE_SET('',(#5960));
#5960 = TRIMMED_CURVE('',#5961,(#5965,PARAMETER_VALUE(0.)),(#5966,
    PARAMETER_VALUE(3.E+03)),.T.,.PARAMETER.);
#5961 = LINE('',#5962,#5963);
#5962 = CARTESIAN_POINT('',(4.7E+04,-2.75E+03,-420.));
#5963 = VECTOR('',#5964,1.);
#5964 = DIRECTION('',(1.,0.,0.));
#5965 = CARTESIAN_POINT('',(4.7E+04,-2.75E+03,-420.));
#5966 = CARTESIAN_POINT('',(5.E+04,-2.75E+03,-420.));
#5967 = GEOMETRIC_CURVE_SET('',(#5968));
#5968 = TRIMMED_CURVE('',#5969,(#5973,PARAMETER_VALUE(0.)),(#5974,
    PARAMETER_VALUE(3.E+03)),.T.,.PARAMETER.);
#5969 = LINE('',#5970,#5971);
#5970 = CARTESIAN_POINT('',(5.E+04,-2.75E+03,-420.));
#5971 = VECTOR('',#5972,1.);
#5972 = DIRECTION('',(1.,0.,0.));
#5973 = CARTESIAN_POINT('',(5.E+04,-2.75E+03,-420.));
#5974 = CARTESIAN_POINT('',(5.3E+04,-2.75E+03,-420.));
#5975 = GEOMETRIC_CURVE_SET('',(#5976));
#5976 = TRIMMED_CURVE('',#5977,(#5981,PARAMETER_VALUE(0.)),(#5982,
    PARAMETER_VALUE(3.E+03)),.T.,.PARAMETER.);
#5977 = LINE('',#5978,#5979);
#5978 = CARTESIAN_POINT('',(5.3E+04,-2.75E+03,-420.));
#5979 = VECTOR('',#5980,1.);
#5980 = DIRECTION('',(1.,0.,0.));
#5981 = CARTESIAN_POINT('',(5.3E+04,-2.75E+03,-420.));
#5982 = CARTESIAN_POINT('',(5.6E+04,-2.75E+03,-420.));
#5983 = GEOMETRIC_CURVE_SET('',(#5984));
#5984 = TRIMMED_CURVE('',#5985,(#5989,PARAMETER_VALUE(0.)),(#5990,
    PARAMETER_VALUE(3.E+03)),.T.,.PARAMETER.);
#5985 = LINE('',#5986,#5987);
#5986 = CARTESIAN_POINT('',(5.6E+04,-2.75E+03,-420.));
#5987 = VECTOR('',#5988,1.);
#5988 = DIRECTION('',(1.,0.,0.));
#5989 = CARTESIAN_POINT('',(5.6E+04,-2.75E+03,-420.));
#5990 = CARTESIAN_POINT('',(5.9E+04,-2.75E+03,-420.));
#5991 = GEOMETRIC_CURVE_SET('',(#5992));
#5992 = TRIMMED_CURVE('',#5993,(#5997,PARAMETER_VALUE(0.)),(#5998,
    PARAMETER_VALUE(3.E+03)),.T.,.PARAMETER.);
#5993 = LINE('',#5994,#5995);
#5994 = CARTESIAN_POINT('',(5.9E+04,-2.75E+03,-420.));
#5995 = VECTOR('',#5996,1.);
#5996 = DIRECTION('',(1.,0.,0.));
#5997 = CARTESIAN_POINT('',(5.9E+04,-2.75E+03,-420.));
#5998 = CARTESIAN_POINT('',(6.2E+04,-2.75E+03,-420.));
#5999 = GEOMETRIC_CURVE_SET('',(#6000));
#6000 = TRIMMED_CURVE('',#6001,(#6005,PARAMETER_VALUE(0.)),(#6006,
    PARAMETER_VALUE(3.E+03)),.T.,.PARAMETER.);
#6001 = LINE('',#6002,#6003);
#6002 = CARTESIAN_POINT('',(6.2E+04,-2.75E+03,-420.));
#6003 = VECTOR('',#6004,1.);
#6004 = DIRECTION('',(1.,0.,0.));
#6005 = CARTESIAN_POINT('',(6.2E+04,-2.75E+03,-420.));
#6006 = CARTESIAN_POINT('',(6.5E+04,-2.75E+03,-420.));
#6007 = GEOMETRIC_CURVE_SET('',(#6008));
#6008 = TRIMMED_CURVE('',#6009,(#6013,PARAMETER_VALUE(0.)),(#6014,
    PARAMETER_VALUE(3.E+03)),.T.,.PARAMETER.);
#6009 = LINE('',#6010,#6011);
#6010 = CARTESIAN_POINT('',(6.5E+04,-2.75E+03,-420.));
#6011 = VECTOR('',#6012,1.);
#6012 = DIRECTION('',(1.,0.,0.));
#6013 = CARTESIAN_POINT('',(6.5E+04,-2.75E+03,-420.));
#6014 = CARTESIAN_POINT('',(6.8E+04,-2.75E+03,-420.));
#6015 = GEOMETRIC_CURVE_SET('',(#6016));
#6016 = TRIMMED_CURVE('',#6017,(#6021,PARAMETER_VALUE(0.)),(#6022,
    PARAMETER_VALUE(3.E+03)),.T.,.PARAMETER.);
#6017 = LINE('',#6018,#6019);
#6018 = CARTESIAN_POINT('',(6.8E+04,-2.75E+03,-420.));
#6019 = VECTOR('',#6020,1.);
#6020 = DIRECTION('',(1.,0.,0.));
#6021 = CARTESIAN_POINT('',(6.8E+04,-2.75E+03,-420.));
#6022 = CARTESIAN_POINT('',(7.1E+04,-2.75E+03,-420.));
#6023 = GEOMETRIC_CURVE_SET('',(#6024));
#6024 = TRIMMED_CURVE('',#6025,(#6029,PARAMETER_VALUE(0.)),(#6030,
    PARAMETER_VALUE(3.E+03)),.T.,.PARAMETER.);
#6025 = LINE('',#6026,#6027);
#6026 = CARTESIAN_POINT('',(7.1E+04,-2.75E+03,-420.));
#6027 = VECTOR('',#6028,1.);
#6028 = DIRECTION('',(1.,0.,0.));
#6029 = CARTESIAN_POINT('',(7.1E+04,-2.75E+03,-420.));
#6030 = CARTESIAN_POINT('',(7.4E+04,-2.75E+03,-420.));
#6031 = GEOMETRIC_CURVE_SET('',(#6032));
#6032 = TRIMMED_CURVE('',#6033,(#6037,PARAMETER_VALUE(0.)),(#6038,
    PARAMETER_VALUE(3.E+03)),.T.,.PARAMETER.);
#6033 = LINE('',#6034,#6035);
#6034 = CARTESIAN_POINT('',(7.4E+04,-2.75E+03,-420.));
#6035 = VECTOR('',#6036,1.);
#6036 = DIRECTION('',(1.,0.,0.));
#6037 = CARTESIAN_POINT('',(7.4E+04,-2.75E+03,-420.));
#6038 = CARTESIAN_POINT('',(7.7E+04,-2.75E+03,-420.));
#6039 = GEOMETRIC_CURVE_SET('',(#6040));
#6040 = TRIMMED_CURVE('',#6041,(#6045,PARAMETER_VALUE(0.)),(#6046,
    PARAMETER_VALUE(5.E+03)),.T.,.PARAMETER.);
#6041 = LINE('',#6042,#6043);
#6042 = CARTESIAN_POINT('',(7.7E+04,-2.75E+03,-420.));
#6043 = VECTOR('',#6044,1.);
#6044 = DIRECTION('',(1.,0.,0.));
#6045 = CARTESIAN_POINT('',(7.7E+04,-2.75E+03,-420.));
#6046 = CARTESIAN_POINT('',(8.2E+04,-2.75E+03,-420.));
#6047 = GEOMETRIC_CURVE_SET('',(#6048));
#6048 = TRIMMED_CURVE('',#6049,(#6053,PARAMETER_VALUE(0.)),(#6054,
    PARAMETER_VALUE(5.E+03)),.T.,.PARAMETER.);
#6049 = LINE('',#6050,#6051);
#6050 = CARTESIAN_POINT('',(0.,2.75E+03,-420.));
#6051 = VECTOR('',#6052,1.);
#6052 = DIRECTION('',(1.,0.,0.));
#6053 = CARTESIAN_POINT('',(0.,2.75E+03,-420.));
#6054 = CARTESIAN_POINT('',(5.E+03,2.75E+03,-420.));
#6055 = GEOMETRIC_CURVE_SET('',(#6056));
#6056 = TRIMMED_CURVE('',#6057,(#6061,PARAMETER_VALUE(0.)),(#6062,
    PARAMETER_VALUE(3.E+03)),.T.,.PARAMETER.);
#6057 = LINE('',#6058,#6059);
#6058 = CARTESIAN_POINT('',(5.E+03,2.75E+03,-420.));
#6059 = VECTOR('',#6060,1.);
#6060 = DIRECTION('',(1.,0.,0.));
#6061 = CARTESIAN_POINT('',(5.E+03,2.75E+03,-420.));
#6062 = CARTESIAN_POINT('',(8.E+03,2.75E+03,-420.));
#6063 = GEOMETRIC_CURVE_SET('',(#6064));
#6064 = TRIMMED_CURVE('',#6065,(#6069,PARAMETER_VALUE(0.)),(#6070,
    PARAMETER_VALUE(3.E+03)),.T.,.PARAMETER.);
#6065 = LINE('',#6066,#6067);
#6066 = CARTESIAN_POINT('',(8.E+03,2.75E+03,-420.));
#6067 = VECTOR('',#6068,1.);
#6068 = DIRECTION('',(1.,0.,0.));
#6069 = CARTESIAN_POINT('',(8.E+03,2.75E+03,-420.));
#6070 = CARTESIAN_POINT('',(1.1E+04,2.75E+03,-420.));
#6071 = GEOMETRIC_CURVE_SET('',(#6072));
#6072 = TRIMMED_CURVE('',#6073,(#6077,PARAMETER_VALUE(0.)),(#6078,
    PARAMETER_VALUE(3.E+03)),.T.,.PARAMETER.);
#6073 = LINE('',#6074,#6075);
#6074 = CARTESIAN_POINT('',(1.1E+04,2.75E+03,-420.));
#6075 = VECTOR('',#6076,1.);
#6076 = DIRECTION('',(1.,0.,0.));
#6077 = CARTESIAN_POINT('',(1.1E+04,2.75E+03,-420.));
#6078 = CARTESIAN_POINT('',(1.4E+04,2.75E+03,-420.));
#6079 = GEOMETRIC_CURVE_SET('',(#6080));
#6080 = TRIMMED_CURVE('',#6081,(#6085,PARAMETER_VALUE(0.)),(#6086,
    PARAMETER_VALUE(3.E+03)),.T.,.PARAMETER.);
#6081 = LINE('',#6082,#6083);
#6082 = CARTESIAN_POINT('',(1.4E+04,2.75E+03,-420.));
#6083 = VECTOR('',#6084,1.);
#6084 = DIRECTION('',(1.,0.,0.));
#6085 = CARTESIAN_POINT('',(1.4E+04,2.75E+03,-420.));
#6086 = CARTESIAN_POINT('',(1.7E+04,2.75E+03,-420.));
#6087 = GEOMETRIC_CURVE_SET('',(#6088));
#6088 = TRIMMED_CURVE('',#6089,(#6093,PARAMETER_VALUE(0.)),(#6094,
    PARAMETER_VALUE(3.E+03)),.T.,.PARAMETER.);
#6089 = LINE('',#6090,#6091);
#6090 = CARTESIAN_POINT('',(1.7E+04,2.75E+03,-420.));
#6091 = VECTOR('',#6092,1.);
#6092 = DIRECTION('',(1.,0.,0.));
#6093 = CARTESIAN_POINT('',(1.7E+04,2.75E+03,-420.));
#6094 = CARTESIAN_POINT('',(2.E+04,2.75E+03,-420.));
#6095 = GEOMETRIC_CURVE_SET('',(#6096));
#6096 = TRIMMED_CURVE('',#6097,(#6101,PARAMETER_VALUE(0.)),(#6102,
    PARAMETER_VALUE(3.E+03)),.T.,.PARAMETER.);
#6097 = LINE('',#6098,#6099);
#6098 = CARTESIAN_POINT('',(2.E+04,2.75E+03,-420.));
#6099 = VECTOR('',#6100,1.);
#6100 = DIRECTION('',(1.,0.,0.));
#6101 = CARTESIAN_POINT('',(2.E+04,2.75E+03,-420.));
#6102 = CARTESIAN_POINT('',(2.3E+04,2.75E+03,-420.));
#6103 = GEOMETRIC_CURVE_SET('',(#6104));
#6104 = TRIMMED_CURVE('',#6105,(#6109,PARAMETER_VALUE(0.)),(#6110,
    PARAMETER_VALUE(3.E+03)),.T.,.PARAMETER.);
#6105 = LINE('',#6106,#6107);
#6106 = CARTESIAN_POINT('',(2.3E+04,2.75E+03,-420.));
#6107 = VECTOR('',#6108,1.);
#6108 = DIRECTION('',(1.,0.,0.));
#6109 = CARTESIAN_POINT('',(2.3E+04,2.75E+03,-420.));
#6110 = CARTESIAN_POINT('',(2.6E+04,2.75E+03,-420.));
#6111 = GEOMETRIC_CURVE_SET('',(#6112));
#6112 = TRIMMED_CURVE('',#6113,(#6117,PARAMETER_VALUE(0.)),(#6118,
    PARAMETER_VALUE(3.E+03)),.T.,.PARAMETER.);
#6113 = LINE('',#6114,#6115);
#6114 = CARTESIAN_POINT('',(2.6E+04,2.75E+03,-420.));
#6115 = VECTOR('',#6116,1.);
#6116 = DIRECTION('',(1.,0.,0.));
#6117 = CARTESIAN_POINT('',(2.6E+04,2.75E+03,-420.));
#6118 = CARTESIAN_POINT('',(2.9E+04,2.75E+03,-420.));
#6119 = GEOMETRIC_CURVE_SET('',(#6120));
#6120 = TRIMMED_CURVE('',#6121,(#6125,PARAMETER_VALUE(0.)),(#6126,
    PARAMETER_VALUE(3.E+03)),.T.,.PARAMETER.);
#6121 = LINE('',#6122,#6123);
#6122 = CARTESIAN_POINT('',(2.9E+04,2.75E+03,-420.));
#6123 = VECTOR('',#6124,1.);
#6124 = DIRECTION('',(1.,0.,0.));
#6125 = CARTESIAN_POINT('',(2.9E+04,2.75E+03,-420.));
#6126 = CARTESIAN_POINT('',(3.2E+04,2.75E+03,-420.));
#6127 = GEOMETRIC_CURVE_SET('',(#6128));
#6128 = TRIMMED_CURVE('',#6129,(#6133,PARAMETER_VALUE(0.)),(#6134,
    PARAMETER_VALUE(3.E+03)),.T.,.PARAMETER.);
#6129 = LINE('',#6130,#6131);
#6130 = CARTESIAN_POINT('',(3.2E+04,2.75E+03,-420.));
#6131 = VECTOR('',#6132,1.);
#6132 = DIRECTION('',(1.,0.,0.));
#6133 = CARTESIAN_POINT('',(3.2E+04,2.75E+03,-420.));
#6134 = CARTESIAN_POINT('',(3.5E+04,2.75E+03,-420.));
#6135 = GEOMETRIC_CURVE_SET('',(#6136));
#6136 = TRIMMED_CURVE('',#6137,(#6141,PARAMETER_VALUE(0.)),(#6142,
    PARAMETER_VALUE(3.E+03)),.T.,.PARAMETER.);
#6137 = LINE('',#6138,#6139);
#6138 = CARTESIAN_POINT('',(3.5E+04,2.75E+03,-420.));
#6139 = VECTOR('',#6140,1.);
#6140 = DIRECTION('',(1.,0.,0.));
#6141 = CARTESIAN_POINT('',(3.5E+04,2.75E+03,-420.));
#6142 = CARTESIAN_POINT('',(3.8E+04,2.75E+03,-420.));
#6143 = GEOMETRIC_CURVE_SET('',(#6144));
#6144 = TRIMMED_CURVE('',#6145,(#6149,PARAMETER_VALUE(0.)),(#6150,
    PARAMETER_VALUE(3.E+03)),.T.,.PARAMETER.);
#6145 = LINE('',#6146,#6147);
#6146 = CARTESIAN_POINT('',(3.8E+04,2.75E+03,-420.));
#6147 = VECTOR('',#6148,1.);
#6148 = DIRECTION('',(1.,0.,0.));
#6149 = CARTESIAN_POINT('',(3.8E+04,2.75E+03,-420.));
#6150 = CARTESIAN_POINT('',(4.1E+04,2.75E+03,-420.));
#6151 = GEOMETRIC_CURVE_SET('',(#6152));
#6152 = TRIMMED_CURVE('',#6153,(#6157,PARAMETER_VALUE(0.)),(#6158,
    PARAMETER_VALUE(3.E+03)),.T.,.PARAMETER.);
#6153 = LINE('',#6154,#6155);
#6154 = CARTESIAN_POINT('',(4.1E+04,2.75E+03,-420.));
#6155 = VECTOR('',#6156,1.);
#6156 = DIRECTION('',(1.,0.,0.));
#6157 = CARTESIAN_POINT('',(4.1E+04,2.75E+03,-420.));
#6158 = CARTESIAN_POINT('',(4.4E+04,2.75E+03,-420.));
#6159 = GEOMETRIC_CURVE_SET('',(#6160));
#6160 = TRIMMED_CURVE('',#6161,(#6165,PARAMETER_VALUE(0.)),(#6166,
    PARAMETER_VALUE(3.E+03)),.T.,.PARAMETER.);
#6161 = LINE('',#6162,#6163);
#6162 = CARTESIAN_POINT('',(4.4E+04,2.75E+03,-420.));
#6163 = VECTOR('',#6164,1.);
#6164 = DIRECTION('',(1.,0.,0.));
#6165 = CARTESIAN_POINT('',(4.4E+04,2.75E+03,-420.));
#6166 = CARTESIAN_POINT('',(4.7E+04,2.75E+03,-420.));
#6167 = GEOMETRIC_CURVE_SET('',(#6168));
#6168 = TRIMMED_CURVE('',#6169,(#6173,PARAMETER_VALUE(0.)),(#6174,
    PARAMETER_VALUE(3.E+03)),.T.,.PARAMETER.);
#6169 = LINE('',#6170,#6171);
#6170 = CARTESIAN_POINT('',(4.7E+04,2.75E+03,-420.));
#6171 = VECTOR('',#6172,1.);
#6172 = DIRECTION('',(1.,0.,0.));
#6173 = CARTESIAN_POINT('',(4.7E+04,2.75E+03,-420.));
#6174 = CARTESIAN_POINT('',(5.E+04,2.75E+03,-420.));
#6175 = GEOMETRIC_CURVE_SET('',(#6176));
#6176 = TRIMMED_CURVE('',#6177,(#6181,PARAMETER_VALUE(0.)),(#6182,
    PARAMETER_VALUE(3.E+03)),.T.,.PARAMETER.);
#6177 = LINE('',#6178,#6179);
#6178 = CARTESIAN_POINT('',(5.E+04,2.75E+03,-420.));
#6179 = VECTOR('',#6180,1.);
#6180 = DIRECTION('',(1.,0.,0.));
#6181 = CARTESIAN_POINT('',(5.E+04,2.75E+03,-420.));
#6182 = CARTESIAN_POINT('',(5.3E+04,2.75E+03,-420.));
#6183 = GEOMETRIC_CURVE_SET('',(#6184));
#6184 = TRIMMED_CURVE('',#6185,(#6189,PARAMETER_VALUE(0.)),(#6190,
    PARAMETER_VALUE(3.E+03)),.T.,.PARAMETER.);
#6185 = LINE('',#6186,#6187);
#6186 = CARTESIAN_POINT('',(5.3E+04,2.75E+03,-420.));
#6187 = VECTOR('',#6188,1.);
#6188 = DIRECTION('',(1.,0.,0.));
#6189 = CARTESIAN_POINT('',(5.3E+04,2.75E+03,-420.));
#6190 = CARTESIAN_POINT('',(5.6E+04,2.75E+03,-420.));
#6191 = GEOMETRIC_CURVE_SET('',(#6192));
#6192 = TRIMMED_CURVE('',#6193,(#6197,PARAMETER_VALUE(0.)),(#6198,
    PARAMETER_VALUE(3.E+03)),.T.,.PARAMETER.);
#6193 = LINE('',#6194,#6195);
#6194 = CARTESIAN_POINT('',(5.6E+04,2.75E+03,-420.));
#6195 = VECTOR('',#6196,1.);
#6196 = DIRECTION('',(1.,0.,0.));
#6197 = CARTESIAN_POINT('',(5.6E+04,2.75E+03,-420.));
#6198 = CARTESIAN_POINT('',(5.9E+04,2.75E+03,-420.));
#6199 = GEOMETRIC_CURVE_SET('',(#6200));
#6200 = TRIMMED_CURVE('',#6201,(#6205,PARAMETER_VALUE(0.)),(#6206,
    PARAMETER_VALUE(3.E+03)),.T.,.PARAMETER.);
#6201 = LINE('',#6202,#6203);
#6202 = CARTESIAN_POINT('',(5.9E+04,2.75E+03,-420.));
#6203 = VECTOR('',#6204,1.);
#6204 = DIRECTION('',(1.,0.,0.));
#6205 = CARTESIAN_POINT('',(5.9E+04,2.75E+03,-420.));
#6206 = CARTESIAN_POINT('',(6.2E+04,2.75E+03,-420.));
#6207 = GEOMETRIC_CURVE_SET('',(#6208));
#6208 = TRIMMED_CURVE('',#6209,(#6213,PARAMETER_VALUE(0.)),(#6214,
    PARAMETER_VALUE(3.E+03)),.T.,.PARAMETER.);
#6209 = LINE('',#6210,#6211);
#6210 = CARTESIAN_POINT('',(6.2E+04,2.75E+03,-420.));
#6211 = VECTOR('',#6212,1.);
#6212 = DIRECTION('',(1.,0.,0.));
#6213 = CARTESIAN_POINT('',(6.2E+04,2.75E+03,-420.));
#6214 = CARTESIAN_POINT('',(6.5E+04,2.75E+03,-420.));
#6215 = GEOMETRIC_CURVE_SET('',(#6216));
#6216 = TRIMMED_CURVE('',#6217,(#6221,PARAMETER_VALUE(0.)),(#6222,
    PARAMETER_VALUE(3.E+03)),.T.,.PARAMETER.);
#6217 = LINE('',#6218,#6219);
#6218 = CARTESIAN_POINT('',(6.5E+04,2.75E+03,-420.));
#6219 = VECTOR('',#6220,1.);
#6220 = DIRECTION('',(1.,0.,0.));
#6221 = CARTESIAN_POINT('',(6.5E+04,2.75E+03,-420.));
#6222 = CARTESIAN_POINT('',(6.8E+04,2.75E+03,-420.));
#6223 = GEOMETRIC_CURVE_SET('',(#6224));
#6224 = TRIMMED_CURVE('',#6225,(#6229,PARAMETER_VALUE(0.)),(#6230,
    PARAMETER_VALUE(3.E+03)),.T.,.PARAMETER.);
#6225 = LINE('',#6226,#6227);
#6226 = CARTESIAN_POINT('',(6.8E+04,2.75E+03,-420.));
#6227 = VECTOR('',#6228,1.);
#6228 = DIRECTION('',(1.,0.,0.));
#6229 = CARTESIAN_POINT('',(6.8E+04,2.75E+03,-420.));
#6230 = CARTESIAN_POINT('',(7.1E+04,2.75E+03,-420.));
#6231 = GEOMETRIC_CURVE_SET('',(#6232));
#6232 = TRIMMED_CURVE('',#6233,(#6237,PARAMETER_VALUE(0.)),(#6238,
    PARAMETER_VALUE(3.E+03)),.T.,.PARAMETER.);
#6233 = LINE('',#6234,#6235);
#6234 = CARTESIAN_POINT('',(7.1E+04,2.75E+03,-420.));
#6235 = VECTOR('',#6236,1.);
#6236 = DIRECTION('',(1.,0.,0.));
#6237 = CARTESIAN_POINT('',(7.1E+04,2.75E+03,-420.));
#6238 = CARTESIAN_POINT('',(7.4E+04,2.75E+03,-420.));
#6239 = GEOMETRIC_CURVE_SET('',(#6240));
#6240 = TRIMMED_CURVE('',#6241,(#6245,PARAMETER_VALUE(0.)),(#6246,
    PARAMETER_VALUE(3.E+03)),.T.,.PARAMETER.);
#6241 = LINE('',#6242,#6243);
#6242 = CARTESIAN_POINT('',(7.4E+04,2.75E+03,-420.));
#6243 = VECTOR('',#6244,1.);
#6244 = DIRECTION('',(1.,0.,0.));
#6245 = CARTESIAN_POINT('',(7.4E+04,2.75E+03,-420.));
#6246 = CARTESIAN_POINT('',(7.7E+04,2.75E+03,-420.));
#6247 = GEOMETRIC_CURVE_SET('',(#6248));
#6248 = TRIMMED_CURVE('',#6249,(#6253,PARAMETER_VALUE(0.)),(#6254,
    PARAMETER_VALUE(5.E+03)),.T.,.PARAMETER.);
#6249 = LINE('',#6250,#6251);
#6250 = CARTESIAN_POINT('',(7.7E+04,2.75E+03,-420.));
#6251 = VECTOR('',#6252,1.);
#6252 = DIRECTION('',(1.,0.,0.));
#6253 = CARTESIAN_POINT('',(7.7E+04,2.75E+03,-420.));
#6254 = CARTESIAN_POINT('',(8.2E+04,2.75E+03,-420.));
#6255 = GEOMETRIC_CURVE_SET('',(#6256));
#6256 = TRIMMED_CURVE('',#6257,(#6261,PARAMETER_VALUE(0.)),(#6262,
    PARAMETER_VALUE(200.)),.T.,.PARAMETER.);
#6257 = LINE('',#6258,#6259);
#6258 = CARTESIAN_POINT('',(0.,-2.75E+03,-420.));
#6259 = VECTOR('',#6260,1.);
#6260 = DIRECTION('',(0.,1.,0.));
#6261 = CARTESIAN_POINT('',(0.,-2.75E+03,-420.));
#6262 = CARTESIAN_POINT('',(0.,-2.55E+03,-420.));
#6263 = GEOMETRIC_CURVE_SET('',(#6264));
#6264 = TRIMMED_CURVE('',#6265,(#6269,PARAMETER_VALUE(0.)),(#6270,
    PARAMETER_VALUE(5.1E+03)),.T.,.PARAMETER.);
#6265 = LINE('',#6266,#6267);
#6266 = CARTESIAN_POINT('',(0.,-2.55E+03,-420.));
#6267 = VECTOR('',#6268,1.);
#6268 = DIRECTION('',(0.,1.,0.));
#6269 = CARTESIAN_POINT('',(0.,-2.55E+03,-420.));
#6270 = CARTESIAN_POINT('',(0.,2.55E+03,-420.));
#6271 = GEOMETRIC_CURVE_SET('',(#6272));
#6272 = TRIMMED_CURVE('',#6273,(#6277,PARAMETER_VALUE(0.)),(#6278,
    PARAMETER_VALUE(200.)),.T.,.PARAMETER.);
#6273 = LINE('',#6274,#6275);
#6274 = CARTESIAN_POINT('',(0.,2.55E+03,-420.));
#6275 = VECTOR('',#6276,1.);
#6276 = DIRECTION('',(0.,1.,0.));
#6277 = CARTESIAN_POINT('',(0.,2.55E+03,-420.));
#6278 = CARTESIAN_POINT('',(0.,2.75E+03,-420.));
#6279 = GEOMETRIC_CURVE_SET('',(#6280));
#6280 = TRIMMED_CURVE('',#6281,(#6285,PARAMETER_VALUE(0.)),(#6286,
    PARAMETER_VALUE(200.)),.T.,.PARAMETER.);
#6281 = LINE('',#6282,#6283);
#6282 = CARTESIAN_POINT('',(8.2E+04,-2.75E+03,-420.));
#6283 = VECTOR('',#6284,1.);
#6284 = DIRECTION('',(0.,1.,0.));
#6285 = CARTESIAN_POINT('',(8.2E+04,-2.75E+03,-420.));
#6286 = CARTESIAN_POINT('',(8.2E+04,-2.55E+03,-420.));
#6287 = GEOMETRIC_CURVE_SET('',(#6288));
#6288 = TRIMMED_CURVE('',#6289,(#6293,PARAMETER_VALUE(0.)),(#6294,
    PARAMETER_VALUE(5.1E+03)),.T.,.PARAMETER.);
#6289 = LINE('',#6290,#6291);
#6290 = CARTESIAN_POINT('',(8.2E+04,-2.55E+03,-420.));
#6291 = VECTOR('',#6292,1.);
#6292 = DIRECTION('',(0.,1.,0.));
#6293 = CARTESIAN_POINT('',(8.2E+04,-2.55E+03,-420.));
#6294 = CARTESIAN_POINT('',(8.2E+04,2.55E+03,-420.));
#6295 = GEOMETRIC_CURVE_SET('',(#6296));
#6296 = TRIMMED_CURVE('',#6297,(#6301,PARAMETER_VALUE(0.)),(#6302,
    PARAMETER_VALUE(200.)),.T.,.PARAMETER.);
#6297 = LINE('',#6298,#6299);
#6298 = CARTESIAN_POINT('',(8.2E+04,2.55E+03,-420.));
#6299 = VECTOR('',#6300,1.);
#6300 = DIRECTION('',(0.,1.,0.));
#6301 = CARTESIAN_POINT('',(8.2E+04,2.55E+03,-420.));
#6302 = CARTESIAN_POINT('',(8.2E+04,2.75E+03,-420.));
#6303 = GEOMETRIC_CURVE_SET('',(#6304));
#6304 = TRIMMED_CURVE('',#6305,(#6309,PARAMETER_VALUE(0.)),(#6310,
    PARAMETER_VALUE(577.59111634144)),.T.,.PARAMETER.);
#6305 = LINE('',#6306,#6307);
#6306 = CARTESIAN_POINT('',(462.407163667,-2.55E+03,9.816E+03));
#6307 = VECTOR('',#6308,1.);
#6308 = DIRECTION('',(0.930749835174,0.,-0.365656593435));
#6309 = CARTESIAN_POINT('',(462.407163667,-2.55E+03,9.816E+03));
#6310 = CARTESIAN_POINT('',(1.E+03,-2.55E+03,9.6048E+03));
#6311 = GEOMETRIC_CURVE_SET('',(#6312));
#6312 = TRIMMED_CURVE('',#6313,(#6317,PARAMETER_VALUE(0.)),(#6318,
    PARAMETER_VALUE(1.071682728723E+03)),.T.,.PARAMETER.);
#6313 = LINE('',#6314,#6315);
#6314 = CARTESIAN_POINT('',(1.E+03,-2.55E+03,9.6048E+03));
#6315 = VECTOR('',#6316,1.);
#6316 = DIRECTION('',(0.933111986596,0.,-0.359585901379));
#6317 = CARTESIAN_POINT('',(1.E+03,-2.55E+03,9.6048E+03));
#6318 = CARTESIAN_POINT('',(2.E+03,-2.55E+03,9.219438E+03));
#6319 = GEOMETRIC_CURVE_SET('',(#6320));
#6320 = TRIMMED_CURVE('',#6321,(#6325,PARAMETER_VALUE(0.)),(#6326,
    PARAMETER_VALUE(1.068213399671E+03)),.T.,.PARAMETER.);
#6321 = LINE('',#6322,#6323);
#6322 = CARTESIAN_POINT('',(2.E+03,-2.55E+03,9.219438E+03));
#6323 = VECTOR('',#6324,1.);
#6324 = DIRECTION('',(0.936142535104,0.,-0.35162075304));
#6325 = CARTESIAN_POINT('',(2.E+03,-2.55E+03,9.219438E+03));
#6326 = CARTESIAN_POINT('',(3.E+03,-2.55E+03,8.843832E+03));
#6327 = GEOMETRIC_CURVE_SET('',(#6328));
#6328 = TRIMMED_CURVE('',#6329,(#6333,PARAMETER_VALUE(0.)),(#6334,
    PARAMETER_VALUE(1.064822155339E+03)),.T.,.PARAMETER.);
#6329 = LINE('',#6330,#6331);
#6330 = CARTESIAN_POINT('',(3.E+03,-2.55E+03,8.843832E+03));
#6331 = VECTOR('',#6332,1.);
#6332 = DIRECTION('',(0.939123960735,0.,-0.343578501035));
#6333 = CARTESIAN_POINT('',(3.E+03,-2.55E+03,8.843832E+03));
#6334 = CARTESIAN_POINT('',(4.E+03,-2.55E+03,8.477982E+03));
#6335 = GEOMETRIC_CURVE_SET('',(#6336));
#6336 = TRIMMED_CURVE('',#6337,(#6341,PARAMETER_VALUE(0.)),(#6342,
    PARAMETER_VALUE(1.061509744108E+03)),.T.,.PARAMETER.);
#6337 = LINE('',#6338,#6339);
#6338 = CARTESIAN_POINT('',(4.E+03,-2.55E+03,8.477982E+03));
#6339 = VECTOR('',#6340,1.);
#6340 = DIRECTION('',(0.942054470579,0.,-0.335459944646));
#6341 = CARTESIAN_POINT('',(4.E+03,-2.55E+03,8.477982E+03));
#6342 = CARTESIAN_POINT('',(5.E+03,-2.55E+03,8.121888E+03));
#6343 = GEOMETRIC_CURVE_SET('',(#6344));
#6344 = TRIMMED_CURVE('',#6345,(#6349,PARAMETER_VALUE(0.)),(#6350,
    PARAMETER_VALUE(1.058276906223E+03)),.T.,.PARAMETER.);
#6345 = LINE('',#6346,#6347);
#6346 = CARTESIAN_POINT('',(5.E+03,-2.55E+03,8.121888E+03));
#6347 = VECTOR('',#6348,1.);
#6348 = DIRECTION('',(0.944932270675,0.,-0.327265952761));
#6349 = CARTESIAN_POINT('',(5.E+03,-2.55E+03,8.121888E+03));
#6350 = CARTESIAN_POINT('',(6.E+03,-2.55E+03,7.77555E+03));
#6351 = GEOMETRIC_CURVE_SET('',(#6352));
#6352 = TRIMMED_CURVE('',#6353,(#6357,PARAMETER_VALUE(0.)),(#6358,
    PARAMETER_VALUE(1.055124373107E+03)),.T.,.PARAMETER.);
#6353 = LINE('',#6354,#6355);
#6354 = CARTESIAN_POINT('',(6.E+03,-2.55E+03,7.77555E+03));
#6355 = VECTOR('',#6356,1.);
#6356 = DIRECTION('',(0.947755568432,0.,-0.318997464734));
#6357 = CARTESIAN_POINT('',(6.E+03,-2.55E+03,7.77555E+03));
#6358 = CARTESIAN_POINT('',(7.E+03,-2.55E+03,7.438968E+03));
#6359 = GEOMETRIC_CURVE_SET('',(#6360));
#6360 = TRIMMED_CURVE('',#6361,(#6365,PARAMETER_VALUE(0.)),(#6366,
    PARAMETER_VALUE(1.052052866674E+03)),.T.,.PARAMETER.);
#6361 = LINE('',#6362,#6363);
#6362 = CARTESIAN_POINT('',(7.E+03,-2.55E+03,7.438968E+03));
#6363 = VECTOR('',#6364,1.);
#6364 = DIRECTION('',(0.950522575127,0.,-0.310655491138));
#6365 = CARTESIAN_POINT('',(7.E+03,-2.55E+03,7.438968E+03));
#6366 = CARTESIAN_POINT('',(8.E+03,-2.55E+03,7.112142E+03));
#6367 = GEOMETRIC_CURVE_SET('',(#6368));
#6368 = TRIMMED_CURVE('',#6369,(#6373,PARAMETER_VALUE(0.)),(#6374,
    PARAMETER_VALUE(1.049063098627E+03)),.T.,.PARAMETER.);
#6369 = LINE('',#6370,#6371);
#6370 = CARTESIAN_POINT('',(8.E+03,-2.55E+03,7.112142E+03));
#6371 = VECTOR('',#6372,1.);
#6372 = DIRECTION('',(0.953231508485,0.,-0.302241114395));
#6373 = CARTESIAN_POINT('',(8.E+03,-2.55E+03,7.112142E+03));
#6374 = CARTESIAN_POINT('',(9.E+03,-2.55E+03,6.795072E+03));
#6375 = GEOMETRIC_CURVE_SET('',(#6376));
#6376 = TRIMMED_CURVE('',#6377,(#6381,PARAMETER_VALUE(0.)),(#6382,
    PARAMETER_VALUE(1.046155769757E+03)),.T.,.PARAMETER.);
#6377 = LINE('',#6378,#6379);
#6378 = CARTESIAN_POINT('',(9.E+03,-2.55E+03,6.795072E+03));
#6379 = VECTOR('',#6380,1.);
#6380 = DIRECTION('',(0.955880595327,0.,-0.293755489272));
#6381 = CARTESIAN_POINT('',(9.E+03,-2.55E+03,6.795072E+03));
#6382 = CARTESIAN_POINT('',(1.E+04,-2.55E+03,6.487758E+03));
#6383 = GEOMETRIC_CURVE_SET('',(#6384));
#6384 = TRIMMED_CURVE('',#6385,(#6389,PARAMETER_VALUE(0.)),(#6390,
    PARAMETER_VALUE(1.043331569236E+03)),.T.,.PARAMETER.);
#6385 = LINE('',#6386,#6387);
#6386 = CARTESIAN_POINT('',(1.E+04,-2.55E+03,6.487758E+03));
#6387 = VECTOR('',#6388,1.);
#6388 = DIRECTION('',(0.958468074279,0.,-0.285199843246));
#6389 = CARTESIAN_POINT('',(1.E+04,-2.55E+03,6.487758E+03));
#6390 = CARTESIAN_POINT('',(1.1E+04,-2.55E+03,6.1902E+03));
#6391 = GEOMETRIC_CURVE_SET('',(#6392));
#6392 = TRIMMED_CURVE('',#6393,(#6397,PARAMETER_VALUE(0.)),(#6398,
    PARAMETER_VALUE(1.040591173903E+03)),.T.,.PARAMETER.);
#6393 = LINE('',#6394,#6395);
#6394 = CARTESIAN_POINT('',(1.1E+04,-2.55E+03,6.1902E+03));
#6395 = VECTOR('',#6396,1.);
#6396 = DIRECTION('',(0.96099219855,0.,-0.276575476727));
#6397 = CARTESIAN_POINT('',(1.1E+04,-2.55E+03,6.1902E+03));
#6398 = CARTESIAN_POINT('',(1.2E+04,-2.55E+03,5.902398E+03));
#6399 = GEOMETRIC_CURVE_SET('',(#6400));
#6400 = TRIMMED_CURVE('',#6401,(#6405,PARAMETER_VALUE(0.)),(#6406,
    PARAMETER_VALUE(1.037935247554E+03)),.T.,.PARAMETER.);
#6401 = LINE('',#6402,#6403);
#6402 = CARTESIAN_POINT('',(1.2E+04,-2.55E+03,5.902398E+03));
#6403 = VECTOR('',#6404,1.);
#6404 = DIRECTION('',(0.963451238751,0.,-0.26788376313));
#6405 = CARTESIAN_POINT('',(1.2E+04,-2.55E+03,5.902398E+03));
#6406 = CARTESIAN_POINT('',(1.3E+04,-2.55E+03,5.624352E+03));
#6407 = GEOMETRIC_CURVE_SET('',(#6408));
#6408 = TRIMMED_CURVE('',#6409,(#6413,PARAMETER_VALUE(0.)),(#6414,
    PARAMETER_VALUE(1.035364440233E+03)),.T.,.PARAMETER.);
#6409 = LINE('',#6410,#6411);
#6410 = CARTESIAN_POINT('',(1.3E+04,-2.55E+03,5.624352E+03));
#6411 = VECTOR('',#6412,1.);
#6412 = DIRECTION('',(0.965843485772,0.,-0.259126148798));
#6413 = CARTESIAN_POINT('',(1.3E+04,-2.55E+03,5.624352E+03));
#6414 = CARTESIAN_POINT('',(1.4E+04,-2.55E+03,5.356062E+03));
#6415 = GEOMETRIC_CURVE_SET('',(#6416));
#6416 = TRIMMED_CURVE('',#6417,(#6421,PARAMETER_VALUE(0.)),(#6422,
    PARAMETER_VALUE(1.032879387516E+03)),.T.,.PARAMETER.);
#6417 = LINE('',#6418,#6419);
#6418 = CARTESIAN_POINT('',(1.4E+04,-2.55E+03,5.356062E+03));
#6419 = VECTOR('',#6420,1.);
#6420 = DIRECTION('',(0.968167253686,0.,-0.250304152764));
#6421 = CARTESIAN_POINT('',(1.4E+04,-2.55E+03,5.356062E+03));
#6422 = CARTESIAN_POINT('',(1.5E+04,-2.55E+03,5.097528E+03));
#6423 = GEOMETRIC_CURVE_SET('',(#6424));
#6424 = TRIMMED_CURVE('',#6425,(#6429,PARAMETER_VALUE(0.)),(#6430,
    PARAMETER_VALUE(1.030480709807E+03)),.T.,.PARAMETER.);
#6425 = LINE('',#6426,#6427);
#6426 = CARTESIAN_POINT('',(1.5E+04,-2.55E+03,5.097528E+03));
#6427 = VECTOR('',#6428,1.);
#6428 = DIRECTION('',(0.970420882684,0.,-0.241419366352));
#6429 = CARTESIAN_POINT('',(1.5E+04,-2.55E+03,5.097528E+03));
#6430 = CARTESIAN_POINT('',(1.6E+04,-2.55E+03,4.84875E+03));
#6431 = GEOMETRIC_CURVE_SET('',(#6432));
#6432 = TRIMMED_CURVE('',#6433,(#6437,PARAMETER_VALUE(0.)),(#6438,
    PARAMETER_VALUE(1.028169011634E+03)),.T.,.PARAMETER.);
#6433 = LINE('',#6434,#6435);
#6434 = CARTESIAN_POINT('',(1.6E+04,-2.55E+03,4.84875E+03));
#6435 = VECTOR('',#6436,1.);
#6436 = DIRECTION('',(0.972602742044,0.,-0.232473452609));
#6437 = CARTESIAN_POINT('',(1.6E+04,-2.55E+03,4.84875E+03));
#6438 = CARTESIAN_POINT('',(1.7E+04,-2.55E+03,4.609728E+03));
#6439 = GEOMETRIC_CURVE_SET('',(#6440));
#6440 = TRIMMED_CURVE('',#6441,(#6445,PARAMETER_VALUE(0.)),(#6446,
    PARAMETER_VALUE(1.025944880954E+03)),.T.,.PARAMETER.);
#6441 = LINE('',#6442,#6443);
#6442 = CARTESIAN_POINT('',(1.7E+04,-2.55E+03,4.609728E+03));
#6443 = VECTOR('',#6444,1.);
#6444 = DIRECTION('',(0.974711233093,0.,-0.223468145566));
#6445 = CARTESIAN_POINT('',(1.7E+04,-2.55E+03,4.609728E+03));
#6446 = CARTESIAN_POINT('',(1.8E+04,-2.55E+03,4.380462E+03));
#6447 = GEOMETRIC_CURVE_SET('',(#6448));
#6448 = TRIMMED_CURVE('',#6449,(#6453,PARAMETER_VALUE(0.)),(#6454,
    PARAMETER_VALUE(1.023808888465E+03)),.T.,.PARAMETER.);
#6449 = LINE('',#6450,#6451);
#6450 = CARTESIAN_POINT('',(1.8E+04,-2.55E+03,4.380462E+03));
#6451 = VECTOR('',#6452,1.);
#6452 = DIRECTION('',(0.976744792184,0.,-0.214405249332));
#6453 = CARTESIAN_POINT('',(1.8E+04,-2.55E+03,4.380462E+03));
#6454 = CARTESIAN_POINT('',(1.9E+04,-2.55E+03,4.160952E+03));
#6455 = GEOMETRIC_CURVE_SET('',(#6456));
#6456 = TRIMMED_CURVE('',#6457,(#6461,PARAMETER_VALUE(0.)),(#6462,
    PARAMETER_VALUE(1.021761586925E+03)),.T.,.PARAMETER.);
#6457 = LINE('',#6458,#6459);
#6458 = CARTESIAN_POINT('',(1.9E+04,-2.55E+03,4.160952E+03));
#6459 = VECTOR('',#6460,1.);
#6460 = DIRECTION('',(0.978701893667,0.,-0.205286637004));
#6461 = CARTESIAN_POINT('',(1.9E+04,-2.55E+03,4.160952E+03));
#6462 = CARTESIAN_POINT('',(2.E+04,-2.55E+03,3.951198E+03));
#6463 = GEOMETRIC_CURVE_SET('',(#6464));
#6464 = TRIMMED_CURVE('',#6465,(#6469,PARAMETER_VALUE(0.)),(#6470,
    PARAMETER_VALUE(1.019803510488E+03)),.T.,.PARAMETER.);
#6465 = LINE('',#6466,#6467);
#6466 = CARTESIAN_POINT('',(2.E+04,-2.55E+03,3.951198E+03));
#6467 = VECTOR('',#6468,1.);
#6468 = DIRECTION('',(0.980581052836,0.,-0.196114249405));
#6469 = CARTESIAN_POINT('',(2.E+04,-2.55E+03,3.951198E+03));
#6470 = CARTESIAN_POINT('',(2.1E+04,-2.55E+03,3.7512E+03));
#6471 = GEOMETRIC_CURVE_SET('',(#6472));
#6472 = TRIMMED_CURVE('',#6473,(#6477,PARAMETER_VALUE(0.)),(#6478,
    PARAMETER_VALUE(1.017935174048E+03)),.T.,.PARAMETER.);
#6473 = LINE('',#6474,#6475);
#6474 = CARTESIAN_POINT('',(2.1E+04,-2.55E+03,3.7512E+03));
#6475 = VECTOR('',#6476,1.);
#6476 = DIRECTION('',(0.982380828853,0.,-0.186890093643));
#6477 = CARTESIAN_POINT('',(2.1E+04,-2.55E+03,3.7512E+03));
#6478 = CARTESIAN_POINT('',(2.2E+04,-2.55E+03,3.560958E+03));
#6479 = GEOMETRIC_CURVE_SET('',(#6480));
#6480 = TRIMMED_CURVE('',#6481,(#6485,PARAMETER_VALUE(0.)),(#6486,
    PARAMETER_VALUE(1.0161570726E+03)),.T.,.PARAMETER.);
#6481 = LINE('',#6482,#6483);
#6482 = CARTESIAN_POINT('',(2.2E+04,-2.55E+03,3.560958E+03));
#6483 = VECTOR('',#6484,1.);
#6484 = DIRECTION('',(0.984099827639,0.,-0.177616241491));
#6485 = CARTESIAN_POINT('',(2.2E+04,-2.55E+03,3.560958E+03));
#6486 = CARTESIAN_POINT('',(2.3E+04,-2.55E+03,3.380472E+03));
#6487 = GEOMETRIC_CURVE_SET('',(#6488));
#6488 = TRIMMED_CURVE('',#6489,(#6493,PARAMETER_VALUE(0.)),(#6494,
    PARAMETER_VALUE(1.014469680621E+03)),.T.,.PARAMETER.);
#6489 = LINE('',#6490,#6491);
#6490 = CARTESIAN_POINT('',(2.3E+04,-2.55E+03,3.380472E+03));
#6491 = VECTOR('',#6492,1.);
#6492 = DIRECTION('',(0.985736704706,0.,-0.168294827594));
#6493 = CARTESIAN_POINT('',(2.3E+04,-2.55E+03,3.380472E+03));
#6494 = CARTESIAN_POINT('',(2.4E+04,-2.55E+03,3.209742E+03));
#6495 = GEOMETRIC_CURVE_SET('',(#6496));
#6496 = TRIMMED_CURVE('',#6497,(#6501,PARAMETER_VALUE(0.)),(#6502,
    PARAMETER_VALUE(1.012873451462E+03)),.T.,.PARAMETER.);
#6497 = LINE('',#6498,#6499);
#6498 = CARTESIAN_POINT('',(2.4E+04,-2.55E+03,3.209742E+03));
#6499 = VECTOR('',#6500,1.);
#6500 = DIRECTION('',(0.987290167944,0.,-0.158928047495));
#6501 = CARTESIAN_POINT('',(2.4E+04,-2.55E+03,3.209742E+03));
#6502 = CARTESIAN_POINT('',(2.5E+04,-2.55E+03,3.048768E+03));
#6503 = GEOMETRIC_CURVE_SET('',(#6504));
#6504 = TRIMMED_CURVE('',#6505,(#6509,PARAMETER_VALUE(0.)),(#6510,
    PARAMETER_VALUE(1.011368816765E+03)),.T.,.PARAMETER.);
#6505 = LINE('',#6506,#6507);
#6506 = CARTESIAN_POINT('',(2.5E+04,-2.55E+03,3.048768E+03));
#6507 = VECTOR('',#6508,1.);
#6508 = DIRECTION('',(0.988758980328,0.,-0.149518155487));
#6509 = CARTESIAN_POINT('',(2.5E+04,-2.55E+03,3.048768E+03));
#6510 = CARTESIAN_POINT('',(2.6E+04,-2.55E+03,2.89755E+03));
#6511 = GEOMETRIC_CURVE_SET('',(#6512));
#6512 = TRIMMED_CURVE('',#6513,(#6517,PARAMETER_VALUE(0.)),(#6518,
    PARAMETER_VALUE(1.009956185903E+03)),.T.,.PARAMETER.);
#6513 = LINE('',#6514,#6515);
#6514 = CARTESIAN_POINT('',(2.6E+04,-2.55E+03,2.89755E+03));
#6515 = VECTOR('',#6516,1.);
#6516 = DIRECTION('',(0.99014196255,0.,-0.140067462306));
#6517 = CARTESIAN_POINT('',(2.6E+04,-2.55E+03,2.89755E+03));
#6518 = CARTESIAN_POINT('',(2.7E+04,-2.55E+03,2.756088E+03));
#6519 = GEOMETRIC_CURVE_SET('',(#6520));
#6520 = TRIMMED_CURVE('',#6521,(#6525,PARAMETER_VALUE(0.)),(#6526,
    PARAMETER_VALUE(1.008635945441E+03)),.T.,.PARAMETER.);
#6521 = LINE('',#6522,#6523);
#6522 = CARTESIAN_POINT('',(2.7E+04,-2.55E+03,2.756088E+03));
#6523 = VECTOR('',#6524,1.);
#6524 = DIRECTION('',(0.991437995562,0.,-0.130578332643));
#6525 = CARTESIAN_POINT('',(2.7E+04,-2.55E+03,2.756088E+03));
#6526 = CARTESIAN_POINT('',(2.8E+04,-2.55E+03,2.624382E+03));
#6527 = GEOMETRIC_CURVE_SET('',(#6528));
#6528 = TRIMMED_CURVE('',#6529,(#6533,PARAMETER_VALUE(0.)),(#6534,
    PARAMETER_VALUE(1.00740845862E+03)),.T.,.PARAMETER.);
#6529 = LINE('',#6530,#6531);
#6530 = CARTESIAN_POINT('',(2.8E+04,-2.55E+03,2.624382E+03));
#6531 = VECTOR('',#6532,1.);
#6532 = DIRECTION('',(0.992646023014,0.,-0.121053182507));
#6533 = CARTESIAN_POINT('',(2.8E+04,-2.55E+03,2.624382E+03));
#6534 = CARTESIAN_POINT('',(2.9E+04,-2.55E+03,2.502432E+03));
#6535 = GEOMETRIC_CURVE_SET('',(#6536));
#6536 = TRIMMED_CURVE('',#6537,(#6541,PARAMETER_VALUE(0.)),(#6542,
    PARAMETER_VALUE(1.006274064873E+03)),.T.,.PARAMETER.);
#6537 = LINE('',#6538,#6539);
#6538 = CARTESIAN_POINT('',(2.9E+04,-2.55E+03,2.502432E+03));
#6539 = VECTOR('',#6540,1.);
#6540 = DIRECTION('',(0.993765053585,0.,-0.111494476422));
#6541 = CARTESIAN_POINT('',(2.9E+04,-2.55E+03,2.502432E+03));
#6542 = CARTESIAN_POINT('',(3.E+04,-2.55E+03,2.390238E+03));
#6543 = GEOMETRIC_CURVE_SET('',(#6544));
#6544 = TRIMMED_CURVE('',#6545,(#6549,PARAMETER_VALUE(0.)),(#6550,
    PARAMETER_VALUE(1.005233079362E+03)),.T.,.PARAMETER.);
#6545 = LINE('',#6546,#6547);
#6546 = CARTESIAN_POINT('',(3.E+04,-2.55E+03,2.390238E+03));
#6547 = VECTOR('',#6548,1.);
#6548 = DIRECTION('',(0.994794163195,0.,-0.101904724489));
#6549 = CARTESIAN_POINT('',(3.E+04,-2.55E+03,2.390238E+03));
#6550 = CARTESIAN_POINT('',(3.1E+04,-2.55E+03,2.2878E+03));
#6551 = GEOMETRIC_CURVE_SET('',(#6552));
#6552 = TRIMMED_CURVE('',#6553,(#6557,PARAMETER_VALUE(0.)),(#6558,
    PARAMETER_VALUE(1.004285792553E+03)),.T.,.PARAMETER.);
#6553 = LINE('',#6554,#6555);
#6554 = CARTESIAN_POINT('',(3.1E+04,-2.55E+03,2.2878E+03));
#6555 = VECTOR('',#6556,1.);
#6556 = DIRECTION('',(0.995732497079,0.,-9.228647929429E-02));
#6557 = CARTESIAN_POINT('',(3.1E+04,-2.55E+03,2.2878E+03));
#6558 = CARTESIAN_POINT('',(3.2E+04,-2.55E+03,2.195118E+03));
#6559 = GEOMETRIC_CURVE_SET('',(#6560));
#6560 = TRIMMED_CURVE('',#6561,(#6565,PARAMETER_VALUE(0.)),(#6566,
    PARAMETER_VALUE(1.003432469813E+03)),.T.,.PARAMETER.);
#6561 = LINE('',#6562,#6563);
#6562 = CARTESIAN_POINT('',(3.2E+04,-2.55E+03,2.195118E+03));
#6563 = VECTOR('',#6564,1.);
#6564 = DIRECTION('',(0.996579271733,0.,-8.264233268773E-02));
#6565 = CARTESIAN_POINT('',(3.2E+04,-2.55E+03,2.195118E+03));
#6566 = CARTESIAN_POINT('',(3.3E+04,-2.55E+03,2.112192E+03));
#6567 = GEOMETRIC_CURVE_SET('',(#6568));
#6568 = TRIMMED_CURVE('',#6569,(#6573,PARAMETER_VALUE(0.)),(#6574,
    PARAMETER_VALUE(1.002673351047E+03)),.T.,.PARAMETER.);
#6569 = LINE('',#6570,#6571);
#6570 = CARTESIAN_POINT('',(3.3E+04,-2.55E+03,2.112192E+03));
#6571 = VECTOR('',#6572,1.);
#6572 = DIRECTION('',(0.997333776704,0.,-7.297491244141E-02));
#6573 = CARTESIAN_POINT('',(3.3E+04,-2.55E+03,2.112192E+03));
#6574 = CARTESIAN_POINT('',(3.4E+04,-2.55E+03,2.039022E+03));
#6575 = GEOMETRIC_CURVE_SET('',(#6576));
#6576 = TRIMMED_CURVE('',#6577,(#6581,PARAMETER_VALUE(0.)),(#6582,
    PARAMETER_VALUE(1.00200865036E+03)),.T.,.PARAMETER.);
#6577 = LINE('',#6578,#6579);
#6578 = CARTESIAN_POINT('',(3.4E+04,-2.55E+03,2.039022E+03));
#6579 = VECTOR('',#6580,1.);
#6580 = DIRECTION('',(0.997995376228,0.,-6.328687878815E-02));
#6581 = CARTESIAN_POINT('',(3.4E+04,-2.55E+03,2.039022E+03));
#6582 = CARTESIAN_POINT('',(3.5E+04,-2.55E+03,1.975608E+03));
#6583 = GEOMETRIC_CURVE_SET('',(#6584));
#6584 = TRIMMED_CURVE('',#6585,(#6589,PARAMETER_VALUE(0.)),(#6590,
    PARAMETER_VALUE(1.001438555761E+03)),.T.,.PARAMETER.);
#6585 = LINE('',#6586,#6587);
#6586 = CARTESIAN_POINT('',(3.5E+04,-2.55E+03,1.975608E+03));
#6587 = VECTOR('',#6588,1.);
#6588 = DIRECTION('',(0.998563510709,0.,-5.358092085764E-02));
#6589 = CARTESIAN_POINT('',(3.5E+04,-2.55E+03,1.975608E+03));
#6590 = CARTESIAN_POINT('',(3.6E+04,-2.55E+03,1.92195E+03));
#6591 = GEOMETRIC_CURVE_SET('',(#6592));
#6592 = TRIMMED_CURVE('',#6593,(#6597,PARAMETER_VALUE(0.)),(#6598,
    PARAMETER_VALUE(1.000963228897E+03)),.T.,.PARAMETER.);
#6593 = LINE('',#6594,#6595);
#6594 = CARTESIAN_POINT('',(3.6E+04,-2.55E+03,1.92195E+03));
#6595 = VECTOR('',#6596,1.);
#6596 = DIRECTION('',(0.99903769802,0.,-4.385975301848E-02));
#6597 = CARTESIAN_POINT('',(3.6E+04,-2.55E+03,1.92195E+03));
#6598 = CARTESIAN_POINT('',(3.7E+04,-2.55E+03,1.878048E+03));
#6599 = GEOMETRIC_CURVE_SET('',(#6600));
#6600 = TRIMMED_CURVE('',#6601,(#6605,PARAMETER_VALUE(0.)),(#6606,
    PARAMETER_VALUE(1.000582804827E+03)),.T.,.PARAMETER.);
#6601 = LINE('',#6602,#6603);
#6602 = CARTESIAN_POINT('',(3.7E+04,-2.55E+03,1.878048E+03));
#6603 = VECTOR('',#6604,1.);
#6604 = DIRECTION('',(0.999417534636,0.,-3.412611113769E-02));
#6605 = CARTESIAN_POINT('',(3.7E+04,-2.55E+03,1.878048E+03));
#6606 = CARTESIAN_POINT('',(3.8E+04,-2.55E+03,1.843902E+03));
#6607 = GEOMETRIC_CURVE_SET('',(#6608));
#6608 = TRIMMED_CURVE('',#6609,(#6613,PARAMETER_VALUE(0.)),(#6614,
    PARAMETER_VALUE(1.000297391829E+03)),.T.,.PARAMETER.);
#6609 = LINE('',#6610,#6611);
#6610 = CARTESIAN_POINT('',(3.8E+04,-2.55E+03,1.843902E+03));
#6611 = VECTOR('',#6612,1.);
#6612 = DIRECTION('',(0.999702696587,0.,-2.438274876975E-02));
#6613 = CARTESIAN_POINT('',(3.8E+04,-2.55E+03,1.843902E+03));
#6614 = CARTESIAN_POINT('',(3.9E+04,-2.55E+03,1.819512E+03));
#6615 = GEOMETRIC_CURVE_SET('',(#6616));
#6616 = TRIMMED_CURVE('',#6617,(#6621,PARAMETER_VALUE(0.)),(#6622,
    PARAMETER_VALUE(1.000107071246E+03)),.T.,.PARAMETER.);
#6617 = LINE('',#6618,#6619);
#6618 = CARTESIAN_POINT('',(3.9E+04,-2.55E+03,1.819512E+03));
#6619 = VECTOR('',#6620,1.);
#6620 = DIRECTION('',(0.999892940217,0.,-1.463243328714E-02));
#6621 = CARTESIAN_POINT('',(3.9E+04,-2.55E+03,1.819512E+03));
#6622 = CARTESIAN_POINT('',(4.E+04,-2.55E+03,1.804878E+03));
#6623 = GEOMETRIC_CURVE_SET('',(#6624));
#6624 = TRIMMED_CURVE('',#6625,(#6629,PARAMETER_VALUE(0.)),(#6630,
    PARAMETER_VALUE(1.000011897371E+03)),.T.,.PARAMETER.);
#6625 = LINE('',#6626,#6627);
#6626 = CARTESIAN_POINT('',(4.E+04,-2.55E+03,1.804878E+03));
#6627 = VECTOR('',#6628,1.);
#6628 = DIRECTION('',(0.99998810277,0.,-4.877941965314E-03));
#6629 = CARTESIAN_POINT('',(4.E+04,-2.55E+03,1.804878E+03));
#6630 = CARTESIAN_POINT('',(4.1E+04,-2.55E+03,1.8E+03));
#6631 = GEOMETRIC_CURVE_SET('',(#6632));
#6632 = TRIMMED_CURVE('',#6633,(#6637,PARAMETER_VALUE(0.)),(#6638,
    PARAMETER_VALUE(1.000011897371E+03)),.T.,.PARAMETER.);
#6633 = LINE('',#6634,#6635);
#6634 = CARTESIAN_POINT('',(4.1E+04,-2.55E+03,1.8E+03));
#6635 = VECTOR('',#6636,1.);
#6636 = DIRECTION('',(0.99998810277,0.,4.877941965314E-03));
#6637 = CARTESIAN_POINT('',(4.1E+04,-2.55E+03,1.8E+03));
#6638 = CARTESIAN_POINT('',(4.2E+04,-2.55E+03,1.804878E+03));
#6639 = GEOMETRIC_CURVE_SET('',(#6640));
#6640 = TRIMMED_CURVE('',#6641,(#6645,PARAMETER_VALUE(0.)),(#6646,
    PARAMETER_VALUE(1.000107071246E+03)),.T.,.PARAMETER.);
#6641 = LINE('',#6642,#6643);
#6642 = CARTESIAN_POINT('',(4.2E+04,-2.55E+03,1.804878E+03));
#6643 = VECTOR('',#6644,1.);
#6644 = DIRECTION('',(0.999892940217,0.,1.463243328714E-02));
#6645 = CARTESIAN_POINT('',(4.2E+04,-2.55E+03,1.804878E+03));
#6646 = CARTESIAN_POINT('',(4.3E+04,-2.55E+03,1.819512E+03));
#6647 = GEOMETRIC_CURVE_SET('',(#6648));
#6648 = TRIMMED_CURVE('',#6649,(#6653,PARAMETER_VALUE(0.)),(#6654,
    PARAMETER_VALUE(1.000297391829E+03)),.T.,.PARAMETER.);
#6649 = LINE('',#6650,#6651);
#6650 = CARTESIAN_POINT('',(4.3E+04,-2.55E+03,1.819512E+03));
#6651 = VECTOR('',#6652,1.);
#6652 = DIRECTION('',(0.999702696587,0.,2.438274876975E-02));
#6653 = CARTESIAN_POINT('',(4.3E+04,-2.55E+03,1.819512E+03));
#6654 = CARTESIAN_POINT('',(4.4E+04,-2.55E+03,1.843902E+03));
#6655 = GEOMETRIC_CURVE_SET('',(#6656));
#6656 = TRIMMED_CURVE('',#6657,(#6661,PARAMETER_VALUE(0.)),(#6662,
    PARAMETER_VALUE(1.000582804827E+03)),.T.,.PARAMETER.);
#6657 = LINE('',#6658,#6659);
#6658 = CARTESIAN_POINT('',(4.4E+04,-2.55E+03,1.843902E+03));
#6659 = VECTOR('',#6660,1.);
#6660 = DIRECTION('',(0.999417534636,0.,3.412611113769E-02));
#6661 = CARTESIAN_POINT('',(4.4E+04,-2.55E+03,1.843902E+03));
#6662 = CARTESIAN_POINT('',(4.5E+04,-2.55E+03,1.878048E+03));
#6663 = GEOMETRIC_CURVE_SET('',(#6664));
#6664 = TRIMMED_CURVE('',#6665,(#6669,PARAMETER_VALUE(0.)),(#6670,
    PARAMETER_VALUE(1.000963228897E+03)),.T.,.PARAMETER.);
#6665 = LINE('',#6666,#6667);
#6666 = CARTESIAN_POINT('',(4.5E+04,-2.55E+03,1.878048E+03));
#6667 = VECTOR('',#6668,1.);
#6668 = DIRECTION('',(0.99903769802,0.,4.385975301848E-02));
#6669 = CARTESIAN_POINT('',(4.5E+04,-2.55E+03,1.878048E+03));
#6670 = CARTESIAN_POINT('',(4.6E+04,-2.55E+03,1.92195E+03));
#6671 = GEOMETRIC_CURVE_SET('',(#6672));
#6672 = TRIMMED_CURVE('',#6673,(#6677,PARAMETER_VALUE(0.)),(#6678,
    PARAMETER_VALUE(1.001438555761E+03)),.T.,.PARAMETER.);
#6673 = LINE('',#6674,#6675);
#6674 = CARTESIAN_POINT('',(4.6E+04,-2.55E+03,1.92195E+03));
#6675 = VECTOR('',#6676,1.);
#6676 = DIRECTION('',(0.998563510709,0.,5.358092085764E-02));
#6677 = CARTESIAN_POINT('',(4.6E+04,-2.55E+03,1.92195E+03));
#6678 = CARTESIAN_POINT('',(4.7E+04,-2.55E+03,1.975608E+03));
#6679 = GEOMETRIC_CURVE_SET('',(#6680));
#6680 = TRIMMED_CURVE('',#6681,(#6685,PARAMETER_VALUE(0.)),(#6686,
    PARAMETER_VALUE(1.00200865036E+03)),.T.,.PARAMETER.);
#6681 = LINE('',#6682,#6683);
#6682 = CARTESIAN_POINT('',(4.7E+04,-2.55E+03,1.975608E+03));
#6683 = VECTOR('',#6684,1.);
#6684 = DIRECTION('',(0.997995376228,0.,6.328687878815E-02));
#6685 = CARTESIAN_POINT('',(4.7E+04,-2.55E+03,1.975608E+03));
#6686 = CARTESIAN_POINT('',(4.8E+04,-2.55E+03,2.039022E+03));
#6687 = GEOMETRIC_CURVE_SET('',(#6688));
#6688 = TRIMMED_CURVE('',#6689,(#6693,PARAMETER_VALUE(0.)),(#6694,
    PARAMETER_VALUE(1.002673351047E+03)),.T.,.PARAMETER.);
#6689 = LINE('',#6690,#6691);
#6690 = CARTESIAN_POINT('',(4.8E+04,-2.55E+03,2.039022E+03));
#6691 = VECTOR('',#6692,1.);
#6692 = DIRECTION('',(0.997333776704,0.,7.297491244141E-02));
#6693 = CARTESIAN_POINT('',(4.8E+04,-2.55E+03,2.039022E+03));
#6694 = CARTESIAN_POINT('',(4.9E+04,-2.55E+03,2.112192E+03));
#6695 = GEOMETRIC_CURVE_SET('',(#6696));
#6696 = TRIMMED_CURVE('',#6697,(#6701,PARAMETER_VALUE(0.)),(#6702,
    PARAMETER_VALUE(1.003432469813E+03)),.T.,.PARAMETER.);
#6697 = LINE('',#6698,#6699);
#6698 = CARTESIAN_POINT('',(4.9E+04,-2.55E+03,2.112192E+03));
#6699 = VECTOR('',#6700,1.);
#6700 = DIRECTION('',(0.996579271733,0.,8.264233268773E-02));
#6701 = CARTESIAN_POINT('',(4.9E+04,-2.55E+03,2.112192E+03));
#6702 = CARTESIAN_POINT('',(5.E+04,-2.55E+03,2.195118E+03));
#6703 = GEOMETRIC_CURVE_SET('',(#6704));
#6704 = TRIMMED_CURVE('',#6705,(#6709,PARAMETER_VALUE(0.)),(#6710,
    PARAMETER_VALUE(1.004285792553E+03)),.T.,.PARAMETER.);
#6705 = LINE('',#6706,#6707);
#6706 = CARTESIAN_POINT('',(5.E+04,-2.55E+03,2.195118E+03));
#6707 = VECTOR('',#6708,1.);
#6708 = DIRECTION('',(0.995732497079,0.,9.228647929429E-02));
#6709 = CARTESIAN_POINT('',(5.E+04,-2.55E+03,2.195118E+03));
#6710 = CARTESIAN_POINT('',(5.1E+04,-2.55E+03,2.2878E+03));
#6711 = GEOMETRIC_CURVE_SET('',(#6712));
#6712 = TRIMMED_CURVE('',#6713,(#6717,PARAMETER_VALUE(0.)),(#6718,
    PARAMETER_VALUE(1.005233079362E+03)),.T.,.PARAMETER.);
#6713 = LINE('',#6714,#6715);
#6714 = CARTESIAN_POINT('',(5.1E+04,-2.55E+03,2.2878E+03));
#6715 = VECTOR('',#6716,1.);
#6716 = DIRECTION('',(0.994794163195,0.,0.101904724489));
#6717 = CARTESIAN_POINT('',(5.1E+04,-2.55E+03,2.2878E+03));
#6718 = CARTESIAN_POINT('',(5.2E+04,-2.55E+03,2.390238E+03));
#6719 = GEOMETRIC_CURVE_SET('',(#6720));
#6720 = TRIMMED_CURVE('',#6721,(#6725,PARAMETER_VALUE(0.)),(#6726,
    PARAMETER_VALUE(1.006274064873E+03)),.T.,.PARAMETER.);
#6721 = LINE('',#6722,#6723);
#6722 = CARTESIAN_POINT('',(5.2E+04,-2.55E+03,2.390238E+03));
#6723 = VECTOR('',#6724,1.);
#6724 = DIRECTION('',(0.993765053585,0.,0.111494476422));
#6725 = CARTESIAN_POINT('',(5.2E+04,-2.55E+03,2.390238E+03));
#6726 = CARTESIAN_POINT('',(5.3E+04,-2.55E+03,2.502432E+03));
#6727 = GEOMETRIC_CURVE_SET('',(#6728));
#6728 = TRIMMED_CURVE('',#6729,(#6733,PARAMETER_VALUE(0.)),(#6734,
    PARAMETER_VALUE(1.00740845862E+03)),.T.,.PARAMETER.);
#6729 = LINE('',#6730,#6731);
#6730 = CARTESIAN_POINT('',(5.3E+04,-2.55E+03,2.502432E+03));
#6731 = VECTOR('',#6732,1.);
#6732 = DIRECTION('',(0.992646023014,0.,0.121053182507));
#6733 = CARTESIAN_POINT('',(5.3E+04,-2.55E+03,2.502432E+03));
#6734 = CARTESIAN_POINT('',(5.4E+04,-2.55E+03,2.624382E+03));
#6735 = GEOMETRIC_CURVE_SET('',(#6736));
#6736 = TRIMMED_CURVE('',#6737,(#6741,PARAMETER_VALUE(0.)),(#6742,
    PARAMETER_VALUE(1.008635945441E+03)),.T.,.PARAMETER.);
#6737 = LINE('',#6738,#6739);
#6738 = CARTESIAN_POINT('',(5.4E+04,-2.55E+03,2.624382E+03));
#6739 = VECTOR('',#6740,1.);
#6740 = DIRECTION('',(0.991437995562,0.,0.130578332643));
#6741 = CARTESIAN_POINT('',(5.4E+04,-2.55E+03,2.624382E+03));
#6742 = CARTESIAN_POINT('',(5.5E+04,-2.55E+03,2.756088E+03));
#6743 = GEOMETRIC_CURVE_SET('',(#6744));
#6744 = TRIMMED_CURVE('',#6745,(#6749,PARAMETER_VALUE(0.)),(#6750,
    PARAMETER_VALUE(1.009956185903E+03)),.T.,.PARAMETER.);
#6745 = LINE('',#6746,#6747);
#6746 = CARTESIAN_POINT('',(5.5E+04,-2.55E+03,2.756088E+03));
#6747 = VECTOR('',#6748,1.);
#6748 = DIRECTION('',(0.99014196255,0.,0.140067462306));
#6749 = CARTESIAN_POINT('',(5.5E+04,-2.55E+03,2.756088E+03));
#6750 = CARTESIAN_POINT('',(5.6E+04,-2.55E+03,2.89755E+03));
#6751 = GEOMETRIC_CURVE_SET('',(#6752));
#6752 = TRIMMED_CURVE('',#6753,(#6757,PARAMETER_VALUE(0.)),(#6758,
    PARAMETER_VALUE(1.011368816765E+03)),.T.,.PARAMETER.);
#6753 = LINE('',#6754,#6755);
#6754 = CARTESIAN_POINT('',(5.6E+04,-2.55E+03,2.89755E+03));
#6755 = VECTOR('',#6756,1.);
#6756 = DIRECTION('',(0.988758980328,0.,0.149518155487));
#6757 = CARTESIAN_POINT('',(5.6E+04,-2.55E+03,2.89755E+03));
#6758 = CARTESIAN_POINT('',(5.7E+04,-2.55E+03,3.048768E+03));
#6759 = GEOMETRIC_CURVE_SET('',(#6760));
#6760 = TRIMMED_CURVE('',#6761,(#6765,PARAMETER_VALUE(0.)),(#6766,
    PARAMETER_VALUE(1.012873451462E+03)),.T.,.PARAMETER.);
#6761 = LINE('',#6762,#6763);
#6762 = CARTESIAN_POINT('',(5.7E+04,-2.55E+03,3.048768E+03));
#6763 = VECTOR('',#6764,1.);
#6764 = DIRECTION('',(0.987290167944,0.,0.158928047495));
#6765 = CARTESIAN_POINT('',(5.7E+04,-2.55E+03,3.048768E+03));
#6766 = CARTESIAN_POINT('',(5.8E+04,-2.55E+03,3.209742E+03));
#6767 = GEOMETRIC_CURVE_SET('',(#6768));
#6768 = TRIMMED_CURVE('',#6769,(#6773,PARAMETER_VALUE(0.)),(#6774,
    PARAMETER_VALUE(1.014469680621E+03)),.T.,.PARAMETER.);
#6769 = LINE('',#6770,#6771);
#6770 = CARTESIAN_POINT('',(5.8E+04,-2.55E+03,3.209742E+03));
#6771 = VECTOR('',#6772,1.);
#6772 = DIRECTION('',(0.985736704706,0.,0.168294827594));
#6773 = CARTESIAN_POINT('',(5.8E+04,-2.55E+03,3.209742E+03));
#6774 = CARTESIAN_POINT('',(5.9E+04,-2.55E+03,3.380472E+03));
#6775 = GEOMETRIC_CURVE_SET('',(#6776));
#6776 = TRIMMED_CURVE('',#6777,(#6781,PARAMETER_VALUE(0.)),(#6782,
    PARAMETER_VALUE(1.0161570726E+03)),.T.,.PARAMETER.);
#6777 = LINE('',#6778,#6779);
#6778 = CARTESIAN_POINT('',(5.9E+04,-2.55E+03,3.380472E+03));
#6779 = VECTOR('',#6780,1.);
#6780 = DIRECTION('',(0.984099827639,0.,0.177616241491));
#6781 = CARTESIAN_POINT('',(5.9E+04,-2.55E+03,3.380472E+03));
#6782 = CARTESIAN_POINT('',(6.E+04,-2.55E+03,3.560958E+03));
#6783 = GEOMETRIC_CURVE_SET('',(#6784));
#6784 = TRIMMED_CURVE('',#6785,(#6789,PARAMETER_VALUE(0.)),(#6790,
    PARAMETER_VALUE(1.017935174048E+03)),.T.,.PARAMETER.);
#6785 = LINE('',#6786,#6787);
#6786 = CARTESIAN_POINT('',(6.E+04,-2.55E+03,3.560958E+03));
#6787 = VECTOR('',#6788,1.);
#6788 = DIRECTION('',(0.982380828853,0.,0.186890093643));
#6789 = CARTESIAN_POINT('',(6.E+04,-2.55E+03,3.560958E+03));
#6790 = CARTESIAN_POINT('',(6.1E+04,-2.55E+03,3.7512E+03));
#6791 = GEOMETRIC_CURVE_SET('',(#6792));
#6792 = TRIMMED_CURVE('',#6793,(#6797,PARAMETER_VALUE(0.)),(#6798,
    PARAMETER_VALUE(1.019803510488E+03)),.T.,.PARAMETER.);
#6793 = LINE('',#6794,#6795);
#6794 = CARTESIAN_POINT('',(6.1E+04,-2.55E+03,3.7512E+03));
#6795 = VECTOR('',#6796,1.);
#6796 = DIRECTION('',(0.980581052836,0.,0.196114249405));
#6797 = CARTESIAN_POINT('',(6.1E+04,-2.55E+03,3.7512E+03));
#6798 = CARTESIAN_POINT('',(6.2E+04,-2.55E+03,3.951198E+03));
#6799 = GEOMETRIC_CURVE_SET('',(#6800));
#6800 = TRIMMED_CURVE('',#6801,(#6805,PARAMETER_VALUE(0.)),(#6806,
    PARAMETER_VALUE(1.021761586925E+03)),.T.,.PARAMETER.);
#6801 = LINE('',#6802,#6803);
#6802 = CARTESIAN_POINT('',(6.2E+04,-2.55E+03,3.951198E+03));
#6803 = VECTOR('',#6804,1.);
#6804 = DIRECTION('',(0.978701893667,0.,0.205286637004));
#6805 = CARTESIAN_POINT('',(6.2E+04,-2.55E+03,3.951198E+03));
#6806 = CARTESIAN_POINT('',(6.3E+04,-2.55E+03,4.160952E+03));
#6807 = GEOMETRIC_CURVE_SET('',(#6808));
#6808 = TRIMMED_CURVE('',#6809,(#6813,PARAMETER_VALUE(0.)),(#6814,
    PARAMETER_VALUE(1.023808888465E+03)),.T.,.PARAMETER.);
#6809 = LINE('',#6810,#6811);
#6810 = CARTESIAN_POINT('',(6.3E+04,-2.55E+03,4.160952E+03));
#6811 = VECTOR('',#6812,1.);
#6812 = DIRECTION('',(0.976744792184,0.,0.214405249332));
#6813 = CARTESIAN_POINT('',(6.3E+04,-2.55E+03,4.160952E+03));
#6814 = CARTESIAN_POINT('',(6.4E+04,-2.55E+03,4.380462E+03));
#6815 = GEOMETRIC_CURVE_SET('',(#6816));
#6816 = TRIMMED_CURVE('',#6817,(#6821,PARAMETER_VALUE(0.)),(#6822,
    PARAMETER_VALUE(1.025944880954E+03)),.T.,.PARAMETER.);
#6817 = LINE('',#6818,#6819);
#6818 = CARTESIAN_POINT('',(6.4E+04,-2.55E+03,4.380462E+03));
#6819 = VECTOR('',#6820,1.);
#6820 = DIRECTION('',(0.974711233093,0.,0.223468145566));
#6821 = CARTESIAN_POINT('',(6.4E+04,-2.55E+03,4.380462E+03));
#6822 = CARTESIAN_POINT('',(6.5E+04,-2.55E+03,4.609728E+03));
#6823 = GEOMETRIC_CURVE_SET('',(#6824));
#6824 = TRIMMED_CURVE('',#6825,(#6829,PARAMETER_VALUE(0.)),(#6830,
    PARAMETER_VALUE(1.028169011634E+03)),.T.,.PARAMETER.);
#6825 = LINE('',#6826,#6827);
#6826 = CARTESIAN_POINT('',(6.5E+04,-2.55E+03,4.609728E+03));
#6827 = VECTOR('',#6828,1.);
#6828 = DIRECTION('',(0.972602742044,0.,0.232473452609));
#6829 = CARTESIAN_POINT('',(6.5E+04,-2.55E+03,4.609728E+03));
#6830 = CARTESIAN_POINT('',(6.6E+04,-2.55E+03,4.84875E+03));
#6831 = GEOMETRIC_CURVE_SET('',(#6832));
#6832 = TRIMMED_CURVE('',#6833,(#6837,PARAMETER_VALUE(0.)),(#6838,
    PARAMETER_VALUE(1.030480709807E+03)),.T.,.PARAMETER.);
#6833 = LINE('',#6834,#6835);
#6834 = CARTESIAN_POINT('',(6.6E+04,-2.55E+03,4.84875E+03));
#6835 = VECTOR('',#6836,1.);
#6836 = DIRECTION('',(0.970420882684,0.,0.241419366352));
#6837 = CARTESIAN_POINT('',(6.6E+04,-2.55E+03,4.84875E+03));
#6838 = CARTESIAN_POINT('',(6.7E+04,-2.55E+03,5.097528E+03));
#6839 = GEOMETRIC_CURVE_SET('',(#6840));
#6840 = TRIMMED_CURVE('',#6841,(#6845,PARAMETER_VALUE(0.)),(#6846,
    PARAMETER_VALUE(1.032879387516E+03)),.T.,.PARAMETER.);
#6841 = LINE('',#6842,#6843);
#6842 = CARTESIAN_POINT('',(6.7E+04,-2.55E+03,5.097528E+03));
#6843 = VECTOR('',#6844,1.);
#6844 = DIRECTION('',(0.968167253686,0.,0.250304152764));
#6845 = CARTESIAN_POINT('',(6.7E+04,-2.55E+03,5.097528E+03));
#6846 = CARTESIAN_POINT('',(6.8E+04,-2.55E+03,5.356062E+03));
#6847 = GEOMETRIC_CURVE_SET('',(#6848));
#6848 = TRIMMED_CURVE('',#6849,(#6853,PARAMETER_VALUE(0.)),(#6854,
    PARAMETER_VALUE(1.035364440233E+03)),.T.,.PARAMETER.);
#6849 = LINE('',#6850,#6851);
#6850 = CARTESIAN_POINT('',(6.8E+04,-2.55E+03,5.356062E+03));
#6851 = VECTOR('',#6852,1.);
#6852 = DIRECTION('',(0.965843485772,0.,0.259126148798));
#6853 = CARTESIAN_POINT('',(6.8E+04,-2.55E+03,5.356062E+03));
#6854 = CARTESIAN_POINT('',(6.9E+04,-2.55E+03,5.624352E+03));
#6855 = GEOMETRIC_CURVE_SET('',(#6856));
#6856 = TRIMMED_CURVE('',#6857,(#6861,PARAMETER_VALUE(0.)),(#6862,
    PARAMETER_VALUE(1.037935247554E+03)),.T.,.PARAMETER.);
#6857 = LINE('',#6858,#6859);
#6858 = CARTESIAN_POINT('',(6.9E+04,-2.55E+03,5.624352E+03));
#6859 = VECTOR('',#6860,1.);
#6860 = DIRECTION('',(0.963451238751,0.,0.26788376313));
#6861 = CARTESIAN_POINT('',(6.9E+04,-2.55E+03,5.624352E+03));
#6862 = CARTESIAN_POINT('',(7.E+04,-2.55E+03,5.902398E+03));
#6863 = GEOMETRIC_CURVE_SET('',(#6864));
#6864 = TRIMMED_CURVE('',#6865,(#6869,PARAMETER_VALUE(0.)),(#6870,
    PARAMETER_VALUE(1.040591173903E+03)),.T.,.PARAMETER.);
#6865 = LINE('',#6866,#6867);
#6866 = CARTESIAN_POINT('',(7.E+04,-2.55E+03,5.902398E+03));
#6867 = VECTOR('',#6868,1.);
#6868 = DIRECTION('',(0.96099219855,0.,0.276575476727));
#6869 = CARTESIAN_POINT('',(7.E+04,-2.55E+03,5.902398E+03));
#6870 = CARTESIAN_POINT('',(7.1E+04,-2.55E+03,6.1902E+03));
#6871 = GEOMETRIC_CURVE_SET('',(#6872));
#6872 = TRIMMED_CURVE('',#6873,(#6877,PARAMETER_VALUE(0.)),(#6878,
    PARAMETER_VALUE(1.043331569236E+03)),.T.,.PARAMETER.);
#6873 = LINE('',#6874,#6875);
#6874 = CARTESIAN_POINT('',(7.1E+04,-2.55E+03,6.1902E+03));
#6875 = VECTOR('',#6876,1.);
#6876 = DIRECTION('',(0.958468074279,0.,0.285199843246));
#6877 = CARTESIAN_POINT('',(7.1E+04,-2.55E+03,6.1902E+03));
#6878 = CARTESIAN_POINT('',(7.2E+04,-2.55E+03,6.487758E+03));
#6879 = GEOMETRIC_CURVE_SET('',(#6880));
#6880 = TRIMMED_CURVE('',#6881,(#6885,PARAMETER_VALUE(0.)),(#6886,
    PARAMETER_VALUE(1.046155769757E+03)),.T.,.PARAMETER.);
#6881 = LINE('',#6882,#6883);
#6882 = CARTESIAN_POINT('',(7.2E+04,-2.55E+03,6.487758E+03));
#6883 = VECTOR('',#6884,1.);
#6884 = DIRECTION('',(0.955880595327,0.,0.293755489272));
#6885 = CARTESIAN_POINT('',(7.2E+04,-2.55E+03,6.487758E+03));
#6886 = CARTESIAN_POINT('',(7.3E+04,-2.55E+03,6.795072E+03));
#6887 = GEOMETRIC_CURVE_SET('',(#6888));
#6888 = TRIMMED_CURVE('',#6889,(#6893,PARAMETER_VALUE(0.)),(#6894,
    PARAMETER_VALUE(1.049063098627E+03)),.T.,.PARAMETER.);
#6889 = LINE('',#6890,#6891);
#6890 = CARTESIAN_POINT('',(7.3E+04,-2.55E+03,6.795072E+03));
#6891 = VECTOR('',#6892,1.);
#6892 = DIRECTION('',(0.953231508485,0.,0.302241114395));
#6893 = CARTESIAN_POINT('',(7.3E+04,-2.55E+03,6.795072E+03));
#6894 = CARTESIAN_POINT('',(7.4E+04,-2.55E+03,7.112142E+03));
#6895 = GEOMETRIC_CURVE_SET('',(#6896));
#6896 = TRIMMED_CURVE('',#6897,(#6901,PARAMETER_VALUE(0.)),(#6902,
    PARAMETER_VALUE(1.052052866674E+03)),.T.,.PARAMETER.);
#6897 = LINE('',#6898,#6899);
#6898 = CARTESIAN_POINT('',(7.4E+04,-2.55E+03,7.112142E+03));
#6899 = VECTOR('',#6900,1.);
#6900 = DIRECTION('',(0.950522575127,0.,0.310655491138));
#6901 = CARTESIAN_POINT('',(7.4E+04,-2.55E+03,7.112142E+03));
#6902 = CARTESIAN_POINT('',(7.5E+04,-2.55E+03,7.438968E+03));
#6903 = GEOMETRIC_CURVE_SET('',(#6904));
#6904 = TRIMMED_CURVE('',#6905,(#6909,PARAMETER_VALUE(0.)),(#6910,
    PARAMETER_VALUE(1.055124373107E+03)),.T.,.PARAMETER.);
#6905 = LINE('',#6906,#6907);
#6906 = CARTESIAN_POINT('',(7.5E+04,-2.55E+03,7.438968E+03));
#6907 = VECTOR('',#6908,1.);
#6908 = DIRECTION('',(0.947755568432,0.,0.318997464734));
#6909 = CARTESIAN_POINT('',(7.5E+04,-2.55E+03,7.438968E+03));
#6910 = CARTESIAN_POINT('',(7.6E+04,-2.55E+03,7.77555E+03));
#6911 = GEOMETRIC_CURVE_SET('',(#6912));
#6912 = TRIMMED_CURVE('',#6913,(#6917,PARAMETER_VALUE(0.)),(#6918,
    PARAMETER_VALUE(1.058276906223E+03)),.T.,.PARAMETER.);
#6913 = LINE('',#6914,#6915);
#6914 = CARTESIAN_POINT('',(7.6E+04,-2.55E+03,7.77555E+03));
#6915 = VECTOR('',#6916,1.);
#6916 = DIRECTION('',(0.944932270675,0.,0.327265952761));
#6917 = CARTESIAN_POINT('',(7.6E+04,-2.55E+03,7.77555E+03));
#6918 = CARTESIAN_POINT('',(7.7E+04,-2.55E+03,8.121888E+03));
#6919 = GEOMETRIC_CURVE_SET('',(#6920));
#6920 = TRIMMED_CURVE('',#6921,(#6925,PARAMETER_VALUE(0.)),(#6926,
    PARAMETER_VALUE(1.061509744108E+03)),.T.,.PARAMETER.);
#6921 = LINE('',#6922,#6923);
#6922 = CARTESIAN_POINT('',(7.7E+04,-2.55E+03,8.121888E+03));
#6923 = VECTOR('',#6924,1.);
#6924 = DIRECTION('',(0.942054470579,0.,0.335459944646));
#6925 = CARTESIAN_POINT('',(7.7E+04,-2.55E+03,8.121888E+03));
#6926 = CARTESIAN_POINT('',(7.8E+04,-2.55E+03,8.477982E+03));
#6927 = GEOMETRIC_CURVE_SET('',(#6928));
#6928 = TRIMMED_CURVE('',#6929,(#6933,PARAMETER_VALUE(0.)),(#6934,
    PARAMETER_VALUE(1.064822155339E+03)),.T.,.PARAMETER.);
#6929 = LINE('',#6930,#6931);
#6930 = CARTESIAN_POINT('',(7.8E+04,-2.55E+03,8.477982E+03));
#6931 = VECTOR('',#6932,1.);
#6932 = DIRECTION('',(0.939123960735,0.,0.343578501035));
#6933 = CARTESIAN_POINT('',(7.8E+04,-2.55E+03,8.477982E+03));
#6934 = CARTESIAN_POINT('',(7.9E+04,-2.55E+03,8.843832E+03));
#6935 = GEOMETRIC_CURVE_SET('',(#6936));
#6936 = TRIMMED_CURVE('',#6937,(#6941,PARAMETER_VALUE(0.)),(#6942,
    PARAMETER_VALUE(1.068213399671E+03)),.T.,.PARAMETER.);
#6937 = LINE('',#6938,#6939);
#6938 = CARTESIAN_POINT('',(7.9E+04,-2.55E+03,8.843832E+03));
#6939 = VECTOR('',#6940,1.);
#6940 = DIRECTION('',(0.936142535104,0.,0.35162075304));
#6941 = CARTESIAN_POINT('',(7.9E+04,-2.55E+03,8.843832E+03));
#6942 = CARTESIAN_POINT('',(8.E+04,-2.55E+03,9.219438E+03));
#6943 = GEOMETRIC_CURVE_SET('',(#6944));
#6944 = TRIMMED_CURVE('',#6945,(#6949,PARAMETER_VALUE(0.)),(#6950,
    PARAMETER_VALUE(1.071682728723E+03)),.T.,.PARAMETER.);
#6945 = LINE('',#6946,#6947);
#6946 = CARTESIAN_POINT('',(8.E+04,-2.55E+03,9.219438E+03));
#6947 = VECTOR('',#6948,1.);
#6948 = DIRECTION('',(0.933111986596,0.,0.359585901379));
#6949 = CARTESIAN_POINT('',(8.E+04,-2.55E+03,9.219438E+03));
#6950 = CARTESIAN_POINT('',(8.1E+04,-2.55E+03,9.6048E+03));
#6951 = GEOMETRIC_CURVE_SET('',(#6952));
#6952 = TRIMMED_CURVE('',#6953,(#6957,PARAMETER_VALUE(0.)),(#6958,
    PARAMETER_VALUE(577.59111634145)),.T.,.PARAMETER.);
#6953 = LINE('',#6954,#6955);
#6954 = CARTESIAN_POINT('',(8.1E+04,-2.55E+03,9.6048E+03));
#6955 = VECTOR('',#6956,1.);
#6956 = DIRECTION('',(0.930749835174,0.,0.365656593435));
#6957 = CARTESIAN_POINT('',(8.1E+04,-2.55E+03,9.6048E+03));
#6958 = CARTESIAN_POINT('',(8.153759283633E+04,-2.55E+03,9.816E+03));
#6959 = GEOMETRIC_CURVE_SET('',(#6960));
#6960 = TRIMMED_CURVE('',#6961,(#6965,PARAMETER_VALUE(0.)),(#6966,
    PARAMETER_VALUE(8.407768E+03)),.T.,.PARAMETER.);
#6961 = LINE('',#6962,#6963);
#6962 = CARTESIAN_POINT('',(5.E+03,-2.55E+03,8.121888E+03));
#6963 = VECTOR('',#6964,1.);
#6964 = DIRECTION('',(0.,0.,-1.));
#6965 = CARTESIAN_POINT('',(5.E+03,-2.55E+03,8.121888E+03));
#6966 = CARTESIAN_POINT('',(5.E+03,-2.55E+03,-285.88));
#6967 = GEOMETRIC_CURVE_SET('',(#6968));
#6968 = TRIMMED_CURVE('',#6969,(#6973,PARAMETER_VALUE(0.)),(#6974,
    PARAMETER_VALUE(75.88)),.T.,.PARAMETER.);
#6969 = LINE('',#6970,#6971);
#6970 = CARTESIAN_POINT('',(5.E+03,-2.55E+03,-285.88));
#6971 = VECTOR('',#6972,1.);
#6972 = DIRECTION('',(0.,0.,1.));
#6973 = CARTESIAN_POINT('',(5.E+03,-2.55E+03,-285.88));
#6974 = CARTESIAN_POINT('',(5.E+03,-2.55E+03,-210.));
#6975 = GEOMETRIC_CURVE_SET('',(#6976));
#6976 = TRIMMED_CURVE('',#6977,(#6981,PARAMETER_VALUE(0.)),(#6982,
    PARAMETER_VALUE(7.398022E+03)),.T.,.PARAMETER.);
#6977 = LINE('',#6978,#6979);
#6978 = CARTESIAN_POINT('',(8.E+03,-2.55E+03,7.112142E+03));
#6979 = VECTOR('',#6980,1.);
#6980 = DIRECTION('',(0.,0.,-1.));
#6981 = CARTESIAN_POINT('',(8.E+03,-2.55E+03,7.112142E+03));
#6982 = CARTESIAN_POINT('',(8.E+03,-2.55E+03,-285.88));
#6983 = GEOMETRIC_CURVE_SET('',(#6984));
#6984 = TRIMMED_CURVE('',#6985,(#6989,PARAMETER_VALUE(0.)),(#6990,
    PARAMETER_VALUE(75.88)),.T.,.PARAMETER.);
#6985 = LINE('',#6986,#6987);
#6986 = CARTESIAN_POINT('',(8.E+03,-2.55E+03,-285.88));
#6987 = VECTOR('',#6988,1.);
#6988 = DIRECTION('',(0.,0.,1.));
#6989 = CARTESIAN_POINT('',(8.E+03,-2.55E+03,-285.88));
#6990 = CARTESIAN_POINT('',(8.E+03,-2.55E+03,-210.));
#6991 = GEOMETRIC_CURVE_SET('',(#6992));
#6992 = TRIMMED_CURVE('',#6993,(#6997,PARAMETER_VALUE(0.)),(#6998,
    PARAMETER_VALUE(6.47608E+03)),.T.,.PARAMETER.);
#6993 = LINE('',#6994,#6995);
#6994 = CARTESIAN_POINT('',(1.1E+04,-2.55E+03,6.1902E+03));
#6995 = VECTOR('',#6996,1.);
#6996 = DIRECTION('',(0.,0.,-1.));
#6997 = CARTESIAN_POINT('',(1.1E+04,-2.55E+03,6.1902E+03));
#6998 = CARTESIAN_POINT('',(1.1E+04,-2.55E+03,-285.88));
#6999 = GEOMETRIC_CURVE_SET('',(#7000));
#7000 = TRIMMED_CURVE('',#7001,(#7005,PARAMETER_VALUE(0.)),(#7006,
    PARAMETER_VALUE(75.88)),.T.,.PARAMETER.);
#7001 = LINE('',#7002,#7003);
#7002 = CARTESIAN_POINT('',(1.1E+04,-2.55E+03,-285.88));
#7003 = VECTOR('',#7004,1.);
#7004 = DIRECTION('',(0.,0.,1.));
#7005 = CARTESIAN_POINT('',(1.1E+04,-2.55E+03,-285.88));
#7006 = CARTESIAN_POINT('',(1.1E+04,-2.55E+03,-210.));
#7007 = GEOMETRIC_CURVE_SET('',(#7008));
#7008 = TRIMMED_CURVE('',#7009,(#7013,PARAMETER_VALUE(0.)),(#7014,
    PARAMETER_VALUE(5.641942E+03)),.T.,.PARAMETER.);
#7009 = LINE('',#7010,#7011);
#7010 = CARTESIAN_POINT('',(1.4E+04,-2.55E+03,5.356062E+03));
#7011 = VECTOR('',#7012,1.);
#7012 = DIRECTION('',(0.,0.,-1.));
#7013 = CARTESIAN_POINT('',(1.4E+04,-2.55E+03,5.356062E+03));
#7014 = CARTESIAN_POINT('',(1.4E+04,-2.55E+03,-285.88));
#7015 = GEOMETRIC_CURVE_SET('',(#7016));
#7016 = TRIMMED_CURVE('',#7017,(#7021,PARAMETER_VALUE(0.)),(#7022,
    PARAMETER_VALUE(75.88)),.T.,.PARAMETER.);
#7017 = LINE('',#7018,#7019);
#7018 = CARTESIAN_POINT('',(1.4E+04,-2.55E+03,-285.88));
#7019 = VECTOR('',#7020,1.);
#7020 = DIRECTION('',(0.,0.,1.));
#7021 = CARTESIAN_POINT('',(1.4E+04,-2.55E+03,-285.88));
#7022 = CARTESIAN_POINT('',(1.4E+04,-2.55E+03,-210.));
#7023 = GEOMETRIC_CURVE_SET('',(#7024));
#7024 = TRIMMED_CURVE('',#7025,(#7029,PARAMETER_VALUE(0.)),(#7030,
    PARAMETER_VALUE(4.895608E+03)),.T.,.PARAMETER.);
#7025 = LINE('',#7026,#7027);
#7026 = CARTESIAN_POINT('',(1.7E+04,-2.55E+03,4.609728E+03));
#7027 = VECTOR('',#7028,1.);
#7028 = DIRECTION('',(0.,0.,-1.));
#7029 = CARTESIAN_POINT('',(1.7E+04,-2.55E+03,4.609728E+03));
#7030 = CARTESIAN_POINT('',(1.7E+04,-2.55E+03,-285.88));
#7031 = GEOMETRIC_CURVE_SET('',(#7032));
#7032 = TRIMMED_CURVE('',#7033,(#7037,PARAMETER_VALUE(0.)),(#7038,
    PARAMETER_VALUE(75.88)),.T.,.PARAMETER.);
#7033 = LINE('',#7034,#7035);
#7034 = CARTESIAN_POINT('',(1.7E+04,-2.55E+03,-285.88));
#7035 = VECTOR('',#7036,1.);
#7036 = DIRECTION('',(0.,0.,1.));
#7037 = CARTESIAN_POINT('',(1.7E+04,-2.55E+03,-285.88));
#7038 = CARTESIAN_POINT('',(1.7E+04,-2.55E+03,-210.));
#7039 = GEOMETRIC_CURVE_SET('',(#7040));
#7040 = TRIMMED_CURVE('',#7041,(#7045,PARAMETER_VALUE(0.)),(#7046,
    PARAMETER_VALUE(4.237078E+03)),.T.,.PARAMETER.);
#7041 = LINE('',#7042,#7043);
#7042 = CARTESIAN_POINT('',(2.E+04,-2.55E+03,3.951198E+03));
#7043 = VECTOR('',#7044,1.);
#7044 = DIRECTION('',(0.,0.,-1.));
#7045 = CARTESIAN_POINT('',(2.E+04,-2.55E+03,3.951198E+03));
#7046 = CARTESIAN_POINT('',(2.E+04,-2.55E+03,-285.88));
#7047 = GEOMETRIC_CURVE_SET('',(#7048));
#7048 = TRIMMED_CURVE('',#7049,(#7053,PARAMETER_VALUE(0.)),(#7054,
    PARAMETER_VALUE(75.88)),.T.,.PARAMETER.);
#7049 = LINE('',#7050,#7051);
#7050 = CARTESIAN_POINT('',(2.E+04,-2.55E+03,-285.88));
#7051 = VECTOR('',#7052,1.);
#7052 = DIRECTION('',(0.,0.,1.));
#7053 = CARTESIAN_POINT('',(2.E+04,-2.55E+03,-285.88));
#7054 = CARTESIAN_POINT('',(2.E+04,-2.55E+03,-210.));
#7055 = GEOMETRIC_CURVE_SET('',(#7056));
#7056 = TRIMMED_CURVE('',#7057,(#7061,PARAMETER_VALUE(0.)),(#7062,
    PARAMETER_VALUE(3.666352E+03)),.T.,.PARAMETER.);
#7057 = LINE('',#7058,#7059);
#7058 = CARTESIAN_POINT('',(2.3E+04,-2.55E+03,3.380472E+03));
#7059 = VECTOR('',#7060,1.);
#7060 = DIRECTION('',(0.,0.,-1.));
#7061 = CARTESIAN_POINT('',(2.3E+04,-2.55E+03,3.380472E+03));
#7062 = CARTESIAN_POINT('',(2.3E+04,-2.55E+03,-285.88));
#7063 = GEOMETRIC_CURVE_SET('',(#7064));
#7064 = TRIMMED_CURVE('',#7065,(#7069,PARAMETER_VALUE(0.)),(#7070,
    PARAMETER_VALUE(75.88)),.T.,.PARAMETER.);
#7065 = LINE('',#7066,#7067);
#7066 = CARTESIAN_POINT('',(2.3E+04,-2.55E+03,-285.88));
#7067 = VECTOR('',#7068,1.);
#7068 = DIRECTION('',(0.,0.,1.));
#7069 = CARTESIAN_POINT('',(2.3E+04,-2.55E+03,-285.88));
#7070 = CARTESIAN_POINT('',(2.3E+04,-2.55E+03,-210.));
#7071 = GEOMETRIC_CURVE_SET('',(#7072));
#7072 = TRIMMED_CURVE('',#7073,(#7077,PARAMETER_VALUE(0.)),(#7078,
    PARAMETER_VALUE(3.18343E+03)),.T.,.PARAMETER.);
#7073 = LINE('',#7074,#7075);
#7074 = CARTESIAN_POINT('',(2.6E+04,-2.55E+03,2.89755E+03));
#7075 = VECTOR('',#7076,1.);
#7076 = DIRECTION('',(0.,0.,-1.));
#7077 = CARTESIAN_POINT('',(2.6E+04,-2.55E+03,2.89755E+03));
#7078 = CARTESIAN_POINT('',(2.6E+04,-2.55E+03,-285.88));
#7079 = GEOMETRIC_CURVE_SET('',(#7080));
#7080 = TRIMMED_CURVE('',#7081,(#7085,PARAMETER_VALUE(0.)),(#7086,
    PARAMETER_VALUE(75.88)),.T.,.PARAMETER.);
#7081 = LINE('',#7082,#7083);
#7082 = CARTESIAN_POINT('',(2.6E+04,-2.55E+03,-285.88));
#7083 = VECTOR('',#7084,1.);
#7084 = DIRECTION('',(0.,0.,1.));
#7085 = CARTESIAN_POINT('',(2.6E+04,-2.55E+03,-285.88));
#7086 = CARTESIAN_POINT('',(2.6E+04,-2.55E+03,-210.));
#7087 = GEOMETRIC_CURVE_SET('',(#7088));
#7088 = TRIMMED_CURVE('',#7089,(#7093,PARAMETER_VALUE(0.)),(#7094,
    PARAMETER_VALUE(2.788312E+03)),.T.,.PARAMETER.);
#7089 = LINE('',#7090,#7091);
#7090 = CARTESIAN_POINT('',(2.9E+04,-2.55E+03,2.502432E+03));
#7091 = VECTOR('',#7092,1.);
#7092 = DIRECTION('',(0.,0.,-1.));
#7093 = CARTESIAN_POINT('',(2.9E+04,-2.55E+03,2.502432E+03));
#7094 = CARTESIAN_POINT('',(2.9E+04,-2.55E+03,-285.88));
#7095 = GEOMETRIC_CURVE_SET('',(#7096));
#7096 = TRIMMED_CURVE('',#7097,(#7101,PARAMETER_VALUE(0.)),(#7102,
    PARAMETER_VALUE(75.88)),.T.,.PARAMETER.);
#7097 = LINE('',#7098,#7099);
#7098 = CARTESIAN_POINT('',(2.9E+04,-2.55E+03,-285.88));
#7099 = VECTOR('',#7100,1.);
#7100 = DIRECTION('',(0.,0.,1.));
#7101 = CARTESIAN_POINT('',(2.9E+04,-2.55E+03,-285.88));
#7102 = CARTESIAN_POINT('',(2.9E+04,-2.55E+03,-210.));
#7103 = GEOMETRIC_CURVE_SET('',(#7104));
#7104 = TRIMMED_CURVE('',#7105,(#7109,PARAMETER_VALUE(0.)),(#7110,
    PARAMETER_VALUE(2.480998E+03)),.T.,.PARAMETER.);
#7105 = LINE('',#7106,#7107);
#7106 = CARTESIAN_POINT('',(3.2E+04,-2.55E+03,2.195118E+03));
#7107 = VECTOR('',#7108,1.);
#7108 = DIRECTION('',(0.,0.,-1.));
#7109 = CARTESIAN_POINT('',(3.2E+04,-2.55E+03,2.195118E+03));
#7110 = CARTESIAN_POINT('',(3.2E+04,-2.55E+03,-285.88));
#7111 = GEOMETRIC_CURVE_SET('',(#7112));
#7112 = TRIMMED_CURVE('',#7113,(#7117,PARAMETER_VALUE(0.)),(#7118,
    PARAMETER_VALUE(75.88)),.T.,.PARAMETER.);
#7113 = LINE('',#7114,#7115);
#7114 = CARTESIAN_POINT('',(3.2E+04,-2.55E+03,-285.88));
#7115 = VECTOR('',#7116,1.);
#7116 = DIRECTION('',(0.,0.,1.));
#7117 = CARTESIAN_POINT('',(3.2E+04,-2.55E+03,-285.88));
#7118 = CARTESIAN_POINT('',(3.2E+04,-2.55E+03,-210.));
#7119 = GEOMETRIC_CURVE_SET('',(#7120));
#7120 = TRIMMED_CURVE('',#7121,(#7125,PARAMETER_VALUE(0.)),(#7126,
    PARAMETER_VALUE(2.261488E+03)),.T.,.PARAMETER.);
#7121 = LINE('',#7122,#7123);
#7122 = CARTESIAN_POINT('',(3.5E+04,-2.55E+03,1.975608E+03));
#7123 = VECTOR('',#7124,1.);
#7124 = DIRECTION('',(0.,0.,-1.));
#7125 = CARTESIAN_POINT('',(3.5E+04,-2.55E+03,1.975608E+03));
#7126 = CARTESIAN_POINT('',(3.5E+04,-2.55E+03,-285.88));
#7127 = GEOMETRIC_CURVE_SET('',(#7128));
#7128 = TRIMMED_CURVE('',#7129,(#7133,PARAMETER_VALUE(0.)),(#7134,
    PARAMETER_VALUE(75.88)),.T.,.PARAMETER.);
#7129 = LINE('',#7130,#7131);
#7130 = CARTESIAN_POINT('',(3.5E+04,-2.55E+03,-285.88));
#7131 = VECTOR('',#7132,1.);
#7132 = DIRECTION('',(0.,0.,1.));
#7133 = CARTESIAN_POINT('',(3.5E+04,-2.55E+03,-285.88));
#7134 = CARTESIAN_POINT('',(3.5E+04,-2.55E+03,-210.));
#7135 = GEOMETRIC_CURVE_SET('',(#7136));
#7136 = TRIMMED_CURVE('',#7137,(#7141,PARAMETER_VALUE(0.)),(#7142,
    PARAMETER_VALUE(2.129782E+03)),.T.,.PARAMETER.);
#7137 = LINE('',#7138,#7139);
#7138 = CARTESIAN_POINT('',(3.8E+04,-2.55E+03,1.843902E+03));
#7139 = VECTOR('',#7140,1.);
#7140 = DIRECTION('',(0.,0.,-1.));
#7141 = CARTESIAN_POINT('',(3.8E+04,-2.55E+03,1.843902E+03));
#7142 = CARTESIAN_POINT('',(3.8E+04,-2.55E+03,-285.88));
#7143 = GEOMETRIC_CURVE_SET('',(#7144));
#7144 = TRIMMED_CURVE('',#7145,(#7149,PARAMETER_VALUE(0.)),(#7150,
    PARAMETER_VALUE(75.88)),.T.,.PARAMETER.);
#7145 = LINE('',#7146,#7147);
#7146 = CARTESIAN_POINT('',(3.8E+04,-2.55E+03,-285.88));
#7147 = VECTOR('',#7148,1.);
#7148 = DIRECTION('',(0.,0.,1.));
#7149 = CARTESIAN_POINT('',(3.8E+04,-2.55E+03,-285.88));
#7150 = CARTESIAN_POINT('',(3.8E+04,-2.55E+03,-210.));
#7151 = GEOMETRIC_CURVE_SET('',(#7152));
#7152 = TRIMMED_CURVE('',#7153,(#7157,PARAMETER_VALUE(0.)),(#7158,
    PARAMETER_VALUE(2.08588E+03)),.T.,.PARAMETER.);
#7153 = LINE('',#7154,#7155);
#7154 = CARTESIAN_POINT('',(4.1E+04,-2.55E+03,1.8E+03));
#7155 = VECTOR('',#7156,1.);
#7156 = DIRECTION('',(0.,0.,-1.));
#7157 = CARTESIAN_POINT('',(4.1E+04,-2.55E+03,1.8E+03));
#7158 = CARTESIAN_POINT('',(4.1E+04,-2.55E+03,-285.88));
#7159 = GEOMETRIC_CURVE_SET('',(#7160));
#7160 = TRIMMED_CURVE('',#7161,(#7165,PARAMETER_VALUE(0.)),(#7166,
    PARAMETER_VALUE(75.88)),.T.,.PARAMETER.);
#7161 = LINE('',#7162,#7163);
#7162 = CARTESIAN_POINT('',(4.1E+04,-2.55E+03,-285.88));
#7163 = VECTOR('',#7164,1.);
#7164 = DIRECTION('',(0.,0.,1.));
#7165 = CARTESIAN_POINT('',(4.1E+04,-2.55E+03,-285.88));
#7166 = CARTESIAN_POINT('',(4.1E+04,-2.55E+03,-210.));
#7167 = GEOMETRIC_CURVE_SET('',(#7168));
#7168 = TRIMMED_CURVE('',#7169,(#7173,PARAMETER_VALUE(0.)),(#7174,
    PARAMETER_VALUE(2.129782E+03)),.T.,.PARAMETER.);
#7169 = LINE('',#7170,#7171);
#7170 = CARTESIAN_POINT('',(4.4E+04,-2.55E+03,1.843902E+03));
#7171 = VECTOR('',#7172,1.);
#7172 = DIRECTION('',(0.,0.,-1.));
#7173 = CARTESIAN_POINT('',(4.4E+04,-2.55E+03,1.843902E+03));
#7174 = CARTESIAN_POINT('',(4.4E+04,-2.55E+03,-285.88));
#7175 = GEOMETRIC_CURVE_SET('',(#7176));
#7176 = TRIMMED_CURVE('',#7177,(#7181,PARAMETER_VALUE(0.)),(#7182,
    PARAMETER_VALUE(75.88)),.T.,.PARAMETER.);
#7177 = LINE('',#7178,#7179);
#7178 = CARTESIAN_POINT('',(4.4E+04,-2.55E+03,-285.88));
#7179 = VECTOR('',#7180,1.);
#7180 = DIRECTION('',(0.,0.,1.));
#7181 = CARTESIAN_POINT('',(4.4E+04,-2.55E+03,-285.88));
#7182 = CARTESIAN_POINT('',(4.4E+04,-2.55E+03,-210.));
#7183 = GEOMETRIC_CURVE_SET('',(#7184));
#7184 = TRIMMED_CURVE('',#7185,(#7189,PARAMETER_VALUE(0.)),(#7190,
    PARAMETER_VALUE(2.261488E+03)),.T.,.PARAMETER.);
#7185 = LINE('',#7186,#7187);
#7186 = CARTESIAN_POINT('',(4.7E+04,-2.55E+03,1.975608E+03));
#7187 = VECTOR('',#7188,1.);
#7188 = DIRECTION('',(0.,0.,-1.));
#7189 = CARTESIAN_POINT('',(4.7E+04,-2.55E+03,1.975608E+03));
#7190 = CARTESIAN_POINT('',(4.7E+04,-2.55E+03,-285.88));
#7191 = GEOMETRIC_CURVE_SET('',(#7192));
#7192 = TRIMMED_CURVE('',#7193,(#7197,PARAMETER_VALUE(0.)),(#7198,
    PARAMETER_VALUE(75.88)),.T.,.PARAMETER.);
#7193 = LINE('',#7194,#7195);
#7194 = CARTESIAN_POINT('',(4.7E+04,-2.55E+03,-285.88));
#7195 = VECTOR('',#7196,1.);
#7196 = DIRECTION('',(0.,0.,1.));
#7197 = CARTESIAN_POINT('',(4.7E+04,-2.55E+03,-285.88));
#7198 = CARTESIAN_POINT('',(4.7E+04,-2.55E+03,-210.));
#7199 = GEOMETRIC_CURVE_SET('',(#7200));
#7200 = TRIMMED_CURVE('',#7201,(#7205,PARAMETER_VALUE(0.)),(#7206,
    PARAMETER_VALUE(2.480998E+03)),.T.,.PARAMETER.);
#7201 = LINE('',#7202,#7203);
#7202 = CARTESIAN_POINT('',(5.E+04,-2.55E+03,2.195118E+03));
#7203 = VECTOR('',#7204,1.);
#7204 = DIRECTION('',(0.,0.,-1.));
#7205 = CARTESIAN_POINT('',(5.E+04,-2.55E+03,2.195118E+03));
#7206 = CARTESIAN_POINT('',(5.E+04,-2.55E+03,-285.88));
#7207 = GEOMETRIC_CURVE_SET('',(#7208));
#7208 = TRIMMED_CURVE('',#7209,(#7213,PARAMETER_VALUE(0.)),(#7214,
    PARAMETER_VALUE(75.88)),.T.,.PARAMETER.);
#7209 = LINE('',#7210,#7211);
#7210 = CARTESIAN_POINT('',(5.E+04,-2.55E+03,-285.88));
#7211 = VECTOR('',#7212,1.);
#7212 = DIRECTION('',(0.,0.,1.));
#7213 = CARTESIAN_POINT('',(5.E+04,-2.55E+03,-285.88));
#7214 = CARTESIAN_POINT('',(5.E+04,-2.55E+03,-210.));
#7215 = GEOMETRIC_CURVE_SET('',(#7216));
#7216 = TRIMMED_CURVE('',#7217,(#7221,PARAMETER_VALUE(0.)),(#7222,
    PARAMETER_VALUE(2.788312E+03)),.T.,.PARAMETER.);
#7217 = LINE('',#7218,#7219);
#7218 = CARTESIAN_POINT('',(5.3E+04,-2.55E+03,2.502432E+03));
#7219 = VECTOR('',#7220,1.);
#7220 = DIRECTION('',(0.,0.,-1.));
#7221 = CARTESIAN_POINT('',(5.3E+04,-2.55E+03,2.502432E+03));
#7222 = CARTESIAN_POINT('',(5.3E+04,-2.55E+03,-285.88));
#7223 = GEOMETRIC_CURVE_SET('',(#7224));
#7224 = TRIMMED_CURVE('',#7225,(#7229,PARAMETER_VALUE(0.)),(#7230,
    PARAMETER_VALUE(75.88)),.T.,.PARAMETER.);
#7225 = LINE('',#7226,#7227);
#7226 = CARTESIAN_POINT('',(5.3E+04,-2.55E+03,-285.88));
#7227 = VECTOR('',#7228,1.);
#7228 = DIRECTION('',(0.,0.,1.));
#7229 = CARTESIAN_POINT('',(5.3E+04,-2.55E+03,-285.88));
#7230 = CARTESIAN_POINT('',(5.3E+04,-2.55E+03,-210.));
#7231 = GEOMETRIC_CURVE_SET('',(#7232));
#7232 = TRIMMED_CURVE('',#7233,(#7237,PARAMETER_VALUE(0.)),(#7238,
    PARAMETER_VALUE(3.18343E+03)),.T.,.PARAMETER.);
#7233 = LINE('',#7234,#7235);
#7234 = CARTESIAN_POINT('',(5.6E+04,-2.55E+03,2.89755E+03));
#7235 = VECTOR('',#7236,1.);
#7236 = DIRECTION('',(0.,0.,-1.));
#7237 = CARTESIAN_POINT('',(5.6E+04,-2.55E+03,2.89755E+03));
#7238 = CARTESIAN_POINT('',(5.6E+04,-2.55E+03,-285.88));
#7239 = GEOMETRIC_CURVE_SET('',(#7240));
#7240 = TRIMMED_CURVE('',#7241,(#7245,PARAMETER_VALUE(0.)),(#7246,
    PARAMETER_VALUE(75.88)),.T.,.PARAMETER.);
#7241 = LINE('',#7242,#7243);
#7242 = CARTESIAN_POINT('',(5.6E+04,-2.55E+03,-285.88));
#7243 = VECTOR('',#7244,1.);
#7244 = DIRECTION('',(0.,0.,1.));
#7245 = CARTESIAN_POINT('',(5.6E+04,-2.55E+03,-285.88));
#7246 = CARTESIAN_POINT('',(5.6E+04,-2.55E+03,-210.));
#7247 = GEOMETRIC_CURVE_SET('',(#7248));
#7248 = TRIMMED_CURVE('',#7249,(#7253,PARAMETER_VALUE(0.)),(#7254,
    PARAMETER_VALUE(3.666352E+03)),.T.,.PARAMETER.);
#7249 = LINE('',#7250,#7251);
#7250 = CARTESIAN_POINT('',(5.9E+04,-2.55E+03,3.380472E+03));
#7251 = VECTOR('',#7252,1.);
#7252 = DIRECTION('',(0.,0.,-1.));
#7253 = CARTESIAN_POINT('',(5.9E+04,-2.55E+03,3.380472E+03));
#7254 = CARTESIAN_POINT('',(5.9E+04,-2.55E+03,-285.88));
#7255 = GEOMETRIC_CURVE_SET('',(#7256));
#7256 = TRIMMED_CURVE('',#7257,(#7261,PARAMETER_VALUE(0.)),(#7262,
    PARAMETER_VALUE(75.88)),.T.,.PARAMETER.);
#7257 = LINE('',#7258,#7259);
#7258 = CARTESIAN_POINT('',(5.9E+04,-2.55E+03,-285.88));
#7259 = VECTOR('',#7260,1.);
#7260 = DIRECTION('',(0.,0.,1.));
#7261 = CARTESIAN_POINT('',(5.9E+04,-2.55E+03,-285.88));
#7262 = CARTESIAN_POINT('',(5.9E+04,-2.55E+03,-210.));
#7263 = GEOMETRIC_CURVE_SET('',(#7264));
#7264 = TRIMMED_CURVE('',#7265,(#7269,PARAMETER_VALUE(0.)),(#7270,
    PARAMETER_VALUE(4.237078E+03)),.T.,.PARAMETER.);
#7265 = LINE('',#7266,#7267);
#7266 = CARTESIAN_POINT('',(6.2E+04,-2.55E+03,3.951198E+03));
#7267 = VECTOR('',#7268,1.);
#7268 = DIRECTION('',(0.,0.,-1.));
#7269 = CARTESIAN_POINT('',(6.2E+04,-2.55E+03,3.951198E+03));
#7270 = CARTESIAN_POINT('',(6.2E+04,-2.55E+03,-285.88));
#7271 = GEOMETRIC_CURVE_SET('',(#7272));
#7272 = TRIMMED_CURVE('',#7273,(#7277,PARAMETER_VALUE(0.)),(#7278,
    PARAMETER_VALUE(75.88)),.T.,.PARAMETER.);
#7273 = LINE('',#7274,#7275);
#7274 = CARTESIAN_POINT('',(6.2E+04,-2.55E+03,-285.88));
#7275 = VECTOR('',#7276,1.);
#7276 = DIRECTION('',(0.,0.,1.));
#7277 = CARTESIAN_POINT('',(6.2E+04,-2.55E+03,-285.88));
#7278 = CARTESIAN_POINT('',(6.2E+04,-2.55E+03,-210.));
#7279 = GEOMETRIC_CURVE_SET('',(#7280));
#7280 = TRIMMED_CURVE('',#7281,(#7285,PARAMETER_VALUE(0.)),(#7286,
    PARAMETER_VALUE(4.895608E+03)),.T.,.PARAMETER.);
#7281 = LINE('',#7282,#7283);
#7282 = CARTESIAN_POINT('',(6.5E+04,-2.55E+03,4.609728E+03));
#7283 = VECTOR('',#7284,1.);
#7284 = DIRECTION('',(0.,0.,-1.));
#7285 = CARTESIAN_POINT('',(6.5E+04,-2.55E+03,4.609728E+03));
#7286 = CARTESIAN_POINT('',(6.5E+04,-2.55E+03,-285.88));
#7287 = GEOMETRIC_CURVE_SET('',(#7288));
#7288 = TRIMMED_CURVE('',#7289,(#7293,PARAMETER_VALUE(0.)),(#7294,
    PARAMETER_VALUE(75.88)),.T.,.PARAMETER.);
#7289 = LINE('',#7290,#7291);
#7290 = CARTESIAN_POINT('',(6.5E+04,-2.55E+03,-285.88));
#7291 = VECTOR('',#7292,1.);
#7292 = DIRECTION('',(0.,0.,1.));
#7293 = CARTESIAN_POINT('',(6.5E+04,-2.55E+03,-285.88));
#7294 = CARTESIAN_POINT('',(6.5E+04,-2.55E+03,-210.));
#7295 = GEOMETRIC_CURVE_SET('',(#7296));
#7296 = TRIMMED_CURVE('',#7297,(#7301,PARAMETER_VALUE(0.)),(#7302,
    PARAMETER_VALUE(5.641942E+03)),.T.,.PARAMETER.);
#7297 = LINE('',#7298,#7299);
#7298 = CARTESIAN_POINT('',(6.8E+04,-2.55E+03,5.356062E+03));
#7299 = VECTOR('',#7300,1.);
#7300 = DIRECTION('',(0.,0.,-1.));
#7301 = CARTESIAN_POINT('',(6.8E+04,-2.55E+03,5.356062E+03));
#7302 = CARTESIAN_POINT('',(6.8E+04,-2.55E+03,-285.88));
#7303 = GEOMETRIC_CURVE_SET('',(#7304));
#7304 = TRIMMED_CURVE('',#7305,(#7309,PARAMETER_VALUE(0.)),(#7310,
    PARAMETER_VALUE(75.88)),.T.,.PARAMETER.);
#7305 = LINE('',#7306,#7307);
#7306 = CARTESIAN_POINT('',(6.8E+04,-2.55E+03,-285.88));
#7307 = VECTOR('',#7308,1.);
#7308 = DIRECTION('',(0.,0.,1.));
#7309 = CARTESIAN_POINT('',(6.8E+04,-2.55E+03,-285.88));
#7310 = CARTESIAN_POINT('',(6.8E+04,-2.55E+03,-210.));
#7311 = GEOMETRIC_CURVE_SET('',(#7312));
#7312 = TRIMMED_CURVE('',#7313,(#7317,PARAMETER_VALUE(0.)),(#7318,
    PARAMETER_VALUE(6.47608E+03)),.T.,.PARAMETER.);
#7313 = LINE('',#7314,#7315);
#7314 = CARTESIAN_POINT('',(7.1E+04,-2.55E+03,6.1902E+03));
#7315 = VECTOR('',#7316,1.);
#7316 = DIRECTION('',(0.,0.,-1.));
#7317 = CARTESIAN_POINT('',(7.1E+04,-2.55E+03,6.1902E+03));
#7318 = CARTESIAN_POINT('',(7.1E+04,-2.55E+03,-285.88));
#7319 = GEOMETRIC_CURVE_SET('',(#7320));
#7320 = TRIMMED_CURVE('',#7321,(#7325,PARAMETER_VALUE(0.)),(#7326,
    PARAMETER_VALUE(75.88)),.T.,.PARAMETER.);
#7321 = LINE('',#7322,#7323);
#7322 = CARTESIAN_POINT('',(7.1E+04,-2.55E+03,-285.88));
#7323 = VECTOR('',#7324,1.);
#7324 = DIRECTION('',(0.,0.,1.));
#7325 = CARTESIAN_POINT('',(7.1E+04,-2.55E+03,-285.88));
#7326 = CARTESIAN_POINT('',(7.1E+04,-2.55E+03,-210.));
#7327 = GEOMETRIC_CURVE_SET('',(#7328));
#7328 = TRIMMED_CURVE('',#7329,(#7333,PARAMETER_VALUE(0.)),(#7334,
    PARAMETER_VALUE(7.398022E+03)),.T.,.PARAMETER.);
#7329 = LINE('',#7330,#7331);
#7330 = CARTESIAN_POINT('',(7.4E+04,-2.55E+03,7.112142E+03));
#7331 = VECTOR('',#7332,1.);
#7332 = DIRECTION('',(0.,0.,-1.));
#7333 = CARTESIAN_POINT('',(7.4E+04,-2.55E+03,7.112142E+03));
#7334 = CARTESIAN_POINT('',(7.4E+04,-2.55E+03,-285.88));
#7335 = GEOMETRIC_CURVE_SET('',(#7336));
#7336 = TRIMMED_CURVE('',#7337,(#7341,PARAMETER_VALUE(0.)),(#7342,
    PARAMETER_VALUE(75.88)),.T.,.PARAMETER.);
#7337 = LINE('',#7338,#7339);
#7338 = CARTESIAN_POINT('',(7.4E+04,-2.55E+03,-285.88));
#7339 = VECTOR('',#7340,1.);
#7340 = DIRECTION('',(0.,0.,1.));
#7341 = CARTESIAN_POINT('',(7.4E+04,-2.55E+03,-285.88));
#7342 = CARTESIAN_POINT('',(7.4E+04,-2.55E+03,-210.));
#7343 = GEOMETRIC_CURVE_SET('',(#7344));
#7344 = TRIMMED_CURVE('',#7345,(#7349,PARAMETER_VALUE(0.)),(#7350,
    PARAMETER_VALUE(8.407768E+03)),.T.,.PARAMETER.);
#7345 = LINE('',#7346,#7347);
#7346 = CARTESIAN_POINT('',(7.7E+04,-2.55E+03,8.121888E+03));
#7347 = VECTOR('',#7348,1.);
#7348 = DIRECTION('',(0.,0.,-1.));
#7349 = CARTESIAN_POINT('',(7.7E+04,-2.55E+03,8.121888E+03));
#7350 = CARTESIAN_POINT('',(7.7E+04,-2.55E+03,-285.88));
#7351 = GEOMETRIC_CURVE_SET('',(#7352));
#7352 = TRIMMED_CURVE('',#7353,(#7357,PARAMETER_VALUE(0.)),(#7358,
    PARAMETER_VALUE(75.88)),.T.,.PARAMETER.);
#7353 = LINE('',#7354,#7355);
#7354 = CARTESIAN_POINT('',(7.7E+04,-2.55E+03,-285.88));
#7355 = VECTOR('',#7356,1.);
#7356 = DIRECTION('',(0.,0.,1.));
#7357 = CARTESIAN_POINT('',(7.7E+04,-2.55E+03,-285.88));
#7358 = CARTESIAN_POINT('',(7.7E+04,-2.55E+03,-210.));
#7359 = GEOMETRIC_CURVE_SET('',(#7360));
#7360 = TRIMMED_CURVE('',#7361,(#7365,PARAMETER_VALUE(0.)),(#7366,
    PARAMETER_VALUE(577.59111634144)),.T.,.PARAMETER.);
#7361 = LINE('',#7362,#7363);
#7362 = CARTESIAN_POINT('',(462.407163667,2.55E+03,9.816E+03));
#7363 = VECTOR('',#7364,1.);
#7364 = DIRECTION('',(0.930749835174,0.,-0.365656593435));
#7365 = CARTESIAN_POINT('',(462.407163667,2.55E+03,9.816E+03));
#7366 = CARTESIAN_POINT('',(1.E+03,2.55E+03,9.6048E+03));
#7367 = GEOMETRIC_CURVE_SET('',(#7368));
#7368 = TRIMMED_CURVE('',#7369,(#7373,PARAMETER_VALUE(0.)),(#7374,
    PARAMETER_VALUE(1.071682728723E+03)),.T.,.PARAMETER.);
#7369 = LINE('',#7370,#7371);
#7370 = CARTESIAN_POINT('',(1.E+03,2.55E+03,9.6048E+03));
#7371 = VECTOR('',#7372,1.);
#7372 = DIRECTION('',(0.933111986596,0.,-0.359585901379));
#7373 = CARTESIAN_POINT('',(1.E+03,2.55E+03,9.6048E+03));
#7374 = CARTESIAN_POINT('',(2.E+03,2.55E+03,9.219438E+03));
#7375 = GEOMETRIC_CURVE_SET('',(#7376));
#7376 = TRIMMED_CURVE('',#7377,(#7381,PARAMETER_VALUE(0.)),(#7382,
    PARAMETER_VALUE(1.068213399671E+03)),.T.,.PARAMETER.);
#7377 = LINE('',#7378,#7379);
#7378 = CARTESIAN_POINT('',(2.E+03,2.55E+03,9.219438E+03));
#7379 = VECTOR('',#7380,1.);
#7380 = DIRECTION('',(0.936142535104,0.,-0.35162075304));
#7381 = CARTESIAN_POINT('',(2.E+03,2.55E+03,9.219438E+03));
#7382 = CARTESIAN_POINT('',(3.E+03,2.55E+03,8.843832E+03));
#7383 = GEOMETRIC_CURVE_SET('',(#7384));
#7384 = TRIMMED_CURVE('',#7385,(#7389,PARAMETER_VALUE(0.)),(#7390,
    PARAMETER_VALUE(1.064822155339E+03)),.T.,.PARAMETER.);
#7385 = LINE('',#7386,#7387);
#7386 = CARTESIAN_POINT('',(3.E+03,2.55E+03,8.843832E+03));
#7387 = VECTOR('',#7388,1.);
#7388 = DIRECTION('',(0.939123960735,0.,-0.343578501035));
#7389 = CARTESIAN_POINT('',(3.E+03,2.55E+03,8.843832E+03));
#7390 = CARTESIAN_POINT('',(4.E+03,2.55E+03,8.477982E+03));
#7391 = GEOMETRIC_CURVE_SET('',(#7392));
#7392 = TRIMMED_CURVE('',#7393,(#7397,PARAMETER_VALUE(0.)),(#7398,
    PARAMETER_VALUE(1.061509744108E+03)),.T.,.PARAMETER.);
#7393 = LINE('',#7394,#7395);
#7394 = CARTESIAN_POINT('',(4.E+03,2.55E+03,8.477982E+03));
#7395 = VECTOR('',#7396,1.);
#7396 = DIRECTION('',(0.942054470579,0.,-0.335459944646));
#7397 = CARTESIAN_POINT('',(4.E+03,2.55E+03,8.477982E+03));
#7398 = CARTESIAN_POINT('',(5.E+03,2.55E+03,8.121888E+03));
#7399 = GEOMETRIC_CURVE_SET('',(#7400));
#7400 = TRIMMED_CURVE('',#7401,(#7405,PARAMETER_VALUE(0.)),(#7406,
    PARAMETER_VALUE(1.058276906223E+03)),.T.,.PARAMETER.);
#7401 = LINE('',#7402,#7403);
#7402 = CARTESIAN_POINT('',(5.E+03,2.55E+03,8.121888E+03));
#7403 = VECTOR('',#7404,1.);
#7404 = DIRECTION('',(0.944932270675,0.,-0.327265952761));
#7405 = CARTESIAN_POINT('',(5.E+03,2.55E+03,8.121888E+03));
#7406 = CARTESIAN_POINT('',(6.E+03,2.55E+03,7.77555E+03));
#7407 = GEOMETRIC_CURVE_SET('',(#7408));
#7408 = TRIMMED_CURVE('',#7409,(#7413,PARAMETER_VALUE(0.)),(#7414,
    PARAMETER_VALUE(1.055124373107E+03)),.T.,.PARAMETER.);
#7409 = LINE('',#7410,#7411);
#7410 = CARTESIAN_POINT('',(6.E+03,2.55E+03,7.77555E+03));
#7411 = VECTOR('',#7412,1.);
#7412 = DIRECTION('',(0.947755568432,0.,-0.318997464734));
#7413 = CARTESIAN_POINT('',(6.E+03,2.55E+03,7.77555E+03));
#7414 = CARTESIAN_POINT('',(7.E+03,2.55E+03,7.438968E+03));
#7415 = GEOMETRIC_CURVE_SET('',(#7416));
#7416 = TRIMMED_CURVE('',#7417,(#7421,PARAMETER_VALUE(0.)),(#7422,
    PARAMETER_VALUE(1.052052866674E+03)),.T.,.PARAMETER.);
#7417 = LINE('',#7418,#7419);
#7418 = CARTESIAN_POINT('',(7.E+03,2.55E+03,7.438968E+03));
#7419 = VECTOR('',#7420,1.);
#7420 = DIRECTION('',(0.950522575127,0.,-0.310655491138));
#7421 = CARTESIAN_POINT('',(7.E+03,2.55E+03,7.438968E+03));
#7422 = CARTESIAN_POINT('',(8.E+03,2.55E+03,7.112142E+03));
#7423 = GEOMETRIC_CURVE_SET('',(#7424));
#7424 = TRIMMED_CURVE('',#7425,(#7429,PARAMETER_VALUE(0.)),(#7430,
    PARAMETER_VALUE(1.049063098627E+03)),.T.,.PARAMETER.);
#7425 = LINE('',#7426,#7427);
#7426 = CARTESIAN_POINT('',(8.E+03,2.55E+03,7.112142E+03));
#7427 = VECTOR('',#7428,1.);
#7428 = DIRECTION('',(0.953231508485,0.,-0.302241114395));
#7429 = CARTESIAN_POINT('',(8.E+03,2.55E+03,7.112142E+03));
#7430 = CARTESIAN_POINT('',(9.E+03,2.55E+03,6.795072E+03));
#7431 = GEOMETRIC_CURVE_SET('',(#7432));
#7432 = TRIMMED_CURVE('',#7433,(#7437,PARAMETER_VALUE(0.)),(#7438,
    PARAMETER_VALUE(1.046155769757E+03)),.T.,.PARAMETER.);
#7433 = LINE('',#7434,#7435);
#7434 = CARTESIAN_POINT('',(9.E+03,2.55E+03,6.795072E+03));
#7435 = VECTOR('',#7436,1.);
#7436 = DIRECTION('',(0.955880595327,0.,-0.293755489272));
#7437 = CARTESIAN_POINT('',(9.E+03,2.55E+03,6.795072E+03));
#7438 = CARTESIAN_POINT('',(1.E+04,2.55E+03,6.487758E+03));
#7439 = GEOMETRIC_CURVE_SET('',(#7440));
#7440 = TRIMMED_CURVE('',#7441,(#7445,PARAMETER_VALUE(0.)),(#7446,
    PARAMETER_VALUE(1.043331569236E+03)),.T.,.PARAMETER.);
#7441 = LINE('',#7442,#7443);
#7442 = CARTESIAN_POINT('',(1.E+04,2.55E+03,6.487758E+03));
#7443 = VECTOR('',#7444,1.);
#7444 = DIRECTION('',(0.958468074279,0.,-0.285199843246));
#7445 = CARTESIAN_POINT('',(1.E+04,2.55E+03,6.487758E+03));
#7446 = CARTESIAN_POINT('',(1.1E+04,2.55E+03,6.1902E+03));
#7447 = GEOMETRIC_CURVE_SET('',(#7448));
#7448 = TRIMMED_CURVE('',#7449,(#7453,PARAMETER_VALUE(0.)),(#7454,
    PARAMETER_VALUE(1.040591173903E+03)),.T.,.PARAMETER.);
#7449 = LINE('',#7450,#7451);
#7450 = CARTESIAN_POINT('',(1.1E+04,2.55E+03,6.1902E+03));
#7451 = VECTOR('',#7452,1.);
#7452 = DIRECTION('',(0.96099219855,0.,-0.276575476727));
#7453 = CARTESIAN_POINT('',(1.1E+04,2.55E+03,6.1902E+03));
#7454 = CARTESIAN_POINT('',(1.2E+04,2.55E+03,5.902398E+03));
#7455 = GEOMETRIC_CURVE_SET('',(#7456));
#7456 = TRIMMED_CURVE('',#7457,(#7461,PARAMETER_VALUE(0.)),(#7462,
    PARAMETER_VALUE(1.037935247554E+03)),.T.,.PARAMETER.);
#7457 = LINE('',#7458,#7459);
#7458 = CARTESIAN_POINT('',(1.2E+04,2.55E+03,5.902398E+03));
#7459 = VECTOR('',#7460,1.);
#7460 = DIRECTION('',(0.963451238751,0.,-0.26788376313));
#7461 = CARTESIAN_POINT('',(1.2E+04,2.55E+03,5.902398E+03));
#7462 = CARTESIAN_POINT('',(1.3E+04,2.55E+03,5.624352E+03));
#7463 = GEOMETRIC_CURVE_SET('',(#7464));
#7464 = TRIMMED_CURVE('',#7465,(#7469,PARAMETER_VALUE(0.)),(#7470,
    PARAMETER_VALUE(1.035364440233E+03)),.T.,.PARAMETER.);
#7465 = LINE('',#7466,#7467);
#7466 = CARTESIAN_POINT('',(1.3E+04,2.55E+03,5.624352E+03));
#7467 = VECTOR('',#7468,1.);
#7468 = DIRECTION('',(0.965843485772,0.,-0.259126148798));
#7469 = CARTESIAN_POINT('',(1.3E+04,2.55E+03,5.624352E+03));
#7470 = CARTESIAN_POINT('',(1.4E+04,2.55E+03,5.356062E+03));
#7471 = GEOMETRIC_CURVE_SET('',(#7472));
#7472 = TRIMMED_CURVE('',#7473,(#7477,PARAMETER_VALUE(0.)),(#7478,
    PARAMETER_VALUE(1.032879387516E+03)),.T.,.PARAMETER.);
#7473 = LINE('',#7474,#7475);
#7474 = CARTESIAN_POINT('',(1.4E+04,2.55E+03,5.356062E+03));
#7475 = VECTOR('',#7476,1.);
#7476 = DIRECTION('',(0.968167253686,0.,-0.250304152764));
#7477 = CARTESIAN_POINT('',(1.4E+04,2.55E+03,5.356062E+03));
#7478 = CARTESIAN_POINT('',(1.5E+04,2.55E+03,5.097528E+03));
#7479 = GEOMETRIC_CURVE_SET('',(#7480));
#7480 = TRIMMED_CURVE('',#7481,(#7485,PARAMETER_VALUE(0.)),(#7486,
    PARAMETER_VALUE(1.030480709807E+03)),.T.,.PARAMETER.);
#7481 = LINE('',#7482,#7483);
#7482 = CARTESIAN_POINT('',(1.5E+04,2.55E+03,5.097528E+03));
#7483 = VECTOR('',#7484,1.);
#7484 = DIRECTION('',(0.970420882684,0.,-0.241419366352));
#7485 = CARTESIAN_POINT('',(1.5E+04,2.55E+03,5.097528E+03));
#7486 = CARTESIAN_POINT('',(1.6E+04,2.55E+03,4.84875E+03));
#7487 = GEOMETRIC_CURVE_SET('',(#7488));
#7488 = TRIMMED_CURVE('',#7489,(#7493,PARAMETER_VALUE(0.)),(#7494,
    PARAMETER_VALUE(1.028169011634E+03)),.T.,.PARAMETER.);
#7489 = LINE('',#7490,#7491);
#7490 = CARTESIAN_POINT('',(1.6E+04,2.55E+03,4.84875E+03));
#7491 = VECTOR('',#7492,1.);
#7492 = DIRECTION('',(0.972602742044,0.,-0.232473452609));
#7493 = CARTESIAN_POINT('',(1.6E+04,2.55E+03,4.84875E+03));
#7494 = CARTESIAN_POINT('',(1.7E+04,2.55E+03,4.609728E+03));
#7495 = GEOMETRIC_CURVE_SET('',(#7496));
#7496 = TRIMMED_CURVE('',#7497,(#7501,PARAMETER_VALUE(0.)),(#7502,
    PARAMETER_VALUE(1.025944880954E+03)),.T.,.PARAMETER.);
#7497 = LINE('',#7498,#7499);
#7498 = CARTESIAN_POINT('',(1.7E+04,2.55E+03,4.609728E+03));
#7499 = VECTOR('',#7500,1.);
#7500 = DIRECTION('',(0.974711233093,0.,-0.223468145566));
#7501 = CARTESIAN_POINT('',(1.7E+04,2.55E+03,4.609728E+03));
#7502 = CARTESIAN_POINT('',(1.8E+04,2.55E+03,4.380462E+03));
#7503 = GEOMETRIC_CURVE_SET('',(#7504));
#7504 = TRIMMED_CURVE('',#7505,(#7509,PARAMETER_VALUE(0.)),(#7510,
    PARAMETER_VALUE(1.023808888465E+03)),.T.,.PARAMETER.);
#7505 = LINE('',#7506,#7507);
#7506 = CARTESIAN_POINT('',(1.8E+04,2.55E+03,4.380462E+03));
#7507 = VECTOR('',#7508,1.);
#7508 = DIRECTION('',(0.976744792184,0.,-0.214405249332));
#7509 = CARTESIAN_POINT('',(1.8E+04,2.55E+03,4.380462E+03));
#7510 = CARTESIAN_POINT('',(1.9E+04,2.55E+03,4.160952E+03));
#7511 = GEOMETRIC_CURVE_SET('',(#7512));
#7512 = TRIMMED_CURVE('',#7513,(#7517,PARAMETER_VALUE(0.)),(#7518,
    PARAMETER_VALUE(1.021761586925E+03)),.T.,.PARAMETER.);
#7513 = LINE('',#7514,#7515);
#7514 = CARTESIAN_POINT('',(1.9E+04,2.55E+03,4.160952E+03));
#7515 = VECTOR('',#7516,1.);
#7516 = DIRECTION('',(0.978701893667,0.,-0.205286637004));
#7517 = CARTESIAN_POINT('',(1.9E+04,2.55E+03,4.160952E+03));
#7518 = CARTESIAN_POINT('',(2.E+04,2.55E+03,3.951198E+03));
#7519 = GEOMETRIC_CURVE_SET('',(#7520));
#7520 = TRIMMED_CURVE('',#7521,(#7525,PARAMETER_VALUE(0.)),(#7526,
    PARAMETER_VALUE(1.019803510488E+03)),.T.,.PARAMETER.);
#7521 = LINE('',#7522,#7523);
#7522 = CARTESIAN_POINT('',(2.E+04,2.55E+03,3.951198E+03));
#7523 = VECTOR('',#7524,1.);
#7524 = DIRECTION('',(0.980581052836,0.,-0.196114249405));
#7525 = CARTESIAN_POINT('',(2.E+04,2.55E+03,3.951198E+03));
#7526 = CARTESIAN_POINT('',(2.1E+04,2.55E+03,3.7512E+03));
#7527 = GEOMETRIC_CURVE_SET('',(#7528));
#7528 = TRIMMED_CURVE('',#7529,(#7533,PARAMETER_VALUE(0.)),(#7534,
    PARAMETER_VALUE(1.017935174048E+03)),.T.,.PARAMETER.);
#7529 = LINE('',#7530,#7531);
#7530 = CARTESIAN_POINT('',(2.1E+04,2.55E+03,3.7512E+03));
#7531 = VECTOR('',#7532,1.);
#7532 = DIRECTION('',(0.982380828853,0.,-0.186890093643));
#7533 = CARTESIAN_POINT('',(2.1E+04,2.55E+03,3.7512E+03));
#7534 = CARTESIAN_POINT('',(2.2E+04,2.55E+03,3.560958E+03));
#7535 = GEOMETRIC_CURVE_SET('',(#7536));
#7536 = TRIMMED_CURVE('',#7537,(#7541,PARAMETER_VALUE(0.)),(#7542,
    PARAMETER_VALUE(1.0161570726E+03)),.T.,.PARAMETER.);
#7537 = LINE('',#7538,#7539);
#7538 = CARTESIAN_POINT('',(2.2E+04,2.55E+03,3.560958E+03));
#7539 = VECTOR('',#7540,1.);
#7540 = DIRECTION('',(0.984099827639,0.,-0.177616241491));
#7541 = CARTESIAN_POINT('',(2.2E+04,2.55E+03,3.560958E+03));
#7542 = CARTESIAN_POINT('',(2.3E+04,2.55E+03,3.380472E+03));
#7543 = GEOMETRIC_CURVE_SET('',(#7544));
#7544 = TRIMMED_CURVE('',#7545,(#7549,PARAMETER_VALUE(0.)),(#7550,
    PARAMETER_VALUE(1.014469680621E+03)),.T.,.PARAMETER.);
#7545 = LINE('',#7546,#7547);
#7546 = CARTESIAN_POINT('',(2.3E+04,2.55E+03,3.380472E+03));
#7547 = VECTOR('',#7548,1.);
#7548 = DIRECTION('',(0.985736704706,0.,-0.168294827594));
#7549 = CARTESIAN_POINT('',(2.3E+04,2.55E+03,3.380472E+03));
#7550 = CARTESIAN_POINT('',(2.4E+04,2.55E+03,3.209742E+03));
#7551 = GEOMETRIC_CURVE_SET('',(#7552));
#7552 = TRIMMED_CURVE('',#7553,(#7557,PARAMETER_VALUE(0.)),(#7558,
    PARAMETER_VALUE(1.012873451462E+03)),.T.,.PARAMETER.);
#7553 = LINE('',#7554,#7555);
#7554 = CARTESIAN_POINT('',(2.4E+04,2.55E+03,3.209742E+03));
#7555 = VECTOR('',#7556,1.);
#7556 = DIRECTION('',(0.987290167944,0.,-0.158928047495));
#7557 = CARTESIAN_POINT('',(2.4E+04,2.55E+03,3.209742E+03));
#7558 = CARTESIAN_POINT('',(2.5E+04,2.55E+03,3.048768E+03));
#7559 = GEOMETRIC_CURVE_SET('',(#7560));
#7560 = TRIMMED_CURVE('',#7561,(#7565,PARAMETER_VALUE(0.)),(#7566,
    PARAMETER_VALUE(1.011368816765E+03)),.T.,.PARAMETER.);
#7561 = LINE('',#7562,#7563);
#7562 = CARTESIAN_POINT('',(2.5E+04,2.55E+03,3.048768E+03));
#7563 = VECTOR('',#7564,1.);
#7564 = DIRECTION('',(0.988758980328,0.,-0.149518155487));
#7565 = CARTESIAN_POINT('',(2.5E+04,2.55E+03,3.048768E+03));
#7566 = CARTESIAN_POINT('',(2.6E+04,2.55E+03,2.89755E+03));
#7567 = GEOMETRIC_CURVE_SET('',(#7568));
#7568 = TRIMMED_CURVE('',#7569,(#7573,PARAMETER_VALUE(0.)),(#7574,
    PARAMETER_VALUE(1.009956185903E+03)),.T.,.PARAMETER.);
#7569 = LINE('',#7570,#7571);
#7570 = CARTESIAN_POINT('',(2.6E+04,2.55E+03,2.89755E+03));
#7571 = VECTOR('',#7572,1.);
#7572 = DIRECTION('',(0.99014196255,0.,-0.140067462306));
#7573 = CARTESIAN_POINT('',(2.6E+04,2.55E+03,2.89755E+03));
#7574 = CARTESIAN_POINT('',(2.7E+04,2.55E+03,2.756088E+03));
#7575 = GEOMETRIC_CURVE_SET('',(#7576));
#7576 = TRIMMED_CURVE('',#7577,(#7581,PARAMETER_VALUE(0.)),(#7582,
    PARAMETER_VALUE(1.008635945441E+03)),.T.,.PARAMETER.);
#7577 = LINE('',#7578,#7579);
#7578 = CARTESIAN_POINT('',(2.7E+04,2.55E+03,2.756088E+03));
#7579 = VECTOR('',#7580,1.);
#7580 = DIRECTION('',(0.991437995562,0.,-0.130578332643));
#7581 = CARTESIAN_POINT('',(2.7E+04,2.55E+03,2.756088E+03));
#7582 = CARTESIAN_POINT('',(2.8E+04,2.55E+03,2.624382E+03));
#7583 = GEOMETRIC_CURVE_SET('',(#7584));
#7584 = TRIMMED_CURVE('',#7585,(#7589,PARAMETER_VALUE(0.)),(#7590,
    PARAMETER_VALUE(1.00740845862E+03)),.T.,.PARAMETER.);
#7585 = LINE('',#7586,#7587);
#7586 = CARTESIAN_POINT('',(2.8E+04,2.55E+03,2.624382E+03));
#7587 = VECTOR('',#7588,1.);
#7588 = DIRECTION('',(0.992646023014,0.,-0.121053182507));
#7589 = CARTESIAN_POINT('',(2.8E+04,2.55E+03,2.624382E+03));
#7590 = CARTESIAN_POINT('',(2.9E+04,2.55E+03,2.502432E+03));
#7591 = GEOMETRIC_CURVE_SET('',(#7592));
#7592 = TRIMMED_CURVE('',#7593,(#7597,PARAMETER_VALUE(0.)),(#7598,
    PARAMETER_VALUE(1.006274064873E+03)),.T.,.PARAMETER.);
#7593 = LINE('',#7594,#7595);
#7594 = CARTESIAN_POINT('',(2.9E+04,2.55E+03,2.502432E+03));
#7595 = VECTOR('',#7596,1.);
#7596 = DIRECTION('',(0.993765053585,0.,-0.111494476422));
#7597 = CARTESIAN_POINT('',(2.9E+04,2.55E+03,2.502432E+03));
#7598 = CARTESIAN_POINT('',(3.E+04,2.55E+03,2.390238E+03));
#7599 = GEOMETRIC_CURVE_SET('',(#7600));
#7600 = TRIMMED_CURVE('',#7601,(#7605,PARAMETER_VALUE(0.)),(#7606,
    PARAMETER_VALUE(1.005233079362E+03)),.T.,.PARAMETER.);
#7601 = LINE('',#7602,#7603);
#7602 = CARTESIAN_POINT('',(3.E+04,2.55E+03,2.390238E+03));
#7603 = VECTOR('',#7604,1.);
#7604 = DIRECTION('',(0.994794163195,0.,-0.101904724489));
#7605 = CARTESIAN_POINT('',(3.E+04,2.55E+03,2.390238E+03));
#7606 = CARTESIAN_POINT('',(3.1E+04,2.55E+03,2.2878E+03));
#7607 = GEOMETRIC_CURVE_SET('',(#7608));
#7608 = TRIMMED_CURVE('',#7609,(#7613,PARAMETER_VALUE(0.)),(#7614,
    PARAMETER_VALUE(1.004285792553E+03)),.T.,.PARAMETER.);
#7609 = LINE('',#7610,#7611);
#7610 = CARTESIAN_POINT('',(3.1E+04,2.55E+03,2.2878E+03));
#7611 = VECTOR('',#7612,1.);
#7612 = DIRECTION('',(0.995732497079,0.,-9.228647929429E-02));
#7613 = CARTESIAN_POINT('',(3.1E+04,2.55E+03,2.2878E+03));
#7614 = CARTESIAN_POINT('',(3.2E+04,2.55E+03,2.195118E+03));
#7615 = GEOMETRIC_CURVE_SET('',(#7616));
#7616 = TRIMMED_CURVE('',#7617,(#7621,PARAMETER_VALUE(0.)),(#7622,
    PARAMETER_VALUE(1.003432469813E+03)),.T.,.PARAMETER.);
#7617 = LINE('',#7618,#7619);
#7618 = CARTESIAN_POINT('',(3.2E+04,2.55E+03,2.195118E+03));
#7619 = VECTOR('',#7620,1.);
#7620 = DIRECTION('',(0.996579271733,0.,-8.264233268773E-02));
#7621 = CARTESIAN_POINT('',(3.2E+04,2.55E+03,2.195118E+03));
#7622 = CARTESIAN_POINT('',(3.3E+04,2.55E+03,2.112192E+03));
#7623 = GEOMETRIC_CURVE_SET('',(#7624));
#7624 = TRIMMED_CURVE('',#7625,(#7629,PARAMETER_VALUE(0.)),(#7630,
    PARAMETER_VALUE(1.002673351047E+03)),.T.,.PARAMETER.);
#7625 = LINE('',#7626,#7627);
#7626 = CARTESIAN_POINT('',(3.3E+04,2.55E+03,2.112192E+03));
#7627 = VECTOR('',#7628,1.);
#7628 = DIRECTION('',(0.997333776704,0.,-7.297491244141E-02));
#7629 = CARTESIAN_POINT('',(3.3E+04,2.55E+03,2.112192E+03));
#7630 = CARTESIAN_POINT('',(3.4E+04,2.55E+03,2.039022E+03));
#7631 = GEOMETRIC_CURVE_SET('',(#7632));
#7632 = TRIMMED_CURVE('',#7633,(#7637,PARAMETER_VALUE(0.)),(#7638,
    PARAMETER_VALUE(1.00200865036E+03)),.T.,.PARAMETER.);
#7633 = LINE('',#7634,#7635);
#7634 = CARTESIAN_POINT('',(3.4E+04,2.55E+03,2.039022E+03));
#7635 = VECTOR('',#7636,1.);
#7636 = DIRECTION('',(0.997995376228,0.,-6.328687878815E-02));
#7637 = CARTESIAN_POINT('',(3.4E+04,2.55E+03,2.039022E+03));
#7638 = CARTESIAN_POINT('',(3.5E+04,2.55E+03,1.975608E+03));
#7639 = GEOMETRIC_CURVE_SET('',(#7640));
#7640 = TRIMMED_CURVE('',#7641,(#7645,PARAMETER_VALUE(0.)),(#7646,
    PARAMETER_VALUE(1.001438555761E+03)),.T.,.PARAMETER.);
#7641 = LINE('',#7642,#7643);
#7642 = CARTESIAN_POINT('',(3.5E+04,2.55E+03,1.975608E+03));
#7643 = VECTOR('',#7644,1.);
#7644 = DIRECTION('',(0.998563510709,0.,-5.358092085764E-02));
#7645 = CARTESIAN_POINT('',(3.5E+04,2.55E+03,1.975608E+03));
#7646 = CARTESIAN_POINT('',(3.6E+04,2.55E+03,1.92195E+03));
#7647 = GEOMETRIC_CURVE_SET('',(#7648));
#7648 = TRIMMED_CURVE('',#7649,(#7653,PARAMETER_VALUE(0.)),(#7654,
    PARAMETER_VALUE(1.000963228897E+03)),.T.,.PARAMETER.);
#7649 = LINE('',#7650,#7651);
#7650 = CARTESIAN_POINT('',(3.6E+04,2.55E+03,1.92195E+03));
#7651 = VECTOR('',#7652,1.);
#7652 = DIRECTION('',(0.99903769802,0.,-4.385975301848E-02));
#7653 = CARTESIAN_POINT('',(3.6E+04,2.55E+03,1.92195E+03));
#7654 = CARTESIAN_POINT('',(3.7E+04,2.55E+03,1.878048E+03));
#7655 = GEOMETRIC_CURVE_SET('',(#7656));
#7656 = TRIMMED_CURVE('',#7657,(#7661,PARAMETER_VALUE(0.)),(#7662,
    PARAMETER_VALUE(1.000582804827E+03)),.T.,.PARAMETER.);
#7657 = LINE('',#7658,#7659);
#7658 = CARTESIAN_POINT('',(3.7E+04,2.55E+03,1.878048E+03));
#7659 = VECTOR('',#7660,1.);
#7660 = DIRECTION('',(0.999417534636,0.,-3.412611113769E-02));
#7661 = CARTESIAN_POINT('',(3.7E+04,2.55E+03,1.878048E+03));
#7662 = CARTESIAN_POINT('',(3.8E+04,2.55E+03,1.843902E+03));
#7663 = GEOMETRIC_CURVE_SET('',(#7664));
#7664 = TRIMMED_CURVE('',#7665,(#7669,PARAMETER_VALUE(0.)),(#7670,
    PARAMETER_VALUE(1.000297391829E+03)),.T.,.PARAMETER.);
#7665 = LINE('',#7666,#7667);
#7666 = CARTESIAN_POINT('',(3.8E+04,2.55E+03,1.843902E+03));
#7667 = VECTOR('',#7668,1.);
#7668 = DIRECTION('',(0.999702696587,0.,-2.438274876975E-02));
#7669 = CARTESIAN_POINT('',(3.8E+04,2.55E+03,1.843902E+03));
#7670 = CARTESIAN_POINT('',(3.9E+04,2.55E+03,1.819512E+03));
#7671 = GEOMETRIC_CURVE_SET('',(#7672));
#7672 = TRIMMED_CURVE('',#7673,(#7677,PARAMETER_VALUE(0.)),(#7678,
    PARAMETER_VALUE(1.000107071246E+03)),.T.,.PARAMETER.);
#7673 = LINE('',#7674,#7675);
#7674 = CARTESIAN_POINT('',(3.9E+04,2.55E+03,1.819512E+03));
#7675 = VECTOR('',#7676,1.);
#7676 = DIRECTION('',(0.999892940217,0.,-1.463243328714E-02));
#7677 = CARTESIAN_POINT('',(3.9E+04,2.55E+03,1.819512E+03));
#7678 = CARTESIAN_POINT('',(4.E+04,2.55E+03,1.804878E+03));
#7679 = GEOMETRIC_CURVE_SET('',(#7680));
#7680 = TRIMMED_CURVE('',#7681,(#7685,PARAMETER_VALUE(0.)),(#7686,
    PARAMETER_VALUE(1.000011897371E+03)),.T.,.PARAMETER.);
#7681 = LINE('',#7682,#7683);
#7682 = CARTESIAN_POINT('',(4.E+04,2.55E+03,1.804878E+03));
#7683 = VECTOR('',#7684,1.);
#7684 = DIRECTION('',(0.99998810277,0.,-4.877941965314E-03));
#7685 = CARTESIAN_POINT('',(4.E+04,2.55E+03,1.804878E+03));
#7686 = CARTESIAN_POINT('',(4.1E+04,2.55E+03,1.8E+03));
#7687 = GEOMETRIC_CURVE_SET('',(#7688));
#7688 = TRIMMED_CURVE('',#7689,(#7693,PARAMETER_VALUE(0.)),(#7694,
    PARAMETER_VALUE(1.000011897371E+03)),.T.,.PARAMETER.);
#7689 = LINE('',#7690,#7691);
#7690 = CARTESIAN_POINT('',(4.1E+04,2.55E+03,1.8E+03));
#7691 = VECTOR('',#7692,1.);
#7692 = DIRECTION('',(0.99998810277,0.,4.877941965314E-03));
#7693 = CARTESIAN_POINT('',(4.1E+04,2.55E+03,1.8E+03));
#7694 = CARTESIAN_POINT('',(4.2E+04,2.55E+03,1.804878E+03));
#7695 = GEOMETRIC_CURVE_SET('',(#7696));
#7696 = TRIMMED_CURVE('',#7697,(#7701,PARAMETER_VALUE(0.)),(#7702,
    PARAMETER_VALUE(1.000107071246E+03)),.T.,.PARAMETER.);
#7697 = LINE('',#7698,#7699);
#7698 = CARTESIAN_POINT('',(4.2E+04,2.55E+03,1.804878E+03));
#7699 = VECTOR('',#7700,1.);
#7700 = DIRECTION('',(0.999892940217,0.,1.463243328714E-02));
#7701 = CARTESIAN_POINT('',(4.2E+04,2.55E+03,1.804878E+03));
#7702 = CARTESIAN_POINT('',(4.3E+04,2.55E+03,1.819512E+03));
#7703 = GEOMETRIC_CURVE_SET('',(#7704));
#7704 = TRIMMED_CURVE('',#7705,(#7709,PARAMETER_VALUE(0.)),(#7710,
    PARAMETER_VALUE(1.000297391829E+03)),.T.,.PARAMETER.);
#7705 = LINE('',#7706,#7707);
#7706 = CARTESIAN_POINT('',(4.3E+04,2.55E+03,1.819512E+03));
#7707 = VECTOR('',#7708,1.);
#7708 = DIRECTION('',(0.999702696587,0.,2.438274876975E-02));
#7709 = CARTESIAN_POINT('',(4.3E+04,2.55E+03,1.819512E+03));
#7710 = CARTESIAN_POINT('',(4.4E+04,2.55E+03,1.843902E+03));
#7711 = GEOMETRIC_CURVE_SET('',(#7712));
#7712 = TRIMMED_CURVE('',#7713,(#7717,PARAMETER_VALUE(0.)),(#7718,
    PARAMETER_VALUE(1.000582804827E+03)),.T.,.PARAMETER.);
#7713 = LINE('',#7714,#7715);
#7714 = CARTESIAN_POINT('',(4.4E+04,2.55E+03,1.843902E+03));
#7715 = VECTOR('',#7716,1.);
#7716 = DIRECTION('',(0.999417534636,0.,3.412611113769E-02));
#7717 = CARTESIAN_POINT('',(4.4E+04,2.55E+03,1.843902E+03));
#7718 = CARTESIAN_POINT('',(4.5E+04,2.55E+03,1.878048E+03));
#7719 = GEOMETRIC_CURVE_SET('',(#7720));
#7720 = TRIMMED_CURVE('',#7721,(#7725,PARAMETER_VALUE(0.)),(#7726,
    PARAMETER_VALUE(1.000963228897E+03)),.T.,.PARAMETER.);
#7721 = LINE('',#7722,#7723);
#7722 = CARTESIAN_POINT('',(4.5E+04,2.55E+03,1.878048E+03));
#7723 = VECTOR('',#7724,1.);
#7724 = DIRECTION('',(0.99903769802,0.,4.385975301848E-02));
#7725 = CARTESIAN_POINT('',(4.5E+04,2.55E+03,1.878048E+03));
#7726 = CARTESIAN_POINT('',(4.6E+04,2.55E+03,1.92195E+03));
#7727 = GEOMETRIC_CURVE_SET('',(#7728));
#7728 = TRIMMED_CURVE('',#7729,(#7733,PARAMETER_VALUE(0.)),(#7734,
    PARAMETER_VALUE(1.001438555761E+03)),.T.,.PARAMETER.);
#7729 = LINE('',#7730,#7731);
#7730 = CARTESIAN_POINT('',(4.6E+04,2.55E+03,1.92195E+03));
#7731 = VECTOR('',#7732,1.);
#7732 = DIRECTION('',(0.998563510709,0.,5.358092085764E-02));
#7733 = CARTESIAN_POINT('',(4.6E+04,2.55E+03,1.92195E+03));
#7734 = CARTESIAN_POINT('',(4.7E+04,2.55E+03,1.975608E+03));
#7735 = GEOMETRIC_CURVE_SET('',(#7736));
#7736 = TRIMMED_CURVE('',#7737,(#7741,PARAMETER_VALUE(0.)),(#7742,
    PARAMETER_VALUE(1.00200865036E+03)),.T.,.PARAMETER.);
#7737 = LINE('',#7738,#7739);
#7738 = CARTESIAN_POINT('',(4.7E+04,2.55E+03,1.975608E+03));
#7739 = VECTOR('',#7740,1.);
#7740 = DIRECTION('',(0.997995376228,0.,6.328687878815E-02));
#7741 = CARTESIAN_POINT('',(4.7E+04,2.55E+03,1.975608E+03));
#7742 = CARTESIAN_POINT('',(4.8E+04,2.55E+03,2.039022E+03));
#7743 = GEOMETRIC_CURVE_SET('',(#7744));
#7744 = TRIMMED_CURVE('',#7745,(#7749,PARAMETER_VALUE(0.)),(#7750,
    PARAMETER_VALUE(1.002673351047E+03)),.T.,.PARAMETER.);
#7745 = LINE('',#7746,#7747);
#7746 = CARTESIAN_POINT('',(4.8E+04,2.55E+03,2.039022E+03));
#7747 = VECTOR('',#7748,1.);
#7748 = DIRECTION('',(0.997333776704,0.,7.297491244141E-02));
#7749 = CARTESIAN_POINT('',(4.8E+04,2.55E+03,2.039022E+03));
#7750 = CARTESIAN_POINT('',(4.9E+04,2.55E+03,2.112192E+03));
#7751 = GEOMETRIC_CURVE_SET('',(#7752));
#7752 = TRIMMED_CURVE('',#7753,(#7757,PARAMETER_VALUE(0.)),(#7758,
    PARAMETER_VALUE(1.003432469813E+03)),.T.,.PARAMETER.);
#7753 = LINE('',#7754,#7755);
#7754 = CARTESIAN_POINT('',(4.9E+04,2.55E+03,2.112192E+03));
#7755 = VECTOR('',#7756,1.);
#7756 = DIRECTION('',(0.996579271733,0.,8.264233268773E-02));
#7757 = CARTESIAN_POINT('',(4.9E+04,2.55E+03,2.112192E+03));
#7758 = CARTESIAN_POINT('',(5.E+04,2.55E+03,2.195118E+03));
#7759 = GEOMETRIC_CURVE_SET('',(#7760));
#7760 = TRIMMED_CURVE('',#7761,(#7765,PARAMETER_VALUE(0.)),(#7766,
    PARAMETER_VALUE(1.004285792553E+03)),.T.,.PARAMETER.);
#7761 = LINE('',#7762,#7763);
#7762 = CARTESIAN_POINT('',(5.E+04,2.55E+03,2.195118E+03));
#7763 = VECTOR('',#7764,1.);
#7764 = DIRECTION('',(0.995732497079,0.,9.228647929429E-02));
#7765 = CARTESIAN_POINT('',(5.E+04,2.55E+03,2.195118E+03));
#7766 = CARTESIAN_POINT('',(5.1E+04,2.55E+03,2.2878E+03));
#7767 = GEOMETRIC_CURVE_SET('',(#7768));
#7768 = TRIMMED_CURVE('',#7769,(#7773,PARAMETER_VALUE(0.)),(#7774,
    PARAMETER_VALUE(1.005233079362E+03)),.T.,.PARAMETER.);
#7769 = LINE('',#7770,#7771);
#7770 = CARTESIAN_POINT('',(5.1E+04,2.55E+03,2.2878E+03));
#7771 = VECTOR('',#7772,1.);
#7772 = DIRECTION('',(0.994794163195,0.,0.101904724489));
#7773 = CARTESIAN_POINT('',(5.1E+04,2.55E+03,2.2878E+03));
#7774 = CARTESIAN_POINT('',(5.2E+04,2.55E+03,2.390238E+03));
#7775 = GEOMETRIC_CURVE_SET('',(#7776));
#7776 = TRIMMED_CURVE('',#7777,(#7781,PARAMETER_VALUE(0.)),(#7782,
    PARAMETER_VALUE(1.006274064873E+03)),.T.,.PARAMETER.);
#7777 = LINE('',#7778,#7779);
#7778 = CARTESIAN_POINT('',(5.2E+04,2.55E+03,2.390238E+03));
#7779 = VECTOR('',#7780,1.);
#7780 = DIRECTION('',(0.993765053585,0.,0.111494476422));
#7781 = CARTESIAN_POINT('',(5.2E+04,2.55E+03,2.390238E+03));
#7782 = CARTESIAN_POINT('',(5.3E+04,2.55E+03,2.502432E+03));
#7783 = GEOMETRIC_CURVE_SET('',(#7784));
#7784 = TRIMMED_CURVE('',#7785,(#7789,PARAMETER_VALUE(0.)),(#7790,
    PARAMETER_VALUE(1.00740845862E+03)),.T.,.PARAMETER.);
#7785 = LINE('',#7786,#7787);
#7786 = CARTESIAN_POINT('',(5.3E+04,2.55E+03,2.502432E+03));
#7787 = VECTOR('',#7788,1.);
#7788 = DIRECTION('',(0.992646023014,0.,0.121053182507));
#7789 = CARTESIAN_POINT('',(5.3E+04,2.55E+03,2.502432E+03));
#7790 = CARTESIAN_POINT('',(5.4E+04,2.55E+03,2.624382E+03));
#7791 = GEOMETRIC_CURVE_SET('',(#7792));
#7792 = TRIMMED_CURVE('',#7793,(#7797,PARAMETER_VALUE(0.)),(#7798,
    PARAMETER_VALUE(1.008635945441E+03)),.T.,.PARAMETER.);
#7793 = LINE('',#7794,#7795);
#7794 = CARTESIAN_POINT('',(5.4E+04,2.55E+03,2.624382E+03));
#7795 = VECTOR('',#7796,1.);
#7796 = DIRECTION('',(0.991437995562,0.,0.130578332643));
#7797 = CARTESIAN_POINT('',(5.4E+04,2.55E+03,2.624382E+03));
#7798 = CARTESIAN_POINT('',(5.5E+04,2.55E+03,2.756088E+03));
#7799 = GEOMETRIC_CURVE_SET('',(#7800));
#7800 = TRIMMED_CURVE('',#7801,(#7805,PARAMETER_VALUE(0.)),(#7806,
    PARAMETER_VALUE(1.009956185903E+03)),.T.,.PARAMETER.);
#7801 = LINE('',#7802,#7803);
#7802 = CARTESIAN_POINT('',(5.5E+04,2.55E+03,2.756088E+03));
#7803 = VECTOR('',#7804,1.);
#7804 = DIRECTION('',(0.99014196255,0.,0.140067462306));
#7805 = CARTESIAN_POINT('',(5.5E+04,2.55E+03,2.756088E+03));
#7806 = CARTESIAN_POINT('',(5.6E+04,2.55E+03,2.89755E+03));
#7807 = GEOMETRIC_CURVE_SET('',(#7808));
#7808 = TRIMMED_CURVE('',#7809,(#7813,PARAMETER_VALUE(0.)),(#7814,
    PARAMETER_VALUE(1.011368816765E+03)),.T.,.PARAMETER.);
#7809 = LINE('',#7810,#7811);
#7810 = CARTESIAN_POINT('',(5.6E+04,2.55E+03,2.89755E+03));
#7811 = VECTOR('',#7812,1.);
#7812 = DIRECTION('',(0.988758980328,0.,0.149518155487));
#7813 = CARTESIAN_POINT('',(5.6E+04,2.55E+03,2.89755E+03));
#7814 = CARTESIAN_POINT('',(5.7E+04,2.55E+03,3.048768E+03));
#7815 = GEOMETRIC_CURVE_SET('',(#7816));
#7816 = TRIMMED_CURVE('',#7817,(#7821,PARAMETER_VALUE(0.)),(#7822,
    PARAMETER_VALUE(1.012873451462E+03)),.T.,.PARAMETER.);
#7817 = LINE('',#7818,#7819);
#7818 = CARTESIAN_POINT('',(5.7E+04,2.55E+03,3.048768E+03));
#7819 = VECTOR('',#7820,1.);
#7820 = DIRECTION('',(0.987290167944,0.,0.158928047495));
#7821 = CARTESIAN_POINT('',(5.7E+04,2.55E+03,3.048768E+03));
#7822 = CARTESIAN_POINT('',(5.8E+04,2.55E+03,3.209742E+03));
#7823 = GEOMETRIC_CURVE_SET('',(#7824));
#7824 = TRIMMED_CURVE('',#7825,(#7829,PARAMETER_VALUE(0.)),(#7830,
    PARAMETER_VALUE(1.014469680621E+03)),.T.,.PARAMETER.);
#7825 = LINE('',#7826,#7827);
#7826 = CARTESIAN_POINT('',(5.8E+04,2.55E+03,3.209742E+03));
#7827 = VECTOR('',#7828,1.);
#7828 = DIRECTION('',(0.985736704706,0.,0.168294827594));
#7829 = CARTESIAN_POINT('',(5.8E+04,2.55E+03,3.209742E+03));
#7830 = CARTESIAN_POINT('',(5.9E+04,2.55E+03,3.380472E+03));
#7831 = GEOMETRIC_CURVE_SET('',(#7832));
#7832 = TRIMMED_CURVE('',#7833,(#7837,PARAMETER_VALUE(0.)),(#7838,
    PARAMETER_VALUE(1.0161570726E+03)),.T.,.PARAMETER.);
#7833 = LINE('',#7834,#7835);
#7834 = CARTESIAN_POINT('',(5.9E+04,2.55E+03,3.380472E+03));
#7835 = VECTOR('',#7836,1.);
#7836 = DIRECTION('',(0.984099827639,0.,0.177616241491));
#7837 = CARTESIAN_POINT('',(5.9E+04,2.55E+03,3.380472E+03));
#7838 = CARTESIAN_POINT('',(6.E+04,2.55E+03,3.560958E+03));
#7839 = GEOMETRIC_CURVE_SET('',(#7840));
#7840 = TRIMMED_CURVE('',#7841,(#7845,PARAMETER_VALUE(0.)),(#7846,
    PARAMETER_VALUE(1.017935174048E+03)),.T.,.PARAMETER.);
#7841 = LINE('',#7842,#7843);
#7842 = CARTESIAN_POINT('',(6.E+04,2.55E+03,3.560958E+03));
#7843 = VECTOR('',#7844,1.);
#7844 = DIRECTION('',(0.982380828853,0.,0.186890093643));
#7845 = CARTESIAN_POINT('',(6.E+04,2.55E+03,3.560958E+03));
#7846 = CARTESIAN_POINT('',(6.1E+04,2.55E+03,3.7512E+03));
#7847 = GEOMETRIC_CURVE_SET('',(#7848));
#7848 = TRIMMED_CURVE('',#7849,(#7853,PARAMETER_VALUE(0.)),(#7854,
    PARAMETER_VALUE(1.019803510488E+03)),.T.,.PARAMETER.);
#7849 = LINE('',#7850,#7851);
#7850 = CARTESIAN_POINT('',(6.1E+04,2.55E+03,3.7512E+03));
#7851 = VECTOR('',#7852,1.);
#7852 = DIRECTION('',(0.980581052836,0.,0.196114249405));
#7853 = CARTESIAN_POINT('',(6.1E+04,2.55E+03,3.7512E+03));
#7854 = CARTESIAN_POINT('',(6.2E+04,2.55E+03,3.951198E+03));
#7855 = GEOMETRIC_CURVE_SET('',(#7856));
#7856 = TRIMMED_CURVE('',#7857,(#7861,PARAMETER_VALUE(0.)),(#7862,
    PARAMETER_VALUE(1.021761586925E+03)),.T.,.PARAMETER.);
#7857 = LINE('',#7858,#7859);
#7858 = CARTESIAN_POINT('',(6.2E+04,2.55E+03,3.951198E+03));
#7859 = VECTOR('',#7860,1.);
#7860 = DIRECTION('',(0.978701893667,0.,0.205286637004));
#7861 = CARTESIAN_POINT('',(6.2E+04,2.55E+03,3.951198E+03));
#7862 = CARTESIAN_POINT('',(6.3E+04,2.55E+03,4.160952E+03));
#7863 = GEOMETRIC_CURVE_SET('',(#7864));
#7864 = TRIMMED_CURVE('',#7865,(#7869,PARAMETER_VALUE(0.)),(#7870,
    PARAMETER_VALUE(1.023808888465E+03)),.T.,.PARAMETER.);
#7865 = LINE('',#7866,#7867);
#7866 = CARTESIAN_POINT('',(6.3E+04,2.55E+03,4.160952E+03));
#7867 = VECTOR('',#7868,1.);
#7868 = DIRECTION('',(0.976744792184,0.,0.214405249332));
#7869 = CARTESIAN_POINT('',(6.3E+04,2.55E+03,4.160952E+03));
#7870 = CARTESIAN_POINT('',(6.4E+04,2.55E+03,4.380462E+03));
#7871 = GEOMETRIC_CURVE_SET('',(#7872));
#7872 = TRIMMED_CURVE('',#7873,(#7877,PARAMETER_VALUE(0.)),(#7878,
    PARAMETER_VALUE(1.025944880954E+03)),.T.,.PARAMETER.);
#7873 = LINE('',#7874,#7875);
#7874 = CARTESIAN_POINT('',(6.4E+04,2.55E+03,4.380462E+03));
#7875 = VECTOR('',#7876,1.);
#7876 = DIRECTION('',(0.974711233093,0.,0.223468145566));
#7877 = CARTESIAN_POINT('',(6.4E+04,2.55E+03,4.380462E+03));
#7878 = CARTESIAN_POINT('',(6.5E+04,2.55E+03,4.609728E+03));
#7879 = GEOMETRIC_CURVE_SET('',(#7880));
#7880 = TRIMMED_CURVE('',#7881,(#7885,PARAMETER_VALUE(0.)),(#7886,
    PARAMETER_VALUE(1.028169011634E+03)),.T.,.PARAMETER.);
#7881 = LINE('',#7882,#7883);
#7882 = CARTESIAN_POINT('',(6.5E+04,2.55E+03,4.609728E+03));
#7883 = VECTOR('',#7884,1.);
#7884 = DIRECTION('',(0.972602742044,0.,0.232473452609));
#7885 = CARTESIAN_POINT('',(6.5E+04,2.55E+03,4.609728E+03));
#7886 = CARTESIAN_POINT('',(6.6E+04,2.55E+03,4.84875E+03));
#7887 = GEOMETRIC_CURVE_SET('',(#7888));
#7888 = TRIMMED_CURVE('',#7889,(#7893,PARAMETER_VALUE(0.)),(#7894,
    PARAMETER_VALUE(1.030480709807E+03)),.T.,.PARAMETER.);
#7889 = LINE('',#7890,#7891);
#7890 = CARTESIAN_POINT('',(6.6E+04,2.55E+03,4.84875E+03));
#7891 = VECTOR('',#7892,1.);
#7892 = DIRECTION('',(0.970420882684,0.,0.241419366352));
#7893 = CARTESIAN_POINT('',(6.6E+04,2.55E+03,4.84875E+03));
#7894 = CARTESIAN_POINT('',(6.7E+04,2.55E+03,5.097528E+03));
#7895 = GEOMETRIC_CURVE_SET('',(#7896));
#7896 = TRIMMED_CURVE('',#7897,(#7901,PARAMETER_VALUE(0.)),(#7902,
    PARAMETER_VALUE(1.032879387516E+03)),.T.,.PARAMETER.);
#7897 = LINE('',#7898,#7899);
#7898 = CARTESIAN_POINT('',(6.7E+04,2.55E+03,5.097528E+03));
#7899 = VECTOR('',#7900,1.);
#7900 = DIRECTION('',(0.968167253686,0.,0.250304152764));
#7901 = CARTESIAN_POINT('',(6.7E+04,2.55E+03,5.097528E+03));
#7902 = CARTESIAN_POINT('',(6.8E+04,2.55E+03,5.356062E+03));
#7903 = GEOMETRIC_CURVE_SET('',(#7904));
#7904 = TRIMMED_CURVE('',#7905,(#7909,PARAMETER_VALUE(0.)),(#7910,
    PARAMETER_VALUE(1.035364440233E+03)),.T.,.PARAMETER.);
#7905 = LINE('',#7906,#7907);
#7906 = CARTESIAN_POINT('',(6.8E+04,2.55E+03,5.356062E+03));
#7907 = VECTOR('',#7908,1.);
#7908 = DIRECTION('',(0.965843485772,0.,0.259126148798));
#7909 = CARTESIAN_POINT('',(6.8E+04,2.55E+03,5.356062E+03));
#7910 = CARTESIAN_POINT('',(6.9E+04,2.55E+03,5.624352E+03));
#7911 = GEOMETRIC_CURVE_SET('',(#7912));
#7912 = TRIMMED_CURVE('',#7913,(#7917,PARAMETER_VALUE(0.)),(#7918,
    PARAMETER_VALUE(1.037935247554E+03)),.T.,.PARAMETER.);
#7913 = LINE('',#7914,#7915);
#7914 = CARTESIAN_POINT('',(6.9E+04,2.55E+03,5.624352E+03));
#7915 = VECTOR('',#7916,1.);
#7916 = DIRECTION('',(0.963451238751,0.,0.26788376313));
#7917 = CARTESIAN_POINT('',(6.9E+04,2.55E+03,5.624352E+03));
#7918 = CARTESIAN_POINT('',(7.E+04,2.55E+03,5.902398E+03));
#7919 = GEOMETRIC_CURVE_SET('',(#7920));
#7920 = TRIMMED_CURVE('',#7921,(#7925,PARAMETER_VALUE(0.)),(#7926,
    PARAMETER_VALUE(1.040591173903E+03)),.T.,.PARAMETER.);
#7921 = LINE('',#7922,#7923);
#7922 = CARTESIAN_POINT('',(7.E+04,2.55E+03,5.902398E+03));
#7923 = VECTOR('',#7924,1.);
#7924 = DIRECTION('',(0.96099219855,0.,0.276575476727));
#7925 = CARTESIAN_POINT('',(7.E+04,2.55E+03,5.902398E+03));
#7926 = CARTESIAN_POINT('',(7.1E+04,2.55E+03,6.1902E+03));
#7927 = GEOMETRIC_CURVE_SET('',(#7928));
#7928 = TRIMMED_CURVE('',#7929,(#7933,PARAMETER_VALUE(0.)),(#7934,
    PARAMETER_VALUE(1.043331569236E+03)),.T.,.PARAMETER.);
#7929 = LINE('',#7930,#7931);
#7930 = CARTESIAN_POINT('',(7.1E+04,2.55E+03,6.1902E+03));
#7931 = VECTOR('',#7932,1.);
#7932 = DIRECTION('',(0.958468074279,0.,0.285199843246));
#7933 = CARTESIAN_POINT('',(7.1E+04,2.55E+03,6.1902E+03));
#7934 = CARTESIAN_POINT('',(7.2E+04,2.55E+03,6.487758E+03));
#7935 = GEOMETRIC_CURVE_SET('',(#7936));
#7936 = TRIMMED_CURVE('',#7937,(#7941,PARAMETER_VALUE(0.)),(#7942,
    PARAMETER_VALUE(1.046155769757E+03)),.T.,.PARAMETER.);
#7937 = LINE('',#7938,#7939);
#7938 = CARTESIAN_POINT('',(7.2E+04,2.55E+03,6.487758E+03));
#7939 = VECTOR('',#7940,1.);
#7940 = DIRECTION('',(0.955880595327,0.,0.293755489272));
#7941 = CARTESIAN_POINT('',(7.2E+04,2.55E+03,6.487758E+03));
#7942 = CARTESIAN_POINT('',(7.3E+04,2.55E+03,6.795072E+03));
#7943 = GEOMETRIC_CURVE_SET('',(#7944));
#7944 = TRIMMED_CURVE('',#7945,(#7949,PARAMETER_VALUE(0.)),(#7950,
    PARAMETER_VALUE(1.049063098627E+03)),.T.,.PARAMETER.);
#7945 = LINE('',#7946,#7947);
#7946 = CARTESIAN_POINT('',(7.3E+04,2.55E+03,6.795072E+03));
#7947 = VECTOR('',#7948,1.);
#7948 = DIRECTION('',(0.953231508485,0.,0.302241114395));
#7949 = CARTESIAN_POINT('',(7.3E+04,2.55E+03,6.795072E+03));
#7950 = CARTESIAN_POINT('',(7.4E+04,2.55E+03,7.112142E+03));
#7951 = GEOMETRIC_CURVE_SET('',(#7952));
#7952 = TRIMMED_CURVE('',#7953,(#7957,PARAMETER_VALUE(0.)),(#7958,
    PARAMETER_VALUE(1.052052866674E+03)),.T.,.PARAMETER.);
#7953 = LINE('',#7954,#7955);
#7954 = CARTESIAN_POINT('',(7.4E+04,2.55E+03,7.112142E+03));
#7955 = VECTOR('',#7956,1.);
#7956 = DIRECTION('',(0.950522575127,0.,0.310655491138));
#7957 = CARTESIAN_POINT('',(7.4E+04,2.55E+03,7.112142E+03));
#7958 = CARTESIAN_POINT('',(7.5E+04,2.55E+03,7.438968E+03));
#7959 = GEOMETRIC_CURVE_SET('',(#7960));
#7960 = TRIMMED_CURVE('',#7961,(#7965,PARAMETER_VALUE(0.)),(#7966,
    PARAMETER_VALUE(1.055124373107E+03)),.T.,.PARAMETER.);
#7961 = LINE('',#7962,#7963);
#7962 = CARTESIAN_POINT('',(7.5E+04,2.55E+03,7.438968E+03));
#7963 = VECTOR('',#7964,1.);
#7964 = DIRECTION('',(0.947755568432,0.,0.318997464734));
#7965 = CARTESIAN_POINT('',(7.5E+04,2.55E+03,7.438968E+03));
#7966 = CARTESIAN_POINT('',(7.6E+04,2.55E+03,7.77555E+03));
#7967 = GEOMETRIC_CURVE_SET('',(#7968));
#7968 = TRIMMED_CURVE('',#7969,(#7973,PARAMETER_VALUE(0.)),(#7974,
    PARAMETER_VALUE(1.058276906223E+03)),.T.,.PARAMETER.);
#7969 = LINE('',#7970,#7971);
#7970 = CARTESIAN_POINT('',(7.6E+04,2.55E+03,7.77555E+03));
#7971 = VECTOR('',#7972,1.);
#7972 = DIRECTION('',(0.944932270675,0.,0.327265952761));
#7973 = CARTESIAN_POINT('',(7.6E+04,2.55E+03,7.77555E+03));
#7974 = CARTESIAN_POINT('',(7.7E+04,2.55E+03,8.121888E+03));
#7975 = GEOMETRIC_CURVE_SET('',(#7976));
#7976 = TRIMMED_CURVE('',#7977,(#7981,PARAMETER_VALUE(0.)),(#7982,
    PARAMETER_VALUE(1.061509744108E+03)),.T.,.PARAMETER.);
#7977 = LINE('',#7978,#7979);
#7978 = CARTESIAN_POINT('',(7.7E+04,2.55E+03,8.121888E+03));
#7979 = VECTOR('',#7980,1.);
#7980 = DIRECTION('',(0.942054470579,0.,0.335459944646));
#7981 = CARTESIAN_POINT('',(7.7E+04,2.55E+03,8.121888E+03));
#7982 = CARTESIAN_POINT('',(7.8E+04,2.55E+03,8.477982E+03));
#7983 = GEOMETRIC_CURVE_SET('',(#7984));
#7984 = TRIMMED_CURVE('',#7985,(#7989,PARAMETER_VALUE(0.)),(#7990,
    PARAMETER_VALUE(1.064822155339E+03)),.T.,.PARAMETER.);
#7985 = LINE('',#7986,#7987);
#7986 = CARTESIAN_POINT('',(7.8E+04,2.55E+03,8.477982E+03));
#7987 = VECTOR('',#7988,1.);
#7988 = DIRECTION('',(0.939123960735,0.,0.343578501035));
#7989 = CARTESIAN_POINT('',(7.8E+04,2.55E+03,8.477982E+03));
#7990 = CARTESIAN_POINT('',(7.9E+04,2.55E+03,8.843832E+03));
#7991 = GEOMETRIC_CURVE_SET('',(#7992));
#7992 = TRIMMED_CURVE('',#7993,(#7997,PARAMETER_VALUE(0.)),(#7998,
    PARAMETER_VALUE(1.068213399671E+03)),.T.,.PARAMETER.);
#7993 = LINE('',#7994,#7995);
#7994 = CARTESIAN_POINT('',(7.9E+04,2.55E+03,8.843832E+03));
#7995 = VECTOR('',#7996,1.);
#7996 = DIRECTION('',(0.936142535104,0.,0.35162075304));
#7997 = CARTESIAN_POINT('',(7.9E+04,2.55E+03,8.843832E+03));
#7998 = CARTESIAN_POINT('',(8.E+04,2.55E+03,9.219438E+03));
#7999 = GEOMETRIC_CURVE_SET('',(#8000));
#8000 = TRIMMED_CURVE('',#8001,(#8005,PARAMETER_VALUE(0.)),(#8006,
    PARAMETER_VALUE(1.071682728723E+03)),.T.,.PARAMETER.);
#8001 = LINE('',#8002,#8003);
#8002 = CARTESIAN_POINT('',(8.E+04,2.55E+03,9.219438E+03));
#8003 = VECTOR('',#8004,1.);
#8004 = DIRECTION('',(0.933111986596,0.,0.359585901379));
#8005 = CARTESIAN_POINT('',(8.E+04,2.55E+03,9.219438E+03));
#8006 = CARTESIAN_POINT('',(8.1E+04,2.55E+03,9.6048E+03));
#8007 = GEOMETRIC_CURVE_SET('',(#8008));
#8008 = TRIMMED_CURVE('',#8009,(#8013,PARAMETER_VALUE(0.)),(#8014,
    PARAMETER_VALUE(577.59111634145)),.T.,.PARAMETER.);
#8009 = LINE('',#8010,#8011);
#8010 = CARTESIAN_POINT('',(8.1E+04,2.55E+03,9.6048E+03));
#8011 = VECTOR('',#8012,1.);
#8012 = DIRECTION('',(0.930749835174,0.,0.365656593435));
#8013 = CARTESIAN_POINT('',(8.1E+04,2.55E+03,9.6048E+03));
#8014 = CARTESIAN_POINT('',(8.153759283633E+04,2.55E+03,9.816E+03));
#8015 = GEOMETRIC_CURVE_SET('',(#8016));
#8016 = TRIMMED_CURVE('',#8017,(#8021,PARAMETER_VALUE(0.)),(#8022,
    PARAMETER_VALUE(8.407768E+03)),.T.,.PARAMETER.);
#8017 = LINE('',#8018,#8019);
#8018 = CARTESIAN_POINT('',(5.E+03,2.55E+03,8.121888E+03));
#8019 = VECTOR('',#8020,1.);
#8020 = DIRECTION('',(0.,0.,-1.));
#8021 = CARTESIAN_POINT('',(5.E+03,2.55E+03,8.121888E+03));
#8022 = CARTESIAN_POINT('',(5.E+03,2.55E+03,-285.88));
#8023 = GEOMETRIC_CURVE_SET('',(#8024));
#8024 = TRIMMED_CURVE('',#8025,(#8029,PARAMETER_VALUE(0.)),(#8030,
    PARAMETER_VALUE(75.88)),.T.,.PARAMETER.);
#8025 = LINE('',#8026,#8027);
#8026 = CARTESIAN_POINT('',(5.E+03,2.55E+03,-285.88));
#8027 = VECTOR('',#8028,1.);
#8028 = DIRECTION('',(0.,0.,1.));
#8029 = CARTESIAN_POINT('',(5.E+03,2.55E+03,-285.88));
#8030 = CARTESIAN_POINT('',(5.E+03,2.55E+03,-210.));
#8031 = GEOMETRIC_CURVE_SET('',(#8032));
#8032 = TRIMMED_CURVE('',#8033,(#8037,PARAMETER_VALUE(0.)),(#8038,
    PARAMETER_VALUE(7.398022E+03)),.T.,.PARAMETER.);
#8033 = LINE('',#8034,#8035);
#8034 = CARTESIAN_POINT('',(8.E+03,2.55E+03,7.112142E+03));
#8035 = VECTOR('',#8036,1.);
#8036 = DIRECTION('',(0.,0.,-1.));
#8037 = CARTESIAN_POINT('',(8.E+03,2.55E+03,7.112142E+03));
#8038 = CARTESIAN_POINT('',(8.E+03,2.55E+03,-285.88));
#8039 = GEOMETRIC_CURVE_SET('',(#8040));
#8040 = TRIMMED_CURVE('',#8041,(#8045,PARAMETER_VALUE(0.)),(#8046,
    PARAMETER_VALUE(75.88)),.T.,.PARAMETER.);
#8041 = LINE('',#8042,#8043);
#8042 = CARTESIAN_POINT('',(8.E+03,2.55E+03,-285.88));
#8043 = VECTOR('',#8044,1.);
#8044 = DIRECTION('',(0.,0.,1.));
#8045 = CARTESIAN_POINT('',(8.E+03,2.55E+03,-285.88));
#8046 = CARTESIAN_POINT('',(8.E+03,2.55E+03,-210.));
#8047 = GEOMETRIC_CURVE_SET('',(#8048));
#8048 = TRIMMED_CURVE('',#8049,(#8053,PARAMETER_VALUE(0.)),(#8054,
    PARAMETER_VALUE(6.47608E+03)),.T.,.PARAMETER.);
#8049 = LINE('',#8050,#8051);
#8050 = CARTESIAN_POINT('',(1.1E+04,2.55E+03,6.1902E+03));
#8051 = VECTOR('',#8052,1.);
#8052 = DIRECTION('',(0.,0.,-1.));
#8053 = CARTESIAN_POINT('',(1.1E+04,2.55E+03,6.1902E+03));
#8054 = CARTESIAN_POINT('',(1.1E+04,2.55E+03,-285.88));
#8055 = GEOMETRIC_CURVE_SET('',(#8056));
#8056 = TRIMMED_CURVE('',#8057,(#8061,PARAMETER_VALUE(0.)),(#8062,
    PARAMETER_VALUE(75.88)),.T.,.PARAMETER.);
#8057 = LINE('',#8058,#8059);
#8058 = CARTESIAN_POINT('',(1.1E+04,2.55E+03,-285.88));
#8059 = VECTOR('',#8060,1.);
#8060 = DIRECTION('',(0.,0.,1.));
#8061 = CARTESIAN_POINT('',(1.1E+04,2.55E+03,-285.88));
#8062 = CARTESIAN_POINT('',(1.1E+04,2.55E+03,-210.));
#8063 = GEOMETRIC_CURVE_SET('',(#8064));
#8064 = TRIMMED_CURVE('',#8065,(#8069,PARAMETER_VALUE(0.)),(#8070,
    PARAMETER_VALUE(5.641942E+03)),.T.,.PARAMETER.);
#8065 = LINE('',#8066,#8067);
#8066 = CARTESIAN_POINT('',(1.4E+04,2.55E+03,5.356062E+03));
#8067 = VECTOR('',#8068,1.);
#8068 = DIRECTION('',(0.,0.,-1.));
#8069 = CARTESIAN_POINT('',(1.4E+04,2.55E+03,5.356062E+03));
#8070 = CARTESIAN_POINT('',(1.4E+04,2.55E+03,-285.88));
#8071 = GEOMETRIC_CURVE_SET('',(#8072));
#8072 = TRIMMED_CURVE('',#8073,(#8077,PARAMETER_VALUE(0.)),(#8078,
    PARAMETER_VALUE(75.88)),.T.,.PARAMETER.);
#8073 = LINE('',#8074,#8075);
#8074 = CARTESIAN_POINT('',(1.4E+04,2.55E+03,-285.88));
#8075 = VECTOR('',#8076,1.);
#8076 = DIRECTION('',(0.,0.,1.));
#8077 = CARTESIAN_POINT('',(1.4E+04,2.55E+03,-285.88));
#8078 = CARTESIAN_POINT('',(1.4E+04,2.55E+03,-210.));
#8079 = GEOMETRIC_CURVE_SET('',(#8080));
#8080 = TRIMMED_CURVE('',#8081,(#8085,PARAMETER_VALUE(0.)),(#8086,
    PARAMETER_VALUE(4.895608E+03)),.T.,.PARAMETER.);
#8081 = LINE('',#8082,#8083);
#8082 = CARTESIAN_POINT('',(1.7E+04,2.55E+03,4.609728E+03));
#8083 = VECTOR('',#8084,1.);
#8084 = DIRECTION('',(0.,0.,-1.));
#8085 = CARTESIAN_POINT('',(1.7E+04,2.55E+03,4.609728E+03));
#8086 = CARTESIAN_POINT('',(1.7E+04,2.55E+03,-285.88));
#8087 = GEOMETRIC_CURVE_SET('',(#8088));
#8088 = TRIMMED_CURVE('',#8089,(#8093,PARAMETER_VALUE(0.)),(#8094,
    PARAMETER_VALUE(75.88)),.T.,.PARAMETER.);
#8089 = LINE('',#8090,#8091);
#8090 = CARTESIAN_POINT('',(1.7E+04,2.55E+03,-285.88));
#8091 = VECTOR('',#8092,1.);
#8092 = DIRECTION('',(0.,0.,1.));
#8093 = CARTESIAN_POINT('',(1.7E+04,2.55E+03,-285.88));
#8094 = CARTESIAN_POINT('',(1.7E+04,2.55E+03,-210.));
#8095 = GEOMETRIC_CURVE_SET('',(#8096));
#8096 = TRIMMED_CURVE('',#8097,(#8101,PARAMETER_VALUE(0.)),(#8102,
    PARAMETER_VALUE(4.237078E+03)),.T.,.PARAMETER.);
#8097 = LINE('',#8098,#8099);
#8098 = CARTESIAN_POINT('',(2.E+04,2.55E+03,3.951198E+03));
#8099 = VECTOR('',#8100,1.);
#8100 = DIRECTION('',(0.,0.,-1.));
#8101 = CARTESIAN_POINT('',(2.E+04,2.55E+03,3.951198E+03));
#8102 = CARTESIAN_POINT('',(2.E+04,2.55E+03,-285.88));
#8103 = GEOMETRIC_CURVE_SET('',(#8104));
#8104 = TRIMMED_CURVE('',#8105,(#8109,PARAMETER_VALUE(0.)),(#8110,
    PARAMETER_VALUE(75.88)),.T.,.PARAMETER.);
#8105 = LINE('',#8106,#8107);
#8106 = CARTESIAN_POINT('',(2.E+04,2.55E+03,-285.88));
#8107 = VECTOR('',#8108,1.);
#8108 = DIRECTION('',(0.,0.,1.));
#8109 = CARTESIAN_POINT('',(2.E+04,2.55E+03,-285.88));
#8110 = CARTESIAN_POINT('',(2.E+04,2.55E+03,-210.));
#8111 = GEOMETRIC_CURVE_SET('',(#8112));
#8112 = TRIMMED_CURVE('',#8113,(#8117,PARAMETER_VALUE(0.)),(#8118,
    PARAMETER_VALUE(3.666352E+03)),.T.,.PARAMETER.);
#8113 = LINE('',#8114,#8115);
#8114 = CARTESIAN_POINT('',(2.3E+04,2.55E+03,3.380472E+03));
#8115 = VECTOR('',#8116,1.);
#8116 = DIRECTION('',(0.,0.,-1.));
#8117 = CARTESIAN_POINT('',(2.3E+04,2.55E+03,3.380472E+03));
#8118 = CARTESIAN_POINT('',(2.3E+04,2.55E+03,-285.88));
#8119 = GEOMETRIC_CURVE_SET('',(#8120));
#8120 = TRIMMED_CURVE('',#8121,(#8125,PARAMETER_VALUE(0.)),(#8126,
    PARAMETER_VALUE(75.88)),.T.,.PARAMETER.);
#8121 = LINE('',#8122,#8123);
#8122 = CARTESIAN_POINT('',(2.3E+04,2.55E+03,-285.88));
#8123 = VECTOR('',#8124,1.);
#8124 = DIRECTION('',(0.,0.,1.));
#8125 = CARTESIAN_POINT('',(2.3E+04,2.55E+03,-285.88));
#8126 = CARTESIAN_POINT('',(2.3E+04,2.55E+03,-210.));
#8127 = GEOMETRIC_CURVE_SET('',(#8128));
#8128 = TRIMMED_CURVE('',#8129,(#8133,PARAMETER_VALUE(0.)),(#8134,
    PARAMETER_VALUE(3.18343E+03)),.T.,.PARAMETER.);
#8129 = LINE('',#8130,#8131);
#8130 = CARTESIAN_POINT('',(2.6E+04,2.55E+03,2.89755E+03));
#8131 = VECTOR('',#8132,1.);
#8132 = DIRECTION('',(0.,0.,-1.));
#8133 = CARTESIAN_POINT('',(2.6E+04,2.55E+03,2.89755E+03));
#8134 = CARTESIAN_POINT('',(2.6E+04,2.55E+03,-285.88));
#8135 = GEOMETRIC_CURVE_SET('',(#8136));
#8136 = TRIMMED_CURVE('',#8137,(#8141,PARAMETER_VALUE(0.)),(#8142,
    PARAMETER_VALUE(75.88)),.T.,.PARAMETER.);
#8137 = LINE('',#8138,#8139);
#8138 = CARTESIAN_POINT('',(2.6E+04,2.55E+03,-285.88));
#8139 = VECTOR('',#8140,1.);
#8140 = DIRECTION('',(0.,0.,1.));
#8141 = CARTESIAN_POINT('',(2.6E+04,2.55E+03,-285.88));
#8142 = CARTESIAN_POINT('',(2.6E+04,2.55E+03,-210.));
#8143 = GEOMETRIC_CURVE_SET('',(#8144));
#8144 = TRIMMED_CURVE('',#8145,(#8149,PARAMETER_VALUE(0.)),(#8150,
    PARAMETER_VALUE(2.788312E+03)),.T.,.PARAMETER.);
#8145 = LINE('',#8146,#8147);
#8146 = CARTESIAN_POINT('',(2.9E+04,2.55E+03,2.502432E+03));
#8147 = VECTOR('',#8148,1.);
#8148 = DIRECTION('',(0.,0.,-1.));
#8149 = CARTESIAN_POINT('',(2.9E+04,2.55E+03,2.502432E+03));
#8150 = CARTESIAN_POINT('',(2.9E+04,2.55E+03,-285.88));
#8151 = GEOMETRIC_CURVE_SET('',(#8152));
#8152 = TRIMMED_CURVE('',#8153,(#8157,PARAMETER_VALUE(0.)),(#8158,
    PARAMETER_VALUE(75.88)),.T.,.PARAMETER.);
#8153 = LINE('',#8154,#8155);
#8154 = CARTESIAN_POINT('',(2.9E+04,2.55E+03,-285.88));
#8155 = VECTOR('',#8156,1.);
#8156 = DIRECTION('',(0.,0.,1.));
#8157 = CARTESIAN_POINT('',(2.9E+04,2.55E+03,-285.88));
#8158 = CARTESIAN_POINT('',(2.9E+04,2.55E+03,-210.));
#8159 = GEOMETRIC_CURVE_SET('',(#8160));
#8160 = TRIMMED_CURVE('',#8161,(#8165,PARAMETER_VALUE(0.)),(#8166,
    PARAMETER_VALUE(2.480998E+03)),.T.,.PARAMETER.);
#8161 = LINE('',#8162,#8163);
#8162 = CARTESIAN_POINT('',(3.2E+04,2.55E+03,2.195118E+03));
#8163 = VECTOR('',#8164,1.);
#8164 = DIRECTION('',(0.,0.,-1.));
#8165 = CARTESIAN_POINT('',(3.2E+04,2.55E+03,2.195118E+03));
#8166 = CARTESIAN_POINT('',(3.2E+04,2.55E+03,-285.88));
#8167 = GEOMETRIC_CURVE_SET('',(#8168));
#8168 = TRIMMED_CURVE('',#8169,(#8173,PARAMETER_VALUE(0.)),(#8174,
    PARAMETER_VALUE(75.88)),.T.,.PARAMETER.);
#8169 = LINE('',#8170,#8171);
#8170 = CARTESIAN_POINT('',(3.2E+04,2.55E+03,-285.88));
#8171 = VECTOR('',#8172,1.);
#8172 = DIRECTION('',(0.,0.,1.));
#8173 = CARTESIAN_POINT('',(3.2E+04,2.55E+03,-285.88));
#8174 = CARTESIAN_POINT('',(3.2E+04,2.55E+03,-210.));
#8175 = GEOMETRIC_CURVE_SET('',(#8176));
#8176 = TRIMMED_CURVE('',#8177,(#8181,PARAMETER_VALUE(0.)),(#8182,
    PARAMETER_VALUE(2.261488E+03)),.T.,.PARAMETER.);
#8177 = LINE('',#8178,#8179);
#8178 = CARTESIAN_POINT('',(3.5E+04,2.55E+03,1.975608E+03));
#8179 = VECTOR('',#8180,1.);
#8180 = DIRECTION('',(0.,0.,-1.));
#8181 = CARTESIAN_POINT('',(3.5E+04,2.55E+03,1.975608E+03));
#8182 = CARTESIAN_POINT('',(3.5E+04,2.55E+03,-285.88));
#8183 = GEOMETRIC_CURVE_SET('',(#8184));
#8184 = TRIMMED_CURVE('',#8185,(#8189,PARAMETER_VALUE(0.)),(#8190,
    PARAMETER_VALUE(75.88)),.T.,.PARAMETER.);
#8185 = LINE('',#8186,#8187);
#8186 = CARTESIAN_POINT('',(3.5E+04,2.55E+03,-285.88));
#8187 = VECTOR('',#8188,1.);
#8188 = DIRECTION('',(0.,0.,1.));
#8189 = CARTESIAN_POINT('',(3.5E+04,2.55E+03,-285.88));
#8190 = CARTESIAN_POINT('',(3.5E+04,2.55E+03,-210.));
#8191 = GEOMETRIC_CURVE_SET('',(#8192));
#8192 = TRIMMED_CURVE('',#8193,(#8197,PARAMETER_VALUE(0.)),(#8198,
    PARAMETER_VALUE(2.129782E+03)),.T.,.PARAMETER.);
#8193 = LINE('',#8194,#8195);
#8194 = CARTESIAN_POINT('',(3.8E+04,2.55E+03,1.843902E+03));
#8195 = VECTOR('',#8196,1.);
#8196 = DIRECTION('',(0.,0.,-1.));
#8197 = CARTESIAN_POINT('',(3.8E+04,2.55E+03,1.843902E+03));
#8198 = CARTESIAN_POINT('',(3.8E+04,2.55E+03,-285.88));
#8199 = GEOMETRIC_CURVE_SET('',(#8200));
#8200 = TRIMMED_CURVE('',#8201,(#8205,PARAMETER_VALUE(0.)),(#8206,
    PARAMETER_VALUE(75.88)),.T.,.PARAMETER.);
#8201 = LINE('',#8202,#8203);
#8202 = CARTESIAN_POINT('',(3.8E+04,2.55E+03,-285.88));
#8203 = VECTOR('',#8204,1.);
#8204 = DIRECTION('',(0.,0.,1.));
#8205 = CARTESIAN_POINT('',(3.8E+04,2.55E+03,-285.88));
#8206 = CARTESIAN_POINT('',(3.8E+04,2.55E+03,-210.));
#8207 = GEOMETRIC_CURVE_SET('',(#8208));
#8208 = TRIMMED_CURVE('',#8209,(#8213,PARAMETER_VALUE(0.)),(#8214,
    PARAMETER_VALUE(2.08588E+03)),.T.,.PARAMETER.);
#8209 = LINE('',#8210,#8211);
#8210 = CARTESIAN_POINT('',(4.1E+04,2.55E+03,1.8E+03));
#8211 = VECTOR('',#8212,1.);
#8212 = DIRECTION('',(0.,0.,-1.));
#8213 = CARTESIAN_POINT('',(4.1E+04,2.55E+03,1.8E+03));
#8214 = CARTESIAN_POINT('',(4.1E+04,2.55E+03,-285.88));
#8215 = GEOMETRIC_CURVE_SET('',(#8216));
#8216 = TRIMMED_CURVE('',#8217,(#8221,PARAMETER_VALUE(0.)),(#8222,
    PARAMETER_VALUE(75.88)),.T.,.PARAMETER.);
#8217 = LINE('',#8218,#8219);
#8218 = CARTESIAN_POINT('',(4.1E+04,2.55E+03,-285.88));
#8219 = VECTOR('',#8220,1.);
#8220 = DIRECTION('',(0.,0.,1.));
#8221 = CARTESIAN_POINT('',(4.1E+04,2.55E+03,-285.88));
#8222 = CARTESIAN_POINT('',(4.1E+04,2.55E+03,-210.));
#8223 = GEOMETRIC_CURVE_SET('',(#8224));
#8224 = TRIMMED_CURVE('',#8225,(#8229,PARAMETER_VALUE(0.)),(#8230,
    PARAMETER_VALUE(2.129782E+03)),.T.,.PARAMETER.);
#8225 = LINE('',#8226,#8227);
#8226 = CARTESIAN_POINT('',(4.4E+04,2.55E+03,1.843902E+03));
#8227 = VECTOR('',#8228,1.);
#8228 = DIRECTION('',(0.,0.,-1.));
#8229 = CARTESIAN_POINT('',(4.4E+04,2.55E+03,1.843902E+03));
#8230 = CARTESIAN_POINT('',(4.4E+04,2.55E+03,-285.88));
#8231 = GEOMETRIC_CURVE_SET('',(#8232));
#8232 = TRIMMED_CURVE('',#8233,(#8237,PARAMETER_VALUE(0.)),(#8238,
    PARAMETER_VALUE(75.88)),.T.,.PARAMETER.);
#8233 = LINE('',#8234,#8235);
#8234 = CARTESIAN_POINT('',(4.4E+04,2.55E+03,-285.88));
#8235 = VECTOR('',#8236,1.);
#8236 = DIRECTION('',(0.,0.,1.));
#8237 = CARTESIAN_POINT('',(4.4E+04,2.55E+03,-285.88));
#8238 = CARTESIAN_POINT('',(4.4E+04,2.55E+03,-210.));
#8239 = GEOMETRIC_CURVE_SET('',(#8240));
#8240 = TRIMMED_CURVE('',#8241,(#8245,PARAMETER_VALUE(0.)),(#8246,
    PARAMETER_VALUE(2.261488E+03)),.T.,.PARAMETER.);
#8241 = LINE('',#8242,#8243);
#8242 = CARTESIAN_POINT('',(4.7E+04,2.55E+03,1.975608E+03));
#8243 = VECTOR('',#8244,1.);
#8244 = DIRECTION('',(0.,0.,-1.));
#8245 = CARTESIAN_POINT('',(4.7E+04,2.55E+03,1.975608E+03));
#8246 = CARTESIAN_POINT('',(4.7E+04,2.55E+03,-285.88));
#8247 = GEOMETRIC_CURVE_SET('',(#8248));
#8248 = TRIMMED_CURVE('',#8249,(#8253,PARAMETER_VALUE(0.)),(#8254,
    PARAMETER_VALUE(75.88)),.T.,.PARAMETER.);
#8249 = LINE('',#8250,#8251);
#8250 = CARTESIAN_POINT('',(4.7E+04,2.55E+03,-285.88));
#8251 = VECTOR('',#8252,1.);
#8252 = DIRECTION('',(0.,0.,1.));
#8253 = CARTESIAN_POINT('',(4.7E+04,2.55E+03,-285.88));
#8254 = CARTESIAN_POINT('',(4.7E+04,2.55E+03,-210.));
#8255 = GEOMETRIC_CURVE_SET('',(#8256));
#8256 = TRIMMED_CURVE('',#8257,(#8261,PARAMETER_VALUE(0.)),(#8262,
    PARAMETER_VALUE(2.480998E+03)),.T.,.PARAMETER.);
#8257 = LINE('',#8258,#8259);
#8258 = CARTESIAN_POINT('',(5.E+04,2.55E+03,2.195118E+03));
#8259 = VECTOR('',#8260,1.);
#8260 = DIRECTION('',(0.,0.,-1.));
#8261 = CARTESIAN_POINT('',(5.E+04,2.55E+03,2.195118E+03));
#8262 = CARTESIAN_POINT('',(5.E+04,2.55E+03,-285.88));
#8263 = GEOMETRIC_CURVE_SET('',(#8264));
#8264 = TRIMMED_CURVE('',#8265,(#8269,PARAMETER_VALUE(0.)),(#8270,
    PARAMETER_VALUE(75.88)),.T.,.PARAMETER.);
#8265 = LINE('',#8266,#8267);
#8266 = CARTESIAN_POINT('',(5.E+04,2.55E+03,-285.88));
#8267 = VECTOR('',#8268,1.);
#8268 = DIRECTION('',(0.,0.,1.));
#8269 = CARTESIAN_POINT('',(5.E+04,2.55E+03,-285.88));
#8270 = CARTESIAN_POINT('',(5.E+04,2.55E+03,-210.));
#8271 = GEOMETRIC_CURVE_SET('',(#8272));
#8272 = TRIMMED_CURVE('',#8273,(#8277,PARAMETER_VALUE(0.)),(#8278,
    PARAMETER_VALUE(2.788312E+03)),.T.,.PARAMETER.);
#8273 = LINE('',#8274,#8275);
#8274 = CARTESIAN_POINT('',(5.3E+04,2.55E+03,2.502432E+03));
#8275 = VECTOR('',#8276,1.);
#8276 = DIRECTION('',(0.,0.,-1.));
#8277 = CARTESIAN_POINT('',(5.3E+04,2.55E+03,2.502432E+03));
#8278 = CARTESIAN_POINT('',(5.3E+04,2.55E+03,-285.88));
#8279 = GEOMETRIC_CURVE_SET('',(#8280));
#8280 = TRIMMED_CURVE('',#8281,(#8285,PARAMETER_VALUE(0.)),(#8286,
    PARAMETER_VALUE(75.88)),.T.,.PARAMETER.);
#8281 = LINE('',#8282,#8283);
#8282 = CARTESIAN_POINT('',(5.3E+04,2.55E+03,-285.88));
#8283 = VECTOR('',#8284,1.);
#8284 = DIRECTION('',(0.,0.,1.));
#8285 = CARTESIAN_POINT('',(5.3E+04,2.55E+03,-285.88));
#8286 = CARTESIAN_POINT('',(5.3E+04,2.55E+03,-210.));
#8287 = GEOMETRIC_CURVE_SET('',(#8288));
#8288 = TRIMMED_CURVE('',#8289,(#8293,PARAMETER_VALUE(0.)),(#8294,
    PARAMETER_VALUE(3.18343E+03)),.T.,.PARAMETER.);
#8289 = LINE('',#8290,#8291);
#8290 = CARTESIAN_POINT('',(5.6E+04,2.55E+03,2.89755E+03));
#8291 = VECTOR('',#8292,1.);
#8292 = DIRECTION('',(0.,0.,-1.));
#8293 = CARTESIAN_POINT('',(5.6E+04,2.55E+03,2.89755E+03));
#8294 = CARTESIAN_POINT('',(5.6E+04,2.55E+03,-285.88));
#8295 = GEOMETRIC_CURVE_SET('',(#8296));
#8296 = TRIMMED_CURVE('',#8297,(#8301,PARAMETER_VALUE(0.)),(#8302,
    PARAMETER_VALUE(75.88)),.T.,.PARAMETER.);
#8297 = LINE('',#8298,#8299);
#8298 = CARTESIAN_POINT('',(5.6E+04,2.55E+03,-285.88));
#8299 = VECTOR('',#8300,1.);
#8300 = DIRECTION('',(0.,0.,1.));
#8301 = CARTESIAN_POINT('',(5.6E+04,2.55E+03,-285.88));
#8302 = CARTESIAN_POINT('',(5.6E+04,2.55E+03,-210.));
#8303 = GEOMETRIC_CURVE_SET('',(#8304));
#8304 = TRIMMED_CURVE('',#8305,(#8309,PARAMETER_VALUE(0.)),(#8310,
    PARAMETER_VALUE(3.666352E+03)),.T.,.PARAMETER.);
#8305 = LINE('',#8306,#8307);
#8306 = CARTESIAN_POINT('',(5.9E+04,2.55E+03,3.380472E+03));
#8307 = VECTOR('',#8308,1.);
#8308 = DIRECTION('',(0.,0.,-1.));
#8309 = CARTESIAN_POINT('',(5.9E+04,2.55E+03,3.380472E+03));
#8310 = CARTESIAN_POINT('',(5.9E+04,2.55E+03,-285.88));
#8311 = GEOMETRIC_CURVE_SET('',(#8312));
#8312 = TRIMMED_CURVE('',#8313,(#8317,PARAMETER_VALUE(0.)),(#8318,
    PARAMETER_VALUE(75.88)),.T.,.PARAMETER.);
#8313 = LINE('',#8314,#8315);
#8314 = CARTESIAN_POINT('',(5.9E+04,2.55E+03,-285.88));
#8315 = VECTOR('',#8316,1.);
#8316 = DIRECTION('',(0.,0.,1.));
#8317 = CARTESIAN_POINT('',(5.9E+04,2.55E+03,-285.88));
#8318 = CARTESIAN_POINT('',(5.9E+04,2.55E+03,-210.));
#8319 = GEOMETRIC_CURVE_SET('',(#8320));
#8320 = TRIMMED_CURVE('',#8321,(#8325,PARAMETER_VALUE(0.)),(#8326,
    PARAMETER_VALUE(4.237078E+03)),.T.,.PARAMETER.);
#8321 = LINE('',#8322,#8323);
#8322 = CARTESIAN_POINT('',(6.2E+04,2.55E+03,3.951198E+03));
#8323 = VECTOR('',#8324,1.);
#8324 = DIRECTION('',(0.,0.,-1.));
#8325 = CARTESIAN_POINT('',(6.2E+04,2.55E+03,3.951198E+03));
#8326 = CARTESIAN_POINT('',(6.2E+04,2.55E+03,-285.88));
#8327 = GEOMETRIC_CURVE_SET('',(#8328));
#8328 = TRIMMED_CURVE('',#8329,(#8333,PARAMETER_VALUE(0.)),(#8334,
    PARAMETER_VALUE(75.88)),.T.,.PARAMETER.);
#8329 = LINE('',#8330,#8331);
#8330 = CARTESIAN_POINT('',(6.2E+04,2.55E+03,-285.88));
#8331 = VECTOR('',#8332,1.);
#8332 = DIRECTION('',(0.,0.,1.));
#8333 = CARTESIAN_POINT('',(6.2E+04,2.55E+03,-285.88));
#8334 = CARTESIAN_POINT('',(6.2E+04,2.55E+03,-210.));
#8335 = GEOMETRIC_CURVE_SET('',(#8336));
#8336 = TRIMMED_CURVE('',#8337,(#8341,PARAMETER_VALUE(0.)),(#8342,
    PARAMETER_VALUE(4.895608E+03)),.T.,.PARAMETER.);
#8337 = LINE('',#8338,#8339);
#8338 = CARTESIAN_POINT('',(6.5E+04,2.55E+03,4.609728E+03));
#8339 = VECTOR('',#8340,1.);
#8340 = DIRECTION('',(0.,0.,-1.));
#8341 = CARTESIAN_POINT('',(6.5E+04,2.55E+03,4.609728E+03));
#8342 = CARTESIAN_POINT('',(6.5E+04,2.55E+03,-285.88));
#8343 = GEOMETRIC_CURVE_SET('',(#8344));
#8344 = TRIMMED_CURVE('',#8345,(#8349,PARAMETER_VALUE(0.)),(#8350,
    PARAMETER_VALUE(75.88)),.T.,.PARAMETER.);
#8345 = LINE('',#8346,#8347);
#8346 = CARTESIAN_POINT('',(6.5E+04,2.55E+03,-285.88));
#8347 = VECTOR('',#8348,1.);
#8348 = DIRECTION('',(0.,0.,1.));
#8349 = CARTESIAN_POINT('',(6.5E+04,2.55E+03,-285.88));
#8350 = CARTESIAN_POINT('',(6.5E+04,2.55E+03,-210.));
#8351 = GEOMETRIC_CURVE_SET('',(#8352));
#8352 = TRIMMED_CURVE('',#8353,(#8357,PARAMETER_VALUE(0.)),(#8358,
    PARAMETER_VALUE(5.641942E+03)),.T.,.PARAMETER.);
#8353 = LINE('',#8354,#8355);
#8354 = CARTESIAN_POINT('',(6.8E+04,2.55E+03,5.356062E+03));
#8355 = VECTOR('',#8356,1.);
#8356 = DIRECTION('',(0.,0.,-1.));
#8357 = CARTESIAN_POINT('',(6.8E+04,2.55E+03,5.356062E+03));
#8358 = CARTESIAN_POINT('',(6.8E+04,2.55E+03,-285.88));
#8359 = GEOMETRIC_CURVE_SET('',(#8360));
#8360 = TRIMMED_CURVE('',#8361,(#8365,PARAMETER_VALUE(0.)),(#8366,
    PARAMETER_VALUE(75.88)),.T.,.PARAMETER.);
#8361 = LINE('',#8362,#8363);
#8362 = CARTESIAN_POINT('',(6.8E+04,2.55E+03,-285.88));
#8363 = VECTOR('',#8364,1.);
#8364 = DIRECTION('',(0.,0.,1.));
#8365 = CARTESIAN_POINT('',(6.8E+04,2.55E+03,-285.88));
#8366 = CARTESIAN_POINT('',(6.8E+04,2.55E+03,-210.));
#8367 = GEOMETRIC_CURVE_SET('',(#8368));
#8368 = TRIMMED_CURVE('',#8369,(#8373,PARAMETER_VALUE(0.)),(#8374,
    PARAMETER_VALUE(6.47608E+03)),.T.,.PARAMETER.);
#8369 = LINE('',#8370,#8371);
#8370 = CARTESIAN_POINT('',(7.1E+04,2.55E+03,6.1902E+03));
#8371 = VECTOR('',#8372,1.);
#8372 = DIRECTION('',(0.,0.,-1.));
#8373 = CARTESIAN_POINT('',(7.1E+04,2.55E+03,6.1902E+03));
#8374 = CARTESIAN_POINT('',(7.1E+04,2.55E+03,-285.88));
#8375 = GEOMETRIC_CURVE_SET('',(#8376));
#8376 = TRIMMED_CURVE('',#8377,(#8381,PARAMETER_VALUE(0.)),(#8382,
    PARAMETER_VALUE(75.88)),.T.,.PARAMETER.);
#8377 = LINE('',#8378,#8379);
#8378 = CARTESIAN_POINT('',(7.1E+04,2.55E+03,-285.88));
#8379 = VECTOR('',#8380,1.);
#8380 = DIRECTION('',(0.,0.,1.));
#8381 = CARTESIAN_POINT('',(7.1E+04,2.55E+03,-285.88));
#8382 = CARTESIAN_POINT('',(7.1E+04,2.55E+03,-210.));
#8383 = GEOMETRIC_CURVE_SET('',(#8384));
#8384 = TRIMMED_CURVE('',#8385,(#8389,PARAMETER_VALUE(0.)),(#8390,
    PARAMETER_VALUE(7.398022E+03)),.T.,.PARAMETER.);
#8385 = LINE('',#8386,#8387);
#8386 = CARTESIAN_POINT('',(7.4E+04,2.55E+03,7.112142E+03));
#8387 = VECTOR('',#8388,1.);
#8388 = DIRECTION('',(0.,0.,-1.));
#8389 = CARTESIAN_POINT('',(7.4E+04,2.55E+03,7.112142E+03));
#8390 = CARTESIAN_POINT('',(7.4E+04,2.55E+03,-285.88));
#8391 = GEOMETRIC_CURVE_SET('',(#8392));
#8392 = TRIMMED_CURVE('',#8393,(#8397,PARAMETER_VALUE(0.)),(#8398,
    PARAMETER_VALUE(75.88)),.T.,.PARAMETER.);
#8393 = LINE('',#8394,#8395);
#8394 = CARTESIAN_POINT('',(7.4E+04,2.55E+03,-285.88));
#8395 = VECTOR('',#8396,1.);
#8396 = DIRECTION('',(0.,0.,1.));
#8397 = CARTESIAN_POINT('',(7.4E+04,2.55E+03,-285.88));
#8398 = CARTESIAN_POINT('',(7.4E+04,2.55E+03,-210.));
#8399 = GEOMETRIC_CURVE_SET('',(#8400));
#8400 = TRIMMED_CURVE('',#8401,(#8405,PARAMETER_VALUE(0.)),(#8406,
    PARAMETER_VALUE(8.407768E+03)),.T.,.PARAMETER.);
#8401 = LINE('',#8402,#8403);
#8402 = CARTESIAN_POINT('',(7.7E+04,2.55E+03,8.121888E+03));
#8403 = VECTOR('',#8404,1.);
#8404 = DIRECTION('',(0.,0.,-1.));
#8405 = CARTESIAN_POINT('',(7.7E+04,2.55E+03,8.121888E+03));
#8406 = CARTESIAN_POINT('',(7.7E+04,2.55E+03,-285.88));
#8407 = GEOMETRIC_CURVE_SET('',(#8408));
#8408 = TRIMMED_CURVE('',#8409,(#8413,PARAMETER_VALUE(0.)),(#8414,
    PARAMETER_VALUE(75.88)),.T.,.PARAMETER.);
#8409 = LINE('',#8410,#8411);
#8410 = CARTESIAN_POINT('',(7.7E+04,2.55E+03,-285.88));
#8411 = VECTOR('',#8412,1.);
#8412 = DIRECTION('',(0.,0.,1.));
#8413 = CARTESIAN_POINT('',(7.7E+04,2.55E+03,-285.88));
#8414 = CARTESIAN_POINT('',(7.7E+04,2.55E+03,-210.));
#8415 = GEOMETRIC_CURVE_SET('',(#8416));
#8416 = TRIMMED_CURVE('',#8417,(#8421,PARAMETER_VALUE(0.)),(#8422,
    PARAMETER_VALUE(1.079E+04)),.T.,.PARAMETER.);
#8417 = LINE('',#8418,#8419);
#8418 = CARTESIAN_POINT('',(0.,-2.55E+03,-1.1E+04));
#8419 = VECTOR('',#8420,1.);
#8420 = DIRECTION('',(0.,0.,1.));
#8421 = CARTESIAN_POINT('',(0.,-2.55E+03,-1.1E+04));
#8422 = CARTESIAN_POINT('',(0.,-2.55E+03,-210.));
#8423 = GEOMETRIC_CURVE_SET('',(#8424));
#8424 = TRIMMED_CURVE('',#8425,(#8429,PARAMETER_VALUE(0.)),(#8430,
    PARAMETER_VALUE(9.36E+03)),.T.,.PARAMETER.);
#8425 = LINE('',#8426,#8427);
#8426 = CARTESIAN_POINT('',(0.,-2.55E+03,-210.));
#8427 = VECTOR('',#8428,1.);
#8428 = DIRECTION('',(0.,0.,1.));
#8429 = CARTESIAN_POINT('',(0.,-2.55E+03,-210.));
#8430 = CARTESIAN_POINT('',(0.,-2.55E+03,9.15E+03));
#8431 = GEOMETRIC_CURVE_SET('',(#8432));
#8432 = TRIMMED_CURVE('',#8433,(#8437,PARAMETER_VALUE(0.)),(#8438,
    PARAMETER_VALUE(666.)),.T.,.PARAMETER.);
#8433 = LINE('',#8434,#8435);
#8434 = CARTESIAN_POINT('',(0.,-2.55E+03,9.15E+03));
#8435 = VECTOR('',#8436,1.);
#8436 = DIRECTION('',(0.,0.,1.));
#8437 = CARTESIAN_POINT('',(0.,-2.55E+03,9.15E+03));
#8438 = CARTESIAN_POINT('',(0.,-2.55E+03,9.816E+03));
#8439 = GEOMETRIC_CURVE_SET('',(#8440));
#8440 = TRIMMED_CURVE('',#8441,(#8445,PARAMETER_VALUE(0.)),(#8446,
    PARAMETER_VALUE(1.079E+04)),.T.,.PARAMETER.);
#8441 = LINE('',#8442,#8443);
#8442 = CARTESIAN_POINT('',(0.,2.55E+03,-1.1E+04));
#8443 = VECTOR('',#8444,1.);
#8444 = DIRECTION('',(0.,0.,1.));
#8445 = CARTESIAN_POINT('',(0.,2.55E+03,-1.1E+04));
#8446 = CARTESIAN_POINT('',(0.,2.55E+03,-210.));
#8447 = GEOMETRIC_CURVE_SET('',(#8448));
#8448 = TRIMMED_CURVE('',#8449,(#8453,PARAMETER_VALUE(0.)),(#8454,
    PARAMETER_VALUE(9.36E+03)),.T.,.PARAMETER.);
#8449 = LINE('',#8450,#8451);
#8450 = CARTESIAN_POINT('',(0.,2.55E+03,-210.));
#8451 = VECTOR('',#8452,1.);
#8452 = DIRECTION('',(0.,0.,1.));
#8453 = CARTESIAN_POINT('',(0.,2.55E+03,-210.));
#8454 = CARTESIAN_POINT('',(0.,2.55E+03,9.15E+03));
#8455 = GEOMETRIC_CURVE_SET('',(#8456));
#8456 = TRIMMED_CURVE('',#8457,(#8461,PARAMETER_VALUE(0.)),(#8462,
    PARAMETER_VALUE(666.)),.T.,.PARAMETER.);
#8457 = LINE('',#8458,#8459);
#8458 = CARTESIAN_POINT('',(0.,2.55E+03,9.15E+03));
#8459 = VECTOR('',#8460,1.);
#8460 = DIRECTION('',(0.,0.,1.));
#8461 = CARTESIAN_POINT('',(0.,2.55E+03,9.15E+03));
#8462 = CARTESIAN_POINT('',(0.,2.55E+03,9.816E+03));
#8463 = GEOMETRIC_CURVE_SET('',(#8464));
#8464 = TRIMMED_CURVE('',#8465,(#8469,PARAMETER_VALUE(0.)),(#8470,
    PARAMETER_VALUE(5.1E+03)),.T.,.PARAMETER.);
#8465 = LINE('',#8466,#8467);
#8466 = CARTESIAN_POINT('',(0.,-2.55E+03,9.15E+03));
#8467 = VECTOR('',#8468,1.);
#8468 = DIRECTION('',(0.,1.,0.));
#8469 = CARTESIAN_POINT('',(0.,-2.55E+03,9.15E+03));
#8470 = CARTESIAN_POINT('',(0.,2.55E+03,9.15E+03));
#8471 = GEOMETRIC_CURVE_SET('',(#8472));
#8472 = TRIMMED_CURVE('',#8473,(#8477,PARAMETER_VALUE(0.)),(#8478,
    PARAMETER_VALUE(1.079E+04)),.T.,.PARAMETER.);
#8473 = LINE('',#8474,#8475);
#8474 = CARTESIAN_POINT('',(8.2E+04,-2.55E+03,-1.1E+04));
#8475 = VECTOR('',#8476,1.);
#8476 = DIRECTION('',(0.,0.,1.));
#8477 = CARTESIAN_POINT('',(8.2E+04,-2.55E+03,-1.1E+04));
#8478 = CARTESIAN_POINT('',(8.2E+04,-2.55E+03,-210.));
#8479 = GEOMETRIC_CURVE_SET('',(#8480));
#8480 = TRIMMED_CURVE('',#8481,(#8485,PARAMETER_VALUE(0.)),(#8486,
    PARAMETER_VALUE(9.36E+03)),.T.,.PARAMETER.);
#8481 = LINE('',#8482,#8483);
#8482 = CARTESIAN_POINT('',(8.2E+04,-2.55E+03,-210.));
#8483 = VECTOR('',#8484,1.);
#8484 = DIRECTION('',(0.,0.,1.));
#8485 = CARTESIAN_POINT('',(8.2E+04,-2.55E+03,-210.));
#8486 = CARTESIAN_POINT('',(8.2E+04,-2.55E+03,9.15E+03));
#8487 = GEOMETRIC_CURVE_SET('',(#8488));
#8488 = TRIMMED_CURVE('',#8489,(#8493,PARAMETER_VALUE(0.)),(#8494,
    PARAMETER_VALUE(666.)),.T.,.PARAMETER.);
#8489 = LINE('',#8490,#8491);
#8490 = CARTESIAN_POINT('',(8.2E+04,-2.55E+03,9.15E+03));
#8491 = VECTOR('',#8492,1.);
#8492 = DIRECTION('',(0.,0.,1.));
#8493 = CARTESIAN_POINT('',(8.2E+04,-2.55E+03,9.15E+03));
#8494 = CARTESIAN_POINT('',(8.2E+04,-2.55E+03,9.816E+03));
#8495 = GEOMETRIC_CURVE_SET('',(#8496));
#8496 = TRIMMED_CURVE('',#8497,(#8501,PARAMETER_VALUE(0.)),(#8502,
    PARAMETER_VALUE(1.079E+04)),.T.,.PARAMETER.);
#8497 = LINE('',#8498,#8499);
#8498 = CARTESIAN_POINT('',(8.2E+04,2.55E+03,-1.1E+04));
#8499 = VECTOR('',#8500,1.);
#8500 = DIRECTION('',(0.,0.,1.));
#8501 = CARTESIAN_POINT('',(8.2E+04,2.55E+03,-1.1E+04));
#8502 = CARTESIAN_POINT('',(8.2E+04,2.55E+03,-210.));
#8503 = GEOMETRIC_CURVE_SET('',(#8504));
#8504 = TRIMMED_CURVE('',#8505,(#8509,PARAMETER_VALUE(0.)),(#8510,
    PARAMETER_VALUE(9.36E+03)),.T.,.PARAMETER.);
#8505 = LINE('',#8506,#8507);
#8506 = CARTESIAN_POINT('',(8.2E+04,2.55E+03,-210.));
#8507 = VECTOR('',#8508,1.);
#8508 = DIRECTION('',(0.,0.,1.));
#8509 = CARTESIAN_POINT('',(8.2E+04,2.55E+03,-210.));
#8510 = CARTESIAN_POINT('',(8.2E+04,2.55E+03,9.15E+03));
#8511 = GEOMETRIC_CURVE_SET('',(#8512));
#8512 = TRIMMED_CURVE('',#8513,(#8517,PARAMETER_VALUE(0.)),(#8518,
    PARAMETER_VALUE(666.)),.T.,.PARAMETER.);
#8513 = LINE('',#8514,#8515);
#8514 = CARTESIAN_POINT('',(8.2E+04,2.55E+03,9.15E+03));
#8515 = VECTOR('',#8516,1.);
#8516 = DIRECTION('',(0.,0.,1.));
#8517 = CARTESIAN_POINT('',(8.2E+04,2.55E+03,9.15E+03));
#8518 = CARTESIAN_POINT('',(8.2E+04,2.55E+03,9.816E+03));
#8519 = GEOMETRIC_CURVE_SET('',(#8520));
#8520 = TRIMMED_CURVE('',#8521,(#8525,PARAMETER_VALUE(0.)),(#8526,
    PARAMETER_VALUE(5.1E+03)),.T.,.PARAMETER.);
#8521 = LINE('',#8522,#8523);
#8522 = CARTESIAN_POINT('',(8.2E+04,-2.55E+03,9.15E+03));
#8523 = VECTOR('',#8524,1.);
#8524 = DIRECTION('',(0.,1.,0.));
#8525 = CARTESIAN_POINT('',(8.2E+04,-2.55E+03,9.15E+03));
#8526 = CARTESIAN_POINT('',(8.2E+04,2.55E+03,9.15E+03));
#8527 = GEOMETRIC_CURVE_SET('',(#8528));
#8528 = TRIMMED_CURVE('',#8529,(#8533,PARAMETER_VALUE(0.)),(#8534,
    PARAMETER_VALUE(462.407163667)),.T.,.PARAMETER.);
#8529 = LINE('',#8530,#8531);
#8530 = CARTESIAN_POINT('',(462.407163667,-2.55E+03,9.816E+03));
#8531 = VECTOR('',#8532,1.);
#8532 = DIRECTION('',(-1.,0.,0.));
#8533 = CARTESIAN_POINT('',(462.407163667,-2.55E+03,9.816E+03));
#8534 = CARTESIAN_POINT('',(0.,-2.55E+03,9.816E+03));
#8535 = GEOMETRIC_CURVE_SET('',(#8536));
#8536 = TRIMMED_CURVE('',#8537,(#8541,PARAMETER_VALUE(0.)),(#8542,
    PARAMETER_VALUE(818.53797451413)),.T.,.PARAMETER.);
#8537 = LINE('',#8538,#8539);
#8538 = CARTESIAN_POINT('',(0.,-2.55E+03,9.816E+03));
#8539 = VECTOR('',#8540,1.);
#8540 = DIRECTION('',(-0.946793851476,0.,-0.321840648157));
#8541 = CARTESIAN_POINT('',(0.,-2.55E+03,9.816E+03));
#8542 = CARTESIAN_POINT('',(-774.98672147,-2.55E+03,9.552561207741E+03)
  );
#8543 = GEOMETRIC_CURVE_SET('',(#8544));
#8544 = TRIMMED_CURVE('',#8545,(#8549,PARAMETER_VALUE(0.)),(#8550,
    PARAMETER_VALUE(462.40716366699)),.T.,.PARAMETER.);
#8545 = LINE('',#8546,#8547);
#8546 = CARTESIAN_POINT('',(8.153759283633E+04,-2.55E+03,9.816E+03));
#8547 = VECTOR('',#8548,1.);
#8548 = DIRECTION('',(1.,0.,0.));
#8549 = CARTESIAN_POINT('',(8.153759283633E+04,-2.55E+03,9.816E+03));
#8550 = CARTESIAN_POINT('',(8.2E+04,-2.55E+03,9.816E+03));
#8551 = GEOMETRIC_CURVE_SET('',(#8552));
#8552 = TRIMMED_CURVE('',#8553,(#8557,PARAMETER_VALUE(0.)),(#8558,
    PARAMETER_VALUE(818.53797448119)),.T.,.PARAMETER.);
#8553 = LINE('',#8554,#8555);
#8554 = CARTESIAN_POINT('',(8.2E+04,-2.55E+03,9.816E+03));
#8555 = VECTOR('',#8556,1.);
#8556 = DIRECTION('',(0.946793851479,0.,-0.321840648149));
#8557 = CARTESIAN_POINT('',(8.2E+04,-2.55E+03,9.816E+03));
#8558 = CARTESIAN_POINT('',(8.277498672144E+04,-2.55E+03,
    9.552561207758E+03));
#8559 = GEOMETRIC_CURVE_SET('',(#8560));
#8560 = TRIMMED_CURVE('',#8561,(#8565,PARAMETER_VALUE(0.)),(#8566,
    PARAMETER_VALUE(2.766454554487E+04)),.T.,.PARAMETER.);
#8561 = LINE('',#8562,#8563);
#8562 = CARTESIAN_POINT('',(-774.98672147,-2.55E+03,9.552561207741E+03)
  );
#8563 = VECTOR('',#8564,1.);
#8564 = DIRECTION('',(-0.866002771978,7.229469924805E-03,-0.49998693352)
  );
#8565 = CARTESIAN_POINT('',(-774.98672147,-2.55E+03,9.552561207741E+03)
  );
#8566 = CARTESIAN_POINT('',(-2.473255984883E+04,-2.35E+03,
    -4.279350086473E+03));
#8567 = GEOMETRIC_CURVE_SET('',(#8568));
#8568 = TRIMMED_CURVE('',#8569,(#8573,PARAMETER_VALUE(0.)),(#8574,
    PARAMETER_VALUE(2.615003733314E+04)),.T.,.PARAMETER.);
#8569 = LINE('',#8570,#8571);
#8570 = CARTESIAN_POINT('',(8.277498672144E+04,-2.55E+03,
    9.552561207758E+03));
#8571 = VECTOR('',#8572,1.);
#8572 = DIRECTION('',(0.866000074533,7.648172637464E-03,-0.49998537615)
  );
#8573 = CARTESIAN_POINT('',(8.277498672144E+04,-2.55E+03,
    9.552561207758E+03));
#8574 = CARTESIAN_POINT('',(1.05420921001E+05,-2.35E+03,
    -3.522075044589E+03));
#8575 = GEOMETRIC_CURVE_SET('',(#8576));
#8576 = TRIMMED_CURVE('',#8577,(#8581,PARAMETER_VALUE(0.)),(#8582,
    PARAMETER_VALUE(462.407163667)),.T.,.PARAMETER.);
#8577 = LINE('',#8578,#8579);
#8578 = CARTESIAN_POINT('',(462.407163667,2.55E+03,9.816E+03));
#8579 = VECTOR('',#8580,1.);
#8580 = DIRECTION('',(-1.,0.,0.));
#8581 = CARTESIAN_POINT('',(462.407163667,2.55E+03,9.816E+03));
#8582 = CARTESIAN_POINT('',(0.,2.55E+03,9.816E+03));
#8583 = GEOMETRIC_CURVE_SET('',(#8584));
#8584 = TRIMMED_CURVE('',#8585,(#8589,PARAMETER_VALUE(0.)),(#8590,
    PARAMETER_VALUE(818.53797451413)),.T.,.PARAMETER.);
#8585 = LINE('',#8586,#8587);
#8586 = CARTESIAN_POINT('',(0.,2.55E+03,9.816E+03));
#8587 = VECTOR('',#8588,1.);
#8588 = DIRECTION('',(-0.946793851476,0.,-0.321840648157));
#8589 = CARTESIAN_POINT('',(0.,2.55E+03,9.816E+03));
#8590 = CARTESIAN_POINT('',(-774.98672147,2.55E+03,9.552561207741E+03));
#8591 = GEOMETRIC_CURVE_SET('',(#8592));
#8592 = TRIMMED_CURVE('',#8593,(#8597,PARAMETER_VALUE(0.)),(#8598,
    PARAMETER_VALUE(462.40716366699)),.T.,.PARAMETER.);
#8593 = LINE('',#8594,#8595);
#8594 = CARTESIAN_POINT('',(8.153759283633E+04,2.55E+03,9.816E+03));
#8595 = VECTOR('',#8596,1.);
#8596 = DIRECTION('',(1.,0.,0.));
#8597 = CARTESIAN_POINT('',(8.153759283633E+04,2.55E+03,9.816E+03));
#8598 = CARTESIAN_POINT('',(8.2E+04,2.55E+03,9.816E+03));
#8599 = GEOMETRIC_CURVE_SET('',(#8600));
#8600 = TRIMMED_CURVE('',#8601,(#8605,PARAMETER_VALUE(0.)),(#8606,
    PARAMETER_VALUE(818.53797448119)),.T.,.PARAMETER.);
#8601 = LINE('',#8602,#8603);
#8602 = CARTESIAN_POINT('',(8.2E+04,2.55E+03,9.816E+03));
#8603 = VECTOR('',#8604,1.);
#8604 = DIRECTION('',(0.946793851479,0.,-0.321840648149));
#8605 = CARTESIAN_POINT('',(8.2E+04,2.55E+03,9.816E+03));
#8606 = CARTESIAN_POINT('',(8.277498672144E+04,2.55E+03,
    9.552561207758E+03));
#8607 = GEOMETRIC_CURVE_SET('',(#8608));
#8608 = TRIMMED_CURVE('',#8609,(#8613,PARAMETER_VALUE(0.)),(#8614,
    PARAMETER_VALUE(2.766454554487E+04)),.T.,.PARAMETER.);
#8609 = LINE('',#8610,#8611);
#8610 = CARTESIAN_POINT('',(-774.98672147,2.55E+03,9.552561207741E+03));
#8611 = VECTOR('',#8612,1.);
#8612 = DIRECTION('',(-0.866002771978,-7.229469924805E-03,-0.49998693352
    ));
#8613 = CARTESIAN_POINT('',(-774.98672147,2.55E+03,9.552561207741E+03));
#8614 = CARTESIAN_POINT('',(-2.473255984883E+04,2.35E+03,
    -4.279350086473E+03));
#8615 = GEOMETRIC_CURVE_SET('',(#8616));
#8616 = TRIMMED_CURVE('',#8617,(#8621,PARAMETER_VALUE(0.)),(#8622,
    PARAMETER_VALUE(2.615003733314E+04)),.T.,.PARAMETER.);
#8617 = LINE('',#8618,#8619);
#8618 = CARTESIAN_POINT('',(8.277498672144E+04,2.55E+03,
    9.552561207758E+03));
#8619 = VECTOR('',#8620,1.);
#8620 = DIRECTION('',(0.866000074533,-7.648172637464E-03,-0.49998537615)
  );
#8621 = CARTESIAN_POINT('',(8.277498672144E+04,2.55E+03,
    9.552561207758E+03));
#8622 = CARTESIAN_POINT('',(1.05420921001E+05,2.35E+03,
    -3.522075044589E+03));
#8623 = GEOMETRIC_CURVE_SET('',(#8624));
#8624 = TRIMMED_CURVE('',#8625,(#8629,PARAMETER_VALUE(0.)),(#8630,
    PARAMETER_VALUE(2.219349339981E+04)),.T.,.PARAMETER.);
#8625 = LINE('',#8626,#8627);
#8626 = CARTESIAN_POINT('',(2.6E+04,-2.75E+03,-420.));
#8627 = VECTOR('',#8628,1.);
#8628 = DIRECTION('',(-0.811048521102,-0.567902288329,-0.140311394151));
#8629 = CARTESIAN_POINT('',(2.6E+04,-2.75E+03,-420.));
#8630 = CARTESIAN_POINT('',(8.E+03,-1.535373568778E+04,-3.534E+03));
#8631 = GEOMETRIC_CURVE_SET('',(#8632));
#8632 = TRIMMED_CURVE('',#8633,(#8637,PARAMETER_VALUE(0.)),(#8638,
    PARAMETER_VALUE(2.219349339981E+04)),.T.,.PARAMETER.);
#8633 = LINE('',#8634,#8635);
#8634 = CARTESIAN_POINT('',(2.6E+04,2.75E+03,-420.));
#8635 = VECTOR('',#8636,1.);
#8636 = DIRECTION('',(-0.811048521102,0.567902288329,-0.140311394151));
#8637 = CARTESIAN_POINT('',(2.6E+04,2.75E+03,-420.));
#8638 = CARTESIAN_POINT('',(8.E+03,1.535373568778E+04,-3.534E+03));
#8639 = GEOMETRIC_CURVE_SET('',(#8640));
#8640 = TRIMMED_CURVE('',#8641,(#8645,PARAMETER_VALUE(0.)),(#8646,
    PARAMETER_VALUE(2.219349339981E+04)),.T.,.PARAMETER.);
#8641 = LINE('',#8642,#8643);
#8642 = CARTESIAN_POINT('',(5.6E+04,-2.75E+03,-420.));
#8643 = VECTOR('',#8644,1.);
#8644 = DIRECTION('',(0.811048521102,-0.567902288329,-0.140311394151));
#8645 = CARTESIAN_POINT('',(5.6E+04,-2.75E+03,-420.));
#8646 = CARTESIAN_POINT('',(7.4E+04,-1.535373568778E+04,-3.534E+03));
#8647 = GEOMETRIC_CURVE_SET('',(#8648));
#8648 = TRIMMED_CURVE('',#8649,(#8653,PARAMETER_VALUE(0.)),(#8654,
    PARAMETER_VALUE(2.219349339981E+04)),.T.,.PARAMETER.);
#8649 = LINE('',#8650,#8651);
#8650 = CARTESIAN_POINT('',(5.6E+04,2.75E+03,-420.));
#8651 = VECTOR('',#8652,1.);
#8652 = DIRECTION('',(0.811048521102,0.567902288329,-0.140311394151));
#8653 = CARTESIAN_POINT('',(5.6E+04,2.75E+03,-420.));
#8654 = CARTESIAN_POINT('',(7.4E+04,1.535373568778E+04,-3.534E+03));
#8655 = GEOMETRIC_CURVE_SET('',(#8656));
#8656 = TRIMMED_CURVE('',#8657,(#8662,PARAMETER_VALUE(0.)),(#8663,
    PARAMETER_VALUE(0.698131700798)),.T.,.PARAMETER.);
#8657 = CIRCLE('',#8658,1.42E+03);
#8658 = AXIS2_PLACEMENT_3D('',#8659,#8660,#8661);
#8659 = CARTESIAN_POINT('',(0.,-2.55E+03,8.396E+03));
#8660 = DIRECTION('',(0.,1.,-0.));
#8661 = DIRECTION('',(-0.342020143326,0.,0.939692620786));
#8662 = CARTESIAN_POINT('',(-485.6686035224,-2.55E+03,9.730363521516E+03
    ));
#8663 = CARTESIAN_POINT('',(485.66860352245,-2.55E+03,9.730363521516E+03
    ));
#8664 = GEOMETRIC_CURVE_SET('',(#8665));
#8665 = TRIMMED_CURVE('',#8666,(#8671,PARAMETER_VALUE(0.)),(#8672,
    PARAMETER_VALUE(0.698131700798)),.T.,.PARAMETER.);
#8666 = CIRCLE('',#8667,1.45E+03);
#8667 = AXIS2_PLACEMENT_3D('',#8668,#8669,#8670);
#8668 = CARTESIAN_POINT('',(0.,-2.55E+03,8.366E+03));
#8669 = DIRECTION('',(0.,1.,-0.));
#8670 = DIRECTION('',(-0.342020143326,0.,0.939692620786));
#8671 = CARTESIAN_POINT('',(-495.9292078222,-2.55E+03,9.72855430014E+03)
  );
#8672 = CARTESIAN_POINT('',(495.92920782222,-2.55E+03,9.72855430014E+03)
  );
#8673 = GEOMETRIC_CURVE_SET('',(#8674));
#8674 = TRIMMED_CURVE('',#8675,(#8680,PARAMETER_VALUE(0.)),(#8681,
    PARAMETER_VALUE(0.698131700798)),.T.,.PARAMETER.);
#8675 = CIRCLE('',#8676,1.56E+03);
#8676 = AXIS2_PLACEMENT_3D('',#8677,#8678,#8679);
#8677 = CARTESIAN_POINT('',(2.84217094304E-14,-2.55E+03,8.256E+03));
#8678 = DIRECTION('',(0.,1.,-0.));
#8679 = DIRECTION('',(-0.342020143326,0.,0.939692620786));
#8680 = CARTESIAN_POINT('',(-533.551423588,-2.55E+03,9.721920488426E+03)
  );
#8681 = CARTESIAN_POINT('',(533.55142358804,-2.55E+03,9.721920488426E+03
    ));
#8682 = GEOMETRIC_CURVE_SET('',(#8683));
#8683 = TRIMMED_CURVE('',#8684,(#8689,PARAMETER_VALUE(0.)),(#8690,
    PARAMETER_VALUE(0.698131700798)),.T.,.PARAMETER.);
#8684 = CIRCLE('',#8685,1.42E+03);
#8685 = AXIS2_PLACEMENT_3D('',#8686,#8687,#8688);
#8686 = CARTESIAN_POINT('',(0.,2.55E+03,8.396E+03));
#8687 = DIRECTION('',(0.,1.,-0.));
#8688 = DIRECTION('',(-0.342020143326,0.,0.939692620786));
#8689 = CARTESIAN_POINT('',(-485.6686035224,2.55E+03,9.730363521516E+03)
  );
#8690 = CARTESIAN_POINT('',(485.66860352245,2.55E+03,9.730363521516E+03)
  );
#8691 = GEOMETRIC_CURVE_SET('',(#8692));
#8692 = TRIMMED_CURVE('',#8693,(#8698,PARAMETER_VALUE(0.)),(#8699,
    PARAMETER_VALUE(0.698131700798)),.T.,.PARAMETER.);
#8693 = CIRCLE('',#8694,1.45E+03);
#8694 = AXIS2_PLACEMENT_3D('',#8695,#8696,#8697);
#8695 = CARTESIAN_POINT('',(0.,2.55E+03,8.366E+03));
#8696 = DIRECTION('',(0.,1.,-0.));
#8697 = DIRECTION('',(-0.342020143326,0.,0.939692620786));
#8698 = CARTESIAN_POINT('',(-495.9292078222,2.55E+03,9.72855430014E+03)
  );
#8699 = CARTESIAN_POINT('',(495.92920782222,2.55E+03,9.72855430014E+03)
  );
#8700 = GEOMETRIC_CURVE_SET('',(#8701));
#8701 = TRIMMED_CURVE('',#8702,(#8707,PARAMETER_VALUE(0.)),(#8708,
    PARAMETER_VALUE(0.698131700798)),.T.,.PARAMETER.);
#8702 = CIRCLE('',#8703,1.56E+03);
#8703 = AXIS2_PLACEMENT_3D('',#8704,#8705,#8706);
#8704 = CARTESIAN_POINT('',(2.84217094304E-14,2.55E+03,8.256E+03));
#8705 = DIRECTION('',(0.,1.,-0.));
#8706 = DIRECTION('',(-0.342020143326,0.,0.939692620786));
#8707 = CARTESIAN_POINT('',(-533.551423588,2.55E+03,9.721920488426E+03)
  );
#8708 = CARTESIAN_POINT('',(533.55142358804,2.55E+03,9.721920488426E+03)
  );
#8709 = GEOMETRIC_CURVE_SET('',(#8710));
#8710 = TRIMMED_CURVE('',#8711,(#8716,PARAMETER_VALUE(0.)),(#8717,
    PARAMETER_VALUE(0.698131700798)),.T.,.PARAMETER.);
#8711 = CIRCLE('',#8712,1.42E+03);
#8712 = AXIS2_PLACEMENT_3D('',#8713,#8714,#8715);
#8713 = CARTESIAN_POINT('',(8.2E+04,-2.55E+03,8.396E+03));
#8714 = DIRECTION('',(0.,1.,-0.));
#8715 = DIRECTION('',(-0.342020143326,0.,0.939692620786));
#8716 = CARTESIAN_POINT('',(8.151433139648E+04,-2.55E+03,
    9.730363521516E+03));
#8717 = CARTESIAN_POINT('',(8.248566860352E+04,-2.55E+03,
    9.730363521516E+03));
#8718 = GEOMETRIC_CURVE_SET('',(#8719));
#8719 = TRIMMED_CURVE('',#8720,(#8725,PARAMETER_VALUE(0.)),(#8726,
    PARAMETER_VALUE(0.698131700798)),.T.,.PARAMETER.);
#8720 = CIRCLE('',#8721,1.45E+03);
#8721 = AXIS2_PLACEMENT_3D('',#8722,#8723,#8724);
#8722 = CARTESIAN_POINT('',(8.2E+04,-2.55E+03,8.366E+03));
#8723 = DIRECTION('',(0.,1.,-0.));
#8724 = DIRECTION('',(-0.342020143326,0.,0.939692620786));
#8725 = CARTESIAN_POINT('',(8.150407079218E+04,-2.55E+03,
    9.72855430014E+03));
#8726 = CARTESIAN_POINT('',(8.249592920782E+04,-2.55E+03,
    9.72855430014E+03));
#8727 = GEOMETRIC_CURVE_SET('',(#8728));
#8728 = TRIMMED_CURVE('',#8729,(#8734,PARAMETER_VALUE(0.)),(#8735,
    PARAMETER_VALUE(0.698131700798)),.T.,.PARAMETER.);
#8729 = CIRCLE('',#8730,1.56E+03);
#8730 = AXIS2_PLACEMENT_3D('',#8731,#8732,#8733);
#8731 = CARTESIAN_POINT('',(8.2E+04,-2.55E+03,8.256E+03));
#8732 = DIRECTION('',(0.,1.,-0.));
#8733 = DIRECTION('',(-0.342020143326,0.,0.939692620786));
#8734 = CARTESIAN_POINT('',(8.146644857641E+04,-2.55E+03,
    9.721920488426E+03));
#8735 = CARTESIAN_POINT('',(8.253355142359E+04,-2.55E+03,
    9.721920488426E+03));
#8736 = GEOMETRIC_CURVE_SET('',(#8737));
#8737 = TRIMMED_CURVE('',#8738,(#8743,PARAMETER_VALUE(0.)),(#8744,
    PARAMETER_VALUE(0.698131700798)),.T.,.PARAMETER.);
#8738 = CIRCLE('',#8739,1.42E+03);
#8739 = AXIS2_PLACEMENT_3D('',#8740,#8741,#8742);
#8740 = CARTESIAN_POINT('',(8.2E+04,2.55E+03,8.396E+03));
#8741 = DIRECTION('',(0.,1.,-0.));
#8742 = DIRECTION('',(-0.342020143326,0.,0.939692620786));
#8743 = CARTESIAN_POINT('',(8.151433139648E+04,2.55E+03,
    9.730363521516E+03));
#8744 = CARTESIAN_POINT('',(8.248566860352E+04,2.55E+03,
    9.730363521516E+03));
#8745 = GEOMETRIC_CURVE_SET('',(#8746));
#8746 = TRIMMED_CURVE('',#8747,(#8752,PARAMETER_VALUE(0.)),(#8753,
    PARAMETER_VALUE(0.698131700798)),.T.,.PARAMETER.);
#8747 = CIRCLE('',#8748,1.45E+03);
#8748 = AXIS2_PLACEMENT_3D('',#8749,#8750,#8751);
#8749 = CARTESIAN_POINT('',(8.2E+04,2.55E+03,8.366E+03));
#8750 = DIRECTION('',(0.,1.,-0.));
#8751 = DIRECTION('',(-0.342020143326,0.,0.939692620786));
#8752 = CARTESIAN_POINT('',(8.150407079218E+04,2.55E+03,
    9.72855430014E+03));
#8753 = CARTESIAN_POINT('',(8.249592920782E+04,2.55E+03,
    9.72855430014E+03));
#8754 = GEOMETRIC_CURVE_SET('',(#8755));
#8755 = TRIMMED_CURVE('',#8756,(#8761,PARAMETER_VALUE(0.)),(#8762,
    PARAMETER_VALUE(0.698131700798)),.T.,.PARAMETER.);
#8756 = CIRCLE('',#8757,1.56E+03);
#8757 = AXIS2_PLACEMENT_3D('',#8758,#8759,#8760);
#8758 = CARTESIAN_POINT('',(8.2E+04,2.55E+03,8.256E+03));
#8759 = DIRECTION('',(0.,1.,-0.));
#8760 = DIRECTION('',(-0.342020143326,0.,0.939692620786));
#8761 = CARTESIAN_POINT('',(8.146644857641E+04,2.55E+03,
    9.721920488426E+03));
#8762 = CARTESIAN_POINT('',(8.253355142359E+04,2.55E+03,
    9.721920488426E+03));
#8763 = ( GEOMETRIC_REPRESENTATION_CONTEXT(3) 
GLOBAL_UNCERTAINTY_ASSIGNED_CONTEXT((#8767)) 
GLOBAL_UNIT_ASSIGNED_CONTEXT((#8764,#8765,#8766)) REPRESENTATION_CONTEXT
('Context #1','3D Context with UNIT and UNCERTAINTY') );
#8764 = ( LENGTH_UNIT() NAMED_UNIT(*) SI_UNIT(.MILLI.,.METRE.) );
#8765 = ( NAMED_UNIT(*) PLANE_ANGLE_UNIT() SI_UNIT($,.RADIAN.) );
#8766 = ( NAMED_UNIT(*) SI_UNIT($,.STERADIAN.) SOLID_ANGLE_UNIT() );
#8767 = UNCERTAINTY_MEASURE_WITH_UNIT(LENGTH_MEASURE(1.E-07),#8764,
  'distance_accuracy_value','confusion accuracy');
#8768 = PRODUCT_RELATED_PRODUCT_CATEGORY('part',$,(#7));
ENDSEC;
END-ISO-10303-21;
