/COM,ANSYS RELEASE 2026 R1           BUILD 26.1      UP20260202       09:07:21

 *** ERROR ***                           ELAPSED TIME =      12.283   TIME= 09:07:34
 Real constant set 50000 undefined but referenced by element 400004.     

 *** ERROR ***                           ELAPSED TIME =      12.283   TIME= 09:07:34
 Real constant set 50000 undefined but referenced by element 400005.     

 *** ERROR ***                           ELAPSED TIME =      12.283   TIME= 09:07:34
 Real constant set 50000 undefined but referenced by element 400006.     

 *** ERROR ***                           ELAPSED TIME =      12.283   TIME= 09:07:34
 Real constant set 50000 undefined but referenced by element 400007.     

 *** ERROR ***                           ELAPSED TIME =      12.283   TIME= 09:07:34
 Real constant set 50000 undefined but referenced by element 400008.     

 *** ERROR ***                           ELAPSED TIME =      12.283   TIME= 09:07:34
 Real constant set 50000 undefined but referenced by element 400009.     

 *** ERROR ***                           ELAPSED TIME =      12.283   TIME= 09:07:34
 Real constant set 50000 undefined but referenced by element 400010.     

 *** ERROR ***                           ELAPSED TIME =      12.283   TIME= 09:07:34
 Real constant set 50000 undefined but referenced by element 400011.     

 *** ERROR ***                           ELAPSED TIME =      12.283   TIME= 09:07:34
 Real constant set 50000 undefined but referenced by element 400012.     

 *** ERROR ***                           ELAPSED TIME =      12.283   TIME= 09:07:34
 Real constant set 50000 undefined but referenced by element 400013.     

 *** ERROR ***                           ELAPSED TIME =      12.283   TIME= 09:07:34
 Real constant set 50000 undefined but referenced by element 400014.     

 *** ERROR ***                           ELAPSED TIME =      12.283   TIME= 09:07:34
 Real constant set 50000 undefined but referenced by element 400015.     

 *** ERROR ***                           ELAPSED TIME =      12.284   TIME= 09:07:34
 Real constant set 50001 undefined but referenced by element 400016.     

 *** ERROR ***                           ELAPSED TIME =      12.284   TIME= 09:07:34
 Real constant set 50001 undefined but referenced by element 400017.     

 *** ERROR ***                           ELAPSED TIME =      12.284   TIME= 09:07:34
 Real constant set 50001 undefined but referenced by element 400018.     

 *** ERROR ***                           ELAPSED TIME =      12.284   TIME= 09:07:34
 Real constant set 50001 undefined but referenced by element 400019.     

 *** ERROR ***                           ELAPSED TIME =      12.284   TIME= 09:07:34
 Real constant set 50001 undefined but referenced by element 400020.     

 *** ERROR ***                           ELAPSED TIME =      12.284   TIME= 09:07:34
 Real constant set 50001 undefined but referenced by element 400021.     

 *** ERROR ***                           ELAPSED TIME =      12.284   TIME= 09:07:34
 Real constant set 50001 undefined but referenced by element 400022.     

 *** ERROR ***                           ELAPSED TIME =      12.284   TIME= 09:07:34
 Real constant set 50001 undefined but referenced by element 400023.     

 *** ERROR ***                           ELAPSED TIME =      12.284   TIME= 09:07:34
 Real constant set 50001 undefined but referenced by element 400024.     

 *** ERROR ***                           ELAPSED TIME =      12.284   TIME= 09:07:34
 Real constant set 50001 undefined but referenced by element 400025.     

 *** ERROR ***                           ELAPSED TIME =      12.284   TIME= 09:07:34
 Real constant set 50001 undefined but referenced by element 400026.     

 *** ERROR ***                           ELAPSED TIME =      12.284   TIME= 09:07:34
 Real constant set 50001 undefined but referenced by element 400027.     

 *** ERROR ***                           ELAPSED TIME =      12.284   TIME= 09:07:34
 Real constant set 50001 undefined but referenced by element 400028.     

 *** ERROR ***                           ELAPSED TIME =      12.284   TIME= 09:07:34
 Real constant set 50001 undefined but referenced by element 400029.     

 *** ERROR ***                           ELAPSED TIME =      12.284   TIME= 09:07:34
 Real constant set 50001 undefined but referenced by element 400030.     

 *** ERROR ***                           ELAPSED TIME =      12.284   TIME= 09:07:34
 Real constant set 50001 undefined but referenced by element 400031.     

 *** WARNING ***                         ELAPSED TIME =      12.313   TIME= 09:07:34
 Constraint equations may not be valid for elements that undergo large   
 deflections.                                                            

 *** WARNING ***                         ELAPSED TIME =      12.333   TIME= 09:07:34
 Nodes I and J of element 401000 ( COMBIN14 ) are not coincident.        

 *** WARNING ***                         ELAPSED TIME =      12.333   TIME= 09:07:34
 Nodes I and J of element 401001 ( COMBIN14 ) are not coincident.        

 *** WARNING ***                         ELAPSED TIME =      12.333   TIME= 09:07:34
 Nodes I and J of element 401002 ( COMBIN14 ) are not coincident.        

 *** WARNING ***                         ELAPSED TIME =      12.333   TIME= 09:07:34
 Nodes I and J of element 401003 ( COMBIN14 ) are not coincident.        

 *** WARNING ***                         ELAPSED TIME =      12.333   TIME= 09:07:34
 Nodes I and J of element 401004 ( COMBIN14 ) are not coincident.        

 *** WARNING ***                         ELAPSED TIME =      12.334   TIME= 09:07:34
 Nodes I and J of element 401005 ( COMBIN14 ) are not coincident.        

 *** WARNING ***                         ELAPSED TIME =      12.334   TIME= 09:07:34
 Nodes I and J of element 401006 ( COMBIN14 ) are not coincident.        

 *** WARNING ***                         ELAPSED TIME =      12.334   TIME= 09:07:34
 Nodes I and J of element 401007 ( COMBIN14 ) are not coincident.        

 *** WARNING ***                         ELAPSED TIME =      12.334   TIME= 09:07:34
 Nodes I and J of element 401008 ( COMBIN14 ) are not coincident.        

 *** WARNING ***                         ELAPSED TIME =      12.334   TIME= 09:07:34
 Nodes I and J of element 401009 ( COMBIN14 ) are not coincident.        

 *** WARNING ***                         ELAPSED TIME =      12.334   TIME= 09:07:34
 Nodes I and J of element 401010 ( COMBIN14 ) are not coincident.        

 *** WARNING ***                         ELAPSED TIME =      12.334   TIME= 09:07:34
 Nodes I and J of element 401011 ( COMBIN14 ) are not coincident.        

 *** WARNING ***                         ELAPSED TIME =      12.334   TIME= 09:07:34
 Nodes I and J of element 401012 ( COMBIN14 ) are not coincident.        

 *** WARNING ***                         ELAPSED TIME =      12.334   TIME= 09:07:34
 Nodes I and J of element 401013 ( COMBIN14 ) are not coincident.        

 *** WARNING ***                         ELAPSED TIME =      12.334   TIME= 09:07:34
 Nodes I and J of element 401014 ( COMBIN14 ) are not coincident.        

 *** WARNING ***                         ELAPSED TIME =      12.334   TIME= 09:07:34
 Nodes I and J of element 401015 ( COMBIN14 ) are not coincident.        

 *** WARNING ***                         ELAPSED TIME =      12.334   TIME= 09:07:34
 Nodes I and J of element 401016 ( COMBIN14 ) are not coincident.        

 *** WARNING ***                         ELAPSED TIME =      12.334   TIME= 09:07:34
 Nodes I and J of element 401017 ( COMBIN14 ) are not coincident.        

 *** WARNING ***                         ELAPSED TIME =      12.334   TIME= 09:07:34
 Nodes I and J of element 401018 ( COMBIN14 ) are not coincident.        

 *** WARNING ***                         ELAPSED TIME =      12.334   TIME= 09:07:34
 Nodes I and J of element 401019 ( COMBIN14 ) are not coincident.        

 *** WARNING ***                         ELAPSED TIME =      12.334   TIME= 09:07:34
 Nodes I and J of element 401020 ( COMBIN14 ) are not coincident.        

 *** WARNING ***                         ELAPSED TIME =      12.334   TIME= 09:07:34
 Nodes I and J of element 401021 ( COMBIN14 ) are not coincident.        

 *** WARNING ***                         ELAPSED TIME =      12.334   TIME= 09:07:34
 Nodes I and J of element 401022 ( COMBIN14 ) are not coincident.        

 *** WARNING ***                         ELAPSED TIME =      12.334   TIME= 09:07:34
 Nodes I and J of element 401023 ( COMBIN14 ) are not coincident.        

 *** WARNING ***                         ELAPSED TIME =      12.334   TIME= 09:07:34
 Nodes I and J of element 401024 ( COMBIN14 ) are not coincident.        

 *** WARNING ***                         ELAPSED TIME =      12.334   TIME= 09:07:34
 Nodes I and J of element 401025 ( COMBIN14 ) are not coincident.        

 *** WARNING ***                         ELAPSED TIME =      12.334   TIME= 09:07:34
 Nodes I and J of element 401026 ( COMBIN14 ) are not coincident.        

 *** WARNING ***                         ELAPSED TIME =      12.334   TIME= 09:07:34
 Nodes I and J of element 401027 ( COMBIN14 ) are not coincident.        

 *** WARNING ***                         ELAPSED TIME =      12.334   TIME= 09:07:34
 Nodes I and J of element 401028 ( COMBIN14 ) are not coincident.        

 *** WARNING ***                         ELAPSED TIME =      12.334   TIME= 09:07:34
 Nodes I and J of element 401029 ( COMBIN14 ) are not coincident.        

 *** WARNING ***                         ELAPSED TIME =      12.334   TIME= 09:07:34
 Nodes I and J of element 401030 ( COMBIN14 ) are not coincident.        

 *** WARNING ***                         ELAPSED TIME =      12.334   TIME= 09:07:34
 Nodes I and J of element 401031 ( COMBIN14 ) are not coincident.        

 *** WARNING ***                         ELAPSED TIME =      12.334   TIME= 09:07:34
 Nodes I and J of element 401032 ( COMBIN14 ) are not coincident.        

 *** WARNING ***                         ELAPSED TIME =      12.334   TIME= 09:07:34
 Nodes I and J of element 401033 ( COMBIN14 ) are not coincident.        

 *** WARNING ***                         ELAPSED TIME =      12.334   TIME= 09:07:34
 Nodes I and J of element 401034 ( COMBIN14 ) are not coincident.        

 *** WARNING ***                         ELAPSED TIME =      12.334   TIME= 09:07:34
 Nodes I and J of element 401035 ( COMBIN14 ) are not coincident.        

 *** WARNING ***                         ELAPSED TIME =      12.334   TIME= 09:07:34
 Nodes I and J of element 401036 ( COMBIN14 ) are not coincident.        

 *** WARNING ***                         ELAPSED TIME =      12.334   TIME= 09:07:34
 Nodes I and J of element 401037 ( COMBIN14 ) are not coincident.        

 *** WARNING ***                         ELAPSED TIME =      12.334   TIME= 09:07:34
 Nodes I and J of element 401038 ( COMBIN14 ) are not coincident.        

 *** WARNING ***                         ELAPSED TIME =      12.334   TIME= 09:07:34
 Nodes I and J of element 401039 ( COMBIN14 ) are not coincident.        

 *** WARNING ***                         ELAPSED TIME =      12.334   TIME= 09:07:34
 Nodes I and J of element 401040 ( COMBIN14 ) are not coincident.        

 *** WARNING ***                         ELAPSED TIME =      12.334   TIME= 09:07:34
 Nodes I and J of element 401041 ( COMBIN14 ) are not coincident.        

 *** WARNING ***                         ELAPSED TIME =      12.334   TIME= 09:07:34
 Nodes I and J of element 401042 ( COMBIN14 ) are not coincident.        

 *** WARNING ***                         ELAPSED TIME =      12.334   TIME= 09:07:34
 Nodes I and J of element 401043 ( COMBIN14 ) are not coincident.        

 *** WARNING ***                         ELAPSED TIME =      12.334   TIME= 09:07:34
 Nodes I and J of element 401044 ( COMBIN14 ) are not coincident.        

 *** WARNING ***                         ELAPSED TIME =      12.334   TIME= 09:07:34
 Nodes I and J of element 401045 ( COMBIN14 ) are not coincident.        

 *** WARNING ***                         ELAPSED TIME =      12.334   TIME= 09:07:34
 Nodes I and J of element 401046 ( COMBIN14 ) are not coincident.        

 *** WARNING ***                         ELAPSED TIME =      12.334   TIME= 09:07:34
 Nodes I and J of element 401047 ( COMBIN14 ) are not coincident.        

 *** WARNING ***                         ELAPSED TIME =      12.334   TIME= 09:07:34
 Nodes I and J of element 401048 ( COMBIN14 ) are not coincident.        

 *** WARNING ***                         ELAPSED TIME =      12.334   TIME= 09:07:34
 Nodes I and J of element 401049 ( COMBIN14 ) are not coincident.        

 *** WARNING ***                         ELAPSED TIME =      12.334   TIME= 09:07:34
 Nodes I and J of element 401050 ( COMBIN14 ) are not coincident.        

 *** WARNING ***                         ELAPSED TIME =      12.334   TIME= 09:07:34
 Nodes I and J of element 401051 ( COMBIN14 ) are not coincident.        

 *** WARNING ***                         ELAPSED TIME =      12.334   TIME= 09:07:34
 Nodes I and J of element 401052 ( COMBIN14 ) are not coincident.        

 *** WARNING ***                         ELAPSED TIME =      12.334   TIME= 09:07:34
 Nodes I and J of element 401053 ( COMBIN14 ) are not coincident.        

 *** WARNING ***                         ELAPSED TIME =      12.334   TIME= 09:07:34
 Nodes I and J of element 401054 ( COMBIN14 ) are not coincident.        

 *** WARNING ***                         ELAPSED TIME =      12.334   TIME= 09:07:34
 Nodes I and J of element 401055 ( COMBIN14 ) are not coincident.        

 *** WARNING ***                         ELAPSED TIME =      12.334   TIME= 09:07:34
 Nodes I and J of element 401056 ( COMBIN14 ) are not coincident.        

 *** WARNING ***                         ELAPSED TIME =      12.335   TIME= 09:07:34
 Nodes I and J of element 401057 ( COMBIN14 ) are not coincident.        

 *** WARNING ***                         ELAPSED TIME =      12.335   TIME= 09:07:34
 Nodes I and J of element 401058 ( COMBIN14 ) are not coincident.        

 *** WARNING ***                         ELAPSED TIME =      12.335   TIME= 09:07:34
 Nodes I and J of element 401059 ( COMBIN14 ) are not coincident.        

 *** WARNING ***                         ELAPSED TIME =      12.335   TIME= 09:07:34
 Nodes I and J of element 401060 ( COMBIN14 ) are not coincident.        

 *** WARNING ***                         ELAPSED TIME =      12.335   TIME= 09:07:34
 Nodes I and J of element 401061 ( COMBIN14 ) are not coincident.        

 *** WARNING ***                         ELAPSED TIME =      12.335   TIME= 09:07:34
 Nodes I and J of element 401062 ( COMBIN14 ) are not coincident.        

 *** WARNING ***                         ELAPSED TIME =      12.335   TIME= 09:07:34
 Nodes I and J of element 401063 ( COMBIN14 ) are not coincident.        

 *** WARNING ***                         ELAPSED TIME =      12.335   TIME= 09:07:34
 Nodes I and J of element 401064 ( COMBIN14 ) are not coincident.        

 *** WARNING ***                         ELAPSED TIME =      12.335   TIME= 09:07:34
 Nodes I and J of element 401065 ( COMBIN14 ) are not coincident.        

 *** WARNING ***                         ELAPSED TIME =      12.335   TIME= 09:07:34
 Nodes I and J of element 401066 ( COMBIN14 ) are not coincident.        

 *** WARNING ***                         ELAPSED TIME =      12.335   TIME= 09:07:34
 Nodes I and J of element 401067 ( COMBIN14 ) are not coincident.        

 *** WARNING ***                         ELAPSED TIME =      12.335   TIME= 09:07:34
 Nodes I and J of element 401068 ( COMBIN14 ) are not coincident.        

 *** WARNING ***                         ELAPSED TIME =      12.335   TIME= 09:07:34
 Nodes I and J of element 401069 ( COMBIN14 ) are not coincident.        

 *** WARNING ***                         ELAPSED TIME =      12.335   TIME= 09:07:34
 Nodes I and J of element 401070 ( COMBIN14 ) are not coincident.        

 *** WARNING ***                         ELAPSED TIME =      12.335   TIME= 09:07:34
 Nodes I and J of element 401071 ( COMBIN14 ) are not coincident.        

 *** WARNING ***                         ELAPSED TIME =      12.335   TIME= 09:07:34
 Nodes I and J of element 401072 ( COMBIN14 ) are not coincident.        

 *** WARNING ***                         ELAPSED TIME =      12.335   TIME= 09:07:34
 Nodes I and J of element 401073 ( COMBIN14 ) are not coincident.        

 *** WARNING ***                         ELAPSED TIME =      12.335   TIME= 09:07:34
 Nodes I and J of element 401074 ( COMBIN14 ) are not coincident.        

 *** WARNING ***                         ELAPSED TIME =      12.335   TIME= 09:07:34
 Nodes I and J of element 401075 ( COMBIN14 ) are not coincident.        

 *** WARNING ***                         ELAPSED TIME =      12.335   TIME= 09:07:34
 Nodes I and J of element 401076 ( COMBIN14 ) are not coincident.        

 *** WARNING ***                         ELAPSED TIME =      12.335   TIME= 09:07:34
 Nodes I and J of element 401077 ( COMBIN14 ) are not coincident.        

 *** WARNING ***                         ELAPSED TIME =      12.335   TIME= 09:07:34
 Nodes I and J of element 401078 ( COMBIN14 ) are not coincident.        

 *** WARNING ***                         ELAPSED TIME =      12.335   TIME= 09:07:34
 Nodes I and J of element 401079 ( COMBIN14 ) are not coincident.        

 *** WARNING ***                         ELAPSED TIME =      12.335   TIME= 09:07:34
 Nodes I and J of element 401080 ( COMBIN14 ) are not coincident.        

 *** WARNING ***                         ELAPSED TIME =      12.335   TIME= 09:07:34
 Nodes I and J of element 401081 ( COMBIN14 ) are not coincident.        

 *** WARNING ***                         ELAPSED TIME =      12.335   TIME= 09:07:34
 Nodes I and J of element 401082 ( COMBIN14 ) are not coincident.        

 *** WARNING ***                         ELAPSED TIME =      12.335   TIME= 09:07:34
 Nodes I and J of element 401083 ( COMBIN14 ) are not coincident.        

 *** WARNING ***                         ELAPSED TIME =      12.335   TIME= 09:07:34
 Nodes I and J of element 401084 ( COMBIN14 ) are not coincident.        

 *** WARNING ***                         ELAPSED TIME =      12.335   TIME= 09:07:34
 Nodes I and J of element 401085 ( COMBIN14 ) are not coincident.        

 *** WARNING ***                         ELAPSED TIME =      12.335   TIME= 09:07:34
 Nodes I and J of element 401086 ( COMBIN14 ) are not coincident.        

 *** WARNING ***                         ELAPSED TIME =      12.335   TIME= 09:07:34
 Nodes I and J of element 401087 ( COMBIN14 ) are not coincident.        

 *** WARNING ***                         ELAPSED TIME =      12.335   TIME= 09:07:34
 Nodes I and J of element 401088 ( COMBIN14 ) are not coincident.        

 *** WARNING ***                         ELAPSED TIME =      12.335   TIME= 09:07:34
 Nodes I and J of element 401089 ( COMBIN14 ) are not coincident.        

 *** WARNING ***                         ELAPSED TIME =      12.335   TIME= 09:07:34
 Nodes I and J of element 401090 ( COMBIN14 ) are not coincident.        

 *** WARNING ***                         ELAPSED TIME =      12.335   TIME= 09:07:34
 Nodes I and J of element 401091 ( COMBIN14 ) are not coincident.        

 *** WARNING ***                         ELAPSED TIME =      12.335   TIME= 09:07:34
 Nodes I and J of element 401092 ( COMBIN14 ) are not coincident.        

 *** WARNING ***                         ELAPSED TIME =      12.335   TIME= 09:07:34
 Nodes I and J of element 401093 ( COMBIN14 ) are not coincident.        

 *** WARNING ***                         ELAPSED TIME =      12.335   TIME= 09:07:34
 Nodes I and J of element 401094 ( COMBIN14 ) are not coincident.        

 *** WARNING ***                         ELAPSED TIME =      12.335   TIME= 09:07:34
 Nodes I and J of element 401095 ( COMBIN14 ) are not coincident.        

 *** WARNING ***                         ELAPSED TIME =      12.335   TIME= 09:07:34
 Nodes I and J of element 401096 ( COMBIN14 ) are not coincident.        

 *** WARNING ***                         ELAPSED TIME =      12.335   TIME= 09:07:34
 Nodes I and J of element 401097 ( COMBIN14 ) are not coincident.        

 *** WARNING ***                         ELAPSED TIME =      12.335   TIME= 09:07:34
 Nodes I and J of element 401098 ( COMBIN14 ) are not coincident.        

 *** WARNING ***                         ELAPSED TIME =      12.335   TIME= 09:07:34
 Nodes I and J of element 401099 ( COMBIN14 ) are not coincident.        

 *** WARNING ***                         ELAPSED TIME =      12.335   TIME= 09:07:34
 Nodes I and J of element 401100 ( COMBIN14 ) are not coincident.        

 *** WARNING ***                         ELAPSED TIME =      12.335   TIME= 09:07:34
 Nodes I and J of element 401101 ( COMBIN14 ) are not coincident.        

 *** WARNING ***                         ELAPSED TIME =      12.335   TIME= 09:07:34
 Nodes I and J of element 401102 ( COMBIN14 ) are not coincident.        

 *** WARNING ***                         ELAPSED TIME =      12.335   TIME= 09:07:34
 Nodes I and J of element 401103 ( COMBIN14 ) are not coincident.        

 *** WARNING ***                         ELAPSED TIME =      12.335   TIME= 09:07:34
 Nodes I and J of element 401104 ( COMBIN14 ) are not coincident.        

 *** WARNING ***                         ELAPSED TIME =      12.335   TIME= 09:07:34
 Nodes I and J of element 401105 ( COMBIN14 ) are not coincident.        

 *** WARNING ***                         ELAPSED TIME =      12.335   TIME= 09:07:34
 Nodes I and J of element 401106 ( COMBIN14 ) are not coincident.        

 *** WARNING ***                         ELAPSED TIME =      12.335   TIME= 09:07:34
 Nodes I and J of element 401107 ( COMBIN14 ) are not coincident.        

 *** WARNING ***                         ELAPSED TIME =      12.335   TIME= 09:07:34
 Nodes I and J of element 401108 ( COMBIN14 ) are not coincident.        

 *** WARNING ***                         ELAPSED TIME =      12.335   TIME= 09:07:34
 Nodes I and J of element 401109 ( COMBIN14 ) are not coincident.        

 *** WARNING ***                         ELAPSED TIME =      12.336   TIME= 09:07:34
 Nodes I and J of element 401110 ( COMBIN14 ) are not coincident.        

 *** WARNING ***                         ELAPSED TIME =      12.336   TIME= 09:07:34
 Nodes I and J of element 401111 ( COMBIN14 ) are not coincident.        

 *** WARNING ***                         ELAPSED TIME =      12.336   TIME= 09:07:34
 Nodes I and J of element 401112 ( COMBIN14 ) are not coincident.        

 *** WARNING ***                         ELAPSED TIME =      12.336   TIME= 09:07:34
 Nodes I and J of element 401113 ( COMBIN14 ) are not coincident.        

 *** WARNING ***                         ELAPSED TIME =      12.336   TIME= 09:07:34
 Nodes I and J of element 401114 ( COMBIN14 ) are not coincident.        

 *** WARNING ***                         ELAPSED TIME =      12.336   TIME= 09:07:34
 Nodes I and J of element 401115 ( COMBIN14 ) are not coincident.        

 *** WARNING ***                         ELAPSED TIME =      12.336   TIME= 09:07:34
 Nodes I and J of element 401116 ( COMBIN14 ) are not coincident.        

 *** WARNING ***                         ELAPSED TIME =      12.336   TIME= 09:07:34
 Nodes I and J of element 401117 ( COMBIN14 ) are not coincident.        

 *** WARNING ***                         ELAPSED TIME =      12.336   TIME= 09:07:34
 Nodes I and J of element 401118 ( COMBIN14 ) are not coincident.        

 *** WARNING ***                         ELAPSED TIME =      12.336   TIME= 09:07:34
 Nodes I and J of element 401119 ( COMBIN14 ) are not coincident.        

 *** WARNING ***                         ELAPSED TIME =      12.336   TIME= 09:07:34
 Nodes I and J of element 401120 ( COMBIN14 ) are not coincident.        

 *** WARNING ***                         ELAPSED TIME =      12.336   TIME= 09:07:34
 Nodes I and J of element 401121 ( COMBIN14 ) are not coincident.        

 *** WARNING ***                         ELAPSED TIME =      12.336   TIME= 09:07:34
 Nodes I and J of element 401122 ( COMBIN14 ) are not coincident.        

 *** WARNING ***                         ELAPSED TIME =      12.336   TIME= 09:07:34
 Nodes I and J of element 401123 ( COMBIN14 ) are not coincident.        

 *** WARNING ***                         ELAPSED TIME =      12.336   TIME= 09:07:34
 Nodes I and J of element 401124 ( COMBIN14 ) are not coincident.        

 *** WARNING ***                         ELAPSED TIME =      12.336   TIME= 09:07:34
 Nodes I and J of element 401125 ( COMBIN14 ) are not coincident.        

 *** WARNING ***                         ELAPSED TIME =      12.336   TIME= 09:07:34
 Nodes I and J of element 401126 ( COMBIN14 ) are not coincident.        

 *** WARNING ***                         ELAPSED TIME =      12.336   TIME= 09:07:34
 Nodes I and J of element 401127 ( COMBIN14 ) are not coincident.        

 *** WARNING ***                         ELAPSED TIME =      12.336   TIME= 09:07:34
 Nodes I and J of element 401128 ( COMBIN14 ) are not coincident.        

 *** WARNING ***                         ELAPSED TIME =      12.336   TIME= 09:07:34
 Nodes I and J of element 401129 ( COMBIN14 ) are not coincident.        

 *** WARNING ***                         ELAPSED TIME =      12.336   TIME= 09:07:34
 Nodes I and J of element 401130 ( COMBIN14 ) are not coincident.        

 *** WARNING ***                         ELAPSED TIME =      12.336   TIME= 09:07:34
 Nodes I and J of element 401131 ( COMBIN14 ) are not coincident.        

 *** WARNING ***                         ELAPSED TIME =      12.336   TIME= 09:07:34
 Nodes I and J of element 401132 ( COMBIN14 ) are not coincident.        

 *** WARNING ***                         ELAPSED TIME =      12.336   TIME= 09:07:34
 Nodes I and J of element 401133 ( COMBIN14 ) are not coincident.        

 *** WARNING ***                         ELAPSED TIME =      12.336   TIME= 09:07:34
 Nodes I and J of element 401134 ( COMBIN14 ) are not coincident.        

 *** WARNING ***                         ELAPSED TIME =      12.336   TIME= 09:07:34
 Nodes I and J of element 401135 ( COMBIN14 ) are not coincident.        

 *** WARNING ***                         ELAPSED TIME =      12.336   TIME= 09:07:34
 Nodes I and J of element 401136 ( COMBIN14 ) are not coincident.        

 *** WARNING ***                         ELAPSED TIME =      12.336   TIME= 09:07:34
 Nodes I and J of element 401137 ( COMBIN14 ) are not coincident.        

 *** WARNING ***                         ELAPSED TIME =      12.336   TIME= 09:07:34
 Nodes I and J of element 401138 ( COMBIN14 ) are not coincident.        

 *** WARNING ***                         ELAPSED TIME =      12.336   TIME= 09:07:34
 Nodes I and J of element 401139 ( COMBIN14 ) are not coincident.        

 *** WARNING ***                         ELAPSED TIME =      12.336   TIME= 09:07:34
 Nodes I and J of element 401140 ( COMBIN14 ) are not coincident.        

 *** WARNING ***                         ELAPSED TIME =      12.336   TIME= 09:07:34
 Nodes I and J of element 401141 ( COMBIN14 ) are not coincident.        

 *** WARNING ***                         ELAPSED TIME =      12.336   TIME= 09:07:34
 Nodes I and J of element 401142 ( COMBIN14 ) are not coincident.        

 *** WARNING ***                         ELAPSED TIME =      12.336   TIME= 09:07:34
 Nodes I and J of element 401143 ( COMBIN14 ) are not coincident.        

 *** WARNING ***                         ELAPSED TIME =      12.336   TIME= 09:07:34
 Nodes I and J of element 401144 ( COMBIN14 ) are not coincident.        

 *** WARNING ***                         ELAPSED TIME =      12.336   TIME= 09:07:34
 Nodes I and J of element 401145 ( COMBIN14 ) are not coincident.        

 *** WARNING ***                         ELAPSED TIME =      12.336   TIME= 09:07:34
 Nodes I and J of element 401146 ( COMBIN14 ) are not coincident.        

 *** WARNING ***                         ELAPSED TIME =      12.336   TIME= 09:07:34
 Nodes I and J of element 401147 ( COMBIN14 ) are not coincident.        

 *** WARNING ***                         ELAPSED TIME =      12.336   TIME= 09:07:34
 Nodes I and J of element 401148 ( COMBIN14 ) are not coincident.        

 *** WARNING ***                         ELAPSED TIME =      12.336   TIME= 09:07:34
 Nodes I and J of element 401149 ( COMBIN14 ) are not coincident.        

 *** WARNING ***                         ELAPSED TIME =      12.336   TIME= 09:07:34
 Nodes I and J of element 401150 ( COMBIN14 ) are not coincident.        

 *** WARNING ***                         ELAPSED TIME =      12.336   TIME= 09:07:34
 Nodes I and J of element 401151 ( COMBIN14 ) are not coincident.        

 *** WARNING ***                         ELAPSED TIME =      12.336   TIME= 09:07:34
 Nodes I and J of element 401152 ( COMBIN14 ) are not coincident.        

 *** WARNING ***                         ELAPSED TIME =      12.336   TIME= 09:07:34
 Nodes I and J of element 401153 ( COMBIN14 ) are not coincident.        

 *** WARNING ***                         ELAPSED TIME =      12.336   TIME= 09:07:34
 Nodes I and J of element 401154 ( COMBIN14 ) are not coincident.        

 *** WARNING ***                         ELAPSED TIME =      12.336   TIME= 09:07:34
 Nodes I and J of element 401155 ( COMBIN14 ) are not coincident.        

 *** WARNING ***                         ELAPSED TIME =      12.336   TIME= 09:07:34
 Nodes I and J of element 401156 ( COMBIN14 ) are not coincident.        

 *** WARNING ***                         ELAPSED TIME =      12.336   TIME= 09:07:34
 Nodes I and J of element 401157 ( COMBIN14 ) are not coincident.        

 *** WARNING ***                         ELAPSED TIME =      12.336   TIME= 09:07:34
 Nodes I and J of element 401158 ( COMBIN14 ) are not coincident.        

 *** WARNING ***                         ELAPSED TIME =      12.336   TIME= 09:07:34
 Nodes I and J of element 401159 ( COMBIN14 ) are not coincident.        

 *** WARNING ***                         ELAPSED TIME =      12.336   TIME= 09:07:34
 Nodes I and J of element 401160 ( COMBIN14 ) are not coincident.        

 *** WARNING ***                         ELAPSED TIME =      12.336   TIME= 09:07:34
 Nodes I and J of element 401161 ( COMBIN14 ) are not coincident.        

 *** WARNING ***                         ELAPSED TIME =      12.336   TIME= 09:07:34
 Nodes I and J of element 401162 ( COMBIN14 ) are not coincident.        

 *** WARNING ***                         ELAPSED TIME =      12.336   TIME= 09:07:34
 Nodes I and J of element 401163 ( COMBIN14 ) are not coincident.        

 *** WARNING ***                         ELAPSED TIME =      12.336   TIME= 09:07:34
 Nodes I and J of element 401164 ( COMBIN14 ) are not coincident.        

 *** WARNING ***                         ELAPSED TIME =      12.336   TIME= 09:07:34
 Nodes I and J of element 401165 ( COMBIN14 ) are not coincident.        

 *** WARNING ***                         ELAPSED TIME =      12.336   TIME= 09:07:34
 Nodes I and J of element 401166 ( COMBIN14 ) are not coincident.        

 *** WARNING ***                         ELAPSED TIME =      12.337   TIME= 09:07:34
 Nodes I and J of element 401167 ( COMBIN14 ) are not coincident.        

 *** WARNING ***                         ELAPSED TIME =      12.337   TIME= 09:07:34
 Nodes I and J of element 401168 ( COMBIN14 ) are not coincident.        

 *** WARNING ***                         ELAPSED TIME =      12.337   TIME= 09:07:34
 Nodes I and J of element 401169 ( COMBIN14 ) are not coincident.        

 *** WARNING ***                         ELAPSED TIME =      12.337   TIME= 09:07:34
 Nodes I and J of element 401170 ( COMBIN14 ) are not coincident.        

 *** WARNING ***   SUPPRESSED MESSAGE    ELAPSED TIME =      12.337   TIME= 09:07:34
 Nodes I and J of element 401171 ( COMBIN14 ) are not coincident.        

 *** WARNING ***   SUPPRESSED MESSAGE    ELAPSED TIME =      12.337   TIME= 09:07:34
 Nodes I and J of element 401172 ( COMBIN14 ) are not coincident.        

 *** WARNING ***   SUPPRESSED MESSAGE    ELAPSED TIME =      12.337   TIME= 09:07:34
 Nodes I and J of element 401173 ( COMBIN14 ) are not coincident.        

 *** WARNING ***   SUPPRESSED MESSAGE    ELAPSED TIME =      12.337   TIME= 09:07:34
 Nodes I and J of element 401174 ( COMBIN14 ) are not coincident.        

 *** WARNING ***   SUPPRESSED MESSAGE    ELAPSED TIME =      12.337   TIME= 09:07:34
 Nodes I and J of element 401175 ( COMBIN14 ) are not coincident.        

 *** WARNING ***   SUPPRESSED MESSAGE    ELAPSED TIME =      12.337   TIME= 09:07:34
 Nodes I and J of element 401176 ( COMBIN14 ) are not coincident.        

 *** WARNING ***   SUPPRESSED MESSAGE    ELAPSED TIME =      12.337   TIME= 09:07:34
 Nodes I and J of element 401177 ( COMBIN14 ) are not coincident.        

 *** WARNING ***   SUPPRESSED MESSAGE    ELAPSED TIME =      12.337   TIME= 09:07:34
 Nodes I and J of element 401178 ( COMBIN14 ) are not coincident.        

 *** WARNING ***   SUPPRESSED MESSAGE    ELAPSED TIME =      12.337   TIME= 09:07:34
 Nodes I and J of element 401179 ( COMBIN14 ) are not coincident.        

 *** WARNING ***   SUPPRESSED MESSAGE    ELAPSED TIME =      12.337   TIME= 09:07:34
 Nodes I and J of element 401180 ( COMBIN14 ) are not coincident.        

 *** WARNING ***   SUPPRESSED MESSAGE    ELAPSED TIME =      12.337   TIME= 09:07:34
 Nodes I and J of element 401181 ( COMBIN14 ) are not coincident.        

 *** WARNING ***   SUPPRESSED MESSAGE    ELAPSED TIME =      12.337   TIME= 09:07:34
 Nodes I and J of element 401182 ( COMBIN14 ) are not coincident.        

 *** WARNING ***   SUPPRESSED MESSAGE    ELAPSED TIME =      12.337   TIME= 09:07:34
 Nodes I and J of element 401183 ( COMBIN14 ) are not coincident.        

 *** WARNING ***   SUPPRESSED MESSAGE    ELAPSED TIME =      12.337   TIME= 09:07:34
 Nodes I and J of element 401184 ( COMBIN14 ) are not coincident.        

 *** WARNING ***   SUPPRESSED MESSAGE    ELAPSED TIME =      12.337   TIME= 09:07:34
 Nodes I and J of element 401185 ( COMBIN14 ) are not coincident.        

 *** WARNING ***   SUPPRESSED MESSAGE    ELAPSED TIME =      12.337   TIME= 09:07:34
 Nodes I and J of element 401186 ( COMBIN14 ) are not coincident.        

 *** WARNING ***   SUPPRESSED MESSAGE    ELAPSED TIME =      12.337   TIME= 09:07:34
 Nodes I and J of element 401187 ( COMBIN14 ) are not coincident.        

 *** WARNING ***   SUPPRESSED MESSAGE    ELAPSED TIME =      12.337   TIME= 09:07:34
 Nodes I and J of element 401188 ( COMBIN14 ) are not coincident.        

 *** WARNING ***   SUPPRESSED MESSAGE    ELAPSED TIME =      12.337   TIME= 09:07:34
 Nodes I and J of element 401189 ( COMBIN14 ) are not coincident.        

 *** WARNING ***   SUPPRESSED MESSAGE    ELAPSED TIME =      12.337   TIME= 09:07:34
 Nodes I and J of element 401190 ( COMBIN14 ) are not coincident.        

 *** WARNING ***   SUPPRESSED MESSAGE    ELAPSED TIME =      12.337   TIME= 09:07:34
 Nodes I and J of element 401191 ( COMBIN14 ) are not coincident.        

 *** WARNING ***   SUPPRESSED MESSAGE    ELAPSED TIME =      12.337   TIME= 09:07:34
 Nodes I and J of element 401192 ( COMBIN14 ) are not coincident.        

 *** WARNING ***   SUPPRESSED MESSAGE    ELAPSED TIME =      12.337   TIME= 09:07:34
 Nodes I and J of element 401193 ( COMBIN14 ) are not coincident.        

 *** WARNING ***   SUPPRESSED MESSAGE    ELAPSED TIME =      12.337   TIME= 09:07:34
 Nodes I and J of element 401194 ( COMBIN14 ) are not coincident.        

 *** WARNING ***   SUPPRESSED MESSAGE    ELAPSED TIME =      12.337   TIME= 09:07:34
 Nodes I and J of element 401195 ( COMBIN14 ) are not coincident.        

 *** WARNING ***   SUPPRESSED MESSAGE    ELAPSED TIME =      12.337   TIME= 09:07:34
 Nodes I and J of element 401196 ( COMBIN14 ) are not coincident.        

 *** WARNING ***   SUPPRESSED MESSAGE    ELAPSED TIME =      12.337   TIME= 09:07:34
 Nodes I and J of element 401197 ( COMBIN14 ) are not coincident.        

 *** WARNING ***   SUPPRESSED MESSAGE    ELAPSED TIME =      12.337   TIME= 09:07:34
 Nodes I and J of element 401198 ( COMBIN14 ) are not coincident.        

 *** WARNING ***   SUPPRESSED MESSAGE    ELAPSED TIME =      12.337   TIME= 09:07:34
 Nodes I and J of element 401199 ( COMBIN14 ) are not coincident.        

 *** WARNING ***   SUPPRESSED MESSAGE    ELAPSED TIME =      12.337   TIME= 09:07:34
 Nodes I and J of element 401200 ( COMBIN14 ) are not coincident.        

 *** WARNING ***   SUPPRESSED MESSAGE    ELAPSED TIME =      12.337   TIME= 09:07:34
 Nodes I and J of element 401201 ( COMBIN14 ) are not coincident.        

 *** WARNING ***   SUPPRESSED MESSAGE    ELAPSED TIME =      12.337   TIME= 09:07:34
 Nodes I and J of element 401202 ( COMBIN14 ) are not coincident.        

 *** WARNING ***   SUPPRESSED MESSAGE    ELAPSED TIME =      12.337   TIME= 09:07:34
 Nodes I and J of element 401203 ( COMBIN14 ) are not coincident.        

 *** WARNING ***   SUPPRESSED MESSAGE    ELAPSED TIME =      12.337   TIME= 09:07:34
 Nodes I and J of element 401204 ( COMBIN14 ) are not coincident.        

 *** WARNING ***   SUPPRESSED MESSAGE    ELAPSED TIME =      12.337   TIME= 09:07:34
 Nodes I and J of element 401205 ( COMBIN14 ) are not coincident.        

 *** WARNING ***   SUPPRESSED MESSAGE    ELAPSED TIME =      12.337   TIME= 09:07:34
 Nodes I and J of element 401206 ( COMBIN14 ) are not coincident.        

 *** WARNING ***   SUPPRESSED MESSAGE    ELAPSED TIME =      12.337   TIME= 09:07:34
 Nodes I and J of element 401207 ( COMBIN14 ) are not coincident.        

 *** WARNING ***   SUPPRESSED MESSAGE    ELAPSED TIME =      12.337   TIME= 09:07:34
 Nodes I and J of element 401208 ( COMBIN14 ) are not coincident.        

 *** WARNING ***   SUPPRESSED MESSAGE    ELAPSED TIME =      12.337   TIME= 09:07:34
 Nodes I and J of element 401209 ( COMBIN14 ) are not coincident.        

 *** WARNING ***   SUPPRESSED MESSAGE    ELAPSED TIME =      12.337   TIME= 09:07:34
 Nodes I and J of element 401210 ( COMBIN14 ) are not coincident.        

 *** WARNING ***   SUPPRESSED MESSAGE    ELAPSED TIME =      12.337   TIME= 09:07:34
 Nodes I and J of element 401211 ( COMBIN14 ) are not coincident.        

 *** WARNING ***   SUPPRESSED MESSAGE    ELAPSED TIME =      12.337   TIME= 09:07:34
 Nodes I and J of element 401212 ( COMBIN14 ) are not coincident.        

 *** WARNING ***   SUPPRESSED MESSAGE    ELAPSED TIME =      12.337   TIME= 09:07:34
 Nodes I and J of element 401213 ( COMBIN14 ) are not coincident.        

 *** WARNING ***   SUPPRESSED MESSAGE    ELAPSED TIME =      12.337   TIME= 09:07:34
 Nodes I and J of element 401214 ( COMBIN14 ) are not coincident.        

 *** WARNING ***   SUPPRESSED MESSAGE    ELAPSED TIME =      12.337   TIME= 09:07:34
 Nodes I and J of element 401215 ( COMBIN14 ) are not coincident.        

 *** WARNING ***   SUPPRESSED MESSAGE    ELAPSED TIME =      12.337   TIME= 09:07:34
 Nodes I and J of element 401216 ( COMBIN14 ) are not coincident.        

 *** WARNING ***   SUPPRESSED MESSAGE    ELAPSED TIME =      12.337   TIME= 09:07:34
 Nodes I and J of element 401217 ( COMBIN14 ) are not coincident.        

 *** WARNING ***   SUPPRESSED MESSAGE    ELAPSED TIME =      12.337   TIME= 09:07:34
 Nodes I and J of element 401218 ( COMBIN14 ) are not coincident.        

 *** WARNING ***   SUPPRESSED MESSAGE    ELAPSED TIME =      12.337   TIME= 09:07:34
 Nodes I and J of element 401219 ( COMBIN14 ) are not coincident.        

 *** WARNING ***   SUPPRESSED MESSAGE    ELAPSED TIME =      12.337   TIME= 09:07:34
 Nodes I and J of element 401220 ( COMBIN14 ) are not coincident.        

 *** WARNING ***   SUPPRESSED MESSAGE    ELAPSED TIME =      12.337   TIME= 09:07:34
 Nodes I and J of element 401221 ( COMBIN14 ) are not coincident.        

 *** WARNING ***   SUPPRESSED MESSAGE    ELAPSED TIME =      12.337   TIME= 09:07:34
 Nodes I and J of element 401222 ( COMBIN14 ) are not coincident.        

 *** WARNING ***   SUPPRESSED MESSAGE    ELAPSED TIME =      12.337   TIME= 09:07:34
 Nodes I and J of element 401223 ( COMBIN14 ) are not coincident.        

 *** WARNING ***   SUPPRESSED MESSAGE    ELAPSED TIME =      12.337   TIME= 09:07:34
 Nodes I and J of element 401224 ( COMBIN14 ) are not coincident.        

 *** WARNING ***   SUPPRESSED MESSAGE    ELAPSED TIME =      12.337   TIME= 09:07:34
 Nodes I and J of element 401225 ( COMBIN14 ) are not coincident.        

 *** WARNING ***   SUPPRESSED MESSAGE    ELAPSED TIME =      12.337   TIME= 09:07:34
 Nodes I and J of element 401226 ( COMBIN14 ) are not coincident.        

 *** WARNING ***   SUPPRESSED MESSAGE    ELAPSED TIME =      12.337   TIME= 09:07:34
 Nodes I and J of element 401227 ( COMBIN14 ) are not coincident.        

 *** WARNING ***   SUPPRESSED MESSAGE    ELAPSED TIME =      12.337   TIME= 09:07:34
 Nodes I and J of element 401228 ( COMBIN14 ) are not coincident.        

 *** WARNING ***   SUPPRESSED MESSAGE    ELAPSED TIME =      12.337   TIME= 09:07:34
 Nodes I and J of element 401229 ( COMBIN14 ) are not coincident.        

 *** WARNING ***   SUPPRESSED MESSAGE    ELAPSED TIME =      12.337   TIME= 09:07:34
 Nodes I and J of element 401230 ( COMBIN14 ) are not coincident.        

 *** WARNING ***   SUPPRESSED MESSAGE    ELAPSED TIME =      12.337   TIME= 09:07:34
 Nodes I and J of element 401231 ( COMBIN14 ) are not coincident.        

 *** WARNING ***   SUPPRESSED MESSAGE    ELAPSED TIME =      12.337   TIME= 09:07:34
 Nodes I and J of element 401232 ( COMBIN14 ) are not coincident.        

 *** WARNING ***   SUPPRESSED MESSAGE    ELAPSED TIME =      12.337   TIME= 09:07:34
 Nodes I and J of element 401233 ( COMBIN14 ) are not coincident.        

 *** WARNING ***   SUPPRESSED MESSAGE    ELAPSED TIME =      12.337   TIME= 09:07:34
 Nodes I and J of element 401234 ( COMBIN14 ) are not coincident.        

 *** WARNING ***   SUPPRESSED MESSAGE    ELAPSED TIME =      12.337   TIME= 09:07:34
 Nodes I and J of element 401235 ( COMBIN14 ) are not coincident.        

 *** WARNING ***   SUPPRESSED MESSAGE    ELAPSED TIME =      12.337   TIME= 09:07:34
 Nodes I and J of element 401236 ( COMBIN14 ) are not coincident.        

 *** WARNING ***   SUPPRESSED MESSAGE    ELAPSED TIME =      12.337   TIME= 09:07:34
 Nodes I and J of element 401237 ( COMBIN14 ) are not coincident.        

 *** WARNING ***   SUPPRESSED MESSAGE    ELAPSED TIME =      12.337   TIME= 09:07:34
 Nodes I and J of element 401238 ( COMBIN14 ) are not coincident.        

 *** WARNING ***   SUPPRESSED MESSAGE    ELAPSED TIME =      12.337   TIME= 09:07:34
 Nodes I and J of element 401239 ( COMBIN14 ) are not coincident.        

 *** WARNING ***   SUPPRESSED MESSAGE    ELAPSED TIME =      12.337   TIME= 09:07:34
 Nodes I and J of element 401240 ( COMBIN14 ) are not coincident.        

 *** WARNING ***   SUPPRESSED MESSAGE    ELAPSED TIME =      12.337   TIME= 09:07:34
 Nodes I and J of element 401241 ( COMBIN14 ) are not coincident.        

 *** WARNING ***   SUPPRESSED MESSAGE    ELAPSED TIME =      12.337   TIME= 09:07:34
 Nodes I and J of element 401242 ( COMBIN14 ) are not coincident.        

 *** WARNING ***   SUPPRESSED MESSAGE    ELAPSED TIME =      12.337   TIME= 09:07:34
 Nodes I and J of element 401243 ( COMBIN14 ) are not coincident.        

 *** WARNING ***   SUPPRESSED MESSAGE    ELAPSED TIME =      12.337   TIME= 09:07:34
 Nodes I and J of element 401244 ( COMBIN14 ) are not coincident.        

 *** WARNING ***   SUPPRESSED MESSAGE    ELAPSED TIME =      12.337   TIME= 09:07:34
 Nodes I and J of element 401245 ( COMBIN14 ) are not coincident.        

 *** WARNING ***   SUPPRESSED MESSAGE    ELAPSED TIME =      12.337   TIME= 09:07:34
 Nodes I and J of element 401246 ( COMBIN14 ) are not coincident.        

 *** WARNING ***   SUPPRESSED MESSAGE    ELAPSED TIME =      12.337   TIME= 09:07:34
 Nodes I and J of element 401247 ( COMBIN14 ) are not coincident.        

 *** WARNING ***   SUPPRESSED MESSAGE    ELAPSED TIME =      12.337   TIME= 09:07:34
 Nodes I and J of element 401248 ( COMBIN14 ) are not coincident.        

 *** WARNING ***   SUPPRESSED MESSAGE    ELAPSED TIME =      12.337   TIME= 09:07:34
 Nodes I and J of element 401249 ( COMBIN14 ) are not coincident.        

 *** WARNING ***   SUPPRESSED MESSAGE    ELAPSED TIME =      12.337   TIME= 09:07:34
 Nodes I and J of element 401250 ( COMBIN14 ) are not coincident.        

 *** WARNING ***   SUPPRESSED MESSAGE    ELAPSED TIME =      12.337   TIME= 09:07:34
 Nodes I and J of element 401251 ( COMBIN14 ) are not coincident.        

 *** WARNING ***   SUPPRESSED MESSAGE    ELAPSED TIME =      12.338   TIME= 09:07:34
 Nodes I and J of element 401252 ( COMBIN14 ) are not coincident.        

 *** WARNING ***   SUPPRESSED MESSAGE    ELAPSED TIME =      12.338   TIME= 09:07:34
 Nodes I and J of element 401253 ( COMBIN14 ) are not coincident.        

 *** WARNING ***   SUPPRESSED MESSAGE    ELAPSED TIME =      12.338   TIME= 09:07:34
 Nodes I and J of element 401254 ( COMBIN14 ) are not coincident.        

 *** WARNING ***   SUPPRESSED MESSAGE    ELAPSED TIME =      12.338   TIME= 09:07:34
 Nodes I and J of element 401255 ( COMBIN14 ) are not coincident.        

 *** WARNING ***   SUPPRESSED MESSAGE    ELAPSED TIME =      12.338   TIME= 09:07:34
 Nodes I and J of element 401256 ( COMBIN14 ) are not coincident.        

 *** WARNING ***   SUPPRESSED MESSAGE    ELAPSED TIME =      12.338   TIME= 09:07:34
 Nodes I and J of element 401257 ( COMBIN14 ) are not coincident.        

 *** WARNING ***   SUPPRESSED MESSAGE    ELAPSED TIME =      12.338   TIME= 09:07:34
 Nodes I and J of element 401258 ( COMBIN14 ) are not coincident.        

 *** WARNING ***   SUPPRESSED MESSAGE    ELAPSED TIME =      12.338   TIME= 09:07:34
 Nodes I and J of element 401259 ( COMBIN14 ) are not coincident.        

 *** WARNING ***   SUPPRESSED MESSAGE    ELAPSED TIME =      12.338   TIME= 09:07:34
 Nodes I and J of element 401260 ( COMBIN14 ) are not coincident.        

 *** WARNING ***   SUPPRESSED MESSAGE    ELAPSED TIME =      12.338   TIME= 09:07:34
 Nodes I and J of element 401261 ( COMBIN14 ) are not coincident.        

 *** WARNING ***   SUPPRESSED MESSAGE    ELAPSED TIME =      12.338   TIME= 09:07:34
 Nodes I and J of element 401262 ( COMBIN14 ) are not coincident.        

 *** WARNING ***   SUPPRESSED MESSAGE    ELAPSED TIME =      12.338   TIME= 09:07:34
 Nodes I and J of element 401263 ( COMBIN14 ) are not coincident.        

 *** WARNING ***   SUPPRESSED MESSAGE    ELAPSED TIME =      12.338   TIME= 09:07:34
 Nodes I and J of element 401264 ( COMBIN14 ) are not coincident.        

 *** WARNING ***   SUPPRESSED MESSAGE    ELAPSED TIME =      12.338   TIME= 09:07:34
 Nodes I and J of element 401265 ( COMBIN14 ) are not coincident.        

 *** WARNING ***   SUPPRESSED MESSAGE    ELAPSED TIME =      12.338   TIME= 09:07:34
 Nodes I and J of element 401266 ( COMBIN14 ) are not coincident.        

 *** WARNING ***   SUPPRESSED MESSAGE    ELAPSED TIME =      12.338   TIME= 09:07:34
 Nodes I and J of element 401267 ( COMBIN14 ) are not coincident.        

 *** WARNING ***   SUPPRESSED MESSAGE    ELAPSED TIME =      12.338   TIME= 09:07:34
 Nodes I and J of element 401268 ( COMBIN14 ) are not coincident.        

 *** WARNING ***   SUPPRESSED MESSAGE    ELAPSED TIME =      12.338   TIME= 09:07:34
 Nodes I and J of element 401269 ( COMBIN14 ) are not coincident.        

 *** WARNING ***   SUPPRESSED MESSAGE    ELAPSED TIME =      12.338   TIME= 09:07:34
 Nodes I and J of element 401270 ( COMBIN14 ) are not coincident.        

 *** WARNING ***   SUPPRESSED MESSAGE    ELAPSED TIME =      12.338   TIME= 09:07:34
 Nodes I and J of element 401271 ( COMBIN14 ) are not coincident.        

 *** WARNING ***   SUPPRESSED MESSAGE    ELAPSED TIME =      12.338   TIME= 09:07:34
 Nodes I and J of element 401272 ( COMBIN14 ) are not coincident.        

 *** WARNING ***   SUPPRESSED MESSAGE    ELAPSED TIME =      12.338   TIME= 09:07:34
 Nodes I and J of element 401273 ( COMBIN14 ) are not coincident.        

 *** WARNING ***   SUPPRESSED MESSAGE    ELAPSED TIME =      12.338   TIME= 09:07:34
 Nodes I and J of element 401274 ( COMBIN14 ) are not coincident.        

 *** WARNING ***   SUPPRESSED MESSAGE    ELAPSED TIME =      12.338   TIME= 09:07:34
 Nodes I and J of element 401275 ( COMBIN14 ) are not coincident.        

 *** WARNING ***   SUPPRESSED MESSAGE    ELAPSED TIME =      12.338   TIME= 09:07:34
 Nodes I and J of element 401276 ( COMBIN14 ) are not coincident.        

 *** WARNING ***   SUPPRESSED MESSAGE    ELAPSED TIME =      12.338   TIME= 09:07:34
 Nodes I and J of element 401277 ( COMBIN14 ) are not coincident.        

 *** WARNING ***   SUPPRESSED MESSAGE    ELAPSED TIME =      12.338   TIME= 09:07:34
 Nodes I and J of element 401278 ( COMBIN14 ) are not coincident.        

 *** WARNING ***   SUPPRESSED MESSAGE    ELAPSED TIME =      12.338   TIME= 09:07:34
 Nodes I and J of element 401279 ( COMBIN14 ) are not coincident.        

 *** WARNING ***   SUPPRESSED MESSAGE    ELAPSED TIME =      12.338   TIME= 09:07:34
 Nodes I and J of element 401280 ( COMBIN14 ) are not coincident.        

 *** WARNING ***   SUPPRESSED MESSAGE    ELAPSED TIME =      12.338   TIME= 09:07:34
 Nodes I and J of element 401281 ( COMBIN14 ) are not coincident.        

 *** WARNING ***   SUPPRESSED MESSAGE    ELAPSED TIME =      12.338   TIME= 09:07:34
 Nodes I and J of element 401282 ( COMBIN14 ) are not coincident.        

 *** WARNING ***   SUPPRESSED MESSAGE    ELAPSED TIME =      12.338   TIME= 09:07:34
 Nodes I and J of element 401283 ( COMBIN14 ) are not coincident.        

 *** WARNING ***   SUPPRESSED MESSAGE    ELAPSED TIME =      12.338   TIME= 09:07:34
 Nodes I and J of element 401284 ( COMBIN14 ) are not coincident.        

 *** WARNING ***   SUPPRESSED MESSAGE    ELAPSED TIME =      12.338   TIME= 09:07:34
 Nodes I and J of element 401285 ( COMBIN14 ) are not coincident.        

 *** WARNING ***   SUPPRESSED MESSAGE    ELAPSED TIME =      12.338   TIME= 09:07:34
 Nodes I and J of element 401286 ( COMBIN14 ) are not coincident.        

 *** WARNING ***   SUPPRESSED MESSAGE    ELAPSED TIME =      12.338   TIME= 09:07:34
 Nodes I and J of element 401287 ( COMBIN14 ) are not coincident.        

 *** WARNING ***   SUPPRESSED MESSAGE    ELAPSED TIME =      12.338   TIME= 09:07:34
 Nodes I and J of element 401288 ( COMBIN14 ) are not coincident.        

 *** WARNING ***   SUPPRESSED MESSAGE    ELAPSED TIME =      12.338   TIME= 09:07:34
 Nodes I and J of element 401289 ( COMBIN14 ) are not coincident.        

 *** WARNING ***   SUPPRESSED MESSAGE    ELAPSED TIME =      12.338   TIME= 09:07:34
 Nodes I and J of element 401290 ( COMBIN14 ) are not coincident.        

 *** WARNING ***   SUPPRESSED MESSAGE    ELAPSED TIME =      12.338   TIME= 09:07:34
 Nodes I and J of element 401291 ( COMBIN14 ) are not coincident.        

 *** WARNING ***   SUPPRESSED MESSAGE    ELAPSED TIME =      12.338   TIME= 09:07:34
 Nodes I and J of element 401292 ( COMBIN14 ) are not coincident.        

 *** WARNING ***   SUPPRESSED MESSAGE    ELAPSED TIME =      12.338   TIME= 09:07:34
 Nodes I and J of element 401293 ( COMBIN14 ) are not coincident.        

 *** WARNING ***   SUPPRESSED MESSAGE    ELAPSED TIME =      12.338   TIME= 09:07:34
 Nodes I and J of element 401294 ( COMBIN14 ) are not coincident.        

 *** WARNING ***   SUPPRESSED MESSAGE    ELAPSED TIME =      12.338   TIME= 09:07:34
 Nodes I and J of element 401295 ( COMBIN14 ) are not coincident.        

 *** WARNING ***   SUPPRESSED MESSAGE    ELAPSED TIME =      12.338   TIME= 09:07:34
 Nodes I and J of element 401296 ( COMBIN14 ) are not coincident.        

 *** WARNING ***   SUPPRESSED MESSAGE    ELAPSED TIME =      12.338   TIME= 09:07:34
 Nodes I and J of element 401297 ( COMBIN14 ) are not coincident.        

 *** WARNING ***   SUPPRESSED MESSAGE    ELAPSED TIME =      12.338   TIME= 09:07:34
 Nodes I and J of element 401298 ( COMBIN14 ) are not coincident.        

 *** WARNING ***   SUPPRESSED MESSAGE    ELAPSED TIME =      12.338   TIME= 09:07:34
 Nodes I and J of element 401299 ( COMBIN14 ) are not coincident.        

 *** WARNING ***   SUPPRESSED MESSAGE    ELAPSED TIME =      12.338   TIME= 09:07:34
 Nodes I and J of element 401300 ( COMBIN14 ) are not coincident.        

 *** WARNING ***   SUPPRESSED MESSAGE    ELAPSED TIME =      12.338   TIME= 09:07:34
 Nodes I and J of element 401301 ( COMBIN14 ) are not coincident.        

 *** WARNING ***   SUPPRESSED MESSAGE    ELAPSED TIME =      12.338   TIME= 09:07:34
 Nodes I and J of element 401302 ( COMBIN14 ) are not coincident.        

 *** WARNING ***   SUPPRESSED MESSAGE    ELAPSED TIME =      12.338   TIME= 09:07:34
 Nodes I and J of element 401303 ( COMBIN14 ) are not coincident.        

 *** WARNING ***   SUPPRESSED MESSAGE    ELAPSED TIME =      12.338   TIME= 09:07:34
 Nodes I and J of element 401304 ( COMBIN14 ) are not coincident.        

 *** WARNING ***   SUPPRESSED MESSAGE    ELAPSED TIME =      12.338   TIME= 09:07:34
 Nodes I and J of element 401305 ( COMBIN14 ) are not coincident.        

 *** WARNING ***   SUPPRESSED MESSAGE    ELAPSED TIME =      12.338   TIME= 09:07:34
 Nodes I and J of element 401306 ( COMBIN14 ) are not coincident.        

 *** WARNING ***   SUPPRESSED MESSAGE    ELAPSED TIME =      12.338   TIME= 09:07:34
 Nodes I and J of element 401307 ( COMBIN14 ) are not coincident.        

 *** WARNING ***   SUPPRESSED MESSAGE    ELAPSED TIME =      12.338   TIME= 09:07:34
 Nodes I and J of element 401308 ( COMBIN14 ) are not coincident.        

 *** WARNING ***   SUPPRESSED MESSAGE    ELAPSED TIME =      12.338   TIME= 09:07:34
 Nodes I and J of element 401309 ( COMBIN14 ) are not coincident.        

 *** WARNING ***   SUPPRESSED MESSAGE    ELAPSED TIME =      12.338   TIME= 09:07:34
 Nodes I and J of element 401310 ( COMBIN14 ) are not coincident.        

 *** WARNING ***   SUPPRESSED MESSAGE    ELAPSED TIME =      12.338   TIME= 09:07:34
 Nodes I and J of element 401311 ( COMBIN14 ) are not coincident.        

 *** WARNING ***   SUPPRESSED MESSAGE    ELAPSED TIME =      12.338   TIME= 09:07:34
 Nodes I and J of element 401312 ( COMBIN14 ) are not coincident.        

 *** WARNING ***   SUPPRESSED MESSAGE    ELAPSED TIME =      12.338   TIME= 09:07:34
 Nodes I and J of element 401313 ( COMBIN14 ) are not coincident.        

 *** WARNING ***   SUPPRESSED MESSAGE    ELAPSED TIME =      12.338   TIME= 09:07:34
 Nodes I and J of element 401314 ( COMBIN14 ) are not coincident.        

 *** WARNING ***   SUPPRESSED MESSAGE    ELAPSED TIME =      12.338   TIME= 09:07:34
 Nodes I and J of element 401315 ( COMBIN14 ) are not coincident.        

 *** WARNING ***   SUPPRESSED MESSAGE    ELAPSED TIME =      12.338   TIME= 09:07:34
 Nodes I and J of element 401316 ( COMBIN14 ) are not coincident.        

 *** WARNING ***   SUPPRESSED MESSAGE    ELAPSED TIME =      12.338   TIME= 09:07:34
 Nodes I and J of element 401317 ( COMBIN14 ) are not coincident.        

 *** WARNING ***   SUPPRESSED MESSAGE    ELAPSED TIME =      12.338   TIME= 09:07:34
 Nodes I and J of element 401318 ( COMBIN14 ) are not coincident.        

 *** WARNING ***   SUPPRESSED MESSAGE    ELAPSED TIME =      12.338   TIME= 09:07:34
 Nodes I and J of element 401319 ( COMBIN14 ) are not coincident.        

 *** WARNING ***   SUPPRESSED MESSAGE    ELAPSED TIME =      12.338   TIME= 09:07:34
 Nodes I and J of element 401320 ( COMBIN14 ) are not coincident.        

 *** WARNING ***   SUPPRESSED MESSAGE    ELAPSED TIME =      12.338   TIME= 09:07:34
 Nodes I and J of element 401321 ( COMBIN14 ) are not coincident.        

 *** WARNING ***   SUPPRESSED MESSAGE    ELAPSED TIME =      12.338   TIME= 09:07:34
 Nodes I and J of element 401322 ( COMBIN14 ) are not coincident.        

 *** WARNING ***   SUPPRESSED MESSAGE    ELAPSED TIME =      12.338   TIME= 09:07:34
 Nodes I and J of element 401323 ( COMBIN14 ) are not coincident.        

 *** WARNING ***   SUPPRESSED MESSAGE    ELAPSED TIME =      12.338   TIME= 09:07:34
 Nodes I and J of element 401324 ( COMBIN14 ) are not coincident.        

 *** WARNING ***   SUPPRESSED MESSAGE    ELAPSED TIME =      12.338   TIME= 09:07:34
 Nodes I and J of element 401325 ( COMBIN14 ) are not coincident.        

 *** WARNING ***   SUPPRESSED MESSAGE    ELAPSED TIME =      12.338   TIME= 09:07:34
 Nodes I and J of element 401326 ( COMBIN14 ) are not coincident.        

 *** WARNING ***   SUPPRESSED MESSAGE    ELAPSED TIME =      12.338   TIME= 09:07:34
 Nodes I and J of element 401327 ( COMBIN14 ) are not coincident.        

 *** WARNING ***   SUPPRESSED MESSAGE    ELAPSED TIME =      12.338   TIME= 09:07:34
 Nodes I and J of element 401328 ( COMBIN14 ) are not coincident.        

 *** WARNING ***   SUPPRESSED MESSAGE    ELAPSED TIME =      12.338   TIME= 09:07:34
 Nodes I and J of element 401329 ( COMBIN14 ) are not coincident.        

 *** WARNING ***   SUPPRESSED MESSAGE    ELAPSED TIME =      12.338   TIME= 09:07:34
 Nodes I and J of element 401330 ( COMBIN14 ) are not coincident.        

 *** WARNING ***   SUPPRESSED MESSAGE    ELAPSED TIME =      12.338   TIME= 09:07:34
 Nodes I and J of element 401331 ( COMBIN14 ) are not coincident.        

 *** WARNING ***   SUPPRESSED MESSAGE    ELAPSED TIME =      12.338   TIME= 09:07:34
 Nodes I and J of element 401332 ( COMBIN14 ) are not coincident.        

 *** WARNING ***   SUPPRESSED MESSAGE    ELAPSED TIME =      12.338   TIME= 09:07:34
 Nodes I and J of element 401333 ( COMBIN14 ) are not coincident.        

 *** WARNING ***   SUPPRESSED MESSAGE    ELAPSED TIME =      12.338   TIME= 09:07:34
 Nodes I and J of element 401334 ( COMBIN14 ) are not coincident.        

 *** WARNING ***   SUPPRESSED MESSAGE    ELAPSED TIME =      12.338   TIME= 09:07:34
 Nodes I and J of element 401335 ( COMBIN14 ) are not coincident.        

 *** WARNING ***   SUPPRESSED MESSAGE    ELAPSED TIME =      12.338   TIME= 09:07:34
 Nodes I and J of element 401336 ( COMBIN14 ) are not coincident.        

 *** WARNING ***   SUPPRESSED MESSAGE    ELAPSED TIME =      12.338   TIME= 09:07:34
 Nodes I and J of element 401337 ( COMBIN14 ) are not coincident.        

 *** WARNING ***   SUPPRESSED MESSAGE    ELAPSED TIME =      12.338   TIME= 09:07:34
 Nodes I and J of element 401338 ( COMBIN14 ) are not coincident.        

 *** WARNING ***   SUPPRESSED MESSAGE    ELAPSED TIME =      12.338   TIME= 09:07:34
 Nodes I and J of element 401339 ( COMBIN14 ) are not coincident.        

 *** WARNING ***   SUPPRESSED MESSAGE    ELAPSED TIME =      12.338   TIME= 09:07:34
 Nodes I and J of element 401340 ( COMBIN14 ) are not coincident.        

 *** WARNING ***   SUPPRESSED MESSAGE    ELAPSED TIME =      12.338   TIME= 09:07:34
 Nodes I and J of element 401341 ( COMBIN14 ) are not coincident.        

 *** WARNING ***   SUPPRESSED MESSAGE    ELAPSED TIME =      12.338   TIME= 09:07:34
 Nodes I and J of element 401342 ( COMBIN14 ) are not coincident.        

 *** WARNING ***   SUPPRESSED MESSAGE    ELAPSED TIME =      12.338   TIME= 09:07:34
 Nodes I and J of element 401343 ( COMBIN14 ) are not coincident.        

 *** WARNING ***   SUPPRESSED MESSAGE    ELAPSED TIME =      12.338   TIME= 09:07:34
 Nodes I and J of element 401344 ( COMBIN14 ) are not coincident.        

 *** WARNING ***   SUPPRESSED MESSAGE    ELAPSED TIME =      12.338   TIME= 09:07:34
 Nodes I and J of element 401345 ( COMBIN14 ) are not coincident.        

 *** WARNING ***   SUPPRESSED MESSAGE    ELAPSED TIME =      12.338   TIME= 09:07:34
 Nodes I and J of element 401346 ( COMBIN14 ) are not coincident.        

 *** WARNING ***   SUPPRESSED MESSAGE    ELAPSED TIME =      12.338   TIME= 09:07:34
 Nodes I and J of element 401347 ( COMBIN14 ) are not coincident.        

 *** WARNING ***   SUPPRESSED MESSAGE    ELAPSED TIME =      12.338   TIME= 09:07:34
 Nodes I and J of element 401348 ( COMBIN14 ) are not coincident.        

 *** WARNING ***   SUPPRESSED MESSAGE    ELAPSED TIME =      12.338   TIME= 09:07:34
 Nodes I and J of element 401349 ( COMBIN14 ) are not coincident.        

 *** WARNING ***   SUPPRESSED MESSAGE    ELAPSED TIME =      12.338   TIME= 09:07:34
 Nodes I and J of element 401350 ( COMBIN14 ) are not coincident.        

 *** WARNING ***   SUPPRESSED MESSAGE    ELAPSED TIME =      12.338   TIME= 09:07:34
 Nodes I and J of element 401351 ( COMBIN14 ) are not coincident.        

 *** WARNING ***   SUPPRESSED MESSAGE    ELAPSED TIME =      12.338   TIME= 09:07:34
 Nodes I and J of element 401352 ( COMBIN14 ) are not coincident.        

 *** WARNING ***   SUPPRESSED MESSAGE    ELAPSED TIME =      12.338   TIME= 09:07:34
 Nodes I and J of element 401353 ( COMBIN14 ) are not coincident.        

 *** WARNING ***   SUPPRESSED MESSAGE    ELAPSED TIME =      12.338   TIME= 09:07:34
 Nodes I and J of element 401354 ( COMBIN14 ) are not coincident.        

 *** WARNING ***   SUPPRESSED MESSAGE    ELAPSED TIME =      12.338   TIME= 09:07:34
 Nodes I and J of element 401355 ( COMBIN14 ) are not coincident.        

 *** WARNING ***   SUPPRESSED MESSAGE    ELAPSED TIME =      12.338   TIME= 09:07:34
 Nodes I and J of element 401356 ( COMBIN14 ) are not coincident.        

 *** WARNING ***   SUPPRESSED MESSAGE    ELAPSED TIME =      12.338   TIME= 09:07:34
 Nodes I and J of element 401357 ( COMBIN14 ) are not coincident.        

 *** WARNING ***   SUPPRESSED MESSAGE    ELAPSED TIME =      12.338   TIME= 09:07:34
 Nodes I and J of element 401358 ( COMBIN14 ) are not coincident.        

 *** WARNING ***   SUPPRESSED MESSAGE    ELAPSED TIME =      12.338   TIME= 09:07:34
 Nodes I and J of element 401359 ( COMBIN14 ) are not coincident.        

 *** WARNING ***   SUPPRESSED MESSAGE    ELAPSED TIME =      12.338   TIME= 09:07:34
 Nodes I and J of element 401360 ( COMBIN14 ) are not coincident.        

 *** WARNING ***   SUPPRESSED MESSAGE    ELAPSED TIME =      12.338   TIME= 09:07:34
 Nodes I and J of element 401361 ( COMBIN14 ) are not coincident.        

 *** WARNING ***   SUPPRESSED MESSAGE    ELAPSED TIME =      12.338   TIME= 09:07:34
 Nodes I and J of element 401362 ( COMBIN14 ) are not coincident.        

 *** WARNING ***   SUPPRESSED MESSAGE    ELAPSED TIME =      12.338   TIME= 09:07:34
 Nodes I and J of element 401363 ( COMBIN14 ) are not coincident.        

 *** WARNING ***   SUPPRESSED MESSAGE    ELAPSED TIME =      12.338   TIME= 09:07:34
 Nodes I and J of element 401364 ( COMBIN14 ) are not coincident.        

 *** WARNING ***   SUPPRESSED MESSAGE    ELAPSED TIME =      12.338   TIME= 09:07:34
 Nodes I and J of element 401365 ( COMBIN14 ) are not coincident.        

 *** WARNING ***   SUPPRESSED MESSAGE    ELAPSED TIME =      12.338   TIME= 09:07:34
 Nodes I and J of element 401366 ( COMBIN14 ) are not coincident.        

 *** WARNING ***   SUPPRESSED MESSAGE    ELAPSED TIME =      12.339   TIME= 09:07:34
 Nodes I and J of element 401367 ( COMBIN14 ) are not coincident.        

 *** WARNING ***   SUPPRESSED MESSAGE    ELAPSED TIME =      12.339   TIME= 09:07:34
 Nodes I and J of element 401368 ( COMBIN14 ) are not coincident.        

 *** WARNING ***   SUPPRESSED MESSAGE    ELAPSED TIME =      12.339   TIME= 09:07:34
 Nodes I and J of element 401369 ( COMBIN14 ) are not coincident.        

 *** WARNING ***   SUPPRESSED MESSAGE    ELAPSED TIME =      12.339   TIME= 09:07:34
 Nodes I and J of element 401370 ( COMBIN14 ) are not coincident.        

 *** WARNING ***   SUPPRESSED MESSAGE    ELAPSED TIME =      12.339   TIME= 09:07:34
 Nodes I and J of element 401371 ( COMBIN14 ) are not coincident.        

 *** WARNING ***   SUPPRESSED MESSAGE    ELAPSED TIME =      12.339   TIME= 09:07:34
 Nodes I and J of element 401372 ( COMBIN14 ) are not coincident.        

 *** WARNING ***   SUPPRESSED MESSAGE    ELAPSED TIME =      12.339   TIME= 09:07:34
 Nodes I and J of element 401373 ( COMBIN14 ) are not coincident.        

 *** WARNING ***   SUPPRESSED MESSAGE    ELAPSED TIME =      12.339   TIME= 09:07:34
 Nodes I and J of element 401374 ( COMBIN14 ) are not coincident.        

 *** WARNING ***   SUPPRESSED MESSAGE    ELAPSED TIME =      12.339   TIME= 09:07:34
 Nodes I and J of element 401375 ( COMBIN14 ) are not coincident.        

 *** WARNING ***   SUPPRESSED MESSAGE    ELAPSED TIME =      12.339   TIME= 09:07:34
 Nodes I and J of element 401376 ( COMBIN14 ) are not coincident.        

 *** WARNING ***   SUPPRESSED MESSAGE    ELAPSED TIME =      12.339   TIME= 09:07:34
 Nodes I and J of element 401377 ( COMBIN14 ) are not coincident.        

 *** WARNING ***   SUPPRESSED MESSAGE    ELAPSED TIME =      12.339   TIME= 09:07:34
 Nodes I and J of element 401378 ( COMBIN14 ) are not coincident.        

 *** WARNING ***   SUPPRESSED MESSAGE    ELAPSED TIME =      12.339   TIME= 09:07:34
 Nodes I and J of element 401379 ( COMBIN14 ) are not coincident.        

 *** WARNING ***   SUPPRESSED MESSAGE    ELAPSED TIME =      12.339   TIME= 09:07:34
 Nodes I and J of element 401380 ( COMBIN14 ) are not coincident.        

 *** WARNING ***   SUPPRESSED MESSAGE    ELAPSED TIME =      12.339   TIME= 09:07:34
 Nodes I and J of element 401381 ( COMBIN14 ) are not coincident.        

 *** WARNING ***   SUPPRESSED MESSAGE    ELAPSED TIME =      12.339   TIME= 09:07:34
 Nodes I and J of element 401382 ( COMBIN14 ) are not coincident.        

 *** WARNING ***   SUPPRESSED MESSAGE    ELAPSED TIME =      12.339   TIME= 09:07:34
 Nodes I and J of element 401383 ( COMBIN14 ) are not coincident.        

 *** WARNING ***   SUPPRESSED MESSAGE    ELAPSED TIME =      12.339   TIME= 09:07:34
 Nodes I and J of element 401384 ( COMBIN14 ) are not coincident.        

 *** WARNING ***   SUPPRESSED MESSAGE    ELAPSED TIME =      12.339   TIME= 09:07:34
 Nodes I and J of element 401385 ( COMBIN14 ) are not coincident.        

 *** WARNING ***   SUPPRESSED MESSAGE    ELAPSED TIME =      12.339   TIME= 09:07:34
 Nodes I and J of element 401386 ( COMBIN14 ) are not coincident.        

 *** WARNING ***   SUPPRESSED MESSAGE    ELAPSED TIME =      12.339   TIME= 09:07:34
 Nodes I and J of element 401387 ( COMBIN14 ) are not coincident.        

 *** WARNING ***   SUPPRESSED MESSAGE    ELAPSED TIME =      12.339   TIME= 09:07:34
 Nodes I and J of element 401388 ( COMBIN14 ) are not coincident.        

 *** WARNING ***   SUPPRESSED MESSAGE    ELAPSED TIME =      12.339   TIME= 09:07:34
 Nodes I and J of element 401389 ( COMBIN14 ) are not coincident.        

 *** WARNING ***   SUPPRESSED MESSAGE    ELAPSED TIME =      12.339   TIME= 09:07:34
 Nodes I and J of element 401390 ( COMBIN14 ) are not coincident.        

 *** WARNING ***   SUPPRESSED MESSAGE    ELAPSED TIME =      12.339   TIME= 09:07:34
 Nodes I and J of element 401391 ( COMBIN14 ) are not coincident.        

 *** WARNING ***   SUPPRESSED MESSAGE    ELAPSED TIME =      12.339   TIME= 09:07:34
 Nodes I and J of element 401392 ( COMBIN14 ) are not coincident.        

 *** WARNING ***   SUPPRESSED MESSAGE    ELAPSED TIME =      12.339   TIME= 09:07:34
 Nodes I and J of element 401393 ( COMBIN14 ) are not coincident.        

 *** WARNING ***   SUPPRESSED MESSAGE    ELAPSED TIME =      12.339   TIME= 09:07:34
 Nodes I and J of element 401394 ( COMBIN14 ) are not coincident.        

 *** WARNING ***   SUPPRESSED MESSAGE    ELAPSED TIME =      12.339   TIME= 09:07:34
 Nodes I and J of element 401395 ( COMBIN14 ) are not coincident.        

 *** WARNING ***   SUPPRESSED MESSAGE    ELAPSED TIME =      12.339   TIME= 09:07:34
 Nodes I and J of element 401396 ( COMBIN14 ) are not coincident.        

 *** WARNING ***   SUPPRESSED MESSAGE    ELAPSED TIME =      12.339   TIME= 09:07:34
 Nodes I and J of element 401397 ( COMBIN14 ) are not coincident.        

 *** WARNING ***   SUPPRESSED MESSAGE    ELAPSED TIME =      12.339   TIME= 09:07:34
 Nodes I and J of element 401398 ( COMBIN14 ) are not coincident.        

 *** WARNING ***   SUPPRESSED MESSAGE    ELAPSED TIME =      12.339   TIME= 09:07:34
 Nodes I and J of element 401399 ( COMBIN14 ) are not coincident.        

 *** WARNING ***   SUPPRESSED MESSAGE    ELAPSED TIME =      12.339   TIME= 09:07:34
 Nodes I and J of element 401400 ( COMBIN14 ) are not coincident.        

 *** WARNING ***   SUPPRESSED MESSAGE    ELAPSED TIME =      12.339   TIME= 09:07:34
 Nodes I and J of element 401401 ( COMBIN14 ) are not coincident.        

 *** WARNING ***   SUPPRESSED MESSAGE    ELAPSED TIME =      12.339   TIME= 09:07:34
 Nodes I and J of element 401402 ( COMBIN14 ) are not coincident.        

 *** WARNING ***   SUPPRESSED MESSAGE    ELAPSED TIME =      12.339   TIME= 09:07:34
 Nodes I and J of element 401403 ( COMBIN14 ) are not coincident.        

 *** WARNING ***   SUPPRESSED MESSAGE    ELAPSED TIME =      12.339   TIME= 09:07:34
 Nodes I and J of element 401404 ( COMBIN14 ) are not coincident.        

 *** WARNING ***   SUPPRESSED MESSAGE    ELAPSED TIME =      12.339   TIME= 09:07:34
 Nodes I and J of element 401405 ( COMBIN14 ) are not coincident.        

 *** WARNING ***   SUPPRESSED MESSAGE    ELAPSED TIME =      12.339   TIME= 09:07:34
 Nodes I and J of element 401406 ( COMBIN14 ) are not coincident.        

 *** WARNING ***   SUPPRESSED MESSAGE    ELAPSED TIME =      12.339   TIME= 09:07:34
 Nodes I and J of element 401407 ( COMBIN14 ) are not coincident.        

 *** WARNING ***   SUPPRESSED MESSAGE    ELAPSED TIME =      12.339   TIME= 09:07:34
 Nodes I and J of element 401408 ( COMBIN14 ) are not coincident.        

 *** WARNING ***   SUPPRESSED MESSAGE    ELAPSED TIME =      12.339   TIME= 09:07:34
 Nodes I and J of element 401409 ( COMBIN14 ) are not coincident.        

 *** WARNING ***   SUPPRESSED MESSAGE    ELAPSED TIME =      12.339   TIME= 09:07:34
 Nodes I and J of element 401410 ( COMBIN14 ) are not coincident.        

 *** WARNING ***   SUPPRESSED MESSAGE    ELAPSED TIME =      12.339   TIME= 09:07:34
 Nodes I and J of element 401411 ( COMBIN14 ) are not coincident.        

 *** WARNING ***   SUPPRESSED MESSAGE    ELAPSED TIME =      12.339   TIME= 09:07:34
 Nodes I and J of element 401412 ( COMBIN14 ) are not coincident.        

 *** WARNING ***   SUPPRESSED MESSAGE    ELAPSED TIME =      12.339   TIME= 09:07:34
 Nodes I and J of element 401413 ( COMBIN14 ) are not coincident.        

 *** WARNING ***   SUPPRESSED MESSAGE    ELAPSED TIME =      12.339   TIME= 09:07:34
 Nodes I and J of element 401414 ( COMBIN14 ) are not coincident.        

 *** WARNING ***   SUPPRESSED MESSAGE    ELAPSED TIME =      12.339   TIME= 09:07:34
 Nodes I and J of element 401415 ( COMBIN14 ) are not coincident.        

 *** WARNING ***   SUPPRESSED MESSAGE    ELAPSED TIME =      12.339   TIME= 09:07:34
 Nodes I and J of element 401416 ( COMBIN14 ) are not coincident.        

 *** WARNING ***   SUPPRESSED MESSAGE    ELAPSED TIME =      12.339   TIME= 09:07:34
 Nodes I and J of element 401417 ( COMBIN14 ) are not coincident.        

 *** WARNING ***   SUPPRESSED MESSAGE    ELAPSED TIME =      12.339   TIME= 09:07:34
 Nodes I and J of element 401418 ( COMBIN14 ) are not coincident.        

 *** WARNING ***   SUPPRESSED MESSAGE    ELAPSED TIME =      12.339   TIME= 09:07:34
 Nodes I and J of element 401419 ( COMBIN14 ) are not coincident.        

 *** WARNING ***   SUPPRESSED MESSAGE    ELAPSED TIME =      12.339   TIME= 09:07:34
 Nodes I and J of element 401420 ( COMBIN14 ) are not coincident.        

 *** WARNING ***   SUPPRESSED MESSAGE    ELAPSED TIME =      12.339   TIME= 09:07:34
 Nodes I and J of element 401421 ( COMBIN14 ) are not coincident.        

 *** WARNING ***   SUPPRESSED MESSAGE    ELAPSED TIME =      12.339   TIME= 09:07:34
 Nodes I and J of element 401422 ( COMBIN14 ) are not coincident.        

 *** WARNING ***   SUPPRESSED MESSAGE    ELAPSED TIME =      12.339   TIME= 09:07:34
 Nodes I and J of element 401423 ( COMBIN14 ) are not coincident.        

 *** WARNING ***   SUPPRESSED MESSAGE    ELAPSED TIME =      12.339   TIME= 09:07:34
 Nodes I and J of element 401424 ( COMBIN14 ) are not coincident.        

 *** WARNING ***   SUPPRESSED MESSAGE    ELAPSED TIME =      12.339   TIME= 09:07:34
 Nodes I and J of element 401425 ( COMBIN14 ) are not coincident.        

 *** WARNING ***   SUPPRESSED MESSAGE    ELAPSED TIME =      12.339   TIME= 09:07:34
 Nodes I and J of element 401426 ( COMBIN14 ) are not coincident.        

 *** WARNING ***   SUPPRESSED MESSAGE    ELAPSED TIME =      12.339   TIME= 09:07:34
 Nodes I and J of element 401427 ( COMBIN14 ) are not coincident.        

 *** WARNING ***   SUPPRESSED MESSAGE    ELAPSED TIME =      12.339   TIME= 09:07:34
 Nodes I and J of element 401428 ( COMBIN14 ) are not coincident.        

 *** WARNING ***   SUPPRESSED MESSAGE    ELAPSED TIME =      12.339   TIME= 09:07:34
 Nodes I and J of element 401429 ( COMBIN14 ) are not coincident.        

 *** WARNING ***   SUPPRESSED MESSAGE    ELAPSED TIME =      12.339   TIME= 09:07:34
 Nodes I and J of element 401430 ( COMBIN14 ) are not coincident.        

 *** WARNING ***   SUPPRESSED MESSAGE    ELAPSED TIME =      12.339   TIME= 09:07:34
 Nodes I and J of element 401431 ( COMBIN14 ) are not coincident.        

 *** WARNING ***   SUPPRESSED MESSAGE    ELAPSED TIME =      12.339   TIME= 09:07:34
 Nodes I and J of element 401432 ( COMBIN14 ) are not coincident.        

 *** WARNING ***   SUPPRESSED MESSAGE    ELAPSED TIME =      12.339   TIME= 09:07:34
 Nodes I and J of element 401433 ( COMBIN14 ) are not coincident.        

 *** WARNING ***   SUPPRESSED MESSAGE    ELAPSED TIME =      12.339   TIME= 09:07:34
 Nodes I and J of element 401434 ( COMBIN14 ) are not coincident.        

 *** WARNING ***   SUPPRESSED MESSAGE    ELAPSED TIME =      12.339   TIME= 09:07:34
 Nodes I and J of element 401435 ( COMBIN14 ) are not coincident.        

 *** WARNING ***   SUPPRESSED MESSAGE    ELAPSED TIME =      12.339   TIME= 09:07:34
 Nodes I and J of element 401436 ( COMBIN14 ) are not coincident.        

 *** WARNING ***   SUPPRESSED MESSAGE    ELAPSED TIME =      12.339   TIME= 09:07:34
 Nodes I and J of element 401437 ( COMBIN14 ) are not coincident.        

 *** WARNING ***   SUPPRESSED MESSAGE    ELAPSED TIME =      12.339   TIME= 09:07:34
 Nodes I and J of element 401438 ( COMBIN14 ) are not coincident.        

 *** WARNING ***   SUPPRESSED MESSAGE    ELAPSED TIME =      12.339   TIME= 09:07:34
 Nodes I and J of element 401439 ( COMBIN14 ) are not coincident.        

 *** WARNING ***   SUPPRESSED MESSAGE    ELAPSED TIME =      12.339   TIME= 09:07:34
 Nodes I and J of element 401440 ( COMBIN14 ) are not coincident.        

 *** WARNING ***   SUPPRESSED MESSAGE    ELAPSED TIME =      12.339   TIME= 09:07:34
 Nodes I and J of element 401441 ( COMBIN14 ) are not coincident.        

 *** WARNING ***   SUPPRESSED MESSAGE    ELAPSED TIME =      12.339   TIME= 09:07:34
 Nodes I and J of element 401442 ( COMBIN14 ) are not coincident.        

 *** WARNING ***   SUPPRESSED MESSAGE    ELAPSED TIME =      12.339   TIME= 09:07:34
 Nodes I and J of element 401443 ( COMBIN14 ) are not coincident.        

 *** WARNING ***   SUPPRESSED MESSAGE    ELAPSED TIME =      12.339   TIME= 09:07:34
 Nodes I and J of element 401444 ( COMBIN14 ) are not coincident.        

 *** WARNING ***   SUPPRESSED MESSAGE    ELAPSED TIME =      12.339   TIME= 09:07:34
 Nodes I and J of element 401445 ( COMBIN14 ) are not coincident.        

 *** WARNING ***   SUPPRESSED MESSAGE    ELAPSED TIME =      12.339   TIME= 09:07:34
 Nodes I and J of element 401446 ( COMBIN14 ) are not coincident.        

 *** WARNING ***   SUPPRESSED MESSAGE    ELAPSED TIME =      12.339   TIME= 09:07:34
 Nodes I and J of element 401447 ( COMBIN14 ) are not coincident.        

 *** WARNING ***   SUPPRESSED MESSAGE    ELAPSED TIME =      12.339   TIME= 09:07:34
 Nodes I and J of element 401448 ( COMBIN14 ) are not coincident.        

 *** WARNING ***   SUPPRESSED MESSAGE    ELAPSED TIME =      12.339   TIME= 09:07:34
 Nodes I and J of element 401449 ( COMBIN14 ) are not coincident.        

 *** WARNING ***   SUPPRESSED MESSAGE    ELAPSED TIME =      12.339   TIME= 09:07:34
 Nodes I and J of element 401450 ( COMBIN14 ) are not coincident.        

 *** WARNING ***   SUPPRESSED MESSAGE    ELAPSED TIME =      12.339   TIME= 09:07:34
 Nodes I and J of element 401451 ( COMBIN14 ) are not coincident.        

 *** WARNING ***   SUPPRESSED MESSAGE    ELAPSED TIME =      12.339   TIME= 09:07:34
 Nodes I and J of element 401452 ( COMBIN14 ) are not coincident.        

 *** WARNING ***   SUPPRESSED MESSAGE    ELAPSED TIME =      12.339   TIME= 09:07:34
 Nodes I and J of element 401453 ( COMBIN14 ) are not coincident.        

 *** WARNING ***   SUPPRESSED MESSAGE    ELAPSED TIME =      12.339   TIME= 09:07:34
 Nodes I and J of element 401454 ( COMBIN14 ) are not coincident.        

 *** WARNING ***   SUPPRESSED MESSAGE    ELAPSED TIME =      12.339   TIME= 09:07:34
 Nodes I and J of element 401455 ( COMBIN14 ) are not coincident.        

 *** WARNING ***   SUPPRESSED MESSAGE    ELAPSED TIME =      12.339   TIME= 09:07:34
 Nodes I and J of element 401456 ( COMBIN14 ) are not coincident.        

 *** WARNING ***   SUPPRESSED MESSAGE    ELAPSED TIME =      12.339   TIME= 09:07:34
 Nodes I and J of element 401457 ( COMBIN14 ) are not coincident.        

 *** WARNING ***   SUPPRESSED MESSAGE    ELAPSED TIME =      12.339   TIME= 09:07:34
 Nodes I and J of element 401458 ( COMBIN14 ) are not coincident.        

 *** WARNING ***   SUPPRESSED MESSAGE    ELAPSED TIME =      12.339   TIME= 09:07:34
 Nodes I and J of element 401459 ( COMBIN14 ) are not coincident.        

 *** WARNING ***   SUPPRESSED MESSAGE    ELAPSED TIME =      12.339   TIME= 09:07:34
 Nodes I and J of element 401460 ( COMBIN14 ) are not coincident.        

 *** WARNING ***   SUPPRESSED MESSAGE    ELAPSED TIME =      12.339   TIME= 09:07:34
 Nodes I and J of element 401461 ( COMBIN14 ) are not coincident.        

 *** WARNING ***   SUPPRESSED MESSAGE    ELAPSED TIME =      12.339   TIME= 09:07:34
 Nodes I and J of element 401462 ( COMBIN14 ) are not coincident.        

 *** WARNING ***   SUPPRESSED MESSAGE    ELAPSED TIME =      12.339   TIME= 09:07:34
 Nodes I and J of element 401463 ( COMBIN14 ) are not coincident.        

 *** WARNING ***   SUPPRESSED MESSAGE    ELAPSED TIME =      12.339   TIME= 09:07:34
 Nodes I and J of element 401464 ( COMBIN14 ) are not coincident.        

 *** WARNING ***   SUPPRESSED MESSAGE    ELAPSED TIME =      12.339   TIME= 09:07:34
 Nodes I and J of element 401465 ( COMBIN14 ) are not coincident.        

 *** WARNING ***   SUPPRESSED MESSAGE    ELAPSED TIME =      12.339   TIME= 09:07:34
 Nodes I and J of element 401466 ( COMBIN14 ) are not coincident.        

 *** WARNING ***   SUPPRESSED MESSAGE    ELAPSED TIME =      12.339   TIME= 09:07:34
 Nodes I and J of element 401467 ( COMBIN14 ) are not coincident.        

 *** WARNING ***   SUPPRESSED MESSAGE    ELAPSED TIME =      12.339   TIME= 09:07:34
 Nodes I and J of element 401468 ( COMBIN14 ) are not coincident.        

 *** WARNING ***   SUPPRESSED MESSAGE    ELAPSED TIME =      12.339   TIME= 09:07:34
 Nodes I and J of element 401469 ( COMBIN14 ) are not coincident.        

 *** WARNING ***   SUPPRESSED MESSAGE    ELAPSED TIME =      12.339   TIME= 09:07:34
 Nodes I and J of element 401470 ( COMBIN14 ) are not coincident.        

 *** WARNING ***   SUPPRESSED MESSAGE    ELAPSED TIME =      12.339   TIME= 09:07:34
 Nodes I and J of element 401471 ( COMBIN14 ) are not coincident.        

 *** WARNING ***   SUPPRESSED MESSAGE    ELAPSED TIME =      12.339   TIME= 09:07:34
 Nodes I and J of element 401472 ( COMBIN14 ) are not coincident.        

 *** WARNING ***   SUPPRESSED MESSAGE    ELAPSED TIME =      12.339   TIME= 09:07:34
 Nodes I and J of element 401473 ( COMBIN14 ) are not coincident.        

 *** WARNING ***   SUPPRESSED MESSAGE    ELAPSED TIME =      12.339   TIME= 09:07:34
 Nodes I and J of element 401474 ( COMBIN14 ) are not coincident.        

 *** WARNING ***   SUPPRESSED MESSAGE    ELAPSED TIME =      12.339   TIME= 09:07:34
 Nodes I and J of element 401475 ( COMBIN14 ) are not coincident.        

 *** WARNING ***   SUPPRESSED MESSAGE    ELAPSED TIME =      12.340   TIME= 09:07:34
 Nodes I and J of element 401476 ( COMBIN14 ) are not coincident.        

 *** WARNING ***   SUPPRESSED MESSAGE    ELAPSED TIME =      12.340   TIME= 09:07:34
 Nodes I and J of element 401477 ( COMBIN14 ) are not coincident.        

 *** WARNING ***   SUPPRESSED MESSAGE    ELAPSED TIME =      12.340   TIME= 09:07:34
 Nodes I and J of element 401478 ( COMBIN14 ) are not coincident.        

 *** WARNING ***   SUPPRESSED MESSAGE    ELAPSED TIME =      12.340   TIME= 09:07:34
 Nodes I and J of element 401479 ( COMBIN14 ) are not coincident.        

 *** WARNING ***   SUPPRESSED MESSAGE    ELAPSED TIME =      12.340   TIME= 09:07:34
 Nodes I and J of element 401480 ( COMBIN14 ) are not coincident.        

 *** WARNING ***   SUPPRESSED MESSAGE    ELAPSED TIME =      12.340   TIME= 09:07:34
 Nodes I and J of element 401481 ( COMBIN14 ) are not coincident.        

 *** WARNING ***   SUPPRESSED MESSAGE    ELAPSED TIME =      12.340   TIME= 09:07:34
 Nodes I and J of element 401482 ( COMBIN14 ) are not coincident.        

 *** WARNING ***   SUPPRESSED MESSAGE    ELAPSED TIME =      12.340   TIME= 09:07:34
 Nodes I and J of element 401483 ( COMBIN14 ) are not coincident.        

 *** WARNING ***   SUPPRESSED MESSAGE    ELAPSED TIME =      12.340   TIME= 09:07:34
 Nodes I and J of element 401484 ( COMBIN14 ) are not coincident.        

 *** WARNING ***   SUPPRESSED MESSAGE    ELAPSED TIME =      12.340   TIME= 09:07:34
 Nodes I and J of element 401485 ( COMBIN14 ) are not coincident.        

 *** WARNING ***   SUPPRESSED MESSAGE    ELAPSED TIME =      12.340   TIME= 09:07:34
 Nodes I and J of element 401486 ( COMBIN14 ) are not coincident.        

 *** WARNING ***   SUPPRESSED MESSAGE    ELAPSED TIME =      12.340   TIME= 09:07:34
 Nodes I and J of element 401487 ( COMBIN14 ) are not coincident.        

 *** WARNING ***   SUPPRESSED MESSAGE    ELAPSED TIME =      12.340   TIME= 09:07:34
 Nodes I and J of element 401488 ( COMBIN14 ) are not coincident.        

 *** WARNING ***   SUPPRESSED MESSAGE    ELAPSED TIME =      12.340   TIME= 09:07:34
 Nodes I and J of element 401489 ( COMBIN14 ) are not coincident.        

 *** WARNING ***   SUPPRESSED MESSAGE    ELAPSED TIME =      12.340   TIME= 09:07:34
 Nodes I and J of element 401490 ( COMBIN14 ) are not coincident.        

 *** WARNING ***   SUPPRESSED MESSAGE    ELAPSED TIME =      12.340   TIME= 09:07:34
 Nodes I and J of element 401491 ( COMBIN14 ) are not coincident.        

 *** WARNING ***   SUPPRESSED MESSAGE    ELAPSED TIME =      12.340   TIME= 09:07:34
 Nodes I and J of element 401492 ( COMBIN14 ) are not coincident.        

 *** WARNING ***   SUPPRESSED MESSAGE    ELAPSED TIME =      12.340   TIME= 09:07:34
 Nodes I and J of element 401493 ( COMBIN14 ) are not coincident.        

 *** WARNING ***   SUPPRESSED MESSAGE    ELAPSED TIME =      12.340   TIME= 09:07:34
 Nodes I and J of element 401494 ( COMBIN14 ) are not coincident.        

 *** WARNING ***   SUPPRESSED MESSAGE    ELAPSED TIME =      12.340   TIME= 09:07:34
 Nodes I and J of element 401495 ( COMBIN14 ) are not coincident.        

 *** WARNING ***   SUPPRESSED MESSAGE    ELAPSED TIME =      12.340   TIME= 09:07:34
 Nodes I and J of element 401496 ( COMBIN14 ) are not coincident.        

 *** WARNING ***   SUPPRESSED MESSAGE    ELAPSED TIME =      12.340   TIME= 09:07:34
 Nodes I and J of element 401497 ( COMBIN14 ) are not coincident.        

 *** WARNING ***   SUPPRESSED MESSAGE    ELAPSED TIME =      12.340   TIME= 09:07:34
 Nodes I and J of element 401498 ( COMBIN14 ) are not coincident.        

 *** WARNING ***   SUPPRESSED MESSAGE    ELAPSED TIME =      12.340   TIME= 09:07:34
 Nodes I and J of element 401499 ( COMBIN14 ) are not coincident.        

 *** WARNING ***   SUPPRESSED MESSAGE    ELAPSED TIME =      12.340   TIME= 09:07:34
 Nodes I and J of element 401500 ( COMBIN14 ) are not coincident.        

 *** WARNING ***   SUPPRESSED MESSAGE    ELAPSED TIME =      12.340   TIME= 09:07:34
 Nodes I and J of element 401501 ( COMBIN14 ) are not coincident.        

 *** WARNING ***   SUPPRESSED MESSAGE    ELAPSED TIME =      12.340   TIME= 09:07:34
 Nodes I and J of element 401502 ( COMBIN14 ) are not coincident.        

 *** WARNING ***   SUPPRESSED MESSAGE    ELAPSED TIME =      12.340   TIME= 09:07:34
 Nodes I and J of element 401503 ( COMBIN14 ) are not coincident.        

 *** WARNING ***   SUPPRESSED MESSAGE    ELAPSED TIME =      12.340   TIME= 09:07:34
 Nodes I and J of element 401504 ( COMBIN14 ) are not coincident.        

 *** WARNING ***   SUPPRESSED MESSAGE    ELAPSED TIME =      12.340   TIME= 09:07:34
 Nodes I and J of element 401505 ( COMBIN14 ) are not coincident.        

 *** WARNING ***   SUPPRESSED MESSAGE    ELAPSED TIME =      12.340   TIME= 09:07:34
 Nodes I and J of element 401506 ( COMBIN14 ) are not coincident.        

 *** WARNING ***   SUPPRESSED MESSAGE    ELAPSED TIME =      12.340   TIME= 09:07:34
 Nodes I and J of element 401507 ( COMBIN14 ) are not coincident.        

 *** WARNING ***   SUPPRESSED MESSAGE    ELAPSED TIME =      12.340   TIME= 09:07:34
 Nodes I and J of element 401508 ( COMBIN14 ) are not coincident.        

 *** WARNING ***   SUPPRESSED MESSAGE    ELAPSED TIME =      12.340   TIME= 09:07:34
 Nodes I and J of element 401509 ( COMBIN14 ) are not coincident.        

 *** WARNING ***   SUPPRESSED MESSAGE    ELAPSED TIME =      12.340   TIME= 09:07:34
 Nodes I and J of element 401510 ( COMBIN14 ) are not coincident.        

 *** WARNING ***   SUPPRESSED MESSAGE    ELAPSED TIME =      12.340   TIME= 09:07:34
 Nodes I and J of element 401511 ( COMBIN14 ) are not coincident.        

 *** WARNING ***   SUPPRESSED MESSAGE    ELAPSED TIME =      12.340   TIME= 09:07:34
 Nodes I and J of element 401512 ( COMBIN14 ) are not coincident.        

 *** WARNING ***   SUPPRESSED MESSAGE    ELAPSED TIME =      12.340   TIME= 09:07:34
 Nodes I and J of element 401513 ( COMBIN14 ) are not coincident.        

 *** WARNING ***   SUPPRESSED MESSAGE    ELAPSED TIME =      12.340   TIME= 09:07:34
 Nodes I and J of element 401514 ( COMBIN14 ) are not coincident.        

 *** WARNING ***   SUPPRESSED MESSAGE    ELAPSED TIME =      12.340   TIME= 09:07:34
 Nodes I and J of element 401515 ( COMBIN14 ) are not coincident.        

 *** WARNING ***   SUPPRESSED MESSAGE    ELAPSED TIME =      12.340   TIME= 09:07:34
 Nodes I and J of element 401516 ( COMBIN14 ) are not coincident.        

 *** WARNING ***   SUPPRESSED MESSAGE    ELAPSED TIME =      12.340   TIME= 09:07:34
 Nodes I and J of element 401517 ( COMBIN14 ) are not coincident.        

 *** WARNING ***   SUPPRESSED MESSAGE    ELAPSED TIME =      12.340   TIME= 09:07:34
 Nodes I and J of element 401518 ( COMBIN14 ) are not coincident.        

 *** WARNING ***   SUPPRESSED MESSAGE    ELAPSED TIME =      12.340   TIME= 09:07:34
 Nodes I and J of element 401519 ( COMBIN14 ) are not coincident.        

 *** WARNING ***   SUPPRESSED MESSAGE    ELAPSED TIME =      12.340   TIME= 09:07:34
 Nodes I and J of element 401520 ( COMBIN14 ) are not coincident.        

 *** WARNING ***   SUPPRESSED MESSAGE    ELAPSED TIME =      12.340   TIME= 09:07:34
 Nodes I and J of element 401521 ( COMBIN14 ) are not coincident.        

 *** WARNING ***   SUPPRESSED MESSAGE    ELAPSED TIME =      12.340   TIME= 09:07:34
 Nodes I and J of element 401522 ( COMBIN14 ) are not coincident.        

 *** WARNING ***   SUPPRESSED MESSAGE    ELAPSED TIME =      12.340   TIME= 09:07:34
 Nodes I and J of element 401523 ( COMBIN14 ) are not coincident.        

 *** WARNING ***   SUPPRESSED MESSAGE    ELAPSED TIME =      12.340   TIME= 09:07:34
 Nodes I and J of element 401524 ( COMBIN14 ) are not coincident.        

 *** WARNING ***   SUPPRESSED MESSAGE    ELAPSED TIME =      12.340   TIME= 09:07:34
 Nodes I and J of element 401525 ( COMBIN14 ) are not coincident.        

 *** WARNING ***   SUPPRESSED MESSAGE    ELAPSED TIME =      12.340   TIME= 09:07:34
 Nodes I and J of element 401526 ( COMBIN14 ) are not coincident.        

 *** WARNING ***   SUPPRESSED MESSAGE    ELAPSED TIME =      12.340   TIME= 09:07:34
 Nodes I and J of element 401527 ( COMBIN14 ) are not coincident.        

 *** WARNING ***   SUPPRESSED MESSAGE    ELAPSED TIME =      12.340   TIME= 09:07:34
 Nodes I and J of element 401528 ( COMBIN14 ) are not coincident.        

 *** WARNING ***   SUPPRESSED MESSAGE    ELAPSED TIME =      12.340   TIME= 09:07:34
 Nodes I and J of element 401529 ( COMBIN14 ) are not coincident.        

 *** WARNING ***   SUPPRESSED MESSAGE    ELAPSED TIME =      12.340   TIME= 09:07:34
 Nodes I and J of element 401530 ( COMBIN14 ) are not coincident.        

 *** WARNING ***   SUPPRESSED MESSAGE    ELAPSED TIME =      12.340   TIME= 09:07:34
 Nodes I and J of element 401531 ( COMBIN14 ) are not coincident.        

 *** WARNING ***   SUPPRESSED MESSAGE    ELAPSED TIME =      12.340   TIME= 09:07:34
 Nodes I and J of element 401532 ( COMBIN14 ) are not coincident.        

 *** WARNING ***   SUPPRESSED MESSAGE    ELAPSED TIME =      12.340   TIME= 09:07:34
 Nodes I and J of element 401533 ( COMBIN14 ) are not coincident.        

 *** WARNING ***   SUPPRESSED MESSAGE    ELAPSED TIME =      12.340   TIME= 09:07:34
 Nodes I and J of element 401534 ( COMBIN14 ) are not coincident.        

 *** WARNING ***   SUPPRESSED MESSAGE    ELAPSED TIME =      12.340   TIME= 09:07:34
 Nodes I and J of element 401535 ( COMBIN14 ) are not coincident.        

 *** WARNING ***   SUPPRESSED MESSAGE    ELAPSED TIME =      12.340   TIME= 09:07:34
 Nodes I and J of element 401536 ( COMBIN14 ) are not coincident.        

 *** WARNING ***   SUPPRESSED MESSAGE    ELAPSED TIME =      12.340   TIME= 09:07:34
 Nodes I and J of element 401537 ( COMBIN14 ) are not coincident.        

 *** WARNING ***   SUPPRESSED MESSAGE    ELAPSED TIME =      12.340   TIME= 09:07:34
 Nodes I and J of element 401538 ( COMBIN14 ) are not coincident.        

 *** WARNING ***   SUPPRESSED MESSAGE    ELAPSED TIME =      12.340   TIME= 09:07:34
 Nodes I and J of element 401539 ( COMBIN14 ) are not coincident.        

 *** WARNING ***   SUPPRESSED MESSAGE    ELAPSED TIME =      12.340   TIME= 09:07:34
 Nodes I and J of element 401540 ( COMBIN14 ) are not coincident.        

 *** WARNING ***   SUPPRESSED MESSAGE    ELAPSED TIME =      12.340   TIME= 09:07:34
 Nodes I and J of element 401541 ( COMBIN14 ) are not coincident.        

 *** WARNING ***   SUPPRESSED MESSAGE    ELAPSED TIME =      12.340   TIME= 09:07:34
 Nodes I and J of element 401542 ( COMBIN14 ) are not coincident.        

 *** WARNING ***   SUPPRESSED MESSAGE    ELAPSED TIME =      12.340   TIME= 09:07:34
 Nodes I and J of element 401543 ( COMBIN14 ) are not coincident.        

 *** WARNING ***   SUPPRESSED MESSAGE    ELAPSED TIME =      12.340   TIME= 09:07:34
 Nodes I and J of element 401544 ( COMBIN14 ) are not coincident.        

 *** WARNING ***   SUPPRESSED MESSAGE    ELAPSED TIME =      12.340   TIME= 09:07:34
 Nodes I and J of element 401545 ( COMBIN14 ) are not coincident.        

 *** WARNING ***   SUPPRESSED MESSAGE    ELAPSED TIME =      12.340   TIME= 09:07:34
 Nodes I and J of element 401546 ( COMBIN14 ) are not coincident.        

 *** WARNING ***   SUPPRESSED MESSAGE    ELAPSED TIME =      12.340   TIME= 09:07:34
 Nodes I and J of element 401547 ( COMBIN14 ) are not coincident.        

 *** WARNING ***   SUPPRESSED MESSAGE    ELAPSED TIME =      12.340   TIME= 09:07:34
 Nodes I and J of element 401548 ( COMBIN14 ) are not coincident.        

 *** WARNING ***   SUPPRESSED MESSAGE    ELAPSED TIME =      12.340   TIME= 09:07:34
 Nodes I and J of element 401549 ( COMBIN14 ) are not coincident.        

 *** WARNING ***   SUPPRESSED MESSAGE    ELAPSED TIME =      12.340   TIME= 09:07:34
 Nodes I and J of element 401550 ( COMBIN14 ) are not coincident.        

 *** WARNING ***   SUPPRESSED MESSAGE    ELAPSED TIME =      12.340   TIME= 09:07:34
 Nodes I and J of element 401551 ( COMBIN14 ) are not coincident.        

 *** WARNING ***   SUPPRESSED MESSAGE    ELAPSED TIME =      12.340   TIME= 09:07:34
 Nodes I and J of element 401552 ( COMBIN14 ) are not coincident.        

 *** WARNING ***   SUPPRESSED MESSAGE    ELAPSED TIME =      12.340   TIME= 09:07:34
 Nodes I and J of element 401553 ( COMBIN14 ) are not coincident.        

 *** WARNING ***   SUPPRESSED MESSAGE    ELAPSED TIME =      12.340   TIME= 09:07:34
 Nodes I and J of element 401554 ( COMBIN14 ) are not coincident.        

 *** WARNING ***   SUPPRESSED MESSAGE    ELAPSED TIME =      12.340   TIME= 09:07:34
 Nodes I and J of element 401555 ( COMBIN14 ) are not coincident.        

 *** WARNING ***   SUPPRESSED MESSAGE    ELAPSED TIME =      12.340   TIME= 09:07:34
 Nodes I and J of element 401556 ( COMBIN14 ) are not coincident.        

 *** WARNING ***   SUPPRESSED MESSAGE    ELAPSED TIME =      12.340   TIME= 09:07:34
 Nodes I and J of element 401557 ( COMBIN14 ) are not coincident.        

 *** WARNING ***   SUPPRESSED MESSAGE    ELAPSED TIME =      12.340   TIME= 09:07:34
 Nodes I and J of element 401558 ( COMBIN14 ) are not coincident.        

 *** WARNING ***   SUPPRESSED MESSAGE    ELAPSED TIME =      12.340   TIME= 09:07:34
 Nodes I and J of element 401559 ( COMBIN14 ) are not coincident.        

 *** WARNING ***   SUPPRESSED MESSAGE    ELAPSED TIME =      12.340   TIME= 09:07:34
 Nodes I and J of element 401560 ( COMBIN14 ) are not coincident.        

 *** WARNING ***   SUPPRESSED MESSAGE    ELAPSED TIME =      12.340   TIME= 09:07:34
 Nodes I and J of element 401561 ( COMBIN14 ) are not coincident.        

 *** WARNING ***   SUPPRESSED MESSAGE    ELAPSED TIME =      12.340   TIME= 09:07:34
 Nodes I and J of element 401562 ( COMBIN14 ) are not coincident.        

 *** WARNING ***   SUPPRESSED MESSAGE    ELAPSED TIME =      12.340   TIME= 09:07:34
 Nodes I and J of element 401563 ( COMBIN14 ) are not coincident.        

 *** WARNING ***   SUPPRESSED MESSAGE    ELAPSED TIME =      12.340   TIME= 09:07:34
 Nodes I and J of element 401564 ( COMBIN14 ) are not coincident.        

 *** WARNING ***   SUPPRESSED MESSAGE    ELAPSED TIME =      12.340   TIME= 09:07:34
 Nodes I and J of element 401565 ( COMBIN14 ) are not coincident.        

 *** WARNING ***   SUPPRESSED MESSAGE    ELAPSED TIME =      12.340   TIME= 09:07:34
 Nodes I and J of element 401566 ( COMBIN14 ) are not coincident.        

 *** WARNING ***   SUPPRESSED MESSAGE    ELAPSED TIME =      12.340   TIME= 09:07:34
 Nodes I and J of element 401567 ( COMBIN14 ) are not coincident.        

 *** ERROR ***     SUPPRESSED MESSAGE    ELAPSED TIME =      12.344   TIME= 09:07:34
 The model data was checked and there were errors found.                 
  Please check output or errors file (                                   
 D:\张靖皋大桥\03_猫道动力分析\附件2-3全模态精确对齐_V2.0\ultra_runs\D10 
 _DOWNPULL_20260826T234537722202Z\solver\cw_D10_0826t234537.err ) for    
 messages.                                                               
/COM,ANSYS RELEASE 2026 R1           BUILD 26.1      UP20260202       09:09:47

 *** WARNING ***                         ELAPSED TIME =      12.112   TIME= 09:09:59
 Constraint equations may not be valid for elements that undergo large   
 deflections.                                                            

 *** WARNING ***                         ELAPSED TIME =      12.132   TIME= 09:09:59
 Nodes I and J of element 401000 ( COMBIN14 ) are not coincident.        

 *** WARNING ***                         ELAPSED TIME =      12.132   TIME= 09:09:59
 Nodes I and J of element 401001 ( COMBIN14 ) are not coincident.        

 *** WARNING ***                         ELAPSED TIME =      12.132   TIME= 09:09:59
 Nodes I and J of element 401002 ( COMBIN14 ) are not coincident.        

 *** WARNING ***                         ELAPSED TIME =      12.132   TIME= 09:09:59
 Nodes I and J of element 401003 ( COMBIN14 ) are not coincident.        

 *** WARNING ***                         ELAPSED TIME =      12.132   TIME= 09:09:59
 Nodes I and J of element 401004 ( COMBIN14 ) are not coincident.        

 *** WARNING ***                         ELAPSED TIME =      12.132   TIME= 09:09:59
 Nodes I and J of element 401005 ( COMBIN14 ) are not coincident.        

 *** WARNING ***                         ELAPSED TIME =      12.132   TIME= 09:09:59
 Nodes I and J of element 401006 ( COMBIN14 ) are not coincident.        

 *** WARNING ***                         ELAPSED TIME =      12.132   TIME= 09:09:59
 Nodes I and J of element 401007 ( COMBIN14 ) are not coincident.        

 *** WARNING ***                         ELAPSED TIME =      12.132   TIME= 09:09:59
 Nodes I and J of element 401008 ( COMBIN14 ) are not coincident.        

 *** WARNING ***                         ELAPSED TIME =      12.132   TIME= 09:09:59
 Nodes I and J of element 401009 ( COMBIN14 ) are not coincident.        

 *** WARNING ***                         ELAPSED TIME =      12.132   TIME= 09:09:59
 Nodes I and J of element 401010 ( COMBIN14 ) are not coincident.        

 *** WARNING ***                         ELAPSED TIME =      12.133   TIME= 09:09:59
 Nodes I and J of element 401011 ( COMBIN14 ) are not coincident.        

 *** WARNING ***                         ELAPSED TIME =      12.133   TIME= 09:09:59
 Nodes I and J of element 401012 ( COMBIN14 ) are not coincident.        

 *** WARNING ***                         ELAPSED TIME =      12.133   TIME= 09:09:59
 Nodes I and J of element 401013 ( COMBIN14 ) are not coincident.        

 *** WARNING ***                         ELAPSED TIME =      12.133   TIME= 09:09:59
 Nodes I and J of element 401014 ( COMBIN14 ) are not coincident.        

 *** WARNING ***                         ELAPSED TIME =      12.133   TIME= 09:09:59
 Nodes I and J of element 401015 ( COMBIN14 ) are not coincident.        

 *** WARNING ***                         ELAPSED TIME =      12.133   TIME= 09:09:59
 Nodes I and J of element 401016 ( COMBIN14 ) are not coincident.        

 *** WARNING ***                         ELAPSED TIME =      12.133   TIME= 09:09:59
 Nodes I and J of element 401017 ( COMBIN14 ) are not coincident.        

 *** WARNING ***                         ELAPSED TIME =      12.133   TIME= 09:09:59
 Nodes I and J of element 401018 ( COMBIN14 ) are not coincident.        

 *** WARNING ***                         ELAPSED TIME =      12.133   TIME= 09:09:59
 Nodes I and J of element 401019 ( COMBIN14 ) are not coincident.        

 *** WARNING ***                         ELAPSED TIME =      12.133   TIME= 09:09:59
 Nodes I and J of element 401020 ( COMBIN14 ) are not coincident.        

 *** WARNING ***                         ELAPSED TIME =      12.133   TIME= 09:09:59
 Nodes I and J of element 401021 ( COMBIN14 ) are not coincident.        

 *** WARNING ***                         ELAPSED TIME =      12.133   TIME= 09:09:59
 Nodes I and J of element 401022 ( COMBIN14 ) are not coincident.        

 *** WARNING ***                         ELAPSED TIME =      12.133   TIME= 09:09:59
 Nodes I and J of element 401023 ( COMBIN14 ) are not coincident.        

 *** WARNING ***                         ELAPSED TIME =      12.133   TIME= 09:09:59
 Nodes I and J of element 401024 ( COMBIN14 ) are not coincident.        

 *** WARNING ***                         ELAPSED TIME =      12.133   TIME= 09:09:59
 Nodes I and J of element 401025 ( COMBIN14 ) are not coincident.        

 *** WARNING ***                         ELAPSED TIME =      12.133   TIME= 09:09:59
 Nodes I and J of element 401026 ( COMBIN14 ) are not coincident.        

 *** WARNING ***                         ELAPSED TIME =      12.133   TIME= 09:09:59
 Nodes I and J of element 401027 ( COMBIN14 ) are not coincident.        

 *** WARNING ***                         ELAPSED TIME =      12.133   TIME= 09:09:59
 Nodes I and J of element 401028 ( COMBIN14 ) are not coincident.        

 *** WARNING ***                         ELAPSED TIME =      12.133   TIME= 09:09:59
 Nodes I and J of element 401029 ( COMBIN14 ) are not coincident.        

 *** WARNING ***                         ELAPSED TIME =      12.133   TIME= 09:09:59
 Nodes I and J of element 401030 ( COMBIN14 ) are not coincident.        

 *** WARNING ***                         ELAPSED TIME =      12.133   TIME= 09:09:59
 Nodes I and J of element 401031 ( COMBIN14 ) are not coincident.        

 *** WARNING ***                         ELAPSED TIME =      12.133   TIME= 09:09:59
 Nodes I and J of element 401032 ( COMBIN14 ) are not coincident.        

 *** WARNING ***                         ELAPSED TIME =      12.133   TIME= 09:09:59
 Nodes I and J of element 401033 ( COMBIN14 ) are not coincident.        

 *** WARNING ***                         ELAPSED TIME =      12.133   TIME= 09:09:59
 Nodes I and J of element 401034 ( COMBIN14 ) are not coincident.        

 *** WARNING ***                         ELAPSED TIME =      12.133   TIME= 09:09:59
 Nodes I and J of element 401035 ( COMBIN14 ) are not coincident.        

 *** WARNING ***                         ELAPSED TIME =      12.133   TIME= 09:09:59
 Nodes I and J of element 401036 ( COMBIN14 ) are not coincident.        

 *** WARNING ***                         ELAPSED TIME =      12.133   TIME= 09:09:59
 Nodes I and J of element 401037 ( COMBIN14 ) are not coincident.        

 *** WARNING ***                         ELAPSED TIME =      12.133   TIME= 09:09:59
 Nodes I and J of element 401038 ( COMBIN14 ) are not coincident.        

 *** WARNING ***                         ELAPSED TIME =      12.133   TIME= 09:09:59
 Nodes I and J of element 401039 ( COMBIN14 ) are not coincident.        

 *** WARNING ***                         ELAPSED TIME =      12.133   TIME= 09:09:59
 Nodes I and J of element 401040 ( COMBIN14 ) are not coincident.        

 *** WARNING ***                         ELAPSED TIME =      12.133   TIME= 09:09:59
 Nodes I and J of element 401041 ( COMBIN14 ) are not coincident.        

 *** WARNING ***                         ELAPSED TIME =      12.133   TIME= 09:09:59
 Nodes I and J of element 401042 ( COMBIN14 ) are not coincident.        

 *** WARNING ***                         ELAPSED TIME =      12.133   TIME= 09:09:59
 Nodes I and J of element 401043 ( COMBIN14 ) are not coincident.        

 *** WARNING ***                         ELAPSED TIME =      12.133   TIME= 09:09:59
 Nodes I and J of element 401044 ( COMBIN14 ) are not coincident.        

 *** WARNING ***                         ELAPSED TIME =      12.133   TIME= 09:09:59
 Nodes I and J of element 401045 ( COMBIN14 ) are not coincident.        

 *** WARNING ***                         ELAPSED TIME =      12.133   TIME= 09:09:59
 Nodes I and J of element 401046 ( COMBIN14 ) are not coincident.        

 *** WARNING ***                         ELAPSED TIME =      12.133   TIME= 09:09:59
 Nodes I and J of element 401047 ( COMBIN14 ) are not coincident.        

 *** WARNING ***                         ELAPSED TIME =      12.133   TIME= 09:09:59
 Nodes I and J of element 401048 ( COMBIN14 ) are not coincident.        

 *** WARNING ***                         ELAPSED TIME =      12.133   TIME= 09:09:59
 Nodes I and J of element 401049 ( COMBIN14 ) are not coincident.        

 *** WARNING ***                         ELAPSED TIME =      12.133   TIME= 09:09:59
 Nodes I and J of element 401050 ( COMBIN14 ) are not coincident.        

 *** WARNING ***                         ELAPSED TIME =      12.133   TIME= 09:09:59
 Nodes I and J of element 401051 ( COMBIN14 ) are not coincident.        

 *** WARNING ***                         ELAPSED TIME =      12.133   TIME= 09:09:59
 Nodes I and J of element 401052 ( COMBIN14 ) are not coincident.        

 *** WARNING ***                         ELAPSED TIME =      12.133   TIME= 09:09:59
 Nodes I and J of element 401053 ( COMBIN14 ) are not coincident.        

 *** WARNING ***                         ELAPSED TIME =      12.133   TIME= 09:09:59
 Nodes I and J of element 401054 ( COMBIN14 ) are not coincident.        

 *** WARNING ***                         ELAPSED TIME =      12.133   TIME= 09:09:59
 Nodes I and J of element 401055 ( COMBIN14 ) are not coincident.        

 *** WARNING ***                         ELAPSED TIME =      12.133   TIME= 09:09:59
 Nodes I and J of element 401056 ( COMBIN14 ) are not coincident.        

 *** WARNING ***                         ELAPSED TIME =      12.133   TIME= 09:09:59
 Nodes I and J of element 401057 ( COMBIN14 ) are not coincident.        

 *** WARNING ***                         ELAPSED TIME =      12.133   TIME= 09:09:59
 Nodes I and J of element 401058 ( COMBIN14 ) are not coincident.        

 *** WARNING ***                         ELAPSED TIME =      12.133   TIME= 09:09:59
 Nodes I and J of element 401059 ( COMBIN14 ) are not coincident.        

 *** WARNING ***                         ELAPSED TIME =      12.133   TIME= 09:09:59
 Nodes I and J of element 401060 ( COMBIN14 ) are not coincident.        

 *** WARNING ***                         ELAPSED TIME =      12.133   TIME= 09:09:59
 Nodes I and J of element 401061 ( COMBIN14 ) are not coincident.        

 *** WARNING ***                         ELAPSED TIME =      12.133   TIME= 09:09:59
 Nodes I and J of element 401062 ( COMBIN14 ) are not coincident.        

 *** WARNING ***                         ELAPSED TIME =      12.133   TIME= 09:09:59
 Nodes I and J of element 401063 ( COMBIN14 ) are not coincident.        

 *** WARNING ***                         ELAPSED TIME =      12.133   TIME= 09:09:59
 Nodes I and J of element 401064 ( COMBIN14 ) are not coincident.        

 *** WARNING ***                         ELAPSED TIME =      12.133   TIME= 09:09:59
 Nodes I and J of element 401065 ( COMBIN14 ) are not coincident.        

 *** WARNING ***                         ELAPSED TIME =      12.133   TIME= 09:09:59
 Nodes I and J of element 401066 ( COMBIN14 ) are not coincident.        

 *** WARNING ***                         ELAPSED TIME =      12.134   TIME= 09:09:59
 Nodes I and J of element 401067 ( COMBIN14 ) are not coincident.        

 *** WARNING ***                         ELAPSED TIME =      12.134   TIME= 09:09:59
 Nodes I and J of element 401068 ( COMBIN14 ) are not coincident.        

 *** WARNING ***                         ELAPSED TIME =      12.134   TIME= 09:09:59
 Nodes I and J of element 401069 ( COMBIN14 ) are not coincident.        

 *** WARNING ***                         ELAPSED TIME =      12.134   TIME= 09:09:59
 Nodes I and J of element 401070 ( COMBIN14 ) are not coincident.        

 *** WARNING ***                         ELAPSED TIME =      12.134   TIME= 09:09:59
 Nodes I and J of element 401071 ( COMBIN14 ) are not coincident.        

 *** WARNING ***                         ELAPSED TIME =      12.134   TIME= 09:09:59
 Nodes I and J of element 401072 ( COMBIN14 ) are not coincident.        

 *** WARNING ***                         ELAPSED TIME =      12.134   TIME= 09:09:59
 Nodes I and J of element 401073 ( COMBIN14 ) are not coincident.        

 *** WARNING ***                         ELAPSED TIME =      12.134   TIME= 09:09:59
 Nodes I and J of element 401074 ( COMBIN14 ) are not coincident.        

 *** WARNING ***                         ELAPSED TIME =      12.134   TIME= 09:09:59
 Nodes I and J of element 401075 ( COMBIN14 ) are not coincident.        

 *** WARNING ***                         ELAPSED TIME =      12.134   TIME= 09:09:59
 Nodes I and J of element 401076 ( COMBIN14 ) are not coincident.        

 *** WARNING ***                         ELAPSED TIME =      12.134   TIME= 09:09:59
 Nodes I and J of element 401077 ( COMBIN14 ) are not coincident.        

 *** WARNING ***                         ELAPSED TIME =      12.134   TIME= 09:09:59
 Nodes I and J of element 401078 ( COMBIN14 ) are not coincident.        

 *** WARNING ***                         ELAPSED TIME =      12.134   TIME= 09:09:59
 Nodes I and J of element 401079 ( COMBIN14 ) are not coincident.        

 *** WARNING ***                         ELAPSED TIME =      12.134   TIME= 09:09:59
 Nodes I and J of element 401080 ( COMBIN14 ) are not coincident.        

 *** WARNING ***                         ELAPSED TIME =      12.134   TIME= 09:09:59
 Nodes I and J of element 401081 ( COMBIN14 ) are not coincident.        

 *** WARNING ***                         ELAPSED TIME =      12.134   TIME= 09:09:59
 Nodes I and J of element 401082 ( COMBIN14 ) are not coincident.        

 *** WARNING ***                         ELAPSED TIME =      12.134   TIME= 09:09:59
 Nodes I and J of element 401083 ( COMBIN14 ) are not coincident.        

 *** WARNING ***                         ELAPSED TIME =      12.134   TIME= 09:09:59
 Nodes I and J of element 401084 ( COMBIN14 ) are not coincident.        

 *** WARNING ***                         ELAPSED TIME =      12.134   TIME= 09:09:59
 Nodes I and J of element 401085 ( COMBIN14 ) are not coincident.        

 *** WARNING ***                         ELAPSED TIME =      12.134   TIME= 09:09:59
 Nodes I and J of element 401086 ( COMBIN14 ) are not coincident.        

 *** WARNING ***                         ELAPSED TIME =      12.134   TIME= 09:09:59
 Nodes I and J of element 401087 ( COMBIN14 ) are not coincident.        

 *** WARNING ***                         ELAPSED TIME =      12.134   TIME= 09:09:59
 Nodes I and J of element 401088 ( COMBIN14 ) are not coincident.        

 *** WARNING ***                         ELAPSED TIME =      12.134   TIME= 09:09:59
 Nodes I and J of element 401089 ( COMBIN14 ) are not coincident.        

 *** WARNING ***                         ELAPSED TIME =      12.134   TIME= 09:09:59
 Nodes I and J of element 401090 ( COMBIN14 ) are not coincident.        

 *** WARNING ***                         ELAPSED TIME =      12.134   TIME= 09:09:59
 Nodes I and J of element 401091 ( COMBIN14 ) are not coincident.        

 *** WARNING ***                         ELAPSED TIME =      12.134   TIME= 09:09:59
 Nodes I and J of element 401092 ( COMBIN14 ) are not coincident.        

 *** WARNING ***                         ELAPSED TIME =      12.134   TIME= 09:09:59
 Nodes I and J of element 401093 ( COMBIN14 ) are not coincident.        

 *** WARNING ***                         ELAPSED TIME =      12.134   TIME= 09:09:59
 Nodes I and J of element 401094 ( COMBIN14 ) are not coincident.        

 *** WARNING ***                         ELAPSED TIME =      12.134   TIME= 09:09:59
 Nodes I and J of element 401095 ( COMBIN14 ) are not coincident.        

 *** WARNING ***                         ELAPSED TIME =      12.134   TIME= 09:09:59
 Nodes I and J of element 401096 ( COMBIN14 ) are not coincident.        

 *** WARNING ***                         ELAPSED TIME =      12.134   TIME= 09:09:59
 Nodes I and J of element 401097 ( COMBIN14 ) are not coincident.        

 *** WARNING ***                         ELAPSED TIME =      12.134   TIME= 09:09:59
 Nodes I and J of element 401098 ( COMBIN14 ) are not coincident.        

 *** WARNING ***                         ELAPSED TIME =      12.134   TIME= 09:09:59
 Nodes I and J of element 401099 ( COMBIN14 ) are not coincident.        

 *** WARNING ***                         ELAPSED TIME =      12.134   TIME= 09:09:59
 Nodes I and J of element 401100 ( COMBIN14 ) are not coincident.        

 *** WARNING ***                         ELAPSED TIME =      12.134   TIME= 09:09:59
 Nodes I and J of element 401101 ( COMBIN14 ) are not coincident.        

 *** WARNING ***                         ELAPSED TIME =      12.134   TIME= 09:09:59
 Nodes I and J of element 401102 ( COMBIN14 ) are not coincident.        

 *** WARNING ***                         ELAPSED TIME =      12.134   TIME= 09:09:59
 Nodes I and J of element 401103 ( COMBIN14 ) are not coincident.        

 *** WARNING ***                         ELAPSED TIME =      12.134   TIME= 09:09:59
 Nodes I and J of element 401104 ( COMBIN14 ) are not coincident.        

 *** WARNING ***                         ELAPSED TIME =      12.134   TIME= 09:09:59
 Nodes I and J of element 401105 ( COMBIN14 ) are not coincident.        

 *** WARNING ***                         ELAPSED TIME =      12.134   TIME= 09:09:59
 Nodes I and J of element 401106 ( COMBIN14 ) are not coincident.        

 *** WARNING ***                         ELAPSED TIME =      12.134   TIME= 09:09:59
 Nodes I and J of element 401107 ( COMBIN14 ) are not coincident.        

 *** WARNING ***                         ELAPSED TIME =      12.134   TIME= 09:09:59
 Nodes I and J of element 401108 ( COMBIN14 ) are not coincident.        

 *** WARNING ***                         ELAPSED TIME =      12.134   TIME= 09:09:59
 Nodes I and J of element 401109 ( COMBIN14 ) are not coincident.        

 *** WARNING ***                         ELAPSED TIME =      12.134   TIME= 09:09:59
 Nodes I and J of element 401110 ( COMBIN14 ) are not coincident.        

 *** WARNING ***                         ELAPSED TIME =      12.134   TIME= 09:09:59
 Nodes I and J of element 401111 ( COMBIN14 ) are not coincident.        

 *** WARNING ***                         ELAPSED TIME =      12.134   TIME= 09:09:59
 Nodes I and J of element 401112 ( COMBIN14 ) are not coincident.        

 *** WARNING ***                         ELAPSED TIME =      12.134   TIME= 09:09:59
 Nodes I and J of element 401113 ( COMBIN14 ) are not coincident.        

 *** WARNING ***                         ELAPSED TIME =      12.134   TIME= 09:09:59
 Nodes I and J of element 401114 ( COMBIN14 ) are not coincident.        

 *** WARNING ***                         ELAPSED TIME =      12.134   TIME= 09:09:59
 Nodes I and J of element 401115 ( COMBIN14 ) are not coincident.        

 *** WARNING ***                         ELAPSED TIME =      12.134   TIME= 09:09:59
 Nodes I and J of element 401116 ( COMBIN14 ) are not coincident.        

 *** WARNING ***                         ELAPSED TIME =      12.134   TIME= 09:09:59
 Nodes I and J of element 401117 ( COMBIN14 ) are not coincident.        

 *** WARNING ***                         ELAPSED TIME =      12.134   TIME= 09:09:59
 Nodes I and J of element 401118 ( COMBIN14 ) are not coincident.        

 *** WARNING ***                         ELAPSED TIME =      12.134   TIME= 09:09:59
 Nodes I and J of element 401119 ( COMBIN14 ) are not coincident.        

 *** WARNING ***                         ELAPSED TIME =      12.134   TIME= 09:09:59
 Nodes I and J of element 401120 ( COMBIN14 ) are not coincident.        

 *** WARNING ***                         ELAPSED TIME =      12.135   TIME= 09:09:59
 Nodes I and J of element 401121 ( COMBIN14 ) are not coincident.        

 *** WARNING ***                         ELAPSED TIME =      12.135   TIME= 09:09:59
 Nodes I and J of element 401122 ( COMBIN14 ) are not coincident.        

 *** WARNING ***                         ELAPSED TIME =      12.135   TIME= 09:09:59
 Nodes I and J of element 401123 ( COMBIN14 ) are not coincident.        

 *** WARNING ***                         ELAPSED TIME =      12.135   TIME= 09:09:59
 Nodes I and J of element 401124 ( COMBIN14 ) are not coincident.        

 *** WARNING ***                         ELAPSED TIME =      12.135   TIME= 09:09:59
 Nodes I and J of element 401125 ( COMBIN14 ) are not coincident.        

 *** WARNING ***                         ELAPSED TIME =      12.135   TIME= 09:09:59
 Nodes I and J of element 401126 ( COMBIN14 ) are not coincident.        

 *** WARNING ***                         ELAPSED TIME =      12.135   TIME= 09:09:59
 Nodes I and J of element 401127 ( COMBIN14 ) are not coincident.        

 *** WARNING ***                         ELAPSED TIME =      12.135   TIME= 09:09:59
 Nodes I and J of element 401128 ( COMBIN14 ) are not coincident.        

 *** WARNING ***                         ELAPSED TIME =      12.135   TIME= 09:09:59
 Nodes I and J of element 401129 ( COMBIN14 ) are not coincident.        

 *** WARNING ***                         ELAPSED TIME =      12.135   TIME= 09:09:59
 Nodes I and J of element 401130 ( COMBIN14 ) are not coincident.        

 *** WARNING ***                         ELAPSED TIME =      12.135   TIME= 09:09:59
 Nodes I and J of element 401131 ( COMBIN14 ) are not coincident.        

 *** WARNING ***                         ELAPSED TIME =      12.135   TIME= 09:09:59
 Nodes I and J of element 401132 ( COMBIN14 ) are not coincident.        

 *** WARNING ***                         ELAPSED TIME =      12.135   TIME= 09:09:59
 Nodes I and J of element 401133 ( COMBIN14 ) are not coincident.        

 *** WARNING ***                         ELAPSED TIME =      12.135   TIME= 09:09:59
 Nodes I and J of element 401134 ( COMBIN14 ) are not coincident.        

 *** WARNING ***                         ELAPSED TIME =      12.135   TIME= 09:09:59
 Nodes I and J of element 401135 ( COMBIN14 ) are not coincident.        

 *** WARNING ***                         ELAPSED TIME =      12.135   TIME= 09:09:59
 Nodes I and J of element 401136 ( COMBIN14 ) are not coincident.        

 *** WARNING ***                         ELAPSED TIME =      12.135   TIME= 09:09:59
 Nodes I and J of element 401137 ( COMBIN14 ) are not coincident.        

 *** WARNING ***                         ELAPSED TIME =      12.135   TIME= 09:09:59
 Nodes I and J of element 401138 ( COMBIN14 ) are not coincident.        

 *** WARNING ***                         ELAPSED TIME =      12.135   TIME= 09:09:59
 Nodes I and J of element 401139 ( COMBIN14 ) are not coincident.        

 *** WARNING ***                         ELAPSED TIME =      12.135   TIME= 09:09:59
 Nodes I and J of element 401140 ( COMBIN14 ) are not coincident.        

 *** WARNING ***                         ELAPSED TIME =      12.135   TIME= 09:09:59
 Nodes I and J of element 401141 ( COMBIN14 ) are not coincident.        

 *** WARNING ***                         ELAPSED TIME =      12.135   TIME= 09:09:59
 Nodes I and J of element 401142 ( COMBIN14 ) are not coincident.        

 *** WARNING ***                         ELAPSED TIME =      12.135   TIME= 09:09:59
 Nodes I and J of element 401143 ( COMBIN14 ) are not coincident.        

 *** WARNING ***                         ELAPSED TIME =      12.135   TIME= 09:09:59
 Nodes I and J of element 401144 ( COMBIN14 ) are not coincident.        

 *** WARNING ***                         ELAPSED TIME =      12.135   TIME= 09:09:59
 Nodes I and J of element 401145 ( COMBIN14 ) are not coincident.        

 *** WARNING ***                         ELAPSED TIME =      12.135   TIME= 09:09:59
 Nodes I and J of element 401146 ( COMBIN14 ) are not coincident.        

 *** WARNING ***                         ELAPSED TIME =      12.135   TIME= 09:09:59
 Nodes I and J of element 401147 ( COMBIN14 ) are not coincident.        

 *** WARNING ***                         ELAPSED TIME =      12.135   TIME= 09:09:59
 Nodes I and J of element 401148 ( COMBIN14 ) are not coincident.        

 *** WARNING ***                         ELAPSED TIME =      12.135   TIME= 09:09:59
 Nodes I and J of element 401149 ( COMBIN14 ) are not coincident.        

 *** WARNING ***                         ELAPSED TIME =      12.135   TIME= 09:09:59
 Nodes I and J of element 401150 ( COMBIN14 ) are not coincident.        

 *** WARNING ***                         ELAPSED TIME =      12.135   TIME= 09:09:59
 Nodes I and J of element 401151 ( COMBIN14 ) are not coincident.        

 *** WARNING ***                         ELAPSED TIME =      12.135   TIME= 09:09:59
 Nodes I and J of element 401152 ( COMBIN14 ) are not coincident.        

 *** WARNING ***                         ELAPSED TIME =      12.135   TIME= 09:09:59
 Nodes I and J of element 401153 ( COMBIN14 ) are not coincident.        

 *** WARNING ***                         ELAPSED TIME =      12.135   TIME= 09:09:59
 Nodes I and J of element 401154 ( COMBIN14 ) are not coincident.        

 *** WARNING ***                         ELAPSED TIME =      12.135   TIME= 09:09:59
 Nodes I and J of element 401155 ( COMBIN14 ) are not coincident.        

 *** WARNING ***                         ELAPSED TIME =      12.135   TIME= 09:09:59
 Nodes I and J of element 401156 ( COMBIN14 ) are not coincident.        

 *** WARNING ***                         ELAPSED TIME =      12.135   TIME= 09:09:59
 Nodes I and J of element 401157 ( COMBIN14 ) are not coincident.        

 *** WARNING ***                         ELAPSED TIME =      12.135   TIME= 09:09:59
 Nodes I and J of element 401158 ( COMBIN14 ) are not coincident.        

 *** WARNING ***                         ELAPSED TIME =      12.135   TIME= 09:09:59
 Nodes I and J of element 401159 ( COMBIN14 ) are not coincident.        

 *** WARNING ***                         ELAPSED TIME =      12.135   TIME= 09:09:59
 Nodes I and J of element 401160 ( COMBIN14 ) are not coincident.        

 *** WARNING ***                         ELAPSED TIME =      12.135   TIME= 09:09:59
 Nodes I and J of element 401161 ( COMBIN14 ) are not coincident.        

 *** WARNING ***                         ELAPSED TIME =      12.135   TIME= 09:09:59
 Nodes I and J of element 401162 ( COMBIN14 ) are not coincident.        

 *** WARNING ***                         ELAPSED TIME =      12.135   TIME= 09:09:59
 Nodes I and J of element 401163 ( COMBIN14 ) are not coincident.        

 *** WARNING ***                         ELAPSED TIME =      12.135   TIME= 09:09:59
 Nodes I and J of element 401164 ( COMBIN14 ) are not coincident.        

 *** WARNING ***                         ELAPSED TIME =      12.135   TIME= 09:09:59
 Nodes I and J of element 401165 ( COMBIN14 ) are not coincident.        

 *** WARNING ***                         ELAPSED TIME =      12.135   TIME= 09:09:59
 Nodes I and J of element 401166 ( COMBIN14 ) are not coincident.        

 *** WARNING ***                         ELAPSED TIME =      12.135   TIME= 09:09:59
 Nodes I and J of element 401167 ( COMBIN14 ) are not coincident.        

 *** WARNING ***                         ELAPSED TIME =      12.135   TIME= 09:09:59
 Nodes I and J of element 401168 ( COMBIN14 ) are not coincident.        

 *** WARNING ***                         ELAPSED TIME =      12.135   TIME= 09:09:59
 Nodes I and J of element 401169 ( COMBIN14 ) are not coincident.        

 *** WARNING ***                         ELAPSED TIME =      12.135   TIME= 09:09:59
 Nodes I and J of element 401170 ( COMBIN14 ) are not coincident.        

 *** WARNING ***                         ELAPSED TIME =      12.135   TIME= 09:09:59
 Nodes I and J of element 401171 ( COMBIN14 ) are not coincident.        

 *** WARNING ***                         ELAPSED TIME =      12.135   TIME= 09:09:59
 Nodes I and J of element 401172 ( COMBIN14 ) are not coincident.        

 *** WARNING ***                         ELAPSED TIME =      12.135   TIME= 09:09:59
 Nodes I and J of element 401173 ( COMBIN14 ) are not coincident.        

 *** WARNING ***                         ELAPSED TIME =      12.135   TIME= 09:09:59
 Nodes I and J of element 401174 ( COMBIN14 ) are not coincident.        

 *** WARNING ***                         ELAPSED TIME =      12.135   TIME= 09:09:59
 Nodes I and J of element 401175 ( COMBIN14 ) are not coincident.        

 *** WARNING ***                         ELAPSED TIME =      12.135   TIME= 09:09:59
 Nodes I and J of element 401176 ( COMBIN14 ) are not coincident.        

 *** WARNING ***                         ELAPSED TIME =      12.136   TIME= 09:09:59
 Nodes I and J of element 401177 ( COMBIN14 ) are not coincident.        

 *** WARNING ***                         ELAPSED TIME =      12.136   TIME= 09:09:59
 Nodes I and J of element 401178 ( COMBIN14 ) are not coincident.        

 *** WARNING ***                         ELAPSED TIME =      12.136   TIME= 09:09:59
 Nodes I and J of element 401179 ( COMBIN14 ) are not coincident.        

 *** WARNING ***                         ELAPSED TIME =      12.136   TIME= 09:09:59
 Nodes I and J of element 401180 ( COMBIN14 ) are not coincident.        

 *** WARNING ***                         ELAPSED TIME =      12.136   TIME= 09:09:59
 Nodes I and J of element 401181 ( COMBIN14 ) are not coincident.        

 *** WARNING ***                         ELAPSED TIME =      12.136   TIME= 09:09:59
 Nodes I and J of element 401182 ( COMBIN14 ) are not coincident.        

 *** WARNING ***                         ELAPSED TIME =      12.136   TIME= 09:09:59
 Nodes I and J of element 401183 ( COMBIN14 ) are not coincident.        

 *** WARNING ***                         ELAPSED TIME =      12.136   TIME= 09:09:59
 Nodes I and J of element 401184 ( COMBIN14 ) are not coincident.        

 *** WARNING ***                         ELAPSED TIME =      12.136   TIME= 09:09:59
 Nodes I and J of element 401185 ( COMBIN14 ) are not coincident.        

 *** WARNING ***                         ELAPSED TIME =      12.136   TIME= 09:09:59
 Nodes I and J of element 401186 ( COMBIN14 ) are not coincident.        

 *** WARNING ***                         ELAPSED TIME =      12.136   TIME= 09:09:59
 Nodes I and J of element 401187 ( COMBIN14 ) are not coincident.        

 *** WARNING ***                         ELAPSED TIME =      12.136   TIME= 09:09:59
 Nodes I and J of element 401188 ( COMBIN14 ) are not coincident.        

 *** WARNING ***                         ELAPSED TIME =      12.136   TIME= 09:09:59
 Nodes I and J of element 401189 ( COMBIN14 ) are not coincident.        

 *** WARNING ***                         ELAPSED TIME =      12.136   TIME= 09:09:59
 Nodes I and J of element 401190 ( COMBIN14 ) are not coincident.        

 *** WARNING ***                         ELAPSED TIME =      12.136   TIME= 09:09:59
 Nodes I and J of element 401191 ( COMBIN14 ) are not coincident.        

 *** WARNING ***                         ELAPSED TIME =      12.136   TIME= 09:09:59
 Nodes I and J of element 401192 ( COMBIN14 ) are not coincident.        

 *** WARNING ***                         ELAPSED TIME =      12.136   TIME= 09:09:59
 Nodes I and J of element 401193 ( COMBIN14 ) are not coincident.        

 *** WARNING ***                         ELAPSED TIME =      12.136   TIME= 09:09:59
 Nodes I and J of element 401194 ( COMBIN14 ) are not coincident.        

 *** WARNING ***                         ELAPSED TIME =      12.136   TIME= 09:09:59
 Nodes I and J of element 401195 ( COMBIN14 ) are not coincident.        

 *** WARNING ***                         ELAPSED TIME =      12.136   TIME= 09:09:59
 Nodes I and J of element 401196 ( COMBIN14 ) are not coincident.        

 *** WARNING ***                         ELAPSED TIME =      12.136   TIME= 09:09:59
 Nodes I and J of element 401197 ( COMBIN14 ) are not coincident.        

 *** WARNING ***                         ELAPSED TIME =      12.136   TIME= 09:09:59
 Nodes I and J of element 401198 ( COMBIN14 ) are not coincident.        

 *** WARNING ***   SUPPRESSED MESSAGE    ELAPSED TIME =      12.136   TIME= 09:09:59
 Nodes I and J of element 401199 ( COMBIN14 ) are not coincident.        

 *** WARNING ***   SUPPRESSED MESSAGE    ELAPSED TIME =      12.136   TIME= 09:09:59
 Nodes I and J of element 401200 ( COMBIN14 ) are not coincident.        

 *** WARNING ***   SUPPRESSED MESSAGE    ELAPSED TIME =      12.136   TIME= 09:09:59
 Nodes I and J of element 401201 ( COMBIN14 ) are not coincident.        

 *** WARNING ***   SUPPRESSED MESSAGE    ELAPSED TIME =      12.136   TIME= 09:09:59
 Nodes I and J of element 401202 ( COMBIN14 ) are not coincident.        

 *** WARNING ***   SUPPRESSED MESSAGE    ELAPSED TIME =      12.136   TIME= 09:09:59
 Nodes I and J of element 401203 ( COMBIN14 ) are not coincident.        

 *** WARNING ***   SUPPRESSED MESSAGE    ELAPSED TIME =      12.136   TIME= 09:09:59
 Nodes I and J of element 401204 ( COMBIN14 ) are not coincident.        

 *** WARNING ***   SUPPRESSED MESSAGE    ELAPSED TIME =      12.136   TIME= 09:09:59
 Nodes I and J of element 401205 ( COMBIN14 ) are not coincident.        

 *** WARNING ***   SUPPRESSED MESSAGE    ELAPSED TIME =      12.136   TIME= 09:09:59
 Nodes I and J of element 401206 ( COMBIN14 ) are not coincident.        

 *** WARNING ***   SUPPRESSED MESSAGE    ELAPSED TIME =      12.136   TIME= 09:09:59
 Nodes I and J of element 401207 ( COMBIN14 ) are not coincident.        

 *** WARNING ***   SUPPRESSED MESSAGE    ELAPSED TIME =      12.136   TIME= 09:09:59
 Nodes I and J of element 401208 ( COMBIN14 ) are not coincident.        

 *** WARNING ***   SUPPRESSED MESSAGE    ELAPSED TIME =      12.136   TIME= 09:09:59
 Nodes I and J of element 401209 ( COMBIN14 ) are not coincident.        

 *** WARNING ***   SUPPRESSED MESSAGE    ELAPSED TIME =      12.136   TIME= 09:09:59
 Nodes I and J of element 401210 ( COMBIN14 ) are not coincident.        

 *** WARNING ***   SUPPRESSED MESSAGE    ELAPSED TIME =      12.136   TIME= 09:09:59
 Nodes I and J of element 401211 ( COMBIN14 ) are not coincident.        

 *** WARNING ***   SUPPRESSED MESSAGE    ELAPSED TIME =      12.136   TIME= 09:09:59
 Nodes I and J of element 401212 ( COMBIN14 ) are not coincident.        

 *** WARNING ***   SUPPRESSED MESSAGE    ELAPSED TIME =      12.136   TIME= 09:09:59
 Nodes I and J of element 401213 ( COMBIN14 ) are not coincident.        

 *** WARNING ***   SUPPRESSED MESSAGE    ELAPSED TIME =      12.136   TIME= 09:09:59
 Nodes I and J of element 401214 ( COMBIN14 ) are not coincident.        

 *** WARNING ***   SUPPRESSED MESSAGE    ELAPSED TIME =      12.136   TIME= 09:09:59
 Nodes I and J of element 401215 ( COMBIN14 ) are not coincident.        

 *** WARNING ***   SUPPRESSED MESSAGE    ELAPSED TIME =      12.136   TIME= 09:09:59
 Nodes I and J of element 401216 ( COMBIN14 ) are not coincident.        

 *** WARNING ***   SUPPRESSED MESSAGE    ELAPSED TIME =      12.136   TIME= 09:09:59
 Nodes I and J of element 401217 ( COMBIN14 ) are not coincident.        

 *** WARNING ***   SUPPRESSED MESSAGE    ELAPSED TIME =      12.136   TIME= 09:09:59
 Nodes I and J of element 401218 ( COMBIN14 ) are not coincident.        

 *** WARNING ***   SUPPRESSED MESSAGE    ELAPSED TIME =      12.137   TIME= 09:09:59
 Nodes I and J of element 401219 ( COMBIN14 ) are not coincident.        

 *** WARNING ***   SUPPRESSED MESSAGE    ELAPSED TIME =      12.137   TIME= 09:09:59
 Nodes I and J of element 401220 ( COMBIN14 ) are not coincident.        

 *** WARNING ***   SUPPRESSED MESSAGE    ELAPSED TIME =      12.137   TIME= 09:09:59
 Nodes I and J of element 401221 ( COMBIN14 ) are not coincident.        

 *** WARNING ***   SUPPRESSED MESSAGE    ELAPSED TIME =      12.137   TIME= 09:09:59
 Nodes I and J of element 401222 ( COMBIN14 ) are not coincident.        

 *** WARNING ***   SUPPRESSED MESSAGE    ELAPSED TIME =      12.137   TIME= 09:09:59
 Nodes I and J of element 401223 ( COMBIN14 ) are not coincident.        

 *** WARNING ***   SUPPRESSED MESSAGE    ELAPSED TIME =      12.137   TIME= 09:09:59
 Nodes I and J of element 401224 ( COMBIN14 ) are not coincident.        

 *** WARNING ***   SUPPRESSED MESSAGE    ELAPSED TIME =      12.137   TIME= 09:09:59
 Nodes I and J of element 401225 ( COMBIN14 ) are not coincident.        

 *** WARNING ***   SUPPRESSED MESSAGE    ELAPSED TIME =      12.137   TIME= 09:09:59
 Nodes I and J of element 401226 ( COMBIN14 ) are not coincident.        

 *** WARNING ***   SUPPRESSED MESSAGE    ELAPSED TIME =      12.137   TIME= 09:09:59
 Nodes I and J of element 401227 ( COMBIN14 ) are not coincident.        

 *** WARNING ***   SUPPRESSED MESSAGE    ELAPSED TIME =      12.137   TIME= 09:09:59
 Nodes I and J of element 401228 ( COMBIN14 ) are not coincident.        

 *** WARNING ***   SUPPRESSED MESSAGE    ELAPSED TIME =      12.137   TIME= 09:09:59
 Nodes I and J of element 401229 ( COMBIN14 ) are not coincident.        

 *** WARNING ***   SUPPRESSED MESSAGE    ELAPSED TIME =      12.137   TIME= 09:09:59
 Nodes I and J of element 401230 ( COMBIN14 ) are not coincident.        

 *** WARNING ***   SUPPRESSED MESSAGE    ELAPSED TIME =      12.137   TIME= 09:09:59
 Nodes I and J of element 401231 ( COMBIN14 ) are not coincident.        

 *** WARNING ***   SUPPRESSED MESSAGE    ELAPSED TIME =      12.137   TIME= 09:09:59
 Nodes I and J of element 401232 ( COMBIN14 ) are not coincident.        

 *** WARNING ***   SUPPRESSED MESSAGE    ELAPSED TIME =      12.137   TIME= 09:09:59
 Nodes I and J of element 401233 ( COMBIN14 ) are not coincident.        

 *** WARNING ***   SUPPRESSED MESSAGE    ELAPSED TIME =      12.137   TIME= 09:09:59
 Nodes I and J of element 401234 ( COMBIN14 ) are not coincident.        

 *** WARNING ***   SUPPRESSED MESSAGE    ELAPSED TIME =      12.137   TIME= 09:09:59
 Nodes I and J of element 401235 ( COMBIN14 ) are not coincident.        

 *** WARNING ***   SUPPRESSED MESSAGE    ELAPSED TIME =      12.137   TIME= 09:09:59
 Nodes I and J of element 401236 ( COMBIN14 ) are not coincident.        

 *** WARNING ***   SUPPRESSED MESSAGE    ELAPSED TIME =      12.137   TIME= 09:09:59
 Nodes I and J of element 401237 ( COMBIN14 ) are not coincident.        

 *** WARNING ***   SUPPRESSED MESSAGE    ELAPSED TIME =      12.137   TIME= 09:09:59
 Nodes I and J of element 401238 ( COMBIN14 ) are not coincident.        

 *** WARNING ***   SUPPRESSED MESSAGE    ELAPSED TIME =      12.137   TIME= 09:09:59
 Nodes I and J of element 401239 ( COMBIN14 ) are not coincident.        

 *** WARNING ***   SUPPRESSED MESSAGE    ELAPSED TIME =      12.137   TIME= 09:09:59
 Nodes I and J of element 401240 ( COMBIN14 ) are not coincident.        

 *** WARNING ***   SUPPRESSED MESSAGE    ELAPSED TIME =      12.137   TIME= 09:09:59
 Nodes I and J of element 401241 ( COMBIN14 ) are not coincident.        

 *** WARNING ***   SUPPRESSED MESSAGE    ELAPSED TIME =      12.137   TIME= 09:09:59
 Nodes I and J of element 401242 ( COMBIN14 ) are not coincident.        

 *** WARNING ***   SUPPRESSED MESSAGE    ELAPSED TIME =      12.137   TIME= 09:09:59
 Nodes I and J of element 401243 ( COMBIN14 ) are not coincident.        

 *** WARNING ***   SUPPRESSED MESSAGE    ELAPSED TIME =      12.137   TIME= 09:09:59
 Nodes I and J of element 401244 ( COMBIN14 ) are not coincident.        

 *** WARNING ***   SUPPRESSED MESSAGE    ELAPSED TIME =      12.137   TIME= 09:09:59
 Nodes I and J of element 401245 ( COMBIN14 ) are not coincident.        

 *** WARNING ***   SUPPRESSED MESSAGE    ELAPSED TIME =      12.137   TIME= 09:09:59
 Nodes I and J of element 401246 ( COMBIN14 ) are not coincident.        

 *** WARNING ***   SUPPRESSED MESSAGE    ELAPSED TIME =      12.137   TIME= 09:09:59
 Nodes I and J of element 401247 ( COMBIN14 ) are not coincident.        

 *** WARNING ***   SUPPRESSED MESSAGE    ELAPSED TIME =      12.137   TIME= 09:09:59
 Nodes I and J of element 401248 ( COMBIN14 ) are not coincident.        

 *** WARNING ***   SUPPRESSED MESSAGE    ELAPSED TIME =      12.137   TIME= 09:09:59
 Nodes I and J of element 401249 ( COMBIN14 ) are not coincident.        

 *** WARNING ***   SUPPRESSED MESSAGE    ELAPSED TIME =      12.137   TIME= 09:09:59
 Nodes I and J of element 401250 ( COMBIN14 ) are not coincident.        

 *** WARNING ***   SUPPRESSED MESSAGE    ELAPSED TIME =      12.137   TIME= 09:09:59
 Nodes I and J of element 401251 ( COMBIN14 ) are not coincident.        

 *** WARNING ***   SUPPRESSED MESSAGE    ELAPSED TIME =      12.137   TIME= 09:09:59
 Nodes I and J of element 401252 ( COMBIN14 ) are not coincident.        

 *** WARNING ***   SUPPRESSED MESSAGE    ELAPSED TIME =      12.137   TIME= 09:09:59
 Nodes I and J of element 401253 ( COMBIN14 ) are not coincident.        

 *** WARNING ***   SUPPRESSED MESSAGE    ELAPSED TIME =      12.137   TIME= 09:09:59
 Nodes I and J of element 401254 ( COMBIN14 ) are not coincident.        

 *** WARNING ***   SUPPRESSED MESSAGE    ELAPSED TIME =      12.137   TIME= 09:09:59
 Nodes I and J of element 401255 ( COMBIN14 ) are not coincident.        

 *** WARNING ***   SUPPRESSED MESSAGE    ELAPSED TIME =      12.137   TIME= 09:09:59
 Nodes I and J of element 401256 ( COMBIN14 ) are not coincident.        

 *** WARNING ***   SUPPRESSED MESSAGE    ELAPSED TIME =      12.137   TIME= 09:09:59
 Nodes I and J of element 401257 ( COMBIN14 ) are not coincident.        

 *** WARNING ***   SUPPRESSED MESSAGE    ELAPSED TIME =      12.137   TIME= 09:09:59
 Nodes I and J of element 401258 ( COMBIN14 ) are not coincident.        

 *** WARNING ***   SUPPRESSED MESSAGE    ELAPSED TIME =      12.137   TIME= 09:09:59
 Nodes I and J of element 401259 ( COMBIN14 ) are not coincident.        

 *** WARNING ***   SUPPRESSED MESSAGE    ELAPSED TIME =      12.137   TIME= 09:09:59
 Nodes I and J of element 401260 ( COMBIN14 ) are not coincident.        

 *** WARNING ***   SUPPRESSED MESSAGE    ELAPSED TIME =      12.137   TIME= 09:09:59
 Nodes I and J of element 401261 ( COMBIN14 ) are not coincident.        

 *** WARNING ***   SUPPRESSED MESSAGE    ELAPSED TIME =      12.137   TIME= 09:09:59
 Nodes I and J of element 401262 ( COMBIN14 ) are not coincident.        

 *** WARNING ***   SUPPRESSED MESSAGE    ELAPSED TIME =      12.137   TIME= 09:09:59
 Nodes I and J of element 401263 ( COMBIN14 ) are not coincident.        

 *** WARNING ***   SUPPRESSED MESSAGE    ELAPSED TIME =      12.137   TIME= 09:09:59
 Nodes I and J of element 401264 ( COMBIN14 ) are not coincident.        

 *** WARNING ***   SUPPRESSED MESSAGE    ELAPSED TIME =      12.137   TIME= 09:09:59
 Nodes I and J of element 401265 ( COMBIN14 ) are not coincident.        

 *** WARNING ***   SUPPRESSED MESSAGE    ELAPSED TIME =      12.137   TIME= 09:09:59
 Nodes I and J of element 401266 ( COMBIN14 ) are not coincident.        

 *** WARNING ***   SUPPRESSED MESSAGE    ELAPSED TIME =      12.137   TIME= 09:09:59
 Nodes I and J of element 401267 ( COMBIN14 ) are not coincident.        

 *** WARNING ***   SUPPRESSED MESSAGE    ELAPSED TIME =      12.137   TIME= 09:09:59
 Nodes I and J of element 401268 ( COMBIN14 ) are not coincident.        

 *** WARNING ***   SUPPRESSED MESSAGE    ELAPSED TIME =      12.137   TIME= 09:09:59
 Nodes I and J of element 401269 ( COMBIN14 ) are not coincident.        

 *** WARNING ***   SUPPRESSED MESSAGE    ELAPSED TIME =      12.137   TIME= 09:09:59
 Nodes I and J of element 401270 ( COMBIN14 ) are not coincident.        

 *** WARNING ***   SUPPRESSED MESSAGE    ELAPSED TIME =      12.137   TIME= 09:09:59
 Nodes I and J of element 401271 ( COMBIN14 ) are not coincident.        

 *** WARNING ***   SUPPRESSED MESSAGE    ELAPSED TIME =      12.137   TIME= 09:09:59
 Nodes I and J of element 401272 ( COMBIN14 ) are not coincident.        

 *** WARNING ***   SUPPRESSED MESSAGE    ELAPSED TIME =      12.137   TIME= 09:09:59
 Nodes I and J of element 401273 ( COMBIN14 ) are not coincident.        

 *** WARNING ***   SUPPRESSED MESSAGE    ELAPSED TIME =      12.137   TIME= 09:09:59
 Nodes I and J of element 401274 ( COMBIN14 ) are not coincident.        

 *** WARNING ***   SUPPRESSED MESSAGE    ELAPSED TIME =      12.137   TIME= 09:09:59
 Nodes I and J of element 401275 ( COMBIN14 ) are not coincident.        

 *** WARNING ***   SUPPRESSED MESSAGE    ELAPSED TIME =      12.137   TIME= 09:09:59
 Nodes I and J of element 401276 ( COMBIN14 ) are not coincident.        

 *** WARNING ***   SUPPRESSED MESSAGE    ELAPSED TIME =      12.137   TIME= 09:09:59
 Nodes I and J of element 401277 ( COMBIN14 ) are not coincident.        

 *** WARNING ***   SUPPRESSED MESSAGE    ELAPSED TIME =      12.137   TIME= 09:09:59
 Nodes I and J of element 401278 ( COMBIN14 ) are not coincident.        

 *** WARNING ***   SUPPRESSED MESSAGE    ELAPSED TIME =      12.137   TIME= 09:09:59
 Nodes I and J of element 401279 ( COMBIN14 ) are not coincident.        

 *** WARNING ***   SUPPRESSED MESSAGE    ELAPSED TIME =      12.137   TIME= 09:09:59
 Nodes I and J of element 401280 ( COMBIN14 ) are not coincident.        

 *** WARNING ***   SUPPRESSED MESSAGE    ELAPSED TIME =      12.137   TIME= 09:09:59
 Nodes I and J of element 401281 ( COMBIN14 ) are not coincident.        

 *** WARNING ***   SUPPRESSED MESSAGE    ELAPSED TIME =      12.137   TIME= 09:09:59
 Nodes I and J of element 401282 ( COMBIN14 ) are not coincident.        

 *** WARNING ***   SUPPRESSED MESSAGE    ELAPSED TIME =      12.137   TIME= 09:09:59
 Nodes I and J of element 401283 ( COMBIN14 ) are not coincident.        

 *** WARNING ***   SUPPRESSED MESSAGE    ELAPSED TIME =      12.137   TIME= 09:09:59
 Nodes I and J of element 401284 ( COMBIN14 ) are not coincident.        

 *** WARNING ***   SUPPRESSED MESSAGE    ELAPSED TIME =      12.137   TIME= 09:09:59
 Nodes I and J of element 401285 ( COMBIN14 ) are not coincident.        

 *** WARNING ***   SUPPRESSED MESSAGE    ELAPSED TIME =      12.137   TIME= 09:09:59
 Nodes I and J of element 401286 ( COMBIN14 ) are not coincident.        

 *** WARNING ***   SUPPRESSED MESSAGE    ELAPSED TIME =      12.137   TIME= 09:09:59
 Nodes I and J of element 401287 ( COMBIN14 ) are not coincident.        

 *** WARNING ***   SUPPRESSED MESSAGE    ELAPSED TIME =      12.137   TIME= 09:09:59
 Nodes I and J of element 401288 ( COMBIN14 ) are not coincident.        

 *** WARNING ***   SUPPRESSED MESSAGE    ELAPSED TIME =      12.137   TIME= 09:09:59
 Nodes I and J of element 401289 ( COMBIN14 ) are not coincident.        

 *** WARNING ***   SUPPRESSED MESSAGE    ELAPSED TIME =      12.137   TIME= 09:09:59
 Nodes I and J of element 401290 ( COMBIN14 ) are not coincident.        

 *** WARNING ***   SUPPRESSED MESSAGE    ELAPSED TIME =      12.137   TIME= 09:09:59
 Nodes I and J of element 401291 ( COMBIN14 ) are not coincident.        

 *** WARNING ***   SUPPRESSED MESSAGE    ELAPSED TIME =      12.137   TIME= 09:09:59
 Nodes I and J of element 401292 ( COMBIN14 ) are not coincident.        

 *** WARNING ***   SUPPRESSED MESSAGE    ELAPSED TIME =      12.137   TIME= 09:09:59
 Nodes I and J of element 401293 ( COMBIN14 ) are not coincident.        

 *** WARNING ***   SUPPRESSED MESSAGE    ELAPSED TIME =      12.137   TIME= 09:09:59
 Nodes I and J of element 401294 ( COMBIN14 ) are not coincident.        

 *** WARNING ***   SUPPRESSED MESSAGE    ELAPSED TIME =      12.137   TIME= 09:09:59
 Nodes I and J of element 401295 ( COMBIN14 ) are not coincident.        

 *** WARNING ***   SUPPRESSED MESSAGE    ELAPSED TIME =      12.137   TIME= 09:09:59
 Nodes I and J of element 401296 ( COMBIN14 ) are not coincident.        

 *** WARNING ***   SUPPRESSED MESSAGE    ELAPSED TIME =      12.137   TIME= 09:09:59
 Nodes I and J of element 401297 ( COMBIN14 ) are not coincident.        

 *** WARNING ***   SUPPRESSED MESSAGE    ELAPSED TIME =      12.137   TIME= 09:09:59
 Nodes I and J of element 401298 ( COMBIN14 ) are not coincident.        

 *** WARNING ***   SUPPRESSED MESSAGE    ELAPSED TIME =      12.137   TIME= 09:09:59
 Nodes I and J of element 401299 ( COMBIN14 ) are not coincident.        

 *** WARNING ***   SUPPRESSED MESSAGE    ELAPSED TIME =      12.137   TIME= 09:09:59
 Nodes I and J of element 401300 ( COMBIN14 ) are not coincident.        

 *** WARNING ***   SUPPRESSED MESSAGE    ELAPSED TIME =      12.137   TIME= 09:09:59
 Nodes I and J of element 401301 ( COMBIN14 ) are not coincident.        

 *** WARNING ***   SUPPRESSED MESSAGE    ELAPSED TIME =      12.137   TIME= 09:09:59
 Nodes I and J of element 401302 ( COMBIN14 ) are not coincident.        

 *** WARNING ***   SUPPRESSED MESSAGE    ELAPSED TIME =      12.137   TIME= 09:09:59
 Nodes I and J of element 401303 ( COMBIN14 ) are not coincident.        

 *** WARNING ***   SUPPRESSED MESSAGE    ELAPSED TIME =      12.137   TIME= 09:09:59
 Nodes I and J of element 401304 ( COMBIN14 ) are not coincident.        

 *** WARNING ***   SUPPRESSED MESSAGE    ELAPSED TIME =      12.137   TIME= 09:09:59
 Nodes I and J of element 401305 ( COMBIN14 ) are not coincident.        

 *** WARNING ***   SUPPRESSED MESSAGE    ELAPSED TIME =      12.138   TIME= 09:09:59
 Nodes I and J of element 401306 ( COMBIN14 ) are not coincident.        

 *** WARNING ***   SUPPRESSED MESSAGE    ELAPSED TIME =      12.138   TIME= 09:09:59
 Nodes I and J of element 401307 ( COMBIN14 ) are not coincident.        

 *** WARNING ***   SUPPRESSED MESSAGE    ELAPSED TIME =      12.138   TIME= 09:09:59
 Nodes I and J of element 401308 ( COMBIN14 ) are not coincident.        

 *** WARNING ***   SUPPRESSED MESSAGE    ELAPSED TIME =      12.138   TIME= 09:09:59
 Nodes I and J of element 401309 ( COMBIN14 ) are not coincident.        

 *** WARNING ***   SUPPRESSED MESSAGE    ELAPSED TIME =      12.138   TIME= 09:09:59
 Nodes I and J of element 401310 ( COMBIN14 ) are not coincident.        

 *** WARNING ***   SUPPRESSED MESSAGE    ELAPSED TIME =      12.138   TIME= 09:09:59
 Nodes I and J of element 401311 ( COMBIN14 ) are not coincident.        

 *** WARNING ***   SUPPRESSED MESSAGE    ELAPSED TIME =      12.138   TIME= 09:09:59
 Nodes I and J of element 401312 ( COMBIN14 ) are not coincident.        

 *** WARNING ***   SUPPRESSED MESSAGE    ELAPSED TIME =      12.138   TIME= 09:09:59
 Nodes I and J of element 401313 ( COMBIN14 ) are not coincident.        

 *** WARNING ***   SUPPRESSED MESSAGE    ELAPSED TIME =      12.138   TIME= 09:09:59
 Nodes I and J of element 401314 ( COMBIN14 ) are not coincident.        

 *** WARNING ***   SUPPRESSED MESSAGE    ELAPSED TIME =      12.138   TIME= 09:09:59
 Nodes I and J of element 401315 ( COMBIN14 ) are not coincident.        

 *** WARNING ***   SUPPRESSED MESSAGE    ELAPSED TIME =      12.138   TIME= 09:09:59
 Nodes I and J of element 401316 ( COMBIN14 ) are not coincident.        

 *** WARNING ***   SUPPRESSED MESSAGE    ELAPSED TIME =      12.138   TIME= 09:09:59
 Nodes I and J of element 401317 ( COMBIN14 ) are not coincident.        

 *** WARNING ***   SUPPRESSED MESSAGE    ELAPSED TIME =      12.138   TIME= 09:09:59
 Nodes I and J of element 401318 ( COMBIN14 ) are not coincident.        

 *** WARNING ***   SUPPRESSED MESSAGE    ELAPSED TIME =      12.138   TIME= 09:09:59
 Nodes I and J of element 401319 ( COMBIN14 ) are not coincident.        

 *** WARNING ***   SUPPRESSED MESSAGE    ELAPSED TIME =      12.138   TIME= 09:09:59
 Nodes I and J of element 401320 ( COMBIN14 ) are not coincident.        

 *** WARNING ***   SUPPRESSED MESSAGE    ELAPSED TIME =      12.138   TIME= 09:09:59
 Nodes I and J of element 401321 ( COMBIN14 ) are not coincident.        

 *** WARNING ***   SUPPRESSED MESSAGE    ELAPSED TIME =      12.138   TIME= 09:09:59
 Nodes I and J of element 401322 ( COMBIN14 ) are not coincident.        

 *** WARNING ***   SUPPRESSED MESSAGE    ELAPSED TIME =      12.138   TIME= 09:09:59
 Nodes I and J of element 401323 ( COMBIN14 ) are not coincident.        

 *** WARNING ***   SUPPRESSED MESSAGE    ELAPSED TIME =      12.138   TIME= 09:09:59
 Nodes I and J of element 401324 ( COMBIN14 ) are not coincident.        

 *** WARNING ***   SUPPRESSED MESSAGE    ELAPSED TIME =      12.138   TIME= 09:09:59
 Nodes I and J of element 401325 ( COMBIN14 ) are not coincident.        

 *** WARNING ***   SUPPRESSED MESSAGE    ELAPSED TIME =      12.138   TIME= 09:09:59
 Nodes I and J of element 401326 ( COMBIN14 ) are not coincident.        

 *** WARNING ***   SUPPRESSED MESSAGE    ELAPSED TIME =      12.138   TIME= 09:09:59
 Nodes I and J of element 401327 ( COMBIN14 ) are not coincident.        

 *** WARNING ***   SUPPRESSED MESSAGE    ELAPSED TIME =      12.138   TIME= 09:09:59
 Nodes I and J of element 401328 ( COMBIN14 ) are not coincident.        

 *** WARNING ***   SUPPRESSED MESSAGE    ELAPSED TIME =      12.138   TIME= 09:09:59
 Nodes I and J of element 401329 ( COMBIN14 ) are not coincident.        

 *** WARNING ***   SUPPRESSED MESSAGE    ELAPSED TIME =      12.138   TIME= 09:09:59
 Nodes I and J of element 401330 ( COMBIN14 ) are not coincident.        

 *** WARNING ***   SUPPRESSED MESSAGE    ELAPSED TIME =      12.138   TIME= 09:09:59
 Nodes I and J of element 401331 ( COMBIN14 ) are not coincident.        

 *** WARNING ***   SUPPRESSED MESSAGE    ELAPSED TIME =      12.138   TIME= 09:09:59
 Nodes I and J of element 401332 ( COMBIN14 ) are not coincident.        

 *** WARNING ***   SUPPRESSED MESSAGE    ELAPSED TIME =      12.138   TIME= 09:09:59
 Nodes I and J of element 401333 ( COMBIN14 ) are not coincident.        

 *** WARNING ***   SUPPRESSED MESSAGE    ELAPSED TIME =      12.138   TIME= 09:09:59
 Nodes I and J of element 401334 ( COMBIN14 ) are not coincident.        

 *** WARNING ***   SUPPRESSED MESSAGE    ELAPSED TIME =      12.138   TIME= 09:09:59
 Nodes I and J of element 401335 ( COMBIN14 ) are not coincident.        

 *** WARNING ***   SUPPRESSED MESSAGE    ELAPSED TIME =      12.138   TIME= 09:09:59
 Nodes I and J of element 401336 ( COMBIN14 ) are not coincident.        

 *** WARNING ***   SUPPRESSED MESSAGE    ELAPSED TIME =      12.138   TIME= 09:09:59
 Nodes I and J of element 401337 ( COMBIN14 ) are not coincident.        

 *** WARNING ***   SUPPRESSED MESSAGE    ELAPSED TIME =      12.138   TIME= 09:09:59
 Nodes I and J of element 401338 ( COMBIN14 ) are not coincident.        

 *** WARNING ***   SUPPRESSED MESSAGE    ELAPSED TIME =      12.138   TIME= 09:09:59
 Nodes I and J of element 401339 ( COMBIN14 ) are not coincident.        

 *** WARNING ***   SUPPRESSED MESSAGE    ELAPSED TIME =      12.138   TIME= 09:09:59
 Nodes I and J of element 401340 ( COMBIN14 ) are not coincident.        

 *** WARNING ***   SUPPRESSED MESSAGE    ELAPSED TIME =      12.138   TIME= 09:09:59
 Nodes I and J of element 401341 ( COMBIN14 ) are not coincident.        

 *** WARNING ***   SUPPRESSED MESSAGE    ELAPSED TIME =      12.138   TIME= 09:09:59
 Nodes I and J of element 401342 ( COMBIN14 ) are not coincident.        

 *** WARNING ***   SUPPRESSED MESSAGE    ELAPSED TIME =      12.138   TIME= 09:09:59
 Nodes I and J of element 401343 ( COMBIN14 ) are not coincident.        

 *** WARNING ***   SUPPRESSED MESSAGE    ELAPSED TIME =      12.138   TIME= 09:09:59
 Nodes I and J of element 401344 ( COMBIN14 ) are not coincident.        

 *** WARNING ***   SUPPRESSED MESSAGE    ELAPSED TIME =      12.138   TIME= 09:09:59
 Nodes I and J of element 401345 ( COMBIN14 ) are not coincident.        

 *** WARNING ***   SUPPRESSED MESSAGE    ELAPSED TIME =      12.138   TIME= 09:09:59
 Nodes I and J of element 401346 ( COMBIN14 ) are not coincident.        

 *** WARNING ***   SUPPRESSED MESSAGE    ELAPSED TIME =      12.138   TIME= 09:09:59
 Nodes I and J of element 401347 ( COMBIN14 ) are not coincident.        

 *** WARNING ***   SUPPRESSED MESSAGE    ELAPSED TIME =      12.138   TIME= 09:09:59
 Nodes I and J of element 401348 ( COMBIN14 ) are not coincident.        

 *** WARNING ***   SUPPRESSED MESSAGE    ELAPSED TIME =      12.138   TIME= 09:09:59
 Nodes I and J of element 401349 ( COMBIN14 ) are not coincident.        

 *** WARNING ***   SUPPRESSED MESSAGE    ELAPSED TIME =      12.138   TIME= 09:09:59
 Nodes I and J of element 401350 ( COMBIN14 ) are not coincident.        

 *** WARNING ***   SUPPRESSED MESSAGE    ELAPSED TIME =      12.138   TIME= 09:09:59
 Nodes I and J of element 401351 ( COMBIN14 ) are not coincident.        

 *** WARNING ***   SUPPRESSED MESSAGE    ELAPSED TIME =      12.138   TIME= 09:09:59
 Nodes I and J of element 401352 ( COMBIN14 ) are not coincident.        

 *** WARNING ***   SUPPRESSED MESSAGE    ELAPSED TIME =      12.138   TIME= 09:09:59
 Nodes I and J of element 401353 ( COMBIN14 ) are not coincident.        

 *** WARNING ***   SUPPRESSED MESSAGE    ELAPSED TIME =      12.138   TIME= 09:09:59
 Nodes I and J of element 401354 ( COMBIN14 ) are not coincident.        

 *** WARNING ***   SUPPRESSED MESSAGE    ELAPSED TIME =      12.138   TIME= 09:09:59
 Nodes I and J of element 401355 ( COMBIN14 ) are not coincident.        

 *** WARNING ***   SUPPRESSED MESSAGE    ELAPSED TIME =      12.138   TIME= 09:09:59
 Nodes I and J of element 401356 ( COMBIN14 ) are not coincident.        

 *** WARNING ***   SUPPRESSED MESSAGE    ELAPSED TIME =      12.138   TIME= 09:09:59
 Nodes I and J of element 401357 ( COMBIN14 ) are not coincident.        

 *** WARNING ***   SUPPRESSED MESSAGE    ELAPSED TIME =      12.138   TIME= 09:09:59
 Nodes I and J of element 401358 ( COMBIN14 ) are not coincident.        

 *** WARNING ***   SUPPRESSED MESSAGE    ELAPSED TIME =      12.138   TIME= 09:09:59
 Nodes I and J of element 401359 ( COMBIN14 ) are not coincident.        

 *** WARNING ***   SUPPRESSED MESSAGE    ELAPSED TIME =      12.138   TIME= 09:09:59
 Nodes I and J of element 401360 ( COMBIN14 ) are not coincident.        

 *** WARNING ***   SUPPRESSED MESSAGE    ELAPSED TIME =      12.138   TIME= 09:09:59
 Nodes I and J of element 401361 ( COMBIN14 ) are not coincident.        

 *** WARNING ***   SUPPRESSED MESSAGE    ELAPSED TIME =      12.138   TIME= 09:09:59
 Nodes I and J of element 401362 ( COMBIN14 ) are not coincident.        

 *** WARNING ***   SUPPRESSED MESSAGE    ELAPSED TIME =      12.138   TIME= 09:09:59
 Nodes I and J of element 401363 ( COMBIN14 ) are not coincident.        

 *** WARNING ***   SUPPRESSED MESSAGE    ELAPSED TIME =      12.138   TIME= 09:09:59
 Nodes I and J of element 401364 ( COMBIN14 ) are not coincident.        

 *** WARNING ***   SUPPRESSED MESSAGE    ELAPSED TIME =      12.138   TIME= 09:09:59
 Nodes I and J of element 401365 ( COMBIN14 ) are not coincident.        

 *** WARNING ***   SUPPRESSED MESSAGE    ELAPSED TIME =      12.138   TIME= 09:09:59
 Nodes I and J of element 401366 ( COMBIN14 ) are not coincident.        

 *** WARNING ***   SUPPRESSED MESSAGE    ELAPSED TIME =      12.138   TIME= 09:09:59
 Nodes I and J of element 401367 ( COMBIN14 ) are not coincident.        

 *** WARNING ***   SUPPRESSED MESSAGE    ELAPSED TIME =      12.138   TIME= 09:09:59
 Nodes I and J of element 401368 ( COMBIN14 ) are not coincident.        

 *** WARNING ***   SUPPRESSED MESSAGE    ELAPSED TIME =      12.138   TIME= 09:09:59
 Nodes I and J of element 401369 ( COMBIN14 ) are not coincident.        

 *** WARNING ***   SUPPRESSED MESSAGE    ELAPSED TIME =      12.138   TIME= 09:09:59
 Nodes I and J of element 401370 ( COMBIN14 ) are not coincident.        

 *** WARNING ***   SUPPRESSED MESSAGE    ELAPSED TIME =      12.138   TIME= 09:09:59
 Nodes I and J of element 401371 ( COMBIN14 ) are not coincident.        

 *** WARNING ***   SUPPRESSED MESSAGE    ELAPSED TIME =      12.138   TIME= 09:09:59
 Nodes I and J of element 401372 ( COMBIN14 ) are not coincident.        

 *** WARNING ***   SUPPRESSED MESSAGE    ELAPSED TIME =      12.138   TIME= 09:09:59
 Nodes I and J of element 401373 ( COMBIN14 ) are not coincident.        

 *** WARNING ***   SUPPRESSED MESSAGE    ELAPSED TIME =      12.138   TIME= 09:09:59
 Nodes I and J of element 401374 ( COMBIN14 ) are not coincident.        

 *** WARNING ***   SUPPRESSED MESSAGE    ELAPSED TIME =      12.138   TIME= 09:09:59
 Nodes I and J of element 401375 ( COMBIN14 ) are not coincident.        

 *** WARNING ***   SUPPRESSED MESSAGE    ELAPSED TIME =      12.138   TIME= 09:09:59
 Nodes I and J of element 401376 ( COMBIN14 ) are not coincident.        

 *** WARNING ***   SUPPRESSED MESSAGE    ELAPSED TIME =      12.138   TIME= 09:09:59
 Nodes I and J of element 401377 ( COMBIN14 ) are not coincident.        

 *** WARNING ***   SUPPRESSED MESSAGE    ELAPSED TIME =      12.138   TIME= 09:09:59
 Nodes I and J of element 401378 ( COMBIN14 ) are not coincident.        

 *** WARNING ***   SUPPRESSED MESSAGE    ELAPSED TIME =      12.138   TIME= 09:09:59
 Nodes I and J of element 401379 ( COMBIN14 ) are not coincident.        

 *** WARNING ***   SUPPRESSED MESSAGE    ELAPSED TIME =      12.138   TIME= 09:09:59
 Nodes I and J of element 401380 ( COMBIN14 ) are not coincident.        

 *** WARNING ***   SUPPRESSED MESSAGE    ELAPSED TIME =      12.138   TIME= 09:09:59
 Nodes I and J of element 401381 ( COMBIN14 ) are not coincident.        

 *** WARNING ***   SUPPRESSED MESSAGE    ELAPSED TIME =      12.138   TIME= 09:09:59
 Nodes I and J of element 401382 ( COMBIN14 ) are not coincident.        

 *** WARNING ***   SUPPRESSED MESSAGE    ELAPSED TIME =      12.138   TIME= 09:09:59
 Nodes I and J of element 401383 ( COMBIN14 ) are not coincident.        

 *** WARNING ***   SUPPRESSED MESSAGE    ELAPSED TIME =      12.138   TIME= 09:09:59
 Nodes I and J of element 401384 ( COMBIN14 ) are not coincident.        

 *** WARNING ***   SUPPRESSED MESSAGE    ELAPSED TIME =      12.138   TIME= 09:09:59
 Nodes I and J of element 401385 ( COMBIN14 ) are not coincident.        

 *** WARNING ***   SUPPRESSED MESSAGE    ELAPSED TIME =      12.138   TIME= 09:09:59
 Nodes I and J of element 401386 ( COMBIN14 ) are not coincident.        

 *** WARNING ***   SUPPRESSED MESSAGE    ELAPSED TIME =      12.138   TIME= 09:09:59
 Nodes I and J of element 401387 ( COMBIN14 ) are not coincident.        

 *** WARNING ***   SUPPRESSED MESSAGE    ELAPSED TIME =      12.138   TIME= 09:09:59
 Nodes I and J of element 401388 ( COMBIN14 ) are not coincident.        

 *** WARNING ***   SUPPRESSED MESSAGE    ELAPSED TIME =      12.138   TIME= 09:09:59
 Nodes I and J of element 401389 ( COMBIN14 ) are not coincident.        

 *** WARNING ***   SUPPRESSED MESSAGE    ELAPSED TIME =      12.138   TIME= 09:09:59
 Nodes I and J of element 401390 ( COMBIN14 ) are not coincident.        

 *** WARNING ***   SUPPRESSED MESSAGE    ELAPSED TIME =      12.138   TIME= 09:09:59
 Nodes I and J of element 401391 ( COMBIN14 ) are not coincident.        

 *** WARNING ***   SUPPRESSED MESSAGE    ELAPSED TIME =      12.138   TIME= 09:09:59
 Nodes I and J of element 401392 ( COMBIN14 ) are not coincident.        

 *** WARNING ***   SUPPRESSED MESSAGE    ELAPSED TIME =      12.138   TIME= 09:09:59
 Nodes I and J of element 401393 ( COMBIN14 ) are not coincident.        

 *** WARNING ***   SUPPRESSED MESSAGE    ELAPSED TIME =      12.138   TIME= 09:09:59
 Nodes I and J of element 401394 ( COMBIN14 ) are not coincident.        

 *** WARNING ***   SUPPRESSED MESSAGE    ELAPSED TIME =      12.138   TIME= 09:09:59
 Nodes I and J of element 401395 ( COMBIN14 ) are not coincident.        

 *** WARNING ***   SUPPRESSED MESSAGE    ELAPSED TIME =      12.138   TIME= 09:09:59
 Nodes I and J of element 401396 ( COMBIN14 ) are not coincident.        

 *** WARNING ***   SUPPRESSED MESSAGE    ELAPSED TIME =      12.138   TIME= 09:09:59
 Nodes I and J of element 401397 ( COMBIN14 ) are not coincident.        

 *** WARNING ***   SUPPRESSED MESSAGE    ELAPSED TIME =      12.138   TIME= 09:09:59
 Nodes I and J of element 401398 ( COMBIN14 ) are not coincident.        

 *** WARNING ***   SUPPRESSED MESSAGE    ELAPSED TIME =      12.138   TIME= 09:09:59
 Nodes I and J of element 401399 ( COMBIN14 ) are not coincident.        

 *** WARNING ***   SUPPRESSED MESSAGE    ELAPSED TIME =      12.138   TIME= 09:09:59
 Nodes I and J of element 401400 ( COMBIN14 ) are not coincident.        

 *** WARNING ***   SUPPRESSED MESSAGE    ELAPSED TIME =      12.138   TIME= 09:09:59
 Nodes I and J of element 401401 ( COMBIN14 ) are not coincident.        

 *** WARNING ***   SUPPRESSED MESSAGE    ELAPSED TIME =      12.138   TIME= 09:09:59
 Nodes I and J of element 401402 ( COMBIN14 ) are not coincident.        

 *** WARNING ***   SUPPRESSED MESSAGE    ELAPSED TIME =      12.138   TIME= 09:09:59
 Nodes I and J of element 401403 ( COMBIN14 ) are not coincident.        

 *** WARNING ***   SUPPRESSED MESSAGE    ELAPSED TIME =      12.138   TIME= 09:09:59
 Nodes I and J of element 401404 ( COMBIN14 ) are not coincident.        

 *** WARNING ***   SUPPRESSED MESSAGE    ELAPSED TIME =      12.138   TIME= 09:09:59
 Nodes I and J of element 401405 ( COMBIN14 ) are not coincident.        

 *** WARNING ***   SUPPRESSED MESSAGE    ELAPSED TIME =      12.138   TIME= 09:09:59
 Nodes I and J of element 401406 ( COMBIN14 ) are not coincident.        

 *** WARNING ***   SUPPRESSED MESSAGE    ELAPSED TIME =      12.138   TIME= 09:09:59
 Nodes I and J of element 401407 ( COMBIN14 ) are not coincident.        

 *** WARNING ***   SUPPRESSED MESSAGE    ELAPSED TIME =      12.138   TIME= 09:09:59
 Nodes I and J of element 401408 ( COMBIN14 ) are not coincident.        

 *** WARNING ***   SUPPRESSED MESSAGE    ELAPSED TIME =      12.139   TIME= 09:09:59
 Nodes I and J of element 401409 ( COMBIN14 ) are not coincident.        

 *** WARNING ***   SUPPRESSED MESSAGE    ELAPSED TIME =      12.139   TIME= 09:09:59
 Nodes I and J of element 401410 ( COMBIN14 ) are not coincident.        

 *** WARNING ***   SUPPRESSED MESSAGE    ELAPSED TIME =      12.139   TIME= 09:09:59
 Nodes I and J of element 401411 ( COMBIN14 ) are not coincident.        

 *** WARNING ***   SUPPRESSED MESSAGE    ELAPSED TIME =      12.139   TIME= 09:09:59
 Nodes I and J of element 401412 ( COMBIN14 ) are not coincident.        

 *** WARNING ***   SUPPRESSED MESSAGE    ELAPSED TIME =      12.139   TIME= 09:09:59
 Nodes I and J of element 401413 ( COMBIN14 ) are not coincident.        

 *** WARNING ***   SUPPRESSED MESSAGE    ELAPSED TIME =      12.139   TIME= 09:09:59
 Nodes I and J of element 401414 ( COMBIN14 ) are not coincident.        

 *** WARNING ***   SUPPRESSED MESSAGE    ELAPSED TIME =      12.139   TIME= 09:09:59
 Nodes I and J of element 401415 ( COMBIN14 ) are not coincident.        

 *** WARNING ***   SUPPRESSED MESSAGE    ELAPSED TIME =      12.139   TIME= 09:09:59
 Nodes I and J of element 401416 ( COMBIN14 ) are not coincident.        

 *** WARNING ***   SUPPRESSED MESSAGE    ELAPSED TIME =      12.139   TIME= 09:09:59
 Nodes I and J of element 401417 ( COMBIN14 ) are not coincident.        

 *** WARNING ***   SUPPRESSED MESSAGE    ELAPSED TIME =      12.139   TIME= 09:09:59
 Nodes I and J of element 401418 ( COMBIN14 ) are not coincident.        

 *** WARNING ***   SUPPRESSED MESSAGE    ELAPSED TIME =      12.139   TIME= 09:09:59
 Nodes I and J of element 401419 ( COMBIN14 ) are not coincident.        

 *** WARNING ***   SUPPRESSED MESSAGE    ELAPSED TIME =      12.139   TIME= 09:09:59
 Nodes I and J of element 401420 ( COMBIN14 ) are not coincident.        

 *** WARNING ***   SUPPRESSED MESSAGE    ELAPSED TIME =      12.139   TIME= 09:09:59
 Nodes I and J of element 401421 ( COMBIN14 ) are not coincident.        

 *** WARNING ***   SUPPRESSED MESSAGE    ELAPSED TIME =      12.139   TIME= 09:09:59
 Nodes I and J of element 401422 ( COMBIN14 ) are not coincident.        

 *** WARNING ***   SUPPRESSED MESSAGE    ELAPSED TIME =      12.139   TIME= 09:09:59
 Nodes I and J of element 401423 ( COMBIN14 ) are not coincident.        

 *** WARNING ***   SUPPRESSED MESSAGE    ELAPSED TIME =      12.139   TIME= 09:09:59
 Nodes I and J of element 401424 ( COMBIN14 ) are not coincident.        

 *** WARNING ***   SUPPRESSED MESSAGE    ELAPSED TIME =      12.139   TIME= 09:09:59
 Nodes I and J of element 401425 ( COMBIN14 ) are not coincident.        

 *** WARNING ***   SUPPRESSED MESSAGE    ELAPSED TIME =      12.139   TIME= 09:09:59
 Nodes I and J of element 401426 ( COMBIN14 ) are not coincident.        

 *** WARNING ***   SUPPRESSED MESSAGE    ELAPSED TIME =      12.139   TIME= 09:09:59
 Nodes I and J of element 401427 ( COMBIN14 ) are not coincident.        

 *** WARNING ***   SUPPRESSED MESSAGE    ELAPSED TIME =      12.139   TIME= 09:09:59
 Nodes I and J of element 401428 ( COMBIN14 ) are not coincident.        

 *** WARNING ***   SUPPRESSED MESSAGE    ELAPSED TIME =      12.139   TIME= 09:09:59
 Nodes I and J of element 401429 ( COMBIN14 ) are not coincident.        

 *** WARNING ***   SUPPRESSED MESSAGE    ELAPSED TIME =      12.139   TIME= 09:09:59
 Nodes I and J of element 401430 ( COMBIN14 ) are not coincident.        

 *** WARNING ***   SUPPRESSED MESSAGE    ELAPSED TIME =      12.139   TIME= 09:09:59
 Nodes I and J of element 401431 ( COMBIN14 ) are not coincident.        

 *** WARNING ***   SUPPRESSED MESSAGE    ELAPSED TIME =      12.139   TIME= 09:09:59
 Nodes I and J of element 401432 ( COMBIN14 ) are not coincident.        

 *** WARNING ***   SUPPRESSED MESSAGE    ELAPSED TIME =      12.139   TIME= 09:09:59
 Nodes I and J of element 401433 ( COMBIN14 ) are not coincident.        

 *** WARNING ***   SUPPRESSED MESSAGE    ELAPSED TIME =      12.139   TIME= 09:09:59
 Nodes I and J of element 401434 ( COMBIN14 ) are not coincident.        

 *** WARNING ***   SUPPRESSED MESSAGE    ELAPSED TIME =      12.139   TIME= 09:09:59
 Nodes I and J of element 401435 ( COMBIN14 ) are not coincident.        

 *** WARNING ***   SUPPRESSED MESSAGE    ELAPSED TIME =      12.139   TIME= 09:09:59
 Nodes I and J of element 401436 ( COMBIN14 ) are not coincident.        

 *** WARNING ***   SUPPRESSED MESSAGE    ELAPSED TIME =      12.139   TIME= 09:09:59
 Nodes I and J of element 401437 ( COMBIN14 ) are not coincident.        

 *** WARNING ***   SUPPRESSED MESSAGE    ELAPSED TIME =      12.139   TIME= 09:09:59
 Nodes I and J of element 401438 ( COMBIN14 ) are not coincident.        

 *** WARNING ***   SUPPRESSED MESSAGE    ELAPSED TIME =      12.139   TIME= 09:09:59
 Nodes I and J of element 401439 ( COMBIN14 ) are not coincident.        

 *** WARNING ***   SUPPRESSED MESSAGE    ELAPSED TIME =      12.139   TIME= 09:09:59
 Nodes I and J of element 401440 ( COMBIN14 ) are not coincident.        

 *** WARNING ***   SUPPRESSED MESSAGE    ELAPSED TIME =      12.139   TIME= 09:09:59
 Nodes I and J of element 401441 ( COMBIN14 ) are not coincident.        

 *** WARNING ***   SUPPRESSED MESSAGE    ELAPSED TIME =      12.139   TIME= 09:09:59
 Nodes I and J of element 401442 ( COMBIN14 ) are not coincident.        

 *** WARNING ***   SUPPRESSED MESSAGE    ELAPSED TIME =      12.139   TIME= 09:09:59
 Nodes I and J of element 401443 ( COMBIN14 ) are not coincident.        

 *** WARNING ***   SUPPRESSED MESSAGE    ELAPSED TIME =      12.139   TIME= 09:09:59
 Nodes I and J of element 401444 ( COMBIN14 ) are not coincident.        

 *** WARNING ***   SUPPRESSED MESSAGE    ELAPSED TIME =      12.139   TIME= 09:09:59
 Nodes I and J of element 401445 ( COMBIN14 ) are not coincident.        

 *** WARNING ***   SUPPRESSED MESSAGE    ELAPSED TIME =      12.139   TIME= 09:09:59
 Nodes I and J of element 401446 ( COMBIN14 ) are not coincident.        

 *** WARNING ***   SUPPRESSED MESSAGE    ELAPSED TIME =      12.139   TIME= 09:09:59
 Nodes I and J of element 401447 ( COMBIN14 ) are not coincident.        

 *** WARNING ***   SUPPRESSED MESSAGE    ELAPSED TIME =      12.139   TIME= 09:09:59
 Nodes I and J of element 401448 ( COMBIN14 ) are not coincident.        

 *** WARNING ***   SUPPRESSED MESSAGE    ELAPSED TIME =      12.139   TIME= 09:09:59
 Nodes I and J of element 401449 ( COMBIN14 ) are not coincident.        

 *** WARNING ***   SUPPRESSED MESSAGE    ELAPSED TIME =      12.139   TIME= 09:09:59
 Nodes I and J of element 401450 ( COMBIN14 ) are not coincident.        

 *** WARNING ***   SUPPRESSED MESSAGE    ELAPSED TIME =      12.139   TIME= 09:09:59
 Nodes I and J of element 401451 ( COMBIN14 ) are not coincident.        

 *** WARNING ***   SUPPRESSED MESSAGE    ELAPSED TIME =      12.139   TIME= 09:09:59
 Nodes I and J of element 401452 ( COMBIN14 ) are not coincident.        

 *** WARNING ***   SUPPRESSED MESSAGE    ELAPSED TIME =      12.139   TIME= 09:09:59
 Nodes I and J of element 401453 ( COMBIN14 ) are not coincident.        

 *** WARNING ***   SUPPRESSED MESSAGE    ELAPSED TIME =      12.139   TIME= 09:09:59
 Nodes I and J of element 401454 ( COMBIN14 ) are not coincident.        

 *** WARNING ***   SUPPRESSED MESSAGE    ELAPSED TIME =      12.139   TIME= 09:09:59
 Nodes I and J of element 401455 ( COMBIN14 ) are not coincident.        

 *** WARNING ***   SUPPRESSED MESSAGE    ELAPSED TIME =      12.139   TIME= 09:09:59
 Nodes I and J of element 401456 ( COMBIN14 ) are not coincident.        

 *** WARNING ***   SUPPRESSED MESSAGE    ELAPSED TIME =      12.139   TIME= 09:09:59
 Nodes I and J of element 401457 ( COMBIN14 ) are not coincident.        

 *** WARNING ***   SUPPRESSED MESSAGE    ELAPSED TIME =      12.139   TIME= 09:09:59
 Nodes I and J of element 401458 ( COMBIN14 ) are not coincident.        

 *** WARNING ***   SUPPRESSED MESSAGE    ELAPSED TIME =      12.139   TIME= 09:09:59
 Nodes I and J of element 401459 ( COMBIN14 ) are not coincident.        

 *** WARNING ***   SUPPRESSED MESSAGE    ELAPSED TIME =      12.139   TIME= 09:09:59
 Nodes I and J of element 401460 ( COMBIN14 ) are not coincident.        

 *** WARNING ***   SUPPRESSED MESSAGE    ELAPSED TIME =      12.139   TIME= 09:09:59
 Nodes I and J of element 401461 ( COMBIN14 ) are not coincident.        

 *** WARNING ***   SUPPRESSED MESSAGE    ELAPSED TIME =      12.139   TIME= 09:09:59
 Nodes I and J of element 401462 ( COMBIN14 ) are not coincident.        

 *** WARNING ***   SUPPRESSED MESSAGE    ELAPSED TIME =      12.139   TIME= 09:09:59
 Nodes I and J of element 401463 ( COMBIN14 ) are not coincident.        

 *** WARNING ***   SUPPRESSED MESSAGE    ELAPSED TIME =      12.139   TIME= 09:09:59
 Nodes I and J of element 401464 ( COMBIN14 ) are not coincident.        

 *** WARNING ***   SUPPRESSED MESSAGE    ELAPSED TIME =      12.139   TIME= 09:09:59
 Nodes I and J of element 401465 ( COMBIN14 ) are not coincident.        

 *** WARNING ***   SUPPRESSED MESSAGE    ELAPSED TIME =      12.139   TIME= 09:09:59
 Nodes I and J of element 401466 ( COMBIN14 ) are not coincident.        

 *** WARNING ***   SUPPRESSED MESSAGE    ELAPSED TIME =      12.139   TIME= 09:09:59
 Nodes I and J of element 401467 ( COMBIN14 ) are not coincident.        

 *** WARNING ***   SUPPRESSED MESSAGE    ELAPSED TIME =      12.139   TIME= 09:09:59
 Nodes I and J of element 401468 ( COMBIN14 ) are not coincident.        

 *** WARNING ***   SUPPRESSED MESSAGE    ELAPSED TIME =      12.139   TIME= 09:09:59
 Nodes I and J of element 401469 ( COMBIN14 ) are not coincident.        

 *** WARNING ***   SUPPRESSED MESSAGE    ELAPSED TIME =      12.139   TIME= 09:09:59
 Nodes I and J of element 401470 ( COMBIN14 ) are not coincident.        

 *** WARNING ***   SUPPRESSED MESSAGE    ELAPSED TIME =      12.139   TIME= 09:09:59
 Nodes I and J of element 401471 ( COMBIN14 ) are not coincident.        

 *** WARNING ***   SUPPRESSED MESSAGE    ELAPSED TIME =      12.139   TIME= 09:09:59
 Nodes I and J of element 401472 ( COMBIN14 ) are not coincident.        

 *** WARNING ***   SUPPRESSED MESSAGE    ELAPSED TIME =      12.139   TIME= 09:09:59
 Nodes I and J of element 401473 ( COMBIN14 ) are not coincident.        

 *** WARNING ***   SUPPRESSED MESSAGE    ELAPSED TIME =      12.139   TIME= 09:09:59
 Nodes I and J of element 401474 ( COMBIN14 ) are not coincident.        

 *** WARNING ***   SUPPRESSED MESSAGE    ELAPSED TIME =      12.139   TIME= 09:09:59
 Nodes I and J of element 401475 ( COMBIN14 ) are not coincident.        

 *** WARNING ***   SUPPRESSED MESSAGE    ELAPSED TIME =      12.139   TIME= 09:09:59
 Nodes I and J of element 401476 ( COMBIN14 ) are not coincident.        

 *** WARNING ***   SUPPRESSED MESSAGE    ELAPSED TIME =      12.139   TIME= 09:09:59
 Nodes I and J of element 401477 ( COMBIN14 ) are not coincident.        

 *** WARNING ***   SUPPRESSED MESSAGE    ELAPSED TIME =      12.139   TIME= 09:09:59
 Nodes I and J of element 401478 ( COMBIN14 ) are not coincident.        

 *** WARNING ***   SUPPRESSED MESSAGE    ELAPSED TIME =      12.139   TIME= 09:09:59
 Nodes I and J of element 401479 ( COMBIN14 ) are not coincident.        

 *** WARNING ***   SUPPRESSED MESSAGE    ELAPSED TIME =      12.139   TIME= 09:09:59
 Nodes I and J of element 401480 ( COMBIN14 ) are not coincident.        

 *** WARNING ***   SUPPRESSED MESSAGE    ELAPSED TIME =      12.139   TIME= 09:09:59
 Nodes I and J of element 401481 ( COMBIN14 ) are not coincident.        

 *** WARNING ***   SUPPRESSED MESSAGE    ELAPSED TIME =      12.139   TIME= 09:09:59
 Nodes I and J of element 401482 ( COMBIN14 ) are not coincident.        

 *** WARNING ***   SUPPRESSED MESSAGE    ELAPSED TIME =      12.139   TIME= 09:09:59
 Nodes I and J of element 401483 ( COMBIN14 ) are not coincident.        

 *** WARNING ***   SUPPRESSED MESSAGE    ELAPSED TIME =      12.139   TIME= 09:09:59
 Nodes I and J of element 401484 ( COMBIN14 ) are not coincident.        

 *** WARNING ***   SUPPRESSED MESSAGE    ELAPSED TIME =      12.139   TIME= 09:09:59
 Nodes I and J of element 401485 ( COMBIN14 ) are not coincident.        

 *** WARNING ***   SUPPRESSED MESSAGE    ELAPSED TIME =      12.139   TIME= 09:09:59
 Nodes I and J of element 401486 ( COMBIN14 ) are not coincident.        

 *** WARNING ***   SUPPRESSED MESSAGE    ELAPSED TIME =      12.139   TIME= 09:09:59
 Nodes I and J of element 401487 ( COMBIN14 ) are not coincident.        

 *** WARNING ***   SUPPRESSED MESSAGE    ELAPSED TIME =      12.139   TIME= 09:09:59
 Nodes I and J of element 401488 ( COMBIN14 ) are not coincident.        

 *** WARNING ***   SUPPRESSED MESSAGE    ELAPSED TIME =      12.139   TIME= 09:09:59
 Nodes I and J of element 401489 ( COMBIN14 ) are not coincident.        

 *** WARNING ***   SUPPRESSED MESSAGE    ELAPSED TIME =      12.139   TIME= 09:09:59
 Nodes I and J of element 401490 ( COMBIN14 ) are not coincident.        

 *** WARNING ***   SUPPRESSED MESSAGE    ELAPSED TIME =      12.139   TIME= 09:09:59
 Nodes I and J of element 401491 ( COMBIN14 ) are not coincident.        

 *** WARNING ***   SUPPRESSED MESSAGE    ELAPSED TIME =      12.139   TIME= 09:09:59
 Nodes I and J of element 401492 ( COMBIN14 ) are not coincident.        

 *** WARNING ***   SUPPRESSED MESSAGE    ELAPSED TIME =      12.139   TIME= 09:09:59
 Nodes I and J of element 401493 ( COMBIN14 ) are not coincident.        

 *** WARNING ***   SUPPRESSED MESSAGE    ELAPSED TIME =      12.139   TIME= 09:09:59
 Nodes I and J of element 401494 ( COMBIN14 ) are not coincident.        

 *** WARNING ***   SUPPRESSED MESSAGE    ELAPSED TIME =      12.139   TIME= 09:09:59
 Nodes I and J of element 401495 ( COMBIN14 ) are not coincident.        

 *** WARNING ***   SUPPRESSED MESSAGE    ELAPSED TIME =      12.139   TIME= 09:09:59
 Nodes I and J of element 401496 ( COMBIN14 ) are not coincident.        

 *** WARNING ***   SUPPRESSED MESSAGE    ELAPSED TIME =      12.139   TIME= 09:09:59
 Nodes I and J of element 401497 ( COMBIN14 ) are not coincident.        

 *** WARNING ***   SUPPRESSED MESSAGE    ELAPSED TIME =      12.139   TIME= 09:09:59
 Nodes I and J of element 401498 ( COMBIN14 ) are not coincident.        

 *** WARNING ***   SUPPRESSED MESSAGE    ELAPSED TIME =      12.139   TIME= 09:09:59
 Nodes I and J of element 401499 ( COMBIN14 ) are not coincident.        

 *** WARNING ***   SUPPRESSED MESSAGE    ELAPSED TIME =      12.139   TIME= 09:09:59
 Nodes I and J of element 401500 ( COMBIN14 ) are not coincident.        

 *** WARNING ***   SUPPRESSED MESSAGE    ELAPSED TIME =      12.139   TIME= 09:09:59
 Nodes I and J of element 401501 ( COMBIN14 ) are not coincident.        

 *** WARNING ***   SUPPRESSED MESSAGE    ELAPSED TIME =      12.139   TIME= 09:09:59
 Nodes I and J of element 401502 ( COMBIN14 ) are not coincident.        

 *** WARNING ***   SUPPRESSED MESSAGE    ELAPSED TIME =      12.139   TIME= 09:09:59
 Nodes I and J of element 401503 ( COMBIN14 ) are not coincident.        

 *** WARNING ***   SUPPRESSED MESSAGE    ELAPSED TIME =      12.139   TIME= 09:09:59
 Nodes I and J of element 401504 ( COMBIN14 ) are not coincident.        

 *** WARNING ***   SUPPRESSED MESSAGE    ELAPSED TIME =      12.139   TIME= 09:09:59
 Nodes I and J of element 401505 ( COMBIN14 ) are not coincident.        

 *** WARNING ***   SUPPRESSED MESSAGE    ELAPSED TIME =      12.139   TIME= 09:09:59
 Nodes I and J of element 401506 ( COMBIN14 ) are not coincident.        

 *** WARNING ***   SUPPRESSED MESSAGE    ELAPSED TIME =      12.139   TIME= 09:09:59
 Nodes I and J of element 401507 ( COMBIN14 ) are not coincident.        

 *** WARNING ***   SUPPRESSED MESSAGE    ELAPSED TIME =      12.139   TIME= 09:09:59
 Nodes I and J of element 401508 ( COMBIN14 ) are not coincident.        

 *** WARNING ***   SUPPRESSED MESSAGE    ELAPSED TIME =      12.139   TIME= 09:09:59
 Nodes I and J of element 401509 ( COMBIN14 ) are not coincident.        

 *** WARNING ***   SUPPRESSED MESSAGE    ELAPSED TIME =      12.139   TIME= 09:09:59
 Nodes I and J of element 401510 ( COMBIN14 ) are not coincident.        

 *** WARNING ***   SUPPRESSED MESSAGE    ELAPSED TIME =      12.139   TIME= 09:09:59
 Nodes I and J of element 401511 ( COMBIN14 ) are not coincident.        

 *** WARNING ***   SUPPRESSED MESSAGE    ELAPSED TIME =      12.139   TIME= 09:09:59
 Nodes I and J of element 401512 ( COMBIN14 ) are not coincident.        

 *** WARNING ***   SUPPRESSED MESSAGE    ELAPSED TIME =      12.139   TIME= 09:09:59
 Nodes I and J of element 401513 ( COMBIN14 ) are not coincident.        

 *** WARNING ***   SUPPRESSED MESSAGE    ELAPSED TIME =      12.139   TIME= 09:09:59
 Nodes I and J of element 401514 ( COMBIN14 ) are not coincident.        

 *** WARNING ***   SUPPRESSED MESSAGE    ELAPSED TIME =      12.139   TIME= 09:09:59
 Nodes I and J of element 401515 ( COMBIN14 ) are not coincident.        

 *** WARNING ***   SUPPRESSED MESSAGE    ELAPSED TIME =      12.140   TIME= 09:09:59
 Nodes I and J of element 401516 ( COMBIN14 ) are not coincident.        

 *** WARNING ***   SUPPRESSED MESSAGE    ELAPSED TIME =      12.140   TIME= 09:09:59
 Nodes I and J of element 401517 ( COMBIN14 ) are not coincident.        

 *** WARNING ***   SUPPRESSED MESSAGE    ELAPSED TIME =      12.140   TIME= 09:09:59
 Nodes I and J of element 401518 ( COMBIN14 ) are not coincident.        

 *** WARNING ***   SUPPRESSED MESSAGE    ELAPSED TIME =      12.140   TIME= 09:09:59
 Nodes I and J of element 401519 ( COMBIN14 ) are not coincident.        

 *** WARNING ***   SUPPRESSED MESSAGE    ELAPSED TIME =      12.140   TIME= 09:09:59
 Nodes I and J of element 401520 ( COMBIN14 ) are not coincident.        

 *** WARNING ***   SUPPRESSED MESSAGE    ELAPSED TIME =      12.140   TIME= 09:09:59
 Nodes I and J of element 401521 ( COMBIN14 ) are not coincident.        

 *** WARNING ***   SUPPRESSED MESSAGE    ELAPSED TIME =      12.140   TIME= 09:09:59
 Nodes I and J of element 401522 ( COMBIN14 ) are not coincident.        

 *** WARNING ***   SUPPRESSED MESSAGE    ELAPSED TIME =      12.140   TIME= 09:09:59
 Nodes I and J of element 401523 ( COMBIN14 ) are not coincident.        

 *** WARNING ***   SUPPRESSED MESSAGE    ELAPSED TIME =      12.140   TIME= 09:09:59
 Nodes I and J of element 401524 ( COMBIN14 ) are not coincident.        

 *** WARNING ***   SUPPRESSED MESSAGE    ELAPSED TIME =      12.140   TIME= 09:09:59
 Nodes I and J of element 401525 ( COMBIN14 ) are not coincident.        

 *** WARNING ***   SUPPRESSED MESSAGE    ELAPSED TIME =      12.140   TIME= 09:09:59
 Nodes I and J of element 401526 ( COMBIN14 ) are not coincident.        

 *** WARNING ***   SUPPRESSED MESSAGE    ELAPSED TIME =      12.140   TIME= 09:09:59
 Nodes I and J of element 401527 ( COMBIN14 ) are not coincident.        

 *** WARNING ***   SUPPRESSED MESSAGE    ELAPSED TIME =      12.140   TIME= 09:09:59
 Nodes I and J of element 401528 ( COMBIN14 ) are not coincident.        

 *** WARNING ***   SUPPRESSED MESSAGE    ELAPSED TIME =      12.140   TIME= 09:09:59
 Nodes I and J of element 401529 ( COMBIN14 ) are not coincident.        

 *** WARNING ***   SUPPRESSED MESSAGE    ELAPSED TIME =      12.140   TIME= 09:09:59
 Nodes I and J of element 401530 ( COMBIN14 ) are not coincident.        

 *** WARNING ***   SUPPRESSED MESSAGE    ELAPSED TIME =      12.140   TIME= 09:09:59
 Nodes I and J of element 401531 ( COMBIN14 ) are not coincident.        

 *** WARNING ***   SUPPRESSED MESSAGE    ELAPSED TIME =      12.140   TIME= 09:09:59
 Nodes I and J of element 401532 ( COMBIN14 ) are not coincident.        

 *** WARNING ***   SUPPRESSED MESSAGE    ELAPSED TIME =      12.140   TIME= 09:09:59
 Nodes I and J of element 401533 ( COMBIN14 ) are not coincident.        

 *** WARNING ***   SUPPRESSED MESSAGE    ELAPSED TIME =      12.140   TIME= 09:09:59
 Nodes I and J of element 401534 ( COMBIN14 ) are not coincident.        

 *** WARNING ***   SUPPRESSED MESSAGE    ELAPSED TIME =      12.140   TIME= 09:09:59
 Nodes I and J of element 401535 ( COMBIN14 ) are not coincident.        

 *** WARNING ***   SUPPRESSED MESSAGE    ELAPSED TIME =      12.140   TIME= 09:09:59
 Nodes I and J of element 401536 ( COMBIN14 ) are not coincident.        

 *** WARNING ***   SUPPRESSED MESSAGE    ELAPSED TIME =      12.140   TIME= 09:09:59
 Nodes I and J of element 401537 ( COMBIN14 ) are not coincident.        

 *** WARNING ***   SUPPRESSED MESSAGE    ELAPSED TIME =      12.140   TIME= 09:09:59
 Nodes I and J of element 401538 ( COMBIN14 ) are not coincident.        

 *** WARNING ***   SUPPRESSED MESSAGE    ELAPSED TIME =      12.140   TIME= 09:09:59
 Nodes I and J of element 401539 ( COMBIN14 ) are not coincident.        

 *** WARNING ***   SUPPRESSED MESSAGE    ELAPSED TIME =      12.140   TIME= 09:09:59
 Nodes I and J of element 401540 ( COMBIN14 ) are not coincident.        

 *** WARNING ***   SUPPRESSED MESSAGE    ELAPSED TIME =      12.140   TIME= 09:09:59
 Nodes I and J of element 401541 ( COMBIN14 ) are not coincident.        

 *** WARNING ***   SUPPRESSED MESSAGE    ELAPSED TIME =      12.140   TIME= 09:09:59
 Nodes I and J of element 401542 ( COMBIN14 ) are not coincident.        

 *** WARNING ***   SUPPRESSED MESSAGE    ELAPSED TIME =      12.140   TIME= 09:09:59
 Nodes I and J of element 401543 ( COMBIN14 ) are not coincident.        

 *** WARNING ***   SUPPRESSED MESSAGE    ELAPSED TIME =      12.140   TIME= 09:09:59
 Nodes I and J of element 401544 ( COMBIN14 ) are not coincident.        

 *** WARNING ***   SUPPRESSED MESSAGE    ELAPSED TIME =      12.140   TIME= 09:09:59
 Nodes I and J of element 401545 ( COMBIN14 ) are not coincident.        

 *** WARNING ***   SUPPRESSED MESSAGE    ELAPSED TIME =      12.140   TIME= 09:09:59
 Nodes I and J of element 401546 ( COMBIN14 ) are not coincident.        

 *** WARNING ***   SUPPRESSED MESSAGE    ELAPSED TIME =      12.140   TIME= 09:09:59
 Nodes I and J of element 401547 ( COMBIN14 ) are not coincident.        

 *** WARNING ***   SUPPRESSED MESSAGE    ELAPSED TIME =      12.140   TIME= 09:09:59
 Nodes I and J of element 401548 ( COMBIN14 ) are not coincident.        

 *** WARNING ***   SUPPRESSED MESSAGE    ELAPSED TIME =      12.140   TIME= 09:09:59
 Nodes I and J of element 401549 ( COMBIN14 ) are not coincident.        

 *** WARNING ***   SUPPRESSED MESSAGE    ELAPSED TIME =      12.140   TIME= 09:09:59
 Nodes I and J of element 401550 ( COMBIN14 ) are not coincident.        

 *** WARNING ***   SUPPRESSED MESSAGE    ELAPSED TIME =      12.140   TIME= 09:09:59
 Nodes I and J of element 401551 ( COMBIN14 ) are not coincident.        

 *** WARNING ***   SUPPRESSED MESSAGE    ELAPSED TIME =      12.140   TIME= 09:09:59
 Nodes I and J of element 401552 ( COMBIN14 ) are not coincident.        

 *** WARNING ***   SUPPRESSED MESSAGE    ELAPSED TIME =      12.140   TIME= 09:09:59
 Nodes I and J of element 401553 ( COMBIN14 ) are not coincident.        

 *** WARNING ***   SUPPRESSED MESSAGE    ELAPSED TIME =      12.140   TIME= 09:09:59
 Nodes I and J of element 401554 ( COMBIN14 ) are not coincident.        

 *** WARNING ***   SUPPRESSED MESSAGE    ELAPSED TIME =      12.140   TIME= 09:09:59
 Nodes I and J of element 401555 ( COMBIN14 ) are not coincident.        

 *** WARNING ***   SUPPRESSED MESSAGE    ELAPSED TIME =      12.140   TIME= 09:09:59
 Nodes I and J of element 401556 ( COMBIN14 ) are not coincident.        

 *** WARNING ***   SUPPRESSED MESSAGE    ELAPSED TIME =      12.140   TIME= 09:09:59
 Nodes I and J of element 401557 ( COMBIN14 ) are not coincident.        

 *** WARNING ***   SUPPRESSED MESSAGE    ELAPSED TIME =      12.140   TIME= 09:09:59
 Nodes I and J of element 401558 ( COMBIN14 ) are not coincident.        

 *** WARNING ***   SUPPRESSED MESSAGE    ELAPSED TIME =      12.140   TIME= 09:09:59
 Nodes I and J of element 401559 ( COMBIN14 ) are not coincident.        

 *** WARNING ***   SUPPRESSED MESSAGE    ELAPSED TIME =      12.140   TIME= 09:09:59
 Nodes I and J of element 401560 ( COMBIN14 ) are not coincident.        

 *** WARNING ***   SUPPRESSED MESSAGE    ELAPSED TIME =      12.140   TIME= 09:09:59
 Nodes I and J of element 401561 ( COMBIN14 ) are not coincident.        

 *** WARNING ***   SUPPRESSED MESSAGE    ELAPSED TIME =      12.140   TIME= 09:09:59
 Nodes I and J of element 401562 ( COMBIN14 ) are not coincident.        

 *** WARNING ***   SUPPRESSED MESSAGE    ELAPSED TIME =      12.140   TIME= 09:09:59
 Nodes I and J of element 401563 ( COMBIN14 ) are not coincident.        

 *** WARNING ***   SUPPRESSED MESSAGE    ELAPSED TIME =      12.140   TIME= 09:09:59
 Nodes I and J of element 401564 ( COMBIN14 ) are not coincident.        

 *** WARNING ***   SUPPRESSED MESSAGE    ELAPSED TIME =      12.140   TIME= 09:09:59
 Nodes I and J of element 401565 ( COMBIN14 ) are not coincident.        

 *** WARNING ***   SUPPRESSED MESSAGE    ELAPSED TIME =      12.140   TIME= 09:09:59
 Nodes I and J of element 401566 ( COMBIN14 ) are not coincident.        

 *** WARNING ***   SUPPRESSED MESSAGE    ELAPSED TIME =      12.140   TIME= 09:09:59
 Nodes I and J of element 401567 ( COMBIN14 ) are not coincident.        

 *** WARNING ***   SUPPRESSED MESSAGE    ELAPSED TIME =      22.676   TIME= 09:10:09
 Coefficient ratio exceeds 1.0e8 - Check results.                        

 *** WARNING ***   SUPPRESSED MESSAGE    ELAPSED TIME =      57.548   TIME= 09:10:44
 A reference moment value times the tolerance is used by the             
 Newton-Raphson method for checking convergence.  The calculated         
 reference MOMENT CONVERGENCE VALUE = 8.320854099E-02 is less than a     
 threshold.  This threshold is internally calculated.  You can           
 overwrite it by specifying MINREF on the CNVTOL command.  Check         
 results carefully.                                                      

 *** WARNING ***                         ELAPSED TIME =    2561.366   TIME= 09:52:28
 A reference moment value times the tolerance is used by the             
 Newton-Raphson method for checking convergence.  The calculated         
 reference MOMENT CONVERGENCE VALUE = 203.57505 is less than a           
 threshold.  This threshold is internally calculated.  You can           
 overwrite it by specifying MINREF on the CNVTOL command.  Check         
 results carefully.                                                      
/COM,ANSYS RELEASE 2026 R1           BUILD 26.1      UP20260202       09:57:25

 *** WARNING ***                         ELAPSED TIME =      30.293   TIME= 09:57:56
 Nodes I and J of element 401000 ( COMBIN14 ) are not coincident.        

 *** WARNING ***                         ELAPSED TIME =      30.293   TIME= 09:57:56
 Nodes I and J of element 401001 ( COMBIN14 ) are not coincident.        

 *** WARNING ***                         ELAPSED TIME =      30.293   TIME= 09:57:56
 Nodes I and J of element 401002 ( COMBIN14 ) are not coincident.        

 *** WARNING ***                         ELAPSED TIME =      30.293   TIME= 09:57:56
 Nodes I and J of element 401003 ( COMBIN14 ) are not coincident.        

 *** WARNING ***                         ELAPSED TIME =      30.293   TIME= 09:57:56
 Nodes I and J of element 401004 ( COMBIN14 ) are not coincident.        

 *** WARNING ***                         ELAPSED TIME =      30.293   TIME= 09:57:56
 Nodes I and J of element 401005 ( COMBIN14 ) are not coincident.        

 *** WARNING ***                         ELAPSED TIME =      30.294   TIME= 09:57:56
 Nodes I and J of element 401006 ( COMBIN14 ) are not coincident.        

 *** WARNING ***                         ELAPSED TIME =      30.294   TIME= 09:57:56
 Nodes I and J of element 401007 ( COMBIN14 ) are not coincident.        

 *** WARNING ***                         ELAPSED TIME =      30.294   TIME= 09:57:56
 Nodes I and J of element 401008 ( COMBIN14 ) are not coincident.        

 *** WARNING ***                         ELAPSED TIME =      30.294   TIME= 09:57:56
 Nodes I and J of element 401009 ( COMBIN14 ) are not coincident.        

 *** WARNING ***                         ELAPSED TIME =      30.294   TIME= 09:57:56
 Nodes I and J of element 401010 ( COMBIN14 ) are not coincident.        

 *** WARNING ***                         ELAPSED TIME =      30.294   TIME= 09:57:56
 Nodes I and J of element 401011 ( COMBIN14 ) are not coincident.        

 *** WARNING ***                         ELAPSED TIME =      30.294   TIME= 09:57:56
 Nodes I and J of element 401012 ( COMBIN14 ) are not coincident.        

 *** WARNING ***                         ELAPSED TIME =      30.294   TIME= 09:57:56
 Nodes I and J of element 401013 ( COMBIN14 ) are not coincident.        

 *** WARNING ***                         ELAPSED TIME =      30.294   TIME= 09:57:56
 Nodes I and J of element 401014 ( COMBIN14 ) are not coincident.        

 *** WARNING ***                         ELAPSED TIME =      30.294   TIME= 09:57:56
 Nodes I and J of element 401015 ( COMBIN14 ) are not coincident.        

 *** WARNING ***                         ELAPSED TIME =      30.294   TIME= 09:57:56
 Nodes I and J of element 401016 ( COMBIN14 ) are not coincident.        

 *** WARNING ***                         ELAPSED TIME =      30.294   TIME= 09:57:56
 Nodes I and J of element 401017 ( COMBIN14 ) are not coincident.        

 *** WARNING ***                         ELAPSED TIME =      30.294   TIME= 09:57:56
 Nodes I and J of element 401018 ( COMBIN14 ) are not coincident.        

 *** WARNING ***                         ELAPSED TIME =      30.294   TIME= 09:57:56
 Nodes I and J of element 401019 ( COMBIN14 ) are not coincident.        

 *** WARNING ***                         ELAPSED TIME =      30.294   TIME= 09:57:56
 Nodes I and J of element 401020 ( COMBIN14 ) are not coincident.        

 *** WARNING ***                         ELAPSED TIME =      30.294   TIME= 09:57:56
 Nodes I and J of element 401021 ( COMBIN14 ) are not coincident.        

 *** WARNING ***                         ELAPSED TIME =      30.294   TIME= 09:57:56
 Nodes I and J of element 401022 ( COMBIN14 ) are not coincident.        

 *** WARNING ***                         ELAPSED TIME =      30.294   TIME= 09:57:56
 Nodes I and J of element 401023 ( COMBIN14 ) are not coincident.        

 *** WARNING ***                         ELAPSED TIME =      30.294   TIME= 09:57:56
 Nodes I and J of element 401024 ( COMBIN14 ) are not coincident.        

 *** WARNING ***                         ELAPSED TIME =      30.294   TIME= 09:57:56
 Nodes I and J of element 401025 ( COMBIN14 ) are not coincident.        

 *** WARNING ***                         ELAPSED TIME =      30.294   TIME= 09:57:56
 Nodes I and J of element 401026 ( COMBIN14 ) are not coincident.        

 *** WARNING ***                         ELAPSED TIME =      30.294   TIME= 09:57:56
 Nodes I and J of element 401027 ( COMBIN14 ) are not coincident.        

 *** WARNING ***                         ELAPSED TIME =      30.294   TIME= 09:57:56
 Nodes I and J of element 401028 ( COMBIN14 ) are not coincident.        

 *** WARNING ***                         ELAPSED TIME =      30.294   TIME= 09:57:56
 Nodes I and J of element 401029 ( COMBIN14 ) are not coincident.        

 *** WARNING ***                         ELAPSED TIME =      30.294   TIME= 09:57:56
 Nodes I and J of element 401030 ( COMBIN14 ) are not coincident.        

 *** WARNING ***                         ELAPSED TIME =      30.294   TIME= 09:57:56
 Nodes I and J of element 401031 ( COMBIN14 ) are not coincident.        

 *** WARNING ***                         ELAPSED TIME =      30.294   TIME= 09:57:56
 Nodes I and J of element 401032 ( COMBIN14 ) are not coincident.        

 *** WARNING ***                         ELAPSED TIME =      30.294   TIME= 09:57:56
 Nodes I and J of element 401033 ( COMBIN14 ) are not coincident.        

 *** WARNING ***                         ELAPSED TIME =      30.294   TIME= 09:57:56
 Nodes I and J of element 401034 ( COMBIN14 ) are not coincident.        

 *** WARNING ***                         ELAPSED TIME =      30.294   TIME= 09:57:56
 Nodes I and J of element 401035 ( COMBIN14 ) are not coincident.        

 *** WARNING ***                         ELAPSED TIME =      30.294   TIME= 09:57:56
 Nodes I and J of element 401036 ( COMBIN14 ) are not coincident.        

 *** WARNING ***                         ELAPSED TIME =      30.294   TIME= 09:57:56
 Nodes I and J of element 401037 ( COMBIN14 ) are not coincident.        

 *** WARNING ***                         ELAPSED TIME =      30.294   TIME= 09:57:56
 Nodes I and J of element 401038 ( COMBIN14 ) are not coincident.        

 *** WARNING ***                         ELAPSED TIME =      30.294   TIME= 09:57:56
 Nodes I and J of element 401039 ( COMBIN14 ) are not coincident.        

 *** WARNING ***                         ELAPSED TIME =      30.294   TIME= 09:57:56
 Nodes I and J of element 401040 ( COMBIN14 ) are not coincident.        

 *** WARNING ***                         ELAPSED TIME =      30.294   TIME= 09:57:56
 Nodes I and J of element 401041 ( COMBIN14 ) are not coincident.        

 *** WARNING ***                         ELAPSED TIME =      30.294   TIME= 09:57:56
 Nodes I and J of element 401042 ( COMBIN14 ) are not coincident.        

 *** WARNING ***                         ELAPSED TIME =      30.294   TIME= 09:57:56
 Nodes I and J of element 401043 ( COMBIN14 ) are not coincident.        

 *** WARNING ***                         ELAPSED TIME =      30.294   TIME= 09:57:56
 Nodes I and J of element 401044 ( COMBIN14 ) are not coincident.        

 *** WARNING ***                         ELAPSED TIME =      30.294   TIME= 09:57:56
 Nodes I and J of element 401045 ( COMBIN14 ) are not coincident.        

 *** WARNING ***                         ELAPSED TIME =      30.294   TIME= 09:57:56
 Nodes I and J of element 401046 ( COMBIN14 ) are not coincident.        

 *** WARNING ***                         ELAPSED TIME =      30.294   TIME= 09:57:56
 Nodes I and J of element 401047 ( COMBIN14 ) are not coincident.        

 *** WARNING ***                         ELAPSED TIME =      30.294   TIME= 09:57:56
 Nodes I and J of element 401048 ( COMBIN14 ) are not coincident.        

 *** WARNING ***                         ELAPSED TIME =      30.294   TIME= 09:57:56
 Nodes I and J of element 401049 ( COMBIN14 ) are not coincident.        

 *** WARNING ***                         ELAPSED TIME =      30.294   TIME= 09:57:56
 Nodes I and J of element 401050 ( COMBIN14 ) are not coincident.        

 *** WARNING ***                         ELAPSED TIME =      30.294   TIME= 09:57:56
 Nodes I and J of element 401051 ( COMBIN14 ) are not coincident.        

 *** WARNING ***                         ELAPSED TIME =      30.294   TIME= 09:57:56
 Nodes I and J of element 401052 ( COMBIN14 ) are not coincident.        

 *** WARNING ***                         ELAPSED TIME =      30.294   TIME= 09:57:56
 Nodes I and J of element 401053 ( COMBIN14 ) are not coincident.        

 *** WARNING ***                         ELAPSED TIME =      30.294   TIME= 09:57:56
 Nodes I and J of element 401054 ( COMBIN14 ) are not coincident.        

 *** WARNING ***                         ELAPSED TIME =      30.294   TIME= 09:57:56
 Nodes I and J of element 401055 ( COMBIN14 ) are not coincident.        

 *** WARNING ***                         ELAPSED TIME =      30.294   TIME= 09:57:56
 Nodes I and J of element 401056 ( COMBIN14 ) are not coincident.        

 *** WARNING ***                         ELAPSED TIME =      30.294   TIME= 09:57:56
 Nodes I and J of element 401057 ( COMBIN14 ) are not coincident.        

 *** WARNING ***                         ELAPSED TIME =      30.295   TIME= 09:57:56
 Nodes I and J of element 401058 ( COMBIN14 ) are not coincident.        

 *** WARNING ***                         ELAPSED TIME =      30.295   TIME= 09:57:56
 Nodes I and J of element 401059 ( COMBIN14 ) are not coincident.        

 *** WARNING ***                         ELAPSED TIME =      30.295   TIME= 09:57:56
 Nodes I and J of element 401060 ( COMBIN14 ) are not coincident.        

 *** WARNING ***                         ELAPSED TIME =      30.295   TIME= 09:57:56
 Nodes I and J of element 401061 ( COMBIN14 ) are not coincident.        

 *** WARNING ***                         ELAPSED TIME =      30.295   TIME= 09:57:56
 Nodes I and J of element 401062 ( COMBIN14 ) are not coincident.        

 *** WARNING ***                         ELAPSED TIME =      30.295   TIME= 09:57:56
 Nodes I and J of element 401063 ( COMBIN14 ) are not coincident.        

 *** WARNING ***                         ELAPSED TIME =      30.295   TIME= 09:57:56
 Nodes I and J of element 401064 ( COMBIN14 ) are not coincident.        

 *** WARNING ***                         ELAPSED TIME =      30.295   TIME= 09:57:56
 Nodes I and J of element 401065 ( COMBIN14 ) are not coincident.        

 *** WARNING ***                         ELAPSED TIME =      30.295   TIME= 09:57:56
 Nodes I and J of element 401066 ( COMBIN14 ) are not coincident.        

 *** WARNING ***                         ELAPSED TIME =      30.295   TIME= 09:57:56
 Nodes I and J of element 401067 ( COMBIN14 ) are not coincident.        

 *** WARNING ***                         ELAPSED TIME =      30.295   TIME= 09:57:56
 Nodes I and J of element 401068 ( COMBIN14 ) are not coincident.        

 *** WARNING ***                         ELAPSED TIME =      30.295   TIME= 09:57:56
 Nodes I and J of element 401069 ( COMBIN14 ) are not coincident.        

 *** WARNING ***                         ELAPSED TIME =      30.295   TIME= 09:57:56
 Nodes I and J of element 401070 ( COMBIN14 ) are not coincident.        

 *** WARNING ***                         ELAPSED TIME =      30.295   TIME= 09:57:56
 Nodes I and J of element 401071 ( COMBIN14 ) are not coincident.        

 *** WARNING ***                         ELAPSED TIME =      30.295   TIME= 09:57:56
 Nodes I and J of element 401072 ( COMBIN14 ) are not coincident.        

 *** WARNING ***                         ELAPSED TIME =      30.295   TIME= 09:57:56
 Nodes I and J of element 401073 ( COMBIN14 ) are not coincident.        

 *** WARNING ***                         ELAPSED TIME =      30.295   TIME= 09:57:56
 Nodes I and J of element 401074 ( COMBIN14 ) are not coincident.        

 *** WARNING ***                         ELAPSED TIME =      30.295   TIME= 09:57:56
 Nodes I and J of element 401075 ( COMBIN14 ) are not coincident.        

 *** WARNING ***                         ELAPSED TIME =      30.295   TIME= 09:57:56
 Nodes I and J of element 401076 ( COMBIN14 ) are not coincident.        

 *** WARNING ***                         ELAPSED TIME =      30.295   TIME= 09:57:56
 Nodes I and J of element 401077 ( COMBIN14 ) are not coincident.        

 *** WARNING ***                         ELAPSED TIME =      30.295   TIME= 09:57:56
 Nodes I and J of element 401078 ( COMBIN14 ) are not coincident.        

 *** WARNING ***                         ELAPSED TIME =      30.295   TIME= 09:57:56
 Nodes I and J of element 401079 ( COMBIN14 ) are not coincident.        

 *** WARNING ***                         ELAPSED TIME =      30.295   TIME= 09:57:56
 Nodes I and J of element 401080 ( COMBIN14 ) are not coincident.        

 *** WARNING ***                         ELAPSED TIME =      30.295   TIME= 09:57:56
 Nodes I and J of element 401081 ( COMBIN14 ) are not coincident.        

 *** WARNING ***                         ELAPSED TIME =      30.295   TIME= 09:57:56
 Nodes I and J of element 401082 ( COMBIN14 ) are not coincident.        

 *** WARNING ***                         ELAPSED TIME =      30.295   TIME= 09:57:56
 Nodes I and J of element 401083 ( COMBIN14 ) are not coincident.        

 *** WARNING ***                         ELAPSED TIME =      30.295   TIME= 09:57:56
 Nodes I and J of element 401084 ( COMBIN14 ) are not coincident.        

 *** WARNING ***                         ELAPSED TIME =      30.295   TIME= 09:57:56
 Nodes I and J of element 401085 ( COMBIN14 ) are not coincident.        

 *** WARNING ***                         ELAPSED TIME =      30.295   TIME= 09:57:56
 Nodes I and J of element 401086 ( COMBIN14 ) are not coincident.        

 *** WARNING ***                         ELAPSED TIME =      30.295   TIME= 09:57:56
 Nodes I and J of element 401087 ( COMBIN14 ) are not coincident.        

 *** WARNING ***                         ELAPSED TIME =      30.295   TIME= 09:57:56
 Nodes I and J of element 401088 ( COMBIN14 ) are not coincident.        

 *** WARNING ***                         ELAPSED TIME =      30.295   TIME= 09:57:56
 Nodes I and J of element 401089 ( COMBIN14 ) are not coincident.        

 *** WARNING ***                         ELAPSED TIME =      30.295   TIME= 09:57:56
 Nodes I and J of element 401090 ( COMBIN14 ) are not coincident.        

 *** WARNING ***                         ELAPSED TIME =      30.295   TIME= 09:57:56
 Nodes I and J of element 401091 ( COMBIN14 ) are not coincident.        

 *** WARNING ***                         ELAPSED TIME =      30.295   TIME= 09:57:56
 Nodes I and J of element 401092 ( COMBIN14 ) are not coincident.        

 *** WARNING ***                         ELAPSED TIME =      30.295   TIME= 09:57:56
 Nodes I and J of element 401093 ( COMBIN14 ) are not coincident.        

 *** WARNING ***                         ELAPSED TIME =      30.295   TIME= 09:57:56
 Nodes I and J of element 401094 ( COMBIN14 ) are not coincident.        

 *** WARNING ***                         ELAPSED TIME =      30.295   TIME= 09:57:56
 Nodes I and J of element 401095 ( COMBIN14 ) are not coincident.        

 *** WARNING ***                         ELAPSED TIME =      30.295   TIME= 09:57:56
 Nodes I and J of element 401096 ( COMBIN14 ) are not coincident.        

 *** WARNING ***                         ELAPSED TIME =      30.295   TIME= 09:57:56
 Nodes I and J of element 401097 ( COMBIN14 ) are not coincident.        

 *** WARNING ***                         ELAPSED TIME =      30.295   TIME= 09:57:56
 Nodes I and J of element 401098 ( COMBIN14 ) are not coincident.        

 *** WARNING ***                         ELAPSED TIME =      30.295   TIME= 09:57:56
 Nodes I and J of element 401099 ( COMBIN14 ) are not coincident.        

 *** WARNING ***                         ELAPSED TIME =      30.295   TIME= 09:57:56
 Nodes I and J of element 401100 ( COMBIN14 ) are not coincident.        

 *** WARNING ***                         ELAPSED TIME =      30.295   TIME= 09:57:56
 Nodes I and J of element 401101 ( COMBIN14 ) are not coincident.        

 *** WARNING ***                         ELAPSED TIME =      30.295   TIME= 09:57:56
 Nodes I and J of element 401102 ( COMBIN14 ) are not coincident.        

 *** WARNING ***                         ELAPSED TIME =      30.295   TIME= 09:57:56
 Nodes I and J of element 401103 ( COMBIN14 ) are not coincident.        

 *** WARNING ***                         ELAPSED TIME =      30.295   TIME= 09:57:56
 Nodes I and J of element 401104 ( COMBIN14 ) are not coincident.        

 *** WARNING ***                         ELAPSED TIME =      30.295   TIME= 09:57:56
 Nodes I and J of element 401105 ( COMBIN14 ) are not coincident.        

 *** WARNING ***                         ELAPSED TIME =      30.295   TIME= 09:57:56
 Nodes I and J of element 401106 ( COMBIN14 ) are not coincident.        

 *** WARNING ***                         ELAPSED TIME =      30.295   TIME= 09:57:56
 Nodes I and J of element 401107 ( COMBIN14 ) are not coincident.        

 *** WARNING ***                         ELAPSED TIME =      30.295   TIME= 09:57:56
 Nodes I and J of element 401108 ( COMBIN14 ) are not coincident.        

 *** WARNING ***                         ELAPSED TIME =      30.295   TIME= 09:57:56
 Nodes I and J of element 401109 ( COMBIN14 ) are not coincident.        

 *** WARNING ***                         ELAPSED TIME =      30.295   TIME= 09:57:56
 Nodes I and J of element 401110 ( COMBIN14 ) are not coincident.        

 *** WARNING ***                         ELAPSED TIME =      30.296   TIME= 09:57:56
 Nodes I and J of element 401111 ( COMBIN14 ) are not coincident.        

 *** WARNING ***                         ELAPSED TIME =      30.296   TIME= 09:57:56
 Nodes I and J of element 401112 ( COMBIN14 ) are not coincident.        

 *** WARNING ***                         ELAPSED TIME =      30.296   TIME= 09:57:56
 Nodes I and J of element 401113 ( COMBIN14 ) are not coincident.        

 *** WARNING ***                         ELAPSED TIME =      30.296   TIME= 09:57:56
 Nodes I and J of element 401114 ( COMBIN14 ) are not coincident.        

 *** WARNING ***                         ELAPSED TIME =      30.296   TIME= 09:57:56
 Nodes I and J of element 401115 ( COMBIN14 ) are not coincident.        

 *** WARNING ***                         ELAPSED TIME =      30.296   TIME= 09:57:56
 Nodes I and J of element 401116 ( COMBIN14 ) are not coincident.        

 *** WARNING ***                         ELAPSED TIME =      30.296   TIME= 09:57:56
 Nodes I and J of element 401117 ( COMBIN14 ) are not coincident.        

 *** WARNING ***                         ELAPSED TIME =      30.296   TIME= 09:57:56
 Nodes I and J of element 401118 ( COMBIN14 ) are not coincident.        

 *** WARNING ***                         ELAPSED TIME =      30.296   TIME= 09:57:56
 Nodes I and J of element 401119 ( COMBIN14 ) are not coincident.        

 *** WARNING ***                         ELAPSED TIME =      30.296   TIME= 09:57:56
 Nodes I and J of element 401120 ( COMBIN14 ) are not coincident.        

 *** WARNING ***                         ELAPSED TIME =      30.296   TIME= 09:57:56
 Nodes I and J of element 401121 ( COMBIN14 ) are not coincident.        

 *** WARNING ***                         ELAPSED TIME =      30.296   TIME= 09:57:56
 Nodes I and J of element 401122 ( COMBIN14 ) are not coincident.        

 *** WARNING ***                         ELAPSED TIME =      30.296   TIME= 09:57:56
 Nodes I and J of element 401123 ( COMBIN14 ) are not coincident.        

 *** WARNING ***                         ELAPSED TIME =      30.296   TIME= 09:57:56
 Nodes I and J of element 401124 ( COMBIN14 ) are not coincident.        

 *** WARNING ***                         ELAPSED TIME =      30.296   TIME= 09:57:56
 Nodes I and J of element 401125 ( COMBIN14 ) are not coincident.        

 *** WARNING ***                         ELAPSED TIME =      30.296   TIME= 09:57:56
 Nodes I and J of element 401126 ( COMBIN14 ) are not coincident.        

 *** WARNING ***                         ELAPSED TIME =      30.296   TIME= 09:57:56
 Nodes I and J of element 401127 ( COMBIN14 ) are not coincident.        

 *** WARNING ***                         ELAPSED TIME =      30.296   TIME= 09:57:56
 Nodes I and J of element 401128 ( COMBIN14 ) are not coincident.        

 *** WARNING ***                         ELAPSED TIME =      30.296   TIME= 09:57:56
 Nodes I and J of element 401129 ( COMBIN14 ) are not coincident.        

 *** WARNING ***                         ELAPSED TIME =      30.296   TIME= 09:57:56
 Nodes I and J of element 401130 ( COMBIN14 ) are not coincident.        

 *** WARNING ***                         ELAPSED TIME =      30.296   TIME= 09:57:56
 Nodes I and J of element 401131 ( COMBIN14 ) are not coincident.        

 *** WARNING ***                         ELAPSED TIME =      30.296   TIME= 09:57:56
 Nodes I and J of element 401132 ( COMBIN14 ) are not coincident.        

 *** WARNING ***                         ELAPSED TIME =      30.296   TIME= 09:57:56
 Nodes I and J of element 401133 ( COMBIN14 ) are not coincident.        

 *** WARNING ***                         ELAPSED TIME =      30.296   TIME= 09:57:56
 Nodes I and J of element 401134 ( COMBIN14 ) are not coincident.        

 *** WARNING ***                         ELAPSED TIME =      30.296   TIME= 09:57:56
 Nodes I and J of element 401135 ( COMBIN14 ) are not coincident.        

 *** WARNING ***                         ELAPSED TIME =      30.296   TIME= 09:57:56
 Nodes I and J of element 401136 ( COMBIN14 ) are not coincident.        

 *** WARNING ***                         ELAPSED TIME =      30.296   TIME= 09:57:56
 Nodes I and J of element 401137 ( COMBIN14 ) are not coincident.        

 *** WARNING ***                         ELAPSED TIME =      30.296   TIME= 09:57:56
 Nodes I and J of element 401138 ( COMBIN14 ) are not coincident.        

 *** WARNING ***                         ELAPSED TIME =      30.296   TIME= 09:57:56
 Nodes I and J of element 401139 ( COMBIN14 ) are not coincident.        

 *** WARNING ***                         ELAPSED TIME =      30.296   TIME= 09:57:56
 Nodes I and J of element 401140 ( COMBIN14 ) are not coincident.        

 *** WARNING ***                         ELAPSED TIME =      30.296   TIME= 09:57:56
 Nodes I and J of element 401141 ( COMBIN14 ) are not coincident.        

 *** WARNING ***                         ELAPSED TIME =      30.296   TIME= 09:57:56
 Nodes I and J of element 401142 ( COMBIN14 ) are not coincident.        

 *** WARNING ***                         ELAPSED TIME =      30.296   TIME= 09:57:56
 Nodes I and J of element 401143 ( COMBIN14 ) are not coincident.        

 *** WARNING ***                         ELAPSED TIME =      30.296   TIME= 09:57:56
 Nodes I and J of element 401144 ( COMBIN14 ) are not coincident.        

 *** WARNING ***                         ELAPSED TIME =      30.296   TIME= 09:57:56
 Nodes I and J of element 401145 ( COMBIN14 ) are not coincident.        

 *** WARNING ***                         ELAPSED TIME =      30.296   TIME= 09:57:56
 Nodes I and J of element 401146 ( COMBIN14 ) are not coincident.        

 *** WARNING ***                         ELAPSED TIME =      30.296   TIME= 09:57:56
 Nodes I and J of element 401147 ( COMBIN14 ) are not coincident.        

 *** WARNING ***                         ELAPSED TIME =      30.296   TIME= 09:57:56
 Nodes I and J of element 401148 ( COMBIN14 ) are not coincident.        

 *** WARNING ***                         ELAPSED TIME =      30.296   TIME= 09:57:56
 Nodes I and J of element 401149 ( COMBIN14 ) are not coincident.        

 *** WARNING ***                         ELAPSED TIME =      30.296   TIME= 09:57:56
 Nodes I and J of element 401150 ( COMBIN14 ) are not coincident.        

 *** WARNING ***                         ELAPSED TIME =      30.296   TIME= 09:57:56
 Nodes I and J of element 401151 ( COMBIN14 ) are not coincident.        

 *** WARNING ***                         ELAPSED TIME =      30.296   TIME= 09:57:56
 Nodes I and J of element 401152 ( COMBIN14 ) are not coincident.        

 *** WARNING ***                         ELAPSED TIME =      30.296   TIME= 09:57:56
 Nodes I and J of element 401153 ( COMBIN14 ) are not coincident.        

 *** WARNING ***                         ELAPSED TIME =      30.296   TIME= 09:57:56
 Nodes I and J of element 401154 ( COMBIN14 ) are not coincident.        

 *** WARNING ***                         ELAPSED TIME =      30.296   TIME= 09:57:56
 Nodes I and J of element 401155 ( COMBIN14 ) are not coincident.        

 *** WARNING ***                         ELAPSED TIME =      30.296   TIME= 09:57:56
 Nodes I and J of element 401156 ( COMBIN14 ) are not coincident.        

 *** WARNING ***                         ELAPSED TIME =      30.296   TIME= 09:57:56
 Nodes I and J of element 401157 ( COMBIN14 ) are not coincident.        

 *** WARNING ***                         ELAPSED TIME =      30.296   TIME= 09:57:56
 Nodes I and J of element 401158 ( COMBIN14 ) are not coincident.        

 *** WARNING ***                         ELAPSED TIME =      30.297   TIME= 09:57:56
 Nodes I and J of element 401159 ( COMBIN14 ) are not coincident.        

 *** WARNING ***                         ELAPSED TIME =      30.297   TIME= 09:57:56
 Nodes I and J of element 401160 ( COMBIN14 ) are not coincident.        

 *** WARNING ***                         ELAPSED TIME =      30.297   TIME= 09:57:56
 Nodes I and J of element 401161 ( COMBIN14 ) are not coincident.        

 *** WARNING ***                         ELAPSED TIME =      30.297   TIME= 09:57:56
 Nodes I and J of element 401162 ( COMBIN14 ) are not coincident.        

 *** WARNING ***                         ELAPSED TIME =      30.297   TIME= 09:57:56
 Nodes I and J of element 401163 ( COMBIN14 ) are not coincident.        

 *** WARNING ***                         ELAPSED TIME =      30.297   TIME= 09:57:56
 Nodes I and J of element 401164 ( COMBIN14 ) are not coincident.        

 *** WARNING ***                         ELAPSED TIME =      30.297   TIME= 09:57:56
 Nodes I and J of element 401165 ( COMBIN14 ) are not coincident.        

 *** WARNING ***                         ELAPSED TIME =      30.297   TIME= 09:57:56
 Nodes I and J of element 401166 ( COMBIN14 ) are not coincident.        

 *** WARNING ***                         ELAPSED TIME =      30.297   TIME= 09:57:56
 Nodes I and J of element 401167 ( COMBIN14 ) are not coincident.        

 *** WARNING ***                         ELAPSED TIME =      30.297   TIME= 09:57:56
 Nodes I and J of element 401168 ( COMBIN14 ) are not coincident.        

 *** WARNING ***                         ELAPSED TIME =      30.297   TIME= 09:57:56
 Nodes I and J of element 401169 ( COMBIN14 ) are not coincident.        

 *** WARNING ***                         ELAPSED TIME =      30.297   TIME= 09:57:56
 Nodes I and J of element 401170 ( COMBIN14 ) are not coincident.        

 *** WARNING ***                         ELAPSED TIME =      30.297   TIME= 09:57:56
 Nodes I and J of element 401171 ( COMBIN14 ) are not coincident.        

 *** WARNING ***                         ELAPSED TIME =      30.297   TIME= 09:57:56
 Nodes I and J of element 401172 ( COMBIN14 ) are not coincident.        

 *** WARNING ***                         ELAPSED TIME =      30.297   TIME= 09:57:56
 Nodes I and J of element 401173 ( COMBIN14 ) are not coincident.        

 *** WARNING ***                         ELAPSED TIME =      30.297   TIME= 09:57:56
 Nodes I and J of element 401174 ( COMBIN14 ) are not coincident.        

 *** WARNING ***                         ELAPSED TIME =      30.297   TIME= 09:57:56
 Nodes I and J of element 401175 ( COMBIN14 ) are not coincident.        

 *** WARNING ***                         ELAPSED TIME =      30.297   TIME= 09:57:56
 Nodes I and J of element 401176 ( COMBIN14 ) are not coincident.        

 *** WARNING ***                         ELAPSED TIME =      30.297   TIME= 09:57:56
 Nodes I and J of element 401177 ( COMBIN14 ) are not coincident.        

 *** WARNING ***                         ELAPSED TIME =      30.297   TIME= 09:57:56
 Nodes I and J of element 401178 ( COMBIN14 ) are not coincident.        

 *** WARNING ***                         ELAPSED TIME =      30.297   TIME= 09:57:56
 Nodes I and J of element 401179 ( COMBIN14 ) are not coincident.        

 *** WARNING ***                         ELAPSED TIME =      30.297   TIME= 09:57:56
 Nodes I and J of element 401180 ( COMBIN14 ) are not coincident.        

 *** WARNING ***                         ELAPSED TIME =      30.297   TIME= 09:57:56
 Nodes I and J of element 401181 ( COMBIN14 ) are not coincident.        

 *** WARNING ***                         ELAPSED TIME =      30.297   TIME= 09:57:56
 Nodes I and J of element 401182 ( COMBIN14 ) are not coincident.        

 *** WARNING ***                         ELAPSED TIME =      30.297   TIME= 09:57:56
 Nodes I and J of element 401183 ( COMBIN14 ) are not coincident.        

 *** WARNING ***                         ELAPSED TIME =      30.297   TIME= 09:57:56
 Nodes I and J of element 401184 ( COMBIN14 ) are not coincident.        

 *** WARNING ***                         ELAPSED TIME =      30.297   TIME= 09:57:56
 Nodes I and J of element 401185 ( COMBIN14 ) are not coincident.        

 *** WARNING ***                         ELAPSED TIME =      30.297   TIME= 09:57:56
 Nodes I and J of element 401186 ( COMBIN14 ) are not coincident.        

 *** WARNING ***                         ELAPSED TIME =      30.297   TIME= 09:57:56
 Nodes I and J of element 401187 ( COMBIN14 ) are not coincident.        

 *** WARNING ***                         ELAPSED TIME =      30.297   TIME= 09:57:56
 Nodes I and J of element 401188 ( COMBIN14 ) are not coincident.        

 *** WARNING ***                         ELAPSED TIME =      30.297   TIME= 09:57:56
 Nodes I and J of element 401189 ( COMBIN14 ) are not coincident.        

 *** WARNING ***                         ELAPSED TIME =      30.297   TIME= 09:57:56
 Nodes I and J of element 401190 ( COMBIN14 ) are not coincident.        

 *** WARNING ***                         ELAPSED TIME =      30.297   TIME= 09:57:56
 Nodes I and J of element 401191 ( COMBIN14 ) are not coincident.        

 *** WARNING ***                         ELAPSED TIME =      30.297   TIME= 09:57:56
 Nodes I and J of element 401192 ( COMBIN14 ) are not coincident.        

 *** WARNING ***                         ELAPSED TIME =      30.297   TIME= 09:57:56
 Nodes I and J of element 401193 ( COMBIN14 ) are not coincident.        

 *** WARNING ***                         ELAPSED TIME =      30.297   TIME= 09:57:56
 Nodes I and J of element 401194 ( COMBIN14 ) are not coincident.        

 *** WARNING ***                         ELAPSED TIME =      30.297   TIME= 09:57:56
 Nodes I and J of element 401195 ( COMBIN14 ) are not coincident.        

 *** WARNING ***                         ELAPSED TIME =      30.297   TIME= 09:57:56
 Nodes I and J of element 401196 ( COMBIN14 ) are not coincident.        

 *** WARNING ***                         ELAPSED TIME =      30.297   TIME= 09:57:56
 Nodes I and J of element 401197 ( COMBIN14 ) are not coincident.        

 *** WARNING ***                         ELAPSED TIME =      30.297   TIME= 09:57:56
 Nodes I and J of element 401198 ( COMBIN14 ) are not coincident.        

 *** WARNING ***                         ELAPSED TIME =      30.297   TIME= 09:57:56
 Nodes I and J of element 401199 ( COMBIN14 ) are not coincident.        

 *** WARNING ***   SUPPRESSED MESSAGE    ELAPSED TIME =      30.297   TIME= 09:57:56
 Nodes I and J of element 401200 ( COMBIN14 ) are not coincident.        

 *** WARNING ***   SUPPRESSED MESSAGE    ELAPSED TIME =      30.297   TIME= 09:57:56
 Nodes I and J of element 401201 ( COMBIN14 ) are not coincident.        

 *** WARNING ***   SUPPRESSED MESSAGE    ELAPSED TIME =      30.298   TIME= 09:57:56
 Nodes I and J of element 401202 ( COMBIN14 ) are not coincident.        

 *** WARNING ***   SUPPRESSED MESSAGE    ELAPSED TIME =      30.298   TIME= 09:57:56
 Nodes I and J of element 401203 ( COMBIN14 ) are not coincident.        

 *** WARNING ***   SUPPRESSED MESSAGE    ELAPSED TIME =      30.298   TIME= 09:57:56
 Nodes I and J of element 401204 ( COMBIN14 ) are not coincident.        

 *** WARNING ***   SUPPRESSED MESSAGE    ELAPSED TIME =      30.298   TIME= 09:57:56
 Nodes I and J of element 401205 ( COMBIN14 ) are not coincident.        

 *** WARNING ***   SUPPRESSED MESSAGE    ELAPSED TIME =      30.298   TIME= 09:57:56
 Nodes I and J of element 401206 ( COMBIN14 ) are not coincident.        

 *** WARNING ***   SUPPRESSED MESSAGE    ELAPSED TIME =      30.298   TIME= 09:57:56
 Nodes I and J of element 401207 ( COMBIN14 ) are not coincident.        

 *** WARNING ***   SUPPRESSED MESSAGE    ELAPSED TIME =      30.298   TIME= 09:57:56
 Nodes I and J of element 401208 ( COMBIN14 ) are not coincident.        

 *** WARNING ***   SUPPRESSED MESSAGE    ELAPSED TIME =      30.298   TIME= 09:57:56
 Nodes I and J of element 401209 ( COMBIN14 ) are not coincident.        

 *** WARNING ***   SUPPRESSED MESSAGE    ELAPSED TIME =      30.298   TIME= 09:57:56
 Nodes I and J of element 401210 ( COMBIN14 ) are not coincident.        

 *** WARNING ***   SUPPRESSED MESSAGE    ELAPSED TIME =      30.298   TIME= 09:57:56
 Nodes I and J of element 401211 ( COMBIN14 ) are not coincident.        

 *** WARNING ***   SUPPRESSED MESSAGE    ELAPSED TIME =      30.298   TIME= 09:57:56
 Nodes I and J of element 401212 ( COMBIN14 ) are not coincident.        

 *** WARNING ***   SUPPRESSED MESSAGE    ELAPSED TIME =      30.298   TIME= 09:57:56
 Nodes I and J of element 401213 ( COMBIN14 ) are not coincident.        

 *** WARNING ***   SUPPRESSED MESSAGE    ELAPSED TIME =      30.298   TIME= 09:57:56
 Nodes I and J of element 401214 ( COMBIN14 ) are not coincident.        

 *** WARNING ***   SUPPRESSED MESSAGE    ELAPSED TIME =      30.298   TIME= 09:57:56
 Nodes I and J of element 401215 ( COMBIN14 ) are not coincident.        

 *** WARNING ***   SUPPRESSED MESSAGE    ELAPSED TIME =      30.298   TIME= 09:57:56
 Nodes I and J of element 401216 ( COMBIN14 ) are not coincident.        

 *** WARNING ***   SUPPRESSED MESSAGE    ELAPSED TIME =      30.298   TIME= 09:57:56
 Nodes I and J of element 401217 ( COMBIN14 ) are not coincident.        

 *** WARNING ***   SUPPRESSED MESSAGE    ELAPSED TIME =      30.298   TIME= 09:57:56
 Nodes I and J of element 401218 ( COMBIN14 ) are not coincident.        

 *** WARNING ***   SUPPRESSED MESSAGE    ELAPSED TIME =      30.298   TIME= 09:57:56
 Nodes I and J of element 401219 ( COMBIN14 ) are not coincident.        

 *** WARNING ***   SUPPRESSED MESSAGE    ELAPSED TIME =      30.298   TIME= 09:57:56
 Nodes I and J of element 401220 ( COMBIN14 ) are not coincident.        

 *** WARNING ***   SUPPRESSED MESSAGE    ELAPSED TIME =      30.298   TIME= 09:57:56
 Nodes I and J of element 401221 ( COMBIN14 ) are not coincident.        

 *** WARNING ***   SUPPRESSED MESSAGE    ELAPSED TIME =      30.298   TIME= 09:57:56
 Nodes I and J of element 401222 ( COMBIN14 ) are not coincident.        

 *** WARNING ***   SUPPRESSED MESSAGE    ELAPSED TIME =      30.298   TIME= 09:57:56
 Nodes I and J of element 401223 ( COMBIN14 ) are not coincident.        

 *** WARNING ***   SUPPRESSED MESSAGE    ELAPSED TIME =      30.298   TIME= 09:57:56
 Nodes I and J of element 401224 ( COMBIN14 ) are not coincident.        

 *** WARNING ***   SUPPRESSED MESSAGE    ELAPSED TIME =      30.298   TIME= 09:57:56
 Nodes I and J of element 401225 ( COMBIN14 ) are not coincident.        

 *** WARNING ***   SUPPRESSED MESSAGE    ELAPSED TIME =      30.298   TIME= 09:57:56
 Nodes I and J of element 401226 ( COMBIN14 ) are not coincident.        

 *** WARNING ***   SUPPRESSED MESSAGE    ELAPSED TIME =      30.298   TIME= 09:57:56
 Nodes I and J of element 401227 ( COMBIN14 ) are not coincident.        

 *** WARNING ***   SUPPRESSED MESSAGE    ELAPSED TIME =      30.298   TIME= 09:57:56
 Nodes I and J of element 401228 ( COMBIN14 ) are not coincident.        

 *** WARNING ***   SUPPRESSED MESSAGE    ELAPSED TIME =      30.298   TIME= 09:57:56
 Nodes I and J of element 401229 ( COMBIN14 ) are not coincident.        

 *** WARNING ***   SUPPRESSED MESSAGE    ELAPSED TIME =      30.298   TIME= 09:57:56
 Nodes I and J of element 401230 ( COMBIN14 ) are not coincident.        

 *** WARNING ***   SUPPRESSED MESSAGE    ELAPSED TIME =      30.298   TIME= 09:57:56
 Nodes I and J of element 401231 ( COMBIN14 ) are not coincident.        

 *** WARNING ***   SUPPRESSED MESSAGE    ELAPSED TIME =      30.298   TIME= 09:57:56
 Nodes I and J of element 401232 ( COMBIN14 ) are not coincident.        

 *** WARNING ***   SUPPRESSED MESSAGE    ELAPSED TIME =      30.298   TIME= 09:57:56
 Nodes I and J of element 401233 ( COMBIN14 ) are not coincident.        

 *** WARNING ***   SUPPRESSED MESSAGE    ELAPSED TIME =      30.298   TIME= 09:57:56
 Nodes I and J of element 401234 ( COMBIN14 ) are not coincident.        

 *** WARNING ***   SUPPRESSED MESSAGE    ELAPSED TIME =      30.298   TIME= 09:57:56
 Nodes I and J of element 401235 ( COMBIN14 ) are not coincident.        

 *** WARNING ***   SUPPRESSED MESSAGE    ELAPSED TIME =      30.298   TIME= 09:57:56
 Nodes I and J of element 401236 ( COMBIN14 ) are not coincident.        

 *** WARNING ***   SUPPRESSED MESSAGE    ELAPSED TIME =      30.298   TIME= 09:57:56
 Nodes I and J of element 401237 ( COMBIN14 ) are not coincident.        

 *** WARNING ***   SUPPRESSED MESSAGE    ELAPSED TIME =      30.298   TIME= 09:57:56
 Nodes I and J of element 401238 ( COMBIN14 ) are not coincident.        

 *** WARNING ***   SUPPRESSED MESSAGE    ELAPSED TIME =      30.298   TIME= 09:57:56
 Nodes I and J of element 401239 ( COMBIN14 ) are not coincident.        

 *** WARNING ***   SUPPRESSED MESSAGE    ELAPSED TIME =      30.298   TIME= 09:57:56
 Nodes I and J of element 401240 ( COMBIN14 ) are not coincident.        

 *** WARNING ***   SUPPRESSED MESSAGE    ELAPSED TIME =      30.298   TIME= 09:57:56
 Nodes I and J of element 401241 ( COMBIN14 ) are not coincident.        

 *** WARNING ***   SUPPRESSED MESSAGE    ELAPSED TIME =      30.298   TIME= 09:57:56
 Nodes I and J of element 401242 ( COMBIN14 ) are not coincident.        

 *** WARNING ***   SUPPRESSED MESSAGE    ELAPSED TIME =      30.298   TIME= 09:57:56
 Nodes I and J of element 401243 ( COMBIN14 ) are not coincident.        

 *** WARNING ***   SUPPRESSED MESSAGE    ELAPSED TIME =      30.298   TIME= 09:57:56
 Nodes I and J of element 401244 ( COMBIN14 ) are not coincident.        

 *** WARNING ***   SUPPRESSED MESSAGE    ELAPSED TIME =      30.298   TIME= 09:57:56
 Nodes I and J of element 401245 ( COMBIN14 ) are not coincident.        

 *** WARNING ***   SUPPRESSED MESSAGE    ELAPSED TIME =      30.298   TIME= 09:57:56
 Nodes I and J of element 401246 ( COMBIN14 ) are not coincident.        

 *** WARNING ***   SUPPRESSED MESSAGE    ELAPSED TIME =      30.298   TIME= 09:57:56
 Nodes I and J of element 401247 ( COMBIN14 ) are not coincident.        

 *** WARNING ***   SUPPRESSED MESSAGE    ELAPSED TIME =      30.298   TIME= 09:57:56
 Nodes I and J of element 401248 ( COMBIN14 ) are not coincident.        

 *** WARNING ***   SUPPRESSED MESSAGE    ELAPSED TIME =      30.298   TIME= 09:57:56
 Nodes I and J of element 401249 ( COMBIN14 ) are not coincident.        

 *** WARNING ***   SUPPRESSED MESSAGE    ELAPSED TIME =      30.298   TIME= 09:57:56
 Nodes I and J of element 401250 ( COMBIN14 ) are not coincident.        

 *** WARNING ***   SUPPRESSED MESSAGE    ELAPSED TIME =      30.298   TIME= 09:57:56
 Nodes I and J of element 401251 ( COMBIN14 ) are not coincident.        

 *** WARNING ***   SUPPRESSED MESSAGE    ELAPSED TIME =      30.298   TIME= 09:57:56
 Nodes I and J of element 401252 ( COMBIN14 ) are not coincident.        

 *** WARNING ***   SUPPRESSED MESSAGE    ELAPSED TIME =      30.298   TIME= 09:57:56
 Nodes I and J of element 401253 ( COMBIN14 ) are not coincident.        

 *** WARNING ***   SUPPRESSED MESSAGE    ELAPSED TIME =      30.298   TIME= 09:57:56
 Nodes I and J of element 401254 ( COMBIN14 ) are not coincident.        

 *** WARNING ***   SUPPRESSED MESSAGE    ELAPSED TIME =      30.298   TIME= 09:57:56
 Nodes I and J of element 401255 ( COMBIN14 ) are not coincident.        

 *** WARNING ***   SUPPRESSED MESSAGE    ELAPSED TIME =      30.298   TIME= 09:57:56
 Nodes I and J of element 401256 ( COMBIN14 ) are not coincident.        

 *** WARNING ***   SUPPRESSED MESSAGE    ELAPSED TIME =      30.298   TIME= 09:57:56
 Nodes I and J of element 401257 ( COMBIN14 ) are not coincident.        

 *** WARNING ***   SUPPRESSED MESSAGE    ELAPSED TIME =      30.298   TIME= 09:57:56
 Nodes I and J of element 401258 ( COMBIN14 ) are not coincident.        

 *** WARNING ***   SUPPRESSED MESSAGE    ELAPSED TIME =      30.298   TIME= 09:57:56
 Nodes I and J of element 401259 ( COMBIN14 ) are not coincident.        

 *** WARNING ***   SUPPRESSED MESSAGE    ELAPSED TIME =      30.298   TIME= 09:57:56
 Nodes I and J of element 401260 ( COMBIN14 ) are not coincident.        

 *** WARNING ***   SUPPRESSED MESSAGE    ELAPSED TIME =      30.298   TIME= 09:57:56
 Nodes I and J of element 401261 ( COMBIN14 ) are not coincident.        

 *** WARNING ***   SUPPRESSED MESSAGE    ELAPSED TIME =      30.298   TIME= 09:57:56
 Nodes I and J of element 401262 ( COMBIN14 ) are not coincident.        

 *** WARNING ***   SUPPRESSED MESSAGE    ELAPSED TIME =      30.298   TIME= 09:57:56
 Nodes I and J of element 401263 ( COMBIN14 ) are not coincident.        

 *** WARNING ***   SUPPRESSED MESSAGE    ELAPSED TIME =      30.298   TIME= 09:57:56
 Nodes I and J of element 401264 ( COMBIN14 ) are not coincident.        

 *** WARNING ***   SUPPRESSED MESSAGE    ELAPSED TIME =      30.298   TIME= 09:57:56
 Nodes I and J of element 401265 ( COMBIN14 ) are not coincident.        

 *** WARNING ***   SUPPRESSED MESSAGE    ELAPSED TIME =      30.298   TIME= 09:57:56
 Nodes I and J of element 401266 ( COMBIN14 ) are not coincident.        

 *** WARNING ***   SUPPRESSED MESSAGE    ELAPSED TIME =      30.298   TIME= 09:57:56
 Nodes I and J of element 401267 ( COMBIN14 ) are not coincident.        

 *** WARNING ***   SUPPRESSED MESSAGE    ELAPSED TIME =      30.298   TIME= 09:57:56
 Nodes I and J of element 401268 ( COMBIN14 ) are not coincident.        

 *** WARNING ***   SUPPRESSED MESSAGE    ELAPSED TIME =      30.298   TIME= 09:57:56
 Nodes I and J of element 401269 ( COMBIN14 ) are not coincident.        

 *** WARNING ***   SUPPRESSED MESSAGE    ELAPSED TIME =      30.298   TIME= 09:57:56
 Nodes I and J of element 401270 ( COMBIN14 ) are not coincident.        

 *** WARNING ***   SUPPRESSED MESSAGE    ELAPSED TIME =      30.298   TIME= 09:57:56
 Nodes I and J of element 401271 ( COMBIN14 ) are not coincident.        

 *** WARNING ***   SUPPRESSED MESSAGE    ELAPSED TIME =      30.298   TIME= 09:57:56
 Nodes I and J of element 401272 ( COMBIN14 ) are not coincident.        

 *** WARNING ***   SUPPRESSED MESSAGE    ELAPSED TIME =      30.298   TIME= 09:57:56
 Nodes I and J of element 401273 ( COMBIN14 ) are not coincident.        

 *** WARNING ***   SUPPRESSED MESSAGE    ELAPSED TIME =      30.298   TIME= 09:57:56
 Nodes I and J of element 401274 ( COMBIN14 ) are not coincident.        

 *** WARNING ***   SUPPRESSED MESSAGE    ELAPSED TIME =      30.298   TIME= 09:57:56
 Nodes I and J of element 401275 ( COMBIN14 ) are not coincident.        

 *** WARNING ***   SUPPRESSED MESSAGE    ELAPSED TIME =      30.298   TIME= 09:57:56
 Nodes I and J of element 401276 ( COMBIN14 ) are not coincident.        

 *** WARNING ***   SUPPRESSED MESSAGE    ELAPSED TIME =      30.298   TIME= 09:57:56
 Nodes I and J of element 401277 ( COMBIN14 ) are not coincident.        

 *** WARNING ***   SUPPRESSED MESSAGE    ELAPSED TIME =      30.298   TIME= 09:57:56
 Nodes I and J of element 401278 ( COMBIN14 ) are not coincident.        

 *** WARNING ***   SUPPRESSED MESSAGE    ELAPSED TIME =      30.298   TIME= 09:57:56
 Nodes I and J of element 401279 ( COMBIN14 ) are not coincident.        

 *** WARNING ***   SUPPRESSED MESSAGE    ELAPSED TIME =      30.298   TIME= 09:57:56
 Nodes I and J of element 401280 ( COMBIN14 ) are not coincident.        

 *** WARNING ***   SUPPRESSED MESSAGE    ELAPSED TIME =      30.298   TIME= 09:57:56
 Nodes I and J of element 401281 ( COMBIN14 ) are not coincident.        

 *** WARNING ***   SUPPRESSED MESSAGE    ELAPSED TIME =      30.298   TIME= 09:57:56
 Nodes I and J of element 401282 ( COMBIN14 ) are not coincident.        

 *** WARNING ***   SUPPRESSED MESSAGE    ELAPSED TIME =      30.298   TIME= 09:57:56
 Nodes I and J of element 401283 ( COMBIN14 ) are not coincident.        

 *** WARNING ***   SUPPRESSED MESSAGE    ELAPSED TIME =      30.298   TIME= 09:57:56
 Nodes I and J of element 401284 ( COMBIN14 ) are not coincident.        

 *** WARNING ***   SUPPRESSED MESSAGE    ELAPSED TIME =      30.298   TIME= 09:57:56
 Nodes I and J of element 401285 ( COMBIN14 ) are not coincident.        

 *** WARNING ***   SUPPRESSED MESSAGE    ELAPSED TIME =      30.298   TIME= 09:57:56
 Nodes I and J of element 401286 ( COMBIN14 ) are not coincident.        

 *** WARNING ***   SUPPRESSED MESSAGE    ELAPSED TIME =      30.298   TIME= 09:57:56
 Nodes I and J of element 401287 ( COMBIN14 ) are not coincident.        

 *** WARNING ***   SUPPRESSED MESSAGE    ELAPSED TIME =      30.298   TIME= 09:57:56
 Nodes I and J of element 401288 ( COMBIN14 ) are not coincident.        

 *** WARNING ***   SUPPRESSED MESSAGE    ELAPSED TIME =      30.298   TIME= 09:57:56
 Nodes I and J of element 401289 ( COMBIN14 ) are not coincident.        

 *** WARNING ***   SUPPRESSED MESSAGE    ELAPSED TIME =      30.298   TIME= 09:57:56
 Nodes I and J of element 401290 ( COMBIN14 ) are not coincident.        

 *** WARNING ***   SUPPRESSED MESSAGE    ELAPSED TIME =      30.298   TIME= 09:57:56
 Nodes I and J of element 401291 ( COMBIN14 ) are not coincident.        

 *** WARNING ***   SUPPRESSED MESSAGE    ELAPSED TIME =      30.298   TIME= 09:57:56
 Nodes I and J of element 401292 ( COMBIN14 ) are not coincident.        

 *** WARNING ***   SUPPRESSED MESSAGE    ELAPSED TIME =      30.298   TIME= 09:57:56
 Nodes I and J of element 401293 ( COMBIN14 ) are not coincident.        

 *** WARNING ***   SUPPRESSED MESSAGE    ELAPSED TIME =      30.298   TIME= 09:57:56
 Nodes I and J of element 401294 ( COMBIN14 ) are not coincident.        

 *** WARNING ***   SUPPRESSED MESSAGE    ELAPSED TIME =      30.298   TIME= 09:57:56
 Nodes I and J of element 401295 ( COMBIN14 ) are not coincident.        

 *** WARNING ***   SUPPRESSED MESSAGE    ELAPSED TIME =      30.298   TIME= 09:57:56
 Nodes I and J of element 401296 ( COMBIN14 ) are not coincident.        

 *** WARNING ***   SUPPRESSED MESSAGE    ELAPSED TIME =      30.298   TIME= 09:57:56
 Nodes I and J of element 401297 ( COMBIN14 ) are not coincident.        

 *** WARNING ***   SUPPRESSED MESSAGE    ELAPSED TIME =      30.298   TIME= 09:57:56
 Nodes I and J of element 401298 ( COMBIN14 ) are not coincident.        

 *** WARNING ***   SUPPRESSED MESSAGE    ELAPSED TIME =      30.298   TIME= 09:57:56
 Nodes I and J of element 401299 ( COMBIN14 ) are not coincident.        

 *** WARNING ***   SUPPRESSED MESSAGE    ELAPSED TIME =      30.298   TIME= 09:57:56
 Nodes I and J of element 401300 ( COMBIN14 ) are not coincident.        

 *** WARNING ***   SUPPRESSED MESSAGE    ELAPSED TIME =      30.298   TIME= 09:57:56
 Nodes I and J of element 401301 ( COMBIN14 ) are not coincident.        

 *** WARNING ***   SUPPRESSED MESSAGE    ELAPSED TIME =      30.298   TIME= 09:57:56
 Nodes I and J of element 401302 ( COMBIN14 ) are not coincident.        

 *** WARNING ***   SUPPRESSED MESSAGE    ELAPSED TIME =      30.298   TIME= 09:57:56
 Nodes I and J of element 401303 ( COMBIN14 ) are not coincident.        

 *** WARNING ***   SUPPRESSED MESSAGE    ELAPSED TIME =      30.298   TIME= 09:57:56
 Nodes I and J of element 401304 ( COMBIN14 ) are not coincident.        

 *** WARNING ***   SUPPRESSED MESSAGE    ELAPSED TIME =      30.298   TIME= 09:57:56
 Nodes I and J of element 401305 ( COMBIN14 ) are not coincident.        

 *** WARNING ***   SUPPRESSED MESSAGE    ELAPSED TIME =      30.298   TIME= 09:57:56
 Nodes I and J of element 401306 ( COMBIN14 ) are not coincident.        

 *** WARNING ***   SUPPRESSED MESSAGE    ELAPSED TIME =      30.298   TIME= 09:57:56
 Nodes I and J of element 401307 ( COMBIN14 ) are not coincident.        

 *** WARNING ***   SUPPRESSED MESSAGE    ELAPSED TIME =      30.298   TIME= 09:57:56
 Nodes I and J of element 401308 ( COMBIN14 ) are not coincident.        

 *** WARNING ***   SUPPRESSED MESSAGE    ELAPSED TIME =      30.299   TIME= 09:57:56
 Nodes I and J of element 401309 ( COMBIN14 ) are not coincident.        

 *** WARNING ***   SUPPRESSED MESSAGE    ELAPSED TIME =      30.299   TIME= 09:57:56
 Nodes I and J of element 401310 ( COMBIN14 ) are not coincident.        

 *** WARNING ***   SUPPRESSED MESSAGE    ELAPSED TIME =      30.299   TIME= 09:57:56
 Nodes I and J of element 401311 ( COMBIN14 ) are not coincident.        

 *** WARNING ***   SUPPRESSED MESSAGE    ELAPSED TIME =      30.299   TIME= 09:57:56
 Nodes I and J of element 401312 ( COMBIN14 ) are not coincident.        

 *** WARNING ***   SUPPRESSED MESSAGE    ELAPSED TIME =      30.299   TIME= 09:57:56
 Nodes I and J of element 401313 ( COMBIN14 ) are not coincident.        

 *** WARNING ***   SUPPRESSED MESSAGE    ELAPSED TIME =      30.299   TIME= 09:57:56
 Nodes I and J of element 401314 ( COMBIN14 ) are not coincident.        

 *** WARNING ***   SUPPRESSED MESSAGE    ELAPSED TIME =      30.299   TIME= 09:57:56
 Nodes I and J of element 401315 ( COMBIN14 ) are not coincident.        

 *** WARNING ***   SUPPRESSED MESSAGE    ELAPSED TIME =      30.299   TIME= 09:57:56
 Nodes I and J of element 401316 ( COMBIN14 ) are not coincident.        

 *** WARNING ***   SUPPRESSED MESSAGE    ELAPSED TIME =      30.299   TIME= 09:57:56
 Nodes I and J of element 401317 ( COMBIN14 ) are not coincident.        

 *** WARNING ***   SUPPRESSED MESSAGE    ELAPSED TIME =      30.299   TIME= 09:57:56
 Nodes I and J of element 401318 ( COMBIN14 ) are not coincident.        

 *** WARNING ***   SUPPRESSED MESSAGE    ELAPSED TIME =      30.299   TIME= 09:57:56
 Nodes I and J of element 401319 ( COMBIN14 ) are not coincident.        

 *** WARNING ***   SUPPRESSED MESSAGE    ELAPSED TIME =      30.299   TIME= 09:57:56
 Nodes I and J of element 401320 ( COMBIN14 ) are not coincident.        

 *** WARNING ***   SUPPRESSED MESSAGE    ELAPSED TIME =      30.299   TIME= 09:57:56
 Nodes I and J of element 401321 ( COMBIN14 ) are not coincident.        

 *** WARNING ***   SUPPRESSED MESSAGE    ELAPSED TIME =      30.299   TIME= 09:57:56
 Nodes I and J of element 401322 ( COMBIN14 ) are not coincident.        

 *** WARNING ***   SUPPRESSED MESSAGE    ELAPSED TIME =      30.299   TIME= 09:57:56
 Nodes I and J of element 401323 ( COMBIN14 ) are not coincident.        

 *** WARNING ***   SUPPRESSED MESSAGE    ELAPSED TIME =      30.299   TIME= 09:57:56
 Nodes I and J of element 401324 ( COMBIN14 ) are not coincident.        

 *** WARNING ***   SUPPRESSED MESSAGE    ELAPSED TIME =      30.299   TIME= 09:57:56
 Nodes I and J of element 401325 ( COMBIN14 ) are not coincident.        

 *** WARNING ***   SUPPRESSED MESSAGE    ELAPSED TIME =      30.299   TIME= 09:57:56
 Nodes I and J of element 401326 ( COMBIN14 ) are not coincident.        

 *** WARNING ***   SUPPRESSED MESSAGE    ELAPSED TIME =      30.299   TIME= 09:57:56
 Nodes I and J of element 401327 ( COMBIN14 ) are not coincident.        

 *** WARNING ***   SUPPRESSED MESSAGE    ELAPSED TIME =      30.299   TIME= 09:57:56
 Nodes I and J of element 401328 ( COMBIN14 ) are not coincident.        

 *** WARNING ***   SUPPRESSED MESSAGE    ELAPSED TIME =      30.299   TIME= 09:57:56
 Nodes I and J of element 401329 ( COMBIN14 ) are not coincident.        

 *** WARNING ***   SUPPRESSED MESSAGE    ELAPSED TIME =      30.299   TIME= 09:57:56
 Nodes I and J of element 401330 ( COMBIN14 ) are not coincident.        

 *** WARNING ***   SUPPRESSED MESSAGE    ELAPSED TIME =      30.299   TIME= 09:57:56
 Nodes I and J of element 401331 ( COMBIN14 ) are not coincident.        

 *** WARNING ***   SUPPRESSED MESSAGE    ELAPSED TIME =      30.299   TIME= 09:57:56
 Nodes I and J of element 401332 ( COMBIN14 ) are not coincident.        

 *** WARNING ***   SUPPRESSED MESSAGE    ELAPSED TIME =      30.299   TIME= 09:57:56
 Nodes I and J of element 401333 ( COMBIN14 ) are not coincident.        

 *** WARNING ***   SUPPRESSED MESSAGE    ELAPSED TIME =      30.299   TIME= 09:57:56
 Nodes I and J of element 401334 ( COMBIN14 ) are not coincident.        

 *** WARNING ***   SUPPRESSED MESSAGE    ELAPSED TIME =      30.299   TIME= 09:57:56
 Nodes I and J of element 401335 ( COMBIN14 ) are not coincident.        

 *** WARNING ***   SUPPRESSED MESSAGE    ELAPSED TIME =      30.299   TIME= 09:57:56
 Nodes I and J of element 401336 ( COMBIN14 ) are not coincident.        

 *** WARNING ***   SUPPRESSED MESSAGE    ELAPSED TIME =      30.299   TIME= 09:57:56
 Nodes I and J of element 401337 ( COMBIN14 ) are not coincident.        

 *** WARNING ***   SUPPRESSED MESSAGE    ELAPSED TIME =      30.299   TIME= 09:57:56
 Nodes I and J of element 401338 ( COMBIN14 ) are not coincident.        

 *** WARNING ***   SUPPRESSED MESSAGE    ELAPSED TIME =      30.299   TIME= 09:57:56
 Nodes I and J of element 401339 ( COMBIN14 ) are not coincident.        

 *** WARNING ***   SUPPRESSED MESSAGE    ELAPSED TIME =      30.299   TIME= 09:57:56
 Nodes I and J of element 401340 ( COMBIN14 ) are not coincident.        

 *** WARNING ***   SUPPRESSED MESSAGE    ELAPSED TIME =      30.299   TIME= 09:57:56
 Nodes I and J of element 401341 ( COMBIN14 ) are not coincident.        

 *** WARNING ***   SUPPRESSED MESSAGE    ELAPSED TIME =      30.299   TIME= 09:57:56
 Nodes I and J of element 401342 ( COMBIN14 ) are not coincident.        

 *** WARNING ***   SUPPRESSED MESSAGE    ELAPSED TIME =      30.299   TIME= 09:57:56
 Nodes I and J of element 401343 ( COMBIN14 ) are not coincident.        

 *** WARNING ***   SUPPRESSED MESSAGE    ELAPSED TIME =      30.299   TIME= 09:57:56
 Nodes I and J of element 401344 ( COMBIN14 ) are not coincident.        

 *** WARNING ***   SUPPRESSED MESSAGE    ELAPSED TIME =      30.299   TIME= 09:57:56
 Nodes I and J of element 401345 ( COMBIN14 ) are not coincident.        

 *** WARNING ***   SUPPRESSED MESSAGE    ELAPSED TIME =      30.299   TIME= 09:57:56
 Nodes I and J of element 401346 ( COMBIN14 ) are not coincident.        

 *** WARNING ***   SUPPRESSED MESSAGE    ELAPSED TIME =      30.299   TIME= 09:57:56
 Nodes I and J of element 401347 ( COMBIN14 ) are not coincident.        

 *** WARNING ***   SUPPRESSED MESSAGE    ELAPSED TIME =      30.299   TIME= 09:57:56
 Nodes I and J of element 401348 ( COMBIN14 ) are not coincident.        

 *** WARNING ***   SUPPRESSED MESSAGE    ELAPSED TIME =      30.299   TIME= 09:57:56
 Nodes I and J of element 401349 ( COMBIN14 ) are not coincident.        

 *** WARNING ***   SUPPRESSED MESSAGE    ELAPSED TIME =      30.299   TIME= 09:57:56
 Nodes I and J of element 401350 ( COMBIN14 ) are not coincident.        

 *** WARNING ***   SUPPRESSED MESSAGE    ELAPSED TIME =      30.299   TIME= 09:57:56
 Nodes I and J of element 401351 ( COMBIN14 ) are not coincident.        

 *** WARNING ***   SUPPRESSED MESSAGE    ELAPSED TIME =      30.299   TIME= 09:57:56
 Nodes I and J of element 401352 ( COMBIN14 ) are not coincident.        

 *** WARNING ***   SUPPRESSED MESSAGE    ELAPSED TIME =      30.299   TIME= 09:57:56
 Nodes I and J of element 401353 ( COMBIN14 ) are not coincident.        

 *** WARNING ***   SUPPRESSED MESSAGE    ELAPSED TIME =      30.299   TIME= 09:57:56
 Nodes I and J of element 401354 ( COMBIN14 ) are not coincident.        

 *** WARNING ***   SUPPRESSED MESSAGE    ELAPSED TIME =      30.299   TIME= 09:57:56
 Nodes I and J of element 401355 ( COMBIN14 ) are not coincident.        

 *** WARNING ***   SUPPRESSED MESSAGE    ELAPSED TIME =      30.299   TIME= 09:57:56
 Nodes I and J of element 401356 ( COMBIN14 ) are not coincident.        

 *** WARNING ***   SUPPRESSED MESSAGE    ELAPSED TIME =      30.299   TIME= 09:57:56
 Nodes I and J of element 401357 ( COMBIN14 ) are not coincident.        

 *** WARNING ***   SUPPRESSED MESSAGE    ELAPSED TIME =      30.299   TIME= 09:57:56
 Nodes I and J of element 401358 ( COMBIN14 ) are not coincident.        

 *** WARNING ***   SUPPRESSED MESSAGE    ELAPSED TIME =      30.299   TIME= 09:57:56
 Nodes I and J of element 401359 ( COMBIN14 ) are not coincident.        

 *** WARNING ***   SUPPRESSED MESSAGE    ELAPSED TIME =      30.299   TIME= 09:57:56
 Nodes I and J of element 401360 ( COMBIN14 ) are not coincident.        

 *** WARNING ***   SUPPRESSED MESSAGE    ELAPSED TIME =      30.299   TIME= 09:57:56
 Nodes I and J of element 401361 ( COMBIN14 ) are not coincident.        

 *** WARNING ***   SUPPRESSED MESSAGE    ELAPSED TIME =      30.299   TIME= 09:57:56
 Nodes I and J of element 401362 ( COMBIN14 ) are not coincident.        

 *** WARNING ***   SUPPRESSED MESSAGE    ELAPSED TIME =      30.299   TIME= 09:57:56
 Nodes I and J of element 401363 ( COMBIN14 ) are not coincident.        

 *** WARNING ***   SUPPRESSED MESSAGE    ELAPSED TIME =      30.299   TIME= 09:57:56
 Nodes I and J of element 401364 ( COMBIN14 ) are not coincident.        

 *** WARNING ***   SUPPRESSED MESSAGE    ELAPSED TIME =      30.299   TIME= 09:57:56
 Nodes I and J of element 401365 ( COMBIN14 ) are not coincident.        

 *** WARNING ***   SUPPRESSED MESSAGE    ELAPSED TIME =      30.299   TIME= 09:57:56
 Nodes I and J of element 401366 ( COMBIN14 ) are not coincident.        

 *** WARNING ***   SUPPRESSED MESSAGE    ELAPSED TIME =      30.299   TIME= 09:57:56
 Nodes I and J of element 401367 ( COMBIN14 ) are not coincident.        

 *** WARNING ***   SUPPRESSED MESSAGE    ELAPSED TIME =      30.299   TIME= 09:57:56
 Nodes I and J of element 401368 ( COMBIN14 ) are not coincident.        

 *** WARNING ***   SUPPRESSED MESSAGE    ELAPSED TIME =      30.299   TIME= 09:57:56
 Nodes I and J of element 401369 ( COMBIN14 ) are not coincident.        

 *** WARNING ***   SUPPRESSED MESSAGE    ELAPSED TIME =      30.299   TIME= 09:57:56
 Nodes I and J of element 401370 ( COMBIN14 ) are not coincident.        

 *** WARNING ***   SUPPRESSED MESSAGE    ELAPSED TIME =      30.299   TIME= 09:57:56
 Nodes I and J of element 401371 ( COMBIN14 ) are not coincident.        

 *** WARNING ***   SUPPRESSED MESSAGE    ELAPSED TIME =      30.299   TIME= 09:57:56
 Nodes I and J of element 401372 ( COMBIN14 ) are not coincident.        

 *** WARNING ***   SUPPRESSED MESSAGE    ELAPSED TIME =      30.299   TIME= 09:57:56
 Nodes I and J of element 401373 ( COMBIN14 ) are not coincident.        

 *** WARNING ***   SUPPRESSED MESSAGE    ELAPSED TIME =      30.299   TIME= 09:57:56
 Nodes I and J of element 401374 ( COMBIN14 ) are not coincident.        

 *** WARNING ***   SUPPRESSED MESSAGE    ELAPSED TIME =      30.299   TIME= 09:57:56
 Nodes I and J of element 401375 ( COMBIN14 ) are not coincident.        

 *** WARNING ***   SUPPRESSED MESSAGE    ELAPSED TIME =      30.299   TIME= 09:57:56
 Nodes I and J of element 401376 ( COMBIN14 ) are not coincident.        

 *** WARNING ***   SUPPRESSED MESSAGE    ELAPSED TIME =      30.299   TIME= 09:57:56
 Nodes I and J of element 401377 ( COMBIN14 ) are not coincident.        

 *** WARNING ***   SUPPRESSED MESSAGE    ELAPSED TIME =      30.299   TIME= 09:57:56
 Nodes I and J of element 401378 ( COMBIN14 ) are not coincident.        

 *** WARNING ***   SUPPRESSED MESSAGE    ELAPSED TIME =      30.299   TIME= 09:57:56
 Nodes I and J of element 401379 ( COMBIN14 ) are not coincident.        

 *** WARNING ***   SUPPRESSED MESSAGE    ELAPSED TIME =      30.299   TIME= 09:57:56
 Nodes I and J of element 401380 ( COMBIN14 ) are not coincident.        

 *** WARNING ***   SUPPRESSED MESSAGE    ELAPSED TIME =      30.299   TIME= 09:57:56
 Nodes I and J of element 401381 ( COMBIN14 ) are not coincident.        

 *** WARNING ***   SUPPRESSED MESSAGE    ELAPSED TIME =      30.299   TIME= 09:57:56
 Nodes I and J of element 401382 ( COMBIN14 ) are not coincident.        

 *** WARNING ***   SUPPRESSED MESSAGE    ELAPSED TIME =      30.299   TIME= 09:57:56
 Nodes I and J of element 401383 ( COMBIN14 ) are not coincident.        

 *** WARNING ***   SUPPRESSED MESSAGE    ELAPSED TIME =      30.299   TIME= 09:57:56
 Nodes I and J of element 401384 ( COMBIN14 ) are not coincident.        

 *** WARNING ***   SUPPRESSED MESSAGE    ELAPSED TIME =      30.299   TIME= 09:57:56
 Nodes I and J of element 401385 ( COMBIN14 ) are not coincident.        

 *** WARNING ***   SUPPRESSED MESSAGE    ELAPSED TIME =      30.299   TIME= 09:57:56
 Nodes I and J of element 401386 ( COMBIN14 ) are not coincident.        

 *** WARNING ***   SUPPRESSED MESSAGE    ELAPSED TIME =      30.299   TIME= 09:57:56
 Nodes I and J of element 401387 ( COMBIN14 ) are not coincident.        

 *** WARNING ***   SUPPRESSED MESSAGE    ELAPSED TIME =      30.299   TIME= 09:57:56
 Nodes I and J of element 401388 ( COMBIN14 ) are not coincident.        

 *** WARNING ***   SUPPRESSED MESSAGE    ELAPSED TIME =      30.299   TIME= 09:57:56
 Nodes I and J of element 401389 ( COMBIN14 ) are not coincident.        

 *** WARNING ***   SUPPRESSED MESSAGE    ELAPSED TIME =      30.299   TIME= 09:57:56
 Nodes I and J of element 401390 ( COMBIN14 ) are not coincident.        

 *** WARNING ***   SUPPRESSED MESSAGE    ELAPSED TIME =      30.299   TIME= 09:57:56
 Nodes I and J of element 401391 ( COMBIN14 ) are not coincident.        

 *** WARNING ***   SUPPRESSED MESSAGE    ELAPSED TIME =      30.299   TIME= 09:57:56
 Nodes I and J of element 401392 ( COMBIN14 ) are not coincident.        

 *** WARNING ***   SUPPRESSED MESSAGE    ELAPSED TIME =      30.299   TIME= 09:57:56
 Nodes I and J of element 401393 ( COMBIN14 ) are not coincident.        

 *** WARNING ***   SUPPRESSED MESSAGE    ELAPSED TIME =      30.299   TIME= 09:57:56
 Nodes I and J of element 401394 ( COMBIN14 ) are not coincident.        

 *** WARNING ***   SUPPRESSED MESSAGE    ELAPSED TIME =      30.299   TIME= 09:57:56
 Nodes I and J of element 401395 ( COMBIN14 ) are not coincident.        

 *** WARNING ***   SUPPRESSED MESSAGE    ELAPSED TIME =      30.299   TIME= 09:57:56
 Nodes I and J of element 401396 ( COMBIN14 ) are not coincident.        

 *** WARNING ***   SUPPRESSED MESSAGE    ELAPSED TIME =      30.299   TIME= 09:57:56
 Nodes I and J of element 401397 ( COMBIN14 ) are not coincident.        

 *** WARNING ***   SUPPRESSED MESSAGE    ELAPSED TIME =      30.299   TIME= 09:57:56
 Nodes I and J of element 401398 ( COMBIN14 ) are not coincident.        

 *** WARNING ***   SUPPRESSED MESSAGE    ELAPSED TIME =      30.299   TIME= 09:57:56
 Nodes I and J of element 401399 ( COMBIN14 ) are not coincident.        

 *** WARNING ***   SUPPRESSED MESSAGE    ELAPSED TIME =      30.299   TIME= 09:57:56
 Nodes I and J of element 401400 ( COMBIN14 ) are not coincident.        

 *** WARNING ***   SUPPRESSED MESSAGE    ELAPSED TIME =      30.299   TIME= 09:57:56
 Nodes I and J of element 401401 ( COMBIN14 ) are not coincident.        

 *** WARNING ***   SUPPRESSED MESSAGE    ELAPSED TIME =      30.299   TIME= 09:57:56
 Nodes I and J of element 401402 ( COMBIN14 ) are not coincident.        

 *** WARNING ***   SUPPRESSED MESSAGE    ELAPSED TIME =      30.299   TIME= 09:57:56
 Nodes I and J of element 401403 ( COMBIN14 ) are not coincident.        

 *** WARNING ***   SUPPRESSED MESSAGE    ELAPSED TIME =      30.299   TIME= 09:57:56
 Nodes I and J of element 401404 ( COMBIN14 ) are not coincident.        

 *** WARNING ***   SUPPRESSED MESSAGE    ELAPSED TIME =      30.299   TIME= 09:57:56
 Nodes I and J of element 401405 ( COMBIN14 ) are not coincident.        

 *** WARNING ***   SUPPRESSED MESSAGE    ELAPSED TIME =      30.299   TIME= 09:57:56
 Nodes I and J of element 401406 ( COMBIN14 ) are not coincident.        

 *** WARNING ***   SUPPRESSED MESSAGE    ELAPSED TIME =      30.299   TIME= 09:57:56
 Nodes I and J of element 401407 ( COMBIN14 ) are not coincident.        

 *** WARNING ***   SUPPRESSED MESSAGE    ELAPSED TIME =      30.299   TIME= 09:57:56
 Nodes I and J of element 401408 ( COMBIN14 ) are not coincident.        

 *** WARNING ***   SUPPRESSED MESSAGE    ELAPSED TIME =      30.299   TIME= 09:57:56
 Nodes I and J of element 401409 ( COMBIN14 ) are not coincident.        

 *** WARNING ***   SUPPRESSED MESSAGE    ELAPSED TIME =      30.299   TIME= 09:57:56
 Nodes I and J of element 401410 ( COMBIN14 ) are not coincident.        

 *** WARNING ***   SUPPRESSED MESSAGE    ELAPSED TIME =      30.299   TIME= 09:57:56
 Nodes I and J of element 401411 ( COMBIN14 ) are not coincident.        

 *** WARNING ***   SUPPRESSED MESSAGE    ELAPSED TIME =      30.299   TIME= 09:57:56
 Nodes I and J of element 401412 ( COMBIN14 ) are not coincident.        

 *** WARNING ***   SUPPRESSED MESSAGE    ELAPSED TIME =      30.299   TIME= 09:57:56
 Nodes I and J of element 401413 ( COMBIN14 ) are not coincident.        

 *** WARNING ***   SUPPRESSED MESSAGE    ELAPSED TIME =      30.299   TIME= 09:57:56
 Nodes I and J of element 401414 ( COMBIN14 ) are not coincident.        

 *** WARNING ***   SUPPRESSED MESSAGE    ELAPSED TIME =      30.299   TIME= 09:57:56
 Nodes I and J of element 401415 ( COMBIN14 ) are not coincident.        

 *** WARNING ***   SUPPRESSED MESSAGE    ELAPSED TIME =      30.299   TIME= 09:57:56
 Nodes I and J of element 401416 ( COMBIN14 ) are not coincident.        

 *** WARNING ***   SUPPRESSED MESSAGE    ELAPSED TIME =      30.299   TIME= 09:57:56
 Nodes I and J of element 401417 ( COMBIN14 ) are not coincident.        

 *** WARNING ***   SUPPRESSED MESSAGE    ELAPSED TIME =      30.299   TIME= 09:57:56
 Nodes I and J of element 401418 ( COMBIN14 ) are not coincident.        

 *** WARNING ***   SUPPRESSED MESSAGE    ELAPSED TIME =      30.299   TIME= 09:57:56
 Nodes I and J of element 401419 ( COMBIN14 ) are not coincident.        

 *** WARNING ***   SUPPRESSED MESSAGE    ELAPSED TIME =      30.299   TIME= 09:57:56
 Nodes I and J of element 401420 ( COMBIN14 ) are not coincident.        

 *** WARNING ***   SUPPRESSED MESSAGE    ELAPSED TIME =      30.300   TIME= 09:57:56
 Nodes I and J of element 401421 ( COMBIN14 ) are not coincident.        

 *** WARNING ***   SUPPRESSED MESSAGE    ELAPSED TIME =      30.300   TIME= 09:57:56
 Nodes I and J of element 401422 ( COMBIN14 ) are not coincident.        

 *** WARNING ***   SUPPRESSED MESSAGE    ELAPSED TIME =      30.300   TIME= 09:57:56
 Nodes I and J of element 401423 ( COMBIN14 ) are not coincident.        

 *** WARNING ***   SUPPRESSED MESSAGE    ELAPSED TIME =      30.300   TIME= 09:57:56
 Nodes I and J of element 401424 ( COMBIN14 ) are not coincident.        

 *** WARNING ***   SUPPRESSED MESSAGE    ELAPSED TIME =      30.300   TIME= 09:57:56
 Nodes I and J of element 401425 ( COMBIN14 ) are not coincident.        

 *** WARNING ***   SUPPRESSED MESSAGE    ELAPSED TIME =      30.300   TIME= 09:57:56
 Nodes I and J of element 401426 ( COMBIN14 ) are not coincident.        

 *** WARNING ***   SUPPRESSED MESSAGE    ELAPSED TIME =      30.300   TIME= 09:57:56
 Nodes I and J of element 401427 ( COMBIN14 ) are not coincident.        

 *** WARNING ***   SUPPRESSED MESSAGE    ELAPSED TIME =      30.300   TIME= 09:57:56
 Nodes I and J of element 401428 ( COMBIN14 ) are not coincident.        

 *** WARNING ***   SUPPRESSED MESSAGE    ELAPSED TIME =      30.300   TIME= 09:57:56
 Nodes I and J of element 401429 ( COMBIN14 ) are not coincident.        

 *** WARNING ***   SUPPRESSED MESSAGE    ELAPSED TIME =      30.300   TIME= 09:57:56
 Nodes I and J of element 401430 ( COMBIN14 ) are not coincident.        

 *** WARNING ***   SUPPRESSED MESSAGE    ELAPSED TIME =      30.300   TIME= 09:57:56
 Nodes I and J of element 401431 ( COMBIN14 ) are not coincident.        

 *** WARNING ***   SUPPRESSED MESSAGE    ELAPSED TIME =      30.300   TIME= 09:57:56
 Nodes I and J of element 401432 ( COMBIN14 ) are not coincident.        

 *** WARNING ***   SUPPRESSED MESSAGE    ELAPSED TIME =      30.300   TIME= 09:57:56
 Nodes I and J of element 401433 ( COMBIN14 ) are not coincident.        

 *** WARNING ***   SUPPRESSED MESSAGE    ELAPSED TIME =      30.300   TIME= 09:57:56
 Nodes I and J of element 401434 ( COMBIN14 ) are not coincident.        

 *** WARNING ***   SUPPRESSED MESSAGE    ELAPSED TIME =      30.300   TIME= 09:57:56
 Nodes I and J of element 401435 ( COMBIN14 ) are not coincident.        

 *** WARNING ***   SUPPRESSED MESSAGE    ELAPSED TIME =      30.300   TIME= 09:57:56
 Nodes I and J of element 401436 ( COMBIN14 ) are not coincident.        

 *** WARNING ***   SUPPRESSED MESSAGE    ELAPSED TIME =      30.300   TIME= 09:57:56
 Nodes I and J of element 401437 ( COMBIN14 ) are not coincident.        

 *** WARNING ***   SUPPRESSED MESSAGE    ELAPSED TIME =      30.300   TIME= 09:57:56
 Nodes I and J of element 401438 ( COMBIN14 ) are not coincident.        

 *** WARNING ***   SUPPRESSED MESSAGE    ELAPSED TIME =      30.300   TIME= 09:57:56
 Nodes I and J of element 401439 ( COMBIN14 ) are not coincident.        

 *** WARNING ***   SUPPRESSED MESSAGE    ELAPSED TIME =      30.300   TIME= 09:57:56
 Nodes I and J of element 401440 ( COMBIN14 ) are not coincident.        

 *** WARNING ***   SUPPRESSED MESSAGE    ELAPSED TIME =      30.300   TIME= 09:57:56
 Nodes I and J of element 401441 ( COMBIN14 ) are not coincident.        

 *** WARNING ***   SUPPRESSED MESSAGE    ELAPSED TIME =      30.300   TIME= 09:57:56
 Nodes I and J of element 401442 ( COMBIN14 ) are not coincident.        

 *** WARNING ***   SUPPRESSED MESSAGE    ELAPSED TIME =      30.300   TIME= 09:57:56
 Nodes I and J of element 401443 ( COMBIN14 ) are not coincident.        

 *** WARNING ***   SUPPRESSED MESSAGE    ELAPSED TIME =      30.300   TIME= 09:57:56
 Nodes I and J of element 401444 ( COMBIN14 ) are not coincident.        

 *** WARNING ***   SUPPRESSED MESSAGE    ELAPSED TIME =      30.300   TIME= 09:57:56
 Nodes I and J of element 401445 ( COMBIN14 ) are not coincident.        

 *** WARNING ***   SUPPRESSED MESSAGE    ELAPSED TIME =      30.300   TIME= 09:57:56
 Nodes I and J of element 401446 ( COMBIN14 ) are not coincident.        

 *** WARNING ***   SUPPRESSED MESSAGE    ELAPSED TIME =      30.300   TIME= 09:57:56
 Nodes I and J of element 401447 ( COMBIN14 ) are not coincident.        

 *** WARNING ***   SUPPRESSED MESSAGE    ELAPSED TIME =      30.300   TIME= 09:57:56
 Nodes I and J of element 401448 ( COMBIN14 ) are not coincident.        

 *** WARNING ***   SUPPRESSED MESSAGE    ELAPSED TIME =      30.300   TIME= 09:57:56
 Nodes I and J of element 401449 ( COMBIN14 ) are not coincident.        

 *** WARNING ***   SUPPRESSED MESSAGE    ELAPSED TIME =      30.300   TIME= 09:57:56
 Nodes I and J of element 401450 ( COMBIN14 ) are not coincident.        

 *** WARNING ***   SUPPRESSED MESSAGE    ELAPSED TIME =      30.300   TIME= 09:57:56
 Nodes I and J of element 401451 ( COMBIN14 ) are not coincident.        

 *** WARNING ***   SUPPRESSED MESSAGE    ELAPSED TIME =      30.300   TIME= 09:57:56
 Nodes I and J of element 401452 ( COMBIN14 ) are not coincident.        

 *** WARNING ***   SUPPRESSED MESSAGE    ELAPSED TIME =      30.300   TIME= 09:57:56
 Nodes I and J of element 401453 ( COMBIN14 ) are not coincident.        

 *** WARNING ***   SUPPRESSED MESSAGE    ELAPSED TIME =      30.300   TIME= 09:57:56
 Nodes I and J of element 401454 ( COMBIN14 ) are not coincident.        

 *** WARNING ***   SUPPRESSED MESSAGE    ELAPSED TIME =      30.300   TIME= 09:57:56
 Nodes I and J of element 401455 ( COMBIN14 ) are not coincident.        

 *** WARNING ***   SUPPRESSED MESSAGE    ELAPSED TIME =      30.300   TIME= 09:57:56
 Nodes I and J of element 401456 ( COMBIN14 ) are not coincident.        

 *** WARNING ***   SUPPRESSED MESSAGE    ELAPSED TIME =      30.300   TIME= 09:57:56
 Nodes I and J of element 401457 ( COMBIN14 ) are not coincident.        

 *** WARNING ***   SUPPRESSED MESSAGE    ELAPSED TIME =      30.300   TIME= 09:57:56
 Nodes I and J of element 401458 ( COMBIN14 ) are not coincident.        

 *** WARNING ***   SUPPRESSED MESSAGE    ELAPSED TIME =      30.300   TIME= 09:57:56
 Nodes I and J of element 401459 ( COMBIN14 ) are not coincident.        

 *** WARNING ***   SUPPRESSED MESSAGE    ELAPSED TIME =      30.300   TIME= 09:57:56
 Nodes I and J of element 401460 ( COMBIN14 ) are not coincident.        

 *** WARNING ***   SUPPRESSED MESSAGE    ELAPSED TIME =      30.300   TIME= 09:57:56
 Nodes I and J of element 401461 ( COMBIN14 ) are not coincident.        

 *** WARNING ***   SUPPRESSED MESSAGE    ELAPSED TIME =      30.300   TIME= 09:57:56
 Nodes I and J of element 401462 ( COMBIN14 ) are not coincident.        

 *** WARNING ***   SUPPRESSED MESSAGE    ELAPSED TIME =      30.300   TIME= 09:57:56
 Nodes I and J of element 401463 ( COMBIN14 ) are not coincident.        

 *** WARNING ***   SUPPRESSED MESSAGE    ELAPSED TIME =      30.300   TIME= 09:57:56
 Nodes I and J of element 401464 ( COMBIN14 ) are not coincident.        

 *** WARNING ***   SUPPRESSED MESSAGE    ELAPSED TIME =      30.300   TIME= 09:57:56
 Nodes I and J of element 401465 ( COMBIN14 ) are not coincident.        

 *** WARNING ***   SUPPRESSED MESSAGE    ELAPSED TIME =      30.300   TIME= 09:57:56
 Nodes I and J of element 401466 ( COMBIN14 ) are not coincident.        

 *** WARNING ***   SUPPRESSED MESSAGE    ELAPSED TIME =      30.300   TIME= 09:57:56
 Nodes I and J of element 401467 ( COMBIN14 ) are not coincident.        

 *** WARNING ***   SUPPRESSED MESSAGE    ELAPSED TIME =      30.300   TIME= 09:57:56
 Nodes I and J of element 401468 ( COMBIN14 ) are not coincident.        

 *** WARNING ***   SUPPRESSED MESSAGE    ELAPSED TIME =      30.300   TIME= 09:57:56
 Nodes I and J of element 401469 ( COMBIN14 ) are not coincident.        

 *** WARNING ***   SUPPRESSED MESSAGE    ELAPSED TIME =      30.300   TIME= 09:57:56
 Nodes I and J of element 401470 ( COMBIN14 ) are not coincident.        

 *** WARNING ***   SUPPRESSED MESSAGE    ELAPSED TIME =      30.300   TIME= 09:57:56
 Nodes I and J of element 401471 ( COMBIN14 ) are not coincident.        

 *** WARNING ***   SUPPRESSED MESSAGE    ELAPSED TIME =      30.300   TIME= 09:57:56
 Nodes I and J of element 401472 ( COMBIN14 ) are not coincident.        

 *** WARNING ***   SUPPRESSED MESSAGE    ELAPSED TIME =      30.300   TIME= 09:57:56
 Nodes I and J of element 401473 ( COMBIN14 ) are not coincident.        

 *** WARNING ***   SUPPRESSED MESSAGE    ELAPSED TIME =      30.300   TIME= 09:57:56
 Nodes I and J of element 401474 ( COMBIN14 ) are not coincident.        

 *** WARNING ***   SUPPRESSED MESSAGE    ELAPSED TIME =      30.300   TIME= 09:57:56
 Nodes I and J of element 401475 ( COMBIN14 ) are not coincident.        

 *** WARNING ***   SUPPRESSED MESSAGE    ELAPSED TIME =      30.300   TIME= 09:57:56
 Nodes I and J of element 401476 ( COMBIN14 ) are not coincident.        

 *** WARNING ***   SUPPRESSED MESSAGE    ELAPSED TIME =      30.300   TIME= 09:57:56
 Nodes I and J of element 401477 ( COMBIN14 ) are not coincident.        

 *** WARNING ***   SUPPRESSED MESSAGE    ELAPSED TIME =      30.300   TIME= 09:57:56
 Nodes I and J of element 401478 ( COMBIN14 ) are not coincident.        

 *** WARNING ***   SUPPRESSED MESSAGE    ELAPSED TIME =      30.300   TIME= 09:57:56
 Nodes I and J of element 401479 ( COMBIN14 ) are not coincident.        

 *** WARNING ***   SUPPRESSED MESSAGE    ELAPSED TIME =      30.300   TIME= 09:57:56
 Nodes I and J of element 401480 ( COMBIN14 ) are not coincident.        

 *** WARNING ***   SUPPRESSED MESSAGE    ELAPSED TIME =      30.300   TIME= 09:57:56
 Nodes I and J of element 401481 ( COMBIN14 ) are not coincident.        

 *** WARNING ***   SUPPRESSED MESSAGE    ELAPSED TIME =      30.300   TIME= 09:57:56
 Nodes I and J of element 401482 ( COMBIN14 ) are not coincident.        

 *** WARNING ***   SUPPRESSED MESSAGE    ELAPSED TIME =      30.300   TIME= 09:57:56
 Nodes I and J of element 401483 ( COMBIN14 ) are not coincident.        

 *** WARNING ***   SUPPRESSED MESSAGE    ELAPSED TIME =      30.300   TIME= 09:57:56
 Nodes I and J of element 401484 ( COMBIN14 ) are not coincident.        

 *** WARNING ***   SUPPRESSED MESSAGE    ELAPSED TIME =      30.300   TIME= 09:57:56
 Nodes I and J of element 401485 ( COMBIN14 ) are not coincident.        

 *** WARNING ***   SUPPRESSED MESSAGE    ELAPSED TIME =      30.300   TIME= 09:57:56
 Nodes I and J of element 401486 ( COMBIN14 ) are not coincident.        

 *** WARNING ***   SUPPRESSED MESSAGE    ELAPSED TIME =      30.300   TIME= 09:57:56
 Nodes I and J of element 401487 ( COMBIN14 ) are not coincident.        

 *** WARNING ***   SUPPRESSED MESSAGE    ELAPSED TIME =      30.300   TIME= 09:57:56
 Nodes I and J of element 401488 ( COMBIN14 ) are not coincident.        

 *** WARNING ***   SUPPRESSED MESSAGE    ELAPSED TIME =      30.300   TIME= 09:57:56
 Nodes I and J of element 401489 ( COMBIN14 ) are not coincident.        

 *** WARNING ***   SUPPRESSED MESSAGE    ELAPSED TIME =      30.300   TIME= 09:57:56
 Nodes I and J of element 401490 ( COMBIN14 ) are not coincident.        

 *** WARNING ***   SUPPRESSED MESSAGE    ELAPSED TIME =      30.300   TIME= 09:57:56
 Nodes I and J of element 401491 ( COMBIN14 ) are not coincident.        

 *** WARNING ***   SUPPRESSED MESSAGE    ELAPSED TIME =      30.300   TIME= 09:57:56
 Nodes I and J of element 401492 ( COMBIN14 ) are not coincident.        

 *** WARNING ***   SUPPRESSED MESSAGE    ELAPSED TIME =      30.300   TIME= 09:57:56
 Nodes I and J of element 401493 ( COMBIN14 ) are not coincident.        

 *** WARNING ***   SUPPRESSED MESSAGE    ELAPSED TIME =      30.300   TIME= 09:57:56
 Nodes I and J of element 401494 ( COMBIN14 ) are not coincident.        

 *** WARNING ***   SUPPRESSED MESSAGE    ELAPSED TIME =      30.300   TIME= 09:57:56
 Nodes I and J of element 401495 ( COMBIN14 ) are not coincident.        

 *** WARNING ***   SUPPRESSED MESSAGE    ELAPSED TIME =      30.300   TIME= 09:57:56
 Nodes I and J of element 401496 ( COMBIN14 ) are not coincident.        

 *** WARNING ***   SUPPRESSED MESSAGE    ELAPSED TIME =      30.300   TIME= 09:57:56
 Nodes I and J of element 401497 ( COMBIN14 ) are not coincident.        

 *** WARNING ***   SUPPRESSED MESSAGE    ELAPSED TIME =      30.300   TIME= 09:57:56
 Nodes I and J of element 401498 ( COMBIN14 ) are not coincident.        

 *** WARNING ***   SUPPRESSED MESSAGE    ELAPSED TIME =      30.300   TIME= 09:57:56
 Nodes I and J of element 401499 ( COMBIN14 ) are not coincident.        

 *** WARNING ***   SUPPRESSED MESSAGE    ELAPSED TIME =      30.300   TIME= 09:57:56
 Nodes I and J of element 401500 ( COMBIN14 ) are not coincident.        

 *** WARNING ***   SUPPRESSED MESSAGE    ELAPSED TIME =      30.300   TIME= 09:57:56
 Nodes I and J of element 401501 ( COMBIN14 ) are not coincident.        

 *** WARNING ***   SUPPRESSED MESSAGE    ELAPSED TIME =      30.300   TIME= 09:57:56
 Nodes I and J of element 401502 ( COMBIN14 ) are not coincident.        

 *** WARNING ***   SUPPRESSED MESSAGE    ELAPSED TIME =      30.300   TIME= 09:57:56
 Nodes I and J of element 401503 ( COMBIN14 ) are not coincident.        

 *** WARNING ***   SUPPRESSED MESSAGE    ELAPSED TIME =      30.300   TIME= 09:57:56
 Nodes I and J of element 401504 ( COMBIN14 ) are not coincident.        

 *** WARNING ***   SUPPRESSED MESSAGE    ELAPSED TIME =      30.300   TIME= 09:57:56
 Nodes I and J of element 401505 ( COMBIN14 ) are not coincident.        

 *** WARNING ***   SUPPRESSED MESSAGE    ELAPSED TIME =      30.300   TIME= 09:57:56
 Nodes I and J of element 401506 ( COMBIN14 ) are not coincident.        

 *** WARNING ***   SUPPRESSED MESSAGE    ELAPSED TIME =      30.300   TIME= 09:57:56
 Nodes I and J of element 401507 ( COMBIN14 ) are not coincident.        

 *** WARNING ***   SUPPRESSED MESSAGE    ELAPSED TIME =      30.300   TIME= 09:57:56
 Nodes I and J of element 401508 ( COMBIN14 ) are not coincident.        

 *** WARNING ***   SUPPRESSED MESSAGE    ELAPSED TIME =      30.300   TIME= 09:57:56
 Nodes I and J of element 401509 ( COMBIN14 ) are not coincident.        

 *** WARNING ***   SUPPRESSED MESSAGE    ELAPSED TIME =      30.300   TIME= 09:57:56
 Nodes I and J of element 401510 ( COMBIN14 ) are not coincident.        

 *** WARNING ***   SUPPRESSED MESSAGE    ELAPSED TIME =      30.300   TIME= 09:57:56
 Nodes I and J of element 401511 ( COMBIN14 ) are not coincident.        

 *** WARNING ***   SUPPRESSED MESSAGE    ELAPSED TIME =      30.300   TIME= 09:57:56
 Nodes I and J of element 401512 ( COMBIN14 ) are not coincident.        

 *** WARNING ***   SUPPRESSED MESSAGE    ELAPSED TIME =      30.300   TIME= 09:57:56
 Nodes I and J of element 401513 ( COMBIN14 ) are not coincident.        

 *** WARNING ***   SUPPRESSED MESSAGE    ELAPSED TIME =      30.300   TIME= 09:57:56
 Nodes I and J of element 401514 ( COMBIN14 ) are not coincident.        

 *** WARNING ***   SUPPRESSED MESSAGE    ELAPSED TIME =      30.300   TIME= 09:57:56
 Nodes I and J of element 401515 ( COMBIN14 ) are not coincident.        

 *** WARNING ***   SUPPRESSED MESSAGE    ELAPSED TIME =      30.300   TIME= 09:57:56
 Nodes I and J of element 401516 ( COMBIN14 ) are not coincident.        

 *** WARNING ***   SUPPRESSED MESSAGE    ELAPSED TIME =      30.300   TIME= 09:57:56
 Nodes I and J of element 401517 ( COMBIN14 ) are not coincident.        

 *** WARNING ***   SUPPRESSED MESSAGE    ELAPSED TIME =      30.300   TIME= 09:57:56
 Nodes I and J of element 401518 ( COMBIN14 ) are not coincident.        

 *** WARNING ***   SUPPRESSED MESSAGE    ELAPSED TIME =      30.300   TIME= 09:57:56
 Nodes I and J of element 401519 ( COMBIN14 ) are not coincident.        

 *** WARNING ***   SUPPRESSED MESSAGE    ELAPSED TIME =      30.300   TIME= 09:57:56
 Nodes I and J of element 401520 ( COMBIN14 ) are not coincident.        

 *** WARNING ***   SUPPRESSED MESSAGE    ELAPSED TIME =      30.301   TIME= 09:57:56
 Nodes I and J of element 401521 ( COMBIN14 ) are not coincident.        

 *** WARNING ***   SUPPRESSED MESSAGE    ELAPSED TIME =      30.301   TIME= 09:57:56
 Nodes I and J of element 401522 ( COMBIN14 ) are not coincident.        

 *** WARNING ***   SUPPRESSED MESSAGE    ELAPSED TIME =      30.301   TIME= 09:57:56
 Nodes I and J of element 401523 ( COMBIN14 ) are not coincident.        

 *** WARNING ***   SUPPRESSED MESSAGE    ELAPSED TIME =      30.301   TIME= 09:57:56
 Nodes I and J of element 401524 ( COMBIN14 ) are not coincident.        

 *** WARNING ***   SUPPRESSED MESSAGE    ELAPSED TIME =      30.301   TIME= 09:57:56
 Nodes I and J of element 401525 ( COMBIN14 ) are not coincident.        

 *** WARNING ***   SUPPRESSED MESSAGE    ELAPSED TIME =      30.301   TIME= 09:57:56
 Nodes I and J of element 401526 ( COMBIN14 ) are not coincident.        

 *** WARNING ***   SUPPRESSED MESSAGE    ELAPSED TIME =      30.301   TIME= 09:57:56
 Nodes I and J of element 401527 ( COMBIN14 ) are not coincident.        

 *** WARNING ***   SUPPRESSED MESSAGE    ELAPSED TIME =      30.301   TIME= 09:57:56
 Nodes I and J of element 401528 ( COMBIN14 ) are not coincident.        

 *** WARNING ***   SUPPRESSED MESSAGE    ELAPSED TIME =      30.301   TIME= 09:57:56
 Nodes I and J of element 401529 ( COMBIN14 ) are not coincident.        

 *** WARNING ***   SUPPRESSED MESSAGE    ELAPSED TIME =      30.301   TIME= 09:57:56
 Nodes I and J of element 401530 ( COMBIN14 ) are not coincident.        

 *** WARNING ***   SUPPRESSED MESSAGE    ELAPSED TIME =      30.301   TIME= 09:57:56
 Nodes I and J of element 401531 ( COMBIN14 ) are not coincident.        

 *** WARNING ***   SUPPRESSED MESSAGE    ELAPSED TIME =      30.301   TIME= 09:57:56
 Nodes I and J of element 401532 ( COMBIN14 ) are not coincident.        

 *** WARNING ***   SUPPRESSED MESSAGE    ELAPSED TIME =      30.301   TIME= 09:57:56
 Nodes I and J of element 401533 ( COMBIN14 ) are not coincident.        

 *** WARNING ***   SUPPRESSED MESSAGE    ELAPSED TIME =      30.301   TIME= 09:57:56
 Nodes I and J of element 401534 ( COMBIN14 ) are not coincident.        

 *** WARNING ***   SUPPRESSED MESSAGE    ELAPSED TIME =      30.301   TIME= 09:57:56
 Nodes I and J of element 401535 ( COMBIN14 ) are not coincident.        

 *** WARNING ***   SUPPRESSED MESSAGE    ELAPSED TIME =      30.301   TIME= 09:57:56
 Nodes I and J of element 401536 ( COMBIN14 ) are not coincident.        

 *** WARNING ***   SUPPRESSED MESSAGE    ELAPSED TIME =      30.301   TIME= 09:57:56
 Nodes I and J of element 401537 ( COMBIN14 ) are not coincident.        

 *** WARNING ***   SUPPRESSED MESSAGE    ELAPSED TIME =      30.301   TIME= 09:57:56
 Nodes I and J of element 401538 ( COMBIN14 ) are not coincident.        

 *** WARNING ***   SUPPRESSED MESSAGE    ELAPSED TIME =      30.301   TIME= 09:57:56
 Nodes I and J of element 401539 ( COMBIN14 ) are not coincident.        

 *** WARNING ***   SUPPRESSED MESSAGE    ELAPSED TIME =      30.301   TIME= 09:57:56
 Nodes I and J of element 401540 ( COMBIN14 ) are not coincident.        

 *** WARNING ***   SUPPRESSED MESSAGE    ELAPSED TIME =      30.301   TIME= 09:57:56
 Nodes I and J of element 401541 ( COMBIN14 ) are not coincident.        

 *** WARNING ***   SUPPRESSED MESSAGE    ELAPSED TIME =      30.301   TIME= 09:57:56
 Nodes I and J of element 401542 ( COMBIN14 ) are not coincident.        

 *** WARNING ***   SUPPRESSED MESSAGE    ELAPSED TIME =      30.301   TIME= 09:57:56
 Nodes I and J of element 401543 ( COMBIN14 ) are not coincident.        

 *** WARNING ***   SUPPRESSED MESSAGE    ELAPSED TIME =      30.301   TIME= 09:57:56
 Nodes I and J of element 401544 ( COMBIN14 ) are not coincident.        

 *** WARNING ***   SUPPRESSED MESSAGE    ELAPSED TIME =      30.301   TIME= 09:57:56
 Nodes I and J of element 401545 ( COMBIN14 ) are not coincident.        

 *** WARNING ***   SUPPRESSED MESSAGE    ELAPSED TIME =      30.301   TIME= 09:57:56
 Nodes I and J of element 401546 ( COMBIN14 ) are not coincident.        

 *** WARNING ***   SUPPRESSED MESSAGE    ELAPSED TIME =      30.301   TIME= 09:57:56
 Nodes I and J of element 401547 ( COMBIN14 ) are not coincident.        

 *** WARNING ***   SUPPRESSED MESSAGE    ELAPSED TIME =      30.301   TIME= 09:57:56
 Nodes I and J of element 401548 ( COMBIN14 ) are not coincident.        

 *** WARNING ***   SUPPRESSED MESSAGE    ELAPSED TIME =      30.301   TIME= 09:57:56
 Nodes I and J of element 401549 ( COMBIN14 ) are not coincident.        

 *** WARNING ***   SUPPRESSED MESSAGE    ELAPSED TIME =      30.301   TIME= 09:57:56
 Nodes I and J of element 401550 ( COMBIN14 ) are not coincident.        

 *** WARNING ***   SUPPRESSED MESSAGE    ELAPSED TIME =      30.301   TIME= 09:57:56
 Nodes I and J of element 401551 ( COMBIN14 ) are not coincident.        

 *** WARNING ***   SUPPRESSED MESSAGE    ELAPSED TIME =      30.301   TIME= 09:57:56
 Nodes I and J of element 401552 ( COMBIN14 ) are not coincident.        

 *** WARNING ***   SUPPRESSED MESSAGE    ELAPSED TIME =      30.301   TIME= 09:57:56
 Nodes I and J of element 401553 ( COMBIN14 ) are not coincident.        

 *** WARNING ***   SUPPRESSED MESSAGE    ELAPSED TIME =      30.301   TIME= 09:57:56
 Nodes I and J of element 401554 ( COMBIN14 ) are not coincident.        

 *** WARNING ***   SUPPRESSED MESSAGE    ELAPSED TIME =      30.301   TIME= 09:57:56
 Nodes I and J of element 401555 ( COMBIN14 ) are not coincident.        

 *** WARNING ***   SUPPRESSED MESSAGE    ELAPSED TIME =      30.301   TIME= 09:57:56
 Nodes I and J of element 401556 ( COMBIN14 ) are not coincident.        

 *** WARNING ***   SUPPRESSED MESSAGE    ELAPSED TIME =      30.301   TIME= 09:57:56
 Nodes I and J of element 401557 ( COMBIN14 ) are not coincident.        

 *** WARNING ***   SUPPRESSED MESSAGE    ELAPSED TIME =      30.301   TIME= 09:57:56
 Nodes I and J of element 401558 ( COMBIN14 ) are not coincident.        

 *** WARNING ***   SUPPRESSED MESSAGE    ELAPSED TIME =      30.301   TIME= 09:57:56
 Nodes I and J of element 401559 ( COMBIN14 ) are not coincident.        

 *** WARNING ***   SUPPRESSED MESSAGE    ELAPSED TIME =      30.301   TIME= 09:57:56
 Nodes I and J of element 401560 ( COMBIN14 ) are not coincident.        

 *** WARNING ***   SUPPRESSED MESSAGE    ELAPSED TIME =      30.301   TIME= 09:57:56
 Nodes I and J of element 401561 ( COMBIN14 ) are not coincident.        

 *** WARNING ***   SUPPRESSED MESSAGE    ELAPSED TIME =      30.301   TIME= 09:57:56
 Nodes I and J of element 401562 ( COMBIN14 ) are not coincident.        

 *** WARNING ***   SUPPRESSED MESSAGE    ELAPSED TIME =      30.301   TIME= 09:57:56
 Nodes I and J of element 401563 ( COMBIN14 ) are not coincident.        

 *** WARNING ***   SUPPRESSED MESSAGE    ELAPSED TIME =      30.301   TIME= 09:57:56
 Nodes I and J of element 401564 ( COMBIN14 ) are not coincident.        

 *** WARNING ***   SUPPRESSED MESSAGE    ELAPSED TIME =      30.301   TIME= 09:57:56
 Nodes I and J of element 401565 ( COMBIN14 ) are not coincident.        

 *** WARNING ***   SUPPRESSED MESSAGE    ELAPSED TIME =      30.301   TIME= 09:57:56
 Nodes I and J of element 401566 ( COMBIN14 ) are not coincident.        

 *** WARNING ***   SUPPRESSED MESSAGE    ELAPSED TIME =      30.301   TIME= 09:57:56
 Nodes I and J of element 401567 ( COMBIN14 ) are not coincident.        

 *** ERROR ***     SUPPRESSED MESSAGE    ELAPSED TIME =     130.141   TIME= 09:59:35
 Dimensions are not consistent.                                          

 *** WARNING ***   SUPPRESSED MESSAGE    ELAPSED TIME =     130.142   TIME= 09:59:35
 Fewer modes than the requested number of modes ( 80 ) were computed.    
 There are only 0 modes beyond the begin frequency of FREQB= 0.          

 *** WARNING ***   SUPPRESSED MESSAGE    ELAPSED TIME =     132.381   TIME= 09:59:38
 During this session the elapsed time exceeds the CPU time by 31%.  This 
 often indicates either a lack of physical memory (RAM) required to      
 efficiently handle this simulation or a particularly slow hard drive    
 configuration.  This simulation can be expected to run faster on        
 identical hardware if additional RAM or a faster hard drive             
 configuration is made available.  For more details, please see the      
 Mechanical APDL Performance Guide which is part of the Ansys Help       
 system.                                                                 
