case_index,github_scenario_id,i08_case_id,category,confidence,stationarity,stationarity_interpretation,station,response,unit,mean,sigma,raw_rms_convention,mean_plus_3p5sigma,mean_minus_3p5sigma,sample_max,sample_min,first_half_sigma,second_half_sigma,half_sigma_relative_difference,half_mean_difference_over_sigma,stationarity_metric_is_solver_gate
1,site_gb50009_50yr,I08-site_gb50009_50yr-S20260805,design_code,B,stationary_ok,STATIONARY_SPECTRAL_MAPPING,L/4,lateral_common_m,m,19.10779998522893,14.513354269494275,23.99469675631185,69.90453992845889,-31.688939958001036,48.228150071066345,-7.369859436797835,14.161436836505528,14.846425515085832,0.047197130715680685,0.05742602484521147,False
1,site_gb50009_50yr,I08-site_gb50009_50yr-S20260805,design_code,B,stationary_ok,STATIONARY_SPECTRAL_MAPPING,L/2,lateral_common_m,m,25.41298090512228,20.43486922826364,32.609867814211476,96.93502320404502,-46.10906139380046,66.70270021068454,-12.014157729062998,19.964476052568603,20.880982685745447,0.04485013449017899,0.05543046096924501,False
1,site_gb50009_50yr,I08-site_gb50009_50yr-S20260805,design_code,B,stationary_ok,STATIONARY_SPECTRAL_MAPPING,3L/4,lateral_common_m,m,19.10734208013524,14.480565558556272,23.974513556336298,69.7893215350822,-31.574637374811715,50.64551826897577,-6.939149987673275,14.175563682788534,14.765690105820795,0.040752995499099665,0.06450398955587199,False
1,site_gb50009_50yr,I08-site_gb50009_50yr-S20260805,design_code,B,stationary_ok,STATIONARY_SPECTRAL_MAPPING,L/4,vertical_common_m,m,-0.09360198670554752,0.9914280240341826,0.9958367631070613,3.3763960974140916,-3.5636000708251867,2.6454098434995337,-2.3716740335871678,1.0474164305707339,0.9321703578924624,0.11624250059961791,0.0005476291339144768,False
1,site_gb50009_50yr,I08-site_gb50009_50yr-S20260805,design_code,B,stationary_ok,STATIONARY_SPECTRAL_MAPPING,L/2,vertical_common_m,m,-0.12794759521644541,0.5923239782842836,0.6059853813188829,1.9451863287785474,-2.201081519211438,1.5769348194187711,-1.945374842644538,0.6238691501624346,0.5576295925775221,0.11182994444489817,0.09520770634639329,False
1,site_gb50009_50yr,I08-site_gb50009_50yr-S20260805,design_code,B,stationary_ok,STATIONARY_SPECTRAL_MAPPING,3L/4,vertical_common_m,m,-0.09360399811475993,0.9960678326783661,1.000456313768695,3.392633416259521,-3.579841412489041,2.4134167291088904,-2.854042336497679,1.0470747793601638,0.9422949205810078,0.10519349721133878,0.019169847646632075,False
1,site_gb50009_50yr,I08-site_gb50009_50yr-S20260805,design_code,B,stationary_ok,STATIONARY_SPECTRAL_MAPPING,L/4,local_roll_L_deg,deg,2.7679403848778095,1.731044501226381,3.26466063159153,8.826596139170142,-3.290715369414524,6.699141118240773,-1.728625804353587,1.9549873703410663,1.4725867085001758,0.27867606032030223,0.045058711911451305,False
1,site_gb50009_50yr,I08-site_gb50009_50yr-S20260805,design_code,B,stationary_ok,STATIONARY_SPECTRAL_MAPPING,L/2,local_roll_L_deg,deg,1.9108646590060607,0.5580000846189659,1.9906701985695978,3.863864955172441,-0.04213563716031987,3.5931569333245097,0.3615266765141252,0.5356747469800274,0.5781012149330287,0.07603308515978544,0.10236630175946276,False
1,site_gb50009_50yr,I08-site_gb50009_50yr-S20260805,design_code,B,stationary_ok,STATIONARY_SPECTRAL_MAPPING,3L/4,local_roll_L_deg,deg,2.750692155475292,1.7463418036018847,3.2582229864146486,8.862888468081888,-3.3615041571313045,6.319423333457273,-2.1914588539032884,1.9913213438732336,1.454315076368431,0.3075035290326386,0.11317570036347652,False
1,site_gb50009_50yr,I08-site_gb50009_50yr-S20260805,design_code,B,stationary_ok,STATIONARY_SPECTRAL_MAPPING,L/4,local_roll_R_deg,deg,2.767939094087017,1.736351657310866,3.267476687969089,8.845169894675047,-3.3092917065010137,6.462261767905131,-1.9176913428379918,1.9557886780402554,1.4842691093407558,0.2715576460068892,0.03796027588913971,False
1,site_gb50009_50yr,I08-site_gb50009_50yr-S20260805,design_code,B,stationary_ok,STATIONARY_SPECTRAL_MAPPING,L/2,local_roll_R_deg,deg,1.9108628938176264,0.5590791934305483,1.9909712563209008,3.8676400708245455,-0.04591428318929269,3.736666745992072,0.3064413919573843,0.537662338569473,0.5782696156891245,0.07263242416603355,0.10473545206606578,False
1,site_gb50009_50yr,I08-site_gb50009_50yr-S20260805,design_code,B,stationary_ok,STATIONARY_SPECTRAL_MAPPING,3L/4,local_roll_R_deg,deg,2.7506908737407687,1.7402866320633028,3.254980467624804,8.84169408596233,-3.3403123384807913,6.558796534796311,-2.3769973675188543,1.981458685351129,1.4524660296293486,0.3039686945676304,0.12014942191826661,False
1,site_gb50009_50yr,I08-site_gb50009_50yr-S20260805,design_code,B,stationary_ok,STATIONARY_SPECTRAL_MAPPING,L/4,system_roll_deg,deg,0.26079092483409394,1.6656737199163048,1.6859658500976948,6.090648944541161,-5.569067094872973,3.4615818240427547,-3.442261819805858,1.9185239609974152,1.3666632238955247,0.3313138284547227,0.025437954576448284,False
1,site_gb50009_50yr,I08-site_gb50009_50yr-S20260805,design_code,B,stationary_ok,STATIONARY_SPECTRAL_MAPPING,L/2,system_roll_deg,deg,0.38468643441938527,0.43918142609121186,0.5838355743270622,1.9218214257386268,-1.1524485568998564,1.5474459898280206,-0.8777747644972063,0.386665462725508,0.4860713247359808,0.22634350203559744,0.013388253784339992,False
1,site_gb50009_50yr,I08-site_gb50009_50yr-S20260805,design_code,B,stationary_ok,STATIONARY_SPECTRAL_MAPPING,3L/4,system_roll_deg,deg,0.26135585316294857,1.679588475017823,1.699801261146499,6.1399155157253285,-5.617203809399432,3.4915128258447874,-3.4601625684008246,1.944003594339019,1.3640424388588837,0.34529955647259436,0.04409807291534656,False
2,site_gb50009_100yr,I08-site_gb50009_100yr-S20260805,design_code,B,stationary_ok,STATIONARY_SPECTRAL_MAPPING,L/4,lateral_common_m,m,21.306591014382384,16.546945667140776,26.97725396635968,79.2209008493751,-36.60771882061033,54.43644816602091,-8.878407608705501,16.148209206082342,16.92564630990196,0.046983722522487475,0.05447334788792502,False
2,site_gb50009_100yr,I08-site_gb50009_100yr-S20260805,design_code,B,stationary_ok,STATIONARY_SPECTRAL_MAPPING,L/2,lateral_common_m,m,28.3373277415674,23.294824113699757,36.683142913621964,109.86921213951655,-53.19455665638176,75.28639938334449,-14.27161203825819,22.759353943595983,23.804312510937276,0.044857971978708784,0.052733527782362094,False
2,site_gb50009_100yr,I08-site_gb50009_100yr-S20260805,design_code,B,stationary_ok,STATIONARY_SPECTRAL_MAPPING,3L/4,lateral_common_m,m,21.306080416795925,16.50810212932371,26.953042474629036,79.08443786942891,-36.47227703583707,57.17944769918816,-8.320448265925151,16.160822569790128,16.834340130024444,0.04079921210554737,0.061359932634864174,False
2,site_gb50009_100yr,I08-site_gb50009_100yr-S20260805,design_code,B,stationary_ok,STATIONARY_SPECTRAL_MAPPING,L/4,vertical_common_m,m,-0.10437304401398685,1.1323078961682094,1.1371081320796286,3.858704592574746,-4.06745068060272,3.0062073731883148,-2.7135993361954815,1.1959347391806177,1.0649858054255243,0.11564781469618955,0.0014775647660671752,False
2,site_gb50009_100yr,I08-site_gb50009_100yr-S20260805,design_code,B,stationary_ok,STATIONARY_SPECTRAL_MAPPING,L/2,vertical_common_m,m,-0.14267090322580062,0.6789260591009867,0.6937546975362849,2.2335703036276526,-2.518912110079254,1.8135236391461016,-2.224643775799158,0.715262626482243,0.6390883865178761,0.11219813843238617,0.09134712099333621,False
2,site_gb50009_100yr,I08-site_gb50009_100yr-S20260805,design_code,B,stationary_ok,STATIONARY_SPECTRAL_MAPPING,3L/4,vertical_common_m,m,-0.10437528688200338,1.137739080713975,1.1425167028519019,3.8777114956169085,-4.086462069380915,2.7706111511588483,-3.242932570766007,1.1956183865134289,1.0767622609615155,0.10446694463314612,0.017396887718462508,False
2,site_gb50009_100yr,I08-site_gb50009_100yr-S20260805,design_code,B,stationary_ok,STATIONARY_SPECTRAL_MAPPING,L/4,local_roll_L_deg,deg,3.0864554673156435,1.9116087019027839,3.6304896613147206,9.777085923975386,-3.6041749893441,7.493698533659677,-1.9500488605307118,2.153846999048827,1.6329728245645279,0.2724794953935026,0.04343522026090545,False
2,site_gb50009_100yr,I08-site_gb50009_100yr-S20260805,design_code,B,stationary_ok,STATIONARY_SPECTRAL_MAPPING,L/2,local_roll_L_deg,deg,2.130753504053468,0.6287352946759183,2.221580195673194,4.331327035419182,-0.06982002731224579,4.02926252105796,0.40675837126369374,0.6018345752589558,0.6531103050859812,0.08155376397861604,0.09865656290341016,False
2,site_gb50009_100yr,I08-site_gb50009_100yr-S20260805,design_code,B,stationary_ok,STATIONARY_SPECTRAL_MAPPING,3L/4,local_roll_L_deg,deg,3.0672224331680313,1.9272378788466298,3.622443829266435,9.812555009131236,-3.6781101427951732,7.0414351055555615,-2.403006292449205,2.193221186047435,1.6112140241321569,0.3019903086709695,0.11098932713167074,False
2,site_gb50009_100yr,I08-site_gb50009_100yr-S20260805,design_code,B,stationary_ok,STATIONARY_SPECTRAL_MAPPING,L/4,local_roll_R_deg,deg,3.086454027989742,1.9176914001568073,3.633694920205806,9.798373928538567,-3.625465872559084,7.245513678515424,-2.1265902305833784,2.154572479047565,1.6465288758338776,0.2649245875390302,0.03652696690163564,False
2,site_gb50009_100yr,I08-site_gb50009_100yr-S20260805,design_code,B,stationary_ok,STATIONARY_SPECTRAL_MAPPING,L/2,local_roll_R_deg,deg,2.130751535739583,0.6300236463972504,2.221943271570244,4.33583429812996,-0.07433122665079361,4.192897013723583,0.3445545983147418,0.6042389082312284,0.6532974194194119,0.07786772999509055,0.10096761532809806,False
2,site_gb50009_100yr,I08-site_gb50009_100yr-S20260805,design_code,B,stationary_ok,STATIONARY_SPECTRAL_MAPPING,3L/4,local_roll_R_deg,deg,3.067221003940525,1.920227838526166,3.618717955141682,9.788018438782107,-3.6535764309010554,7.289089484980413,-2.6153585997106488,2.1822826375439557,1.6084740535368405,0.2988231773827063,0.1178693434617567,False
2,site_gb50009_100yr,I08-site_gb50009_100yr-S20260805,design_code,B,stationary_ok,STATIONARY_SPECTRAL_MAPPING,L/4,system_roll_deg,deg,0.29080090748270426,1.82786345219472,1.8508511468138014,6.688322990164224,-6.106721175198816,3.800799102566627,-3.786193227083473,2.1046270093011357,1.5007301212395012,0.33038402695591623,0.025433533915601204,False
2,site_gb50009_100yr,I08-site_gb50009_100yr-S20260805,design_code,B,stationary_ok,STATIONARY_SPECTRAL_MAPPING,L/2,system_roll_deg,deg,0.42895343960534277,0.48985498726794613,0.6511213112013261,2.143445895043154,-1.2855390158324687,1.7314139785875178,-0.994877674027645,0.42763558848331173,0.5450367519768076,0.23966513875519346,0.012436295265031233,False
2,site_gb50009_100yr,I08-site_gb50009_100yr-S20260805,design_code,B,stationary_ok,STATIONARY_SPECTRAL_MAPPING,3L/4,system_roll_deg,deg,0.29143084378435324,1.843299029900446,1.8661948586202848,6.742977448435914,-6.160115760867207,3.831106613847088,-3.7995352807110625,2.1328823167268673,1.4978686771028686,0.34449843965810306,0.04387872455785797,False
3,site_sutong_100yr_obs,I08-site_sutong_100yr_obs-S20260805,design_code,A,stationary_ok,STATIONARY_SPECTRAL_MAPPING,L/4,lateral_common_m,m,40.25689743769251,32.11559587152994,51.497857134955865,152.6614829880473,-72.14768811266228,103.70109213820407,-18.959483076002726,31.37841931217364,32.82619867829618,0.045080258573249044,0.0401244206937188,False
3,site_sutong_100yr_obs,I08-site_sutong_100yr_obs-S20260805,design_code,A,stationary_ok,STATIONARY_SPECTRAL_MAPPING,L/2,lateral_common_m,m,53.54084544920928,45.17341369166679,70.05183392299293,211.64779337004305,-104.56610247162448,143.16435881105608,-28.41416760850131,44.155176721918686,46.15556246455658,0.04428236830387937,0.03958644520217072,False
3,site_sutong_100yr_obs,I08-site_sutong_100yr_obs-S20260805,design_code,A,stationary_ok,STATIONARY_SPECTRAL_MAPPING,3L/4,lateral_common_m,m,40.25593270923569,32.027310134337256,51.4420908666389,152.35151817941608,-71.83965276094472,108.89137904922524,-16.483051952014407,31.36714197742276,32.66007564590349,0.04036972393427891,0.04609769894442478,False
3,site_sutong_100yr_obs,I08-site_sutong_100yr_obs-S20260805,design_code,A,stationary_ok,STATIONARY_SPECTRAL_MAPPING,L/4,vertical_common_m,m,-0.19720352849006093,2.2141496666694365,2.22291429840678,7.552320304852967,-7.946727361833088,5.695870229278147,-5.411091784462686,2.3352794319396923,2.0861775355546257,0.11250454300127334,0.005265404189135831,False
3,site_sutong_100yr_obs,I08-site_sutong_100yr_obs-S20260805,design_code,A,stationary_ok,STATIONARY_SPECTRAL_MAPPING,L/2,vertical_common_m,m,-0.26956390699136407,1.3551189301552846,1.3816700093791034,4.473352348552131,-5.01248016253486,3.6408927609657615,-4.417302053978765,1.4283559302884095,1.275867308093732,0.11252785183747943,0.07351227139028567,False
3,site_sutong_100yr_obs,I08-site_sutong_100yr_obs-S20260805,design_code,A,stationary_ok,STATIONARY_SPECTRAL_MAPPING,3L/4,vertical_common_m,m,-0.19720776618851055,2.2258105967543425,2.234529864573079,7.593129322451688,-7.987544854828709,5.536336503128646,-6.181544805446536,2.335484621034153,2.1105951326688768,0.10103711820458049,0.008785754930677467,False
3,site_sutong_100yr_obs,I08-site_sutong_100yr_obs-S20260805,design_code,A,stationary_ok,STATIONARY_SPECTRAL_MAPPING,L/4,local_roll_L_deg,deg,5.831581462743579,3.1031268171951973,6.6058109570446035,16.69252532292677,-5.029362397439612,13.677010981779544,-3.0502621564400476,3.425936345480352,2.7417723410478634,0.22047568299218895,0.03542125236980341,False
3,site_sutong_100yr_obs,I08-site_sutong_100yr_obs-S20260805,design_code,A,stationary_ok,STATIONARY_SPECTRAL_MAPPING,L/2,local_roll_L_deg,deg,4.025868109064601,1.1711202003366294,4.192748091075815,8.124788810242805,-0.07305259211360227,7.556371508943638,0.7965072944201994,1.1112054143851875,1.2265776079981425,0.09851439124676714,0.0764013622761864,False
3,site_sutong_100yr_obs,I08-site_sutong_100yr_obs-S20260805,design_code,A,stationary_ok,STATIONARY_SPECTRAL_MAPPING,3L/4,local_roll_L_deg,deg,5.795242365486142,3.1108531293382025,6.577403839436856,16.68322831816985,-5.092743587197567,12.663769862410401,-3.1580865993453484,3.4800146743876894,2.683177310666297,0.25614753593041223,0.09800662517119255,False
3,site_sutong_100yr_obs,I08-site_sutong_100yr_obs-S20260805,design_code,A,stationary_ok,STATIONARY_SPECTRAL_MAPPING,L/4,local_roll_R_deg,deg,5.831578743266062,3.1153403246995186,6.611554732255605,16.73526987971438,-5.072112393182254,13.441962149442658,-2.99148457663906,3.4240880037967365,2.771957943067212,0.20932867448195214,0.029343366996765156,False
3,site_sutong_100yr_obs,I08-site_sutong_100yr_obs-S20260805,design_code,A,stationary_ok,STATIONARY_SPECTRAL_MAPPING,L/2,local_roll_R_deg,deg,4.025864390111619,1.1742252710054077,4.1936128904128145,8.135652838630545,-0.08392405840730799,7.871963784257668,0.8568648811909303,1.1172413071118068,1.2269365823603133,0.09341927648566281,0.07840127335475763,False
3,site_sutong_100yr_obs,I08-site_sutong_100yr_obs-S20260805,design_code,A,stationary_ok,STATIONARY_SPECTRAL_MAPPING,3L/4,local_roll_R_deg,deg,5.7952396650886415,3.0952534225478647,6.5700377872285465,16.628626644006168,-5.038147313828886,12.802707696764827,-3.5730013026775973,3.461999099707246,2.6692630331120024,0.25611346095942644,0.10456156504091119,False
3,site_sutong_100yr_obs,I08-site_sutong_100yr_obs-S20260805,design_code,A,stationary_ok,STATIONARY_SPECTRAL_MAPPING,L/4,system_roll_deg,deg,0.5494422969595107,2.80447276413881,2.857788362087809,10.365096971445345,-9.266212377526324,5.882694952456607,-5.843514025512734,3.2221288911672334,2.312326011631573,0.32441137998180564,0.025109665319213763,False
3,site_sutong_100yr_obs,I08-site_sutong_100yr_obs-S20260805,design_code,A,stationary_ok,STATIONARY_SPECTRAL_MAPPING,L/2,system_roll_deg,deg,0.8104691460065679,0.8445601572928773,1.1705306898647234,3.7664296965316386,-2.1454914045185025,3.190490756413841,-1.7685897884079211,0.7000046846085705,0.9678134113496037,0.31709846175961903,0.006097291629020741,False
3,site_sutong_100yr_obs,I08-site_sutong_100yr_obs-S20260805,design_code,A,stationary_ok,STATIONARY_SPECTRAL_MAPPING,3L/4,system_roll_deg,deg,0.5506325052415703,2.829982800953987,2.883053729905841,10.455572308580525,-9.354307298097385,5.9126004729709525,-5.79138435527113,3.2686378262789715,2.3081645316665,0.3393919193744556,0.04276188998221254,False
4,hko_t10,I08-hko_t10-S20260805,design_code,B,stationary_ok,STATIONARY_SPECTRAL_MAPPING,L/4,lateral_common_m,m,28.621262441675047,23.511561175871822,37.040115721768494,110.91172655722642,-53.66920167387633,75.4138223368557,-14.498729740354715,22.95613191378832,24.04325318330505,0.04623773221117977,0.0472489852612577,False
4,hko_t10,I08-hko_t10-S20260805,design_code,B,stationary_ok,STATIONARY_SPECTRAL_MAPPING,L/2,lateral_common_m,m,38.06569026643842,33.08653434822679,50.435260786842534,153.8685604852322,-77.73717995235535,104.27676514514037,-22.230573138520064,32.33103812857292,33.81063972609227,0.04471914712937122,0.0461229997935236,False
4,hko_t10,I08-hko_t10-S20260805,design_code,B,stationary_ok,STATIONARY_SPECTRAL_MAPPING,3L/4,lateral_common_m,m,28.620576553091844,23.451473552942105,37.00147313331908,110.7007339883892,-53.45958088220552,79.2641407950616,-13.215271356081402,22.961418534159026,23.91685401404411,0.04074095718242056,0.053671141346687504,False
4,hko_t10,I08-hko_t10-S20260805,design_code,B,stationary_ok,STATIONARY_SPECTRAL_MAPPING,L/4,vertical_common_m,m,-0.14020489164805097,1.615504470222781,1.6215770425582097,5.514060754131682,-5.7944705374277845,4.231802961552576,-3.9041010074731775,1.705110486682002,1.5207649792394393,0.11411018096232259,0.0035600163293058504,False
4,hko_t10,I08-hko_t10-S20260805,design_code,B,stationary_ok,STATIONARY_SPECTRAL_MAPPING,L/2,vertical_common_m,m,-0.19165061934403618,0.9781075016247371,0.9967066994003491,3.231725636342544,-3.6150268750306163,2.630945912018472,-3.1875032157793854,1.0309069764478893,0.9206240493134998,0.11275133556505619,0.08216893318154397,False
4,hko_t10,I08-hko_t10-S20260805,design_code,B,stationary_ok,STATIONARY_SPECTRAL_MAPPING,3L/4,vertical_common_m,m,-0.14020790450515605,1.6236687243412613,1.6297111347995712,5.542632630689258,-5.823048439699571,4.0027384359891105,-4.565280416823782,1.7049370345286399,1.5381824132614572,0.10270236703292827,0.013043010500309007,False
4,hko_t10,I08-hko_t10-S20260805,design_code,B,stationary_ok,STATIONARY_SPECTRAL_MAPPING,L/4,local_roll_L_deg,deg,4.1460528286741765,2.4944766466698614,4.8386121769509955,12.876721092018691,-4.584615434670339,10.146020493537609,-2.687286413534501,2.7886010494005014,2.1597978666252335,0.25207819989604763,0.03944714807746758,False
4,hko_t10,I08-hko_t10-S20260805,design_code,B,stationary_ok,STATIONARY_SPECTRAL_MAPPING,L/2,local_roll_L_deg,deg,2.862253055726607,0.8709300591724698,2.9918241464007305,5.910508262830251,-0.18600215137703735,5.4969393542273455,0.5598212404549163,0.8286673459209667,0.9096750278556792,0.09301284423652051,0.08843443131034526,False
4,hko_t10,I08-hko_t10-S20260805,design_code,B,stationary_ok,STATIONARY_SPECTRAL_MAPPING,3L/4,local_roll_L_deg,deg,4.120216986726633,2.5093792248479563,4.824227618159121,12.90304427369448,-4.662610300241215,9.456375831003895,-3.055348320405754,2.8368017598461615,2.1243362926333953,0.28392100331345277,0.10507715445492044,False
4,hko_t10,I08-hko_t10-S20260805,design_code,B,stationary_ok,STATIONARY_SPECTRAL_MAPPING,L/4,local_roll_R_deg,deg,4.146050895219671,2.5032500066630656,4.84313933534959,12.907425918540401,-4.615324128101059,9.876729528276293,-2.7922019664724047,2.788718090361835,2.1801856950689977,0.2430969314583308,0.032975537079156785,False
4,hko_t10,I08-hko_t10-S20260805,design_code,B,stationary_ok,STATIONARY_SPECTRAL_MAPPING,L/2,local_roll_R_deg,deg,2.862250411679597,0.8729751908947174,2.9924176017189996,5.917663579811109,-0.19316275645191405,5.7291546589412645,0.47729751987964075,0.8325849128666293,0.9099300837428228,0.08859950624361043,0.09059638921108967,False
4,hko_t10,I08-hko_t10-S20260805,design_code,B,stationary_ok,STATIONARY_SPECTRAL_MAPPING,3L/4,local_roll_R_deg,deg,4.1202150668373605,2.4988705971955256,4.818768147412979,12.8662621570217,-4.6258320233469785,9.685916714479646,-3.359686673901903,2.822394658134703,2.117741848323291,0.28198851537260133,0.11176552684104374,False
4,hko_t10,I08-hko_t10-S20260805,design_code,B,stationary_ok,STATIONARY_SPECTRAL_MAPPING,L/4,system_roll_deg,deg,0.3906344795242698,2.3346782902299528,2.3671328681475092,8.562008495329104,-7.780739536280565,4.859061034421601,-4.866735046040216,2.685596840634324,1.9204614600911065,0.32772625836506825,0.025348280442491093,False
4,hko_t10,I08-hko_t10-S20260805,design_code,B,stationary_ok,STATIONARY_SPECTRAL_MAPPING,L/2,system_roll_deg,deg,0.5762155457865772,0.6571792611298932,0.87401884216838,2.8763429597412036,-1.7239118681680492,2.3503945102123005,-1.385514642215723,0.5601356868637342,0.7416664016111049,0.27622708975213794,0.009650927341277458,False
4,hko_t10,I08-hko_t10-S20260805,design_code,B,stationary_ok,STATIONARY_SPECTRAL_MAPPING,3L/4,system_roll_deg,deg,0.39148067646862655,2.35503788086121,2.3873542971958712,8.634113259482861,-7.851151906545608,4.890764984845178,-4.859129163982337,2.722810220432962,1.9168798276965466,0.3422154689255767,0.043331065124582055,False
5,asce7_risk4_fl,I08-asce7_risk4_fl-S20260805,design_code,B,stationary_ok,STATIONARY_SPECTRAL_MAPPING,L/4,lateral_common_m,m,90.42285349158325,87.60871418111363,125.90305490347878,397.05335312548095,-216.20764614231442,260.07929034754534,-73.25753118313807,85.78207870969364,89.38927668043502,0.04117396316631489,0.02722632818566816,False
5,asce7_risk4_fl,I08-asce7_risk4_fl-S20260805,design_code,B,stationary_ok,STATIONARY_SPECTRAL_MAPPING,L/2,lateral_common_m,m,120.26053501421677,123.09193013191538,172.08782509377588,551.0822904759206,-310.561220447487,359.05673006654126,-100.2989077382318,120.46299684378208,125.65276554362592,0.042161729808623996,0.027717403761800184,False
5,asce7_risk4_fl,I08-asce7_risk4_fl-S20260805,design_code,B,stationary_ok,STATIONARY_SPECTRAL_MAPPING,3L/4,lateral_common_m,m,90.42068657099418,87.34193808083945,125.71600816000785,396.1174698539323,-215.27609671194392,273.8197157916348,-63.282103471903724,85.64142489356712,88.99454744895395,0.038390750526778386,0.032448647790554404,False
5,asce7_risk4_fl,I08-asce7_risk4_fl-S20260805,design_code,B,stationary_ok,STATIONARY_SPECTRAL_MAPPING,L/4,vertical_common_m,m,-0.44294783998888737,6.039247944989492,6.05547013286422,20.694419967474335,-21.580315647452107,15.05337984741111,-14.90548938880611,6.361600107833731,5.699145141750148,0.10969163248765007,0.007024409053948474,False
5,asce7_risk4_fl,I08-asce7_risk4_fl-S20260805,design_code,B,stationary_ok,STATIONARY_SPECTRAL_MAPPING,L/2,vertical_common_m,m,-0.6054797865688686,3.779484593178827,3.8276767839016403,12.622716289557026,-13.833675862694761,10.251582252817279,-12.191936932191087,3.9758093894315474,3.5692441158961588,0.10757161816961848,0.05895079897235901,False
5,asce7_risk4_fl,I08-asce7_risk4_fl-S20260805,design_code,B,stationary_ok,STATIONARY_SPECTRAL_MAPPING,3L/4,vertical_common_m,m,-0.44295735847666023,6.072691290927284,6.0888250702687055,20.811462159768833,-21.697376876722156,15.446693875190858,-16.281258486671792,6.365648428635102,5.765395562229425,0.09884462055604018,0.0014803039137765966,False
5,asce7_risk4_fl,I08-asce7_risk4_fl-S20260805,design_code,B,stationary_ok,STATIONARY_SPECTRAL_MAPPING,L/4,local_roll_L_deg,deg,13.09858110764833,7.106853282346348,14.902355203471659,37.972567595860546,-11.775405380563887,32.96471911890608,-8.820894729059697,7.4647467233809195,6.729199045513167,0.10349836258683946,0.027124360760939863,False
5,asce7_risk4_fl,I08-asce7_risk4_fl-S20260805,design_code,B,stationary_ok,STATIONARY_SPECTRAL_MAPPING,L/2,local_roll_L_deg,deg,9.042685983583628,3.2847990444993203,9.620814651600115,20.539482639331247,-2.454110672163994,19.11023497314213,-0.6471608494464025,3.1563183045959655,3.4068075429729325,0.0762570967001567,0.04894290859371498,False
5,asce7_risk4_fl,I08-asce7_risk4_fl-S20260805,design_code,B,stationary_ok,STATIONARY_SPECTRAL_MAPPING,3L/4,local_roll_L_deg,deg,13.016958203836344,7.032464054625021,14.795159734183855,37.630582395023914,-11.596665987351228,30.14143241612667,-7.79946581462684,7.5504860311339055,6.462044366802569,0.1547738681459031,0.07826386428149326,False
5,asce7_risk4_fl,I08-asce7_risk4_fl-S20260805,design_code,B,stationary_ok,STATIONARY_SPECTRAL_MAPPING,L/4,local_roll_R_deg,deg,13.09857499930583,7.141715212607616,14.91900677627136,38.09457824343249,-11.897428244820828,33.22157216208377,-9.945318834868692,7.438419188218093,6.831876519224074,0.0849295513664925,0.021760442046390906,False
5,asce7_risk4_fl,I08-asce7_risk4_fl-S20260805,design_code,B,stationary_ok,STATIONARY_SPECTRAL_MAPPING,L/2,local_roll_R_deg,deg,9.042677630273706,3.294778107451961,9.624218487877195,20.574401006355572,-2.4890457458081574,19.4369187822872,-0.40545764887514935,3.1754202894744266,3.4081889677573813,0.07064775553670533,0.05058119555342544,False
5,asce7_risk4_fl,I08-asce7_risk4_fl-S20260805,design_code,B,stationary_ok,STATIONARY_SPECTRAL_MAPPING,3L/4,local_roll_R_deg,deg,13.016952138350346,6.977547875555648,14.769130554226095,37.438369702795114,-11.40446542609442,32.69648218964003,-8.10547903546014,7.510262522754022,6.3876532059111,0.1608888017487841,0.08461246992993508,False
5,asce7_risk4_fl,I08-asce7_risk4_fl-S20260805,design_code,B,stationary_ok,STATIONARY_SPECTRAL_MAPPING,L/4,system_roll_deg,deg,1.234127403805626,5.5229089961359605,5.65911602888857,20.564308890281488,-18.096054082670236,11.39153652842487,-12.603896126377844,6.324627622838685,4.582635373340971,0.3154120864052764,0.02384164373356405,False
5,asce7_risk4_fl,I08-asce7_risk4_fl-S20260805,design_code,B,stationary_ok,STATIONARY_SPECTRAL_MAPPING,L/2,system_roll_deg,deg,1.8204317151421578,2.063941450184205,2.7520584912541186,9.044226790786874,-5.403363360502559,8.064848821162265,-4.533976428232366,1.6263513066582138,2.4239183101020823,0.38642908371876844,0.003076814377916463,False
5,asce7_risk4_fl,I08-asce7_risk4_fl-S20260805,design_code,B,stationary_ok,STATIONARY_SPECTRAL_MAPPING,3L/4,system_roll_deg,deg,1.2368007849145326,5.579365211884012,5.714804664128664,20.764579026508574,-18.29097745667951,11.48876610187861,-12.04573026412198,6.4269387555033735,4.575096126576746,0.33190919730119384,0.04147242612387616,False
6,ss_cat1,I08-ss_cat1-S20260805,hurricane,B,stationary_ok,STATIONARY_SPECTRAL_MAPPING,L/4,lateral_common_m,m,22.21962801523595,17.400563653359335,28.222180719959756,83.12160080199362,-38.68234477152171,57.02956590504289,-9.547891868482939,16.982326440299673,17.79828251339583,0.046892508159563494,0.0533790794384697,False
6,ss_cat1,I08-ss_cat1-S20260805,hurricane,B,stationary_ok,STATIONARY_SPECTRAL_MAPPING,L/2,lateral_common_m,m,29.551648170203812,24.495184514575012,38.383772273951735,115.28479397121635,-56.18149763080873,78.87111296990867,-15.229892757766521,23.932512959215124,25.031178898878846,0.044852323484642395,0.051733340199421475,False
6,ss_cat1,I08-ss_cat1-S20260805,hurricane,B,stationary_ok,STATIONARY_SPECTRAL_MAPPING,3L/4,lateral_common_m,m,22.219095537354853,17.35915512369881,28.19624927373747,82.97613847030068,-38.537947395590976,59.90881269098895,-8.907891203773541,16.994211047934222,17.70258518403822,0.04080694774925551,0.06019493005706898,False
6,ss_cat1,I08-ss_cat1-S20260805,hurricane,B,stationary_ok,STATIONARY_SPECTRAL_MAPPING,L/4,vertical_common_m,m,-0.10884567180377078,1.1914822259745093,1.1964435946101202,4.061342119107012,-4.279033462714553,3.157231052428121,-2.859020007473502,1.2583074202442104,1.120783895407182,0.11542222102771892,0.001811630197754587,False
6,ss_cat1,I08-ss_cat1-S20260805,hurricane,B,stationary_ok,STATIONARY_SPECTRAL_MAPPING,L/2,vertical_common_m,m,-0.14878468339375048,0.7153988374845474,0.7307067665533284,2.3551112478021654,-2.6526806145896664,1.9131775414783259,-2.342162943530186,0.7537505169944103,0.6733991922504228,0.11231682319545722,0.0899321535802346,False
6,ss_cat1,I08-ss_cat1-S20260805,hurricane,B,stationary_ok,STATIONARY_SPECTRAL_MAPPING,3L/4,vertical_common_m,m,-0.10884801078390045,1.1972467309312984,1.2021845216842932,4.081515547475645,-4.299211569043445,2.920969905131485,-3.4057984472263394,1.258004063432131,1.13325343983785,0.1041979237623323,0.016738089481136722,False
6,ss_cat1,I08-ss_cat1-S20260805,hurricane,B,stationary_ok,STATIONARY_SPECTRAL_MAPPING,L/4,local_roll_L_deg,deg,3.2187172656128813,1.9857568767071447,3.7819798002295277,10.168866334087888,-3.7314318028621254,7.824024845256549,-2.042048728769386,2.2352064234584925,1.6992211181016081,0.2699148680505516,0.04283323451210558,False
6,ss_cat1,I08-ss_cat1-S20260805,hurricane,B,stationary_ok,STATIONARY_SPECTRAL_MAPPING,L/2,local_roll_L_deg,deg,2.222061249510542,0.658388695500915,2.3175486771456923,4.526421683763745,-0.08229918474266062,4.211082544282039,0.42561771491925837,0.6295715814934111,0.6845541764945069,0.08351084302755832,0.09721813241306572,False
6,ss_cat1,I08-ss_cat1-S20260805,hurricane,B,stationary_ok,STATIONARY_SPECTRAL_MAPPING,3L/4,local_roll_L_deg,deg,3.19866005120088,2.0014472634459817,3.7732237240195317,10.203725473261816,-3.806405370860056,7.341523272980174,-2.488561153319447,2.2757869194769387,1.6759291842696968,0.29971198650242714,0.11015017758918853,False
6,ss_cat1,I08-ss_cat1-S20260805,hurricane,B,stationary_ok,STATIONARY_SPECTRAL_MAPPING,L/4,local_roll_R_deg,deg,3.218715764608515,1.992166540190016,3.7853478964544376,10.19129865527357,-3.7538671260565404,7.571846201190144,-2.2120182298329287,2.235886169766251,1.7135805725243318,0.2621796856361722,0.03599374142008301,False
6,ss_cat1,I08-ss_cat1-S20260805,hurricane,B,stationary_ok,STATIONARY_SPECTRAL_MAPPING,L/2,local_roll_R_deg,deg,2.222059196849827,0.6597666782562747,2.317938554846141,4.531242570746788,-0.08712417704713449,4.38315283999339,0.36065937195785835,0.6321548722790108,0.6847492182529578,0.07971658422179004,0.09950730512352803,False
6,ss_cat1,I08-ss_cat1-S20260805,hurricane,B,stationary_ok,STATIONARY_SPECTRAL_MAPPING,3L/4,local_roll_R_deg,deg,3.1986585607276496,1.9940272758283217,3.769291891703745,10.177754026126776,-3.7804369046714767,7.590874016334769,-2.712177597469759,2.2644065006281733,1.6727813353628398,0.2966986321787256,0.11699763426054263,False
6,ss_cat1,I08-ss_cat1-S20260805,hurricane,B,stationary_ok,STATIONARY_SPECTRAL_MAPPING,L/4,system_roll_deg,deg,0.30326240299994944,1.8937627574439682,1.9178908901590532,6.931432054053838,-6.32490724805394,3.9385710756011627,-3.92615543886065,2.180216161128227,1.5552396763975154,0.33001836279336755,0.02542799144059221,False
6,ss_cat1,I08-ss_cat1-S20260805,hurricane,B,stationary_ok,STATIONARY_SPECTRAL_MAPPING,L/2,system_roll_deg,deg,0.44733509257548276,0.5108358029407285,0.6790153920314432,2.2352604028680325,-1.3405902177170672,1.8076355280983387,-1.0435936573441116,0.4444688249810278,0.5695422927147004,0.2448408412520464,0.012058367941019978,False
6,ss_cat1,I08-ss_cat1-S20260805,hurricane,B,stationary_ok,STATIONARY_SPECTRAL_MAPPING,3L/4,system_roll_deg,deg,0.3039193335378513,1.9098240102100066,1.933854883716129,6.988303369272875,-6.380464702197172,3.9690325200269614,-3.9374962714276336,2.209612093312124,1.55228191042496,0.34418364172460225,0.04379690012388463,False
7,ss_cat2,I08-ss_cat2-S20260805,hurricane,B,stationary_ok,STATIONARY_SPECTRAL_MAPPING,L/4,lateral_common_m,m,37.81149064519664,32.578328745036465,49.910483153656834,151.83564125282427,-76.21265996243099,102.26027549186976,-22.203242625746924,31.82619945015847,33.30251722090678,0.04531594552631055,0.04134531832440953,False
7,ss_cat2,I08-ss_cat2-S20260805,hurricane,B,stationary_ok,STATIONARY_SPECTRAL_MAPPING,L/2,lateral_common_m,m,50.28850472076357,45.82825198784517,68.03794814154594,210.68738667822166,-110.11037723669452,141.3585990429286,-32.92568463139621,44.79235794836432,46.82639923910545,0.04438400337155799,0.04070779916500668,False
7,ss_cat2,I08-ss_cat2-S20260805,hurricane,B,stationary_ok,STATIONARY_SPECTRAL_MAPPING,3L/4,lateral_common_m,m,37.81058451920725,32.48981828318025,49.85206709614144,151.5249485103381,-75.90377947192363,107.53797521148616,-19.82140186065677,31.81811665728048,33.13267639803654,0.040460667686670164,0.04739455434145368,False
7,ss_cat2,I08-ss_cat2-S20260805,hurricane,B,stationary_ok,STATIONARY_SPECTRAL_MAPPING,L/4,vertical_common_m,m,-0.1852243925216188,2.2449442462176963,2.252572472576841,7.672080469240319,-8.042529254283556,5.807815141854823,-5.462103192340318,2.368055049049903,2.114862086359891,0.11278363064766261,0.005002870882808095,False
7,ss_cat2,I08-ss_cat2-S20260805,hurricane,B,stationary_ok,STATIONARY_SPECTRAL_MAPPING,L/2,vertical_common_m,m,-0.25318923703105045,1.3713143827240861,1.3944919956795403,4.54641110250325,-5.052789576565352,3.70448769582695,-4.450786491781263,1.445463719788363,1.2909954635354577,0.11264248242336493,0.0749666252882717,False
7,ss_cat2,I08-ss_cat2-S20260805,hurricane,B,stationary_ok,STATIONARY_SPECTRAL_MAPPING,3L/4,vertical_common_m,m,-0.18522837280091214,2.256692199142438,2.2642811732999957,7.7131943241976195,-8.083651069799444,5.618393243217957,-6.267549393430402,2.36817889767685,2.1395482488454416,0.10131228747912102,0.009509012888573351,False
7,ss_cat2,I08-ss_cat2-S20260805,hurricane,B,stationary_ok,STATIONARY_SPECTRAL_MAPPING,L/4,local_roll_L_deg,deg,5.4773418211502864,3.200557815903193,6.343882388463784,16.67929417681146,-5.724610534510889,13.495927749054255,-3.612148321986961,3.5427654186556237,2.8161989693211282,0.22701244318233302,0.03612403245549223,False
7,ss_cat2,I08-ss_cat2-S20260805,hurricane,B,stationary_ok,STATIONARY_SPECTRAL_MAPPING,L/2,local_roll_L_deg,deg,3.7813165950082475,1.1900011784176976,3.9641465659483726,7.946320719470189,-0.38368752945369433,7.372878105636104,0.5279874410933538,1.1292736410201147,1.2461161833713237,0.09818691314790993,0.07861908220679432,False
7,ss_cat2,I08-ss_cat2-S20260805,hurricane,B,stationary_ok,STATIONARY_SPECTRAL_MAPPING,3L/4,local_roll_L_deg,deg,5.443210143761804,3.2108508564605533,6.319659792392694,16.68118814137374,-5.794767853850133,12.484677366901817,-3.7896594109007564,3.5997630697400087,2.758925841271854,0.2618736484680707,0.09934090389023295,False
7,ss_cat2,I08-ss_cat2-S20260805,hurricane,B,stationary_ok,STATIONARY_SPECTRAL_MAPPING,L/4,local_roll_R_deg,deg,5.477339266867532,3.212902701944911,6.350117260061728,16.72249872367472,-5.767820189939655,13.23245938503073,-3.5787015957014203,3.541316732806148,2.8463387057553535,0.21630845734297952,0.02998078203188735,False
7,ss_cat2,I08-ss_cat2-S20260805,hurricane,B,stationary_ok,STATIONARY_SPECTRAL_MAPPING,L/2,local_roll_R_deg,deg,3.781313101963205,1.1930956531453811,3.9650732669943185,7.957147887972039,-0.39452168404562915,7.693421436725899,0.5864323497782915,1.1352795746791744,1.2464758475059925,0.0931997971274719,0.08064816561593738,False
7,ss_cat2,I08-ss_cat2-S20260805,hurricane,B,stationary_ok,STATIONARY_SPECTRAL_MAPPING,3L/4,local_roll_R_deg,deg,5.443207607400053,3.195291016574033,6.311766293032128,16.626726165409167,-5.740310950609063,12.64265715682429,-4.210822478452631,3.5811896812956046,2.745774032844466,0.26145213193972694,0.10591499570970186,False
7,ss_cat2,I08-ss_cat2-S20260805,hurricane,B,stationary_ok,STATIONARY_SPECTRAL_MAPPING,L/4,system_roll_deg,deg,0.5160664033713651,2.914060114235403,2.959403805171965,10.715276803195275,-9.683143996452545,6.0656781364514565,-6.110757459708816,3.3488003006808738,2.401615174553974,0.32503966596290484,0.025165291272724176,False
7,ss_cat2,I08-ss_cat2-S20260805,hurricane,B,stationary_ok,STATIONARY_SPECTRAL_MAPPING,L/2,system_roll_deg,deg,0.7612371663732568,0.8659144438509078,1.1529483282166693,3.791937719851434,-2.26946338710492,3.1834203115611155,-1.8739907717364428,0.7213346027988744,0.989646312956228,0.3098593770582157,0.0067733870925557205,False
7,ss_cat2,I08-ss_cat2-S20260805,hurricane,B,stationary_ok,STATIONARY_SPECTRAL_MAPPING,3L/4,system_roll_deg,deg,0.5171843124052784,2.9403523152207844,2.9854901357436017,10.808417415678024,-9.774048790867466,6.0980367086289,-6.065980066404787,3.3967597881134495,2.397261835662105,0.3399245550532927,0.04286272200800161,False
8,ss_cat3,I08-ss_cat3-S20260805,hurricane,B,stationary_ok,STATIONARY_SPECTRAL_MAPPING,L/4,lateral_common_m,m,51.270805315121734,46.27356079191393,69.06473706620528,213.2282680868205,-110.68665745657701,142.17684173732653,-34.42650788024406,45.23706148831093,47.27665345987972,0.04407683214050815,0.03574407717288767,False
8,ss_cat3,I08-ss_cat3-S20260805,hurricane,B,stationary_ok,STATIONARY_SPECTRAL_MAPPING,L/2,lateral_common_m,m,68.18911635408875,65.06600247376598,94.25147355382607,295.92012501226964,-159.54189230409216,196.45294238705583,-49.453898837143356,63.617775724570606,66.46786148242684,0.04380299464386741,0.03555942760736446,False
8,ss_cat3,I08-ss_cat3-S20260805,hurricane,B,stationary_ok,STATIONARY_SPECTRAL_MAPPING,3L/4,lateral_common_m,m,51.26957664604785,46.141214486289854,68.97522137503279,212.76382734806234,-110.22467405596663,149.58742127800076,-30.13753351567071,45.2028352946721,47.04521989813245,0.039929261159950366,0.04144970558413165,False
8,ss_cat3,I08-ss_cat3-S20260805,hurricane,B,stationary_ok,STATIONARY_SPECTRAL_MAPPING,L/4,vertical_common_m,m,-0.25115655602416753,3.194394500671582,3.204252774291499,10.92922419632637,-11.431537308374704,8.154675293361818,-7.82142378491611,3.3676367694586142,3.011452626303009,0.1115028663744325,0.006087403282031173,False
8,ss_cat3,I08-ss_cat3-S20260805,hurricane,B,stationary_ok,STATIONARY_SPECTRAL_MAPPING,L/2,vertical_common_m,m,-0.3433140523739777,1.969153956606897,1.9988576345948301,6.548724795750162,-7.235352900498117,5.334146265536793,-6.370379872639416,2.075034121292596,1.8549778265133086,0.11175169622515066,0.06839777400180412,False
8,ss_cat3,I08-ss_cat3-S20260805,hurricane,B,stationary_ok,STATIONARY_SPECTRAL_MAPPING,3L/4,vertical_common_m,m,-0.25116195311698947,3.2115672958815193,3.2213734373197522,10.989323582468328,-11.491647488702307,8.068960301347587,-8.805860482312767,3.368415404073737,3.0469043430894627,0.10011032974354192,0.00622534427331898,False
8,ss_cat3,I08-ss_cat3-S20260805,hurricane,B,stationary_ok,STATIONARY_SPECTRAL_MAPPING,L/4,local_roll_L_deg,deg,7.427047211434007,4.207213938132061,8.53590530653207,22.15229599489622,-7.298201572028208,18.431638681651794,-4.9600252601199655,4.591046785077403,3.783781402886906,0.1918764755159825,0.03282312758224477,False
8,ss_cat3,I08-ss_cat3-S20260805,hurricane,B,stationary_ok,STATIONARY_SPECTRAL_MAPPING,L/2,local_roll_L_deg,deg,5.127307695871949,1.6852784277928239,5.397170331509981,11.025782193146831,-0.7711668014029351,10.173558471496403,0.3445105597175466,1.6008144276563674,1.763986580505304,0.09682207412020344,0.06788164222183449,False
8,ss_cat3,I08-ss_cat3-S20260805,hurricane,B,stationary_ok,STATIONARY_SPECTRAL_MAPPING,3L/4,local_roll_L_deg,deg,7.380766079518739,4.204255723232384,8.494202382031327,22.095661110832083,-7.334128951794605,16.897775048207524,-4.7389900183044995,4.657692340972981,3.685718013791732,0.2311882033745465,0.09264167870702457,False
8,ss_cat3,I08-ss_cat3-S20260805,hurricane,B,stationary_ok,STATIONARY_SPECTRAL_MAPPING,L/4,local_roll_R_deg,deg,7.42704374793306,4.225063415707819,8.54471413801914,22.214765702910427,-7.360678207044306,18.232786354775566,-5.075742303664296,4.585703328990533,3.8301600457976015,0.1788241285051473,0.026976325050189574,False
8,ss_cat3,I08-ss_cat3-S20260805,hurricane,B,stationary_ok,STATIONARY_SPECTRAL_MAPPING,L/2,local_roll_R_deg,deg,5.127302959448467,1.6900356755297683,5.398653185983738,11.042427823802655,-0.787821904905722,10.625391234264061,0.4466489567936236,1.6100778205619695,1.7645434363935146,0.09139784329293847,0.06977084489786177,False
8,ss_cat3,I08-ss_cat3-S20260805,hurricane,B,stationary_ok,STATIONARY_SPECTRAL_MAPPING,3L/4,local_roll_R_deg,deg,7.3807626403179265,4.180133650157213,8.482285923375226,22.011230415868173,-7.249705135232319,17.50570954804182,-5.335292440642751,4.633292372686419,3.6601460522912186,0.23280268092830006,0.09913678494661507,False
8,ss_cat3,I08-ss_cat3-S20260805,hurricane,B,stationary_ok,STATIONARY_SPECTRAL_MAPPING,L/4,system_roll_deg,deg,0.69976453309411,3.676699324359573,3.7426980005769312,13.568212168352614,-12.168683102164396,7.643375635207951,-7.889646093542283,4.220402349047988,3.036860434339674,0.3219033731877081,0.024842219942625633,False
8,ss_cat3,I08-ss_cat3-S20260805,hurricane,B,stationary_ok,STATIONARY_SPECTRAL_MAPPING,L/2,system_roll_deg,deg,1.0322058688981168,1.170932236163306,1.5609392228636312,5.130468695469688,-3.0660569576734544,4.419940605815643,-2.5782034616750327,0.952704286076022,1.354525641863358,0.3431636292668394,0.0034123812215605355,False
8,ss_cat3,I08-ss_cat3-S20260805,hurricane,B,stationary_ok,STATIONARY_SPECTRAL_MAPPING,3L/4,system_roll_deg,deg,0.7012803711491504,3.7112603035249836,3.776936218614162,13.690691433486593,-12.288130691188291,7.67765111460076,-7.7043709022603375,4.283283524904322,3.0315527566468776,0.33727916284086584,0.0423818874990478,False
9,ss_cat4,I08-ss_cat4-S20260805,hurricane,B,stationary_ok,STATIONARY_SPECTRAL_MAPPING,L/4,lateral_common_m,m,68.92498228966771,64.7126261610351,94.54299111139277,295.41917385329054,-157.56920927395515,195.1347827902652,-51.52946862985466,63.31266646126493,66.0729649592874,0.0426547130254545,0.03102363461805809,False
9,ss_cat4,I08-ss_cat4-S20260805,hurricane,B,stationary_ok,STATIONARY_SPECTRAL_MAPPING,L/2,lateral_common_m,m,91.66880855814186,90.9561246122484,129.13631196123004,410.0152447010112,-226.67762758472753,269.5115686216263,-72.04520131617271,88.97064494878158,92.88490500720796,0.043034595802241046,0.03121440721505632,False
9,ss_cat4,I08-ss_cat4-S20260805,hurricane,B,stationary_ok,STATIONARY_SPECTRAL_MAPPING,3L/4,lateral_common_m,m,68.92333055056132,64.52046013972587,94.4103557393144,294.7449410396019,-156.89827993847922,205.386576803203,-44.757867421401315,63.23510553512025,65.7649492070468,0.03920994466635709,0.03645325360272457,False
9,ss_cat4,I08-ss_cat4-S20260805,hurricane,B,stationary_ok,STATIONARY_SPECTRAL_MAPPING,L/4,vertical_common_m,m,-0.33763778566579333,4.467827546131624,4.480567180199604,15.299758625794892,-15.975034197126478,11.262499720034228,-10.99224943864102,4.707921931997296,4.214417223873551,0.1104574209788012,0.006728850841820904,False
9,ss_cat4,I08-ss_cat4-S20260805,hurricane,B,stationary_ok,STATIONARY_SPECTRAL_MAPPING,L/2,vertical_common_m,m,-0.46152805352350046,2.7767541376297937,2.8148484302060335,9.257111428180778,-10.180167535227778,7.530779373397674,-8.96537895346688,2.92402778032662,2.61853643450793,0.11001742706664483,0.0630762565745203,False
9,ss_cat4,I08-ss_cat4-S20260805,hurricane,B,stationary_ok,STATIONARY_SPECTRAL_MAPPING,3L/4,vertical_common_m,m,-0.3376450411501742,4.492284660629431,4.504955676356848,15.385351271052834,-16.060641353353184,11.367378391568492,-12.172024468647203,4.709932282412939,4.263920463112944,0.09928396194677076,0.003549118197879206,False
9,ss_cat4,I08-ss_cat4-S20260805,hurricane,B,stationary_ok,STATIONARY_SPECTRAL_MAPPING,L/4,local_roll_L_deg,deg,9.984416947740696,5.511285917516024,11.404510259144935,29.27391765904678,-9.305083763565387,24.95695508558504,-6.712688512227841,5.90706659515295,5.083962479245715,0.14934883223736187,0.029809795377069202,False
9,ss_cat4,I08-ss_cat4-S20260805,hurricane,B,stationary_ok,STATIONARY_SPECTRAL_MAPPING,L/2,local_roll_L_deg,deg,6.89280361327619,2.3800093029707208,7.292131782505063,15.222836173673713,-1.4372289471213335,13.925464184028382,-0.03402376461339962,2.2712516882488862,2.482298859649387,0.0886749354874673,0.05773081293883847,False
9,ss_cat4,I08-ss_cat4-S20260805,hurricane,B,stationary_ok,STATIONARY_SPECTRAL_MAPPING,3L/4,local_roll_L_deg,deg,9.922199742881132,5.481276384831123,11.335538740815883,29.106667089790065,-9.2622676040278,22.65971969017297,-5.8251914044003,5.983045172541224,4.918043648394951,0.1942980885060926,0.08548936310375625,False
9,ss_cat4,I08-ss_cat4-S20260805,hurricane,B,stationary_ok,STATIONARY_SPECTRAL_MAPPING,L/4,local_roll_R_deg,deg,9.984412291645674,5.53667913034225,11.416799227538892,29.36278924784355,-9.393964664552202,24.919920701603345,-7.220110883100242,5.89390577668833,5.154379226677674,0.13356861262880199,0.02421780550125674,False
9,ss_cat4,I08-ss_cat4-S20260805,hurricane,B,stationary_ok,STATIONARY_SPECTRAL_MAPPING,L/2,local_roll_R_deg,deg,6.892797245950715,2.3870765327171304,7.294435430301278,15.24756511046067,-1.4619706185592412,14.553205652493338,0.13422118519282744,2.2849325112556866,2.4831870788215915,0.08305329336895548,0.05948776794774708,False
9,ss_cat4,I08-ss_cat4-S20260805,hurricane,B,stationary_ok,STATIONARY_SPECTRAL_MAPPING,3L/4,local_roll_R_deg,deg,9.922195119453553,5.4441842597269465,11.317645437208508,28.976840028497868,-9.13244978959076,24.233650606932994,-6.656807361966999,5.951344441761708,4.872318679170259,0.19819787705818168,0.09191983079562555,False
9,ss_cat4,I08-ss_cat4-S20260805,hurricane,B,stationary_ok,STATIONARY_SPECTRAL_MAPPING,L/4,system_roll_deg,deg,0.9407158275359463,4.564610315935316,4.660537909353356,16.91685193330955,-15.03542027823766,9.461076621175836,-10.108060721118084,5.233387058830174,3.778924279514335,0.31863898090889076,0.024391442696727775,False
9,ss_cat4,I08-ss_cat4-S20260805,hurricane,B,stationary_ok,STATIONARY_SPECTRAL_MAPPING,L/2,system_roll_deg,deg,1.387627340663409,1.5721985182726326,2.096978258689218,6.890322154617623,-4.1150674732908055,6.0580211384436184,-3.4770808174139747,1.2547932703996256,1.8356258458702488,0.36943971688052557,2.7769121094885534e-05,False
9,ss_cat4,I08-ss_cat4-S20260805,hurricane,B,stationary_ok,STATIONARY_SPECTRAL_MAPPING,3L/4,system_roll_deg,deg,0.9427536170821716,4.609397448871666,4.704819786579092,17.075644688133,-15.190137453968656,9.498522633122386,-9.761920428542332,5.314680792175554,3.772549334527948,0.3345624834380693,0.041919681440010834,False
10,ss_cat5,I08-ss_cat5-S20260805,hurricane,B,stationary_ok,STATIONARY_SPECTRAL_MAPPING,L/4,lateral_common_m,m,100.29466700867903,98.22896175563471,140.38500332290397,444.0960331534005,-243.50669913604247,289.9804369898001,-83.44315269852518,96.21217642144936,100.19704259694771,0.04056712098221653,0.025896809811536355,False
10,ss_cat5,I08-ss_cat5-S20260805,hurricane,B,stationary_ok,STATIONARY_SPECTRAL_MAPPING,L/2,lateral_common_m,m,133.3898439143946,137.99457701909012,191.925385882598,616.37086348121,-349.5911756524208,400.27582875079935,-113.42262620652565,135.07484045032888,140.84134448281958,0.04178790324269747,0.026493264597709187,False
10,ss_cat5,I08-ss_cat5-S20260805,hurricane,B,stationary_ok,STATIONARY_SPECTRAL_MAPPING,3L/4,lateral_common_m,m,100.29226351696734,97.92763617069826,140.1726080492814,443.03899011441126,-242.45446308047656,305.321160224701,-71.95561612679988,96.03957303471407,99.76481851047211,0.03804079850620049,0.031050888754469947,False
10,ss_cat5,I08-ss_cat5-S20260805,hurricane,B,stationary_ok,STATIONARY_SPECTRAL_MAPPING,L/4,vertical_common_m,m,-0.49130617314608704,6.764182821337697,6.782001990286604,23.183333701535854,-24.165946047828026,16.78953895879639,-16.70940527328694,7.1244581752629195,6.384114337127702,0.10945059553975889,0.007074903476136801,False
10,ss_cat5,I08-ss_cat5-S20260805,hurricane,B,stationary_ok,STATIONARY_SPECTRAL_MAPPING,L/2,vertical_common_m,m,-0.6715823625281111,4.243840261218719,4.296650210617546,14.181858551737406,-15.525023276793629,11.509445154407032,-13.687992324173525,4.462021978168402,4.010473876850318,0.10640082414139021,0.057542108221878184,False
10,ss_cat5,I08-ss_cat5-S20260805,hurricane,B,stationary_ok,STATIONARY_SPECTRAL_MAPPING,3L/4,vertical_common_m,m,-0.4913167308040772,6.801770021776963,6.819491737593924,23.314878345415295,-24.297511807023447,17.33031697870365,-18.165025491390338,7.129629681658797,6.457881189827761,0.098760835735452,0.0007768754359367798,False
10,ss_cat5,I08-ss_cat5-S20260805,hurricane,B,stationary_ok,STATIONARY_SPECTRAL_MAPPING,L/4,local_roll_L_deg,deg,14.528603995007158,7.847850411416341,16.512694817131017,41.996080434964355,-12.938872444950038,36.65963651125765,-9.779057048183612,8.17236294237341,7.508612827148934,0.08457731486050143,0.026109377170343596,False
10,ss_cat5,I08-ss_cat5-S20260805,hurricane,B,stationary_ok,STATIONARY_SPECTRAL_MAPPING,L/2,local_roll_L_deg,deg,10.029911074106828,3.7188728987721347,10.697155313059291,23.0459662198093,-2.9861440715956444,21.668617958128728,-0.9716372096944639,3.584557671916948,3.8469199573669934,0.07054887128212149,0.04577187017511861,False
10,ss_cat5,I08-ss_cat5-S20260805,hurricane,B,stationary_ok,STATIONARY_SPECTRAL_MAPPING,3L/4,local_roll_L_deg,deg,14.438070002305128,7.749796856709895,16.38649494894298,41.56235900078976,-12.686218996179505,33.83617940669697,-8.821234544009666,8.26281488089059,7.1891675110451505,0.13853877587976493,0.07533881107713353,False
10,ss_cat5,I08-ss_cat5-S20260805,hurricane,B,stationary_ok,STATIONARY_SPECTRAL_MAPPING,L/4,local_roll_R_deg,deg,14.528597219793243,7.887116844372437,16.53138679275781,42.13350617509677,-13.076311735510286,37.09590562154136,-11.23028254386868,8.138830050465266,7.626895521301661,0.06490768924374153,0.020834797699876884,False
10,ss_cat5,I08-ss_cat5-S20260805,hurricane,B,stationary_ok,STATIONARY_SPECTRAL_MAPPING,L/2,local_roll_R_deg,deg,10.029901808833669,3.7302081355825143,10.701092609150287,23.085630283372467,-3.0258266657051305,21.70884226134647,-0.695300074263896,3.6061399766253053,3.84855405095367,0.06498674216486025,0.04736556629891781,False
10,ss_cat5,I08-ss_cat5-S20260805,hurricane,B,stationary_ok,STATIONARY_SPECTRAL_MAPPING,3L/4,local_roll_R_deg,deg,14.438063274626513,7.686131163347388,16.35647527379596,41.33952234634237,-12.463395797089342,36.664528520155976,-8.72691784737649,8.218785657855745,7.10054270566941,0.14548840351812697,0.0816440597217435,False
10,ss_cat5,I08-ss_cat5-S20260805,hurricane,B,stationary_ok,STATIONARY_SPECTRAL_MAPPING,L/4,system_roll_deg,deg,1.3688618776280086,5.928391915836999,6.084374540393182,22.118233583057506,-19.380509827801486,12.19614851242265,-13.68897059292449,6.7857264333476195,4.923581391571203,0.31410626493871235,0.02359281491883217,False
10,ss_cat5,I08-ss_cat5-S20260805,hurricane,B,stationary_ok,STATIONARY_SPECTRAL_MAPPING,L/2,system_roll_deg,deg,2.0191753039425615,2.2908533933794124,3.053699097489716,10.037162180770505,-5.998811572885383,8.985846710922306,-5.005979146113163,1.7990225634178547,2.6945062607058334,0.3908952444865896,0.004240004097881496,False
10,ss_cat5,I08-ss_cat5-S20260805,hurricane,B,stationary_ok,STATIONARY_SPECTRAL_MAPPING,3L/4,system_roll_deg,deg,1.371827122118219,5.989955943618093,6.145037173155657,22.336672924781546,-19.593018680545107,12.36628038484981,-13.029177483128551,6.897254337937871,4.915528343961198,0.3308414974384031,0.041289352355343444,False
11,infa_2021_zhoushan,I08-infa_2021_zhoushan-S20260805,typhoon,A,stationary_ok,STATIONARY_SPECTRAL_MAPPING,L/4,lateral_common_m,m,34.09629200973046,28.87861612741347,44.68256481276914,135.1714484556776,-66.97886443621668,91.35614941977695,-19.018967785643227,28.2058462557547,29.52509198790307,0.04568244289573338,0.04344380281915015,False
11,infa_2021_zhoushan,I08-infa_2021_zhoushan-S20260805,typhoon,A,stationary_ok,STATIONARY_SPECTRAL_MAPPING,L/2,lateral_common_m,m,45.347366962632144,40.62960502605752,60.88635721585797,187.55098455383347,-96.85625062856917,126.29970160131504,-28.528900932984975,39.70735388014679,41.51662697968158,0.04453090544135064,0.0426340222692147,False
11,infa_2021_zhoushan,I08-infa_2021_zhoushan-S20260805,typhoon,A,stationary_ok,STATIONARY_SPECTRAL_MAPPING,3L/4,lateral_common_m,m,34.09547491588401,28.801782143227776,44.632320848972554,134.90171241718122,-66.7107625854132,96.05308158219654,-17.102101137908697,28.203665077543842,29.37269611719789,0.04058884390697068,0.04962464588967129,False
11,infa_2021_zhoushan,I08-infa_2021_zhoushan-S20260805,typhoon,A,stationary_ok,STATIONARY_SPECTRAL_MAPPING,L/4,vertical_common_m,m,-0.16702501982804888,1.9881243241582423,1.9951279872625283,6.791410114725799,-7.125460154381897,5.167113941398698,-4.825708890084455,2.0975996431961814,1.8724237953805034,0.11326044607950556,0.0045212938122970855,False
11,infa_2021_zhoushan,I08-infa_2021_zhoushan-S20260805,typhoon,A,stationary_ok,STATIONARY_SPECTRAL_MAPPING,L/2,vertical_common_m,m,-0.22831192349800233,1.2105032127005673,1.231845916651004,4.008449320953983,-4.4650731679499875,3.265587733028243,-3.934300462158338,1.2759645862986544,1.1394709334224198,0.11275777828934848,0.07749485767137396,False
11,infa_2021_zhoushan,I08-infa_2021_zhoushan-S20260805,typhoon,A,stationary_ok,STATIONARY_SPECTRAL_MAPPING,3L/4,vertical_common_m,m,-0.16702860902177674,1.998408065240371,2.0053761122167364,6.827399619319522,-7.161456837363076,4.9579956993670145,-5.575304311266121,2.097588165953081,1.8941562751564731,0.10179697246775218,0.010759377882528794,False
11,infa_2021_zhoushan,I08-infa_2021_zhoushan-S20260805,typhoon,A,stationary_ok,STATIONARY_SPECTRAL_MAPPING,L/4,local_roll_L_deg,deg,4.939161164617389,2.917738396719159,5.7365939687025,15.151245553134444,-5.272923223899666,12.139537142434467,-3.238611107415575,3.242615819822863,2.5509464652905245,0.23705667215062323,0.037317099657342104,False
11,infa_2021_zhoushan,I08-infa_2021_zhoushan-S20260805,typhoon,A,stationary_ok,STATIONARY_SPECTRAL_MAPPING,L/2,local_roll_L_deg,deg,3.4097802706177975,1.0590712979150503,3.570466847341094,7.116529813320474,-0.29696927208487844,6.610601318178166,0.5567219450430039,1.0056275370991894,1.1083173082300728,0.09696209436800382,0.08227612689326438,False
11,infa_2021_zhoushan,I08-infa_2021_zhoushan-S20260805,typhoon,A,stationary_ok,STATIONARY_SPECTRAL_MAPPING,3L/4,local_roll_L_deg,deg,4.908383122832692,2.9303635990325305,5.716577271676094,15.164655719446548,-5.347889473781164,11.262224767672276,-3.5026831732135495,3.296321591400828,2.5031008685960696,0.2706902048150759,0.10150323561113797,False
11,infa_2021_zhoushan,I08-infa_2021_zhoushan-S20260805,typhoon,A,stationary_ok,STATIONARY_SPECTRAL_MAPPING,L/4,local_roll_R_deg,deg,4.939158861307761,2.9286175892283763,5.742132987067855,15.189320423607079,-5.311002700991556,11.869665681453917,-3.266484339281093,3.241908318993181,2.5769991061070368,0.22703859163166906,0.031059701848160787,False
11,infa_2021_zhoushan,I08-infa_2021_zhoushan-S20260805,typhoon,A,stationary_ok,STATIONARY_SPECTRAL_MAPPING,L/2,local_roll_R_deg,deg,3.4097771207847254,1.0617308711548428,3.571253625296052,7.125835169826675,-0.3062809282572241,6.895238650163907,0.5809366302123391,1.0107705408490792,1.1086317888056376,0.09217142556108864,0.0843538870341414,False
11,infa_2021_zhoushan,I08-infa_2021_zhoushan-S20260805,typhoon,A,stationary_ok,STATIONARY_SPECTRAL_MAPPING,3L/4,local_roll_R_deg,deg,4.908380835683221,2.916929312212902,5.7097004335209345,15.117633428428377,-5.300871757061937,11.45352743436056,-3.87639143164152,3.2794105348446623,2.4928104354303304,0.2696671791534039,0.10811365363276423,False
11,infa_2021_zhoushan,I08-infa_2021_zhoushan-S20260805,typhoon,A,stationary_ok,STATIONARY_SPECTRAL_MAPPING,L/4,system_roll_deg,deg,0.46535988096509256,2.686514507644193,2.726521596942626,9.868160657719768,-8.937440895789583,5.592254240152862,-5.6213963408833045,3.088448101831225,2.212489893889736,0.3260575014387758,0.025245295236458905,False
11,infa_2021_zhoushan,I08-infa_2021_zhoushan-S20260805,typhoon,A,stationary_ok,STATIONARY_SPECTRAL_MAPPING,L/2,system_roll_deg,deg,0.6864411920935349,0.7816457443914212,1.0402747617471129,3.422201297463509,-2.049318913276439,2.845081423392002,-1.6771034540894598,0.6566632840069381,0.8892785861270301,0.2975968381958034,0.007867610995835942,False
11,infa_2021_zhoushan,I08-infa_2021_zhoushan-S20260805,typhoon,A,stationary_ok,STATIONARY_SPECTRAL_MAPPING,3L/4,system_roll_deg,deg,0.46636794894152567,2.710439377921931,2.750269202312703,9.952905771668286,-9.020169873785234,5.624525154640665,-5.5923343874441,3.132124636551508,2.208433820885706,0.34079006643343096,0.043032353389848475,False
12,doksuri_2023_jinjiang,I08-doksuri_2023_jinjiang-S20260805,typhoon,A,stationary_ok,STATIONARY_SPECTRAL_MAPPING,L/4,lateral_common_m,m,59.26865827452166,54.574108237625964,80.56740745235719,250.27803710621254,-131.7407205571692,166.10751972196422,-42.06446145339179,53.37151433260588,55.740362007224086,0.0434060720571704,0.0333499184345318,False
12,doksuri_2023_jinjiang,I08-doksuri_2023_jinjiang-S20260805,typhoon,A,stationary_ok,STATIONARY_SPECTRAL_MAPPING,L/2,lateral_common_m,m,78.8260962626248,76.72207477515471,109.9992282236972,347.35335797566626,-189.70116545041668,229.47139372652651,-59.59132522600656,75.02966372383918,78.36331474088992,0.04345100190291378,0.033356209008708296,False
12,doksuri_2023_jinjiang,I08-doksuri_2023_jinjiang-S20260805,typhoon,A,stationary_ok,STATIONARY_SPECTRAL_MAPPING,3L/4,lateral_common_m,m,59.267237942482325,54.414901868530606,80.45860450376102,249.71939448233945,-131.1849185973748,174.8013346790895,-36.673426631329974,53.31876731208311,55.47362882873992,0.039600577096749565,0.038913538415476075,False
12,doksuri_2023_jinjiang,I08-doksuri_2023_jinjiang-S20260805,typhoon,A,stationary_ok,STATIONARY_SPECTRAL_MAPPING,L/4,vertical_common_m,m,-0.29033505522121705,3.768444890194548,3.7796125905605336,12.899222060459701,-13.479892170902135,9.56041281061214,-9.250376731710428,3.971859700304881,3.5536961506864877,0.11096448582980482,0.006447559292669871,False
12,doksuri_2023_jinjiang,I08-doksuri_2023_jinjiang-S20260805,typhoon,A,stationary_ok,STATIONARY_SPECTRAL_MAPPING,L/2,vertical_common_m,m,-0.3968684151913091,2.3325420121987737,2.3660635616248276,7.767028627504399,-8.560765457887017,6.323190097149806,-7.537651148924566,2.457258016849469,2.1983083515562365,0.11101607771220084,0.06567319000853625,False
12,doksuri_2023_jinjiang,I08-doksuri_2023_jinjiang-S20260805,typhoon,A,stationary_ok,STATIONARY_SPECTRAL_MAPPING,3L/4,vertical_common_m,m,-0.29034129421918414,3.7889011909671897,3.800009250257354,12.970812874165981,-13.551495462604349,9.554753938872345,-10.328037249707956,3.97314525131221,3.5955368267810828,0.09966172394026863,0.00485526206846924,False
12,doksuri_2023_jinjiang,I08-doksuri_2023_jinjiang-S20260805,typhoon,A,stationary_ok,STATIONARY_SPECTRAL_MAPPING,L/4,local_roll_L_deg,deg,8.58560969459537,4.798637699056446,9.835630004973536,25.380841641292932,-8.209622252102193,21.380483118192316,-5.756328199765845,5.193318673208658,4.3675878469424365,0.17207609285205774,0.03133057064239272,False
12,doksuri_2023_jinjiang,I08-doksuri_2023_jinjiang-S20260805,typhoon,A,stationary_ok,STATIONARY_SPECTRAL_MAPPING,L/2,local_roll_L_deg,deg,5.927128427712269,1.9940791062565277,6.253575207879389,12.906405299610116,-1.052148444185578,11.863331609294338,0.18966554236815547,1.8976492423853912,2.0843314145720675,0.09361823791290484,0.06285344039950841,False
12,doksuri_2023_jinjiang,I08-doksuri_2023_jinjiang-S20260805,typhoon,A,stationary_ok,STATIONARY_SPECTRAL_MAPPING,3L/4,local_roll_L_deg,deg,8.532109060556468,4.784644046897573,9.782111411998034,25.278363224697973,-8.214145103585036,19.51114789069387,-5.249733665396722,5.264504415880936,4.240672138899433,0.21398295608747941,0.08922758235106644,False
12,doksuri_2023_jinjiang,I08-doksuri_2023_jinjiang-S20260805,typhoon,A,stationary_ok,STATIONARY_SPECTRAL_MAPPING,L/4,local_roll_R_deg,deg,8.585605690814804,4.819869012048984,9.846002354837296,25.45514723298625,-8.28393585135664,21.24586943174251,-6.035061098228137,5.184797205745934,4.424523125132684,0.1577374984076689,0.025610909781758916,False
12,doksuri_2023_jinjiang,I08-doksuri_2023_jinjiang-S20260805,typhoon,A,stationary_ok,STATIONARY_SPECTRAL_MAPPING,L/2,local_roll_R_deg,deg,5.927122952443002,1.9998696849673825,6.255418870885321,12.926666849828841,-1.072420944942837,12.39355051262073,0.3207080971196534,1.9089032919634934,2.085028962313374,0.08806857350445481,0.06467746377108474,False
12,doksuri_2023_jinjiang,I08-doksuri_2023_jinjiang-S20260805,typhoon,A,stationary_ok,STATIONARY_SPECTRAL_MAPPING,3L/4,local_roll_R_deg,deg,8.532105084866664,4.754865089506765,9.767576935894478,25.174132898140343,-8.109922728407014,20.525452969579888,-5.951984466909352,5.2367568095928965,4.20643557333271,0.21668779594481918,0.09569188895977489,False
12,doksuri_2023_jinjiang,I08-doksuri_2023_jinjiang-S20260805,typhoon,A,stationary_ok,STATIONARY_SPECTRAL_MAPPING,L/4,system_roll_deg,deg,0.808922440942287,4.092440977997161,4.171621827760804,15.132465863932353,-13.514620982047777,8.496880755145963,-8.916471440632016,4.694937838556935,3.383993516199267,0.32033310422945765,0.02463934350831237,False
12,doksuri_2023_jinjiang,I08-doksuri_2023_jinjiang-S20260805,typhoon,A,stationary_ok,STATIONARY_SPECTRAL_MAPPING,L/2,system_roll_deg,deg,1.1932220790500152,1.3524608181752373,1.8035878671779961,5.926834942663346,-3.540390784563316,5.161101189400878,-2.989026970396626,1.089431806320053,1.5721771334768706,0.35693849364756136,0.001761702557824519,False
12,doksuri_2023_jinjiang,I08-doksuri_2023_jinjiang-S20260805,typhoon,A,stationary_ok,STATIONARY_SPECTRAL_MAPPING,3L/4,system_roll_deg,deg,0.8106747381245031,4.131714187758563,4.210493517434582,15.271674395279474,-13.650324919030469,8.532985951938253,-8.660949211485836,4.766306152139265,3.3781835083011353,0.33596773173489525,0.04215668856047778,False
13,haiyan_2013_peak,I08-haiyan_2013_peak-S20260805,typhoon,A,stationary_ok,STATIONARY_SPECTRAL_MAPPING,L/4,lateral_common_m,m,108.62825793284502,107.23193517607663,152.6393997077131,483.94003104911326,-266.6835151834232,315.23856998355683,-92.10903838081877,105.05736525034835,109.35571871394276,0.04008463949229715,0.02491451191404493,False
13,haiyan_2013_peak,I08-haiyan_2013_peak-S20260805,typhoon,A,stationary_ok,STATIONARY_SPECTRAL_MAPPING,L/2,lateral_common_m,m,144.47334840945132,150.62648040461207,208.71244572310414,671.6660298255936,-382.71933300669093,435.09005740022275,-124.53961290713181,147.46364789314407,153.71238844854787,0.04148500674395674,0.02558907012602408,False
13,haiyan_2013_peak,I08-haiyan_2013_peak-S20260805,typhoon,A,stationary_ok,STATIONARY_SPECTRAL_MAPPING,3L/4,lateral_common_m,m,108.62565473244176,106.90139543099275,152.4055156847846,482.78053874091637,-265.5292292760328,331.9350750019112,-79.33230710887695,104.85657046420225,108.89293379483088,0.037757817045841975,0.03001995030273876,False
13,haiyan_2013_peak,I08-haiyan_2013_peak-S20260805,typhoon,A,stationary_ok,STATIONARY_SPECTRAL_MAPPING,L/4,vertical_common_m,m,-0.532129327433669,7.376724576367375,7.395892582825784,25.286406689852146,-26.350665344719484,18.251286071261905,-18.233690567817213,7.769045333745684,6.962884982790592,0.10928432295517271,0.007093113688679983,False
13,haiyan_2013_peak,I08-haiyan_2013_peak-S20260805,typhoon,A,stationary_ok,STATIONARY_SPECTRAL_MAPPING,L/2,vertical_common_m,m,-0.7273848577964778,4.636951816893795,4.69365645137629,15.501946501331803,-16.956716216924757,12.57338830857625,-14.955434847443955,4.873223281156588,4.3844705110194235,0.10540389234938626,0.05651409410842575,False
13,haiyan_2013_peak,I08-haiyan_2013_peak-S20260805,typhoon,A,stationary_ok,STATIONARY_SPECTRAL_MAPPING,3L/4,vertical_common_m,m,-0.5321407623387292,7.417812627618068,7.436875551560112,25.430203434324508,-26.49448495900197,18.922052088545602,-19.751183913716105,7.775252663646886,7.042904559348933,0.09872830995639714,0.0002646545029354554,False
13,haiyan_2013_peak,I08-haiyan_2013_peak-S20260805,typhoon,A,stationary_ok,STATIONARY_SPECTRAL_MAPPING,L/4,local_roll_L_deg,deg,15.735801207029573,8.478580337588076,17.874612280217114,45.410832388587835,-13.939229974528692,39.78623849442891,-10.583018785047182,8.768123200557271,8.178116024652649,0.06958796784515263,0.0253303642007701,False
13,haiyan_2013_peak,I08-haiyan_2013_peak-S20260805,typhoon,A,stationary_ok,STATIONARY_SPECTRAL_MAPPING,L/2,local_roll_L_deg,deg,10.86330708997011,4.093401582470048,11.60893524171632,25.190212628615278,-3.463598448675059,23.868490616621365,-1.26290454133375,3.95557972467138,4.225194164177415,0.06586562155559232,0.043408843399511184,False
13,haiyan_2013_peak,I08-haiyan_2013_peak-S20260805,typhoon,A,stationary_ok,STATIONARY_SPECTRAL_MAPPING,3L/4,local_roll_L_deg,deg,15.637744648248873,8.359233246672916,17.73177481686811,44.895061011604085,-13.619571715106336,36.99268059171507,-9.699481185422233,8.862895165279305,7.812038119256449,0.12571213351907726,0.07302763386914843,False
13,haiyan_2013_peak,I08-haiyan_2013_peak-S20260805,typhoon,A,stationary_ok,STATIONARY_SPECTRAL_MAPPING,L/4,local_roll_R_deg,deg,15.735793868855897,8.521579741563556,17.89504205010285,45.56132296432834,-14.08973522661655,40.388636574733454,-12.329032330166626,8.728009292970102,8.309867116551471,0.04906862214515977,0.020126196461701214,False
13,haiyan_2013_peak,I08-haiyan_2013_peak-S20260805,typhoon,A,stationary_ok,STATIONARY_SPECTRAL_MAPPING,L/2,local_roll_R_deg,deg,10.86329705483552,4.105887184478295,11.613334253058472,25.233902200509554,-3.507308090838512,23.639161568167065,-0.9737168007320935,3.979247590246088,4.227052160531853,0.06035347761686051,0.0449684817111434,False
13,haiyan_2013_peak,I08-haiyan_2013_peak-S20260805,typhoon,A,stationary_ok,STATIONARY_SPECTRAL_MAPPING,3L/4,local_roll_R_deg,deg,15.637737361560255,8.287964378535506,17.698281931560782,44.645612686434525,-13.370137963314015,40.04921111897329,-9.234076665597428,8.81570013420373,7.7110056914984,0.1332889950114061,0.07929347384970976,False
13,haiyan_2013_peak,I08-haiyan_2013_peak-S20260805,typhoon,A,stationary_ok,STATIONARY_SPECTRAL_MAPPING,L/4,system_roll_deg,deg,1.4826020719979685,6.256701902544731,6.429963265929248,23.381058730904527,-20.415854586908587,12.84200788951913,-14.579266739783504,7.158786238733952,5.200022780909188,0.3130664507171253,0.023385008024910968,False
13,haiyan_2013_peak,I08-haiyan_2013_peak-S20260805,typhoon,A,stationary_ok,STATIONARY_SPECTRAL_MAPPING,L/2,system_roll_deg,deg,2.1869507349710084,2.482866024207194,3.3086820958430976,10.876981819696187,-6.503080349754171,9.763216023771964,-5.398144418687949,1.9458490431257376,2.9229891557661047,0.39355329812947865,0.005122504792881278,False
13,haiyan_2013_peak,I08-haiyan_2013_peak-S20260805,typhoon,A,stationary_ok,STATIONARY_SPECTRAL_MAPPING,3L/4,system_roll_deg,deg,1.4858137018176136,6.322465991101199,6.494706965301839,23.61444467067181,-20.642817267036584,13.079589720148546,-13.831887694731012,7.277905000290519,5.191539128028139,0.3299924230828473,0.041141708194856234,False
14,meranti_2016_peak,I08-meranti_2016_peak-S20260805,typhoon,A,stationary_ok,STATIONARY_SPECTRAL_MAPPING,L/4,lateral_common_m,m,99.31698315724061,97.17484240860567,138.94895876037705,439.42893158736047,-240.79496527287927,287.0178987041472,-82.43020569989277,95.17673072052864,99.12450196545883,0.040625445301268485,0.026019832720770318,False
14,meranti_2016_peak,I08-meranti_2016_peak-S20260805,typhoon,A,stationary_ok,STATIONARY_SPECTRAL_MAPPING,L/2,lateral_common_m,m,132.0895445043601,136.51548559715638,189.95822060441802,609.8937440944075,-345.71465508568724,396.1922100685002,-112.1204081723265,133.62441289394496,139.33406240254882,0.04182418927514544,0.026606521894164525,False
14,meranti_2016_peak,I08-meranti_2016_peak-S20260805,typhoon,A,stationary_ok,STATIONARY_SPECTRAL_MAPPING,3L/4,lateral_common_m,m,99.31460309504018,96.87694217321288,138.73907997661436,438.38390070128526,-239.7546945112049,302.2002387221469,-71.09322421378548,95.00736404959923,98.69592798805891,0.03807473538816538,0.031180113946660527,False
14,meranti_2016_peak,I08-meranti_2016_peak-S20260805,typhoon,A,stationary_ok,STATIONARY_SPECTRAL_MAPPING,L/4,vertical_common_m,m,-0.4865168645425162,6.692342963514139,6.71000394938643,22.93668350775697,-23.909717236842003,16.617799087894184,-16.53057378817055,7.048860207734847,6.316234976332794,0.10947215876356588,0.007071463004020744,False
14,meranti_2016_peak,I08-meranti_2016_peak-S20260805,typhoon,A,stationary_ok,STATIONARY_SPECTRAL_MAPPING,L/2,vertical_common_m,m,-0.6650357010720458,4.197779180405126,4.250132060435666,14.027191430345894,-15.357262832489987,11.384729987160286,-13.539540306767282,4.4138166424215965,3.9666800692113986,0.10651741170602617,0.05767164254126698,False
14,meranti_2016_peak,I08-meranti_2016_peak-S20260805,typhoon,A,stationary_ok,STATIONARY_SPECTRAL_MAPPING,3L/4,vertical_common_m,m,-0.4865273192832524,6.729519550648191,6.747083978650716,23.066791107985416,-24.03984574655192,17.14364828825583,-17.97866580696464,7.053915400957381,6.389262652466736,0.09876674604899917,0.0008414807781162339,False
14,meranti_2016_peak,I08-meranti_2016_peak-S20260805,typhoon,A,stationary_ok,STATIONARY_SPECTRAL_MAPPING,L/4,local_roll_L_deg,deg,14.386977506445875,7.774175996119157,16.353071093516803,41.59659349286293,-12.822638479971177,36.293257034498,-9.684440693251167,8.102396119287487,7.430755111542706,0.08639385165451129,0.02620515171589149,False
14,meranti_2016_peak,I08-meranti_2016_peak-S20260805,typhoon,A,stationary_ok,STATIONARY_SPECTRAL_MAPPING,L/2,local_roll_L_deg,deg,9.93213835716197,3.675406882666563,10.590372424941476,22.79606244649494,-2.931785732171001,21.412863726213637,-0.9384652726340956,3.54158615957171,3.8029350195503735,0.07110746328826885,0.04606677550195843,False
14,meranti_2016_peak,I08-meranti_2016_peak-S20260805,typhoon,A,stationary_ok,STATIONARY_SPECTRAL_MAPPING,3L/4,local_roll_L_deg,deg,14.297326049429044,7.6785450460632365,16.228788808414034,41.172233710650374,-12.577581611792285,33.46805225721471,-8.71911338716067,8.192364289506592,7.1166355531868986,0.14009538654347237,0.07561907744758273,False
14,meranti_2016_peak,I08-meranti_2016_peak-S20260805,typhoon,A,stationary_ok,STATIONARY_SPECTRAL_MAPPING,L/4,local_roll_R_deg,deg,14.38697079727751,7.813005241797379,16.371560085406312,41.73248914356834,-12.958547549013318,36.71089190348714,-11.102190850767602,8.069606319849665,7.5474743283061985,0.06682857305025314,0.02092203419446042,False
14,meranti_2016_peak,I08-meranti_2016_peak-S20260805,typhoon,A,stationary_ok,STATIONARY_SPECTRAL_MAPPING,L/2,local_roll_R_deg,deg,9.932129182207754,3.6866074565264273,10.59425620940796,22.835255280050248,-2.970996915634741,21.48310113751465,-0.665580177727108,3.5629232657827203,3.804543460226594,0.06553998419770232,0.0476646688950471,False
14,meranti_2016_peak,I08-meranti_2016_peak-S20260805,typhoon,A,stationary_ok,STATIONARY_SPECTRAL_MAPPING,3L/4,local_roll_R_deg,deg,14.2973193873326,7.615759042542576,16.199170579306386,40.952476036231616,-12.357837261566416,36.26947551659746,-8.666414246294984,8.148709228742755,7.029444398136357,0.14696694372209596,0.08192878743389846,False
14,meranti_2016_peak,I08-meranti_2016_peak-S20260805,typhoon,A,stationary_ok,STATIONARY_SPECTRAL_MAPPING,L/4,system_roll_deg,deg,1.3555180559421458,5.889068795406922,6.04305886757863,21.96725883986637,-19.25622272798208,12.11846443677301,-13.583029630146704,6.741026486728977,4.890494025108643,0.31423176157555255,0.02361732832121105,False
14,meranti_2016_peak,I08-meranti_2016_peak-S20260805,typhoon,A,stationary_ok,STATIONARY_SPECTRAL_MAPPING,L/2,system_roll_deg,deg,1.9994921528163176,2.2683529335772,3.0238045407139533,9.938727420336518,-5.939743114703883,8.894695019801679,-4.959596560433521,1.7818606217296726,2.667702493506177,0.3905220650031425,0.004130817755348443,False
14,meranti_2016_peak,I08-meranti_2016_peak-S20260805,typhoon,A,stationary_ok,STATIONARY_SPECTRAL_MAPPING,3L/4,system_roll_deg,deg,1.3584543948909151,5.950133476913378,6.103235759503621,22.18392156408774,-19.467012774305907,12.28091197704916,-12.933412334933251,6.851652701674703,4.882491594415411,0.330944022499608,0.04130704540296806,False
15,goni_2020_landfall,I08-goni_2020_landfall-S20260805,typhoon,A,stationary_ok,STATIONARY_SPECTRAL_MAPPING,L/4,lateral_common_m,m,156.91466666417455,159.8091886313269,223.96693815233542,716.2468268738187,-402.4174935454696,461.5354572254186,-142.93668116671063,156.76623167066148,162.79134547381145,0.03770192349233215,0.020821975813829278,False
15,goni_2020_landfall,I08-goni_2020_landfall-S20260805,typhoon,A,stationary_ok,STATIONARY_SPECTRAL_MAPPING,L/2,lateral_common_m,m,208.69327870047397,224.37921437665287,306.42930084937643,994.0205290187589,-576.6339716178111,636.6952685449489,-189.19750259619593,219.8511508509477,228.80981958550402,0.0399264644875612,0.021826224900425472,False
15,goni_2020_landfall,I08-goni_2020_landfall-S20260805,typhoon,A,stationary_ok,STATIONARY_SPECTRAL_MAPPING,3L/4,lateral_common_m,m,156.91090631367916,159.31017657412178,223.60850806768974,714.4965243231054,-400.67471169574713,486.0091152980997,-122.660662212447,156.3850206273867,162.1696900396707,0.03631073379416287,0.025745041844590946,False
15,goni_2020_landfall,I08-goni_2020_landfall-S20260805,typhoon,A,stationary_ok,STATIONARY_SPECTRAL_MAPPING,L/4,vertical_common_m,m,-0.7686664374946093,10.917834386240255,10.944859787932451,37.44375391434628,-38.9810867893355,26.629463416514444,-27.01996659365297,11.495606240144097,10.308550754898281,0.10872627695670689,0.00697940805670977,False
15,goni_2020_landfall,I08-goni_2020_landfall-S20260805,typhoon,A,stationary_ok,STATIONARY_SPECTRAL_MAPPING,L/2,vertical_common_m,m,-1.0507151147380362,6.920898355565498,7.000202589954678,23.172429129741207,-25.27385935921728,18.740079373486203,-22.334660014972048,7.255116494119834,6.565307925459477,0.09967037994506044,0.05235965232720919,False
15,goni_2020_landfall,I08-goni_2020_landfall-S20260805,typhoon,A,stationary_ok,STATIONARY_SPECTRAL_MAPPING,3L/4,vertical_common_m,m,-0.7686829553358233,10.97916555689094,11.006041514161401,37.65839649378247,-39.19576240445412,28.119429036287464,-28.83677307984747,11.50927589712225,10.423081105744881,0.09893236291492415,0.001798259685376572,False
15,goni_2020_landfall,I08-goni_2020_landfall-S20260805,typhoon,A,stationary_ok,STATIONARY_SPECTRAL_MAPPING,L/4,local_roll_L_deg,deg,22.7305311535165,12.238310469021465,25.81575661601156,65.56461779509164,-20.103555488058625,58.0080417214874,-15.174940517871157,12.226035502670735,12.2501411683378,0.0019696890128815697,0.02178609958782654,False
15,goni_2020_landfall,I08-goni_2020_landfall-S20260805,typhoon,A,stationary_ok,STATIONARY_SPECTRAL_MAPPING,L/2,local_roll_L_deg,deg,15.692161904566593,6.385563810071967,16.941646036074292,38.041635239818476,-6.657311430685294,37.20253788985288,-3.2038327044971773,6.249067084633271,6.5179671530173735,0.042110622708047406,0.03352065052803954,False
15,goni_2020_landfall,I08-goni_2020_landfall-S20260805,typhoon,A,stationary_ok,STATIONARY_SPECTRAL_MAPPING,3L/4,local_roll_L_deg,deg,22.588887418008728,11.97818600682495,25.568237616182504,64.51253844189606,-19.334763605878596,55.84550769107078,-15.025401166484873,12.356075716717001,11.577153123404887,0.06502842691441743,0.06187698680819168,False
15,goni_2020_landfall,I08-goni_2020_landfall-S20260805,typhoon,A,stationary_ok,STATIONARY_SPECTRAL_MAPPING,L/4,local_roll_R_deg,deg,22.730520553447054,12.30297035000294,25.846462892700238,65.79091677845734,-20.32987567156324,59.79030836012508,-18.896812933380186,12.140614889168246,12.463352898746633,0.026232527625193378,0.01692963157080735,False
15,goni_2020_landfall,I08-goni_2020_landfall-S20260805,typhoon,A,stationary_ok,STATIONARY_SPECTRAL_MAPPING,L/2,local_roll_R_deg,deg,15.692147408708609,6.404758810688533,16.948876827676006,38.10880324611848,-6.724508428701258,36.77308611311204,-3.27044259098931,6.284647394512899,6.521264506387753,0.036943953530299466,0.03492726394545102,False
15,goni_2020_landfall,I08-goni_2020_landfall-S20260805,typhoon,A,stationary_ok,STATIONARY_SPECTRAL_MAPPING,3L/4,local_roll_R_deg,deg,22.588876892310022,11.86027299802486,25.513201187691347,64.09983238539704,-18.922078600776988,60.18854836676246,-14.006400504168038,12.291293396729587,11.39980596930358,0.07516584378576027,0.06788028916143724,False
15,goni_2020_landfall,I08-goni_2020_landfall-S20260805,typhoon,A,stationary_ok,STATIONARY_SPECTRAL_MAPPING,L/4,system_roll_deg,deg,2.1416343624602447,7.964619939739446,8.247531056441417,30.017804151548305,-25.734535426627815,16.115530133455618,-19.361876734257624,9.09524429879681,6.643928132428805,0.30777566097500414,0.022222477623330787,False
15,goni_2020_landfall,I08-goni_2020_landfall-S20260805,typhoon,A,stationary_ok,STATIONARY_SPECTRAL_MAPPING,L/2,system_roll_deg,deg,3.159073450308803,3.6006161070318496,4.790008498391538,15.761229824920276,-9.44308292430267,14.25171667317373,-7.566528805125875,2.8138416217389257,4.244149765505923,0.3972398337533586,0.008972094879211134,False
15,goni_2020_landfall,I08-goni_2020_landfall-S20260805,typhoon,A,stationary_ok,STATIONARY_SPECTRAL_MAPPING,3L/4,system_roll_deg,deg,2.1462735956780867,8.052936703282743,8.33404343008742,30.331552057167688,-26.039004865811517,16.812159010438048,-18.102429699042084,9.25538904413207,6.632899026859374,0.32565635542666677,0.04035490375532729,False
16,tip_1979_peak,I08-tip_1979_peak-S20260805,typhoon,C,stationary_ok,STATIONARY_SPECTRAL_MAPPING,L/4,lateral_common_m,m,137.91328124780964,139.05892538205092,195.85060090014593,624.6195200849878,-348.7929575893686,404.007311366688,-122.8624383520889,136.34875605756682,141.7118621817593,0.0385671477717656,0.022180934175306054,False
16,tip_1979_peak,I08-tip_1979_peak-S20260805,typhoon,C,stationary_ok,STATIONARY_SPECTRAL_MAPPING,L/2,lateral_common_m,m,183.42182698283838,195.27468903650842,267.91000502412624,866.8832386106179,-500.0395846449411,557.4260837627813,-163.753207133539,191.275123464513,199.18443373362592,0.040503509738705576,0.02307470417985168,False
16,tip_1979_peak,I08-tip_1979_peak-S20260805,typhoon,C,stationary_ok,STATIONARY_SPECTRAL_MAPPING,3L/4,lateral_common_m,m,137.9099762522571,138.62590261280627,195.54105048585927,623.100635397079,-347.28068289256487,425.4341495833728,-105.53764695332413,136.04155034854006,141.14918484704515,0.03684473393670981,0.027160466505159457,False
16,tip_1979_peak,I08-tip_1979_peak-S20260805,typhoon,C,stationary_ok,STATIONARY_SPECTRAL_MAPPING,L/4,vertical_common_m,m,-0.6755857360792464,9.52755123178957,9.55147363296202,32.67084357518424,-34.02201504734274,23.353540175184666,-23.576214243330185,10.032463122189455,8.995055435030482,0.10888502847379766,0.007052659972735514,False
16,tip_1979_peak,I08-tip_1979_peak-S20260805,typhoon,C,stationary_ok,STATIONARY_SPECTRAL_MAPPING,L/2,vertical_common_m,m,-0.9234800813127277,6.022065073360189,6.092461178240368,20.15374767544793,-22.00070783807339,16.316007942726593,-19.427618998394593,6.319153314730852,5.705484709987676,0.10190334997505458,0.05371473903138729,False
16,tip_1979_peak,I08-tip_1979_peak-S20260805,typhoon,C,stationary_ok,STATIONARY_SPECTRAL_MAPPING,3L/4,vertical_common_m,m,-0.6756002537131262,9.580932053222543,9.604722521306089,32.857661932565776,-34.20886243999203,24.509891588860263,-25.28531799392104,10.042912190916622,9.09635510141357,0.09879592969085697,0.001126032156657444,False
16,tip_1979_peak,I08-tip_1979_peak-S20260805,typhoon,C,stationary_ok,STATIONARY_SPECTRAL_MAPPING,L/4,local_roll_L_deg,deg,19.978005896645357,10.736878374322112,22.680416152076717,57.557080206772746,-17.601068413482032,50.81874459134735,-13.374100369303925,10.861292544844263,10.610471625200486,0.023360693015171935,0.02301901057838747,False
16,tip_1979_peak,I08-tip_1979_peak-S20260805,typhoon,C,stationary_ok,STATIONARY_SPECTRAL_MAPPING,L/2,local_roll_L_deg,deg,13.79193917393548,5.461097530826286,14.833784831213276,32.90578053182748,-5.321902183956519,31.848827474192788,-2.389655663021971,5.320068226718432,5.597215856423438,0.05074943784479034,0.03679554981442656,False
16,tip_1979_peak,I08-tip_1979_peak-S20260805,typhoon,C,stationary_ok,STATIONARY_SPECTRAL_MAPPING,3L/4,local_roll_L_deg,deg,19.853514332234234,10.535089195567855,22.47554528145648,56.72632651672173,-17.01929785225326,48.32288006432575,-12.88592109300933,10.97502899900651,10.064922710523376,0.0863880952110038,0.06586428752792693,False
16,tip_1979_peak,I08-tip_1979_peak-S20260805,typhoon,C,stationary_ok,STATIONARY_SPECTRAL_MAPPING,L/4,local_roll_R_deg,deg,19.977996580178075,10.793028595549053,22.707043260229774,57.753596664599755,-17.797603504243607,52.097173378831585,-16.2761998878993,10.794972501722116,10.791106046974747,0.00035823631088715077,0.01803582561637774,False
16,tip_1979_peak,I08-tip_1979_peak-S20260805,typhoon,C,stationary_ok,STATIONARY_SPECTRAL_MAPPING,L/2,local_roll_R_deg,deg,13.791926433435306,5.477647572366544,14.839873910257614,32.96369293671821,-5.379840069847598,31.46453627930405,-2.2991199036835237,5.350995730420951,5.599922620689812,0.045444123043738606,0.03825506588469343,False
16,tip_1979_peak,I08-tip_1979_peak-S20260805,typhoon,C,stationary_ok,STATIONARY_SPECTRAL_MAPPING,3L/4,local_roll_R_deg,deg,19.85350508113185,10.435931389438833,22.42922932183812,56.379264944167765,-16.672254781904066,52.163112444031334,-12.034275127594537,10.917020929205695,9.918265339952614,0.095703541158178,0.07197586712639091,False
16,tip_1979_peak,I08-tip_1979_peak-S20260805,typhoon,C,stationary_ok,STATIONARY_SPECTRAL_MAPPING,L/4,system_roll_deg,deg,1.8822958263810727,7.326745308961543,7.564670144851101,27.525904407746474,-23.76131275498433,14.912811720706042,-17.54755199174673,8.372876922326835,6.103480612127364,0.3097413946440461,0.022671646923923847,False
16,tip_1979_peak,I08-tip_1979_peak-S20260805,typhoon,C,stationary_ok,STATIONARY_SPECTRAL_MAPPING,L/2,system_roll_deg,deg,2.776529399685471,3.160055265099095,4.206550223853065,13.836722827532302,-8.283664028161361,12.492470609603123,-6.733348053900864,2.46907185658094,3.725178346598615,0.39749510202894667,0.007667808943988784,False
16,tip_1979_peak,I08-tip_1979_peak-S20260805,typhoon,C,stationary_ok,STATIONARY_SPECTRAL_MAPPING,3L/4,system_roll_deg,deg,1.8863732774514443,7.40652762032424,7.64297425957387,27.809219948586282,-24.036473393683394,15.415417813418399,-16.492586949866034,8.517435576076677,6.0934716583775375,0.32727399963345094,0.04065479676362149,False
17,mangkhut_2018_peak,I08-mangkhut_2018_peak-S20260805,typhoon,A,stationary_ok,STATIONARY_SPECTRAL_MAPPING,L/4,lateral_common_m,m,128.50224281389512,128.80556267471843,181.94422052967792,579.3217121754096,-322.3172265476194,375.4862612402263,-112.94357202631235,126.26441166998157,131.2914173277491,0.03902786147879779,0.02295967322742204,False
17,mangkhut_2018_peak,I08-mangkhut_2018_peak-S20260805,typhoon,A,stationary_ok,STATIONARY_SPECTRAL_MAPPING,L/2,lateral_common_m,m,170.90533946447826,180.8919687525773,248.85847266398616,804.0272300984989,-462.2165511695423,518.1230119961978,-151.1458701124922,177.15832918787157,184.53977328022899,0.04080581433913021,0.02379064232682479,False
17,mangkhut_2018_peak,I08-mangkhut_2018_peak-S20260805,typhoon,A,stationary_ok,STATIONARY_SPECTRAL_MAPPING,3L/4,lateral_common_m,m,128.49916334731174,128.4054015237045,181.65897203667888,577.9180686802775,-320.919741985654,395.40181508746207,-97.08329873884455,125.99251892546194,130.7596106463252,0.037125320775413216,0.027973513582693357,False
17,mangkhut_2018_peak,I08-mangkhut_2018_peak-S20260805,typhoon,A,stationary_ok,STATIONARY_SPECTRAL_MAPPING,L/4,vertical_common_m,m,-0.6294845682285456,8.837107367722096,8.859498713261717,30.30039121879879,-31.55936035525588,21.720537138173825,-21.863030460645582,9.305860659270335,8.342718492989917,0.10898839701759597,0.0070783449251015955,False
17,mangkhut_2018_peak,I08-mangkhut_2018_peak-S20260805,typhoon,A,stationary_ok,STATIONARY_SPECTRAL_MAPPING,L/2,vertical_common_m,m,-0.8604628979091047,5.576667908190258,5.642660840146006,18.657874780756796,-20.378800576575006,15.113513670145228,-17.98849620826781,5.85468616294672,5.280159620732406,0.10302326616410615,0.054502573208577695,False
17,mangkhut_2018_peak,I08-mangkhut_2018_peak-S20260805,typhoon,A,stationary_ok,STATIONARY_SPECTRAL_MAPPING,3L/4,vertical_common_m,m,-0.6294980951963399,8.886541553285818,8.90880960791796,30.473397341304025,-31.732393531696705,22.7165034593685,-23.514391278756715,9.314847829785293,8.437297795369348,0.0987504564237894,0.0007351096667106917,False
17,mangkhut_2018_peak,I08-mangkhut_2018_peak-S20260805,typhoon,A,stationary_ok,STATIONARY_SPECTRAL_MAPPING,L/4,local_roll_L_deg,deg,18.61473051355541,10.003823755736105,21.132550291626444,53.628113658631776,-16.398652631520957,47.266397189865614,-12.482263360453949,10.187850677529841,9.815765364775054,0.03719430908020917,0.023699947790437874,False
17,mangkhut_2018_peak,I08-mangkhut_2018_peak-S20260805,typhoon,A,stationary_ok,STATIONARY_SPECTRAL_MAPPING,L/2,local_roll_L_deg,deg,12.85079363327582,5.013467183749224,13.794120131692805,30.397928776398103,-4.696341509846462,29.245469242619734,-2.0119713614461183,4.872028554453181,5.14960465812187,0.05536609565699972,0.03868008341832723,False
17,mangkhut_2018_peak,I08-mangkhut_2018_peak-S20260805,typhoon,A,stationary_ok,STATIONARY_SPECTRAL_MAPPING,3L/4,local_roll_L_deg,deg,18.498734105569905,9.829652261826345,20.948155696791137,52.90251702196211,-15.905048810822304,44.64440791658227,-11.846165588207352,10.294748020385056,9.33031847845699,0.09811430925928558,0.06801922865009993,False
17,mangkhut_2018_peak,I08-mangkhut_2018_peak-S20260805,typhoon,A,stationary_ok,STATIONARY_SPECTRAL_MAPPING,L/4,local_roll_R_deg,deg,18.61472183283278,10.055748222548997,21.157172335381652,53.80984061175427,-16.580396946088708,48.31319429855816,-14.994481546265174,10.130424695114478,9.980476354494089,0.01491170396292789,0.018649567466329404,False
17,mangkhut_2018_peak,I08-mangkhut_2018_peak-S20260805,typhoon,A,stationary_ok,STATIONARY_SPECTRAL_MAPPING,L/2,local_roll_R_deg,deg,12.850781762172232,5.028708653671345,13.79965588782878,30.45126205002194,-4.7496985256774735,28.88431920760539,-1.84844504251355,4.900635091765733,5.152029455200722,0.0499918330427538,0.04016895535653822,False
17,mangkhut_2018_peak,I08-mangkhut_2018_peak-S20260805,typhoon,A,stationary_ok,STATIONARY_SPECTRAL_MAPPING,3L/4,local_roll_R_deg,deg,18.49872548575176,9.739620174355187,20.906052849304388,52.58739609599492,-15.589945124491397,48.23582741653884,-11.08119728779064,10.240164004127822,9.198597850795212,0.10694114705572358,0.07418254147862686,False
17,mangkhut_2018_peak,I08-mangkhut_2018_peak-S20260805,typhoon,A,stationary_ok,STATIONARY_SPECTRAL_MAPPING,L/4,system_roll_deg,deg,1.7538501958675103,6.995572902309732,7.212075342165715,26.238355353951572,-22.73065496221655,14.278723429812192,-16.61862276834842,7.99742447611493,5.823453285597347,0.31076385320776256,0.02289804088999182,False
17,mangkhut_2018_peak,I08-mangkhut_2018_peak-S20260805,typhoon,A,stationary_ok,STATIONARY_SPECTRAL_MAPPING,L/2,system_roll_deg,deg,2.5870623327219784,2.942109583846903,3.9177672616877945,12.884445876186138,-7.710321210742182,11.617527986509785,-6.311280777476379,2.299766023093852,3.4676114001470717,0.3969414951316069,0.006930755224838755,False
17,mangkhut_2018_peak,I08-mangkhut_2018_peak-S20260805,typhoon,A,stationary_ok,STATIONARY_SPECTRAL_MAPPING,3L/4,system_roll_deg,deg,1.75764940652196,7.070969926876177,7.286147620178601,26.506044150588583,-22.990745337544663,14.690161917424657,-15.663028277043068,8.134005241793698,5.813939133554376,0.32811143764322076,0.04080715439911299,False
18,lanyu_ryan_1995_gust,I08-lanyu_ryan_1995_gust-S20260805,typhoon,C,stationary_ok,STATIONARY_SPECTRAL_MAPPING,L/4,lateral_common_m,m,96.09262172065989,93.70184099904523,134.21559877957625,424.04906521731823,-231.86382177599842,277.249274834855,-79.09561314684588,91.76555989305436,95.59051484207048,0.040820488778391145,0.02643840269707207,False
18,lanyu_ryan_1995_gust,I08-lanyu_ryan_1995_gust-S20260805,typhoon,C,stationary_ok,STATIONARY_SPECTRAL_MAPPING,L/2,lateral_common_m,m,127.80121012351125,131.64221014174336,183.4743055581266,588.548945619613,-332.9465253725905,382.7264944474599,-107.8290611787894,128.84588392460677,134.36761519285088,0.0419449906097648,0.026991893526021372,False
18,lanyu_ryan_1995_gust,I08-lanyu_ryan_1995_gust-S20260805,typhoon,C,stationary_ok,STATIONARY_SPECTRAL_MAPPING,3L/4,lateral_common_m,m,96.09031892803142,93.41523306438572,134.01401105915863,423.04363465338145,-230.8629967973186,291.9091595657306,-68.25401476126046,91.6067580493124,95.17407686086932,0.03818776332868719,0.031619963131662175,False
18,lanyu_ryan_1995_gust,I08-lanyu_ryan_1995_gust-S20260805,typhoon,C,stationary_ok,STATIONARY_SPECTRAL_MAPPING,L/4,vertical_common_m,m,-0.4707219202499225,6.455474523161908,6.472613880450172,22.123438910816756,-23.0648827513166,16.05106702088486,-15.941279125536987,6.799600755913758,6.092424867820907,0.10954669336166392,0.007057853464782483,False
18,lanyu_ryan_1995_gust,I08-lanyu_ryan_1995_gust-S20260805,typhoon,C,stationary_ok,STATIONARY_SPECTRAL_MAPPING,L/2,vertical_common_m,m,-0.6434450788006142,4.045975396861227,4.096820533223184,13.51746881021368,-14.804358967814908,10.973613847224998,-13.050368980097177,4.254909031979148,3.822389954216303,0.10690106472184258,0.05811359370021371,False
18,lanyu_ryan_1995_gust,I08-lanyu_ryan_1995_gust-S20260805,typhoon,C,stationary_ok,STATIONARY_SPECTRAL_MAPPING,3L/4,vertical_common_m,m,-0.47073203557375515,6.4912972065020895,6.508342959037826,22.24880818718356,-23.190272258331067,16.528151940670305,-17.363742738532743,6.804280203001986,6.163006570803918,0.09878975061498159,0.0010620344377708577,False
18,lanyu_ryan_1995_gust,I08-lanyu_ryan_1995_gust-S20260805,typhoon,C,stationary_ok,STATIONARY_SPECTRAL_MAPPING,L/4,local_roll_L_deg,deg,13.919899127843756,7.531660061900035,15.826859922845259,40.28070934449388,-12.440911088806367,35.085631068015076,-9.371973448664011,7.871494223995456,7.175017606654566,0.0924731880643572,0.02652811439322842,False
18,lanyu_ryan_1995_gust,I08-lanyu_ryan_1995_gust-S20260805,typhoon,C,stationary_ok,STATIONARY_SPECTRAL_MAPPING,L/2,local_roll_L_deg,deg,9.60968792740098,3.532787523909134,10.238490599259451,21.97444426108295,-2.755068406280989,20.573030354629147,-0.8306383641551864,3.4007254889154264,3.6584826014890885,0.07296139686556816,0.04706799333920767,False
18,lanyu_ryan_1995_gust,I08-lanyu_ryan_1995_gust-S20260805,typhoon,C,stationary_ok,STATIONARY_SPECTRAL_MAPPING,3L/4,local_roll_L_deg,deg,13.833158237494862,7.443899223350021,15.708847903998658,39.886805519219934,-12.220489044230211,32.25735930799129,-8.383753221777686,7.959896063619055,6.878237393728666,0.1453080754367876,0.07655769895581734,False
18,lanyu_ryan_1995_gust,I08-lanyu_ryan_1995_gust-S20260805,typhoon,C,stationary_ok,STATIONARY_SPECTRAL_MAPPING,L/4,local_roll_R_deg,deg,13.919892636490935,7.569048819567555,15.844680843880433,40.41156350497738,-12.571778231995506,35.443133889525235,-10.681019760404705,7.841109972576695,7.286607447885798,0.07325920837733185,0.02121637999123676,False
18,lanyu_ryan_1995_gust,I08-lanyu_ryan_1995_gust-S20260805,typhoon,C,stationary_ok,STATIONARY_SPECTRAL_MAPPING,L/2,local_roll_R_deg,deg,9.609679050314941,3.5435444845039816,10.242198932051675,22.012084746078877,-2.792726645448994,20.73973946650761,-0.56910501013218,3.4212532104361464,3.6600073816832053,0.06737721857059718,0.04868005834486411,False
18,lanyu_ryan_1995_gust,I08-lanyu_ryan_1995_gust-S20260805,typhoon,C,stationary_ok,STATIONARY_SPECTRAL_MAPPING,3L/4,local_roll_R_deg,deg,13.833151791685768,7.383994624992128,15.680544158725226,39.677132979158216,-12.01082939578668,34.96976879847995,-8.465297902745213,7.917479194799483,6.795738549984494,0.1519151491549448,0.0828818633957366,False
18,lanyu_ryan_1995_gust,I08-lanyu_ryan_1995_gust-S20260805,typhoon,C,stationary_ok,STATIONARY_SPECTRAL_MAPPING,L/4,system_roll_deg,deg,1.3115106766679594,5.758115146535757,5.905586363417146,21.46491368954311,-18.841892336207188,11.859218952765206,-13.231314587136556,6.59214097428122,4.780342289997816,0.3146513465215145,0.023698386398501317,False
18,lanyu_ryan_1995_gust,I08-lanyu_ryan_1995_gust-S20260805,typhoon,C,stationary_ok,STATIONARY_SPECTRAL_MAPPING,L/2,system_roll_deg,deg,1.9345779237958942,2.194189106385048,2.925244874846762,9.614239796143563,-5.745083948551774,8.593972278561075,-4.806069537723196,1.7253563036411148,2.5793111038505123,0.3891892443201023,0.0037616984301663786,False
18,lanyu_ryan_1995_gust,I08-lanyu_ryan_1995_gust-S20260805,typhoon,C,stationary_ok,STATIONARY_SPECTRAL_MAPPING,3L/4,system_roll_deg,deg,1.3143516863208693,5.817523017483937,5.9641507705867,21.67568224751465,-19.046978874872913,11.996739424918848,-12.615089458312967,6.699776446601137,4.772507169074148,0.33128691914665226,0.0413660473917694,False
19,patricia_2015_peak,I08-patricia_2015_peak-S20260805,hurricane,A,stationary_ok,STATIONARY_SPECTRAL_MAPPING,L/4,lateral_common_m,m,188.16250670183643,194.00949089418043,270.2680363737779,867.1957248314679,-490.870711427795,555.8968333449103,-175.96670753854625,190.44231504675523,197.51085886465503,0.03643401044619637,0.019041358951530397,False
19,patricia_2015_peak,I08-patricia_2015_peak-S20260805,hurricane,A,stationary_ok,STATIONARY_SPECTRAL_MAPPING,L/2,lateral_common_m,m,250.25226313705426,272.3434058117655,369.8609548118988,1203.4541834782335,-702.949657204125,766.7194298486921,-230.851148919513,266.969997948954,277.60785615158136,0.039060458140777854,0.02019251316146211,False
19,patricia_2015_peak,I08-patricia_2015_peak-S20260805,hurricane,A,stationary_ok,STATIONARY_SPECTRAL_MAPPING,3L/4,lateral_common_m,m,188.15799751865848,193.40336344217425,269.8301188173352,865.0697695662684,-488.75377452895145,585.3244276431528,-150.8862700645193,189.93294510549973,196.80129737014244,0.03551309626885719,0.023897858195516507,False
19,patricia_2015_peak,I08-patricia_2015_peak-S20260805,hurricane,A,stationary_ok,STATIONARY_SPECTRAL_MAPPING,L/4,vertical_common_m,m,-0.9217379533176423,13.189566297037326,13.221734377854107,45.24174408631299,-47.08521999294828,31.951592200283965,-32.62850154401834,13.886531927990271,12.454657539500301,0.1085611426671096,0.006826154337686572,False
19,patricia_2015_peak,I08-patricia_2015_peak-S20260805,hurricane,A,stationary_ok,STATIONARY_SPECTRAL_MAPPING,L/2,vertical_common_m,m,-1.2599535404917965,8.394779590479258,8.488804821464852,28.121775026185606,-30.6416821071692,22.707999972590134,-27.108875736218984,8.786129936019183,7.979348031059591,0.09610519207372453,0.050625099220512726,False
19,patricia_2015_peak,I08-patricia_2015_peak-S20260805,hurricane,A,stationary_ok,STATIONARY_SPECTRAL_MAPPING,3L/4,vertical_common_m,m,-0.9217577605063144,13.26390466310548,13.295894264057793,45.501908560362864,-47.3454240813755,34.01390638649133,-34.607911889237826,13.906226641754449,12.589991988326362,0.09923432705976011,0.0026608156945958595,False
19,patricia_2015_peak,I08-patricia_2015_peak-S20260805,hurricane,A,stationary_ok,STATIONARY_SPECTRAL_MAPPING,L/4,local_roll_L_deg,deg,27.25706787921532,14.767809936898157,31.000579989808244,78.94440265835887,-24.430266899928228,70.62329670169689,-18.094808431612343,14.490504337271805,15.039749519899095,0.037192053864058196,0.020084241339994865,False
19,patricia_2015_peak,I08-patricia_2015_peak-S20260805,hurricane,A,stationary_ok,STATIONARY_SPECTRAL_MAPPING,L/2,local_roll_L_deg,deg,18.817084357407897,7.9580640008071635,20.43069862620336,46.670308360232966,-9.036139645417176,46.24929088758987,-4.93964749270549,7.83851050623542,8.07481966400404,0.029694302250478578,0.029285801823709205,False
19,patricia_2015_peak,I08-patricia_2015_peak-S20260805,hurricane,A,stationary_ok,STATIONARY_SPECTRAL_MAPPING,3L/4,local_roll_L_deg,deg,27.08721734262532,14.40606131947951,30.679829629696865,77.5084319608036,-23.33399727555297,68.45921487312548,-18.644754667547065,14.65529618607143,14.142070952993912,0.035625645462410205,0.05621078113849496,False
19,patricia_2015_peak,I08-patricia_2015_peak-S20260805,hurricane,A,stationary_ok,STATIONARY_SPECTRAL_MAPPING,L/4,local_roll_R_deg,deg,27.257055168257946,14.84634945381206,31.03805967759845,79.21927825660016,-24.705167920084268,72.57175612110214,-23.286199123387636,14.371006433341218,15.307282907376987,0.06306442381331412,0.01541443870796544,False
19,patricia_2015_peak,I08-patricia_2015_peak-S20260805,hurricane,A,stationary_ok,STATIONARY_SPECTRAL_MAPPING,L/2,local_roll_R_deg,deg,18.817066974858317,7.981608834870674,20.439865193518013,46.75269789690567,-9.118563947189042,45.74985016173108,-5.018636395488649,7.881654452747923,8.079135621477219,0.024742025425566458,0.03061971365779093,False
19,patricia_2015_peak,I08-patricia_2015_peak-S20260805,hurricane,A,stationary_ok,STATIONARY_SPECTRAL_MAPPING,3L/4,local_roll_R_deg,deg,27.08720472084879,14.256723852085797,30.609979330012703,76.98573820314908,-22.8113287614515,73.67850238681437,-17.69346519869216,14.579758138975318,13.913366429720373,0.046742275165654594,0.06203164009124404,False
19,patricia_2015_peak,I08-patricia_2015_peak-S20260805,hurricane,A,stationary_ok,STATIONARY_SPECTRAL_MAPPING,L/4,system_roll_deg,deg,2.568117427427916,8.939728566309542,9.301288833293473,33.85716740951131,-28.720932554655484,17.903117714720445,-22.187764513267737,10.197381624095442,7.473000725831743,0.3047498453734782,0.021505559189967563,False
19,patricia_2015_peak,I08-patricia_2015_peak-S20260805,hurricane,A,stationary_ok,STATIONARY_SPECTRAL_MAPPING,L/2,system_roll_deg,deg,3.7881683841414717,4.325320349507419,5.749662236381542,18.92678960741744,-11.350452839134496,17.134234156017666,-8.980630133621688,3.387762050037604,5.0933198313460535,0.39431941301242207,0.01070541682084576,False
19,patricia_2015_peak,I08-patricia_2015_peak-S20260805,hurricane,A,stationary_ok,STATIONARY_SPECTRAL_MAPPING,3L/4,system_roll_deg,deg,2.573680513212064,9.041225116719737,9.400403342159917,34.21796842173114,-29.070607395307015,18.954028949714033,-20.59593101973959,10.381774538624922,7.460220270854603,0.3231369897390956,0.03987580899888795,False
20,dorian_2019_landfall,I08-dorian_2019_landfall-S20260805,hurricane,C,stationary_ok,STATIONARY_SPECTRAL_MAPPING,L/4,lateral_common_m,m,137.53045483632124,138.6414698454119,195.28462092131488,622.775599295263,-347.7146896226204,402.84747224521755,-122.45849885936215,135.9381203065412,141.28766330860114,0.03858544638934355,0.02221109243156133,False
20,dorian_2019_landfall,I08-dorian_2019_landfall-S20260805,hurricane,C,stationary_ok,STATIONARY_SPECTRAL_MAPPING,L/2,lateral_common_m,m,182.91267573085474,194.68912861473777,267.13461726962066,864.324625882437,-498.4992744207275,555.827753904899,-163.24043170973,190.7003258203892,198.5882699180282,0.04051558581500528,0.023102423848666006,False
20,dorian_2019_landfall,I08-dorian_2019_landfall-S20260805,hurricane,C,stationary_ok,STATIONARY_SPECTRAL_MAPPING,3L/4,lateral_common_m,m,137.52715901493644,138.20978187789123,194.9760582057548,621.2613955875557,-346.20707755768285,424.21292992864113,-105.19329876135845,135.63236957119324,140.72621984219998,0.036855931626512344,0.027191928032389186,False
20,dorian_2019_landfall,I08-dorian_2019_landfall-S20260805,hurricane,C,stationary_ok,STATIONARY_SPECTRAL_MAPPING,L/4,vertical_common_m,m,-0.6737104122478073,9.499485695522537,9.523345746060489,32.57448952208107,-33.92191034657669,23.287246588746296,-23.506614428387124,10.002927491653871,8.968539216792033,0.10888887125219673,0.007053867116740065,False
20,dorian_2019_landfall,I08-dorian_2019_landfall-S20260805,hurricane,C,stationary_ok,STATIONARY_SPECTRAL_MAPPING,L/2,vertical_common_m,m,-0.9209166402691141,6.00394716324763,6.074164057497445,20.09289843109759,-21.934731711635816,16.267110737356646,-19.36906677677912,6.3002684905728,5.688173536259058,0.10194875765406468,0.05374509515707628,False
20,dorian_2019_landfall,I08-dorian_2019_landfall-S20260805,hurricane,C,stationary_ok,STATIONARY_SPECTRAL_MAPPING,3L/4,vertical_common_m,m,-0.6737248895829306,9.552706076899609,9.576434546243098,32.7607463795657,-34.10819615873156,24.437007923130967,-25.213431768900847,10.013315333357284,9.069567688754153,0.0987937488085501,0.0011109679439779497,False
20,dorian_2019_landfall,I08-dorian_2019_landfall-S20260805,hurricane,C,stationary_ok,STATIONARY_SPECTRAL_MAPPING,L/4,local_roll_L_deg,deg,19.922549973641356,10.706921769873105,22.617386481165763,57.39677616819722,-17.551676220914512,50.67412373517077,-13.337617424479763,10.833871423801646,10.577912816693443,0.023905900557563982,0.023045717829390428,False
20,dorian_2019_landfall,I08-dorian_2019_landfall-S20260805,hurricane,C,stationary_ok,STATIONARY_SPECTRAL_MAPPING,L/2,local_roll_L_deg,deg,13.75365483660659,5.442749799877034,14.791434911751237,32.80327913617621,-5.295969462963029,31.74226891585021,-2.37403466965171,5.301679071752561,5.578893360464223,0.05093276356703454,0.03686845967796337,False
20,dorian_2019_landfall,I08-dorian_2019_landfall-S20260805,hurricane,C,stationary_ok,STATIONARY_SPECTRAL_MAPPING,3L/4,local_roll_L_deg,deg,19.798403978985615,10.506274066551113,22.41335751012324,56.57036321191451,-16.973555253943278,48.17260435580337,-12.84335470906736,10.947314449163219,10.03484988768165,0.08684949161821198,0.06594947762430944,False
20,dorian_2019_landfall,I08-dorian_2019_landfall-S20260805,hurricane,C,stationary_ok,STATIONARY_SPECTRAL_MAPPING,L/4,local_roll_R_deg,deg,19.92254068303518,10.762900202259091,22.64393181474853,57.592691390942,-17.74761002487164,51.94288553641411,-16.223840620843795,10.767921041099422,10.75789633744961,0.0009314128591202246,0.01805986291733439,False
20,dorian_2019_landfall,I08-dorian_2019_landfall-S20260805,hurricane,C,stationary_ok,STATIONARY_SPECTRAL_MAPPING,L/2,local_roll_R_deg,deg,13.753642131472118,5.459246583303873,14.797501314002979,32.86100517303567,-5.353720910091438,31.358909715185725,-2.2803717231477503,5.332512383052295,5.581588502645607,0.045624632592172414,0.03832912576496337,False
20,dorian_2019_landfall,I08-dorian_2019_landfall-S20260805,hurricane,C,stationary_ok,STATIONARY_SPECTRAL_MAPPING,3L/4,local_roll_R_deg,deg,19.79839475356288,10.407489913843138,22.36721442479266,56.224609452013866,-16.627819944888103,52.00277165874422,-11.995111303719728,10.889444771202198,9.888804084883798,0.09614620764488417,0.07206319445695811,False
20,dorian_2019_landfall,I08-dorian_2019_landfall-S20260805,hurricane,C,stationary_ok,STATIONARY_SPECTRAL_MAPPING,L/4,system_roll_deg,deg,1.8770708578352358,7.313484133684501,7.550526152460452,27.47426532573099,-23.72012361006052,14.887544231549484,-17.510186503007095,8.357847973281237,6.092260165403039,0.3097822824887711,0.022680809767659557,False
20,dorian_2019_landfall,I08-dorian_2019_landfall-S20260805,hurricane,C,stationary_ok,STATIONARY_SPECTRAL_MAPPING,L/2,system_roll_deg,deg,2.7688221739791694,3.1511852346629547,4.194799710865413,13.797970495299511,-8.260326147341173,12.456922297110614,-6.7163049257073055,2.4621648499614497,3.714706785680728,0.39748280169040845,0.007639110442874885,False
20,dorian_2019_landfall,I08-dorian_2019_landfall-S20260805,hurricane,C,stationary_ok,STATIONARY_SPECTRAL_MAPPING,3L/4,system_roll_deg,deg,1.881136990518087,7.39309017249163,7.628660346069142,27.75695259423879,-23.994678613202616,15.38637531013739,-16.459278948322094,8.502085567750123,6.0822714539194225,0.3273075341126499,0.04066093504024439,False
21,gustav_2008_cuba_gust,I08-gustav_2008_cuba_gust-S20260805,hurricane,C,stationary_ok,STATIONARY_SPECTRAL_MAPPING,L/4,lateral_common_m,m,117.64795678976199,126.75799586694616,172.941120769499,561.3009423240735,-326.0050287445496,361.32662535233067,-119.80642675346027,124.22017660126843,129.2384977237239,0.03958977962796945,0.023967839657603966,False
21,gustav_2008_cuba_gust,I08-gustav_2008_cuba_gust-S20260805,hurricane,C,stationary_ok,STATIONARY_SPECTRAL_MAPPING,L/2,lateral_common_m,m,156.4693623408289,178.03611567631427,237.02219270873255,779.5957672079288,-466.6570425262711,499.13384342148345,-161.02944598570483,174.3273788825647,181.65704222674125,0.041169530779376004,0.024717951610151258,False
21,gustav_2008_cuba_gust,I08-gustav_2008_cuba_gust-S20260805,hurricane,C,stationary_ok,STATIONARY_SPECTRAL_MAPPING,3L/4,lateral_common_m,m,117.64513743856932,126.36565519213342,172.65183802982529,559.9249306110363,-324.6346557338976,381.0014831715546,-104.45054456014756,123.96837524608455,128.70249660483503,0.037463671213135104,0.029027997929940853,False
21,gustav_2008_cuba_gust,I08-gustav_2008_cuba_gust-S20260805,hurricane,C,stationary_ok,STATIONARY_SPECTRAL_MAPPING,L/4,vertical_common_m,m,-0.5763134686297164,8.70972764454878,8.728773846098962,29.907733287291013,-31.060360224550447,21.52949341157453,-21.4911781984296,9.172326800773284,8.221792274618169,0.10913481625915515,0.007094646104476426,False
21,gustav_2008_cuba_gust,I08-gustav_2008_cuba_gust-S20260805,hurricane,C,stationary_ok,STATIONARY_SPECTRAL_MAPPING,L/2,vertical_common_m,m,-0.7877815952131959,5.485105652873602,5.541388261522792,18.410088189844412,-19.985651380270806,14.935521342882073,-17.62579365946499,5.761858850439117,5.1896401033343365,0.10432228352885042,0.05553408911433125,False
21,gustav_2008_cuba_gust,I08-gustav_2008_cuba_gust-S20260805,hurricane,C,stationary_ok,STATIONARY_SPECTRAL_MAPPING,3L/4,vertical_common_m,m,-0.5763258530059551,8.758344586794946,8.777286106188141,30.077880200776356,-31.230531906788265,22.413335016969953,-23.203319491465766,9.180360795915023,8.315705649710837,0.0987235815667536,0.00022279154829656295,False
21,gustav_2008_cuba_gust,I08-gustav_2008_cuba_gust-S20260805,hurricane,C,stationary_ok,STATIONARY_SPECTRAL_MAPPING,L/4,local_roll_L_deg,deg,17.04238745687498,9.9309432826933,19.7247713475802,51.800688946301534,-17.71591403255157,45.355064074730294,-13.822331056472471,10.196688530346222,9.657200197161718,0.05432397686981791,0.024554557634165197,False
21,gustav_2008_cuba_gust,I08-gustav_2008_cuba_gust-S20260805,hurricane,C,stationary_ok,STATIONARY_SPECTRAL_MAPPING,L/2,local_roll_L_deg,deg,11.76531693903089,4.88203452777395,12.738011768177332,28.85243778623971,-5.321803908177932,27.49738613145666,-2.7073081386394264,4.730091073037695,5.027780733573938,0.060976557794231834,0.04112116714769612,False
21,gustav_2008_cuba_gust,I08-gustav_2008_cuba_gust-S20260805,hurricane,C,stationary_ok,STATIONARY_SPECTRAL_MAPPING,3L/4,local_roll_L_deg,deg,16.936188996088507,9.775396864403678,19.55486848761256,51.150078021501386,-17.277700029324368,42.4037826618598,-12.965148330055573,10.30493445827157,9.203387782278984,0.1126856220031106,0.07067221361395147,False
21,gustav_2008_cuba_gust,I08-gustav_2008_cuba_gust-S20260805,hurricane,C,stationary_ok,STATIONARY_SPECTRAL_MAPPING,L/4,local_roll_R_deg,deg,17.042379509392834,9.981912120384552,19.75047515684756,51.97907193073877,-17.894312911953097,46.21751638096025,-16.07912255081523,10.14500772697704,9.815995626670961,0.03296082918163414,0.01942239415013844,False
21,gustav_2008_cuba_gust,I08-gustav_2008_cuba_gust-S20260805,hurricane,C,stationary_ok,STATIONARY_SPECTRAL_MAPPING,L/2,local_roll_R_deg,deg,11.765306070651862,4.896913732441207,12.743711823448018,28.904504134196088,-5.3738919928923625,27.135773334180126,-2.45039708185905,4.758166227650495,5.030066517534783,0.05552482741997175,0.042647045498272466,False
21,gustav_2008_cuba_gust,I08-gustav_2008_cuba_gust-S20260805,hurricane,C,stationary_ok,STATIONARY_SPECTRAL_MAPPING,3L/4,local_roll_R_deg,deg,16.936181104366373,9.689069836241615,19.51185036564866,50.84792553121203,-16.975563322479278,45.979755701523885,-12.248178024415747,10.250144013544679,9.079029211659245,0.12086968322850986,0.0768928507943922,False
21,gustav_2008_cuba_gust,I08-gustav_2008_cuba_gust-S20260805,hurricane,C,stationary_ok,STATIONARY_SPECTRAL_MAPPING,L/4,system_roll_deg,deg,1.6057065428652977,7.149137162747426,7.327240658909515,26.62768661248129,-23.416273526750693,14.503799755632775,-16.94570231208131,8.176674279064429,5.946186109288079,0.3119940377419153,0.023162490960772615,False
21,gustav_2008_cuba_gust,I08-gustav_2008_cuba_gust-S20260805,hurricane,C,stationary_ok,STATIONARY_SPECTRAL_MAPPING,L/2,system_roll_deg,deg,2.3685391855245124,2.9153453883081224,3.7562237162467516,12.57224804460294,-7.835169673553916,11.292224719774893,-6.498407725370641,2.28132056403122,3.434431280209124,0.3955314251280171,0.005990110794361339,False
21,gustav_2008_cuba_gust,I08-gustav_2008_cuba_gust-S20260805,hurricane,C,stationary_ok,STATIONARY_SPECTRAL_MAPPING,3L/4,system_roll_deg,deg,1.6091848430188358,7.225188007647664,7.402217073610931,26.897342869785657,-23.67897318374799,14.84252099737506,-16.033697717245126,8.31442169169232,5.936490579723236,0.32911684920200135,0.04098729458088921,False
22,amphan_2020_peak,I08-amphan_2020_peak-S20260805,monsoon,A,stationary_ok,STATIONARY_SPECTRAL_MAPPING,L/4,lateral_common_m,m,107.27253632551702,105.76527242565811,150.64424947864106,477.4509898153204,-262.90591716428634,311.1289596145909,-90.69571493066735,103.6162038708625,107.8638850793337,0.04016139807569509,0.025066721689485847,False
22,amphan_2020_peak,I08-amphan_2020_peak-S20260805,monsoon,A,stationary_ok,STATIONARY_SPECTRAL_MAPPING,L/2,lateral_common_m,m,142.67026656087003,148.56870945313256,205.97928631083036,662.6607496468339,-377.3202165250939,429.42590921172643,-122.72937168206752,145.44527424839063,151.61585435216867,0.0415335108347603,0.02572916055154559,False
22,amphan_2020_peak,I08-amphan_2020_peak-S20260805,monsoon,A,stationary_ok,STATIONARY_SPECTRAL_MAPPING,3L/4,lateral_common_m,m,107.26996561403611,105.43948641021423,150.41386510985694,476.3081680497859,-261.7682368217137,327.60507354206027,-78.12940813688654,103.42006617512835,107.40600511536537,0.037803095177547166,0.03017959050453437,False
22,amphan_2020_peak,I08-amphan_2020_peak-S20260805,monsoon,A,stationary_ok,STATIONARY_SPECTRAL_MAPPING,L/4,vertical_common_m,m,-0.5254881528367171,7.2770613438426155,7.296009841058346,24.944226550612434,-25.99520285628587,18.013758798206727,-17.98575747728176,7.664167812834358,6.868716839205535,0.10930936762019774,0.007091386514885496,False
22,amphan_2020_peak,I08-amphan_2020_peak-S20260805,monsoon,A,stationary_ok,STATIONARY_SPECTRAL_MAPPING,L/2,vertical_common_m,m,-0.7183068205774004,4.572946488085476,4.6290176356740425,15.287005887721765,-16.723619528876565,12.400216020071817,-14.749010233220893,4.806298192380444,4.323548881431071,0.10556635906568028,0.056672650273811145,False
22,amphan_2020_peak,I08-amphan_2020_peak-S20260805,monsoon,A,stationary_ok,STATIONARY_SPECTRAL_MAPPING,3L/4,vertical_common_m,m,-0.5254994450298517,7.317579819712675,7.336424475491645,25.08602992396451,-26.137028814024212,18.66307235781532,-19.493431435392946,7.670201268620871,6.947725106577887,0.09873157243829721,0.00034359870300328506,False
22,amphan_2020_peak,I08-amphan_2020_peak-S20260805,monsoon,A,stationary_ok,STATIONARY_SPECTRAL_MAPPING,L/4,local_roll_L_deg,deg,15.539412476224589,8.375630232587891,17.65288990220255,44.85411829028221,-13.775293337833029,39.27716187500269,-10.452533721330779,8.671261584969159,8.068491348676252,0.07196714988057244,0.025452769205599846,False
22,amphan_2020_peak,I08-amphan_2020_peak-S20260805,monsoon,A,stationary_ok,STATIONARY_SPECTRAL_MAPPING,L/2,local_roll_L_deg,deg,10.727728922473247,4.031992027840218,11.460415679487202,24.83970101991401,-3.3842431749675157,23.508251326285972,-1.2145158561248746,3.894656086640657,4.163256409590123,0.06661727530581076,0.043775848310006235,False
22,amphan_2020_peak,I08-amphan_2020_peak-S20260805,monsoon,A,stationary_ok,STATIONARY_SPECTRAL_MAPPING,3L/4,local_roll_L_deg,deg,15.4425797002607,8.259822636681832,17.512793546100674,44.351958928647115,-13.466799528125714,36.476955444930624,-9.555673071204547,8.76530472682267,7.710146603891718,0.12774585718644854,0.07339444088646173,False
22,amphan_2020_peak,I08-amphan_2020_peak-S20260805,monsoon,A,stationary_ok,STATIONARY_SPECTRAL_MAPPING,L/4,local_roll_R_deg,deg,15.539405229634074,8.418021702099887,17.673036079514,45.00248118698368,-13.923670727715532,39.851670338194126,-12.149464866212984,8.632247645658213,8.19803502687736,0.05158131377500938,0.02023741965802948,False
22,amphan_2020_peak,I08-amphan_2020_peak-S20260805,monsoon,A,stationary_ok,STATIONARY_SPECTRAL_MAPPING,L/2,local_roll_R_deg,deg,10.727719012580918,4.044290213281187,11.464738921673362,24.882734759065073,-3.427296733903235,23.324405417491025,-0.9182625512945783,3.9179852354355407,4.165077370903231,0.06109653917917555,0.04534082721634099,False
22,amphan_2020_peak,I08-amphan_2020_peak-S20260805,monsoon,A,stationary_ok,STATIONARY_SPECTRAL_MAPPING,3L/4,local_roll_R_deg,deg,15.442572504512713,8.189802822960575,17.479871733971763,44.10688238487472,-13.2217373758493,39.49652283701195,-9.152575603031456,8.718621892448555,7.6111542309853535,0.13522519227915392,0.0796668574948112,False
22,amphan_2020_peak,I08-amphan_2020_peak-S20260805,monsoon,A,stationary_ok,STATIONARY_SPECTRAL_MAPPING,L/4,system_roll_deg,deg,1.4640986392602386,6.204101581995995,6.3745165514891315,23.178454176246223,-20.250256897725745,12.738645581809873,-14.435943779815924,7.099033394173704,5.155709199644671,0.31323216888783156,0.023418667655183866,False
22,amphan_2020_peak,I08-amphan_2020_peak-S20260805,monsoon,A,stationary_ok,STATIONARY_SPECTRAL_MAPPING,L/2,system_roll_deg,deg,2.1596567654092853,2.4516032011638074,3.267181598922032,10.740267969482613,-6.420954438664041,9.636445994685264,-5.33472736212479,1.9218975175913593,2.8858194085955686,0.393180222046791,0.004984542624666301,False
22,amphan_2020_peak,I08-amphan_2020_peak-S20260805,monsoon,A,stationary_ok,STATIONARY_SPECTRAL_MAPPING,3L/4,system_roll_deg,deg,1.4672701867290872,6.269189121121145,6.438603422889759,23.409432110653096,-20.47489173719492,12.965244154762042,-13.702913254687846,7.216928600718548,5.147295511923619,0.3301277164892432,0.04116536442544054,False
23,nargis_2008_peak,I08-nargis_2008_peak-S20260805,monsoon,A,stationary_ok,STATIONARY_SPECTRAL_MAPPING,L/4,lateral_common_m,m,73.0472166510389,69.0723767906544,100.53302490213824,314.80053541832933,-168.70610211625151,207.5593199225552,-55.63483699333693,67.58924244752572,70.51456758788105,0.042351592290235586,0.030170850605019967,False
23,nargis_2008_peak,I08-nargis_2008_peak-S20260805,monsoon,A,stationary_ok,STATIONARY_SPECTRAL_MAPPING,L/2,lateral_common_m,m,97.15129545841015,97.07616135193501,137.33956207908275,436.91786019018264,-242.61526927336237,286.6467190050562,-77.4156903623819,94.96627942377042,99.12706625781072,0.04286105647457569,0.030429087779281605,False
23,nargis_2008_peak,I08-nargis_2008_peak-S20260805,monsoon,A,stationary_ok,STATIONARY_SPECTRAL_MAPPING,3L/4,lateral_common_m,m,73.04546612546243,68.86600952198698,100.39007614783685,314.07649945241684,-167.98556720149202,218.48072943967748,-48.259977619081,67.50036434994905,70.18937358055983,0.03904697323506531,0.03555254086015096,False
23,nargis_2008_peak,I08-nargis_2008_peak-S20260805,monsoon,A,stationary_ok,STATIONARY_SPECTRAL_MAPPING,L/4,vertical_common_m,m,-0.3578310745943194,4.767926710335831,4.781335398513598,16.32991241158109,-17.04557456076973,11.989763600531855,-11.739757160274713,5.02374200934063,4.497947103865105,0.11027747224715426,0.006813652762949295,False
23,nargis_2008_peak,I08-nargis_2008_peak-S20260805,monsoon,A,stationary_ok,STATIONARY_SPECTRAL_MAPPING,L/2,vertical_common_m,m,-0.48913091590764524,2.967790496711012,3.007828034523391,9.898135822580896,-10.876397654396188,8.049659488179156,-9.57967735440942,3.1246076779141982,2.7994373623631033,0.10956646566240366,0.06213718607320001,False
23,nargis_2008_peak,I08-nargis_2008_peak-S20260805,monsoon,A,stationary_ok,STATIONARY_SPECTRAL_MAPPING,3L/4,vertical_common_m,m,-0.35783876401144893,4.7941003683009535,4.807436626974148,16.421512525041887,-17.13719005306479,12.14572069194674,-12.96015092160167,5.026098463819487,4.550698108874224,0.09916362162307975,0.003077293523104447,False
23,nargis_2008_peak,I08-nargis_2008_peak-S20260805,monsoon,A,stationary_ok,STATIONARY_SPECTRAL_MAPPING,L/4,local_roll_L_deg,deg,10.581560468899108,5.815851209841049,12.074499875853157,30.937039703342776,-9.773918765544563,26.48787258172111,-7.119207492540381,6.208449674781248,5.393939989628762,0.1400499524083848,0.029230963769523645,False
23,nargis_2008_peak,I08-nargis_2008_peak-S20260805,monsoon,A,stationary_ok,STATIONARY_SPECTRAL_MAPPING,L/2,local_roll_L_deg,deg,7.305045313700822,2.548835918473668,7.736940711581281,16.22597102835866,-1.6158804009570167,14.812450246020154,-0.1402181978027892,2.435496866118465,2.655645238653084,0.08637212420737216,0.05579926591489355,False
23,nargis_2008_peak,I08-nargis_2008_peak-S20260805,monsoon,A,stationary_ok,STATIONARY_SPECTRAL_MAPPING,3L/4,local_roll_L_deg,deg,10.515622205415795,5.778200534860283,11.998579573770115,30.739324077426787,-9.708079666595196,24.001969513509017,-6.059108445833669,6.286338109953057,5.210078299737921,0.18626210767902332,0.08399805878356993,False
23,nargis_2008_peak,I08-nargis_2008_peak-S20260805,monsoon,A,stationary_ok,STATIONARY_SPECTRAL_MAPPING,L/4,local_roll_R_deg,deg,10.581555534334445,5.843041783310961,12.087615761916064,31.03220177592281,-9.869090707253921,26.4993569054622,-7.733972220334067,6.193055635150904,5.4703242780044645,0.12369094453692288,0.023687551688799952,False
23,nargis_2008_peak,I08-nargis_2008_peak-S20260805,monsoon,A,stationary_ok,STATIONARY_SPECTRAL_MAPPING,L/2,local_roll_R_deg,deg,7.305038565561208,2.556455358107541,7.739447812494979,16.2526323189376,-1.6425551878151854,15.482133977364361,0.042004163605619205,2.450217180462718,2.656621150980034,0.08073834337170284,0.05753061672796987,False
23,nargis_2008_peak,I08-nargis_2008_peak-S20260805,monsoon,A,stationary_ok,STATIONARY_SPECTRAL_MAPPING,3L/4,local_roll_R_deg,deg,10.515617305472334,5.737843043012997,11.979192381016421,30.59806795601782,-9.566833345073155,25.83547927936715,-6.946359665369039,6.252975454290272,5.159155194345864,0.19063265616447267,0.09041393448034121,False
23,nargis_2008_peak,I08-nargis_2008_peak-S20260805,monsoon,A,stationary_ok,STATIONARY_SPECTRAL_MAPPING,L/4,system_roll_deg,deg,0.9969777369298028,4.757529821399024,4.860869737961994,17.648332111826388,-15.65437663796678,9.852707473032607,-10.602383551061294,5.4532388986398725,3.9404901687555185,0.31796936365592915,0.0242854685020954,False
23,nargis_2008_peak,I08-nargis_2008_peak-S20260805,monsoon,A,stationary_ok,STATIONARY_SPECTRAL_MAPPING,L/2,system_roll_deg,deg,1.4706179329630356,1.6662174650797263,2.222385597885565,7.302379060742078,-4.361143194816007,6.442092361185103,-3.6827770785719673,1.3256164673965876,1.9482721793439055,0.37369414557032304,0.0006401855666587073,False
23,nargis_2008_peak,I08-nargis_2008_peak-S20260805,monsoon,A,stationary_ok,STATIONARY_SPECTRAL_MAPPING,3L/4,system_roll_deg,deg,0.9991374016772914,4.804616704010955,4.90740432610678,17.815295865715633,-15.81702106236105,9.891029185928842,-10.21595869966755,5.538672292753101,3.9338841322126443,0.3340096118803315,0.04182686985548931,False
24,bhola_1970_peak,I08-bhola_1970_peak-S20260805,monsoon,A,stationary_ok,STATIONARY_SPECTRAL_MAPPING,L/4,lateral_common_m,m,63.87534496064641,59.39675965609747,87.22404915781992,271.76400375698756,-144.01331383569476,179.94010568914965,-46.55084694477865,58.09956912835589,60.65601157141088,0.043040099457556096,0.03217586474315409,False
24,bhola_1970_peak,I08-bhola_1970_peak-S20260805,monsoon,A,stationary_ok,STATIONARY_SPECTRAL_MAPPING,L/2,lateral_common_m,m,84.95289478892644,83.4932479080117,119.11388155562351,377.17926246696743,-207.27347288911452,248.5534377868725,-65.5071632087379,81.66075167843715,85.27190078922365,0.04325079214507341,0.03227536250278454,False
24,bhola_1970_peak,I08-bhola_1970_peak-S20260805,monsoon,A,stationary_ok,STATIONARY_SPECTRAL_MAPPING,3L/4,lateral_common_m,m,63.87381423257504,59.22189001731218,87.10394021994715,271.1504292931677,-143.40280082801758,189.3762027507837,-40.50742245010126,58.03529563669651,60.36940112409914,0.03941288409944884,0.03767130238314785,False
24,bhola_1970_peak,I08-bhola_1970_peak-S20260805,monsoon,A,stationary_ok,STATIONARY_SPECTRAL_MAPPING,L/4,vertical_common_m,m,-0.31290149543330836,4.1013808955537305,4.113299478065938,14.041931639004748,-14.667734629871365,10.372009128568797,-10.07951444870041,4.322265422129955,3.8682179217300567,0.11070600657747413,0.006598410300242696,False
24,bhola_1970_peak,I08-bhola_1970_peak-S20260805,monsoon,A,stationary_ok,STATIONARY_SPECTRAL_MAPPING,L/2,vertical_common_m,m,-0.42771521512960226,2.5438209923090884,2.579528163475979,8.475658257952208,-9.331088688211413,6.897741012604132,-8.216602753176218,2.6793300639399145,2.3981069104033663,0.11055147134440267,0.06435619489449002,False
24,bhola_1970_peak,I08-bhola_1970_peak-S20260805,monsoon,A,stationary_ok,STATIONARY_SPECTRAL_MAPPING,3L/4,vertical_common_m,m,-0.3129082193605738,4.123741796559389,4.135596445306803,14.120188068597287,-14.746004507318435,10.417375062454992,-11.207183555342903,4.323881583806551,3.91372278616408,0.09946277382950686,0.004192722164884423,False
24,bhola_1970_peak,I08-bhola_1970_peak-S20260805,monsoon,A,stationary_ok,STATIONARY_SPECTRAL_MAPPING,L/4,local_roll_L_deg,deg,9.252930586004146,5.138598010444383,10.584040530078955,27.23802362255949,-8.732162450551195,23.084928552085515,-6.213279933606065,5.5353551781669745,4.707683196788647,0.1610696107568747,0.03057295322104055,False
24,bhola_1970_peak,I08-bhola_1970_peak-S20260805,monsoon,A,stationary_ok,STATIONARY_SPECTRAL_MAPPING,L/2,local_roll_L_deg,deg,6.387817507063863,2.1764753401764954,6.748426291362155,14.005481197681597,-1.229846183553871,12.84426468026372,0.08757550919746215,2.0738802759163804,2.272726910625269,0.09136176782630752,0.06029596180925291,False
24,bhola_1970_peak,I08-bhola_1970_peak-S20260805,monsoon,A,stationary_ok,STATIONARY_SPECTRAL_MAPPING,3L/4,local_roll_L_deg,deg,9.195271587904012,5.117308391634694,10.523301038666984,27.10585095862544,-8.715307782817417,21.01403925732475,-5.529377602603082,5.6088980971155875,4.562706205937984,0.20444182978845316,0.08739806966592172,False
24,bhola_1970_peak,I08-bhola_1970_peak-S20260805,monsoon,A,stationary_ok,STATIONARY_SPECTRAL_MAPPING,L/4,local_roll_R_deg,deg,9.252926271027702,5.16180547536769,10.595323512881071,27.31924543481462,-8.813392892759213,22.993952363331758,-6.596990814418303,5.524726523039616,4.770957694173857,0.14602813540005902,0.02491699380235594,False
24,bhola_1970_peak,I08-bhola_1970_peak-S20260805,monsoon,A,stationary_ok,STATIONARY_SPECTRAL_MAPPING,L/2,local_roll_R_deg,deg,6.387811606226494,2.182871641091496,6.750486331970711,14.02786235004673,-1.252239137593742,13.420719553041573,0.2360793063565847,2.086290008996014,2.273512734744936,0.08576900364847177,0.062086627190681726,False
24,bhola_1970_peak,I08-bhola_1970_peak-S20260805,monsoon,A,stationary_ok,STATIONARY_SPECTRAL_MAPPING,3L/4,local_roll_R_deg,deg,9.195267303201692,5.084102248061077,10.507189750169635,26.98962517141546,-8.599090565012077,22.286487290917123,-6.2931662030983215,5.579253509447527,4.523117069449258,0.2077331234636455,0.09384613812746283,False
24,bhola_1970_peak,I08-bhola_1970_peak-S20260805,monsoon,A,stationary_ok,STATIONARY_SPECTRAL_MAPPING,L/4,system_roll_deg,deg,0.8717963501429318,4.321436325808155,4.4084964323606775,15.996823490471474,-14.253230790185611,8.965472430880522,-9.49108344764344,4.9561427576687835,3.5754398819524953,0.3195009185882386,0.02452124790301983,False
24,bhola_1970_peak,I08-bhola_1970_peak-S20260805,monsoon,A,stationary_ok,STATIONARY_SPECTRAL_MAPPING,L/2,system_roll_deg,deg,1.2859658735811752,1.457204727904474,1.9434901201299037,6.3861824212468346,-3.8142506740844837,5.588807334833774,-3.2229493862802796,1.168244210054344,1.69777790211424,0.3633900452830601,0.000902758195695638,False
24,bhola_1970_peak,I08-bhola_1970_peak-S20260805,monsoon,A,stationary_ok,STATIONARY_SPECTRAL_MAPPING,3L/4,system_roll_deg,deg,0.873684845517152,4.363362896189297,4.44997314296702,16.145454982179693,-14.398085291145389,9.002088118462488,-9.193036105729048,5.032287589036316,3.5693556701776696,0.33527624304095455,0.042039734027026196,False
25,ef3_anchor,I08-ef3_anchor-S20260805,tornado,B,reference_only,REFERENCE_ONLY_STATIONARY_SURROGATE,L/4,lateral_common_m,m,59.26865827452166,113.69605834771671,128.2168769603652,457.20486249153015,-338.6675459424868,281.8496072160696,-151.84196234738158,111.19065410727944,116.12575397028155,0.043406076997929775,0.033349913444322025,False
25,ef3_anchor,I08-ef3_anchor-S20260805,tornado,B,reference_only,REFERENCE_ONLY_STATIONARY_SURROGATE,L/2,lateral_common_m,m,78.8260962626248,159.83765509713302,178.21792681701424,638.2578891025904,-480.60569657734084,392.67057902220307,-209.5434596132519,156.31179823446854,163.25690552257913,0.04345100836151571,0.03335620411473792,False
25,ef3_anchor,I08-ef3_anchor-S20260805,tornado,B,reference_only,REFERENCE_ONLY_STATIONARY_SURROGATE,3L/4,lateral_common_m,m,59.267237942482325,113.36437843976432,127.92219429154942,456.04256248165746,-337.5080865966928,299.9633153684607,-140.60915107386398,111.08076438188648,115.57005999951505,0.03960058423479064,0.038913533996372034,False
25,ef3_anchor,I08-ef3_anchor-S20260805,tornado,B,reference_only,REFERENCE_ONLY_STATIONARY_SURROGATE,L/4,vertical_common_m,m,-0.29033505522121705,7.850926830515708,7.856293435354978,27.18790885158376,-27.768578962026194,20.232059722800393,-18.95709223042246,8.274707676982574,7.403533631994994,0.11096448404046015,0.006447559089805197,False
25,ef3_anchor,I08-ef3_anchor-S20260805,tornado,B,reference_only,REFERENCE_ONLY_STATIONARY_SURROGATE,L/2,vertical_common_m,m,-0.3968684151913091,4.859462526338404,4.875641556130196,16.611250426993102,-17.404987257375723,13.603252271515263,-15.273494029627386,5.119287538700517,4.579809063792008,0.11101607883269447,0.06567318934977252,False
25,ef3_anchor,I08-ef3_anchor-S20260805,tornado,B,reference_only,REFERENCE_ONLY_STATIONARY_SURROGATE,3L/4,vertical_common_m,m,-0.29034129421918414,7.893544118852089,7.8988819983206024,27.337063121763126,-27.917745710201498,20.220274348301743,-21.202207073392433,8.277385903140582,7.490701702319264,0.09966172215880649,0.004855262768575586,False
25,ef3_anchor,I08-ef3_anchor-S20260805,tornado,B,reference_only,REFERENCE_ONLY_STATIONARY_SURROGATE,L/4,local_roll_L_deg,deg,8.58560969459537,9.997161876423574,13.177857921959355,43.57567626207788,-26.40445687288714,35.241597071040516,-21.293424437526276,10.819413885305101,9.09914137555265,0.1720760882955582,0.03133057155879312,False
25,ef3_anchor,I08-ef3_anchor-S20260805,tornado,B,reference_only,REFERENCE_ONLY_STATIONARY_SURROGATE,L/2,local_roll_L_deg,deg,5.927128427712269,4.154331488194615,7.238046802307941,20.467288636393423,-8.613031780968885,18.29422061260119,-6.02592048211581,3.9534359470024674,4.342357122763006,0.09361823361128925,0.06285344041424983,False
25,ef3_anchor,I08-ef3_anchor-S20260805,tornado,B,reference_only,REFERENCE_ONLY_STATIONARY_SURROGATE,3L/4,local_roll_L_deg,deg,8.532109060556468,9.968008450502316,13.120902312360814,43.42013863731458,-26.35592051620164,31.40510308019637,-20.180061720257555,10.967717555958155,8.834733639217342,0.2139829563079198,0.08922758023138114,False
25,ef3_anchor,I08-ef3_anchor-S20260805,tornado,B,reference_only,REFERENCE_ONLY_STATIONARY_SURROGATE,L/4,local_roll_R_deg,deg,8.585605690814804,10.041393764943644,13.21144253368271,43.73048386811755,-26.55927248648795,34.9611568792808,-21.87411910189789,10.801660819850937,9.2177565182354,0.1577374952813063,0.025610910881228927,False
25,ef3_anchor,I08-ef3_anchor-S20260805,tornado,B,reference_only,REFERENCE_ONLY_STATIONARY_SURROGATE,L/2,local_roll_R_deg,deg,5.927122952443002,4.166395192501326,7.244973111991156,20.509506126197643,-8.655260221311638,19.398849344715856,-5.752906444770698,3.976881881952541,4.3438103461345765,0.08806856940561787,0.06467746379354572,False
25,ef3_anchor,I08-ef3_anchor-S20260805,tornado,B,reference_only,REFERENCE_ONLY_STATIONARY_SURROGATE,3L/4,local_roll_R_deg,deg,8.532105084866664,9.905968953195377,13.073830275817347,43.20299642105048,-26.13878625131715,33.51824362562608,-21.643080948010216,10.909910036514722,8.763407462467091,0.21668779542815259,0.09569188731923092,False
25,ef3_anchor,I08-ef3_anchor-S20260805,tornado,B,reference_only,REFERENCE_ONLY_STATIONARY_SURROGATE,L/4,system_roll_deg,deg,0.808922440942287,8.525918713885176,8.56420722724745,30.6496379395404,-29.03179305765583,16.825502229939524,-19.452313540521615,9.781120486751904,7.049986530233313,0.32033309818808264,0.024639340176496667,False
25,ef3_anchor,I08-ef3_anchor-S20260805,tornado,B,reference_only,REFERENCE_ONLY_STATIONARY_SURROGATE,L/2,system_roll_deg,deg,1.1932220790500152,2.817626709921699,3.059869148574269,11.054915563775962,-8.668471405675932,9.459638185281978,-7.519798143879433,2.269649608235307,3.275369029225585,0.3569384892075455,0.0017616995317247747,False
25,ef3_anchor,I08-ef3_anchor-S20260805,tornado,B,reference_only,REFERENCE_ONLY_STATIONARY_SURROGATE,3L/4,system_roll_deg,deg,0.8106747381245031,8.607737922436067,8.64582822362191,30.93775746665074,-29.316407990401732,16.898822301366405,-18.921878987711565,9.929804515467826,7.03788234117642,0.3359677304711626,0.04215668551063421,False
26,ef4_anchor,I08-ef4_anchor-S20260805,tornado,B,reference_only,REFERENCE_ONLY_STATIONARY_SURROGATE,L/4,lateral_common_m,m,88.57123999334883,178.38126559151416,199.1600875376131,712.9056695636484,-535.7631895769507,434.2030064824273,-244.61620563549596,174.6509092850669,182.01670948486682,0.041292453977018626,0.027499408943439066,False
26,ef4_anchor,I08-ef4_anchor-S20260805,tornado,B,reference_only,REFERENCE_ONLY_STATIONARY_SURROGATE,L/2,lateral_common_m,m,117.79792715194716,250.63607425871973,276.93824828130533,995.0241870574663,-759.4283327535719,604.32260980897,-331.4576510570531,245.27346725622823,255.8587637387182,0.04223373077397981,0.027968871796117886,False
26,ef4_anchor,I08-ef4_anchor-S20260805,tornado,B,reference_only,REFERENCE_ONLY_STATIONARY_SURROGATE,3L/4,lateral_common_m,m,88.56911744538516,177.83895626717717,198.67355871190657,711.0054643805053,-533.867229489735,462.20552310356345,-224.4178505793378,174.3699692195453,181.20934129382206,0.038458233324320634,0.032736056708674806,False
26,ef4_anchor,I08-ef4_anchor-S20260805,tornado,B,reference_only,REFERENCE_ONLY_STATIONARY_SURROGATE,L/4,vertical_common_m,m,-0.433877475939675,12.298796137128251,12.30644693186334,42.611909004009206,-43.479663955888554,31.15185908561815,-29.878717016322273,12.955559131576795,11.60585012439569,0.10974318072535019,0.007010467278968827,False
26,ef4_anchor,I08-ef4_anchor-S20260805,tornado,B,reference_only,REFERENCE_ONLY_STATIONARY_SURROGATE,L/2,vertical_common_m,m,-0.5930812114030958,7.692908343457207,7.715736134948685,26.33209799069713,-27.51826041350332,21.509328235218586,-24.174436430561244,8.093273768132487,7.264061693949037,0.10778915296562615,0.059242519398177554,False
26,ef4_anchor,I08-ef4_anchor-S20260805,tornado,B,reference_only,REFERENCE_ONLY_STATIONARY_SURROGATE,3L/4,vertical_common_m,m,-0.4338867995147712,12.366852042811185,12.374461087399983,42.850095350324374,-43.71786894935392,31.91549039829346,-32.71225239575837,12.96358101652216,11.74090788456611,0.09886696531368193,0.0016261986276636846,False
26,ef4_anchor,I08-ef4_anchor-S20260805,tornado,B,reference_only,REFERENCE_ONLY_STATIONARY_SURROGATE,L/4,local_roll_L_deg,deg,12.83035788033226,14.517809435936474,19.374851590543095,63.64269090610992,-37.9819751454454,53.33550509694754,-31.900547973804088,15.27429577920988,13.718086263858297,0.1071931355910651,0.027327565020841035,False
26,ef4_anchor,I08-ef4_anchor-S20260805,tornado,B,reference_only,REFERENCE_ONLY_STATIONARY_SURROGATE,L/2,local_roll_L_deg,deg,8.857516429859498,6.676268015560401,11.091805620404,32.2244544843209,-14.509421624601906,29.230472840594008,-10.822769194280951,6.41132588260217,6.927671058463051,0.07734039056811892,0.04958933207085032,False
26,ef4_anchor,I08-ef4_anchor-S20260805,tornado,B,reference_only,REFERENCE_ONLY_STATIONARY_SURROGATE,3L/4,local_roll_L_deg,deg,12.75040639104246,14.371645833708747,19.212419605721045,63.05116680902307,-37.55035402693815,47.54982397762714,-29.667512127188424,15.451149342563111,13.181154993526262,0.1579495052482138,0.07883721392753155,False
26,ef4_anchor,I08-ef4_anchor-S20260805,tornado,B,reference_only,REFERENCE_ONLY_STATIONARY_SURROGATE,L/4,local_roll_R_deg,deg,12.830351897071967,14.58872342900312,19.42804110276285,63.890883898582885,-38.23018010443894,53.808889766687756,-34.12135372450987,15.22210354223419,13.926000244295425,0.08884281782750414,0.021946035533066937,False
26,ef4_anchor,I08-ef4_anchor-S20260805,tornado,B,reference_only,REFERENCE_ONLY_STATIONARY_SURROGATE,L/2,local_roll_R_deg,deg,8.85750824760259,6.696529899080393,11.104006711346385,32.29536289438396,-14.580346399178785,30.01413000385478,-10.332622009383163,6.450150393779523,6.930453761636093,0.07172421763136282,0.05123657155989906,False
26,ef4_anchor,I08-ef4_anchor-S20260805,tornado,B,reference_only,REFERENCE_ONLY_STATIONARY_SURROGATE,3L/4,local_roll_R_deg,deg,12.750400449761084,14.260583061639247,19.129478322400217,62.66244116549845,-37.161640265976274,52.76529957409555,-30.450786702241647,15.368852214402908,13.031600609869963,0.1638959357012629,0.08519352431160541,False
26,ef4_anchor,I08-ef4_anchor-S20260805,tornado,B,reference_only,REFERENCE_ONLY_STATIONARY_SURROGATE,L/4,system_roll_deg,deg,1.2088558394699542,11.343049125417757,11.407282581853627,40.9095277784321,-38.49181609949219,22.097456796697127,-27.13547861045108,12.990846619842914,9.410215742814305,0.3156674045433738,0.02388860868247169,False
26,ef4_anchor,I08-ef4_anchor-S20260805,tornado,B,reference_only,REFERENCE_ONLY_STATIONARY_SURROGATE,L/2,system_roll_deg,deg,1.783154237090826,4.211360251557994,4.573313263013761,16.522915117543803,-12.956606643362152,14.509871394982179,-11.191175465254098,3.3210735576471295,4.944134455495934,0.3854006308884055,0.0028425834867864563,False
26,ef4_anchor,I08-ef4_anchor-S20260805,tornado,B,reference_only,REFERENCE_ONLY_STATIONARY_SURROGATE,3L/4,system_roll_deg,deg,1.2114744770228232,11.458635437915005,11.522499577241012,41.31669850972534,-38.89374955567969,22.27114380225809,-26.014557882588015,13.200333534801157,9.3947115696643,0.33211825140579926,0.041507978437174,False
27,ef5_anchor,I08-ef5_anchor-S20260805,tornado,B,reference_only,REFERENCE_ONLY_STATIONARY_SURROGATE,L/4,lateral_common_m,m,119.06752713840845,246.97591427019535,274.1790988541149,983.4832270840922,-745.3481728072753,593.6885233143382,-343.6339151489692,242.04092644093055,251.80000493689306,0.03951429241511354,0.02382842701287253,False
27,ef5_anchor,I08-ef5_anchor-S20260805,tornado,B,reference_only,REFERENCE_ONLY_STATIONARY_SURROGATE,L/2,lateral_common_m,m,158.3573617019023,346.8811845150974,381.31825313743394,1372.4415075047432,-1055.7267841009384,825.7497752421581,-460.1107835494703,339.664037463404,353.9281393040292,0.04112100188012465,0.024589693791222188,False
27,ef5_anchor,I08-ef5_anchor-S20260805,tornado,B,reference_only,REFERENCE_ONLY_STATIONARY_SURROGATE,3L/4,lateral_common_m,m,119.06467376820294,246.21105004942032,273.4890815114321,980.8033489411741,-742.6740014047682,632.0068556188666,-313.6420376383944,241.54611364879716,250.7589566716965,0.03741847906927858,0.028882060064306724,False
27,ef5_anchor,I08-ef5_anchor-S20260805,tornado,B,reference_only,REFERENCE_ONLY_STATIONARY_SURROGATE,L/4,vertical_common_m,m,-0.5832674144007789,16.966823221589934,16.976845734982255,58.80061386116399,-59.96714868996555,42.458740176884966,-41.329844969098104,17.8678121123111,16.016498176890995,0.1091137634453777,0.007093505420411678,False
27,ef5_anchor,I08-ef5_anchor-S20260805,tornado,B,reference_only,REFERENCE_ONLY_STATIONARY_SURROGATE,L/2,vertical_common_m,m,-0.7972871695069549,10.688134690287844,10.717830470220868,36.61118424650051,-38.20575858551441,29.837671332957626,-33.6096662042868,11.226568174188131,10.113376336050674,0.10415211544339896,0.05539069865453079,False
27,ef5_anchor,I08-ef5_anchor-S20260805,tornado,B,reference_only,REFERENCE_ONLY_STATIONARY_SURROGATE,3L/4,vertical_common_m,m,-0.5832799482100703,17.0615594664946,17.071526789561485,59.13217818452103,-60.29873808094117,44.206835216693285,-44.64232594431475,17.883675271532713,16.199268294449663,0.09872526484996166,0.00029404859447499336,False
27,ef5_anchor,I08-ef5_anchor-S20260805,tornado,B,reference_only,REFERENCE_ONLY_STATIONARY_SURROGATE,L/4,local_roll_L_deg,deg,17.248025264483978,19.324879209081576,25.902612454535756,84.8851024962695,-50.38905196730153,72.38017855793362,-42.818275927161665,19.820237209285715,18.81517543363178,0.052008696394936035,0.02443815982341718,False
27,ef5_anchor,I08-ef5_anchor-S20260805,tornado,B,reference_only,REFERENCE_ONLY_STATIONARY_SURROGATE,L/2,local_roll_L_deg,deg,11.907280263552734,9.525422132716828,15.24850779851078,45.246257728061636,-21.431697200956165,42.66557716353565,-16.331914951466118,9.232680990210891,9.806354481309436,0.06022551894347615,0.040783763953581874,False
27,ef5_anchor,I08-ef5_anchor-S20260805,tornado,B,reference_only,REFERENCE_ONLY_STATIONARY_SURROGATE,3L/4,local_roll_L_deg,deg,17.14054538589716,19.017591884424302,25.602091656904157,83.70211698138222,-49.42102620958791,66.82950360130414,-41.107176136920586,20.030196672827373,17.924700743818644,0.11071306723819024,0.07031439050560773,False
27,ef5_anchor,I08-ef5_anchor-S20260805,tornado,B,reference_only,REFERENCE_ONLY_STATIONARY_SURROGATE,L/4,local_roll_R_deg,deg,17.24801722110548,19.424224681045693,25.9768089364205,85.23280360476541,-50.73676916255444,74.10484551264699,-47.272222479891056,19.718275412645163,19.125457166670056,0.030519531961220717,0.019316975659664906,False
27,ef5_anchor,I08-ef5_anchor-S20260805,tornado,B,reference_only,REFERENCE_ONLY_STATIONARY_SURROGATE,L/2,local_roll_R_deg,deg,11.907269264033062,9.554446134161198,15.266646726009427,45.347830733597256,-21.533292205531133,41.962635359668695,-15.856507176557358,9.287406676615694,9.810834571912965,0.05478369838998768,0.042304590529775345,False
27,ef5_anchor,I08-ef5_anchor-S20260805,tornado,B,reference_only,REFERENCE_ONLY_STATIONARY_SURROGATE,3L/4,local_roll_R_deg,deg,17.140537398951494,18.848785468153324,25.47694518480037,83.11128653748813,-48.83021173958514,73.7859941830615,-39.70034954280141,19.923730679670303,17.68098117657537,0.1189864199411817,0.07652769503722409,False
27,ef5_anchor,I08-ef5_anchor-S20260805,tornado,B,reference_only,REFERENCE_ONLY_STATIONARY_SURROGATE,L/4,system_roll_deg,deg,1.6250814088559788,13.858298497282654,13.95325506199883,50.12912614934527,-46.878963331633315,26.60257836623826,-34.39459265604698,15.849179202584008,11.527750651559359,0.3118296630623159,0.023127699964118436,False
27,ef5_anchor,I08-ef5_anchor-S20260805,tornado,B,reference_only,REFERENCE_ONLY_STATIONARY_SURROGATE,L/2,system_roll_deg,deg,2.397118585363867,5.674775699906396,6.160296807504083,22.258833535036253,-17.46459636430852,19.774480077950063,-14.85016019618784,4.439817094095284,6.685727164425165,0.39577072101139193,0.006119202759015164,False
27,ef5_anchor,I08-ef5_anchor-S20260805,tornado,B,reference_only,REFERENCE_ONLY_STATIONARY_SURROGATE,3L/4,system_roll_deg,deg,1.628601679069146,14.005984017399824,14.10035218442171,50.64954573996853,-47.39234238183023,27.276156763138793,-32.613245535194174,16.116677197211704,11.508952191511575,0.3289825977222228,0.04096341967664692,False
28,funing_2016_ef4,I08-funing_2016_ef4-S20260805,tornado,A,reference_only,REFERENCE_ONLY_STATIONARY_SURROGATE,L/4,lateral_common_m,m,71.38395693969377,140.23175486624535,157.35505832744872,562.1950989715525,-419.4271850921649,344.6345678311211,-189.7790217088066,137.21164487590102,143.16766657443355,0.04247270316351286,0.030506265144332415,False
28,funing_2016_ef4,I08-funing_2016_ef4-S20260805,tornado,A,reference_only,REFERENCE_ONLY_STATIONARY_SURROGATE,L/2,lateral_common_m,m,94.93919425799218,197.09169136921435,218.76605178394206,784.7601140502424,-594.881725534258,479.92089178407434,-259.6123344535356,192.80056186311765,201.26185500195328,0.042930744974860366,0.03073797405085274,False
28,funing_2016_ef4,I08-funing_2016_ef4-S20260805,tornado,A,reference_only,REFERENCE_ONLY_STATIONARY_SURROGATE,3L/4,lateral_common_m,m,71.38224627297568,139.813776985456,156.98190124315153,560.7304657220717,-417.9659731761203,366.82616943339673,-174.92170568012097,137.03609731806313,142.50455238003096,0.03911241924704374,0.03590672196957035,False
28,funing_2016_ef4,I08-funing_2016_ef4-S20260805,tornado,A,reference_only,REFERENCE_ONLY_STATIONARY_SURROGATE,L/4,vertical_common_m,m,-0.3496833855087339,9.680727216733066,9.68704072020435,33.532861873057,-34.23222864407447,24.746125947417244,-23.45017771423275,10.200452872440115,9.132206019522684,0.11034778989237237,0.006781515570823065,False
28,funing_2016_ef4,I08-funing_2016_ef4-S20260805,tornado,A,reference_only,REFERENCE_ONLY_STATIONARY_SURROGATE,L/2,vertical_common_m,m,-0.47799357511218393,6.02213090438695,6.041070971890738,20.599464590242142,-21.55545174046651,16.851349407270437,-18.9228316454769,6.340825652346302,5.679897868325675,0.10974982020718947,0.06250569230676715,False
28,funing_2016_ef4,I08-funing_2016_ef4-S20260805,tornado,A,reference_only,REFERENCE_ONLY_STATIONARY_SURROGATE,3L/4,vertical_common_m,m,-0.3496908998405108,9.733811724307463,9.740091088367535,33.71865013523561,-34.418031934916634,25.02757811442534,-25.95892342750631,10.205065835628194,9.239377802643853,0.09920964780660446,0.0032624013160457606,False
28,funing_2016_ef4,I08-funing_2016_ef4-S20260805,tornado,A,reference_only,REFERENCE_ONLY_STATIONARY_SURROGATE,L/4,local_roll_L_deg,deg,10.340622018154837,11.860236437890206,15.735109535208428,51.85144955077056,-31.170205514460882,42.693254911129465,-25.692572305762134,12.681346471344074,10.976168032935925,0.14377271881027354,0.029460137435877855,False
28,funing_2016_ef4,I08-funing_2016_ef4-S20260805,tornado,A,reference_only,REFERENCE_ONLY_STATIONARY_SURROGATE,L/2,local_roll_L_deg,deg,7.138711973200348,5.167571860223104,8.812775247723255,25.22521348398121,-10.947789537580515,22.379119475047624,-7.934965368835385,4.935200352567914,5.3863831179157176,0.08731039984576522,0.05656220314314605,False
28,funing_2016_ef4,I08-funing_2016_ef4-S20260805,tornado,A,reference_only,REFERENCE_ONLY_STATIONARY_SURROGATE,3L/4,local_roll_L_deg,deg,10.27618514599232,11.788334041978725,15.63856772981425,51.53535429291786,-30.982984000933214,37.74353575855552,-23.56066954596087,12.842022219042704,10.608391593961322,0.18947805662168501,0.08459295188735619,False
28,funing_2016_ef4,I08-funing_2016_ef4-S20260805,tornado,A,reference_only,REFERENCE_ONLY_STATIONARY_SURROGATE,L/4,local_roll_R_deg,deg,10.340617195948495,11.915369934530032,15.776704493329648,52.04441196680361,-31.363177574906615,42.67542410441453,-26.881701931054693,12.651189488429175,11.130256297295936,0.1276446471649751,0.023897474446861522,False
28,funing_2016_ef4,I08-funing_2016_ef4-S20260805,tornado,A,reference_only,REFERENCE_ONLY_STATIONARY_SURROGATE,L/2,local_roll_R_deg,deg,7.138705378713526,5.182980594232105,8.821814004175105,25.279137458525895,-11.00172670109884,23.73903121232039,-7.566930360496725,4.964993620057522,5.3883416668890565,0.0816804229023466,0.05830369292288508,False
28,funing_2016_ef4,I08-funing_2016_ef4-S20260805,tornado,A,reference_only,REFERENCE_ONLY_STATIONARY_SURROGATE,3L/4,local_roll_R_deg,deg,10.276180357618866,11.707020894080726,15.577362451864389,51.2507534869014,-30.698392771663674,41.34221693050145,-25.36228060305395,12.773910087436965,10.506711737572878,0.19366142508641304,0.09101475633953565,False
28,funing_2016_ef4,I08-funing_2016_ef4-S20260805,tornado,A,reference_only,REFERENCE_ONLY_STATIONARY_SURROGATE,L/4,system_roll_deg,deg,0.9742769006903461,9.750559685877052,9.799113718447684,35.10123580126003,-33.152681999879334,19.14460796038517,-22.730277931783576,11.177504218521813,8.074523897636285,0.3182361239611671,0.024328212784401438,False
28,funing_2016_ef4,I08-funing_2016_ef4-S20260805,tornado,A,reference_only,REFERENCE_ONLY_STATIONARY_SURROGATE,L/2,system_roll_deg,deg,1.4371324742307177,3.3922216635087867,3.684089787568542,13.309908296511471,-10.435643348050037,11.540583343289091,-9.05683577721681,2.7021245766731745,3.9641866468294773,0.372045872984277,0.0003754077910891315,False
28,funing_2016_ef4,I08-funing_2016_ef4-S20260805,tornado,A,reference_only,REFERENCE_ONLY_STATIONARY_SURROGATE,3L/4,system_roll_deg,deg,0.9763873906228417,9.846732002695912,9.895022156088542,35.43994940005853,-33.48717461881285,19.221379081932394,-21.96158756642477,11.352024620000707,8.060954294240904,0.33422970431801624,0.04186381146668226,False
29,bridge_creek_1999_ref,I08-bridge_creek_1999_ref-S20260805,tornado,C,reference_only,REFERENCE_ONLY_STATIONARY_SURROGATE,L/4,lateral_common_m,m,240.6036062380406,523.7888973741279,576.4068913078285,2073.8647470474884,-1592.6575345714073,1225.590473932728,-741.9118494854156,514.6451899042546,532.7820247756598,0.03462623007537817,0.016858603323775073,False
29,bridge_creek_1999_ref,I08-bridge_creek_1999_ref-S20260805,tornado,C,reference_only,REFERENCE_ONLY_STATIONARY_SURROGATE,L/2,lateral_common_m,m,319.9978467305287,735.0996376195301,801.7294426055086,2892.846578398884,-2252.850884937827,1702.793799331541,-971.4920426562114,721.0800521918898,748.8572200812213,0.037786942705185095,0.018194143560933594,False
29,bridge_creek_1999_ref,I08-bridge_creek_1999_ref-S20260805,tornado,C,reference_only,REFERENCE_ONLY_STATIONARY_SURROGATE,3L/4,lateral_common_m,m,240.59784034050432,522.1618219547863,574.9263336147135,2068.1642171822564,-1586.9685365012479,1303.8661596763795,-673.3080784548804,513.1084746161671,531.0434893360797,0.03434761785679839,0.021646971178725737,False
29,bridge_creek_1999_ref,I08-bridge_creek_1999_ref-S20260805,tornado,C,reference_only,REFERENCE_ONLY_STATIONARY_SURROGATE,L/4,vertical_common_m,m,-1.178627344320615,35.316017595612294,35.335679719376806,122.42743424032241,-124.78468892896365,86.10920211954556,-85.94163971684999,37.17981952918416,33.35092819229688,0.10841798134575024,0.0065441274958726705,False
29,bridge_creek_1999_ref,I08-bridge_creek_1999_ref-S20260805,tornado,C,reference_only,REFERENCE_ONLY_STATIONARY_SURROGATE,L/2,vertical_common_m,m,-1.6111039911637959,22.599972570251285,22.657325884721136,77.4888000047157,-80.7110079870433,62.7762716546091,-71.32137955159678,23.593365720618824,21.54885644561929,0.09046512196615474,0.04856955714657838,False
29,bridge_creek_1999_ref,I08-bridge_creek_1999_ref-S20260805,tornado,C,reference_only,REFERENCE_ONLY_STATIONARY_SURROGATE,3L/4,vertical_common_m,m,-1.1786526717947616,35.51590537067922,35.53545773477204,123.12701612558251,-125.48432146917204,92.4466056511949,-90.54975430460877,37.24568193020046,33.70044365243075,0.09982114325308869,0.003694246909469057,False
29,bridge_creek_1999_ref,I08-bridge_creek_1999_ref-S20260805,tornado,C,reference_only,REFERENCE_ONLY_STATIONARY_SURROGATE,L/4,local_roll_L_deg,deg,34.8536429609027,39.93090903978826,53.00239545897832,174.6118246001616,-104.9045386783562,155.5002185292312,-85.42964477982585,38.2453964227073,41.54823443732435,0.08271381979623887,0.01787075294204733,False
29,bridge_creek_1999_ref,I08-bridge_creek_1999_ref-S20260805,tornado,C,reference_only,REFERENCE_ONLY_STATIONARY_SURROGATE,L/2,local_roll_L_deg,deg,24.061426660583365,22.320496318361315,32.82006716691197,102.18316377484797,-54.06031045368124,103.09375294996684,-43.10524944774474,22.176274419063677,22.46238013313887,0.012818071336515684,0.02424828252503403,False
29,bridge_creek_1999_ref,I08-bridge_creek_1999_ref-S20260805,tornado,C,reference_only,REFERENCE_ONLY_STATIONARY_SURROGATE,3L/4,local_roll_L_deg,deg,34.636454891178566,38.80104291855627,52.011584661460695,170.44010510612551,-101.16719532376837,150.39393844930015,-89.48357250327294,38.75868106320613,38.823690774826055,0.001675462996094665,0.0486029445205899,False
29,bridge_creek_1999_ref,I08-bridge_creek_1999_ref-S20260805,tornado,C,reference_only,REFERENCE_ONLY_STATIONARY_SURROGATE,L/4,local_roll_R_deg,deg,34.8536267073874,40.14211851774752,53.16168708525715,175.35104151950372,-105.64378810472891,158.69274616107484,-101.96581416655576,37.866823797504935,42.29663687286122,0.11035324589054236,0.013466418959926653,False
29,bridge_creek_1999_ref,I08-bridge_creek_1999_ref-S20260805,tornado,C,reference_only,REFERENCE_ONLY_STATIONARY_SURROGATE,L/2,local_roll_R_deg,deg,24.061404433497902,22.38471738761669,32.863760524867224,102.40791529015631,-54.285106423160514,101.76483934741503,-43.31015651922627,22.29218566828994,22.475105124373723,0.008171622313399225,0.02548747616256628,False
29,bridge_creek_1999_ref,I08-bridge_creek_1999_ref-S20260805,tornado,C,reference_only,REFERENCE_ONLY_STATIONARY_SURROGATE,3L/4,local_roll_R_deg,deg,34.636438751698925,38.379191127410124,51.69763245057231,168.96360769763436,-99.6907301942365,164.24396822542582,-87.89621436668455,38.56577394299351,38.16665146699957,0.010399449917246723,0.05412576628372646,False
29,bridge_creek_1999_ref,I08-bridge_creek_1999_ref-S20260805,tornado,C,reference_only,REFERENCE_ONLY_STATIONARY_SURROGATE,L/4,system_roll_deg,deg,3.283854605854301,21.713212793457842,21.960130028904015,79.28009938295675,-72.71239017124815,40.30349591981393,-58.916943752614145,24.724521410843,18.210055993769576,0.30002310017595474,0.02035766703174565,False
29,bridge_creek_1999_ref,I08-bridge_creek_1999_ref-S20260805,tornado,C,reference_only,REFERENCE_ONLY_STATIONARY_SURROGATE,L/2,system_roll_deg,deg,4.843935118836689,11.535862510220817,12.511587880449767,45.219453904609544,-35.531583666936164,40.38761164356873,-29.19094251455852,9.090792711627923,13.546990193485515,0.38629079342003114,0.012842145128994115,False
29,bridge_creek_1999_ref,I08-bridge_creek_1999_ref-S20260805,tornado,C,reference_only,REFERENCE_ONLY_STATIONARY_SURROGATE,3L/4,system_roll_deg,deg,3.2909681298232334,21.966355155645868,22.211511206027428,80.17321117458377,-73.59127491493732,42.9929967256778,-54.46627023634156,25.186397525768886,18.176869740004292,0.31910290697284754,0.03909123069880093,False
30,dongfangzhixing_2015_downburst,I08-dongfangzhixing_2015_downburst-S20260805,downburst,A,reference_only,REFERENCE_ONLY_STATIONARY_SURROGATE,L/4,lateral_common_m,m,24.910586425385613,36.56449054960625,44.243635533360624,152.88630334900748,-103.06513049823624,97.88989593563034,-41.98493143175759,35.692113101388856,37.39670919954633,0.04661889370084031,0.05051374113095097,False
30,dongfangzhixing_2015_downburst,I08-dongfangzhixing_2015_downburst-S20260805,downburst,A,reference_only,REFERENCE_ONLY_STATIONARY_SURROGATE,L/2,lateral_common_m,m,33.13056749877521,51.464839685935786,61.20673350776017,213.25750639955046,-146.99637140200005,136.46896919970465,-60.82319419719251,50.285392240876625,52.59168618650153,0.04481300164732016,0.04911250864790117,False
30,dongfangzhixing_2015_downburst,I08-dongfangzhixing_2015_downburst-S20260805,downburst,A,reference_only,REFERENCE_ONLY_STATIONARY_SURROGATE,3L/4,lateral_common_m,m,24.909989460563924,36.47443321611526,44.16890142806653,152.57050571696735,-102.75052679583949,103.9117212209923,-40.34134932303361,35.7093767859819,37.197555773452144,0.04080060623979017,0.057144968658543654,False
30,dongfangzhixing_2015_downburst,I08-dongfangzhixing_2015_downburst-S20260805,downburst,A,reference_only,REFERENCE_ONLY_STATIONARY_SURROGATE,L/4,vertical_common_m,m,-0.12202767357931395,2.5078445668967917,2.510811646626034,8.655428310559456,-8.899483657718084,6.712460172176836,-5.93599234533504,2.647784683990182,2.3598371142252383,0.11481874657058595,0.0026564017514974195,False
30,dongfangzhixing_2015_downburst,I08-dongfangzhixing_2015_downburst-S20260805,downburst,A,reference_only,REFERENCE_ONLY_STATIONARY_SURROGATE,L/2,vertical_common_m,m,-0.16680358968711134,1.511478127247958,1.520654321889594,5.123369855680742,-5.4569770350549645,4.192734222697471,-4.798623148364863,1.5928120357111861,1.4226595973778444,0.11257353663671521,0.0862684683663224,False
30,dongfangzhixing_2015_downburst,I08-dongfangzhixing_2015_downburst-S20260805,downburst,A,reference_only,REFERENCE_ONLY_STATIONARY_SURROGATE,3L/4,vertical_common_m,m,-0.12203029582693341,2.5202395856021664,2.5231922166049476,8.69880825378065,-8.942868845434516,6.280473118561486,-7.029535748490668,2.6473137776635465,2.386480249035326,0.10349552880540883,0.01501074219088492,False
30,dongfangzhixing_2015_downburst,I08-dongfangzhixing_2015_downburst-S20260805,downburst,A,reference_only,REFERENCE_ONLY_STATIONARY_SURROGATE,L/4,local_roll_L_deg,deg,3.608527315081567,4.036625696031526,5.414408221916019,17.73671725119191,-10.519662621028774,13.124114834846369,-7.248121134273797,4.530615558673899,3.4714643279781585,0.26238529664442506,0.041254522164795665,False
30,dongfangzhixing_2015_downburst,I08-dongfangzhixing_2015_downburst-S20260805,downburst,A,reference_only,REFERENCE_ONLY_STATIONARY_SURROGATE,L/2,local_roll_L_deg,deg,2.491169013292095,1.369032947765782,2.8425647336261277,7.282784330472333,-2.3004463038881426,6.63109809663886,-1.193385587562502,1.3058102612077835,1.4267165583719474,0.08831511130647302,0.09327335226482736,False
30,dongfangzhixing_2015_downburst,I08-dongfangzhixing_2015_downburst-S20260805,downburst,A,reference_only,REFERENCE_ONLY_STATIONARY_SURROGATE,3L/4,local_roll_L_deg,deg,3.5860410262598093,4.065253228613737,5.420883143434557,17.814427326407888,-10.642345273888271,12.098187771849709,-7.999826192840389,4.611200507063057,3.4199407720643604,0.29303457078980516,0.10786553500123396,False
30,dongfangzhixing_2015_downburst,I08-dongfangzhixing_2015_downburst-S20260805,downburst,A,reference_only,REFERENCE_ONLY_STATIONARY_SURROGATE,L/4,local_roll_R_deg,deg,3.6085256322946657,4.050171805831205,5.424513701307945,17.784126952703883,-10.567075688114553,12.644438844209194,-7.516474657989137,4.531523569933746,3.502284472867754,0.2541223302142771,0.03459062562993418,False
30,dongfangzhixing_2015_downburst,I08-dongfangzhixing_2015_downburst-S20260805,downburst,A,reference_only,REFERENCE_ONLY_STATIONARY_SURROGATE,L/2,local_roll_R_deg,deg,2.4911667120392518,1.372059140403336,2.844021426068516,7.2933737034509285,-2.3110402793724245,6.9925614568455945,-1.3262144143890766,1.3115458536932771,1.4271184359606368,0.08423294511443981,0.09550414619213858,False
30,dongfangzhixing_2015_downburst,I08-dongfangzhixing_2015_downburst-S20260805,downburst,A,reference_only,REFERENCE_ONLY_STATIONARY_SURROGATE,3L/4,local_roll_R_deg,deg,3.586039355279441,4.049352396189138,5.4089678392587714,17.758772741941424,-10.586694031382542,12.55050558252687,-8.471366937030675,4.587977242126411,3.4117375103554726,0.2904760111463508,0.11463359038408526,False
30,dongfangzhixing_2015_downburst,I08-dongfangzhixing_2015_downburst-S20260805,downburst,A,reference_only,REFERENCE_ONLY_STATIONARY_SURROGATE,L/4,system_roll_deg,deg,0.3399896836400816,3.8195801181356397,3.8346818986506235,13.708520097114821,-13.028540729834656,7.663807511462432,-8.22088787489873,4.395718532483183,3.139071104526819,0.32900145803715763,0.025401923294910707,False
30,dongfangzhixing_2015_downburst,I08-dongfangzhixing_2015_downburst-S20260805,downburst,A,reference_only,REFERENCE_ONLY_STATIONARY_SURROGATE,L/2,system_roll_deg,deg,0.501510622818188,1.0495760746999983,1.163238084564868,4.175026884268182,-3.1720056386318056,3.306671429459117,-2.594679088077788,0.9048393868271891,1.1766913602342948,0.25901121410833366,0.010997830763525418,False
30,dongfangzhixing_2015_downburst,I08-dongfangzhixing_2015_downburst-S20260805,downburst,A,reference_only,REFERENCE_ONLY_STATIONARY_SURROGATE,3L/4,system_roll_deg,deg,0.3407261732396672,3.8523717929954184,3.867410342412256,13.824027448723632,-13.142575102244296,7.719912601523826,-8.230054111554427,4.455703523497987,3.1331487301823935,0.34330922984129697,0.04358095425999836,False
31,andrews_afb_1983_microburst,I08-andrews_afb_1983_microburst-S20260805,downburst,C,reference_only,REFERENCE_ONLY_STATIONARY_SURROGATE,L/4,lateral_common_m,m,58.5176374547636,98.61602516196074,114.67098286851659,403.6737255216262,-286.638450612099,251.63695208477617,-124.55216769692383,96.43968130815395,100.7262343367425,0.04346710406902508,0.03355405789630624,False
31,andrews_afb_1983_microburst,I08-andrews_afb_1983_microburst-S20260805,downburst,C,reference_only,REFERENCE_ONLY_STATIONARY_SURROGATE,L/2,lateral_common_m,m,77.82725402193694,138.64010427915525,158.99106887850695,563.0676189989804,-407.41311095510645,350.1454320817934,-172.34787448817735,135.5792986123402,141.60790658690345,0.043483867859941114,0.03354411672357358,False
31,andrews_afb_1983_microburst,I08-andrews_afb_1983_microburst-S20260805,downburst,C,reference_only,REFERENCE_ONLY_STATIONARY_SURROGATE,3L/4,lateral_common_m,m,58.51623512041418,98.32880621123043,114.42335383824974,402.6670568597207,-285.6345866188923,267.35534592497845,-114.86019892685526,96.34631893493459,100.24322246290568,0.03963135197227701,0.03912963934784443,False
31,andrews_afb_1983_microburst,I08-andrews_afb_1983_microburst-S20260805,downburst,C,reference_only,REFERENCE_ONLY_STATIONARY_SURROGATE,L/4,vertical_common_m,m,-0.28665608428573935,6.809567543311212,6.815598421090809,23.546830317303506,-24.120142485874982,17.523925965107363,-16.47301382266631,7.177283690812408,6.421354459998871,0.1110098733885177,0.006419547443850641,False
31,andrews_afb_1983_microburst,I08-andrews_afb_1983_microburst-S20260805,downburst,C,reference_only,REFERENCE_ONLY_STATIONARY_SURROGATE,L/2,vertical_common_m,m,-0.3918395103503643,4.213407511195924,4.231588479197126,14.35508677883537,-15.138765799536097,11.74788433797573,-13.2903336001853,4.438819160689577,3.9707543909071883,0.11108936615759107,0.06590348641022581,False
31,andrews_afb_1983_microburst,I08-andrews_afb_1983_microburst-S20260805,downburst,C,reference_only,REFERENCE_ONLY_STATIONARY_SURROGATE,3L/4,vertical_common_m,m,-0.2866622442264525,6.846503001975517,6.8525016306692486,23.676098262687855,-24.24942275114076,17.498885206316878,-18.43333237762786,7.179546567752807,6.496964849068931,0.0996978630531413,0.004971119096025711,False
31,andrews_afb_1983_microburst,I08-andrews_afb_1983_microburst-S20260805,downburst,C,reference_only,REFERENCE_ONLY_STATIONARY_SURROGATE,L/4,local_roll_L_deg,deg,8.47681742868829,8.695848352939736,12.143896092137739,38.91228666397737,-21.958651806600784,31.624689918057086,-17.480484513011824,9.418295977439822,7.906101136946187,0.17389848340471797,0.03146042953099519,False
31,andrews_afb_1983_microburst,I08-andrews_afb_1983_microburst-S20260805,downburst,C,reference_only,REFERENCE_ONLY_STATIONARY_SURROGATE,L/2,local_roll_L_deg,deg,5.852023018206057,3.6018586683576594,6.871648948573896,18.458528357457865,-6.75448232104575,16.580509061564868,-4.500015093337232,3.4270049089902543,3.7654458379473486,0.09396285643584489,0.06329211326579184,False
31,andrews_afb_1983_microburst,I08-andrews_afb_1983_microburst-S20260805,downburst,C,reference_only,REFERENCE_ONLY_STATIONARY_SURROGATE,3L/4,local_roll_L_deg,deg,8.423994726143084,8.672258884062549,12.090151417508727,38.776900820362,-21.928911368075838,28.30096108609517,-16.559176908935193,9.548070386651329,7.678641541273821,0.21556423422887572,0.08953461708445541,False
31,andrews_afb_1983_microburst,I08-andrews_afb_1983_microburst-S20260805,downburst,C,reference_only,REFERENCE_ONLY_STATIONARY_SURROGATE,L/4,local_roll_R_deg,deg,8.476813475641489,8.734185088256858,12.171374444028316,39.04646128454049,-22.092834333257514,31.365822091460824,-17.961479883716038,9.403268536078542,8.008619097250758,0.15967711065602389,0.02572981135887179,False
31,andrews_afb_1983_microburst,I08-andrews_afb_1983_microburst-S20260805,downburst,C,reference_only,REFERENCE_ONLY_STATIONARY_SURROGATE,L/2,local_roll_R_deg,deg,5.852017612316478,3.612294891499603,6.877120365241282,18.49504973256509,-6.7910145079321325,17.53908284162008,-4.2648866839363375,3.447292825821668,3.7666991792909235,0.08842200403429898,0.06512183960525338,False
31,andrews_afb_1983_microburst,I08-andrews_afb_1983_microburst-S20260805,downburst,C,reference_only,REFERENCE_ONLY_STATIONARY_SURROGATE,3L/4,local_roll_R_deg,deg,8.423990800831103,8.618667814433055,12.051765675951026,38.58932815134679,-21.74134654968459,30.08631852208565,-17.82830495430023,9.497770511493602,7.617430659723944,0.2181705911232349,0.09600163196424284,False
31,andrews_afb_1983_microburst,I08-andrews_afb_1983_microburst-S20260805,downburst,C,reference_only,REFERENCE_ONLY_STATIONARY_SURROGATE,L/4,system_roll_deg,deg,0.7986722073044125,7.433099228203691,7.475883989940107,26.814519506017334,-25.217175091408507,14.769101451944968,-16.83862429572493,8.527849938053135,6.145739454395039,0.32047338674284936,0.024658537749539005,False
31,andrews_afb_1983_microburst,I08-andrews_afb_1983_microburst-S20260805,downburst,C,reference_only,REFERENCE_ONLY_STATIONARY_SURROGATE,L/2,system_roll_deg,deg,1.178102205409367,2.448230463335119,2.7169389407921014,9.746908827082283,-7.390704416263549,8.3525132961236,-6.3913749048667405,1.97375113328378,2.844812734965331,0.35579232213904455,0.0019077071041934705,False
31,andrews_afb_1983_microburst,I08-andrews_afb_1983_microburst-S20260805,downburst,C,reference_only,REFERENCE_ONLY_STATIONARY_SURROGATE,3L/4,system_roll_deg,deg,0.8004023003115295,7.504299544864051,7.546863951429812,27.065450707335707,-25.46464610671265,14.833739212904831,-16.384080050410052,8.65725046846053,6.135171455334905,0.33608453367932767,0.04217653759372899,False
32,midwest_derecho_2020,I08-midwest_derecho_2020-S20260805,derecho,C,reference_only,REFERENCE_ONLY_STATIONARY_SURROGATE,L/4,lateral_common_m,m,51.73902941812357,77.92776503334518,93.53963720381704,324.4862070348317,-221.00814819858456,204.79785041461727,-92.60549884369621,76.18395459245929,79.6156016736757,0.044036256907252685,0.03558907120415291,False
32,midwest_derecho_2020,I08-midwest_derecho_2020-S20260805,derecho,C,reference_only,REFERENCE_ONLY_STATIONARY_SURROGATE,L/2,lateral_common_m,m,68.81184477903052,109.57410596057028,129.38915982010113,452.3212156410265,-314.69752608296545,284.76075330186114,-129.27810247103343,107.13652273708357,111.93393083941174,0.043782315723885544,0.03541682469642944,False
32,midwest_derecho_2020,I08-midwest_derecho_2020-S20260805,derecho,C,reference_only,REFERENCE_ONLY_STATIONARY_SURROGATE,3L/4,lateral_common_m,m,51.7377895283858,77.70458985778976,93.35310466315981,323.70385403064995,-220.22827497387834,217.27456540270393,-85.350542209623,76.12519711928233,79.22638914382873,0.039910023722176606,0.041285399213087576,False
32,midwest_derecho_2020,I08-midwest_derecho_2020-S20260805,derecho,C,reference_only,REFERENCE_ONLY_STATIONARY_SURROGATE,L/4,vertical_common_m,m,-0.25345021130097983,5.379729279713789,5.38569625328224,18.575602267697285,-19.082502690299243,13.896990575595696,-13.005433782719011,5.671399680430161,5.071733776115133,0.11146767302516221,0.006112752955224384,False
32,midwest_derecho_2020,I08-midwest_derecho_2020-S20260805,derecho,C,reference_only,REFERENCE_ONLY_STATIONARY_SURROGATE,L/2,vertical_common_m,m,-0.3464493242549777,3.3171495210217357,3.3351923601332896,11.263573999321096,-11.956472647831053,9.217137740855076,-10.499446566843021,3.495458084410236,3.124893570465083,0.11171173068828479,0.06821982380749403,False
32,midwest_derecho_2020,I08-midwest_derecho_2020-S20260805,derecho,C,reference_only,REFERENCE_ONLY_STATIONARY_SURROGATE,3L/4,vertical_common_m,m,-0.25345565768206485,5.408669365988356,5.414604702191281,18.67688712327718,-19.183798438641308,13.76139693678929,-14.655657853605797,5.672742897411947,5.131444463608502,0.100079778809798,0.006135933217679369,False
32,midwest_derecho_2020,I08-midwest_derecho_2020-S20260805,derecho,C,reference_only,REFERENCE_ONLY_STATIONARY_SURROGATE,L/4,local_roll_L_deg,deg,7.494873774663361,7.0698629009958385,10.303207963397318,32.2393939281488,-17.249646378822074,26.00991905967624,-13.34115757093064,7.711087773571624,6.362908621851755,0.1906938183383964,0.03272836156866394,False
32,midwest_derecho_2020,I08-midwest_derecho_2020-S20260805,derecho,C,reference_only,REFERENCE_ONLY_STATIONARY_SURROGATE,L/2,local_roll_L_deg,deg,5.174132180721731,2.8384520763436725,5.901563692215812,15.108714447924585,-4.760450086481123,13.670571207535477,-2.8889324123163096,2.6964369393591174,2.9708246265206446,0.09666807111113086,0.0675639401862245,False
32,midwest_derecho_2020,I08-midwest_derecho_2020-S20260805,derecho,C,reference_only,REFERENCE_ONLY_STATIONARY_SURROGATE,3L/4,local_roll_L_deg,deg,7.448169986202251,7.063956724608574,10.265218982101976,32.17201852233226,-17.27567854992776,23.452773907404286,-12.915212067191261,7.822639071374579,6.196806088402233,0.2301589670429976,0.09243230997243788,False
32,midwest_derecho_2020,I08-midwest_derecho_2020-S20260805,derecho,C,reference_only,REFERENCE_ONLY_STATIONARY_SURROGATE,L/4,local_roll_R_deg,deg,7.494870279532433,7.099938752608285,10.323866078064334,32.344655913661434,-17.354915354596564,25.684053131960006,-13.548738134558237,7.701900706604522,6.441208087420109,0.17756387246598088,0.02688972570300879,False
32,midwest_derecho_2020,I08-midwest_derecho_2020-S20260805,derecho,C,reference_only,REFERENCE_ONLY_STATIONARY_SURROGATE,L/2,local_roll_R_deg,deg,5.174127401043464,2.8464803925263635,5.905425047129617,15.136808774885736,-4.788553972798809,14.43127203031077,-2.715968407116712,2.7120688850026133,2.9717656787422726,0.09123435187592074,0.06944903133839529,False
32,midwest_derecho_2020,I08-midwest_derecho_2020-S20260805,derecho,C,reference_only,REFERENCE_ONLY_STATIONARY_SURROGATE,3L/4,local_roll_R_deg,deg,7.44816651559337,7.023219482699591,10.237226008356824,32.029434705041936,-17.133101673855197,24.503057624299135,-13.919327325291501,7.781642353440461,6.153380528388374,0.23183980353497566,0.09892544596456199,False
32,midwest_derecho_2020,I08-midwest_derecho_2020-S20260805,derecho,C,reference_only,REFERENCE_ONLY_STATIONARY_SURROGATE,L/4,system_roll_deg,deg,0.7061550436157752,6.169547118248958,6.2098282254759685,22.29956995748713,-20.887259870255576,12.35403441309177,-13.72219044833614,7.081637710727484,5.096237789749706,0.3218064280772159,0.02483045905262583,False
32,midwest_derecho_2020,I08-midwest_derecho_2020-S20260805,derecho,C,reference_only,REFERENCE_ONLY_STATIONARY_SURROGATE,L/2,system_roll_deg,deg,1.0416323576007518,1.969250203386254,2.227766669096587,7.9340080694526405,-5.850743354251137,6.74435113614783,-5.0317834564282355,1.6011871631687062,2.2787535159007475,0.34407326786962966,0.0033095602409341078,False
32,midwest_derecho_2020,I08-midwest_derecho_2020-S20260805,derecho,C,reference_only,REFERENCE_ONLY_STATIONARY_SURROGATE,3L/4,system_roll_deg,deg,0.7076847248688936,6.227614995536794,6.267695445891377,22.504337209247673,-21.088967759509885,12.41032713678647,-13.407798718002326,7.187279794235659,5.087340850713686,0.337197939343867,0.042367757686185364,False
33,great_storm_1987,I08-great_storm_1987-S20260805,extratropical_storm,C,stationary_ok,STATIONARY_SPECTRAL_MAPPING,L/4,lateral_common_m,m,32.96297685132832,34.69842306344726,47.85956963859135,154.40745757339374,-88.48150387073709,101.81258406209007,-30.822267192607562,33.88778568430377,35.476837912495604,0.04579609353676378,0.04415315233848174,False
33,great_storm_1987,I08-great_storm_1987-S20260805,extratropical_storm,C,stationary_ok,STATIONARY_SPECTRAL_MAPPING,L/2,lateral_common_m,m,43.840081115898194,48.819806897768444,65.61498500940111,214.70940525808774,-127.02924302629137,141.19381312058957,-44.967543156297246,47.71024894577856,49.886305194071994,0.044573225224962994,0.04328480385884011,False
33,great_storm_1987,I08-great_storm_1987-S20260805,extratropical_storm,C,stationary_ok,STATIONARY_SPECTRAL_MAPPING,3L/4,lateral_common_m,m,32.962186916588834,34.6067742630743,47.792620677459425,154.08589683734888,-88.16152300417122,107.4636692012509,-28.596789641702536,33.887147795865495,35.29303680826842,0.04062467659411464,0.050378743518754154,False
33,great_storm_1987,I08-great_storm_1987-S20260805,extratropical_storm,C,stationary_ok,STATIONARY_SPECTRAL_MAPPING,L/4,vertical_common_m,m,-0.1614733314875829,2.3879682569815963,2.3934214073441855,8.196415567948003,-8.51936223092317,6.256053792498491,-5.751156807218119,2.5196415275442368,2.24879700135194,0.11342048848448494,0.004350342351400749,False
33,great_storm_1987,I08-great_storm_1987-S20260805,extratropical_storm,C,stationary_ok,STATIONARY_SPECTRAL_MAPPING,L/2,vertical_common_m,m,-0.2207231404224,1.45239358923096,1.4690697201825096,4.86265442188596,-5.304100702730761,3.9713480792364595,-4.667583400378866,1.530923867508567,1.3671287595823591,0.11277597831655062,0.07835750846221821,False
33,great_storm_1987,I08-great_storm_1987-S20260805,extratropical_storm,C,stationary_ok,STATIONARY_SPECTRAL_MAPPING,3L/4,vertical_common_m,m,-0.16147680138131007,2.4002694255703556,2.4056949251125306,8.239466188114934,-8.562419790877554,5.98836647975184,-6.666057878806908,2.5195806382203223,2.274840665572743,0.10196354210920465,0.011183741474064215,False
33,great_storm_1987,I08-great_storm_1987-S20260805,extratropical_storm,C,stationary_ok,STATIONARY_SPECTRAL_MAPPING,L/4,local_roll_L_deg,deg,4.7749900513463475,3.5385325772637715,5.943209805384089,17.159854071769548,-7.609873969076852,13.464185038647255,-5.0994508284700695,3.937328105603661,3.0875641833065623,0.24014585248051962,0.03771693995069208,False
33,great_storm_1987,I08-great_storm_1987-S20260805,extratropical_storm,C,stationary_ok,STATIONARY_SPECTRAL_MAPPING,L/2,local_roll_L_deg,deg,3.2964437334245775,1.2745650165589053,3.53426898651899,7.757421291380746,-1.1645338245315906,7.149763354243031,-0.12012230815919533,1.2106042136613737,1.3334467213352907,0.09637994616043169,0.08346925853760755,False
33,great_storm_1987,I08-great_storm_1987-S20260805,extratropical_storm,C,stationary_ok,STATIONARY_SPECTRAL_MAPPING,3L/4,local_roll_L_deg,deg,4.745235030519196,3.555048140580207,5.929217720467794,17.18790352254992,-7.697433461511527,12.424774424435238,-5.4520202361276136,4.003120431086569,3.0311471897192637,0.27340649210130613,0.10220075353322601,False
33,great_storm_1987,I08-great_storm_1987-S20260805,extratropical_storm,C,stationary_ok,STATIONARY_SPECTRAL_MAPPING,L/4,local_roll_R_deg,deg,4.774987824595646,3.551579706254961,5.950985391926176,17.20551679648801,-7.6555411472967165,13.125741133837574,-5.155959703158095,3.936689819896671,3.1186191340735125,0.23033994827214238,0.03142035923931035,False
33,great_storm_1987,I08-great_storm_1987-S20260805,extratropical_storm,C,stationary_ok,STATIONARY_SPECTRAL_MAPPING,L/2,local_roll_R_deg,deg,3.2964406882877464,1.277727018428682,3.535407691486463,7.768485252788134,-1.1756038762126408,7.491928678820719,-0.12503816206602814,1.216709634076322,1.3338235879782414,0.09165803979471562,0.08556308840461042,False
33,great_storm_1987,I08-great_storm_1987-S20260805,extratropical_storm,C,stationary_ok,STATIONARY_SPECTRAL_MAPPING,3L/4,local_roll_R_deg,deg,4.745232819391515,3.5390380643100903,5.9196304724928615,17.13186604447683,-7.6414004056938,12.675211407166522,-5.901175534283479,3.982622505594489,3.0193062380201785,0.2721972044576192,0.10882449497488908,False
33,great_storm_1987,I08-great_storm_1987-S20260805,extratropical_storm,C,stationary_ok,STATIONARY_SPECTRAL_MAPPING,L/4,system_roll_deg,deg,0.4498919407251555,3.2692234955111,3.300034094055887,11.892174175014006,-10.992390293563695,6.692579471176206,-6.948234166415254,3.758783505339693,2.6917578078095556,0.32638505718414396,0.025268320213155178,False
33,great_storm_1987,I08-great_storm_1987-S20260805,extratropical_storm,C,stationary_ok,STATIONARY_SPECTRAL_MAPPING,L/2,system_roll_deg,deg,0.6636248046655645,0.9448942161807241,1.1546527448281556,3.9707545612980986,-2.6435049519669698,3.2618274112221552,-2.1869921533623575,0.7960223780359479,1.0733672257123164,0.29351946802828394,0.0082189852402582,False
33,great_storm_1987,I08-great_storm_1987-S20260805,extratropical_storm,C,stationary_ok,STATIONARY_SPECTRAL_MAPPING,3L/4,system_roll_deg,deg,0.4508665018698762,3.298216749150997,3.3288908553583654,11.994625123898366,-11.092892120158613,6.732680769354532,-6.917838475245096,3.8117260651395126,2.6868057241797296,0.3410692584862265,0.04308880854979873,False
34,lothar_1999,I08-lothar_1999-S20260805,extratropical_storm,C,stationary_ok,STATIONARY_SPECTRAL_MAPPING,L/4,lateral_common_m,m,28.97136637323779,31.801742061164365,43.01965675894223,140.27746358731306,-82.3347308408375,92.24686416332017,-29.364804280600257,31.051155409004043,32.52045435484998,0.04620183834646645,0.0469738254905506,False
34,lothar_1999,I08-lothar_1999-S20260805,extratropical_storm,C,stationary_ok,STATIONARY_SPECTRAL_MAPPING,L/2,lateral_common_m,m,38.531321293269876,44.75211518580098,59.0543354395627,195.16372444357333,-118.10108185703356,128.06003809025069,-43.01144202328617,43.73061955571769,45.73142251047106,0.04470856732573376,0.045870872365842315,False
34,lothar_1999,I08-lothar_1999-S20260805,extratropical_storm,C,stationary_ok,STATIONARY_SPECTRAL_MAPPING,3L/4,lateral_common_m,m,28.970672094658152,31.72022256165835,42.95896135822355,139.99145106046237,-82.05010687114607,97.45252201285932,-27.602104284867547,31.057630452790537,32.34969384039289,0.04073311229424114,0.05337843562859887,False
34,lothar_1999,I08-lothar_1999-S20260805,extratropical_storm,C,stationary_ok,STATIONARY_SPECTRAL_MAPPING,L/4,vertical_common_m,m,-0.14191992025275835,2.1854536339877164,2.1900568143485835,7.507167798704249,-7.791007639209766,5.768947725824825,-5.235841680919819,2.3066099767381765,2.0573600145758824,0.11404953108407838,0.0036330262337297397,False
34,lothar_1999,I08-lothar_1999-S20260805,extratropical_storm,C,stationary_ok,STATIONARY_SPECTRAL_MAPPING,L/2,vertical_common_m,m,-0.19399494763687505,1.3237067841253796,1.3378466616351024,4.438978796801954,-4.826968692075703,3.6260331633740948,-4.248233598200155,1.3951766950998208,1.245915851517262,0.11275974813499264,0.08182714254703365,False
34,lothar_1999,I08-lothar_1999-S20260805,extratropical_storm,C,stationary_ok,STATIONARY_SPECTRAL_MAPPING,3L/4,vertical_common_m,m,-0.14192296996404208,2.1965178761016007,2.2010981144504442,7.545889596391561,-7.829735536319644,5.464767584816032,-6.125271226868717,2.3063906957089193,2.0809487424846846,0.10263606578260634,0.012877390611977077,False
34,lothar_1999,I08-lothar_1999-S20260805,extratropical_storm,C,stationary_ok,STATIONARY_SPECTRAL_MAPPING,L/4,local_roll_L_deg,deg,4.196768599816128,3.3624287743168364,5.37761972835161,15.965269309925056,-7.5717321102928,12.298803800080481,-5.029007679633839,3.757478367408643,2.9131367410549474,0.2511106355034227,0.03929416063587381,False
34,lothar_1999,I08-lothar_1999-S20260805,extratropical_storm,C,stationary_ok,STATIONARY_SPECTRAL_MAPPING,L/2,local_roll_L_deg,deg,2.897265000080196,1.1770488801377277,3.127233369437461,7.0169360805622425,-1.2224060804018513,6.457962040345857,-0.20936576866658418,1.119728410992172,1.2296182291562259,0.09336045428393394,0.08800853496692404,False
34,lothar_1999,I08-lothar_1999-S20260805,extratropical_storm,C,stationary_ok,STATIONARY_SPECTRAL_MAPPING,3L/4,local_roll_L_deg,deg,4.170616726042262,3.3821620241322483,5.369642803113241,16.00818381050513,-7.666950358420607,11.37249462800337,-5.503323644213676,3.822249786721897,2.8648712747867644,0.28306701604006235,0.10483152519126743,False
34,lothar_1999,I08-lothar_1999-S20260805,extratropical_storm,C,stationary_ok,STATIONARY_SPECTRAL_MAPPING,L/4,local_roll_R_deg,deg,4.19676664271102,3.374303287923068,5.385050875549863,16.006828150441756,-7.613294865019717,11.939202696235075,-5.163040476146892,3.7575768418383793,2.9407855282496507,0.24206221074202117,0.032838384851141995,False
34,lothar_1999,I08-lothar_1999-S20260805,extratropical_storm,C,stationary_ok,STATIONARY_SPECTRAL_MAPPING,L/2,local_roll_R_deg,deg,2.8972623236904016,1.1798266681408096,3.1282774715699615,7.026655662183236,-1.2321310148024325,6.772023150791718,-0.3206419109087113,1.1250536598019152,1.229963045003097,0.08891932012903192,0.09016455981105842,False
34,lothar_1999,I08-lothar_1999-S20260805,extratropical_storm,C,stationary_ok,STATIONARY_SPECTRAL_MAPPING,3L/4,local_roll_R_deg,deg,4.170614782668323,3.367911256926713,5.360676627063529,15.958304181911817,-7.617074616575173,11.675868267205356,-5.9150943278017225,3.8028239666183787,2.8557898373066113,0.28119331451029833,0.11151372332570136,False
34,lothar_1999,I08-lothar_1999-S20260805,extratropical_storm,C,stationary_ok,STATIONARY_SPECTRAL_MAPPING,L/4,system_roll_deg,deg,0.39541283852796866,3.1437611137271992,3.1685304563876335,11.398576736573167,-10.607751059517229,6.411257547327911,-6.686859487067993,3.616141563377135,2.5862059723456685,0.32761254871887807,0.025342413387847363,False
34,lothar_1999,I08-lothar_1999-S20260805,extratropical_storm,C,stationary_ok,STATIONARY_SPECTRAL_MAPPING,L/2,system_roll_deg,deg,0.5832639884755936,0.8868705458161146,1.0614783301078878,3.6873108988319947,-2.5207829218808078,2.9813416871850227,-2.0666866912475936,0.7551508651892677,1.0014595794214136,0.2777279225182613,0.009530046299931988,False
34,lothar_1999,I08-lothar_1999-S20260805,extratropical_storm,C,stationary_ok,STATIONARY_SPECTRAL_MAPPING,3L/4,system_roll_deg,deg,0.3962693864090711,3.17121507519067,3.1958777322860126,11.495522149576415,-10.702983376758274,6.4533540133757725,-6.675312374370647,3.666318165822288,2.581388047641446,0.34211811323317776,0.04330976941148626,False
35,bora_adriatic,I08-bora_adriatic-S20260805,foehn_bora,C,stationary_ok,STATIONARY_SPECTRAL_MAPPING,L/4,lateral_common_m,m,62.836738768533266,87.46063999419911,107.69317196210628,368.94897874823016,-243.2755012111636,233.8098861708603,-99.72002535697199,85.54674105754557,89.3181634018826,0.04312136687528433,0.03242950303752348,False
35,bora_adriatic,I08-bora_adriatic-S20260805,foehn_bora,C,stationary_ok,STATIONARY_SPECTRAL_MAPPING,L/2,lateral_common_m,m,83.57156991905578,122.94506982720296,148.65967003041357,513.8793143142661,-346.7361744761546,324.5860126386985,-138.03870825864016,120.24363871069819,125.56663108850643,0.04329569608028693,0.03250888411721381,False
35,bora_adriatic,I08-bora_adriatic-S20260805,foehn_bora,C,stationary_ok,STATIONARY_SPECTRAL_MAPPING,3L/4,lateral_common_m,m,62.83523292993459,87.20364831246513,107.48368609404518,368.04800202356256,-242.37753616369338,247.71345064153238,-90.87635918039308,85.4543056556516,88.89492633699217,0.03945500845345669,0.037939579814189085,False
35,bora_adriatic,I08-bora_adriatic-S20260805,foehn_bora,C,stationary_ok,STATIONARY_SPECTRAL_MAPPING,L/4,vertical_common_m,m,-0.30781375100110686,6.039292073452583,6.047131390483638,20.829708506082934,-21.445336008085146,15.437327815290464,-14.684481271328867,6.364703441367275,5.695782719467894,0.1107614458389604,0.006567324048496846,False
35,bora_adriatic,I08-bora_adriatic-S20260805,foehn_bora,C,stationary_ok,STATIONARY_SPECTRAL_MAPPING,L/2,vertical_common_m,m,-0.4207606120481115,3.7441165757116095,3.7676847566071037,12.683647402942523,-13.525168627038745,10.362287899580167,-11.884361826611554,3.943737050103041,3.5294194169485875,0.11065831546009164,0.06463963198258808,False
35,bora_adriatic,I08-bora_adriatic-S20260805,foehn_bora,C,stationary_ok,STATIONARY_SPECTRAL_MAPPING,3L/4,vertical_common_m,m,-0.30782036559804293,6.07218825005486,6.0799854869548176,20.944838509593968,-21.560479240790055,15.487699456951933,-16.359398813555032,6.367012226934292,5.762802730107345,0.09950440795729412,0.004335295958549059,False
35,bora_adriatic,I08-bora_adriatic-S20260805,foehn_bora,C,stationary_ok,STATIONARY_SPECTRAL_MAPPING,L/4,local_roll_L_deg,deg,9.102478936659043,7.592944646802898,11.853604143961208,35.67778520046919,-17.472827327151098,29.49930192141317,-13.716792905629077,8.187758348911524,6.946121188393663,0.163525116838652,0.030738248683837184,False
35,bora_adriatic,I08-bora_adriatic-S20260805,foehn_bora,C,stationary_ok,STATIONARY_SPECTRAL_MAPPING,L/2,local_roll_L_deg,deg,6.283952286124353,3.2026112479680204,7.052997599595421,17.493091654012424,-4.925187081763718,15.791991831615903,-2.974941605496155,3.050735014699363,3.3450215320194983,0.09188955340953509,0.06085338431600742,False
35,bora_adriatic,I08-bora_adriatic-S20260805,foehn_bora,C,stationary_ok,STATIONARY_SPECTRAL_MAPPING,3L/4,local_roll_L_deg,deg,9.045757467624224,7.563562442705934,11.791234243614669,35.51822601709499,-17.426711081846545,26.490131664835317,-12.723650353655977,8.29729494566335,6.734896732191933,0.2065690903336357,0.08780278884478629,False
35,bora_adriatic,I08-bora_adriatic-S20260805,foehn_bora,C,stationary_ok,STATIONARY_SPECTRAL_MAPPING,L/4,local_roll_R_deg,deg,9.102474691843636,7.627085141357641,11.875498864012929,35.79727268659538,-17.59232330290811,29.34737275417742,-14.25584862202252,8.172553705888532,7.0388661645991775,0.1486396861026197,0.02506841887624736,False
35,bora_adriatic,I08-bora_adriatic-S20260805,foehn_bora,C,stationary_ok,STATIONARY_SPECTRAL_MAPPING,L/2,local_roll_R_deg,deg,6.2839464812339605,3.211999991897988,7.057260610673617,17.52594645287692,-4.9580534904089975,16.64087534689921,-2.758159903390287,3.068958181101213,3.34616975016136,0.08630497190516526,0.06265133850378662,False
35,bora_adriatic,I08-bora_adriatic-S20260805,foehn_bora,C,stationary_ok,STATIONARY_SPECTRAL_MAPPING,3L/4,local_roll_R_deg,deg,9.0457532525907,7.514927456176288,11.760092966399009,35.34799934920771,-17.256492844026308,28.309337403873602,-13.84847506767575,8.25346683956654,6.677355097539944,0.20973079929484068,0.09425448020687131,False
35,bora_adriatic,I08-bora_adriatic-S20260805,foehn_bora,C,stationary_ok,STATIONARY_SPECTRAL_MAPPING,L/4,system_roll_deg,deg,0.8576210358948764,6.40563961763665,6.46279604755137,23.27735969762315,-21.562117625833398,12.863056394866069,-14.47262543158546,7.346952900131096,5.299169338649077,0.31968447863408606,0.0245479127043915,False
35,bora_adriatic,I08-bora_adriatic-S20260805,foehn_bora,C,stationary_ok,STATIONARY_SPECTRAL_MAPPING,L/2,system_roll_deg,deg,1.265056207731692,2.1503646148669944,2.494881797920007,8.791332359766173,-6.2612199443027885,7.605987236842012,-5.388105275800131,1.7256986698367909,2.5041701436162307,0.36201836116410907,0.0010911038014899661,False
35,bora_adriatic,I08-bora_adriatic-S20260805,foehn_bora,C,stationary_ok,STATIONARY_SPECTRAL_MAPPING,3L/4,system_roll_deg,deg,0.8594788245388144,6.467637706644649,6.524495486567699,23.496210797795086,-21.777253148717456,12.916848955462847,-14.041042725384914,7.459564954190237,5.290134500623176,0.3354285678893634,0.0420654212859743,False
36,mistral_strong,I08-mistral_strong-S20260805,foehn_bora,C,stationary_ok,STATIONARY_SPECTRAL_MAPPING,L/4,lateral_common_m,m,20.85725549735393,21.50500969450699,29.958146618953922,96.12478942812841,-54.410278433420544,63.93213502736526,-18.356174794629677,20.98614204679933,21.997482740615816,0.04702814405495533,0.05503826646538467,False
36,mistral_strong,I08-mistral_strong-S20260805,foehn_bora,C,stationary_ok,STATIONARY_SPECTRAL_MAPPING,L/2,lateral_common_m,m,27.739720747404576,30.2756517186609,41.062235620258704,133.7045017627177,-78.22506026790857,88.78868891590555,-27.652337281760893,29.579492441792134,30.937628100666892,0.04485900655402403,0.05324972763707373,False
36,mistral_strong,I08-mistral_strong-S20260805,foehn_bora,C,stationary_ok,STATIONARY_SPECTRAL_MAPPING,3L/4,lateral_common_m,m,20.856755667779606,21.454887360987076,29.921838991915248,95.94886143123438,-54.23535009567516,67.50052601061554,-17.664567378452734,21.003409831149295,21.878622532517,0.04079316225911142,0.06196141144125491,False
36,mistral_strong,I08-mistral_strong-S20260805,foehn_bora,C,stationary_ok,STATIONARY_SPECTRAL_MAPPING,L/4,vertical_common_m,m,-0.10217191687618246,1.4711012379031012,1.4746450260175126,5.046682415784672,-5.251026249537037,3.943565164377123,-3.4891744253074495,1.5538456517073336,1.3835462797003149,0.11576318992822167,0.0013027865098354852,False
36,mistral_strong,I08-mistral_strong-S20260805,foehn_bora,C,stationary_ok,STATIONARY_SPECTRAL_MAPPING,L/2,vertical_common_m,m,-0.13966211106272725,0.881443632726427,0.8924395682288285,2.945390603479767,-3.224714825605222,2.399584523860943,-2.842954333908708,0.9285770648711118,0.8297382362336265,0.11213289763267462,0.09208096777421121,False
36,mistral_strong,I08-mistral_strong-S20260805,foehn_bora,C,stationary_ok,STATIONARY_SPECTRAL_MAPPING,3L/4,vertical_common_m,m,-0.10217411244426906,1.4781253945226733,1.4816525338913247,5.071264768385088,-5.275612993273626,3.630106454500749,-4.18335068574911,1.5534160246386286,1.398795373686743,0.10460590929893122,0.017736684039681247,False
36,mistral_strong,I08-mistral_strong-S20260805,foehn_bora,C,stationary_ok,STATIONARY_SPECTRAL_MAPPING,L/4,local_roll_L_deg,deg,3.0213650893074764,2.49992797523539,3.921515891112835,11.77111300263134,-5.728382824016387,8.767834866015555,-3.546831146854217,2.8180713563957065,2.133732504146623,0.2737434274220029,0.0437458908416019,False
36,mistral_strong,I08-mistral_strong-S20260805,foehn_bora,C,stationary_ok,STATIONARY_SPECTRAL_MAPPING,L/2,local_roll_L_deg,deg,2.085817961490242,0.818936619372489,2.240824347204517,4.952096129293953,-0.7804602063134691,4.557977365515827,-0.16536259739225523,0.7843227782964525,0.8502653759937752,0.08052222374406859,0.09938527443207903,False
36,mistral_strong,I08-mistral_strong-S20260805,foehn_bora,C,stationary_ok,STATIONARY_SPECTRAL_MAPPING,3L/4,local_roll_L_deg,deg,3.002537661356412,2.52070486017325,3.9203552645091584,11.825004671962786,-5.819929349249962,8.190574366193179,-4.148075633071233,2.8697629016722095,2.1057022414814672,0.303113891777964,0.11141608467868928,False
36,mistral_strong,I08-mistral_strong-S20260805,foehn_bora,C,stationary_ok,STATIONARY_SPECTRAL_MAPPING,L/4,local_roll_R_deg,deg,3.021363680335572,2.5078250734503835,3.926553843751201,11.798751437411914,-5.75602407674077,8.439741287928246,-3.7861481653965843,2.819064552105918,2.1512872813074058,0.2662774520711498,0.0368017754361966,False
36,mistral_strong,I08-mistral_strong-S20260805,foehn_bora,C,stationary_ok,STATIONARY_SPECTRAL_MAPPING,L/2,local_roll_R_deg,deg,2.085816034686203,0.8205963725492449,2.241429663673401,4.95790333860856,-0.786271269236154,4.770643494411037,-0.24635636320184462,0.7874127596894133,0.850509712475928,0.0768915814123078,0.10170754353593993,False
36,mistral_strong,I08-mistral_strong-S20260805,foehn_bora,C,stationary_ok,STATIONARY_SPECTRAL_MAPPING,3L/4,local_roll_R_deg,deg,3.00253626226994,2.51162329817958,3.914521119907825,11.79321780589847,-5.78814528135859,8.519506742777908,-4.4238538326966745,2.8554694866568915,2.1023058191394246,0.2998712697335459,0.11831337869560819,False
36,mistral_strong,I08-mistral_strong-S20260805,foehn_bora,C,stationary_ok,STATIONARY_SPECTRAL_MAPPING,L/4,system_roll_deg,deg,0.284668195965039,2.393503330435209,2.410372206651584,8.66192985248827,-8.092593460558192,4.881574707812884,-5.050504292115255,2.756095939748694,1.9648799016680896,0.3305681792958852,0.025435527981166578,False
36,mistral_strong,I08-mistral_strong-S20260805,foehn_bora,C,stationary_ok,STATIONARY_SPECTRAL_MAPPING,L/2,system_roll_deg,deg,0.4199072240265062,0.6393561748168008,0.7649172472013023,2.6576538358853092,-1.817839387832297,2.118512647315289,-1.4345275523793144,0.5590858375869694,0.7106414115663744,0.23704404516438943,0.012625907740116512,False
36,mistral_strong,I08-mistral_strong-S20260805,foehn_bora,C,stationary_ok,STATIONARY_SPECTRAL_MAPPING,3L/4,system_roll_deg,deg,0.28528484751580474,2.4136718982602665,2.4304730972947293,8.733136491426738,-8.16256679639513,4.921675674492942,-5.069746644820674,2.793017857749765,1.9611288562675269,0.34465703564840333,0.04392084545644874,False
37,patagonia_westerlies,I08-patagonia_westerlies-S20260805,extratropical_storm,C,stationary_ok,STATIONARY_SPECTRAL_MAPPING,L/4,lateral_common_m,m,20.85725549735393,20.160946551448106,29.008427615647285,91.42056842742231,-49.706057432714445,61.23995711452409,-15.905330572190227,19.674508124354187,20.622640038940375,0.047028144842638175,0.05503826696009496,False
37,patagonia_westerlies,I08-patagonia_westerlies-S20260805,extratropical_storm,C,stationary_ok,STATIONARY_SPECTRAL_MAPPING,L/2,lateral_common_m,m,27.739720747404576,28.383423429929444,39.687666002760295,127.08170275215763,-71.60226125734847,84.97312874711228,-24.190340154894564,27.730774109314,29.00402628696868,0.04485900655352499,0.05324972724864258,False
37,patagonia_westerlies,I08-patagonia_westerlies-S20260805,extratropical_storm,C,stationary_ok,STATIONARY_SPECTRAL_MAPPING,3L/4,lateral_common_m,m,20.856755667779606,20.11395686603042,28.975429553226455,91.25560469888607,-49.542093363326856,64.58528915416233,-15.2569810995717,19.69069669305499,20.511208579090244,0.04079316126112322,0.0619614105702658,False
37,patagonia_westerlies,I08-patagonia_westerlies-S20260805,extratropical_storm,C,stationary_ok,STATIONARY_SPECTRAL_MAPPING,L/4,vertical_common_m,m,-0.10217191687618246,1.3791574075084676,1.382936822593003,4.7248790094034545,-4.929222843155819,3.6907070246187414,-3.277486991858316,1.4567302944568672,1.297074635296766,0.1157631886620752,0.0013027873888845792,False
37,patagonia_westerlies,I08-patagonia_westerlies-S20260805,extratropical_storm,C,stationary_ok,STATIONARY_SPECTRAL_MAPPING,L/2,vertical_common_m,m,-0.13966211106272725,0.8263534118236414,0.8380724709111201,2.7525748303200177,-3.0318990524454725,2.2408806275728024,-2.6739989148484162,0.8705410045693269,0.7778796024805418,0.1121328970909613,0.09208096815055951,False
37,patagonia_westerlies,I08-patagonia_westerlies-S20260805,extratropical_storm,C,stationary_ok,STATIONARY_SPECTRAL_MAPPING,3L/4,vertical_common_m,m,-0.10217411244426906,1.3857425534110444,1.3895042186290532,4.747924824494387,-4.952273049382924,3.396838946129941,-3.9282769212143114,1.4563275187406166,1.3113706593317778,0.10460590897784257,0.017736682725661614,False
37,patagonia_westerlies,I08-patagonia_westerlies-S20260805,extratropical_storm,C,stationary_ok,STATIONARY_SPECTRAL_MAPPING,L/4,local_roll_L_deg,deg,3.0213650893074764,2.343682479928284,3.823806293421356,11.224253769056471,-5.181523590441518,8.40867991822028,-3.136320031892301,2.641941907749472,2.000374215257415,0.27374343495185793,0.04374589166081801,False
37,patagonia_westerlies,I08-patagonia_westerlies-S20260805,extratropical_storm,C,stationary_ok,STATIONARY_SPECTRAL_MAPPING,L/2,local_roll_L_deg,deg,2.085817961490242,0.7677530821093855,2.2226293806129194,4.772953748873091,-0.6013178258926071,4.40346729998207,-0.024663693652926977,0.7353026049093144,0.797123792527703,0.08052222655822651,0.09938527475784695,False
37,patagonia_westerlies,I08-patagonia_westerlies-S20260805,extratropical_storm,C,stationary_ok,STATIONARY_SPECTRAL_MAPPING,3L/4,local_roll_L_deg,deg,3.002537661356412,2.363160812266936,3.820963416796575,11.273600504290687,-5.268525181577864,7.866319954973415,-3.701160574760301,2.690402737371656,1.9740958422041697,0.3031139021302348,0.11141608415229097,False
37,patagonia_westerlies,I08-patagonia_westerlies-S20260805,extratropical_storm,C,stationary_ok,STATIONARY_SPECTRAL_MAPPING,L/4,local_roll_R_deg,deg,3.021363680335572,2.3510860059694485,3.8283474106089543,11.250164701228641,-5.207437340557497,8.101092789453297,-3.3606788283368267,2.6428730265404163,2.016831813504319,0.26627746132917635,0.03680177732264162,False
37,patagonia_westerlies,I08-patagonia_westerlies-S20260805,extratropical_storm,C,stationary_ok,STATIONARY_SPECTRAL_MAPPING,L/2,local_roll_R_deg,deg,2.085816034686203,0.7693091008805871,2.2231655411263853,4.778397887768258,-0.6067658183958518,4.602841687753397,-0.10059583805683214,0.7381994628060042,0.7973528579624802,0.07689158374542333,0.10170754461434499,False
37,patagonia_westerlies,I08-patagonia_westerlies-S20260805,extratropical_storm,C,stationary_ok,STATIONARY_SPECTRAL_MAPPING,3L/4,local_roll_R_deg,deg,3.00253626226994,2.354646846810516,3.8157025276403096,11.243800226106746,-5.238727701566866,8.174696826842727,-3.9597052702779267,2.6770026599404146,1.970911694982917,0.299871280448672,0.11831337754712687,False
37,patagonia_westerlies,I08-patagonia_westerlies-S20260805,extratropical_storm,C,stationary_ok,STATIONARY_SPECTRAL_MAPPING,L/4,system_roll_deg,deg,0.284668195965039,2.243909372902981,2.2618941742698397,8.138351001125473,-7.569014609195395,4.594267948183044,-4.717055687832424,2.5838399536503904,1.8420748951726424,0.3305681893552211,0.02543552608181831,False
37,patagonia_westerlies,I08-patagonia_westerlies-S20260805,extratropical_storm,C,stationary_ok,STATIONARY_SPECTRAL_MAPPING,L/2,system_roll_deg,deg,0.4199072240265062,0.5993964144310158,0.7318457067049068,2.517794674535061,-1.6779802264820487,2.012349903274312,-1.318625594250107,0.5241429715346089,0.6662263252539028,0.237044050145292,0.012625910188047998,False
37,patagonia_westerlies,I08-patagonia_westerlies-S20260805,extratropical_storm,C,stationary_ok,STATIONARY_SPECTRAL_MAPPING,3L/4,system_roll_deg,deg,0.28528484751580474,2.2628174073831544,2.2807301601413386,8.205145773356845,-7.634576078325235,4.631901341838687,-4.735058122025818,2.6184542561260646,1.8385582888776306,0.3446570477599199,0.043920846178158786,False
38,xinjiang_baili_fengqu,I08-xinjiang_baili_fengqu-S20260805,local_record,A,stationary_ok,STATIONARY_SPECTRAL_MAPPING,L/4,lateral_common_m,m,23.943277994411385,25.367121554075652,34.882250745284686,112.72820343367617,-64.8416474448534,74.61435013649604,-22.432943169872484,24.7602982319838,25.945395103241804,0.04671782995684816,0.05148766109320181,False
38,xinjiang_baili_fengqu,I08-xinjiang_baili_fengqu-S20260805,local_record,A,stationary_ok,STATIONARY_SPECTRAL_MAPPING,L/2,lateral_common_m,m,31.844067184520554,35.70633875872429,47.84336152910909,156.8162528400556,-93.12811847101447,103.6086363594685,-33.373282947267796,34.88732244229351,36.488057480987585,0.04483055654377224,0.05000362443587295,False
38,xinjiang_baili_fengqu,I08-xinjiang_baili_fengqu-S20260805,local_record,A,stationary_ok,STATIONARY_SPECTRAL_MAPPING,3L/4,lateral_common_m,m,23.942704210461276,25.305355874131877,34.83696486242883,112.51144976992285,-64.6260413490003,78.79868174179376,-21.363958302871186,24.774107877193458,25.806750558631716,0.040807277580864436,0.058181537471765216,False
38,xinjiang_baili_fengqu,I08-xinjiang_baili_fengqu-S20260805,local_record,A,stationary_ok,STATIONARY_SPECTRAL_MAPPING,L/4,vertical_common_m,m,-0.11728919029153585,1.7388843892735821,1.7428355267834663,5.968806172166001,-6.203384552749073,4.631141117773559,-4.142578868669452,1.8360858367330655,1.6360691156625726,0.11502588803735808,0.0023743521788626475,False
38,xinjiang_baili_fengqu,I08-xinjiang_baili_fengqu-S20260805,local_record,A,stationary_ok,STATIONARY_SPECTRAL_MAPPING,L/2,vertical_common_m,m,-0.16032640300568188,1.0466567189033433,1.05886488407457,3.50297211315602,-3.8236249191673832,2.8578875148056264,-3.3682571964564887,1.1029115383663828,0.9851671360356012,0.11249572109387566,0.08750695066922774,False
38,xinjiang_baili_fengqu,I08-xinjiang_baili_fengqu-S20260805,local_record,A,stationary_ok,STATIONARY_SPECTRAL_MAPPING,3L/4,vertical_common_m,m,-0.11729171071408434,1.7474183504008873,1.7513504037513437,5.998672515689021,-6.233255937117191,4.316095725003584,-4.914444171113116,1.8357192247409635,1.6544528372322196,0.10373382393927495,0.015598075142636737,False
38,xinjiang_baili_fengqu,I08-xinjiang_baili_fengqu-S20260805,local_record,A,stationary_ok,STATIONARY_SPECTRAL_MAPPING,L/4,local_roll_L_deg,deg,3.468403801500929,2.8327224649710243,4.478185066945939,13.382932428899515,-6.446124825897656,10.108156115279963,-4.110500051350998,3.1826836678412604,2.4317661963852784,0.2650868486912159,0.04179165483659014,False
38,xinjiang_baili_fengqu,I08-xinjiang_baili_fengqu-S20260805,local_record,A,stationary_ok,STATIONARY_SPECTRAL_MAPPING,L/2,local_roll_L_deg,deg,2.3944338843637976,0.9530920050643414,2.5771491995433773,5.7302559020889925,-0.9413881333613974,5.275775900388061,-0.18315889212302494,0.9098297178310755,0.9925023572967073,0.08674150976646876,0.09464422704206832,False
38,xinjiang_baili_fengqu,I08-xinjiang_baili_fengqu-S20260805,local_record,A,stationary_ok,STATIONARY_SPECTRAL_MAPPING,3L/4,local_roll_L_deg,deg,3.4467906826795547,2.8536366381316767,4.4747746393191745,13.434518916140423,-6.540937550781314,9.395819722988247,-4.677809005562561,3.2397135363866676,2.3966682074135153,0.2954284079857862,0.10865733185951829,False
38,xinjiang_baili_fengqu,I08-xinjiang_baili_fengqu-S20260805,local_record,A,stationary_ok,STATIONARY_SPECTRAL_MAPPING,L/4,local_roll_R_deg,deg,3.468402184058693,2.842101482241787,4.4841224945070435,13.415757371904947,-6.478953003787561,9.763318438909836,-4.3179037538400875,3.183443934829645,2.4529869701260965,0.2570129776391306,0.03506879494124474,False
38,xinjiang_baili_fengqu,I08-xinjiang_baili_fengqu-S20260805,local_record,A,stationary_ok,STATIONARY_SPECTRAL_MAPPING,L/2,local_roll_R_deg,deg,2.394431672471407,0.9551603210322753,2.5779127745152084,5.7374927960843705,-0.9486294511415565,5.526583741765851,-0.2761951123943831,0.9137358967318763,0.9927828439891365,0.0827577795231605,0.09689505477490172,False
38,xinjiang_baili_fengqu,I08-xinjiang_baili_fengqu-S20260805,local_record,A,stationary_ok,STATIONARY_SPECTRAL_MAPPING,3L/4,local_roll_R_deg,deg,3.4467890765853895,2.842683248263994,4.467796211604676,13.396180445509367,-6.502602292338588,9.728962185777494,-5.0045657126951415,3.2234372059439296,2.391366097499712,0.2927062341371862,0.11545140671615874,False
38,xinjiang_baili_fengqu,I08-xinjiang_baili_fengqu-S20260805,local_record,A,stationary_ok,STATIONARY_SPECTRAL_MAPPING,L/4,system_roll_deg,deg,0.32678746985782514,2.6879960472638293,2.7077874363697845,9.734773635281227,-9.081198695565577,5.483075595017409,-5.690361831457938,3.0938465069037573,2.2085357667138075,0.32935715850145214,0.0254127839746482,False
38,xinjiang_baili_fengqu,I08-xinjiang_baili_fengqu-S20260805,local_record,A,stationary_ok,STATIONARY_SPECTRAL_MAPPING,L/2,system_roll_deg,deg,0.4820363541120607,0.7338121224112536,0.8779745313409476,3.050378782551448,-2.086306074327327,2.440936161304739,-1.6748658573945592,0.634655827861185,0.8211135059160257,0.2540945732024081,0.01137030952998299,False
38,xinjiang_baili_fengqu,I08-xinjiang_baili_fengqu-S20260805,local_record,A,stationary_ok,STATIONARY_SPECTRAL_MAPPING,3L/4,system_roll_deg,deg,0.3274953606686533,2.7109740184138285,2.73068367625661,9.815904425117052,-9.160913703779746,5.523855537801799,-5.700190698024327,3.1358878245723365,2.2043567720558603,0.343614894937838,0.04365465709087428,False
39,cape_denison_katabatic,I08-cape_denison_katabatic-S20260805,katabatic,C,stationary_ok,STATIONARY_SPECTRAL_MAPPING,L/4,lateral_common_m,m,10.012546784418527,8.192405258618246,12.937024272668182,38.68596518958239,-18.660871620745333,26.66583701898653,-5.033198639461732,7.988468642826061,8.379626810400227,0.04774643773422652,0.07880175882657263,False
39,cape_denison_katabatic,I08-cape_denison_katabatic-S20260805,katabatic,C,stationary_ok,STATIONARY_SPECTRAL_MAPPING,L/2,lateral_common_m,m,13.316481250629062,11.544596006529124,17.624028195969373,53.722567273481,-27.089604772222877,36.97723702068578,-7.994447752340681,11.279713977004974,11.788636086224264,0.044083145822639905,0.07488151440467479,False
39,cape_denison_katabatic,I08-cape_denison_katabatic-S20260805,katabatic,C,stationary_ok,STATIONARY_SPECTRAL_MAPPING,3L/4,lateral_common_m,m,10.012306840721344,8.179590321992448,12.928727165053331,38.64087296769491,-18.616259286252223,28.052588434954774,-4.909023464088007,8.008546875761406,8.332516896501325,0.03960712064867866,0.08728137813643773,False
39,cape_denison_katabatic,I08-cape_denison_katabatic-S20260805,katabatic,C,stationary_ok,STATIONARY_SPECTRAL_MAPPING,L/4,vertical_common_m,m,-0.049047732953469356,0.5531247818097101,0.5552951506720676,1.8868890033805161,-1.9849844692874548,1.533412344001712,-1.34137557503883,0.5853081570093587,0.5189910937866811,0.11989530283872268,0.007072977469703976,False
39,cape_denison_katabatic,I08-cape_denison_katabatic-S20260805,katabatic,C,stationary_ok,STATIONARY_SPECTRAL_MAPPING,L/2,vertical_common_m,m,-0.06704493892802041,0.32412452676186987,0.3309860007378984,1.0673909047385242,-1.2014807825945648,0.8533628227467751,-1.065710461840434,0.3405247319534272,0.3055407020055116,0.10793391755144134,0.12483422128387653,False
39,cape_denison_katabatic,I08-cape_denison_katabatic-S20260805,katabatic,C,stationary_ok,STATIONARY_SPECTRAL_MAPPING,3L/4,vertical_common_m,m,-0.04904878693816976,0.5551341490400798,0.5572967853222909,1.8939207347021099,-1.9920183085784493,1.3096225789767004,-1.632199567562821,0.5848771134627373,0.5236073932174738,0.11036921499282486,0.03153699352800977,False
39,cape_denison_katabatic,I08-cape_denison_katabatic-S20260805,katabatic,C,stationary_ok,STATIONARY_SPECTRAL_MAPPING,L/4,local_roll_L_deg,deg,1.450409394147656,1.1801126330420855,1.8698538010489734,5.580803609794955,-2.679984821499643,3.923951480537422,-1.5123958964644886,1.3457099477091767,0.9860911851040237,0.30473257597296494,0.05687329643779185,False
39,cape_denison_katabatic,I08-cape_denison_katabatic-S20260805,katabatic,C,stationary_ok,STATIONARY_SPECTRAL_MAPPING,L/2,local_roll_L_deg,deg,1.0012990407990656,0.34436961788525283,1.058862693094607,2.2065927033974506,-0.20399462179931938,2.0248595989600666,-0.014962470822284635,0.33777532981862557,0.34957144558883957,0.03425422905380862,0.1237544135137302,False
39,cape_denison_katabatic,I08-cape_denison_katabatic-S20260805,katabatic,C,stationary_ok,STATIONARY_SPECTRAL_MAPPING,3L/4,local_roll_L_deg,deg,1.4413712681480848,1.1938963594345193,1.8716141829217414,5.620008526168903,-2.7372659898727325,3.859746810969561,-1.880503590914497,1.372534827500562,0.9775887405170485,0.330804331433406,0.12692308468442537,False
39,cape_denison_katabatic,I08-cape_denison_katabatic-S20260805,katabatic,C,stationary_ok,STATIONARY_SPECTRAL_MAPPING,L/4,local_roll_R_deg,deg,1.450408717769256,1.183011997998922,1.871684491571819,5.590950710765483,-2.6901332752269713,3.893764797499944,-1.6092846317905578,1.3465106435623584,0.9922451427633839,0.2994606152754313,0.048211139559609796,False
39,cape_denison_katabatic,I08-cape_denison_katabatic-S20260805,katabatic,C,stationary_ok,STATIONARY_SPECTRAL_MAPPING,L/2,local_roll_R_deg,deg,1.0012981158348204,0.34479093267035504,1.0589989159701982,2.208066380181063,-0.2054701485114223,2.105404754408095,-0.049369010056826035,0.3384595280742462,0.34967814393388896,0.03253744456896317,0.126526337796633,False
39,cape_denison_katabatic,I08-cape_denison_katabatic-S20260805,katabatic,C,stationary_ok,STATIONARY_SPECTRAL_MAPPING,3L/4,local_roll_R_deg,deg,1.441370596515197,1.1906309865602043,1.8695323860944213,5.608579049475912,-2.7258378564455175,3.981478674248218,-1.9827120054377543,1.3660253562558293,0.9780271939028375,0.32587608312961763,0.13478081302980682,False
39,cape_denison_katabatic,I08-cape_denison_katabatic-S20260805,katabatic,C,stationary_ok,STATIONARY_SPECTRAL_MAPPING,L/4,system_roll_deg,deg,0.13665525795076788,1.1644697270261228,1.172460832900564,4.212299302542197,-3.9389887866406617,2.37624683709527,-2.409037462797792,1.3436116017519455,0.9520942602114346,0.3362194245619301,0.025179040108788277,False
39,cape_denison_katabatic,I08-cape_denison_katabatic-S20260805,katabatic,C,stationary_ok,STATIONARY_SPECTRAL_MAPPING,L/2,system_roll_deg,deg,0.20157689137068366,0.2831463726206861,0.34757029715285054,1.192589195543085,-0.7894354128017176,0.9278535377079968,-0.5541647417428224,0.2605234045663699,0.3040912392782123,0.15387036149747027,0.018127530807830423,False
39,cape_denison_katabatic,I08-cape_denison_katabatic-S20260805,katabatic,C,stationary_ok,STATIONARY_SPECTRAL_MAPPING,3L/4,system_roll_deg,deg,0.1369512821569493,1.173702036542446,1.181664979708004,4.24490841005551,-3.9710058457416118,2.4081058829683886,-2.4387366605586815,1.3604957356085454,0.9502621883768343,0.3495210321353782,0.045651298607325586,False
40,thule_1972_gust,I08-thule_1972_gust-S20260805,katabatic,C,stationary_ok,STATIONARY_SPECTRAL_MAPPING,L/4,lateral_common_m,m,112.7465017478838,139.6144969741077,179.4546779042516,601.3972411572607,-375.9042376614932,381.46711363463646,-148.69849662667943,136.79994760830328,142.36433195683597,0.03985534789818159,0.024468617944209833,False
40,thule_1972_gust,I08-thule_1972_gust-S20260805,katabatic,C,stationary_ok,STATIONARY_SPECTRAL_MAPPING,L/2,lateral_common_m,m,149.9505279651888,196.10418522378427,246.86436012377965,836.3151762484338,-536.4141203180561,527.8830627069551,-200.04498745666726,192.00150066848602,200.10833308162952,0.041339415596318846,0.025178723171338478,False
40,thule_1972_gust,I08-thule_1972_gust-S20260805,katabatic,C,stationary_ok,STATIONARY_SPECTRAL_MAPPING,3L/4,lateral_common_m,m,112.74379985664112,139.1832725910772,179.1176925244306,599.8852539254113,-374.39765421212917,403.17486990768646,-131.92846775635917,136.5310703494482,141.76742250022474,0.03762199331352853,0.029552524213329694,False
40,thule_1972_gust,I08-thule_1972_gust-S20260805,katabatic,C,stationary_ok,STATIONARY_SPECTRAL_MAPPING,L/4,vertical_common_m,m,-0.5523030681638136,9.599338319249824,9.615213718192706,33.04538104921057,-34.1499871855382,23.85340540024469,-23.595253737706777,10.10953985764379,9.061171911736496,0.10921252184694571,0.007095827510897717,False
40,thule_1972_gust,I08-thule_1972_gust-S20260805,katabatic,C,stationary_ok,STATIONARY_SPECTRAL_MAPPING,L/2,vertical_common_m,m,-0.754960999113455,6.039352674726195,6.086357436094665,20.382773362428228,-21.892695360655136,16.56321313923188,-19.289925578982466,6.345708983184521,5.712119917433807,0.10491009548129078,0.0560511615389982,False
40,thule_1972_gust,I08-thule_1972_gust-S20260805,katabatic,C,stationary_ok,STATIONARY_SPECTRAL_MAPPING,3L/4,vertical_common_m,m,-0.5523149365815515,9.65286110621791,9.668649302002093,33.23269893518113,-34.33732880834424,24.7740117411353,-25.528649516721725,10.11797490441826,9.165018879444316,0.09872264963598147,3.429928038042363e-05,False
40,thule_1972_gust,I08-thule_1972_gust-S20260805,katabatic,C,stationary_ok,STATIONARY_SPECTRAL_MAPPING,L/4,local_roll_L_deg,deg,16.33236666088772,10.990185033579257,19.685791013266044,54.798014278415124,-22.133280956639684,47.58394551834208,-17.80641783469579,11.327853196243746,10.640984687545119,0.06249835708861847,0.024968091529312685,False
40,thule_1972_gust,I08-thule_1972_gust-S20260805,katabatic,C,stationary_ok,STATIONARY_SPECTRAL_MAPPING,L/2,local_roll_L_deg,deg,11.275149718080689,5.351312480688172,12.480606813416728,30.00474340048929,-7.454443964327913,28.39143037124451,-4.583974717774627,5.177433771977457,5.517823911856974,0.06360872049761955,0.04233225021510197,False
40,thule_1972_gust,I08-thule_1972_gust-S20260805,katabatic,C,stationary_ok,STATIONARY_SPECTRAL_MAPPING,3L/4,local_roll_L_deg,deg,16.230592645669756,10.827349963928537,19.510603395873037,54.12631751941963,-21.66513222808012,44.14784592527943,-16.730736931654928,11.44917229496872,10.153602822901506,0.11965711613491957,0.07193423731016674,False
40,thule_1972_gust,I08-thule_1972_gust-S20260805,katabatic,C,stationary_ok,STATIONARY_SPECTRAL_MAPPING,L/4,local_roll_R_deg,deg,16.332359044513982,11.046244118699821,19.71713622940279,54.99421345996336,-22.329495370935394,48.44534440112636,-20.178543568344356,11.27345047676422,10.814099909333098,0.04158432155717996,0.019797302550439287,False
40,thule_1972_gust,I08-thule_1972_gust-S20260805,katabatic,C,stationary_ok,STATIONARY_SPECTRAL_MAPPING,L/2,local_roll_R_deg,deg,11.275139302500609,5.367631812425387,12.487603355510414,30.061850645989463,-7.511572040988245,27.98992087988522,-4.250859064788804,5.2083030038707125,5.520288742045079,0.058123535495143056,0.04387610361704306,False
40,thule_1972_gust,I08-thule_1972_gust-S20260805,katabatic,C,stationary_ok,STATIONARY_SPECTRAL_MAPPING,3L/4,local_roll_R_deg,deg,16.23058508273294,10.73348766553468,19.45866515447599,53.797791912104316,-21.33662174663844,48.10839312136894,-15.961394165405064,11.388241795566124,10.019507495695008,0.12751999559901986,0.07817974512293813,False
40,thule_1972_gust,I08-thule_1972_gust-S20260805,katabatic,C,stationary_ok,STATIONARY_SPECTRAL_MAPPING,L/4,system_roll_deg,deg,1.538809516813513,8.018317464212013,8.16464020554018,29.602920641555556,-26.525301607928533,16.054774740284035,-19.148675463714145,9.172721098472506,6.666431218949288,0.3125705474632912,0.023283098981720797,False
40,thule_1972_gust,I08-thule_1972_gust-S20260805,katabatic,C,stationary_ok,STATIONARY_SPECTRAL_MAPPING,L/2,system_roll_deg,deg,2.2698609878782823,3.2223617203025263,3.9415585700028393,13.548127008937124,-9.00840503318056,12.117665690058276,-7.554812732952675,2.52345005911479,3.794865222214631,0.39456003808922985,0.0055291589241342805,False
40,thule_1972_gust,I08-thule_1972_gust-S20260805,katabatic,C,stationary_ok,STATIONARY_SPECTRAL_MAPPING,3L/4,system_roll_deg,deg,1.542142903852622,8.10307190732071,8.248513749222527,29.902894579475102,-26.81860877176986,16.393300015869603,-18.160541832644196,9.32623273069167,6.655560860619643,0.3295875811813064,0.04107059260803947,False
41,piteraq_tasiilaq,I08-piteraq_tasiilaq-S20260805,katabatic,C,stationary_ok,STATIONARY_SPECTRAL_MAPPING,L/4,lateral_common_m,m,53.87237548742563,65.28333880634783,84.64128523576764,282.36406130964303,-174.61931033479175,181.97265165120575,-67.14105680787033,63.82896403932037,66.69186806707512,0.04385351730013504,0.034908149228422676,False
41,piteraq_tasiilaq,I08-piteraq_tasiilaq-S20260805,katabatic,C,stationary_ok,STATIONARY_SPECTRAL_MAPPING,L/2,lateral_common_m,m,71.64915116517129,91.78964065033738,116.44285720218151,392.91289344135214,-249.61459111100953,252.35078696409317,-94.19101344091904,89.75261077386135,93.7627316997862,0.04368816456315556,0.03479031694169407,False
41,piteraq_tasiilaq,I08-piteraq_tasiilaq-S20260805,katabatic,C,stationary_ok,STATIONARY_SPECTRAL_MAPPING,3L/4,lateral_common_m,m,53.8710844735379,65.09529807299143,84.4955121504489,281.7046277290079,-173.96245878193207,192.40929189221842,-60.948971137776745,63.775589809888785,66.3678342680921,0.039822299535315506,0.04056378504479317,False
41,piteraq_tasiilaq,I08-piteraq_tasiilaq-S20260805,katabatic,C,stationary_ok,STATIONARY_SPECTRAL_MAPPING,L/4,vertical_common_m,m,-0.26390067815595564,4.507320142465289,4.515039139875145,15.511719820472557,-16.03952117678447,11.56975043184269,-10.958085939261197,4.751362832545188,4.249636966950667,0.11131356321188687,0.006220858687844097,False
41,piteraq_tasiilaq,I08-piteraq_tasiilaq-S20260805,katabatic,C,stationary_ok,STATIONARY_SPECTRAL_MAPPING,L/2,vertical_common_m,m,-0.3607344067627842,2.782429012000383,2.80571568749293,9.377767135238557,-10.099235948764125,7.6596158701615895,-8.877417639770746,2.931785074218852,2.621476731785896,0.1115242621086189,0.06744064174783708,False
41,piteraq_tasiilaq,I08-piteraq_tasiilaq-S20260805,katabatic,C,stationary_ok,STATIONARY_SPECTRAL_MAPPING,3L/4,vertical_common_m,m,-0.2639063491066898,4.53163630413593,4.539314282362654,15.596820715369066,-16.124633413582448,11.488467794471688,-12.312372365006519,4.752608266874019,4.299680706591212,0.09994790620540972,0.005744263821830527,False
41,piteraq_tasiilaq,I08-piteraq_tasiilaq-S20260805,katabatic,C,stationary_ok,STATIONARY_SPECTRAL_MAPPING,L/4,local_roll_L_deg,deg,7.803908553377097,5.866509553820776,9.763038617896719,28.33669199174981,-12.728874884995617,23.250986219725952,-9.560573725817575,6.384395685370177,5.297087057561668,0.1853416614825694,0.03230915474875548,False
41,piteraq_tasiilaq,I08-piteraq_tasiilaq-S20260805,katabatic,C,stationary_ok,STATIONARY_SPECTRAL_MAPPING,L/2,local_roll_L_deg,deg,5.387476239818547,2.379462234654456,5.889545038520052,13.715594061109144,-2.9406415814720503,12.499218748501953,-1.3991992773817925,2.2614173962201622,2.4896233757509068,0.09590653560588426,0.06615530458354552,False
41,piteraq_tasiilaq,I08-piteraq_tasiilaq-S20260805,katabatic,C,stationary_ok,STATIONARY_SPECTRAL_MAPPING,3L/4,local_roll_L_deg,deg,7.755279036029,5.858097262785883,9.719138668983499,28.258619455779588,-12.74806138372159,21.079561399552563,-9.130317656978667,6.475324985015565,5.15430221862793,0.2255037270855089,0.0914942979604119,False
41,piteraq_tasiilaq,I08-piteraq_tasiilaq-S20260805,katabatic,C,stationary_ok,STATIONARY_SPECTRAL_MAPPING,L/4,local_roll_R_deg,deg,7.803904914132062,5.891765485961019,9.778232583160213,28.42508411499563,-12.817274286731507,23.011658651787855,-9.781834721011077,6.37598401632893,5.363414845229012,0.17186175748384455,0.026506470066601305,False
41,piteraq_tasiilaq,I08-piteraq_tasiilaq-S20260805,katabatic,C,stationary_ok,STATIONARY_SPECTRAL_MAPPING,L/2,local_roll_R_deg,deg,5.3874712630606645,2.38624951962593,5.89228592145862,13.73934458175142,-2.9644020556300905,13.13564733742299,-1.2507581163762413,2.2746281238884976,2.490424439504701,0.09043325680796024,0.06802216172204402,False
41,piteraq_tasiilaq,I08-piteraq_tasiilaq-S20260805,katabatic,C,stationary_ok,STATIONARY_SPECTRAL_MAPPING,3L/4,local_roll_R_deg,deg,7.75527542231713,5.823538320743463,9.698344985056147,28.13765954491925,-12.627108700284989,22.05821938060471,-9.971157580527006,6.441328956089925,5.116573257721345,0.22748295373103244,0.09797878457369204,False
41,piteraq_tasiilaq,I08-piteraq_tasiilaq-S20260805,katabatic,C,stationary_ok,STATIONARY_SPECTRAL_MAPPING,L/4,system_roll_deg,deg,0.735271807180107,5.086185395534843,5.13905696681656,18.53692069155206,-17.06637707719184,10.32423421429387,-11.215691356609488,5.837193749533812,4.202630540584073,0.3213731081027288,0.02477667980108511,False
41,piteraq_tasiilaq,I08-piteraq_tasiilaq-S20260805,katabatic,C,stationary_ok,STATIONARY_SPECTRAL_MAPPING,L/2,system_roll_deg,deg,1.0845817967521374,1.6399216448501268,1.966128346546593,6.824307553727581,-4.655143960223307,5.852842422541171,-3.978177378926059,1.3295835149719433,1.900350242491137,0.3480451211261111,0.002851266323234211,False
41,piteraq_tasiilaq,I08-piteraq_tasiilaq-S20260805,katabatic,C,stationary_ok,STATIONARY_SPECTRAL_MAPPING,3L/4,system_roll_deg,deg,0.7368645615044704,5.134330849069344,5.186937694797028,18.707022533247176,-17.233293410238232,10.370300674618388,-10.939452699412106,5.924754156137761,4.195330192814884,0.33683531781680065,0.042305025411595726,False
42,barrow_olivia_1996,I08-barrow_olivia_1996-S20260805,local_record,A,stationary_ok,STATIONARY_SPECTRAL_MAPPING,L/4,lateral_common_m,m,63.61489530335161,59.12338125931797,86.84715951596263,270.54672971096454,-143.3169391042613,179.15729411806282,-46.29566898663129,57.83151801950227,60.37739460832536,0.04306040240927282,0.03223890207168307,False
42,barrow_olivia_1996,I08-barrow_olivia_1996-S20260805,local_record,A,stationary_ok,STATIONARY_SPECTRAL_MAPPING,L/2,lateral_common_m,m,84.60650210255261,83.10943386098306,118.59780012598192,375.48952061599334,-206.27651641088812,247.47356963478143,-65.17123234474795,81.28484551996,84.88032821509202,0.0432620284857935,0.03233340148773111,False
42,barrow_olivia_1996,I08-barrow_olivia_1996-S20260805,local_record,A,stationary_ok,STATIONARY_SPECTRAL_MAPPING,3L/4,lateral_common_m,m,63.61337081677457,58.94940038575895,86.7276931119062,269.9362721669309,-142.70953053338175,188.55128409230431,-40.28951254670927,57.76791184287484,60.09189910192424,0.039423424900702365,0.03773797354179908,False
42,barrow_olivia_1996,I08-barrow_olivia_1996-S20260805,local_record,A,stationary_ok,STATIONARY_SPECTRAL_MAPPING,L/4,vertical_common_m,m,-0.3116256496855814,4.082520214297912,4.094396395769836,13.97719510035711,-14.600446399728272,10.326097227271358,-10.032539636910824,4.302415547707735,3.850399887718309,0.11071976040837832,0.006590761207202528,False
42,barrow_olivia_1996,I08-barrow_olivia_1996-S20260805,local_record,A,stationary_ok,STATIONARY_SPECTRAL_MAPPING,L/2,vertical_common_m,m,-0.42597122014579586,2.5318428185079442,2.56742663732048,8.43547864463201,-9.2874210849236,6.865177330167118,-8.178105415590338,2.666743099103018,2.3867760582236075,0.11057836562081673,0.06442658389609884,False
42,barrow_olivia_1996,I08-barrow_olivia_1996-S20260805,local_record,A,stationary_ok,STATIONARY_SPECTRAL_MAPPING,3L/4,vertical_common_m,m,-0.3116323461962506,4.104773220914841,4.116585710796676,14.055073927005694,-14.678338619398193,10.368493329189963,-11.157455202279568,4.304012276878511,3.8956979786835095,0.09947304667515831,0.004228123871728098,False
42,barrow_olivia_1996,I08-barrow_olivia_1996-S20260805,local_record,A,stationary_ok,STATIONARY_SPECTRAL_MAPPING,L/4,local_roll_L_deg,deg,9.215202060207819,5.119380421835213,10.541726846865654,27.133033536631064,-8.702629416215427,22.988472886699384,-6.187481216388182,5.516097356778153,4.688375735156375,0.1616839448171062,0.03061411960789328,False
42,barrow_olivia_1996,I08-barrow_olivia_1996-S20260805,local_record,A,stationary_ok,STATIONARY_SPECTRAL_MAPPING,L/2,local_roll_L_deg,deg,6.361771387366174,2.1660781934638274,6.72041888019716,13.94304506448957,-1.219502289757222,12.788664441681414,0.09357981068645493,2.0638177368092823,2.2620031553851194,0.09149504351868024,0.06043474005720204,False
42,barrow_olivia_1996,I08-barrow_olivia_1996-S20260805,local_record,A,stationary_ok,STATIONARY_SPECTRAL_MAPPING,3L/4,local_roll_L_deg,deg,9.157778164811308,5.0985205080107745,10.481403164009159,27.00259994284902,-8.687043613226404,20.929111692930213,-5.513826580774079,5.589510880591865,4.544446900548171,0.20497396811520005,0.0874991535253986,False
42,barrow_olivia_1996,I08-barrow_olivia_1996-S20260805,local_record,A,stationary_ok,STATIONARY_SPECTRAL_MAPPING,L/4,local_roll_R_deg,deg,9.215197762825545,5.142475682883808,10.55295816143683,27.213862652918877,-8.783467127267786,22.894888852053327,-6.565051958297813,5.505593067368868,4.751287192365071,0.1466814665773579,0.02495470550396929,False
42,barrow_olivia_1996,I08-barrow_olivia_1996-S20260805,local_record,A,stationary_ok,STATIONARY_SPECTRAL_MAPPING,L/2,local_roll_R_deg,deg,6.361765510589278,2.1724400754797673,6.72246653344394,13.965305774768463,-1.2417747535899082,13.36247680491755,0.24108125406546943,2.0761620139235504,2.2627838530974835,0.08590425175834555,0.06222722111499929,False
42,barrow_olivia_1996,I08-barrow_olivia_1996-S20260805,local_record,A,stationary_ok,STATIONARY_SPECTRAL_MAPPING,3L/4,local_roll_R_deg,deg,9.15777389757972,5.065511208126716,10.465382293965655,26.887063126023225,-8.571515330863786,22.186524929828103,-6.274127107921306,5.559972976004939,4.5051668493863355,0.20823290745588602,0.09394812904942042,False
42,barrow_olivia_1996,I08-barrow_olivia_1996-S20260805,local_record,A,stationary_ok,STATIONARY_SPECTRAL_MAPPING,L/4,system_roll_deg,deg,0.868241628665256,4.308677565418638,4.395286781142861,15.948613107630488,-14.212129850299975,8.939411065874395,-9.458903568623793,4.941592609990544,3.564768780631859,0.31954673062775607,0.024527936269117236,False
42,barrow_olivia_1996,I08-barrow_olivia_1996-S20260805,local_record,A,stationary_ok,STATIONARY_SPECTRAL_MAPPING,L/2,system_roll_deg,deg,1.2807223892403337,1.4512787550977253,1.9355773979098516,6.360198032082373,-3.798753253601705,5.564615629329362,-3.209777101878267,1.1637853134103302,1.6906726288097027,0.36305038818258817,0.000949707217393052,False
42,barrow_olivia_1996,I08-barrow_olivia_1996-S20260805,local_record,A,stationary_ok,STATIONARY_SPECTRAL_MAPPING,3L/4,system_roll_deg,deg,0.8701224237605449,4.350455239040226,4.436617384812835,16.096715760401334,-14.356470912880246,8.975992946502652,-9.163295790470755,5.017469443985818,3.558699799668832,0.3353142519951112,0.042046139627693574,False
43,mt_washington_1934,I08-mt_washington_1934-S20260805,local_record,A,stationary_ok,STATIONARY_SPECTRAL_MAPPING,L/4,lateral_common_m,m,140.60796416786954,177.49767907195624,226.44210223225727,761.8498409197164,-480.63391258397724,480.06166378351634,-192.2849027840974,174.05012450203927,180.87302689704038,0.03843938935243854,0.021972068774685913,False
43,mt_washington_1934,I08-mt_washington_1934-S20260805,local_record,A,stationary_ok,STATIONARY_SPECTRAL_MAPPING,L/2,lateral_common_m,m,187.0056998329718,249.24682331465303,311.60088366765814,1059.3695814342573,-685.3581817683138,664.092682279243,-255.95357462524123,244.15282743938567,254.22714853959474,0.040419055160799716,0.022882741748183402,False
43,mt_washington_1934,I08-mt_washington_1934-S20260805,local_record,A,stationary_ok,STATIONARY_SPECTRAL_MAPPING,3L/4,lateral_common_m,m,140.60459459612113,176.94466298939213,226.00678260169346,759.9109150589936,-478.7017258667513,507.38545147181696,-170.10370505701766,173.65326226249456,180.15888931761273,0.03676644972054445,0.02694263309894181,False
43,mt_washington_1934,I08-mt_washington_1934-S20260805,local_record,A,stationary_ok,STATIONARY_SPECTRAL_MAPPING,L/4,vertical_common_m,m,-0.6887859828399459,12.156308902424257,12.175806842313,41.858295175644955,-43.235867141324846,29.947035537341208,-29.91018593607551,12.800381149589535,11.477059795620589,0.10885881270301093,0.007043780221713372,False
43,mt_washington_1934,I08-mt_washington_1934-S20260805,local_record,A,stationary_ok,STATIONARY_SPECTRAL_MAPPING,L/2,vertical_common_m,m,-0.9415239272687781,7.686988372811861,7.744433972174104,25.962935377572734,-27.845983232110292,21.06055106614966,-24.56442309861673,8.06507021194968,7.2841937618469315,0.10158418514910639,0.05350479800320722,False
43,mt_washington_1934,I08-mt_washington_1934-S20260805,local_record,A,stationary_ok,STATIONARY_SPECTRAL_MAPPING,3L/4,vertical_common_m,m,-0.6888007841333806,12.224446260990993,12.243836527334045,42.0967611293351,-43.474362697601855,31.450682945065264,-32.06650894338848,12.813986431022112,11.606064008193298,0.09881203590246644,0.001230170105117966,False
43,mt_washington_1934,I08-mt_washington_1934-S20260805,local_record,A,stationary_ok,STATIONARY_SPECTRAL_MAPPING,L/4,local_roll_L_deg,deg,20.36835547559429,13.68508659082329,24.538775433556243,68.26615854347581,-27.52944759228723,59.70413016875631,-22.130418157644396,13.817975714398194,13.55024455995225,0.01956371650768186,0.022833219323745716,False
43,mt_washington_1934,I08-mt_washington_1934-S20260805,local_record,A,stationary_ok,STATIONARY_SPECTRAL_MAPPING,L/2,local_roll_L_deg,deg,14.06141940521015,6.988210792030716,15.70218474490334,38.52015717731766,-10.397318366897357,37.23515079147563,-6.640597227840731,6.81236102633898,7.158064975231054,0.04946959374584277,0.03629076314829131,False
43,mt_washington_1934,I08-mt_washington_1934-S20260805,local_record,A,stationary_ok,STATIONARY_SPECTRAL_MAPPING,3L/4,local_roll_L_deg,deg,20.241431474732696,13.422755879693742,24.28756726294654,67.22107705366079,-26.738214104195404,56.66732840107478,-21.543060154114297,13.962775705455977,12.846315912871546,0.08317664439337955,0.06527032562615538,False
43,mt_washington_1934,I08-mt_washington_1934-S20260805,local_record,A,stationary_ok,STATIONARY_SPECTRAL_MAPPING,L/4,local_roll_R_deg,deg,20.368345977092865,13.75678560606007,24.57882560362998,68.51709559830311,-27.780403644117378,61.387925121751444,-25.898682558184163,13.731800853791086,13.78177328033322,0.0036325656278396834,0.017868702326054944,False
43,mt_washington_1934,I08-mt_washington_1934-S20260805,local_record,A,stationary_ok,STATIONARY_SPECTRAL_MAPPING,L/2,local_roll_R_deg,deg,14.061406415773783,7.009366995966854,15.711600048171846,38.59419090165777,-10.471378070110203,36.74662465812007,-6.5554210700501425,6.851848538988716,7.161551075318166,0.044184094870143166,0.037742288242747585,False
43,mt_washington_1934,I08-mt_washington_1934-S20260805,local_record,A,stationary_ok,STATIONARY_SPECTRAL_MAPPING,3L/4,local_roll_R_deg,deg,20.241422042873335,13.295514287256234,24.217470274170942,66.77572204827015,-26.29287796252348,61.556029080733296,-20.448637676248733,13.889050763217515,12.657602246136129,0.09262135262129205,0.07136681661385479,False
43,mt_washington_1934,I08-mt_washington_1934-S20260805,local_record,A,stationary_ok,STATIONARY_SPECTRAL_MAPPING,L/4,system_roll_deg,deg,1.9190739406276291,9.274507492965514,9.47097323545313,34.379850166006925,-30.54170228475167,18.382046349650196,-22.741715082637416,10.597629715675073,7.727585429843695,0.3094551692376372,0.022607315888186614,False
43,mt_washington_1934,I08-mt_washington_1934-S20260805,local_record,A,stationary_ok,STATIONARY_SPECTRAL_MAPPING,L/2,system_roll_deg,deg,2.83077991336104,4.028124360753166,4.923322128764421,16.929215175997122,-11.26765534927504,15.220522754088483,-9.273981373524482,3.1471697932986054,4.748588906108006,0.3975595014921467,0.00786687968976377,False
43,mt_washington_1934,I08-mt_washington_1934-S20260805,local_record,A,stationary_ok,STATIONARY_SPECTRAL_MAPPING,3L/4,system_roll_deg,deg,1.9232310608760306,9.375780214573371,9.571001637524875,34.73846181188283,-30.89199969013077,19.042696413975797,-21.38830953901353,10.781142968364653,7.714895674689483,0.32703916084862006,0.04061170191424223,False
