
 SELECT      COMPONENT V2_MPC184_E                                                                                                                                                                                                                                                     

 LIST ALL SELECTED ELEMENTS.  (LIST NODES)

 *** MAPDL - ENGINEERING ANALYSIS SYSTEM  RELEASE 2026 R1          26.1     ***
 Ansys Mechanical Enterprise                       
 20120530  VERSION=WINDOWS x64   12:12:18  AUG 02, 2026 Elapsed Time=     13.365

 C10 A0 CURRENT TYPE72 S10 DIRECT SPATIAL GRAVITY RAMP STATIC ONLY NRRE        


 
    ELEM    MAT    TYP    REL    ESY    SEC        NODES
 
 2017680     64     72  50001      0     64  2000002 2000059
 2017681     64     72  50001      0     64  2000041 2000060
 2017682     64     72  50001      0     64  2000019 2000062
 2017683     64     72  50001      0     64  2000048 2000063
 2017684     64     72  50001      0     64  2000003      16
 2017685     64     72  50001      0     64  2000004     744
 2017686     64     72  50001      0     64  2000005    1472
 2017687     64     72  50001      0     64  2000006    2200
 2017688     64     72  50001      0     64  2000007    2928
 2017689     64     72  50001      0     64  2000008    3656
 2017690     64     72  50001      0     64  2000009    4384
 2017691     64     72  50001      0     64  2000010    5112
 2017692     64     72  50001      0     64  2000011    5840
 2017693     64     72  50001      0     64  2000012    6568
 2017694     64     72  50001      0     64  2000013    7296
 2017695     64     72  50001      0     64  2000014    8024
 2017696     64     72  50001      0     64  2000015    8752
 2017697     64     72  50001      0     64  2000016    9480
 2017698     64     72  50001      0     64  2000017   10208
 2017699     64     72  50001      0     64  2000018   10936
 2017700     64     72  50001      0     64  2000042   11656
 2017701     64     72  50001      0     64  2000043   12051
 2017702     64     72  50001      0     64  2000044   12446
 2017703     64     72  50001      0     64  2000045   12841
 2017704     64     72  50001      0     64  2000046   13236
 2017705     64     72  50001      0     64  2000047   13631
 2017706     64     72  50001      0     64  2000066 2000123
 2017707     64     72  50001      0     64  2000105 2000124
 2017708     64     72  50001      0     64  2000083 2000126
 2017709     64     72  50001      0     64  2000112 2000127
 2017710     64     72  50001      0     64  2000067      29
 2017711     64     72  50001      0     64  2000068     757
 2017712     64     72  50001      0     64  2000069    1485
 2017713     64     72  50001      0     64  2000070    2213
 2017714     64     72  50001      0     64  2000071    2941
 2017715     64     72  50001      0     64  2000072    3669
 2017716     64     72  50001      0     64  2000073    4397
 2017717     64     72  50001      0     64  2000074    5125
 2017718     64     72  50001      0     64  2000075    5853
 2017719     64     72  50001      0     64  2000076    6581
 2017720     64     72  50001      0     64  2000077    7309
 2017721     64     72  50001      0     64  2000078    8037
 2017722     64     72  50001      0     64  2000079    8765
 2017723     64     72  50001      0     64  2000080    9493
 2017724     64     72  50001      0     64  2000081   10221
 2017725     64     72  50001      0     64  2000082   10949
 2017726     64     72  50001      0     64  2000106   11661
 2017727     64     72  50001      0     64  2000107   12056
 2017728     64     72  50001      0     64  2000108   12451
 2017729     64     72  50001      0     64  2000109   12846

 *** MAPDL - ENGINEERING ANALYSIS SYSTEM  RELEASE 2026 R1          26.1     ***
 Ansys Mechanical Enterprise                       
 20120530  VERSION=WINDOWS x64   12:12:18  AUG 02, 2026 Elapsed Time=     13.366

 C10 A0 CURRENT TYPE72 S10 DIRECT SPATIAL GRAVITY RAMP STATIC ONLY NRRE        


 
    ELEM    MAT    TYP    REL    ESY    SEC        NODES
 
 2017730     64     72  50001      0     64  2000110   13241
 2017731     64     72  50001      0     64  2000111   13636
 2017732     64     72  50001      0     64  2000130 2000187
 2017733     64     72  50001      0     64  2000169 2000188
 2017734     64     72  50001      0     64  2000147 2000190
 2017735     64     72  50001      0     64  2000176 2000191
 2017736     64     72  50001      0     64  2000131      42
 2017737     64     72  50001      0     64  2000132     770
 2017738     64     72  50001      0     64  2000133    1498
 2017739     64     72  50001      0     64  2000134    2226
 2017740     64     72  50001      0     64  2000135    2954
 2017741     64     72  50001      0     64  2000136    3682
 2017742     64     72  50001      0     64  2000137    4410
 2017743     64     72  50001      0     64  2000138    5138
 2017744     64     72  50001      0     64  2000139    5866
 2017745     64     72  50001      0     64  2000140    6594
 2017746     64     72  50001      0     64  2000141    7322
 2017747     64     72  50001      0     64  2000142    8050
 2017748     64     72  50001      0     64  2000143    8778
 2017749     64     72  50001      0     64  2000144    9506
 2017750     64     72  50001      0     64  2000145   10234
 2017751     64     72  50001      0     64  2000146   10962
 2017752     64     72  50001      0     64  2000170   11666
 2017753     64     72  50001      0     64  2000171   12061
 2017754     64     72  50001      0     64  2000172   12456
 2017755     64     72  50001      0     64  2000173   12851
 2017756     64     72  50001      0     64  2000174   13246
 2017757     64     72  50001      0     64  2000175   13641
 2017758     64     72  50001      0     64  2000194 2000251
 2017759     64     72  50001      0     64  2000233 2000252
 2017760     64     72  50001      0     64  2000211 2000254
 2017761     64     72  50001      0     64  2000240 2000255
 2017762     64     72  50001      0     64  2000195      55
 2017763     64     72  50001      0     64  2000196     783
 2017764     64     72  50001      0     64  2000197    1511
 2017765     64     72  50001      0     64  2000198    2239
 2017766     64     72  50001      0     64  2000199    2967
 2017767     64     72  50001      0     64  2000200    3695
 2017768     64     72  50001      0     64  2000201    4423
 2017769     64     72  50001      0     64  2000202    5151
 2017770     64     72  50001      0     64  2000203    5879
 2017771     64     72  50001      0     64  2000204    6607
 2017772     64     72  50001      0     64  2000205    7335
 2017773     64     72  50001      0     64  2000206    8063
 2017774     64     72  50001      0     64  2000207    8791
 2017775     64     72  50001      0     64  2000208    9519
 2017776     64     72  50001      0     64  2000209   10247
 2017777     64     72  50001      0     64  2000210   10975
 2017778     64     72  50001      0     64  2000234   11671
 2017779     64     72  50001      0     64  2000235   12066

 *** MAPDL - ENGINEERING ANALYSIS SYSTEM  RELEASE 2026 R1          26.1     ***
 Ansys Mechanical Enterprise                       
 20120530  VERSION=WINDOWS x64   12:12:18  AUG 02, 2026 Elapsed Time=     13.366

 C10 A0 CURRENT TYPE72 S10 DIRECT SPATIAL GRAVITY RAMP STATIC ONLY NRRE        


 
    ELEM    MAT    TYP    REL    ESY    SEC        NODES
 
 2017780     64     72  50001      0     64  2000236   12461
 2017781     64     72  50001      0     64  2000237   12856
 2017782     64     72  50001      0     64  2000238   13251
 2017783     64     72  50001      0     64  2000239   13646
 2017784     64     72  50001      0     64  2000258 2000315
 2017785     64     72  50001      0     64  2000297 2000316
 2017786     64     72  50001      0     64  2000275 2000318
 2017787     64     72  50001      0     64  2000304 2000319
 2017788     64     72  50001      0     64  2000259      68
 2017789     64     72  50001      0     64  2000260     796
 2017790     64     72  50001      0     64  2000261    1524
 2017791     64     72  50001      0     64  2000262    2252
 2017792     64     72  50001      0     64  2000263    2980
 2017793     64     72  50001      0     64  2000264    3708
 2017794     64     72  50001      0     64  2000265    4436
 2017795     64     72  50001      0     64  2000266    5164
 2017796     64     72  50001      0     64  2000267    5892
 2017797     64     72  50001      0     64  2000268    6620
 2017798     64     72  50001      0     64  2000269    7348
 2017799     64     72  50001      0     64  2000270    8076
 2017800     64     72  50001      0     64  2000271    8804
 2017801     64     72  50001      0     64  2000272    9532
 2017802     64     72  50001      0     64  2000273   10260
 2017803     64     72  50001      0     64  2000274   10988
 2017804     64     72  50001      0     64  2000298   11676
 2017805     64     72  50001      0     64  2000299   12071
 2017806     64     72  50001      0     64  2000300   12466
 2017807     64     72  50001      0     64  2000301   12861
 2017808     64     72  50001      0     64  2000302   13256
 2017809     64     72  50001      0     64  2000303   13651
 2017810     64     72  50001      0     64  2000322 2000379
 2017811     64     72  50001      0     64  2000361 2000380
 2017812     64     72  50001      0     64  2000339 2000382
 2017813     64     72  50001      0     64  2000368 2000383
 2017814     64     72  50001      0     64  2000323      81
 2017815     64     72  50001      0     64  2000324     809
 2017816     64     72  50001      0     64  2000325    1537
 2017817     64     72  50001      0     64  2000326    2265
 2017818     64     72  50001      0     64  2000327    2993
 2017819     64     72  50001      0     64  2000328    3721
 2017820     64     72  50001      0     64  2000329    4449
 2017821     64     72  50001      0     64  2000330    5177
 2017822     64     72  50001      0     64  2000331    5905
 2017823     64     72  50001      0     64  2000332    6633
 2017824     64     72  50001      0     64  2000333    7361
 2017825     64     72  50001      0     64  2000334    8089
 2017826     64     72  50001      0     64  2000335    8817
 2017827     64     72  50001      0     64  2000336    9545
 2017828     64     72  50001      0     64  2000337   10273
 2017829     64     72  50001      0     64  2000338   11001

 *** MAPDL - ENGINEERING ANALYSIS SYSTEM  RELEASE 2026 R1          26.1     ***
 Ansys Mechanical Enterprise                       
 20120530  VERSION=WINDOWS x64   12:12:18  AUG 02, 2026 Elapsed Time=     13.366

 C10 A0 CURRENT TYPE72 S10 DIRECT SPATIAL GRAVITY RAMP STATIC ONLY NRRE        


 
    ELEM    MAT    TYP    REL    ESY    SEC        NODES
 
 2017830     64     72  50001      0     64  2000362   11681
 2017831     64     72  50001      0     64  2000363   12076
 2017832     64     72  50001      0     64  2000364   12471
 2017833     64     72  50001      0     64  2000365   12866
 2017834     64     72  50001      0     64  2000366   13261
 2017835     64     72  50001      0     64  2000367   13656
 2017836     64     72  50001      0     64  2000386 2000443
 2017837     64     72  50001      0     64  2000425 2000444
 2017838     64     72  50001      0     64  2000403 2000446
 2017839     64     72  50001      0     64  2000432 2000447
 2017840     64     72  50001      0     64  2000387      94
 2017841     64     72  50001      0     64  2000388     822
 2017842     64     72  50001      0     64  2000389    1550
 2017843     64     72  50001      0     64  2000390    2278
 2017844     64     72  50001      0     64  2000391    3006
 2017845     64     72  50001      0     64  2000392    3734
 2017846     64     72  50001      0     64  2000393    4462
 2017847     64     72  50001      0     64  2000394    5190
 2017848     64     72  50001      0     64  2000395    5918
 2017849     64     72  50001      0     64  2000396    6646
 2017850     64     72  50001      0     64  2000397    7374
 2017851     64     72  50001      0     64  2000398    8102
 2017852     64     72  50001      0     64  2000399    8830
 2017853     64     72  50001      0     64  2000400    9558
 2017854     64     72  50001      0     64  2000401   10286
 2017855     64     72  50001      0     64  2000402   11014
 2017856     64     72  50001      0     64  2000426   11686
 2017857     64     72  50001      0     64  2000427   12081
 2017858     64     72  50001      0     64  2000428   12476
 2017859     64     72  50001      0     64  2000429   12871
 2017860     64     72  50001      0     64  2000430   13266
 2017861     64     72  50001      0     64  2000431   13661
 2017862     64     72  50001      0     64  2000450 2000507
 2017863     64     72  50001      0     64  2000489 2000508
 2017864     64     72  50001      0     64  2000467 2000510
 2017865     64     72  50001      0     64  2000496 2000511
 2017866     64     72  50001      0     64  2000451     107
 2017867     64     72  50001      0     64  2000452     835
 2017868     64     72  50001      0     64  2000453    1563
 2017869     64     72  50001      0     64  2000454    2291
 2017870     64     72  50001      0     64  2000455    3019
 2017871     64     72  50001      0     64  2000456    3747
 2017872     64     72  50001      0     64  2000457    4475
 2017873     64     72  50001      0     64  2000458    5203
 2017874     64     72  50001      0     64  2000459    5931
 2017875     64     72  50001      0     64  2000460    6659
 2017876     64     72  50001      0     64  2000461    7387
 2017877     64     72  50001      0     64  2000462    8115
 2017878     64     72  50001      0     64  2000463    8843
 2017879     64     72  50001      0     64  2000464    9571

 *** MAPDL - ENGINEERING ANALYSIS SYSTEM  RELEASE 2026 R1          26.1     ***
 Ansys Mechanical Enterprise                       
 20120530  VERSION=WINDOWS x64   12:12:18  AUG 02, 2026 Elapsed Time=     13.366

 C10 A0 CURRENT TYPE72 S10 DIRECT SPATIAL GRAVITY RAMP STATIC ONLY NRRE        


 
    ELEM    MAT    TYP    REL    ESY    SEC        NODES
 
 2017880     64     72  50001      0     64  2000465   10299
 2017881     64     72  50001      0     64  2000466   11027
 2017882     64     72  50001      0     64  2000490   11691
 2017883     64     72  50001      0     64  2000491   12086
 2017884     64     72  50001      0     64  2000492   12481
 2017885     64     72  50001      0     64  2000493   12876
 2017886     64     72  50001      0     64  2000494   13271
 2017887     64     72  50001      0     64  2000495   13666
 2017888     64     72  50001      0     64  2000514 2000571
 2017889     64     72  50001      0     64  2000553 2000572
 2017890     64     72  50001      0     64  2000531 2000574
 2017891     64     72  50001      0     64  2000560 2000575
 2017892     64     72  50001      0     64  2000515     120
 2017893     64     72  50001      0     64  2000516     848
 2017894     64     72  50001      0     64  2000517    1576
 2017895     64     72  50001      0     64  2000518    2304
 2017896     64     72  50001      0     64  2000519    3032
 2017897     64     72  50001      0     64  2000520    3760
 2017898     64     72  50001      0     64  2000521    4488
 2017899     64     72  50001      0     64  2000522    5216
 2017900     64     72  50001      0     64  2000523    5944
 2017901     64     72  50001      0     64  2000524    6672
 2017902     64     72  50001      0     64  2000525    7400
 2017903     64     72  50001      0     64  2000526    8128
 2017904     64     72  50001      0     64  2000527    8856
 2017905     64     72  50001      0     64  2000528    9584
 2017906     64     72  50001      0     64  2000529   10312
 2017907     64     72  50001      0     64  2000530   11040
 2017908     64     72  50001      0     64  2000554   11696
 2017909     64     72  50001      0     64  2000555   12091
 2017910     64     72  50001      0     64  2000556   12486
 2017911     64     72  50001      0     64  2000557   12881
 2017912     64     72  50001      0     64  2000558   13276
 2017913     64     72  50001      0     64  2000559   13671
 2017914     64     72  50001      0     64  2000578 2000635
 2017915     64     72  50001      0     64  2000617 2000636
 2017916     64     72  50001      0     64  2000595 2000638
 2017917     64     72  50001      0     64  2000624 2000639
 2017918     64     72  50001      0     64  2000579     133
 2017919     64     72  50001      0     64  2000580     861
 2017920     64     72  50001      0     64  2000581    1589
 2017921     64     72  50001      0     64  2000582    2317
 2017922     64     72  50001      0     64  2000583    3045
 2017923     64     72  50001      0     64  2000584    3773
 2017924     64     72  50001      0     64  2000585    4501
 2017925     64     72  50001      0     64  2000586    5229
 2017926     64     72  50001      0     64  2000587    5957
 2017927     64     72  50001      0     64  2000588    6685
 2017928     64     72  50001      0     64  2000589    7413
 2017929     64     72  50001      0     64  2000590    8141

 *** MAPDL - ENGINEERING ANALYSIS SYSTEM  RELEASE 2026 R1          26.1     ***
 Ansys Mechanical Enterprise                       
 20120530  VERSION=WINDOWS x64   12:12:18  AUG 02, 2026 Elapsed Time=     13.366

 C10 A0 CURRENT TYPE72 S10 DIRECT SPATIAL GRAVITY RAMP STATIC ONLY NRRE        


 
    ELEM    MAT    TYP    REL    ESY    SEC        NODES
 
 2017930     64     72  50001      0     64  2000591    8869
 2017931     64     72  50001      0     64  2000592    9597
 2017932     64     72  50001      0     64  2000593   10325
 2017933     64     72  50001      0     64  2000594   11053
 2017934     64     72  50001      0     64  2000618   11701
 2017935     64     72  50001      0     64  2000619   12096
 2017936     64     72  50001      0     64  2000620   12491
 2017937     64     72  50001      0     64  2000621   12886
 2017938     64     72  50001      0     64  2000622   13281
 2017939     64     72  50001      0     64  2000623   13676
 2017940     64     72  50001      0     64  2000642 2000699
 2017941     64     72  50001      0     64  2000681 2000700
 2017942     64     72  50001      0     64  2000659 2000702
 2017943     64     72  50001      0     64  2000688 2000703
 2017944     64     72  50001      0     64  2000643     146
 2017945     64     72  50001      0     64  2000644     874
 2017946     64     72  50001      0     64  2000645    1602
 2017947     64     72  50001      0     64  2000646    2330
 2017948     64     72  50001      0     64  2000647    3058
 2017949     64     72  50001      0     64  2000648    3786
 2017950     64     72  50001      0     64  2000649    4514
 2017951     64     72  50001      0     64  2000650    5242
 2017952     64     72  50001      0     64  2000651    5970
 2017953     64     72  50001      0     64  2000652    6698
 2017954     64     72  50001      0     64  2000653    7426
 2017955     64     72  50001      0     64  2000654    8154
 2017956     64     72  50001      0     64  2000655    8882
 2017957     64     72  50001      0     64  2000656    9610
 2017958     64     72  50001      0     64  2000657   10338
 2017959     64     72  50001      0     64  2000658   11066
 2017960     64     72  50001      0     64  2000682   11706
 2017961     64     72  50001      0     64  2000683   12101
 2017962     64     72  50001      0     64  2000684   12496
 2017963     64     72  50001      0     64  2000685   12891
 2017964     64     72  50001      0     64  2000686   13286
 2017965     64     72  50001      0     64  2000687   13681
 2017966     64     72  50001      0     64  2000706 2000763
 2017967     64     72  50001      0     64  2000745 2000764
 2017968     64     72  50001      0     64  2000723 2000766
 2017969     64     72  50001      0     64  2000752 2000767
 2017970     64     72  50001      0     64  2000707     166
 2017971     64     72  50001      0     64  2000708     894
 2017972     64     72  50001      0     64  2000709    1622
 2017973     64     72  50001      0     64  2000710    2350
 2017974     64     72  50001      0     64  2000711    3078
 2017975     64     72  50001      0     64  2000712    3806
 2017976     64     72  50001      0     64  2000713    4534
 2017977     64     72  50001      0     64  2000714    5262
 2017978     64     72  50001      0     64  2000715    5990
 2017979     64     72  50001      0     64  2000716    6718

 *** MAPDL - ENGINEERING ANALYSIS SYSTEM  RELEASE 2026 R1          26.1     ***
 Ansys Mechanical Enterprise                       
 20120530  VERSION=WINDOWS x64   12:12:18  AUG 02, 2026 Elapsed Time=     13.366

 C10 A0 CURRENT TYPE72 S10 DIRECT SPATIAL GRAVITY RAMP STATIC ONLY NRRE        


 
    ELEM    MAT    TYP    REL    ESY    SEC        NODES
 
 2017980     64     72  50001      0     64  2000717    7446
 2017981     64     72  50001      0     64  2000718    8174
 2017982     64     72  50001      0     64  2000719    8902
 2017983     64     72  50001      0     64  2000720    9630
 2017984     64     72  50001      0     64  2000721   10358
 2017985     64     72  50001      0     64  2000722   11086
 2017986     64     72  50001      0     64  2000746   11721
 2017987     64     72  50001      0     64  2000747   12116
 2017988     64     72  50001      0     64  2000748   12511
 2017989     64     72  50001      0     64  2000749   12906
 2017990     64     72  50001      0     64  2000750   13301
 2017991     64     72  50001      0     64  2000751   13696
 2017992     64     72  50001      0     64  2000770 2000827
 2017993     64     72  50001      0     64  2000809 2000828
 2017994     64     72  50001      0     64  2000787 2000830
 2017995     64     72  50001      0     64  2000816 2000831
 2017996     64     72  50001      0     64  2000771     173
 2017997     64     72  50001      0     64  2000772     901
 2017998     64     72  50001      0     64  2000773    1629
 2017999     64     72  50001      0     64  2000774    2357
 2018000     64     72  50001      0     64  2000775    3085
 2018001     64     72  50001      0     64  2000776    3813
 2018002     64     72  50001      0     64  2000777    4541
 2018003     64     72  50001      0     64  2000778    5269
 2018004     64     72  50001      0     64  2000779    5997
 2018005     64     72  50001      0     64  2000780    6725
 2018006     64     72  50001      0     64  2000781    7453
 2018007     64     72  50001      0     64  2000782    8181
 2018008     64     72  50001      0     64  2000783    8909
 2018009     64     72  50001      0     64  2000784    9637
 2018010     64     72  50001      0     64  2000785   10365
 2018011     64     72  50001      0     64  2000786   11093
 2018012     64     72  50001      0     64  2000810   11726
 2018013     64     72  50001      0     64  2000811   12121
 2018014     64     72  50001      0     64  2000812   12516
 2018015     64     72  50001      0     64  2000813   12911
 2018016     64     72  50001      0     64  2000814   13306
 2018017     64     72  50001      0     64  2000815   13701
 2018018     64     72  50001      0     64  2000834 2000891
 2018019     64     72  50001      0     64  2000873 2000892
 2018020     64     72  50001      0     64  2000851 2000894
 2018021     64     72  50001      0     64  2000880 2000895
 2018022     64     72  50001      0     64  2000835     180
 2018023     64     72  50001      0     64  2000836     908
 2018024     64     72  50001      0     64  2000837    1636
 2018025     64     72  50001      0     64  2000838    2364
 2018026     64     72  50001      0     64  2000839    3092
 2018027     64     72  50001      0     64  2000840    3820
 2018028     64     72  50001      0     64  2000841    4548
 2018029     64     72  50001      0     64  2000842    5276

 *** MAPDL - ENGINEERING ANALYSIS SYSTEM  RELEASE 2026 R1          26.1     ***
 Ansys Mechanical Enterprise                       
 20120530  VERSION=WINDOWS x64   12:12:18  AUG 02, 2026 Elapsed Time=     13.366

 C10 A0 CURRENT TYPE72 S10 DIRECT SPATIAL GRAVITY RAMP STATIC ONLY NRRE        


 
    ELEM    MAT    TYP    REL    ESY    SEC        NODES
 
 2018030     64     72  50001      0     64  2000843    6004
 2018031     64     72  50001      0     64  2000844    6732
 2018032     64     72  50001      0     64  2000845    7460
 2018033     64     72  50001      0     64  2000846    8188
 2018034     64     72  50001      0     64  2000847    8916
 2018035     64     72  50001      0     64  2000848    9644
 2018036     64     72  50001      0     64  2000849   10372
 2018037     64     72  50001      0     64  2000850   11100
 2018038     64     72  50001      0     64  2000874   11731
 2018039     64     72  50001      0     64  2000875   12126
 2018040     64     72  50001      0     64  2000876   12521
 2018041     64     72  50001      0     64  2000877   12916
 2018042     64     72  50001      0     64  2000878   13311
 2018043     64     72  50001      0     64  2000879   13706
 2018044     64     72  50001      0     64  2000898 2000955
 2018045     64     72  50001      0     64  2000937 2000956
 2018046     64     72  50001      0     64  2000915 2000958
 2018047     64     72  50001      0     64  2000944 2000959
 2018048     64     72  50001      0     64  2000899     187
 2018049     64     72  50001      0     64  2000900     915
 2018050     64     72  50001      0     64  2000901    1643
 2018051     64     72  50001      0     64  2000902    2371
 2018052     64     72  50001      0     64  2000903    3099
 2018053     64     72  50001      0     64  2000904    3827
 2018054     64     72  50001      0     64  2000905    4555
 2018055     64     72  50001      0     64  2000906    5283
 2018056     64     72  50001      0     64  2000907    6011
 2018057     64     72  50001      0     64  2000908    6739
 2018058     64     72  50001      0     64  2000909    7467
 2018059     64     72  50001      0     64  2000910    8195
 2018060     64     72  50001      0     64  2000911    8923
 2018061     64     72  50001      0     64  2000912    9651
 2018062     64     72  50001      0     64  2000913   10379
 2018063     64     72  50001      0     64  2000914   11107
 2018064     64     72  50001      0     64  2000938   11736
 2018065     64     72  50001      0     64  2000939   12131
 2018066     64     72  50001      0     64  2000940   12526
 2018067     64     72  50001      0     64  2000941   12921
 2018068     64     72  50001      0     64  2000942   13316
 2018069     64     72  50001      0     64  2000943   13711
 2018070     64     72  50001      0     64  2000962 2001019
 2018071     64     72  50001      0     64  2001001 2001020
 2018072     64     72  50001      0     64  2000979 2001022
 2018073     64     72  50001      0     64  2001008 2001023
 2018074     64     72  50001      0     64  2000963     194
 2018075     64     72  50001      0     64  2000964     922
 2018076     64     72  50001      0     64  2000965    1650
 2018077     64     72  50001      0     64  2000966    2378
 2018078     64     72  50001      0     64  2000967    3106
 2018079     64     72  50001      0     64  2000968    3834

 *** MAPDL - ENGINEERING ANALYSIS SYSTEM  RELEASE 2026 R1          26.1     ***
 Ansys Mechanical Enterprise                       
 20120530  VERSION=WINDOWS x64   12:12:18  AUG 02, 2026 Elapsed Time=     13.366

 C10 A0 CURRENT TYPE72 S10 DIRECT SPATIAL GRAVITY RAMP STATIC ONLY NRRE        


 
    ELEM    MAT    TYP    REL    ESY    SEC        NODES
 
 2018080     64     72  50001      0     64  2000969    4562
 2018081     64     72  50001      0     64  2000970    5290
 2018082     64     72  50001      0     64  2000971    6018
 2018083     64     72  50001      0     64  2000972    6746
 2018084     64     72  50001      0     64  2000973    7474
 2018085     64     72  50001      0     64  2000974    8202
 2018086     64     72  50001      0     64  2000975    8930
 2018087     64     72  50001      0     64  2000976    9658
 2018088     64     72  50001      0     64  2000977   10386
 2018089     64     72  50001      0     64  2000978   11114
 2018090     64     72  50001      0     64  2001002   11741
 2018091     64     72  50001      0     64  2001003   12136
 2018092     64     72  50001      0     64  2001004   12531
 2018093     64     72  50001      0     64  2001005   12926
 2018094     64     72  50001      0     64  2001006   13321
 2018095     64     72  50001      0     64  2001007   13716
 2018096     64     72  50001      0     64  2001026 2001083
 2018097     64     72  50001      0     64  2001065 2001084
 2018098     64     72  50001      0     64  2001043 2001086
 2018099     64     72  50001      0     64  2001072 2001087
 2018100     64     72  50001      0     64  2001027     201
 2018101     64     72  50001      0     64  2001028     929
 2018102     64     72  50001      0     64  2001029    1657
 2018103     64     72  50001      0     64  2001030    2385
 2018104     64     72  50001      0     64  2001031    3113
 2018105     64     72  50001      0     64  2001032    3841
 2018106     64     72  50001      0     64  2001033    4569
 2018107     64     72  50001      0     64  2001034    5297
 2018108     64     72  50001      0     64  2001035    6025
 2018109     64     72  50001      0     64  2001036    6753
 2018110     64     72  50001      0     64  2001037    7481
 2018111     64     72  50001      0     64  2001038    8209
 2018112     64     72  50001      0     64  2001039    8937
 2018113     64     72  50001      0     64  2001040    9665
 2018114     64     72  50001      0     64  2001041   10393
 2018115     64     72  50001      0     64  2001042   11121
 2018116     64     72  50001      0     64  2001066   11746
 2018117     64     72  50001      0     64  2001067   12141
 2018118     64     72  50001      0     64  2001068   12536
 2018119     64     72  50001      0     64  2001069   12931
 2018120     64     72  50001      0     64  2001070   13326
 2018121     64     72  50001      0     64  2001071   13721
 2018122     64     72  50001      0     64  2001090 2001147
 2018123     64     72  50001      0     64  2001129 2001148
 2018124     64     72  50001      0     64  2001107 2001150
 2018125     64     72  50001      0     64  2001136 2001151
 2018126     64     72  50001      0     64  2001091     208
 2018127     64     72  50001      0     64  2001092     936
 2018128     64     72  50001      0     64  2001093    1664
 2018129     64     72  50001      0     64  2001094    2392

 *** MAPDL - ENGINEERING ANALYSIS SYSTEM  RELEASE 2026 R1          26.1     ***
 Ansys Mechanical Enterprise                       
 20120530  VERSION=WINDOWS x64   12:12:18  AUG 02, 2026 Elapsed Time=     13.366

 C10 A0 CURRENT TYPE72 S10 DIRECT SPATIAL GRAVITY RAMP STATIC ONLY NRRE        


 
    ELEM    MAT    TYP    REL    ESY    SEC        NODES
 
 2018130     64     72  50001      0     64  2001095    3120
 2018131     64     72  50001      0     64  2001096    3848
 2018132     64     72  50001      0     64  2001097    4576
 2018133     64     72  50001      0     64  2001098    5304
 2018134     64     72  50001      0     64  2001099    6032
 2018135     64     72  50001      0     64  2001100    6760
 2018136     64     72  50001      0     64  2001101    7488
 2018137     64     72  50001      0     64  2001102    8216
 2018138     64     72  50001      0     64  2001103    8944
 2018139     64     72  50001      0     64  2001104    9672
 2018140     64     72  50001      0     64  2001105   10400
 2018141     64     72  50001      0     64  2001106   11128
 2018142     64     72  50001      0     64  2001130   11751
 2018143     64     72  50001      0     64  2001131   12146
 2018144     64     72  50001      0     64  2001132   12541
 2018145     64     72  50001      0     64  2001133   12936
 2018146     64     72  50001      0     64  2001134   13331
 2018147     64     72  50001      0     64  2001135   13726
 2018148     64     72  50001      0     64  2001154 2001211
 2018149     64     72  50001      0     64  2001193 2001212
 2018150     64     72  50001      0     64  2001171 2001214
 2018151     64     72  50001      0     64  2001200 2001215
 2018152     64     72  50001      0     64  2001155     215
 2018153     64     72  50001      0     64  2001156     943
 2018154     64     72  50001      0     64  2001157    1671
 2018155     64     72  50001      0     64  2001158    2399
 2018156     64     72  50001      0     64  2001159    3127
 2018157     64     72  50001      0     64  2001160    3855
 2018158     64     72  50001      0     64  2001161    4583
 2018159     64     72  50001      0     64  2001162    5311
 2018160     64     72  50001      0     64  2001163    6039
 2018161     64     72  50001      0     64  2001164    6767
 2018162     64     72  50001      0     64  2001165    7495
 2018163     64     72  50001      0     64  2001166    8223
 2018164     64     72  50001      0     64  2001167    8951
 2018165     64     72  50001      0     64  2001168    9679
 2018166     64     72  50001      0     64  2001169   10407
 2018167     64     72  50001      0     64  2001170   11135
 2018168     64     72  50001      0     64  2001194   11756
 2018169     64     72  50001      0     64  2001195   12151
 2018170     64     72  50001      0     64  2001196   12546
 2018171     64     72  50001      0     64  2001197   12941
 2018172     64     72  50001      0     64  2001198   13336
 2018173     64     72  50001      0     64  2001199   13731
 2018174     64     72  50001      0     64  2001218 2001275
 2018175     64     72  50001      0     64  2001257 2001276
 2018176     64     72  50001      0     64  2001235 2001278
 2018177     64     72  50001      0     64  2001264 2001279
 2018178     64     72  50001      0     64  2001219     222
 2018179     64     72  50001      0     64  2001220     950

 *** MAPDL - ENGINEERING ANALYSIS SYSTEM  RELEASE 2026 R1          26.1     ***
 Ansys Mechanical Enterprise                       
 20120530  VERSION=WINDOWS x64   12:12:18  AUG 02, 2026 Elapsed Time=     13.366

 C10 A0 CURRENT TYPE72 S10 DIRECT SPATIAL GRAVITY RAMP STATIC ONLY NRRE        


 
    ELEM    MAT    TYP    REL    ESY    SEC        NODES
 
 2018180     64     72  50001      0     64  2001221    1678
 2018181     64     72  50001      0     64  2001222    2406
 2018182     64     72  50001      0     64  2001223    3134
 2018183     64     72  50001      0     64  2001224    3862
 2018184     64     72  50001      0     64  2001225    4590
 2018185     64     72  50001      0     64  2001226    5318
 2018186     64     72  50001      0     64  2001227    6046
 2018187     64     72  50001      0     64  2001228    6774
 2018188     64     72  50001      0     64  2001229    7502
 2018189     64     72  50001      0     64  2001230    8230
 2018190     64     72  50001      0     64  2001231    8958
 2018191     64     72  50001      0     64  2001232    9686
 2018192     64     72  50001      0     64  2001233   10414
 2018193     64     72  50001      0     64  2001234   11142
 2018194     64     72  50001      0     64  2001258   11761
 2018195     64     72  50001      0     64  2001259   12156
 2018196     64     72  50001      0     64  2001260   12551
 2018197     64     72  50001      0     64  2001261   12946
 2018198     64     72  50001      0     64  2001262   13341
 2018199     64     72  50001      0     64  2001263   13736
 2018200     64     72  50001      0     64  2001282 2001339
 2018201     64     72  50001      0     64  2001321 2001340
 2018202     64     72  50001      0     64  2001299 2001342
 2018203     64     72  50001      0     64  2001328 2001343
 2018204     64     72  50001      0     64  2001283     229
 2018205     64     72  50001      0     64  2001284     957
 2018206     64     72  50001      0     64  2001285    1685
 2018207     64     72  50001      0     64  2001286    2413
 2018208     64     72  50001      0     64  2001287    3141
 2018209     64     72  50001      0     64  2001288    3869
 2018210     64     72  50001      0     64  2001289    4597
 2018211     64     72  50001      0     64  2001290    5325
 2018212     64     72  50001      0     64  2001291    6053
 2018213     64     72  50001      0     64  2001292    6781
 2018214     64     72  50001      0     64  2001293    7509
 2018215     64     72  50001      0     64  2001294    8237
 2018216     64     72  50001      0     64  2001295    8965
 2018217     64     72  50001      0     64  2001296    9693
 2018218     64     72  50001      0     64  2001297   10421
 2018219     64     72  50001      0     64  2001298   11149
 2018220     64     72  50001      0     64  2001322   11766
 2018221     64     72  50001      0     64  2001323   12161
 2018222     64     72  50001      0     64  2001324   12556
 2018223     64     72  50001      0     64  2001325   12951
 2018224     64     72  50001      0     64  2001326   13346
 2018225     64     72  50001      0     64  2001327   13741
 2018226     64     72  50001      0     64  2001346 2001403
 2018227     64     72  50001      0     64  2001385 2001404
 2018228     64     72  50001      0     64  2001363 2001406
 2018229     64     72  50001      0     64  2001392 2001407

 *** MAPDL - ENGINEERING ANALYSIS SYSTEM  RELEASE 2026 R1          26.1     ***
 Ansys Mechanical Enterprise                       
 20120530  VERSION=WINDOWS x64   12:12:18  AUG 02, 2026 Elapsed Time=     13.366

 C10 A0 CURRENT TYPE72 S10 DIRECT SPATIAL GRAVITY RAMP STATIC ONLY NRRE        


 
    ELEM    MAT    TYP    REL    ESY    SEC        NODES
 
 2018230     64     72  50001      0     64  2001347     236
 2018231     64     72  50001      0     64  2001348     964
 2018232     64     72  50001      0     64  2001349    1692
 2018233     64     72  50001      0     64  2001350    2420
 2018234     64     72  50001      0     64  2001351    3148
 2018235     64     72  50001      0     64  2001352    3876
 2018236     64     72  50001      0     64  2001353    4604
 2018237     64     72  50001      0     64  2001354    5332
 2018238     64     72  50001      0     64  2001355    6060
 2018239     64     72  50001      0     64  2001356    6788
 2018240     64     72  50001      0     64  2001357    7516
 2018241     64     72  50001      0     64  2001358    8244
 2018242     64     72  50001      0     64  2001359    8972
 2018243     64     72  50001      0     64  2001360    9700
 2018244     64     72  50001      0     64  2001361   10428
 2018245     64     72  50001      0     64  2001362   11156
 2018246     64     72  50001      0     64  2001386   11771
 2018247     64     72  50001      0     64  2001387   12166
 2018248     64     72  50001      0     64  2001388   12561
 2018249     64     72  50001      0     64  2001389   12956
 2018250     64     72  50001      0     64  2001390   13351
 2018251     64     72  50001      0     64  2001391   13746
 2018252     64     72  50001      0     64  2001410 2001467
 2018253     64     72  50001      0     64  2001449 2001468
 2018254     64     72  50001      0     64  2001427 2001470
 2018255     64     72  50001      0     64  2001456 2001471
 2018256     64     72  50001      0     64  2001411     243
 2018257     64     72  50001      0     64  2001412     971
 2018258     64     72  50001      0     64  2001413    1699
 2018259     64     72  50001      0     64  2001414    2427
 2018260     64     72  50001      0     64  2001415    3155
 2018261     64     72  50001      0     64  2001416    3883
 2018262     64     72  50001      0     64  2001417    4611
 2018263     64     72  50001      0     64  2001418    5339
 2018264     64     72  50001      0     64  2001419    6067
 2018265     64     72  50001      0     64  2001420    6795
 2018266     64     72  50001      0     64  2001421    7523
 2018267     64     72  50001      0     64  2001422    8251
 2018268     64     72  50001      0     64  2001423    8979
 2018269     64     72  50001      0     64  2001424    9707
 2018270     64     72  50001      0     64  2001425   10435
 2018271     64     72  50001      0     64  2001426   11163
 2018272     64     72  50001      0     64  2001450   11776
 2018273     64     72  50001      0     64  2001451   12171
 2018274     64     72  50001      0     64  2001452   12566
 2018275     64     72  50001      0     64  2001453   12961
 2018276     64     72  50001      0     64  2001454   13356
 2018277     64     72  50001      0     64  2001455   13751
 2018278     64     72  50001      0     64  2001474 2001531
 2018279     64     72  50001      0     64  2001513 2001532

 *** MAPDL - ENGINEERING ANALYSIS SYSTEM  RELEASE 2026 R1          26.1     ***
 Ansys Mechanical Enterprise                       
 20120530  VERSION=WINDOWS x64   12:12:18  AUG 02, 2026 Elapsed Time=     13.367

 C10 A0 CURRENT TYPE72 S10 DIRECT SPATIAL GRAVITY RAMP STATIC ONLY NRRE        


 
    ELEM    MAT    TYP    REL    ESY    SEC        NODES
 
 2018280     64     72  50001      0     64  2001491 2001534
 2018281     64     72  50001      0     64  2001520 2001535
 2018282     64     72  50001      0     64  2001475     249
 2018283     64     72  50001      0     64  2001476     977
 2018284     64     72  50001      0     64  2001477    1705
 2018285     64     72  50001      0     64  2001478    2433
 2018286     64     72  50001      0     64  2001479    3161
 2018287     64     72  50001      0     64  2001480    3889
 2018288     64     72  50001      0     64  2001481    4617
 2018289     64     72  50001      0     64  2001482    5345
 2018290     64     72  50001      0     64  2001483    6073
 2018291     64     72  50001      0     64  2001484    6801
 2018292     64     72  50001      0     64  2001485    7529
 2018293     64     72  50001      0     64  2001486    8257
 2018294     64     72  50001      0     64  2001487    8985
 2018295     64     72  50001      0     64  2001488    9713
 2018296     64     72  50001      0     64  2001489   10441
 2018297     64     72  50001      0     64  2001490   11169
 2018298     64     72  50001      0     64  2001514   11781
 2018299     64     72  50001      0     64  2001515   12176
 2018300     64     72  50001      0     64  2001516   12571
 2018301     64     72  50001      0     64  2001517   12966
 2018302     64     72  50001      0     64  2001518   13361
 2018303     64     72  50001      0     64  2001519   13756
 2018304     64     72  50001      0     64  2001538 2001595
 2018305     64     72  50001      0     64  2001577 2001596
 2018306     64     72  50001      0     64  2001555 2001598
 2018307     64     72  50001      0     64  2001584 2001599
 2018308     64     72  50001      0     64  2001539     256
 2018309     64     72  50001      0     64  2001540     984
 2018310     64     72  50001      0     64  2001541    1712
 2018311     64     72  50001      0     64  2001542    2440
 2018312     64     72  50001      0     64  2001543    3168
 2018313     64     72  50001      0     64  2001544    3896
 2018314     64     72  50001      0     64  2001545    4624
 2018315     64     72  50001      0     64  2001546    5352
 2018316     64     72  50001      0     64  2001547    6080
 2018317     64     72  50001      0     64  2001548    6808
 2018318     64     72  50001      0     64  2001549    7536
 2018319     64     72  50001      0     64  2001550    8264
 2018320     64     72  50001      0     64  2001551    8992
 2018321     64     72  50001      0     64  2001552    9720
 2018322     64     72  50001      0     64  2001553   10448
 2018323     64     72  50001      0     64  2001554   11176
 2018324     64     72  50001      0     64  2001578   11786
 2018325     64     72  50001      0     64  2001579   12181
 2018326     64     72  50001      0     64  2001580   12576
 2018327     64     72  50001      0     64  2001581   12971
 2018328     64     72  50001      0     64  2001582   13366
 2018329     64     72  50001      0     64  2001583   13761

 *** MAPDL - ENGINEERING ANALYSIS SYSTEM  RELEASE 2026 R1          26.1     ***
 Ansys Mechanical Enterprise                       
 20120530  VERSION=WINDOWS x64   12:12:18  AUG 02, 2026 Elapsed Time=     13.367

 C10 A0 CURRENT TYPE72 S10 DIRECT SPATIAL GRAVITY RAMP STATIC ONLY NRRE        


 
    ELEM    MAT    TYP    REL    ESY    SEC        NODES
 
 2018330     64     72  50001      0     64  2001602 2001659
 2018331     64     72  50001      0     64  2001641 2001660
 2018332     64     72  50001      0     64  2001619 2001662
 2018333     64     72  50001      0     64  2001648 2001663
 2018334     64     72  50001      0     64  2001603     262
 2018335     64     72  50001      0     64  2001604     990
 2018336     64     72  50001      0     64  2001605    1718
 2018337     64     72  50001      0     64  2001606    2446
 2018338     64     72  50001      0     64  2001607    3174
 2018339     64     72  50001      0     64  2001608    3902
 2018340     64     72  50001      0     64  2001609    4630
 2018341     64     72  50001      0     64  2001610    5358
 2018342     64     72  50001      0     64  2001611    6086
 2018343     64     72  50001      0     64  2001612    6814
 2018344     64     72  50001      0     64  2001613    7542
 2018345     64     72  50001      0     64  2001614    8270
 2018346     64     72  50001      0     64  2001615    8998
 2018347     64     72  50001      0     64  2001616    9726
 2018348     64     72  50001      0     64  2001617   10454
 2018349     64     72  50001      0     64  2001618   11182
 2018350     64     72  50001      0     64  2001642   11791
 2018351     64     72  50001      0     64  2001643   12186
 2018352     64     72  50001      0     64  2001644   12581
 2018353     64     72  50001      0     64  2001645   12976
 2018354     64     72  50001      0     64  2001646   13371
 2018355     64     72  50001      0     64  2001647   13766
 2018356     64     72  50001      0     64  2001666 2001723
 2018357     64     72  50001      0     64  2001705 2001724
 2018358     64     72  50001      0     64  2001683 2001726
 2018359     64     72  50001      0     64  2001712 2001727
 2018360     64     72  50001      0     64  2001667     269
 2018361     64     72  50001      0     64  2001668     997
 2018362     64     72  50001      0     64  2001669    1725
 2018363     64     72  50001      0     64  2001670    2453
 2018364     64     72  50001      0     64  2001671    3181
 2018365     64     72  50001      0     64  2001672    3909
 2018366     64     72  50001      0     64  2001673    4637
 2018367     64     72  50001      0     64  2001674    5365
 2018368     64     72  50001      0     64  2001675    6093
 2018369     64     72  50001      0     64  2001676    6821
 2018370     64     72  50001      0     64  2001677    7549
 2018371     64     72  50001      0     64  2001678    8277
 2018372     64     72  50001      0     64  2001679    9005
 2018373     64     72  50001      0     64  2001680    9733
 2018374     64     72  50001      0     64  2001681   10461
 2018375     64     72  50001      0     64  2001682   11189
 2018376     64     72  50001      0     64  2001706   11796
 2018377     64     72  50001      0     64  2001707   12191
 2018378     64     72  50001      0     64  2001708   12586
 2018379     64     72  50001      0     64  2001709   12981

 *** MAPDL - ENGINEERING ANALYSIS SYSTEM  RELEASE 2026 R1          26.1     ***
 Ansys Mechanical Enterprise                       
 20120530  VERSION=WINDOWS x64   12:12:18  AUG 02, 2026 Elapsed Time=     13.367

 C10 A0 CURRENT TYPE72 S10 DIRECT SPATIAL GRAVITY RAMP STATIC ONLY NRRE        


 
    ELEM    MAT    TYP    REL    ESY    SEC        NODES
 
 2018380     64     72  50001      0     64  2001710   13376
 2018381     64     72  50001      0     64  2001711   13771
 2018382     64     72  50001      0     64  2001730 2001787
 2018383     64     72  50001      0     64  2001769 2001788
 2018384     64     72  50001      0     64  2001747 2001790
 2018385     64     72  50001      0     64  2001776 2001791
 2018386     64     72  50001      0     64  2001731     276
 2018387     64     72  50001      0     64  2001732    1004
 2018388     64     72  50001      0     64  2001733    1732
 2018389     64     72  50001      0     64  2001734    2460
 2018390     64     72  50001      0     64  2001735    3188
 2018391     64     72  50001      0     64  2001736    3916
 2018392     64     72  50001      0     64  2001737    4644
 2018393     64     72  50001      0     64  2001738    5372
 2018394     64     72  50001      0     64  2001739    6100
 2018395     64     72  50001      0     64  2001740    6828
 2018396     64     72  50001      0     64  2001741    7556
 2018397     64     72  50001      0     64  2001742    8284
 2018398     64     72  50001      0     64  2001743    9012
 2018399     64     72  50001      0     64  2001744    9740
 2018400     64     72  50001      0     64  2001745   10468
 2018401     64     72  50001      0     64  2001746   11196
 2018402     64     72  50001      0     64  2001770   11801
 2018403     64     72  50001      0     64  2001771   12196
 2018404     64     72  50001      0     64  2001772   12591
 2018405     64     72  50001      0     64  2001773   12986
 2018406     64     72  50001      0     64  2001774   13381
 2018407     64     72  50001      0     64  2001775   13776
 2018408     64     72  50001      0     64  2001794 2001851
 2018409     64     72  50001      0     64  2001833 2001852
 2018410     64     72  50001      0     64  2001811 2001854
 2018411     64     72  50001      0     64  2001840 2001855
 2018412     64     72  50001      0     64  2001795     283
 2018413     64     72  50001      0     64  2001796    1011
 2018414     64     72  50001      0     64  2001797    1739
 2018415     64     72  50001      0     64  2001798    2467
 2018416     64     72  50001      0     64  2001799    3195
 2018417     64     72  50001      0     64  2001800    3923
 2018418     64     72  50001      0     64  2001801    4651
 2018419     64     72  50001      0     64  2001802    5379
 2018420     64     72  50001      0     64  2001803    6107
 2018421     64     72  50001      0     64  2001804    6835
 2018422     64     72  50001      0     64  2001805    7563
 2018423     64     72  50001      0     64  2001806    8291
 2018424     64     72  50001      0     64  2001807    9019
 2018425     64     72  50001      0     64  2001808    9747
 2018426     64     72  50001      0     64  2001809   10475
 2018427     64     72  50001      0     64  2001810   11203
 2018428     64     72  50001      0     64  2001834   11806
 2018429     64     72  50001      0     64  2001835   12201

 *** MAPDL - ENGINEERING ANALYSIS SYSTEM  RELEASE 2026 R1          26.1     ***
 Ansys Mechanical Enterprise                       
 20120530  VERSION=WINDOWS x64   12:12:18  AUG 02, 2026 Elapsed Time=     13.367

 C10 A0 CURRENT TYPE72 S10 DIRECT SPATIAL GRAVITY RAMP STATIC ONLY NRRE        


 
    ELEM    MAT    TYP    REL    ESY    SEC        NODES
 
 2018430     64     72  50001      0     64  2001836   12596
 2018431     64     72  50001      0     64  2001837   12991
 2018432     64     72  50001      0     64  2001838   13386
 2018433     64     72  50001      0     64  2001839   13781
 2018434     64     72  50001      0     64  2001858 2001915
 2018435     64     72  50001      0     64  2001897 2001916
 2018436     64     72  50001      0     64  2001875 2001918
 2018437     64     72  50001      0     64  2001904 2001919
 2018438     64     72  50001      0     64  2001859     289
 2018439     64     72  50001      0     64  2001860    1017
 2018440     64     72  50001      0     64  2001861    1745
 2018441     64     72  50001      0     64  2001862    2473
 2018442     64     72  50001      0     64  2001863    3201
 2018443     64     72  50001      0     64  2001864    3929
 2018444     64     72  50001      0     64  2001865    4657
 2018445     64     72  50001      0     64  2001866    5385
 2018446     64     72  50001      0     64  2001867    6113
 2018447     64     72  50001      0     64  2001868    6841
 2018448     64     72  50001      0     64  2001869    7569
 2018449     64     72  50001      0     64  2001870    8297
 2018450     64     72  50001      0     64  2001871    9025
 2018451     64     72  50001      0     64  2001872    9753
 2018452     64     72  50001      0     64  2001873   10481
 2018453     64     72  50001      0     64  2001874   11209
 2018454     64     72  50001      0     64  2001898   11811
 2018455     64     72  50001      0     64  2001899   12206
 2018456     64     72  50001      0     64  2001900   12601
 2018457     64     72  50001      0     64  2001901   12996
 2018458     64     72  50001      0     64  2001902   13391
 2018459     64     72  50001      0     64  2001903   13786
 2018460     64     72  50001      0     64  2001922 2001979
 2018461     64     72  50001      0     64  2001961 2001980
 2018462     64     72  50001      0     64  2001939 2001982
 2018463     64     72  50001      0     64  2001968 2001983
 2018464     64     72  50001      0     64  2001923     296
 2018465     64     72  50001      0     64  2001924    1024
 2018466     64     72  50001      0     64  2001925    1752
 2018467     64     72  50001      0     64  2001926    2480
 2018468     64     72  50001      0     64  2001927    3208
 2018469     64     72  50001      0     64  2001928    3936
 2018470     64     72  50001      0     64  2001929    4664
 2018471     64     72  50001      0     64  2001930    5392
 2018472     64     72  50001      0     64  2001931    6120
 2018473     64     72  50001      0     64  2001932    6848
 2018474     64     72  50001      0     64  2001933    7576
 2018475     64     72  50001      0     64  2001934    8304
 2018476     64     72  50001      0     64  2001935    9032
 2018477     64     72  50001      0     64  2001936    9760
 2018478     64     72  50001      0     64  2001937   10488
 2018479     64     72  50001      0     64  2001938   11216

 *** MAPDL - ENGINEERING ANALYSIS SYSTEM  RELEASE 2026 R1          26.1     ***
 Ansys Mechanical Enterprise                       
 20120530  VERSION=WINDOWS x64   12:12:18  AUG 02, 2026 Elapsed Time=     13.367

 C10 A0 CURRENT TYPE72 S10 DIRECT SPATIAL GRAVITY RAMP STATIC ONLY NRRE        


 
    ELEM    MAT    TYP    REL    ESY    SEC        NODES
 
 2018480     64     72  50001      0     64  2001962   11816
 2018481     64     72  50001      0     64  2001963   12211
 2018482     64     72  50001      0     64  2001964   12606
 2018483     64     72  50001      0     64  2001965   13001
 2018484     64     72  50001      0     64  2001966   13396
 2018485     64     72  50001      0     64  2001967   13791
 2018486     64     72  50001      0     64  2001986 2002043
 2018487     64     72  50001      0     64  2002025 2002044
 2018488     64     72  50001      0     64  2002003 2002046
 2018489     64     72  50001      0     64  2002032 2002047
 2018490     64     72  50001      0     64  2001987     302
 2018491     64     72  50001      0     64  2001988    1030
 2018492     64     72  50001      0     64  2001989    1758
 2018493     64     72  50001      0     64  2001990    2486
 2018494     64     72  50001      0     64  2001991    3214
 2018495     64     72  50001      0     64  2001992    3942
 2018496     64     72  50001      0     64  2001993    4670
 2018497     64     72  50001      0     64  2001994    5398
 2018498     64     72  50001      0     64  2001995    6126
 2018499     64     72  50001      0     64  2001996    6854
 2018500     64     72  50001      0     64  2001997    7582
 2018501     64     72  50001      0     64  2001998    8310
 2018502     64     72  50001      0     64  2001999    9038
 2018503     64     72  50001      0     64  2002000    9766
 2018504     64     72  50001      0     64  2002001   10494
 2018505     64     72  50001      0     64  2002002   11222
 2018506     64     72  50001      0     64  2002026   11821
 2018507     64     72  50001      0     64  2002027   12216
 2018508     64     72  50001      0     64  2002028   12611
 2018509     64     72  50001      0     64  2002029   13006
 2018510     64     72  50001      0     64  2002030   13401
 2018511     64     72  50001      0     64  2002031   13796
 2018512     64     72  50001      0     64  2002050 2002107
 2018513     64     72  50001      0     64  2002089 2002108
 2018514     64     72  50001      0     64  2002067 2002110
 2018515     64     72  50001      0     64  2002096 2002111
 2018516     64     72  50001      0     64  2002051     308
 2018517     64     72  50001      0     64  2002052    1036
 2018518     64     72  50001      0     64  2002053    1764
 2018519     64     72  50001      0     64  2002054    2492
 2018520     64     72  50001      0     64  2002055    3220
 2018521     64     72  50001      0     64  2002056    3948
 2018522     64     72  50001      0     64  2002057    4676
 2018523     64     72  50001      0     64  2002058    5404
 2018524     64     72  50001      0     64  2002059    6132
 2018525     64     72  50001      0     64  2002060    6860
 2018526     64     72  50001      0     64  2002061    7588
 2018527     64     72  50001      0     64  2002062    8316
 2018528     64     72  50001      0     64  2002063    9044
 2018529     64     72  50001      0     64  2002064    9772

 *** MAPDL - ENGINEERING ANALYSIS SYSTEM  RELEASE 2026 R1          26.1     ***
 Ansys Mechanical Enterprise                       
 20120530  VERSION=WINDOWS x64   12:12:18  AUG 02, 2026 Elapsed Time=     13.367

 C10 A0 CURRENT TYPE72 S10 DIRECT SPATIAL GRAVITY RAMP STATIC ONLY NRRE        


 
    ELEM    MAT    TYP    REL    ESY    SEC        NODES
 
 2018530     64     72  50001      0     64  2002065   10500
 2018531     64     72  50001      0     64  2002066   11228
 2018532     64     72  50001      0     64  2002090   11826
 2018533     64     72  50001      0     64  2002091   12221
 2018534     64     72  50001      0     64  2002092   12616
 2018535     64     72  50001      0     64  2002093   13011
 2018536     64     72  50001      0     64  2002094   13406
 2018537     64     72  50001      0     64  2002095   13801
 2018538     64     72  50001      0     64  2002114 2002171
 2018539     64     72  50001      0     64  2002153 2002172
 2018540     64     72  50001      0     64  2002131 2002174
 2018541     64     72  50001      0     64  2002160 2002175
 2018542     64     72  50001      0     64  2002115     315
 2018543     64     72  50001      0     64  2002116    1043
 2018544     64     72  50001      0     64  2002117    1771
 2018545     64     72  50001      0     64  2002118    2499
 2018546     64     72  50001      0     64  2002119    3227
 2018547     64     72  50001      0     64  2002120    3955
 2018548     64     72  50001      0     64  2002121    4683
 2018549     64     72  50001      0     64  2002122    5411
 2018550     64     72  50001      0     64  2002123    6139
 2018551     64     72  50001      0     64  2002124    6867
 2018552     64     72  50001      0     64  2002125    7595
 2018553     64     72  50001      0     64  2002126    8323
 2018554     64     72  50001      0     64  2002127    9051
 2018555     64     72  50001      0     64  2002128    9779
 2018556     64     72  50001      0     64  2002129   10507
 2018557     64     72  50001      0     64  2002130   11235
 2018558     64     72  50001      0     64  2002154   11831
 2018559     64     72  50001      0     64  2002155   12226
 2018560     64     72  50001      0     64  2002156   12621
 2018561     64     72  50001      0     64  2002157   13016
 2018562     64     72  50001      0     64  2002158   13411
 2018563     64     72  50001      0     64  2002159   13806
 2018564     64     72  50001      0     64  2002178 2002235
 2018565     64     72  50001      0     64  2002217 2002236
 2018566     64     72  50001      0     64  2002195 2002238
 2018567     64     72  50001      0     64  2002224 2002239
 2018568     64     72  50001      0     64  2002179     321
 2018569     64     72  50001      0     64  2002180    1049
 2018570     64     72  50001      0     64  2002181    1777
 2018571     64     72  50001      0     64  2002182    2505
 2018572     64     72  50001      0     64  2002183    3233
 2018573     64     72  50001      0     64  2002184    3961
 2018574     64     72  50001      0     64  2002185    4689
 2018575     64     72  50001      0     64  2002186    5417
 2018576     64     72  50001      0     64  2002187    6145
 2018577     64     72  50001      0     64  2002188    6873
 2018578     64     72  50001      0     64  2002189    7601
 2018579     64     72  50001      0     64  2002190    8329

 *** MAPDL - ENGINEERING ANALYSIS SYSTEM  RELEASE 2026 R1          26.1     ***
 Ansys Mechanical Enterprise                       
 20120530  VERSION=WINDOWS x64   12:12:18  AUG 02, 2026 Elapsed Time=     13.367

 C10 A0 CURRENT TYPE72 S10 DIRECT SPATIAL GRAVITY RAMP STATIC ONLY NRRE        


 
    ELEM    MAT    TYP    REL    ESY    SEC        NODES
 
 2018580     64     72  50001      0     64  2002191    9057
 2018581     64     72  50001      0     64  2002192    9785
 2018582     64     72  50001      0     64  2002193   10513
 2018583     64     72  50001      0     64  2002194   11241
 2018584     64     72  50001      0     64  2002218   11836
 2018585     64     72  50001      0     64  2002219   12231
 2018586     64     72  50001      0     64  2002220   12626
 2018587     64     72  50001      0     64  2002221   13021
 2018588     64     72  50001      0     64  2002222   13416
 2018589     64     72  50001      0     64  2002223   13811
 2018590     64     72  50001      0     64  2002242 2002299
 2018591     64     72  50001      0     64  2002281 2002300
 2018592     64     72  50001      0     64  2002259 2002302
 2018593     64     72  50001      0     64  2002288 2002303
 2018594     64     72  50001      0     64  2002243     328
 2018595     64     72  50001      0     64  2002244    1056
 2018596     64     72  50001      0     64  2002245    1784
 2018597     64     72  50001      0     64  2002246    2512
 2018598     64     72  50001      0     64  2002247    3240
 2018599     64     72  50001      0     64  2002248    3968
 2018600     64     72  50001      0     64  2002249    4696
 2018601     64     72  50001      0     64  2002250    5424
 2018602     64     72  50001      0     64  2002251    6152
 2018603     64     72  50001      0     64  2002252    6880
 2018604     64     72  50001      0     64  2002253    7608
 2018605     64     72  50001      0     64  2002254    8336
 2018606     64     72  50001      0     64  2002255    9064
 2018607     64     72  50001      0     64  2002256    9792
 2018608     64     72  50001      0     64  2002257   10520
 2018609     64     72  50001      0     64  2002258   11248
 2018610     64     72  50001      0     64  2002282   11841
 2018611     64     72  50001      0     64  2002283   12236
 2018612     64     72  50001      0     64  2002284   12631
 2018613     64     72  50001      0     64  2002285   13026
 2018614     64     72  50001      0     64  2002286   13421
 2018615     64     72  50001      0     64  2002287   13816
 2018616     64     72  50001      0     64  2002306 2002363
 2018617     64     72  50001      0     64  2002345 2002364
 2018618     64     72  50001      0     64  2002323 2002366
 2018619     64     72  50001      0     64  2002352 2002367
 2018620     64     72  50001      0     64  2002307     335
 2018621     64     72  50001      0     64  2002308    1063
 2018622     64     72  50001      0     64  2002309    1791
 2018623     64     72  50001      0     64  2002310    2519
 2018624     64     72  50001      0     64  2002311    3247
 2018625     64     72  50001      0     64  2002312    3975
 2018626     64     72  50001      0     64  2002313    4703
 2018627     64     72  50001      0     64  2002314    5431
 2018628     64     72  50001      0     64  2002315    6159
 2018629     64     72  50001      0     64  2002316    6887

 *** MAPDL - ENGINEERING ANALYSIS SYSTEM  RELEASE 2026 R1          26.1     ***
 Ansys Mechanical Enterprise                       
 20120530  VERSION=WINDOWS x64   12:12:18  AUG 02, 2026 Elapsed Time=     13.367

 C10 A0 CURRENT TYPE72 S10 DIRECT SPATIAL GRAVITY RAMP STATIC ONLY NRRE        


 
    ELEM    MAT    TYP    REL    ESY    SEC        NODES
 
 2018630     64     72  50001      0     64  2002317    7615
 2018631     64     72  50001      0     64  2002318    8343
 2018632     64     72  50001      0     64  2002319    9071
 2018633     64     72  50001      0     64  2002320    9799
 2018634     64     72  50001      0     64  2002321   10527
 2018635     64     72  50001      0     64  2002322   11255
 2018636     64     72  50001      0     64  2002346   11846
 2018637     64     72  50001      0     64  2002347   12241
 2018638     64     72  50001      0     64  2002348   12636
 2018639     64     72  50001      0     64  2002349   13031
 2018640     64     72  50001      0     64  2002350   13426
 2018641     64     72  50001      0     64  2002351   13821
 2018642     64     72  50001      0     64  2002370 2002427
 2018643     64     72  50001      0     64  2002409 2002428
 2018644     64     72  50001      0     64  2002387 2002430
 2018645     64     72  50001      0     64  2002416 2002431
 2018646     64     72  50001      0     64  2002371     342
 2018647     64     72  50001      0     64  2002372    1070
 2018648     64     72  50001      0     64  2002373    1798
 2018649     64     72  50001      0     64  2002374    2526
 2018650     64     72  50001      0     64  2002375    3254
 2018651     64     72  50001      0     64  2002376    3982
 2018652     64     72  50001      0     64  2002377    4710
 2018653     64     72  50001      0     64  2002378    5438
 2018654     64     72  50001      0     64  2002379    6166
 2018655     64     72  50001      0     64  2002380    6894
 2018656     64     72  50001      0     64  2002381    7622
 2018657     64     72  50001      0     64  2002382    8350
 2018658     64     72  50001      0     64  2002383    9078
 2018659     64     72  50001      0     64  2002384    9806
 2018660     64     72  50001      0     64  2002385   10534
 2018661     64     72  50001      0     64  2002386   11262
 2018662     64     72  50001      0     64  2002410   11851
 2018663     64     72  50001      0     64  2002411   12246
 2018664     64     72  50001      0     64  2002412   12641
 2018665     64     72  50001      0     64  2002413   13036
 2018666     64     72  50001      0     64  2002414   13431
 2018667     64     72  50001      0     64  2002415   13826
 2018668     64     72  50001      0     64  2002434 2002491
 2018669     64     72  50001      0     64  2002473 2002492
 2018670     64     72  50001      0     64  2002451 2002494
 2018671     64     72  50001      0     64  2002480 2002495
 2018672     64     72  50001      0     64  2002435     348
 2018673     64     72  50001      0     64  2002436    1076
 2018674     64     72  50001      0     64  2002437    1804
 2018675     64     72  50001      0     64  2002438    2532
 2018676     64     72  50001      0     64  2002439    3260
 2018677     64     72  50001      0     64  2002440    3988
 2018678     64     72  50001      0     64  2002441    4716
 2018679     64     72  50001      0     64  2002442    5444

 *** MAPDL - ENGINEERING ANALYSIS SYSTEM  RELEASE 2026 R1          26.1     ***
 Ansys Mechanical Enterprise                       
 20120530  VERSION=WINDOWS x64   12:12:18  AUG 02, 2026 Elapsed Time=     13.367

 C10 A0 CURRENT TYPE72 S10 DIRECT SPATIAL GRAVITY RAMP STATIC ONLY NRRE        


 
    ELEM    MAT    TYP    REL    ESY    SEC        NODES
 
 2018680     64     72  50001      0     64  2002443    6172
 2018681     64     72  50001      0     64  2002444    6900
 2018682     64     72  50001      0     64  2002445    7628
 2018683     64     72  50001      0     64  2002446    8356
 2018684     64     72  50001      0     64  2002447    9084
 2018685     64     72  50001      0     64  2002448    9812
 2018686     64     72  50001      0     64  2002449   10540
 2018687     64     72  50001      0     64  2002450   11268
 2018688     64     72  50001      0     64  2002474   11856
 2018689     64     72  50001      0     64  2002475   12251
 2018690     64     72  50001      0     64  2002476   12646
 2018691     64     72  50001      0     64  2002477   13041
 2018692     64     72  50001      0     64  2002478   13436
 2018693     64     72  50001      0     64  2002479   13831
 2018694     64     72  50001      0     64  2002498 2002555
 2018695     64     72  50001      0     64  2002537 2002556
 2018696     64     72  50001      0     64  2002515 2002558
 2018697     64     72  50001      0     64  2002544 2002559
 2018698     64     72  50001      0     64  2002499     355
 2018699     64     72  50001      0     64  2002500    1083
 2018700     64     72  50001      0     64  2002501    1811
 2018701     64     72  50001      0     64  2002502    2539
 2018702     64     72  50001      0     64  2002503    3267
 2018703     64     72  50001      0     64  2002504    3995
 2018704     64     72  50001      0     64  2002505    4723
 2018705     64     72  50001      0     64  2002506    5451
 2018706     64     72  50001      0     64  2002507    6179
 2018707     64     72  50001      0     64  2002508    6907
 2018708     64     72  50001      0     64  2002509    7635
 2018709     64     72  50001      0     64  2002510    8363
 2018710     64     72  50001      0     64  2002511    9091
 2018711     64     72  50001      0     64  2002512    9819
 2018712     64     72  50001      0     64  2002513   10547
 2018713     64     72  50001      0     64  2002514   11275
 2018714     64     72  50001      0     64  2002538   11861
 2018715     64     72  50001      0     64  2002539   12256
 2018716     64     72  50001      0     64  2002540   12651
 2018717     64     72  50001      0     64  2002541   13046
 2018718     64     72  50001      0     64  2002542   13441
 2018719     64     72  50001      0     64  2002543   13836
 2018720     64     72  50001      0     64  2002562 2002619
 2018721     64     72  50001      0     64  2002601 2002620
 2018722     64     72  50001      0     64  2002579 2002622
 2018723     64     72  50001      0     64  2002608 2002623
 2018724     64     72  50001      0     64  2002563     361
 2018725     64     72  50001      0     64  2002564    1089
 2018726     64     72  50001      0     64  2002565    1817
 2018727     64     72  50001      0     64  2002566    2545
 2018728     64     72  50001      0     64  2002567    3273
 2018729     64     72  50001      0     64  2002568    4001

 *** MAPDL - ENGINEERING ANALYSIS SYSTEM  RELEASE 2026 R1          26.1     ***
 Ansys Mechanical Enterprise                       
 20120530  VERSION=WINDOWS x64   12:12:18  AUG 02, 2026 Elapsed Time=     13.367

 C10 A0 CURRENT TYPE72 S10 DIRECT SPATIAL GRAVITY RAMP STATIC ONLY NRRE        


 
    ELEM    MAT    TYP    REL    ESY    SEC        NODES
 
 2018730     64     72  50001      0     64  2002569    4729
 2018731     64     72  50001      0     64  2002570    5457
 2018732     64     72  50001      0     64  2002571    6185
 2018733     64     72  50001      0     64  2002572    6913
 2018734     64     72  50001      0     64  2002573    7641
 2018735     64     72  50001      0     64  2002574    8369
 2018736     64     72  50001      0     64  2002575    9097
 2018737     64     72  50001      0     64  2002576    9825
 2018738     64     72  50001      0     64  2002577   10553
 2018739     64     72  50001      0     64  2002578   11281
 2018740     64     72  50001      0     64  2002602   11866
 2018741     64     72  50001      0     64  2002603   12261
 2018742     64     72  50001      0     64  2002604   12656
 2018743     64     72  50001      0     64  2002605   13051
 2018744     64     72  50001      0     64  2002606   13446
 2018745     64     72  50001      0     64  2002607   13841
 2018746     64     72  50001      0     64  2002626 2002683
 2018747     64     72  50001      0     64  2002665 2002684
 2018748     64     72  50001      0     64  2002643 2002686
 2018749     64     72  50001      0     64  2002672 2002687
 2018750     64     72  50001      0     64  2002627     368
 2018751     64     72  50001      0     64  2002628    1096
 2018752     64     72  50001      0     64  2002629    1824
 2018753     64     72  50001      0     64  2002630    2552
 2018754     64     72  50001      0     64  2002631    3280
 2018755     64     72  50001      0     64  2002632    4008
 2018756     64     72  50001      0     64  2002633    4736
 2018757     64     72  50001      0     64  2002634    5464
 2018758     64     72  50001      0     64  2002635    6192
 2018759     64     72  50001      0     64  2002636    6920
 2018760     64     72  50001      0     64  2002637    7648
 2018761     64     72  50001      0     64  2002638    8376
 2018762     64     72  50001      0     64  2002639    9104
 2018763     64     72  50001      0     64  2002640    9832
 2018764     64     72  50001      0     64  2002641   10560
 2018765     64     72  50001      0     64  2002642   11288
 2018766     64     72  50001      0     64  2002666   11871
 2018767     64     72  50001      0     64  2002667   12266
 2018768     64     72  50001      0     64  2002668   12661
 2018769     64     72  50001      0     64  2002669   13056
 2018770     64     72  50001      0     64  2002670   13451
 2018771     64     72  50001      0     64  2002671   13846
 2018772     64     72  50001      0     64  2002690 2002747
 2018773     64     72  50001      0     64  2002729 2002748
 2018774     64     72  50001      0     64  2002707 2002750
 2018775     64     72  50001      0     64  2002736 2002751
 2018776     64     72  50001      0     64  2002691     375
 2018777     64     72  50001      0     64  2002692    1103
 2018778     64     72  50001      0     64  2002693    1831
 2018779     64     72  50001      0     64  2002694    2559

 *** MAPDL - ENGINEERING ANALYSIS SYSTEM  RELEASE 2026 R1          26.1     ***
 Ansys Mechanical Enterprise                       
 20120530  VERSION=WINDOWS x64   12:12:18  AUG 02, 2026 Elapsed Time=     13.367

 C10 A0 CURRENT TYPE72 S10 DIRECT SPATIAL GRAVITY RAMP STATIC ONLY NRRE        


 
    ELEM    MAT    TYP    REL    ESY    SEC        NODES
 
 2018780     64     72  50001      0     64  2002695    3287
 2018781     64     72  50001      0     64  2002696    4015
 2018782     64     72  50001      0     64  2002697    4743
 2018783     64     72  50001      0     64  2002698    5471
 2018784     64     72  50001      0     64  2002699    6199
 2018785     64     72  50001      0     64  2002700    6927
 2018786     64     72  50001      0     64  2002701    7655
 2018787     64     72  50001      0     64  2002702    8383
 2018788     64     72  50001      0     64  2002703    9111
 2018789     64     72  50001      0     64  2002704    9839
 2018790     64     72  50001      0     64  2002705   10567
 2018791     64     72  50001      0     64  2002706   11295
 2018792     64     72  50001      0     64  2002730   11876
 2018793     64     72  50001      0     64  2002731   12271
 2018794     64     72  50001      0     64  2002732   12666
 2018795     64     72  50001      0     64  2002733   13061
 2018796     64     72  50001      0     64  2002734   13456
 2018797     64     72  50001      0     64  2002735   13851
 2018798     64     72  50001      0     64  2002754 2002811
 2018799     64     72  50001      0     64  2002793 2002812
 2018800     64     72  50001      0     64  2002771 2002814
 2018801     64     72  50001      0     64  2002800 2002815
 2018802     64     72  50001      0     64  2002755     382
 2018803     64     72  50001      0     64  2002756    1110
 2018804     64     72  50001      0     64  2002757    1838
 2018805     64     72  50001      0     64  2002758    2566
 2018806     64     72  50001      0     64  2002759    3294
 2018807     64     72  50001      0     64  2002760    4022
 2018808     64     72  50001      0     64  2002761    4750
 2018809     64     72  50001      0     64  2002762    5478
 2018810     64     72  50001      0     64  2002763    6206
 2018811     64     72  50001      0     64  2002764    6934
 2018812     64     72  50001      0     64  2002765    7662
 2018813     64     72  50001      0     64  2002766    8390
 2018814     64     72  50001      0     64  2002767    9118
 2018815     64     72  50001      0     64  2002768    9846
 2018816     64     72  50001      0     64  2002769   10574
 2018817     64     72  50001      0     64  2002770   11302
 2018818     64     72  50001      0     64  2002794   11881
 2018819     64     72  50001      0     64  2002795   12276
 2018820     64     72  50001      0     64  2002796   12671
 2018821     64     72  50001      0     64  2002797   13066
 2018822     64     72  50001      0     64  2002798   13461
 2018823     64     72  50001      0     64  2002799   13856
 2018824     64     72  50001      0     64  2002818 2002875
 2018825     64     72  50001      0     64  2002857 2002876
 2018826     64     72  50001      0     64  2002835 2002878
 2018827     64     72  50001      0     64  2002864 2002879
 2018828     64     72  50001      0     64  2002819     389
 2018829     64     72  50001      0     64  2002820    1117

 *** MAPDL - ENGINEERING ANALYSIS SYSTEM  RELEASE 2026 R1          26.1     ***
 Ansys Mechanical Enterprise                       
 20120530  VERSION=WINDOWS x64   12:12:18  AUG 02, 2026 Elapsed Time=     13.367

 C10 A0 CURRENT TYPE72 S10 DIRECT SPATIAL GRAVITY RAMP STATIC ONLY NRRE        


 
    ELEM    MAT    TYP    REL    ESY    SEC        NODES
 
 2018830     64     72  50001      0     64  2002821    1845
 2018831     64     72  50001      0     64  2002822    2573
 2018832     64     72  50001      0     64  2002823    3301
 2018833     64     72  50001      0     64  2002824    4029
 2018834     64     72  50001      0     64  2002825    4757
 2018835     64     72  50001      0     64  2002826    5485
 2018836     64     72  50001      0     64  2002827    6213
 2018837     64     72  50001      0     64  2002828    6941
 2018838     64     72  50001      0     64  2002829    7669
 2018839     64     72  50001      0     64  2002830    8397
 2018840     64     72  50001      0     64  2002831    9125
 2018841     64     72  50001      0     64  2002832    9853
 2018842     64     72  50001      0     64  2002833   10581
 2018843     64     72  50001      0     64  2002834   11309
 2018844     64     72  50001      0     64  2002858   11886
 2018845     64     72  50001      0     64  2002859   12281
 2018846     64     72  50001      0     64  2002860   12676
 2018847     64     72  50001      0     64  2002861   13071
 2018848     64     72  50001      0     64  2002862   13466
 2018849     64     72  50001      0     64  2002863   13861
 2018850     64     72  50001      0     64  2002882 2002939
 2018851     64     72  50001      0     64  2002921 2002940
 2018852     64     72  50001      0     64  2002899 2002942
 2018853     64     72  50001      0     64  2002928 2002943
 2018854     64     72  50001      0     64  2002883     396
 2018855     64     72  50001      0     64  2002884    1124
 2018856     64     72  50001      0     64  2002885    1852
 2018857     64     72  50001      0     64  2002886    2580
 2018858     64     72  50001      0     64  2002887    3308
 2018859     64     72  50001      0     64  2002888    4036
 2018860     64     72  50001      0     64  2002889    4764
 2018861     64     72  50001      0     64  2002890    5492
 2018862     64     72  50001      0     64  2002891    6220
 2018863     64     72  50001      0     64  2002892    6948
 2018864     64     72  50001      0     64  2002893    7676
 2018865     64     72  50001      0     64  2002894    8404
 2018866     64     72  50001      0     64  2002895    9132
 2018867     64     72  50001      0     64  2002896    9860
 2018868     64     72  50001      0     64  2002897   10588
 2018869     64     72  50001      0     64  2002898   11316
 2018870     64     72  50001      0     64  2002922   11891
 2018871     64     72  50001      0     64  2002923   12286
 2018872     64     72  50001      0     64  2002924   12681
 2018873     64     72  50001      0     64  2002925   13076
 2018874     64     72  50001      0     64  2002926   13471
 2018875     64     72  50001      0     64  2002927   13866
 2018876     64     72  50001      0     64  2002946 2003003
 2018877     64     72  50001      0     64  2002985 2003004
 2018878     64     72  50001      0     64  2002963 2003006
 2018879     64     72  50001      0     64  2002992 2003007

 *** MAPDL - ENGINEERING ANALYSIS SYSTEM  RELEASE 2026 R1          26.1     ***
 Ansys Mechanical Enterprise                       
 20120530  VERSION=WINDOWS x64   12:12:18  AUG 02, 2026 Elapsed Time=     13.367

 C10 A0 CURRENT TYPE72 S10 DIRECT SPATIAL GRAVITY RAMP STATIC ONLY NRRE        


 
    ELEM    MAT    TYP    REL    ESY    SEC        NODES
 
 2018880     64     72  50001      0     64  2002947     403
 2018881     64     72  50001      0     64  2002948    1131
 2018882     64     72  50001      0     64  2002949    1859
 2018883     64     72  50001      0     64  2002950    2587
 2018884     64     72  50001      0     64  2002951    3315
 2018885     64     72  50001      0     64  2002952    4043
 2018886     64     72  50001      0     64  2002953    4771
 2018887     64     72  50001      0     64  2002954    5499
 2018888     64     72  50001      0     64  2002955    6227
 2018889     64     72  50001      0     64  2002956    6955
 2018890     64     72  50001      0     64  2002957    7683
 2018891     64     72  50001      0     64  2002958    8411
 2018892     64     72  50001      0     64  2002959    9139
 2018893     64     72  50001      0     64  2002960    9867
 2018894     64     72  50001      0     64  2002961   10595
 2018895     64     72  50001      0     64  2002962   11323
 2018896     64     72  50001      0     64  2002986   11896
 2018897     64     72  50001      0     64  2002987   12291
 2018898     64     72  50001      0     64  2002988   12686
 2018899     64     72  50001      0     64  2002989   13081
 2018900     64     72  50001      0     64  2002990   13476
 2018901     64     72  50001      0     64  2002991   13871
 2018902     64     72  50001      0     64  2003010 2003067
 2018903     64     72  50001      0     64  2003049 2003068
 2018904     64     72  50001      0     64  2003027 2003070
 2018905     64     72  50001      0     64  2003056 2003071
 2018906     64     72  50001      0     64  2003011     410
 2018907     64     72  50001      0     64  2003012    1138
 2018908     64     72  50001      0     64  2003013    1866
 2018909     64     72  50001      0     64  2003014    2594
 2018910     64     72  50001      0     64  2003015    3322
 2018911     64     72  50001      0     64  2003016    4050
 2018912     64     72  50001      0     64  2003017    4778
 2018913     64     72  50001      0     64  2003018    5506
 2018914     64     72  50001      0     64  2003019    6234
 2018915     64     72  50001      0     64  2003020    6962
 2018916     64     72  50001      0     64  2003021    7690
 2018917     64     72  50001      0     64  2003022    8418
 2018918     64     72  50001      0     64  2003023    9146
 2018919     64     72  50001      0     64  2003024    9874
 2018920     64     72  50001      0     64  2003025   10602
 2018921     64     72  50001      0     64  2003026   11330
 2018922     64     72  50001      0     64  2003050   11901
 2018923     64     72  50001      0     64  2003051   12296
 2018924     64     72  50001      0     64  2003052   12691
 2018925     64     72  50001      0     64  2003053   13086
 2018926     64     72  50001      0     64  2003054   13481
 2018927     64     72  50001      0     64  2003055   13876
 2018928     64     72  50001      0     64  2003074 2003131
 2018929     64     72  50001      0     64  2003113 2003132

 *** MAPDL - ENGINEERING ANALYSIS SYSTEM  RELEASE 2026 R1          26.1     ***
 Ansys Mechanical Enterprise                       
 20120530  VERSION=WINDOWS x64   12:12:18  AUG 02, 2026 Elapsed Time=     13.367

 C10 A0 CURRENT TYPE72 S10 DIRECT SPATIAL GRAVITY RAMP STATIC ONLY NRRE        


 
    ELEM    MAT    TYP    REL    ESY    SEC        NODES
 
 2018930     64     72  50001      0     64  2003091 2003134
 2018931     64     72  50001      0     64  2003120 2003135
 2018932     64     72  50001      0     64  2003075     417
 2018933     64     72  50001      0     64  2003076    1145
 2018934     64     72  50001      0     64  2003077    1873
 2018935     64     72  50001      0     64  2003078    2601
 2018936     64     72  50001      0     64  2003079    3329
 2018937     64     72  50001      0     64  2003080    4057
 2018938     64     72  50001      0     64  2003081    4785
 2018939     64     72  50001      0     64  2003082    5513
 2018940     64     72  50001      0     64  2003083    6241
 2018941     64     72  50001      0     64  2003084    6969
 2018942     64     72  50001      0     64  2003085    7697
 2018943     64     72  50001      0     64  2003086    8425
 2018944     64     72  50001      0     64  2003087    9153
 2018945     64     72  50001      0     64  2003088    9881
 2018946     64     72  50001      0     64  2003089   10609
 2018947     64     72  50001      0     64  2003090   11337
 2018948     64     72  50001      0     64  2003114   11906
 2018949     64     72  50001      0     64  2003115   12301
 2018950     64     72  50001      0     64  2003116   12696
 2018951     64     72  50001      0     64  2003117   13091
 2018952     64     72  50001      0     64  2003118   13486
 2018953     64     72  50001      0     64  2003119   13881
 2018954     64     72  50001      0     64  2003138 2003195
 2018955     64     72  50001      0     64  2003177 2003196
 2018956     64     72  50001      0     64  2003155 2003198
 2018957     64     72  50001      0     64  2003184 2003199
 2018958     64     72  50001      0     64  2003139     424
 2018959     64     72  50001      0     64  2003140    1152
 2018960     64     72  50001      0     64  2003141    1880
 2018961     64     72  50001      0     64  2003142    2608
 2018962     64     72  50001      0     64  2003143    3336
 2018963     64     72  50001      0     64  2003144    4064
 2018964     64     72  50001      0     64  2003145    4792
 2018965     64     72  50001      0     64  2003146    5520
 2018966     64     72  50001      0     64  2003147    6248
 2018967     64     72  50001      0     64  2003148    6976
 2018968     64     72  50001      0     64  2003149    7704
 2018969     64     72  50001      0     64  2003150    8432
 2018970     64     72  50001      0     64  2003151    9160
 2018971     64     72  50001      0     64  2003152    9888
 2018972     64     72  50001      0     64  2003153   10616
 2018973     64     72  50001      0     64  2003154   11344
 2018974     64     72  50001      0     64  2003178   11911
 2018975     64     72  50001      0     64  2003179   12306
 2018976     64     72  50001      0     64  2003180   12701
 2018977     64     72  50001      0     64  2003181   13096
 2018978     64     72  50001      0     64  2003182   13491
 2018979     64     72  50001      0     64  2003183   13886

 *** MAPDL - ENGINEERING ANALYSIS SYSTEM  RELEASE 2026 R1          26.1     ***
 Ansys Mechanical Enterprise                       
 20120530  VERSION=WINDOWS x64   12:12:18  AUG 02, 2026 Elapsed Time=     13.367

 C10 A0 CURRENT TYPE72 S10 DIRECT SPATIAL GRAVITY RAMP STATIC ONLY NRRE        


 
    ELEM    MAT    TYP    REL    ESY    SEC        NODES
 
 2018980     64     72  50001      0     64  2003202 2003259
 2018981     64     72  50001      0     64  2003241 2003260
 2018982     64     72  50001      0     64  2003219 2003262
 2018983     64     72  50001      0     64  2003248 2003263
 2018984     64     72  50001      0     64  2003203     431
 2018985     64     72  50001      0     64  2003204    1159
 2018986     64     72  50001      0     64  2003205    1887
 2018987     64     72  50001      0     64  2003206    2615
 2018988     64     72  50001      0     64  2003207    3343
 2018989     64     72  50001      0     64  2003208    4071
 2018990     64     72  50001      0     64  2003209    4799
 2018991     64     72  50001      0     64  2003210    5527
 2018992     64     72  50001      0     64  2003211    6255
 2018993     64     72  50001      0     64  2003212    6983
 2018994     64     72  50001      0     64  2003213    7711
 2018995     64     72  50001      0     64  2003214    8439
 2018996     64     72  50001      0     64  2003215    9167
 2018997     64     72  50001      0     64  2003216    9895
 2018998     64     72  50001      0     64  2003217   10623
 2018999     64     72  50001      0     64  2003218   11351
 2019000     64     72  50001      0     64  2003242   11916
 2019001     64     72  50001      0     64  2003243   12311
 2019002     64     72  50001      0     64  2003244   12706
 2019003     64     72  50001      0     64  2003245   13101
 2019004     64     72  50001      0     64  2003246   13496
 2019005     64     72  50001      0     64  2003247   13891
 2019006     64     72  50001      0     64  2003266 2003323
 2019007     64     72  50001      0     64  2003305 2003324
 2019008     64     72  50001      0     64  2003283 2003326
 2019009     64     72  50001      0     64  2003312 2003327
 2019010     64     72  50001      0     64  2003267     438
 2019011     64     72  50001      0     64  2003268    1166
 2019012     64     72  50001      0     64  2003269    1894
 2019013     64     72  50001      0     64  2003270    2622
 2019014     64     72  50001      0     64  2003271    3350
 2019015     64     72  50001      0     64  2003272    4078
 2019016     64     72  50001      0     64  2003273    4806
 2019017     64     72  50001      0     64  2003274    5534
 2019018     64     72  50001      0     64  2003275    6262
 2019019     64     72  50001      0     64  2003276    6990
 2019020     64     72  50001      0     64  2003277    7718
 2019021     64     72  50001      0     64  2003278    8446
 2019022     64     72  50001      0     64  2003279    9174
 2019023     64     72  50001      0     64  2003280    9902
 2019024     64     72  50001      0     64  2003281   10630
 2019025     64     72  50001      0     64  2003282   11358
 2019026     64     72  50001      0     64  2003306   11921
 2019027     64     72  50001      0     64  2003307   12316
 2019028     64     72  50001      0     64  2003308   12711
 2019029     64     72  50001      0     64  2003309   13106

 *** MAPDL - ENGINEERING ANALYSIS SYSTEM  RELEASE 2026 R1          26.1     ***
 Ansys Mechanical Enterprise                       
 20120530  VERSION=WINDOWS x64   12:12:18  AUG 02, 2026 Elapsed Time=     13.368

 C10 A0 CURRENT TYPE72 S10 DIRECT SPATIAL GRAVITY RAMP STATIC ONLY NRRE        


 
    ELEM    MAT    TYP    REL    ESY    SEC        NODES
 
 2019030     64     72  50001      0     64  2003310   13501
 2019031     64     72  50001      0     64  2003311   13896
 2019032     64     72  50001      0     64  2003330 2003387
 2019033     64     72  50001      0     64  2003369 2003388
 2019034     64     72  50001      0     64  2003347 2003390
 2019035     64     72  50001      0     64  2003376 2003391
 2019036     64     72  50001      0     64  2003331     461
 2019037     64     72  50001      0     64  2003332    1189
 2019038     64     72  50001      0     64  2003333    1917
 2019039     64     72  50001      0     64  2003334    2645
 2019040     64     72  50001      0     64  2003335    3373
 2019041     64     72  50001      0     64  2003336    4101
 2019042     64     72  50001      0     64  2003337    4829
 2019043     64     72  50001      0     64  2003338    5557
 2019044     64     72  50001      0     64  2003339    6285
 2019045     64     72  50001      0     64  2003340    7013
 2019046     64     72  50001      0     64  2003341    7741
 2019047     64     72  50001      0     64  2003342    8469
 2019048     64     72  50001      0     64  2003343    9197
 2019049     64     72  50001      0     64  2003344    9925
 2019050     64     72  50001      0     64  2003345   10653
 2019051     64     72  50001      0     64  2003346   11381
 2019052     64     72  50001      0     64  2003370   11938
 2019053     64     72  50001      0     64  2003371   12333
 2019054     64     72  50001      0     64  2003372   12728
 2019055     64     72  50001      0     64  2003373   13123
 2019056     64     72  50001      0     64  2003374   13518
 2019057     64     72  50001      0     64  2003375   13913
 2019058     64     72  50001      0     64  2003394 2003451
 2019059     64     72  50001      0     64  2003433 2003452
 2019060     64     72  50001      0     64  2003411 2003454
 2019061     64     72  50001      0     64  2003440 2003455
 2019062     64     72  50001      0     64  2003395     475
 2019063     64     72  50001      0     64  2003396    1203
 2019064     64     72  50001      0     64  2003397    1931
 2019065     64     72  50001      0     64  2003398    2659
 2019066     64     72  50001      0     64  2003399    3387
 2019067     64     72  50001      0     64  2003400    4115
 2019068     64     72  50001      0     64  2003401    4843
 2019069     64     72  50001      0     64  2003402    5571
 2019070     64     72  50001      0     64  2003403    6299
 2019071     64     72  50001      0     64  2003404    7027
 2019072     64     72  50001      0     64  2003405    7755
 2019073     64     72  50001      0     64  2003406    8483
 2019074     64     72  50001      0     64  2003407    9211
 2019075     64     72  50001      0     64  2003408    9939
 2019076     64     72  50001      0     64  2003409   10667
 2019077     64     72  50001      0     64  2003410   11395
 2019078     64     72  50001      0     64  2003434   11943
 2019079     64     72  50001      0     64  2003435   12338

 *** MAPDL - ENGINEERING ANALYSIS SYSTEM  RELEASE 2026 R1          26.1     ***
 Ansys Mechanical Enterprise                       
 20120530  VERSION=WINDOWS x64   12:12:18  AUG 02, 2026 Elapsed Time=     13.368

 C10 A0 CURRENT TYPE72 S10 DIRECT SPATIAL GRAVITY RAMP STATIC ONLY NRRE        


 
    ELEM    MAT    TYP    REL    ESY    SEC        NODES
 
 2019080     64     72  50001      0     64  2003436   12733
 2019081     64     72  50001      0     64  2003437   13128
 2019082     64     72  50001      0     64  2003438   13523
 2019083     64     72  50001      0     64  2003439   13918
 2019084     64     72  50001      0     64  2003458 2003515
 2019085     64     72  50001      0     64  2003497 2003516
 2019086     64     72  50001      0     64  2003475 2003518
 2019087     64     72  50001      0     64  2003504 2003519
 2019088     64     72  50001      0     64  2003459     488
 2019089     64     72  50001      0     64  2003460    1216
 2019090     64     72  50001      0     64  2003461    1944
 2019091     64     72  50001      0     64  2003462    2672
 2019092     64     72  50001      0     64  2003463    3400
 2019093     64     72  50001      0     64  2003464    4128
 2019094     64     72  50001      0     64  2003465    4856
 2019095     64     72  50001      0     64  2003466    5584
 2019096     64     72  50001      0     64  2003467    6312
 2019097     64     72  50001      0     64  2003468    7040
 2019098     64     72  50001      0     64  2003469    7768
 2019099     64     72  50001      0     64  2003470    8496
 2019100     64     72  50001      0     64  2003471    9224
 2019101     64     72  50001      0     64  2003472    9952
 2019102     64     72  50001      0     64  2003473   10680
 2019103     64     72  50001      0     64  2003474   11408
 2019104     64     72  50001      0     64  2003498   11948
 2019105     64     72  50001      0     64  2003499   12343
 2019106     64     72  50001      0     64  2003500   12738
 2019107     64     72  50001      0     64  2003501   13133
 2019108     64     72  50001      0     64  2003502   13528
 2019109     64     72  50001      0     64  2003503   13923
 2019110     64     72  50001      0     64  2003522 2003579
 2019111     64     72  50001      0     64  2003561 2003580
 2019112     64     72  50001      0     64  2003539 2003582
 2019113     64     72  50001      0     64  2003568 2003583
 2019114     64     72  50001      0     64  2003523     501
 2019115     64     72  50001      0     64  2003524    1229
 2019116     64     72  50001      0     64  2003525    1957
 2019117     64     72  50001      0     64  2003526    2685
 2019118     64     72  50001      0     64  2003527    3413
 2019119     64     72  50001      0     64  2003528    4141
 2019120     64     72  50001      0     64  2003529    4869
 2019121     64     72  50001      0     64  2003530    5597
 2019122     64     72  50001      0     64  2003531    6325
 2019123     64     72  50001      0     64  2003532    7053
 2019124     64     72  50001      0     64  2003533    7781
 2019125     64     72  50001      0     64  2003534    8509
 2019126     64     72  50001      0     64  2003535    9237
 2019127     64     72  50001      0     64  2003536    9965
 2019128     64     72  50001      0     64  2003537   10693
 2019129     64     72  50001      0     64  2003538   11421

 *** MAPDL - ENGINEERING ANALYSIS SYSTEM  RELEASE 2026 R1          26.1     ***
 Ansys Mechanical Enterprise                       
 20120530  VERSION=WINDOWS x64   12:12:18  AUG 02, 2026 Elapsed Time=     13.368

 C10 A0 CURRENT TYPE72 S10 DIRECT SPATIAL GRAVITY RAMP STATIC ONLY NRRE        


 
    ELEM    MAT    TYP    REL    ESY    SEC        NODES
 
 2019130     64     72  50001      0     64  2003562   11953
 2019131     64     72  50001      0     64  2003563   12348
 2019132     64     72  50001      0     64  2003564   12743
 2019133     64     72  50001      0     64  2003565   13138
 2019134     64     72  50001      0     64  2003566   13533
 2019135     64     72  50001      0     64  2003567   13928
 2019136     64     72  50001      0     64  2003586 2003643
 2019137     64     72  50001      0     64  2003625 2003644
 2019138     64     72  50001      0     64  2003603 2003646
 2019139     64     72  50001      0     64  2003632 2003647
 2019140     64     72  50001      0     64  2003587     515
 2019141     64     72  50001      0     64  2003588    1243
 2019142     64     72  50001      0     64  2003589    1971
 2019143     64     72  50001      0     64  2003590    2699
 2019144     64     72  50001      0     64  2003591    3427
 2019145     64     72  50001      0     64  2003592    4155
 2019146     64     72  50001      0     64  2003593    4883
 2019147     64     72  50001      0     64  2003594    5611
 2019148     64     72  50001      0     64  2003595    6339
 2019149     64     72  50001      0     64  2003596    7067
 2019150     64     72  50001      0     64  2003597    7795
 2019151     64     72  50001      0     64  2003598    8523
 2019152     64     72  50001      0     64  2003599    9251
 2019153     64     72  50001      0     64  2003600    9979
 2019154     64     72  50001      0     64  2003601   10707
 2019155     64     72  50001      0     64  2003602   11435
 2019156     64     72  50001      0     64  2003626   11958
 2019157     64     72  50001      0     64  2003627   12353
 2019158     64     72  50001      0     64  2003628   12748
 2019159     64     72  50001      0     64  2003629   13143
 2019160     64     72  50001      0     64  2003630   13538
 2019161     64     72  50001      0     64  2003631   13933
 2019162     64     72  50001      0     64  2003650 2003707
 2019163     64     72  50001      0     64  2003689 2003708
 2019164     64     72  50001      0     64  2003667 2003710
 2019165     64     72  50001      0     64  2003696 2003711
 2019166     64     72  50001      0     64  2003651     528
 2019167     64     72  50001      0     64  2003652    1256
 2019168     64     72  50001      0     64  2003653    1984
 2019169     64     72  50001      0     64  2003654    2712
 2019170     64     72  50001      0     64  2003655    3440
 2019171     64     72  50001      0     64  2003656    4168
 2019172     64     72  50001      0     64  2003657    4896
 2019173     64     72  50001      0     64  2003658    5624
 2019174     64     72  50001      0     64  2003659    6352
 2019175     64     72  50001      0     64  2003660    7080
 2019176     64     72  50001      0     64  2003661    7808
 2019177     64     72  50001      0     64  2003662    8536
 2019178     64     72  50001      0     64  2003663    9264
 2019179     64     72  50001      0     64  2003664    9992

 *** MAPDL - ENGINEERING ANALYSIS SYSTEM  RELEASE 2026 R1          26.1     ***
 Ansys Mechanical Enterprise                       
 20120530  VERSION=WINDOWS x64   12:12:18  AUG 02, 2026 Elapsed Time=     13.368

 C10 A0 CURRENT TYPE72 S10 DIRECT SPATIAL GRAVITY RAMP STATIC ONLY NRRE        


 
    ELEM    MAT    TYP    REL    ESY    SEC        NODES
 
 2019180     64     72  50001      0     64  2003665   10720
 2019181     64     72  50001      0     64  2003666   11448
 2019182     64     72  50001      0     64  2003690   11963
 2019183     64     72  50001      0     64  2003691   12358
 2019184     64     72  50001      0     64  2003692   12753
 2019185     64     72  50001      0     64  2003693   13148
 2019186     64     72  50001      0     64  2003694   13543
 2019187     64     72  50001      0     64  2003695   13938
 2019188     64     72  50001      0     64  2003714 2003771
 2019189     64     72  50001      0     64  2003753 2003772
 2019190     64     72  50001      0     64  2003731 2003774
 2019191     64     72  50001      0     64  2003760 2003775
 2019192     64     72  50001      0     64  2003715     541
 2019193     64     72  50001      0     64  2003716    1269
 2019194     64     72  50001      0     64  2003717    1997
 2019195     64     72  50001      0     64  2003718    2725
 2019196     64     72  50001      0     64  2003719    3453
 2019197     64     72  50001      0     64  2003720    4181
 2019198     64     72  50001      0     64  2003721    4909
 2019199     64     72  50001      0     64  2003722    5637
 2019200     64     72  50001      0     64  2003723    6365
 2019201     64     72  50001      0     64  2003724    7093
 2019202     64     72  50001      0     64  2003725    7821
 2019203     64     72  50001      0     64  2003726    8549
 2019204     64     72  50001      0     64  2003727    9277
 2019205     64     72  50001      0     64  2003728   10005
 2019206     64     72  50001      0     64  2003729   10733
 2019207     64     72  50001      0     64  2003730   11461
 2019208     64     72  50001      0     64  2003754   11968
 2019209     64     72  50001      0     64  2003755   12363
 2019210     64     72  50001      0     64  2003756   12758
 2019211     64     72  50001      0     64  2003757   13153
 2019212     64     72  50001      0     64  2003758   13548
 2019213     64     72  50001      0     64  2003759   13943
 2019214     64     72  50001      0     64  2003778 2003835
 2019215     64     72  50001      0     64  2003817 2003836
 2019216     64     72  50001      0     64  2003795 2003838
 2019217     64     72  50001      0     64  2003824 2003839
 2019218     64     72  50001      0     64  2003779     555
 2019219     64     72  50001      0     64  2003780    1283
 2019220     64     72  50001      0     64  2003781    2011
 2019221     64     72  50001      0     64  2003782    2739
 2019222     64     72  50001      0     64  2003783    3467
 2019223     64     72  50001      0     64  2003784    4195
 2019224     64     72  50001      0     64  2003785    4923
 2019225     64     72  50001      0     64  2003786    5651
 2019226     64     72  50001      0     64  2003787    6379
 2019227     64     72  50001      0     64  2003788    7107
 2019228     64     72  50001      0     64  2003789    7835
 2019229     64     72  50001      0     64  2003790    8563

 *** MAPDL - ENGINEERING ANALYSIS SYSTEM  RELEASE 2026 R1          26.1     ***
 Ansys Mechanical Enterprise                       
 20120530  VERSION=WINDOWS x64   12:12:18  AUG 02, 2026 Elapsed Time=     13.368

 C10 A0 CURRENT TYPE72 S10 DIRECT SPATIAL GRAVITY RAMP STATIC ONLY NRRE        


 
    ELEM    MAT    TYP    REL    ESY    SEC        NODES
 
 2019230     64     72  50001      0     64  2003791    9291
 2019231     64     72  50001      0     64  2003792   10019
 2019232     64     72  50001      0     64  2003793   10747
 2019233     64     72  50001      0     64  2003794   11475
 2019234     64     72  50001      0     64  2003818   11973
 2019235     64     72  50001      0     64  2003819   12368
 2019236     64     72  50001      0     64  2003820   12763
 2019237     64     72  50001      0     64  2003821   13158
 2019238     64     72  50001      0     64  2003822   13553
 2019239     64     72  50001      0     64  2003823   13948
 2019240     64     72  50001      0     64  2003842 2003899
 2019241     64     72  50001      0     64  2003881 2003900
 2019242     64     72  50001      0     64  2003859 2003902
 2019243     64     72  50001      0     64  2003888 2003903
 2019244     64     72  50001      0     64  2003843     568
 2019245     64     72  50001      0     64  2003844    1296
 2019246     64     72  50001      0     64  2003845    2024
 2019247     64     72  50001      0     64  2003846    2752
 2019248     64     72  50001      0     64  2003847    3480
 2019249     64     72  50001      0     64  2003848    4208
 2019250     64     72  50001      0     64  2003849    4936
 2019251     64     72  50001      0     64  2003850    5664
 2019252     64     72  50001      0     64  2003851    6392
 2019253     64     72  50001      0     64  2003852    7120
 2019254     64     72  50001      0     64  2003853    7848
 2019255     64     72  50001      0     64  2003854    8576
 2019256     64     72  50001      0     64  2003855    9304
 2019257     64     72  50001      0     64  2003856   10032
 2019258     64     72  50001      0     64  2003857   10760
 2019259     64     72  50001      0     64  2003858   11488
 2019260     64     72  50001      0     64  2003882   11978
 2019261     64     72  50001      0     64  2003883   12373
 2019262     64     72  50001      0     64  2003884   12768
 2019263     64     72  50001      0     64  2003885   13163
 2019264     64     72  50001      0     64  2003886   13558
 2019265     64     72  50001      0     64  2003887   13953
 2019266     64     72  50001      0     64  2003906 2003963
 2019267     64     72  50001      0     64  2003945 2003964
 2019268     64     72  50001      0     64  2003923 2003966
 2019269     64     72  50001      0     64  2003952 2003967
 2019270     64     72  50001      0     64  2003907     581
 2019271     64     72  50001      0     64  2003908    1309
 2019272     64     72  50001      0     64  2003909    2037
 2019273     64     72  50001      0     64  2003910    2765
 2019274     64     72  50001      0     64  2003911    3493
 2019275     64     72  50001      0     64  2003912    4221
 2019276     64     72  50001      0     64  2003913    4949
 2019277     64     72  50001      0     64  2003914    5677
 2019278     64     72  50001      0     64  2003915    6405
 2019279     64     72  50001      0     64  2003916    7133

 *** MAPDL - ENGINEERING ANALYSIS SYSTEM  RELEASE 2026 R1          26.1     ***
 Ansys Mechanical Enterprise                       
 20120530  VERSION=WINDOWS x64   12:12:18  AUG 02, 2026 Elapsed Time=     13.368

 C10 A0 CURRENT TYPE72 S10 DIRECT SPATIAL GRAVITY RAMP STATIC ONLY NRRE        


 
    ELEM    MAT    TYP    REL    ESY    SEC        NODES
 
 2019280     64     72  50001      0     64  2003917    7861
 2019281     64     72  50001      0     64  2003918    8589
 2019282     64     72  50001      0     64  2003919    9317
 2019283     64     72  50001      0     64  2003920   10045
 2019284     64     72  50001      0     64  2003921   10773
 2019285     64     72  50001      0     64  2003922   11501
 2019286     64     72  50001      0     64  2003946   11983
 2019287     64     72  50001      0     64  2003947   12378
 2019288     64     72  50001      0     64  2003948   12773
 2019289     64     72  50001      0     64  2003949   13168
 2019290     64     72  50001      0     64  2003950   13563
 2019291     64     72  50001      0     64  2003951   13958
 2019292     64     72  50001      0     64  2003970 2004027
 2019293     64     72  50001      0     64  2004009 2004028
 2019294     64     72  50001      0     64  2003987 2004030
 2019295     64     72  50001      0     64  2004016 2004031
 2019296     64     72  50001      0     64  2003971     595
 2019297     64     72  50001      0     64  2003972    1323
 2019298     64     72  50001      0     64  2003973    2051
 2019299     64     72  50001      0     64  2003974    2779
 2019300     64     72  50001      0     64  2003975    3507
 2019301     64     72  50001      0     64  2003976    4235
 2019302     64     72  50001      0     64  2003977    4963
 2019303     64     72  50001      0     64  2003978    5691
 2019304     64     72  50001      0     64  2003979    6419
 2019305     64     72  50001      0     64  2003980    7147
 2019306     64     72  50001      0     64  2003981    7875
 2019307     64     72  50001      0     64  2003982    8603
 2019308     64     72  50001      0     64  2003983    9331
 2019309     64     72  50001      0     64  2003984   10059
 2019310     64     72  50001      0     64  2003985   10787
 2019311     64     72  50001      0     64  2003986   11515
 2019312     64     72  50001      0     64  2004010   11988
 2019313     64     72  50001      0     64  2004011   12383
 2019314     64     72  50001      0     64  2004012   12778
 2019315     64     72  50001      0     64  2004013   13173
 2019316     64     72  50001      0     64  2004014   13568
 2019317     64     72  50001      0     64  2004015   13963
 2019318     64     72  50001      0     64  2004034 2004091
 2019319     64     72  50001      0     64  2004073 2004092
 2019320     64     72  50001      0     64  2004051 2004094
 2019321     64     72  50001      0     64  2004080 2004095
 2019322     64     72  50001      0     64  2004035     620
 2019323     64     72  50001      0     64  2004036    1348
 2019324     64     72  50001      0     64  2004037    2076
 2019325     64     72  50001      0     64  2004038    2804
 2019326     64     72  50001      0     64  2004039    3532
 2019327     64     72  50001      0     64  2004040    4260
 2019328     64     72  50001      0     64  2004041    4988
 2019329     64     72  50001      0     64  2004042    5716

 *** MAPDL - ENGINEERING ANALYSIS SYSTEM  RELEASE 2026 R1          26.1     ***
 Ansys Mechanical Enterprise                       
 20120530  VERSION=WINDOWS x64   12:12:18  AUG 02, 2026 Elapsed Time=     13.368

 C10 A0 CURRENT TYPE72 S10 DIRECT SPATIAL GRAVITY RAMP STATIC ONLY NRRE        


 
    ELEM    MAT    TYP    REL    ESY    SEC        NODES
 
 2019330     64     72  50001      0     64  2004043    6444
 2019331     64     72  50001      0     64  2004044    7172
 2019332     64     72  50001      0     64  2004045    7900
 2019333     64     72  50001      0     64  2004046    8628
 2019334     64     72  50001      0     64  2004047    9356
 2019335     64     72  50001      0     64  2004048   10084
 2019336     64     72  50001      0     64  2004049   10812
 2019337     64     72  50001      0     64  2004050   11540
 2019338     64     72  50001      0     64  2004074   12001
 2019339     64     72  50001      0     64  2004075   12396
 2019340     64     72  50001      0     64  2004076   12791
 2019341     64     72  50001      0     64  2004077   13186
 2019342     64     72  50001      0     64  2004078   13581
 2019343     64     72  50001      0     64  2004079   13976
 2019344     64     72  50001      0     64  2004098 2004155
 2019345     64     72  50001      0     64  2004137 2004156
 2019346     64     72  50001      0     64  2004115 2004158
 2019347     64     72  50001      0     64  2004144 2004159
 2019348     64     72  50001      0     64  2004099     633
 2019349     64     72  50001      0     64  2004100    1361
 2019350     64     72  50001      0     64  2004101    2089
 2019351     64     72  50001      0     64  2004102    2817
 2019352     64     72  50001      0     64  2004103    3545
 2019353     64     72  50001      0     64  2004104    4273
 2019354     64     72  50001      0     64  2004105    5001
 2019355     64     72  50001      0     64  2004106    5729
 2019356     64     72  50001      0     64  2004107    6457
 2019357     64     72  50001      0     64  2004108    7185
 2019358     64     72  50001      0     64  2004109    7913
 2019359     64     72  50001      0     64  2004110    8641
 2019360     64     72  50001      0     64  2004111    9369
 2019361     64     72  50001      0     64  2004112   10097
 2019362     64     72  50001      0     64  2004113   10825
 2019363     64     72  50001      0     64  2004114   11553
 2019364     64     72  50001      0     64  2004138   12006
 2019365     64     72  50001      0     64  2004139   12401
 2019366     64     72  50001      0     64  2004140   12796
 2019367     64     72  50001      0     64  2004141   13191
 2019368     64     72  50001      0     64  2004142   13586
 2019369     64     72  50001      0     64  2004143   13981
 2019370     64     72  50001      0     64  2004162 2004219
 2019371     64     72  50001      0     64  2004201 2004220
 2019372     64     72  50001      0     64  2004179 2004222
 2019373     64     72  50001      0     64  2004208 2004223
 2019374     64     72  50001      0     64  2004163     646
 2019375     64     72  50001      0     64  2004164    1374
 2019376     64     72  50001      0     64  2004165    2102
 2019377     64     72  50001      0     64  2004166    2830
 2019378     64     72  50001      0     64  2004167    3558
 2019379     64     72  50001      0     64  2004168    4286

 *** MAPDL - ENGINEERING ANALYSIS SYSTEM  RELEASE 2026 R1          26.1     ***
 Ansys Mechanical Enterprise                       
 20120530  VERSION=WINDOWS x64   12:12:18  AUG 02, 2026 Elapsed Time=     13.368

 C10 A0 CURRENT TYPE72 S10 DIRECT SPATIAL GRAVITY RAMP STATIC ONLY NRRE        


 
    ELEM    MAT    TYP    REL    ESY    SEC        NODES
 
 2019380     64     72  50001      0     64  2004169    5014
 2019381     64     72  50001      0     64  2004170    5742
 2019382     64     72  50001      0     64  2004171    6470
 2019383     64     72  50001      0     64  2004172    7198
 2019384     64     72  50001      0     64  2004173    7926
 2019385     64     72  50001      0     64  2004174    8654
 2019386     64     72  50001      0     64  2004175    9382
 2019387     64     72  50001      0     64  2004176   10110
 2019388     64     72  50001      0     64  2004177   10838
 2019389     64     72  50001      0     64  2004178   11566
 2019390     64     72  50001      0     64  2004202   12011
 2019391     64     72  50001      0     64  2004203   12406
 2019392     64     72  50001      0     64  2004204   12801
 2019393     64     72  50001      0     64  2004205   13196
 2019394     64     72  50001      0     64  2004206   13591
 2019395     64     72  50001      0     64  2004207   13986
 2019396     64     72  50001      0     64  2004226 2004283
 2019397     64     72  50001      0     64  2004265 2004284
 2019398     64     72  50001      0     64  2004243 2004286
 2019399     64     72  50001      0     64  2004272 2004287
 2019400     64     72  50001      0     64  2004227     659
 2019401     64     72  50001      0     64  2004228    1387
 2019402     64     72  50001      0     64  2004229    2115
 2019403     64     72  50001      0     64  2004230    2843
 2019404     64     72  50001      0     64  2004231    3571
 2019405     64     72  50001      0     64  2004232    4299
 2019406     64     72  50001      0     64  2004233    5027
 2019407     64     72  50001      0     64  2004234    5755
 2019408     64     72  50001      0     64  2004235    6483
 2019409     64     72  50001      0     64  2004236    7211
 2019410     64     72  50001      0     64  2004237    7939
 2019411     64     72  50001      0     64  2004238    8667
 2019412     64     72  50001      0     64  2004239    9395
 2019413     64     72  50001      0     64  2004240   10123
 2019414     64     72  50001      0     64  2004241   10851
 2019415     64     72  50001      0     64  2004242   11579
 2019416     64     72  50001      0     64  2004266   12016
 2019417     64     72  50001      0     64  2004267   12411
 2019418     64     72  50001      0     64  2004268   12806
 2019419     64     72  50001      0     64  2004269   13201
 2019420     64     72  50001      0     64  2004270   13596
 2019421     64     72  50001      0     64  2004271   13991
 2019422     64     72  50001      0     64  2004290 2004347
 2019423     64     72  50001      0     64  2004329 2004348
 2019424     64     72  50001      0     64  2004307 2004350
 2019425     64     72  50001      0     64  2004336 2004351
 2019426     64     72  50001      0     64  2004291     672
 2019427     64     72  50001      0     64  2004292    1400
 2019428     64     72  50001      0     64  2004293    2128
 2019429     64     72  50001      0     64  2004294    2856

 *** MAPDL - ENGINEERING ANALYSIS SYSTEM  RELEASE 2026 R1          26.1     ***
 Ansys Mechanical Enterprise                       
 20120530  VERSION=WINDOWS x64   12:12:18  AUG 02, 2026 Elapsed Time=     13.368

 C10 A0 CURRENT TYPE72 S10 DIRECT SPATIAL GRAVITY RAMP STATIC ONLY NRRE        


 
    ELEM    MAT    TYP    REL    ESY    SEC        NODES
 
 2019430     64     72  50001      0     64  2004295    3584
 2019431     64     72  50001      0     64  2004296    4312
 2019432     64     72  50001      0     64  2004297    5040
 2019433     64     72  50001      0     64  2004298    5768
 2019434     64     72  50001      0     64  2004299    6496
 2019435     64     72  50001      0     64  2004300    7224
 2019436     64     72  50001      0     64  2004301    7952
 2019437     64     72  50001      0     64  2004302    8680
 2019438     64     72  50001      0     64  2004303    9408
 2019439     64     72  50001      0     64  2004304   10136
 2019440     64     72  50001      0     64  2004305   10864
 2019441     64     72  50001      0     64  2004306   11592
 2019442     64     72  50001      0     64  2004330   12021
 2019443     64     72  50001      0     64  2004331   12416
 2019444     64     72  50001      0     64  2004332   12811
 2019445     64     72  50001      0     64  2004333   13206
 2019446     64     72  50001      0     64  2004334   13601
 2019447     64     72  50001      0     64  2004335   13996
 2019448     64     72  50001      0     64  2004354 2004411
 2019449     64     72  50001      0     64  2004393 2004412
 2019450     64     72  50001      0     64  2004371 2004414
 2019451     64     72  50001      0     64  2004400 2004415
 2019452     64     72  50001      0     64  2004355     685
 2019453     64     72  50001      0     64  2004356    1413
 2019454     64     72  50001      0     64  2004357    2141
 2019455     64     72  50001      0     64  2004358    2869
 2019456     64     72  50001      0     64  2004359    3597
 2019457     64     72  50001      0     64  2004360    4325
 2019458     64     72  50001      0     64  2004361    5053
 2019459     64     72  50001      0     64  2004362    5781
 2019460     64     72  50001      0     64  2004363    6509
 2019461     64     72  50001      0     64  2004364    7237
 2019462     64     72  50001      0     64  2004365    7965
 2019463     64     72  50001      0     64  2004366    8693
 2019464     64     72  50001      0     64  2004367    9421
 2019465     64     72  50001      0     64  2004368   10149
 2019466     64     72  50001      0     64  2004369   10877
 2019467     64     72  50001      0     64  2004370   11605
 2019468     64     72  50001      0     64  2004394   12026
 2019469     64     72  50001      0     64  2004395   12421
 2019470     64     72  50001      0     64  2004396   12816
 2019471     64     72  50001      0     64  2004397   13211
 2019472     64     72  50001      0     64  2004398   13606
 2019473     64     72  50001      0     64  2004399   14001
 2019474     64     72  50001      0     64  2004418 2004475
 2019475     64     72  50001      0     64  2004457 2004476
 2019476     64     72  50001      0     64  2004435 2004478
 2019477     64     72  50001      0     64  2004464 2004479
 2019478     64     72  50001      0     64  2004419     698
 2019479     64     72  50001      0     64  2004420    1426

 *** MAPDL - ENGINEERING ANALYSIS SYSTEM  RELEASE 2026 R1          26.1     ***
 Ansys Mechanical Enterprise                       
 20120530  VERSION=WINDOWS x64   12:12:18  AUG 02, 2026 Elapsed Time=     13.368

 C10 A0 CURRENT TYPE72 S10 DIRECT SPATIAL GRAVITY RAMP STATIC ONLY NRRE        


 
    ELEM    MAT    TYP    REL    ESY    SEC        NODES
 
 2019480     64     72  50001      0     64  2004421    2154
 2019481     64     72  50001      0     64  2004422    2882
 2019482     64     72  50001      0     64  2004423    3610
 2019483     64     72  50001      0     64  2004424    4338
 2019484     64     72  50001      0     64  2004425    5066
 2019485     64     72  50001      0     64  2004426    5794
 2019486     64     72  50001      0     64  2004427    6522
 2019487     64     72  50001      0     64  2004428    7250
 2019488     64     72  50001      0     64  2004429    7978
 2019489     64     72  50001      0     64  2004430    8706
 2019490     64     72  50001      0     64  2004431    9434
 2019491     64     72  50001      0     64  2004432   10162
 2019492     64     72  50001      0     64  2004433   10890
 2019493     64     72  50001      0     64  2004434   11618
 2019494     64     72  50001      0     64  2004458   12031
 2019495     64     72  50001      0     64  2004459   12426
 2019496     64     72  50001      0     64  2004460   12821
 2019497     64     72  50001      0     64  2004461   13216
 2019498     64     72  50001      0     64  2004462   13611
 2019499     64     72  50001      0     64  2004463   14006
 2019500     64     72  50001      0     64  2004482 2004539
 2019501     64     72  50001      0     64  2004521 2004540
 2019502     64     72  50001      0     64  2004499 2004542
 2019503     64     72  50001      0     64  2004528 2004543
 2019504     64     72  50001      0     64  2004483     711
 2019505     64     72  50001      0     64  2004484    1439
 2019506     64     72  50001      0     64  2004485    2167
 2019507     64     72  50001      0     64  2004486    2895
 2019508     64     72  50001      0     64  2004487    3623
 2019509     64     72  50001      0     64  2004488    4351
 2019510     64     72  50001      0     64  2004489    5079
 2019511     64     72  50001      0     64  2004490    5807
 2019512     64     72  50001      0     64  2004491    6535
 2019513     64     72  50001      0     64  2004492    7263
 2019514     64     72  50001      0     64  2004493    7991
 2019515     64     72  50001      0     64  2004494    8719
 2019516     64     72  50001      0     64  2004495    9447
 2019517     64     72  50001      0     64  2004496   10175
 2019518     64     72  50001      0     64  2004497   10903
 2019519     64     72  50001      0     64  2004498   11631
 2019520     64     72  50001      0     64  2004522   12036
 2019521     64     72  50001      0     64  2004523   12431
 2019522     64     72  50001      0     64  2004524   12826
 2019523     64     72  50001      0     64  2004525   13221
 2019524     64     72  50001      0     64  2004526   13616
 2019525     64     72  50001      0     64  2004527   14011
 2019526     64     72  50001      0     64  2004546 2004603
 2019527     64     72  50001      0     64  2004585 2004604
 2019528     64     72  50001      0     64  2004563 2004606
 2019529     64     72  50001      0     64  2004592 2004607

 *** MAPDL - ENGINEERING ANALYSIS SYSTEM  RELEASE 2026 R1          26.1     ***
 Ansys Mechanical Enterprise                       
 20120530  VERSION=WINDOWS x64   12:12:18  AUG 02, 2026 Elapsed Time=     13.368

 C10 A0 CURRENT TYPE72 S10 DIRECT SPATIAL GRAVITY RAMP STATIC ONLY NRRE        


 
    ELEM    MAT    TYP    REL    ESY    SEC        NODES
 
 2019530     64     72  50001      0     64  2004547   14034
 2019531     64     72  50001      0     64  2004548   14762
 2019532     64     72  50001      0     64  2004549   15490
 2019533     64     72  50001      0     64  2004550   16218
 2019534     64     72  50001      0     64  2004551   16946
 2019535     64     72  50001      0     64  2004552   17674
 2019536     64     72  50001      0     64  2004553   18402
 2019537     64     72  50001      0     64  2004554   19130
 2019538     64     72  50001      0     64  2004555   19858
 2019539     64     72  50001      0     64  2004556   20586
 2019540     64     72  50001      0     64  2004557   21314
 2019541     64     72  50001      0     64  2004558   22042
 2019542     64     72  50001      0     64  2004559   22770
 2019543     64     72  50001      0     64  2004560   23498
 2019544     64     72  50001      0     64  2004561   24226
 2019545     64     72  50001      0     64  2004562   24954
 2019546     64     72  50001      0     64  2004586   25674
 2019547     64     72  50001      0     64  2004587   26069
 2019548     64     72  50001      0     64  2004588   26464
 2019549     64     72  50001      0     64  2004589   26859
 2019550     64     72  50001      0     64  2004590   27254
 2019551     64     72  50001      0     64  2004591   27649
 2019552     64     72  50001      0     64  2004610 2004667
 2019553     64     72  50001      0     64  2004649 2004668
 2019554     64     72  50001      0     64  2004627 2004670
 2019555     64     72  50001      0     64  2004656 2004671
 2019556     64     72  50001      0     64  2004611   14047
 2019557     64     72  50001      0     64  2004612   14775
 2019558     64     72  50001      0     64  2004613   15503
 2019559     64     72  50001      0     64  2004614   16231
 2019560     64     72  50001      0     64  2004615   16959
 2019561     64     72  50001      0     64  2004616   17687
 2019562     64     72  50001      0     64  2004617   18415
 2019563     64     72  50001      0     64  2004618   19143
 2019564     64     72  50001      0     64  2004619   19871
 2019565     64     72  50001      0     64  2004620   20599
 2019566     64     72  50001      0     64  2004621   21327
 2019567     64     72  50001      0     64  2004622   22055
 2019568     64     72  50001      0     64  2004623   22783
 2019569     64     72  50001      0     64  2004624   23511
 2019570     64     72  50001      0     64  2004625   24239
 2019571     64     72  50001      0     64  2004626   24967
 2019572     64     72  50001      0     64  2004650   25679
 2019573     64     72  50001      0     64  2004651   26074
 2019574     64     72  50001      0     64  2004652   26469
 2019575     64     72  50001      0     64  2004653   26864
 2019576     64     72  50001      0     64  2004654   27259
 2019577     64     72  50001      0     64  2004655   27654
 2019578     64     72  50001      0     64  2004674 2004731
 2019579     64     72  50001      0     64  2004713 2004732

 *** MAPDL - ENGINEERING ANALYSIS SYSTEM  RELEASE 2026 R1          26.1     ***
 Ansys Mechanical Enterprise                       
 20120530  VERSION=WINDOWS x64   12:12:18  AUG 02, 2026 Elapsed Time=     13.368

 C10 A0 CURRENT TYPE72 S10 DIRECT SPATIAL GRAVITY RAMP STATIC ONLY NRRE        


 
    ELEM    MAT    TYP    REL    ESY    SEC        NODES
 
 2019580     64     72  50001      0     64  2004691 2004734
 2019581     64     72  50001      0     64  2004720 2004735
 2019582     64     72  50001      0     64  2004675   14060
 2019583     64     72  50001      0     64  2004676   14788
 2019584     64     72  50001      0     64  2004677   15516
 2019585     64     72  50001      0     64  2004678   16244
 2019586     64     72  50001      0     64  2004679   16972
 2019587     64     72  50001      0     64  2004680   17700
 2019588     64     72  50001      0     64  2004681   18428
 2019589     64     72  50001      0     64  2004682   19156
 2019590     64     72  50001      0     64  2004683   19884
 2019591     64     72  50001      0     64  2004684   20612
 2019592     64     72  50001      0     64  2004685   21340
 2019593     64     72  50001      0     64  2004686   22068
 2019594     64     72  50001      0     64  2004687   22796
 2019595     64     72  50001      0     64  2004688   23524
 2019596     64     72  50001      0     64  2004689   24252
 2019597     64     72  50001      0     64  2004690   24980
 2019598     64     72  50001      0     64  2004714   25684
 2019599     64     72  50001      0     64  2004715   26079
 2019600     64     72  50001      0     64  2004716   26474
 2019601     64     72  50001      0     64  2004717   26869
 2019602     64     72  50001      0     64  2004718   27264
 2019603     64     72  50001      0     64  2004719   27659
 2019604     64     72  50001      0     64  2004738 2004795
 2019605     64     72  50001      0     64  2004777 2004796
 2019606     64     72  50001      0     64  2004755 2004798
 2019607     64     72  50001      0     64  2004784 2004799
 2019608     64     72  50001      0     64  2004739   14073
 2019609     64     72  50001      0     64  2004740   14801
 2019610     64     72  50001      0     64  2004741   15529
 2019611     64     72  50001      0     64  2004742   16257
 2019612     64     72  50001      0     64  2004743   16985
 2019613     64     72  50001      0     64  2004744   17713
 2019614     64     72  50001      0     64  2004745   18441
 2019615     64     72  50001      0     64  2004746   19169
 2019616     64     72  50001      0     64  2004747   19897
 2019617     64     72  50001      0     64  2004748   20625
 2019618     64     72  50001      0     64  2004749   21353
 2019619     64     72  50001      0     64  2004750   22081
 2019620     64     72  50001      0     64  2004751   22809
 2019621     64     72  50001      0     64  2004752   23537
 2019622     64     72  50001      0     64  2004753   24265
 2019623     64     72  50001      0     64  2004754   24993
 2019624     64     72  50001      0     64  2004778   25689
 2019625     64     72  50001      0     64  2004779   26084
 2019626     64     72  50001      0     64  2004780   26479
 2019627     64     72  50001      0     64  2004781   26874
 2019628     64     72  50001      0     64  2004782   27269
 2019629     64     72  50001      0     64  2004783   27664

 *** MAPDL - ENGINEERING ANALYSIS SYSTEM  RELEASE 2026 R1          26.1     ***
 Ansys Mechanical Enterprise                       
 20120530  VERSION=WINDOWS x64   12:12:18  AUG 02, 2026 Elapsed Time=     13.368

 C10 A0 CURRENT TYPE72 S10 DIRECT SPATIAL GRAVITY RAMP STATIC ONLY NRRE        


 
    ELEM    MAT    TYP    REL    ESY    SEC        NODES
 
 2019630     64     72  50001      0     64  2004802 2004859
 2019631     64     72  50001      0     64  2004841 2004860
 2019632     64     72  50001      0     64  2004819 2004862
 2019633     64     72  50001      0     64  2004848 2004863
 2019634     64     72  50001      0     64  2004803   14086
 2019635     64     72  50001      0     64  2004804   14814
 2019636     64     72  50001      0     64  2004805   15542
 2019637     64     72  50001      0     64  2004806   16270
 2019638     64     72  50001      0     64  2004807   16998
 2019639     64     72  50001      0     64  2004808   17726
 2019640     64     72  50001      0     64  2004809   18454
 2019641     64     72  50001      0     64  2004810   19182
 2019642     64     72  50001      0     64  2004811   19910
 2019643     64     72  50001      0     64  2004812   20638
 2019644     64     72  50001      0     64  2004813   21366
 2019645     64     72  50001      0     64  2004814   22094
 2019646     64     72  50001      0     64  2004815   22822
 2019647     64     72  50001      0     64  2004816   23550
 2019648     64     72  50001      0     64  2004817   24278
 2019649     64     72  50001      0     64  2004818   25006
 2019650     64     72  50001      0     64  2004842   25694
 2019651     64     72  50001      0     64  2004843   26089
 2019652     64     72  50001      0     64  2004844   26484
 2019653     64     72  50001      0     64  2004845   26879
 2019654     64     72  50001      0     64  2004846   27274
 2019655     64     72  50001      0     64  2004847   27669
 2019656     64     72  50001      0     64  2004866 2004923
 2019657     64     72  50001      0     64  2004905 2004924
 2019658     64     72  50001      0     64  2004883 2004926
 2019659     64     72  50001      0     64  2004912 2004927
 2019660     64     72  50001      0     64  2004867   14099
 2019661     64     72  50001      0     64  2004868   14827
 2019662     64     72  50001      0     64  2004869   15555
 2019663     64     72  50001      0     64  2004870   16283
 2019664     64     72  50001      0     64  2004871   17011
 2019665     64     72  50001      0     64  2004872   17739
 2019666     64     72  50001      0     64  2004873   18467
 2019667     64     72  50001      0     64  2004874   19195
 2019668     64     72  50001      0     64  2004875   19923
 2019669     64     72  50001      0     64  2004876   20651
 2019670     64     72  50001      0     64  2004877   21379
 2019671     64     72  50001      0     64  2004878   22107
 2019672     64     72  50001      0     64  2004879   22835
 2019673     64     72  50001      0     64  2004880   23563
 2019674     64     72  50001      0     64  2004881   24291
 2019675     64     72  50001      0     64  2004882   25019
 2019676     64     72  50001      0     64  2004906   25699
 2019677     64     72  50001      0     64  2004907   26094
 2019678     64     72  50001      0     64  2004908   26489
 2019679     64     72  50001      0     64  2004909   26884

 *** MAPDL - ENGINEERING ANALYSIS SYSTEM  RELEASE 2026 R1          26.1     ***
 Ansys Mechanical Enterprise                       
 20120530  VERSION=WINDOWS x64   12:12:18  AUG 02, 2026 Elapsed Time=     13.368

 C10 A0 CURRENT TYPE72 S10 DIRECT SPATIAL GRAVITY RAMP STATIC ONLY NRRE        


 
    ELEM    MAT    TYP    REL    ESY    SEC        NODES
 
 2019680     64     72  50001      0     64  2004910   27279
 2019681     64     72  50001      0     64  2004911   27674
 2019682     64     72  50001      0     64  2004930 2004987
 2019683     64     72  50001      0     64  2004969 2004988
 2019684     64     72  50001      0     64  2004947 2004990
 2019685     64     72  50001      0     64  2004976 2004991
 2019686     64     72  50001      0     64  2004931   14112
 2019687     64     72  50001      0     64  2004932   14840
 2019688     64     72  50001      0     64  2004933   15568
 2019689     64     72  50001      0     64  2004934   16296
 2019690     64     72  50001      0     64  2004935   17024
 2019691     64     72  50001      0     64  2004936   17752
 2019692     64     72  50001      0     64  2004937   18480
 2019693     64     72  50001      0     64  2004938   19208
 2019694     64     72  50001      0     64  2004939   19936
 2019695     64     72  50001      0     64  2004940   20664
 2019696     64     72  50001      0     64  2004941   21392
 2019697     64     72  50001      0     64  2004942   22120
 2019698     64     72  50001      0     64  2004943   22848
 2019699     64     72  50001      0     64  2004944   23576
 2019700     64     72  50001      0     64  2004945   24304
 2019701     64     72  50001      0     64  2004946   25032
 2019702     64     72  50001      0     64  2004970   25704
 2019703     64     72  50001      0     64  2004971   26099
 2019704     64     72  50001      0     64  2004972   26494
 2019705     64     72  50001      0     64  2004973   26889
 2019706     64     72  50001      0     64  2004974   27284
 2019707     64     72  50001      0     64  2004975   27679
 2019708     64     72  50001      0     64  2004994 2005051
 2019709     64     72  50001      0     64  2005033 2005052
 2019710     64     72  50001      0     64  2005011 2005054
 2019711     64     72  50001      0     64  2005040 2005055
 2019712     64     72  50001      0     64  2004995   14125
 2019713     64     72  50001      0     64  2004996   14853
 2019714     64     72  50001      0     64  2004997   15581
 2019715     64     72  50001      0     64  2004998   16309
 2019716     64     72  50001      0     64  2004999   17037
 2019717     64     72  50001      0     64  2005000   17765
 2019718     64     72  50001      0     64  2005001   18493
 2019719     64     72  50001      0     64  2005002   19221
 2019720     64     72  50001      0     64  2005003   19949
 2019721     64     72  50001      0     64  2005004   20677
 2019722     64     72  50001      0     64  2005005   21405
 2019723     64     72  50001      0     64  2005006   22133
 2019724     64     72  50001      0     64  2005007   22861
 2019725     64     72  50001      0     64  2005008   23589
 2019726     64     72  50001      0     64  2005009   24317
 2019727     64     72  50001      0     64  2005010   25045
 2019728     64     72  50001      0     64  2005034   25709
 2019729     64     72  50001      0     64  2005035   26104

 *** MAPDL - ENGINEERING ANALYSIS SYSTEM  RELEASE 2026 R1          26.1     ***
 Ansys Mechanical Enterprise                       
 20120530  VERSION=WINDOWS x64   12:12:18  AUG 02, 2026 Elapsed Time=     13.368

 C10 A0 CURRENT TYPE72 S10 DIRECT SPATIAL GRAVITY RAMP STATIC ONLY NRRE        


 
    ELEM    MAT    TYP    REL    ESY    SEC        NODES
 
 2019730     64     72  50001      0     64  2005036   26499
 2019731     64     72  50001      0     64  2005037   26894
 2019732     64     72  50001      0     64  2005038   27289
 2019733     64     72  50001      0     64  2005039   27684
 2019734     64     72  50001      0     64  2005058 2005115
 2019735     64     72  50001      0     64  2005097 2005116
 2019736     64     72  50001      0     64  2005075 2005118
 2019737     64     72  50001      0     64  2005104 2005119
 2019738     64     72  50001      0     64  2005059   14138
 2019739     64     72  50001      0     64  2005060   14866
 2019740     64     72  50001      0     64  2005061   15594
 2019741     64     72  50001      0     64  2005062   16322
 2019742     64     72  50001      0     64  2005063   17050
 2019743     64     72  50001      0     64  2005064   17778
 2019744     64     72  50001      0     64  2005065   18506
 2019745     64     72  50001      0     64  2005066   19234
 2019746     64     72  50001      0     64  2005067   19962
 2019747     64     72  50001      0     64  2005068   20690
 2019748     64     72  50001      0     64  2005069   21418
 2019749     64     72  50001      0     64  2005070   22146
 2019750     64     72  50001      0     64  2005071   22874
 2019751     64     72  50001      0     64  2005072   23602
 2019752     64     72  50001      0     64  2005073   24330
 2019753     64     72  50001      0     64  2005074   25058
 2019754     64     72  50001      0     64  2005098   25714
 2019755     64     72  50001      0     64  2005099   26109
 2019756     64     72  50001      0     64  2005100   26504
 2019757     64     72  50001      0     64  2005101   26899
 2019758     64     72  50001      0     64  2005102   27294
 2019759     64     72  50001      0     64  2005103   27689
 2019760     64     72  50001      0     64  2005122 2005179
 2019761     64     72  50001      0     64  2005161 2005180
 2019762     64     72  50001      0     64  2005139 2005182
 2019763     64     72  50001      0     64  2005168 2005183
 2019764     64     72  50001      0     64  2005123   14151
 2019765     64     72  50001      0     64  2005124   14879
 2019766     64     72  50001      0     64  2005125   15607
 2019767     64     72  50001      0     64  2005126   16335
 2019768     64     72  50001      0     64  2005127   17063
 2019769     64     72  50001      0     64  2005128   17791
 2019770     64     72  50001      0     64  2005129   18519
 2019771     64     72  50001      0     64  2005130   19247
 2019772     64     72  50001      0     64  2005131   19975
 2019773     64     72  50001      0     64  2005132   20703
 2019774     64     72  50001      0     64  2005133   21431
 2019775     64     72  50001      0     64  2005134   22159
 2019776     64     72  50001      0     64  2005135   22887
 2019777     64     72  50001      0     64  2005136   23615
 2019778     64     72  50001      0     64  2005137   24343
 2019779     64     72  50001      0     64  2005138   25071

 *** MAPDL - ENGINEERING ANALYSIS SYSTEM  RELEASE 2026 R1          26.1     ***
 Ansys Mechanical Enterprise                       
 20120530  VERSION=WINDOWS x64   12:12:18  AUG 02, 2026 Elapsed Time=     13.368

 C10 A0 CURRENT TYPE72 S10 DIRECT SPATIAL GRAVITY RAMP STATIC ONLY NRRE        


 
    ELEM    MAT    TYP    REL    ESY    SEC        NODES
 
 2019780     64     72  50001      0     64  2005162   25719
 2019781     64     72  50001      0     64  2005163   26114
 2019782     64     72  50001      0     64  2005164   26509
 2019783     64     72  50001      0     64  2005165   26904
 2019784     64     72  50001      0     64  2005166   27299
 2019785     64     72  50001      0     64  2005167   27694
 2019786     64     72  50001      0     64  2005186 2005243
 2019787     64     72  50001      0     64  2005225 2005244
 2019788     64     72  50001      0     64  2005203 2005246
 2019789     64     72  50001      0     64  2005232 2005247
 2019790     64     72  50001      0     64  2005187   14164
 2019791     64     72  50001      0     64  2005188   14892
 2019792     64     72  50001      0     64  2005189   15620
 2019793     64     72  50001      0     64  2005190   16348
 2019794     64     72  50001      0     64  2005191   17076
 2019795     64     72  50001      0     64  2005192   17804
 2019796     64     72  50001      0     64  2005193   18532
 2019797     64     72  50001      0     64  2005194   19260
 2019798     64     72  50001      0     64  2005195   19988
 2019799     64     72  50001      0     64  2005196   20716
 2019800     64     72  50001      0     64  2005197   21444
 2019801     64     72  50001      0     64  2005198   22172
 2019802     64     72  50001      0     64  2005199   22900
 2019803     64     72  50001      0     64  2005200   23628
 2019804     64     72  50001      0     64  2005201   24356
 2019805     64     72  50001      0     64  2005202   25084
 2019806     64     72  50001      0     64  2005226   25724
 2019807     64     72  50001      0     64  2005227   26119
 2019808     64     72  50001      0     64  2005228   26514
 2019809     64     72  50001      0     64  2005229   26909
 2019810     64     72  50001      0     64  2005230   27304
 2019811     64     72  50001      0     64  2005231   27699
 2019812     64     72  50001      0     64  2005250 2005307
 2019813     64     72  50001      0     64  2005289 2005308
 2019814     64     72  50001      0     64  2005267 2005310
 2019815     64     72  50001      0     64  2005296 2005311
 2019816     64     72  50001      0     64  2005251   14184
 2019817     64     72  50001      0     64  2005252   14912
 2019818     64     72  50001      0     64  2005253   15640
 2019819     64     72  50001      0     64  2005254   16368
 2019820     64     72  50001      0     64  2005255   17096
 2019821     64     72  50001      0     64  2005256   17824
 2019822     64     72  50001      0     64  2005257   18552
 2019823     64     72  50001      0     64  2005258   19280
 2019824     64     72  50001      0     64  2005259   20008
 2019825     64     72  50001      0     64  2005260   20736
 2019826     64     72  50001      0     64  2005261   21464
 2019827     64     72  50001      0     64  2005262   22192
 2019828     64     72  50001      0     64  2005263   22920
 2019829     64     72  50001      0     64  2005264   23648

 *** MAPDL - ENGINEERING ANALYSIS SYSTEM  RELEASE 2026 R1          26.1     ***
 Ansys Mechanical Enterprise                       
 20120530  VERSION=WINDOWS x64   12:12:18  AUG 02, 2026 Elapsed Time=     13.369

 C10 A0 CURRENT TYPE72 S10 DIRECT SPATIAL GRAVITY RAMP STATIC ONLY NRRE        


 
    ELEM    MAT    TYP    REL    ESY    SEC        NODES
 
 2019830     64     72  50001      0     64  2005265   24376
 2019831     64     72  50001      0     64  2005266   25104
 2019832     64     72  50001      0     64  2005290   25739
 2019833     64     72  50001      0     64  2005291   26134
 2019834     64     72  50001      0     64  2005292   26529
 2019835     64     72  50001      0     64  2005293   26924
 2019836     64     72  50001      0     64  2005294   27319
 2019837     64     72  50001      0     64  2005295   27714
 2019838     64     72  50001      0     64  2005314 2005371
 2019839     64     72  50001      0     64  2005353 2005372
 2019840     64     72  50001      0     64  2005331 2005374
 2019841     64     72  50001      0     64  2005360 2005375
 2019842     64     72  50001      0     64  2005315   14191
 2019843     64     72  50001      0     64  2005316   14919
 2019844     64     72  50001      0     64  2005317   15647
 2019845     64     72  50001      0     64  2005318   16375
 2019846     64     72  50001      0     64  2005319   17103
 2019847     64     72  50001      0     64  2005320   17831
 2019848     64     72  50001      0     64  2005321   18559
 2019849     64     72  50001      0     64  2005322   19287
 2019850     64     72  50001      0     64  2005323   20015
 2019851     64     72  50001      0     64  2005324   20743
 2019852     64     72  50001      0     64  2005325   21471
 2019853     64     72  50001      0     64  2005326   22199
 2019854     64     72  50001      0     64  2005327   22927
 2019855     64     72  50001      0     64  2005328   23655
 2019856     64     72  50001      0     64  2005329   24383
 2019857     64     72  50001      0     64  2005330   25111
 2019858     64     72  50001      0     64  2005354   25744
 2019859     64     72  50001      0     64  2005355   26139
 2019860     64     72  50001      0     64  2005356   26534
 2019861     64     72  50001      0     64  2005357   26929
 2019862     64     72  50001      0     64  2005358   27324
 2019863     64     72  50001      0     64  2005359   27719
 2019864     64     72  50001      0     64  2005378 2005435
 2019865     64     72  50001      0     64  2005417 2005436
 2019866     64     72  50001      0     64  2005395 2005438
 2019867     64     72  50001      0     64  2005424 2005439
 2019868     64     72  50001      0     64  2005379   14198
 2019869     64     72  50001      0     64  2005380   14926
 2019870     64     72  50001      0     64  2005381   15654
 2019871     64     72  50001      0     64  2005382   16382
 2019872     64     72  50001      0     64  2005383   17110
 2019873     64     72  50001      0     64  2005384   17838
 2019874     64     72  50001      0     64  2005385   18566
 2019875     64     72  50001      0     64  2005386   19294
 2019876     64     72  50001      0     64  2005387   20022
 2019877     64     72  50001      0     64  2005388   20750
 2019878     64     72  50001      0     64  2005389   21478
 2019879     64     72  50001      0     64  2005390   22206

 *** MAPDL - ENGINEERING ANALYSIS SYSTEM  RELEASE 2026 R1          26.1     ***
 Ansys Mechanical Enterprise                       
 20120530  VERSION=WINDOWS x64   12:12:18  AUG 02, 2026 Elapsed Time=     13.369

 C10 A0 CURRENT TYPE72 S10 DIRECT SPATIAL GRAVITY RAMP STATIC ONLY NRRE        


 
    ELEM    MAT    TYP    REL    ESY    SEC        NODES
 
 2019880     64     72  50001      0     64  2005391   22934
 2019881     64     72  50001      0     64  2005392   23662
 2019882     64     72  50001      0     64  2005393   24390
 2019883     64     72  50001      0     64  2005394   25118
 2019884     64     72  50001      0     64  2005418   25749
 2019885     64     72  50001      0     64  2005419   26144
 2019886     64     72  50001      0     64  2005420   26539
 2019887     64     72  50001      0     64  2005421   26934
 2019888     64     72  50001      0     64  2005422   27329
 2019889     64     72  50001      0     64  2005423   27724
 2019890     64     72  50001      0     64  2005442 2005499
 2019891     64     72  50001      0     64  2005481 2005500
 2019892     64     72  50001      0     64  2005459 2005502
 2019893     64     72  50001      0     64  2005488 2005503
 2019894     64     72  50001      0     64  2005443   14205
 2019895     64     72  50001      0     64  2005444   14933
 2019896     64     72  50001      0     64  2005445   15661
 2019897     64     72  50001      0     64  2005446   16389
 2019898     64     72  50001      0     64  2005447   17117
 2019899     64     72  50001      0     64  2005448   17845
 2019900     64     72  50001      0     64  2005449   18573
 2019901     64     72  50001      0     64  2005450   19301
 2019902     64     72  50001      0     64  2005451   20029
 2019903     64     72  50001      0     64  2005452   20757
 2019904     64     72  50001      0     64  2005453   21485
 2019905     64     72  50001      0     64  2005454   22213
 2019906     64     72  50001      0     64  2005455   22941
 2019907     64     72  50001      0     64  2005456   23669
 2019908     64     72  50001      0     64  2005457   24397
 2019909     64     72  50001      0     64  2005458   25125
 2019910     64     72  50001      0     64  2005482   25754
 2019911     64     72  50001      0     64  2005483   26149
 2019912     64     72  50001      0     64  2005484   26544
 2019913     64     72  50001      0     64  2005485   26939
 2019914     64     72  50001      0     64  2005486   27334
 2019915     64     72  50001      0     64  2005487   27729
 2019916     64     72  50001      0     64  2005506 2005563
 2019917     64     72  50001      0     64  2005545 2005564
 2019918     64     72  50001      0     64  2005523 2005566
 2019919     64     72  50001      0     64  2005552 2005567
 2019920     64     72  50001      0     64  2005507   14212
 2019921     64     72  50001      0     64  2005508   14940
 2019922     64     72  50001      0     64  2005509   15668
 2019923     64     72  50001      0     64  2005510   16396
 2019924     64     72  50001      0     64  2005511   17124
 2019925     64     72  50001      0     64  2005512   17852
 2019926     64     72  50001      0     64  2005513   18580
 2019927     64     72  50001      0     64  2005514   19308
 2019928     64     72  50001      0     64  2005515   20036
 2019929     64     72  50001      0     64  2005516   20764

 *** MAPDL - ENGINEERING ANALYSIS SYSTEM  RELEASE 2026 R1          26.1     ***
 Ansys Mechanical Enterprise                       
 20120530  VERSION=WINDOWS x64   12:12:18  AUG 02, 2026 Elapsed Time=     13.369

 C10 A0 CURRENT TYPE72 S10 DIRECT SPATIAL GRAVITY RAMP STATIC ONLY NRRE        


 
    ELEM    MAT    TYP    REL    ESY    SEC        NODES
 
 2019930     64     72  50001      0     64  2005517   21492
 2019931     64     72  50001      0     64  2005518   22220
 2019932     64     72  50001      0     64  2005519   22948
 2019933     64     72  50001      0     64  2005520   23676
 2019934     64     72  50001      0     64  2005521   24404
 2019935     64     72  50001      0     64  2005522   25132
 2019936     64     72  50001      0     64  2005546   25759
 2019937     64     72  50001      0     64  2005547   26154
 2019938     64     72  50001      0     64  2005548   26549
 2019939     64     72  50001      0     64  2005549   26944
 2019940     64     72  50001      0     64  2005550   27339
 2019941     64     72  50001      0     64  2005551   27734
 2019942     64     72  50001      0     64  2005570 2005627
 2019943     64     72  50001      0     64  2005609 2005628
 2019944     64     72  50001      0     64  2005587 2005630
 2019945     64     72  50001      0     64  2005616 2005631
 2019946     64     72  50001      0     64  2005571   14219
 2019947     64     72  50001      0     64  2005572   14947
 2019948     64     72  50001      0     64  2005573   15675
 2019949     64     72  50001      0     64  2005574   16403
 2019950     64     72  50001      0     64  2005575   17131
 2019951     64     72  50001      0     64  2005576   17859
 2019952     64     72  50001      0     64  2005577   18587
 2019953     64     72  50001      0     64  2005578   19315
 2019954     64     72  50001      0     64  2005579   20043
 2019955     64     72  50001      0     64  2005580   20771
 2019956     64     72  50001      0     64  2005581   21499
 2019957     64     72  50001      0     64  2005582   22227
 2019958     64     72  50001      0     64  2005583   22955
 2019959     64     72  50001      0     64  2005584   23683
 2019960     64     72  50001      0     64  2005585   24411
 2019961     64     72  50001      0     64  2005586   25139
 2019962     64     72  50001      0     64  2005610   25764
 2019963     64     72  50001      0     64  2005611   26159
 2019964     64     72  50001      0     64  2005612   26554
 2019965     64     72  50001      0     64  2005613   26949
 2019966     64     72  50001      0     64  2005614   27344
 2019967     64     72  50001      0     64  2005615   27739
 2019968     64     72  50001      0     64  2005634 2005691
 2019969     64     72  50001      0     64  2005673 2005692
 2019970     64     72  50001      0     64  2005651 2005694
 2019971     64     72  50001      0     64  2005680 2005695
 2019972     64     72  50001      0     64  2005635   14226
 2019973     64     72  50001      0     64  2005636   14954
 2019974     64     72  50001      0     64  2005637   15682
 2019975     64     72  50001      0     64  2005638   16410
 2019976     64     72  50001      0     64  2005639   17138
 2019977     64     72  50001      0     64  2005640   17866
 2019978     64     72  50001      0     64  2005641   18594
 2019979     64     72  50001      0     64  2005642   19322

 *** MAPDL - ENGINEERING ANALYSIS SYSTEM  RELEASE 2026 R1          26.1     ***
 Ansys Mechanical Enterprise                       
 20120530  VERSION=WINDOWS x64   12:12:18  AUG 02, 2026 Elapsed Time=     13.369

 C10 A0 CURRENT TYPE72 S10 DIRECT SPATIAL GRAVITY RAMP STATIC ONLY NRRE        


 
    ELEM    MAT    TYP    REL    ESY    SEC        NODES
 
 2019980     64     72  50001      0     64  2005643   20050
 2019981     64     72  50001      0     64  2005644   20778
 2019982     64     72  50001      0     64  2005645   21506
 2019983     64     72  50001      0     64  2005646   22234
 2019984     64     72  50001      0     64  2005647   22962
 2019985     64     72  50001      0     64  2005648   23690
 2019986     64     72  50001      0     64  2005649   24418
 2019987     64     72  50001      0     64  2005650   25146
 2019988     64     72  50001      0     64  2005674   25769
 2019989     64     72  50001      0     64  2005675   26164
 2019990     64     72  50001      0     64  2005676   26559
 2019991     64     72  50001      0     64  2005677   26954
 2019992     64     72  50001      0     64  2005678   27349
 2019993     64     72  50001      0     64  2005679   27744
 2019994     64     72  50001      0     64  2005698 2005755
 2019995     64     72  50001      0     64  2005737 2005756
 2019996     64     72  50001      0     64  2005715 2005758
 2019997     64     72  50001      0     64  2005744 2005759
 2019998     64     72  50001      0     64  2005699   14233
 2019999     64     72  50001      0     64  2005700   14961
 2020000     64     72  50001      0     64  2005701   15689
 2020001     64     72  50001      0     64  2005702   16417
 2020002     64     72  50001      0     64  2005703   17145
 2020003     64     72  50001      0     64  2005704   17873
 2020004     64     72  50001      0     64  2005705   18601
 2020005     64     72  50001      0     64  2005706   19329
 2020006     64     72  50001      0     64  2005707   20057
 2020007     64     72  50001      0     64  2005708   20785
 2020008     64     72  50001      0     64  2005709   21513
 2020009     64     72  50001      0     64  2005710   22241
 2020010     64     72  50001      0     64  2005711   22969
 2020011     64     72  50001      0     64  2005712   23697
 2020012     64     72  50001      0     64  2005713   24425
 2020013     64     72  50001      0     64  2005714   25153
 2020014     64     72  50001      0     64  2005738   25774
 2020015     64     72  50001      0     64  2005739   26169
 2020016     64     72  50001      0     64  2005740   26564
 2020017     64     72  50001      0     64  2005741   26959
 2020018     64     72  50001      0     64  2005742   27354
 2020019     64     72  50001      0     64  2005743   27749
 2020020     64     72  50001      0     64  2005762 2005819
 2020021     64     72  50001      0     64  2005801 2005820
 2020022     64     72  50001      0     64  2005779 2005822
 2020023     64     72  50001      0     64  2005808 2005823
 2020024     64     72  50001      0     64  2005763   14240
 2020025     64     72  50001      0     64  2005764   14968
 2020026     64     72  50001      0     64  2005765   15696
 2020027     64     72  50001      0     64  2005766   16424
 2020028     64     72  50001      0     64  2005767   17152
 2020029     64     72  50001      0     64  2005768   17880

 *** MAPDL - ENGINEERING ANALYSIS SYSTEM  RELEASE 2026 R1          26.1     ***
 Ansys Mechanical Enterprise                       
 20120530  VERSION=WINDOWS x64   12:12:18  AUG 02, 2026 Elapsed Time=     13.369

 C10 A0 CURRENT TYPE72 S10 DIRECT SPATIAL GRAVITY RAMP STATIC ONLY NRRE        


 
    ELEM    MAT    TYP    REL    ESY    SEC        NODES
 
 2020030     64     72  50001      0     64  2005769   18608
 2020031     64     72  50001      0     64  2005770   19336
 2020032     64     72  50001      0     64  2005771   20064
 2020033     64     72  50001      0     64  2005772   20792
 2020034     64     72  50001      0     64  2005773   21520
 2020035     64     72  50001      0     64  2005774   22248
 2020036     64     72  50001      0     64  2005775   22976
 2020037     64     72  50001      0     64  2005776   23704
 2020038     64     72  50001      0     64  2005777   24432
 2020039     64     72  50001      0     64  2005778   25160
 2020040     64     72  50001      0     64  2005802   25779
 2020041     64     72  50001      0     64  2005803   26174
 2020042     64     72  50001      0     64  2005804   26569
 2020043     64     72  50001      0     64  2005805   26964
 2020044     64     72  50001      0     64  2005806   27359
 2020045     64     72  50001      0     64  2005807   27754
 2020046     64     72  50001      0     64  2005826 2005883
 2020047     64     72  50001      0     64  2005865 2005884
 2020048     64     72  50001      0     64  2005843 2005886
 2020049     64     72  50001      0     64  2005872 2005887
 2020050     64     72  50001      0     64  2005827   14247
 2020051     64     72  50001      0     64  2005828   14975
 2020052     64     72  50001      0     64  2005829   15703
 2020053     64     72  50001      0     64  2005830   16431
 2020054     64     72  50001      0     64  2005831   17159
 2020055     64     72  50001      0     64  2005832   17887
 2020056     64     72  50001      0     64  2005833   18615
 2020057     64     72  50001      0     64  2005834   19343
 2020058     64     72  50001      0     64  2005835   20071
 2020059     64     72  50001      0     64  2005836   20799
 2020060     64     72  50001      0     64  2005837   21527
 2020061     64     72  50001      0     64  2005838   22255
 2020062     64     72  50001      0     64  2005839   22983
 2020063     64     72  50001      0     64  2005840   23711
 2020064     64     72  50001      0     64  2005841   24439
 2020065     64     72  50001      0     64  2005842   25167
 2020066     64     72  50001      0     64  2005866   25784
 2020067     64     72  50001      0     64  2005867   26179
 2020068     64     72  50001      0     64  2005868   26574
 2020069     64     72  50001      0     64  2005869   26969
 2020070     64     72  50001      0     64  2005870   27364
 2020071     64     72  50001      0     64  2005871   27759
 2020072     64     72  50001      0     64  2005890 2005947
 2020073     64     72  50001      0     64  2005929 2005948
 2020074     64     72  50001      0     64  2005907 2005950
 2020075     64     72  50001      0     64  2005936 2005951
 2020076     64     72  50001      0     64  2005891   14254
 2020077     64     72  50001      0     64  2005892   14982
 2020078     64     72  50001      0     64  2005893   15710
 2020079     64     72  50001      0     64  2005894   16438

 *** MAPDL - ENGINEERING ANALYSIS SYSTEM  RELEASE 2026 R1          26.1     ***
 Ansys Mechanical Enterprise                       
 20120530  VERSION=WINDOWS x64   12:12:18  AUG 02, 2026 Elapsed Time=     13.369

 C10 A0 CURRENT TYPE72 S10 DIRECT SPATIAL GRAVITY RAMP STATIC ONLY NRRE        


 
    ELEM    MAT    TYP    REL    ESY    SEC        NODES
 
 2020080     64     72  50001      0     64  2005895   17166
 2020081     64     72  50001      0     64  2005896   17894
 2020082     64     72  50001      0     64  2005897   18622
 2020083     64     72  50001      0     64  2005898   19350
 2020084     64     72  50001      0     64  2005899   20078
 2020085     64     72  50001      0     64  2005900   20806
 2020086     64     72  50001      0     64  2005901   21534
 2020087     64     72  50001      0     64  2005902   22262
 2020088     64     72  50001      0     64  2005903   22990
 2020089     64     72  50001      0     64  2005904   23718
 2020090     64     72  50001      0     64  2005905   24446
 2020091     64     72  50001      0     64  2005906   25174
 2020092     64     72  50001      0     64  2005930   25789
 2020093     64     72  50001      0     64  2005931   26184
 2020094     64     72  50001      0     64  2005932   26579
 2020095     64     72  50001      0     64  2005933   26974
 2020096     64     72  50001      0     64  2005934   27369
 2020097     64     72  50001      0     64  2005935   27764
 2020098     64     72  50001      0     64  2005954 2006011
 2020099     64     72  50001      0     64  2005993 2006012
 2020100     64     72  50001      0     64  2005971 2006014
 2020101     64     72  50001      0     64  2006000 2006015
 2020102     64     72  50001      0     64  2005955   14261
 2020103     64     72  50001      0     64  2005956   14989
 2020104     64     72  50001      0     64  2005957   15717
 2020105     64     72  50001      0     64  2005958   16445
 2020106     64     72  50001      0     64  2005959   17173
 2020107     64     72  50001      0     64  2005960   17901
 2020108     64     72  50001      0     64  2005961   18629
 2020109     64     72  50001      0     64  2005962   19357
 2020110     64     72  50001      0     64  2005963   20085
 2020111     64     72  50001      0     64  2005964   20813
 2020112     64     72  50001      0     64  2005965   21541
 2020113     64     72  50001      0     64  2005966   22269
 2020114     64     72  50001      0     64  2005967   22997
 2020115     64     72  50001      0     64  2005968   23725
 2020116     64     72  50001      0     64  2005969   24453
 2020117     64     72  50001      0     64  2005970   25181
 2020118     64     72  50001      0     64  2005994   25794
 2020119     64     72  50001      0     64  2005995   26189
 2020120     64     72  50001      0     64  2005996   26584
 2020121     64     72  50001      0     64  2005997   26979
 2020122     64     72  50001      0     64  2005998   27374
 2020123     64     72  50001      0     64  2005999   27769
 2020124     64     72  50001      0     64  2006018 2006075
 2020125     64     72  50001      0     64  2006057 2006076
 2020126     64     72  50001      0     64  2006035 2006078
 2020127     64     72  50001      0     64  2006064 2006079
 2020128     64     72  50001      0     64  2006019   14267
 2020129     64     72  50001      0     64  2006020   14995

 *** MAPDL - ENGINEERING ANALYSIS SYSTEM  RELEASE 2026 R1          26.1     ***
 Ansys Mechanical Enterprise                       
 20120530  VERSION=WINDOWS x64   12:12:18  AUG 02, 2026 Elapsed Time=     13.369

 C10 A0 CURRENT TYPE72 S10 DIRECT SPATIAL GRAVITY RAMP STATIC ONLY NRRE        


 
    ELEM    MAT    TYP    REL    ESY    SEC        NODES
 
 2020130     64     72  50001      0     64  2006021   15723
 2020131     64     72  50001      0     64  2006022   16451
 2020132     64     72  50001      0     64  2006023   17179
 2020133     64     72  50001      0     64  2006024   17907
 2020134     64     72  50001      0     64  2006025   18635
 2020135     64     72  50001      0     64  2006026   19363
 2020136     64     72  50001      0     64  2006027   20091
 2020137     64     72  50001      0     64  2006028   20819
 2020138     64     72  50001      0     64  2006029   21547
 2020139     64     72  50001      0     64  2006030   22275
 2020140     64     72  50001      0     64  2006031   23003
 2020141     64     72  50001      0     64  2006032   23731
 2020142     64     72  50001      0     64  2006033   24459
 2020143     64     72  50001      0     64  2006034   25187
 2020144     64     72  50001      0     64  2006058   25799
 2020145     64     72  50001      0     64  2006059   26194
 2020146     64     72  50001      0     64  2006060   26589
 2020147     64     72  50001      0     64  2006061   26984
 2020148     64     72  50001      0     64  2006062   27379
 2020149     64     72  50001      0     64  2006063   27774
 2020150     64     72  50001      0     64  2006082 2006139
 2020151     64     72  50001      0     64  2006121 2006140
 2020152     64     72  50001      0     64  2006099 2006142
 2020153     64     72  50001      0     64  2006128 2006143
 2020154     64     72  50001      0     64  2006083   14274
 2020155     64     72  50001      0     64  2006084   15002
 2020156     64     72  50001      0     64  2006085   15730
 2020157     64     72  50001      0     64  2006086   16458
 2020158     64     72  50001      0     64  2006087   17186
 2020159     64     72  50001      0     64  2006088   17914
 2020160     64     72  50001      0     64  2006089   18642
 2020161     64     72  50001      0     64  2006090   19370
 2020162     64     72  50001      0     64  2006091   20098
 2020163     64     72  50001      0     64  2006092   20826
 2020164     64     72  50001      0     64  2006093   21554
 2020165     64     72  50001      0     64  2006094   22282
 2020166     64     72  50001      0     64  2006095   23010
 2020167     64     72  50001      0     64  2006096   23738
 2020168     64     72  50001      0     64  2006097   24466
 2020169     64     72  50001      0     64  2006098   25194
 2020170     64     72  50001      0     64  2006122   25804
 2020171     64     72  50001      0     64  2006123   26199
 2020172     64     72  50001      0     64  2006124   26594
 2020173     64     72  50001      0     64  2006125   26989
 2020174     64     72  50001      0     64  2006126   27384
 2020175     64     72  50001      0     64  2006127   27779
 2020176     64     72  50001      0     64  2006146 2006203
 2020177     64     72  50001      0     64  2006185 2006204
 2020178     64     72  50001      0     64  2006163 2006206
 2020179     64     72  50001      0     64  2006192 2006207

 *** MAPDL - ENGINEERING ANALYSIS SYSTEM  RELEASE 2026 R1          26.1     ***
 Ansys Mechanical Enterprise                       
 20120530  VERSION=WINDOWS x64   12:12:18  AUG 02, 2026 Elapsed Time=     13.369

 C10 A0 CURRENT TYPE72 S10 DIRECT SPATIAL GRAVITY RAMP STATIC ONLY NRRE        


 
    ELEM    MAT    TYP    REL    ESY    SEC        NODES
 
 2020180     64     72  50001      0     64  2006147   14280
 2020181     64     72  50001      0     64  2006148   15008
 2020182     64     72  50001      0     64  2006149   15736
 2020183     64     72  50001      0     64  2006150   16464
 2020184     64     72  50001      0     64  2006151   17192
 2020185     64     72  50001      0     64  2006152   17920
 2020186     64     72  50001      0     64  2006153   18648
 2020187     64     72  50001      0     64  2006154   19376
 2020188     64     72  50001      0     64  2006155   20104
 2020189     64     72  50001      0     64  2006156   20832
 2020190     64     72  50001      0     64  2006157   21560
 2020191     64     72  50001      0     64  2006158   22288
 2020192     64     72  50001      0     64  2006159   23016
 2020193     64     72  50001      0     64  2006160   23744
 2020194     64     72  50001      0     64  2006161   24472
 2020195     64     72  50001      0     64  2006162   25200
 2020196     64     72  50001      0     64  2006186   25809
 2020197     64     72  50001      0     64  2006187   26204
 2020198     64     72  50001      0     64  2006188   26599
 2020199     64     72  50001      0     64  2006189   26994
 2020200     64     72  50001      0     64  2006190   27389
 2020201     64     72  50001      0     64  2006191   27784
 2020202     64     72  50001      0     64  2006210 2006267
 2020203     64     72  50001      0     64  2006249 2006268
 2020204     64     72  50001      0     64  2006227 2006270
 2020205     64     72  50001      0     64  2006256 2006271
 2020206     64     72  50001      0     64  2006211   14287
 2020207     64     72  50001      0     64  2006212   15015
 2020208     64     72  50001      0     64  2006213   15743
 2020209     64     72  50001      0     64  2006214   16471
 2020210     64     72  50001      0     64  2006215   17199
 2020211     64     72  50001      0     64  2006216   17927
 2020212     64     72  50001      0     64  2006217   18655
 2020213     64     72  50001      0     64  2006218   19383
 2020214     64     72  50001      0     64  2006219   20111
 2020215     64     72  50001      0     64  2006220   20839
 2020216     64     72  50001      0     64  2006221   21567
 2020217     64     72  50001      0     64  2006222   22295
 2020218     64     72  50001      0     64  2006223   23023
 2020219     64     72  50001      0     64  2006224   23751
 2020220     64     72  50001      0     64  2006225   24479
 2020221     64     72  50001      0     64  2006226   25207
 2020222     64     72  50001      0     64  2006250   25814
 2020223     64     72  50001      0     64  2006251   26209
 2020224     64     72  50001      0     64  2006252   26604
 2020225     64     72  50001      0     64  2006253   26999
 2020226     64     72  50001      0     64  2006254   27394
 2020227     64     72  50001      0     64  2006255   27789
 2020228     64     72  50001      0     64  2006274 2006331
 2020229     64     72  50001      0     64  2006313 2006332

 *** MAPDL - ENGINEERING ANALYSIS SYSTEM  RELEASE 2026 R1          26.1     ***
 Ansys Mechanical Enterprise                       
 20120530  VERSION=WINDOWS x64   12:12:18  AUG 02, 2026 Elapsed Time=     13.369

 C10 A0 CURRENT TYPE72 S10 DIRECT SPATIAL GRAVITY RAMP STATIC ONLY NRRE        


 
    ELEM    MAT    TYP    REL    ESY    SEC        NODES
 
 2020230     64     72  50001      0     64  2006291 2006334
 2020231     64     72  50001      0     64  2006320 2006335
 2020232     64     72  50001      0     64  2006275   14294
 2020233     64     72  50001      0     64  2006276   15022
 2020234     64     72  50001      0     64  2006277   15750
 2020235     64     72  50001      0     64  2006278   16478
 2020236     64     72  50001      0     64  2006279   17206
 2020237     64     72  50001      0     64  2006280   17934
 2020238     64     72  50001      0     64  2006281   18662
 2020239     64     72  50001      0     64  2006282   19390
 2020240     64     72  50001      0     64  2006283   20118
 2020241     64     72  50001      0     64  2006284   20846
 2020242     64     72  50001      0     64  2006285   21574
 2020243     64     72  50001      0     64  2006286   22302
 2020244     64     72  50001      0     64  2006287   23030
 2020245     64     72  50001      0     64  2006288   23758
 2020246     64     72  50001      0     64  2006289   24486
 2020247     64     72  50001      0     64  2006290   25214
 2020248     64     72  50001      0     64  2006314   25819
 2020249     64     72  50001      0     64  2006315   26214
 2020250     64     72  50001      0     64  2006316   26609
 2020251     64     72  50001      0     64  2006317   27004
 2020252     64     72  50001      0     64  2006318   27399
 2020253     64     72  50001      0     64  2006319   27794
 2020254     64     72  50001      0     64  2006338 2006395
 2020255     64     72  50001      0     64  2006377 2006396
 2020256     64     72  50001      0     64  2006355 2006398
 2020257     64     72  50001      0     64  2006384 2006399
 2020258     64     72  50001      0     64  2006339   14301
 2020259     64     72  50001      0     64  2006340   15029
 2020260     64     72  50001      0     64  2006341   15757
 2020261     64     72  50001      0     64  2006342   16485
 2020262     64     72  50001      0     64  2006343   17213
 2020263     64     72  50001      0     64  2006344   17941
 2020264     64     72  50001      0     64  2006345   18669
 2020265     64     72  50001      0     64  2006346   19397
 2020266     64     72  50001      0     64  2006347   20125
 2020267     64     72  50001      0     64  2006348   20853
 2020268     64     72  50001      0     64  2006349   21581
 2020269     64     72  50001      0     64  2006350   22309
 2020270     64     72  50001      0     64  2006351   23037
 2020271     64     72  50001      0     64  2006352   23765
 2020272     64     72  50001      0     64  2006353   24493
 2020273     64     72  50001      0     64  2006354   25221
 2020274     64     72  50001      0     64  2006378   25824
 2020275     64     72  50001      0     64  2006379   26219
 2020276     64     72  50001      0     64  2006380   26614
 2020277     64     72  50001      0     64  2006381   27009
 2020278     64     72  50001      0     64  2006382   27404
 2020279     64     72  50001      0     64  2006383   27799

 *** MAPDL - ENGINEERING ANALYSIS SYSTEM  RELEASE 2026 R1          26.1     ***
 Ansys Mechanical Enterprise                       
 20120530  VERSION=WINDOWS x64   12:12:18  AUG 02, 2026 Elapsed Time=     13.369

 C10 A0 CURRENT TYPE72 S10 DIRECT SPATIAL GRAVITY RAMP STATIC ONLY NRRE        


 
    ELEM    MAT    TYP    REL    ESY    SEC        NODES
 
 2020280     64     72  50001      0     64  2006402 2006459
 2020281     64     72  50001      0     64  2006441 2006460
 2020282     64     72  50001      0     64  2006419 2006462
 2020283     64     72  50001      0     64  2006448 2006463
 2020284     64     72  50001      0     64  2006403   14307
 2020285     64     72  50001      0     64  2006404   15035
 2020286     64     72  50001      0     64  2006405   15763
 2020287     64     72  50001      0     64  2006406   16491
 2020288     64     72  50001      0     64  2006407   17219
 2020289     64     72  50001      0     64  2006408   17947
 2020290     64     72  50001      0     64  2006409   18675
 2020291     64     72  50001      0     64  2006410   19403
 2020292     64     72  50001      0     64  2006411   20131
 2020293     64     72  50001      0     64  2006412   20859
 2020294     64     72  50001      0     64  2006413   21587
 2020295     64     72  50001      0     64  2006414   22315
 2020296     64     72  50001      0     64  2006415   23043
 2020297     64     72  50001      0     64  2006416   23771
 2020298     64     72  50001      0     64  2006417   24499
 2020299     64     72  50001      0     64  2006418   25227
 2020300     64     72  50001      0     64  2006442   25829
 2020301     64     72  50001      0     64  2006443   26224
 2020302     64     72  50001      0     64  2006444   26619
 2020303     64     72  50001      0     64  2006445   27014
 2020304     64     72  50001      0     64  2006446   27409
 2020305     64     72  50001      0     64  2006447   27804
 2020306     64     72  50001      0     64  2006466 2006523
 2020307     64     72  50001      0     64  2006505 2006524
 2020308     64     72  50001      0     64  2006483 2006526
 2020309     64     72  50001      0     64  2006512 2006527
 2020310     64     72  50001      0     64  2006467   14314
 2020311     64     72  50001      0     64  2006468   15042
 2020312     64     72  50001      0     64  2006469   15770
 2020313     64     72  50001      0     64  2006470   16498
 2020314     64     72  50001      0     64  2006471   17226
 2020315     64     72  50001      0     64  2006472   17954
 2020316     64     72  50001      0     64  2006473   18682
 2020317     64     72  50001      0     64  2006474   19410
 2020318     64     72  50001      0     64  2006475   20138
 2020319     64     72  50001      0     64  2006476   20866
 2020320     64     72  50001      0     64  2006477   21594
 2020321     64     72  50001      0     64  2006478   22322
 2020322     64     72  50001      0     64  2006479   23050
 2020323     64     72  50001      0     64  2006480   23778
 2020324     64     72  50001      0     64  2006481   24506
 2020325     64     72  50001      0     64  2006482   25234
 2020326     64     72  50001      0     64  2006506   25834
 2020327     64     72  50001      0     64  2006507   26229
 2020328     64     72  50001      0     64  2006508   26624
 2020329     64     72  50001      0     64  2006509   27019

 *** MAPDL - ENGINEERING ANALYSIS SYSTEM  RELEASE 2026 R1          26.1     ***
 Ansys Mechanical Enterprise                       
 20120530  VERSION=WINDOWS x64   12:12:18  AUG 02, 2026 Elapsed Time=     13.369

 C10 A0 CURRENT TYPE72 S10 DIRECT SPATIAL GRAVITY RAMP STATIC ONLY NRRE        


 
    ELEM    MAT    TYP    REL    ESY    SEC        NODES
 
 2020330     64     72  50001      0     64  2006510   27414
 2020331     64     72  50001      0     64  2006511   27809
 2020332     64     72  50001      0     64  2006530 2006587
 2020333     64     72  50001      0     64  2006569 2006588
 2020334     64     72  50001      0     64  2006547 2006590
 2020335     64     72  50001      0     64  2006576 2006591
 2020336     64     72  50001      0     64  2006531   14320
 2020337     64     72  50001      0     64  2006532   15048
 2020338     64     72  50001      0     64  2006533   15776
 2020339     64     72  50001      0     64  2006534   16504
 2020340     64     72  50001      0     64  2006535   17232
 2020341     64     72  50001      0     64  2006536   17960
 2020342     64     72  50001      0     64  2006537   18688
 2020343     64     72  50001      0     64  2006538   19416
 2020344     64     72  50001      0     64  2006539   20144
 2020345     64     72  50001      0     64  2006540   20872
 2020346     64     72  50001      0     64  2006541   21600
 2020347     64     72  50001      0     64  2006542   22328
 2020348     64     72  50001      0     64  2006543   23056
 2020349     64     72  50001      0     64  2006544   23784
 2020350     64     72  50001      0     64  2006545   24512
 2020351     64     72  50001      0     64  2006546   25240
 2020352     64     72  50001      0     64  2006570   25839
 2020353     64     72  50001      0     64  2006571   26234
 2020354     64     72  50001      0     64  2006572   26629
 2020355     64     72  50001      0     64  2006573   27024
 2020356     64     72  50001      0     64  2006574   27419
 2020357     64     72  50001      0     64  2006575   27814
 2020358     64     72  50001      0     64  2006594 2006651
 2020359     64     72  50001      0     64  2006633 2006652
 2020360     64     72  50001      0     64  2006611 2006654
 2020361     64     72  50001      0     64  2006640 2006655
 2020362     64     72  50001      0     64  2006595   14326
 2020363     64     72  50001      0     64  2006596   15054
 2020364     64     72  50001      0     64  2006597   15782
 2020365     64     72  50001      0     64  2006598   16510
 2020366     64     72  50001      0     64  2006599   17238
 2020367     64     72  50001      0     64  2006600   17966
 2020368     64     72  50001      0     64  2006601   18694
 2020369     64     72  50001      0     64  2006602   19422
 2020370     64     72  50001      0     64  2006603   20150
 2020371     64     72  50001      0     64  2006604   20878
 2020372     64     72  50001      0     64  2006605   21606
 2020373     64     72  50001      0     64  2006606   22334
 2020374     64     72  50001      0     64  2006607   23062
 2020375     64     72  50001      0     64  2006608   23790
 2020376     64     72  50001      0     64  2006609   24518
 2020377     64     72  50001      0     64  2006610   25246
 2020378     64     72  50001      0     64  2006634   25844
 2020379     64     72  50001      0     64  2006635   26239

 *** MAPDL - ENGINEERING ANALYSIS SYSTEM  RELEASE 2026 R1          26.1     ***
 Ansys Mechanical Enterprise                       
 20120530  VERSION=WINDOWS x64   12:12:18  AUG 02, 2026 Elapsed Time=     13.369

 C10 A0 CURRENT TYPE72 S10 DIRECT SPATIAL GRAVITY RAMP STATIC ONLY NRRE        


 
    ELEM    MAT    TYP    REL    ESY    SEC        NODES
 
 2020380     64     72  50001      0     64  2006636   26634
 2020381     64     72  50001      0     64  2006637   27029
 2020382     64     72  50001      0     64  2006638   27424
 2020383     64     72  50001      0     64  2006639   27819
 2020384     64     72  50001      0     64  2006658 2006715
 2020385     64     72  50001      0     64  2006697 2006716
 2020386     64     72  50001      0     64  2006675 2006718
 2020387     64     72  50001      0     64  2006704 2006719
 2020388     64     72  50001      0     64  2006659   14333
 2020389     64     72  50001      0     64  2006660   15061
 2020390     64     72  50001      0     64  2006661   15789
 2020391     64     72  50001      0     64  2006662   16517
 2020392     64     72  50001      0     64  2006663   17245
 2020393     64     72  50001      0     64  2006664   17973
 2020394     64     72  50001      0     64  2006665   18701
 2020395     64     72  50001      0     64  2006666   19429
 2020396     64     72  50001      0     64  2006667   20157
 2020397     64     72  50001      0     64  2006668   20885
 2020398     64     72  50001      0     64  2006669   21613
 2020399     64     72  50001      0     64  2006670   22341
 2020400     64     72  50001      0     64  2006671   23069
 2020401     64     72  50001      0     64  2006672   23797
 2020402     64     72  50001      0     64  2006673   24525
 2020403     64     72  50001      0     64  2006674   25253
 2020404     64     72  50001      0     64  2006698   25849
 2020405     64     72  50001      0     64  2006699   26244
 2020406     64     72  50001      0     64  2006700   26639
 2020407     64     72  50001      0     64  2006701   27034
 2020408     64     72  50001      0     64  2006702   27429
 2020409     64     72  50001      0     64  2006703   27824
 2020410     64     72  50001      0     64  2006722 2006779
 2020411     64     72  50001      0     64  2006761 2006780
 2020412     64     72  50001      0     64  2006739 2006782
 2020413     64     72  50001      0     64  2006768 2006783
 2020414     64     72  50001      0     64  2006723   14339
 2020415     64     72  50001      0     64  2006724   15067
 2020416     64     72  50001      0     64  2006725   15795
 2020417     64     72  50001      0     64  2006726   16523
 2020418     64     72  50001      0     64  2006727   17251
 2020419     64     72  50001      0     64  2006728   17979
 2020420     64     72  50001      0     64  2006729   18707
 2020421     64     72  50001      0     64  2006730   19435
 2020422     64     72  50001      0     64  2006731   20163
 2020423     64     72  50001      0     64  2006732   20891
 2020424     64     72  50001      0     64  2006733   21619
 2020425     64     72  50001      0     64  2006734   22347
 2020426     64     72  50001      0     64  2006735   23075
 2020427     64     72  50001      0     64  2006736   23803
 2020428     64     72  50001      0     64  2006737   24531
 2020429     64     72  50001      0     64  2006738   25259

 *** MAPDL - ENGINEERING ANALYSIS SYSTEM  RELEASE 2026 R1          26.1     ***
 Ansys Mechanical Enterprise                       
 20120530  VERSION=WINDOWS x64   12:12:18  AUG 02, 2026 Elapsed Time=     13.369

 C10 A0 CURRENT TYPE72 S10 DIRECT SPATIAL GRAVITY RAMP STATIC ONLY NRRE        


 
    ELEM    MAT    TYP    REL    ESY    SEC        NODES
 
 2020430     64     72  50001      0     64  2006762   25854
 2020431     64     72  50001      0     64  2006763   26249
 2020432     64     72  50001      0     64  2006764   26644
 2020433     64     72  50001      0     64  2006765   27039
 2020434     64     72  50001      0     64  2006766   27434
 2020435     64     72  50001      0     64  2006767   27829
 2020436     64     72  50001      0     64  2006786 2006843
 2020437     64     72  50001      0     64  2006825 2006844
 2020438     64     72  50001      0     64  2006803 2006846
 2020439     64     72  50001      0     64  2006832 2006847
 2020440     64     72  50001      0     64  2006787   14346
 2020441     64     72  50001      0     64  2006788   15074
 2020442     64     72  50001      0     64  2006789   15802
 2020443     64     72  50001      0     64  2006790   16530
 2020444     64     72  50001      0     64  2006791   17258
 2020445     64     72  50001      0     64  2006792   17986
 2020446     64     72  50001      0     64  2006793   18714
 2020447     64     72  50001      0     64  2006794   19442
 2020448     64     72  50001      0     64  2006795   20170
 2020449     64     72  50001      0     64  2006796   20898
 2020450     64     72  50001      0     64  2006797   21626
 2020451     64     72  50001      0     64  2006798   22354
 2020452     64     72  50001      0     64  2006799   23082
 2020453     64     72  50001      0     64  2006800   23810
 2020454     64     72  50001      0     64  2006801   24538
 2020455     64     72  50001      0     64  2006802   25266
 2020456     64     72  50001      0     64  2006826   25859
 2020457     64     72  50001      0     64  2006827   26254
 2020458     64     72  50001      0     64  2006828   26649
 2020459     64     72  50001      0     64  2006829   27044
 2020460     64     72  50001      0     64  2006830   27439
 2020461     64     72  50001      0     64  2006831   27834
 2020462     64     72  50001      0     64  2006850 2006907
 2020463     64     72  50001      0     64  2006889 2006908
 2020464     64     72  50001      0     64  2006867 2006910
 2020465     64     72  50001      0     64  2006896 2006911
 2020466     64     72  50001      0     64  2006851   14353
 2020467     64     72  50001      0     64  2006852   15081
 2020468     64     72  50001      0     64  2006853   15809
 2020469     64     72  50001      0     64  2006854   16537
 2020470     64     72  50001      0     64  2006855   17265
 2020471     64     72  50001      0     64  2006856   17993
 2020472     64     72  50001      0     64  2006857   18721
 2020473     64     72  50001      0     64  2006858   19449
 2020474     64     72  50001      0     64  2006859   20177
 2020475     64     72  50001      0     64  2006860   20905
 2020476     64     72  50001      0     64  2006861   21633
 2020477     64     72  50001      0     64  2006862   22361
 2020478     64     72  50001      0     64  2006863   23089
 2020479     64     72  50001      0     64  2006864   23817

 *** MAPDL - ENGINEERING ANALYSIS SYSTEM  RELEASE 2026 R1          26.1     ***
 Ansys Mechanical Enterprise                       
 20120530  VERSION=WINDOWS x64   12:12:18  AUG 02, 2026 Elapsed Time=     13.369

 C10 A0 CURRENT TYPE72 S10 DIRECT SPATIAL GRAVITY RAMP STATIC ONLY NRRE        


 
    ELEM    MAT    TYP    REL    ESY    SEC        NODES
 
 2020480     64     72  50001      0     64  2006865   24545
 2020481     64     72  50001      0     64  2006866   25273
 2020482     64     72  50001      0     64  2006890   25864
 2020483     64     72  50001      0     64  2006891   26259
 2020484     64     72  50001      0     64  2006892   26654
 2020485     64     72  50001      0     64  2006893   27049
 2020486     64     72  50001      0     64  2006894   27444
 2020487     64     72  50001      0     64  2006895   27839
 2020488     64     72  50001      0     64  2006914 2006971
 2020489     64     72  50001      0     64  2006953 2006972
 2020490     64     72  50001      0     64  2006931 2006974
 2020491     64     72  50001      0     64  2006960 2006975
 2020492     64     72  50001      0     64  2006915   14360
 2020493     64     72  50001      0     64  2006916   15088
 2020494     64     72  50001      0     64  2006917   15816
 2020495     64     72  50001      0     64  2006918   16544
 2020496     64     72  50001      0     64  2006919   17272
 2020497     64     72  50001      0     64  2006920   18000
 2020498     64     72  50001      0     64  2006921   18728
 2020499     64     72  50001      0     64  2006922   19456
 2020500     64     72  50001      0     64  2006923   20184
 2020501     64     72  50001      0     64  2006924   20912
 2020502     64     72  50001      0     64  2006925   21640
 2020503     64     72  50001      0     64  2006926   22368
 2020504     64     72  50001      0     64  2006927   23096
 2020505     64     72  50001      0     64  2006928   23824
 2020506     64     72  50001      0     64  2006929   24552
 2020507     64     72  50001      0     64  2006930   25280
 2020508     64     72  50001      0     64  2006954   25869
 2020509     64     72  50001      0     64  2006955   26264
 2020510     64     72  50001      0     64  2006956   26659
 2020511     64     72  50001      0     64  2006957   27054
 2020512     64     72  50001      0     64  2006958   27449
 2020513     64     72  50001      0     64  2006959   27844
 2020514     64     72  50001      0     64  2006978 2007035
 2020515     64     72  50001      0     64  2007017 2007036
 2020516     64     72  50001      0     64  2006995 2007038
 2020517     64     72  50001      0     64  2007024 2007039
 2020518     64     72  50001      0     64  2006979   14366
 2020519     64     72  50001      0     64  2006980   15094
 2020520     64     72  50001      0     64  2006981   15822
 2020521     64     72  50001      0     64  2006982   16550
 2020522     64     72  50001      0     64  2006983   17278
 2020523     64     72  50001      0     64  2006984   18006
 2020524     64     72  50001      0     64  2006985   18734
 2020525     64     72  50001      0     64  2006986   19462
 2020526     64     72  50001      0     64  2006987   20190
 2020527     64     72  50001      0     64  2006988   20918
 2020528     64     72  50001      0     64  2006989   21646
 2020529     64     72  50001      0     64  2006990   22374

 *** MAPDL - ENGINEERING ANALYSIS SYSTEM  RELEASE 2026 R1          26.1     ***
 Ansys Mechanical Enterprise                       
 20120530  VERSION=WINDOWS x64   12:12:18  AUG 02, 2026 Elapsed Time=     13.369

 C10 A0 CURRENT TYPE72 S10 DIRECT SPATIAL GRAVITY RAMP STATIC ONLY NRRE        


 
    ELEM    MAT    TYP    REL    ESY    SEC        NODES
 
 2020530     64     72  50001      0     64  2006991   23102
 2020531     64     72  50001      0     64  2006992   23830
 2020532     64     72  50001      0     64  2006993   24558
 2020533     64     72  50001      0     64  2006994   25286
 2020534     64     72  50001      0     64  2007018   25874
 2020535     64     72  50001      0     64  2007019   26269
 2020536     64     72  50001      0     64  2007020   26664
 2020537     64     72  50001      0     64  2007021   27059
 2020538     64     72  50001      0     64  2007022   27454
 2020539     64     72  50001      0     64  2007023   27849
 2020540     64     72  50001      0     64  2007042 2007099
 2020541     64     72  50001      0     64  2007081 2007100
 2020542     64     72  50001      0     64  2007059 2007102
 2020543     64     72  50001      0     64  2007088 2007103
 2020544     64     72  50001      0     64  2007043   14373
 2020545     64     72  50001      0     64  2007044   15101
 2020546     64     72  50001      0     64  2007045   15829
 2020547     64     72  50001      0     64  2007046   16557
 2020548     64     72  50001      0     64  2007047   17285
 2020549     64     72  50001      0     64  2007048   18013
 2020550     64     72  50001      0     64  2007049   18741
 2020551     64     72  50001      0     64  2007050   19469
 2020552     64     72  50001      0     64  2007051   20197
 2020553     64     72  50001      0     64  2007052   20925
 2020554     64     72  50001      0     64  2007053   21653
 2020555     64     72  50001      0     64  2007054   22381
 2020556     64     72  50001      0     64  2007055   23109
 2020557     64     72  50001      0     64  2007056   23837
 2020558     64     72  50001      0     64  2007057   24565
 2020559     64     72  50001      0     64  2007058   25293
 2020560     64     72  50001      0     64  2007082   25879
 2020561     64     72  50001      0     64  2007083   26274
 2020562     64     72  50001      0     64  2007084   26669
 2020563     64     72  50001      0     64  2007085   27064
 2020564     64     72  50001      0     64  2007086   27459
 2020565     64     72  50001      0     64  2007087   27854
 2020566     64     72  50001      0     64  2007106 2007163
 2020567     64     72  50001      0     64  2007145 2007164
 2020568     64     72  50001      0     64  2007123 2007166
 2020569     64     72  50001      0     64  2007152 2007167
 2020570     64     72  50001      0     64  2007107   14379
 2020571     64     72  50001      0     64  2007108   15107
 2020572     64     72  50001      0     64  2007109   15835
 2020573     64     72  50001      0     64  2007110   16563
 2020574     64     72  50001      0     64  2007111   17291
 2020575     64     72  50001      0     64  2007112   18019
 2020576     64     72  50001      0     64  2007113   18747
 2020577     64     72  50001      0     64  2007114   19475
 2020578     64     72  50001      0     64  2007115   20203
 2020579     64     72  50001      0     64  2007116   20931

 *** MAPDL - ENGINEERING ANALYSIS SYSTEM  RELEASE 2026 R1          26.1     ***
 Ansys Mechanical Enterprise                       
 20120530  VERSION=WINDOWS x64   12:12:18  AUG 02, 2026 Elapsed Time=     13.369

 C10 A0 CURRENT TYPE72 S10 DIRECT SPATIAL GRAVITY RAMP STATIC ONLY NRRE        


 
    ELEM    MAT    TYP    REL    ESY    SEC        NODES
 
 2020580     64     72  50001      0     64  2007117   21659
 2020581     64     72  50001      0     64  2007118   22387
 2020582     64     72  50001      0     64  2007119   23115
 2020583     64     72  50001      0     64  2007120   23843
 2020584     64     72  50001      0     64  2007121   24571
 2020585     64     72  50001      0     64  2007122   25299
 2020586     64     72  50001      0     64  2007146   25884
 2020587     64     72  50001      0     64  2007147   26279
 2020588     64     72  50001      0     64  2007148   26674
 2020589     64     72  50001      0     64  2007149   27069
 2020590     64     72  50001      0     64  2007150   27464
 2020591     64     72  50001      0     64  2007151   27859
 2020592     64     72  50001      0     64  2007170 2007227
 2020593     64     72  50001      0     64  2007209 2007228
 2020594     64     72  50001      0     64  2007187 2007230
 2020595     64     72  50001      0     64  2007216 2007231
 2020596     64     72  50001      0     64  2007171   14386
 2020597     64     72  50001      0     64  2007172   15114
 2020598     64     72  50001      0     64  2007173   15842
 2020599     64     72  50001      0     64  2007174   16570
 2020600     64     72  50001      0     64  2007175   17298
 2020601     64     72  50001      0     64  2007176   18026
 2020602     64     72  50001      0     64  2007177   18754
 2020603     64     72  50001      0     64  2007178   19482
 2020604     64     72  50001      0     64  2007179   20210
 2020605     64     72  50001      0     64  2007180   20938
 2020606     64     72  50001      0     64  2007181   21666
 2020607     64     72  50001      0     64  2007182   22394
 2020608     64     72  50001      0     64  2007183   23122
 2020609     64     72  50001      0     64  2007184   23850
 2020610     64     72  50001      0     64  2007185   24578
 2020611     64     72  50001      0     64  2007186   25306
 2020612     64     72  50001      0     64  2007210   25889
 2020613     64     72  50001      0     64  2007211   26284
 2020614     64     72  50001      0     64  2007212   26679
 2020615     64     72  50001      0     64  2007213   27074
 2020616     64     72  50001      0     64  2007214   27469
 2020617     64     72  50001      0     64  2007215   27864
 2020618     64     72  50001      0     64  2007234 2007291
 2020619     64     72  50001      0     64  2007273 2007292
 2020620     64     72  50001      0     64  2007251 2007294
 2020621     64     72  50001      0     64  2007280 2007295
 2020622     64     72  50001      0     64  2007235   14393
 2020623     64     72  50001      0     64  2007236   15121
 2020624     64     72  50001      0     64  2007237   15849
 2020625     64     72  50001      0     64  2007238   16577
 2020626     64     72  50001      0     64  2007239   17305
 2020627     64     72  50001      0     64  2007240   18033
 2020628     64     72  50001      0     64  2007241   18761
 2020629     64     72  50001      0     64  2007242   19489

 *** MAPDL - ENGINEERING ANALYSIS SYSTEM  RELEASE 2026 R1          26.1     ***
 Ansys Mechanical Enterprise                       
 20120530  VERSION=WINDOWS x64   12:12:18  AUG 02, 2026 Elapsed Time=     13.369

 C10 A0 CURRENT TYPE72 S10 DIRECT SPATIAL GRAVITY RAMP STATIC ONLY NRRE        


 
    ELEM    MAT    TYP    REL    ESY    SEC        NODES
 
 2020630     64     72  50001      0     64  2007243   20217
 2020631     64     72  50001      0     64  2007244   20945
 2020632     64     72  50001      0     64  2007245   21673
 2020633     64     72  50001      0     64  2007246   22401
 2020634     64     72  50001      0     64  2007247   23129
 2020635     64     72  50001      0     64  2007248   23857
 2020636     64     72  50001      0     64  2007249   24585
 2020637     64     72  50001      0     64  2007250   25313
 2020638     64     72  50001      0     64  2007274   25894
 2020639     64     72  50001      0     64  2007275   26289
 2020640     64     72  50001      0     64  2007276   26684
 2020641     64     72  50001      0     64  2007277   27079
 2020642     64     72  50001      0     64  2007278   27474
 2020643     64     72  50001      0     64  2007279   27869
 2020644     64     72  50001      0     64  2007298 2007355
 2020645     64     72  50001      0     64  2007337 2007356
 2020646     64     72  50001      0     64  2007315 2007358
 2020647     64     72  50001      0     64  2007344 2007359
 2020648     64     72  50001      0     64  2007299   14400
 2020649     64     72  50001      0     64  2007300   15128
 2020650     64     72  50001      0     64  2007301   15856
 2020651     64     72  50001      0     64  2007302   16584
 2020652     64     72  50001      0     64  2007303   17312
 2020653     64     72  50001      0     64  2007304   18040
 2020654     64     72  50001      0     64  2007305   18768
 2020655     64     72  50001      0     64  2007306   19496
 2020656     64     72  50001      0     64  2007307   20224
 2020657     64     72  50001      0     64  2007308   20952
 2020658     64     72  50001      0     64  2007309   21680
 2020659     64     72  50001      0     64  2007310   22408
 2020660     64     72  50001      0     64  2007311   23136
 2020661     64     72  50001      0     64  2007312   23864
 2020662     64     72  50001      0     64  2007313   24592
 2020663     64     72  50001      0     64  2007314   25320
 2020664     64     72  50001      0     64  2007338   25899
 2020665     64     72  50001      0     64  2007339   26294
 2020666     64     72  50001      0     64  2007340   26689
 2020667     64     72  50001      0     64  2007341   27084
 2020668     64     72  50001      0     64  2007342   27479
 2020669     64     72  50001      0     64  2007343   27874
 2020670     64     72  50001      0     64  2007362 2007419
 2020671     64     72  50001      0     64  2007401 2007420
 2020672     64     72  50001      0     64  2007379 2007422
 2020673     64     72  50001      0     64  2007408 2007423
 2020674     64     72  50001      0     64  2007363   14407
 2020675     64     72  50001      0     64  2007364   15135
 2020676     64     72  50001      0     64  2007365   15863
 2020677     64     72  50001      0     64  2007366   16591
 2020678     64     72  50001      0     64  2007367   17319
 2020679     64     72  50001      0     64  2007368   18047

 *** MAPDL - ENGINEERING ANALYSIS SYSTEM  RELEASE 2026 R1          26.1     ***
 Ansys Mechanical Enterprise                       
 20120530  VERSION=WINDOWS x64   12:12:18  AUG 02, 2026 Elapsed Time=     13.369

 C10 A0 CURRENT TYPE72 S10 DIRECT SPATIAL GRAVITY RAMP STATIC ONLY NRRE        


 
    ELEM    MAT    TYP    REL    ESY    SEC        NODES
 
 2020680     64     72  50001      0     64  2007369   18775
 2020681     64     72  50001      0     64  2007370   19503
 2020682     64     72  50001      0     64  2007371   20231
 2020683     64     72  50001      0     64  2007372   20959
 2020684     64     72  50001      0     64  2007373   21687
 2020685     64     72  50001      0     64  2007374   22415
 2020686     64     72  50001      0     64  2007375   23143
 2020687     64     72  50001      0     64  2007376   23871
 2020688     64     72  50001      0     64  2007377   24599
 2020689     64     72  50001      0     64  2007378   25327
 2020690     64     72  50001      0     64  2007402   25904
 2020691     64     72  50001      0     64  2007403   26299
 2020692     64     72  50001      0     64  2007404   26694
 2020693     64     72  50001      0     64  2007405   27089
 2020694     64     72  50001      0     64  2007406   27484
 2020695     64     72  50001      0     64  2007407   27879
 2020696     64     72  50001      0     64  2007426 2007483
 2020697     64     72  50001      0     64  2007465 2007484
 2020698     64     72  50001      0     64  2007443 2007486
 2020699     64     72  50001      0     64  2007472 2007487
 2020700     64     72  50001      0     64  2007427   14414
 2020701     64     72  50001      0     64  2007428   15142
 2020702     64     72  50001      0     64  2007429   15870
 2020703     64     72  50001      0     64  2007430   16598
 2020704     64     72  50001      0     64  2007431   17326
 2020705     64     72  50001      0     64  2007432   18054
 2020706     64     72  50001      0     64  2007433   18782
 2020707     64     72  50001      0     64  2007434   19510
 2020708     64     72  50001      0     64  2007435   20238
 2020709     64     72  50001      0     64  2007436   20966
 2020710     64     72  50001      0     64  2007437   21694
 2020711     64     72  50001      0     64  2007438   22422
 2020712     64     72  50001      0     64  2007439   23150
 2020713     64     72  50001      0     64  2007440   23878
 2020714     64     72  50001      0     64  2007441   24606
 2020715     64     72  50001      0     64  2007442   25334
 2020716     64     72  50001      0     64  2007466   25909
 2020717     64     72  50001      0     64  2007467   26304
 2020718     64     72  50001      0     64  2007468   26699
 2020719     64     72  50001      0     64  2007469   27094
 2020720     64     72  50001      0     64  2007470   27489
 2020721     64     72  50001      0     64  2007471   27884
 2020722     64     72  50001      0     64  2007490 2007547
 2020723     64     72  50001      0     64  2007529 2007548
 2020724     64     72  50001      0     64  2007507 2007550
 2020725     64     72  50001      0     64  2007536 2007551
 2020726     64     72  50001      0     64  2007491   14421
 2020727     64     72  50001      0     64  2007492   15149
 2020728     64     72  50001      0     64  2007493   15877
 2020729     64     72  50001      0     64  2007494   16605

 *** MAPDL - ENGINEERING ANALYSIS SYSTEM  RELEASE 2026 R1          26.1     ***
 Ansys Mechanical Enterprise                       
 20120530  VERSION=WINDOWS x64   12:12:18  AUG 02, 2026 Elapsed Time=     13.370

 C10 A0 CURRENT TYPE72 S10 DIRECT SPATIAL GRAVITY RAMP STATIC ONLY NRRE        


 
    ELEM    MAT    TYP    REL    ESY    SEC        NODES
 
 2020730     64     72  50001      0     64  2007495   17333
 2020731     64     72  50001      0     64  2007496   18061
 2020732     64     72  50001      0     64  2007497   18789
 2020733     64     72  50001      0     64  2007498   19517
 2020734     64     72  50001      0     64  2007499   20245
 2020735     64     72  50001      0     64  2007500   20973
 2020736     64     72  50001      0     64  2007501   21701
 2020737     64     72  50001      0     64  2007502   22429
 2020738     64     72  50001      0     64  2007503   23157
 2020739     64     72  50001      0     64  2007504   23885
 2020740     64     72  50001      0     64  2007505   24613
 2020741     64     72  50001      0     64  2007506   25341
 2020742     64     72  50001      0     64  2007530   25914
 2020743     64     72  50001      0     64  2007531   26309
 2020744     64     72  50001      0     64  2007532   26704
 2020745     64     72  50001      0     64  2007533   27099
 2020746     64     72  50001      0     64  2007534   27494
 2020747     64     72  50001      0     64  2007535   27889
 2020748     64     72  50001      0     64  2007554 2007611
 2020749     64     72  50001      0     64  2007593 2007612
 2020750     64     72  50001      0     64  2007571 2007614
 2020751     64     72  50001      0     64  2007600 2007615
 2020752     64     72  50001      0     64  2007555   14428
 2020753     64     72  50001      0     64  2007556   15156
 2020754     64     72  50001      0     64  2007557   15884
 2020755     64     72  50001      0     64  2007558   16612
 2020756     64     72  50001      0     64  2007559   17340
 2020757     64     72  50001      0     64  2007560   18068
 2020758     64     72  50001      0     64  2007561   18796
 2020759     64     72  50001      0     64  2007562   19524
 2020760     64     72  50001      0     64  2007563   20252
 2020761     64     72  50001      0     64  2007564   20980
 2020762     64     72  50001      0     64  2007565   21708
 2020763     64     72  50001      0     64  2007566   22436
 2020764     64     72  50001      0     64  2007567   23164
 2020765     64     72  50001      0     64  2007568   23892
 2020766     64     72  50001      0     64  2007569   24620
 2020767     64     72  50001      0     64  2007570   25348
 2020768     64     72  50001      0     64  2007594   25919
 2020769     64     72  50001      0     64  2007595   26314
 2020770     64     72  50001      0     64  2007596   26709
 2020771     64     72  50001      0     64  2007597   27104
 2020772     64     72  50001      0     64  2007598   27499
 2020773     64     72  50001      0     64  2007599   27894
 2020774     64     72  50001      0     64  2007618 2007675
 2020775     64     72  50001      0     64  2007657 2007676
 2020776     64     72  50001      0     64  2007635 2007678
 2020777     64     72  50001      0     64  2007664 2007679
 2020778     64     72  50001      0     64  2007619   14435
 2020779     64     72  50001      0     64  2007620   15163

 *** MAPDL - ENGINEERING ANALYSIS SYSTEM  RELEASE 2026 R1          26.1     ***
 Ansys Mechanical Enterprise                       
 20120530  VERSION=WINDOWS x64   12:12:18  AUG 02, 2026 Elapsed Time=     13.370

 C10 A0 CURRENT TYPE72 S10 DIRECT SPATIAL GRAVITY RAMP STATIC ONLY NRRE        


 
    ELEM    MAT    TYP    REL    ESY    SEC        NODES
 
 2020780     64     72  50001      0     64  2007621   15891
 2020781     64     72  50001      0     64  2007622   16619
 2020782     64     72  50001      0     64  2007623   17347
 2020783     64     72  50001      0     64  2007624   18075
 2020784     64     72  50001      0     64  2007625   18803
 2020785     64     72  50001      0     64  2007626   19531
 2020786     64     72  50001      0     64  2007627   20259
 2020787     64     72  50001      0     64  2007628   20987
 2020788     64     72  50001      0     64  2007629   21715
 2020789     64     72  50001      0     64  2007630   22443
 2020790     64     72  50001      0     64  2007631   23171
 2020791     64     72  50001      0     64  2007632   23899
 2020792     64     72  50001      0     64  2007633   24627
 2020793     64     72  50001      0     64  2007634   25355
 2020794     64     72  50001      0     64  2007658   25924
 2020795     64     72  50001      0     64  2007659   26319
 2020796     64     72  50001      0     64  2007660   26714
 2020797     64     72  50001      0     64  2007661   27109
 2020798     64     72  50001      0     64  2007662   27504
 2020799     64     72  50001      0     64  2007663   27899
 2020800     64     72  50001      0     64  2007682 2007739
 2020801     64     72  50001      0     64  2007721 2007740
 2020802     64     72  50001      0     64  2007699 2007742
 2020803     64     72  50001      0     64  2007728 2007743
 2020804     64     72  50001      0     64  2007683   14442
 2020805     64     72  50001      0     64  2007684   15170
 2020806     64     72  50001      0     64  2007685   15898
 2020807     64     72  50001      0     64  2007686   16626
 2020808     64     72  50001      0     64  2007687   17354
 2020809     64     72  50001      0     64  2007688   18082
 2020810     64     72  50001      0     64  2007689   18810
 2020811     64     72  50001      0     64  2007690   19538
 2020812     64     72  50001      0     64  2007691   20266
 2020813     64     72  50001      0     64  2007692   20994
 2020814     64     72  50001      0     64  2007693   21722
 2020815     64     72  50001      0     64  2007694   22450
 2020816     64     72  50001      0     64  2007695   23178
 2020817     64     72  50001      0     64  2007696   23906
 2020818     64     72  50001      0     64  2007697   24634
 2020819     64     72  50001      0     64  2007698   25362
 2020820     64     72  50001      0     64  2007722   25929
 2020821     64     72  50001      0     64  2007723   26324
 2020822     64     72  50001      0     64  2007724   26719
 2020823     64     72  50001      0     64  2007725   27114
 2020824     64     72  50001      0     64  2007726   27509
 2020825     64     72  50001      0     64  2007727   27904
 2020826     64     72  50001      0     64  2007746 2007803
 2020827     64     72  50001      0     64  2007785 2007804
 2020828     64     72  50001      0     64  2007763 2007806
 2020829     64     72  50001      0     64  2007792 2007807

 *** MAPDL - ENGINEERING ANALYSIS SYSTEM  RELEASE 2026 R1          26.1     ***
 Ansys Mechanical Enterprise                       
 20120530  VERSION=WINDOWS x64   12:12:18  AUG 02, 2026 Elapsed Time=     13.370

 C10 A0 CURRENT TYPE72 S10 DIRECT SPATIAL GRAVITY RAMP STATIC ONLY NRRE        


 
    ELEM    MAT    TYP    REL    ESY    SEC        NODES
 
 2020830     64     72  50001      0     64  2007747   14449
 2020831     64     72  50001      0     64  2007748   15177
 2020832     64     72  50001      0     64  2007749   15905
 2020833     64     72  50001      0     64  2007750   16633
 2020834     64     72  50001      0     64  2007751   17361
 2020835     64     72  50001      0     64  2007752   18089
 2020836     64     72  50001      0     64  2007753   18817
 2020837     64     72  50001      0     64  2007754   19545
 2020838     64     72  50001      0     64  2007755   20273
 2020839     64     72  50001      0     64  2007756   21001
 2020840     64     72  50001      0     64  2007757   21729
 2020841     64     72  50001      0     64  2007758   22457
 2020842     64     72  50001      0     64  2007759   23185
 2020843     64     72  50001      0     64  2007760   23913
 2020844     64     72  50001      0     64  2007761   24641
 2020845     64     72  50001      0     64  2007762   25369
 2020846     64     72  50001      0     64  2007786   25934
 2020847     64     72  50001      0     64  2007787   26329
 2020848     64     72  50001      0     64  2007788   26724
 2020849     64     72  50001      0     64  2007789   27119
 2020850     64     72  50001      0     64  2007790   27514
 2020851     64     72  50001      0     64  2007791   27909
 2020852     64     72  50001      0     64  2007810 2007867
 2020853     64     72  50001      0     64  2007849 2007868
 2020854     64     72  50001      0     64  2007827 2007870
 2020855     64     72  50001      0     64  2007856 2007871
 2020856     64     72  50001      0     64  2007811   14456
 2020857     64     72  50001      0     64  2007812   15184
 2020858     64     72  50001      0     64  2007813   15912
 2020859     64     72  50001      0     64  2007814   16640
 2020860     64     72  50001      0     64  2007815   17368
 2020861     64     72  50001      0     64  2007816   18096
 2020862     64     72  50001      0     64  2007817   18824
 2020863     64     72  50001      0     64  2007818   19552
 2020864     64     72  50001      0     64  2007819   20280
 2020865     64     72  50001      0     64  2007820   21008
 2020866     64     72  50001      0     64  2007821   21736
 2020867     64     72  50001      0     64  2007822   22464
 2020868     64     72  50001      0     64  2007823   23192
 2020869     64     72  50001      0     64  2007824   23920
 2020870     64     72  50001      0     64  2007825   24648
 2020871     64     72  50001      0     64  2007826   25376
 2020872     64     72  50001      0     64  2007850   25939
 2020873     64     72  50001      0     64  2007851   26334
 2020874     64     72  50001      0     64  2007852   26729
 2020875     64     72  50001      0     64  2007853   27124
 2020876     64     72  50001      0     64  2007854   27519
 2020877     64     72  50001      0     64  2007855   27914
 2020878     64     72  50001      0     64  2007874 2007931
 2020879     64     72  50001      0     64  2007913 2007932

 *** MAPDL - ENGINEERING ANALYSIS SYSTEM  RELEASE 2026 R1          26.1     ***
 Ansys Mechanical Enterprise                       
 20120530  VERSION=WINDOWS x64   12:12:18  AUG 02, 2026 Elapsed Time=     13.370

 C10 A0 CURRENT TYPE72 S10 DIRECT SPATIAL GRAVITY RAMP STATIC ONLY NRRE        


 
    ELEM    MAT    TYP    REL    ESY    SEC        NODES
 
 2020880     64     72  50001      0     64  2007891 2007934
 2020881     64     72  50001      0     64  2007920 2007935
 2020882     64     72  50001      0     64  2007875   14479
 2020883     64     72  50001      0     64  2007876   15207
 2020884     64     72  50001      0     64  2007877   15935
 2020885     64     72  50001      0     64  2007878   16663
 2020886     64     72  50001      0     64  2007879   17391
 2020887     64     72  50001      0     64  2007880   18119
 2020888     64     72  50001      0     64  2007881   18847
 2020889     64     72  50001      0     64  2007882   19575
 2020890     64     72  50001      0     64  2007883   20303
 2020891     64     72  50001      0     64  2007884   21031
 2020892     64     72  50001      0     64  2007885   21759
 2020893     64     72  50001      0     64  2007886   22487
 2020894     64     72  50001      0     64  2007887   23215
 2020895     64     72  50001      0     64  2007888   23943
 2020896     64     72  50001      0     64  2007889   24671
 2020897     64     72  50001      0     64  2007890   25399
 2020898     64     72  50001      0     64  2007914   25956
 2020899     64     72  50001      0     64  2007915   26351
 2020900     64     72  50001      0     64  2007916   26746
 2020901     64     72  50001      0     64  2007917   27141
 2020902     64     72  50001      0     64  2007918   27536
 2020903     64     72  50001      0     64  2007919   27931
 2020904     64     72  50001      0     64  2007938 2007995
 2020905     64     72  50001      0     64  2007977 2007996
 2020906     64     72  50001      0     64  2007955 2007998
 2020907     64     72  50001      0     64  2007984 2007999
 2020908     64     72  50001      0     64  2007939   14493
 2020909     64     72  50001      0     64  2007940   15221
 2020910     64     72  50001      0     64  2007941   15949
 2020911     64     72  50001      0     64  2007942   16677
 2020912     64     72  50001      0     64  2007943   17405
 2020913     64     72  50001      0     64  2007944   18133
 2020914     64     72  50001      0     64  2007945   18861
 2020915     64     72  50001      0     64  2007946   19589
 2020916     64     72  50001      0     64  2007947   20317
 2020917     64     72  50001      0     64  2007948   21045
 2020918     64     72  50001      0     64  2007949   21773
 2020919     64     72  50001      0     64  2007950   22501
 2020920     64     72  50001      0     64  2007951   23229
 2020921     64     72  50001      0     64  2007952   23957
 2020922     64     72  50001      0     64  2007953   24685
 2020923     64     72  50001      0     64  2007954   25413
 2020924     64     72  50001      0     64  2007978   25961
 2020925     64     72  50001      0     64  2007979   26356
 2020926     64     72  50001      0     64  2007980   26751
 2020927     64     72  50001      0     64  2007981   27146
 2020928     64     72  50001      0     64  2007982   27541
 2020929     64     72  50001      0     64  2007983   27936

 *** MAPDL - ENGINEERING ANALYSIS SYSTEM  RELEASE 2026 R1          26.1     ***
 Ansys Mechanical Enterprise                       
 20120530  VERSION=WINDOWS x64   12:12:18  AUG 02, 2026 Elapsed Time=     13.370

 C10 A0 CURRENT TYPE72 S10 DIRECT SPATIAL GRAVITY RAMP STATIC ONLY NRRE        


 
    ELEM    MAT    TYP    REL    ESY    SEC        NODES
 
 2020930     64     72  50001      0     64  2008002 2008059
 2020931     64     72  50001      0     64  2008041 2008060
 2020932     64     72  50001      0     64  2008019 2008062
 2020933     64     72  50001      0     64  2008048 2008063
 2020934     64     72  50001      0     64  2008003   14506
 2020935     64     72  50001      0     64  2008004   15234
 2020936     64     72  50001      0     64  2008005   15962
 2020937     64     72  50001      0     64  2008006   16690
 2020938     64     72  50001      0     64  2008007   17418
 2020939     64     72  50001      0     64  2008008   18146
 2020940     64     72  50001      0     64  2008009   18874
 2020941     64     72  50001      0     64  2008010   19602
 2020942     64     72  50001      0     64  2008011   20330
 2020943     64     72  50001      0     64  2008012   21058
 2020944     64     72  50001      0     64  2008013   21786
 2020945     64     72  50001      0     64  2008014   22514
 2020946     64     72  50001      0     64  2008015   23242
 2020947     64     72  50001      0     64  2008016   23970
 2020948     64     72  50001      0     64  2008017   24698
 2020949     64     72  50001      0     64  2008018   25426
 2020950     64     72  50001      0     64  2008042   25966
 2020951     64     72  50001      0     64  2008043   26361
 2020952     64     72  50001      0     64  2008044   26756
 2020953     64     72  50001      0     64  2008045   27151
 2020954     64     72  50001      0     64  2008046   27546
 2020955     64     72  50001      0     64  2008047   27941
 2020956     64     72  50001      0     64  2008066 2008123
 2020957     64     72  50001      0     64  2008105 2008124
 2020958     64     72  50001      0     64  2008083 2008126
 2020959     64     72  50001      0     64  2008112 2008127
 2020960     64     72  50001      0     64  2008067   14519
 2020961     64     72  50001      0     64  2008068   15247
 2020962     64     72  50001      0     64  2008069   15975
 2020963     64     72  50001      0     64  2008070   16703
 2020964     64     72  50001      0     64  2008071   17431
 2020965     64     72  50001      0     64  2008072   18159
 2020966     64     72  50001      0     64  2008073   18887
 2020967     64     72  50001      0     64  2008074   19615
 2020968     64     72  50001      0     64  2008075   20343
 2020969     64     72  50001      0     64  2008076   21071
 2020970     64     72  50001      0     64  2008077   21799
 2020971     64     72  50001      0     64  2008078   22527
 2020972     64     72  50001      0     64  2008079   23255
 2020973     64     72  50001      0     64  2008080   23983
 2020974     64     72  50001      0     64  2008081   24711
 2020975     64     72  50001      0     64  2008082   25439
 2020976     64     72  50001      0     64  2008106   25971
 2020977     64     72  50001      0     64  2008107   26366
 2020978     64     72  50001      0     64  2008108   26761
 2020979     64     72  50001      0     64  2008109   27156

 *** MAPDL - ENGINEERING ANALYSIS SYSTEM  RELEASE 2026 R1          26.1     ***
 Ansys Mechanical Enterprise                       
 20120530  VERSION=WINDOWS x64   12:12:18  AUG 02, 2026 Elapsed Time=     13.370

 C10 A0 CURRENT TYPE72 S10 DIRECT SPATIAL GRAVITY RAMP STATIC ONLY NRRE        


 
    ELEM    MAT    TYP    REL    ESY    SEC        NODES
 
 2020980     64     72  50001      0     64  2008110   27551
 2020981     64     72  50001      0     64  2008111   27946
 2020982     64     72  50001      0     64  2008130 2008187
 2020983     64     72  50001      0     64  2008169 2008188
 2020984     64     72  50001      0     64  2008147 2008190
 2020985     64     72  50001      0     64  2008176 2008191
 2020986     64     72  50001      0     64  2008131   14533
 2020987     64     72  50001      0     64  2008132   15261
 2020988     64     72  50001      0     64  2008133   15989
 2020989     64     72  50001      0     64  2008134   16717
 2020990     64     72  50001      0     64  2008135   17445
 2020991     64     72  50001      0     64  2008136   18173
 2020992     64     72  50001      0     64  2008137   18901
 2020993     64     72  50001      0     64  2008138   19629
 2020994     64     72  50001      0     64  2008139   20357
 2020995     64     72  50001      0     64  2008140   21085
 2020996     64     72  50001      0     64  2008141   21813
 2020997     64     72  50001      0     64  2008142   22541
 2020998     64     72  50001      0     64  2008143   23269
 2020999     64     72  50001      0     64  2008144   23997
 2021000     64     72  50001      0     64  2008145   24725
 2021001     64     72  50001      0     64  2008146   25453
 2021002     64     72  50001      0     64  2008170   25976
 2021003     64     72  50001      0     64  2008171   26371
 2021004     64     72  50001      0     64  2008172   26766
 2021005     64     72  50001      0     64  2008173   27161
 2021006     64     72  50001      0     64  2008174   27556
 2021007     64     72  50001      0     64  2008175   27951
 2021008     64     72  50001      0     64  2008194 2008251
 2021009     64     72  50001      0     64  2008233 2008252
 2021010     64     72  50001      0     64  2008211 2008254
 2021011     64     72  50001      0     64  2008240 2008255
 2021012     64     72  50001      0     64  2008195   14546
 2021013     64     72  50001      0     64  2008196   15274
 2021014     64     72  50001      0     64  2008197   16002
 2021015     64     72  50001      0     64  2008198   16730
 2021016     64     72  50001      0     64  2008199   17458
 2021017     64     72  50001      0     64  2008200   18186
 2021018     64     72  50001      0     64  2008201   18914
 2021019     64     72  50001      0     64  2008202   19642
 2021020     64     72  50001      0     64  2008203   20370
 2021021     64     72  50001      0     64  2008204   21098
 2021022     64     72  50001      0     64  2008205   21826
 2021023     64     72  50001      0     64  2008206   22554
 2021024     64     72  50001      0     64  2008207   23282
 2021025     64     72  50001      0     64  2008208   24010
 2021026     64     72  50001      0     64  2008209   24738
 2021027     64     72  50001      0     64  2008210   25466
 2021028     64     72  50001      0     64  2008234   25981
 2021029     64     72  50001      0     64  2008235   26376

 *** MAPDL - ENGINEERING ANALYSIS SYSTEM  RELEASE 2026 R1          26.1     ***
 Ansys Mechanical Enterprise                       
 20120530  VERSION=WINDOWS x64   12:12:18  AUG 02, 2026 Elapsed Time=     13.370

 C10 A0 CURRENT TYPE72 S10 DIRECT SPATIAL GRAVITY RAMP STATIC ONLY NRRE        


 
    ELEM    MAT    TYP    REL    ESY    SEC        NODES
 
 2021030     64     72  50001      0     64  2008236   26771
 2021031     64     72  50001      0     64  2008237   27166
 2021032     64     72  50001      0     64  2008238   27561
 2021033     64     72  50001      0     64  2008239   27956
 2021034     64     72  50001      0     64  2008258 2008315
 2021035     64     72  50001      0     64  2008297 2008316
 2021036     64     72  50001      0     64  2008275 2008318
 2021037     64     72  50001      0     64  2008304 2008319
 2021038     64     72  50001      0     64  2008259   14559
 2021039     64     72  50001      0     64  2008260   15287
 2021040     64     72  50001      0     64  2008261   16015
 2021041     64     72  50001      0     64  2008262   16743
 2021042     64     72  50001      0     64  2008263   17471
 2021043     64     72  50001      0     64  2008264   18199
 2021044     64     72  50001      0     64  2008265   18927
 2021045     64     72  50001      0     64  2008266   19655
 2021046     64     72  50001      0     64  2008267   20383
 2021047     64     72  50001      0     64  2008268   21111
 2021048     64     72  50001      0     64  2008269   21839
 2021049     64     72  50001      0     64  2008270   22567
 2021050     64     72  50001      0     64  2008271   23295
 2021051     64     72  50001      0     64  2008272   24023
 2021052     64     72  50001      0     64  2008273   24751
 2021053     64     72  50001      0     64  2008274   25479
 2021054     64     72  50001      0     64  2008298   25986
 2021055     64     72  50001      0     64  2008299   26381
 2021056     64     72  50001      0     64  2008300   26776
 2021057     64     72  50001      0     64  2008301   27171
 2021058     64     72  50001      0     64  2008302   27566
 2021059     64     72  50001      0     64  2008303   27961
 2021060     64     72  50001      0     64  2008322 2008379
 2021061     64     72  50001      0     64  2008361 2008380
 2021062     64     72  50001      0     64  2008339 2008382
 2021063     64     72  50001      0     64  2008368 2008383
 2021064     64     72  50001      0     64  2008323   14573
 2021065     64     72  50001      0     64  2008324   15301
 2021066     64     72  50001      0     64  2008325   16029
 2021067     64     72  50001      0     64  2008326   16757
 2021068     64     72  50001      0     64  2008327   17485
 2021069     64     72  50001      0     64  2008328   18213
 2021070     64     72  50001      0     64  2008329   18941
 2021071     64     72  50001      0     64  2008330   19669
 2021072     64     72  50001      0     64  2008331   20397
 2021073     64     72  50001      0     64  2008332   21125
 2021074     64     72  50001      0     64  2008333   21853
 2021075     64     72  50001      0     64  2008334   22581
 2021076     64     72  50001      0     64  2008335   23309
 2021077     64     72  50001      0     64  2008336   24037
 2021078     64     72  50001      0     64  2008337   24765
 2021079     64     72  50001      0     64  2008338   25493

 *** MAPDL - ENGINEERING ANALYSIS SYSTEM  RELEASE 2026 R1          26.1     ***
 Ansys Mechanical Enterprise                       
 20120530  VERSION=WINDOWS x64   12:12:18  AUG 02, 2026 Elapsed Time=     13.370

 C10 A0 CURRENT TYPE72 S10 DIRECT SPATIAL GRAVITY RAMP STATIC ONLY NRRE        


 
    ELEM    MAT    TYP    REL    ESY    SEC        NODES
 
 2021080     64     72  50001      0     64  2008362   25991
 2021081     64     72  50001      0     64  2008363   26386
 2021082     64     72  50001      0     64  2008364   26781
 2021083     64     72  50001      0     64  2008365   27176
 2021084     64     72  50001      0     64  2008366   27571
 2021085     64     72  50001      0     64  2008367   27966
 2021086     64     72  50001      0     64  2008386 2008443
 2021087     64     72  50001      0     64  2008425 2008444
 2021088     64     72  50001      0     64  2008403 2008446
 2021089     64     72  50001      0     64  2008432 2008447
 2021090     64     72  50001      0     64  2008387   14586
 2021091     64     72  50001      0     64  2008388   15314
 2021092     64     72  50001      0     64  2008389   16042
 2021093     64     72  50001      0     64  2008390   16770
 2021094     64     72  50001      0     64  2008391   17498
 2021095     64     72  50001      0     64  2008392   18226
 2021096     64     72  50001      0     64  2008393   18954
 2021097     64     72  50001      0     64  2008394   19682
 2021098     64     72  50001      0     64  2008395   20410
 2021099     64     72  50001      0     64  2008396   21138
 2021100     64     72  50001      0     64  2008397   21866
 2021101     64     72  50001      0     64  2008398   22594
 2021102     64     72  50001      0     64  2008399   23322
 2021103     64     72  50001      0     64  2008400   24050
 2021104     64     72  50001      0     64  2008401   24778
 2021105     64     72  50001      0     64  2008402   25506
 2021106     64     72  50001      0     64  2008426   25996
 2021107     64     72  50001      0     64  2008427   26391
 2021108     64     72  50001      0     64  2008428   26786
 2021109     64     72  50001      0     64  2008429   27181
 2021110     64     72  50001      0     64  2008430   27576
 2021111     64     72  50001      0     64  2008431   27971
 2021112     64     72  50001      0     64  2008450 2008507
 2021113     64     72  50001      0     64  2008489 2008508
 2021114     64     72  50001      0     64  2008467 2008510
 2021115     64     72  50001      0     64  2008496 2008511
 2021116     64     72  50001      0     64  2008451   14599
 2021117     64     72  50001      0     64  2008452   15327
 2021118     64     72  50001      0     64  2008453   16055
 2021119     64     72  50001      0     64  2008454   16783
 2021120     64     72  50001      0     64  2008455   17511
 2021121     64     72  50001      0     64  2008456   18239
 2021122     64     72  50001      0     64  2008457   18967
 2021123     64     72  50001      0     64  2008458   19695
 2021124     64     72  50001      0     64  2008459   20423
 2021125     64     72  50001      0     64  2008460   21151
 2021126     64     72  50001      0     64  2008461   21879
 2021127     64     72  50001      0     64  2008462   22607
 2021128     64     72  50001      0     64  2008463   23335
 2021129     64     72  50001      0     64  2008464   24063

 *** MAPDL - ENGINEERING ANALYSIS SYSTEM  RELEASE 2026 R1          26.1     ***
 Ansys Mechanical Enterprise                       
 20120530  VERSION=WINDOWS x64   12:12:18  AUG 02, 2026 Elapsed Time=     13.370

 C10 A0 CURRENT TYPE72 S10 DIRECT SPATIAL GRAVITY RAMP STATIC ONLY NRRE        


 
    ELEM    MAT    TYP    REL    ESY    SEC        NODES
 
 2021130     64     72  50001      0     64  2008465   24791
 2021131     64     72  50001      0     64  2008466   25519
 2021132     64     72  50001      0     64  2008490   26001
 2021133     64     72  50001      0     64  2008491   26396
 2021134     64     72  50001      0     64  2008492   26791
 2021135     64     72  50001      0     64  2008493   27186
 2021136     64     72  50001      0     64  2008494   27581
 2021137     64     72  50001      0     64  2008495   27976
 2021138     64     72  50001      0     64  2008514 2008571
 2021139     64     72  50001      0     64  2008553 2008572
 2021140     64     72  50001      0     64  2008531 2008574
 2021141     64     72  50001      0     64  2008560 2008575
 2021142     64     72  50001      0     64  2008515   14613
 2021143     64     72  50001      0     64  2008516   15341
 2021144     64     72  50001      0     64  2008517   16069
 2021145     64     72  50001      0     64  2008518   16797
 2021146     64     72  50001      0     64  2008519   17525
 2021147     64     72  50001      0     64  2008520   18253
 2021148     64     72  50001      0     64  2008521   18981
 2021149     64     72  50001      0     64  2008522   19709
 2021150     64     72  50001      0     64  2008523   20437
 2021151     64     72  50001      0     64  2008524   21165
 2021152     64     72  50001      0     64  2008525   21893
 2021153     64     72  50001      0     64  2008526   22621
 2021154     64     72  50001      0     64  2008527   23349
 2021155     64     72  50001      0     64  2008528   24077
 2021156     64     72  50001      0     64  2008529   24805
 2021157     64     72  50001      0     64  2008530   25533
 2021158     64     72  50001      0     64  2008554   26006
 2021159     64     72  50001      0     64  2008555   26401
 2021160     64     72  50001      0     64  2008556   26796
 2021161     64     72  50001      0     64  2008557   27191
 2021162     64     72  50001      0     64  2008558   27586
 2021163     64     72  50001      0     64  2008559   27981
 2021164     64     72  50001      0     64  2008578 2008635
 2021165     64     72  50001      0     64  2008617 2008636
 2021166     64     72  50001      0     64  2008595 2008638
 2021167     64     72  50001      0     64  2008624 2008639
 2021168     64     72  50001      0     64  2008579   14638
 2021169     64     72  50001      0     64  2008580   15366
 2021170     64     72  50001      0     64  2008581   16094
 2021171     64     72  50001      0     64  2008582   16822
 2021172     64     72  50001      0     64  2008583   17550
 2021173     64     72  50001      0     64  2008584   18278
 2021174     64     72  50001      0     64  2008585   19006
 2021175     64     72  50001      0     64  2008586   19734
 2021176     64     72  50001      0     64  2008587   20462
 2021177     64     72  50001      0     64  2008588   21190
 2021178     64     72  50001      0     64  2008589   21918
 2021179     64     72  50001      0     64  2008590   22646

 *** MAPDL - ENGINEERING ANALYSIS SYSTEM  RELEASE 2026 R1          26.1     ***
 Ansys Mechanical Enterprise                       
 20120530  VERSION=WINDOWS x64   12:12:18  AUG 02, 2026 Elapsed Time=     13.370

 C10 A0 CURRENT TYPE72 S10 DIRECT SPATIAL GRAVITY RAMP STATIC ONLY NRRE        


 
    ELEM    MAT    TYP    REL    ESY    SEC        NODES
 
 2021180     64     72  50001      0     64  2008591   23374
 2021181     64     72  50001      0     64  2008592   24102
 2021182     64     72  50001      0     64  2008593   24830
 2021183     64     72  50001      0     64  2008594   25558
 2021184     64     72  50001      0     64  2008618   26019
 2021185     64     72  50001      0     64  2008619   26414
 2021186     64     72  50001      0     64  2008620   26809
 2021187     64     72  50001      0     64  2008621   27204
 2021188     64     72  50001      0     64  2008622   27599
 2021189     64     72  50001      0     64  2008623   27994
 2021190     64     72  50001      0     64  2008642 2008699
 2021191     64     72  50001      0     64  2008681 2008700
 2021192     64     72  50001      0     64  2008659 2008702
 2021193     64     72  50001      0     64  2008688 2008703
 2021194     64     72  50001      0     64  2008643   14651
 2021195     64     72  50001      0     64  2008644   15379
 2021196     64     72  50001      0     64  2008645   16107
 2021197     64     72  50001      0     64  2008646   16835
 2021198     64     72  50001      0     64  2008647   17563
 2021199     64     72  50001      0     64  2008648   18291
 2021200     64     72  50001      0     64  2008649   19019
 2021201     64     72  50001      0     64  2008650   19747
 2021202     64     72  50001      0     64  2008651   20475
 2021203     64     72  50001      0     64  2008652   21203
 2021204     64     72  50001      0     64  2008653   21931
 2021205     64     72  50001      0     64  2008654   22659
 2021206     64     72  50001      0     64  2008655   23387
 2021207     64     72  50001      0     64  2008656   24115
 2021208     64     72  50001      0     64  2008657   24843
 2021209     64     72  50001      0     64  2008658   25571
 2021210     64     72  50001      0     64  2008682   26024
 2021211     64     72  50001      0     64  2008683   26419
 2021212     64     72  50001      0     64  2008684   26814
 2021213     64     72  50001      0     64  2008685   27209
 2021214     64     72  50001      0     64  2008686   27604
 2021215     64     72  50001      0     64  2008687   27999
 2021216     64     72  50001      0     64  2008706 2008763
 2021217     64     72  50001      0     64  2008745 2008764
 2021218     64     72  50001      0     64  2008723 2008766
 2021219     64     72  50001      0     64  2008752 2008767
 2021220     64     72  50001      0     64  2008707   14664
 2021221     64     72  50001      0     64  2008708   15392
 2021222     64     72  50001      0     64  2008709   16120
 2021223     64     72  50001      0     64  2008710   16848
 2021224     64     72  50001      0     64  2008711   17576
 2021225     64     72  50001      0     64  2008712   18304
 2021226     64     72  50001      0     64  2008713   19032
 2021227     64     72  50001      0     64  2008714   19760
 2021228     64     72  50001      0     64  2008715   20488
 2021229     64     72  50001      0     64  2008716   21216

 *** MAPDL - ENGINEERING ANALYSIS SYSTEM  RELEASE 2026 R1          26.1     ***
 Ansys Mechanical Enterprise                       
 20120530  VERSION=WINDOWS x64   12:12:18  AUG 02, 2026 Elapsed Time=     13.370

 C10 A0 CURRENT TYPE72 S10 DIRECT SPATIAL GRAVITY RAMP STATIC ONLY NRRE        


 
    ELEM    MAT    TYP    REL    ESY    SEC        NODES
 
 2021230     64     72  50001      0     64  2008717   21944
 2021231     64     72  50001      0     64  2008718   22672
 2021232     64     72  50001      0     64  2008719   23400
 2021233     64     72  50001      0     64  2008720   24128
 2021234     64     72  50001      0     64  2008721   24856
 2021235     64     72  50001      0     64  2008722   25584
 2021236     64     72  50001      0     64  2008746   26029
 2021237     64     72  50001      0     64  2008747   26424
 2021238     64     72  50001      0     64  2008748   26819
 2021239     64     72  50001      0     64  2008749   27214
 2021240     64     72  50001      0     64  2008750   27609
 2021241     64     72  50001      0     64  2008751   28004
 2021242     64     72  50001      0     64  2008770 2008827
 2021243     64     72  50001      0     64  2008809 2008828
 2021244     64     72  50001      0     64  2008787 2008830
 2021245     64     72  50001      0     64  2008816 2008831
 2021246     64     72  50001      0     64  2008771   14677
 2021247     64     72  50001      0     64  2008772   15405
 2021248     64     72  50001      0     64  2008773   16133
 2021249     64     72  50001      0     64  2008774   16861
 2021250     64     72  50001      0     64  2008775   17589
 2021251     64     72  50001      0     64  2008776   18317
 2021252     64     72  50001      0     64  2008777   19045
 2021253     64     72  50001      0     64  2008778   19773
 2021254     64     72  50001      0     64  2008779   20501
 2021255     64     72  50001      0     64  2008780   21229
 2021256     64     72  50001      0     64  2008781   21957
 2021257     64     72  50001      0     64  2008782   22685
 2021258     64     72  50001      0     64  2008783   23413
 2021259     64     72  50001      0     64  2008784   24141
 2021260     64     72  50001      0     64  2008785   24869
 2021261     64     72  50001      0     64  2008786   25597
 2021262     64     72  50001      0     64  2008810   26034
 2021263     64     72  50001      0     64  2008811   26429
 2021264     64     72  50001      0     64  2008812   26824
 2021265     64     72  50001      0     64  2008813   27219
 2021266     64     72  50001      0     64  2008814   27614
 2021267     64     72  50001      0     64  2008815   28009
 2021268     64     72  50001      0     64  2008834 2008891
 2021269     64     72  50001      0     64  2008873 2008892
 2021270     64     72  50001      0     64  2008851 2008894
 2021271     64     72  50001      0     64  2008880 2008895
 2021272     64     72  50001      0     64  2008835   14690
 2021273     64     72  50001      0     64  2008836   15418
 2021274     64     72  50001      0     64  2008837   16146
 2021275     64     72  50001      0     64  2008838   16874
 2021276     64     72  50001      0     64  2008839   17602
 2021277     64     72  50001      0     64  2008840   18330
 2021278     64     72  50001      0     64  2008841   19058
 2021279     64     72  50001      0     64  2008842   19786

 *** MAPDL - ENGINEERING ANALYSIS SYSTEM  RELEASE 2026 R1          26.1     ***
 Ansys Mechanical Enterprise                       
 20120530  VERSION=WINDOWS x64   12:12:18  AUG 02, 2026 Elapsed Time=     13.370

 C10 A0 CURRENT TYPE72 S10 DIRECT SPATIAL GRAVITY RAMP STATIC ONLY NRRE        


 
    ELEM    MAT    TYP    REL    ESY    SEC        NODES
 
 2021280     64     72  50001      0     64  2008843   20514
 2021281     64     72  50001      0     64  2008844   21242
 2021282     64     72  50001      0     64  2008845   21970
 2021283     64     72  50001      0     64  2008846   22698
 2021284     64     72  50001      0     64  2008847   23426
 2021285     64     72  50001      0     64  2008848   24154
 2021286     64     72  50001      0     64  2008849   24882
 2021287     64     72  50001      0     64  2008850   25610
 2021288     64     72  50001      0     64  2008874   26039
 2021289     64     72  50001      0     64  2008875   26434
 2021290     64     72  50001      0     64  2008876   26829
 2021291     64     72  50001      0     64  2008877   27224
 2021292     64     72  50001      0     64  2008878   27619
 2021293     64     72  50001      0     64  2008879   28014
 2021294     64     72  50001      0     64  2008898 2008955
 2021295     64     72  50001      0     64  2008937 2008956
 2021296     64     72  50001      0     64  2008915 2008958
 2021297     64     72  50001      0     64  2008944 2008959
 2021298     64     72  50001      0     64  2008899   14703
 2021299     64     72  50001      0     64  2008900   15431
 2021300     64     72  50001      0     64  2008901   16159
 2021301     64     72  50001      0     64  2008902   16887
 2021302     64     72  50001      0     64  2008903   17615
 2021303     64     72  50001      0     64  2008904   18343
 2021304     64     72  50001      0     64  2008905   19071
 2021305     64     72  50001      0     64  2008906   19799
 2021306     64     72  50001      0     64  2008907   20527
 2021307     64     72  50001      0     64  2008908   21255
 2021308     64     72  50001      0     64  2008909   21983
 2021309     64     72  50001      0     64  2008910   22711
 2021310     64     72  50001      0     64  2008911   23439
 2021311     64     72  50001      0     64  2008912   24167
 2021312     64     72  50001      0     64  2008913   24895
 2021313     64     72  50001      0     64  2008914   25623
 2021314     64     72  50001      0     64  2008938   26044
 2021315     64     72  50001      0     64  2008939   26439
 2021316     64     72  50001      0     64  2008940   26834
 2021317     64     72  50001      0     64  2008941   27229
 2021318     64     72  50001      0     64  2008942   27624
 2021319     64     72  50001      0     64  2008943   28019
 2021320     64     72  50001      0     64  2008962 2009019
 2021321     64     72  50001      0     64  2009001 2009020
 2021322     64     72  50001      0     64  2008979 2009022
 2021323     64     72  50001      0     64  2009008 2009023
 2021324     64     72  50001      0     64  2008963   14716
 2021325     64     72  50001      0     64  2008964   15444
 2021326     64     72  50001      0     64  2008965   16172
 2021327     64     72  50001      0     64  2008966   16900
 2021328     64     72  50001      0     64  2008967   17628
 2021329     64     72  50001      0     64  2008968   18356

 *** MAPDL - ENGINEERING ANALYSIS SYSTEM  RELEASE 2026 R1          26.1     ***
 Ansys Mechanical Enterprise                       
 20120530  VERSION=WINDOWS x64   12:12:18  AUG 02, 2026 Elapsed Time=     13.370

 C10 A0 CURRENT TYPE72 S10 DIRECT SPATIAL GRAVITY RAMP STATIC ONLY NRRE        


 
    ELEM    MAT    TYP    REL    ESY    SEC        NODES
 
 2021330     64     72  50001      0     64  2008969   19084
 2021331     64     72  50001      0     64  2008970   19812
 2021332     64     72  50001      0     64  2008971   20540
 2021333     64     72  50001      0     64  2008972   21268
 2021334     64     72  50001      0     64  2008973   21996
 2021335     64     72  50001      0     64  2008974   22724
 2021336     64     72  50001      0     64  2008975   23452
 2021337     64     72  50001      0     64  2008976   24180
 2021338     64     72  50001      0     64  2008977   24908
 2021339     64     72  50001      0     64  2008978   25636
 2021340     64     72  50001      0     64  2009002   26049
 2021341     64     72  50001      0     64  2009003   26444
 2021342     64     72  50001      0     64  2009004   26839
 2021343     64     72  50001      0     64  2009005   27234
 2021344     64     72  50001      0     64  2009006   27629
 2021345     64     72  50001      0     64  2009007   28024
 2021346     64     72  50001      0     64  2009026 2009083
 2021347     64     72  50001      0     64  2009065 2009084
 2021348     64     72  50001      0     64  2009043 2009086
 2021349     64     72  50001      0     64  2009072 2009087
 2021350     64     72  50001      0     64  2009027   14729
 2021351     64     72  50001      0     64  2009028   15457
 2021352     64     72  50001      0     64  2009029   16185
 2021353     64     72  50001      0     64  2009030   16913
 2021354     64     72  50001      0     64  2009031   17641
 2021355     64     72  50001      0     64  2009032   18369
 2021356     64     72  50001      0     64  2009033   19097
 2021357     64     72  50001      0     64  2009034   19825
 2021358     64     72  50001      0     64  2009035   20553
 2021359     64     72  50001      0     64  2009036   21281
 2021360     64     72  50001      0     64  2009037   22009
 2021361     64     72  50001      0     64  2009038   22737
 2021362     64     72  50001      0     64  2009039   23465
 2021363     64     72  50001      0     64  2009040   24193
 2021364     64     72  50001      0     64  2009041   24921
 2021365     64     72  50001      0     64  2009042   25649
 2021366     64     72  50001      0     64  2009066   26054
 2021367     64     72  50001      0     64  2009067   26449
 2021368     64     72  50001      0     64  2009068   26844
 2021369     64     72  50001      0     64  2009069   27239
 2021370     64     72  50001      0     64  2009070   27634
 2021371     64     72  50001      0     64  2009071   28029
 2021372     64     72  50001      0     64  2000131 2009246
 2021373     64     72  50001      0     64  2000131 2009247
 2021374     64     72  50001      0     64  2000132 2009248
 2021375     64     72  50001      0     64  2000132 2009249
 2021376     64     72  50001      0     64  2000133 2009250
 2021377     64     72  50001      0     64  2000133 2009251
 2021378     64     72  50001      0     64  2000134 2009252
 2021379     64     72  50001      0     64  2000134 2009253

 *** MAPDL - ENGINEERING ANALYSIS SYSTEM  RELEASE 2026 R1          26.1     ***
 Ansys Mechanical Enterprise                       
 20120530  VERSION=WINDOWS x64   12:12:18  AUG 02, 2026 Elapsed Time=     13.370

 C10 A0 CURRENT TYPE72 S10 DIRECT SPATIAL GRAVITY RAMP STATIC ONLY NRRE        


 
    ELEM    MAT    TYP    REL    ESY    SEC        NODES
 
 2021380     64     72  50001      0     64  2000135 2009254
 2021381     64     72  50001      0     64  2000135 2009255
 2021382     64     72  50001      0     64  2000136 2009256
 2021383     64     72  50001      0     64  2000136 2009257
 2021384     64     72  50001      0     64  2000137 2009258
 2021385     64     72  50001      0     64  2000137 2009259
 2021386     64     72  50001      0     64  2000138 2009260
 2021387     64     72  50001      0     64  2000138 2009261
 2021388     64     72  50001      0     64  2000139 2009262
 2021389     64     72  50001      0     64  2000139 2009263
 2021390     64     72  50001      0     64  2000140 2009264
 2021391     64     72  50001      0     64  2000140 2009265
 2021392     64     72  50001      0     64  2000141 2009266
 2021393     64     72  50001      0     64  2000141 2009267
 2021394     64     72  50001      0     64  2000142 2009268
 2021395     64     72  50001      0     64  2000142 2009269
 2021396     64     72  50001      0     64  2000143 2009270
 2021397     64     72  50001      0     64  2000143 2009271
 2021398     64     72  50001      0     64  2000144 2009272
 2021399     64     72  50001      0     64  2000144 2009273
 2021400     64     72  50001      0     64  2000145 2009274
 2021401     64     72  50001      0     64  2000145 2009275
 2021402     64     72  50001      0     64  2000146 2009276
 2021403     64     72  50001      0     64  2000146 2009277
 2021404     64     72  50001      0     64  2004675 2009278
 2021405     64     72  50001      0     64  2004675 2009279
 2021406     64     72  50001      0     64  2004676 2009280
 2021407     64     72  50001      0     64  2004676 2009281
 2021408     64     72  50001      0     64  2004677 2009282
 2021409     64     72  50001      0     64  2004677 2009283
 2021410     64     72  50001      0     64  2004678 2009284
 2021411     64     72  50001      0     64  2004678 2009285
 2021412     64     72  50001      0     64  2004679 2009286
 2021413     64     72  50001      0     64  2004679 2009287
 2021414     64     72  50001      0     64  2004680 2009288
 2021415     64     72  50001      0     64  2004680 2009289
 2021416     64     72  50001      0     64  2004681 2009290
 2021417     64     72  50001      0     64  2004681 2009291
 2021418     64     72  50001      0     64  2004682 2009292
 2021419     64     72  50001      0     64  2004682 2009293
 2021420     64     72  50001      0     64  2004683 2009294
 2021421     64     72  50001      0     64  2004683 2009295
 2021422     64     72  50001      0     64  2004684 2009296
 2021423     64     72  50001      0     64  2004684 2009297
 2021424     64     72  50001      0     64  2004685 2009298
 2021425     64     72  50001      0     64  2004685 2009299
 2021426     64     72  50001      0     64  2004686 2009300
 2021427     64     72  50001      0     64  2004686 2009301
 2021428     64     72  50001      0     64  2004687 2009302
 2021429     64     72  50001      0     64  2004687 2009303

 *** MAPDL - ENGINEERING ANALYSIS SYSTEM  RELEASE 2026 R1          26.1     ***
 Ansys Mechanical Enterprise                       
 20120530  VERSION=WINDOWS x64   12:12:18  AUG 02, 2026 Elapsed Time=     13.370

 C10 A0 CURRENT TYPE72 S10 DIRECT SPATIAL GRAVITY RAMP STATIC ONLY NRRE        


 
    ELEM    MAT    TYP    REL    ESY    SEC        NODES
 
 2021430     64     72  50001      0     64  2004688 2009304
 2021431     64     72  50001      0     64  2004688 2009305
 2021432     64     72  50001      0     64  2004689 2009306
 2021433     64     72  50001      0     64  2004689 2009307
 2021434     64     72  50001      0     64  2004690 2009308
 2021435     64     72  50001      0     64  2004690 2009309
 2021436     64     72  50001      0     64  2000131 2010059
 2021437     64     72  50001      0     64  2004690 2010063
 2021438     64     72  50001      0     64  2000323 2010224
 2021439     64     72  50001      0     64  2000323 2010225
 2021440     64     72  50001      0     64  2000324 2010226
 2021441     64     72  50001      0     64  2000324 2010227
 2021442     64     72  50001      0     64  2000325 2010228
 2021443     64     72  50001      0     64  2000325 2010229
 2021444     64     72  50001      0     64  2000326 2010230
 2021445     64     72  50001      0     64  2000326 2010231
 2021446     64     72  50001      0     64  2000327 2010232
 2021447     64     72  50001      0     64  2000327 2010233
 2021448     64     72  50001      0     64  2000328 2010234
 2021449     64     72  50001      0     64  2000328 2010235
 2021450     64     72  50001      0     64  2000329 2010236
 2021451     64     72  50001      0     64  2000329 2010237
 2021452     64     72  50001      0     64  2000330 2010238
 2021453     64     72  50001      0     64  2000330 2010239
 2021454     64     72  50001      0     64  2000331 2010240
 2021455     64     72  50001      0     64  2000331 2010241
 2021456     64     72  50001      0     64  2000332 2010242
 2021457     64     72  50001      0     64  2000332 2010243
 2021458     64     72  50001      0     64  2000333 2010244
 2021459     64     72  50001      0     64  2000333 2010245
 2021460     64     72  50001      0     64  2000334 2010246
 2021461     64     72  50001      0     64  2000334 2010247
 2021462     64     72  50001      0     64  2000335 2010248
 2021463     64     72  50001      0     64  2000335 2010249
 2021464     64     72  50001      0     64  2000336 2010250
 2021465     64     72  50001      0     64  2000336 2010251
 2021466     64     72  50001      0     64  2000337 2010252
 2021467     64     72  50001      0     64  2000337 2010253
 2021468     64     72  50001      0     64  2000338 2010254
 2021469     64     72  50001      0     64  2000338 2010255
 2021470     64     72  50001      0     64  2004867 2010256
 2021471     64     72  50001      0     64  2004867 2010257
 2021472     64     72  50001      0     64  2004868 2010258
 2021473     64     72  50001      0     64  2004868 2010259
 2021474     64     72  50001      0     64  2004869 2010260
 2021475     64     72  50001      0     64  2004869 2010261
 2021476     64     72  50001      0     64  2004870 2010262
 2021477     64     72  50001      0     64  2004870 2010263
 2021478     64     72  50001      0     64  2004871 2010264
 2021479     64     72  50001      0     64  2004871 2010265

 *** MAPDL - ENGINEERING ANALYSIS SYSTEM  RELEASE 2026 R1          26.1     ***
 Ansys Mechanical Enterprise                       
 20120530  VERSION=WINDOWS x64   12:12:18  AUG 02, 2026 Elapsed Time=     13.370

 C10 A0 CURRENT TYPE72 S10 DIRECT SPATIAL GRAVITY RAMP STATIC ONLY NRRE        


 
    ELEM    MAT    TYP    REL    ESY    SEC        NODES
 
 2021480     64     72  50001      0     64  2004872 2010266
 2021481     64     72  50001      0     64  2004872 2010267
 2021482     64     72  50001      0     64  2004873 2010268
 2021483     64     72  50001      0     64  2004873 2010269
 2021484     64     72  50001      0     64  2004874 2010270
 2021485     64     72  50001      0     64  2004874 2010271
 2021486     64     72  50001      0     64  2004875 2010272
 2021487     64     72  50001      0     64  2004875 2010273
 2021488     64     72  50001      0     64  2004876 2010274
 2021489     64     72  50001      0     64  2004876 2010275
 2021490     64     72  50001      0     64  2004877 2010276
 2021491     64     72  50001      0     64  2004877 2010277
 2021492     64     72  50001      0     64  2004878 2010278
 2021493     64     72  50001      0     64  2004878 2010279
 2021494     64     72  50001      0     64  2004879 2010280
 2021495     64     72  50001      0     64  2004879 2010281
 2021496     64     72  50001      0     64  2004880 2010282
 2021497     64     72  50001      0     64  2004880 2010283
 2021498     64     72  50001      0     64  2004881 2010284
 2021499     64     72  50001      0     64  2004881 2010285
 2021500     64     72  50001      0     64  2004882 2010286
 2021501     64     72  50001      0     64  2004882 2010287
 2021502     64     72  50001      0     64  2000323 2011037
 2021503     64     72  50001      0     64  2004882 2011041
 2021504     64     72  50001      0     64  2000515 2011202
 2021505     64     72  50001      0     64  2000515 2011203
 2021506     64     72  50001      0     64  2000516 2011204
 2021507     64     72  50001      0     64  2000516 2011205
 2021508     64     72  50001      0     64  2000517 2011206
 2021509     64     72  50001      0     64  2000517 2011207
 2021510     64     72  50001      0     64  2000518 2011208
 2021511     64     72  50001      0     64  2000518 2011209
 2021512     64     72  50001      0     64  2000519 2011210
 2021513     64     72  50001      0     64  2000519 2011211
 2021514     64     72  50001      0     64  2000520 2011212
 2021515     64     72  50001      0     64  2000520 2011213
 2021516     64     72  50001      0     64  2000521 2011214
 2021517     64     72  50001      0     64  2000521 2011215
 2021518     64     72  50001      0     64  2000522 2011216
 2021519     64     72  50001      0     64  2000522 2011217
 2021520     64     72  50001      0     64  2000523 2011218
 2021521     64     72  50001      0     64  2000523 2011219
 2021522     64     72  50001      0     64  2000524 2011220
 2021523     64     72  50001      0     64  2000524 2011221
 2021524     64     72  50001      0     64  2000525 2011222
 2021525     64     72  50001      0     64  2000525 2011223
 2021526     64     72  50001      0     64  2000526 2011224
 2021527     64     72  50001      0     64  2000526 2011225
 2021528     64     72  50001      0     64  2000527 2011226
 2021529     64     72  50001      0     64  2000527 2011227

 *** MAPDL - ENGINEERING ANALYSIS SYSTEM  RELEASE 2026 R1          26.1     ***
 Ansys Mechanical Enterprise                       
 20120530  VERSION=WINDOWS x64   12:12:18  AUG 02, 2026 Elapsed Time=     13.371

 C10 A0 CURRENT TYPE72 S10 DIRECT SPATIAL GRAVITY RAMP STATIC ONLY NRRE        


 
    ELEM    MAT    TYP    REL    ESY    SEC        NODES
 
 2021530     64     72  50001      0     64  2000528 2011228
 2021531     64     72  50001      0     64  2000528 2011229
 2021532     64     72  50001      0     64  2000529 2011230
 2021533     64     72  50001      0     64  2000529 2011231
 2021534     64     72  50001      0     64  2000530 2011232
 2021535     64     72  50001      0     64  2000530 2011233
 2021536     64     72  50001      0     64  2005059 2011234
 2021537     64     72  50001      0     64  2005059 2011235
 2021538     64     72  50001      0     64  2005060 2011236
 2021539     64     72  50001      0     64  2005060 2011237
 2021540     64     72  50001      0     64  2005061 2011238
 2021541     64     72  50001      0     64  2005061 2011239
 2021542     64     72  50001      0     64  2005062 2011240
 2021543     64     72  50001      0     64  2005062 2011241
 2021544     64     72  50001      0     64  2005063 2011242
 2021545     64     72  50001      0     64  2005063 2011243
 2021546     64     72  50001      0     64  2005064 2011244
 2021547     64     72  50001      0     64  2005064 2011245
 2021548     64     72  50001      0     64  2005065 2011246
 2021549     64     72  50001      0     64  2005065 2011247
 2021550     64     72  50001      0     64  2005066 2011248
 2021551     64     72  50001      0     64  2005066 2011249
 2021552     64     72  50001      0     64  2005067 2011250
 2021553     64     72  50001      0     64  2005067 2011251
 2021554     64     72  50001      0     64  2005068 2011252
 2021555     64     72  50001      0     64  2005068 2011253
 2021556     64     72  50001      0     64  2005069 2011254
 2021557     64     72  50001      0     64  2005069 2011255
 2021558     64     72  50001      0     64  2005070 2011256
 2021559     64     72  50001      0     64  2005070 2011257
 2021560     64     72  50001      0     64  2005071 2011258
 2021561     64     72  50001      0     64  2005071 2011259
 2021562     64     72  50001      0     64  2005072 2011260
 2021563     64     72  50001      0     64  2005072 2011261
 2021564     64     72  50001      0     64  2005073 2011262
 2021565     64     72  50001      0     64  2005073 2011263
 2021566     64     72  50001      0     64  2005074 2011264
 2021567     64     72  50001      0     64  2005074 2011265
 2021568     64     72  50001      0     64  2000515 2012015
 2021569     64     72  50001      0     64  2005074 2012019
 2021570     64     72  50001      0     64  2000835 2012180
 2021571     64     72  50001      0     64  2000835 2012181
 2021572     64     72  50001      0     64  2000836 2012182
 2021573     64     72  50001      0     64  2000836 2012183
 2021574     64     72  50001      0     64  2000837 2012184
 2021575     64     72  50001      0     64  2000837 2012185
 2021576     64     72  50001      0     64  2000838 2012186
 2021577     64     72  50001      0     64  2000838 2012187
 2021578     64     72  50001      0     64  2000839 2012188
 2021579     64     72  50001      0     64  2000839 2012189

 *** MAPDL - ENGINEERING ANALYSIS SYSTEM  RELEASE 2026 R1          26.1     ***
 Ansys Mechanical Enterprise                       
 20120530  VERSION=WINDOWS x64   12:12:18  AUG 02, 2026 Elapsed Time=     13.371

 C10 A0 CURRENT TYPE72 S10 DIRECT SPATIAL GRAVITY RAMP STATIC ONLY NRRE        


 
    ELEM    MAT    TYP    REL    ESY    SEC        NODES
 
 2021580     64     72  50001      0     64  2000840 2012190
 2021581     64     72  50001      0     64  2000840 2012191
 2021582     64     72  50001      0     64  2000841 2012192
 2021583     64     72  50001      0     64  2000841 2012193
 2021584     64     72  50001      0     64  2000842 2012194
 2021585     64     72  50001      0     64  2000842 2012195
 2021586     64     72  50001      0     64  2000843 2012196
 2021587     64     72  50001      0     64  2000843 2012197
 2021588     64     72  50001      0     64  2000844 2012198
 2021589     64     72  50001      0     64  2000844 2012199
 2021590     64     72  50001      0     64  2000845 2012200
 2021591     64     72  50001      0     64  2000845 2012201
 2021592     64     72  50001      0     64  2000846 2012202
 2021593     64     72  50001      0     64  2000846 2012203
 2021594     64     72  50001      0     64  2000847 2012204
 2021595     64     72  50001      0     64  2000847 2012205
 2021596     64     72  50001      0     64  2000848 2012206
 2021597     64     72  50001      0     64  2000848 2012207
 2021598     64     72  50001      0     64  2000849 2012208
 2021599     64     72  50001      0     64  2000849 2012209
 2021600     64     72  50001      0     64  2000850 2012210
 2021601     64     72  50001      0     64  2000850 2012211
 2021602     64     72  50001      0     64  2005379 2012212
 2021603     64     72  50001      0     64  2005379 2012213
 2021604     64     72  50001      0     64  2005380 2012214
 2021605     64     72  50001      0     64  2005380 2012215
 2021606     64     72  50001      0     64  2005381 2012216
 2021607     64     72  50001      0     64  2005381 2012217
 2021608     64     72  50001      0     64  2005382 2012218
 2021609     64     72  50001      0     64  2005382 2012219
 2021610     64     72  50001      0     64  2005383 2012220
 2021611     64     72  50001      0     64  2005383 2012221
 2021612     64     72  50001      0     64  2005384 2012222
 2021613     64     72  50001      0     64  2005384 2012223
 2021614     64     72  50001      0     64  2005385 2012224
 2021615     64     72  50001      0     64  2005385 2012225
 2021616     64     72  50001      0     64  2005386 2012226
 2021617     64     72  50001      0     64  2005386 2012227
 2021618     64     72  50001      0     64  2005387 2012228
 2021619     64     72  50001      0     64  2005387 2012229
 2021620     64     72  50001      0     64  2005388 2012230
 2021621     64     72  50001      0     64  2005388 2012231
 2021622     64     72  50001      0     64  2005389 2012232
 2021623     64     72  50001      0     64  2005389 2012233
 2021624     64     72  50001      0     64  2005390 2012234
 2021625     64     72  50001      0     64  2005390 2012235
 2021626     64     72  50001      0     64  2005391 2012236
 2021627     64     72  50001      0     64  2005391 2012237
 2021628     64     72  50001      0     64  2005392 2012238
 2021629     64     72  50001      0     64  2005392 2012239

 *** MAPDL - ENGINEERING ANALYSIS SYSTEM  RELEASE 2026 R1          26.1     ***
 Ansys Mechanical Enterprise                       
 20120530  VERSION=WINDOWS x64   12:12:18  AUG 02, 2026 Elapsed Time=     13.371

 C10 A0 CURRENT TYPE72 S10 DIRECT SPATIAL GRAVITY RAMP STATIC ONLY NRRE        


 
    ELEM    MAT    TYP    REL    ESY    SEC        NODES
 
 2021630     64     72  50001      0     64  2005393 2012240
 2021631     64     72  50001      0     64  2005393 2012241
 2021632     64     72  50001      0     64  2005394 2012242
 2021633     64     72  50001      0     64  2005394 2012243
 2021634     64     72  50001      0     64  2000835 2012993
 2021635     64     72  50001      0     64  2005394 2012997
 2021636     64     72  50001      0     64  2001027 2013158
 2021637     64     72  50001      0     64  2001027 2013159
 2021638     64     72  50001      0     64  2001028 2013160
 2021639     64     72  50001      0     64  2001028 2013161
 2021640     64     72  50001      0     64  2001029 2013162
 2021641     64     72  50001      0     64  2001029 2013163
 2021642     64     72  50001      0     64  2001030 2013164
 2021643     64     72  50001      0     64  2001030 2013165
 2021644     64     72  50001      0     64  2001031 2013166
 2021645     64     72  50001      0     64  2001031 2013167
 2021646     64     72  50001      0     64  2001032 2013168
 2021647     64     72  50001      0     64  2001032 2013169
 2021648     64     72  50001      0     64  2001033 2013170
 2021649     64     72  50001      0     64  2001033 2013171
 2021650     64     72  50001      0     64  2001034 2013172
 2021651     64     72  50001      0     64  2001034 2013173
 2021652     64     72  50001      0     64  2001035 2013174
 2021653     64     72  50001      0     64  2001035 2013175
 2021654     64     72  50001      0     64  2001036 2013176
 2021655     64     72  50001      0     64  2001036 2013177
 2021656     64     72  50001      0     64  2001037 2013178
 2021657     64     72  50001      0     64  2001037 2013179
 2021658     64     72  50001      0     64  2001038 2013180
 2021659     64     72  50001      0     64  2001038 2013181
 2021660     64     72  50001      0     64  2001039 2013182
 2021661     64     72  50001      0     64  2001039 2013183
 2021662     64     72  50001      0     64  2001040 2013184
 2021663     64     72  50001      0     64  2001040 2013185
 2021664     64     72  50001      0     64  2001041 2013186
 2021665     64     72  50001      0     64  2001041 2013187
 2021666     64     72  50001      0     64  2001042 2013188
 2021667     64     72  50001      0     64  2001042 2013189
 2021668     64     72  50001      0     64  2005571 2013190
 2021669     64     72  50001      0     64  2005571 2013191
 2021670     64     72  50001      0     64  2005572 2013192
 2021671     64     72  50001      0     64  2005572 2013193
 2021672     64     72  50001      0     64  2005573 2013194
 2021673     64     72  50001      0     64  2005573 2013195
 2021674     64     72  50001      0     64  2005574 2013196
 2021675     64     72  50001      0     64  2005574 2013197
 2021676     64     72  50001      0     64  2005575 2013198
 2021677     64     72  50001      0     64  2005575 2013199
 2021678     64     72  50001      0     64  2005576 2013200
 2021679     64     72  50001      0     64  2005576 2013201

 *** MAPDL - ENGINEERING ANALYSIS SYSTEM  RELEASE 2026 R1          26.1     ***
 Ansys Mechanical Enterprise                       
 20120530  VERSION=WINDOWS x64   12:12:18  AUG 02, 2026 Elapsed Time=     13.371

 C10 A0 CURRENT TYPE72 S10 DIRECT SPATIAL GRAVITY RAMP STATIC ONLY NRRE        


 
    ELEM    MAT    TYP    REL    ESY    SEC        NODES
 
 2021680     64     72  50001      0     64  2005577 2013202
 2021681     64     72  50001      0     64  2005577 2013203
 2021682     64     72  50001      0     64  2005578 2013204
 2021683     64     72  50001      0     64  2005578 2013205
 2021684     64     72  50001      0     64  2005579 2013206
 2021685     64     72  50001      0     64  2005579 2013207
 2021686     64     72  50001      0     64  2005580 2013208
 2021687     64     72  50001      0     64  2005580 2013209
 2021688     64     72  50001      0     64  2005581 2013210
 2021689     64     72  50001      0     64  2005581 2013211
 2021690     64     72  50001      0     64  2005582 2013212
 2021691     64     72  50001      0     64  2005582 2013213
 2021692     64     72  50001      0     64  2005583 2013214
 2021693     64     72  50001      0     64  2005583 2013215
 2021694     64     72  50001      0     64  2005584 2013216
 2021695     64     72  50001      0     64  2005584 2013217
 2021696     64     72  50001      0     64  2005585 2013218
 2021697     64     72  50001      0     64  2005585 2013219
 2021698     64     72  50001      0     64  2005586 2013220
 2021699     64     72  50001      0     64  2005586 2013221
 2021700     64     72  50001      0     64  2001027 2013971
 2021701     64     72  50001      0     64  2005586 2013975
 2021702     64     72  50001      0     64  2001219 2014136
 2021703     64     72  50001      0     64  2001219 2014137
 2021704     64     72  50001      0     64  2001220 2014138
 2021705     64     72  50001      0     64  2001220 2014139
 2021706     64     72  50001      0     64  2001221 2014140
 2021707     64     72  50001      0     64  2001221 2014141
 2021708     64     72  50001      0     64  2001222 2014142
 2021709     64     72  50001      0     64  2001222 2014143
 2021710     64     72  50001      0     64  2001223 2014144
 2021711     64     72  50001      0     64  2001223 2014145
 2021712     64     72  50001      0     64  2001224 2014146
 2021713     64     72  50001      0     64  2001224 2014147
 2021714     64     72  50001      0     64  2001225 2014148
 2021715     64     72  50001      0     64  2001225 2014149
 2021716     64     72  50001      0     64  2001226 2014150
 2021717     64     72  50001      0     64  2001226 2014151
 2021718     64     72  50001      0     64  2001227 2014152
 2021719     64     72  50001      0     64  2001227 2014153
 2021720     64     72  50001      0     64  2001228 2014154
 2021721     64     72  50001      0     64  2001228 2014155
 2021722     64     72  50001      0     64  2001229 2014156
 2021723     64     72  50001      0     64  2001229 2014157
 2021724     64     72  50001      0     64  2001230 2014158
 2021725     64     72  50001      0     64  2001230 2014159
 2021726     64     72  50001      0     64  2001231 2014160
 2021727     64     72  50001      0     64  2001231 2014161
 2021728     64     72  50001      0     64  2001232 2014162
 2021729     64     72  50001      0     64  2001232 2014163

 *** MAPDL - ENGINEERING ANALYSIS SYSTEM  RELEASE 2026 R1          26.1     ***
 Ansys Mechanical Enterprise                       
 20120530  VERSION=WINDOWS x64   12:12:18  AUG 02, 2026 Elapsed Time=     13.371

 C10 A0 CURRENT TYPE72 S10 DIRECT SPATIAL GRAVITY RAMP STATIC ONLY NRRE        


 
    ELEM    MAT    TYP    REL    ESY    SEC        NODES
 
 2021730     64     72  50001      0     64  2001233 2014164
 2021731     64     72  50001      0     64  2001233 2014165
 2021732     64     72  50001      0     64  2001234 2014166
 2021733     64     72  50001      0     64  2001234 2014167
 2021734     64     72  50001      0     64  2005763 2014168
 2021735     64     72  50001      0     64  2005763 2014169
 2021736     64     72  50001      0     64  2005764 2014170
 2021737     64     72  50001      0     64  2005764 2014171
 2021738     64     72  50001      0     64  2005765 2014172
 2021739     64     72  50001      0     64  2005765 2014173
 2021740     64     72  50001      0     64  2005766 2014174
 2021741     64     72  50001      0     64  2005766 2014175
 2021742     64     72  50001      0     64  2005767 2014176
 2021743     64     72  50001      0     64  2005767 2014177
 2021744     64     72  50001      0     64  2005768 2014178
 2021745     64     72  50001      0     64  2005768 2014179
 2021746     64     72  50001      0     64  2005769 2014180
 2021747     64     72  50001      0     64  2005769 2014181
 2021748     64     72  50001      0     64  2005770 2014182
 2021749     64     72  50001      0     64  2005770 2014183
 2021750     64     72  50001      0     64  2005771 2014184
 2021751     64     72  50001      0     64  2005771 2014185
 2021752     64     72  50001      0     64  2005772 2014186
 2021753     64     72  50001      0     64  2005772 2014187
 2021754     64     72  50001      0     64  2005773 2014188
 2021755     64     72  50001      0     64  2005773 2014189
 2021756     64     72  50001      0     64  2005774 2014190
 2021757     64     72  50001      0     64  2005774 2014191
 2021758     64     72  50001      0     64  2005775 2014192
 2021759     64     72  50001      0     64  2005775 2014193
 2021760     64     72  50001      0     64  2005776 2014194
 2021761     64     72  50001      0     64  2005776 2014195
 2021762     64     72  50001      0     64  2005777 2014196
 2021763     64     72  50001      0     64  2005777 2014197
 2021764     64     72  50001      0     64  2005778 2014198
 2021765     64     72  50001      0     64  2005778 2014199
 2021766     64     72  50001      0     64  2001219 2014949
 2021767     64     72  50001      0     64  2005778 2014953
 2021768     64     72  50001      0     64  2001411 2015114
 2021769     64     72  50001      0     64  2001411 2015115
 2021770     64     72  50001      0     64  2001412 2015116
 2021771     64     72  50001      0     64  2001412 2015117
 2021772     64     72  50001      0     64  2001413 2015118
 2021773     64     72  50001      0     64  2001413 2015119
 2021774     64     72  50001      0     64  2001414 2015120
 2021775     64     72  50001      0     64  2001414 2015121
 2021776     64     72  50001      0     64  2001415 2015122
 2021777     64     72  50001      0     64  2001415 2015123
 2021778     64     72  50001      0     64  2001416 2015124
 2021779     64     72  50001      0     64  2001416 2015125

 *** MAPDL - ENGINEERING ANALYSIS SYSTEM  RELEASE 2026 R1          26.1     ***
 Ansys Mechanical Enterprise                       
 20120530  VERSION=WINDOWS x64   12:12:18  AUG 02, 2026 Elapsed Time=     13.371

 C10 A0 CURRENT TYPE72 S10 DIRECT SPATIAL GRAVITY RAMP STATIC ONLY NRRE        


 
    ELEM    MAT    TYP    REL    ESY    SEC        NODES
 
 2021780     64     72  50001      0     64  2001417 2015126
 2021781     64     72  50001      0     64  2001417 2015127
 2021782     64     72  50001      0     64  2001418 2015128
 2021783     64     72  50001      0     64  2001418 2015129
 2021784     64     72  50001      0     64  2001419 2015130
 2021785     64     72  50001      0     64  2001419 2015131
 2021786     64     72  50001      0     64  2001420 2015132
 2021787     64     72  50001      0     64  2001420 2015133
 2021788     64     72  50001      0     64  2001421 2015134
 2021789     64     72  50001      0     64  2001421 2015135
 2021790     64     72  50001      0     64  2001422 2015136
 2021791     64     72  50001      0     64  2001422 2015137
 2021792     64     72  50001      0     64  2001423 2015138
 2021793     64     72  50001      0     64  2001423 2015139
 2021794     64     72  50001      0     64  2001424 2015140
 2021795     64     72  50001      0     64  2001424 2015141
 2021796     64     72  50001      0     64  2001425 2015142
 2021797     64     72  50001      0     64  2001425 2015143
 2021798     64     72  50001      0     64  2001426 2015144
 2021799     64     72  50001      0     64  2001426 2015145
 2021800     64     72  50001      0     64  2005955 2015146
 2021801     64     72  50001      0     64  2005955 2015147
 2021802     64     72  50001      0     64  2005956 2015148
 2021803     64     72  50001      0     64  2005956 2015149
 2021804     64     72  50001      0     64  2005957 2015150
 2021805     64     72  50001      0     64  2005957 2015151
 2021806     64     72  50001      0     64  2005958 2015152
 2021807     64     72  50001      0     64  2005958 2015153
 2021808     64     72  50001      0     64  2005959 2015154
 2021809     64     72  50001      0     64  2005959 2015155
 2021810     64     72  50001      0     64  2005960 2015156
 2021811     64     72  50001      0     64  2005960 2015157
 2021812     64     72  50001      0     64  2005961 2015158
 2021813     64     72  50001      0     64  2005961 2015159
 2021814     64     72  50001      0     64  2005962 2015160
 2021815     64     72  50001      0     64  2005962 2015161
 2021816     64     72  50001      0     64  2005963 2015162
 2021817     64     72  50001      0     64  2005963 2015163
 2021818     64     72  50001      0     64  2005964 2015164
 2021819     64     72  50001      0     64  2005964 2015165
 2021820     64     72  50001      0     64  2005965 2015166
 2021821     64     72  50001      0     64  2005965 2015167
 2021822     64     72  50001      0     64  2005966 2015168
 2021823     64     72  50001      0     64  2005966 2015169
 2021824     64     72  50001      0     64  2005967 2015170
 2021825     64     72  50001      0     64  2005967 2015171
 2021826     64     72  50001      0     64  2005968 2015172
 2021827     64     72  50001      0     64  2005968 2015173
 2021828     64     72  50001      0     64  2005969 2015174
 2021829     64     72  50001      0     64  2005969 2015175

 *** MAPDL - ENGINEERING ANALYSIS SYSTEM  RELEASE 2026 R1          26.1     ***
 Ansys Mechanical Enterprise                       
 20120530  VERSION=WINDOWS x64   12:12:18  AUG 02, 2026 Elapsed Time=     13.371

 C10 A0 CURRENT TYPE72 S10 DIRECT SPATIAL GRAVITY RAMP STATIC ONLY NRRE        


 
    ELEM    MAT    TYP    REL    ESY    SEC        NODES
 
 2021830     64     72  50001      0     64  2005970 2015176
 2021831     64     72  50001      0     64  2005970 2015177
 2021832     64     72  50001      0     64  2001411 2015927
 2021833     64     72  50001      0     64  2005970 2015931
 2021834     64     72  50001      0     64  2001603 2016092
 2021835     64     72  50001      0     64  2001603 2016093
 2021836     64     72  50001      0     64  2001604 2016094
 2021837     64     72  50001      0     64  2001604 2016095
 2021838     64     72  50001      0     64  2001605 2016096
 2021839     64     72  50001      0     64  2001605 2016097
 2021840     64     72  50001      0     64  2001606 2016098
 2021841     64     72  50001      0     64  2001606 2016099
 2021842     64     72  50001      0     64  2001607 2016100
 2021843     64     72  50001      0     64  2001607 2016101
 2021844     64     72  50001      0     64  2001608 2016102
 2021845     64     72  50001      0     64  2001608 2016103
 2021846     64     72  50001      0     64  2001609 2016104
 2021847     64     72  50001      0     64  2001609 2016105
 2021848     64     72  50001      0     64  2001610 2016106
 2021849     64     72  50001      0     64  2001610 2016107
 2021850     64     72  50001      0     64  2001611 2016108
 2021851     64     72  50001      0     64  2001611 2016109
 2021852     64     72  50001      0     64  2001612 2016110
 2021853     64     72  50001      0     64  2001612 2016111
 2021854     64     72  50001      0     64  2001613 2016112
 2021855     64     72  50001      0     64  2001613 2016113
 2021856     64     72  50001      0     64  2001614 2016114
 2021857     64     72  50001      0     64  2001614 2016115
 2021858     64     72  50001      0     64  2001615 2016116
 2021859     64     72  50001      0     64  2001615 2016117
 2021860     64     72  50001      0     64  2001616 2016118
 2021861     64     72  50001      0     64  2001616 2016119
 2021862     64     72  50001      0     64  2001617 2016120
 2021863     64     72  50001      0     64  2001617 2016121
 2021864     64     72  50001      0     64  2001618 2016122
 2021865     64     72  50001      0     64  2001618 2016123
 2021866     64     72  50001      0     64  2006147 2016124
 2021867     64     72  50001      0     64  2006147 2016125
 2021868     64     72  50001      0     64  2006148 2016126
 2021869     64     72  50001      0     64  2006148 2016127
 2021870     64     72  50001      0     64  2006149 2016128
 2021871     64     72  50001      0     64  2006149 2016129
 2021872     64     72  50001      0     64  2006150 2016130
 2021873     64     72  50001      0     64  2006150 2016131
 2021874     64     72  50001      0     64  2006151 2016132
 2021875     64     72  50001      0     64  2006151 2016133
 2021876     64     72  50001      0     64  2006152 2016134
 2021877     64     72  50001      0     64  2006152 2016135
 2021878     64     72  50001      0     64  2006153 2016136
 2021879     64     72  50001      0     64  2006153 2016137

 *** MAPDL - ENGINEERING ANALYSIS SYSTEM  RELEASE 2026 R1          26.1     ***
 Ansys Mechanical Enterprise                       
 20120530  VERSION=WINDOWS x64   12:12:18  AUG 02, 2026 Elapsed Time=     13.371

 C10 A0 CURRENT TYPE72 S10 DIRECT SPATIAL GRAVITY RAMP STATIC ONLY NRRE        


 
    ELEM    MAT    TYP    REL    ESY    SEC        NODES
 
 2021880     64     72  50001      0     64  2006154 2016138
 2021881     64     72  50001      0     64  2006154 2016139
 2021882     64     72  50001      0     64  2006155 2016140
 2021883     64     72  50001      0     64  2006155 2016141
 2021884     64     72  50001      0     64  2006156 2016142
 2021885     64     72  50001      0     64  2006156 2016143
 2021886     64     72  50001      0     64  2006157 2016144
 2021887     64     72  50001      0     64  2006157 2016145
 2021888     64     72  50001      0     64  2006158 2016146
 2021889     64     72  50001      0     64  2006158 2016147
 2021890     64     72  50001      0     64  2006159 2016148
 2021891     64     72  50001      0     64  2006159 2016149
 2021892     64     72  50001      0     64  2006160 2016150
 2021893     64     72  50001      0     64  2006160 2016151
 2021894     64     72  50001      0     64  2006161 2016152
 2021895     64     72  50001      0     64  2006161 2016153
 2021896     64     72  50001      0     64  2006162 2016154
 2021897     64     72  50001      0     64  2006162 2016155
 2021898     64     72  50001      0     64  2001603 2016905
 2021899     64     72  50001      0     64  2006162 2016909
 2021900     64     72  50001      0     64  2001795 2017070
 2021901     64     72  50001      0     64  2001795 2017071
 2021902     64     72  50001      0     64  2001796 2017072
 2021903     64     72  50001      0     64  2001796 2017073
 2021904     64     72  50001      0     64  2001797 2017074
 2021905     64     72  50001      0     64  2001797 2017075
 2021906     64     72  50001      0     64  2001798 2017076
 2021907     64     72  50001      0     64  2001798 2017077
 2021908     64     72  50001      0     64  2001799 2017078
 2021909     64     72  50001      0     64  2001799 2017079
 2021910     64     72  50001      0     64  2001800 2017080
 2021911     64     72  50001      0     64  2001800 2017081
 2021912     64     72  50001      0     64  2001801 2017082
 2021913     64     72  50001      0     64  2001801 2017083
 2021914     64     72  50001      0     64  2001802 2017084
 2021915     64     72  50001      0     64  2001802 2017085
 2021916     64     72  50001      0     64  2001803 2017086
 2021917     64     72  50001      0     64  2001803 2017087
 2021918     64     72  50001      0     64  2001804 2017088
 2021919     64     72  50001      0     64  2001804 2017089
 2021920     64     72  50001      0     64  2001805 2017090
 2021921     64     72  50001      0     64  2001805 2017091
 2021922     64     72  50001      0     64  2001806 2017092
 2021923     64     72  50001      0     64  2001806 2017093
 2021924     64     72  50001      0     64  2001807 2017094
 2021925     64     72  50001      0     64  2001807 2017095
 2021926     64     72  50001      0     64  2001808 2017096
 2021927     64     72  50001      0     64  2001808 2017097
 2021928     64     72  50001      0     64  2001809 2017098
 2021929     64     72  50001      0     64  2001809 2017099

 *** MAPDL - ENGINEERING ANALYSIS SYSTEM  RELEASE 2026 R1          26.1     ***
 Ansys Mechanical Enterprise                       
 20120530  VERSION=WINDOWS x64   12:12:18  AUG 02, 2026 Elapsed Time=     13.371

 C10 A0 CURRENT TYPE72 S10 DIRECT SPATIAL GRAVITY RAMP STATIC ONLY NRRE        


 
    ELEM    MAT    TYP    REL    ESY    SEC        NODES
 
 2021930     64     72  50001      0     64  2001810 2017100
 2021931     64     72  50001      0     64  2001810 2017101
 2021932     64     72  50001      0     64  2006339 2017102
 2021933     64     72  50001      0     64  2006339 2017103
 2021934     64     72  50001      0     64  2006340 2017104
 2021935     64     72  50001      0     64  2006340 2017105
 2021936     64     72  50001      0     64  2006341 2017106
 2021937     64     72  50001      0     64  2006341 2017107
 2021938     64     72  50001      0     64  2006342 2017108
 2021939     64     72  50001      0     64  2006342 2017109
 2021940     64     72  50001      0     64  2006343 2017110
 2021941     64     72  50001      0     64  2006343 2017111
 2021942     64     72  50001      0     64  2006344 2017112
 2021943     64     72  50001      0     64  2006344 2017113
 2021944     64     72  50001      0     64  2006345 2017114
 2021945     64     72  50001      0     64  2006345 2017115
 2021946     64     72  50001      0     64  2006346 2017116
 2021947     64     72  50001      0     64  2006346 2017117
 2021948     64     72  50001      0     64  2006347 2017118
 2021949     64     72  50001      0     64  2006347 2017119
 2021950     64     72  50001      0     64  2006348 2017120
 2021951     64     72  50001      0     64  2006348 2017121
 2021952     64     72  50001      0     64  2006349 2017122
 2021953     64     72  50001      0     64  2006349 2017123
 2021954     64     72  50001      0     64  2006350 2017124
 2021955     64     72  50001      0     64  2006350 2017125
 2021956     64     72  50001      0     64  2006351 2017126
 2021957     64     72  50001      0     64  2006351 2017127
 2021958     64     72  50001      0     64  2006352 2017128
 2021959     64     72  50001      0     64  2006352 2017129
 2021960     64     72  50001      0     64  2006353 2017130
 2021961     64     72  50001      0     64  2006353 2017131
 2021962     64     72  50001      0     64  2006354 2017132
 2021963     64     72  50001      0     64  2006354 2017133
 2021964     64     72  50001      0     64  2001795 2017883
 2021965     64     72  50001      0     64  2006354 2017887
 2021966     64     72  50001      0     64  2001987 2018048
 2021967     64     72  50001      0     64  2001987 2018049
 2021968     64     72  50001      0     64  2001988 2018050
 2021969     64     72  50001      0     64  2001988 2018051
 2021970     64     72  50001      0     64  2001989 2018052
 2021971     64     72  50001      0     64  2001989 2018053
 2021972     64     72  50001      0     64  2001990 2018054
 2021973     64     72  50001      0     64  2001990 2018055
 2021974     64     72  50001      0     64  2001991 2018056
 2021975     64     72  50001      0     64  2001991 2018057
 2021976     64     72  50001      0     64  2001992 2018058
 2021977     64     72  50001      0     64  2001992 2018059
 2021978     64     72  50001      0     64  2001993 2018060
 2021979     64     72  50001      0     64  2001993 2018061

 *** MAPDL - ENGINEERING ANALYSIS SYSTEM  RELEASE 2026 R1          26.1     ***
 Ansys Mechanical Enterprise                       
 20120530  VERSION=WINDOWS x64   12:12:18  AUG 02, 2026 Elapsed Time=     13.371

 C10 A0 CURRENT TYPE72 S10 DIRECT SPATIAL GRAVITY RAMP STATIC ONLY NRRE        


 
    ELEM    MAT    TYP    REL    ESY    SEC        NODES
 
 2021980     64     72  50001      0     64  2001994 2018062
 2021981     64     72  50001      0     64  2001994 2018063
 2021982     64     72  50001      0     64  2001995 2018064
 2021983     64     72  50001      0     64  2001995 2018065
 2021984     64     72  50001      0     64  2001996 2018066
 2021985     64     72  50001      0     64  2001996 2018067
 2021986     64     72  50001      0     64  2001997 2018068
 2021987     64     72  50001      0     64  2001997 2018069
 2021988     64     72  50001      0     64  2001998 2018070
 2021989     64     72  50001      0     64  2001998 2018071
 2021990     64     72  50001      0     64  2001999 2018072
 2021991     64     72  50001      0     64  2001999 2018073
 2021992     64     72  50001      0     64  2002000 2018074
 2021993     64     72  50001      0     64  2002000 2018075
 2021994     64     72  50001      0     64  2002001 2018076
 2021995     64     72  50001      0     64  2002001 2018077
 2021996     64     72  50001      0     64  2002002 2018078
 2021997     64     72  50001      0     64  2002002 2018079
 2021998     64     72  50001      0     64  2006531 2018080
 2021999     64     72  50001      0     64  2006531 2018081
 2022000     64     72  50001      0     64  2006532 2018082
 2022001     64     72  50001      0     64  2006532 2018083
 2022002     64     72  50001      0     64  2006533 2018084
 2022003     64     72  50001      0     64  2006533 2018085
 2022004     64     72  50001      0     64  2006534 2018086
 2022005     64     72  50001      0     64  2006534 2018087
 2022006     64     72  50001      0     64  2006535 2018088
 2022007     64     72  50001      0     64  2006535 2018089
 2022008     64     72  50001      0     64  2006536 2018090
 2022009     64     72  50001      0     64  2006536 2018091
 2022010     64     72  50001      0     64  2006537 2018092
 2022011     64     72  50001      0     64  2006537 2018093
 2022012     64     72  50001      0     64  2006538 2018094
 2022013     64     72  50001      0     64  2006538 2018095
 2022014     64     72  50001      0     64  2006539 2018096
 2022015     64     72  50001      0     64  2006539 2018097
 2022016     64     72  50001      0     64  2006540 2018098
 2022017     64     72  50001      0     64  2006540 2018099
 2022018     64     72  50001      0     64  2006541 2018100
 2022019     64     72  50001      0     64  2006541 2018101
 2022020     64     72  50001      0     64  2006542 2018102
 2022021     64     72  50001      0     64  2006542 2018103
 2022022     64     72  50001      0     64  2006543 2018104
 2022023     64     72  50001      0     64  2006543 2018105
 2022024     64     72  50001      0     64  2006544 2018106
 2022025     64     72  50001      0     64  2006544 2018107
 2022026     64     72  50001      0     64  2006545 2018108
 2022027     64     72  50001      0     64  2006545 2018109
 2022028     64     72  50001      0     64  2006546 2018110
 2022029     64     72  50001      0     64  2006546 2018111

 *** MAPDL - ENGINEERING ANALYSIS SYSTEM  RELEASE 2026 R1          26.1     ***
 Ansys Mechanical Enterprise                       
 20120530  VERSION=WINDOWS x64   12:12:18  AUG 02, 2026 Elapsed Time=     13.371

 C10 A0 CURRENT TYPE72 S10 DIRECT SPATIAL GRAVITY RAMP STATIC ONLY NRRE        


 
    ELEM    MAT    TYP    REL    ESY    SEC        NODES
 
 2022030     64     72  50001      0     64  2001987 2018861
 2022031     64     72  50001      0     64  2006546 2018865
 2022032     64     72  50001      0     64  2002179 2019026
 2022033     64     72  50001      0     64  2002179 2019027
 2022034     64     72  50001      0     64  2002180 2019028
 2022035     64     72  50001      0     64  2002180 2019029
 2022036     64     72  50001      0     64  2002181 2019030
 2022037     64     72  50001      0     64  2002181 2019031
 2022038     64     72  50001      0     64  2002182 2019032
 2022039     64     72  50001      0     64  2002182 2019033
 2022040     64     72  50001      0     64  2002183 2019034
 2022041     64     72  50001      0     64  2002183 2019035
 2022042     64     72  50001      0     64  2002184 2019036
 2022043     64     72  50001      0     64  2002184 2019037
 2022044     64     72  50001      0     64  2002185 2019038
 2022045     64     72  50001      0     64  2002185 2019039
 2022046     64     72  50001      0     64  2002186 2019040
 2022047     64     72  50001      0     64  2002186 2019041
 2022048     64     72  50001      0     64  2002187 2019042
 2022049     64     72  50001      0     64  2002187 2019043
 2022050     64     72  50001      0     64  2002188 2019044
 2022051     64     72  50001      0     64  2002188 2019045
 2022052     64     72  50001      0     64  2002189 2019046
 2022053     64     72  50001      0     64  2002189 2019047
 2022054     64     72  50001      0     64  2002190 2019048
 2022055     64     72  50001      0     64  2002190 2019049
 2022056     64     72  50001      0     64  2002191 2019050
 2022057     64     72  50001      0     64  2002191 2019051
 2022058     64     72  50001      0     64  2002192 2019052
 2022059     64     72  50001      0     64  2002192 2019053
 2022060     64     72  50001      0     64  2002193 2019054
 2022061     64     72  50001      0     64  2002193 2019055
 2022062     64     72  50001      0     64  2002194 2019056
 2022063     64     72  50001      0     64  2002194 2019057
 2022064     64     72  50001      0     64  2006723 2019058
 2022065     64     72  50001      0     64  2006723 2019059
 2022066     64     72  50001      0     64  2006724 2019060
 2022067     64     72  50001      0     64  2006724 2019061
 2022068     64     72  50001      0     64  2006725 2019062
 2022069     64     72  50001      0     64  2006725 2019063
 2022070     64     72  50001      0     64  2006726 2019064
 2022071     64     72  50001      0     64  2006726 2019065
 2022072     64     72  50001      0     64  2006727 2019066
 2022073     64     72  50001      0     64  2006727 2019067
 2022074     64     72  50001      0     64  2006728 2019068
 2022075     64     72  50001      0     64  2006728 2019069
 2022076     64     72  50001      0     64  2006729 2019070
 2022077     64     72  50001      0     64  2006729 2019071
 2022078     64     72  50001      0     64  2006730 2019072
 2022079     64     72  50001      0     64  2006730 2019073

 *** MAPDL - ENGINEERING ANALYSIS SYSTEM  RELEASE 2026 R1          26.1     ***
 Ansys Mechanical Enterprise                       
 20120530  VERSION=WINDOWS x64   12:12:18  AUG 02, 2026 Elapsed Time=     13.371

 C10 A0 CURRENT TYPE72 S10 DIRECT SPATIAL GRAVITY RAMP STATIC ONLY NRRE        


 
    ELEM    MAT    TYP    REL    ESY    SEC        NODES
 
 2022080     64     72  50001      0     64  2006731 2019074
 2022081     64     72  50001      0     64  2006731 2019075
 2022082     64     72  50001      0     64  2006732 2019076
 2022083     64     72  50001      0     64  2006732 2019077
 2022084     64     72  50001      0     64  2006733 2019078
 2022085     64     72  50001      0     64  2006733 2019079
 2022086     64     72  50001      0     64  2006734 2019080
 2022087     64     72  50001      0     64  2006734 2019081
 2022088     64     72  50001      0     64  2006735 2019082
 2022089     64     72  50001      0     64  2006735 2019083
 2022090     64     72  50001      0     64  2006736 2019084
 2022091     64     72  50001      0     64  2006736 2019085
 2022092     64     72  50001      0     64  2006737 2019086
 2022093     64     72  50001      0     64  2006737 2019087
 2022094     64     72  50001      0     64  2006738 2019088
 2022095     64     72  50001      0     64  2006738 2019089
 2022096     64     72  50001      0     64  2002179 2019839
 2022097     64     72  50001      0     64  2006738 2019843
 2022098     64     72  50001      0     64  2002371 2020004
 2022099     64     72  50001      0     64  2002371 2020005
 2022100     64     72  50001      0     64  2002372 2020006
 2022101     64     72  50001      0     64  2002372 2020007
 2022102     64     72  50001      0     64  2002373 2020008
 2022103     64     72  50001      0     64  2002373 2020009
 2022104     64     72  50001      0     64  2002374 2020010
 2022105     64     72  50001      0     64  2002374 2020011
 2022106     64     72  50001      0     64  2002375 2020012
 2022107     64     72  50001      0     64  2002375 2020013
 2022108     64     72  50001      0     64  2002376 2020014
 2022109     64     72  50001      0     64  2002376 2020015
 2022110     64     72  50001      0     64  2002377 2020016
 2022111     64     72  50001      0     64  2002377 2020017
 2022112     64     72  50001      0     64  2002378 2020018
 2022113     64     72  50001      0     64  2002378 2020019
 2022114     64     72  50001      0     64  2002379 2020020
 2022115     64     72  50001      0     64  2002379 2020021
 2022116     64     72  50001      0     64  2002380 2020022
 2022117     64     72  50001      0     64  2002380 2020023
 2022118     64     72  50001      0     64  2002381 2020024
 2022119     64     72  50001      0     64  2002381 2020025
 2022120     64     72  50001      0     64  2002382 2020026
 2022121     64     72  50001      0     64  2002382 2020027
 2022122     64     72  50001      0     64  2002383 2020028
 2022123     64     72  50001      0     64  2002383 2020029
 2022124     64     72  50001      0     64  2002384 2020030
 2022125     64     72  50001      0     64  2002384 2020031
 2022126     64     72  50001      0     64  2002385 2020032
 2022127     64     72  50001      0     64  2002385 2020033
 2022128     64     72  50001      0     64  2002386 2020034
 2022129     64     72  50001      0     64  2002386 2020035

 *** MAPDL - ENGINEERING ANALYSIS SYSTEM  RELEASE 2026 R1          26.1     ***
 Ansys Mechanical Enterprise                       
 20120530  VERSION=WINDOWS x64   12:12:18  AUG 02, 2026 Elapsed Time=     13.371

 C10 A0 CURRENT TYPE72 S10 DIRECT SPATIAL GRAVITY RAMP STATIC ONLY NRRE        


 
    ELEM    MAT    TYP    REL    ESY    SEC        NODES
 
 2022130     64     72  50001      0     64  2006915 2020036
 2022131     64     72  50001      0     64  2006915 2020037
 2022132     64     72  50001      0     64  2006916 2020038
 2022133     64     72  50001      0     64  2006916 2020039
 2022134     64     72  50001      0     64  2006917 2020040
 2022135     64     72  50001      0     64  2006917 2020041
 2022136     64     72  50001      0     64  2006918 2020042
 2022137     64     72  50001      0     64  2006918 2020043
 2022138     64     72  50001      0     64  2006919 2020044
 2022139     64     72  50001      0     64  2006919 2020045
 2022140     64     72  50001      0     64  2006920 2020046
 2022141     64     72  50001      0     64  2006920 2020047
 2022142     64     72  50001      0     64  2006921 2020048
 2022143     64     72  50001      0     64  2006921 2020049
 2022144     64     72  50001      0     64  2006922 2020050
 2022145     64     72  50001      0     64  2006922 2020051
 2022146     64     72  50001      0     64  2006923 2020052
 2022147     64     72  50001      0     64  2006923 2020053
 2022148     64     72  50001      0     64  2006924 2020054
 2022149     64     72  50001      0     64  2006924 2020055
 2022150     64     72  50001      0     64  2006925 2020056
 2022151     64     72  50001      0     64  2006925 2020057
 2022152     64     72  50001      0     64  2006926 2020058
 2022153     64     72  50001      0     64  2006926 2020059
 2022154     64     72  50001      0     64  2006927 2020060
 2022155     64     72  50001      0     64  2006927 2020061
 2022156     64     72  50001      0     64  2006928 2020062
 2022157     64     72  50001      0     64  2006928 2020063
 2022158     64     72  50001      0     64  2006929 2020064
 2022159     64     72  50001      0     64  2006929 2020065
 2022160     64     72  50001      0     64  2006930 2020066
 2022161     64     72  50001      0     64  2006930 2020067
 2022162     64     72  50001      0     64  2002371 2020817
 2022163     64     72  50001      0     64  2006930 2020821
 2022164     64     72  50001      0     64  2002563 2020982
 2022165     64     72  50001      0     64  2002563 2020983
 2022166     64     72  50001      0     64  2002564 2020984
 2022167     64     72  50001      0     64  2002564 2020985
 2022168     64     72  50001      0     64  2002565 2020986
 2022169     64     72  50001      0     64  2002565 2020987
 2022170     64     72  50001      0     64  2002566 2020988
 2022171     64     72  50001      0     64  2002566 2020989
 2022172     64     72  50001      0     64  2002567 2020990
 2022173     64     72  50001      0     64  2002567 2020991
 2022174     64     72  50001      0     64  2002568 2020992
 2022175     64     72  50001      0     64  2002568 2020993
 2022176     64     72  50001      0     64  2002569 2020994
 2022177     64     72  50001      0     64  2002569 2020995
 2022178     64     72  50001      0     64  2002570 2020996
 2022179     64     72  50001      0     64  2002570 2020997

 *** MAPDL - ENGINEERING ANALYSIS SYSTEM  RELEASE 2026 R1          26.1     ***
 Ansys Mechanical Enterprise                       
 20120530  VERSION=WINDOWS x64   12:12:18  AUG 02, 2026 Elapsed Time=     13.371

 C10 A0 CURRENT TYPE72 S10 DIRECT SPATIAL GRAVITY RAMP STATIC ONLY NRRE        


 
    ELEM    MAT    TYP    REL    ESY    SEC        NODES
 
 2022180     64     72  50001      0     64  2002571 2020998
 2022181     64     72  50001      0     64  2002571 2020999
 2022182     64     72  50001      0     64  2002572 2021000
 2022183     64     72  50001      0     64  2002572 2021001
 2022184     64     72  50001      0     64  2002573 2021002
 2022185     64     72  50001      0     64  2002573 2021003
 2022186     64     72  50001      0     64  2002574 2021004
 2022187     64     72  50001      0     64  2002574 2021005
 2022188     64     72  50001      0     64  2002575 2021006
 2022189     64     72  50001      0     64  2002575 2021007
 2022190     64     72  50001      0     64  2002576 2021008
 2022191     64     72  50001      0     64  2002576 2021009
 2022192     64     72  50001      0     64  2002577 2021010
 2022193     64     72  50001      0     64  2002577 2021011
 2022194     64     72  50001      0     64  2002578 2021012
 2022195     64     72  50001      0     64  2002578 2021013
 2022196     64     72  50001      0     64  2007107 2021014
 2022197     64     72  50001      0     64  2007107 2021015
 2022198     64     72  50001      0     64  2007108 2021016
 2022199     64     72  50001      0     64  2007108 2021017
 2022200     64     72  50001      0     64  2007109 2021018
 2022201     64     72  50001      0     64  2007109 2021019
 2022202     64     72  50001      0     64  2007110 2021020
 2022203     64     72  50001      0     64  2007110 2021021
 2022204     64     72  50001      0     64  2007111 2021022
 2022205     64     72  50001      0     64  2007111 2021023
 2022206     64     72  50001      0     64  2007112 2021024
 2022207     64     72  50001      0     64  2007112 2021025
 2022208     64     72  50001      0     64  2007113 2021026
 2022209     64     72  50001      0     64  2007113 2021027
 2022210     64     72  50001      0     64  2007114 2021028
 2022211     64     72  50001      0     64  2007114 2021029
 2022212     64     72  50001      0     64  2007115 2021030
 2022213     64     72  50001      0     64  2007115 2021031
 2022214     64     72  50001      0     64  2007116 2021032
 2022215     64     72  50001      0     64  2007116 2021033
 2022216     64     72  50001      0     64  2007117 2021034
 2022217     64     72  50001      0     64  2007117 2021035
 2022218     64     72  50001      0     64  2007118 2021036
 2022219     64     72  50001      0     64  2007118 2021037
 2022220     64     72  50001      0     64  2007119 2021038
 2022221     64     72  50001      0     64  2007119 2021039
 2022222     64     72  50001      0     64  2007120 2021040
 2022223     64     72  50001      0     64  2007120 2021041
 2022224     64     72  50001      0     64  2007121 2021042
 2022225     64     72  50001      0     64  2007121 2021043
 2022226     64     72  50001      0     64  2007122 2021044
 2022227     64     72  50001      0     64  2007122 2021045
 2022228     64     72  50001      0     64  2002563 2021795
 2022229     64     72  50001      0     64  2007122 2021799

 *** MAPDL - ENGINEERING ANALYSIS SYSTEM  RELEASE 2026 R1          26.1     ***
 Ansys Mechanical Enterprise                       
 20120530  VERSION=WINDOWS x64   12:12:18  AUG 02, 2026 Elapsed Time=     13.371

 C10 A0 CURRENT TYPE72 S10 DIRECT SPATIAL GRAVITY RAMP STATIC ONLY NRRE        


 
    ELEM    MAT    TYP    REL    ESY    SEC        NODES
 
 2022230     64     72  50001      0     64  2002755 2021960
 2022231     64     72  50001      0     64  2002755 2021961
 2022232     64     72  50001      0     64  2002756 2021962
 2022233     64     72  50001      0     64  2002756 2021963
 2022234     64     72  50001      0     64  2002757 2021964
 2022235     64     72  50001      0     64  2002757 2021965
 2022236     64     72  50001      0     64  2002758 2021966
 2022237     64     72  50001      0     64  2002758 2021967
 2022238     64     72  50001      0     64  2002759 2021968
 2022239     64     72  50001      0     64  2002759 2021969
 2022240     64     72  50001      0     64  2002760 2021970
 2022241     64     72  50001      0     64  2002760 2021971
 2022242     64     72  50001      0     64  2002761 2021972
 2022243     64     72  50001      0     64  2002761 2021973
 2022244     64     72  50001      0     64  2002762 2021974
 2022245     64     72  50001      0     64  2002762 2021975
 2022246     64     72  50001      0     64  2002763 2021976
 2022247     64     72  50001      0     64  2002763 2021977
 2022248     64     72  50001      0     64  2002764 2021978
 2022249     64     72  50001      0     64  2002764 2021979
 2022250     64     72  50001      0     64  2002765 2021980
 2022251     64     72  50001      0     64  2002765 2021981
 2022252     64     72  50001      0     64  2002766 2021982
 2022253     64     72  50001      0     64  2002766 2021983
 2022254     64     72  50001      0     64  2002767 2021984
 2022255     64     72  50001      0     64  2002767 2021985
 2022256     64     72  50001      0     64  2002768 2021986
 2022257     64     72  50001      0     64  2002768 2021987
 2022258     64     72  50001      0     64  2002769 2021988
 2022259     64     72  50001      0     64  2002769 2021989
 2022260     64     72  50001      0     64  2002770 2021990
 2022261     64     72  50001      0     64  2002770 2021991
 2022262     64     72  50001      0     64  2007299 2021992
 2022263     64     72  50001      0     64  2007299 2021993
 2022264     64     72  50001      0     64  2007300 2021994
 2022265     64     72  50001      0     64  2007300 2021995
 2022266     64     72  50001      0     64  2007301 2021996
 2022267     64     72  50001      0     64  2007301 2021997
 2022268     64     72  50001      0     64  2007302 2021998
 2022269     64     72  50001      0     64  2007302 2021999
 2022270     64     72  50001      0     64  2007303 2022000
 2022271     64     72  50001      0     64  2007303 2022001
 2022272     64     72  50001      0     64  2007304 2022002
 2022273     64     72  50001      0     64  2007304 2022003
 2022274     64     72  50001      0     64  2007305 2022004
 2022275     64     72  50001      0     64  2007305 2022005
 2022276     64     72  50001      0     64  2007306 2022006
 2022277     64     72  50001      0     64  2007306 2022007
 2022278     64     72  50001      0     64  2007307 2022008
 2022279     64     72  50001      0     64  2007307 2022009

 *** MAPDL - ENGINEERING ANALYSIS SYSTEM  RELEASE 2026 R1          26.1     ***
 Ansys Mechanical Enterprise                       
 20120530  VERSION=WINDOWS x64   12:12:18  AUG 02, 2026 Elapsed Time=     13.371

 C10 A0 CURRENT TYPE72 S10 DIRECT SPATIAL GRAVITY RAMP STATIC ONLY NRRE        


 
    ELEM    MAT    TYP    REL    ESY    SEC        NODES
 
 2022280     64     72  50001      0     64  2007308 2022010
 2022281     64     72  50001      0     64  2007308 2022011
 2022282     64     72  50001      0     64  2007309 2022012
 2022283     64     72  50001      0     64  2007309 2022013
 2022284     64     72  50001      0     64  2007310 2022014
 2022285     64     72  50001      0     64  2007310 2022015
 2022286     64     72  50001      0     64  2007311 2022016
 2022287     64     72  50001      0     64  2007311 2022017
 2022288     64     72  50001      0     64  2007312 2022018
 2022289     64     72  50001      0     64  2007312 2022019
 2022290     64     72  50001      0     64  2007313 2022020
 2022291     64     72  50001      0     64  2007313 2022021
 2022292     64     72  50001      0     64  2007314 2022022
 2022293     64     72  50001      0     64  2007314 2022023
 2022294     64     72  50001      0     64  2002755 2022773
 2022295     64     72  50001      0     64  2007314 2022777
 2022296     64     72  50001      0     64  2002947 2022938
 2022297     64     72  50001      0     64  2002947 2022939
 2022298     64     72  50001      0     64  2002948 2022940
 2022299     64     72  50001      0     64  2002948 2022941
 2022300     64     72  50001      0     64  2002949 2022942
 2022301     64     72  50001      0     64  2002949 2022943
 2022302     64     72  50001      0     64  2002950 2022944
 2022303     64     72  50001      0     64  2002950 2022945
 2022304     64     72  50001      0     64  2002951 2022946
 2022305     64     72  50001      0     64  2002951 2022947
 2022306     64     72  50001      0     64  2002952 2022948
 2022307     64     72  50001      0     64  2002952 2022949
 2022308     64     72  50001      0     64  2002953 2022950
 2022309     64     72  50001      0     64  2002953 2022951
 2022310     64     72  50001      0     64  2002954 2022952
 2022311     64     72  50001      0     64  2002954 2022953
 2022312     64     72  50001      0     64  2002955 2022954
 2022313     64     72  50001      0     64  2002955 2022955
 2022314     64     72  50001      0     64  2002956 2022956
 2022315     64     72  50001      0     64  2002956 2022957
 2022316     64     72  50001      0     64  2002957 2022958
 2022317     64     72  50001      0     64  2002957 2022959
 2022318     64     72  50001      0     64  2002958 2022960
 2022319     64     72  50001      0     64  2002958 2022961
 2022320     64     72  50001      0     64  2002959 2022962
 2022321     64     72  50001      0     64  2002959 2022963
 2022322     64     72  50001      0     64  2002960 2022964
 2022323     64     72  50001      0     64  2002960 2022965
 2022324     64     72  50001      0     64  2002961 2022966
 2022325     64     72  50001      0     64  2002961 2022967
 2022326     64     72  50001      0     64  2002962 2022968
 2022327     64     72  50001      0     64  2002962 2022969
 2022328     64     72  50001      0     64  2007491 2022970
 2022329     64     72  50001      0     64  2007491 2022971

 *** MAPDL - ENGINEERING ANALYSIS SYSTEM  RELEASE 2026 R1          26.1     ***
 Ansys Mechanical Enterprise                       
 20120530  VERSION=WINDOWS x64   12:12:18  AUG 02, 2026 Elapsed Time=     13.371

 C10 A0 CURRENT TYPE72 S10 DIRECT SPATIAL GRAVITY RAMP STATIC ONLY NRRE        


 
    ELEM    MAT    TYP    REL    ESY    SEC        NODES
 
 2022330     64     72  50001      0     64  2007492 2022972
 2022331     64     72  50001      0     64  2007492 2022973
 2022332     64     72  50001      0     64  2007493 2022974
 2022333     64     72  50001      0     64  2007493 2022975
 2022334     64     72  50001      0     64  2007494 2022976
 2022335     64     72  50001      0     64  2007494 2022977
 2022336     64     72  50001      0     64  2007495 2022978
 2022337     64     72  50001      0     64  2007495 2022979
 2022338     64     72  50001      0     64  2007496 2022980
 2022339     64     72  50001      0     64  2007496 2022981
 2022340     64     72  50001      0     64  2007497 2022982
 2022341     64     72  50001      0     64  2007497 2022983
 2022342     64     72  50001      0     64  2007498 2022984
 2022343     64     72  50001      0     64  2007498 2022985
 2022344     64     72  50001      0     64  2007499 2022986
 2022345     64     72  50001      0     64  2007499 2022987
 2022346     64     72  50001      0     64  2007500 2022988
 2022347     64     72  50001      0     64  2007500 2022989
 2022348     64     72  50001      0     64  2007501 2022990
 2022349     64     72  50001      0     64  2007501 2022991
 2022350     64     72  50001      0     64  2007502 2022992
 2022351     64     72  50001      0     64  2007502 2022993
 2022352     64     72  50001      0     64  2007503 2022994
 2022353     64     72  50001      0     64  2007503 2022995
 2022354     64     72  50001      0     64  2007504 2022996
 2022355     64     72  50001      0     64  2007504 2022997
 2022356     64     72  50001      0     64  2007505 2022998
 2022357     64     72  50001      0     64  2007505 2022999
 2022358     64     72  50001      0     64  2007506 2023000
 2022359     64     72  50001      0     64  2007506 2023001
 2022360     64     72  50001      0     64  2002947 2023751
 2022361     64     72  50001      0     64  2007506 2023755
 2022362     64     72  50001      0     64  2003139 2023916
 2022363     64     72  50001      0     64  2003139 2023917
 2022364     64     72  50001      0     64  2003140 2023918
 2022365     64     72  50001      0     64  2003140 2023919
 2022366     64     72  50001      0     64  2003141 2023920
 2022367     64     72  50001      0     64  2003141 2023921
 2022368     64     72  50001      0     64  2003142 2023922
 2022369     64     72  50001      0     64  2003142 2023923
 2022370     64     72  50001      0     64  2003143 2023924
 2022371     64     72  50001      0     64  2003143 2023925
 2022372     64     72  50001      0     64  2003144 2023926
 2022373     64     72  50001      0     64  2003144 2023927
 2022374     64     72  50001      0     64  2003145 2023928
 2022375     64     72  50001      0     64  2003145 2023929
 2022376     64     72  50001      0     64  2003146 2023930
 2022377     64     72  50001      0     64  2003146 2023931
 2022378     64     72  50001      0     64  2003147 2023932
 2022379     64     72  50001      0     64  2003147 2023933

 *** MAPDL - ENGINEERING ANALYSIS SYSTEM  RELEASE 2026 R1          26.1     ***
 Ansys Mechanical Enterprise                       
 20120530  VERSION=WINDOWS x64   12:12:18  AUG 02, 2026 Elapsed Time=     13.372

 C10 A0 CURRENT TYPE72 S10 DIRECT SPATIAL GRAVITY RAMP STATIC ONLY NRRE        


 
    ELEM    MAT    TYP    REL    ESY    SEC        NODES
 
 2022380     64     72  50001      0     64  2003148 2023934
 2022381     64     72  50001      0     64  2003148 2023935
 2022382     64     72  50001      0     64  2003149 2023936
 2022383     64     72  50001      0     64  2003149 2023937
 2022384     64     72  50001      0     64  2003150 2023938
 2022385     64     72  50001      0     64  2003150 2023939
 2022386     64     72  50001      0     64  2003151 2023940
 2022387     64     72  50001      0     64  2003151 2023941
 2022388     64     72  50001      0     64  2003152 2023942
 2022389     64     72  50001      0     64  2003152 2023943
 2022390     64     72  50001      0     64  2003153 2023944
 2022391     64     72  50001      0     64  2003153 2023945
 2022392     64     72  50001      0     64  2003154 2023946
 2022393     64     72  50001      0     64  2003154 2023947
 2022394     64     72  50001      0     64  2007683 2023948
 2022395     64     72  50001      0     64  2007683 2023949
 2022396     64     72  50001      0     64  2007684 2023950
 2022397     64     72  50001      0     64  2007684 2023951
 2022398     64     72  50001      0     64  2007685 2023952
 2022399     64     72  50001      0     64  2007685 2023953
 2022400     64     72  50001      0     64  2007686 2023954
 2022401     64     72  50001      0     64  2007686 2023955
 2022402     64     72  50001      0     64  2007687 2023956
 2022403     64     72  50001      0     64  2007687 2023957
 2022404     64     72  50001      0     64  2007688 2023958
 2022405     64     72  50001      0     64  2007688 2023959
 2022406     64     72  50001      0     64  2007689 2023960
 2022407     64     72  50001      0     64  2007689 2023961
 2022408     64     72  50001      0     64  2007690 2023962
 2022409     64     72  50001      0     64  2007690 2023963
 2022410     64     72  50001      0     64  2007691 2023964
 2022411     64     72  50001      0     64  2007691 2023965
 2022412     64     72  50001      0     64  2007692 2023966
 2022413     64     72  50001      0     64  2007692 2023967
 2022414     64     72  50001      0     64  2007693 2023968
 2022415     64     72  50001      0     64  2007693 2023969
 2022416     64     72  50001      0     64  2007694 2023970
 2022417     64     72  50001      0     64  2007694 2023971
 2022418     64     72  50001      0     64  2007695 2023972
 2022419     64     72  50001      0     64  2007695 2023973
 2022420     64     72  50001      0     64  2007696 2023974
 2022421     64     72  50001      0     64  2007696 2023975
 2022422     64     72  50001      0     64  2007697 2023976
 2022423     64     72  50001      0     64  2007697 2023977
 2022424     64     72  50001      0     64  2007698 2023978
 2022425     64     72  50001      0     64  2007698 2023979
 2022426     64     72  50001      0     64  2003139 2024729
 2022427     64     72  50001      0     64  2007698 2024733
 2022428     64     72  50001      0     64  2003459 2024894
 2022429     64     72  50001      0     64  2003459 2024895

 *** MAPDL - ENGINEERING ANALYSIS SYSTEM  RELEASE 2026 R1          26.1     ***
 Ansys Mechanical Enterprise                       
 20120530  VERSION=WINDOWS x64   12:12:18  AUG 02, 2026 Elapsed Time=     13.372

 C10 A0 CURRENT TYPE72 S10 DIRECT SPATIAL GRAVITY RAMP STATIC ONLY NRRE        


 
    ELEM    MAT    TYP    REL    ESY    SEC        NODES
 
 2022430     64     72  50001      0     64  2003460 2024896
 2022431     64     72  50001      0     64  2003460 2024897
 2022432     64     72  50001      0     64  2003461 2024898
 2022433     64     72  50001      0     64  2003461 2024899
 2022434     64     72  50001      0     64  2003462 2024900
 2022435     64     72  50001      0     64  2003462 2024901
 2022436     64     72  50001      0     64  2003463 2024902
 2022437     64     72  50001      0     64  2003463 2024903
 2022438     64     72  50001      0     64  2003464 2024904
 2022439     64     72  50001      0     64  2003464 2024905
 2022440     64     72  50001      0     64  2003465 2024906
 2022441     64     72  50001      0     64  2003465 2024907
 2022442     64     72  50001      0     64  2003466 2024908
 2022443     64     72  50001      0     64  2003466 2024909
 2022444     64     72  50001      0     64  2003467 2024910
 2022445     64     72  50001      0     64  2003467 2024911
 2022446     64     72  50001      0     64  2003468 2024912
 2022447     64     72  50001      0     64  2003468 2024913
 2022448     64     72  50001      0     64  2003469 2024914
 2022449     64     72  50001      0     64  2003469 2024915
 2022450     64     72  50001      0     64  2003470 2024916
 2022451     64     72  50001      0     64  2003470 2024917
 2022452     64     72  50001      0     64  2003471 2024918
 2022453     64     72  50001      0     64  2003471 2024919
 2022454     64     72  50001      0     64  2003472 2024920
 2022455     64     72  50001      0     64  2003472 2024921
 2022456     64     72  50001      0     64  2003473 2024922
 2022457     64     72  50001      0     64  2003473 2024923
 2022458     64     72  50001      0     64  2003474 2024924
 2022459     64     72  50001      0     64  2003474 2024925
 2022460     64     72  50001      0     64  2008003 2024926
 2022461     64     72  50001      0     64  2008003 2024927
 2022462     64     72  50001      0     64  2008004 2024928
 2022463     64     72  50001      0     64  2008004 2024929
 2022464     64     72  50001      0     64  2008005 2024930
 2022465     64     72  50001      0     64  2008005 2024931
 2022466     64     72  50001      0     64  2008006 2024932
 2022467     64     72  50001      0     64  2008006 2024933
 2022468     64     72  50001      0     64  2008007 2024934
 2022469     64     72  50001      0     64  2008007 2024935
 2022470     64     72  50001      0     64  2008008 2024936
 2022471     64     72  50001      0     64  2008008 2024937
 2022472     64     72  50001      0     64  2008009 2024938
 2022473     64     72  50001      0     64  2008009 2024939
 2022474     64     72  50001      0     64  2008010 2024940
 2022475     64     72  50001      0     64  2008010 2024941
 2022476     64     72  50001      0     64  2008011 2024942
 2022477     64     72  50001      0     64  2008011 2024943
 2022478     64     72  50001      0     64  2008012 2024944
 2022479     64     72  50001      0     64  2008012 2024945

 *** MAPDL - ENGINEERING ANALYSIS SYSTEM  RELEASE 2026 R1          26.1     ***
 Ansys Mechanical Enterprise                       
 20120530  VERSION=WINDOWS x64   12:12:18  AUG 02, 2026 Elapsed Time=     13.372

 C10 A0 CURRENT TYPE72 S10 DIRECT SPATIAL GRAVITY RAMP STATIC ONLY NRRE        


 
    ELEM    MAT    TYP    REL    ESY    SEC        NODES
 
 2022480     64     72  50001      0     64  2008013 2024946
 2022481     64     72  50001      0     64  2008013 2024947
 2022482     64     72  50001      0     64  2008014 2024948
 2022483     64     72  50001      0     64  2008014 2024949
 2022484     64     72  50001      0     64  2008015 2024950
 2022485     64     72  50001      0     64  2008015 2024951
 2022486     64     72  50001      0     64  2008016 2024952
 2022487     64     72  50001      0     64  2008016 2024953
 2022488     64     72  50001      0     64  2008017 2024954
 2022489     64     72  50001      0     64  2008017 2024955
 2022490     64     72  50001      0     64  2008018 2024956
 2022491     64     72  50001      0     64  2008018 2024957
 2022492     64     72  50001      0     64  2003459 2025707
 2022493     64     72  50001      0     64  2008018 2025711
 2022494     64     72  50001      0     64  2003651 2025872
 2022495     64     72  50001      0     64  2003651 2025873
 2022496     64     72  50001      0     64  2003652 2025874
 2022497     64     72  50001      0     64  2003652 2025875
 2022498     64     72  50001      0     64  2003653 2025876
 2022499     64     72  50001      0     64  2003653 2025877
 2022500     64     72  50001      0     64  2003654 2025878
 2022501     64     72  50001      0     64  2003654 2025879
 2022502     64     72  50001      0     64  2003655 2025880
 2022503     64     72  50001      0     64  2003655 2025881
 2022504     64     72  50001      0     64  2003656 2025882
 2022505     64     72  50001      0     64  2003656 2025883
 2022506     64     72  50001      0     64  2003657 2025884
 2022507     64     72  50001      0     64  2003657 2025885
 2022508     64     72  50001      0     64  2003658 2025886
 2022509     64     72  50001      0     64  2003658 2025887
 2022510     64     72  50001      0     64  2003659 2025888
 2022511     64     72  50001      0     64  2003659 2025889
 2022512     64     72  50001      0     64  2003660 2025890
 2022513     64     72  50001      0     64  2003660 2025891
 2022514     64     72  50001      0     64  2003661 2025892
 2022515     64     72  50001      0     64  2003661 2025893
 2022516     64     72  50001      0     64  2003662 2025894
 2022517     64     72  50001      0     64  2003662 2025895
 2022518     64     72  50001      0     64  2003663 2025896
 2022519     64     72  50001      0     64  2003663 2025897
 2022520     64     72  50001      0     64  2003664 2025898
 2022521     64     72  50001      0     64  2003664 2025899
 2022522     64     72  50001      0     64  2003665 2025900
 2022523     64     72  50001      0     64  2003665 2025901
 2022524     64     72  50001      0     64  2003666 2025902
 2022525     64     72  50001      0     64  2003666 2025903
 2022526     64     72  50001      0     64  2008195 2025904
 2022527     64     72  50001      0     64  2008195 2025905
 2022528     64     72  50001      0     64  2008196 2025906
 2022529     64     72  50001      0     64  2008196 2025907

 *** MAPDL - ENGINEERING ANALYSIS SYSTEM  RELEASE 2026 R1          26.1     ***
 Ansys Mechanical Enterprise                       
 20120530  VERSION=WINDOWS x64   12:12:18  AUG 02, 2026 Elapsed Time=     13.372

 C10 A0 CURRENT TYPE72 S10 DIRECT SPATIAL GRAVITY RAMP STATIC ONLY NRRE        


 
    ELEM    MAT    TYP    REL    ESY    SEC        NODES
 
 2022530     64     72  50001      0     64  2008197 2025908
 2022531     64     72  50001      0     64  2008197 2025909
 2022532     64     72  50001      0     64  2008198 2025910
 2022533     64     72  50001      0     64  2008198 2025911
 2022534     64     72  50001      0     64  2008199 2025912
 2022535     64     72  50001      0     64  2008199 2025913
 2022536     64     72  50001      0     64  2008200 2025914
 2022537     64     72  50001      0     64  2008200 2025915
 2022538     64     72  50001      0     64  2008201 2025916
 2022539     64     72  50001      0     64  2008201 2025917
 2022540     64     72  50001      0     64  2008202 2025918
 2022541     64     72  50001      0     64  2008202 2025919
 2022542     64     72  50001      0     64  2008203 2025920
 2022543     64     72  50001      0     64  2008203 2025921
 2022544     64     72  50001      0     64  2008204 2025922
 2022545     64     72  50001      0     64  2008204 2025923
 2022546     64     72  50001      0     64  2008205 2025924
 2022547     64     72  50001      0     64  2008205 2025925
 2022548     64     72  50001      0     64  2008206 2025926
 2022549     64     72  50001      0     64  2008206 2025927
 2022550     64     72  50001      0     64  2008207 2025928
 2022551     64     72  50001      0     64  2008207 2025929
 2022552     64     72  50001      0     64  2008208 2025930
 2022553     64     72  50001      0     64  2008208 2025931
 2022554     64     72  50001      0     64  2008209 2025932
 2022555     64     72  50001      0     64  2008209 2025933
 2022556     64     72  50001      0     64  2008210 2025934
 2022557     64     72  50001      0     64  2008210 2025935
 2022558     64     72  50001      0     64  2003651 2026685
 2022559     64     72  50001      0     64  2008210 2026689
 2022560     64     72  50001      0     64  2003843 2026850
 2022561     64     72  50001      0     64  2003843 2026851
 2022562     64     72  50001      0     64  2003844 2026852
 2022563     64     72  50001      0     64  2003844 2026853
 2022564     64     72  50001      0     64  2003845 2026854
 2022565     64     72  50001      0     64  2003845 2026855
 2022566     64     72  50001      0     64  2003846 2026856
 2022567     64     72  50001      0     64  2003846 2026857
 2022568     64     72  50001      0     64  2003847 2026858
 2022569     64     72  50001      0     64  2003847 2026859
 2022570     64     72  50001      0     64  2003848 2026860
 2022571     64     72  50001      0     64  2003848 2026861
 2022572     64     72  50001      0     64  2003849 2026862
 2022573     64     72  50001      0     64  2003849 2026863
 2022574     64     72  50001      0     64  2003850 2026864
 2022575     64     72  50001      0     64  2003850 2026865
 2022576     64     72  50001      0     64  2003851 2026866
 2022577     64     72  50001      0     64  2003851 2026867
 2022578     64     72  50001      0     64  2003852 2026868
 2022579     64     72  50001      0     64  2003852 2026869

 *** MAPDL - ENGINEERING ANALYSIS SYSTEM  RELEASE 2026 R1          26.1     ***
 Ansys Mechanical Enterprise                       
 20120530  VERSION=WINDOWS x64   12:12:18  AUG 02, 2026 Elapsed Time=     13.372

 C10 A0 CURRENT TYPE72 S10 DIRECT SPATIAL GRAVITY RAMP STATIC ONLY NRRE        


 
    ELEM    MAT    TYP    REL    ESY    SEC        NODES
 
 2022580     64     72  50001      0     64  2003853 2026870
 2022581     64     72  50001      0     64  2003853 2026871
 2022582     64     72  50001      0     64  2003854 2026872
 2022583     64     72  50001      0     64  2003854 2026873
 2022584     64     72  50001      0     64  2003855 2026874
 2022585     64     72  50001      0     64  2003855 2026875
 2022586     64     72  50001      0     64  2003856 2026876
 2022587     64     72  50001      0     64  2003856 2026877
 2022588     64     72  50001      0     64  2003857 2026878
 2022589     64     72  50001      0     64  2003857 2026879
 2022590     64     72  50001      0     64  2003858 2026880
 2022591     64     72  50001      0     64  2003858 2026881
 2022592     64     72  50001      0     64  2008387 2026882
 2022593     64     72  50001      0     64  2008387 2026883
 2022594     64     72  50001      0     64  2008388 2026884
 2022595     64     72  50001      0     64  2008388 2026885
 2022596     64     72  50001      0     64  2008389 2026886
 2022597     64     72  50001      0     64  2008389 2026887
 2022598     64     72  50001      0     64  2008390 2026888
 2022599     64     72  50001      0     64  2008390 2026889
 2022600     64     72  50001      0     64  2008391 2026890
 2022601     64     72  50001      0     64  2008391 2026891
 2022602     64     72  50001      0     64  2008392 2026892
 2022603     64     72  50001      0     64  2008392 2026893
 2022604     64     72  50001      0     64  2008393 2026894
 2022605     64     72  50001      0     64  2008393 2026895
 2022606     64     72  50001      0     64  2008394 2026896
 2022607     64     72  50001      0     64  2008394 2026897
 2022608     64     72  50001      0     64  2008395 2026898
 2022609     64     72  50001      0     64  2008395 2026899
 2022610     64     72  50001      0     64  2008396 2026900
 2022611     64     72  50001      0     64  2008396 2026901
 2022612     64     72  50001      0     64  2008397 2026902
 2022613     64     72  50001      0     64  2008397 2026903
 2022614     64     72  50001      0     64  2008398 2026904
 2022615     64     72  50001      0     64  2008398 2026905
 2022616     64     72  50001      0     64  2008399 2026906
 2022617     64     72  50001      0     64  2008399 2026907
 2022618     64     72  50001      0     64  2008400 2026908
 2022619     64     72  50001      0     64  2008400 2026909
 2022620     64     72  50001      0     64  2008401 2026910
 2022621     64     72  50001      0     64  2008401 2026911
 2022622     64     72  50001      0     64  2008402 2026912
 2022623     64     72  50001      0     64  2008402 2026913
 2022624     64     72  50001      0     64  2003843 2027663
 2022625     64     72  50001      0     64  2008402 2027667
 2022626     64     72  50001      0     64  2004163 2027828
 2022627     64     72  50001      0     64  2004163 2027829
 2022628     64     72  50001      0     64  2004164 2027830
 2022629     64     72  50001      0     64  2004164 2027831

 *** MAPDL - ENGINEERING ANALYSIS SYSTEM  RELEASE 2026 R1          26.1     ***
 Ansys Mechanical Enterprise                       
 20120530  VERSION=WINDOWS x64   12:12:18  AUG 02, 2026 Elapsed Time=     13.372

 C10 A0 CURRENT TYPE72 S10 DIRECT SPATIAL GRAVITY RAMP STATIC ONLY NRRE        


 
    ELEM    MAT    TYP    REL    ESY    SEC        NODES
 
 2022630     64     72  50001      0     64  2004165 2027832
 2022631     64     72  50001      0     64  2004165 2027833
 2022632     64     72  50001      0     64  2004166 2027834
 2022633     64     72  50001      0     64  2004166 2027835
 2022634     64     72  50001      0     64  2004167 2027836
 2022635     64     72  50001      0     64  2004167 2027837
 2022636     64     72  50001      0     64  2004168 2027838
 2022637     64     72  50001      0     64  2004168 2027839
 2022638     64     72  50001      0     64  2004169 2027840
 2022639     64     72  50001      0     64  2004169 2027841
 2022640     64     72  50001      0     64  2004170 2027842
 2022641     64     72  50001      0     64  2004170 2027843
 2022642     64     72  50001      0     64  2004171 2027844
 2022643     64     72  50001      0     64  2004171 2027845
 2022644     64     72  50001      0     64  2004172 2027846
 2022645     64     72  50001      0     64  2004172 2027847
 2022646     64     72  50001      0     64  2004173 2027848
 2022647     64     72  50001      0     64  2004173 2027849
 2022648     64     72  50001      0     64  2004174 2027850
 2022649     64     72  50001      0     64  2004174 2027851
 2022650     64     72  50001      0     64  2004175 2027852
 2022651     64     72  50001      0     64  2004175 2027853
 2022652     64     72  50001      0     64  2004176 2027854
 2022653     64     72  50001      0     64  2004176 2027855
 2022654     64     72  50001      0     64  2004177 2027856
 2022655     64     72  50001      0     64  2004177 2027857
 2022656     64     72  50001      0     64  2004178 2027858
 2022657     64     72  50001      0     64  2004178 2027859
 2022658     64     72  50001      0     64  2008707 2027860
 2022659     64     72  50001      0     64  2008707 2027861
 2022660     64     72  50001      0     64  2008708 2027862
 2022661     64     72  50001      0     64  2008708 2027863
 2022662     64     72  50001      0     64  2008709 2027864
 2022663     64     72  50001      0     64  2008709 2027865
 2022664     64     72  50001      0     64  2008710 2027866
 2022665     64     72  50001      0     64  2008710 2027867
 2022666     64     72  50001      0     64  2008711 2027868
 2022667     64     72  50001      0     64  2008711 2027869
 2022668     64     72  50001      0     64  2008712 2027870
 2022669     64     72  50001      0     64  2008712 2027871
 2022670     64     72  50001      0     64  2008713 2027872
 2022671     64     72  50001      0     64  2008713 2027873
 2022672     64     72  50001      0     64  2008714 2027874
 2022673     64     72  50001      0     64  2008714 2027875
 2022674     64     72  50001      0     64  2008715 2027876
 2022675     64     72  50001      0     64  2008715 2027877
 2022676     64     72  50001      0     64  2008716 2027878
 2022677     64     72  50001      0     64  2008716 2027879
 2022678     64     72  50001      0     64  2008717 2027880
 2022679     64     72  50001      0     64  2008717 2027881

 *** MAPDL - ENGINEERING ANALYSIS SYSTEM  RELEASE 2026 R1          26.1     ***
 Ansys Mechanical Enterprise                       
 20120530  VERSION=WINDOWS x64   12:12:18  AUG 02, 2026 Elapsed Time=     13.372

 C10 A0 CURRENT TYPE72 S10 DIRECT SPATIAL GRAVITY RAMP STATIC ONLY NRRE        


 
    ELEM    MAT    TYP    REL    ESY    SEC        NODES
 
 2022680     64     72  50001      0     64  2008718 2027882
 2022681     64     72  50001      0     64  2008718 2027883
 2022682     64     72  50001      0     64  2008719 2027884
 2022683     64     72  50001      0     64  2008719 2027885
 2022684     64     72  50001      0     64  2008720 2027886
 2022685     64     72  50001      0     64  2008720 2027887
 2022686     64     72  50001      0     64  2008721 2027888
 2022687     64     72  50001      0     64  2008721 2027889
 2022688     64     72  50001      0     64  2008722 2027890
 2022689     64     72  50001      0     64  2008722 2027891
 2022690     64     72  50001      0     64  2004163 2028641
 2022691     64     72  50001      0     64  2008722 2028645
 2022692     64     72  50001      0     64  2004355 2028806
 2022693     64     72  50001      0     64  2004355 2028807
 2022694     64     72  50001      0     64  2004356 2028808
 2022695     64     72  50001      0     64  2004356 2028809
 2022696     64     72  50001      0     64  2004357 2028810
 2022697     64     72  50001      0     64  2004357 2028811
 2022698     64     72  50001      0     64  2004358 2028812
 2022699     64     72  50001      0     64  2004358 2028813
 2022700     64     72  50001      0     64  2004359 2028814
 2022701     64     72  50001      0     64  2004359 2028815
 2022702     64     72  50001      0     64  2004360 2028816
 2022703     64     72  50001      0     64  2004360 2028817
 2022704     64     72  50001      0     64  2004361 2028818
 2022705     64     72  50001      0     64  2004361 2028819
 2022706     64     72  50001      0     64  2004362 2028820
 2022707     64     72  50001      0     64  2004362 2028821
 2022708     64     72  50001      0     64  2004363 2028822
 2022709     64     72  50001      0     64  2004363 2028823
 2022710     64     72  50001      0     64  2004364 2028824
 2022711     64     72  50001      0     64  2004364 2028825
 2022712     64     72  50001      0     64  2004365 2028826
 2022713     64     72  50001      0     64  2004365 2028827
 2022714     64     72  50001      0     64  2004366 2028828
 2022715     64     72  50001      0     64  2004366 2028829
 2022716     64     72  50001      0     64  2004367 2028830
 2022717     64     72  50001      0     64  2004367 2028831
 2022718     64     72  50001      0     64  2004368 2028832
 2022719     64     72  50001      0     64  2004368 2028833
 2022720     64     72  50001      0     64  2004369 2028834
 2022721     64     72  50001      0     64  2004369 2028835
 2022722     64     72  50001      0     64  2004370 2028836
 2022723     64     72  50001      0     64  2004370 2028837
 2022724     64     72  50001      0     64  2008899 2028838
 2022725     64     72  50001      0     64  2008899 2028839
 2022726     64     72  50001      0     64  2008900 2028840
 2022727     64     72  50001      0     64  2008900 2028841
 2022728     64     72  50001      0     64  2008901 2028842
 2022729     64     72  50001      0     64  2008901 2028843

 *** MAPDL - ENGINEERING ANALYSIS SYSTEM  RELEASE 2026 R1          26.1     ***
 Ansys Mechanical Enterprise                       
 20120530  VERSION=WINDOWS x64   12:12:18  AUG 02, 2026 Elapsed Time=     13.372

 C10 A0 CURRENT TYPE72 S10 DIRECT SPATIAL GRAVITY RAMP STATIC ONLY NRRE        


 
    ELEM    MAT    TYP    REL    ESY    SEC        NODES
 
 2022730     64     72  50001      0     64  2008902 2028844
 2022731     64     72  50001      0     64  2008902 2028845
 2022732     64     72  50001      0     64  2008903 2028846
 2022733     64     72  50001      0     64  2008903 2028847
 2022734     64     72  50001      0     64  2008904 2028848
 2022735     64     72  50001      0     64  2008904 2028849
 2022736     64     72  50001      0     64  2008905 2028850
 2022737     64     72  50001      0     64  2008905 2028851
 2022738     64     72  50001      0     64  2008906 2028852
 2022739     64     72  50001      0     64  2008906 2028853
 2022740     64     72  50001      0     64  2008907 2028854
 2022741     64     72  50001      0     64  2008907 2028855
 2022742     64     72  50001      0     64  2008908 2028856
 2022743     64     72  50001      0     64  2008908 2028857
 2022744     64     72  50001      0     64  2008909 2028858
 2022745     64     72  50001      0     64  2008909 2028859
 2022746     64     72  50001      0     64  2008910 2028860
 2022747     64     72  50001      0     64  2008910 2028861
 2022748     64     72  50001      0     64  2008911 2028862
 2022749     64     72  50001      0     64  2008911 2028863
 2022750     64     72  50001      0     64  2008912 2028864
 2022751     64     72  50001      0     64  2008912 2028865
 2022752     64     72  50001      0     64  2008913 2028866
 2022753     64     72  50001      0     64  2008913 2028867
 2022754     64     72  50001      0     64  2008914 2028868
 2022755     64     72  50001      0     64  2008914 2028869
 2022756     64     72  50001      0     64  2004355 2029619
 2022757     64     72  50001      0     64  2008914 2029623

 SELECT ALL ENTITIES OF TYPE= ALL  AND BELOW
