
                        S T E P       1


                                INCREMENT     1


 displacements (vx,vy,vz) for set ALL and time  0.1000000E+01

         1  0.000000E+00  0.000000E+00  0.000000E+00
         2  4.106255E-04  0.000000E+00 -7.076446E-06
         3  4.200383E-04  0.000000E+00  0.000000E+00
         4  4.302568E-04  0.000000E+00 -1.661740E-06
         5  4.561146E-04  0.000000E+00 -1.154013E-06
         6  4.631062E-04  0.000000E+00  0.000000E+00
         7  5.257391E-04  0.000000E+00 -1.827288E-04
         8  8.199101E-04  0.000000E+00 -1.042085E-03
         9  1.125294E-03  0.000000E+00 -1.915379E-03
        10  1.483399E-03  0.000000E+00 -2.931639E-03
        11  1.652662E-03  0.000000E+00 -3.407078E-03
        12  1.820497E-03  0.000000E+00 -3.876422E-03
        13  2.166535E-03  0.000000E+00 -4.842481E-03
        14  2.506450E-03  0.000000E+00 -5.783874E-03
        15  2.666577E-03  0.000000E+00 -6.222576E-03
        16  2.825158E-03  0.000000E+00 -6.655211E-03
        17  3.167057E-03  0.000000E+00 -7.590571E-03
        18  3.502652E-03  0.000000E+00 -8.501232E-03
        19  3.660735E-03  0.000000E+00 -8.925256E-03
        20  3.817172E-03  0.000000E+00 -9.343226E-03
        21  4.139805E-03  0.000000E+00 -1.020369E-02
        22  4.455879E-03  0.000000E+00 -1.103949E-02
        23  4.604072E-03  0.000000E+00 -1.142684E-02
        24  4.750613E-03  0.000000E+00 -1.180812E-02
        25  5.052760E-03  0.000000E+00 -1.259395E-02
        26  5.348096E-03  0.000000E+00 -1.335515E-02
        27  5.486024E-03  0.000000E+00 -1.370588E-02
        28  5.622295E-03  0.000000E+00 -1.405054E-02
        29  5.756852E-03  0.000000E+00 -1.438918E-02
        30  5.895702E-03  0.000000E+00 -1.473921E-02
        31  6.182275E-03  0.000000E+00 -1.546136E-02
        32  6.315964E-03  0.000000E+00 -1.579327E-02
        33  6.447781E-03  0.000000E+00 -1.611916E-02
        34  6.719744E-03  0.000000E+00 -1.679133E-02
        35  6.984455E-03  0.000000E+00 -1.743889E-02
        36  7.107111E-03  0.000000E+00 -1.773427E-02
        37  7.227890E-03  0.000000E+00 -1.802363E-02
        38  7.477258E-03  0.000000E+00 -1.862138E-02
        39  7.719127E-03  0.000000E+00 -1.919457E-02
        40  7.830380E-03  0.000000E+00 -1.945349E-02
        41  7.939752E-03  0.000000E+00 -1.970638E-02
        42  8.165773E-03  0.000000E+00 -2.022985E-02
        43  8.412524E-03  0.000000E+00 -2.079554E-02
        44  8.526381E-03  0.000000E+00 -2.105219E-02
        45  8.638292E-03  0.000000E+00 -2.130277E-02
        46  8.868409E-03  0.000000E+00 -2.181864E-02
        47  9.090292E-03  0.000000E+00 -2.230999E-02
        48  9.191868E-03  0.000000E+00 -2.253013E-02
        49  9.291380E-03  0.000000E+00 -2.274424E-02
        50  9.496356E-03  0.000000E+00 -2.318579E-02
        51  9.692855E-03  0.000000E+00 -2.360286E-02
        52  9.781782E-03  0.000000E+00 -2.378657E-02
        53  9.868531E-03  0.000000E+00 -2.396429E-02
        54  1.004740E-02  0.000000E+00 -2.433177E-02
        55  1.013928E-02  0.000000E+00 -2.452091E-02
        56  1.023494E-02  0.000000E+00 -2.471902E-02
        57  1.032844E-02  0.000000E+00 -2.491091E-02
        58  1.041959E-02  0.000000E+00 -2.509661E-02
        59  1.058399E-02  0.000000E+00 -2.542133E-02
        60  1.073948E-02  0.000000E+00 -2.572164E-02
        61  1.081922E-02  0.000000E+00 -2.587594E-02
        62  1.089662E-02  0.000000E+00 -2.602404E-02
        63  1.103360E-02  0.000000E+00 -2.627490E-02
        64  1.116144E-02  0.000000E+00 -2.650142E-02
        65  1.122695E-02  0.000000E+00 -2.661828E-02
        66  1.129011E-02  0.000000E+00 -2.672895E-02
        67  1.139873E-02  0.000000E+00 -2.690623E-02
        68  1.149796E-02  0.000000E+00 -2.705925E-02
        69  1.155640E-02  0.000000E+00 -2.715662E-02
        70  1.161239E-02  0.000000E+00 -2.724782E-02
        71  1.170684E-02  0.000000E+00 -2.738750E-02
        72  1.179172E-02  0.000000E+00 -2.750291E-02
        73  1.183529E-02  0.000000E+00 -2.756299E-02
        74  1.187630E-02  0.000000E+00 -2.761694E-02
        75  1.194112E-02  0.000000E+00 -2.768328E-02
        76  1.199592E-02  0.000000E+00 -2.772552E-02
        77  1.202416E-02  0.000000E+00 -2.774847E-02
        78  1.204982E-02  0.000000E+00 -2.776529E-02
        79  1.208408E-02  0.000000E+00 -2.775860E-02
        80  1.210810E-02  0.000000E+00 -2.772788E-02
        81  1.212076E-02  0.000000E+00 -2.771377E-02
        82  1.214549E-02  0.000000E+00 -2.772728E-02
        83  1.217832E-02  0.000000E+00 -2.771632E-02
        84  1.220065E-02  0.000000E+00 -2.768125E-02
        85  1.221193E-02  0.000000E+00 -2.766382E-02
        86  1.222047E-02  0.000000E+00 -2.764029E-02
        87  1.222104E-02  0.000000E+00 -2.755639E-02
        88  1.221088E-02  0.000000E+00 -2.744845E-02
        89  1.220563E-02  0.000000E+00 -2.739412E-02
        90  1.219752E-02  0.000000E+00 -2.733374E-02
        91  1.216513E-02  0.000000E+00 -2.717713E-02
        92  1.212157E-02  0.000000E+00 -2.699667E-02
        93  1.209933E-02  0.000000E+00 -2.690562E-02
        94  1.207434E-02  0.000000E+00 -2.680847E-02
        95  1.202558E-02  0.000000E+00 -2.661772E-02
        96  1.196548E-02  0.000000E+00 -2.640312E-02
        97  1.193481E-02  0.000000E+00 -2.629447E-02
        98  1.190118E-02  0.000000E+00 -2.617980E-02
        99  1.181805E-02  0.000000E+00 -2.591673E-02
       100  1.172335E-02  0.000000E+00 -2.562990E-02
       101  1.167509E-02  0.000000E+00 -2.548471E-02
       102  1.162389E-02  0.000000E+00 -2.533349E-02
       103  1.150570E-02  0.000000E+00 -2.499834E-02
       104  1.137573E-02  0.000000E+00 -2.463951E-02
       105  1.130945E-02  0.000000E+00 -2.445798E-02
       106  1.124022E-02  0.000000E+00 -2.427042E-02
       107  1.116776E-02  0.000000E+00 -2.407623E-02
       108  1.110310E-02  0.000000E+00 -2.389937E-02
       109  1.095821E-02  0.000000E+00 -2.351375E-02
       110  1.088432E-02  0.000000E+00 -2.331833E-02
       111  1.080739E-02  0.000000E+00 -2.311692E-02
       112  1.063802E-02  0.000000E+00 -2.268327E-02
       113  1.045649E-02  0.000000E+00 -2.222602E-02
       114  1.036402E-02  0.000000E+00 -2.199444E-02
       115  1.026839E-02  0.000000E+00 -2.175691E-02
       116  1.006194E-02  0.000000E+00 -2.125180E-02
       117  9.842891E-03  0.000000E+00 -2.072330E-02
       118  9.731394E-03  0.000000E+00 -2.045574E-02
       119  9.616744E-03  0.000000E+00 -2.018224E-02
       120  9.372334E-03  0.000000E+00 -1.960605E-02
       121  9.145165E-03  0.000000E+00 -1.907345E-02
       122  9.029144E-03  0.000000E+00 -1.880311E-02
       123  8.909911E-03  0.000000E+00 -1.852681E-02
       124  8.656638E-03  0.000000E+00 -1.794651E-02
       125  8.390316E-03  0.000000E+00 -1.734284E-02
       126  8.254468E-03  0.000000E+00 -1.703667E-02
       127  8.115301E-03  0.000000E+00 -1.672459E-02
       128  7.822219E-03  0.000000E+00 -1.607351E-02
       129  7.515879E-03  0.000000E+00 -1.539913E-02
       130  7.359890E-03  0.000000E+00 -1.505728E-02
       131  7.200585E-03  0.000000E+00 -1.470953E-02
       132  6.867281E-03  0.000000E+00 -1.398780E-02
       133  6.697196E-03  0.000000E+00 -1.362138E-02
       134  6.533138E-03  0.000000E+00 -1.326754E-02
       135  6.365215E-03  0.000000E+00 -1.290672E-02
       136  6.193881E-03  0.000000E+00 -1.254002E-02
       137  5.836605E-03  0.000000E+00 -1.178109E-02
       138  5.465701E-03  0.000000E+00 -1.099898E-02
       139  5.276969E-03  0.000000E+00 -1.060274E-02
       140  5.084718E-03  0.000000E+00 -1.020069E-02
       141  4.685868E-03  0.000000E+00 -9.371587E-03
       142  4.272961E-03  0.000000E+00 -8.519509E-03
       143  4.063001E-03  0.000000E+00 -8.088077E-03
       144  3.849528E-03  0.000000E+00 -7.650822E-03
       145  3.408257E-03  0.000000E+00 -6.751936E-03
       146  2.952728E-03  0.000000E+00 -5.830167E-03
       147  2.720180E-03  0.000000E+00 -5.361941E-03
       148  2.484014E-03  0.000000E+00 -4.887947E-03
       149  1.997385E-03  0.000000E+00 -3.916200E-03
       150  1.496298E-03  0.000000E+00 -2.921661E-03
       151  9.804700E-04  0.000000E+00 -1.903494E-03
       152  5.548344E-04  0.000000E+00 -1.074945E-03
       153  1.185128E-04  0.000000E+00 -2.293511E-04
       154  0.000000E+00  0.000000E+00  0.000000E+00
       155  1.429395E-05  0.000000E+00 -1.727972E-06
       156  1.275005E-04  0.000000E+00 -1.794010E-06
       157  1.421254E-04  0.000000E+00  0.000000E+00
       158  1.504793E-04  0.000000E+00 -1.612695E-05
       159  1.660541E-04  0.000000E+00 -8.216397E-05
       160  1.898942E-04  0.000000E+00 -1.639783E-04
       161 -3.568138E-05  0.000000E+00 -9.787511E-04
       162 -2.892746E-04  0.000000E+00 -1.910370E-03
       163 -5.298969E-04  0.000000E+00 -2.814600E-03
       164 -7.577800E-04  0.000000E+00 -3.691400E-03
       165 -9.731562E-04  0.000000E+00 -4.540735E-03
       166 -1.035757E-03  0.000000E+00 -4.800592E-03
       167 -1.170762E-03  0.000000E+00 -5.348653E-03
       168 -1.368939E-03  0.000000E+00 -6.162664E-03
       169 -1.554911E-03  0.000000E+00 -6.949284E-03
       170 -1.728910E-03  0.000000E+00 -7.708473E-03
       171 -1.891169E-03  0.000000E+00 -8.440200E-03
       172 -2.041922E-03  0.000000E+00 -9.144433E-03
       173 -2.132446E-03  0.000000E+00 -9.588812E-03
       174 -2.189815E-03  0.000000E+00 -9.845868E-03
       175 -2.343902E-03  0.000000E+00 -1.056959E-02
       176 -2.486331E-03  0.000000E+00 -1.126612E-02
       177 -2.617673E-03  0.000000E+00 -1.193529E-02
       178 -2.738159E-03  0.000000E+00 -1.257709E-02
       179 -2.847687E-03  0.000000E+00 -1.319159E-02
       180 -2.946492E-03  0.000000E+00 -1.377878E-02
       181 -3.090481E-03  0.000000E+00 -1.451743E-02
       182 -3.224104E-03  0.000000E+00 -1.522910E-02
       183 -3.347255E-03  0.000000E+00 -1.591388E-02
       184 -3.460170E-03  0.000000E+00 -1.657173E-02
       185 -3.562742E-03  0.000000E+00 -1.720274E-02
       186 -3.655206E-03  0.000000E+00 -1.780690E-02
       187 -3.688194E-03  0.000000E+00 -1.801653E-02
       188 -3.753930E-03  0.000000E+00 -1.843560E-02
       189 -3.851013E-03  0.000000E+00 -1.906372E-02
       190 -3.938154E-03  0.000000E+00 -1.966515E-02
       191 -4.015922E-03  0.000000E+00 -2.023978E-02
       192 -4.084213E-03  0.000000E+00 -2.078768E-02
       193 -4.143261E-03  0.000000E+00 -2.130884E-02
       194 -4.173548E-03  0.000000E+00 -2.162832E-02
       195 -4.200482E-03  0.000000E+00 -2.182815E-02
       196 -4.263265E-03  0.000000E+00 -2.237084E-02
       197 -4.316975E-03  0.000000E+00 -2.288697E-02
       198 -4.361844E-03  0.000000E+00 -2.337652E-02
       199 -4.398106E-03  0.000000E+00 -2.383947E-02
       200 -4.425657E-03  0.000000E+00 -2.427592E-02
       201 -4.444730E-03  0.000000E+00 -2.468584E-02
       202 -4.502846E-03  0.000000E+00 -2.525181E-02
       203 -4.552792E-03  0.000000E+00 -2.579159E-02
       204 -4.594464E-03  0.000000E+00 -2.630526E-02
       205 -4.628092E-03  0.000000E+00 -2.679280E-02
       206 -4.653908E-03  0.000000E+00 -2.725422E-02
       207 -4.671807E-03  0.000000E+00 -2.768959E-02
       208 -4.680382E-03  0.000000E+00 -2.784630E-02
       209 -4.695306E-03  0.000000E+00 -2.815120E-02
       210 -4.717653E-03  0.000000E+00 -2.861328E-02
       211 -4.732567E-03  0.000000E+00 -2.904940E-02
       212 -4.740280E-03  0.000000E+00 -2.945957E-02
       213 -4.740686E-03  0.000000E+00 -2.984385E-02
       214 -4.734015E-03  0.000000E+00 -3.020226E-02
       215 -4.721671E-03  0.000000E+00 -3.041088E-02
       216 -4.726179E-03  0.000000E+00 -3.055986E-02
       217 -4.723341E-03  0.000000E+00 -3.094176E-02
       218 -4.713579E-03  0.000000E+00 -3.129796E-02
       219 -4.697123E-03  0.000000E+00 -3.162845E-02
       220 -4.674204E-03  0.000000E+00 -3.193324E-02
       221 -4.645050E-03  0.000000E+00 -3.221232E-02
       222 -4.609557E-03  0.000000E+00 -3.246577E-02
       223 -4.605903E-03  0.000000E+00 -3.287968E-02
       224 -4.596168E-03  0.000000E+00 -3.326827E-02
       225 -4.580241E-03  0.000000E+00 -3.363163E-02
       226 -4.558353E-03  0.000000E+00 -3.396976E-02
       227 -4.530728E-03  0.000000E+00 -3.428266E-02
       228 -4.497259E-03  0.000000E+00 -3.457040E-02
       229 -4.488471E-03  0.000000E+00 -3.467921E-02
       230 -4.468557E-03  0.000000E+00 -3.488574E-02
       231 -4.439581E-03  0.000000E+00 -3.520233E-02
       232 -4.404887E-03  0.000000E+00 -3.549394E-02
       233 -4.365038E-03  0.000000E+00 -3.576051E-02
       234 -4.319925E-03  0.000000E+00 -3.600211E-02
       235 -4.269772E-03  0.000000E+00 -3.621874E-02
       236 -4.230526E-03  0.000000E+00 -3.633287E-02
       237 -4.219069E-03  0.000000E+00 -3.643556E-02
       238 -4.172549E-03  0.000000E+00 -3.667767E-02
       239 -4.121120E-03  0.000000E+00 -3.689500E-02
       240 -4.065009E-03  0.000000E+00 -3.708753E-02
       241 -4.004439E-03  0.000000E+00 -3.725530E-02
       242 -3.939299E-03  0.000000E+00 -3.739835E-02
       243 -3.869814E-03  0.000000E+00 -3.751671E-02
       244 -3.824873E-03  0.000000E+00 -3.779862E-02
       245 -3.775460E-03  0.000000E+00 -3.805615E-02
       246 -3.721796E-03  0.000000E+00 -3.828933E-02
       247 -3.664106E-03  0.000000E+00 -3.849817E-02
       248 -3.602609E-03  0.000000E+00 -3.868267E-02
       249 -3.557268E-03  0.000000E+00 -3.877723E-02
       250 -3.540503E-03  0.000000E+00 -3.886673E-02
       251 -3.481243E-03  0.000000E+00 -3.907432E-02
       252 -3.418301E-03  0.000000E+00 -3.925771E-02
       253 -3.351897E-03  0.000000E+00 -3.941692E-02
       254 -3.281916E-03  0.000000E+00 -3.955202E-02
       255 -3.208577E-03  0.000000E+00 -3.966300E-02
       256 -3.185254E-03  0.000000E+00 -3.971023E-02
       257 -3.138247E-03  0.000000E+00 -3.980016E-02
       258 -3.067815E-03  0.000000E+00 -3.993815E-02
       259 -2.994470E-03  0.000000E+00 -4.005213E-02
       260 -2.918095E-03  0.000000E+00 -4.014214E-02
       261 -2.838910E-03  0.000000E+00 -4.020821E-02
       262 -2.774237E-03  0.000000E+00 -4.023452E-02
       263 -2.760910E-03  0.000000E+00 -4.029105E-02
       264 -2.695077E-03  0.000000E+00 -4.049535E-02
       265 -2.626496E-03  0.000000E+00 -4.067596E-02
       266 -2.555047E-03  0.000000E+00 -4.083292E-02
       267 -2.481282E-03  0.000000E+00 -4.096621E-02
       268 -2.405084E-03  0.000000E+00 -4.107588E-02
       269 -2.368697E-03  0.000000E+00 -4.109922E-02
       270 -2.327012E-03  0.000000E+00 -4.116923E-02
       271 -2.252310E-03  0.000000E+00 -4.130527E-02
       272 -2.175608E-03  0.000000E+00 -4.141775E-02
       273 -2.096786E-03  0.000000E+00 -4.150672E-02
       274 -2.016060E-03  0.000000E+00 -4.157218E-02
       275 -1.933309E-03  0.000000E+00 -4.161418E-02
       276 -1.924170E-03  0.000000E+00 -4.162097E-02
       277 -1.853445E-03  0.000000E+00 -4.169851E-02
       278 -1.772362E-03  0.000000E+00 -4.176768E-02
       279 -1.689682E-03  0.000000E+00 -4.181344E-02
       280 -1.605621E-03  0.000000E+00 -4.183581E-02
       281 -1.520057E-03  0.000000E+00 -4.183481E-02
       282 -1.433204E-03  0.000000E+00 -4.181045E-02
       283 -1.413971E-03  0.000000E+00 -4.180747E-02
       284 -1.352099E-03  0.000000E+00 -4.189945E-02
       285 -1.271359E-03  0.000000E+00 -4.200358E-02
       286 -1.189389E-03  0.000000E+00 -4.208449E-02
       287 -1.106403E-03  0.000000E+00 -4.214218E-02
       288 -1.022279E-03  0.000000E+00 -4.217666E-02
       289 -9.467478E-04  0.000000E+00 -4.218648E-02
       290 -9.376926E-04  0.000000E+00 -4.219631E-02
       291 -8.543523E-04  0.000000E+00 -4.226095E-02
       292 -7.702874E-04  0.000000E+00 -4.230242E-02
       293 -6.857106E-04  0.000000E+00 -4.232074E-02
       294 -6.004984E-04  0.000000E+00 -4.231590E-02
       295 -5.148634E-04  0.000000E+00 -4.228791E-02
       296 -4.668826E-04  0.000000E+00 -4.225948E-02
       297 -4.295802E-04  0.000000E+00 -4.229041E-02
       298 -3.453617E-04  0.000000E+00 -4.235407E-02
       299 -2.606337E-04  0.000000E+00 -4.239462E-02
       300 -1.756086E-04  0.000000E+00 -4.241205E-02
       301 -9.049863E-05  0.000000E+00 -4.240636E-02
       302 -6.250358E-07  0.000000E+00 -4.141450E-02
       303  8.915391E-05  0.000000E+00 -4.240912E-02
       304  1.742599E-04  0.000000E+00 -4.241756E-02
       305  2.592819E-04  0.000000E+00 -4.240288E-02
       306  3.440076E-04  0.000000E+00 -4.236510E-02
       307  4.282245E-04  0.000000E+00 -4.230419E-02
       308  4.841480E-04  0.000000E+00 -4.225375E-02
       309  5.127800E-04  0.000000E+00 -4.227303E-02
       310  5.986972E-04  0.000000E+00 -4.230177E-02
       311  6.838508E-04  0.000000E+00 -4.230738E-02
       312  7.687008E-04  0.000000E+00 -4.228983E-02
       313  8.526982E-04  0.000000E+00 -4.224913E-02
       314  9.359666E-04  0.000000E+00 -4.218525E-02
       315  9.639396E-04  0.000000E+00 -4.216840E-02
       316  1.020444E-03  0.000000E+00 -4.216329E-02
       317  1.104490E-03  0.000000E+00 -4.212984E-02
       318  1.187392E-03  0.000000E+00 -4.207318E-02
       319  1.269275E-03  0.000000E+00 -4.199331E-02
       320  1.349926E-03  0.000000E+00 -4.189021E-02
       321  1.412136E-03  0.000000E+00 -4.179873E-02
       322  1.431219E-03  0.000000E+00 -4.180128E-02
       323  1.518118E-03  0.000000E+00 -4.182380E-02
       324  1.603716E-03  0.000000E+00 -4.182297E-02
       325  1.687800E-03  0.000000E+00 -4.179878E-02
       326  1.770491E-03  0.000000E+00 -4.175119E-02
       327  1.851239E-03  0.000000E+00 -4.168022E-02
       328  1.887756E-03  0.000000E+00 -4.165704E-02
       329  1.935068E-03  0.000000E+00 -4.165451E-02
       330  2.017746E-03  0.000000E+00 -4.161012E-02
       331  2.098387E-03  0.000000E+00 -4.154225E-02
       332  2.177110E-03  0.000000E+00 -4.145089E-02
       333  2.253701E-03  0.000000E+00 -4.133601E-02
       334  2.328280E-03  0.000000E+00 -4.119758E-02
       335  2.336183E-03  0.000000E+00 -4.117707E-02
       336  2.406076E-03  0.000000E+00 -4.110240E-02
       337  2.482263E-03  0.000000E+00 -4.099197E-02
       338  2.556007E-03  0.000000E+00 -4.085792E-02
       339  2.627427E-03  0.000000E+00 -4.070019E-02
       340  2.695972E-03  0.000000E+00 -4.051883E-02
       341  2.761759E-03  0.000000E+00 -4.031377E-02
       342  2.775202E-03  0.000000E+00 -4.025654E-02
       343  2.839788E-03  0.000000E+00 -4.023112E-02
       344  2.919396E-03  0.000000E+00 -4.016598E-02
       345  2.995853E-03  0.000000E+00 -4.007693E-02
       346  3.069614E-03  0.000000E+00 -3.996389E-02
       347  3.140121E-03  0.000000E+00 -3.982686E-02
       348  3.200667E-03  0.000000E+00 -3.968991E-02
       349  3.208260E-03  0.000000E+00 -3.967391E-02
       350  3.281439E-03  0.000000E+00 -3.956216E-02
       351  3.351253E-03  0.000000E+00 -3.942629E-02
       352  3.417481E-03  0.000000E+00 -3.926631E-02
       353  3.480239E-03  0.000000E+00 -3.908215E-02
       354  3.539306E-03  0.000000E+00 -3.887381E-02
       355  3.573508E-03  0.000000E+00 -3.876870E-02
       356  3.599022E-03  0.000000E+00 -3.867374E-02
       357  3.660708E-03  0.000000E+00 -3.849134E-02
       358  3.718587E-03  0.000000E+00 -3.828461E-02
       359  3.772438E-03  0.000000E+00 -3.805354E-02
       360  3.822037E-03  0.000000E+00 -3.779811E-02
       361  3.867500E-03  0.000000E+00 -3.751827E-02
       362  3.936799E-03  0.000000E+00 -3.739989E-02
       363  4.001747E-03  0.000000E+00 -3.725682E-02
       364  4.062455E-03  0.000000E+00 -3.708899E-02
       365  4.118698E-03  0.000000E+00 -3.689638E-02
       366  4.170252E-03  0.000000E+00 -3.667900E-02
       367  4.216891E-03  0.000000E+00 -3.643683E-02
       368  4.228350E-03  0.000000E+00 -3.633349E-02
       369  4.267575E-03  0.000000E+00 -3.621980E-02
       370  4.317824E-03  0.000000E+00 -3.600309E-02
       371  4.363027E-03  0.000000E+00 -3.576143E-02
       372  4.402959E-03  0.000000E+00 -3.549480E-02
       373  4.437393E-03  0.000000E+00 -3.520319E-02
       374  4.466441E-03  0.000000E+00 -3.488655E-02
       375  4.486210E-03  0.000000E+00 -3.467920E-02
       376  4.494958E-03  0.000000E+00 -3.457098E-02
       377  4.528113E-03  0.000000E+00 -3.428312E-02
       378  4.555755E-03  0.000000E+00 -3.397003E-02
       379  4.577654E-03  0.000000E+00 -3.363173E-02
       380  4.593584E-03  0.000000E+00 -3.326819E-02
       381  4.603317E-03  0.000000E+00 -3.287942E-02
       382  4.606962E-03  0.000000E+00 -3.246535E-02
       383  4.642439E-03  0.000000E+00 -3.221190E-02
       384  4.671905E-03  0.000000E+00 -3.193276E-02
       385  4.694796E-03  0.000000E+00 -3.162799E-02
       386  4.711217E-03  0.000000E+00 -3.129752E-02
       387  4.720938E-03  0.000000E+00 -3.094134E-02
       388  4.723730E-03  0.000000E+00 -3.055947E-02
       389  4.719293E-03  0.000000E+00 -3.040953E-02
       390  4.731599E-03  0.000000E+00 -3.020169E-02
       391  4.738196E-03  0.000000E+00 -2.984330E-02
       392  4.737711E-03  0.000000E+00 -2.945902E-02
       393  4.730249E-03  0.000000E+00 -2.904879E-02
       394  4.715243E-03  0.000000E+00 -2.861269E-02
       395  4.692799E-03  0.000000E+00 -2.815063E-02
       396  4.677730E-03  0.000000E+00 -2.784463E-02
       397  4.669172E-03  0.000000E+00 -2.768887E-02
       398  4.651146E-03  0.000000E+00 -2.725349E-02
       399  4.625532E-03  0.000000E+00 -2.679198E-02
       400  4.592101E-03  0.000000E+00 -2.630435E-02
       401  4.550619E-03  0.000000E+00 -2.579059E-02
       402  4.500858E-03  0.000000E+00 -2.525074E-02
       403  4.442584E-03  0.000000E+00 -2.468478E-02
       404  4.423336E-03  0.000000E+00 -2.427498E-02
       405  4.395941E-03  0.000000E+00 -2.383856E-02
       406  4.359828E-03  0.000000E+00 -2.337564E-02
       407  4.315103E-03  0.000000E+00 -2.288613E-02
       408  4.261531E-03  0.000000E+00 -2.237004E-02
       409  4.198881E-03  0.000000E+00 -2.182739E-02
       410  4.171826E-03  0.000000E+00 -2.162631E-02
       411  4.141753E-03  0.000000E+00 -2.130794E-02
       412  4.082808E-03  0.000000E+00 -2.078679E-02
       413  4.014614E-03  0.000000E+00 -2.023891E-02
       414  3.936937E-03  0.000000E+00 -1.966430E-02
       415  3.849881E-03  0.000000E+00 -1.906290E-02
       416  3.752878E-03  0.000000E+00 -1.843481E-02
       417  3.686960E-03  0.000000E+00 -1.801431E-02
       418  3.654195E-03  0.000000E+00 -1.780595E-02
       419  3.561772E-03  0.000000E+00 -1.720178E-02
       420  3.459234E-03  0.000000E+00 -1.657074E-02
       421  3.346684E-03  0.000000E+00 -1.591277E-02
       422  3.223554E-03  0.000000E+00 -1.522798E-02
       423  3.089948E-03  0.000000E+00 -1.451630E-02
       424  2.945969E-03  0.000000E+00 -1.377765E-02
       425  2.847172E-03  0.000000E+00 -1.319059E-02
       426  2.737645E-03  0.000000E+00 -1.257621E-02
       427  2.617492E-03  0.000000E+00 -1.193444E-02
       428  2.486142E-03  0.000000E+00 -1.126540E-02
       429  2.343698E-03  0.000000E+00 -1.056902E-02
       430  2.189926E-03  0.000000E+00 -9.845322E-03
       431  2.132484E-03  0.000000E+00 -9.587464E-03
       432  2.042315E-03  0.000000E+00 -9.143805E-03
       433  1.891842E-03  0.000000E+00 -8.439563E-03
       434  1.729522E-03  0.000000E+00 -7.707952E-03
       435  1.555455E-03  0.000000E+00 -6.948883E-03
       436  1.369747E-03  0.000000E+00 -6.162267E-03
       437  1.171828E-03  0.000000E+00 -5.348261E-03
       438  1.036550E-03  0.000000E+00 -4.799390E-03
       439  9.741463E-04  0.000000E+00 -4.540460E-03
       440  7.586691E-04  0.000000E+00 -3.691244E-03
       441  5.306787E-04  0.000000E+00 -2.814565E-03
       442  2.899434E-04  0.000000E+00 -1.910463E-03
       443  3.656791E-05  0.000000E+00 -9.788459E-04
       444 -1.888252E-04  0.000000E+00 -1.640814E-04
       445 -1.680894E-04  0.000000E+00 -1.007374E-04
       446 -1.499635E-04  0.000000E+00 -1.648816E-05
       447 -1.418799E-04  0.000000E+00  0.000000E+00
       448 -1.360051E-04  0.000000E+00  1.940364E-10
       449 -6.367745E-06  0.000000E+00 -8.494759E-08
       450  0.000000E+00  0.000000E+00  0.000000E+00
       451 -1.864993E-05  0.000000E+00 -4.706155E-05
       452 -4.273321E-04  0.000000E+00 -1.083527E-03
       453 -8.238953E-04  0.000000E+00 -2.096204E-03
       454 -1.054459E-03  0.000000E+00 -2.695840E-03
       455 -1.247644E-03  0.000000E+00 -3.200664E-03
       456 -1.634654E-03  0.000000E+00 -4.215446E-03
       457 -2.010577E-03  0.000000E+00 -5.208214E-03
       458 -2.189527E-03  0.000000E+00 -5.684666E-03
       459 -2.365701E-03  0.000000E+00 -6.155486E-03
       460 -2.719250E-03  0.000000E+00 -7.103320E-03
       461 -3.061920E-03  0.000000E+00 -8.029064E-03
       462 -3.225966E-03  0.000000E+00 -8.476021E-03
       463 -3.387226E-03  0.000000E+00 -8.917352E-03
       464 -3.711516E-03  0.000000E+00 -9.807376E-03
       465 -4.025117E-03  0.000000E+00 -1.067525E-02
       466 -4.172768E-03  0.000000E+00 -1.108798E-02
       467 -4.317744E-03  0.000000E+00 -1.149503E-02
       468 -4.610023E-03  0.000000E+00 -1.231761E-02
       469 -4.891826E-03  0.000000E+00 -1.311798E-02
       470 -5.023409E-03  0.000000E+00 -1.349635E-02
       471 -5.152426E-03  0.000000E+00 -1.386900E-02
       472 -5.413345E-03  0.000000E+00 -1.462393E-02
       473 -5.664001E-03  0.000000E+00 -1.535657E-02
       474 -5.779956E-03  0.000000E+00 -1.570041E-02
       475 -5.893344E-03  0.000000E+00 -1.603855E-02
       476 -6.135968E-03  0.000000E+00 -1.675829E-02
       477 -6.368716E-03  0.000000E+00 -1.745563E-02
       478 -6.475639E-03  0.000000E+00 -1.778114E-02
       479 -6.591591E-03  0.000000E+00 -1.813099E-02
       480 -6.804236E-03  0.000000E+00 -1.878272E-02
       481 -7.006999E-03  0.000000E+00 -1.941207E-02
       482 -7.110759E-03  0.000000E+00 -1.973403E-02
       483 -7.212103E-03  0.000000E+00 -2.005048E-02
       484 -7.395212E-03  0.000000E+00 -2.063408E-02
       485 -7.568881E-03  0.000000E+00 -2.119516E-02
       486 -7.658365E-03  0.000000E+00 -2.148362E-02
       487 -7.745430E-03  0.000000E+00 -2.176656E-02
       488 -7.899897E-03  0.000000E+00 -2.228177E-02
       489 -8.068759E-03  0.000000E+00 -2.284769E-02
       490 -8.156188E-03  0.000000E+00 -2.314006E-02
       491 -8.241362E-03  0.000000E+00 -2.342690E-02
       492 -8.391709E-03  0.000000E+00 -2.394701E-02
       493 -8.533051E-03  0.000000E+00 -2.444461E-02
       494 -8.606972E-03  0.000000E+00 -2.470347E-02
       495 -8.678749E-03  0.000000E+00 -2.495677E-02
       496 -8.802034E-03  0.000000E+00 -2.540843E-02
       497 -8.916538E-03  0.000000E+00 -2.583753E-02
       498 -8.977285E-03  0.000000E+00 -2.606280E-02
       499 -9.035888E-03  0.000000E+00 -2.628251E-02
       500 -9.132796E-03  0.000000E+00 -2.666557E-02
       501 -9.221374E-03  0.000000E+00 -2.702593E-02
       502 -9.275395E-03  0.000000E+00 -2.723533E-02
       503 -9.327369E-03  0.000000E+00 -2.743915E-02
       504 -9.410952E-03  0.000000E+00 -2.778897E-02
       505 -9.486146E-03  0.000000E+00 -2.811618E-02
       506 -9.527689E-03  0.000000E+00 -2.829185E-02
       507 -9.567185E-03  0.000000E+00 -2.846196E-02
       508 -9.625820E-03  0.000000E+00 -2.874293E-02
       509 -9.676297E-03  0.000000E+00 -2.900124E-02
       510 -9.705702E-03  0.000000E+00 -2.914311E-02
       511 -9.733059E-03  0.000000E+00 -2.927943E-02
       512 -9.767447E-03  0.000000E+00 -2.949141E-02
       513 -9.794130E-03  0.000000E+00 -2.968060E-02
       514 -9.811738E-03  0.000000E+00 -2.978860E-02
       515 -9.827410E-03  0.000000E+00 -2.989101E-02
       516 -9.850572E-03  0.000000E+00 -3.007143E-02
       517 -9.865970E-03  0.000000E+00 -3.022914E-02
       518 -9.878118E-03  0.000000E+00 -3.032210E-02
       519 -9.888426E-03  0.000000E+00 -3.040944E-02
       520 -9.888783E-03  0.000000E+00 -3.052068E-02
       521 -9.881610E-03  0.000000E+00 -3.060917E-02
       522 -9.882662E-03  0.000000E+00 -3.066815E-02
       523 -9.881988E-03  0.000000E+00 -3.072148E-02
       524 -9.860252E-03  0.000000E+00 -3.076343E-02
       525 -9.831445E-03  0.000000E+00 -3.078252E-02
       526 -9.821748E-03  0.000000E+00 -3.080744E-02
       527 -9.810326E-03  0.000000E+00 -3.082673E-02
       528 -9.767213E-03  0.000000E+00 -3.079927E-02
       529 -9.739860E-03  0.000000E+00 -3.082290E-02
       530 -9.731130E-03  0.000000E+00 -3.085144E-02
       531 -9.720725E-03  0.000000E+00 -3.087437E-02
       532 -9.679773E-03  0.000000E+00 -3.085159E-02
       533 -9.632207E-03  0.000000E+00 -3.080605E-02
       534 -9.613512E-03  0.000000E+00 -3.080056E-02
       535 -9.593258E-03  0.000000E+00 -3.078945E-02
       536 -9.532578E-03  0.000000E+00 -3.069744E-02
       537 -9.465523E-03  0.000000E+00 -3.058264E-02
       538 -9.437213E-03  0.000000E+00 -3.054308E-02
       539 -9.407345E-03  0.000000E+00 -3.049788E-02
       540 -9.327888E-03  0.000000E+00 -3.033651E-02
       541 -9.242295E-03  0.000000E+00 -3.015232E-02
       542 -9.209729E-03  0.000000E+00 -3.009627E-02
       543 -9.175704E-03  0.000000E+00 -3.003458E-02
       544 -9.087912E-03  0.000000E+00 -2.983914E-02
       545 -8.994384E-03  0.000000E+00 -2.962085E-02
       546 -8.952924E-03  0.000000E+00 -2.953064E-02
       547 -8.910005E-03  0.000000E+00 -2.943479E-02
       548 -8.804708E-03  0.000000E+00 -2.916999E-02
       549 -8.693914E-03  0.000000E+00 -2.888233E-02
       550 -8.643912E-03  0.000000E+00 -2.875789E-02
       551 -8.592566E-03  0.000000E+00 -2.862780E-02
       552 -8.470721E-03  0.000000E+00 -2.829354E-02
       553 -8.343397E-03  0.000000E+00 -2.793646E-02
       554 -8.285208E-03  0.000000E+00 -2.777776E-02
       555 -8.225789E-03  0.000000E+00 -2.761338E-02
       556 -8.097465E-03  0.000000E+00 -2.724615E-02
       557 -7.964061E-03  0.000000E+00 -2.685608E-02
       558 -7.902869E-03  0.000000E+00 -2.668134E-02
       559 -7.840433E-03  0.000000E+00 -2.650092E-02
       560 -7.696839E-03  0.000000E+00 -2.606430E-02
       561 -7.548408E-03  0.000000E+00 -2.560482E-02
       562 -7.479754E-03  0.000000E+00 -2.539575E-02
       563 -7.409859E-03  0.000000E+00 -2.518101E-02
       564 -7.251735E-03  0.000000E+00 -2.467497E-02
       565 -7.089020E-03  0.000000E+00 -2.414607E-02
       566 -7.013261E-03  0.000000E+00 -2.390263E-02
       567 -6.936376E-03  0.000000E+00 -2.365350E-02
       568 -6.779024E-03  0.000000E+00 -2.313812E-02
       569 -6.636607E-03  0.000000E+00 -2.266637E-02
       570 -6.563696E-03  0.000000E+00 -2.242170E-02
       571 -6.489714E-03  0.000000E+00 -2.217138E-02
       572 -6.338457E-03  0.000000E+00 -2.165363E-02
       573 -6.183227E-03  0.000000E+00 -2.111328E-02
       574 -6.104030E-03  0.000000E+00 -2.083431E-02
       575 -6.023877E-03  0.000000E+00 -2.054966E-02
       576 -5.860516E-03  0.000000E+00 -1.996322E-02
       577 -5.693193E-03  0.000000E+00 -1.935421E-02
       578 -5.608069E-03  0.000000E+00 -1.904089E-02
       579 -5.521995E-03  0.000000E+00 -1.872191E-02
       580 -5.347024E-03  0.000000E+00 -1.806676E-02
       581 -5.168554E-03  0.000000E+00 -1.738898E-02
       582 -5.081937E-03  0.000000E+00 -1.705944E-02
       583 -4.994467E-03  0.000000E+00 -1.672422E-02
       584 -4.816668E-03  0.000000E+00 -1.603665E-02
       585 -4.635536E-03  0.000000E+00 -1.532645E-02
       586 -4.543614E-03  0.000000E+00 -1.496256E-02
       587 -4.450953E-03  0.000000E+00 -1.459298E-02
       588 -4.263011E-03  0.000000E+00 -1.383665E-02
       589 -4.071975E-03  0.000000E+00 -1.305768E-02
       590 -3.975221E-03  0.000000E+00 -1.265939E-02
       591 -3.877733E-03  0.000000E+00 -1.225542E-02
       592 -3.680598E-03  0.000000E+00 -1.143023E-02
       593 -3.480607E-03  0.000000E+00 -1.058240E-02
       594 -3.379385E-03  0.000000E+00 -1.014969E-02
       595 -3.277545E-03  0.000000E+00 -9.711285E-03
       596 -3.079156E-03  0.000000E+00 -8.853987E-03
       597 -2.878077E-03  0.000000E+00 -7.974057E-03
       598 -2.776520E-03  0.000000E+00 -7.525284E-03
       599 -2.674330E-03  0.000000E+00 -7.070830E-03
       600 -2.467993E-03  0.000000E+00 -6.144701E-03
       601 -2.259206E-03  0.000000E+00 -5.195932E-03
       602 -2.153804E-03  0.000000E+00 -4.712754E-03
       603 -2.047885E-03  0.000000E+00 -4.223882E-03
       604 -1.834106E-03  0.000000E+00 -3.228936E-03
       605 -1.618340E-03  0.000000E+00 -2.211301E-03
       606 -1.352424E-03  0.000000E+00 -9.014503E-04
       607 -1.214561E-03  0.000000E+00 -2.197701E-04
       608 -1.170373E-03  0.000000E+00  0.000000E+00
       609 -1.187784E-03  0.000000E+00 -8.485549E-05
       610 -1.305438E-03  0.000000E+00 -6.616615E-04
       611 -1.418153E-03  0.000000E+00 -1.222104E-03
       612 -1.487391E-03  0.000000E+00 -1.574899E-03
       613 -1.621014E-03  0.000000E+00 -2.264084E-03
       614 -1.748145E-03  0.000000E+00 -2.931696E-03
       615 -1.809227E-03  0.000000E+00 -3.257063E-03
       616 -1.868781E-03  0.000000E+00 -3.576994E-03
       617 -1.983037E-03  0.000000E+00 -4.200450E-03
       618 -2.091022E-03  0.000000E+00 -4.802289E-03
       619 -2.142648E-03  0.000000E+00 -5.094749E-03
       620 -2.192745E-03  0.000000E+00 -5.381775E-03
       621 -2.295263E-03  0.000000E+00 -5.970158E-03
       622 -2.391897E-03  0.000000E+00 -6.536861E-03
       623 -2.437829E-03  0.000000E+00 -6.811769E-03
       624 -2.482330E-03  0.000000E+00 -7.081228E-03
       625 -2.566889E-03  0.000000E+00 -7.603660E-03
       626 -2.645564E-03  0.000000E+00 -8.104422E-03
       627 -2.682745E-03  0.000000E+00 -8.346316E-03
       628 -2.718494E-03  0.000000E+00 -8.582762E-03
       629 -2.785778E-03  0.000000E+00 -9.039122E-03
       630 -2.847402E-03  0.000000E+00 -9.473773E-03
       631 -2.876174E-03  0.000000E+00 -9.682593E-03
       632 -2.903515E-03  0.000000E+00 -9.885968E-03
       633 -2.929650E-03  0.000000E+00 -1.008452E-02
       634 -2.957935E-03  0.000000E+00 -1.029358E-02
       635 -3.010689E-03  0.000000E+00 -1.069745E-02
       636 -3.035007E-03  0.000000E+00 -1.089089E-02
       637 -3.057988E-03  0.000000E+00 -1.107888E-02
       638 -3.100145E-03  0.000000E+00 -1.143825E-02
       639 -3.137247E-03  0.000000E+00 -1.177583E-02
       640 -3.153743E-03  0.000000E+00 -1.193614E-02
       641 -3.169016E-03  0.000000E+00 -1.209097E-02
       642 -3.195761E-03  0.000000E+00 -1.238403E-02
       643 -3.217678E-03  0.000000E+00 -1.265526E-02
       644 -3.226811E-03  0.000000E+00 -1.278235E-02
       645 -3.234721E-03  0.000000E+00 -1.290397E-02
       646 -3.246971E-03  0.000000E+00 -1.313058E-02
       647 -3.267594E-03  0.000000E+00 -1.341162E-02
       648 -3.276214E-03  0.000000E+00 -1.354364E-02
       649 -3.283658E-03  0.000000E+00 -1.367019E-02
       650 -3.295238E-03  0.000000E+00 -1.390666E-02
       651 -3.302394E-03  0.000000E+00 -1.412132E-02
       652 -3.304287E-03  0.000000E+00 -1.422014E-02
       653 -3.305117E-03  0.000000E+00 -1.431349E-02
       654 -3.303699E-03  0.000000E+00 -1.448351E-02
       655 -3.298087E-03  0.000000E+00 -1.463169E-02
       656 -3.293713E-03  0.000000E+00 -1.469727E-02
       657 -3.288277E-03  0.000000E+00 -1.475737E-02
       658 -3.274336E-03  0.000000E+00 -1.486090E-02
       659 -3.265970E-03  0.000000E+00 -1.490473E-02
       660 -3.260038E-03  0.000000E+00 -1.496299E-02
       661 -3.253145E-03  0.000000E+00 -1.501598E-02
       662 -3.245284E-03  0.000000E+00 -1.506349E-02
       663 -3.226665E-03  0.000000E+00 -1.514183E-02
       664 -3.204453E-03  0.000000E+00 -1.519827E-02
       665 -3.191873E-03  0.000000E+00 -1.521798E-02
       666 -3.178439E-03  0.000000E+00 -1.523219E-02
       667 -3.139339E-03  0.000000E+00 -1.518446E-02
       668 -3.096809E-03  0.000000E+00 -1.511512E-02
       669 -3.079006E-03  0.000000E+00 -1.510149E-02
       670 -3.060350E-03  0.000000E+00 -1.508236E-02
       671 -3.011280E-03  0.000000E+00 -1.496881E-02
       672 -2.959238E-03  0.000000E+00 -1.483362E-02
       673 -2.939319E-03  0.000000E+00 -1.480567E-02
       674 -2.918642E-03  0.000000E+00 -1.477221E-02
       675 -2.866209E-03  0.000000E+00 -1.463100E-02
       676 -2.810960E-03  0.000000E+00 -1.446819E-02
       677 -2.786410E-03  0.000000E+00 -1.440688E-02
       678 -2.761103E-03  0.000000E+00 -1.434006E-02
       679 -2.700123E-03  0.000000E+00 -1.413315E-02
       680 -2.636560E-03  0.000000E+00 -1.390468E-02
       681 -2.607732E-03  0.000000E+00 -1.380997E-02
       682 -2.578262E-03  0.000000E+00 -1.370975E-02
       683 -2.509668E-03  0.000000E+00 -1.343718E-02
       684 -2.438724E-03  0.000000E+00 -1.314307E-02
       685 -2.405971E-03  0.000000E+00 -1.301495E-02
       686 -2.378349E-03  0.000000E+00 -1.291908E-02
       687 -2.314546E-03  0.000000E+00 -1.265820E-02
       688 -2.248793E-03  0.000000E+00 -1.237588E-02
       689 -2.218244E-03  0.000000E+00 -1.225216E-02
       690 -2.187100E-03  0.000000E+00 -1.212293E-02
       691 -2.117191E-03  0.000000E+00 -1.179681E-02
       692 -2.045337E-03  0.000000E+00 -1.144930E-02
       693 -2.011619E-03  0.000000E+00 -1.129220E-02
       694 -1.977421E-03  0.000000E+00 -1.112960E-02
       695 -1.901884E-03  0.000000E+00 -1.073833E-02
       696 -1.824857E-03  0.000000E+00 -1.032567E-02
       697 -1.788325E-03  0.000000E+00 -1.013518E-02
       698 -1.751427E-03  0.000000E+00 -9.939181E-03
       699 -1.674985E-03  0.000000E+00 -9.517750E-03
       700 -1.597210E-03  0.000000E+00 -9.074972E-03
       701 -1.560154E-03  0.000000E+00 -8.868505E-03
       702 -1.522718E-03  0.000000E+00 -8.656532E-03
       703 -1.442066E-03  0.000000E+00 -8.170129E-03
       704 -1.360310E-03  0.000000E+00 -7.662407E-03
       705 -1.321158E-03  0.000000E+00 -7.422542E-03
       706 -1.281628E-03  0.000000E+00 -7.177176E-03
       707 -1.197465E-03  0.000000E+00 -6.625879E-03
       708 -1.112428E-03  0.000000E+00 -6.053291E-03
       709 -1.071536E-03  0.000000E+00 -5.780023E-03
       710 -1.030380E-03  0.000000E+00 -5.501247E-03
       711 -9.888515E-04  0.000000E+00 -5.216114E-03
       712 -9.489742E-04  0.000000E+00 -4.945179E-03
       713 -8.648198E-04  0.000000E+00 -4.344845E-03
       714 -8.242371E-04  0.000000E+00 -4.056636E-03
       715 -7.834866E-04  0.000000E+00 -3.762918E-03
       716 -6.979407E-04  0.000000E+00 -3.119127E-03
       717 -6.119004E-04  0.000000E+00 -2.454120E-03
       718 -5.701780E-04  0.000000E+00 -2.132526E-03
       719 -5.282905E-04  0.000000E+00 -1.805427E-03
       720 -4.411019E-04  0.000000E+00 -1.097036E-03
       721 -3.819240E-04  0.000000E+00 -6.015668E-04
       722 -3.282206E-04  0.000000E+00 -1.314008E-04
       723 -3.129755E-04  0.000000E+00  0.000000E+00
       724 -3.090404E-04  0.000000E+00 -3.471473E-06
       725 -2.859779E-04  0.000000E+00  1.946713E-06
       726 -2.774309E-04  0.000000E+00  0.000000E+00
       727 -2.749161E-04  0.000000E+00 -4.609564E-06
       728  0.000000E+00  0.000000E+00  0.000000E+00
       729  0.000000E+00  0.000000E+00  0.000000E+00
       730  0.000000E+00  0.000000E+00  0.000000E+00
      1001  0.000000E+00  0.000000E+00  0.000000E+00
      1002  3.095955E-04  0.000000E+00 -1.460053E-05
      1003  3.144523E-04  0.000000E+00  0.000000E+00
      1004  3.837534E-04  0.000000E+00 -1.980622E-04
      1005  8.780591E-04  0.000000E+00 -1.605127E-03
      1006  1.487997E-03  0.000000E+00 -3.327602E-03
      1007  2.089150E-03  0.000000E+00 -5.010189E-03
      1008  2.681960E-03  0.000000E+00 -6.654389E-03
      1009  3.330290E-03  0.000000E+00 -8.389570E-03
      1010  3.912220E-03  0.000000E+00 -9.930245E-03
      1011  4.481979E-03  0.000000E+00 -1.142288E-02
      1012  5.039227E-03  0.000000E+00 -1.286755E-02
      1013  5.632502E-03  0.000000E+00 -1.438850E-02
      1014  6.173821E-03  0.000000E+00 -1.572450E-02
      1015  6.655684E-03  0.000000E+00 -1.689958E-02
      1016  7.123617E-03  0.000000E+00 -1.802686E-02
      1017  7.577284E-03  0.000000E+00 -1.910642E-02
      1018  8.055632E-03  0.000000E+00 -2.022931E-02
      1019  8.502766E-03  0.000000E+00 -2.123870E-02
      1020  8.896735E-03  0.000000E+00 -2.211448E-02
      1021  9.274989E-03  0.000000E+00 -2.294267E-02
      1022  9.637298E-03  0.000000E+00 -2.372331E-02
      1023  1.001403E-02  0.000000E+00 -2.452028E-02
      1024  1.033605E-02  0.000000E+00 -2.515997E-02
      1025  1.061346E-02  0.000000E+00 -2.569723E-02
      1026  1.087349E-02  0.000000E+00 -2.618717E-02
      1027  1.111591E-02  0.000000E+00 -2.662985E-02
      1028  1.135980E-02  0.000000E+00 -2.705851E-02
      1029  1.153068E-02  0.000000E+00 -2.730080E-02
      1030  1.166774E-02  0.000000E+00 -2.747418E-02
      1031  1.178574E-02  0.000000E+00 -2.760061E-02
      1032  1.188434E-02  0.000000E+00 -2.768020E-02
      1033  1.196948E-02  0.000000E+00 -2.771315E-02
      1034  1.200343E-02  0.000000E+00 -2.762632E-02
      1035  1.201327E-02  0.000000E+00 -2.749831E-02
      1036  1.200231E-02  0.000000E+00 -2.732368E-02
      1037  1.197033E-02  0.000000E+00 -2.710249E-02
      1038  1.191114E-02  0.000000E+00 -2.680766E-02
      1039  1.175822E-02  0.000000E+00 -2.631169E-02
      1040  1.159500E-02  0.000000E+00 -2.580917E-02
      1041  1.140933E-02  0.000000E+00 -2.526050E-02
      1042  1.120100E-02  0.000000E+00 -2.466575E-02
      1043  1.099970E-02  0.000000E+00 -2.407549E-02
      1044  1.067492E-02  0.000000E+00 -2.323543E-02
      1045  1.035549E-02  0.000000E+00 -2.242401E-02
      1046  1.001098E-02  0.000000E+00 -2.156480E-02
      1047  9.641192E-03  0.000000E+00 -2.065788E-02
      1048  9.204490E-03  0.000000E+00 -1.960546E-02
      1049  8.705016E-03  0.000000E+00 -1.844613E-02
      1050  8.223355E-03  0.000000E+00 -1.734124E-02
      1051  7.715033E-03  0.000000E+00 -1.618917E-02
      1052  7.179965E-03  0.000000E+00 -1.498996E-02
      1053  6.561696E-03  0.000000E+00 -1.362087E-02
      1054  5.843436E-03  0.000000E+00 -1.208035E-02
      1055  5.159078E-03  0.000000E+00 -1.062568E-02
      1056  4.446607E-03  0.000000E+00 -9.124559E-03
      1057  3.705835E-03  0.000000E+00 -7.577086E-03
      1058  2.861980E-03  0.000000E+00 -5.830140E-03
      1059  2.184764E-03  0.000000E+00 -4.444811E-03
      1060  1.482830E-03  0.000000E+00 -3.019777E-03
      1061  7.566738E-04  0.000000E+00 -1.556447E-03
      1062  8.530734E-05  0.000000E+00 -2.121775E-04
      1063 -2.142259E-05  0.000000E+00  0.000000E+00
      1064 -1.842789E-05  0.000000E+00 -1.936918E-08
      1065 -4.607130E-06  0.000000E+00 -1.380778E-07
      1066  0.000000E+00  0.000000E+00  0.000000E+00
      1067 -1.799182E-05  0.000000E+00 -7.594759E-05
      1068 -2.148428E-04  0.000000E+00 -9.111017E-04
      1069 -3.905862E-04  0.000000E+00 -1.666256E-03
      1070 -5.633617E-04  0.000000E+00 -2.417886E-03
      1071 -7.333305E-04  0.000000E+00 -3.165987E-03
      1072 -9.004528E-04  0.000000E+00 -3.910626E-03
      1073 -1.097588E-03  0.000000E+00 -4.800437E-03
      1074 -1.334824E-03  0.000000E+00 -5.816659E-03
      1075 -1.548545E-03  0.000000E+00 -6.743990E-03
      1076 -1.758830E-03  0.000000E+00 -7.667701E-03
      1077 -1.965712E-03  0.000000E+00 -8.587848E-03
      1078 -2.187658E-03  0.000000E+00 -9.588041E-03
      1079 -2.363398E-03  0.000000E+00 -1.047778E-02
      1080 -2.521249E-03  0.000000E+00 -1.128944E-02
      1081 -2.676098E-03  0.000000E+00 -1.209774E-02
      1082 -2.827976E-03  0.000000E+00 -1.290272E-02
      1083 -2.990572E-03  0.000000E+00 -1.377821E-02
      1084 -3.153613E-03  0.000000E+00 -1.467703E-02
      1085 -3.299957E-03  0.000000E+00 -1.549754E-02
      1086 -3.443598E-03  0.000000E+00 -1.631511E-02
      1087 -3.584455E-03  0.000000E+00 -1.712982E-02
      1088 -3.735118E-03  0.000000E+00 -1.801574E-02
      1089 -3.842004E-03  0.000000E+00 -1.878232E-02
      1090 -3.937364E-03  0.000000E+00 -1.948185E-02
      1091 -4.030336E-03  0.000000E+00 -2.017869E-02
      1092 -4.120945E-03  0.000000E+00 -2.087290E-02
      1093 -4.217299E-03  0.000000E+00 -2.162757E-02
      1094 -4.277343E-03  0.000000E+00 -2.227698E-02
      1095 -4.330217E-03  0.000000E+00 -2.286935E-02
      1096 -4.381089E-03  0.000000E+00 -2.345926E-02
      1097 -4.429984E-03  0.000000E+00 -2.404677E-02
      1098 -4.481294E-03  0.000000E+00 -2.468529E-02
      1099 -4.535829E-03  0.000000E+00 -2.535534E-02
      1100 -4.583711E-03  0.000000E+00 -2.596709E-02
      1101 -4.629712E-03  0.000000E+00 -2.657681E-02
      1102 -4.673853E-03  0.000000E+00 -2.718452E-02
      1103 -4.720011E-03  0.000000E+00 -2.784554E-02
      1104 -4.731831E-03  0.000000E+00 -2.838974E-02
      1105 -4.741006E-03  0.000000E+00 -2.888635E-02
      1106 -4.748685E-03  0.000000E+00 -2.938113E-02
      1107 -4.754886E-03  0.000000E+00 -2.987409E-02
      1108 -4.759998E-03  0.000000E+00 -3.041016E-02
      1109 -4.738026E-03  0.000000E+00 -3.084659E-02
      1110 -4.716518E-03  0.000000E+00 -3.124468E-02
      1111 -4.693852E-03  0.000000E+00 -3.164114E-02
      1112 -4.670047E-03  0.000000E+00 -3.203599E-02
      1113 -4.642719E-03  0.000000E+00 -3.246526E-02
      1114 -4.620476E-03  0.000000E+00 -3.293418E-02
      1115 -4.598816E-03  0.000000E+00 -3.336243E-02
      1116 -4.575943E-03  0.000000E+00 -3.378941E-02
      1117 -4.551873E-03  0.000000E+00 -3.421516E-02
      1118 -4.524332E-03  0.000000E+00 -3.467848E-02
      1119 -4.471663E-03  0.000000E+00 -3.502921E-02
      1120 -4.422406E-03  0.000000E+00 -3.534933E-02
      1121 -4.372280E-03  0.000000E+00 -3.566835E-02
      1122 -4.321298E-03  0.000000E+00 -3.598630E-02
      1123 -4.264819E-03  0.000000E+00 -3.633219E-02
      1124 -4.189375E-03  0.000000E+00 -3.658363E-02
      1125 -4.119486E-03  0.000000E+00 -3.681295E-02
      1126 -4.049025E-03  0.000000E+00 -3.704134E-02
      1127 -3.978003E-03  0.000000E+00 -3.726884E-02
      1128 -3.899909E-03  0.000000E+00 -3.751624E-02
      1129 -3.845788E-03  0.000000E+00 -3.773952E-02
      1130 -3.779097E-03  0.000000E+00 -3.801209E-02
      1131 -3.711767E-03  0.000000E+00 -3.828401E-02
      1132 -3.643809E-03  0.000000E+00 -3.855530E-02
      1133 -3.587689E-03  0.000000E+00 -3.877661E-02
      1134 -3.522436E-03  0.000000E+00 -3.894190E-02
      1135 -3.442267E-03  0.000000E+00 -3.914370E-02
      1136 -3.361590E-03  0.000000E+00 -3.934500E-02
      1137 -3.280522E-03  0.000000E+00 -3.954581E-02
      1138 -3.213794E-03  0.000000E+00 -3.970959E-02
      1139 -3.137925E-03  0.000000E+00 -3.980643E-02
      1140 -3.050693E-03  0.000000E+00 -3.991741E-02
      1141 -2.963205E-03  0.000000E+00 -4.002807E-02
      1142 -2.875491E-03  0.000000E+00 -4.013840E-02
      1143 -2.798903E-03  0.000000E+00 -4.023414E-02
      1144 -2.727590E-03  0.000000E+00 -4.038689E-02
      1145 -2.640041E-03  0.000000E+00 -4.057359E-02
      1146 -2.552082E-03  0.000000E+00 -4.076009E-02
      1147 -2.463720E-03  0.000000E+00 -4.094642E-02
      1148 -2.391155E-03  0.000000E+00 -4.109861E-02
      1149 -2.312431E-03  0.000000E+00 -4.119076E-02
      1150 -2.216060E-03  0.000000E+00 -4.130343E-02
      1151 -2.119401E-03  0.000000E+00 -4.141601E-02
      1152 -2.022570E-03  0.000000E+00 -4.152850E-02
      1153 -1.943187E-03  0.000000E+00 -4.162036E-02
      1154 -1.840390E-03  0.000000E+00 -4.165778E-02
      1155 -1.737493E-03  0.000000E+00 -4.169517E-02
      1156 -1.634611E-03  0.000000E+00 -4.173253E-02
      1157 -1.531640E-03  0.000000E+00 -4.176987E-02
      1158 -1.428702E-03  0.000000E+00 -4.180722E-02
      1159 -1.349089E-03  0.000000E+00 -4.193822E-02
      1160 -1.246942E-03  0.000000E+00 -4.199936E-02
      1161 -1.144889E-03  0.000000E+00 -4.206577E-02
      1162 -1.042908E-03  0.000000E+00 -4.213749E-02
      1163 -9.589859E-04  0.000000E+00 -4.218585E-02
      1164 -8.731624E-04  0.000000E+00 -4.218207E-02
      1165 -7.688570E-04  0.000000E+00 -4.219637E-02
      1166 -6.646055E-04  0.000000E+00 -4.221616E-02
      1167 -5.604948E-04  0.000000E+00 -4.224145E-02
      1168 -4.751983E-04  0.000000E+00 -4.225830E-02
      1169 -3.863500E-04  0.000000E+00 -4.202162E-02
      1170 -2.851034E-04  0.000000E+00 -4.175884E-02
      1171 -1.844668E-04  0.000000E+00 -4.150129E-02
      1172 -8.454644E-05  0.000000E+00 -4.124896E-02
      1173  2.871876E-07  0.000000E+00 -4.141509E-02
      1174  8.509251E-05  0.000000E+00 -4.123939E-02
      1175  1.914155E-04  0.000000E+00 -4.149553E-02
      1176  2.984568E-04  0.000000E+00 -4.175725E-02
      1177  4.062396E-04  0.000000E+00 -4.202456E-02
      1178  4.950590E-04  0.000000E+00 -4.225259E-02
      1179  5.803283E-04  0.000000E+00 -4.223367E-02
      1180  6.844102E-04  0.000000E+00 -4.220564E-02
      1181  7.885590E-04  0.000000E+00 -4.218311E-02
      1182  8.927964E-04  0.000000E+00 -4.216606E-02
      1183  9.785856E-04  0.000000E+00 -4.216777E-02
      1184  1.062441E-03  0.000000E+00 -4.211643E-02
      1185  1.158271E-03  0.000000E+00 -4.205047E-02
      1186  1.254206E-03  0.000000E+00 -4.198948E-02
      1187  1.350239E-03  0.000000E+00 -4.193341E-02
      1188  1.429655E-03  0.000000E+00 -4.179850E-02
      1189  1.514305E-03  0.000000E+00 -4.177350E-02
      1190  1.617643E-03  0.000000E+00 -4.174284E-02
      1191  1.720980E-03  0.000000E+00 -4.171217E-02
      1192  1.824310E-03  0.000000E+00 -4.168147E-02
      1193  1.908779E-03  0.000000E+00 -4.165643E-02
      1194  1.988775E-03  0.000000E+00 -4.157193E-02
      1195  2.086406E-03  0.000000E+00 -4.146845E-02
      1196  2.183809E-03  0.000000E+00 -4.136488E-02
      1197  2.280980E-03  0.000000E+00 -4.126122E-02
      1198  2.360399E-03  0.000000E+00 -4.117644E-02
      1199  2.449473E-03  0.000000E+00 -4.099272E-02
      1200  2.538111E-03  0.000000E+00 -4.080885E-02
      1201  2.626314E-03  0.000000E+00 -4.062481E-02
      1202  2.714184E-03  0.000000E+00 -4.044058E-02
      1203  2.801606E-03  0.000000E+00 -4.025614E-02
      1204  2.877721E-03  0.000000E+00 -4.015679E-02
      1205  2.970565E-03  0.000000E+00 -4.003482E-02
      1206  3.063092E-03  0.000000E+00 -3.991250E-02
      1207  3.155403E-03  0.000000E+00 -3.978979E-02
      1208  3.230739E-03  0.000000E+00 -3.968928E-02
      1209  3.297715E-03  0.000000E+00 -3.952759E-02
      1210  3.379127E-03  0.000000E+00 -3.932932E-02
      1211  3.460084E-03  0.000000E+00 -3.913055E-02
      1212  3.540578E-03  0.000000E+00 -3.893128E-02
      1213  3.606130E-03  0.000000E+00 -3.876805E-02
      1214  3.661092E-03  0.000000E+00 -3.853943E-02
      1215  3.723597E-03  0.000000E+00 -3.827630E-02
      1216  3.785548E-03  0.000000E+00 -3.801261E-02
      1217  3.846914E-03  0.000000E+00 -3.774836E-02
      1218  3.899851E-03  0.000000E+00 -3.751788E-02
      1219  3.977946E-03  0.000000E+00 -3.727026E-02
      1220  4.048968E-03  0.000000E+00 -3.704256E-02
      1221  4.119430E-03  0.000000E+00 -3.681396E-02
      1222  4.189211E-03  0.000000E+00 -3.658446E-02
      1223  4.264656E-03  0.000000E+00 -3.633280E-02
      1224  4.321152E-03  0.000000E+00 -3.598678E-02
      1225  4.372149E-03  0.000000E+00 -3.566871E-02
      1226  4.422291E-03  0.000000E+00 -3.534957E-02
      1227  4.471564E-03  0.000000E+00 -3.502933E-02
      1228  4.524251E-03  0.000000E+00 -3.467846E-02
      1229  4.528999E-03  0.000000E+00 -3.460166E-02
      1230  4.561407E-03  0.000000E+00 -3.404765E-02
      1231  4.591822E-03  0.000000E+00 -3.349157E-02
      1232  4.620270E-03  0.000000E+00 -3.293333E-02
      1233  4.642665E-03  0.000000E+00 -3.246490E-02
      1234  4.669877E-03  0.000000E+00 -3.203544E-02
      1235  4.693684E-03  0.000000E+00 -3.164038E-02
      1236  4.716353E-03  0.000000E+00 -3.124372E-02
      1237  4.737756E-03  0.000000E+00 -3.084546E-02
      1238  4.759731E-03  0.000000E+00 -3.040881E-02
      1239  4.754657E-03  0.000000E+00 -2.987267E-02
      1240  4.748491E-03  0.000000E+00 -2.937963E-02
      1241  4.740848E-03  0.000000E+00 -2.888479E-02
      1242  4.731709E-03  0.000000E+00 -2.838810E-02
      1243  4.719811E-03  0.000000E+00 -2.784386E-02
      1244  4.673745E-03  0.000000E+00 -2.718296E-02
      1245  4.629579E-03  0.000000E+00 -2.657539E-02
      1246  4.583554E-03  0.000000E+00 -2.596581E-02
      1247  4.535650E-03  0.000000E+00 -2.535419E-02
      1248  4.481093E-03  0.000000E+00 -2.468431E-02
      1249  4.429779E-03  0.000000E+00 -2.404554E-02
      1250  4.380774E-03  0.000000E+00 -2.345783E-02
      1251  4.329792E-03  0.000000E+00 -2.286772E-02
      1252  4.276809E-03  0.000000E+00 -2.227516E-02
      1253  4.216647E-03  0.000000E+00 -2.162556E-02
      1254  4.120342E-03  0.000000E+00 -2.087081E-02
      1255  4.029671E-03  0.000000E+00 -2.017657E-02
      1256  3.936637E-03  0.000000E+00 -1.947969E-02
      1257  3.841217E-03  0.000000E+00 -1.878013E-02
      1258  3.734266E-03  0.000000E+00 -1.801352E-02
      1259  3.583753E-03  0.000000E+00 -1.712783E-02
      1260  3.443035E-03  0.000000E+00 -1.631333E-02
      1261  3.299534E-03  0.000000E+00 -1.549597E-02
      1262  3.153222E-03  0.000000E+00 -1.467571E-02
      1263  2.990220E-03  0.000000E+00 -1.377716E-02
      1264  2.827621E-03  0.000000E+00 -1.290215E-02
      1265  2.675725E-03  0.000000E+00 -1.209696E-02
      1266  2.520857E-03  0.000000E+00 -1.128846E-02
      1267  2.362989E-03  0.000000E+00 -1.047660E-02
      1268  2.187113E-03  0.000000E+00 -9.586684E-03
      1269  1.965106E-03  0.000000E+00 -8.586533E-03
      1270  1.758281E-03  0.000000E+00 -7.666387E-03
      1271  1.548053E-03  0.000000E+00 -6.742681E-03
      1272  1.334283E-03  0.000000E+00 -5.815399E-03
      1273  1.096994E-03  0.000000E+00 -4.799233E-03
      1274  9.334837E-04  0.000000E+00 -4.059484E-03
      1275  7.669976E-04  0.000000E+00 -3.315646E-03
      1276  5.977386E-04  0.000000E+00 -2.568334E-03
      1277  4.255470E-04  0.000000E+00 -1.817554E-03
      1278  2.504607E-04  0.000000E+00 -1.063235E-03
      1279  1.798401E-05  0.000000E+00 -7.593472E-05
      1280  0.000000E+00  0.000000E+00  0.000000E+00
      1281  4.720958E-06  0.000000E+00 -1.228769E-07
      1282  1.888319E-05  0.000000E+00 -8.541106E-09
      1283  2.195187E-05  0.000000E+00  0.000000E+00
      1284 -5.964399E-05  0.000000E+00 -2.134723E-04
      1285 -2.098600E-04  0.000000E+00 -6.071504E-04
      1286 -7.999569E-04  0.000000E+00 -2.161462E-03
      1287 -1.371798E-03  0.000000E+00 -3.680736E-03
      1288 -1.925562E-03  0.000000E+00 -5.164913E-03
      1289 -2.461432E-03  0.000000E+00 -6.613938E-03
      1290 -2.980078E-03  0.000000E+00 -8.029052E-03
      1291 -3.565762E-03  0.000000E+00 -9.662151E-03
      1292 -4.152643E-03  0.000000E+00 -1.131687E-02
      1293 -4.714873E-03  0.000000E+00 -1.292088E-02
      1294 -5.252785E-03  0.000000E+00 -1.447410E-02
      1295 -5.787552E-03  0.000000E+00 -1.603818E-02
      1296 -6.213248E-03  0.000000E+00 -1.733376E-02
      1297 -6.634911E-03  0.000000E+00 -1.863585E-02
      1298 -7.033895E-03  0.000000E+00 -1.988671E-02
      1299 -7.410418E-03  0.000000E+00 -2.108630E-02
      1300 -7.779127E-03  0.000000E+00 -2.228149E-02
      1301 -8.075763E-03  0.000000E+00 -2.329036E-02
      1302 -8.364579E-03  0.000000E+00 -2.429291E-02
      1303 -8.632549E-03  0.000000E+00 -2.524392E-02
      1304 -8.879894E-03  0.000000E+00 -2.614334E-02
      1305 -9.116070E-03  0.000000E+00 -2.702549E-02
      1306 -9.271996E-03  0.000000E+00 -2.767508E-02
      1307 -9.415932E-03  0.000000E+00 -2.830229E-02
      1308 -9.540977E-03  0.000000E+00 -2.887752E-02
      1309 -9.647479E-03  0.000000E+00 -2.940071E-02
      1310 -9.738982E-03  0.000000E+00 -2.989053E-02
      1311 -9.763900E-03  0.000000E+00 -3.016587E-02
      1312 -9.773140E-03  0.000000E+00 -3.040215E-02
      1313 -9.765509E-03  0.000000E+00 -3.058605E-02
      1314 -9.741238E-03  0.000000E+00 -3.071756E-02
      1315 -9.698752E-03  0.000000E+00 -3.079892E-02
      1316 -9.630548E-03  0.000000E+00 -3.077653E-02
      1317 -9.544416E-03  0.000000E+00 -3.070191E-02
      1318 -9.443337E-03  0.000000E+00 -3.057473E-02
      1319 -9.327545E-03  0.000000E+00 -3.039494E-02
      1320 -9.191723E-03  0.000000E+00 -3.015185E-02
      1321 -9.024547E-03  0.000000E+00 -2.976738E-02
      1322 -8.837162E-03  0.000000E+00 -2.931466E-02
      1323 -8.636862E-03  0.000000E+00 -2.880910E-02
      1324 -8.423887E-03  0.000000E+00 -2.825067E-02
      1325 -8.188951E-03  0.000000E+00 -2.761288E-02
      1326 -7.934901E-03  0.000000E+00 -2.685779E-02
      1327 -7.658929E-03  0.000000E+00 -2.601807E-02
      1328 -7.371998E-03  0.000000E+00 -2.512531E-02
      1329 -7.074468E-03  0.000000E+00 -2.417947E-02
      1330 -6.753617E-03  0.000000E+00 -2.313790E-02
      1331 -6.458463E-03  0.000000E+00 -2.213852E-02
      1332 -6.141310E-03  0.000000E+00 -2.104391E-02
      1333 -5.815028E-03  0.000000E+00 -1.989627E-02
      1334 -5.479981E-03  0.000000E+00 -1.869557E-02
      1335 -5.121946E-03  0.000000E+00 -1.738854E-02
      1336 -4.767096E-03  0.000000E+00 -1.601981E-02
      1337 -4.389743E-03  0.000000E+00 -1.453965E-02
      1338 -4.005358E-03  0.000000E+00 -1.300635E-02
      1339 -3.614189E-03  0.000000E+00 -1.141989E-02
      1340 -3.200005E-03  0.000000E+00 -9.710907E-03
      1341 -2.834718E-03  0.000000E+00 -8.124554E-03
      1342 -2.482802E-03  0.000000E+00 -6.574463E-03
      1343 -2.127341E-03  0.000000E+00 -4.987439E-03
      1344 -1.768639E-03  0.000000E+00 -3.363459E-03
      1345 -1.406702E-03  0.000000E+00 -1.702549E-03
      1346 -1.078462E-03  0.000000E+00 -1.759953E-04
      1347 -1.040881E-03  0.000000E+00  0.000000E+00
      1348 -1.063047E-03  0.000000E+00 -1.130634E-04
      1349 -1.263214E-03  0.000000E+00 -1.142992E-03
      1350 -1.475421E-03  0.000000E+00 -2.254550E-03
      1351 -1.676878E-03  0.000000E+00 -3.331376E-03
      1352 -1.867874E-03  0.000000E+00 -4.373412E-03
      1353 -2.048673E-03  0.000000E+00 -5.381564E-03
      1354 -2.228193E-03  0.000000E+00 -6.466046E-03
      1355 -2.380424E-03  0.000000E+00 -7.415773E-03
      1356 -2.521249E-03  0.000000E+00 -8.323204E-03
      1357 -2.650767E-03  0.000000E+00 -9.188332E-03
      1358 -2.779522E-03  0.000000E+00 -1.008405E-02
      1359 -2.868639E-03  0.000000E+00 -1.082038E-02
      1360 -2.939703E-03  0.000000E+00 -1.145072E-02
      1361 -3.000843E-03  0.000000E+00 -1.203855E-02
      1362 -3.052270E-03  0.000000E+00 -1.258385E-02
      1363 -3.097564E-03  0.000000E+00 -1.313040E-02
      1364 -3.123752E-03  0.000000E+00 -1.359906E-02
      1365 -3.138618E-03  0.000000E+00 -1.398393E-02
      1366 -3.145050E-03  0.000000E+00 -1.432618E-02
      1367 -3.143153E-03  0.000000E+00 -1.462579E-02
      1368 -3.132006E-03  0.000000E+00 -1.490416E-02
      1369 -3.086361E-03  0.000000E+00 -1.498485E-02
      1370 -3.037088E-03  0.000000E+00 -1.501391E-02
      1371 -2.981080E-03  0.000000E+00 -1.500016E-02
      1372 -2.918446E-03  0.000000E+00 -1.494360E-02
      1373 -2.842894E-03  0.000000E+00 -1.483322E-02
      1374 -2.742921E-03  0.000000E+00 -1.454624E-02
      1375 -2.645626E-03  0.000000E+00 -1.423817E-02
      1376 -2.543153E-03  0.000000E+00 -1.388718E-02
      1377 -2.435720E-03  0.000000E+00 -1.349326E-02
      1378 -2.313230E-03  0.000000E+00 -1.301471E-02
      1379 -2.186384E-03  0.000000E+00 -1.246301E-02
      1380 -2.065955E-03  0.000000E+00 -1.191228E-02
      1381 -1.941854E-03  0.000000E+00 -1.131863E-02
      1382 -1.814191E-03  0.000000E+00 -1.068206E-02
      1383 -1.671257E-03  0.000000E+00 -9.938790E-03
      1384 -1.518296E-03  0.000000E+00 -9.040326E-03
      1385 -1.375670E-03  0.000000E+00 -8.171724E-03
      1386 -1.230892E-03  0.000000E+00 -7.260187E-03
      1387 -1.084182E-03  0.000000E+00 -6.305713E-03
      1388 -9.222450E-04  0.000000E+00 -5.215612E-03
      1389 -7.691018E-04  0.000000E+00 -4.064801E-03
      1390 -6.010984E-04  0.000000E+00 -2.759474E-03
      1391 -4.325018E-04  0.000000E+00 -1.403069E-03
      1392 -2.776509E-04  0.000000E+00 -1.147487E-04
      1393 -2.640951E-04  0.000000E+00  0.000000E+00
      1394 -2.619397E-04  0.000000E+00 -1.200754E-05
      1395  0.000000E+00  0.000000E+00  0.000000E+00

 forces (fx,fy,fz) for set ALL and time  0.1000000E+01

         1 -1.000371E+07  0.000000E+00 -1.210832E+07
         2  4.313514E-05  0.000000E+00 -4.963169E+04
         3 -5.020387E-05  0.000000E+00  5.138023E+06
         4  5.043484E-05  0.000000E+00 -6.823359E+03
         5 -7.897057E-05  0.000000E+00 -6.570893E+03
         6 -1.841132E-04  0.000000E+00  3.928500E+06
         7  2.300180E-04  0.000000E+00 -8.852095E+03
         8 -9.106658E-05  0.000000E+00 -7.721515E+04
         9  4.433095E-05  0.000000E+00 -1.850216E+04
        10  3.913045E-05  0.000000E+00 -1.439312E+04
        11 -6.372854E-05  0.000000E+00 -9.929095E+03
        12  2.776273E-05  0.000000E+00 -1.440423E+04
        13 -2.609566E-05  0.000000E+00 -1.998323E+04
        14  1.905859E-05  0.000000E+00 -1.441561E+04
        15  3.375299E-05  0.000000E+00 -9.944156E+03
        16 -1.043925E-05  0.000000E+00 -1.760775E+04
        17 -2.951734E-05  0.000000E+00 -2.001529E+04
        18  8.877367E-06  0.000000E+00 -1.443976E+04
        19  8.183159E-05  0.000000E+00 -9.960325E+03
        20 -1.117643E-04  0.000000E+00 -1.445128E+04
        21  6.187148E-05  0.000000E+00 -2.004624E+04
        22 -4.824623E-05  0.000000E+00 -1.446308E+04
        23  2.580881E-05  0.000000E+00 -9.975937E+03
        24 -1.767650E-05  0.000000E+00 -1.447480E+04
        25  5.666912E-05  0.000000E+00 -2.007774E+04
        26 -5.882233E-05  0.000000E+00 -1.448680E+04
        27  1.378357E-05  0.000000E+00 -9.991818E+03
        28 -3.332086E-05  0.000000E+00 -1.010455E+04
        29  1.181969E-04  0.000000E+00 -1.196755E+04
        30 -6.370619E-05  0.000000E+00 -1.571810E+04
        31 -9.147450E-06  0.000000E+00 -1.451224E+04
        32 -3.889389E-05  0.000000E+00 -1.000885E+04
        33  7.296167E-05  0.000000E+00 -1.452437E+04
        34 -3.822148E-05  0.000000E+00 -2.014411E+04
        35 -3.001839E-05  0.000000E+00 -1.453679E+04
        36  4.604086E-05  0.000000E+00 -1.002528E+04
        37 -1.693331E-05  0.000000E+00 -1.454912E+04
        38  3.124774E-05  0.000000E+00 -2.017724E+04
        39  6.249174E-06  0.000000E+00 -1.456174E+04
        40 -8.395873E-05  0.000000E+00 -1.004198E+04
        41  1.168419E-04  0.000000E+00 -1.457427E+04
        42 -5.024415E-05  0.000000E+00 -8.782050E+04
        43 -6.291270E-05  0.000000E+00 -1.461651E+04
        44  1.494121E-04  0.000000E+00 -1.007864E+04
        45 -1.606550E-04  0.000000E+00 -1.462947E+04
        46  1.485460E-04  0.000000E+00 -2.028481E+04
        47 -7.463433E-05  0.000000E+00 -1.464273E+04
        48 -1.012757E-04  0.000000E+00 -1.009619E+04
        49  6.595068E-05  0.000000E+00 -1.465590E+04
        50  8.269586E-05  0.000000E+00 -2.032018E+04
        51 -1.131166E-04  0.000000E+00 -1.466937E+04
        52  3.185682E-05  0.000000E+00 -1.011401E+04
        53  5.593337E-05  0.000000E+00 -1.468273E+04
        54  6.409362E-05  0.000000E+00 -1.589736E+04
        55 -1.000814E-04  0.000000E+00 -1.209662E+04
        56 -7.037632E-05  0.000000E+00 -1.024001E+04
        57  1.273435E-04  0.000000E+00 -1.013311E+04
        58 -1.794286E-05  0.000000E+00 -1.471145E+04
        59 -6.469712E-05  0.000000E+00 -2.039450E+04
        60  1.460575E-04  0.000000E+00 -1.472534E+04
        61 -2.282094E-04  0.000000E+00 -1.015149E+04
        62  1.597442E-04  0.000000E+00 -1.473912E+04
        63 -6.574392E-05  0.000000E+00 -2.043153E+04
        64  1.204405E-04  0.000000E+00 -1.475321E+04
        65  5.822256E-05  0.000000E+00 -1.017014E+04
        66 -2.027508E-04  0.000000E+00 -1.476720E+04
        67  7.160939E-05  0.000000E+00 -2.046910E+04
        68 -9.059185E-05  0.000000E+00 -1.796200E+04
        69  2.499074E-04  0.000000E+00 -1.019007E+04
        70 -1.646969E-04  0.000000E+00 -1.479720E+04
        71 -1.438875E-04  0.000000E+00 -2.050925E+04
        72  2.800990E-04  0.000000E+00 -1.481171E+04
        73 -1.097247E-04  0.000000E+00 -1.020928E+04
        74 -7.718988E-05  0.000000E+00 -1.482612E+04
        75  2.944656E-05  0.000000E+00 -2.054794E+04
        76  1.657456E-04  0.000000E+00 -1.484083E+04
        77 -1.868382E-04  0.000000E+00 -1.022876E+04
        78  2.529100E-05  0.000000E+00 -1.485544E+04
        79 -7.934868E-07  0.000000E+00 -2.058718E+04
        80 -4.258379E-05  0.000000E+00 -1.487036E+04
        81  2.218542E-04  0.000000E+00 -7.784973E+04
        82 -1.670960E-04  0.000000E+00 -1.491890E+04
        83 -3.234483E-05  0.000000E+00 -2.067209E+04
        84  8.072145E-05  0.000000E+00 -1.493426E+04
        85 -1.131874E-04  0.000000E+00 -1.029125E+04
        86  9.676255E-05  0.000000E+00 -1.494950E+04
        87 -1.854263E-05  0.000000E+00 -2.071303E+04
        88  1.762062E-05  0.000000E+00 -1.496507E+04
        89 -2.512466E-04  0.000000E+00 -1.031186E+04
        90  3.323667E-04  0.000000E+00 -1.498052E+04
        91 -1.757517E-04  0.000000E+00 -2.075452E+04
        92 -5.399808E-06  0.000000E+00 -1.499629E+04
        93  1.709629E-04  0.000000E+00 -1.033275E+04
        94 -9.901577E-05  0.000000E+00 -1.819305E+04
        95 -4.350767E-05  0.000000E+00 -2.079877E+04
        96  7.201172E-05  0.000000E+00 -1.502959E+04
        97 -4.952960E-05  0.000000E+00 -1.035502E+04
        98  1.847371E-05  0.000000E+00 -1.504546E+04
        99  3.545173E-05  0.000000E+00 -2.084139E+04
       100  2.961606E-07  0.000000E+00 -1.506166E+04
       101 -9.934977E-05  0.000000E+00 -1.037646E+04
       102  8.031167E-05  0.000000E+00 -1.507774E+04
       103 -3.090128E-05  0.000000E+00 -2.088457E+04
       104 -1.233257E-05  0.000000E+00 -1.509415E+04
       105  1.783948E-04  0.000000E+00 -1.039819E+04
       106 -2.690293E-04  0.000000E+00 -1.052616E+04
       107 -1.500440E-05  0.000000E+00 -1.237599E+04
       108  1.753680E-04  0.000000E+00 -1.631887E+04
       109  6.251037E-05  0.000000E+00 -1.512876E+04
       110 -2.290551E-04  0.000000E+00 -1.042134E+04
       111  1.512356E-04  0.000000E+00 -1.514526E+04
       112  7.085502E-06  0.000000E+00 -2.097488E+04
       113 -2.670735E-04  0.000000E+00 -1.516209E+04
       114  3.706664E-04  0.000000E+00 -1.044363E+04
       115 -2.431534E-04  0.000000E+00 -1.517880E+04
       116  1.805294E-04  0.000000E+00 -2.101974E+04
       117 -1.441762E-04  0.000000E+00 -1.519584E+04
       118  1.013316E-04  0.000000E+00 -1.046619E+04
       119 -7.112138E-05  0.000000E+00 -1.521275E+04
       120  2.973786E-05  0.000000E+00 -8.868035E+04
       121  5.058199E-05  0.000000E+00 -1.526783E+04
       122 -5.204976E-05  0.000000E+00 -1.051433E+04
       123  2.956763E-05  0.000000E+00 -1.528518E+04
       124 -2.381019E-05  0.000000E+00 -2.116202E+04
       125 -1.687799E-04  0.000000E+00 -1.530287E+04
       126  3.377590E-04  0.000000E+00 -1.053776E+04
       127 -2.027173E-04  0.000000E+00 -1.532042E+04
       128  5.558133E-06  0.000000E+00 -2.120915E+04
       129 -6.076694E-05  0.000000E+00 -1.533833E+04
       130  1.327600E-04  0.000000E+00 -1.056147E+04
       131 -8.313917E-05  0.000000E+00 -1.535609E+04
       132  6.416067E-05  0.000000E+00 -1.658672E+04
       133 -1.098883E-04  0.000000E+00 -1.254812E+04
       134  5.865470E-05  0.000000E+00 -1.067807E+04
       135  8.867122E-05  0.000000E+00 -1.058669E+04
       136 -8.908100E-05  0.000000E+00 -1.539403E+04
       137  7.127784E-05  0.000000E+00 -2.130758E+04
       138 -2.317708E-04  0.000000E+00 -1.541237E+04
       139  1.460332E-04  0.000000E+00 -1.061097E+04
       140  5.654432E-05  0.000000E+00 -1.543055E+04
       141 -4.654005E-05  0.000000E+00 -2.135642E+04
       142 -3.021397E-05  0.000000E+00 -1.544910E+04
       143  1.489911E-04  0.000000E+00 -1.063553E+04
       144 -1.674723E-04  0.000000E+00 -1.546750E+04
       145  1.111180E-04  0.000000E+00 -2.140582E+04
       146 -1.081319E-04  0.000000E+00 -1.866689E+04
       147  5.193055E-05  0.000000E+00 -1.066163E+04
       148 -5.774200E-07  0.000000E+00 -1.550677E+04
       149  2.048910E-05  0.000000E+00 -2.145833E+04
       150 -6.908178E-05  0.000000E+00 -2.026496E+04
       151  9.472854E-05  0.000000E+00 -8.538562E+04
       152 -1.364369E-04  0.000000E+00 -1.585695E+04
       153  1.859162E-04  0.000000E+00 -1.008777E+04
       154  7.485614E+05 -2.449055E-13  5.653793E+06
       155  1.788139E-06  2.758193E-13 -2.024653E+04
       156 -9.717420E-05 -3.090768E-14 -2.029908E+04
       157  2.712440E-04 -3.053412E-10  5.224306E+06
       158 -1.433007E-04  5.475970E-13 -8.439165E+03
       159  2.279878E-06 -7.287244E-12 -1.474276E+04
       160  2.517435E-05  3.843940E-10 -1.032907E+05
       161 -2.954900E-05 -6.002006E-13 -2.729819E+04
       162 -6.953627E-05 -1.405068E-15 -2.920256E+04
       163  4.957058E-05 -5.570632E-16 -2.917727E+04
       164  6.988645E-05 -8.291024E-16 -2.915217E+04
       165 -1.057032E-04  3.842858E-14 -2.026691E+04
       166 -3.315438E-05 -3.032957E-14 -1.647154E+04
       167  1.024976E-04 -9.451960E-15 -2.466822E+04
       168  1.608767E-05 -9.806006E-16 -2.907530E+04
       169 -9.519607E-05 -8.821225E-16 -2.905095E+04
       170  8.034520E-05 -7.115755E-16 -2.902680E+04
       171 -2.311356E-05 -8.622856E-16 -2.900282E+04
       172 -1.168624E-05  1.089839E-14 -2.457404E+04
       173 -6.552607E-05 -8.112021E-15 -1.639816E+04
       174  1.553688E-04 -4.260577E-15 -2.014011E+04
       175 -1.001582E-04  2.391242E-16 -2.892943E+04
       176  2.995133E-06 -6.306916E-16 -2.890621E+04
       177  5.053915E-05 -8.487728E-16 -2.888317E+04
       178 -2.640672E-05 -9.943459E-16 -2.886032E+04
       179  1.731142E-05  4.702372E-15 -2.883765E+04
       180 -7.227043E-05 -6.587819E-15 -9.637914E+04
       181  9.877980E-05 -6.972190E-16 -2.874103E+04
       182 -1.262482E-04 -2.412907E-17 -2.871934E+04
       183  6.654114E-05 -6.231464E-16 -2.869784E+04
       184  6.629527E-05 -5.678176E-16 -2.867651E+04
       185 -2.090633E-05 -4.202209E-16 -2.865537E+04
       186 -4.813448E-05 -4.454705E-14 -1.995095E+04
       187 -1.505089E-05  6.244671E-14 -1.622622E+04
       188  4.513375E-05 -2.002738E-14 -2.424819E+04
       189 -2.631918E-06 -2.532380E-16 -2.859075E+04
       190 -8.031726E-05 -9.750064E-16 -2.857036E+04
       191  1.120437E-04 -6.981621E-17 -2.855015E+04
       192 -7.297844E-06 -4.236293E-16 -2.853012E+04
       193 -7.946789E-05  2.367215E-14 -2.419629E+04
       194 -4.238494E-05 -8.380808E-14 -1.616484E+04
       195  9.956770E-05  5.679880E-14 -1.981794E+04
       196 -1.933426E-05 -1.099412E-16 -2.846896E+04
       197  4.215166E-06 -4.331457E-17 -2.844968E+04
       198  3.443472E-05 -3.216587E-16 -2.843057E+04
       199 -5.796365E-05  1.097036E-16 -2.841166E+04
       200  1.412816E-05 -2.333380E-16 -2.839292E+04
       201  2.313603E-05 -2.544090E-15 -9.594264E+04
       202  2.168678E-05 -5.952297E-17 -2.831276E+04
       203 -6.691739E-05  2.244742E-17 -2.829499E+04
       204  5.508028E-05 -3.243449E-16 -2.827741E+04
       205 -2.278388E-05  4.429324E-16 -2.826001E+04
       206 -6.241538E-05 -4.947993E-18 -2.824279E+04
       207  2.904180E-04 -8.656071E-14 -1.967745E+04
       208 -2.489796E-04  1.162070E-13 -1.602301E+04
       209  3.073364E-05 -3.501168E-14 -2.391199E+04
       210 -3.485754E-05  2.525971E-16 -2.819034E+04
       211  1.044944E-05 -1.059964E-17 -2.817386E+04
       212  7.359684E-05  2.501951E-16 -2.815756E+04
       213 -1.318119E-04  2.765694E-16 -2.814145E+04
       214  1.088772E-04  3.949538E-14 -2.387493E+04
       215  1.866534E-06 -1.469793E-13 -1.597350E+04
       216 -2.017058E-05  1.016336E-13 -1.956536E+04
       217 -6.290525E-05 -2.003387E-16 -2.809242E+04
       218  9.248219E-05  6.387428E-16 -2.807704E+04
       219 -7.013790E-05 -4.913552E-17 -2.806184E+04
       220  3.243983E-05  5.987546E-16 -2.804682E+04
       221  2.166815E-05  2.124908E-17 -2.803198E+04
       222 -1.539284E-04 -3.465510E-15 -9.559005E+04
       223  1.391247E-04  5.098499E-16 -2.796851E+04
       224  8.596107E-06  6.379468E-16 -2.795464E+04
       225  3.960356E-05 -9.042767E-17 -2.794096E+04
       226 -1.480412E-04  1.307293E-15 -2.792745E+04
       227  2.186149E-04  3.627100E-16 -2.791412E+04
       228 -4.494824E-04 -1.340679E-13 -1.945992E+04
       229  3.152541E-04  1.772149E-13 -1.586173E+04
       230 -6.003305E-06 -5.207342E-14 -2.364561E+04
       231  2.807006E-05  2.554669E-16 -2.787376E+04
       232  1.035240E-04  2.848423E-16 -2.786116E+04
       233 -1.639631E-04  8.491148E-16 -2.784875E+04
       234 -1.033582E-05  6.807625E-16 -2.783652E+04
       235  8.882396E-05  5.732719E-14 -2.362338E+04
       236 -3.428657E-04 -2.162741E-13 -1.582401E+04
       237  3.639255E-04  1.496270E-13 -1.936853E+04
       238 -1.227632E-04  5.274491E-16 -2.779955E+04
       239  1.086053E-04  8.163378E-16 -2.778805E+04
       240 -3.028661E-05  3.219181E-17 -2.777673E+04
       241 -4.623085E-06  1.126719E-15 -2.776559E+04
       242  1.985766E-05  6.638341E-16 -2.775462E+04
       243 -3.434446E-05 -5.870645E-15 -9.532113E+04
       244 -1.955777E-06  8.356664E-16 -2.770803E+04
       245  1.849607E-06  7.166815E-16 -2.769804E+04
       246 -1.091305E-04  5.381107E-16 -2.768822E+04
       247  2.074428E-04  6.657136E-16 -2.767858E+04
       248 -2.638567E-04  6.881353E-14 -2.349351E+04
       249  4.663490E-04 -2.594668E-13 -1.574704E+04
       250 -3.070496E-04  1.793856E-13 -1.926754E+04
       251  1.109373E-04  7.108615E-16 -2.764970E+04
       252 -2.267286E-04  6.207300E-16 -2.764079E+04
       253  1.829918E-04  7.942025E-16 -2.763206E+04
       254 -5.228259E-05  5.381584E-16 -2.762351E+04
       255 -1.334660E-04 -1.883547E-13 -1.926818E+04
       256  2.672766E-04  2.481725E-13 -1.572019E+04
       257 -2.883170E-04 -7.298196E-14 -2.341263E+04
       258  2.730694E-04  7.941896E-16 -2.759801E+04
       259 -1.814403E-04  2.948316E-16 -2.759019E+04
       260  3.644638E-05  8.346675E-16 -2.758255E+04
       261 -4.699454E-06  4.404193E-14 -2.480593E+04
       262  6.648620E-04 -2.540583E-13 -8.010879E+04
       263 -6.913114E-04  2.033593E-13 -1.780587E+04
       264 -6.467849E-05  8.064716E-16 -2.754395E+04
       265  1.819432E-04  5.076278E-16 -2.753745E+04
       266 -2.605841E-06  5.135697E-16 -2.753113E+04
       267 -1.421943E-04  6.297298E-16 -2.752499E+04
       268  1.959689E-04  2.021523E-13 -2.059169E+04
       269 -5.837449E-05 -8.675022E-14 -1.567287E+04
       270 -2.320018E-04 -1.309471E-13 -2.194704E+04
       271  2.147444E-04  2.773350E-16 -2.750700E+04
       272 -5.332939E-05  6.665981E-16 -2.750159E+04
       273  1.398623E-04  4.299767E-16 -2.749635E+04
       274 -1.976285E-04  4.459974E-16 -2.749130E+04
       275  3.121719E-04 -2.188841E-13 -1.640874E+04
       276 -3.404816E-04  2.230040E-13 -1.565677E+04
       277  2.434850E-04 -2.093405E-14 -2.608188E+04
       278 -2.170932E-04  1.354283E-16 -2.747668E+04
       279  2.592243E-05  7.502883E-16 -2.747235E+04
       280  2.737157E-05  5.217031E-16 -2.746820E+04
       281  1.250785E-04  3.252862E-16 -2.746422E+04
       282 -3.906079E-04 -2.252919E-13 -1.777790E+04
       283  2.481763E-04  2.692957E-13 -8.005104E+04
       284  9.204634E-05 -5.060462E-14 -2.466783E+04
       285 -5.450100E-06  4.789835E-16 -2.744562E+04
       286 -2.680719E-05  1.560715E-16 -2.744279E+04
       287 -9.106286E-05 -3.761241E-18 -2.744014E+04
       288  1.312979E-04  2.250668E-14 -2.606579E+04
       289 -1.740020E-03 -2.747251E-13 -1.563322E+04
       290  1.784682E-03  2.312342E-13 -1.635388E+04
       291 -1.382492E-04  4.918369E-16 -2.743302E+04
       292 -5.753711E-06  3.377808E-16 -2.743109E+04
       293  2.034009E-06 -7.397570E-17 -2.742935E+04
       294  1.578480E-04 -7.952314E-17 -2.742778E+04
       295 -2.284385E-04  1.439533E-13 -2.190583E+04
       296  2.641676E-04  3.949107E-14 -1.562784E+04
       297 -2.732407E-04 -2.258573E-13 -2.049778E+04
       298  1.848452E-04  3.780741E-16 -2.742402E+04
       299 -5.747005E-05 -3.363751E-16 -2.742318E+04
       300 -1.260825E-05  3.109440E-16 -2.742252E+04
       301 -1.601968E-04 -8.930644E-15 -2.742204E+04
       302  7.676004E-05 -9.619351E-10 -9.501184E+04
       303  2.649613E-05  9.372164E-10 -2.742203E+04
       304  1.721643E-04  2.558044E-18 -2.742250E+04
       305 -1.345892E-04 -1.366456E-19 -2.742316E+04
       306  4.618615E-05 -6.274011E-19 -2.742399E+04
       307 -4.756451E-05 -5.036417E-18 -2.328744E+04
       308  7.658025E-05 -2.889625E-14 -1.562780E+04
       309 -5.137175E-05  3.203216E-17 -1.911608E+04
       310 -9.791553E-05 -8.668750E-19 -2.742773E+04
       311  1.889300E-04 -9.816687E-19 -2.742929E+04
       312 -1.896676E-04 -1.529081E-18 -2.743103E+04
       313  1.570713E-04  3.632305E-18 -2.743295E+04
       314 -1.036841E-04 -3.023279E-17 -1.914464E+04
       315  7.262538E-05 -1.558428E-14 -1.563316E+04
       316  4.442595E-05  7.322149E-18 -2.327488E+04
       317 -2.525523E-04 -1.528703E-18 -2.744005E+04
       318  1.190919E-04  3.553292E-19 -2.744270E+04
       319  1.723748E-04  1.302651E-20 -2.744552E+04
       320 -4.892237E-05 -1.416417E-18 -2.469127E+04
       321 -3.512470E-04 -5.358512E-15 -8.005098E+04
       322  2.742242E-04 -1.763741E-17 -1.775427E+04
       323  6.746501E-05  2.525371E-18 -2.746409E+04
       324 -1.198761E-04 -3.862826E-19 -2.746806E+04
       325  8.950010E-06 -1.254313E-18 -2.747220E+04
       326  1.557898E-04 -1.070885E-18 -2.747652E+04
       327 -2.566315E-04 -1.593663E-17 -2.056107E+04
       328  2.079961E-04 -1.477114E-14 -1.565681E+04
       329 -5.798414E-06  1.334490E-17 -2.192943E+04
       330 -5.194917E-05  7.449161E-19 -2.749112E+04
       331 -1.436472E-05 -2.258874E-19 -2.749617E+04
       332  1.032688E-04 -5.567675E-19 -2.750140E+04
       333 -2.407581E-04 -1.356280E-18 -2.750681E+04
       334 -8.783303E-05  1.903628E-17 -1.641951E+04
       335  3.463575E-04 -1.509011E-14 -1.567291E+04
       336 -1.867767E-04  2.099172E-18 -2.611905E+04
       337  2.285149E-04  4.028623E-19 -2.752478E+04
       338 -3.090724E-04 -2.710351E-19 -2.753092E+04
       339  2.336800E-04 -8.298641E-19 -2.753723E+04
       340 -6.709062E-05  3.429408E-18 -2.754372E+04
       341 -3.961027E-04  1.448471E-17 -1.783158E+04
       342  5.314643E-04 -9.063849E-15 -8.010865E+04
       343 -1.797955E-04  4.582966E-18 -2.477983E+04
       344 -4.902482E-06 -2.256925E-18 -2.758228E+04
       345  1.512598E-04  2.059003E-18 -2.758992E+04
       346 -1.023654E-04  1.043405E-18 -2.759773E+04
       347 -6.168708E-05 -2.369115E-18 -2.622518E+04
       348  1.545725E-04 -1.451234E-14 -1.571994E+04
       349 -7.070601E-05 -1.590485E-17 -1.645509E+04
       350 -5.151331E-05 -8.178056E-19 -2.762321E+04
       351  7.453747E-05  4.614512E-19 -2.763176E+04
       352 -9.213388E-05 -1.096682E-19 -2.764048E+04
       353  4.260615E-05 -1.137125E-18 -2.764938E+04
       354 -1.504291E-04 -6.579965E-18 -2.208581E+04
       355  2.870103E-04 -1.465705E-14 -1.574676E+04
       356 -6.717443E-05 -1.557244E-17 -2.067463E+04
       357 -1.268703E-04  1.078387E-18 -2.767825E+04
       358  1.108814E-04 -2.461334E-18 -2.768788E+04
       359 -2.065673E-06  1.535743E-18 -2.769769E+04
       360 -5.155802E-05  4.850107E-19 -2.770768E+04
       361 -1.629457E-05 -9.124626E-15 -9.532076E+04
       362 -1.479872E-05  5.676338E-21 -2.775424E+04
       363 -1.563504E-05 -1.341957E-18 -2.776520E+04
       364  7.047318E-05  2.106991E-18 -2.777634E+04
       365  1.951680E-05  6.684421E-19 -2.778765E+04
       366 -1.306776E-04 -7.472690E-19 -2.779915E+04
       367  2.256539E-04  1.213891E-17 -1.939438E+04
       368 -1.913307E-04 -1.473083E-14 -1.582381E+04
       369  9.432621E-05  4.649064E-18 -2.359690E+04
       370 -8.598529E-05  4.405181E-19 -2.783609E+04
       371  1.072958E-04 -1.546164E-18 -2.784832E+04
       372 -8.317828E-05  1.868536E-18 -2.786073E+04
       373 -4.692003E-05  8.696370E-20 -2.787331E+04
       374  3.162604E-04 -3.918514E-18 -2.367145E+04
       375 -2.767458E-04 -1.541038E-14 -1.586150E+04
       376 -4.885718E-05 -1.258121E-17 -1.943340E+04
       377  9.660423E-05  5.324878E-19 -2.791366E+04
       378 -2.309866E-05 -1.716843E-18 -2.792698E+04
       379 -9.611249E-06  1.480895E-18 -2.794048E+04
       380 -5.831383E-05 -4.715315E-19 -2.795416E+04
       381  2.133008E-04  2.520223E-18 -2.796802E+04
       382 -1.211407E-04 -9.748430E-15 -9.558955E+04
       383 -9.133853E-05  1.526625E-18 -2.803147E+04
       384  5.439483E-05 -8.935537E-19 -2.804630E+04
       385  5.598180E-05 -6.881441E-19 -2.806131E+04
       386 -1.056325E-04  1.984307E-18 -2.807651E+04
       387  7.901341E-05 -3.165567E-18 -2.809188E+04
       388  1.398809E-04  1.080771E-17 -1.959143E+04
       389 -3.245654E-04 -1.460550E-14 -1.597322E+04
       390  2.206117E-04  2.725291E-18 -2.384803E+04
       391 -6.347895E-06  1.234363E-19 -2.814089E+04
       392 -6.292574E-05 -2.535436E-19 -2.815700E+04
       393  4.901923E-05 -5.497106E-19 -2.817329E+04
       394  4.254654E-05 -6.868833E-19 -2.818976E+04
       395 -1.737084E-04 -3.839888E-20 -2.393804E+04
       396 -7.285532E-05 -1.535962E-14 -1.602271E+04
       397  1.939479E-04 -7.584786E-18 -1.965051E+04
       398 -1.157261E-05  1.300303E-18 -2.824220E+04
       399 -5.822629E-05  6.953742E-19 -2.825941E+04
       400  7.955730E-05 -2.307655E-18 -2.827680E+04
       401  1.667440E-05 -4.002978E-19 -2.829438E+04
       402  6.511994E-05  1.232997E-18 -2.831213E+04
       403 -1.191253E-04 -9.858621E-15 -9.594200E+04
       404 -1.393501E-04 -3.776280E-19 -2.839227E+04
       405  2.183747E-04 -1.450319E-18 -2.841100E+04
       406 -5.712174E-05 -8.011458E-20 -2.842991E+04
       407 -4.049204E-05 -1.118988E-18 -2.844901E+04
       408  3.982335E-05  5.752550E-20 -2.846828E+04
       409  1.270249E-04  8.103385E-18 -1.984432E+04
       410 -1.969792E-04 -1.476078E-14 -1.616449E+04
       411  3.702193E-05 -6.080761E-19 -2.416889E+04
       412 -4.602596E-05  1.587969E-18 -2.852943E+04
       413  1.961831E-04  4.919978E-19 -2.854945E+04
       414 -1.158584E-04  1.154200E-18 -2.856966E+04
       415 -3.420562E-05 -4.209579E-19 -2.859004E+04
       416 -6.422773E-05 -2.250912E-18 -2.427456E+04
       417 -5.318520E-05 -1.546958E-14 -1.622586E+04
       418  2.137218E-04 -4.661758E-18 -1.992350E+04
       419 -4.750490E-05  1.502393E-19 -2.865464E+04
       420 -4.420988E-05  5.954686E-19 -2.867577E+04
       421  2.231449E-05 -1.265185E-18 -2.869709E+04
       422  7.830560E-05 -9.798326E-19 -2.871859E+04
       423 -2.135746E-04  1.943459E-18 -2.874027E+04
       424  2.186497E-04 -1.012864E-14 -9.637837E+04
       425 -1.519322E-04 -8.082036E-19 -2.883687E+04
       426  2.575479E-05 -8.197588E-19 -2.885953E+04
       427 -1.421943E-05 -9.446323E-19 -2.888238E+04
       428  4.992820E-05  3.634507E-18 -2.890541E+04
       429  1.207590E-04 -1.412668E-18 -2.892862E+04
       430 -1.272708E-04  6.563819E-18 -2.015322E+04
       431 -8.197833E-05 -1.518620E-14 -1.639775E+04
       432  4.646741E-05  3.697951E-18 -2.455969E+04
       433  1.301579E-04  5.636136E-19 -2.900199E+04
       434 -1.531709E-04  3.916248E-21 -2.902596E+04
       435  1.552906E-04 -7.613391E-19 -2.905011E+04
       436 -5.983934E-05 -1.457200E-18 -2.907445E+04
       437 -1.386106E-04  9.552396E-20 -2.468125E+04
       438 -2.160740E-05 -3.071134E-15 -1.647111E+04
       439  1.865644E-04  4.705629E-18 -2.025259E+04
       440 -7.854402E-05  1.478064E-18 -2.915130E+04
       441 -2.350658E-06  4.049119E-19 -2.917640E+04
       442 -1.602434E-05 -6.115836E-19 -2.920168E+04
       443  1.132805E-04 -9.292140E-10 -2.729737E+04
       444 -5.414081E-05  6.643002E-11 -1.016288E+05
       445 -1.120716E-04  9.386602E-14 -1.480712E+04
       446  1.555085E-04 -1.319535E-12 -1.006829E+04
       447 -6.046165E-04  7.423247E-10  5.281300E+06
       448  5.860385E-04  3.958837E-13 -2.168195E+04
       449 -4.907511E-05 -1.109126E-14 -2.176077E+04
       450 -8.464850E+05  3.353735E-15  4.389220E+06
       451 -5.468894E-04  3.669361E-14 -9.443502E+03
       452 -1.183767E-04 -2.204829E-17 -1.808480E+04
       453  9.214878E-05 -3.646727E-14 -8.228011E+04
       454  1.249202E-04 -3.582515E-15 -1.097193E+04
       455 -1.275390E-04  2.825793E-14 -1.482890E+04
       456  1.392085E-04 -1.464799E-16 -2.053212E+04
       457 -2.564751E-04 -2.829973E-14 -1.481431E+04
       458  3.291145E-04 -4.113728E-17 -1.020145E+04
       459 -2.725981E-04  2.809521E-14 -1.480003E+04
       460  1.925584E-04 -1.533398E-16 -2.049376E+04
       461 -2.964215E-04 -2.816683E-14 -1.796514E+04
       462  5.833358E-04 -2.935315E-17 -1.018140E+04
       463 -3.791656E-04  2.783816E-14 -1.477007E+04
       464 -3.964640E-05 -1.917745E-16 -2.045396E+04
       465  6.554835E-05 -2.788962E-14 -1.475590E+04
       466 -1.928378E-04 -2.884035E-17 -1.016265E+04
       467  1.886655E-04  2.746651E-14 -1.474204E+04
       468 -1.540370E-04 -2.440876E-16 -2.041672E+04
       469  4.484337E-04 -2.867563E-14 -1.472807E+04
       470 -3.701821E-04  4.960989E-18 -1.014416E+04
       471  1.063719E-04  2.815252E-14 -1.471441E+04
       472  2.977811E-05 -3.051955E-16 -2.038001E+04
       473 -1.053363E-04 -2.865233E-14 -1.470065E+04
       474 -1.496952E-04 -3.960144E-16 -1.012594E+04
       475  1.982096E-04  2.839338E-14 -1.786622E+04
       476  1.435541E-05 -3.533946E-16 -2.034194E+04
       477  3.395788E-05 -2.763703E-14 -1.467219E+04
       478 -1.352243E-04  6.177143E-17 -1.010703E+04
       479  8.883700E-05  2.636285E-14 -1.465893E+04
       480 -5.868450E-05 -3.005296E-15 -2.030634E+04
       481  9.723939E-05 -2.354554E-14 -1.464558E+04
       482 -6.962381E-05 -2.397631E-17 -1.008935E+04
       483  1.890957E-05  2.287892E-14 -1.463253E+04
       484 -1.076609E-04 -4.108111E-16 -2.027128E+04
       485  4.927348E-04 -2.267119E-14 -1.461939E+04
       486 -6.950647E-04 -4.442552E-17 -1.007196E+04
       487  3.818367E-04  1.933282E-14 -1.460654E+04
       488 -7.872907E-05 -1.718333E-15 -8.780745E+04
       489  1.249202E-04 -1.809730E-14 -1.456467E+04
       490 -1.298822E-04 -6.516243E-17 -1.003561E+04
       491 -7.477961E-05  2.096764E-15 -1.455224E+04
       492  2.405792E-04 -2.047478E-16 -2.016466E+04
       493 -1.184177E-04 -2.131246E-15 -1.453974E+04
       494 -2.651419E-04 -5.664612E-17 -1.001906E+04
       495  2.820995E-04  1.862997E-15 -1.452752E+04
       496 -1.237486E-04 -2.203090E-16 -2.013182E+04
       497  3.038794E-04 -1.889410E-15 -1.451521E+04
       498 -1.974236E-04 -5.168898E-17 -1.000278E+04
       499 -1.316294E-04  1.550808E-15 -1.450319E+04
       500  2.411325E-04 -1.520373E-16 -2.009952E+04
       501 -4.279460E-04 -1.688430E-15 -1.767066E+04
       502  4.746057E-04 -6.353484E-17 -9.985904E+03
       503 -5.218014E-05  1.269994E-15 -1.447798E+04
       504 -1.656357E-04 -1.711799E-16 -2.006605E+04
       505 -2.752244E-05 -1.406978E-15 -1.446609E+04
       506 -1.016296E-04 -4.847768E-17 -9.970169E+03
       507 -9.378418E-06  9.927741E-16 -1.445448E+04
       508  4.738569E-04 -2.339611E-16 -2.003485E+04
       509 -5.447809E-04 -1.069710E-15 -1.444279E+04
       510  7.338077E-04 -4.508103E-17 -9.954701E+03
       511 -7.175691E-04  6.516390E-16 -1.443138E+04
       512  3.094990E-04 -2.217366E-16 -2.000418E+04
       513  1.810286E-04 -7.753741E-16 -1.441989E+04
       514 -4.502367E-04 -7.398113E-17 -9.939500E+03
       515 -6.725374E-05  3.291042E-16 -1.758786E+04
       516  3.154520E-04 -2.852792E-16 -1.997242E+04
       517  6.987378E-04 -4.236094E-16 -1.439618E+04
       518 -1.509065E-03 -5.775804E-17 -9.923760E+03
       519  6.249137E-04 -1.203094E-17 -1.438517E+04
       520  3.809724E-04 -3.567602E-16 -1.994285E+04
       521 -6.281976E-04 -6.315796E-18 -1.437410E+04
       522  8.299071E-04 -8.259127E-17 -9.909107E+03
       523 -6.110929E-04 -2.765554E-16 -1.436329E+04
       524  1.074728E-04 -1.830846E-16 -1.991381E+04
       525  6.083846E-04  7.314258E-17 -1.435242E+04
       526 -6.245263E-04 -8.109560E-17 -9.894717E+03
       527  5.938485E-05 -3.836278E-16 -1.434181E+04
       528 -7.118774E-05 -9.490410E-16 -8.745912E+04
       529  6.382652E-04  2.878650E-16 -1.430691E+04
       530 -1.190707E-03 -7.836382E-17 -9.864524E+03
       531  7.677283E-04 -6.222040E-16 -1.429673E+04
       532  1.817383E-05 -2.247015E-16 -1.982548E+04
       533 -3.218148E-04  3.840660E-16 -1.428649E+04
       534 -3.458429E-04 -1.528018E-16 -9.850974E+03
       535  9.611361E-04 -6.954832E-16 -1.427650E+04
       536 -7.097982E-04 -2.186457E-16 -1.979865E+04
       537  1.712106E-04  4.420022E-16 -1.426646E+04
       538 -3.438368E-04 -9.899604E-17 -9.837689E+03
       539  4.391782E-04 -3.525150E-16 -1.425667E+04
       540  3.398526E-04 -2.289777E-16 -1.977234E+04
       541 -5.195467E-04 -1.747675E-19 -1.742648E+04
       542 -3.097374E-04 -1.021194E-16 -9.823960E+03
       543  3.767684E-04 -3.741553E-16 -1.423618E+04
       544  1.102481E-04 -2.179484E-16 -1.974516E+04
       545  3.267098E-04  5.569357E-17 -1.422656E+04
       546 -1.141839E-04 -1.320237E-16 -9.811218E+03
       547 -3.107451E-05 -1.803077E-16 -1.421717E+04
       548 -5.115420E-04 -2.013961E-16 -1.971994E+04
       549  3.504734E-04 -1.923812E-16 -1.420774E+04
       550 -2.067536E-07 -1.411389E-16 -9.798741E+03
       551  1.837518E-04 -2.959703E-17 -1.419855E+04
       552 -3.646929E-04 -5.869474E-18 -1.969525E+04
       553 -1.553781E-04 -5.479490E-16 -1.418932E+04
       554  1.172256E-03 -1.758639E-16 -9.786527E+03
       555 -1.162980E-03  2.888720E-16 -1.735967E+04
       556  1.611803E-04 -2.403422E-16 -1.966977E+04
       557  5.446672E-04 -7.281192E-16 -1.417031E+04
       558 -1.398530E-04 -1.149860E-16 -9.773925E+03
       559 -8.567236E-05  3.411585E-16 -1.416153E+04
       560 -3.840476E-04 -2.360291E-16 -1.964616E+04
       561 -1.122560E-04 -8.095539E-16 -1.415271E+04
       562  5.442370E-04 -1.340016E-16 -9.762253E+03
       563 -2.193768E-04  2.913523E-16 -1.414412E+04
       564  5.913340E-05 -4.380621E-16 -1.962308E+04
       565  2.288409E-04 -5.554197E-16 -1.413550E+04
       566 -1.368187E-03 -1.464014E-16 -9.750843E+03
       567  1.071377E-03 -2.269127E-16 -1.412708E+04
       568  3.174622E-04 -1.422227E-15 -8.717758E+04
       569 -5.637426E-04 -2.040502E-16 -1.409935E+04
       570  2.729502E-04 -2.043812E-16 -9.726901E+03
       571 -2.935845E-04 -2.174953E-16 -1.409138E+04
       572  6.261785E-04 -3.187469E-16 -1.955317E+04
       573 -7.360503E-04 -2.642759E-16 -1.408339E+04
       574  3.197417E-04 -1.459056E-16 -9.716327E+03
       575  4.077367E-04 -3.070100E-16 -1.407562E+04
       576 -3.055483E-04 -3.180942E-16 -1.953228E+04
       577 -2.653599E-04 -2.141282E-16 -1.406783E+04
       578 -7.534586E-05 -2.448610E-16 -9.706016E+03
       579  3.690198E-04 -2.077269E-16 -1.406025E+04
       580 -1.911633E-05 -3.790602E-16 -1.951192E+04
       581 -2.550417E-04 -3.252310E-16 -1.723238E+04
       582 -3.342479E-04 -1.572006E-16 -9.695415E+03
       583  4.373826E-04 -3.126746E-16 -1.404445E+04
       584  6.724559E-04 -3.764064E-16 -1.949100E+04
       585 -1.210509E-03 -2.716779E-16 -1.403707E+04
       586  5.991273E-04 -1.516009E-16 -9.685643E+03
       587  4.168600E-06 -3.429550E-16 -1.402989E+04
       588 -2.552234E-04 -3.983239E-16 -1.947172E+04
       589  8.338895E-04 -2.615730E-16 -1.402270E+04
       590 -8.071791E-04 -1.981029E-16 -9.676133E+03
       591  3.178548E-04 -2.914487E-16 -1.401572E+04
       592 -4.479848E-05 -3.980885E-16 -1.945296E+04
       593  1.478456E-04 -3.008506E-16 -1.400873E+04
       594 -4.158970E-04 -2.047756E-16 -9.666885E+03
       595  3.078516E-04 -3.805026E-16 -1.718144E+04
       596 -2.220161E-04 -4.402505E-16 -1.943372E+04
       597  4.471652E-05 -2.772473E-16 -1.399441E+04
       598  9.219628E-04 -2.473063E-16 -9.657404E+03
       599 -9.691957E-04 -3.160854E-16 -1.398783E+04
       600  2.489053E-05 -4.075353E-16 -1.941604E+04
       601  4.814211E-04 -3.409572E-16 -1.398125E+04
       602 -6.694589E-04 -2.153198E-16 -9.648693E+03
       603  2.615191E-04 -3.341694E-16 -1.397486E+04
       604 -1.803897E-04 -4.617690E-16 -1.939888E+04
       605  4.299190E-04 -2.114884E-14 -8.118328E+04
       606 -1.900829E-04  1.486153E-14 -1.613925E+04
       607 -9.497628E-06 -1.187867E-16 -7.402887E+03
       608 -2.087692E-03  3.197437E-14  8.294555E+05
       609  2.141243E-03 -2.794711E-17 -8.164723E+03
       610 -1.398511E-04  2.530799E-17 -1.426126E+04
       611  7.269420E-04 -7.078934E-16 -7.351347E+04
       612 -4.503336E-04  3.066065E-17 -1.412827E+04
       613 -3.478620E-04  7.742873E-17 -1.960206E+04
       614  2.685208E-04  6.030481E-17 -1.411984E+04
       615 -3.226604E-04  1.195021E-17 -9.740478E+03
       616  4.070103E-04  4.517895E-17 -1.411163E+04
       617 -6.563030E-05  6.232629E-17 -1.958000E+04
       618 -4.254412E-04  4.274396E-17 -1.410339E+04
       619 -3.846623E-04  2.139282E-17 -9.729577E+03
       620  9.003702E-04  2.882119E-17 -1.727478E+04
       621 -5.425885E-05  4.632326E-17 -1.955727E+04
       622 -4.088562E-04  4.296434E-17 -1.408645E+04
       623  4.881397E-04  3.486905E-17 -9.718355E+03
       624 -4.424360E-04  7.390985E-18 -1.407864E+04
       625  2.131332E-04  2.485917E-17 -1.953629E+04
       626  3.603753E-04  6.602366E-17 -1.407081E+04
       627 -4.032236E-04 -1.350260E-17 -9.707993E+03
       628 -1.428965E-04  3.093940E-17 -1.406320E+04
       629  3.379211E-04  1.032692E-17 -1.951583E+04
       630 -7.860363E-06  3.036798E-17 -1.405556E+04
       631 -4.407857E-04  1.798975E-17 -9.697893E+03
       632  1.264438E-04  1.252331E-18 -9.819352E+03
       633  9.323122E-04  6.711310E-18 -1.166435E+04
       634 -9.454787E-04  1.163961E-17 -1.523924E+04
       635 -5.646609E-05  2.017973E-17 -1.403989E+04
       636  4.998296E-04 -8.333747E-19 -9.687516E+03
       637 -2.267063E-04  1.858140E-17 -1.403268E+04
       638 -3.879666E-04 -1.919469E-17 -1.947541E+04
       639  8.560494E-04 -3.675520E-18 -1.402545E+04
       640 -4.637055E-04  2.512586E-17 -9.677955E+03
       641  3.362820E-04 -1.162968E-17 -1.401844E+04
       642 -3.765114E-04 -1.272894E-17 -1.945655E+04
       643 -6.267168E-04 -1.378004E-17 -1.401141E+04
       644  6.211232E-04  1.040719E-18 -9.668656E+03
       645  4.798546E-05 -2.420471E-18 -1.400459E+04
       646  2.395554E-04 -1.177477E-16 -8.701771E+04
       647 -8.243136E-04 -1.451903E-17 -1.398204E+04
       648  1.350233E-03 -2.914337E-17 -9.649220E+03
       649 -1.170762E-03 -1.554972E-17 -1.397564E+04
       650  1.145229E-04 -5.578446E-17 -1.939991E+04
       651  1.030348E-03 -2.922150E-17 -1.396925E+04
       652 -9.794086E-04 -1.479166E-17 -9.640754E+03
       653  4.451405E-04 -4.362569E-17 -1.396304E+04
       654 -6.097555E-04 -8.212848E-17 -1.938324E+04
       655  1.010761E-03 -7.495755E-18 -1.395684E+04
       656 -8.219425E-04 -4.367834E-17 -9.632550E+03
       657  1.893248E-04 -5.311898E-17 -1.395083E+04
       658 -1.292694E-04 -3.767747E-17 -1.517184E+04
       659  5.303373E-04 -4.653180E-17 -1.159698E+04
       660 -1.178803E-03 -3.726532E-17 -9.722454E+03
       661  1.096101E-03 -4.289336E-17 -9.624169E+03
       662 -4.274603E-04 -6.344621E-17 -1.393837E+04
       663  2.156440E-04 -7.422465E-17 -1.935061E+04
       664  3.049523E-04 -6.709003E-17 -1.393257E+04
       665 -5.295221E-04 -2.461849E-17 -9.616501E+03
       666  1.678243E-05 -2.455214E-16 -1.392697E+04
       667  1.534875E-04 -9.464040E-17 -1.933556E+04
       668 -8.455478E-05  8.945870E-17 -1.392138E+04
       669  1.438446E-04 -5.881048E-17 -9.609094E+03
       670 -1.351424E-04 -1.788486E-16 -1.391596E+04
       671 -2.012234E-04 -7.571665E-17 -1.932101E+04
       672  7.771881E-04 -3.184331E-17 -1.709036E+04
       673 -7.289629E-04 -5.698636E-17 -9.601554E+03
       674  1.595151E-04 -1.215125E-16 -1.390475E+04
       675 -5.088188E-05 -1.948902E-16 -1.930620E+04
       676  3.149770E-04  6.917318E-18 -1.389956E+04
       677  1.088157E-04 -4.448662E-17 -9.594683E+03
       678 -5.977415E-04 -2.613341E-16 -1.389454E+04
       679  2.044346E-04 -3.524546E-16 -1.929272E+04
       680 -2.724808E-04  2.640688E-16 -1.388954E+04
       681  4.924256E-04 -5.851836E-17 -9.588072E+03
       682 -2.549086E-04 -4.685535E-16 -1.388472E+04
       683  2.542529E-04 -1.410649E-16 -1.927976E+04
       684  1.074933E-05  2.264795E-16 -1.387992E+04
       685 -5.760382E-04 -6.413879E-16 -7.716810E+04
       686  6.279871E-04 -1.436492E-15 -1.386451E+04
       687 -3.910363E-04 -1.889826E-16 -1.925309E+04
       688  4.896037E-04  1.164972E-15 -1.386014E+04
       689 -8.326657E-04 -1.049771E-16 -9.568676E+03
       690  4.585460E-04 -1.482940E-15 -1.385593E+04
       691 -1.678225E-04 -1.833648E-16 -1.924179E+04
       692  4.877336E-04  1.205661E-15 -1.385176E+04
       693 -1.293905E-04 -1.231278E-16 -9.563157E+03
       694 -2.289563E-05 -1.512077E-15 -1.384775E+04
       695  1.039188E-04 -2.325573E-16 -1.923101E+04
       696 -9.483062E-04  1.233374E-15 -1.384378E+04
       697  1.173170E-03 -9.316394E-17 -9.557899E+03
       698 -7.008909E-04 -5.735122E-15 -1.701968E+04
       699  2.273023E-04 -3.110750E-16 -1.922019E+04
       700  3.414638E-04  5.447908E-15 -1.383576E+04
       701 -1.067728E-03 -1.017730E-16 -9.552625E+03
       702  8.893944E-04 -5.946334E-15 -1.383215E+04
       703  2.067909E-05 -3.195587E-16 -1.921048E+04
       704 -4.245341E-05  5.667720E-15 -1.382858E+04
       705 -1.029817E-03 -1.427288E-16 -9.547900E+03
       706  1.295522E-03 -6.063808E-15 -1.382516E+04
       707 -6.419774E-04 -3.843725E-16 -1.920129E+04
       708  6.653387E-04  5.833736E-15 -1.382179E+04
       709 -8.045342E-04 -1.252661E-16 -9.543435E+03
       710  8.037109E-04 -1.253599E-16 -9.665616E+03
       711 -4.266802E-04 -1.491788E-16 -1.151190E+04
       712 -1.394786E-04 -1.057666E-14 -1.501318E+04
       713 -8.354336E-05  1.015394E-14 -1.381503E+04
       714  4.369728E-04 -1.292224E-16 -9.539000E+03
       715 -3.201682E-04 -2.342151E-14 -1.381201E+04
       716  8.829311E-05 -2.038062E-15 -1.918402E+04
       717  3.960356E-05  2.475742E-14 -1.380904E+04
       718  5.546231E-04 -1.520417E-16 -9.535069E+03
       719 -8.059461E-04 -2.729114E-14 -1.380621E+04
       720  4.507042E-05  2.464765E-14 -1.640234E+04
       721  6.964225E-04 -1.817387E-14 -7.380928E+04
       722 -5.139746E-04  1.546456E-14 -7.186851E+03
       723 -1.196044E-03  1.015581E-14  4.039993E+06
       724  8.986201E-04 -9.107115E-17 -5.836575E+03
       725  1.065640E-03 -5.716378E-17 -6.716694E+03
       726 -1.018601E-03  1.519503E-15  2.690392E+06
       727  2.580285E-04 -1.494692E-15 -4.976111E+04
       728  1.003385E+07  3.134331E-17 -7.374254E+06
       729 -1.022362E+06 -4.697403E-11 -1.077778E+06
       730  1.090148E+06  1.212942E-10 -1.134240E+06
      1001 -3.119745E+06  0.000000E+00 -1.482565E+06
      1002 -2.289750E-05  0.000000E+00 -1.992560E+04
      1003  2.144324E-05  0.000000E+00  5.012365E+05
      1004 -2.065767E-05  0.000000E+00 -3.392166E+03
      1005  4.618429E-06  0.000000E+00 -6.702067E+03
      1006 -4.872680E-06  0.000000E+00 -7.451433E+03
      1007  1.146039E-05  0.000000E+00 -7.460152E+03
      1008 -3.981816E-06  0.000000E+00 -2.634308E+04
      1009  5.899929E-06  0.000000E+00 -8.603430E+03
      1010 -3.554858E-06  0.000000E+00 -8.236282E+03
      1011  1.026783E-06  0.000000E+00 -8.242949E+03
      1012  3.176741E-06  0.000000E+00 -8.624972E+03
      1013 -1.339182E-06  0.000000E+00 -2.713896E+04
      1014  3.193971E-06  0.000000E+00 -8.655728E+03
      1015 -6.438699E-06  0.000000E+00 -8.286702E+03
      1016  1.362991E-05  0.000000E+00 -8.293748E+03
      1017 -1.207972E-05  0.000000E+00 -8.678496E+03
      1018  9.023346E-06  0.000000E+00 -3.063030E+04
      1019  1.300639E-05  0.000000E+00 -8.714034E+03
      1020 -3.747875E-05  0.000000E+00 -8.342894E+03
      1021  3.885571E-05  0.000000E+00 -8.350342E+03
      1022 -2.568262E-05  0.000000E+00 -8.738103E+03
      1023  1.201132E-05  0.000000E+00 -2.725872E+04
      1024  1.388416E-05  0.000000E+00 -8.772143E+03
      1025 -2.803328E-05  0.000000E+00 -8.398876E+03
      1026  2.270751E-05  0.000000E+00 -8.406707E+03
      1027 -5.749520E-06  0.000000E+00 -8.797448E+03
      1028 -5.743885E-07  0.000000E+00 -2.732147E+04
      1029 -1.505064E-05  0.000000E+00 -8.833074E+03
      1030  1.280196E-05  0.000000E+00 -8.457559E+03
      1031  1.260545E-05  0.000000E+00 -8.465775E+03
      1032 -1.148740E-05  0.000000E+00 -8.859622E+03
      1033 -9.877739E-06  0.000000E+00 -3.082205E+04
      1034  1.891889E-05  0.000000E+00 -8.900438E+03
      1035 -1.530163E-06  0.000000E+00 -8.522421E+03
      1036 -2.635084E-05  0.000000E+00 -8.531045E+03
      1037  2.422929E-05  0.000000E+00 -8.928305E+03
      1038 -1.027819E-05  0.000000E+00 -2.745970E+04
      1039  1.658080E-05  0.000000E+00 -8.967165E+03
      1040 -1.282385E-05  0.000000E+00 -8.586653E+03
      1041 -7.800758E-06  0.000000E+00 -8.595665E+03
      1042  8.788425E-06  0.000000E+00 -8.996308E+03
      1043 -3.107962E-06  0.000000E+00 -2.753150E+04
      1044 -2.774410E-06  0.000000E+00 -9.036748E+03
      1045  1.182919E-05  0.000000E+00 -8.653620E+03
      1046 -7.020310E-06  0.000000E+00 -8.663022E+03
      1047 -1.304410E-05  0.000000E+00 -9.067131E+03
      1048  4.838418E-06  0.000000E+00 -3.104128E+04
      1049  7.286202E-06  0.000000E+00 -9.113127E+03
      1050  6.448012E-06  0.000000E+00 -8.727110E+03
      1051 -1.155492E-05  0.000000E+00 -8.736927E+03
      1052 -4.367903E-07  0.000000E+00 -9.144849E+03
      1053 -5.047159E-06  0.000000E+00 -2.768814E+04
      1054  1.411419E-05  0.000000E+00 -9.188453E+03
      1055 -1.581246E-05  0.000000E+00 -8.799573E+03
      1056  8.638017E-06  0.000000E+00 -8.809785E+03
      1057 -9.311363E-06  0.000000E+00 -9.221452E+03
      1058 -2.886423E-06  0.000000E+00 -2.695938E+04
      1059  4.730653E-06  0.000000E+00 -8.052854E+03
      1060  7.937662E-06  0.000000E+00 -8.065309E+03
      1061 -6.509013E-06  0.000000E+00 -7.669943E+03
      1062 -1.315679E-05  0.000000E+00 -4.180677E+03
      1063  1.105960E-04  0.000000E+00  1.714415E+06
      1064 -6.033340E-05  0.000000E+00 -1.293085E+03
      1065 -1.278743E-04  0.000000E+00 -1.417080E+03
      1066 -4.951485E+03  0.000000E+00  1.231988E+06
      1067  4.970608E-05  0.000000E+00 -4.566880E+03
      1068  1.023244E-05  0.000000E+00 -7.988410E+03
      1069 -1.282291E-05  0.000000E+00 -7.601434E+03
      1070  8.614734E-07  0.000000E+00 -7.595212E+03
      1071  9.402633E-06  0.000000E+00 -7.589030E+03
      1072  3.004447E-06  0.000000E+00 -8.340502E+03
      1073 -1.942809E-05 -4.824550E-16 -2.720502E+04
      1074  2.846122E-06  0.000000E+00 -8.687355E+03
      1075  2.694922E-05  0.000000E+00 -8.302158E+03
      1076 -1.664646E-05  0.000000E+00 -8.295052E+03
      1077 -7.916242E-08  0.000000E+00 -8.664390E+03
      1078 -6.353411E-06 -1.027880E-15 -2.714786E+04
      1079  5.142298E-06  0.000000E+00 -8.633377E+03
      1080 -1.303945E-05  0.000000E+00 -8.250924E+03
      1081  3.229408E-05  0.000000E+00 -8.244197E+03
      1082 -3.805477E-05  0.000000E+00 -8.615117E+03
      1083  2.234595E-05  2.179309E-16 -3.052866E+04
      1084  2.221204E-07  0.000000E+00 -8.579414E+03
      1085 -3.403984E-06  0.000000E+00 -8.199726E+03
      1086  5.566515E-06  0.000000E+00 -8.193398E+03
      1087 -2.178969E-05  0.000000E+00 -8.558966E+03
      1088  2.696390E-05  1.714835E-15 -2.703958E+04
      1089 -1.447741E-05  0.000000E+00 -8.531268E+03
      1090  1.166621E-05  0.000000E+00 -8.154066E+03
      1091 -3.076112E-05  0.000000E+00 -8.148115E+03
      1092  3.993837E-05  0.000000E+00 -8.512036E+03
      1093 -2.095245E-05  2.948418E-15 -2.699146E+04
      1094 -2.509449E-06  0.000000E+00 -8.485960E+03
      1095  1.043081E-06  0.000000E+00 -8.111121E+03
      1096  2.544699E-05  0.000000E+00 -8.105544E+03
      1097 -3.276765E-05  0.000000E+00 -8.467940E+03
      1098  1.861982E-05  2.840721E-15 -3.037806E+04
      1099 -1.488719E-06  0.000000E+00 -8.441145E+03
      1100 -1.536682E-05  0.000000E+00 -8.068668E+03
      1101  1.983717E-06  0.000000E+00 -8.063487E+03
      1102  2.114754E-05  0.000000E+00 -8.424402E+03
      1103 -1.202313E-05  5.804568E-15 -2.690177E+04
      1104 -1.290580E-05  0.000000E+00 -8.401685E+03
      1105  2.683559E-05  0.000000E+00 -8.031313E+03
      1106 -2.889102E-05  0.000000E+00 -8.026504E+03
      1107  1.383154E-05  0.000000E+00 -8.386145E+03
      1108  1.134614E-05  6.807324E-15 -2.686270E+04
      1109 -8.855946E-06  0.000000E+00 -8.365071E+03
      1110 -1.990236E-06  0.000000E+00 -7.996679E+03
      1111  7.956754E-06  0.000000E+00 -7.992241E+03
      1112 -3.773347E-05  0.000000E+00 -8.350731E+03
      1113  2.847413E-05  5.388680E-15 -3.025863E+04
      1114  2.813665E-05  0.000000E+00 -8.329438E+03
      1115  1.523178E-06  0.000000E+00 -7.963005E+03
      1116 -5.647121E-05  0.000000E+00 -7.958959E+03
      1117  3.185077E-05  0.000000E+00 -8.316363E+03
      1118 -2.929971E-06  9.945837E-15 -2.679166E+04
      1119  2.673548E-05  0.000000E+00 -8.298687E+03
      1120 -5.168701E-05  0.000000E+00 -7.933977E+03
      1121  1.654122E-05  0.000000E+00 -7.930300E+03
      1122 -7.496215E-06  0.000000E+00 -8.286805E+03
      1123  1.031786E-05  1.077281E-14 -2.676168E+04
      1124  4.762877E-05  0.000000E+00 -8.270787E+03
      1125 -8.087093E-05  0.000000E+00 -7.907676E+03
      1126  5.123857E-05  0.000000E+00 -7.904367E+03
      1127 -2.575200E-05  0.000000E+00 -8.260096E+03
      1128  2.535207E-05  7.860018E-15 -2.909157E+04
      1129  4.737638E-06  0.000000E+00 -7.169388E+03
      1130 -2.366491E-06  0.000000E+00 -7.883619E+03
      1131 -6.485265E-06  0.000000E+00 -7.880686E+03
      1132 -5.848054E-05  0.000000E+00 -7.161874E+03
      1133  7.147768E-05  1.266411E-14 -2.456398E+04
      1134 -6.315392E-05  0.000000E+00 -7.151507E+03
      1135  9.110896E-05  0.000000E+00 -7.864260E+03
      1136 -5.288096E-05  0.000000E+00 -7.861667E+03
      1137 -2.586655E-05  0.000000E+00 -7.144865E+03
      1138  3.298641E-05  1.462142E-14 -2.454924E+04
      1139 -2.490357E-05  0.000000E+00 -6.897964E+03
      1140  5.912455E-05  0.000000E+00 -7.371786E+03
      1141 -7.807929E-05  0.000000E+00 -7.369794E+03
      1142  8.726260E-05  0.000000E+00 -6.892614E+03
      1143 -8.092512E-05  9.167587E-15 -2.796937E+04
      1144  5.326932E-05  0.000000E+00 -7.121689E+03
      1145 -4.107645E-05  0.000000E+00 -7.832088E+03
      1146  1.806486E-05  0.000000E+00 -7.830187E+03
      1147  6.970018E-06  0.000000E+00 -7.116818E+03
      1148 -7.335910E-06  1.667273E-14 -2.452516E+04
      1149  1.438335E-05  0.000000E+00 -7.110297E+03
      1150 -2.657529E-06  0.000000E+00 -7.819865E+03
      1151 -1.252536E-05  0.000000E+00 -7.818302E+03
      1152 -1.605507E-05  0.000000E+00 -7.106293E+03
      1153  3.540081E-05  1.803328E-14 -2.522636E+04
      1154 -5.589798E-06  0.000000E+00 -7.811032E+03
      1155 -4.493631E-07  0.000000E+00 -7.809768E+03
      1156  7.044990E-06  0.000000E+00 -7.808552E+03
      1157 -5.425094E-05  0.000000E+00 -7.807102E+03
      1158  5.951265E-05  7.768889E-15 -2.865155E+04
      1159 -5.183369E-05  0.000000E+00 -7.093531E+03
      1160  3.047381E-05  0.000000E+00 -7.801762E+03
      1161  3.538793E-05  0.000000E+00 -7.800915E+03
      1162 -6.845035E-05  0.000000E+00 -7.090795E+03
      1163  4.085473E-05  2.134076E-14 -2.450378E+04
      1164  2.935063E-06  0.000000E+00 -7.088804E+03
      1165  2.903398E-06  0.000000E+00 -7.796869E+03
      1166 -2.246071E-05  0.000000E+00 -7.796360E+03
      1167 -2.160110E-05  0.000000E+00 -7.086933E+03
      1168  8.966561E-05  4.257560E-14 -2.450088E+04
      1169 -7.826602E-05  0.000000E+00 -6.850026E+03
      1170  1.498731E-05  0.000000E+00 -7.321958E+03
      1171 -8.527189E-06  0.000000E+00 -7.321803E+03
      1172  3.192108E-06  0.000000E+00 -6.849043E+03
      1173  1.087368E-05 -2.200334E-14 -2.793292E+04
      1174  9.028707E-06  0.000000E+00 -7.085797E+03
      1175 -1.803134E-05  0.000000E+00 -7.794188E+03
      1176  2.601882E-05  0.000000E+00 -7.794368E+03
      1177 -2.505025E-05  0.000000E+00 -7.085692E+03
      1178 -1.860030E-05  2.887110E-14 -2.450093E+04
      1179  3.932230E-05  0.000000E+00 -7.087575E+03
      1180 -3.236299E-05  0.000000E+00 -7.796450E+03
      1181  1.372816E-05  0.000000E+00 -7.796968E+03
      1182  2.975017E-05  0.000000E+00 -7.088335E+03
      1183 -3.119969E-05  1.560573E-14 -2.450388E+04
      1184  1.593353E-05  0.000000E+00 -6.855098E+03
      1185 -2.510287E-05  0.000000E+00 -7.328228E+03
      1186  2.866518E-05  0.000000E+00 -7.328979E+03
      1187 -4.277751E-05  0.000000E+00 -6.856548E+03
      1188  6.839267E-05  5.378688E-15 -2.794180E+04
      1189 -7.402105E-05  0.000000E+00 -7.097814E+03
      1190  1.956010E-05  0.000000E+00 -7.808339E+03
      1191  5.494943E-05  0.000000E+00 -7.809546E+03
      1192 -4.626531E-05  0.000000E+00 -7.100338E+03
      1193  2.119073E-05  1.477603E-14 -2.451585E+04
      1194 -5.024672E-05  0.000000E+00 -7.106090E+03
      1195  4.887814E-05  0.000000E+00 -7.817750E+03
      1196  2.569985E-06  0.000000E+00 -7.819295E+03
      1197  9.793788E-06  0.000000E+00 -7.109480E+03
      1198 -5.710639E-05  1.506895E-14 -2.523627E+04
      1199  1.123454E-05  0.000000E+00 -7.828292E+03
      1200  7.955264E-05  0.000000E+00 -7.829852E+03
      1201 -6.350549E-05  0.000000E+00 -7.831744E+03
      1202 -3.735814E-05  0.000000E+00 -7.833686E+03
      1203  6.676335E-05  9.044284E-15 -2.868155E+04
      1204  1.008622E-06  0.000000E+00 -7.130356E+03
      1205 -5.687075E-05  0.000000E+00 -7.845407E+03
      1206  3.478443E-05  0.000000E+00 -7.847669E+03
      1207  6.324146E-06  0.000000E+00 -7.136152E+03
      1208 -1.401539E-05  1.452995E-14 -2.454961E+04
      1209 -1.844717E-05  0.000000E+00 -7.145288E+03
      1210  4.428579E-05  0.000000E+00 -7.862141E+03
      1211 -3.217254E-06  0.000000E+00 -7.864743E+03
      1212 -6.088801E-05  0.000000E+00 -7.151954E+03
      1213  8.387635E-05  1.468180E-14 -2.456440E+04
      1214 -4.843250E-05  0.000000E+00 -6.923533E+03
      1215 -5.879439E-06  0.000000E+00 -7.403407E+03
      1216  2.917834E-06  0.000000E+00 -7.405999E+03
      1217  1.940690E-05  0.000000E+00 -6.930495E+03
      1218 -6.441809E-06  9.124767E-15 -2.909158E+04
      1219  1.595635E-05  0.000000E+00 -8.260104E+03
      1220 -6.411411E-05  0.000000E+00 -7.904375E+03
      1221  8.613523E-05  0.000000E+00 -7.907684E+03
      1222 -4.055351E-05  0.000000E+00 -8.270796E+03
      1223 -4.909696E-06  1.471362E-14 -2.676169E+04
      1224 -1.014909E-05  0.000000E+00 -8.286814E+03
      1225 -6.527174E-06  0.000000E+00 -7.930309E+03
      1226  3.764872E-05  0.000000E+00 -7.933986E+03
      1227 -2.637552E-05  0.000000E+00 -8.298696E+03
      1228  2.347389E-04  1.542805E-14 -2.317660E+04
      1229 -2.378826E-04  0.000000E+00 -5.904935E+03
      1230 -1.534820E-05  0.000000E+00 -1.036762E+04
      1231  4.224153E-05  0.000000E+00 -1.037445E+04
      1232 -9.246636E-06  0.000000E+00 -9.535870E+03
      1233 -2.269740E-06  9.747121E-15 -3.025864E+04
      1234 -1.428276E-05  0.000000E+00 -8.350742E+03
      1235  1.403689E-05  0.000000E+00 -7.992252E+03
      1236  2.272008E-05  0.000000E+00 -7.996690E+03
      1237 -6.704172E-05  0.000000E+00 -8.365082E+03
      1238  6.900075E-05  1.459442E-14 -2.686272E+04
      1239 -3.344286E-05  0.000000E+00 -8.386157E+03
      1240 -1.274562E-05  0.000000E+00 -8.026515E+03
      1241  2.333382E-05  0.000000E+00 -8.031325E+03
      1242  1.429114E-05  0.000000E+00 -8.401698E+03
      1243 -4.481245E-06  1.536905E-14 -2.690178E+04
      1244 -2.459530E-05  0.000000E+00 -8.424415E+03
      1245  1.261383E-05  0.000000E+00 -8.063499E+03
      1246 -1.059519E-05  0.000000E+00 -8.068680E+03
      1247  3.493158E-05  0.000000E+00 -8.441159E+03
      1248 -6.529755E-05  9.861242E-15 -3.037808E+04
      1249  4.099449E-05  0.000000E+00 -8.467954E+03
      1250  3.298931E-05  0.000000E+00 -8.105558E+03
      1251 -7.542782E-05  0.000000E+00 -8.111134E+03
      1252  5.284185E-05  0.000000E+00 -8.485974E+03
      1253  1.177456E-05  1.475397E-14 -2.699147E+04
      1254 -3.498280E-05  0.000000E+00 -8.512051E+03
      1255 -1.969747E-06  0.000000E+00 -8.148129E+03
      1256  6.312039E-06  0.000000E+00 -8.154081E+03
      1257  2.989452E-05  0.000000E+00 -8.531283E+03
      1258 -4.930173E-05  1.547660E-14 -2.703960E+04
      1259  1.911679E-05  0.000000E+00 -8.558982E+03
      1260  2.236664E-05  0.000000E+00 -8.193413E+03
      1261 -3.459863E-06  0.000000E+00 -8.199741E+03
      1262 -1.231907E-05  0.000000E+00 -8.579430E+03
      1263 -7.536606E-06  1.012954E-14 -3.052519E+04
      1264  2.794899E-06  0.000000E+00 -8.611649E+03
      1265 -1.472840E-05  0.000000E+00 -8.244207E+03
      1266  5.343789E-05  0.000000E+00 -8.250935E+03
      1267 -5.312683E-05  0.000000E+00 -8.633388E+03
      1268  5.132115E-06  1.517696E-14 -2.714787E+04
      1269  3.255112E-05  0.000000E+00 -8.664401E+03
      1270 -2.318667E-05  0.000000E+00 -8.295062E+03
      1271 -8.394476E-06  0.000000E+00 -8.302169E+03
      1272  2.223067E-05  0.000000E+00 -8.687367E+03
      1273 -6.465453E-06  3.066549E-15 -2.644328E+04
      1274  1.016352E-05  0.000000E+00 -7.578144E+03
      1275 -1.747115E-05  0.000000E+00 -7.587802E+03
      1276 -4.981179E-06  0.000000E+00 -7.593977E+03
      1277  1.503713E-05  0.000000E+00 -7.600191E+03
      1278  1.157820E-05  0.000000E+00 -8.748495E+03
      1279 -2.624509E-04  0.000000E+00 -5.327589E+03
      1280  4.837103E+03  0.000000E+00  1.231993E+06
      1281 -6.265845E-05  0.000000E+00 -1.417080E+03
      1282  2.244697E-04  0.000000E+00 -1.293085E+03
      1283 -1.715785E-04  0.000000E+00  1.318251E+06
      1284 -2.330109E-04  0.000000E+00 -1.480196E+03
      1285  1.806207E-04  0.000000E+00 -4.803432E+03
      1286 -1.483271E-05  0.000000E+00 -7.681284E+03
      1287  3.205938E-05  0.000000E+00 -7.674579E+03
      1288 -3.257859E-05  0.000000E+00 -7.667914E+03
      1289  9.705313E-06  0.000000E+00 -7.664847E+03
      1290 -1.280878E-05  2.495255E-19 -2.634595E+04
      1291  2.990803E-05  0.000000E+00 -8.967145E+03
      1292 -2.911035E-05  0.000000E+00 -9.148905E+03
      1293  1.734542E-05  0.000000E+00 -9.139749E+03
      1294 -2.142042E-07  0.000000E+00 -9.320691E+03
      1295 -1.372299E-05  1.893887E-18 -2.723615E+04
      1296  5.621929E-06  0.000000E+00 -8.905365E+03
      1297 -3.371853E-06  0.000000E+00 -9.086273E+03
      1298  1.477683E-05  0.000000E+00 -9.077589E+03
      1299 -2.303161E-06  0.000000E+00 -9.257727E+03
      1300 -2.759543E-07  2.073632E-18 -3.060680E+04
      1301  7.114373E-06  0.000000E+00 -8.843605E+03
      1302  7.619616E-06  0.000000E+00 -9.023684E+03
      1303 -6.844057E-05  0.000000E+00 -9.015495E+03
      1304  7.653795E-05  0.000000E+00 -9.194854E+03
      1305 -4.417027E-05  2.914115E-18 -2.711464E+04
      1306  4.562177E-05  0.000000E+00 -8.788227E+03
      1307 -8.934643E-06  0.000000E+00 -8.967586E+03
      1308 -2.588565E-05  0.000000E+00 -8.959864E+03
      1309 -1.891050E-06  0.000000E+00 -9.138550E+03
      1310  7.063584E-05  3.056616E-18 -2.706035E+04
      1311 -5.937414E-05  0.000000E+00 -8.735968E+03
      1312 -1.495751E-05  0.000000E+00 -8.914670E+03
      1313  2.253847E-05  0.000000E+00 -8.907414E+03
      1314 -2.724119E-06  0.000000E+00 -9.085492E+03
      1315 -6.033799E-06  2.113581E-18 -3.044096E+04
      1316 -2.780883E-05  0.000000E+00 -8.684216E+03
      1317  6.500632E-05  0.000000E+00 -8.862297E+03
      1318 -4.856009E-05  0.000000E+00 -8.855528E+03
      1319 -1.998618E-06  0.000000E+00 -9.033035E+03
      1320  2.706290E-05  2.598511E-18 -2.695878E+04
      1321 -2.283929E-05  0.000000E+00 -8.638371E+03
      1322  2.887519E-05  0.000000E+00 -8.815928E+03
      1323 -1.349021E-06  0.000000E+00 -8.809622E+03
      1324  2.932968E-05  0.000000E+00 -8.986653E+03
      1325 -9.568216E-05  2.474156E-18 -2.691422E+04
      1326  1.028976E-04  0.000000E+00 -8.595651E+03
      1327 -5.452428E-05  0.000000E+00 -8.772749E+03
      1328 -1.038332E-05  0.000000E+00 -8.766903E+03
      1329 -6.229384E-05  0.000000E+00 -8.943522E+03
      1330  9.471505E-05  1.034327E-18 -3.030480E+04
      1331  4.199008E-05  0.000000E+00 -8.553946E+03
      1332 -1.455541E-04  0.000000E+00 -8.730631E+03
      1333  1.096977E-04  0.000000E+00 -8.725268E+03
      1334  8.842442E-06  0.000000E+00 -8.901525E+03
      1335 -1.020297E-04  1.692873E-18 -2.683263E+04
      1336  6.405590E-05  0.000000E+00 -8.517653E+03
      1337 -2.651522E-05  0.000000E+00 -8.694014E+03
      1338  7.246435E-05  0.000000E+00 -8.689108E+03
      1339 -8.753687E-05  0.000000E+00 -8.865087E+03
      1340  1.178341E-04  1.059361E-18 -2.643341E+04
      1341 -2.108901E-04  0.000000E+00 -7.398492E+03
      1342  2.052514E-04  0.000000E+00 -7.218097E+03
      1343 -5.074777E-05  0.000000E+00 -7.214992E+03
      1344 -1.057773E-04  0.000000E+00 -7.211924E+03
      1345  1.039780E-04  0.000000E+00 -6.848591E+03
      1346  4.883860E-04  0.000000E+00 -3.613062E+03
      1347 -1.746382E-03  0.000000E+00  1.747731E+05
      1348  1.329761E-03  0.000000E+00 -3.633821E+03
      1349 -8.688401E-05  0.000000E+00 -6.920255E+03
      1350 -7.477263E-05  0.000000E+00 -7.280853E+03
      1351  2.053077E-04  0.000000E+00 -7.277072E+03
      1352 -1.952685E-04  0.000000E+00 -7.276709E+03
      1353  6.425229E-05  1.214924E-19 -2.611713E+04
      1354 -5.190447E-05  0.000000E+00 -8.344863E+03
      1355  1.207758E-04  0.000000E+00 -7.977578E+03
      1356 -8.566631E-05  0.000000E+00 -7.973358E+03
      1357 -5.303463E-05  0.000000E+00 -8.331227E+03
      1358  1.544378E-04  2.998026E-19 -2.680677E+04
      1359 -5.080737E-05  0.000000E+00 -8.312773E+03
      1360 -9.917235E-05  0.000000E+00 -7.947270E+03
      1361  2.885703E-06  0.000000E+00 -7.943419E+03
      1362  1.346888E-04  0.000000E+00 -8.300332E+03
      1363 -3.870820E-05  3.169239E-19 -3.020754E+04
      1364 -9.067776E-05  0.000000E+00 -8.281923E+03
      1365  7.058913E-05  0.000000E+00 -7.918169E+03
      1366 -2.063811E-06  0.000000E+00 -7.914709E+03
      1367  3.116159E-05  0.000000E+00 -8.270742E+03
      1368 -7.565068E-05  6.931255E-19 -2.674543E+04
      1369 -3.083842E-05  0.000000E+00 -8.255704E+03
      1370  1.736335E-04  0.000000E+00 -7.893474E+03
      1371 -1.873933E-04  0.000000E+00 -7.890382E+03
      1372  7.313723E-05  0.000000E+00 -8.245711E+03
      1373  1.216646E-05  7.479636E-19 -2.672018E+04
      1374 -8.982606E-07  0.000000E+00 -8.232339E+03
      1375  8.768402E-06  0.000000E+00 -7.871510E+03
      1376  4.698057E-06  0.000000E+00 -7.868785E+03
      1377 -6.280839E-05  0.000000E+00 -8.223533E+03
      1378  4.211612E-05  5.124059E-19 -3.013033E+04
      1379  1.123864E-04  0.000000E+00 -8.210721E+03
      1380 -2.425839E-04  0.000000E+00 -7.851237E+03
      1381  1.999931E-04  0.000000E+00 -7.848900E+03
      1382 -9.938842E-05  0.000000E+00 -8.203169E+03
      1383  8.938869E-05  7.089527E-19 -2.667759E+04
      1384 -7.995917E-05  0.000000E+00 -8.193239E+03
      1385 -3.011106E-05  0.000000E+00 -7.834898E+03
      1386  1.353216E-04  0.000000E+00 -7.832926E+03
      1387 -1.598047E-04  0.000000E+00 -8.186869E+03
      1388  9.556566E-05  5.411753E-19 -2.630256E+04
      1389 -3.795885E-05  0.000000E+00 -8.175310E+03
      1390 -5.135778E-06  0.000000E+00 -8.532323E+03
      1391  9.435788E-05  0.000000E+00 -8.175055E+03
      1392 -2.398170E-04  0.000000E+00 -4.251235E+03
      1393  7.052757E-04  0.000000E+00  6.216019E+05
      1394 -5.474659E-04  0.000000E+00 -1.862701E+04
      1395  3.119861E+06  0.000000E+00 -8.475566E+05
