    1C
    1UOriginal MCT independent native equilibrium verification          
    1UUSER                                                              
    1UDATE              05.september.2026                               
    1UTIME              18:13:41                                        
    1UHOST                                                              
    1UPGM               CalculiX                                        
    1UVERSION           Version 2.23                             
    1UCOMPILETIME       Fri Oct 17 18:38:41 CEST 2025                    
    1UDIR                                                               
    1UDBN                                                               
    1UMAT    1SPRING                                                    
    1UMAT    2SPRING                                                    
    1UMAT    3SPRING                                                    
    1UMAT    4SPRING                                                    
    1UMAT    5SPRING                                                    
    1UMAT    6SPRING                                                    
    1UMAT    7SPRING                                                    
    1UMAT    8SPRING                                                    
    1UMAT    9SPRING                                                    
    1UMAT   10SPRING                                                    
    1UMAT   11SPRING                                                    
    1UMAT   12SPRING                                                    
    1UMAT   13SPRING                                                    
    1UMAT   14SPRING                                                    
    1UMAT   15SPRING                                                    
    1UMAT   16SPRING                                                    
    1UMAT   17SPRING                                                    
    1UMAT   18SPRING                                                    
    1UMAT   19SPRING                                                    
    1UMAT   20SPRING                                                    
    1UMAT   21SPRING                                                    
    1UMAT   22SPRING                                                    
    1UMAT   23SPRING                                                    
    1UMAT   24SPRING                                                    
    1UMAT   25SPRING                                                    
    1UMAT   26SPRING                                                    
    1UMAT   27SPRING                                                    
    1UMAT   28SPRING                                                    
    1UMAT   29SPRING                                                    
    1UMAT   30SPRING                                                    
    1UMAT   31SPRING                                                    
    1UMAT   32SPRING                                                    
    1UMAT   33SPRING                                                    
    1UMAT   34SPRING                                                    
    1UMAT   35SPRING                                                    
    1UMAT   36SPRING                                                    
    1UMAT   37SPRING                                                    
    1UMAT   38SPRING                                                    
    1UMAT   39SPRING                                                    
    1UMAT   40SPRING                                                    
    1UMAT   41SPRING                                                    
    1UMAT   42SPRING                                                    
    1UMAT   43SPRING                                                    
    1UMAT   44SPRING                                                    
    1UMAT   45SPRING                                                    
    1UMAT   46SPRING                                                    
    1UMAT   47SPRING                                                    
    1UMAT   48SPRING                                                    
    1UMAT   49SPRING                                                    
    1UMAT   50SPRING                                                    
    1UMAT   51SPRING                                                    
    1UMAT   52SPRING                                                    
    1UMAT   53SPRING                                                    
    1UMAT   54SPRING                                                    
    1UMAT   55SPRING                                                    
    1UMAT   56SPRING                                                    
    1UMAT   57SPRING                                                    
    1UMAT   58SPRING                                                    
    1UMAT   59SPRING                                                    
    1UMAT   60SPRING                                                    
    1UMAT   61SPRING                                                    
    1UMAT   62SPRING                                                    
    1UMAT   63SPRING                                                    
    1UMAT   64SPRING                                                    
    1UMAT   65SPRING                                                    
    1UMAT   66SPRING                                                    
    1UMAT   67SPRING                                                    
    1UMAT   68SPRING                                                    
    1UMAT   69SPRING                                                    
    1UMAT   70SPRING                                                    
    1UMAT   71SPRING                                                    
    1UMAT   72SPRING                                                    
    1UMAT   73SPRING                                                    
    1UMAT   74SPRING                                                    
    1UMAT   75SPRING                                                    
    1UMAT   76SPRING                                                    
    1UMAT   77SPRING                                                    
    1UMAT   78SPRING                                                    
    1UMAT   79SPRING                                                    
    1UMAT   80SPRING                                                    
    1UMAT   81SPRING                                                    
    1UMAT   82SPRING                                                    
    1UMAT   83SPRING                                                    
    1UMAT   84SPRING                                                    
    1UMAT   85SPRING                                                    
    1UMAT   86SPRING                                                    
    1UMAT   87SPRING                                                    
    1UMAT   88SPRING                                                    
    1UMAT   89SPRING                                                    
    1UMAT   90SPRING                                                    
    1UMAT   91SPRING                                                    
    1UMAT   92SPRING                                                    
    1UMAT   93SPRING                                                    
    1UMAT   94SPRING                                                    
    1UMAT   95SPRING                                                    
    1UMAT   96SPRING                                                    
    1UMAT   97SPRING                                                    
    1UMAT   98SPRING                                                    
    1UMAT   99SPRING                                                    
    1UMAT  100SPRING                                                    
    1UMAT  101SPRING                                                    
    1UMAT  102SPRING                                                    
    1UMAT  103SPRING                                                    
    1UMAT  104SPRING                                                    
    1UMAT  105SPRING                                                    
    1UMAT  106SPRING                                                    
    1UMAT  107SPRING                                                    
    1UMAT  108SPRING                                                    
    1UMAT  109SPRING                                                    
    1UMAT  110SPRING                                                    
    1UMAT  111SPRING                                                    
    1UMAT  112SPRING                                                    
    1UMAT  113SPRING                                                    
    1UMAT  114SPRING                                                    
    1UMAT  115SPRING                                                    
    1UMAT  116SPRING                                                    
    1UMAT  117SPRING                                                    
    1UMAT  118SPRING                                                    
    1UMAT  119SPRING                                                    
    1UMAT  120SPRING                                                    
    1UMAT  121SPRING                                                    
    1UMAT  122SPRING                                                    
    1UMAT  123SPRING                                                    
    1UMAT  124SPRING                                                    
    1UMAT  125SPRING                                                    
    1UMAT  126SPRING                                                    
    1UMAT  127SPRING                                                    
    1UMAT  128SPRING                                                    
    1UMAT  129SPRING                                                    
    1UMAT  130SPRING                                                    
    1UMAT  131SPRING                                                    
    1UMAT  132SPRING                                                    
    1UMAT  133SPRING                                                    
    1UMAT  134SPRING                                                    
    1UMAT  135SPRING                                                    
    1UMAT  136SPRING                                                    
    1UMAT  137SPRING                                                    
    1UMAT  138SPRING                                                    
    1UMAT  139SPRING                                                    
    1UMAT  140SPRING                                                    
    1UMAT  141SPRING                                                    
    1UMAT  142SPRING                                                    
    1UMAT  143SPRING                                                    
    1UMAT  144SPRING                                                    
    1UMAT  145SPRING                                                    
    1UMAT  146SPRING                                                    
    1UMAT  147SPRING                                                    
    1UMAT  148SPRING                                                    
    1UMAT  149SPRING                                                    
    1UMAT  150SPRING                                                    
    1UMAT  151SPRING                                                    
    1UMAT  152SPRING                                                    
    1UMAT  153SPRING                                                    
    1UMAT  154SPRING                                                    
    1UMAT  155SPRING                                                    
    1UMAT  156SPRING                                                    
    1UMAT  157SPRING                                                    
    1UMAT  158SPRING                                                    
    1UMAT  159SPRING                                                    
    1UMAT  160SPRING                                                    
    1UMAT  161SPRING                                                    
    1UMAT  162SPRING                                                    
    1UMAT  163SPRING                                                    
    1UMAT  164SPRING                                                    
    1UMAT  165SPRING                                                    
    1UMAT  166SPRING                                                    
    1UMAT  167SPRING                                                    
    1UMAT  168SPRING                                                    
    1UMAT  169SPRING                                                    
    1UMAT  170SPRING                                                    
    1UMAT  171SPRING                                                    
    1UMAT  172SPRING                                                    
    1UMAT  173SPRING                                                    
    1UMAT  174SPRING                                                    
    1UMAT  175SPRING                                                    
    1UMAT  176SPRING                                                    
    1UMAT  177SPRING                                                    
    1UMAT  178SPRING                                                    
    1UMAT  179SPRING                                                    
    1UMAT  180SPRING                                                    
    1UMAT  181SPRING                                                    
    1UMAT  182SPRING                                                    
    1UMAT  183SPRING                                                    
    1UMAT  184SPRING                                                    
    1UMAT  185SPRING                                                    
    1UMAT  186SPRING                                                    
    1UMAT  187SPRING                                                    
    1UMAT  188SPRING                                                    
    1UMAT  189SPRING                                                    
    1UMAT  190SPRING                                                    
    1UMAT  191SPRING                                                    
    1UMAT  192SPRING                                                    
    1UMAT  193SPRING                                                    
    1UMAT  194SPRING                                                    
    1UMAT  195SPRING                                                    
    1UMAT  196SPRING                                                    
    1UMAT  197SPRING                                                    
    1UMAT  198SPRING                                                    
    1UMAT  199SPRING                                                    
    1UMAT  200SPRING                                                    
    1UMAT  201SPRING                                                    
    1UMAT  202SPRING                                                    
    1UMAT  203SPRING                                                    
    1UMAT  204SPRING                                                    
    1UMAT  205SPRING                                                    
    1UMAT  206SPRING                                                    
    1UMAT  207SPRING                                                    
    1UMAT  208SPRING                                                    
    1UMAT  209SPRING                                                    
    1UMAT  210SPRING                                                    
    1UMAT  211SPRING                                                    
    1UMAT  212SPRING                                                    
    1UMAT  213SPRING                                                    
    1UMAT  214SPRING                                                    
    1UMAT  215SPRING                                                    
    1UMAT  216SPRING                                                    
    1UMAT  217SPRING                                                    
    1UMAT  218SPRING                                                    
    1UMAT  219SPRING                                                    
    1UMAT  220SPRING                                                    
    1UMAT  221SPRING                                                    
    1UMAT  222SPRING                                                    
    1UMAT  223SPRING                                                    
    1UMAT  224SPRING                                                    
    1UMAT  225SPRING                                                    
    1UMAT  226SPRING                                                    
    1UMAT  227SPRING                                                    
    1UMAT  228SPRING                                                    
    1UMAT  229SPRING                                                    
    1UMAT  230SPRING                                                    
    1UMAT  231SPRING                                                    
    1UMAT  232SPRING                                                    
    1UMAT  233SPRING                                                    
    1UMAT  234SPRING                                                    
    1UMAT  235SPRING                                                    
    1UMAT  236SPRING                                                    
    1UMAT  237SPRING                                                    
    1UMAT  238SPRING                                                    
    1UMAT  239SPRING                                                    
    1UMAT  240SPRING                                                    
    1UMAT  241SPRING                                                    
    1UMAT  242SPRING                                                    
    1UMAT  243SPRING                                                    
    1UMAT  244SPRING                                                    
    1UMAT  245SPRING                                                    
    1UMAT  246SPRING                                                    
    1UMAT  247SPRING                                                    
    1UMAT  248SPRING                                                    
    1UMAT  249SPRING                                                    
    1UMAT  250SPRING                                                    
    1UMAT  251SPRING                                                    
    1UMAT  252SPRING                                                    
    1UMAT  253SPRING                                                    
    1UMAT  254SPRING                                                    
    1UMAT  255SPRING                                                    
    1UMAT  256SPRING                                                    
    1UMAT  257SPRING                                                    
    1UMAT  258SPRING                                                    
    1UMAT  259SPRING                                                    
    1UMAT  260SPRING                                                    
    1UMAT  261SPRING                                                    
    1UMAT  262SPRING                                                    
    1UMAT  263SPRING                                                    
    1UMAT  264SPRING                                                    
    1UMAT  265SPRING                                                    
    1UMAT  266SPRING                                                    
    1UMAT  267SPRING                                                    
    1UMAT  268SPRING                                                    
    1UMAT  269SPRING                                                    
    1UMAT  270SPRING                                                    
    1UMAT  271SPRING                                                    
    1UMAT  272SPRING                                                    
    1UMAT  273SPRING                                                    
    1UMAT  274SPRING                                                    
    1UMAT  275SPRING                                                    
    1UMAT  276SPRING                                                    
    1UMAT  277SPRING                                                    
    1UMAT  278SPRING                                                    
    1UMAT  279SPRING                                                    
    1UMAT  280SPRING                                                    
    1UMAT  281SPRING                                                    
    1UMAT  282SPRING                                                    
    1UMAT  283SPRING                                                    
    1UMAT  284SPRING                                                    
    1UMAT  285SPRING                                                    
    1UMAT  286SPRING                                                    
    1UMAT  287SPRING                                                    
    1UMAT  288SPRING                                                    
    1UMAT  289SPRING                                                    
    1UMAT  290SPRING                                                    
    1UMAT  291SPRING                                                    
    1UMAT  292SPRING                                                    
    1UMAT  293SPRING                                                    
    1UMAT  294SPRING                                                    
    1UMAT  295SPRING                                                    
    1UMAT  296SPRING                                                    
    1UMAT  297SPRING                                                    
    1UMAT  298SPRING                                                    
    1UMAT  299SPRING                                                    
    1UMAT  300SPRING                                                    
    1UMAT  301SPRING                                                    
    1UMAT  302SPRING                                                    
    1UMAT  303SPRING                                                    
    1UMAT  304SPRING                                                    
    1UMAT  305SPRING                                                    
    1UMAT  306SPRING                                                    
    1UMAT  307SPRING                                                    
    1UMAT  308SPRING                                                    
    1UMAT  309SPRING                                                    
    1UMAT  310SPRING                                                    
    1UMAT  311SPRING                                                    
    1UMAT  312SPRING                                                    
    1UMAT  313SPRING                                                    
    1UMAT  314SPRING                                                    
    1UMAT  315SPRING                                                    
    1UMAT  316SPRING                                                    
    1UMAT  317SPRING                                                    
    1UMAT  318SPRING                                                    
    1UMAT  319SPRING                                                    
    1UMAT  320SPRING                                                    
    1UMAT  321SPRING                                                    
    1UMAT  322SPRING                                                    
    1UMAT  323SPRING                                                    
    1UMAT  324SPRING                                                    
    1UMAT  325SPRING                                                    
    1UMAT  326SPRING                                                    
    1UMAT  327SPRING                                                    
    1UMAT  328SPRING                                                    
    1UMAT  329SPRING                                                    
    1UMAT  330SPRING                                                    
    1UMAT  331SPRING                                                    
    1UMAT  332SPRING                                                    
    1UMAT  333SPRING                                                    
    1UMAT  334SPRING                                                    
    1UMAT  335SPRING                                                    
    1UMAT  336SPRING                                                    
    1UMAT  337SPRING                                                    
    1UMAT  338SPRING                                                    
    1UMAT  339SPRING                                                    
    1UMAT  340SPRING                                                    
    1UMAT  341SPRING                                                    
    1UMAT  342SPRING                                                    
    1UMAT  343SPRING                                                    
    1UMAT  344SPRING                                                    
    1UMAT  345SPRING                                                    
    1UMAT  346SPRING                                                    
    1UMAT  347SPRING                                                    
    1UMAT  348SPRING                                                    
    1UMAT  349SPRING                                                    
    1UMAT  350SPRING                                                    
    1UMAT  351SPRING                                                    
    1UMAT  352SPRING                                                    
    1UMAT  353SPRING                                                    
    1UMAT  354SPRING                                                    
    1UMAT  355SPRING                                                    
    1UMAT  356SPRING                                                    
    1UMAT  357SPRING                                                    
    1UMAT  358SPRING                                                    
    1UMAT  359SPRING                                                    
    1UMAT  360SPRING                                                    
    1UMAT  361SPRING                                                    
    1UMAT  362SPRING                                                    
    1UMAT  363SPRING                                                    
    1UMAT  364SPRING                                                    
    1UMAT  365SPRING                                                    
    1UMAT  366SPRING                                                    
    1UMAT  367SPRING                                                    
    1UMAT  368SPRING                                                    
    1UMAT  369SPRING                                                    
    1UMAT  370SPRING                                                    
    1UMAT  371SPRING                                                    
    1UMAT  372SPRING                                                    
    1UMAT  373SPRING                                                    
    1UMAT  374SPRING                                                    
    1UMAT  375SPRING                                                    
    1UMAT  376SPRING                                                    
    1UMAT  377SPRING                                                    
    1UMAT  378SPRING                                                    
    1UMAT  379SPRING                                                    
    1UMAT  380SPRING                                                    
    1UMAT  381SPRING                                                    
    1UMAT  382SPRING                                                    
    1UMAT  383SPRING                                                    
    1UMAT  384SPRING                                                    
    1UMAT  385SPRING                                                    
    1UMAT  386SPRING                                                    
    1UMAT  387SPRING                                                    
    1UMAT  388SPRING                                                    
    1UMAT  389SPRING                                                    
    1UMAT  390SPRING                                                    
    1UMAT  391SPRING                                                    
    1UMAT  392SPRING                                                    
    1UMAT  393SPRING                                                    
    1UMAT  394SPRING                                                    
    1UMAT  395SPRING                                                    
    1UMAT  396SPRING                                                    
    1UMAT  397SPRING                                                    
    1UMAT  398SPRING                                                    
    1UMAT  399SPRING                                                    
    1UMAT  400SPRING                                                    
    1UMAT  401SPRING                                                    
    1UMAT  402SPRING                                                    
    1UMAT  403SPRING                                                    
    1UMAT  404SPRING                                                    
    1UMAT  405SPRING                                                    
    1UMAT  406SPRING                                                    
    1UMAT  407SPRING                                                    
    1UMAT  408SPRING                                                    
    1UMAT  409SPRING                                                    
    1UMAT  410SPRING                                                    
    1UMAT  411SPRING                                                    
    1UMAT  412SPRING                                                    
    1UMAT  413SPRING                                                    
    1UMAT  414SPRING                                                    
    1UMAT  415SPRING                                                    
    1UMAT  416SPRING                                                    
    1UMAT  417SPRING                                                    
    1UMAT  418SPRING                                                    
    1UMAT  419SPRING                                                    
    1UMAT  420SPRING                                                    
    1UMAT  421SPRING                                                    
    1UMAT  422SPRING                                                    
    1UMAT  423SPRING                                                    
    1UMAT  424SPRING                                                    
    1UMAT  425SPRING                                                    
    1UMAT  426SPRING                                                    
    1UMAT  427SPRING                                                    
    1UMAT  428SPRING                                                    
    1UMAT  429SPRING                                                    
    1UMAT  430SPRING                                                    
    1UMAT  431SPRING                                                    
    1UMAT  432SPRING                                                    
    1UMAT  433SPRING                                                    
    1UMAT  434SPRING                                                    
    1UMAT  435SPRING                                                    
    1UMAT  436SPRING                                                    
    1UMAT  437SPRING                                                    
    1UMAT  438SPRING                                                    
    1UMAT  439SPRING                                                    
    1UMAT  440SPRING                                                    
    1UMAT  441SPRING                                                    
    1UMAT  442SPRING                                                    
    1UMAT  443SPRING                                                    
    1UMAT  444SPRING                                                    
    1UMAT  445SPRING                                                    
    1UMAT  446SPRING                                                    
    1UMAT  447SPRING                                                    
    1UMAT  448SPRING                                                    
    1UMAT  449SPRING                                                    
    1UMAT  450SPRING                                                    
    1UMAT  451SPRING                                                    
    1UMAT  452SPRING                                                    
    1UMAT  453SPRING                                                    
    1UMAT  454SPRING                                                    
    1UMAT  455SPRING                                                    
    1UMAT  456SPRING                                                    
    1UMAT  457SPRING                                                    
    1UMAT  458SPRING                                                    
    1UMAT  459SPRING                                                    
    1UMAT  460SPRING                                                    
    1UMAT  461SPRING                                                    
    1UMAT  462SPRING                                                    
    1UMAT  463SPRING                                                    
    1UMAT  464SPRING                                                    
    1UMAT  465SPRING                                                    
    1UMAT  466SPRING                                                    
    1UMAT  467SPRING                                                    
    1UMAT  468SPRING                                                    
    1UMAT  469SPRING                                                    
    1UMAT  470SPRING                                                    
    1UMAT  471SPRING                                                    
    1UMAT  472SPRING                                                    
    1UMAT  473SPRING                                                    
    1UMAT  474SPRING                                                    
    1UMAT  475SPRING                                                    
    1UMAT  476SPRING                                                    
    1UMAT  477SPRING                                                    
    1UMAT  478SPRING                                                    
    1UMAT  479SPRING                                                    
    1UMAT  480SPRING                                                    
    1UMAT  481SPRING                                                    
    1UMAT  482SPRING                                                    
    1UMAT  483SPRING                                                    
    1UMAT  484SPRING                                                    
    1UMAT  485SPRING                                                    
    1UMAT  486SPRING                                                    
    1UMAT  487SPRING                                                    
    1UMAT  488SPRING                                                    
    1UMAT  489SPRING                                                    
    1UMAT  490SPRING                                                    
    1UMAT  491SPRING                                                    
    1UMAT  492SPRING                                                    
    1UMAT  493SPRING                                                    
    1UMAT  494SPRING                                                    
    1UMAT  495SPRING                                                    
    1UMAT  496SPRING                                                    
    1UMAT  497SPRING                                                    
    1UMAT  498SPRING                                                    
    1UMAT  499SPRING                                                    
    1UMAT  500SPRING                                                    
    1UMAT  501SPRING                                                    
    1UMAT  502SPRING                                                    
    1UMAT  503SPRING                                                    
    1UMAT  504SPRING                                                    
    1UMAT  505SPRING                                                    
    1UMAT  506SPRING                                                    
    1UMAT  507SPRING                                                    
    1UMAT  508SPRING                                                    
    1UMAT  509SPRING                                                    
    1UMAT  510SPRING                                                    
    1UMAT  511SPRING                                                    
    1UMAT  512SPRING                                                    
    1UMAT  513SPRING                                                    
    1UMAT  514SPRING                                                    
    1UMAT  515SPRING                                                    
    1UMAT  516SPRING                                                    
    1UMAT  517SPRING                                                    
    1UMAT  518SPRING                                                    
    1UMAT  519SPRING                                                    
    1UMAT  520SPRING                                                    
    1UMAT  521SPRING                                                    
    1UMAT  522SPRING                                                    
    1UMAT  523SPRING                                                    
    1UMAT  524SPRING                                                    
    1UMAT  525SPRING                                                    
    1UMAT  526SPRING                                                    
    1UMAT  527SPRING                                                    
    1UMAT  528SPRING                                                    
    1UMAT  529SPRING                                                    
    1UMAT  530SPRING                                                    
    1UMAT  531SPRING                                                    
    1UMAT  532SPRING                                                    
    1UMAT  533SPRING                                                    
    1UMAT  534SPRING                                                    
    1UMAT  535SPRING                                                    
    1UMAT  536SPRING                                                    
    1UMAT  537SPRING                                                    
    1UMAT  538SPRING                                                    
    1UMAT  539SPRING                                                    
    1UMAT  540SPRING                                                    
    1UMAT  541SPRING                                                    
    1UMAT  542SPRING                                                    
    1UMAT  543SPRING                                                    
    1UMAT  544SPRING                                                    
    1UMAT  545SPRING                                                    
    1UMAT  546SPRING                                                    
    1UMAT  547SPRING                                                    
    1UMAT  548SPRING                                                    
    1UMAT  549SPRING                                                    
    1UMAT  550SPRING                                                    
    1UMAT  551SPRING                                                    
    1UMAT  552SPRING                                                    
    1UMAT  553SPRING                                                    
    1UMAT  554SPRING                                                    
    1UMAT  555SPRING                                                    
    1UMAT  556SPRING                                                    
    1UMAT  557SPRING                                                    
    1UMAT  558SPRING                                                    
    1UMAT  559SPRING                                                    
    1UMAT  560SPRING                                                    
    1UMAT  561SPRING                                                    
    1UMAT  562SPRING                                                    
    1UMAT  563SPRING                                                    
    1UMAT  564SPRING                                                    
    1UMAT  565SPRING                                                    
    1UMAT  566SPRING                                                    
    1UMAT  567SPRING                                                    
    1UMAT  568SPRING                                                    
    1UMAT  569SPRING                                                    
    1UMAT  570SPRING                                                    
    1UMAT  571SPRING                                                    
    1UMAT  572SPRING                                                    
    1UMAT  573SPRING                                                    
    1UMAT  574SPRING                                                    
    1UMAT  575SPRING                                                    
    1UMAT  576SPRING                                                    
    1UMAT  577SPRING                                                    
    1UMAT  578SPRING                                                    
    1UMAT  579SPRING                                                    
    1UMAT  580SPRING                                                    
    1UMAT  581SPRING                                                    
    1UMAT  582SPRING                                                    
    1UMAT  583SPRING                                                    
    1UMAT  584SPRING                                                    
    1UMAT  585SPRING                                                    
    1UMAT  586SPRING                                                    
    1UMAT  587SPRING                                                    
    1UMAT  588SPRING                                                    
    1UMAT  589SPRING                                                    
    1UMAT  590SPRING                                                    
    1UMAT  591SPRING                                                    
    1UMAT  592SPRING                                                    
    1UMAT  593SPRING                                                    
    1UMAT  594SPRING                                                    
    1UMAT  595SPRING                                                    
    1UMAT  596SPRING                                                    
    1UMAT  597SPRING                                                    
    1UMAT  598SPRING                                                    
    1UMAT  599SPRING                                                    
    1UMAT  600SPRING                                                    
    1UMAT  601SPRING                                                    
    1UMAT  602SPRING                                                    
    1UMAT  603SPRING                                                    
    1UMAT  604SPRING                                                    
    1UMAT  605SPRING                                                    
    1UMAT  606SPRING                                                    
    1UMAT  607SPRING                                                    
    1UMAT  608SPRING                                                    
    1UMAT  609SPRING                                                    
    1UMAT  610SPRING                                                    
    1UMAT  611SPRING                                                    
    1UMAT  612SPRING                                                    
    1UMAT  613SPRING                                                    
    1UMAT  614SPRING                                                    
    1UMAT  615SPRING                                                    
    1UMAT  616SPRING                                                    
    1UMAT  617SPRING                                                    
    1UMAT  618SPRING                                                    
    1UMAT  619SPRING                                                    
    1UMAT  620SPRING                                                    
    1UMAT  621SPRING                                                    
    1UMAT  622SPRING                                                    
    1UMAT  623SPRING                                                    
    1UMAT  624SPRING                                                    
    1UMAT  625SPRING                                                    
    1UMAT  626SPRING                                                    
    1UMAT  627SPRING                                                    
    1UMAT  628SPRING                                                    
    1UMAT  629SPRING                                                    
    1UMAT  630SPRING                                                    
    1UMAT  631SPRING                                                    
    1UMAT  632SPRING                                                    
    1UMAT  633SPRING                                                    
    1UMAT  634SPRING                                                    
    1UMAT  635SPRING                                                    
    1UMAT  636SPRING                                                    
    1UMAT  637SPRING                                                    
    1UMAT  638SPRING                                                    
    1UMAT  639SPRING                                                    
    1UMAT  640SPRING                                                    
    1UMAT  641SPRING                                                    
    1UMAT  642SPRING                                                    
    1UMAT  643SPRING                                                    
    1UMAT  644SPRING                                                    
    1UMAT  645SPRING                                                    
    1UMAT  646SPRING                                                    
    1UMAT  647SPRING                                                    
    1UMAT  648SPRING                                                    
    1UMAT  649SPRING                                                    
    1UMAT  650SPRING                                                    
    1UMAT  651SPRING                                                    
    1UMAT  652SPRING                                                    
    1UMAT  653SPRING                                                    
    1UMAT  654SPRING                                                    
    1UMAT  655SPRING                                                    
    1UMAT  656SPRING                                                    
    1UMAT  657SPRING                                                    
    1UMAT  658SPRING                                                    
    1UMAT  659SPRING                                                    
    1UMAT  660SPRING                                                    
    1UMAT  661SPRING                                                    
    1UMAT  662SPRING                                                    
    1UMAT  663SPRING                                                    
    1UMAT  664SPRING                                                    
    1UMAT  665SPRING                                                    
    1UMAT  666SPRING                                                    
    1UMAT  667SPRING                                                    
    1UMAT  668SPRING                                                    
    1UMAT  669SPRING                                                    
    1UMAT  670SPRING                                                    
    1UMAT  671SPRING                                                    
    1UMAT  672SPRING                                                    
    1UMAT  673SPRING                                                    
    1UMAT  674SPRING                                                    
    1UMAT  675SPRING                                                    
    1UMAT  676SPRING                                                    
    1UMAT  677SPRING                                                    
    1UMAT  678SPRING                                                    
    1UMAT  679SPRING                                                    
    1UMAT  680SPRING                                                    
    1UMAT  681SPRING                                                    
    1UMAT  682SPRING                                                    
    1UMAT  683SPRING                                                    
    1UMAT  684SPRING                                                    
    1UMAT  685SPRING                                                    
    1UMAT  686SPRING                                                    
    1UMAT  687SPRING                                                    
    1UMAT  688SPRING                                                    
    1UMAT  689SPRING                                                    
    1UMAT  690SPRING                                                    
    1UMAT  691SPRING                                                    
    1UMAT  692SPRING                                                    
    1UMAT  693SPRING                                                    
    1UMAT  694SPRING                                                    
    1UMAT  695SPRING                                                    
    1UMAT  696SPRING                                                    
    1UMAT  697SPRING                                                    
    1UMAT  698SPRING                                                    
    1UMAT  699SPRING                                                    
    1UMAT  700SPRING                                                    
    1UMAT  701SPRING                                                    
    1UMAT  702SPRING                                                    
    1UMAT  703SPRING                                                    
    1UMAT  704SPRING                                                    
    1UMAT  705SPRING                                                    
    1UMAT  706SPRING                                                    
    1UMAT  707SPRING                                                    
    1UMAT  708SPRING                                                    
    1UMAT  709SPRING                                                    
    1UMAT  710SPRING                                                    
    1UMAT  711SPRING                                                    
    1UMAT  712SPRING                                                    
    1UMAT  713SPRING                                                    
    1UMAT  714SPRING                                                    
    1UMAT  715SPRING                                                    
    1UMAT  716SPRING                                                    
    1UMAT  717SPRING                                                    
    1UMAT  718SPRING                                                    
    1UMAT  719SPRING                                                    
    1UMAT  720SPRING                                                    
    1UMAT  721SPRING                                                    
    1UMAT  722SPRING                                                    
    1UMAT  723SPRING                                                    
    1UMAT  724SPRING                                                    
    1UMAT  725SPRING                                                    
    1UMAT  726SPRING                                                    
    1UMAT  727SPRING                                                    
    1UMAT  728SPRING                                                    
    1UMAT  729SPRING                                                    
    1UMAT  730SPRING                                                    
    1UMAT  731SPRING                                                    
    1UMAT  732SPRING                                                    
    1UMAT  733SPRING                                                    
    1UMAT  734SPRING                                                    
    1UMAT  735SPRING                                                    
    1UMAT  736SPRING                                                    
    1UMAT  737SPRING                                                    
    1UMAT  738SPRING                                                    
    1UMAT  739SPRING                                                    
    1UMAT  740SPRING                                                    
    1UMAT  741SPRING                                                    
    1UMAT  742SPRING                                                    
    1UMAT  743SPRING                                                    
    1UMAT  744SPRING                                                    
    1UMAT  745SPRING                                                    
    1UMAT  746SPRING                                                    
    1UMAT  747SPRING                                                    
    1UMAT  748SPRING                                                    
    1UMAT  749SPRING                                                    
    1UMAT  750SPRING                                                    
    1UMAT  751SPRING                                                    
    1UMAT  752SPRING                                                    
    1UMAT  753SPRING                                                    
    1UMAT  754SPRING                                                    
    1UMAT  755SPRING                                                    
    1UMAT  756SPRING                                                    
    1UMAT  757SPRING                                                    
    1UMAT  758SPRING                                                    
    1UMAT  759SPRING                                                    
    1UMAT  760SPRING                                                    
    1UMAT  761SPRING                                                    
    1UMAT  762SPRING                                                    
    1UMAT  763SPRING                                                    
    1UMAT  764SPRING                                                    
    1UMAT  765SPRING                                                    
    1UMAT  766SPRING                                                    
    1UMAT  767SPRING                                                    
    1UMAT  768SPRING                                                    
    1UMAT  769SPRING                                                    
    1UMAT  770SPRING                                                    
    1UMAT  771SPRING                                                    
    1UMAT  772SPRING                                                    
    1UMAT  773SPRING                                                    
    1UMAT  774SPRING                                                    
    1UMAT  775SPRING                                                    
    1UMAT  776SPRING                                                    
    1UMAT  777SPRING                                                    
    1UMAT  778SPRING                                                    
    1UMAT  779SPRING                                                    
    1UMAT  780SPRING                                                    
    1UMAT  781SPRING                                                    
    1UMAT  782SPRING                                                    
    1UMAT  783SPRING                                                    
    1UMAT  784SPRING                                                    
    1UMAT  785SPRING                                                    
    1UMAT  786SPRING                                                    
    1UMAT  787SPRING                                                    
    1UMAT  788SPRING                                                    
    1UMAT  789SPRING                                                    
    1UMAT  790SPRING                                                    
    1UMAT  791SPRING                                                    
    1UMAT  792SPRING                                                    
    1UMAT  793SPRING                                                    
    1UMAT  794SPRING                                                    
    1UMAT  795SPRING                                                    
    1UMAT  796SPRING                                                    
    1UMAT  797SPRING                                                    
    1UMAT  798SPRING                                                    
    1UMAT  799SPRING                                                    
    1UMAT  800SPRING                                                    
    1UMAT  801SPRING                                                    
    1UMAT  802SPRING                                                    
    1UMAT  803SPRING                                                    
    1UMAT  804SPRING                                                    
    1UMAT  805SPRING                                                    
    1UMAT  806SPRING                                                    
    1UMAT  807SPRING                                                    
    1UMAT  808SPRING                                                    
    1UMAT  809SPRING                                                    
    1UMAT  810SPRING                                                    
    1UMAT  811SPRING                                                    
    1UMAT  812SPRING                                                    
    1UMAT  813SPRING                                                    
    1UMAT  814SPRING                                                    
    1UMAT  815SPRING                                                    
    1UMAT  816SPRING                                                    
    1UMAT  817SPRING                                                    
    1UMAT  818SPRING                                                    
    1UMAT  819SPRING                                                    
    1UMAT  820SPRING                                                    
    1UMAT  821SPRING                                                    
    1UMAT  822SPRING                                                    
    1UMAT  823SPRING                                                    
    1UMAT  824SPRING                                                    
    1UMAT  825SPRING                                                    
    1UMAT  826SPRING                                                    
    1UMAT  827SPRING                                                    
    1UMAT  828SPRING                                                    
    1UMAT  829SPRING                                                    
    1UMAT  830SPRING                                                    
    1UMAT  831SPRING                                                    
    1UMAT  832SPRING                                                    
    1UMAT  833SPRING                                                    
    1UMAT  834SPRING                                                    
    1UMAT  835SPRING                                                    
    1UMAT  836SPRING                                                    
    1UMAT  837SPRING                                                    
    1UMAT  838SPRING                                                    
    1UMAT  839SPRING                                                    
    1UMAT  840SPRING                                                    
    1UMAT  841SPRING                                                    
    1UMAT  842SPRING                                                    
    1UMAT  843SPRING                                                    
    1UMAT  844SPRING                                                    
    1UMAT  845SPRING                                                    
    1UMAT  846SPRING                                                    
    1UMAT  847SPRING                                                    
    1UMAT  848SPRING                                                    
    1UMAT  849SPRING                                                    
    1UMAT  850SPRING                                                    
    1UMAT  851SPRING                                                    
    1UMAT  852SPRING                                                    
    1UMAT  853SPRING                                                    
    1UMAT  854SPRING                                                    
    1UMAT  855SPRING                                                    
    1UMAT  856SPRING                                                    
    1UMAT  857SPRING                                                    
    1UMAT  858SPRING                                                    
    1UMAT  859SPRING                                                    
    1UMAT  860SPRING                                                    
    1UMAT  861SPRING                                                    
    1UMAT  862SPRING                                                    
    1UMAT  863SPRING                                                    
    1UMAT  864SPRING                                                    
    1UMAT  865SPRING                                                    
    1UMAT  866SPRING                                                    
    1UMAT  867SPRING                                                    
    1UMAT  868SPRING                                                    
    1UMAT  869SPRING                                                    
    1UMAT  870SPRING                                                    
    1UMAT  871SPRING                                                    
    1UMAT  872SPRING                                                    
    1UMAT  873SPRING                                                    
    1UMAT  874SPRING                                                    
    1UMAT  875SPRING                                                    
    1UMAT  876SPRING                                                    
    1UMAT  877SPRING                                                    
    1UMAT  878SPRING                                                    
    1UMAT  879SPRING                                                    
    1UMAT  880SPRING                                                    
    1UMAT  881SPRING                                                    
    1UMAT  882SPRING                                                    
    1UMAT  883SPRING                                                    
    1UMAT  884SPRING                                                    
    1UMAT  885SPRING                                                    
    1UMAT  886SPRING                                                    
    1UMAT  887SPRING                                                    
    1UMAT  888SPRING                                                    
    1UMAT  889SPRING                                                    
    1UMAT  890SPRING                                                    
    1UMAT  891SPRING                                                    
    1UMAT  892SPRING                                                    
    1UMAT  893SPRING                                                    
    1UMAT  894SPRING                                                    
    1UMAT  895SPRING                                                    
    1UMAT  896SPRING                                                    
    1UMAT  897SPRING                                                    
    1UMAT  898SPRING                                                    
    1UMAT  899SPRING                                                    
    1UMAT  900SPRING                                                    
    1UMAT  901SPRING                                                    
    1UMAT  902SPRING                                                    
    1UMAT  903SPRING                                                    
    1UMAT  904SPRING                                                    
    1UMAT  905SPRING                                                    
    1UMAT  906SPRING                                                    
    1UMAT  907SPRING                                                    
    1UMAT  908SPRING                                                    
    1UMAT  909SPRING                                                    
    1UMAT  910SPRING                                                    
    1UMAT  911SPRING                                                    
    1UMAT  912SPRING                                                    
    1UMAT  913SPRING                                                    
    1UMAT  914SPRING                                                    
    1UMAT  915SPRING                                                    
    1UMAT  916SPRING                                                    
    1UMAT  917SPRING                                                    
    1UMAT  918SPRING                                                    
    1UMAT  919SPRING                                                    
    1UMAT  920SPRING                                                    
    1UMAT  921SPRING                                                    
    1UMAT  922SPRING                                                    
    1UMAT  923SPRING                                                    
    1UMAT  924SPRING                                                    
    1UMAT  925SPRING                                                    
    1UMAT  926SPRING                                                    
    1UMAT  927SPRING                                                    
    1UMAT  928SPRING                                                    
    1UMAT  929SPRING                                                    
    1UMAT  930SPRING                                                    
    1UMAT  931SPRING                                                    
    1UMAT  932SPRING                                                    
    1UMAT  933SPRING                                                    
    1UMAT  934SPRING                                                    
    1UMAT  935SPRING                                                    
    1UMAT  936SPRING                                                    
    1UMAT  937SPRING                                                    
    1UMAT  938SPRING                                                    
    1UMAT  939SPRING                                                    
    1UMAT  940SPRING                                                    
    1UMAT  941SPRING                                                    
    1UMAT  942SPRING                                                    
    1UMAT  943SPRING                                                    
    1UMAT  944SPRING                                                    
    1UMAT  945SPRING                                                    
    1UMAT  946SPRING                                                    
    1UMAT  947SPRING                                                    
    1UMAT  948SPRING                                                    
    1UMAT  949SPRING                                                    
    1UMAT  950SPRING                                                    
    1UMAT  951SPRING                                                    
    1UMAT  952SPRING                                                    
    1UMAT  953SPRING                                                    
    1UMAT  954SPRING                                                    
    1UMAT  955SPRING                                                    
    1UMAT  956SPRING                                                    
    1UMAT  957SPRING                                                    
    1UMAT  958SPRING                                                    
    1UMAT  959SPRING                                                    
    1UMAT  960SPRING                                                    
    1UMAT  961SPRING                                                    
    1UMAT  962SPRING                                                    
    1UMAT  963SPRING                                                    
    1UMAT  964SPRING                                                    
    1UMAT  965SPRING                                                    
    1UMAT  966SPRING                                                    
    1UMAT  967SPRING                                                    
    1UMAT  968SPRING                                                    
    1UMAT  969SPRING                                                    
    1UMAT  970SPRING                                                    
    1UMAT  971SPRING                                                    
    1UMAT  972SPRING                                                    
    1UMAT  973SPRING                                                    
    1UMAT  974SPRING                                                    
    1UMAT  975SPRING                                                    
    1UMAT  976SPRING                                                    
    1UMAT  977SPRING                                                    
    1UMAT  978SPRING                                                    
    1UMAT  979SPRING                                                    
    1UMAT  980SPRING                                                    
    1UMAT  981SPRING                                                    
    1UMAT  982SPRING                                                    
    1UMAT  983SPRING                                                    
    1UMAT  984SPRING                                                    
    1UMAT  985SPRING                                                    
    1UMAT  986SPRING                                                    
    1UMAT  987SPRING                                                    
    1UMAT  988SPRING                                                    
    1UMAT  989SPRING                                                    
    1UMAT  990SPRING                                                    
    1UMAT  991SPRING                                                    
    1UMAT  992SPRING                                                    
    1UMAT  993SPRING                                                    
    1UMAT  994SPRING                                                    
    1UMAT  995SPRING                                                    
    1UMAT  996SPRING                                                    
    1UMAT  997SPRING                                                    
    1UMAT  998SPRING                                                    
    1UMAT  999SPRING                                                    
    1UMAT 1000SPRING                                                    
    1UMAT 1001SPRING                                                    
    1UMAT 1002SPRING                                                    
    1UMAT 1003SPRING                                                    
    1UMAT 1004SPRING                                                    
    1UMAT 1005SPRING                                                    
    1UMAT 1006SPRING                                                    
    1UMAT 1007SPRING                                                    
    1UMAT 1008SPRING                                                    
    1UMAT 1009SPRING                                                    
    1UMAT 1010SPRING                                                    
    1UMAT 1011SPRING                                                    
    1UMAT 1012SPRING                                                    
    1UMAT 1013SPRING                                                    
    1UMAT 1014SPRING                                                    
    1UMAT 1015SPRING                                                    
    1UMAT 1016SPRING                                                    
    1UMAT 1017SPRING                                                    
    1UMAT 1018SPRING                                                    
    1UMAT 1019SPRING                                                    
    1UMAT 1020SPRING                                                    
    1UMAT 1021SPRING                                                    
    1UMAT 1022SPRING                                                    
    1UMAT 1023SPRING                                                    
    1UMAT 1024SPRING                                                    
    1UMAT 1025SPRING                                                    
    1UMAT 1026SPRING                                                    
    1UMAT 1027SPRING                                                    
    1UMAT 1028SPRING                                                    
    1UMAT 1029SPRING                                                    
    1UMAT 1030SPRING                                                    
    1UMAT 1031SPRING                                                    
    1UMAT 1032SPRING                                                    
    1UMAT 1033SPRING                                                    
    1UMAT 1034SPRING                                                    
    1UMAT 1035SPRING                                                    
    1UMAT 1036SPRING                                                    
    1UMAT 1037SPRING                                                    
    1UMAT 1038SPRING                                                    
    1UMAT 1039SPRING                                                    
    1UMAT 1040SPRING                                                    
    1UMAT 1041SPRING                                                    
    1UMAT 1042SPRING                                                    
    1UMAT 1043SPRING                                                    
    1UMAT 1044SPRING                                                    
    1UMAT 1045SPRING                                                    
    1UMAT 1046SPRING                                                    
    1UMAT 1047SPRING                                                    
    1UMAT 1048SPRING                                                    
    1UMAT 1049SPRING                                                    
    1UMAT 1050SPRING                                                    
    1UMAT 1051SPRING                                                    
    1UMAT 1052SPRING                                                    
    1UMAT 1053SPRING                                                    
    1UMAT 1054SPRING                                                    
    1UMAT 1055SPRING                                                    
    1UMAT 1056SPRING                                                    
    1UMAT 1057SPRING                                                    
    1UMAT 1058SPRING                                                    
    1UMAT 1059SPRING                                                    
    1UMAT 1060SPRING                                                    
    1UMAT 1061SPRING                                                    
    1UMAT 1062SPRING                                                    
    1UMAT 1063SPRING                                                    
    1UMAT 1064SPRING                                                    
    1UMAT 1065SPRING                                                    
    1UMAT 1066SPRING                                                    
    1UMAT 1067SPRING                                                    
    1UMAT 1068SPRING                                                    
    1UMAT 1069SPRING                                                    
    1UMAT 1070SPRING                                                    
    1UMAT 1071SPRING                                                    
    1UMAT 1072SPRING                                                    
    1UMAT 1073SPRING                                                    
    1UMAT 1074SPRING                                                    
    1UMAT 1075SPRING                                                    
    1UMAT 1076SPRING                                                    
    1UMAT 1077SPRING                                                    
    1UMAT 1078SPRING                                                    
    1UMAT 1079SPRING                                                    
    1UMAT 1080SPRING                                                    
    1UMAT 1081SPRING                                                    
    1UMAT 1082SPRING                                                    
    1UMAT 1083SPRING                                                    
    1UMAT 1084SPRING                                                    
    1UMAT 1085SPRING                                                    
    1UMAT 1086SPRING                                                    
    1UMAT 1087SPRING                                                    
    1UMAT 1088SPRING                                                    
    1UMAT 1089SPRING                                                    
    1UMAT 1090SPRING                                                    
    1UMAT 1091SPRING                                                    
    1UMAT 1092SPRING                                                    
    1UMAT 1093SPRING                                                    
    1UMAT 1094SPRING                                                    
    1UMAT 1095SPRING                                                    
    1UMAT 1096SPRING                                                    
    1UMAT 1097SPRING                                                    
    1UMAT 1098SPRING                                                    
    1UMAT 1099SPRING                                                    
    1UMAT 1100SPRING                                                    
    1UMAT 1101SPRING                                                    
    1UMAT 1102SPRING                                                    
    1UMAT 1103SPRING                                                    
    1UMAT 1104SPRING                                                    
    1UMAT 1105SPRING                                                    
    1UMAT 1106SPRING                                                    
    1UMAT 1107SPRING                                                    
    1UMAT 1108SPRING                                                    
    1UMAT 1109SPRING                                                    
    1UMAT 1110SPRING                                                    
    1UMAT 1111SPRING                                                    
    1UMAT 1112SPRING                                                    
    1UMAT 1113SPRING                                                    
    1UMAT 1114SPRING                                                    
    1UMAT 1115SPRING                                                    
    1UMAT 1116SPRING                                                    
    1UMAT 1117SPRING                                                    
    1UMAT 1118SPRING                                                    
    1UMAT 1119SPRING                                                    
    1UMAT 1120SPRING                                                    
    1UMAT 1121SPRING                                                    
    1UMAT 1122SPRING                                                    
    1UMAT 1123SPRING                                                    
    1UMAT 1124SPRING                                                    
    1UMAT 1125SPRING                                                    
    1UMAT 1126SPRING                                                    
    1UMAT 1127SPRING                                                    
    1UMAT 1128SPRING                                                    
    1UMAT 1129SPRING                                                    
    1UMAT 1130SPRING                                                    
    1UMAT 1131SPRING                                                    
    1UMAT 1132SPRING                                                    
    1UMAT 1133SPRING                                                    
    1UMAT 1134SPRING                                                    
    1UMAT 1135SPRING                                                    
    1UMAT 1136SPRING                                                    
    1UMAT 1137SPRING                                                    
    1UMAT 1138SPRING                                                    
    1UMAT 1139SPRING                                                    
    1UMAT 1140SPRING                                                    
    1UMAT 1141SPRING                                                    
    1UMAT 1142SPRING                                                    
    1UMAT 1143SPRING                                                    
    1UMAT 1144SPRING                                                    
    1UMAT 1145SPRING                                                    
    1UMAT 1146SPRING                                                    
    1UMAT 1147SPRING                                                    
    1UMAT 1148SPRING                                                    
    1UMAT 1149SPRING                                                    
    1UMAT 1150SPRING                                                    
    1UMAT 1151SPRING                                                    
    1UMAT 1152SPRING                                                    
    1UMAT 1153SPRING                                                    
    1UMAT 1154SPRING                                                    
    1UMAT 1155SPRING                                                    
    1UMAT 1156SPRING                                                    
    1UMAT 1157SPRING                                                    
    1UMAT 1158SPRING                                                    
    1UMAT 1159SPRING                                                    
    1UMAT 1160SPRING                                                    
    1UMAT 1161SPRING                                                    
    1UMAT 1162SPRING                                                    
    1UMAT 1163SPRING                                                    
    1UMAT 1164SPRING                                                    
    1UMAT 1165SPRING                                                    
    1UMAT 1166SPRING                                                    
    1UMAT 1167SPRING                                                    
    1UMAT 1168SPRING                                                    
    1UMAT 1169SPRING                                                    
    1UMAT 1170SPRING                                                    
    1UMAT 1171SPRING                                                    
    1UMAT 1172SPRING                                                    
    1UMAT 1173SPRING                                                    
    1UMAT 1174SPRING                                                    
    1UMAT 1175SPRING                                                    
    1UMAT 1176SPRING                                                    
    1UMAT 1177SPRING                                                    
    1UMAT 1178SPRING                                                    
    1UMAT 1179SPRING                                                    
    1UMAT 1180SPRING                                                    
    1UMAT 1181SPRING                                                    
    1UMAT 1182SPRING                                                    
    1UMAT 1183SPRING                                                    
    1UMAT 1184SPRING                                                    
    1UMAT 1185SPRING                                                    
    1UMAT 1186SPRING                                                    
    1UMAT 1187SPRING                                                    
    1UMAT 1188SPRING                                                    
    1UMAT 1189SPRING                                                    
    1UMAT 1190SPRING                                                    
    1UMAT 1191SPRING                                                    
    1UMAT 1192SPRING                                                    
    1UMAT 1193SPRING                                                    
    1UMAT 1194SPRING                                                    
    1UMAT 1195MASS                                                      
    1UMAT 1196MASS                                                      
    1UMAT 1197MASS                                                      
    1UMAT 1198MASS                                                      
    1UMAT 1199MASS                                                      
    1UMAT 1200MASS                                                      
    1UMAT 1201MASS                                                      
    1UMAT 1202MASS                                                      
    1UMAT 1203MASS                                                      
    1UMAT 1204MASS                                                      
    1UMAT 1205MASS                                                      
    1UMAT 1206MASS                                                      
    1UMAT 1207MASS                                                      
    1UMAT 1208MASS                                                      
    1UMAT 1209MASS                                                      
    1UMAT 1210MASS                                                      
    1UMAT 1211MASS                                                      
    1UMAT 1212MASS                                                      
    1UMAT 1213MASS                                                      
    1UMAT 1214MASS                                                      
    1UMAT 1215MASS                                                      
    1UMAT 1216MASS                                                      
    1UMAT 1217MASS                                                      
    1UMAT 1218MASS                                                      
    1UMAT 1219MASS                                                      
    1UMAT 1220MASS                                                      
    1UMAT 1221MASS                                                      
    1UMAT 1222MASS                                                      
    1UMAT 1223MASS                                                      
    1UMAT 1224MASS                                                      
    1UMAT 1225MASS                                                      
    1UMAT 1226MASS                                                      
    1UMAT 1227MASS                                                      
    1UMAT 1228MASS                                                      
    1UMAT 1229MASS                                                      
    1UMAT 1230MASS                                                      
    1UMAT 1231MASS                                                      
    1UMAT 1232MASS                                                      
    1UMAT 1233MASS                                                      
    1UMAT 1234MASS                                                      
    1UMAT 1235MASS                                                      
    1UMAT 1236MASS                                                      
    1UMAT 1237MASS                                                      
    1UMAT 1238MASS                                                      
    1UMAT 1239MASS                                                      
    1UMAT 1240MASS                                                      
    1UMAT 1241MASS                                                      
    1UMAT 1242MASS                                                      
    1UMAT 1243MASS                                                      
    1UMAT 1244MASS                                                      
    1UMAT 1245MASS                                                      
    1UMAT 1246MASS                                                      
    1UMAT 1247MASS                                                      
    1UMAT 1248MASS                                                      
    1UMAT 1249MASS                                                      
    1UMAT 1250MASS                                                      
    1UMAT 1251MASS                                                      
    1UMAT 1252MASS                                                      
    1UMAT 1253MASS                                                      
    1UMAT 1254MASS                                                      
    1UMAT 1255MASS                                                      
    1UMAT 1256MASS                                                      
    1UMAT 1257MASS                                                      
    1UMAT 1258MASS                                                      
    1UMAT 1259MASS                                                      
    1UMAT 1260MASS                                                      
    1UMAT 1261MASS                                                      
    1UMAT 1262MASS                                                      
    1UMAT 1263MASS                                                      
    1UMAT 1264MASS                                                      
    1UMAT 1265MASS                                                      
    1UMAT 1266MASS                                                      
    1UMAT 1267MASS                                                      
    1UMAT 1268MASS                                                      
    1UMAT 1269MASS                                                      
    1UMAT 1270MASS                                                      
    1UMAT 1271MASS                                                      
    1UMAT 1272MASS                                                      
    1UMAT 1273MASS                                                      
    1UMAT 1274MASS                                                      
    1UMAT 1275MASS                                                      
    1UMAT 1276MASS                                                      
    1UMAT 1277MASS                                                      
    1UMAT 1278MASS                                                      
    1UMAT 1279MASS                                                      
    1UMAT 1280MASS                                                      
    1UMAT 1281MASS                                                      
    1UMAT 1282MASS                                                      
    1UMAT 1283MASS                                                      
    1UMAT 1284MASS                                                      
    1UMAT 1285MASS                                                      
    1UMAT 1286MASS                                                      
    1UMAT 1287MASS                                                      
    1UMAT 1288MASS                                                      
    1UMAT 1289MASS                                                      
    1UMAT 1290MASS                                                      
    1UMAT 1291MASS                                                      
    1UMAT 1292MASS                                                      
    1UMAT 1293MASS                                                      
    1UMAT 1294MASS                                                      
    1UMAT 1295MASS                                                      
    1UMAT 1296MASS                                                      
    1UMAT 1297MASS                                                      
    1UMAT 1298MASS                                                      
    1UMAT 1299MASS                                                      
    1UMAT 1300MASS                                                      
    1UMAT 1301MASS                                                      
    1UMAT 1302MASS                                                      
    1UMAT 1303MASS                                                      
    1UMAT 1304MASS                                                      
    1UMAT 1305MASS                                                      
    1UMAT 1306MASS                                                      
    1UMAT 1307MASS                                                      
    1UMAT 1308MASS                                                      
    1UMAT 1309MASS                                                      
    1UMAT 1310MASS                                                      
    1UMAT 1311MASS                                                      
    1UMAT 1312MASS                                                      
    1UMAT 1313MASS                                                      
    1UMAT 1314MASS                                                      
    1UMAT 1315MASS                                                      
    1UMAT 1316MASS                                                      
    1UMAT 1317MASS                                                      
    1UMAT 1318MASS                                                      
    1UMAT 1319MASS                                                      
    1UMAT 1320MASS                                                      
    1UMAT 1321MASS                                                      
    1UMAT 1322MASS                                                      
    1UMAT 1323MASS                                                      
    1UMAT 1324MASS                                                      
    1UMAT 1325MASS                                                      
    1UMAT 1326MASS                                                      
    1UMAT 1327MASS                                                      
    1UMAT 1328MASS                                                      
    1UMAT 1329MASS                                                      
    1UMAT 1330MASS                                                      
    1UMAT 1331MASS                                                      
    1UMAT 1332MASS                                                      
    1UMAT 1333MASS                                                      
    1UMAT 1334MASS                                                      
    1UMAT 1335MASS                                                      
    1UMAT 1336MASS                                                      
    1UMAT 1337MASS                                                      
    1UMAT 1338MASS                                                      
    1UMAT 1339MASS                                                      
    1UMAT 1340MASS                                                      
    1UMAT 1341MASS                                                      
    1UMAT 1342MASS                                                      
    1UMAT 1343MASS                                                      
    1UMAT 1344MASS                                                      
    1UMAT 1345MASS                                                      
    1UMAT 1346MASS                                                      
    1UMAT 1347MASS                                                      
    1UMAT 1348MASS                                                      
    1UMAT 1349MASS                                                      
    1UMAT 1350MASS                                                      
    1UMAT 1351MASS                                                      
    1UMAT 1352MASS                                                      
    1UMAT 1353MASS                                                      
    1UMAT 1354MASS                                                      
    1UMAT 1355MASS                                                      
    1UMAT 1356MASS                                                      
    1UMAT 1357MASS                                                      
    1UMAT 1358MASS                                                      
    1UMAT 1359MASS                                                      
    1UMAT 1360MASS                                                      
    1UMAT 1361MASS                                                      
    1UMAT 1362MASS                                                      
    1UMAT 1363MASS                                                      
    1UMAT 1364MASS                                                      
    1UMAT 1365MASS                                                      
    1UMAT 1366MASS                                                      
    1UMAT 1367MASS                                                      
    1UMAT 1368MASS                                                      
    1UMAT 1369MASS                                                      
    1UMAT 1370MASS                                                      
    1UMAT 1371MASS                                                      
    1UMAT 1372MASS                                                      
    1UMAT 1373MASS                                                      
    1UMAT 1374MASS                                                      
    1UMAT 1375MASS                                                      
    1UMAT 1376MASS                                                      
    1UMAT 1377MASS                                                      
    1UMAT 1378MASS                                                      
    1UMAT 1379MASS                                                      
    1UMAT 1380MASS                                                      
    1UMAT 1381MASS                                                      
    1UMAT 1382MASS                                                      
    1UMAT 1383MASS                                                      
    1UMAT 1384MASS                                                      
    1UMAT 1385MASS                                                      
    1UMAT 1386MASS                                                      
    1UMAT 1387MASS                                                      
    1UMAT 1388MASS                                                      
    1UMAT 1389MASS                                                      
    1UMAT 1390MASS                                                      
    1UMAT 1391MASS                                                      
    1UMAT 1392MASS                                                      
    1UMAT 1393MASS                                                      
    1UMAT 1394MASS                                                      
    1UMAT 1395MASS                                                      
    1UMAT 1396MASS                                                      
    1UMAT 1397MASS                                                      
    1UMAT 1398MASS                                                      
    1UMAT 1399MASS                                                      
    1UMAT 1400MASS                                                      
    1UMAT 1401MASS                                                      
    1UMAT 1402MASS                                                      
    1UMAT 1403MASS                                                      
    1UMAT 1404MASS                                                      
    1UMAT 1405MASS                                                      
    1UMAT 1406MASS                                                      
    1UMAT 1407MASS                                                      
    1UMAT 1408MASS                                                      
    1UMAT 1409MASS                                                      
    1UMAT 1410MASS                                                      
    1UMAT 1411MASS                                                      
    1UMAT 1412MASS                                                      
    1UMAT 1413MASS                                                      
    1UMAT 1414MASS                                                      
    1UMAT 1415MASS                                                      
    1UMAT 1416MASS                                                      
    1UMAT 1417MASS                                                      
    1UMAT 1418MASS                                                      
    1UMAT 1419MASS                                                      
    1UMAT 1420MASS                                                      
    1UMAT 1421MASS                                                      
    1UMAT 1422MASS                                                      
    1UMAT 1423MASS                                                      
    1UMAT 1424MASS                                                      
    1UMAT 1425MASS                                                      
    1UMAT 1426MASS                                                      
    1UMAT 1427MASS                                                      
    1UMAT 1428MASS                                                      
    1UMAT 1429MASS                                                      
    1UMAT 1430MASS                                                      
    1UMAT 1431MASS                                                      
    1UMAT 1432MASS                                                      
    1UMAT 1433MASS                                                      
    1UMAT 1434MASS                                                      
    1UMAT 1435MASS                                                      
    1UMAT 1436MASS                                                      
    1UMAT 1437MASS                                                      
    1UMAT 1438MASS                                                      
    1UMAT 1439MASS                                                      
    1UMAT 1440MASS                                                      
    1UMAT 1441MASS                                                      
    1UMAT 1442MASS                                                      
    1UMAT 1443MASS                                                      
    1UMAT 1444MASS                                                      
    1UMAT 1445MASS                                                      
    1UMAT 1446MASS                                                      
    1UMAT 1447MASS                                                      
    1UMAT 1448MASS                                                      
    1UMAT 1449MASS                                                      
    1UMAT 1450MASS                                                      
    1UMAT 1451MASS                                                      
    1UMAT 1452MASS                                                      
    1UMAT 1453MASS                                                      
    1UMAT 1454MASS                                                      
    1UMAT 1455MASS                                                      
    1UMAT 1456MASS                                                      
    1UMAT 1457MASS                                                      
    1UMAT 1458MASS                                                      
    1UMAT 1459MASS                                                      
    1UMAT 1460MASS                                                      
    1UMAT 1461MASS                                                      
    1UMAT 1462MASS                                                      
    1UMAT 1463MASS                                                      
    1UMAT 1464MASS                                                      
    1UMAT 1465MASS                                                      
    1UMAT 1466MASS                                                      
    1UMAT 1467MASS                                                      
    1UMAT 1468MASS                                                      
    1UMAT 1469MASS                                                      
    1UMAT 1470MASS                                                      
    1UMAT 1471MASS                                                      
    1UMAT 1472MASS                                                      
    1UMAT 1473MASS                                                      
    1UMAT 1474MASS                                                      
    1UMAT 1475MASS                                                      
    1UMAT 1476MASS                                                      
    1UMAT 1477MASS                                                      
    1UMAT 1478MASS                                                      
    1UMAT 1479MASS                                                      
    1UMAT 1480MASS                                                      
    1UMAT 1481MASS                                                      
    1UMAT 1482MASS                                                      
    1UMAT 1483MASS                                                      
    1UMAT 1484MASS                                                      
    1UMAT 1485MASS                                                      
    1UMAT 1486MASS                                                      
    1UMAT 1487MASS                                                      
    1UMAT 1488MASS                                                      
    1UMAT 1489MASS                                                      
    1UMAT 1490MASS                                                      
    1UMAT 1491MASS                                                      
    1UMAT 1492MASS                                                      
    1UMAT 1493MASS                                                      
    1UMAT 1494MASS                                                      
    1UMAT 1495MASS                                                      
    1UMAT 1496MASS                                                      
    1UMAT 1497MASS                                                      
    1UMAT 1498MASS                                                      
    1UMAT 1499MASS                                                      
    1UMAT 1500MASS                                                      
    1UMAT 1501MASS                                                      
    1UMAT 1502MASS                                                      
    1UMAT 1503MASS                                                      
    1UMAT 1504MASS                                                      
    1UMAT 1505MASS                                                      
    1UMAT 1506MASS                                                      
    1UMAT 1507MASS                                                      
    1UMAT 1508MASS                                                      
    1UMAT 1509MASS                                                      
    1UMAT 1510MASS                                                      
    1UMAT 1511MASS                                                      
    1UMAT 1512MASS                                                      
    1UMAT 1513MASS                                                      
    1UMAT 1514MASS                                                      
    1UMAT 1515MASS                                                      
    1UMAT 1516MASS                                                      
    1UMAT 1517MASS                                                      
    1UMAT 1518MASS                                                      
    1UMAT 1519MASS                                                      
    1UMAT 1520MASS                                                      
    1UMAT 1521MASS                                                      
    1UMAT 1522MASS                                                      
    1UMAT 1523MASS                                                      
    1UMAT 1524MASS                                                      
    1UMAT 1525MASS                                                      
    1UMAT 1526MASS                                                      
    1UMAT 1527MASS                                                      
    1UMAT 1528MASS                                                      
    1UMAT 1529MASS                                                      
    1UMAT 1530MASS                                                      
    1UMAT 1531MASS                                                      
    1UMAT 1532MASS                                                      
    1UMAT 1533MASS                                                      
    1UMAT 1534MASS                                                      
    1UMAT 1535MASS                                                      
    1UMAT 1536MASS                                                      
    1UMAT 1537MASS                                                      
    1UMAT 1538MASS                                                      
    1UMAT 1539MASS                                                      
    1UMAT 1540MASS                                                      
    1UMAT 1541MASS                                                      
    1UMAT 1542MASS                                                      
    1UMAT 1543MASS                                                      
    1UMAT 1544MASS                                                      
    1UMAT 1545MASS                                                      
    1UMAT 1546MASS                                                      
    1UMAT 1547MASS                                                      
    1UMAT 1548MASS                                                      
    1UMAT 1549MASS                                                      
    1UMAT 1550MASS                                                      
    1UMAT 1551MASS                                                      
    1UMAT 1552MASS                                                      
    1UMAT 1553MASS                                                      
    1UMAT 1554MASS                                                      
    1UMAT 1555MASS                                                      
    1UMAT 1556MASS                                                      
    1UMAT 1557MASS                                                      
    1UMAT 1558MASS                                                      
    1UMAT 1559MASS                                                      
    1UMAT 1560MASS                                                      
    1UMAT 1561MASS                                                      
    1UMAT 1562MASS                                                      
    1UMAT 1563MASS                                                      
    1UMAT 1564MASS                                                      
    1UMAT 1565MASS                                                      
    1UMAT 1566MASS                                                      
    1UMAT 1567MASS                                                      
    1UMAT 1568MASS                                                      
    1UMAT 1569MASS                                                      
    1UMAT 1570MASS                                                      
    1UMAT 1571MASS                                                      
    1UMAT 1572MASS                                                      
    1UMAT 1573MASS                                                      
    1UMAT 1574MASS                                                      
    1UMAT 1575MASS                                                      
    1UMAT 1576MASS                                                      
    1UMAT 1577MASS                                                      
    1UMAT 1578MASS                                                      
    1UMAT 1579MASS                                                      
    1UMAT 1580MASS                                                      
    1UMAT 1581MASS                                                      
    1UMAT 1582MASS                                                      
    1UMAT 1583MASS                                                      
    1UMAT 1584MASS                                                      
    1UMAT 1585MASS                                                      
    1UMAT 1586MASS                                                      
    1UMAT 1587MASS                                                      
    1UMAT 1588MASS                                                      
    1UMAT 1589MASS                                                      
    1UMAT 1590MASS                                                      
    1UMAT 1591MASS                                                      
    1UMAT 1592MASS                                                      
    1UMAT 1593MASS                                                      
    1UMAT 1594MASS                                                      
    1UMAT 1595MASS                                                      
    1UMAT 1596MASS                                                      
    1UMAT 1597MASS                                                      
    1UMAT 1598MASS                                                      
    1UMAT 1599MASS                                                      
    1UMAT 1600MASS                                                      
    1UMAT 1601MASS                                                      
    1UMAT 1602MASS                                                      
    1UMAT 1603MASS                                                      
    1UMAT 1604MASS                                                      
    1UMAT 1605MASS                                                      
    1UMAT 1606MASS                                                      
    1UMAT 1607MASS                                                      
    1UMAT 1608MASS                                                      
    1UMAT 1609MASS                                                      
    1UMAT 1610MASS                                                      
    1UMAT 1611MASS                                                      
    1UMAT 1612MASS                                                      
    1UMAT 1613MASS                                                      
    1UMAT 1614MASS                                                      
    1UMAT 1615MASS                                                      
    1UMAT 1616MASS                                                      
    1UMAT 1617MASS                                                      
    1UMAT 1618MASS                                                      
    1UMAT 1619MASS                                                      
    1UMAT 1620MASS                                                      
    1UMAT 1621MASS                                                      
    1UMAT 1622MASS                                                      
    1UMAT 1623MASS                                                      
    1UMAT 1624MASS                                                      
    1UMAT 1625MASS                                                      
    1UMAT 1626MASS                                                      
    1UMAT 1627MASS                                                      
    1UMAT 1628MASS                                                      
    1UMAT 1629MASS                                                      
    1UMAT 1630MASS                                                      
    1UMAT 1631MASS                                                      
    1UMAT 1632MASS                                                      
    1UMAT 1633MASS                                                      
    1UMAT 1634MASS                                                      
    1UMAT 1635MASS                                                      
    1UMAT 1636MASS                                                      
    1UMAT 1637MASS                                                      
    1UMAT 1638MASS                                                      
    1UMAT 1639MASS                                                      
    1UMAT 1640MASS                                                      
    1UMAT 1641MASS                                                      
    1UMAT 1642MASS                                                      
    1UMAT 1643MASS                                                      
    1UMAT 1644MASS                                                      
    1UMAT 1645MASS                                                      
    1UMAT 1646MASS                                                      
    1UMAT 1647MASS                                                      
    1UMAT 1648MASS                                                      
    1UMAT 1649MASS                                                      
    1UMAT 1650MASS                                                      
    1UMAT 1651MASS                                                      
    1UMAT 1652MASS                                                      
    1UMAT 1653MASS                                                      
    1UMAT 1654MASS                                                      
    1UMAT 1655MASS                                                      
    1UMAT 1656MASS                                                      
    1UMAT 1657MASS                                                      
    1UMAT 1658MASS                                                      
    1UMAT 1659MASS                                                      
    1UMAT 1660MASS                                                      
    1UMAT 1661MASS                                                      
    1UMAT 1662MASS                                                      
    1UMAT 1663MASS                                                      
    1UMAT 1664MASS                                                      
    1UMAT 1665MASS                                                      
    1UMAT 1666MASS                                                      
    1UMAT 1667MASS                                                      
    1UMAT 1668MASS                                                      
    1UMAT 1669MASS                                                      
    1UMAT 1670MASS                                                      
    1UMAT 1671MASS                                                      
    1UMAT 1672MASS                                                      
    1UMAT 1673MASS                                                      
    1UMAT 1674MASS                                                      
    1UMAT 1675MASS                                                      
    1UMAT 1676MASS                                                      
    1UMAT 1677MASS                                                      
    1UMAT 1678MASS                                                      
    1UMAT 1679MASS                                                      
    1UMAT 1680MASS                                                      
    1UMAT 1681MASS                                                      
    1UMAT 1682MASS                                                      
    1UMAT 1683MASS                                                      
    1UMAT 1684MASS                                                      
    1UMAT 1685MASS                                                      
    1UMAT 1686MASS                                                      
    1UMAT 1687MASS                                                      
    1UMAT 1688MASS                                                      
    1UMAT 1689MASS                                                      
    1UMAT 1690MASS                                                      
    1UMAT 1691MASS                                                      
    1UMAT 1692MASS                                                      
    1UMAT 1693MASS                                                      
    1UMAT 1694MASS                                                      
    1UMAT 1695MASS                                                      
    1UMAT 1696MASS                                                      
    1UMAT 1697MASS                                                      
    1UMAT 1698MASS                                                      
    1UMAT 1699MASS                                                      
    1UMAT 1700MASS                                                      
    1UMAT 1701MASS                                                      
    1UMAT 1702MASS                                                      
    1UMAT 1703MASS                                                      
    1UMAT 1704MASS                                                      
    1UMAT 1705MASS                                                      
    1UMAT 1706MASS                                                      
    1UMAT 1707MASS                                                      
    1UMAT 1708MASS                                                      
    1UMAT 1709MASS                                                      
    1UMAT 1710MASS                                                      
    1UMAT 1711MASS                                                      
    1UMAT 1712MASS                                                      
    1UMAT 1713MASS                                                      
    1UMAT 1714MASS                                                      
    1UMAT 1715MASS                                                      
    1UMAT 1716MASS                                                      
    1UMAT 1717MASS                                                      
    1UMAT 1718MASS                                                      
    1UMAT 1719MASS                                                      
    1UMAT 1720MASS                                                      
    1UMAT 1721MASS                                                      
    1UMAT 1722MASS                                                      
    1UMAT 1723MASS                                                      
    1UMAT 1724MASS                                                      
    1UMAT 1725MASS                                                      
    1UMAT 1726MASS                                                      
    1UMAT 1727MASS                                                      
    1UMAT 1728MASS                                                      
    1UMAT 1729MASS                                                      
    1UMAT 1730MASS                                                      
    1UMAT 1731MASS                                                      
    1UMAT 1732MASS                                                      
    1UMAT 1733MASS                                                      
    1UMAT 1734MASS                                                      
    1UMAT 1735MASS                                                      
    1UMAT 1736MASS                                                      
    1UMAT 1737MASS                                                      
    1UMAT 1738MASS                                                      
    1UMAT 1739MASS                                                      
    1UMAT 1740MASS                                                      
    1UMAT 1741MASS                                                      
    1UMAT 1742MASS                                                      
    1UMAT 1743MASS                                                      
    1UMAT 1744MASS                                                      
    1UMAT 1745MASS                                                      
    1UMAT 1746MASS                                                      
    1UMAT 1747MASS                                                      
    1UMAT 1748MASS                                                      
    1UMAT 1749MASS                                                      
    1UMAT 1750MASS                                                      
    1UMAT 1751MASS                                                      
    1UMAT 1752MASS                                                      
    1UMAT 1753MASS                                                      
    1UMAT 1754MASS                                                      
    1UMAT 1755MASS                                                      
    1UMAT 1756MASS                                                      
    1UMAT 1757MASS                                                      
    1UMAT 1758MASS                                                      
    1UMAT 1759MASS                                                      
    1UMAT 1760MASS                                                      
    1UMAT 1761MASS                                                      
    1UMAT 1762MASS                                                      
    1UMAT 1763MASS                                                      
    1UMAT 1764MASS                                                      
    1UMAT 1765MASS                                                      
    1UMAT 1766MASS                                                      
    1UMAT 1767MASS                                                      
    1UMAT 1768MASS                                                      
    1UMAT 1769MASS                                                      
    1UMAT 1770MASS                                                      
    1UMAT 1771MASS                                                      
    1UMAT 1772MASS                                                      
    1UMAT 1773MASS                                                      
    1UMAT 1774MASS                                                      
    1UMAT 1775MASS                                                      
    1UMAT 1776MASS                                                      
    1UMAT 1777MASS                                                      
    1UMAT 1778MASS                                                      
    1UMAT 1779MASS                                                      
    1UMAT 1780MASS                                                      
    1UMAT 1781MASS                                                      
    1UMAT 1782MASS                                                      
    1UMAT 1783MASS                                                      
    1UMAT 1784MASS                                                      
    1UMAT 1785MASS                                                      
    1UMAT 1786MASS                                                      
    1UMAT 1787MASS                                                      
    1UMAT 1788MASS                                                      
    1UMAT 1789MASS                                                      
    1UMAT 1790MASS                                                      
    1UMAT 1791MASS                                                      
    1UMAT 1792MASS                                                      
    1UMAT 1793MASS                                                      
    1UMAT 1794MASS                                                      
    1UMAT 1795MASS                                                      
    1UMAT 1796MASS                                                      
    1UMAT 1797MASS                                                      
    1UMAT 1798MASS                                                      
    1UMAT 1799MASS                                                      
    1UMAT 1800MASS                                                      
    1UMAT 1801MASS                                                      
    1UMAT 1802MASS                                                      
    1UMAT 1803MASS                                                      
    1UMAT 1804MASS                                                      
    1UMAT 1805MASS                                                      
    1UMAT 1806MASS                                                      
    1UMAT 1807MASS                                                      
    1UMAT 1808MASS                                                      
    1UMAT 1809MASS                                                      
    1UMAT 1810MASS                                                      
    1UMAT 1811MASS                                                      
    1UMAT 1812MASS                                                      
    1UMAT 1813MASS                                                      
    1UMAT 1814MASS                                                      
    1UMAT 1815MASS                                                      
    1UMAT 1816MASS                                                      
    1UMAT 1817MASS                                                      
    1UMAT 1818MASS                                                      
    1UMAT 1819MASS                                                      
    1UMAT 1820MASS                                                      
    1UMAT 1821MASS                                                      
    1UMAT 1822MASS                                                      
    1UMAT 1823MASS                                                      
    1UMAT 1824MASS                                                      
    1UMAT 1825MASS                                                      
    1UMAT 1826MASS                                                      
    1UMAT 1827MASS                                                      
    1UMAT 1828MASS                                                      
    1UMAT 1829MASS                                                      
    1UMAT 1830MASS                                                      
    1UMAT 1831MASS                                                      
    1UMAT 1832MASS                                                      
    1UMAT 1833MASS                                                      
    1UMAT 1834MASS                                                      
    1UMAT 1835MASS                                                      
    1UMAT 1836MASS                                                      
    1UMAT 1837MASS                                                      
    1UMAT 1838MASS                                                      
    1UMAT 1839MASS                                                      
    1UMAT 1840MASS                                                      
    1UMAT 1841MASS                                                      
    1UMAT 1842MASS                                                      
    1UMAT 1843MASS                                                      
    1UMAT 1844MASS                                                      
    1UMAT 1845MASS                                                      
    1UMAT 1846MASS                                                      
    1UMAT 1847MASS                                                      
    1UMAT 1848MASS                                                      
    1UMAT 1849MASS                                                      
    1UMAT 1850MASS                                                      
    1UMAT 1851MASS                                                      
    1UMAT 1852MASS                                                      
    1UMAT 1853MASS                                                      
    1UMAT 1854MASS                                                      
    1UMAT 1855MASS                                                      
    1UMAT 1856MASS                                                      
    1UMAT 1857MASS                                                      
    1UMAT 1858MASS                                                      
    1UMAT 1859MASS                                                      
    1UMAT 1860MASS                                                      
    1UMAT 1861MASS                                                      
    1UMAT 1862MASS                                                      
    1UMAT 1863MASS                                                      
    1UMAT 1864MASS                                                      
    1UMAT 1865MASS                                                      
    1UMAT 1866MASS                                                      
    1UMAT 1867MASS                                                      
    1UMAT 1868MASS                                                      
    1UMAT 1869MASS                                                      
    1UMAT 1870MASS                                                      
    1UMAT 1871MASS                                                      
    1UMAT 1872MASS                                                      
    1UMAT 1873MASS                                                      
    1UMAT 1874MASS                                                      
    1UMAT 1875MASS                                                      
    1UMAT 1876MASS                                                      
    1UMAT 1877MASS                                                      
    1UMAT 1878MASS                                                      
    1UMAT 1879MASS                                                      
    1UMAT 1880MASS                                                      
    1UMAT 1881MASS                                                      
    1UMAT 1882MASS                                                      
    1UMAT 1883MASS                                                      
    1UMAT 1884MASS                                                      
    1UMAT 1885MASS                                                      
    1UMAT 1886MASS                                                      
    1UMAT 1887MASS                                                      
    1UMAT 1888MASS                                                      
    1UMAT 1889MASS                                                      
    1UMAT 1890MASS                                                      
    1UMAT 1891MASS                                                      
    1UMAT 1892MASS                                                      
    1UMAT 1893MASS                                                      
    1UMAT 1894MASS                                                      
    1UMAT 1895MASS                                                      
    1UMAT 1896MASS                                                      
    1UMAT 1897MASS                                                      
    1UMAT 1898MASS                                                      
    1UMAT 1899MASS                                                      
    1UMAT 1900MASS                                                      
    1UMAT 1901MASS                                                      
    1UMAT 1902MASS                                                      
    1UMAT 1903MASS                                                      
    1UMAT 1904MASS                                                      
    1UMAT 1905MASS                                                      
    1UMAT 1906MASS                                                      
    1UMAT 1907MASS                                                      
    1UMAT 1908MASS                                                      
    1UMAT 1909MASS                                                      
    1UMAT 1910MASS                                                      
    1UMAT 1911MASS                                                      
    1UMAT 1912MASS                                                      
    1UMAT 1913MASS                                                      
    1UMAT 1914MASS                                                      
    1UMAT 1915MASS                                                      
    1UMAT 1916MASS                                                      
    1UMAT 1917MASS                                                      
    1UMAT 1918MASS                                                      
    1UMAT 1919MASS                                                      
    1UMAT 1920MASS                                                      
    1UMAT 1921MASS                                                      
    1UMAT 1922MASS                                                      
    1UMAT 1923MASS                                                      
    1UMAT 1924MASS                                                      
    1UMAT 1925MASS                                                      
    1UMAT 1926MASS                                                      
    1UMAT 1927MASS                                                      
    1UMAT 1928MASS                                                      
    1UMAT 1929MASS                                                      
    1UMAT 1930MASS                                                      
    1UMAT 1931MASS                                                      
    1UMAT 1932MASS                                                      
    1UMAT 1933MASS                                                      
    1UMAT 1934MASS                                                      
    1UMAT 1935MASS                                                      
    1UMAT 1936MASS                                                      
    1UMAT 1937MASS                                                      
    1UMAT 1938MASS                                                      
    1UMAT 1939MASS                                                      
    1UMAT 1940MASS                                                      
    1UMAT 1941MASS                                                      
    1UMAT 1942MASS                                                      
    1UMAT 1943MASS                                                      
    1UMAT 1944MASS                                                      
    1UMAT 1945MASS                                                      
    1UMAT 1946MASS                                                      
    1UMAT 1947MASS                                                      
    1UMAT 1948MASS                                                      
    1UMAT 1949MASS                                                      
    1UMAT 1950MASS                                                      
    1UMAT 1951MASS                                                      
    1UMAT 1952MASS                                                      
    1UMAT 1953MASS                                                      
    1UMAT 1954MASS                                                      
    1UMAT 1955MASS                                                      
    1UMAT 1956MASS                                                      
    1UMAT 1957MASS                                                      
    1UMAT 1958MASS                                                      
    1UMAT 1959MASS                                                      
    1UMAT 1960MASS                                                      
    1UMAT 1961MASS                                                      
    1UMAT 1962MASS                                                      
    1UMAT 1963MASS                                                      
    1UMAT 1964MASS                                                      
    1UMAT 1965MASS                                                      
    1UMAT 1966MASS                                                      
    1UMAT 1967MASS                                                      
    1UMAT 1968MASS                                                      
    1UMAT 1969MASS                                                      
    1UMAT 1970MASS                                                      
    1UMAT 1971MASS                                                      
    1UMAT 1972MASS                                                      
    1UMAT 1973MASS                                                      
    1UMAT 1974MASS                                                      
    1UMAT 1975MASS                                                      
    1UMAT 1976MASS                                                      
    1UMAT 1977MASS                                                      
    1UMAT 1978MASS                                                      
    1UMAT 1979MASS                                                      
    1UMAT 1980MASS                                                      
    1UMAT 1981MASS                                                      
    1UMAT 1982MASS                                                      
    1UMAT 1983MASS                                                      
    1UMAT 1984MASS                                                      
    1UMAT 1985MASS                                                      
    1UMAT 1986MASS                                                      
    1UMAT 1987MASS                                                      
    1UMAT 1988MASS                                                      
    1UMAT 1989MASS                                                      
    1UMAT 1990MASS                                                      
    1UMAT 1991MASS                                                      
    1UMAT 1992MASS                                                      
    1UMAT 1993MASS                                                      
    1UMAT 1994MASS                                                      
    1UMAT 1995MASS                                                      
    1UMAT 1996MASS                                                      
    1UMAT 1997MASS                                                      
    1UMAT 1998MASS                                                      
    1UMAT 1999MASS                                                      
    1UMAT 2000MASS                                                      
    1UMAT 2001MASS                                                      
    1UMAT 2002MASS                                                      
    1UMAT 2003MASS                                                      
    1UMAT 2004MASS                                                      
    1UMAT 2005MASS                                                      
    1UMAT 2006MASS                                                      
    1UMAT 2007MASS                                                      
    1UMAT 2008MASS                                                      
    1UMAT 2009MASS                                                      
    1UMAT 2010MASS                                                      
    1UMAT 2011MASS                                                      
    1UMAT 2012MASS                                                      
    1UMAT 2013MASS                                                      
    1UMAT 2014MASS                                                      
    1UMAT 2015MASS                                                      
    1UMAT 2016MASS                                                      
    1UMAT 2017MASS                                                      
    1UMAT 2018MASS                                                      
    1UMAT 2019MASS                                                      
    1UMAT 2020MASS                                                      
    1UMAT 2021MASS                                                      
    1UMAT 2022MASS                                                      
    1UMAT 2023MASS                                                      
    1UMAT 2024MASS                                                      
    1UMAT 2025MASS                                                      
    1UMAT 2026MASS                                                      
    1UMAT 2027MASS                                                      
    1UMAT 2028MASS                                                      
    1UMAT 2029MASS                                                      
    1UMAT 2030MASS                                                      
    1UMAT 2031MASS                                                      
    1UMAT 2032MASS                                                      
    1UMAT 2033MASS                                                      
    1UMAT 2034MASS                                                      
    1UMAT 2035MASS                                                      
    1UMAT 2036MASS                                                      
    1UMAT 2037MASS                                                      
    1UMAT 2038MASS                                                      
    1UMAT 2039MASS                                                      
    1UMAT 2040MASS                                                      
    1UMAT 2041MASS                                                      
    1UMAT 2042MASS                                                      
    1UMAT 2043MASS                                                      
    1UMAT 2044MASS                                                      
    1UMAT 2045MASS                                                      
    1UMAT 2046MASS                                                      
    1UMAT 2047MASS                                                      
    1UMAT 2048MASS                                                      
    1UMAT 2049MASS                                                      
    1UMAT 2050MASS                                                      
    1UMAT 2051MASS                                                      
    1UMAT 2052MASS                                                      
    1UMAT 2053MASS                                                      
    1UMAT 2054MASS                                                      
    1UMAT 2055MASS                                                      
    1UMAT 2056MASS                                                      
    1UMAT 2057MASS                                                      
    1UMAT 2058MASS                                                      
    1UMAT 2059MASS                                                      
    1UMAT 2060MASS                                                      
    1UMAT 2061MASS                                                      
    1UMAT 2062MASS                                                      
    1UMAT 2063MASS                                                      
    1UMAT 2064MASS                                                      
    1UMAT 2065MASS                                                      
    1UMAT 2066MASS                                                      
    1UMAT 2067MASS                                                      
    1UMAT 2068MASS                                                      
    1UMAT 2069MASS                                                      
    1UMAT 2070MASS                                                      
    1UMAT 2071MASS                                                      
    1UMAT 2072MASS                                                      
    1UMAT 2073MASS                                                      
    1UMAT 2074MASS                                                      
    1UMAT 2075MASS                                                      
    1UMAT 2076MASS                                                      
    1UMAT 2077MASS                                                      
    1UMAT 2078MASS                                                      
    1UMAT 2079MASS                                                      
    1UMAT 2080MASS                                                      
    1UMAT 2081MASS                                                      
    1UMAT 2082MASS                                                      
    1UMAT 2083MASS                                                      
    1UMAT 2084MASS                                                      
    1UMAT 2085MASS                                                      
    1UMAT 2086MASS                                                      
    1UMAT 2087MASS                                                      
    1UMAT 2088MASS                                                      
    1UMAT 2089MASS                                                      
    1UMAT 2090MASS                                                      
    1UMAT 2091MASS                                                      
    1UMAT 2092MASS                                                      
    1UMAT 2093MASS                                                      
    1UMAT 2094MASS                                                      
    1UMAT 2095MASS                                                      
    1UMAT 2096MASS                                                      
    1UMAT 2097MASS                                                      
    1UMAT 2098MASS                                                      
    1UMAT 2099MASS                                                      
    1UMAT 2100MASS                                                      
    1UMAT 2101MASS                                                      
    1UMAT 2102MASS                                                      
    1UMAT 2103MASS                                                      
    1UMAT 2104MASS                                                      
    1UMAT 2105MASS                                                      
    1UMAT 2106MASS                                                      
    1UMAT 2107MASS                                                      
    1UMAT 2108MASS                                                      
    1UMAT 2109MASS                                                      
    1UMAT 2110MASS                                                      
    1UMAT 2111MASS                                                      
    1UMAT 2112MASS                                                      
    1UMAT 2113MASS                                                      
    1UMAT 2114MASS                                                      
    1UMAT 2115MASS                                                      
    1UMAT 2116MASS                                                      
    1UMAT 2117MASS                                                      
    1UMAT 2118MASS                                                      
    1UMAT 2119MASS                                                      
    1UMAT 2120MASS                                                      
    1UMAT 2121MASS                                                      
    1UMAT 2122MASS                                                      
    1UMAT 2123MASS                                                      
    1UMAT 2124MASS                                                      
    1UMAT 2125MASS                                                      
    1UMAT 2126MASS                                                      
    1UMAT 2127MASS                                                      
    1UMAT 2128MASS                                                      
    1UMAT 2129MASS                                                      
    1UMAT 2130MASS                                                      
    1UMAT 2131MASS                                                      
    1UMAT 2132MASS                                                      
    1UMAT 2133MASS                                                      
    1UMAT 2134MASS                                                      
    1UMAT 2135MASS                                                      
    1UMAT 2136MASS                                                      
    1UMAT 2137MASS                                                      
    1UMAT 2138MASS                                                      
    1UMAT 2139MASS                                                      
    1UMAT 2140MASS                                                      
    1UMAT 2141MASS                                                      
    1UMAT 2142MASS                                                      
    1UMAT 2143MASS                                                      
    1UMAT 2144MASS                                                      
    1UMAT 2145MASS                                                      
    1UMAT 2146MASS                                                      
    1UMAT 2147MASS                                                      
    1UMAT 2148MASS                                                      
    1UMAT 2149MASS                                                      
    1UMAT 2150MASS                                                      
    1UMAT 2151MASS                                                      
    1UMAT 2152MASS                                                      
    1UMAT 2153MASS                                                      
    1UMAT 2154MASS                                                      
    1UMAT 2155MASS                                                      
    1UMAT 2156MASS                                                      
    1UMAT 2157MASS                                                      
    1UMAT 2158MASS                                                      
    1UMAT 2159MASS                                                      
    1UMAT 2160MASS                                                      
    1UMAT 2161MASS                                                      
    1UMAT 2162MASS                                                      
    1UMAT 2163MASS                                                      
    1UMAT 2164MASS                                                      
    1UMAT 2165MASS                                                      
    1UMAT 2166MASS                                                      
    1UMAT 2167MASS                                                      
    1UMAT 2168MASS                                                      
    1UMAT 2169MASS                                                      
    1UMAT 2170MASS                                                      
    1UMAT 2171MASS                                                      
    1UMAT 2172MASS                                                      
    1UMAT 2173MASS                                                      
    1UMAT 2174MASS                                                      
    1UMAT 2175MASS                                                      
    1UMAT 2176MASS                                                      
    1UMAT 2177MASS                                                      
    1UMAT 2178MASS                                                      
    1UMAT 2179MASS                                                      
    1UMAT 2180MASS                                                      
    1UMAT 2181MASS                                                      
    1UMAT 2182MASS                                                      
    1UMAT 2183MASS                                                      
    1UMAT 2184MASS                                                      
    1UMAT 2185MASS                                                      
    1UMAT 2186MASS                                                      
    1UMAT 2187MASS                                                      
    1UMAT 2188MASS                                                      
    1UMAT 2189MASS                                                      
    1UMAT 2190MASS                                                      
    1UMAT 2191MASS                                                      
    1UMAT 2192MASS                                                      
    1UMAT 2193MASS                                                      
    1UMAT 2194MASS                                                      
    1UMAT 2195MASS                                                      
    1UMAT 2196MASS                                                      
    1UMAT 2197MASS                                                      
    1UMAT 2198MASS                                                      
    1UMAT 2199MASS                                                      
    1UMAT 2200MASS                                                      
    1UMAT 2201MASS                                                      
    1UMAT 2202MASS                                                      
    1UMAT 2203MASS                                                      
    1UMAT 2204MASS                                                      
    1UMAT 2205MASS                                                      
    1UMAT 2206MASS                                                      
    1UMAT 2207MASS                                                      
    1UMAT 2208MASS                                                      
    1UMAT 2209MASS                                                      
    1UMAT 2210MASS                                                      
    1UMAT 2211MASS                                                      
    1UMAT 2212MASS                                                      
    1UMAT 2213MASS                                                      
    1UMAT 2214MASS                                                      
    1UMAT 2215MASS                                                      
    1UMAT 2216MASS                                                      
    1UMAT 2217MASS                                                      
    1UMAT 2218MASS                                                      
    1UMAT 2219MASS                                                      
    1UMAT 2220MASS                                                      
    1UMAT 2221MASS                                                      
    1UMAT 2222MASS                                                      
    1UMAT 2223MASS                                                      
    1UMAT 2224MASS                                                      
    1UMAT 2225MASS                                                      
    1UMAT 2226MASS                                                      
    1UMAT 2227MASS                                                      
    1UMAT 2228MASS                                                      
    1UMAT 2229MASS                                                      
    1UMAT 2230MASS                                                      
    1UMAT 2231MASS                                                      
    1UMAT 2232MASS                                                      
    1UMAT 2233MASS                                                      
    1UMAT 2234MASS                                                      
    1UMAT 2235MASS                                                      
    1UMAT 2236MASS                                                      
    1UMAT 2237MASS                                                      
    1UMAT 2238MASS                                                      
    1UMAT 2239MASS                                                      
    1UMAT 2240MASS                                                      
    1UMAT 2241MASS                                                      
    1UMAT 2242MASS                                                      
    1UMAT 2243MASS                                                      
    1UMAT 2244MASS                                                      
    1UMAT 2245MASS                                                      
    1UMAT 2246MASS                                                      
    1UMAT 2247MASS                                                      
    1UMAT 2248MASS                                                      
    1UMAT 2249MASS                                                      
    1UMAT 2250MASS                                                      
    1UMAT 2251MASS                                                      
    1UMAT 2252MASS                                                      
    1UMAT 2253MASS                                                      
    1UMAT 2254MASS                                                      
    1UMAT 2255MASS                                                      
    1UMAT 2256MASS                                                      
    1UMAT 2257MASS                                                      
    1UMAT 2258MASS                                                      
    1UMAT 2259MASS                                                      
    1UMAT 2260MASS                                                      
    1UMAT 2261MASS                                                      
    1UMAT 2262MASS                                                      
    1UMAT 2263MASS                                                      
    1UMAT 2264MASS                                                      
    1UMAT 2265MASS                                                      
    1UMAT 2266MASS                                                      
    1UMAT 2267MASS                                                      
    1UMAT 2268MASS                                                      
    1UMAT 2269MASS                                                      
    1UMAT 2270MASS                                                      
    1UMAT 2271MASS                                                      
    1UMAT 2272MASS                                                      
    1UMAT 2273MASS                                                      
    1UMAT 2274MASS                                                      
    1UMAT 2275MASS                                                      
    1UMAT 2276MASS                                                      
    1UMAT 2277MASS                                                      
    1UMAT 2278MASS                                                      
    1UMAT 2279MASS                                                      
    1UMAT 2280MASS                                                      
    1UMAT 2281MASS                                                      
    1UMAT 2282MASS                                                      
    1UMAT 2283MASS                                                      
    1UMAT 2284MASS                                                      
    1UMAT 2285MASS                                                      
    1UMAT 2286MASS                                                      
    1UMAT 2287MASS                                                      
    1UMAT 2288MASS                                                      
    1UMAT 2289MASS                                                      
    1UMAT 2290MASS                                                      
    1UMAT 2291MASS                                                      
    1UMAT 2292MASS                                                      
    1UMAT 2293MASS                                                      
    1UMAT 2294MASS                                                      
    1UMAT 2295MASS                                                      
    1UMAT 2296MASS                                                      
    1UMAT 2297MASS                                                      
    1UMAT 2298MASS                                                      
    1UMAT 2299MASS                                                      
    1UMAT 2300MASS                                                      
    1UMAT 2301MASS                                                      
    1UMAT 2302MASS                                                      
    1UMAT 2303MASS                                                      
    1UMAT 2304MASS                                                      
    1UMAT 2305MASS                                                      
    1UMAT 2306MASS                                                      
    1UMAT 2307MASS                                                      
    1UMAT 2308MASS                                                      
    1UMAT 2309MASS                                                      
    1UMAT 2310MASS                                                      
    1UMAT 2311MASS                                                      
    1UMAT 2312MASS                                                      
    1UMAT 2313MASS                                                      
    1UMAT 2314MASS                                                      
    1UMAT 2315MASS                                                      
    1UMAT 2316MASS                                                      
    1UMAT 2317MASS                                                      
    1UMAT 2318MASS                                                      
    1UMAT 2319MASS                                                      
    2C                          1125                                     1
 -1         1 8.52105E+02 0.00000E+00 2.81520E+01
 -1         2 8.74000E+02 0.00000E+00 5.46538E+01
 -1         3 8.74962E+02 0.00000E+00 5.58230E+01
 -1         4 8.76000E+02 0.00000E+00 5.65514E+01
 -1         5 8.79000E+02 0.00000E+00 5.86587E+01
 -1         6 8.79888E+02 0.00000E+00 5.92830E+01
 -1         7 8.81000E+02 0.00000E+00 5.96283E+01
 -1         8 8.86000E+02 0.00000E+00 6.11855E+01
 -1         9 8.91000E+02 0.00000E+00 6.27814E+01
 -1        10 8.97000E+02 0.00000E+00 6.47074E+01
 -1        11 9.00000E+02 0.00000E+00 6.56747E+01
 -1        12 9.03000E+02 0.00000E+00 6.66450E+01
 -1        13 9.09000E+02 0.00000E+00 6.85942E+01
 -1        14 9.15000E+02 0.00000E+00 7.05554E+01
 -1        15 9.18000E+02 0.00000E+00 7.15403E+01
 -1        16 9.21000E+02 0.00000E+00 7.25282E+01
 -1        17 9.27000E+02 0.00000E+00 7.45145E+01
 -1        18 9.33000E+02 0.00000E+00 7.65128E+01
 -1        19 9.36000E+02 0.00000E+00 7.75162E+01
 -1        20 9.39000E+02 0.00000E+00 7.85226E+01
 -1        21 9.45000E+02 0.00000E+00 8.05442E+01
 -1        22 9.51000E+02 0.00000E+00 8.25777E+01
 -1        23 9.54000E+02 0.00000E+00 8.35988E+01
 -1        24 9.57000E+02 0.00000E+00 8.46228E+01
 -1        25 9.63000E+02 0.00000E+00 8.66796E+01
 -1        26 9.69000E+02 0.00000E+00 8.87485E+01
 -1        27 9.72000E+02 0.00000E+00 8.97872E+01
 -1        28 9.75000E+02 0.00000E+00 9.08289E+01
 -1        29 9.78000E+02 0.00000E+00 9.18736E+01
 -1        30 9.81000E+02 0.00000E+00 9.29220E+01
 -1        31 9.87000E+02 0.00000E+00 9.50281E+01
 -1        32 9.90000E+02 0.00000E+00 9.60854E+01
 -1        33 9.93000E+02 0.00000E+00 9.71458E+01
 -1        34 9.99000E+02 0.00000E+00 9.92753E+01
 -1        35 1.00500E+03 0.00000E+00 1.01417E+02
 -1        36 1.00800E+03 0.00000E+00 1.02492E+02
 -1        37 1.01100E+03 0.00000E+00 1.03570E+02
 -1        38 1.01700E+03 0.00000E+00 1.05735E+02
 -1        39 1.02300E+03 0.00000E+00 1.07912E+02
 -1        40 1.02600E+03 0.00000E+00 1.09005E+02
 -1        41 1.02900E+03 0.00000E+00 1.10101E+02
 -1        42 1.03500E+03 0.00000E+00 1.12301E+02
 -1        43 1.04100E+03 0.00000E+00 1.14554E+02
 -1        44 1.04400E+03 0.00000E+00 1.15685E+02
 -1        45 1.04700E+03 0.00000E+00 1.16819E+02
 -1        46 1.05300E+03 0.00000E+00 1.19096E+02
 -1        47 1.05900E+03 0.00000E+00 1.21385E+02
 -1        48 1.06200E+03 0.00000E+00 1.22533E+02
 -1        49 1.06500E+03 0.00000E+00 1.23685E+02
 -1        50 1.07100E+03 0.00000E+00 1.25997E+02
 -1        51 1.07700E+03 0.00000E+00 1.28322E+02
 -1        52 1.08000E+03 0.00000E+00 1.29489E+02
 -1        53 1.08300E+03 0.00000E+00 1.30658E+02
 -1        54 1.08900E+03 0.00000E+00 1.33007E+02
 -1        55 1.09200E+03 0.00000E+00 1.34185E+02
 -1        56 1.09500E+03 0.00000E+00 1.35368E+02
 -1        57 1.09800E+03 0.00000E+00 1.36553E+02
 -1        58 1.10100E+03 0.00000E+00 1.37742E+02
 -1        59 1.10700E+03 0.00000E+00 1.40128E+02
 -1        60 1.11300E+03 0.00000E+00 1.42526E+02
 -1        61 1.11600E+03 0.00000E+00 1.43729E+02
 -1        62 1.11900E+03 0.00000E+00 1.44936E+02
 -1        63 1.12500E+03 0.00000E+00 1.47358E+02
 -1        64 1.13100E+03 0.00000E+00 1.49792E+02
 -1        65 1.13400E+03 0.00000E+00 1.51013E+02
 -1        66 1.13700E+03 0.00000E+00 1.52238E+02
 -1        67 1.14300E+03 0.00000E+00 1.54696E+02
 -1        68 1.14900E+03 0.00000E+00 1.57166E+02
 -1        69 1.15200E+03 0.00000E+00 1.58406E+02
 -1        70 1.15500E+03 0.00000E+00 1.59650E+02
 -1        71 1.16100E+03 0.00000E+00 1.62145E+02
 -1        72 1.16700E+03 0.00000E+00 1.64653E+02
 -1        73 1.17000E+03 0.00000E+00 1.65912E+02
 -1        74 1.17300E+03 0.00000E+00 1.67173E+02
 -1        75 1.17900E+03 0.00000E+00 1.69705E+02
 -1        76 1.18500E+03 0.00000E+00 1.72249E+02
 -1        77 1.18800E+03 0.00000E+00 1.73526E+02
 -1        78 1.19100E+03 0.00000E+00 1.74805E+02
 -1        79 1.19700E+03 0.00000E+00 1.77373E+02
 -1        80 1.20300E+03 0.00000E+00 1.79954E+02
 -1        81 1.20600E+03 0.00000E+00 1.81248E+02
 -1        82 1.20900E+03 0.00000E+00 1.82566E+02
 -1        83 1.21500E+03 0.00000E+00 1.85211E+02
 -1        84 1.22100E+03 0.00000E+00 1.87869E+02
 -1        85 1.22400E+03 0.00000E+00 1.89202E+02
 -1        86 1.22700E+03 0.00000E+00 1.90538E+02
 -1        87 1.23300E+03 0.00000E+00 1.93219E+02
 -1        88 1.23900E+03 0.00000E+00 1.95913E+02
 -1        89 1.24200E+03 0.00000E+00 1.97264E+02
 -1        90 1.24500E+03 0.00000E+00 1.98619E+02
 -1        91 1.25100E+03 0.00000E+00 2.01337E+02
 -1        92 1.25700E+03 0.00000E+00 2.04067E+02
 -1        93 1.26000E+03 0.00000E+00 2.05437E+02
 -1        94 1.26300E+03 0.00000E+00 2.06809E+02
 -1        95 1.26900E+03 0.00000E+00 2.09566E+02
 -1        96 1.27500E+03 0.00000E+00 2.12334E+02
 -1        97 1.27800E+03 0.00000E+00 2.13723E+02
 -1        98 1.28100E+03 0.00000E+00 2.15115E+02
 -1        99 1.28700E+03 0.00000E+00 2.17908E+02
 -1       100 1.29300E+03 0.00000E+00 2.20713E+02
 -1       101 1.29600E+03 0.00000E+00 2.22121E+02
 -1       102 1.29900E+03 0.00000E+00 2.23531E+02
 -1       103 1.30500E+03 0.00000E+00 2.26360E+02
 -1       104 1.31100E+03 0.00000E+00 2.29203E+02
 -1       105 1.31400E+03 0.00000E+00 2.30628E+02
 -1       106 1.31700E+03 0.00000E+00 2.32057E+02
 -1       107 1.32001E+03 0.00000E+00 2.33493E+02
 -1       108 1.32300E+03 0.00000E+00 2.34924E+02
 -1       109 1.32900E+03 0.00000E+00 2.37805E+02
 -1       110 1.33200E+03 0.00000E+00 2.39250E+02
 -1       111 1.33500E+03 0.00000E+00 2.40698E+02
 -1       112 1.34100E+03 0.00000E+00 2.43603E+02
 -1       113 1.34700E+03 0.00000E+00 2.46521E+02
 -1       114 1.35000E+03 0.00000E+00 2.47984E+02
 -1       115 1.35300E+03 0.00000E+00 2.49451E+02
 -1       116 1.35900E+03 0.00000E+00 2.52393E+02
 -1       117 1.36500E+03 0.00000E+00 2.55348E+02
 -1       118 1.36800E+03 0.00000E+00 2.56830E+02
 -1       119 1.37100E+03 0.00000E+00 2.58315E+02
 -1       120 1.37700E+03 0.00000E+00 2.61294E+02
 -1       121 1.38300E+03 0.00000E+00 2.64326E+02
 -1       122 1.38600E+03 0.00000E+00 2.65847E+02
 -1       123 1.38900E+03 0.00000E+00 2.67371E+02
 -1       124 1.39500E+03 0.00000E+00 2.70428E+02
 -1       125 1.40100E+03 0.00000E+00 2.73498E+02
 -1       126 1.40400E+03 0.00000E+00 2.75037E+02
 -1       127 1.40700E+03 0.00000E+00 2.76580E+02
 -1       128 1.41300E+03 0.00000E+00 2.79674E+02
 -1       129 1.41900E+03 0.00000E+00 2.82781E+02
 -1       130 1.42200E+03 0.00000E+00 2.84339E+02
 -1       131 1.42500E+03 0.00000E+00 2.85900E+02
 -1       132 1.43100E+03 0.00000E+00 2.89032E+02
 -1       133 1.43401E+03 0.00000E+00 2.90607E+02
 -1       134 1.43700E+03 0.00000E+00 2.92177E+02
 -1       135 1.44000E+03 0.00000E+00 2.93755E+02
 -1       136 1.44300E+03 0.00000E+00 2.95336E+02
 -1       137 1.44900E+03 0.00000E+00 2.98507E+02
 -1       138 1.45500E+03 0.00000E+00 3.01690E+02
 -1       139 1.45800E+03 0.00000E+00 3.03287E+02
 -1       140 1.46100E+03 0.00000E+00 3.04886E+02
 -1       141 1.46700E+03 0.00000E+00 3.08095E+02
 -1       142 1.47300E+03 0.00000E+00 3.11316E+02
 -1       143 1.47600E+03 0.00000E+00 3.12932E+02
 -1       144 1.47900E+03 0.00000E+00 3.14550E+02
 -1       145 1.48500E+03 0.00000E+00 3.17796E+02
 -1       146 1.49100E+03 0.00000E+00 3.21055E+02
 -1       147 1.49400E+03 0.00000E+00 3.22690E+02
 -1       148 1.49700E+03 0.00000E+00 3.24329E+02
 -1       149 1.50300E+03 0.00000E+00 3.27614E+02
 -1       150 1.50900E+03 0.00000E+00 3.30913E+02
 -1       151 1.51500E+03 0.00000E+00 3.34224E+02
 -1       152 1.52000E+03 0.00000E+00 3.37025E+02
 -1       153 1.52500E+03 0.00000E+00 3.39835E+02
 -1       154 1.52636E+03 0.00000E+00 3.40600E+02
 -1       155 1.52800E+03 4.34237E-20 3.40596E+02
 -1       156 1.54100E+03 1.11208E-24 3.40596E+02
 -1       157 1.54268E+03 0.00000E+00 3.40600E+02
 -1       158 1.54400E+03 4.35820E-17 3.39857E+02
 -1       159 1.54800E+03 1.75312E-16 3.37612E+02
 -1       160 1.55330E+03 3.54027E-16 3.34645E+02
 -1       161 1.56100E+03 3.35043E-16 3.31649E+02
 -1       162 1.57000E+03 3.13380E-16 3.28172E+02
 -1       163 1.57900E+03 2.91718E-16 3.24719E+02
 -1       164 1.58800E+03 2.70056E-16 3.21293E+02
 -1       165 1.59700E+03 2.48396E-16 3.17892E+02
 -1       166 1.60000E+03 2.41164E-16 3.16764E+02
 -1       167 1.60600E+03 2.26719E-16 3.14518E+02
 -1       168 1.61500E+03 2.05060E-16 3.11170E+02
 -1       169 1.62400E+03 1.83401E-16 3.07848E+02
 -1       170 1.63300E+03 1.61743E-16 3.04552E+02
 -1       171 1.64200E+03 1.40086E-16 3.01281E+02
 -1       172 1.65100E+03 1.18430E-16 2.98035E+02
 -1       173 1.65700E+03 1.03986E-16 2.95885E+02
 -1       174 1.66000E+03 9.67667E-17 2.94815E+02
 -1       175 1.66900E+03 7.51125E-17 2.91623E+02
 -1       176 1.67800E+03 5.34580E-17 2.88456E+02
 -1       177 1.68700E+03 3.18041E-17 2.85314E+02
 -1       178 1.69600E+03 1.01509E-17 2.82197E+02
 -1       179 1.70500E+03-1.15015E-17 2.79106E+02
 -1       180 1.71400E+03-3.31580E-17 2.76040E+02
 -1       181 1.72300E+03-5.48088E-17 2.73058E+02
 -1       182 1.73200E+03-7.64590E-17 2.70102E+02
 -1       183 1.74100E+03-9.81092E-17 2.67171E+02
 -1       184 1.75000E+03-1.19759E-16 2.64265E+02
 -1       185 1.75900E+03-1.41408E-16 2.61383E+02
 -1       186 1.76800E+03-1.63057E-16 2.58527E+02
 -1       187 1.77101E+03-1.70283E-16 2.57578E+02
 -1       188 1.77700E+03-1.84704E-16 2.55698E+02
 -1       189 1.78600E+03-2.06353E-16 2.52895E+02
 -1       190 1.79500E+03-2.28001E-16 2.50117E+02
 -1       191 1.80400E+03-2.49649E-16 2.47364E+02
 -1       192 1.81300E+03-2.71296E-16 2.44635E+02
 -1       193 1.82200E+03-2.92943E-16 2.41932E+02
 -1       194 1.82801E+03-3.07411E-16 2.40141E+02
 -1       195 1.83100E+03-3.14588E-16 2.39255E+02
 -1       196 1.84000E+03-3.36234E-16 2.36604E+02
 -1       197 1.84900E+03-3.57881E-16 2.33978E+02
 -1       198 1.85800E+03-3.79528E-16 2.31378E+02
 -1       199 1.86700E+03-4.01174E-16 2.28802E+02
 -1       200 1.87600E+03-4.22821E-16 2.26250E+02
 -1       201 1.88500E+03-4.44467E-16 2.23724E+02
 -1       202 1.89400E+03-4.66113E-16 2.21282E+02
 -1       203 1.90300E+03-4.87760E-16 2.18865E+02
 -1       204 1.91200E+03-5.09406E-16 2.16472E+02
 -1       205 1.92100E+03-5.31053E-16 2.14104E+02
 -1       206 1.93000E+03-5.52699E-16 2.11761E+02
 -1       207 1.93900E+03-5.74346E-16 2.09442E+02
 -1       208 1.94201E+03-5.81559E-16 2.08673E+02
 -1       209 1.94800E+03-5.95988E-16 2.07150E+02
 -1       210 1.95700E+03-6.17635E-16 2.04884E+02
 -1       211 1.96600E+03-6.39282E-16 2.02642E+02
 -1       212 1.97500E+03-6.60929E-16 2.00425E+02
 -1       213 1.98400E+03-6.82577E-16 1.98233E+02
 -1       214 1.99300E+03-7.04225E-16 1.96065E+02
 -1       215 1.99901E+03-7.18702E-16 1.94632E+02
 -1       216 2.00200E+03-7.25866E-16 1.93923E+02
 -1       217 2.01100E+03-7.47515E-16 1.91807E+02
 -1       218 2.02000E+03-7.69163E-16 1.89716E+02
 -1       219 2.02900E+03-7.90813E-16 1.87649E+02
 -1       220 2.03800E+03-8.12462E-16 1.85607E+02
 -1       221 2.04700E+03-8.34111E-16 1.83590E+02
 -1       222 2.05600E+03-8.55761E-16 1.81597E+02
 -1       223 2.06500E+03-8.77412E-16 1.79687E+02
 -1       224 2.07400E+03-8.99063E-16 1.77803E+02
 -1       225 2.08300E+03-9.20716E-16 1.75942E+02
 -1       226 2.09200E+03-9.42368E-16 1.74106E+02
 -1       227 2.10100E+03-9.64021E-16 1.72295E+02
 -1       228 2.11000E+03-9.85675E-16 1.70508E+02
 -1       229 2.11301E+03-9.92876E-16 1.69916E+02
 -1       230 2.11900E+03-1.00732E-15 1.68747E+02
 -1       231 2.12800E+03-1.02897E-15 1.67012E+02
 -1       232 2.13700E+03-1.05063E-15 1.65301E+02
 -1       233 2.14600E+03-1.07228E-15 1.63614E+02
 -1       234 2.15500E+03-1.09394E-15 1.61952E+02
 -1       235 2.16400E+03-1.11560E-15 1.60314E+02
 -1       236 2.17001E+03-1.13009E-15 1.59234E+02
 -1       237 2.17300E+03-1.13724E-15 1.58701E+02
 -1       238 2.18200E+03-1.15890E-15 1.57114E+02
 -1       239 2.19100E+03-1.18056E-15 1.55552E+02
 -1       240 2.20000E+03-1.20222E-15 1.54014E+02
 -1       241 2.20900E+03-1.22388E-15 1.52501E+02
 -1       242 2.21800E+03-1.24554E-15 1.51011E+02
 -1       243 2.22700E+03-1.26720E-15 1.49546E+02
 -1       244 2.23600E+03-1.28886E-15 1.48165E+02
 -1       245 2.24500E+03-1.31052E-15 1.46808E+02
 -1       246 2.25400E+03-1.33219E-15 1.45475E+02
 -1       247 2.26300E+03-1.35385E-15 1.44166E+02
 -1       248 2.27200E+03-1.37551E-15 1.42882E+02
 -1       249 2.27801E+03-1.39002E-15 1.42038E+02
 -1       250 2.28100E+03-1.39717E-15 1.41622E+02
 -1       251 2.29000E+03-1.41883E-15 1.40389E+02
 -1       252 2.29900E+03-1.44050E-15 1.39180E+02
 -1       253 2.30800E+03-1.46217E-15 1.37995E+02
 -1       254 2.31700E+03-1.48383E-15 1.36834E+02
 -1       255 2.32600E+03-1.50550E-15 1.35697E+02
 -1       256 2.32901E+03-1.51269E-15 1.35323E+02
 -1       257 2.33500E+03-1.52716E-15 1.34587E+02
 -1       258 2.34400E+03-1.54883E-15 1.33501E+02
 -1       259 2.35300E+03-1.57050E-15 1.32440E+02
 -1       260 2.36200E+03-1.59217E-15 1.31403E+02
 -1       261 2.37100E+03-1.61384E-15 1.30390E+02
 -1       262 2.37801E+03-1.63075E-15 1.29617E+02
 -1       263 2.38000E+03-1.63550E-15 1.29414E+02
 -1       264 2.38900E+03-1.65718E-15 1.28508E+02
 -1       265 2.39800E+03-1.67885E-15 1.27627E+02
 -1       266 2.40700E+03-1.70052E-15 1.26769E+02
 -1       267 2.41600E+03-1.72220E-15 1.25936E+02
 -1       268 2.42500E+03-1.74388E-15 1.25127E+02
 -1       269 2.42901E+03-1.75361E-15 1.24774E+02
 -1       270 2.43400E+03-1.76569E-15 1.24343E+02
 -1       271 2.44300E+03-1.78737E-15 1.23585E+02
 -1       272 2.45200E+03-1.80905E-15 1.22851E+02
 -1       273 2.46100E+03-1.83072E-15 1.22141E+02
 -1       274 2.47000E+03-1.85240E-15 1.21455E+02
 -1       275 2.47900E+03-1.87408E-15 1.20793E+02
 -1       276 2.48001E+03-1.87649E-15 1.20720E+02
 -1       277 2.48800E+03-1.89575E-15 1.20157E+02
 -1       278 2.49700E+03-1.91743E-15 1.19546E+02
 -1       279 2.50600E+03-1.93911E-15 1.18959E+02
 -1       280 2.51500E+03-1.96079E-15 1.18396E+02
 -1       281 2.52400E+03-1.98247E-15 1.17857E+02
 -1       282 2.53300E+03-2.00415E-15 1.17342E+02
 -1       283 2.53501E+03-2.00895E-15 1.17230E+02
 -1       284 2.54200E+03-2.02583E-15 1.16897E+02
 -1       285 2.55100E+03-2.04751E-15 1.16489E+02
 -1       286 2.56000E+03-2.06919E-15 1.16106E+02
 -1       287 2.56900E+03-2.09087E-15 1.15746E+02
 -1       288 2.57800E+03-2.11255E-15 1.15410E+02
 -1       289 2.58601E+03-2.13187E-15 1.15132E+02
 -1       290 2.58700E+03-2.13423E-15 1.15099E+02
 -1       291 2.59600E+03-2.15591E-15 1.14814E+02
 -1       292 2.60500E+03-2.17760E-15 1.14553E+02
 -1       293 2.61400E+03-2.19928E-15 1.14317E+02
 -1       294 2.62300E+03-2.22096E-15 1.14104E+02
 -1       295 2.63200E+03-2.24265E-15 1.13915E+02
 -1       296 2.63701E+03-2.25478E-15 1.13820E+02
 -1       297 2.64100E+03-2.26449E-15 1.13751E+02
 -1       298 2.65000E+03-2.28617E-15 1.13613E+02
 -1       299 2.65900E+03-2.30785E-15 1.13499E+02
 -1       300 2.66800E+03-2.32954E-15 1.13409E+02
 -1       301 2.67700E+03-2.35122E-15 1.13343E+02
 -1       302 2.68600E+03-2.37290E-15 1.13300E+02
 -1       303 2.69500E+03-1.55218E-15 1.13342E+02
 -1       304 2.70400E+03-1.55219E-15 1.13407E+02
 -1       305 2.71300E+03-1.55220E-15 1.13497E+02
 -1       306 2.72200E+03-1.55221E-15 1.13610E+02
 -1       307 2.73100E+03-1.55222E-15 1.13747E+02
 -1       308 2.73701E+03-1.55223E-15 1.13852E+02
 -1       309 2.74000E+03-1.55223E-15 1.13909E+02
 -1       310 2.74900E+03-1.55224E-15 1.14097E+02
 -1       311 2.75800E+03-1.55225E-15 1.14309E+02
 -1       312 2.76700E+03-1.55226E-15 1.14545E+02
 -1       313 2.77600E+03-1.55227E-15 1.14805E+02
 -1       314 2.78500E+03-1.55228E-15 1.15089E+02
 -1       315 2.78801E+03-1.55229E-15 1.15190E+02
 -1       316 2.79400E+03-1.55229E-15 1.15399E+02
 -1       317 2.80300E+03-1.55230E-15 1.15734E+02
 -1       318 2.81200E+03-1.55231E-15 1.16093E+02
 -1       319 2.82100E+03-1.55232E-15 1.16475E+02
 -1       320 2.83000E+03-1.55234E-15 1.16882E+02
 -1       321 2.83701E+03-1.55234E-15 1.17216E+02
 -1       322 2.83900E+03-1.55235E-15 1.17326E+02
 -1       323 2.84800E+03-1.55236E-15 1.17840E+02
 -1       324 2.85700E+03-1.55237E-15 1.18378E+02
 -1       325 2.86600E+03-1.55238E-15 1.18941E+02
 -1       326 2.87500E+03-1.55239E-15 1.19527E+02
 -1       327 2.88400E+03-1.55240E-15 1.20137E+02
 -1       328 2.88801E+03-1.55240E-15 1.20417E+02
 -1       329 2.89300E+03-1.55241E-15 1.20773E+02
 -1       330 2.90200E+03-1.55242E-15 1.21434E+02
 -1       331 2.91100E+03-1.55243E-15 1.22120E+02
 -1       332 2.92000E+03-1.55244E-15 1.22829E+02
 -1       333 2.92900E+03-1.55245E-15 1.23562E+02
 -1       334 2.93800E+03-1.55246E-15 1.24320E+02
 -1       335 2.93901E+03-1.55246E-15 1.24406E+02
 -1       336 2.94700E+03-1.55247E-15 1.25104E+02
 -1       337 2.95600E+03-1.55248E-15 1.25912E+02
 -1       338 2.96500E+03-1.55249E-15 1.26744E+02
 -1       339 2.97400E+03-1.55250E-15 1.27601E+02
 -1       340 2.98300E+03-1.55251E-15 1.28482E+02
 -1       341 2.99200E+03-1.55252E-15 1.29386E+02
 -1       342 2.99401E+03-1.55252E-15 1.29592E+02
 -1       343 3.00100E+03-1.55253E-15 1.30361E+02
 -1       344 3.01000E+03-1.55254E-15 1.31373E+02
 -1       345 3.01900E+03-1.55255E-15 1.32410E+02
 -1       346 3.02800E+03-1.55256E-15 1.33470E+02
 -1       347 3.03700E+03-1.55257E-15 1.34555E+02
 -1       348 3.04501E+03-1.55258E-15 1.35541E+02
 -1       349 3.04600E+03-1.55258E-15 1.35664E+02
 -1       350 3.05500E+03-1.55259E-15 1.36800E+02
 -1       351 3.06400E+03-1.55260E-15 1.37960E+02
 -1       352 3.07300E+03-1.55261E-15 1.39144E+02
 -1       353 3.08200E+03-1.55262E-15 1.40352E+02
 -1       354 3.09100E+03-1.55263E-15 1.41585E+02
 -1       355 3.09601E+03-1.55264E-15 1.42281E+02
 -1       356 3.10000E+03-1.55264E-15 1.42843E+02
 -1       357 3.10900E+03-1.55265E-15 1.44126E+02
 -1       358 3.11800E+03-1.55266E-15 1.45434E+02
 -1       359 3.12700E+03-1.55267E-15 1.46766E+02
 -1       360 3.13600E+03-1.55268E-15 1.48123E+02
 -1       361 3.14500E+03-1.55269E-15 1.49503E+02
 -1       362 3.15400E+03-1.55271E-15 1.50967E+02
 -1       363 3.16300E+03-1.55272E-15 1.52456E+02
 -1       364 3.17200E+03-1.55273E-15 1.53969E+02
 -1       365 3.18100E+03-1.55274E-15 1.55506E+02
 -1       366 3.19000E+03-1.55275E-15 1.57067E+02
 -1       367 3.19900E+03-1.55276E-15 1.58653E+02
 -1       368 3.20201E+03-1.55276E-15 1.59188E+02
 -1       369 3.20800E+03-1.55277E-15 1.60264E+02
 -1       370 3.21700E+03-1.55278E-15 1.61902E+02
 -1       371 3.22600E+03-1.55279E-15 1.63563E+02
 -1       372 3.23500E+03-1.55280E-15 1.65249E+02
 -1       373 3.24400E+03-1.55281E-15 1.66959E+02
 -1       374 3.25300E+03-1.55282E-15 1.68694E+02
 -1       375 3.25901E+03-1.55283E-15 1.69866E+02
 -1       376 3.26200E+03-1.55283E-15 1.70454E+02
 -1       377 3.27100E+03-1.55284E-15 1.72240E+02
 -1       378 3.28000E+03-1.55285E-15 1.74050E+02
 -1       379 3.28900E+03-1.55286E-15 1.75885E+02
 -1       380 3.29800E+03-1.55287E-15 1.77745E+02
 -1       381 3.30700E+03-1.55288E-15 1.79629E+02
 -1       382 3.31600E+03-1.55289E-15 1.81537E+02
 -1       383 3.32500E+03-1.55290E-15 1.83529E+02
 -1       384 3.33400E+03-1.55291E-15 1.85546E+02
 -1       385 3.34300E+03-1.55292E-15 1.87587E+02
 -1       386 3.35200E+03-1.55293E-15 1.89653E+02
 -1       387 3.36100E+03-1.55294E-15 1.91744E+02
 -1       388 3.37000E+03-1.55295E-15 1.93859E+02
 -1       389 3.37301E+03-1.55296E-15 1.94571E+02
 -1       390 3.37900E+03-1.55296E-15 1.96000E+02
 -1       391 3.38800E+03-1.55297E-15 1.98167E+02
 -1       392 3.39700E+03-1.55298E-15 2.00358E+02
 -1       393 3.40600E+03-1.55299E-15 2.02575E+02
 -1       394 3.41500E+03-1.55300E-15 2.04815E+02
 -1       395 3.42400E+03-1.55301E-15 2.07081E+02
 -1       396 3.43001E+03-1.55302E-15 2.08607E+02
 -1       397 3.43300E+03-1.55302E-15 2.09372E+02
 -1       398 3.44200E+03-1.55303E-15 2.11690E+02
 -1       399 3.45100E+03-1.55304E-15 2.14032E+02
 -1       400 3.46000E+03-1.55305E-15 2.16399E+02
 -1       401 3.46900E+03-1.55307E-15 2.18791E+02
 -1       402 3.47800E+03-1.55308E-15 2.21207E+02
 -1       403 3.48700E+03-1.55309E-15 2.23648E+02
 -1       404 3.49600E+03-1.55310E-15 2.26174E+02
 -1       405 3.50500E+03-1.55311E-15 2.28724E+02
 -1       406 3.51400E+03-1.55312E-15 2.31299E+02
 -1       407 3.52300E+03-1.55313E-15 2.33899E+02
 -1       408 3.53200E+03-1.55314E-15 2.36524E+02
 -1       409 3.54100E+03-1.55315E-15 2.39174E+02
 -1       410 3.54401E+03-1.55315E-15 2.40066E+02
 -1       411 3.55000E+03-1.55316E-15 2.41850E+02
 -1       412 3.55900E+03-1.55317E-15 2.44553E+02
 -1       413 3.56800E+03-1.55318E-15 2.47280E+02
 -1       414 3.57700E+03-1.55319E-15 2.50032E+02
 -1       415 3.58600E+03-1.55320E-15 2.52810E+02
 -1       416 3.59500E+03-1.55321E-15 2.55612E+02
 -1       417 3.60101E+03-1.55322E-15 2.57497E+02
 -1       418 3.60400E+03-1.55322E-15 2.58440E+02
 -1       419 3.61300E+03-1.55323E-15 2.61296E+02
 -1       420 3.62200E+03-1.55324E-15 2.64176E+02
 -1       421 3.63100E+03-1.55325E-15 2.67081E+02
 -1       422 3.64000E+03-1.55326E-15 2.70012E+02
 -1       423 3.64900E+03-1.55327E-15 2.72967E+02
 -1       424 3.65800E+03-1.55328E-15 2.75948E+02
 -1       425 3.66700E+03-1.55329E-15 2.79013E+02
 -1       426 3.67600E+03-1.55330E-15 2.82103E+02
 -1       427 3.68500E+03-1.55331E-15 2.85219E+02
 -1       428 3.69400E+03-1.55332E-15 2.88360E+02
 -1       429 3.70300E+03-1.55333E-15 2.91526E+02
 -1       430 3.71200E+03-1.55334E-15 2.94718E+02
 -1       431 3.71501E+03-1.55335E-15 2.95791E+02
 -1       432 3.72100E+03-1.55335E-15 2.97936E+02
 -1       433 3.73000E+03-1.55336E-15 3.01181E+02
 -1       434 3.73900E+03-1.55337E-15 3.04452E+02
 -1       435 3.74800E+03-1.55338E-15 3.07747E+02
 -1       436 3.75700E+03-1.55339E-15 3.11068E+02
 -1       437 3.76600E+03-1.55340E-15 3.14415E+02
 -1       438 3.77201E+03-1.55341E-15 3.16664E+02
 -1       439 3.77500E+03-1.55341E-15 3.17788E+02
 -1       440 3.78400E+03-1.55343E-15 3.21188E+02
 -1       441 3.79300E+03-1.55344E-15 3.24614E+02
 -1       442 3.80200E+03-1.55345E-15 3.28065E+02
 -1       443 3.81100E+03-1.55346E-15 3.31542E+02
 -1       444 3.81870E+03-8.57310E-16 3.34537E+02
 -1       445 3.82300E+03-5.10272E-16 3.36987E+02
 -1       446 3.82800E+03-1.06790E-16 3.39844E+02
 -1       447 3.82932E+03 0.00000E+00 3.40600E+02
 -1       448 3.83000E+03 2.80114E-20 3.40598E+02
 -1       449 3.84500E+03 4.63169E-22 3.40598E+02
 -1       450 3.84574E+03 0.00000E+00 3.40600E+02
 -1       451 3.84600E+03-2.40342E-22 3.40485E+02
 -1       452 3.85200E+03-2.76431E-20 3.37880E+02
 -1       453 3.85800E+03-5.50327E-20 3.35286E+02
 -1       454 3.86150E+03-5.82903E-20 3.33802E+02
 -1       455 3.86450E+03-6.00115E-20 3.32533E+02
 -1       456 3.87050E+03-8.03504E-20 3.30003E+02
 -1       457 3.87650E+03-1.00602E-19 3.27486E+02
 -1       458 3.87950E+03-1.02267E-19 3.26232E+02
 -1       459 3.88250E+03-1.03919E-19 3.24981E+02
 -1       460 3.88850E+03-1.24024E-19 3.22487E+02
 -1       461 3.89450E+03-1.44037E-19 3.20006E+02
 -1       462 3.89750E+03-1.45622E-19 3.18771E+02
 -1       463 3.90050E+03-1.47199E-19 3.17539E+02
 -1       464 3.90650E+03-1.66998E-19 3.15083E+02
 -1       465 3.91250E+03-1.86682E-19 3.12640E+02
 -1       466 3.91550E+03-1.88186E-19 3.11422E+02
 -1       467 3.91850E+03-1.89681E-19 3.10208E+02
 -1       468 3.92450E+03-2.09096E-19 3.07789E+02
 -1       469 3.93050E+03-2.28364E-19 3.05381E+02
 -1       470 3.93350E+03-2.29425E-19 3.04182E+02
 -1       471 3.93650E+03-2.30487E-19 3.02985E+02
 -1       472 3.94250E+03-2.49446E-19 3.00601E+02
 -1       473 3.94850E+03-2.68222E-19 2.98230E+02
 -1       474 3.95150E+03-2.69043E-19 2.97048E+02
 -1       475 3.95450E+03-2.69747E-19 2.95870E+02
 -1       476 3.96050E+03-2.88132E-19 2.93523E+02
 -1       477 3.96650E+03-3.06306E-19 2.91189E+02
 -1       478 3.96950E+03-3.07131E-19 2.90026E+02
 -1       479 3.97250E+03-3.07974E-19 2.88867E+02
 -1       480 3.97850E+03-3.25423E-19 2.86556E+02
 -1       481 3.98450E+03-3.41075E-19 2.84258E+02
 -1       482 3.98750E+03-3.41862E-19 2.83113E+02
 -1       483 3.99050E+03-3.42641E-19 2.81971E+02
 -1       484 3.99650E+03-3.57881E-19 2.79696E+02
 -1       485 4.00250E+03-3.72875E-19 2.77433E+02
 -1       486 4.00550E+03-3.73593E-19 2.76306E+02
 -1       487 4.00850E+03-3.74299E-19 2.75182E+02
 -1       488 4.01450E+03-3.87270E-19 2.72943E+02
 -1       489 4.02050E+03-3.99215E-19 2.70756E+02
 -1       490 4.02350E+03-3.99776E-19 2.69667E+02
 -1       491 4.02650E+03-4.00319E-19 2.68580E+02
 -1       492 4.03250E+03-4.02657E-19 2.66417E+02
 -1       493 4.03850E+03-4.04873E-19 2.64265E+02
 -1       494 4.04150E+03-4.05343E-19 2.63194E+02
 -1       495 4.04450E+03-4.05797E-19 2.62125E+02
 -1       496 4.05050E+03-4.07819E-19 2.59997E+02
 -1       497 4.05650E+03-4.09708E-19 2.57881E+02
 -1       498 4.05950E+03-4.10088E-19 2.56827E+02
 -1       499 4.06250E+03-4.10453E-19 2.55777E+02
 -1       500 4.06850E+03-4.12109E-19 2.53684E+02
 -1       501 4.07450E+03-4.13675E-19 2.51603E+02
 -1       502 4.07750E+03-4.13954E-19 2.50567E+02
 -1       503 4.08050E+03-4.14213E-19 2.49535E+02
 -1       504 4.08650E+03-4.15493E-19 2.47480E+02
 -1       505 4.09250E+03-4.16669E-19 2.45436E+02
 -1       506 4.09550E+03-4.16837E-19 2.44418E+02
 -1       507 4.09850E+03-4.16990E-19 2.43404E+02
 -1       508 4.10450E+03-4.17890E-19 2.41383E+02
 -1       509 4.11050E+03-4.18650E-19 2.39374E+02
 -1       510 4.11350E+03-4.18710E-19 2.38374E+02
 -1       511 4.11650E+03-4.18757E-19 2.37377E+02
 -1       512 4.12250E+03-4.19240E-19 2.35392E+02
 -1       513 4.12850E+03-4.19591E-19 2.33418E+02
 -1       514 4.13150E+03-4.19534E-19 2.32436E+02
 -1       515 4.13450E+03-4.19456E-19 2.31456E+02
 -1       516 4.14050E+03-4.19497E-19 2.29508E+02
 -1       517 4.14650E+03-4.19368E-19 2.27571E+02
 -1       518 4.14950E+03-4.19176E-19 2.26607E+02
 -1       519 4.15250E+03-4.18968E-19 2.25646E+02
 -1       520 4.15850E+03-4.18544E-19 2.23733E+02
 -1       521 4.16450E+03-4.17906E-19 2.21831E+02
 -1       522 4.16750E+03-4.17585E-19 2.20885E+02
 -1       523 4.17050E+03-4.17240E-19 2.19941E+02
 -1       524 4.17650E+03-4.16384E-19 2.18062E+02
 -1       525 4.18250E+03-4.15418E-19 2.16196E+02
 -1       526 4.18550E+03-4.14957E-19 2.15267E+02
 -1       527 4.18850E+03-4.14472E-19 2.14341E+02
 -1       528 4.19450E+03-4.13272E-19 2.12497E+02
 -1       529 4.20050E+03-4.11506E-19 2.10706E+02
 -1       530 4.20350E+03-4.10709E-19 2.09814E+02
 -1       531 4.20650E+03-4.09888E-19 2.08926E+02
 -1       532 4.21250E+03-4.07876E-19 2.07158E+02
 -1       533 4.21850E+03-4.05728E-19 2.05401E+02
 -1       534 4.22150E+03-4.04770E-19 2.04527E+02
 -1       535 4.22450E+03-4.03765E-19 2.03656E+02
 -1       536 4.23050E+03-4.01340E-19 2.01923E+02
 -1       537 4.23650E+03-3.98785E-19 2.00201E+02
 -1       538 4.23950E+03-3.97639E-19 1.99344E+02
 -1       539 4.24250E+03-3.96464E-19 1.98490E+02
 -1       540 4.24850E+03-3.93903E-19 1.96792E+02
 -1       541 4.25450E+03-3.91204E-19 1.95104E+02
 -1       542 4.25750E+03-3.89856E-19 1.94266E+02
 -1       543 4.26050E+03-3.88477E-19 1.93431E+02
 -1       544 4.26650E+03-3.85495E-19 1.91768E+02
 -1       545 4.27250E+03-3.82384E-19 1.90118E+02
 -1       546 4.27550E+03-3.80844E-19 1.89297E+02
 -1       547 4.27850E+03-3.79266E-19 1.88479E+02
 -1       548 4.28450E+03-3.76000E-19 1.86851E+02
 -1       549 4.29050E+03-3.72614E-19 1.85235E+02
 -1       550 4.29350E+03-3.70864E-19 1.84431E+02
 -1       551 4.29650E+03-3.69071E-19 1.83631E+02
 -1       552 4.30250E+03-3.65468E-19 1.82037E+02
 -1       553 4.30850E+03-3.61862E-19 1.80456E+02
 -1       554 4.31150E+03-3.59895E-19 1.79669E+02
 -1       555 4.31450E+03-3.57875E-19 1.78886E+02
 -1       556 4.32050E+03-3.54010E-19 1.77329E+02
 -1       557 4.32650E+03-3.50001E-19 1.75784E+02
 -1       558 4.32950E+03-3.47779E-19 1.75016E+02
 -1       559 4.33250E+03-3.45523E-19 1.74251E+02
 -1       560 4.33850E+03-3.41214E-19 1.72728E+02
 -1       561 4.34450E+03-3.36764E-19 1.71218E+02
 -1       562 4.34750E+03-3.34297E-19 1.70467E+02
 -1       563 4.35050E+03-3.31789E-19 1.69719E+02
 -1       564 4.35650E+03-3.26949E-19 1.68231E+02
 -1       565 4.36250E+03-3.21847E-19 1.66755E+02
 -1       566 4.36550E+03-3.19130E-19 1.66021E+02
 -1       567 4.36850E+03-3.16369E-19 1.65290E+02
 -1       568 4.37450E+03-3.10712E-19 1.63837E+02
 -1       569 4.38050E+03-3.04204E-19 1.62435E+02
 -1       570 4.38350E+03-3.00890E-19 1.61739E+02
 -1       571 4.38650E+03-2.97514E-19 1.61046E+02
 -1       572 4.39250E+03-2.90632E-19 1.59667E+02
 -1       573 4.39850E+03-2.83560E-19 1.58300E+02
 -1       574 4.40150E+03-2.79945E-19 1.57621E+02
 -1       575 4.40450E+03-2.76286E-19 1.56944E+02
 -1       576 4.41050E+03-2.68785E-19 1.55600E+02
 -1       577 4.41650E+03-2.61094E-19 1.54267E+02
 -1       578 4.41950E+03-2.57184E-19 1.53605E+02
 -1       579 4.42250E+03-2.53201E-19 1.52946E+02
 -1       580 4.42850E+03-2.45111E-19 1.51636E+02
 -1       581 4.43450E+03-2.36794E-19 1.50337E+02
 -1       582 4.43750E+03-2.32539E-19 1.49693E+02
 -1       583 4.44050E+03-2.28237E-19 1.49052E+02
 -1       584 4.44650E+03-2.19446E-19 1.47778E+02
 -1       585 4.45250E+03-2.10430E-19 1.46516E+02
 -1       586 4.45550E+03-2.05840E-19 1.45889E+02
 -1       587 4.45850E+03-2.01206E-19 1.45265E+02
 -1       588 4.46450E+03-1.91731E-19 1.44025E+02
 -1       589 4.47050E+03-1.82019E-19 1.42797E+02
 -1       590 4.47350E+03-1.77084E-19 1.42187E+02
 -1       591 4.47650E+03-1.72090E-19 1.41580E+02
 -1       592 4.48250E+03-1.61928E-19 1.40374E+02
 -1       593 4.48850E+03-1.51529E-19 1.39180E+02
 -1       594 4.49150E+03-1.46239E-19 1.38587E+02
 -1       595 4.49450E+03-1.40887E-19 1.37997E+02
 -1       596 4.50050E+03-1.29958E-19 1.36827E+02
 -1       597 4.50650E+03-1.18766E-19 1.35669E+02
 -1       598 4.50950E+03-1.13087E-19 1.35094E+02
 -1       599 4.51250E+03-1.07334E-19 1.34522E+02
 -1       600 4.51850E+03-9.56385E-20 1.33387E+02
 -1       601 4.52450E+03-8.36996E-20 1.32263E+02
 -1       602 4.52750E+03-7.76282E-20 1.31705E+02
 -1       603 4.53050E+03-7.14925E-20 1.31150E+02
 -1       604 4.53650E+03-5.90211E-20 1.30048E+02
 -1       605 4.54250E+03-4.62736E-20 1.28958E+02
 -1       606 4.55000E+03-1.45305E-20 1.27656E+02
 -1       607 4.55400E+03-3.52566E-21 1.26968E+02
 -1       608 4.55528E+03 0.00000E+00 1.26750E+02
 -1       609 4.55600E+03-3.06746E-22 1.26566E+02
 -1       610 4.56100E+03-2.41123E-21 1.25302E+02
 -1       611 4.56600E+03-4.52833E-21 1.24046E+02
 -1       612 4.56900E+03-5.58694E-21 1.23313E+02
 -1       613 4.57500E+03-7.72250E-21 1.21858E+02
 -1       614 4.58100E+03-9.90436E-21 1.20414E+02
 -1       615 4.58400E+03-1.10133E-20 1.19696E+02
 -1       616 4.58700E+03-1.21259E-20 1.18981E+02
 -1       617 4.59300E+03-1.43779E-20 1.17559E+02
 -1       618 4.59900E+03-1.66673E-20 1.16150E+02
 -1       619 4.60200E+03-1.78248E-20 1.15449E+02
 -1       620 4.60500E+03-1.89886E-20 1.14751E+02
 -1       621 4.61100E+03-2.13336E-20 1.13366E+02
 -1       622 4.61700E+03-2.37064E-20 1.11992E+02
 -1       623 4.62000E+03-2.49056E-20 1.11310E+02
 -1       624 4.62300E+03-2.61152E-20 1.10630E+02
 -1       625 4.62900E+03-2.85389E-20 1.09279E+02
 -1       626 4.63500E+03-3.09774E-20 1.07940E+02
 -1       627 4.63800E+03-3.22165E-20 1.07274E+02
 -1       628 4.64100E+03-3.34514E-20 1.06612E+02
 -1       629 4.64700E+03-3.59399E-20 1.05295E+02
 -1       630 4.65300E+03-3.84345E-20 1.03990E+02
 -1       631 4.65600E+03-3.96909E-20 1.03342E+02
 -1       632 4.65900E+03-4.09527E-20 1.02696E+02
 -1       633 4.66201E+03-4.22188E-20 1.02052E+02
 -1       634 4.66500E+03-4.34791E-20 1.01415E+02
 -1       635 4.67100E+03-4.60146E-20 1.00146E+02
 -1       636 4.67400E+03-4.72884E-20 9.95153E+01
 -1       637 4.67700E+03-4.85619E-20 9.88879E+01
 -1       638 4.68300E+03-5.11200E-20 9.76415E+01
 -1       639 4.68900E+03-5.36667E-20 9.64067E+01
 -1       640 4.69200E+03-5.49389E-20 9.57934E+01
 -1       641 4.69500E+03-5.62187E-20 9.51831E+01
 -1       642 4.70100E+03-5.87712E-20 9.39708E+01
 -1       643 4.70700E+03-6.13162E-20 9.27701E+01
 -1       644 4.71000E+03-6.25845E-20 9.21739E+01
 -1       645 4.71300E+03-6.38532E-20 9.15806E+01
 -1       646 4.71900E+03-6.63891E-20 9.04024E+01
 -1       647 4.72500E+03-6.88547E-20 8.92763E+01
 -1       648 4.72800E+03-7.00832E-20 8.87174E+01
 -1       649 4.73100E+03-7.13030E-20 8.81614E+01
 -1       650 4.73700E+03-7.37332E-20 8.70577E+01
 -1       651 4.74300E+03-7.61301E-20 8.59655E+01
 -1       652 4.74600E+03-7.73198E-20 8.54237E+01
 -1       653 4.74900E+03-7.85051E-20 8.48846E+01
 -1       654 4.75500E+03-8.08496E-20 8.38149E+01
 -1       655 4.76100E+03-8.31450E-20 8.27568E+01
 -1       656 4.76400E+03-8.42905E-20 8.22319E+01
 -1       657 4.76700E+03-8.54229E-20 8.17099E+01
 -1       658 4.77300E+03-8.76559E-20 8.06741E+01
 -1       659 4.77601E+03-8.87646E-20 8.01592E+01
 -1       660 4.77900E+03-8.98527E-20 7.96509E+01
 -1       661 4.78200E+03-9.09331E-20 7.91439E+01
 -1       662 4.78500E+03-9.20007E-20 7.86398E+01
 -1       663 4.79100E+03-9.40979E-20 7.76400E+01
 -1       664 4.79700E+03-9.61507E-20 7.66516E+01
 -1       665 4.80000E+03-9.71571E-20 7.61616E+01
 -1       666 4.80300E+03-9.81561E-20 7.56745E+01
 -1       667 4.80900E+03-1.00007E-19 7.47084E+01
 -1       668 4.81500E+03-1.01802E-19 7.37539E+01
 -1       669 4.81800E+03-1.02726E-19 7.32809E+01
 -1       670 4.82100E+03-1.03632E-19 7.28107E+01
 -1       671 4.82700E+03-1.05338E-19 7.18785E+01
 -1       672 4.83300E+03-1.06999E-19 7.09579E+01
 -1       673 4.83600E+03-1.07820E-19 7.05027E+01
 -1       674 4.83900E+03-1.08624E-19 7.00504E+01
 -1       675 4.84500E+03-1.10159E-19 6.91540E+01
 -1       676 4.85100E+03-1.11578E-19 6.82692E+01
 -1       677 4.85400E+03-1.12290E-19 6.78309E+01
 -1       678 4.85700E+03-1.12988E-19 6.73955E+01
 -1       679 4.86300E+03-1.14228E-19 6.65330E+01
 -1       680 4.86900E+03-1.15257E-19 6.56820E+01
 -1       681 4.87200E+03-1.15851E-19 6.52606E+01
 -1       682 4.87500E+03-1.16427E-19 6.48421E+01
 -1       683 4.88100E+03-1.17299E-19 6.40134E+01
 -1       684 4.88700E+03-1.18087E-19 6.31962E+01
 -1       685 4.89000E+03-1.18548E-19 6.27917E+01
 -1       686 4.89300E+03-1.18818E-19 6.24104E+01
 -1       687 4.89900E+03-1.18499E-19 6.16559E+01
 -1       688 4.90500E+03-1.18067E-19 6.09129E+01
 -1       689 4.90800E+03-1.18199E-19 6.05456E+01
 -1       690 4.91100E+03-1.18300E-19 6.01811E+01
 -1       691 4.91700E+03-1.17615E-19 5.94604E+01
 -1       692 4.92300E+03-1.16820E-19 5.87511E+01
 -1       693 4.92600E+03-1.16784E-19 5.84006E+01
 -1       694 4.92900E+03-1.16710E-19 5.80530E+01
 -1       695 4.93500E+03-1.15658E-19 5.73660E+01
 -1       696 4.94100E+03-1.14468E-19 5.66905E+01
 -1       697 4.94400E+03-1.14241E-19 5.63569E+01
 -1       698 4.94700E+03-1.13987E-19 5.60261E+01
 -1       699 4.95300E+03-1.10049E-19 5.53747E+01
 -1       700 4.95900E+03-1.05925E-19 5.47348E+01
 -1       701 4.96200E+03-1.05492E-19 5.44189E+01
 -1       702 4.96500E+03-1.05029E-19 5.41060E+01
 -1       703 4.97100E+03-1.00546E-19 5.34883E+01
 -1       704 4.97700E+03-9.58719E-20 5.28820E+01
 -1       705 4.98000E+03-9.52295E-20 5.25830E+01
 -1       706 4.98300E+03-9.45445E-20 5.22869E+01
 -1       707 4.98900E+03-8.95484E-20 5.17028E+01
 -1       708 4.99500E+03-8.43225E-20 5.11302E+01
 -1       709 4.99800E+03-8.34538E-20 5.08481E+01
 -1       710 5.00100E+03-8.25476E-20 5.05688E+01
 -1       711 5.00401E+03-8.16010E-20 5.02915E+01
 -1       712 5.00700E+03-8.06160E-20 5.00194E+01
 -1       713 5.01300E+03-7.23151E-20 4.94823E+01
 -1       714 5.01600E+03-7.12006E-20 4.92180E+01
 -1       715 5.01900E+03-7.00474E-20 4.89564E+01
 -1       716 5.02500E+03-5.37355E-20 4.84416E+01
 -1       717 5.03100E+03-3.62048E-20 4.79382E+01
 -1       718 5.03400E+03-3.48417E-20 4.76906E+01
 -1       719 5.03700E+03-3.34332E-20 4.74459E+01
 -1       720 5.04300E+03-1.42964E-20 4.69646E+01
 -1       721 5.04700E+03-1.13645E-20 4.66503E+01
 -1       722 5.05100E+03-1.18754E-21 4.63655E+01
 -1       723 5.05218E+03 0.00000E+00 4.62820E+01
 -1       724 5.05300E+03-7.48848E-24 4.58960E+01
 -1       725 5.05600E+03-7.79034E-24 4.44787E+01
 -1       726 5.05739E+03 0.00000E+00 4.38220E+01
 -1       727 5.05800E+03-8.86718E-23 4.33721E+01
 -1       728 5.08639E+03 0.00000E+00 2.25100E+01
 -1       729 1.54559E+03 0.00000E+00 3.26522E+02
 -1       730 3.82641E+03 0.00000E+00 3.26520E+02
 -1      1001 8.31091E+02 0.00000E+00 4.43100E+01
 -1      1002 8.80000E+02 0.00000E+00 6.75527E+01
 -1      1003 8.81886E+02 0.00000E+00 6.84610E+01
 -1      1004 8.83000E+02 0.00000E+00 6.88187E+01
 -1      1005 8.91000E+02 0.00000E+00 7.13965E+01
 -1      1006 9.01000E+02 0.00000E+00 7.46402E+01
 -1      1007 9.11000E+02 0.00000E+00 7.79078E+01
 -1      1008 9.21009E+02 0.00000E+00 8.12022E+01
 -1      1009 9.33009E+02 0.00000E+00 8.52533E+01
 -1      1010 9.44009E+02 0.00000E+00 8.89970E+01
 -1      1011 9.55009E+02 0.00000E+00 9.27698E+01
 -1      1012 9.66009E+02 0.00000E+00 9.65715E+01
 -1      1013 9.78009E+02 0.00000E+00 1.00752E+02
 -1      1014 9.90009E+02 0.00000E+00 1.05037E+02
 -1      1015 1.00101E+03 0.00000E+00 1.08995E+02
 -1      1016 1.01201E+03 0.00000E+00 1.12983E+02
 -1      1017 1.02301E+03 0.00000E+00 1.16999E+02
 -1      1018 1.03501E+03 0.00000E+00 1.21415E+02
 -1      1019 1.04701E+03 0.00000E+00 1.25948E+02
 -1      1020 1.05801E+03 0.00000E+00 1.30133E+02
 -1      1021 1.06901E+03 0.00000E+00 1.34349E+02
 -1      1022 1.08001E+03 0.00000E+00 1.38594E+02
 -1      1023 1.09201E+03 0.00000E+00 1.43258E+02
 -1      1024 1.10401E+03 0.00000E+00 1.48027E+02
 -1      1025 1.11501E+03 0.00000E+00 1.52429E+02
 -1      1026 1.12601E+03 0.00000E+00 1.56861E+02
 -1      1027 1.13701E+03 0.00000E+00 1.61323E+02
 -1      1028 1.14901E+03 0.00000E+00 1.66224E+02
 -1      1029 1.16101E+03 0.00000E+00 1.71230E+02
 -1      1030 1.17201E+03 0.00000E+00 1.75850E+02
 -1      1031 1.18301E+03 0.00000E+00 1.80500E+02
 -1      1032 1.19401E+03 0.00000E+00 1.85179E+02
 -1      1033 1.20601E+03 0.00000E+00 1.90318E+02
 -1      1034 1.21801E+03 0.00000E+00 1.95576E+02
 -1      1035 1.22901E+03 0.00000E+00 2.00427E+02
 -1      1036 1.24001E+03 0.00000E+00 2.05308E+02
 -1      1037 1.25101E+03 0.00000E+00 2.10219E+02
 -1      1038 1.26301E+03 0.00000E+00 2.15610E+02
 -1      1039 1.27501E+03 0.00000E+00 2.21107E+02
 -1      1040 1.28601E+03 0.00000E+00 2.26178E+02
 -1      1041 1.29701E+03 0.00000E+00 2.31279E+02
 -1      1042 1.30801E+03 0.00000E+00 2.36410E+02
 -1      1043 1.32001E+03 0.00000E+00 2.42042E+02
 -1      1044 1.33201E+03 0.00000E+00 2.47781E+02
 -1      1045 1.34301E+03 0.00000E+00 2.53072E+02
 -1      1046 1.35401E+03 0.00000E+00 2.58395E+02
 -1      1047 1.36501E+03 0.00000E+00 2.63748E+02
 -1      1048 1.37701E+03 0.00000E+00 2.69622E+02
 -1      1049 1.38901E+03 0.00000E+00 2.75615E+02
 -1      1050 1.40001E+03 0.00000E+00 2.81142E+02
 -1      1051 1.41101E+03 0.00000E+00 2.86699E+02
 -1      1052 1.42201E+03 0.00000E+00 2.92286E+02
 -1      1053 1.43401E+03 0.00000E+00 2.98417E+02
 -1      1054 1.44601E+03 0.00000E+00 3.04654E+02
 -1      1055 1.45701E+03 0.00000E+00 3.10404E+02
 -1      1056 1.46801E+03 0.00000E+00 3.16185E+02
 -1      1057 1.47901E+03 0.00000E+00 3.21997E+02
 -1      1058 1.49101E+03 0.00000E+00 3.28372E+02
 -1      1059 1.50100E+03 0.00000E+00 3.33767E+02
 -1      1060 1.51100E+03 0.00000E+00 3.39192E+02
 -1      1061 1.52100E+03 0.00000E+00 3.44643E+02
 -1      1062 1.53000E+03 0.00000E+00 3.49571E+02
 -1      1063 1.53135E+03 0.00000E+00 3.50312E+02
 -1      1064 1.53200E+03 0.00000E+00 3.50312E+02
 -1      1065 1.53500E+03 0.00000E+00 3.50312E+02
 -1      1066 1.53600E+03 0.00000E+00 3.50312E+02
 -1      1067 1.53700E+03 0.00000E+00 3.49918E+02
 -1      1068 1.54800E+03 0.00000E+00 3.45603E+02
 -1      1069 1.55800E+03 0.00000E+00 3.41705E+02
 -1      1070 1.56800E+03 0.00000E+00 3.37832E+02
 -1      1071 1.57800E+03 0.00000E+00 3.33983E+02
 -1      1072 1.58800E+03 0.00000E+00 3.30158E+02
 -1      1073 1.60000E+03 0.00000E+00 3.25601E+02
 -1      1074 1.61200E+03 0.00000E+00 3.21148E+02
 -1      1075 1.62300E+03 0.00000E+00 3.17096E+02
 -1      1076 1.63400E+03 0.00000E+00 3.13074E+02
 -1      1077 1.64500E+03 0.00000E+00 3.09082E+02
 -1      1078 1.65700E+03 0.00000E+00 3.04759E+02
 -1      1079 1.66900E+03 0.00000E+00 3.00541E+02
 -1      1080 1.68000E+03 0.00000E+00 2.96705E+02
 -1      1081 1.69100E+03 0.00000E+00 2.92897E+02
 -1      1082 1.70200E+03 0.00000E+00 2.89119E+02
 -1      1083 1.71401E+03 0.00000E+00 2.85028E+02
 -1      1084 1.72601E+03 0.00000E+00 2.81057E+02
 -1      1085 1.73701E+03 0.00000E+00 2.77447E+02
 -1      1086 1.74801E+03 0.00000E+00 2.73866E+02
 -1      1087 1.75901E+03 0.00000E+00 2.70313E+02
 -1      1088 1.77101E+03 0.00000E+00 2.66471E+02
 -1      1089 1.78301E+03 0.00000E+00 2.62733E+02
 -1      1090 1.79401E+03 0.00000E+00 2.59336E+02
 -1      1091 1.80501E+03 0.00000E+00 2.55968E+02
 -1      1092 1.81601E+03 0.00000E+00 2.52629E+02
 -1      1093 1.82801E+03 0.00000E+00 2.49019E+02
 -1      1094 1.84001E+03 0.00000E+00 2.45512E+02
 -1      1095 1.85101E+03 0.00000E+00 2.42328E+02
 -1      1096 1.86201E+03 0.00000E+00 2.39172E+02
 -1      1097 1.87301E+03 0.00000E+00 2.36045E+02
 -1      1098 1.88501E+03 0.00000E+00 2.32666E+02
 -1      1099 1.89701E+03 0.00000E+00 2.29404E+02
 -1      1100 1.90801E+03 0.00000E+00 2.26444E+02
 -1      1101 1.91901E+03 0.00000E+00 2.23512E+02
 -1      1102 1.93001E+03 0.00000E+00 2.20608E+02
 -1      1103 1.94201E+03 0.00000E+00 2.17472E+02
 -1      1104 1.95401E+03 0.00000E+00 2.14441E+02
 -1      1105 1.96501E+03 0.00000E+00 2.11691E+02
 -1      1106 1.97601E+03 0.00000E+00 2.08970E+02
 -1      1107 1.98701E+03 0.00000E+00 2.06277E+02
 -1      1108 1.99901E+03 0.00000E+00 2.03371E+02
 -1      1109 2.01101E+03 0.00000E+00 2.00569E+02
 -1      1110 2.02201E+03 0.00000E+00 1.98029E+02
 -1      1111 2.03301E+03 0.00000E+00 1.95518E+02
 -1      1112 2.04401E+03 0.00000E+00 1.93035E+02
 -1      1113 2.05601E+03 0.00000E+00 1.90358E+02
 -1      1114 2.06801E+03 0.00000E+00 1.87798E+02
 -1      1115 2.07901E+03 0.00000E+00 1.85481E+02
 -1      1116 2.09001E+03 0.00000E+00 1.83191E+02
 -1      1117 2.10101E+03 0.00000E+00 1.80930E+02
 -1      1118 2.11301E+03 0.00000E+00 1.78494E+02
 -1      1119 2.12501E+03 0.00000E+00 1.76162E+02
 -1      1120 2.13601E+03 0.00000E+00 1.74054E+02
 -1      1121 2.14701E+03 0.00000E+00 1.71973E+02
 -1      1122 2.15801E+03 0.00000E+00 1.69920E+02
 -1      1123 2.17001E+03 0.00000E+00 1.67713E+02
 -1      1124 2.18201E+03 0.00000E+00 1.65609E+02
 -1      1125 2.19301E+03 0.00000E+00 1.63709E+02
 -1      1126 2.20401E+03 0.00000E+00 1.61836E+02
 -1      1127 2.21501E+03 0.00000E+00 1.59992E+02
 -1      1128 2.22701E+03 0.00000E+00 1.58012E+02
 -1      1129 2.23601E+03 0.00000E+00 1.56611E+02
 -1      1130 2.24701E+03 0.00000E+00 1.54923E+02
 -1      1131 2.25801E+03 0.00000E+00 1.53264E+02
 -1      1132 2.26901E+03 0.00000E+00 1.51632E+02
 -1      1133 2.27801E+03 0.00000E+00 1.50317E+02
 -1      1134 2.28701E+03 0.00000E+00 1.49073E+02
 -1      1135 2.29801E+03 0.00000E+00 1.47579E+02
 -1      1136 2.30901E+03 0.00000E+00 1.46112E+02
 -1      1137 2.32001E+03 0.00000E+00 1.44672E+02
 -1      1138 2.32901E+03 0.00000E+00 1.43515E+02
 -1      1139 2.33801E+03 0.00000E+00 1.42429E+02
 -1      1140 2.34834E+03 0.00000E+00 1.41204E+02
 -1      1141 2.35868E+03 0.00000E+00 1.40004E+02
 -1      1142 2.36901E+03 0.00000E+00 1.38829E+02
 -1      1143 2.37801E+03 0.00000E+00 1.37824E+02
 -1      1144 2.38701E+03 0.00000E+00 1.36901E+02
 -1      1145 2.39801E+03 0.00000E+00 1.35798E+02
 -1      1146 2.40901E+03 0.00000E+00 1.34722E+02
 -1      1147 2.42001E+03 0.00000E+00 1.33673E+02
 -1      1148 2.42901E+03 0.00000E+00 1.32836E+02
 -1      1149 2.43801E+03 0.00000E+00 1.32070E+02
 -1      1150 2.44901E+03 0.00000E+00 1.31158E+02
 -1      1151 2.46001E+03 0.00000E+00 1.30274E+02
 -1      1152 2.47101E+03 0.00000E+00 1.29417E+02
 -1      1153 2.48001E+03 0.00000E+00 1.28737E+02
 -1      1154 2.49101E+03 0.00000E+00 1.27994E+02
 -1      1155 2.50201E+03 0.00000E+00 1.27279E+02
 -1      1156 2.51301E+03 0.00000E+00 1.26591E+02
 -1      1157 2.52401E+03 0.00000E+00 1.25931E+02
 -1      1158 2.53501E+03 0.00000E+00 1.25298E+02
 -1      1159 2.54401E+03 0.00000E+00 1.24863E+02
 -1      1160 2.55501E+03 0.00000E+00 1.24357E+02
 -1      1161 2.56601E+03 0.00000E+00 1.23877E+02
 -1      1162 2.57701E+03 0.00000E+00 1.23426E+02
 -1      1163 2.58601E+03 0.00000E+00 1.23076E+02
 -1      1164 2.59501E+03 0.00000E+00 1.22798E+02
 -1      1165 2.60601E+03 0.00000E+00 1.22482E+02
 -1      1166 2.61701E+03 0.00000E+00 1.22195E+02
 -1      1167 2.62801E+03 0.00000E+00 1.21934E+02
 -1      1168 2.63701E+03 0.00000E+00 1.21741E+02
 -1      1169 2.64601E+03 0.00000E+00 1.21619E+02
 -1      1170 2.65634E+03 0.00000E+00 1.21502E+02
 -1      1171 2.66668E+03 0.00000E+00 1.21409E+02
 -1      1172 2.67701E+03 0.00000E+00 1.21340E+02
 -1      1173 2.68601E+03 0.00000E+00 1.21300E+02
 -1      1174 2.69501E+03 0.00000E+00 1.21340E+02
 -1      1175 2.70601E+03 0.00000E+00 1.21414E+02
 -1      1176 2.71701E+03 0.00000E+00 1.21516E+02
 -1      1177 2.72801E+03 0.00000E+00 1.21645E+02
 -1      1178 2.73701E+03 0.00000E+00 1.21771E+02
 -1      1179 2.74601E+03 0.00000E+00 1.21968E+02
 -1      1180 2.75701E+03 0.00000E+00 1.22234E+02
 -1      1181 2.76801E+03 0.00000E+00 1.22527E+02
 -1      1182 2.77901E+03 0.00000E+00 1.22847E+02
 -1      1183 2.78801E+03 0.00000E+00 1.23130E+02
 -1      1184 2.79701E+03 0.00000E+00 1.23483E+02
 -1      1185 2.80734E+03 0.00000E+00 1.23911E+02
 -1      1186 2.81768E+03 0.00000E+00 1.24364E+02
 -1      1187 2.82801E+03 0.00000E+00 1.24841E+02
 -1      1188 2.83701E+03 0.00000E+00 1.25276E+02
 -1      1189 2.84601E+03 0.00000E+00 1.25792E+02
 -1      1190 2.85701E+03 0.00000E+00 1.26447E+02
 -1      1191 2.86801E+03 0.00000E+00 1.27130E+02
 -1      1192 2.87901E+03 0.00000E+00 1.27840E+02
 -1      1193 2.88801E+03 0.00000E+00 1.28441E+02
 -1      1194 2.89701E+03 0.00000E+00 1.29114E+02
 -1      1195 2.90801E+03 0.00000E+00 1.29960E+02
 -1      1196 2.91901E+03 0.00000E+00 1.30835E+02
 -1      1197 2.93001E+03 0.00000E+00 1.31736E+02
 -1      1198 2.93901E+03 0.00000E+00 1.32495E+02
 -1      1199 2.95001E+03 0.00000E+00 1.33511E+02
 -1      1200 2.96101E+03 0.00000E+00 1.34554E+02
 -1      1201 2.97201E+03 0.00000E+00 1.35625E+02
 -1      1202 2.98301E+03 0.00000E+00 1.36723E+02
 -1      1203 2.99401E+03 0.00000E+00 1.37850E+02
 -1      1204 3.00301E+03 0.00000E+00 1.38854E+02
 -1      1205 3.01401E+03 0.00000E+00 1.40106E+02
 -1      1206 3.02501E+03 0.00000E+00 1.41386E+02
 -1      1207 3.03601E+03 0.00000E+00 1.42694E+02
 -1      1208 3.04501E+03 0.00000E+00 1.43784E+02
 -1      1209 3.05401E+03 0.00000E+00 1.44946E+02
 -1      1210 3.06501E+03 0.00000E+00 1.46390E+02
 -1      1211 3.07601E+03 0.00000E+00 1.47863E+02
 -1      1212 3.08701E+03 0.00000E+00 1.49362E+02
 -1      1213 3.09601E+03 0.00000E+00 1.50610E+02
 -1      1214 3.10501E+03 0.00000E+00 1.51929E+02
 -1      1215 3.11534E+03 0.00000E+00 1.53466E+02
 -1      1216 3.12568E+03 0.00000E+00 1.55027E+02
 -1      1217 3.13601E+03 0.00000E+00 1.56613E+02
 -1      1218 3.14501E+03 0.00000E+00 1.58015E+02
 -1      1219 3.15701E+03 0.00000E+00 1.59995E+02
 -1      1220 3.16801E+03 0.00000E+00 1.61839E+02
 -1      1221 3.17901E+03 0.00000E+00 1.63712E+02
 -1      1222 3.19001E+03 0.00000E+00 1.65612E+02
 -1      1223 3.20201E+03 0.00000E+00 1.67716E+02
 -1      1224 3.21401E+03 0.00000E+00 1.69924E+02
 -1      1225 3.22501E+03 0.00000E+00 1.71977E+02
 -1      1226 3.23601E+03 0.00000E+00 1.74057E+02
 -1      1227 3.24701E+03 0.00000E+00 1.76166E+02
 -1      1228 3.25901E+03 0.00000E+00 1.78498E+02
 -1      1229 3.26101E+03 0.00000E+00 1.78902E+02
 -1      1230 3.27534E+03 0.00000E+00 1.81821E+02
 -1      1231 3.28968E+03 0.00000E+00 1.84788E+02
 -1      1232 3.30401E+03 0.00000E+00 1.87802E+02
 -1      1233 3.31601E+03 0.00000E+00 1.90362E+02
 -1      1234 3.32801E+03 0.00000E+00 1.93039E+02
 -1      1235 3.33901E+03 0.00000E+00 1.95522E+02
 -1      1236 3.35001E+03 0.00000E+00 1.98034E+02
 -1      1237 3.36101E+03 0.00000E+00 2.00573E+02
 -1      1238 3.37301E+03 0.00000E+00 2.03375E+02
 -1      1239 3.38501E+03 0.00000E+00 2.06281E+02
 -1      1240 3.39601E+03 0.00000E+00 2.08974E+02
 -1      1241 3.40701E+03 0.00000E+00 2.11696E+02
 -1      1242 3.41801E+03 0.00000E+00 2.14445E+02
 -1      1243 3.43001E+03 0.00000E+00 2.17477E+02
 -1      1244 3.44201E+03 0.00000E+00 2.20613E+02
 -1      1245 3.45301E+03 0.00000E+00 2.23516E+02
 -1      1246 3.46401E+03 0.00000E+00 2.26449E+02
 -1      1247 3.47501E+03 0.00000E+00 2.29409E+02
 -1      1248 3.48701E+03 0.00000E+00 2.32671E+02
 -1      1249 3.49901E+03 0.00000E+00 2.36050E+02
 -1      1250 3.51001E+03 0.00000E+00 2.39177E+02
 -1      1251 3.52101E+03 0.00000E+00 2.42333E+02
 -1      1252 3.53201E+03 0.00000E+00 2.45518E+02
 -1      1253 3.54401E+03 0.00000E+00 2.49024E+02
 -1      1254 3.55601E+03 0.00000E+00 2.52634E+02
 -1      1255 3.56701E+03 0.00000E+00 2.55974E+02
 -1      1256 3.57801E+03 0.00000E+00 2.59342E+02
 -1      1257 3.58901E+03 0.00000E+00 2.62738E+02
 -1      1258 3.60101E+03 0.00000E+00 2.66477E+02
 -1      1259 3.61301E+03 0.00000E+00 2.70319E+02
 -1      1260 3.62401E+03 0.00000E+00 2.73871E+02
 -1      1261 3.63501E+03 0.00000E+00 2.77453E+02
 -1      1262 3.64601E+03 0.00000E+00 2.81063E+02
 -1      1263 3.65801E+03 0.00000E+00 2.85034E+02
 -1      1264 3.67001E+03 0.00000E+00 2.89122E+02
 -1      1265 3.68101E+03 0.00000E+00 2.92900E+02
 -1      1266 3.69201E+03 0.00000E+00 2.96708E+02
 -1      1267 3.70301E+03 0.00000E+00 3.00544E+02
 -1      1268 3.71501E+03 0.00000E+00 3.04762E+02
 -1      1269 3.72701E+03 0.00000E+00 3.09085E+02
 -1      1270 3.73801E+03 0.00000E+00 3.13078E+02
 -1      1271 3.74901E+03 0.00000E+00 3.17100E+02
 -1      1272 3.76001E+03 0.00000E+00 3.21151E+02
 -1      1273 3.77201E+03 0.00000E+00 3.25604E+02
 -1      1274 3.78200E+03 0.00000E+00 3.29396E+02
 -1      1275 3.79200E+03 0.00000E+00 3.33216E+02
 -1      1276 3.80200E+03 0.00000E+00 3.37060E+02
 -1      1277 3.81200E+03 0.00000E+00 3.40928E+02
 -1      1278 3.82200E+03 0.00000E+00 3.44821E+02
 -1      1279 3.83500E+03 0.00000E+00 3.49918E+02
 -1      1280 3.83600E+03 0.00000E+00 3.50312E+02
 -1      1281 3.83700E+03 0.00000E+00 3.50312E+02
 -1      1282 3.84000E+03 0.00000E+00 3.50312E+02
 -1      1283 3.84065E+03 0.00000E+00 3.50312E+02
 -1      1284 3.84200E+03 0.00000E+00 3.49742E+02
 -1      1285 3.84450E+03 0.00000E+00 3.48689E+02
 -1      1286 3.85450E+03 0.00000E+00 3.44490E+02
 -1      1287 3.86450E+03 0.00000E+00 3.40316E+02
 -1      1288 3.87450E+03 0.00000E+00 3.36166E+02
 -1      1289 3.88450E+03 0.00000E+00 3.32041E+02
 -1      1290 3.89451E+03 0.00000E+00 3.27936E+02
 -1      1291 3.90601E+03 0.00000E+00 3.23318E+02
 -1      1292 3.91801E+03 0.00000E+00 3.18533E+02
 -1      1293 3.93001E+03 0.00000E+00 3.13783E+02
 -1      1294 3.94201E+03 0.00000E+00 3.09068E+02
 -1      1295 3.95451E+03 0.00000E+00 3.04194E+02
 -1      1296 3.96601E+03 0.00000E+00 2.99810E+02
 -1      1297 3.97801E+03 0.00000E+00 2.95271E+02
 -1      1298 3.99001E+03 0.00000E+00 2.90765E+02
 -1      1299 4.00201E+03 0.00000E+00 2.86295E+02
 -1      1300 4.01451E+03 0.00000E+00 2.81676E+02
 -1      1301 4.02601E+03 0.00000E+00 2.77539E+02
 -1      1302 4.03801E+03 0.00000E+00 2.73256E+02
 -1      1303 4.05001E+03 0.00000E+00 2.69007E+02
 -1      1304 4.06201E+03 0.00000E+00 2.64794E+02
 -1      1305 4.07451E+03 0.00000E+00 2.60441E+02
 -1      1306 4.08601E+03 0.00000E+00 2.56537E+02
 -1      1307 4.09801E+03 0.00000E+00 2.52497E+02
 -1      1308 4.11001E+03 0.00000E+00 2.48491E+02
 -1      1309 4.12201E+03 0.00000E+00 2.44519E+02
 -1      1310 4.13451E+03 0.00000E+00 2.40419E+02
 -1      1311 4.14601E+03 0.00000E+00 2.36746E+02
 -1      1312 4.15801E+03 0.00000E+00 2.32948E+02
 -1      1313 4.17001E+03 0.00000E+00 2.29183E+02
 -1      1314 4.18201E+03 0.00000E+00 2.25453E+02
 -1      1315 4.19451E+03 0.00000E+00 2.21604E+02
 -1      1316 4.20601E+03 0.00000E+00 2.18174E+02
 -1      1317 4.21801E+03 0.00000E+00 2.14630E+02
 -1      1318 4.23001E+03 0.00000E+00 2.11119E+02
 -1      1319 4.24201E+03 0.00000E+00 2.07642E+02
 -1      1320 4.25451E+03 0.00000E+00 2.04056E+02
 -1      1321 4.26601E+03 0.00000E+00 2.00857E+02
 -1      1322 4.27801E+03 0.00000E+00 1.97552E+02
 -1      1323 4.29001E+03 0.00000E+00 1.94280E+02
 -1      1324 4.30201E+03 0.00000E+00 1.91043E+02
 -1      1325 4.31451E+03 0.00000E+00 1.87706E+02
 -1      1326 4.32601E+03 0.00000E+00 1.84736E+02
 -1      1327 4.33801E+03 0.00000E+00 1.81669E+02
 -1      1328 4.35001E+03 0.00000E+00 1.78637E+02
 -1      1329 4.36201E+03 0.00000E+00 1.75638E+02
 -1      1330 4.37451E+03 0.00000E+00 1.72549E+02
 -1      1331 4.38601E+03 0.00000E+00 1.69820E+02
 -1      1332 4.39801E+03 0.00000E+00 1.67005E+02
 -1      1333 4.41001E+03 0.00000E+00 1.64223E+02
 -1      1334 4.42201E+03 0.00000E+00 1.61474E+02
 -1      1335 4.43451E+03 0.00000E+00 1.58647E+02
 -1      1336 4.44601E+03 0.00000E+00 1.56145E+02
 -1      1337 4.45801E+03 0.00000E+00 1.53567E+02
 -1      1338 4.47001E+03 0.00000E+00 1.51022E+02
 -1      1339 4.48201E+03 0.00000E+00 1.48511E+02
 -1      1340 4.49451E+03 0.00000E+00 1.45931E+02
 -1      1341 4.50500E+03 0.00000E+00 1.43854E+02
 -1      1342 4.51500E+03 0.00000E+00 1.41898E+02
 -1      1343 4.52500E+03 0.00000E+00 1.39965E+02
 -1      1344 4.53500E+03 0.00000E+00 1.38055E+02
 -1      1345 4.54500E+03 0.00000E+00 1.36168E+02
 -1      1346 4.55400E+03 0.00000E+00 1.34490E+02
 -1      1347 4.55503E+03 0.00000E+00 1.34300E+02
 -1      1348 4.55600E+03 0.00000E+00 1.34065E+02
 -1      1349 4.56500E+03 0.00000E+00 1.31906E+02
 -1      1350 4.57500E+03 0.00000E+00 1.29530E+02
 -1      1351 4.58500E+03 0.00000E+00 1.27176E+02
 -1      1352 4.59500E+03 0.00000E+00 1.24846E+02
 -1      1353 4.60501E+03 0.00000E+00 1.22537E+02
 -1      1354 4.61701E+03 0.00000E+00 1.19870E+02
 -1      1355 4.62801E+03 0.00000E+00 1.17454E+02
 -1      1356 4.63901E+03 0.00000E+00 1.15066E+02
 -1      1357 4.65001E+03 0.00000E+00 1.12706E+02
 -1      1358 4.66201E+03 0.00000E+00 1.10164E+02
 -1      1359 4.67401E+03 0.00000E+00 1.07725E+02
 -1      1360 4.68501E+03 0.00000E+00 1.05518E+02
 -1      1361 4.69601E+03 0.00000E+00 1.03339E+02
 -1      1362 4.70701E+03 0.00000E+00 1.01189E+02
 -1      1363 4.71901E+03 0.00000E+00 9.88743E+01
 -1      1364 4.73101E+03 0.00000E+00 9.66762E+01
 -1      1365 4.74201E+03 0.00000E+00 9.46904E+01
 -1      1366 4.75301E+03 0.00000E+00 9.27325E+01
 -1      1367 4.76401E+03 0.00000E+00 9.08025E+01
 -1      1368 4.77601E+03 0.00000E+00 8.87288E+01
 -1      1369 4.78801E+03 0.00000E+00 8.67580E+01
 -1      1370 4.79901E+03 0.00000E+00 8.49805E+01
 -1      1371 4.81001E+03 0.00000E+00 8.32308E+01
 -1      1372 4.82101E+03 0.00000E+00 8.15089E+01
 -1      1373 4.83301E+03 0.00000E+00 7.96621E+01
 -1      1374 4.84501E+03 0.00000E+00 7.79181E+01
 -1      1375 4.85601E+03 0.00000E+00 7.63484E+01
 -1      1376 4.86701E+03 0.00000E+00 7.48065E+01
 -1      1377 4.87801E+03 0.00000E+00 7.32922E+01
 -1      1378 4.89001E+03 0.00000E+00 7.16719E+01
 -1      1379 4.90201E+03 0.00000E+00 7.01675E+01
 -1      1380 4.91301E+03 0.00000E+00 6.88174E+01
 -1      1381 4.92401E+03 0.00000E+00 6.74950E+01
 -1      1382 4.93501E+03 0.00000E+00 6.62001E+01
 -1      1383 4.94701E+03 0.00000E+00 6.48191E+01
 -1      1384 4.95901E+03 0.00000E+00 6.35407E+01
 -1      1385 4.97001E+03 0.00000E+00 6.23977E+01
 -1      1386 4.98101E+03 0.00000E+00 6.12823E+01
 -1      1387 4.99201E+03 0.00000E+00 6.01945E+01
 -1      1388 5.00401E+03 0.00000E+00 5.90392E+01
 -1      1389 5.01500E+03 0.00000E+00 5.80737E+01
 -1      1390 5.02700E+03 0.00000E+00 5.70511E+01
 -1      1391 5.03900E+03 0.00000E+00 5.60612E+01
 -1      1392 5.05000E+03 0.00000E+00 5.51825E+01
 -1      1393 5.05096E+03 0.00000E+00 5.51070E+01
 -1      1394 5.05200E+03 0.00000E+00 5.48188E+01
 -1      1395 5.10170E+03 0.00000E+00 4.13170E+01
 -3
    3C                          1194                                     1
 -1         1   11    0    1
 -2         1         2
 -1         2   11    0    2
 -2         2         3
 -1         3   11    0    3
 -2         3         4
 -1         4   11    0    4
 -2         4         5
 -1         5   11    0    5
 -2         5         6
 -1         6   11    0    6
 -2         6         7
 -1         7   11    0    7
 -2         7         8
 -1         8   11    0    8
 -2         8         9
 -1         9   11    0    9
 -2         9        10
 -1        10   11    0   10
 -2        10        11
 -1        11   11    0   11
 -2        11        12
 -1        12   11    0   12
 -2        12        13
 -1        13   11    0   13
 -2        13        14
 -1        14   11    0   14
 -2        14        15
 -1        15   11    0   15
 -2        15        16
 -1        16   11    0   16
 -2        16        17
 -1        17   11    0   17
 -2        17        18
 -1        18   11    0   18
 -2        18        19
 -1        19   11    0   19
 -2        19        20
 -1        20   11    0   20
 -2        20        21
 -1        21   11    0   21
 -2        21        22
 -1        22   11    0   22
 -2        22        23
 -1        23   11    0   23
 -2        23        24
 -1        24   11    0   24
 -2        24        25
 -1        25   11    0   25
 -2        25        26
 -1        26   11    0   26
 -2        26        27
 -1        27   11    0   27
 -2        27        28
 -1        28   11    0   28
 -2        28        29
 -1        29   11    0   29
 -2        29        30
 -1        30   11    0   30
 -2        30        31
 -1        31   11    0   31
 -2        31        32
 -1        32   11    0   32
 -2        32        33
 -1        33   11    0   33
 -2        33        34
 -1        34   11    0   34
 -2        34        35
 -1        35   11    0   35
 -2        35        36
 -1        36   11    0   36
 -2        36        37
 -1        37   11    0   37
 -2        37        38
 -1        38   11    0   38
 -2        38        39
 -1        39   11    0   39
 -2        39        40
 -1        40   11    0   40
 -2        40        41
 -1        41   11    0   41
 -2        41        42
 -1        42   11    0   42
 -2        42        43
 -1        43   11    0   43
 -2        43        44
 -1        44   11    0   44
 -2        44        45
 -1        45   11    0   45
 -2        45        46
 -1        46   11    0   46
 -2        46        47
 -1        47   11    0   47
 -2        47        48
 -1        48   11    0   48
 -2        48        49
 -1        49   11    0   49
 -2        49        50
 -1        50   11    0   50
 -2        50        51
 -1        51   11    0   51
 -2        51        52
 -1        52   11    0   52
 -2        52        53
 -1        53   11    0   53
 -2        53        54
 -1        54   11    0   54
 -2        54        55
 -1        55   11    0   55
 -2        55        56
 -1        56   11    0   56
 -2        56        57
 -1        57   11    0   57
 -2        57        58
 -1        58   11    0   58
 -2        58        59
 -1        59   11    0   59
 -2        59        60
 -1        60   11    0   60
 -2        60        61
 -1        61   11    0   61
 -2        61        62
 -1        62   11    0   62
 -2        62        63
 -1        63   11    0   63
 -2        63        64
 -1        64   11    0   64
 -2        64        65
 -1        65   11    0   65
 -2        65        66
 -1        66   11    0   66
 -2        66        67
 -1        67   11    0   67
 -2        67        68
 -1        68   11    0   68
 -2        68        69
 -1        69   11    0   69
 -2        69        70
 -1        70   11    0   70
 -2        70        71
 -1        71   11    0   71
 -2        71        72
 -1        72   11    0   72
 -2        72        73
 -1        73   11    0   73
 -2        73        74
 -1        74   11    0   74
 -2        74        75
 -1        75   11    0   75
 -2        75        76
 -1        76   11    0   76
 -2        76        77
 -1        77   11    0   77
 -2        77        78
 -1        78   11    0   78
 -2        78        79
 -1        79   11    0   79
 -2        79        80
 -1        80   11    0   80
 -2        80        81
 -1        81   11    0   81
 -2        81        82
 -1        82   11    0   82
 -2        82        83
 -1        83   11    0   83
 -2        83        84
 -1        84   11    0   84
 -2        84        85
 -1        85   11    0   85
 -2        85        86
 -1        86   11    0   86
 -2        86        87
 -1        87   11    0   87
 -2        87        88
 -1        88   11    0   88
 -2        88        89
 -1        89   11    0   89
 -2        89        90
 -1        90   11    0   90
 -2        90        91
 -1        91   11    0   91
 -2        91        92
 -1        92   11    0   92
 -2        92        93
 -1        93   11    0   93
 -2        93        94
 -1        94   11    0   94
 -2        94        95
 -1        95   11    0   95
 -2        95        96
 -1        96   11    0   96
 -2        96        97
 -1        97   11    0   97
 -2        97        98
 -1        98   11    0   98
 -2        98        99
 -1        99   11    0   99
 -2        99       100
 -1       100   11    0  100
 -2       100       101
 -1       101   11    0  101
 -2       101       102
 -1       102   11    0  102
 -2       102       103
 -1       103   11    0  103
 -2       103       104
 -1       104   11    0  104
 -2       104       105
 -1       105   11    0  105
 -2       105       106
 -1       106   11    0  106
 -2       106       107
 -1       107   11    0  107
 -2       107       108
 -1       108   11    0  108
 -2       108       109
 -1       109   11    0  109
 -2       109       110
 -1       110   11    0  110
 -2       110       111
 -1       111   11    0  111
 -2       111       112
 -1       112   11    0  112
 -2       112       113
 -1       113   11    0  113
 -2       113       114
 -1       114   11    0  114
 -2       114       115
 -1       115   11    0  115
 -2       115       116
 -1       116   11    0  116
 -2       116       117
 -1       117   11    0  117
 -2       117       118
 -1       118   11    0  118
 -2       118       119
 -1       119   11    0  119
 -2       119       120
 -1       120   11    0  120
 -2       120       121
 -1       121   11    0  121
 -2       121       122
 -1       122   11    0  122
 -2       122       123
 -1       123   11    0  123
 -2       123       124
 -1       124   11    0  124
 -2       124       125
 -1       125   11    0  125
 -2       125       126
 -1       126   11    0  126
 -2       126       127
 -1       127   11    0  127
 -2       127       128
 -1       128   11    0  128
 -2       128       129
 -1       129   11    0  129
 -2       129       130
 -1       130   11    0  130
 -2       130       131
 -1       131   11    0  131
 -2       131       132
 -1       132   11    0  132
 -2       132       133
 -1       133   11    0  133
 -2       133       134
 -1       134   11    0  134
 -2       134       135
 -1       135   11    0  135
 -2       135       136
 -1       136   11    0  136
 -2       136       137
 -1       137   11    0  137
 -2       137       138
 -1       138   11    0  138
 -2       138       139
 -1       139   11    0  139
 -2       139       140
 -1       140   11    0  140
 -2       140       141
 -1       141   11    0  141
 -2       141       142
 -1       142   11    0  142
 -2       142       143
 -1       143   11    0  143
 -2       143       144
 -1       144   11    0  144
 -2       144       145
 -1       145   11    0  145
 -2       145       146
 -1       146   11    0  146
 -2       146       147
 -1       147   11    0  147
 -2       147       148
 -1       148   11    0  148
 -2       148       149
 -1       149   11    0  149
 -2       149       150
 -1       150   11    0  150
 -2       150       151
 -1       151   11    0  151
 -2       151       152
 -1       152   11    0  152
 -2       152       153
 -1       153   11    0  153
 -2       153       154
 -1       154   11    0  154
 -2       154       155
 -1       155   11    0  155
 -2       155       156
 -1       156   11    0  156
 -2       156       157
 -1       157   11    0  157
 -2       157       158
 -1       158   11    0  158
 -2       158       159
 -1       159   11    0  159
 -2       159       160
 -1       160   11    0  160
 -2       160       161
 -1       161   11    0  161
 -2       161       162
 -1       162   11    0  162
 -2       162       163
 -1       163   11    0  163
 -2       163       164
 -1       164   11    0  164
 -2       164       165
 -1       165   11    0  165
 -2       165       166
 -1       166   11    0  166
 -2       166       167
 -1       167   11    0  167
 -2       167       168
 -1       168   11    0  168
 -2       168       169
 -1       169   11    0  169
 -2       169       170
 -1       170   11    0  170
 -2       170       171
 -1       171   11    0  171
 -2       171       172
 -1       172   11    0  172
 -2       172       173
 -1       173   11    0  173
 -2       173       174
 -1       174   11    0  174
 -2       174       175
 -1       175   11    0  175
 -2       175       176
 -1       176   11    0  176
 -2       176       177
 -1       177   11    0  177
 -2       177       178
 -1       178   11    0  178
 -2       178       179
 -1       179   11    0  179
 -2       179       180
 -1       180   11    0  180
 -2       180       181
 -1       181   11    0  181
 -2       181       182
 -1       182   11    0  182
 -2       182       183
 -1       183   11    0  183
 -2       183       184
 -1       184   11    0  184
 -2       184       185
 -1       185   11    0  185
 -2       185       186
 -1       186   11    0  186
 -2       186       187
 -1       187   11    0  187
 -2       187       188
 -1       188   11    0  188
 -2       188       189
 -1       189   11    0  189
 -2       189       190
 -1       190   11    0  190
 -2       190       191
 -1       191   11    0  191
 -2       191       192
 -1       192   11    0  192
 -2       192       193
 -1       193   11    0  193
 -2       193       194
 -1       194   11    0  194
 -2       194       195
 -1       195   11    0  195
 -2       195       196
 -1       196   11    0  196
 -2       196       197
 -1       197   11    0  197
 -2       197       198
 -1       198   11    0  198
 -2       198       199
 -1       199   11    0  199
 -2       199       200
 -1       200   11    0  200
 -2       200       201
 -1       201   11    0  201
 -2       201       202
 -1       202   11    0  202
 -2       202       203
 -1       203   11    0  203
 -2       203       204
 -1       204   11    0  204
 -2       204       205
 -1       205   11    0  205
 -2       205       206
 -1       206   11    0  206
 -2       206       207
 -1       207   11    0  207
 -2       207       208
 -1       208   11    0  208
 -2       208       209
 -1       209   11    0  209
 -2       209       210
 -1       210   11    0  210
 -2       210       211
 -1       211   11    0  211
 -2       211       212
 -1       212   11    0  212
 -2       212       213
 -1       213   11    0  213
 -2       213       214
 -1       214   11    0  214
 -2       214       215
 -1       215   11    0  215
 -2       215       216
 -1       216   11    0  216
 -2       216       217
 -1       217   11    0  217
 -2       217       218
 -1       218   11    0  218
 -2       218       219
 -1       219   11    0  219
 -2       219       220
 -1       220   11    0  220
 -2       220       221
 -1       221   11    0  221
 -2       221       222
 -1       222   11    0  222
 -2       222       223
 -1       223   11    0  223
 -2       223       224
 -1       224   11    0  224
 -2       224       225
 -1       225   11    0  225
 -2       225       226
 -1       226   11    0  226
 -2       226       227
 -1       227   11    0  227
 -2       227       228
 -1       228   11    0  228
 -2       228       229
 -1       229   11    0  229
 -2       229       230
 -1       230   11    0  230
 -2       230       231
 -1       231   11    0  231
 -2       231       232
 -1       232   11    0  232
 -2       232       233
 -1       233   11    0  233
 -2       233       234
 -1       234   11    0  234
 -2       234       235
 -1       235   11    0  235
 -2       235       236
 -1       236   11    0  236
 -2       236       237
 -1       237   11    0  237
 -2       237       238
 -1       238   11    0  238
 -2       238       239
 -1       239   11    0  239
 -2       239       240
 -1       240   11    0  240
 -2       240       241
 -1       241   11    0  241
 -2       241       242
 -1       242   11    0  242
 -2       242       243
 -1       243   11    0  243
 -2       243       244
 -1       244   11    0  244
 -2       244       245
 -1       245   11    0  245
 -2       245       246
 -1       246   11    0  246
 -2       246       247
 -1       247   11    0  247
 -2       247       248
 -1       248   11    0  248
 -2       248       249
 -1       249   11    0  249
 -2       249       250
 -1       250   11    0  250
 -2       250       251
 -1       251   11    0  251
 -2       251       252
 -1       252   11    0  252
 -2       252       253
 -1       253   11    0  253
 -2       253       254
 -1       254   11    0  254
 -2       254       255
 -1       255   11    0  255
 -2       255       256
 -1       256   11    0  256
 -2       256       257
 -1       257   11    0  257
 -2       257       258
 -1       258   11    0  258
 -2       258       259
 -1       259   11    0  259
 -2       259       260
 -1       260   11    0  260
 -2       260       261
 -1       261   11    0  261
 -2       261       262
 -1       262   11    0  262
 -2       262       263
 -1       263   11    0  263
 -2       263       264
 -1       264   11    0  264
 -2       264       265
 -1       265   11    0  265
 -2       265       266
 -1       266   11    0  266
 -2       266       267
 -1       267   11    0  267
 -2       267       268
 -1       268   11    0  268
 -2       268       269
 -1       269   11    0  269
 -2       269       270
 -1       270   11    0  270
 -2       270       271
 -1       271   11    0  271
 -2       271       272
 -1       272   11    0  272
 -2       272       273
 -1       273   11    0  273
 -2       273       274
 -1       274   11    0  274
 -2       274       275
 -1       275   11    0  275
 -2       275       276
 -1       276   11    0  276
 -2       276       277
 -1       277   11    0  277
 -2       277       278
 -1       278   11    0  278
 -2       278       279
 -1       279   11    0  279
 -2       279       280
 -1       280   11    0  280
 -2       280       281
 -1       281   11    0  281
 -2       281       282
 -1       282   11    0  282
 -2       282       283
 -1       283   11    0  283
 -2       283       284
 -1       284   11    0  284
 -2       284       285
 -1       285   11    0  285
 -2       285       286
 -1       286   11    0  286
 -2       286       287
 -1       287   11    0  287
 -2       287       288
 -1       288   11    0  288
 -2       288       289
 -1       289   11    0  289
 -2       289       290
 -1       290   11    0  290
 -2       290       291
 -1       291   11    0  291
 -2       291       292
 -1       292   11    0  292
 -2       292       293
 -1       293   11    0  293
 -2       293       294
 -1       294   11    0  294
 -2       294       295
 -1       295   11    0  295
 -2       295       296
 -1       296   11    0  296
 -2       296       297
 -1       297   11    0  297
 -2       297       298
 -1       298   11    0  298
 -2       298       299
 -1       299   11    0  299
 -2       299       300
 -1       300   11    0  300
 -2       300       301
 -1       301   11    0  301
 -2       301       302
 -1       302   11    0  302
 -2       302       303
 -1       303   11    0  303
 -2       303       304
 -1       304   11    0  304
 -2       304       305
 -1       305   11    0  305
 -2       305       306
 -1       306   11    0  306
 -2       306       307
 -1       307   11    0  307
 -2       307       308
 -1       308   11    0  308
 -2       308       309
 -1       309   11    0  309
 -2       309       310
 -1       310   11    0  310
 -2       310       311
 -1       311   11    0  311
 -2       311       312
 -1       312   11    0  312
 -2       312       313
 -1       313   11    0  313
 -2       313       314
 -1       314   11    0  314
 -2       314       315
 -1       315   11    0  315
 -2       315       316
 -1       316   11    0  316
 -2       316       317
 -1       317   11    0  317
 -2       317       318
 -1       318   11    0  318
 -2       318       319
 -1       319   11    0  319
 -2       319       320
 -1       320   11    0  320
 -2       320       321
 -1       321   11    0  321
 -2       321       322
 -1       322   11    0  322
 -2       322       323
 -1       323   11    0  323
 -2       323       324
 -1       324   11    0  324
 -2       324       325
 -1       325   11    0  325
 -2       325       326
 -1       326   11    0  326
 -2       326       327
 -1       327   11    0  327
 -2       327       328
 -1       328   11    0  328
 -2       328       329
 -1       329   11    0  329
 -2       329       330
 -1       330   11    0  330
 -2       330       331
 -1       331   11    0  331
 -2       331       332
 -1       332   11    0  332
 -2       332       333
 -1       333   11    0  333
 -2       333       334
 -1       334   11    0  334
 -2       334       335
 -1       335   11    0  335
 -2       335       336
 -1       336   11    0  336
 -2       336       337
 -1       337   11    0  337
 -2       337       338
 -1       338   11    0  338
 -2       338       339
 -1       339   11    0  339
 -2       339       340
 -1       340   11    0  340
 -2       340       341
 -1       341   11    0  341
 -2       341       342
 -1       342   11    0  342
 -2       342       343
 -1       343   11    0  343
 -2       343       344
 -1       344   11    0  344
 -2       344       345
 -1       345   11    0  345
 -2       345       346
 -1       346   11    0  346
 -2       346       347
 -1       347   11    0  347
 -2       347       348
 -1       348   11    0  348
 -2       348       349
 -1       349   11    0  349
 -2       349       350
 -1       350   11    0  350
 -2       350       351
 -1       351   11    0  351
 -2       351       352
 -1       352   11    0  352
 -2       352       353
 -1       353   11    0  353
 -2       353       354
 -1       354   11    0  354
 -2       354       355
 -1       355   11    0  355
 -2       355       356
 -1       356   11    0  356
 -2       356       357
 -1       357   11    0  357
 -2       357       358
 -1       358   11    0  358
 -2       358       359
 -1       359   11    0  359
 -2       359       360
 -1       360   11    0  360
 -2       360       361
 -1       361   11    0  361
 -2       361       362
 -1       362   11    0  362
 -2       362       363
 -1       363   11    0  363
 -2       363       364
 -1       364   11    0  364
 -2       364       365
 -1       365   11    0  365
 -2       365       366
 -1       366   11    0  366
 -2       366       367
 -1       367   11    0  367
 -2       367       368
 -1       368   11    0  368
 -2       368       369
 -1       369   11    0  369
 -2       369       370
 -1       370   11    0  370
 -2       370       371
 -1       371   11    0  371
 -2       371       372
 -1       372   11    0  372
 -2       372       373
 -1       373   11    0  373
 -2       373       374
 -1       374   11    0  374
 -2       374       375
 -1       375   11    0  375
 -2       375       376
 -1       376   11    0  376
 -2       376       377
 -1       377   11    0  377
 -2       377       378
 -1       378   11    0  378
 -2       378       379
 -1       379   11    0  379
 -2       379       380
 -1       380   11    0  380
 -2       380       381
 -1       381   11    0  381
 -2       381       382
 -1       382   11    0  382
 -2       382       383
 -1       383   11    0  383
 -2       383       384
 -1       384   11    0  384
 -2       384       385
 -1       385   11    0  385
 -2       385       386
 -1       386   11    0  386
 -2       386       387
 -1       387   11    0  387
 -2       387       388
 -1       388   11    0  388
 -2       388       389
 -1       389   11    0  389
 -2       389       390
 -1       390   11    0  390
 -2       390       391
 -1       391   11    0  391
 -2       391       392
 -1       392   11    0  392
 -2       392       393
 -1       393   11    0  393
 -2       393       394
 -1       394   11    0  394
 -2       394       395
 -1       395   11    0  395
 -2       395       396
 -1       396   11    0  396
 -2       396       397
 -1       397   11    0  397
 -2       397       398
 -1       398   11    0  398
 -2       398       399
 -1       399   11    0  399
 -2       399       400
 -1       400   11    0  400
 -2       400       401
 -1       401   11    0  401
 -2       401       402
 -1       402   11    0  402
 -2       402       403
 -1       403   11    0  403
 -2       403       404
 -1       404   11    0  404
 -2       404       405
 -1       405   11    0  405
 -2       405       406
 -1       406   11    0  406
 -2       406       407
 -1       407   11    0  407
 -2       407       408
 -1       408   11    0  408
 -2       408       409
 -1       409   11    0  409
 -2       409       410
 -1       410   11    0  410
 -2       410       411
 -1       411   11    0  411
 -2       411       412
 -1       412   11    0  412
 -2       412       413
 -1       413   11    0  413
 -2       413       414
 -1       414   11    0  414
 -2       414       415
 -1       415   11    0  415
 -2       415       416
 -1       416   11    0  416
 -2       416       417
 -1       417   11    0  417
 -2       417       418
 -1       418   11    0  418
 -2       418       419
 -1       419   11    0  419
 -2       419       420
 -1       420   11    0  420
 -2       420       421
 -1       421   11    0  421
 -2       421       422
 -1       422   11    0  422
 -2       422       423
 -1       423   11    0  423
 -2       423       424
 -1       424   11    0  424
 -2       424       425
 -1       425   11    0  425
 -2       425       426
 -1       426   11    0  426
 -2       426       427
 -1       427   11    0  427
 -2       427       428
 -1       428   11    0  428
 -2       428       429
 -1       429   11    0  429
 -2       429       430
 -1       430   11    0  430
 -2       430       431
 -1       431   11    0  431
 -2       431       432
 -1       432   11    0  432
 -2       432       433
 -1       433   11    0  433
 -2       433       434
 -1       434   11    0  434
 -2       434       435
 -1       435   11    0  435
 -2       435       436
 -1       436   11    0  436
 -2       436       437
 -1       437   11    0  437
 -2       437       438
 -1       438   11    0  438
 -2       438       439
 -1       439   11    0  439
 -2       439       440
 -1       440   11    0  440
 -2       440       441
 -1       441   11    0  441
 -2       441       442
 -1       442   11    0  442
 -2       442       443
 -1       443   11    0  443
 -2       443       444
 -1       444   11    0  444
 -2       444       445
 -1       445   11    0  445
 -2       445       446
 -1       446   11    0  446
 -2       446       447
 -1       447   11    0  447
 -2       447       448
 -1       448   11    0  448
 -2       448       449
 -1       449   11    0  449
 -2       449       450
 -1       450   11    0  450
 -2       450       451
 -1       451   11    0  451
 -2       451       452
 -1       452   11    0  452
 -2       452       453
 -1       453   11    0  453
 -2       453       454
 -1       454   11    0  454
 -2       454       455
 -1       455   11    0  455
 -2       455       456
 -1       456   11    0  456
 -2       456       457
 -1       457   11    0  457
 -2       457       458
 -1       458   11    0  458
 -2       458       459
 -1       459   11    0  459
 -2       459       460
 -1       460   11    0  460
 -2       460       461
 -1       461   11    0  461
 -2       461       462
 -1       462   11    0  462
 -2       462       463
 -1       463   11    0  463
 -2       463       464
 -1       464   11    0  464
 -2       464       465
 -1       465   11    0  465
 -2       465       466
 -1       466   11    0  466
 -2       466       467
 -1       467   11    0  467
 -2       467       468
 -1       468   11    0  468
 -2       468       469
 -1       469   11    0  469
 -2       469       470
 -1       470   11    0  470
 -2       470       471
 -1       471   11    0  471
 -2       471       472
 -1       472   11    0  472
 -2       472       473
 -1       473   11    0  473
 -2       473       474
 -1       474   11    0  474
 -2       474       475
 -1       475   11    0  475
 -2       475       476
 -1       476   11    0  476
 -2       476       477
 -1       477   11    0  477
 -2       477       478
 -1       478   11    0  478
 -2       478       479
 -1       479   11    0  479
 -2       479       480
 -1       480   11    0  480
 -2       480       481
 -1       481   11    0  481
 -2       481       482
 -1       482   11    0  482
 -2       482       483
 -1       483   11    0  483
 -2       483       484
 -1       484   11    0  484
 -2       484       485
 -1       485   11    0  485
 -2       485       486
 -1       486   11    0  486
 -2       486       487
 -1       487   11    0  487
 -2       487       488
 -1       488   11    0  488
 -2       488       489
 -1       489   11    0  489
 -2       489       490
 -1       490   11    0  490
 -2       490       491
 -1       491   11    0  491
 -2       491       492
 -1       492   11    0  492
 -2       492       493
 -1       493   11    0  493
 -2       493       494
 -1       494   11    0  494
 -2       494       495
 -1       495   11    0  495
 -2       495       496
 -1       496   11    0  496
 -2       496       497
 -1       497   11    0  497
 -2       497       498
 -1       498   11    0  498
 -2       498       499
 -1       499   11    0  499
 -2       499       500
 -1       500   11    0  500
 -2       500       501
 -1       501   11    0  501
 -2       501       502
 -1       502   11    0  502
 -2       502       503
 -1       503   11    0  503
 -2       503       504
 -1       504   11    0  504
 -2       504       505
 -1       505   11    0  505
 -2       505       506
 -1       506   11    0  506
 -2       506       507
 -1       507   11    0  507
 -2       507       508
 -1       508   11    0  508
 -2       508       509
 -1       509   11    0  509
 -2       509       510
 -1       510   11    0  510
 -2       510       511
 -1       511   11    0  511
 -2       511       512
 -1       512   11    0  512
 -2       512       513
 -1       513   11    0  513
 -2       513       514
 -1       514   11    0  514
 -2       514       515
 -1       515   11    0  515
 -2       515       516
 -1       516   11    0  516
 -2       516       517
 -1       517   11    0  517
 -2       517       518
 -1       518   11    0  518
 -2       518       519
 -1       519   11    0  519
 -2       519       520
 -1       520   11    0  520
 -2       520       521
 -1       521   11    0  521
 -2       521       522
 -1       522   11    0  522
 -2       522       523
 -1       523   11    0  523
 -2       523       524
 -1       524   11    0  524
 -2       524       525
 -1       525   11    0  525
 -2       525       526
 -1       526   11    0  526
 -2       526       527
 -1       527   11    0  527
 -2       527       528
 -1       528   11    0  528
 -2       528       529
 -1       529   11    0  529
 -2       529       530
 -1       530   11    0  530
 -2       530       531
 -1       531   11    0  531
 -2       531       532
 -1       532   11    0  532
 -2       532       533
 -1       533   11    0  533
 -2       533       534
 -1       534   11    0  534
 -2       534       535
 -1       535   11    0  535
 -2       535       536
 -1       536   11    0  536
 -2       536       537
 -1       537   11    0  537
 -2       537       538
 -1       538   11    0  538
 -2       538       539
 -1       539   11    0  539
 -2       539       540
 -1       540   11    0  540
 -2       540       541
 -1       541   11    0  541
 -2       541       542
 -1       542   11    0  542
 -2       542       543
 -1       543   11    0  543
 -2       543       544
 -1       544   11    0  544
 -2       544       545
 -1       545   11    0  545
 -2       545       546
 -1       546   11    0  546
 -2       546       547
 -1       547   11    0  547
 -2       547       548
 -1       548   11    0  548
 -2       548       549
 -1       549   11    0  549
 -2       549       550
 -1       550   11    0  550
 -2       550       551
 -1       551   11    0  551
 -2       551       552
 -1       552   11    0  552
 -2       552       553
 -1       553   11    0  553
 -2       553       554
 -1       554   11    0  554
 -2       554       555
 -1       555   11    0  555
 -2       555       556
 -1       556   11    0  556
 -2       556       557
 -1       557   11    0  557
 -2       557       558
 -1       558   11    0  558
 -2       558       559
 -1       559   11    0  559
 -2       559       560
 -1       560   11    0  560
 -2       560       561
 -1       561   11    0  561
 -2       561       562
 -1       562   11    0  562
 -2       562       563
 -1       563   11    0  563
 -2       563       564
 -1       564   11    0  564
 -2       564       565
 -1       565   11    0  565
 -2       565       566
 -1       566   11    0  566
 -2       566       567
 -1       567   11    0  567
 -2       567       568
 -1       568   11    0  568
 -2       568       569
 -1       569   11    0  569
 -2       569       570
 -1       570   11    0  570
 -2       570       571
 -1       571   11    0  571
 -2       571       572
 -1       572   11    0  572
 -2       572       573
 -1       573   11    0  573
 -2       573       574
 -1       574   11    0  574
 -2       574       575
 -1       575   11    0  575
 -2       575       576
 -1       576   11    0  576
 -2       576       577
 -1       577   11    0  577
 -2       577       578
 -1       578   11    0  578
 -2       578       579
 -1       579   11    0  579
 -2       579       580
 -1       580   11    0  580
 -2       580       581
 -1       581   11    0  581
 -2       581       582
 -1       582   11    0  582
 -2       582       583
 -1       583   11    0  583
 -2       583       584
 -1       584   11    0  584
 -2       584       585
 -1       585   11    0  585
 -2       585       586
 -1       586   11    0  586
 -2       586       587
 -1       587   11    0  587
 -2       587       588
 -1       588   11    0  588
 -2       588       589
 -1       589   11    0  589
 -2       589       590
 -1       590   11    0  590
 -2       590       591
 -1       591   11    0  591
 -2       591       592
 -1       592   11    0  592
 -2       592       593
 -1       593   11    0  593
 -2       593       594
 -1       594   11    0  594
 -2       594       595
 -1       595   11    0  595
 -2       595       596
 -1       596   11    0  596
 -2       596       597
 -1       597   11    0  597
 -2       597       598
 -1       598   11    0  598
 -2       598       599
 -1       599   11    0  599
 -2       599       600
 -1       600   11    0  600
 -2       600       601
 -1       601   11    0  601
 -2       601       602
 -1       602   11    0  602
 -2       602       603
 -1       603   11    0  603
 -2       603       604
 -1       604   11    0  604
 -2       604       605
 -1       605   11    0  605
 -2       605       606
 -1       606   11    0  606
 -2       606       607
 -1       607   11    0  607
 -2       607       608
 -1       608   11    0  608
 -2       608       609
 -1       609   11    0  609
 -2       609       610
 -1       610   11    0  610
 -2       610       611
 -1       611   11    0  611
 -2       611       612
 -1       612   11    0  612
 -2       612       613
 -1       613   11    0  613
 -2       613       614
 -1       614   11    0  614
 -2       614       615
 -1       615   11    0  615
 -2       615       616
 -1       616   11    0  616
 -2       616       617
 -1       617   11    0  617
 -2       617       618
 -1       618   11    0  618
 -2       618       619
 -1       619   11    0  619
 -2       619       620
 -1       620   11    0  620
 -2       620       621
 -1       621   11    0  621
 -2       621       622
 -1       622   11    0  622
 -2       622       623
 -1       623   11    0  623
 -2       623       624
 -1       624   11    0  624
 -2       624       625
 -1       625   11    0  625
 -2       625       626
 -1       626   11    0  626
 -2       626       627
 -1       627   11    0  627
 -2       627       628
 -1       628   11    0  628
 -2       628       629
 -1       629   11    0  629
 -2       629       630
 -1       630   11    0  630
 -2       630       631
 -1       631   11    0  631
 -2       631       632
 -1       632   11    0  632
 -2       632       633
 -1       633   11    0  633
 -2       633       634
 -1       634   11    0  634
 -2       634       635
 -1       635   11    0  635
 -2       635       636
 -1       636   11    0  636
 -2       636       637
 -1       637   11    0  637
 -2       637       638
 -1       638   11    0  638
 -2       638       639
 -1       639   11    0  639
 -2       639       640
 -1       640   11    0  640
 -2       640       641
 -1       641   11    0  641
 -2       641       642
 -1       642   11    0  642
 -2       642       643
 -1       643   11    0  643
 -2       643       644
 -1       644   11    0  644
 -2       644       645
 -1       645   11    0  645
 -2       645       646
 -1       646   11    0  646
 -2       646       647
 -1       647   11    0  647
 -2       647       648
 -1       648   11    0  648
 -2       648       649
 -1       649   11    0  649
 -2       649       650
 -1       650   11    0  650
 -2       650       651
 -1       651   11    0  651
 -2       651       652
 -1       652   11    0  652
 -2       652       653
 -1       653   11    0  653
 -2       653       654
 -1       654   11    0  654
 -2       654       655
 -1       655   11    0  655
 -2       655       656
 -1       656   11    0  656
 -2       656       657
 -1       657   11    0  657
 -2       657       658
 -1       658   11    0  658
 -2       658       659
 -1       659   11    0  659
 -2       659       660
 -1       660   11    0  660
 -2       660       661
 -1       661   11    0  661
 -2       661       662
 -1       662   11    0  662
 -2       662       663
 -1       663   11    0  663
 -2       663       664
 -1       664   11    0  664
 -2       664       665
 -1       665   11    0  665
 -2       665       666
 -1       666   11    0  666
 -2       666       667
 -1       667   11    0  667
 -2       667       668
 -1       668   11    0  668
 -2       668       669
 -1       669   11    0  669
 -2       669       670
 -1       670   11    0  670
 -2       670       671
 -1       671   11    0  671
 -2       671       672
 -1       672   11    0  672
 -2       672       673
 -1       673   11    0  673
 -2       673       674
 -1       674   11    0  674
 -2       674       675
 -1       675   11    0  675
 -2       675       676
 -1       676   11    0  676
 -2       676       677
 -1       677   11    0  677
 -2       677       678
 -1       678   11    0  678
 -2       678       679
 -1       679   11    0  679
 -2       679       680
 -1       680   11    0  680
 -2       680       681
 -1       681   11    0  681
 -2       681       682
 -1       682   11    0  682
 -2       682       683
 -1       683   11    0  683
 -2       683       684
 -1       684   11    0  684
 -2       684       685
 -1       685   11    0  685
 -2       685       686
 -1       686   11    0  686
 -2       686       687
 -1       687   11    0  687
 -2       687       688
 -1       688   11    0  688
 -2       688       689
 -1       689   11    0  689
 -2       689       690
 -1       690   11    0  690
 -2       690       691
 -1       691   11    0  691
 -2       691       692
 -1       692   11    0  692
 -2       692       693
 -1       693   11    0  693
 -2       693       694
 -1       694   11    0  694
 -2       694       695
 -1       695   11    0  695
 -2       695       696
 -1       696   11    0  696
 -2       696       697
 -1       697   11    0  697
 -2       697       698
 -1       698   11    0  698
 -2       698       699
 -1       699   11    0  699
 -2       699       700
 -1       700   11    0  700
 -2       700       701
 -1       701   11    0  701
 -2       701       702
 -1       702   11    0  702
 -2       702       703
 -1       703   11    0  703
 -2       703       704
 -1       704   11    0  704
 -2       704       705
 -1       705   11    0  705
 -2       705       706
 -1       706   11    0  706
 -2       706       707
 -1       707   11    0  707
 -2       707       708
 -1       708   11    0  708
 -2       708       709
 -1       709   11    0  709
 -2       709       710
 -1       710   11    0  710
 -2       710       711
 -1       711   11    0  711
 -2       711       712
 -1       712   11    0  712
 -2       712       713
 -1       713   11    0  713
 -2       713       714
 -1       714   11    0  714
 -2       714       715
 -1       715   11    0  715
 -2       715       716
 -1       716   11    0  716
 -2       716       717
 -1       717   11    0  717
 -2       717       718
 -1       718   11    0  718
 -2       718       719
 -1       719   11    0  719
 -2       719       720
 -1       720   11    0  720
 -2       720       721
 -1       721   11    0  721
 -2       721       722
 -1       722   11    0  722
 -2       722       723
 -1       723   11    0  723
 -2       723       724
 -1       724   11    0  724
 -2       724       725
 -1       725   11    0  725
 -2       725       726
 -1       726   11    0  726
 -2       726       727
 -1       727   11    0  727
 -2       727       728
 -1       728   11    0  728
 -2       729       160
 -1       729   11    0  729
 -2       444       730
 -1      1001   11    0  730
 -2      1001      1002
 -1      1002   11    0  731
 -2      1002      1003
 -1      1003   11    0  732
 -2      1003      1004
 -1      1004   11    0  733
 -2      1004      1005
 -1      1005   11    0  734
 -2      1005      1006
 -1      1006   11    0  735
 -2      1006      1007
 -1      1007   11    0  736
 -2      1007      1008
 -1      1008   11    0  737
 -2      1008      1009
 -1      1009   11    0  738
 -2      1009      1010
 -1      1010   11    0  739
 -2      1010      1011
 -1      1011   11    0  740
 -2      1011      1012
 -1      1012   11    0  741
 -2      1012      1013
 -1      1013   11    0  742
 -2      1013      1014
 -1      1014   11    0  743
 -2      1014      1015
 -1      1015   11    0  744
 -2      1015      1016
 -1      1016   11    0  745
 -2      1016      1017
 -1      1017   11    0  746
 -2      1017      1018
 -1      1018   11    0  747
 -2      1018      1019
 -1      1019   11    0  748
 -2      1019      1020
 -1      1020   11    0  749
 -2      1020      1021
 -1      1021   11    0  750
 -2      1021      1022
 -1      1022   11    0  751
 -2      1022      1023
 -1      1023   11    0  752
 -2      1023      1024
 -1      1024   11    0  753
 -2      1024      1025
 -1      1025   11    0  754
 -2      1025      1026
 -1      1026   11    0  755
 -2      1026      1027
 -1      1027   11    0  756
 -2      1027      1028
 -1      1028   11    0  757
 -2      1028      1029
 -1      1029   11    0  758
 -2      1029      1030
 -1      1030   11    0  759
 -2      1030      1031
 -1      1031   11    0  760
 -2      1031      1032
 -1      1032   11    0  761
 -2      1032      1033
 -1      1033   11    0  762
 -2      1033      1034
 -1      1034   11    0  763
 -2      1034      1035
 -1      1035   11    0  764
 -2      1035      1036
 -1      1036   11    0  765
 -2      1036      1037
 -1      1037   11    0  766
 -2      1037      1038
 -1      1038   11    0  767
 -2      1038      1039
 -1      1039   11    0  768
 -2      1039      1040
 -1      1040   11    0  769
 -2      1040      1041
 -1      1041   11    0  770
 -2      1041      1042
 -1      1042   11    0  771
 -2      1042      1043
 -1      1043   11    0  772
 -2      1043      1044
 -1      1044   11    0  773
 -2      1044      1045
 -1      1045   11    0  774
 -2      1045      1046
 -1      1046   11    0  775
 -2      1046      1047
 -1      1047   11    0  776
 -2      1047      1048
 -1      1048   11    0  777
 -2      1048      1049
 -1      1049   11    0  778
 -2      1049      1050
 -1      1050   11    0  779
 -2      1050      1051
 -1      1051   11    0  780
 -2      1051      1052
 -1      1052   11    0  781
 -2      1052      1053
 -1      1053   11    0  782
 -2      1053      1054
 -1      1054   11    0  783
 -2      1054      1055
 -1      1055   11    0  784
 -2      1055      1056
 -1      1056   11    0  785
 -2      1056      1057
 -1      1057   11    0  786
 -2      1057      1058
 -1      1058   11    0  787
 -2      1058      1059
 -1      1059   11    0  788
 -2      1059      1060
 -1      1060   11    0  789
 -2      1060      1061
 -1      1061   11    0  790
 -2      1061      1062
 -1      1062   11    0  791
 -2      1062      1063
 -1      1063   11    0  792
 -2      1063      1064
 -1      1064   11    0  793
 -2      1064      1065
 -1      1065   11    0  794
 -2      1065      1066
 -1      1066   11    0  795
 -2      1066      1067
 -1      1067   11    0  796
 -2      1067      1068
 -1      1068   11    0  797
 -2      1068      1069
 -1      1069   11    0  798
 -2      1069      1070
 -1      1070   11    0  799
 -2      1070      1071
 -1      1071   11    0  800
 -2      1071      1072
 -1      1072   11    0  801
 -2      1072      1073
 -1      1073   11    0  802
 -2      1073      1074
 -1      1074   11    0  803
 -2      1074      1075
 -1      1075   11    0  804
 -2      1075      1076
 -1      1076   11    0  805
 -2      1076      1077
 -1      1077   11    0  806
 -2      1077      1078
 -1      1078   11    0  807
 -2      1078      1079
 -1      1079   11    0  808
 -2      1079      1080
 -1      1080   11    0  809
 -2      1080      1081
 -1      1081   11    0  810
 -2      1081      1082
 -1      1082   11    0  811
 -2      1082      1083
 -1      1083   11    0  812
 -2      1083      1084
 -1      1084   11    0  813
 -2      1084      1085
 -1      1085   11    0  814
 -2      1085      1086
 -1      1086   11    0  815
 -2      1086      1087
 -1      1087   11    0  816
 -2      1087      1088
 -1      1088   11    0  817
 -2      1088      1089
 -1      1089   11    0  818
 -2      1089      1090
 -1      1090   11    0  819
 -2      1090      1091
 -1      1091   11    0  820
 -2      1091      1092
 -1      1092   11    0  821
 -2      1092      1093
 -1      1093   11    0  822
 -2      1093      1094
 -1      1094   11    0  823
 -2      1094      1095
 -1      1095   11    0  824
 -2      1095      1096
 -1      1096   11    0  825
 -2      1096      1097
 -1      1097   11    0  826
 -2      1097      1098
 -1      1098   11    0  827
 -2      1098      1099
 -1      1099   11    0  828
 -2      1099      1100
 -1      1100   11    0  829
 -2      1100      1101
 -1      1101   11    0  830
 -2      1101      1102
 -1      1102   11    0  831
 -2      1102      1103
 -1      1103   11    0  832
 -2      1103      1104
 -1      1104   11    0  833
 -2      1104      1105
 -1      1105   11    0  834
 -2      1105      1106
 -1      1106   11    0  835
 -2      1106      1107
 -1      1107   11    0  836
 -2      1107      1108
 -1      1108   11    0  837
 -2      1108      1109
 -1      1109   11    0  838
 -2      1109      1110
 -1      1110   11    0  839
 -2      1110      1111
 -1      1111   11    0  840
 -2      1111      1112
 -1      1112   11    0  841
 -2      1112      1113
 -1      1113   11    0  842
 -2      1113      1114
 -1      1114   11    0  843
 -2      1114      1115
 -1      1115   11    0  844
 -2      1115      1116
 -1      1116   11    0  845
 -2      1116      1117
 -1      1117   11    0  846
 -2      1117      1118
 -1      1118   11    0  847
 -2      1118      1119
 -1      1119   11    0  848
 -2      1119      1120
 -1      1120   11    0  849
 -2      1120      1121
 -1      1121   11    0  850
 -2      1121      1122
 -1      1122   11    0  851
 -2      1122      1123
 -1      1123   11    0  852
 -2      1123      1124
 -1      1124   11    0  853
 -2      1124      1125
 -1      1125   11    0  854
 -2      1125      1126
 -1      1126   11    0  855
 -2      1126      1127
 -1      1127   11    0  856
 -2      1127      1128
 -1      1128   11    0  857
 -2      1128      1129
 -1      1129   11    0  858
 -2      1129      1130
 -1      1130   11    0  859
 -2      1130      1131
 -1      1131   11    0  860
 -2      1131      1132
 -1      1132   11    0  861
 -2      1132      1133
 -1      1133   11    0  862
 -2      1133      1134
 -1      1134   11    0  863
 -2      1134      1135
 -1      1135   11    0  864
 -2      1135      1136
 -1      1136   11    0  865
 -2      1136      1137
 -1      1137   11    0  866
 -2      1137      1138
 -1      1138   11    0  867
 -2      1138      1139
 -1      1139   11    0  868
 -2      1139      1140
 -1      1140   11    0  869
 -2      1140      1141
 -1      1141   11    0  870
 -2      1141      1142
 -1      1142   11    0  871
 -2      1142      1143
 -1      1143   11    0  872
 -2      1143      1144
 -1      1144   11    0  873
 -2      1144      1145
 -1      1145   11    0  874
 -2      1145      1146
 -1      1146   11    0  875
 -2      1146      1147
 -1      1147   11    0  876
 -2      1147      1148
 -1      1148   11    0  877
 -2      1148      1149
 -1      1149   11    0  878
 -2      1149      1150
 -1      1150   11    0  879
 -2      1150      1151
 -1      1151   11    0  880
 -2      1151      1152
 -1      1152   11    0  881
 -2      1152      1153
 -1      1153   11    0  882
 -2      1153      1154
 -1      1154   11    0  883
 -2      1154      1155
 -1      1155   11    0  884
 -2      1155      1156
 -1      1156   11    0  885
 -2      1156      1157
 -1      1157   11    0  886
 -2      1157      1158
 -1      1158   11    0  887
 -2      1158      1159
 -1      1159   11    0  888
 -2      1159      1160
 -1      1160   11    0  889
 -2      1160      1161
 -1      1161   11    0  890
 -2      1161      1162
 -1      1162   11    0  891
 -2      1162      1163
 -1      1163   11    0  892
 -2      1163      1164
 -1      1164   11    0  893
 -2      1164      1165
 -1      1165   11    0  894
 -2      1165      1166
 -1      1166   11    0  895
 -2      1166      1167
 -1      1167   11    0  896
 -2      1167      1168
 -1      1168   11    0  897
 -2      1168      1169
 -1      1169   11    0  898
 -2      1169      1170
 -1      1170   11    0  899
 -2      1170      1171
 -1      1171   11    0  900
 -2      1171      1172
 -1      1172   11    0  901
 -2      1172      1173
 -1      1173   11    0  902
 -2      1173      1174
 -1      1174   11    0  903
 -2      1174      1175
 -1      1175   11    0  904
 -2      1175      1176
 -1      1176   11    0  905
 -2      1176      1177
 -1      1177   11    0  906
 -2      1177      1178
 -1      1178   11    0  907
 -2      1178      1179
 -1      1179   11    0  908
 -2      1179      1180
 -1      1180   11    0  909
 -2      1180      1181
 -1      1181   11    0  910
 -2      1181      1182
 -1      1182   11    0  911
 -2      1182      1183
 -1      1183   11    0  912
 -2      1183      1184
 -1      1184   11    0  913
 -2      1184      1185
 -1      1185   11    0  914
 -2      1185      1186
 -1      1186   11    0  915
 -2      1186      1187
 -1      1187   11    0  916
 -2      1187      1188
 -1      1188   11    0  917
 -2      1188      1189
 -1      1189   11    0  918
 -2      1189      1190
 -1      1190   11    0  919
 -2      1190      1191
 -1      1191   11    0  920
 -2      1191      1192
 -1      1192   11    0  921
 -2      1192      1193
 -1      1193   11    0  922
 -2      1193      1194
 -1      1194   11    0  923
 -2      1194      1195
 -1      1195   11    0  924
 -2      1195      1196
 -1      1196   11    0  925
 -2      1196      1197
 -1      1197   11    0  926
 -2      1197      1198
 -1      1198   11    0  927
 -2      1198      1199
 -1      1199   11    0  928
 -2      1199      1200
 -1      1200   11    0  929
 -2      1200      1201
 -1      1201   11    0  930
 -2      1201      1202
 -1      1202   11    0  931
 -2      1202      1203
 -1      1203   11    0  932
 -2      1203      1204
 -1      1204   11    0  933
 -2      1204      1205
 -1      1205   11    0  934
 -2      1205      1206
 -1      1206   11    0  935
 -2      1206      1207
 -1      1207   11    0  936
 -2      1207      1208
 -1      1208   11    0  937
 -2      1208      1209
 -1      1209   11    0  938
 -2      1209      1210
 -1      1210   11    0  939
 -2      1210      1211
 -1      1211   11    0  940
 -2      1211      1212
 -1      1212   11    0  941
 -2      1212      1213
 -1      1213   11    0  942
 -2      1213      1214
 -1      1214   11    0  943
 -2      1214      1215
 -1      1215   11    0  944
 -2      1215      1216
 -1      1216   11    0  945
 -2      1216      1217
 -1      1217   11    0  946
 -2      1217      1218
 -1      1218   11    0  947
 -2      1218      1219
 -1      1219   11    0  948
 -2      1219      1220
 -1      1220   11    0  949
 -2      1220      1221
 -1      1221   11    0  950
 -2      1221      1222
 -1      1222   11    0  951
 -2      1222      1223
 -1      1223   11    0  952
 -2      1223      1224
 -1      1224   11    0  953
 -2      1224      1225
 -1      1225   11    0  954
 -2      1225      1226
 -1      1226   11    0  955
 -2      1226      1227
 -1      1227   11    0  956
 -2      1227      1228
 -1      1228   11    0  957
 -2      1228      1229
 -1      1229   11    0  958
 -2      1229      1230
 -1      1230   11    0  959
 -2      1230      1231
 -1      1231   11    0  960
 -2      1231      1232
 -1      1232   11    0  961
 -2      1232      1233
 -1      1233   11    0  962
 -2      1233      1234
 -1      1234   11    0  963
 -2      1234      1235
 -1      1235   11    0  964
 -2      1235      1236
 -1      1236   11    0  965
 -2      1236      1237
 -1      1237   11    0  966
 -2      1237      1238
 -1      1238   11    0  967
 -2      1238      1239
 -1      1239   11    0  968
 -2      1239      1240
 -1      1240   11    0  969
 -2      1240      1241
 -1      1241   11    0  970
 -2      1241      1242
 -1      1242   11    0  971
 -2      1242      1243
 -1      1243   11    0  972
 -2      1243      1244
 -1      1244   11    0  973
 -2      1244      1245
 -1      1245   11    0  974
 -2      1245      1246
 -1      1246   11    0  975
 -2      1246      1247
 -1      1247   11    0  976
 -2      1247      1248
 -1      1248   11    0  977
 -2      1248      1249
 -1      1249   11    0  978
 -2      1249      1250
 -1      1250   11    0  979
 -2      1250      1251
 -1      1251   11    0  980
 -2      1251      1252
 -1      1252   11    0  981
 -2      1252      1253
 -1      1253   11    0  982
 -2      1253      1254
 -1      1254   11    0  983
 -2      1254      1255
 -1      1255   11    0  984
 -2      1255      1256
 -1      1256   11    0  985
 -2      1256      1257
 -1      1257   11    0  986
 -2      1257      1258
 -1      1258   11    0  987
 -2      1258      1259
 -1      1259   11    0  988
 -2      1259      1260
 -1      1260   11    0  989
 -2      1260      1261
 -1      1261   11    0  990
 -2      1261      1262
 -1      1262   11    0  991
 -2      1262      1263
 -1      1263   11    0  992
 -2      1263      1264
 -1      1264   11    0  993
 -2      1264      1265
 -1      1265   11    0  994
 -2      1265      1266
 -1      1266   11    0  995
 -2      1266      1267
 -1      1267   11    0  996
 -2      1267      1268
 -1      1268   11    0  997
 -2      1268      1269
 -1      1269   11    0  998
 -2      1269      1270
 -1      1270   11    0  999
 -2      1270      1271
 -1      1271   11    0 1000
 -2      1271      1272
 -1      1272   11    0 1001
 -2      1272      1273
 -1      1273   11    0 1002
 -2      1273      1274
 -1      1274   11    0 1003
 -2      1274      1275
 -1      1275   11    0 1004
 -2      1275      1276
 -1      1276   11    0 1005
 -2      1276      1277
 -1      1277   11    0 1006
 -2      1277      1278
 -1      1278   11    0 1007
 -2      1278      1279
 -1      1279   11    0 1008
 -2      1279      1280
 -1      1280   11    0 1009
 -2      1280      1281
 -1      1281   11    0 1010
 -2      1281      1282
 -1      1282   11    0 1011
 -2      1282      1283
 -1      1283   11    0 1012
 -2      1283      1284
 -1      1284   11    0 1013
 -2      1284      1285
 -1      1285   11    0 1014
 -2      1285      1286
 -1      1286   11    0 1015
 -2      1286      1287
 -1      1287   11    0 1016
 -2      1287      1288
 -1      1288   11    0 1017
 -2      1288      1289
 -1      1289   11    0 1018
 -2      1289      1290
 -1      1290   11    0 1019
 -2      1290      1291
 -1      1291   11    0 1020
 -2      1291      1292
 -1      1292   11    0 1021
 -2      1292      1293
 -1      1293   11    0 1022
 -2      1293      1294
 -1      1294   11    0 1023
 -2      1294      1295
 -1      1295   11    0 1024
 -2      1295      1296
 -1      1296   11    0 1025
 -2      1296      1297
 -1      1297   11    0 1026
 -2      1297      1298
 -1      1298   11    0 1027
 -2      1298      1299
 -1      1299   11    0 1028
 -2      1299      1300
 -1      1300   11    0 1029
 -2      1300      1301
 -1      1301   11    0 1030
 -2      1301      1302
 -1      1302   11    0 1031
 -2      1302      1303
 -1      1303   11    0 1032
 -2      1303      1304
 -1      1304   11    0 1033
 -2      1304      1305
 -1      1305   11    0 1034
 -2      1305      1306
 -1      1306   11    0 1035
 -2      1306      1307
 -1      1307   11    0 1036
 -2      1307      1308
 -1      1308   11    0 1037
 -2      1308      1309
 -1      1309   11    0 1038
 -2      1309      1310
 -1      1310   11    0 1039
 -2      1310      1311
 -1      1311   11    0 1040
 -2      1311      1312
 -1      1312   11    0 1041
 -2      1312      1313
 -1      1313   11    0 1042
 -2      1313      1314
 -1      1314   11    0 1043
 -2      1314      1315
 -1      1315   11    0 1044
 -2      1315      1316
 -1      1316   11    0 1045
 -2      1316      1317
 -1      1317   11    0 1046
 -2      1317      1318
 -1      1318   11    0 1047
 -2      1318      1319
 -1      1319   11    0 1048
 -2      1319      1320
 -1      1320   11    0 1049
 -2      1320      1321
 -1      1321   11    0 1050
 -2      1321      1322
 -1      1322   11    0 1051
 -2      1322      1323
 -1      1323   11    0 1052
 -2      1323      1324
 -1      1324   11    0 1053
 -2      1324      1325
 -1      1325   11    0 1054
 -2      1325      1326
 -1      1326   11    0 1055
 -2      1326      1327
 -1      1327   11    0 1056
 -2      1327      1328
 -1      1328   11    0 1057
 -2      1328      1329
 -1      1329   11    0 1058
 -2      1329      1330
 -1      1330   11    0 1059
 -2      1330      1331
 -1      1331   11    0 1060
 -2      1331      1332
 -1      1332   11    0 1061
 -2      1332      1333
 -1      1333   11    0 1062
 -2      1333      1334
 -1      1334   11    0 1063
 -2      1334      1335
 -1      1335   11    0 1064
 -2      1335      1336
 -1      1336   11    0 1065
 -2      1336      1337
 -1      1337   11    0 1066
 -2      1337      1338
 -1      1338   11    0 1067
 -2      1338      1339
 -1      1339   11    0 1068
 -2      1339      1340
 -1      1340   11    0 1069
 -2      1340      1341
 -1      1341   11    0 1070
 -2      1341      1342
 -1      1342   11    0 1071
 -2      1342      1343
 -1      1343   11    0 1072
 -2      1343      1344
 -1      1344   11    0 1073
 -2      1344      1345
 -1      1345   11    0 1074
 -2      1345      1346
 -1      1346   11    0 1075
 -2      1346      1347
 -1      1347   11    0 1076
 -2      1347      1348
 -1      1348   11    0 1077
 -2      1348      1349
 -1      1349   11    0 1078
 -2      1349      1350
 -1      1350   11    0 1079
 -2      1350      1351
 -1      1351   11    0 1080
 -2      1351      1352
 -1      1352   11    0 1081
 -2      1352      1353
 -1      1353   11    0 1082
 -2      1353      1354
 -1      1354   11    0 1083
 -2      1354      1355
 -1      1355   11    0 1084
 -2      1355      1356
 -1      1356   11    0 1085
 -2      1356      1357
 -1      1357   11    0 1086
 -2      1357      1358
 -1      1358   11    0 1087
 -2      1358      1359
 -1      1359   11    0 1088
 -2      1359      1360
 -1      1360   11    0 1089
 -2      1360      1361
 -1      1361   11    0 1090
 -2      1361      1362
 -1      1362   11    0 1091
 -2      1362      1363
 -1      1363   11    0 1092
 -2      1363      1364
 -1      1364   11    0 1093
 -2      1364      1365
 -1      1365   11    0 1094
 -2      1365      1366
 -1      1366   11    0 1095
 -2      1366      1367
 -1      1367   11    0 1096
 -2      1367      1368
 -1      1368   11    0 1097
 -2      1368      1369
 -1      1369   11    0 1098
 -2      1369      1370
 -1      1370   11    0 1099
 -2      1370      1371
 -1      1371   11    0 1100
 -2      1371      1372
 -1      1372   11    0 1101
 -2      1372      1373
 -1      1373   11    0 1102
 -2      1373      1374
 -1      1374   11    0 1103
 -2      1374      1375
 -1      1375   11    0 1104
 -2      1375      1376
 -1      1376   11    0 1105
 -2      1376      1377
 -1      1377   11    0 1106
 -2      1377      1378
 -1      1378   11    0 1107
 -2      1378      1379
 -1      1379   11    0 1108
 -2      1379      1380
 -1      1380   11    0 1109
 -2      1380      1381
 -1      1381   11    0 1110
 -2      1381      1382
 -1      1382   11    0 1111
 -2      1382      1383
 -1      1383   11    0 1112
 -2      1383      1384
 -1      1384   11    0 1113
 -2      1384      1385
 -1      1385   11    0 1114
 -2      1385      1386
 -1      1386   11    0 1115
 -2      1386      1387
 -1      1387   11    0 1116
 -2      1387      1388
 -1      1388   11    0 1117
 -2      1388      1389
 -1      1389   11    0 1118
 -2      1389      1390
 -1      1390   11    0 1119
 -2      1390      1391
 -1      1391   11    0 1120
 -2      1391      1392
 -1      1392   11    0 1121
 -2      1392      1393
 -1      1393   11    0 1122
 -2      1393      1394
 -1      1394   11    0 1123
 -2      1394      1395
 -1      1395   11    0 1124
 -2      1008        16
 -1      1396   11    0 1125
 -2      1013        29
 -1      1397   11    0 1126
 -2      1018        42
 -1      1398   11    0 1127
 -2      1023        55
 -1      1399   11    0 1128
 -2      1028        68
 -1      1400   11    0 1129
 -2      1033        81
 -1      1401   11    0 1130
 -2      1038        94
 -1      1402   11    0 1131
 -2      1043       107
 -1      1403   11    0 1132
 -2      1048       120
 -1      1404   11    0 1133
 -2      1053       133
 -1      1405   11    0 1134
 -2      1058       146
 -1      1406   11    0 1135
 -2      1073       166
 -1      1407   11    0 1136
 -2      1078       173
 -1      1408   11    0 1137
 -2      1083       180
 -1      1409   11    0 1138
 -2      1088       187
 -1      1410   11    0 1139
 -2      1093       194
 -1      1411   11    0 1140
 -2      1098       201
 -1      1412   11    0 1141
 -2      1103       208
 -1      1413   11    0 1142
 -2      1108       215
 -1      1414   11    0 1143
 -2      1113       222
 -1      1415   11    0 1144
 -2      1118       229
 -1      1416   11    0 1145
 -2      1123       236
 -1      1417   11    0 1146
 -2      1128       243
 -1      1418   11    0 1147
 -2      1133       249
 -1      1419   11    0 1148
 -2      1138       256
 -1      1420   11    0 1149
 -2      1143       262
 -1      1421   11    0 1150
 -2      1148       269
 -1      1422   11    0 1151
 -2      1153       276
 -1      1423   11    0 1152
 -2      1158       283
 -1      1424   11    0 1153
 -2      1163       289
 -1      1425   11    0 1154
 -2      1168       296
 -1      1426   11    0 1155
 -2      1173       302
 -1      1427   11    0 1156
 -2      1178       308
 -1      1428   11    0 1157
 -2      1183       315
 -1      1429   11    0 1158
 -2      1188       321
 -1      1430   11    0 1159
 -2      1193       328
 -1      1431   11    0 1160
 -2      1198       335
 -1      1432   11    0 1161
 -2      1203       342
 -1      1433   11    0 1162
 -2      1208       348
 -1      1434   11    0 1163
 -2      1213       355
 -1      1435   11    0 1164
 -2      1218       361
 -1      1436   11    0 1165
 -2      1223       368
 -1      1437   11    0 1166
 -2      1228       375
 -1      1438   11    0 1167
 -2      1233       382
 -1      1439   11    0 1168
 -2      1238       389
 -1      1440   11    0 1169
 -2      1243       396
 -1      1441   11    0 1170
 -2      1248       403
 -1      1442   11    0 1171
 -2      1253       410
 -1      1443   11    0 1172
 -2      1258       417
 -1      1444   11    0 1173
 -2      1263       424
 -1      1445   11    0 1174
 -2      1268       431
 -1      1446   11    0 1175
 -2      1273       438
 -1      1447   11    0 1176
 -2      1290       461
 -1      1448   11    0 1177
 -2      1295       475
 -1      1449   11    0 1178
 -2      1300       488
 -1      1450   11    0 1179
 -2      1305       501
 -1      1451   11    0 1180
 -2      1310       515
 -1      1452   11    0 1181
 -2      1315       528
 -1      1453   11    0 1182
 -2      1320       541
 -1      1454   11    0 1183
 -2      1325       555
 -1      1455   11    0 1184
 -2      1330       568
 -1      1456   11    0 1185
 -2      1335       581
 -1      1457   11    0 1186
 -2      1340       595
 -1      1458   11    0 1187
 -2      1353       620
 -1      1459   11    0 1188
 -2      1358       633
 -1      1460   11    0 1189
 -2      1363       646
 -1      1461   11    0 1190
 -2      1368       659
 -1      1462   11    0 1191
 -2      1373       672
 -1      1463   11    0 1192
 -2      1378       685
 -1      1464   11    0 1193
 -2      1383       698
 -1      1465   11    0 1194
 -2      1388       711
 -3
    1PSTEP                         1           1           1          
  100CL  101 1.000000000        1125                     0    1           1
 -4  DISP        4    1
 -5  D1          1    2    1    0
 -5  D2          1    2    2    0
 -5  D3          1    2    3    0
 -5  ALL         1    2    0    0    1ALL
 -1         1 0.00000E+00 0.00000E+00 0.00000E+00
 -1         2 4.10625E-04 0.00000E+00-7.07645E-06
 -1         3 4.20038E-04 0.00000E+00 0.00000E+00
 -1         4 4.30257E-04 0.00000E+00-1.66174E-06
 -1         5 4.56115E-04 0.00000E+00-1.15401E-06
 -1         6 4.63106E-04 0.00000E+00 0.00000E+00
 -1         7 5.25739E-04 0.00000E+00-1.82729E-04
 -1         8 8.19910E-04 0.00000E+00-1.04209E-03
 -1         9 1.12529E-03 0.00000E+00-1.91538E-03
 -1        10 1.48340E-03 0.00000E+00-2.93164E-03
 -1        11 1.65266E-03 0.00000E+00-3.40708E-03
 -1        12 1.82050E-03 0.00000E+00-3.87642E-03
 -1        13 2.16654E-03 0.00000E+00-4.84248E-03
 -1        14 2.50645E-03 0.00000E+00-5.78387E-03
 -1        15 2.66658E-03 0.00000E+00-6.22258E-03
 -1        16 2.82516E-03 0.00000E+00-6.65521E-03
 -1        17 3.16706E-03 0.00000E+00-7.59057E-03
 -1        18 3.50265E-03 0.00000E+00-8.50123E-03
 -1        19 3.66073E-03 0.00000E+00-8.92526E-03
 -1        20 3.81717E-03 0.00000E+00-9.34323E-03
 -1        21 4.13980E-03 0.00000E+00-1.02037E-02
 -1        22 4.45588E-03 0.00000E+00-1.10395E-02
 -1        23 4.60407E-03 0.00000E+00-1.14268E-02
 -1        24 4.75061E-03 0.00000E+00-1.18081E-02
 -1        25 5.05276E-03 0.00000E+00-1.25940E-02
 -1        26 5.34810E-03 0.00000E+00-1.33552E-02
 -1        27 5.48602E-03 0.00000E+00-1.37059E-02
 -1        28 5.62229E-03 0.00000E+00-1.40505E-02
 -1        29 5.75685E-03 0.00000E+00-1.43892E-02
 -1        30 5.89570E-03 0.00000E+00-1.47392E-02
 -1        31 6.18227E-03 0.00000E+00-1.54614E-02
 -1        32 6.31596E-03 0.00000E+00-1.57933E-02
 -1        33 6.44778E-03 0.00000E+00-1.61192E-02
 -1        34 6.71974E-03 0.00000E+00-1.67913E-02
 -1        35 6.98445E-03 0.00000E+00-1.74389E-02
 -1        36 7.10711E-03 0.00000E+00-1.77343E-02
 -1        37 7.22789E-03 0.00000E+00-1.80236E-02
 -1        38 7.47726E-03 0.00000E+00-1.86214E-02
 -1        39 7.71913E-03 0.00000E+00-1.91946E-02
 -1        40 7.83038E-03 0.00000E+00-1.94535E-02
 -1        41 7.93975E-03 0.00000E+00-1.97064E-02
 -1        42 8.16577E-03 0.00000E+00-2.02298E-02
 -1        43 8.41252E-03 0.00000E+00-2.07955E-02
 -1        44 8.52638E-03 0.00000E+00-2.10522E-02
 -1        45 8.63829E-03 0.00000E+00-2.13028E-02
 -1        46 8.86841E-03 0.00000E+00-2.18186E-02
 -1        47 9.09029E-03 0.00000E+00-2.23100E-02
 -1        48 9.19187E-03 0.00000E+00-2.25301E-02
 -1        49 9.29138E-03 0.00000E+00-2.27442E-02
 -1        50 9.49636E-03 0.00000E+00-2.31858E-02
 -1        51 9.69286E-03 0.00000E+00-2.36029E-02
 -1        52 9.78178E-03 0.00000E+00-2.37866E-02
 -1        53 9.86853E-03 0.00000E+00-2.39643E-02
 -1        54 1.00474E-02 0.00000E+00-2.43318E-02
 -1        55 1.01393E-02 0.00000E+00-2.45209E-02
 -1        56 1.02349E-02 0.00000E+00-2.47190E-02
 -1        57 1.03284E-02 0.00000E+00-2.49109E-02
 -1        58 1.04196E-02 0.00000E+00-2.50966E-02
 -1        59 1.05840E-02 0.00000E+00-2.54213E-02
 -1        60 1.07395E-02 0.00000E+00-2.57216E-02
 -1        61 1.08192E-02 0.00000E+00-2.58759E-02
 -1        62 1.08966E-02 0.00000E+00-2.60240E-02
 -1        63 1.10336E-02 0.00000E+00-2.62749E-02
 -1        64 1.11614E-02 0.00000E+00-2.65014E-02
 -1        65 1.12269E-02 0.00000E+00-2.66183E-02
 -1        66 1.12901E-02 0.00000E+00-2.67289E-02
 -1        67 1.13987E-02 0.00000E+00-2.69062E-02
 -1        68 1.14980E-02 0.00000E+00-2.70592E-02
 -1        69 1.15564E-02 0.00000E+00-2.71566E-02
 -1        70 1.16124E-02 0.00000E+00-2.72478E-02
 -1        71 1.17068E-02 0.00000E+00-2.73875E-02
 -1        72 1.17917E-02 0.00000E+00-2.75029E-02
 -1        73 1.18353E-02 0.00000E+00-2.75630E-02
 -1        74 1.18763E-02 0.00000E+00-2.76169E-02
 -1        75 1.19411E-02 0.00000E+00-2.76833E-02
 -1        76 1.19959E-02 0.00000E+00-2.77255E-02
 -1        77 1.20242E-02 0.00000E+00-2.77485E-02
 -1        78 1.20498E-02 0.00000E+00-2.77653E-02
 -1        79 1.20841E-02 0.00000E+00-2.77586E-02
 -1        80 1.21081E-02 0.00000E+00-2.77279E-02
 -1        81 1.21208E-02 0.00000E+00-2.77138E-02
 -1        82 1.21455E-02 0.00000E+00-2.77273E-02
 -1        83 1.21783E-02 0.00000E+00-2.77163E-02
 -1        84 1.22006E-02 0.00000E+00-2.76812E-02
 -1        85 1.22119E-02 0.00000E+00-2.76638E-02
 -1        86 1.22205E-02 0.00000E+00-2.76403E-02
 -1        87 1.22210E-02 0.00000E+00-2.75564E-02
 -1        88 1.22109E-02 0.00000E+00-2.74485E-02
 -1        89 1.22056E-02 0.00000E+00-2.73941E-02
 -1        90 1.21975E-02 0.00000E+00-2.73337E-02
 -1        91 1.21651E-02 0.00000E+00-2.71771E-02
 -1        92 1.21216E-02 0.00000E+00-2.69967E-02
 -1        93 1.20993E-02 0.00000E+00-2.69056E-02
 -1        94 1.20743E-02 0.00000E+00-2.68085E-02
 -1        95 1.20256E-02 0.00000E+00-2.66177E-02
 -1        96 1.19655E-02 0.00000E+00-2.64031E-02
 -1        97 1.19348E-02 0.00000E+00-2.62945E-02
 -1        98 1.19012E-02 0.00000E+00-2.61798E-02
 -1        99 1.18180E-02 0.00000E+00-2.59167E-02
 -1       100 1.17233E-02 0.00000E+00-2.56299E-02
 -1       101 1.16751E-02 0.00000E+00-2.54847E-02
 -1       102 1.16239E-02 0.00000E+00-2.53335E-02
 -1       103 1.15057E-02 0.00000E+00-2.49983E-02
 -1       104 1.13757E-02 0.00000E+00-2.46395E-02
 -1       105 1.13095E-02 0.00000E+00-2.44580E-02
 -1       106 1.12402E-02 0.00000E+00-2.42704E-02
 -1       107 1.11678E-02 0.00000E+00-2.40762E-02
 -1       108 1.11031E-02 0.00000E+00-2.38994E-02
 -1       109 1.09582E-02 0.00000E+00-2.35137E-02
 -1       110 1.08843E-02 0.00000E+00-2.33183E-02
 -1       111 1.08074E-02 0.00000E+00-2.31169E-02
 -1       112 1.06380E-02 0.00000E+00-2.26833E-02
 -1       113 1.04565E-02 0.00000E+00-2.22260E-02
 -1       114 1.03640E-02 0.00000E+00-2.19944E-02
 -1       115 1.02684E-02 0.00000E+00-2.17569E-02
 -1       116 1.00619E-02 0.00000E+00-2.12518E-02
 -1       117 9.84289E-03 0.00000E+00-2.07233E-02
 -1       118 9.73139E-03 0.00000E+00-2.04557E-02
 -1       119 9.61674E-03 0.00000E+00-2.01822E-02
 -1       120 9.37233E-03 0.00000E+00-1.96060E-02
 -1       121 9.14516E-03 0.00000E+00-1.90735E-02
 -1       122 9.02914E-03 0.00000E+00-1.88031E-02
 -1       123 8.90991E-03 0.00000E+00-1.85268E-02
 -1       124 8.65664E-03 0.00000E+00-1.79465E-02
 -1       125 8.39032E-03 0.00000E+00-1.73428E-02
 -1       126 8.25447E-03 0.00000E+00-1.70367E-02
 -1       127 8.11530E-03 0.00000E+00-1.67246E-02
 -1       128 7.82222E-03 0.00000E+00-1.60735E-02
 -1       129 7.51588E-03 0.00000E+00-1.53991E-02
 -1       130 7.35989E-03 0.00000E+00-1.50573E-02
 -1       131 7.20058E-03 0.00000E+00-1.47095E-02
 -1       132 6.86728E-03 0.00000E+00-1.39878E-02
 -1       133 6.69720E-03 0.00000E+00-1.36214E-02
 -1       134 6.53314E-03 0.00000E+00-1.32675E-02
 -1       135 6.36521E-03 0.00000E+00-1.29067E-02
 -1       136 6.19388E-03 0.00000E+00-1.25400E-02
 -1       137 5.83661E-03 0.00000E+00-1.17811E-02
 -1       138 5.46570E-03 0.00000E+00-1.09990E-02
 -1       139 5.27697E-03 0.00000E+00-1.06027E-02
 -1       140 5.08472E-03 0.00000E+00-1.02007E-02
 -1       141 4.68587E-03 0.00000E+00-9.37159E-03
 -1       142 4.27296E-03 0.00000E+00-8.51951E-03
 -1       143 4.06300E-03 0.00000E+00-8.08808E-03
 -1       144 3.84953E-03 0.00000E+00-7.65082E-03
 -1       145 3.40826E-03 0.00000E+00-6.75194E-03
 -1       146 2.95273E-03 0.00000E+00-5.83017E-03
 -1       147 2.72018E-03 0.00000E+00-5.36194E-03
 -1       148 2.48401E-03 0.00000E+00-4.88795E-03
 -1       149 1.99738E-03 0.00000E+00-3.91620E-03
 -1       150 1.49630E-03 0.00000E+00-2.92166E-03
 -1       151 9.80470E-04 0.00000E+00-1.90349E-03
 -1       152 5.54834E-04 0.00000E+00-1.07494E-03
 -1       153 1.18513E-04 0.00000E+00-2.29351E-04
 -1       154 0.00000E+00 0.00000E+00 0.00000E+00
 -1       155 1.42940E-05 0.00000E+00-1.72797E-06
 -1       156 1.27501E-04 0.00000E+00-1.79401E-06
 -1       157 1.42125E-04 0.00000E+00 0.00000E+00
 -1       158 1.50479E-04 0.00000E+00-1.61270E-05
 -1       159 1.66054E-04 0.00000E+00-8.21640E-05
 -1       160 1.89894E-04 0.00000E+00-1.63978E-04
 -1       161-3.56814E-05 0.00000E+00-9.78751E-04
 -1       162-2.89275E-04 0.00000E+00-1.91037E-03
 -1       163-5.29897E-04 0.00000E+00-2.81460E-03
 -1       164-7.57780E-04 0.00000E+00-3.69140E-03
 -1       165-9.73156E-04 0.00000E+00-4.54074E-03
 -1       166-1.03576E-03 0.00000E+00-4.80059E-03
 -1       167-1.17076E-03 0.00000E+00-5.34865E-03
 -1       168-1.36894E-03 0.00000E+00-6.16266E-03
 -1       169-1.55491E-03 0.00000E+00-6.94928E-03
 -1       170-1.72891E-03 0.00000E+00-7.70847E-03
 -1       171-1.89117E-03 0.00000E+00-8.44020E-03
 -1       172-2.04192E-03 0.00000E+00-9.14443E-03
 -1       173-2.13245E-03 0.00000E+00-9.58881E-03
 -1       174-2.18982E-03 0.00000E+00-9.84587E-03
 -1       175-2.34390E-03 0.00000E+00-1.05696E-02
 -1       176-2.48633E-03 0.00000E+00-1.12661E-02
 -1       177-2.61767E-03 0.00000E+00-1.19353E-02
 -1       178-2.73816E-03 0.00000E+00-1.25771E-02
 -1       179-2.84769E-03 0.00000E+00-1.31916E-02
 -1       180-2.94649E-03 0.00000E+00-1.37788E-02
 -1       181-3.09048E-03 0.00000E+00-1.45174E-02
 -1       182-3.22410E-03 0.00000E+00-1.52291E-02
 -1       183-3.34726E-03 0.00000E+00-1.59139E-02
 -1       184-3.46017E-03 0.00000E+00-1.65717E-02
 -1       185-3.56274E-03 0.00000E+00-1.72027E-02
 -1       186-3.65521E-03 0.00000E+00-1.78069E-02
 -1       187-3.68819E-03 0.00000E+00-1.80165E-02
 -1       188-3.75393E-03 0.00000E+00-1.84356E-02
 -1       189-3.85101E-03 0.00000E+00-1.90637E-02
 -1       190-3.93815E-03 0.00000E+00-1.96652E-02
 -1       191-4.01592E-03 0.00000E+00-2.02398E-02
 -1       192-4.08421E-03 0.00000E+00-2.07877E-02
 -1       193-4.14326E-03 0.00000E+00-2.13088E-02
 -1       194-4.17355E-03 0.00000E+00-2.16283E-02
 -1       195-4.20048E-03 0.00000E+00-2.18282E-02
 -1       196-4.26327E-03 0.00000E+00-2.23708E-02
 -1       197-4.31697E-03 0.00000E+00-2.28870E-02
 -1       198-4.36184E-03 0.00000E+00-2.33765E-02
 -1       199-4.39811E-03 0.00000E+00-2.38395E-02
 -1       200-4.42566E-03 0.00000E+00-2.42759E-02
 -1       201-4.44473E-03 0.00000E+00-2.46858E-02
 -1       202-4.50285E-03 0.00000E+00-2.52518E-02
 -1       203-4.55279E-03 0.00000E+00-2.57916E-02
 -1       204-4.59446E-03 0.00000E+00-2.63053E-02
 -1       205-4.62809E-03 0.00000E+00-2.67928E-02
 -1       206-4.65391E-03 0.00000E+00-2.72542E-02
 -1       207-4.67181E-03 0.00000E+00-2.76896E-02
 -1       208-4.68038E-03 0.00000E+00-2.78463E-02
 -1       209-4.69531E-03 0.00000E+00-2.81512E-02
 -1       210-4.71765E-03 0.00000E+00-2.86133E-02
 -1       211-4.73257E-03 0.00000E+00-2.90494E-02
 -1       212-4.74028E-03 0.00000E+00-2.94596E-02
 -1       213-4.74069E-03 0.00000E+00-2.98439E-02
 -1       214-4.73402E-03 0.00000E+00-3.02023E-02
 -1       215-4.72167E-03 0.00000E+00-3.04109E-02
 -1       216-4.72618E-03 0.00000E+00-3.05599E-02
 -1       217-4.72334E-03 0.00000E+00-3.09418E-02
 -1       218-4.71358E-03 0.00000E+00-3.12980E-02
 -1       219-4.69712E-03 0.00000E+00-3.16284E-02
 -1       220-4.67420E-03 0.00000E+00-3.19332E-02
 -1       221-4.64505E-03 0.00000E+00-3.22123E-02
 -1       222-4.60956E-03 0.00000E+00-3.24658E-02
 -1       223-4.60590E-03 0.00000E+00-3.28797E-02
 -1       224-4.59617E-03 0.00000E+00-3.32683E-02
 -1       225-4.58024E-03 0.00000E+00-3.36316E-02
 -1       226-4.55835E-03 0.00000E+00-3.39698E-02
 -1       227-4.53073E-03 0.00000E+00-3.42827E-02
 -1       228-4.49726E-03 0.00000E+00-3.45704E-02
 -1       229-4.48847E-03 0.00000E+00-3.46792E-02
 -1       230-4.46856E-03 0.00000E+00-3.48857E-02
 -1       231-4.43958E-03 0.00000E+00-3.52023E-02
 -1       232-4.40489E-03 0.00000E+00-3.54939E-02
 -1       233-4.36504E-03 0.00000E+00-3.57605E-02
 -1       234-4.31992E-03 0.00000E+00-3.60021E-02
 -1       235-4.26977E-03 0.00000E+00-3.62187E-02
 -1       236-4.23053E-03 0.00000E+00-3.63329E-02
 -1       237-4.21907E-03 0.00000E+00-3.64356E-02
 -1       238-4.17255E-03 0.00000E+00-3.66777E-02
 -1       239-4.12112E-03 0.00000E+00-3.68950E-02
 -1       240-4.06501E-03 0.00000E+00-3.70875E-02
 -1       241-4.00444E-03 0.00000E+00-3.72553E-02
 -1       242-3.93930E-03 0.00000E+00-3.73984E-02
 -1       243-3.86981E-03 0.00000E+00-3.75167E-02
 -1       244-3.82487E-03 0.00000E+00-3.77986E-02
 -1       245-3.77546E-03 0.00000E+00-3.80562E-02
 -1       246-3.72180E-03 0.00000E+00-3.82893E-02
 -1       247-3.66411E-03 0.00000E+00-3.84982E-02
 -1       248-3.60261E-03 0.00000E+00-3.86827E-02
 -1       249-3.55727E-03 0.00000E+00-3.87772E-02
 -1       250-3.54050E-03 0.00000E+00-3.88667E-02
 -1       251-3.48124E-03 0.00000E+00-3.90743E-02
 -1       252-3.41830E-03 0.00000E+00-3.92577E-02
 -1       253-3.35190E-03 0.00000E+00-3.94169E-02
 -1       254-3.28192E-03 0.00000E+00-3.95520E-02
 -1       255-3.20858E-03 0.00000E+00-3.96630E-02
 -1       256-3.18525E-03 0.00000E+00-3.97102E-02
 -1       257-3.13825E-03 0.00000E+00-3.98002E-02
 -1       258-3.06781E-03 0.00000E+00-3.99382E-02
 -1       259-2.99447E-03 0.00000E+00-4.00521E-02
 -1       260-2.91810E-03 0.00000E+00-4.01421E-02
 -1       261-2.83891E-03 0.00000E+00-4.02082E-02
 -1       262-2.77424E-03 0.00000E+00-4.02345E-02
 -1       263-2.76091E-03 0.00000E+00-4.02910E-02
 -1       264-2.69508E-03 0.00000E+00-4.04954E-02
 -1       265-2.62650E-03 0.00000E+00-4.06760E-02
 -1       266-2.55505E-03 0.00000E+00-4.08329E-02
 -1       267-2.48128E-03 0.00000E+00-4.09662E-02
 -1       268-2.40508E-03 0.00000E+00-4.10759E-02
 -1       269-2.36870E-03 0.00000E+00-4.10992E-02
 -1       270-2.32701E-03 0.00000E+00-4.11692E-02
 -1       271-2.25231E-03 0.00000E+00-4.13053E-02
 -1       272-2.17561E-03 0.00000E+00-4.14178E-02
 -1       273-2.09679E-03 0.00000E+00-4.15067E-02
 -1       274-2.01606E-03 0.00000E+00-4.15722E-02
 -1       275-1.93331E-03 0.00000E+00-4.16142E-02
 -1       276-1.92417E-03 0.00000E+00-4.16210E-02
 -1       277-1.85345E-03 0.00000E+00-4.16985E-02
 -1       278-1.77236E-03 0.00000E+00-4.17677E-02
 -1       279-1.68968E-03 0.00000E+00-4.18134E-02
 -1       280-1.60562E-03 0.00000E+00-4.18358E-02
 -1       281-1.52006E-03 0.00000E+00-4.18348E-02
 -1       282-1.43320E-03 0.00000E+00-4.18104E-02
 -1       283-1.41397E-03 0.00000E+00-4.18075E-02
 -1       284-1.35210E-03 0.00000E+00-4.18995E-02
 -1       285-1.27136E-03 0.00000E+00-4.20036E-02
 -1       286-1.18939E-03 0.00000E+00-4.20845E-02
 -1       287-1.10640E-03 0.00000E+00-4.21422E-02
 -1       288-1.02228E-03 0.00000E+00-4.21767E-02
 -1       289-9.46748E-04 0.00000E+00-4.21865E-02
 -1       290-9.37693E-04 0.00000E+00-4.21963E-02
 -1       291-8.54352E-04 0.00000E+00-4.22609E-02
 -1       292-7.70287E-04 0.00000E+00-4.23024E-02
 -1       293-6.85711E-04 0.00000E+00-4.23207E-02
 -1       294-6.00498E-04 0.00000E+00-4.23159E-02
 -1       295-5.14863E-04 0.00000E+00-4.22879E-02
 -1       296-4.66883E-04 0.00000E+00-4.22595E-02
 -1       297-4.29580E-04 0.00000E+00-4.22904E-02
 -1       298-3.45362E-04 0.00000E+00-4.23541E-02
 -1       299-2.60634E-04 0.00000E+00-4.23946E-02
 -1       300-1.75609E-04 0.00000E+00-4.24120E-02
 -1       301-9.04986E-05 0.00000E+00-4.24064E-02
 -1       302-6.25036E-07 0.00000E+00-4.14145E-02
 -1       303 8.91539E-05 0.00000E+00-4.24091E-02
 -1       304 1.74260E-04 0.00000E+00-4.24176E-02
 -1       305 2.59282E-04 0.00000E+00-4.24029E-02
 -1       306 3.44008E-04 0.00000E+00-4.23651E-02
 -1       307 4.28225E-04 0.00000E+00-4.23042E-02
 -1       308 4.84148E-04 0.00000E+00-4.22538E-02
 -1       309 5.12780E-04 0.00000E+00-4.22730E-02
 -1       310 5.98697E-04 0.00000E+00-4.23018E-02
 -1       311 6.83851E-04 0.00000E+00-4.23074E-02
 -1       312 7.68701E-04 0.00000E+00-4.22898E-02
 -1       313 8.52698E-04 0.00000E+00-4.22491E-02
 -1       314 9.35967E-04 0.00000E+00-4.21853E-02
 -1       315 9.63940E-04 0.00000E+00-4.21684E-02
 -1       316 1.02044E-03 0.00000E+00-4.21633E-02
 -1       317 1.10449E-03 0.00000E+00-4.21298E-02
 -1       318 1.18739E-03 0.00000E+00-4.20732E-02
 -1       319 1.26928E-03 0.00000E+00-4.19933E-02
 -1       320 1.34993E-03 0.00000E+00-4.18902E-02
 -1       321 1.41214E-03 0.00000E+00-4.17987E-02
 -1       322 1.43122E-03 0.00000E+00-4.18013E-02
 -1       323 1.51812E-03 0.00000E+00-4.18238E-02
 -1       324 1.60372E-03 0.00000E+00-4.18230E-02
 -1       325 1.68780E-03 0.00000E+00-4.17988E-02
 -1       326 1.77049E-03 0.00000E+00-4.17512E-02
 -1       327 1.85124E-03 0.00000E+00-4.16802E-02
 -1       328 1.88776E-03 0.00000E+00-4.16570E-02
 -1       329 1.93507E-03 0.00000E+00-4.16545E-02
 -1       330 2.01775E-03 0.00000E+00-4.16101E-02
 -1       331 2.09839E-03 0.00000E+00-4.15423E-02
 -1       332 2.17711E-03 0.00000E+00-4.14509E-02
 -1       333 2.25370E-03 0.00000E+00-4.13360E-02
 -1       334 2.32828E-03 0.00000E+00-4.11976E-02
 -1       335 2.33618E-03 0.00000E+00-4.11771E-02
 -1       336 2.40608E-03 0.00000E+00-4.11024E-02
 -1       337 2.48226E-03 0.00000E+00-4.09920E-02
 -1       338 2.55601E-03 0.00000E+00-4.08579E-02
 -1       339 2.62743E-03 0.00000E+00-4.07002E-02
 -1       340 2.69597E-03 0.00000E+00-4.05188E-02
 -1       341 2.76176E-03 0.00000E+00-4.03138E-02
 -1       342 2.77520E-03 0.00000E+00-4.02565E-02
 -1       343 2.83979E-03 0.00000E+00-4.02311E-02
 -1       344 2.91940E-03 0.00000E+00-4.01660E-02
 -1       345 2.99585E-03 0.00000E+00-4.00769E-02
 -1       346 3.06961E-03 0.00000E+00-3.99639E-02
 -1       347 3.14012E-03 0.00000E+00-3.98269E-02
 -1       348 3.20067E-03 0.00000E+00-3.96899E-02
 -1       349 3.20826E-03 0.00000E+00-3.96739E-02
 -1       350 3.28144E-03 0.00000E+00-3.95622E-02
 -1       351 3.35125E-03 0.00000E+00-3.94263E-02
 -1       352 3.41748E-03 0.00000E+00-3.92663E-02
 -1       353 3.48024E-03 0.00000E+00-3.90822E-02
 -1       354 3.53931E-03 0.00000E+00-3.88738E-02
 -1       355 3.57351E-03 0.00000E+00-3.87687E-02
 -1       356 3.59902E-03 0.00000E+00-3.86737E-02
 -1       357 3.66071E-03 0.00000E+00-3.84913E-02
 -1       358 3.71859E-03 0.00000E+00-3.82846E-02
 -1       359 3.77244E-03 0.00000E+00-3.80535E-02
 -1       360 3.82204E-03 0.00000E+00-3.77981E-02
 -1       361 3.86750E-03 0.00000E+00-3.75183E-02
 -1       362 3.93680E-03 0.00000E+00-3.73999E-02
 -1       363 4.00175E-03 0.00000E+00-3.72568E-02
 -1       364 4.06246E-03 0.00000E+00-3.70890E-02
 -1       365 4.11870E-03 0.00000E+00-3.68964E-02
 -1       366 4.17025E-03 0.00000E+00-3.66790E-02
 -1       367 4.21689E-03 0.00000E+00-3.64368E-02
 -1       368 4.22835E-03 0.00000E+00-3.63335E-02
 -1       369 4.26758E-03 0.00000E+00-3.62198E-02
 -1       370 4.31782E-03 0.00000E+00-3.60031E-02
 -1       371 4.36303E-03 0.00000E+00-3.57614E-02
 -1       372 4.40296E-03 0.00000E+00-3.54948E-02
 -1       373 4.43739E-03 0.00000E+00-3.52032E-02
 -1       374 4.46644E-03 0.00000E+00-3.48865E-02
 -1       375 4.48621E-03 0.00000E+00-3.46792E-02
 -1       376 4.49496E-03 0.00000E+00-3.45710E-02
 -1       377 4.52811E-03 0.00000E+00-3.42831E-02
 -1       378 4.55575E-03 0.00000E+00-3.39700E-02
 -1       379 4.57765E-03 0.00000E+00-3.36317E-02
 -1       380 4.59358E-03 0.00000E+00-3.32682E-02
 -1       381 4.60332E-03 0.00000E+00-3.28794E-02
 -1       382 4.60696E-03 0.00000E+00-3.24653E-02
 -1       383 4.64244E-03 0.00000E+00-3.22119E-02
 -1       384 4.67191E-03 0.00000E+00-3.19328E-02
 -1       385 4.69480E-03 0.00000E+00-3.16280E-02
 -1       386 4.71122E-03 0.00000E+00-3.12975E-02
 -1       387 4.72094E-03 0.00000E+00-3.09413E-02
 -1       388 4.72373E-03 0.00000E+00-3.05595E-02
 -1       389 4.71929E-03 0.00000E+00-3.04095E-02
 -1       390 4.73160E-03 0.00000E+00-3.02017E-02
 -1       391 4.73820E-03 0.00000E+00-2.98433E-02
 -1       392 4.73771E-03 0.00000E+00-2.94590E-02
 -1       393 4.73025E-03 0.00000E+00-2.90488E-02
 -1       394 4.71524E-03 0.00000E+00-2.86127E-02
 -1       395 4.69280E-03 0.00000E+00-2.81506E-02
 -1       396 4.67773E-03 0.00000E+00-2.78446E-02
 -1       397 4.66917E-03 0.00000E+00-2.76889E-02
 -1       398 4.65115E-03 0.00000E+00-2.72535E-02
 -1       399 4.62553E-03 0.00000E+00-2.67920E-02
 -1       400 4.59210E-03 0.00000E+00-2.63043E-02
 -1       401 4.55062E-03 0.00000E+00-2.57906E-02
 -1       402 4.50086E-03 0.00000E+00-2.52507E-02
 -1       403 4.44258E-03 0.00000E+00-2.46848E-02
 -1       404 4.42334E-03 0.00000E+00-2.42750E-02
 -1       405 4.39594E-03 0.00000E+00-2.38386E-02
 -1       406 4.35983E-03 0.00000E+00-2.33756E-02
 -1       407 4.31510E-03 0.00000E+00-2.28861E-02
 -1       408 4.26153E-03 0.00000E+00-2.23700E-02
 -1       409 4.19888E-03 0.00000E+00-2.18274E-02
 -1       410 4.17183E-03 0.00000E+00-2.16263E-02
 -1       411 4.14175E-03 0.00000E+00-2.13079E-02
 -1       412 4.08281E-03 0.00000E+00-2.07868E-02
 -1       413 4.01461E-03 0.00000E+00-2.02389E-02
 -1       414 3.93694E-03 0.00000E+00-1.96643E-02
 -1       415 3.84988E-03 0.00000E+00-1.90629E-02
 -1       416 3.75288E-03 0.00000E+00-1.84348E-02
 -1       417 3.68696E-03 0.00000E+00-1.80143E-02
 -1       418 3.65419E-03 0.00000E+00-1.78060E-02
 -1       419 3.56177E-03 0.00000E+00-1.72018E-02
 -1       420 3.45923E-03 0.00000E+00-1.65707E-02
 -1       421 3.34668E-03 0.00000E+00-1.59128E-02
 -1       422 3.22355E-03 0.00000E+00-1.52280E-02
 -1       423 3.08995E-03 0.00000E+00-1.45163E-02
 -1       424 2.94597E-03 0.00000E+00-1.37776E-02
 -1       425 2.84717E-03 0.00000E+00-1.31906E-02
 -1       426 2.73765E-03 0.00000E+00-1.25762E-02
 -1       427 2.61749E-03 0.00000E+00-1.19344E-02
 -1       428 2.48614E-03 0.00000E+00-1.12654E-02
 -1       429 2.34370E-03 0.00000E+00-1.05690E-02
 -1       430 2.18993E-03 0.00000E+00-9.84532E-03
 -1       431 2.13248E-03 0.00000E+00-9.58746E-03
 -1       432 2.04231E-03 0.00000E+00-9.14381E-03
 -1       433 1.89184E-03 0.00000E+00-8.43956E-03
 -1       434 1.72952E-03 0.00000E+00-7.70795E-03
 -1       435 1.55546E-03 0.00000E+00-6.94888E-03
 -1       436 1.36975E-03 0.00000E+00-6.16227E-03
 -1       437 1.17183E-03 0.00000E+00-5.34826E-03
 -1       438 1.03655E-03 0.00000E+00-4.79939E-03
 -1       439 9.74146E-04 0.00000E+00-4.54046E-03
 -1       440 7.58669E-04 0.00000E+00-3.69124E-03
 -1       441 5.30679E-04 0.00000E+00-2.81456E-03
 -1       442 2.89943E-04 0.00000E+00-1.91046E-03
 -1       443 3.65679E-05 0.00000E+00-9.78846E-04
 -1       444-1.88825E-04 0.00000E+00-1.64081E-04
 -1       445-1.68089E-04 0.00000E+00-1.00737E-04
 -1       446-1.49963E-04 0.00000E+00-1.64882E-05
 -1       447-1.41880E-04 0.00000E+00 0.00000E+00
 -1       448-1.36005E-04 0.00000E+00 1.94036E-10
 -1       449-6.36775E-06 0.00000E+00-8.49476E-08
 -1       450 0.00000E+00 0.00000E+00 0.00000E+00
 -1       451-1.86499E-05 0.00000E+00-4.70615E-05
 -1       452-4.27332E-04 0.00000E+00-1.08353E-03
 -1       453-8.23895E-04 0.00000E+00-2.09620E-03
 -1       454-1.05446E-03 0.00000E+00-2.69584E-03
 -1       455-1.24764E-03 0.00000E+00-3.20066E-03
 -1       456-1.63465E-03 0.00000E+00-4.21545E-03
 -1       457-2.01058E-03 0.00000E+00-5.20821E-03
 -1       458-2.18953E-03 0.00000E+00-5.68467E-03
 -1       459-2.36570E-03 0.00000E+00-6.15549E-03
 -1       460-2.71925E-03 0.00000E+00-7.10332E-03
 -1       461-3.06192E-03 0.00000E+00-8.02906E-03
 -1       462-3.22597E-03 0.00000E+00-8.47602E-03
 -1       463-3.38723E-03 0.00000E+00-8.91735E-03
 -1       464-3.71152E-03 0.00000E+00-9.80738E-03
 -1       465-4.02512E-03 0.00000E+00-1.06753E-02
 -1       466-4.17277E-03 0.00000E+00-1.10880E-02
 -1       467-4.31774E-03 0.00000E+00-1.14950E-02
 -1       468-4.61002E-03 0.00000E+00-1.23176E-02
 -1       469-4.89183E-03 0.00000E+00-1.31180E-02
 -1       470-5.02341E-03 0.00000E+00-1.34963E-02
 -1       471-5.15243E-03 0.00000E+00-1.38690E-02
 -1       472-5.41334E-03 0.00000E+00-1.46239E-02
 -1       473-5.66400E-03 0.00000E+00-1.53566E-02
 -1       474-5.77996E-03 0.00000E+00-1.57004E-02
 -1       475-5.89334E-03 0.00000E+00-1.60385E-02
 -1       476-6.13597E-03 0.00000E+00-1.67583E-02
 -1       477-6.36872E-03 0.00000E+00-1.74556E-02
 -1       478-6.47564E-03 0.00000E+00-1.77811E-02
 -1       479-6.59159E-03 0.00000E+00-1.81310E-02
 -1       480-6.80424E-03 0.00000E+00-1.87827E-02
 -1       481-7.00700E-03 0.00000E+00-1.94121E-02
 -1       482-7.11076E-03 0.00000E+00-1.97340E-02
 -1       483-7.21210E-03 0.00000E+00-2.00505E-02
 -1       484-7.39521E-03 0.00000E+00-2.06341E-02
 -1       485-7.56888E-03 0.00000E+00-2.11952E-02
 -1       486-7.65836E-03 0.00000E+00-2.14836E-02
 -1       487-7.74543E-03 0.00000E+00-2.17666E-02
 -1       488-7.89990E-03 0.00000E+00-2.22818E-02
 -1       489-8.06876E-03 0.00000E+00-2.28477E-02
 -1       490-8.15619E-03 0.00000E+00-2.31401E-02
 -1       491-8.24136E-03 0.00000E+00-2.34269E-02
 -1       492-8.39171E-03 0.00000E+00-2.39470E-02
 -1       493-8.53305E-03 0.00000E+00-2.44446E-02
 -1       494-8.60697E-03 0.00000E+00-2.47035E-02
 -1       495-8.67875E-03 0.00000E+00-2.49568E-02
 -1       496-8.80203E-03 0.00000E+00-2.54084E-02
 -1       497-8.91654E-03 0.00000E+00-2.58375E-02
 -1       498-8.97728E-03 0.00000E+00-2.60628E-02
 -1       499-9.03589E-03 0.00000E+00-2.62825E-02
 -1       500-9.13280E-03 0.00000E+00-2.66656E-02
 -1       501-9.22137E-03 0.00000E+00-2.70259E-02
 -1       502-9.27540E-03 0.00000E+00-2.72353E-02
 -1       503-9.32737E-03 0.00000E+00-2.74392E-02
 -1       504-9.41095E-03 0.00000E+00-2.77890E-02
 -1       505-9.48615E-03 0.00000E+00-2.81162E-02
 -1       506-9.52769E-03 0.00000E+00-2.82919E-02
 -1       507-9.56718E-03 0.00000E+00-2.84620E-02
 -1       508-9.62582E-03 0.00000E+00-2.87429E-02
 -1       509-9.67630E-03 0.00000E+00-2.90012E-02
 -1       510-9.70570E-03 0.00000E+00-2.91431E-02
 -1       511-9.73306E-03 0.00000E+00-2.92794E-02
 -1       512-9.76745E-03 0.00000E+00-2.94914E-02
 -1       513-9.79413E-03 0.00000E+00-2.96806E-02
 -1       514-9.81174E-03 0.00000E+00-2.97886E-02
 -1       515-9.82741E-03 0.00000E+00-2.98910E-02
 -1       516-9.85057E-03 0.00000E+00-3.00714E-02
 -1       517-9.86597E-03 0.00000E+00-3.02291E-02
 -1       518-9.87812E-03 0.00000E+00-3.03221E-02
 -1       519-9.88843E-03 0.00000E+00-3.04094E-02
 -1       520-9.88878E-03 0.00000E+00-3.05207E-02
 -1       521-9.88161E-03 0.00000E+00-3.06092E-02
 -1       522-9.88266E-03 0.00000E+00-3.06681E-02
 -1       523-9.88199E-03 0.00000E+00-3.07215E-02
 -1       524-9.86025E-03 0.00000E+00-3.07634E-02
 -1       525-9.83145E-03 0.00000E+00-3.07825E-02
 -1       526-9.82175E-03 0.00000E+00-3.08074E-02
 -1       527-9.81033E-03 0.00000E+00-3.08267E-02
 -1       528-9.76721E-03 0.00000E+00-3.07993E-02
 -1       529-9.73986E-03 0.00000E+00-3.08229E-02
 -1       530-9.73113E-03 0.00000E+00-3.08514E-02
 -1       531-9.72073E-03 0.00000E+00-3.08744E-02
 -1       532-9.67977E-03 0.00000E+00-3.08516E-02
 -1       533-9.63221E-03 0.00000E+00-3.08060E-02
 -1       534-9.61351E-03 0.00000E+00-3.08006E-02
 -1       535-9.59326E-03 0.00000E+00-3.07894E-02
 -1       536-9.53258E-03 0.00000E+00-3.06974E-02
 -1       537-9.46552E-03 0.00000E+00-3.05826E-02
 -1       538-9.43721E-03 0.00000E+00-3.05431E-02
 -1       539-9.40735E-03 0.00000E+00-3.04979E-02
 -1       540-9.32789E-03 0.00000E+00-3.03365E-02
 -1       541-9.24229E-03 0.00000E+00-3.01523E-02
 -1       542-9.20973E-03 0.00000E+00-3.00963E-02
 -1       543-9.17570E-03 0.00000E+00-3.00346E-02
 -1       544-9.08791E-03 0.00000E+00-2.98391E-02
 -1       545-8.99438E-03 0.00000E+00-2.96209E-02
 -1       546-8.95292E-03 0.00000E+00-2.95306E-02
 -1       547-8.91000E-03 0.00000E+00-2.94348E-02
 -1       548-8.80471E-03 0.00000E+00-2.91700E-02
 -1       549-8.69391E-03 0.00000E+00-2.88823E-02
 -1       550-8.64391E-03 0.00000E+00-2.87579E-02
 -1       551-8.59257E-03 0.00000E+00-2.86278E-02
 -1       552-8.47072E-03 0.00000E+00-2.82935E-02
 -1       553-8.34340E-03 0.00000E+00-2.79365E-02
 -1       554-8.28521E-03 0.00000E+00-2.77778E-02
 -1       555-8.22579E-03 0.00000E+00-2.76134E-02
 -1       556-8.09747E-03 0.00000E+00-2.72461E-02
 -1       557-7.96406E-03 0.00000E+00-2.68561E-02
 -1       558-7.90287E-03 0.00000E+00-2.66813E-02
 -1       559-7.84043E-03 0.00000E+00-2.65009E-02
 -1       560-7.69684E-03 0.00000E+00-2.60643E-02
 -1       561-7.54841E-03 0.00000E+00-2.56048E-02
 -1       562-7.47975E-03 0.00000E+00-2.53957E-02
 -1       563-7.40986E-03 0.00000E+00-2.51810E-02
 -1       564-7.25174E-03 0.00000E+00-2.46750E-02
 -1       565-7.08902E-03 0.00000E+00-2.41461E-02
 -1       566-7.01326E-03 0.00000E+00-2.39026E-02
 -1       567-6.93638E-03 0.00000E+00-2.36535E-02
 -1       568-6.77902E-03 0.00000E+00-2.31381E-02
 -1       569-6.63661E-03 0.00000E+00-2.26664E-02
 -1       570-6.56370E-03 0.00000E+00-2.24217E-02
 -1       571-6.48971E-03 0.00000E+00-2.21714E-02
 -1       572-6.33846E-03 0.00000E+00-2.16536E-02
 -1       573-6.18323E-03 0.00000E+00-2.11133E-02
 -1       574-6.10403E-03 0.00000E+00-2.08343E-02
 -1       575-6.02388E-03 0.00000E+00-2.05497E-02
 -1       576-5.86052E-03 0.00000E+00-1.99632E-02
 -1       577-5.69319E-03 0.00000E+00-1.93542E-02
 -1       578-5.60807E-03 0.00000E+00-1.90409E-02
 -1       579-5.52199E-03 0.00000E+00-1.87219E-02
 -1       580-5.34702E-03 0.00000E+00-1.80668E-02
 -1       581-5.16855E-03 0.00000E+00-1.73890E-02
 -1       582-5.08194E-03 0.00000E+00-1.70594E-02
 -1       583-4.99447E-03 0.00000E+00-1.67242E-02
 -1       584-4.81667E-03 0.00000E+00-1.60366E-02
 -1       585-4.63554E-03 0.00000E+00-1.53265E-02
 -1       586-4.54361E-03 0.00000E+00-1.49626E-02
 -1       587-4.45095E-03 0.00000E+00-1.45930E-02
 -1       588-4.26301E-03 0.00000E+00-1.38366E-02
 -1       589-4.07197E-03 0.00000E+00-1.30577E-02
 -1       590-3.97522E-03 0.00000E+00-1.26594E-02
 -1       591-3.87773E-03 0.00000E+00-1.22554E-02
 -1       592-3.68060E-03 0.00000E+00-1.14302E-02
 -1       593-3.48061E-03 0.00000E+00-1.05824E-02
 -1       594-3.37938E-03 0.00000E+00-1.01497E-02
 -1       595-3.27754E-03 0.00000E+00-9.71129E-03
 -1       596-3.07916E-03 0.00000E+00-8.85399E-03
 -1       597-2.87808E-03 0.00000E+00-7.97406E-03
 -1       598-2.77652E-03 0.00000E+00-7.52528E-03
 -1       599-2.67433E-03 0.00000E+00-7.07083E-03
 -1       600-2.46799E-03 0.00000E+00-6.14470E-03
 -1       601-2.25921E-03 0.00000E+00-5.19593E-03
 -1       602-2.15380E-03 0.00000E+00-4.71275E-03
 -1       603-2.04789E-03 0.00000E+00-4.22388E-03
 -1       604-1.83411E-03 0.00000E+00-3.22894E-03
 -1       605-1.61834E-03 0.00000E+00-2.21130E-03
 -1       606-1.35242E-03 0.00000E+00-9.01450E-04
 -1       607-1.21456E-03 0.00000E+00-2.19770E-04
 -1       608-1.17037E-03 0.00000E+00 0.00000E+00
 -1       609-1.18778E-03 0.00000E+00-8.48555E-05
 -1       610-1.30544E-03 0.00000E+00-6.61662E-04
 -1       611-1.41815E-03 0.00000E+00-1.22210E-03
 -1       612-1.48739E-03 0.00000E+00-1.57490E-03
 -1       613-1.62101E-03 0.00000E+00-2.26408E-03
 -1       614-1.74814E-03 0.00000E+00-2.93170E-03
 -1       615-1.80923E-03 0.00000E+00-3.25706E-03
 -1       616-1.86878E-03 0.00000E+00-3.57699E-03
 -1       617-1.98304E-03 0.00000E+00-4.20045E-03
 -1       618-2.09102E-03 0.00000E+00-4.80229E-03
 -1       619-2.14265E-03 0.00000E+00-5.09475E-03
 -1       620-2.19274E-03 0.00000E+00-5.38178E-03
 -1       621-2.29526E-03 0.00000E+00-5.97016E-03
 -1       622-2.39190E-03 0.00000E+00-6.53686E-03
 -1       623-2.43783E-03 0.00000E+00-6.81177E-03
 -1       624-2.48233E-03 0.00000E+00-7.08123E-03
 -1       625-2.56689E-03 0.00000E+00-7.60366E-03
 -1       626-2.64556E-03 0.00000E+00-8.10442E-03
 -1       627-2.68274E-03 0.00000E+00-8.34632E-03
 -1       628-2.71849E-03 0.00000E+00-8.58276E-03
 -1       629-2.78578E-03 0.00000E+00-9.03912E-03
 -1       630-2.84740E-03 0.00000E+00-9.47377E-03
 -1       631-2.87617E-03 0.00000E+00-9.68259E-03
 -1       632-2.90351E-03 0.00000E+00-9.88597E-03
 -1       633-2.92965E-03 0.00000E+00-1.00845E-02
 -1       634-2.95793E-03 0.00000E+00-1.02936E-02
 -1       635-3.01069E-03 0.00000E+00-1.06974E-02
 -1       636-3.03501E-03 0.00000E+00-1.08909E-02
 -1       637-3.05799E-03 0.00000E+00-1.10789E-02
 -1       638-3.10014E-03 0.00000E+00-1.14383E-02
 -1       639-3.13725E-03 0.00000E+00-1.17758E-02
 -1       640-3.15374E-03 0.00000E+00-1.19361E-02
 -1       641-3.16902E-03 0.00000E+00-1.20910E-02
 -1       642-3.19576E-03 0.00000E+00-1.23840E-02
 -1       643-3.21768E-03 0.00000E+00-1.26553E-02
 -1       644-3.22681E-03 0.00000E+00-1.27824E-02
 -1       645-3.23472E-03 0.00000E+00-1.29040E-02
 -1       646-3.24697E-03 0.00000E+00-1.31306E-02
 -1       647-3.26759E-03 0.00000E+00-1.34116E-02
 -1       648-3.27621E-03 0.00000E+00-1.35436E-02
 -1       649-3.28366E-03 0.00000E+00-1.36702E-02
 -1       650-3.29524E-03 0.00000E+00-1.39067E-02
 -1       651-3.30239E-03 0.00000E+00-1.41213E-02
 -1       652-3.30429E-03 0.00000E+00-1.42201E-02
 -1       653-3.30512E-03 0.00000E+00-1.43135E-02
 -1       654-3.30370E-03 0.00000E+00-1.44835E-02
 -1       655-3.29809E-03 0.00000E+00-1.46317E-02
 -1       656-3.29371E-03 0.00000E+00-1.46973E-02
 -1       657-3.28828E-03 0.00000E+00-1.47574E-02
 -1       658-3.27434E-03 0.00000E+00-1.48609E-02
 -1       659-3.26597E-03 0.00000E+00-1.49047E-02
 -1       660-3.26004E-03 0.00000E+00-1.49630E-02
 -1       661-3.25315E-03 0.00000E+00-1.50160E-02
 -1       662-3.24528E-03 0.00000E+00-1.50635E-02
 -1       663-3.22666E-03 0.00000E+00-1.51418E-02
 -1       664-3.20445E-03 0.00000E+00-1.51983E-02
 -1       665-3.19187E-03 0.00000E+00-1.52180E-02
 -1       666-3.17844E-03 0.00000E+00-1.52322E-02
 -1       667-3.13934E-03 0.00000E+00-1.51845E-02
 -1       668-3.09681E-03 0.00000E+00-1.51151E-02
 -1       669-3.07901E-03 0.00000E+00-1.51015E-02
 -1       670-3.06035E-03 0.00000E+00-1.50824E-02
 -1       671-3.01128E-03 0.00000E+00-1.49688E-02
 -1       672-2.95924E-03 0.00000E+00-1.48336E-02
 -1       673-2.93932E-03 0.00000E+00-1.48057E-02
 -1       674-2.91864E-03 0.00000E+00-1.47722E-02
 -1       675-2.86621E-03 0.00000E+00-1.46310E-02
 -1       676-2.81096E-03 0.00000E+00-1.44682E-02
 -1       677-2.78641E-03 0.00000E+00-1.44069E-02
 -1       678-2.76110E-03 0.00000E+00-1.43401E-02
 -1       679-2.70012E-03 0.00000E+00-1.41332E-02
 -1       680-2.63656E-03 0.00000E+00-1.39047E-02
 -1       681-2.60773E-03 0.00000E+00-1.38100E-02
 -1       682-2.57826E-03 0.00000E+00-1.37098E-02
 -1       683-2.50967E-03 0.00000E+00-1.34372E-02
 -1       684-2.43872E-03 0.00000E+00-1.31431E-02
 -1       685-2.40597E-03 0.00000E+00-1.30149E-02
 -1       686-2.37835E-03 0.00000E+00-1.29191E-02
 -1       687-2.31455E-03 0.00000E+00-1.26582E-02
 -1       688-2.24879E-03 0.00000E+00-1.23759E-02
 -1       689-2.21824E-03 0.00000E+00-1.22522E-02
 -1       690-2.18710E-03 0.00000E+00-1.21229E-02
 -1       691-2.11719E-03 0.00000E+00-1.17968E-02
 -1       692-2.04534E-03 0.00000E+00-1.14493E-02
 -1       693-2.01162E-03 0.00000E+00-1.12922E-02
 -1       694-1.97742E-03 0.00000E+00-1.11296E-02
 -1       695-1.90188E-03 0.00000E+00-1.07383E-02
 -1       696-1.82486E-03 0.00000E+00-1.03257E-02
 -1       697-1.78832E-03 0.00000E+00-1.01352E-02
 -1       698-1.75143E-03 0.00000E+00-9.93918E-03
 -1       699-1.67498E-03 0.00000E+00-9.51775E-03
 -1       700-1.59721E-03 0.00000E+00-9.07497E-03
 -1       701-1.56015E-03 0.00000E+00-8.86851E-03
 -1       702-1.52272E-03 0.00000E+00-8.65653E-03
 -1       703-1.44207E-03 0.00000E+00-8.17013E-03
 -1       704-1.36031E-03 0.00000E+00-7.66241E-03
 -1       705-1.32116E-03 0.00000E+00-7.42254E-03
 -1       706-1.28163E-03 0.00000E+00-7.17718E-03
 -1       707-1.19747E-03 0.00000E+00-6.62588E-03
 -1       708-1.11243E-03 0.00000E+00-6.05329E-03
 -1       709-1.07154E-03 0.00000E+00-5.78002E-03
 -1       710-1.03038E-03 0.00000E+00-5.50125E-03
 -1       711-9.88851E-04 0.00000E+00-5.21611E-03
 -1       712-9.48974E-04 0.00000E+00-4.94518E-03
 -1       713-8.64820E-04 0.00000E+00-4.34484E-03
 -1       714-8.24237E-04 0.00000E+00-4.05664E-03
 -1       715-7.83487E-04 0.00000E+00-3.76292E-03
 -1       716-6.97941E-04 0.00000E+00-3.11913E-03
 -1       717-6.11900E-04 0.00000E+00-2.45412E-03
 -1       718-5.70178E-04 0.00000E+00-2.13253E-03
 -1       719-5.28290E-04 0.00000E+00-1.80543E-03
 -1       720-4.41102E-04 0.00000E+00-1.09704E-03
 -1       721-3.81924E-04 0.00000E+00-6.01567E-04
 -1       722-3.28221E-04 0.00000E+00-1.31401E-04
 -1       723-3.12976E-04 0.00000E+00 0.00000E+00
 -1       724-3.09040E-04 0.00000E+00-3.47147E-06
 -1       725-2.85978E-04 0.00000E+00 1.94671E-06
 -1       726-2.77431E-04 0.00000E+00 0.00000E+00
 -1       727-2.74916E-04 0.00000E+00-4.60956E-06
 -1       728 0.00000E+00 0.00000E+00 0.00000E+00
 -1       729 0.00000E+00 0.00000E+00 0.00000E+00
 -1       730 0.00000E+00 0.00000E+00 0.00000E+00
 -1      1001 0.00000E+00 0.00000E+00 0.00000E+00
 -1      1002 3.09595E-04 0.00000E+00-1.46005E-05
 -1      1003 3.14452E-04 0.00000E+00 0.00000E+00
 -1      1004 3.83753E-04 0.00000E+00-1.98062E-04
 -1      1005 8.78059E-04 0.00000E+00-1.60513E-03
 -1      1006 1.48800E-03 0.00000E+00-3.32760E-03
 -1      1007 2.08915E-03 0.00000E+00-5.01019E-03
 -1      1008 2.68196E-03 0.00000E+00-6.65439E-03
 -1      1009 3.33029E-03 0.00000E+00-8.38957E-03
 -1      1010 3.91222E-03 0.00000E+00-9.93024E-03
 -1      1011 4.48198E-03 0.00000E+00-1.14229E-02
 -1      1012 5.03923E-03 0.00000E+00-1.28676E-02
 -1      1013 5.63250E-03 0.00000E+00-1.43885E-02
 -1      1014 6.17382E-03 0.00000E+00-1.57245E-02
 -1      1015 6.65568E-03 0.00000E+00-1.68996E-02
 -1      1016 7.12362E-03 0.00000E+00-1.80269E-02
 -1      1017 7.57728E-03 0.00000E+00-1.91064E-02
 -1      1018 8.05563E-03 0.00000E+00-2.02293E-02
 -1      1019 8.50277E-03 0.00000E+00-2.12387E-02
 -1      1020 8.89674E-03 0.00000E+00-2.21145E-02
 -1      1021 9.27499E-03 0.00000E+00-2.29427E-02
 -1      1022 9.63730E-03 0.00000E+00-2.37233E-02
 -1      1023 1.00140E-02 0.00000E+00-2.45203E-02
 -1      1024 1.03361E-02 0.00000E+00-2.51600E-02
 -1      1025 1.06135E-02 0.00000E+00-2.56972E-02
 -1      1026 1.08735E-02 0.00000E+00-2.61872E-02
 -1      1027 1.11159E-02 0.00000E+00-2.66298E-02
 -1      1028 1.13598E-02 0.00000E+00-2.70585E-02
 -1      1029 1.15307E-02 0.00000E+00-2.73008E-02
 -1      1030 1.16677E-02 0.00000E+00-2.74742E-02
 -1      1031 1.17857E-02 0.00000E+00-2.76006E-02
 -1      1032 1.18843E-02 0.00000E+00-2.76802E-02
 -1      1033 1.19695E-02 0.00000E+00-2.77132E-02
 -1      1034 1.20034E-02 0.00000E+00-2.76263E-02
 -1      1035 1.20133E-02 0.00000E+00-2.74983E-02
 -1      1036 1.20023E-02 0.00000E+00-2.73237E-02
 -1      1037 1.19703E-02 0.00000E+00-2.71025E-02
 -1      1038 1.19111E-02 0.00000E+00-2.68077E-02
 -1      1039 1.17582E-02 0.00000E+00-2.63117E-02
 -1      1040 1.15950E-02 0.00000E+00-2.58092E-02
 -1      1041 1.14093E-02 0.00000E+00-2.52605E-02
 -1      1042 1.12010E-02 0.00000E+00-2.46657E-02
 -1      1043 1.09997E-02 0.00000E+00-2.40755E-02
 -1      1044 1.06749E-02 0.00000E+00-2.32354E-02
 -1      1045 1.03555E-02 0.00000E+00-2.24240E-02
 -1      1046 1.00110E-02 0.00000E+00-2.15648E-02
 -1      1047 9.64119E-03 0.00000E+00-2.06579E-02
 -1      1048 9.20449E-03 0.00000E+00-1.96055E-02
 -1      1049 8.70502E-03 0.00000E+00-1.84461E-02
 -1      1050 8.22335E-03 0.00000E+00-1.73412E-02
 -1      1051 7.71503E-03 0.00000E+00-1.61892E-02
 -1      1052 7.17996E-03 0.00000E+00-1.49900E-02
 -1      1053 6.56170E-03 0.00000E+00-1.36209E-02
 -1      1054 5.84344E-03 0.00000E+00-1.20803E-02
 -1      1055 5.15908E-03 0.00000E+00-1.06257E-02
 -1      1056 4.44661E-03 0.00000E+00-9.12456E-03
 -1      1057 3.70584E-03 0.00000E+00-7.57709E-03
 -1      1058 2.86198E-03 0.00000E+00-5.83014E-03
 -1      1059 2.18476E-03 0.00000E+00-4.44481E-03
 -1      1060 1.48283E-03 0.00000E+00-3.01978E-03
 -1      1061 7.56674E-04 0.00000E+00-1.55645E-03
 -1      1062 8.53073E-05 0.00000E+00-2.12177E-04
 -1      1063-2.14226E-05 0.00000E+00 0.00000E+00
 -1      1064-1.84279E-05 0.00000E+00-1.93692E-08
 -1      1065-4.60713E-06 0.00000E+00-1.38078E-07
 -1      1066 0.00000E+00 0.00000E+00 0.00000E+00
 -1      1067-1.79918E-05 0.00000E+00-7.59476E-05
 -1      1068-2.14843E-04 0.00000E+00-9.11102E-04
 -1      1069-3.90586E-04 0.00000E+00-1.66626E-03
 -1      1070-5.63362E-04 0.00000E+00-2.41789E-03
 -1      1071-7.33330E-04 0.00000E+00-3.16599E-03
 -1      1072-9.00453E-04 0.00000E+00-3.91063E-03
 -1      1073-1.09759E-03 0.00000E+00-4.80044E-03
 -1      1074-1.33482E-03 0.00000E+00-5.81666E-03
 -1      1075-1.54854E-03 0.00000E+00-6.74399E-03
 -1      1076-1.75883E-03 0.00000E+00-7.66770E-03
 -1      1077-1.96571E-03 0.00000E+00-8.58785E-03
 -1      1078-2.18766E-03 0.00000E+00-9.58804E-03
 -1      1079-2.36340E-03 0.00000E+00-1.04778E-02
 -1      1080-2.52125E-03 0.00000E+00-1.12894E-02
 -1      1081-2.67610E-03 0.00000E+00-1.20977E-02
 -1      1082-2.82798E-03 0.00000E+00-1.29027E-02
 -1      1083-2.99057E-03 0.00000E+00-1.37782E-02
 -1      1084-3.15361E-03 0.00000E+00-1.46770E-02
 -1      1085-3.29996E-03 0.00000E+00-1.54975E-02
 -1      1086-3.44360E-03 0.00000E+00-1.63151E-02
 -1      1087-3.58445E-03 0.00000E+00-1.71298E-02
 -1      1088-3.73512E-03 0.00000E+00-1.80157E-02
 -1      1089-3.84200E-03 0.00000E+00-1.87823E-02
 -1      1090-3.93736E-03 0.00000E+00-1.94818E-02
 -1      1091-4.03034E-03 0.00000E+00-2.01787E-02
 -1      1092-4.12095E-03 0.00000E+00-2.08729E-02
 -1      1093-4.21730E-03 0.00000E+00-2.16276E-02
 -1      1094-4.27734E-03 0.00000E+00-2.22770E-02
 -1      1095-4.33022E-03 0.00000E+00-2.28693E-02
 -1      1096-4.38109E-03 0.00000E+00-2.34593E-02
 -1      1097-4.42998E-03 0.00000E+00-2.40468E-02
 -1      1098-4.48129E-03 0.00000E+00-2.46853E-02
 -1      1099-4.53583E-03 0.00000E+00-2.53553E-02
 -1      1100-4.58371E-03 0.00000E+00-2.59671E-02
 -1      1101-4.62971E-03 0.00000E+00-2.65768E-02
 -1      1102-4.67385E-03 0.00000E+00-2.71845E-02
 -1      1103-4.72001E-03 0.00000E+00-2.78455E-02
 -1      1104-4.73183E-03 0.00000E+00-2.83897E-02
 -1      1105-4.74101E-03 0.00000E+00-2.88864E-02
 -1      1106-4.74868E-03 0.00000E+00-2.93811E-02
 -1      1107-4.75489E-03 0.00000E+00-2.98741E-02
 -1      1108-4.76000E-03 0.00000E+00-3.04102E-02
 -1      1109-4.73803E-03 0.00000E+00-3.08466E-02
 -1      1110-4.71652E-03 0.00000E+00-3.12447E-02
 -1      1111-4.69385E-03 0.00000E+00-3.16411E-02
 -1      1112-4.67005E-03 0.00000E+00-3.20360E-02
 -1      1113-4.64272E-03 0.00000E+00-3.24653E-02
 -1      1114-4.62048E-03 0.00000E+00-3.29342E-02
 -1      1115-4.59882E-03 0.00000E+00-3.33624E-02
 -1      1116-4.57594E-03 0.00000E+00-3.37894E-02
 -1      1117-4.55187E-03 0.00000E+00-3.42152E-02
 -1      1118-4.52433E-03 0.00000E+00-3.46785E-02
 -1      1119-4.47166E-03 0.00000E+00-3.50292E-02
 -1      1120-4.42241E-03 0.00000E+00-3.53493E-02
 -1      1121-4.37228E-03 0.00000E+00-3.56683E-02
 -1      1122-4.32130E-03 0.00000E+00-3.59863E-02
 -1      1123-4.26482E-03 0.00000E+00-3.63322E-02
 -1      1124-4.18938E-03 0.00000E+00-3.65836E-02
 -1      1125-4.11949E-03 0.00000E+00-3.68129E-02
 -1      1126-4.04903E-03 0.00000E+00-3.70413E-02
 -1      1127-3.97800E-03 0.00000E+00-3.72688E-02
 -1      1128-3.89991E-03 0.00000E+00-3.75162E-02
 -1      1129-3.84579E-03 0.00000E+00-3.77395E-02
 -1      1130-3.77910E-03 0.00000E+00-3.80121E-02
 -1      1131-3.71177E-03 0.00000E+00-3.82840E-02
 -1      1132-3.64381E-03 0.00000E+00-3.85553E-02
 -1      1133-3.58769E-03 0.00000E+00-3.87766E-02
 -1      1134-3.52244E-03 0.00000E+00-3.89419E-02
 -1      1135-3.44227E-03 0.00000E+00-3.91437E-02
 -1      1136-3.36159E-03 0.00000E+00-3.93450E-02
 -1      1137-3.28052E-03 0.00000E+00-3.95458E-02
 -1      1138-3.21379E-03 0.00000E+00-3.97096E-02
 -1      1139-3.13792E-03 0.00000E+00-3.98064E-02
 -1      1140-3.05069E-03 0.00000E+00-3.99174E-02
 -1      1141-2.96321E-03 0.00000E+00-4.00281E-02
 -1      1142-2.87549E-03 0.00000E+00-4.01384E-02
 -1      1143-2.79890E-03 0.00000E+00-4.02341E-02
 -1      1144-2.72759E-03 0.00000E+00-4.03869E-02
 -1      1145-2.64004E-03 0.00000E+00-4.05736E-02
 -1      1146-2.55208E-03 0.00000E+00-4.07601E-02
 -1      1147-2.46372E-03 0.00000E+00-4.09464E-02
 -1      1148-2.39115E-03 0.00000E+00-4.10986E-02
 -1      1149-2.31243E-03 0.00000E+00-4.11908E-02
 -1      1150-2.21606E-03 0.00000E+00-4.13034E-02
 -1      1151-2.11940E-03 0.00000E+00-4.14160E-02
 -1      1152-2.02257E-03 0.00000E+00-4.15285E-02
 -1      1153-1.94319E-03 0.00000E+00-4.16204E-02
 -1      1154-1.84039E-03 0.00000E+00-4.16578E-02
 -1      1155-1.73749E-03 0.00000E+00-4.16952E-02
 -1      1156-1.63461E-03 0.00000E+00-4.17325E-02
 -1      1157-1.53164E-03 0.00000E+00-4.17699E-02
 -1      1158-1.42870E-03 0.00000E+00-4.18072E-02
 -1      1159-1.34909E-03 0.00000E+00-4.19382E-02
 -1      1160-1.24694E-03 0.00000E+00-4.19994E-02
 -1      1161-1.14489E-03 0.00000E+00-4.20658E-02
 -1      1162-1.04291E-03 0.00000E+00-4.21375E-02
 -1      1163-9.58986E-04 0.00000E+00-4.21859E-02
 -1      1164-8.73162E-04 0.00000E+00-4.21821E-02
 -1      1165-7.68857E-04 0.00000E+00-4.21964E-02
 -1      1166-6.64605E-04 0.00000E+00-4.22162E-02
 -1      1167-5.60495E-04 0.00000E+00-4.22415E-02
 -1      1168-4.75198E-04 0.00000E+00-4.22583E-02
 -1      1169-3.86350E-04 0.00000E+00-4.20216E-02
 -1      1170-2.85103E-04 0.00000E+00-4.17588E-02
 -1      1171-1.84467E-04 0.00000E+00-4.15013E-02
 -1      1172-8.45464E-05 0.00000E+00-4.12490E-02
 -1      1173 2.87188E-07 0.00000E+00-4.14151E-02
 -1      1174 8.50925E-05 0.00000E+00-4.12394E-02
 -1      1175 1.91415E-04 0.00000E+00-4.14955E-02
 -1      1176 2.98457E-04 0.00000E+00-4.17573E-02
 -1      1177 4.06240E-04 0.00000E+00-4.20246E-02
 -1      1178 4.95059E-04 0.00000E+00-4.22526E-02
 -1      1179 5.80328E-04 0.00000E+00-4.22337E-02
 -1      1180 6.84410E-04 0.00000E+00-4.22056E-02
 -1      1181 7.88559E-04 0.00000E+00-4.21831E-02
 -1      1182 8.92796E-04 0.00000E+00-4.21661E-02
 -1      1183 9.78586E-04 0.00000E+00-4.21678E-02
 -1      1184 1.06244E-03 0.00000E+00-4.21164E-02
 -1      1185 1.15827E-03 0.00000E+00-4.20505E-02
 -1      1186 1.25421E-03 0.00000E+00-4.19895E-02
 -1      1187 1.35024E-03 0.00000E+00-4.19334E-02
 -1      1188 1.42965E-03 0.00000E+00-4.17985E-02
 -1      1189 1.51430E-03 0.00000E+00-4.17735E-02
 -1      1190 1.61764E-03 0.00000E+00-4.17428E-02
 -1      1191 1.72098E-03 0.00000E+00-4.17122E-02
 -1      1192 1.82431E-03 0.00000E+00-4.16815E-02
 -1      1193 1.90878E-03 0.00000E+00-4.16564E-02
 -1      1194 1.98877E-03 0.00000E+00-4.15719E-02
 -1      1195 2.08641E-03 0.00000E+00-4.14684E-02
 -1      1196 2.18381E-03 0.00000E+00-4.13649E-02
 -1      1197 2.28098E-03 0.00000E+00-4.12612E-02
 -1      1198 2.36040E-03 0.00000E+00-4.11764E-02
 -1      1199 2.44947E-03 0.00000E+00-4.09927E-02
 -1      1200 2.53811E-03 0.00000E+00-4.08088E-02
 -1      1201 2.62631E-03 0.00000E+00-4.06248E-02
 -1      1202 2.71418E-03 0.00000E+00-4.04406E-02
 -1      1203 2.80161E-03 0.00000E+00-4.02561E-02
 -1      1204 2.87772E-03 0.00000E+00-4.01568E-02
 -1      1205 2.97057E-03 0.00000E+00-4.00348E-02
 -1      1206 3.06309E-03 0.00000E+00-3.99125E-02
 -1      1207 3.15540E-03 0.00000E+00-3.97898E-02
 -1      1208 3.23074E-03 0.00000E+00-3.96893E-02
 -1      1209 3.29771E-03 0.00000E+00-3.95276E-02
 -1      1210 3.37913E-03 0.00000E+00-3.93293E-02
 -1      1211 3.46008E-03 0.00000E+00-3.91306E-02
 -1      1212 3.54058E-03 0.00000E+00-3.89313E-02
 -1      1213 3.60613E-03 0.00000E+00-3.87680E-02
 -1      1214 3.66109E-03 0.00000E+00-3.85394E-02
 -1      1215 3.72360E-03 0.00000E+00-3.82763E-02
 -1      1216 3.78555E-03 0.00000E+00-3.80126E-02
 -1      1217 3.84691E-03 0.00000E+00-3.77484E-02
 -1      1218 3.89985E-03 0.00000E+00-3.75179E-02
 -1      1219 3.97795E-03 0.00000E+00-3.72703E-02
 -1      1220 4.04897E-03 0.00000E+00-3.70426E-02
 -1      1221 4.11943E-03 0.00000E+00-3.68140E-02
 -1      1222 4.18921E-03 0.00000E+00-3.65845E-02
 -1      1223 4.26466E-03 0.00000E+00-3.63328E-02
 -1      1224 4.32115E-03 0.00000E+00-3.59868E-02
 -1      1225 4.37215E-03 0.00000E+00-3.56687E-02
 -1      1226 4.42229E-03 0.00000E+00-3.53496E-02
 -1      1227 4.47156E-03 0.00000E+00-3.50293E-02
 -1      1228 4.52425E-03 0.00000E+00-3.46785E-02
 -1      1229 4.52900E-03 0.00000E+00-3.46017E-02
 -1      1230 4.56141E-03 0.00000E+00-3.40476E-02
 -1      1231 4.59182E-03 0.00000E+00-3.34916E-02
 -1      1232 4.62027E-03 0.00000E+00-3.29333E-02
 -1      1233 4.64266E-03 0.00000E+00-3.24649E-02
 -1      1234 4.66988E-03 0.00000E+00-3.20354E-02
 -1      1235 4.69368E-03 0.00000E+00-3.16404E-02
 -1      1236 4.71635E-03 0.00000E+00-3.12437E-02
 -1      1237 4.73776E-03 0.00000E+00-3.08455E-02
 -1      1238 4.75973E-03 0.00000E+00-3.04088E-02
 -1      1239 4.75466E-03 0.00000E+00-2.98727E-02
 -1      1240 4.74849E-03 0.00000E+00-2.93796E-02
 -1      1241 4.74085E-03 0.00000E+00-2.88848E-02
 -1      1242 4.73171E-03 0.00000E+00-2.83881E-02
 -1      1243 4.71981E-03 0.00000E+00-2.78439E-02
 -1      1244 4.67374E-03 0.00000E+00-2.71830E-02
 -1      1245 4.62958E-03 0.00000E+00-2.65754E-02
 -1      1246 4.58355E-03 0.00000E+00-2.59658E-02
 -1      1247 4.53565E-03 0.00000E+00-2.53542E-02
 -1      1248 4.48109E-03 0.00000E+00-2.46843E-02
 -1      1249 4.42978E-03 0.00000E+00-2.40455E-02
 -1      1250 4.38077E-03 0.00000E+00-2.34578E-02
 -1      1251 4.32979E-03 0.00000E+00-2.28677E-02
 -1      1252 4.27681E-03 0.00000E+00-2.22752E-02
 -1      1253 4.21665E-03 0.00000E+00-2.16256E-02
 -1      1254 4.12034E-03 0.00000E+00-2.08708E-02
 -1      1255 4.02967E-03 0.00000E+00-2.01766E-02
 -1      1256 3.93664E-03 0.00000E+00-1.94797E-02
 -1      1257 3.84122E-03 0.00000E+00-1.87801E-02
 -1      1258 3.73427E-03 0.00000E+00-1.80135E-02
 -1      1259 3.58375E-03 0.00000E+00-1.71278E-02
 -1      1260 3.44304E-03 0.00000E+00-1.63133E-02
 -1      1261 3.29953E-03 0.00000E+00-1.54960E-02
 -1      1262 3.15322E-03 0.00000E+00-1.46757E-02
 -1      1263 2.99022E-03 0.00000E+00-1.37772E-02
 -1      1264 2.82762E-03 0.00000E+00-1.29022E-02
 -1      1265 2.67572E-03 0.00000E+00-1.20970E-02
 -1      1266 2.52086E-03 0.00000E+00-1.12885E-02
 -1      1267 2.36299E-03 0.00000E+00-1.04766E-02
 -1      1268 2.18711E-03 0.00000E+00-9.58668E-03
 -1      1269 1.96511E-03 0.00000E+00-8.58653E-03
 -1      1270 1.75828E-03 0.00000E+00-7.66639E-03
 -1      1271 1.54805E-03 0.00000E+00-6.74268E-03
 -1      1272 1.33428E-03 0.00000E+00-5.81540E-03
 -1      1273 1.09699E-03 0.00000E+00-4.79923E-03
 -1      1274 9.33484E-04 0.00000E+00-4.05948E-03
 -1      1275 7.66998E-04 0.00000E+00-3.31565E-03
 -1      1276 5.97739E-04 0.00000E+00-2.56833E-03
 -1      1277 4.25547E-04 0.00000E+00-1.81755E-03
 -1      1278 2.50461E-04 0.00000E+00-1.06323E-03
 -1      1279 1.79840E-05 0.00000E+00-7.59347E-05
 -1      1280 0.00000E+00 0.00000E+00 0.00000E+00
 -1      1281 4.72096E-06 0.00000E+00-1.22877E-07
 -1      1282 1.88832E-05 0.00000E+00-8.54111E-09
 -1      1283 2.19519E-05 0.00000E+00 0.00000E+00
 -1      1284-5.96440E-05 0.00000E+00-2.13472E-04
 -1      1285-2.09860E-04 0.00000E+00-6.07150E-04
 -1      1286-7.99957E-04 0.00000E+00-2.16146E-03
 -1      1287-1.37180E-03 0.00000E+00-3.68074E-03
 -1      1288-1.92556E-03 0.00000E+00-5.16491E-03
 -1      1289-2.46143E-03 0.00000E+00-6.61394E-03
 -1      1290-2.98008E-03 0.00000E+00-8.02905E-03
 -1      1291-3.56576E-03 0.00000E+00-9.66215E-03
 -1      1292-4.15264E-03 0.00000E+00-1.13169E-02
 -1      1293-4.71487E-03 0.00000E+00-1.29209E-02
 -1      1294-5.25279E-03 0.00000E+00-1.44741E-02
 -1      1295-5.78755E-03 0.00000E+00-1.60382E-02
 -1      1296-6.21325E-03 0.00000E+00-1.73338E-02
 -1      1297-6.63491E-03 0.00000E+00-1.86358E-02
 -1      1298-7.03389E-03 0.00000E+00-1.98867E-02
 -1      1299-7.41042E-03 0.00000E+00-2.10863E-02
 -1      1300-7.77913E-03 0.00000E+00-2.22815E-02
 -1      1301-8.07576E-03 0.00000E+00-2.32904E-02
 -1      1302-8.36458E-03 0.00000E+00-2.42929E-02
 -1      1303-8.63255E-03 0.00000E+00-2.52439E-02
 -1      1304-8.87989E-03 0.00000E+00-2.61433E-02
 -1      1305-9.11607E-03 0.00000E+00-2.70255E-02
 -1      1306-9.27200E-03 0.00000E+00-2.76751E-02
 -1      1307-9.41593E-03 0.00000E+00-2.83023E-02
 -1      1308-9.54098E-03 0.00000E+00-2.88775E-02
 -1      1309-9.64748E-03 0.00000E+00-2.94007E-02
 -1      1310-9.73898E-03 0.00000E+00-2.98905E-02
 -1      1311-9.76390E-03 0.00000E+00-3.01659E-02
 -1      1312-9.77314E-03 0.00000E+00-3.04021E-02
 -1      1313-9.76551E-03 0.00000E+00-3.05861E-02
 -1      1314-9.74124E-03 0.00000E+00-3.07176E-02
 -1      1315-9.69875E-03 0.00000E+00-3.07989E-02
 -1      1316-9.63055E-03 0.00000E+00-3.07765E-02
 -1      1317-9.54442E-03 0.00000E+00-3.07019E-02
 -1      1318-9.44334E-03 0.00000E+00-3.05747E-02
 -1      1319-9.32755E-03 0.00000E+00-3.03949E-02
 -1      1320-9.19172E-03 0.00000E+00-3.01518E-02
 -1      1321-9.02455E-03 0.00000E+00-2.97674E-02
 -1      1322-8.83716E-03 0.00000E+00-2.93147E-02
 -1      1323-8.63686E-03 0.00000E+00-2.88091E-02
 -1      1324-8.42389E-03 0.00000E+00-2.82507E-02
 -1      1325-8.18895E-03 0.00000E+00-2.76129E-02
 -1      1326-7.93490E-03 0.00000E+00-2.68578E-02
 -1      1327-7.65893E-03 0.00000E+00-2.60181E-02
 -1      1328-7.37200E-03 0.00000E+00-2.51253E-02
 -1      1329-7.07447E-03 0.00000E+00-2.41795E-02
 -1      1330-6.75362E-03 0.00000E+00-2.31379E-02
 -1      1331-6.45846E-03 0.00000E+00-2.21385E-02
 -1      1332-6.14131E-03 0.00000E+00-2.10439E-02
 -1      1333-5.81503E-03 0.00000E+00-1.98963E-02
 -1      1334-5.47998E-03 0.00000E+00-1.86956E-02
 -1      1335-5.12195E-03 0.00000E+00-1.73885E-02
 -1      1336-4.76710E-03 0.00000E+00-1.60198E-02
 -1      1337-4.38974E-03 0.00000E+00-1.45397E-02
 -1      1338-4.00536E-03 0.00000E+00-1.30063E-02
 -1      1339-3.61419E-03 0.00000E+00-1.14199E-02
 -1      1340-3.20000E-03 0.00000E+00-9.71091E-03
 -1      1341-2.83472E-03 0.00000E+00-8.12455E-03
 -1      1342-2.48280E-03 0.00000E+00-6.57446E-03
 -1      1343-2.12734E-03 0.00000E+00-4.98744E-03
 -1      1344-1.76864E-03 0.00000E+00-3.36346E-03
 -1      1345-1.40670E-03 0.00000E+00-1.70255E-03
 -1      1346-1.07846E-03 0.00000E+00-1.75995E-04
 -1      1347-1.04088E-03 0.00000E+00 0.00000E+00
 -1      1348-1.06305E-03 0.00000E+00-1.13063E-04
 -1      1349-1.26321E-03 0.00000E+00-1.14299E-03
 -1      1350-1.47542E-03 0.00000E+00-2.25455E-03
 -1      1351-1.67688E-03 0.00000E+00-3.33138E-03
 -1      1352-1.86787E-03 0.00000E+00-4.37341E-03
 -1      1353-2.04867E-03 0.00000E+00-5.38156E-03
 -1      1354-2.22819E-03 0.00000E+00-6.46605E-03
 -1      1355-2.38042E-03 0.00000E+00-7.41577E-03
 -1      1356-2.52125E-03 0.00000E+00-8.32320E-03
 -1      1357-2.65077E-03 0.00000E+00-9.18833E-03
 -1      1358-2.77952E-03 0.00000E+00-1.00841E-02
 -1      1359-2.86864E-03 0.00000E+00-1.08204E-02
 -1      1360-2.93970E-03 0.00000E+00-1.14507E-02
 -1      1361-3.00084E-03 0.00000E+00-1.20385E-02
 -1      1362-3.05227E-03 0.00000E+00-1.25838E-02
 -1      1363-3.09756E-03 0.00000E+00-1.31304E-02
 -1      1364-3.12375E-03 0.00000E+00-1.35991E-02
 -1      1365-3.13862E-03 0.00000E+00-1.39839E-02
 -1      1366-3.14505E-03 0.00000E+00-1.43262E-02
 -1      1367-3.14315E-03 0.00000E+00-1.46258E-02
 -1      1368-3.13201E-03 0.00000E+00-1.49042E-02
 -1      1369-3.08636E-03 0.00000E+00-1.49848E-02
 -1      1370-3.03709E-03 0.00000E+00-1.50139E-02
 -1      1371-2.98108E-03 0.00000E+00-1.50002E-02
 -1      1372-2.91845E-03 0.00000E+00-1.49436E-02
 -1      1373-2.84289E-03 0.00000E+00-1.48332E-02
 -1      1374-2.74292E-03 0.00000E+00-1.45462E-02
 -1      1375-2.64563E-03 0.00000E+00-1.42382E-02
 -1      1376-2.54315E-03 0.00000E+00-1.38872E-02
 -1      1377-2.43572E-03 0.00000E+00-1.34933E-02
 -1      1378-2.31323E-03 0.00000E+00-1.30147E-02
 -1      1379-2.18638E-03 0.00000E+00-1.24630E-02
 -1      1380-2.06596E-03 0.00000E+00-1.19123E-02
 -1      1381-1.94185E-03 0.00000E+00-1.13186E-02
 -1      1382-1.81419E-03 0.00000E+00-1.06821E-02
 -1      1383-1.67126E-03 0.00000E+00-9.93879E-03
 -1      1384-1.51830E-03 0.00000E+00-9.04033E-03
 -1      1385-1.37567E-03 0.00000E+00-8.17172E-03
 -1      1386-1.23089E-03 0.00000E+00-7.26019E-03
 -1      1387-1.08418E-03 0.00000E+00-6.30571E-03
 -1      1388-9.22245E-04 0.00000E+00-5.21561E-03
 -1      1389-7.69102E-04 0.00000E+00-4.06480E-03
 -1      1390-6.01098E-04 0.00000E+00-2.75947E-03
 -1      1391-4.32502E-04 0.00000E+00-1.40307E-03
 -1      1392-2.77651E-04 0.00000E+00-1.14749E-04
 -1      1393-2.64095E-04 0.00000E+00 0.00000E+00
 -1      1394-2.61940E-04 0.00000E+00-1.20075E-05
 -1      1395 0.00000E+00 0.00000E+00 0.00000E+00
 -3
 9999
