E I G E N V A L U E   O U T P U T

 MODE NO    EIGENVALUE                       FREQUENCY   
                                     REAL PART            IMAGINARY PART
                           (RAD/TIME)      (CYCLES/TIME     (RAD/TIME)

      1  -0.7717738E-06   0.0000000E+00   0.0000000E+00   0.8785066E-03
      2  -0.1072008E-06   0.0000000E+00   0.0000000E+00   0.3274154E-03
      3   0.5074239E-05   0.2252607E-02   0.3585136E-03   0.0000000E+00
      4   0.8334129E-01   0.2886889E+00   0.4594627E-01   0.0000000E+00
      5   0.1198540E+01   0.1094778E+01   0.1742394E+00   0.0000000E+00
      6   0.1211240E+01   0.1100563E+01   0.1751601E+00   0.0000000E+00
      7   0.2377180E+05   0.1541811E+03   0.2453868E+02   0.0000000E+00
      8   0.2377180E+05   0.1541811E+03   0.2453868E+02   0.0000000E+00
      9   0.1709086E+06   0.4134110E+03   0.6579640E+02   0.0000000E+00
     10   0.1709086E+06   0.4134110E+03   0.6579640E+02   0.0000000E+00
     11   0.7014982E+06   0.8375549E+03   0.1333010E+03   0.0000000E+00
     12   0.7014983E+06   0.8375549E+03   0.1333010E+03   0.0000000E+00
     13   0.2063536E+07   0.1436501E+04   0.2286263E+03   0.0000000E+00
     14   0.2063536E+07   0.1436501E+04   0.2286263E+03   0.0000000E+00
     15   0.2968871E+07   0.1723041E+04   0.2742305E+03   0.0000000E+00
     16   0.4917824E+07   0.2217617E+04   0.3529447E+03   0.0000000E+00
     17   0.4917824E+07   0.2217617E+04   0.3529447E+03   0.0000000E+00
     18   0.7778020E+07   0.2788910E+04   0.4438688E+03   0.0000000E+00
     19   0.1051848E+08   0.3243220E+04   0.5161745E+03   0.0000000E+00
     20   0.1051848E+08   0.3243220E+04   0.5161745E+03   0.0000000E+00

     P A R T I C I P A T I O N   F A C T O R S

MODE NO.   X-COMPONENT     Y-COMPONENT     Z-COMPONENT     X-ROTATION      Y-ROTATION      Z-ROTATION

      1   0.3391250E+00  -0.8335387E+01   0.5285954E-01   0.6251602E+00   0.2543421E-01   0.1722113E-05
      2  -0.4608152E+00  -0.7158621E-01  -0.8329405E+01   0.5394062E-02  -0.3457299E-01  -0.3509591E-05
      3  -0.8322807E+01  -0.3356722E+00   0.4633344E+00   0.2516293E-01  -0.6242085E+00  -0.5776485E-04
      4   0.3988350E-03  -0.2665667E+00   0.5035944E-03   0.1425393E+01  -0.1933759E+00  -0.2617735E-01
      5  -0.6167788E-04  -0.9041064E-04  -0.4454915E-02  -0.3008570E+00  -0.6319051E-04  -0.1389660E+02
      6   0.4431264E-02   0.2748840E-01  -0.1327231E-03   0.1382330E+02   0.1993791E-01  -0.2997529E+00
      7  -0.8975592E-07   0.3666450E-04  -0.1195758E-07   0.3475286E-02   0.2698664E-04  -0.1702232E-03
      8   0.4385737E-08  -0.1917475E-05   0.9800299E-07  -0.1702370E-03  -0.1397665E-05  -0.3475307E-02
      9   0.1195338E-02   0.1041786E-05   0.2695633E-03   0.9380938E-04   0.7357390E-06  -0.5973869E-02
     10  -0.2695624E-03  -0.2566254E-06   0.1195338E-02   0.5973990E-02  -0.1801281E-06   0.9422147E-04
     11  -0.1326453E-09   0.2549963E-07  -0.1647041E-07  -0.9831161E-06  -0.1071769E-06  -0.9055288E-03
     12  -0.8274456E-07   0.1210986E-05   0.5631220E-07  -0.9055226E-03   0.5521352E-05   0.9283821E-06
     13   0.1065503E-01   0.1617032E-06   0.1958691E-02  -0.1122984E-01   0.1062948E-06   0.1158492E-02
     14   0.1958691E-02   0.3373170E-07  -0.1065503E-01   0.1158439E-02   0.2035900E-07   0.1122959E-01
     15   0.6135475E-06   0.1638038E-07   0.3522721E-04   0.7368461E-05  -0.9246350E-08  -0.1159198E-03
     16   0.2009373E-09   0.1908438E-06   0.3571927E-06  -0.1996613E-04  -0.2220454E-06  -0.1396594E-01
     17  -0.1653049E-06   0.4665075E-05  -0.8731051E-07   0.1396604E-01  -0.1071444E-05  -0.1987768E-04
     18  -0.1151466E-08  -0.2475587E-02  -0.2475571E-02   0.1209559E-03   0.1959713E-02  -0.1981915E-02
     19   0.5031268E-02   0.1769920E-06   0.9817152E-03  -0.4131193E-02  -0.1068178E-06  -0.5594089E-02
     20  -0.9817140E-03  -0.3553762E-07   0.5031272E-02   0.5594079E-02   0.2065818E-07  -0.4131228E-02

     E F F E C T I V E   M O D A L   M A S S

MODE NO.   X-COMPONENT     Y-COMPONENT     Z-COMPONENT     X-ROTATION      Y-ROTATION      Z-ROTATION

      1   0.1150058E+00   0.6947867E+02   0.2794131E-02   0.3908252E+00   0.6468989E-03   0.2965675E-11
      2   0.2123506E+00   0.5124585E-02   0.6937899E+02   0.2909590E-04   0.1195292E-02   0.1231723E-10
      3   0.6926911E+02   0.1126758E+00   0.2146787E+00   0.6331732E-03   0.3896363E+00   0.3336778E-08
      4   0.1590693E-06   0.7105783E-01   0.2536073E-06   0.2031747E+01   0.3739424E-01   0.6852535E-03
      5   0.3804160E-08   0.8174084E-08   0.1984627E-04   0.9051491E-01   0.3993041E-08   0.1931154E+03
      6   0.1963610E-04   0.7556123E-03   0.1761543E-07   0.1910836E+03   0.3975202E-03   0.8985179E-01
      7   0.8056125E-14   0.1344285E-08   0.1429838E-15   0.1207762E-04   0.7282788E-09   0.2897593E-07
      8   0.1923469E-16   0.3676709E-11   0.9604586E-14   0.2898063E-07   0.1953468E-11   0.1207776E-04
      9   0.1428833E-05   0.1085318E-11   0.7266436E-07   0.8800199E-08   0.5413119E-12   0.3568711E-04
     10   0.7266386E-07   0.6585661E-13   0.1428833E-05   0.3568856E-04   0.3244615E-13   0.8877685E-08
     11   0.1759478E-19   0.6502309E-15   0.2712746E-15   0.9665173E-12   0.1148689E-13   0.8199824E-06
     12   0.6846662E-14   0.1466487E-11   0.3171064E-14   0.8199712E-06   0.3048533E-10   0.8618933E-12
     13   0.1135296E-03   0.2614793E-13   0.3836471E-05   0.1261092E-03   0.1129859E-13   0.1342104E-05
     14   0.3836472E-05   0.1137828E-14   0.1135296E-03   0.1341980E-05   0.4144887E-15   0.1261036E-03
     15   0.3764406E-12   0.2683168E-15   0.1240957E-08   0.5429422E-10   0.8549499E-16   0.1343740E-07
     16   0.4037580E-19   0.3642137E-13   0.1275866E-12   0.3986463E-09   0.4930417E-13   0.1950475E-03
     17   0.2732572E-13   0.2176293E-10   0.7623124E-14   0.1950502E-03   0.1147992E-11   0.3951221E-09
     18   0.1325875E-17   0.6128530E-05   0.6128453E-05   0.1463034E-07   0.3840475E-05   0.3927989E-05
     19   0.2531366E-04   0.3132615E-13   0.9637647E-06   0.1706675E-04   0.1141003E-13   0.3129383E-04
     20   0.9637624E-06   0.1262923E-14   0.2531370E-04   0.3129372E-04   0.4267603E-15   0.1706705E-04
TOTAL     0.6959663E+02   0.6966829E+02   0.6959664E+02   0.1935978E+03   0.4292741E+00   0.1932063E+03

     T O T A L   E F F E C T I V E   M A S S

           X-COMPONENT     Y-COMPONENT     Z-COMPONENT     X-ROTATION      Y-ROTATION      Z-ROTATION

          0.6964344E+02   0.6987759E+02   0.6983062E+02   0.1936916E+03   0.6711419E+00   0.1935190E+03


     F R A C T I O N   O F   T O T A L S

           X-COMPONENT     Y-COMPONENT     Z-COMPONENT     X-ROTATION      Y-ROTATION      Z-ROTATION

          0.9993278E+00   0.9970047E+00   0.9966493E+00   0.9995158E+00   0.6396174E+00   0.9983843E+00


                    E I G E N V A L U E    N U M B E R     1


 displacements (vx,vy,vz) for set OBS and time  0.2000000E+01

         1  4.872759E-03 -1.197674E-01  7.594226E-04
         2  4.872757E-03 -1.197674E-01  7.594295E-04
         3  4.872758E-03 -1.197674E-01  7.594261E-04
         4  4.872755E-03 -1.197674E-01  7.594378E-04
         5  4.872756E-03 -1.197674E-01  7.594337E-04
         6  4.872753E-03 -1.197674E-01  7.594461E-04
         7  4.872754E-03 -1.197674E-01  7.594420E-04
         8  4.872750E-03 -1.197674E-01  7.594544E-04
         9  4.872751E-03 -1.197674E-01  7.594503E-04
        10  4.872748E-03 -1.197674E-01  7.594627E-04
        11  4.872749E-03 -1.197674E-01  7.594586E-04
        12  4.872746E-03 -1.197674E-01  7.594710E-04
        13  4.872747E-03 -1.197674E-01  7.594669E-04
        14  4.872743E-03 -1.197674E-01  7.594793E-04
        15  4.872744E-03 -1.197674E-01  7.594752E-04
        16  4.872741E-03 -1.197674E-01  7.594876E-04
        17  4.872742E-03 -1.197674E-01  7.594835E-04
        18  4.872726E-03 -1.197674E-01  7.595419E-04
        19  4.872733E-03 -1.197674E-01  7.595148E-04
        20  4.872724E-03 -1.197674E-01  7.595502E-04
        21  4.872725E-03 -1.197674E-01  7.595461E-04
        22  4.872721E-03 -1.197674E-01  7.595585E-04
        23  4.872722E-03 -1.197674E-01  7.595544E-04
        24  4.872719E-03 -1.197674E-01  7.595668E-04
        25  4.872720E-03 -1.197674E-01  7.595627E-04
        26  4.872717E-03 -1.197674E-01  7.595751E-04
        27  4.872718E-03 -1.197674E-01  7.595710E-04
        28  4.872714E-03 -1.197674E-01  7.595834E-04
        29  4.872715E-03 -1.197674E-01  7.595793E-04
        30  4.872712E-03 -1.197674E-01  7.595917E-04
        31  4.872713E-03 -1.197674E-01  7.595876E-04
        32  4.872710E-03 -1.197674E-01  7.596000E-04
        33  4.872711E-03 -1.197674E-01  7.595959E-04
        34  4.872708E-03 -1.197674E-01  7.596069E-04
        35  4.872709E-03 -1.197674E-01  7.596034E-04
        36  0.000000E+00  0.000000E+00  0.000000E+00
        37  3.191479E-08 -1.895905E-06  8.361741E-09
        38  4.872757E-03 -1.197674E-01  7.594295E-04
        39  0.000000E+00  0.000000E+00  0.000000E+00
        40  0.000000E+00  0.000000E+00  0.000000E+00
        41  0.000000E+00  0.000000E+00  0.000000E+00
        42  3.191504E-08 -1.895905E-06  8.402448E-09
        43  4.872755E-03 -1.197674E-01  7.594378E-04
        44  0.000000E+00  0.000000E+00  0.000000E+00
        45  0.000000E+00  0.000000E+00  0.000000E+00
        46  0.000000E+00  0.000000E+00  0.000000E+00
        47  3.191609E-08 -1.895905E-06  8.466424E-09
        48  4.872753E-03 -1.197674E-01  7.594461E-04
        49  0.000000E+00  0.000000E+00  0.000000E+00
        50  0.000000E+00  0.000000E+00  0.000000E+00
        51  0.000000E+00  0.000000E+00  0.000000E+00
        52  3.191692E-08 -1.895906E-06  8.540966E-09
        53  4.872750E-03 -1.197674E-01  7.594544E-04
        54  0.000000E+00  0.000000E+00  0.000000E+00
        55  0.000000E+00  0.000000E+00  0.000000E+00
        56  0.000000E+00  0.000000E+00  0.000000E+00
        57  3.191808E-08 -1.895906E-06  8.616959E-09
        58  4.872748E-03 -1.197674E-01  7.594627E-04
        59  0.000000E+00  0.000000E+00  0.000000E+00
        60  0.000000E+00  0.000000E+00  0.000000E+00
        61  0.000000E+00  0.000000E+00  0.000000E+00
        62  3.191894E-08 -1.895907E-06  8.688535E-09
        63  4.872746E-03 -1.197674E-01  7.594710E-04
        64  0.000000E+00  0.000000E+00  0.000000E+00
        65  0.000000E+00  0.000000E+00  0.000000E+00
        66  0.000000E+00  0.000000E+00  0.000000E+00
        67  3.191984E-08 -1.895907E-06  8.752213E-09
        68  4.872743E-03 -1.197674E-01  7.594793E-04
        69  0.000000E+00  0.000000E+00  0.000000E+00
        70  0.000000E+00  0.000000E+00  0.000000E+00
        71  0.000000E+00  0.000000E+00  0.000000E+00
        72  3.192039E-08 -1.895907E-06  8.806446E-09
        73  4.872741E-03 -1.197674E-01  7.594876E-04
        74  0.000000E+00  0.000000E+00  0.000000E+00
        75  0.000000E+00  0.000000E+00  0.000000E+00
        76  0.000000E+00  0.000000E+00  0.000000E+00
        77  3.192357E-08 -1.895909E-06  9.013337E-09
        78  4.872726E-03 -1.197674E-01  7.595419E-04
        79  0.000000E+00  0.000000E+00  0.000000E+00
        80  0.000000E+00  0.000000E+00  0.000000E+00
        81  0.000000E+00  0.000000E+00  0.000000E+00
        82  3.192429E-08 -1.895909E-06  9.067488E-09
        83  4.872724E-03 -1.197674E-01  7.595502E-04
        84  0.000000E+00  0.000000E+00  0.000000E+00
        85  0.000000E+00  0.000000E+00  0.000000E+00
        86  0.000000E+00  0.000000E+00  0.000000E+00
        87  3.192527E-08 -1.895909E-06  9.131077E-09
        88  4.872721E-03 -1.197674E-01  7.595585E-04
        89  0.000000E+00  0.000000E+00  0.000000E+00
        90  0.000000E+00  0.000000E+00  0.000000E+00
        91  0.000000E+00  0.000000E+00  0.000000E+00
        92  3.192678E-08 -1.895910E-06  9.202517E-09
        93  4.872719E-03 -1.197674E-01  7.595668E-04
        94  0.000000E+00  0.000000E+00  0.000000E+00
        95  0.000000E+00  0.000000E+00  0.000000E+00
        96  0.000000E+00  0.000000E+00  0.000000E+00
        97  3.192820E-08 -1.895910E-06  9.278430E-09
        98  4.872717E-03 -1.197674E-01  7.595751E-04
        99  0.000000E+00  0.000000E+00  0.000000E+00
       100  0.000000E+00  0.000000E+00  0.000000E+00
       101  0.000000E+00  0.000000E+00  0.000000E+00
       102  3.192980E-08 -1.895910E-06  9.352926E-09
       103  4.872714E-03 -1.197674E-01  7.595834E-04
       104  0.000000E+00  0.000000E+00  0.000000E+00
       105  0.000000E+00  0.000000E+00  0.000000E+00
       106  0.000000E+00  0.000000E+00  0.000000E+00
       107  3.193056E-08 -1.895911E-06  9.416941E-09
       108  4.872712E-03 -1.197674E-01  7.595917E-04
       109  0.000000E+00  0.000000E+00  0.000000E+00
       110  0.000000E+00  0.000000E+00  0.000000E+00
       111  0.000000E+00  0.000000E+00  0.000000E+00
       112  3.193095E-08 -1.895911E-06  9.457701E-09
       113  4.872710E-03 -1.197674E-01  7.596000E-04
       114  0.000000E+00  0.000000E+00  0.000000E+00
       115  0.000000E+00  0.000000E+00  0.000000E+00
       116  4.872758E-03 -1.197674E-01  7.594254E-04
       117  3.191478E-08 -1.895905E-06  8.356352E-09
       118  0.000000E+00  0.000000E+00  0.000000E+00
       119  0.000000E+00  0.000000E+00  0.000000E+00
       120  4.872708E-03 -1.197674E-01  7.596042E-04
       121  3.193095E-08 -1.895911E-06  9.463100E-09
       122  0.000000E+00  0.000000E+00  0.000000E+00
       123  0.000000E+00  0.000000E+00  0.000000E+00
       124  4.872733E-03 -1.197674E-01  7.595148E-04
       125  3.192203E-08 -1.895908E-06  8.910172E-09
       126  0.000000E+00  0.000000E+00  0.000000E+00

                    E I G E N V A L U E    N U M B E R     2


 displacements (vx,vy,vz) for set OBS and time  0.2000000E+01

         1 -6.621299E-03 -1.028355E-03 -1.196818E-01
         2 -6.621294E-03 -1.028355E-03 -1.196818E-01
         3 -6.621296E-03 -1.028355E-03 -1.196818E-01
         4 -6.621289E-03 -1.028355E-03 -1.196818E-01
         5 -6.621292E-03 -1.028355E-03 -1.196818E-01
         6 -6.621284E-03 -1.028355E-03 -1.196817E-01
         7 -6.621287E-03 -1.028355E-03 -1.196818E-01
         8 -6.621279E-03 -1.028355E-03 -1.196817E-01
         9 -6.621281E-03 -1.028355E-03 -1.196817E-01
        10 -6.621274E-03 -1.028355E-03 -1.196817E-01
        11 -6.621276E-03 -1.028355E-03 -1.196817E-01
        12 -6.621269E-03 -1.028355E-03 -1.196816E-01
        13 -6.621271E-03 -1.028355E-03 -1.196816E-01
        14 -6.621264E-03 -1.028355E-03 -1.196816E-01
        15 -6.621266E-03 -1.028355E-03 -1.196816E-01
        16 -6.621259E-03 -1.028355E-03 -1.196816E-01
        17 -6.621261E-03 -1.028355E-03 -1.196816E-01
        18 -6.621228E-03 -1.028355E-03 -1.196813E-01
        19 -6.621243E-03 -1.028355E-03 -1.196814E-01
        20 -6.621223E-03 -1.028355E-03 -1.196813E-01
        21 -6.621226E-03 -1.028355E-03 -1.196813E-01
        22 -6.621219E-03 -1.028355E-03 -1.196813E-01
        23 -6.621221E-03 -1.028355E-03 -1.196813E-01
        24 -6.621215E-03 -1.028355E-03 -1.196812E-01
        25 -6.621217E-03 -1.028355E-03 -1.196812E-01
        26 -6.621210E-03 -1.028355E-03 -1.196812E-01
        27 -6.621212E-03 -1.028355E-03 -1.196812E-01
        28 -6.621206E-03 -1.028355E-03 -1.196811E-01
        29 -6.621208E-03 -1.028355E-03 -1.196812E-01
        30 -6.621202E-03 -1.028355E-03 -1.196811E-01
        31 -6.621204E-03 -1.028355E-03 -1.196811E-01
        32 -6.621197E-03 -1.028355E-03 -1.196811E-01
        33 -6.621199E-03 -1.028355E-03 -1.196811E-01
        34 -6.621194E-03 -1.028355E-03 -1.196810E-01
        35 -6.621195E-03 -1.028355E-03 -1.196811E-01
        36  0.000000E+00  0.000000E+00  0.000000E+00
        37  1.355510E-07 -1.318207E-04 -5.648343E-08
        38 -6.621294E-03 -1.028355E-03 -1.196818E-01
        39  0.000000E+00  0.000000E+00  0.000000E+00
        40  0.000000E+00  0.000000E+00  0.000000E+00
        41  0.000000E+00  0.000000E+00  0.000000E+00
        42  1.355648E-07 -1.318207E-04 -5.365448E-08
        43 -6.621289E-03 -1.028355E-03 -1.196818E-01
        44  0.000000E+00  0.000000E+00  0.000000E+00
        45  0.000000E+00  0.000000E+00  0.000000E+00
        46  0.000000E+00  0.000000E+00  0.000000E+00
        47  1.356330E-07 -1.318207E-04 -4.920450E-08
        48 -6.621284E-03 -1.028355E-03 -1.196817E-01
        49  0.000000E+00  0.000000E+00  0.000000E+00
        50  0.000000E+00  0.000000E+00  0.000000E+00
        51  0.000000E+00  0.000000E+00  0.000000E+00
        52  1.356879E-07 -1.318207E-04 -4.401826E-08
        53 -6.621279E-03 -1.028355E-03 -1.196817E-01
        54  0.000000E+00  0.000000E+00  0.000000E+00
        55  0.000000E+00  0.000000E+00  0.000000E+00
        56  0.000000E+00  0.000000E+00  0.000000E+00
        57  1.357673E-07 -1.318207E-04 -3.872323E-08
        58 -6.621274E-03 -1.028355E-03 -1.196817E-01
        59  0.000000E+00  0.000000E+00  0.000000E+00
        60  0.000000E+00  0.000000E+00  0.000000E+00
        61  0.000000E+00  0.000000E+00  0.000000E+00
        62  1.358253E-07 -1.318207E-04 -3.372890E-08
        63 -6.621269E-03 -1.028355E-03 -1.196816E-01
        64  0.000000E+00  0.000000E+00  0.000000E+00
        65  0.000000E+00  0.000000E+00  0.000000E+00
        66  0.000000E+00  0.000000E+00  0.000000E+00
        67  1.358852E-07 -1.318207E-04 -2.927449E-08
        68 -6.621264E-03 -1.028355E-03 -1.196816E-01
        69  0.000000E+00  0.000000E+00  0.000000E+00
        70  0.000000E+00  0.000000E+00  0.000000E+00
        71  0.000000E+00  0.000000E+00  0.000000E+00
        72  1.359230E-07 -1.318207E-04 -2.546945E-08
        73 -6.621259E-03 -1.028355E-03 -1.196816E-01
        74  0.000000E+00  0.000000E+00  0.000000E+00
        75  0.000000E+00  0.000000E+00  0.000000E+00
        76  0.000000E+00  0.000000E+00  0.000000E+00
        77  1.361875E-07 -1.318207E-04 -1.084641E-08
        78 -6.621228E-03 -1.028355E-03 -1.196813E-01
        79  0.000000E+00  0.000000E+00  0.000000E+00
        80  0.000000E+00  0.000000E+00  0.000000E+00
        81  0.000000E+00  0.000000E+00  0.000000E+00
        82  1.362632E-07 -1.318207E-04 -7.038837E-09
        83 -6.621223E-03 -1.028355E-03 -1.196813E-01
        84  0.000000E+00  0.000000E+00  0.000000E+00
        85  0.000000E+00  0.000000E+00  0.000000E+00
        86  0.000000E+00  0.000000E+00  0.000000E+00
        87  1.363509E-07 -1.318207E-04 -2.579873E-09
        88 -6.621219E-03 -1.028355E-03 -1.196813E-01
        89  0.000000E+00  0.000000E+00  0.000000E+00
        90  0.000000E+00  0.000000E+00  0.000000E+00
        91  0.000000E+00  0.000000E+00  0.000000E+00
        92  1.364671E-07 -1.318207E-04  2.419234E-09
        93 -6.621215E-03 -1.028355E-03 -1.196812E-01
        94  0.000000E+00  0.000000E+00  0.000000E+00
        95  0.000000E+00  0.000000E+00  0.000000E+00
        96  0.000000E+00  0.000000E+00  0.000000E+00
        97  1.365734E-07 -1.318207E-04  7.720437E-09
        98 -6.621210E-03 -1.028355E-03 -1.196812E-01
        99  0.000000E+00  0.000000E+00  0.000000E+00
       100  0.000000E+00  0.000000E+00  0.000000E+00
       101  0.000000E+00  0.000000E+00  0.000000E+00
       102  1.366919E-07 -1.318207E-04  1.291150E-08
       103 -6.621206E-03 -1.028355E-03 -1.196811E-01
       104  0.000000E+00  0.000000E+00  0.000000E+00
       105  0.000000E+00  0.000000E+00  0.000000E+00
       106  0.000000E+00  0.000000E+00  0.000000E+00
       107  1.367492E-07 -1.318207E-04  1.736742E-08
       108 -6.621202E-03 -1.028355E-03 -1.196811E-01
       109  0.000000E+00  0.000000E+00  0.000000E+00
       110  0.000000E+00  0.000000E+00  0.000000E+00
       111  0.000000E+00  0.000000E+00  0.000000E+00
       112  1.367808E-07 -1.318207E-04  2.019884E-08
       113 -6.621197E-03 -1.028355E-03 -1.196811E-01
       114  0.000000E+00  0.000000E+00  0.000000E+00
       115  0.000000E+00  0.000000E+00  0.000000E+00
       116 -6.621297E-03 -1.028355E-03 -1.196818E-01
       117  1.355510E-07 -1.318207E-04 -5.685915E-08
       118  0.000000E+00  0.000000E+00  0.000000E+00
       119  0.000000E+00  0.000000E+00  0.000000E+00
       120 -6.621195E-03 -1.028355E-03 -1.196811E-01
       121  1.367807E-07 -1.318207E-04  2.057454E-08
       122  0.000000E+00  0.000000E+00  0.000000E+00
       123  0.000000E+00  0.000000E+00  0.000000E+00
       124 -6.621243E-03 -1.028355E-03 -1.196814E-01
       125  1.360448E-07 -1.318207E-04 -1.815900E-08
       126  0.000000E+00  0.000000E+00  0.000000E+00

                    E I G E N V A L U E    N U M B E R     3


 displacements (vx,vy,vz) for set OBS and time  0.2000000E+01

         1 -1.195875E-01 -4.823161E-03  6.657631E-03
         2 -1.195874E-01 -4.823161E-03  6.657617E-03
         3 -1.195875E-01 -4.823161E-03  6.657624E-03
         4 -1.195873E-01 -4.823161E-03  6.657600E-03
         5 -1.195874E-01 -4.823161E-03  6.657608E-03
         6 -1.195873E-01 -4.823161E-03  6.657582E-03
         7 -1.195873E-01 -4.823161E-03  6.657591E-03
         8 -1.195872E-01 -4.823161E-03  6.657565E-03
         9 -1.195872E-01 -4.823161E-03  6.657574E-03
        10 -1.195871E-01 -4.823161E-03  6.657548E-03
        11 -1.195872E-01 -4.823161E-03  6.657557E-03
        12 -1.195870E-01 -4.823161E-03  6.657531E-03
        13 -1.195871E-01 -4.823161E-03  6.657540E-03
        14 -1.195870E-01 -4.823161E-03  6.657514E-03
        15 -1.195870E-01 -4.823161E-03  6.657523E-03
        16 -1.195869E-01 -4.823161E-03  6.657497E-03
        17 -1.195869E-01 -4.823161E-03  6.657506E-03
        18 -1.195864E-01 -4.823161E-03  6.657385E-03
        19 -1.195866E-01 -4.823161E-03  6.657441E-03
        20 -1.195863E-01 -4.823161E-03  6.657368E-03
        21 -1.195863E-01 -4.823161E-03  6.657377E-03
        22 -1.195862E-01 -4.823161E-03  6.657351E-03
        23 -1.195863E-01 -4.823161E-03  6.657360E-03
        24 -1.195861E-01 -4.823161E-03  6.657334E-03
        25 -1.195862E-01 -4.823161E-03  6.657343E-03
        26 -1.195861E-01 -4.823161E-03  6.657317E-03
        27 -1.195861E-01 -4.823161E-03  6.657326E-03
        28 -1.195860E-01 -4.823161E-03  6.657300E-03
        29 -1.195860E-01 -4.823161E-03  6.657309E-03
        30 -1.195859E-01 -4.823161E-03  6.657283E-03
        31 -1.195859E-01 -4.823161E-03  6.657292E-03
        32 -1.195858E-01 -4.823161E-03  6.657266E-03
        33 -1.195859E-01 -4.823161E-03  6.657274E-03
        34 -1.195858E-01 -4.823161E-03  6.657252E-03
        35 -1.195858E-01 -4.823161E-03  6.657259E-03
        36  0.000000E+00  0.000000E+00  0.000000E+00
        37 -6.554799E-08  2.217863E-05 -2.924895E-07
        38 -1.195874E-01 -4.823161E-03  6.657617E-03
        39  0.000000E+00  0.000000E+00  0.000000E+00
        40  0.000000E+00  0.000000E+00  0.000000E+00
        41  0.000000E+00  0.000000E+00  0.000000E+00
        42 -6.554977E-08  2.217863E-05 -2.929644E-07
        43 -1.195873E-01 -4.823161E-03  6.657600E-03
        44  0.000000E+00  0.000000E+00  0.000000E+00
        45  0.000000E+00  0.000000E+00  0.000000E+00
        46  0.000000E+00  0.000000E+00  0.000000E+00
        47 -6.556123E-08  2.217864E-05 -2.937112E-07
        48 -1.195873E-01 -4.823161E-03  6.657582E-03
        49  0.000000E+00  0.000000E+00  0.000000E+00
        50  0.000000E+00  0.000000E+00  0.000000E+00
        51  0.000000E+00  0.000000E+00  0.000000E+00
        52 -6.557020E-08  2.217866E-05 -2.945809E-07
        53 -1.195872E-01 -4.823161E-03  6.657565E-03
        54  0.000000E+00  0.000000E+00  0.000000E+00
        55  0.000000E+00  0.000000E+00  0.000000E+00
        56  0.000000E+00  0.000000E+00  0.000000E+00
        57 -6.558353E-08  2.217867E-05 -2.954680E-07
        58 -1.195871E-01 -4.823161E-03  6.657548E-03
        59  0.000000E+00  0.000000E+00  0.000000E+00
        60  0.000000E+00  0.000000E+00  0.000000E+00
        61  0.000000E+00  0.000000E+00  0.000000E+00
        62 -6.559296E-08  2.217868E-05 -2.963037E-07
        63 -1.195870E-01 -4.823161E-03  6.657531E-03
        64  0.000000E+00  0.000000E+00  0.000000E+00
        65  0.000000E+00  0.000000E+00  0.000000E+00
        66  0.000000E+00  0.000000E+00  0.000000E+00
        67 -6.560288E-08  2.217869E-05 -2.970475E-07
        68 -1.195870E-01 -4.823161E-03  6.657514E-03
        69  0.000000E+00  0.000000E+00  0.000000E+00
        70  0.000000E+00  0.000000E+00  0.000000E+00
        71  0.000000E+00  0.000000E+00  0.000000E+00
        72 -6.560923E-08  2.217870E-05 -2.976807E-07
        73 -1.195869E-01 -4.823161E-03  6.657497E-03
        74  0.000000E+00  0.000000E+00  0.000000E+00
        75  0.000000E+00  0.000000E+00  0.000000E+00
        76  0.000000E+00  0.000000E+00  0.000000E+00
        77 -6.564957E-08  2.217874E-05 -3.000913E-07
        78 -1.195864E-01 -4.823161E-03  6.657385E-03
        79  0.000000E+00  0.000000E+00  0.000000E+00
        80  0.000000E+00  0.000000E+00  0.000000E+00
        81  0.000000E+00  0.000000E+00  0.000000E+00
        82 -6.566074E-08  2.217874E-05 -3.007203E-07
        83 -1.195863E-01 -4.823161E-03  6.657368E-03
        84  0.000000E+00  0.000000E+00  0.000000E+00
        85  0.000000E+00  0.000000E+00  0.000000E+00
        86  0.000000E+00  0.000000E+00  0.000000E+00
        87 -6.567448E-08  2.217876E-05 -3.014605E-07
        88 -1.195862E-01 -4.823161E-03  6.657351E-03
        89  0.000000E+00  0.000000E+00  0.000000E+00
        90  0.000000E+00  0.000000E+00  0.000000E+00
        91  0.000000E+00  0.000000E+00  0.000000E+00
        92 -6.569318E-08  2.217877E-05 -3.022936E-07
        93 -1.195861E-01 -4.823161E-03  6.657334E-03
        94  0.000000E+00  0.000000E+00  0.000000E+00
        95  0.000000E+00  0.000000E+00  0.000000E+00
        96  0.000000E+00  0.000000E+00  0.000000E+00
        97 -6.571050E-08  2.217878E-05 -3.031800E-07
        98 -1.195861E-01 -4.823161E-03  6.657317E-03
        99  0.000000E+00  0.000000E+00  0.000000E+00
       100  0.000000E+00  0.000000E+00  0.000000E+00
       101  0.000000E+00  0.000000E+00  0.000000E+00
       102 -6.572971E-08  2.217879E-05 -3.040502E-07
       103 -1.195860E-01 -4.823161E-03  6.657300E-03
       104  0.000000E+00  0.000000E+00  0.000000E+00
       105  0.000000E+00  0.000000E+00  0.000000E+00
       106  0.000000E+00  0.000000E+00  0.000000E+00
       107 -6.573906E-08  2.217880E-05 -3.047984E-07
       108 -1.195859E-01 -4.823161E-03  6.657283E-03
       109  0.000000E+00  0.000000E+00  0.000000E+00
       110  0.000000E+00  0.000000E+00  0.000000E+00
       111  0.000000E+00  0.000000E+00  0.000000E+00
       112 -6.574373E-08  2.217881E-05 -3.052744E-07
       113 -1.195858E-01 -4.823161E-03  6.657266E-03
       114  0.000000E+00  0.000000E+00  0.000000E+00
       115  0.000000E+00  0.000000E+00  0.000000E+00
       116 -1.195875E-01 -4.823161E-03  6.657625E-03
       117 -6.554800E-08  2.217863E-05 -2.924265E-07
       118  0.000000E+00  0.000000E+00  0.000000E+00
       119  0.000000E+00  0.000000E+00  0.000000E+00
       120 -1.195858E-01 -4.823161E-03  6.657257E-03
       121 -6.574371E-08  2.217881E-05 -3.053375E-07
       122  0.000000E+00  0.000000E+00  0.000000E+00
       123  0.000000E+00  0.000000E+00  0.000000E+00
       124 -1.195866E-01 -4.823161E-03  6.657441E-03
       125 -6.562894E-08  2.217872E-05 -2.988890E-07
       126  0.000000E+00  0.000000E+00  0.000000E+00

                    E I G E N V A L U E    N U M B E R     4


 displacements (vx,vy,vz) for set OBS and time  0.2000000E+01

         1 -4.254980E-04  4.127490E-06 -2.127869E-02
         2 -3.900510E-04  3.223849E-06 -1.968514E-02
         3 -4.077769E-04  3.682211E-06 -2.048191E-02
         4 -3.474516E-04  2.188852E-06 -1.776710E-02
         5 -3.687302E-04  2.671646E-06 -1.872609E-02
         6 -3.051254E-04  1.264596E-06 -1.584917E-02
         7 -3.262413E-04  1.722969E-06 -1.680813E-02
         8 -2.632672E-04  4.797027E-07 -1.393134E-02
         9 -2.841265E-04  8.417580E-07 -1.489023E-02
        10 -2.220425E-04 -1.542579E-07 -1.201363E-02
        11 -2.425663E-04  1.518992E-07 -1.297248E-02
        12 -1.815854E-04 -6.432842E-07 -1.009599E-02
        13 -2.017106E-04 -4.222595E-07 -1.105479E-02
        14 -1.419995E-04 -9.998068E-07 -8.178450E-03
        15 -1.616780E-04 -8.327080E-07 -9.137217E-03
        16 -1.033601E-04 -1.242965E-06 -6.260972E-03
        17 -1.225576E-04 -1.136996E-06 -7.219700E-03
        18  1.276174E-04 -1.242656E-06  6.275781E-03
        19  1.674464E-05 -1.553166E-06  7.424271E-06
        20  1.596329E-04 -9.990365E-07  8.193231E-03
        21  1.437469E-04 -1.135734E-06  7.234496E-03
        22  1.907039E-04 -6.422977E-07  1.011074E-02
        23  1.752827E-04 -8.313357E-07  9.151980E-03
        24  2.209071E-04 -1.531802E-07  1.202832E-02
        25  2.059081E-04 -4.208933E-07  1.106951E-02
        26  2.503457E-04  4.808325E-07  1.394599E-02
        27  2.357148E-04  1.532909E-07  1.298715E-02
        28  2.791553E-04  1.265834E-06  1.586376E-02
        29  2.648193E-04  8.429514E-07  1.490485E-02
        30  3.075012E-04  2.190489E-06  1.778162E-02
        31  2.933754E-04  1.723757E-06  1.682269E-02
        32  3.355795E-04  3.226557E-06  1.969960E-02
        33  3.215601E-04  2.672395E-06  1.874058E-02
        34  3.588539E-04  4.131624E-06  2.129309E-02
        35  3.472143E-04  3.686028E-06  2.049635E-02
        36  0.000000E+00  0.000000E+00  0.000000E+00
        37  7.364684E-03 -2.151293E+00 -7.610468E-04
        38 -3.900510E-04  3.223849E-06 -1.968514E-02
        39  0.000000E+00  0.000000E+00  0.000000E+00
        40  0.000000E+00  0.000000E+00  0.000000E+00
        41  0.000000E+00  0.000000E+00  0.000000E+00
        42  7.364907E-03 -2.151293E+00 -7.148708E-04
        43 -3.474516E-04  2.188852E-06 -1.776710E-02
        44  0.000000E+00  0.000000E+00  0.000000E+00
        45  0.000000E+00  0.000000E+00  0.000000E+00
        46  0.000000E+00  0.000000E+00  0.000000E+00
        47  7.366020E-03 -2.151293E+00 -6.422490E-04
        48 -3.051254E-04  1.264596E-06 -1.584917E-02
        49  0.000000E+00  0.000000E+00  0.000000E+00
        50  0.000000E+00  0.000000E+00  0.000000E+00
        51  0.000000E+00  0.000000E+00  0.000000E+00
        52  7.366920E-03 -2.151293E+00 -5.576073E-04
        53 -2.632672E-04  4.797027E-07 -1.393134E-02
        54  0.000000E+00  0.000000E+00  0.000000E+00
        55  0.000000E+00  0.000000E+00  0.000000E+00
        56  0.000000E+00  0.000000E+00  0.000000E+00
        57  7.368222E-03 -2.151293E+00 -4.711944E-04
        58 -2.220425E-04 -1.542579E-07 -1.201363E-02
        59  0.000000E+00  0.000000E+00  0.000000E+00
        60  0.000000E+00  0.000000E+00  0.000000E+00
        61  0.000000E+00  0.000000E+00  0.000000E+00
        62  7.369182E-03 -2.151293E+00 -3.896839E-04
        63 -1.815854E-04 -6.432842E-07 -1.009599E-02
        64  0.000000E+00  0.000000E+00  0.000000E+00
        65  0.000000E+00  0.000000E+00  0.000000E+00
        66  0.000000E+00  0.000000E+00  0.000000E+00
        67  7.370191E-03 -2.151293E+00 -3.169860E-04
        68 -1.419995E-04 -9.998068E-07 -8.178450E-03
        69  0.000000E+00  0.000000E+00  0.000000E+00
        70  0.000000E+00  0.000000E+00  0.000000E+00
        71  0.000000E+00  0.000000E+00  0.000000E+00
        72  7.370872E-03 -2.151293E+00 -2.548847E-04
        73 -1.033601E-04 -1.242965E-06 -6.260972E-03
        74  0.000000E+00  0.000000E+00  0.000000E+00
        75  0.000000E+00  0.000000E+00  0.000000E+00
        76  0.000000E+00  0.000000E+00  0.000000E+00
        77  7.375204E-03 -2.151293E+00 -1.619002E-05
        78  1.276174E-04 -1.242656E-06  6.275781E-03
        79  0.000000E+00  0.000000E+00  0.000000E+00
        80  0.000000E+00  0.000000E+00  0.000000E+00
        81  0.000000E+00  0.000000E+00  0.000000E+00
        82  7.376360E-03 -2.151293E+00  4.595295E-05
        83  1.596329E-04 -9.990365E-07  8.193231E-03
        84  0.000000E+00  0.000000E+00  0.000000E+00
        85  0.000000E+00  0.000000E+00  0.000000E+00
        86  0.000000E+00  0.000000E+00  0.000000E+00
        87  7.377729E-03 -2.151293E+00  1.187224E-04
        88  1.907039E-04 -6.422977E-07  1.011074E-02
        89  0.000000E+00  0.000000E+00  0.000000E+00
        90  0.000000E+00  0.000000E+00  0.000000E+00
        91  0.000000E+00  0.000000E+00  0.000000E+00
        92  7.379578E-03 -2.151293E+00  2.003088E-04
        93  2.209071E-04 -1.531802E-07  1.202832E-02
        94  0.000000E+00  0.000000E+00  0.000000E+00
        95  0.000000E+00  0.000000E+00  0.000000E+00
        96  0.000000E+00  0.000000E+00  0.000000E+00
        97  7.381276E-03 -2.151293E+00  2.868246E-04
        98  2.503457E-04  4.808325E-07  1.394599E-02
        99  0.000000E+00  0.000000E+00  0.000000E+00
       100  0.000000E+00  0.000000E+00  0.000000E+00
       101  0.000000E+00  0.000000E+00  0.000000E+00
       102  7.383185E-03 -2.151293E+00  3.715493E-04
       103  2.791553E-04  1.265834E-06  1.586376E-02
       104  0.000000E+00  0.000000E+00  0.000000E+00
       105  0.000000E+00  0.000000E+00  0.000000E+00
       106  0.000000E+00  0.000000E+00  0.000000E+00
       107  7.384106E-03 -2.151292E+00  4.442720E-04
       108  3.075012E-04  2.190489E-06  1.778162E-02
       109  0.000000E+00  0.000000E+00  0.000000E+00
       110  0.000000E+00  0.000000E+00  0.000000E+00
       111  0.000000E+00  0.000000E+00  0.000000E+00
       112  7.384621E-03 -2.151292E+00  4.904910E-04
       113  3.355795E-04  3.226557E-06  1.969960E-02
       114  0.000000E+00  0.000000E+00  0.000000E+00
       115  0.000000E+00  0.000000E+00  0.000000E+00
       116 -4.113872E-04  3.773977E-06 -2.064422E-02
       117  7.364684E-03 -2.151293E+00 -7.671783E-04
       118  0.000000E+00  0.000000E+00  0.000000E+00
       119  0.000000E+00  0.000000E+00  0.000000E+00
       120  3.495850E-04  3.777923E-06  2.065865E-02
       121  7.384620E-03 -2.151292E+00  4.966226E-04
       122  0.000000E+00  0.000000E+00  0.000000E+00
       123  0.000000E+00  0.000000E+00  0.000000E+00
       124  1.674464E-05 -1.553166E-06  7.424271E-06
       125  7.372982E-03 -2.151293E+00 -1.355564E-04
       126  0.000000E+00  0.000000E+00  0.000000E+00

                    E I G E N V A L U E    N U M B E R     5


 displacements (vx,vy,vz) for set OBS and time  0.2000000E+01

         1 -2.075122E-01  2.034801E-07  4.503523E-03
         2 -1.919811E-01  2.067616E-07  4.166649E-03
         3 -1.997466E-01  2.052327E-07  4.335086E-03
         4 -1.732862E-01  2.083347E-07  3.761123E-03
         5 -1.826336E-01  2.071545E-07  3.963894E-03
         6 -1.545914E-01  2.110442E-07  3.355560E-03
         7 -1.639388E-01  2.105088E-07  3.558344E-03
         8 -1.358966E-01  2.062782E-07  2.949966E-03
         9 -1.452440E-01  2.089701E-07  3.152769E-03
        10 -1.172017E-01  1.986023E-07  2.544334E-03
        11 -1.265492E-01  2.033505E-07  2.747153E-03
        12 -9.850692E-02  1.836611E-07  2.138669E-03
        13 -1.078543E-01  1.915793E-07  2.341507E-03
        14 -7.981210E-02  1.650979E-07  1.732968E-03
        15 -8.915951E-02  1.751860E-07  1.935822E-03
        16 -6.111726E-02  1.396738E-07  1.327233E-03
        17 -7.046468E-02  1.529232E-07  1.530105E-03
        18  6.111829E-02 -3.532153E-08 -1.326324E-03
        19  5.160439E-07  5.619429E-08  5.909145E-07
        20  7.981312E-02 -7.206132E-08 -1.732263E-03
        21  7.046571E-02 -5.279545E-08 -1.529289E-03
        22  9.850794E-02 -1.130709E-07 -2.138235E-03
        23  8.916053E-02 -9.207223E-08 -1.935245E-03
        24  1.172027E-01 -1.606007E-07 -2.544240E-03
        25  1.078553E-01 -1.360543E-07 -2.341232E-03
        26  1.358976E-01 -2.111206E-07 -2.950279E-03
        27  1.265502E-01 -1.854395E-07 -2.747257E-03
        28  1.545924E-01 -2.704837E-07 -3.356354E-03
        29  1.452450E-01 -2.394862E-07 -3.153310E-03
        30  1.732872E-01 -3.377337E-07 -3.762463E-03
        31  1.639398E-01 -3.026824E-07 -3.559406E-03
        32  1.919820E-01 -4.265118E-07 -4.168613E-03
        33  1.826346E-01 -3.791160E-07 -3.965530E-03
        34  2.075131E-01 -5.110832E-07 -4.506056E-03
        35  1.997476E-01 -4.687119E-07 -4.337334E-03
        36  0.000000E+00  0.000000E+00  0.000000E+00
        37 -1.559064E-03 -7.536080E-04 -7.190348E-02
        38 -1.919811E-01  2.067616E-07  4.166649E-03
        39  0.000000E+00  0.000000E+00  0.000000E+00
        40  0.000000E+00  0.000000E+00  0.000000E+00
        41  0.000000E+00  0.000000E+00  0.000000E+00
        42 -1.558935E-03 -7.520564E-04 -7.190344E-02
        43 -1.732862E-01  2.083347E-07  3.761123E-03
        44  0.000000E+00  0.000000E+00  0.000000E+00
        45  0.000000E+00  0.000000E+00  0.000000E+00
        46  0.000000E+00  0.000000E+00  0.000000E+00
        47 -1.558908E-03 -7.496051E-04 -7.190338E-02
        48 -1.545914E-01  2.110442E-07  3.355560E-03
        49  0.000000E+00  0.000000E+00  0.000000E+00
        50  0.000000E+00  0.000000E+00  0.000000E+00
        51  0.000000E+00  0.000000E+00  0.000000E+00
        52 -1.558800E-03 -7.467395E-04 -7.190332E-02
        53 -1.358966E-01  2.062782E-07  2.949966E-03
        54  0.000000E+00  0.000000E+00  0.000000E+00
        55  0.000000E+00  0.000000E+00  0.000000E+00
        56  0.000000E+00  0.000000E+00  0.000000E+00
        57 -1.558754E-03 -7.438031E-04 -7.190328E-02
        58 -1.172017E-01  1.986023E-07  2.544334E-03
        59  0.000000E+00  0.000000E+00  0.000000E+00
        60  0.000000E+00  0.000000E+00  0.000000E+00
        61  0.000000E+00  0.000000E+00  0.000000E+00
        62 -1.558661E-03 -7.410224E-04 -7.190327E-02
        63 -9.850692E-02  1.836611E-07  2.138669E-03
        64  0.000000E+00  0.000000E+00  0.000000E+00
        65  0.000000E+00  0.000000E+00  0.000000E+00
        66  0.000000E+00  0.000000E+00  0.000000E+00
        67 -1.558604E-03 -7.385295E-04 -7.190327E-02
        68 -7.981210E-02  1.650979E-07  1.732968E-03
        69  0.000000E+00  0.000000E+00  0.000000E+00
        70  0.000000E+00  0.000000E+00  0.000000E+00
        71  0.000000E+00  0.000000E+00  0.000000E+00
        72 -1.558521E-03 -7.363865E-04 -7.190330E-02
        73 -6.111726E-02  1.396738E-07  1.327233E-03
        74  0.000000E+00  0.000000E+00  0.000000E+00
        75  0.000000E+00  0.000000E+00  0.000000E+00
        76  0.000000E+00  0.000000E+00  0.000000E+00
        77 -1.557994E-03 -7.278188E-04 -7.190323E-02
        78  6.111829E-02 -3.532153E-08 -1.326324E-03
        79  0.000000E+00  0.000000E+00  0.000000E+00
        80  0.000000E+00  0.000000E+00  0.000000E+00
        81  0.000000E+00  0.000000E+00  0.000000E+00
        82 -1.557912E-03 -7.256745E-04 -7.190317E-02
        83  7.981312E-02 -7.206132E-08 -1.732263E-03
        84  0.000000E+00  0.000000E+00  0.000000E+00
        85  0.000000E+00  0.000000E+00  0.000000E+00
        86  0.000000E+00  0.000000E+00  0.000000E+00
        87 -1.557856E-03 -7.231793E-04 -7.190312E-02
        88  9.850794E-02 -1.130709E-07 -2.138235E-03
        89  0.000000E+00  0.000000E+00  0.000000E+00
        90  0.000000E+00  0.000000E+00  0.000000E+00
        91  0.000000E+00  0.000000E+00  0.000000E+00
        92 -1.557765E-03 -7.203958E-04 -7.190308E-02
        93  1.172027E-01 -1.606007E-07 -2.544240E-03
        94  0.000000E+00  0.000000E+00  0.000000E+00
        95  0.000000E+00  0.000000E+00  0.000000E+00
        96  0.000000E+00  0.000000E+00  0.000000E+00
        97 -1.557719E-03 -7.174562E-04 -7.190307E-02
        98  1.358976E-01 -2.111206E-07 -2.950279E-03
        99  0.000000E+00  0.000000E+00  0.000000E+00
       100  0.000000E+00  0.000000E+00  0.000000E+00
       101  0.000000E+00  0.000000E+00  0.000000E+00
       102 -1.557609E-03 -7.145874E-04 -7.190307E-02
       103  1.545924E-01 -2.704837E-07 -3.356354E-03
       104  0.000000E+00  0.000000E+00  0.000000E+00
       105  0.000000E+00  0.000000E+00  0.000000E+00
       106  0.000000E+00  0.000000E+00  0.000000E+00
       107 -1.557577E-03 -7.121332E-04 -7.190308E-02
       108  1.732872E-01 -3.377337E-07 -3.762463E-03
       109  0.000000E+00  0.000000E+00  0.000000E+00
       110  0.000000E+00  0.000000E+00  0.000000E+00
       111  0.000000E+00  0.000000E+00  0.000000E+00
       112 -1.557440E-03 -7.105802E-04 -7.190310E-02
       113  1.919820E-01 -4.265118E-07 -4.168613E-03
       114  0.000000E+00  0.000000E+00  0.000000E+00
       115  0.000000E+00  0.000000E+00  0.000000E+00
       116 -2.013285E-01  2.048938E-07  4.369397E-03
       117 -1.559064E-03 -7.538094E-04 -7.190349E-02
       118  0.000000E+00  0.000000E+00  0.000000E+00
       119  0.000000E+00  0.000000E+00  0.000000E+00
       120  2.013294E-01 -4.773292E-07 -4.371704E-03
       121 -1.557440E-03 -7.103788E-04 -7.190311E-02
       122  0.000000E+00  0.000000E+00  0.000000E+00
       123  0.000000E+00  0.000000E+00  0.000000E+00
       124  5.160439E-07  5.619429E-08  5.909145E-07
       125 -1.558259E-03 -7.321029E-04 -7.190333E-02
       126  0.000000E+00  0.000000E+00  0.000000E+00

                    E I G E N V A L U E    N U M B E R     6


 displacements (vx,vy,vz) for set OBS and time  0.2000000E+01

         1 -4.483615E-03  3.871129E-05 -2.064186E-01
         2 -4.148611E-03  3.005169E-05 -1.909694E-01
         3 -4.316113E-03  3.437628E-05 -1.986940E-01
         4 -3.745327E-03  2.006104E-05 -1.723733E-01
         5 -3.946978E-03  2.496144E-05 -1.816713E-01
         6 -3.341978E-03  1.111034E-05 -1.537771E-01
         7 -3.543659E-03  1.543146E-05 -1.630752E-01
         8 -2.938548E-03  3.510351E-06 -1.351809E-01
         9 -3.140277E-03  7.134078E-06 -1.444790E-01
        10 -2.535017E-03 -2.637870E-06 -1.165847E-01
        11 -2.736795E-03  2.552419E-07 -1.258828E-01
        12 -2.131373E-03 -7.376511E-06 -9.798847E-02
        13 -2.333211E-03 -5.175229E-06 -1.072866E-01
        14 -1.727602E-03 -1.083538E-05 -7.939225E-02
        15 -1.929503E-03 -9.255315E-06 -8.869036E-02
        16 -1.323700E-03 -1.319092E-05 -6.079601E-02
        17 -1.525669E-03 -1.213840E-05 -7.009413E-02
        18  1.320108E-03 -1.318879E-05  6.079496E-02
        19 -2.408826E-06 -1.623745E-05 -5.227721E-07
        20  1.724899E-03 -1.083223E-05  7.939120E-02
        21  1.522486E-03 -1.213592E-05  7.009308E-02
        22  2.129819E-03 -7.371318E-06  9.798742E-02
        23  1.927344E-03 -9.251342E-06  8.868931E-02
        24  2.534863E-03 -2.629378E-06  1.165836E-01
        25  2.332325E-03 -5.168601E-06  1.072855E-01
        26  2.940019E-03  3.523784E-06  1.351798E-01
        27  2.737429E-03  2.659587E-07  1.258817E-01
        28  3.345277E-03  1.113043E-05  1.537760E-01
        29  3.142634E-03  7.150632E-06  1.444779E-01
        30  3.750616E-03  2.008930E-05  1.723722E-01
        31  3.547939E-03  1.545551E-05  1.630741E-01
        32  4.156024E-03  3.008938E-05  1.909684E-01
        33  3.953310E-03  2.499446E-05  1.816703E-01
        34  4.492857E-03  3.875693E-05  2.064175E-01
        35  4.324441E-03  3.441790E-05  1.986929E-01
        36  0.000000E+00  0.000000E+00  0.000000E+00
        37  7.152510E-02  2.218127E-01 -1.488857E-03
        38 -4.148611E-03  3.005169E-05 -1.909694E-01
        39  0.000000E+00  0.000000E+00  0.000000E+00
        40  0.000000E+00  0.000000E+00  0.000000E+00
        41  0.000000E+00  0.000000E+00  0.000000E+00
        42  7.152505E-02  2.218127E-01 -1.493489E-03
        43 -3.745327E-03  2.006104E-05 -1.723733E-01
        44  0.000000E+00  0.000000E+00  0.000000E+00
        45  0.000000E+00  0.000000E+00  0.000000E+00
        46  0.000000E+00  0.000000E+00  0.000000E+00
        47  7.152490E-02  2.218127E-01 -1.500950E-03
        48 -3.341978E-03  1.111034E-05 -1.537771E-01
        49  0.000000E+00  0.000000E+00  0.000000E+00
        50  0.000000E+00  0.000000E+00  0.000000E+00
        51  0.000000E+00  0.000000E+00  0.000000E+00
        52  7.152479E-02  2.218128E-01 -1.509568E-03
        53 -2.938548E-03  3.510351E-06 -1.351809E-01
        54  0.000000E+00  0.000000E+00  0.000000E+00
        55  0.000000E+00  0.000000E+00  0.000000E+00
        56  0.000000E+00  0.000000E+00  0.000000E+00
        57  7.152464E-02  2.218128E-01 -1.518432E-03
        58 -2.535017E-03 -2.637870E-06 -1.165847E-01
        59  0.000000E+00  0.000000E+00  0.000000E+00
        60  0.000000E+00  0.000000E+00  0.000000E+00
        61  0.000000E+00  0.000000E+00  0.000000E+00
        62  7.152456E-02  2.218128E-01 -1.526743E-03
        63 -2.131373E-03 -7.376511E-06 -9.798847E-02
        64  0.000000E+00  0.000000E+00  0.000000E+00
        65  0.000000E+00  0.000000E+00  0.000000E+00
        66  0.000000E+00  0.000000E+00  0.000000E+00
        67  7.152449E-02  2.218129E-01 -1.534182E-03
        68 -1.727602E-03 -1.083538E-05 -7.939225E-02
        69  0.000000E+00  0.000000E+00  0.000000E+00
        70  0.000000E+00  0.000000E+00  0.000000E+00
        71  0.000000E+00  0.000000E+00  0.000000E+00
        72  7.152447E-02  2.218129E-01 -1.540501E-03
        73 -1.323700E-03 -1.319092E-05 -6.079601E-02
        74  0.000000E+00  0.000000E+00  0.000000E+00
        75  0.000000E+00  0.000000E+00  0.000000E+00
        76  0.000000E+00  0.000000E+00  0.000000E+00
        77  7.152404E-02  2.218129E-01 -1.564585E-03
        78  1.320108E-03 -1.318879E-05  6.079496E-02
        79  0.000000E+00  0.000000E+00  0.000000E+00
        80  0.000000E+00  0.000000E+00  0.000000E+00
        81  0.000000E+00  0.000000E+00  0.000000E+00
        82  7.152388E-02  2.218129E-01 -1.570910E-03
        83  1.724899E-03 -1.083223E-05  7.939120E-02
        84  0.000000E+00  0.000000E+00  0.000000E+00
        85  0.000000E+00  0.000000E+00  0.000000E+00
        86  0.000000E+00  0.000000E+00  0.000000E+00
        87  7.152370E-02  2.218130E-01 -1.578357E-03
        88  2.129819E-03 -7.371318E-06  9.798742E-02
        89  0.000000E+00  0.000000E+00  0.000000E+00
        90  0.000000E+00  0.000000E+00  0.000000E+00
        91  0.000000E+00  0.000000E+00  0.000000E+00
        92  7.152350E-02  2.218129E-01 -1.586678E-03
        93  2.534863E-03 -2.629378E-06  1.165836E-01
        94  0.000000E+00  0.000000E+00  0.000000E+00
        95  0.000000E+00  0.000000E+00  0.000000E+00
        96  0.000000E+00  0.000000E+00  0.000000E+00
        97  7.152334E-02  2.218130E-01 -1.595553E-03
        98  2.940019E-03  3.523784E-06  1.351798E-01
        99  0.000000E+00  0.000000E+00  0.000000E+00
       100  0.000000E+00  0.000000E+00  0.000000E+00
       101  0.000000E+00  0.000000E+00  0.000000E+00
       102  7.152317E-02  2.218129E-01 -1.604179E-03
       103  3.345277E-03  1.113043E-05  1.537760E-01
       104  0.000000E+00  0.000000E+00  0.000000E+00
       105  0.000000E+00  0.000000E+00  0.000000E+00
       106  0.000000E+00  0.000000E+00  0.000000E+00
       107  7.152312E-02  2.218130E-01 -1.611645E-03
       108  3.750616E-03  2.008930E-05  1.723722E-01
       109  0.000000E+00  0.000000E+00  0.000000E+00
       110  0.000000E+00  0.000000E+00  0.000000E+00
       111  0.000000E+00  0.000000E+00  0.000000E+00
       112  7.152310E-02  2.218130E-01 -1.616274E-03
       113  4.156024E-03  3.008938E-05  1.909684E-01
       114  0.000000E+00  0.000000E+00  0.000000E+00
       115  0.000000E+00  0.000000E+00  0.000000E+00
       116 -4.350233E-03  3.525849E-05 -2.002675E-01
       117  7.152511E-02  2.218127E-01 -1.488225E-03
       118  0.000000E+00  0.000000E+00  0.000000E+00
       119  0.000000E+00  0.000000E+00  0.000000E+00
       120  4.358748E-03  3.530092E-05  2.002665E-01
       121  7.152310E-02  2.218130E-01 -1.616905E-03
       122  0.000000E+00  0.000000E+00  0.000000E+00
       123  0.000000E+00  0.000000E+00  0.000000E+00
       124 -2.408826E-06 -1.623745E-05 -5.227721E-07
       125  7.152433E-02  2.218129E-01 -1.552543E-03
       126  0.000000E+00  0.000000E+00  0.000000E+00

                    E I G E N V A L U E    N U M B E R     7


 displacements (vx,vy,vz) for set OBS and time  0.2000000E+01

         1 -2.423377E-01 -3.718625E-06  1.185068E-02
         2 -1.996793E-01 -3.059263E-06  9.764776E-03
         3 -2.210070E-01 -3.388282E-06  1.080765E-02
         4 -1.485230E-01 -2.307444E-06  7.263270E-03
         5 -1.740464E-01 -2.676309E-06  8.511368E-03
         6 -9.819079E-02 -1.640871E-06  4.801959E-03
         7 -1.231996E-01 -1.958639E-06  6.024926E-03
         8 -4.965258E-02 -1.112886E-06  2.428300E-03
         9 -7.362651E-02 -1.360265E-06  3.600710E-03
        10 -4.103687E-03 -7.205056E-07  2.007413E-04
        11 -2.642397E-02 -8.986026E-07  1.292317E-03
        12  3.714621E-02 -4.657216E-07 -1.816646E-03
        13  1.714201E-02 -5.781105E-07 -8.382989E-04
        14  7.277721E-02 -3.185702E-07 -3.559303E-03
        15  5.574418E-02 -3.796016E-07 -2.726236E-03
        16  1.015534E-01 -2.563274E-07 -4.966763E-03
        17  8.809359E-02 -2.791586E-07 -4.308427E-03
        18  1.015534E-01 -9.305903E-08 -4.967359E-03
        19  1.423973E-01 -2.331230E-07 -6.964775E-03
        20  7.277720E-02  6.525422E-08 -3.559880E-03
        21  8.809357E-02 -2.554174E-08 -4.309031E-03
        22  3.714620E-02  3.260086E-07 -1.817053E-03
        23  5.574417E-02  1.812636E-07 -2.726747E-03
        24 -4.103678E-03  7.189374E-07  2.006905E-04
        25  1.714201E-02  5.047151E-07 -8.385568E-04
        26 -4.965254E-02  1.253281E-06  2.428794E-03
        27 -2.642395E-02  9.677752E-07  1.292520E-03
        28 -9.819072E-02  1.948288E-06  4.803218E-03
        29 -7.362645E-02  1.580557E-06  3.601551E-03
        30 -1.485229E-01  2.789119E-06  7.265488E-03
        31 -1.231995E-01  2.350983E-06  6.026653E-03
        32 -1.996791E-01  3.780211E-06  9.768177E-03
        33 -1.740463E-01  3.268068E-06  8.514134E-03
        34 -2.423375E-01  4.663325E-06  1.185520E-02
        35 -2.210068E-01  4.221167E-06  1.081162E-02
        36  0.000000E+00  0.000000E+00  0.000000E+00
        37 -9.646469E-03  2.847353E-04 -1.973087E-01
        38 -1.996793E-01 -3.059263E-06  9.764776E-03
        39  0.000000E+00  0.000000E+00  0.000000E+00
        40  0.000000E+00  0.000000E+00  0.000000E+00
        41  0.000000E+00  0.000000E+00  0.000000E+00
        42 -9.558549E-03  2.884463E-04 -1.955177E-01
        43 -1.485230E-01 -2.307444E-06  7.263270E-03
        44  0.000000E+00  0.000000E+00  0.000000E+00
        45  0.000000E+00  0.000000E+00  0.000000E+00
        46  0.000000E+00  0.000000E+00  0.000000E+00
        47 -9.318130E-03  2.937682E-04 -1.906016E-01
        48 -9.819079E-02 -1.640871E-06  4.801959E-03
        49  0.000000E+00  0.000000E+00  0.000000E+00
        50  0.000000E+00  0.000000E+00  0.000000E+00
        51  0.000000E+00  0.000000E+00  0.000000E+00
        52 -8.871600E-03  2.992066E-04 -1.814738E-01
        53 -4.965258E-02 -1.112886E-06  2.428300E-03
        54  0.000000E+00  0.000000E+00  0.000000E+00
        55  0.000000E+00  0.000000E+00  0.000000E+00
        56  0.000000E+00  0.000000E+00  0.000000E+00
        57 -8.187531E-03  3.038832E-04 -1.674832E-01
        58 -4.103687E-03 -7.205056E-07  2.007413E-04
        59  0.000000E+00  0.000000E+00  0.000000E+00
        60  0.000000E+00  0.000000E+00  0.000000E+00
        61  0.000000E+00  0.000000E+00  0.000000E+00
        62 -7.254137E-03  3.074065E-04 -1.483937E-01
        63  3.714621E-02 -4.657216E-07 -1.816646E-03
        64  0.000000E+00  0.000000E+00  0.000000E+00
        65  0.000000E+00  0.000000E+00  0.000000E+00
        66  0.000000E+00  0.000000E+00  0.000000E+00
        67 -6.078795E-03  3.097465E-04 -1.243521E-01
        68  7.277721E-02 -3.185702E-07 -3.559303E-03
        69  0.000000E+00  0.000000E+00  0.000000E+00
        70  0.000000E+00  0.000000E+00  0.000000E+00
        71  0.000000E+00  0.000000E+00  0.000000E+00
        72 -4.685144E-03  3.110860E-04 -9.584374E-02
        73  1.015534E-01 -2.563274E-07 -4.966763E-03
        74  0.000000E+00  0.000000E+00  0.000000E+00
        75  0.000000E+00  0.000000E+00  0.000000E+00
        76  0.000000E+00  0.000000E+00  0.000000E+00
        77  4.683367E-03  3.110725E-04  9.584382E-02
        78  1.015534E-01 -9.305903E-08 -4.967359E-03
        79  0.000000E+00  0.000000E+00  0.000000E+00
        80  0.000000E+00  0.000000E+00  0.000000E+00
        81  0.000000E+00  0.000000E+00  0.000000E+00
        82  6.076347E-03  3.097268E-04  1.243522E-01
        83  7.277720E-02  6.525422E-08 -3.559880E-03
        84  0.000000E+00  0.000000E+00  0.000000E+00
        85  0.000000E+00  0.000000E+00  0.000000E+00
        86  0.000000E+00  0.000000E+00  0.000000E+00
        87  7.251035E-03  3.073798E-04  1.483939E-01
        88  3.714620E-02  3.260086E-07 -1.817053E-03
        89  0.000000E+00  0.000000E+00  0.000000E+00
        90  0.000000E+00  0.000000E+00  0.000000E+00
        91  0.000000E+00  0.000000E+00  0.000000E+00
        92  8.183601E-03  3.038467E-04  1.674834E-01
        93 -4.103678E-03  7.189374E-07  2.006905E-04
        94  0.000000E+00  0.000000E+00  0.000000E+00
        95  0.000000E+00  0.000000E+00  0.000000E+00
        96  0.000000E+00  0.000000E+00  0.000000E+00
        97  8.867086E-03  2.991611E-04  1.814740E-01
        98 -4.965254E-02  1.253281E-06  2.428794E-03
        99  0.000000E+00  0.000000E+00  0.000000E+00
       100  0.000000E+00  0.000000E+00  0.000000E+00
       101  0.000000E+00  0.000000E+00  0.000000E+00
       102  9.312779E-03  2.937110E-04  1.906019E-01
       103 -9.819072E-02  1.948288E-06  4.803218E-03
       104  0.000000E+00  0.000000E+00  0.000000E+00
       105  0.000000E+00  0.000000E+00  0.000000E+00
       106  0.000000E+00  0.000000E+00  0.000000E+00
       107  9.552875E-03  2.883823E-04  1.955180E-01
       108 -1.485229E-01  2.789119E-06  7.265488E-03
       109  0.000000E+00  0.000000E+00  0.000000E+00
       110  0.000000E+00  0.000000E+00  0.000000E+00
       111  0.000000E+00  0.000000E+00  0.000000E+00
       112  9.640002E-03  2.846649E-04  1.973091E-01
       113 -1.996791E-01  3.780211E-06  9.768177E-03
       114  0.000000E+00  0.000000E+00  0.000000E+00
       115  0.000000E+00  0.000000E+00  0.000000E+00
       116 -2.253519E-01 -3.455467E-06  1.102011E-02
       117 -9.654330E-03  2.842376E-04 -1.974695E-01
       118  0.000000E+00  0.000000E+00  0.000000E+00
       119  0.000000E+00  0.000000E+00  0.000000E+00
       120 -2.253517E-01  4.311138E-06  1.102419E-02
       121  9.647854E-03  2.841673E-04  1.974698E-01
       122  0.000000E+00  0.000000E+00  0.000000E+00
       123  0.000000E+00  0.000000E+00  0.000000E+00
       124  1.423973E-01 -2.331230E-07 -6.964775E-03
       125 -4.904070E-07  3.154053E-04  1.867678E-08
       126  0.000000E+00  0.000000E+00  0.000000E+00

                    E I G E N V A L U E    N U M B E R     8


 displacements (vx,vy,vz) for set OBS and time  0.2000000E+01

         1  1.185068E-02 -1.345628E-04  2.423377E-01
         2  9.764776E-03 -1.106351E-04  1.996793E-01
         3  1.080765E-02 -1.225856E-04  2.210070E-01
         4  7.263270E-03 -8.313133E-05  1.485230E-01
         5  8.511368E-03 -9.658560E-05  1.740464E-01
         6  4.801959E-03 -5.887705E-05  9.819079E-02
         7  6.024926E-03 -7.051463E-05  1.231996E-01
         8  2.428300E-03 -3.899684E-05  4.965258E-02
         9  3.600710E-03 -4.835332E-05  7.362650E-02
        10  2.007413E-04 -2.387885E-05  4.103691E-03
        11  1.292317E-03 -3.084666E-05  2.642397E-02
        12 -1.816646E-03 -1.329587E-05 -3.714621E-02
        13 -8.382989E-04 -1.805510E-05 -1.714200E-02
        14 -3.559303E-03 -6.589898E-06 -7.277721E-02
        15 -2.726236E-03 -9.511468E-06 -5.574417E-02
        16 -4.966763E-03 -2.865564E-06 -1.015534E-01
        17 -4.308426E-03 -4.414129E-06 -8.809359E-02
        18 -4.967359E-03  2.850177E-06 -1.015534E-01
        19 -6.964775E-03 -6.826366E-09 -1.423973E-01
        20 -3.559880E-03  6.573572E-06 -7.277719E-02
        21 -4.309032E-03  4.398191E-06 -8.809357E-02
        22 -1.817054E-03  1.328045E-05 -3.714620E-02
        23 -2.726747E-03  9.495289E-06 -5.574416E-02
        24  2.006903E-04  2.386700E-05  4.103682E-03
        25 -8.385570E-04  1.804104E-05 -1.714200E-02
        26  2.428794E-03  3.899319E-05  4.965254E-02
        27  1.292520E-03  3.083827E-05  2.642395E-02
        28  4.803219E-03  5.888612E-05  9.819072E-02
        29  3.601551E-03  4.835550E-05  7.362645E-02
        30  7.265489E-03  8.315770E-05  1.485229E-01
        31  6.026653E-03  7.053184E-05  1.231995E-01
        32  9.768178E-03  1.106809E-04  1.996791E-01
        33  8.514134E-03  9.662168E-05  1.740463E-01
        34  1.185521E-02  1.346248E-04  2.423375E-01
        35  1.081162E-02  1.226395E-04  2.210068E-01
        36  0.000000E+00  0.000000E+00  0.000000E+00
        37 -1.973088E-01 -1.427757E-05  9.646467E-03
        38  9.764776E-03 -1.106351E-04  1.996793E-01
        39  0.000000E+00  0.000000E+00  0.000000E+00
        40  0.000000E+00  0.000000E+00  0.000000E+00
        41  0.000000E+00  0.000000E+00  0.000000E+00
        42 -1.955178E-01 -1.448845E-05  9.558546E-03
        43  7.263270E-03 -8.313133E-05  1.485230E-01
        44  0.000000E+00  0.000000E+00  0.000000E+00
        45  0.000000E+00  0.000000E+00  0.000000E+00
        46  0.000000E+00  0.000000E+00  0.000000E+00
        47 -1.906017E-01 -1.467826E-05  9.318128E-03
        48  4.801959E-03 -5.887705E-05  9.819079E-02
        49  0.000000E+00  0.000000E+00  0.000000E+00
        50  0.000000E+00  0.000000E+00  0.000000E+00
        51  0.000000E+00  0.000000E+00  0.000000E+00
        52 -1.814738E-01 -1.495031E-05  8.871598E-03
        53  2.428300E-03 -3.899684E-05  4.965258E-02
        54  0.000000E+00  0.000000E+00  0.000000E+00
        55  0.000000E+00  0.000000E+00  0.000000E+00
        56  0.000000E+00  0.000000E+00  0.000000E+00
        57 -1.674832E-01 -1.514823E-05  8.187529E-03
        58  2.007413E-04 -2.387885E-05  4.103691E-03
        59  0.000000E+00  0.000000E+00  0.000000E+00
        60  0.000000E+00  0.000000E+00  0.000000E+00
        61  0.000000E+00  0.000000E+00  0.000000E+00
        62 -1.483938E-01 -1.535657E-05  7.254136E-03
        63 -1.816646E-03 -1.329587E-05 -3.714621E-02
        64  0.000000E+00  0.000000E+00  0.000000E+00
        65  0.000000E+00  0.000000E+00  0.000000E+00
        66  0.000000E+00  0.000000E+00  0.000000E+00
        67 -1.243521E-01 -1.550812E-05  6.078794E-03
        68 -3.559303E-03 -6.589898E-06 -7.277721E-02
        69  0.000000E+00  0.000000E+00  0.000000E+00
        70  0.000000E+00  0.000000E+00  0.000000E+00
        71  0.000000E+00  0.000000E+00  0.000000E+00
        72 -9.584375E-02 -1.564957E-05  4.685144E-03
        73 -4.966763E-03 -2.865564E-06 -1.015534E-01
        74  0.000000E+00  0.000000E+00  0.000000E+00
        75  0.000000E+00  0.000000E+00  0.000000E+00
        76  0.000000E+00  0.000000E+00  0.000000E+00
        77  9.584383E-02 -1.614295E-05 -4.683366E-03
        78 -4.967359E-03  2.850177E-06 -1.015534E-01
        79  0.000000E+00  0.000000E+00  0.000000E+00
        80  0.000000E+00  0.000000E+00  0.000000E+00
        81  0.000000E+00  0.000000E+00  0.000000E+00
        82  1.243522E-01 -1.617675E-05 -6.076346E-03
        83 -3.559880E-03  6.573572E-06 -7.277719E-02
        84  0.000000E+00  0.000000E+00  0.000000E+00
        85  0.000000E+00  0.000000E+00  0.000000E+00
        86  0.000000E+00  0.000000E+00  0.000000E+00
        87  1.483939E-01 -1.616656E-05 -7.251034E-03
        88 -1.817054E-03  1.328045E-05 -3.714620E-02
        89  0.000000E+00  0.000000E+00  0.000000E+00
        90  0.000000E+00  0.000000E+00  0.000000E+00
        91  0.000000E+00  0.000000E+00  0.000000E+00
        92  1.674834E-01 -1.614665E-05 -8.183599E-03
        93  2.006903E-04  2.386700E-05  4.103682E-03
        94  0.000000E+00  0.000000E+00  0.000000E+00
        95  0.000000E+00  0.000000E+00  0.000000E+00
        96  0.000000E+00  0.000000E+00  0.000000E+00
        97  1.814741E-01 -1.604553E-05 -8.867084E-03
        98  2.428794E-03  3.899319E-05  4.965254E-02
        99  0.000000E+00  0.000000E+00  0.000000E+00
       100  0.000000E+00  0.000000E+00  0.000000E+00
       101  0.000000E+00  0.000000E+00  0.000000E+00
       102  1.906020E-01 -1.596039E-05 -9.312776E-03
       103  4.803219E-03  5.888612E-05  9.819072E-02
       104  0.000000E+00  0.000000E+00  0.000000E+00
       105  0.000000E+00  0.000000E+00  0.000000E+00
       106  0.000000E+00  0.000000E+00  0.000000E+00
       107  1.955180E-01 -1.577019E-05 -9.552873E-03
       108  7.265489E-03  8.315770E-05  1.485229E-01
       109  0.000000E+00  0.000000E+00  0.000000E+00
       110  0.000000E+00  0.000000E+00  0.000000E+00
       111  0.000000E+00  0.000000E+00  0.000000E+00
       112  1.973091E-01 -1.566910E-05 -9.639999E-03
       113  9.768178E-03  1.106809E-04  1.996791E-01
       114  0.000000E+00  0.000000E+00  0.000000E+00
       115  0.000000E+00  0.000000E+00  0.000000E+00
       116  1.102011E-02 -1.250233E-04  2.253519E-01
       117 -1.974696E-01 -1.425234E-05  9.654327E-03
       118  0.000000E+00  0.000000E+00  0.000000E+00
       119  0.000000E+00  0.000000E+00  0.000000E+00
       120  1.102419E-02  1.250788E-04  2.253517E-01
       121  1.974699E-01 -1.564429E-05 -9.647851E-03
       122  0.000000E+00  0.000000E+00  0.000000E+00
       123  0.000000E+00  0.000000E+00  0.000000E+00
       124 -6.964775E-03 -6.826366E-09 -1.423973E-01
       125  1.863252E-08 -1.608817E-05  4.908182E-07
       126  0.000000E+00  0.000000E+00  0.000000E+00

                    E I G E N V A L U E    N U M B E R     9


 displacements (vx,vy,vz) for set OBS and time  0.2000000E+01

         1  5.389049E-02  1.416813E-04 -2.389998E-01
         2  3.786994E-02  1.020603E-04 -1.679506E-01
         3  4.587764E-02  1.218438E-04 -2.034638E-01
         4  1.888012E-02  5.702734E-05 -8.373250E-02
         5  2.829279E-02  7.891223E-05 -1.254770E-01
         6  1.074845E-03  1.912480E-05 -4.766997E-03
         7  9.758105E-03  3.696731E-05 -4.327685E-02
         8 -1.434707E-02 -8.859867E-06  6.362892E-02
         9 -7.012872E-03  3.809015E-06  3.110178E-02
        10 -2.616568E-02 -2.635348E-05  1.160448E-01
        11 -2.077624E-02 -1.886393E-05  9.214241E-02
        12 -3.339229E-02 -3.477027E-05  1.480953E-01
        13 -3.039947E-02 -3.153769E-05  1.348219E-01
        14 -3.546263E-02 -3.676291E-05  1.572779E-01
        15 -3.508628E-02 -3.635647E-05  1.556085E-01
        16 -3.235514E-02 -3.530013E-05  1.434965E-01
        17 -3.453416E-02 -3.622857E-05  1.531603E-01
        18  3.235406E-02 -3.540590E-05 -1.434967E-01
        19  2.092814E-07 -2.825351E-05  5.125932E-08
        20  3.546127E-02 -3.688037E-05 -1.572782E-01
        21  3.453293E-02 -3.634250E-05 -1.531606E-01
        22  3.339078E-02 -3.487921E-05 -1.480957E-01
        23  3.508482E-02 -3.647235E-05 -1.556089E-01
        24  2.616430E-02 -2.642986E-05 -1.160451E-01
        25  3.039798E-02 -3.163353E-05 -1.348222E-01
        26  1.434617E-02 -8.882001E-06 -6.362913E-02
        27  2.077506E-02 -1.891584E-05 -9.214269E-02
        28 -1.074825E-03  1.918515E-05  4.766996E-03
        29  7.012364E-03  3.824500E-06 -3.110190E-02
        30 -1.887879E-02  5.718948E-05  8.373280E-02
        31 -9.757459E-03  3.707587E-05  4.327699E-02
        32 -3.786687E-02  1.023620E-04  1.679513E-01
        33 -2.829066E-02  7.913937E-05  1.254774E-01
        34 -5.388572E-02  1.421115E-04  2.390009E-01
        35 -4.587372E-02  1.222098E-04  2.034647E-01
        36  0.000000E+00  0.000000E+00  0.000000E+00
        37  3.276650E-01  3.169679E-06  7.388625E-02
        38  3.786994E-02  1.020603E-04 -1.679506E-01
        39  0.000000E+00  0.000000E+00  0.000000E+00
        40  0.000000E+00  0.000000E+00  0.000000E+00
        41  0.000000E+00  0.000000E+00  0.000000E+00
        42  3.158889E-01  2.373725E-06  7.123142E-02
        43  1.888012E-02  5.702734E-05 -8.373250E-02
        44  0.000000E+00  0.000000E+00  0.000000E+00
        45  0.000000E+00  0.000000E+00  0.000000E+00
        46  0.000000E+00  0.000000E+00  0.000000E+00
        47  2.857600E-01  1.632892E-06  6.443763E-02
        48  1.074845E-03  1.912480E-05 -4.766997E-03
        49  0.000000E+00  0.000000E+00  0.000000E+00
        50  0.000000E+00  0.000000E+00  0.000000E+00
        51  0.000000E+00  0.000000E+00  0.000000E+00
        52  2.344857E-01  1.751095E-06  5.287587E-02
        53 -1.434707E-02 -8.859867E-06  6.362892E-02
        54  0.000000E+00  0.000000E+00  0.000000E+00
        55  0.000000E+00  0.000000E+00  0.000000E+00
        56  0.000000E+00  0.000000E+00  0.000000E+00
        57  1.639506E-01  2.611923E-06  3.697042E-02
        58 -2.616568E-02 -2.635348E-05  1.160448E-01
        59  0.000000E+00  0.000000E+00  0.000000E+00
        60  0.000000E+00  0.000000E+00  0.000000E+00
        61  0.000000E+00  0.000000E+00  0.000000E+00
        62  7.987353E-02  4.083787E-06  1.801116E-02
        63 -3.339229E-02 -3.477027E-05  1.480953E-01
        64  0.000000E+00  0.000000E+00  0.000000E+00
        65  0.000000E+00  0.000000E+00  0.000000E+00
        66  0.000000E+00  0.000000E+00  0.000000E+00
        67 -9.345050E-03  5.755192E-06 -2.107824E-03
        68 -3.546263E-02 -3.676291E-05  1.572779E-01
        69  0.000000E+00  0.000000E+00  0.000000E+00
        70  0.000000E+00  0.000000E+00  0.000000E+00
        71  0.000000E+00  0.000000E+00  0.000000E+00
        72 -9.399669E-02  7.318326E-06 -2.119720E-02
        73 -3.235514E-02 -3.530013E-05  1.434965E-01
        74  0.000000E+00  0.000000E+00  0.000000E+00
        75  0.000000E+00  0.000000E+00  0.000000E+00
        76  0.000000E+00  0.000000E+00  0.000000E+00
        77 -9.399662E-02  9.785638E-06 -2.119751E-02
        78  3.235406E-02 -3.540590E-05 -1.434967E-01
        79  0.000000E+00  0.000000E+00  0.000000E+00
        80  0.000000E+00  0.000000E+00  0.000000E+00
        81  0.000000E+00  0.000000E+00  0.000000E+00
        82 -9.345232E-03  1.115630E-05 -2.107065E-03
        83  3.546127E-02 -3.688037E-05 -1.572782E-01
        84  0.000000E+00  0.000000E+00  0.000000E+00
        85  0.000000E+00  0.000000E+00  0.000000E+00
        86  0.000000E+00  0.000000E+00  0.000000E+00
        87  7.987299E-02  1.260696E-05  1.801353E-02
        88  3.339078E-02 -3.487921E-05 -1.480957E-01
        89  0.000000E+00  0.000000E+00  0.000000E+00
        90  0.000000E+00  0.000000E+00  0.000000E+00
        91  0.000000E+00  0.000000E+00  0.000000E+00
        92  1.639496E-01  1.381674E-05  3.697487E-02
        93  2.616430E-02 -2.642986E-05 -1.160451E-01
        94  0.000000E+00  0.000000E+00  0.000000E+00
        95  0.000000E+00  0.000000E+00  0.000000E+00
        96  0.000000E+00  0.000000E+00  0.000000E+00
        97  2.344843E-01  1.449923E-05  5.288233E-02
        98  1.434617E-02 -8.882001E-06 -6.362913E-02
        99  0.000000E+00  0.000000E+00  0.000000E+00
       100  0.000000E+00  0.000000E+00  0.000000E+00
       101  0.000000E+00  0.000000E+00  0.000000E+00
       102  2.857580E-01  1.432334E-05  6.444635E-02
       103 -1.074825E-03  1.918515E-05  4.766996E-03
       104  0.000000E+00  0.000000E+00  0.000000E+00
       105  0.000000E+00  0.000000E+00  0.000000E+00
       106  0.000000E+00  0.000000E+00  0.000000E+00
       107  3.158866E-01  1.357386E-05  7.124136E-02
       108 -1.887879E-02  5.718948E-05  8.373280E-02
       109  0.000000E+00  0.000000E+00  0.000000E+00
       110  0.000000E+00  0.000000E+00  0.000000E+00
       111  0.000000E+00  0.000000E+00  0.000000E+00
       112  3.276624E-01  1.259876E-05  7.389782E-02
       113 -3.786687E-02  1.023620E-04  1.679513E-01
       114  0.000000E+00  0.000000E+00  0.000000E+00
       115  0.000000E+00  0.000000E+00  0.000000E+00
       116  4.750947E-02  1.258804E-04 -2.107008E-01
       117  3.287771E-01  3.309365E-06  7.413700E-02
       118  0.000000E+00  0.000000E+00  0.000000E+00
       119  0.000000E+00  0.000000E+00  0.000000E+00
       120 -4.750538E-02  1.262595E-04  2.107017E-01
       121  3.287745E-01  1.246189E-05  7.414863E-02
       122  0.000000E+00  0.000000E+00  0.000000E+00
       123  0.000000E+00  0.000000E+00  0.000000E+00
       124  2.092814E-07 -2.825351E-05  5.125932E-08
       125 -2.036946E-01  8.700088E-06 -4.593552E-02
       126  0.000000E+00  0.000000E+00  0.000000E+00

                    E I G E N V A L U E    N U M B E R    10


 displacements (vx,vy,vz) for set OBS and time  0.2000000E+01

         1  2.389998E-01 -3.513370E-05  5.389048E-02
         2  1.679507E-01 -2.530810E-05  3.786994E-02
         3  2.034638E-01 -3.021473E-05  4.587763E-02
         4  8.373251E-02 -1.412977E-05  1.888012E-02
         5  1.254770E-01 -1.956027E-05  2.829278E-02
         6  4.766997E-03 -4.727678E-06  1.074844E-03
         7  4.327685E-02 -9.157049E-06  9.758103E-03
         8 -6.362893E-02  2.241494E-06 -1.434707E-02
         9 -3.110178E-02 -9.151514E-07 -7.012872E-03
        10 -1.160448E-01  6.608262E-06 -2.616568E-02
        11 -9.214242E-02  4.735552E-06 -2.077624E-02
        12 -1.480954E-01  8.725123E-06 -3.339228E-02
        13 -1.348219E-01  7.910557E-06 -3.039947E-02
        14 -1.572779E-01  9.228310E-06 -3.546263E-02
        15 -1.556086E-01  9.125975E-06 -3.508628E-02
        16 -1.434965E-01  8.844185E-06 -3.235513E-02
        17 -1.531603E-01  9.089674E-06 -3.453415E-02
        18  1.434967E-01  8.437936E-06  3.235406E-02
        19 -5.122014E-08  6.887304E-06  2.093193E-07
        20  1.572782E-01  8.777284E-06  3.546127E-02
        21  1.531606E-01  8.652166E-06  3.453293E-02
        22  1.480957E-01  8.302654E-06  3.339078E-02
        23  1.556089E-01  8.680120E-06  3.508482E-02
        24  1.160451E-01  6.291363E-06  2.616430E-02
        25  1.348222E-01  7.531452E-06  3.039798E-02
        26  6.362913E-02  2.082872E-06  1.434617E-02
        27  9.214269E-02  4.492223E-06  2.077506E-02
        28 -4.766996E-03 -4.658349E-06 -1.074824E-03
        29  3.110190E-02 -9.687302E-07  7.012364E-03
        30 -8.373281E-02 -1.379794E-05 -1.887879E-02
        31 -4.327699E-02 -8.962114E-06 -9.757457E-03
        32 -1.679514E-01 -2.459603E-05 -3.786687E-02
        33 -1.254775E-01 -1.905502E-05 -2.829066E-02
        34 -2.390009E-01 -3.406140E-05 -5.388571E-02
        35 -2.034647E-01 -2.932250E-05 -4.587372E-02
        36  0.000000E+00  0.000000E+00  0.000000E+00
        37 -7.388624E-02 -1.956004E-05  3.276650E-01
        38  1.679507E-01 -2.530810E-05  3.786994E-02
        39  0.000000E+00  0.000000E+00  0.000000E+00
        40  0.000000E+00  0.000000E+00  0.000000E+00
        41  0.000000E+00  0.000000E+00  0.000000E+00
        42 -7.123141E-02 -2.349895E-05  3.158889E-01
        43  8.373251E-02 -1.412977E-05  1.888012E-02
        44  0.000000E+00  0.000000E+00  0.000000E+00
        45  0.000000E+00  0.000000E+00  0.000000E+00
        46  0.000000E+00  0.000000E+00  0.000000E+00
        47 -6.443762E-02 -2.673404E-05  2.857600E-01
        48  4.766997E-03 -4.727678E-06  1.074844E-03
        49  0.000000E+00  0.000000E+00  0.000000E+00
        50  0.000000E+00  0.000000E+00  0.000000E+00
        51  0.000000E+00  0.000000E+00  0.000000E+00
        52 -5.287587E-02 -2.698689E-05  2.344858E-01
        53 -6.362893E-02  2.241494E-06 -1.434707E-02
        54  0.000000E+00  0.000000E+00  0.000000E+00
        55  0.000000E+00  0.000000E+00  0.000000E+00
        56  0.000000E+00  0.000000E+00  0.000000E+00
        57 -3.697042E-02 -2.393017E-05  1.639506E-01
        58 -1.160448E-01  6.608262E-06 -2.616568E-02
        59  0.000000E+00  0.000000E+00  0.000000E+00
        60  0.000000E+00  0.000000E+00  0.000000E+00
        61  0.000000E+00  0.000000E+00  0.000000E+00
        62 -1.801116E-02 -1.856431E-05  7.987353E-02
        63 -1.480954E-01  8.725123E-06 -3.339228E-02
        64  0.000000E+00  0.000000E+00  0.000000E+00
        65  0.000000E+00  0.000000E+00  0.000000E+00
        66  0.000000E+00  0.000000E+00  0.000000E+00
        67  2.107825E-03 -1.230400E-05 -9.345059E-03
        68 -1.572779E-01  9.228310E-06 -3.546263E-02
        69  0.000000E+00  0.000000E+00  0.000000E+00
        70  0.000000E+00  0.000000E+00  0.000000E+00
        71  0.000000E+00  0.000000E+00  0.000000E+00
        72  2.119720E-02 -6.422782E-06 -9.399670E-02
        73 -1.434965E-01  8.844185E-06 -3.235513E-02
        74  0.000000E+00  0.000000E+00  0.000000E+00
        75  0.000000E+00  0.000000E+00  0.000000E+00
        76  0.000000E+00  0.000000E+00  0.000000E+00
        77  2.119751E-02  2.228576E-06 -9.399664E-02
        78  1.434967E-01  8.437936E-06  3.235406E-02
        79  0.000000E+00  0.000000E+00  0.000000E+00
        80  0.000000E+00  0.000000E+00  0.000000E+00
        81  0.000000E+00  0.000000E+00  0.000000E+00
        82  2.107065E-03  8.161112E-06 -9.345241E-03
        83  1.572782E-01  8.777284E-06  3.546127E-02
        84  0.000000E+00  0.000000E+00  0.000000E+00
        85  0.000000E+00  0.000000E+00  0.000000E+00
        86  0.000000E+00  0.000000E+00  0.000000E+00
        87 -1.801353E-02  1.448003E-05  7.987298E-02
        88  1.480957E-01  8.302654E-06  3.339078E-02
        89  0.000000E+00  0.000000E+00  0.000000E+00
        90  0.000000E+00  0.000000E+00  0.000000E+00
        91  0.000000E+00  0.000000E+00  0.000000E+00
        92 -3.697488E-02  1.991369E-05  1.639496E-01
        93  1.160451E-01  6.291363E-06  2.616430E-02
        94  0.000000E+00  0.000000E+00  0.000000E+00
        95  0.000000E+00  0.000000E+00  0.000000E+00
        96  0.000000E+00  0.000000E+00  0.000000E+00
        97 -5.288233E-02  2.301450E-05  2.344843E-01
        98  6.362913E-02  2.082872E-06  1.434617E-02
        99  0.000000E+00  0.000000E+00  0.000000E+00
       100  0.000000E+00  0.000000E+00  0.000000E+00
       101  0.000000E+00  0.000000E+00  0.000000E+00
       102 -6.444635E-02  2.283210E-05  2.857580E-01
       103 -4.766996E-03 -4.658349E-06 -1.074824E-03
       104  0.000000E+00  0.000000E+00  0.000000E+00
       105  0.000000E+00  0.000000E+00  0.000000E+00
       106  0.000000E+00  0.000000E+00  0.000000E+00
       107 -7.124136E-02  1.959312E-05  3.158866E-01
       108 -8.373281E-02 -1.379794E-05 -1.887879E-02
       109  0.000000E+00  0.000000E+00  0.000000E+00
       110  0.000000E+00  0.000000E+00  0.000000E+00
       111  0.000000E+00  0.000000E+00  0.000000E+00
       112 -7.389782E-02  1.569520E-05  3.276624E-01
       113 -1.679514E-01 -2.459603E-05 -3.786687E-02
       114  0.000000E+00  0.000000E+00  0.000000E+00
       115  0.000000E+00  0.000000E+00  0.000000E+00
       116  2.107008E-01 -3.121574E-05  4.750946E-02
       117 -7.413700E-02 -1.892388E-05  3.287771E-01
       118  0.000000E+00  0.000000E+00  0.000000E+00
       119  0.000000E+00  0.000000E+00  0.000000E+00
       120 -2.107017E-01 -3.028682E-05 -4.750537E-02
       121 -7.414863E-02  1.505866E-05  3.287745E-01
       122  0.000000E+00  0.000000E+00  0.000000E+00
       123  0.000000E+00  0.000000E+00  0.000000E+00
       124 -5.122014E-08  6.887304E-06  2.093193E-07
       125  4.593552E-02 -2.135367E-06 -2.036946E-01
       126  0.000000E+00  0.000000E+00  0.000000E+00

                    E I G E N V A L U E    N U M B E R    11


 displacements (vx,vy,vz) for set OBS and time  0.2000000E+01

         1 -2.603997E-04  1.710375E-04 -2.483509E-01
         2 -1.500490E-04  1.119953E-04 -1.430186E-01
         3 -2.051694E-04  1.414605E-04 -1.956324E-01
         4 -2.260072E-05  4.659710E-05 -2.153788E-02
         5 -8.485028E-05  7.789369E-05 -8.082815E-02
         6  8.430100E-05 -2.775267E-06  8.016619E-02
         7  3.453861E-05  1.939841E-05  3.283342E-02
         8  1.537592E-04 -3.044697E-05  1.461315E-01
         9  1.246010E-04 -1.939996E-05  1.184676E-01
        10  1.744052E-04 -3.773910E-05  1.656030E-01
        11  1.705292E-04 -3.630324E-05  1.619962E-01
        12  1.448745E-04 -3.135031E-05  1.374265E-01
        13  1.655275E-04 -3.571799E-05  1.570988E-01
        14  7.535420E-05 -1.963542E-05  7.135693E-02
        15  1.140499E-04 -2.567134E-05  1.081158E-01
        16 -1.438180E-05 -9.156672E-06 -1.378770E-02
        17  3.151399E-05 -1.396704E-05  2.974355E-02
        18 -1.482691E-05  9.176110E-06 -1.378771E-02
        19 -1.657233E-04  3.104524E-09 -1.564439E-01
        20  7.582568E-05  1.966533E-05  7.135692E-02
        21  3.150390E-05  1.399148E-05  2.974355E-02
        22  1.462772E-04  3.139137E-05  1.374265E-01
        23  1.150061E-04  2.570703E-05  1.081158E-01
        24  1.764383E-04  3.778629E-05  1.656030E-01
        25  1.673000E-04  3.576321E-05  1.570987E-01
        26  1.558341E-04  3.048689E-05  1.461315E-01
        27  1.726731E-04  3.634902E-05  1.619962E-01
        28  8.554562E-05  2.786325E-06  8.016619E-02
        29  1.263867E-04  1.942848E-05  1.184676E-01
        30 -2.301894E-05 -4.663820E-05 -2.153788E-02
        31  3.503209E-05 -1.941056E-05  3.283343E-02
        32 -1.529527E-04 -1.121099E-04 -1.430186E-01
        33 -8.638528E-05 -7.796959E-05 -8.082814E-02
        34 -2.657798E-04 -1.712181E-04 -2.483509E-01
        35 -2.093101E-04 -1.416081E-04 -1.956324E-01
        36  0.000000E+00  0.000000E+00  0.000000E+00
        37  4.824259E-01 -4.304952E-06 -5.017940E-04
        38 -1.500490E-04  1.119953E-04 -1.430186E-01
        39  0.000000E+00  0.000000E+00  0.000000E+00
        40  0.000000E+00  0.000000E+00  0.000000E+00
        41  0.000000E+00  0.000000E+00  0.000000E+00
        42  4.363263E-01 -3.975894E-06 -4.530171E-04
        43 -2.260072E-05  4.659710E-05 -2.153788E-02
        44  0.000000E+00  0.000000E+00  0.000000E+00
        45  0.000000E+00  0.000000E+00  0.000000E+00
        46  0.000000E+00  0.000000E+00  0.000000E+00
        47  3.286176E-01 -3.574031E-06 -3.411222E-04
        48  8.430100E-05 -2.775267E-06  8.016619E-02
        49  0.000000E+00  0.000000E+00  0.000000E+00
        50  0.000000E+00  0.000000E+00  0.000000E+00
        51  0.000000E+00  0.000000E+00  0.000000E+00
        52  1.670900E-01 -2.812359E-06 -1.734411E-04
        53  1.537592E-04 -3.044697E-05  1.461315E-01
        54  0.000000E+00  0.000000E+00  0.000000E+00
        55  0.000000E+00  0.000000E+00  0.000000E+00
        56  0.000000E+00  0.000000E+00  0.000000E+00
        57 -1.857990E-02 -1.997971E-06  1.852087E-05
        58  1.744052E-04 -3.773910E-05  1.656030E-01
        59  0.000000E+00  0.000000E+00  0.000000E+00
        60  0.000000E+00  0.000000E+00  0.000000E+00
        61  0.000000E+00  0.000000E+00  0.000000E+00
        62 -1.875683E-01 -1.234262E-06  1.927000E-04
        63  1.448745E-04 -3.135031E-05  1.374265E-01
        64  0.000000E+00  0.000000E+00  0.000000E+00
        65  0.000000E+00  0.000000E+00  0.000000E+00
        66  0.000000E+00  0.000000E+00  0.000000E+00
        67 -3.002092E-01 -5.979504E-07  3.084163E-04
        68  7.535420E-05 -1.963542E-05  7.135693E-02
        69  0.000000E+00  0.000000E+00  0.000000E+00
        70  0.000000E+00  0.000000E+00  0.000000E+00
        71  0.000000E+00  0.000000E+00  0.000000E+00
        72 -3.291793E-01 -2.070744E-07  3.376643E-04
        73 -1.438180E-05 -9.156672E-06 -1.378770E-02
        74  0.000000E+00  0.000000E+00  0.000000E+00
        75  0.000000E+00  0.000000E+00  0.000000E+00
        76  0.000000E+00  0.000000E+00  0.000000E+00
        77  3.291793E-01  1.023345E-06 -3.354191E-04
        78 -1.482691E-05  9.176110E-06 -1.378771E-02
        79  0.000000E+00  0.000000E+00  0.000000E+00
        80  0.000000E+00  0.000000E+00  0.000000E+00
        81  0.000000E+00  0.000000E+00  0.000000E+00
        82  3.002092E-01  1.072426E-06 -3.054478E-04
        83  7.582568E-05  1.966533E-05  7.135692E-02
        84  0.000000E+00  0.000000E+00  0.000000E+00
        85  0.000000E+00  0.000000E+00  0.000000E+00
        86  0.000000E+00  0.000000E+00  0.000000E+00
        87  1.875683E-01  1.066748E-06 -1.908468E-04
        88  1.462772E-04  3.139137E-05  1.374265E-01
        89  0.000000E+00  0.000000E+00  0.000000E+00
        90  0.000000E+00  0.000000E+00  0.000000E+00
        91  0.000000E+00  0.000000E+00  0.000000E+00
        92  1.857991E-02  9.424969E-07 -1.946970E-05
        93  1.764383E-04  3.778629E-05  1.656030E-01
        94  0.000000E+00  0.000000E+00  0.000000E+00
        95  0.000000E+00  0.000000E+00  0.000000E+00
        96  0.000000E+00  0.000000E+00  0.000000E+00
        97 -1.670900E-01  7.883370E-07  1.682447E-04
        98  1.558341E-04  3.048689E-05  1.461315E-01
        99  0.000000E+00  0.000000E+00  0.000000E+00
       100  0.000000E+00  0.000000E+00  0.000000E+00
       101  0.000000E+00  0.000000E+00  0.000000E+00
       102 -3.286176E-01  7.244874E-07  3.308574E-04
       103  8.554562E-05  2.786325E-06  8.016619E-02
       104  0.000000E+00  0.000000E+00  0.000000E+00
       105  0.000000E+00  0.000000E+00  0.000000E+00
       106  0.000000E+00  0.000000E+00  0.000000E+00
       107 -4.363263E-01  5.972402E-07  4.391655E-04
       108 -2.301894E-05 -4.663820E-05 -2.153788E-02
       109  0.000000E+00  0.000000E+00  0.000000E+00
       110  0.000000E+00  0.000000E+00  0.000000E+00
       111  0.000000E+00  0.000000E+00  0.000000E+00
       112 -4.824260E-01  6.677804E-07  4.845839E-04
       113 -1.529527E-04 -1.121099E-04 -1.430186E-01
       114  0.000000E+00  0.000000E+00  0.000000E+00
       115  0.000000E+00  0.000000E+00  0.000000E+00
       116 -2.164111E-04  1.474764E-04 -2.063628E-01
       117  4.870438E-01 -4.334775E-06 -5.066013E-04
       118  0.000000E+00  0.000000E+00  0.000000E+00
       119  0.000000E+00  0.000000E+00  0.000000E+00
       120 -2.208041E-04 -1.476307E-04 -2.063628E-01
       121 -4.870438E-01  6.549659E-07  4.892121E-04
       122  0.000000E+00  0.000000E+00  0.000000E+00
       123  0.000000E+00  0.000000E+00  0.000000E+00
       124 -1.657233E-04  3.104524E-09 -1.564439E-01
       125 -2.553614E-09  8.959432E-07  1.247716E-06
       126  0.000000E+00  0.000000E+00  0.000000E+00

                    E I G E N V A L U E    N U M B E R    12


 displacements (vx,vy,vz) for set OBS and time  0.2000000E+01

         1 -2.483509E-01  3.307152E-06  2.604020E-04
         2 -1.430187E-01  2.110824E-06  1.500505E-04
         3 -1.956324E-01  2.708547E-06  2.051713E-04
         4 -2.153789E-02  7.712317E-07  2.260132E-05
         5 -8.082817E-02  1.409723E-06  8.485130E-05
         6  8.016619E-02 -2.309338E-07 -8.430105E-05
         7  3.283342E-02  2.230147E-07 -3.453837E-05
         8  1.461315E-01 -8.168497E-07 -1.537596E-04
         9  1.184676E-01 -5.816583E-07 -1.246013E-04
        10  1.656030E-01 -9.711383E-07 -1.744058E-04
        11  1.619962E-01 -9.413902E-07 -1.705297E-04
        12  1.374265E-01 -8.136687E-07 -1.448751E-04
        13  1.570988E-01 -9.217806E-07 -1.655281E-04
        14  7.135694E-02 -5.029842E-07 -7.535467E-05
        15  1.081158E-01 -6.688244E-07 -1.140504E-04
        16 -1.378769E-02 -1.686652E-07  1.438147E-05
        17  2.974356E-02 -3.313071E-07 -3.151439E-05
        18 -1.378770E-02  1.936068E-07  1.482661E-05
        19 -1.564439E-01  2.161558E-07  1.657232E-04
        20  7.135693E-02  2.448802E-07 -7.582601E-05
        21  2.974356E-02  2.122269E-07 -3.150423E-05
        22  1.374265E-01  3.449833E-07 -1.462775E-04
        23  1.081158E-01  2.920125E-07 -1.150064E-04
        24  1.656030E-01  4.095127E-07 -1.764386E-04
        25  1.570988E-01  3.885304E-07 -1.673003E-04
        26  1.461315E-01  3.146475E-07 -1.558343E-04
        27  1.619962E-01  3.906525E-07 -1.726734E-04
        28  8.016619E-02 -4.294206E-08 -8.554557E-05
        29  1.184676E-01  1.721353E-07 -1.263868E-04
        30 -2.153789E-02 -6.943231E-07  2.301938E-05
        31  3.283342E-02 -3.371178E-07 -3.503186E-05
        32 -1.430187E-01 -1.467066E-06  1.529537E-04
        33 -8.082817E-02 -1.077922E-06  8.638596E-05
        34 -2.483509E-01 -2.114327E-06  2.657811E-04
        35 -1.956324E-01 -1.790382E-06  2.093112E-04
        36  0.000000E+00  0.000000E+00  0.000000E+00
        37 -5.017938E-04  1.159272E-04 -4.824260E-01
        38 -1.430187E-01  2.110824E-06  1.500505E-04
        39  0.000000E+00  0.000000E+00  0.000000E+00
        40  0.000000E+00  0.000000E+00  0.000000E+00
        41  0.000000E+00  0.000000E+00  0.000000E+00
        42 -4.530169E-04  1.136713E-04 -4.363263E-01
        43 -2.153789E-02  7.712317E-07  2.260132E-05
        44  0.000000E+00  0.000000E+00  0.000000E+00
        45  0.000000E+00  0.000000E+00  0.000000E+00
        46  0.000000E+00  0.000000E+00  0.000000E+00
        47 -3.411219E-04  1.010850E-04 -3.286176E-01
        48  8.016619E-02 -2.309338E-07 -8.430105E-05
        49  0.000000E+00  0.000000E+00  0.000000E+00
        50  0.000000E+00  0.000000E+00  0.000000E+00
        51  0.000000E+00  0.000000E+00  0.000000E+00
        52 -1.734408E-04  7.825713E-05 -1.670900E-01
        53  1.461315E-01 -8.168497E-07 -1.537596E-04
        54  0.000000E+00  0.000000E+00  0.000000E+00
        55  0.000000E+00  0.000000E+00  0.000000E+00
        56  0.000000E+00  0.000000E+00  0.000000E+00
        57  1.852114E-05  5.090269E-05  1.857990E-02
        58  1.656030E-01 -9.711383E-07 -1.744058E-04
        59  0.000000E+00  0.000000E+00  0.000000E+00
        60  0.000000E+00  0.000000E+00  0.000000E+00
        61  0.000000E+00  0.000000E+00  0.000000E+00
        62  1.927002E-04  2.576132E-05  1.875683E-01
        63  1.374265E-01 -8.136687E-07 -1.448751E-04
        64  0.000000E+00  0.000000E+00  0.000000E+00
        65  0.000000E+00  0.000000E+00  0.000000E+00
        66  0.000000E+00  0.000000E+00  0.000000E+00
        67  3.084167E-04  7.317594E-06  3.002092E-01
        68  7.135694E-02 -5.029842E-07 -7.535467E-05
        69  0.000000E+00  0.000000E+00  0.000000E+00
        70  0.000000E+00  0.000000E+00  0.000000E+00
        71  0.000000E+00  0.000000E+00  0.000000E+00
        72  3.376647E-04 -3.337355E-06  3.291793E-01
        73 -1.378769E-02 -1.686652E-07  1.438147E-05
        74  0.000000E+00  0.000000E+00  0.000000E+00
        75  0.000000E+00  0.000000E+00  0.000000E+00
        76  0.000000E+00  0.000000E+00  0.000000E+00
        77 -3.354193E-04 -3.310693E-06 -3.291793E-01
        78 -1.378770E-02  1.936068E-07  1.482661E-05
        79  0.000000E+00  0.000000E+00  0.000000E+00
        80  0.000000E+00  0.000000E+00  0.000000E+00
        81  0.000000E+00  0.000000E+00  0.000000E+00
        82 -3.054477E-04  7.360104E-06 -3.002092E-01
        83  7.135693E-02  2.448802E-07 -7.582601E-05
        84  0.000000E+00  0.000000E+00  0.000000E+00
        85  0.000000E+00  0.000000E+00  0.000000E+00
        86  0.000000E+00  0.000000E+00  0.000000E+00
        87 -1.908466E-04  2.583071E-05 -1.875683E-01
        88  1.374265E-01  3.449833E-07 -1.462775E-04
        89  0.000000E+00  0.000000E+00  0.000000E+00
        90  0.000000E+00  0.000000E+00  0.000000E+00
        91  0.000000E+00  0.000000E+00  0.000000E+00
        92 -1.946941E-05  5.100428E-05 -1.857991E-02
        93  1.656030E-01  4.095127E-07 -1.764386E-04
        94  0.000000E+00  0.000000E+00  0.000000E+00
        95  0.000000E+00  0.000000E+00  0.000000E+00
        96  0.000000E+00  0.000000E+00  0.000000E+00
        97  1.682450E-04  7.839312E-05  1.670900E-01
        98  1.461315E-01  3.146475E-07 -1.558343E-04
        99  0.000000E+00  0.000000E+00  0.000000E+00
       100  0.000000E+00  0.000000E+00  0.000000E+00
       101  0.000000E+00  0.000000E+00  0.000000E+00
       102  3.308578E-04  1.012527E-04  3.286176E-01
       103  8.016619E-02 -4.294206E-08 -8.554557E-05
       104  0.000000E+00  0.000000E+00  0.000000E+00
       105  0.000000E+00  0.000000E+00  0.000000E+00
       106  0.000000E+00  0.000000E+00  0.000000E+00
       107  4.391660E-04  1.138525E-04  4.363263E-01
       108 -2.153789E-02 -6.943231E-07  2.301938E-05
       109  0.000000E+00  0.000000E+00  0.000000E+00
       110  0.000000E+00  0.000000E+00  0.000000E+00
       111  0.000000E+00  0.000000E+00  0.000000E+00
       112  4.845845E-04  1.161191E-04  4.824260E-01
       113 -1.430187E-01 -1.467066E-06  1.529537E-04
       114  0.000000E+00  0.000000E+00  0.000000E+00
       115  0.000000E+00  0.000000E+00  0.000000E+00
       116 -2.063629E-01  2.830414E-06  2.164131E-04
       117 -5.066011E-04  1.158250E-04 -4.870438E-01
       118  0.000000E+00  0.000000E+00  0.000000E+00
       119  0.000000E+00  0.000000E+00  0.000000E+00
       120 -2.063629E-01 -1.856320E-06  2.208053E-04
       121  4.892127E-04  1.160184E-04  4.870438E-01
       122  0.000000E+00  0.000000E+00  0.000000E+00
       123  0.000000E+00  0.000000E+00  0.000000E+00
       124 -1.564439E-01  2.161558E-07  1.657232E-04
       125  1.247624E-06 -3.950831E-05  2.510466E-09
       126  0.000000E+00  0.000000E+00  0.000000E+00

                    E I G E N V A L U E    N U M B E R    13


 displacements (vx,vy,vz) for set OBS and time  0.2000000E+01

         1  4.635217E-02  1.600998E-04 -2.521859E-01
         2  2.064373E-02  8.199660E-05 -1.123156E-01
         3  3.346709E-02  1.209213E-04 -1.820829E-01
         4 -7.532818E-03 -3.627497E-07  4.098388E-02
         5  5.819249E-03  3.790345E-05 -3.166074E-02
         6 -2.632487E-02 -5.032356E-05  1.432267E-01
         7 -1.851159E-02 -3.027774E-05  1.007165E-01
         8 -3.049172E-02 -6.089398E-05  1.658980E-01
         9 -3.038830E-02 -6.020300E-05  1.653350E-01
        10 -1.976302E-02 -4.284838E-05  1.075264E-01
        11 -2.676305E-02 -5.427061E-05  1.456116E-01
        12  3.391252E-04 -1.562979E-05 -1.844766E-03
        13 -1.034953E-02 -2.920256E-05  5.630989E-02
        14  2.053372E-02  4.924545E-06 -1.117197E-01
        15  1.104970E-02 -3.980596E-06 -6.011893E-02
        16  3.160881E-02  1.324462E-05 -1.719773E-01
        17  2.766506E-02  1.033656E-05 -1.505201E-01
        18 -3.160655E-02  1.335220E-05  1.719777E-01
        19 -4.818796E-07  4.885360E-06 -8.988752E-08
        20 -2.053220E-02  4.987312E-06  1.117200E-01
        21 -2.766308E-02  1.042866E-05  1.505205E-01
        22 -3.389786E-04 -1.565058E-05  1.844797E-03
        23 -1.104880E-02 -3.956582E-06  6.011910E-02
        24  1.976152E-02 -4.296232E-05 -1.075267E-01
        25  1.034885E-02 -2.927149E-05 -5.631001E-02
        26  3.048906E-02 -6.105907E-05 -1.658985E-01
        27  2.676085E-02 -5.441788E-05 -1.456120E-01
        28  2.632237E-02 -5.046170E-05 -1.432271E-01
        29  3.038551E-02 -6.036640E-05 -1.653355E-01
        30  7.532027E-03 -3.819639E-07 -4.098403E-02
        31  1.850976E-02 -3.036806E-05 -1.007168E-01
        32 -2.064126E-02  8.220347E-05  1.123161E-01
        33 -5.818615E-03  3.798510E-05  3.166086E-02
        34 -4.634634E-02  1.605292E-04  2.521870E-01
        35 -3.346295E-02  1.212392E-04  1.820837E-01
        36  0.000000E+00  0.000000E+00  0.000000E+00
        37  6.324862E-01 -6.109009E-05  1.162571E-01
        38  2.064373E-02  8.199660E-05 -1.123156E-01
        39  0.000000E+00  0.000000E+00  0.000000E+00
        40  0.000000E+00  0.000000E+00  0.000000E+00
        41  0.000000E+00  0.000000E+00  0.000000E+00
        42  5.074835E-01 -5.595699E-05  9.328140E-02
        43 -7.532818E-03 -3.627497E-07  4.098388E-02
        44  0.000000E+00  0.000000E+00  0.000000E+00
        45  0.000000E+00  0.000000E+00  0.000000E+00
        46  0.000000E+00  0.000000E+00  0.000000E+00
        47  2.477645E-01 -4.480967E-05  4.554186E-02
        48 -2.632487E-02 -5.032356E-05  1.432267E-01
        49  0.000000E+00  0.000000E+00  0.000000E+00
        50  0.000000E+00  0.000000E+00  0.000000E+00
        51  0.000000E+00  0.000000E+00  0.000000E+00
        52 -7.503632E-02 -3.048835E-05 -1.379357E-02
        53 -3.049172E-02 -6.089398E-05  1.658980E-01
        54  0.000000E+00  0.000000E+00  0.000000E+00
        55  0.000000E+00  0.000000E+00  0.000000E+00
        56  0.000000E+00  0.000000E+00  0.000000E+00
        57 -3.412220E-01 -1.782244E-05 -6.272317E-02
        58 -1.976302E-02 -4.284838E-05  1.075264E-01
        59  0.000000E+00  0.000000E+00  0.000000E+00
        60  0.000000E+00  0.000000E+00  0.000000E+00
        61  0.000000E+00  0.000000E+00  0.000000E+00
        62 -4.450073E-01 -9.919297E-06 -8.180152E-02
        63  3.391252E-04 -1.562979E-05 -1.844766E-03
        64  0.000000E+00  0.000000E+00  0.000000E+00
        65  0.000000E+00  0.000000E+00  0.000000E+00
        66  0.000000E+00  0.000000E+00  0.000000E+00
        67 -3.455013E-01 -6.690196E-06 -6.351079E-02
        68  2.053372E-02  4.924545E-06 -1.117197E-01
        69  0.000000E+00  0.000000E+00  0.000000E+00
        70  0.000000E+00  0.000000E+00  0.000000E+00
        71  0.000000E+00  0.000000E+00  0.000000E+00
        72 -8.659137E-02 -6.311830E-06 -1.591786E-02
        73  3.160881E-02  1.324462E-05 -1.719773E-01
        74  0.000000E+00  0.000000E+00  0.000000E+00
        75  0.000000E+00  0.000000E+00  0.000000E+00
        76  0.000000E+00  0.000000E+00  0.000000E+00
        77 -8.659135E-02  9.595245E-06 -1.591793E-02
        78 -3.160655E-02  1.335220E-05  1.719777E-01
        79  0.000000E+00  0.000000E+00  0.000000E+00
        80  0.000000E+00  0.000000E+00  0.000000E+00
        81  0.000000E+00  0.000000E+00  0.000000E+00
        82 -3.455006E-01  1.022448E-05 -6.351457E-02
        83 -2.053220E-02  4.987312E-06  1.117200E-01
        84  0.000000E+00  0.000000E+00  0.000000E+00
        85  0.000000E+00  0.000000E+00  0.000000E+00
        86  0.000000E+00  0.000000E+00  0.000000E+00
        87 -4.450061E-01  1.332897E-05 -8.180763E-02
        88 -3.389786E-04 -1.565058E-05  1.844797E-03
        89  0.000000E+00  0.000000E+00  0.000000E+00
        90  0.000000E+00  0.000000E+00  0.000000E+00
        91  0.000000E+00  0.000000E+00  0.000000E+00
        92 -3.412210E-01  2.091412E-05 -6.272877E-02
        93  1.976152E-02 -4.296232E-05 -1.075267E-01
        94  0.000000E+00  0.000000E+00  0.000000E+00
        95  0.000000E+00  0.000000E+00  0.000000E+00
        96  0.000000E+00  0.000000E+00  0.000000E+00
        97 -7.503626E-02  3.279800E-05 -1.379393E-02
        98  3.048906E-02 -6.105907E-05 -1.658985E-01
        99  0.000000E+00  0.000000E+00  0.000000E+00
       100  0.000000E+00  0.000000E+00  0.000000E+00
       101  0.000000E+00  0.000000E+00  0.000000E+00
       102  2.477630E-01  4.625860E-05  4.554985E-02
       103  2.632237E-02 -5.046170E-05 -1.432271E-01
       104  0.000000E+00  0.000000E+00  0.000000E+00
       105  0.000000E+00  0.000000E+00  0.000000E+00
       106  0.000000E+00  0.000000E+00  0.000000E+00
       107  5.074806E-01  5.686390E-05  9.329721E-02
       108  7.532027E-03 -3.819639E-07 -4.098403E-02
       109  0.000000E+00  0.000000E+00  0.000000E+00
       110  0.000000E+00  0.000000E+00  0.000000E+00
       111  0.000000E+00  0.000000E+00  0.000000E+00
       112  6.324821E-01  6.137817E-05  1.162793E-01
       113 -2.064126E-02  8.220347E-05  1.123161E-01
       114  0.000000E+00  0.000000E+00  0.000000E+00
       115  0.000000E+00  0.000000E+00  0.000000E+00
       116  3.608683E-02  1.288815E-04 -1.963359E-01
       117  6.458911E-01 -6.162517E-05  1.187211E-01
       118  0.000000E+00  0.000000E+00  0.000000E+00
       119  0.000000E+00  0.000000E+00  0.000000E+00
       120 -3.608234E-02  1.292221E-04  1.963368E-01
       121  6.458869E-01  6.188706E-05  1.187438E-01
       122  0.000000E+00  0.000000E+00  0.000000E+00
       123  0.000000E+00  0.000000E+00  0.000000E+00
       124 -4.818796E-07  4.885360E-06 -8.988752E-08
       125  3.370636E-01  1.446720E-06  6.196168E-02
       126  0.000000E+00  0.000000E+00  0.000000E+00

                    E I G E N V A L U E    N U M B E R    14


 displacements (vx,vy,vz) for set OBS and time  0.2000000E+01

         1 -2.521860E-01  3.288988E-05 -4.635215E-02
         2 -1.123157E-01  1.680702E-05 -2.064372E-02
         3 -1.820830E-01  2.482324E-05 -3.346708E-02
         4  4.098388E-02 -1.716828E-07  7.532819E-03
         5 -3.166076E-02  7.713756E-06 -5.819246E-03
         6  1.432267E-01 -1.045910E-05  2.632487E-02
         7  1.007165E-01 -6.328011E-06  1.851159E-02
         8  1.658980E-01 -1.264224E-05  3.049172E-02
         9  1.653350E-01 -1.250079E-05  3.038830E-02
        10  1.075264E-01 -8.888525E-06  1.976302E-02
        11  1.456116E-01 -1.126725E-05  2.676305E-02
        12 -1.844763E-03 -3.179851E-06 -3.391279E-04
        13  5.630990E-02 -6.032056E-06  1.034952E-02
        14 -1.117197E-01  1.173323E-06 -2.053372E-02
        15 -6.011893E-02 -7.212957E-07 -1.104971E-02
        16 -1.719773E-01  2.972559E-06 -3.160881E-02
        17 -1.505201E-01  2.342092E-06 -2.766506E-02
        18  1.719777E-01  2.487418E-06  3.160655E-02
        19 -8.987894E-08  1.006067E-06  4.818708E-07
        20  1.117200E-01  8.885458E-07  2.053220E-02
        21  1.505205E-01  1.927465E-06  2.766309E-02
        22  1.844793E-03 -3.119369E-06  3.389813E-04
        23  6.011910E-02 -8.421465E-07  1.104881E-02
        24 -1.075267E-01 -8.468854E-06 -1.976152E-02
        25 -5.631002E-02 -5.782368E-06 -1.034885E-02
        26 -1.658985E-01 -1.204364E-05 -3.048905E-02
        27 -1.456120E-01 -1.072903E-05 -2.676084E-02
        28 -1.432271E-01 -9.941873E-06 -2.632236E-02
        29 -1.653355E-01 -1.190613E-05 -3.038551E-02
        30 -4.098403E-02  4.222164E-10 -7.532028E-03
        31 -1.007168E-01 -5.950847E-06 -1.850976E-02
        32  1.123161E-01  1.627702E-05  2.064126E-02
        33  3.166087E-02  7.579855E-06  5.818611E-03
        34  2.521870E-01  3.164710E-05  4.634633E-02
        35  1.820837E-01  2.393753E-05  3.346294E-02
        36  0.000000E+00  0.000000E+00  0.000000E+00
        37  1.162571E-01  3.065135E-04 -6.324861E-01
        38 -1.123157E-01  1.680702E-05 -2.064372E-02
        39  0.000000E+00  0.000000E+00  0.000000E+00
        40  0.000000E+00  0.000000E+00  0.000000E+00
        41  0.000000E+00  0.000000E+00  0.000000E+00
        42  9.328141E-02  2.832124E-04 -5.074834E-01
        43  4.098388E-02 -1.716828E-07  7.532819E-03
        44  0.000000E+00  0.000000E+00  0.000000E+00
        45  0.000000E+00  0.000000E+00  0.000000E+00
        46  0.000000E+00  0.000000E+00  0.000000E+00
        47  4.554187E-02  2.296927E-04 -2.477645E-01
        48  1.432267E-01 -1.045910E-05  2.632487E-02
        49  0.000000E+00  0.000000E+00  0.000000E+00
        50  0.000000E+00  0.000000E+00  0.000000E+00
        51  0.000000E+00  0.000000E+00  0.000000E+00
        52 -1.379357E-02  1.611626E-04  7.503636E-02
        53  1.658980E-01 -1.264224E-05  3.049172E-02
        54  0.000000E+00  0.000000E+00  0.000000E+00
        55  0.000000E+00  0.000000E+00  0.000000E+00
        56  0.000000E+00  0.000000E+00  0.000000E+00
        57 -6.272316E-02  1.005315E-04  3.412220E-01
        58  1.075264E-01 -8.888525E-06  1.976302E-02
        59  0.000000E+00  0.000000E+00  0.000000E+00
        60  0.000000E+00  0.000000E+00  0.000000E+00
        61  0.000000E+00  0.000000E+00  0.000000E+00
        62 -8.180152E-02  6.211061E-05  4.450073E-01
        63 -1.844763E-03 -3.179851E-06 -3.391279E-04
        64  0.000000E+00  0.000000E+00  0.000000E+00
        65  0.000000E+00  0.000000E+00  0.000000E+00
        66  0.000000E+00  0.000000E+00  0.000000E+00
        67 -6.351078E-02  4.610405E-05  3.455014E-01
        68 -1.117197E-01  1.173323E-06 -2.053372E-02
        69  0.000000E+00  0.000000E+00  0.000000E+00
        70  0.000000E+00  0.000000E+00  0.000000E+00
        71  0.000000E+00  0.000000E+00  0.000000E+00
        72 -1.591785E-02  4.303815E-05  8.659136E-02
        73 -1.719773E-01  2.972559E-06 -3.160881E-02
        74  0.000000E+00  0.000000E+00  0.000000E+00
        75  0.000000E+00  0.000000E+00  0.000000E+00
        76  0.000000E+00  0.000000E+00  0.000000E+00
        77 -1.591792E-02 -4.232148E-05  8.659134E-02
        78  1.719777E-01  2.487418E-06  3.160655E-02
        79  0.000000E+00  0.000000E+00  0.000000E+00
        80  0.000000E+00  0.000000E+00  0.000000E+00
        81  0.000000E+00  0.000000E+00  0.000000E+00
        82 -6.351456E-02 -4.533329E-05  3.455007E-01
        83  1.117200E-01  8.885458E-07  2.053220E-02
        84  0.000000E+00  0.000000E+00  0.000000E+00
        85  0.000000E+00  0.000000E+00  0.000000E+00
        86  0.000000E+00  0.000000E+00  0.000000E+00
        87 -8.180763E-02 -6.137477E-05  4.450062E-01
        88  1.844793E-03 -3.119369E-06  3.389813E-04
        89  0.000000E+00  0.000000E+00  0.000000E+00
        90  0.000000E+00  0.000000E+00  0.000000E+00
        91  0.000000E+00  0.000000E+00  0.000000E+00
        92 -6.272877E-02 -9.988871E-05  3.412210E-01
        93 -1.075267E-01 -8.468854E-06 -1.976152E-02
        94  0.000000E+00  0.000000E+00  0.000000E+00
        95  0.000000E+00  0.000000E+00  0.000000E+00
        96  0.000000E+00  0.000000E+00  0.000000E+00
        97 -1.379392E-02 -1.607291E-04  7.503630E-02
        98 -1.658985E-01 -1.204364E-05 -3.048905E-02
        99  0.000000E+00  0.000000E+00  0.000000E+00
       100  0.000000E+00  0.000000E+00  0.000000E+00
       101  0.000000E+00  0.000000E+00  0.000000E+00
       102  4.554986E-02 -2.294929E-04 -2.477630E-01
       103 -1.432271E-01 -9.941873E-06 -2.632236E-02
       104  0.000000E+00  0.000000E+00  0.000000E+00
       105  0.000000E+00  0.000000E+00  0.000000E+00
       106  0.000000E+00  0.000000E+00  0.000000E+00
       107  9.329722E-02 -2.831677E-04 -5.074805E-01
       108 -4.098403E-02  4.222164E-10 -7.532028E-03
       109  0.000000E+00  0.000000E+00  0.000000E+00
       110  0.000000E+00  0.000000E+00  0.000000E+00
       111  0.000000E+00  0.000000E+00  0.000000E+00
       112  1.162793E-01 -3.066173E-04 -6.324820E-01
       113  1.123161E-01  1.627702E-05  2.064126E-02
       114  0.000000E+00  0.000000E+00  0.000000E+00
       115  0.000000E+00  0.000000E+00  0.000000E+00
       116 -1.963360E-01  2.646236E-05 -3.608682E-02
       117  1.187211E-01  3.089556E-04 -6.458911E-01
       118  0.000000E+00  0.000000E+00  0.000000E+00
       119  0.000000E+00  0.000000E+00  0.000000E+00
       120  1.963368E-01  2.550402E-05  3.608233E-02
       121  1.187438E-01 -3.090685E-04 -6.458869E-01
       122  0.000000E+00  0.000000E+00  0.000000E+00
       123  0.000000E+00  0.000000E+00  0.000000E+00
       124 -8.987894E-08  1.006067E-06  4.818708E-07
       125  6.196167E-02  3.149266E-07 -3.370636E-01
       126  0.000000E+00  0.000000E+00  0.000000E+00

                    E I G E N V A L U E    N U M B E R    15


 displacements (vx,vy,vz) for set OBS and time  0.2000000E+01

         1  9.842689E-06 -1.884258E-07  5.582318E-08
         2  2.308271E-06 -1.735098E-07 -9.250981E-08
         3  6.065743E-06 -1.907725E-07 -1.846165E-08
         4 -5.729846E-06 -1.601320E-07 -1.145174E-07
         5 -1.973076E-06 -1.321721E-07 -1.420578E-07
         6 -1.040851E-05 -1.539711E-07  1.565725E-10
         7 -8.614091E-06 -1.725998E-07 -5.229050E-08
         8 -1.010136E-05 -1.379337E-07  1.468772E-07
         9 -1.089896E-05 -1.302503E-07  6.055422E-08
        10 -5.155403E-06 -1.272807E-07  2.567829E-07
        11 -8.087867E-06 -1.411096E-07  2.231518E-07
        12  1.965938E-06 -1.073483E-07  2.367600E-07
        13 -1.648450E-06 -1.106443E-07  2.565578E-07
        14  7.711200E-06 -9.081445E-08  1.059934E-07
        15  5.229972E-06 -1.023225E-07  1.879899E-07
        16  9.056198E-06 -6.816102E-08 -9.025818E-08
        17  9.055917E-06 -7.698733E-08  7.041759E-09
        18 -9.057269E-06  6.978965E-08  1.460879E-07
        19 -5.354404E-09  5.458162E-10 -1.525926E-07
        20 -7.702299E-06  9.178385E-08  2.475459E-07
        21 -9.051509E-06  7.841443E-08  2.081337E-07
        22 -1.953709E-06  1.075927E-07  2.170579E-07
        23 -5.218289E-06  1.032220E-07  2.527742E-07
        24  5.164226E-06  1.268526E-07  8.270815E-08
        25  1.659474E-06  1.108866E-07  1.543277E-07
        26  1.010201E-05  1.368866E-07 -1.098448E-07
        27  8.093248E-06  1.407550E-07 -3.791649E-09
        28  1.040269E-05  1.524693E-07 -2.365902E-07
        29  1.089530E-05  1.290420E-07 -1.988233E-07
        30  5.723010E-06  1.585677E-07 -2.386370E-07
        31  8.607502E-06  1.702299E-07 -2.419067E-07
        32 -2.306876E-06  1.725498E-07 -4.812566E-08
        33  1.968336E-06  1.289424E-07 -1.860086E-07
        34 -9.827696E-06  1.884207E-07  2.537083E-07
        35 -6.057570E-06  1.908446E-07  1.024627E-07
        36  0.000000E+00  0.000000E+00  0.000000E+00
        37  1.746646E-05  3.039514E+00  8.775339E-04
        38  2.308271E-06 -1.735098E-07 -9.250981E-08
        39  0.000000E+00  0.000000E+00  0.000000E+00
        40  0.000000E+00  0.000000E+00  0.000000E+00
        41  0.000000E+00  0.000000E+00  0.000000E+00
        42  1.666606E-05  2.958451E+00  7.845028E-04
        43 -5.729846E-06 -1.601320E-07 -1.145174E-07
        44  0.000000E+00  0.000000E+00  0.000000E+00
        45  0.000000E+00  0.000000E+00  0.000000E+00
        46  0.000000E+00  0.000000E+00  0.000000E+00
        47  1.422273E-05  2.818207E+00  6.391337E-04
        48 -1.040851E-05 -1.539711E-07  1.565725E-10
        49  0.000000E+00  0.000000E+00  0.000000E+00
        50  0.000000E+00  0.000000E+00  0.000000E+00
        51  0.000000E+00  0.000000E+00  0.000000E+00
        52  1.167949E-05  2.621588E+00  4.756662E-04
        53 -1.010136E-05 -1.379337E-07  1.468772E-07
        54  0.000000E+00  0.000000E+00  0.000000E+00
        55  0.000000E+00  0.000000E+00  0.000000E+00
        56  0.000000E+00  0.000000E+00  0.000000E+00
        57  8.436637E-06  2.372527E+00  3.237229E-04
        58 -5.155403E-06 -1.272807E-07  2.567829E-07
        59  0.000000E+00  0.000000E+00  0.000000E+00
        60  0.000000E+00  0.000000E+00  0.000000E+00
        61  0.000000E+00  0.000000E+00  0.000000E+00
        62  5.669940E-06  2.076005E+00  2.032651E-04
        63  1.965938E-06 -1.073483E-07  2.367600E-07
        64  0.000000E+00  0.000000E+00  0.000000E+00
        65  0.000000E+00  0.000000E+00  0.000000E+00
        66  0.000000E+00  0.000000E+00  0.000000E+00
        67  3.281157E-06  1.737956E+00  1.219349E-04
        68  7.711200E-06 -9.081445E-08  1.059934E-07
        69  0.000000E+00  0.000000E+00  0.000000E+00
        70  0.000000E+00  0.000000E+00  0.000000E+00
        71  0.000000E+00  0.000000E+00  0.000000E+00
        72  1.802523E-06  1.365140E+00  7.601312E-05
        73  9.056198E-06 -6.816102E-08 -9.025818E-08
        74  0.000000E+00  0.000000E+00  0.000000E+00
        75  0.000000E+00  0.000000E+00  0.000000E+00
        76  0.000000E+00  0.000000E+00  0.000000E+00
        77  9.023058E-07 -1.365140E+00  7.604938E-05
        78 -9.057269E-06  6.978965E-08  1.460879E-07
        79  0.000000E+00  0.000000E+00  0.000000E+00
        80  0.000000E+00  0.000000E+00  0.000000E+00
        81  0.000000E+00  0.000000E+00  0.000000E+00
        82  1.345039E-06 -1.737956E+00  1.220518E-04
        83 -7.702299E-06  9.178385E-08  2.475459E-07
        84  0.000000E+00  0.000000E+00  0.000000E+00
        85  0.000000E+00  0.000000E+00  0.000000E+00
        86  0.000000E+00  0.000000E+00  0.000000E+00
        87  2.157757E-06 -2.076005E+00  2.035173E-04
        88 -1.953709E-06  1.075927E-07  2.170579E-07
        89  0.000000E+00  0.000000E+00  0.000000E+00
        90  0.000000E+00  0.000000E+00  0.000000E+00
        91  0.000000E+00  0.000000E+00  0.000000E+00
        92  3.877967E-06 -2.372527E+00  3.241323E-04
        93  5.164226E-06  1.268526E-07  8.270815E-08
        94  0.000000E+00  0.000000E+00  0.000000E+00
        95  0.000000E+00  0.000000E+00  0.000000E+00
        96  0.000000E+00  0.000000E+00  0.000000E+00
        97  5.998826E-06 -2.621588E+00  4.762654E-04
        98  1.010201E-05  1.368866E-07 -1.098448E-07
        99  0.000000E+00  0.000000E+00  0.000000E+00
       100  0.000000E+00  0.000000E+00  0.000000E+00
       101  0.000000E+00  0.000000E+00  0.000000E+00
       102  8.863087E-06 -2.818207E+00  6.398906E-04
       103  1.040269E-05  1.524693E-07 -2.365902E-07
       104  0.000000E+00  0.000000E+00  0.000000E+00
       105  0.000000E+00  0.000000E+00  0.000000E+00
       106  0.000000E+00  0.000000E+00  0.000000E+00
       107  1.064334E-05 -2.958451E+00  7.854293E-04
       108  5.723010E-06  1.585677E-07 -2.386370E-07
       109  0.000000E+00  0.000000E+00  0.000000E+00
       110  0.000000E+00  0.000000E+00  0.000000E+00
       111  0.000000E+00  0.000000E+00  0.000000E+00
       112  1.175081E-05 -3.039514E+00  8.785390E-04
       113 -2.306876E-06  1.725498E-07 -4.812566E-08
       114  0.000000E+00  0.000000E+00  0.000000E+00
       115  0.000000E+00  0.000000E+00  0.000000E+00
       116  6.833542E-06 -1.918849E-07 -3.348749E-09
       117  1.757025E-05  3.057297E+00  8.919633E-04
       118  0.000000E+00  0.000000E+00  0.000000E+00
       119  0.000000E+00  0.000000E+00  0.000000E+00
       120 -6.823983E-06  1.920312E-07  1.332187E-07
       121  1.182720E-05 -3.057297E+00  8.929736E-04
       122  0.000000E+00  0.000000E+00  0.000000E+00
       123  0.000000E+00  0.000000E+00  0.000000E+00
       124 -5.354404E-09  5.458162E-10 -1.525926E-07
       125  2.767704E-07 -9.806901E-09  1.416191E-05
       126  0.000000E+00  0.000000E+00  0.000000E+00

                    E I G E N V A L U E    N U M B E R    16


 displacements (vx,vy,vz) for set OBS and time  0.2000000E+01

         1  3.766928E-04 -1.415986E-04  2.595849E-01
         2  1.176115E-04 -4.155387E-05  8.102550E-02
         3  2.465137E-04 -9.127343E-05  1.698652E-01
         4 -1.438007E-04  5.555385E-05 -9.899339E-02
         5 -2.609020E-05  1.274123E-05 -1.797672E-02
         6 -2.523114E-04  9.266671E-05 -1.735803E-01
         7 -2.220565E-04  8.265532E-05 -1.528061E-01
         8 -1.673108E-04  6.985818E-05 -1.150689E-01
         9 -2.320467E-04  8.700189E-05 -1.596061E-01
        10  4.068793E-05  2.231017E-05  2.791218E-02
        11 -7.040508E-05  4.640748E-05 -4.843788E-02
        12  2.272413E-04 -1.229218E-05  1.560030E-01
        13  1.460763E-04  1.798780E-06  1.003039E-01
        14  2.658888E-04 -2.000035E-05  1.823786E-01
        15  2.695052E-04 -1.929164E-05  1.849520E-01
        16  1.308976E-04 -1.072121E-05  8.951501E-02
        17  2.166107E-04 -1.641881E-05  1.484506E-01
        18  1.310419E-04  1.073696E-05  8.951501E-02
        19 -1.991675E-04 -2.359965E-09 -1.361250E-01
        20  2.677877E-04  2.002666E-05  1.823786E-01
        21  2.177873E-04  1.644105E-05  1.484506E-01
        22  2.292504E-04  1.231242E-05  1.560030E-01
        23  2.716989E-04  1.931788E-05  1.849520E-01
        24  4.098599E-05 -2.232204E-05  2.791218E-02
        25  1.474283E-04 -1.791358E-06  1.003039E-01
        26 -1.694007E-04 -6.991589E-05 -1.150689E-01
        27 -7.133355E-05 -4.644239E-05 -4.843788E-02
        28 -2.556179E-04 -9.274693E-05 -1.735803E-01
        29 -2.349888E-04 -8.707665E-05 -1.596061E-01
        30 -1.458788E-04 -5.559400E-05 -9.899339E-02
        31 -2.250869E-04 -8.272466E-05 -1.528061E-01
        32  1.194933E-04  4.162312E-05  8.102549E-02
        33 -2.651625E-05 -1.273358E-05 -1.797672E-02
        34  3.829389E-04  1.417794E-04  2.595849E-01
        35  2.505669E-04  9.139820E-05  1.698652E-01
        36  0.000000E+00  0.000000E+00  0.000000E+00
        37 -7.910948E-01  2.006474E-06  1.141910E-03
        38  1.176115E-04 -4.155387E-05  8.102550E-02
        39  0.000000E+00  0.000000E+00  0.000000E+00
        40  0.000000E+00  0.000000E+00  0.000000E+00
        41  0.000000E+00  0.000000E+00  0.000000E+00
        42 -5.163063E-01  4.811270E-07  7.442787E-04
        43 -1.438007E-04  5.555385E-05 -9.899339E-02
        44  0.000000E+00  0.000000E+00  0.000000E+00
        45  0.000000E+00  0.000000E+00  0.000000E+00
        46  0.000000E+00  0.000000E+00  0.000000E+00
        47 -2.682614E-02 -1.763432E-06  3.922732E-05
        48 -2.523114E-04  9.266671E-05 -1.735803E-01
        49  0.000000E+00  0.000000E+00  0.000000E+00
        50  0.000000E+00  0.000000E+00  0.000000E+00
        51  0.000000E+00  0.000000E+00  0.000000E+00
        52  4.236488E-01 -3.778576E-06 -6.083580E-04
        53 -1.673108E-04  6.985818E-05 -1.150689E-01
        54  0.000000E+00  0.000000E+00  0.000000E+00
        55  0.000000E+00  0.000000E+00  0.000000E+00
        56  0.000000E+00  0.000000E+00  0.000000E+00
        57  5.671964E-01 -4.661856E-06 -8.143220E-04
        58  4.068793E-05  2.231017E-05  2.791218E-02
        59  0.000000E+00  0.000000E+00  0.000000E+00
        60  0.000000E+00  0.000000E+00  0.000000E+00
        61  0.000000E+00  0.000000E+00  0.000000E+00
        62  3.228373E-01 -4.015720E-06 -4.634300E-04
        63  2.272413E-04 -1.229218E-05  1.560030E-01
        64  0.000000E+00  0.000000E+00  0.000000E+00
        65  0.000000E+00  0.000000E+00  0.000000E+00
        66  0.000000E+00  0.000000E+00  0.000000E+00
        67 -1.391824E-01 -2.718296E-06  1.979131E-04
        68  2.658888E-04 -2.000035E-05  1.823786E-01
        69  0.000000E+00  0.000000E+00  0.000000E+00
        70  0.000000E+00  0.000000E+00  0.000000E+00
        71  0.000000E+00  0.000000E+00  0.000000E+00
        72 -5.054967E-01 -1.557660E-06  7.205526E-04
        73  1.308976E-04 -1.072121E-05  8.951501E-02
        74  0.000000E+00  0.000000E+00  0.000000E+00
        75  0.000000E+00  0.000000E+00  0.000000E+00
        76  0.000000E+00  0.000000E+00  0.000000E+00
        77  5.054967E-01  8.506083E-07 -7.212832E-04
        78  1.310419E-04  1.073696E-05  8.951501E-02
        79  0.000000E+00  0.000000E+00  0.000000E+00
        80  0.000000E+00  0.000000E+00  0.000000E+00
        81  0.000000E+00  0.000000E+00  0.000000E+00
        82  1.391825E-01  7.718156E-07 -1.990675E-04
        83  2.677877E-04  2.002666E-05  1.823786E-01
        84  0.000000E+00  0.000000E+00  0.000000E+00
        85  0.000000E+00  0.000000E+00  0.000000E+00
        86  0.000000E+00  0.000000E+00  0.000000E+00
        87 -3.228373E-01  6.171721E-07  4.574885E-04
        88  2.292504E-04  1.231242E-05  1.560030E-01
        89  0.000000E+00  0.000000E+00  0.000000E+00
        90  0.000000E+00  0.000000E+00  0.000000E+00
        91  0.000000E+00  0.000000E+00  0.000000E+00
        92 -5.671965E-01  7.515636E-07  8.036545E-04
        93  4.098599E-05 -2.232204E-05  2.791218E-02
        94  0.000000E+00  0.000000E+00  0.000000E+00
        95  0.000000E+00  0.000000E+00  0.000000E+00
        96  0.000000E+00  0.000000E+00  0.000000E+00
        97 -4.236488E-01  1.347355E-06  6.001489E-04
        98 -1.694007E-04 -6.991589E-05 -1.150689E-01
        99  0.000000E+00  0.000000E+00  0.000000E+00
       100  0.000000E+00  0.000000E+00  0.000000E+00
       101  0.000000E+00  0.000000E+00  0.000000E+00
       102  2.682614E-02  2.673750E-06 -3.726225E-05
       103 -2.556179E-04 -9.274693E-05 -1.735803E-01
       104  0.000000E+00  0.000000E+00  0.000000E+00
       105  0.000000E+00  0.000000E+00  0.000000E+00
       106  0.000000E+00  0.000000E+00  0.000000E+00
       107  5.163064E-01  4.046801E-06 -7.283855E-04
       108 -1.458788E-04 -5.559400E-05 -9.899339E-02
       109  0.000000E+00  0.000000E+00  0.000000E+00
       110  0.000000E+00  0.000000E+00  0.000000E+00
       111  0.000000E+00  0.000000E+00  0.000000E+00
       112  7.910948E-01  4.647220E-06 -1.114427E-03
       113  1.194933E-04  4.162312E-05  8.102549E-02
       114  0.000000E+00  0.000000E+00  0.000000E+00
       115  0.000000E+00  0.000000E+00  0.000000E+00
       116  2.729281E-04 -1.014757E-04  1.880701E-01
       117 -8.229871E-01  2.164099E-06  1.187951E-03
       118  0.000000E+00  0.000000E+00  0.000000E+00
       119  0.000000E+00  0.000000E+00  0.000000E+00
       120  2.774263E-04  1.016119E-04  1.880701E-01
       121  8.229871E-01  4.767899E-06 -1.159337E-03
       122  0.000000E+00  0.000000E+00  0.000000E+00
       123  0.000000E+00  0.000000E+00  0.000000E+00
       124 -1.991675E-04 -2.359965E-09 -1.361250E-01
       125  7.467943E-10  1.641209E-06  2.297711E-06
       126  0.000000E+00  0.000000E+00  0.000000E+00

                    E I G E N V A L U E    N U M B E R    17


 displacements (vx,vy,vz) for set OBS and time  0.2000000E+01

         1 -2.595850E-01  2.879669E-06  3.766945E-04
         2 -8.102551E-02  8.926549E-07  1.176120E-04
         3 -1.698652E-01  1.881351E-06  2.465148E-04
         4  9.899341E-02 -1.060245E-06 -1.438013E-04
         5  1.797672E-02 -2.025487E-07 -2.609035E-05
         6  1.735804E-01 -1.795722E-06 -2.523124E-04
         7  1.528061E-01 -1.595848E-06 -2.220574E-04
         8  1.150689E-01 -1.319199E-06 -1.673114E-04
         9  1.596061E-01 -1.677976E-06 -2.320475E-04
        10 -2.791217E-02 -3.012391E-07  4.068776E-05
        11  4.843789E-02 -8.252743E-07 -7.040551E-05
        12 -1.560030E-01  4.922415E-07  2.272415E-04
        13 -1.003039E-01  1.643925E-07  1.460764E-04
        14 -1.823786E-01  6.589304E-07  2.658892E-04
        15 -1.849520E-01  6.544854E-07  2.695055E-04
        16 -8.951502E-02  3.311911E-07  1.308980E-04
        17 -1.484507E-01  5.368145E-07  2.166111E-04
        18 -8.951502E-02 -1.186237E-07  1.310422E-04
        19  1.361250E-01 -2.175608E-07 -1.991674E-04
        20 -1.823786E-01 -1.371463E-07  2.677879E-04
        21 -1.484507E-01 -1.287436E-07  2.177876E-04
        22 -1.560030E-01 -4.943278E-08  2.292505E-04
        23 -1.849520E-01 -1.216080E-07  2.716991E-04
        24 -2.791218E-02  3.185481E-07  4.098592E-05
        25 -1.003039E-01  9.556541E-08  1.474283E-04
        26  1.150689E-01  8.959875E-07 -1.694011E-04
        27  4.843789E-02  6.034025E-07 -7.133375E-05
        28  1.735804E-01  1.183743E-06 -2.556184E-04
        29  1.596061E-01  1.111647E-06 -2.349893E-04
        30  9.899341E-02  7.144700E-07 -1.458792E-04
        31  1.528061E-01  1.056607E-06 -2.250874E-04
        32 -8.102550E-02 -3.841043E-07  1.194935E-04
        33  1.797672E-02  2.110057E-07 -2.651636E-05
        34 -2.595850E-01 -1.439790E-06  3.829396E-04
        35 -1.698652E-01 -9.091162E-07  2.505674E-04
        36  0.000000E+00  0.000000E+00  0.000000E+00
        37 -1.141910E-03  1.915149E-04 -7.910948E-01
        38 -8.102551E-02  8.926549E-07  1.176120E-04
        39  0.000000E+00  0.000000E+00  0.000000E+00
        40  0.000000E+00  0.000000E+00  0.000000E+00
        41  0.000000E+00  0.000000E+00  0.000000E+00
        42 -7.442788E-04  1.336256E-04 -5.163063E-01
        43  9.899341E-02 -1.060245E-06 -1.438013E-04
        44  0.000000E+00  0.000000E+00  0.000000E+00
        45  0.000000E+00  0.000000E+00  0.000000E+00
        46  0.000000E+00  0.000000E+00  0.000000E+00
        47 -3.922738E-05  2.714692E-05 -2.682613E-02
        48  1.735804E-01 -1.795722E-06 -2.523124E-04
        49  0.000000E+00  0.000000E+00  0.000000E+00
        50  0.000000E+00  0.000000E+00  0.000000E+00
        51  0.000000E+00  0.000000E+00  0.000000E+00
        52  6.083580E-04 -7.119364E-05  4.236488E-01
        53  1.150689E-01 -1.319199E-06 -1.673114E-04
        54  0.000000E+00  0.000000E+00  0.000000E+00
        55  0.000000E+00  0.000000E+00  0.000000E+00
        56  0.000000E+00  0.000000E+00  0.000000E+00
        57  8.143220E-04 -1.134812E-04  5.671965E-01
        58 -2.791217E-02 -3.012391E-07  4.068776E-05
        59  0.000000E+00  0.000000E+00  0.000000E+00
        60  0.000000E+00  0.000000E+00  0.000000E+00
        61  0.000000E+00  0.000000E+00  0.000000E+00
        62  4.634300E-04 -9.691244E-05  3.228373E-01
        63 -1.560030E-01  4.922415E-07  2.272415E-04
        64  0.000000E+00  0.000000E+00  0.000000E+00
        65  0.000000E+00  0.000000E+00  0.000000E+00
        66  0.000000E+00  0.000000E+00  0.000000E+00
        67 -1.979132E-04 -5.312858E-05 -1.391824E-01
        68 -1.823786E-01  6.589304E-07  2.658892E-04
        69  0.000000E+00  0.000000E+00  0.000000E+00
        70  0.000000E+00  0.000000E+00  0.000000E+00
        71  0.000000E+00  0.000000E+00  0.000000E+00
        72 -7.205529E-04 -1.526601E-05 -5.054967E-01
        73 -8.951502E-02  3.311911E-07  1.308980E-04
        74  0.000000E+00  0.000000E+00  0.000000E+00
        75  0.000000E+00  0.000000E+00  0.000000E+00
        76  0.000000E+00  0.000000E+00  0.000000E+00
        77  7.212831E-04 -1.536462E-05  5.054967E-01
        78 -8.951502E-02 -1.186237E-07  1.310422E-04
        79  0.000000E+00  0.000000E+00  0.000000E+00
        80  0.000000E+00  0.000000E+00  0.000000E+00
        81  0.000000E+00  0.000000E+00  0.000000E+00
        82  1.990672E-04 -5.327468E-05  1.391825E-01
        83 -1.823786E-01 -1.371463E-07  2.677879E-04
        84  0.000000E+00  0.000000E+00  0.000000E+00
        85  0.000000E+00  0.000000E+00  0.000000E+00
        86  0.000000E+00  0.000000E+00  0.000000E+00
        87 -4.574889E-04 -9.711025E-05 -3.228373E-01
        88 -1.560030E-01 -4.943278E-08  2.292505E-04
        89  0.000000E+00  0.000000E+00  0.000000E+00
        90  0.000000E+00  0.000000E+00  0.000000E+00
        91  0.000000E+00  0.000000E+00  0.000000E+00
        92 -8.036549E-04 -1.137029E-04 -5.671965E-01
        93 -2.791218E-02  3.185481E-07  4.098592E-05
        94  0.000000E+00  0.000000E+00  0.000000E+00
        95  0.000000E+00  0.000000E+00  0.000000E+00
        96  0.000000E+00  0.000000E+00  0.000000E+00
        97 -6.001494E-04 -7.136949E-05 -4.236489E-01
        98  1.150689E-01  8.959875E-07 -1.694011E-04
        99  0.000000E+00  0.000000E+00  0.000000E+00
       100  0.000000E+00  0.000000E+00  0.000000E+00
       101  0.000000E+00  0.000000E+00  0.000000E+00
       102  3.726135E-05  2.707145E-05  2.682612E-02
       103  1.735804E-01  1.183743E-06 -2.556184E-04
       104  0.000000E+00  0.000000E+00  0.000000E+00
       105  0.000000E+00  0.000000E+00  0.000000E+00
       106  0.000000E+00  0.000000E+00  0.000000E+00
       107  7.283842E-04  1.336616E-04  5.163063E-01
       108  9.899341E-02  7.144700E-07 -1.458792E-04
       109  0.000000E+00  0.000000E+00  0.000000E+00
       110  0.000000E+00  0.000000E+00  0.000000E+00
       111  0.000000E+00  0.000000E+00  0.000000E+00
       112  1.114426E-03  1.916239E-04  7.910948E-01
       113 -8.102550E-02 -3.841043E-07  1.194935E-04
       114  0.000000E+00  0.000000E+00  0.000000E+00
       115  0.000000E+00  0.000000E+00  0.000000E+00
       116 -1.880701E-01  2.083932E-06  2.729293E-04
       117 -1.187951E-03  1.978036E-04 -8.229871E-01
       118  0.000000E+00  0.000000E+00  0.000000E+00
       119  0.000000E+00  0.000000E+00  0.000000E+00
       120 -1.880701E-01 -1.016757E-06  2.774268E-04
       121  1.159336E-03  1.979213E-04  8.229871E-01
       122  0.000000E+00  0.000000E+00  0.000000E+00
       123  0.000000E+00  0.000000E+00  0.000000E+00
       124  1.361250E-01 -2.175608E-07 -1.991674E-04
       125 -2.297586E-06  1.110605E-04  7.787700E-10
       126  0.000000E+00  0.000000E+00  0.000000E+00

                    E I G E N V A L U E    N U M B E R    18


 displacements (vx,vy,vz) for set OBS and time  0.2000000E+01

         1 -1.708708E-06 -1.696368E-01 -9.613582E-05
         2 -1.746662E-06 -1.684614E-01 -8.444827E-05
         3 -1.731749E-06 -1.693365E-01 -9.043873E-05
         4 -1.670551E-06 -1.639675E-01 -6.797783E-05
         5 -1.737255E-06 -1.666296E-01 -7.669993E-05
         6 -1.279339E-06 -1.561943E-01 -4.541180E-05
         7 -1.520407E-06 -1.604818E-01 -5.770433E-05
         8 -5.509960E-07 -1.452968E-01 -1.448273E-05
         9 -9.508716E-07 -1.511235E-01 -3.088752E-05
        10  3.023859E-07 -1.314930E-01  2.017525E-05
        11 -1.145971E-07 -1.387420E-01  2.985133E-06
        12  8.867814E-07 -1.150588E-01  4.756157E-05
        13  6.474322E-07 -1.235851E-01  3.553796E-05
        14  9.718454E-07 -9.632303E-02  5.741732E-05
        15  9.973109E-07 -1.059561E-01  5.504274E-05
        16  6.153143E-07 -7.566040E-02  4.783280E-05
        17  8.279810E-07 -8.620745E-02  5.474724E-05
        18  1.206199E-06  7.566040E-02  4.787550E-05
        19  4.068887E-07  1.032772E-11  1.897071E-05
        20  1.088573E-06  9.632303E-02  5.743907E-05
        21  1.208707E-06  8.620745E-02  5.478102E-05
        22  6.326573E-07  1.150588E-01  4.756353E-05
        23  8.828808E-07  1.059561E-01  5.505297E-05
        24  1.498069E-07  1.314930E-01  2.017529E-05
        25  3.759869E-07  1.235851E-01  3.553658E-05
        26 -1.368927E-07  1.452968E-01 -1.447395E-05
        27 -1.936239E-08  1.387420E-01  2.989558E-06
        28 -3.261511E-07  1.561943E-01 -4.540803E-05
        29 -2.289398E-07  1.511235E-01 -3.087779E-05
        30 -6.466676E-07  1.639675E-01 -6.801468E-05
        31 -4.562539E-07  1.604818E-01 -5.771600E-05
        32 -1.235613E-06  1.684614E-01 -8.455808E-05
        33 -9.115330E-07  1.666296E-01 -7.677028E-05
        34 -1.818887E-06  1.696368E-01 -9.631584E-05
        35 -1.527235E-06  1.693365E-01 -9.058360E-05
        36  0.000000E+00  0.000000E+00  0.000000E+00
        37  5.153289E-05 -2.695904E-06  1.615323E-07
        38 -1.746662E-06 -1.684614E-01 -8.444827E-05
        39  0.000000E+00  0.000000E+00  0.000000E+00
        40  0.000000E+00  0.000000E+00  0.000000E+00
        41  0.000000E+00  0.000000E+00  0.000000E+00
        42  6.108555E-05 -2.788262E-06 -5.823372E-07
        43 -1.670551E-06 -1.639675E-01 -6.797783E-05
        44  0.000000E+00  0.000000E+00  0.000000E+00
        45  0.000000E+00  0.000000E+00  0.000000E+00
        46  0.000000E+00  0.000000E+00  0.000000E+00
        47  8.702502E-05 -2.533161E-06 -1.829450E-06
        48 -1.279339E-06 -1.561943E-01 -4.541180E-05
        49  0.000000E+00  0.000000E+00  0.000000E+00
        50  0.000000E+00  0.000000E+00  0.000000E+00
        51  0.000000E+00  0.000000E+00  0.000000E+00
        52  1.123109E-04 -2.601611E-06 -2.807178E-06
        53 -5.509960E-07 -1.452968E-01 -1.448273E-05
        54  0.000000E+00  0.000000E+00  0.000000E+00
        55  0.000000E+00  0.000000E+00  0.000000E+00
        56  0.000000E+00  0.000000E+00  0.000000E+00
        57  1.076959E-04 -2.265120E-06 -2.503424E-06
        58  3.023859E-07 -1.314930E-01  2.017525E-05
        59  0.000000E+00  0.000000E+00  0.000000E+00
        60  0.000000E+00  0.000000E+00  0.000000E+00
        61  0.000000E+00  0.000000E+00  0.000000E+00
        62  5.989996E-05 -2.215526E-06 -9.624927E-07
        63  8.867814E-07 -1.150588E-01  4.756157E-05
        64  0.000000E+00  0.000000E+00  0.000000E+00
        65  0.000000E+00  0.000000E+00  0.000000E+00
        66  0.000000E+00  0.000000E+00  0.000000E+00
        67 -1.272669E-05 -1.848981E-06  9.869521E-07
        68  9.718454E-07 -9.632303E-02  5.741732E-05
        69  0.000000E+00  0.000000E+00  0.000000E+00
        70  0.000000E+00  0.000000E+00  0.000000E+00
        71  0.000000E+00  0.000000E+00  0.000000E+00
        72 -7.268565E-05 -1.657832E-06  1.954212E-06
        73  6.153143E-07 -7.566040E-02  4.783280E-05
        74  0.000000E+00  0.000000E+00  0.000000E+00
        75  0.000000E+00  0.000000E+00  0.000000E+00
        76  0.000000E+00  0.000000E+00  0.000000E+00
        77  7.265234E-05  1.432764E-06 -5.901063E-07
        78  1.206199E-06  7.566040E-02  4.787550E-05
        79  0.000000E+00  0.000000E+00  0.000000E+00
        80  0.000000E+00  0.000000E+00  0.000000E+00
        81  0.000000E+00  0.000000E+00  0.000000E+00
        82  1.264894E-05  1.691499E-06  1.148396E-06
        83  1.088573E-06  9.632303E-02  5.743907E-05
        84  0.000000E+00  0.000000E+00  0.000000E+00
        85  0.000000E+00  0.000000E+00  0.000000E+00
        86  0.000000E+00  0.000000E+00  0.000000E+00
        87 -5.992981E-05  2.128741E-06  1.766247E-06
        88  6.326573E-07  1.150588E-01  4.756353E-05
        89  0.000000E+00  0.000000E+00  0.000000E+00
        90  0.000000E+00  0.000000E+00  0.000000E+00
        91  0.000000E+00  0.000000E+00  0.000000E+00
        92 -1.076568E-04  2.239883E-06  1.299551E-06
        93  1.498069E-07  1.314930E-01  2.017529E-05
        94  0.000000E+00  0.000000E+00  0.000000E+00
        95  0.000000E+00  0.000000E+00  0.000000E+00
        96  0.000000E+00  0.000000E+00  0.000000E+00
        97 -1.122731E-04  2.624053E-06  5.576787E-07
        98 -1.368927E-07  1.452968E-01 -1.447395E-05
        99  0.000000E+00  0.000000E+00  0.000000E+00
       100  0.000000E+00  0.000000E+00  0.000000E+00
       101  0.000000E+00  0.000000E+00  0.000000E+00
       102 -8.709016E-05  2.583815E-06  6.523934E-07
       103 -3.261511E-07  1.561943E-01 -4.540803E-05
       104  0.000000E+00  0.000000E+00  0.000000E+00
       105  0.000000E+00  0.000000E+00  0.000000E+00
       106  0.000000E+00  0.000000E+00  0.000000E+00
       107 -6.129716E-05  2.850189E-06  1.576834E-06
       108 -6.466676E-07  1.639675E-01 -6.801468E-05
       109  0.000000E+00  0.000000E+00  0.000000E+00
       110  0.000000E+00  0.000000E+00  0.000000E+00
       111  0.000000E+00  0.000000E+00  0.000000E+00
       112 -5.183989E-05  2.765906E-06  2.519766E-06
       113 -1.235613E-06  1.684614E-01 -8.455808E-05
       114  0.000000E+00  0.000000E+00  0.000000E+00
       115  0.000000E+00  0.000000E+00  0.000000E+00
       116 -1.727714E-06 -1.694443E-01 -9.162304E-05
       117  5.120742E-05 -2.732751E-06  2.303059E-07
       118  0.000000E+00  0.000000E+00  0.000000E+00
       119  0.000000E+00  0.000000E+00  0.000000E+00
       120 -1.586643E-06  1.694443E-01 -9.177506E-05
       121 -5.152788E-05  2.814226E-06  2.646114E-06
       122  0.000000E+00  0.000000E+00  0.000000E+00
       123  0.000000E+00  0.000000E+00  0.000000E+00
       124  4.068887E-07  1.032772E-11  1.897071E-05
       125  5.074996E-08 -1.377798E-07 -6.400231E-07
       126  0.000000E+00  0.000000E+00  0.000000E+00

                    E I G E N V A L U E    N U M B E R    19


 displacements (vx,vy,vz) for set OBS and time  0.2000000E+01

         1  5.032455E-02  1.479444E-04 -2.579468E-01
         2  8.572166E-03  2.847175E-05 -4.393800E-02
         3  2.925361E-02  8.760159E-05 -1.499442E-01
         4 -2.814314E-02 -7.322467E-05  1.442534E-01
         5 -1.313739E-02 -3.246428E-05  6.733819E-02
         6 -2.968759E-02 -7.915881E-05  1.521704E-01
         7 -3.384175E-02 -8.835245E-05  1.734632E-01
         8  2.796958E-04 -1.752822E-05 -1.433883E-03
         9 -1.711503E-02 -5.204894E-05  8.772708E-02
        10  3.117251E-02  3.653774E-05 -1.597834E-01
        11  1.790119E-02  1.457763E-05 -9.175751E-02
        12  3.276520E-02  4.193092E-05 -1.679479E-01
        13  3.655278E-02  4.533006E-05 -1.873618E-01
        14  3.436245E-03  1.616801E-05 -1.761443E-02
        15  2.065223E-02  3.056763E-05 -1.058598E-01
        16 -2.838157E-02 -4.642750E-06  1.454764E-01
        17 -1.446406E-02  3.943119E-06  7.413857E-02
        18  2.837878E-02 -4.782345E-06 -1.454770E-01
        19  5.742227E-07  2.662156E-06  1.126294E-07
        20 -3.436341E-03  1.614348E-05  1.761441E-02
        21  1.446249E-02  3.851598E-06 -7.413887E-02
        22 -3.276279E-02  4.201455E-05  1.679484E-01
        23 -2.065091E-02  3.060695E-05  1.058600E-01
        24 -3.116998E-02  3.660128E-05  1.597839E-01
        25 -3.654992E-02  4.542450E-05  1.873624E-01
        26 -2.797563E-04 -1.762102E-05  1.433873E-03
        27 -1.789971E-02  1.457405E-05  9.175780E-02
        28  2.968457E-02 -7.942227E-05 -1.521710E-01
        29  1.711334E-02 -5.223760E-05 -8.772741E-02
        30  2.814003E-02 -7.347657E-05 -1.442540E-01
        31  3.383817E-02 -8.864080E-05 -1.734639E-01
        32 -8.571072E-03  2.851116E-05  4.393821E-02
        33  1.313587E-02 -3.260447E-05 -6.733849E-02
        34 -5.031824E-02  1.483364E-04  2.579480E-01
        35 -2.924993E-02  8.781558E-05  1.499449E-01
        36  0.000000E+00  0.000000E+00  0.000000E+00
        37  9.183715E-01 -6.833207E-05  1.791782E-01
        38  8.572166E-03  2.847175E-05 -4.393800E-02
        39  0.000000E+00  0.000000E+00  0.000000E+00
        40  0.000000E+00  0.000000E+00  0.000000E+00
        41  0.000000E+00  0.000000E+00  0.000000E+00
        42  4.065634E-01 -4.012091E-05  7.932297E-02
        43 -2.814314E-02 -7.322467E-05  1.442534E-01
        44  0.000000E+00  0.000000E+00  0.000000E+00
        45  0.000000E+00  0.000000E+00  0.000000E+00
        46  0.000000E+00  0.000000E+00  0.000000E+00
        47 -3.253319E-01  2.929033E-07 -6.347565E-02
        48 -2.968759E-02 -7.915881E-05  1.521704E-01
        49  0.000000E+00  0.000000E+00  0.000000E+00
        50  0.000000E+00  0.000000E+00  0.000000E+00
        51  0.000000E+00  0.000000E+00  0.000000E+00
        52 -6.827730E-01  2.394081E-05 -1.332169E-01
        53  2.796958E-04 -1.752822E-05 -1.433883E-03
        54  0.000000E+00  0.000000E+00  0.000000E+00
        55  0.000000E+00  0.000000E+00  0.000000E+00
        56  0.000000E+00  0.000000E+00  0.000000E+00
        57 -3.637714E-01  2.097939E-05 -7.097592E-02
        58  3.117251E-02  3.653774E-05 -1.597834E-01
        59  0.000000E+00  0.000000E+00  0.000000E+00
        60  0.000000E+00  0.000000E+00  0.000000E+00
        61  0.000000E+00  0.000000E+00  0.000000E+00
        62  3.101656E-01  5.738414E-06  6.051914E-02
        63  3.276520E-02  4.193092E-05 -1.679479E-01
        64  0.000000E+00  0.000000E+00  0.000000E+00
        65  0.000000E+00  0.000000E+00  0.000000E+00
        66  0.000000E+00  0.000000E+00  0.000000E+00
        67  6.848676E-01 -2.998912E-06  1.336307E-01
        68  3.436245E-03  1.616801E-05 -1.761443E-02
        69  0.000000E+00  0.000000E+00  0.000000E+00
        70  0.000000E+00  0.000000E+00  0.000000E+00
        71  0.000000E+00  0.000000E+00  0.000000E+00
        72  3.901034E-01  7.253249E-08  7.611872E-02
        73 -2.838157E-02 -4.642750E-06  1.454764E-01
        74  0.000000E+00  0.000000E+00  0.000000E+00
        75  0.000000E+00  0.000000E+00  0.000000E+00
        76  0.000000E+00  0.000000E+00  0.000000E+00
        77  3.901038E-01  6.813321E-06  7.611712E-02
        78  2.837878E-02 -4.782345E-06 -1.454770E-01
        79  0.000000E+00  0.000000E+00  0.000000E+00
        80  0.000000E+00  0.000000E+00  0.000000E+00
        81  0.000000E+00  0.000000E+00  0.000000E+00
        82  6.848667E-01  6.805505E-06  1.336350E-01
        83 -3.436341E-03  1.614348E-05  1.761441E-02
        84  0.000000E+00  0.000000E+00  0.000000E+00
        85  0.000000E+00  0.000000E+00  0.000000E+00
        86  0.000000E+00  0.000000E+00  0.000000E+00
        87  3.101652E-01 -4.121215E-06  6.052121E-02
        88 -3.276279E-02  4.201455E-05  1.679484E-01
        89  0.000000E+00  0.000000E+00  0.000000E+00
        90  0.000000E+00  0.000000E+00  0.000000E+00
        91  0.000000E+00  0.000000E+00  0.000000E+00
        92 -3.637699E-01 -2.133943E-05 -7.098351E-02
        93 -3.116998E-02  3.660128E-05  1.597839E-01
        94  0.000000E+00  0.000000E+00  0.000000E+00
        95  0.000000E+00  0.000000E+00  0.000000E+00
        96  0.000000E+00  0.000000E+00  0.000000E+00
        97 -6.827703E-01 -2.696977E-05 -1.332309E-01
        98 -2.797563E-04 -1.762102E-05  1.433873E-03
        99  0.000000E+00  0.000000E+00  0.000000E+00
       100  0.000000E+00  0.000000E+00  0.000000E+00
       101  0.000000E+00  0.000000E+00  0.000000E+00
       102 -3.253305E-01 -6.370884E-06 -6.348302E-02
       103  2.968457E-02 -7.942227E-05 -1.521710E-01
       104  0.000000E+00  0.000000E+00  0.000000E+00
       105  0.000000E+00  0.000000E+00  0.000000E+00
       106  0.000000E+00  0.000000E+00  0.000000E+00
       107  4.065609E-01  3.053330E-05  7.933578E-02
       108  2.814003E-02 -7.347657E-05 -1.442540E-01
       109  0.000000E+00  0.000000E+00  0.000000E+00
       110  0.000000E+00  0.000000E+00  0.000000E+00
       111  0.000000E+00  0.000000E+00  0.000000E+00
       112  9.183652E-01  5.601776E-05  1.792103E-01
       113 -8.571072E-03  2.851116E-05  4.393821E-02
       114  0.000000E+00  0.000000E+00  0.000000E+00
       115  0.000000E+00  0.000000E+00  0.000000E+00
       116  3.351425E-02  9.979527E-05 -1.717828E-01
       117  9.838402E-01 -7.200692E-05  1.919515E-01
       118  0.000000E+00  0.000000E+00  0.000000E+00
       119  0.000000E+00  0.000000E+00  0.000000E+00
       120 -3.351004E-02  1.000452E-04  1.717836E-01
       121  9.838335E-01  5.931703E-05  1.919858E-01
       122  0.000000E+00  0.000000E+00  0.000000E+00
       123  0.000000E+00  0.000000E+00  0.000000E+00
       124  5.742227E-07  2.662156E-06  1.126294E-07
       125 -4.330909E-01  5.926041E-06 -8.450570E-02
       126  0.000000E+00  0.000000E+00  0.000000E+00

                    E I G E N V A L U E    N U M B E R    20


 displacements (vx,vy,vz) for set OBS and time  0.2000000E+01

         1  2.579468E-01 -3.186549E-05  5.032454E-02
         2  4.393801E-02 -5.905821E-06  8.572164E-03
         3  1.499442E-01 -1.875452E-05  2.925360E-02
         4 -1.442534E-01  1.621053E-05 -2.814314E-02
         5 -6.733820E-02  7.351594E-06 -1.313739E-02
         6 -1.521705E-01  1.747311E-05 -2.968758E-02
         7 -1.734632E-01  1.948693E-05 -3.384174E-02
         8  1.433881E-03  3.988209E-06  2.796983E-04
         9 -8.772709E-02  1.154360E-05 -1.711503E-02
        10  1.597834E-01 -7.872377E-06  3.117251E-02
        11  9.175751E-02 -3.043267E-06  1.790119E-02
        12  1.679479E-01 -9.079372E-06  3.276520E-02
        13  1.873618E-01 -9.821218E-06  3.655278E-02
        14  1.761443E-02 -3.347724E-06  3.436242E-03
        15  1.058598E-01 -6.563053E-06  2.065223E-02
        16 -1.454764E-01  1.366941E-06 -2.838157E-02
        17 -7.413857E-02 -5.829483E-07 -1.446406E-02
        18  1.454770E-01  6.387934E-07  2.837878E-02
        19 -1.126331E-07 -5.947897E-07  5.741664E-07
        20 -1.761441E-02 -3.621494E-06 -3.436339E-03
        21  7.413887E-02 -1.121731E-06  1.446250E-02
        22 -1.679484E-01 -8.954681E-06 -3.276279E-02
        23 -1.058600E-01 -6.595050E-06 -2.065090E-02
        24 -1.597839E-01 -7.842284E-06 -3.116998E-02
        25 -1.873624E-01 -9.668738E-06 -3.654992E-02
        26 -1.433871E-03  3.488080E-06 -2.797586E-04
        27 -9.175780E-02 -3.249963E-06 -1.789971E-02
        28  1.521710E-01  1.642706E-05  2.968456E-02
        29  8.772742E-02  1.073535E-05  1.711333E-02
        30  1.442540E-01  1.517544E-05  2.814002E-02
        31  1.734639E-01  1.835815E-05  3.383816E-02
        32 -4.393822E-02 -6.073070E-06 -8.571070E-03
        33  6.733850E-02  6.639667E-06  1.313587E-02
        34 -2.579480E-01 -3.094732E-05 -5.031823E-02
        35 -1.499449E-01 -1.838481E-05 -2.924993E-02
        36  0.000000E+00  0.000000E+00  0.000000E+00
        37 -1.791783E-01 -2.926097E-04  9.183714E-01
        38  4.393801E-02 -5.905821E-06  8.572164E-03
        39  0.000000E+00  0.000000E+00  0.000000E+00
        40  0.000000E+00  0.000000E+00  0.000000E+00
        41  0.000000E+00  0.000000E+00  0.000000E+00
        42 -7.932297E-02 -1.674330E-04  4.065634E-01
        43 -1.442534E-01  1.621053E-05 -2.814314E-02
        44  0.000000E+00  0.000000E+00  0.000000E+00
        45  0.000000E+00  0.000000E+00  0.000000E+00
        46  0.000000E+00  0.000000E+00  0.000000E+00
        47  6.347565E-02  1.335372E-05 -3.253320E-01
        48 -1.521705E-01  1.747311E-05 -2.968758E-02
        49  0.000000E+00  0.000000E+00  0.000000E+00
        50  0.000000E+00  0.000000E+00  0.000000E+00
        51  0.000000E+00  0.000000E+00  0.000000E+00
        52  1.332169E-01  1.170093E-04 -6.827730E-01
        53  1.433881E-03  3.988209E-06  2.796983E-04
        54  0.000000E+00  0.000000E+00  0.000000E+00
        55  0.000000E+00  0.000000E+00  0.000000E+00
        56  0.000000E+00  0.000000E+00  0.000000E+00
        57  7.097592E-02  9.742157E-05 -3.637714E-01
        58  1.597834E-01 -7.872377E-06  3.117251E-02
        59  0.000000E+00  0.000000E+00  0.000000E+00
        60  0.000000E+00  0.000000E+00  0.000000E+00
        61  0.000000E+00  0.000000E+00  0.000000E+00
        62 -6.051915E-02  2.230535E-05  3.101656E-01
        63  1.679479E-01 -9.079372E-06  3.276520E-02
        64  0.000000E+00  0.000000E+00  0.000000E+00
        65  0.000000E+00  0.000000E+00  0.000000E+00
        66  0.000000E+00  0.000000E+00  0.000000E+00
        67 -1.336307E-01 -2.298880E-05  6.848676E-01
        68  1.761443E-02 -3.347724E-06  3.436242E-03
        69  0.000000E+00  0.000000E+00  0.000000E+00
        70  0.000000E+00  0.000000E+00  0.000000E+00
        71  0.000000E+00  0.000000E+00  0.000000E+00
        72 -7.611871E-02 -1.558898E-05  3.901034E-01
        73 -1.454764E-01  1.366941E-06 -2.838157E-02
        74  0.000000E+00  0.000000E+00  0.000000E+00
        75  0.000000E+00  0.000000E+00  0.000000E+00
        76  0.000000E+00  0.000000E+00  0.000000E+00
        77 -7.611710E-02  1.401216E-05  3.901037E-01
        78  1.454770E-01  6.387934E-07  2.837878E-02
        79  0.000000E+00  0.000000E+00  0.000000E+00
        80  0.000000E+00  0.000000E+00  0.000000E+00
        81  0.000000E+00  0.000000E+00  0.000000E+00
        82 -1.336350E-01  2.211127E-05  6.848667E-01
        83 -1.761441E-02 -3.621494E-06 -3.436339E-03
        84  0.000000E+00  0.000000E+00  0.000000E+00
        85  0.000000E+00  0.000000E+00  0.000000E+00
        86  0.000000E+00  0.000000E+00  0.000000E+00
        87 -6.052122E-02 -2.270877E-05  3.101652E-01
        88 -1.679484E-01 -8.954681E-06 -3.276279E-02
        89  0.000000E+00  0.000000E+00  0.000000E+00
        90  0.000000E+00  0.000000E+00  0.000000E+00
        91  0.000000E+00  0.000000E+00  0.000000E+00
        92  7.098351E-02 -9.741600E-05 -3.637699E-01
        93 -1.597839E-01 -7.842284E-06 -3.116998E-02
        94  0.000000E+00  0.000000E+00  0.000000E+00
        95  0.000000E+00  0.000000E+00  0.000000E+00
        96  0.000000E+00  0.000000E+00  0.000000E+00
        97  1.332309E-01 -1.163988E-04 -6.827703E-01
        98 -1.433871E-03  3.488080E-06 -2.797586E-04
        99  0.000000E+00  0.000000E+00  0.000000E+00
       100  0.000000E+00  0.000000E+00  0.000000E+00
       101  0.000000E+00  0.000000E+00  0.000000E+00
       102  6.348302E-02 -1.195291E-05 -3.253305E-01
       103  1.521710E-01  1.642706E-05  2.968456E-02
       104  0.000000E+00  0.000000E+00  0.000000E+00
       105  0.000000E+00  0.000000E+00  0.000000E+00
       106  0.000000E+00  0.000000E+00  0.000000E+00
       107 -7.933578E-02  1.697904E-04  4.065609E-01
       108  1.442540E-01  1.517544E-05  2.814002E-02
       109  0.000000E+00  0.000000E+00  0.000000E+00
       110  0.000000E+00  0.000000E+00  0.000000E+00
       111  0.000000E+00  0.000000E+00  0.000000E+00
       112 -1.792103E-01  2.956959E-04  9.183652E-01
       113 -4.393822E-02 -6.073070E-06 -8.571070E-03
       114  0.000000E+00  0.000000E+00  0.000000E+00
       115  0.000000E+00  0.000000E+00  0.000000E+00
       116  1.717828E-01 -2.140400E-05  3.351424E-02
       117 -1.919515E-01 -3.087671E-04  9.838402E-01
       118  0.000000E+00  0.000000E+00  0.000000E+00
       119  0.000000E+00  0.000000E+00  0.000000E+00
       120 -1.717836E-01 -2.092351E-05 -3.351003E-02
       121 -1.919858E-01  3.119561E-04  9.838335E-01
       122  0.000000E+00  0.000000E+00  0.000000E+00
       123  0.000000E+00  0.000000E+00  0.000000E+00
       124 -1.126331E-07 -5.947897E-07  5.741664E-07
       125  8.450569E-02 -1.358968E-06 -4.330909E-01
       126  0.000000E+00  0.000000E+00  0.000000E+00
