time_s,CD,CL,CM
1.200000000000000030e-04,5.004884407999999896e-01,3.580937403000000047e-02,-1.372963859000000085e-02
2.640000000000000202e-04,4.381138057999999780e-01,3.072302400999999891e-02,-1.286600291000000035e-02
4.367999999999999921e-04,4.577331201000000016e-01,3.085309485999999934e-02,-1.333072111999999976e-02
6.441599999999999583e-04,4.602893762999999971e-01,3.065085768000000085e-02,-1.362771322999999958e-02
8.929920000000000045e-04,4.643851243000000073e-01,2.983666864999999849e-02,-1.392244005999999923e-02
1.190830199999999995e-03,4.677929243999999764e-01,2.901851050000000057e-02,-1.415303029000000018e-02
1.537927900000000004e-03,4.689651168000000259e-01,2.830653713000000002e-02,-1.440312283999999922e-02
1.934275500000000010e-03,4.691328915999999905e-01,2.759951982000000137e-02,-1.470557446000000067e-02
2.379732700000000093e-03,4.680110782999999941e-01,2.709376730999999913e-02,-1.493580360000000030e-02
2.870217799999999833e-03,4.652728805999999939e-01,2.687470982999999938e-02,-1.492928074000000015e-02
3.361757099999999974e-03,4.626046290999999977e-01,2.675841396000000136e-02,-1.460389152000000045e-02
3.854742200000000046e-03,4.590473516999999948e-01,2.709071651000000136e-02,-1.397836407999999975e-02
4.348517900000000401e-03,4.556094494999999855e-01,2.749733488000000170e-02,-1.311322281000000013e-02
4.842420499999999794e-03,4.529709014000000145e-01,2.783913622999999865e-02,-1.205381103000000009e-02
5.336312200000000242e-03,4.513482937000000139e-01,2.832162283000000044e-02,-1.083883249999999937e-02
5.830526899999999811e-03,4.501031773999999985e-01,2.886885163000000101e-02,-9.628497058000000386e-03
6.325415800000000303e-03,4.488648517000000115e-01,2.933475543000000144e-02,-8.357372744999999256e-03
6.821056100000000288e-03,4.484464617999999736e-01,2.965723165000000092e-02,-7.163994528000000410e-03
7.317331699999999640e-03,4.483276662999999829e-01,2.990360888000000161e-02,-6.044900011999999705e-03
7.814079800000000089e-03,4.483300464000000152e-01,2.991509124000000033e-02,-5.003856949999999776e-03
8.311199700000000690e-03,4.482051326000000002e-01,2.983937856000000097e-02,-4.073808727000000074e-03
8.808663399999999699e-03,4.483736543999999880e-01,2.965609754999999972e-02,-3.219031332000000210e-03
9.306474299999999145e-03,4.486142296000000251e-01,2.924537145000000171e-02,-2.493229413000000103e-03
9.804636800000000527e-03,4.483042862000000128e-01,2.884601234000000111e-02,-1.856569550999999938e-03
1.030314300000000072e-02,4.480592123000000093e-01,2.834710488000000139e-02,-1.315337184000000105e-03
1.080197199999999996e-02,4.477491597000000101e-01,2.762673645000000150e-02,-8.574544413000000217e-04
1.130109200000000043e-02,4.475542899000000130e-01,2.668175396999999949e-02,-5.184670803000000425e-04
1.180046899999999920e-02,4.475160765999999790e-01,2.575958690999999995e-02,-2.548624024999999777e-04
1.230007800000000075e-02,4.471403825999999970e-01,2.491701028999999956e-02,-1.647889223999999902e-04
1.279989800000000053e-02,4.465853321000000098e-01,2.412764582000000158e-02,-1.548511117999999882e-04
1.329991500000000069e-02,4.459279595000000262e-01,2.303630815000000040e-02,-1.764369237000000090e-04
1.380011899999999958e-02,4.452625224000000270e-01,2.189394314000000022e-02,-1.999636702000000125e-04
1.430050300000000087e-02,4.443812109999999982e-01,2.090367220000000081e-02,-3.064617659000000026e-04
1.480105699999999941e-02,4.434296699999999980e-01,1.982788741999999896e-02,-4.037624475999999798e-04
1.530177100000000047e-02,4.422473164999999873e-01,1.856910357999999941e-02,-6.769721545000000019e-04
1.580263599999999838e-02,4.411671698999999891e-01,1.729112417000000165e-02,-1.029969832000000082e-03
1.630363900000000171e-02,4.404209916999999863e-01,1.583144600999999985e-02,-1.498489193000000080e-03
1.680477400000000149e-02,4.396587708999999955e-01,1.420240390000000047e-02,-1.938735617999999940e-03
1.730603299999999845e-02,4.390273201000000070e-01,1.254544798999999988e-02,-2.460894194000000021e-03
1.780741099999999869e-02,4.379487475000000130e-01,1.095510176999999960e-02,-2.944726248999999813e-03
1.830889499999999864e-02,4.365488775999999960e-01,9.421593137999999257e-03,-3.389824154999999863e-03
1.881047500000000011e-02,4.345806830000000232e-01,8.016086593000000191e-03,-3.800492311999999987e-03
1.931214300000000036e-02,4.328615702999999981e-01,6.644091456000000319e-03,-4.222630859999999819e-03
1.981389500000000151e-02,4.311725097999999923e-01,5.328169041000000057e-03,-4.591971795000000106e-03
2.031572400000000028e-02,4.294824998999999810e-01,4.397832160999999747e-03,-5.033023436000000177e-03
2.081762300000000038e-02,4.279892485999999829e-01,3.567161139999999991e-03,-5.495982622000000067e-03
2.131958800000000043e-02,4.268428781999999977e-01,2.779263949999999806e-03,-6.031396137999999948e-03
2.182161399999999959e-02,4.259065431999999873e-01,2.343449165999999823e-03,-6.524881201000000235e-03
2.232369699999999998e-02,4.252960123000000259e-01,2.115738544999999811e-03,-6.967779539000000348e-03
2.282583100000000129e-02,4.247764517000000017e-01,1.872035975999999978e-03,-7.400715569000000313e-03
2.332800800000000077e-02,4.243097945000000037e-01,1.827019125999999969e-03,-7.884812817000000362e-03
2.383022099999999865e-02,4.242004793999999968e-01,1.951487287999999947e-03,-8.379358087999999594e-03
2.433246299999999862e-02,4.239319114000000277e-01,2.255950556999999999e-03,-8.774117838000000669e-03
2.483472600000000141e-02,4.238289765000000098e-01,2.680209587000000060e-03,-9.134683083000000314e-03
2.533700599999999872e-02,4.234490859000000218e-01,3.320593187999999838e-03,-9.450528434999999269e-03
2.583929899999999960e-02,4.234602040000000067e-01,3.902328142999999909e-03,-9.890210284999999268e-03
2.634160400000000110e-02,4.238383950999999872e-01,4.445801172999999835e-03,-1.040321204000000006e-02
2.684392099999999975e-02,4.236856864999999916e-01,4.951515638999999698e-03,-1.089966082999999954e-02
2.734625400000000039e-02,4.236586191999999751e-01,5.323559186000000401e-03,-1.134005461000000062e-02
2.784861099999999881e-02,4.235002009000000123e-01,5.561889591000000223e-03,-1.173363715000000015e-02
2.835100499999999857e-02,4.238074148000000041e-01,5.844157939999999711e-03,-1.210262032000000015e-02
2.885344100000000050e-02,4.245318334000000027e-01,6.237586558000000198e-03,-1.238712278999999986e-02
2.935592399999999852e-02,4.252765255000000022e-01,6.518726338000000245e-03,-1.262993500999999921e-02
2.985845100000000113e-02,4.262826223999999775e-01,6.787198234000000295e-03,-1.277060822000000012e-02
3.036101299999999920e-02,4.270830266000000264e-01,7.166920224999999769e-03,-1.285405325000000057e-02
3.086360100000000092e-02,4.278818805999999864e-01,7.531966386999999936e-03,-1.287547929999999924e-02
3.136620300000000222e-02,4.290416380000000030e-01,7.804497470999999936e-03,-1.280898691000000034e-02
3.186881099999999689e-02,4.299279233000000144e-01,8.069112600999999579e-03,-1.262971708000000005e-02
3.237141600000000008e-02,4.304760147999999731e-01,8.432156091999999312e-03,-1.230104620999999954e-02
3.287401100000000159e-02,4.308733822999999963e-01,8.866705521999999548e-03,-1.186060897000000038e-02
3.337659400000000248e-02,4.314312437999999750e-01,9.528646398999999698e-03,-1.139155740999999930e-02
3.387916600000000222e-02,4.317131016999999904e-01,1.023198001999999981e-02,-1.081484243999999983e-02
3.438173299999999766e-02,4.320941511999999984e-01,1.106230448000000005e-02,-1.013173239000000024e-02
3.488430499999999740e-02,4.328353542000000220e-01,1.193872426999999931e-02,-9.382771736000000348e-03
3.538688899999999776e-02,4.337165085999999947e-01,1.283648528999999962e-02,-8.568827513999999895e-03
3.588949100000000253e-02,4.343966691999999741e-01,1.377265909999999920e-02,-7.744111270999999921e-03
3.639211099999999782e-02,4.343782279000000246e-01,1.485632347999999922e-02,-6.775385483999999889e-03
3.689474400000000015e-02,4.349553313999999782e-01,1.587386571000000066e-02,-5.803514453999999989e-03
3.739738199999999985e-02,4.352331712999999991e-01,1.696825575000000114e-02,-4.770888364999999881e-03
3.790002099999999902e-02,4.356318542000000016e-01,1.834060730999999972e-02,-3.692100416999999878e-03
3.840266099999999766e-02,4.365912912000000090e-01,1.962254800000000007e-02,-2.652512206000000143e-03
3.890530600000000061e-02,4.375352831000000053e-01,2.095319920000000141e-02,-1.609220795000000041e-03
3.940795700000000040e-02,4.384984122999999734e-01,2.241364133999999841e-02,-5.542769800000000181e-04
3.991061700000000240e-02,4.397364765999999814e-01,2.369219171000000110e-02,4.038453900999999986e-04
4.041329600000000133e-02,4.409626045000000216e-01,2.465459160999999844e-02,1.293557915999999893e-03
4.091601699999999897e-02,4.419536749999999903e-01,2.541780419000000055e-02,2.084296737999999892e-03
4.141880399999999657e-02,4.424938491000000029e-01,2.590207527000000162e-02,2.799317947000000070e-03
4.192166700000000273e-02,4.430920675000000197e-01,2.592353031999999891e-02,3.411727913000000070e-03
4.242459199999999708e-02,4.430712996999999764e-01,2.571608338000000091e-02,3.912128376999999754e-03
4.292755100000000129e-02,4.427413944999999962e-01,2.522191824999999929e-02,4.324958216999999841e-03
4.343051900000000076e-02,4.425264233999999797e-01,2.454930937000000118e-02,4.590093641999999988e-03
4.393348600000000076e-02,4.414616465999999795e-01,2.343428955000000091e-02,4.661579041999999728e-03
4.443644599999999750e-02,4.400435151000000045e-01,2.186561408999999900e-02,4.484924413000000026e-03
4.493939699999999898e-02,4.384085046000000263e-01,2.009031271999999965e-02,4.202288953000000299e-03
4.544233899999999826e-02,4.366776224000000206e-01,1.823422401999999845e-02,3.781322623999999830e-03
4.594526699999999797e-02,4.351709888999999998e-01,1.604606411999999829e-02,3.208065256999999802e-03
4.644817999999999864e-02,4.342907709000000116e-01,1.378205319000000081e-02,2.479678391000000089e-03
4.695107899999999973e-02,4.343368650000000164e-01,1.141991596999999969e-02,1.584337528999999953e-03
4.745396699999999968e-02,4.347268950000000021e-01,9.087177268999999460e-03,6.413168230000000289e-04
4.795684599999999742e-02,4.348408740999999966e-01,6.654750459999999972e-03,-3.628873890999999925e-04
4.845971799999999885e-02,4.355020458000000150e-01,4.225550041000000062e-03,-1.409231080000000053e-03
4.896258700000000186e-02,4.366332419000000242e-01,1.939789763999999906e-03,-2.476990535000000125e-03
4.946545299999999951e-02,4.376606249000000171e-01,-4.250805103999999771e-04,-3.631910991999999852e-03
4.996831899999999715e-02,4.387312514000000219e-01,-2.755473662999999990e-03,-4.755948694000000122e-03
5.047118899999999964e-02,4.392979904000000047e-01,-4.901876361000000182e-03,-5.838813766000000398e-03
5.097406799999999738e-02,4.397460673999999958e-01,-6.911526121999999814e-03,-6.913373686999999858e-03
5.147696200000000111e-02,4.400196727999999835e-01,-8.867888512000000542e-03,-7.980525411000000124e-03
5.197987700000000072e-02,4.397520612999999967e-01,-1.071521991000000049e-02,-9.102023433999999885e-03
5.248281800000000052e-02,4.391941153000000209e-01,-1.234394427999999967e-02,-1.008427301999999942e-02
5.298578699999999947e-02,4.376966055000000022e-01,-1.363651326000000011e-02,-1.091753336000000039e-02
5.348878399999999755e-02,4.360693687000000152e-01,-1.492868900000000019e-02,-1.176078038999999950e-02
5.399180499999999688e-02,4.349579443000000101e-01,-1.587701190999999887e-02,-1.248293470000000002e-02
5.449484100000000220e-02,4.336900600999999966e-01,-1.674666693999999831e-02,-1.318728243999999980e-02
5.499788299999999741e-02,4.329808359999999801e-01,-1.731406632999999903e-02,-1.381848618000000063e-02
5.550092000000000220e-02,4.321452424000000181e-01,-1.752020497999999885e-02,-1.438415321999999934e-02
5.600394399999999995e-02,4.318806332999999831e-01,-1.735344538999999964e-02,-1.486035467999999998e-02
5.650695299999999865e-02,4.311611357999999838e-01,-1.667273051000000075e-02,-1.513726680999999928e-02
5.700994699999999832e-02,4.306648357999999788e-01,-1.566251063999999846e-02,-1.530618584000000004e-02
5.751292999999999683e-02,4.304175922999999848e-01,-1.446914070000000080e-02,-1.535356197999999950e-02
5.801590699999999851e-02,4.310638494999999848e-01,-1.285114591999999938e-02,-1.533898954000000037e-02
5.851888200000000123e-02,4.323254664999999775e-01,-1.089192094000000083e-02,-1.518525670000000008e-02
5.902185800000000343e-02,4.337654229999999833e-01,-8.582807815999999798e-03,-1.492799361000000068e-02
5.952484200000000142e-02,4.351079809000000242e-01,-5.886972431999999873e-03,-1.443669405000000058e-02
6.002785100000000013e-02,4.365947210000000189e-01,-2.973668871000000047e-03,-1.389439615999999919e-02
6.053089899999999912e-02,4.373879995000000132e-01,1.169105269999999987e-04,-1.323698664000000011e-02
6.103399400000000113e-02,4.381306426000000087e-01,3.336838033999999821e-03,-1.249152023000000070e-02
6.153714200000000301e-02,4.385129497999999959e-01,6.667790772000000213e-03,-1.161913717000000006e-02
6.204034800000000210e-02,4.378358998999999918e-01,9.900116158999999402e-03,-1.075676121000000013e-02
6.254360800000000054e-02,4.372010445999999773e-01,1.292458764999999954e-02,-9.902794801000000188e-03
6.304691399999999557e-02,4.363663616999999828e-01,1.584236198000000054e-02,-9.038774871999999405e-03
6.355024400000000573e-02,4.355990900999999749e-01,1.851330175999999980e-02,-8.186118427000000503e-03
6.405356900000000464e-02,4.347782011999999918e-01,2.094730002000000021e-02,-7.379772546000000141e-03
6.455686300000000599e-02,4.336834978999999923e-01,2.316817059999999942e-02,-6.582932514999999783e-03
6.506011000000000433e-02,4.327061499000000033e-01,2.489035285999999930e-02,-5.922177162000000043e-03
6.556330999999999964e-02,4.322718268999999891e-01,2.623368238999999880e-02,-5.319431819000000096e-03
6.606646900000000266e-02,4.316476551999999800e-01,2.725254113999999936e-02,-4.751904710999999698e-03
6.656959799999999372e-02,4.313487379000000010e-01,2.808956894000000024e-02,-4.202389612000000108e-03
6.707270999999999372e-02,4.312121615999999769e-01,2.871270319999999834e-02,-3.690615029999999835e-03
6.757581000000000004e-02,4.316032039000000098e-01,2.890655866000000143e-02,-3.286277124000000147e-03
6.807890299999999617e-02,4.324686307000000229e-01,2.887337049999999863e-02,-2.909045211999999880e-03
6.858199900000000460e-02,4.328233555000000066e-01,2.837002283999999833e-02,-2.592706039000000021e-03
6.908511000000000513e-02,4.336562601999999766e-01,2.754954894999999890e-02,-2.401643607999999919e-03
6.958823799999999671e-02,4.346514498999999865e-01,2.655913928000000132e-02,-2.257299445999999890e-03
7.009137799999999585e-02,4.351531395000000080e-01,2.532883170999999933e-02,-2.107630140999999964e-03
7.059453100000000203e-02,4.348422087000000102e-01,2.376358339999999972e-02,-1.982466849000000080e-03
7.109769600000000189e-02,4.344579794000000272e-01,2.197882844000000058e-02,-1.859383812000000051e-03
7.160087499999999439e-02,4.346921161000000255e-01,1.992644597999999878e-02,-1.766623291000000073e-03
7.210405699999999918e-02,4.342971178999999737e-01,1.780165859000000170e-02,-1.683823045999999907e-03
7.260722099999999957e-02,4.336251064000000155e-01,1.559867508999999985e-02,-1.615513978000000057e-03
7.311034199999999483e-02,4.326744126000000024e-01,1.327412212999999966e-02,-1.600141109000000018e-03
7.361340600000000622e-02,4.318418878999999988e-01,1.098337012000000050e-02,-1.565147272000000020e-03
7.411640999999999369e-02,4.306022525000000045e-01,8.422291894999999612e-03,-1.637411311999999912e-03
7.461936399999999359e-02,4.293699980999999832e-01,5.856443929999999992e-03,-1.748043085000000000e-03
7.512227900000000014e-02,4.287881312999999861e-01,3.347691459000000196e-03,-1.886107140000000022e-03
7.562517300000000386e-02,4.290497656000000215e-01,8.086189893999999601e-04,-2.083815413999999793e-03
7.612805999999999740e-02,4.295088286000000033e-01,-1.332325081999999978e-03,-2.295241355999999826e-03
7.663094700000000481e-02,4.302537248000000147e-01,-3.126840787999999975e-03,-2.494310697999999830e-03
7.713384399999999308e-02,4.315646430000000255e-01,-4.707264075999999763e-03,-2.729020442999999935e-03
7.763676299999999753e-02,4.335567068999999774e-01,-5.964931960000000206e-03,-2.959016006000000053e-03
7.813971499999999848e-02,4.355164541000000056e-01,-7.072255989999999895e-03,-3.299749460000000155e-03
7.864269899999999647e-02,4.375783917000000134e-01,-7.913400519000000216e-03,-3.629990475999999872e-03
7.914571199999999307e-02,4.400093549999999909e-01,-8.586302549000000492e-03,-4.007966136999999845e-03
7.964875100000000374e-02,4.420870483000000073e-01,-8.995120335999999203e-03,-4.334803190000000028e-03
8.015181899999999915e-02,4.433231072000000106e-01,-9.505158285999999387e-03,-4.672960872000000293e-03
8.065490799999999738e-02,4.441251257000000119e-01,-1.009751849999999951e-02,-5.050244530000000225e-03
8.115800200000000686e-02,4.446568399999999976e-01,-1.087631973000000030e-02,-5.530666921000000277e-03
8.166107400000000016e-02,4.445371334000000063e-01,-1.132066839000000005e-02,-5.911468581000000298e-03
8.216410600000000064e-02,4.441680290999999725e-01,-1.204944418000000045e-02,-6.425215815999999955e-03
8.266709199999999758e-02,4.433536090999999901e-01,-1.274175441999999929e-02,-7.006902368999999575e-03
8.317003900000000116e-02,4.419430610999999787e-01,-1.334917566999999951e-02,-7.520907042999999681e-03
8.367295399999999383e-02,4.409585869000000047e-01,-1.375260600999999964e-02,-8.097192035999999440e-03
8.417585399999999440e-02,4.395464382000000003e-01,-1.384291655000000065e-02,-8.649675440999999437e-03
8.467875599999999392e-02,4.388044018000000213e-01,-1.401211089999999937e-02,-9.184187365999999311e-03
8.518166800000000205e-02,4.379145643999999837e-01,-1.398716248000000072e-02,-9.716743773000000722e-03
8.568459999999999965e-02,4.368446985000000171e-01,-1.373350937000000077e-02,-1.015543703000000055e-02
8.618756399999999429e-02,4.357525554000000190e-01,-1.311233583000000029e-02,-1.055773221000000026e-02
8.669057199999999352e-02,4.349914975999999989e-01,-1.202477675999999961e-02,-1.089895004000000084e-02
8.719362299999999788e-02,4.345877295999999723e-01,-1.102666444000000023e-02,-1.126184380000000082e-02
8.769671299999999559e-02,4.351624177999999787e-01,-9.839419203999999475e-03,-1.160526565000000003e-02
8.819984000000000157e-02,4.355633152999999758e-01,-8.335676646000000217e-03,-1.182978670000000079e-02
8.870300100000000354e-02,4.364103715000000050e-01,-6.416726951000000304e-03,-1.194668465000000082e-02
8.920619400000000254e-02,4.370829358000000164e-01,-3.885589356999999931e-03,-1.200740359000000007e-02
8.970940299999999312e-02,4.374165221999999908e-01,-1.204655199000000078e-03,-1.203677310000000021e-02
9.021260300000000232e-02,4.382263079000000006e-01,1.582926087999999990e-03,-1.197936240999999957e-02
9.071577200000000007e-02,4.390499350000000023e-01,4.644793946000000048e-03,-1.176043924000000004e-02
9.121890100000000501e-02,4.395228205000000221e-01,7.782999124999999581e-03,-1.145662884999999916e-02
9.172199100000000271e-02,4.404578262000000133e-01,1.122038015000000055e-02,-1.100129440000000014e-02
9.222504500000000549e-02,4.403302908999999765e-01,1.456513811000000047e-02,-1.035448335000000060e-02
9.272807399999999367e-02,4.401661746000000153e-01,1.773365375999999896e-02,-9.736941004999999372e-03
9.323109300000000099e-02,4.393884136000000273e-01,2.100099830000000042e-02,-9.005683768999999533e-03
9.373410799999999654e-02,4.379349097999999940e-01,2.402002040000000144e-02,-8.150305109000000048e-03
9.423712400000000544e-02,4.355469999000000092e-01,2.679653820000000089e-02,-7.199309576999999953e-03
9.474014599999999731e-02,4.333567472000000032e-01,2.963228577999999988e-02,-6.162424066999999846e-03
9.524318700000000693e-02,4.303469286000000116e-01,3.231644162999999792e-02,-5.027915081000000098e-03
9.574624399999999425e-02,4.276375465000000209e-01,3.462222319000000242e-02,-3.970630870999999722e-03
9.624931400000000248e-02,4.255623638000000097e-01,3.655824368999999879e-02,-2.951155564999999922e-03
9.675239099999999315e-02,4.234538780000000058e-01,3.798669527000000240e-02,-1.951405959000000094e-03
9.725547099999999612e-02,4.216890499000000014e-01,3.899386628999999826e-02,-9.754304201000000380e-04
9.775855499999999698e-02,4.207220720000000025e-01,3.993704097999999786e-02,-2.242338909000000119e-05
9.826162800000000364e-02,4.199995993000000261e-01,4.033918379999999748e-02,8.375375360999999649e-04
9.876466600000000096e-02,4.189346507999999747e-01,4.026437289999999780e-02,1.604191288999999966e-03
9.926764800000000000e-02,4.183618686999999725e-01,3.985107656999999776e-02,2.284346299000000139e-03
9.977056300000000655e-02,4.183385634999999825e-01,3.885254146000000075e-02,2.866641905999999917e-03
1.002734099999999934e-01,4.189277979000000096e-01,3.742980711999999849e-02,3.305582916999999857e-03
1.007761999999999963e-01,4.192302252999999812e-01,3.567188545000000294e-02,3.631526474000000212e-03
1.012789300000000031e-01,4.192520753999999794e-01,3.341382872999999754e-02,3.813092800999999966e-03
1.017816299999999979e-01,4.197838052999999792e-01,3.085179860000000079e-02,3.748967325000000187e-03
1.022843100000000033e-01,4.197217404999999957e-01,2.765689715999999909e-02,3.535631012999999965e-03
1.027869700000000053e-01,4.198174492000000257e-01,2.415386120999999872e-02,3.216113372999999855e-03
1.032896199999999987e-01,4.203082631000000235e-01,2.039515537000000100e-02,2.752760078000000051e-03
1.037922700000000059e-01,4.202512924999999844e-01,1.624714127000000119e-02,2.155030150999999883e-03
1.042949400000000026e-01,4.205277230000000199e-01,1.193551043000000075e-02,1.443692395000000048e-03
1.047976300000000027e-01,4.207147562999999924e-01,7.651625100999999603e-03,6.546891352000000323e-04
1.053003299999999975e-01,4.211926366000000033e-01,3.460210163999999800e-03,-2.417389928000000018e-04
1.058030400000000010e-01,4.219136719000000091e-01,-4.566129244000000260e-04,-1.180316213000000064e-03
1.063057800000000025e-01,4.227884925000000016e-01,-4.182066808000000149e-03,-2.158500409999999925e-03
1.068085299999999987e-01,4.234135936999999794e-01,-7.769152984000000060e-03,-3.154230116000000025e-03
1.073112700000000003e-01,4.245926971000000272e-01,-1.119580943999999925e-02,-4.204303944999999640e-03
1.078139899999999984e-01,4.258323122000000072e-01,-1.420568527999999976e-02,-5.151863573999999890e-03
1.083166599999999952e-01,4.271564554999999763e-01,-1.679603204999999960e-02,-6.090207642000000296e-03
1.088192899999999991e-01,4.279023775999999946e-01,-1.910545426999999893e-02,-6.960428145999999691e-03
1.093218900000000049e-01,4.289233077999999866e-01,-2.116350456000000088e-02,-7.872455183999999689e-03
1.098244599999999987e-01,4.303853948999999957e-01,-2.271924905000000106e-02,-8.696994698999999801e-03
1.103270199999999979e-01,4.314001913000000132e-01,-2.364635382000000036e-02,-9.408125821999999139e-03
1.108295799999999970e-01,4.319558602999999941e-01,-2.409045644000000139e-02,-9.929894268000000537e-03
1.113321599999999995e-01,4.325963707000000102e-01,-2.391884546999999833e-02,-1.035513899000000022e-02
1.118347400000000019e-01,4.329873345999999956e-01,-2.296726494999999993e-02,-1.054508344999999930e-02
1.123373500000000025e-01,4.334135275000000065e-01,-2.168818282999999958e-02,-1.070854807999999971e-02
1.128399900000000011e-01,4.337232127000000270e-01,-2.010477760999999919e-02,-1.070809177000000070e-02
1.133426700000000065e-01,4.332555632000000267e-01,-1.828778523999999989e-02,-1.059589443000000068e-02
1.138453799999999960e-01,4.334503688999999937e-01,-1.614497910000000161e-02,-1.038655634000000029e-02
1.143481300000000062e-01,4.335306080999999923e-01,-1.339057459999999991e-02,-1.001942536999999959e-02
1.148509199999999952e-01,4.339506892000000171e-01,-1.050827023000000006e-02,-9.657789996999999876e-03
1.153537300000000015e-01,4.338928163999999921e-01,-7.430434371000000336e-03,-9.244747460999999666e-03
1.158565500000000026e-01,4.346015024000000060e-01,-4.447665303999999604e-03,-8.880727334999999681e-03
1.163593500000000003e-01,4.355945057000000231e-01,-1.482072724000000003e-03,-8.514490171000000177e-03
1.168621199999999999e-01,4.373596936999999962e-01,1.698780990999999938e-03,-8.102267034000000534e-03
1.173648399999999981e-01,4.384892678000000266e-01,5.096986345000000321e-03,-7.579531056999999801e-03
1.178675200000000034e-01,4.393400167000000023e-01,8.612830684999999570e-03,-7.134502979999999585e-03
1.183701699999999968e-01,4.409368771000000131e-01,1.190384987999999929e-02,-6.837443726999999603e-03
1.188728000000000007e-01,4.425785179000000236e-01,1.497031319999999992e-02,-6.591652138000000244e-03
1.193754100000000012e-01,4.447188491999999882e-01,1.787022217999999912e-02,-6.334056595000000026e-03
1.198780200000000018e-01,4.463607835000000246e-01,2.050738854000000097e-02,-6.194094613999999964e-03
1.203806199999999937e-01,4.485394704999999815e-01,2.272712501999999898e-02,-6.148382307999999616e-03
1.208832299999999943e-01,4.508982186000000114e-01,2.450620237000000062e-02,-6.220815428999999785e-03
1.213858500000000035e-01,4.526748200999999860e-01,2.568446257000000024e-02,-6.361094434000000297e-03
1.218884799999999935e-01,4.537466936999999811e-01,2.686115752999999884e-02,-6.484475049000000199e-03
1.223911300000000008e-01,4.545302053999999981e-01,2.760248518000000054e-02,-6.663562552999999569e-03
1.228937999999999975e-01,4.543774228999999942e-01,2.804919867000000080e-02,-6.810482894000000412e-03
1.233965000000000062e-01,4.540411688000000057e-01,2.795464363000000133e-02,-7.001545621000000198e-03
1.238992200000000043e-01,4.526733273999999918e-01,2.752078008999999867e-02,-7.190012255000000248e-03
1.244019400000000025e-01,4.511509035999999861e-01,2.710652829000000097e-02,-7.337020357999999957e-03
1.249046500000000059e-01,4.489567975000000044e-01,2.651157222000000147e-02,-7.500622329000000178e-03
1.254073199999999888e-01,4.456972626999999854e-01,2.585296083000000050e-02,-7.630968834999999825e-03
1.259099499999999927e-01,4.422973503000000028e-01,2.504662011000000077e-02,-7.718859526999999852e-03
1.264125399999999899e-01,4.394784043000000140e-01,2.397781947999999899e-02,-7.849148437000000658e-03
1.269150900000000082e-01,4.357487213999999831e-01,2.275935196000000021e-02,-7.899214334999999851e-03
1.274176099999999867e-01,4.321937198999999952e-01,2.175175778999999948e-02,-7.887980824999999904e-03
1.279201199999999983e-01,4.283292403999999776e-01,2.095769287999999994e-02,-7.737251338999999624e-03
1.284226300000000098e-01,4.255141516000000013e-01,2.018754668999999877e-02,-7.678980793000000048e-03
1.289251299999999989e-01,4.228029444999999997e-01,1.942210784000000107e-02,-7.583331440999999985e-03
1.294276299999999880e-01,4.202164582999999842e-01,1.858649668999999907e-02,-7.461141053000000349e-03
1.300306300000000082e-01,4.181518230999999863e-01,1.755585470000000162e-02,-7.311028352000000126e-03
1.307341499999999934e-01,4.175734714000000070e-01,1.654943114000000104e-02,-7.119415007000000004e-03
1.315382300000000060e-01,4.178388788999999881e-01,1.567776850000000138e-02,-6.807154666999999659e-03
1.324429199999999918e-01,4.190188816000000038e-01,1.467664028999999919e-02,-6.425252281999999961e-03
1.334429199999999927e-01,4.200845348000000201e-01,1.381345796999999993e-02,-6.056713832000000172e-03
1.344429199999999935e-01,4.212343412999999814e-01,1.279034497000000083e-02,-5.853021582999999757e-03
1.354429199999999944e-01,4.230418321000000148e-01,1.125270763999999986e-02,-5.828640159000000182e-03
1.364429199999999953e-01,4.249271329000000041e-01,8.964954170999999555e-03,-6.042702468999999917e-03
1.374429199999999962e-01,4.272109826000000110e-01,6.485263298999999898e-03,-6.408861497000000254e-03
1.384429199999999971e-01,4.292449393000000168e-01,3.534049461999999933e-03,-6.835433521999999783e-03
1.394429199999999980e-01,4.307788117999999944e-01,4.181944766000000131e-04,-7.275823711999999596e-03
1.404429199999999989e-01,4.324134465999999732e-01,-2.912036013000000173e-03,-7.729238361000000113e-03
1.414429199999999998e-01,4.330193747000000148e-01,-6.095126347999999666e-03,-8.140037979000000132e-03
1.424429200000000006e-01,4.329365947000000103e-01,-8.578759378999999824e-03,-8.605475120000000838e-03
1.434429200000000015e-01,4.320406971999999901e-01,-1.014144332999999953e-02,-9.071673464999999159e-03
1.444429200000000024e-01,4.301679306999999786e-01,-1.035241842999999953e-02,-9.463496487999999845e-03
1.454429200000000033e-01,4.271886018000000118e-01,-9.139252033000000788e-03,-9.525605285999999214e-03
1.464429200000000042e-01,4.256775610999999904e-01,-6.601134118000000217e-03,-9.590675974000000339e-03
1.474429200000000051e-01,4.244035273000000275e-01,-2.659487495000000066e-03,-9.501553690999999663e-03
1.484429200000000060e-01,4.236184855999999832e-01,2.604581439999999887e-03,-9.248382992999999372e-03
1.494429200000000069e-01,4.233473172000000173e-01,8.712793672999999406e-03,-8.810244470999999480e-03
1.504429200000000078e-01,4.235400692999999883e-01,1.532350952000000044e-02,-8.210145046999999668e-03
1.514429200000000086e-01,4.235472959000000093e-01,2.199406958000000092e-02,-7.365564578999999647e-03
1.524429200000000095e-01,4.221882257999999832e-01,2.805769308000000128e-02,-6.359403460999999910e-03
1.534429200000000104e-01,4.186329249999999891e-01,3.296158516000000094e-02,-5.199585639999999669e-03
1.544429200000000113e-01,4.139654637999999887e-01,3.635588864000000031e-02,-4.050870837000000377e-03
1.554429200000000122e-01,4.094894955000000225e-01,3.822159723000000120e-02,-3.105301172000000162e-03
1.564429200000000131e-01,4.054610397999999782e-01,3.825232510999999891e-02,-2.400167803000000186e-03
1.574429199999999862e-01,4.027564757000000051e-01,3.652594675999999707e-02,-2.009691840000000194e-03
1.584429199999999871e-01,4.014988527999999723e-01,3.291013142000000224e-02,-2.000235209999999975e-03
1.594429199999999880e-01,4.012735023999999817e-01,2.793454437000000151e-02,-2.368674031000000176e-03
1.604429199999999889e-01,4.027110050000000108e-01,2.202186600999999841e-02,-3.077280671999999863e-03
1.614429199999999898e-01,4.055042654000000080e-01,1.525785793999999938e-02,-4.058718224999999756e-03
1.624429199999999907e-01,4.084636012999999788e-01,8.259095956999999363e-03,-5.236361493999999901e-03
1.634429199999999915e-01,4.113003044999999913e-01,1.233201529000000013e-03,-6.514535977999999679e-03
1.644429199999999924e-01,4.125281310999999729e-01,-5.083162349999999913e-03,-7.690616959000000016e-03
1.654429199999999933e-01,4.134441802000000110e-01,-1.015130818000000053e-02,-8.690127654000000604e-03
1.664429199999999942e-01,4.133753842999999817e-01,-1.413171816999999990e-02,-9.518527997999999199e-03
1.674429199999999951e-01,4.126189110999999854e-01,-1.633122521000000132e-02,-9.926428775999999662e-03
1.684429199999999960e-01,4.113787127999999904e-01,-1.684271784000000022e-02,-9.960989394999999677e-03
1.694429199999999969e-01,4.106322705000000073e-01,-1.607128542999999854e-02,-9.754436029000000327e-03
1.704429199999999978e-01,4.100284853000000229e-01,-1.384681976999999932e-02,-9.260549454999999347e-03
1.714429199999999986e-01,4.089509010999999861e-01,-1.048803973000000077e-02,-8.625880229000000218e-03
1.724429199999999995e-01,4.085385646999999953e-01,-6.203930053000000083e-03,-7.818973934999999195e-03
1.734429200000000004e-01,4.078671300000000222e-01,-1.578858919000000055e-03,-7.020772011000000166e-03
1.744429200000000013e-01,4.077308340999999947e-01,3.369317053999999929e-03,-6.417345334999999609e-03
1.754429200000000022e-01,4.085573752000000169e-01,8.179695677000000179e-03,-6.010661189999999716e-03
1.764429200000000031e-01,4.105468507000000211e-01,1.268772645000000067e-02,-5.811281136999999625e-03
1.774429200000000040e-01,4.129658370000000023e-01,1.667011620999999874e-02,-5.913571216999999845e-03
1.784429200000000049e-01,4.163587248999999768e-01,1.973076132000000163e-02,-6.343793208000000385e-03
1.794429200000000058e-01,4.204946709999999865e-01,2.190180954000000083e-02,-6.978942067999999860e-03
1.804429200000000066e-01,4.232044649000000214e-01,2.342736985000000091e-02,-7.598093390000000384e-03
1.814429200000000075e-01,4.248402604000000027e-01,2.430796388999999919e-02,-8.258821947000000510e-03
1.824429200000000084e-01,4.250036034999999934e-01,2.405663583999999994e-02,-8.879725096999999817e-03
1.834429200000000093e-01,4.233737234000000127e-01,2.271480564999999938e-02,-9.421642085999999694e-03
1.844429200000000102e-01,4.201110098999999987e-01,2.092789645000000046e-02,-9.768865617999999973e-03
1.854429200000000111e-01,4.153324275999999982e-01,1.893682199999999899e-02,-9.881039330999999426e-03
1.864429200000000120e-01,4.104048238999999931e-01,1.710186489999999948e-02,-9.725565562000000608e-03
1.874429200000000129e-01,4.071431191000000060e-01,1.524368201999999964e-02,-9.401405353999999284e-03
1.884429200000000137e-01,4.060966189999999920e-01,1.401446915000000015e-02,-8.843805720000000314e-03
1.894429199999999869e-01,4.071811309000000212e-01,1.318804890000000070e-02,-8.224436988999999851e-03
1.904429199999999878e-01,4.103718037999999901e-01,1.292489498000000056e-02,-7.560210761999999925e-03
1.914429199999999887e-01,4.153747596999999847e-01,1.303253312999999927e-02,-6.954361749000000092e-03
1.924429199999999895e-01,4.209322797999999755e-01,1.352774061999999916e-02,-6.343295712999999850e-03
1.934429199999999904e-01,4.255346798999999902e-01,1.408683953000000079e-02,-5.637240307999999596e-03
1.944429199999999913e-01,4.278266399000000275e-01,1.408581832000000041e-02,-4.973301676000000185e-03
1.954429199999999922e-01,4.276424529999999780e-01,1.368042633999999938e-02,-4.421134575999999608e-03
1.964429199999999931e-01,4.254672588000000255e-01,1.232112653999999953e-02,-4.002612362000000298e-03
1.974429199999999940e-01,4.223088555000000244e-01,1.018344222000000000e-02,-3.665628937999999924e-03
1.984429199999999949e-01,4.186016034999999746e-01,7.182347327999999941e-03,-3.456194984000000078e-03
1.994429199999999958e-01,4.160225083999999907e-01,3.581602765000000115e-03,-3.539226472000000200e-03
2.004429199999999966e-01,4.142432070000000022e-01,-3.145715261000000249e-04,-3.769841131999999810e-03
2.014429199999999975e-01,4.122551537999999960e-01,-4.307314738999999670e-03,-4.091541334999999717e-03
2.024429199999999984e-01,4.104380663000000151e-01,-7.810344167000000080e-03,-4.589661164000000300e-03
2.034429199999999993e-01,4.089034739999999890e-01,-1.052846575000000034e-02,-5.290023829000000191e-03
2.044429200000000002e-01,4.081002597999999759e-01,-1.219002947000000052e-02,-6.057486891000000290e-03
2.054429200000000011e-01,4.075239903999999802e-01,-1.259077469999999969e-02,-6.725212777999999871e-03
2.064429200000000020e-01,4.071926637000000126e-01,-1.168300803000000068e-02,-7.350808670000000267e-03
2.074429200000000029e-01,4.083125161000000225e-01,-8.983880640000000556e-03,-7.863069367000000143e-03
2.084429200000000038e-01,4.097664739999999917e-01,-4.850216033000000378e-03,-8.270506400000000521e-03
2.094429200000000046e-01,4.122624684999999789e-01,5.986933970999999861e-04,-8.617878706999999167e-03
2.104429200000000055e-01,4.152398368999999922e-01,7.242089214000000177e-03,-8.808301855000000638e-03
2.114429200000000064e-01,4.187940219999999880e-01,1.449216138999999924e-02,-8.849352350999999464e-03
2.124429200000000073e-01,4.217497273999999963e-01,2.176369600999999987e-02,-8.752390811000000312e-03
2.134429200000000082e-01,4.239515314999999784e-01,2.862940522999999834e-02,-8.485483768999999357e-03
2.144429200000000091e-01,4.247212799000000261e-01,3.501155538999999733e-02,-8.003034017999999944e-03
2.154429200000000100e-01,4.234001157999999765e-01,4.044469534999999699e-02,-7.385430368999999946e-03
2.164429200000000109e-01,4.202525723000000157e-01,4.439636862000000128e-02,-6.675804740000000105e-03
2.174429200000000117e-01,4.156981855999999920e-01,4.629369382000000227e-02,-6.017661258000000374e-03
2.184429200000000126e-01,4.111757791999999800e-01,4.614993633000000206e-02,-5.502248963999999999e-03
2.194429200000000135e-01,4.076427639999999908e-01,4.370666746000000102e-02,-5.147692581000000434e-03
2.204429199999999867e-01,4.064956684000000098e-01,3.903774699999999764e-02,-4.986490851000000175e-03
2.214429199999999875e-01,4.068713788000000164e-01,3.223915636000000001e-02,-5.132499859000000039e-03
2.224429199999999884e-01,4.088768642999999758e-01,2.425546304000000125e-02,-5.588655680000000417e-03
2.234429199999999893e-01,4.114898867999999821e-01,1.547353255999999941e-02,-6.253787363000000085e-03
2.244429199999999902e-01,4.135270657999999822e-01,5.985909384000000395e-03,-7.046597622000000047e-03
2.254429199999999911e-01,4.151381572999999769e-01,-3.444881760999999893e-03,-7.890354707999999370e-03
2.264429199999999920e-01,4.161115824000000130e-01,-1.207594350000000018e-02,-8.614706910999999148e-03
2.274429199999999929e-01,4.160523222999999993e-01,-1.973874193000000124e-02,-9.170886778999999545e-03
2.284429199999999938e-01,4.152843909999999750e-01,-2.578128555000000141e-02,-9.494954123999999399e-03
2.294429199999999947e-01,4.130552412999999867e-01,-2.993576922999999917e-02,-9.500754659000000546e-03
2.304429199999999955e-01,4.110464073000000274e-01,-3.206208096999999674e-02,-9.232175635999999644e-03
2.314429199999999964e-01,4.097228305000000237e-01,-3.203671455999999862e-02,-8.727228392000000237e-03
2.324429199999999973e-01,4.100429751999999928e-01,-3.008648983000000027e-02,-7.959624627999999438e-03
2.334429199999999982e-01,4.105556687999999954e-01,-2.628957268000000139e-02,-6.975387141999999860e-03
2.344429199999999991e-01,4.119889943999999748e-01,-2.084761493999999840e-02,-5.887110166999999852e-03
2.354429200000000000e-01,4.138731623999999942e-01,-1.425009938000000066e-02,-4.741879856000000108e-03
2.364429200000000009e-01,4.160594073000000170e-01,-7.022636886000000432e-03,-3.691784105000000052e-03
2.374429200000000018e-01,4.184690790999999743e-01,3.784864677000000202e-04,-2.772118935999999794e-03
2.384429200000000026e-01,4.204255512000000250e-01,7.450542349000000009e-03,-2.029516678000000199e-03
2.394429200000000035e-01,4.226632978000000040e-01,1.389062448000000054e-02,-1.513150951000000102e-03
2.404429200000000044e-01,4.247298084999999723e-01,1.928705405999999942e-02,-1.272874948999999905e-03
2.414429200000000053e-01,4.263730390000000092e-01,2.333788013999999952e-02,-1.268179379999999920e-03
2.424429200000000062e-01,4.271180351000000153e-01,2.612406206000000147e-02,-1.474972296000000077e-03
2.434429200000000071e-01,4.275155129000000054e-01,2.768955310000000003e-02,-1.787988857999999945e-03
2.444429200000000080e-01,4.271941999000000156e-01,2.817568591999999872e-02,-2.303829503000000018e-03
2.454429200000000089e-01,4.259878000999999803e-01,2.765245946000000066e-02,-2.838927707999999977e-03
2.464429200000000098e-01,4.229892532999999788e-01,2.602218376999999860e-02,-3.312645589000000161e-03
2.474429200000000106e-01,4.185838913000000105e-01,2.362375430000000082e-02,-3.765627331000000102e-03
2.484429200000000115e-01,4.140422635000000073e-01,2.064054920000000029e-02,-4.204308864000000368e-03
2.494429200000000124e-01,4.099961171000000015e-01,1.747917582999999886e-02,-4.560379639000000304e-03
2.504429200000000133e-01,4.071848491000000236e-01,1.421445764999999979e-02,-4.953866512000000034e-03
2.514429200000000142e-01,4.048251347999999861e-01,1.105934991999999936e-02,-5.318610813000000312e-03
2.524429200000000151e-01,4.035570070999999759e-01,8.054470010000000166e-03,-5.770413119000000236e-03
2.534429200000000160e-01,4.031647329999999974e-01,5.422656173000000267e-03,-6.242439154999999615e-03
2.544429200000000169e-01,4.034154296999999945e-01,3.198954486000000173e-03,-6.753504920999999807e-03
2.554429200000000177e-01,4.052730938999999921e-01,1.024589171999999975e-03,-7.266127756999999840e-03
2.564429200000000186e-01,4.077134359999999846e-01,-9.990791195999999819e-04,-7.736162958000000062e-03
2.574429200000000195e-01,4.103627411999999919e-01,-3.016714900000000074e-03,-8.136316283999999940e-03
2.584429200000000204e-01,4.137652200999999974e-01,-4.879697030999999990e-03,-8.418791674000000030e-03
2.594429200000000213e-01,4.170627297999999761e-01,-6.596061115999999822e-03,-8.592446307000000186e-03
2.604429200000000222e-01,4.203265511000000010e-01,-7.922553528000000206e-03,-8.625305147000000491e-03
2.614429200000000231e-01,4.218823517999999995e-01,-8.837799559999999846e-03,-8.482726799999999734e-03
2.624429200000000240e-01,4.221323810000000010e-01,-9.654612235000000278e-03,-8.167633747999999277e-03
2.634429200000000248e-01,4.208960326000000252e-01,-1.066890243000000009e-02,-7.672544834000000029e-03
2.644429200000000257e-01,4.185608358999999834e-01,-1.138039495999999991e-02,-7.095762981999999795e-03
2.654429200000000266e-01,4.154413594999999959e-01,-1.210118490999999991e-02,-6.445927211000000191e-03
2.664429200000000275e-01,4.121861479000000217e-01,-1.251175229000000069e-02,-5.819694476999999651e-03
2.674429199999999729e-01,4.094492089999999807e-01,-1.232741382000000080e-02,-5.208064668000000029e-03
2.684429199999999738e-01,4.083875625999999759e-01,-1.127846383000000001e-02,-4.678398767999999812e-03
2.694429199999999747e-01,4.085650995999999813e-01,-9.292385933000000403e-03,-4.236406903000000147e-03
2.704429199999999756e-01,4.098033420000000149e-01,-6.240516572999999650e-03,-3.900974075999999891e-03
2.714429199999999764e-01,4.123292232999999918e-01,-1.997900576999999799e-03,-3.600874947000000121e-03
2.724429199999999773e-01,4.155068506999999856e-01,2.987029200000000054e-03,-3.391271736000000050e-03
2.734429199999999782e-01,4.186191464999999834e-01,8.706216875000000535e-03,-3.176721252999999828e-03
2.744429199999999791e-01,4.214525786000000163e-01,1.442116446000000010e-02,-3.035720032999999866e-03
2.754429199999999800e-01,4.235816929999999814e-01,1.999922327000000152e-02,-2.869969827000000157e-03
2.764429199999999809e-01,4.239245645999999978e-01,2.504057176000000148e-02,-2.748133805000000079e-03
2.774429199999999818e-01,4.229918060999999785e-01,2.904905849000000151e-02,-2.475805405999999872e-03
2.784429199999999827e-01,4.209227724999999865e-01,3.181753169999999853e-02,-2.242679038999999871e-03
2.794429199999999835e-01,4.175268599999999997e-01,3.322397282000000285e-02,-2.097090889000000156e-03
2.804429199999999844e-01,4.138443901000000147e-01,3.328838024999999923e-02,-2.135316611000000111e-03
2.814429199999999853e-01,4.104420543999999782e-01,3.197187926000000235e-02,-2.370643537999999988e-03
2.824429199999999862e-01,4.086503103999999942e-01,2.949386441000000081e-02,-2.723805893000000051e-03
2.834429199999999871e-01,4.080207443000000156e-01,2.611690511000000145e-02,-3.209363669000000162e-03
2.844429199999999880e-01,4.082604249999999824e-01,2.191900592999999897e-02,-3.788156537000000011e-03
2.854429199999999889e-01,4.090055702000000015e-01,1.690424625000000111e-02,-4.580116492999999726e-03
2.864429199999999898e-01,4.099698132999999856e-01,1.132831668000000049e-02,-5.531988261999999656e-03
2.874429199999999907e-01,4.110748940000000240e-01,5.436094304000000342e-03,-6.563649064999999699e-03
2.884429199999999915e-01,4.120516556000000108e-01,-2.190261440000000072e-04,-7.664049729000000158e-03
2.894429199999999924e-01,4.132071393999999787e-01,-5.255583311000000361e-03,-8.734289891000000458e-03
2.904429199999999933e-01,4.142016424000000141e-01,-9.363249138999999582e-03,-9.659427450000000748e-03
2.914429199999999942e-01,4.154567296000000187e-01,-1.263369202000000011e-02,-1.042339658000000086e-02
2.924429199999999951e-01,4.171980841999999856e-01,-1.501661947999999996e-02,-1.111896327000000059e-02
2.934429199999999960e-01,4.189360181999999821e-01,-1.632577006000000136e-02,-1.157773856000000011e-02
2.944429199999999969e-01,4.208720420000000018e-01,-1.637762578999999927e-02,-1.173004979000000052e-02
2.954429199999999978e-01,4.223409376999999743e-01,-1.517939255999999938e-02,-1.149258409000000064e-02
2.964429199999999986e-01,4.229273204999999813e-01,-1.273156940000000001e-02,-1.086908638000000024e-02
2.974429199999999995e-01,4.227204442999999978e-01,-9.511070983000000784e-03,-9.885230240999999529e-03
2.984429200000000004e-01,4.214003649999999990e-01,-5.827369360000000074e-03,-8.752980707000000693e-03
2.994429200000000013e-01,4.189997576999999751e-01,-1.925225523000000105e-03,-7.509893436000000116e-03
3.004429200000000022e-01,4.159456825000000246e-01,1.706417762999999990e-03,-6.346475366999999694e-03
3.014429200000000031e-01,4.127565339000000000e-01,5.138406623000000423e-03,-5.176256918000000408e-03
3.024429200000000040e-01,4.101949187000000219e-01,8.304218857000000842e-03,-4.037423473999999894e-03
3.034429200000000049e-01,4.088095932999999960e-01,1.101066243000000007e-02,-3.050198205000000107e-03
3.044429200000000058e-01,4.085196609000000256e-01,1.314186839000000030e-02,-2.291101964999999862e-03
3.054429200000000066e-01,4.090387785999999859e-01,1.459816079999999919e-02,-1.760149200999999979e-03
3.064429200000000075e-01,4.109190100999999817e-01,1.529141478999999915e-02,-1.477812013999999950e-03
3.074429200000000084e-01,4.131802513999999760e-01,1.538435680999999944e-02,-1.375924211999999961e-03
3.084429200000000093e-01,4.160523059999999829e-01,1.504600069000000019e-02,-1.472769008000000043e-03
3.094429200000000102e-01,4.184872796999999922e-01,1.417026776000000071e-02,-1.728210616999999909e-03
3.104429200000000111e-01,4.209164906000000261e-01,1.321928483000000057e-02,-2.121720941999999822e-03
3.114429200000000120e-01,4.233048584999999919e-01,1.225085467999999927e-02,-2.629996487000000119e-03
3.124429200000000129e-01,4.258529786999999955e-01,1.172694269000000046e-02,-3.110603581999999822e-03
3.134429200000000137e-01,4.279099972000000029e-01,1.144830825000000066e-02,-3.533564935000000056e-03
3.144429200000000146e-01,4.299142342000000228e-01,1.107635231000000074e-02,-3.927113940999999581e-03
3.154429200000000155e-01,4.318765381999999931e-01,1.080545442999999994e-02,-4.350250041999999782e-03
3.164429200000000164e-01,4.341745868999999924e-01,1.062088329000000081e-02,-4.850454734000000240e-03
3.174429200000000173e-01,4.351613709000000108e-01,1.069394138999999952e-02,-5.451591141000000293e-03
3.184429200000000182e-01,4.356431696999999992e-01,1.044825670999999928e-02,-6.154450482999999916e-03
3.194429200000000191e-01,4.357745242000000130e-01,1.004583860999999981e-02,-6.948805138000000055e-03
3.204429200000000200e-01,4.359917400000000165e-01,9.579678456999999800e-03,-7.838395187000000291e-03
3.214429200000000209e-01,4.360804482999999787e-01,9.093340328000000528e-03,-8.787423649000000378e-03
3.224429200000000217e-01,4.356475999000000154e-01,8.827398557000000132e-03,-9.638009541999999902e-03
3.234429200000000226e-01,4.347284308000000097e-01,8.485347093000000784e-03,-1.041943996000000046e-02
3.244429200000000235e-01,4.333826666999999744e-01,8.306386120000000192e-03,-1.099732838999999997e-02
3.254429200000000244e-01,4.312081154999999888e-01,7.973607880000000564e-03,-1.135643685999999930e-02
3.264429200000000253e-01,4.290743470999999754e-01,7.244389545999999937e-03,-1.150678886999999956e-02
3.274429200000000262e-01,4.263992783000000175e-01,6.547919364999999978e-03,-1.145673403999999951e-02
3.284429200000000271e-01,4.243816120000000192e-01,5.797327797999999970e-03,-1.118204891000000069e-02
3.294429199999999724e-01,4.224905044000000220e-01,4.557444556999999848e-03,-1.075916474999999949e-02
3.304429199999999733e-01,4.205907232000000162e-01,2.804785916999999983e-03,-1.008959140000000032e-02
3.314429199999999742e-01,4.190760953000000066e-01,9.262061622000000152e-04,-9.253696817999999824e-03
3.324429199999999751e-01,4.179907589999999895e-01,-9.314545969999999623e-04,-8.295433712000000251e-03
3.334429199999999760e-01,4.175023707000000139e-01,-2.546824437000000038e-03,-7.316170093999999936e-03
3.344429199999999769e-01,4.175328274999999811e-01,-3.848670191999999882e-03,-6.317857286999999794e-03
3.354429199999999778e-01,4.173479350000000032e-01,-4.619238516000000010e-03,-5.312465940000000303e-03
3.364429199999999787e-01,4.176273346000000108e-01,-4.739911527000000360e-03,-4.308385282000000253e-03
3.374429199999999796e-01,4.190886531999999942e-01,-4.096374057000000055e-03,-3.447657144000000097e-03
3.384429199999999804e-01,4.209023246999999968e-01,-3.007794065000000006e-03,-2.689222003000000215e-03
3.394429199999999813e-01,4.230878690000000053e-01,-1.427202578000000104e-03,-2.178585237000000164e-03
3.404429199999999822e-01,4.256306572999999926e-01,6.407477996000000321e-04,-1.802312016000000077e-03
3.414429199999999831e-01,4.281001026999999848e-01,2.889495311999999792e-03,-1.620000352000000024e-03
3.424429199999999840e-01,4.305720422000000047e-01,5.166678862000000094e-03,-1.677127632999999901e-03
3.434429199999999849e-01,4.323565471999999965e-01,7.279310792999999641e-03,-1.843683477000000086e-03
3.444429199999999858e-01,4.337672182999999793e-01,9.491170801999999559e-03,-2.054199756000000057e-03
3.454429199999999867e-01,4.341848456999999883e-01,1.134899749999999929e-02,-2.429072263999999814e-03
3.464429199999999875e-01,4.341077246000000223e-01,1.245552806000000019e-02,-2.947478694000000166e-03
3.474429199999999884e-01,4.339129467999999767e-01,1.300273599000000002e-02,-3.688747538000000051e-03
3.484429199999999893e-01,4.338965114000000178e-01,1.346491785000000080e-02,-4.495407978000000304e-03
3.494429199999999902e-01,4.336227688000000025e-01,1.373565885000000049e-02,-5.279691732000000096e-03
3.504429199999999911e-01,4.337430552000000050e-01,1.381243423999999921e-02,-6.118198860999999635e-03
3.514429199999999920e-01,4.332728767999999842e-01,1.351090069999999997e-02,-6.902693262999999926e-03
3.524429199999999929e-01,4.322464650000000241e-01,1.295302008000000053e-02,-7.545100590000000142e-03
3.534429199999999938e-01,4.313080476999999746e-01,1.205853213999999972e-02,-8.124488535000000053e-03
3.544429199999999947e-01,4.303810384999999794e-01,1.077027715999999934e-02,-8.560256578999999449e-03
3.554429199999999955e-01,4.291803558000000240e-01,9.578885142000000824e-03,-8.856341386999999968e-03
3.564429199999999964e-01,4.273248763999999977e-01,8.898490514000000767e-03,-9.008996470999999437e-03
3.574429199999999973e-01,4.262101070000000047e-01,8.765766226999999883e-03,-9.083164322999999485e-03
3.584429199999999982e-01,4.251670618999999762e-01,8.780929124999999752e-03,-9.112917354999999775e-03
3.594429199999999991e-01,4.258339710999999861e-01,8.582138382999999343e-03,-9.241013103000000201e-03
3.604429200000000000e-01,4.266964945000000231e-01,8.550347914000000493e-03,-9.417949684999999543e-03
3.614429200000000009e-01,4.277185655999999891e-01,8.804567714000000739e-03,-9.580654092999999275e-03
3.624429200000000018e-01,4.280876652999999754e-01,9.174184849000000669e-03,-9.628318505999999138e-03
3.634429200000000026e-01,4.289524343000000184e-01,9.673585482999999541e-03,-9.776583700999999516e-03
3.644429200000000035e-01,4.301550888999999822e-01,1.008431287999999974e-02,-9.867389573000000594e-03
3.654429200000000044e-01,4.313250459999999897e-01,9.885198056999999761e-03,-9.999448969999999784e-03
3.664429200000000053e-01,4.328557767999999806e-01,9.474564762999999543e-03,-1.009555579999999939e-02
3.674429200000000062e-01,4.348672554999999940e-01,9.114205336999999310e-03,-1.024443069000000039e-02
3.684429200000000071e-01,4.360436196999999958e-01,8.786730725000000547e-03,-1.032351924999999962e-02
3.694429200000000080e-01,4.375048503999999783e-01,8.471070245000000137e-03,-1.037133854999999945e-02
3.704429200000000089e-01,4.388223494999999863e-01,8.020849869999999160e-03,-1.034515767999999968e-02
3.714429200000000098e-01,4.392284175999999762e-01,7.823029711999999330e-03,-1.009513601000000017e-02
3.724429200000000106e-01,4.396415325999999957e-01,7.595879617000000396e-03,-9.737073025999999631e-03
3.734429200000000115e-01,4.394321003000000170e-01,7.674669735999999944e-03,-9.305297226999999227e-03
3.744429200000000124e-01,4.388923423000000157e-01,8.212091476999999751e-03,-8.703641455999999721e-03
3.754429200000000133e-01,4.377816614000000217e-01,9.149697938999999322e-03,-7.969683449000000350e-03
3.764429200000000142e-01,4.367742438000000171e-01,1.001299882999999967e-02,-7.241225678999999894e-03
3.774429200000000151e-01,4.354372228999999761e-01,1.113409050999999983e-02,-6.512546158999999932e-03
3.784429200000000160e-01,4.336739984999999908e-01,1.201159912000000080e-02,-5.918449751999999703e-03
3.794429200000000169e-01,4.309941582999999854e-01,1.252559697999999951e-02,-5.286850804999999875e-03
3.804429200000000177e-01,4.280581473999999775e-01,1.269813879999999971e-02,-4.595402650999999734e-03
3.814429200000000186e-01,4.250214569999999914e-01,1.273933933999999921e-02,-3.950379419000000017e-03
3.824429200000000195e-01,4.224214492000000210e-01,1.218765714999999958e-02,-3.350908859000000135e-03
3.834429200000000204e-01,4.205872976000000207e-01,1.111011683000000076e-02,-3.042548077000000080e-03
3.844429200000000213e-01,4.202783117000000179e-01,9.581002453000000280e-03,-2.871446615999999862e-03
3.854429200000000222e-01,4.206044762999999742e-01,8.040846262000000619e-03,-2.757488757999999787e-03
3.864429200000000231e-01,4.225905534000000130e-01,6.525777697999999780e-03,-2.916712589999999935e-03
3.874429200000000240e-01,4.258203635000000209e-01,4.839319039999999753e-03,-3.277157977000000159e-03
3.884429200000000248e-01,4.306040158000000173e-01,3.379198838000000045e-03,-3.764273732999999945e-03
3.894429200000000257e-01,4.353707159999999909e-01,2.623177728000000101e-03,-4.396008695999999681e-03
3.904429200000000266e-01,4.405728433000000166e-01,2.457509355999999961e-03,-5.158553064999999924e-03
3.914429200000000275e-01,4.456991283000000248e-01,2.431708362000000161e-03,-6.010021842000000045e-03
3.924429199999999729e-01,4.496003377000000190e-01,2.559597485000000058e-03,-6.929076919999999952e-03
3.934429199999999738e-01,4.511547999000000142e-01,3.029165278000000086e-03,-7.794497404000000178e-03
3.944429199999999747e-01,4.511043037999999950e-01,3.374230553000000157e-03,-8.522792507000000531e-03
3.954429199999999756e-01,4.499053901999999772e-01,3.454113335999999933e-03,-9.162716975000000444e-03
3.964429199999999764e-01,4.469000221000000161e-01,3.095732439999999887e-03,-9.578577569999999902e-03
3.974429199999999773e-01,4.441159505000000229e-01,2.673551950999999809e-03,-9.863796011999999280e-03
3.984429199999999782e-01,4.408529381999999885e-01,2.226808186999999946e-03,-9.926106000000000512e-03
3.994429199999999791e-01,4.381446783999999872e-01,1.759830210000000016e-03,-9.907783284000000468e-03
4.004429199999999800e-01,4.363243493999999778e-01,1.199127854999999972e-03,-9.867416017999999442e-03
4.014429199999999809e-01,4.358528226999999755e-01,5.864144928999999494e-04,-9.837708845999999785e-03
4.024429199999999818e-01,4.353763887000000055e-01,-7.334685473999999876e-06,-9.751526066000000548e-03
4.034429199999999827e-01,4.347279573000000230e-01,-3.941277863999999992e-04,-9.555627034999999991e-03
4.044429199999999835e-01,4.338888919000000177e-01,-4.403123920999999787e-04,-9.205952182000000025e-03
4.054429199999999844e-01,4.317573532999999797e-01,-1.575760465999999924e-04,-8.773803284000000757e-03
4.064429199999999853e-01,4.296314857999999903e-01,6.338457519999999906e-04,-8.339953912999999164e-03
4.074429199999999862e-01,4.264823225000000106e-01,2.031264996999999992e-03,-7.738315071999999663e-03
4.084429199999999871e-01,4.220857328000000019e-01,3.641643264000000210e-03,-6.905610359000000260e-03
4.094429199999999880e-01,4.182258797999999778e-01,5.357066126000000102e-03,-5.940049735000000296e-03
4.104429199999999889e-01,4.168348028000000149e-01,7.238920026000000146e-03,-4.919617856999999872e-03
4.114429199999999898e-01,4.173743155999999899e-01,9.149598983999999643e-03,-4.047747640000000022e-03
4.124429199999999907e-01,4.196407598999999933e-01,1.092133432000000001e-02,-3.247873678999999968e-03
4.134429199999999915e-01,4.227799590999999912e-01,1.214438051999999942e-02,-2.599963640999999881e-03
4.144429199999999924e-01,4.266858190999999745e-01,1.301503470000000065e-02,-2.269833188999999859e-03
4.154429199999999933e-01,4.301030693999999821e-01,1.392371304000000060e-02,-2.042265091000000209e-03
4.164429199999999942e-01,4.316327746999999992e-01,1.506533625999999931e-02,-1.972908428999999800e-03
4.174429199999999951e-01,4.314235726999999798e-01,1.604688081000000058e-02,-2.084372520999999787e-03
4.184429199999999960e-01,4.303016654999999857e-01,1.663394252000000018e-02,-2.436969813999999984e-03
4.194429199999999969e-01,4.293906190999999817e-01,1.670870266999999881e-02,-3.096574219999999929e-03
4.204429199999999978e-01,4.298865745000000071e-01,1.677707194999999984e-02,-3.986269471000000036e-03
4.214429199999999986e-01,4.301953861999999740e-01,1.664944487999999931e-02,-5.006966336000000239e-03
4.224429199999999995e-01,4.309598087000000022e-01,1.656383735999999995e-02,-6.226582930000000224e-03
4.234429200000000004e-01,4.322478365999999905e-01,1.619585138999999827e-02,-7.564520721999999642e-03
4.244429200000000013e-01,4.334032138999999728e-01,1.573952986000000040e-02,-8.819685888999999335e-03
4.254429200000000022e-01,4.344306776999999897e-01,1.484718735000000074e-02,-9.883665499999999549e-03
4.264429200000000031e-01,4.350778196999999792e-01,1.322382530000000035e-02,-1.079072478000000015e-02
4.274429200000000040e-01,4.346977934999999849e-01,1.098239114999999960e-02,-1.146410592000000027e-02
4.284429200000000049e-01,4.334531430999999935e-01,8.499158919999999506e-03,-1.180217601999999921e-02
4.294429200000000058e-01,4.314294582000000045e-01,6.081449251999999916e-03,-1.188590536999999982e-02
4.304429200000000066e-01,4.288988107999999744e-01,3.527150990000000111e-03,-1.182804829999999953e-02
4.314429200000000075e-01,4.273875477999999895e-01,1.563856564000000102e-03,-1.167829264000000075e-02
4.324429200000000084e-01,4.252056966000000160e-01,-8.227872382000000432e-05,-1.136997153000000003e-02
4.334429200000000093e-01,4.230460636000000219e-01,-1.499141242999999955e-03,-1.090623729999999972e-02
4.344429200000000102e-01,4.217478760000000215e-01,-2.251067397999999969e-03,-1.044667651000000079e-02
4.354429200000000111e-01,4.206404434000000081e-01,-2.362863478000000027e-03,-1.003252825999999959e-02
4.364429200000000120e-01,4.211572445000000275e-01,-2.173688506000000156e-03,-9.730153752000000530e-03
4.374429200000000129e-01,4.218267413999999826e-01,-1.782545202000000023e-03,-9.469694339999999363e-03
4.384429200000000137e-01,4.218559346999999904e-01,-1.412724241000000089e-03,-9.244501769999999979e-03
4.394429200000000146e-01,4.216671394000000017e-01,-6.994100179999999554e-04,-8.986548383000000223e-03
4.404429200000000155e-01,4.212538444000000215e-01,7.516907094999999647e-05,-8.660441681000000808e-03
4.414429200000000164e-01,4.210639384000000041e-01,9.136389277999999508e-04,-8.249327417999999940e-03
4.424429200000000173e-01,4.209490578999999788e-01,2.052541081999999847e-03,-7.824509745999999946e-03
4.434429200000000182e-01,4.208744479000000038e-01,3.915847531000000124e-03,-7.265612317999999882e-03
4.444429200000000191e-01,4.204073450999999961e-01,6.243355419000000406e-03,-6.651318437999999798e-03
4.454429200000000200e-01,4.204021730999999984e-01,9.039966857000000452e-03,-5.940139137999999978e-03
4.464429200000000209e-01,4.215748219000000074e-01,1.180415148999999948e-02,-5.266756224999999576e-03
4.474429200000000217e-01,4.230107840999999813e-01,1.413618483000000058e-02,-4.560020419000000193e-03
4.484429200000000226e-01,4.246811965999999772e-01,1.628209132000000073e-02,-3.890561931000000029e-03
4.494429200000000235e-01,4.262855576999999840e-01,1.799627498000000089e-02,-3.362814775999999929e-03
4.504429200000000244e-01,4.279990481000000013e-01,1.918689690000000003e-02,-2.998996218999999859e-03
4.514429200000000253e-01,4.288942400999999904e-01,2.031293736000000169e-02,-2.668692745999999907e-03
4.524429200000000262e-01,4.286258054000000040e-01,2.126219994000000044e-02,-2.428037873000000058e-03
4.534429200000000271e-01,4.274771643999999982e-01,2.162608297999999915e-02,-2.325546605000000135e-03
4.544429199999999724e-01,4.251126813000000171e-01,2.142840941000000166e-02,-2.445399455999999923e-03
4.554429199999999733e-01,4.237472695000000233e-01,2.073912670999999985e-02,-2.874195049000000200e-03
4.564429199999999742e-01,4.224619531000000094e-01,1.997026927000000035e-02,-3.517258867000000108e-03
4.574429199999999751e-01,4.217403035999999772e-01,1.895887213999999932e-02,-4.312965016000000137e-03
4.584429199999999760e-01,4.223760322999999817e-01,1.764515654999999905e-02,-5.396201201000000273e-03
4.594429199999999769e-01,4.228773862999999911e-01,1.613134270999999967e-02,-6.602921652000000308e-03
4.604429199999999778e-01,4.234650154999999860e-01,1.454943508000000087e-02,-7.825161190000000724e-03
4.614429199999999787e-01,4.239992530999999731e-01,1.266577919999999947e-02,-8.939406622000000552e-03
4.624429199999999796e-01,4.247306109000000274e-01,1.047358414999999959e-02,-1.006398617000000065e-02
4.634429199999999804e-01,4.247250718999999730e-01,7.862068095999999451e-03,-1.106078584000000017e-02
4.644429199999999813e-01,4.251063354999999877e-01,5.589959420999999866e-03,-1.187948603000000061e-02
4.654429199999999822e-01,4.247702345000000101e-01,3.274067133000000199e-03,-1.230300083999999981e-02
4.664429199999999831e-01,4.253716441000000015e-01,7.684954305000000216e-04,-1.252216979999999993e-02
4.674429199999999840e-01,4.261148135999999753e-01,-1.723338309000000106e-03,-1.243489281000000057e-02
4.684429199999999849e-01,4.266549875000000269e-01,-3.948528970000000221e-03,-1.198689912000000003e-02
4.694429199999999858e-01,4.269570329999999858e-01,-5.654957466999999821e-03,-1.120200032000000061e-02
4.704429199999999867e-01,4.264194520999999849e-01,-6.913960129000000163e-03,-1.024280307999999966e-02
4.714429199999999875e-01,4.265774683999999928e-01,-7.509733725000000346e-03,-9.270272834000000545e-03
4.724429199999999884e-01,4.279166050000000054e-01,-7.573046251999999805e-03,-8.359075303000000623e-03
4.734429199999999893e-01,4.295094219000000213e-01,-7.042070117000000067e-03,-7.557575411000000062e-03
4.744429199999999902e-01,4.304178928999999876e-01,-5.954949166000000384e-03,-6.888631685000000393e-03
4.754429199999999911e-01,4.313454532000000063e-01,-4.066868914000000210e-03,-6.328795007999999875e-03
4.764429199999999920e-01,4.309756418999999839e-01,-1.686245425000000098e-03,-5.758196874999999687e-03
4.774429199999999929e-01,4.304394979999999760e-01,6.859020223000000154e-04,-5.309644361000000375e-03
4.784429199999999938e-01,4.287705869999999808e-01,3.331748032000000134e-03,-4.867655345999999730e-03
4.794429199999999947e-01,4.265946882000000162e-01,6.256959856000000354e-03,-4.436996294999999597e-03
4.804429199999999955e-01,4.237981663000000010e-01,9.279426090999999543e-03,-4.031091193000000197e-03
4.814429199999999964e-01,4.214111790999999774e-01,1.224254250000000009e-02,-3.644645213000000192e-03
4.824429199999999973e-01,4.193076949999999803e-01,1.503911165999999994e-02,-3.360158949999999915e-03
4.834429199999999982e-01,4.177170932000000003e-01,1.767482029000000052e-02,-3.113407404000000014e-03
4.844429199999999991e-01,4.165767450000000260e-01,1.981448453999999984e-02,-3.003676976999999828e-03
4.854429200000000000e-01,4.170032101000000213e-01,2.127042661000000043e-02,-3.108775892000000159e-03
4.864429200000000009e-01,4.177036415000000003e-01,2.221628583999999892e-02,-3.290598046999999859e-03
4.874429200000000018e-01,4.184885131000000147e-01,2.273276593999999998e-02,-3.437509716999999788e-03
4.884429200000000026e-01,4.187609447000000262e-01,2.287241716999999924e-02,-3.590581591000000048e-03
4.894429200000000035e-01,4.185085062000000189e-01,2.245112188000000092e-02,-3.732624473000000203e-03
4.904429200000000044e-01,4.175271991999999766e-01,2.139342941999999859e-02,-3.980276300000000142e-03
4.914429200000000053e-01,4.168789356000000002e-01,1.958157716999999950e-02,-4.272798545000000385e-03
4.924429200000000062e-01,4.164564725000000078e-01,1.718103551999999867e-02,-4.425792191999999674e-03
4.934429200000000071e-01,4.168865654999999726e-01,1.451567269000000014e-02,-4.536504063999999975e-03
4.944429200000000080e-01,4.171863948999999794e-01,1.137208236999999976e-02,-4.732140337999999648e-03
4.954429200000000089e-01,4.174654959999999915e-01,7.982318969000000430e-03,-4.898497740999999996e-03
4.964429200000000098e-01,4.176507341999999845e-01,4.673911666000000152e-03,-5.020039730999999693e-03
4.974429200000000106e-01,4.176650756999999992e-01,1.364975413999999906e-03,-5.248539594000000211e-03
4.984429200000000115e-01,4.173852010999999917e-01,-1.674660618000000040e-03,-5.604701541999999696e-03
4.994429200000000124e-01,4.173721814999999946e-01,-4.369133689999999716e-03,-6.095953827999999602e-03
5.004429200000000133e-01,4.168694085999999910e-01,-6.371436404000000407e-03,-6.599551058000000144e-03
5.014429200000000142e-01,4.159692627000000087e-01,-7.560501199999999922e-03,-7.152847294000000064e-03
5.024429200000000151e-01,4.152681565999999935e-01,-8.164742512000000563e-03,-7.824357558999999601e-03
5.034429200000000160e-01,4.148103861999999920e-01,-8.014173313000000354e-03,-8.513427695999999448e-03
5.044429200000000169e-01,4.143891435000000012e-01,-7.109029410000000312e-03,-9.089656624000000754e-03
5.054429200000000177e-01,4.136575617000000094e-01,-5.612814237999999741e-03,-9.449795695999999370e-03
5.064429200000000186e-01,4.128402368999999905e-01,-3.706838700999999861e-03,-9.660876194000000625e-03
5.074429200000000195e-01,4.120853682000000240e-01,-1.625964326999999919e-03,-9.703463875000000252e-03
5.084429200000000204e-01,4.122644758999999826e-01,6.351629411000000005e-04,-9.589072255999999544e-03
5.094429200000000213e-01,4.124842141999999767e-01,2.797595417000000011e-03,-9.420675253999999735e-03
5.104429200000000222e-01,4.117545468000000097e-01,4.593263729000000330e-03,-9.098620353000000729e-03
5.114429200000000231e-01,4.109037212000000161e-01,6.472305157000000052e-03,-8.635779583000000384e-03
5.124429200000000240e-01,4.101642808000000029e-01,8.375255054000000504e-03,-8.133022292000000736e-03
5.134429200000000248e-01,4.094682101000000074e-01,1.011248254000000034e-02,-7.606676419999999772e-03
5.144429200000000257e-01,4.088993598999999812e-01,1.210580424999999939e-02,-7.005646417000000424e-03
5.154429200000000266e-01,4.074434749999999994e-01,1.419778866999999931e-02,-6.417462502000000242e-03
5.164429200000000275e-01,4.059035348999999737e-01,1.649182660999999953e-02,-5.785504918000000142e-03
5.174429200000000284e-01,4.051409141999999797e-01,1.863973090999999915e-02,-5.269484938999999778e-03
5.184429200000000293e-01,4.049520812999999886e-01,2.054638308000000108e-02,-4.911699119999999794e-03
5.194429200000000302e-01,4.049288922000000013e-01,2.228712261999999875e-02,-4.571215128999999919e-03
5.204429200000000311e-01,4.058109654000000011e-01,2.330886704000000031e-02,-4.369084161000000299e-03
5.214429200000000320e-01,4.075227349000000165e-01,2.375976072999999925e-02,-4.396447216000000380e-03
5.224429200000000328e-01,4.090398705000000135e-01,2.392246791999999914e-02,-4.474766998000000162e-03
5.234429200000000337e-01,4.109665362000000099e-01,2.378622979999999928e-02,-4.522688730999999650e-03
5.244429200000000346e-01,4.129115728000000152e-01,2.321692115000000001e-02,-4.645675402999999842e-03
5.254429200000000355e-01,4.144689134999999802e-01,2.209548626000000168e-02,-4.814898362000000036e-03
5.264429200000000364e-01,4.160567424000000125e-01,2.006648684000000155e-02,-5.004545949000000112e-03
5.274429200000000373e-01,4.177938171000000200e-01,1.753443634000000084e-02,-5.224238955999999622e-03
5.284429200000000382e-01,4.197216049999999976e-01,1.488490343999999965e-02,-5.366400839999999582e-03
5.294429200000000391e-01,4.214167884999999725e-01,1.190103525000000065e-02,-5.548613235000000345e-03
5.304429200000000399e-01,4.226195991000000207e-01,8.735675065000000211e-03,-5.824485431999999914e-03
5.314429200000000408e-01,4.229879570999999783e-01,5.599686658000000393e-03,-6.037819572000000141e-03
5.324429200000000417e-01,4.224110799999999943e-01,2.577123433000000179e-03,-6.212197093000000093e-03
5.334429200000000426e-01,4.211921762999999985e-01,-6.030584117999999820e-04,-6.528118787999999742e-03
5.344429200000000435e-01,4.193317376999999846e-01,-3.464865156999999939e-03,-6.866808222000000267e-03
5.354429200000000444e-01,4.174828341999999859e-01,-5.959395022999999618e-03,-7.297314701999999854e-03
5.364429200000000453e-01,4.155998262000000221e-01,-7.861595246999999315e-03,-7.636392984000000064e-03
5.374429200000000462e-01,4.141548300999999821e-01,-9.461712395000000317e-03,-8.057549783999999257e-03
5.384429200000000471e-01,4.129568416000000131e-01,-1.043922832999999960e-02,-8.490801819000000708e-03
5.394429200000000479e-01,4.120150047999999732e-01,-1.084174054999999942e-02,-8.835449070999999710e-03
5.404429200000000488e-01,4.113170186999999811e-01,-1.049541049999999989e-02,-9.095541219000000815e-03
5.414429200000000497e-01,4.104230812999999922e-01,-9.510014768999999757e-03,-9.186306107000000859e-03
5.424429200000000506e-01,4.101918815999999746e-01,-7.947149044000000398e-03,-9.124252686999999654e-03
5.434429200000000515e-01,4.110582045999999767e-01,-5.959157542999999647e-03,-9.079770625000000567e-03
5.444429200000000524e-01,4.129669257999999954e-01,-3.511061376000000015e-03,-9.036870012999999313e-03
5.454429200000000533e-01,4.142345555999999984e-01,-1.125328404999999992e-03,-8.970275180999999487e-03
5.464429200000000542e-01,4.157433853999999984e-01,1.547198464999999939e-03,-8.921994390000000108e-03
5.474429200000000550e-01,4.166367599999999949e-01,4.544377403999999739e-03,-8.816299772000000048e-03
5.484429199999999449e-01,4.177788480999999887e-01,7.439503624999999759e-03,-8.681831960999999293e-03
5.494429199999999458e-01,4.183592722000000208e-01,1.029517647999999945e-02,-8.480754877000000469e-03
5.504429199999999467e-01,4.184889287999999929e-01,1.329569233999999996e-02,-8.081671518999999568e-03
5.514429199999999476e-01,4.179833071999999872e-01,1.610415688000000137e-02,-7.512589574000000381e-03
5.524429199999999485e-01,4.171219856000000226e-01,1.877460346000000072e-02,-6.902400298000000052e-03
5.534429199999999494e-01,4.171453390000000039e-01,2.075285525000000048e-02,-6.263051882000000327e-03
5.544429199999999502e-01,4.174291877999999900e-01,2.231402939000000016e-02,-5.615350833000000430e-03
5.554429199999999511e-01,4.174681277000000246e-01,2.345380609999999852e-02,-4.996203670000000201e-03
5.564429199999999520e-01,4.188898762000000109e-01,2.376732749000000020e-02,-4.504011326000000037e-03
5.574429199999999529e-01,4.204758450000000147e-01,2.333683954999999852e-02,-4.146108465999999784e-03
5.584429199999999538e-01,4.212496491000000121e-01,2.252075904999999850e-02,-3.743831941000000125e-03
5.594429199999999547e-01,4.215946982000000065e-01,2.135785227000000161e-02,-3.337728000999999872e-03
5.604429199999999556e-01,4.213699897000000028e-01,1.974918665000000018e-02,-3.008897661999999917e-03
5.614429199999999565e-01,4.200353024999999851e-01,1.764010331999999945e-02,-2.749135863999999790e-03
5.624429199999999573e-01,4.191638142999999928e-01,1.501879841000000083e-02,-2.662390499999999893e-03
5.634429199999999582e-01,4.178938320000000206e-01,1.206509633999999949e-02,-2.639098172000000058e-03
5.644429199999999591e-01,4.166557813999999804e-01,9.217017298999999331e-03,-2.610530249000000101e-03
5.654429199999999600e-01,4.158426403000000104e-01,6.138645685000000164e-03,-2.758254068000000076e-03
5.664429199999999609e-01,4.146680904999999751e-01,3.147521411000000005e-03,-3.026123270000000143e-03
5.674429199999999618e-01,4.136474253999999906e-01,4.248099291000000111e-04,-3.348679247000000119e-03
5.684429199999999627e-01,4.121117539999999968e-01,-2.128789145000000143e-03,-3.690129557999999831e-03
5.694429199999999636e-01,4.101432844999999827e-01,-4.713460017999999974e-03,-4.116088932000000131e-03
5.704429199999999645e-01,4.085638381999999735e-01,-7.012891670000000188e-03,-4.664974328000000107e-03
5.714429199999999653e-01,4.061442035999999756e-01,-8.800980318999999941e-03,-5.225428883000000219e-03
5.724429199999999662e-01,4.046201300000000223e-01,-1.002061580999999944e-02,-5.720831364999999849e-03
5.734429199999999671e-01,4.039519127999999792e-01,-1.108686943000000008e-02,-6.335538796999999785e-03
5.744429199999999680e-01,4.037690097000000145e-01,-1.153166933999999998e-02,-6.939431696999999628e-03
5.754429199999999689e-01,4.043738405999999785e-01,-1.138402380000000033e-02,-7.503892958999999925e-03
5.764429199999999698e-01,4.048634454999999743e-01,-1.070716969000000060e-02,-7.882593799000000082e-03
5.774429199999999707e-01,4.050867709000000039e-01,-9.475752166000000684e-03,-8.110671298999999959e-03
5.784429199999999716e-01,4.062666649000000185e-01,-7.747075978000000397e-03,-8.296268319000000765e-03
5.794429199999999724e-01,4.079239420999999921e-01,-5.606576519000000362e-03,-8.432233984000000321e-03
5.804429199999999733e-01,4.106518873000000180e-01,-3.070629192000000167e-03,-8.621939805999999720e-03
5.814429199999999742e-01,4.121684809999999755e-01,-6.864736193999999847e-04,-8.768457590999999274e-03
5.824429199999999751e-01,4.138579298999999767e-01,1.926276975999999990e-03,-8.819166976999999810e-03
5.834429199999999760e-01,4.144700417000000137e-01,4.928171733000000394e-03,-8.793402199999999710e-03
5.844429199999999769e-01,4.157697275000000192e-01,7.901201409000000592e-03,-8.751251772000000206e-03
5.854429199999999778e-01,4.160787628000000016e-01,1.069772065000000084e-02,-8.561705435000000614e-03
5.864429199999999787e-01,4.158350058999999987e-01,1.358722511999999917e-02,-8.187618887000000165e-03
5.874429199999999796e-01,4.147716088999999773e-01,1.635184020999999946e-02,-7.594369771000000074e-03
5.884429199999999804e-01,4.139439317999999979e-01,1.870419263000000151e-02,-6.903941908999999648e-03
5.894429199999999813e-01,4.137701194000000249e-01,2.060651373999999869e-02,-6.223201840000000366e-03
5.904429199999999822e-01,4.142629675000000233e-01,2.209398744000000067e-02,-5.547416846999999977e-03
5.914429199999999831e-01,4.142620222999999768e-01,2.311687738999999853e-02,-4.907343439999999751e-03
5.924429199999999840e-01,4.150469325000000209e-01,2.312400715000000051e-02,-4.397794112000000429e-03
5.934429199999999849e-01,4.158863588999999750e-01,2.268393687000000089e-02,-4.018259369999999976e-03
5.944429199999999858e-01,4.159283299000000045e-01,2.206964334000000028e-02,-3.645106507000000096e-03
5.954429199999999867e-01,4.156642836000000174e-01,2.141883737999999981e-02,-3.431006013999999844e-03
5.964429199999999875e-01,4.148687111000000094e-01,2.049802956999999953e-02,-3.321712313000000152e-03
5.974429199999999884e-01,4.135386793999999977e-01,1.884340291999999847e-02,-3.343385623000000046e-03
5.984429199999999893e-01,4.127244840000000026e-01,1.680527550999999856e-02,-3.529995718999999910e-03
5.994429199999999902e-01,4.119637284000000066e-01,1.462423220000000010e-02,-3.734287884000000134e-03
6.004429199999999911e-01,4.117901606000000103e-01,1.257451943000000016e-02,-4.074994553999999707e-03
6.014429199999999920e-01,4.119723833999999751e-01,1.027029622999999989e-02,-4.595521701999999778e-03
6.024429199999999929e-01,4.118989269000000175e-01,7.911411418999999765e-03,-5.144325725999999641e-03
6.034429199999999938e-01,4.118394760999999904e-01,5.600062151000000099e-03,-5.663995829999999947e-03
6.044429199999999947e-01,4.115943712999999837e-01,3.085327432000000130e-03,-6.184311302000000156e-03
6.054429199999999955e-01,4.113406614999999822e-01,5.579495312999999471e-04,-6.766174047000000046e-03
6.064429199999999964e-01,4.110780352000000248e-01,-1.763821018999999976e-03,-7.403664031999999777e-03
6.074429199999999973e-01,4.103143913999999781e-01,-3.543175362999999821e-03,-7.972018246000000738e-03
6.084429199999999982e-01,4.101939762999999850e-01,-4.917233806000000269e-03,-8.438322068999999995e-03
6.094429199999999991e-01,4.100841669999999994e-01,-6.145227718999999797e-03,-8.921950369000000367e-03
6.104429200000000000e-01,4.106073175000000131e-01,-6.809393302000000051e-03,-9.305870784999999840e-03
6.114429200000000009e-01,4.116554204000000272e-01,-6.973988948000000090e-03,-9.578425261999999607e-03
6.124429200000000018e-01,4.122779366000000056e-01,-6.471509573000000168e-03,-9.674919541000000581e-03
6.134429200000000026e-01,4.122805741000000190e-01,-5.530864891999999824e-03,-9.632360403999999654e-03
6.144429200000000035e-01,4.136814529000000240e-01,-4.190069226999999785e-03,-9.507290625999999939e-03
6.154429200000000044e-01,4.160665069000000216e-01,-2.430874828000000130e-03,-9.373437296000000640e-03
6.164429200000000053e-01,4.181260942999999730e-01,-5.746692272000000073e-04,-9.223685671999999613e-03
6.174429200000000062e-01,4.195915639000000197e-01,1.250435764000000028e-03,-9.044165978000000272e-03
6.184429200000000071e-01,4.214786452000000017e-01,3.264080273000000143e-03,-8.836855725000000369e-03
6.194429200000000080e-01,4.226830791999999781e-01,5.298923336999999609e-03,-8.487551346000000649e-03
6.204429200000000089e-01,4.243010928000000015e-01,7.059206226000000126e-03,-8.076299942999999593e-03
6.214429200000000098e-01,4.246837258999999754e-01,8.904036150000000857e-03,-7.455484800999999905e-03
6.224429200000000106e-01,4.246802650000000012e-01,1.085246861999999979e-02,-6.782896109999999625e-03
6.234429200000000115e-01,4.237072982999999793e-01,1.300866214000000014e-02,-6.009655378999999818e-03
6.244429200000000124e-01,4.228483990999999942e-01,1.490833637000000059e-02,-5.272355537999999855e-03
6.254429200000000133e-01,4.223096556000000001e-01,1.659114659999999866e-02,-4.605200018000000194e-03
6.264429200000000142e-01,4.213504719000000232e-01,1.825396693000000056e-02,-4.019259330999999831e-03
6.274429200000000151e-01,4.197140086999999742e-01,1.943889441000000093e-02,-3.544641280000000033e-03
6.284429200000000160e-01,4.181441893999999770e-01,2.017634023999999998e-02,-3.328495190999999995e-03
6.294429200000000169e-01,4.162867398000000274e-01,2.063560335000000009e-02,-3.162237332000000008e-03
6.304429200000000177e-01,4.142715354000000016e-01,2.098315921000000125e-02,-3.034982392000000039e-03
6.314429200000000186e-01,4.119253197000000144e-01,2.093315337999999970e-02,-2.966872493999999933e-03
6.324429200000000195e-01,4.090952887000000038e-01,2.038116711000000081e-02,-2.973073812999999909e-03
6.334429200000000204e-01,4.070398559999999777e-01,1.908792085999999957e-02,-3.141873359000000188e-03
6.344429200000000213e-01,4.063974812999999742e-01,1.730871097999999927e-02,-3.420230287999999948e-03
6.354429200000000222e-01,4.066331116999999939e-01,1.544523847999999984e-02,-3.719883185999999908e-03
6.364429200000000231e-01,4.082029671999999887e-01,1.343957022999999959e-02,-4.164970857000000089e-03
6.374429200000000240e-01,4.108132492000000080e-01,1.093017060999999963e-02,-4.721256927000000263e-03
6.384429200000000248e-01,4.129887125999999742e-01,8.277782141999999455e-03,-5.261843353999999875e-03
6.394429200000000257e-01,4.151429423999999924e-01,5.771047774000000012e-03,-5.777374388000000235e-03
6.404429200000000266e-01,4.168134680999999730e-01,2.700377794000000196e-03,-6.304214088000000341e-03
6.414429200000000275e-01,4.180328433000000121e-01,-4.119560640000000129e-04,-6.786855698000000305e-03
6.424429200000000284e-01,4.184317350000000268e-01,-3.413832319999999913e-03,-7.267573462999999713e-03
6.434429200000000293e-01,4.183413629000000133e-01,-5.754613248000000313e-03,-7.659984415999999963e-03
6.444429200000000302e-01,4.183380152999999768e-01,-7.502982695000000313e-03,-8.090819928000000591e-03
6.454429200000000311e-01,4.176963580999999981e-01,-8.705658442000000635e-03,-8.577456747999999409e-03
6.464429200000000320e-01,4.173655404000000124e-01,-9.208408305000000474e-03,-8.996762967999999763e-03
6.474429200000000328e-01,4.164941596999999773e-01,-9.016465147000000263e-03,-9.311228277000000580e-03
6.484429200000000337e-01,4.148088390999999930e-01,-8.079148083999999203e-03,-9.481285129000000672e-03
6.494429200000000346e-01,4.133157364999999750e-01,-6.547460576999999601e-03,-9.555035893000000252e-03
6.504429200000000355e-01,4.125236729999999796e-01,-4.541249639000000289e-03,-9.574136150000000720e-03
6.514429200000000364e-01,4.131587096000000070e-01,-2.065661003999999870e-03,-9.580703863999999459e-03
6.524429200000000373e-01,4.140410019999999913e-01,2.113908604999999977e-04,-9.561100592000000564e-03
6.534429200000000382e-01,4.155978054999999727e-01,2.394369962999999980e-03,-9.474758467999999656e-03
6.544429200000000391e-01,4.173458668000000205e-01,4.741560574000000007e-03,-9.257118200999999574e-03
6.554429200000000399e-01,4.193436463999999919e-01,7.183888408000000357e-03,-9.024504052000000692e-03
6.564429200000000408e-01,4.207686895000000149e-01,9.445534628999999877e-03,-8.757695061999999989e-03
6.574429200000000417e-01,4.209764908999999999e-01,1.202289919000000019e-02,-8.259085270999999562e-03
6.584429200000000426e-01,4.204004028000000170e-01,1.443756851999999924e-02,-7.638199241000000368e-03
6.594429200000000435e-01,4.193252214000000033e-01,1.682953231999999993e-02,-6.886931094999999836e-03
6.604429200000000444e-01,4.183267692000000038e-01,1.876136415000000113e-02,-6.143663332000000137e-03
6.614429200000000453e-01,4.173476286999999729e-01,2.035876529000000060e-02,-5.379914349000000304e-03
6.624429200000000462e-01,4.152203165000000196e-01,2.163457682999999840e-02,-4.595851542000000192e-03
6.634429200000000471e-01,4.137320116000000048e-01,2.221658322999999977e-02,-3.952687790999999742e-03
6.644429200000000479e-01,4.125062052999999840e-01,2.216768531000000084e-02,-3.518428759000000097e-03
6.654429200000000488e-01,4.106776739999999926e-01,2.199290606000000106e-02,-3.145938270999999817e-03
6.664429200000000497e-01,4.089172348999999818e-01,2.139895734000000008e-02,-2.815139095999999973e-03
6.674429200000000506e-01,4.074230531999999960e-01,2.038246797999999915e-02,-2.579734326000000192e-03
6.684429200000000515e-01,4.058987879000000021e-01,1.892381883999999861e-02,-2.487882725999999989e-03
6.694429200000000524e-01,4.057400438000000054e-01,1.697359744999999906e-02,-2.612913042999999956e-03
6.704429200000000533e-01,4.067281353000000155e-01,1.460221389999999918e-02,-2.858661700999999989e-03
6.714429200000000542e-01,4.084665900000000183e-01,1.223852584999999930e-02,-3.143135172000000206e-03
6.724429200000000550e-01,4.114478329999999850e-01,9.801397583999999288e-03,-3.616557849999999918e-03
6.734429199999999449e-01,4.149154333999999777e-01,7.290195868000000183e-03,-4.180768940000000218e-03
6.744429199999999458e-01,4.178345528999999892e-01,4.792211973999999791e-03,-4.735741350999999807e-03
6.754429199999999467e-01,4.200203764000000062e-01,2.538354603999999799e-03,-5.295364236999999807e-03
6.764429199999999476e-01,4.216047841000000185e-01,1.513164325000000059e-04,-5.953346556000000366e-03
6.774429199999999485e-01,4.226295570999999973e-01,-1.888608274999999939e-03,-6.646714976999999747e-03
6.784429199999999494e-01,4.224596440000000230e-01,-3.612660108000000179e-03,-7.296732739000000301e-03
6.794429199999999502e-01,4.214926033999999988e-01,-4.710747109000000370e-03,-7.807530650000000030e-03
6.804429199999999511e-01,4.200642163000000151e-01,-5.498379757999999860e-03,-8.384336517999999711e-03
6.814429199999999520e-01,4.181436706000000170e-01,-6.036765472999999771e-03,-8.834585932999999142e-03
6.824429199999999529e-01,4.161326068000000267e-01,-6.126314501000000058e-03,-9.154774665000000450e-03
6.834429199999999538e-01,4.138475987999999939e-01,-5.799585696000000151e-03,-9.267544807999999329e-03
6.844429199999999547e-01,4.106587501000000251e-01,-4.889121740999999820e-03,-9.209129724000000503e-03
6.854429199999999556e-01,4.080743430000000060e-01,-3.649088538999999999e-03,-9.073077695999999526e-03
6.864429199999999565e-01,4.063846663999999831e-01,-2.114733576000000018e-03,-8.854326036999999455e-03
6.874429199999999573e-01,4.061085233999999766e-01,-3.846922943999999929e-04,-8.641536353000000767e-03
6.884429199999999582e-01,4.052722210999999963e-01,1.137954474000000106e-03,-8.392787829999999796e-03
6.894429199999999591e-01,4.053128478999999951e-01,2.502107428999999963e-03,-8.034415358999999479e-03
6.904429199999999600e-01,4.051957379000000192e-01,4.063828305000000314e-03,-7.585876878000000038e-03
6.914429199999999609e-01,4.060920462000000009e-01,5.602405236999999892e-03,-7.163664444000000103e-03
6.924429199999999618e-01,4.065364603000000132e-01,7.038406609999999820e-03,-6.674851998999999786e-03
6.934429199999999627e-01,4.063197063999999803e-01,8.701878972999999712e-03,-5.996746193000000377e-03
6.944429199999999636e-01,4.050501931000000111e-01,1.046798105999999923e-02,-5.233323925000000001e-03
6.954429199999999645e-01,4.037532110000000007e-01,1.226003154999999976e-02,-4.458133185999999665e-03
6.964429199999999653e-01,4.025503465999999975e-01,1.385597243999999936e-02,-3.726921374000000033e-03
6.974429199999999662e-01,4.017430349000000178e-01,1.520247071000000068e-02,-3.048212843999999894e-03
6.984429199999999671e-01,4.002994756000000098e-01,1.625011608999999899e-02,-2.388997368000000173e-03
6.994429199999999680e-01,3.999279452999999762e-01,1.665400065000000041e-02,-1.945713989999999904e-03
7.004429199999999689e-01,3.999970142000000006e-01,1.675155979999999947e-02,-1.696010389999999925e-03
7.014429199999999698e-01,3.994535802999999996e-01,1.668750608000000094e-02,-1.434148889000000024e-03
7.024429199999999707e-01,3.990600163999999950e-01,1.643120623999999932e-02,-1.271386683000000090e-03
7.034429199999999716e-01,3.983897711000000119e-01,1.589588997000000031e-02,-1.219138472000000101e-03
7.044429199999999724e-01,3.978174441999999811e-01,1.493347176999999977e-02,-1.377714574000000027e-03
7.054429199999999733e-01,3.981084575000000125e-01,1.365371460999999925e-02,-1.761754088000000006e-03
7.064429199999999742e-01,3.993479168999999884e-01,1.233693867000000034e-02,-2.267684366000000118e-03
7.074429199999999751e-01,4.009449583999999955e-01,1.115796211000000086e-02,-2.831285955999999875e-03
7.084429199999999760e-01,4.030214480000000044e-01,9.801518345999999868e-03,-3.606906179000000153e-03
7.094429199999999769e-01,4.044649625000000248e-01,8.442603454000000701e-03,-4.469625746000000129e-03
7.104429199999999778e-01,4.056292081999999799e-01,7.345402693000000274e-03,-5.371866206000000359e-03
7.114429199999999787e-01,4.061061414000000092e-01,6.241775354000000074e-03,-6.300207773000000323e-03
7.124429199999999796e-01,4.059671678999999811e-01,4.965600391000000308e-03,-7.301227020999999894e-03
7.134429199999999804e-01,4.054045300999999935e-01,3.571017557000000057e-03,-8.263770550999999243e-03
7.144429199999999813e-01,4.034993599999999736e-01,2.413962782999999872e-03,-9.095450378000000807e-03
7.154429199999999822e-01,4.018764414000000063e-01,1.603463735999999945e-03,-9.788148502999999279e-03
7.164429199999999831e-01,4.002876824000000111e-01,6.229316254999999565e-04,-1.043190362000000031e-02
7.174429199999999840e-01,3.989678681000000116e-01,1.632439930000000120e-05,-1.091335539999999972e-02
7.184429199999999849e-01,3.977742598999999823e-01,-3.227714083000000011e-04,-1.121166799000000019e-02
7.194429199999999858e-01,3.967772218999999767e-01,-2.039596116000000044e-04,-1.129289124000000012e-02
7.204429199999999867e-01,3.953281162999999765e-01,2.936851704999999873e-04,-1.118794057999999980e-02
7.214429199999999875e-01,3.951246985999999906e-01,1.130324921000000048e-03,-1.096309948000000027e-02
7.224429199999999884e-01,3.961846559000000156e-01,2.137147126000000195e-03,-1.063077815000000072e-02
7.234429199999999893e-01,3.977485130000000257e-01,3.127774109999999826e-03,-1.025756012000000016e-02
7.244429199999999902e-01,3.990270531999999815e-01,3.972666530999999744e-03,-9.812885199000000863e-03
7.254429199999999911e-01,4.011408020000000185e-01,4.758604603999999801e-03,-9.257706298999999334e-03
7.264429199999999920e-01,4.039078883000000175e-01,5.676788821000000075e-03,-8.613994677999999711e-03
7.274429199999999929e-01,4.076659212000000032e-01,6.551257268000000231e-03,-8.002737225999999315e-03
7.284429199999999938e-01,4.104192662999999741e-01,7.661692710000000094e-03,-7.276116267999999804e-03
7.294429199999999947e-01,4.125423584999999838e-01,9.043760616999999349e-03,-6.469842972999999969e-03
7.304429199999999955e-01,4.138566879999999726e-01,1.068602261000000005e-02,-5.578854440000000255e-03
7.314429199999999964e-01,4.151314301999999845e-01,1.211828120999999987e-02,-4.704041166999999718e-03
7.324429199999999973e-01,4.160637728000000091e-01,1.337639497000000025e-02,-3.910527438999999994e-03
7.334429199999999982e-01,4.164819559999999865e-01,1.462586350000000084e-02,-3.206722195000000046e-03
7.344429199999999991e-01,4.157797554000000062e-01,1.566401179999999879e-02,-2.617930372999999894e-03
7.354429200000000000e-01,4.154303395999999760e-01,1.620624084000000034e-02,-2.300640635000000128e-03
7.364429200000000009e-01,4.156131195000000167e-01,1.661133559999999898e-02,-2.159838188999999974e-03
7.374429200000000018e-01,4.151035770000000014e-01,1.695397016999999895e-02,-2.070737734000000115e-03
7.384429200000000026e-01,4.141650279999999906e-01,1.716576029999999919e-02,-2.137631507999999785e-03
7.394429200000000035e-01,4.124057555000000264e-01,1.718677562000000061e-02,-2.330087084999999877e-03
7.404429200000000044e-01,4.107711546000000213e-01,1.676510440999999865e-02,-2.778993149999999836e-03
7.414429200000000053e-01,4.101084240999999797e-01,1.610165959999999841e-02,-3.426453034000000175e-03
7.424429200000000062e-01,4.095239694000000208e-01,1.541327605999999982e-02,-4.122339929999999791e-03
7.434429200000000071e-01,4.095565593000000115e-01,1.478275796000000017e-02,-4.950772525000000056e-03
7.444429200000000080e-01,4.099476395000000162e-01,1.377750431000000081e-02,-5.883537099999999916e-03
7.454429200000000089e-01,4.095502713999999989e-01,1.255706738000000010e-02,-6.757379231999999930e-03
7.464429200000000098e-01,4.095348699999999953e-01,1.137149613000000038e-02,-7.591616207000000290e-03
7.474429200000000106e-01,4.096392085000000183e-01,9.641483714000000788e-03,-8.400462344999999956e-03
7.484429200000000115e-01,4.095706427999999955e-01,7.781582429999999578e-03,-9.174473161999999182e-03
7.494429200000000124e-01,4.094030711000000156e-01,5.820576953000000144e-03,-9.889292323999999620e-03
7.504429200000000133e-01,4.091764198000000241e-01,3.870032164000000025e-03,-1.038727029000000024e-02
7.514429200000000142e-01,4.093814791000000008e-01,2.070510682000000109e-03,-1.070279617999999981e-02
7.524429200000000151e-01,4.097455515000000270e-01,1.436896794000000032e-04,-1.093710191000000012e-02
7.534429200000000160e-01,4.103678847000000185e-01,-1.317801837000000080e-03,-1.101007963000000082e-02
7.544429200000000169e-01,4.110229024000000009e-01,-2.481527200999999929e-03,-1.090337157000000057e-02
7.554429200000000177e-01,4.116830788999999990e-01,-3.065653000000000215e-03,-1.058799854999999991e-02
7.564429200000000186e-01,4.117361590999999987e-01,-3.395384824000000166e-03,-1.007452650000000005e-02
7.574429200000000195e-01,4.125915309000000031e-01,-3.392383684999999982e-03,-9.462061093999999534e-03
7.584429200000000204e-01,4.144119871999999982e-01,-2.881479508999999859e-03,-8.811096420999999651e-03
7.594429200000000213e-01,4.158898864000000195e-01,-2.303906810999999891e-03,-8.168971424999999301e-03
7.604429200000000222e-01,4.167936261999999892e-01,-1.662218024999999929e-03,-7.518151988999999778e-03
7.614429200000000231e-01,4.174639501999999891e-01,-7.116408544000000060e-04,-6.831036004999999946e-03
7.624429200000000240e-01,4.181297104000000209e-01,5.746030370999999663e-04,-6.179893080000000219e-03
7.634429200000000248e-01,4.187056150999999837e-01,2.041502174999999895e-03,-5.634707600999999851e-03
7.644429200000000257e-01,4.182147747000000138e-01,4.013302588000000094e-03,-4.993405765999999781e-03
7.654429200000000266e-01,4.167600407000000007e-01,6.195872867999999839e-03,-4.361259703999999932e-03
7.664429200000000275e-01,4.146287437999999770e-01,8.626441638000000370e-03,-3.703349832000000022e-03
7.674429200000000284e-01,4.126483115999999840e-01,1.076085985999999939e-02,-3.119030919999999860e-03
7.684429200000000293e-01,4.107046310999999950e-01,1.272912068000000077e-02,-2.595220345000000001e-03
7.694429200000000302e-01,4.084986519000000094e-01,1.450648335000000004e-02,-2.095402552000000078e-03
7.704429200000000311e-01,4.067846193999999915e-01,1.582494271999999869e-02,-1.754292434999999957e-03
7.714429200000000320e-01,4.054870899999999945e-01,1.654263128000000097e-02,-1.623757905000000048e-03
7.724429200000000328e-01,4.035359088000000094e-01,1.694176139000000067e-02,-1.516142837999999958e-03
7.734429200000000337e-01,4.014547924999999906e-01,1.715065023000000161e-02,-1.415453222000000091e-03
7.744429200000000346e-01,3.987615109000000047e-01,1.701820272000000023e-02,-1.384898211000000099e-03
7.754429200000000355e-01,3.954698788000000076e-01,1.628094202000000129e-02,-1.404509744000000029e-03
7.764429200000000364e-01,3.932267541999999727e-01,1.494272947999999990e-02,-1.570490647999999920e-03
7.774429200000000373e-01,3.914140480000000144e-01,1.322034195000000058e-02,-1.849238492999999992e-03
7.784429200000000382e-01,3.901942287999999870e-01,1.148410482999999947e-02,-2.128957280000000080e-03
7.794429200000000391e-01,3.907208526000000015e-01,9.587563841999999573e-03,-2.570729328999999883e-03
7.804429200000000399e-01,3.918780627999999822e-01,7.336175938000000056e-03,-3.127901633999999841e-03
7.814429200000000408e-01,3.935104358000000024e-01,5.226987393000000377e-03,-3.729583582000000133e-03
7.824429200000000417e-01,3.955584944000000158e-01,3.306532732000000158e-03,-4.375414026999999671e-03
7.834429200000000426e-01,3.979303717000000074e-01,1.079952764000000108e-03,-5.152332885000000286e-03
7.844429200000000435e-01,4.007792640000000239e-01,-9.511318488000000378e-04,-5.975710268999999755e-03
7.854429200000000444e-01,4.034759290000000109e-01,-2.644993027999999885e-03,-6.879779721999999646e-03
7.864429200000000453e-01,4.057110227999999874e-01,-3.487594871000000100e-03,-7.782633831000000321e-03
7.874429200000000462e-01,4.077033787000000076e-01,-3.868017155999999880e-03,-8.746214179999999699e-03
7.884429200000000471e-01,4.092862059999999857e-01,-3.933620597000000302e-03,-9.674614599000000426e-03
7.894429200000000479e-01,4.107246036000000156e-01,-3.427419457000000034e-03,-1.047900134999999941e-02
7.904429200000000488e-01,4.113356284999999946e-01,-2.451342742000000088e-03,-1.104449803999999966e-02
7.914429200000000497e-01,4.110184875999999821e-01,-1.026849435000000031e-03,-1.136033225999999972e-02
7.924429200000000506e-01,4.104162526999999838e-01,6.879353244999999832e-04,-1.147177115999999976e-02
7.934429200000000515e-01,4.099133738999999887e-01,2.620627951000000042e-03,-1.143717466000000044e-02
7.944429200000000524e-01,4.097807799000000029e-01,4.683082148999999708e-03,-1.129884729000000046e-02
7.954429200000000533e-01,4.089680110000000202e-01,6.491343152000000373e-03,-1.105933748000000050e-02
7.964429200000000542e-01,4.082837740999999965e-01,8.049245264000000691e-03,-1.067199920999999975e-02
7.974429200000000550e-01,4.070424148999999825e-01,9.511659734000000102e-03,-1.003498864999999990e-02
7.984429199999999449e-01,4.061967499999999953e-01,1.075090578000000019e-02,-9.328571229000000298e-03
7.994429199999999458e-01,4.053636668000000221e-01,1.173204031999999959e-02,-8.554622886000000370e-03
8.004429199999999467e-01,4.042650436999999930e-01,1.292254877999999933e-02,-7.569181525000000417e-03
8.014429199999999476e-01,4.030306853000000245e-01,1.401875862999999930e-02,-6.498010612000000401e-03
8.024429199999999485e-01,4.015932395999999849e-01,1.512926294000000067e-02,-5.405785213000000207e-03
8.034429199999999494e-01,4.009486391000000038e-01,1.587433291000000038e-02,-4.403962332999999951e-03
8.044429199999999502e-01,4.009554760999999856e-01,1.643788850999999829e-02,-3.501824761000000164e-03
8.054429199999999511e-01,4.004622043000000131e-01,1.685356730000000039e-02,-2.685105758000000137e-03
8.064429199999999520e-01,4.012068728000000029e-01,1.673497206999999959e-02,-2.099609003000000099e-03
8.074429199999999529e-01,4.025327860999999841e-01,1.624869483000000031e-02,-1.796777054000000054e-03
8.084429199999999538e-01,4.031613372999999778e-01,1.572931906000000005e-02,-1.546662814000000080e-03
8.094429199999999547e-01,4.034433391999999730e-01,1.512737425999999968e-02,-1.408356252000000008e-03
8.104429199999999556e-01,4.034186200000000055e-01,1.443232099000000060e-02,-1.433134853000000031e-03
8.114429199999999565e-01,4.031045379000000040e-01,1.346577451000000036e-02,-1.636067852000000012e-03
8.124429199999999573e-01,4.033109034999999842e-01,1.211668748000000080e-02,-2.067980732000000189e-03
8.134429199999999582e-01,4.038521220999999883e-01,1.061414224000000080e-02,-2.621408861000000014e-03
8.144429199999999591e-01,4.042612526000000095e-01,9.329546213999999338e-03,-3.176726736000000037e-03
8.154429199999999600e-01,4.054610068999999761e-01,7.679226923999999711e-03,-3.861613416999999920e-03
8.164429199999999609e-01,4.060442564999999782e-01,5.848800989000000304e-03,-4.529134657999999737e-03
8.174429199999999618e-01,4.065582643999999801e-01,4.139063705000000336e-03,-5.177700965000000405e-03
8.184429199999999627e-01,4.064623117999999757e-01,2.548121370999999798e-03,-5.805351525999999894e-03
8.194429199999999636e-01,4.063205909000000005e-01,7.273833752000000413e-04,-6.480353000999999891e-03
8.204429199999999645e-01,4.056563644999999774e-01,-9.353796748999999985e-04,-7.139261610999999771e-03
8.214429199999999653e-01,4.044595732999999860e-01,-2.315816358999999922e-03,-7.743666952999999839e-03
8.224429199999999662e-01,4.035444613999999985e-01,-3.241566218999999971e-03,-8.215618555000000003e-03
8.234429199999999671e-01,4.027444989000000253e-01,-4.113930747000000068e-03,-8.698267661000000373e-03
8.244429199999999680e-01,4.025304821999999838e-01,-4.535598820000000253e-03,-9.141840752000000500e-03
8.254429199999999689e-01,4.023364856000000156e-01,-4.482543896999999743e-03,-9.467226251999999453e-03
8.264429199999999698e-01,4.018324878999999794e-01,-3.835147336000000080e-03,-9.628202476999999163e-03
8.274429199999999707e-01,4.006009709000000196e-01,-2.622818587000000107e-03,-9.643705823000000427e-03
8.284429199999999716e-01,3.995929498999999940e-01,-9.443916949000000010e-04,-9.618486940999999152e-03
8.294429199999999724e-01,3.990752510999999725e-01,8.947852618000000195e-04,-9.491384016000000215e-03
8.304429199999999733e-01,3.991745959999999926e-01,2.794734516000000214e-03,-9.316375631000000518e-03
8.314429199999999742e-01,3.984015100000000142e-01,4.458329032000000330e-03,-9.075495225999999360e-03
8.324429199999999751e-01,3.977854726000000229e-01,6.121765581000000213e-03,-8.746637586000000075e-03
8.334429199999999760e-01,3.967534444999999965e-01,7.900461125999999612e-03,-8.316784932000000422e-03
8.344429199999999769e-01,3.970288418999999847e-01,9.542326877000000679e-03,-7.917441492999999220e-03
8.354429199999999778e-01,3.967662666999999810e-01,1.102705720000000077e-02,-7.389222719000000140e-03
8.364429199999999787e-01,3.964069425000000257e-01,1.261880337000000074e-02,-6.673636246000000036e-03
8.374429199999999796e-01,3.958664349000000082e-01,1.417246705000000002e-02,-5.826630307000000251e-03
8.384429199999999804e-01,3.965668902000000218e-01,1.551732012999999973e-02,-5.023793850999999991e-03
8.394429199999999813e-01,3.980112002000000260e-01,1.648579747000000068e-02,-4.248233044000000388e-03
8.404429199999999822e-01,4.001994376999999936e-01,1.733241253000000065e-02,-3.563405429999999974e-03
8.414429199999999831e-01,4.020339278999999766e-01,1.793101220999999967e-02,-2.984871224000000024e-03
8.424429199999999840e-01,4.045347020000000238e-01,1.788107916000000047e-02,-2.635106214999999915e-03
8.434429199999999849e-01,4.069985549999999841e-01,1.750286343999999869e-02,-2.418542602999999847e-03
8.444429199999999858e-01,4.084850829000000183e-01,1.694781982000000131e-02,-2.175630526000000078e-03
8.454429199999999867e-01,4.093119378000000252e-01,1.608158989999999844e-02,-1.948597482000000072e-03
8.464429199999999875e-01,4.091454187999999936e-01,1.489498273000000074e-02,-1.794328191000000086e-03
8.474429199999999884e-01,4.086126424000000035e-01,1.312435984000000048e-02,-1.793051461000000043e-03
8.484429199999999893e-01,4.083667979999999753e-01,1.104610705000000012e-02,-1.967918112999999906e-03
8.494429199999999902e-01,4.081889383000000260e-01,8.899009697999999205e-03,-2.186021286999999952e-03
8.504429199999999911e-01,4.080735188999999874e-01,6.856769912999999793e-03,-2.476387587999999852e-03
8.514429199999999920e-01,4.081164608000000249e-01,4.582525655999999600e-03,-2.914953882000000020e-03
8.524429199999999929e-01,4.077124946999999833e-01,2.394157586999999879e-03,-3.427282252000000105e-03
8.534429199999999938e-01,4.069737303000000028e-01,5.418731292999999678e-04,-3.980032809000000338e-03
8.544429199999999947e-01,4.059838620999999814e-01,-1.272408835999999958e-03,-4.600760669000000108e-03
8.554429199999999955e-01,4.046120431999999933e-01,-2.951457285999999937e-03,-5.351468940999999993e-03
8.564429199999999964e-01,4.033308552000000047e-01,-4.285338672999999994e-03,-6.220664988999999832e-03
8.574429199999999973e-01,4.019260669999999980e-01,-5.147401593000000032e-03,-7.044413174000000409e-03
8.584429199999999982e-01,4.011928284999999872e-01,-5.352577786999999747e-03,-7.875883942999999457e-03
8.594429199999999991e-01,4.009025393999999798e-01,-5.494698985000000084e-03,-8.712877936999999240e-03
8.604429200000000000e-01,4.010548038999999787e-01,-5.033913018999999593e-03,-9.474067827000000677e-03
8.614429200000000009e-01,4.013422052999999767e-01,-4.146363133999999596e-03,-1.013010144999999980e-02
8.624429200000000018e-01,4.018398906999999798e-01,-2.756522051000000195e-03,-1.057377376000000029e-02
8.634429200000000026e-01,4.022226854000000018e-01,-1.005147009000000036e-03,-1.083318804000000038e-02
8.644429200000000035e-01,4.034582890999999782e-01,1.083915391999999917e-03,-1.096842645000000067e-02
8.654429200000000044e-01,4.058250078000000260e-01,3.300421084000000095e-03,-1.099047380999999997e-02
8.664429200000000053e-01,4.082965064999999893e-01,5.346573620000000422e-03,-1.093685332999999940e-02
8.674429200000000062e-01,4.099165403999999735e-01,7.221498720999999961e-03,-1.075182130999999958e-02
8.684429200000000071e-01,4.115310877999999728e-01,9.023755874999999163e-03,-1.046035313000000071e-02
8.694429200000000080e-01,4.126237978000000250e-01,1.076784863000000009e-02,-9.991202544000000671e-03
8.704429200000000089e-01,4.137109364000000067e-01,1.227440104000000060e-02,-9.490710225000000694e-03
8.714429200000000098e-01,4.133630236999999985e-01,1.386792214000000072e-02,-8.798882427999999215e-03
8.724429200000000106e-01,4.119490339999999917e-01,1.542062768000000000e-02,-7.937354735999999425e-03
8.734429200000000115e-01,4.091749243999999730e-01,1.709440548000000157e-02,-6.935206020000000103e-03
8.744429200000000124e-01,4.065815260999999792e-01,1.835386202000000022e-02,-5.935672868999999907e-03
8.754429200000000133e-01,4.037267771999999977e-01,1.918572483000000051e-02,-4.888998179999999583e-03
8.764429200000000142e-01,4.010799729999999785e-01,1.961219231999999923e-02,-3.841422266999999953e-03
8.774429200000000151e-01,3.985752095999999800e-01,1.948439149999999995e-02,-2.864422597999999928e-03
8.784429200000000160e-01,3.970155082999999863e-01,1.869416773999999989e-02,-2.101446459000000204e-03
8.794429200000000169e-01,3.955982489000000046e-01,1.758373686000000088e-02,-1.440659974999999957e-03
8.804429200000000177e-01,3.946686350999999982e-01,1.633986122000000152e-02,-8.501217017999999643e-04
8.814429200000000186e-01,3.941699164999999949e-01,1.483497886999999953e-02,-3.950149483000000043e-04
8.824429200000000195e-01,3.930650893000000035e-01,1.298003514999999941e-02,-4.678084507999999945e-05
8.834429200000000204e-01,3.931077837999999991e-01,1.075168016000000067e-02,1.556566101999999910e-06
8.844429200000000213e-01,3.936930584000000177e-01,8.320466215999999457e-03,-1.470665076999999924e-04
8.854429200000000222e-01,3.943639714000000129e-01,6.095616067000000048e-03,-3.934800500999999749e-04
8.864429200000000231e-01,3.954342055999999772e-01,3.898757017000000023e-03,-7.789280216999999989e-04
8.874429200000000240e-01,3.964888390999999901e-01,1.645172622999999980e-03,-1.375808702000000079e-03
8.884429200000000248e-01,3.965920848999999748e-01,-4.755441902999999870e-04,-2.010285167999999872e-03
8.894429200000000257e-01,3.962635923000000227e-01,-2.417183869999999825e-03,-2.612248559000000109e-03
8.904429200000000266e-01,3.955061453000000005e-01,-4.495593792000000290e-03,-3.341099444000000113e-03
8.914429200000000275e-01,3.943632729000000059e-01,-6.404996839000000157e-03,-4.066432915999999842e-03
8.924429200000000284e-01,3.931725147999999836e-01,-8.033064516999999585e-03,-4.850244777999999576e-03
8.934429200000000293e-01,3.923872789999999777e-01,-9.161080886999999756e-03,-5.556353186999999673e-03
8.944429200000000302e-01,3.924588714000000200e-01,-9.836106351000000608e-03,-6.271882171999999638e-03
8.954429200000000311e-01,3.926636196000000134e-01,-1.016482988999999927e-02,-7.025834701000000133e-03
8.964429200000000320e-01,3.937493482000000156e-01,-9.900099726000000447e-03,-7.710262453000000203e-03
8.974429200000000328e-01,3.952823195999999872e-01,-8.996528453000000522e-03,-8.308810808000000048e-03
8.984429200000000337e-01,3.969274892999999915e-01,-7.404547973000000054e-03,-8.753905193000000723e-03
8.994429200000000346e-01,3.982088018000000118e-01,-5.270925654000000078e-03,-9.085779736999999648e-03
9.004429200000000355e-01,4.002092033999999909e-01,-2.638373903000000142e-03,-9.363247240999999360e-03
9.014429200000000364e-01,4.029579911999999764e-01,3.479519246000000138e-04,-9.576723089000000605e-03
9.024429200000000373e-01,4.050268166000000059e-01,3.359379667999999944e-03,-9.778528139000000619e-03
9.034429200000000382e-01,4.067802566000000009e-01,6.290903096999999645e-03,-9.925899525000000251e-03
9.044429200000000391e-01,4.080540735000000030e-01,9.277285221999999679e-03,-9.911922598000000306e-03
9.054429200000000399e-01,4.089148777000000123e-01,1.214990902999999942e-02,-9.785893530000000853e-03
9.064429200000000408e-01,4.088997699999999957e-01,1.470471054999999971e-02,-9.571541197999999459e-03
9.074429200000000417e-01,4.078533753999999956e-01,1.751527962999999827e-02,-9.137583343999999830e-03
9.084429200000000426e-01,4.058502719000000036e-01,2.015097391000000154e-02,-8.579844877000000064e-03
9.094429200000000435e-01,4.032496532000000022e-01,2.263234855000000045e-02,-7.921452282000000442e-03
9.104429200000000444e-01,4.005051300999999953e-01,2.460259665999999998e-02,-7.259677542999999969e-03
9.114429200000000453e-01,3.979262015999999735e-01,2.619724639000000146e-02,-6.587793070000000362e-03
9.124429200000000462e-01,3.951468709000000024e-01,2.743063080000000126e-02,-5.961694386000000213e-03
9.134429200000000471e-01,3.935942573000000277e-01,2.796480483999999947e-02,-5.486321867000000171e-03
9.144429200000000479e-01,3.930045719999999965e-01,2.776881356999999842e-02,-5.199940806000000366e-03
9.154429200000000488e-01,3.924450398000000062e-01,2.709780914000000165e-02,-4.896216236999999596e-03
9.164429200000000497e-01,3.923231548000000179e-01,2.602187817999999930e-02,-4.602160079000000223e-03
9.174429200000000506e-01,3.923923857000000126e-01,2.446943065999999944e-02,-4.360073790999999775e-03
9.184429200000000515e-01,3.922167957000000094e-01,2.222941821000000082e-02,-4.128696085000000369e-03
9.194429200000000524e-01,3.937773595999999876e-01,1.925746612000000038e-02,-4.024414657999999569e-03
9.204429200000000533e-01,3.961202737999999779e-01,1.587111126999999830e-02,-3.990630149999999619e-03
9.214429200000000542e-01,3.983721775999999881e-01,1.249116207000000069e-02,-3.920088678999999847e-03
9.224429200000000550e-01,4.010942230000000275e-01,9.006488547999999539e-03,-3.979331616000000155e-03
9.234429199999999449e-01,4.032589151000000038e-01,5.207617430000000339e-03,-4.053152695999999791e-03
9.244429199999999458e-01,4.047436503999999879e-01,1.542637290000000057e-03,-4.098986306000000288e-03
9.254429199999999467e-01,4.052345953000000001e-01,-1.960569871000000103e-03,-4.101292436000000298e-03
9.264429199999999476e-01,4.049606751000000004e-01,-5.597816826000000419e-03,-4.213007256999999790e-03
9.274429199999999485e-01,4.042792531000000134e-01,-8.808156145999999562e-03,-4.372045798000000032e-03
9.284429199999999494e-01,4.030189598999999734e-01,-1.158168990999999988e-02,-4.608507220000000390e-03
9.294429199999999502e-01,4.013659573999999730e-01,-1.360199085999999960e-02,-4.768929667000000247e-03
9.304429199999999511e-01,4.000773313000000053e-01,-1.522090234000000007e-02,-5.034242173000000146e-03
9.314429199999999520e-01,3.988381860999999917e-01,-1.632040715000000058e-02,-5.305801223999999719e-03
9.324429199999999529e-01,3.980727144000000273e-01,-1.672302947000000109e-02,-5.525716471000000247e-03
9.334429199999999538e-01,3.974460391999999898e-01,-1.623886877999999867e-02,-5.682210687000000329e-03
9.344429199999999547e-01,3.966206000999999981e-01,-1.497009749999999965e-02,-5.759748143000000160e-03
9.354429199999999556e-01,3.965630873000000056e-01,-1.310972021000000008e-02,-5.829860876999999608e-03
9.364429199999999565e-01,3.973596717999999806e-01,-1.062211384999999994e-02,-5.900542982000000353e-03
9.374429199999999573e-01,3.987203320000000106e-01,-7.695076696000000167e-03,-6.024839455000000066e-03
9.384429199999999582e-01,3.998233401999999881e-01,-4.646935353999999928e-03,-6.229184793999999886e-03
9.394429199999999591e-01,4.011242212999999723e-01,-1.389397856999999943e-03,-6.419347017000000093e-03
9.404429199999999600e-01,4.015483602000000096e-01,2.138362535000000019e-03,-6.516663594999999587e-03
9.414429199999999609e-01,4.021447563000000169e-01,5.568818116000000089e-03,-6.620190887000000114e-03
9.424429199999999618e-01,4.019049020000000083e-01,8.888130906000000012e-03,-6.657919344999999912e-03
9.434429199999999627e-01,4.010682267999999828e-01,1.248838952999999953e-02,-6.535268171999999640e-03
9.444429199999999636e-01,3.991718732999999797e-01,1.606561406000000039e-02,-6.304371565999999927e-03
9.454429199999999645e-01,3.971607963000000074e-01,1.942823186999999979e-02,-6.011594852999999940e-03
9.464429199999999653e-01,3.953081806000000031e-01,2.228098872999999952e-02,-5.715316382000000008e-03
9.474429199999999662e-01,3.939120130000000053e-01,2.463487203000000111e-02,-5.392840434999999870e-03
9.484429199999999671e-01,3.918650820999999840e-01,2.648614485000000060e-02,-5.044889563999999799e-03
9.494429199999999680e-01,3.910903430000000069e-01,2.738586808000000039e-02,-4.804900594000000198e-03
9.504429199999999689e-01,3.911032336999999970e-01,2.750158668999999959e-02,-4.637056869000000074e-03
9.514429199999999698e-01,3.907999645999999938e-01,2.714314740000000128e-02,-4.398639012999999709e-03
9.524429199999999707e-01,3.909791018000000062e-01,2.638689132000000132e-02,-4.202967466999999596e-03
9.534429199999999716e-01,3.911475342999999882e-01,2.502387902000000053e-02,-4.003539078999999654e-03
9.544429199999999724e-01,3.916385656999999965e-01,2.293462585999999845e-02,-3.920359515999999669e-03
9.554429199999999733e-01,3.928476497000000234e-01,2.025045535999999910e-02,-3.985457795000000268e-03
9.564429199999999742e-01,3.943711745999999851e-01,1.740925998999999849e-02,-4.116772833999999583e-03
9.574429199999999751e-01,3.961862465000000055e-01,1.467536858999999964e-02,-4.320181701999999992e-03
9.584429199999999760e-01,3.981908236000000212e-01,1.154907093000000044e-02,-4.637294957000000217e-03
9.594429199999999769e-01,3.994505440000000185e-01,8.261302414999999524e-03,-4.950787982000000309e-03
9.604429199999999778e-01,4.005417792000000032e-01,5.045354113000000140e-03,-5.236771363000000158e-03
9.614429199999999787e-01,4.006050539000000077e-01,1.974961740999999979e-03,-5.507810119000000094e-03
9.624429199999999796e-01,4.001098080000000112e-01,-1.277767713999999931e-03,-5.834086484999999843e-03
9.634429199999999804e-01,3.990646844999999887e-01,-4.418274001000000242e-03,-6.158057475000000038e-03
9.644429199999999813e-01,3.975583413000000066e-01,-7.240615421000000211e-03,-6.371501481000000147e-03
9.654429199999999822e-01,3.962669249999999921e-01,-9.566652438999999689e-03,-6.498442307000000182e-03
9.664429199999999831e-01,3.950734323999999797e-01,-1.174324696999999931e-02,-6.662305024000000214e-03
9.674429199999999840e-01,3.942882694000000021e-01,-1.314053108000000011e-02,-6.798872507000000218e-03
9.684429199999999849e-01,3.938017168999999873e-01,-1.374931696000000064e-02,-6.908559952999999976e-03
9.694429199999999858e-01,3.932923240000000265e-01,-1.358436787000000083e-02,-6.880886140000000428e-03
9.704429199999999867e-01,3.924295810000000273e-01,-1.271467748999999953e-02,-6.771195469000000113e-03
9.714429199999999875e-01,3.924829162999999843e-01,-1.112195719000000013e-02,-6.677321235000000313e-03
9.724429199999999884e-01,3.935139249999999866e-01,-8.870558720999999897e-03,-6.655650360999999793e-03
9.734429199999999893e-01,3.951328017999999886e-01,-6.415417413999999728e-03,-6.683573257999999781e-03
9.744429199999999902e-01,3.964846081000000244e-01,-3.859256729999999830e-03,-6.733991390000000112e-03
9.754429199999999911e-01,3.982699055000000210e-01,-1.160713658000000039e-03,-6.710643508999999778e-03
9.764429199999999920e-01,3.997890103000000250e-01,1.834100280999999928e-03,-6.662952683999999633e-03
9.774429199999999929e-01,4.018794041000000039e-01,4.771126336999999620e-03,-6.694273033000000019e-03
9.784429199999999938e-01,4.025832599999999983e-01,7.884082675999999623e-03,-6.602970411000000199e-03
9.794429199999999947e-01,4.026735845000000147e-01,1.122142467999999969e-02,-6.383601033000000334e-03
9.804429199999999955e-01,4.018432679000000229e-01,1.462522276999999975e-02,-6.050567407999999855e-03
9.814429199999999964e-01,4.012668045000000183e-01,1.781868665999999934e-02,-5.745768390000000232e-03
9.824429199999999973e-01,4.006705145000000190e-01,2.052570383999999942e-02,-5.409174830000000253e-03
9.834429199999999982e-01,3.998330599000000096e-01,2.285068860999999937e-02,-5.028058468999999607e-03
9.844429199999999991e-01,3.989318443000000047e-01,2.451245387999999997e-02,-4.627655944000000181e-03
9.854429200000000000e-01,3.988284644999999795e-01,2.523881894999999848e-02,-4.351636709999999637e-03
9.864429200000000009e-01,3.987008602000000068e-01,2.544059362000000019e-02,-4.106517795000000359e-03
9.874429200000000018e-01,3.982460044999999726e-01,2.526760917000000009e-02,-3.834344271000000165e-03
9.884429200000000026e-01,3.976047596999999767e-01,2.471960004999999849e-02,-3.604055807999999913e-03
9.894429200000000035e-01,3.965790758000000138e-01,2.369057654999999832e-02,-3.464353497000000059e-03
9.904429200000000044e-01,3.961093553999999739e-01,2.187934819999999905e-02,-3.515752987999999982e-03
9.914429200000000053e-01,3.962896463999999730e-01,1.954044754999999939e-02,-3.688896376999999897e-03
9.924429200000000062e-01,3.965627273999999813e-01,1.708655405999999835e-02,-3.893398413999999818e-03
9.934429200000000071e-01,3.971940681999999723e-01,1.441221678999999971e-02,-4.167411499999999942e-03
9.944429200000000080e-01,3.981164546000000026e-01,1.141000661999999957e-02,-4.555153487000000376e-03
9.954429200000000089e-01,3.983668864000000087e-01,8.316191452999999179e-03,-4.928909474999999818e-03
9.964429200000000098e-01,3.982407620000000259e-01,5.301140707999999965e-03,-5.247544500000000424e-03
9.974429200000000106e-01,3.972886520000000199e-01,2.079119819000000129e-03,-5.616865117999999928e-03
9.984429200000000115e-01,3.960690714999999806e-01,-1.113355858999999937e-03,-5.992326370999999895e-03
9.994429200000000124e-01,3.946731169000000095e-01,-4.130953653999999697e-03,-6.358129288999999837e-03
1.000442899999999913e+00,3.931753109000000190e-01,-6.708062885999999808e-03,-6.636179845999999952e-03
1.001442900000000025e+00,3.920361580000000234e-01,-8.812735014999999866e-03,-6.869090807000000250e-03
1.002442899999999915e+00,3.910283019999999943e-01,-1.073378307999999989e-02,-7.051897704999999898e-03
1.003442900000000026e+00,3.906704210999999982e-01,-1.203550515999999952e-02,-7.152291986000000254e-03
1.004442899999999916e+00,3.906622033000000105e-01,-1.274484547999999925e-02,-7.115335981999999955e-03
1.005442900000000028e+00,3.906387221000000021e-01,-1.263447741000000082e-02,-6.944062657000000388e-03
1.006442899999999918e+00,3.908270164000000046e-01,-1.182238327000000033e-02,-6.759181595000000181e-03
1.007442900000000030e+00,3.920254136999999917e-01,-1.034123982000000053e-02,-6.601918291999999723e-03
1.008442899999999920e+00,3.944468910999999745e-01,-8.313420849999999390e-03,-6.473727385000000063e-03
1.009442900000000032e+00,3.968196715000000263e-01,-6.128129896999999840e-03,-6.433861649999999925e-03
1.010442899999999922e+00,3.988592908999999964e-01,-3.737017130999999940e-03,-6.394053355999999681e-03
1.011442900000000034e+00,4.009342368000000101e-01,-1.136714777999999967e-03,-6.301496906999999592e-03
1.012442899999999923e+00,4.028033529000000224e-01,1.565700010999999904e-03,-6.157214957999999905e-03
1.013442900000000035e+00,4.044418374000000038e-01,4.047998411000000227e-03,-5.986582233000000211e-03
1.014442899999999925e+00,4.049404739999999947e-01,6.835789981000000085e-03,-5.635004514000000429e-03
1.015442900000000037e+00,4.042991114000000219e-01,9.805142753000000225e-03,-5.226127237999999599e-03
1.016442899999999927e+00,4.024863618000000254e-01,1.281244810999999928e-02,-4.752492492000000290e-03
1.017442900000000039e+00,4.005284573999999820e-01,1.540066539000000019e-02,-4.304338563000000353e-03
1.018442899999999929e+00,3.984439928999999880e-01,1.766023632000000149e-02,-3.802520788000000092e-03
1.019442900000000041e+00,3.959869639999999968e-01,1.959606964999999895e-02,-3.309581993000000177e-03
1.020442899999999931e+00,3.939613679999999785e-01,2.091480189999999836e-02,-2.941551310000000211e-03
1.021442900000000042e+00,3.928092499999999987e-01,2.160287719999999870e-02,-2.774934271999999948e-03
1.022442899999999932e+00,3.912050555000000096e-01,2.191334362000000105e-02,-2.646668937000000183e-03
1.023442900000000044e+00,3.900260204000000064e-01,2.199438259000000007e-02,-2.586791610999999904e-03
1.024442899999999934e+00,3.889281250000000134e-01,2.175087787999999828e-02,-2.644414586000000140e-03
1.025442900000000046e+00,3.875294429999999735e-01,2.109812808000000039e-02,-2.846367521999999903e-03
1.026442899999999936e+00,3.877334045999999979e-01,1.985141996000000172e-02,-3.243604098999999796e-03
1.027442900000000048e+00,3.889046662999999793e-01,1.817288325000000065e-02,-3.770999827999999866e-03
1.028442899999999938e+00,3.905643508000000153e-01,1.637035875999999848e-02,-4.279000713999999567e-03
1.029442900000000050e+00,3.934099204000000016e-01,1.428852400999999946e-02,-4.883603926000000019e-03
1.030442899999999939e+00,3.961174882999999869e-01,1.186025001999999919e-02,-5.559559969000000407e-03
1.031442900000000051e+00,3.985972543999999895e-01,9.390365682999999783e-03,-6.210550813999999795e-03
1.032442899999999941e+00,4.004359165999999970e-01,6.880216790000000075e-03,-6.755483258999999893e-03
1.033442900000000053e+00,4.018448414999999940e-01,3.960658451999999642e-03,-7.362026663999999762e-03
1.034442899999999943e+00,4.024886731000000273e-01,1.154130043000000001e-03,-7.901310644000000827e-03
1.035442900000000055e+00,4.024741416000000016e-01,-1.603867739000000006e-03,-8.348636148000000701e-03
1.036442899999999945e+00,4.019173422000000273e-01,-3.844903635999999836e-03,-8.623718157999999204e-03
1.037442900000000057e+00,4.010539187000000116e-01,-5.870696501000000067e-03,-8.835276528999999601e-03
1.038442899999999947e+00,4.000018499999999921e-01,-7.609186908999999825e-03,-8.965856296000000031e-03
1.039442900000000058e+00,3.992449601999999986e-01,-8.773509040000000356e-03,-8.997488499000000708e-03
1.040442899999999948e+00,3.981618863999999980e-01,-9.213549378999999484e-03,-8.859912173999999474e-03
1.041442900000000060e+00,3.964118012000000246e-01,-9.004212855999999335e-03,-8.592947057000000291e-03
1.042442899999999950e+00,3.949119112999999737e-01,-8.103205359000000343e-03,-8.306753337999999570e-03
1.043442900000000062e+00,3.940034552000000190e-01,-6.629698720000000434e-03,-7.965694751000000629e-03
1.044442899999999952e+00,3.941640193000000014e-01,-4.840778329999999990e-03,-7.647042740000000241e-03
1.045442900000000064e+00,3.937819717000000108e-01,-3.004902861999999859e-03,-7.335875518000000046e-03
1.046442899999999954e+00,3.940165333999999797e-01,-1.073097290999999991e-03,-7.015619378999999635e-03
1.047442900000000066e+00,3.940555895999999780e-01,1.210503739000000009e-03,-6.606841980000000003e-03
1.048442899999999955e+00,3.947183410999999809e-01,3.503504408999999833e-03,-6.247585929999999697e-03
1.049442900000000067e+00,3.949740901000000082e-01,5.752397056000000015e-03,-5.861463184000000048e-03
1.050442920000000058e+00,3.948994758000000105e-01,8.373328624000000303e-03,-5.304543695000000364e-03
