time_s,CD,CL,CM
1.200000000000000030e-04,5.661809723999999822e-01,-2.951206680000000027e-02,-8.256186832999999267e-03
2.640000000000000202e-04,5.134120623000000272e-01,-1.588039751000000152e-02,-1.060230682999999986e-02
4.367999999999999921e-04,5.303643510000000116e-01,-2.521908243000000119e-02,-1.011570122999999946e-02
6.441599999999999583e-04,5.355100380999999743e-01,-2.670661393999999855e-02,-1.068295237000000016e-02
8.929920000000000045e-04,5.426409600999999583e-01,-2.744116707999999863e-02,-1.140914204999999952e-02
1.189885899999999991e-03,5.501305951999999611e-01,-2.763858169000000045e-02,-1.213489507000000030e-02
1.535715300000000099e-03,5.578009457999999476e-01,-2.771786299999999884e-02,-1.281703959999999989e-02
1.930795400000000044e-03,5.632839619999999714e-01,-2.794276681999999928e-02,-1.343999576000000015e-02
2.375250199999999826e-03,5.649204837000000312e-01,-2.902370430000000140e-02,-1.404165733999999943e-02
2.869256299999999819e-03,5.623322464000000132e-01,-3.078953209999999927e-02,-1.438699143999999999e-02
3.368894600000000086e-03,5.558955016000000082e-01,-3.218888778000000145e-02,-1.440571747999999999e-02
3.874043900000000065e-03,5.490842427000000026e-01,-3.282651174000000144e-02,-1.424279867999999998e-02
4.384346100000000371e-03,5.419722828999999908e-01,-3.225083356999999817e-02,-1.398386515999999920e-02
4.898315700000000113e-03,5.362202202000000417e-01,-3.036332661000000141e-02,-1.367774203999999952e-02
5.414810400000000072e-03,5.301825710999999997e-01,-2.745340447999999878e-02,-1.330783762000000044e-02
5.933610199999999821e-03,5.248459285000000030e-01,-2.383937230999999893e-02,-1.289850990000000058e-02
6.454660499999999822e-03,5.202163681999999456e-01,-1.970908550999999828e-02,-1.243922127999999919e-02
6.977585799999999963e-03,5.168300205000000425e-01,-1.501583228000000041e-02,-1.201872466999999965e-02
7.501732900000000412e-03,5.139270584999999780e-01,-1.032521865999999969e-02,-1.158424280999999917e-02
8.026464299999999316e-03,5.118240869000000304e-01,-5.481097354999999761e-03,-1.126397435999999981e-02
8.551390500000000464e-03,5.099781723999999850e-01,-7.074060160999999644e-04,-1.097111029000000064e-02
9.076357000000000175e-03,5.087964515999999771e-01,4.358443743000000106e-03,-1.080845235000000085e-02
9.601263900000000379e-03,5.079183351999999596e-01,8.975901122000000051e-03,-1.056909332999999944e-02
1.012592499999999916e-02,5.076356825000000184e-01,1.341184087000000039e-02,-1.039923235999999987e-02
1.065014799999999991e-02,5.071213585999999607e-01,1.730055952000000147e-02,-1.022264728999999935e-02
1.117384499999999996e-02,5.073791913999999847e-01,2.095690513999999907e-02,-1.004733021999999927e-02
1.169708900000000079e-02,5.079045384999999468e-01,2.423580293999999871e-02,-9.936761271999999465e-03
1.221996600000000051e-02,5.082969185000000278e-01,2.696107085000000111e-02,-9.858013427000000134e-03
1.274257300000000009e-02,5.091623844999999537e-01,2.928837922000000066e-02,-9.795550547999999635e-03
1.326493400000000079e-02,5.104019087000000177e-01,3.107617068999999829e-02,-9.767933253999999330e-03
1.378708799999999943e-02,5.116146174000000268e-01,3.237827349999999882e-02,-9.772799513000000535e-03
1.430904700000000009e-02,5.127958726000000356e-01,3.333446366000000077e-02,-9.790686338999999780e-03
1.483089500000000019e-02,5.131478761000000111e-01,3.392339720999999753e-02,-9.852011178999999647e-03
1.535270499999999948e-02,5.132411881999999759e-01,3.412575494999999653e-02,-9.922059813999999783e-03
1.587457199999999999e-02,5.128215143000000031e-01,3.403203005000000197e-02,-9.948419533000000051e-03
1.639655099999999879e-02,5.122630633000000433e-01,3.359314287000000204e-02,-1.002569547999999922e-02
1.691870200000000074e-02,5.119968733999999966e-01,3.287081439000000271e-02,-1.016539835999999940e-02
1.744104600000000171e-02,5.109944560000000413e-01,3.213668327000000075e-02,-1.026170216000000038e-02
1.796358199999999877e-02,5.102812423999999458e-01,3.143862137999999667e-02,-1.042251614999999999e-02
1.848628899999999950e-02,5.099046256999999471e-01,3.057423445999999864e-02,-1.060576541999999969e-02
1.900912399999999877e-02,5.093563760000000551e-01,2.978845720000000002e-02,-1.084358042999999938e-02
1.953204500000000135e-02,5.092547305000000302e-01,2.913801325000000067e-02,-1.107594846000000029e-02
2.005501200000000053e-02,5.090999306000000280e-01,2.875253243999999903e-02,-1.135849805999999962e-02
2.057799600000000118e-02,5.081235749000000412e-01,2.855654444999999875e-02,-1.166591177000000056e-02
2.110097699999999993e-02,5.071712656000000319e-01,2.842129909000000107e-02,-1.190617335999999936e-02
2.162394600000000153e-02,5.069061428000000147e-01,2.848249234999999935e-02,-1.215089746999999977e-02
2.214689499999999978e-02,5.065354843999999579e-01,2.889348091999999896e-02,-1.236639701999999938e-02
2.266981900000000077e-02,5.059995683000000355e-01,2.945638135999999879e-02,-1.248876452999999991e-02
2.319271100000000127e-02,5.057390888999999667e-01,3.030536576000000121e-02,-1.262386107999999979e-02
2.371556500000000095e-02,5.052772204000000045e-01,3.125820019000000172e-02,-1.271867680999999931e-02
2.423838000000000034e-02,5.046349449999999459e-01,3.225701190000000024e-02,-1.272200666999999917e-02
2.476115599999999944e-02,5.035171244999999685e-01,3.340785595000000247e-02,-1.263179375000000014e-02
2.528390299999999993e-02,5.021457021999999881e-01,3.474776819000000017e-02,-1.254025918000000080e-02
2.580663199999999949e-02,5.011365425999999568e-01,3.608827724000000098e-02,-1.236989894000000041e-02
2.632935499999999873e-02,5.001899932000000160e-01,3.743948365000000084e-02,-1.216889609000000073e-02
2.685208700000000018e-02,4.990417509000000251e-01,3.867269358000000046e-02,-1.196597781000000027e-02
2.737483699999999909e-02,4.979366465999999769e-01,3.986749624000000131e-02,-1.176646897999999997e-02
2.789761300000000166e-02,4.966244590000000181e-01,4.083684217999999921e-02,-1.147656600000000054e-02
2.842041999999999832e-02,4.957855319000000205e-01,4.161571220000000182e-02,-1.118363523999999984e-02
2.894326200000000085e-02,4.952723258000000239e-01,4.228005298000000328e-02,-1.095380299000000071e-02
2.946613999999999831e-02,4.950243147999999760e-01,4.269925198999999921e-02,-1.075064426999999996e-02
2.998905300000000163e-02,4.948708863999999874e-01,4.278473580000000109e-02,-1.052791378999999930e-02
3.051199799999999851e-02,4.944679928999999863e-01,4.260942697999999668e-02,-1.028829524999999925e-02
3.103497100000000147e-02,4.939401784999999934e-01,4.224007937000000268e-02,-1.005493294999999961e-02
3.155796599999999980e-02,4.940508896999999955e-01,4.168256254000000244e-02,-9.848721363999999798e-03
3.208097699999999664e-02,4.943219255999999895e-01,4.065345380999999675e-02,-9.668630404999999789e-03
3.260400000000000104e-02,4.946644403000000079e-01,3.951867702999999760e-02,-9.527127849000000329e-03
3.312703399999999965e-02,4.948502625999999793e-01,3.826459622000000227e-02,-9.412659141000000174e-03
3.365007400000000204e-02,4.955015273000000220e-01,3.696503953000000037e-02,-9.362671798999999337e-03
3.417312100000000075e-02,4.961887281999999844e-01,3.583483780999999896e-02,-9.365323006999999589e-03
3.469617299999999682e-02,4.970574734000000050e-01,3.474163610000000069e-02,-9.389838376999999972e-03
3.521922999999999720e-02,4.981469841999999759e-01,3.356013717999999785e-02,-9.471543650000000675e-03
3.574229100000000242e-02,4.990589014999999851e-01,3.257635805999999773e-02,-9.620381453999999818e-03
3.626535599999999859e-02,4.997034233000000047e-01,3.183025175999999734e-02,-9.871520034999999374e-03
3.678842499999999960e-02,5.005088131999999579e-01,3.125665225000000269e-02,-1.017076991000000034e-02
3.731149999999999745e-02,5.014047564000000401e-01,3.088030929999999868e-02,-1.048356089999999928e-02
3.783457999999999960e-02,5.021815321000000498e-01,3.063462836999999994e-02,-1.076382292999999990e-02
3.835766399999999965e-02,5.030117513999999845e-01,3.047101233999999909e-02,-1.102775978000000018e-02
3.888075299999999707e-02,5.037107361999999533e-01,3.045694036000000035e-02,-1.126700832000000069e-02
3.940384499999999984e-02,5.039545158999999552e-01,3.059234540999999918e-02,-1.151964584999999944e-02
3.992693900000000157e-02,5.041148009999999458e-01,3.089597286999999984e-02,-1.170285832999999956e-02
4.045003400000000277e-02,5.042375954000000160e-01,3.128114231999999661e-02,-1.179436529000000081e-02
4.097313000000000344e-02,5.039581569000000094e-01,3.169167687999999844e-02,-1.177280477000000082e-02
4.149622399999999822e-02,5.035530378999999446e-01,3.221428106000000235e-02,-1.171420280999999931e-02
4.201931500000000153e-02,5.028748101000000137e-01,3.280459038999999910e-02,-1.162598655000000002e-02
4.254240299999999947e-02,5.024257117999999522e-01,3.339265133000000191e-02,-1.153315050999999952e-02
4.306548400000000110e-02,5.017956279999999936e-01,3.394611032000000028e-02,-1.132325875999999967e-02
4.358855799999999947e-02,5.016579872999999967e-01,3.433728604999999878e-02,-1.102706546000000072e-02
4.411161999999999722e-02,5.020640669000000500e-01,3.486859610000000304e-02,-1.082304404999999935e-02
4.463466900000000182e-02,5.023199841000000054e-01,3.523019212000000344e-02,-1.062798979999999942e-02
4.515770399999999990e-02,5.029152095000000156e-01,3.544591247000000028e-02,-1.044810432999999927e-02
4.568072299999999947e-02,5.033041188000000332e-01,3.571235740999999936e-02,-1.033256827999999919e-02
4.620372699999999999e-02,5.033686927999999616e-01,3.587122529000000282e-02,-1.018079688000000059e-02
4.672671400000000252e-02,5.034384184000000317e-01,3.611229677000000332e-02,-1.012738795000000039e-02
4.724968400000000013e-02,5.032960735000000518e-01,3.626867840999999787e-02,-1.014667277000000020e-02
4.777263500000000079e-02,5.035444629999999977e-01,3.616647869999999737e-02,-1.016328667000000047e-02
4.829556799999999706e-02,5.032827207000000191e-01,3.607152799999999854e-02,-1.022689853000000038e-02
4.881847999999999743e-02,5.035216272000000437e-01,3.577353588999999945e-02,-1.034060558999999949e-02
4.934137100000000192e-02,5.034698533999999448e-01,3.557823011999999840e-02,-1.051362081000000066e-02
4.986423999999999718e-02,5.036129523000000274e-01,3.540717847000000168e-02,-1.075199492000000062e-02
5.038708499999999813e-02,5.032417797999999554e-01,3.533293006000000347e-02,-1.096606628000000062e-02
5.090990799999999677e-02,5.033174961999999919e-01,3.512979831000000164e-02,-1.108674559000000052e-02
5.143270600000000164e-02,5.030606209000000328e-01,3.481206944000000275e-02,-1.121543426999999961e-02
5.195548099999999780e-02,5.029640319000000526e-01,3.444923133000000331e-02,-1.129397369000000040e-02
5.247823299999999913e-02,5.030602645999999734e-01,3.415801177999999716e-02,-1.141082631999999937e-02
5.300096199999999869e-02,5.033776885999999839e-01,3.389936678000000231e-02,-1.156398057999999916e-02
5.352366900000000288e-02,5.038625074000000481e-01,3.352480154000000295e-02,-1.162220758000000013e-02
5.404635599999999679e-02,5.039222106999999840e-01,3.323830473000000119e-02,-1.168509273000000077e-02
5.456902100000000227e-02,5.040928672000000166e-01,3.278079988999999667e-02,-1.163188645000000007e-02
5.509166699999999695e-02,5.041046792000000165e-01,3.235007753000000014e-02,-1.150961456999999993e-02
5.561429200000000267e-02,5.036115491000000555e-01,3.208864747000000212e-02,-1.141103440000000059e-02
5.613689799999999758e-02,5.036482211999999681e-01,3.174717841000000013e-02,-1.132356120999999938e-02
5.665948700000000143e-02,5.034798445000000511e-01,3.158682955000000070e-02,-1.120131318999999931e-02
5.718205900000000036e-02,5.035400956000000150e-01,3.160885817999999764e-02,-1.104743046999999943e-02
5.770461600000000024e-02,5.033762051000000293e-01,3.176814585999999940e-02,-1.086546017000000058e-02
5.822715700000000161e-02,5.035479210000000094e-01,3.194282357000000072e-02,-1.064971745999999941e-02
5.874968400000000340e-02,5.036393593000000335e-01,3.218672647000000303e-02,-1.044475287000000072e-02
5.927219499999999974e-02,5.033697821000000516e-01,3.243210034999999963e-02,-1.020375381999999963e-02
5.979469099999999704e-02,5.025980177000000104e-01,3.275869084000000014e-02,-9.906159135000000213e-03
6.031717100000000276e-02,5.019595034999999594e-01,3.324040491000000014e-02,-9.676063970000000833e-03
6.083963600000000249e-02,5.016089022999999925e-01,3.370763969999999998e-02,-9.442582995000000506e-03
6.136208399999999730e-02,5.021366319000000189e-01,3.413291605000000339e-02,-9.226745418000000670e-03
6.188451500000000105e-02,5.021448766999999647e-01,3.442885376999999664e-02,-9.040058623999999363e-03
6.240692800000000040e-02,5.022352368000000400e-01,3.468398403999999741e-02,-8.900146427999999429e-03
6.292932399999999482e-02,5.021887861999999592e-01,3.491694341999999895e-02,-8.826763515000000601e-03
6.345170199999999872e-02,5.018912151000000099e-01,3.522656384000000251e-02,-8.824864689999999817e-03
6.397406299999999768e-02,5.014974001999999986e-01,3.535071303000000137e-02,-8.854698701000000491e-03
6.449640600000000612e-02,5.012844544000000235e-01,3.537544858000000320e-02,-8.918307825999999619e-03
6.501873099999999628e-02,5.011355163999999807e-01,3.518157689000000338e-02,-8.938357201999999266e-03
6.554103899999999538e-02,5.011361610000000244e-01,3.485482619000000032e-02,-9.000625116999999911e-03
6.606332900000000397e-02,5.011131613000000540e-01,3.451156981000000346e-02,-9.132743368000000722e-03
6.658560099999999427e-02,5.009466311000000394e-01,3.415674951000000070e-02,-9.322137713999999187e-03
6.710785700000000686e-02,5.010352313999999474e-01,3.364879893000000122e-02,-9.479108337999999495e-03
6.763009600000000066e-02,5.010579253000000399e-01,3.309597865999999722e-02,-9.610771292999999854e-03
6.815231900000000287e-02,5.012881591000000192e-01,3.252482412999999767e-02,-9.740478238000000247e-03
6.867452699999999910e-02,5.015797923000000491e-01,3.206387623000000325e-02,-9.876424854999999586e-03
6.919671900000000375e-02,5.020407735999999899e-01,3.170753357000000161e-02,-1.004159620000000079e-02
6.971889700000000190e-02,5.026351651999999559e-01,3.130911824999999676e-02,-1.027081680000000059e-02
7.024105999999999406e-02,5.029099795000000483e-01,3.086110954000000073e-02,-1.041077146999999994e-02
7.076320799999999411e-02,5.034391097999999509e-01,3.036031931000000156e-02,-1.056349476999999919e-02
7.128534200000000154e-02,5.038687480000000329e-01,2.997932861000000143e-02,-1.061011302999999989e-02
7.180746100000000298e-02,5.040270317999999694e-01,2.962177120000000080e-02,-1.060867448000000005e-02
7.232956699999999739e-02,5.038835393999999690e-01,2.954966162000000063e-02,-1.058274055999999970e-02
7.285165799999999969e-02,5.039224325000000171e-01,2.951070807999999976e-02,-1.052977008000000048e-02
7.337373599999999496e-02,5.035296498000000343e-01,2.955132959999999878e-02,-1.046282565000000025e-02
7.389580099999999707e-02,5.033941080999999595e-01,2.971898214999999996e-02,-1.035952847000000052e-02
7.441785300000000603e-02,5.029537200000000485e-01,2.992576833000000144e-02,-1.017077163999999950e-02
7.493989099999999459e-02,5.028764582000000427e-01,3.005407506000000104e-02,-9.909840964999999668e-03
7.546191600000000388e-02,5.027534421999999559e-01,3.018707816999999932e-02,-9.642992277000000598e-03
7.598392599999999331e-02,5.023353667000000078e-01,3.064886270000000135e-02,-9.425239683999999188e-03
7.650592300000000345e-02,5.017938412000000348e-01,3.127475317000000254e-02,-9.237029875000000306e-03
7.702790399999999427e-02,5.018602335999999831e-01,3.169694194000000076e-02,-9.061563785999999371e-03
7.754987100000000633e-02,5.018154263999999865e-01,3.213189110999999792e-02,-8.856301014999999957e-03
7.807182099999999958e-02,5.017490904000000418e-01,3.257247156000000338e-02,-8.695585549999999136e-03
7.859375400000000178e-02,5.015796284000000327e-01,3.299193831000000326e-02,-8.585948740000000010e-03
7.911566999999999905e-02,5.018340936999999835e-01,3.330462949000000117e-02,-8.484309775000000581e-03
7.963756800000000580e-02,5.017596532000000442e-01,3.343211530000000237e-02,-8.388938396000000450e-03
8.015944599999999531e-02,5.014995027999999966e-01,3.346371545000000058e-02,-8.307488841000000568e-03
8.068130599999999431e-02,5.012711595000000075e-01,3.357334834000000323e-02,-8.271281242000000020e-03
8.120314500000000435e-02,5.010165810000000164e-01,3.363873594999999828e-02,-8.279241833000000259e-03
8.172496599999999611e-02,5.006952030000000331e-01,3.350535861000000087e-02,-8.250019917999999730e-03
8.224676599999999893e-02,5.004194838000000090e-01,3.321590466999999741e-02,-8.281420499000000449e-03
8.276854699999999787e-02,5.004733400999999970e-01,3.288537148000000160e-02,-8.328013064000000173e-03
8.329030900000000681e-02,5.006010005000000040e-01,3.246162251000000304e-02,-8.351674660000000736e-03
8.381205199999999800e-02,5.007082903999999779e-01,3.204615163999999933e-02,-8.397099433000000321e-03
8.433377599999999918e-02,5.010056494000000304e-01,3.157480188000000298e-02,-8.485668223000000440e-03
8.485548099999999649e-02,5.015170583000000404e-01,3.110018553000000116e-02,-8.570148366999999490e-03
8.537716700000000380e-02,5.020567448999999627e-01,3.082156158000000021e-02,-8.715988949999999708e-03
8.589883500000000671e-02,5.025029638000000354e-01,3.041212140999999952e-02,-8.895259444000000806e-03
8.642048500000000522e-02,5.028668363999999613e-01,3.007786328999999953e-02,-9.118967914999999771e-03
8.694211699999999932e-02,5.030125877000000134e-01,2.985209658000000099e-02,-9.315479421000000260e-03
8.746373200000000236e-02,5.031933092000000496e-01,2.974458942999999925e-02,-9.488064524000000555e-03
8.798533000000000048e-02,5.033592822000000355e-01,2.974787844000000014e-02,-9.630293829000000430e-03
8.850691099999999367e-02,5.032856028000000093e-01,2.978121569999999871e-02,-9.773167173000000749e-03
8.902847599999999528e-02,5.031197243999999680e-01,2.979484305999999944e-02,-9.872153813999999181e-03
8.955002400000000584e-02,5.029134601000000426e-01,2.982123780000000071e-02,-9.887893511999999718e-03
9.007155499999999759e-02,5.025821175000000363e-01,2.998147930999999974e-02,-9.890970907000000076e-03
9.059306899999999829e-02,5.018845722000000453e-01,3.011023209000000117e-02,-9.790497921999999353e-03
9.111456599999999406e-02,5.011106476000000143e-01,3.017958802999999926e-02,-9.668511407999999530e-03
9.163604599999999878e-02,5.006292111000000267e-01,3.034083397000000154e-02,-9.521909574999999279e-03
9.215750999999999804e-02,5.001032611000000294e-01,3.046595392000000027e-02,-9.317074798999999685e-03
9.267895600000000678e-02,4.996550136999999836e-01,3.057963854999999967e-02,-9.099202319000000705e-03
9.320038399999999723e-02,4.995412033000000140e-01,3.070212183999999900e-02,-8.865660986999999993e-03
9.372179499999999663e-02,4.994366306999999949e-01,3.071779117000000142e-02,-8.599774270000000789e-03
9.424318800000000551e-02,4.994815806999999830e-01,3.080878467999999953e-02,-8.373110487000000671e-03
9.476456299999999611e-02,4.995064592999999831e-01,3.095954189000000092e-02,-8.191256878000000019e-03
9.528592099999999565e-02,4.997259122000000109e-01,3.099945561000000058e-02,-8.031300401999999158e-03
9.580726100000000467e-02,5.002494744000000049e-01,3.117393556000000107e-02,-7.892411687999999204e-03
9.632858199999999593e-02,5.006071650000000206e-01,3.117548579999999958e-02,-7.769664176000000075e-03
9.684988299999999772e-02,5.009801059999999806e-01,3.121308231999999835e-02,-7.684044240999999588e-03
9.737116599999999511e-02,5.012785457999999750e-01,3.138978288000000144e-02,-7.650883221999999796e-03
9.789242800000000355e-02,5.013648730999999970e-01,3.159053411999999950e-02,-7.641092789000000253e-03
9.841366899999999529e-02,5.013165794999999703e-01,3.156317995999999987e-02,-7.619649386999999795e-03
9.893488999999999756e-02,5.009248175999999608e-01,3.149738369999999926e-02,-7.645678847999999583e-03
9.945608999999999700e-02,5.008837588000000229e-01,3.132560679000000181e-02,-7.704549528999999827e-03
9.997726899999999362e-02,5.011469530000000061e-01,3.119717979999999877e-02,-7.836960193000000116e-03
1.004984299999999997e-01,5.015218509000000102e-01,3.110879926000000018e-02,-8.044735148000000183e-03
1.010195599999999944e-01,5.020755832000000085e-01,3.078768436000000122e-02,-8.194943192000000640e-03
1.015406799999999943e-01,5.024735580000000423e-01,3.062098647000000007e-02,-8.400633762000000657e-03
1.020617800000000047e-01,5.028037483999999724e-01,3.055434610999999828e-02,-8.601258415000000157e-03
1.025828500000000032e-01,5.033786308000000043e-01,3.062915339000000028e-02,-8.855073883999999701e-03
1.031039099999999931e-01,5.036607200999999590e-01,3.058968390999999842e-02,-9.118458302999999515e-03
1.036249499999999935e-01,5.044151439999999820e-01,3.048896247999999948e-02,-9.333722407000000568e-03
1.041459700000000044e-01,5.050943586999999679e-01,3.050256215999999979e-02,-9.501992444999999426e-03
1.046669699999999981e-01,5.051397947000000332e-01,3.051379440999999956e-02,-9.610534267000000672e-03
1.051879599999999970e-01,5.053673720000000369e-01,3.053271159000000082e-02,-9.657113566999999191e-03
1.057089199999999979e-01,5.057304714000000478e-01,3.047649238000000108e-02,-9.643529297000000625e-03
1.062298700000000040e-01,5.057257730999999978e-01,3.033100848000000113e-02,-9.561234958999999256e-03
1.067508000000000068e-01,5.055716949999999876e-01,3.031134112000000158e-02,-9.431974496000000707e-03
1.072717100000000062e-01,5.054009725000000453e-01,3.037313406000000104e-02,-9.278589401999999542e-03
1.077926099999999970e-01,5.049171036999999806e-01,3.042565540999999860e-02,-9.117700030000000164e-03
1.083134800000000036e-01,5.045088024999999643e-01,3.044387185999999912e-02,-8.895477260999999983e-03
1.088343400000000016e-01,5.038439486000000356e-01,3.046912660000000023e-02,-8.673039405999999688e-03
1.093551799999999963e-01,5.031429822999999857e-01,3.047994207999999913e-02,-8.414632740000000527e-03
1.098759900000000067e-01,5.027393285000000267e-01,3.040412953000000071e-02,-8.168754075999999989e-03
1.103967899999999946e-01,5.020991002000000369e-01,3.029177907000000017e-02,-7.950638681999999333e-03
1.109175800000000017e-01,5.022571685000000175e-01,3.032711085999999917e-02,-7.838930002000000022e-03
1.114383399999999968e-01,5.026278502000000037e-01,3.054491398999999857e-02,-7.761148861000000294e-03
1.119590800000000025e-01,5.033031980000000072e-01,3.066046559999999893e-02,-7.670683553000000147e-03
1.124798000000000048e-01,5.037025045999999895e-01,3.088544869000000095e-02,-7.667777368999999579e-03
1.130005099999999985e-01,5.035482234000000501e-01,3.110632179999999955e-02,-7.629335511999999798e-03
1.135211899999999940e-01,5.035947933000000099e-01,3.118155418999999859e-02,-7.641147208999999642e-03
1.140418599999999949e-01,5.033125864999999921e-01,3.134499594000000194e-02,-7.688062172999999590e-03
1.145625100000000063e-01,5.029078734999999911e-01,3.157622569000000101e-02,-7.785799254000000218e-03
1.150831400000000004e-01,5.027080736000000272e-01,3.161301595999999742e-02,-7.867635390999999298e-03
1.156037500000000051e-01,5.023887205999999495e-01,3.154050719999999808e-02,-7.960622587999999916e-03
1.161243400000000064e-01,5.021286198000000089e-01,3.153367915000000049e-02,-8.065400844000000444e-03
1.166449100000000044e-01,5.017932756999999855e-01,3.169427769000000145e-02,-8.271427415999999672e-03
1.171654699999999938e-01,5.020186622000000209e-01,3.161565639000000344e-02,-8.415573451000000343e-03
1.176860099999999937e-01,5.024038064000000414e-01,3.138450012999999955e-02,-8.534398672999999810e-03
1.182065300000000041e-01,5.029515697999999979e-01,3.113625845999999989e-02,-8.673866758000000135e-03
1.187270299999999973e-01,5.035647653999999473e-01,3.085801346000000001e-02,-8.783306658999999808e-03
1.192475100000000010e-01,5.039835893999999872e-01,3.099044173999999929e-02,-9.019793197999999984e-03
1.197679799999999961e-01,5.046350730999999978e-01,3.094229751000000112e-02,-9.226944488000000597e-03
1.202884300000000017e-01,5.055524891999999548e-01,3.087650362999999967e-02,-9.448058557999999135e-03
1.208088699999999988e-01,5.063575774999999890e-01,3.084601509999999880e-02,-9.585757751000000340e-03
1.213292900000000063e-01,5.066250987999999511e-01,3.070792143000000002e-02,-9.557801634999999948e-03
1.218496899999999966e-01,5.065483045999999989e-01,3.063778715999999902e-02,-9.500358768999999509e-03
1.223700800000000061e-01,5.065777564000000233e-01,3.066182497000000118e-02,-9.388966958999999529e-03
1.228904499999999983e-01,5.065061106999999563e-01,3.046006195999999971e-02,-9.162133665000000635e-03
1.234108099999999958e-01,5.060544505999999831e-01,3.027857193999999863e-02,-8.916848754999999807e-03
1.239311500000000038e-01,5.056911656999999449e-01,3.030654182999999863e-02,-8.681940335999999495e-03
1.244514800000000032e-01,5.055506630999999640e-01,3.024215750999999924e-02,-8.375240488000000594e-03
1.249717800000000045e-01,5.049694313000000490e-01,3.019500925000000169e-02,-8.077960461999999370e-03
1.254920800000000058e-01,5.048328363999999846e-01,3.022497307999999841e-02,-7.823090503000000584e-03
1.260123499999999952e-01,5.041786349000000333e-01,3.040455338999999840e-02,-7.632533747999999986e-03
1.265326099999999898e-01,5.034021335999999680e-01,3.046081345999999967e-02,-7.458649472999999766e-03
1.270528499999999950e-01,5.036350822999999810e-01,3.070737506000000006e-02,-7.423067642000000244e-03
1.275730700000000106e-01,5.038776339999999632e-01,3.092039032000000118e-02,-7.465986287999999693e-03
1.280932800000000038e-01,5.044421077999999836e-01,3.107097325999999896e-02,-7.493497580000000290e-03
1.286134700000000075e-01,5.051290263000000058e-01,3.117346916999999898e-02,-7.584674066999999749e-03
1.291336399999999940e-01,5.051634621999999686e-01,3.123317469000000055e-02,-7.711488544999999840e-03
1.296537899999999910e-01,5.054654432999999836e-01,3.130164080000000237e-02,-7.893462004000000379e-03
1.301739299999999933e-01,5.056209615000000213e-01,3.141706929000000204e-02,-8.109932409000000786e-03
1.306940500000000061e-01,5.056773072000000369e-01,3.140902880000000230e-02,-8.308949955999999151e-03
1.312141500000000016e-01,5.054493787999999599e-01,3.152076622999999689e-02,-8.535284953999999411e-03
1.317342300000000077e-01,5.051821949999999450e-01,3.145913175000000089e-02,-8.732430875000000634e-03
1.322542899999999966e-01,5.049332630999999738e-01,3.123040980999999827e-02,-8.898730351000000427e-03
1.327743299999999960e-01,5.043753985000000162e-01,3.106155295999999885e-02,-9.106792774000000215e-03
1.332943600000000006e-01,5.041261798999999710e-01,3.068881718000000119e-02,-9.260959641000000506e-03
1.338143699999999880e-01,5.037050763000000542e-01,3.027636191000000060e-02,-9.364741423000000689e-03
1.343343600000000138e-01,5.031980085999999686e-01,2.993861561000000018e-02,-9.493123605000000631e-03
1.348543399999999892e-01,5.028833087999999840e-01,2.954378636000000100e-02,-9.582372965999999201e-03
1.353742900000000082e-01,5.027695218000000077e-01,2.925662362000000169e-02,-9.694327012999999493e-03
1.358942399999999995e-01,5.034030232999999743e-01,2.893117415999999983e-02,-9.775671722999999813e-03
1.364141600000000065e-01,5.040609944999999703e-01,2.863359190999999887e-02,-9.856264838999999681e-03
1.369340699999999911e-01,5.041722481000000533e-01,2.839643790000000168e-02,-9.896463940999999584e-03
1.374539599999999862e-01,5.046896934000000279e-01,2.794281401000000067e-02,-9.837586673000000073e-03
1.379738399999999865e-01,5.056360431999999960e-01,2.746098028999999913e-02,-9.754978686000000815e-03
1.384936900000000026e-01,5.062895842000000313e-01,2.705780618999999859e-02,-9.575050780000000233e-03
1.390135399999999910e-01,5.067046087000000032e-01,2.677580492000000006e-02,-9.392929094000000007e-03
1.395333699999999899e-01,5.067121374999999928e-01,2.671116419000000089e-02,-9.265165421999999734e-03
1.400531799999999993e-01,5.068186356999999642e-01,2.675520937000000141e-02,-9.144995926000000150e-03
1.405729699999999915e-01,5.066874644000000094e-01,2.666988014999999851e-02,-8.913912507000000540e-03
1.410927499999999890e-01,5.063204970000000360e-01,2.669486155000000069e-02,-8.698444292000000189e-03
1.416125099999999970e-01,5.062948835999999675e-01,2.675117814999999899e-02,-8.491938516999999326e-03
1.421322499999999878e-01,5.062702224999999778e-01,2.674492809000000165e-02,-8.295228575999999410e-03
1.426519800000000116e-01,5.057501057000000078e-01,2.685730763000000049e-02,-8.162607809999999908e-03
1.431716899999999904e-01,5.055927784000000536e-01,2.707777302999999844e-02,-8.111655606000000782e-03
1.436913900000000022e-01,5.055286273000000330e-01,2.736793473999999879e-02,-8.133264694999999683e-03
1.442110600000000020e-01,5.057366920000000432e-01,2.768163972000000153e-02,-8.221407805999999402e-03
1.447307200000000071e-01,5.065098117999999872e-01,2.813817998000000056e-02,-8.417557806000000239e-03
1.452503699999999898e-01,5.063465928999999477e-01,2.871822901999999955e-02,-8.686920334000000285e-03
1.457699899999999882e-01,5.064849891999999576e-01,2.919099534999999856e-02,-8.959430234000000798e-03
1.462895999999999919e-01,5.066789675999999742e-01,2.955323580000000089e-02,-9.264518692000000069e-03
1.468092000000000008e-01,5.065537791999999984e-01,2.980048855000000038e-02,-9.506896427000000385e-03
1.473287699999999978e-01,5.064883846000000078e-01,3.004088783000000151e-02,-9.775817832999999721e-03
1.478483399999999948e-01,5.063825132999999479e-01,3.004996876000000025e-02,-9.976335379999999586e-03
1.483678800000000075e-01,5.062722147999999533e-01,3.005317518999999979e-02,-1.020168268999999996e-02
1.488874199999999925e-01,5.059657573000000408e-01,3.001617793999999950e-02,-1.039672414000000072e-02
1.494069299999999934e-01,5.056466299999999858e-01,2.968281525999999851e-02,-1.047805658999999973e-02
1.499264399999999942e-01,5.054259087000000372e-01,2.910234369000000085e-02,-1.047841059999999984e-02
1.504459300000000055e-01,5.050860098999999659e-01,2.847544125000000051e-02,-1.044566583999999992e-02
1.509654099999999943e-01,5.044941695000000337e-01,2.783117301000000154e-02,-1.037467088999999981e-02
1.514848799999999884e-01,5.037631755999999461e-01,2.747129027000000043e-02,-1.036519735000000081e-02
1.520043299999999931e-01,5.039056548000000468e-01,2.701374923999999914e-02,-1.026544058999999919e-02
1.525237799999999977e-01,5.038564654999999615e-01,2.666252356000000170e-02,-1.014996194000000046e-02
1.530432100000000128e-01,5.039135963999999968e-01,2.628904275999999901e-02,-1.000424947999999960e-02
1.535626300000000055e-01,5.045284286000000229e-01,2.605703062999999847e-02,-9.860972823000000581e-03
1.540820499999999982e-01,5.044802757999999887e-01,2.608493584000000018e-02,-9.763647893999999328e-03
1.546014500000000014e-01,5.047553919999999694e-01,2.607631382999999956e-02,-9.605101748000000050e-03
1.551208400000000098e-01,5.053119482000000273e-01,2.610338805999999970e-02,-9.413349196999999322e-03
1.556402199999999958e-01,5.053746356999999634e-01,2.629524660999999972e-02,-9.203015921000000377e-03
1.561596000000000095e-01,5.055457138000000183e-01,2.672681082999999944e-02,-9.040529785999999735e-03
1.566789600000000060e-01,5.056151362999999899e-01,2.702868603999999952e-02,-8.805651903000000572e-03
1.571983200000000025e-01,5.055545149000000293e-01,2.732750804000000019e-02,-8.539598779000000597e-03
1.577176600000000095e-01,5.056913024000000423e-01,2.757319054000000047e-02,-8.231819826000000631e-03
1.582369999999999888e-01,5.054023383000000313e-01,2.780298189999999905e-02,-7.920489808999999978e-03
1.587563200000000063e-01,5.050109221999999898e-01,2.815354961999999919e-02,-7.664835584999999882e-03
1.592756399999999961e-01,5.049114415000000022e-01,2.857885791999999897e-02,-7.480944768000000189e-03
1.597949399999999964e-01,5.050811470999999608e-01,2.903958972000000166e-02,-7.375572510999999637e-03
1.604181000000000079e-01,5.059003081999999818e-01,2.944121924000000015e-02,-7.313354311999999829e-03
1.611451700000000042e-01,5.068293185000000145e-01,2.974287558999999873e-02,-7.285820729999999829e-03
1.619762299999999988e-01,5.073844239999999450e-01,3.013832069000000127e-02,-7.384692305000000075e-03
1.629114899999999921e-01,5.074948606000000417e-01,3.043966043999999857e-02,-7.630843844000000098e-03
1.639114899999999930e-01,5.079153349999999678e-01,3.049692517999999866e-02,-7.925096019000000755e-03
1.649114899999999939e-01,5.081368271999999742e-01,3.044302672999999945e-02,-8.239472620000000413e-03
1.659114899999999948e-01,5.073250798999999756e-01,3.037167836000000121e-02,-8.580351486999999305e-03
1.669114899999999957e-01,5.068218513000000147e-01,2.979128653999999973e-02,-8.702566381000000767e-03
1.679114899999999966e-01,5.060828818999999479e-01,2.883229752000000118e-02,-8.636345498999999440e-03
1.689114899999999975e-01,5.057154897000000204e-01,2.772356530999999999e-02,-8.394310399000000020e-03
1.699114899999999984e-01,5.059280497999999460e-01,2.674947293000000045e-02,-8.055640174999999931e-03
1.709114899999999992e-01,5.065973693999999972e-01,2.602969618999999984e-02,-7.679008765999999729e-03
1.719114900000000001e-01,5.073811161000000292e-01,2.588250355000000155e-02,-7.396088698999999690e-03
1.729114900000000010e-01,5.076164279999999529e-01,2.655613092000000050e-02,-7.294744316999999742e-03
1.739114900000000019e-01,5.073568988000000113e-01,2.744239748999999923e-02,-7.164337930000000410e-03
1.749114900000000028e-01,5.069520347000000537e-01,2.838140436000000100e-02,-7.024335347999999951e-03
1.759114900000000037e-01,5.063917695999999857e-01,2.921325986000000013e-02,-6.852085859999999980e-03
1.769114900000000046e-01,5.064528985999999788e-01,3.000339682000000008e-02,-6.786044163000000407e-03
1.779114900000000055e-01,5.071109738000000311e-01,3.035791360999999869e-02,-6.736193738000000215e-03
1.789114900000000064e-01,5.079694531999999763e-01,3.047290659000000124e-02,-6.730826847000000168e-03
1.799114900000000072e-01,5.080698066000000068e-01,3.063034921999999854e-02,-6.868734845999999693e-03
1.809114900000000081e-01,5.076379362999999811e-01,3.051147594999999851e-02,-6.996602359999999632e-03
1.819114900000000090e-01,5.073465412000000008e-01,3.016215259000000135e-02,-7.119586756999999808e-03
1.829114900000000099e-01,5.069789727000000301e-01,2.983975763000000156e-02,-7.329706107999999637e-03
1.839114900000000108e-01,5.065354652000000346e-01,2.963137209000000008e-02,-7.567552810000000192e-03
1.849114900000000117e-01,5.057372153000000425e-01,2.909294885999999872e-02,-7.655686295000000210e-03
1.859114900000000126e-01,5.055459645000000002e-01,2.827782878000000000e-02,-7.588748109000000193e-03
1.869114900000000135e-01,5.058328200999999691e-01,2.741325257000000112e-02,-7.400123267999999567e-03
1.879114899999999866e-01,5.063304987000000201e-01,2.671161958999999919e-02,-7.129701758999999577e-03
1.889114899999999875e-01,5.072448199000000324e-01,2.623467326000000072e-02,-6.801523492999999622e-03
1.899114899999999884e-01,5.077781235999999643e-01,2.663805711999999923e-02,-6.692879350999999567e-03
1.909114899999999893e-01,5.077072636999999666e-01,2.757011806999999995e-02,-6.680001680999999962e-03
1.919114899999999901e-01,5.073193016999999472e-01,2.861896334000000111e-02,-6.674528970000000345e-03
1.929114899999999910e-01,5.075493881000000540e-01,2.970782149999999858e-02,-6.678661528000000291e-03
1.939114899999999919e-01,5.070694104999999841e-01,3.065741702999999832e-02,-6.689821912000000134e-03
1.949114899999999928e-01,5.071575098999999698e-01,3.112883047000000042e-02,-6.670519871000000177e-03
1.959114899999999937e-01,5.072836764000000498e-01,3.106101693999999830e-02,-6.574221865000000331e-03
1.969114899999999946e-01,5.072712019999999766e-01,3.092659442999999911e-02,-6.577884227000000382e-03
1.979114899999999955e-01,5.072630761999999960e-01,3.061877941999999880e-02,-6.617868877000000240e-03
1.989114899999999964e-01,5.072028495999999498e-01,2.999336820999999945e-02,-6.651523074000000035e-03
1.999114899999999972e-01,5.071393682999999486e-01,2.943031139999999907e-02,-6.766200186999999679e-03
2.009114899999999981e-01,5.068162777000000396e-01,2.888686248000000081e-02,-6.884669355000000261e-03
2.019114899999999990e-01,5.068757543999999893e-01,2.846682421999999907e-02,-7.027754076000000336e-03
2.029114899999999999e-01,5.067156381999999848e-01,2.795518445000000005e-02,-7.055553346999999913e-03
2.039114900000000008e-01,5.066083923999999961e-01,2.736473061999999956e-02,-6.961495615000000414e-03
2.049114900000000017e-01,5.065158078999999480e-01,2.676944690000000043e-02,-6.767249555999999867e-03
2.059114900000000026e-01,5.072137319999999727e-01,2.640409461999999874e-02,-6.563121727999999579e-03
2.069114900000000035e-01,5.075101672999999813e-01,2.656840949000000007e-02,-6.421610973000000354e-03
2.079114900000000044e-01,5.080350647000000386e-01,2.707801208000000168e-02,-6.318598865000000370e-03
2.089114900000000052e-01,5.082793632000000006e-01,2.775573094000000074e-02,-6.210147170000000251e-03
2.099114900000000061e-01,5.078119513000000085e-01,2.859005489999999830e-02,-6.103236437999999715e-03
2.109114900000000070e-01,5.071327641999999747e-01,2.929155937999999848e-02,-5.993899452999999940e-03
2.119114900000000079e-01,5.074011482000000406e-01,3.002029578999999837e-02,-6.005319404000000402e-03
2.129114900000000088e-01,5.078281611999999612e-01,3.024320340999999898e-02,-6.022685174000000016e-03
2.139114900000000097e-01,5.083603835000000126e-01,3.014989134999999931e-02,-6.034175741000000204e-03
2.149114900000000106e-01,5.081431691000000139e-01,3.003025850000000038e-02,-6.102756041000000249e-03
2.159114900000000115e-01,5.077025322999999535e-01,2.969282691000000099e-02,-6.140236317000000339e-03
2.169114900000000123e-01,5.080840356000000391e-01,2.928779567999999917e-02,-6.280069897999999984e-03
2.179114900000000132e-01,5.086187393000000112e-01,2.879430011000000053e-02,-6.436196976000000368e-03
2.189114899999999864e-01,5.091964763999999866e-01,2.858976937000000038e-02,-6.675871100999999919e-03
2.199114899999999873e-01,5.094247552999999762e-01,2.863990714000000035e-02,-6.964320377000000201e-03
2.209114899999999881e-01,5.096466786000000138e-01,2.833393177000000096e-02,-7.062309257000000395e-03
2.219114899999999890e-01,5.090390403000000230e-01,2.817996602999999975e-02,-7.066291819000000349e-03
2.229114899999999899e-01,5.090067849999999616e-01,2.790862762000000108e-02,-6.935485863999999931e-03
2.239114899999999908e-01,5.091370494000000413e-01,2.786240161000000035e-02,-6.819671442000000208e-03
2.249114899999999917e-01,5.087369492000000104e-01,2.828879612000000099e-02,-6.765735686999999575e-03
2.259114899999999926e-01,5.083504813000000455e-01,2.863943254999999979e-02,-6.617226852000000423e-03
2.269114899999999935e-01,5.082196638999999516e-01,2.892572413000000023e-02,-6.409519493000000005e-03
2.279114899999999944e-01,5.077818624000000058e-01,2.895225040000000069e-02,-6.106918854000000299e-03
2.289114899999999952e-01,5.072154173999999793e-01,2.902294990000000088e-02,-5.882668944000000316e-03
2.299114899999999961e-01,5.077701366000000327e-01,2.900668861999999848e-02,-5.676544302999999604e-03
2.309114899999999970e-01,5.082703509999999536e-01,2.862849342999999880e-02,-5.505060136999999874e-03
2.319114899999999979e-01,5.083851431000000476e-01,2.820375677999999858e-02,-5.420891853000000225e-03
2.329114899999999988e-01,5.081451861000000347e-01,2.811963669000000152e-02,-5.508690069999999835e-03
2.339114899999999997e-01,5.077989376999999527e-01,2.795825933999999957e-02,-5.589208180000000172e-03
2.349114900000000006e-01,5.078680500000000153e-01,2.792262607999999868e-02,-5.739977428000000298e-03
2.359114900000000015e-01,5.078105205999999816e-01,2.768776066999999869e-02,-5.867419139000000332e-03
2.369114900000000024e-01,5.084185946999999484e-01,2.761352196999999897e-02,-6.049955555999999603e-03
2.379114900000000032e-01,5.086937316999999847e-01,2.768690419000000014e-02,-6.221884968999999606e-03
2.389114900000000041e-01,5.087758115999999609e-01,2.757418559999999866e-02,-6.278331871000000265e-03
2.399114900000000050e-01,5.081373718999999678e-01,2.767957371999999958e-02,-6.351505302999999568e-03
2.409114900000000059e-01,5.084572215999999534e-01,2.770712658000000148e-02,-6.308365171999999986e-03
2.419114900000000068e-01,5.084641350999999920e-01,2.787671552000000122e-02,-6.237127472999999707e-03
2.429114900000000077e-01,5.085711994999999597e-01,2.808606219000000029e-02,-6.150853084000000061e-03
2.439114900000000086e-01,5.078789927000000315e-01,2.801996295000000123e-02,-5.940655876999999946e-03
2.449114900000000095e-01,5.076699887000000189e-01,2.787064196999999854e-02,-5.676386555000000229e-03
2.459114900000000103e-01,5.074460465000000253e-01,2.737813283999999958e-02,-5.358769908999999609e-03
2.469114900000000112e-01,5.077958136000000344e-01,2.704671041000000081e-02,-5.135044006999999605e-03
2.479114900000000121e-01,5.086887724999999971e-01,2.656348513999999897e-02,-4.947589005000000047e-03
2.489114900000000130e-01,5.097551554000000484e-01,2.606500133000000038e-02,-4.775490313999999903e-03
2.499114899999999861e-01,5.095679690000000095e-01,2.591331272999999880e-02,-4.803596127999999743e-03
2.509114900000000148e-01,5.090740593999999453e-01,2.619660503000000029e-02,-5.049288443000000265e-03
2.519114900000000157e-01,5.088078543999999814e-01,2.642259381999999962e-02,-5.301370984999999661e-03
2.529114900000000166e-01,5.087281721999999951e-01,2.662253695000000100e-02,-5.510439510000000353e-03
2.539114900000000175e-01,5.085378957999999727e-01,2.684855569999999858e-02,-5.665726432000000277e-03
2.549114900000000183e-01,5.088849328000000227e-01,2.703059690999999945e-02,-5.808324983000000101e-03
2.559114900000000192e-01,5.089995675999999802e-01,2.705438937999999835e-02,-5.841797761000000130e-03
2.569114900000000201e-01,5.082114147999999831e-01,2.722969169999999925e-02,-5.859279452000000152e-03
2.579114900000000210e-01,5.082032177999999956e-01,2.739143081999999979e-02,-5.856490956999999865e-03
2.589114900000000219e-01,5.090563544999999745e-01,2.756287146999999993e-02,-5.839955620999999659e-03
2.599114900000000228e-01,5.092739136999999694e-01,2.799703094000000059e-02,-5.845123915999999621e-03
2.609114900000000237e-01,5.088836100000000418e-01,2.842178304999999974e-02,-5.822353702999999957e-03
2.619114900000000246e-01,5.083428558999999458e-01,2.859841642999999892e-02,-5.754725361999999886e-03
2.629114900000000254e-01,5.078398409000000058e-01,2.822778378000000143e-02,-5.513554353999999824e-03
2.639114900000000263e-01,5.072537926000000308e-01,2.770542940999999940e-02,-5.250241325000000112e-03
2.649114900000000272e-01,5.076923622000000247e-01,2.724874416999999854e-02,-5.086284953000000039e-03
2.659114899999999726e-01,5.088379587000000370e-01,2.652165424999999854e-02,-4.902291605999999774e-03
2.669114899999999735e-01,5.099593355999999522e-01,2.585793671000000127e-02,-4.793075106999999946e-03
2.679114899999999744e-01,5.097184152999999496e-01,2.580050106000000149e-02,-4.899144394000000402e-03
2.689114899999999753e-01,5.090897282999999884e-01,2.609661920000000065e-02,-5.170112741999999782e-03
2.699114899999999762e-01,5.092278996000000335e-01,2.626988926999999918e-02,-5.423748875999999906e-03
2.709114899999999770e-01,5.090150225999999778e-01,2.618761374000000072e-02,-5.564766492000000273e-03
2.719114899999999779e-01,5.094665876999999732e-01,2.608579664999999964e-02,-5.609807393999999801e-03
2.729114899999999788e-01,5.096096852000000510e-01,2.613057231999999994e-02,-5.617722662999999859e-03
2.739114899999999797e-01,5.092561655999999770e-01,2.588763619000000044e-02,-5.478253917000000008e-03
2.749114899999999806e-01,5.078922268000000129e-01,2.607395838999999882e-02,-5.406641918999999588e-03
2.759114899999999815e-01,5.084285908000000243e-01,2.635989047999999849e-02,-5.351638788000000028e-03
2.769114899999999824e-01,5.090244313999999770e-01,2.691537155000000084e-02,-5.355994432999999777e-03
2.779114899999999833e-01,5.099940208000000030e-01,2.771735661000000045e-02,-5.416812697999999829e-03
2.789114899999999841e-01,5.095407696000000541e-01,2.850141745000000018e-02,-5.473455044000000158e-03
2.799114899999999850e-01,5.090593488000000333e-01,2.898392966000000112e-02,-5.479029154999999658e-03
2.809114899999999859e-01,5.085409967999999781e-01,2.877402952999999833e-02,-5.332696280000000233e-03
2.819114899999999868e-01,5.080344052999999915e-01,2.857572489000000104e-02,-5.268350405999999882e-03
2.829114899999999877e-01,5.088776479000000075e-01,2.811591494000000024e-02,-5.172161144999999627e-03
2.839114899999999886e-01,5.102679175000000011e-01,2.738110868999999933e-02,-5.051557455000000273e-03
2.849114899999999895e-01,5.110880710999999854e-01,2.682171900000000081e-02,-5.020443525999999934e-03
2.859114899999999904e-01,5.111654740000000086e-01,2.683840175999999828e-02,-5.207246756000000025e-03
2.869114899999999913e-01,5.111830963000000283e-01,2.672564322999999853e-02,-5.358498373999999974e-03
2.879114899999999921e-01,5.112252461999999831e-01,2.661376568999999914e-02,-5.546414450000000315e-03
2.889114899999999930e-01,5.106015624999999947e-01,2.647030251000000167e-02,-5.706184115000000404e-03
2.899114899999999939e-01,5.106885204000000122e-01,2.642361476999999931e-02,-5.850857140999999977e-03
2.909114899999999948e-01,5.108478418999999882e-01,2.629105225999999948e-02,-5.858724388999999796e-03
2.919114899999999957e-01,5.100229834999999712e-01,2.607595177000000125e-02,-5.722778222999999956e-03
2.929114899999999966e-01,5.091287234000000383e-01,2.626110891000000072e-02,-5.659339115999999746e-03
2.939114899999999975e-01,5.097615344000000492e-01,2.656040483999999938e-02,-5.578374231999999600e-03
2.949114899999999984e-01,5.102562161999999457e-01,2.750766559000000083e-02,-5.647815151000000304e-03
2.959114899999999992e-01,5.108553136000000272e-01,2.857183509000000080e-02,-5.748178266000000293e-03
2.969114900000000001e-01,5.103813124999999618e-01,2.944076133999999970e-02,-5.771808925000000007e-03
2.979114900000000010e-01,5.095164549999999792e-01,2.988913350999999885e-02,-5.652345155000000274e-03
2.989114900000000019e-01,5.089207309000000068e-01,2.970061213000000158e-02,-5.426980910999999914e-03
2.999114900000000028e-01,5.086724413000000000e-01,2.941097082000000001e-02,-5.291557873999999662e-03
3.009114900000000037e-01,5.096707757999999755e-01,2.892267990000000136e-02,-5.202439443999999635e-03
3.019114900000000046e-01,5.109082645000000422e-01,2.820783938999999949e-02,-5.046032090999999845e-03
3.029114900000000055e-01,5.114840765999999483e-01,2.766270259999999842e-02,-5.006138202999999877e-03
3.039114900000000064e-01,5.118535249000000231e-01,2.756003272999999962e-02,-5.160422472000000295e-03
3.049114900000000072e-01,5.121148016000000025e-01,2.727082010999999986e-02,-5.235542929000000338e-03
3.059114900000000081e-01,5.118446749999999712e-01,2.698913667000000030e-02,-5.336934080999999885e-03
3.069114900000000090e-01,5.117108661999999475e-01,2.659625187000000043e-02,-5.416659077999999572e-03
3.079114900000000099e-01,5.117421434000000158e-01,2.645535069000000059e-02,-5.571038199999999579e-03
3.089114900000000108e-01,5.116193897999999907e-01,2.631638204999999994e-02,-5.674650596999999616e-03
3.099114900000000117e-01,5.106655718000000510e-01,2.630496216000000054e-02,-5.710221887999999621e-03
3.109114900000000126e-01,5.109740056999999558e-01,2.660004397000000076e-02,-5.749198726000000204e-03
3.119114900000000135e-01,5.111621276000000158e-01,2.732229779999999913e-02,-5.856135430000000176e-03
3.129114900000000143e-01,5.124549467000000247e-01,2.842268405000000081e-02,-6.008924833000000264e-03
3.139114900000000152e-01,5.118869527999999613e-01,2.936291833999999865e-02,-6.046681051999999723e-03
3.149114900000000161e-01,5.109815926999999869e-01,3.028660241999999933e-02,-6.051519449999999932e-03
3.159114900000000170e-01,5.106096074999999512e-01,3.042019509999999843e-02,-5.796375957000000391e-03
3.169114900000000179e-01,5.100622530999999737e-01,3.031598065999999841e-02,-5.539882236999999800e-03
3.179114900000000188e-01,5.105963474000000391e-01,2.996498376999999838e-02,-5.314359291000000408e-03
3.189114900000000197e-01,5.111400504999999983e-01,2.932779177000000015e-02,-5.086885380999999970e-03
3.199114900000000206e-01,5.117966227000000368e-01,2.854664344000000173e-02,-4.899511653000000050e-03
3.209114900000000214e-01,5.126900641999999619e-01,2.820042992999999970e-02,-4.900898427000000349e-03
3.219114900000000223e-01,5.131964360999999863e-01,2.792251548000000000e-02,-4.968493178000000197e-03
3.229114900000000232e-01,5.134832266000000089e-01,2.766377223999999871e-02,-5.051217567999999672e-03
3.239114900000000241e-01,5.134138648999999610e-01,2.732661751999999888e-02,-5.104203528999999920e-03
3.249114900000000250e-01,5.133804095999999761e-01,2.708947597999999957e-02,-5.207115214999999582e-03
3.259114900000000259e-01,5.125920202999999509e-01,2.717141896999999973e-02,-5.405392703999999972e-03
3.269114900000000268e-01,5.125179924999999637e-01,2.693483803000000162e-02,-5.463729744999999693e-03
3.279114900000000277e-01,5.118009555000000432e-01,2.710646885999999992e-02,-5.618320853999999621e-03
3.289114899999999730e-01,5.119193456999999725e-01,2.746728210000000045e-02,-5.756891913000000346e-03
3.299114899999999739e-01,5.127644463999999624e-01,2.842341988999999916e-02,-5.998470134000000002e-03
3.309114899999999748e-01,5.132570335999999678e-01,2.927091752999999921e-02,-6.147272179999999780e-03
3.319114899999999757e-01,5.123120812000000468e-01,3.027134634000000143e-02,-6.284793022000000236e-03
3.329114899999999766e-01,5.119125233000000330e-01,3.071223496000000108e-02,-6.195270293000000247e-03
3.339114899999999775e-01,5.119124211000000146e-01,3.041468425000000073e-02,-5.837190249000000219e-03
3.349114899999999784e-01,5.115780979999999811e-01,3.003490018000000081e-02,-5.498704012999999606e-03
3.359114899999999793e-01,5.118379722000000465e-01,2.950693747000000117e-02,-5.170511826000000200e-03
3.369114899999999801e-01,5.121434512000000439e-01,2.872010554999999965e-02,-4.837676586999999778e-03
3.379114899999999810e-01,5.123765123000000310e-01,2.807237092999999989e-02,-4.648877745000000103e-03
3.389114899999999819e-01,5.131809415000000429e-01,2.804739444000000151e-02,-4.739992959000000235e-03
3.399114899999999828e-01,5.133187324000000329e-01,2.785667366999999839e-02,-4.797034494999999690e-03
3.409114899999999837e-01,5.142159410000000097e-01,2.764631454999999863e-02,-4.908785966999999750e-03
3.419114899999999846e-01,5.149764847000000145e-01,2.753584832000000038e-02,-5.028909435999999802e-03
3.429114899999999855e-01,5.146860137000000002e-01,2.783147408000000156e-02,-5.228579891999999597e-03
3.439114899999999864e-01,5.145708258000000201e-01,2.806806540999999891e-02,-5.408291356000000279e-03
3.449114899999999873e-01,5.143395469000000553e-01,2.826019805999999829e-02,-5.537101198000000078e-03
3.459114899999999881e-01,5.136475293000000164e-01,2.856360965999999932e-02,-5.665462563999999930e-03
3.469114899999999890e-01,5.134425476999999738e-01,2.910245900000000066e-02,-5.865446984000000259e-03
3.479114899999999899e-01,5.135920546000000142e-01,2.963949329999999993e-02,-6.000525657999999582e-03
3.489114899999999908e-01,5.129332408000000232e-01,3.015849275999999898e-02,-6.071609892000000286e-03
3.499114899999999917e-01,5.122206387000000083e-01,3.072926143000000165e-02,-6.164547048999999626e-03
3.509114899999999926e-01,5.121500004000000272e-01,3.055552275000000123e-02,-5.999964766999999963e-03
3.519114899999999935e-01,5.124692833999999753e-01,2.990467448000000070e-02,-5.682295306999999608e-03
3.529114899999999944e-01,5.125240999000000297e-01,2.921261867999999998e-02,-5.320407327000000082e-03
3.539114899999999952e-01,5.128218127000000459e-01,2.850070805000000027e-02,-4.978830713000000248e-03
3.549114899999999961e-01,5.132906147000000363e-01,2.769150824999999996e-02,-4.654506868999999658e-03
3.559114899999999970e-01,5.135400598999999566e-01,2.760276190000000157e-02,-4.604923218000000346e-03
3.569114899999999979e-01,5.138884128999999801e-01,2.753931600999999854e-02,-4.627007330999999800e-03
3.579114899999999988e-01,5.144767702000000442e-01,2.763871009000000087e-02,-4.762845269999999714e-03
3.589114899999999997e-01,5.152878920000000251e-01,2.794815632000000050e-02,-4.974336495999999962e-03
3.599114900000000006e-01,5.167401362000000331e-01,2.842098290999999985e-02,-5.283270298999999739e-03
3.609114900000000015e-01,5.165803340000000299e-01,2.915645840999999891e-02,-5.595595566999999985e-03
3.619114900000000024e-01,5.172680990000000367e-01,2.961041668999999862e-02,-5.720140611000000021e-03
3.629114900000000032e-01,5.157284937999999652e-01,3.005322313000000078e-02,-5.776588158000000271e-03
3.639114900000000041e-01,5.151404985999999964e-01,3.050752098000000107e-02,-5.820134789000000128e-03
3.649114900000000050e-01,5.146542814000000243e-01,3.092305522999999959e-02,-5.889324744999999660e-03
3.659114900000000059e-01,5.147775686000000128e-01,3.099625770999999905e-02,-5.885339833999999985e-03
3.669114900000000068e-01,5.129700777000000267e-01,3.101213006000000036e-02,-5.854186136999999825e-03
3.679114900000000077e-01,5.119899622000000372e-01,3.061553058000000133e-02,-5.707055570999999827e-03
3.689114900000000086e-01,5.126515355999999857e-01,2.971212204000000037e-02,-5.443201899000000253e-03
3.699114900000000095e-01,5.122756590999999471e-01,2.883166150000000122e-02,-5.174248406000000328e-03
3.709114900000000103e-01,5.125602801999999958e-01,2.798813400000000132e-02,-4.905215545999999649e-03
3.719114900000000112e-01,5.132417088999999821e-01,2.713406700999999865e-02,-4.630661523999999966e-03
3.729114900000000121e-01,5.135809271000000287e-01,2.685936414000000133e-02,-4.513851672999999627e-03
3.739114900000000130e-01,5.141899313000000138e-01,2.712256407000000064e-02,-4.611846174999999909e-03
3.749114900000000139e-01,5.148690347000000056e-01,2.748561462000000122e-02,-4.722853441000000353e-03
3.759114900000000148e-01,5.158755111999999698e-01,2.808660101000000006e-02,-4.955871078999999832e-03
3.769114900000000157e-01,5.172904533000000082e-01,2.881899623000000119e-02,-5.277712916000000185e-03
3.779114900000000166e-01,5.177830167000000428e-01,2.987610824999999831e-02,-5.639285687000000248e-03
3.789114900000000175e-01,5.186993944000000134e-01,3.065834429000000028e-02,-5.906133134000000375e-03
3.799114900000000183e-01,5.181768535999999870e-01,3.129335091000000346e-02,-6.013263639000000077e-03
3.809114900000000192e-01,5.165643768000000025e-01,3.182121054999999948e-02,-5.979094475999999735e-03
3.819114900000000201e-01,5.158851070000000094e-01,3.244715681000000240e-02,-6.043856014999999735e-03
3.829114900000000210e-01,5.156341890000000205e-01,3.262697634000000235e-02,-5.946575104000000403e-03
3.839114900000000219e-01,5.144510265999999721e-01,3.233950643999999874e-02,-5.769995665999999926e-03
3.849114900000000228e-01,5.126695076999999712e-01,3.184357365999999911e-02,-5.628333469000000415e-03
3.859114900000000237e-01,5.125267395000000503e-01,3.063010988999999989e-02,-5.339996914000000316e-03
3.869114900000000246e-01,5.126752196999999622e-01,2.928368775999999965e-02,-5.044452046000000300e-03
3.879114900000000254e-01,5.126571381000000205e-01,2.805328312999999865e-02,-4.800735492000000187e-03
3.889114900000000263e-01,5.131864365999999622e-01,2.709073254999999972e-02,-4.622589679000000187e-03
3.899114900000000272e-01,5.136714886000000035e-01,2.639565547000000123e-02,-4.477039103000000388e-03
3.909114899999999726e-01,5.140241491000000496e-01,2.660341235999999845e-02,-4.607515434999999958e-03
3.919114899999999735e-01,5.151963483999999482e-01,2.687223404999999898e-02,-4.713773198000000171e-03
3.929114899999999744e-01,5.160292149999999856e-01,2.753236510000000095e-02,-4.921771442000000100e-03
3.939114899999999753e-01,5.171628106000000225e-01,2.853809674000000116e-02,-5.209947979999999916e-03
3.949114899999999762e-01,5.183010312000000397e-01,2.995335749999999964e-02,-5.633198939000000002e-03
3.959114899999999770e-01,5.185236809000000058e-01,3.123802575999999956e-02,-6.007705728999999592e-03
3.969114899999999779e-01,5.192220082999999820e-01,3.223624633999999656e-02,-6.220224400999999591e-03
3.979114899999999788e-01,5.179225567999999891e-01,3.286157366999999802e-02,-6.274288698000000074e-03
3.989114899999999797e-01,5.173319673999999813e-01,3.346285595000000196e-02,-6.257364607000000245e-03
3.999114899999999806e-01,5.164740132999999789e-01,3.379759544000000143e-02,-6.175345098000000095e-03
4.009114899999999815e-01,5.157234766999999609e-01,3.371110841999999663e-02,-6.007225728000000278e-03
4.019114899999999824e-01,5.137942107999999841e-01,3.332702801000000242e-02,-5.791488556000000398e-03
4.029114899999999833e-01,5.127864600999999523e-01,3.236489993000000315e-02,-5.553230995999999635e-03
4.039114899999999841e-01,5.133396701000000339e-01,3.088819250000000155e-02,-5.269883290999999650e-03
4.049114899999999850e-01,5.130421530000000008e-01,2.933130478000000110e-02,-4.988260393000000167e-03
4.059114899999999859e-01,5.133173811000000253e-01,2.798803862999999989e-02,-4.792654121000000308e-03
4.069114899999999868e-01,5.136879906000000329e-01,2.692638544999999967e-02,-4.682466599999999916e-03
4.079114899999999877e-01,5.140014655000000321e-01,2.652873292999999993e-02,-4.718630046000000383e-03
4.089114899999999886e-01,5.147140144999999833e-01,2.685709956000000009e-02,-4.917683695999999771e-03
4.099114899999999895e-01,5.158874638999999540e-01,2.736399075000000083e-02,-5.113719739000000160e-03
4.109114899999999904e-01,5.169843165999999934e-01,2.836605601000000143e-02,-5.431829576000000298e-03
4.119114899999999913e-01,5.185815575000000122e-01,2.973946186000000005e-02,-5.840541825999999610e-03
4.129114899999999921e-01,5.189406377999999931e-01,3.145789444000000185e-02,-6.241093831000000224e-03
4.139114899999999930e-01,5.193379511000000281e-01,3.291455615999999695e-02,-6.497277729999999772e-03
4.149114899999999939e-01,5.189642051999999728e-01,3.382185134000000037e-02,-6.542623984999999982e-03
4.159114899999999948e-01,5.176602804000000058e-01,3.448099084000000314e-02,-6.473428677999999714e-03
4.169114899999999957e-01,5.170110232000000305e-01,3.511320517000000169e-02,-6.495813222999999997e-03
4.179114899999999966e-01,5.165981007000000069e-01,3.519520478000000285e-02,-6.300532303000000271e-03
4.189114899999999975e-01,5.146841829999999618e-01,3.475504713000000107e-02,-5.993276546000000059e-03
4.199114899999999984e-01,5.127486157999999739e-01,3.395157971999999968e-02,-5.723354461999999830e-03
4.209114899999999992e-01,5.123603255999999995e-01,3.265932691000000138e-02,-5.400412616000000408e-03
4.219114900000000001e-01,5.130080506999999956e-01,3.091658119000000038e-02,-5.083286339999999737e-03
4.229114900000000010e-01,5.130887662999999987e-01,2.946567473999999950e-02,-4.896282398999999771e-03
4.239114900000000019e-01,5.137798364000000229e-01,2.798593555000000038e-02,-4.731801901000000192e-03
4.249114900000000028e-01,5.145035236999999650e-01,2.709118238999999942e-02,-4.733083176999999635e-03
4.259114900000000037e-01,5.147986020999999468e-01,2.700241725000000065e-02,-4.971053353000000341e-03
4.269114900000000046e-01,5.158630795999999963e-01,2.729555732000000026e-02,-5.248604224999999998e-03
4.279114900000000055e-01,5.166934694000000494e-01,2.817261672999999897e-02,-5.561035328000000187e-03
4.289114900000000064e-01,5.178895264999999748e-01,2.947407105999999902e-02,-5.952555984000000404e-03
4.299114900000000072e-01,5.192262970000000033e-01,3.118583805999999847e-02,-6.426347972999999804e-03
4.309114900000000081e-01,5.192179725000000134e-01,3.287566840000000212e-02,-6.789920215999999641e-03
4.319114900000000090e-01,5.194795610000000341e-01,3.442601121000000292e-02,-6.934387398000000334e-03
4.329114900000000099e-01,5.184238866999999473e-01,3.542655520000000113e-02,-6.878902027999999995e-03
4.339114900000000108e-01,5.178629649999999529e-01,3.617310509999999840e-02,-6.740251245000000377e-03
4.349114900000000117e-01,5.173162667999999798e-01,3.648518455000000077e-02,-6.558678146999999924e-03
4.359114900000000126e-01,5.164689648000000410e-01,3.618440725000000163e-02,-6.283143570999999601e-03
4.369114900000000135e-01,5.142109908999999979e-01,3.546354810999999968e-02,-5.914893455999999973e-03
4.379114900000000143e-01,5.129227111999999922e-01,3.435382967000000232e-02,-5.590695270999999911e-03
4.389114900000000152e-01,5.130046888000000527e-01,3.274008330000000022e-02,-5.272453481000000108e-03
4.399114900000000161e-01,5.129222374999999889e-01,3.109401449999999942e-02,-5.013870569000000027e-03
4.409114900000000170e-01,5.136842914999999454e-01,2.933741193000000136e-02,-4.835548066000000013e-03
4.419114900000000179e-01,5.140372390999999874e-01,2.802848517999999983e-02,-4.757155522000000407e-03
4.429114900000000188e-01,5.146348733000000175e-01,2.732453694000000141e-02,-4.867215616000000397e-03
4.439114900000000197e-01,5.152870667000000182e-01,2.732015875000000024e-02,-5.175759236999999749e-03
4.449114900000000206e-01,5.162537754999999562e-01,2.767352973000000022e-02,-5.526387772000000177e-03
4.459114900000000214e-01,5.175587814000000009e-01,2.860930311000000129e-02,-5.972725289000000055e-03
4.469114900000000223e-01,5.189982927999999829e-01,3.028711408000000008e-02,-6.496542462000000004e-03
4.479114900000000232e-01,5.197034713999999500e-01,3.225738697999999682e-02,-6.988707908000000094e-03
4.489114900000000241e-01,5.197667835999999486e-01,3.400911041000000135e-02,-7.278414472999999822e-03
4.499114900000000250e-01,5.195135494999999493e-01,3.518617271999999879e-02,-7.290921363999999967e-03
4.509114900000000259e-01,5.182743923999999502e-01,3.624804126000000237e-02,-7.120808692999999572e-03
4.519114900000000268e-01,5.177201148000000197e-01,3.713064841000000144e-02,-6.926331527999999606e-03
4.529114900000000277e-01,5.172558693000000041e-01,3.721030776999999928e-02,-6.552372931000000067e-03
4.539114899999999730e-01,5.160857785000000364e-01,3.669698856999999842e-02,-6.117804650000000129e-03
4.549114899999999739e-01,5.140217246999999601e-01,3.567188058000000245e-02,-5.688590551000000280e-03
4.559114899999999748e-01,5.128352017999999735e-01,3.434442406000000336e-02,-5.344988376999999964e-03
4.569114899999999757e-01,5.129709772999999640e-01,3.258149868000000116e-02,-5.007950310000000224e-03
4.579114899999999766e-01,5.130432753000000456e-01,3.094889996000000157e-02,-4.844050806999999730e-03
4.589114899999999775e-01,5.138231165000000100e-01,2.930789195999999874e-02,-4.726986051999999654e-03
4.599114899999999784e-01,5.148985535000000224e-01,2.825225040000000146e-02,-4.846119258999999693e-03
4.609114899999999793e-01,5.154362140999999564e-01,2.796637654000000070e-02,-5.144332796999999576e-03
4.619114899999999801e-01,5.165000025999999522e-01,2.805864384999999864e-02,-5.538760335999999736e-03
4.629114899999999810e-01,5.174974865999999452e-01,2.859149465000000029e-02,-5.929095510000000242e-03
4.639114899999999819e-01,5.184220667000000171e-01,2.961091958999999968e-02,-6.420135092999999619e-03
4.649114899999999828e-01,5.197628153000000140e-01,3.131145308999999655e-02,-6.999363669000000128e-03
4.659114899999999837e-01,5.197985227000000430e-01,3.315917649999999828e-02,-7.410440919999999702e-03
4.669114899999999846e-01,5.197253483999999535e-01,3.487834118000000122e-02,-7.612130198000000014e-03
4.679114899999999855e-01,5.193171798000000283e-01,3.598831262999999808e-02,-7.535453234999999611e-03
4.689114899999999864e-01,5.184578697999999708e-01,3.692277556000000266e-02,-7.310775062000000012e-03
4.699114899999999873e-01,5.175788843999999944e-01,3.765222751999999784e-02,-7.032180429000000309e-03
4.709114899999999881e-01,5.172194581000000291e-01,3.762492701999999717e-02,-6.556847614999999907e-03
4.719114899999999890e-01,5.152247864000000233e-01,3.698612236999999914e-02,-6.036105114999999917e-03
4.729114899999999899e-01,5.138486352000000146e-01,3.577509336999999678e-02,-5.566870328000000229e-03
4.739114899999999908e-01,5.133775157000000089e-01,3.421265763999999793e-02,-5.195435998999999895e-03
4.749114899999999917e-01,5.133389687999999618e-01,3.241284475999999665e-02,-4.904030079000000313e-03
4.759114899999999926e-01,5.132398442000000172e-01,3.086716193000000122e-02,-4.783042593999999731e-03
4.769114899999999935e-01,5.139259380999999793e-01,2.942838580000000162e-02,-4.730191647999999922e-03
4.779114899999999944e-01,5.153682093000000464e-01,2.867680770999999837e-02,-4.933806197000000296e-03
4.789114899999999952e-01,5.161599499000000257e-01,2.852166832999999957e-02,-5.316550534000000217e-03
4.799114899999999961e-01,5.172818889000000420e-01,2.881477086000000173e-02,-5.759081228999999615e-03
4.809114899999999970e-01,5.182374332000000416e-01,2.936972591999999910e-02,-6.195320764999999799e-03
4.819114899999999979e-01,5.193459501999999617e-01,3.049414719999999843e-02,-6.723167064000000123e-03
4.829114899999999988e-01,5.200004028000000389e-01,3.202990043000000092e-02,-7.280601398000000404e-03
4.839114899999999997e-01,5.196760294000000169e-01,3.360200155000000327e-02,-7.645999145000000399e-03
4.849114900000000006e-01,5.200552012000000390e-01,3.512297454999999818e-02,-7.760627711999999734e-03
4.859114900000000015e-01,5.193200547999999861e-01,3.612695412999999967e-02,-7.619753897000000262e-03
4.869114900000000024e-01,5.185212614999999969e-01,3.697023267999999946e-02,-7.365129282000000381e-03
4.879114900000000032e-01,5.180043118999999585e-01,3.744691987999999860e-02,-7.001289743000000017e-03
4.889114900000000041e-01,5.167985719000000033e-01,3.740061478000000078e-02,-6.438402692000000024e-03
4.899114900000000050e-01,5.149705609000000406e-01,3.674995139000000050e-02,-5.852149232999999569e-03
4.909114900000000059e-01,5.141368052000000466e-01,3.554629339999999804e-02,-5.409298273999999657e-03
4.919114900000000068e-01,5.140049781000000095e-01,3.405317834999999765e-02,-5.052963340999999664e-03
4.929114900000000077e-01,5.140623638000000328e-01,3.246855926000000170e-02,-4.841505662999999807e-03
4.939114900000000086e-01,5.141467591999999698e-01,3.077838382000000136e-02,-4.732395730999999599e-03
4.949114900000000095e-01,5.144269809000000526e-01,2.975259562999999982e-02,-4.829205022999999951e-03
4.959114900000000103e-01,5.155966723999999557e-01,2.927134189000000011e-02,-5.097742801999999990e-03
4.969114900000000112e-01,5.168519738000000308e-01,2.929929997000000133e-02,-5.546358222000000344e-03
4.979114900000000121e-01,5.177704815000000460e-01,2.962355532999999888e-02,-6.000258688999999916e-03
4.989114900000000130e-01,5.189361691999999637e-01,3.029490421000000100e-02,-6.475278755999999691e-03
4.999114900000000139e-01,5.202049799000000307e-01,3.150548689999999735e-02,-7.068958262999999569e-03
5.009114900000000148e-01,5.202042969000000294e-01,3.287858014000000217e-02,-7.545072289999999599e-03
5.019114900000000157e-01,5.198372394000000396e-01,3.395435517999999958e-02,-7.842780647999999730e-03
5.029114900000000166e-01,5.195257629999999738e-01,3.488422844999999883e-02,-7.873912606000000453e-03
5.039114900000000175e-01,5.190956139000000302e-01,3.584215229999999919e-02,-7.655937227999999768e-03
5.049114900000000183e-01,5.186617480999999863e-01,3.662441727000000091e-02,-7.414769088999999952e-03
5.059114900000000192e-01,5.182415751000000181e-01,3.690005327999999751e-02,-6.954987412000000237e-03
5.069114900000000201e-01,5.167387569000000402e-01,3.701002200999999742e-02,-6.438491787999999633e-03
5.079114900000000210e-01,5.149757246999999705e-01,3.640889863999999948e-02,-5.832391473999999978e-03
5.089114900000000219e-01,5.144842176999999683e-01,3.539998966999999969e-02,-5.387948596000000263e-03
5.099114900000000228e-01,5.147390970999999871e-01,3.397122000999999725e-02,-5.066509428000000315e-03
5.109114900000000237e-01,5.146387127999999533e-01,3.257995551000000128e-02,-4.904885488999999668e-03
5.119114900000000246e-01,5.152276702000000430e-01,3.107540304000000128e-02,-4.815842449000000240e-03
5.129114900000000254e-01,5.152073573000000017e-01,3.021491952999999855e-02,-5.007612774999999766e-03
5.139114900000000263e-01,5.154339648000000329e-01,2.994488542999999836e-02,-5.316597252999999586e-03
5.149114900000000272e-01,5.175759312000000056e-01,3.007512551000000173e-02,-5.765955326000000124e-03
5.159114900000000281e-01,5.187648015000000390e-01,3.041079379999999874e-02,-6.185796498999999657e-03
5.169114900000000290e-01,5.200133662999999462e-01,3.121137457999999948e-02,-6.701270506000000203e-03
5.179114900000000299e-01,5.208866314000000219e-01,3.246583457999999839e-02,-7.247431803000000186e-03
5.189114900000000308e-01,5.204795225999999664e-01,3.365987376000000031e-02,-7.688138308000000247e-03
5.199114900000000317e-01,5.198700040999999494e-01,3.442851593000000043e-02,-7.879142922999999785e-03
5.209114900000000326e-01,5.195068809999999759e-01,3.486122956999999911e-02,-7.865191851000000178e-03
5.219114900000000334e-01,5.188010094999999655e-01,3.532192927999999732e-02,-7.654129988000000356e-03
5.229114900000000343e-01,5.187283123999999468e-01,3.593458042000000074e-02,-7.339186614999999858e-03
5.239114900000000352e-01,5.182219654999999925e-01,3.596150589000000203e-02,-6.886864147000000200e-03
5.249114900000000361e-01,5.166001739000000148e-01,3.586596579000000257e-02,-6.318077218000000064e-03
5.259114900000000370e-01,5.151375133000000162e-01,3.527242985000000192e-02,-5.727764954000000297e-03
5.269114900000000379e-01,5.146190439000000172e-01,3.464251397999999760e-02,-5.342408203000000369e-03
5.279114900000000388e-01,5.150295992000000211e-01,3.359784183000000257e-02,-5.062193966999999593e-03
5.289114900000000397e-01,5.150720476000000270e-01,3.244743136000000083e-02,-4.927145061999999714e-03
5.299114900000000405e-01,5.156860720999999481e-01,3.126906472000000325e-02,-4.870858684999999910e-03
5.309114900000000414e-01,5.162698370999999620e-01,3.071878184000000067e-02,-5.110742970000000177e-03
5.319114900000000423e-01,5.167652052000000218e-01,3.062831727000000018e-02,-5.494793117000000386e-03
5.329114900000000432e-01,5.179490388999999917e-01,3.105578502000000060e-02,-5.931803924000000026e-03
5.339114900000000441e-01,5.194352935999999588e-01,3.150920720000000008e-02,-6.309737069000000316e-03
5.349114900000000450e-01,5.208137087999999970e-01,3.238565314999999889e-02,-6.814784725000000085e-03
5.359114900000000459e-01,5.214427370999999978e-01,3.359085810000000255e-02,-7.368757794999999944e-03
5.369114900000000468e-01,5.205893969999999538e-01,3.455065615999999840e-02,-7.730133301000000241e-03
5.379114900000000477e-01,5.198693172999999668e-01,3.498313475999999950e-02,-7.865017022999999663e-03
5.389114900000000485e-01,5.192662042000000255e-01,3.497927633999999703e-02,-7.803882903000000128e-03
5.399114900000000494e-01,5.182490886999999713e-01,3.509151270000000072e-02,-7.659858523999999932e-03
5.409114900000000503e-01,5.185223699000000019e-01,3.501790151999999851e-02,-7.376074193999999917e-03
5.419114900000000512e-01,5.180510329999999941e-01,3.484702189999999700e-02,-6.931096975999999875e-03
5.429114900000000521e-01,5.167196791000000511e-01,3.451070227999999962e-02,-6.421509526999999787e-03
5.439114900000000530e-01,5.153565827999999627e-01,3.397832860999999705e-02,-5.865087290999999869e-03
5.449114900000000539e-01,5.148656575000000180e-01,3.357368214999999906e-02,-5.484827208000000315e-03
5.459114900000000548e-01,5.153418853000000244e-01,3.306796278000000144e-02,-5.248300543999999575e-03
5.469114899999999446e-01,5.155585204999999505e-01,3.223896427000000342e-02,-5.086122787000000103e-03
5.479114899999999455e-01,5.161487316999999742e-01,3.168566835000000137e-02,-5.105201854999999803e-03
5.489114899999999464e-01,5.166966941999999730e-01,3.151827180999999811e-02,-5.340641806000000387e-03
5.499114899999999473e-01,5.176659579000000289e-01,3.169195866999999917e-02,-5.712966776000000246e-03
5.509114899999999482e-01,5.180994609000000306e-01,3.204794165000000167e-02,-6.074160280000000071e-03
5.519114899999999491e-01,5.195166183999999632e-01,3.266675313999999747e-02,-6.416637107000000215e-03
5.529114899999999500e-01,5.210488210999999481e-01,3.369609340000000175e-02,-6.896945948999999923e-03
5.539114899999999508e-01,5.212109229000000399e-01,3.463816658999999826e-02,-7.374199772000000069e-03
5.549114899999999517e-01,5.205464991999999569e-01,3.524635367000000102e-02,-7.650635038000000096e-03
5.559114899999999526e-01,5.195314868000000530e-01,3.543924732999999966e-02,-7.747739085000000109e-03
5.569114899999999535e-01,5.186438190000000059e-01,3.511985595000000071e-02,-7.667535133999999961e-03
5.579114899999999544e-01,5.176212462000000514e-01,3.476068398999999920e-02,-7.556177867999999860e-03
5.589114899999999553e-01,5.177892288000000010e-01,3.419171252000000050e-02,-7.298867575999999982e-03
5.599114899999999562e-01,5.172891075000000116e-01,3.379219698000000133e-02,-6.939308326999999929e-03
5.609114899999999571e-01,5.163585512999999683e-01,3.325008874999999670e-02,-6.480918159999999803e-03
5.619114899999999579e-01,5.153364658000000320e-01,3.285478207999999872e-02,-6.048371099999999903e-03
5.629114899999999588e-01,5.151626594999999531e-01,3.258687471999999891e-02,-5.658136628999999897e-03
5.639114899999999597e-01,5.156150779999999489e-01,3.254022386000000183e-02,-5.429082299999999674e-03
5.649114899999999606e-01,5.162415903999999500e-01,3.200378280999999908e-02,-5.224717747000000301e-03
5.659114899999999615e-01,5.165482484000000207e-01,3.190057652000000132e-02,-5.259387974000000361e-03
5.669114899999999624e-01,5.166556584999999480e-01,3.214327536000000096e-02,-5.473914336000000255e-03
5.679114899999999633e-01,5.180815774999999457e-01,3.244010532000000252e-02,-5.837062050999999863e-03
5.689114899999999642e-01,5.181697578999999720e-01,3.282172059999999975e-02,-6.149653918000000385e-03
5.699114899999999651e-01,5.198417421000000038e-01,3.345985760999999753e-02,-6.547594353000000221e-03
5.709114899999999659e-01,5.208925948000000528e-01,3.433999289999999788e-02,-6.981610434999999636e-03
5.719114899999999668e-01,5.209588348999999452e-01,3.517742295000000213e-02,-7.411985666999999778e-03
5.729114899999999677e-01,5.201344896999999801e-01,3.540536494999999700e-02,-7.638711353999999738e-03
5.739114899999999686e-01,5.193358608000000487e-01,3.534984440999999755e-02,-7.727571029000000237e-03
5.749114899999999695e-01,5.180411737000000238e-01,3.478975571000000183e-02,-7.637674387000000301e-03
5.759114899999999704e-01,5.173661405999999685e-01,3.413218973999999906e-02,-7.527882918999999860e-03
5.769114899999999713e-01,5.168437815999999962e-01,3.331197192000000251e-02,-7.298148972000000415e-03
5.779114899999999722e-01,5.165681707999999484e-01,3.237240909999999916e-02,-6.974633376000000280e-03
5.789114899999999730e-01,5.157352871000000505e-01,3.161420875999999824e-02,-6.504271655999999818e-03
5.799114899999999739e-01,5.150696611999999730e-01,3.140307237000000001e-02,-6.134270709000000030e-03
5.809114899999999748e-01,5.156804025000000236e-01,3.136470487999999668e-02,-5.815935050999999738e-03
5.819114899999999757e-01,5.159716198999999559e-01,3.162967439000000103e-02,-5.557729317000000002e-03
5.829114899999999766e-01,5.168242444999999741e-01,3.171518134000000239e-02,-5.297219427999999737e-03
5.839114899999999775e-01,5.170771820999999768e-01,3.217074923999999753e-02,-5.337783674999999929e-03
5.849114899999999784e-01,5.172875369999999640e-01,3.274712141000000326e-02,-5.573809065999999618e-03
5.859114899999999793e-01,5.180762885999999900e-01,3.338015493000000278e-02,-5.860654223000000274e-03
5.869114899999999801e-01,5.182544400999999912e-01,3.379479973999999914e-02,-6.159244373999999723e-03
5.879114899999999810e-01,5.197338259999999543e-01,3.441548466000000223e-02,-6.592034487999999873e-03
5.889114899999999819e-01,5.209419364999999802e-01,3.525987959000000116e-02,-7.122784594000000288e-03
5.899114899999999828e-01,5.202293903000000386e-01,3.584210320999999672e-02,-7.485517215999999696e-03
5.909114899999999837e-01,5.194020070999999517e-01,3.589424730000000119e-02,-7.685403153000000195e-03
5.919114899999999846e-01,5.188918490999999689e-01,3.551572766000000297e-02,-7.742505937000000379e-03
5.929114899999999855e-01,5.173608784000000016e-01,3.480800727999999733e-02,-7.626924303999999856e-03
5.939114899999999864e-01,5.168003080999999943e-01,3.380290749999999983e-02,-7.448103073000000331e-03
5.949114899999999873e-01,5.156397111999999616e-01,3.268883418000000096e-02,-7.236764009999999657e-03
5.959114899999999881e-01,5.152318773999999824e-01,3.153899223000000002e-02,-6.915413110999999585e-03
5.969114899999999890e-01,5.151528871999999648e-01,3.039567074999999924e-02,-6.484850139999999777e-03
5.979114899999999899e-01,5.150143682000000167e-01,3.011812944999999950e-02,-6.183057815999999825e-03
5.989114899999999908e-01,5.161185713000000508e-01,3.045011477999999897e-02,-5.870002132000000372e-03
5.999114899999999917e-01,5.165016824000000506e-01,3.091450312999999978e-02,-5.588083861999999791e-03
6.009114899999999926e-01,5.175044353000000097e-01,3.165239987000000033e-02,-5.369658844999999903e-03
6.019114899999999935e-01,5.173256970999999815e-01,3.283890528999999781e-02,-5.397551633999999633e-03
6.029114899999999944e-01,5.172876749999999468e-01,3.386837981000000164e-02,-5.616814274000000128e-03
6.039114899999999952e-01,5.183315534000000335e-01,3.460344463000000065e-02,-5.949774427999999712e-03
6.049114899999999961e-01,5.180761391999999521e-01,3.516764990000000035e-02,-6.222190322000000287e-03
6.059114899999999970e-01,5.199214397000000432e-01,3.574860092999999905e-02,-6.698201764999999960e-03
6.069114899999999979e-01,5.200513254999999946e-01,3.622355691000000294e-02,-7.209425727999999901e-03
6.079114899999999988e-01,5.195805570000000539e-01,3.642560163999999934e-02,-7.561591486999999674e-03
6.089114899999999997e-01,5.189117776999999654e-01,3.613619758000000126e-02,-7.732555985000000298e-03
6.099114900000000006e-01,5.184522883000000082e-01,3.538141663000000242e-02,-7.713186848999999991e-03
6.109114900000000015e-01,5.168919994999999767e-01,3.446258187000000167e-02,-7.572087982999999890e-03
6.119114900000000024e-01,5.168261164999999879e-01,3.323967477999999892e-02,-7.330916746999999872e-03
6.129114900000000032e-01,5.151283224999999577e-01,3.208758736999999667e-02,-7.080612969999999610e-03
6.139114900000000041e-01,5.139090490000000067e-01,3.074901610999999924e-02,-6.737558908999999666e-03
6.149114900000000050e-01,5.136497543000000388e-01,2.958620316000000125e-02,-6.364579335999999941e-03
6.159114900000000059e-01,5.143260943999999890e-01,2.936334204000000045e-02,-6.159320105999999823e-03
6.169114900000000068e-01,5.160736726000000330e-01,2.972813042999999933e-02,-5.944771310000000232e-03
6.179114900000000077e-01,5.167857737000000062e-01,3.050601324999999836e-02,-5.619202961999999850e-03
6.189114900000000086e-01,5.177451100000000084e-01,3.158236200999999660e-02,-5.461808860000000321e-03
6.199114900000000095e-01,5.176012518999999479e-01,3.321391139999999714e-02,-5.482364830000000140e-03
6.209114900000000103e-01,5.169225483999999593e-01,3.479112027999999718e-02,-5.594061344999999921e-03
6.219114900000000112e-01,5.174827817999999580e-01,3.582225953999999823e-02,-5.892796993999999990e-03
6.229114900000000121e-01,5.182488822999999911e-01,3.641152435000000187e-02,-6.227159325000000342e-03
6.239114900000000130e-01,5.195576599000000240e-01,3.691452910000000281e-02,-6.706391582000000191e-03
6.249114900000000139e-01,5.195438071000000324e-01,3.718001321000000137e-02,-7.220764105999999752e-03
6.259114900000000148e-01,5.188936868000000313e-01,3.688077906000000045e-02,-7.524568476999999971e-03
6.269114900000000157e-01,5.185141416999999864e-01,3.627913289000000291e-02,-7.694566861000000368e-03
6.279114900000000166e-01,5.182197843000000415e-01,3.507252822000000297e-02,-7.629206870000000348e-03
6.289114900000000175e-01,5.168839888999999799e-01,3.398648558999999708e-02,-7.480990467000000164e-03
6.299114900000000183e-01,5.166107009999999500e-01,3.286277421000000087e-02,-7.227208649999999727e-03
6.309114900000000192e-01,5.152314279999999913e-01,3.174881488999999751e-02,-6.949955176000000012e-03
6.319114900000000201e-01,5.138498380999999560e-01,3.061193752000000018e-02,-6.590284438000000057e-03
6.329114900000000210e-01,5.131436541999999656e-01,2.952419992000000076e-02,-6.279179232999999687e-03
6.339114900000000219e-01,5.133794109999999522e-01,2.927038834999999908e-02,-6.074775549999999677e-03
6.349114900000000228e-01,5.150990987000000354e-01,2.954278873999999916e-02,-5.942361372999999981e-03
6.359114900000000237e-01,5.163925099999999713e-01,3.027050537999999985e-02,-5.651125901000000201e-03
6.369114900000000246e-01,5.175033643999999988e-01,3.171344412000000335e-02,-5.515060647000000031e-03
6.379114900000000254e-01,5.176072459999999653e-01,3.350899054999999932e-02,-5.592448657999999836e-03
6.389114900000000263e-01,5.174284300000000503e-01,3.516671575000000077e-02,-5.704668569000000307e-03
6.399114900000000272e-01,5.171760131999999510e-01,3.645098849000000252e-02,-5.892329752999999996e-03
6.409114900000000281e-01,5.180145596999999880e-01,3.718804646999999963e-02,-6.244709549999999734e-03
6.419114900000000290e-01,5.188832195000000480e-01,3.783689667000000173e-02,-6.720701003000000354e-03
6.429114900000000299e-01,5.184575586999999874e-01,3.791221756000000276e-02,-7.210818227000000309e-03
6.439114900000000308e-01,5.181087403999999896e-01,3.726939711999999877e-02,-7.501617680000000239e-03
6.449114900000000317e-01,5.180068623000000372e-01,3.640681593999999660e-02,-7.649313335000000429e-03
6.459114900000000326e-01,5.173258455999999450e-01,3.519340775000000254e-02,-7.500774110000000411e-03
6.469114900000000334e-01,5.165849200000000030e-01,3.384770746000000108e-02,-7.350470181999999714e-03
6.479114900000000343e-01,5.164843378000000262e-01,3.270493433999999838e-02,-7.136744347000000335e-03
6.489114900000000352e-01,5.152351040000000548e-01,3.162626981000000309e-02,-6.808042601000000027e-03
6.499114900000000361e-01,5.137747293000000104e-01,3.060808421000000071e-02,-6.419439431000000321e-03
6.509114900000000370e-01,5.129439045000000474e-01,2.986180909000000008e-02,-6.137910935000000061e-03
6.519114900000000379e-01,5.135958778000000446e-01,2.964368204000000090e-02,-5.976415361000000405e-03
6.529114900000000388e-01,5.151241470999999850e-01,2.987187842000000107e-02,-5.878238180000000188e-03
6.539114900000000397e-01,5.165373529000000241e-01,3.029911873999999866e-02,-5.650039037999999778e-03
6.549114900000000405e-01,5.165339498000000029e-01,3.178165548999999784e-02,-5.565670445999999945e-03
6.559114900000000414e-01,5.170317488000000239e-01,3.359243884000000235e-02,-5.736181727999999612e-03
6.569114900000000423e-01,5.177410082000000191e-01,3.530639380000000216e-02,-5.926619317999999755e-03
6.579114900000000432e-01,5.175425366000000471e-01,3.656693970000000210e-02,-6.118039591999999832e-03
6.589114900000000441e-01,5.183459562000000131e-01,3.745939077999999728e-02,-6.457094741000000103e-03
6.599114900000000450e-01,5.187440091999999670e-01,3.822781425999999955e-02,-6.916243176000000034e-03
6.609114900000000459e-01,5.177921575999999693e-01,3.830665871999999750e-02,-7.301975896000000368e-03
6.619114900000000468e-01,5.172740595000000496e-01,3.762573470000000336e-02,-7.529355183999999861e-03
6.629114900000000477e-01,5.170255730999999688e-01,3.651333640999999963e-02,-7.606997350999999789e-03
6.639114900000000485e-01,5.163755608000000219e-01,3.519416529999999654e-02,-7.442574216999999978e-03
6.649114900000000494e-01,5.161542609999999476e-01,3.396326393000000110e-02,-7.251659379000000363e-03
6.659114900000000503e-01,5.159220652999999546e-01,3.276854448000000170e-02,-7.038623154999999743e-03
6.669114900000000512e-01,5.151311021000000157e-01,3.166413098000000342e-02,-6.685048126000000222e-03
6.679114900000000521e-01,5.138328355000000291e-01,3.078688829000000154e-02,-6.286346128999999866e-03
6.689114900000000530e-01,5.128868100000000263e-01,3.043991344000000071e-02,-6.061590924000000158e-03
6.699114900000000539e-01,5.135924495000000478e-01,3.040054970999999870e-02,-5.877152346999999985e-03
6.709114900000000548e-01,5.144811611999999812e-01,3.064224211999999961e-02,-5.777893765999999633e-03
6.719114899999999446e-01,5.164113549000000081e-01,3.102610255000000025e-02,-5.639547695999999784e-03
6.729114899999999455e-01,5.164859146000000401e-01,3.219759031999999688e-02,-5.697818341000000265e-03
6.739114899999999464e-01,5.165850972000000096e-01,3.384686724000000174e-02,-5.870638901999999937e-03
6.749114899999999473e-01,5.169328963000000554e-01,3.538919445000000136e-02,-6.083013752999999989e-03
6.759114899999999482e-01,5.174741577999999453e-01,3.664770302999999924e-02,-6.305658438000000428e-03
6.769114899999999491e-01,5.186417422000000332e-01,3.757128551000000344e-02,-6.676667790000000158e-03
6.779114899999999500e-01,5.190369153999999652e-01,3.818502974000000105e-02,-7.139373683000000380e-03
6.789114899999999508e-01,5.179533355000000006e-01,3.836536993999999784e-02,-7.409337555000000165e-03
6.799114899999999517e-01,5.171086528999999654e-01,3.766261323000000272e-02,-7.543944856999999955e-03
6.809114899999999526e-01,5.162359476000000225e-01,3.661617845000000177e-02,-7.508475201999999758e-03
6.819114899999999535e-01,5.156470717000000148e-01,3.524997371000000018e-02,-7.310768446999999989e-03
6.829114899999999544e-01,5.157230690999999867e-01,3.398476523999999915e-02,-7.097426870000000422e-03
6.839114899999999553e-01,5.152450152999999977e-01,3.276050594999999760e-02,-6.874008126000000392e-03
6.849114899999999562e-01,5.147475427000000048e-01,3.162791058000000155e-02,-6.548357951000000413e-03
6.859114899999999571e-01,5.135730303000000108e-01,3.067647377000000050e-02,-6.167627460999999638e-03
6.869114899999999579e-01,5.128150387000000032e-01,3.046673903999999947e-02,-5.980796475999999862e-03
6.879114899999999588e-01,5.135562755000000479e-01,3.061036905999999988e-02,-5.839804280999999833e-03
6.889114899999999597e-01,5.142571709000000046e-01,3.080602061999999919e-02,-5.745034543000000424e-03
6.899114899999999606e-01,5.160815448000000139e-01,3.124509619999999918e-02,-5.669421558999999944e-03
6.909114899999999615e-01,5.161913093000000119e-01,3.244545522000000237e-02,-5.733553484000000408e-03
6.919114899999999624e-01,5.162590046999999682e-01,3.395305294999999973e-02,-5.902511846000000131e-03
6.929114899999999633e-01,5.165478349000000025e-01,3.535906107999999687e-02,-6.158549644000000170e-03
6.939114899999999642e-01,5.171378111000000111e-01,3.662149697000000037e-02,-6.376188544000000076e-03
6.949114899999999651e-01,5.181521075999999670e-01,3.782833208999999974e-02,-6.729018463000000123e-03
6.959114899999999659e-01,5.188235423999999485e-01,3.853018333000000212e-02,-7.207718656999999654e-03
6.969114899999999668e-01,5.181360842000000133e-01,3.855511010999999877e-02,-7.462048615000000350e-03
6.979114899999999677e-01,5.172683918999999575e-01,3.794460580999999694e-02,-7.555295967000000106e-03
6.989114899999999686e-01,5.168687178999999965e-01,3.678617812999999959e-02,-7.477151680999999904e-03
6.999114899999999695e-01,5.157625233999999503e-01,3.546490411000000065e-02,-7.225089819000000274e-03
7.009114899999999704e-01,5.156354370000000298e-01,3.429988607000000050e-02,-6.963810388000000150e-03
7.019114899999999713e-01,5.146913011999999510e-01,3.305976023999999958e-02,-6.681837361000000225e-03
7.029114899999999722e-01,5.137001788999999707e-01,3.190990467000000275e-02,-6.359361424000000047e-03
7.039114899999999730e-01,5.130620114999999704e-01,3.102837845000000136e-02,-6.048799391999999837e-03
7.049114899999999739e-01,5.125599089000000275e-01,3.075357672999999917e-02,-5.890228132999999859e-03
7.059114899999999748e-01,5.134972656999999829e-01,3.103150019999999926e-02,-5.813307301999999857e-03
7.069114899999999757e-01,5.142201390999999733e-01,3.112422394999999828e-02,-5.667874300000000365e-03
7.079114899999999766e-01,5.160617786000000207e-01,3.150118850999999998e-02,-5.639960212000000306e-03
7.089114899999999775e-01,5.164858963999999775e-01,3.255927027000000279e-02,-5.751863024000000192e-03
7.099114899999999784e-01,5.166184978000000205e-01,3.390593936999999891e-02,-5.950516690999999719e-03
7.109114899999999793e-01,5.172756050000000272e-01,3.533478822000000324e-02,-6.224907784000000346e-03
7.119114899999999801e-01,5.177184125999999553e-01,3.658832989000000008e-02,-6.503235799999999844e-03
7.129114899999999810e-01,5.185749079999999456e-01,3.779233784000000235e-02,-6.836534969000000045e-03
7.139114899999999819e-01,5.186336848999999471e-01,3.876978628999999676e-02,-7.249115181999999692e-03
7.149114899999999828e-01,5.183020387000000229e-01,3.883181019000000317e-02,-7.467141430999999635e-03
7.159114899999999837e-01,5.174467995000000542e-01,3.827475321999999902e-02,-7.500150601999999896e-03
7.169114899999999846e-01,5.172673193000000280e-01,3.721687887999999833e-02,-7.367798235000000417e-03
7.179114899999999855e-01,5.167433812999999709e-01,3.591709615000000105e-02,-7.124321945999999989e-03
7.189114899999999864e-01,5.170373521000000139e-01,3.471793054999999795e-02,-6.875979219999999933e-03
7.199114899999999873e-01,5.157528805000000105e-01,3.365524277000000314e-02,-6.581968952999999768e-03
7.209114899999999881e-01,5.145291933000000206e-01,3.255857529000000250e-02,-6.278573287999999683e-03
7.219114899999999890e-01,5.131684371000000411e-01,3.159703173000000254e-02,-5.986812591000000017e-03
7.229114899999999899e-01,5.123053408000000086e-01,3.119197794000000065e-02,-5.826602987000000129e-03
7.239114899999999908e-01,5.132300732000000254e-01,3.123659376000000043e-02,-5.808693876000000159e-03
7.249114899999999917e-01,5.144519546000000387e-01,3.134641197000000157e-02,-5.692508750999999804e-03
7.259114899999999926e-01,5.162752643000000363e-01,3.173409863999999969e-02,-5.693116118000000198e-03
7.269114899999999935e-01,5.168457014999999766e-01,3.275525179000000203e-02,-5.841969181999999948e-03
7.279114899999999944e-01,5.172817255999999642e-01,3.390599804999999689e-02,-6.057248720000000045e-03
7.289114899999999952e-01,5.180598760000000302e-01,3.514234687000000051e-02,-6.347047457000000101e-03
7.299114899999999961e-01,5.187893556999999545e-01,3.628433486999999708e-02,-6.656201657999999584e-03
7.309114899999999970e-01,5.196165726000000484e-01,3.742422601999999959e-02,-7.008891054000000384e-03
7.319114899999999979e-01,5.188928153999999848e-01,3.844947253000000065e-02,-7.324092124999999863e-03
7.329114899999999988e-01,5.181582165000000462e-01,3.866763841999999729e-02,-7.446478179000000017e-03
7.339114899999999997e-01,5.174672711000000147e-01,3.823254431999999897e-02,-7.396691916999999748e-03
7.349114900000000006e-01,5.170365383999999676e-01,3.723118193000000270e-02,-7.171680276000000354e-03
7.359114900000000015e-01,5.169378439999999797e-01,3.606055189000000050e-02,-6.890432761000000149e-03
7.369114900000000024e-01,5.174718042999999490e-01,3.508384587999999887e-02,-6.666602980000000192e-03
7.379114900000000032e-01,5.162343877999999719e-01,3.399003139000000145e-02,-6.367049653999999614e-03
7.389114900000000041e-01,5.149942291000000338e-01,3.296792979000000290e-02,-6.111923051000000238e-03
7.399114900000000050e-01,5.133191888000000480e-01,3.215923203999999924e-02,-5.928610620999999643e-03
7.409114900000000059e-01,5.124496535000000463e-01,3.156459969000000032e-02,-5.815103327000000280e-03
7.419114900000000068e-01,5.126810098999999843e-01,3.139485319000000219e-02,-5.835934220999999637e-03
7.429114900000000077e-01,5.141692141000000493e-01,3.122467018000000052e-02,-5.770062212999999864e-03
7.439114900000000086e-01,5.161210944999999883e-01,3.172612517000000104e-02,-5.791355411000000293e-03
7.449114900000000095e-01,5.170990541000000107e-01,3.281887185000000040e-02,-6.025385870999999845e-03
7.459114900000000103e-01,5.176978644999999934e-01,3.399260369999999865e-02,-6.251704321999999869e-03
7.469114900000000112e-01,5.185029608000000234e-01,3.524388747999999960e-02,-6.523995587999999700e-03
7.479114900000000121e-01,5.190975920999999493e-01,3.637357755000000109e-02,-6.842141240999999839e-03
7.489114900000000130e-01,5.197001075999999609e-01,3.743368019999999963e-02,-7.207107992999999858e-03
7.499114900000000139e-01,5.191379544999999984e-01,3.830460571000000175e-02,-7.482918043999999685e-03
7.509114900000000148e-01,5.180976699999999546e-01,3.854527732000000151e-02,-7.483289415999999812e-03
7.519114900000000157e-01,5.173844692000000300e-01,3.834321719000000073e-02,-7.328890581000000078e-03
7.529114900000000166e-01,5.170723768999999637e-01,3.735661129000000108e-02,-7.038120004999999686e-03
7.539114900000000175e-01,5.167318910999999515e-01,3.641713006999999780e-02,-6.713979588999999942e-03
7.549114900000000183e-01,5.175764022000000075e-01,3.545415518000000210e-02,-6.471029219999999658e-03
7.559114900000000192e-01,5.166249227000000444e-01,3.447953262999999685e-02,-6.168920139000000358e-03
7.569114900000000201e-01,5.154558015000000326e-01,3.351205206999999936e-02,-5.948975605999999756e-03
7.579114900000000210e-01,5.137934269999999692e-01,3.268411293000000190e-02,-5.818800510000000405e-03
7.589114900000000219e-01,5.126307512000000122e-01,3.210445467999999830e-02,-5.762351338000000142e-03
7.599114900000000228e-01,5.123792188000000358e-01,3.172734752999999824e-02,-5.814240192000000133e-03
7.609114900000000237e-01,5.140988273000000053e-01,3.125105455999999809e-02,-5.829071939000000056e-03
7.619114900000000246e-01,5.158486119999999842e-01,3.140051382000000335e-02,-5.931696277999999947e-03
7.629114900000000254e-01,5.174432801999999665e-01,3.255724752999999971e-02,-6.183642807999999852e-03
7.639114900000000263e-01,5.181212487999999894e-01,3.375396395000000022e-02,-6.396302302000000072e-03
7.649114900000000272e-01,5.190307230999999799e-01,3.491366419999999970e-02,-6.645421765000000293e-03
7.659114900000000281e-01,5.196967378000000304e-01,3.619202928000000291e-02,-6.965742849999999667e-03
7.669114900000000290e-01,5.197685938999999644e-01,3.732034406999999721e-02,-7.332978030999999855e-03
7.679114900000000299e-01,5.190915811999999852e-01,3.789865838999999931e-02,-7.587089784000000323e-03
7.689114900000000308e-01,5.183655556999999803e-01,3.783028676999999895e-02,-7.549175069000000141e-03
7.699114900000000317e-01,5.172144721000000445e-01,3.759963041000000117e-02,-7.336432787000000261e-03
7.709114900000000326e-01,5.166215132999999460e-01,3.695841420999999849e-02,-6.953062672000000222e-03
7.719114900000000334e-01,5.165243897000000306e-01,3.602328236999999961e-02,-6.597165773000000268e-03
7.729114900000000343e-01,5.171755014000000150e-01,3.527909518999999827e-02,-6.298247786999999764e-03
7.739114900000000352e-01,5.161323638999999464e-01,3.461092370999999807e-02,-6.013796251000000370e-03
7.749114900000000361e-01,5.156522704999999540e-01,3.391216085999999852e-02,-5.790462068000000288e-03
7.759114900000000370e-01,5.145267122000000137e-01,3.325524675000000180e-02,-5.703443578000000173e-03
7.769114900000000379e-01,5.133597667000000531e-01,3.273010437999999966e-02,-5.687224684999999703e-03
7.779114900000000388e-01,5.127444838000000393e-01,3.246294539999999840e-02,-5.770827517999999740e-03
7.789114900000000397e-01,5.138850870000000182e-01,3.195859926999999878e-02,-5.814123105000000048e-03
7.799114900000000405e-01,5.151236324000000311e-01,3.193898986999999662e-02,-5.958094583999999985e-03
7.809114900000000414e-01,5.172434949999999976e-01,3.270636484000000177e-02,-6.311016951999999687e-03
7.819114900000000423e-01,5.179597371999999922e-01,3.367440389999999673e-02,-6.573801158000000013e-03
7.829114900000000432e-01,5.195637226000000553e-01,3.490381833999999656e-02,-6.846456915000000143e-03
7.839114900000000441e-01,5.205795641999999557e-01,3.603397089000000275e-02,-7.158912049000000152e-03
7.849114900000000450e-01,5.204428794000000025e-01,3.709444509999999806e-02,-7.534147607999999892e-03
7.859114900000000459e-01,5.193318693999999791e-01,3.758619761999999753e-02,-7.723118101999999763e-03
7.869114900000000468e-01,5.182937043999999993e-01,3.716893430999999859e-02,-7.672609981000000356e-03
7.879114900000000477e-01,5.165369347999999583e-01,3.655780589999999691e-02,-7.436542336999999933e-03
7.889114900000000485e-01,5.163072750999999627e-01,3.571629389000000043e-02,-7.034694462999999641e-03
7.899114900000000494e-01,5.165657532999999857e-01,3.494403718999999908e-02,-6.611704809999999731e-03
7.909114900000000503e-01,5.165664392000000049e-01,3.430145727000000200e-02,-6.231961373000000082e-03
7.919114900000000512e-01,5.160235474000000044e-01,3.382362406000000155e-02,-5.912912503000000361e-03
7.929114900000000521e-01,5.151496200999999830e-01,3.350754977999999967e-02,-5.674122044000000017e-03
7.939114900000000530e-01,5.145841236000000540e-01,3.329087848000000099e-02,-5.585526193000000042e-03
7.949114900000000539e-01,5.142841981000000340e-01,3.315360552999999794e-02,-5.631718358000000271e-03
7.959114900000000548e-01,5.135868090999999858e-01,3.300881124999999888e-02,-5.757737556999999694e-03
7.969114899999999446e-01,5.146208166000000306e-01,3.263217790000000340e-02,-5.809667505000000280e-03
7.979114899999999455e-01,5.150822508000000299e-01,3.257172137000000078e-02,-5.960969564000000338e-03
7.989114899999999464e-01,5.163306820999999935e-01,3.320206654999999923e-02,-6.289129475000000344e-03
7.999114899999999473e-01,5.174568703999999908e-01,3.394024136999999886e-02,-6.608079923999999987e-03
8.009114899999999482e-01,5.188757188999999492e-01,3.486520791000000119e-02,-6.921294373999999951e-03
8.019114899999999491e-01,5.205090526000000217e-01,3.597855953000000245e-02,-7.276422212999999854e-03
8.029114899999999500e-01,5.205398044000000279e-01,3.709845799000000000e-02,-7.661865414000000422e-03
8.039114899999999508e-01,5.196067014999999900e-01,3.746373229999999666e-02,-7.823309038999999923e-03
8.049114899999999517e-01,5.180657308999999655e-01,3.690676771000000328e-02,-7.709742700999999698e-03
8.059114899999999526e-01,5.160743727000000058e-01,3.586197778999999919e-02,-7.436190809000000311e-03
8.069114899999999535e-01,5.149858832000000497e-01,3.469626212000000154e-02,-6.988996172000000104e-03
8.079114899999999544e-01,5.158263601000000476e-01,3.380627690000000130e-02,-6.574500211000000073e-03
8.089114899999999553e-01,5.165914752000000387e-01,3.310755777999999788e-02,-6.161530632000000209e-03
8.099114899999999562e-01,5.159575066999999571e-01,3.291143288000000083e-02,-5.824635320999999900e-03
8.109114899999999571e-01,5.151986698999999614e-01,3.286834022000000022e-02,-5.578129026999999705e-03
8.119114899999999579e-01,5.145038803999999466e-01,3.308204330000000248e-02,-5.463560031000000428e-03
8.129114899999999588e-01,5.140875937000000118e-01,3.348603979999999897e-02,-5.503500381999999920e-03
8.139114899999999597e-01,5.139175674999999499e-01,3.367890853999999656e-02,-5.637956579999999808e-03
8.149114899999999606e-01,5.150175930999999485e-01,3.352819007999999906e-02,-5.799445311000000353e-03
8.159114899999999615e-01,5.154385763000000065e-01,3.347959392000000173e-02,-6.003279751999999851e-03
8.169114899999999624e-01,5.160768391000000177e-01,3.396407201999999959e-02,-6.338937404000000338e-03
8.179114899999999633e-01,5.169281966000000006e-01,3.435941624999999666e-02,-6.666094636000000073e-03
8.189114899999999642e-01,5.185640030000000511e-01,3.497542395000000082e-02,-7.067968487999999778e-03
8.199114899999999651e-01,5.201778267000000122e-01,3.581949396999999785e-02,-7.471135545000000266e-03
8.209114899999999659e-01,5.200793890999999558e-01,3.684884947000000022e-02,-7.891531372999999183e-03
8.219114899999999668e-01,5.192696491999999608e-01,3.715369594000000192e-02,-8.065352018000000386e-03
8.229114899999999677e-01,5.176149971000000294e-01,3.652200570999999951e-02,-7.925729479999999230e-03
8.239114899999999686e-01,5.155947964000000550e-01,3.533610008000000191e-02,-7.580457441000000053e-03
8.249114899999999695e-01,5.142810110000000101e-01,3.375586076999999990e-02,-7.098464803000000337e-03
8.259114899999999704e-01,5.145117423999999717e-01,3.251731096999999765e-02,-6.628940946999999952e-03
8.269114899999999713e-01,5.154354474000000241e-01,3.174189065000000004e-02,-6.089501219999999757e-03
8.279114899999999722e-01,5.158779843999999892e-01,3.160252409000000040e-02,-5.769641925000000039e-03
8.289114899999999730e-01,5.151385568999999887e-01,3.206794000999999700e-02,-5.543202916999999917e-03
8.299114899999999739e-01,5.148010345000000321e-01,3.276173503000000264e-02,-5.381061991000000294e-03
8.309114899999999748e-01,5.141733216999999634e-01,3.376869159999999759e-02,-5.418938542000000316e-03
8.319114899999999757e-01,5.138158877999999818e-01,3.456216575999999929e-02,-5.512665437999999911e-03
8.329114899999999766e-01,5.145915084000000084e-01,3.494324004999999761e-02,-5.699257818000000309e-03
8.339114899999999775e-01,5.157500911000000299e-01,3.496862994000000252e-02,-5.939944865000000400e-03
8.349114899999999784e-01,5.165030922000000135e-01,3.521622553999999988e-02,-6.348074502999999716e-03
8.359114899999999793e-01,5.167874973999999622e-01,3.547489589999999748e-02,-6.702574900999999641e-03
8.369114899999999801e-01,5.180757971999999656e-01,3.596420213999999838e-02,-7.189129903999999689e-03
8.379114899999999810e-01,5.192267176999999512e-01,3.630911842000000139e-02,-7.653909631999999616e-03
8.389114899999999819e-01,5.196753787000000235e-01,3.689324546000000149e-02,-8.140473116000000037e-03
8.399114899999999828e-01,5.187538149999999515e-01,3.700787024999999814e-02,-8.346344287999999181e-03
8.409114899999999837e-01,5.169576466999999953e-01,3.628232410999999991e-02,-8.156045502999999947e-03
8.419114899999999846e-01,5.147418756999999623e-01,3.491158649000000030e-02,-7.764299690999999955e-03
8.429114899999999855e-01,5.138215315999999921e-01,3.311133248999999917e-02,-7.188454967000000410e-03
8.439114899999999864e-01,5.135096544999999679e-01,3.155167820000000234e-02,-6.679703230999999887e-03
8.449114899999999873e-01,5.144860121000000008e-01,3.025885722000000097e-02,-6.115594436999999793e-03
8.459114899999999881e-01,5.148733091999999623e-01,3.009818251000000167e-02,-5.686155430999999608e-03
8.469114899999999890e-01,5.151694518999999639e-01,3.072622862000000052e-02,-5.485408231000000155e-03
8.479114899999999899e-01,5.152980252000000094e-01,3.165544532999999688e-02,-5.303487497000000141e-03
8.489114899999999908e-01,5.145208531999999613e-01,3.332770896000000066e-02,-5.332498984000000157e-03
8.499114899999999917e-01,5.142446638000000014e-01,3.472240224999999930e-02,-5.441388634999999759e-03
8.509114899999999926e-01,5.145037538000000188e-01,3.582296831000000153e-02,-5.639604504999999601e-03
8.519114899999999935e-01,5.149425213999999640e-01,3.647474795999999797e-02,-5.885375305999999626e-03
8.529114899999999944e-01,5.159789493999999976e-01,3.694830116000000220e-02,-6.330040589999999696e-03
8.539114899999999952e-01,5.168704522000000523e-01,3.697279207999999706e-02,-6.759177404000000014e-03
8.549114899999999961e-01,5.180333553999999507e-01,3.719175175000000166e-02,-7.316972316999999747e-03
8.559114899999999970e-01,5.189653576999999629e-01,3.736688627000000346e-02,-7.813634757000000736e-03
8.569114899999999979e-01,5.190689465000000169e-01,3.749702925000000103e-02,-8.251222347999999374e-03
8.579114899999999988e-01,5.186714381000000484e-01,3.723428379000000288e-02,-8.532214660999999298e-03
8.589114899999999997e-01,5.172088352000000500e-01,3.629330034000000094e-02,-8.382199691000000175e-03
8.599114900000000006e-01,5.146825396999999969e-01,3.492682804999999724e-02,-7.961760873000000432e-03
8.609114900000000015e-01,5.135901734000000163e-01,3.305848289999999828e-02,-7.300451771999999853e-03
8.619114900000000024e-01,5.130659588999999521e-01,3.133559796000000286e-02,-6.659786606000000185e-03
8.629114900000000032e-01,5.134234989999999499e-01,2.979581586000000157e-02,-5.981691865000000365e-03
8.639114900000000041e-01,5.138221026000000524e-01,2.925229530999999897e-02,-5.583372449999999577e-03
8.649114900000000050e-01,5.145618685999999720e-01,2.975136206000000144e-02,-5.352877827000000407e-03
8.659114900000000059e-01,5.144378666000000155e-01,3.093451503999999908e-02,-5.184875038000000096e-03
8.669114900000000068e-01,5.140001044999999991e-01,3.254620572999999961e-02,-5.244322293000000176e-03
8.679114900000000077e-01,5.141810970000000314e-01,3.435002506999999816e-02,-5.402250622999999613e-03
8.689114900000000086e-01,5.150317577999999896e-01,3.596747443000000016e-02,-5.628434534999999898e-03
8.699114900000000095e-01,5.146512100000000256e-01,3.706191719000000162e-02,-5.908824329999999569e-03
8.709114900000000103e-01,5.154238475000000319e-01,3.796852105000000227e-02,-6.349893885000000050e-03
8.719114900000000112e-01,5.167547326000000441e-01,3.829626440000000187e-02,-6.798301589000000332e-03
8.729114900000000121e-01,5.176000955999999764e-01,3.840956258000000068e-02,-7.361364631000000096e-03
8.739114900000000130e-01,5.186712357999999634e-01,3.840779777000000172e-02,-7.944896921000000126e-03
8.749114900000000139e-01,5.183824075999999836e-01,3.802629920000000219e-02,-8.284953844999999942e-03
8.759114900000000148e-01,5.181678320999999476e-01,3.773011404999999929e-02,-8.543045689000000262e-03
8.769114900000000157e-01,5.169400040999999613e-01,3.664726982000000161e-02,-8.426177176999999699e-03
8.779114900000000166e-01,5.146292827999999764e-01,3.514930352000000119e-02,-8.033873964000000020e-03
8.789114900000000175e-01,5.134364697000000088e-01,3.333176756999999685e-02,-7.405680417000000057e-03
8.799114900000000183e-01,5.129032913000000082e-01,3.158136666999999953e-02,-6.657932049000000324e-03
8.809114900000000192e-01,5.126388728999999866e-01,3.003992235999999871e-02,-5.890010963999999828e-03
8.819114900000000201e-01,5.126478242999999990e-01,2.927914440999999923e-02,-5.399543506999999846e-03
8.829114900000000210e-01,5.135412940000000370e-01,2.937316607000000149e-02,-5.126763014000000271e-03
8.839114900000000219e-01,5.141643531999999794e-01,3.045973094999999964e-02,-5.035233600999999837e-03
8.849114900000000228e-01,5.133276229000000024e-01,3.201738009999999940e-02,-5.085250876999999892e-03
8.859114900000000237e-01,5.132624387999999982e-01,3.383673418000000127e-02,-5.267824253999999796e-03
8.869114900000000246e-01,5.143906820000000435e-01,3.573677340999999869e-02,-5.581063707000000033e-03
8.879114900000000254e-01,5.145901773000000068e-01,3.726161651999999880e-02,-5.947352204999999982e-03
8.889114900000000263e-01,5.152120584999999586e-01,3.843796840000000131e-02,-6.473389294999999655e-03
8.899114900000000272e-01,5.164646914999999616e-01,3.907257573999999706e-02,-6.896504652000000346e-03
8.909114900000000281e-01,5.176121233999999571e-01,3.942222899000000225e-02,-7.453159941999999705e-03
8.919114900000000290e-01,5.179771116000000397e-01,3.950990122999999826e-02,-8.008052393000000477e-03
8.929114900000000299e-01,5.182480997999999728e-01,3.888855960999999806e-02,-8.324604229000000591e-03
8.939114900000000308e-01,5.179302860000000175e-01,3.829327567000000154e-02,-8.537906883000000863e-03
8.949114900000000317e-01,5.168481806000000400e-01,3.709695955999999656e-02,-8.437973070000000242e-03
8.959114900000000326e-01,5.145557643000000514e-01,3.556732645999999970e-02,-8.031082780000000504e-03
8.969114900000000334e-01,5.132305508000000183e-01,3.368165923000000089e-02,-7.469425325000000025e-03
8.979114900000000343e-01,5.128264384999999814e-01,3.190777587000000193e-02,-6.750639035000000412e-03
8.989114900000000352e-01,5.123665990000000336e-01,3.020998583000000098e-02,-5.889998385999999780e-03
8.999114900000000361e-01,5.118829811999999757e-01,2.943011111000000055e-02,-5.343975427999999965e-03
9.009114900000000370e-01,5.124867398000000351e-01,2.931335845000000023e-02,-5.041323383999999665e-03
9.019114900000000379e-01,5.136537962999999651e-01,2.999183965999999840e-02,-4.893899529000000220e-03
9.029114900000000388e-01,5.132356609999999542e-01,3.162217289000000126e-02,-4.927323651000000380e-03
9.039114900000000397e-01,5.133130726000000310e-01,3.326361818000000276e-02,-5.141550168999999698e-03
9.049114900000000405e-01,5.144191236999999806e-01,3.520234930999999873e-02,-5.495302203000000142e-03
9.059114900000000414e-01,5.146436625000000431e-01,3.699158551000000100e-02,-5.873147286999999724e-03
9.069114900000000423e-01,5.151544239999999997e-01,3.868250515999999833e-02,-6.488724109999999962e-03
9.079114900000000432e-01,5.163290540999999623e-01,3.950032819999999695e-02,-7.006443567000000122e-03
9.089114900000000441e-01,5.178722663999999476e-01,3.991854365999999987e-02,-7.567813470999999910e-03
9.099114900000000450e-01,5.186458153999999876e-01,3.998899303999999683e-02,-8.103414857000000235e-03
9.109114900000000459e-01,5.182688920000000365e-01,3.947766161999999995e-02,-8.390131799000000168e-03
9.119114900000000468e-01,5.182321332999999530e-01,3.865291123999999717e-02,-8.527596627000000665e-03
9.129114900000000477e-01,5.169163239999999826e-01,3.738627941000000066e-02,-8.383452176999999297e-03
9.139114900000000485e-01,5.149359306999999886e-01,3.580978553999999980e-02,-8.038048339999999403e-03
9.149114900000000494e-01,5.132211670999999864e-01,3.420043014000000159e-02,-7.523954914000000049e-03
9.159114900000000503e-01,5.130178762999999531e-01,3.235417814000000197e-02,-6.863246665000000309e-03
9.169114900000000512e-01,5.122957429000000174e-01,3.064843051999999873e-02,-6.025939555000000072e-03
9.179114900000000521e-01,5.117579610000000390e-01,2.985052595999999892e-02,-5.451849925999999701e-03
9.189114900000000530e-01,5.119072677999999543e-01,2.968351823000000070e-02,-5.120576980000000368e-03
9.199114900000000539e-01,5.130511551999999975e-01,2.995343266999999851e-02,-4.888500855000000103e-03
9.209114900000000548e-01,5.126885952999999940e-01,3.108563104999999965e-02,-4.894231960999999818e-03
9.219114899999999446e-01,5.131302502000000265e-01,3.284522936999999948e-02,-5.078537152999999978e-03
9.229114899999999455e-01,5.144051573000000266e-01,3.464437392999999976e-02,-5.398758148000000305e-03
9.239114899999999464e-01,5.150352620999999465e-01,3.647099325000000003e-02,-5.791845940999999602e-03
9.249114899999999473e-01,5.150696997999999471e-01,3.837726860000000018e-02,-6.388840596999999580e-03
9.259114899999999482e-01,5.156483691000000036e-01,3.956327040999999684e-02,-6.925502045999999863e-03
9.269114899999999491e-01,5.172158989999999790e-01,4.028378450999999666e-02,-7.520374691999999646e-03
9.279114899999999500e-01,5.181786806999999495e-01,4.054137275999999956e-02,-8.096381841000000260e-03
9.289114899999999508e-01,5.185878744999999901e-01,4.008918832999999737e-02,-8.449266942999999683e-03
9.299114899999999517e-01,5.189870103000000512e-01,3.899386171000000095e-02,-8.528799494000000730e-03
9.309114899999999526e-01,5.181054318000000158e-01,3.764995384000000000e-02,-8.347909985999999241e-03
9.319114899999999535e-01,5.158895766000000105e-01,3.614210495999999745e-02,-8.008718282999999910e-03
9.329114899999999544e-01,5.136995410000000373e-01,3.461826409999999715e-02,-7.585002591999999780e-03
9.339114899999999553e-01,5.128086603000000521e-01,3.291905039999999671e-02,-6.945498605999999783e-03
9.349114899999999562e-01,5.122054896000000079e-01,3.137303602000000163e-02,-6.247088038000000315e-03
9.359114899999999571e-01,5.118038874000000460e-01,3.048486866000000087e-02,-5.709935331999999725e-03
9.369114899999999579e-01,5.119919728999999808e-01,3.013598529000000026e-02,-5.307035923999999655e-03
9.379114899999999588e-01,5.126636253999999893e-01,3.032011827999999895e-02,-5.038752746000000129e-03
9.389114899999999597e-01,5.123274956000000158e-01,3.097687689999999855e-02,-4.945425907999999662e-03
9.399114899999999606e-01,5.126130043000000081e-01,3.225124595000000011e-02,-5.041493614999999900e-03
9.409114899999999615e-01,5.147482325000000136e-01,3.390734160000000164e-02,-5.359943806999999637e-03
9.419114899999999624e-01,5.156161285000000483e-01,3.552565635999999777e-02,-5.682162745000000209e-03
9.429114899999999633e-01,5.158883358000000419e-01,3.758343405999999692e-02,-6.259252213000000321e-03
9.439114899999999642e-01,5.163026339999999825e-01,3.910858033000000344e-02,-6.823595935999999737e-03
9.449114899999999651e-01,5.172104057999999949e-01,4.003215921000000121e-02,-7.374590072000000024e-03
9.459114899999999659e-01,5.175212002000000311e-01,4.079790884000000090e-02,-7.985545692000000847e-03
9.469114899999999668e-01,5.179921044999999946e-01,4.042330167000000168e-02,-8.317464878999999631e-03
9.479114899999999677e-01,5.187992489999999624e-01,3.945852591000000020e-02,-8.401411136999999141e-03
9.489114899999999686e-01,5.186428961000000282e-01,3.785742938000000168e-02,-8.188730118000000363e-03
9.499114899999999695e-01,5.170135686000000286e-01,3.643030960000000207e-02,-7.921866971999999216e-03
9.509114899999999704e-01,5.147957248000000208e-01,3.502148676999999877e-02,-7.565727993999999887e-03
9.519114899999999713e-01,5.133262033000000057e-01,3.345799326999999990e-02,-7.045379699000000294e-03
9.529114899999999722e-01,5.124404903999999483e-01,3.186308010000000329e-02,-6.404868836000000322e-03
9.539114899999999730e-01,5.116002222000000099e-01,3.104736817999999982e-02,-5.935171508000000075e-03
9.549114899999999739e-01,5.117454876000000485e-01,3.088506557999999916e-02,-5.665950484000000127e-03
9.559114899999999748e-01,5.121843606000000548e-01,3.082536009000000007e-02,-5.347295636999999796e-03
9.569114899999999757e-01,5.117947313999999803e-01,3.125175899999999701e-02,-5.142510129999999791e-03
9.579114899999999766e-01,5.119125565000000044e-01,3.215228662999999876e-02,-5.134258463999999932e-03
9.589114899999999775e-01,5.133741456999999508e-01,3.334328554000000333e-02,-5.273679990999999810e-03
9.599114899999999784e-01,5.155115395999999572e-01,3.471997683999999973e-02,-5.598238650000000177e-03
9.609114899999999793e-01,5.162120231000000281e-01,3.620104856999999815e-02,-6.043229718000000389e-03
9.619114899999999801e-01,5.167989092000000451e-01,3.808142591000000104e-02,-6.642495860000000030e-03
9.629114899999999810e-01,5.172568560000000426e-01,3.944331479999999696e-02,-7.206096082000000048e-03
9.639114899999999819e-01,5.170656274999999580e-01,4.039012301000000082e-02,-7.835954913999999827e-03
9.649114899999999828e-01,5.174483437000000352e-01,4.070686712999999762e-02,-8.237376237999999296e-03
9.659114899999999837e-01,5.179399627999999867e-01,3.997730136000000184e-02,-8.367907756999999960e-03
9.669114899999999846e-01,5.185975511999999510e-01,3.861577387000000167e-02,-8.165179151999999232e-03
9.679114899999999855e-01,5.173981748000000547e-01,3.705933274999999999e-02,-7.808385047000000398e-03
9.689114899999999864e-01,5.163185473000000414e-01,3.572630251000000201e-02,-7.523152249000000270e-03
9.699114899999999873e-01,5.146201810999999626e-01,3.441183495999999842e-02,-7.124120817000000050e-03
9.709114899999999881e-01,5.130202734000000042e-01,3.287477537999999866e-02,-6.561788566999999725e-03
9.719114899999999890e-01,5.115127068999999471e-01,3.197398852999999708e-02,-6.173905589999999742e-03
9.729114899999999899e-01,5.114058758999999732e-01,3.172848589999999885e-02,-5.921972065000000347e-03
9.739114899999999908e-01,5.120382928000000167e-01,3.164057114999999781e-02,-5.657714512000000008e-03
9.749114899999999917e-01,5.114819967999999495e-01,3.174246521000000099e-02,-5.367567083999999836e-03
9.759114899999999926e-01,5.114089624000000001e-01,3.211135215000000126e-02,-5.208726490000000105e-03
9.769114899999999935e-01,5.124959833000000131e-01,3.301592616000000036e-02,-5.265364831999999953e-03
9.779114899999999944e-01,5.142307702999999730e-01,3.400977479000000248e-02,-5.435289188999999944e-03
9.789114899999999952e-01,5.156508217999999921e-01,3.516793698000000162e-02,-5.794320032999999807e-03
9.799114899999999961e-01,5.167987375999999466e-01,3.671106577000000232e-02,-6.407878522000000181e-03
9.809114899999999970e-01,5.174486987999999954e-01,3.835078931000000108e-02,-7.057901949999999779e-03
9.819114899999999979e-01,5.169885667000000407e-01,3.979461900999999718e-02,-7.661002394000000250e-03
9.829114899999999988e-01,5.169656562000000122e-01,4.042229018000000063e-02,-8.165739389999999293e-03
9.839114899999999997e-01,5.164667618999999599e-01,4.034697451000000129e-02,-8.380469887999999687e-03
9.849114900000000006e-01,5.171753010999999844e-01,3.920172728000000106e-02,-8.210246628000000130e-03
9.859114900000000015e-01,5.166677846999999657e-01,3.764207930999999979e-02,-7.784753626000000259e-03
9.869114900000000024e-01,5.158372397999999581e-01,3.618881939000000159e-02,-7.344625734000000128e-03
9.879114900000000032e-01,5.151640960000000158e-01,3.504322205000000301e-02,-7.010799441999999819e-03
9.889114900000000041e-01,5.140758905000000212e-01,3.375173809999999774e-02,-6.558309832999999721e-03
9.899114900000000050e-01,5.118947276999999962e-01,3.285568072000000228e-02,-6.194527822999999767e-03
9.909114900000000059e-01,5.110819488000000188e-01,3.250342732000000012e-02,-6.053972109999999907e-03
9.919114900000000068e-01,5.108583301000000354e-01,3.245426896999999838e-02,-5.919898080000000375e-03
9.929114900000000077e-01,5.109884042000000237e-01,3.239609655000000310e-02,-5.713884988999999755e-03
9.939114900000000086e-01,5.111357265000000538e-01,3.251892542999999802e-02,-5.492519938000000115e-03
