time_s,CD,CL,CM
1.200000000000000030e-04,3.932519266999999763e-01,9.626491446000000340e-02,-2.734237140999999996e-02
2.640000000000000202e-04,3.850106074999999906e-01,1.118718674999999996e-01,-3.241534755000000101e-02
4.367999999999999921e-04,3.838938367999999990e-01,1.059377601000000002e-01,-3.039945956999999879e-02
6.441599999999999583e-04,3.905420209000000087e-01,1.040792982000000033e-01,-3.012470557000000021e-02
8.929920000000000045e-04,4.003032648000000027e-01,1.021054131000000004e-01,-2.956190569999999837e-02
1.185186300000000068e-03,4.114763389000000160e-01,9.946351468000000362e-02,-2.902366576999999837e-02
1.521444600000000039e-03,4.234012656999999735e-01,9.633544338999999734e-02,-2.823879271999999926e-02
1.902531299999999943e-03,4.353736827999999948e-01,9.328949407999999333e-02,-2.732629325000000137e-02
2.329384199999999950e-03,4.461361634000000076e-01,9.032311439000000053e-02,-2.617741645999999839e-02
2.799652699999999935e-03,4.564596972000000141e-01,8.745949145999999674e-02,-2.475008671000000077e-02
3.286957300000000175e-03,4.629695019000000245e-01,8.486084890999999464e-02,-2.317900034999999942e-02
3.783764700000000029e-03,4.672953356999999808e-01,8.182493993999999382e-02,-2.148611001000000006e-02
4.275290000000000167e-03,4.714739028000000109e-01,7.858280242000000027e-02,-1.991512260000000145e-02
4.761627699999999852e-03,4.751369125000000082e-01,7.496677954000000033e-02,-1.856887658000000094e-02
5.244594099999999592e-03,4.789224830000000099e-01,7.140255102999999715e-02,-1.730967879000000140e-02
5.726842999999999691e-03,4.821237823999999783e-01,6.746197428000000329e-02,-1.627348610999999889e-02
6.210309699999999600e-03,4.858926494999999957e-01,6.356106827000000681e-02,-1.517916908999999981e-02
6.696580300000000256e-03,4.894093100999999946e-01,6.035078490999999656e-02,-1.405997624000000085e-02
7.185559099999999817e-03,4.928483076999999879e-01,5.751709996999999908e-02,-1.288051531000000000e-02
7.675946999999999805e-03,4.961995763000000004e-01,5.475205072000000062e-02,-1.182461358999999969e-02
8.166058900000000217e-03,4.999830828999999865e-01,5.184472903000000160e-02,-1.096538053000000075e-02
8.654600300000000676e-03,5.030989474000000516e-01,4.899980116000000191e-02,-1.026613109000000003e-02
9.140725199999999787e-03,5.057319928000000298e-01,4.648370304999999841e-02,-9.739715573999999793e-03
9.623436500000000574e-03,5.074089874999999639e-01,4.428358142000000247e-02,-9.373589397999999157e-03
1.010238899999999981e-02,5.086722866999999759e-01,4.227290523999999855e-02,-9.266569038999999952e-03
1.057783099999999935e-02,5.100981610000000499e-01,4.065405272000000014e-02,-9.378540117999999842e-03
1.105064099999999994e-02,5.114847206999999507e-01,3.943096217000000014e-02,-9.588899979000000545e-03
1.152202100000000035e-02,5.123358024999999927e-01,3.851414530999999752e-02,-9.879161205999999196e-03
1.199243799999999936e-02,5.118547705999999531e-01,3.782708849000000068e-02,-1.026607237000000047e-02
1.246196100000000057e-02,5.110106169000000476e-01,3.740841931000000314e-02,-1.074781204000000052e-02
1.293058199999999949e-02,5.103027022999999662e-01,3.743636683999999881e-02,-1.122458749000000006e-02
1.339831799999999934e-02,5.089967203999999912e-01,3.786967790000000250e-02,-1.172190811000000006e-02
1.386517699999999936e-02,5.076484253999999918e-01,3.830197979000000280e-02,-1.226318594000000081e-02
1.433124799999999956e-02,5.060752705000000073e-01,3.901675486000000248e-02,-1.281471059999999933e-02
1.479681600000000083e-02,5.042570466000000362e-01,3.982161056999999893e-02,-1.339657007999999969e-02
1.526223699999999968e-02,5.029631932000000472e-01,4.092077097999999996e-02,-1.394578946000000000e-02
1.572781700000000157e-02,5.010395965999999701e-01,4.216934122999999729e-02,-1.441968255999999914e-02
1.619371000000000005e-02,4.996112966999999849e-01,4.311503325999999775e-02,-1.481840681000000035e-02
1.665998499999999868e-02,4.985077083000000187e-01,4.406351247000000332e-02,-1.514009508000000066e-02
1.712670200000000059e-02,4.977793435000000266e-01,4.516596179000000044e-02,-1.534074851000000010e-02
1.759388699999999903e-02,4.974726497999999997e-01,4.611400118999999659e-02,-1.558728810000000083e-02
1.806142900000000037e-02,4.967790481000000091e-01,4.688496066000000240e-02,-1.571992726999999965e-02
1.852906600000000029e-02,4.965332410000000141e-01,4.748795967000000312e-02,-1.579179136000000150e-02
1.899655399999999883e-02,4.969302968000000043e-01,4.786123033999999804e-02,-1.572091920999999989e-02
1.946376600000000040e-02,4.974232057999999901e-01,4.819917586999999948e-02,-1.558028604000000032e-02
1.993067499999999839e-02,4.980226985999999800e-01,4.811596281999999669e-02,-1.536850266000000000e-02
2.039725300000000061e-02,4.983016326999999968e-01,4.778442361000000138e-02,-1.512163688999999984e-02
2.086354699999999965e-02,4.984352065000000054e-01,4.725037329000000147e-02,-1.476671929000000077e-02
2.132964099999999988e-02,4.991342610000000235e-01,4.647553237000000281e-02,-1.444090068999999942e-02
2.179569699999999929e-02,4.998350626999999990e-01,4.567582461999999954e-02,-1.408108391000000015e-02
2.226191699999999912e-02,5.010932167999999631e-01,4.471828372000000162e-02,-1.368326624999999935e-02
2.272854100000000141e-02,5.024124049000000536e-01,4.352377545999999708e-02,-1.327926771999999971e-02
2.319581600000000104e-02,5.037319317999999768e-01,4.238093700000000047e-02,-1.288605309999999934e-02
2.366397199999999840e-02,5.045442853999999588e-01,4.102727074000000335e-02,-1.245282879000000030e-02
2.413317099999999840e-02,5.056453899999999724e-01,3.968698721000000346e-02,-1.206943496000000005e-02
2.460349400000000006e-02,5.070774685000000170e-01,3.834330651000000117e-02,-1.178989555000000029e-02
2.507491400000000023e-02,5.081913573999999878e-01,3.680943151999999802e-02,-1.152719674000000048e-02
2.554729500000000111e-02,5.089824499999999752e-01,3.549269579000000063e-02,-1.130267193000000087e-02
2.602044200000000126e-02,5.097309170999999584e-01,3.431032063000000187e-02,-1.105368760999999971e-02
2.649426200000000106e-02,5.098137138999999651e-01,3.300418832000000247e-02,-1.089322812000000085e-02
2.696881200000000173e-02,5.100016066000000459e-01,3.163449121999999808e-02,-1.087717074999999985e-02
2.744386999999999868e-02,5.098282009000000281e-01,3.056107913999999912e-02,-1.090924340999999999e-02
2.791911500000000129e-02,5.098177548000000225e-01,2.967377061000000052e-02,-1.101068963000000067e-02
2.839453299999999958e-02,5.093823876999999944e-01,2.877820265999999835e-02,-1.108199068000000065e-02
2.887051200000000095e-02,5.091076353000000276e-01,2.789704113999999860e-02,-1.116692023999999936e-02
2.934745100000000009e-02,5.088706238000000326e-01,2.694884046000000158e-02,-1.136090923999999967e-02
2.982592699999999861e-02,5.079852570999999761e-01,2.631062492999999836e-02,-1.156354524999999960e-02
3.030625799999999911e-02,5.066012172999999619e-01,2.628155144999999929e-02,-1.162043792999999971e-02
3.078868800000000155e-02,5.053390454999999726e-01,2.644010347000000025e-02,-1.166395704999999977e-02
3.127296300000000084e-02,5.040419001000000510e-01,2.675121982000000162e-02,-1.177088146000000030e-02
3.175839700000000071e-02,5.034684404000000502e-01,2.718339805000000164e-02,-1.186690990000000001e-02
3.224456700000000176e-02,5.023624944000000259e-01,2.796748498999999943e-02,-1.186010235000000031e-02
3.273099000000000147e-02,5.016729798000000295e-01,2.876589879999999835e-02,-1.186221714999999982e-02
3.321721700000000027e-02,5.011331151000000261e-01,2.986647179000000152e-02,-1.179539331000000087e-02
3.370277299999999837e-02,5.005510089000000384e-01,3.111003286000000104e-02,-1.166716071999999993e-02
3.418759899999999907e-02,5.005179886999999717e-01,3.237357814999999861e-02,-1.153031671999999938e-02
3.467163899999999715e-02,5.001001056999999639e-01,3.362372630999999751e-02,-1.138976077000000003e-02
3.515482400000000118e-02,5.000304542000000296e-01,3.489682062999999862e-02,-1.130459846000000067e-02
3.563722999999999891e-02,4.997358273999999989e-01,3.620545673000000186e-02,-1.119311289999999973e-02
3.611903999999999809e-02,4.996186757000000145e-01,3.748039107000000064e-02,-1.111429941999999942e-02
3.660038200000000075e-02,4.992170981999999868e-01,3.869478536999999829e-02,-1.103385093999999927e-02
3.708127299999999793e-02,4.984452269999999907e-01,3.968815249999999711e-02,-1.094247603999999943e-02
3.756171500000000246e-02,4.975925755000000228e-01,4.054952316999999723e-02,-1.084762581000000073e-02
3.804176299999999927e-02,4.968701994999999982e-01,4.118232263999999782e-02,-1.079906119000000053e-02
3.852153999999999995e-02,4.957055655000000005e-01,4.166285466999999909e-02,-1.082474238000000026e-02
3.900115600000000210e-02,4.943212516000000112e-01,4.163242494999999654e-02,-1.097025008999999961e-02
3.948071699999999851e-02,4.938251767999999875e-01,4.142441631000000346e-02,-1.113290712000000043e-02
3.996034300000000233e-02,4.933059954999999830e-01,4.111543154999999783e-02,-1.125223124999999956e-02
4.044016300000000119e-02,4.935965157000000159e-01,4.057142605999999874e-02,-1.145992403999999965e-02
4.092028999999999805e-02,4.942847853999999819e-01,3.982269528000000058e-02,-1.170055407000000075e-02
4.140085699999999924e-02,4.952266063999999912e-01,3.891314460999999864e-02,-1.197750577000000066e-02
4.188189600000000179e-02,4.958967590000000203e-01,3.780599588999999927e-02,-1.223798568000000059e-02
4.236353600000000025e-02,4.968029687000000139e-01,3.651853800000000316e-02,-1.259933457000000055e-02
4.284571499999999949e-02,4.974702127999999779e-01,3.501103041999999860e-02,-1.296855962999999938e-02
4.332849899999999949e-02,4.983978311999999744e-01,3.334562306999999670e-02,-1.334011482000000033e-02
4.381182899999999658e-02,4.990814011999999966e-01,3.158682514999999746e-02,-1.373250672000000082e-02
4.429573700000000169e-02,4.993693587999999961e-01,2.989873603999999851e-02,-1.407575808999999949e-02
4.478018799999999855e-02,4.991490433999999921e-01,2.825568675999999904e-02,-1.432982772999999953e-02
4.526521900000000237e-02,4.987218458000000076e-01,2.668540299999999990e-02,-1.462203001999999932e-02
4.575078800000000057e-02,4.984971689000000095e-01,2.533313028999999855e-02,-1.484385432000000053e-02
4.623695099999999836e-02,4.981557830000000187e-01,2.406319381999999854e-02,-1.504454237000000041e-02
4.672365099999999799e-02,4.973913828000000037e-01,2.290564818999999905e-02,-1.521702691000000052e-02
4.721093600000000196e-02,4.964938472000000047e-01,2.201144122000000050e-02,-1.530275778000000052e-02
4.769877499999999881e-02,4.955683142999999791e-01,2.135028928000000034e-02,-1.529382720000000036e-02
4.818721699999999747e-02,4.951163078999999967e-01,2.081499703000000076e-02,-1.525058072000000028e-02
4.867624300000000098e-02,4.950674704999999953e-01,2.051032436999999931e-02,-1.515555757999999947e-02
4.916589500000000112e-02,4.958706003000000195e-01,2.038928359000000134e-02,-1.498182112999999968e-02
4.965615300000000149e-02,4.968676329000000225e-01,2.037968370999999890e-02,-1.488423755999999931e-02
5.014705600000000235e-02,4.976252357000000015e-01,2.042061171000000147e-02,-1.480482684999999930e-02
5.063858899999999774e-02,4.978456152999999884e-01,2.036816108999999972e-02,-1.465986409999999948e-02
5.113079000000000235e-02,4.982626588999999884e-01,2.033941263000000124e-02,-1.451011693000000061e-02
5.162337300000000018e-02,4.986172663999999810e-01,2.029916818000000039e-02,-1.436283447000000039e-02
5.211563500000000043e-02,4.990610348000000251e-01,2.032355674999999917e-02,-1.424683254000000052e-02
5.260779899999999676e-02,4.991479495999999738e-01,2.034979374000000021e-02,-1.418868053999999997e-02
5.310011399999999687e-02,4.988753921999999896e-01,2.024202212000000140e-02,-1.415973136000000035e-02
5.359286900000000131e-02,4.982314150000000108e-01,2.003917160999999988e-02,-1.419322395000000014e-02
5.408646899999999813e-02,4.978449093999999797e-01,1.994339292000000055e-02,-1.413997961000000060e-02
5.458132499999999998e-02,4.973319719000000028e-01,1.985573959999999832e-02,-1.412346710999999935e-02
5.507784500000000028e-02,4.971232969000000113e-01,1.976445841000000134e-02,-1.409286772000000083e-02
5.557635100000000300e-02,4.967422307000000092e-01,1.965178412999999888e-02,-1.409069316999999981e-02
5.607738000000000306e-02,4.962659034999999941e-01,1.952839714000000060e-02,-1.413432893000000044e-02
5.658124600000000171e-02,4.956885094999999852e-01,1.949748528000000078e-02,-1.425142002000000067e-02
5.708699400000000201e-02,4.956849678999999953e-01,1.944427630000000046e-02,-1.444847372000000046e-02
5.759340699999999924e-02,4.959197013000000154e-01,1.920011732000000138e-02,-1.468804624999999961e-02
5.810050499999999674e-02,4.967017913999999812e-01,1.910843744000000066e-02,-1.486363383999999947e-02
5.860830999999999680e-02,4.970826877000000255e-01,1.879649188999999929e-02,-1.506243093999999963e-02
5.911684200000000278e-02,4.974844343000000002e-01,1.845584636000000001e-02,-1.530034197000000075e-02
5.962611999999999773e-02,4.978490868000000069e-01,1.801975150000000025e-02,-1.560866573000000042e-02
6.013615900000000153e-02,4.982924638999999822e-01,1.766664261000000166e-02,-1.590064536000000001e-02
6.064697100000000091e-02,4.984452258000000024e-01,1.732138546999999890e-02,-1.619642899999999830e-02
6.115856299999999912e-02,4.983500470000000182e-01,1.705908701000000138e-02,-1.643005345999999992e-02
6.167093900000000101e-02,4.973002099000000120e-01,1.673685046999999829e-02,-1.666383839999999866e-02
6.218132999999999994e-02,4.961866737000000249e-01,1.645150449000000112e-02,-1.686172369000000018e-02
6.268923799999999436e-02,4.947173105000000071e-01,1.670205234999999969e-02,-1.683586509999999981e-02
6.319435299999999478e-02,4.933514741999999731e-01,1.694456240000000169e-02,-1.676403854999999887e-02
6.369655899999999982e-02,4.920836805000000092e-01,1.714075799999999900e-02,-1.662941937999999967e-02
6.419593799999999406e-02,4.911848241999999809e-01,1.720296706999999842e-02,-1.650214732000000045e-02
6.469279099999999949e-02,4.905449572999999730e-01,1.735295384000000093e-02,-1.631741809000000071e-02
6.518748900000000124e-02,4.903271424000000267e-01,1.751670009000000014e-02,-1.607599054000000138e-02
6.568039600000000200e-02,4.904940964000000236e-01,1.778853764000000101e-02,-1.581389968000000007e-02
6.617193500000000117e-02,4.909816988999999854e-01,1.813130317000000158e-02,-1.553414667000000034e-02
6.666260699999999872e-02,4.918489895000000001e-01,1.853921357000000089e-02,-1.531819228999999928e-02
6.715293699999999588e-02,4.924562557000000118e-01,1.880913086999999942e-02,-1.516507907000000030e-02
6.764362499999999889e-02,4.927610195000000082e-01,1.899932722000000074e-02,-1.504903167000000083e-02
6.813555699999999937e-02,4.931784040000000147e-01,1.906481218999999880e-02,-1.497552553999999952e-02
6.862970499999999918e-02,4.935953787999999842e-01,1.900167034999999949e-02,-1.496432682000000021e-02
6.912718700000000660e-02,4.941918191999999932e-01,1.901352694000000079e-02,-1.498862983999999995e-02
6.962887800000000516e-02,4.946037050000000046e-01,1.888466752999999956e-02,-1.507794399999999937e-02
7.013540999999999526e-02,4.939871969999999890e-01,1.852918238999999925e-02,-1.525532892999999918e-02
7.064723300000000372e-02,4.931700940000000033e-01,1.812149886000000154e-02,-1.549870620999999928e-02
7.116454299999999678e-02,4.920829062000000031e-01,1.756869361000000171e-02,-1.581463493999999900e-02
7.168253600000000503e-02,4.905341416999999815e-01,1.702107599999999957e-02,-1.614356793999999901e-02
7.220050899999999605e-02,4.887498081000000161e-01,1.650099619999999961e-02,-1.649886019999999981e-02
7.271846199999999760e-02,4.872903898000000011e-01,1.613000511000000151e-02,-1.682635081999999879e-02
7.323639599999999528e-02,4.861128610000000072e-01,1.582329352000000008e-02,-1.711564039999999981e-02
7.375430700000000506e-02,4.851939297000000262e-01,1.556309466999999946e-02,-1.736037200999999974e-02
7.427219499999999919e-02,4.847054672000000175e-01,1.530231496000000052e-02,-1.757648179000000088e-02
7.479006000000000542e-02,4.845158056000000157e-01,1.490993822000000017e-02,-1.774754686999999859e-02
7.530790299999999549e-02,4.845785840999999872e-01,1.483091922999999965e-02,-1.781300519999999901e-02
7.582572199999999818e-02,4.851683828000000198e-01,1.478415481000000010e-02,-1.781868010999999863e-02
7.634351300000000173e-02,4.864436332000000029e-01,1.461266766999999925e-02,-1.781349836999999992e-02
7.686127500000000667e-02,4.878345826000000107e-01,1.423550854000000046e-02,-1.778928484999999990e-02
7.737532199999999638e-02,4.891446134999999917e-01,1.406879704999999987e-02,-1.768861290999999836e-02
7.788505599999999418e-02,4.906656275999999872e-01,1.403698792000000056e-02,-1.752111866999999865e-02
7.839073500000000305e-02,4.913124070000000065e-01,1.418457610000000042e-02,-1.726286443000000018e-02
7.889265500000000597e-02,4.917392890000000238e-01,1.432216614999999929e-02,-1.696094349999999890e-02
7.939131100000000607e-02,4.917584094999999933e-01,1.435629918999999956e-02,-1.670936120000000163e-02
7.988741400000000381e-02,4.913065655000000143e-01,1.434097236000000074e-02,-1.639968681000000122e-02
8.038177600000000200e-02,4.908633239999999898e-01,1.452889767000000061e-02,-1.604192151999999857e-02
8.087519499999999695e-02,4.909738077999999950e-01,1.466261183000000003e-02,-1.570409555999999901e-02
8.136847799999999409e-02,4.907428564999999909e-01,1.491871126999999922e-02,-1.531687288999999952e-02
8.186244800000000432e-02,4.902480745000000195e-01,1.516534949999999958e-02,-1.489185906999999920e-02
8.235795499999999658e-02,4.902513920000000081e-01,1.550405768000000066e-02,-1.448844076000000043e-02
8.285605599999999737e-02,4.908196096999999924e-01,1.560597222000000006e-02,-1.419104246999999992e-02
8.335798299999999661e-02,4.914046879000000256e-01,1.570709828999999891e-02,-1.394377089999999930e-02
8.386483100000000079e-02,4.922606562999999880e-01,1.578446861999999867e-02,-1.370758488000000004e-02
8.437772799999999906e-02,4.928883460999999855e-01,1.572561941999999977e-02,-1.350108958999999935e-02
8.489469600000000560e-02,4.935934920000000226e-01,1.565592832000000170e-02,-1.330925061999999916e-02
8.541161199999999787e-02,4.945392026000000052e-01,1.538988240000000070e-02,-1.325910240999999927e-02
8.592848000000000153e-02,4.953959412999999756e-01,1.501823413000000045e-02,-1.330520064000000058e-02
8.644530200000000164e-02,4.958520889999999959e-01,1.431761527999999943e-02,-1.354598295999999945e-02
8.696207799999999821e-02,4.959498708999999783e-01,1.309857696999999939e-02,-1.400065611000000064e-02
8.747881000000000407e-02,4.960074112000000257e-01,1.160656569999999992e-02,-1.453358723999999963e-02
8.799550000000000427e-02,4.958647392000000154e-01,9.918794883999999812e-03,-1.515548140000000030e-02
8.851215299999999619e-02,4.957987472000000007e-01,8.280485912999999143e-03,-1.579985919999999863e-02
8.902877100000000654e-02,4.946738408999999947e-01,6.667123637999999679e-03,-1.643682827999999943e-02
8.954535700000000598e-02,4.934343977000000270e-01,5.237835304000000233e-03,-1.702117115000000014e-02
9.006190799999999608e-02,4.922261982999999730e-01,3.904179961999999868e-03,-1.754076187000000106e-02
9.057842400000000460e-02,4.910896463000000156e-01,2.782230008000000088e-03,-1.798913980000000148e-02
9.109490800000000221e-02,4.895285407000000144e-01,1.989085353000000136e-03,-1.827111236000000111e-02
9.161135800000000384e-02,4.881638809000000134e-01,1.689407830999999907e-03,-1.839579557999999893e-02
9.212777699999999403e-02,4.873672029000000183e-01,1.416758686000000027e-03,-1.847882684000000039e-02
9.264416500000000054e-02,4.872452066999999887e-01,1.634955973000000017e-03,-1.840155352999999980e-02
9.316052299999999509e-02,4.867435202000000016e-01,2.284968131999999975e-03,-1.815005188000000033e-02
9.367685100000000542e-02,4.862693705999999727e-01,3.169549497999999983e-03,-1.782108895000000109e-02
9.419314700000000484e-02,4.862782395999999951e-01,4.247527489000000288e-03,-1.743181053999999855e-02
9.470940799999999493e-02,4.869264843000000176e-01,5.477697921999999907e-03,-1.699269017000000145e-02
9.522538399999999625e-02,4.868817440000000052e-01,6.824492702000000376e-03,-1.650723726000000169e-02
9.573880299999999732e-02,4.864483258999999782e-01,8.131645288000000429e-03,-1.608715682000000022e-02
9.625036100000000650e-02,4.862513333999999854e-01,9.205433541000000719e-03,-1.574661326000000028e-02
9.676078100000000404e-02,4.863859303999999995e-01,1.026078151000000063e-02,-1.541863140999999958e-02
9.727080999999999922e-02,4.866356445000000197e-01,1.114061241999999945e-02,-1.510803135999999949e-02
9.778121500000000466e-02,4.870285140999999762e-01,1.189054280999999984e-02,-1.488807408999999991e-02
9.829277200000000048e-02,4.868813206000000005e-01,1.242079876999999978e-02,-1.474146588999999952e-02
9.880628399999999423e-02,4.866465279000000144e-01,1.292262538999999939e-02,-1.461627365999999990e-02
9.932217399999999918e-02,4.862909227000000167e-01,1.333616508000000020e-02,-1.449982411999999922e-02
9.983802199999999849e-02,4.862705882999999729e-01,1.363616542999999959e-02,-1.445564180999999934e-02
1.003538300000000050e-01,4.860511372999999913e-01,1.369085526999999983e-02,-1.451414302000000010e-02
1.008695800000000004e-01,4.858548348999999766e-01,1.363582510000000032e-02,-1.461288078000000032e-02
1.013852900000000029e-01,4.853948609000000025e-01,1.359539532999999925e-02,-1.471450885000000035e-02
1.019009599999999988e-01,4.849781331999999945e-01,1.300306497000000040e-02,-1.503218236000000013e-02
1.024165799999999932e-01,4.848097963999999926e-01,1.233026104999999928e-02,-1.534564679000000043e-02
1.029321500000000000e-01,4.846203071999999890e-01,1.137056699000000073e-02,-1.571549251000000161e-02
1.034476899999999949e-01,4.841572682999999988e-01,1.032103787000000078e-02,-1.610032867000000048e-02
1.039631899999999970e-01,4.838781199000000144e-01,9.250644505000000725e-03,-1.651925366000000020e-02
1.044786600000000010e-01,4.830840685000000190e-01,8.025086290000000427e-03,-1.693926252000000146e-02
1.049940899999999983e-01,4.826981945000000107e-01,6.913098266999999700e-03,-1.731585256000000086e-02
1.055094699999999941e-01,4.833905601999999857e-01,5.667232054000000130e-03,-1.767114279000000024e-02
1.060248200000000057e-01,4.839689394999999728e-01,4.466622495999999706e-03,-1.802122696000000093e-02
1.065401299999999968e-01,4.848554986999999983e-01,3.455393954999999833e-03,-1.825245410999999998e-02
1.070553999999999950e-01,4.850380958000000131e-01,2.662871832999999955e-03,-1.843650968000000098e-02
1.075706300000000004e-01,4.851360889999999926e-01,2.049328465999999873e-03,-1.846747611999999955e-02
1.080858299999999939e-01,4.851994793000000139e-01,1.977981189999999858e-03,-1.833143824999999838e-02
1.086010000000000031e-01,4.851749811000000134e-01,2.760658863000000057e-03,-1.792050233000000090e-02
1.091161300000000056e-01,4.846276635999999804e-01,3.639261428999999992e-03,-1.745865324000000010e-02
1.096312200000000014e-01,4.844700270999999780e-01,5.066931680999999660e-03,-1.682119262000000143e-02
1.101462700000000045e-01,4.844549036999999947e-01,6.731578682999999654e-03,-1.614519588999999838e-02
1.106612899999999955e-01,4.839930111999999895e-01,8.674544019999999231e-03,-1.539120006000000047e-02
1.111762599999999990e-01,4.838810531000000137e-01,1.049887962000000015e-02,-1.470681213000000001e-02
1.116911899999999958e-01,4.839920690000000247e-01,1.227847682999999926e-02,-1.407307036000000032e-02
1.122060799999999997e-01,4.844238664000000139e-01,1.411672400000000063e-02,-1.345862465999999973e-02
1.127209200000000022e-01,4.851321935999999835e-01,1.571447286999999929e-02,-1.293850185999999985e-02
1.132357300000000067e-01,4.857066592000000016e-01,1.700972275000000103e-02,-1.255230086999999974e-02
1.137504899999999958e-01,4.859757873000000172e-01,1.794969159000000050e-02,-1.229200310000000060e-02
1.142652100000000059e-01,4.868111576999999968e-01,1.854540390000000011e-02,-1.224897718000000045e-02
1.147799000000000041e-01,4.877449191000000073e-01,1.859788088000000061e-02,-1.241077196999999972e-02
1.152945400000000009e-01,4.885216553000000239e-01,1.815693167999999844e-02,-1.272993388000000052e-02
1.158091499999999996e-01,4.886810824999999747e-01,1.748361579000000041e-02,-1.306352830999999923e-02
1.163237200000000054e-01,4.883595025999999950e-01,1.675708658000000031e-02,-1.337014608999999993e-02
1.168382599999999993e-01,4.869998092000000223e-01,1.582846372000000154e-02,-1.373121748000000024e-02
1.173527699999999951e-01,4.856214752999999940e-01,1.479011025999999937e-02,-1.411258634000000026e-02
1.178672600000000015e-01,4.840619201999999954e-01,1.362808042000000081e-02,-1.452866964999999927e-02
1.183817100000000011e-01,4.830153519000000006e-01,1.215641498999999945e-02,-1.506263946999999992e-02
1.188961399999999974e-01,4.824154972999999957e-01,1.053719703000000063e-02,-1.563606320000000133e-02
1.194105399999999956e-01,4.820138927000000018e-01,8.750823954000000113e-03,-1.620303789000000078e-02
1.199249099999999957e-01,4.813448820999999822e-01,6.822942834999999942e-03,-1.677084652000000037e-02
1.204392700000000010e-01,4.815059454000000239e-01,5.003946433999999568e-03,-1.727480676000000062e-02
1.209535999999999945e-01,4.823922701000000202e-01,3.187434552999999799e-03,-1.773340982000000052e-02
1.214679099999999984e-01,4.836133336999999810e-01,1.236680619999999892e-03,-1.818741629000000110e-02
1.219821900000000042e-01,4.845455356999999741e-01,-5.007185083999999816e-04,-1.851415886000000108e-02
1.224964500000000067e-01,4.855399705999999815e-01,-2.148153264000000114e-03,-1.879845217000000041e-02
1.230106900000000059e-01,4.860426084999999730e-01,-3.582700593000000093e-03,-1.894914270000000109e-02
1.235249100000000017e-01,4.865176957999999829e-01,-4.739274467000000220e-03,-1.895860499999999990e-02
1.240390900000000046e-01,4.866878565000000156e-01,-5.335833453000000254e-03,-1.877793684999999949e-02
1.245532599999999990e-01,4.858040392999999901e-01,-5.264580415000000117e-03,-1.839087743000000080e-02
1.250673900000000005e-01,4.850707419999999992e-01,-4.440944246999999935e-03,-1.778198896000000168e-02
1.255815000000000126e-01,4.846585503999999989e-01,-3.297361008999999919e-03,-1.713361115999999934e-02
1.260955699999999902e-01,4.839686066000000175e-01,-1.757428247999999991e-03,-1.640607473999999844e-02
1.266096100000000113e-01,4.835240565000000212e-01,-2.402742936000000083e-04,-1.574667301000000005e-02
1.271236199999999927e-01,4.833129903999999755e-01,1.402148215999999984e-03,-1.512601226999999923e-02
1.276375899999999952e-01,4.828731081000000036e-01,3.354333972000000160e-03,-1.442286127000000015e-02
1.281515199999999910e-01,4.826094697000000155e-01,5.396055149000000134e-03,-1.370076815000000059e-02
1.286654299999999973e-01,4.824780692999999787e-01,7.142324212999999825e-03,-1.307219563000000008e-02
1.291792900000000022e-01,4.828062597000000178e-01,8.754384836999999295e-03,-1.252460807999999925e-02
1.296931299999999898e-01,4.836824637000000093e-01,9.909727983999999656e-03,-1.220100848000000085e-02
1.302069299999999985e-01,4.845142632000000171e-01,1.059970091999999989e-02,-1.207514946999999929e-02
1.307206999999999952e-01,4.856039683000000218e-01,1.108728835000000017e-02,-1.209718928999999922e-02
1.312344300000000130e-01,4.861823431000000251e-01,1.127391082000000003e-02,-1.227299555999999958e-02
1.317481400000000136e-01,4.864495980999999913e-01,1.102682445999999920e-02,-1.256982681999999941e-02
1.322618100000000074e-01,4.859864516999999884e-01,1.060387047000000034e-02,-1.295514052000000006e-02
1.327754399999999946e-01,4.850289889000000132e-01,9.941919978999999574e-03,-1.347328251000000018e-02
1.332890499999999923e-01,4.842286157999999840e-01,9.149442047000000064e-03,-1.405737211000000070e-02
1.338026300000000057e-01,4.828663107999999760e-01,8.590176975000000589e-03,-1.453576407000000022e-02
1.343161800000000072e-01,4.814559057999999725e-01,7.932940681999999313e-03,-1.503570151999999993e-02
1.348297099999999915e-01,4.799813499000000205e-01,7.273711662999999931e-03,-1.552774607999999994e-02
1.353432099999999916e-01,4.790921014000000255e-01,6.810659699999999962e-03,-1.602571900000000077e-02
1.358566800000000074e-01,4.789414806000000246e-01,6.486168657999999594e-03,-1.646099918999999884e-02
1.363701300000000061e-01,4.798803897999999735e-01,6.381951101999999883e-03,-1.677723042000000067e-02
1.368835599999999875e-01,4.809080181000000009e-01,6.292820258999999583e-03,-1.701439228999999942e-02
1.373969600000000124e-01,4.824994304999999928e-01,6.468336824999999617e-03,-1.709812210000000166e-02
1.379103399999999924e-01,4.842763332000000198e-01,6.823199414000000358e-03,-1.703831050000000069e-02
1.384237000000000106e-01,4.861550869999999858e-01,7.255107240999999693e-03,-1.691657011999999835e-02
1.389370299999999891e-01,4.884947787000000208e-01,7.902524843999999410e-03,-1.672966606999999953e-02
1.394503400000000060e-01,4.906288158000000066e-01,8.450645240000000460e-03,-1.648156337000000055e-02
1.399636200000000108e-01,4.928871192000000012e-01,8.775103189999999484e-03,-1.619528041999999945e-02
1.404768700000000037e-01,4.945378646999999961e-01,9.137490446999999363e-03,-1.585552527000000031e-02
1.409900900000000123e-01,4.958247811000000005e-01,9.259223340999999524e-03,-1.551905146999999971e-02
1.415032900000000038e-01,4.963831902999999990e-01,9.580640414000000590e-03,-1.510508292000000037e-02
1.420164499999999885e-01,4.966008861000000274e-01,1.004977095000000008e-02,-1.462161912999999924e-02
1.425295900000000116e-01,4.957427566000000008e-01,1.053175060999999961e-02,-1.413292898000000075e-02
1.430426999999999949e-01,4.940593703999999753e-01,1.129804283000000048e-02,-1.363603004000000021e-02
1.435557699999999992e-01,4.920138989999999768e-01,1.219849234999999948e-02,-1.318243581000000039e-02
1.440688099999999916e-01,4.898643630000000249e-01,1.324484824999999991e-02,-1.278226137999999984e-02
1.445818299999999945e-01,4.881229659999999915e-01,1.430223998000000087e-02,-1.240822892000000011e-02
1.450948099999999907e-01,4.863669869000000201e-01,1.533186496000000024e-02,-1.207361772000000062e-02
1.456077699999999975e-01,4.856964945999999728e-01,1.622093369000000146e-02,-1.186971097999999988e-02
1.461206899999999975e-01,4.861029284999999756e-01,1.693940302000000037e-02,-1.177472316000000019e-02
1.466335900000000081e-01,4.875382883000000112e-01,1.728160587000000109e-02,-1.190821903000000015e-02
1.471464600000000067e-01,4.895870922000000180e-01,1.705295518999999996e-02,-1.222821221999999958e-02
1.476592999999999933e-01,4.908385338999999847e-01,1.661395112000000132e-02,-1.264108608000000071e-02
1.481721099999999958e-01,4.921179614000000258e-01,1.601515364999999899e-02,-1.315563527999999947e-02
1.486848899999999862e-01,4.926440683000000154e-01,1.500225386999999924e-02,-1.377337564000000007e-02
1.491976399999999925e-01,4.925711643999999834e-01,1.409545132999999971e-02,-1.443251536999999932e-02
1.497103599999999868e-01,4.922239259000000255e-01,1.325548690999999932e-02,-1.505828906000000050e-02
1.502230599999999916e-01,4.913412679999999977e-01,1.230888437000000023e-02,-1.567635245000000010e-02
1.507357400000000069e-01,4.901680250000000072e-01,1.169809668000000059e-02,-1.620506990000000064e-02
1.512483799999999878e-01,4.890235907000000104e-01,1.130701169000000034e-02,-1.663323758000000152e-02
1.517610100000000017e-01,4.869129911999999782e-01,1.158555984999999969e-02,-1.679263820000000129e-02
1.522736100000000037e-01,4.851848351999999975e-01,1.226642533999999958e-02,-1.680122059999999973e-02
1.527861899999999884e-01,4.840456764000000134e-01,1.302901662999999925e-02,-1.666575900999999957e-02
1.532987399999999889e-01,4.840381575000000103e-01,1.411255795999999917e-02,-1.643658904000000129e-02
1.538112699999999999e-01,4.843647984000000184e-01,1.533271580000000051e-02,-1.605217495999999855e-02
1.543237699999999990e-01,4.856684729999999894e-01,1.668530651999999836e-02,-1.554865687000000010e-02
1.548362400000000139e-01,4.874253953000000084e-01,1.800741238000000063e-02,-1.498085788999999925e-02
1.553486900000000115e-01,4.898342305999999757e-01,1.924473063999999900e-02,-1.440830822999999983e-02
1.559636199999999973e-01,4.923092981000000146e-01,2.039977055999999886e-02,-1.359675655999999927e-02
1.566810299999999989e-01,4.965575736000000240e-01,2.129627212999999838e-02,-1.277966277000000019e-02
1.575009300000000112e-01,5.006895591000000145e-01,2.131022020000000045e-02,-1.209307819999999936e-02
1.584233700000000078e-01,5.036107225000000520e-01,2.048548353999999835e-02,-1.151366069999999915e-02
1.594233700000000087e-01,5.033368434999999641e-01,1.843349316999999890e-02,-1.129982004999999928e-02
1.604233700000000096e-01,5.004986854999999846e-01,1.623133209000000160e-02,-1.129321364000000077e-02
1.614233700000000105e-01,4.973790672999999773e-01,1.447255266999999956e-02,-1.142076294000000068e-02
1.624233700000000113e-01,4.947288965000000149e-01,1.313901582000000061e-02,-1.168717439999999996e-02
1.634233700000000122e-01,4.932691477999999741e-01,1.183280855999999971e-02,-1.204836561999999937e-02
1.644233700000000131e-01,4.944895049999999959e-01,1.020694192000000042e-02,-1.274305186000000006e-02
1.654233699999999863e-01,4.968174372999999977e-01,8.754867254999999793e-03,-1.345610413999999942e-02
1.664233699999999871e-01,4.980219090999999931e-01,7.755795046000000040e-03,-1.410815974000000084e-02
1.674233699999999880e-01,4.984886801999999784e-01,7.607326880999999708e-03,-1.453662961000000073e-02
1.684233699999999889e-01,4.980800222000000277e-01,8.324393520000000768e-03,-1.458868043999999968e-02
1.694233699999999898e-01,4.972327134000000259e-01,9.958723810000000287e-03,-1.411655208000000064e-02
1.704233699999999907e-01,4.970202625999999846e-01,1.243771815999999975e-02,-1.326259689000000054e-02
1.714233699999999916e-01,4.960755956999999827e-01,1.506097036000000021e-02,-1.215022456000000063e-02
1.724233699999999925e-01,4.960669052000000190e-01,1.764571959000000093e-02,-1.086878384000000003e-02
1.734233699999999934e-01,4.971527279999999882e-01,1.901324423000000027e-02,-9.879311243000000325e-03
1.744233699999999943e-01,5.004346015999999731e-01,1.929056884000000111e-02,-9.188169112000000791e-03
1.754233699999999951e-01,5.044241483000000414e-01,1.783205272000000161e-02,-9.115544600999999497e-03
1.764233699999999960e-01,5.073661815000000130e-01,1.472459693999999923e-02,-9.615454666999999345e-03
1.774233699999999969e-01,5.080288132000000401e-01,1.139366902000000029e-02,-1.049415121000000020e-02
1.784233699999999978e-01,5.061933893000000184e-01,8.093310642999999860e-03,-1.150745362999999917e-02
1.794233699999999987e-01,5.017235501000000264e-01,5.672733360000000412e-03,-1.235932915999999986e-02
1.804233699999999996e-01,4.976388250000000069e-01,4.358311380000000346e-03,-1.314543156999999941e-02
1.814233700000000005e-01,4.947476868999999833e-01,4.134392191000000293e-03,-1.368057550000000011e-02
1.824233700000000014e-01,4.946729676000000131e-01,4.949408607999999932e-03,-1.399056394000000071e-02
1.834233700000000022e-01,4.952747975999999830e-01,6.551224066999999755e-03,-1.399340292000000006e-02
1.844233700000000031e-01,4.965723074999999764e-01,8.559526571000000347e-03,-1.373069269000000078e-02
1.854233700000000040e-01,4.988788070999999880e-01,1.125727189000000003e-02,-1.317806309000000078e-02
1.864233700000000049e-01,5.007166546000000329e-01,1.368412427999999952e-02,-1.239179487999999933e-02
1.874233700000000058e-01,5.027771291000000531e-01,1.575183252999999908e-02,-1.155197640999999949e-02
1.884233700000000067e-01,5.041722013999999641e-01,1.717646646000000124e-02,-1.066010279999999970e-02
1.894233700000000076e-01,5.051099127000000522e-01,1.799579696999999839e-02,-9.705239637999999239e-03
1.904233700000000085e-01,5.065458981999999555e-01,1.782515772999999915e-02,-8.907375317999999959e-03
1.914233700000000093e-01,5.073637510999999822e-01,1.650962682999999875e-02,-8.346091046000000610e-03
1.924233700000000102e-01,5.081491178999999470e-01,1.402321133000000025e-02,-8.176464220999999158e-03
1.934233700000000111e-01,5.090980328999999971e-01,1.059950326999999949e-02,-8.413586780999999723e-03
1.944233700000000120e-01,5.103634468000000091e-01,6.600708777000000201e-03,-9.117341747999999774e-03
1.954233700000000129e-01,5.112167193000000109e-01,2.532682440000000052e-03,-1.002867781999999992e-02
1.964233700000000138e-01,5.099148124000000282e-01,-9.019389698999999644e-04,-1.073675221999999957e-02
1.974233699999999869e-01,5.083013822999999931e-01,-3.621731133999999894e-03,-1.137801121000000040e-02
1.984233699999999878e-01,5.061039287999999914e-01,-4.955800233000000159e-03,-1.172598539000000058e-02
1.994233699999999887e-01,5.039175409999999689e-01,-4.532624386000000047e-03,-1.166024889000000057e-02
2.004233699999999896e-01,5.025585648999999488e-01,-2.924090641999999886e-03,-1.122808175999999956e-02
2.014233699999999905e-01,5.030993695000000043e-01,-5.766319109000000434e-04,-1.049781762000000056e-02
2.024233699999999914e-01,5.056950058000000414e-01,2.112014912999999987e-03,-9.540129568999999518e-03
2.034233699999999923e-01,5.090675613999999793e-01,4.288533098999999793e-03,-8.532894145000000791e-03
2.044233699999999931e-01,5.120842044000000204e-01,6.316871978000000373e-03,-7.578194976000000339e-03
2.054233699999999940e-01,5.145542292000000462e-01,7.097993930999999673e-03,-6.900314182999999976e-03
2.064233699999999949e-01,5.157807693000000526e-01,6.342975913000000084e-03,-6.599080099000000262e-03
2.074233699999999958e-01,5.166543514000000448e-01,4.825514724000000075e-03,-6.558657465000000165e-03
2.084233699999999967e-01,5.159826674999999918e-01,2.947024194999999999e-03,-6.815383732999999618e-03
2.094233699999999976e-01,5.143539047999999836e-01,1.365449749999999955e-03,-7.229572265000000324e-03
2.104233699999999985e-01,5.120408814000000364e-01,-3.570396317000000156e-05,-7.804703667000000011e-03
2.114233699999999994e-01,5.108642061000000512e-01,-4.843980365999999739e-04,-8.422471767999999484e-03
2.124233700000000002e-01,5.096762595999999590e-01,-6.362861501000000421e-04,-9.030139823999999704e-03
2.134233700000000011e-01,5.098830479000000526e-01,-2.199058379000000103e-04,-9.488952998000000499e-03
2.144233700000000020e-01,5.109186144999999790e-01,5.784895462000000073e-04,-9.866381444000000417e-03
2.154233700000000029e-01,5.116872666999999764e-01,1.871598276999999902e-03,-1.013694191000000071e-02
2.164233700000000038e-01,5.121644134999999709e-01,3.738656236999999844e-03,-1.019429093999999966e-02
2.174233700000000047e-01,5.112853858999999446e-01,6.234530379999999629e-03,-9.930782202999999600e-03
2.184233700000000056e-01,5.086926837999999895e-01,9.205108663000000427e-03,-9.291631719000000011e-03
2.194233700000000065e-01,5.060420885999999951e-01,1.212769590999999980e-02,-8.413514456000000322e-03
2.204233700000000074e-01,5.044885684000000037e-01,1.433158759000000004e-02,-7.447062204000000005e-03
2.214233700000000082e-01,5.064930794999999986e-01,1.503016930000000001e-02,-6.758149722000000338e-03
2.224233700000000091e-01,5.110215381999999584e-01,1.383937732000000038e-02,-6.501463039000000138e-03
2.234233700000000100e-01,5.159146495999999971e-01,1.080349706000000021e-02,-6.761311182999999586e-03
2.244233700000000109e-01,5.201585988000000382e-01,6.361653075999999796e-03,-7.473600898999999825e-03
2.254233700000000118e-01,5.210058155000000246e-01,1.229271971999999899e-03,-8.418062551999999990e-03
2.264233700000000127e-01,5.187026681999999944e-01,-3.314825151999999803e-03,-9.276749625000000471e-03
2.274233700000000136e-01,5.140073689999999917e-01,-6.339922446999999954e-03,-9.832873190000000763e-03
2.284233699999999867e-01,5.103739604000000485e-01,-7.424727790000000202e-03,-1.026569274999999948e-02
2.294233699999999876e-01,5.085455269999999972e-01,-6.583406640999999587e-03,-1.032958410000000063e-02
2.304233699999999885e-01,5.094415593000000131e-01,-4.207045046000000219e-03,-1.001758952000000001e-02
2.314233699999999894e-01,5.123905229999999866e-01,-1.164542658999999933e-03,-9.643635548000000640e-03
2.324233699999999903e-01,5.159649683999999459e-01,2.549044343999999802e-03,-9.188664791000000776e-03
2.334233699999999911e-01,5.198899327999999542e-01,6.247232927999999894e-03,-8.682901854000000738e-03
2.344233699999999920e-01,5.212771825999999997e-01,9.537207443000000201e-03,-8.101680414999999635e-03
2.354233699999999929e-01,5.203823228999999717e-01,1.166670960999999923e-02,-7.501993933999999940e-03
2.364233699999999938e-01,5.187200295999999655e-01,1.359876353000000031e-02,-6.869031535000000299e-03
2.374233699999999947e-01,5.149140888000000027e-01,1.443085765999999916e-02,-6.372100850000000406e-03
2.384233699999999956e-01,5.118697700000000017e-01,1.442852692000000034e-02,-6.105269077000000100e-03
2.394233699999999965e-01,5.116385238999999752e-01,1.303038928999999957e-02,-6.209798338000000265e-03
2.404233699999999974e-01,5.140224112000000289e-01,9.980458754000000668e-03,-6.726756841999999639e-03
2.414233699999999982e-01,5.180251592000000294e-01,5.215572188999999595e-03,-7.714715662000000418e-03
2.424233699999999991e-01,5.213538873999999934e-01,-3.737454584000000132e-04,-8.879255839000000511e-03
2.434233700000000000e-01,5.223599749999999764e-01,-6.294828310999999767e-03,-9.997478013999999691e-03
2.444233700000000009e-01,5.209514365999999841e-01,-1.136099814000000006e-02,-1.082481855999999944e-02
2.454233700000000018e-01,5.168436885999999619e-01,-1.448653934999999914e-02,-1.129337864000000066e-02
2.464233700000000027e-01,5.122055616999999783e-01,-1.488954068000000047e-02,-1.121081632999999973e-02
2.474233700000000036e-01,5.091347895000000179e-01,-1.274865214999999947e-02,-1.059990836000000020e-02
2.484233700000000045e-01,5.087575036999999467e-01,-8.785409124999999167e-03,-9.698615016000000644e-03
2.494233700000000054e-01,5.113036898999999691e-01,-3.524056424999999840e-03,-8.759926862000000369e-03
2.504233699999999785e-01,5.158396498999999746e-01,1.970290743000000042e-03,-7.833444724999999442e-03
2.514233699999999794e-01,5.194337474000000343e-01,7.613213734999999850e-03,-6.957538503999999811e-03
2.524233699999999803e-01,5.234046002000000142e-01,1.199594741999999992e-02,-6.334374670999999742e-03
2.534233699999999812e-01,5.260950076999999503e-01,1.491098396999999964e-02,-6.052060758000000172e-03
2.544233699999999820e-01,5.243177611999999543e-01,1.559965523000000041e-02,-6.083673006000000355e-03
2.554233699999999829e-01,5.216800875999999532e-01,1.488498589000000066e-02,-6.366502599999999783e-03
2.564233699999999838e-01,5.206108736000000237e-01,1.291886251000000027e-02,-6.912311683999999845e-03
2.574233699999999847e-01,5.203935241999999572e-01,9.788901115000000000e-03,-7.685022863000000141e-03
2.584233699999999856e-01,5.199144052999999932e-01,6.009277583000000207e-03,-8.417959997999999514e-03
2.594233699999999865e-01,5.203981656999999705e-01,1.602362904000000044e-03,-9.222996097000000712e-03
2.604233699999999874e-01,5.210249094000000136e-01,-3.037725612999999953e-03,-9.895130601000000012e-03
2.614233699999999883e-01,5.211403731999999511e-01,-7.281541144999999736e-03,-1.030009588000000038e-02
2.624233699999999891e-01,5.219019677999999773e-01,-1.066814204999999918e-02,-1.053290093999999927e-02
2.634233699999999900e-01,5.219281719999999680e-01,-1.246762600999999984e-02,-1.042129078999999917e-02
2.644233699999999909e-01,5.207810099999999887e-01,-1.245926013999999922e-02,-9.980557685000000442e-03
2.654233699999999918e-01,5.188639346000000208e-01,-1.071463148000000032e-02,-9.272249617999999902e-03
2.664233699999999927e-01,5.177017356999999986e-01,-6.898083949000000277e-03,-8.382537763000000655e-03
2.674233699999999936e-01,5.176126636000000225e-01,-1.798023797000000007e-03,-7.380205196000000009e-03
2.684233699999999945e-01,5.184441226999999541e-01,3.830120743999999855e-03,-6.431011835999999628e-03
2.694233699999999954e-01,5.203306921999999446e-01,9.138068475000000329e-03,-5.638780880999999870e-03
2.704233699999999962e-01,5.237059205999999856e-01,1.301634408000000055e-02,-5.196103381999999868e-03
2.714233699999999971e-01,5.261575521000000366e-01,1.481209187000000031e-02,-5.139809958999999595e-03
2.724233699999999980e-01,5.282162310000000360e-01,1.468595670000000068e-02,-5.462199981000000031e-03
2.734233699999999989e-01,5.290476253000000462e-01,1.254217057000000038e-02,-6.082266509000000369e-03
2.744233699999999998e-01,5.282396141999999850e-01,8.788962589000000672e-03,-6.860343272999999860e-03
2.754233700000000007e-01,5.265360688000000344e-01,4.230138559000000409e-03,-7.574511055999999694e-03
2.764233700000000016e-01,5.242133045000000324e-01,2.310817213999999907e-04,-8.078223331999999368e-03
2.774233700000000025e-01,5.227525219999999972e-01,-3.496950761999999963e-03,-8.365671547000000721e-03
2.784233700000000034e-01,5.211739214999999703e-01,-6.400116251000000263e-03,-8.415835697999999795e-03
2.794233700000000042e-01,5.210492558000000551e-01,-8.397707395999999200e-03,-8.350331880999999415e-03
2.804233700000000051e-01,5.221851119999999513e-01,-9.273920839999999846e-03,-8.083095817999999544e-03
2.814233700000000060e-01,5.232801617000000238e-01,-9.054367157000000471e-03,-7.809028915000000223e-03
2.824233700000000069e-01,5.247794812999999614e-01,-7.623013708000000305e-03,-7.511219520999999621e-03
2.834233700000000078e-01,5.257754409999999545e-01,-5.224132844000000352e-03,-7.197919425999999704e-03
2.844233700000000087e-01,5.250170017999999938e-01,-1.940541246999999934e-03,-6.867930547000000371e-03
2.854233700000000096e-01,5.229040119000000209e-01,2.071920454000000019e-03,-6.439143742999999670e-03
2.864233700000000105e-01,5.214295822000000191e-01,6.333355316000000186e-03,-6.088772382000000316e-03
2.874233700000000113e-01,5.214193332000000014e-01,9.897180684999999645e-03,-5.963416854999999649e-03
2.884233700000000122e-01,5.223758763000000416e-01,1.247797852000000034e-02,-6.062586796000000305e-03
2.894233700000000131e-01,5.244386519999999496e-01,1.328315627999999970e-02,-6.449105921999999901e-03
2.904233700000000140e-01,5.258302629000000117e-01,1.234740881999999915e-02,-7.034750454999999687e-03
2.914233700000000149e-01,5.273781899999999689e-01,1.001162101999999998e-02,-7.846810657000000480e-03
2.924233700000000158e-01,5.281655701999999897e-01,6.502041671000000425e-03,-8.517585657999999366e-03
2.934233700000000167e-01,5.270258425999999607e-01,3.128937895999999927e-03,-8.875907217000000154e-03
2.944233700000000176e-01,5.250543592999999953e-01,3.410777774999999975e-04,-8.874105385000000817e-03
2.954233700000000185e-01,5.233353176999999690e-01,-1.497238380999999906e-03,-8.638531462000000397e-03
2.964233700000000193e-01,5.232022625000000149e-01,-2.502067427000000208e-03,-8.207628939000000817e-03
2.974233700000000202e-01,5.234759786999999553e-01,-2.503844277000000056e-03,-7.547466194000000163e-03
2.984233700000000211e-01,5.250908010999999487e-01,-1.726924702999999917e-03,-6.972613770999999856e-03
2.994233700000000220e-01,5.277709325999999646e-01,-3.917263284000000205e-04,-6.485984325000000196e-03
3.004233700000000229e-01,5.297655287000000435e-01,1.433308860999999920e-03,-6.094206936000000178e-03
3.014233700000000238e-01,5.299268485000000473e-01,3.600216316999999867e-03,-5.807492085000000130e-03
3.024233700000000247e-01,5.283375568000000522e-01,5.995313436999999933e-03,-5.546023518000000284e-03
3.034233700000000256e-01,5.262131490000000467e-01,7.781034616000000181e-03,-5.438992160999999922e-03
3.044233700000000264e-01,5.248629592000000343e-01,9.286122380999999731e-03,-5.588458154999999955e-03
3.054233700000000273e-01,5.244473670000000531e-01,9.999266697000000828e-03,-5.885572686999999796e-03
3.064233699999999727e-01,5.247296019999999617e-01,9.618450836999999434e-03,-6.437529483999999795e-03
3.074233699999999736e-01,5.253204458000000354e-01,7.880809921999999690e-03,-7.128771116000000296e-03
3.084233699999999745e-01,5.259027350999999628e-01,5.270497300999999954e-03,-8.049877033000000723e-03
3.094233699999999754e-01,5.253134984999999757e-01,2.022924296999999844e-03,-8.787774074999999199e-03
3.104233699999999763e-01,5.242688239999999666e-01,-1.148308312000000065e-03,-9.217573240999999210e-03
3.114233699999999772e-01,5.234420264000000378e-01,-2.910347186999999881e-03,-9.297687900999999228e-03
3.124233699999999780e-01,5.234138054000000428e-01,-3.154474727000000124e-03,-9.122736133999999678e-03
3.134233699999999789e-01,5.241697789999999468e-01,-2.366373030000000054e-03,-8.717461408999999800e-03
3.144233699999999798e-01,5.236409538999999835e-01,-8.015951711000000521e-04,-8.048407008000000445e-03
3.154233699999999807e-01,5.253036822000000106e-01,1.812564043000000060e-03,-7.413549489999999957e-03
3.164233699999999816e-01,5.287798506999999981e-01,5.108812493000000100e-03,-6.829991732999999773e-03
3.174233699999999825e-01,5.317200838000000207e-01,8.123932375000000178e-03,-6.520489929999999726e-03
3.184233699999999834e-01,5.329987292000000210e-01,1.112568019999999984e-02,-6.406407832000000392e-03
3.194233699999999843e-01,5.338199493999999934e-01,1.379470992000000028e-02,-6.441318128000000053e-03
3.204233699999999851e-01,5.327223602999999752e-01,1.539783959999999931e-02,-6.700036434999999922e-03
3.214233699999999860e-01,5.320122133000000364e-01,1.602790630999999938e-02,-7.188289520000000141e-03
3.224233699999999869e-01,5.316570753999999566e-01,1.541481731999999952e-02,-7.800720532999999741e-03
3.234233699999999878e-01,5.316067548999999781e-01,1.361542292000000008e-02,-8.486742122999999319e-03
3.244233699999999887e-01,5.322174471999999712e-01,1.063918137999999951e-02,-9.375114489999999273e-03
3.254233699999999896e-01,5.324638175000000473e-01,6.968393657000000220e-03,-1.032101503999999920e-02
3.264233699999999905e-01,5.304104191999999829e-01,3.071293656000000094e-03,-1.097073879999999925e-02
3.274233699999999914e-01,5.287974238999999521e-01,-7.755707653999999477e-05,-1.136409541999999946e-02
3.284233699999999923e-01,5.270029675999999830e-01,-2.245628976999999946e-03,-1.135121807000000031e-02
3.294233699999999931e-01,5.256420968999999666e-01,-2.661292823000000179e-03,-1.099069790000000053e-02
3.304233699999999940e-01,5.256907241999999592e-01,-1.664777838000000001e-03,-1.033850807999999941e-02
3.314233699999999949e-01,5.257364288000000441e-01,2.257597439999999998e-04,-9.518369214999999189e-03
3.324233699999999958e-01,5.275705182000000049e-01,2.968162229999999832e-03,-8.610538456000000826e-03
3.334233699999999967e-01,5.293615672999999466e-01,6.056103733000000287e-03,-7.734752234000000053e-03
3.344233699999999976e-01,5.310170821999999902e-01,9.267314371000000273e-03,-7.063073179000000160e-03
3.354233699999999985e-01,5.330720585999999539e-01,1.276120002000000024e-02,-6.716369504000000400e-03
3.364233699999999994e-01,5.343234673000000212e-01,1.538526035999999986e-02,-6.573438703000000251e-03
3.374233700000000002e-01,5.344483763999999804e-01,1.661292609000000059e-02,-6.810928729000000070e-03
3.384233700000000011e-01,5.341905844000000014e-01,1.627041224000000050e-02,-7.207575019000000277e-03
3.394233700000000020e-01,5.331053515000000464e-01,1.444138342999999949e-02,-7.740361490999999629e-03
3.404233700000000029e-01,5.331875110999999556e-01,1.177182145000000082e-02,-8.436086828000000787e-03
3.414233700000000038e-01,5.325995854999999723e-01,8.104548991000000424e-03,-9.268079278000000004e-03
3.424233700000000047e-01,5.307944304999999696e-01,4.406601666999999944e-03,-1.005324366999999983e-02
3.434233700000000056e-01,5.287605009000000411e-01,1.140685930999999972e-03,-1.072512467999999983e-02
3.444233700000000065e-01,5.276604037000000025e-01,-6.963527134999999849e-04,-1.121927867999999995e-02
3.454233700000000074e-01,5.262906094000000534e-01,-1.093301660000000047e-03,-1.140736694999999919e-02
3.464233700000000082e-01,5.258492255000000171e-01,6.887505021000000022e-06,-1.125859826999999966e-02
3.474233700000000091e-01,5.258822793999999856e-01,2.326214759000000062e-03,-1.078280268999999916e-02
3.484233700000000100e-01,5.282521238999999813e-01,5.518921123999999921e-03,-1.000773173000000030e-02
3.494233700000000109e-01,5.312098389999999615e-01,8.956112787000000339e-03,-9.067200697000000337e-03
3.504233700000000118e-01,5.341765585000000094e-01,1.206511824000000045e-02,-7.936154917999999753e-03
3.514233700000000127e-01,5.359403696000000217e-01,1.473288296000000060e-02,-6.767447894999999679e-03
3.524233700000000136e-01,5.364550003000000400e-01,1.701383823000000156e-02,-5.652609749000000322e-03
3.534233700000000145e-01,5.365042129000000548e-01,1.807146470999999865e-02,-4.807652112999999915e-03
3.544233700000000153e-01,5.359481795999999632e-01,1.751508133999999869e-02,-4.305080273999999964e-03
3.554233700000000162e-01,5.356446664999999774e-01,1.525315455999999917e-02,-4.035092968999999703e-03
3.564233700000000171e-01,5.361533233999999926e-01,1.170689165000000052e-02,-4.228635649000000128e-03
3.574233700000000180e-01,5.360786532000000326e-01,7.356440799999999954e-03,-4.883792992000000020e-03
3.584233700000000189e-01,5.360539222000000326e-01,2.212897262999999944e-03,-5.816456159999999591e-03
3.594233700000000198e-01,5.341554172000000378e-01,-3.003727107999999875e-03,-6.890831909000000310e-03
3.604233700000000207e-01,5.314385954000000467e-01,-6.851983740999999933e-03,-7.952750616999999453e-03
3.614233700000000216e-01,5.284350230000000037e-01,-8.969622425999999177e-03,-9.048502284999999229e-03
3.624233700000000225e-01,5.268928125999999823e-01,-8.623862572000000684e-03,-9.963199291999999541e-03
3.634233700000000233e-01,5.261398408999999887e-01,-6.651367998000000392e-03,-1.049079823999999987e-02
3.644233700000000242e-01,5.268255230999999705e-01,-2.961054481000000103e-03,-1.074512793999999986e-02
3.654233700000000251e-01,5.287477295000000410e-01,1.434468790000000037e-03,-1.069515174999999957e-02
3.664233700000000260e-01,5.312892825999999680e-01,5.789531034999999964e-03,-1.017145635999999916e-02
3.674233700000000269e-01,5.333147825999999814e-01,9.106997010999999878e-03,-9.279778609000000414e-03
3.684233699999999723e-01,5.354263669000000059e-01,1.161244015999999928e-02,-8.176640065000000818e-03
3.694233699999999732e-01,5.371404307999999572e-01,1.309289144999999967e-02,-6.858421943000000097e-03
3.704233699999999740e-01,5.373882186999999755e-01,1.315601983000000072e-02,-5.636681020000000077e-03
3.714233699999999749e-01,5.373545900999999736e-01,1.175543817000000019e-02,-4.644905730999999635e-03
3.724233699999999758e-01,5.368491945000000154e-01,9.166275898999999214e-03,-4.009877941000000376e-03
3.734233699999999767e-01,5.357273114999999697e-01,5.820205991999999676e-03,-4.011727207999999691e-03
3.744233699999999776e-01,5.347947095999999734e-01,1.855430660000000108e-03,-4.472084995000000229e-03
3.754233699999999785e-01,5.335492482000000480e-01,-2.322750309999999790e-03,-5.325530561999999683e-03
3.764233699999999794e-01,5.315232896999999568e-01,-6.444397370999999965e-03,-6.429829171999999933e-03
3.774233699999999803e-01,5.300805398000000279e-01,-9.293221267999999743e-03,-7.648831921999999818e-03
3.784233699999999812e-01,5.284012156999999821e-01,-1.046025568999999975e-02,-8.678798911000000851e-03
3.794233699999999820e-01,5.272589817999999706e-01,-9.731313981000000099e-03,-9.438805156999999571e-03
3.804233699999999829e-01,5.251342289000000552e-01,-7.478916274999999718e-03,-9.688571603000000615e-03
3.814233699999999838e-01,5.246671385000000187e-01,-4.033551457999999708e-03,-9.630742153999999680e-03
3.824233699999999847e-01,5.258162573000000339e-01,2.860403679000000075e-04,-9.207979590000000061e-03
3.834233699999999856e-01,5.291624933999999891e-01,4.333959778999999998e-03,-8.430579751000000580e-03
3.844233699999999865e-01,5.323003350999999661e-01,7.407295210000000400e-03,-7.305923593000000424e-03
3.854233699999999874e-01,5.349198384000000139e-01,9.431429520999999941e-03,-5.734882911999999999e-03
3.864233699999999883e-01,5.365495477999999707e-01,1.047103310999999981e-02,-3.881376835999999879e-03
3.874233699999999891e-01,5.370419260000000028e-01,1.052335335000000038e-02,-2.161636733999999869e-03
3.884233699999999900e-01,5.366260734000000143e-01,9.632615110999999744e-03,-8.264581030999999670e-04
3.894233699999999909e-01,5.361238609999999793e-01,8.700729068999999219e-03,-3.832964545000000110e-04
3.904233699999999918e-01,5.352257168999999815e-01,7.568662866000000315e-03,-8.384211088000000436e-04
3.914233699999999927e-01,5.349981342999999834e-01,6.163321626999999914e-03,-2.138522266000000144e-03
3.924233699999999936e-01,5.346367430999999781e-01,4.436712588999999589e-03,-3.849505876999999993e-03
3.934233699999999945e-01,5.330745335000000029e-01,2.826235237000000212e-03,-6.023569817999999652e-03
3.944233699999999954e-01,5.318815260000000489e-01,1.659089029999999973e-03,-8.122641130000000237e-03
3.954233699999999962e-01,5.309234234999999913e-01,1.073477433999999982e-03,-9.865580008999999193e-03
3.964233699999999971e-01,5.299666526999999849e-01,1.430586959000000038e-03,-1.116763362999999981e-02
3.974233699999999980e-01,5.279477862000000465e-01,2.450145206999999967e-03,-1.170079899999999958e-02
3.984233699999999989e-01,5.269588592999999710e-01,4.331963731000000421e-03,-1.177586712999999924e-02
3.994233699999999998e-01,5.272027000000000241e-01,6.672942408999999950e-03,-1.142563396999999974e-02
4.004233700000000007e-01,5.287936523999999805e-01,9.242818736000000396e-03,-1.063631699999999930e-02
4.014233700000000016e-01,5.309162889999999857e-01,1.103052338000000063e-02,-9.426542833000000135e-03
4.024233700000000025e-01,5.330767818999999630e-01,1.173112781000000028e-02,-7.919421448999999780e-03
4.034233700000000034e-01,5.350900687999999850e-01,1.128198618999999917e-02,-6.222320416999999569e-03
4.044233700000000042e-01,5.353752431999999617e-01,9.928688344000000110e-03,-4.478833134000000105e-03
4.054233700000000051e-01,5.350981621999999494e-01,7.556683691000000078e-03,-3.020885795999999918e-03
4.064233700000000060e-01,5.334780905999999545e-01,4.870066091000000222e-03,-2.283878048999999841e-03
4.074233700000000069e-01,5.315215386999999625e-01,2.372926084000000126e-03,-2.330187993999999988e-03
4.084233700000000078e-01,5.297575111000000225e-01,1.723042741999999950e-04,-3.085173997000000001e-03
4.094233700000000087e-01,5.284868098999999653e-01,-1.225132144999999942e-03,-4.548688234000000316e-03
4.104233700000000096e-01,5.271504742000000521e-01,-1.920598765999999898e-03,-6.365877082999999922e-03
4.114233700000000105e-01,5.258985953999999463e-01,-1.836136109999999926e-03,-8.241607616999999456e-03
4.124233700000000113e-01,5.256791661999999921e-01,-9.797962233000000274e-04,-9.866732333000000424e-03
4.134233700000000122e-01,5.257706279999999621e-01,2.752267990000000029e-04,-1.098247385000000048e-02
4.144233700000000131e-01,5.258450207000000542e-01,2.143206573999999805e-03,-1.157113507000000034e-02
4.154233700000000140e-01,5.261890259999999486e-01,4.190063326000000379e-03,-1.162035785000000050e-02
4.164233700000000149e-01,5.260629999999999473e-01,6.304888934000000417e-03,-1.108583276000000076e-02
4.174233700000000158e-01,5.268237863000000409e-01,8.584674037999999452e-03,-1.008074924999999983e-02
4.184233700000000167e-01,5.273137661000000254e-01,1.105043418000000062e-02,-8.804716380000000842e-03
4.194233700000000176e-01,5.287832922999999852e-01,1.349525159000000002e-02,-7.328671545999999697e-03
4.204233700000000185e-01,5.293865573999999574e-01,1.500750762000000078e-02,-5.939647842999999823e-03
4.214233700000000193e-01,5.307539851000000475e-01,1.563698239999999906e-02,-4.566946637000000170e-03
4.224233700000000202e-01,5.316627390000000508e-01,1.491576336999999967e-02,-3.326086609999999964e-03
4.234233700000000211e-01,5.319886502999999767e-01,1.276157519999999990e-02,-2.390113344000000060e-03
4.244233700000000220e-01,5.323333912000000057e-01,9.495032493000000670e-03,-1.932685486999999964e-03
4.254233700000000229e-01,5.310493636999999989e-01,5.484038208999999706e-03,-1.855707594000000071e-03
4.264233700000000238e-01,5.287441520000000228e-01,1.382743087999999945e-03,-2.392959031999999930e-03
4.274233700000000247e-01,5.260289310000000329e-01,-2.129540799999999918e-03,-3.404546435000000044e-03
4.284233700000000256e-01,5.239103913999999529e-01,-4.417059697999999902e-03,-4.614661917000000176e-03
4.294233700000000264e-01,5.214439052999999547e-01,-6.089049317999999621e-03,-5.749602581999999767e-03
4.304233700000000273e-01,5.203534973000000230e-01,-6.434651825000000172e-03,-6.715041104999999733e-03
4.314233699999999727e-01,5.205185262000000534e-01,-6.124086132000000279e-03,-7.218537554999999648e-03
4.324233699999999736e-01,5.219932527999999738e-01,-5.251425021999999582e-03,-7.308517074000000190e-03
4.334233699999999745e-01,5.234158204000000092e-01,-3.620928905000000107e-03,-7.084952216999999830e-03
4.344233699999999754e-01,5.238058473000000159e-01,-1.196469014000000079e-03,-6.590252538000000021e-03
4.354233699999999763e-01,5.237879706000000413e-01,1.972485911000000213e-03,-5.973891244999999725e-03
4.364233699999999772e-01,5.233671690000000210e-01,5.960537456999999602e-03,-5.419774819000000229e-03
4.374233699999999780e-01,5.224578343000000347e-01,1.030573729999999938e-02,-5.122906134999999882e-03
4.384233699999999789e-01,5.220384108000000190e-01,1.462989668000000062e-02,-5.077342789999999759e-03
4.394233699999999798e-01,5.223176069999999616e-01,1.755518530999999882e-02,-5.219883399000000389e-03
4.404233699999999807e-01,5.232762867000000373e-01,1.900297440000000074e-02,-5.598841773000000181e-03
4.414233699999999816e-01,5.257188578999999473e-01,1.814803270000000038e-02,-6.056681189999999632e-03
4.424233699999999825e-01,5.275362059999999520e-01,1.522241495000000062e-02,-6.500404502000000154e-03
4.434233699999999834e-01,5.275250254000000139e-01,1.059406861999999915e-02,-6.754255205000000289e-03
4.444233699999999843e-01,5.250756562999999710e-01,5.062839098000000010e-03,-6.866867993000000392e-03
4.454233699999999851e-01,5.211827922999999751e-01,6.379332079999999608e-04,-7.074713845999999924e-03
4.464233699999999860e-01,5.171609190000000522e-01,-2.420593344999999886e-03,-7.324861059000000417e-03
4.474233699999999869e-01,5.148922713000000373e-01,-4.078236203999999893e-03,-7.503244418999999686e-03
4.484233699999999878e-01,5.143381609999999604e-01,-4.467104664000000336e-03,-7.632817412000000162e-03
4.494233699999999887e-01,5.160537333000000393e-01,-3.633929486999999941e-03,-7.628211422999999804e-03
4.504233699999999896e-01,5.187637542999999907e-01,-2.421093704999999815e-03,-7.297524665000000056e-03
4.514233699999999905e-01,5.201539807999999709e-01,-8.637882669000000301e-04,-6.554349452999999603e-03
4.524233699999999914e-01,5.211910008000000261e-01,1.039363033000000047e-03,-5.534946243999999682e-03
4.534233699999999923e-01,5.222523393000000347e-01,3.045130100000000093e-03,-4.388896415000000280e-03
4.544233699999999931e-01,5.212443744000000434e-01,5.088126987000000066e-03,-3.189700468000000039e-03
4.554233699999999940e-01,5.190930339999999532e-01,7.044926402000000094e-03,-2.186549790000000184e-03
4.564233699999999949e-01,5.177362729000000163e-01,9.166401318000000700e-03,-1.635819714999999907e-03
4.574233699999999958e-01,5.177444630999999964e-01,1.057119106000000038e-02,-1.712031037999999991e-03
4.584233699999999967e-01,5.191815814000000362e-01,1.047346906999999973e-02,-2.212469680000000213e-03
4.594233699999999976e-01,5.218664886999999641e-01,8.671610632999999374e-03,-2.947650651000000011e-03
4.604233699999999985e-01,5.245547154999999906e-01,5.460920440000000160e-03,-3.887548909000000056e-03
4.614233699999999994e-01,5.258343661000000058e-01,1.234575217999999905e-03,-4.767671442000000204e-03
4.624233700000000002e-01,5.244311222999999966e-01,-2.974310899999999848e-03,-5.520399950999999722e-03
4.634233700000000011e-01,5.198503359999999685e-01,-5.589190140000000265e-03,-6.211912085999999646e-03
4.644233700000000020e-01,5.141735034000000093e-01,-6.391713420000000312e-03,-6.792797227999999680e-03
4.654233700000000029e-01,5.106816074000000150e-01,-5.464822345000000178e-03,-7.395312214000000252e-03
4.664233700000000038e-01,5.101524826000000123e-01,-3.108738364000000060e-03,-7.968162561999999477e-03
4.674233700000000047e-01,5.125733836000000432e-01,4.100269670000000061e-04,-8.501817352000000383e-03
4.684233700000000056e-01,5.160255255000000263e-01,3.721867274999999999e-03,-8.577047173999999274e-03
4.694233700000000065e-01,5.188539327000000201e-01,6.820775973999999853e-03,-8.180996843000000809e-03
4.704233700000000074e-01,5.211813155000000197e-01,9.441158591000000516e-03,-7.365519196999999706e-03
4.714233700000000082e-01,5.223905290000000479e-01,1.132506206999999918e-02,-6.259065137999999737e-03
4.724233700000000091e-01,5.220430015999999451e-01,1.220758100999999943e-02,-4.909035804000000218e-03
4.734233700000000100e-01,5.198695390999999999e-01,1.220245269000000063e-02,-3.731352377000000074e-03
4.744233700000000109e-01,5.175305550000000032e-01,1.162112675999999942e-02,-2.796153699999999812e-03
4.754233700000000118e-01,5.163945112000000170e-01,1.020050332000000011e-02,-2.359252095000000105e-03
4.764233700000000127e-01,5.162853911000000462e-01,8.011121464999999831e-03,-2.537259734000000145e-03
4.774233700000000136e-01,5.167742153000000060e-01,5.039459046000000289e-03,-3.056665188000000193e-03
4.784233700000000145e-01,5.187425099000000372e-01,1.044586220999999893e-03,-3.755877401000000046e-03
4.794233700000000153e-01,5.202666002000000400e-01,-3.147488183000000071e-03,-4.532097742999999755e-03
4.804233700000000162e-01,5.202304334999999780e-01,-7.053495005999999880e-03,-5.036138576000000200e-03
4.814233700000000171e-01,5.165813664999999721e-01,-9.269928509000000330e-03,-5.411500139999999952e-03
4.824233700000000180e-01,5.118684666999999688e-01,-8.970908265999999465e-03,-5.916534444999999726e-03
4.834233700000000189e-01,5.067875527999999852e-01,-6.804822115000000275e-03,-6.376412782000000050e-03
4.844233700000000198e-01,5.041586228000000114e-01,-3.017486494999999970e-03,-6.907896692999999574e-03
4.854233700000000207e-01,5.037116665999999965e-01,1.955389997000000005e-03,-7.462774014000000088e-03
4.864233700000000216e-01,5.052789290000000433e-01,7.085522460999999807e-03,-7.893418069999999856e-03
4.874233700000000225e-01,5.087466193999999886e-01,1.160971740999999953e-02,-7.877596227999999687e-03
4.884233700000000233e-01,5.122816002000000202e-01,1.537397731000000010e-02,-7.451577725999999728e-03
4.894233700000000242e-01,5.140541669999999508e-01,1.744113266000000065e-02,-6.608099997000000010e-03
4.904233700000000251e-01,5.145699008999999879e-01,1.781248518000000045e-02,-5.524857125000000140e-03
4.914233700000000260e-01,5.140207319999999802e-01,1.702875860999999991e-02,-4.375390017999999763e-03
4.924233700000000269e-01,5.122467157000000215e-01,1.507919937999999994e-02,-3.436379381000000035e-03
4.934233699999999723e-01,5.098841124999999863e-01,1.216905350000000059e-02,-2.911510114999999940e-03
4.944233699999999732e-01,5.076827916999999690e-01,8.939225937999999150e-03,-2.920537479000000214e-03
4.954233699999999740e-01,5.072613609999999662e-01,5.478081786999999987e-03,-3.476491430999999969e-03
4.964233699999999749e-01,5.086391051999999968e-01,2.027569002999999887e-03,-4.378118309000000354e-03
4.974233699999999758e-01,5.111890944000000436e-01,-1.261564249000000047e-03,-5.295248919000000026e-03
4.984233699999999767e-01,5.131711423000000494e-01,-4.335959082999999575e-03,-5.936548132999999727e-03
4.994233699999999776e-01,5.132638135999999518e-01,-6.473078113000000147e-03,-6.127314768000000425e-03
5.004233700000000340e-01,5.106110495000000249e-01,-6.627459318999999634e-03,-6.173217386000000133e-03
5.014233700000000349e-01,5.078598787000000447e-01,-4.799692678000000261e-03,-6.279266359000000228e-03
5.024233700000000358e-01,5.033543553999999531e-01,-1.708647130999999897e-03,-6.211209488999999868e-03
5.034233700000000367e-01,5.012717781000000095e-01,2.450835888000000087e-03,-6.232100804999999785e-03
5.044233700000000375e-01,5.009598798000000075e-01,6.853772361000000021e-03,-6.318112322999999871e-03
5.054233700000000384e-01,5.042055418999999983e-01,1.118555639999999941e-02,-6.474073494000000088e-03
5.064233700000000393e-01,5.072171963999999589e-01,1.386400102999999981e-02,-6.438483481000000300e-03
5.074233700000000402e-01,5.094760014000000448e-01,1.530456005000000071e-02,-6.257985857000000242e-03
5.084233700000000411e-01,5.110338606000000006e-01,1.458792352000000056e-02,-5.779948037999999878e-03
5.094233700000000420e-01,5.123933187000000444e-01,1.239802549999999975e-02,-5.253955813999999606e-03
5.104233700000000429e-01,5.111751061000000540e-01,9.300042293000000682e-03,-4.720947395000000234e-03
5.114233700000000438e-01,5.086017859999999446e-01,5.884169503000000016e-03,-4.393790506999999991e-03
5.124233700000000447e-01,5.064117546999999941e-01,2.407700994999999958e-03,-4.427203073000000356e-03
5.134233700000000455e-01,5.052770725999999879e-01,-7.115622518999999927e-04,-4.900933151999999939e-03
5.144233700000000464e-01,5.042617352999999580e-01,-2.739441227999999968e-03,-5.656691975000000157e-03
5.154233700000000473e-01,5.038441541000000523e-01,-3.543927885000000035e-03,-6.468661970000000143e-03
5.164233700000000482e-01,5.064245024000000317e-01,-3.780934502999999842e-03,-7.153340670000000144e-03
5.174233700000000491e-01,5.091337784999999672e-01,-3.625087978999999919e-03,-7.481958908999999762e-03
5.184233700000000500e-01,5.101533738000000318e-01,-3.090665314999999861e-03,-7.331220603999999592e-03
5.194233700000000509e-01,5.088489560000000189e-01,-1.312920408000000077e-03,-7.002657734000000342e-03
5.204233700000000518e-01,5.060108682999999719e-01,1.124077353999999905e-03,-6.516816881000000311e-03
5.214233700000000526e-01,5.022604307000000379e-01,3.638341542999999796e-03,-5.842212224999999808e-03
5.224233700000000535e-01,5.016159581000000367e-01,5.992139595000000284e-03,-5.309806785000000147e-03
5.234233700000000544e-01,5.019796637000000228e-01,7.846892819999999602e-03,-5.022880351999999861e-03
5.244233700000000553e-01,5.041852385999999742e-01,8.957332204999999756e-03,-5.008166393000000258e-03
5.254233699999999452e-01,5.059704659999999521e-01,8.477095569000000358e-03,-5.053892380000000149e-03
5.264233699999999461e-01,5.087812102000000003e-01,6.485144846000000067e-03,-5.304502019999999922e-03
5.274233699999999470e-01,5.108072269000000221e-01,2.804612311999999785e-03,-5.524851368999999721e-03
5.284233699999999478e-01,5.118384204000000492e-01,-1.257800070000000044e-03,-5.926289218000000379e-03
5.294233699999999487e-01,5.112640442000000451e-01,-5.168681496999999805e-03,-6.462385543000000176e-03
5.304233699999999496e-01,5.090989412999999963e-01,-8.935180368999999859e-03,-7.028418883999999756e-03
5.314233699999999505e-01,5.058762074000000553e-01,-1.180553483000000049e-02,-7.681779100000000159e-03
5.324233699999999514e-01,5.036532071000000554e-01,-1.306368263999999925e-02,-8.389606492000000609e-03
5.334233699999999523e-01,5.025598812999999554e-01,-1.243380399000000060e-02,-9.142797403000000808e-03
5.344233699999999532e-01,5.034669728999999760e-01,-1.051332768999999924e-02,-9.663886037000000290e-03
5.354233699999999541e-01,5.063774282999999876e-01,-7.913480653000000073e-03,-9.874037108000000007e-03
5.364233699999999549e-01,5.086934825000000160e-01,-5.106826957000000153e-03,-9.505266696999999446e-03
5.374233699999999558e-01,5.085137460999999970e-01,-2.417352535999999809e-03,-8.557456463999999624e-03
5.384233699999999567e-01,5.077186730999999620e-01,4.081878477999999763e-04,-7.423511173999999997e-03
5.394233699999999576e-01,5.060047233000000144e-01,3.218313060000000184e-03,-6.199390045000000189e-03
5.404233699999999585e-01,5.034440841999999749e-01,4.905805241000000400e-03,-4.837268405000000153e-03
5.414233699999999594e-01,5.026647024999999491e-01,5.582326305999999946e-03,-3.733774662999999987e-03
5.424233699999999603e-01,5.028627919000000501e-01,5.495905076999999840e-03,-3.028381637000000185e-03
5.434233699999999612e-01,5.038841522000000461e-01,4.360504272000000070e-03,-2.804906143000000102e-03
5.444233699999999621e-01,5.045807818999999972e-01,2.063445941999999828e-03,-2.858061197999999924e-03
5.454233699999999629e-01,5.061788207999999845e-01,-7.208103136000000317e-04,-3.367192430000000205e-03
5.464233699999999638e-01,5.073041321000000270e-01,-4.130221863999999909e-03,-4.023922127000000015e-03
5.474233699999999647e-01,5.087457872999999742e-01,-7.132535970999999766e-03,-5.073341327000000303e-03
5.484233699999999656e-01,5.087472569000000000e-01,-9.556161792999999516e-03,-6.178301697000000009e-03
5.494233699999999665e-01,5.076082519000000293e-01,-1.101580268000000064e-02,-7.220765421000000135e-03
5.504233699999999674e-01,5.066242684999999746e-01,-1.135742221000000073e-02,-8.219297162000000628e-03
5.514233699999999683e-01,5.055075637999999483e-01,-1.029448426999999937e-02,-9.070983911999999302e-03
5.524233699999999692e-01,5.052951236999999596e-01,-8.270745060999999676e-03,-9.887437004999999335e-03
5.534233699999999700e-01,5.054153289999999688e-01,-5.671436018999999676e-03,-1.046368653000000030e-02
5.544233699999999709e-01,5.060830736000000440e-01,-3.273257691000000177e-03,-1.065751281000000029e-02
5.554233699999999718e-01,5.069885616999999511e-01,-1.555094686999999995e-03,-1.045866613000000049e-02
5.564233699999999727e-01,5.074404499000000346e-01,-7.264535054999999913e-04,-9.713698391999999945e-03
5.574233699999999736e-01,5.074501921999999832e-01,-2.113319518999999991e-04,-8.877697999999999839e-03
5.584233699999999745e-01,5.057804004000000520e-01,-2.943339331999999977e-04,-7.935816260999999441e-03
5.594233699999999754e-01,5.036388254000000453e-01,-1.707645138999999918e-03,-6.916169290999999927e-03
5.604233699999999763e-01,5.031173057000000171e-01,-3.899337069999999836e-03,-6.195661001999999869e-03
5.614233699999999772e-01,5.035178071999999450e-01,-6.079385853999999707e-03,-5.941898604999999896e-03
5.624233699999999780e-01,5.041160569000000535e-01,-8.596229441000000776e-03,-6.004798246000000311e-03
5.634233699999999789e-01,5.044798931999999736e-01,-1.119011414000000044e-02,-6.247171242000000048e-03
5.644233699999999798e-01,5.051155337999999606e-01,-1.358097911000000040e-02,-6.821772194000000344e-03
5.654233699999999807e-01,5.058793584999999871e-01,-1.509743640000000067e-02,-7.602289481000000168e-03
5.664233699999999816e-01,5.068863408999999542e-01,-1.563402581000000041e-02,-8.397802355999999663e-03
5.674233699999999825e-01,5.064403471999999740e-01,-1.494915483999999933e-02,-9.045479723999999208e-03
5.684233699999999834e-01,5.067320036000000361e-01,-1.348528423000000011e-02,-9.557040232000000093e-03
5.694233699999999843e-01,5.067712548999999678e-01,-1.131769160000000059e-02,-9.917250113999999395e-03
5.704233699999999851e-01,5.069662050000000031e-01,-8.338805342999999412e-03,-1.020289773000000039e-02
5.714233699999999860e-01,5.066551043000000476e-01,-4.860256751999999895e-03,-1.035884358999999977e-02
5.724233699999999869e-01,5.058335730999999891e-01,-1.357121059999999955e-03,-1.039755390000000022e-02
5.734233699999999878e-01,5.067983410999999938e-01,1.128861001000000096e-03,-1.012075976999999953e-02
5.744233699999999887e-01,5.077981907999999933e-01,2.547420064000000071e-03,-9.691914908999999662e-03
5.754233699999999896e-01,5.074845071000000374e-01,2.262932688999999900e-03,-8.943390649000000289e-03
5.764233699999999905e-01,5.063348021000000365e-01,9.446840318999999995e-04,-8.267544483999999735e-03
5.774233699999999914e-01,5.039474259999999761e-01,-1.428844074999999995e-03,-7.530829359000000035e-03
5.784233699999999923e-01,5.011052217000000475e-01,-5.079851021999999723e-03,-6.773326141000000390e-03
5.794233699999999931e-01,5.007554252000000483e-01,-9.047014311999999545e-03,-6.401104908999999746e-03
5.804233699999999940e-01,5.004432343000000394e-01,-1.255484452000000042e-02,-6.417037870999999991e-03
5.814233699999999949e-01,5.007793392999999593e-01,-1.608084895000000056e-02,-6.737912528999999602e-03
5.824233699999999958e-01,5.010909177000000270e-01,-1.891279406000000163e-02,-7.291593742000000364e-03
5.834233699999999967e-01,5.011581009000000142e-01,-2.056804430000000114e-02,-7.926404640999999349e-03
5.844233699999999976e-01,5.018015920999999713e-01,-2.066431561999999833e-02,-8.596121907999999812e-03
5.854233699999999985e-01,5.028977693999999721e-01,-1.957008340000000041e-02,-9.130601446999999857e-03
5.864233699999999994e-01,5.041167241999999771e-01,-1.709384476000000083e-02,-9.485937167999999170e-03
5.874233700000000002e-01,5.060055634000000246e-01,-1.402197045999999982e-02,-9.628295433999999389e-03
5.884233700000000011e-01,5.068260881999999690e-01,-1.058255355999999925e-02,-9.558281459999999966e-03
5.894233700000000020e-01,5.068306057999999448e-01,-6.775609848999999789e-03,-9.466203553999999812e-03
5.904233700000000029e-01,5.055248157999999714e-01,-2.853088797999999999e-03,-9.323759173000000650e-03
5.914233700000000038e-01,5.050771994999999626e-01,5.092066736000000005e-04,-9.200228668000000332e-03
5.924233700000000047e-01,5.058300258000000271e-01,2.356869433000000156e-03,-8.926646501000000053e-03
5.934233700000000056e-01,5.059769517000000105e-01,2.776269246999999926e-03,-8.580189966999999390e-03
5.944233700000000065e-01,5.066263265999999543e-01,1.241207574999999902e-03,-8.116568630999999867e-03
5.954233700000000074e-01,5.056982445000000048e-01,-6.801884506999999721e-04,-7.749455556000000092e-03
5.964233700000000082e-01,5.036446729000000344e-01,-3.823852673999999889e-03,-7.275600555000000073e-03
5.974233700000000091e-01,5.015527033000000134e-01,-7.399801406000000234e-03,-6.897675522000000330e-03
5.984233700000000100e-01,5.015897624999999804e-01,-1.102956102999999924e-02,-6.719559184999999643e-03
5.994233700000000109e-01,5.017593767000000371e-01,-1.404818296999999980e-02,-6.808029158999999962e-03
6.004233700000000118e-01,5.025441541999999817e-01,-1.634606329000000066e-02,-7.148392267000000175e-03
6.014233700000000127e-01,5.023567584000000474e-01,-1.750635777000000143e-02,-7.473247744000000199e-03
6.024233700000000136e-01,5.020775209000000183e-01,-1.718301415999999929e-02,-7.873279590000000633e-03
6.034233700000000145e-01,5.025193000000000021e-01,-1.580379489000000026e-02,-8.374645828000000167e-03
6.044233700000000153e-01,5.040189145000000259e-01,-1.397160926999999921e-02,-8.860446656000000101e-03
6.054233700000000162e-01,5.056299991999999577e-01,-1.134208635000000069e-02,-9.281741337000000425e-03
6.064233700000000171e-01,5.074814129000000396e-01,-9.053652400000000711e-03,-9.461475678000000333e-03
6.074233700000000180e-01,5.079819839000000448e-01,-6.762900284999999803e-03,-9.475250568000000498e-03
6.084233700000000189e-01,5.082743218999999923e-01,-4.582688411000000218e-03,-9.540032220999999923e-03
6.094233700000000198e-01,5.073863799000000174e-01,-3.198923717999999951e-03,-9.677196924000000533e-03
6.104233700000000207e-01,5.066030210999999950e-01,-2.307443314000000214e-03,-9.983881228999999524e-03
6.114233700000000216e-01,5.056880652999999892e-01,-2.829113983999999825e-03,-1.022219729000000028e-02
6.124233700000000225e-01,5.060653775000000243e-01,-4.354368762999999941e-03,-1.041665922999999994e-02
6.134233700000000233e-01,5.061152464000000517e-01,-6.968717368999999967e-03,-1.034560900000000040e-02
6.144233700000000242e-01,5.054826976999999832e-01,-9.944386754999999523e-03,-1.033712609999999990e-02
6.154233700000000251e-01,5.033018832000000220e-01,-1.324486937000000052e-02,-1.012926056999999963e-02
6.164233700000000260e-01,5.019937306999999738e-01,-1.678632683000000000e-02,-9.919609787999999692e-03
6.174233700000000269e-01,5.026198562000000480e-01,-2.005968862999999922e-02,-9.720379293999999171e-03
6.184233700000000278e-01,5.026496745999999849e-01,-2.191181027999999920e-02,-9.504404718999999446e-03
6.194233700000000287e-01,5.028481890999999537e-01,-2.197805028000000133e-02,-9.153132673999999497e-03
6.204233700000000296e-01,5.033037182999999803e-01,-2.089552681999999953e-02,-8.769821952000000226e-03
6.214233700000000304e-01,5.035458346000000196e-01,-1.907396227999999874e-02,-8.449202196000000359e-03
6.224233700000000313e-01,5.030403784000000433e-01,-1.657648520000000111e-02,-8.337028939000000818e-03
6.234233700000000322e-01,5.043461418000000362e-01,-1.379830192999999955e-02,-8.353639120999999459e-03
6.244233700000000331e-01,5.050968223999999784e-01,-1.099311568000000024e-02,-8.533187810000000470e-03
6.254233700000000340e-01,5.064931041000000356e-01,-8.847688936999999545e-03,-8.677480690999999843e-03
6.264233700000000349e-01,5.073873448000000286e-01,-7.086230041999999618e-03,-8.889944772000000703e-03
6.274233700000000358e-01,5.077703638999999658e-01,-5.575246734000000384e-03,-9.276494318999999739e-03
6.284233700000000367e-01,5.069901480999999821e-01,-4.902751652000000328e-03,-9.780362189000000456e-03
6.294233700000000375e-01,5.057562531000000527e-01,-5.062767525000000206e-03,-1.029990201999999959e-02
6.304233700000000384e-01,5.051117086999999950e-01,-5.873359417000000374e-03,-1.083139491999999919e-02
6.314233700000000393e-01,5.043039164000000518e-01,-7.320226422999999601e-03,-1.112910200999999918e-02
6.324233700000000402e-01,5.041888686000000064e-01,-9.324473018999999280e-03,-1.122735925999999995e-02
6.334233700000000411e-01,5.030291327000000479e-01,-1.148020328999999930e-02,-1.116634654000000018e-02
6.344233700000000420e-01,5.006740269999999660e-01,-1.360845867999999938e-02,-1.088733962000000034e-02
6.354233700000000429e-01,4.998466055999999935e-01,-1.555547615999999973e-02,-1.054788759999999992e-02
6.364233700000000438e-01,5.003862886000000065e-01,-1.716400502999999855e-02,-1.004642317999999979e-02
6.374233700000000447e-01,5.013877048999999531e-01,-1.772291791000000019e-02,-9.490151421999999670e-03
6.384233700000000455e-01,5.024279981000000506e-01,-1.732963013999999982e-02,-8.881658800999999576e-03
6.394233700000000464e-01,5.032903654999999477e-01,-1.622675662999999852e-02,-8.236946263000000448e-03
6.404233700000000473e-01,5.031008045000000539e-01,-1.421043963000000014e-02,-7.611229611000000332e-03
6.414233700000000482e-01,5.034392534999999613e-01,-1.142080281000000010e-02,-7.413127420000000314e-03
6.424233700000000491e-01,5.033325142000000252e-01,-8.612771220999999519e-03,-7.337693969999999760e-03
6.434233700000000500e-01,5.032125439000000311e-01,-6.056307105999999933e-03,-7.545844125999999832e-03
6.444233700000000509e-01,5.036170574999999650e-01,-4.627711875000000037e-03,-7.869843849000000141e-03
6.454233700000000518e-01,5.038955757999999951e-01,-3.945773456999999984e-03,-8.351781580000000246e-03
6.464233700000000526e-01,5.047574534000000002e-01,-3.620963341999999981e-03,-9.005287826000000009e-03
6.474233700000000535e-01,5.044721384999999447e-01,-4.032222046999999615e-03,-9.508904942999999582e-03
6.484233700000000544e-01,5.037165474999999448e-01,-4.781197257000000325e-03,-1.011000173999999918e-02
6.494233700000000553e-01,5.041221101999999732e-01,-5.908486033999999984e-03,-1.064074553999999964e-02
6.504233699999999452e-01,5.045766575000000254e-01,-7.695808261000000421e-03,-1.102867643999999939e-02
6.514233699999999461e-01,5.041888320999999840e-01,-9.931164439000000552e-03,-1.111813549999999921e-02
6.524233699999999470e-01,5.028882113000000542e-01,-1.192799410000000039e-02,-1.102178455000000015e-02
6.534233699999999478e-01,5.008322312999999859e-01,-1.370861546999999937e-02,-1.059276414000000048e-02
6.544233699999999487e-01,5.006491697999999602e-01,-1.534768239000000069e-02,-1.000104249000000056e-02
6.554233699999999496e-01,5.019651292000000264e-01,-1.618349176999999903e-02,-9.236069557999999902e-03
6.564233699999999505e-01,5.043827786000000257e-01,-1.612599175999999968e-02,-8.497318175000000834e-03
6.574233699999999514e-01,5.061012316999999872e-01,-1.561070739999999984e-02,-7.732137856999999649e-03
6.584233699999999523e-01,5.068511132999999891e-01,-1.471842056999999974e-02,-7.035513414999999826e-03
6.594233699999999532e-01,5.057382603000000199e-01,-1.325505144999999940e-02,-6.622185790999999926e-03
6.604233699999999541e-01,5.052882593999999949e-01,-1.103618561999999970e-02,-6.646732380000000030e-03
6.614233699999999549e-01,5.049634221000000034e-01,-9.205708260000000642e-03,-6.876473261999999954e-03
6.624233699999999558e-01,5.048225195000000110e-01,-7.619368795999999916e-03,-7.421535093000000000e-03
6.634233699999999567e-01,5.043262683000000468e-01,-7.231495059999999871e-03,-8.147509417999999892e-03
6.644233699999999576e-01,5.049471491000000478e-01,-7.193251920999999688e-03,-9.105122110999999338e-03
6.654233699999999585e-01,5.055605881000000412e-01,-7.502433939000000343e-03,-1.021334678000000024e-02
6.664233699999999594e-01,5.042557052999999678e-01,-8.588667306999999557e-03,-1.107754185999999981e-02
6.674233699999999603e-01,5.029595336000000083e-01,-9.070567955000000820e-03,-1.181284147000000000e-02
6.684233699999999612e-01,5.018133226000000002e-01,-9.615075546999999820e-03,-1.221571723999999998e-02
6.694233699999999621e-01,5.005204346999999609e-01,-1.020990721999999983e-02,-1.229269690999999949e-02
6.704233699999999629e-01,4.993227617000000063e-01,-1.018802490999999935e-02,-1.208876168999999980e-02
6.714233699999999638e-01,4.967111062999999826e-01,-1.000913177999999959e-02,-1.151073967000000066e-02
6.724233699999999647e-01,4.961308737999999829e-01,-9.661510842999999557e-03,-1.074039494000000004e-02
6.734233699999999656e-01,4.975043016999999845e-01,-9.277164170999999820e-03,-9.797090971000000509e-03
6.744233699999999665e-01,5.006058960999999474e-01,-9.156970969000000418e-03,-8.834313268999999247e-03
6.754233699999999674e-01,5.038986823000000115e-01,-9.308862742000000717e-03,-7.971740293000000727e-03
6.764233699999999683e-01,5.054250851999999572e-01,-9.695455030999999835e-03,-7.200853955000000202e-03
6.774233699999999692e-01,5.060000538000000159e-01,-1.040058133999999940e-02,-6.680151934000000229e-03
6.784233699999999700e-01,5.055691692999999542e-01,-1.106050484999999972e-02,-6.652175054999999969e-03
6.794233699999999709e-01,5.044351593000000467e-01,-1.144078320999999954e-02,-7.142972376000000269e-03
6.804233699999999718e-01,5.039100546000000458e-01,-1.199670834999999949e-02,-8.055753356999999573e-03
6.814233699999999727e-01,5.043973435999999921e-01,-1.275873850000000011e-02,-9.093799858999999236e-03
6.824233699999999736e-01,5.050853253000000542e-01,-1.353231836999999917e-02,-1.011499664000000027e-02
6.834233699999999745e-01,5.058523569999999747e-01,-1.410592190000000030e-02,-1.117708801999999987e-02
6.844233699999999754e-01,5.046106170999999918e-01,-1.408823753000000047e-02,-1.199642075000000030e-02
6.854233699999999763e-01,5.022747630999999657e-01,-1.372113068000000054e-02,-1.231450366999999914e-02
6.864233699999999772e-01,4.992679178000000162e-01,-1.275079605000000067e-02,-1.239978517000000016e-02
6.874233699999999780e-01,4.972012882999999883e-01,-1.161572253000000068e-02,-1.208102041999999966e-02
6.884233699999999789e-01,4.951196858999999950e-01,-9.952162820999999396e-03,-1.140883137999999970e-02
6.894233699999999798e-01,4.932313481000000221e-01,-7.980013988000000599e-03,-1.063431437000000000e-02
6.904233699999999807e-01,4.924733392000000265e-01,-6.234220476999999781e-03,-9.704431572000000658e-03
6.914233699999999816e-01,4.947903725000000197e-01,-4.770304674999999855e-03,-8.770371667999999829e-03
6.924233699999999825e-01,4.970463564000000001e-01,-4.140310167999999673e-03,-7.892685393999999272e-03
6.934233699999999834e-01,5.010771949000000225e-01,-4.378199386000000345e-03,-7.119369553000000350e-03
6.944233699999999843e-01,5.058799779000000552e-01,-5.529314692000000288e-03,-6.467942207999999998e-03
6.954233699999999851e-01,5.077253120000000397e-01,-7.538134894000000051e-03,-6.064558289999999983e-03
6.964233699999999860e-01,5.091270378000000152e-01,-9.638552685999999745e-03,-6.142022666999999957e-03
6.974233699999999869e-01,5.090948293999999485e-01,-1.144974279000000005e-02,-6.749719428000000403e-03
6.984233699999999878e-01,5.088736525999999483e-01,-1.292718829999999972e-02,-7.773650614999999715e-03
6.994233699999999887e-01,5.079545966999999829e-01,-1.394320005000000001e-02,-8.999999726999999977e-03
7.004233699999999896e-01,5.065939193999999812e-01,-1.464648449999999928e-02,-1.016938686999999987e-02
7.014233699999999905e-01,5.055345216000000086e-01,-1.478636332000000074e-02,-1.118628416999999965e-02
7.024233699999999914e-01,5.056662874999999779e-01,-1.414579462000000072e-02,-1.201119959000000043e-02
7.034233699999999923e-01,5.054037908999999829e-01,-1.281981668999999935e-02,-1.250570460000000050e-02
7.044233699999999931e-01,5.033619633999999454e-01,-1.148746143999999914e-02,-1.247174007999999994e-02
7.054233699999999940e-01,5.011410043999999786e-01,-9.776605545999999397e-03,-1.222583456999999998e-02
7.064233699999999949e-01,4.979030261999999873e-01,-8.211118039999999729e-03,-1.164473734999999996e-02
7.074233699999999958e-01,4.931958028999999799e-01,-6.247089741999999578e-03,-1.097298413000000021e-02
7.084233699999999967e-01,4.893708808000000188e-01,-4.221531003999999705e-03,-1.020727674000000001e-02
7.094233699999999976e-01,4.880294189000000116e-01,-2.773857893000000133e-03,-9.330204182000000068e-03
7.104233699999999985e-01,4.900494146000000106e-01,-2.036804458000000036e-03,-8.559141044000000836e-03
7.114233699999999994e-01,4.939222672999999952e-01,-2.469561842999999993e-03,-7.914529392000000177e-03
7.124233700000000002e-01,4.997190857000000097e-01,-4.226056373999999977e-03,-7.373691717000000097e-03
7.134233700000000011e-01,5.039563792000000264e-01,-6.884999091000000224e-03,-7.001032691000000190e-03
7.144233700000000020e-01,5.073227551000000224e-01,-1.014117179000000035e-02,-6.870423157000000308e-03
7.154233700000000029e-01,5.074968907000000362e-01,-1.309464536999999963e-02,-7.119981503000000211e-03
7.164233700000000038e-01,5.056265897999999703e-01,-1.519168006000000057e-02,-7.669916251000000011e-03
7.174233700000000047e-01,5.034468744000000218e-01,-1.638138865999999930e-02,-8.520566857000000729e-03
7.184233700000000056e-01,5.022071327999999557e-01,-1.680824568000000019e-02,-9.447596876000000782e-03
7.194233700000000065e-01,5.024903381999999974e-01,-1.634157299000000077e-02,-1.042984729999999957e-02
7.204233700000000074e-01,5.043308559000000413e-01,-1.561015756000000074e-02,-1.127346121000000027e-02
7.214233700000000082e-01,5.064253900999999836e-01,-1.400702937999999918e-02,-1.200612099999999981e-02
7.224233700000000091e-01,5.058674194000000179e-01,-1.221725214999999989e-02,-1.219568931999999960e-02
7.234233700000000100e-01,5.046850842000000226e-01,-1.053723435999999979e-02,-1.194121981000000055e-02
7.244233700000000109e-01,5.015073071000000215e-01,-8.875318047999999904e-03,-1.141818497000000009e-02
7.254233700000000118e-01,4.976234814000000117e-01,-6.864051430000000370e-03,-1.079524618000000068e-02
7.264233700000000127e-01,4.925966512000000130e-01,-4.860055323999999850e-03,-1.010583353999999941e-02
7.274233700000000136e-01,4.899504216000000190e-01,-3.377554491999999828e-03,-9.526539787000000425e-03
7.284233700000000145e-01,4.894085274000000152e-01,-2.254797202999999847e-03,-8.994078188000000085e-03
7.294233700000000153e-01,4.921405318000000029e-01,-2.118320626000000026e-03,-8.526337445000000542e-03
7.304233700000000162e-01,4.961934876999999910e-01,-3.067970652000000156e-03,-8.078486840999999849e-03
7.314233700000000171e-01,5.018317791999999944e-01,-5.520846402000000389e-03,-7.744717380000000137e-03
7.324233700000000180e-01,5.056763846999999812e-01,-8.969068642000000216e-03,-7.417728192000000269e-03
7.334233700000000189e-01,5.075443455000000492e-01,-1.194553880000000061e-02,-7.476158788999999992e-03
7.344233700000000198e-01,5.068112314999999590e-01,-1.401285283999999937e-02,-7.693482375000000421e-03
7.354233700000000207e-01,5.042186647999999938e-01,-1.508554752999999998e-02,-8.042505001999999265e-03
7.364233700000000216e-01,5.019095435000000549e-01,-1.493331575000000043e-02,-8.596351446999999854e-03
7.374233700000000225e-01,5.018469209999999459e-01,-1.429102517999999988e-02,-9.301482333000000643e-03
7.384233700000000233e-01,5.040735960000000127e-01,-1.309668886999999955e-02,-1.004846419000000012e-02
7.394233700000000242e-01,5.065096299000000357e-01,-1.127833945999999997e-02,-1.068144248999999997e-02
7.404233700000000251e-01,5.084174995000000363e-01,-9.489562533000000036e-03,-1.106579746999999947e-02
7.414233700000000260e-01,5.076744823000000073e-01,-7.714534290999999593e-03,-1.117979866999999940e-02
7.424233700000000269e-01,5.053888452999999448e-01,-5.966882134999999636e-03,-1.104703102999999957e-02
7.434233700000000278e-01,5.012888981999999993e-01,-4.717242832999999670e-03,-1.048993787000000039e-02
7.444233700000000287e-01,4.959824514000000240e-01,-3.362414970999999791e-03,-1.000426002000000085e-02
7.454233700000000296e-01,4.920197467999999907e-01,-2.083388771000000209e-03,-9.616341061000000662e-03
7.464233700000000304e-01,4.897035845000000109e-01,-1.714241028999999913e-03,-9.302728035999999548e-03
7.474233700000000313e-01,4.900007874000000263e-01,-2.291917753000000113e-03,-9.062450116999999639e-03
7.484233700000000322e-01,4.923491427999999726e-01,-4.033434114999999778e-03,-8.902850361999999768e-03
7.494233700000000331e-01,4.954829289000000081e-01,-6.619694439000000166e-03,-8.779768986000000691e-03
7.504233700000000340e-01,4.997528882000000228e-01,-1.013680303999999963e-02,-8.514112693000000162e-03
7.514233700000000349e-01,5.021960742000000089e-01,-1.337361351000000004e-02,-8.295643047999999922e-03
7.524233700000000358e-01,5.028564691000000364e-01,-1.559736131000000019e-02,-8.321490343999999456e-03
7.534233700000000367e-01,5.017405243000000459e-01,-1.691324890000000039e-02,-8.420643187000000779e-03
7.544233700000000375e-01,4.998546763999999754e-01,-1.696418509000000019e-02,-8.629223482999999473e-03
7.554233700000000384e-01,4.994256338999999989e-01,-1.588714965000000146e-02,-9.157977512000000861e-03
7.564233700000000393e-01,5.007248844999999671e-01,-1.435025908999999940e-02,-9.730090727000000397e-03
7.574233700000000402e-01,5.028930085999999688e-01,-1.263608415999999991e-02,-1.026826733999999970e-02
7.584233700000000411e-01,5.049039934000000285e-01,-1.090638550000000082e-02,-1.080243852000000067e-02
7.594233700000000420e-01,5.054318920999999465e-01,-9.262486740000000843e-03,-1.105261649999999922e-02
7.604233700000000429e-01,5.050513033000000318e-01,-8.073276271999999670e-03,-1.116996259000000054e-02
7.614233700000000438e-01,5.030330746000000186e-01,-7.564875757999999992e-03,-1.098299093000000039e-02
7.624233700000000447e-01,4.994114161000000052e-01,-7.101421368999999949e-03,-1.080856435999999997e-02
7.634233700000000455e-01,4.959397653000000017e-01,-6.823793510999999999e-03,-1.067377580000000020e-02
7.644233700000000464e-01,4.939129922000000117e-01,-6.464509842999999895e-03,-1.063001143000000086e-02
7.654233700000000473e-01,4.936953424000000146e-01,-6.811740073999999860e-03,-1.063931524999999975e-02
7.664233700000000482e-01,4.944030052999999758e-01,-7.990897894999999737e-03,-1.058462100000000065e-02
7.674233700000000491e-01,4.965619139999999931e-01,-9.772366323999999785e-03,-1.054347234999999938e-02
7.684233700000000500e-01,4.992800030999999805e-01,-1.249975931999999963e-02,-1.027114863999999995e-02
7.694233700000000509e-01,5.022667932000000057e-01,-1.553717781000000034e-02,-9.827336569000000646e-03
7.704233700000000518e-01,5.030939388999999817e-01,-1.721740230000000024e-02,-9.515524281000000209e-03
7.714233700000000526e-01,5.032951812000000524e-01,-1.792875970999999874e-02,-9.237156292000000407e-03
7.724233700000000535e-01,5.023763735999999813e-01,-1.778224289000000097e-02,-9.100122105000000433e-03
7.734233700000000544e-01,5.009102673999999977e-01,-1.664323838999999874e-02,-9.129621299999999759e-03
7.744233700000000553e-01,5.019605151999999570e-01,-1.485343784999999979e-02,-9.407660135000000742e-03
7.754233699999999452e-01,5.040596631000000549e-01,-1.305411167999999920e-02,-9.752427166999999911e-03
7.764233699999999461e-01,5.058683876999999773e-01,-1.098278473000000033e-02,-1.009555061999999927e-02
7.774233699999999470e-01,5.061629386999999536e-01,-9.460663524999999435e-03,-1.018344849999999920e-02
7.784233699999999478e-01,5.060915672000000365e-01,-8.344794644000000025e-03,-1.024195504999999944e-02
7.794233699999999487e-01,5.045635423000000008e-01,-7.685794317000000167e-03,-1.030980287999999981e-02
7.804233699999999496e-01,5.019289335000000074e-01,-7.678087174000000278e-03,-1.022038385000000049e-02
7.814233699999999505e-01,4.981363184000000000e-01,-7.840063252000000274e-03,-1.019177649000000026e-02
7.824233699999999514e-01,4.955946779000000024e-01,-7.920750070999999989e-03,-1.039922926000000011e-02
7.834233699999999523e-01,4.937159593000000068e-01,-8.146475943999999941e-03,-1.062380392999999999e-02
7.844233699999999532e-01,4.938858324000000022e-01,-8.732677124999999388e-03,-1.082479436999999982e-02
7.854233699999999541e-01,4.945978825999999828e-01,-9.966825412000000425e-03,-1.076295315999999981e-02
7.864233699999999549e-01,4.968625159000000235e-01,-1.120454977999999976e-02,-1.059476810000000054e-02
7.874233699999999558e-01,4.998876379000000147e-01,-1.319287031999999936e-02,-1.019432527000000040e-02
7.884233699999999567e-01,5.020383966000000475e-01,-1.488297541999999973e-02,-9.823199248000000217e-03
7.894233699999999576e-01,5.016539299000000174e-01,-1.549826496999999990e-02,-9.617080212999999655e-03
7.904233699999999585e-01,4.993034738000000083e-01,-1.552081083000000049e-02,-9.298759425000000661e-03
7.914233699999999594e-01,4.967894947000000005e-01,-1.447898601000000007e-02,-9.063894198999999929e-03
7.924233699999999603e-01,4.964167729999999779e-01,-1.231255017000000042e-02,-9.039723563000000295e-03
7.934233699999999612e-01,4.980973848999999953e-01,-9.875136458000000408e-03,-9.173127305999999315e-03
7.944233699999999621e-01,5.002647730000000514e-01,-7.363168118000000192e-03,-9.310335335999999837e-03
7.954233699999999629e-01,5.027651681999999456e-01,-5.265049754999999963e-03,-9.430911385000000785e-03
7.964233699999999638e-01,5.043387083000000493e-01,-4.067483097999999818e-03,-9.498007803999999540e-03
7.974233699999999647e-01,5.051792193999999903e-01,-3.821000266999999978e-03,-9.565625140000000651e-03
7.984233699999999656e-01,5.039634834999999757e-01,-4.522283178999999924e-03,-9.546274251999999419e-03
7.994233699999999665e-01,5.003534284999999748e-01,-5.648756201000000067e-03,-9.729663559000000309e-03
8.004233699999999674e-01,4.973799863000000210e-01,-6.972513242000000395e-03,-1.009665008000000010e-02
8.014233699999999683e-01,4.953253188000000251e-01,-8.260596087999999906e-03,-1.070208832999999977e-02
8.024233699999999692e-01,4.955346862000000185e-01,-9.663061816000000775e-03,-1.127562309000000075e-02
8.034233699999999700e-01,4.960087014999999822e-01,-1.125921931999999959e-02,-1.159677020999999933e-02
8.044233699999999709e-01,4.982641881000000050e-01,-1.269357898999999915e-02,-1.173413788999999943e-02
8.054233699999999718e-01,5.014339176000000009e-01,-1.436430284999999987e-02,-1.152500964999999926e-02
8.064233699999999727e-01,5.039805220999999946e-01,-1.590714957000000096e-02,-1.102968558000000029e-02
8.074233699999999736e-01,5.040076965999999992e-01,-1.623636343000000107e-02,-1.052107581999999972e-02
8.084233699999999745e-01,5.012409820000000016e-01,-1.578065659000000079e-02,-9.934292702999999308e-03
8.094233699999999754e-01,4.980760605999999813e-01,-1.461965056999999998e-02,-9.441648921999999319e-03
8.104233699999999763e-01,4.951951546000000204e-01,-1.276886944000000038e-02,-8.943119948000000791e-03
8.114233699999999772e-01,4.949800453000000044e-01,-1.021428995000000020e-02,-8.651846479000000617e-03
8.124233699999999780e-01,4.972674407000000074e-01,-7.544722248000000110e-03,-8.574393826999999330e-03
8.134233699999999789e-01,4.998106447999999813e-01,-5.451478305999999698e-03,-8.551677521999999365e-03
8.144233699999999798e-01,5.018800091999999768e-01,-4.198908775999999829e-03,-8.458587599999999387e-03
8.154233699999999807e-01,5.034635526999999833e-01,-3.800777502000000137e-03,-8.506898653000000143e-03
8.164233699999999816e-01,5.030509076000000412e-01,-4.454377439999999792e-03,-8.616626182000000633e-03
8.174233699999999825e-01,5.009975974000000498e-01,-5.753996943000000072e-03,-8.868776462999999541e-03
8.184233699999999834e-01,4.976567281000000009e-01,-7.104707885000000403e-03,-9.281497748000000145e-03
8.194233699999999843e-01,4.953999533999999816e-01,-8.294171580999999335e-03,-9.949692011000000821e-03
8.204233699999999851e-01,4.947213831000000228e-01,-9.690923988000000114e-03,-1.066692846000000076e-02
8.214233699999999860e-01,4.951607207000000010e-01,-1.099181991999999969e-02,-1.117866843000000013e-02
8.224233699999999869e-01,4.972471265000000251e-01,-1.192141640999999988e-02,-1.148428676999999933e-02
8.234233699999999878e-01,5.002419177000000383e-01,-1.290570387000000013e-02,-1.150198309999999995e-02
8.244233699999999887e-01,5.032066877999999965e-01,-1.405465470999999952e-02,-1.112267586999999940e-02
8.254233699999999896e-01,5.050131066999999918e-01,-1.418553411999999916e-02,-1.060146200000000073e-02
8.264233699999999905e-01,5.041127461000000087e-01,-1.331807691999999967e-02,-1.002851966999999955e-02
8.274233699999999914e-01,5.023861107000000548e-01,-1.215797564000000060e-02,-9.504040660999999585e-03
8.284233699999999923e-01,4.990363815000000147e-01,-1.047354734999999919e-02,-9.013740367999999517e-03
8.294233699999999931e-01,4.974782026999999829e-01,-8.719469985000000492e-03,-8.819361261999999341e-03
8.304233699999999940e-01,4.978583144000000016e-01,-6.852535760000000309e-03,-8.976760022999999769e-03
8.314233699999999949e-01,4.987486610999999903e-01,-5.423981264999999836e-03,-9.212077305000000021e-03
8.324233699999999958e-01,4.999612130000000154e-01,-4.519694266999999682e-03,-9.371214153000000796e-03
8.334233699999999967e-01,5.008862847999999701e-01,-4.478891557999999974e-03,-9.403574624999999285e-03
8.344233699999999976e-01,5.015533967999999954e-01,-5.284819480999999874e-03,-9.498539481000000534e-03
8.354233699999999985e-01,5.011790589000000296e-01,-6.379322895999999660e-03,-9.676294195999999431e-03
8.364233699999999994e-01,4.988499625999999743e-01,-7.679245026999999800e-03,-9.911823029999999174e-03
8.374233700000000002e-01,4.959587805999999821e-01,-8.827004503000000432e-03,-1.024259391999999928e-02
8.384233700000000011e-01,4.946863912999999724e-01,-9.824270681000000713e-03,-1.072610459999999953e-02
8.394233700000000020e-01,4.952887659999999914e-01,-1.081878439999999983e-02,-1.115191848000000006e-02
8.404233700000000029e-01,4.959846795000000252e-01,-1.218303339999999950e-02,-1.145385351000000052e-02
8.414233700000000038e-01,4.982897077999999813e-01,-1.346880500000000036e-02,-1.154736144999999985e-02
8.424233700000000047e-01,5.013176294000000199e-01,-1.475668391999999940e-02,-1.141782193999999959e-02
8.434233700000000056e-01,5.041141148000000127e-01,-1.586876523999999899e-02,-1.105520557000000056e-02
8.444233700000000065e-01,5.044551559000000074e-01,-1.591498948999999982e-02,-1.069071629000000086e-02
8.454233700000000074e-01,5.031278546999999879e-01,-1.516635537000000054e-02,-1.030435461000000011e-02
8.464233700000000082e-01,5.009077723999999510e-01,-1.376859102999999918e-02,-9.865457131000000129e-03
8.474233700000000091e-01,4.996957767999999911e-01,-1.223861876000000015e-02,-9.495899010999999876e-03
8.484233700000000100e-01,4.990462541999999835e-01,-1.051039135000000034e-02,-9.449201719999999680e-03
8.494233700000000109e-01,4.999200025000000158e-01,-8.660036056999999635e-03,-9.556887930999999337e-03
8.504233700000000118e-01,5.007275548999999826e-01,-7.454013191999999885e-03,-9.591429295000000396e-03
8.514233700000000127e-01,5.012103594000000273e-01,-6.959657573000000048e-03,-9.537080317000000765e-03
8.524233700000000136e-01,5.011706819000000257e-01,-7.162093480000000269e-03,-9.416861954000000853e-03
8.534233700000000145e-01,5.004810589999999504e-01,-7.652626800000000319e-03,-9.289671726000000782e-03
8.544233700000000153e-01,4.981986466000000169e-01,-8.060212465999999631e-03,-9.337527552999999939e-03
8.554233700000000162e-01,4.957889337999999979e-01,-8.561532267000000404e-03,-9.560317933999999337e-03
8.564233700000000171e-01,4.951746899999999729e-01,-9.010987800000000089e-03,-1.003608272999999967e-02
8.574233700000000180e-01,4.966157230000000089e-01,-9.493843679000000396e-03,-1.064068521999999954e-02
8.584233700000000189e-01,4.971132730999999749e-01,-1.030740781999999953e-02,-1.098095535999999914e-02
8.594233700000000198e-01,4.988353227999999806e-01,-1.111679760000000051e-02,-1.130263024999999914e-02
8.604233700000000207e-01,5.020261414000000144e-01,-1.245656673999999929e-02,-1.142490137999999968e-02
8.614233700000000216e-01,5.038422287999999583e-01,-1.391238631999999927e-02,-1.129975067000000069e-02
8.624233700000000225e-01,5.056158781999999796e-01,-1.458922690999999924e-02,-1.120368438000000043e-02
8.634233700000000233e-01,5.055631360000000241e-01,-1.438735378999999974e-02,-1.093795705000000056e-02
8.644233700000000242e-01,5.043425105000000075e-01,-1.374535583999999915e-02,-1.067182753000000053e-02
8.654233700000000251e-01,5.022773409999999883e-01,-1.263295151000000047e-02,-1.036939823000000011e-02
8.664233700000000260e-01,5.014603215999999808e-01,-1.108765058000000039e-02,-1.015157757999999959e-02
8.674233700000000269e-01,5.027792919000000360e-01,-9.054556826999999794e-03,-1.013322351000000079e-02
8.684233700000000278e-01,5.032441751999999768e-01,-7.578122078000000192e-03,-1.008347631000000057e-02
8.694233700000000287e-01,5.036753693000000087e-01,-6.836059652000000229e-03,-9.943572084999999575e-03
8.704233700000000296e-01,5.029314331999999999e-01,-7.024654507000000110e-03,-9.727947246999999256e-03
8.714233700000000304e-01,5.016889298000000164e-01,-7.648942042000000420e-03,-9.618925715000000570e-03
8.724233700000000313e-01,4.984853933999999764e-01,-8.167073720999999675e-03,-9.611959757000000659e-03
8.734233700000000322e-01,4.950872892000000025e-01,-8.455977594000000166e-03,-9.736868843999999315e-03
8.744233700000000331e-01,4.935939071000000067e-01,-8.577665733999999612e-03,-1.003849723000000034e-02
8.754233700000000340e-01,4.943194059000000085e-01,-8.919240509000000289e-03,-1.048337845000000060e-02
8.764233700000000349e-01,4.954934280000000135e-01,-9.623085574000000281e-03,-1.083427527000000064e-02
8.774233700000000358e-01,4.973716899999999774e-01,-1.040860212000000069e-02,-1.116022093000000083e-02
8.784233700000000367e-01,5.002638488999999744e-01,-1.157700331000000027e-02,-1.133300612999999998e-02
8.794233700000000375e-01,5.016120998999999969e-01,-1.268389223000000038e-02,-1.126308971999999929e-02
8.804233700000000384e-01,5.033603361999999803e-01,-1.339841123999999974e-02,-1.125374405000000022e-02
8.814233700000000393e-01,5.019791007999999666e-01,-1.353714645999999980e-02,-1.134472023000000079e-02
8.824233700000000402e-01,5.008608372999999725e-01,-1.316493667999999936e-02,-1.142074650000000045e-02
8.834233700000000411e-01,4.994702520000000034e-01,-1.242109878000000056e-02,-1.141636883999999977e-02
8.844233700000000420e-01,4.995424916000000271e-01,-1.148213900999999967e-02,-1.144942074999999969e-02
8.854233700000000429e-01,5.004899483000000426e-01,-9.833431535999999709e-03,-1.164464393999999937e-02
8.864233700000000438e-01,5.017066868999999762e-01,-8.296091258000000065e-03,-1.163544457999999941e-02
8.874233700000000447e-01,5.033219722999999757e-01,-7.354968049999999723e-03,-1.137702986999999943e-02
8.884233700000000455e-01,5.036488662000000449e-01,-6.905015607000000201e-03,-1.097984911999999938e-02
8.894233700000000464e-01,5.024588379000000105e-01,-7.042203767000000322e-03,-1.050807907000000062e-02
8.904233700000000473e-01,4.992738632000000010e-01,-7.208353269000000035e-03,-1.005718486999999939e-02
8.914233700000000482e-01,4.954554519000000101e-01,-7.264939887000000131e-03,-9.829169138000000763e-03
8.924233700000000491e-01,4.927256600000000097e-01,-7.270172267999999889e-03,-9.705806865999999991e-03
8.934233700000000500e-01,4.922909248999999821e-01,-7.324083428999999916e-03,-9.774797546000000420e-03
8.944233700000000509e-01,4.941394908000000252e-01,-7.686061790999999983e-03,-9.917532575000000475e-03
8.954233700000000518e-01,4.964759180000000161e-01,-8.379108926000000332e-03,-1.012009032000000044e-02
8.964233700000000526e-01,5.000282900000000419e-01,-9.601582512999999250e-03,-1.033455840999999986e-02
8.974233700000000535e-01,5.026266749000000145e-01,-1.112511323000000066e-02,-1.041122639000000016e-02
8.984233700000000544e-01,5.049875339999999602e-01,-1.258423673999999916e-02,-1.044542122000000073e-02
8.994233700000000553e-01,5.051921522000000220e-01,-1.332996344999999930e-02,-1.048517652000000022e-02
9.004233699999999452e-01,5.040614713000000080e-01,-1.333770790000000060e-02,-1.056461380000000075e-02
9.014233699999999461e-01,5.022421996999999472e-01,-1.321627185999999995e-02,-1.062206322000000015e-02
9.024233699999999470e-01,5.008894798999999898e-01,-1.307709119999999996e-02,-1.065504557000000047e-02
9.034233699999999478e-01,5.010472712000000328e-01,-1.204602364999999946e-02,-1.083065767999999950e-02
9.044233699999999487e-01,5.026140217000000243e-01,-1.066208482999999978e-02,-1.101652770999999968e-02
9.054233699999999496e-01,5.040530086000000187e-01,-9.687328570999999278e-03,-1.107270825999999951e-02
9.064233699999999505e-01,5.041200417000000211e-01,-9.119688969999999520e-03,-1.083878110000000006e-02
9.074233699999999514e-01,5.032975039999999511e-01,-8.788458431000000307e-03,-1.036636672000000071e-02
9.084233699999999523e-01,5.014781078000000170e-01,-8.516811923000000215e-03,-9.866184583000000771e-03
9.094233699999999532e-01,4.984081255999999738e-01,-7.873353304000000122e-03,-9.561877972999999892e-03
9.104233699999999541e-01,4.945505946000000042e-01,-7.385845331999999798e-03,-9.351484856000000234e-03
9.114233699999999549e-01,4.926964278000000030e-01,-6.902833199999999780e-03,-9.427978882999999560e-03
9.124233699999999558e-01,4.926838478000000188e-01,-6.838596181999999878e-03,-9.700363546000000461e-03
9.134233699999999567e-01,4.928757254000000199e-01,-7.262601343999999966e-03,-9.941641196000000277e-03
9.144233699999999576e-01,4.954048636999999755e-01,-7.835950039000000658e-03,-1.029874480000000057e-02
9.154233699999999585e-01,4.985376582000000112e-01,-8.784173464999999598e-03,-1.053473125000000017e-02
9.164233699999999594e-01,5.019803604000000474e-01,-9.700529415999999475e-03,-1.070518162000000037e-02
9.174233699999999603e-01,5.044106722000000209e-01,-1.017498529000000068e-02,-1.084442612999999937e-02
9.184233699999999612e-01,5.041705063000000431e-01,-1.008388602000000016e-02,-1.100621604999999989e-02
9.194233699999999621e-01,5.035101490000000179e-01,-9.763680638000000328e-03,-1.116581206000000041e-02
9.204233699999999629e-01,5.022476717999999618e-01,-9.719747868000000804e-03,-1.120022373000000016e-02
9.214233699999999638e-01,5.016675119000000294e-01,-9.594564797999999284e-03,-1.129146357999999926e-02
9.224233699999999647e-01,5.024608313999999742e-01,-9.466631519999999314e-03,-1.163067169999999935e-02
9.234233699999999656e-01,5.032054714000000484e-01,-9.670634515000000112e-03,-1.176503333000000068e-02
9.244233699999999665e-01,5.037180060000000514e-01,-1.044763397000000003e-02,-1.163452247999999939e-02
9.254233699999999674e-01,5.034614093999999485e-01,-1.137840126000000049e-02,-1.130921969000000041e-02
9.264233699999999683e-01,5.022152502000000185e-01,-1.203668104999999940e-02,-1.089041290000000023e-02
9.274233699999999692e-01,4.997351486000000120e-01,-1.199549106999999934e-02,-1.051409499000000025e-02
9.284233699999999700e-01,4.963715324999999901e-01,-1.118948739999999983e-02,-1.024245000000000017e-02
9.294233699999999709e-01,4.942835193999999821e-01,-1.009762313000000036e-02,-1.012740330000000064e-02
9.304233699999999718e-01,4.934800300000000139e-01,-8.974885763000000141e-03,-1.018645955999999964e-02
9.314233699999999727e-01,4.935617118999999775e-01,-7.996384885000000844e-03,-1.032266369999999996e-02
9.324233699999999736e-01,4.945509150999999881e-01,-7.185308892999999961e-03,-1.052572155999999953e-02
9.334233699999999745e-01,4.973639261999999728e-01,-6.788441388000000278e-03,-1.069874514999999936e-02
9.344233699999999754e-01,5.000959013000000342e-01,-6.560516437999999728e-03,-1.074558806000000012e-02
9.354233699999999763e-01,5.018885400000000496e-01,-6.213383240000000182e-03,-1.074518871999999986e-02
9.364233699999999772e-01,5.027670682999999530e-01,-5.712288832999999968e-03,-1.086404143999999961e-02
9.374233699999999780e-01,5.030586148000000257e-01,-5.357199083000000091e-03,-1.093249106999999963e-02
9.384233699999999789e-01,5.032797088999999557e-01,-5.539956347999999871e-03,-1.096358184000000013e-02
9.394233699999999798e-01,5.036136552000000099e-01,-5.930615900999999628e-03,-1.097234585000000061e-02
9.404233699999999807e-01,5.039080912000000190e-01,-6.429735829000000381e-03,-1.113725091999999937e-02
9.414233699999999816e-01,5.041953192000000472e-01,-7.314216674000000029e-03,-1.129261175000000061e-02
9.424233699999999825e-01,5.044546477000000362e-01,-9.135886060000000808e-03,-1.119129464999999921e-02
9.434233699999999834e-01,5.042249429999999810e-01,-1.119527329000000009e-02,-1.093261274000000005e-02
9.444233699999999843e-01,5.029827895999999798e-01,-1.301256454000000035e-02,-1.052940880999999988e-02
9.454233699999999851e-01,5.010175088999999637e-01,-1.423331704000000038e-02,-1.023030857999999987e-02
9.464233699999999860e-01,4.979346044999999887e-01,-1.412405857000000042e-02,-1.009194014000000007e-02
9.474233699999999869e-01,4.951534627999999993e-01,-1.320310681999999937e-02,-1.000906405000000048e-02
9.484233699999999878e-01,4.944287477000000042e-01,-1.164849014999999946e-02,-1.005877632999999972e-02
9.494233699999999887e-01,4.949254122000000256e-01,-9.943908120000000822e-03,-1.023694862999999927e-02
9.504233699999999896e-01,4.956149978000000123e-01,-8.364638484000000429e-03,-1.048449475000000006e-02
9.514233699999999905e-01,4.977068217000000239e-01,-6.914081742000000377e-03,-1.078350301999999976e-02
9.524233699999999914e-01,4.993667276000000044e-01,-5.944332810999999883e-03,-1.098922004999999986e-02
9.534233699999999923e-01,5.001864632000000421e-01,-5.093267268000000077e-03,-1.117518957000000063e-02
9.544233699999999931e-01,5.000630553999999561e-01,-3.992606477000000369e-03,-1.134117517000000040e-02
9.554233699999999940e-01,4.997352523999999963e-01,-2.983334575000000117e-03,-1.143967633999999969e-02
9.564233699999999949e-01,4.994815192000000015e-01,-2.704386323000000040e-03,-1.144108115000000078e-02
9.574233699999999958e-01,5.008584931999999768e-01,-3.024788909999999876e-03,-1.137073060999999920e-02
9.584233699999999967e-01,5.034378284999999620e-01,-3.419317205999999887e-03,-1.142985447999999953e-02
9.594233699999999976e-01,5.056129594999999588e-01,-4.454529877999999568e-03,-1.145788078999999959e-02
9.604233699999999985e-01,5.071343620999999580e-01,-6.560891489999999895e-03,-1.124080314000000004e-02
9.614233699999999994e-01,5.070200847000000399e-01,-9.361025502000000845e-03,-1.085792575000000051e-02
9.624233700000000002e-01,5.048838894999999605e-01,-1.248478306000000079e-02,-1.041820148000000001e-02
9.634233700000000011e-01,5.018149728999999892e-01,-1.513424076000000063e-02,-1.017240890999999980e-02
9.644233700000000020e-01,4.979310929999999913e-01,-1.641236476999999999e-02,-1.012362919999999951e-02
9.654233700000000029e-01,4.951522842000000146e-01,-1.669031386000000006e-02,-1.033475325000000021e-02
9.664233700000000038e-01,4.937857835000000195e-01,-1.613107069999999976e-02,-1.067805877000000021e-02
9.674233700000000047e-01,4.946253452000000106e-01,-1.473389773999999978e-02,-1.111639166999999970e-02
9.684233700000000056e-01,4.960611779999999915e-01,-1.300766603000000007e-02,-1.145866448999999926e-02
9.694233700000000065e-01,4.987719243000000025e-01,-1.089561617000000052e-02,-1.182167312999999990e-02
9.704233700000000074e-01,5.008257059999999816e-01,-8.845398685000000275e-03,-1.202548389000000079e-02
9.714233700000000082e-01,5.017286144999999475e-01,-6.837205532999999884e-03,-1.204949167999999973e-02
9.724233700000000091e-01,5.015878994000000368e-01,-4.668898192999999981e-03,-1.206197787999999972e-02
9.734233700000000100e-01,5.002932788999999714e-01,-2.657917336000000050e-03,-1.188963449999999936e-02
9.744233700000000109e-01,4.996338122000000270e-01,-1.487175756000000100e-03,-1.162294910999999917e-02
9.754233700000000118e-01,5.005915347999999598e-01,-1.188618837999999914e-03,-1.126412740999999974e-02
9.764233700000000127e-01,5.018997995999999739e-01,-1.247949692999999983e-03,-1.097658703999999930e-02
9.774233700000000136e-01,5.042435283999999740e-01,-2.231555876000000053e-03,-1.072115101000000077e-02
9.784233700000000145e-01,5.073530312999999792e-01,-4.274304292999999734e-03,-1.045223114000000050e-02
9.794233700000000153e-01,5.082259058000000440e-01,-7.338008156999999837e-03,-9.954471120000000714e-03
9.804233700000000162e-01,5.075398412999999609e-01,-1.057874483999999941e-02,-9.493413327999999582e-03
9.814233700000000171e-01,5.043440762999999993e-01,-1.359606759999999921e-02,-9.172231924999999647e-03
9.824233700000000180e-01,5.002441626000000419e-01,-1.582248685000000113e-02,-9.164605707999999920e-03
9.834233700000000189e-01,4.965291834000000182e-01,-1.665888255000000026e-02,-9.635360326000000364e-03
9.844233700000000198e-01,4.951978414000000051e-01,-1.637848877000000133e-02,-1.031989462999999968e-02
9.854233700000000207e-01,4.968167314999999973e-01,-1.522836166000000012e-02,-1.106849302000000035e-02
9.864233700000000216e-01,4.980567288000000148e-01,-1.395450133999999974e-02,-1.173138594999999923e-02
9.874233700000000225e-01,5.000946447999999878e-01,-1.198746797999999947e-02,-1.242238208999999968e-02
9.884233700000000233e-01,5.029562885999999677e-01,-9.640202153000000315e-03,-1.290804794000000033e-02
9.894233700000000242e-01,5.045124661000000010e-01,-7.253661996999999709e-03,-1.306832104999999973e-02
9.904233700000000251e-01,5.046666459999999965e-01,-4.470456180000000404e-03,-1.317077837000000043e-02
9.914233700000000260e-01,5.031234342999999498e-01,-1.874432999000000006e-03,-1.308995261999999944e-02
9.924233700000000269e-01,5.019922902000000242e-01,1.535285545000000047e-04,-1.289409421999999916e-02
9.934233700000000278e-01,5.012691095000000319e-01,1.066721627999999951e-03,-1.254871775999999960e-02
9.944233700000000287e-01,5.017790596000000214e-01,1.291983990999999964e-03,-1.217100976999999952e-02
9.954233700000000296e-01,5.025709198000000155e-01,8.060558014000000380e-04,-1.171046513999999920e-02
9.964233700000000304e-01,5.051560859999999487e-01,-5.822500949000000529e-04,-1.123922045000000022e-02
9.974233700000000313e-01,5.057840518999999757e-01,-3.252333668999999976e-03,-1.053329281000000076e-02
9.984233700000000322e-01,5.063089037000000348e-01,-6.369264573999999790e-03,-9.835864923000000801e-03
9.994233700000000331e-01,5.054169197000000224e-01,-9.373631501000000490e-03,-9.263343501999999133e-03
1.000423400000000074e+00,5.026783046999999671e-01,-1.168671938999999924e-02,-9.025688957999999235e-03
1.001423399999999964e+00,4.995211386000000253e-01,-1.305350362000000028e-02,-9.215275214000000215e-03
1.002423400000000075e+00,4.971920510000000237e-01,-1.346014000999999974e-02,-9.778964496000000853e-03
1.003423399999999965e+00,4.966825448000000143e-01,-1.387270344999999919e-02,-1.065502748999999985e-02
1.004423400000000077e+00,4.975607955999999943e-01,-1.371770591999999997e-02,-1.157085650000000063e-02
1.005423399999999967e+00,4.991503679000000027e-01,-1.316773517999999914e-02,-1.235581541000000012e-02
1.006423400000000079e+00,5.020553732000000435e-01,-1.229731373999999947e-02,-1.315072643000000062e-02
1.007423399999999969e+00,5.043022860000000440e-01,-1.135221691000000074e-02,-1.355731913999999941e-02
1.008423400000000081e+00,5.052623153999999950e-01,-9.758893492999999586e-03,-1.370306901999999993e-02
1.009423399999999971e+00,5.053704983000000261e-01,-7.532918173999999731e-03,-1.355723996999999917e-02
1.010423400000000083e+00,5.037833353999999764e-01,-5.565092980000000203e-03,-1.312773295000000014e-02
1.011423399999999972e+00,5.018382729000000486e-01,-4.072815694999999854e-03,-1.249397663000000047e-02
1.012423400000000084e+00,5.012959778000000144e-01,-2.861091278999999821e-03,-1.185842037999999994e-02
1.013423399999999974e+00,5.016251165999999762e-01,-1.910901864000000023e-03,-1.119242565999999973e-02
1.014423400000000086e+00,5.028456489000000529e-01,-1.915138801000000092e-03,-1.052254375999999922e-02
1.015423399999999976e+00,5.042791535999999741e-01,-2.991557737999999810e-03,-9.765294738000000405e-03
1.016423400000000088e+00,5.051426998000000390e-01,-4.729258499999999810e-03,-9.031359352999999979e-03
1.017423399999999978e+00,5.046528568999999464e-01,-6.805278268000000338e-03,-8.393087461000000790e-03
1.018423400000000090e+00,5.034259092999999741e-01,-8.736955802999999202e-03,-8.118962652999999960e-03
1.019423399999999980e+00,5.021491853999999755e-01,-9.864458281999999301e-03,-8.373268377000000345e-03
1.020423400000000091e+00,5.005694359000000260e-01,-1.017384902999999945e-02,-8.968520806000000040e-03
1.021423399999999981e+00,5.009071860999999570e-01,-1.037510045000000075e-02,-9.889070349000000579e-03
1.022423400000000093e+00,5.011145322000000180e-01,-1.069555544999999976e-02,-1.090397161000000031e-02
1.023423399999999983e+00,5.018041203999999977e-01,-1.094463134000000018e-02,-1.200335314999999986e-02
1.024423400000000095e+00,5.038323335000000069e-01,-1.104952810999999986e-02,-1.314368148000000062e-02
1.025423399999999985e+00,5.062825793999999879e-01,-1.067096797000000041e-02,-1.394537652000000030e-02
1.026423400000000097e+00,5.081771880000000019e-01,-9.901828054000000323e-03,-1.446600986000000019e-02
1.027423399999999987e+00,5.081617608999999813e-01,-8.378016074999999549e-03,-1.474894738000000032e-02
1.028423400000000099e+00,5.066353073999999568e-01,-6.672629563000000152e-03,-1.463480636000000050e-02
1.029423399999999988e+00,5.057323555999999609e-01,-4.980252077000000242e-03,-1.418368675999999960e-02
1.030423400000000100e+00,5.054318248000000402e-01,-3.456520929000000009e-03,-1.353345098999999933e-02
1.031423399999999990e+00,5.051226250999999445e-01,-2.203836549999999787e-03,-1.277223564999999984e-02
1.032423400000000102e+00,5.047830802999999644e-01,-1.741812096999999964e-03,-1.192551241999999928e-02
1.033423399999999992e+00,5.053265873000000186e-01,-2.299899475000000051e-03,-1.105578945999999979e-02
1.034423400000000104e+00,5.044391203000000434e-01,-3.747926647999999961e-03,-1.004314800000000001e-02
1.035423399999999994e+00,5.032999699000000327e-01,-5.531559307999999765e-03,-9.161661356000000075e-03
1.036423400000000106e+00,5.012474916000000391e-01,-7.164050384999999695e-03,-8.539154373000000867e-03
1.037423399999999996e+00,4.986044517000000065e-01,-8.119117174000000520e-03,-8.377081364000000044e-03
1.038423400000000107e+00,4.968989965999999758e-01,-8.331389333000000647e-03,-8.747457880000000102e-03
1.039423399999999997e+00,4.975746596999999771e-01,-8.346788585999999344e-03,-9.429781368000000191e-03
1.040423400000000109e+00,4.989733599999999769e-01,-8.214216255000000161e-03,-1.032315137000000028e-02
1.041423399999999999e+00,5.009347843000000466e-01,-8.332004280999999804e-03,-1.123359672999999989e-02
1.042423400000000111e+00,5.031581204999999724e-01,-8.583800120000000325e-03,-1.213726235999999965e-02
1.043423400000000001e+00,5.057533547000000462e-01,-9.282330829000000685e-03,-1.302546855000000052e-02
1.044423399999999891e+00,5.069313576999999738e-01,-1.020935109000000070e-02,-1.363276977000000070e-02
1.045423400000000003e+00,5.075297256999999895e-01,-1.019895569999999980e-02,-1.397596176000000072e-02
1.046423399999999893e+00,5.060968498000000260e-01,-9.780686480000000058e-03,-1.395403551000000061e-02
1.047423400000000004e+00,5.042862181999999693e-01,-9.425832946999999559e-03,-1.363801117000000042e-02
1.048423399999999894e+00,5.032886845999999803e-01,-8.763250889999999252e-03,-1.317831317000000071e-02
1.049423400000000006e+00,5.034007275999999864e-01,-7.763203393999999931e-03,-1.260374820999999972e-02
1.050423399999999896e+00,5.041782349000000218e-01,-6.864027592000000212e-03,-1.187961600000000083e-02
1.051423400000000008e+00,5.056722192000000504e-01,-6.584753389999999790e-03,-1.111769840999999974e-02
1.052423399999999898e+00,5.047555317999999902e-01,-7.089561333000000271e-03,-1.020264941999999946e-02
1.053423400000000010e+00,5.040140880000000267e-01,-7.685985773999999722e-03,-9.349585658000000507e-03
1.054423399999999900e+00,5.023502779999999834e-01,-8.096602421000000105e-03,-8.708732651999999408e-03
1.055423400000000012e+00,4.997280872000000040e-01,-8.279942075999999901e-03,-8.361575217999999560e-03
1.056423399999999901e+00,4.969786440999999777e-01,-7.660987660000000143e-03,-8.470430014000000091e-03
1.057423400000000013e+00,4.966789516999999821e-01,-6.795443073999999674e-03,-8.997285205000000313e-03
1.058423399999999903e+00,4.987878463000000040e-01,-5.994832597000000068e-03,-9.866358874999999959e-03
1.059423400000000015e+00,5.012144747000000233e-01,-5.818118601000000362e-03,-1.072180787000000073e-02
1.060423399999999905e+00,5.047039175999999960e-01,-5.715918401000000086e-03,-1.167097620999999960e-02
1.061423400000000017e+00,5.082897399000000371e-01,-5.823255993999999769e-03,-1.251595678999999940e-02
1.062423399999999907e+00,5.104972111000000146e-01,-6.669507358000000170e-03,-1.313567193999999952e-02
1.063423400000000019e+00,5.114404084000000461e-01,-7.495412477999999733e-03,-1.369816278000000019e-02
1.064423399999999909e+00,5.096623517999999686e-01,-8.194050121999999978e-03,-1.403618841999999985e-02
1.065423400000000020e+00,5.083408324999999506e-01,-8.658533257000000649e-03,-1.409765338999999923e-02
1.066423399999999910e+00,5.073432060000000465e-01,-8.878218385999999546e-03,-1.383904591000000017e-02
1.067423400000000022e+00,5.075159981000000320e-01,-8.794490255000000575e-03,-1.339886602000000052e-02
1.068423399999999912e+00,5.068054792999999725e-01,-8.503626748000000721e-03,-1.285480142000000083e-02
1.069423400000000024e+00,5.082189625999999905e-01,-8.297699065000000568e-03,-1.221300344000000003e-02
1.070423399999999914e+00,5.081146931000000144e-01,-8.707684489000000472e-03,-1.121823777999999931e-02
1.071423400000000026e+00,5.063619698000000335e-01,-9.079557030999999695e-03,-1.022309616000000032e-02
1.072423399999999916e+00,5.033421725000000180e-01,-9.448144473000000612e-03,-9.333036081999999956e-03
1.073423400000000028e+00,4.996873137000000242e-01,-9.399234862000000260e-03,-8.739121496999999184e-03
1.074423399999999917e+00,4.962518055999999844e-01,-8.349130902000000479e-03,-8.637542053000000011e-03
1.075423400000000029e+00,4.943025450999999904e-01,-6.807191473999999604e-03,-8.962831337000000051e-03
1.076423399999999919e+00,4.947966033000000263e-01,-5.435201009000000145e-03,-9.534052516999999560e-03
1.077423400000000031e+00,4.966490516000000022e-01,-4.403491964000000314e-03,-1.026930459000000018e-02
1.078423399999999921e+00,4.985883415999999846e-01,-3.946851173000000094e-03,-1.094082790999999916e-02
1.079423400000000033e+00,5.040652966999999984e-01,-3.766926862999999889e-03,-1.181749615999999961e-02
1.080423399999999923e+00,5.072651668000000003e-01,-4.166980316999999850e-03,-1.231685000000000071e-02
1.081423400000000035e+00,5.093877233000000393e-01,-4.752618081000000230e-03,-1.270300786999999966e-02
1.082423399999999925e+00,5.100091162000000011e-01,-5.392545692000000161e-03,-1.295306459999999958e-02
1.083423400000000036e+00,5.085592305999999674e-01,-6.706639250000000219e-03,-1.303972408999999957e-02
1.084423399999999926e+00,5.063516084000000417e-01,-8.198389446999999886e-03,-1.304866936999999998e-02
1.085423400000000038e+00,5.058291388000000222e-01,-9.213070566000000627e-03,-1.304172848000000051e-02
1.086423399999999928e+00,5.049883542999999975e-01,-9.676224698999999138e-03,-1.286770479999999918e-02
1.087423400000000040e+00,5.061790599000000057e-01,-1.006169342000000008e-02,-1.261700085000000068e-02
1.088423399999999930e+00,5.062879912000000093e-01,-1.075083318000000059e-02,-1.210434114999999963e-02
1.089423400000000042e+00,5.066660183000000206e-01,-1.130908039999999927e-02,-1.145423347999999925e-02
1.090423399999999932e+00,5.057816335000000496e-01,-1.128610325000000032e-02,-1.073268823999999969e-02
1.091423400000000044e+00,5.027499490000000293e-01,-1.100583888999999947e-02,-1.004839402000000034e-02
1.092423399999999933e+00,4.989112320999999906e-01,-9.776157078999999847e-03,-9.727434602000000277e-03
1.093423400000000045e+00,4.959532099999999777e-01,-7.844319505999999484e-03,-9.709382500000000513e-03
1.094423399999999935e+00,4.956264927999999848e-01,-5.829966378999999581e-03,-9.952654365999999420e-03
1.095423400000000047e+00,4.968663864000000263e-01,-4.313772797000000291e-03,-1.029363175000000061e-02
1.096423399999999937e+00,4.994677393999999993e-01,-3.303709397999999870e-03,-1.071754266999999997e-02
1.097423400000000049e+00,5.033887082000000346e-01,-2.655338731999999820e-03,-1.131687540999999977e-02
1.098423399999999939e+00,5.066911775000000340e-01,-2.529448742000000184e-03,-1.180614586000000056e-02
1.099423400000000051e+00,5.109519717999999600e-01,-3.202560736999999786e-03,-1.224417117999999916e-02
1.100423399999999940e+00,5.119623488000000222e-01,-3.819293452000000009e-03,-1.251262879000000078e-02
1.101423400000000052e+00,5.117360363999999828e-01,-4.423449771000000259e-03,-1.267940206000000083e-02
1.102423399999999942e+00,5.111740080000000130e-01,-5.574761345999999611e-03,-1.275166083999999984e-02
1.103423400000000054e+00,5.105048583000000306e-01,-7.286574772999999602e-03,-1.275272329000000024e-02
1.104423399999999944e+00,5.093188589999999571e-01,-9.012725835000000643e-03,-1.277155127000000057e-02
1.105423400000000056e+00,5.092800828000000335e-01,-1.040631348000000019e-02,-1.282183559000000042e-02
1.106423399999999946e+00,5.089259053000000366e-01,-1.174645048999999920e-02,-1.249373141000000020e-02
1.107423400000000058e+00,5.084199343999999954e-01,-1.284600932999999980e-02,-1.195299302999999931e-02
1.108423399999999948e+00,5.058912735999999688e-01,-1.371095525000000023e-02,-1.125081984999999965e-02
1.109423400000000060e+00,5.033817395999999889e-01,-1.414222862999999983e-02,-1.054619769999999915e-02
1.110423399999999949e+00,5.003465854999999962e-01,-1.302927027999999966e-02,-1.005116131000000079e-02
1.111423400000000061e+00,4.968965202999999775e-01,-1.092505183999999997e-02,-9.885397133000000530e-03
1.112423399999999951e+00,4.942704668999999829e-01,-8.599485514999999705e-03,-9.870808462999999464e-03
1.113423400000000063e+00,4.943767702999999902e-01,-6.501356201000000300e-03,-1.013100785000000011e-02
1.114423399999999953e+00,4.954991326000000029e-01,-4.929174233000000079e-03,-1.035343749999999979e-02
1.115423400000000065e+00,4.979336034999999883e-01,-3.397399706999999942e-03,-1.075238073000000030e-02
1.116423399999999955e+00,5.015741939000000205e-01,-2.483851002000000020e-03,-1.114860835999999938e-02
1.117423400000000067e+00,5.045225255999999936e-01,-2.218004761999999973e-03,-1.145004380999999939e-02
1.118423399999999956e+00,5.063818118999999784e-01,-2.060163062000000024e-03,-1.170889636999999928e-02
1.119423400000000068e+00,5.074308093999999603e-01,-2.268736095999999980e-03,-1.188699330999999984e-02
1.120423399999999958e+00,5.076969818000000023e-01,-2.853240222999999919e-03,-1.198569761999999927e-02
1.121423400000000070e+00,5.079737055999999917e-01,-3.449548397999999908e-03,-1.203213025999999922e-02
1.122423399999999960e+00,5.082686239000000494e-01,-4.357296699000000328e-03,-1.207080406999999980e-02
1.123423400000000072e+00,5.092610645999999797e-01,-5.919416462000000149e-03,-1.223973360000000024e-02
1.124423399999999962e+00,5.092973444999999710e-01,-8.104965707000000644e-03,-1.230995376000000065e-02
1.125423400000000074e+00,5.099323329999999599e-01,-1.051697776999999979e-02,-1.221685800999999967e-02
1.126423399999999964e+00,5.085094276999999607e-01,-1.243335337000000054e-02,-1.189628392000000034e-02
1.127423400000000075e+00,5.061690544000000402e-01,-1.374532309999999986e-02,-1.142370885999999947e-02
1.128423399999999965e+00,5.027337041999999645e-01,-1.415613089999999928e-02,-1.106154636999999961e-02
1.129423400000000077e+00,4.992814265000000140e-01,-1.327321277000000077e-02,-1.093252972000000045e-02
1.130423399999999967e+00,4.976018276999999990e-01,-1.137266881999999917e-02,-1.091588465000000070e-02
1.131423400000000079e+00,4.974657255000000111e-01,-9.417480205000000257e-03,-1.101437968999999933e-02
1.132423399999999969e+00,4.975944111999999753e-01,-7.849461158999999216e-03,-1.111524722000000083e-02
1.133423400000000081e+00,4.992294641000000199e-01,-6.113499122999999612e-03,-1.132041628000000043e-02
1.134423399999999971e+00,5.027268999999999766e-01,-4.520217194000000077e-03,-1.156527369000000076e-02
1.135423400000000083e+00,5.056276557000000116e-01,-3.503585112000000019e-03,-1.163118150999999968e-02
1.136423399999999972e+00,5.071615246999999771e-01,-2.747589764999999913e-03,-1.159709039000000018e-02
1.137423400000000084e+00,5.078288149999999890e-01,-2.181358603000000188e-03,-1.160704876999999954e-02
1.138423399999999974e+00,5.080656979000000018e-01,-2.085119244000000188e-03,-1.158898746000000014e-02
1.139423400000000086e+00,5.090679028000000272e-01,-2.539954454000000004e-03,-1.156512640999999945e-02
1.140423399999999976e+00,5.100833299000000487e-01,-3.365443990000000028e-03,-1.153918588999999946e-02
1.141423400000000088e+00,5.108299320000000421e-01,-4.142414888000000434e-03,-1.153747806999999917e-02
1.142423399999999978e+00,5.122563343999999574e-01,-5.714978479000000153e-03,-1.150097117999999974e-02
1.143423400000000090e+00,5.124992986999999944e-01,-8.327284839999999147e-03,-1.136011833999999929e-02
1.144423399999999980e+00,5.107944205000000126e-01,-1.119405247000000020e-02,-1.119543349999999916e-02
1.145423400000000091e+00,5.079010366999999748e-01,-1.409458134000000050e-02,-1.089295625999999947e-02
1.146423399999999981e+00,5.034916959999999886e-01,-1.559270335999999972e-02,-1.070115894000000026e-02
1.147423400000000093e+00,4.997145531000000140e-01,-1.535580505999999991e-02,-1.075619784999999953e-02
1.148423399999999983e+00,4.966459216999999926e-01,-1.418435097999999964e-02,-1.097303087999999989e-02
1.149423400000000095e+00,4.961115166999999770e-01,-1.263506315000000046e-02,-1.125506100999999932e-02
1.150423399999999985e+00,4.965048723000000108e-01,-1.089903444000000013e-02,-1.145171088999999941e-02
1.151423400000000097e+00,4.980848052999999886e-01,-8.689663971999999834e-03,-1.171376470000000045e-02
1.152423399999999987e+00,5.003486562000000193e-01,-6.629464495000000034e-03,-1.197465005999999964e-02
1.153423400000000099e+00,5.022371763999999850e-01,-4.874014149999999698e-03,-1.203263570000000053e-02
1.154423399999999988e+00,5.038797433999999686e-01,-3.218474332999999785e-03,-1.196317730999999981e-02
1.155423400000000100e+00,5.043435460999999842e-01,-1.801884540999999914e-03,-1.182908482999999941e-02
1.156423399999999990e+00,5.039440337999999686e-01,-8.265733448000000096e-04,-1.158368195999999982e-02
1.157423400000000102e+00,5.040907332999999824e-01,-3.232717323999999975e-04,-1.137001164999999932e-02
1.158423399999999992e+00,5.049110489999999452e-01,-2.103516131000000009e-04,-1.124273121999999972e-02
1.159423400000000104e+00,5.069883158000000334e-01,-5.926271423999999706e-04,-1.122917202000000073e-02
1.160423399999999994e+00,5.092928721999999686e-01,-1.633161516000000051e-03,-1.122272703000000080e-02
1.161423400000000106e+00,5.114374914000000549e-01,-3.543233894000000130e-03,-1.102021559000000012e-02
1.162423399999999996e+00,5.121225211000000055e-01,-5.799721895000000196e-03,-1.074015558000000065e-02
1.163423400000000107e+00,5.109166389999999502e-01,-8.866072128000000371e-03,-1.050926551000000084e-02
1.164423399999999997e+00,5.079114871000000031e-01,-1.169524255000000020e-02,-1.050862131999999970e-02
1.165423400000000109e+00,5.042400646000000375e-01,-1.332807404000000036e-02,-1.076481575000000010e-02
1.166423399999999999e+00,5.003164584000000525e-01,-1.390467530000000056e-02,-1.111949360000000046e-02
1.167423400000000111e+00,4.998764792000000012e-01,-1.363821701000000018e-02,-1.157482792999999996e-02
1.168423400000000001e+00,5.001291059000000372e-01,-1.295443255000000050e-02,-1.194174062999999938e-02
1.169423399999999891e+00,5.013392026999999862e-01,-1.206769077000000023e-02,-1.227010897000000052e-02
1.170423400000000003e+00,5.039535494000000337e-01,-1.043428195999999974e-02,-1.256412940999999950e-02
1.171423399999999893e+00,5.058215069000000508e-01,-8.671977416999999619e-03,-1.267932222999999976e-02
1.172423400000000004e+00,5.061657496000000478e-01,-6.832486611000000189e-03,-1.265369025999999938e-02
1.173423399999999894e+00,5.053557935000000390e-01,-4.644789253000000152e-03,-1.249410352000000085e-02
1.174423400000000006e+00,5.046356066999999612e-01,-2.741478342999999814e-03,-1.226510383999999954e-02
1.175423399999999896e+00,5.050257135000000286e-01,-1.368485092000000080e-03,-1.198954619000000034e-02
1.176423400000000008e+00,5.053672862000000432e-01,-4.753899748999999733e-04,-1.163074187999999995e-02
1.177423399999999898e+00,5.067723024000000409e-01,-1.031455609999999972e-04,-1.135754194999999932e-02
1.178423400000000010e+00,5.084887468000000021e-01,-5.299817629999999937e-04,-1.111941645000000083e-02
1.179423399999999900e+00,5.107188697000000221e-01,-2.238795731000000136e-03,-1.077139040000000061e-02
1.180423400000000012e+00,5.114183410999999513e-01,-4.437340219999999676e-03,-1.037902381999999957e-02
1.181423399999999901e+00,5.102565493999999813e-01,-7.284972146000000086e-03,-9.802075291999999204e-03
1.182423400000000013e+00,5.076367189999999585e-01,-9.559175932999999792e-03,-9.498774546000000180e-03
1.183423399999999903e+00,5.045814924000000534e-01,-1.134269069999999970e-02,-9.692103924000000301e-03
1.184423400000000015e+00,5.017741334999999969e-01,-1.260160981000000083e-02,-1.027086185999999922e-02
1.185423399999999905e+00,5.002807451999999877e-01,-1.353588430999999939e-02,-1.097865467000000081e-02
1.186423400000000017e+00,4.992068512999999763e-01,-1.372858071999999950e-02,-1.162135951999999917e-02
1.187423399999999907e+00,5.002964444999999927e-01,-1.313441534000000036e-02,-1.221474837000000035e-02
1.188423400000000019e+00,5.018113284999999868e-01,-1.184430105000000046e-02,-1.276535158999999968e-02
1.189423399999999909e+00,5.039002105000000009e-01,-1.024350295999999945e-02,-1.308572256999999961e-02
1.190423400000000020e+00,5.050766353000000208e-01,-8.308691479999999810e-03,-1.312865138000000008e-02
1.191423399999999910e+00,5.048960676999999508e-01,-6.000330675000000238e-03,-1.297875962000000043e-02
1.192423400000000022e+00,5.033994308000000473e-01,-4.095495814000000429e-03,-1.264817596000000072e-02
1.193423399999999912e+00,5.021948574000000276e-01,-2.511651951999999827e-03,-1.218126364999999947e-02
1.194423400000000024e+00,5.019452698999999907e-01,-1.159206084999999959e-03,-1.168003471999999945e-02
1.195423399999999914e+00,5.031615310000000507e-01,-2.032483712999999992e-04,-1.122167668999999972e-02
1.196423400000000026e+00,5.050042771999999625e-01,-1.075078713999999948e-04,-1.079389197000000036e-02
1.197423399999999916e+00,5.073776862000000110e-01,-1.150948756999999956e-03,-1.033086702000000044e-02
1.198423400000000028e+00,5.088329839999999882e-01,-2.757461872000000098e-03,-9.874698491000000536e-03
1.199423399999999917e+00,5.098055576000000144e-01,-5.148971579999999867e-03,-9.411235679999999451e-03
1.200423400000000029e+00,5.082568433999999913e-01,-7.518532068000000242e-03,-9.085063290999999264e-03
1.201423399999999919e+00,5.062838000999999588e-01,-8.749545767999999599e-03,-9.152544804999999256e-03
1.202423400000000031e+00,5.038327233999999599e-01,-9.449007108000000155e-03,-9.549921825000000017e-03
1.203423399999999921e+00,5.035909741999999856e-01,-1.051767487999999938e-02,-1.033546247000000085e-02
1.204423400000000033e+00,5.040729083999999638e-01,-1.154116684000000038e-02,-1.122283760999999956e-02
1.205423399999999923e+00,5.052247544000000312e-01,-1.260578149000000057e-02,-1.205519941999999914e-02
1.206423400000000035e+00,5.062842480999999450e-01,-1.260251712999999919e-02,-1.288073235999999920e-02
1.207423399999999925e+00,5.080381985999999905e-01,-1.198518806000000055e-02,-1.347252170000000013e-02
1.208423400000000036e+00,5.083356235999999528e-01,-1.081232736999999944e-02,-1.377213078000000084e-02
1.209423399999999926e+00,5.076573648000000105e-01,-8.925471505999999638e-03,-1.381620140999999941e-02
1.210423400000000038e+00,5.063140189999999485e-01,-6.848179961999999871e-03,-1.361562891999999921e-02
1.211423399999999928e+00,5.054316884999999759e-01,-5.156055357999999970e-03,-1.329347967000000033e-02
1.212423400000000040e+00,5.045130666999999569e-01,-3.608799111000000198e-03,-1.279299704999999933e-02
1.213423399999999930e+00,5.044745572000000067e-01,-2.317958632999999810e-03,-1.213275234999999959e-02
1.214423400000000042e+00,5.057422907999999939e-01,-1.749386778000000054e-03,-1.149419668000000068e-02
1.215423399999999932e+00,5.072002870999999802e-01,-2.205515799000000183e-03,-1.075325845999999981e-02
1.216423400000000044e+00,5.075904527000000277e-01,-3.330621501999999918e-03,-9.947599264000000358e-03
1.217423399999999933e+00,5.070529319000000035e-01,-5.206430395000000329e-03,-9.163871183999999781e-03
1.218423400000000045e+00,5.052061370999999523e-01,-7.073503941000000225e-03,-8.576503657000000488e-03
1.219423399999999935e+00,5.037086719000000157e-01,-8.370779409000000601e-03,-8.466234370999999384e-03
1.220423400000000047e+00,5.020682665000000267e-01,-8.889963464999999301e-03,-8.832658953000000271e-03
1.221423399999999937e+00,5.019822211000000145e-01,-9.017026286000000626e-03,-9.463774089999999958e-03
1.222423400000000049e+00,5.027548598000000091e-01,-9.343621490999999210e-03,-1.027928648999999924e-02
1.223423399999999939e+00,5.037727951999999565e-01,-1.001180337999999989e-02,-1.124657607000000004e-02
1.224423400000000051e+00,5.054057039999999557e-01,-1.047014918999999988e-02,-1.235806277000000078e-02
1.225423399999999940e+00,5.072266777999999698e-01,-1.067588855999999919e-02,-1.332565215000000060e-02
1.226423400000000052e+00,5.078689803000000502e-01,-1.029761470999999984e-02,-1.394357679999999947e-02
1.227423399999999942e+00,5.070545923999999482e-01,-9.105667971000000471e-03,-1.420744531000000047e-02
1.228423400000000054e+00,5.059820279000000198e-01,-7.604532185999999909e-03,-1.419083779000000073e-02
1.229423399999999944e+00,5.044020834000000342e-01,-6.351901343999999568e-03,-1.378295596999999997e-02
1.230423400000000056e+00,5.031446736000000364e-01,-4.823309417999999647e-03,-1.321809328000000082e-02
1.231423399999999946e+00,5.026618147000000425e-01,-3.573055146000000178e-03,-1.257005138000000070e-02
1.232423400000000058e+00,5.029817711999999830e-01,-2.862019327999999925e-03,-1.186953452000000069e-02
1.233423399999999948e+00,5.039987248999999725e-01,-2.983959933000000179e-03,-1.100824597000000030e-02
1.234423400000000060e+00,5.048122234999999902e-01,-3.664439349000000144e-03,-1.014255084999999938e-02
1.235423399999999949e+00,5.056146674000000507e-01,-4.868041065999999771e-03,-9.294394574999999964e-03
1.236423400000000061e+00,5.041227860000000449e-01,-6.322007515000000258e-03,-8.545479874999999462e-03
1.237423399999999951e+00,5.020938710000000249e-01,-7.064680961999999891e-03,-8.304467362999999255e-03
1.238423400000000063e+00,5.002405413999999606e-01,-7.177359856000000392e-03,-8.529922251000000843e-03
1.239423399999999953e+00,5.009156621999999448e-01,-7.324318205999999845e-03,-9.121377207000000431e-03
1.240423400000000065e+00,5.032191499000000512e-01,-7.279143372000000320e-03,-9.971272296000000326e-03
1.241423399999999955e+00,5.056200794999999859e-01,-7.505909952000000378e-03,-1.071098300000000031e-02
1.242423400000000067e+00,5.080716563999999602e-01,-7.690046084999999955e-03,-1.165623447999999951e-02
1.243423399999999956e+00,5.111935882000000486e-01,-8.255329522999999697e-03,-1.277542077000000040e-02
1.244423400000000068e+00,5.128598477000000377e-01,-8.753112815000000171e-03,-1.366474487000000036e-02
1.245423399999999958e+00,5.116203497000000322e-01,-8.973946373999999379e-03,-1.426141853999999924e-02
1.246423400000000070e+00,5.097684770000000531e-01,-8.438647949999999315e-03,-1.457400311999999983e-02
1.247423399999999960e+00,5.076731493999999678e-01,-7.666019522000000128e-03,-1.445262180999999993e-02
1.248423400000000072e+00,5.064527168000000357e-01,-6.827001848999999720e-03,-1.411673090000000082e-02
1.249423399999999962e+00,5.063407155000000381e-01,-6.028313956999999633e-03,-1.350744457999999981e-02
1.250423400000000074e+00,5.062040764999999887e-01,-5.536835262000000188e-03,-1.267603420999999925e-02
1.251423399999999964e+00,5.064668369999999475e-01,-5.850185800999999769e-03,-1.176244264000000060e-02
1.252423400000000075e+00,5.052896383999999630e-01,-6.518940951000000081e-03,-1.069828612000000082e-02
1.253423399999999965e+00,5.040891910999999448e-01,-7.381844955999999902e-03,-9.636729695000000387e-03
1.254423400000000077e+00,5.020945909999999790e-01,-8.340214990000000689e-03,-8.629676299999999856e-03
1.255423399999999967e+00,4.997798276000000040e-01,-8.599875010999999403e-03,-8.070359201000000537e-03
1.256423400000000079e+00,4.978737804999999739e-01,-8.044447007999999677e-03,-8.033289755999999462e-03
1.257423399999999969e+00,4.975440113999999858e-01,-7.153469653000000400e-03,-8.480941716999999824e-03
1.258423400000000081e+00,4.992937760999999752e-01,-6.402445397999999809e-03,-9.259519928000000538e-03
1.259423399999999971e+00,5.018017576000000091e-01,-5.908260111999999800e-03,-1.017460719999999964e-02
1.260423400000000083e+00,5.048894892999999939e-01,-5.206376502000000135e-03,-1.119256993999999915e-02
1.261423399999999972e+00,5.081830242999999525e-01,-4.635031894999999853e-03,-1.214589898000000001e-02
1.262423400000000084e+00,5.107589445000000339e-01,-4.508412651999999833e-03,-1.302570666999999967e-02
1.263423399999999974e+00,5.116510693000000387e-01,-4.787402661000000025e-03,-1.383287277999999988e-02
1.264423400000000086e+00,5.110325954000000115e-01,-4.988646531999999835e-03,-1.443326793999999934e-02
1.265423399999999976e+00,5.081165978999999666e-01,-5.486614084999999995e-03,-1.455086438000000038e-02
1.266423400000000088e+00,5.061935043999999939e-01,-5.740076172999999948e-03,-1.440326901000000062e-02
1.267423399999999978e+00,5.048408036999999515e-01,-5.770637519000000430e-03,-1.394517598999999927e-02
1.268423400000000090e+00,5.046626826000000232e-01,-5.903815720000000350e-03,-1.334093291999999958e-02
1.269423399999999980e+00,5.055818129000000383e-01,-6.551087161000000367e-03,-1.245943744000000027e-02
1.270423400000000091e+00,5.051527404000000221e-01,-7.450835311000000329e-03,-1.139476988999999982e-02
1.271423399999999981e+00,5.045206129999999511e-01,-8.548507433000000766e-03,-1.041211256000000064e-02
1.272423400000000093e+00,5.020921333000000208e-01,-9.493992127999999198e-03,-9.408113528000000558e-03
1.273423399999999983e+00,4.993753694999999992e-01,-9.516675913000000736e-03,-8.749474263000000390e-03
1.274423400000000095e+00,4.971955196000000243e-01,-8.459462730999999305e-03,-8.555022072000000380e-03
1.275423399999999985e+00,4.965206098000000123e-01,-7.084823847999999723e-03,-8.775580140999999709e-03
1.276423400000000097e+00,4.989697537000000183e-01,-5.627364240000000059e-03,-9.379611456999999847e-03
1.277423399999999987e+00,5.010804724999999848e-01,-4.610976012000000089e-03,-1.000834228999999964e-02
1.278423400000000099e+00,5.048834949999999600e-01,-3.868408153000000085e-03,-1.083235712999999940e-02
1.279423399999999988e+00,5.093214367999999714e-01,-3.264560248999999990e-03,-1.181646301999999919e-02
1.280423400000000100e+00,5.125758994000000346e-01,-2.876542043999999985e-03,-1.262719022000000080e-02
1.281423399999999990e+00,5.131360893999999950e-01,-2.752027752999999799e-03,-1.318265235999999986e-02
1.282423400000000102e+00,5.128842592000000256e-01,-2.931667487999999998e-03,-1.373888405999999958e-02
1.283423399999999992e+00,5.121450139000000013e-01,-3.887354323999999989e-03,-1.412876423000000020e-02
1.284423400000000104e+00,5.110896324999999463e-01,-5.189885372000000233e-03,-1.425767583999999928e-02
1.285423399999999994e+00,5.097644243000000186e-01,-6.607767930999999817e-03,-1.412685254999999918e-02
1.286423400000000106e+00,5.090926266999999950e-01,-8.027044431000000119e-03,-1.366353598999999960e-02
1.287423399999999996e+00,5.089549369000000434e-01,-9.347226285999999870e-03,-1.291571975000000046e-02
1.288423400000000107e+00,5.077168543000000200e-01,-1.082128593000000055e-02,-1.191382596000000078e-02
1.289423399999999997e+00,5.062509399000000299e-01,-1.192699956000000013e-02,-1.084344926000000049e-02
1.290423400000000109e+00,5.027483939000000346e-01,-1.288501312000000024e-02,-9.703542904999999316e-03
1.291423399999999999e+00,4.988775335000000255e-01,-1.304527274999999972e-02,-8.953880804999999818e-03
1.292423400000000111e+00,4.951180436000000018e-01,-1.181237981000000069e-02,-8.631838375000000854e-03
1.293423400000000001e+00,4.943200672999999989e-01,-9.615729457000000285e-03,-8.804123587999999889e-03
1.294423399999999891e+00,4.956501806999999982e-01,-7.208815262000000182e-03,-9.260492021000000726e-03
1.295423400000000003e+00,4.977479764000000140e-01,-5.167131257999999991e-03,-9.904023151000000344e-03
1.296423399999999893e+00,5.007841807999999784e-01,-3.134588387999999969e-03,-1.073386609999999949e-02
1.297423400000000004e+00,5.042565035999999612e-01,-1.526923076000000039e-03,-1.156203203000000061e-02
1.298423399999999894e+00,5.080131190000000130e-01,-5.890872252999999762e-04,-1.231192794000000000e-02
1.299423400000000006e+00,5.105916728999999599e-01,3.089067388000000321e-05,-1.293774783000000046e-02
1.300423399999999896e+00,5.107717876999999795e-01,5.884156945000000539e-04,-1.334480524999999938e-02
1.301423400000000008e+00,5.105378718999999954e-01,2.596264823999999889e-04,-1.351607334000000035e-02
1.302423399999999898e+00,5.098555861000000355e-01,-9.201742416000000457e-04,-1.355934418000000023e-02
1.303423400000000010e+00,5.098177417000000489e-01,-2.803399735999999916e-03,-1.352837160999999927e-02
1.304423399999999900e+00,5.094396435000000389e-01,-4.957123001999999903e-03,-1.337032275000000006e-02
1.305423400000000012e+00,5.094168798000000553e-01,-7.329449160999999824e-03,-1.295016786000000031e-02
1.306423399999999901e+00,5.087471671000000084e-01,-9.786732761000000239e-03,-1.223506597000000029e-02
1.307423400000000013e+00,5.076178341000000538e-01,-1.167455773000000002e-02,-1.133838747000000084e-02
1.308423399999999903e+00,5.051080540000000285e-01,-1.317826809999999953e-02,-1.040535241999999971e-02
1.309423400000000015e+00,5.014861631000000486e-01,-1.351741235999999978e-02,-9.630922571999999543e-03
1.310423399999999905e+00,4.977512228000000039e-01,-1.259181099000000054e-02,-9.351530498999999566e-03
1.311423400000000017e+00,4.955370024999999901e-01,-1.078670663000000016e-02,-9.443911800999999981e-03
1.312423399999999907e+00,4.963241469999999933e-01,-8.526944808000000084e-03,-9.835775825000000333e-03
1.313423400000000019e+00,4.981571418999999890e-01,-6.373827022999999786e-03,-1.032008350999999956e-02
1.314423399999999909e+00,5.011582620000000210e-01,-4.558049621000000336e-03,-1.087370602000000026e-02
1.315423400000000020e+00,5.054069013999999971e-01,-2.698408078999999914e-03,-1.162637889000000049e-02
1.316423399999999910e+00,5.085977139999999785e-01,-1.397269591000000052e-03,-1.225243361999999933e-02
1.317423400000000022e+00,5.102853926000000540e-01,-4.846729586000000077e-04,-1.275616178999999968e-02
1.318423399999999912e+00,5.111365070000000177e-01,1.443770071000000078e-04,-1.319317063000000068e-02
1.319423400000000024e+00,5.109883658999999634e-01,2.278112602999999973e-04,-1.333760886000000083e-02
1.320423399999999914e+00,5.110347407999999980e-01,-1.897679040999999988e-04,-1.333705831999999931e-02
1.321423400000000026e+00,5.114351387000000138e-01,-1.431253220999999937e-03,-1.318644711999999997e-02
1.322423399999999916e+00,5.125370500999999468e-01,-3.568912492999999804e-03,-1.304612970000000073e-02
1.323423400000000028e+00,5.137077314000000339e-01,-6.338457211000000056e-03,-1.270361939000000037e-02
1.324423399999999917e+00,5.127141753999999718e-01,-9.493897661999999363e-03,-1.214579552999999965e-02
1.325423400000000029e+00,5.104904544999999683e-01,-1.235198518000000037e-02,-1.139895131999999964e-02
1.326423399999999919e+00,5.068329469000000254e-01,-1.470726626000000078e-02,-1.057391551000000027e-02
1.327423400000000031e+00,5.023995339000000282e-01,-1.579672021000000023e-02,-9.839186907999999607e-03
1.328423399999999921e+00,4.979647645999999983e-01,-1.526686944999999969e-02,-9.450865936999999425e-03
1.329423400000000033e+00,4.950443695000000255e-01,-1.338856847000000072e-02,-9.510871300999999833e-03
1.330423399999999923e+00,4.947366295000000247e-01,-1.095113839999999929e-02,-9.937540602000000112e-03
1.331423400000000035e+00,4.952135451999999938e-01,-8.528093025000000812e-03,-1.044198818999999938e-02
1.332423399999999925e+00,4.966815627000000233e-01,-6.099811087000000208e-03,-1.101417187999999964e-02
1.333423400000000036e+00,5.005938965999999768e-01,-3.500200781000000101e-03,-1.167968152999999953e-02
1.334423399999999926e+00,5.038682303999999501e-01,-1.570751455999999917e-03,-1.217862010000000071e-02
1.335423400000000038e+00,5.067102117999999766e-01,-1.310580779999999944e-05,-1.253832650999999951e-02
1.336423399999999928e+00,5.075127203000000531e-01,1.352843990000000005e-03,-1.276416938000000077e-02
1.337423400000000040e+00,5.080757629000000053e-01,1.937460193000000103e-03,-1.283700760999999940e-02
1.338423399999999930e+00,5.077952309000000053e-01,1.645796492999999916e-03,-1.266898659000000038e-02
1.339423370000000002e+00,5.083329347999999692e-01,9.704437176999999946e-04,-1.243543675000000071e-02
1.340423369999999892e+00,5.090272357999999775e-01,-3.019857536000000058e-04,-1.215538958000000024e-02
1.341423370000000004e+00,5.108693832999999795e-01,-2.451039001999999901e-03,-1.190395181000000052e-02
1.342423369999999894e+00,5.123722966000000545e-01,-5.645071764999999749e-03,-1.157977611999999948e-02
1.343423370000000006e+00,5.120033492000000130e-01,-8.917234051999999370e-03,-1.120318531000000055e-02
1.344423369999999895e+00,5.098284989000000378e-01,-1.202430644999999930e-02,-1.075347228999999974e-02
1.345423370000000007e+00,5.059462755000000422e-01,-1.443676749999999939e-02,-1.034257625999999985e-02
1.346423369999999897e+00,5.020579331000000201e-01,-1.492951493000000025e-02,-1.029847968000000002e-02
1.347423370000000009e+00,4.983022013999999777e-01,-1.399496966000000030e-02,-1.041206534999999933e-02
1.348423369999999899e+00,4.978796323999999940e-01,-1.231828174999999997e-02,-1.076357575000000052e-02
1.349423370000000011e+00,4.980631551999999962e-01,-1.014907077999999997e-02,-1.121916446999999921e-02
1.350423369999999901e+00,4.991738566000000210e-01,-8.358867001999999852e-03,-1.163298611999999919e-02
1.351423370000000013e+00,5.017663757000000446e-01,-6.089775692999999795e-03,-1.216205933000000065e-02
1.352423369999999903e+00,5.047552375999999619e-01,-3.945101795000000196e-03,-1.260673988000000044e-02
1.353423370000000014e+00,5.073018841999999973e-01,-1.966032876999999901e-03,-1.285515660000000060e-02
1.354423369999999904e+00,5.082804779999999800e-01,-2.703886632000000040e-04,-1.300302901000000011e-02
1.355423370000000016e+00,5.082418271999999959e-01,9.267545386000000055e-04,-1.295809493999999958e-02
1.356423369999999906e+00,5.081434615000000043e-01,1.378602754000000062e-03,-1.277153699999999947e-02
1.357423370000000018e+00,5.086753158000000274e-01,9.406164892999999529e-04,-1.244066138999999974e-02
1.358423369999999908e+00,5.102912296999999597e-01,-4.548988035999999868e-05,-1.209523765000000001e-02
1.359423370000000020e+00,5.119525415000000246e-01,-1.817225020999999920e-03,-1.162644422999999962e-02
1.360423369999999910e+00,5.135926213999999490e-01,-4.509027100999999683e-03,-1.111415305999999964e-02
1.361423370000000022e+00,5.131221899000000253e-01,-7.633516550000000317e-03,-1.059620879000000050e-02
1.362423369999999911e+00,5.117941097999999522e-01,-1.102281930000000021e-02,-1.014834034000000086e-02
1.363423370000000023e+00,5.090493801000000040e-01,-1.387018026000000001e-02,-9.882899763999999226e-03
1.364423369999999913e+00,5.037738311999999663e-01,-1.548112762000000003e-02,-9.857244525999999882e-03
1.365423370000000025e+00,5.000332165999999967e-01,-1.549112360999999917e-02,-1.017243668999999982e-02
1.366423369999999915e+00,4.982469697999999947e-01,-1.422157087000000021e-02,-1.070514866999999933e-02
1.367423370000000027e+00,4.977893755999999725e-01,-1.221381097000000075e-02,-1.128269301000000072e-02
1.368423369999999917e+00,4.978976606000000138e-01,-1.000336603999999949e-02,-1.175637390999999948e-02
1.369423370000000029e+00,4.996922109999999972e-01,-7.507243759999999815e-03,-1.233611153000000078e-02
1.370423369999999919e+00,5.020534182000000456e-01,-5.187428105000000018e-03,-1.278750719000000015e-02
1.371423370000000030e+00,5.040958994999999998e-01,-2.945478799999999911e-03,-1.302412545999999914e-02
1.372423369999999920e+00,5.048331473999999597e-01,-1.025561643999999949e-03,-1.304181360000000039e-02
1.373423370000000032e+00,5.052157418999999594e-01,7.355645626999999511e-04,-1.295582791000000032e-02
1.374423369999999922e+00,5.052590545999999794e-01,1.660398412000000084e-03,-1.264497558999999952e-02
1.375423370000000034e+00,5.053874113999999862e-01,1.917703608999999938e-03,-1.228271608000000049e-02
1.376423369999999924e+00,5.063607545999999626e-01,1.571702378999999912e-03,-1.192202120000000060e-02
1.377423370000000036e+00,5.083172084999999507e-01,3.814577090000000168e-04,-1.153847344999999955e-02
1.378423369999999926e+00,5.105399548000000287e-01,-1.717585407000000097e-03,-1.103582158999999972e-02
1.379423370000000038e+00,5.114691496000000059e-01,-4.428754768999999987e-03,-1.054499560000000079e-02
1.380423369999999927e+00,5.117548110999999844e-01,-7.300405624999999933e-03,-1.016941646000000046e-02
1.381423370000000039e+00,5.100662101999999809e-01,-1.025774689999999975e-02,-9.965171001000000528e-03
1.382423369999999929e+00,5.073304250000000293e-01,-1.210534693999999918e-02,-1.013693014000000003e-02
1.383423370000000041e+00,5.037338900000000175e-01,-1.292552536999999960e-02,-1.052424132999999970e-02
1.384423369999999931e+00,5.021957197999999956e-01,-1.309882895000000040e-02,-1.117099998999999955e-02
1.385423370000000043e+00,5.015956238000000011e-01,-1.222490726000000083e-02,-1.184713551999999961e-02
1.386423369999999933e+00,5.016774767999999662e-01,-1.114252687000000068e-02,-1.230554306000000014e-02
1.387423370000000045e+00,5.027808081000000318e-01,-9.324123067999999862e-03,-1.280991197000000067e-02
1.388423369999999935e+00,5.050434634999999561e-01,-7.329114456000000201e-03,-1.324101498000000016e-02
1.389423370000000046e+00,5.059949766000000348e-01,-5.489625280000000329e-03,-1.340734417000000005e-02
1.390423369999999936e+00,5.060617544000000079e-01,-3.629708814999999932e-03,-1.340545194999999933e-02
1.391423370000000048e+00,5.055100829999999990e-01,-1.938450777999999909e-03,-1.321964727000000082e-02
1.392423369999999938e+00,5.057095956999999586e-01,-7.667459336000000342e-04,-1.287951669000000042e-02
1.393423370000000050e+00,5.058248566999999918e-01,-3.102220298000000044e-04,-1.235062429999999982e-02
1.394423369999999940e+00,5.070736783999999497e-01,-3.262780763000000051e-04,-1.185528830000000082e-02
1.395423370000000052e+00,5.087771335999999867e-01,-1.163953041999999955e-03,-1.129186352999999969e-02
1.396423369999999942e+00,5.109332563999999799e-01,-2.776913329000000197e-03,-1.069306270000000038e-02
1.397423370000000054e+00,5.111508694999999936e-01,-5.030751229999999921e-03,-1.003260318000000033e-02
1.398423369999999943e+00,5.111357635000000066e-01,-7.502329813999999639e-03,-9.447474750000000449e-03
1.399423370000000055e+00,5.095766024000000227e-01,-9.842888613999999439e-03,-9.082031310000000454e-03
1.400423369999999945e+00,5.068010350999999636e-01,-1.149576071999999956e-02,-9.115878488000000654e-03
1.401423370000000057e+00,5.047580978000000274e-01,-1.231452113000000050e-02,-9.655731566999999765e-03
1.402423369999999947e+00,5.034405722000000472e-01,-1.231623834000000056e-02,-1.052104035000000007e-02
1.403423370000000059e+00,5.025784733000000504e-01,-1.182063912000000036e-02,-1.148578045999999915e-02
1.404423369999999949e+00,5.016110798999999787e-01,-1.110733233000000056e-02,-1.225897997000000017e-02
1.405423370000000061e+00,5.024093723000000455e-01,-9.662836528999999355e-03,-1.308166275000000045e-02
1.406423369999999951e+00,5.039566256999999938e-01,-7.893437147000000390e-03,-1.367624733999999939e-02
1.407423370000000062e+00,5.046611833999999908e-01,-6.228203201000000362e-03,-1.394223342999999921e-02
1.408423369999999952e+00,5.047805383000000257e-01,-4.391759603000000046e-03,-1.392918913999999925e-02
1.409423370000000064e+00,5.038874382000000374e-01,-2.523333843000000101e-03,-1.378474466999999974e-02
1.410423369999999954e+00,5.027063680000000145e-01,-1.351318501999999953e-03,-1.336430431999999918e-02
1.411423370000000066e+00,5.026799333000000480e-01,-4.430607563999999841e-04,-1.282954935000000032e-02
1.412423369999999956e+00,5.032098727999999577e-01,1.233547698000000015e-04,-1.224389210999999970e-02
1.413423370000000068e+00,5.053870341999999738e-01,9.989129725000000105e-05,-1.168434215999999970e-02
1.414423369999999958e+00,5.076072521000000171e-01,-9.112706688999999997e-04,-1.101229400999999969e-02
1.415423400000000109e+00,5.090621661999999992e-01,-2.647906450000000154e-03,-1.037638670999999936e-02
1.416423369999999959e+00,5.096001395000000489e-01,-4.669646064999999693e-03,-9.822885630000000035e-03
