passage_index,passage_id,span,gate_index,catwalk,gate_name,subsystem,mct_node,family,rope_index,ansys_rope_node,rope_x_mm,rope_y_mm,rope_z_mm,beam_axis_x_mm,beam_axis_y_mm,beam_axis_z_mm,rigid_offset_z_mm,surface_gap_mm,original_mass21_element_id,original_mass21_real_id,original_combined_mass_tonne
1,H01,north_side,3,1,CW1_GATE_03,bottom,42,BOTTOM_PHI50,1,42,-24120.0,203909.0,112301.044092026,-24120.0,203913.65000000002,112413.544092026,112.5,0.0,500034,200013,0.4469202529063838
1,H01,north_side,3,1,CW1_GATE_03,bottom,42,BOTTOM_PHI50,2,770,-23860.0,203909.0,112301.044092026,-23860.0,203913.65000000002,112413.544092026,112.5,0.0,500727,200013,0.4469202529063838
1,H01,north_side,3,1,CW1_GATE_03,bottom,42,BOTTOM_PHI50,3,1498,-23600.0,203909.0,112301.044092026,-23600.0,203913.65000000002,112413.544092026,112.5,0.0,501420,200013,0.4469202529063838
1,H01,north_side,3,1,CW1_GATE_03,bottom,42,BOTTOM_PHI50,4,2226,-23340.0,203909.0,112301.044092026,-23340.0,203913.65000000002,112413.544092026,112.5,0.0,502113,200013,0.4469202529063838
1,H01,north_side,3,1,CW1_GATE_03,bottom,42,BOTTOM_PHI50,5,2954,-23080.0,203909.0,112301.044092026,-23080.0,203913.65000000002,112413.544092026,112.5,0.0,502806,200013,0.4469202529063838
1,H01,north_side,3,1,CW1_GATE_03,bottom,42,BOTTOM_PHI50,6,3682,-22820.0,203909.0,112301.044092026,-22820.0,203913.65000000002,112413.544092026,112.5,0.0,503499,200013,0.4469202529063838
1,H01,north_side,3,1,CW1_GATE_03,bottom,42,BOTTOM_PHI50,7,4410,-22560.0,203909.0,112301.044092026,-22560.0,203913.65000000002,112413.544092026,112.5,0.0,504192,200013,0.4469202529063838
1,H01,north_side,3,1,CW1_GATE_03,bottom,42,BOTTOM_PHI50,8,5138,-22300.0,203909.0,112301.044092026,-22300.0,203913.65000000002,112413.544092026,112.5,0.0,504885,200013,0.4469202529063838
1,H01,north_side,3,1,CW1_GATE_03,bottom,42,BOTTOM_PHI50,9,5866,-20600.0,203909.0,112301.044092026,-20600.0,203913.65000000002,112413.544092026,112.5,0.0,505578,200013,0.4469202529063838
1,H01,north_side,3,1,CW1_GATE_03,bottom,42,BOTTOM_PHI50,10,6594,-20340.0,203909.0,112301.044092026,-20340.0,203913.65000000002,112413.544092026,112.5,0.0,506271,200013,0.4469202529063838
1,H01,north_side,3,1,CW1_GATE_03,bottom,42,BOTTOM_PHI50,11,7322,-20080.0,203909.0,112301.044092026,-20080.0,203913.65000000002,112413.544092026,112.5,0.0,506964,200013,0.4469202529063838
1,H01,north_side,3,1,CW1_GATE_03,bottom,42,BOTTOM_PHI50,12,8050,-19820.0,203909.0,112301.044092026,-19820.0,203913.65000000002,112413.544092026,112.5,0.0,507657,200013,0.4469202529063838
1,H01,north_side,3,1,CW1_GATE_03,bottom,42,BOTTOM_PHI50,13,8778,-19560.0,203909.0,112301.044092026,-19560.0,203913.65000000002,112413.544092026,112.5,0.0,508350,200013,0.4469202529063838
1,H01,north_side,3,1,CW1_GATE_03,bottom,42,BOTTOM_PHI50,14,9506,-19300.0,203909.0,112301.044092026,-19300.0,203913.65000000002,112413.544092026,112.5,0.0,509043,200013,0.4469202529063838
1,H01,north_side,3,1,CW1_GATE_03,bottom,42,BOTTOM_PHI50,15,10234,-19040.0,203909.0,112301.044092026,-19040.0,203913.65000000002,112413.544092026,112.5,0.0,509736,200013,0.4469202529063838
1,H01,north_side,3,1,CW1_GATE_03,bottom,42,BOTTOM_PHI50,16,10962,-18780.0,203909.0,112301.044092026,-18780.0,203913.65000000002,112413.544092026,112.5,0.0,510429,200013,0.4469202529063838
1,H01,north_side,3,1,CW1_GATE_03,gate,1018,GANTRY_PHI54,1,11666,-23660.0,203918.30000000005,121414.541763406,-23660.0,203913.65000000002,121521.541763406,107.0,0.0,511090,200006,0.3663743286423279
1,H01,north_side,3,1,CW1_GATE_03,gate,1018,GANTRY_PHI54,2,12061,-23400.0,203918.30000000005,121414.541763406,-23400.0,203913.65000000002,121521.541763406,107.0,0.0,511161,200006,0.3663743286423279
1,H01,north_side,3,1,CW1_GATE_03,gate,1018,GANTRY_PHI54,3,12456,-23140.0,203918.30000000005,121414.541763406,-23140.0,203913.65000000002,121521.541763406,107.0,0.0,511232,200006,0.3663743286423279
1,H01,north_side,3,1,CW1_GATE_03,gate,1018,GANTRY_PHI54,4,12851,-19760.0,203918.30000000005,121414.541763406,-19760.0,203913.65000000002,121521.541763406,107.0,0.0,511303,200006,0.3663743286423279
1,H01,north_side,3,1,CW1_GATE_03,gate,1018,GANTRY_PHI54,5,13246,-19500.0,203918.30000000005,121414.541763406,-19500.0,203913.65000000002,121521.541763406,107.0,0.0,511374,200006,0.3663743286423279
1,H01,north_side,3,1,CW1_GATE_03,gate,1018,GANTRY_PHI54,6,13641,-19240.0,203918.30000000005,121414.541763406,-19240.0,203913.65000000002,121521.541763406,107.0,0.0,511445,200006,0.3663743286423279
1,H01,north_side,3,2,CW2_GATE_03,bottom,42,BOTTOM_PHI50,1,14060,18780.0,203909.0,112301.044092026,18780.0,203913.65000000002,112413.544092026,112.5,0.0,511548,200013,0.4469202529063838
1,H01,north_side,3,2,CW2_GATE_03,bottom,42,BOTTOM_PHI50,2,14788,19040.0,203909.0,112301.044092026,19040.0,203913.65000000002,112413.544092026,112.5,0.0,512241,200013,0.4469202529063838
1,H01,north_side,3,2,CW2_GATE_03,bottom,42,BOTTOM_PHI50,3,15516,19300.0,203909.0,112301.044092026,19300.0,203913.65000000002,112413.544092026,112.5,0.0,512934,200013,0.4469202529063838
1,H01,north_side,3,2,CW2_GATE_03,bottom,42,BOTTOM_PHI50,4,16244,19560.0,203909.0,112301.044092026,19560.0,203913.65000000002,112413.544092026,112.5,0.0,513627,200013,0.4469202529063838
1,H01,north_side,3,2,CW2_GATE_03,bottom,42,BOTTOM_PHI50,5,16972,19820.0,203909.0,112301.044092026,19820.0,203913.65000000002,112413.544092026,112.5,0.0,514320,200013,0.4469202529063838
1,H01,north_side,3,2,CW2_GATE_03,bottom,42,BOTTOM_PHI50,6,17700,20080.0,203909.0,112301.044092026,20080.0,203913.65000000002,112413.544092026,112.5,0.0,515013,200013,0.4469202529063838
1,H01,north_side,3,2,CW2_GATE_03,bottom,42,BOTTOM_PHI50,7,18428,20340.0,203909.0,112301.044092026,20340.0,203913.65000000002,112413.544092026,112.5,0.0,515706,200013,0.4469202529063838
1,H01,north_side,3,2,CW2_GATE_03,bottom,42,BOTTOM_PHI50,8,19156,20600.0,203909.0,112301.044092026,20600.0,203913.65000000002,112413.544092026,112.5,0.0,516399,200013,0.4469202529063838
1,H01,north_side,3,2,CW2_GATE_03,bottom,42,BOTTOM_PHI50,9,19884,22300.0,203909.0,112301.044092026,22300.0,203913.65000000002,112413.544092026,112.5,0.0,517092,200013,0.4469202529063838
1,H01,north_side,3,2,CW2_GATE_03,bottom,42,BOTTOM_PHI50,10,20612,22560.0,203909.0,112301.044092026,22560.0,203913.65000000002,112413.544092026,112.5,0.0,517785,200013,0.4469202529063838
1,H01,north_side,3,2,CW2_GATE_03,bottom,42,BOTTOM_PHI50,11,21340,22820.0,203909.0,112301.044092026,22820.0,203913.65000000002,112413.544092026,112.5,0.0,518478,200013,0.4469202529063838
1,H01,north_side,3,2,CW2_GATE_03,bottom,42,BOTTOM_PHI50,12,22068,23080.0,203909.0,112301.044092026,23080.0,203913.65000000002,112413.544092026,112.5,0.0,519171,200013,0.4469202529063838
1,H01,north_side,3,2,CW2_GATE_03,bottom,42,BOTTOM_PHI50,13,22796,23340.0,203909.0,112301.044092026,23340.0,203913.65000000002,112413.544092026,112.5,0.0,519864,200013,0.4469202529063838
1,H01,north_side,3,2,CW2_GATE_03,bottom,42,BOTTOM_PHI50,14,23524,23600.0,203909.0,112301.044092026,23600.0,203913.65000000002,112413.544092026,112.5,0.0,520557,200013,0.4469202529063838
1,H01,north_side,3,2,CW2_GATE_03,bottom,42,BOTTOM_PHI50,15,24252,23860.0,203909.0,112301.044092026,23860.0,203913.65000000002,112413.544092026,112.5,0.0,521250,200013,0.4469202529063838
1,H01,north_side,3,2,CW2_GATE_03,bottom,42,BOTTOM_PHI50,16,24980,24120.0,203909.0,112301.044092026,24120.0,203913.65000000002,112413.544092026,112.5,0.0,521943,200013,0.4469202529063838
1,H01,north_side,3,2,CW2_GATE_03,gate,1018,GANTRY_PHI54,1,25684,19240.0,203918.30000000005,121414.541763406,19240.0,203913.65000000002,121521.541763406,107.0,0.0,522604,200006,0.3663743286423279
1,H01,north_side,3,2,CW2_GATE_03,gate,1018,GANTRY_PHI54,2,26079,19500.0,203918.30000000005,121414.541763406,19500.0,203913.65000000002,121521.541763406,107.0,0.0,522675,200006,0.3663743286423279
1,H01,north_side,3,2,CW2_GATE_03,gate,1018,GANTRY_PHI54,3,26474,19760.0,203918.30000000005,121414.541763406,19760.0,203913.65000000002,121521.541763406,107.0,0.0,522746,200006,0.3663743286423279
1,H01,north_side,3,2,CW2_GATE_03,gate,1018,GANTRY_PHI54,4,26869,23140.0,203918.30000000005,121414.541763406,23140.0,203913.65000000002,121521.541763406,107.0,0.0,522817,200006,0.3663743286423279
1,H01,north_side,3,2,CW2_GATE_03,gate,1018,GANTRY_PHI54,5,27264,23400.0,203918.30000000005,121414.541763406,23400.0,203913.65000000002,121521.541763406,107.0,0.0,522888,200006,0.3663743286423279
1,H01,north_side,3,2,CW2_GATE_03,gate,1018,GANTRY_PHI54,6,27659,23660.0,203918.30000000005,121414.541763406,23660.0,203913.65000000002,121521.541763406,107.0,0.0,522959,200006,0.3663743286423279
2,H02,north_side,6,1,CW1_GATE_06,bottom,81,BOTTOM_PHI50,1,81,-24120.0,374909.0,181248.47221642,-24120.0,374913.6499999999,181360.97221642,112.5,0.0,500073,200012,0.4385070365082602
2,H02,north_side,6,1,CW1_GATE_06,bottom,81,BOTTOM_PHI50,2,809,-23860.0,374909.0,181248.47221642,-23860.0,374913.6499999999,181360.97221642,112.5,0.0,500766,200012,0.4385070365082602
2,H02,north_side,6,1,CW1_GATE_06,bottom,81,BOTTOM_PHI50,3,1537,-23600.0,374909.0,181248.47221642,-23600.0,374913.6499999999,181360.97221642,112.5,0.0,501459,200012,0.4385070365082602
2,H02,north_side,6,1,CW1_GATE_06,bottom,81,BOTTOM_PHI50,4,2265,-23340.0,374909.0,181248.47221642,-23340.0,374913.6499999999,181360.97221642,112.5,0.0,502152,200012,0.4385070365082602
2,H02,north_side,6,1,CW1_GATE_06,bottom,81,BOTTOM_PHI50,5,2993,-23080.0,374909.0,181248.47221642,-23080.0,374913.6499999999,181360.97221642,112.5,0.0,502845,200012,0.4385070365082602
2,H02,north_side,6,1,CW1_GATE_06,bottom,81,BOTTOM_PHI50,6,3721,-22820.0,374909.0,181248.47221642,-22820.0,374913.6499999999,181360.97221642,112.5,0.0,503538,200012,0.4385070365082602
2,H02,north_side,6,1,CW1_GATE_06,bottom,81,BOTTOM_PHI50,7,4449,-22560.0,374909.0,181248.47221642,-22560.0,374913.6499999999,181360.97221642,112.5,0.0,504231,200012,0.4385070365082602
2,H02,north_side,6,1,CW1_GATE_06,bottom,81,BOTTOM_PHI50,8,5177,-22300.0,374909.0,181248.47221642,-22300.0,374913.6499999999,181360.97221642,112.5,0.0,504924,200012,0.4385070365082602
2,H02,north_side,6,1,CW1_GATE_06,bottom,81,BOTTOM_PHI50,9,5905,-20600.0,374909.0,181248.47221642,-20600.0,374913.6499999999,181360.97221642,112.5,0.0,505617,200012,0.4385070365082602
2,H02,north_side,6,1,CW1_GATE_06,bottom,81,BOTTOM_PHI50,10,6633,-20340.0,374909.0,181248.47221642,-20340.0,374913.6499999999,181360.97221642,112.5,0.0,506310,200012,0.4385070365082602
2,H02,north_side,6,1,CW1_GATE_06,bottom,81,BOTTOM_PHI50,11,7361,-20080.0,374909.0,181248.47221642,-20080.0,374913.6499999999,181360.97221642,112.5,0.0,507003,200012,0.4385070365082602
2,H02,north_side,6,1,CW1_GATE_06,bottom,81,BOTTOM_PHI50,12,8089,-19820.0,374909.0,181248.47221642,-19820.0,374913.6499999999,181360.97221642,112.5,0.0,507696,200012,0.4385070365082602
2,H02,north_side,6,1,CW1_GATE_06,bottom,81,BOTTOM_PHI50,13,8817,-19560.0,374909.0,181248.47221642,-19560.0,374913.6499999999,181360.97221642,112.5,0.0,508389,200012,0.4385070365082602
2,H02,north_side,6,1,CW1_GATE_06,bottom,81,BOTTOM_PHI50,14,9545,-19300.0,374909.0,181248.47221642,-19300.0,374913.6499999999,181360.97221642,112.5,0.0,509082,200012,0.4385070365082602
2,H02,north_side,6,1,CW1_GATE_06,bottom,81,BOTTOM_PHI50,15,10273,-19040.0,374909.0,181248.47221642,-19040.0,374913.6499999999,181360.97221642,112.5,0.0,509775,200012,0.4385070365082602
2,H02,north_side,6,1,CW1_GATE_06,bottom,81,BOTTOM_PHI50,16,11001,-18780.0,374909.0,181248.47221642,-18780.0,374913.6499999999,181360.97221642,112.5,0.0,510468,200012,0.4385070365082602
2,H02,north_side,6,1,CW1_GATE_06,gate,1033,GANTRY_PHI54,1,11681,-23660.0,374918.30000000005,190318.383196477,-23660.0,374913.6499999999,190425.383196477,107.0,0.0,511093,200006,0.3663743286423279
2,H02,north_side,6,1,CW1_GATE_06,gate,1033,GANTRY_PHI54,2,12076,-23400.0,374918.30000000005,190318.383196477,-23400.0,374913.6499999999,190425.383196477,107.0,0.0,511164,200006,0.3663743286423279
2,H02,north_side,6,1,CW1_GATE_06,gate,1033,GANTRY_PHI54,3,12471,-23140.0,374918.30000000005,190318.383196477,-23140.0,374913.6499999999,190425.383196477,107.0,0.0,511235,200006,0.3663743286423279
2,H02,north_side,6,1,CW1_GATE_06,gate,1033,GANTRY_PHI54,4,12866,-19760.0,374918.30000000005,190318.383196477,-19760.0,374913.6499999999,190425.383196477,107.0,0.0,511306,200006,0.3663743286423279
2,H02,north_side,6,1,CW1_GATE_06,gate,1033,GANTRY_PHI54,5,13261,-19500.0,374918.30000000005,190318.383196477,-19500.0,374913.6499999999,190425.383196477,107.0,0.0,511377,200006,0.3663743286423279
2,H02,north_side,6,1,CW1_GATE_06,gate,1033,GANTRY_PHI54,6,13656,-19240.0,374918.30000000005,190318.383196477,-19240.0,374913.6499999999,190425.383196477,107.0,0.0,511448,200006,0.3663743286423279
2,H02,north_side,6,2,CW2_GATE_06,bottom,81,BOTTOM_PHI50,1,14099,18780.0,374909.0,181248.47221642,18780.0,374913.6499999999,181360.97221642,112.5,0.0,511587,200012,0.4385070365082602
2,H02,north_side,6,2,CW2_GATE_06,bottom,81,BOTTOM_PHI50,2,14827,19040.0,374909.0,181248.47221642,19040.0,374913.6499999999,181360.97221642,112.5,0.0,512280,200012,0.4385070365082602
2,H02,north_side,6,2,CW2_GATE_06,bottom,81,BOTTOM_PHI50,3,15555,19300.0,374909.0,181248.47221642,19300.0,374913.6499999999,181360.97221642,112.5,0.0,512973,200012,0.4385070365082602
2,H02,north_side,6,2,CW2_GATE_06,bottom,81,BOTTOM_PHI50,4,16283,19560.0,374909.0,181248.47221642,19560.0,374913.6499999999,181360.97221642,112.5,0.0,513666,200012,0.4385070365082602
2,H02,north_side,6,2,CW2_GATE_06,bottom,81,BOTTOM_PHI50,5,17011,19820.0,374909.0,181248.47221642,19820.0,374913.6499999999,181360.97221642,112.5,0.0,514359,200012,0.4385070365082602
2,H02,north_side,6,2,CW2_GATE_06,bottom,81,BOTTOM_PHI50,6,17739,20080.0,374909.0,181248.47221642,20080.0,374913.6499999999,181360.97221642,112.5,0.0,515052,200012,0.4385070365082602
2,H02,north_side,6,2,CW2_GATE_06,bottom,81,BOTTOM_PHI50,7,18467,20340.0,374909.0,181248.47221642,20340.0,374913.6499999999,181360.97221642,112.5,0.0,515745,200012,0.4385070365082602
2,H02,north_side,6,2,CW2_GATE_06,bottom,81,BOTTOM_PHI50,8,19195,20600.0,374909.0,181248.47221642,20600.0,374913.6499999999,181360.97221642,112.5,0.0,516438,200012,0.4385070365082602
2,H02,north_side,6,2,CW2_GATE_06,bottom,81,BOTTOM_PHI50,9,19923,22300.0,374909.0,181248.47221642,22300.0,374913.6499999999,181360.97221642,112.5,0.0,517131,200012,0.4385070365082602
2,H02,north_side,6,2,CW2_GATE_06,bottom,81,BOTTOM_PHI50,10,20651,22560.0,374909.0,181248.47221642,22560.0,374913.6499999999,181360.97221642,112.5,0.0,517824,200012,0.4385070365082602
2,H02,north_side,6,2,CW2_GATE_06,bottom,81,BOTTOM_PHI50,11,21379,22820.0,374909.0,181248.47221642,22820.0,374913.6499999999,181360.97221642,112.5,0.0,518517,200012,0.4385070365082602
2,H02,north_side,6,2,CW2_GATE_06,bottom,81,BOTTOM_PHI50,12,22107,23080.0,374909.0,181248.47221642,23080.0,374913.6499999999,181360.97221642,112.5,0.0,519210,200012,0.4385070365082602
2,H02,north_side,6,2,CW2_GATE_06,bottom,81,BOTTOM_PHI50,13,22835,23340.0,374909.0,181248.47221642,23340.0,374913.6499999999,181360.97221642,112.5,0.0,519903,200012,0.4385070365082602
2,H02,north_side,6,2,CW2_GATE_06,bottom,81,BOTTOM_PHI50,14,23563,23600.0,374909.0,181248.47221642,23600.0,374913.6499999999,181360.97221642,112.5,0.0,520596,200012,0.4385070365082602
2,H02,north_side,6,2,CW2_GATE_06,bottom,81,BOTTOM_PHI50,15,24291,23860.0,374909.0,181248.47221642,23860.0,374913.6499999999,181360.97221642,112.5,0.0,521289,200012,0.4385070365082602
2,H02,north_side,6,2,CW2_GATE_06,bottom,81,BOTTOM_PHI50,16,25019,24120.0,374909.0,181248.47221642,24120.0,374913.6499999999,181360.97221642,112.5,0.0,521982,200012,0.4385070365082602
2,H02,north_side,6,2,CW2_GATE_06,gate,1033,GANTRY_PHI54,1,25699,19240.0,374918.30000000005,190318.383196477,19240.0,374913.6499999999,190425.383196477,107.0,0.0,522607,200006,0.3663743286423279
2,H02,north_side,6,2,CW2_GATE_06,gate,1033,GANTRY_PHI54,2,26094,19500.0,374918.30000000005,190318.383196477,19500.0,374913.6499999999,190425.383196477,107.0,0.0,522678,200006,0.3663743286423279
2,H02,north_side,6,2,CW2_GATE_06,gate,1033,GANTRY_PHI54,3,26489,19760.0,374918.30000000005,190318.383196477,19760.0,374913.6499999999,190425.383196477,107.0,0.0,522749,200006,0.3663743286423279
2,H02,north_side,6,2,CW2_GATE_06,gate,1033,GANTRY_PHI54,4,26884,23140.0,374918.30000000005,190318.383196477,23140.0,374913.6499999999,190425.383196477,107.0,0.0,522820,200006,0.3663743286423279
2,H02,north_side,6,2,CW2_GATE_06,gate,1033,GANTRY_PHI54,5,27279,23400.0,374918.30000000005,190318.383196477,23400.0,374913.6499999999,190425.383196477,107.0,0.0,522891,200006,0.3663743286423279
2,H02,north_side,6,2,CW2_GATE_06,gate,1033,GANTRY_PHI54,6,27674,23660.0,374918.30000000005,190318.383196477,23660.0,374913.6499999999,190425.383196477,107.0,0.0,522962,200006,0.3663743286423279
3,H03,north_side,9,1,CW1_GATE_09,bottom,120,BOTTOM_PHI50,1,120,-24120.0,545909.0,261294.046462196,-24120.0,545913.6499999999,261406.546462196,112.5,0.0,500112,200013,0.4469202529063838
3,H03,north_side,9,1,CW1_GATE_09,bottom,120,BOTTOM_PHI50,2,848,-23860.0,545909.0,261294.046462196,-23860.0,545913.6499999999,261406.546462196,112.5,0.0,500805,200013,0.4469202529063838
3,H03,north_side,9,1,CW1_GATE_09,bottom,120,BOTTOM_PHI50,3,1576,-23600.0,545909.0,261294.046462196,-23600.0,545913.6499999999,261406.546462196,112.5,0.0,501498,200013,0.4469202529063838
3,H03,north_side,9,1,CW1_GATE_09,bottom,120,BOTTOM_PHI50,4,2304,-23340.0,545909.0,261294.046462196,-23340.0,545913.6499999999,261406.546462196,112.5,0.0,502191,200013,0.4469202529063838
3,H03,north_side,9,1,CW1_GATE_09,bottom,120,BOTTOM_PHI50,5,3032,-23080.0,545909.0,261294.046462196,-23080.0,545913.6499999999,261406.546462196,112.5,0.0,502884,200013,0.4469202529063838
3,H03,north_side,9,1,CW1_GATE_09,bottom,120,BOTTOM_PHI50,6,3760,-22820.0,545909.0,261294.046462196,-22820.0,545913.6499999999,261406.546462196,112.5,0.0,503577,200013,0.4469202529063838
3,H03,north_side,9,1,CW1_GATE_09,bottom,120,BOTTOM_PHI50,7,4488,-22560.0,545909.0,261294.046462196,-22560.0,545913.6499999999,261406.546462196,112.5,0.0,504270,200013,0.4469202529063838
3,H03,north_side,9,1,CW1_GATE_09,bottom,120,BOTTOM_PHI50,8,5216,-22300.0,545909.0,261294.046462196,-22300.0,545913.6499999999,261406.546462196,112.5,0.0,504963,200013,0.4469202529063838
3,H03,north_side,9,1,CW1_GATE_09,bottom,120,BOTTOM_PHI50,9,5944,-20600.0,545909.0,261294.046462196,-20600.0,545913.6499999999,261406.546462196,112.5,0.0,505656,200013,0.4469202529063838
3,H03,north_side,9,1,CW1_GATE_09,bottom,120,BOTTOM_PHI50,10,6672,-20340.0,545909.0,261294.046462196,-20340.0,545913.6499999999,261406.546462196,112.5,0.0,506349,200013,0.4469202529063838
3,H03,north_side,9,1,CW1_GATE_09,bottom,120,BOTTOM_PHI50,11,7400,-20080.0,545909.0,261294.046462196,-20080.0,545913.6499999999,261406.546462196,112.5,0.0,507042,200013,0.4469202529063838
3,H03,north_side,9,1,CW1_GATE_09,bottom,120,BOTTOM_PHI50,12,8128,-19820.0,545909.0,261294.046462196,-19820.0,545913.6499999999,261406.546462196,112.5,0.0,507735,200013,0.4469202529063838
3,H03,north_side,9,1,CW1_GATE_09,bottom,120,BOTTOM_PHI50,13,8856,-19560.0,545909.0,261294.046462196,-19560.0,545913.6499999999,261406.546462196,112.5,0.0,508428,200013,0.4469202529063838
3,H03,north_side,9,1,CW1_GATE_09,bottom,120,BOTTOM_PHI50,14,9584,-19300.0,545909.0,261294.046462196,-19300.0,545913.6499999999,261406.546462196,112.5,0.0,509121,200013,0.4469202529063838
3,H03,north_side,9,1,CW1_GATE_09,bottom,120,BOTTOM_PHI50,15,10312,-19040.0,545909.0,261294.046462196,-19040.0,545913.6499999999,261406.546462196,112.5,0.0,509814,200013,0.4469202529063838
3,H03,north_side,9,1,CW1_GATE_09,bottom,120,BOTTOM_PHI50,16,11040,-18780.0,545909.0,261294.046462196,-18780.0,545913.6499999999,261406.546462196,112.5,0.0,510507,200013,0.4469202529063838
3,H03,north_side,9,1,CW1_GATE_09,gate,1048,GANTRY_PHI54,1,11696,-23660.0,545918.3,269621.777313957,-23660.0,545913.6499999999,269728.777313957,107.0,0.0,511096,200006,0.3663743286423279
3,H03,north_side,9,1,CW1_GATE_09,gate,1048,GANTRY_PHI54,2,12091,-23400.0,545918.3,269621.777313957,-23400.0,545913.6499999999,269728.777313957,107.0,0.0,511167,200006,0.3663743286423279
3,H03,north_side,9,1,CW1_GATE_09,gate,1048,GANTRY_PHI54,3,12486,-23140.0,545918.3,269621.777313957,-23140.0,545913.6499999999,269728.777313957,107.0,0.0,511238,200006,0.3663743286423279
3,H03,north_side,9,1,CW1_GATE_09,gate,1048,GANTRY_PHI54,4,12881,-19760.0,545918.3,269621.777313957,-19760.0,545913.6499999999,269728.777313957,107.0,0.0,511309,200006,0.3663743286423279
3,H03,north_side,9,1,CW1_GATE_09,gate,1048,GANTRY_PHI54,5,13276,-19500.0,545918.3,269621.777313957,-19500.0,545913.6499999999,269728.777313957,107.0,0.0,511380,200006,0.3663743286423279
3,H03,north_side,9,1,CW1_GATE_09,gate,1048,GANTRY_PHI54,6,13671,-19240.0,545918.3,269621.777313957,-19240.0,545913.6499999999,269728.777313957,107.0,0.0,511451,200006,0.3663743286423279
3,H03,north_side,9,2,CW2_GATE_09,bottom,120,BOTTOM_PHI50,1,14138,18780.0,545909.0,261294.046462196,18780.0,545913.6499999999,261406.546462196,112.5,0.0,511626,200013,0.4469202529063838
3,H03,north_side,9,2,CW2_GATE_09,bottom,120,BOTTOM_PHI50,2,14866,19040.0,545909.0,261294.046462196,19040.0,545913.6499999999,261406.546462196,112.5,0.0,512319,200013,0.4469202529063838
3,H03,north_side,9,2,CW2_GATE_09,bottom,120,BOTTOM_PHI50,3,15594,19300.0,545909.0,261294.046462196,19300.0,545913.6499999999,261406.546462196,112.5,0.0,513012,200013,0.4469202529063838
3,H03,north_side,9,2,CW2_GATE_09,bottom,120,BOTTOM_PHI50,4,16322,19560.0,545909.0,261294.046462196,19560.0,545913.6499999999,261406.546462196,112.5,0.0,513705,200013,0.4469202529063838
3,H03,north_side,9,2,CW2_GATE_09,bottom,120,BOTTOM_PHI50,5,17050,19820.0,545909.0,261294.046462196,19820.0,545913.6499999999,261406.546462196,112.5,0.0,514398,200013,0.4469202529063838
3,H03,north_side,9,2,CW2_GATE_09,bottom,120,BOTTOM_PHI50,6,17778,20080.0,545909.0,261294.046462196,20080.0,545913.6499999999,261406.546462196,112.5,0.0,515091,200013,0.4469202529063838
3,H03,north_side,9,2,CW2_GATE_09,bottom,120,BOTTOM_PHI50,7,18506,20340.0,545909.0,261294.046462196,20340.0,545913.6499999999,261406.546462196,112.5,0.0,515784,200013,0.4469202529063838
3,H03,north_side,9,2,CW2_GATE_09,bottom,120,BOTTOM_PHI50,8,19234,20600.0,545909.0,261294.046462196,20600.0,545913.6499999999,261406.546462196,112.5,0.0,516477,200013,0.4469202529063838
3,H03,north_side,9,2,CW2_GATE_09,bottom,120,BOTTOM_PHI50,9,19962,22300.0,545909.0,261294.046462196,22300.0,545913.6499999999,261406.546462196,112.5,0.0,517170,200013,0.4469202529063838
3,H03,north_side,9,2,CW2_GATE_09,bottom,120,BOTTOM_PHI50,10,20690,22560.0,545909.0,261294.046462196,22560.0,545913.6499999999,261406.546462196,112.5,0.0,517863,200013,0.4469202529063838
3,H03,north_side,9,2,CW2_GATE_09,bottom,120,BOTTOM_PHI50,11,21418,22820.0,545909.0,261294.046462196,22820.0,545913.6499999999,261406.546462196,112.5,0.0,518556,200013,0.4469202529063838
3,H03,north_side,9,2,CW2_GATE_09,bottom,120,BOTTOM_PHI50,12,22146,23080.0,545909.0,261294.046462196,23080.0,545913.6499999999,261406.546462196,112.5,0.0,519249,200013,0.4469202529063838
3,H03,north_side,9,2,CW2_GATE_09,bottom,120,BOTTOM_PHI50,13,22874,23340.0,545909.0,261294.046462196,23340.0,545913.6499999999,261406.546462196,112.5,0.0,519942,200013,0.4469202529063838
3,H03,north_side,9,2,CW2_GATE_09,bottom,120,BOTTOM_PHI50,14,23602,23600.0,545909.0,261294.046462196,23600.0,545913.6499999999,261406.546462196,112.5,0.0,520635,200013,0.4469202529063838
3,H03,north_side,9,2,CW2_GATE_09,bottom,120,BOTTOM_PHI50,15,24330,23860.0,545909.0,261294.046462196,23860.0,545913.6499999999,261406.546462196,112.5,0.0,521328,200013,0.4469202529063838
3,H03,north_side,9,2,CW2_GATE_09,bottom,120,BOTTOM_PHI50,16,25058,24120.0,545909.0,261294.046462196,24120.0,545913.6499999999,261406.546462196,112.5,0.0,522021,200013,0.4469202529063838
3,H03,north_side,9,2,CW2_GATE_09,gate,1048,GANTRY_PHI54,1,25714,19240.0,545918.3,269621.777313957,19240.0,545913.6499999999,269728.777313957,107.0,0.0,522610,200006,0.3663743286423279
3,H03,north_side,9,2,CW2_GATE_09,gate,1048,GANTRY_PHI54,2,26109,19500.0,545918.3,269621.777313957,19500.0,545913.6499999999,269728.777313957,107.0,0.0,522681,200006,0.3663743286423279
3,H03,north_side,9,2,CW2_GATE_09,gate,1048,GANTRY_PHI54,3,26504,19760.0,545918.3,269621.777313957,19760.0,545913.6499999999,269728.777313957,107.0,0.0,522752,200006,0.3663743286423279
3,H03,north_side,9,2,CW2_GATE_09,gate,1048,GANTRY_PHI54,4,26899,23140.0,545918.3,269621.777313957,23140.0,545913.6499999999,269728.777313957,107.0,0.0,522823,200006,0.3663743286423279
3,H03,north_side,9,2,CW2_GATE_09,gate,1048,GANTRY_PHI54,5,27294,23400.0,545918.3,269621.777313957,23400.0,545913.6499999999,269728.777313957,107.0,0.0,522894,200006,0.3663743286423279
3,H03,north_side,9,2,CW2_GATE_09,gate,1048,GANTRY_PHI54,6,27689,23660.0,545918.3,269621.777313957,23660.0,545913.6499999999,269728.777313957,107.0,0.0,522965,200006,0.3663743286423279
4,H04,main_span,14,1,CW1_GATE_14,bottom,180,BOTTOM_PHI50,1,180,-24120.0,882909.0,276040.031984883,-24120.0,882913.6499999999,276152.531984883,112.5,0.0,500164,200013,0.4469202529063838
4,H04,main_span,14,1,CW1_GATE_14,bottom,180,BOTTOM_PHI50,2,908,-23860.0,882909.0,276040.031984883,-23860.0,882913.6499999999,276152.531984883,112.5,0.0,500857,200013,0.4469202529063838
4,H04,main_span,14,1,CW1_GATE_14,bottom,180,BOTTOM_PHI50,3,1636,-23600.0,882909.0,276040.031984883,-23600.0,882913.6499999999,276152.531984883,112.5,0.0,501550,200013,0.4469202529063838
4,H04,main_span,14,1,CW1_GATE_14,bottom,180,BOTTOM_PHI50,4,2364,-23340.0,882909.0,276040.031984883,-23340.0,882913.6499999999,276152.531984883,112.5,0.0,502243,200013,0.4469202529063838
4,H04,main_span,14,1,CW1_GATE_14,bottom,180,BOTTOM_PHI50,5,3092,-23080.0,882909.0,276040.031984883,-23080.0,882913.6499999999,276152.531984883,112.5,0.0,502936,200013,0.4469202529063838
4,H04,main_span,14,1,CW1_GATE_14,bottom,180,BOTTOM_PHI50,6,3820,-22820.0,882909.0,276040.031984883,-22820.0,882913.6499999999,276152.531984883,112.5,0.0,503629,200013,0.4469202529063838
4,H04,main_span,14,1,CW1_GATE_14,bottom,180,BOTTOM_PHI50,7,4548,-22560.0,882909.0,276040.031984883,-22560.0,882913.6499999999,276152.531984883,112.5,0.0,504322,200013,0.4469202529063838
4,H04,main_span,14,1,CW1_GATE_14,bottom,180,BOTTOM_PHI50,8,5276,-22300.0,882909.0,276040.031984883,-22300.0,882913.6499999999,276152.531984883,112.5,0.0,505015,200013,0.4469202529063838
4,H04,main_span,14,1,CW1_GATE_14,bottom,180,BOTTOM_PHI50,9,6004,-20600.0,882909.0,276040.031984883,-20600.0,882913.6499999999,276152.531984883,112.5,0.0,505708,200013,0.4469202529063838
4,H04,main_span,14,1,CW1_GATE_14,bottom,180,BOTTOM_PHI50,10,6732,-20340.0,882909.0,276040.031984883,-20340.0,882913.6499999999,276152.531984883,112.5,0.0,506401,200013,0.4469202529063838
4,H04,main_span,14,1,CW1_GATE_14,bottom,180,BOTTOM_PHI50,11,7460,-20080.0,882909.0,276040.031984883,-20080.0,882913.6499999999,276152.531984883,112.5,0.0,507094,200013,0.4469202529063838
4,H04,main_span,14,1,CW1_GATE_14,bottom,180,BOTTOM_PHI50,12,8188,-19820.0,882909.0,276040.031984883,-19820.0,882913.6499999999,276152.531984883,112.5,0.0,507787,200013,0.4469202529063838
4,H04,main_span,14,1,CW1_GATE_14,bottom,180,BOTTOM_PHI50,13,8916,-19560.0,882909.0,276040.031984883,-19560.0,882913.6499999999,276152.531984883,112.5,0.0,508480,200013,0.4469202529063838
4,H04,main_span,14,1,CW1_GATE_14,bottom,180,BOTTOM_PHI50,14,9644,-19300.0,882909.0,276040.031984883,-19300.0,882913.6499999999,276152.531984883,112.5,0.0,509173,200013,0.4469202529063838
4,H04,main_span,14,1,CW1_GATE_14,bottom,180,BOTTOM_PHI50,15,10372,-19040.0,882909.0,276040.031984883,-19040.0,882913.6499999999,276152.531984883,112.5,0.0,509866,200013,0.4469202529063838
4,H04,main_span,14,1,CW1_GATE_14,bottom,180,BOTTOM_PHI50,16,11100,-18780.0,882909.0,276040.031984883,-18780.0,882913.6499999999,276152.531984883,112.5,0.0,510559,200013,0.4469202529063838
4,H04,main_span,14,1,CW1_GATE_14,gate,1083,GANTRY_PHI54,1,11731,-23660.0,882918.3,285027.591256459,-23660.0,882913.6499999999,285134.591256459,107.0,0.0,511101,200006,0.3663743286423279
4,H04,main_span,14,1,CW1_GATE_14,gate,1083,GANTRY_PHI54,2,12126,-23400.0,882918.3,285027.591256459,-23400.0,882913.6499999999,285134.591256459,107.0,0.0,511172,200006,0.3663743286423279
4,H04,main_span,14,1,CW1_GATE_14,gate,1083,GANTRY_PHI54,3,12521,-23140.0,882918.3,285027.591256459,-23140.0,882913.6499999999,285134.591256459,107.0,0.0,511243,200006,0.3663743286423279
4,H04,main_span,14,1,CW1_GATE_14,gate,1083,GANTRY_PHI54,4,12916,-19760.0,882918.3,285027.591256459,-19760.0,882913.6499999999,285134.591256459,107.0,0.0,511314,200006,0.3663743286423279
4,H04,main_span,14,1,CW1_GATE_14,gate,1083,GANTRY_PHI54,5,13311,-19500.0,882918.3,285027.591256459,-19500.0,882913.6499999999,285134.591256459,107.0,0.0,511385,200006,0.3663743286423279
4,H04,main_span,14,1,CW1_GATE_14,gate,1083,GANTRY_PHI54,6,13706,-19240.0,882918.3,285027.591256459,-19240.0,882913.6499999999,285134.591256459,107.0,0.0,511456,200006,0.3663743286423279
4,H04,main_span,14,2,CW2_GATE_14,bottom,180,BOTTOM_PHI50,1,14198,18780.0,882909.0,276040.031984883,18780.0,882913.6499999999,276152.531984883,112.5,0.0,511678,200013,0.4469202529063838
4,H04,main_span,14,2,CW2_GATE_14,bottom,180,BOTTOM_PHI50,2,14926,19040.0,882909.0,276040.031984883,19040.0,882913.6499999999,276152.531984883,112.5,0.0,512371,200013,0.4469202529063838
4,H04,main_span,14,2,CW2_GATE_14,bottom,180,BOTTOM_PHI50,3,15654,19300.0,882909.0,276040.031984883,19300.0,882913.6499999999,276152.531984883,112.5,0.0,513064,200013,0.4469202529063838
4,H04,main_span,14,2,CW2_GATE_14,bottom,180,BOTTOM_PHI50,4,16382,19560.0,882909.0,276040.031984883,19560.0,882913.6499999999,276152.531984883,112.5,0.0,513757,200013,0.4469202529063838
4,H04,main_span,14,2,CW2_GATE_14,bottom,180,BOTTOM_PHI50,5,17110,19820.0,882909.0,276040.031984883,19820.0,882913.6499999999,276152.531984883,112.5,0.0,514450,200013,0.4469202529063838
4,H04,main_span,14,2,CW2_GATE_14,bottom,180,BOTTOM_PHI50,6,17838,20080.0,882909.0,276040.031984883,20080.0,882913.6499999999,276152.531984883,112.5,0.0,515143,200013,0.4469202529063838
4,H04,main_span,14,2,CW2_GATE_14,bottom,180,BOTTOM_PHI50,7,18566,20340.0,882909.0,276040.031984883,20340.0,882913.6499999999,276152.531984883,112.5,0.0,515836,200013,0.4469202529063838
4,H04,main_span,14,2,CW2_GATE_14,bottom,180,BOTTOM_PHI50,8,19294,20600.0,882909.0,276040.031984883,20600.0,882913.6499999999,276152.531984883,112.5,0.0,516529,200013,0.4469202529063838
4,H04,main_span,14,2,CW2_GATE_14,bottom,180,BOTTOM_PHI50,9,20022,22300.0,882909.0,276040.031984883,22300.0,882913.6499999999,276152.531984883,112.5,0.0,517222,200013,0.4469202529063838
4,H04,main_span,14,2,CW2_GATE_14,bottom,180,BOTTOM_PHI50,10,20750,22560.0,882909.0,276040.031984883,22560.0,882913.6499999999,276152.531984883,112.5,0.0,517915,200013,0.4469202529063838
4,H04,main_span,14,2,CW2_GATE_14,bottom,180,BOTTOM_PHI50,11,21478,22820.0,882909.0,276040.031984883,22820.0,882913.6499999999,276152.531984883,112.5,0.0,518608,200013,0.4469202529063838
4,H04,main_span,14,2,CW2_GATE_14,bottom,180,BOTTOM_PHI50,12,22206,23080.0,882909.0,276040.031984883,23080.0,882913.6499999999,276152.531984883,112.5,0.0,519301,200013,0.4469202529063838
4,H04,main_span,14,2,CW2_GATE_14,bottom,180,BOTTOM_PHI50,13,22934,23340.0,882909.0,276040.031984883,23340.0,882913.6499999999,276152.531984883,112.5,0.0,519994,200013,0.4469202529063838
4,H04,main_span,14,2,CW2_GATE_14,bottom,180,BOTTOM_PHI50,14,23662,23600.0,882909.0,276040.031984883,23600.0,882913.6499999999,276152.531984883,112.5,0.0,520687,200013,0.4469202529063838
4,H04,main_span,14,2,CW2_GATE_14,bottom,180,BOTTOM_PHI50,15,24390,23860.0,882909.0,276040.031984883,23860.0,882913.6499999999,276152.531984883,112.5,0.0,521380,200013,0.4469202529063838
4,H04,main_span,14,2,CW2_GATE_14,bottom,180,BOTTOM_PHI50,16,25118,24120.0,882909.0,276040.031984883,24120.0,882913.6499999999,276152.531984883,112.5,0.0,522073,200013,0.4469202529063838
4,H04,main_span,14,2,CW2_GATE_14,gate,1083,GANTRY_PHI54,1,25749,19240.0,882918.3,285027.591256459,19240.0,882913.6499999999,285134.591256459,107.0,0.0,522615,200006,0.3663743286423279
4,H04,main_span,14,2,CW2_GATE_14,gate,1083,GANTRY_PHI54,2,26144,19500.0,882918.3,285027.591256459,19500.0,882913.6499999999,285134.591256459,107.0,0.0,522686,200006,0.3663743286423279
4,H04,main_span,14,2,CW2_GATE_14,gate,1083,GANTRY_PHI54,3,26539,19760.0,882918.3,285027.591256459,19760.0,882913.6499999999,285134.591256459,107.0,0.0,522757,200006,0.3663743286423279
4,H04,main_span,14,2,CW2_GATE_14,gate,1083,GANTRY_PHI54,4,26934,23140.0,882918.3,285027.591256459,23140.0,882913.6499999999,285134.591256459,107.0,0.0,522828,200006,0.3663743286423279
4,H04,main_span,14,2,CW2_GATE_14,gate,1083,GANTRY_PHI54,5,27329,23400.0,882918.3,285027.591256459,23400.0,882913.6499999999,285134.591256459,107.0,0.0,522899,200006,0.3663743286423279
4,H04,main_span,14,2,CW2_GATE_14,gate,1083,GANTRY_PHI54,6,27724,23660.0,882918.3,285027.591256459,23660.0,882913.6499999999,285134.591256459,107.0,0.0,522970,200006,0.3663743286423279
5,H05,main_span,17,1,CW1_GATE_17,bottom,201,BOTTOM_PHI50,1,201,-24120.0,1053909.0,223724.186533411,-24120.0,1053913.65,223836.686533411,112.5,0.0,500185,200013,0.4469202529063838
5,H05,main_span,17,1,CW1_GATE_17,bottom,201,BOTTOM_PHI50,2,929,-23860.0,1053909.0,223724.186533411,-23860.0,1053913.65,223836.686533411,112.5,0.0,500878,200013,0.4469202529063838
5,H05,main_span,17,1,CW1_GATE_17,bottom,201,BOTTOM_PHI50,3,1657,-23600.0,1053909.0,223724.186533411,-23600.0,1053913.65,223836.686533411,112.5,0.0,501571,200013,0.4469202529063838
5,H05,main_span,17,1,CW1_GATE_17,bottom,201,BOTTOM_PHI50,4,2385,-23340.0,1053909.0,223724.186533411,-23340.0,1053913.65,223836.686533411,112.5,0.0,502264,200013,0.4469202529063838
5,H05,main_span,17,1,CW1_GATE_17,bottom,201,BOTTOM_PHI50,5,3113,-23080.0,1053909.0,223724.186533411,-23080.0,1053913.65,223836.686533411,112.5,0.0,502957,200013,0.4469202529063838
5,H05,main_span,17,1,CW1_GATE_17,bottom,201,BOTTOM_PHI50,6,3841,-22820.0,1053909.0,223724.186533411,-22820.0,1053913.65,223836.686533411,112.5,0.0,503650,200013,0.4469202529063838
5,H05,main_span,17,1,CW1_GATE_17,bottom,201,BOTTOM_PHI50,7,4569,-22560.0,1053909.0,223724.186533411,-22560.0,1053913.65,223836.686533411,112.5,0.0,504343,200013,0.4469202529063838
5,H05,main_span,17,1,CW1_GATE_17,bottom,201,BOTTOM_PHI50,8,5297,-22300.0,1053909.0,223724.186533411,-22300.0,1053913.65,223836.686533411,112.5,0.0,505036,200013,0.4469202529063838
5,H05,main_span,17,1,CW1_GATE_17,bottom,201,BOTTOM_PHI50,9,6025,-20600.0,1053909.0,223724.186533411,-20600.0,1053913.65,223836.686533411,112.5,0.0,505729,200013,0.4469202529063838
5,H05,main_span,17,1,CW1_GATE_17,bottom,201,BOTTOM_PHI50,10,6753,-20340.0,1053909.0,223724.186533411,-20340.0,1053913.65,223836.686533411,112.5,0.0,506422,200013,0.4469202529063838
5,H05,main_span,17,1,CW1_GATE_17,bottom,201,BOTTOM_PHI50,11,7481,-20080.0,1053909.0,223724.186533411,-20080.0,1053913.65,223836.686533411,112.5,0.0,507115,200013,0.4469202529063838
5,H05,main_span,17,1,CW1_GATE_17,bottom,201,BOTTOM_PHI50,12,8209,-19820.0,1053909.0,223724.186533411,-19820.0,1053913.65,223836.686533411,112.5,0.0,507808,200013,0.4469202529063838
5,H05,main_span,17,1,CW1_GATE_17,bottom,201,BOTTOM_PHI50,13,8937,-19560.0,1053909.0,223724.186533411,-19560.0,1053913.65,223836.686533411,112.5,0.0,508501,200013,0.4469202529063838
5,H05,main_span,17,1,CW1_GATE_17,bottom,201,BOTTOM_PHI50,14,9665,-19300.0,1053909.0,223724.186533411,-19300.0,1053913.65,223836.686533411,112.5,0.0,509194,200013,0.4469202529063838
5,H05,main_span,17,1,CW1_GATE_17,bottom,201,BOTTOM_PHI50,15,10393,-19040.0,1053909.0,223724.186533411,-19040.0,1053913.65,223836.686533411,112.5,0.0,509887,200013,0.4469202529063838
5,H05,main_span,17,1,CW1_GATE_17,bottom,201,BOTTOM_PHI50,16,11121,-18780.0,1053909.0,223724.186533411,-18780.0,1053913.65,223836.686533411,112.5,0.0,510580,200013,0.4469202529063838
5,H05,main_span,17,1,CW1_GATE_17,gate,1098,GANTRY_PHI54,1,11746,-23660.0,1053918.3,232666.153448418,-23660.0,1053913.65,232773.153448418,107.0,0.0,511104,200006,0.3663743286423279
5,H05,main_span,17,1,CW1_GATE_17,gate,1098,GANTRY_PHI54,2,12141,-23400.0,1053918.3,232666.153448418,-23400.0,1053913.65,232773.153448418,107.0,0.0,511175,200006,0.3663743286423279
5,H05,main_span,17,1,CW1_GATE_17,gate,1098,GANTRY_PHI54,3,12536,-23140.0,1053918.3,232666.153448418,-23140.0,1053913.65,232773.153448418,107.0,0.0,511246,200006,0.3663743286423279
5,H05,main_span,17,1,CW1_GATE_17,gate,1098,GANTRY_PHI54,4,12931,-19760.0,1053918.3,232666.153448418,-19760.0,1053913.65,232773.153448418,107.0,0.0,511317,200006,0.3663743286423279
5,H05,main_span,17,1,CW1_GATE_17,gate,1098,GANTRY_PHI54,5,13326,-19500.0,1053918.3,232666.153448418,-19500.0,1053913.65,232773.153448418,107.0,0.0,511388,200006,0.3663743286423279
5,H05,main_span,17,1,CW1_GATE_17,gate,1098,GANTRY_PHI54,6,13721,-19240.0,1053918.3,232666.153448418,-19240.0,1053913.65,232773.153448418,107.0,0.0,511459,200006,0.3663743286423279
5,H05,main_span,17,2,CW2_GATE_17,bottom,201,BOTTOM_PHI50,1,14219,18780.0,1053909.0,223724.186533411,18780.0,1053913.65,223836.686533411,112.5,0.0,511699,200013,0.4469202529063838
5,H05,main_span,17,2,CW2_GATE_17,bottom,201,BOTTOM_PHI50,2,14947,19040.0,1053909.0,223724.186533411,19040.0,1053913.65,223836.686533411,112.5,0.0,512392,200013,0.4469202529063838
5,H05,main_span,17,2,CW2_GATE_17,bottom,201,BOTTOM_PHI50,3,15675,19300.0,1053909.0,223724.186533411,19300.0,1053913.65,223836.686533411,112.5,0.0,513085,200013,0.4469202529063838
5,H05,main_span,17,2,CW2_GATE_17,bottom,201,BOTTOM_PHI50,4,16403,19560.0,1053909.0,223724.186533411,19560.0,1053913.65,223836.686533411,112.5,0.0,513778,200013,0.4469202529063838
5,H05,main_span,17,2,CW2_GATE_17,bottom,201,BOTTOM_PHI50,5,17131,19820.0,1053909.0,223724.186533411,19820.0,1053913.65,223836.686533411,112.5,0.0,514471,200013,0.4469202529063838
5,H05,main_span,17,2,CW2_GATE_17,bottom,201,BOTTOM_PHI50,6,17859,20080.0,1053909.0,223724.186533411,20080.0,1053913.65,223836.686533411,112.5,0.0,515164,200013,0.4469202529063838
5,H05,main_span,17,2,CW2_GATE_17,bottom,201,BOTTOM_PHI50,7,18587,20340.0,1053909.0,223724.186533411,20340.0,1053913.65,223836.686533411,112.5,0.0,515857,200013,0.4469202529063838
5,H05,main_span,17,2,CW2_GATE_17,bottom,201,BOTTOM_PHI50,8,19315,20600.0,1053909.0,223724.186533411,20600.0,1053913.65,223836.686533411,112.5,0.0,516550,200013,0.4469202529063838
5,H05,main_span,17,2,CW2_GATE_17,bottom,201,BOTTOM_PHI50,9,20043,22300.0,1053909.0,223724.186533411,22300.0,1053913.65,223836.686533411,112.5,0.0,517243,200013,0.4469202529063838
5,H05,main_span,17,2,CW2_GATE_17,bottom,201,BOTTOM_PHI50,10,20771,22560.0,1053909.0,223724.186533411,22560.0,1053913.65,223836.686533411,112.5,0.0,517936,200013,0.4469202529063838
5,H05,main_span,17,2,CW2_GATE_17,bottom,201,BOTTOM_PHI50,11,21499,22820.0,1053909.0,223724.186533411,22820.0,1053913.65,223836.686533411,112.5,0.0,518629,200013,0.4469202529063838
5,H05,main_span,17,2,CW2_GATE_17,bottom,201,BOTTOM_PHI50,12,22227,23080.0,1053909.0,223724.186533411,23080.0,1053913.65,223836.686533411,112.5,0.0,519322,200013,0.4469202529063838
5,H05,main_span,17,2,CW2_GATE_17,bottom,201,BOTTOM_PHI50,13,22955,23340.0,1053909.0,223724.186533411,23340.0,1053913.65,223836.686533411,112.5,0.0,520015,200013,0.4469202529063838
5,H05,main_span,17,2,CW2_GATE_17,bottom,201,BOTTOM_PHI50,14,23683,23600.0,1053909.0,223724.186533411,23600.0,1053913.65,223836.686533411,112.5,0.0,520708,200013,0.4469202529063838
5,H05,main_span,17,2,CW2_GATE_17,bottom,201,BOTTOM_PHI50,15,24411,23860.0,1053909.0,223724.186533411,23860.0,1053913.65,223836.686533411,112.5,0.0,521401,200013,0.4469202529063838
5,H05,main_span,17,2,CW2_GATE_17,bottom,201,BOTTOM_PHI50,16,25139,24120.0,1053909.0,223724.186533411,24120.0,1053913.65,223836.686533411,112.5,0.0,522094,200013,0.4469202529063838
5,H05,main_span,17,2,CW2_GATE_17,gate,1098,GANTRY_PHI54,1,25764,19240.0,1053918.3,232666.153448418,19240.0,1053913.65,232773.153448418,107.0,0.0,522618,200006,0.3663743286423279
5,H05,main_span,17,2,CW2_GATE_17,gate,1098,GANTRY_PHI54,2,26159,19500.0,1053918.3,232666.153448418,19500.0,1053913.65,232773.153448418,107.0,0.0,522689,200006,0.3663743286423279
5,H05,main_span,17,2,CW2_GATE_17,gate,1098,GANTRY_PHI54,3,26554,19760.0,1053918.3,232666.153448418,19760.0,1053913.65,232773.153448418,107.0,0.0,522760,200006,0.3663743286423279
5,H05,main_span,17,2,CW2_GATE_17,gate,1098,GANTRY_PHI54,4,26949,23140.0,1053918.3,232666.153448418,23140.0,1053913.65,232773.153448418,107.0,0.0,522831,200006,0.3663743286423279
5,H05,main_span,17,2,CW2_GATE_17,gate,1098,GANTRY_PHI54,5,27344,23400.0,1053918.3,232666.153448418,23400.0,1053913.65,232773.153448418,107.0,0.0,522902,200006,0.3663743286423279
5,H05,main_span,17,2,CW2_GATE_17,gate,1098,GANTRY_PHI54,6,27739,23660.0,1053918.3,232666.153448418,23660.0,1053913.65,232773.153448418,107.0,0.0,522973,200006,0.3663743286423279
6,H06,main_span,20,1,CW1_GATE_20,bottom,222,BOTTOM_PHI50,1,222,-24120.0,1224909.0,181596.562478559,-24120.0,1224913.65,181709.062478559,112.5,0.0,500206,200013,0.4469202529063838
6,H06,main_span,20,1,CW1_GATE_20,bottom,222,BOTTOM_PHI50,2,950,-23860.0,1224909.0,181596.562478559,-23860.0,1224913.65,181709.062478559,112.5,0.0,500899,200013,0.4469202529063838
6,H06,main_span,20,1,CW1_GATE_20,bottom,222,BOTTOM_PHI50,3,1678,-23600.0,1224909.0,181596.562478559,-23600.0,1224913.65,181709.062478559,112.5,0.0,501592,200013,0.4469202529063838
6,H06,main_span,20,1,CW1_GATE_20,bottom,222,BOTTOM_PHI50,4,2406,-23340.0,1224909.0,181596.562478559,-23340.0,1224913.65,181709.062478559,112.5,0.0,502285,200013,0.4469202529063838
6,H06,main_span,20,1,CW1_GATE_20,bottom,222,BOTTOM_PHI50,5,3134,-23080.0,1224909.0,181596.562478559,-23080.0,1224913.65,181709.062478559,112.5,0.0,502978,200013,0.4469202529063838
6,H06,main_span,20,1,CW1_GATE_20,bottom,222,BOTTOM_PHI50,6,3862,-22820.0,1224909.0,181596.562478559,-22820.0,1224913.65,181709.062478559,112.5,0.0,503671,200013,0.4469202529063838
6,H06,main_span,20,1,CW1_GATE_20,bottom,222,BOTTOM_PHI50,7,4590,-22560.0,1224909.0,181596.562478559,-22560.0,1224913.65,181709.062478559,112.5,0.0,504364,200013,0.4469202529063838
6,H06,main_span,20,1,CW1_GATE_20,bottom,222,BOTTOM_PHI50,8,5318,-22300.0,1224909.0,181596.562478559,-22300.0,1224913.65,181709.062478559,112.5,0.0,505057,200013,0.4469202529063838
6,H06,main_span,20,1,CW1_GATE_20,bottom,222,BOTTOM_PHI50,9,6046,-20600.0,1224909.0,181596.562478559,-20600.0,1224913.65,181709.062478559,112.5,0.0,505750,200013,0.4469202529063838
6,H06,main_span,20,1,CW1_GATE_20,bottom,222,BOTTOM_PHI50,10,6774,-20340.0,1224909.0,181596.562478559,-20340.0,1224913.65,181709.062478559,112.5,0.0,506443,200013,0.4469202529063838
6,H06,main_span,20,1,CW1_GATE_20,bottom,222,BOTTOM_PHI50,11,7502,-20080.0,1224909.0,181596.562478559,-20080.0,1224913.65,181709.062478559,112.5,0.0,507136,200013,0.4469202529063838
6,H06,main_span,20,1,CW1_GATE_20,bottom,222,BOTTOM_PHI50,12,8230,-19820.0,1224909.0,181596.562478559,-19820.0,1224913.65,181709.062478559,112.5,0.0,507829,200013,0.4469202529063838
6,H06,main_span,20,1,CW1_GATE_20,bottom,222,BOTTOM_PHI50,13,8958,-19560.0,1224909.0,181596.562478559,-19560.0,1224913.65,181709.062478559,112.5,0.0,508522,200013,0.4469202529063838
6,H06,main_span,20,1,CW1_GATE_20,bottom,222,BOTTOM_PHI50,14,9686,-19300.0,1224909.0,181596.562478559,-19300.0,1224913.65,181709.062478559,112.5,0.0,509215,200013,0.4469202529063838
6,H06,main_span,20,1,CW1_GATE_20,bottom,222,BOTTOM_PHI50,15,10414,-19040.0,1224909.0,181596.562478559,-19040.0,1224913.65,181709.062478559,112.5,0.0,509908,200013,0.4469202529063838
6,H06,main_span,20,1,CW1_GATE_20,bottom,222,BOTTOM_PHI50,16,11142,-18780.0,1224909.0,181596.562478559,-18780.0,1224913.65,181709.062478559,112.5,0.0,510601,200013,0.4469202529063838
6,H06,main_span,20,1,CW1_GATE_20,gate,1113,GANTRY_PHI54,1,11761,-23660.0,1224918.3,190358.488463189,-23660.0,1224913.65,190465.488463189,107.0,0.0,511107,200006,0.3663743286423279
6,H06,main_span,20,1,CW1_GATE_20,gate,1113,GANTRY_PHI54,2,12156,-23400.0,1224918.3,190358.488463189,-23400.0,1224913.65,190465.488463189,107.0,0.0,511178,200006,0.3663743286423279
6,H06,main_span,20,1,CW1_GATE_20,gate,1113,GANTRY_PHI54,3,12551,-23140.0,1224918.3,190358.488463189,-23140.0,1224913.65,190465.488463189,107.0,0.0,511249,200006,0.3663743286423279
6,H06,main_span,20,1,CW1_GATE_20,gate,1113,GANTRY_PHI54,4,12946,-19760.0,1224918.3,190358.488463189,-19760.0,1224913.65,190465.488463189,107.0,0.0,511320,200006,0.3663743286423279
6,H06,main_span,20,1,CW1_GATE_20,gate,1113,GANTRY_PHI54,5,13341,-19500.0,1224918.3,190358.488463189,-19500.0,1224913.65,190465.488463189,107.0,0.0,511391,200006,0.3663743286423279
6,H06,main_span,20,1,CW1_GATE_20,gate,1113,GANTRY_PHI54,6,13736,-19240.0,1224918.3,190358.488463189,-19240.0,1224913.65,190465.488463189,107.0,0.0,511462,200006,0.3663743286423279
6,H06,main_span,20,2,CW2_GATE_20,bottom,222,BOTTOM_PHI50,1,14240,18780.0,1224909.0,181596.562478559,18780.0,1224913.65,181709.062478559,112.5,0.0,511720,200013,0.4469202529063838
6,H06,main_span,20,2,CW2_GATE_20,bottom,222,BOTTOM_PHI50,2,14968,19040.0,1224909.0,181596.562478559,19040.0,1224913.65,181709.062478559,112.5,0.0,512413,200013,0.4469202529063838
6,H06,main_span,20,2,CW2_GATE_20,bottom,222,BOTTOM_PHI50,3,15696,19300.0,1224909.0,181596.562478559,19300.0,1224913.65,181709.062478559,112.5,0.0,513106,200013,0.4469202529063838
6,H06,main_span,20,2,CW2_GATE_20,bottom,222,BOTTOM_PHI50,4,16424,19560.0,1224909.0,181596.562478559,19560.0,1224913.65,181709.062478559,112.5,0.0,513799,200013,0.4469202529063838
6,H06,main_span,20,2,CW2_GATE_20,bottom,222,BOTTOM_PHI50,5,17152,19820.0,1224909.0,181596.562478559,19820.0,1224913.65,181709.062478559,112.5,0.0,514492,200013,0.4469202529063838
6,H06,main_span,20,2,CW2_GATE_20,bottom,222,BOTTOM_PHI50,6,17880,20080.0,1224909.0,181596.562478559,20080.0,1224913.65,181709.062478559,112.5,0.0,515185,200013,0.4469202529063838
6,H06,main_span,20,2,CW2_GATE_20,bottom,222,BOTTOM_PHI50,7,18608,20340.0,1224909.0,181596.562478559,20340.0,1224913.65,181709.062478559,112.5,0.0,515878,200013,0.4469202529063838
6,H06,main_span,20,2,CW2_GATE_20,bottom,222,BOTTOM_PHI50,8,19336,20600.0,1224909.0,181596.562478559,20600.0,1224913.65,181709.062478559,112.5,0.0,516571,200013,0.4469202529063838
6,H06,main_span,20,2,CW2_GATE_20,bottom,222,BOTTOM_PHI50,9,20064,22300.0,1224909.0,181596.562478559,22300.0,1224913.65,181709.062478559,112.5,0.0,517264,200013,0.4469202529063838
6,H06,main_span,20,2,CW2_GATE_20,bottom,222,BOTTOM_PHI50,10,20792,22560.0,1224909.0,181596.562478559,22560.0,1224913.65,181709.062478559,112.5,0.0,517957,200013,0.4469202529063838
6,H06,main_span,20,2,CW2_GATE_20,bottom,222,BOTTOM_PHI50,11,21520,22820.0,1224909.0,181596.562478559,22820.0,1224913.65,181709.062478559,112.5,0.0,518650,200013,0.4469202529063838
6,H06,main_span,20,2,CW2_GATE_20,bottom,222,BOTTOM_PHI50,12,22248,23080.0,1224909.0,181596.562478559,23080.0,1224913.65,181709.062478559,112.5,0.0,519343,200013,0.4469202529063838
6,H06,main_span,20,2,CW2_GATE_20,bottom,222,BOTTOM_PHI50,13,22976,23340.0,1224909.0,181596.562478559,23340.0,1224913.65,181709.062478559,112.5,0.0,520036,200013,0.4469202529063838
6,H06,main_span,20,2,CW2_GATE_20,bottom,222,BOTTOM_PHI50,14,23704,23600.0,1224909.0,181596.562478559,23600.0,1224913.65,181709.062478559,112.5,0.0,520729,200013,0.4469202529063838
6,H06,main_span,20,2,CW2_GATE_20,bottom,222,BOTTOM_PHI50,15,24432,23860.0,1224909.0,181596.562478559,23860.0,1224913.65,181709.062478559,112.5,0.0,521422,200013,0.4469202529063838
6,H06,main_span,20,2,CW2_GATE_20,bottom,222,BOTTOM_PHI50,16,25160,24120.0,1224909.0,181596.562478559,24120.0,1224913.65,181709.062478559,112.5,0.0,522115,200013,0.4469202529063838
6,H06,main_span,20,2,CW2_GATE_20,gate,1113,GANTRY_PHI54,1,25779,19240.0,1224918.3,190358.488463189,19240.0,1224913.65,190465.488463189,107.0,0.0,522621,200006,0.3663743286423279
6,H06,main_span,20,2,CW2_GATE_20,gate,1113,GANTRY_PHI54,2,26174,19500.0,1224918.3,190358.488463189,19500.0,1224913.65,190465.488463189,107.0,0.0,522692,200006,0.3663743286423279
6,H06,main_span,20,2,CW2_GATE_20,gate,1113,GANTRY_PHI54,3,26569,19760.0,1224918.3,190358.488463189,19760.0,1224913.65,190465.488463189,107.0,0.0,522763,200006,0.3663743286423279
6,H06,main_span,20,2,CW2_GATE_20,gate,1113,GANTRY_PHI54,4,26964,23140.0,1224918.3,190358.488463189,23140.0,1224913.65,190465.488463189,107.0,0.0,522834,200006,0.3663743286423279
6,H06,main_span,20,2,CW2_GATE_20,gate,1113,GANTRY_PHI54,5,27359,23400.0,1224918.3,190358.488463189,23400.0,1224913.65,190465.488463189,107.0,0.0,522905,200006,0.3663743286423279
6,H06,main_span,20,2,CW2_GATE_20,gate,1113,GANTRY_PHI54,6,27754,23660.0,1224918.3,190358.488463189,23660.0,1224913.65,190465.488463189,107.0,0.0,522976,200006,0.3663743286423279
7,H07,main_span,23,1,CW1_GATE_23,bottom,243,BOTTOM_PHI50,1,243,-24120.0,1395909.0,149546.421815958,-24120.0,1395913.65,149658.921815958,112.5,0.0,500227,200013,0.4469202529063838
7,H07,main_span,23,1,CW1_GATE_23,bottom,243,BOTTOM_PHI50,2,971,-23860.0,1395909.0,149546.421815958,-23860.0,1395913.65,149658.921815958,112.5,0.0,500920,200013,0.4469202529063838
7,H07,main_span,23,1,CW1_GATE_23,bottom,243,BOTTOM_PHI50,3,1699,-23600.0,1395909.0,149546.421815958,-23600.0,1395913.65,149658.921815958,112.5,0.0,501613,200013,0.4469202529063838
7,H07,main_span,23,1,CW1_GATE_23,bottom,243,BOTTOM_PHI50,4,2427,-23340.0,1395909.0,149546.421815958,-23340.0,1395913.65,149658.921815958,112.5,0.0,502306,200013,0.4469202529063838
7,H07,main_span,23,1,CW1_GATE_23,bottom,243,BOTTOM_PHI50,5,3155,-23080.0,1395909.0,149546.421815958,-23080.0,1395913.65,149658.921815958,112.5,0.0,502999,200013,0.4469202529063838
7,H07,main_span,23,1,CW1_GATE_23,bottom,243,BOTTOM_PHI50,6,3883,-22820.0,1395909.0,149546.421815958,-22820.0,1395913.65,149658.921815958,112.5,0.0,503692,200013,0.4469202529063838
7,H07,main_span,23,1,CW1_GATE_23,bottom,243,BOTTOM_PHI50,7,4611,-22560.0,1395909.0,149546.421815958,-22560.0,1395913.65,149658.921815958,112.5,0.0,504385,200013,0.4469202529063838
7,H07,main_span,23,1,CW1_GATE_23,bottom,243,BOTTOM_PHI50,8,5339,-22300.0,1395909.0,149546.421815958,-22300.0,1395913.65,149658.921815958,112.5,0.0,505078,200013,0.4469202529063838
7,H07,main_span,23,1,CW1_GATE_23,bottom,243,BOTTOM_PHI50,9,6067,-20600.0,1395909.0,149546.421815958,-20600.0,1395913.65,149658.921815958,112.5,0.0,505771,200013,0.4469202529063838
7,H07,main_span,23,1,CW1_GATE_23,bottom,243,BOTTOM_PHI50,10,6795,-20340.0,1395909.0,149546.421815958,-20340.0,1395913.65,149658.921815958,112.5,0.0,506464,200013,0.4469202529063838
7,H07,main_span,23,1,CW1_GATE_23,bottom,243,BOTTOM_PHI50,11,7523,-20080.0,1395909.0,149546.421815958,-20080.0,1395913.65,149658.921815958,112.5,0.0,507157,200013,0.4469202529063838
7,H07,main_span,23,1,CW1_GATE_23,bottom,243,BOTTOM_PHI50,12,8251,-19820.0,1395909.0,149546.421815958,-19820.0,1395913.65,149658.921815958,112.5,0.0,507850,200013,0.4469202529063838
7,H07,main_span,23,1,CW1_GATE_23,bottom,243,BOTTOM_PHI50,13,8979,-19560.0,1395909.0,149546.421815958,-19560.0,1395913.65,149658.921815958,112.5,0.0,508543,200013,0.4469202529063838
7,H07,main_span,23,1,CW1_GATE_23,bottom,243,BOTTOM_PHI50,14,9707,-19300.0,1395909.0,149546.421815958,-19300.0,1395913.65,149658.921815958,112.5,0.0,509236,200013,0.4469202529063838
7,H07,main_span,23,1,CW1_GATE_23,bottom,243,BOTTOM_PHI50,15,10435,-19040.0,1395909.0,149546.421815958,-19040.0,1395913.65,149658.921815958,112.5,0.0,509929,200013,0.4469202529063838
7,H07,main_span,23,1,CW1_GATE_23,bottom,243,BOTTOM_PHI50,16,11163,-18780.0,1395909.0,149546.421815958,-18780.0,1395913.65,149658.921815958,112.5,0.0,510622,200013,0.4469202529063838
7,H07,main_span,23,1,CW1_GATE_23,gate,1128,GANTRY_PHI54,1,11776,-23660.0,1395918.2999999998,158011.763592546,-23660.0,1395913.65,158118.763592546,107.0,0.0,511110,200006,0.3663743286423279
7,H07,main_span,23,1,CW1_GATE_23,gate,1128,GANTRY_PHI54,2,12171,-23400.0,1395918.2999999998,158011.763592546,-23400.0,1395913.65,158118.763592546,107.0,0.0,511181,200006,0.3663743286423279
7,H07,main_span,23,1,CW1_GATE_23,gate,1128,GANTRY_PHI54,3,12566,-23140.0,1395918.2999999998,158011.763592546,-23140.0,1395913.65,158118.763592546,107.0,0.0,511252,200006,0.3663743286423279
7,H07,main_span,23,1,CW1_GATE_23,gate,1128,GANTRY_PHI54,4,12961,-19760.0,1395918.2999999998,158011.763592546,-19760.0,1395913.65,158118.763592546,107.0,0.0,511323,200006,0.3663743286423279
7,H07,main_span,23,1,CW1_GATE_23,gate,1128,GANTRY_PHI54,5,13356,-19500.0,1395918.2999999998,158011.763592546,-19500.0,1395913.65,158118.763592546,107.0,0.0,511394,200006,0.3663743286423279
7,H07,main_span,23,1,CW1_GATE_23,gate,1128,GANTRY_PHI54,6,13751,-19240.0,1395918.2999999998,158011.763592546,-19240.0,1395913.65,158118.763592546,107.0,0.0,511465,200006,0.3663743286423279
7,H07,main_span,23,2,CW2_GATE_23,bottom,243,BOTTOM_PHI50,1,14261,18780.0,1395909.0,149546.421815958,18780.0,1395913.65,149658.921815958,112.5,0.0,511741,200013,0.4469202529063838
7,H07,main_span,23,2,CW2_GATE_23,bottom,243,BOTTOM_PHI50,2,14989,19040.0,1395909.0,149546.421815958,19040.0,1395913.65,149658.921815958,112.5,0.0,512434,200013,0.4469202529063838
7,H07,main_span,23,2,CW2_GATE_23,bottom,243,BOTTOM_PHI50,3,15717,19300.0,1395909.0,149546.421815958,19300.0,1395913.65,149658.921815958,112.5,0.0,513127,200013,0.4469202529063838
7,H07,main_span,23,2,CW2_GATE_23,bottom,243,BOTTOM_PHI50,4,16445,19560.0,1395909.0,149546.421815958,19560.0,1395913.65,149658.921815958,112.5,0.0,513820,200013,0.4469202529063838
7,H07,main_span,23,2,CW2_GATE_23,bottom,243,BOTTOM_PHI50,5,17173,19820.0,1395909.0,149546.421815958,19820.0,1395913.65,149658.921815958,112.5,0.0,514513,200013,0.4469202529063838
7,H07,main_span,23,2,CW2_GATE_23,bottom,243,BOTTOM_PHI50,6,17901,20080.0,1395909.0,149546.421815958,20080.0,1395913.65,149658.921815958,112.5,0.0,515206,200013,0.4469202529063838
7,H07,main_span,23,2,CW2_GATE_23,bottom,243,BOTTOM_PHI50,7,18629,20340.0,1395909.0,149546.421815958,20340.0,1395913.65,149658.921815958,112.5,0.0,515899,200013,0.4469202529063838
7,H07,main_span,23,2,CW2_GATE_23,bottom,243,BOTTOM_PHI50,8,19357,20600.0,1395909.0,149546.421815958,20600.0,1395913.65,149658.921815958,112.5,0.0,516592,200013,0.4469202529063838
7,H07,main_span,23,2,CW2_GATE_23,bottom,243,BOTTOM_PHI50,9,20085,22300.0,1395909.0,149546.421815958,22300.0,1395913.65,149658.921815958,112.5,0.0,517285,200013,0.4469202529063838
7,H07,main_span,23,2,CW2_GATE_23,bottom,243,BOTTOM_PHI50,10,20813,22560.0,1395909.0,149546.421815958,22560.0,1395913.65,149658.921815958,112.5,0.0,517978,200013,0.4469202529063838
7,H07,main_span,23,2,CW2_GATE_23,bottom,243,BOTTOM_PHI50,11,21541,22820.0,1395909.0,149546.421815958,22820.0,1395913.65,149658.921815958,112.5,0.0,518671,200013,0.4469202529063838
7,H07,main_span,23,2,CW2_GATE_23,bottom,243,BOTTOM_PHI50,12,22269,23080.0,1395909.0,149546.421815958,23080.0,1395913.65,149658.921815958,112.5,0.0,519364,200013,0.4469202529063838
7,H07,main_span,23,2,CW2_GATE_23,bottom,243,BOTTOM_PHI50,13,22997,23340.0,1395909.0,149546.421815958,23340.0,1395913.65,149658.921815958,112.5,0.0,520057,200013,0.4469202529063838
7,H07,main_span,23,2,CW2_GATE_23,bottom,243,BOTTOM_PHI50,14,23725,23600.0,1395909.0,149546.421815958,23600.0,1395913.65,149658.921815958,112.5,0.0,520750,200013,0.4469202529063838
7,H07,main_span,23,2,CW2_GATE_23,bottom,243,BOTTOM_PHI50,15,24453,23860.0,1395909.0,149546.421815958,23860.0,1395913.65,149658.921815958,112.5,0.0,521443,200013,0.4469202529063838
7,H07,main_span,23,2,CW2_GATE_23,bottom,243,BOTTOM_PHI50,16,25181,24120.0,1395909.0,149546.421815958,24120.0,1395913.65,149658.921815958,112.5,0.0,522136,200013,0.4469202529063838
7,H07,main_span,23,2,CW2_GATE_23,gate,1128,GANTRY_PHI54,1,25794,19240.0,1395918.2999999998,158011.763592546,19240.0,1395913.65,158118.763592546,107.0,0.0,522624,200006,0.3663743286423279
7,H07,main_span,23,2,CW2_GATE_23,gate,1128,GANTRY_PHI54,2,26189,19500.0,1395918.2999999998,158011.763592546,19500.0,1395913.65,158118.763592546,107.0,0.0,522695,200006,0.3663743286423279
7,H07,main_span,23,2,CW2_GATE_23,gate,1128,GANTRY_PHI54,3,26584,19760.0,1395918.2999999998,158011.763592546,19760.0,1395913.65,158118.763592546,107.0,0.0,522766,200006,0.3663743286423279
7,H07,main_span,23,2,CW2_GATE_23,gate,1128,GANTRY_PHI54,4,26979,23140.0,1395918.2999999998,158011.763592546,23140.0,1395913.65,158118.763592546,107.0,0.0,522837,200006,0.3663743286423279
7,H07,main_span,23,2,CW2_GATE_23,gate,1128,GANTRY_PHI54,5,27374,23400.0,1395918.2999999998,158011.763592546,23400.0,1395913.65,158118.763592546,107.0,0.0,522908,200006,0.3663743286423279
7,H07,main_span,23,2,CW2_GATE_23,gate,1128,GANTRY_PHI54,6,27769,23660.0,1395918.2999999998,158011.763592546,23660.0,1395913.65,158118.763592546,107.0,0.0,522979,200006,0.3663743286423279
8,H08,main_span,26,1,CW1_GATE_26,bottom,262,BOTTOM_PHI50,1,262,-24120.0,1546918.2999999998,129617.42236002,-24120.0,1546918.2999999998,129729.92236002,112.5,0.0,500246,200010,0.4307949214766469
8,H08,main_span,26,1,CW1_GATE_26,bottom,262,BOTTOM_PHI50,2,990,-23860.0,1546918.2999999998,129617.42236002,-23860.0,1546918.2999999998,129729.92236002,112.5,0.0,500939,200010,0.4307949214766469
8,H08,main_span,26,1,CW1_GATE_26,bottom,262,BOTTOM_PHI50,3,1718,-23600.0,1546918.2999999998,129617.42236002,-23600.0,1546918.2999999998,129729.92236002,112.5,0.0,501632,200010,0.4307949214766469
8,H08,main_span,26,1,CW1_GATE_26,bottom,262,BOTTOM_PHI50,4,2446,-23340.0,1546918.2999999998,129617.42236002,-23340.0,1546918.2999999998,129729.92236002,112.5,0.0,502325,200010,0.4307949214766469
8,H08,main_span,26,1,CW1_GATE_26,bottom,262,BOTTOM_PHI50,5,3174,-23080.0,1546918.2999999998,129617.42236002,-23080.0,1546918.2999999998,129729.92236002,112.5,0.0,503018,200010,0.4307949214766469
8,H08,main_span,26,1,CW1_GATE_26,bottom,262,BOTTOM_PHI50,6,3902,-22820.0,1546918.2999999998,129617.42236002,-22820.0,1546918.2999999998,129729.92236002,112.5,0.0,503711,200010,0.4307949214766469
8,H08,main_span,26,1,CW1_GATE_26,bottom,262,BOTTOM_PHI50,7,4630,-22560.0,1546918.2999999998,129617.42236002,-22560.0,1546918.2999999998,129729.92236002,112.5,0.0,504404,200010,0.4307949214766469
8,H08,main_span,26,1,CW1_GATE_26,bottom,262,BOTTOM_PHI50,8,5358,-22300.0,1546918.2999999998,129617.42236002,-22300.0,1546918.2999999998,129729.92236002,112.5,0.0,505097,200010,0.4307949214766469
8,H08,main_span,26,1,CW1_GATE_26,bottom,262,BOTTOM_PHI50,9,6086,-20600.0,1546918.2999999998,129617.42236002,-20600.0,1546918.2999999998,129729.92236002,112.5,0.0,505790,200010,0.4307949214766469
8,H08,main_span,26,1,CW1_GATE_26,bottom,262,BOTTOM_PHI50,10,6814,-20340.0,1546918.2999999998,129617.42236002,-20340.0,1546918.2999999998,129729.92236002,112.5,0.0,506483,200010,0.4307949214766469
8,H08,main_span,26,1,CW1_GATE_26,bottom,262,BOTTOM_PHI50,11,7542,-20080.0,1546918.2999999998,129617.42236002,-20080.0,1546918.2999999998,129729.92236002,112.5,0.0,507176,200010,0.4307949214766469
8,H08,main_span,26,1,CW1_GATE_26,bottom,262,BOTTOM_PHI50,12,8270,-19820.0,1546918.2999999998,129617.42236002,-19820.0,1546918.2999999998,129729.92236002,112.5,0.0,507869,200010,0.4307949214766469
8,H08,main_span,26,1,CW1_GATE_26,bottom,262,BOTTOM_PHI50,13,8998,-19560.0,1546918.2999999998,129617.42236002,-19560.0,1546918.2999999998,129729.92236002,112.5,0.0,508562,200010,0.4307949214766469
8,H08,main_span,26,1,CW1_GATE_26,bottom,262,BOTTOM_PHI50,14,9726,-19300.0,1546918.2999999998,129617.42236002,-19300.0,1546918.2999999998,129729.92236002,112.5,0.0,509255,200010,0.4307949214766469
8,H08,main_span,26,1,CW1_GATE_26,bottom,262,BOTTOM_PHI50,15,10454,-19040.0,1546918.2999999998,129617.42236002,-19040.0,1546918.2999999998,129729.92236002,112.5,0.0,509948,200010,0.4307949214766469
8,H08,main_span,26,1,CW1_GATE_26,bottom,262,BOTTOM_PHI50,16,11182,-18780.0,1546918.2999999998,129617.42236002,-18780.0,1546918.2999999998,129729.92236002,112.5,0.0,510641,200010,0.4307949214766469
8,H08,main_span,26,1,CW1_GATE_26,gate,1143,GANTRY_PHI54,1,11791,-23660.0,1546918.2999999998,137824.398326362,-23660.0,1546918.2999999998,137931.398326362,107.0,0.0,511113,200006,0.3663743286423279
8,H08,main_span,26,1,CW1_GATE_26,gate,1143,GANTRY_PHI54,2,12186,-23400.0,1546918.2999999998,137824.398326362,-23400.0,1546918.2999999998,137931.398326362,107.0,0.0,511184,200006,0.3663743286423279
8,H08,main_span,26,1,CW1_GATE_26,gate,1143,GANTRY_PHI54,3,12581,-23140.0,1546918.2999999998,137824.398326362,-23140.0,1546918.2999999998,137931.398326362,107.0,0.0,511255,200006,0.3663743286423279
8,H08,main_span,26,1,CW1_GATE_26,gate,1143,GANTRY_PHI54,4,12976,-19760.0,1546918.2999999998,137824.398326362,-19760.0,1546918.2999999998,137931.398326362,107.0,0.0,511326,200006,0.3663743286423279
8,H08,main_span,26,1,CW1_GATE_26,gate,1143,GANTRY_PHI54,5,13371,-19500.0,1546918.2999999998,137824.398326362,-19500.0,1546918.2999999998,137931.398326362,107.0,0.0,511397,200006,0.3663743286423279
8,H08,main_span,26,1,CW1_GATE_26,gate,1143,GANTRY_PHI54,6,13766,-19240.0,1546918.2999999998,137824.398326362,-19240.0,1546918.2999999998,137931.398326362,107.0,0.0,511468,200006,0.3663743286423279
8,H08,main_span,26,2,CW2_GATE_26,bottom,262,BOTTOM_PHI50,1,14280,18780.0,1546918.2999999998,129617.42236002,18780.0,1546918.2999999998,129729.92236002,112.5,0.0,511760,200010,0.4307949214766469
8,H08,main_span,26,2,CW2_GATE_26,bottom,262,BOTTOM_PHI50,2,15008,19040.0,1546918.2999999998,129617.42236002,19040.0,1546918.2999999998,129729.92236002,112.5,0.0,512453,200010,0.4307949214766469
8,H08,main_span,26,2,CW2_GATE_26,bottom,262,BOTTOM_PHI50,3,15736,19300.0,1546918.2999999998,129617.42236002,19300.0,1546918.2999999998,129729.92236002,112.5,0.0,513146,200010,0.4307949214766469
8,H08,main_span,26,2,CW2_GATE_26,bottom,262,BOTTOM_PHI50,4,16464,19560.0,1546918.2999999998,129617.42236002,19560.0,1546918.2999999998,129729.92236002,112.5,0.0,513839,200010,0.4307949214766469
8,H08,main_span,26,2,CW2_GATE_26,bottom,262,BOTTOM_PHI50,5,17192,19820.0,1546918.2999999998,129617.42236002,19820.0,1546918.2999999998,129729.92236002,112.5,0.0,514532,200010,0.4307949214766469
8,H08,main_span,26,2,CW2_GATE_26,bottom,262,BOTTOM_PHI50,6,17920,20080.0,1546918.2999999998,129617.42236002,20080.0,1546918.2999999998,129729.92236002,112.5,0.0,515225,200010,0.4307949214766469
8,H08,main_span,26,2,CW2_GATE_26,bottom,262,BOTTOM_PHI50,7,18648,20340.0,1546918.2999999998,129617.42236002,20340.0,1546918.2999999998,129729.92236002,112.5,0.0,515918,200010,0.4307949214766469
8,H08,main_span,26,2,CW2_GATE_26,bottom,262,BOTTOM_PHI50,8,19376,20600.0,1546918.2999999998,129617.42236002,20600.0,1546918.2999999998,129729.92236002,112.5,0.0,516611,200010,0.4307949214766469
8,H08,main_span,26,2,CW2_GATE_26,bottom,262,BOTTOM_PHI50,9,20104,22300.0,1546918.2999999998,129617.42236002,22300.0,1546918.2999999998,129729.92236002,112.5,0.0,517304,200010,0.4307949214766469
8,H08,main_span,26,2,CW2_GATE_26,bottom,262,BOTTOM_PHI50,10,20832,22560.0,1546918.2999999998,129617.42236002,22560.0,1546918.2999999998,129729.92236002,112.5,0.0,517997,200010,0.4307949214766469
8,H08,main_span,26,2,CW2_GATE_26,bottom,262,BOTTOM_PHI50,11,21560,22820.0,1546918.2999999998,129617.42236002,22820.0,1546918.2999999998,129729.92236002,112.5,0.0,518690,200010,0.4307949214766469
8,H08,main_span,26,2,CW2_GATE_26,bottom,262,BOTTOM_PHI50,12,22288,23080.0,1546918.2999999998,129617.42236002,23080.0,1546918.2999999998,129729.92236002,112.5,0.0,519383,200010,0.4307949214766469
8,H08,main_span,26,2,CW2_GATE_26,bottom,262,BOTTOM_PHI50,13,23016,23340.0,1546918.2999999998,129617.42236002,23340.0,1546918.2999999998,129729.92236002,112.5,0.0,520076,200010,0.4307949214766469
8,H08,main_span,26,2,CW2_GATE_26,bottom,262,BOTTOM_PHI50,14,23744,23600.0,1546918.2999999998,129617.42236002,23600.0,1546918.2999999998,129729.92236002,112.5,0.0,520769,200010,0.4307949214766469
8,H08,main_span,26,2,CW2_GATE_26,bottom,262,BOTTOM_PHI50,15,24472,23860.0,1546918.2999999998,129617.42236002,23860.0,1546918.2999999998,129729.92236002,112.5,0.0,521462,200010,0.4307949214766469
8,H08,main_span,26,2,CW2_GATE_26,bottom,262,BOTTOM_PHI50,16,25200,24120.0,1546918.2999999998,129617.42236002,24120.0,1546918.2999999998,129729.92236002,112.5,0.0,522155,200010,0.4307949214766469
8,H08,main_span,26,2,CW2_GATE_26,gate,1143,GANTRY_PHI54,1,25809,19240.0,1546918.2999999998,137824.398326362,19240.0,1546918.2999999998,137931.398326362,107.0,0.0,522627,200006,0.3663743286423279
8,H08,main_span,26,2,CW2_GATE_26,gate,1143,GANTRY_PHI54,2,26204,19500.0,1546918.2999999998,137824.398326362,19500.0,1546918.2999999998,137931.398326362,107.0,0.0,522698,200006,0.3663743286423279
8,H08,main_span,26,2,CW2_GATE_26,gate,1143,GANTRY_PHI54,3,26599,19760.0,1546918.2999999998,137824.398326362,19760.0,1546918.2999999998,137931.398326362,107.0,0.0,522769,200006,0.3663743286423279
8,H08,main_span,26,2,CW2_GATE_26,gate,1143,GANTRY_PHI54,4,26994,23140.0,1546918.2999999998,137824.398326362,23140.0,1546918.2999999998,137931.398326362,107.0,0.0,522840,200006,0.3663743286423279
8,H08,main_span,26,2,CW2_GATE_26,gate,1143,GANTRY_PHI54,5,27389,23400.0,1546918.2999999998,137824.398326362,23400.0,1546918.2999999998,137931.398326362,107.0,0.0,522911,200006,0.3663743286423279
8,H08,main_span,26,2,CW2_GATE_26,gate,1143,GANTRY_PHI54,6,27784,23660.0,1546918.2999999998,137824.398326362,23660.0,1546918.2999999998,137931.398326362,107.0,0.0,522982,200006,0.3663743286423279
9,H09,main_span,29,1,CW1_GATE_29,bottom,283,BOTTOM_PHI50,1,283,-24120.0,1703917.5,117230.263832353,-24120.0,1703917.5,117342.763832353,112.5,0.0,500267,200010,0.4307949214766469
9,H09,main_span,29,1,CW1_GATE_29,bottom,283,BOTTOM_PHI50,2,1011,-23860.0,1703917.5,117230.263832353,-23860.0,1703917.5,117342.763832353,112.5,0.0,500960,200010,0.4307949214766469
9,H09,main_span,29,1,CW1_GATE_29,bottom,283,BOTTOM_PHI50,3,1739,-23600.0,1703917.5,117230.263832353,-23600.0,1703917.5,117342.763832353,112.5,0.0,501653,200010,0.4307949214766469
9,H09,main_span,29,1,CW1_GATE_29,bottom,283,BOTTOM_PHI50,4,2467,-23340.0,1703917.5,117230.263832353,-23340.0,1703917.5,117342.763832353,112.5,0.0,502346,200010,0.4307949214766469
9,H09,main_span,29,1,CW1_GATE_29,bottom,283,BOTTOM_PHI50,5,3195,-23080.0,1703917.5,117230.263832353,-23080.0,1703917.5,117342.763832353,112.5,0.0,503039,200010,0.4307949214766469
9,H09,main_span,29,1,CW1_GATE_29,bottom,283,BOTTOM_PHI50,6,3923,-22820.0,1703917.5,117230.263832353,-22820.0,1703917.5,117342.763832353,112.5,0.0,503732,200010,0.4307949214766469
9,H09,main_span,29,1,CW1_GATE_29,bottom,283,BOTTOM_PHI50,7,4651,-22560.0,1703917.5,117230.263832353,-22560.0,1703917.5,117342.763832353,112.5,0.0,504425,200010,0.4307949214766469
9,H09,main_span,29,1,CW1_GATE_29,bottom,283,BOTTOM_PHI50,8,5379,-22300.0,1703917.5,117230.263832353,-22300.0,1703917.5,117342.763832353,112.5,0.0,505118,200010,0.4307949214766469
9,H09,main_span,29,1,CW1_GATE_29,bottom,283,BOTTOM_PHI50,9,6107,-20600.0,1703917.5,117230.263832353,-20600.0,1703917.5,117342.763832353,112.5,0.0,505811,200010,0.4307949214766469
9,H09,main_span,29,1,CW1_GATE_29,bottom,283,BOTTOM_PHI50,10,6835,-20340.0,1703917.5,117230.263832353,-20340.0,1703917.5,117342.763832353,112.5,0.0,506504,200010,0.4307949214766469
9,H09,main_span,29,1,CW1_GATE_29,bottom,283,BOTTOM_PHI50,11,7563,-20080.0,1703917.5,117230.263832353,-20080.0,1703917.5,117342.763832353,112.5,0.0,507197,200010,0.4307949214766469
9,H09,main_span,29,1,CW1_GATE_29,bottom,283,BOTTOM_PHI50,12,8291,-19820.0,1703917.5,117230.263832353,-19820.0,1703917.5,117342.763832353,112.5,0.0,507890,200010,0.4307949214766469
9,H09,main_span,29,1,CW1_GATE_29,bottom,283,BOTTOM_PHI50,13,9019,-19560.0,1703917.5,117230.263832353,-19560.0,1703917.5,117342.763832353,112.5,0.0,508583,200010,0.4307949214766469
9,H09,main_span,29,1,CW1_GATE_29,bottom,283,BOTTOM_PHI50,14,9747,-19300.0,1703917.5,117230.263832353,-19300.0,1703917.5,117342.763832353,112.5,0.0,509276,200010,0.4307949214766469
9,H09,main_span,29,1,CW1_GATE_29,bottom,283,BOTTOM_PHI50,15,10475,-19040.0,1703917.5,117230.263832353,-19040.0,1703917.5,117342.763832353,112.5,0.0,509969,200010,0.4307949214766469
9,H09,main_span,29,1,CW1_GATE_29,bottom,283,BOTTOM_PHI50,16,11203,-18780.0,1703917.5,117230.263832353,-18780.0,1703917.5,117342.763832353,112.5,0.0,510662,200010,0.4307949214766469
9,H09,main_span,29,1,CW1_GATE_29,gate,1158,GANTRY_PHI54,1,11806,-23660.0,1703917.5,125298.265166754,-23660.0,1703917.5,125405.265166754,107.0,0.0,511116,200006,0.3663743286423279
9,H09,main_span,29,1,CW1_GATE_29,gate,1158,GANTRY_PHI54,2,12201,-23400.0,1703917.5,125298.265166754,-23400.0,1703917.5,125405.265166754,107.0,0.0,511187,200006,0.3663743286423279
9,H09,main_span,29,1,CW1_GATE_29,gate,1158,GANTRY_PHI54,3,12596,-23140.0,1703917.5,125298.265166754,-23140.0,1703917.5,125405.265166754,107.0,0.0,511258,200006,0.3663743286423279
9,H09,main_span,29,1,CW1_GATE_29,gate,1158,GANTRY_PHI54,4,12991,-19760.0,1703917.5,125298.265166754,-19760.0,1703917.5,125405.265166754,107.0,0.0,511329,200006,0.3663743286423279
9,H09,main_span,29,1,CW1_GATE_29,gate,1158,GANTRY_PHI54,5,13386,-19500.0,1703917.5,125298.265166754,-19500.0,1703917.5,125405.265166754,107.0,0.0,511400,200006,0.3663743286423279
9,H09,main_span,29,1,CW1_GATE_29,gate,1158,GANTRY_PHI54,6,13781,-19240.0,1703917.5,125298.265166754,-19240.0,1703917.5,125405.265166754,107.0,0.0,511471,200006,0.3663743286423279
9,H09,main_span,29,2,CW2_GATE_29,bottom,283,BOTTOM_PHI50,1,14301,18780.0,1703917.5,117230.263832353,18780.0,1703917.5,117342.763832353,112.5,0.0,511781,200010,0.4307949214766469
9,H09,main_span,29,2,CW2_GATE_29,bottom,283,BOTTOM_PHI50,2,15029,19040.0,1703917.5,117230.263832353,19040.0,1703917.5,117342.763832353,112.5,0.0,512474,200010,0.4307949214766469
9,H09,main_span,29,2,CW2_GATE_29,bottom,283,BOTTOM_PHI50,3,15757,19300.0,1703917.5,117230.263832353,19300.0,1703917.5,117342.763832353,112.5,0.0,513167,200010,0.4307949214766469
9,H09,main_span,29,2,CW2_GATE_29,bottom,283,BOTTOM_PHI50,4,16485,19560.0,1703917.5,117230.263832353,19560.0,1703917.5,117342.763832353,112.5,0.0,513860,200010,0.4307949214766469
9,H09,main_span,29,2,CW2_GATE_29,bottom,283,BOTTOM_PHI50,5,17213,19820.0,1703917.5,117230.263832353,19820.0,1703917.5,117342.763832353,112.5,0.0,514553,200010,0.4307949214766469
9,H09,main_span,29,2,CW2_GATE_29,bottom,283,BOTTOM_PHI50,6,17941,20080.0,1703917.5,117230.263832353,20080.0,1703917.5,117342.763832353,112.5,0.0,515246,200010,0.4307949214766469
9,H09,main_span,29,2,CW2_GATE_29,bottom,283,BOTTOM_PHI50,7,18669,20340.0,1703917.5,117230.263832353,20340.0,1703917.5,117342.763832353,112.5,0.0,515939,200010,0.4307949214766469
9,H09,main_span,29,2,CW2_GATE_29,bottom,283,BOTTOM_PHI50,8,19397,20600.0,1703917.5,117230.263832353,20600.0,1703917.5,117342.763832353,112.5,0.0,516632,200010,0.4307949214766469
9,H09,main_span,29,2,CW2_GATE_29,bottom,283,BOTTOM_PHI50,9,20125,22300.0,1703917.5,117230.263832353,22300.0,1703917.5,117342.763832353,112.5,0.0,517325,200010,0.4307949214766469
9,H09,main_span,29,2,CW2_GATE_29,bottom,283,BOTTOM_PHI50,10,20853,22560.0,1703917.5,117230.263832353,22560.0,1703917.5,117342.763832353,112.5,0.0,518018,200010,0.4307949214766469
9,H09,main_span,29,2,CW2_GATE_29,bottom,283,BOTTOM_PHI50,11,21581,22820.0,1703917.5,117230.263832353,22820.0,1703917.5,117342.763832353,112.5,0.0,518711,200010,0.4307949214766469
9,H09,main_span,29,2,CW2_GATE_29,bottom,283,BOTTOM_PHI50,12,22309,23080.0,1703917.5,117230.263832353,23080.0,1703917.5,117342.763832353,112.5,0.0,519404,200010,0.4307949214766469
9,H09,main_span,29,2,CW2_GATE_29,bottom,283,BOTTOM_PHI50,13,23037,23340.0,1703917.5,117230.263832353,23340.0,1703917.5,117342.763832353,112.5,0.0,520097,200010,0.4307949214766469
9,H09,main_span,29,2,CW2_GATE_29,bottom,283,BOTTOM_PHI50,14,23765,23600.0,1703917.5,117230.263832353,23600.0,1703917.5,117342.763832353,112.5,0.0,520790,200010,0.4307949214766469
9,H09,main_span,29,2,CW2_GATE_29,bottom,283,BOTTOM_PHI50,15,24493,23860.0,1703917.5,117230.263832353,23860.0,1703917.5,117342.763832353,112.5,0.0,521483,200010,0.4307949214766469
9,H09,main_span,29,2,CW2_GATE_29,bottom,283,BOTTOM_PHI50,16,25221,24120.0,1703917.5,117230.263832353,24120.0,1703917.5,117342.763832353,112.5,0.0,522176,200010,0.4307949214766469
9,H09,main_span,29,2,CW2_GATE_29,gate,1158,GANTRY_PHI54,1,25824,19240.0,1703917.5,125298.265166754,19240.0,1703917.5,125405.265166754,107.0,0.0,522630,200006,0.3663743286423279
9,H09,main_span,29,2,CW2_GATE_29,gate,1158,GANTRY_PHI54,2,26219,19500.0,1703917.5,125298.265166754,19500.0,1703917.5,125405.265166754,107.0,0.0,522701,200006,0.3663743286423279
9,H09,main_span,29,2,CW2_GATE_29,gate,1158,GANTRY_PHI54,3,26614,19760.0,1703917.5,125298.265166754,19760.0,1703917.5,125405.265166754,107.0,0.0,522772,200006,0.3663743286423279
9,H09,main_span,29,2,CW2_GATE_29,gate,1158,GANTRY_PHI54,4,27009,23140.0,1703917.5,125298.265166754,23140.0,1703917.5,125405.265166754,107.0,0.0,522843,200006,0.3663743286423279
9,H09,main_span,29,2,CW2_GATE_29,gate,1158,GANTRY_PHI54,5,27404,23400.0,1703917.5,125298.265166754,23400.0,1703917.5,125405.265166754,107.0,0.0,522914,200006,0.3663743286423279
9,H09,main_span,29,2,CW2_GATE_29,gate,1158,GANTRY_PHI54,6,27799,23660.0,1703917.5,125298.265166754,23660.0,1703917.5,125405.265166754,107.0,0.0,522985,200006,0.3663743286423279
10,H10,main_span,32,1,CW1_GATE_32,bottom,302,BOTTOM_PHI50,1,302,-24120.0,1854909.0,113300.0,-24120.0,1854913.25,113412.5,112.5,0.0,500286,200013,0.4469202529063838
10,H10,main_span,32,1,CW1_GATE_32,bottom,302,BOTTOM_PHI50,2,1030,-23860.0,1854909.0,113300.0,-23860.0,1854913.25,113412.5,112.5,0.0,500979,200013,0.4469202529063838
10,H10,main_span,32,1,CW1_GATE_32,bottom,302,BOTTOM_PHI50,3,1758,-23600.0,1854909.0,113300.0,-23600.0,1854913.25,113412.5,112.5,0.0,501672,200013,0.4469202529063838
10,H10,main_span,32,1,CW1_GATE_32,bottom,302,BOTTOM_PHI50,4,2486,-23340.0,1854909.0,113300.0,-23340.0,1854913.25,113412.5,112.5,0.0,502365,200013,0.4469202529063838
10,H10,main_span,32,1,CW1_GATE_32,bottom,302,BOTTOM_PHI50,5,3214,-23080.0,1854909.0,113300.0,-23080.0,1854913.25,113412.5,112.5,0.0,503058,200013,0.4469202529063838
10,H10,main_span,32,1,CW1_GATE_32,bottom,302,BOTTOM_PHI50,6,3942,-22820.0,1854909.0,113300.0,-22820.0,1854913.25,113412.5,112.5,0.0,503751,200013,0.4469202529063838
10,H10,main_span,32,1,CW1_GATE_32,bottom,302,BOTTOM_PHI50,7,4670,-22560.0,1854909.0,113300.0,-22560.0,1854913.25,113412.5,112.5,0.0,504444,200013,0.4469202529063838
10,H10,main_span,32,1,CW1_GATE_32,bottom,302,BOTTOM_PHI50,8,5398,-22300.0,1854909.0,113300.0,-22300.0,1854913.25,113412.5,112.5,0.0,505137,200013,0.4469202529063838
10,H10,main_span,32,1,CW1_GATE_32,bottom,302,BOTTOM_PHI50,9,6126,-20600.0,1854909.0,113300.0,-20600.0,1854913.25,113412.5,112.5,0.0,505830,200013,0.4469202529063838
10,H10,main_span,32,1,CW1_GATE_32,bottom,302,BOTTOM_PHI50,10,6854,-20340.0,1854909.0,113300.0,-20340.0,1854913.25,113412.5,112.5,0.0,506523,200013,0.4469202529063838
10,H10,main_span,32,1,CW1_GATE_32,bottom,302,BOTTOM_PHI50,11,7582,-20080.0,1854909.0,113300.0,-20080.0,1854913.25,113412.5,112.5,0.0,507216,200013,0.4469202529063838
10,H10,main_span,32,1,CW1_GATE_32,bottom,302,BOTTOM_PHI50,12,8310,-19820.0,1854909.0,113300.0,-19820.0,1854913.25,113412.5,112.5,0.0,507909,200013,0.4469202529063838
10,H10,main_span,32,1,CW1_GATE_32,bottom,302,BOTTOM_PHI50,13,9038,-19560.0,1854909.0,113300.0,-19560.0,1854913.25,113412.5,112.5,0.0,508602,200013,0.4469202529063838
10,H10,main_span,32,1,CW1_GATE_32,bottom,302,BOTTOM_PHI50,14,9766,-19300.0,1854909.0,113300.0,-19300.0,1854913.25,113412.5,112.5,0.0,509295,200013,0.4469202529063838
10,H10,main_span,32,1,CW1_GATE_32,bottom,302,BOTTOM_PHI50,15,10494,-19040.0,1854909.0,113300.0,-19040.0,1854913.25,113412.5,112.5,0.0,509988,200013,0.4469202529063838
10,H10,main_span,32,1,CW1_GATE_32,bottom,302,BOTTOM_PHI50,16,11222,-18780.0,1854909.0,113300.0,-18780.0,1854913.25,113412.5,112.5,0.0,510681,200013,0.4469202529063838
10,H10,main_span,32,1,CW1_GATE_32,gate,1173,GANTRY_PHI54,1,11821,-23660.0,1854917.5,121300.00000001,-23660.0,1854913.25,121407.00000001,107.0,0.0,511119,200006,0.3663743286423279
10,H10,main_span,32,1,CW1_GATE_32,gate,1173,GANTRY_PHI54,2,12216,-23400.0,1854917.5,121300.00000001,-23400.0,1854913.25,121407.00000001,107.0,0.0,511190,200006,0.3663743286423279
10,H10,main_span,32,1,CW1_GATE_32,gate,1173,GANTRY_PHI54,3,12611,-23140.0,1854917.5,121300.00000001,-23140.0,1854913.25,121407.00000001,107.0,0.0,511261,200006,0.3663743286423279
10,H10,main_span,32,1,CW1_GATE_32,gate,1173,GANTRY_PHI54,4,13006,-19760.0,1854917.5,121300.00000001,-19760.0,1854913.25,121407.00000001,107.0,0.0,511332,200006,0.3663743286423279
10,H10,main_span,32,1,CW1_GATE_32,gate,1173,GANTRY_PHI54,5,13401,-19500.0,1854917.5,121300.00000001,-19500.0,1854913.25,121407.00000001,107.0,0.0,511403,200006,0.3663743286423279
10,H10,main_span,32,1,CW1_GATE_32,gate,1173,GANTRY_PHI54,6,13796,-19240.0,1854917.5,121300.00000001,-19240.0,1854913.25,121407.00000001,107.0,0.0,511474,200006,0.3663743286423279
10,H10,main_span,32,2,CW2_GATE_32,bottom,302,BOTTOM_PHI50,1,14320,18780.0,1854909.0,113300.0,18780.0,1854913.25,113412.5,112.5,0.0,511800,200013,0.4469202529063838
10,H10,main_span,32,2,CW2_GATE_32,bottom,302,BOTTOM_PHI50,2,15048,19040.0,1854909.0,113300.0,19040.0,1854913.25,113412.5,112.5,0.0,512493,200013,0.4469202529063838
10,H10,main_span,32,2,CW2_GATE_32,bottom,302,BOTTOM_PHI50,3,15776,19300.0,1854909.0,113300.0,19300.0,1854913.25,113412.5,112.5,0.0,513186,200013,0.4469202529063838
10,H10,main_span,32,2,CW2_GATE_32,bottom,302,BOTTOM_PHI50,4,16504,19560.0,1854909.0,113300.0,19560.0,1854913.25,113412.5,112.5,0.0,513879,200013,0.4469202529063838
10,H10,main_span,32,2,CW2_GATE_32,bottom,302,BOTTOM_PHI50,5,17232,19820.0,1854909.0,113300.0,19820.0,1854913.25,113412.5,112.5,0.0,514572,200013,0.4469202529063838
10,H10,main_span,32,2,CW2_GATE_32,bottom,302,BOTTOM_PHI50,6,17960,20080.0,1854909.0,113300.0,20080.0,1854913.25,113412.5,112.5,0.0,515265,200013,0.4469202529063838
10,H10,main_span,32,2,CW2_GATE_32,bottom,302,BOTTOM_PHI50,7,18688,20340.0,1854909.0,113300.0,20340.0,1854913.25,113412.5,112.5,0.0,515958,200013,0.4469202529063838
10,H10,main_span,32,2,CW2_GATE_32,bottom,302,BOTTOM_PHI50,8,19416,20600.0,1854909.0,113300.0,20600.0,1854913.25,113412.5,112.5,0.0,516651,200013,0.4469202529063838
10,H10,main_span,32,2,CW2_GATE_32,bottom,302,BOTTOM_PHI50,9,20144,22300.0,1854909.0,113300.0,22300.0,1854913.25,113412.5,112.5,0.0,517344,200013,0.4469202529063838
10,H10,main_span,32,2,CW2_GATE_32,bottom,302,BOTTOM_PHI50,10,20872,22560.0,1854909.0,113300.0,22560.0,1854913.25,113412.5,112.5,0.0,518037,200013,0.4469202529063838
10,H10,main_span,32,2,CW2_GATE_32,bottom,302,BOTTOM_PHI50,11,21600,22820.0,1854909.0,113300.0,22820.0,1854913.25,113412.5,112.5,0.0,518730,200013,0.4469202529063838
10,H10,main_span,32,2,CW2_GATE_32,bottom,302,BOTTOM_PHI50,12,22328,23080.0,1854909.0,113300.0,23080.0,1854913.25,113412.5,112.5,0.0,519423,200013,0.4469202529063838
10,H10,main_span,32,2,CW2_GATE_32,bottom,302,BOTTOM_PHI50,13,23056,23340.0,1854909.0,113300.0,23340.0,1854913.25,113412.5,112.5,0.0,520116,200013,0.4469202529063838
10,H10,main_span,32,2,CW2_GATE_32,bottom,302,BOTTOM_PHI50,14,23784,23600.0,1854909.0,113300.0,23600.0,1854913.25,113412.5,112.5,0.0,520809,200013,0.4469202529063838
10,H10,main_span,32,2,CW2_GATE_32,bottom,302,BOTTOM_PHI50,15,24512,23860.0,1854909.0,113300.0,23860.0,1854913.25,113412.5,112.5,0.0,521502,200013,0.4469202529063838
10,H10,main_span,32,2,CW2_GATE_32,bottom,302,BOTTOM_PHI50,16,25240,24120.0,1854909.0,113300.0,24120.0,1854913.25,113412.5,112.5,0.0,522195,200013,0.4469202529063838
10,H10,main_span,32,2,CW2_GATE_32,gate,1173,GANTRY_PHI54,1,25839,19240.0,1854917.5,121300.00000001,19240.0,1854913.25,121407.00000001,107.0,0.0,522633,200006,0.3663743286423279
10,H10,main_span,32,2,CW2_GATE_32,gate,1173,GANTRY_PHI54,2,26234,19500.0,1854917.5,121300.00000001,19500.0,1854913.25,121407.00000001,107.0,0.0,522704,200006,0.3663743286423279
10,H10,main_span,32,2,CW2_GATE_32,gate,1173,GANTRY_PHI54,3,26629,19760.0,1854917.5,121300.00000001,19760.0,1854913.25,121407.00000001,107.0,0.0,522775,200006,0.3663743286423279
10,H10,main_span,32,2,CW2_GATE_32,gate,1173,GANTRY_PHI54,4,27024,23140.0,1854917.5,121300.00000001,23140.0,1854913.25,121407.00000001,107.0,0.0,522846,200006,0.3663743286423279
10,H10,main_span,32,2,CW2_GATE_32,gate,1173,GANTRY_PHI54,5,27419,23400.0,1854917.5,121300.00000001,23400.0,1854913.25,121407.00000001,107.0,0.0,522917,200006,0.3663743286423279
10,H10,main_span,32,2,CW2_GATE_32,gate,1173,GANTRY_PHI54,6,27814,23660.0,1854917.5,121300.00000001,23660.0,1854913.25,121407.00000001,107.0,0.0,522988,200006,0.3663743286423279
11,H11,main_span,35,1,CW1_GATE_35,bottom,321,BOTTOM_PHI50,1,321,-24120.0,2005917.5,117215.765178323,-24120.0,2005917.5,117328.265178323,112.5,0.0,500305,200010,0.4307949214766469
11,H11,main_span,35,1,CW1_GATE_35,bottom,321,BOTTOM_PHI50,2,1049,-23860.0,2005917.5,117215.765178323,-23860.0,2005917.5,117328.265178323,112.5,0.0,500998,200010,0.4307949214766469
11,H11,main_span,35,1,CW1_GATE_35,bottom,321,BOTTOM_PHI50,3,1777,-23600.0,2005917.5,117215.765178323,-23600.0,2005917.5,117328.265178323,112.5,0.0,501691,200010,0.4307949214766469
11,H11,main_span,35,1,CW1_GATE_35,bottom,321,BOTTOM_PHI50,4,2505,-23340.0,2005917.5,117215.765178323,-23340.0,2005917.5,117328.265178323,112.5,0.0,502384,200010,0.4307949214766469
11,H11,main_span,35,1,CW1_GATE_35,bottom,321,BOTTOM_PHI50,5,3233,-23080.0,2005917.5,117215.765178323,-23080.0,2005917.5,117328.265178323,112.5,0.0,503077,200010,0.4307949214766469
11,H11,main_span,35,1,CW1_GATE_35,bottom,321,BOTTOM_PHI50,6,3961,-22820.0,2005917.5,117215.765178323,-22820.0,2005917.5,117328.265178323,112.5,0.0,503770,200010,0.4307949214766469
11,H11,main_span,35,1,CW1_GATE_35,bottom,321,BOTTOM_PHI50,7,4689,-22560.0,2005917.5,117215.765178323,-22560.0,2005917.5,117328.265178323,112.5,0.0,504463,200010,0.4307949214766469
11,H11,main_span,35,1,CW1_GATE_35,bottom,321,BOTTOM_PHI50,8,5417,-22300.0,2005917.5,117215.765178323,-22300.0,2005917.5,117328.265178323,112.5,0.0,505156,200010,0.4307949214766469
11,H11,main_span,35,1,CW1_GATE_35,bottom,321,BOTTOM_PHI50,9,6145,-20600.0,2005917.5,117215.765178323,-20600.0,2005917.5,117328.265178323,112.5,0.0,505849,200010,0.4307949214766469
11,H11,main_span,35,1,CW1_GATE_35,bottom,321,BOTTOM_PHI50,10,6873,-20340.0,2005917.5,117215.765178323,-20340.0,2005917.5,117328.265178323,112.5,0.0,506542,200010,0.4307949214766469
11,H11,main_span,35,1,CW1_GATE_35,bottom,321,BOTTOM_PHI50,11,7601,-20080.0,2005917.5,117215.765178323,-20080.0,2005917.5,117328.265178323,112.5,0.0,507235,200010,0.4307949214766469
11,H11,main_span,35,1,CW1_GATE_35,bottom,321,BOTTOM_PHI50,12,8329,-19820.0,2005917.5,117215.765178323,-19820.0,2005917.5,117328.265178323,112.5,0.0,507928,200010,0.4307949214766469
11,H11,main_span,35,1,CW1_GATE_35,bottom,321,BOTTOM_PHI50,13,9057,-19560.0,2005917.5,117215.765178323,-19560.0,2005917.5,117328.265178323,112.5,0.0,508621,200010,0.4307949214766469
11,H11,main_span,35,1,CW1_GATE_35,bottom,321,BOTTOM_PHI50,14,9785,-19300.0,2005917.5,117215.765178323,-19300.0,2005917.5,117328.265178323,112.5,0.0,509314,200010,0.4307949214766469
11,H11,main_span,35,1,CW1_GATE_35,bottom,321,BOTTOM_PHI50,15,10513,-19040.0,2005917.5,117215.765178323,-19040.0,2005917.5,117328.265178323,112.5,0.0,510007,200010,0.4307949214766469
11,H11,main_span,35,1,CW1_GATE_35,bottom,321,BOTTOM_PHI50,16,11241,-18780.0,2005917.5,117215.765178323,-18780.0,2005917.5,117328.265178323,112.5,0.0,510700,200010,0.4307949214766469
11,H11,main_span,35,1,CW1_GATE_35,gate,1188,GANTRY_PHI54,1,11836,-23660.0,2005917.5,125275.852353106,-23660.0,2005917.5,125382.852353106,107.0,0.0,511122,200006,0.3663743286423279
11,H11,main_span,35,1,CW1_GATE_35,gate,1188,GANTRY_PHI54,2,12231,-23400.0,2005917.5,125275.852353106,-23400.0,2005917.5,125382.852353106,107.0,0.0,511193,200006,0.3663743286423279
11,H11,main_span,35,1,CW1_GATE_35,gate,1188,GANTRY_PHI54,3,12626,-23140.0,2005917.5,125275.852353106,-23140.0,2005917.5,125382.852353106,107.0,0.0,511264,200006,0.3663743286423279
11,H11,main_span,35,1,CW1_GATE_35,gate,1188,GANTRY_PHI54,4,13021,-19760.0,2005917.5,125275.852353106,-19760.0,2005917.5,125382.852353106,107.0,0.0,511335,200006,0.3663743286423279
11,H11,main_span,35,1,CW1_GATE_35,gate,1188,GANTRY_PHI54,5,13416,-19500.0,2005917.5,125275.852353106,-19500.0,2005917.5,125382.852353106,107.0,0.0,511406,200006,0.3663743286423279
11,H11,main_span,35,1,CW1_GATE_35,gate,1188,GANTRY_PHI54,6,13811,-19240.0,2005917.5,125275.852353106,-19240.0,2005917.5,125382.852353106,107.0,0.0,511477,200006,0.3663743286423279
11,H11,main_span,35,2,CW2_GATE_35,bottom,321,BOTTOM_PHI50,1,14339,18780.0,2005917.5,117215.765178323,18780.0,2005917.5,117328.265178323,112.5,0.0,511819,200010,0.4307949214766469
11,H11,main_span,35,2,CW2_GATE_35,bottom,321,BOTTOM_PHI50,2,15067,19040.0,2005917.5,117215.765178323,19040.0,2005917.5,117328.265178323,112.5,0.0,512512,200010,0.4307949214766469
11,H11,main_span,35,2,CW2_GATE_35,bottom,321,BOTTOM_PHI50,3,15795,19300.0,2005917.5,117215.765178323,19300.0,2005917.5,117328.265178323,112.5,0.0,513205,200010,0.4307949214766469
11,H11,main_span,35,2,CW2_GATE_35,bottom,321,BOTTOM_PHI50,4,16523,19560.0,2005917.5,117215.765178323,19560.0,2005917.5,117328.265178323,112.5,0.0,513898,200010,0.4307949214766469
11,H11,main_span,35,2,CW2_GATE_35,bottom,321,BOTTOM_PHI50,5,17251,19820.0,2005917.5,117215.765178323,19820.0,2005917.5,117328.265178323,112.5,0.0,514591,200010,0.4307949214766469
11,H11,main_span,35,2,CW2_GATE_35,bottom,321,BOTTOM_PHI50,6,17979,20080.0,2005917.5,117215.765178323,20080.0,2005917.5,117328.265178323,112.5,0.0,515284,200010,0.4307949214766469
11,H11,main_span,35,2,CW2_GATE_35,bottom,321,BOTTOM_PHI50,7,18707,20340.0,2005917.5,117215.765178323,20340.0,2005917.5,117328.265178323,112.5,0.0,515977,200010,0.4307949214766469
11,H11,main_span,35,2,CW2_GATE_35,bottom,321,BOTTOM_PHI50,8,19435,20600.0,2005917.5,117215.765178323,20600.0,2005917.5,117328.265178323,112.5,0.0,516670,200010,0.4307949214766469
11,H11,main_span,35,2,CW2_GATE_35,bottom,321,BOTTOM_PHI50,9,20163,22300.0,2005917.5,117215.765178323,22300.0,2005917.5,117328.265178323,112.5,0.0,517363,200010,0.4307949214766469
11,H11,main_span,35,2,CW2_GATE_35,bottom,321,BOTTOM_PHI50,10,20891,22560.0,2005917.5,117215.765178323,22560.0,2005917.5,117328.265178323,112.5,0.0,518056,200010,0.4307949214766469
11,H11,main_span,35,2,CW2_GATE_35,bottom,321,BOTTOM_PHI50,11,21619,22820.0,2005917.5,117215.765178323,22820.0,2005917.5,117328.265178323,112.5,0.0,518749,200010,0.4307949214766469
11,H11,main_span,35,2,CW2_GATE_35,bottom,321,BOTTOM_PHI50,12,22347,23080.0,2005917.5,117215.765178323,23080.0,2005917.5,117328.265178323,112.5,0.0,519442,200010,0.4307949214766469
11,H11,main_span,35,2,CW2_GATE_35,bottom,321,BOTTOM_PHI50,13,23075,23340.0,2005917.5,117215.765178323,23340.0,2005917.5,117328.265178323,112.5,0.0,520135,200010,0.4307949214766469
11,H11,main_span,35,2,CW2_GATE_35,bottom,321,BOTTOM_PHI50,14,23803,23600.0,2005917.5,117215.765178323,23600.0,2005917.5,117328.265178323,112.5,0.0,520828,200010,0.4307949214766469
11,H11,main_span,35,2,CW2_GATE_35,bottom,321,BOTTOM_PHI50,15,24531,23860.0,2005917.5,117215.765178323,23860.0,2005917.5,117328.265178323,112.5,0.0,521521,200010,0.4307949214766469
11,H11,main_span,35,2,CW2_GATE_35,bottom,321,BOTTOM_PHI50,16,25259,24120.0,2005917.5,117215.765178323,24120.0,2005917.5,117328.265178323,112.5,0.0,522214,200010,0.4307949214766469
11,H11,main_span,35,2,CW2_GATE_35,gate,1188,GANTRY_PHI54,1,25854,19240.0,2005917.5,125275.852353106,19240.0,2005917.5,125382.852353106,107.0,0.0,522636,200006,0.3663743286423279
11,H11,main_span,35,2,CW2_GATE_35,gate,1188,GANTRY_PHI54,2,26249,19500.0,2005917.5,125275.852353106,19500.0,2005917.5,125382.852353106,107.0,0.0,522707,200006,0.3663743286423279
11,H11,main_span,35,2,CW2_GATE_35,gate,1188,GANTRY_PHI54,3,26644,19760.0,2005917.5,125275.852353106,19760.0,2005917.5,125382.852353106,107.0,0.0,522778,200006,0.3663743286423279
11,H11,main_span,35,2,CW2_GATE_35,gate,1188,GANTRY_PHI54,4,27039,23140.0,2005917.5,125275.852353106,23140.0,2005917.5,125382.852353106,107.0,0.0,522849,200006,0.3663743286423279
11,H11,main_span,35,2,CW2_GATE_35,gate,1188,GANTRY_PHI54,5,27434,23400.0,2005917.5,125275.852353106,23400.0,2005917.5,125382.852353106,107.0,0.0,522920,200006,0.3663743286423279
11,H11,main_span,35,2,CW2_GATE_35,gate,1188,GANTRY_PHI54,6,27829,23660.0,2005917.5,125275.852353106,23660.0,2005917.5,125382.852353106,107.0,0.0,522991,200006,0.3663743286423279
12,H12,main_span,38,1,CW1_GATE_38,bottom,342,BOTTOM_PHI50,1,342,-24120.0,2162918.3,129591.682718469,-24120.0,2162918.3,129704.182718469,112.5,0.0,500326,200010,0.4307949214766469
12,H12,main_span,38,1,CW1_GATE_38,bottom,342,BOTTOM_PHI50,2,1070,-23860.0,2162918.3,129591.682718469,-23860.0,2162918.3,129704.182718469,112.5,0.0,501019,200010,0.4307949214766469
12,H12,main_span,38,1,CW1_GATE_38,bottom,342,BOTTOM_PHI50,3,1798,-23600.0,2162918.3,129591.682718469,-23600.0,2162918.3,129704.182718469,112.5,0.0,501712,200010,0.4307949214766469
12,H12,main_span,38,1,CW1_GATE_38,bottom,342,BOTTOM_PHI50,4,2526,-23340.0,2162918.3,129591.682718469,-23340.0,2162918.3,129704.182718469,112.5,0.0,502405,200010,0.4307949214766469
12,H12,main_span,38,1,CW1_GATE_38,bottom,342,BOTTOM_PHI50,5,3254,-23080.0,2162918.3,129591.682718469,-23080.0,2162918.3,129704.182718469,112.5,0.0,503098,200010,0.4307949214766469
12,H12,main_span,38,1,CW1_GATE_38,bottom,342,BOTTOM_PHI50,6,3982,-22820.0,2162918.3,129591.682718469,-22820.0,2162918.3,129704.182718469,112.5,0.0,503791,200010,0.4307949214766469
12,H12,main_span,38,1,CW1_GATE_38,bottom,342,BOTTOM_PHI50,7,4710,-22560.0,2162918.3,129591.682718469,-22560.0,2162918.3,129704.182718469,112.5,0.0,504484,200010,0.4307949214766469
12,H12,main_span,38,1,CW1_GATE_38,bottom,342,BOTTOM_PHI50,8,5438,-22300.0,2162918.3,129591.682718469,-22300.0,2162918.3,129704.182718469,112.5,0.0,505177,200010,0.4307949214766469
12,H12,main_span,38,1,CW1_GATE_38,bottom,342,BOTTOM_PHI50,9,6166,-20600.0,2162918.3,129591.682718469,-20600.0,2162918.3,129704.182718469,112.5,0.0,505870,200010,0.4307949214766469
12,H12,main_span,38,1,CW1_GATE_38,bottom,342,BOTTOM_PHI50,10,6894,-20340.0,2162918.3,129591.682718469,-20340.0,2162918.3,129704.182718469,112.5,0.0,506563,200010,0.4307949214766469
12,H12,main_span,38,1,CW1_GATE_38,bottom,342,BOTTOM_PHI50,11,7622,-20080.0,2162918.3,129591.682718469,-20080.0,2162918.3,129704.182718469,112.5,0.0,507256,200010,0.4307949214766469
12,H12,main_span,38,1,CW1_GATE_38,bottom,342,BOTTOM_PHI50,12,8350,-19820.0,2162918.3,129591.682718469,-19820.0,2162918.3,129704.182718469,112.5,0.0,507949,200010,0.4307949214766469
12,H12,main_span,38,1,CW1_GATE_38,bottom,342,BOTTOM_PHI50,13,9078,-19560.0,2162918.3,129591.682718469,-19560.0,2162918.3,129704.182718469,112.5,0.0,508642,200010,0.4307949214766469
12,H12,main_span,38,1,CW1_GATE_38,bottom,342,BOTTOM_PHI50,14,9806,-19300.0,2162918.3,129591.682718469,-19300.0,2162918.3,129704.182718469,112.5,0.0,509335,200010,0.4307949214766469
12,H12,main_span,38,1,CW1_GATE_38,bottom,342,BOTTOM_PHI50,15,10534,-19040.0,2162918.3,129591.682718469,-19040.0,2162918.3,129704.182718469,112.5,0.0,510028,200010,0.4307949214766469
12,H12,main_span,38,1,CW1_GATE_38,bottom,342,BOTTOM_PHI50,16,11262,-18780.0,2162918.3,129591.682718469,-18780.0,2162918.3,129704.182718469,112.5,0.0,510721,200010,0.4307949214766469
12,H12,main_span,38,1,CW1_GATE_38,gate,1203,GANTRY_PHI54,1,11851,-23660.0,2162918.3,137849.620262182,-23660.0,2162918.3,137956.620262182,107.0,0.0,511125,200006,0.3663743286423279
12,H12,main_span,38,1,CW1_GATE_38,gate,1203,GANTRY_PHI54,2,12246,-23400.0,2162918.3,137849.620262182,-23400.0,2162918.3,137956.620262182,107.0,0.0,511196,200006,0.3663743286423279
12,H12,main_span,38,1,CW1_GATE_38,gate,1203,GANTRY_PHI54,3,12641,-23140.0,2162918.3,137849.620262182,-23140.0,2162918.3,137956.620262182,107.0,0.0,511267,200006,0.3663743286423279
12,H12,main_span,38,1,CW1_GATE_38,gate,1203,GANTRY_PHI54,4,13036,-19760.0,2162918.3,137849.620262182,-19760.0,2162918.3,137956.620262182,107.0,0.0,511338,200006,0.3663743286423279
12,H12,main_span,38,1,CW1_GATE_38,gate,1203,GANTRY_PHI54,5,13431,-19500.0,2162918.3,137849.620262182,-19500.0,2162918.3,137956.620262182,107.0,0.0,511409,200006,0.3663743286423279
12,H12,main_span,38,1,CW1_GATE_38,gate,1203,GANTRY_PHI54,6,13826,-19240.0,2162918.3,137849.620262182,-19240.0,2162918.3,137956.620262182,107.0,0.0,511480,200006,0.3663743286423279
12,H12,main_span,38,2,CW2_GATE_38,bottom,342,BOTTOM_PHI50,1,14360,18780.0,2162918.3,129591.682718469,18780.0,2162918.3,129704.182718469,112.5,0.0,511840,200010,0.4307949214766469
12,H12,main_span,38,2,CW2_GATE_38,bottom,342,BOTTOM_PHI50,2,15088,19040.0,2162918.3,129591.682718469,19040.0,2162918.3,129704.182718469,112.5,0.0,512533,200010,0.4307949214766469
12,H12,main_span,38,2,CW2_GATE_38,bottom,342,BOTTOM_PHI50,3,15816,19300.0,2162918.3,129591.682718469,19300.0,2162918.3,129704.182718469,112.5,0.0,513226,200010,0.4307949214766469
12,H12,main_span,38,2,CW2_GATE_38,bottom,342,BOTTOM_PHI50,4,16544,19560.0,2162918.3,129591.682718469,19560.0,2162918.3,129704.182718469,112.5,0.0,513919,200010,0.4307949214766469
12,H12,main_span,38,2,CW2_GATE_38,bottom,342,BOTTOM_PHI50,5,17272,19820.0,2162918.3,129591.682718469,19820.0,2162918.3,129704.182718469,112.5,0.0,514612,200010,0.4307949214766469
12,H12,main_span,38,2,CW2_GATE_38,bottom,342,BOTTOM_PHI50,6,18000,20080.0,2162918.3,129591.682718469,20080.0,2162918.3,129704.182718469,112.5,0.0,515305,200010,0.4307949214766469
12,H12,main_span,38,2,CW2_GATE_38,bottom,342,BOTTOM_PHI50,7,18728,20340.0,2162918.3,129591.682718469,20340.0,2162918.3,129704.182718469,112.5,0.0,515998,200010,0.4307949214766469
12,H12,main_span,38,2,CW2_GATE_38,bottom,342,BOTTOM_PHI50,8,19456,20600.0,2162918.3,129591.682718469,20600.0,2162918.3,129704.182718469,112.5,0.0,516691,200010,0.4307949214766469
12,H12,main_span,38,2,CW2_GATE_38,bottom,342,BOTTOM_PHI50,9,20184,22300.0,2162918.3,129591.682718469,22300.0,2162918.3,129704.182718469,112.5,0.0,517384,200010,0.4307949214766469
12,H12,main_span,38,2,CW2_GATE_38,bottom,342,BOTTOM_PHI50,10,20912,22560.0,2162918.3,129591.682718469,22560.0,2162918.3,129704.182718469,112.5,0.0,518077,200010,0.4307949214766469
12,H12,main_span,38,2,CW2_GATE_38,bottom,342,BOTTOM_PHI50,11,21640,22820.0,2162918.3,129591.682718469,22820.0,2162918.3,129704.182718469,112.5,0.0,518770,200010,0.4307949214766469
12,H12,main_span,38,2,CW2_GATE_38,bottom,342,BOTTOM_PHI50,12,22368,23080.0,2162918.3,129591.682718469,23080.0,2162918.3,129704.182718469,112.5,0.0,519463,200010,0.4307949214766469
12,H12,main_span,38,2,CW2_GATE_38,bottom,342,BOTTOM_PHI50,13,23096,23340.0,2162918.3,129591.682718469,23340.0,2162918.3,129704.182718469,112.5,0.0,520156,200010,0.4307949214766469
12,H12,main_span,38,2,CW2_GATE_38,bottom,342,BOTTOM_PHI50,14,23824,23600.0,2162918.3,129591.682718469,23600.0,2162918.3,129704.182718469,112.5,0.0,520849,200010,0.4307949214766469
12,H12,main_span,38,2,CW2_GATE_38,bottom,342,BOTTOM_PHI50,15,24552,23860.0,2162918.3,129591.682718469,23860.0,2162918.3,129704.182718469,112.5,0.0,521542,200010,0.4307949214766469
12,H12,main_span,38,2,CW2_GATE_38,bottom,342,BOTTOM_PHI50,16,25280,24120.0,2162918.3,129591.682718469,24120.0,2162918.3,129704.182718469,112.5,0.0,522235,200010,0.4307949214766469
12,H12,main_span,38,2,CW2_GATE_38,gate,1203,GANTRY_PHI54,1,25869,19240.0,2162918.3,137849.620262182,19240.0,2162918.3,137956.620262182,107.0,0.0,522639,200006,0.3663743286423279
12,H12,main_span,38,2,CW2_GATE_38,gate,1203,GANTRY_PHI54,2,26264,19500.0,2162918.3,137849.620262182,19500.0,2162918.3,137956.620262182,107.0,0.0,522710,200006,0.3663743286423279
12,H12,main_span,38,2,CW2_GATE_38,gate,1203,GANTRY_PHI54,3,26659,19760.0,2162918.3,137849.620262182,19760.0,2162918.3,137956.620262182,107.0,0.0,522781,200006,0.3663743286423279
12,H12,main_span,38,2,CW2_GATE_38,gate,1203,GANTRY_PHI54,4,27054,23140.0,2162918.3,137849.620262182,23140.0,2162918.3,137956.620262182,107.0,0.0,522852,200006,0.3663743286423279
12,H12,main_span,38,2,CW2_GATE_38,gate,1203,GANTRY_PHI54,5,27449,23400.0,2162918.3,137849.620262182,23400.0,2162918.3,137956.620262182,107.0,0.0,522923,200006,0.3663743286423279
12,H12,main_span,38,2,CW2_GATE_38,gate,1203,GANTRY_PHI54,6,27844,23660.0,2162918.3,137849.620262182,23660.0,2162918.3,137956.620262182,107.0,0.0,522994,200006,0.3663743286423279
13,H13,main_span,41,1,CW1_GATE_41,bottom,361,BOTTOM_PHI50,1,361,-24120.0,2313909.0,149503.224113289,-24120.0,2313913.65,149615.724113289,112.5,0.0,500345,200013,0.4469202529063838
13,H13,main_span,41,1,CW1_GATE_41,bottom,361,BOTTOM_PHI50,2,1089,-23860.0,2313909.0,149503.224113289,-23860.0,2313913.65,149615.724113289,112.5,0.0,501038,200013,0.4469202529063838
13,H13,main_span,41,1,CW1_GATE_41,bottom,361,BOTTOM_PHI50,3,1817,-23600.0,2313909.0,149503.224113289,-23600.0,2313913.65,149615.724113289,112.5,0.0,501731,200013,0.4469202529063838
13,H13,main_span,41,1,CW1_GATE_41,bottom,361,BOTTOM_PHI50,4,2545,-23340.0,2313909.0,149503.224113289,-23340.0,2313913.65,149615.724113289,112.5,0.0,502424,200013,0.4469202529063838
13,H13,main_span,41,1,CW1_GATE_41,bottom,361,BOTTOM_PHI50,5,3273,-23080.0,2313909.0,149503.224113289,-23080.0,2313913.65,149615.724113289,112.5,0.0,503117,200013,0.4469202529063838
13,H13,main_span,41,1,CW1_GATE_41,bottom,361,BOTTOM_PHI50,6,4001,-22820.0,2313909.0,149503.224113289,-22820.0,2313913.65,149615.724113289,112.5,0.0,503810,200013,0.4469202529063838
13,H13,main_span,41,1,CW1_GATE_41,bottom,361,BOTTOM_PHI50,7,4729,-22560.0,2313909.0,149503.224113289,-22560.0,2313913.65,149615.724113289,112.5,0.0,504503,200013,0.4469202529063838
13,H13,main_span,41,1,CW1_GATE_41,bottom,361,BOTTOM_PHI50,8,5457,-22300.0,2313909.0,149503.224113289,-22300.0,2313913.65,149615.724113289,112.5,0.0,505196,200013,0.4469202529063838
13,H13,main_span,41,1,CW1_GATE_41,bottom,361,BOTTOM_PHI50,9,6185,-20600.0,2313909.0,149503.224113289,-20600.0,2313913.65,149615.724113289,112.5,0.0,505889,200013,0.4469202529063838
13,H13,main_span,41,1,CW1_GATE_41,bottom,361,BOTTOM_PHI50,10,6913,-20340.0,2313909.0,149503.224113289,-20340.0,2313913.65,149615.724113289,112.5,0.0,506582,200013,0.4469202529063838
13,H13,main_span,41,1,CW1_GATE_41,bottom,361,BOTTOM_PHI50,11,7641,-20080.0,2313909.0,149503.224113289,-20080.0,2313913.65,149615.724113289,112.5,0.0,507275,200013,0.4469202529063838
13,H13,main_span,41,1,CW1_GATE_41,bottom,361,BOTTOM_PHI50,12,8369,-19820.0,2313909.0,149503.224113289,-19820.0,2313913.65,149615.724113289,112.5,0.0,507968,200013,0.4469202529063838
13,H13,main_span,41,1,CW1_GATE_41,bottom,361,BOTTOM_PHI50,13,9097,-19560.0,2313909.0,149503.224113289,-19560.0,2313913.65,149615.724113289,112.5,0.0,508661,200013,0.4469202529063838
13,H13,main_span,41,1,CW1_GATE_41,bottom,361,BOTTOM_PHI50,14,9825,-19300.0,2313909.0,149503.224113289,-19300.0,2313913.65,149615.724113289,112.5,0.0,509354,200013,0.4469202529063838
13,H13,main_span,41,1,CW1_GATE_41,bottom,361,BOTTOM_PHI50,15,10553,-19040.0,2313909.0,149503.224113289,-19040.0,2313913.65,149615.724113289,112.5,0.0,510047,200013,0.4469202529063838
13,H13,main_span,41,1,CW1_GATE_41,bottom,361,BOTTOM_PHI50,16,11281,-18780.0,2313909.0,149503.224113289,-18780.0,2313913.65,149615.724113289,112.5,0.0,510740,200013,0.4469202529063838
13,H13,main_span,41,1,CW1_GATE_41,gate,1218,GANTRY_PHI54,1,11866,-23660.0,2313918.3,158014.687301232,-23660.0,2313913.65,158121.687301232,107.0,0.0,511128,200006,0.3663743286423279
13,H13,main_span,41,1,CW1_GATE_41,gate,1218,GANTRY_PHI54,2,12261,-23400.0,2313918.3,158014.687301232,-23400.0,2313913.65,158121.687301232,107.0,0.0,511199,200006,0.3663743286423279
13,H13,main_span,41,1,CW1_GATE_41,gate,1218,GANTRY_PHI54,3,12656,-23140.0,2313918.3,158014.687301232,-23140.0,2313913.65,158121.687301232,107.0,0.0,511270,200006,0.3663743286423279
13,H13,main_span,41,1,CW1_GATE_41,gate,1218,GANTRY_PHI54,4,13051,-19760.0,2313918.3,158014.687301232,-19760.0,2313913.65,158121.687301232,107.0,0.0,511341,200006,0.3663743286423279
13,H13,main_span,41,1,CW1_GATE_41,gate,1218,GANTRY_PHI54,5,13446,-19500.0,2313918.3,158014.687301232,-19500.0,2313913.65,158121.687301232,107.0,0.0,511412,200006,0.3663743286423279
13,H13,main_span,41,1,CW1_GATE_41,gate,1218,GANTRY_PHI54,6,13841,-19240.0,2313918.3,158014.687301232,-19240.0,2313913.65,158121.687301232,107.0,0.0,511483,200006,0.3663743286423279
13,H13,main_span,41,2,CW2_GATE_41,bottom,361,BOTTOM_PHI50,1,14379,18780.0,2313909.0,149503.224113289,18780.0,2313913.65,149615.724113289,112.5,0.0,511859,200013,0.4469202529063838
13,H13,main_span,41,2,CW2_GATE_41,bottom,361,BOTTOM_PHI50,2,15107,19040.0,2313909.0,149503.224113289,19040.0,2313913.65,149615.724113289,112.5,0.0,512552,200013,0.4469202529063838
13,H13,main_span,41,2,CW2_GATE_41,bottom,361,BOTTOM_PHI50,3,15835,19300.0,2313909.0,149503.224113289,19300.0,2313913.65,149615.724113289,112.5,0.0,513245,200013,0.4469202529063838
13,H13,main_span,41,2,CW2_GATE_41,bottom,361,BOTTOM_PHI50,4,16563,19560.0,2313909.0,149503.224113289,19560.0,2313913.65,149615.724113289,112.5,0.0,513938,200013,0.4469202529063838
13,H13,main_span,41,2,CW2_GATE_41,bottom,361,BOTTOM_PHI50,5,17291,19820.0,2313909.0,149503.224113289,19820.0,2313913.65,149615.724113289,112.5,0.0,514631,200013,0.4469202529063838
13,H13,main_span,41,2,CW2_GATE_41,bottom,361,BOTTOM_PHI50,6,18019,20080.0,2313909.0,149503.224113289,20080.0,2313913.65,149615.724113289,112.5,0.0,515324,200013,0.4469202529063838
13,H13,main_span,41,2,CW2_GATE_41,bottom,361,BOTTOM_PHI50,7,18747,20340.0,2313909.0,149503.224113289,20340.0,2313913.65,149615.724113289,112.5,0.0,516017,200013,0.4469202529063838
13,H13,main_span,41,2,CW2_GATE_41,bottom,361,BOTTOM_PHI50,8,19475,20600.0,2313909.0,149503.224113289,20600.0,2313913.65,149615.724113289,112.5,0.0,516710,200013,0.4469202529063838
13,H13,main_span,41,2,CW2_GATE_41,bottom,361,BOTTOM_PHI50,9,20203,22300.0,2313909.0,149503.224113289,22300.0,2313913.65,149615.724113289,112.5,0.0,517403,200013,0.4469202529063838
13,H13,main_span,41,2,CW2_GATE_41,bottom,361,BOTTOM_PHI50,10,20931,22560.0,2313909.0,149503.224113289,22560.0,2313913.65,149615.724113289,112.5,0.0,518096,200013,0.4469202529063838
13,H13,main_span,41,2,CW2_GATE_41,bottom,361,BOTTOM_PHI50,11,21659,22820.0,2313909.0,149503.224113289,22820.0,2313913.65,149615.724113289,112.5,0.0,518789,200013,0.4469202529063838
13,H13,main_span,41,2,CW2_GATE_41,bottom,361,BOTTOM_PHI50,12,22387,23080.0,2313909.0,149503.224113289,23080.0,2313913.65,149615.724113289,112.5,0.0,519482,200013,0.4469202529063838
13,H13,main_span,41,2,CW2_GATE_41,bottom,361,BOTTOM_PHI50,13,23115,23340.0,2313909.0,149503.224113289,23340.0,2313913.65,149615.724113289,112.5,0.0,520175,200013,0.4469202529063838
13,H13,main_span,41,2,CW2_GATE_41,bottom,361,BOTTOM_PHI50,14,23843,23600.0,2313909.0,149503.224113289,23600.0,2313913.65,149615.724113289,112.5,0.0,520868,200013,0.4469202529063838
13,H13,main_span,41,2,CW2_GATE_41,bottom,361,BOTTOM_PHI50,15,24571,23860.0,2313909.0,149503.224113289,23860.0,2313913.65,149615.724113289,112.5,0.0,521561,200013,0.4469202529063838
13,H13,main_span,41,2,CW2_GATE_41,bottom,361,BOTTOM_PHI50,16,25299,24120.0,2313909.0,149503.224113289,24120.0,2313913.65,149615.724113289,112.5,0.0,522254,200013,0.4469202529063838
13,H13,main_span,41,2,CW2_GATE_41,gate,1218,GANTRY_PHI54,1,25884,19240.0,2313918.3,158014.687301232,19240.0,2313913.65,158121.687301232,107.0,0.0,522642,200006,0.3663743286423279
13,H13,main_span,41,2,CW2_GATE_41,gate,1218,GANTRY_PHI54,2,26279,19500.0,2313918.3,158014.687301232,19500.0,2313913.65,158121.687301232,107.0,0.0,522713,200006,0.3663743286423279
13,H13,main_span,41,2,CW2_GATE_41,gate,1218,GANTRY_PHI54,3,26674,19760.0,2313918.3,158014.687301232,19760.0,2313913.65,158121.687301232,107.0,0.0,522784,200006,0.3663743286423279
13,H13,main_span,41,2,CW2_GATE_41,gate,1218,GANTRY_PHI54,4,27069,23140.0,2313918.3,158014.687301232,23140.0,2313913.65,158121.687301232,107.0,0.0,522855,200006,0.3663743286423279
13,H13,main_span,41,2,CW2_GATE_41,gate,1218,GANTRY_PHI54,5,27464,23400.0,2313918.3,158014.687301232,23400.0,2313913.65,158121.687301232,107.0,0.0,522926,200006,0.3663743286423279
13,H13,main_span,41,2,CW2_GATE_41,gate,1218,GANTRY_PHI54,6,27859,23660.0,2313918.3,158014.687301232,23660.0,2313913.65,158121.687301232,107.0,0.0,522997,200006,0.3663743286423279
14,H14,main_span,44,1,CW1_GATE_44,bottom,382,BOTTOM_PHI50,1,382,-24120.0,2484909.0,181537.186912644,-24120.0,2484913.65,181649.686912644,112.5,0.0,500366,200013,0.4469202529063838
14,H14,main_span,44,1,CW1_GATE_44,bottom,382,BOTTOM_PHI50,2,1110,-23860.0,2484909.0,181537.186912644,-23860.0,2484913.65,181649.686912644,112.5,0.0,501059,200013,0.4469202529063838
14,H14,main_span,44,1,CW1_GATE_44,bottom,382,BOTTOM_PHI50,3,1838,-23600.0,2484909.0,181537.186912644,-23600.0,2484913.65,181649.686912644,112.5,0.0,501752,200013,0.4469202529063838
14,H14,main_span,44,1,CW1_GATE_44,bottom,382,BOTTOM_PHI50,4,2566,-23340.0,2484909.0,181537.186912644,-23340.0,2484913.65,181649.686912644,112.5,0.0,502445,200013,0.4469202529063838
14,H14,main_span,44,1,CW1_GATE_44,bottom,382,BOTTOM_PHI50,5,3294,-23080.0,2484909.0,181537.186912644,-23080.0,2484913.65,181649.686912644,112.5,0.0,503138,200013,0.4469202529063838
14,H14,main_span,44,1,CW1_GATE_44,bottom,382,BOTTOM_PHI50,6,4022,-22820.0,2484909.0,181537.186912644,-22820.0,2484913.65,181649.686912644,112.5,0.0,503831,200013,0.4469202529063838
14,H14,main_span,44,1,CW1_GATE_44,bottom,382,BOTTOM_PHI50,7,4750,-22560.0,2484909.0,181537.186912644,-22560.0,2484913.65,181649.686912644,112.5,0.0,504524,200013,0.4469202529063838
14,H14,main_span,44,1,CW1_GATE_44,bottom,382,BOTTOM_PHI50,8,5478,-22300.0,2484909.0,181537.186912644,-22300.0,2484913.65,181649.686912644,112.5,0.0,505217,200013,0.4469202529063838
14,H14,main_span,44,1,CW1_GATE_44,bottom,382,BOTTOM_PHI50,9,6206,-20600.0,2484909.0,181537.186912644,-20600.0,2484913.65,181649.686912644,112.5,0.0,505910,200013,0.4469202529063838
14,H14,main_span,44,1,CW1_GATE_44,bottom,382,BOTTOM_PHI50,10,6934,-20340.0,2484909.0,181537.186912644,-20340.0,2484913.65,181649.686912644,112.5,0.0,506603,200013,0.4469202529063838
14,H14,main_span,44,1,CW1_GATE_44,bottom,382,BOTTOM_PHI50,11,7662,-20080.0,2484909.0,181537.186912644,-20080.0,2484913.65,181649.686912644,112.5,0.0,507296,200013,0.4469202529063838
14,H14,main_span,44,1,CW1_GATE_44,bottom,382,BOTTOM_PHI50,12,8390,-19820.0,2484909.0,181537.186912644,-19820.0,2484913.65,181649.686912644,112.5,0.0,507989,200013,0.4469202529063838
14,H14,main_span,44,1,CW1_GATE_44,bottom,382,BOTTOM_PHI50,13,9118,-19560.0,2484909.0,181537.186912644,-19560.0,2484913.65,181649.686912644,112.5,0.0,508682,200013,0.4469202529063838
14,H14,main_span,44,1,CW1_GATE_44,bottom,382,BOTTOM_PHI50,14,9846,-19300.0,2484909.0,181537.186912644,-19300.0,2484913.65,181649.686912644,112.5,0.0,509375,200013,0.4469202529063838
14,H14,main_span,44,1,CW1_GATE_44,bottom,382,BOTTOM_PHI50,15,10574,-19040.0,2484909.0,181537.186912644,-19040.0,2484913.65,181649.686912644,112.5,0.0,510068,200013,0.4469202529063838
14,H14,main_span,44,1,CW1_GATE_44,bottom,382,BOTTOM_PHI50,16,11302,-18780.0,2484909.0,181537.186912644,-18780.0,2484913.65,181649.686912644,112.5,0.0,510761,200013,0.4469202529063838
14,H14,main_span,44,1,CW1_GATE_44,gate,1233,GANTRY_PHI54,1,11881,-23660.0,2484918.3,190362.459247499,-23660.0,2484913.65,190469.459247499,107.0,0.0,511131,200006,0.3663743286423279
14,H14,main_span,44,1,CW1_GATE_44,gate,1233,GANTRY_PHI54,2,12276,-23400.0,2484918.3,190362.459247499,-23400.0,2484913.65,190469.459247499,107.0,0.0,511202,200006,0.3663743286423279
14,H14,main_span,44,1,CW1_GATE_44,gate,1233,GANTRY_PHI54,3,12671,-23140.0,2484918.3,190362.459247499,-23140.0,2484913.65,190469.459247499,107.0,0.0,511273,200006,0.3663743286423279
14,H14,main_span,44,1,CW1_GATE_44,gate,1233,GANTRY_PHI54,4,13066,-19760.0,2484918.3,190362.459247499,-19760.0,2484913.65,190469.459247499,107.0,0.0,511344,200006,0.3663743286423279
14,H14,main_span,44,1,CW1_GATE_44,gate,1233,GANTRY_PHI54,5,13461,-19500.0,2484918.3,190362.459247499,-19500.0,2484913.65,190469.459247499,107.0,0.0,511415,200006,0.3663743286423279
14,H14,main_span,44,1,CW1_GATE_44,gate,1233,GANTRY_PHI54,6,13856,-19240.0,2484918.3,190362.459247499,-19240.0,2484913.65,190469.459247499,107.0,0.0,511486,200006,0.3663743286423279
14,H14,main_span,44,2,CW2_GATE_44,bottom,382,BOTTOM_PHI50,1,14400,18780.0,2484909.0,181537.186912644,18780.0,2484913.65,181649.686912644,112.5,0.0,511880,200013,0.4469202529063838
14,H14,main_span,44,2,CW2_GATE_44,bottom,382,BOTTOM_PHI50,2,15128,19040.0,2484909.0,181537.186912644,19040.0,2484913.65,181649.686912644,112.5,0.0,512573,200013,0.4469202529063838
14,H14,main_span,44,2,CW2_GATE_44,bottom,382,BOTTOM_PHI50,3,15856,19300.0,2484909.0,181537.186912644,19300.0,2484913.65,181649.686912644,112.5,0.0,513266,200013,0.4469202529063838
14,H14,main_span,44,2,CW2_GATE_44,bottom,382,BOTTOM_PHI50,4,16584,19560.0,2484909.0,181537.186912644,19560.0,2484913.65,181649.686912644,112.5,0.0,513959,200013,0.4469202529063838
14,H14,main_span,44,2,CW2_GATE_44,bottom,382,BOTTOM_PHI50,5,17312,19820.0,2484909.0,181537.186912644,19820.0,2484913.65,181649.686912644,112.5,0.0,514652,200013,0.4469202529063838
14,H14,main_span,44,2,CW2_GATE_44,bottom,382,BOTTOM_PHI50,6,18040,20080.0,2484909.0,181537.186912644,20080.0,2484913.65,181649.686912644,112.5,0.0,515345,200013,0.4469202529063838
14,H14,main_span,44,2,CW2_GATE_44,bottom,382,BOTTOM_PHI50,7,18768,20340.0,2484909.0,181537.186912644,20340.0,2484913.65,181649.686912644,112.5,0.0,516038,200013,0.4469202529063838
14,H14,main_span,44,2,CW2_GATE_44,bottom,382,BOTTOM_PHI50,8,19496,20600.0,2484909.0,181537.186912644,20600.0,2484913.65,181649.686912644,112.5,0.0,516731,200013,0.4469202529063838
14,H14,main_span,44,2,CW2_GATE_44,bottom,382,BOTTOM_PHI50,9,20224,22300.0,2484909.0,181537.186912644,22300.0,2484913.65,181649.686912644,112.5,0.0,517424,200013,0.4469202529063838
14,H14,main_span,44,2,CW2_GATE_44,bottom,382,BOTTOM_PHI50,10,20952,22560.0,2484909.0,181537.186912644,22560.0,2484913.65,181649.686912644,112.5,0.0,518117,200013,0.4469202529063838
14,H14,main_span,44,2,CW2_GATE_44,bottom,382,BOTTOM_PHI50,11,21680,22820.0,2484909.0,181537.186912644,22820.0,2484913.65,181649.686912644,112.5,0.0,518810,200013,0.4469202529063838
14,H14,main_span,44,2,CW2_GATE_44,bottom,382,BOTTOM_PHI50,12,22408,23080.0,2484909.0,181537.186912644,23080.0,2484913.65,181649.686912644,112.5,0.0,519503,200013,0.4469202529063838
14,H14,main_span,44,2,CW2_GATE_44,bottom,382,BOTTOM_PHI50,13,23136,23340.0,2484909.0,181537.186912644,23340.0,2484913.65,181649.686912644,112.5,0.0,520196,200013,0.4469202529063838
14,H14,main_span,44,2,CW2_GATE_44,bottom,382,BOTTOM_PHI50,14,23864,23600.0,2484909.0,181537.186912644,23600.0,2484913.65,181649.686912644,112.5,0.0,520889,200013,0.4469202529063838
14,H14,main_span,44,2,CW2_GATE_44,bottom,382,BOTTOM_PHI50,15,24592,23860.0,2484909.0,181537.186912644,23860.0,2484913.65,181649.686912644,112.5,0.0,521582,200013,0.4469202529063838
14,H14,main_span,44,2,CW2_GATE_44,bottom,382,BOTTOM_PHI50,16,25320,24120.0,2484909.0,181537.186912644,24120.0,2484913.65,181649.686912644,112.5,0.0,522275,200013,0.4469202529063838
14,H14,main_span,44,2,CW2_GATE_44,gate,1233,GANTRY_PHI54,1,25899,19240.0,2484918.3,190362.459247499,19240.0,2484913.65,190469.459247499,107.0,0.0,522645,200006,0.3663743286423279
14,H14,main_span,44,2,CW2_GATE_44,gate,1233,GANTRY_PHI54,2,26294,19500.0,2484918.3,190362.459247499,19500.0,2484913.65,190469.459247499,107.0,0.0,522716,200006,0.3663743286423279
14,H14,main_span,44,2,CW2_GATE_44,gate,1233,GANTRY_PHI54,3,26689,19760.0,2484918.3,190362.459247499,19760.0,2484913.65,190469.459247499,107.0,0.0,522787,200006,0.3663743286423279
14,H14,main_span,44,2,CW2_GATE_44,gate,1233,GANTRY_PHI54,4,27084,23140.0,2484918.3,190362.459247499,23140.0,2484913.65,190469.459247499,107.0,0.0,522858,200006,0.3663743286423279
14,H14,main_span,44,2,CW2_GATE_44,gate,1233,GANTRY_PHI54,5,27479,23400.0,2484918.3,190362.459247499,23400.0,2484913.65,190469.459247499,107.0,0.0,522929,200006,0.3663743286423279
14,H14,main_span,44,2,CW2_GATE_44,gate,1233,GANTRY_PHI54,6,27874,23660.0,2484918.3,190362.459247499,23660.0,2484913.65,190469.459247499,107.0,0.0,523000,200006,0.3663743286423279
15,H15,main_span,47,1,CW1_GATE_47,bottom,403,BOTTOM_PHI50,1,403,-24120.0,2655909.0,223648.475809119,-24120.0,2655913.65,223760.975809119,112.5,0.0,500387,200013,0.4469202529063838
15,H15,main_span,47,1,CW1_GATE_47,bottom,403,BOTTOM_PHI50,2,1131,-23860.0,2655909.0,223648.475809119,-23860.0,2655913.65,223760.975809119,112.5,0.0,501080,200013,0.4469202529063838
15,H15,main_span,47,1,CW1_GATE_47,bottom,403,BOTTOM_PHI50,3,1859,-23600.0,2655909.0,223648.475809119,-23600.0,2655913.65,223760.975809119,112.5,0.0,501773,200013,0.4469202529063838
15,H15,main_span,47,1,CW1_GATE_47,bottom,403,BOTTOM_PHI50,4,2587,-23340.0,2655909.0,223648.475809119,-23340.0,2655913.65,223760.975809119,112.5,0.0,502466,200013,0.4469202529063838
15,H15,main_span,47,1,CW1_GATE_47,bottom,403,BOTTOM_PHI50,5,3315,-23080.0,2655909.0,223648.475809119,-23080.0,2655913.65,223760.975809119,112.5,0.0,503159,200013,0.4469202529063838
15,H15,main_span,47,1,CW1_GATE_47,bottom,403,BOTTOM_PHI50,6,4043,-22820.0,2655909.0,223648.475809119,-22820.0,2655913.65,223760.975809119,112.5,0.0,503852,200013,0.4469202529063838
15,H15,main_span,47,1,CW1_GATE_47,bottom,403,BOTTOM_PHI50,7,4771,-22560.0,2655909.0,223648.475809119,-22560.0,2655913.65,223760.975809119,112.5,0.0,504545,200013,0.4469202529063838
15,H15,main_span,47,1,CW1_GATE_47,bottom,403,BOTTOM_PHI50,8,5499,-22300.0,2655909.0,223648.475809119,-22300.0,2655913.65,223760.975809119,112.5,0.0,505238,200013,0.4469202529063838
15,H15,main_span,47,1,CW1_GATE_47,bottom,403,BOTTOM_PHI50,9,6227,-20600.0,2655909.0,223648.475809119,-20600.0,2655913.65,223760.975809119,112.5,0.0,505931,200013,0.4469202529063838
15,H15,main_span,47,1,CW1_GATE_47,bottom,403,BOTTOM_PHI50,10,6955,-20340.0,2655909.0,223648.475809119,-20340.0,2655913.65,223760.975809119,112.5,0.0,506624,200013,0.4469202529063838
15,H15,main_span,47,1,CW1_GATE_47,bottom,403,BOTTOM_PHI50,11,7683,-20080.0,2655909.0,223648.475809119,-20080.0,2655913.65,223760.975809119,112.5,0.0,507317,200013,0.4469202529063838
15,H15,main_span,47,1,CW1_GATE_47,bottom,403,BOTTOM_PHI50,12,8411,-19820.0,2655909.0,223648.475809119,-19820.0,2655913.65,223760.975809119,112.5,0.0,508010,200013,0.4469202529063838
15,H15,main_span,47,1,CW1_GATE_47,bottom,403,BOTTOM_PHI50,13,9139,-19560.0,2655909.0,223648.475809119,-19560.0,2655913.65,223760.975809119,112.5,0.0,508703,200013,0.4469202529063838
15,H15,main_span,47,1,CW1_GATE_47,bottom,403,BOTTOM_PHI50,14,9867,-19300.0,2655909.0,223648.475809119,-19300.0,2655913.65,223760.975809119,112.5,0.0,509396,200013,0.4469202529063838
15,H15,main_span,47,1,CW1_GATE_47,bottom,403,BOTTOM_PHI50,15,10595,-19040.0,2655909.0,223648.475809119,-19040.0,2655913.65,223760.975809119,112.5,0.0,510089,200013,0.4469202529063838
15,H15,main_span,47,1,CW1_GATE_47,bottom,403,BOTTOM_PHI50,16,11323,-18780.0,2655909.0,223648.475809119,-18780.0,2655913.65,223760.975809119,112.5,0.0,510782,200013,0.4469202529063838
15,H15,main_span,47,1,CW1_GATE_47,gate,1248,GANTRY_PHI54,1,11896,-23660.0,2655918.3,232671.179962876,-23660.0,2655913.65,232778.179962876,107.0,0.0,511134,200006,0.3663743286423279
15,H15,main_span,47,1,CW1_GATE_47,gate,1248,GANTRY_PHI54,2,12291,-23400.0,2655918.3,232671.179962876,-23400.0,2655913.65,232778.179962876,107.0,0.0,511205,200006,0.3663743286423279
15,H15,main_span,47,1,CW1_GATE_47,gate,1248,GANTRY_PHI54,3,12686,-23140.0,2655918.3,232671.179962876,-23140.0,2655913.65,232778.179962876,107.0,0.0,511276,200006,0.3663743286423279
15,H15,main_span,47,1,CW1_GATE_47,gate,1248,GANTRY_PHI54,4,13081,-19760.0,2655918.3,232671.179962876,-19760.0,2655913.65,232778.179962876,107.0,0.0,511347,200006,0.3663743286423279
15,H15,main_span,47,1,CW1_GATE_47,gate,1248,GANTRY_PHI54,5,13476,-19500.0,2655918.3,232671.179962876,-19500.0,2655913.65,232778.179962876,107.0,0.0,511418,200006,0.3663743286423279
15,H15,main_span,47,1,CW1_GATE_47,gate,1248,GANTRY_PHI54,6,13871,-19240.0,2655918.3,232671.179962876,-19240.0,2655913.65,232778.179962876,107.0,0.0,511489,200006,0.3663743286423279
15,H15,main_span,47,2,CW2_GATE_47,bottom,403,BOTTOM_PHI50,1,14421,18780.0,2655909.0,223648.475809119,18780.0,2655913.65,223760.975809119,112.5,0.0,511901,200013,0.4469202529063838
15,H15,main_span,47,2,CW2_GATE_47,bottom,403,BOTTOM_PHI50,2,15149,19040.0,2655909.0,223648.475809119,19040.0,2655913.65,223760.975809119,112.5,0.0,512594,200013,0.4469202529063838
15,H15,main_span,47,2,CW2_GATE_47,bottom,403,BOTTOM_PHI50,3,15877,19300.0,2655909.0,223648.475809119,19300.0,2655913.65,223760.975809119,112.5,0.0,513287,200013,0.4469202529063838
15,H15,main_span,47,2,CW2_GATE_47,bottom,403,BOTTOM_PHI50,4,16605,19560.0,2655909.0,223648.475809119,19560.0,2655913.65,223760.975809119,112.5,0.0,513980,200013,0.4469202529063838
15,H15,main_span,47,2,CW2_GATE_47,bottom,403,BOTTOM_PHI50,5,17333,19820.0,2655909.0,223648.475809119,19820.0,2655913.65,223760.975809119,112.5,0.0,514673,200013,0.4469202529063838
15,H15,main_span,47,2,CW2_GATE_47,bottom,403,BOTTOM_PHI50,6,18061,20080.0,2655909.0,223648.475809119,20080.0,2655913.65,223760.975809119,112.5,0.0,515366,200013,0.4469202529063838
15,H15,main_span,47,2,CW2_GATE_47,bottom,403,BOTTOM_PHI50,7,18789,20340.0,2655909.0,223648.475809119,20340.0,2655913.65,223760.975809119,112.5,0.0,516059,200013,0.4469202529063838
15,H15,main_span,47,2,CW2_GATE_47,bottom,403,BOTTOM_PHI50,8,19517,20600.0,2655909.0,223648.475809119,20600.0,2655913.65,223760.975809119,112.5,0.0,516752,200013,0.4469202529063838
15,H15,main_span,47,2,CW2_GATE_47,bottom,403,BOTTOM_PHI50,9,20245,22300.0,2655909.0,223648.475809119,22300.0,2655913.65,223760.975809119,112.5,0.0,517445,200013,0.4469202529063838
15,H15,main_span,47,2,CW2_GATE_47,bottom,403,BOTTOM_PHI50,10,20973,22560.0,2655909.0,223648.475809119,22560.0,2655913.65,223760.975809119,112.5,0.0,518138,200013,0.4469202529063838
15,H15,main_span,47,2,CW2_GATE_47,bottom,403,BOTTOM_PHI50,11,21701,22820.0,2655909.0,223648.475809119,22820.0,2655913.65,223760.975809119,112.5,0.0,518831,200013,0.4469202529063838
15,H15,main_span,47,2,CW2_GATE_47,bottom,403,BOTTOM_PHI50,12,22429,23080.0,2655909.0,223648.475809119,23080.0,2655913.65,223760.975809119,112.5,0.0,519524,200013,0.4469202529063838
15,H15,main_span,47,2,CW2_GATE_47,bottom,403,BOTTOM_PHI50,13,23157,23340.0,2655909.0,223648.475809119,23340.0,2655913.65,223760.975809119,112.5,0.0,520217,200013,0.4469202529063838
15,H15,main_span,47,2,CW2_GATE_47,bottom,403,BOTTOM_PHI50,14,23885,23600.0,2655909.0,223648.475809119,23600.0,2655913.65,223760.975809119,112.5,0.0,520910,200013,0.4469202529063838
15,H15,main_span,47,2,CW2_GATE_47,bottom,403,BOTTOM_PHI50,15,24613,23860.0,2655909.0,223648.475809119,23860.0,2655913.65,223760.975809119,112.5,0.0,521603,200013,0.4469202529063838
15,H15,main_span,47,2,CW2_GATE_47,bottom,403,BOTTOM_PHI50,16,25341,24120.0,2655909.0,223648.475809119,24120.0,2655913.65,223760.975809119,112.5,0.0,522296,200013,0.4469202529063838
15,H15,main_span,47,2,CW2_GATE_47,gate,1248,GANTRY_PHI54,1,25914,19240.0,2655918.3,232671.179962876,19240.0,2655913.65,232778.179962876,107.0,0.0,522648,200006,0.3663743286423279
15,H15,main_span,47,2,CW2_GATE_47,gate,1248,GANTRY_PHI54,2,26309,19500.0,2655918.3,232671.179962876,19500.0,2655913.65,232778.179962876,107.0,0.0,522719,200006,0.3663743286423279
15,H15,main_span,47,2,CW2_GATE_47,gate,1248,GANTRY_PHI54,3,26704,19760.0,2655918.3,232671.179962876,19760.0,2655913.65,232778.179962876,107.0,0.0,522790,200006,0.3663743286423279
15,H15,main_span,47,2,CW2_GATE_47,gate,1248,GANTRY_PHI54,4,27099,23140.0,2655918.3,232671.179962876,23140.0,2655913.65,232778.179962876,107.0,0.0,522861,200006,0.3663743286423279
15,H15,main_span,47,2,CW2_GATE_47,gate,1248,GANTRY_PHI54,5,27494,23400.0,2655918.3,232671.179962876,23400.0,2655913.65,232778.179962876,107.0,0.0,522932,200006,0.3663743286423279
15,H15,main_span,47,2,CW2_GATE_47,gate,1248,GANTRY_PHI54,6,27889,23660.0,2655918.3,232671.179962876,23660.0,2655913.65,232778.179962876,107.0,0.0,523003,200006,0.3663743286423279
16,H16,main_span,50,1,CW1_GATE_50,bottom,424,BOTTOM_PHI50,1,424,-24120.0,2826909.0,275947.786240305,-24120.0,2826913.65,276060.286240305,112.5,0.0,500408,200013,0.4469202529063838
16,H16,main_span,50,1,CW1_GATE_50,bottom,424,BOTTOM_PHI50,2,1152,-23860.0,2826909.0,275947.786240305,-23860.0,2826913.65,276060.286240305,112.5,0.0,501101,200013,0.4469202529063838
16,H16,main_span,50,1,CW1_GATE_50,bottom,424,BOTTOM_PHI50,3,1880,-23600.0,2826909.0,275947.786240305,-23600.0,2826913.65,276060.286240305,112.5,0.0,501794,200013,0.4469202529063838
16,H16,main_span,50,1,CW1_GATE_50,bottom,424,BOTTOM_PHI50,4,2608,-23340.0,2826909.0,275947.786240305,-23340.0,2826913.65,276060.286240305,112.5,0.0,502487,200013,0.4469202529063838
16,H16,main_span,50,1,CW1_GATE_50,bottom,424,BOTTOM_PHI50,5,3336,-23080.0,2826909.0,275947.786240305,-23080.0,2826913.65,276060.286240305,112.5,0.0,503180,200013,0.4469202529063838
16,H16,main_span,50,1,CW1_GATE_50,bottom,424,BOTTOM_PHI50,6,4064,-22820.0,2826909.0,275947.786240305,-22820.0,2826913.65,276060.286240305,112.5,0.0,503873,200013,0.4469202529063838
16,H16,main_span,50,1,CW1_GATE_50,bottom,424,BOTTOM_PHI50,7,4792,-22560.0,2826909.0,275947.786240305,-22560.0,2826913.65,276060.286240305,112.5,0.0,504566,200013,0.4469202529063838
16,H16,main_span,50,1,CW1_GATE_50,bottom,424,BOTTOM_PHI50,8,5520,-22300.0,2826909.0,275947.786240305,-22300.0,2826913.65,276060.286240305,112.5,0.0,505259,200013,0.4469202529063838
16,H16,main_span,50,1,CW1_GATE_50,bottom,424,BOTTOM_PHI50,9,6248,-20600.0,2826909.0,275947.786240305,-20600.0,2826913.65,276060.286240305,112.5,0.0,505952,200013,0.4469202529063838
16,H16,main_span,50,1,CW1_GATE_50,bottom,424,BOTTOM_PHI50,10,6976,-20340.0,2826909.0,275947.786240305,-20340.0,2826913.65,276060.286240305,112.5,0.0,506645,200013,0.4469202529063838
16,H16,main_span,50,1,CW1_GATE_50,bottom,424,BOTTOM_PHI50,11,7704,-20080.0,2826909.0,275947.786240305,-20080.0,2826913.65,276060.286240305,112.5,0.0,507338,200013,0.4469202529063838
16,H16,main_span,50,1,CW1_GATE_50,bottom,424,BOTTOM_PHI50,12,8432,-19820.0,2826909.0,275947.786240305,-19820.0,2826913.65,276060.286240305,112.5,0.0,508031,200013,0.4469202529063838
16,H16,main_span,50,1,CW1_GATE_50,bottom,424,BOTTOM_PHI50,13,9160,-19560.0,2826909.0,275947.786240305,-19560.0,2826913.65,276060.286240305,112.5,0.0,508724,200013,0.4469202529063838
16,H16,main_span,50,1,CW1_GATE_50,bottom,424,BOTTOM_PHI50,14,9888,-19300.0,2826909.0,275947.786240305,-19300.0,2826913.65,276060.286240305,112.5,0.0,509417,200013,0.4469202529063838
16,H16,main_span,50,1,CW1_GATE_50,bottom,424,BOTTOM_PHI50,15,10616,-19040.0,2826909.0,275947.786240305,-19040.0,2826913.65,276060.286240305,112.5,0.0,510110,200013,0.4469202529063838
16,H16,main_span,50,1,CW1_GATE_50,bottom,424,BOTTOM_PHI50,16,11344,-18780.0,2826909.0,275947.786240305,-18780.0,2826913.65,276060.286240305,112.5,0.0,510803,200013,0.4469202529063838
16,H16,main_span,50,1,CW1_GATE_50,gate,1263,GANTRY_PHI54,1,11911,-23660.0,2826918.3,285033.684432866,-23660.0,2826913.65,285140.684432866,107.0,0.0,511137,200006,0.3663743286423279
16,H16,main_span,50,1,CW1_GATE_50,gate,1263,GANTRY_PHI54,2,12306,-23400.0,2826918.3,285033.684432866,-23400.0,2826913.65,285140.684432866,107.0,0.0,511208,200006,0.3663743286423279
16,H16,main_span,50,1,CW1_GATE_50,gate,1263,GANTRY_PHI54,3,12701,-23140.0,2826918.3,285033.684432866,-23140.0,2826913.65,285140.684432866,107.0,0.0,511279,200006,0.3663743286423279
16,H16,main_span,50,1,CW1_GATE_50,gate,1263,GANTRY_PHI54,4,13096,-19760.0,2826918.3,285033.684432866,-19760.0,2826913.65,285140.684432866,107.0,0.0,511350,200006,0.3663743286423279
16,H16,main_span,50,1,CW1_GATE_50,gate,1263,GANTRY_PHI54,5,13491,-19500.0,2826918.3,285033.684432866,-19500.0,2826913.65,285140.684432866,107.0,0.0,511421,200006,0.3663743286423279
16,H16,main_span,50,1,CW1_GATE_50,gate,1263,GANTRY_PHI54,6,13886,-19240.0,2826918.3,285033.684432866,-19240.0,2826913.65,285140.684432866,107.0,0.0,511492,200006,0.3663743286423279
16,H16,main_span,50,2,CW2_GATE_50,bottom,424,BOTTOM_PHI50,1,14442,18780.0,2826909.0,275947.786240305,18780.0,2826913.65,276060.286240305,112.5,0.0,511922,200013,0.4469202529063838
16,H16,main_span,50,2,CW2_GATE_50,bottom,424,BOTTOM_PHI50,2,15170,19040.0,2826909.0,275947.786240305,19040.0,2826913.65,276060.286240305,112.5,0.0,512615,200013,0.4469202529063838
16,H16,main_span,50,2,CW2_GATE_50,bottom,424,BOTTOM_PHI50,3,15898,19300.0,2826909.0,275947.786240305,19300.0,2826913.65,276060.286240305,112.5,0.0,513308,200013,0.4469202529063838
16,H16,main_span,50,2,CW2_GATE_50,bottom,424,BOTTOM_PHI50,4,16626,19560.0,2826909.0,275947.786240305,19560.0,2826913.65,276060.286240305,112.5,0.0,514001,200013,0.4469202529063838
16,H16,main_span,50,2,CW2_GATE_50,bottom,424,BOTTOM_PHI50,5,17354,19820.0,2826909.0,275947.786240305,19820.0,2826913.65,276060.286240305,112.5,0.0,514694,200013,0.4469202529063838
16,H16,main_span,50,2,CW2_GATE_50,bottom,424,BOTTOM_PHI50,6,18082,20080.0,2826909.0,275947.786240305,20080.0,2826913.65,276060.286240305,112.5,0.0,515387,200013,0.4469202529063838
16,H16,main_span,50,2,CW2_GATE_50,bottom,424,BOTTOM_PHI50,7,18810,20340.0,2826909.0,275947.786240305,20340.0,2826913.65,276060.286240305,112.5,0.0,516080,200013,0.4469202529063838
16,H16,main_span,50,2,CW2_GATE_50,bottom,424,BOTTOM_PHI50,8,19538,20600.0,2826909.0,275947.786240305,20600.0,2826913.65,276060.286240305,112.5,0.0,516773,200013,0.4469202529063838
16,H16,main_span,50,2,CW2_GATE_50,bottom,424,BOTTOM_PHI50,9,20266,22300.0,2826909.0,275947.786240305,22300.0,2826913.65,276060.286240305,112.5,0.0,517466,200013,0.4469202529063838
16,H16,main_span,50,2,CW2_GATE_50,bottom,424,BOTTOM_PHI50,10,20994,22560.0,2826909.0,275947.786240305,22560.0,2826913.65,276060.286240305,112.5,0.0,518159,200013,0.4469202529063838
16,H16,main_span,50,2,CW2_GATE_50,bottom,424,BOTTOM_PHI50,11,21722,22820.0,2826909.0,275947.786240305,22820.0,2826913.65,276060.286240305,112.5,0.0,518852,200013,0.4469202529063838
16,H16,main_span,50,2,CW2_GATE_50,bottom,424,BOTTOM_PHI50,12,22450,23080.0,2826909.0,275947.786240305,23080.0,2826913.65,276060.286240305,112.5,0.0,519545,200013,0.4469202529063838
16,H16,main_span,50,2,CW2_GATE_50,bottom,424,BOTTOM_PHI50,13,23178,23340.0,2826909.0,275947.786240305,23340.0,2826913.65,276060.286240305,112.5,0.0,520238,200013,0.4469202529063838
16,H16,main_span,50,2,CW2_GATE_50,bottom,424,BOTTOM_PHI50,14,23906,23600.0,2826909.0,275947.786240305,23600.0,2826913.65,276060.286240305,112.5,0.0,520931,200013,0.4469202529063838
16,H16,main_span,50,2,CW2_GATE_50,bottom,424,BOTTOM_PHI50,15,24634,23860.0,2826909.0,275947.786240305,23860.0,2826913.65,276060.286240305,112.5,0.0,521624,200013,0.4469202529063838
16,H16,main_span,50,2,CW2_GATE_50,bottom,424,BOTTOM_PHI50,16,25362,24120.0,2826909.0,275947.786240305,24120.0,2826913.65,276060.286240305,112.5,0.0,522317,200013,0.4469202529063838
16,H16,main_span,50,2,CW2_GATE_50,gate,1263,GANTRY_PHI54,1,25929,19240.0,2826918.3,285033.684432866,19240.0,2826913.65,285140.684432866,107.0,0.0,522651,200006,0.3663743286423279
16,H16,main_span,50,2,CW2_GATE_50,gate,1263,GANTRY_PHI54,2,26324,19500.0,2826918.3,285033.684432866,19500.0,2826913.65,285140.684432866,107.0,0.0,522722,200006,0.3663743286423279
16,H16,main_span,50,2,CW2_GATE_50,gate,1263,GANTRY_PHI54,3,26719,19760.0,2826918.3,285033.684432866,19760.0,2826913.65,285140.684432866,107.0,0.0,522793,200006,0.3663743286423279
16,H16,main_span,50,2,CW2_GATE_50,gate,1263,GANTRY_PHI54,4,27114,23140.0,2826918.3,285033.684432866,23140.0,2826913.65,285140.684432866,107.0,0.0,522864,200006,0.3663743286423279
16,H16,main_span,50,2,CW2_GATE_50,gate,1263,GANTRY_PHI54,5,27509,23400.0,2826918.3,285033.684432866,23400.0,2826913.65,285140.684432866,107.0,0.0,522935,200006,0.3663743286423279
16,H16,main_span,50,2,CW2_GATE_50,gate,1263,GANTRY_PHI54,6,27904,23660.0,2826918.3,285033.684432866,23660.0,2826913.65,285140.684432866,107.0,0.0,523006,200006,0.3663743286423279
17,H17,south_side,55,1,CW1_GATE_55,bottom,488,BOTTOM_PHI50,1,488,-24120.0,3183409.0,272942.519985505,-24120.0,3183413.65,273055.019985505,112.5,0.0,500464,200013,0.4469202529063838
17,H17,south_side,55,1,CW1_GATE_55,bottom,488,BOTTOM_PHI50,2,1216,-23860.0,3183409.0,272942.519985505,-23860.0,3183413.65,273055.019985505,112.5,0.0,501157,200013,0.4469202529063838
17,H17,south_side,55,1,CW1_GATE_55,bottom,488,BOTTOM_PHI50,3,1944,-23600.0,3183409.0,272942.519985505,-23600.0,3183413.65,273055.019985505,112.5,0.0,501850,200013,0.4469202529063838
17,H17,south_side,55,1,CW1_GATE_55,bottom,488,BOTTOM_PHI50,4,2672,-23340.0,3183409.0,272942.519985505,-23340.0,3183413.65,273055.019985505,112.5,0.0,502543,200013,0.4469202529063838
17,H17,south_side,55,1,CW1_GATE_55,bottom,488,BOTTOM_PHI50,5,3400,-23080.0,3183409.0,272942.519985505,-23080.0,3183413.65,273055.019985505,112.5,0.0,503236,200013,0.4469202529063838
17,H17,south_side,55,1,CW1_GATE_55,bottom,488,BOTTOM_PHI50,6,4128,-22820.0,3183409.0,272942.519985505,-22820.0,3183413.65,273055.019985505,112.5,0.0,503929,200013,0.4469202529063838
17,H17,south_side,55,1,CW1_GATE_55,bottom,488,BOTTOM_PHI50,7,4856,-22560.0,3183409.0,272942.519985505,-22560.0,3183413.65,273055.019985505,112.5,0.0,504622,200013,0.4469202529063838
17,H17,south_side,55,1,CW1_GATE_55,bottom,488,BOTTOM_PHI50,8,5584,-22300.0,3183409.0,272942.519985505,-22300.0,3183413.65,273055.019985505,112.5,0.0,505315,200013,0.4469202529063838
17,H17,south_side,55,1,CW1_GATE_55,bottom,488,BOTTOM_PHI50,9,6312,-20600.0,3183409.0,272942.519985505,-20600.0,3183413.65,273055.019985505,112.5,0.0,506008,200013,0.4469202529063838
17,H17,south_side,55,1,CW1_GATE_55,bottom,488,BOTTOM_PHI50,10,7040,-20340.0,3183409.0,272942.519985505,-20340.0,3183413.65,273055.019985505,112.5,0.0,506701,200013,0.4469202529063838
17,H17,south_side,55,1,CW1_GATE_55,bottom,488,BOTTOM_PHI50,11,7768,-20080.0,3183409.0,272942.519985505,-20080.0,3183413.65,273055.019985505,112.5,0.0,507394,200013,0.4469202529063838
17,H17,south_side,55,1,CW1_GATE_55,bottom,488,BOTTOM_PHI50,12,8496,-19820.0,3183409.0,272942.519985505,-19820.0,3183413.65,273055.019985505,112.5,0.0,508087,200013,0.4469202529063838
17,H17,south_side,55,1,CW1_GATE_55,bottom,488,BOTTOM_PHI50,13,9224,-19560.0,3183409.0,272942.519985505,-19560.0,3183413.65,273055.019985505,112.5,0.0,508780,200013,0.4469202529063838
17,H17,south_side,55,1,CW1_GATE_55,bottom,488,BOTTOM_PHI50,14,9952,-19300.0,3183409.0,272942.519985505,-19300.0,3183413.65,273055.019985505,112.5,0.0,509473,200013,0.4469202529063838
17,H17,south_side,55,1,CW1_GATE_55,bottom,488,BOTTOM_PHI50,15,10680,-19040.0,3183409.0,272942.519985505,-19040.0,3183413.65,273055.019985505,112.5,0.0,510166,200013,0.4469202529063838
17,H17,south_side,55,1,CW1_GATE_55,bottom,488,BOTTOM_PHI50,16,11408,-18780.0,3183409.0,272942.519985505,-18780.0,3183413.65,273055.019985505,112.5,0.0,510859,200013,0.4469202529063838
17,H17,south_side,55,1,CW1_GATE_55,gate,1300,GANTRY_PHI54,1,11948,-23660.0,3183418.3,281675.671990902,-23660.0,3183413.65,281782.671990902,107.0,0.0,511142,200006,0.3663743286423279
17,H17,south_side,55,1,CW1_GATE_55,gate,1300,GANTRY_PHI54,2,12343,-23400.0,3183418.3,281675.671990902,-23400.0,3183413.65,281782.671990902,107.0,0.0,511213,200006,0.3663743286423279
17,H17,south_side,55,1,CW1_GATE_55,gate,1300,GANTRY_PHI54,3,12738,-23140.0,3183418.3,281675.671990902,-23140.0,3183413.65,281782.671990902,107.0,0.0,511284,200006,0.3663743286423279
17,H17,south_side,55,1,CW1_GATE_55,gate,1300,GANTRY_PHI54,4,13133,-19760.0,3183418.3,281675.671990902,-19760.0,3183413.65,281782.671990902,107.0,0.0,511355,200006,0.3663743286423279
17,H17,south_side,55,1,CW1_GATE_55,gate,1300,GANTRY_PHI54,5,13528,-19500.0,3183418.3,281675.671990902,-19500.0,3183413.65,281782.671990902,107.0,0.0,511426,200006,0.3663743286423279
17,H17,south_side,55,1,CW1_GATE_55,gate,1300,GANTRY_PHI54,6,13923,-19240.0,3183418.3,281675.671990902,-19240.0,3183413.65,281782.671990902,107.0,0.0,511497,200006,0.3663743286423279
17,H17,south_side,55,2,CW2_GATE_55,bottom,488,BOTTOM_PHI50,1,14506,18780.0,3183409.0,272942.519985505,18780.0,3183413.65,273055.019985505,112.5,0.0,511978,200013,0.4469202529063838
17,H17,south_side,55,2,CW2_GATE_55,bottom,488,BOTTOM_PHI50,2,15234,19040.0,3183409.0,272942.519985505,19040.0,3183413.65,273055.019985505,112.5,0.0,512671,200013,0.4469202529063838
17,H17,south_side,55,2,CW2_GATE_55,bottom,488,BOTTOM_PHI50,3,15962,19300.0,3183409.0,272942.519985505,19300.0,3183413.65,273055.019985505,112.5,0.0,513364,200013,0.4469202529063838
17,H17,south_side,55,2,CW2_GATE_55,bottom,488,BOTTOM_PHI50,4,16690,19560.0,3183409.0,272942.519985505,19560.0,3183413.65,273055.019985505,112.5,0.0,514057,200013,0.4469202529063838
17,H17,south_side,55,2,CW2_GATE_55,bottom,488,BOTTOM_PHI50,5,17418,19820.0,3183409.0,272942.519985505,19820.0,3183413.65,273055.019985505,112.5,0.0,514750,200013,0.4469202529063838
17,H17,south_side,55,2,CW2_GATE_55,bottom,488,BOTTOM_PHI50,6,18146,20080.0,3183409.0,272942.519985505,20080.0,3183413.65,273055.019985505,112.5,0.0,515443,200013,0.4469202529063838
17,H17,south_side,55,2,CW2_GATE_55,bottom,488,BOTTOM_PHI50,7,18874,20340.0,3183409.0,272942.519985505,20340.0,3183413.65,273055.019985505,112.5,0.0,516136,200013,0.4469202529063838
17,H17,south_side,55,2,CW2_GATE_55,bottom,488,BOTTOM_PHI50,8,19602,20600.0,3183409.0,272942.519985505,20600.0,3183413.65,273055.019985505,112.5,0.0,516829,200013,0.4469202529063838
17,H17,south_side,55,2,CW2_GATE_55,bottom,488,BOTTOM_PHI50,9,20330,22300.0,3183409.0,272942.519985505,22300.0,3183413.65,273055.019985505,112.5,0.0,517522,200013,0.4469202529063838
17,H17,south_side,55,2,CW2_GATE_55,bottom,488,BOTTOM_PHI50,10,21058,22560.0,3183409.0,272942.519985505,22560.0,3183413.65,273055.019985505,112.5,0.0,518215,200013,0.4469202529063838
17,H17,south_side,55,2,CW2_GATE_55,bottom,488,BOTTOM_PHI50,11,21786,22820.0,3183409.0,272942.519985505,22820.0,3183413.65,273055.019985505,112.5,0.0,518908,200013,0.4469202529063838
17,H17,south_side,55,2,CW2_GATE_55,bottom,488,BOTTOM_PHI50,12,22514,23080.0,3183409.0,272942.519985505,23080.0,3183413.65,273055.019985505,112.5,0.0,519601,200013,0.4469202529063838
17,H17,south_side,55,2,CW2_GATE_55,bottom,488,BOTTOM_PHI50,13,23242,23340.0,3183409.0,272942.519985505,23340.0,3183413.65,273055.019985505,112.5,0.0,520294,200013,0.4469202529063838
17,H17,south_side,55,2,CW2_GATE_55,bottom,488,BOTTOM_PHI50,14,23970,23600.0,3183409.0,272942.519985505,23600.0,3183413.65,273055.019985505,112.5,0.0,520987,200013,0.4469202529063838
17,H17,south_side,55,2,CW2_GATE_55,bottom,488,BOTTOM_PHI50,15,24698,23860.0,3183409.0,272942.519985505,23860.0,3183413.65,273055.019985505,112.5,0.0,521680,200013,0.4469202529063838
17,H17,south_side,55,2,CW2_GATE_55,bottom,488,BOTTOM_PHI50,16,25426,24120.0,3183409.0,272942.519985505,24120.0,3183413.65,273055.019985505,112.5,0.0,522373,200013,0.4469202529063838
17,H17,south_side,55,2,CW2_GATE_55,gate,1300,GANTRY_PHI54,1,25966,19240.0,3183418.3,281675.671990902,19240.0,3183413.65,281782.671990902,107.0,0.0,522656,200006,0.3663743286423279
17,H17,south_side,55,2,CW2_GATE_55,gate,1300,GANTRY_PHI54,2,26361,19500.0,3183418.3,281675.671990902,19500.0,3183413.65,281782.671990902,107.0,0.0,522727,200006,0.3663743286423279
17,H17,south_side,55,2,CW2_GATE_55,gate,1300,GANTRY_PHI54,3,26756,19760.0,3183418.3,281675.671990902,19760.0,3183413.65,281782.671990902,107.0,0.0,522798,200006,0.3663743286423279
17,H17,south_side,55,2,CW2_GATE_55,gate,1300,GANTRY_PHI54,4,27151,23140.0,3183418.3,281675.671990902,23140.0,3183413.65,281782.671990902,107.0,0.0,522869,200006,0.3663743286423279
17,H17,south_side,55,2,CW2_GATE_55,gate,1300,GANTRY_PHI54,5,27546,23400.0,3183418.3,281675.671990902,23400.0,3183413.65,281782.671990902,107.0,0.0,522940,200006,0.3663743286423279
17,H17,south_side,55,2,CW2_GATE_55,gate,1300,GANTRY_PHI54,6,27941,23660.0,3183418.3,281675.671990902,23660.0,3183413.65,281782.671990902,107.0,0.0,523011,200006,0.3663743286423279
18,H18,south_side,58,1,CW1_GATE_58,bottom,528,BOTTOM_PHI50,1,528,-24120.0,3363409.0,212497.108361869,-24120.0,3363413.6500000004,212609.608361869,112.5,0.0,500504,200013,0.4469202529063838
18,H18,south_side,58,1,CW1_GATE_58,bottom,528,BOTTOM_PHI50,2,1256,-23860.0,3363409.0,212497.108361869,-23860.0,3363413.6500000004,212609.608361869,112.5,0.0,501197,200013,0.4469202529063838
18,H18,south_side,58,1,CW1_GATE_58,bottom,528,BOTTOM_PHI50,3,1984,-23600.0,3363409.0,212497.108361869,-23600.0,3363413.6500000004,212609.608361869,112.5,0.0,501890,200013,0.4469202529063838
18,H18,south_side,58,1,CW1_GATE_58,bottom,528,BOTTOM_PHI50,4,2712,-23340.0,3363409.0,212497.108361869,-23340.0,3363413.6500000004,212609.608361869,112.5,0.0,502583,200013,0.4469202529063838
18,H18,south_side,58,1,CW1_GATE_58,bottom,528,BOTTOM_PHI50,5,3440,-23080.0,3363409.0,212497.108361869,-23080.0,3363413.6500000004,212609.608361869,112.5,0.0,503276,200013,0.4469202529063838
18,H18,south_side,58,1,CW1_GATE_58,bottom,528,BOTTOM_PHI50,6,4168,-22820.0,3363409.0,212497.108361869,-22820.0,3363413.6500000004,212609.608361869,112.5,0.0,503969,200013,0.4469202529063838
18,H18,south_side,58,1,CW1_GATE_58,bottom,528,BOTTOM_PHI50,7,4896,-22560.0,3363409.0,212497.108361869,-22560.0,3363413.6500000004,212609.608361869,112.5,0.0,504662,200013,0.4469202529063838
18,H18,south_side,58,1,CW1_GATE_58,bottom,528,BOTTOM_PHI50,8,5624,-22300.0,3363409.0,212497.108361869,-22300.0,3363413.6500000004,212609.608361869,112.5,0.0,505355,200013,0.4469202529063838
18,H18,south_side,58,1,CW1_GATE_58,bottom,528,BOTTOM_PHI50,9,6352,-20600.0,3363409.0,212497.108361869,-20600.0,3363413.6500000004,212609.608361869,112.5,0.0,506048,200013,0.4469202529063838
18,H18,south_side,58,1,CW1_GATE_58,bottom,528,BOTTOM_PHI50,10,7080,-20340.0,3363409.0,212497.108361869,-20340.0,3363413.6500000004,212609.608361869,112.5,0.0,506741,200013,0.4469202529063838
18,H18,south_side,58,1,CW1_GATE_58,bottom,528,BOTTOM_PHI50,11,7808,-20080.0,3363409.0,212497.108361869,-20080.0,3363413.6500000004,212609.608361869,112.5,0.0,507434,200013,0.4469202529063838
18,H18,south_side,58,1,CW1_GATE_58,bottom,528,BOTTOM_PHI50,12,8536,-19820.0,3363409.0,212497.108361869,-19820.0,3363413.6500000004,212609.608361869,112.5,0.0,508127,200013,0.4469202529063838
18,H18,south_side,58,1,CW1_GATE_58,bottom,528,BOTTOM_PHI50,13,9264,-19560.0,3363409.0,212497.108361869,-19560.0,3363413.6500000004,212609.608361869,112.5,0.0,508820,200013,0.4469202529063838
18,H18,south_side,58,1,CW1_GATE_58,bottom,528,BOTTOM_PHI50,14,9992,-19300.0,3363409.0,212497.108361869,-19300.0,3363413.6500000004,212609.608361869,112.5,0.0,509513,200013,0.4469202529063838
18,H18,south_side,58,1,CW1_GATE_58,bottom,528,BOTTOM_PHI50,15,10720,-19040.0,3363409.0,212497.108361869,-19040.0,3363413.6500000004,212609.608361869,112.5,0.0,510206,200013,0.4469202529063838
18,H18,south_side,58,1,CW1_GATE_58,bottom,528,BOTTOM_PHI50,16,11448,-18780.0,3363409.0,212497.108361869,-18780.0,3363413.6500000004,212609.608361869,112.5,0.0,510899,200013,0.4469202529063838
18,H18,south_side,58,1,CW1_GATE_58,gate,1315,GANTRY_PHI54,1,11963,-23660.0,3363418.3,221603.525991369,-23660.0,3363413.6500000004,221710.525991369,107.0,0.0,511145,200006,0.3663743286423279
18,H18,south_side,58,1,CW1_GATE_58,gate,1315,GANTRY_PHI54,2,12358,-23400.0,3363418.3,221603.525991369,-23400.0,3363413.6500000004,221710.525991369,107.0,0.0,511216,200006,0.3663743286423279
18,H18,south_side,58,1,CW1_GATE_58,gate,1315,GANTRY_PHI54,3,12753,-23140.0,3363418.3,221603.525991369,-23140.0,3363413.6500000004,221710.525991369,107.0,0.0,511287,200006,0.3663743286423279
18,H18,south_side,58,1,CW1_GATE_58,gate,1315,GANTRY_PHI54,4,13148,-19760.0,3363418.3,221603.525991369,-19760.0,3363413.6500000004,221710.525991369,107.0,0.0,511358,200006,0.3663743286423279
18,H18,south_side,58,1,CW1_GATE_58,gate,1315,GANTRY_PHI54,5,13543,-19500.0,3363418.3,221603.525991369,-19500.0,3363413.6500000004,221710.525991369,107.0,0.0,511429,200006,0.3663743286423279
18,H18,south_side,58,1,CW1_GATE_58,gate,1315,GANTRY_PHI54,6,13938,-19240.0,3363418.3,221603.525991369,-19240.0,3363413.6500000004,221710.525991369,107.0,0.0,511500,200006,0.3663743286423279
18,H18,south_side,58,2,CW2_GATE_58,bottom,528,BOTTOM_PHI50,1,14546,18780.0,3363409.0,212497.108361869,18780.0,3363413.6500000004,212609.608361869,112.5,0.0,512018,200013,0.4469202529063838
18,H18,south_side,58,2,CW2_GATE_58,bottom,528,BOTTOM_PHI50,2,15274,19040.0,3363409.0,212497.108361869,19040.0,3363413.6500000004,212609.608361869,112.5,0.0,512711,200013,0.4469202529063838
18,H18,south_side,58,2,CW2_GATE_58,bottom,528,BOTTOM_PHI50,3,16002,19300.0,3363409.0,212497.108361869,19300.0,3363413.6500000004,212609.608361869,112.5,0.0,513404,200013,0.4469202529063838
18,H18,south_side,58,2,CW2_GATE_58,bottom,528,BOTTOM_PHI50,4,16730,19560.0,3363409.0,212497.108361869,19560.0,3363413.6500000004,212609.608361869,112.5,0.0,514097,200013,0.4469202529063838
18,H18,south_side,58,2,CW2_GATE_58,bottom,528,BOTTOM_PHI50,5,17458,19820.0,3363409.0,212497.108361869,19820.0,3363413.6500000004,212609.608361869,112.5,0.0,514790,200013,0.4469202529063838
18,H18,south_side,58,2,CW2_GATE_58,bottom,528,BOTTOM_PHI50,6,18186,20080.0,3363409.0,212497.108361869,20080.0,3363413.6500000004,212609.608361869,112.5,0.0,515483,200013,0.4469202529063838
18,H18,south_side,58,2,CW2_GATE_58,bottom,528,BOTTOM_PHI50,7,18914,20340.0,3363409.0,212497.108361869,20340.0,3363413.6500000004,212609.608361869,112.5,0.0,516176,200013,0.4469202529063838
18,H18,south_side,58,2,CW2_GATE_58,bottom,528,BOTTOM_PHI50,8,19642,20600.0,3363409.0,212497.108361869,20600.0,3363413.6500000004,212609.608361869,112.5,0.0,516869,200013,0.4469202529063838
18,H18,south_side,58,2,CW2_GATE_58,bottom,528,BOTTOM_PHI50,9,20370,22300.0,3363409.0,212497.108361869,22300.0,3363413.6500000004,212609.608361869,112.5,0.0,517562,200013,0.4469202529063838
18,H18,south_side,58,2,CW2_GATE_58,bottom,528,BOTTOM_PHI50,10,21098,22560.0,3363409.0,212497.108361869,22560.0,3363413.6500000004,212609.608361869,112.5,0.0,518255,200013,0.4469202529063838
18,H18,south_side,58,2,CW2_GATE_58,bottom,528,BOTTOM_PHI50,11,21826,22820.0,3363409.0,212497.108361869,22820.0,3363413.6500000004,212609.608361869,112.5,0.0,518948,200013,0.4469202529063838
18,H18,south_side,58,2,CW2_GATE_58,bottom,528,BOTTOM_PHI50,12,22554,23080.0,3363409.0,212497.108361869,23080.0,3363413.6500000004,212609.608361869,112.5,0.0,519641,200013,0.4469202529063838
18,H18,south_side,58,2,CW2_GATE_58,bottom,528,BOTTOM_PHI50,13,23282,23340.0,3363409.0,212497.108361869,23340.0,3363413.6500000004,212609.608361869,112.5,0.0,520334,200013,0.4469202529063838
18,H18,south_side,58,2,CW2_GATE_58,bottom,528,BOTTOM_PHI50,14,24010,23600.0,3363409.0,212497.108361869,23600.0,3363413.6500000004,212609.608361869,112.5,0.0,521027,200013,0.4469202529063838
18,H18,south_side,58,2,CW2_GATE_58,bottom,528,BOTTOM_PHI50,15,24738,23860.0,3363409.0,212497.108361869,23860.0,3363413.6500000004,212609.608361869,112.5,0.0,521720,200013,0.4469202529063838
18,H18,south_side,58,2,CW2_GATE_58,bottom,528,BOTTOM_PHI50,16,25466,24120.0,3363409.0,212497.108361869,24120.0,3363413.6500000004,212609.608361869,112.5,0.0,522413,200013,0.4469202529063838
18,H18,south_side,58,2,CW2_GATE_58,gate,1315,GANTRY_PHI54,1,25981,19240.0,3363418.3,221603.525991369,19240.0,3363413.6500000004,221710.525991369,107.0,0.0,522659,200006,0.3663743286423279
18,H18,south_side,58,2,CW2_GATE_58,gate,1315,GANTRY_PHI54,2,26376,19500.0,3363418.3,221603.525991369,19500.0,3363413.6500000004,221710.525991369,107.0,0.0,522730,200006,0.3663743286423279
18,H18,south_side,58,2,CW2_GATE_58,gate,1315,GANTRY_PHI54,3,26771,19760.0,3363418.3,221603.525991369,19760.0,3363413.6500000004,221710.525991369,107.0,0.0,522801,200006,0.3663743286423279
18,H18,south_side,58,2,CW2_GATE_58,gate,1315,GANTRY_PHI54,4,27166,23140.0,3363418.3,221603.525991369,23140.0,3363413.6500000004,221710.525991369,107.0,0.0,522872,200006,0.3663743286423279
18,H18,south_side,58,2,CW2_GATE_58,gate,1315,GANTRY_PHI54,5,27561,23400.0,3363418.3,221603.525991369,23400.0,3363413.6500000004,221710.525991369,107.0,0.0,522943,200006,0.3663743286423279
18,H18,south_side,58,2,CW2_GATE_58,gate,1315,GANTRY_PHI54,6,27956,23660.0,3363418.3,221603.525991369,23660.0,3363413.6500000004,221710.525991369,107.0,0.0,523014,200006,0.3663743286423279
19,H19,south_side,61,1,CW1_GATE_61,bottom,568,BOTTOM_PHI50,1,568,-24120.0,3543409.0,163836.628224247,-24120.0,3543413.6500000004,163949.128224247,112.5,0.0,500544,200013,0.4469202529063838
19,H19,south_side,61,1,CW1_GATE_61,bottom,568,BOTTOM_PHI50,2,1296,-23860.0,3543409.0,163836.628224247,-23860.0,3543413.6500000004,163949.128224247,112.5,0.0,501237,200013,0.4469202529063838
19,H19,south_side,61,1,CW1_GATE_61,bottom,568,BOTTOM_PHI50,3,2024,-23600.0,3543409.0,163836.628224247,-23600.0,3543413.6500000004,163949.128224247,112.5,0.0,501930,200013,0.4469202529063838
19,H19,south_side,61,1,CW1_GATE_61,bottom,568,BOTTOM_PHI50,4,2752,-23340.0,3543409.0,163836.628224247,-23340.0,3543413.6500000004,163949.128224247,112.5,0.0,502623,200013,0.4469202529063838
19,H19,south_side,61,1,CW1_GATE_61,bottom,568,BOTTOM_PHI50,5,3480,-23080.0,3543409.0,163836.628224247,-23080.0,3543413.6500000004,163949.128224247,112.5,0.0,503316,200013,0.4469202529063838
19,H19,south_side,61,1,CW1_GATE_61,bottom,568,BOTTOM_PHI50,6,4208,-22820.0,3543409.0,163836.628224247,-22820.0,3543413.6500000004,163949.128224247,112.5,0.0,504009,200013,0.4469202529063838
19,H19,south_side,61,1,CW1_GATE_61,bottom,568,BOTTOM_PHI50,7,4936,-22560.0,3543409.0,163836.628224247,-22560.0,3543413.6500000004,163949.128224247,112.5,0.0,504702,200013,0.4469202529063838
19,H19,south_side,61,1,CW1_GATE_61,bottom,568,BOTTOM_PHI50,8,5664,-22300.0,3543409.0,163836.628224247,-22300.0,3543413.6500000004,163949.128224247,112.5,0.0,505395,200013,0.4469202529063838
19,H19,south_side,61,1,CW1_GATE_61,bottom,568,BOTTOM_PHI50,9,6392,-20600.0,3543409.0,163836.628224247,-20600.0,3543413.6500000004,163949.128224247,112.5,0.0,506088,200013,0.4469202529063838
19,H19,south_side,61,1,CW1_GATE_61,bottom,568,BOTTOM_PHI50,10,7120,-20340.0,3543409.0,163836.628224247,-20340.0,3543413.6500000004,163949.128224247,112.5,0.0,506781,200013,0.4469202529063838
19,H19,south_side,61,1,CW1_GATE_61,bottom,568,BOTTOM_PHI50,11,7848,-20080.0,3543409.0,163836.628224247,-20080.0,3543413.6500000004,163949.128224247,112.5,0.0,507474,200013,0.4469202529063838
19,H19,south_side,61,1,CW1_GATE_61,bottom,568,BOTTOM_PHI50,12,8576,-19820.0,3543409.0,163836.628224247,-19820.0,3543413.6500000004,163949.128224247,112.5,0.0,508167,200013,0.4469202529063838
19,H19,south_side,61,1,CW1_GATE_61,bottom,568,BOTTOM_PHI50,13,9304,-19560.0,3543409.0,163836.628224247,-19560.0,3543413.6500000004,163949.128224247,112.5,0.0,508860,200013,0.4469202529063838
19,H19,south_side,61,1,CW1_GATE_61,bottom,568,BOTTOM_PHI50,14,10032,-19300.0,3543409.0,163836.628224247,-19300.0,3543413.6500000004,163949.128224247,112.5,0.0,509553,200013,0.4469202529063838
19,H19,south_side,61,1,CW1_GATE_61,bottom,568,BOTTOM_PHI50,15,10760,-19040.0,3543409.0,163836.628224247,-19040.0,3543413.6500000004,163949.128224247,112.5,0.0,510246,200013,0.4469202529063838
19,H19,south_side,61,1,CW1_GATE_61,bottom,568,BOTTOM_PHI50,16,11488,-18780.0,3543409.0,163836.628224247,-18780.0,3543413.6500000004,163949.128224247,112.5,0.0,510939,200013,0.4469202529063838
19,H19,south_side,61,1,CW1_GATE_61,gate,1330,GANTRY_PHI54,1,11978,-23660.0,3543418.3,172549.260273798,-23660.0,3543413.6500000004,172656.260273798,107.0,0.0,511148,200006,0.3663743286423279
19,H19,south_side,61,1,CW1_GATE_61,gate,1330,GANTRY_PHI54,2,12373,-23400.0,3543418.3,172549.260273798,-23400.0,3543413.6500000004,172656.260273798,107.0,0.0,511219,200006,0.3663743286423279
19,H19,south_side,61,1,CW1_GATE_61,gate,1330,GANTRY_PHI54,3,12768,-23140.0,3543418.3,172549.260273798,-23140.0,3543413.6500000004,172656.260273798,107.0,0.0,511290,200006,0.3663743286423279
19,H19,south_side,61,1,CW1_GATE_61,gate,1330,GANTRY_PHI54,4,13163,-19760.0,3543418.3,172549.260273798,-19760.0,3543413.6500000004,172656.260273798,107.0,0.0,511361,200006,0.3663743286423279
19,H19,south_side,61,1,CW1_GATE_61,gate,1330,GANTRY_PHI54,5,13558,-19500.0,3543418.3,172549.260273798,-19500.0,3543413.6500000004,172656.260273798,107.0,0.0,511432,200006,0.3663743286423279
19,H19,south_side,61,1,CW1_GATE_61,gate,1330,GANTRY_PHI54,6,13953,-19240.0,3543418.3,172549.260273798,-19240.0,3543413.6500000004,172656.260273798,107.0,0.0,511503,200006,0.3663743286423279
19,H19,south_side,61,2,CW2_GATE_61,bottom,568,BOTTOM_PHI50,1,14586,18780.0,3543409.0,163836.628224247,18780.0,3543413.6500000004,163949.128224247,112.5,0.0,512058,200013,0.4469202529063838
19,H19,south_side,61,2,CW2_GATE_61,bottom,568,BOTTOM_PHI50,2,15314,19040.0,3543409.0,163836.628224247,19040.0,3543413.6500000004,163949.128224247,112.5,0.0,512751,200013,0.4469202529063838
19,H19,south_side,61,2,CW2_GATE_61,bottom,568,BOTTOM_PHI50,3,16042,19300.0,3543409.0,163836.628224247,19300.0,3543413.6500000004,163949.128224247,112.5,0.0,513444,200013,0.4469202529063838
19,H19,south_side,61,2,CW2_GATE_61,bottom,568,BOTTOM_PHI50,4,16770,19560.0,3543409.0,163836.628224247,19560.0,3543413.6500000004,163949.128224247,112.5,0.0,514137,200013,0.4469202529063838
19,H19,south_side,61,2,CW2_GATE_61,bottom,568,BOTTOM_PHI50,5,17498,19820.0,3543409.0,163836.628224247,19820.0,3543413.6500000004,163949.128224247,112.5,0.0,514830,200013,0.4469202529063838
19,H19,south_side,61,2,CW2_GATE_61,bottom,568,BOTTOM_PHI50,6,18226,20080.0,3543409.0,163836.628224247,20080.0,3543413.6500000004,163949.128224247,112.5,0.0,515523,200013,0.4469202529063838
19,H19,south_side,61,2,CW2_GATE_61,bottom,568,BOTTOM_PHI50,7,18954,20340.0,3543409.0,163836.628224247,20340.0,3543413.6500000004,163949.128224247,112.5,0.0,516216,200013,0.4469202529063838
19,H19,south_side,61,2,CW2_GATE_61,bottom,568,BOTTOM_PHI50,8,19682,20600.0,3543409.0,163836.628224247,20600.0,3543413.6500000004,163949.128224247,112.5,0.0,516909,200013,0.4469202529063838
19,H19,south_side,61,2,CW2_GATE_61,bottom,568,BOTTOM_PHI50,9,20410,22300.0,3543409.0,163836.628224247,22300.0,3543413.6500000004,163949.128224247,112.5,0.0,517602,200013,0.4469202529063838
19,H19,south_side,61,2,CW2_GATE_61,bottom,568,BOTTOM_PHI50,10,21138,22560.0,3543409.0,163836.628224247,22560.0,3543413.6500000004,163949.128224247,112.5,0.0,518295,200013,0.4469202529063838
19,H19,south_side,61,2,CW2_GATE_61,bottom,568,BOTTOM_PHI50,11,21866,22820.0,3543409.0,163836.628224247,22820.0,3543413.6500000004,163949.128224247,112.5,0.0,518988,200013,0.4469202529063838
19,H19,south_side,61,2,CW2_GATE_61,bottom,568,BOTTOM_PHI50,12,22594,23080.0,3543409.0,163836.628224247,23080.0,3543413.6500000004,163949.128224247,112.5,0.0,519681,200013,0.4469202529063838
19,H19,south_side,61,2,CW2_GATE_61,bottom,568,BOTTOM_PHI50,13,23322,23340.0,3543409.0,163836.628224247,23340.0,3543413.6500000004,163949.128224247,112.5,0.0,520374,200013,0.4469202529063838
19,H19,south_side,61,2,CW2_GATE_61,bottom,568,BOTTOM_PHI50,14,24050,23600.0,3543409.0,163836.628224247,23600.0,3543413.6500000004,163949.128224247,112.5,0.0,521067,200013,0.4469202529063838
19,H19,south_side,61,2,CW2_GATE_61,bottom,568,BOTTOM_PHI50,15,24778,23860.0,3543409.0,163836.628224247,23860.0,3543413.6500000004,163949.128224247,112.5,0.0,521760,200013,0.4469202529063838
19,H19,south_side,61,2,CW2_GATE_61,bottom,568,BOTTOM_PHI50,16,25506,24120.0,3543409.0,163836.628224247,24120.0,3543413.6500000004,163949.128224247,112.5,0.0,522453,200013,0.4469202529063838
19,H19,south_side,61,2,CW2_GATE_61,gate,1330,GANTRY_PHI54,1,25996,19240.0,3543418.3,172549.260273798,19240.0,3543413.6500000004,172656.260273798,107.0,0.0,522662,200006,0.3663743286423279
19,H19,south_side,61,2,CW2_GATE_61,gate,1330,GANTRY_PHI54,2,26391,19500.0,3543418.3,172549.260273798,19500.0,3543413.6500000004,172656.260273798,107.0,0.0,522733,200006,0.3663743286423279
19,H19,south_side,61,2,CW2_GATE_61,gate,1330,GANTRY_PHI54,3,26786,19760.0,3543418.3,172549.260273798,19760.0,3543413.6500000004,172656.260273798,107.0,0.0,522804,200006,0.3663743286423279
19,H19,south_side,61,2,CW2_GATE_61,gate,1330,GANTRY_PHI54,4,27181,23140.0,3543418.3,172549.260273798,23140.0,3543413.6500000004,172656.260273798,107.0,0.0,522875,200006,0.3663743286423279
19,H19,south_side,61,2,CW2_GATE_61,gate,1330,GANTRY_PHI54,5,27576,23400.0,3543418.3,172549.260273798,23400.0,3543413.6500000004,172656.260273798,107.0,0.0,522946,200006,0.3663743286423279
19,H19,south_side,61,2,CW2_GATE_61,gate,1330,GANTRY_PHI54,6,27971,23660.0,3543418.3,172549.260273798,23660.0,3543413.6500000004,172656.260273798,107.0,0.0,523017,200006,0.3663743286423279
20,H20,south_aux,66,1,CW1_GATE_66,bottom,646,BOTTOM_PHI50,1,646,-24120.0,3887909.0,90402.4350296035,-24120.0,3887913.6500000004,90514.9350296035,112.5,0.0,500617,200013,0.4469202529063838
20,H20,south_aux,66,1,CW1_GATE_66,bottom,646,BOTTOM_PHI50,2,1374,-23860.0,3887909.0,90402.4350296035,-23860.0,3887913.6500000004,90514.9350296035,112.5,0.0,501310,200013,0.4469202529063838
20,H20,south_aux,66,1,CW1_GATE_66,bottom,646,BOTTOM_PHI50,3,2102,-23600.0,3887909.0,90402.4350296035,-23600.0,3887913.6500000004,90514.9350296035,112.5,0.0,502003,200013,0.4469202529063838
20,H20,south_aux,66,1,CW1_GATE_66,bottom,646,BOTTOM_PHI50,4,2830,-23340.0,3887909.0,90402.4350296035,-23340.0,3887913.6500000004,90514.9350296035,112.5,0.0,502696,200013,0.4469202529063838
20,H20,south_aux,66,1,CW1_GATE_66,bottom,646,BOTTOM_PHI50,5,3558,-23080.0,3887909.0,90402.4350296035,-23080.0,3887913.6500000004,90514.9350296035,112.5,0.0,503389,200013,0.4469202529063838
20,H20,south_aux,66,1,CW1_GATE_66,bottom,646,BOTTOM_PHI50,6,4286,-22820.0,3887909.0,90402.4350296035,-22820.0,3887913.6500000004,90514.9350296035,112.5,0.0,504082,200013,0.4469202529063838
20,H20,south_aux,66,1,CW1_GATE_66,bottom,646,BOTTOM_PHI50,7,5014,-22560.0,3887909.0,90402.4350296035,-22560.0,3887913.6500000004,90514.9350296035,112.5,0.0,504775,200013,0.4469202529063838
20,H20,south_aux,66,1,CW1_GATE_66,bottom,646,BOTTOM_PHI50,8,5742,-22300.0,3887909.0,90402.4350296035,-22300.0,3887913.6500000004,90514.9350296035,112.5,0.0,505468,200013,0.4469202529063838
20,H20,south_aux,66,1,CW1_GATE_66,bottom,646,BOTTOM_PHI50,9,6470,-20600.0,3887909.0,90402.4350296035,-20600.0,3887913.6500000004,90514.9350296035,112.5,0.0,506161,200013,0.4469202529063838
20,H20,south_aux,66,1,CW1_GATE_66,bottom,646,BOTTOM_PHI50,10,7198,-20340.0,3887909.0,90402.4350296035,-20340.0,3887913.6500000004,90514.9350296035,112.5,0.0,506854,200013,0.4469202529063838
20,H20,south_aux,66,1,CW1_GATE_66,bottom,646,BOTTOM_PHI50,11,7926,-20080.0,3887909.0,90402.4350296035,-20080.0,3887913.6500000004,90514.9350296035,112.5,0.0,507547,200013,0.4469202529063838
20,H20,south_aux,66,1,CW1_GATE_66,bottom,646,BOTTOM_PHI50,12,8654,-19820.0,3887909.0,90402.4350296035,-19820.0,3887913.6500000004,90514.9350296035,112.5,0.0,508240,200013,0.4469202529063838
20,H20,south_aux,66,1,CW1_GATE_66,bottom,646,BOTTOM_PHI50,13,9382,-19560.0,3887909.0,90402.4350296035,-19560.0,3887913.6500000004,90514.9350296035,112.5,0.0,508933,200013,0.4469202529063838
20,H20,south_aux,66,1,CW1_GATE_66,bottom,646,BOTTOM_PHI50,14,10110,-19300.0,3887909.0,90402.4350296035,-19300.0,3887913.6500000004,90514.9350296035,112.5,0.0,509626,200013,0.4469202529063838
20,H20,south_aux,66,1,CW1_GATE_66,bottom,646,BOTTOM_PHI50,15,10838,-19040.0,3887909.0,90402.4350296035,-19040.0,3887913.6500000004,90514.9350296035,112.5,0.0,510319,200013,0.4469202529063838
20,H20,south_aux,66,1,CW1_GATE_66,bottom,646,BOTTOM_PHI50,16,11566,-18780.0,3887909.0,90402.4350296035,-18780.0,3887913.6500000004,90514.9350296035,112.5,0.0,511012,200013,0.4469202529063838
20,H20,south_aux,66,1,CW1_GATE_66,gate,1363,GANTRY_PHI54,1,12011,-23660.0,3887918.3,98874.2549728832,-23660.0,3887913.6500000004,98981.2549728832,107.0,0.0,511153,200006,0.3663743286423279
20,H20,south_aux,66,1,CW1_GATE_66,gate,1363,GANTRY_PHI54,2,12406,-23400.0,3887918.3,98874.2549728832,-23400.0,3887913.6500000004,98981.2549728832,107.0,0.0,511224,200006,0.3663743286423279
20,H20,south_aux,66,1,CW1_GATE_66,gate,1363,GANTRY_PHI54,3,12801,-23140.0,3887918.3,98874.2549728832,-23140.0,3887913.6500000004,98981.2549728832,107.0,0.0,511295,200006,0.3663743286423279
20,H20,south_aux,66,1,CW1_GATE_66,gate,1363,GANTRY_PHI54,4,13196,-19760.0,3887918.3,98874.2549728832,-19760.0,3887913.6500000004,98981.2549728832,107.0,0.0,511366,200006,0.3663743286423279
20,H20,south_aux,66,1,CW1_GATE_66,gate,1363,GANTRY_PHI54,5,13591,-19500.0,3887918.3,98874.2549728832,-19500.0,3887913.6500000004,98981.2549728832,107.0,0.0,511437,200006,0.3663743286423279
20,H20,south_aux,66,1,CW1_GATE_66,gate,1363,GANTRY_PHI54,6,13986,-19240.0,3887918.3,98874.2549728832,-19240.0,3887913.6500000004,98981.2549728832,107.0,0.0,511508,200006,0.3663743286423279
20,H20,south_aux,66,2,CW2_GATE_66,bottom,646,BOTTOM_PHI50,1,14664,18780.0,3887909.0,90402.4350296035,18780.0,3887913.6500000004,90514.9350296035,112.5,0.0,512131,200013,0.4469202529063838
20,H20,south_aux,66,2,CW2_GATE_66,bottom,646,BOTTOM_PHI50,2,15392,19040.0,3887909.0,90402.4350296035,19040.0,3887913.6500000004,90514.9350296035,112.5,0.0,512824,200013,0.4469202529063838
20,H20,south_aux,66,2,CW2_GATE_66,bottom,646,BOTTOM_PHI50,3,16120,19300.0,3887909.0,90402.4350296035,19300.0,3887913.6500000004,90514.9350296035,112.5,0.0,513517,200013,0.4469202529063838
20,H20,south_aux,66,2,CW2_GATE_66,bottom,646,BOTTOM_PHI50,4,16848,19560.0,3887909.0,90402.4350296035,19560.0,3887913.6500000004,90514.9350296035,112.5,0.0,514210,200013,0.4469202529063838
20,H20,south_aux,66,2,CW2_GATE_66,bottom,646,BOTTOM_PHI50,5,17576,19820.0,3887909.0,90402.4350296035,19820.0,3887913.6500000004,90514.9350296035,112.5,0.0,514903,200013,0.4469202529063838
20,H20,south_aux,66,2,CW2_GATE_66,bottom,646,BOTTOM_PHI50,6,18304,20080.0,3887909.0,90402.4350296035,20080.0,3887913.6500000004,90514.9350296035,112.5,0.0,515596,200013,0.4469202529063838
20,H20,south_aux,66,2,CW2_GATE_66,bottom,646,BOTTOM_PHI50,7,19032,20340.0,3887909.0,90402.4350296035,20340.0,3887913.6500000004,90514.9350296035,112.5,0.0,516289,200013,0.4469202529063838
20,H20,south_aux,66,2,CW2_GATE_66,bottom,646,BOTTOM_PHI50,8,19760,20600.0,3887909.0,90402.4350296035,20600.0,3887913.6500000004,90514.9350296035,112.5,0.0,516982,200013,0.4469202529063838
20,H20,south_aux,66,2,CW2_GATE_66,bottom,646,BOTTOM_PHI50,9,20488,22300.0,3887909.0,90402.4350296035,22300.0,3887913.6500000004,90514.9350296035,112.5,0.0,517675,200013,0.4469202529063838
20,H20,south_aux,66,2,CW2_GATE_66,bottom,646,BOTTOM_PHI50,10,21216,22560.0,3887909.0,90402.4350296035,22560.0,3887913.6500000004,90514.9350296035,112.5,0.0,518368,200013,0.4469202529063838
20,H20,south_aux,66,2,CW2_GATE_66,bottom,646,BOTTOM_PHI50,11,21944,22820.0,3887909.0,90402.4350296035,22820.0,3887913.6500000004,90514.9350296035,112.5,0.0,519061,200013,0.4469202529063838
20,H20,south_aux,66,2,CW2_GATE_66,bottom,646,BOTTOM_PHI50,12,22672,23080.0,3887909.0,90402.4350296035,23080.0,3887913.6500000004,90514.9350296035,112.5,0.0,519754,200013,0.4469202529063838
20,H20,south_aux,66,2,CW2_GATE_66,bottom,646,BOTTOM_PHI50,13,23400,23340.0,3887909.0,90402.4350296035,23340.0,3887913.6500000004,90514.9350296035,112.5,0.0,520447,200013,0.4469202529063838
20,H20,south_aux,66,2,CW2_GATE_66,bottom,646,BOTTOM_PHI50,14,24128,23600.0,3887909.0,90402.4350296035,23600.0,3887913.6500000004,90514.9350296035,112.5,0.0,521140,200013,0.4469202529063838
20,H20,south_aux,66,2,CW2_GATE_66,bottom,646,BOTTOM_PHI50,15,24856,23860.0,3887909.0,90402.4350296035,23860.0,3887913.6500000004,90514.9350296035,112.5,0.0,521833,200013,0.4469202529063838
20,H20,south_aux,66,2,CW2_GATE_66,bottom,646,BOTTOM_PHI50,16,25584,24120.0,3887909.0,90402.4350296035,24120.0,3887913.6500000004,90514.9350296035,112.5,0.0,522526,200013,0.4469202529063838
20,H20,south_aux,66,2,CW2_GATE_66,gate,1363,GANTRY_PHI54,1,26029,19240.0,3887918.3,98874.2549728832,19240.0,3887913.6500000004,98981.2549728832,107.0,0.0,522667,200006,0.3663743286423279
20,H20,south_aux,66,2,CW2_GATE_66,gate,1363,GANTRY_PHI54,2,26424,19500.0,3887918.3,98874.2549728832,19500.0,3887913.6500000004,98981.2549728832,107.0,0.0,522738,200006,0.3663743286423279
20,H20,south_aux,66,2,CW2_GATE_66,gate,1363,GANTRY_PHI54,3,26819,19760.0,3887918.3,98874.2549728832,19760.0,3887913.6500000004,98981.2549728832,107.0,0.0,522809,200006,0.3663743286423279
20,H20,south_aux,66,2,CW2_GATE_66,gate,1363,GANTRY_PHI54,4,27214,23140.0,3887918.3,98874.2549728832,23140.0,3887913.6500000004,98981.2549728832,107.0,0.0,522880,200006,0.3663743286423279
20,H20,south_aux,66,2,CW2_GATE_66,gate,1363,GANTRY_PHI54,5,27609,23400.0,3887918.3,98874.2549728832,23400.0,3887913.6500000004,98981.2549728832,107.0,0.0,522951,200006,0.3663743286423279
20,H20,south_aux,66,2,CW2_GATE_66,gate,1363,GANTRY_PHI54,6,28004,23660.0,3887918.3,98874.2549728832,23660.0,3887913.6500000004,98981.2549728832,107.0,0.0,523022,200006,0.3663743286423279
21,H21,south_aux,69,1,CW1_GATE_69,bottom,685,BOTTOM_PHI50,1,685,-24120.0,4058909.0,62791.7276232776,-24120.0,4058913.6500000004,62904.2276232776,112.5,0.0,500656,200012,0.4385070365082602
21,H21,south_aux,69,1,CW1_GATE_69,bottom,685,BOTTOM_PHI50,2,1413,-23860.0,4058909.0,62791.7276232776,-23860.0,4058913.6500000004,62904.2276232776,112.5,0.0,501349,200012,0.4385070365082602
21,H21,south_aux,69,1,CW1_GATE_69,bottom,685,BOTTOM_PHI50,3,2141,-23600.0,4058909.0,62791.7276232776,-23600.0,4058913.6500000004,62904.2276232776,112.5,0.0,502042,200012,0.4385070365082602
21,H21,south_aux,69,1,CW1_GATE_69,bottom,685,BOTTOM_PHI50,4,2869,-23340.0,4058909.0,62791.7276232776,-23340.0,4058913.6500000004,62904.2276232776,112.5,0.0,502735,200012,0.4385070365082602
21,H21,south_aux,69,1,CW1_GATE_69,bottom,685,BOTTOM_PHI50,5,3597,-23080.0,4058909.0,62791.7276232776,-23080.0,4058913.6500000004,62904.2276232776,112.5,0.0,503428,200012,0.4385070365082602
21,H21,south_aux,69,1,CW1_GATE_69,bottom,685,BOTTOM_PHI50,6,4325,-22820.0,4058909.0,62791.7276232776,-22820.0,4058913.6500000004,62904.2276232776,112.5,0.0,504121,200012,0.4385070365082602
21,H21,south_aux,69,1,CW1_GATE_69,bottom,685,BOTTOM_PHI50,7,5053,-22560.0,4058909.0,62791.7276232776,-22560.0,4058913.6500000004,62904.2276232776,112.5,0.0,504814,200012,0.4385070365082602
21,H21,south_aux,69,1,CW1_GATE_69,bottom,685,BOTTOM_PHI50,8,5781,-22300.0,4058909.0,62791.7276232776,-22300.0,4058913.6500000004,62904.2276232776,112.5,0.0,505507,200012,0.4385070365082602
21,H21,south_aux,69,1,CW1_GATE_69,bottom,685,BOTTOM_PHI50,9,6509,-20600.0,4058909.0,62791.7276232776,-20600.0,4058913.6500000004,62904.2276232776,112.5,0.0,506200,200012,0.4385070365082602
21,H21,south_aux,69,1,CW1_GATE_69,bottom,685,BOTTOM_PHI50,10,7237,-20340.0,4058909.0,62791.7276232776,-20340.0,4058913.6500000004,62904.2276232776,112.5,0.0,506893,200012,0.4385070365082602
21,H21,south_aux,69,1,CW1_GATE_69,bottom,685,BOTTOM_PHI50,11,7965,-20080.0,4058909.0,62791.7276232776,-20080.0,4058913.6500000004,62904.2276232776,112.5,0.0,507586,200012,0.4385070365082602
21,H21,south_aux,69,1,CW1_GATE_69,bottom,685,BOTTOM_PHI50,12,8693,-19820.0,4058909.0,62791.7276232776,-19820.0,4058913.6500000004,62904.2276232776,112.5,0.0,508279,200012,0.4385070365082602
21,H21,south_aux,69,1,CW1_GATE_69,bottom,685,BOTTOM_PHI50,13,9421,-19560.0,4058909.0,62791.7276232776,-19560.0,4058913.6500000004,62904.2276232776,112.5,0.0,508972,200012,0.4385070365082602
21,H21,south_aux,69,1,CW1_GATE_69,bottom,685,BOTTOM_PHI50,14,10149,-19300.0,4058909.0,62791.7276232776,-19300.0,4058913.6500000004,62904.2276232776,112.5,0.0,509665,200012,0.4385070365082602
21,H21,south_aux,69,1,CW1_GATE_69,bottom,685,BOTTOM_PHI50,15,10877,-19040.0,4058909.0,62791.7276232776,-19040.0,4058913.6500000004,62904.2276232776,112.5,0.0,510358,200012,0.4385070365082602
21,H21,south_aux,69,1,CW1_GATE_69,bottom,685,BOTTOM_PHI50,16,11605,-18780.0,4058909.0,62791.7276232776,-18780.0,4058913.6500000004,62904.2276232776,112.5,0.0,511051,200012,0.4385070365082602
21,H21,south_aux,69,1,CW1_GATE_69,gate,1378,GANTRY_PHI54,1,12026,-23660.0,4058918.3,71671.8794209623,-23660.0,4058913.6500000004,71778.8794209623,107.0,0.0,511156,200006,0.3663743286423279
21,H21,south_aux,69,1,CW1_GATE_69,gate,1378,GANTRY_PHI54,2,12421,-23400.0,4058918.3,71671.8794209623,-23400.0,4058913.6500000004,71778.8794209623,107.0,0.0,511227,200006,0.3663743286423279
21,H21,south_aux,69,1,CW1_GATE_69,gate,1378,GANTRY_PHI54,3,12816,-23140.0,4058918.3,71671.8794209623,-23140.0,4058913.6500000004,71778.8794209623,107.0,0.0,511298,200006,0.3663743286423279
21,H21,south_aux,69,1,CW1_GATE_69,gate,1378,GANTRY_PHI54,4,13211,-19760.0,4058918.3,71671.8794209623,-19760.0,4058913.6500000004,71778.8794209623,107.0,0.0,511369,200006,0.3663743286423279
21,H21,south_aux,69,1,CW1_GATE_69,gate,1378,GANTRY_PHI54,5,13606,-19500.0,4058918.3,71671.8794209623,-19500.0,4058913.6500000004,71778.8794209623,107.0,0.0,511440,200006,0.3663743286423279
21,H21,south_aux,69,1,CW1_GATE_69,gate,1378,GANTRY_PHI54,6,14001,-19240.0,4058918.3,71671.8794209623,-19240.0,4058913.6500000004,71778.8794209623,107.0,0.0,511511,200006,0.3663743286423279
21,H21,south_aux,69,2,CW2_GATE_69,bottom,685,BOTTOM_PHI50,1,14703,18780.0,4058909.0,62791.7276232776,18780.0,4058913.6500000004,62904.2276232776,112.5,0.0,512170,200012,0.4385070365082602
21,H21,south_aux,69,2,CW2_GATE_69,bottom,685,BOTTOM_PHI50,2,15431,19040.0,4058909.0,62791.7276232776,19040.0,4058913.6500000004,62904.2276232776,112.5,0.0,512863,200012,0.4385070365082602
21,H21,south_aux,69,2,CW2_GATE_69,bottom,685,BOTTOM_PHI50,3,16159,19300.0,4058909.0,62791.7276232776,19300.0,4058913.6500000004,62904.2276232776,112.5,0.0,513556,200012,0.4385070365082602
21,H21,south_aux,69,2,CW2_GATE_69,bottom,685,BOTTOM_PHI50,4,16887,19560.0,4058909.0,62791.7276232776,19560.0,4058913.6500000004,62904.2276232776,112.5,0.0,514249,200012,0.4385070365082602
21,H21,south_aux,69,2,CW2_GATE_69,bottom,685,BOTTOM_PHI50,5,17615,19820.0,4058909.0,62791.7276232776,19820.0,4058913.6500000004,62904.2276232776,112.5,0.0,514942,200012,0.4385070365082602
21,H21,south_aux,69,2,CW2_GATE_69,bottom,685,BOTTOM_PHI50,6,18343,20080.0,4058909.0,62791.7276232776,20080.0,4058913.6500000004,62904.2276232776,112.5,0.0,515635,200012,0.4385070365082602
21,H21,south_aux,69,2,CW2_GATE_69,bottom,685,BOTTOM_PHI50,7,19071,20340.0,4058909.0,62791.7276232776,20340.0,4058913.6500000004,62904.2276232776,112.5,0.0,516328,200012,0.4385070365082602
21,H21,south_aux,69,2,CW2_GATE_69,bottom,685,BOTTOM_PHI50,8,19799,20600.0,4058909.0,62791.7276232776,20600.0,4058913.6500000004,62904.2276232776,112.5,0.0,517021,200012,0.4385070365082602
21,H21,south_aux,69,2,CW2_GATE_69,bottom,685,BOTTOM_PHI50,9,20527,22300.0,4058909.0,62791.7276232776,22300.0,4058913.6500000004,62904.2276232776,112.5,0.0,517714,200012,0.4385070365082602
21,H21,south_aux,69,2,CW2_GATE_69,bottom,685,BOTTOM_PHI50,10,21255,22560.0,4058909.0,62791.7276232776,22560.0,4058913.6500000004,62904.2276232776,112.5,0.0,518407,200012,0.4385070365082602
21,H21,south_aux,69,2,CW2_GATE_69,bottom,685,BOTTOM_PHI50,11,21983,22820.0,4058909.0,62791.7276232776,22820.0,4058913.6500000004,62904.2276232776,112.5,0.0,519100,200012,0.4385070365082602
21,H21,south_aux,69,2,CW2_GATE_69,bottom,685,BOTTOM_PHI50,12,22711,23080.0,4058909.0,62791.7276232776,23080.0,4058913.6500000004,62904.2276232776,112.5,0.0,519793,200012,0.4385070365082602
21,H21,south_aux,69,2,CW2_GATE_69,bottom,685,BOTTOM_PHI50,13,23439,23340.0,4058909.0,62791.7276232776,23340.0,4058913.6500000004,62904.2276232776,112.5,0.0,520486,200012,0.4385070365082602
21,H21,south_aux,69,2,CW2_GATE_69,bottom,685,BOTTOM_PHI50,14,24167,23600.0,4058909.0,62791.7276232776,23600.0,4058913.6500000004,62904.2276232776,112.5,0.0,521179,200012,0.4385070365082602
21,H21,south_aux,69,2,CW2_GATE_69,bottom,685,BOTTOM_PHI50,15,24895,23860.0,4058909.0,62791.7276232776,23860.0,4058913.6500000004,62904.2276232776,112.5,0.0,521872,200012,0.4385070365082602
21,H21,south_aux,69,2,CW2_GATE_69,bottom,685,BOTTOM_PHI50,16,25623,24120.0,4058909.0,62791.7276232776,24120.0,4058913.6500000004,62904.2276232776,112.5,0.0,522565,200012,0.4385070365082602
21,H21,south_aux,69,2,CW2_GATE_69,gate,1378,GANTRY_PHI54,1,26044,19240.0,4058918.3,71671.8794209623,19240.0,4058913.6500000004,71778.8794209623,107.0,0.0,522670,200006,0.3663743286423279
21,H21,south_aux,69,2,CW2_GATE_69,gate,1378,GANTRY_PHI54,2,26439,19500.0,4058918.3,71671.8794209623,19500.0,4058913.6500000004,71778.8794209623,107.0,0.0,522741,200006,0.3663743286423279
21,H21,south_aux,69,2,CW2_GATE_69,gate,1378,GANTRY_PHI54,3,26834,19760.0,4058918.3,71671.8794209623,19760.0,4058913.6500000004,71778.8794209623,107.0,0.0,522812,200006,0.3663743286423279
21,H21,south_aux,69,2,CW2_GATE_69,gate,1378,GANTRY_PHI54,4,27229,23140.0,4058918.3,71671.8794209623,23140.0,4058913.6500000004,71778.8794209623,107.0,0.0,522883,200006,0.3663743286423279
21,H21,south_aux,69,2,CW2_GATE_69,gate,1378,GANTRY_PHI54,5,27624,23400.0,4058918.3,71671.8794209623,23400.0,4058913.6500000004,71778.8794209623,107.0,0.0,522954,200006,0.3663743286423279
21,H21,south_aux,69,2,CW2_GATE_69,gate,1378,GANTRY_PHI54,6,28019,23660.0,4058918.3,71671.8794209623,23660.0,4058913.6500000004,71778.8794209623,107.0,0.0,523025,200006,0.3663743286423279
