
                        S T E P       1


                                INCREMENT     1


 displacements (vx,vy,vz) for set ALL and time  0.1000000E+01

         1  0.000000E+00  0.000000E+00  0.000000E+00
         2  0.000000E+00  0.000000E+00  0.000000E+00
         3  0.000000E+00  0.000000E+00  0.000000E+00
         4  0.000000E+00  0.000000E+00  0.000000E+00
         5  0.000000E+00  0.000000E+00  0.000000E+00
         6  0.000000E+00  0.000000E+00  0.000000E+00
         7  0.000000E+00  0.000000E+00  0.000000E+00
         8  0.000000E+00  0.000000E+00  0.000000E+00
         9  0.000000E+00  0.000000E+00  0.000000E+00
        10  0.000000E+00  0.000000E+00  0.000000E+00
        11  0.000000E+00  0.000000E+00  0.000000E+00
        12  0.000000E+00  0.000000E+00  0.000000E+00
        13  0.000000E+00  0.000000E+00  0.000000E+00
        14  0.000000E+00  0.000000E+00  0.000000E+00
        15  0.000000E+00  0.000000E+00  0.000000E+00
        16  0.000000E+00  0.000000E+00  0.000000E+00
        17  0.000000E+00  0.000000E+00  0.000000E+00
        18  0.000000E+00  0.000000E+00  0.000000E+00
        19  0.000000E+00  0.000000E+00  0.000000E+00
        20  0.000000E+00  0.000000E+00  0.000000E+00
        21  0.000000E+00  0.000000E+00  0.000000E+00
        22  0.000000E+00  0.000000E+00  0.000000E+00
        23  0.000000E+00  0.000000E+00  0.000000E+00
        24  0.000000E+00  0.000000E+00  0.000000E+00
        25  0.000000E+00  0.000000E+00  0.000000E+00
        26  0.000000E+00  0.000000E+00  0.000000E+00
        27  0.000000E+00  0.000000E+00  0.000000E+00
        28  0.000000E+00  0.000000E+00  0.000000E+00
        29  0.000000E+00  0.000000E+00  0.000000E+00
        30  0.000000E+00  0.000000E+00  0.000000E+00
        31  0.000000E+00  0.000000E+00  0.000000E+00
        32  0.000000E+00  0.000000E+00  0.000000E+00
        33  0.000000E+00  0.000000E+00  0.000000E+00
        34  0.000000E+00  0.000000E+00  0.000000E+00
        35  0.000000E+00  0.000000E+00  0.000000E+00
        36  0.000000E+00  0.000000E+00  0.000000E+00
        37  0.000000E+00  0.000000E+00  0.000000E+00
        38  0.000000E+00  0.000000E+00  0.000000E+00
        39  0.000000E+00  0.000000E+00  0.000000E+00
        40  0.000000E+00  0.000000E+00  0.000000E+00
        41  0.000000E+00  0.000000E+00  0.000000E+00
        42  0.000000E+00  0.000000E+00  0.000000E+00
        43  0.000000E+00  0.000000E+00  0.000000E+00
        44  0.000000E+00  0.000000E+00  0.000000E+00
        45  0.000000E+00  0.000000E+00  0.000000E+00
        46  0.000000E+00  0.000000E+00  0.000000E+00
        47  0.000000E+00  0.000000E+00  0.000000E+00
        48  0.000000E+00  0.000000E+00  0.000000E+00
        49  0.000000E+00  0.000000E+00  0.000000E+00
        50  0.000000E+00  0.000000E+00  0.000000E+00
        51  0.000000E+00  0.000000E+00  0.000000E+00
        52  0.000000E+00  0.000000E+00  0.000000E+00
        53  0.000000E+00  0.000000E+00  0.000000E+00
        54  0.000000E+00  0.000000E+00  0.000000E+00
        55  0.000000E+00  0.000000E+00  0.000000E+00
        56  0.000000E+00  0.000000E+00  0.000000E+00
        57  0.000000E+00  0.000000E+00  0.000000E+00
        58  0.000000E+00  0.000000E+00  0.000000E+00
        59  0.000000E+00  0.000000E+00  0.000000E+00
        60  0.000000E+00  0.000000E+00  0.000000E+00
        61  0.000000E+00  0.000000E+00  0.000000E+00
        62  0.000000E+00  0.000000E+00  0.000000E+00
        63  0.000000E+00  0.000000E+00  0.000000E+00
        64  0.000000E+00  0.000000E+00  0.000000E+00
        65  0.000000E+00  0.000000E+00  0.000000E+00
        66  0.000000E+00  0.000000E+00  0.000000E+00
        67  0.000000E+00  0.000000E+00  0.000000E+00
        68  0.000000E+00  0.000000E+00  0.000000E+00
        69  0.000000E+00  0.000000E+00  0.000000E+00
        70  0.000000E+00  0.000000E+00  0.000000E+00
        71  0.000000E+00  0.000000E+00  0.000000E+00
        72  0.000000E+00  0.000000E+00  0.000000E+00
        73  0.000000E+00  0.000000E+00  0.000000E+00
        74  0.000000E+00  0.000000E+00  0.000000E+00
        75  0.000000E+00  0.000000E+00  0.000000E+00
        76  0.000000E+00  0.000000E+00  0.000000E+00
        77  0.000000E+00  0.000000E+00  0.000000E+00
        78  0.000000E+00  0.000000E+00  0.000000E+00
        79  0.000000E+00  0.000000E+00  0.000000E+00
        80  0.000000E+00  0.000000E+00  0.000000E+00
        81  0.000000E+00  0.000000E+00  0.000000E+00
        82  0.000000E+00  0.000000E+00  0.000000E+00
        83  0.000000E+00  0.000000E+00  0.000000E+00
        84  0.000000E+00  0.000000E+00  0.000000E+00
        85  0.000000E+00  0.000000E+00  0.000000E+00
        86  0.000000E+00  0.000000E+00  0.000000E+00
        87  0.000000E+00  0.000000E+00  0.000000E+00
        88  0.000000E+00  0.000000E+00  0.000000E+00
        89  0.000000E+00  0.000000E+00  0.000000E+00
        90  0.000000E+00  0.000000E+00  0.000000E+00
        91  0.000000E+00  0.000000E+00  0.000000E+00
        92  0.000000E+00  0.000000E+00  0.000000E+00
        93  0.000000E+00  0.000000E+00  0.000000E+00
        94  0.000000E+00  0.000000E+00  0.000000E+00
        95  0.000000E+00  0.000000E+00  0.000000E+00
        96  0.000000E+00  0.000000E+00  0.000000E+00
        97  0.000000E+00  0.000000E+00  0.000000E+00
        98  0.000000E+00  0.000000E+00  0.000000E+00
        99  0.000000E+00  0.000000E+00  0.000000E+00
       100  0.000000E+00  0.000000E+00  0.000000E+00
       101  0.000000E+00  0.000000E+00  0.000000E+00

 forces (fx,fy,fz) for set ALL and time  0.1000000E+01

         1 -1.000000E+03  0.000000E+00  0.000000E+00
         2  0.000000E+00  0.000000E+00  0.000000E+00
         3  0.000000E+00  0.000000E+00  0.000000E+00
         4  0.000000E+00  0.000000E+00  0.000000E+00
         5  0.000000E+00  0.000000E+00  0.000000E+00
         6  0.000000E+00  0.000000E+00  0.000000E+00
         7  0.000000E+00  0.000000E+00  0.000000E+00
         8  0.000000E+00  0.000000E+00  0.000000E+00
         9  0.000000E+00  0.000000E+00  0.000000E+00
        10  0.000000E+00  0.000000E+00  0.000000E+00
        11  0.000000E+00  0.000000E+00  0.000000E+00
        12  0.000000E+00  0.000000E+00  0.000000E+00
        13  0.000000E+00  0.000000E+00  0.000000E+00
        14  0.000000E+00  0.000000E+00  0.000000E+00
        15  0.000000E+00  0.000000E+00  0.000000E+00
        16  0.000000E+00  0.000000E+00  0.000000E+00
        17  0.000000E+00  0.000000E+00  0.000000E+00
        18  0.000000E+00  0.000000E+00  0.000000E+00
        19  0.000000E+00  0.000000E+00  0.000000E+00
        20  0.000000E+00  0.000000E+00  0.000000E+00
        21  0.000000E+00  0.000000E+00  0.000000E+00
        22  0.000000E+00  0.000000E+00  0.000000E+00
        23  0.000000E+00  0.000000E+00  0.000000E+00
        24  0.000000E+00  0.000000E+00  0.000000E+00
        25  0.000000E+00  0.000000E+00  0.000000E+00
        26  0.000000E+00  0.000000E+00  0.000000E+00
        27  0.000000E+00  0.000000E+00  0.000000E+00
        28  0.000000E+00  0.000000E+00  0.000000E+00
        29  0.000000E+00  0.000000E+00  0.000000E+00
        30  0.000000E+00  0.000000E+00  0.000000E+00
        31  0.000000E+00  0.000000E+00  0.000000E+00
        32  0.000000E+00  0.000000E+00  0.000000E+00
        33  0.000000E+00  0.000000E+00  0.000000E+00
        34  0.000000E+00  0.000000E+00  0.000000E+00
        35  0.000000E+00  0.000000E+00  0.000000E+00
        36  0.000000E+00  0.000000E+00  0.000000E+00
        37  0.000000E+00  0.000000E+00  0.000000E+00
        38  0.000000E+00  0.000000E+00  0.000000E+00
        39  0.000000E+00  0.000000E+00  0.000000E+00
        40  0.000000E+00  0.000000E+00  0.000000E+00
        41  0.000000E+00  0.000000E+00  0.000000E+00
        42  0.000000E+00  0.000000E+00  0.000000E+00
        43  0.000000E+00  0.000000E+00  0.000000E+00
        44  0.000000E+00  0.000000E+00  0.000000E+00
        45  0.000000E+00  0.000000E+00  0.000000E+00
        46  0.000000E+00  0.000000E+00  0.000000E+00
        47  0.000000E+00  0.000000E+00  0.000000E+00
        48  0.000000E+00  0.000000E+00  0.000000E+00
        49  0.000000E+00  0.000000E+00  0.000000E+00
        50  0.000000E+00  0.000000E+00  0.000000E+00
        51  0.000000E+00  0.000000E+00  0.000000E+00
        52  0.000000E+00  0.000000E+00  0.000000E+00
        53  0.000000E+00  0.000000E+00  0.000000E+00
        54  0.000000E+00  0.000000E+00  0.000000E+00
        55  0.000000E+00  0.000000E+00  0.000000E+00
        56  0.000000E+00  0.000000E+00  0.000000E+00
        57  0.000000E+00  0.000000E+00  0.000000E+00
        58  0.000000E+00  0.000000E+00  0.000000E+00
        59  0.000000E+00  0.000000E+00  0.000000E+00
        60  0.000000E+00  0.000000E+00  0.000000E+00
        61  0.000000E+00  0.000000E+00  0.000000E+00
        62  0.000000E+00  0.000000E+00  0.000000E+00
        63  0.000000E+00  0.000000E+00  0.000000E+00
        64  0.000000E+00  0.000000E+00  0.000000E+00
        65  0.000000E+00  0.000000E+00  0.000000E+00
        66  0.000000E+00  0.000000E+00  0.000000E+00
        67  0.000000E+00  0.000000E+00  0.000000E+00
        68  0.000000E+00  0.000000E+00  0.000000E+00
        69  0.000000E+00  0.000000E+00  0.000000E+00
        70  0.000000E+00  0.000000E+00  0.000000E+00
        71  0.000000E+00  0.000000E+00  0.000000E+00
        72  0.000000E+00  0.000000E+00  0.000000E+00
        73  0.000000E+00  0.000000E+00  0.000000E+00
        74  0.000000E+00  0.000000E+00  0.000000E+00
        75  0.000000E+00  0.000000E+00  0.000000E+00
        76  0.000000E+00  0.000000E+00  0.000000E+00
        77  0.000000E+00  0.000000E+00  0.000000E+00
        78  0.000000E+00  0.000000E+00  0.000000E+00
        79  0.000000E+00  0.000000E+00  0.000000E+00
        80  0.000000E+00  0.000000E+00  0.000000E+00
        81  0.000000E+00  0.000000E+00  0.000000E+00
        82  0.000000E+00  0.000000E+00  0.000000E+00
        83  0.000000E+00  0.000000E+00  0.000000E+00
        84  0.000000E+00  0.000000E+00  0.000000E+00
        85  0.000000E+00  0.000000E+00  0.000000E+00
        86  0.000000E+00  0.000000E+00  0.000000E+00
        87  0.000000E+00  0.000000E+00  0.000000E+00
        88  0.000000E+00  0.000000E+00  0.000000E+00
        89  0.000000E+00  0.000000E+00  0.000000E+00
        90  0.000000E+00  0.000000E+00  0.000000E+00
        91  0.000000E+00  0.000000E+00  0.000000E+00
        92  0.000000E+00  0.000000E+00  0.000000E+00
        93  0.000000E+00  0.000000E+00  0.000000E+00
        94  0.000000E+00  0.000000E+00  0.000000E+00
        95  0.000000E+00  0.000000E+00  0.000000E+00
        96  0.000000E+00  0.000000E+00  0.000000E+00
        97  0.000000E+00  0.000000E+00  0.000000E+00
        98  0.000000E+00  0.000000E+00  0.000000E+00
        99  0.000000E+00  0.000000E+00  0.000000E+00
       100  0.000000E+00  0.000000E+00  0.000000E+00
       101  1.000000E+03  0.000000E+00  0.000000E+00

                        S T E P       2


     E I G E N V A L U E   O U T P U T

 MODE NO    EIGENVALUE                       FREQUENCY   
                                     REAL PART            IMAGINARY PART
                           (RAD/TIME)      (CYCLES/TIME     (RAD/TIME)

      1   0.4111997E+00   0.6412485E+00   0.1020579E+00   0.0000000E+00
      2   0.4111997E+00   0.6412485E+00   0.1020579E+00   0.0000000E+00
      3   0.1644393E+01   0.1282339E+01   0.2040906E+00   0.0000000E+00
      4   0.1644393E+01   0.1282339E+01   0.2040906E+00   0.0000000E+00
      5   0.3698363E+01   0.1923113E+01   0.3060729E+00   0.0000000E+00
      6   0.3698363E+01   0.1923113E+01   0.3060729E+00   0.0000000E+00
      7   0.6571082E+01   0.2563412E+01   0.4079797E+00   0.0000000E+00
      8   0.6571082E+01   0.2563412E+01   0.4079797E+00   0.0000000E+00
      9   0.1025972E+02   0.3203079E+01   0.5097859E+00   0.0000000E+00
     10   0.1025972E+02   0.3203079E+01   0.5097859E+00   0.0000000E+00
     11   0.1476062E+02   0.3841956E+01   0.6114663E+00   0.0000000E+00
     12   0.1476062E+02   0.3841956E+01   0.6114663E+00   0.0000000E+00

     P A R T I C I P A T I O N   F A C T O R S

MODE NO.   X-COMPONENT     Y-COMPONENT     Z-COMPONENT     X-ROTATION      Y-ROTATION      Z-ROTATION

      1   0.1133406E-15  -0.1393269E+02   0.6203353E+00   0.0000000E+00  -0.3101677E+02  -0.6966345E+03
      2   0.6795966E-16  -0.6203353E+00  -0.1393269E+02   0.0000000E+00   0.6966345E+03  -0.3101677E+02
      3   0.4411754E-16   0.2243648E-14   0.3643440E-13   0.0000000E+00  -0.3467175E+03  -0.3595049E+02
      4  -0.1478798E-15   0.3478294E-13  -0.3173026E-14   0.0000000E+00   0.3595049E+02  -0.3467175E+03
      5  -0.4689933E-15  -0.4614075E+01  -0.5417596E+00   0.0000000E+00   0.2708798E+02  -0.2307038E+03
      6  -0.2498002E-16  -0.5417596E+00   0.4614075E+01   0.0000000E+00  -0.2307038E+03  -0.2708798E+02
      7  -0.1768117E-15  -0.7945034E-15  -0.8920815E-15   0.0000000E+00   0.1464579E+02  -0.1734990E+03
      8   0.1265914E-15  -0.8725659E-15   0.2012279E-14   0.0000000E+00   0.1734990E+03   0.1464579E+02
      9  -0.9269929E-16   0.1474715E+01   0.2361081E+01   0.0000000E+00  -0.1180540E+03   0.7373575E+02
     10   0.1307548E-16  -0.2361081E+01   0.1474715E+01   0.0000000E+00  -0.7373575E+02  -0.1180540E+03
     11  -0.2384161E-15  -0.3129441E-14   0.8187895E-15   0.0000000E+00  -0.6843650E+02  -0.9352009E+02
     12  -0.8733899E-15  -0.1037365E-14  -0.6453171E-15   0.0000000E+00  -0.9352009E+02   0.6843650E+02

     E F F E C T I V E   M O D A L   M A S S

MODE NO.   X-COMPONENT     Y-COMPONENT     Z-COMPONENT     X-ROTATION      Y-ROTATION      Z-ROTATION

      1   0.1284610E-31   0.1941199E+03   0.3848159E+00   0.0000000E+00   0.9620399E+03   0.4852996E+06
      2   0.4618515E-32   0.3848159E+00   0.1941199E+03   0.0000000E+00   0.4852996E+06   0.9620399E+03
      3   0.1946357E-32   0.5033956E-29   0.1327465E-26   0.0000000E+00   0.1202130E+06   0.1292438E+04
      4   0.2186842E-31   0.1209853E-26   0.1006809E-28   0.0000000E+00   0.1292438E+04   0.1202130E+06
      5   0.2199547E-30   0.2128969E+02   0.2935035E+00   0.0000000E+00   0.7337588E+03   0.5322422E+05
      6   0.6240013E-33   0.2935035E+00   0.2128969E+02   0.0000000E+00   0.5322422E+05   0.7337588E+03
      7   0.3126237E-31   0.6312356E-30   0.7958095E-30   0.0000000E+00   0.2144991E+03   0.3010189E+05
      8   0.1602539E-31   0.7613713E-30   0.4049268E-29   0.0000000E+00   0.3010189E+05   0.2144991E+03
      9   0.8593158E-32   0.2174784E+01   0.5574702E+01   0.0000000E+00   0.1393676E+05   0.5436960E+04
     10   0.1709681E-33   0.5574702E+01   0.2174784E+01   0.0000000E+00   0.5436960E+04   0.1393676E+05
     11   0.5684222E-31   0.9793402E-29   0.6704162E-30   0.0000000E+00   0.4683555E+04   0.8746008E+04
     12   0.7628099E-30   0.1076125E-29   0.4164342E-30   0.0000000E+00   0.8746008E+04   0.4683555E+04
TOTAL     0.1137562E-29   0.2238374E+03   0.2238374E+03   0.0000000E+00   0.7248448E+06   0.7248448E+06

     T O T A L   E F F E C T I V E   M A S S

           X-COMPONENT     Y-COMPONENT     Z-COMPONENT     X-ROTATION      Y-ROTATION      Z-ROTATION

          0.2376000E+03   0.2376000E+03   0.2376000E+03   0.0000000E+00   0.7880400E+06   0.7880400E+06


     F R A C T I O N   O F   T O T A L S

           X-COMPONENT     Y-COMPONENT     Z-COMPONENT     X-ROTATION      Y-ROTATION      Z-ROTATION

          0.4787720E-32   0.9420764E+00   0.9420764E+00   0.1000000E+01   0.9198071E+00   0.9198071E+00


                    E I G E N V A L U E    N U M B E R     1


 displacements (vx,vy,vz) for set ALL and time  0.2000000E+01

         1  0.000000E+00  0.000000E+00  0.000000E+00
         2  2.943439E-20 -2.864559E-03  1.275409E-04
         3  8.427978E-20 -5.726291E-03  2.549558E-04
         4  7.538593E-20 -8.582372E-03  3.821192E-04
         5  1.473837E-19 -1.142998E-02  5.089055E-04
         6  1.389134E-19 -1.426631E-02  6.351895E-04
         7  2.117582E-19 -1.708857E-02  7.608467E-04
         8  1.965116E-19 -1.989395E-02  8.857530E-04
         9  2.320870E-19 -2.267971E-02  1.009785E-03
        10  2.625802E-19 -2.544308E-02  1.132821E-03
        11  2.947675E-19 -2.818134E-02  1.254739E-03
        12  3.371191E-19 -3.089180E-02  1.375418E-03
        13  2.286989E-19 -3.357176E-02  1.494740E-03
        14  2.473336E-19 -3.621859E-02  1.612587E-03
        15  2.439455E-19 -3.882969E-02  1.728842E-03
        16  1.931235E-19 -4.140246E-02  1.843392E-03
        17  2.100642E-19 -4.393437E-02  1.956122E-03
        18  2.473336E-19 -4.642292E-02  2.066922E-03
        19  2.676624E-19 -4.886566E-02  2.175681E-03
        20  2.270048E-19 -5.126017E-02  2.282294E-03
        21  3.083200E-19 -5.360410E-02  2.386655E-03
        22  3.320369E-19 -5.589513E-02  2.488660E-03
        23  3.015437E-19 -5.813099E-02  2.588209E-03
        24  2.642743E-19 -6.030949E-02  2.685203E-03
        25  2.574980E-19 -6.242847E-02  2.779548E-03
        26  2.134523E-19 -6.448584E-02  2.871150E-03
        27  1.863472E-19 -6.647957E-02  2.959918E-03
        28  1.355253E-19 -6.840769E-02  3.045765E-03
        29  1.185846E-19 -7.026830E-02  3.128607E-03
        30  7.792703E-20 -7.205957E-02  3.208361E-03
        31  5.082198E-20 -7.377972E-02  3.284948E-03
        32 -2.371692E-20 -7.542706E-02  3.358294E-03
        33 -5.421011E-20 -7.699996E-02  3.428325E-03
        34 -8.131516E-20 -7.849687E-02  3.494974E-03
        35  4.065758E-20 -7.991632E-02  3.558173E-03
        36 -1.694066E-20 -8.125689E-02  3.617860E-03
        37  8.470329E-20 -8.251728E-02  3.673977E-03
        38  6.776264E-20 -8.369623E-02  3.726469E-03
        39  7.453890E-20 -8.479259E-02  3.775282E-03
        40  1.660185E-19 -8.580526E-02  3.820370E-03
        41  2.202286E-19 -8.673326E-02  3.861688E-03
        42  2.507218E-19 -8.757566E-02  3.899195E-03
        43  3.422013E-19 -8.833163E-02  3.932854E-03
        44  3.930233E-19 -8.900043E-02  3.962631E-03
        45  4.336809E-19 -8.958140E-02  3.988498E-03
        46  4.946672E-19 -9.007396E-02  4.010429E-03
        47  5.082198E-19 -9.047763E-02  4.028402E-03
        48  4.946672E-19 -9.079201E-02  4.042399E-03
        49  5.014435E-19 -9.101679E-02  4.052407E-03
        50  4.743385E-19 -9.115175E-02  4.058416E-03
        51  6.911789E-19 -9.119675E-02  4.060419E-03
        52  9.283481E-19 -9.115175E-02  4.058416E-03
        53  8.741380E-19 -9.101679E-02  4.052407E-03
        54  8.199279E-19 -9.079201E-02  4.042399E-03
        55  1.036768E-18 -9.047763E-02  4.028402E-03
        56  9.893345E-19 -9.007396E-02  4.010429E-03
        57  9.419006E-19 -8.958140E-02  3.988498E-03
        58  1.009663E-18 -8.900043E-02  3.962631E-03
        59  1.050321E-18 -8.833163E-02  3.932854E-03
        60  1.050321E-18 -8.757566E-02  3.899195E-03
        61  1.084202E-18 -8.673326E-02  3.861688E-03
        62  9.690057E-19 -8.580526E-02  3.820370E-03
        63  1.009663E-18 -8.479259E-02  3.775282E-03
        64  8.876905E-19 -8.369623E-02  3.726469E-03
        65  8.538092E-19 -8.251728E-02  3.673977E-03
        66  8.538092E-19 -8.125689E-02  3.617860E-03
        67  6.979551E-19 -7.991632E-02  3.558173E-03
        68  9.147956E-19 -7.849687E-02  3.494974E-03
        69  9.080193E-19 -7.699996E-02  3.428325E-03
        70  9.351244E-19 -7.542706E-02  3.358294E-03
        71  8.402567E-19 -7.377972E-02  3.284948E-03
        72  6.911789E-19 -7.205957E-02  3.208361E-03
        73  7.115077E-19 -7.026830E-02  3.128607E-03
        74  7.250602E-19 -6.840769E-02  3.045765E-03
        75  7.521653E-19 -6.647957E-02  2.959918E-03
        76  6.911789E-19 -6.448584E-02  2.871150E-03
        77  6.911789E-19 -6.242847E-02  2.779548E-03
        78  6.979551E-19 -6.030949E-02  2.685203E-03
        79  6.301925E-19 -5.813099E-02  2.588209E-03
        80  6.098637E-19 -5.589513E-02  2.488660E-03
        81  4.811147E-19 -5.360410E-02  2.386655E-03
        82  5.793705E-19 -5.126017E-02  2.282294E-03
        83  8.470329E-19 -4.886566E-02  2.175681E-03
        84  8.673617E-19 -4.642292E-02  2.066922E-03
        85  6.776264E-19 -4.393437E-02  1.956122E-03
        86  6.776264E-19 -4.140246E-02  1.843392E-03
        87  7.894347E-19 -3.882969E-02  1.728842E-03
        88  6.200281E-19 -3.621859E-02  1.612587E-03
        89  8.334804E-19 -3.357176E-02  1.494740E-03
        90  7.555534E-19 -3.089180E-02  1.375418E-03
        91  5.454892E-19 -2.818134E-02  1.254739E-03
        92  5.827587E-19 -2.544308E-02  1.132821E-03
        93  5.421011E-19 -2.267971E-02  1.009785E-03
        94  7.318365E-19 -1.989395E-02  8.857530E-04
        95  5.116079E-19 -1.708857E-02  7.608467E-04
        96  3.760826E-19 -1.426631E-02  6.351895E-04
        97  3.489776E-19 -1.142998E-02  5.089055E-04
        98  2.320870E-19 -8.582372E-03  3.821192E-04
        99  1.160435E-19 -5.726291E-03  2.549558E-04
       100  7.072725E-20 -2.864559E-03  1.275409E-04
       101  0.000000E+00  0.000000E+00  0.000000E+00

 forces (fx,fy,fz) for set ALL and time  0.2000000E+01

         1 -1.000000E+03  0.000000E+00  0.000000E+00
         2  0.000000E+00  0.000000E+00  0.000000E+00
         3  0.000000E+00  0.000000E+00  0.000000E+00
         4  0.000000E+00  0.000000E+00  0.000000E+00
         5  0.000000E+00  0.000000E+00  0.000000E+00
         6  0.000000E+00  0.000000E+00  0.000000E+00
         7  0.000000E+00  0.000000E+00  0.000000E+00
         8  0.000000E+00  0.000000E+00  0.000000E+00
         9  0.000000E+00  0.000000E+00  0.000000E+00
        10  0.000000E+00  0.000000E+00  0.000000E+00
        11  0.000000E+00  0.000000E+00  0.000000E+00
        12  0.000000E+00  0.000000E+00  0.000000E+00
        13  0.000000E+00  0.000000E+00  0.000000E+00
        14  0.000000E+00  0.000000E+00  0.000000E+00
        15  0.000000E+00  0.000000E+00  0.000000E+00
        16  0.000000E+00  0.000000E+00  0.000000E+00
        17  0.000000E+00  0.000000E+00  0.000000E+00
        18  0.000000E+00  0.000000E+00  0.000000E+00
        19  0.000000E+00  0.000000E+00  0.000000E+00
        20  0.000000E+00  0.000000E+00  0.000000E+00
        21  0.000000E+00  0.000000E+00  0.000000E+00
        22  0.000000E+00  0.000000E+00  0.000000E+00
        23  0.000000E+00  0.000000E+00  0.000000E+00
        24  0.000000E+00  0.000000E+00  0.000000E+00
        25  0.000000E+00  0.000000E+00  0.000000E+00
        26  0.000000E+00  0.000000E+00  0.000000E+00
        27  0.000000E+00  0.000000E+00  0.000000E+00
        28  0.000000E+00  0.000000E+00  0.000000E+00
        29  0.000000E+00  0.000000E+00  0.000000E+00
        30  0.000000E+00  0.000000E+00  0.000000E+00
        31  0.000000E+00  0.000000E+00  0.000000E+00
        32  0.000000E+00  0.000000E+00  0.000000E+00
        33  0.000000E+00  0.000000E+00  0.000000E+00
        34  0.000000E+00  0.000000E+00  0.000000E+00
        35  0.000000E+00  0.000000E+00  0.000000E+00
        36  0.000000E+00  0.000000E+00  0.000000E+00
        37  0.000000E+00  0.000000E+00  0.000000E+00
        38  0.000000E+00  0.000000E+00  0.000000E+00
        39  0.000000E+00  0.000000E+00  0.000000E+00
        40  0.000000E+00  0.000000E+00  0.000000E+00
        41  0.000000E+00  0.000000E+00  0.000000E+00
        42  0.000000E+00  0.000000E+00  0.000000E+00
        43  0.000000E+00  0.000000E+00  0.000000E+00
        44  0.000000E+00  0.000000E+00  0.000000E+00
        45  0.000000E+00  0.000000E+00  0.000000E+00
        46  0.000000E+00  0.000000E+00  0.000000E+00
        47  0.000000E+00  0.000000E+00  0.000000E+00
        48  0.000000E+00  0.000000E+00  0.000000E+00
        49  0.000000E+00  0.000000E+00  0.000000E+00
        50  0.000000E+00  0.000000E+00  0.000000E+00
        51  0.000000E+00  0.000000E+00  0.000000E+00
        52  0.000000E+00  0.000000E+00  0.000000E+00
        53  0.000000E+00  0.000000E+00  0.000000E+00
        54  0.000000E+00  0.000000E+00  0.000000E+00
        55  0.000000E+00  0.000000E+00  0.000000E+00
        56  0.000000E+00  0.000000E+00  0.000000E+00
        57  0.000000E+00  0.000000E+00  0.000000E+00
        58  0.000000E+00  0.000000E+00  0.000000E+00
        59  0.000000E+00  0.000000E+00  0.000000E+00
        60  0.000000E+00  0.000000E+00  0.000000E+00
        61  0.000000E+00  0.000000E+00  0.000000E+00
        62  0.000000E+00  0.000000E+00  0.000000E+00
        63  0.000000E+00  0.000000E+00  0.000000E+00
        64  0.000000E+00  0.000000E+00  0.000000E+00
        65  0.000000E+00  0.000000E+00  0.000000E+00
        66  0.000000E+00  0.000000E+00  0.000000E+00
        67  0.000000E+00  0.000000E+00  0.000000E+00
        68  0.000000E+00  0.000000E+00  0.000000E+00
        69  0.000000E+00  0.000000E+00  0.000000E+00
        70  0.000000E+00  0.000000E+00  0.000000E+00
        71  0.000000E+00  0.000000E+00  0.000000E+00
        72  0.000000E+00  0.000000E+00  0.000000E+00
        73  0.000000E+00  0.000000E+00  0.000000E+00
        74  0.000000E+00  0.000000E+00  0.000000E+00
        75  0.000000E+00  0.000000E+00  0.000000E+00
        76  0.000000E+00  0.000000E+00  0.000000E+00
        77  0.000000E+00  0.000000E+00  0.000000E+00
        78  0.000000E+00  0.000000E+00  0.000000E+00
        79  0.000000E+00  0.000000E+00  0.000000E+00
        80  0.000000E+00  0.000000E+00  0.000000E+00
        81  0.000000E+00  0.000000E+00  0.000000E+00
        82  0.000000E+00  0.000000E+00  0.000000E+00
        83  0.000000E+00  0.000000E+00  0.000000E+00
        84  0.000000E+00  0.000000E+00  0.000000E+00
        85  0.000000E+00  0.000000E+00  0.000000E+00
        86  0.000000E+00  0.000000E+00  0.000000E+00
        87  0.000000E+00  0.000000E+00  0.000000E+00
        88  0.000000E+00  0.000000E+00  0.000000E+00
        89  0.000000E+00  0.000000E+00  0.000000E+00
        90  0.000000E+00  0.000000E+00  0.000000E+00
        91  0.000000E+00  0.000000E+00  0.000000E+00
        92  0.000000E+00  0.000000E+00  0.000000E+00
        93  0.000000E+00  0.000000E+00  0.000000E+00
        94  0.000000E+00  0.000000E+00  0.000000E+00
        95  0.000000E+00  0.000000E+00  0.000000E+00
        96  0.000000E+00  0.000000E+00  0.000000E+00
        97  0.000000E+00  0.000000E+00  0.000000E+00
        98  0.000000E+00  0.000000E+00  0.000000E+00
        99  0.000000E+00  0.000000E+00  0.000000E+00
       100  0.000000E+00  0.000000E+00  0.000000E+00
       101  1.000000E+03  0.000000E+00  0.000000E+00

                    E I G E N V A L U E    N U M B E R     2


 displacements (vx,vy,vz) for set ALL and time  0.2000000E+01

         1  0.000000E+00  0.000000E+00  0.000000E+00
         2  1.397604E-20 -1.275409E-04 -2.864559E-03
         3  4.319868E-20 -2.549558E-04 -5.726291E-03
         4  4.912791E-20 -3.821192E-04 -8.582372E-03
         5  5.717472E-20 -5.089055E-04 -1.142998E-02
         6  8.046813E-20 -6.351895E-04 -1.426631E-02
         7  1.245138E-19 -7.608467E-04 -1.708857E-02
         8  1.448426E-19 -8.857530E-04 -1.989395E-02
         9  1.092673E-19 -1.009785E-03 -2.267971E-02
        10  1.719477E-19 -1.132821E-03 -2.544308E-02
        11  1.592422E-19 -1.254739E-03 -2.818134E-02
        12  1.965116E-19 -1.375418E-03 -3.089180E-02
        13  1.126554E-19 -1.494740E-03 -3.357176E-02
        14  1.583952E-19 -1.612587E-03 -3.621859E-02
        15  1.677125E-19 -1.728842E-03 -3.882969E-02
        16  1.338312E-19 -1.843392E-03 -4.140246E-02
        17  1.626303E-19 -1.956122E-03 -4.393437E-02
        18  1.355253E-19 -2.066922E-03 -4.642292E-02
        19  1.744888E-19 -2.175681E-03 -4.886566E-02
        20  1.609363E-19 -2.282294E-03 -5.126017E-02
        21  1.151965E-19 -2.386655E-03 -5.360410E-02
        22  1.829591E-19 -2.488660E-03 -5.589513E-02
        23  2.185345E-19 -2.588209E-03 -5.813099E-02
        24  1.761829E-19 -2.685203E-03 -6.030949E-02
        25  1.897354E-19 -2.779548E-03 -6.242847E-02
        26  1.914294E-19 -2.871150E-03 -6.448584E-02
        27  1.490778E-19 -2.959918E-03 -6.647957E-02
        28  1.219727E-19 -3.045765E-03 -6.840769E-02
        29  1.101143E-19 -3.128607E-03 -7.026830E-02
        30  1.101143E-19 -3.208361E-03 -7.205957E-02
        31  5.421011E-20 -3.284948E-03 -7.377972E-02
        32  5.082198E-20 -3.358294E-03 -7.542706E-02
        33  2.710505E-20 -3.428325E-03 -7.699996E-02
        34  6.098637E-20 -3.494974E-03 -7.849687E-02
        35  1.202787E-19 -3.558173E-03 -7.991632E-02
        36  5.421011E-20 -3.617860E-03 -8.125689E-02
        37  1.118083E-19 -3.673977E-03 -8.251728E-02
        38  9.656176E-20 -3.726469E-03 -8.369623E-02
        39  1.151965E-19 -3.775282E-03 -8.479259E-02
        40  1.202787E-19 -3.820370E-03 -8.580526E-02
        41  1.660185E-19 -3.861688E-03 -8.673326E-02
        42  1.931235E-19 -3.899195E-03 -8.757566E-02
        43  2.286989E-19 -3.932854E-03 -8.833163E-02
        44  2.303930E-19 -3.962631E-03 -8.900043E-02
        45  3.083200E-19 -3.988498E-03 -8.958140E-02
        46  3.083200E-19 -4.010429E-03 -9.007396E-02
        47  3.557538E-19 -4.028402E-03 -9.047763E-02
        48  3.354250E-19 -4.042399E-03 -9.079201E-02
        49  3.726945E-19 -4.052407E-03 -9.101679E-02
        50  2.676624E-19 -4.058416E-03 -9.115175E-02
        51  3.828589E-19 -4.060419E-03 -9.119675E-02
        52  5.082198E-19 -4.058416E-03 -9.115175E-02
        53  4.235165E-19 -4.052407E-03 -9.101679E-02
        54  6.166400E-19 -4.042399E-03 -9.079201E-02
        55  5.929231E-19 -4.028402E-03 -9.047763E-02
        56  5.048316E-19 -4.010429E-03 -9.007396E-02
        57  4.946672E-19 -3.988498E-03 -8.958140E-02
        58  7.148958E-19 -3.962631E-03 -8.900043E-02
        59  6.606857E-19 -3.932854E-03 -8.833163E-02
        60  6.030875E-19 -3.899195E-03 -8.757566E-02
        61  7.013433E-19 -3.861688E-03 -8.673326E-02
        62  5.082198E-19 -3.820370E-03 -8.580526E-02
        63  5.014435E-19 -3.775282E-03 -8.479259E-02
        64  5.421011E-19 -3.726469E-03 -8.369623E-02
        65  6.572976E-19 -3.673977E-03 -8.251728E-02
        66  5.353248E-19 -3.617860E-03 -8.125689E-02
        67  5.082198E-19 -3.558173E-03 -7.991632E-02
        68  3.997996E-19 -3.494974E-03 -7.849687E-02
        69  4.709503E-19 -3.428325E-03 -7.699996E-02
        70  5.759824E-19 -3.358294E-03 -7.542706E-02
        71  4.641741E-19 -3.284948E-03 -7.377972E-02
        72  3.828589E-19 -3.208361E-03 -7.205957E-02
        73  3.218725E-19 -3.128607E-03 -7.026830E-02
        74  4.235165E-19 -3.045765E-03 -6.840769E-02
        75  4.641741E-19 -2.959918E-03 -6.647957E-02
        76  4.370690E-19 -2.871150E-03 -6.448584E-02
        77  3.828589E-19 -2.779548E-03 -6.242847E-02
        78  4.336809E-19 -2.685203E-03 -6.030949E-02
        79  3.252607E-19 -2.588209E-03 -5.813099E-02
        80  3.422013E-19 -2.488660E-03 -5.589513E-02
        81  4.472334E-19 -2.386655E-03 -5.360410E-02
        82  3.964114E-19 -2.282294E-03 -5.126017E-02
        83  3.676123E-19 -2.175681E-03 -4.886566E-02
        84  4.082699E-19 -2.066922E-03 -4.642292E-02
        85  2.693565E-19 -1.956122E-03 -4.393437E-02
        86  5.336308E-19 -1.843392E-03 -4.140246E-02
        87  2.066760E-19 -1.728842E-03 -3.882969E-02
        88  3.320369E-19 -1.612587E-03 -3.621859E-02
        89  3.777767E-19 -1.494740E-03 -3.357176E-02
        90  3.455894E-19 -1.375418E-03 -3.089180E-02
        91  4.269046E-19 -1.254739E-03 -2.818134E-02
        92  2.168404E-19 -1.132821E-03 -2.544308E-02
        93  3.167903E-19 -1.009785E-03 -2.267971E-02
        94  3.997996E-19 -8.857530E-04 -1.989395E-02
        95  3.354250E-19 -7.608467E-04 -1.708857E-02
        96  2.126053E-19 -6.351895E-04 -1.426631E-02
        97  9.402066E-20 -5.089055E-04 -1.142998E-02
        98  1.355253E-19 -3.821192E-04 -8.582372E-03
        99  6.776264E-20 -2.549558E-04 -5.726291E-03
       100  4.595154E-20 -1.275409E-04 -2.864559E-03
       101  0.000000E+00  0.000000E+00  0.000000E+00

 forces (fx,fy,fz) for set ALL and time  0.2000000E+01

         1 -1.000000E+03  0.000000E+00  0.000000E+00
         2  0.000000E+00  0.000000E+00  0.000000E+00
         3  0.000000E+00  0.000000E+00  0.000000E+00
         4  0.000000E+00  0.000000E+00  0.000000E+00
         5  0.000000E+00  0.000000E+00  0.000000E+00
         6  0.000000E+00  0.000000E+00  0.000000E+00
         7  0.000000E+00  0.000000E+00  0.000000E+00
         8  0.000000E+00  0.000000E+00  0.000000E+00
         9  0.000000E+00  0.000000E+00  0.000000E+00
        10  0.000000E+00  0.000000E+00  0.000000E+00
        11  0.000000E+00  0.000000E+00  0.000000E+00
        12  0.000000E+00  0.000000E+00  0.000000E+00
        13  0.000000E+00  0.000000E+00  0.000000E+00
        14  0.000000E+00  0.000000E+00  0.000000E+00
        15  0.000000E+00  0.000000E+00  0.000000E+00
        16  0.000000E+00  0.000000E+00  0.000000E+00
        17  0.000000E+00  0.000000E+00  0.000000E+00
        18  0.000000E+00  0.000000E+00  0.000000E+00
        19  0.000000E+00  0.000000E+00  0.000000E+00
        20  0.000000E+00  0.000000E+00  0.000000E+00
        21  0.000000E+00  0.000000E+00  0.000000E+00
        22  0.000000E+00  0.000000E+00  0.000000E+00
        23  0.000000E+00  0.000000E+00  0.000000E+00
        24  0.000000E+00  0.000000E+00  0.000000E+00
        25  0.000000E+00  0.000000E+00  0.000000E+00
        26  0.000000E+00  0.000000E+00  0.000000E+00
        27  0.000000E+00  0.000000E+00  0.000000E+00
        28  0.000000E+00  0.000000E+00  0.000000E+00
        29  0.000000E+00  0.000000E+00  0.000000E+00
        30  0.000000E+00  0.000000E+00  0.000000E+00
        31  0.000000E+00  0.000000E+00  0.000000E+00
        32  0.000000E+00  0.000000E+00  0.000000E+00
        33  0.000000E+00  0.000000E+00  0.000000E+00
        34  0.000000E+00  0.000000E+00  0.000000E+00
        35  0.000000E+00  0.000000E+00  0.000000E+00
        36  0.000000E+00  0.000000E+00  0.000000E+00
        37  0.000000E+00  0.000000E+00  0.000000E+00
        38  0.000000E+00  0.000000E+00  0.000000E+00
        39  0.000000E+00  0.000000E+00  0.000000E+00
        40  0.000000E+00  0.000000E+00  0.000000E+00
        41  0.000000E+00  0.000000E+00  0.000000E+00
        42  0.000000E+00  0.000000E+00  0.000000E+00
        43  0.000000E+00  0.000000E+00  0.000000E+00
        44  0.000000E+00  0.000000E+00  0.000000E+00
        45  0.000000E+00  0.000000E+00  0.000000E+00
        46  0.000000E+00  0.000000E+00  0.000000E+00
        47  0.000000E+00  0.000000E+00  0.000000E+00
        48  0.000000E+00  0.000000E+00  0.000000E+00
        49  0.000000E+00  0.000000E+00  0.000000E+00
        50  0.000000E+00  0.000000E+00  0.000000E+00
        51  0.000000E+00  0.000000E+00  0.000000E+00
        52  0.000000E+00  0.000000E+00  0.000000E+00
        53  0.000000E+00  0.000000E+00  0.000000E+00
        54  0.000000E+00  0.000000E+00  0.000000E+00
        55  0.000000E+00  0.000000E+00  0.000000E+00
        56  0.000000E+00  0.000000E+00  0.000000E+00
        57  0.000000E+00  0.000000E+00  0.000000E+00
        58  0.000000E+00  0.000000E+00  0.000000E+00
        59  0.000000E+00  0.000000E+00  0.000000E+00
        60  0.000000E+00  0.000000E+00  0.000000E+00
        61  0.000000E+00  0.000000E+00  0.000000E+00
        62  0.000000E+00  0.000000E+00  0.000000E+00
        63  0.000000E+00  0.000000E+00  0.000000E+00
        64  0.000000E+00  0.000000E+00  0.000000E+00
        65  0.000000E+00  0.000000E+00  0.000000E+00
        66  0.000000E+00  0.000000E+00  0.000000E+00
        67  0.000000E+00  0.000000E+00  0.000000E+00
        68  0.000000E+00  0.000000E+00  0.000000E+00
        69  0.000000E+00  0.000000E+00  0.000000E+00
        70  0.000000E+00  0.000000E+00  0.000000E+00
        71  0.000000E+00  0.000000E+00  0.000000E+00
        72  0.000000E+00  0.000000E+00  0.000000E+00
        73  0.000000E+00  0.000000E+00  0.000000E+00
        74  0.000000E+00  0.000000E+00  0.000000E+00
        75  0.000000E+00  0.000000E+00  0.000000E+00
        76  0.000000E+00  0.000000E+00  0.000000E+00
        77  0.000000E+00  0.000000E+00  0.000000E+00
        78  0.000000E+00  0.000000E+00  0.000000E+00
        79  0.000000E+00  0.000000E+00  0.000000E+00
        80  0.000000E+00  0.000000E+00  0.000000E+00
        81  0.000000E+00  0.000000E+00  0.000000E+00
        82  0.000000E+00  0.000000E+00  0.000000E+00
        83  0.000000E+00  0.000000E+00  0.000000E+00
        84  0.000000E+00  0.000000E+00  0.000000E+00
        85  0.000000E+00  0.000000E+00  0.000000E+00
        86  0.000000E+00  0.000000E+00  0.000000E+00
        87  0.000000E+00  0.000000E+00  0.000000E+00
        88  0.000000E+00  0.000000E+00  0.000000E+00
        89  0.000000E+00  0.000000E+00  0.000000E+00
        90  0.000000E+00  0.000000E+00  0.000000E+00
        91  0.000000E+00  0.000000E+00  0.000000E+00
        92  0.000000E+00  0.000000E+00  0.000000E+00
        93  0.000000E+00  0.000000E+00  0.000000E+00
        94  0.000000E+00  0.000000E+00  0.000000E+00
        95  0.000000E+00  0.000000E+00  0.000000E+00
        96  0.000000E+00  0.000000E+00  0.000000E+00
        97  0.000000E+00  0.000000E+00  0.000000E+00
        98  0.000000E+00  0.000000E+00  0.000000E+00
        99  0.000000E+00  0.000000E+00  0.000000E+00
       100  0.000000E+00  0.000000E+00  0.000000E+00
       101  1.000000E+03  0.000000E+00  0.000000E+00

                    E I G E N V A L U E    N U M B E R     3


 displacements (vx,vy,vz) for set ALL and time  0.2000000E+01

         1  0.000000E+00  0.000000E+00  0.000000E+00
         2  8.470329E-21  5.911673E-04 -5.701397E-03
         3  3.049319E-20  1.180002E-03 -1.138029E-02
         4  2.032879E-20  1.764179E-03 -1.701428E-02
         5  5.421011E-20  2.341394E-03 -2.258111E-02
         6  3.388132E-20  2.909368E-03 -2.805883E-02
         7  4.743385E-20  3.465861E-03 -3.342582E-02
         8  4.065758E-20  4.008675E-03 -3.866088E-02
         9  1.355253E-20  4.535669E-03 -4.374337E-02
        10  1.219727E-19  5.044763E-03 -4.865323E-02
        11  6.776264E-20  5.533947E-03 -5.337107E-02
        12  8.131516E-20  6.001292E-03 -5.787828E-02
        13  8.131516E-20  6.444952E-03 -6.215708E-02
        14  8.131516E-20  6.863177E-03 -6.619056E-02
        15  1.219727E-19  7.254316E-03 -6.996283E-02
        16  8.131516E-20  7.616825E-03 -7.345898E-02
        17  6.776264E-20  7.949274E-03 -7.666522E-02
        18  1.219727E-19  8.250352E-03 -7.956890E-02
        19  1.355253E-19  8.518868E-03 -8.215856E-02
        20  1.084202E-19  8.753765E-03 -8.442397E-02
        21  1.355253E-19  8.954115E-03 -8.635621E-02
        22  2.168404E-19  9.119127E-03 -8.794763E-02
        23  1.355253E-19  9.248150E-03 -8.919197E-02
        24  8.131516E-20  9.340674E-03 -9.008430E-02
        25  8.131516E-20  9.396335E-03 -9.062112E-02
        26  1.084202E-19  9.414914E-03 -9.080029E-02
        27  1.897354E-19  9.396335E-03 -9.062112E-02
        28  5.421011E-20  9.340674E-03 -9.008430E-02
        29  1.355253E-19  9.248150E-03 -8.919197E-02
        30  1.084202E-19  9.119127E-03 -8.794763E-02
        31  8.131516E-20  8.954115E-03 -8.635621E-02
        32  5.421011E-20  8.753765E-03 -8.442397E-02
        33  5.421011E-20  8.518868E-03 -8.215856E-02
        34  2.710505E-20  8.250352E-03 -7.956890E-02
        35  5.421011E-20  7.949274E-03 -7.666522E-02
        36  1.355253E-19  7.616825E-03 -7.345898E-02
        37  1.084202E-19  7.254316E-03 -6.996283E-02
        38  8.131516E-20  6.863177E-03 -6.619056E-02
        39  5.421011E-20  6.444952E-03 -6.215708E-02
        40  1.355253E-19  6.001292E-03 -5.787828E-02
        41  1.626303E-19  5.533947E-03 -5.337107E-02
        42  8.131516E-20  5.044763E-03 -4.865323E-02
        43  1.897354E-19  4.535669E-03 -4.374337E-02
        44  1.355253E-19  4.008675E-03 -3.866088E-02
        45  2.981556E-19  3.465861E-03 -3.342582E-02
        46  3.252607E-19  2.909368E-03 -2.805883E-02
        47  2.168404E-19  2.341394E-03 -2.258111E-02
        48  2.168404E-19  1.764179E-03 -1.701428E-02
        49  1.626303E-19  1.180002E-03 -1.138029E-02
        50  3.252607E-19  5.911673E-04 -5.701397E-03
        51  2.168404E-19  3.816392E-17  3.747003E-16
        52  2.168404E-19 -5.911673E-04  5.701397E-03
        53  3.252607E-19 -1.180002E-03  1.138029E-02
        54  5.963112E-19 -1.764179E-03  1.701428E-02
        55  3.252607E-19 -2.341394E-03  2.258111E-02
        56  7.047314E-19 -2.909368E-03  2.805883E-02
        57  2.168404E-19 -3.465861E-03  3.342582E-02
        58  4.336809E-19 -4.008675E-03  3.866088E-02
        59  3.252607E-19 -4.535669E-03  4.374337E-02
        60  4.878910E-19 -5.044763E-03  4.865323E-02
        61  3.794708E-19 -5.533947E-03  5.337107E-02
        62  0.000000E+00 -6.001292E-03  5.787828E-02
        63  5.963112E-19 -6.444952E-03  6.215708E-02
        64  1.084202E-19 -6.863177E-03  6.619056E-02
        65  1.626303E-19 -7.254316E-03  6.996283E-02
        66  3.794708E-19 -7.616825E-03  7.345898E-02
        67  5.421011E-20 -7.949274E-03  7.666522E-02
        68  4.336809E-19 -8.250352E-03  7.956890E-02
        69  5.421011E-19 -8.518868E-03  8.215856E-02
        70  5.963112E-19 -8.753765E-03  8.442397E-02
        71  1.626303E-19 -8.954115E-03  8.635621E-02
        72  2.168404E-19 -9.119127E-03  8.794763E-02
        73  2.710505E-19 -9.248150E-03  8.919197E-02
        74  2.710505E-19 -9.340674E-03  9.008430E-02
        75  2.710505E-19 -9.396335E-03  9.062112E-02
        76  2.710505E-19 -9.414914E-03  9.080029E-02
        77  2.439455E-19 -9.396335E-03  9.062112E-02
        78  3.523657E-19 -9.340674E-03  9.008430E-02
        79  1.626303E-19 -9.248150E-03  8.919197E-02
        80  2.710505E-19 -9.119127E-03  8.794763E-02
        81  1.626303E-19 -8.954115E-03  8.635621E-02
        82  1.355253E-19 -8.753765E-03  8.442397E-02
        83  3.794708E-19 -8.518868E-03  8.215856E-02
        84  4.065758E-19 -8.250352E-03  7.956890E-02
        85  1.897354E-19 -7.949274E-03  7.666522E-02
        86 -2.710505E-20 -7.616825E-03  7.345898E-02
        87  1.626303E-19 -7.254316E-03  6.996283E-02
        88  1.897354E-19 -6.863177E-03  6.619056E-02
        89  1.626303E-19 -6.444952E-03  6.215708E-02
        90  2.981556E-19 -6.001292E-03  5.787828E-02
        91  1.355253E-19 -5.533947E-03  5.337107E-02
        92  1.084202E-19 -5.044763E-03  4.865323E-02
        93  8.131516E-20 -4.535669E-03  4.374337E-02
        94  3.252607E-19 -4.008675E-03  3.866088E-02
        95  2.303930E-19 -3.465861E-03  3.342582E-02
        96  1.219727E-19 -2.909368E-03  2.805883E-02
        97  1.490778E-19 -2.341394E-03  2.258111E-02
        98  9.486769E-20 -1.764179E-03  1.701428E-02
        99 -1.355253E-20 -1.180002E-03  1.138029E-02
       100  2.710505E-20 -5.911673E-04  5.701397E-03
       101  0.000000E+00  0.000000E+00  0.000000E+00

 forces (fx,fy,fz) for set ALL and time  0.2000000E+01

         1 -1.000000E+03  0.000000E+00  0.000000E+00
         2  0.000000E+00  0.000000E+00  0.000000E+00
         3  0.000000E+00  0.000000E+00  0.000000E+00
         4  0.000000E+00  0.000000E+00  0.000000E+00
         5  0.000000E+00  0.000000E+00  0.000000E+00
         6  0.000000E+00  0.000000E+00  0.000000E+00
         7  0.000000E+00  0.000000E+00  0.000000E+00
         8  0.000000E+00  0.000000E+00  0.000000E+00
         9  0.000000E+00  0.000000E+00  0.000000E+00
        10  0.000000E+00  0.000000E+00  0.000000E+00
        11  0.000000E+00  0.000000E+00  0.000000E+00
        12  0.000000E+00  0.000000E+00  0.000000E+00
        13  0.000000E+00  0.000000E+00  0.000000E+00
        14  0.000000E+00  0.000000E+00  0.000000E+00
        15  0.000000E+00  0.000000E+00  0.000000E+00
        16  0.000000E+00  0.000000E+00  0.000000E+00
        17  0.000000E+00  0.000000E+00  0.000000E+00
        18  0.000000E+00  0.000000E+00  0.000000E+00
        19  0.000000E+00  0.000000E+00  0.000000E+00
        20  0.000000E+00  0.000000E+00  0.000000E+00
        21  0.000000E+00  0.000000E+00  0.000000E+00
        22  0.000000E+00  0.000000E+00  0.000000E+00
        23  0.000000E+00  0.000000E+00  0.000000E+00
        24  0.000000E+00  0.000000E+00  0.000000E+00
        25  0.000000E+00  0.000000E+00  0.000000E+00
        26  0.000000E+00  0.000000E+00  0.000000E+00
        27  0.000000E+00  0.000000E+00  0.000000E+00
        28  0.000000E+00  0.000000E+00  0.000000E+00
        29  0.000000E+00  0.000000E+00  0.000000E+00
        30  0.000000E+00  0.000000E+00  0.000000E+00
        31  0.000000E+00  0.000000E+00  0.000000E+00
        32  0.000000E+00  0.000000E+00  0.000000E+00
        33  0.000000E+00  0.000000E+00  0.000000E+00
        34  0.000000E+00  0.000000E+00  0.000000E+00
        35  0.000000E+00  0.000000E+00  0.000000E+00
        36  0.000000E+00  0.000000E+00  0.000000E+00
        37  0.000000E+00  0.000000E+00  0.000000E+00
        38  0.000000E+00  0.000000E+00  0.000000E+00
        39  0.000000E+00  0.000000E+00  0.000000E+00
        40  0.000000E+00  0.000000E+00  0.000000E+00
        41  0.000000E+00  0.000000E+00  0.000000E+00
        42  0.000000E+00  0.000000E+00  0.000000E+00
        43  0.000000E+00  0.000000E+00  0.000000E+00
        44  0.000000E+00  0.000000E+00  0.000000E+00
        45  0.000000E+00  0.000000E+00  0.000000E+00
        46  0.000000E+00  0.000000E+00  0.000000E+00
        47  0.000000E+00  0.000000E+00  0.000000E+00
        48  0.000000E+00  0.000000E+00  0.000000E+00
        49  0.000000E+00  0.000000E+00  0.000000E+00
        50  0.000000E+00  0.000000E+00  0.000000E+00
        51  0.000000E+00  0.000000E+00  0.000000E+00
        52  0.000000E+00  0.000000E+00  0.000000E+00
        53  0.000000E+00  0.000000E+00  0.000000E+00
        54  0.000000E+00  0.000000E+00  0.000000E+00
        55  0.000000E+00  0.000000E+00  0.000000E+00
        56  0.000000E+00  0.000000E+00  0.000000E+00
        57  0.000000E+00  0.000000E+00  0.000000E+00
        58  0.000000E+00  0.000000E+00  0.000000E+00
        59  0.000000E+00  0.000000E+00  0.000000E+00
        60  0.000000E+00  0.000000E+00  0.000000E+00
        61  0.000000E+00  0.000000E+00  0.000000E+00
        62  0.000000E+00  0.000000E+00  0.000000E+00
        63  0.000000E+00  0.000000E+00  0.000000E+00
        64  0.000000E+00  0.000000E+00  0.000000E+00
        65  0.000000E+00  0.000000E+00  0.000000E+00
        66  0.000000E+00  0.000000E+00  0.000000E+00
        67  0.000000E+00  0.000000E+00  0.000000E+00
        68  0.000000E+00  0.000000E+00  0.000000E+00
        69  0.000000E+00  0.000000E+00  0.000000E+00
        70  0.000000E+00  0.000000E+00  0.000000E+00
        71  0.000000E+00  0.000000E+00  0.000000E+00
        72  0.000000E+00  0.000000E+00  0.000000E+00
        73  0.000000E+00  0.000000E+00  0.000000E+00
        74  0.000000E+00  0.000000E+00  0.000000E+00
        75  0.000000E+00  0.000000E+00  0.000000E+00
        76  0.000000E+00  0.000000E+00  0.000000E+00
        77  0.000000E+00  0.000000E+00  0.000000E+00
        78  0.000000E+00  0.000000E+00  0.000000E+00
        79  0.000000E+00  0.000000E+00  0.000000E+00
        80  0.000000E+00  0.000000E+00  0.000000E+00
        81  0.000000E+00  0.000000E+00  0.000000E+00
        82  0.000000E+00  0.000000E+00  0.000000E+00
        83  0.000000E+00  0.000000E+00  0.000000E+00
        84  0.000000E+00  0.000000E+00  0.000000E+00
        85  0.000000E+00  0.000000E+00  0.000000E+00
        86  0.000000E+00  0.000000E+00  0.000000E+00
        87  0.000000E+00  0.000000E+00  0.000000E+00
        88  0.000000E+00  0.000000E+00  0.000000E+00
        89  0.000000E+00  0.000000E+00  0.000000E+00
        90  0.000000E+00  0.000000E+00  0.000000E+00
        91  0.000000E+00  0.000000E+00  0.000000E+00
        92  0.000000E+00  0.000000E+00  0.000000E+00
        93  0.000000E+00  0.000000E+00  0.000000E+00
        94  0.000000E+00  0.000000E+00  0.000000E+00
        95  0.000000E+00  0.000000E+00  0.000000E+00
        96  0.000000E+00  0.000000E+00  0.000000E+00
        97  0.000000E+00  0.000000E+00  0.000000E+00
        98  0.000000E+00  0.000000E+00  0.000000E+00
        99  0.000000E+00  0.000000E+00  0.000000E+00
       100  0.000000E+00  0.000000E+00  0.000000E+00
       101  1.000000E+03  0.000000E+00  0.000000E+00

                    E I G E N V A L U E    N U M B E R     4


 displacements (vx,vy,vz) for set ALL and time  0.2000000E+01

         1  0.000000E+00  0.000000E+00  0.000000E+00
         2 -3.388132E-20  5.701397E-03  5.911673E-04
         3 -9.486769E-20  1.138029E-02  1.180002E-03
         4 -1.219727E-19  1.701428E-02  1.764179E-03
         5 -1.897354E-19  2.258111E-02  2.341394E-03
         6 -2.439455E-19  2.805883E-02  2.909368E-03
         7 -2.168404E-19  3.342582E-02  3.465861E-03
         8 -2.439455E-19  3.866088E-02  4.008675E-03
         9 -3.252607E-19  4.374337E-02  4.535669E-03
        10 -2.710505E-19  4.865323E-02  5.044763E-03
        11 -3.794708E-19  5.337107E-02  5.533947E-03
        12 -3.252607E-19  5.787828E-02  6.001292E-03
        13 -3.252607E-19  6.215708E-02  6.444952E-03
        14 -2.168404E-19  6.619056E-02  6.863177E-03
        15 -4.336809E-19  6.996283E-02  7.254316E-03
        16 -3.252607E-19  7.345898E-02  7.616825E-03
        17 -4.336809E-19  7.666522E-02  7.949274E-03
        18 -3.794708E-19  7.956890E-02  8.250352E-03
        19 -3.252607E-19  8.215856E-02  8.518868E-03
        20 -3.252607E-19  8.442397E-02  8.753765E-03
        21 -3.252607E-19  8.635621E-02  8.954115E-03
        22 -3.252607E-19  8.794763E-02  9.119127E-03
        23 -4.336809E-19  8.919197E-02  9.248150E-03
        24 -3.252607E-19  9.008430E-02  9.340674E-03
        25 -5.421011E-19  9.062112E-02  9.396335E-03
        26 -3.252607E-19  9.080029E-02  9.414914E-03
        27 -4.336809E-19  9.062112E-02  9.396335E-03
        28 -4.336809E-19  9.008430E-02  9.340674E-03
        29 -4.336809E-19  8.919197E-02  9.248150E-03
        30 -3.252607E-19  8.794763E-02  9.119127E-03
        31 -4.336809E-19  8.635621E-02  8.954115E-03
        32 -3.252607E-19  8.442397E-02  8.753765E-03
        33 -1.084202E-19  8.215856E-02  8.518868E-03
        34 -2.168404E-19  7.956890E-02  8.250352E-03
        35 -5.421011E-19  7.666522E-02  7.949274E-03
        36 -3.252607E-19  7.345898E-02  7.616825E-03
        37 -6.505213E-19  6.996283E-02  7.254316E-03
        38 -2.168404E-19  6.619056E-02  6.863177E-03
        39 -4.336809E-19  6.215708E-02  6.444952E-03
        40 -6.505213E-19  5.787828E-02  6.001292E-03
        41 -4.336809E-19  5.337107E-02  5.533947E-03
        42 -6.505213E-19  4.865323E-02  5.044763E-03
        43 -6.505213E-19  4.374337E-02  4.535669E-03
        44 -8.673617E-19  3.866088E-02  4.008675E-03
        45 -7.589415E-19  3.342582E-02  3.465861E-03
        46 -8.673617E-19  2.805883E-02  2.909368E-03
        47 -5.421011E-19  2.258111E-02  2.341394E-03
        48 -9.757820E-19  1.701428E-02  1.764179E-03
        49 -5.421011E-19  1.138029E-02  1.180002E-03
        50 -1.084202E-18  5.701397E-03  5.911673E-04
        51 -1.084202E-18  3.677614E-16  2.081668E-17
        52 -1.084202E-18 -5.701397E-03 -5.911673E-04
        53 -1.084202E-18 -1.138029E-02 -1.180002E-03
        54 -8.673617E-19 -1.701428E-02 -1.764179E-03
        55 -8.673617E-19 -2.258111E-02 -2.341394E-03
        56 -1.301043E-18 -2.805883E-02 -2.909368E-03
        57 -1.084202E-18 -3.342582E-02 -3.465861E-03
        58 -1.517883E-18 -3.866088E-02 -4.008675E-03
        59 -8.673617E-19 -4.374337E-02 -4.535669E-03
        60 -8.673617E-19 -4.865323E-02 -5.044763E-03
        61 -1.084202E-18 -5.337107E-02 -5.533947E-03
        62 -1.084202E-18 -5.787828E-02 -6.001292E-03
        63 -1.084202E-18 -6.215708E-02 -6.444952E-03
        64 -1.301043E-18 -6.619056E-02 -6.863177E-03
        65 -6.505213E-19 -6.996283E-02 -7.254316E-03
        66 -1.084202E-18 -7.345898E-02 -7.616825E-03
        67 -8.673617E-19 -7.666522E-02 -7.949274E-03
        68 -1.301043E-18 -7.956890E-02 -8.250352E-03
        69 -1.734723E-18 -8.215856E-02 -8.518868E-03
        70 -1.084202E-18 -8.442397E-02 -8.753765E-03
        71 -1.084202E-18 -8.635621E-02 -8.954115E-03
        72 -8.673617E-19 -8.794763E-02 -9.119127E-03
        73 -6.505213E-19 -8.919197E-02 -9.248150E-03
        74 -6.505213E-19 -9.008430E-02 -9.340674E-03
        75 -8.673617E-19 -9.062112E-02 -9.396335E-03
        76 -6.505213E-19 -9.080029E-02 -9.414914E-03
        77 -1.084202E-18 -9.062112E-02 -9.396335E-03
        78 -6.505213E-19 -9.008430E-02 -9.340674E-03
        79 -8.673617E-19 -8.919197E-02 -9.248150E-03
        80 -6.505213E-19 -8.794763E-02 -9.119127E-03
        81 -7.589415E-19 -8.635621E-02 -8.954115E-03
        82 -6.505213E-19 -8.442397E-02 -8.753765E-03
        83 -7.589415E-19 -8.215856E-02 -8.518868E-03
        84 -6.505213E-19 -7.956890E-02 -8.250352E-03
        85 -8.673617E-19 -7.666522E-02 -7.949274E-03
        86 -6.505213E-19 -7.345898E-02 -7.616825E-03
        87 -7.589415E-19 -6.996283E-02 -7.254316E-03
        88 -6.505213E-19 -6.619056E-02 -6.863177E-03
        89 -8.673617E-19 -6.215708E-02 -6.444952E-03
        90 -7.589415E-19 -5.787828E-02 -6.001292E-03
        91 -7.589415E-19 -5.337107E-02 -5.533947E-03
        92 -4.336809E-19 -4.865323E-02 -5.044763E-03
        93 -5.421011E-19 -4.374337E-02 -4.535669E-03
        94 -5.963112E-19 -3.866088E-02 -4.008675E-03
        95 -3.252607E-19 -3.342582E-02 -3.465861E-03
        96 -4.878910E-19 -2.805883E-02 -2.909368E-03
        97 -3.252607E-19 -2.258111E-02 -2.341394E-03
        98 -2.168404E-19 -1.701428E-02 -1.764179E-03
        99 -1.897354E-19 -1.138029E-02 -1.180002E-03
       100 -5.421011E-20 -5.701397E-03 -5.911673E-04
       101  0.000000E+00  0.000000E+00  0.000000E+00

 forces (fx,fy,fz) for set ALL and time  0.2000000E+01

         1 -1.000000E+03  0.000000E+00  0.000000E+00
         2  0.000000E+00  0.000000E+00  0.000000E+00
         3  0.000000E+00  0.000000E+00  0.000000E+00
         4  0.000000E+00  0.000000E+00  0.000000E+00
         5  0.000000E+00  0.000000E+00  0.000000E+00
         6  0.000000E+00  0.000000E+00  0.000000E+00
         7  0.000000E+00  0.000000E+00  0.000000E+00
         8  0.000000E+00  0.000000E+00  0.000000E+00
         9  0.000000E+00  0.000000E+00  0.000000E+00
        10  0.000000E+00  0.000000E+00  0.000000E+00
        11  0.000000E+00  0.000000E+00  0.000000E+00
        12  0.000000E+00  0.000000E+00  0.000000E+00
        13  0.000000E+00  0.000000E+00  0.000000E+00
        14  0.000000E+00  0.000000E+00  0.000000E+00
        15  0.000000E+00  0.000000E+00  0.000000E+00
        16  0.000000E+00  0.000000E+00  0.000000E+00
        17  0.000000E+00  0.000000E+00  0.000000E+00
        18  0.000000E+00  0.000000E+00  0.000000E+00
        19  0.000000E+00  0.000000E+00  0.000000E+00
        20  0.000000E+00  0.000000E+00  0.000000E+00
        21  0.000000E+00  0.000000E+00  0.000000E+00
        22  0.000000E+00  0.000000E+00  0.000000E+00
        23  0.000000E+00  0.000000E+00  0.000000E+00
        24  0.000000E+00  0.000000E+00  0.000000E+00
        25  0.000000E+00  0.000000E+00  0.000000E+00
        26  0.000000E+00  0.000000E+00  0.000000E+00
        27  0.000000E+00  0.000000E+00  0.000000E+00
        28  0.000000E+00  0.000000E+00  0.000000E+00
        29  0.000000E+00  0.000000E+00  0.000000E+00
        30  0.000000E+00  0.000000E+00  0.000000E+00
        31  0.000000E+00  0.000000E+00  0.000000E+00
        32  0.000000E+00  0.000000E+00  0.000000E+00
        33  0.000000E+00  0.000000E+00  0.000000E+00
        34  0.000000E+00  0.000000E+00  0.000000E+00
        35  0.000000E+00  0.000000E+00  0.000000E+00
        36  0.000000E+00  0.000000E+00  0.000000E+00
        37  0.000000E+00  0.000000E+00  0.000000E+00
        38  0.000000E+00  0.000000E+00  0.000000E+00
        39  0.000000E+00  0.000000E+00  0.000000E+00
        40  0.000000E+00  0.000000E+00  0.000000E+00
        41  0.000000E+00  0.000000E+00  0.000000E+00
        42  0.000000E+00  0.000000E+00  0.000000E+00
        43  0.000000E+00  0.000000E+00  0.000000E+00
        44  0.000000E+00  0.000000E+00  0.000000E+00
        45  0.000000E+00  0.000000E+00  0.000000E+00
        46  0.000000E+00  0.000000E+00  0.000000E+00
        47  0.000000E+00  0.000000E+00  0.000000E+00
        48  0.000000E+00  0.000000E+00  0.000000E+00
        49  0.000000E+00  0.000000E+00  0.000000E+00
        50  0.000000E+00  0.000000E+00  0.000000E+00
        51  0.000000E+00  0.000000E+00  0.000000E+00
        52  0.000000E+00  0.000000E+00  0.000000E+00
        53  0.000000E+00  0.000000E+00  0.000000E+00
        54  0.000000E+00  0.000000E+00  0.000000E+00
        55  0.000000E+00  0.000000E+00  0.000000E+00
        56  0.000000E+00  0.000000E+00  0.000000E+00
        57  0.000000E+00  0.000000E+00  0.000000E+00
        58  0.000000E+00  0.000000E+00  0.000000E+00
        59  0.000000E+00  0.000000E+00  0.000000E+00
        60  0.000000E+00  0.000000E+00  0.000000E+00
        61  0.000000E+00  0.000000E+00  0.000000E+00
        62  0.000000E+00  0.000000E+00  0.000000E+00
        63  0.000000E+00  0.000000E+00  0.000000E+00
        64  0.000000E+00  0.000000E+00  0.000000E+00
        65  0.000000E+00  0.000000E+00  0.000000E+00
        66  0.000000E+00  0.000000E+00  0.000000E+00
        67  0.000000E+00  0.000000E+00  0.000000E+00
        68  0.000000E+00  0.000000E+00  0.000000E+00
        69  0.000000E+00  0.000000E+00  0.000000E+00
        70  0.000000E+00  0.000000E+00  0.000000E+00
        71  0.000000E+00  0.000000E+00  0.000000E+00
        72  0.000000E+00  0.000000E+00  0.000000E+00
        73  0.000000E+00  0.000000E+00  0.000000E+00
        74  0.000000E+00  0.000000E+00  0.000000E+00
        75  0.000000E+00  0.000000E+00  0.000000E+00
        76  0.000000E+00  0.000000E+00  0.000000E+00
        77  0.000000E+00  0.000000E+00  0.000000E+00
        78  0.000000E+00  0.000000E+00  0.000000E+00
        79  0.000000E+00  0.000000E+00  0.000000E+00
        80  0.000000E+00  0.000000E+00  0.000000E+00
        81  0.000000E+00  0.000000E+00  0.000000E+00
        82  0.000000E+00  0.000000E+00  0.000000E+00
        83  0.000000E+00  0.000000E+00  0.000000E+00
        84  0.000000E+00  0.000000E+00  0.000000E+00
        85  0.000000E+00  0.000000E+00  0.000000E+00
        86  0.000000E+00  0.000000E+00  0.000000E+00
        87  0.000000E+00  0.000000E+00  0.000000E+00
        88  0.000000E+00  0.000000E+00  0.000000E+00
        89  0.000000E+00  0.000000E+00  0.000000E+00
        90  0.000000E+00  0.000000E+00  0.000000E+00
        91  0.000000E+00  0.000000E+00  0.000000E+00
        92  0.000000E+00  0.000000E+00  0.000000E+00
        93  0.000000E+00  0.000000E+00  0.000000E+00
        94  0.000000E+00  0.000000E+00  0.000000E+00
        95  0.000000E+00  0.000000E+00  0.000000E+00
        96  0.000000E+00  0.000000E+00  0.000000E+00
        97  0.000000E+00  0.000000E+00  0.000000E+00
        98  0.000000E+00  0.000000E+00  0.000000E+00
        99  0.000000E+00  0.000000E+00  0.000000E+00
       100  0.000000E+00  0.000000E+00  0.000000E+00
       101  1.000000E+03  0.000000E+00  0.000000E+00

                    E I G E N V A L U E    N U M B E R     5


 displacements (vx,vy,vz) for set ALL and time  0.2000000E+01

         1  0.000000E+00  0.000000E+00  0.000000E+00
         2  1.490778E-19 -8.532262E-03 -1.001812E-03
         3  5.963112E-19 -1.698879E-02 -1.994732E-03
         4  4.607859E-19 -2.529453E-02 -2.969946E-03
         5  7.589415E-19 -3.337575E-02 -3.918799E-03
         6  8.673617E-19 -4.116072E-02 -4.832868E-03
         7  7.047314E-19 -4.858035E-02 -5.704041E-03
         8  9.757820E-19 -5.556877E-02 -6.524584E-03
         9  9.215718E-19 -6.206397E-02 -7.287214E-03
        10  1.517883E-18 -6.800828E-02 -7.985162E-03
        11  1.409463E-18 -7.334894E-02 -8.612234E-03
        12  8.673617E-19 -7.803855E-02 -9.162863E-03
        13  3.252607E-19 -8.203549E-02 -9.632161E-03
        14 -1.084202E-19 -8.530427E-02 -1.001596E-02
        15 -4.336809E-19 -8.781589E-02 -1.031086E-02
        16 -9.757820E-19 -8.954805E-02 -1.051425E-02
        17 -1.734723E-18 -9.048537E-02 -1.062430E-02
        18 -1.517883E-18 -9.061954E-02 -1.064005E-02
        19 -1.734723E-18 -8.994936E-02 -1.056137E-02
        20 -1.734723E-18 -8.848079E-02 -1.038893E-02
        21 -1.517883E-18 -8.622685E-02 -1.012429E-02
        22 -1.084202E-18 -8.320756E-02 -9.769779E-03
        23 -2.059984E-18 -7.944971E-02 -9.328553E-03
        24 -1.951564E-18 -7.498666E-02 -8.804526E-03
        25 -3.035766E-18 -6.985802E-02 -8.202350E-03
        26 -3.577867E-18 -6.410932E-02 -7.527369E-03
        27 -4.662069E-18 -5.779158E-02 -6.785574E-03
        28 -5.204170E-18 -5.096088E-02 -5.983550E-03
        29 -6.288373E-18 -4.367785E-02 -5.128416E-03
        30 -8.890458E-18 -3.600713E-02 -4.227761E-03
        31 -8.456777E-18 -2.801680E-02 -3.289581E-03
        32 -9.107298E-18 -1.977780E-02 -2.322202E-03
        33 -9.107298E-18 -1.136325E-02 -1.334211E-03
        34 -8.456777E-18 -2.847834E-03 -3.343772E-04
        35 -1.019150E-17  5.692857E-03  6.684243E-04
        36 -9.107298E-18  1.418302E-02  1.665293E-03
        37 -1.019150E-17  2.254729E-02  2.647380E-03
        38 -1.040834E-17  3.071143E-02  3.605969E-03
        39 -8.673617E-18  3.860297E-02  4.532551E-03
        40 -8.023096E-18  4.615187E-02  5.418902E-03
        41 -9.540979E-18  5.329112E-02  6.257154E-03
        42 -8.023096E-18  5.995736E-02  7.039868E-03
        43 -6.505213E-18  6.609141E-02  7.760095E-03
        44 -5.854692E-18  7.163883E-02  8.411442E-03
        45 -6.288373E-18  7.655038E-02  8.988130E-03
        46 -5.637851E-18  8.078246E-02  9.485038E-03
        47 -6.288373E-18  8.429751E-02  9.897756E-03
        48 -5.421011E-18  8.706433E-02  1.022262E-02
        49 -5.204170E-18  8.905836E-02  1.045675E-02
        50 -4.119968E-18  9.026190E-02  1.059806E-02
        51 -3.035766E-18  9.066428E-02  1.064531E-02
        52 -1.734723E-18  9.026190E-02  1.059806E-02
        53 -8.673617E-19  8.905836E-02  1.045675E-02
        54 -4.336809E-19  8.706433E-02  1.022262E-02
        55 -4.336809E-19  8.429751E-02  9.897756E-03
        56 -8.673617E-19  8.078246E-02  9.485038E-03
        57 -4.336809E-19  7.655038E-02  8.988130E-03
        58 -1.301043E-18  7.163883E-02  8.411442E-03
        59 -4.336809E-19  6.609141E-02  7.760095E-03
        60 -4.336809E-19  5.995736E-02  7.039868E-03
        61 -4.336809E-19  5.329112E-02  6.257154E-03
        62 -1.734723E-18  4.615187E-02  5.418902E-03
        63 -8.673617E-19  3.860297E-02  4.532551E-03
        64 -8.673617E-19  3.071143E-02  3.605969E-03
        65 -8.673617E-19  2.254729E-02  2.647380E-03
        66 -1.301043E-18  1.418302E-02  1.665293E-03
        67 -2.602085E-18  5.692857E-03  6.684243E-04
        68 -6.505213E-19 -2.847834E-03 -3.343772E-04
        69 -1.517883E-18 -1.136325E-02 -1.334211E-03
        70 -2.168404E-18 -1.977780E-02 -2.322202E-03
        71 -2.168404E-18 -2.801680E-02 -3.289581E-03
        72 -2.818926E-18 -3.600713E-02 -4.227761E-03
        73 -3.035766E-18 -4.367785E-02 -5.128416E-03
        74 -2.818926E-18 -5.096088E-02 -5.983550E-03
        75 -2.602085E-18 -5.779158E-02 -6.785574E-03
        76 -2.602085E-18 -6.410932E-02 -7.527369E-03
        77 -3.252607E-18 -6.985802E-02 -8.202350E-03
        78 -1.734723E-18 -7.498666E-02 -8.804526E-03
        79 -2.168404E-18 -7.944971E-02 -9.328553E-03
        80 -1.301043E-18 -8.320756E-02 -9.769779E-03
        81 -1.517883E-18 -8.622685E-02 -1.012429E-02
        82 -1.084202E-18 -8.848079E-02 -1.038893E-02
        83 -4.336809E-19 -8.994936E-02 -1.056137E-02
        84  4.336809E-19 -9.061954E-02 -1.064005E-02
        85  8.673617E-19 -9.048537E-02 -1.062430E-02
        86  1.734723E-18 -8.954805E-02 -1.051425E-02
        87  2.818926E-18 -8.781589E-02 -1.031086E-02
        88  2.818926E-18 -8.530427E-02 -1.001596E-02
        89  3.903128E-18 -8.203549E-02 -9.632161E-03
        90  3.469447E-18 -7.803855E-02 -9.162863E-03
        91  4.553649E-18 -7.334894E-02 -8.612234E-03
        92  4.553649E-18 -6.800828E-02 -7.985162E-03
        93  4.770490E-18 -6.206397E-02 -7.287214E-03
        94  4.119968E-18 -5.556877E-02 -6.524584E-03
        95  3.686287E-18 -4.858035E-02 -5.704041E-03
        96  2.927346E-18 -4.116072E-02 -4.832868E-03
        97  2.710505E-18 -3.337575E-02 -3.918799E-03
        98  1.788934E-18 -2.529453E-02 -2.969946E-03
        99  9.757820E-19 -1.698879E-02 -1.994732E-03
       100  5.421011E-19 -8.532262E-03 -1.001812E-03
       101  0.000000E+00  0.000000E+00  0.000000E+00

 forces (fx,fy,fz) for set ALL and time  0.2000000E+01

         1 -1.000000E+03  0.000000E+00  0.000000E+00
         2  0.000000E+00  0.000000E+00  0.000000E+00
         3  0.000000E+00  0.000000E+00  0.000000E+00
         4  0.000000E+00  0.000000E+00  0.000000E+00
         5  0.000000E+00  0.000000E+00  0.000000E+00
         6  0.000000E+00  0.000000E+00  0.000000E+00
         7  0.000000E+00  0.000000E+00  0.000000E+00
         8  0.000000E+00  0.000000E+00  0.000000E+00
         9  0.000000E+00  0.000000E+00  0.000000E+00
        10  0.000000E+00  0.000000E+00  0.000000E+00
        11  0.000000E+00  0.000000E+00  0.000000E+00
        12  0.000000E+00  0.000000E+00  0.000000E+00
        13  0.000000E+00  0.000000E+00  0.000000E+00
        14  0.000000E+00  0.000000E+00  0.000000E+00
        15  0.000000E+00  0.000000E+00  0.000000E+00
        16  0.000000E+00  0.000000E+00  0.000000E+00
        17  0.000000E+00  0.000000E+00  0.000000E+00
        18  0.000000E+00  0.000000E+00  0.000000E+00
        19  0.000000E+00  0.000000E+00  0.000000E+00
        20  0.000000E+00  0.000000E+00  0.000000E+00
        21  0.000000E+00  0.000000E+00  0.000000E+00
        22  0.000000E+00  0.000000E+00  0.000000E+00
        23  0.000000E+00  0.000000E+00  0.000000E+00
        24  0.000000E+00  0.000000E+00  0.000000E+00
        25  0.000000E+00  0.000000E+00  0.000000E+00
        26  0.000000E+00  0.000000E+00  0.000000E+00
        27  0.000000E+00  0.000000E+00  0.000000E+00
        28  0.000000E+00  0.000000E+00  0.000000E+00
        29  0.000000E+00  0.000000E+00  0.000000E+00
        30  0.000000E+00  0.000000E+00  0.000000E+00
        31  0.000000E+00  0.000000E+00  0.000000E+00
        32  0.000000E+00  0.000000E+00  0.000000E+00
        33  0.000000E+00  0.000000E+00  0.000000E+00
        34  0.000000E+00  0.000000E+00  0.000000E+00
        35  0.000000E+00  0.000000E+00  0.000000E+00
        36  0.000000E+00  0.000000E+00  0.000000E+00
        37  0.000000E+00  0.000000E+00  0.000000E+00
        38  0.000000E+00  0.000000E+00  0.000000E+00
        39  0.000000E+00  0.000000E+00  0.000000E+00
        40  0.000000E+00  0.000000E+00  0.000000E+00
        41  0.000000E+00  0.000000E+00  0.000000E+00
        42  0.000000E+00  0.000000E+00  0.000000E+00
        43  0.000000E+00  0.000000E+00  0.000000E+00
        44  0.000000E+00  0.000000E+00  0.000000E+00
        45  0.000000E+00  0.000000E+00  0.000000E+00
        46  0.000000E+00  0.000000E+00  0.000000E+00
        47  0.000000E+00  0.000000E+00  0.000000E+00
        48  0.000000E+00  0.000000E+00  0.000000E+00
        49  0.000000E+00  0.000000E+00  0.000000E+00
        50  0.000000E+00  0.000000E+00  0.000000E+00
        51  0.000000E+00  0.000000E+00  0.000000E+00
        52  0.000000E+00  0.000000E+00  0.000000E+00
        53  0.000000E+00  0.000000E+00  0.000000E+00
        54  0.000000E+00  0.000000E+00  0.000000E+00
        55  0.000000E+00  0.000000E+00  0.000000E+00
        56  0.000000E+00  0.000000E+00  0.000000E+00
        57  0.000000E+00  0.000000E+00  0.000000E+00
        58  0.000000E+00  0.000000E+00  0.000000E+00
        59  0.000000E+00  0.000000E+00  0.000000E+00
        60  0.000000E+00  0.000000E+00  0.000000E+00
        61  0.000000E+00  0.000000E+00  0.000000E+00
        62  0.000000E+00  0.000000E+00  0.000000E+00
        63  0.000000E+00  0.000000E+00  0.000000E+00
        64  0.000000E+00  0.000000E+00  0.000000E+00
        65  0.000000E+00  0.000000E+00  0.000000E+00
        66  0.000000E+00  0.000000E+00  0.000000E+00
        67  0.000000E+00  0.000000E+00  0.000000E+00
        68  0.000000E+00  0.000000E+00  0.000000E+00
        69  0.000000E+00  0.000000E+00  0.000000E+00
        70  0.000000E+00  0.000000E+00  0.000000E+00
        71  0.000000E+00  0.000000E+00  0.000000E+00
        72  0.000000E+00  0.000000E+00  0.000000E+00
        73  0.000000E+00  0.000000E+00  0.000000E+00
        74  0.000000E+00  0.000000E+00  0.000000E+00
        75  0.000000E+00  0.000000E+00  0.000000E+00
        76  0.000000E+00  0.000000E+00  0.000000E+00
        77  0.000000E+00  0.000000E+00  0.000000E+00
        78  0.000000E+00  0.000000E+00  0.000000E+00
        79  0.000000E+00  0.000000E+00  0.000000E+00
        80  0.000000E+00  0.000000E+00  0.000000E+00
        81  0.000000E+00  0.000000E+00  0.000000E+00
        82  0.000000E+00  0.000000E+00  0.000000E+00
        83  0.000000E+00  0.000000E+00  0.000000E+00
        84  0.000000E+00  0.000000E+00  0.000000E+00
        85  0.000000E+00  0.000000E+00  0.000000E+00
        86  0.000000E+00  0.000000E+00  0.000000E+00
        87  0.000000E+00  0.000000E+00  0.000000E+00
        88  0.000000E+00  0.000000E+00  0.000000E+00
        89  0.000000E+00  0.000000E+00  0.000000E+00
        90  0.000000E+00  0.000000E+00  0.000000E+00
        91  0.000000E+00  0.000000E+00  0.000000E+00
        92  0.000000E+00  0.000000E+00  0.000000E+00
        93  0.000000E+00  0.000000E+00  0.000000E+00
        94  0.000000E+00  0.000000E+00  0.000000E+00
        95  0.000000E+00  0.000000E+00  0.000000E+00
        96  0.000000E+00  0.000000E+00  0.000000E+00
        97  0.000000E+00  0.000000E+00  0.000000E+00
        98  0.000000E+00  0.000000E+00  0.000000E+00
        99  0.000000E+00  0.000000E+00  0.000000E+00
       100  0.000000E+00  0.000000E+00  0.000000E+00
       101  1.000000E+03  0.000000E+00  0.000000E+00

                    E I G E N V A L U E    N U M B E R     6


 displacements (vx,vy,vz) for set ALL and time  0.2000000E+01

         1  0.000000E+00  0.000000E+00  0.000000E+00
         2  2.707827E-86 -1.001812E-03  8.532262E-03
         3 -2.554335E-87 -1.994732E-03  1.698879E-02
         4  5.421011E-20 -2.969946E-03  2.529453E-02
         5  5.421011E-20 -3.918799E-03  3.337575E-02
         6  4.387014E-86 -4.832868E-03  4.116072E-02
         7  1.190947E-85 -5.704041E-03  4.858035E-02
         8  2.168404E-19 -6.524584E-03  5.556877E-02
         9  1.084202E-19 -7.287214E-03  6.206397E-02
        10 -3.252607E-19 -7.985162E-03  6.800828E-02
        11  1.084202E-19 -8.612234E-03  7.334894E-02
        12 -3.252607E-19 -9.162863E-03  7.803855E-02
        13  2.168404E-19 -9.632161E-03  8.203549E-02
        14 -8.673617E-19 -1.001596E-02  8.530427E-02
        15  2.168404E-19 -1.031086E-02  8.781589E-02
        16 -4.336809E-19 -1.051425E-02  8.954805E-02
        17  4.336809E-19 -1.062430E-02  9.048537E-02
        18 -2.288660E-86 -1.064005E-02  9.061954E-02
        19 -2.168404E-19 -1.056137E-02  8.994936E-02
        20 -4.336809E-19 -1.038893E-02  8.848079E-02
        21 -2.168404E-19 -1.012429E-02  8.622685E-02
        22 -2.168404E-19 -9.769779E-03  8.320756E-02
        23  7.189632E-86 -9.328553E-03  7.944971E-02
        24  1.001277E-85 -8.804526E-03  7.498666E-02
        25 -2.168404E-19 -8.202350E-03  6.985802E-02
        26  4.336809E-19 -7.527369E-03  6.410932E-02
        27  2.168404E-19 -6.785574E-03  5.779158E-02
        28  1.136490E-85 -5.983550E-03  5.096088E-02
        29  6.505213E-19 -5.128416E-03  4.367785E-02
        30 -4.336809E-19 -4.227761E-03  3.600713E-02
        31  6.505213E-19 -3.289581E-03  2.801680E-02
        32  4.336809E-19 -2.322202E-03  1.977780E-02
        33 -4.171041E-88 -1.334211E-03  1.136325E-02
        34  2.168404E-19 -3.343772E-04  2.847834E-03
        35 -9.539876E-86  6.684243E-04 -5.692857E-03
        36 -2.168404E-19  1.665293E-03 -1.418302E-02
        37 -4.336809E-19  2.647380E-03 -2.254729E-02
        38 -2.168404E-19  3.605969E-03 -3.071143E-02
        39 -2.168404E-19  4.532551E-03 -3.860297E-02
        40  1.107702E-85  5.418902E-03 -4.615187E-02
        41  6.505213E-19  6.257154E-03 -5.329112E-02
        42  1.778713E-85  7.039868E-03 -5.995736E-02
        43  4.336809E-19  7.760095E-03 -6.609141E-02
        44  4.336809E-19  8.411442E-03 -7.163883E-02
        45 -1.301043E-18  8.988130E-03 -7.655038E-02
        46 -4.336809E-19  9.485038E-03 -8.078246E-02
        47  4.336809E-19  9.897756E-03 -8.429751E-02
        48 -4.336809E-19  1.022262E-02 -8.706433E-02
        49 -8.673617E-19  1.045675E-02 -8.905836E-02
        50  4.336809E-19  1.059806E-02 -9.026190E-02
        51  7.136451E-86  1.064531E-02 -9.066428E-02
        52 -4.336809E-19  1.059806E-02 -9.026190E-02
        53 -1.301043E-18  1.045675E-02 -8.905836E-02
        54  4.134879E-86  1.022262E-02 -8.706433E-02
        55  8.673617E-19  9.897756E-03 -8.429751E-02
        56  4.336809E-19  9.485038E-03 -8.078246E-02
        57  8.673617E-19  8.988130E-03 -7.655038E-02
        58 -1.301043E-18  8.411442E-03 -7.163883E-02
        59 -4.336809E-19  7.760095E-03 -6.609141E-02
        60 -1.301043E-18  7.039868E-03 -5.995736E-02
        61 -4.336809E-19  6.257154E-03 -5.329112E-02
        62  4.336809E-19  5.418902E-03 -4.615187E-02
        63  4.336809E-19  4.532551E-03 -3.860297E-02
        64  1.464318E-85  3.605969E-03 -3.071143E-02
        65 -4.336809E-19  2.647380E-03 -2.254729E-02
        66 -1.301043E-18  1.665293E-03 -1.418302E-02
        67  1.179897E-85  6.684243E-04 -5.692857E-03
        68 -8.673617E-19 -3.343772E-04  2.847834E-03
        69 -8.673617E-19 -1.334211E-03  1.136325E-02
        70 -4.336809E-19 -2.322202E-03  1.977780E-02
        71 -1.301043E-18 -3.289581E-03  2.801680E-02
        72  1.301043E-18 -4.227761E-03  3.600713E-02
        73  4.336809E-19 -5.128416E-03  4.367785E-02
        74  4.336809E-19 -5.983550E-03  5.096088E-02
        75  1.010183E-85 -6.785574E-03  5.779158E-02
        76  4.336809E-19 -7.527369E-03  6.410932E-02
        77 -4.336809E-19 -8.202350E-03  6.985802E-02
        78 -1.281066E-87 -8.804526E-03  7.498666E-02
        79 -3.513110E-86 -9.328553E-03  7.944971E-02
        80 -4.336809E-19 -9.769779E-03  8.320756E-02
        81  4.336809E-19 -1.012429E-02  8.622685E-02
        82 -4.336809E-19 -1.038893E-02  8.848079E-02
        83 -4.506367E-86 -1.056137E-02  8.994936E-02
        84  4.336809E-19 -1.064005E-02  9.061954E-02
        85 -8.673617E-19 -1.062430E-02  9.048537E-02
        86  4.336809E-19 -1.051425E-02  8.954805E-02
        87 -2.841718E-86 -1.031086E-02  8.781589E-02
        88 -2.168404E-19 -1.001596E-02  8.530427E-02
        89 -4.336809E-19 -9.632161E-03  8.203549E-02
        90 -4.336809E-19 -9.162863E-03  7.803855E-02
        91 -1.309959E-86 -8.612234E-03  7.334894E-02
        92 -2.168404E-19 -7.985162E-03  6.800828E-02
        93  4.336809E-19 -7.287214E-03  6.206397E-02
        94 -6.505213E-19 -6.524584E-03  5.556877E-02
        95 -8.673617E-19 -5.704041E-03  4.858035E-02
        96 -5.421011E-19 -4.832868E-03  4.116072E-02
        97 -4.336809E-19 -3.918799E-03  3.337575E-02
        98  3.813406E-86 -2.969946E-03  2.529453E-02
        99  3.542984E-86 -1.994732E-03  1.698879E-02
       100  3.523719E-87 -1.001812E-03  8.532262E-03
       101  0.000000E+00  0.000000E+00  0.000000E+00

 forces (fx,fy,fz) for set ALL and time  0.2000000E+01

         1 -1.000000E+03  0.000000E+00  0.000000E+00
         2  0.000000E+00  0.000000E+00  0.000000E+00
         3  0.000000E+00  0.000000E+00  0.000000E+00
         4  0.000000E+00  0.000000E+00  0.000000E+00
         5  0.000000E+00  0.000000E+00  0.000000E+00
         6  0.000000E+00  0.000000E+00  0.000000E+00
         7  0.000000E+00  0.000000E+00  0.000000E+00
         8  0.000000E+00  0.000000E+00  0.000000E+00
         9  0.000000E+00  0.000000E+00  0.000000E+00
        10  0.000000E+00  0.000000E+00  0.000000E+00
        11  0.000000E+00  0.000000E+00  0.000000E+00
        12  0.000000E+00  0.000000E+00  0.000000E+00
        13  0.000000E+00  0.000000E+00  0.000000E+00
        14  0.000000E+00  0.000000E+00  0.000000E+00
        15  0.000000E+00  0.000000E+00  0.000000E+00
        16  0.000000E+00  0.000000E+00  0.000000E+00
        17  0.000000E+00  0.000000E+00  0.000000E+00
        18  0.000000E+00  0.000000E+00  0.000000E+00
        19  0.000000E+00  0.000000E+00  0.000000E+00
        20  0.000000E+00  0.000000E+00  0.000000E+00
        21  0.000000E+00  0.000000E+00  0.000000E+00
        22  0.000000E+00  0.000000E+00  0.000000E+00
        23  0.000000E+00  0.000000E+00  0.000000E+00
        24  0.000000E+00  0.000000E+00  0.000000E+00
        25  0.000000E+00  0.000000E+00  0.000000E+00
        26  0.000000E+00  0.000000E+00  0.000000E+00
        27  0.000000E+00  0.000000E+00  0.000000E+00
        28  0.000000E+00  0.000000E+00  0.000000E+00
        29  0.000000E+00  0.000000E+00  0.000000E+00
        30  0.000000E+00  0.000000E+00  0.000000E+00
        31  0.000000E+00  0.000000E+00  0.000000E+00
        32  0.000000E+00  0.000000E+00  0.000000E+00
        33  0.000000E+00  0.000000E+00  0.000000E+00
        34  0.000000E+00  0.000000E+00  0.000000E+00
        35  0.000000E+00  0.000000E+00  0.000000E+00
        36  0.000000E+00  0.000000E+00  0.000000E+00
        37  0.000000E+00  0.000000E+00  0.000000E+00
        38  0.000000E+00  0.000000E+00  0.000000E+00
        39  0.000000E+00  0.000000E+00  0.000000E+00
        40  0.000000E+00  0.000000E+00  0.000000E+00
        41  0.000000E+00  0.000000E+00  0.000000E+00
        42  0.000000E+00  0.000000E+00  0.000000E+00
        43  0.000000E+00  0.000000E+00  0.000000E+00
        44  0.000000E+00  0.000000E+00  0.000000E+00
        45  0.000000E+00  0.000000E+00  0.000000E+00
        46  0.000000E+00  0.000000E+00  0.000000E+00
        47  0.000000E+00  0.000000E+00  0.000000E+00
        48  0.000000E+00  0.000000E+00  0.000000E+00
        49  0.000000E+00  0.000000E+00  0.000000E+00
        50  0.000000E+00  0.000000E+00  0.000000E+00
        51  0.000000E+00  0.000000E+00  0.000000E+00
        52  0.000000E+00  0.000000E+00  0.000000E+00
        53  0.000000E+00  0.000000E+00  0.000000E+00
        54  0.000000E+00  0.000000E+00  0.000000E+00
        55  0.000000E+00  0.000000E+00  0.000000E+00
        56  0.000000E+00  0.000000E+00  0.000000E+00
        57  0.000000E+00  0.000000E+00  0.000000E+00
        58  0.000000E+00  0.000000E+00  0.000000E+00
        59  0.000000E+00  0.000000E+00  0.000000E+00
        60  0.000000E+00  0.000000E+00  0.000000E+00
        61  0.000000E+00  0.000000E+00  0.000000E+00
        62  0.000000E+00  0.000000E+00  0.000000E+00
        63  0.000000E+00  0.000000E+00  0.000000E+00
        64  0.000000E+00  0.000000E+00  0.000000E+00
        65  0.000000E+00  0.000000E+00  0.000000E+00
        66  0.000000E+00  0.000000E+00  0.000000E+00
        67  0.000000E+00  0.000000E+00  0.000000E+00
        68  0.000000E+00  0.000000E+00  0.000000E+00
        69  0.000000E+00  0.000000E+00  0.000000E+00
        70  0.000000E+00  0.000000E+00  0.000000E+00
        71  0.000000E+00  0.000000E+00  0.000000E+00
        72  0.000000E+00  0.000000E+00  0.000000E+00
        73  0.000000E+00  0.000000E+00  0.000000E+00
        74  0.000000E+00  0.000000E+00  0.000000E+00
        75  0.000000E+00  0.000000E+00  0.000000E+00
        76  0.000000E+00  0.000000E+00  0.000000E+00
        77  0.000000E+00  0.000000E+00  0.000000E+00
        78  0.000000E+00  0.000000E+00  0.000000E+00
        79  0.000000E+00  0.000000E+00  0.000000E+00
        80  0.000000E+00  0.000000E+00  0.000000E+00
        81  0.000000E+00  0.000000E+00  0.000000E+00
        82  0.000000E+00  0.000000E+00  0.000000E+00
        83  0.000000E+00  0.000000E+00  0.000000E+00
        84  0.000000E+00  0.000000E+00  0.000000E+00
        85  0.000000E+00  0.000000E+00  0.000000E+00
        86  0.000000E+00  0.000000E+00  0.000000E+00
        87  0.000000E+00  0.000000E+00  0.000000E+00
        88  0.000000E+00  0.000000E+00  0.000000E+00
        89  0.000000E+00  0.000000E+00  0.000000E+00
        90  0.000000E+00  0.000000E+00  0.000000E+00
        91  0.000000E+00  0.000000E+00  0.000000E+00
        92  0.000000E+00  0.000000E+00  0.000000E+00
        93  0.000000E+00  0.000000E+00  0.000000E+00
        94  0.000000E+00  0.000000E+00  0.000000E+00
        95  0.000000E+00  0.000000E+00  0.000000E+00
        96  0.000000E+00  0.000000E+00  0.000000E+00
        97  0.000000E+00  0.000000E+00  0.000000E+00
        98  0.000000E+00  0.000000E+00  0.000000E+00
        99  0.000000E+00  0.000000E+00  0.000000E+00
       100  0.000000E+00  0.000000E+00  0.000000E+00
       101  1.000000E+03  0.000000E+00  0.000000E+00

                    E I G E N V A L U E    N U M B E R     7


 displacements (vx,vy,vz) for set ALL and time  0.2000000E+01

         1  0.000000E+00  0.000000E+00  0.000000E+00
         2 -2.710505E-20  1.140076E-02  9.623867E-04
         3  2.710505E-20  2.262172E-02  1.909596E-03
         4 -1.626303E-19  3.348593E-02  2.826690E-03
         5 -1.626303E-19  4.382204E-02  3.699205E-03
         6 -1.084202E-19  5.346705E-02  4.513382E-03
         7 -2.168404E-19  6.226885E-02  5.256379E-03
         8  1.084202E-19  7.008864E-02  5.916481E-03
         9 -2.168404E-19  7.680309E-02  6.483276E-03
        10 -1.084202E-19  8.230630E-02  6.947826E-03
        11 -4.336809E-19  8.651150E-02  7.302805E-03
        12 -1.084202E-18  8.935236E-02  7.542614E-03
        13 -2.168404E-19  9.078408E-02  7.663471E-03
        14 -6.505213E-19  9.078408E-02  7.663471E-03
        15 -6.505213E-19  8.935236E-02  7.542614E-03
        16 -4.336809E-19  8.651150E-02  7.302805E-03
        17 -4.336809E-19  8.230630E-02  6.947826E-03
        18 -5.669376E-82  7.680309E-02  6.483276E-03
        19 -6.505213E-19  7.008864E-02  5.916481E-03
        20  1.726867E-81  6.226885E-02  5.256379E-03
        21 -1.301043E-18  5.346705E-02  4.513382E-03
        22 -6.505213E-19  4.382204E-02  3.699205E-03
        23 -1.084202E-18  3.348593E-02  2.826690E-03
        24  2.480323E-81  2.262172E-02  1.909596E-03
        25 -2.168404E-19  1.140076E-02  9.623867E-04
        26 -2.168404E-19  6.938894E-17  2.515349E-17
        27 -1.084202E-18 -1.140076E-02 -9.623867E-04
        28 -2.168404E-19 -2.262172E-02 -1.909596E-03
        29 -1.301043E-18 -3.348593E-02 -2.826690E-03
        30 -1.734723E-18 -4.382204E-02 -3.699205E-03
        31 -2.168404E-19 -5.346705E-02 -4.513382E-03
        32 -1.084202E-18 -6.226885E-02 -5.256379E-03
        33 -8.673617E-19 -7.008864E-02 -5.916481E-03
        34 -6.505213E-19 -7.680309E-02 -6.483276E-03
        35 -8.673617E-19 -8.230630E-02 -6.947826E-03
        36 -8.673617E-19 -8.651150E-02 -7.302805E-03
        37 -1.301043E-18 -8.935236E-02 -7.542614E-03
        38 -2.168404E-19 -9.078408E-02 -7.663471E-03
        39 -4.336809E-19 -9.078408E-02 -7.663471E-03
        40  2.743954E-81 -8.935236E-02 -7.542614E-03
        41 -1.734723E-18 -8.651150E-02 -7.302805E-03
        42 -8.673617E-19 -8.230630E-02 -6.947826E-03
        43  2.950395E-81 -7.680309E-02 -6.483276E-03
        44 -1.301043E-18 -7.008864E-02 -5.916481E-03
        45 -2.168404E-18 -6.226885E-02 -5.256379E-03
        46 -8.673617E-19 -5.346705E-02 -4.513382E-03
        47  4.336809E-19 -4.382204E-02 -3.699205E-03
        48 -4.336809E-19 -3.348593E-02 -2.826690E-03
        49 -1.734723E-18 -2.262172E-02 -1.909596E-03
        50  4.007183E-81 -1.140076E-02 -9.623867E-04
        51 -8.673617E-19 -1.361758E-16 -5.551115E-17
        52  7.391242E-82  1.140076E-02  9.623867E-04
        53  1.513404E-81  2.262172E-02  1.909596E-03
        54 -4.336809E-19  3.348593E-02  2.826690E-03
        55 -1.301043E-18  4.382204E-02  3.699205E-03
        56 -1.301043E-18  5.346705E-02  4.513382E-03
        57 -1.734723E-18  6.226885E-02  5.256379E-03
        58 -1.734723E-18  7.008864E-02  5.916481E-03
        59 -1.301043E-18  7.680309E-02  6.483276E-03
        60 -1.301043E-18  8.230630E-02  6.947826E-03
        61 -1.734723E-18  8.651150E-02  7.302805E-03
        62 -2.168404E-18  8.935236E-02  7.542614E-03
        63 -4.336809E-19  9.078408E-02  7.663471E-03
        64 -1.301043E-18  9.078408E-02  7.663471E-03
        65  4.336809E-19  8.935236E-02  7.542614E-03
        66 -2.602085E-18  8.651150E-02  7.302805E-03
        67 -2.602085E-18  8.230630E-02  6.947826E-03
        68 -1.301043E-18  7.680309E-02  6.483276E-03
        69 -2.168404E-18  7.008864E-02  5.916481E-03
        70 -1.301043E-18  6.226885E-02  5.256379E-03
        71 -1.301043E-18  5.346705E-02  4.513382E-03
        72 -1.301043E-18  4.382204E-02  3.699205E-03
        73 -8.673617E-19  3.348593E-02  2.826690E-03
        74 -1.301043E-18  2.262172E-02  1.909596E-03
        75 -8.673617E-19  1.140076E-02  9.623867E-04
        76  2.813539E-81  5.551115E-17 -3.469447E-17
        77 -2.168404E-18 -1.140076E-02 -9.623867E-04
        78 -3.173405E-83 -2.262172E-02 -1.909596E-03
        79 -1.734723E-18 -3.348593E-02 -2.826690E-03
        80 -8.673617E-19 -4.382204E-02 -3.699205E-03
        81 -8.673617E-19 -5.346705E-02 -4.513382E-03
        82 -2.168404E-18 -6.226885E-02 -5.256379E-03
        83 -4.336809E-19 -7.008864E-02 -5.916481E-03
        84 -4.336809E-19 -7.680309E-02 -6.483276E-03
        85 -1.734723E-18 -8.230630E-02 -6.947826E-03
        86 -4.336809E-19 -8.651150E-02 -7.302805E-03
        87 -4.336809E-19 -8.935236E-02 -7.542614E-03
        88 -4.336809E-19 -9.078408E-02 -7.663471E-03
        89 -8.510289E-82 -9.078408E-02 -7.663471E-03
        90 -8.673617E-19 -8.935236E-02 -7.542614E-03
        91  6.505213E-19 -8.651150E-02 -7.302805E-03
        92 -8.673617E-19 -8.230630E-02 -6.947826E-03
        93 -4.336809E-19 -7.680309E-02 -6.483276E-03
        94 -2.417057E-82 -7.008864E-02 -5.916481E-03
        95 -5.570596E-82 -6.226885E-02 -5.256379E-03
        96 -8.673617E-19 -5.346705E-02 -4.513382E-03
        97 -2.168404E-19 -4.382204E-02 -3.699205E-03
        98  1.084202E-19 -3.348593E-02 -2.826690E-03
        99 -2.168404E-19 -2.262172E-02 -1.909596E-03
       100 -5.421011E-20 -1.140076E-02 -9.623867E-04
       101  0.000000E+00  0.000000E+00  0.000000E+00

 forces (fx,fy,fz) for set ALL and time  0.2000000E+01

         1 -1.000000E+03  0.000000E+00  0.000000E+00
         2  0.000000E+00  0.000000E+00  0.000000E+00
         3  0.000000E+00  0.000000E+00  0.000000E+00
         4  0.000000E+00  0.000000E+00  0.000000E+00
         5  0.000000E+00  0.000000E+00  0.000000E+00
         6  0.000000E+00  0.000000E+00  0.000000E+00
         7  0.000000E+00  0.000000E+00  0.000000E+00
         8  0.000000E+00  0.000000E+00  0.000000E+00
         9  0.000000E+00  0.000000E+00  0.000000E+00
        10  0.000000E+00  0.000000E+00  0.000000E+00
        11  0.000000E+00  0.000000E+00  0.000000E+00
        12  0.000000E+00  0.000000E+00  0.000000E+00
        13  0.000000E+00  0.000000E+00  0.000000E+00
        14  0.000000E+00  0.000000E+00  0.000000E+00
        15  0.000000E+00  0.000000E+00  0.000000E+00
        16  0.000000E+00  0.000000E+00  0.000000E+00
        17  0.000000E+00  0.000000E+00  0.000000E+00
        18  0.000000E+00  0.000000E+00  0.000000E+00
        19  0.000000E+00  0.000000E+00  0.000000E+00
        20  0.000000E+00  0.000000E+00  0.000000E+00
        21  0.000000E+00  0.000000E+00  0.000000E+00
        22  0.000000E+00  0.000000E+00  0.000000E+00
        23  0.000000E+00  0.000000E+00  0.000000E+00
        24  0.000000E+00  0.000000E+00  0.000000E+00
        25  0.000000E+00  0.000000E+00  0.000000E+00
        26  0.000000E+00  0.000000E+00  0.000000E+00
        27  0.000000E+00  0.000000E+00  0.000000E+00
        28  0.000000E+00  0.000000E+00  0.000000E+00
        29  0.000000E+00  0.000000E+00  0.000000E+00
        30  0.000000E+00  0.000000E+00  0.000000E+00
        31  0.000000E+00  0.000000E+00  0.000000E+00
        32  0.000000E+00  0.000000E+00  0.000000E+00
        33  0.000000E+00  0.000000E+00  0.000000E+00
        34  0.000000E+00  0.000000E+00  0.000000E+00
        35  0.000000E+00  0.000000E+00  0.000000E+00
        36  0.000000E+00  0.000000E+00  0.000000E+00
        37  0.000000E+00  0.000000E+00  0.000000E+00
        38  0.000000E+00  0.000000E+00  0.000000E+00
        39  0.000000E+00  0.000000E+00  0.000000E+00
        40  0.000000E+00  0.000000E+00  0.000000E+00
        41  0.000000E+00  0.000000E+00  0.000000E+00
        42  0.000000E+00  0.000000E+00  0.000000E+00
        43  0.000000E+00  0.000000E+00  0.000000E+00
        44  0.000000E+00  0.000000E+00  0.000000E+00
        45  0.000000E+00  0.000000E+00  0.000000E+00
        46  0.000000E+00  0.000000E+00  0.000000E+00
        47  0.000000E+00  0.000000E+00  0.000000E+00
        48  0.000000E+00  0.000000E+00  0.000000E+00
        49  0.000000E+00  0.000000E+00  0.000000E+00
        50  0.000000E+00  0.000000E+00  0.000000E+00
        51  0.000000E+00  0.000000E+00  0.000000E+00
        52  0.000000E+00  0.000000E+00  0.000000E+00
        53  0.000000E+00  0.000000E+00  0.000000E+00
        54  0.000000E+00  0.000000E+00  0.000000E+00
        55  0.000000E+00  0.000000E+00  0.000000E+00
        56  0.000000E+00  0.000000E+00  0.000000E+00
        57  0.000000E+00  0.000000E+00  0.000000E+00
        58  0.000000E+00  0.000000E+00  0.000000E+00
        59  0.000000E+00  0.000000E+00  0.000000E+00
        60  0.000000E+00  0.000000E+00  0.000000E+00
        61  0.000000E+00  0.000000E+00  0.000000E+00
        62  0.000000E+00  0.000000E+00  0.000000E+00
        63  0.000000E+00  0.000000E+00  0.000000E+00
        64  0.000000E+00  0.000000E+00  0.000000E+00
        65  0.000000E+00  0.000000E+00  0.000000E+00
        66  0.000000E+00  0.000000E+00  0.000000E+00
        67  0.000000E+00  0.000000E+00  0.000000E+00
        68  0.000000E+00  0.000000E+00  0.000000E+00
        69  0.000000E+00  0.000000E+00  0.000000E+00
        70  0.000000E+00  0.000000E+00  0.000000E+00
        71  0.000000E+00  0.000000E+00  0.000000E+00
        72  0.000000E+00  0.000000E+00  0.000000E+00
        73  0.000000E+00  0.000000E+00  0.000000E+00
        74  0.000000E+00  0.000000E+00  0.000000E+00
        75  0.000000E+00  0.000000E+00  0.000000E+00
        76  0.000000E+00  0.000000E+00  0.000000E+00
        77  0.000000E+00  0.000000E+00  0.000000E+00
        78  0.000000E+00  0.000000E+00  0.000000E+00
        79  0.000000E+00  0.000000E+00  0.000000E+00
        80  0.000000E+00  0.000000E+00  0.000000E+00
        81  0.000000E+00  0.000000E+00  0.000000E+00
        82  0.000000E+00  0.000000E+00  0.000000E+00
        83  0.000000E+00  0.000000E+00  0.000000E+00
        84  0.000000E+00  0.000000E+00  0.000000E+00
        85  0.000000E+00  0.000000E+00  0.000000E+00
        86  0.000000E+00  0.000000E+00  0.000000E+00
        87  0.000000E+00  0.000000E+00  0.000000E+00
        88  0.000000E+00  0.000000E+00  0.000000E+00
        89  0.000000E+00  0.000000E+00  0.000000E+00
        90  0.000000E+00  0.000000E+00  0.000000E+00
        91  0.000000E+00  0.000000E+00  0.000000E+00
        92  0.000000E+00  0.000000E+00  0.000000E+00
        93  0.000000E+00  0.000000E+00  0.000000E+00
        94  0.000000E+00  0.000000E+00  0.000000E+00
        95  0.000000E+00  0.000000E+00  0.000000E+00
        96  0.000000E+00  0.000000E+00  0.000000E+00
        97  0.000000E+00  0.000000E+00  0.000000E+00
        98  0.000000E+00  0.000000E+00  0.000000E+00
        99  0.000000E+00  0.000000E+00  0.000000E+00
       100  0.000000E+00  0.000000E+00  0.000000E+00
       101  1.000000E+03  0.000000E+00  0.000000E+00

                    E I G E N V A L U E    N U M B E R     8


 displacements (vx,vy,vz) for set ALL and time  0.2000000E+01

         1  0.000000E+00  0.000000E+00  0.000000E+00
         2  3.252607E-19 -9.623867E-04  1.140076E-02
         3  1.355253E-18 -1.909596E-03  2.262172E-02
         4  1.192622E-18 -2.826690E-03  3.348593E-02
         5  1.517883E-18 -3.699205E-03  4.382204E-02
         6  2.059984E-18 -4.513382E-03  5.346705E-02
         7  2.276825E-18 -5.256379E-03  6.226885E-02
         8  1.843144E-18 -5.916481E-03  7.008864E-02
         9  3.469447E-18 -6.483276E-03  7.680309E-02
        10  3.469447E-18 -6.947826E-03  8.230630E-02
        11  2.385245E-18 -7.302805E-03  8.651150E-02
        12  2.168404E-18 -7.542614E-03  8.935236E-02
        13  3.686287E-18 -7.663471E-03  9.078408E-02
        14  2.602085E-18 -7.663471E-03  9.078408E-02
        15  1.084202E-18 -7.542614E-03  8.935236E-02
        16  2.602085E-18 -7.302805E-03  8.651150E-02
        17  1.517883E-18 -6.947826E-03  8.230630E-02
        18  1.084202E-18 -6.483276E-03  7.680309E-02
        19  1.951564E-18 -5.916481E-03  7.008864E-02
        20  2.385245E-18 -5.256379E-03  6.226885E-02
        21  4.336809E-18 -4.513382E-03  5.346705E-02
        22  2.385245E-18 -3.699205E-03  4.382204E-02
        23  4.336809E-18 -2.826690E-03  3.348593E-02
        24  2.818926E-18 -1.909596E-03  2.262172E-02
        25  2.602085E-18 -9.623867E-04  1.140076E-02
        26  4.413700E-66 -4.163336E-17  4.163336E-17
        27 -6.505213E-19  9.623867E-04 -1.140076E-02
        28 -1.734723E-18  1.909596E-03 -2.262172E-02
        29 -3.469447E-18  2.826690E-03 -3.348593E-02
        30 -4.336809E-18  3.699205E-03 -4.382204E-02
        31 -5.421011E-18  4.513382E-03 -5.346705E-02
        32 -5.204170E-18  5.256379E-03 -6.226885E-02
        33 -6.288373E-18  5.916481E-03 -7.008864E-02
        34 -6.071532E-18  6.483276E-03 -7.680309E-02
        35 -6.722053E-18  6.947826E-03 -8.230630E-02
        36 -6.071532E-18  7.302805E-03 -8.651150E-02
        37 -7.372575E-18  7.542614E-03 -8.935236E-02
        38 -8.023096E-18  7.663471E-03 -9.078408E-02
        39 -6.505213E-18  7.663471E-03 -9.078408E-02
        40 -3.903128E-18  7.542614E-03 -8.935236E-02
        41 -4.336809E-18  7.302805E-03 -8.651150E-02
        42 -4.770490E-18  6.947826E-03 -8.230630E-02
        43 -2.168404E-18  6.483276E-03 -7.680309E-02
        44 -8.673617E-19  5.916481E-03 -7.008864E-02
        45 -1.301043E-18  5.256379E-03 -6.226885E-02
        46 -2.168404E-18  4.513382E-03 -5.346705E-02
        47 -1.734723E-18  3.699205E-03 -4.382204E-02
        48 -1.734723E-18  2.826690E-03 -3.348593E-02
        49 -1.734723E-18  1.909596E-03 -2.262172E-02
        50  1.036657E-65  9.623867E-04 -1.140076E-02
        51  1.734723E-18  2.081668E-17  1.873501E-16
        52  8.673617E-19 -9.623867E-04  1.140076E-02
        53  6.071532E-18 -1.909596E-03  2.262172E-02
        54  4.336809E-18 -2.826690E-03  3.348593E-02
        55  2.602085E-18 -3.699205E-03  4.382204E-02
        56  2.602085E-18 -4.513382E-03  5.346705E-02
        57  2.602085E-18 -5.256379E-03  6.226885E-02
        58  1.734723E-18 -5.916481E-03  7.008864E-02
        59  3.469447E-18 -6.483276E-03  7.680309E-02
        60  8.673617E-19 -6.947826E-03  8.230630E-02
        61  1.734723E-18 -7.302805E-03  8.651150E-02
        62  2.602085E-18 -7.542614E-03  8.935236E-02
        63  8.673617E-19 -7.663471E-03  9.078408E-02
        64  1.734723E-18 -7.663471E-03  9.078408E-02
        65  3.469447E-18 -7.542614E-03  8.935236E-02
        66  8.673617E-19 -7.302805E-03  8.651150E-02
        67  8.673617E-19 -6.947826E-03  8.230630E-02
        68  8.673617E-19 -6.483276E-03  7.680309E-02
        69  1.734723E-18 -5.916481E-03  7.008864E-02
        70 -8.673617E-19 -5.256379E-03  6.226885E-02
        71  1.000412E-65 -4.513382E-03  5.346705E-02
        72  1.348582E-65 -3.699205E-03  4.382204E-02
        73 -4.336809E-19 -2.826690E-03  3.348593E-02
        74 -1.734723E-18 -1.909596E-03  2.262172E-02
        75 -1.734723E-18 -9.623867E-04  1.140076E-02
        76 -1.734723E-18 -1.387779E-17 -1.457168E-16
        77 -1.301043E-18  9.623867E-04 -1.140076E-02
        78 -2.602085E-18  1.909596E-03 -2.262172E-02
        79 -8.673617E-19  2.826690E-03 -3.348593E-02
        80 -8.673617E-19  3.699205E-03 -4.382204E-02
        81 -1.301043E-18  4.513382E-03 -5.346705E-02
        82 -1.396468E-66  5.256379E-03 -6.226885E-02
        83  4.336809E-19  5.916481E-03 -7.008864E-02
        84  2.168404E-18  6.483276E-03 -7.680309E-02
        85  1.301043E-18  6.947826E-03 -8.230630E-02
        86  2.602085E-18  7.302805E-03 -8.651150E-02
        87  3.035766E-18  7.542614E-03 -8.935236E-02
        88  5.637851E-18  7.663471E-03 -9.078408E-02
        89  3.903128E-18  7.663471E-03 -9.078408E-02
        90  4.770490E-18  7.542614E-03 -8.935236E-02
        91  5.637851E-18  7.302805E-03 -8.651150E-02
        92  4.770490E-18  6.947826E-03 -8.230630E-02
        93  5.204170E-18  6.483276E-03 -7.680309E-02
        94  4.336809E-18  5.916481E-03 -7.008864E-02
        95  6.288373E-18  5.256379E-03 -6.226885E-02
        96  3.686287E-18  4.513382E-03 -5.346705E-02
        97  3.252607E-18  3.699205E-03 -4.382204E-02
        98  2.276825E-18  2.826690E-03 -3.348593E-02
        99  1.517883E-18  1.909596E-03 -2.262172E-02
       100  8.673617E-19  9.623867E-04 -1.140076E-02
       101  0.000000E+00  0.000000E+00  0.000000E+00

 forces (fx,fy,fz) for set ALL and time  0.2000000E+01

         1 -1.000000E+03  0.000000E+00  0.000000E+00
         2  0.000000E+00  0.000000E+00  0.000000E+00
         3  0.000000E+00  0.000000E+00  0.000000E+00
         4  0.000000E+00  0.000000E+00  0.000000E+00
         5  0.000000E+00  0.000000E+00  0.000000E+00
         6  0.000000E+00  0.000000E+00  0.000000E+00
         7  0.000000E+00  0.000000E+00  0.000000E+00
         8  0.000000E+00  0.000000E+00  0.000000E+00
         9  0.000000E+00  0.000000E+00  0.000000E+00
        10  0.000000E+00  0.000000E+00  0.000000E+00
        11  0.000000E+00  0.000000E+00  0.000000E+00
        12  0.000000E+00  0.000000E+00  0.000000E+00
        13  0.000000E+00  0.000000E+00  0.000000E+00
        14  0.000000E+00  0.000000E+00  0.000000E+00
        15  0.000000E+00  0.000000E+00  0.000000E+00
        16  0.000000E+00  0.000000E+00  0.000000E+00
        17  0.000000E+00  0.000000E+00  0.000000E+00
        18  0.000000E+00  0.000000E+00  0.000000E+00
        19  0.000000E+00  0.000000E+00  0.000000E+00
        20  0.000000E+00  0.000000E+00  0.000000E+00
        21  0.000000E+00  0.000000E+00  0.000000E+00
        22  0.000000E+00  0.000000E+00  0.000000E+00
        23  0.000000E+00  0.000000E+00  0.000000E+00
        24  0.000000E+00  0.000000E+00  0.000000E+00
        25  0.000000E+00  0.000000E+00  0.000000E+00
        26  0.000000E+00  0.000000E+00  0.000000E+00
        27  0.000000E+00  0.000000E+00  0.000000E+00
        28  0.000000E+00  0.000000E+00  0.000000E+00
        29  0.000000E+00  0.000000E+00  0.000000E+00
        30  0.000000E+00  0.000000E+00  0.000000E+00
        31  0.000000E+00  0.000000E+00  0.000000E+00
        32  0.000000E+00  0.000000E+00  0.000000E+00
        33  0.000000E+00  0.000000E+00  0.000000E+00
        34  0.000000E+00  0.000000E+00  0.000000E+00
        35  0.000000E+00  0.000000E+00  0.000000E+00
        36  0.000000E+00  0.000000E+00  0.000000E+00
        37  0.000000E+00  0.000000E+00  0.000000E+00
        38  0.000000E+00  0.000000E+00  0.000000E+00
        39  0.000000E+00  0.000000E+00  0.000000E+00
        40  0.000000E+00  0.000000E+00  0.000000E+00
        41  0.000000E+00  0.000000E+00  0.000000E+00
        42  0.000000E+00  0.000000E+00  0.000000E+00
        43  0.000000E+00  0.000000E+00  0.000000E+00
        44  0.000000E+00  0.000000E+00  0.000000E+00
        45  0.000000E+00  0.000000E+00  0.000000E+00
        46  0.000000E+00  0.000000E+00  0.000000E+00
        47  0.000000E+00  0.000000E+00  0.000000E+00
        48  0.000000E+00  0.000000E+00  0.000000E+00
        49  0.000000E+00  0.000000E+00  0.000000E+00
        50  0.000000E+00  0.000000E+00  0.000000E+00
        51  0.000000E+00  0.000000E+00  0.000000E+00
        52  0.000000E+00  0.000000E+00  0.000000E+00
        53  0.000000E+00  0.000000E+00  0.000000E+00
        54  0.000000E+00  0.000000E+00  0.000000E+00
        55  0.000000E+00  0.000000E+00  0.000000E+00
        56  0.000000E+00  0.000000E+00  0.000000E+00
        57  0.000000E+00  0.000000E+00  0.000000E+00
        58  0.000000E+00  0.000000E+00  0.000000E+00
        59  0.000000E+00  0.000000E+00  0.000000E+00
        60  0.000000E+00  0.000000E+00  0.000000E+00
        61  0.000000E+00  0.000000E+00  0.000000E+00
        62  0.000000E+00  0.000000E+00  0.000000E+00
        63  0.000000E+00  0.000000E+00  0.000000E+00
        64  0.000000E+00  0.000000E+00  0.000000E+00
        65  0.000000E+00  0.000000E+00  0.000000E+00
        66  0.000000E+00  0.000000E+00  0.000000E+00
        67  0.000000E+00  0.000000E+00  0.000000E+00
        68  0.000000E+00  0.000000E+00  0.000000E+00
        69  0.000000E+00  0.000000E+00  0.000000E+00
        70  0.000000E+00  0.000000E+00  0.000000E+00
        71  0.000000E+00  0.000000E+00  0.000000E+00
        72  0.000000E+00  0.000000E+00  0.000000E+00
        73  0.000000E+00  0.000000E+00  0.000000E+00
        74  0.000000E+00  0.000000E+00  0.000000E+00
        75  0.000000E+00  0.000000E+00  0.000000E+00
        76  0.000000E+00  0.000000E+00  0.000000E+00
        77  0.000000E+00  0.000000E+00  0.000000E+00
        78  0.000000E+00  0.000000E+00  0.000000E+00
        79  0.000000E+00  0.000000E+00  0.000000E+00
        80  0.000000E+00  0.000000E+00  0.000000E+00
        81  0.000000E+00  0.000000E+00  0.000000E+00
        82  0.000000E+00  0.000000E+00  0.000000E+00
        83  0.000000E+00  0.000000E+00  0.000000E+00
        84  0.000000E+00  0.000000E+00  0.000000E+00
        85  0.000000E+00  0.000000E+00  0.000000E+00
        86  0.000000E+00  0.000000E+00  0.000000E+00
        87  0.000000E+00  0.000000E+00  0.000000E+00
        88  0.000000E+00  0.000000E+00  0.000000E+00
        89  0.000000E+00  0.000000E+00  0.000000E+00
        90  0.000000E+00  0.000000E+00  0.000000E+00
        91  0.000000E+00  0.000000E+00  0.000000E+00
        92  0.000000E+00  0.000000E+00  0.000000E+00
        93  0.000000E+00  0.000000E+00  0.000000E+00
        94  0.000000E+00  0.000000E+00  0.000000E+00
        95  0.000000E+00  0.000000E+00  0.000000E+00
        96  0.000000E+00  0.000000E+00  0.000000E+00
        97  0.000000E+00  0.000000E+00  0.000000E+00
        98  0.000000E+00  0.000000E+00  0.000000E+00
        99  0.000000E+00  0.000000E+00  0.000000E+00
       100  0.000000E+00  0.000000E+00  0.000000E+00
       101  1.000000E+03  0.000000E+00  0.000000E+00

                    E I G E N V A L U E    N U M B E R     9


 displacements (vx,vy,vz) for set ALL and time  0.2000000E+01

         1  0.000000E+00  0.000000E+00  0.000000E+00
         2 -2.303930E-18  7.565078E-03  1.211201E-02
         3 -7.426785E-18  1.494388E-02  2.392578E-02
         4 -6.722053E-18  2.195471E-02  3.515042E-02
         5 -1.084202E-17  2.842495E-02  4.550954E-02
         6 -1.745565E-17  3.419527E-02  5.474806E-02
         7 -1.452831E-17  3.912358E-02  6.263851E-02
         8 -1.756408E-17  4.308855E-02  6.898658E-02
         9 -1.843144E-17  4.599253E-02  7.363598E-02
        10 -2.797242E-17  4.776403E-02  7.647222E-02
        11 -2.667137E-17  4.835941E-02  7.742545E-02
        12 -2.645453E-17  4.776403E-02  7.647222E-02
        13 -1.929880E-17  4.599253E-02  7.363598E-02
        14 -2.016616E-17  4.308855E-02  6.898658E-02
        15 -1.539567E-17  3.912358E-02  6.263851E-02
        16 -1.105886E-17  3.419527E-02  5.474806E-02
        17 -9.324139E-18  2.842495E-02  4.550954E-02
        18 -1.170938E-17  2.195471E-02  3.515042E-02
        19 -1.062518E-17  1.494388E-02  2.392578E-02
        20 -1.257675E-17  7.565078E-03  1.211201E-02
        21 -1.929880E-17  1.014813E-16 -3.469447E-18
        22 -2.341877E-17 -7.565078E-03 -1.211201E-02
        23 -1.843144E-17 -1.494388E-02 -2.392578E-02
        24 -1.886512E-17 -2.195471E-02 -3.515042E-02
        25 -1.474515E-17 -2.842495E-02 -4.550954E-02
        26 -8.890458E-18 -3.419527E-02 -5.474806E-02
        27  1.301043E-18 -3.912358E-02 -6.263851E-02
        28  9.974660E-18 -4.308855E-02 -6.898658E-02
        29  1.691355E-17 -4.599253E-02 -7.363598E-02
        30  2.016616E-17 -4.776403E-02 -7.647222E-02
        31  2.775558E-17 -4.835941E-02 -7.742545E-02
        32  3.816392E-17 -4.776403E-02 -7.647222E-02
        33  3.773024E-17 -4.599253E-02 -7.363598E-02
        34  3.274291E-17 -4.308855E-02 -6.898658E-02
        35  3.989864E-17 -3.912358E-02 -6.263851E-02
        36  3.664603E-17 -3.419527E-02 -5.474806E-02
        37  3.773024E-17 -2.842495E-02 -4.550954E-02
        38  3.317659E-17 -2.195471E-02 -3.515042E-02
        39  4.185020E-17 -1.494388E-02 -2.392578E-02
        40  3.512815E-17 -7.565078E-03 -1.211201E-02
        41  2.471981E-17  2.081668E-17  8.500145E-17
        42  2.428613E-17  7.565078E-03  1.211201E-02
        43  1.821460E-17  1.494388E-02  2.392578E-02
        44  1.214306E-17  2.195471E-02  3.515042E-02
        45  6.505213E-18  2.842495E-02  4.550954E-02
        46  8.239937E-18  3.419527E-02  5.474806E-02
        47  9.974660E-18  3.912358E-02  6.263851E-02
        48  1.387779E-17  4.308855E-02  6.898658E-02
        49  1.301043E-17  4.599253E-02  7.363598E-02
        50  4.336809E-18  4.776403E-02  7.647222E-02
        51 -6.938894E-18  4.835941E-02  7.742545E-02
        52 -1.301043E-17  4.776403E-02  7.647222E-02
        53 -1.908196E-17  4.599253E-02  7.363598E-02
        54 -2.341877E-17  4.308855E-02  6.898658E-02
        55 -2.949030E-17  3.912358E-02  6.263851E-02
        56 -2.168404E-17  3.419527E-02  5.474806E-02
        57 -1.474515E-17  2.842495E-02  4.550954E-02
        58 -2.168404E-17  2.195471E-02  3.515042E-02
        59 -1.387779E-17  1.494388E-02  2.392578E-02
        60 -1.301043E-17  7.565078E-03  1.211201E-02
        61 -8.673617E-18  4.857226E-17  1.387779E-17
        62 -7.806256E-18 -7.565078E-03 -1.211201E-02
        63  8.673617E-19 -1.494388E-02 -2.392578E-02
        64  2.602085E-18 -2.195471E-02 -3.515042E-02
        65  6.938894E-18 -2.842495E-02 -4.550954E-02
        66  6.071532E-18 -3.419527E-02 -5.474806E-02
        67  5.204170E-18 -3.912358E-02 -6.263851E-02
        68  6.938894E-18 -4.308855E-02 -6.898658E-02
        69  7.806256E-18 -4.599253E-02 -7.363598E-02
        70  1.387779E-17 -4.776403E-02 -7.647222E-02
        71  1.474515E-17 -4.835941E-02 -7.742545E-02
        72  2.255141E-17 -4.776403E-02 -7.647222E-02
        73  1.994932E-17 -4.599253E-02 -7.363598E-02
        74  3.035766E-17 -4.308855E-02 -6.898658E-02
        75  2.862294E-17 -3.912358E-02 -6.263851E-02
        76  3.339343E-17 -3.419527E-02 -5.474806E-02
        77  2.905662E-17 -2.842495E-02 -4.550954E-02
        78  2.732189E-17 -2.195471E-02 -3.515042E-02
        79  2.558717E-17 -1.494388E-02 -2.392578E-02
        80  2.341877E-17 -7.565078E-03 -1.211201E-02
        81  1.604619E-17  1.561251E-17  1.058181E-16
        82  1.864828E-17  7.565078E-03  1.211201E-02
        83  1.257675E-17  1.494388E-02  2.392578E-02
        84  3.035766E-18  2.195471E-02  3.515042E-02
        85 -3.469447E-18  2.842495E-02  4.550954E-02
        86 -9.540979E-18  3.419527E-02  5.474806E-02
        87 -1.821460E-17  3.912358E-02  6.263851E-02
        88 -2.385245E-17  4.308855E-02  6.898658E-02
        89 -2.255141E-17  4.599253E-02  7.363598E-02
        90 -2.949030E-17  4.776403E-02  7.647222E-02
        91 -3.035766E-17  4.835941E-02  7.742545E-02
        92 -4.163336E-17  4.776403E-02  7.647222E-02
        93 -3.469447E-17  4.599253E-02  7.363598E-02
        94 -2.905662E-17  4.308855E-02  6.898658E-02
        95 -3.556183E-17  3.912358E-02  6.263851E-02
        96 -3.057450E-17  3.419527E-02  5.474806E-02
        97 -2.125036E-17  2.842495E-02  4.550954E-02
        98 -1.409463E-17  2.195471E-02  3.515042E-02
        99 -6.722053E-18  1.494388E-02  2.392578E-02
       100 -4.065758E-18  7.565078E-03  1.211201E-02
       101  0.000000E+00  0.000000E+00  0.000000E+00

 forces (fx,fy,fz) for set ALL and time  0.2000000E+01

         1 -1.000000E+03  0.000000E+00  0.000000E+00
         2  0.000000E+00  0.000000E+00  0.000000E+00
         3  0.000000E+00  0.000000E+00  0.000000E+00
         4  0.000000E+00  0.000000E+00  0.000000E+00
         5  0.000000E+00  0.000000E+00  0.000000E+00
         6  0.000000E+00  0.000000E+00  0.000000E+00
         7  0.000000E+00  0.000000E+00  0.000000E+00
         8  0.000000E+00  0.000000E+00  0.000000E+00
         9  0.000000E+00  0.000000E+00  0.000000E+00
        10  0.000000E+00  0.000000E+00  0.000000E+00
        11  0.000000E+00  0.000000E+00  0.000000E+00
        12  0.000000E+00  0.000000E+00  0.000000E+00
        13  0.000000E+00  0.000000E+00  0.000000E+00
        14  0.000000E+00  0.000000E+00  0.000000E+00
        15  0.000000E+00  0.000000E+00  0.000000E+00
        16  0.000000E+00  0.000000E+00  0.000000E+00
        17  0.000000E+00  0.000000E+00  0.000000E+00
        18  0.000000E+00  0.000000E+00  0.000000E+00
        19  0.000000E+00  0.000000E+00  0.000000E+00
        20  0.000000E+00  0.000000E+00  0.000000E+00
        21  0.000000E+00  0.000000E+00  0.000000E+00
        22  0.000000E+00  0.000000E+00  0.000000E+00
        23  0.000000E+00  0.000000E+00  0.000000E+00
        24  0.000000E+00  0.000000E+00  0.000000E+00
        25  0.000000E+00  0.000000E+00  0.000000E+00
        26  0.000000E+00  0.000000E+00  0.000000E+00
        27  0.000000E+00  0.000000E+00  0.000000E+00
        28  0.000000E+00  0.000000E+00  0.000000E+00
        29  0.000000E+00  0.000000E+00  0.000000E+00
        30  0.000000E+00  0.000000E+00  0.000000E+00
        31  0.000000E+00  0.000000E+00  0.000000E+00
        32  0.000000E+00  0.000000E+00  0.000000E+00
        33  0.000000E+00  0.000000E+00  0.000000E+00
        34  0.000000E+00  0.000000E+00  0.000000E+00
        35  0.000000E+00  0.000000E+00  0.000000E+00
        36  0.000000E+00  0.000000E+00  0.000000E+00
        37  0.000000E+00  0.000000E+00  0.000000E+00
        38  0.000000E+00  0.000000E+00  0.000000E+00
        39  0.000000E+00  0.000000E+00  0.000000E+00
        40  0.000000E+00  0.000000E+00  0.000000E+00
        41  0.000000E+00  0.000000E+00  0.000000E+00
        42  0.000000E+00  0.000000E+00  0.000000E+00
        43  0.000000E+00  0.000000E+00  0.000000E+00
        44  0.000000E+00  0.000000E+00  0.000000E+00
        45  0.000000E+00  0.000000E+00  0.000000E+00
        46  0.000000E+00  0.000000E+00  0.000000E+00
        47  0.000000E+00  0.000000E+00  0.000000E+00
        48  0.000000E+00  0.000000E+00  0.000000E+00
        49  0.000000E+00  0.000000E+00  0.000000E+00
        50  0.000000E+00  0.000000E+00  0.000000E+00
        51  0.000000E+00  0.000000E+00  0.000000E+00
        52  0.000000E+00  0.000000E+00  0.000000E+00
        53  0.000000E+00  0.000000E+00  0.000000E+00
        54  0.000000E+00  0.000000E+00  0.000000E+00
        55  0.000000E+00  0.000000E+00  0.000000E+00
        56  0.000000E+00  0.000000E+00  0.000000E+00
        57  0.000000E+00  0.000000E+00  0.000000E+00
        58  0.000000E+00  0.000000E+00  0.000000E+00
        59  0.000000E+00  0.000000E+00  0.000000E+00
        60  0.000000E+00  0.000000E+00  0.000000E+00
        61  0.000000E+00  0.000000E+00  0.000000E+00
        62  0.000000E+00  0.000000E+00  0.000000E+00
        63  0.000000E+00  0.000000E+00  0.000000E+00
        64  0.000000E+00  0.000000E+00  0.000000E+00
        65  0.000000E+00  0.000000E+00  0.000000E+00
        66  0.000000E+00  0.000000E+00  0.000000E+00
        67  0.000000E+00  0.000000E+00  0.000000E+00
        68  0.000000E+00  0.000000E+00  0.000000E+00
        69  0.000000E+00  0.000000E+00  0.000000E+00
        70  0.000000E+00  0.000000E+00  0.000000E+00
        71  0.000000E+00  0.000000E+00  0.000000E+00
        72  0.000000E+00  0.000000E+00  0.000000E+00
        73  0.000000E+00  0.000000E+00  0.000000E+00
        74  0.000000E+00  0.000000E+00  0.000000E+00
        75  0.000000E+00  0.000000E+00  0.000000E+00
        76  0.000000E+00  0.000000E+00  0.000000E+00
        77  0.000000E+00  0.000000E+00  0.000000E+00
        78  0.000000E+00  0.000000E+00  0.000000E+00
        79  0.000000E+00  0.000000E+00  0.000000E+00
        80  0.000000E+00  0.000000E+00  0.000000E+00
        81  0.000000E+00  0.000000E+00  0.000000E+00
        82  0.000000E+00  0.000000E+00  0.000000E+00
        83  0.000000E+00  0.000000E+00  0.000000E+00
        84  0.000000E+00  0.000000E+00  0.000000E+00
        85  0.000000E+00  0.000000E+00  0.000000E+00
        86  0.000000E+00  0.000000E+00  0.000000E+00
        87  0.000000E+00  0.000000E+00  0.000000E+00
        88  0.000000E+00  0.000000E+00  0.000000E+00
        89  0.000000E+00  0.000000E+00  0.000000E+00
        90  0.000000E+00  0.000000E+00  0.000000E+00
        91  0.000000E+00  0.000000E+00  0.000000E+00
        92  0.000000E+00  0.000000E+00  0.000000E+00
        93  0.000000E+00  0.000000E+00  0.000000E+00
        94  0.000000E+00  0.000000E+00  0.000000E+00
        95  0.000000E+00  0.000000E+00  0.000000E+00
        96  0.000000E+00  0.000000E+00  0.000000E+00
        97  0.000000E+00  0.000000E+00  0.000000E+00
        98  0.000000E+00  0.000000E+00  0.000000E+00
        99  0.000000E+00  0.000000E+00  0.000000E+00
       100  0.000000E+00  0.000000E+00  0.000000E+00
       101  1.000000E+03  0.000000E+00  0.000000E+00

                    E I G E N V A L U E    N U M B E R    10


 displacements (vx,vy,vz) for set ALL and time  0.2000000E+01

         1  0.000000E+00  0.000000E+00  0.000000E+00
         2 -2.710505E-20 -1.211201E-02  7.565078E-03
         3 -1.084202E-19 -2.392578E-02  1.494388E-02
         4 -5.421011E-20 -3.515042E-02  2.195471E-02
         5  9.391657E-54 -4.550954E-02  2.842495E-02
         6  8.166015E-54 -5.474806E-02  3.419527E-02
         7  2.216837E-53 -6.263851E-02  3.912358E-02
         8 -2.168404E-19 -6.898658E-02  4.308855E-02
         9  4.336809E-19 -7.363598E-02  4.599253E-02
        10 -6.505213E-19 -7.647222E-02  4.776403E-02
        11  2.168404E-19 -7.742545E-02  4.835941E-02
        12 -2.168404E-19 -7.647222E-02  4.776403E-02
        13  2.168404E-19 -7.363598E-02  4.599253E-02
        14 -4.336809E-19 -6.898658E-02  4.308855E-02
        15  2.168404E-19 -6.263851E-02  3.912358E-02
        16 -6.505213E-19 -5.474806E-02  3.419527E-02
        17  6.505213E-19 -4.550954E-02  2.842495E-02
        18  4.336809E-19 -3.515042E-02  2.195471E-02
        19  5.986557E-54 -2.392578E-02  1.494388E-02
        20  1.297616E-53 -1.211201E-02  7.565078E-03
        21 -8.673617E-19 -2.081668E-17 -2.775558E-17
        22 -8.673617E-19  1.211201E-02 -7.565078E-03
        23 -6.505213E-19  2.392578E-02 -1.494388E-02
        24  4.336809E-19  3.515042E-02 -2.195471E-02
        25  4.336809E-19  4.550954E-02 -2.842495E-02
        26  4.336809E-19  5.474806E-02 -3.419527E-02
        27  2.168404E-19  6.263851E-02 -3.912358E-02
        28  6.505213E-19  6.898658E-02 -4.308855E-02
        29  4.336809E-19  7.363598E-02 -4.599253E-02
        30  1.084202E-19  7.647222E-02 -4.776403E-02
        31  1.301043E-18  7.742545E-02 -4.835941E-02
        32  5.421011E-19  7.647222E-02 -4.776403E-02
        33  1.084202E-19  7.363598E-02 -4.599253E-02
        34 -3.307938E-54  6.898658E-02 -4.308855E-02
        35  1.626303E-18  6.263851E-02 -3.912358E-02
        36  6.505213E-19  5.474806E-02 -3.419527E-02
        37 -4.336809E-19  4.550954E-02 -2.842495E-02
        38  6.505213E-19  3.515042E-02 -2.195471E-02
        39  5.421011E-19  2.392578E-02 -1.494388E-02
        40  1.084202E-18  1.211201E-02 -7.565078E-03
        41  1.301043E-18 -4.857226E-17  9.714451E-17
        42  4.336809E-19 -1.211201E-02  7.565078E-03
        43  1.301043E-18 -2.392578E-02  1.494388E-02
        44  1.391007E-53 -3.515042E-02  2.195471E-02
        45 -8.673617E-19 -4.550954E-02  2.842495E-02
        46  1.301043E-18 -5.474806E-02  3.419527E-02
        47  4.336809E-19 -6.263851E-02  3.912358E-02
        48  1.301043E-18 -6.898658E-02  4.308855E-02
        49  4.336809E-19 -7.363598E-02  4.599253E-02
        50  1.301043E-18 -7.647222E-02  4.776403E-02
        51 -1.734723E-18 -7.742545E-02  4.835941E-02
        52  5.553983E-54 -7.647222E-02  4.776403E-02
        53  8.673617E-19 -7.363598E-02  4.599253E-02
        54 -1.734723E-18 -6.898658E-02  4.308855E-02
        55 -8.673617E-19 -6.263851E-02  3.912358E-02
        56 -1.734723E-18 -5.474806E-02  3.419527E-02
        57  1.734723E-18 -4.550954E-02  2.842495E-02
        58  8.673617E-19 -3.515042E-02  2.195471E-02
        59  8.673617E-19 -2.392578E-02  1.494388E-02
        60 -8.673617E-19 -1.211201E-02  7.565078E-03
        61 -1.734723E-18 -7.503559E-54 -1.387779E-16
        62  6.003436E-54  1.211201E-02 -7.565078E-03
        63  2.602085E-18  2.392578E-02 -1.494388E-02
        64 -8.673617E-19  3.515042E-02 -2.195471E-02
        65  8.673617E-19  4.550954E-02 -2.842495E-02
        66 -8.673617E-19  5.474806E-02 -3.419527E-02
        67 -2.602085E-18  6.263851E-02 -3.912358E-02
        68 -1.734723E-18  6.898658E-02 -4.308855E-02
        69  8.673617E-19  7.363598E-02 -4.599253E-02
        70 -2.602085E-18  7.647222E-02 -4.776403E-02
        71  8.673617E-19  7.742545E-02 -4.835941E-02
        72  2.602085E-18  7.647222E-02 -4.776403E-02
        73  1.734723E-18  7.363598E-02 -4.599253E-02
        74  8.673617E-19  6.898658E-02 -4.308855E-02
        75  2.602085E-18  6.263851E-02 -3.912358E-02
        76  1.301043E-18  5.474806E-02 -3.419527E-02
        77  1.100269E-53  4.550954E-02 -2.842495E-02
        78  4.336809E-19  3.515042E-02 -2.195471E-02
        79  8.673617E-19  2.392578E-02 -1.494388E-02
        80 -4.336809E-19  1.211201E-02 -7.565078E-03
        81 -1.301043E-18 -8.326673E-17  5.204170E-17
        82  8.673617E-19 -1.211201E-02  7.565078E-03
        83  4.336809E-19 -2.392578E-02  1.494388E-02
        84 -1.301043E-18 -3.515042E-02  2.195471E-02
        85 -6.396495E-54 -4.550954E-02  2.842495E-02
        86 -8.673617E-19 -5.474806E-02  3.419527E-02
        87 -4.336809E-19 -6.263851E-02  3.912358E-02
        88 -4.336809E-19 -6.898658E-02  4.308855E-02
        89 -8.673617E-19 -7.363598E-02  4.599253E-02
        90  8.673617E-19 -7.647222E-02  4.776403E-02
        91 -2.438367E-54 -7.742545E-02  4.835941E-02
        92 -1.301043E-18 -7.647222E-02  4.776403E-02
        93 -1.734723E-18 -7.363598E-02  4.599253E-02
        94 -8.673617E-19 -6.898658E-02  4.308855E-02
        95 -8.673617E-19 -6.263851E-02  3.912358E-02
        96 -1.734723E-18 -5.474806E-02  3.419527E-02
        97 -8.042123E-54 -4.550954E-02  2.842495E-02
        98 -4.336809E-19 -3.515042E-02  2.195471E-02
        99  1.084202E-19 -2.392578E-02  1.494388E-02
       100  6.559074E-55 -1.211201E-02  7.565078E-03
       101  0.000000E+00  0.000000E+00  0.000000E+00

 forces (fx,fy,fz) for set ALL and time  0.2000000E+01

         1 -1.000000E+03  0.000000E+00  0.000000E+00
         2  0.000000E+00  0.000000E+00  0.000000E+00
         3  0.000000E+00  0.000000E+00  0.000000E+00
         4  0.000000E+00  0.000000E+00  0.000000E+00
         5  0.000000E+00  0.000000E+00  0.000000E+00
         6  0.000000E+00  0.000000E+00  0.000000E+00
         7  0.000000E+00  0.000000E+00  0.000000E+00
         8  0.000000E+00  0.000000E+00  0.000000E+00
         9  0.000000E+00  0.000000E+00  0.000000E+00
        10  0.000000E+00  0.000000E+00  0.000000E+00
        11  0.000000E+00  0.000000E+00  0.000000E+00
        12  0.000000E+00  0.000000E+00  0.000000E+00
        13  0.000000E+00  0.000000E+00  0.000000E+00
        14  0.000000E+00  0.000000E+00  0.000000E+00
        15  0.000000E+00  0.000000E+00  0.000000E+00
        16  0.000000E+00  0.000000E+00  0.000000E+00
        17  0.000000E+00  0.000000E+00  0.000000E+00
        18  0.000000E+00  0.000000E+00  0.000000E+00
        19  0.000000E+00  0.000000E+00  0.000000E+00
        20  0.000000E+00  0.000000E+00  0.000000E+00
        21  0.000000E+00  0.000000E+00  0.000000E+00
        22  0.000000E+00  0.000000E+00  0.000000E+00
        23  0.000000E+00  0.000000E+00  0.000000E+00
        24  0.000000E+00  0.000000E+00  0.000000E+00
        25  0.000000E+00  0.000000E+00  0.000000E+00
        26  0.000000E+00  0.000000E+00  0.000000E+00
        27  0.000000E+00  0.000000E+00  0.000000E+00
        28  0.000000E+00  0.000000E+00  0.000000E+00
        29  0.000000E+00  0.000000E+00  0.000000E+00
        30  0.000000E+00  0.000000E+00  0.000000E+00
        31  0.000000E+00  0.000000E+00  0.000000E+00
        32  0.000000E+00  0.000000E+00  0.000000E+00
        33  0.000000E+00  0.000000E+00  0.000000E+00
        34  0.000000E+00  0.000000E+00  0.000000E+00
        35  0.000000E+00  0.000000E+00  0.000000E+00
        36  0.000000E+00  0.000000E+00  0.000000E+00
        37  0.000000E+00  0.000000E+00  0.000000E+00
        38  0.000000E+00  0.000000E+00  0.000000E+00
        39  0.000000E+00  0.000000E+00  0.000000E+00
        40  0.000000E+00  0.000000E+00  0.000000E+00
        41  0.000000E+00  0.000000E+00  0.000000E+00
        42  0.000000E+00  0.000000E+00  0.000000E+00
        43  0.000000E+00  0.000000E+00  0.000000E+00
        44  0.000000E+00  0.000000E+00  0.000000E+00
        45  0.000000E+00  0.000000E+00  0.000000E+00
        46  0.000000E+00  0.000000E+00  0.000000E+00
        47  0.000000E+00  0.000000E+00  0.000000E+00
        48  0.000000E+00  0.000000E+00  0.000000E+00
        49  0.000000E+00  0.000000E+00  0.000000E+00
        50  0.000000E+00  0.000000E+00  0.000000E+00
        51  0.000000E+00  0.000000E+00  0.000000E+00
        52  0.000000E+00  0.000000E+00  0.000000E+00
        53  0.000000E+00  0.000000E+00  0.000000E+00
        54  0.000000E+00  0.000000E+00  0.000000E+00
        55  0.000000E+00  0.000000E+00  0.000000E+00
        56  0.000000E+00  0.000000E+00  0.000000E+00
        57  0.000000E+00  0.000000E+00  0.000000E+00
        58  0.000000E+00  0.000000E+00  0.000000E+00
        59  0.000000E+00  0.000000E+00  0.000000E+00
        60  0.000000E+00  0.000000E+00  0.000000E+00
        61  0.000000E+00  0.000000E+00  0.000000E+00
        62  0.000000E+00  0.000000E+00  0.000000E+00
        63  0.000000E+00  0.000000E+00  0.000000E+00
        64  0.000000E+00  0.000000E+00  0.000000E+00
        65  0.000000E+00  0.000000E+00  0.000000E+00
        66  0.000000E+00  0.000000E+00  0.000000E+00
        67  0.000000E+00  0.000000E+00  0.000000E+00
        68  0.000000E+00  0.000000E+00  0.000000E+00
        69  0.000000E+00  0.000000E+00  0.000000E+00
        70  0.000000E+00  0.000000E+00  0.000000E+00
        71  0.000000E+00  0.000000E+00  0.000000E+00
        72  0.000000E+00  0.000000E+00  0.000000E+00
        73  0.000000E+00  0.000000E+00  0.000000E+00
        74  0.000000E+00  0.000000E+00  0.000000E+00
        75  0.000000E+00  0.000000E+00  0.000000E+00
        76  0.000000E+00  0.000000E+00  0.000000E+00
        77  0.000000E+00  0.000000E+00  0.000000E+00
        78  0.000000E+00  0.000000E+00  0.000000E+00
        79  0.000000E+00  0.000000E+00  0.000000E+00
        80  0.000000E+00  0.000000E+00  0.000000E+00
        81  0.000000E+00  0.000000E+00  0.000000E+00
        82  0.000000E+00  0.000000E+00  0.000000E+00
        83  0.000000E+00  0.000000E+00  0.000000E+00
        84  0.000000E+00  0.000000E+00  0.000000E+00
        85  0.000000E+00  0.000000E+00  0.000000E+00
        86  0.000000E+00  0.000000E+00  0.000000E+00
        87  0.000000E+00  0.000000E+00  0.000000E+00
        88  0.000000E+00  0.000000E+00  0.000000E+00
        89  0.000000E+00  0.000000E+00  0.000000E+00
        90  0.000000E+00  0.000000E+00  0.000000E+00
        91  0.000000E+00  0.000000E+00  0.000000E+00
        92  0.000000E+00  0.000000E+00  0.000000E+00
        93  0.000000E+00  0.000000E+00  0.000000E+00
        94  0.000000E+00  0.000000E+00  0.000000E+00
        95  0.000000E+00  0.000000E+00  0.000000E+00
        96  0.000000E+00  0.000000E+00  0.000000E+00
        97  0.000000E+00  0.000000E+00  0.000000E+00
        98  0.000000E+00  0.000000E+00  0.000000E+00
        99  0.000000E+00  0.000000E+00  0.000000E+00
       100  0.000000E+00  0.000000E+00  0.000000E+00
       101  1.000000E+03  0.000000E+00  0.000000E+00

                    E I G E N V A L U E    N U M B E R    11


 displacements (vx,vy,vz) for set ALL and time  0.2000000E+01

         1  0.000000E+00  0.000000E+00  0.000000E+00
         2 -1.084202E-19  1.380415E-02 -1.010165E-02
         3 -5.963112E-19  2.711928E-02 -1.984545E-02
         4 -7.589415E-19  3.947370E-02 -2.888622E-02
         5 -1.572093E-18  5.042974E-02 -3.690367E-02
         6 -1.355253E-18  5.959928E-02 -4.361380E-02
         7 -1.084202E-18  6.665749E-02 -4.877888E-02
         8 -1.192622E-18  7.135432E-02 -5.221595E-02
         9 -2.710505E-18  7.352339E-02 -5.380324E-02
        10 -1.951564E-18  7.308786E-02 -5.348452E-02
        11 -8.673617E-19  7.006316E-02 -5.127109E-02
        12 -2.276825E-18  6.455643E-02 -4.724136E-02
        13 -2.059984E-18  5.676276E-02 -4.153807E-02
        14 -3.035766E-18  4.695824E-02 -3.436328E-02
        15 -1.192622E-18  3.549020E-02 -2.597116E-02
        16 -1.653408E-18  2.276490E-02 -1.665899E-02
        17 -7.182839E-19  9.233144E-03 -6.756667E-03
        18 -8.131516E-19 -4.625700E-03  3.385013E-03
        19 -1.124860E-18 -1.832068E-02  1.340678E-02
        20 -1.707618E-18 -3.136663E-02  2.295360E-02
        21 -2.385245E-18 -4.330141E-02  3.168728E-02
        22 -1.843144E-18 -5.370222E-02  3.929842E-02
        23 -1.490778E-18 -6.220059E-02  4.551740E-02
        24 -2.710505E-18 -6.849548E-02  5.012389E-02
        25 -1.653408E-18 -7.236389E-02  5.295473E-02
        26 -1.138412E-18 -7.366876E-02  5.390962E-02
        27 -2.168404E-19 -7.236389E-02  5.295473E-02
        28  3.252607E-19 -6.849548E-02  5.012389E-02
        29  1.301043E-18 -6.220059E-02  4.551740E-02
        30  2.168404E-18 -5.370222E-02  3.929842E-02
        31  3.469447E-18 -4.330141E-02  3.168728E-02
        32  2.818926E-18 -3.136663E-02  2.295360E-02
        33  3.686287E-18 -1.832068E-02  1.340678E-02
        34  5.421011E-18 -4.625700E-03  3.385013E-03
        35  3.035766E-18  9.233144E-03 -6.756667E-03
        36  3.469447E-18  2.276490E-02 -1.665899E-02
        37  4.987330E-18  3.549020E-02 -2.597116E-02
        38  1.951564E-18  4.695824E-02 -3.436328E-02
        39  2.168404E-18  5.676276E-02 -4.153807E-02
        40 -2.168404E-19  6.455643E-02 -4.724136E-02
        41  2.385245E-18  7.006316E-02 -5.127109E-02
        42  7.589415E-19  7.308786E-02 -5.348452E-02
        43  1.409463E-18  7.352339E-02 -5.380324E-02
        44 -1.192622E-18  7.135432E-02 -5.221595E-02
        45 -4.607859E-19  6.665749E-02 -4.877888E-02
        46 -1.355253E-19  5.959928E-02 -4.361380E-02
        47  3.523657E-19  5.042974E-02 -3.690367E-02
        48  4.336809E-19  3.947370E-02 -2.888622E-02
        49 -2.168404E-19  2.711928E-02 -1.984545E-02
        50  1.084202E-19  1.380415E-02 -1.010165E-02
        51 -4.336809E-19 -7.632783E-17  6.938894E-17
        52 -1.084202E-18 -1.380415E-02  1.010165E-02
        53 -6.288373E-18 -2.711928E-02  1.984545E-02
        54 -3.469447E-18 -3.947370E-02  2.888622E-02
        55 -1.734723E-18 -5.042974E-02  3.690367E-02
        56 -1.734723E-18 -5.959928E-02  4.361380E-02
        57 -3.469447E-18 -6.665749E-02  4.877888E-02
        58 -3.035766E-18 -7.135432E-02  5.221595E-02
        59 -5.204170E-18 -7.352339E-02  5.380324E-02
        60 -3.035766E-18 -7.308786E-02  5.348452E-02
        61 -3.903128E-18 -7.006316E-02  5.127109E-02
        62 -1.734723E-18 -6.455643E-02  4.724136E-02
        63 -2.168404E-18 -5.676276E-02  4.153807E-02
        64 -8.673617E-19 -4.695824E-02  3.436328E-02
        65 -4.336809E-18 -3.549020E-02  2.597116E-02
        66 -1.301043E-18 -2.276490E-02  1.665899E-02
        67  4.336809E-19 -9.233144E-03  6.756667E-03
        68 -1.301043E-18  4.625700E-03 -3.385013E-03
        69 -8.673617E-19  1.832068E-02 -1.340678E-02
        70 -8.673617E-19  3.136663E-02 -2.295360E-02
        71 -1.301043E-18  4.330141E-02 -3.168728E-02
        72 -6.505213E-19  5.370222E-02 -3.929842E-02
        73 -1.301043E-18  6.220059E-02 -4.551740E-02
        74 -1.403994E-52  6.849548E-02 -5.012389E-02
        75 -8.673617E-19  7.236389E-02 -5.295473E-02
        76 -4.336809E-19  7.366876E-02 -5.390962E-02
        77 -5.668074E-53  7.236389E-02 -5.295473E-02
        78  8.673617E-19  6.849548E-02 -5.012389E-02
        79  4.336809E-19  6.220059E-02 -4.551740E-02
        80 -1.734723E-18  5.370222E-02 -3.929842E-02
        81  4.336809E-19  4.330141E-02 -3.168728E-02
        82 -1.517883E-18  3.136663E-02 -2.295360E-02
        83 -1.301043E-18  1.832068E-02 -1.340678E-02
        84 -1.301043E-18  4.625700E-03 -3.385013E-03
        85 -3.903128E-18 -9.233144E-03  6.756667E-03
        86 -1.734723E-18 -2.276490E-02  1.665899E-02
        87 -3.469447E-18 -3.549020E-02  2.597116E-02
        88 -2.602085E-18 -4.695824E-02  3.436328E-02
        89 -2.602085E-18 -5.676276E-02  4.153807E-02
        90 -4.336809E-18 -6.455643E-02  4.724136E-02
        91 -3.035766E-18 -7.006316E-02  5.127109E-02
        92 -2.168404E-18 -7.308786E-02  5.348452E-02
        93 -3.035766E-18 -7.352339E-02  5.380324E-02
        94 -4.770490E-18 -7.135432E-02  5.221595E-02
        95 -3.252607E-18 -6.665749E-02  4.877888E-02
        96 -2.385245E-18 -5.959928E-02  4.361380E-02
        97 -3.686287E-18 -5.042974E-02  3.690367E-02
        98 -1.301043E-18 -3.947370E-02  2.888622E-02
        99 -8.673617E-19 -2.711928E-02  1.984545E-02
       100 -9.215718E-19 -1.380415E-02  1.010165E-02
       101  0.000000E+00  0.000000E+00  0.000000E+00

 forces (fx,fy,fz) for set ALL and time  0.2000000E+01

         1 -1.000000E+03  0.000000E+00  0.000000E+00
         2  0.000000E+00  0.000000E+00  0.000000E+00
         3  0.000000E+00  0.000000E+00  0.000000E+00
         4  0.000000E+00  0.000000E+00  0.000000E+00
         5  0.000000E+00  0.000000E+00  0.000000E+00
         6  0.000000E+00  0.000000E+00  0.000000E+00
         7  0.000000E+00  0.000000E+00  0.000000E+00
         8  0.000000E+00  0.000000E+00  0.000000E+00
         9  0.000000E+00  0.000000E+00  0.000000E+00
        10  0.000000E+00  0.000000E+00  0.000000E+00
        11  0.000000E+00  0.000000E+00  0.000000E+00
        12  0.000000E+00  0.000000E+00  0.000000E+00
        13  0.000000E+00  0.000000E+00  0.000000E+00
        14  0.000000E+00  0.000000E+00  0.000000E+00
        15  0.000000E+00  0.000000E+00  0.000000E+00
        16  0.000000E+00  0.000000E+00  0.000000E+00
        17  0.000000E+00  0.000000E+00  0.000000E+00
        18  0.000000E+00  0.000000E+00  0.000000E+00
        19  0.000000E+00  0.000000E+00  0.000000E+00
        20  0.000000E+00  0.000000E+00  0.000000E+00
        21  0.000000E+00  0.000000E+00  0.000000E+00
        22  0.000000E+00  0.000000E+00  0.000000E+00
        23  0.000000E+00  0.000000E+00  0.000000E+00
        24  0.000000E+00  0.000000E+00  0.000000E+00
        25  0.000000E+00  0.000000E+00  0.000000E+00
        26  0.000000E+00  0.000000E+00  0.000000E+00
        27  0.000000E+00  0.000000E+00  0.000000E+00
        28  0.000000E+00  0.000000E+00  0.000000E+00
        29  0.000000E+00  0.000000E+00  0.000000E+00
        30  0.000000E+00  0.000000E+00  0.000000E+00
        31  0.000000E+00  0.000000E+00  0.000000E+00
        32  0.000000E+00  0.000000E+00  0.000000E+00
        33  0.000000E+00  0.000000E+00  0.000000E+00
        34  0.000000E+00  0.000000E+00  0.000000E+00
        35  0.000000E+00  0.000000E+00  0.000000E+00
        36  0.000000E+00  0.000000E+00  0.000000E+00
        37  0.000000E+00  0.000000E+00  0.000000E+00
        38  0.000000E+00  0.000000E+00  0.000000E+00
        39  0.000000E+00  0.000000E+00  0.000000E+00
        40  0.000000E+00  0.000000E+00  0.000000E+00
        41  0.000000E+00  0.000000E+00  0.000000E+00
        42  0.000000E+00  0.000000E+00  0.000000E+00
        43  0.000000E+00  0.000000E+00  0.000000E+00
        44  0.000000E+00  0.000000E+00  0.000000E+00
        45  0.000000E+00  0.000000E+00  0.000000E+00
        46  0.000000E+00  0.000000E+00  0.000000E+00
        47  0.000000E+00  0.000000E+00  0.000000E+00
        48  0.000000E+00  0.000000E+00  0.000000E+00
        49  0.000000E+00  0.000000E+00  0.000000E+00
        50  0.000000E+00  0.000000E+00  0.000000E+00
        51  0.000000E+00  0.000000E+00  0.000000E+00
        52  0.000000E+00  0.000000E+00  0.000000E+00
        53  0.000000E+00  0.000000E+00  0.000000E+00
        54  0.000000E+00  0.000000E+00  0.000000E+00
        55  0.000000E+00  0.000000E+00  0.000000E+00
        56  0.000000E+00  0.000000E+00  0.000000E+00
        57  0.000000E+00  0.000000E+00  0.000000E+00
        58  0.000000E+00  0.000000E+00  0.000000E+00
        59  0.000000E+00  0.000000E+00  0.000000E+00
        60  0.000000E+00  0.000000E+00  0.000000E+00
        61  0.000000E+00  0.000000E+00  0.000000E+00
        62  0.000000E+00  0.000000E+00  0.000000E+00
        63  0.000000E+00  0.000000E+00  0.000000E+00
        64  0.000000E+00  0.000000E+00  0.000000E+00
        65  0.000000E+00  0.000000E+00  0.000000E+00
        66  0.000000E+00  0.000000E+00  0.000000E+00
        67  0.000000E+00  0.000000E+00  0.000000E+00
        68  0.000000E+00  0.000000E+00  0.000000E+00
        69  0.000000E+00  0.000000E+00  0.000000E+00
        70  0.000000E+00  0.000000E+00  0.000000E+00
        71  0.000000E+00  0.000000E+00  0.000000E+00
        72  0.000000E+00  0.000000E+00  0.000000E+00
        73  0.000000E+00  0.000000E+00  0.000000E+00
        74  0.000000E+00  0.000000E+00  0.000000E+00
        75  0.000000E+00  0.000000E+00  0.000000E+00
        76  0.000000E+00  0.000000E+00  0.000000E+00
        77  0.000000E+00  0.000000E+00  0.000000E+00
        78  0.000000E+00  0.000000E+00  0.000000E+00
        79  0.000000E+00  0.000000E+00  0.000000E+00
        80  0.000000E+00  0.000000E+00  0.000000E+00
        81  0.000000E+00  0.000000E+00  0.000000E+00
        82  0.000000E+00  0.000000E+00  0.000000E+00
        83  0.000000E+00  0.000000E+00  0.000000E+00
        84  0.000000E+00  0.000000E+00  0.000000E+00
        85  0.000000E+00  0.000000E+00  0.000000E+00
        86  0.000000E+00  0.000000E+00  0.000000E+00
        87  0.000000E+00  0.000000E+00  0.000000E+00
        88  0.000000E+00  0.000000E+00  0.000000E+00
        89  0.000000E+00  0.000000E+00  0.000000E+00
        90  0.000000E+00  0.000000E+00  0.000000E+00
        91  0.000000E+00  0.000000E+00  0.000000E+00
        92  0.000000E+00  0.000000E+00  0.000000E+00
        93  0.000000E+00  0.000000E+00  0.000000E+00
        94  0.000000E+00  0.000000E+00  0.000000E+00
        95  0.000000E+00  0.000000E+00  0.000000E+00
        96  0.000000E+00  0.000000E+00  0.000000E+00
        97  0.000000E+00  0.000000E+00  0.000000E+00
        98  0.000000E+00  0.000000E+00  0.000000E+00
        99  0.000000E+00  0.000000E+00  0.000000E+00
       100  0.000000E+00  0.000000E+00  0.000000E+00
       101  1.000000E+03  0.000000E+00  0.000000E+00

                    E I G E N V A L U E    N U M B E R    12


 displacements (vx,vy,vz) for set ALL and time  0.2000000E+01

         1  0.000000E+00  0.000000E+00  0.000000E+00
         2 -1.734723E-18 -1.010165E-02 -1.380415E-02
         3 -7.264155E-18 -1.984545E-02 -2.711928E-02
         4 -6.451003E-18 -2.888622E-02 -3.947370E-02
         5 -1.311885E-17 -3.690367E-02 -5.042974E-02
         6 -1.463673E-17 -4.361380E-02 -5.959928E-02
         7 -1.474515E-17 -4.877888E-02 -6.665749E-02
         8 -1.734723E-17 -5.221595E-02 -7.135432E-02
         9 -2.016616E-17 -5.380324E-02 -7.352339E-02
        10 -2.537033E-17 -5.348452E-02 -7.308786E-02
        11 -2.363561E-17 -5.127109E-02 -7.006316E-02
        12 -2.818926E-17 -4.724136E-02 -6.455643E-02
        13 -2.190088E-17 -4.153807E-02 -5.676276E-02
        14 -1.886512E-17 -3.436328E-02 -4.695824E-02
        15 -1.517883E-17 -2.597116E-02 -3.549020E-02
        16 -8.023096E-18 -1.665899E-02 -2.276490E-02
        17 -6.288373E-18 -6.756667E-03 -9.233144E-03
        18 -1.235990E-17  3.385013E-03  4.625700E-03
        19 -1.301043E-17  1.340678E-02  1.832068E-02
        20 -1.604619E-17  2.295360E-02  3.136663E-02
        21 -2.797242E-17  3.168728E-02  4.330141E-02
        22 -2.840610E-17  3.929842E-02  5.370222E-02
        23 -2.992398E-17  4.551740E-02  6.220059E-02
        24 -2.862294E-17  5.012389E-02  6.849548E-02
        25 -2.602085E-17  5.295473E-02  7.236389E-02
        26 -2.320193E-17  5.390962E-02  7.366876E-02
        27 -8.023096E-18  5.295473E-02  7.236389E-02
        28  2.602085E-18  5.012389E-02  6.849548E-02
        29  6.938894E-18  4.551740E-02  6.220059E-02
        30  1.908196E-17  3.929842E-02  5.370222E-02
        31  2.244298E-17  3.168728E-02  4.330141E-02
        32  2.672558E-17  2.295360E-02  3.136663E-02
        33  4.111837E-17  1.340678E-02  1.832068E-02
        34  3.672735E-17  3.385013E-03  4.625700E-03
        35  2.856873E-17 -6.756667E-03 -9.233144E-03
        36  3.436921E-17 -1.665899E-02 -2.276490E-02
        37  2.612927E-17 -2.597116E-02 -3.549020E-02
        38  3.577867E-17 -3.436328E-02 -4.695824E-02
        39  3.187554E-17 -4.153807E-02 -5.676276E-02
        40  2.341877E-17 -4.724136E-02 -6.455643E-02
        41  1.886512E-17 -5.127109E-02 -7.006316E-02
        42  1.322727E-17 -5.348452E-02 -7.308786E-02
        43  6.071532E-18 -5.380324E-02 -7.352339E-02
        44  1.506398E-43 -5.221595E-02 -7.135432E-02
        45 -3.035766E-18 -4.877888E-02 -6.665749E-02
        46 -1.301043E-18 -4.361380E-02 -5.959928E-02
        47  2.602085E-18 -3.690367E-02 -5.042974E-02
        48  7.806256E-18 -2.888622E-02 -3.947370E-02
        49  6.938894E-18 -1.984545E-02 -2.711928E-02
        50 -1.301043E-18 -1.010165E-02 -1.380415E-02
        51 -9.540979E-18  8.326673E-17  2.775558E-17
        52 -2.168404E-17  1.010165E-02  1.380415E-02
        53 -3.122502E-17  1.984545E-02  2.711928E-02
        54 -3.295975E-17  2.888622E-02  3.947370E-02
        55 -3.209238E-17  3.690367E-02  5.042974E-02
        56 -3.035766E-17  4.361380E-02  5.959928E-02
        57 -2.949030E-17  4.877888E-02  6.665749E-02
        58 -2.862294E-17  5.221595E-02  7.135432E-02
        59 -2.515349E-17  5.380324E-02  7.352339E-02
        60 -2.255141E-17  5.348452E-02  7.308786E-02
        61 -1.821460E-17  5.127109E-02  7.006316E-02
        62 -1.387779E-17  4.724136E-02  6.455643E-02
        63 -8.673617E-19  4.153807E-02  5.676276E-02
        64  2.602085E-18  3.436328E-02  4.695824E-02
        65  6.071532E-18  2.597116E-02  3.549020E-02
        66  6.938894E-18  1.665899E-02  2.276490E-02
        67  4.336809E-18  6.756667E-03  9.233144E-03
        68  5.204170E-18 -3.385013E-03 -4.625700E-03
        69  7.806256E-18 -1.340678E-02 -1.832068E-02
        70  1.474515E-17 -2.295360E-02 -3.136663E-02
        71  1.387779E-17 -3.168728E-02 -4.330141E-02
        72  2.081668E-17 -3.929842E-02 -5.370222E-02
        73  2.081668E-17 -4.551740E-02 -6.220059E-02
        74  3.165870E-17 -5.012389E-02 -6.849548E-02
        75  2.775558E-17 -5.295473E-02 -7.236389E-02
        76  4.033232E-17 -5.390962E-02 -7.366876E-02
        77  3.816392E-17 -5.295473E-02 -7.236389E-02
        78  2.992398E-17 -5.012389E-02 -6.849548E-02
        79  2.775558E-17 -4.551740E-02 -6.220059E-02
        80  2.732189E-17 -3.929842E-02 -5.370222E-02
        81  2.905662E-17 -3.168728E-02 -4.330141E-02
        82  2.081668E-17 -2.295360E-02 -3.136663E-02
        83  1.387779E-17 -1.340678E-02 -1.832068E-02
        84  6.071532E-18 -3.385013E-03 -4.625700E-03
        85 -1.301043E-18  6.756667E-03  9.233144E-03
        86 -1.431147E-17  1.665899E-02  2.276490E-02
        87 -1.734723E-17  2.597116E-02  3.549020E-02
        88 -2.862294E-17  3.436328E-02  4.695824E-02
        89 -3.426079E-17  4.153807E-02  5.676276E-02
        90 -3.382711E-17  4.724136E-02  6.455643E-02
        91 -3.339343E-17  5.127109E-02  7.006316E-02
        92 -3.816392E-17  5.348452E-02  7.308786E-02
        93 -3.946496E-17  5.380324E-02  7.352339E-02
        94 -3.512815E-17  5.221595E-02  7.135432E-02
        95 -2.992398E-17  4.877888E-02  6.665749E-02
        96 -3.599551E-17  4.361380E-02  5.959928E-02
        97 -2.710505E-17  3.690367E-02  5.042974E-02
        98 -1.301043E-17  2.888622E-02  3.947370E-02
        99 -6.396793E-18  1.984545E-02  2.711928E-02
       100 -4.119968E-18  1.010165E-02  1.380415E-02
       101  0.000000E+00  0.000000E+00  0.000000E+00

 forces (fx,fy,fz) for set ALL and time  0.2000000E+01

         1 -1.000000E+03  0.000000E+00  0.000000E+00
         2  0.000000E+00  0.000000E+00  0.000000E+00
         3  0.000000E+00  0.000000E+00  0.000000E+00
         4  0.000000E+00  0.000000E+00  0.000000E+00
         5  0.000000E+00  0.000000E+00  0.000000E+00
         6  0.000000E+00  0.000000E+00  0.000000E+00
         7  0.000000E+00  0.000000E+00  0.000000E+00
         8  0.000000E+00  0.000000E+00  0.000000E+00
         9  0.000000E+00  0.000000E+00  0.000000E+00
        10  0.000000E+00  0.000000E+00  0.000000E+00
        11  0.000000E+00  0.000000E+00  0.000000E+00
        12  0.000000E+00  0.000000E+00  0.000000E+00
        13  0.000000E+00  0.000000E+00  0.000000E+00
        14  0.000000E+00  0.000000E+00  0.000000E+00
        15  0.000000E+00  0.000000E+00  0.000000E+00
        16  0.000000E+00  0.000000E+00  0.000000E+00
        17  0.000000E+00  0.000000E+00  0.000000E+00
        18  0.000000E+00  0.000000E+00  0.000000E+00
        19  0.000000E+00  0.000000E+00  0.000000E+00
        20  0.000000E+00  0.000000E+00  0.000000E+00
        21  0.000000E+00  0.000000E+00  0.000000E+00
        22  0.000000E+00  0.000000E+00  0.000000E+00
        23  0.000000E+00  0.000000E+00  0.000000E+00
        24  0.000000E+00  0.000000E+00  0.000000E+00
        25  0.000000E+00  0.000000E+00  0.000000E+00
        26  0.000000E+00  0.000000E+00  0.000000E+00
        27  0.000000E+00  0.000000E+00  0.000000E+00
        28  0.000000E+00  0.000000E+00  0.000000E+00
        29  0.000000E+00  0.000000E+00  0.000000E+00
        30  0.000000E+00  0.000000E+00  0.000000E+00
        31  0.000000E+00  0.000000E+00  0.000000E+00
        32  0.000000E+00  0.000000E+00  0.000000E+00
        33  0.000000E+00  0.000000E+00  0.000000E+00
        34  0.000000E+00  0.000000E+00  0.000000E+00
        35  0.000000E+00  0.000000E+00  0.000000E+00
        36  0.000000E+00  0.000000E+00  0.000000E+00
        37  0.000000E+00  0.000000E+00  0.000000E+00
        38  0.000000E+00  0.000000E+00  0.000000E+00
        39  0.000000E+00  0.000000E+00  0.000000E+00
        40  0.000000E+00  0.000000E+00  0.000000E+00
        41  0.000000E+00  0.000000E+00  0.000000E+00
        42  0.000000E+00  0.000000E+00  0.000000E+00
        43  0.000000E+00  0.000000E+00  0.000000E+00
        44  0.000000E+00  0.000000E+00  0.000000E+00
        45  0.000000E+00  0.000000E+00  0.000000E+00
        46  0.000000E+00  0.000000E+00  0.000000E+00
        47  0.000000E+00  0.000000E+00  0.000000E+00
        48  0.000000E+00  0.000000E+00  0.000000E+00
        49  0.000000E+00  0.000000E+00  0.000000E+00
        50  0.000000E+00  0.000000E+00  0.000000E+00
        51  0.000000E+00  0.000000E+00  0.000000E+00
        52  0.000000E+00  0.000000E+00  0.000000E+00
        53  0.000000E+00  0.000000E+00  0.000000E+00
        54  0.000000E+00  0.000000E+00  0.000000E+00
        55  0.000000E+00  0.000000E+00  0.000000E+00
        56  0.000000E+00  0.000000E+00  0.000000E+00
        57  0.000000E+00  0.000000E+00  0.000000E+00
        58  0.000000E+00  0.000000E+00  0.000000E+00
        59  0.000000E+00  0.000000E+00  0.000000E+00
        60  0.000000E+00  0.000000E+00  0.000000E+00
        61  0.000000E+00  0.000000E+00  0.000000E+00
        62  0.000000E+00  0.000000E+00  0.000000E+00
        63  0.000000E+00  0.000000E+00  0.000000E+00
        64  0.000000E+00  0.000000E+00  0.000000E+00
        65  0.000000E+00  0.000000E+00  0.000000E+00
        66  0.000000E+00  0.000000E+00  0.000000E+00
        67  0.000000E+00  0.000000E+00  0.000000E+00
        68  0.000000E+00  0.000000E+00  0.000000E+00
        69  0.000000E+00  0.000000E+00  0.000000E+00
        70  0.000000E+00  0.000000E+00  0.000000E+00
        71  0.000000E+00  0.000000E+00  0.000000E+00
        72  0.000000E+00  0.000000E+00  0.000000E+00
        73  0.000000E+00  0.000000E+00  0.000000E+00
        74  0.000000E+00  0.000000E+00  0.000000E+00
        75  0.000000E+00  0.000000E+00  0.000000E+00
        76  0.000000E+00  0.000000E+00  0.000000E+00
        77  0.000000E+00  0.000000E+00  0.000000E+00
        78  0.000000E+00  0.000000E+00  0.000000E+00
        79  0.000000E+00  0.000000E+00  0.000000E+00
        80  0.000000E+00  0.000000E+00  0.000000E+00
        81  0.000000E+00  0.000000E+00  0.000000E+00
        82  0.000000E+00  0.000000E+00  0.000000E+00
        83  0.000000E+00  0.000000E+00  0.000000E+00
        84  0.000000E+00  0.000000E+00  0.000000E+00
        85  0.000000E+00  0.000000E+00  0.000000E+00
        86  0.000000E+00  0.000000E+00  0.000000E+00
        87  0.000000E+00  0.000000E+00  0.000000E+00
        88  0.000000E+00  0.000000E+00  0.000000E+00
        89  0.000000E+00  0.000000E+00  0.000000E+00
        90  0.000000E+00  0.000000E+00  0.000000E+00
        91  0.000000E+00  0.000000E+00  0.000000E+00
        92  0.000000E+00  0.000000E+00  0.000000E+00
        93  0.000000E+00  0.000000E+00  0.000000E+00
        94  0.000000E+00  0.000000E+00  0.000000E+00
        95  0.000000E+00  0.000000E+00  0.000000E+00
        96  0.000000E+00  0.000000E+00  0.000000E+00
        97  0.000000E+00  0.000000E+00  0.000000E+00
        98  0.000000E+00  0.000000E+00  0.000000E+00
        99  0.000000E+00  0.000000E+00  0.000000E+00
       100  0.000000E+00  0.000000E+00  0.000000E+00
       101  1.000000E+03  0.000000E+00  0.000000E+00
