      1.,  0.3682629273831039E-01,      1.,         80., -0.1634319853181138E-18,  0.2908931951767021E-16,  0.1152803088899094E-17,  0.0000000000000000E+00,  0.0000000000000000E+00,  0.0000000000000000E+00
      1.,  0.3682629273831039E-01,      2.,      28469., -0.1667443048098473E-05,  0.2119379390775280E-01,  0.1229618449006524E-04,  0.2134137768863293E-08, -0.4891602901919944E-16, -0.9271739393789499E-10
      1.,  0.3682629273831039E-01,      3.,      28660.,  0.4882041033787916E-07,  0.3045241514726111E-01,  0.3502821696028178E-04,  0.1767860750738740E-08, -0.4906680847977131E-17, -0.3666545829513000E-11
      1.,  0.3682629273831039E-01,      4.,        374.,  0.1331161429862085E-05,  0.2167627560768786E-01,  0.1449510643197474E-04,  0.0000000000000000E+00,  0.0000000000000000E+00,  0.0000000000000000E+00
      1.,  0.3682629273831039E-01,      5.,      29176., -0.7153935999566030E-17, -0.1736704715218900E-15, -0.2396025703496771E-16, -0.7091596242906015E-21,  0.7694340617603094E-24,  0.1846322279471654E-21
      1.,  0.3682629273831039E-01,      6.,      14098.,  0.4452440305840171E-17,  0.2973652763591079E-16, -0.1029826810178148E-16,  0.0000000000000000E+00,  0.0000000000000000E+00,  0.0000000000000000E+00
      1.,  0.3682629273831039E-01,      7.,      51317.,  0.2170978690498312E-05,  0.2119384653438874E-01, -0.8198214747359569E-06,  0.2134564099193280E-08, -0.2187015160992654E-15, -0.1230878987103556E-09
      1.,  0.3682629273831039E-01,      8.,      51508., -0.1728744895267083E-08,  0.3045246560358558E-01, -0.2538020861739816E-04,  0.1764557393600283E-08, -0.2006901750796119E-14, -0.3481748858858770E-11
      1.,  0.3682629273831039E-01,      9.,      14392., -0.2227434584051575E-05,  0.2167634778717640E-01, -0.7434505139138463E-06,  0.0000000000000000E+00,  0.0000000000000000E+00,  0.0000000000000000E+00
      1.,  0.3682629273831039E-01,     10.,      52024.,  0.2534252944931124E-17, -0.1731918689382056E-15,  0.6963403202952160E-17, -0.1423535951019334E-20,  0.1867001003062325E-24,  0.1779408630184389E-21
      1.,  0.3682629273831039E-01,     11.,    2000040.,  0.1321378825942965E-17, -0.1023618201706796E-17, -0.3534729718032489E-17, -0.3751067299551170E-21,  0.4518219441303811E-22, -0.1441977361268304E-21
      2.,  0.7152531261152290E-01,      1.,         80.,  0.9082573809333671E-17, -0.6302361865701642E-16, -0.2897479729065867E-16,  0.0000000000000000E+00,  0.0000000000000000E+00,  0.0000000000000000E+00
      2.,  0.7152531261152290E-01,      2.,      28469.,  0.9239120767952334E-02, -0.2432679270609565E-05,  0.2853371572291812E-01, -0.3062734450186971E-08, -0.1129798459967548E-17,  0.1312428123663436E-08
      2.,  0.7152531261152290E-01,      3.,      28660.,  0.7273525956776030E-02, -0.5221476595003737E-07,  0.5907788859024629E-03, -0.5788988307631779E-10,  0.3258032835432900E-18,  0.1247298218183465E-08
      2.,  0.7152531261152290E-01,      4.,        374.,  0.9244685174778167E-02,  0.2432554364146798E-05, -0.2855709948011103E-01,  0.0000000000000000E+00,  0.0000000000000000E+00,  0.0000000000000000E+00
      2.,  0.7152531261152290E-01,      5.,      29176., -0.9827099111911317E-17, -0.1043458886604429E-15, -0.1477665566390326E-16,  0.2965819469279702E-21, -0.3611011354534180E-23,  0.3031783057986695E-20
      2.,  0.7152531261152290E-01,      6.,      14098., -0.9541781148173001E-17, -0.6422648893587896E-16,  0.2507306948151116E-16,  0.0000000000000000E+00,  0.0000000000000000E+00,  0.0000000000000000E+00
      2.,  0.7152531261152290E-01,      7.,      51317.,  0.9248771066467591E-02, -0.5607259084252316E-05,  0.2855741235082350E-01,  0.2792276163966669E-08,  0.5108968010751766E-17, -0.1272512737542863E-08
      2.,  0.7152531261152290E-01,      8.,      51508.,  0.7282274045576696E-02, -0.1119201452297172E-06,  0.5909473126077912E-03,  0.6776466245080243E-10,  0.3634511979788750E-18, -0.1183675028090307E-08
      2.,  0.7152531261152290E-01,      9.,      14392.,  0.9254406284546090E-02,  0.5617425389088087E-05, -0.2858105517441999E-01,  0.0000000000000000E+00,  0.0000000000000000E+00,  0.0000000000000000E+00
      2.,  0.7152531261152290E-01,     10.,      52024., -0.9530625077396095E-17, -0.9859589499639677E-16, -0.2927122392747640E-16, -0.2385463215907151E-20, -0.3116726875903362E-23,  0.2829687072600932E-21
      2.,  0.7152531261152290E-01,     11.,    2000040.,  0.7515912327001251E-17,  0.5006373975715698E-17, -0.1946307717521819E-16, -0.1261876442464256E-20,  0.7800683281948434E-22, -0.1109310348140920E-20
      3.,  0.7332505793975658E-01,      1.,         80.,  0.2082024127782517E-17, -0.8203563889493895E-16,  0.6049205191004940E-17,  0.0000000000000000E+00,  0.0000000000000000E+00,  0.0000000000000000E+00
      3.,  0.7332505793975658E-01,      2.,      28469.,  0.8456723133845085E-02,  0.1970589870305309E-01,  0.2605960518506037E-01,  0.1064929151191585E-05, -0.9782669749436537E-16, -0.3552710034499982E-06
      3.,  0.7332505793975658E-01,      3.,      28660.,  0.6651746308835963E-02,  0.3984293359354492E-03,  0.5351391440921771E-03,  0.2188385896235094E-07, -0.4716110258684394E-18, -0.2767794067719408E-06
      3.,  0.7332505793975658E-01,      4.,        374.,  0.8458637180418711E-02, -0.1971190739571534E-01, -0.2607258494834678E-01,  0.0000000000000000E+00,  0.0000000000000000E+00,  0.0000000000000000E+00
      3.,  0.7332505793975658E-01,      5.,      29176., -0.5316990059928379E-16, -0.2062481425230731E-15, -0.1509475266848555E-15, -0.1088639342774495E-19,  0.8590206575794050E-22,  0.3999391797723317E-20
      3.,  0.7332505793975658E-01,      6.,      14098.,  0.3203655948032785E-16, -0.7359023513290894E-16, -0.6874148470670373E-16,  0.0000000000000000E+00,  0.0000000000000000E+00,  0.0000000000000000E+00
      3.,  0.7332505793975658E-01,      7.,      51317., -0.6563526802984598E-02,  0.1973509845072167E-01, -0.2035973931557317E-01,  0.1064880029306950E-05, -0.1954817037996657E-15, -0.3554002878520878E-06
      3.,  0.7332505793975658E-01,      8.,      51508., -0.5171016273228552E-02,  0.3991202786556935E-03, -0.4179606713593161E-03,  0.2189680372344438E-07, -0.2576496711674178E-16, -0.2764596506261624E-06
      3.,  0.7332505793975658E-01,      9.,      14392., -0.6567440496738710E-02, -0.1973985138021988E-01,  0.2038643264896731E-01,  0.0000000000000000E+00,  0.0000000000000000E+00,  0.0000000000000000E+00
      3.,  0.7332505793975658E-01,     10.,      52024., -0.1595603109086438E-16, -0.2074825184659570E-15, -0.4521610995681415E-16, -0.3468587670532135E-21, -0.1413099214102051E-23,  0.2000628443688259E-20
      3.,  0.7332505793975658E-01,     11.,    2000040., -0.4271482545393131E-18, -0.3835338109744917E-16, -0.1203056375693605E-17, -0.2578504713563905E-20,  0.7992236847289362E-23,  0.1875880410173711E-21
      4.,  0.7375595661642424E-01,      1.,         80., -0.3903099979829717E-17, -0.3627071606971166E-16,  0.1267599068142508E-17,  0.0000000000000000E+00,  0.0000000000000000E+00,  0.0000000000000000E+00
      4.,  0.7375595661642424E-01,      2.,      28469.,  0.6105051294234242E-02, -0.2328841508579786E-01,  0.1877447289736494E-01,  0.7560867250808252E-06,  0.1558384900208367E-16, -0.2547754397550980E-06
      4.,  0.7375595661642424E-01,      3.,      28660.,  0.4806109446723428E-02, -0.4729333970397383E-03,  0.3855928585224872E-03,  0.1555895504929011E-07, -0.1208567224590785E-18, -0.1999584245183552E-06
      4.,  0.7375595661642424E-01,      4.,        374.,  0.6105039041369107E-02,  0.2328219131594217E-01, -0.1877546074548968E-01,  0.0000000000000000E+00,  0.0000000000000000E+00,  0.0000000000000000E+00
      4.,  0.7375595661642424E-01,      5.,      29176.,  0.3085108867310239E-16,  0.1211554789887189E-15,  0.8503549229204195E-16,  0.1502001523112677E-19, -0.1036669216576896E-22, -0.4437947583101546E-20
      4.,  0.7375595661642424E-01,      6.,      14098.,  0.9317500623028137E-17, -0.4478283901496384E-16, -0.2302302984532348E-16,  0.0000000000000000E+00,  0.0000000000000000E+00,  0.0000000000000000E+00
      4.,  0.7375595661642424E-01,      7.,      51317., -0.4750236037712946E-02, -0.2326765805605339E-01, -0.1473621346766720E-01,  0.7560490523885230E-06,  0.2458183181362716E-15, -0.2547783055082139E-06
      4.,  0.7375595661642424E-01,      8.,      51508., -0.3738471976035045E-02, -0.4724429589425783E-03, -0.3023724264070911E-03,  0.1556893093654909E-07,  0.3141708659723076E-16, -0.1997430855308205E-06
      4.,  0.7375595661642424E-01,      9.,      14392., -0.4754373081439428E-02,  0.2326243318098924E-01,  0.1476204179275283E-01,  0.0000000000000000E+00,  0.0000000000000000E+00,  0.0000000000000000E+00
      4.,  0.7375595661642424E-01,     10.,      52024., -0.1488387233897568E-16,  0.1202674755219577E-15, -0.4239985880175306E-16,  0.2885510873402274E-20,  0.3058099347682576E-23, -0.3680236738777294E-20
      4.,  0.7375595661642424E-01,     11.,    2000040.,  0.2176158336649251E-18, -0.1188506571930548E-16, -0.3789822118209177E-18, -0.6943364083178170E-21, -0.8121466705654206E-22, -0.6253256829884556E-21
      5.,  0.1012710726235331E+00,      1.,         80.,  0.9387591476429081E-17, -0.1466409402513801E-15, -0.1046521673878366E-16,  0.0000000000000000E+00,  0.0000000000000000E+00,  0.0000000000000000E+00
      5.,  0.1012710726235331E+00,      2.,      28469., -0.4614167356936268E-02,  0.5350504969395822E-06, -0.5777631727698368E-02,  0.7372574983122301E-09,  0.7015274053314885E-18, -0.1302679476894540E-08
      5.,  0.1012710726235331E+00,      3.,      28660.,  0.1400062677802510E-04,  0.2734181383828084E-05,  0.4099960126491540E-01, -0.9262750719017015E-08, -0.3580247985678243E-18,  0.1477164280743815E-10
      5.,  0.1012710726235331E+00,      4.,        374.,  0.4356209500417588E-02,  0.5851898608165643E-06, -0.4305585619036116E-02,  0.0000000000000000E+00,  0.0000000000000000E+00,  0.0000000000000000E+00
      5.,  0.1012710726235331E+00,      5.,      29176.,  0.2068467903059141E-16,  0.3721497284931704E-15,  0.4293096207937134E-16, -0.2652373389531185E-19,  0.1804604368946303E-24,  0.4855227723541375E-20
      5.,  0.1012710726235331E+00,      6.,      14098.,  0.2888744682547401E-16, -0.1385397423394484E-15, -0.2391820273034871E-16,  0.0000000000000000E+00,  0.0000000000000000E+00,  0.0000000000000000E+00
      5.,  0.1012710726235331E+00,      7.,      51317., -0.4622961559968348E-02,  0.1372795050334735E-05, -0.5784538024111868E-02, -0.1146611416454952E-08, -0.1132720798282184E-17,  0.1380984648947445E-08
      5.,  0.1012710726235331E+00,      8.,      51508.,  0.1386905283482152E-04, -0.6513606891384119E-05,  0.4106133380928819E-01,  0.8674286002580913E-08, -0.3591677797249782E-16,  0.4578874524748790E-10
      5.,  0.1012710726235331E+00,      9.,      14392.,  0.4364502084300004E-02,  0.1004171112784284E-05, -0.4309834593344902E-02,  0.0000000000000000E+00,  0.0000000000000000E+00,  0.0000000000000000E+00
      5.,  0.1012710726235331E+00,     10.,      52024., -0.5915358424320373E-16,  0.3423488223838578E-15, -0.1763636901471168E-15,  0.1076019067244192E-19, -0.1702641280348492E-22, -0.4029232172916564E-20
      5.,  0.1012710726235331E+00,     11.,    2000040., -0.1697590824144332E-16, -0.3501200247201349E-16,  0.5346771470517179E-16,  0.3104946219475943E-20,  0.1518753496596618E-20,  0.1894136999224298E-20
      6.,  0.1033450533166489E+00,      1.,         80., -0.4543581936005396E-16, -0.6491980710765847E-15,  0.5519579472225271E-16,  0.0000000000000000E+00,  0.0000000000000000E+00,  0.0000000000000000E+00
      6.,  0.1033450533166489E+00,      2.,      28469., -0.5103258579341687E-02, -0.1076390843186718E-02, -0.5989032155166309E-02, -0.2009642823495852E-06,  0.1623048110286382E-16,  0.2043362729557877E-06
      6.,  0.1033450533166489E+00,      3.,      28660.,  0.1635541149122063E-04,  0.4394595316033567E-02,  0.4630545495769246E-01,  0.1922138765137163E-05,  0.3282179591612496E-16,  0.1046721060167539E-09
      6.,  0.1033450533166489E+00,      4.,        374.,  0.4810888136139314E-02, -0.9021508681272549E-03, -0.4316084125369963E-02,  0.0000000000000000E+00,  0.0000000000000000E+00,  0.0000000000000000E+00
      6.,  0.1033450533166489E+00,      5.,      29176., -0.1207334274597353E-16, -0.1156604178302129E-15, -0.3011120931390422E-16,  0.2567663914158886E-19,  0.1637842454829231E-23, -0.5926147855982741E-20
      6.,  0.1033450533166489E+00,      6.,      14098.,  0.6067547009977024E-17, -0.6529044548630840E-15, -0.5060943209387186E-16,  0.0000000000000000E+00,  0.0000000000000000E+00,  0.0000000000000000E+00
      6.,  0.1033450533166489E+00,      7.,      51317.,  0.4013271236992885E-02, -0.1081650350252132E-02,  0.4913101418864115E-02, -0.2005677727653761E-06,  0.1028822404912762E-16,  0.2044442190217112E-06
      6.,  0.1033450533166489E+00,      8.,      51508., -0.1614956011891182E-04,  0.4450181697780471E-02, -0.3602670318072415E-01,  0.1922059973409498E-05, -0.2747546474567598E-15,  0.8006308558598744E-09
      6.,  0.1033450533166489E+00,      9.,      14392., -0.3797611360093184E-02, -0.9048819478348858E-03,  0.3666273313658539E-02,  0.0000000000000000E+00,  0.0000000000000000E+00,  0.0000000000000000E+00
      6.,  0.1033450533166489E+00,     10.,      52024.,  0.1716196531929363E-16, -0.6212084743047752E-16,  0.5989531910436579E-16,  0.1239201139474524E-20, -0.4036493288928039E-22,  0.8050959432924203E-21
      6.,  0.1033450533166489E+00,     11.,    2000040.,  0.2048548344295133E-16, -0.5765218771307371E-16, -0.8509397484815472E-16, -0.2353312085837906E-20, -0.2925921144973418E-20, -0.3470092367575801E-21
      7.,  0.1102799024762718E+00,      1.,         80.,  0.8845180950639857E-17, -0.4676488253810189E-15,  0.1640999850912670E-16,  0.0000000000000000E+00,  0.0000000000000000E+00,  0.0000000000000000E+00
      7.,  0.1102799024762718E+00,      2.,      28469.,  0.1392725109682908E-03, -0.2239813370979412E-01, -0.2995505440567764E-04, -0.1949357795272685E-07,  0.5087209401215358E-16, -0.2642519116580000E-08
      7.,  0.1102799024762718E+00,      3.,      28660., -0.1019229801795764E-05,  0.3032986119031584E-01, -0.1670243666964490E-02, -0.6685381017259892E-07, -0.7393223654197507E-17, -0.3030620014780421E-11
      7.,  0.1102799024762718E+00,      4.,        374., -0.1285664324569951E-03, -0.2095024552661763E-01, -0.9641692112827945E-04,  0.0000000000000000E+00,  0.0000000000000000E+00,  0.0000000000000000E+00
      7.,  0.1102799024762718E+00,      5.,      29176.,  0.1342635326987275E-15,  0.1073108324397964E-14,  0.3876957658082032E-15,  0.1729754097850692E-19, -0.3600286676310260E-22, -0.2775458572297780E-20
      7.,  0.1102799024762718E+00,      6.,      14098., -0.6951440449433713E-17, -0.4530780740787313E-15,  0.1196183415620089E-16,  0.0000000000000000E+00,  0.0000000000000000E+00,  0.0000000000000000E+00
      7.,  0.1102799024762718E+00,      7.,      51317., -0.1258188278121298E-03, -0.2239864931278993E-01, -0.7507073990246980E-04, -0.1952402014610604E-07,  0.2307659180797048E-15, -0.2551390876379610E-08
      7.,  0.1102799024762718E+00,      8.,      51508.,  0.1052528822708950E-05,  0.3032792165422164E-01,  0.1316700137254831E-02, -0.6687831937300793E-07, -0.2000108399259024E-14, -0.3673342289727509E-10
      7.,  0.1102799024762718E+00,      9.,      14392.,  0.1213114125055406E-03, -0.2095095555240124E-01, -0.4350327843766075E-04,  0.0000000000000000E+00,  0.0000000000000000E+00,  0.0000000000000000E+00
      7.,  0.1102799024762718E+00,     10.,      52024., -0.5488230344032878E-16,  0.1073835068909622E-14, -0.1647743036322448E-15,  0.1096187081178417E-19,  0.1632795295763451E-22, -0.8913149790056356E-20
      7.,  0.1102799024762718E+00,     11.,    2000040., -0.4435778319618409E-17, -0.7606065789069564E-16,  0.4460090395223295E-17, -0.3481448958015679E-20, -0.8134764071810278E-22,  0.1358217084471149E-20
      8.,  0.1162243114890276E+00,      1.,         80., -0.2067554624758360E-16, -0.6901074123007940E-15,  0.2696508131465345E-16,  0.0000000000000000E+00,  0.0000000000000000E+00,  0.0000000000000000E+00
      8.,  0.1162243114890276E+00,      2.,      28469.,  0.5439643688357195E-16,  0.6289421579453088E-15,  0.5758958239857850E-16,  0.1566580603693519E-19, -0.2772173744549508E-22, -0.7893644693196015E-20
      8.,  0.1162243114890276E+00,      3.,      28660.,  0.1124076198115712E-16, -0.4504164946088601E-15, -0.3548360662835833E-16, -0.8240788937705359E-20, -0.2039064504871536E-22,  0.2571675598134539E-20
      8.,  0.1162243114890276E+00,      4.,        374.,  0.6452995135114200E-16,  0.2790325509564986E-15, -0.2517711286590992E-15,  0.0000000000000000E+00,  0.0000000000000000E+00,  0.0000000000000000E+00
      8.,  0.1162243114890276E+00,      5.,      29176.,  0.3994640334441328E-03,  0.5472629771038229E-01,  0.1154522853405653E-02,  0.5444319926664142E-07, -0.1917197808929829E-16, -0.1797168441524877E-07
      8.,  0.1162243114890276E+00,      6.,      14098., -0.2175870461878255E-16, -0.6944909954054966E-15,  0.4798118498027644E-16,  0.0000000000000000E+00,  0.0000000000000000E+00,  0.0000000000000000E+00
      8.,  0.1162243114890276E+00,      7.,      51317., -0.9359895078889858E-16,  0.3997969860319290E-15, -0.5404580060007460E-15, -0.1494754302907651E-18,  0.1560878995233093E-21,  0.5059947652015284E-20
      8.,  0.1162243114890276E+00,      8.,      51508.,  0.2585152558648971E-16, -0.4295286478209449E-15, -0.2736503947652649E-16,  0.6892777156305843E-20, -0.8516965527951980E-23, -0.3374319535728628E-21
      8.,  0.1162243114890276E+00,      9.,      14392.,  0.3855857844444812E-16,  0.2764653988835768E-15, -0.1064708590149063E-15,  0.0000000000000000E+00,  0.0000000000000000E+00,  0.0000000000000000E+00
      8.,  0.1162243114890276E+00,     10.,      52024., -0.3043191211083181E-03,  0.5472776604637349E-01, -0.8655892772357962E-03,  0.5408700002044415E-07, -0.9963470963217093E-16, -0.1828749750266386E-07
      8.,  0.1162243114890276E+00,     11.,    2000040., -0.5901792142912775E-17, -0.1184624966924089E-15,  0.1493051682472237E-16,  0.2647626174901901E-20, -0.1435777965957256E-21,  0.5622505866218211E-21
      9.,  0.1248563027328964E+00,      1.,         80., -0.2954159573418005E-03,  0.5621227755113466E-01,  0.6882841333426075E-03,  0.0000000000000000E+00,  0.0000000000000000E+00,  0.0000000000000000E+00
      9.,  0.1248563027328964E+00,      2.,      28469., -0.4046360018477191E-16, -0.4962956527150018E-15, -0.1440370024958621E-15, -0.5777200768787419E-19,  0.1357005468542265E-22,  0.5007661132204717E-20
      9.,  0.1248563027328964E+00,      3.,      28660.,  0.3898094110956658E-16,  0.2615923334868561E-15,  0.1360848658316406E-15, -0.1167424145773936E-18,  0.6094992536716564E-23, -0.1255654020866246E-20
      9.,  0.1248563027328964E+00,      4.,        374.,  0.1243468280644131E-15, -0.3168005069872552E-15, -0.4532911610895318E-15,  0.0000000000000000E+00,  0.0000000000000000E+00,  0.0000000000000000E+00
      9.,  0.1248563027328964E+00,      5.,      29176., -0.6173943582531943E-16,  0.8160643862259324E-15, -0.1737859032064805E-15,  0.1782646369729030E-20, -0.2569516937078684E-22,  0.1324390475771443E-20
      9.,  0.1248563027328964E+00,      6.,      14098.,  0.2171944249878367E-03,  0.5621334473988145E-01, -0.4867458037016334E-03,  0.0000000000000000E+00,  0.0000000000000000E+00,  0.0000000000000000E+00
      9.,  0.1248563027328964E+00,      7.,      51317.,  0.6389720244822404E-16, -0.5006166462431223E-15,  0.3475658781003704E-15,  0.3925338914809195E-19,  0.5937825892862491E-21,  0.1302801767002195E-19
      9.,  0.1248563027328964E+00,      8.,      51508.,  0.1153548618516180E-16,  0.2861860851109623E-15, -0.1474354790174979E-15,  0.1603048641897906E-20, -0.8810860073293112E-23, -0.2062694482709613E-20
      9.,  0.1248563027328964E+00,      9.,      14392., -0.9169540808185320E-16, -0.2980692550314615E-15,  0.2756552260390999E-15,  0.0000000000000000E+00,  0.0000000000000000E+00,  0.0000000000000000E+00
      9.,  0.1248563027328964E+00,     10.,      52024.,  0.4744599392793596E-16,  0.8222120234649562E-15,  0.1363698714377973E-15, -0.3405058600725731E-20, -0.2139217268033677E-22,  0.7741471906682782E-20
      9.,  0.1248563027328964E+00,     11.,    2000040., -0.1150311229389282E-03,  0.1012863568548179E-01,  0.3064701575640530E-03,  0.5854273648298391E-07,  0.3945013027772033E-09,  0.2031272010769870E-07
     10.,  0.1354848513372677E+00,      1.,         80.,  0.3515989387503223E-16, -0.5523421939871223E-16, -0.8413379080009163E-16,  0.0000000000000000E+00,  0.0000000000000000E+00,  0.0000000000000000E+00
     10.,  0.1354848513372677E+00,      2.,      28469., -0.9202789996430942E-16, -0.1454836423298874E-15, -0.7558988901505073E-15, -0.5936046559061352E-19,  0.5539270605329254E-22,  0.9275670680916003E-20
     10.,  0.1354848513372677E+00,      3.,      28660.,  0.3374197781933944E-16,  0.6950286603205543E-16, -0.9962059698834176E-16, -0.1460553795766515E-18,  0.1354575248165254E-22, -0.6185693520964863E-20
     10.,  0.1354848513372677E+00,      4.,        374.,  0.1485279417849095E-15, -0.3095606982308425E-16, -0.5350230289976413E-15,  0.0000000000000000E+00,  0.0000000000000000E+00,  0.0000000000000000E+00
     10.,  0.1354848513372677E+00,      5.,      29176.,  0.1660308069126318E-01,  0.1008392624209467E-04,  0.4659334318128045E-01, -0.1752344354034740E-07,  0.4498973309376814E-16,  0.7262329854100771E-08
     10.,  0.1354848513372677E+00,      6.,      14098., -0.4608902034904662E-16, -0.6601466643121767E-16,  0.1095636608001942E-15,  0.0000000000000000E+00,  0.0000000000000000E+00,  0.0000000000000000E+00
     10.,  0.1354848513372677E+00,      7.,      51317.,  0.3126187843000940E-16, -0.1298684498044472E-15,  0.1372383121789789E-15, -0.8956392675738065E-20,  0.1521998603003623E-21, -0.2572108876166542E-19
     10.,  0.1354848513372677E+00,      8.,      51508.,  0.2351942532381493E-17,  0.8276337027150222E-16, -0.1142016701215776E-15,  0.1250918320239880E-19,  0.3224657467904812E-25, -0.1071668642747525E-20
     10.,  0.1354848513372677E+00,      9.,      14392., -0.5674133793136152E-16, -0.5201269909075455E-16,  0.1738971879516723E-15,  0.0000000000000000E+00,  0.0000000000000000E+00,  0.0000000000000000E+00
     10.,  0.1354848513372677E+00,     10.,      52024.,  0.1664051779873552E-01, -0.9319402082659616E-05,  0.4668387458412802E-01,  0.1793593108778986E-07, -0.2299145623999551E-16, -0.7372481241529769E-08
     10.,  0.1354848513372677E+00,     11.,    2000040., -0.2309454947442383E-16, -0.3802485819132082E-16,  0.8894561305952272E-16,  0.1089049358355408E-19,  0.8633476222421408E-21,  0.4398914128532555E-22
     11.,  0.1378154641926697E+00,      1.,         80., -0.1222692897240614E-16, -0.1999076973502525E-15,  0.6962101918568184E-17,  0.0000000000000000E+00,  0.0000000000000000E+00,  0.0000000000000000E+00
     11.,  0.1378154641926697E+00,      2.,      28469.,  0.1072944292884868E-16, -0.2901221220082547E-16,  0.1042712495873099E-15, -0.2347481643870387E-19,  0.5626859293245084E-23, -0.8314520708078547E-20
     11.,  0.1378154641926697E+00,      3.,      28660.,  0.1649030109991481E-16, -0.3078898621400816E-16,  0.6681025216767245E-16, -0.5354697286603687E-19, -0.5172649973835945E-23, -0.8242140979512403E-21
     11.,  0.1378154641926697E+00,      4.,        374.,  0.1576775686548706E-18,  0.1731225772841353E-15,  0.6234522441404906E-16,  0.0000000000000000E+00,  0.0000000000000000E+00,  0.0000000000000000E+00
     11.,  0.1378154641926697E+00,      5.,      29176., -0.1871690108010546E-01, -0.3006606395463287E-02, -0.5244275834767911E-01, -0.2170617963023843E-05, -0.2328601649941848E-14,  0.7942652369729639E-06
     11.,  0.1378154641926697E+00,      6.,      14098., -0.4399000561341843E-16, -0.1833678012186234E-15,  0.8406753723442167E-16,  0.0000000000000000E+00,  0.0000000000000000E+00,  0.0000000000000000E+00
     11.,  0.1378154641926697E+00,      7.,      51317., -0.6400076816245443E-16, -0.4158065557616610E-16, -0.4464741478834783E-15,  0.3884894098792634E-19, -0.3642155042094821E-21, -0.2467597077897003E-20
     11.,  0.1378154641926697E+00,      8.,      51508., -0.4735384974680518E-17, -0.2917254594562446E-16,  0.7036034521796391E-16,  0.1135099441353743E-19,  0.1785981202056338E-23, -0.4899009665814682E-21
     11.,  0.1378154641926697E+00,      9.,      14392.,  0.1418584411209445E-15,  0.1704443909780470E-15, -0.5767094165704906E-15,  0.0000000000000000E+00,  0.0000000000000000E+00,  0.0000000000000000E+00
     11.,  0.1378154641926697E+00,     10.,      52024.,  0.1450004997924013E-01, -0.3066293884400057E-02,  0.4085036272305630E-01, -0.2170245796962646E-05,  0.1213630552232861E-14,  0.7960232620814261E-06
     11.,  0.1378154641926697E+00,     11.,    2000040.,  0.3889327394863242E-17, -0.4082243491843018E-16, -0.2889708508103033E-16, -0.1823628990563062E-20, -0.9968014590138776E-21,  0.1193769243205019E-20
     12.,  0.1454071718225607E+00,      1.,         80., -0.1144840831058750E-15,  0.2228007385526544E-15,  0.2960969795536154E-15,  0.0000000000000000E+00,  0.0000000000000000E+00,  0.0000000000000000E+00
     12.,  0.1454071718225607E+00,      2.,      28469.,  0.6474802991490359E-02,  0.8640653324823969E-05,  0.3374009985770515E-01, -0.1773118999410996E-07, -0.1901772497604637E-18,  0.3384437663705835E-08
     12.,  0.1454071718225607E+00,      3.,      28660.,  0.4352355062195422E-04,  0.1306911881829789E-05,  0.2326245083400595E-02, -0.1461479869684453E-08, -0.8575801666784940E-19,  0.4434053242119209E-10
     12.,  0.1454071718225607E+00,      4.,        374., -0.6387512789495954E-02,  0.9059997527583849E-05,  0.3377226786910083E-01,  0.0000000000000000E+00,  0.0000000000000000E+00,  0.0000000000000000E+00
     12.,  0.1454071718225607E+00,      5.,      29176.,  0.3902263369755191E-16,  0.1228739211226155E-15,  0.1672327581197647E-15, -0.2374899289761317E-20, -0.4182255025733792E-21,  0.7615004175483185E-21
     12.,  0.1454071718225607E+00,      6.,      14098.,  0.1436801891522590E-15,  0.1403002163384452E-15, -0.2935199685264123E-15,  0.0000000000000000E+00,  0.0000000000000000E+00,  0.0000000000000000E+00
     12.,  0.1454071718225607E+00,      7.,      51317.,  0.6496498457743695E-02, -0.1103147367053755E-04,  0.3384932341412464E-01,  0.1601163419974945E-07,  0.5966877262575756E-17, -0.3377377119644640E-08
     12.,  0.1454071718225607E+00,      8.,      51508.,  0.4380420432524453E-04, -0.6333714113717578E-06,  0.2334843926389509E-02,  0.1438607050140541E-08, -0.1876738411690008E-17, -0.1128267932158612E-10
     12.,  0.1454071718225607E+00,      9.,      14392., -0.6409304434404798E-02, -0.1153266445684745E-04,  0.3388332678155775E-01,  0.0000000000000000E+00,  0.0000000000000000E+00,  0.0000000000000000E+00
     12.,  0.1454071718225607E+00,     10.,      52024.,  0.2551199019125176E-15,  0.1009528589368452E-15,  0.7329359924315765E-15, -0.5136742838613523E-20, -0.1623710404713638E-21, -0.2076851438198562E-20
     12.,  0.1454071718225607E+00,     11.,    2000040.,  0.2143971814299062E-16, -0.3941634276624461E-16, -0.4629373342529260E-16, -0.6685008631772543E-20,  0.2834187577181867E-20, -0.5697328002707687E-20
     13.,  0.1464412616108864E+00,      1.,         80.,  0.6579484041162313E-16,  0.4576012397128572E-15, -0.1730198114785530E-15,  0.0000000000000000E+00,  0.0000000000000000E+00,  0.0000000000000000E+00
     13.,  0.1464412616108864E+00,      2.,      28469.,  0.7403925596679142E-02,  0.3448538772537817E-02,  0.3804116407477567E-01,  0.1732354358799849E-05, -0.7829097097871452E-16, -0.3459122992791836E-06
     13.,  0.1464412616108864E+00,      3.,      28660.,  0.5142384959356444E-04,  0.7504278900307570E-03,  0.2525310177125868E-02,  0.1331223977850514E-06, -0.6357039464815053E-17, -0.2520405666924504E-08
     13.,  0.1464412616108864E+00,      4.,        374., -0.7300800894427792E-02,  0.3482843991767272E-02,  0.3813823262238241E-01,  0.0000000000000000E+00,  0.0000000000000000E+00,  0.0000000000000000E+00
     13.,  0.1464412616108864E+00,      5.,      29176.,  0.3484209733213508E-15, -0.5566867565915422E-15,  0.1001557602205496E-14,  0.1544808095071583E-19,  0.3302137643129946E-21, -0.8470375952263921E-20
     13.,  0.1464412616108864E+00,      6.,      14098.,  0.8645913443967154E-16,  0.4528670549730884E-15, -0.1992202113379490E-15,  0.0000000000000000E+00,  0.0000000000000000E+00,  0.0000000000000000E+00
     13.,  0.1464412616108864E+00,      7.,      51317., -0.5550983663570444E-02,  0.3496348872339552E-02, -0.2876586882993391E-01,  0.1733121626998408E-05, -0.2040325122361767E-16, -0.3462082471791655E-06
     13.,  0.1464412616108864E+00,      8.,      51508., -0.3840704917433195E-04,  0.7542596248037941E-03, -0.1817981473839739E-02,  0.1328487446534799E-06, -0.5424459357202497E-16, -0.2369012246862845E-08
     13.,  0.1464412616108864E+00,      9.,      14392.,  0.5452456857615872E-02,  0.3530239143456555E-02, -0.2863256427080788E-01,  0.0000000000000000E+00,  0.0000000000000000E+00,  0.0000000000000000E+00
     13.,  0.1464412616108864E+00,     10.,      52024.,  0.4626065681692922E-16, -0.5381216466160032E-15,  0.1309880240533607E-15,  0.2817679599855373E-19, -0.5689551750054416E-24, -0.1023773290580310E-19
     13.,  0.1464412616108864E+00,     11.,    2000040.,  0.1159326034798592E-16,  0.8012397439590705E-16, -0.3248456698031184E-16, -0.8342387943602861E-21,  0.5210955661594368E-21, -0.2202470490201507E-21
     14.,  0.1466126787104222E+00,      1.,         80., -0.1969443463902624E-17,  0.2194118645821794E-15, -0.1187235325761753E-16,  0.0000000000000000E+00,  0.0000000000000000E+00,  0.0000000000000000E+00
     14.,  0.1466126787104222E+00,      2.,      28469.,  0.3840171833136064E-02, -0.1252131198329412E-04,  0.1001563757992748E-02, -0.2752283491087463E-08, -0.6709899987746089E-18,  0.3049792697393692E-08
     14.,  0.1466126787104222E+00,      3.,      28660., -0.2101023582422065E-03,  0.4275732427124736E-05, -0.1223347603929651E-02,  0.4096035368245675E-09,  0.1753679900962879E-18,  0.1012146513027800E-09
     14.,  0.1466126787104222E+00,      4.,        374.,  0.3328418063560294E-02, -0.1011208308973815E-04,  0.1601613081421187E-02,  0.0000000000000000E+00,  0.0000000000000000E+00,  0.0000000000000000E+00
     14.,  0.1466126787104222E+00,      5.,      29176.,  0.9943684079146478E-17, -0.3510548011239116E-15,  0.1898873226879616E-16,  0.2149746634487701E-19, -0.2088090243641166E-21, -0.4496654776364578E-20
     14.,  0.1466126787104222E+00,      6.,      14098.,  0.1360274957333186E-15,  0.2103576876868237E-15, -0.3301611877421433E-15,  0.0000000000000000E+00,  0.0000000000000000E+00,  0.0000000000000000E+00
     14.,  0.1466126787104222E+00,      7.,      51317.,  0.3879229632081726E-02, -0.1303140212417539E-04,  0.1104894706893882E-02, -0.2578546490968867E-08,  0.1608718399086439E-18, -0.1910439067444817E-08
     14.,  0.1466126787104222E+00,      8.,      51508., -0.2098391387524201E-03,  0.4821950739769375E-05, -0.1221905681402585E-02, -0.7146936467427210E-09,  0.8374734977381586E-18, -0.5238831367567218E-10
     14.,  0.1466126787104222E+00,      9.,      14392.,  0.3326214945125351E-02, -0.1103006737553337E-04,  0.1712111619887570E-02,  0.0000000000000000E+00,  0.0000000000000000E+00,  0.0000000000000000E+00
     14.,  0.1466126787104222E+00,     10.,      52024., -0.3782904142228565E-16, -0.3348410522806914E-15, -0.9926510596158802E-16, -0.2716648049700596E-20, -0.1204498082125555E-21, -0.8551264875602749E-20
     14.,  0.1466126787104222E+00,     11.,    2000040., -0.1163174241775771E-16,  0.5037423072775965E-16,  0.2203943350378582E-16,  0.9181627354483586E-20,  0.1374006919946330E-20,  0.5228426714655394E-20
     15.,  0.1467210639103220E+00,      1.,         80., -0.2098622815056990E-16, -0.3260792794256076E-15,  0.1583475780724322E-16,  0.0000000000000000E+00,  0.0000000000000000E+00,  0.0000000000000000E+00
     15.,  0.1467210639103220E+00,      2.,      28469., -0.6397642553021824E-03, -0.1679730917740255E-02, -0.2214968236708410E-03, -0.1307102334147994E-07,  0.3726107431083529E-17,  0.2659136264201335E-07
     15.,  0.1467210639103220E+00,      3.,      28660.,  0.4674112282411693E-04,  0.1216697378164113E-02,  0.2074503149981542E-03,  0.9560716465477770E-08, -0.5423854174321985E-18, -0.2472281420829277E-08
     15.,  0.1467210639103220E+00,      4.,        374., -0.5408698774907474E-03, -0.1062386788583248E-02, -0.2826026356850453E-03,  0.0000000000000000E+00,  0.0000000000000000E+00,  0.0000000000000000E+00
     15.,  0.1467210639103220E+00,      5.,      29176.,  0.6084705654691775E-15,  0.6744320039034600E-16,  0.1812629646926660E-14,  0.3828303914126905E-19,  0.3413928912801017E-21,  0.2395069606722721E-19
     15.,  0.1467210639103220E+00,      6.,      14098.,  0.1401320085790119E-15, -0.3507436206261106E-15, -0.3230649444674144E-15,  0.0000000000000000E+00,  0.0000000000000000E+00,  0.0000000000000000E+00
     15.,  0.1467210639103220E+00,      7.,      51317.,  0.4617270206920382E-03, -0.1680027745853689E-02,  0.1395688455904825E-03, -0.1309635975276642E-07,  0.1712979392359346E-16,  0.2667312328385821E-07
     15.,  0.1467210639103220E+00,      8.,      51508., -0.3135902952181773E-04,  0.1216985532467913E-02, -0.1452371000075298E-03,  0.9563457486901186E-08, -0.7960642656168240E-16, -0.2312297333290717E-08
     15.,  0.1467210639103220E+00,      9.,      14392.,  0.3898538457460697E-03, -0.1062641370471811E-02,  0.2281747904485935E-03,  0.0000000000000000E+00,  0.0000000000000000E+00,  0.0000000000000000E+00
     15.,  0.1467210639103220E+00,     10.,      52024.,  0.2510527638768125E-15,  0.9953414013679341E-16,  0.6824106679491751E-15,  0.2895788827445197E-19, -0.1113093094789333E-22, -0.8295092394326847E-20
     15.,  0.1467210639103220E+00,     11.,    2000040., -0.8828188683896942E-17, -0.1312617742156335E-15,  0.2826415218586600E-16,  0.9608170729778280E-20, -0.9872697883873572E-22,  0.1652835824963597E-20
     16.,  0.1496090181066410E+00,      1.,         80., -0.1370750461709216E-15,  0.7725107562362335E-16,  0.3317876609556478E-15,  0.0000000000000000E+00,  0.0000000000000000E+00,  0.0000000000000000E+00
     16.,  0.1496090181066410E+00,      2.,      28469., -0.4282326549440274E-02,  0.1376020986344897E-03, -0.1082639828145572E-02, -0.4228547423357366E-07,  0.2295994944314472E-17,  0.1778720000727872E-06
     16.,  0.1496090181066410E+00,      3.,      28660.,  0.2503934527905851E-03, -0.7828733976208201E-04,  0.1359624057773450E-02,  0.5548782383925801E-07,  0.2183772446267283E-18, -0.1205618554779872E-07
     16.,  0.1496090181066410E+00,      4.,        374., -0.3688054449360365E-02,  0.3095513481845589E-04, -0.1930500715951793E-02,  0.0000000000000000E+00,  0.0000000000000000E+00,  0.0000000000000000E+00
     16.,  0.1496090181066410E+00,      5.,      29176.,  0.1538018945168342E-15,  0.3574199917438033E-15,  0.4557054218188621E-15,  0.4338889173891102E-19,  0.1516873234916272E-21, -0.1401033605721785E-19
     16.,  0.1496090181066410E+00,      6.,      14098., -0.1089734264535115E-16,  0.6804448180824999E-16,  0.2948146340554458E-16,  0.0000000000000000E+00,  0.0000000000000000E+00,  0.0000000000000000E+00
     16.,  0.1496090181066410E+00,      7.,      51317.,  0.3333476574168669E-02,  0.1367829757511922E-03,  0.8560437085740765E-03, -0.4237836028958822E-07, -0.1880068239234810E-17,  0.1779236803269451E-06
     16.,  0.1496090181066410E+00,      8.,      51508., -0.1858287983179754E-03, -0.7663927149350892E-04, -0.1063053651521453E-02,  0.5550138138159564E-07,  0.6475167029370751E-17, -0.1155194229034025E-07
     16.,  0.1496090181066410E+00,      9.,      14392.,  0.2873296404522281E-02,  0.2821695762214656E-04,  0.1493160347751548E-02,  0.0000000000000000E+00,  0.0000000000000000E+00,  0.0000000000000000E+00
     16.,  0.1496090181066410E+00,     10.,      52024., -0.7862993327980802E-16,  0.3400465388440932E-15, -0.2372395820658603E-15,  0.2918136746736720E-19, -0.2756570822173208E-21, -0.1924601277286787E-19
     16.,  0.1496090181066410E+00,     11.,    2000040., -0.9424443925120028E-17, -0.3882294046626986E-16,  0.2512584583677860E-16, -0.6262819393939331E-20, -0.8249214873261772E-21, -0.3435246030399061E-20
     17.,  0.1658822687852368E+00,      1.,         80., -0.2314780261961063E-01,  0.1576231843523566E-04,  0.5240048424492417E-01,  0.0000000000000000E+00,  0.0000000000000000E+00,  0.0000000000000000E+00
     17.,  0.1658822687852368E+00,      2.,      28469.,  0.4818492994765318E-16,  0.5658325809946798E-16,  0.9997329696604453E-16,  0.2215327304815903E-19,  0.5616030294621447E-23,  0.6247286911532634E-20
     17.,  0.1658822687852368E+00,      3.,      28660.,  0.6577778273578001E-17, -0.3909383168018705E-15,  0.2949410427008327E-15, -0.7523357569286822E-19,  0.1770679252275635E-22, -0.1871626934148923E-21
     17.,  0.1658822687852368E+00,      4.,        374.,  0.1067339249698665E-16,  0.3579974389259606E-15, -0.8259739962778789E-17,  0.0000000000000000E+00,  0.0000000000000000E+00,  0.0000000000000000E+00
     17.,  0.1658822687852368E+00,      5.,      29176.,  0.5711268600117120E-16, -0.4514809429353227E-16,  0.2286028733020858E-15,  0.2559981403037793E-20,  0.1432447157642840E-21, -0.1445040170216649E-19
     17.,  0.1658822687852368E+00,      6.,      14098., -0.2324212994624302E-01, -0.1876241603080700E-04,  0.5260692509378919E-01,  0.0000000000000000E+00,  0.0000000000000000E+00,  0.0000000000000000E+00
     17.,  0.1658822687852368E+00,      7.,      51317., -0.1205575877000049E-16,  0.5636770978761871E-16, -0.8773813708264598E-16,  0.9296583244216327E-19,  0.2388516606343552E-21, -0.1355107209927313E-19
     17.,  0.1658822687852368E+00,      8.,      51508.,  0.1256759708815307E-16, -0.3739760592631476E-15, -0.5384138581510646E-16, -0.8378698056098997E-20, -0.2923580867236533E-23, -0.2603478343425026E-20
     17.,  0.1658822687852368E+00,      9.,      14392.,  0.6809355155760849E-16,  0.3382223923954567E-15, -0.2969223327006557E-15,  0.0000000000000000E+00,  0.0000000000000000E+00,  0.0000000000000000E+00
     17.,  0.1658822687852368E+00,     10.,      52024., -0.8249345197918393E-16, -0.1745603182494590E-16, -0.3252450783005268E-15,  0.1656100782957409E-19, -0.1650270113621971E-21, -0.1151123642675363E-19
     17.,  0.1658822687852368E+00,     11.,    2000040., -0.3624750049625026E-02,  0.4981403696464697E-04,  0.8255219474628383E-02,  0.2013477175670600E-07,  0.3508325928788913E-07, -0.4611591517683803E-09
     18.,  0.1673991679865131E+00,      1.,         80., -0.1585743858792273E-14, -0.2380640858618304E-15,  0.3514559227523572E-14,  0.0000000000000000E+00,  0.0000000000000000E+00,  0.0000000000000000E+00
     18.,  0.1673991679865131E+00,      2.,      28469.,  0.1426963093971559E-15,  0.6361158970394135E-15,  0.4317833887918628E-15,  0.4369101670369172E-20, -0.4011942505720368E-22, -0.1917202786281511E-19
     18.,  0.1673991679865131E+00,      3.,      28660.,  0.3168563096700509E-16, -0.9760748884013073E-15, -0.1832648909330710E-15,  0.1343434780286415E-18, -0.4869093474282096E-22, -0.4138073004903378E-20
     18.,  0.1673991679865131E+00,      4.,        374.,  0.1552618967882815E-15,  0.4839146730697362E-15, -0.1666652052738712E-15,  0.0000000000000000E+00,  0.0000000000000000E+00,  0.0000000000000000E+00
     18.,  0.1673991679865131E+00,      5.,      29176.,  0.3970884819438887E-03,  0.1092036806706871E-03,  0.1274740932769756E-02,  0.5316353985152185E-07,  0.5960352281909911E-16, -0.1659404000550614E-07
     18.,  0.1673991679865131E+00,      6.,      14098.,  0.2275074988832152E-14, -0.2617991766631757E-15, -0.5181729261319106E-14,  0.0000000000000000E+00,  0.0000000000000000E+00,  0.0000000000000000E+00
     18.,  0.1673991679865131E+00,      7.,      51317., -0.2978902847292588E-16,  0.6521948220441933E-15, -0.3141857587916150E-16,  0.2045200648905935E-19,  0.7145175021971432E-21,  0.9652835366771053E-20
     18.,  0.1673991679865131E+00,      8.,      51508.,  0.4215070507478574E-16, -0.8873806846729257E-15,  0.1322702444982493E-16,  0.2831034045529010E-19, -0.4060391191314331E-23,  0.3251594877649721E-20
     18.,  0.1673991679865131E+00,      9.,      14392., -0.8221021268656842E-16,  0.4810203924153066E-15,  0.1014678669832562E-15,  0.0000000000000000E+00,  0.0000000000000000E+00,  0.0000000000000000E+00
     18.,  0.1673991679865131E+00,     10.,      52024., -0.3091277994383561E-03,  0.1106564613485224E-03, -0.9907686424231264E-03,  0.5311679596196269E-07, -0.3113274895596778E-16, -0.1675640304966285E-07
     18.,  0.1673991679865131E+00,     11.,    2000040., -0.2880941213618516E-15, -0.4362752514076777E-15,  0.6807198720384390E-15,  0.6493424151444973E-19,  0.1750501628728276E-20,  0.1957046834084067E-19
     19.,  0.1678938569889236E+00,      1.,         80., -0.2593487743083918E-01,  0.4593577159789947E-02,  0.5860205181531466E-01,  0.0000000000000000E+00,  0.0000000000000000E+00,  0.0000000000000000E+00
     19.,  0.1678938569889236E+00,      2.,      28469.,  0.4035898558359166E-16,  0.8850625269023548E-16,  0.1453608058971408E-15, -0.2524013239086017E-19, -0.1391295280249821E-22,  0.1566428079218096E-20
     19.,  0.1678938569889236E+00,      3.,      28660.,  0.1370007875959693E-16, -0.2436093111463231E-15, -0.5121156242537729E-15,  0.6288422918271970E-19, -0.2173314118168761E-24,  0.4360176022062483E-20
     19.,  0.1678938569889236E+00,      4.,        374.,  0.1900457063409180E-16, -0.1503271890941809E-15,  0.7279064038707633E-16,  0.0000000000000000E+00,  0.0000000000000000E+00,  0.0000000000000000E+00
     19.,  0.1678938569889236E+00,      5.,      29176., -0.6748547691652876E-17, -0.3184244731428201E-17, -0.8947734740198345E-16,  0.2839826621102227E-19,  0.3109543637286914E-21, -0.1076847743310501E-19
     19.,  0.1678938569889236E+00,      6.,      14098.,  0.2006079828199886E-01,  0.4660241153560229E-02, -0.4554759559322505E-01,  0.0000000000000000E+00,  0.0000000000000000E+00,  0.0000000000000000E+00
     19.,  0.1678938569889236E+00,      7.,      51317., -0.4126378221022011E-16,  0.8430015971291143E-16, -0.4082488159919791E-16,  0.1336460670969159E-19,  0.1764864663877067E-22,  0.1321448924326310E-19
     19.,  0.1678938569889236E+00,      8.,      51508.,  0.2147126966318611E-16, -0.2453304389337347E-15, -0.3502725479344913E-15, -0.9788247301836057E-20, -0.1038581738169311E-22, -0.9627112486072994E-21
     19.,  0.1678938569889236E+00,      9.,      14392.,  0.1576570705268547E-16, -0.1397707829294628E-15, -0.6355426204322456E-16,  0.0000000000000000E+00,  0.0000000000000000E+00,  0.0000000000000000E+00
     19.,  0.1678938569889236E+00,     10.,      52024.,  0.1095744360388313E-15,  0.1039548031944605E-16,  0.3632106180308055E-15,  0.8922634020218407E-20,  0.1689400940018219E-21, -0.8417034962015974E-21
     19.,  0.1678938569889236E+00,     11.,    2000040., -0.4384554374770843E-02, -0.3874519761324415E-02,  0.1002699589659778E-01,  0.5114404965743285E-06,  0.3801042076350702E-07,  0.2107575500826327E-06
     20.,  0.1833709532863631E+00,      1.,         80., -0.2143318577881716E-15, -0.2295469498790845E-15,  0.4648286013424167E-15,  0.0000000000000000E+00,  0.0000000000000000E+00,  0.0000000000000000E+00
     20.,  0.1833709532863631E+00,      2.,      28469., -0.5247600128868815E-04, -0.1998731821835726E-01, -0.8737672395793511E-03, -0.6462582756302357E-07,  0.4743205005649856E-16,  0.7593456134191397E-08
     20.,  0.1833709532863631E+00,      3.,      28660.,  0.1664576771880328E-05,  0.3096895185984015E-01,  0.2622052871276511E-02,  0.1166514206552842E-06, -0.7243084071459929E-17, -0.6116321531019654E-10
     20.,  0.1833709532863631E+00,      4.,        374.,  0.9659558888197360E-04, -0.2243315397932033E-01, -0.1074319659181206E-02,  0.0000000000000000E+00,  0.0000000000000000E+00,  0.0000000000000000E+00
     20.,  0.1833709532863631E+00,      5.,      29176., -0.1695418396496904E-15, -0.2812942951264244E-15, -0.5680571323047492E-15, -0.2689039166865115E-19, -0.4667900202640691E-21, -0.1159100771536161E-19
     20.,  0.1833709532863631E+00,      6.,      14098., -0.1263382850280500E-15, -0.2321734609732235E-15,  0.2844833413832120E-15,  0.0000000000000000E+00,  0.0000000000000000E+00,  0.0000000000000000E+00
     20.,  0.1833709532863631E+00,      7.,      51317.,  0.1177614985367078E-04, -0.1998907900373267E-01,  0.5304929352948760E-03, -0.6455267483046643E-07,  0.2054631496335261E-15,  0.7616063203099699E-08
     20.,  0.1833709532863631E+00,      8.,      51508., -0.1078530318003393E-05,  0.3097231264090984E-01, -0.2005786238416150E-02,  0.1165489611340170E-06, -0.2042438058188790E-14, -0.5969539502514290E-10
     20.,  0.1833709532863631E+00,      9.,      14392., -0.3994687701071148E-04, -0.2243522296994602E-01,  0.6524693217947044E-03,  0.0000000000000000E+00,  0.0000000000000000E+00,  0.0000000000000000E+00
     20.,  0.1833709532863631E+00,     10.,      52024., -0.1306453791769309E-15, -0.2745274518389769E-15, -0.4991738615963539E-15,  0.7960494265417706E-21, -0.4048970699407763E-22,  0.1550850179176078E-19
     20.,  0.1833709532863631E+00,     11.,    2000040., -0.1404205500553754E-16, -0.1453748213779488E-16,  0.3450497718154330E-16, -0.3857188196538521E-20,  0.5615877947226307E-21, -0.3982235804345804E-20
     21.,  0.1875228544532981E+00,      1.,         80., -0.1984362030034120E-15,  0.8233057989334896E-16,  0.4776446809681582E-15,  0.0000000000000000E+00,  0.0000000000000000E+00,  0.0000000000000000E+00
     21.,  0.1875228544532981E+00,      2.,      28469., -0.6948161930584619E-03, -0.3461452334414158E-05, -0.1176725793935416E-01,  0.4763540675116312E-08, -0.7590840969073018E-18,  0.6038993300675301E-09
     21.,  0.1875228544532981E+00,      3.,      28660.,  0.1656579916538778E-04,  0.1655809195095813E-04,  0.3415482556402392E-01, -0.2639225757416249E-07, -0.9028340499198729E-18,  0.4698647974352176E-10
     21.,  0.1875228544532981E+00,      4.,        374.,  0.1225863397937235E-02, -0.4027268875879930E-05, -0.1429270108134368E-01,  0.0000000000000000E+00,  0.0000000000000000E+00,  0.0000000000000000E+00
     21.,  0.1875228544532981E+00,      5.,      29176., -0.1107088556221809E-16,  0.3828241448001903E-15, -0.4160516934640736E-16, -0.1181878559658068E-20,  0.4030438822450208E-21, -0.1871511078101341E-19
     21.,  0.1875228544532981E+00,      6.,      14098.,  0.3181330819211803E-15,  0.1000508428395379E-15, -0.7235920596280001E-15,  0.0000000000000000E+00,  0.0000000000000000E+00,  0.0000000000000000E+00
     21.,  0.1875228544532981E+00,      7.,      51317., -0.6919520405215169E-03,  0.8579468191663072E-07, -0.1179760483478256E-01, -0.5429027426724738E-08, -0.2515483196010280E-17, -0.4983593014703582E-09
     21.,  0.1875228544532981E+00,      8.,      51508.,  0.1648316041612467E-04, -0.1062800923053430E-04,  0.3430394605315463E-01,  0.2614210471500210E-07, -0.2971255795006292E-16,  0.9786410726950347E-10
     21.,  0.1875228544532981E+00,      9.,      14392.,  0.1224626361580202E-02,  0.1456694083944723E-06, -0.1432851841255673E-01,  0.0000000000000000E+00,  0.0000000000000000E+00,  0.0000000000000000E+00
     21.,  0.1875228544532981E+00,     10.,      52024., -0.1436300382646998E-15,  0.3838761379682266E-15, -0.5097640611183485E-15, -0.1216931611522430E-19, -0.1224098624385597E-21,  0.3965880781408892E-20
     21.,  0.1875228544532981E+00,     11.,    2000040., -0.4542254482693814E-16,  0.7407909064503610E-16,  0.1051073932828352E-15,  0.8517672761715834E-20, -0.3438970394411084E-21,  0.2708957613368271E-20
     22.,  0.1908532344536374E+00,      1.,         80.,  0.9326550787895892E-16,  0.4853791256746236E-15, -0.1608544145455905E-15,  0.0000000000000000E+00,  0.0000000000000000E+00,  0.0000000000000000E+00
     22.,  0.1908532344536374E+00,      2.,      28469., -0.9112908718304396E-03,  0.8509408786030300E-03, -0.1389462615807036E-01, -0.4427830062163567E-06,  0.2926450039455262E-16,  0.1474382022223698E-07
     22.,  0.1908532344536374E+00,      3.,      28660.,  0.1815699137526835E-04,  0.8284254368376548E-03,  0.3811763458174105E-01,  0.1592404221332954E-05,  0.2467305400449449E-16, -0.8981081211234772E-10
     22.,  0.1908532344536374E+00,      4.,        374.,  0.1493153142787717E-02,  0.8287445880896167E-03, -0.1664785992167664E-01,  0.0000000000000000E+00,  0.0000000000000000E+00,  0.0000000000000000E+00
     22.,  0.1908532344536374E+00,      5.,      29176.,  0.1086589744686388E-15, -0.9532663900694142E-17,  0.3365246082094244E-15, -0.8633427942122138E-20,  0.8911542083964196E-22, -0.8786297792027962E-20
     22.,  0.1908532344536374E+00,      6.,      14098.,  0.8623626066915485E-16,  0.4873098454746811E-15, -0.1865294939490794E-15,  0.0000000000000000E+00,  0.0000000000000000E+00,  0.0000000000000000E+00
     22.,  0.1908532344536374E+00,      7.,      51317.,  0.8357111523294953E-03,  0.8384281978069833E-03,  0.1152650401746099E-01, -0.4419076594165569E-06, -0.9775119551247300E-17,  0.1460606821626330E-07
     22.,  0.1908532344536374E+00,      8.,      51508., -0.1669095108698470E-04,  0.8744777271117683E-03, -0.2960534051126219E-01,  0.1592142152461018E-05, -0.4373033244400005E-16,  0.3459109431098900E-09
     22.,  0.1908532344536374E+00,      9.,      14392., -0.1319670990679878E-02,  0.8146302540287724E-03,  0.1385281605215290E-01,  0.0000000000000000E+00,  0.0000000000000000E+00,  0.0000000000000000E+00
     22.,  0.1908532344536374E+00,     10.,      52024., -0.2900650074473427E-16, -0.4767970077991028E-17, -0.1158600178476544E-15,  0.8085193740827342E-20,  0.8697391382905846E-22,  0.8336294507680671E-20
     22.,  0.1908532344536374E+00,     11.,    2000040., -0.4955331997419822E-17, -0.4670556489808110E-16,  0.2312075964504585E-16,  0.8093376748421381E-21,  0.2412383060087825E-20,  0.1806308070462363E-20
     23.,  0.1975300328910432E+00,      1.,         80., -0.4438810875452848E-16, -0.1176791333526070E-15,  0.4755504837612349E-16,  0.0000000000000000E+00,  0.0000000000000000E+00,  0.0000000000000000E+00
     23.,  0.1975300328910432E+00,      2.,      28469., -0.1663433402357950E-16, -0.2926544683981033E-15,  0.2428550558114415E-16, -0.2273753687847363E-20,  0.6068246201779528E-22,  0.1579608567005023E-19
     23.,  0.1975300328910432E+00,      3.,      28660., -0.1547514917586380E-16,  0.2719108390134588E-15,  0.2052906079043199E-15,  0.2552020995198220E-18,  0.4586148383438396E-22,  0.6025530211522751E-20
     23.,  0.1975300328910432E+00,      4.,        374., -0.5833491629740077E-16, -0.4980106953306918E-15,  0.1214860968035152E-15,  0.0000000000000000E+00,  0.0000000000000000E+00,  0.0000000000000000E+00
     23.,  0.1975300328910432E+00,      5.,      29176.,  0.6374549168271806E-02,  0.1180947924602267E-04,  0.2452312275575703E-01, -0.2152354949481849E-07,  0.4081672299634604E-16,  0.5223930073548858E-08
     23.,  0.1975300328910432E+00,      6.,      14098., -0.1248624965049137E-15, -0.1629345466166346E-15,  0.2603060258475124E-15,  0.0000000000000000E+00,  0.0000000000000000E+00,  0.0000000000000000E+00
     23.,  0.1975300328910432E+00,      7.,      51317., -0.1287613902662955E-16, -0.2952980214952257E-15, -0.1184151525918113E-15,  0.8789814692141655E-19,  0.4363796725404453E-21, -0.1107372157214403E-19
     23.,  0.1975300328910432E+00,      8.,      51508., -0.1933615394101066E-16,  0.2865278826704145E-15,  0.3226842354760317E-15, -0.1656649666065340E-19, -0.9923337449469321E-23, -0.5163256293443002E-21
     23.,  0.1975300328910432E+00,      9.,      14392.,  0.4105450289874415E-16, -0.5250494540883043E-15, -0.3577177467863104E-15,  0.0000000000000000E+00,  0.0000000000000000E+00,  0.0000000000000000E+00
     23.,  0.1975300328910432E+00,     10.,      52024.,  0.6402521797393769E-02, -0.1125612474671906E-04,  0.2463924083432905E-01,  0.2172357113089811E-07, -0.2985744124635815E-16, -0.5326442834542431E-08
     23.,  0.1975300328910432E+00,     11.,    2000040.,  0.1177544633365953E-16, -0.3323505911121815E-16, -0.3437254523591798E-17, -0.1279432284978347E-20, -0.5630365574980260E-20, -0.1185335560268962E-19
     24.,  0.1999698947590763E+00,      1.,         80., -0.5642293044615658E-16, -0.3059530918477263E-15,  0.1326162620071511E-15,  0.0000000000000000E+00,  0.0000000000000000E+00,  0.0000000000000000E+00
     24.,  0.1999698947590763E+00,      2.,      28469.,  0.2618698547737017E-16, -0.1303608715094299E-15,  0.1117408592273542E-15,  0.7066692969893076E-20,  0.6648335355204312E-23,  0.1740188176731102E-20
     24.,  0.1999698947590763E+00,      3.,      28660.,  0.2238145423067430E-16, -0.1615557621693037E-15, -0.5694320527603642E-15,  0.1019605040957953E-18,  0.4794809734506565E-23,  0.5790962391507144E-20
     24.,  0.1999698947590763E+00,      4.,        374.,  0.7753439027162054E-17, -0.2455168516778797E-16,  0.1458407903556975E-15,  0.0000000000000000E+00,  0.0000000000000000E+00,  0.0000000000000000E+00
     24.,  0.1999698947590763E+00,      5.,      29176.,  0.6751455692585991E-02,  0.3393926711705434E-02,  0.2635234498357588E-01,  0.1118822408493475E-05,  0.8068061989870430E-15, -0.2945522131645144E-06
     24.,  0.1999698947590763E+00,      6.,      14098.,  0.2351967026908368E-15, -0.4942155236468126E-15, -0.5785525309681061E-15,  0.0000000000000000E+00,  0.0000000000000000E+00,  0.0000000000000000E+00
     24.,  0.1999698947590763E+00,      7.,      51317.,  0.2436611503394622E-16, -0.1785935519600919E-15, -0.8361877632598481E-16, -0.1381248211745299E-19,  0.6439070607789023E-22,  0.1060536934528055E-19
     24.,  0.1999698947590763E+00,      8.,      51508.,  0.1440604768242717E-16, -0.1435672007930605E-15,  0.2018025112343620E-15,  0.5553820276171711E-20, -0.6490250866250935E-23,  0.6426569308936842E-21
     24.,  0.1999698947590763E+00,      9.,      14392., -0.8177660806658658E-17, -0.7428105523753458E-16, -0.1652828019679455E-16,  0.0000000000000000E+00,  0.0000000000000000E+00,  0.0000000000000000E+00
     24.,  0.1999698947590763E+00,     10.,      52024., -0.5191307176494245E-02,  0.3424720382691558E-02, -0.2038255450956238E-01,  0.1117250037136377E-05, -0.5088369865325067E-15, -0.2960512128791034E-06
     24.,  0.1999698947590763E+00,     11.,    2000040.,  0.9579572795514326E-16, -0.2105793342116084E-17, -0.1701109450020406E-15, -0.2957915155235631E-19, -0.1385492073397533E-20, -0.3050127962921720E-19
     25.,  0.2202638191656280E+00,      1.,         80., -0.8719752443727461E-16, -0.1043258191265935E-15,  0.1395422596247015E-15,  0.0000000000000000E+00,  0.0000000000000000E+00,  0.0000000000000000E+00
     25.,  0.2202638191656280E+00,      2.,      28469., -0.7070378957178686E-03, -0.3082256737143771E-01, -0.4467325431909900E-02, -0.2945114997357923E-06,  0.7672911640534022E-16,  0.5109479722883526E-07
     25.,  0.2202638191656280E+00,      3.,      28660.,  0.3632698019520672E-03,  0.1880086476759604E-02,  0.2654688328551561E-03,  0.1528890382237821E-07, -0.9003081037777232E-18, -0.1579639187748784E-07
     25.,  0.2202638191656280E+00,      4.,        374., -0.7191108998825601E-03,  0.3063466694485822E-01,  0.4534878130253785E-02,  0.0000000000000000E+00,  0.0000000000000000E+00,  0.0000000000000000E+00
     25.,  0.2202638191656280E+00,      5.,      29176.,  0.1361864978480478E-15,  0.7170414348534802E-17,  0.2918443811822062E-15, -0.1769253027755141E-18, -0.1889238986497275E-20,  0.4041735552033424E-19
     25.,  0.2202638191656280E+00,      6.,      14098.,  0.4669328839195662E-16, -0.1022083233911546E-15, -0.1571105645649371E-15,  0.0000000000000000E+00,  0.0000000000000000E+00,  0.0000000000000000E+00
     25.,  0.2202638191656280E+00,      7.,      51317.,  0.4427363863099842E-03, -0.3083102024961225E-01,  0.2948056365008143E-02, -0.2937152984844050E-06,  0.3144609616942337E-15,  0.5106417341002819E-07
     25.,  0.2202638191656280E+00,      8.,      51508., -0.2831964465034363E-03,  0.1880499952318034E-02, -0.1869453453759969E-03,  0.1534853142264056E-07, -0.1232870390902494E-15, -0.1561372463588078E-07
     25.,  0.2202638191656280E+00,      9.,      14392.,  0.4307877760200898E-03,  0.3064237159030854E-01, -0.2884083102435154E-02,  0.0000000000000000E+00,  0.0000000000000000E+00,  0.0000000000000000E+00
     25.,  0.2202638191656280E+00,     10.,      52024., -0.6089119127063050E-16, -0.2943694028980052E-16, -0.1181137338031721E-15,  0.3972909236805037E-19, -0.2527047835624002E-22, -0.7096378473622905E-20
     25.,  0.2202638191656280E+00,     11.,    2000040., -0.2283838276106137E-16,  0.7136326167153015E-17,  0.5628317049268374E-16,  0.7957259586534636E-20,  0.1368782656420064E-20,  0.1241803617118779E-20
     26.,  0.2211299701001007E+00,      1.,         80.,  0.4870569088287379E-17,  0.1441467483492583E-15,  0.3161589489053137E-18,  0.0000000000000000E+00,  0.0000000000000000E+00,  0.0000000000000000E+00
     26.,  0.2211299701001007E+00,      2.,      28469.,  0.4717258603252496E-02,  0.4861283331509032E-04,  0.3009514581939892E-01, -0.4023587414275510E-07,  0.9149479016916283E-18,  0.5742505189049556E-08
     26.,  0.2211299701001007E+00,      3.,      28660., -0.2496024831191557E-02, -0.2704716674477601E-05, -0.1867767329157522E-02,  0.2243708920498812E-08, -0.1012366885925516E-17, -0.3397745991300142E-08
     26.,  0.2211299701001007E+00,      4.,        374.,  0.4689991419802077E-02, -0.6002338093137447E-04, -0.2997410292449764E-01,  0.0000000000000000E+00,  0.0000000000000000E+00,  0.0000000000000000E+00
     26.,  0.2211299701001007E+00,      5.,      29176.,  0.6944572520363725E-16,  0.2140525506852543E-15,  0.2266046007957782E-15, -0.1948057605401857E-19, -0.5380583765316481E-22,  0.2599121122979969E-20
     26.,  0.2211299701001007E+00,      6.,      14098., -0.4603480908546953E-16,  0.1731280592076204E-15,  0.1298996187664020E-15,  0.0000000000000000E+00,  0.0000000000000000E+00,  0.0000000000000000E+00
     26.,  0.2211299701001007E+00,      7.,      51317.,  0.4749549563706740E-02,  0.4118439948199036E-05,  0.3031511780338432E-01,  0.4133140375962612E-07,  0.6180737963626361E-17, -0.6353078864768456E-08
     26.,  0.2211299701001007E+00,      8.,      51508., -0.2514912659275840E-02, -0.4286223896573569E-06, -0.1880418358540504E-02, -0.2249469404774124E-08, -0.9106860135290198E-18,  0.3577314324364360E-08
     26.,  0.2211299701001007E+00,      9.,      14392.,  0.4740451789985450E-02,  0.7139645125335779E-05, -0.3029295860356156E-01,  0.0000000000000000E+00,  0.0000000000000000E+00,  0.0000000000000000E+00
     26.,  0.2211299701001007E+00,     10.,      52024., -0.8896711955414800E-16,  0.2362474446711713E-15, -0.1449034870159868E-15, -0.2584549883720077E-20, -0.1116837372185284E-21, -0.3846556732907627E-20
     26.,  0.2211299701001007E+00,     11.,    2000040.,  0.1717000508775169E-16,  0.1721765209181680E-16, -0.5099210287216752E-16, -0.1419490517684471E-20, -0.1230464035156280E-21, -0.1796839681824728E-20
     27.,  0.2226480631257738E+00,      1.,         80.,  0.4280376905558952E-16, -0.3853649790717725E-15, -0.3910354720112661E-16,  0.0000000000000000E+00,  0.0000000000000000E+00,  0.0000000000000000E+00
     27.,  0.2226480631257738E+00,      2.,      28469., -0.4620785853150633E-03,  0.6733363056953101E-03, -0.2786318291777603E-02, -0.1053091731191039E-05, -0.1579015743253382E-16,  0.1765231342253810E-06
     27.,  0.2226480631257738E+00,      3.,      28660.,  0.9638216203566451E-04,  0.1547073669246408E-03, -0.7831267717321813E-03, -0.2456048056920397E-06,  0.4716481222816886E-16, -0.2950902457892696E-07
     27.,  0.2226480631257738E+00,      4.,        374.,  0.3102528776071881E-02,  0.3787957557568075E-02, -0.1689246931114363E-01,  0.0000000000000000E+00,  0.0000000000000000E+00,  0.0000000000000000E+00
     27.,  0.2226480631257738E+00,      5.,      29176., -0.1577789300231475E-15, -0.6748897558821246E-16, -0.1420948408829530E-15,  0.1158358167720388E-19,  0.1055671004203921E-21, -0.1474585892333408E-21
     27.,  0.2226480631257738E+00,      6.,      14098., -0.1539577108162954E-16, -0.2487908822743693E-15,  0.7465248195201198E-16,  0.0000000000000000E+00,  0.0000000000000000E+00,  0.0000000000000000E+00
     27.,  0.2226480631257738E+00,      7.,      51317.,  0.4886140361961949E-03, -0.6372927218298621E-03,  0.2827283206782092E-02,  0.1052667109175550E-05,  0.2570497624504138E-16, -0.1778058531211744E-06
     27.,  0.2226480631257738E+00,      8.,      51508., -0.6221245827271060E-04, -0.1484966185650397E-03,  0.5185483479266859E-03,  0.2442892824336909E-06, -0.2965848320506160E-16,  0.2704228911661852E-07
     27.,  0.2226480631257738E+00,      9.,      14392., -0.2906929842311622E-02, -0.3634783130266851E-02,  0.1599286063782266E-01,  0.0000000000000000E+00,  0.0000000000000000E+00,  0.0000000000000000E+00
     27.,  0.2226480631257738E+00,     10.,      52024., -0.1265294446501263E-15,  0.2813361036282975E-16,  0.1194925539982592E-16, -0.2448476667151910E-19,  0.3291924978971288E-22,  0.1057284668756669E-19
     27.,  0.2226480631257738E+00,     11.,    2000040., -0.8901131518918298E-16, -0.2297541401122758E-15,  0.1633842793227456E-15,  0.1698077281985748E-19,  0.2223202483084142E-20,  0.2125995805639381E-19
     28.,  0.2244191054911815E+00,      1.,         80., -0.6677268522262791E-16, -0.1436774769334987E-15,  0.1423748426218585E-15,  0.0000000000000000E+00,  0.0000000000000000E+00,  0.0000000000000000E+00
     28.,  0.2244191054911815E+00,      2.,      28469., -0.2674838667222704E-02,  0.3232714600631065E-02, -0.1435867922364392E-01, -0.5237576291857868E-05, -0.7758186599645068E-16,  0.9596269550415736E-06
     28.,  0.2244191054911815E+00,      3.,      28660., -0.1808536748526353E-03,  0.1517858774043350E-03, -0.7154789248798266E-03, -0.2388202248599743E-06,  0.3813325472087500E-16,  0.5308196555669392E-07
     28.,  0.2244191054911815E+00,      4.,        374., -0.7449662020039256E-03, -0.8007960822120906E-03,  0.3694746548949989E-02,  0.0000000000000000E+00,  0.0000000000000000E+00,  0.0000000000000000E+00
     28.,  0.2244191054911815E+00,      5.,      29176.,  0.1998393451024712E-17,  0.2104612529425200E-16,  0.8541633965002770E-16, -0.1194643682277133E-19, -0.1979525963410325E-21,  0.5400392195469909E-20
     28.,  0.2244191054911815E+00,      6.,      14098., -0.2230053500845245E-16, -0.1677351818162039E-15,  0.3697014778550811E-16,  0.0000000000000000E+00,  0.0000000000000000E+00,  0.0000000000000000E+00
     28.,  0.2244191054911815E+00,      7.,      51317.,  0.2458064974981622E-02, -0.3087785651165547E-02,  0.1356392676844516E-01,  0.5236991164894412E-05,  0.1302133063824690E-15, -0.9617784738243646E-06
     28.,  0.2244191054911815E+00,      8.,      51508.,  0.1014327074656752E-03, -0.1448118736124758E-03,  0.5561639339032894E-03,  0.2378749268749190E-06, -0.5635286474646754E-17, -0.4762466118506373E-07
     28.,  0.2244191054911815E+00,      9.,      14392.,  0.6541236240806286E-03,  0.7634656841937987E-03, -0.3459453367248003E-02,  0.0000000000000000E+00,  0.0000000000000000E+00,  0.0000000000000000E+00
     28.,  0.2244191054911815E+00,     10.,      52024.,  0.6213699997973277E-16,  0.6853232701043545E-16,  0.1172071270184323E-15,  0.3876588125972121E-20,  0.3144071472652362E-21,  0.1264370251225000E-19
     28.,  0.2244191054911815E+00,     11.,    2000040.,  0.7812585643313037E-17,  0.2567246068018436E-16, -0.2979443934511849E-16, -0.2413502513730727E-19,  0.3677758495451836E-20, -0.5442545877396153E-20
     29.,  0.2253380432500229E+00,      1.,         80.,  0.7683117182470015E-16, -0.8223976230540722E-16, -0.1973785091936254E-15,  0.0000000000000000E+00,  0.0000000000000000E+00,  0.0000000000000000E+00
     29.,  0.2253380432500229E+00,      2.,      28469.,  0.5308367690288301E-02, -0.1371541305722819E-02,  0.3378557926098776E-01,  0.1398280930339979E-05, -0.6411671708593335E-16, -0.2255025825018248E-06
     29.,  0.2253380432500229E+00,      3.,      28660., -0.2815819266013402E-02,  0.1025849165546664E-03, -0.2103352340598590E-02, -0.8533323273969566E-07, -0.3317336076931070E-17,  0.1176349533098811E-06
     29.,  0.2253380432500229E+00,      4.,        374.,  0.5293051146750692E-02,  0.1317413434506718E-02, -0.3373467573783564E-01,  0.0000000000000000E+00,  0.0000000000000000E+00,  0.0000000000000000E+00
     29.,  0.2253380432500229E+00,      5.,      29176.,  0.4645395958815807E-16, -0.3511319579305761E-15,  0.1435384387049553E-15,  0.7735358639499408E-20, -0.8705551452447324E-22,  0.2119005561145057E-20
     29.,  0.2253380432500229E+00,      6.,      14098.,  0.1401225084904066E-16,  0.9938016460247314E-16,  0.5704070825239444E-16,  0.0000000000000000E+00,  0.0000000000000000E+00,  0.0000000000000000E+00
     29.,  0.2253380432500229E+00,      7.,      51317., -0.4112037754556996E-02, -0.1333324239972358E-02, -0.2630774311168427E-01,  0.1398223145880755E-05,  0.2359524065968358E-16, -0.2257947692760084E-06
     29.,  0.2253380432500229E+00,      8.,      51508.,  0.2187529348950058E-02,  0.1000425465029969E-03,  0.1647449532901450E-02, -0.8529893262592666E-07, -0.5371180539171477E-17,  0.1172670484154545E-06
     29.,  0.2253380432500229E+00,      9.,      14392., -0.4097417536969979E-02,  0.1279594301133614E-02,  0.2625156752163932E-01,  0.0000000000000000E+00,  0.0000000000000000E+00,  0.0000000000000000E+00
     29.,  0.2253380432500229E+00,     10.,      52024., -0.5440413156820752E-17, -0.3033514671322889E-15,  0.8482156208903961E-16, -0.2711623709120836E-19, -0.1286273721322237E-23,  0.3541472071140078E-20
     29.,  0.2253380432500229E+00,     11.,    2000040., -0.6449594777180177E-17, -0.2359744245086885E-15, -0.6582668626306377E-16,  0.1961251704864012E-20, -0.1021437500261264E-19,  0.1399442325348810E-19
     30.,  0.2310450093566286E+00,      1.,         80., -0.2319989640812974E-16, -0.3751243051754678E-16,  0.3601235345636163E-17,  0.0000000000000000E+00,  0.0000000000000000E+00,  0.0000000000000000E+00
     30.,  0.2310450093566286E+00,      2.,      28469.,  0.1658360534028653E-15,  0.9124305239953582E-16,  0.1125011321567060E-14,  0.3149063099580145E-19,  0.3940701836070578E-22, -0.4735790063323393E-20
     30.,  0.2310450093566286E+00,      3.,      28660., -0.1224060165954552E-15,  0.8468059343115615E-16,  0.3791391004634503E-16,  0.9491730635779259E-19,  0.1403661519725337E-23,  0.7820874466525436E-20
     30.,  0.2310450093566286E+00,      4.,        374.,  0.1849350540343782E-15, -0.1852805331310027E-15, -0.1214133847127453E-14,  0.0000000000000000E+00,  0.0000000000000000E+00,  0.0000000000000000E+00
     30.,  0.2310450093566286E+00,      5.,      29176., -0.1110825731353799E-02,  0.4894345027671240E-03, -0.2656917675833878E-02, -0.8537224831274071E-06,  0.6027007158021613E-14,  0.1594015720698593E-06
     30.,  0.2310450093566286E+00,      6.,      14098.,  0.4865597353386172E-16, -0.8205852285621708E-16, -0.1572457722490284E-15,  0.0000000000000000E+00,  0.0000000000000000E+00,  0.0000000000000000E+00
     30.,  0.2310450093566286E+00,      7.,      51317., -0.7963487436538489E-16,  0.2290149569027535E-16, -0.5828471916320008E-15,  0.8513711776962238E-19,  0.1641894524890257E-21, -0.2449331660409020E-19
     30.,  0.2310450093566286E+00,      8.,      51508.,  0.4716126895840120E-16,  0.7107845483263485E-16, -0.1030597584509000E-15,  0.2310128860452473E-19,  0.7216285241614123E-23,  0.6065842143973248E-20
     30.,  0.2310450093566286E+00,      9.,      14392., -0.9357496814739325E-16, -0.3791536685844939E-15,  0.6875130359920870E-15,  0.0000000000000000E+00,  0.0000000000000000E+00,  0.0000000000000000E+00
     30.,  0.2310450093566286E+00,     10.,      52024., -0.2839623096368366E-03, -0.4672064848406359E-03,  0.1797156715214017E-02,  0.8360707186839394E-06,  0.9599806986981566E-15, -0.1640467820890975E-06
     30.,  0.2310450093566286E+00,     11.,    2000040.,  0.4739474205748993E-16, -0.9732286809014837E-16, -0.1057422609128779E-15,  0.4990649044209838E-19,  0.6093173333494018E-20,  0.1597826701622870E-19
     31.,  0.2312660885829376E+00,      1.,         80., -0.5354379031071524E-16, -0.7758774557795885E-16, -0.1381974892340125E-15,  0.0000000000000000E+00,  0.0000000000000000E+00,  0.0000000000000000E+00
     31.,  0.2312660885829376E+00,      2.,      28469., -0.7672457434230283E-16, -0.1984060655041692E-15, -0.4840341993890158E-15,  0.4184667436989505E-19, -0.5810090670550245E-23, -0.2092364318553690E-19
     31.,  0.2312660885829376E+00,      3.,      28660.,  0.3063995795932079E-16, -0.5978910838790652E-16,  0.2710062795010223E-16, -0.5393200769311486E-19,  0.1286073524476108E-23,  0.3410415874873863E-20
     31.,  0.2312660885829376E+00,      4.,        374., -0.1428479989888281E-15,  0.1016223987120528E-15,  0.8324861581828277E-15,  0.0000000000000000E+00,  0.0000000000000000E+00,  0.0000000000000000E+00
     31.,  0.2312660885829376E+00,      5.,      29176., -0.4217803282649413E-02, -0.6620347114121150E-04, -0.8478634812663395E-04,  0.1138790406946765E-06, -0.5984231049259538E-15, -0.2757007510815244E-07
     31.,  0.2312660885829376E+00,      6.,      14098.,  0.1222282650058182E-16, -0.6961351406390502E-16, -0.9050042670204539E-16,  0.0000000000000000E+00,  0.0000000000000000E+00,  0.0000000000000000E+00
     31.,  0.2312660885829376E+00,      7.,      51317.,  0.9566256427486045E-17, -0.1194995651217376E-15,  0.5191720901789741E-17, -0.1891115646071101E-19, -0.9985664705130294E-22,  0.5259117957664937E-20
     31.,  0.2312660885829376E+00,      8.,      51508.,  0.3556627086945670E-17, -0.6582586809443668E-16, -0.6405631257870433E-16,  0.2068160472679086E-19, -0.2557495280751250E-23, -0.1381817069865831E-20
     31.,  0.2312660885829376E+00,      9.,      14392.,  0.1006967648191431E-15,  0.2762788914866849E-15, -0.4908940363677994E-15,  0.0000000000000000E+00,  0.0000000000000000E+00,  0.0000000000000000E+00
     31.,  0.2312660885829376E+00,     10.,      52024., -0.4362645518204478E-02,  0.6311448277843105E-04, -0.6797056757127448E-03, -0.1114974789964688E-06,  0.8328184187973968E-16,  0.2838250316782675E-07
     31.,  0.2312660885829376E+00,     11.,    2000040.,  0.1609526997310581E-15, -0.2519741532280126E-15, -0.4792047915517706E-15,  0.2320891117528957E-19,  0.4517712032011573E-20,  0.7740844523332448E-20
     32.,  0.2314884255199730E+00,      1.,         80.,  0.3865631802071663E-16,  0.2100850694235919E-15, -0.1007419097356595E-15,  0.0000000000000000E+00,  0.0000000000000000E+00,  0.0000000000000000E+00
     32.,  0.2314884255199730E+00,      2.,      28469.,  0.2527133769825749E-15, -0.9970859918958372E-15,  0.7927166478413201E-15,  0.3718699472964733E-19, -0.4153309913045911E-22, -0.2756821696123489E-20
     32.,  0.2314884255199730E+00,      3.,      28660., -0.1358968916210586E-16,  0.2721372430946834E-15,  0.5859444997065213E-15, -0.4320907875000248E-19,  0.6865416364494391E-22,  0.2593180434619013E-19
     32.,  0.2314884255199730E+00,      4.,        374.,  0.8195269794346426E-16,  0.1544277387763655E-14, -0.6072185635458768E-15,  0.0000000000000000E+00,  0.0000000000000000E+00,  0.0000000000000000E+00
     32.,  0.2314884255199730E+00,      5.,      29176., -0.1381949558387621E-02, -0.2096967990505131E-02, -0.3634121323243545E-03, -0.1499700291826830E-07,  0.6705210490134004E-16,  0.6297559470395293E-07
     32.,  0.2314884255199730E+00,      6.,      14098., -0.5869957289552225E-16,  0.2231613274520756E-15,  0.1919216349999488E-15,  0.0000000000000000E+00,  0.0000000000000000E+00,  0.0000000000000000E+00
     32.,  0.2314884255199730E+00,      7.,      51317.,  0.1085286711080727E-15, -0.8645954579772945E-15,  0.4140742483714730E-15,  0.1251139089247989E-18,  0.1852912541300144E-21, -0.2818325469360706E-19
     32.,  0.2314884255199730E+00,      8.,      51508., -0.1973303497824019E-16,  0.2737905419047298E-15, -0.1651420425532754E-15,  0.3013283301628358E-19,  0.1214442630058029E-22, -0.4612622194208600E-20
     32.,  0.2314884255199730E+00,      9.,      14392., -0.1723243478071550E-15,  0.1625029464674899E-14,  0.1064044706858821E-14,  0.0000000000000000E+00,  0.0000000000000000E+00,  0.0000000000000000E+00
     32.,  0.2314884255199730E+00,     10.,      52024.,  0.1043603720714266E-02, -0.2097372909512231E-02,  0.2819835040746815E-03, -0.1574285075829149E-07, -0.7924717817280878E-16,  0.6140106718929378E-07
     32.,  0.2314884255199730E+00,     11.,    2000040., -0.1037883323653542E-16, -0.1456038914674149E-15,  0.2846411962277178E-16, -0.2353002990444668E-20, -0.1762045919466992E-20,  0.5478974940561022E-20
     33.,  0.2356428544357300E+00,      1.,         80., -0.5807035523564145E-16,  0.7533999283750045E-16,  0.2395191554344144E-17,  0.0000000000000000E+00,  0.0000000000000000E+00,  0.0000000000000000E+00
     33.,  0.2356428544357300E+00,      2.,      28469.,  0.2788013528106392E-16,  0.8985686707009949E-16,  0.2425362818196048E-15,  0.4047594937876676E-19,  0.3197880675473858E-22, -0.1190310226090339E-19
     33.,  0.2356428544357300E+00,      3.,      28660.,  0.3921336630387859E-17,  0.1280794206096293E-15, -0.1912808241653889E-15,  0.1637993373596793E-19, -0.2089523697996242E-22, -0.3052851833320054E-20
     33.,  0.2356428544357300E+00,      4.,        374.,  0.4230763551241661E-16,  0.8826553400074389E-16, -0.1694109983812884E-15,  0.0000000000000000E+00,  0.0000000000000000E+00,  0.0000000000000000E+00
     33.,  0.2356428544357300E+00,      5.,      29176., -0.4791391112924067E-02,  0.1047751659590820E-02, -0.7041389697381040E-03, -0.1396769936045293E-07, -0.9247106328257299E-17,  0.1919410978645189E-06
     33.,  0.2356428544357300E+00,      6.,      14098.,  0.6477250328627727E-16,  0.7785568033074533E-16, -0.1740159365494109E-15,  0.0000000000000000E+00,  0.0000000000000000E+00,  0.0000000000000000E+00
     33.,  0.2356428544357300E+00,      7.,      51317., -0.1801997115926593E-17,  0.1325854206260493E-15, -0.6290181978461435E-16, -0.4802931324902849E-19,  0.5839553416976489E-22,  0.9178017037235438E-22
     33.,  0.2356428544357300E+00,      8.,      51508.,  0.1755457857737077E-16,  0.1303611378258053E-15, -0.9656284236236760E-16, -0.4558302679106375E-19,  0.7842321317764446E-24, -0.1890037055368780E-22
     33.,  0.2356428544357300E+00,      9.,      14392.,  0.3547166988028590E-16, -0.3483824289029156E-16, -0.1564008138154998E-15,  0.0000000000000000E+00,  0.0000000000000000E+00,  0.0000000000000000E+00
     33.,  0.2356428544357300E+00,     10.,      52024.,  0.3767082204461980E-02,  0.1047551348127091E-02,  0.6266363866372827E-03, -0.1421378857656351E-07, -0.1158871417321366E-15,  0.1925632623734483E-06
     33.,  0.2356428544357300E+00,     11.,    2000040.,  0.1192164848191074E-15,  0.2343076699091122E-15, -0.3723816740592244E-15, -0.4779886443101364E-19, -0.1278819900684649E-19, -0.1061494040079383E-19
     34.,  0.2402504536944964E+00,      1.,         80.,  0.8180403501528956E-03,  0.5930267862455256E-03, -0.3017984481143556E-02,  0.0000000000000000E+00,  0.0000000000000000E+00,  0.0000000000000000E+00
     34.,  0.2402504536944964E+00,      2.,      28469., -0.4945135099484180E-16,  0.1157553357296373E-15, -0.3852607582932418E-15, -0.2911324432153232E-19, -0.1080059010164258E-22,  0.1448291723479349E-20
     34.,  0.2402504536944964E+00,      3.,      28660.,  0.9254193053796317E-17, -0.9350100171957305E-16, -0.6203160373539118E-16,  0.2308362064917934E-19,  0.2376437294450999E-22, -0.1044736572091261E-20
     34.,  0.2402504536944964E+00,      4.,        374., -0.7056699489418468E-16, -0.1040634671811016E-15,  0.4124073174979952E-15,  0.0000000000000000E+00,  0.0000000000000000E+00,  0.0000000000000000E+00
     34.,  0.2402504536944964E+00,      5.,      29176., -0.4304815310280564E-16, -0.1682088443042989E-15, -0.1422022216821420E-16,  0.1288196180636109E-19,  0.1598620388483436E-21,  0.1275226261023406E-20
     34.,  0.2402504536944964E+00,      6.,      14098., -0.4778825675754154E-03, -0.5696197639982162E-03,  0.2301516163947643E-02,  0.0000000000000000E+00,  0.0000000000000000E+00,  0.0000000000000000E+00
     34.,  0.2402504536944964E+00,      7.,      51317.,  0.2173161953755295E-16,  0.1013702018622909E-15,  0.1401845812877790E-15,  0.9250219092419276E-20, -0.1126135780176805E-21,  0.1085572714361850E-20
     34.,  0.2402504536944964E+00,      8.,      51508., -0.1010761458586535E-16, -0.1044517172659364E-15, -0.1868204165664807E-16,  0.1844179140994035E-19,  0.4269645980512979E-24,  0.2031926271381657E-21
     34.,  0.2402504536944964E+00,      9.,      14392.,  0.5367915256998012E-16, -0.6244117618481574E-16, -0.3326373388972431E-15,  0.0000000000000000E+00,  0.0000000000000000E+00,  0.0000000000000000E+00
     34.,  0.2402504536944964E+00,     10.,      52024., -0.3918261895024986E-16, -0.1684368602609171E-15,  0.1498382120131718E-15,  0.1836301714764797E-20,  0.8661078515902915E-22, -0.5027209135065587E-20
     34.,  0.2402504536944964E+00,     11.,    2000040.,  0.2692261225738521E-02,  0.2386249698356844E-01, -0.7083731473112963E-02, -0.1959287415343142E-05,  0.1533706530162864E-07, -0.7322566105687294E-06
     35.,  0.2483162863368878E+00,      1.,         80.,  0.9178194502437671E-03,  0.3305853795980644E-02,  0.4666826330249063E-03,  0.0000000000000000E+00,  0.0000000000000000E+00,  0.0000000000000000E+00
     35.,  0.2483162863368878E+00,      2.,      28469.,  0.2474113167743515E-16,  0.1568297526677836E-15,  0.4884536937914935E-15,  0.4901502570807875E-19,  0.3915014711069020E-22,  0.1686987712066791E-19
     35.,  0.2483162863368878E+00,      3.,      28660., -0.3124717807456159E-16,  0.6203718000870322E-15, -0.4149679671687755E-15, -0.3811939240782619E-18, -0.4687267829440076E-22,  0.2692794867040361E-19
     35.,  0.2483162863368878E+00,      4.,        374., -0.6778436723992914E-16,  0.1017052750313819E-14,  0.1843545819056558E-15,  0.0000000000000000E+00,  0.0000000000000000E+00,  0.0000000000000000E+00
     35.,  0.2483162863368878E+00,      5.,      29176.,  0.2923917838273980E-17, -0.1403802693461751E-15,  0.1215395040187321E-15, -0.7711102757366738E-19, -0.1066296296885821E-20,  0.5586321569948456E-19
     35.,  0.2483162863368878E+00,      6.,      14098., -0.7944756417342690E-03,  0.3307960699315988E-02, -0.1423297353945516E-03,  0.0000000000000000E+00,  0.0000000000000000E+00,  0.0000000000000000E+00
     35.,  0.2483162863368878E+00,      7.,      51317., -0.6141599969392371E-16,  0.3733567800775869E-16, -0.2068873495159842E-15, -0.7857410966542548E-19,  0.1181731835056829E-20, -0.8229252547709460E-19
     35.,  0.2483162863368878E+00,      8.,      51508., -0.8076893177084673E-16,  0.5582834288490736E-15, -0.2317839537201814E-15, -0.4833379868295219E-19,  0.5297342727225589E-22, -0.2672685468131573E-22
     35.,  0.2483162863368878E+00,      9.,      14392., -0.4240008573825881E-15,  0.9996084123750249E-15,  0.1806360775952932E-14,  0.0000000000000000E+00,  0.0000000000000000E+00,  0.0000000000000000E+00
     35.,  0.2483162863368878E+00,     10.,      52024., -0.6260272066089946E-17, -0.3902902803791654E-15,  0.2810828349402039E-16,  0.4850252064890427E-19,  0.4189170672267807E-21, -0.1802976081379993E-20
     35.,  0.2483162863368878E+00,     11.,    2000040., -0.2237600199897120E-02,  0.1496059580482112E-01,  0.6820819823687904E-02,  0.6003881561242810E-06, -0.1325386919075579E-08,  0.1983800951084473E-06
     36.,  0.2483638934815047E+00,      1.,         80.,  0.2245499627377146E-02,  0.1957751552987149E-04,  0.3917547551311646E-02,  0.0000000000000000E+00,  0.0000000000000000E+00,  0.0000000000000000E+00
     36.,  0.2483638934815047E+00,      2.,      28469., -0.1131352629522723E-15, -0.5313947266397475E-15, -0.3660054152249988E-15, -0.1182903915731148E-18,  0.3785296189354595E-23,  0.3412826660719518E-19
     36.,  0.2483638934815047E+00,      3.,      28660.,  0.1844603591034159E-16, -0.3794850119491878E-16,  0.4363010751155115E-15,  0.1119042968617624E-18, -0.1043211584278284E-23, -0.1696432904920495E-19
     36.,  0.2483638934815047E+00,      4.,        374., -0.9863799543725604E-16, -0.4162283126431031E-15,  0.6055078516897763E-15,  0.0000000000000000E+00,  0.0000000000000000E+00,  0.0000000000000000E+00
     36.,  0.2483638934815047E+00,      5.,      29176., -0.9845731277192710E-16, -0.1436436969944297E-15, -0.1255962707692199E-15, -0.2156578183117139E-19,  0.7122648539398575E-22, -0.5101079281459845E-20
     36.,  0.2483638934815047E+00,      6.,      14098.,  0.2268269909305667E-02,  0.2389688630802611E-04,  0.3908122495957042E-02,  0.0000000000000000E+00,  0.0000000000000000E+00,  0.0000000000000000E+00
     36.,  0.2483638934815047E+00,      7.,      51317., -0.1208155581266362E-15, -0.5984010771917607E-15, -0.5082759714272253E-15, -0.1460981278061464E-18,  0.1152394118681734E-21,  0.2173284023882904E-19
     36.,  0.2483638934815047E+00,      8.,      51508., -0.4702404798138815E-16, -0.4752692326035694E-16, -0.2204003226464035E-15, -0.3858689834423511E-19,  0.8376976997401317E-24,  0.5965687089770975E-21
     36.,  0.2483638934815047E+00,      9.,      14392.,  0.3649590248516223E-16, -0.1507308308687963E-15, -0.4269519402238652E-15,  0.0000000000000000E+00,  0.0000000000000000E+00,  0.0000000000000000E+00
     36.,  0.2483638934815047E+00,     10.,      52024., -0.2662069232550816E-16, -0.1082862786643150E-15,  0.2178533695254528E-16,  0.8521894442168946E-20, -0.8833034749655277E-22,  0.2399363183399586E-20
     36.,  0.2483638934815047E+00,     11.,    2000040., -0.6508529627745051E-02,  0.1405168169807883E-03,  0.1986793149871563E-01,  0.4263333346067030E-07, -0.4365655796806362E-08,  0.2791585972564722E-08
     37.,  0.2507887838637265E+00,      1.,         80., -0.2621660439264266E-15, -0.2239092000199490E-15, -0.3347453783197487E-15,  0.0000000000000000E+00,  0.0000000000000000E+00,  0.0000000000000000E+00
     37.,  0.2507887838637265E+00,      2.,      28469., -0.1756888099662851E-03, -0.1909748124164117E-03,  0.7503090054379241E-03,  0.2625473950233061E-06, -0.2069147177977626E-16,  0.5993420527697029E-07
     37.,  0.2507887838637265E+00,      3.,      28660.,  0.1924536371071596E-04, -0.7722376048301622E-03,  0.3698725542169447E-02,  0.1270546241954205E-05, -0.2258918706546037E-15, -0.6440707591515512E-08
     37.,  0.2507887838637265E+00,      4.,        374.,  0.1246619915722124E-04, -0.4560380430521067E-03,  0.1785840179781716E-02,  0.0000000000000000E+00,  0.0000000000000000E+00,  0.0000000000000000E+00
     37.,  0.2507887838637265E+00,      5.,      29176.,  0.1191261256431351E-15, -0.7327167097489301E-15,  0.3197074119510164E-15,  0.1078722854592902E-19,  0.7170150403075192E-22, -0.1298023517096635E-20
     37.,  0.2507887838637265E+00,      6.,      14098., -0.4548257426661875E-16, -0.1749750600810601E-15, -0.1159697456682493E-15,  0.0000000000000000E+00,  0.0000000000000000E+00,  0.0000000000000000E+00
     37.,  0.2507887838637265E+00,      7.,      51317.,  0.1402778239225502E-03,  0.2029640677269726E-03, -0.6282244098742048E-03, -0.2548597216657180E-06,  0.1934924809187745E-17, -0.5482401670256677E-07
     37.,  0.2507887838637265E+00,      8.,      51508., -0.1109412565198701E-04,  0.7362822390927886E-03, -0.3052635193515274E-02, -0.1263676934308346E-05,  0.1020236810690437E-15,  0.4933389792585689E-08
     37.,  0.2507887838637265E+00,      9.,      14392.,  0.2869394798500124E-04,  0.4085938800232750E-03, -0.1672409617654464E-02,  0.0000000000000000E+00,  0.0000000000000000E+00,  0.0000000000000000E+00
     37.,  0.2507887838637265E+00,     10.,      52024., -0.9385505750587297E-16, -0.7435286300321691E-15, -0.1410200731527335E-15, -0.1067891271924774E-19, -0.2969041991834465E-22, -0.4805917095056661E-21
     37.,  0.2507887838637265E+00,     11.,    2000040.,  0.7124290034976309E-15,  0.7719914319759680E-15, -0.2252640703679673E-14, -0.1069704885491344E-18, -0.4792952877305111E-20, -0.1454022985819329E-19
     38.,  0.2532183499261837E+00,      1.,         80.,  0.2668437253617756E-02,  0.1103285724192372E-02,  0.3818897260802024E-02,  0.0000000000000000E+00,  0.0000000000000000E+00,  0.0000000000000000E+00
     38.,  0.2532183499261837E+00,      2.,      28469., -0.7045156779365800E-16,  0.1042931901763036E-14, -0.2938558605790444E-15,  0.9672828979023377E-19, -0.1059858502875130E-22, -0.7754258352717004E-20
     38.,  0.2532183499261837E+00,      3.,      28660.,  0.2484774771057394E-16,  0.1040710975083624E-14, -0.7436413953903400E-15,  0.7696696886704527E-19,  0.1359349614169826E-22,  0.1299342100581335E-20
     38.,  0.2532183499261837E+00,      4.,        374.,  0.6829865298197054E-16,  0.1462780424165880E-14,  0.1802906565201628E-16,  0.0000000000000000E+00,  0.0000000000000000E+00,  0.0000000000000000E+00
     38.,  0.2532183499261837E+00,      5.,      29176., -0.1645189405653112E-15,  0.3618891895155461E-15, -0.2273587300953664E-15,  0.6459100246189791E-20,  0.3100986507346945E-21,  0.4183317261131586E-20
     38.,  0.2532183499261837E+00,      6.,      14098., -0.2136696234227971E-02,  0.1108384579384896E-02, -0.2824751480577016E-02,  0.0000000000000000E+00,  0.0000000000000000E+00,  0.0000000000000000E+00
     38.,  0.2532183499261837E+00,      7.,      51317., -0.7744905938736841E-17,  0.1247876294058247E-14, -0.1186751256664596E-15, -0.5450780023410290E-19, -0.2694557317831896E-21,  0.1316928237557728E-19
     38.,  0.2532183499261837E+00,      8.,      51508.,  0.2985083058518827E-17,  0.1086177704116462E-14, -0.3819954176127147E-15, -0.9591952154003377E-19, -0.1780278886946371E-22,  0.5799050301124723E-21
     38.,  0.2532183499261837E+00,      9.,      14392., -0.1368703543951446E-15,  0.1377703625362758E-14,  0.8221384581238937E-15,  0.0000000000000000E+00,  0.0000000000000000E+00,  0.0000000000000000E+00
     38.,  0.2532183499261837E+00,     10.,      52024.,  0.7044952097245710E-16,  0.4105835409533599E-15,  0.2453893136747546E-15, -0.3502847001894393E-19, -0.7527833907159013E-23,  0.1270535745613372E-19
     38.,  0.2532183499261837E+00,     11.,    2000040., -0.7395465725446595E-02, -0.1142105358824010E-01,  0.2254020035157307E-01,  0.9347085127311561E-06, -0.5206502833575455E-08,  0.3009113758351919E-06
     39.,  0.2541921313821665E+00,      1.,         80.,  0.1176419846136280E-15,  0.1040307091192053E-16,  0.2288006070182913E-15,  0.0000000000000000E+00,  0.0000000000000000E+00,  0.0000000000000000E+00
     39.,  0.2541921313821665E+00,      2.,      28469.,  0.8433199218788803E-04,  0.3723137855994036E-02,  0.4168952718618618E-02,  0.1673353092666389E-05,  0.1680378658619949E-16, -0.2947723960278821E-06
     39.,  0.2541921313821665E+00,      3.,      28660., -0.1128804955931679E-02, -0.3193898636973222E-02,  0.2613719096719540E-02,  0.7950765082679888E-07,  0.1921571406240234E-16,  0.2673717762709755E-07
     39.,  0.2541921313821665E+00,      4.,        374.,  0.7682063689499485E-03, -0.2049636254700247E-01, -0.9447814820462601E-02,  0.0000000000000000E+00,  0.0000000000000000E+00,  0.0000000000000000E+00
     39.,  0.2541921313821665E+00,      5.,      29176., -0.2947263979764811E-15,  0.1815685543853531E-14, -0.9171617277417101E-15,  0.2174447249565855E-19, -0.6453280759889302E-22,  0.7365032543994553E-20
     39.,  0.2541921313821665E+00,      6.,      14098., -0.7443921651944864E-16,  0.3392277939272750E-18, -0.1490692053887778E-15,  0.0000000000000000E+00,  0.0000000000000000E+00,  0.0000000000000000E+00
     39.,  0.2541921313821665E+00,      7.,      51317.,  0.1488519281006518E-02,  0.3767728489610267E-02,  0.4751484231163856E-02,  0.1674420844864959E-05, -0.6344182447064668E-17, -0.2956678939819121E-06
     39.,  0.2541921313821665E+00,      8.,      51508.,  0.9849925119525189E-03, -0.3192164453995972E-02, -0.2184707304789969E-02,  0.8174463395991704E-07,  0.2272303829765148E-15,  0.3240851333099286E-07
     39.,  0.2541921313821665E+00,      9.,      14392.,  0.5693463716515276E-02, -0.2067165783369716E-01, -0.2569507237727485E-01,  0.0000000000000000E+00,  0.0000000000000000E+00,  0.0000000000000000E+00
     39.,  0.2541921313821665E+00,     10.,      52024.,  0.2403992324544422E-15,  0.1875304597443412E-14,  0.7402461953675493E-15,  0.4762286897629439E-19,  0.4465564922357360E-21,  0.1701866160250321E-19
     39.,  0.2541921313821665E+00,     11.,    2000040., -0.4057610239463965E-15, -0.1841310963313841E-15,  0.1265666334239598E-14,  0.6403111309441423E-19, -0.1856955843171322E-20,  0.2071889860831954E-19
     40.,  0.2560931493008602E+00,      1.,         80.,  0.9091462280408887E-16,  0.6621500858227799E-15,  0.5909612381713169E-16,  0.0000000000000000E+00,  0.0000000000000000E+00,  0.0000000000000000E+00
     40.,  0.2560931493008602E+00,      2.,      28469., -0.4805462158053926E-03, -0.3123051805448907E-01, -0.5033017669959566E-02, -0.3651712600352624E-05,  0.2622111897022562E-17,  0.6778576826558509E-06
     40.,  0.2560931493008602E+00,      3.,      28660.,  0.4712916631799040E-03, -0.2491834996544748E-01,  0.6765113781031464E-03, -0.6845804124764187E-07,  0.2608949563046428E-16, -0.9303756687106306E-08
     40.,  0.2560931493008602E+00,      4.,        374.,  0.4316839996745610E-03, -0.1806867849617718E-01, -0.1001924845109302E-02,  0.0000000000000000E+00,  0.0000000000000000E+00,  0.0000000000000000E+00
     40.,  0.2560931493008602E+00,      5.,      29176., -0.6580413394937437E-15,  0.5897874527236516E-14, -0.2000694218370187E-14, -0.1126056627835735E-19, -0.8625167860354550E-21, -0.3481430499038385E-19
     40.,  0.2560931493008602E+00,      6.,      14098., -0.8159645552627760E-16,  0.7254231027167041E-15, -0.2458179070358973E-15,  0.0000000000000000E+00,  0.0000000000000000E+00,  0.0000000000000000E+00
     40.,  0.2560931493008602E+00,      7.,      51317., -0.3152919301349742E-02, -0.3132875648822845E-01, -0.1442100539318737E-01, -0.3651133166683968E-05,  0.2502577117499313E-15,  0.6806954977282053E-06
     40.,  0.2560931493008602E+00,      8.,      51508., -0.4211707598601800E-03, -0.2492021845508607E-01, -0.1032396710652785E-02, -0.6808995340179170E-07,  0.1655555687315883E-14, -0.1179467873929898E-07
     40.,  0.2560931493008602E+00,      9.,      14392.,  0.4489600430662395E-03, -0.1809006336882573E-01, -0.3379490955401074E-02,  0.0000000000000000E+00,  0.0000000000000000E+00,  0.0000000000000000E+00
     40.,  0.2560931493008602E+00,     10.,      52024.,  0.6677331008202364E-15,  0.6025326669150258E-14,  0.2044588483163946E-14,  0.2866454755463470E-19, -0.5970062487929333E-21, -0.1056802014205313E-19
     40.,  0.2560931493008602E+00,     11.,    2000040., -0.1713060285232965E-15, -0.1771789464387060E-15,  0.5071935512201116E-15,  0.2041539844504551E-19,  0.3364192807369332E-20,  0.9350867781411493E-20
     41.,  0.2567912629700670E+00,      1.,         80., -0.1433706817108225E-15, -0.1376806375399965E-14,  0.3028090341810946E-15,  0.0000000000000000E+00,  0.0000000000000000E+00,  0.0000000000000000E+00
     41.,  0.2567912629700670E+00,      2.,      28469.,  0.4150394290435329E-03,  0.1933889841666245E-03, -0.9047661031566217E-03, -0.3948293679093368E-05, -0.8507360690098309E-16,  0.7266320541227108E-06
     41.,  0.2567912629700670E+00,      3.,      28660.,  0.4331652906260959E-03,  0.1784879891417449E-01,  0.6945481798008190E-02,  0.1761307349736102E-06,  0.2072930967100394E-16, -0.7840602222055424E-08
     41.,  0.2567912629700670E+00,      4.,        374., -0.2569608937133440E-03,  0.7801283486022838E-02,  0.1758310938923593E-02,  0.0000000000000000E+00,  0.0000000000000000E+00,  0.0000000000000000E+00
     41.,  0.2567912629700670E+00,      5.,      29176., -0.5133768984000596E-15,  0.3628914887509814E-14, -0.1440053394118412E-14,  0.9696222802655825E-19,  0.2482177930485821E-21,  0.8414613811145172E-20
     41.,  0.2567912629700670E+00,      6.,      14098.,  0.2077121529245314E-15, -0.1385423822629325E-14, -0.6097936350217536E-15,  0.0000000000000000E+00,  0.0000000000000000E+00,  0.0000000000000000E+00
     41.,  0.2567912629700670E+00,      7.,      51317., -0.4317867542842762E-02,  0.8693931310961562E-04, -0.2015043578782799E-01, -0.3947015605105514E-05, -0.8167390702576026E-16,  0.7300651867281654E-06
     41.,  0.2567912629700670E+00,      8.,      51508., -0.3902640214542025E-03,  0.1785400588619554E-01, -0.6026773678052768E-02,  0.1765335468539901E-06, -0.1161110930457952E-14, -0.1020651266707525E-07
     41.,  0.2567912629700670E+00,      9.,      14392.,  0.1788500238157855E-02,  0.7761779851251300E-02, -0.9841746809995815E-02,  0.0000000000000000E+00,  0.0000000000000000E+00,  0.0000000000000000E+00
     41.,  0.2567912629700670E+00,     10.,      52024.,  0.4108696917893314E-15,  0.3669746292474382E-14,  0.1425821626691069E-14,  0.2244221571971603E-19,  0.1388541999674293E-21, -0.6470848292281443E-20
     41.,  0.2567912629700670E+00,     11.,    2000040.,  0.1358689367057039E-15,  0.6782039050427546E-15, -0.4038883845167464E-15, -0.8709756550836304E-19, -0.4251610346470275E-21, -0.3855063559741662E-19
     42.,  0.2574010344951639E+00,      1.,         80., -0.5720716677135796E-16, -0.8236429833960299E-16,  0.2581458755876259E-15,  0.0000000000000000E+00,  0.0000000000000000E+00,  0.0000000000000000E+00
     42.,  0.2574010344951639E+00,      2.,      28469., -0.8889006807963564E-16, -0.6004179112042793E-14, -0.1272779350115319E-14, -0.1075843563178633E-17, -0.6367313468744749E-22,  0.2248055601350854E-18
     42.,  0.2574010344951639E+00,      3.,      28660.,  0.1082416215694490E-15, -0.2722266875992754E-14,  0.5241572521919203E-15, -0.4415963078003996E-18, -0.1722293937453459E-21, -0.1212667591928066E-19
     42.,  0.2574010344951639E+00,      4.,        374.,  0.3018329675011360E-15, -0.4059160075347511E-14, -0.1840751980773267E-14,  0.0000000000000000E+00,  0.0000000000000000E+00,  0.0000000000000000E+00
     42.,  0.2574010344951639E+00,      5.,      29176.,  0.3149554409187710E-02, -0.2540082806963348E-01,  0.9154205672430615E-02, -0.1760278828847824E-06,  0.6954737760865718E-14, -0.1859736997195509E-07
     42.,  0.2574010344951639E+00,      6.,      14098.,  0.3696294235431436E-16, -0.7081938644218197E-16, -0.2262964430302387E-15,  0.0000000000000000E+00,  0.0000000000000000E+00,  0.0000000000000000E+00
     42.,  0.2574010344951639E+00,      7.,      51317., -0.1283642286033012E-14, -0.5964077538498349E-14, -0.6044258945958859E-14, -0.1098591519709914E-17, -0.7687968956177411E-22,  0.1799604795733542E-18
     42.,  0.2574010344951639E+00,      8.,      51508., -0.5923312256869123E-16, -0.2734292935078729E-14, -0.1852766244743173E-14,  0.2854423847095802E-19,  0.2455142727534822E-22, -0.4128068868839824E-20
     42.,  0.2574010344951639E+00,      9.,      14392.,  0.8074818916541907E-15, -0.4155967359067128E-14, -0.3972952278516771E-14,  0.0000000000000000E+00,  0.0000000000000000E+00,  0.0000000000000000E+00
     42.,  0.2574010344951639E+00,     10.,      52024., -0.3033928867981673E-02, -0.2540411510669027E-01, -0.9962738981332393E-02, -0.1512463819891788E-06, -0.1466436119586761E-14, -0.4987981949052923E-08
     42.,  0.2574010344951639E+00,     11.,    2000040., -0.1018715490157627E-16,  0.1918584388557723E-15,  0.4496594017540986E-16, -0.4423006110409294E-19,  0.5285899134456381E-21, -0.2108978052333786E-19
     43.,  0.2585832251959026E+00,      1.,         80.,  0.7484465542568216E-16,  0.3586035826928056E-15, -0.3250805694087428E-15,  0.0000000000000000E+00,  0.0000000000000000E+00,  0.0000000000000000E+00
     43.,  0.2585832251959026E+00,      2.,      28469., -0.4756153710820907E-02, -0.2249803738819886E-04, -0.2271148799798431E-01,  0.3497994149665063E-07, -0.9633177417613286E-18, -0.6622322093141362E-08
     43.,  0.2585832251959026E+00,      3.,      28660.,  0.1113949637911049E-05, -0.3400456891930604E-04, -0.2896821416634300E-01,  0.4417542016934728E-07,  0.1250726152644381E-17,  0.3837136174561992E-11
     43.,  0.2585832251959026E+00,      4.,        374.,  0.4144965323012171E-02, -0.2144107651152223E-04, -0.1954102698219736E-01,  0.0000000000000000E+00,  0.0000000000000000E+00,  0.0000000000000000E+00
     43.,  0.2585832251959026E+00,      5.,      29176., -0.6656576627563378E-16,  0.4434365878000904E-15, -0.2593215948043890E-15, -0.2345120974179957E-20,  0.6518913262773258E-23,  0.9137108646999662E-21
     43.,  0.2585832251959026E+00,      6.,      14098., -0.5980287710604510E-17,  0.3260426810784535E-15,  0.1773902567916967E-15,  0.0000000000000000E+00,  0.0000000000000000E+00,  0.0000000000000000E+00
     43.,  0.2585832251959026E+00,      7.,      51317., -0.4791353797868237E-02,  0.1356086685611330E-04, -0.2289208854183708E-01, -0.3336826476073903E-07, -0.4849736299972902E-17,  0.6916525268523219E-08
     43.,  0.2585832251959026E+00,      8.,      51508.,  0.1668774291536031E-05,  0.1135686743169266E-04, -0.2920545030975944E-01, -0.4423916973508285E-07,  0.2547450369464200E-16, -0.1650579094654352E-09
     43.,  0.2585832251959026E+00,      9.,      14392.,  0.4177132941109903E-02,  0.1204759462983190E-04, -0.1970617294446157E-01,  0.0000000000000000E+00,  0.0000000000000000E+00,  0.0000000000000000E+00
     43.,  0.2585832251959026E+00,     10.,      52024.,  0.7382083250169010E-16,  0.4164213907938184E-15,  0.2757666347060509E-15,  0.5635764866434525E-20, -0.3122342213219169E-22,  0.6951662775259350E-21
     43.,  0.2585832251959026E+00,     11.,    2000040.,  0.6782044087226833E-16, -0.3220311749826191E-15, -0.2039625527670616E-15,  0.4075647216643947E-19, -0.4959306374329565E-20,  0.1806090876978069E-19
     44.,  0.2636907535409670E+00,      1.,         80., -0.2246653140231259E-15, -0.1667625886070517E-14,  0.4936882613744664E-15,  0.0000000000000000E+00,  0.0000000000000000E+00,  0.0000000000000000E+00
     44.,  0.2636907535409670E+00,      2.,      28469., -0.5371338064805294E-02, -0.1291695108642824E-02, -0.2589397269127426E-01, -0.1613693381859000E-05,  0.4309967285431100E-16,  0.3304148117817041E-06
     44.,  0.2636907535409670E+00,      3.,      28660.,  0.2033292247439664E-04,  0.1260364337497118E-02, -0.3212356902417842E-01, -0.1326361185587590E-05, -0.2591345717996068E-16, -0.1179424637133516E-08
     44.,  0.2636907535409670E+00,      4.,        374.,  0.4740612199894570E-02, -0.9749330867102964E-03, -0.2249341269575145E-01,  0.0000000000000000E+00,  0.0000000000000000E+00,  0.0000000000000000E+00
     44.,  0.2636907535409670E+00,      5.,      29176.,  0.3818169201282509E-16,  0.2222180269116349E-15,  0.7745464428689896E-16, -0.1412405250604231E-19, -0.6808419134850741E-22, -0.6082819085587902E-20
     44.,  0.2636907535409670E+00,      6.,      14098.,  0.2167545474475861E-15, -0.1658870782376960E-14, -0.5308732603504786E-15,  0.0000000000000000E+00,  0.0000000000000000E+00,  0.0000000000000000E+00
     44.,  0.2636907535409670E+00,      7.,      51317.,  0.3613026671159516E-02, -0.1336198571190765E-02,  0.1727966315615535E-01, -0.1611850774504679E-05, -0.4606583199997763E-17,  0.3307713660865513E-06
     44.,  0.2636907535409670E+00,      8.,      51508., -0.1453944513083191E-04,  0.1221794916096941E-02,  0.2503425229414944E-01, -0.1325904118282668E-05, -0.9557263748447673E-16, -0.1658224733112779E-08
     44.,  0.2636907535409670E+00,      9.,      14392., -0.3149173410128061E-02, -0.1012580555398776E-02,  0.1473059910451829E-01,  0.0000000000000000E+00,  0.0000000000000000E+00,  0.0000000000000000E+00
     44.,  0.2636907535409670E+00,     10.,      52024., -0.1916663880780172E-17,  0.2558215262427745E-15,  0.3456651895243960E-16,  0.1617733521204057E-20, -0.7490511761040705E-22, -0.1813046481721707E-20
     44.,  0.2636907535409670E+00,     11.,    2000040.,  0.1145883326338530E-15,  0.1560829962720368E-14, -0.3122468666030659E-15, -0.1405476957699630E-18, -0.5009854629265209E-20, -0.5272063095695034E-19
     45.,  0.2651215829711283E+00,      1.,         80.,  0.9754006837069179E-17,  0.1747777301933673E-15, -0.1170821346108521E-15,  0.0000000000000000E+00,  0.0000000000000000E+00,  0.0000000000000000E+00
     45.,  0.2651215829711283E+00,      2.,      28469.,  0.7872501588525313E-03, -0.1359397413979836E-02,  0.5975137995777259E-02,  0.2200993424411266E-05, -0.2048748707936058E-16, -0.2932454427273930E-06
     45.,  0.2651215829711283E+00,      3.,      28660.,  0.2943761615934038E-03, -0.1761387367480749E-03,  0.7612466492994702E-03,  0.2799011565082585E-06, -0.4766225436537510E-16, -0.1007478765109101E-06
     45.,  0.2651215829711283E+00,      4.,        374.,  0.1163141211676056E-02,  0.1777940166543613E-02, -0.7938418491515470E-02,  0.0000000000000000E+00,  0.0000000000000000E+00,  0.0000000000000000E+00
     45.,  0.2651215829711283E+00,      5.,      29176.,  0.8718521900831120E-18,  0.2479897299111823E-15, -0.1123222399302357E-15,  0.5615412962334639E-20,  0.4381310874593921E-22, -0.4178912672162064E-20
     45.,  0.2651215829711283E+00,      6.,      14098.,  0.1842906630989949E-16,  0.1565628581728251E-15,  0.1162841149738866E-15,  0.0000000000000000E+00,  0.0000000000000000E+00,  0.0000000000000000E+00
     45.,  0.2651215829711283E+00,      7.,      51317., -0.7896416652117393E-03,  0.1296831985805351E-02, -0.5762351360843351E-02, -0.2200409581408353E-05, -0.4233894663780212E-16,  0.3010255923210468E-06
     45.,  0.2651215829711283E+00,      8.,      51508., -0.2501995406253490E-03,  0.1638183993425549E-03, -0.7249389905960171E-03, -0.2805291480086723E-06, -0.4164542788136249E-16,  0.9096780306151488E-07
     45.,  0.2651215829711283E+00,      9.,      14392., -0.1149842303151677E-02, -0.1703809950968061E-02,  0.7635103594838864E-02,  0.0000000000000000E+00,  0.0000000000000000E+00,  0.0000000000000000E+00
     45.,  0.2651215829711283E+00,     10.,      52024., -0.7844314276162577E-17,  0.2658179833981518E-15, -0.3156497572287704E-16, -0.9633016123342568E-20, -0.1147157864385995E-21, -0.1580759922884359E-20
     45.,  0.2651215829711283E+00,     11.,    2000040.,  0.4546359983280854E-16,  0.1750706579030268E-15, -0.1325828443687863E-15,  0.1739607517290063E-19,  0.1709635665353384E-20, -0.4440350586230938E-20
     46.,  0.2669432663736532E+00,      1.,         80., -0.3934347960653510E-02, -0.2600358031342810E-01,  0.8840213472231712E-02,  0.0000000000000000E+00,  0.0000000000000000E+00,  0.0000000000000000E+00
     46.,  0.2669432663736532E+00,      2.,      28469.,  0.3601809674719254E-15,  0.1023843027368742E-15,  0.1435045787485502E-14,  0.3046763851877849E-18,  0.5187205422089815E-22, -0.4465319523050644E-19
     46.,  0.2669432663736532E+00,      3.,      28660.,  0.1386222159988338E-16, -0.1264342837052190E-14,  0.1045585153799071E-14, -0.8173548848914521E-19, -0.3887776071088942E-22, -0.2339963024732679E-19
     46.,  0.2669432663736532E+00,      4.,        374., -0.8624738078348918E-16, -0.9939885463635118E-17,  0.3794239765302288E-15,  0.0000000000000000E+00,  0.0000000000000000E+00,  0.0000000000000000E+00
     46.,  0.2669432663736532E+00,      5.,      29176., -0.2646425934267859E-16,  0.1061395818417201E-14, -0.1185348689233729E-15,  0.1114081768893633E-18,  0.5960533941931291E-21, -0.5703843395735598E-19
     46.,  0.2669432663736532E+00,      6.,      14098.,  0.4094402351146256E-02, -0.2601398636961180E-01, -0.1056920837852977E-01,  0.0000000000000000E+00,  0.0000000000000000E+00,  0.0000000000000000E+00
     46.,  0.2669432663736532E+00,      7.,      51317., -0.1227242986377504E-15,  0.3206982818879155E-15, -0.6716003757228542E-15,  0.3450597866523353E-18,  0.4945952139994014E-21, -0.4853667556615107E-19
     46.,  0.2669432663736532E+00,      8.,      51508.,  0.3211869615345727E-16, -0.1273886720712694E-14, -0.2210734526877216E-14,  0.4723081587855950E-20,  0.7956321459617614E-22,  0.1476158635481576E-20
     46.,  0.2669432663736532E+00,      9.,      14392.,  0.1237551306427190E-15, -0.9316088847434899E-16, -0.6413395104898638E-15,  0.0000000000000000E+00,  0.0000000000000000E+00,  0.0000000000000000E+00
     46.,  0.2669432663736532E+00,     10.,      52024.,  0.7026776857134615E-16,  0.1190663899399726E-14,  0.2934172050967659E-15, -0.3499788873500034E-19, -0.2234396448211733E-21, -0.3794161298172172E-19
     46.,  0.2669432663736532E+00,     11.,    2000040.,  0.1729953372196213E-02,  0.2165519189960343E-01, -0.4647500897017613E-02, -0.2199026142281169E-05,  0.2059806730874744E-07, -0.8245426971365824E-06
     47.,  0.2730286024749293E+00,      1.,         80.,  0.1173871236222868E-15, -0.3218041674708136E-16, -0.2006564385234630E-15,  0.0000000000000000E+00,  0.0000000000000000E+00,  0.0000000000000000E+00
     47.,  0.2730286024749293E+00,      2.,      28469., -0.3263858261318597E-16, -0.2207345280097686E-16, -0.1357708923378004E-16,  0.5624805193498411E-19,  0.6416649902250606E-23, -0.1615002810260215E-19
     47.,  0.2730286024749293E+00,      3.,      28660., -0.1537172096278675E-16, -0.2261169412722622E-15,  0.2088756760134983E-15,  0.6969789297685278E-19, -0.6427422917525547E-23,  0.8354656435169334E-20
     47.,  0.2730286024749293E+00,      4.,        374.,  0.6128818620517760E-16, -0.1004913605496764E-15, -0.4465421271419956E-15,  0.0000000000000000E+00,  0.0000000000000000E+00,  0.0000000000000000E+00
     47.,  0.2730286024749293E+00,      5.,      29176., -0.1595715662697933E-03, -0.9602561503430626E-05,  0.1205971029939359E-03,  0.2002242967294740E-07,  0.4151912169900713E-15,  0.5948799281577003E-07
     47.,  0.2730286024749293E+00,      6.,      14098., -0.9072926689192262E-17, -0.6944137369307728E-16,  0.7439164784626523E-16,  0.0000000000000000E+00,  0.0000000000000000E+00,  0.0000000000000000E+00
     47.,  0.2730286024749293E+00,      7.,      51317., -0.7192805234089812E-16,  0.9632174326541639E-16, -0.3888767908274368E-15, -0.9302983513524101E-19,  0.9424102501707241E-22,  0.1952513400685948E-19
     47.,  0.2730286024749293E+00,      8.,      51508.,  0.1987987297739134E-17, -0.1712089862274869E-15, -0.6576755579815327E-15, -0.4537334547256582E-19,  0.4050197381140522E-23, -0.6587674408196716E-20
     47.,  0.2730286024749293E+00,      9.,      14392., -0.8821569632645768E-17,  0.3442157475535859E-16,  0.2402785168228480E-15,  0.0000000000000000E+00,  0.0000000000000000E+00,  0.0000000000000000E+00
     47.,  0.2730286024749293E+00,     10.,      52024.,  0.1624913517853107E-03,  0.4967937371415443E-05,  0.1029587863120489E-04, -0.1843362781272089E-07,  0.1806817596466037E-15, -0.5323663902188477E-07
     47.,  0.2730286024749293E+00,     11.,    2000040., -0.1890080944086346E-15,  0.8059856883170121E-16,  0.5050186501055175E-15,  0.3214593473914571E-19, -0.6991923436701240E-20,  0.2581587784594532E-19
     48.,  0.2857140963715922E+00,      1.,         80.,  0.1485242735220975E-15,  0.1268916361661598E-15, -0.1657377616680749E-15,  0.0000000000000000E+00,  0.0000000000000000E+00,  0.0000000000000000E+00
     48.,  0.2857140963715922E+00,      2.,      28469., -0.9037848919335738E-03, -0.3968463659405229E-02, -0.2435570515647701E-02, -0.1489474920828584E-05,  0.2316715664771218E-16,  0.2401017209524314E-06
     48.,  0.2857140963715922E+00,      3.,      28660., -0.4653897815507147E-04, -0.1518441579692306E-01,  0.2006789809882742E-02, -0.8906404583092410E-06,  0.2309643411896671E-15,  0.8706348432163069E-08
     48.,  0.2857140963715922E+00,      4.,        374.,  0.1229932767599842E-02, -0.6398558616331991E-02, -0.4108089586870400E-02,  0.0000000000000000E+00,  0.0000000000000000E+00,  0.0000000000000000E+00
     48.,  0.2857140963715922E+00,      5.,      29176.,  0.7658287595968168E-16,  0.1074614081804102E-14,  0.2194511741914278E-15,  0.1350836123562651E-18,  0.1668824485115117E-20, -0.6670253808407183E-19
     48.,  0.2857140963715922E+00,      6.,      14098., -0.1080299125178602E-15,  0.7782993153054587E-16,  0.1201306849500509E-15,  0.0000000000000000E+00,  0.0000000000000000E+00,  0.0000000000000000E+00
     48.,  0.2857140963715922E+00,      7.,      51317., -0.3972468287715007E-03, -0.4008991965740502E-02, -0.5498698189685082E-02, -0.1483285069648202E-05,  0.2585500903393840E-16,  0.2503314369944230E-06
     48.,  0.2857140963715922E+00,      8.,      51508., -0.4805286410454000E-05, -0.1520838099257519E-01, -0.6733156033664638E-02, -0.8836094883790561E-06,  0.1154004309903614E-14,  0.1063136845013295E-07
     48.,  0.2857140963715922E+00,      9.,      14392.,  0.1007698841469525E-02, -0.6468493614572856E-02, -0.9146861502478733E-02,  0.0000000000000000E+00,  0.0000000000000000E+00,  0.0000000000000000E+00
     48.,  0.2857140963715922E+00,     10.,      52024., -0.1486825960288896E-16,  0.8476015113713106E-15,  0.9350194253867600E-17, -0.2648494630519938E-19, -0.1361548840217905E-22, -0.2883256782258352E-19
     48.,  0.2857140963715922E+00,     11.,    2000040., -0.1133288450945548E-15, -0.4452637833035737E-15,  0.2967363677850027E-15,  0.7953293389435813E-19, -0.2966350399068260E-20,  0.3207251070707580E-19
     49.,  0.2867091550236212E+00,      1.,         80., -0.4174613464712357E-16, -0.1078946938777437E-15,  0.7337698011426873E-16,  0.0000000000000000E+00,  0.0000000000000000E+00,  0.0000000000000000E+00
     49.,  0.2867091550236212E+00,      2.,      28469.,  0.1919077975288045E-02, -0.2400316807311146E-02,  0.1093818684881228E-01,  0.4005216135189348E-05, -0.6006549459912085E-17, -0.7001883526112123E-06
     49.,  0.2867091550236212E+00,      3.,      28660., -0.1087832841273242E-04,  0.7135167488164146E-03, -0.3494590063378062E-02, -0.1204522137721644E-05,  0.2161768901879467E-15,  0.3000400908048206E-08
     49.,  0.2867091550236212E+00,      4.,        374., -0.2338134626032060E-02, -0.2846595639048623E-02,  0.1305909815071334E-01,  0.0000000000000000E+00,  0.0000000000000000E+00,  0.0000000000000000E+00
     49.,  0.2867091550236212E+00,      5.,      29176.,  0.2006440396283426E-16,  0.2462747404854822E-15,  0.5723865615267946E-17, -0.5736441725024326E-20,  0.7658409371475137E-22, -0.7164258497368885E-20
     49.,  0.2867091550236212E+00,      6.,      14098., -0.5124626025764087E-16, -0.1256652869309576E-15,  0.1166864583310906E-15,  0.0000000000000000E+00,  0.0000000000000000E+00,  0.0000000000000000E+00
     49.,  0.2867091550236212E+00,      7.,      51317., -0.1833916145228755E-02,  0.2286023055322881E-02, -0.1043401782627322E-01, -0.4006382619504791E-05, -0.8931952490929094E-16,  0.7052394022447147E-06
     49.,  0.2867091550236212E+00,      8.,      51508.,  0.5669236249322056E-05, -0.6954010777900493E-03,  0.2894750625132374E-02,  0.1197012070681433E-05, -0.9673615569277539E-16, -0.2499571843612292E-08
     49.,  0.2867091550236212E+00,      9.,      14392.,  0.2246512475437792E-02,  0.2721614021549700E-02, -0.1250052956646039E-01,  0.0000000000000000E+00,  0.0000000000000000E+00,  0.0000000000000000E+00
     49.,  0.2867091550236212E+00,     10.,      52024.,  0.3230218454420279E-16,  0.1668808260892088E-15,  0.1596002667136262E-15, -0.3119626722513495E-20, -0.3512179317125692E-22,  0.1422736051973708E-20
     49.,  0.2867091550236212E+00,     11.,    2000040.,  0.3693171105251615E-16, -0.1252115571262401E-15, -0.9544814660707114E-16,  0.1295169172374901E-20, -0.6479038912304186E-20, -0.5106833486820449E-20
     50.,  0.2927043840462103E+00,      1.,         80.,  0.5964923884744268E-16, -0.6566482948004495E-15, -0.5708501343734859E-16,  0.0000000000000000E+00,  0.0000000000000000E+00,  0.0000000000000000E+00
     50.,  0.2927043840462103E+00,      2.,      28469.,  0.5588993250540031E-04, -0.2164570921134148E-02,  0.2549554752431282E-03,  0.5220541081738111E-06,  0.1167918688299516E-17, -0.8634188768941604E-07
     50.,  0.2927043840462103E+00,      3.,      28660., -0.4500781454161149E-04, -0.2110470033627278E-02, -0.3206377966742048E-03,  0.2694155799777429E-07, -0.1001833897153211E-16, -0.5105672313126475E-08
     50.,  0.2927043840462103E+00,      4.,        374.,  0.1892151435643364E-03, -0.3252206044728492E-02, -0.1041832241140847E-02,  0.0000000000000000E+00,  0.0000000000000000E+00,  0.0000000000000000E+00
     50.,  0.2927043840462103E+00,      5.,      29176.,  0.2412828836284281E-15, -0.6850751014139342E-15,  0.6649087375813499E-15,  0.5851374780687993E-19,  0.5535572784711084E-21, -0.7713403689703785E-19
     50.,  0.2927043840462103E+00,      6.,      14098.,  0.7107211288720719E-16, -0.5957520790118710E-15, -0.2384955616144452E-15,  0.0000000000000000E+00,  0.0000000000000000E+00,  0.0000000000000000E+00
     50.,  0.2927043840462103E+00,      7.,      51317.,  0.4095787332345966E-03, -0.2150779119039821E-02,  0.2532210735547301E-02,  0.5212798308479161E-06,  0.2906338389398581E-16, -0.8885024535285407E-07
     50.,  0.2927043840462103E+00,      8.,      51508.,  0.7310376038242903E-04, -0.2109590996148840E-02,  0.4663308752619054E-03,  0.2676368377757273E-07,  0.1414839212952730E-15, -0.3262831082153312E-08
     50.,  0.2927043840462103E+00,      9.,      14392.,  0.3423933671717709E-03, -0.3267883978362154E-02, -0.2059840559161486E-02,  0.0000000000000000E+00,  0.0000000000000000E+00,  0.0000000000000000E+00
     50.,  0.2927043840462103E+00,     10.,      52024., -0.4884973162194155E-16, -0.6645042422910118E-15, -0.2343195921384361E-15,  0.7235686439181429E-19, -0.1163455890536381E-23, -0.3801599250877506E-19
     50.,  0.2927043840462103E+00,     11.,    2000040., -0.4735857079400616E-16, -0.1359923677462545E-15,  0.1019556551456404E-15,  0.1659673665487647E-20,  0.3187694038189528E-20,  0.1107457693343142E-19
