      1.,  0.3682600932856850E-01,      1.,         80.,  0.1254383357712096E-16, -0.5283279900809891E-16, -0.2672874643748790E-16,  0.0000000000000000E+00,  0.0000000000000000E+00,  0.0000000000000000E+00
      1.,  0.3682600932856850E-01,      2.,      28469., -0.1100394171162733E-05,  0.2119418265370919E-01,  0.1210984084749253E-04,  0.2256980458022005E-08, -0.1356752459480416E-15, -0.2455162034063231E-10
      1.,  0.3682600932856850E-01,      3.,      28660.,  0.2543108231494574E-07,  0.3045203833014101E-01,  0.2760841778499401E-04,  0.1485029089391022E-08,  0.9200019711086820E-18, -0.3747697620453586E-11
      1.,  0.3682600932856850E-01,      4.,        374.,  0.7121967867497506E-06,  0.2167661143894230E-01,  0.1415314156696551E-04,  0.0000000000000000E+00,  0.0000000000000000E+00,  0.0000000000000000E+00
      1.,  0.3682600932856850E-01,      5.,      29176., -0.9632006133657075E-17, -0.7906185585134767E-16, -0.2380644027807433E-16,  0.1198044338837437E-20, -0.1616741350384470E-23, -0.7082658952739226E-21
      1.,  0.3682600932856850E-01,      6.,      14098.,  0.1477514346966536E-16, -0.5343533694692721E-16, -0.3460760105076042E-16,  0.0000000000000000E+00,  0.0000000000000000E+00,  0.0000000000000000E+00
      1.,  0.3682600932856850E-01,      7.,      51317.,  0.8910131414772015E-06,  0.2119423367211844E-01,  0.8695406240042588E-07,  0.2262304556396661E-08,  0.1386244200824960E-15, -0.2090922469300473E-10
      1.,  0.3682600932856850E-01,      8.,      51508.,  0.1581332797539691E-07,  0.3045207915842044E-01, -0.1950855699668049E-04,  0.1482706868049170E-08,  0.1440070939823569E-17, -0.3392238896631878E-11
      1.,  0.3682600932856850E-01,      9.,      14392., -0.9875164731085890E-06,  0.2167668211032801E-01,  0.3374712003024208E-06,  0.0000000000000000E+00,  0.0000000000000000E+00,  0.0000000000000000E+00
      1.,  0.3682600932856850E-01,     10.,      52024., -0.2655991552743940E-16, -0.7917326352539676E-16, -0.6886562070966644E-16,  0.5707613408168371E-21,  0.3261384408926567E-24, -0.2219096321807413E-21
      1.,  0.3682600932856850E-01,     11.,    2000040.,  0.7155341628942627E-17,  0.1224084276596383E-16, -0.1726276286885516E-16, -0.1939448873340422E-20,  0.5843454086269910E-22, -0.7591617903234943E-21
      2.,  0.7152543484115148E-01,      1.,         80., -0.3093394133842610E-16, -0.5910721312787309E-16,  0.5970780935003139E-16,  0.0000000000000000E+00,  0.0000000000000000E+00,  0.0000000000000000E+00
      2.,  0.7152543484115148E-01,      2.,      28469.,  0.9242373236832312E-02, -0.1726333002286666E-05,  0.2853845481298676E-01, -0.2814676115877462E-08, -0.7682661648525108E-17,  0.1901026623166078E-09
      2.,  0.7152543484115148E-01,      3.,      28660.,  0.7277275748319175E-02, -0.1094051652848760E-06,  0.5898975522102347E-03, -0.9825650545334415E-10,  0.1023697074282990E-16, -0.4122891797501908E-09
      2.,  0.7152543484115148E-01,      4.,        374.,  0.9247872338794590E-02,  0.1688959912619927E-05, -0.2856230645309179E-01,  0.0000000000000000E+00,  0.0000000000000000E+00,  0.0000000000000000E+00
      2.,  0.7152543484115148E-01,      5.,      29176., -0.1343457342418753E-16,  0.3938061835109242E-17, -0.4927764205006380E-16, -0.3538129293060282E-20,  0.3886310992021199E-23,  0.1261144728392207E-20
      2.,  0.7152543484115148E-01,      6.,      14098.,  0.1391541564675768E-16, -0.6398257574140244E-16, -0.3593863165415320E-16,  0.0000000000000000E+00,  0.0000000000000000E+00,  0.0000000000000000E+00
      2.,  0.7152543484115148E-01,      7.,      51317.,  0.9246180542089312E-02, -0.4360089849077657E-05,  0.2855373287828369E-01,  0.2722438254974172E-08,  0.4763765615605136E-18, -0.1213273962863214E-08
      2.,  0.7152543484115148E-01,      8.,      51508.,  0.7279044747272341E-02, -0.1604177313170524E-06,  0.5916426192812626E-03,  0.1029813057597207E-10,  0.1104734258576584E-16, -0.9787403783270112E-09
      2.,  0.7152543484115148E-01,      9.,      14392.,  0.9251790974103887E-02,  0.4348060536625967E-05, -0.2857702007732255E-01,  0.0000000000000000E+00,  0.0000000000000000E+00,  0.0000000000000000E+00
      2.,  0.7152543484115148E-01,     10.,      52024.,  0.2726264376699640E-17,  0.7062737505341472E-17, -0.9772407650008937E-18, -0.2108717981627391E-20, -0.9459834245559375E-23, -0.1469752061595852E-20
      2.,  0.7152543484115148E-01,     11.,    2000040., -0.7942107035893096E-17, -0.3951269154974755E-16,  0.1721733538333801E-16,  0.1415528209514412E-20, -0.1465840767067479E-21,  0.5093195653173371E-21
      3.,  0.7360416056428197E-01,      1.,         80., -0.1144433234355038E-16,  0.1125439034520825E-15,  0.3021710373609743E-16,  0.0000000000000000E+00,  0.0000000000000000E+00,  0.0000000000000000E+00
      3.,  0.7360416056428197E-01,      2.,      28469., -0.1709154490939686E-03, -0.3045691602382559E-01, -0.6152464533743465E-03, -0.3471938740305304E-07,  0.1961687917586466E-15,  0.6643571896248054E-08
      3.,  0.7360416056428197E-01,      3.,      28660., -0.1188000944384823E-03, -0.6174959923007035E-03, -0.1301407397315150E-04, -0.6910299748469130E-09,  0.2737848345589798E-16,  0.1100011785440927E-08
      3.,  0.7360416056428197E-01,      4.,        374., -0.1720322568017883E-03,  0.3045541746649818E-01,  0.6233224143567822E-03,  0.0000000000000000E+00,  0.0000000000000000E+00,  0.0000000000000000E+00
      3.,  0.7360416056428197E-01,      5.,      29176.,  0.4654564766901240E-16,  0.6275187011282553E-16,  0.1303627871043627E-15, -0.5566685992986640E-21, -0.3105958099380333E-23,  0.4973064217998262E-20
      3.,  0.7360416056428197E-01,      6.,      14098., -0.3349296508313009E-16,  0.1146105587967073E-15,  0.8114789514719207E-16,  0.0000000000000000E+00,  0.0000000000000000E+00,  0.0000000000000000E+00
      3.,  0.7360416056428197E-01,      7.,      51317.,  0.1326026198540584E-03, -0.3045776330601334E-01,  0.4241835280634002E-03, -0.3462105249998591E-07, -0.1991760042361831E-15,  0.7258868877497710E-08
      3.,  0.7360416056428197E-01,      8.,      51508.,  0.1043820084207415E-03, -0.6174823969912046E-03,  0.9221191928851246E-05, -0.7076940734709882E-09, -0.2744314576533104E-16,  0.3366612303462837E-08
      3.,  0.7360416056428197E-01,      9.,      14392.,  0.1316371518140138E-03,  0.3045641557413685E-01, -0.4200745584927312E-03,  0.0000000000000000E+00,  0.0000000000000000E+00,  0.0000000000000000E+00
      3.,  0.7360416056428197E-01,     10.,      52024.,  0.2796396029212650E-16,  0.6349720405521930E-16,  0.7701095962784204E-16,  0.4008280722005000E-20, -0.8259660551917008E-23, -0.2489940568613865E-20
      3.,  0.7360416056428197E-01,     11.,    2000040., -0.9526282404290466E-17,  0.9186297938992586E-17,  0.2642294918343781E-16,  0.9859057604867878E-21,  0.1228831072026457E-21,  0.4185619419667914E-21
      4.,  0.8444542076687880E-01,      1.,         80.,  0.4488655445331444E-17, -0.7340313994219628E-16, -0.2453376565805270E-17,  0.0000000000000000E+00,  0.0000000000000000E+00,  0.0000000000000000E+00
      4.,  0.8444542076687880E-01,      2.,      28469., -0.9418804086808398E-02, -0.1893025509341375E-02, -0.3252099763190424E-01, -0.1330098552207464E-05,  0.5906221483340801E-16,  0.2977641066393735E-06
      4.,  0.8444542076687880E-01,      3.,      28660., -0.6673199274461071E-02, -0.3960956846432220E-04, -0.6856027887017536E-03, -0.2688114273915108E-07,  0.1504605557042307E-14,  0.5980573663070757E-07
      4.,  0.8444542076687880E-01,      4.,        374., -0.9411244087016834E-02,  0.1905150680647461E-02,  0.3261606061800303E-01,  0.0000000000000000E+00,  0.0000000000000000E+00,  0.0000000000000000E+00
      4.,  0.8444542076687880E-01,      5.,      29176., -0.1324851939960374E-17, -0.2764007474807523E-16, -0.2879231315943991E-17,  0.9748081230022457E-21,  0.4727701920676297E-24,  0.2961757516487521E-20
      4.,  0.8444542076687880E-01,      6.,      14098.,  0.2093909732255503E-16, -0.7287900076741715E-16, -0.4133002765416614E-16,  0.0000000000000000E+00,  0.0000000000000000E+00,  0.0000000000000000E+00
      4.,  0.8444542076687880E-01,      7.,      51317.,  0.7740200601387785E-02, -0.1926144256148920E-02,  0.2543373893175392E-01, -0.1323869653707360E-05, -0.6015627128699020E-18,  0.3321998312978951E-06
      4.,  0.8444542076687880E-01,      8.,      51508.,  0.5956048777913092E-02, -0.3848156236306859E-04,  0.5403539586519479E-03, -0.2781494636941489E-07, -0.1506876137121129E-14,  0.1883324169782093E-06
      4.,  0.8444542076687880E-01,      9.,      14392.,  0.7755801264619549E-02,  0.1941894424382391E-02, -0.2553628630929426E-01,  0.0000000000000000E+00,  0.0000000000000000E+00,  0.0000000000000000E+00
      4.,  0.8444542076687880E-01,     10.,      52024.,  0.2823777524669468E-17, -0.2809628689150153E-16, -0.2398324153060935E-17,  0.5729465615067711E-20, -0.1795139399364805E-22, -0.3808492689415434E-20
      4.,  0.8444542076687880E-01,     11.,    2000040., -0.1861151000928647E-17, -0.2392349102791750E-16,  0.5056696520223466E-17, -0.3476744969085569E-22,  0.1999333784427184E-21,  0.8657510259539587E-22
      5.,  0.1012710626327292E+00,      1.,         80.,  0.3887494629349228E-16,  0.2529205613143809E-15, -0.8622347540725693E-16,  0.0000000000000000E+00,  0.0000000000000000E+00,  0.0000000000000000E+00
      5.,  0.1012710626327292E+00,      2.,      28469., -0.4617182224724508E-02,  0.4010727710852580E-06, -0.5778675380780782E-02,  0.7550487738140268E-09, -0.2372283173360052E-18, -0.4794931792196317E-10
      5.,  0.1012710626327292E+00,      3.,      28660.,  0.1381046685850866E-04,  0.2233942723152443E-05,  0.4100478001851422E-01, -0.8973688642437790E-08, -0.3227144763700895E-17,  0.1734100358691933E-09
      5.,  0.1012710626327292E+00,      4.,        374.,  0.4358922672671941E-02,  0.4821174801686293E-06, -0.4306063741698235E-02,  0.0000000000000000E+00,  0.0000000000000000E+00,  0.0000000000000000E+00
      5.,  0.1012710626327292E+00,      5.,      29176., -0.1187180926792252E-15, -0.3931370138372560E-15, -0.3233324910152948E-15, -0.1518556433815565E-19,  0.1340456910413008E-22,  0.1799635573788448E-19
      5.,  0.1012710626327292E+00,      6.,      14098., -0.1162351921589650E-17,  0.2565907524310949E-15, -0.4213446131497673E-17,  0.0000000000000000E+00,  0.0000000000000000E+00,  0.0000000000000000E+00
      5.,  0.1012710626327292E+00,      7.,      51317., -0.4620710137901168E-02,  0.1167370890379524E-05, -0.5783564254227385E-02, -0.1036064774025138E-08, -0.2106247105134948E-17,  0.1102909555237755E-08
      5.,  0.1012710626327292E+00,      8.,      51508.,  0.1395873466509815E-04, -0.5034644107368982E-05,  0.4105721754521650E-01,  0.8664762427749306E-08, -0.3116917352832461E-17,  0.1567058417332955E-09
      5.,  0.1012710626327292E+00,      9.,      14392.,  0.4362410966779450E-02,  0.9215092371736838E-06, -0.4309372764730911E-02,  0.0000000000000000E+00,  0.0000000000000000E+00,  0.0000000000000000E+00
      5.,  0.1012710626327292E+00,     10.,      52024., -0.1002523545458800E-15, -0.3961459182984473E-15, -0.2557983630745137E-15,  0.4505234505666682E-20, -0.3966750468204728E-23,  0.1453721874422227E-20
      5.,  0.1012710626327292E+00,     11.,    2000040.,  0.3329942286465949E-16,  0.1086541050871516E-15, -0.5335121122067894E-16,  0.7588386943931402E-20,  0.1069839431372667E-20, -0.5575709204935248E-20
      6.,  0.1060732784275706E+00,      1.,         80.,  0.6656912777971379E-16, -0.2879195491407262E-15, -0.1482153011970362E-15,  0.0000000000000000E+00,  0.0000000000000000E+00,  0.0000000000000000E+00
      6.,  0.1060732784275706E+00,      2.,      28469., -0.4751027952926808E-02, -0.1581715590537364E-02, -0.6073767033171287E-02, -0.2196128549077376E-06, -0.4446432350785417E-17,  0.1057382863408672E-06
      6.,  0.1060732784275706E+00,      3.,      28660.,  0.2559097222496981E-04,  0.5073577814736278E-02,  0.4635229664699657E-01,  0.1919289515946336E-05, -0.4189371110867923E-16, -0.2911064837842461E-08
      6.,  0.1060732784275706E+00,      4.,        374.,  0.4459661559531268E-02, -0.1374945195289381E-02, -0.4406623468140612E-02,  0.0000000000000000E+00,  0.0000000000000000E+00,  0.0000000000000000E+00
      6.,  0.1060732784275706E+00,      5.,      29176.,  0.3493846276826798E-16, -0.2030839130780855E-15,  0.1258372238793525E-15,  0.1016970252807895E-20,  0.2960977025808452E-22, -0.2115313663740083E-20
      6.,  0.1060732784275706E+00,      6.,      14098., -0.3059764474020653E-16, -0.3139160383514305E-15,  0.9097743416731361E-16,  0.0000000000000000E+00,  0.0000000000000000E+00,  0.0000000000000000E+00
      6.,  0.1060732784275706E+00,      7.,      51317.,  0.4073882147223001E-02, -0.1586541723058228E-02,  0.4921504019238739E-02, -0.2127201063822416E-06,  0.1577504376583509E-16,  0.1432208785240166E-06
      6.,  0.1060732784275706E+00,      8.,      51508., -0.1184610966618275E-04,  0.5127642743356754E-02, -0.3609664135596196E-01,  0.1919497714795363E-05,  0.3189501430782555E-16, -0.2217087285319793E-08
      6.,  0.1060732784275706E+00,      9.,      14392., -0.3860278304709588E-02, -0.1379854725564386E-02,  0.3676309876390583E-02,  0.0000000000000000E+00,  0.0000000000000000E+00,  0.0000000000000000E+00
      6.,  0.1060732784275706E+00,     10.,      52024.,  0.1581913052735862E-16, -0.1980794678115255E-15,  0.3078436443475841E-16, -0.2163239353690118E-19, -0.1361596989219138E-22,  0.3757756497151999E-21
      6.,  0.1060732784275706E+00,     11.,    2000040.,  0.2804911914558213E-17,  0.4062858925407143E-16,  0.4918131305586521E-16,  0.6386734686702187E-19,  0.2931571763135080E-20,  0.4816628487269609E-20
      7.,  0.1102838809491831E+00,      1.,         80., -0.4475203928436141E-16, -0.4687649993759203E-15,  0.9901057050275057E-16,  0.0000000000000000E+00,  0.0000000000000000E+00,  0.0000000000000000E+00
      7.,  0.1102838809491831E+00,      2.,      28469.,  0.2328194689560527E-03, -0.2236992173634021E-01,  0.1173320196121692E-03, -0.1445197950437643E-07,  0.1453348621869104E-15, -0.1737834555123040E-08
      7.,  0.1102838809491831E+00,      3.,      28660., -0.1935600104763875E-05,  0.3022757265389015E-01, -0.2687162352239782E-02, -0.1086056425539305E-06,  0.2100501339515606E-17,  0.1540410777416126E-09
      7.,  0.1102838809491831E+00,      4.,        374., -0.2157381680653168E-03, -0.2092578809768334E-01,  0.1571337550768851E-04,  0.0000000000000000E+00,  0.0000000000000000E+00,  0.0000000000000000E+00
      7.,  0.1102838809491831E+00,      5.,      29176.,  0.1776371996205678E-16,  0.6087136651607733E-15,  0.2220385617286929E-16, -0.1920179381808624E-19,  0.7325859779590643E-22, -0.1250647052718256E-19
      7.,  0.1102838809491831E+00,      6.,      14098., -0.1763458198704445E-16, -0.4747634975962659E-15,  0.6012384453153299E-16,  0.0000000000000000E+00,  0.0000000000000000E+00,  0.0000000000000000E+00
      7.,  0.1102838809491831E+00,      7.,      51317., -0.2168638739400111E-03, -0.2237030340387367E-01, -0.1968200581811992E-03, -0.1488749408939246E-07, -0.1483886991211231E-15, -0.3932657422640117E-08
      7.,  0.1102838809491831E+00,      8.,      51508.,  0.1210077587286880E-05,  0.3022450450775943E-01,  0.2110104217775568E-02, -0.1086396100661188E-06, -0.2266165796276389E-17,  0.1162853662229422E-09
      7.,  0.1102838809491831E+00,      9.,      14392.,  0.2082007240589068E-03, -0.2092630634662077E-01, -0.1394650446282990E-03,  0.0000000000000000E+00,  0.0000000000000000E+00,  0.0000000000000000E+00
      7.,  0.1102838809491831E+00,     10.,      52024.,  0.4164663772813580E-16,  0.5949679385738355E-15,  0.9929666981118521E-16, -0.4399227301632075E-20,  0.2541594419224709E-22,  0.3906324604539417E-20
      7.,  0.1102838809491831E+00,     11.,    2000040., -0.2757178514900847E-18, -0.5988693027644026E-17, -0.1453541525566344E-16, -0.4587580784121549E-20,  0.3031063103470875E-21, -0.1187360625331804E-20
      8.,  0.1162238159223793E+00,      1.,         80.,  0.1065570869704415E-17,  0.1756768295677841E-15, -0.8066534350584856E-18,  0.0000000000000000E+00,  0.0000000000000000E+00,  0.0000000000000000E+00
      8.,  0.1162238159223793E+00,      2.,      28469., -0.1187116734470007E-15,  0.3453390378255023E-15, -0.3099559871537389E-15,  0.1179222202400157E-18, -0.3047262632639717E-22, -0.2850235229266861E-19
      8.,  0.1162238159223793E+00,      3.,      28660., -0.2629076124656276E-16, -0.2773753678960360E-15,  0.4657838025487441E-15, -0.5695605887150515E-20, -0.1901457518324154E-22,  0.4982471704307311E-20
      8.,  0.1162238159223793E+00,      4.,        374.,  0.7176054539710312E-16,  0.2563261075275818E-15, -0.2612364698357397E-15,  0.0000000000000000E+00,  0.0000000000000000E+00,  0.0000000000000000E+00
      8.,  0.1162238159223793E+00,      5.,      29176.,  0.3694234306513324E-03,  0.5473543245079460E-01,  0.1085360246275797E-02,  0.5366264185490371E-07, -0.9031540500024920E-15, -0.1537585678073432E-07
      8.,  0.1162238159223793E+00,      6.,      14098., -0.4450945251520551E-16,  0.1781352875026270E-15,  0.1099288967812274E-15,  0.0000000000000000E+00,  0.0000000000000000E+00,  0.0000000000000000E+00
      8.,  0.1162238159223793E+00,      7.,      51317., -0.3841438116351372E-17,  0.3122089769700971E-15,  0.8674044447052324E-16,  0.8495279478517089E-19,  0.7573266641335607E-22, -0.6699359058247765E-20
      8.,  0.1162238159223793E+00,      8.,      51508., -0.1467623523310345E-17, -0.2786148812962774E-15,  0.2117277012912199E-15, -0.4918762134251191E-20, -0.2238804489141877E-22, -0.8936153121763078E-21
      8.,  0.1162238159223793E+00,      9.,      14392.,  0.3913932601522936E-16,  0.2308092212941851E-15, -0.1277661740160502E-15,  0.0000000000000000E+00,  0.0000000000000000E+00,  0.0000000000000000E+00
      8.,  0.1162238159223793E+00,     10.,      52024., -0.2860570498647975E-03,  0.5473685835388618E-01, -0.8066023566015562E-03,  0.5347840720388897E-07,  0.7878386821695889E-15, -0.1544736392877910E-07
      8.,  0.1162238159223793E+00,     11.,    2000040., -0.1120702432915969E-16, -0.6534424867596312E-17,  0.1811705901950127E-16,  0.1523254624872177E-20, -0.5571563220337721E-21,  0.2985889697062104E-20
      9.,  0.1248549236630771E+00,      1.,         80., -0.2914800682230546E-03,  0.5622538079426108E-01,  0.6773059446048537E-03,  0.0000000000000000E+00,  0.0000000000000000E+00,  0.0000000000000000E+00
      9.,  0.1248549236630771E+00,      2.,      28469., -0.6625803337636077E-16, -0.1989718517855607E-15, -0.3568459054707885E-15, -0.5820245711508469E-19, -0.2033603047655038E-22,  0.2789240306287244E-19
      9.,  0.1248549236630771E+00,      3.,      28660., -0.6606147449639970E-17,  0.2732031907516531E-15, -0.1840353067749568E-16,  0.3971556200270686E-19, -0.1453709572376673E-22, -0.6608861705210476E-20
      9.,  0.1248549236630771E+00,      4.,        374.,  0.9017723355480643E-16, -0.2305105130642611E-15, -0.3631304286105312E-15,  0.0000000000000000E+00,  0.0000000000000000E+00,  0.0000000000000000E+00
      9.,  0.1248549236630771E+00,      5.,      29176., -0.4622506100252595E-16, -0.2144462370704388E-15, -0.1718917819161399E-15, -0.1707878560703863E-19, -0.6769364912228175E-22, -0.8742604409948647E-21
      9.,  0.1248549236630771E+00,      6.,      14098.,  0.2133705705916840E-03,  0.5622643167259351E-01, -0.4737692407601524E-03,  0.0000000000000000E+00,  0.0000000000000000E+00,  0.0000000000000000E+00
      9.,  0.1248549236630771E+00,      7.,      51317., -0.1097722229636465E-16, -0.1308302004689937E-15, -0.1047898893821441E-15, -0.1069862013355771E-18, -0.2278669162166696E-21,  0.3576980385247381E-19
      9.,  0.1248549236630771E+00,      8.,      51508.,  0.3886846266360592E-17,  0.2785106818272133E-15, -0.3833547759615385E-15,  0.1921544603839157E-19,  0.1407747595732213E-22, -0.7875660496121113E-21
      9.,  0.1248549236630771E+00,      9.,      14392., -0.3177605338464582E-16, -0.1765756927846779E-15, -0.1804519557299373E-16,  0.0000000000000000E+00,  0.0000000000000000E+00,  0.0000000000000000E+00
      9.,  0.1248549236630771E+00,     10.,      52024., -0.2673401012499947E-15, -0.1995840611540665E-15, -0.7352820976735807E-15,  0.2697885994060249E-19, -0.4762975931553173E-22, -0.1618331132568837E-20
      9.,  0.1248549236630771E+00,     11.,    2000040., -0.1153623906003310E-03,  0.1012100350393152E-01,  0.3071675934659133E-03,  0.5931034551808983E-07,  0.4125816547086174E-09,  0.2059355115525248E-07
     10.,  0.1354848229168121E+00,      1.,         80.,  0.1485259106519443E-16,  0.5129283370974434E-15, -0.2590424074463255E-16,  0.0000000000000000E+00,  0.0000000000000000E+00,  0.0000000000000000E+00
     10.,  0.1354848229168121E+00,      2.,      28469.,  0.6209095194934627E-16,  0.1177292255906795E-15,  0.5040498370442343E-15,  0.4488733489592448E-19, -0.7384689293820982E-23, -0.2458392188345952E-19
     10.,  0.1354848229168121E+00,      3.,      28660.,  0.6518342483253298E-16, -0.1118384969910432E-15,  0.3883545945438121E-15,  0.5513221611682650E-19, -0.2786100355904465E-22,  0.7138165708910790E-20
     10.,  0.1354848229168121E+00,      4.,        374., -0.8289049285737597E-16,  0.1258981796043936E-16,  0.4460884784863529E-15,  0.0000000000000000E+00,  0.0000000000000000E+00,  0.0000000000000000E+00
     10.,  0.1354848229168121E+00,      5.,      29176.,  0.1660717922814568E-01,  0.7838366655089467E-05,  0.4658530139621340E-01, -0.1923875981799877E-07,  0.1768081555618265E-15,  0.1596306100944048E-08
     10.,  0.1354848229168121E+00,      6.,      14098.,  0.8458742879726351E-16,  0.5204869163399589E-15, -0.2428202607321358E-15,  0.0000000000000000E+00,  0.0000000000000000E+00,  0.0000000000000000E+00
     10.,  0.1354848229168121E+00,      7.,      51317.,  0.1333719201749891E-15,  0.1467877246663081E-15,  0.6045994792928303E-15,  0.3832880673720701E-19, -0.1100218838147352E-21,  0.2278096156804957E-19
     10.,  0.1354848229168121E+00,      8.,      51508.,  0.6092186809022025E-16, -0.1017171004097009E-15,  0.1865953617412143E-15, -0.1162353747773912E-19,  0.6559725810496117E-23, -0.9206900192717304E-20
     10.,  0.1354848229168121E+00,      9.,      14392., -0.4245271660604025E-17, -0.1241643235167873E-16,  0.4218121975838856E-15,  0.0000000000000000E+00,  0.0000000000000000E+00,  0.0000000000000000E+00
     10.,  0.1354848229168121E+00,     10.,      52024.,  0.1664193955268234E-01, -0.7781723363419264E-05,  0.4668956356840941E-01,  0.1705500486321741E-07,  0.1673554056474991E-15, -0.1026300606801350E-07
     10.,  0.1354848229168121E+00,     11.,    2000040.,  0.1246612410567208E-16,  0.3642896488639987E-16,  0.5017149236506123E-16,  0.1419447267766324E-19,  0.3727564716000149E-20,  0.7528987486960935E-21
     11.,  0.1387792337765784E+00,      1.,         80., -0.6177763940510246E-16, -0.2245294749121466E-15, -0.4007839680497051E-16,  0.0000000000000000E+00,  0.0000000000000000E+00,  0.0000000000000000E+00
     11.,  0.1387792337765784E+00,      2.,      28469., -0.8931090641571594E-16,  0.4120159199296187E-16, -0.2538336293355538E-15, -0.1995569234414256E-20,  0.4321923209842332E-22,  0.1709723888493620E-19
     11.,  0.1387792337765784E+00,      3.,      28660.,  0.8527156551875759E-16, -0.1687802302836818E-15, -0.5391048598065677E-16, -0.2208214699232587E-19,  0.2716348891648813E-22, -0.1673566512469568E-22
     11.,  0.1387792337765784E+00,      4.,        374., -0.1666526044788135E-16, -0.5590875975152196E-16, -0.2606684532715182E-15,  0.0000000000000000E+00,  0.0000000000000000E+00,  0.0000000000000000E+00
     11.,  0.1387792337765784E+00,      5.,      29176.,  0.1843467628733700E-01,  0.3150897451689073E-02,  0.5267864913532985E-01,  0.2204151113060524E-05, -0.1575591619844469E-14, -0.6941576996333290E-06
     11.,  0.1387792337765784E+00,      6.,      14098., -0.1406720440123756E-15, -0.2341739329245779E-15,  0.6300029177258517E-16,  0.0000000000000000E+00,  0.0000000000000000E+00,  0.0000000000000000E+00
     11.,  0.1387792337765784E+00,      7.,      51317., -0.8151965305886436E-17,  0.1500808439231847E-15,  0.2142451994273647E-16, -0.4578853206807690E-19,  0.1113259012622994E-21, -0.2002080610678232E-19
     11.,  0.1387792337765784E+00,      8.,      51508.,  0.7935056906852078E-16, -0.1511125238212611E-15,  0.3431438429645413E-16,  0.2196818176923326E-19,  0.1679071545208989E-22,  0.2227401380286327E-20
     11.,  0.1387792337765784E+00,      9.,      14392., -0.1940231588377506E-16,  0.1757932685706485E-16, -0.1932395539851783E-15,  0.0000000000000000E+00,  0.0000000000000000E+00,  0.0000000000000000E+00
     11.,  0.1387792337765784E+00,     10.,      52024., -0.1460757513215043E-01,  0.3211321038809526E-02, -0.4092659281708778E-01,  0.2197117722610026E-05,  0.1781655401113893E-14, -0.7298866190833298E-06
     11.,  0.1387792337765784E+00,     11.,    2000040.,  0.1543179563348084E-15, -0.2338874143951260E-16, -0.1449495106982275E-15, -0.7089628151088857E-20,  0.1007487724716642E-19, -0.9008103485241447E-20
     12.,  0.1454068989648461E+00,      1.,         80., -0.1998481072349861E-15,  0.7821497695145267E-15,  0.4378106419104623E-15,  0.0000000000000000E+00,  0.0000000000000000E+00,  0.0000000000000000E+00
     12.,  0.1454068989648461E+00,      2.,      28469.,  0.6476918504034159E-02,  0.7203308014933852E-05,  0.3374384991059502E-01, -0.1771560312229189E-07, -0.1397409746811491E-16,  0.1954740636408055E-08
     12.,  0.1454068989648461E+00,      3.,      28660.,  0.4379136509050084E-04,  0.1228672817433408E-05,  0.2326112404691522E-02, -0.1746581314628148E-08,  0.3967164698924863E-18,  0.2187961664021302E-10
     12.,  0.1454068989648461E+00,      4.,        374., -0.6389331463789603E-02,  0.7681125417055408E-05,  0.3377589296366749E-01,  0.0000000000000000E+00,  0.0000000000000000E+00,  0.0000000000000000E+00
     12.,  0.1454068989648461E+00,      5.,      29176., -0.1694141984241851E-15,  0.3700466079320115E-15, -0.5136436329784199E-15,  0.1295783998000319E-19,  0.1209323077127271E-21, -0.8445343703904453E-20
     12.,  0.1454068989648461E+00,      6.,      14098., -0.2384321256687024E-15,  0.7660447804982686E-15,  0.5116459869551901E-15,  0.0000000000000000E+00,  0.0000000000000000E+00,  0.0000000000000000E+00
     12.,  0.1454068989648461E+00,      7.,      51317.,  0.6496501249073862E-02, -0.9019782510068452E-05,  0.3384583873140858E-01,  0.1584468164620602E-07, -0.5176123668067511E-17, -0.4616568203690517E-08
     12.,  0.1454068989648461E+00,      8.,      51508.,  0.4372079180177218E-04, -0.3787935053675460E-06,  0.2335582494891053E-02,  0.1700895870596571E-08,  0.1548661723290444E-18, -0.2203402452252540E-10
     12.,  0.1454068989648461E+00,      9.,      14392., -0.6409758430759924E-02, -0.9453754137549174E-05,  0.3387991012700683E-01,  0.0000000000000000E+00,  0.0000000000000000E+00,  0.0000000000000000E+00
     12.,  0.1454068989648461E+00,     10.,      52024., -0.3273989274862408E-15,  0.3771588259513392E-15, -0.9434636956984297E-15,  0.3215057783760793E-19,  0.4339959412262637E-22, -0.1384448646988890E-19
     12.,  0.1454068989648461E+00,     11.,    2000040., -0.4199763822715365E-16,  0.2509283729349905E-15,  0.1635783914328047E-15, -0.2457071561595728E-19, -0.1802421494869450E-20,  0.7247488541490199E-21
     13.,  0.1465441184130931E+00,      1.,         80.,  0.6677107861564904E-17,  0.1826454745972598E-15, -0.1406087185484737E-16,  0.0000000000000000E+00,  0.0000000000000000E+00,  0.0000000000000000E+00
     13.,  0.1465441184130931E+00,      2.,      28469.,  0.7378560061942594E-02,  0.3484079621062090E-02,  0.3795328013739505E-01,  0.1731187344070319E-05, -0.1234642154521188E-15, -0.3421136559716280E-06
     13.,  0.1465441184130931E+00,      3.,      28660.,  0.5103230963365897E-04,  0.7906000650011360E-03,  0.2667428509175791E-02,  0.1430798128813323E-06, -0.1959607383818521E-16, -0.1782936111647999E-08
     13.,  0.1465441184130931E+00,      4.,        374., -0.7305185183231249E-02,  0.3515330263681730E-02,  0.3803389471721780E-01,  0.0000000000000000E+00,  0.0000000000000000E+00,  0.0000000000000000E+00
     13.,  0.1465441184130931E+00,      5.,      29176., -0.1777851597792561E-17,  0.2397181918259132E-15, -0.1577234841980571E-16,  0.3095287486203651E-20, -0.1332582116776454E-21,  0.1369113231208057E-19
     13.,  0.1465441184130931E+00,      6.,      14098., -0.5118015360728001E-16,  0.1807295227601948E-15,  0.1183461762685389E-15,  0.0000000000000000E+00,  0.0000000000000000E+00,  0.0000000000000000E+00
     13.,  0.1465441184130931E+00,      7.,      51317., -0.5590693761173080E-02,  0.3528410993471017E-02, -0.2870009554833059E-01,  0.1732914326595205E-05,  0.5174532356837997E-16, -0.3371061440806317E-06
     13.,  0.1465441184130931E+00,      8.,      51508., -0.3901023776820431E-04,  0.7945889794782908E-03, -0.1897253188090380E-02,  0.1428544488558797E-06, -0.9188089327928859E-17, -0.2155533950820508E-08
     13.,  0.1465441184130931E+00,      9.,      14392.,  0.5455375834934850E-02,  0.3562765975837932E-02, -0.2855386659018956E-01,  0.0000000000000000E+00,  0.0000000000000000E+00,  0.0000000000000000E+00
     13.,  0.1465441184130931E+00,     10.,      52024., -0.6065326954433259E-17,  0.2010304482185566E-15,  0.2856632350173753E-17, -0.3362645683929556E-20,  0.2189421070143253E-22,  0.1667165103088697E-19
     13.,  0.1465441184130931E+00,     11.,    2000040.,  0.2568088678963962E-16,  0.3017660765818880E-16, -0.5440495041081877E-16, -0.8580647591143248E-20, -0.1732534139053454E-20, -0.3509351479998362E-20
     14.,  0.1466125019114778E+00,      1.,         80., -0.1198343186721741E-15,  0.4898539987158216E-16,  0.2490357121892644E-15,  0.0000000000000000E+00,  0.0000000000000000E+00,  0.0000000000000000E+00
     14.,  0.1466125019114778E+00,      2.,      28469., -0.3883391773221385E-02, -0.6758046716862955E-05, -0.1189841135531299E-02, -0.5084549173315601E-08,  0.2871894366296281E-17,  0.1207859180301788E-08
     14.,  0.1466125019114778E+00,      3.,      28660.,  0.2091560639443778E-03, -0.6804651219147863E-05,  0.1210270324723693E-02, -0.1054791361313442E-08, -0.8141091422643178E-18,  0.5086777520570361E-10
     14.,  0.1466125019114778E+00,      4.,        374., -0.3297660593772488E-02, -0.8474284754710001E-05, -0.1794699118528495E-02,  0.0000000000000000E+00,  0.0000000000000000E+00,  0.0000000000000000E+00
     14.,  0.1466125019114778E+00,      5.,      29176., -0.2392267294141117E-15, -0.2436089362154554E-16, -0.6421028182806534E-15, -0.2881469207972277E-19,  0.4561989721527883E-22,  0.1815101223823521E-19
     14.,  0.1466125019114778E+00,      6.,      14098., -0.6886099097496210E-16,  0.4075834372243026E-16,  0.1644267470855031E-15,  0.0000000000000000E+00,  0.0000000000000000E+00,  0.0000000000000000E+00
     14.,  0.1466125019114778E+00,      7.,      51317., -0.3847168943783650E-02, -0.6355088367130894E-05, -0.9642173250883941E-03, -0.6354464813694683E-08,  0.1775641079410453E-17,  0.3208990236319912E-08
     14.,  0.1466125019114778E+00,      8.,      51508.,  0.2112572201834768E-03, -0.7270133687301422E-05,  0.1231166861020919E-02, -0.8620607769780470E-10, -0.1370387022618362E-17, -0.3139425647670648E-09
     14.,  0.1466125019114778E+00,      9.,      14392., -0.3348846600844827E-02, -0.8181381780257031E-05, -0.1568222363707378E-02,  0.0000000000000000E+00,  0.0000000000000000E+00,  0.0000000000000000E+00
     14.,  0.1466125019114778E+00,     10.,      52024.,  0.7155767608384202E-16, -0.3496824453832692E-16,  0.2433821188625938E-15, -0.2073396706886509E-19, -0.7546633064284497E-23,  0.7109367690178292E-20
     14.,  0.1466125019114778E+00,     11.,    2000040., -0.3078013979436792E-16, -0.1460477131167314E-15,  0.8592780108443206E-16,  0.1011383555744946E-19, -0.9904680444411927E-21,  0.2328634213594842E-20
     15.,  0.1467410606267048E+00,      1.,         80., -0.4738433208278828E-16,  0.9226817983646144E-16,  0.1030627351003046E-15,  0.0000000000000000E+00,  0.0000000000000000E+00,  0.0000000000000000E+00
     15.,  0.1467410606267048E+00,      2.,      28469., -0.4053432451421643E-03, -0.1697977972002449E-02, -0.2721821212208489E-03, -0.1866512609090076E-07,  0.9527593558781253E-17,  0.9465124210530134E-08
     15.,  0.1467410606267048E+00,      3.,      28660.,  0.4728639873300262E-04,  0.1219310579207234E-02,  0.1371366276856161E-03,  0.6642509298970061E-08, -0.4067736176025211E-16, -0.2331774471554396E-08
     15.,  0.1467410606267048E+00,      4.,        374., -0.3405077941274633E-03, -0.1048050608805452E-02, -0.5893376853297551E-04,  0.0000000000000000E+00,  0.0000000000000000E+00,  0.0000000000000000E+00
     15.,  0.1467410606267048E+00,      5.,      29176., -0.1231115081600207E-15,  0.3885666643956644E-16, -0.3427201682526474E-15,  0.3460562569924422E-20,  0.1825346748651728E-22, -0.1148365024083844E-19
     15.,  0.1467410606267048E+00,      6.,      14098.,  0.3414639144110604E-16,  0.8575882460103497E-16, -0.9686083574912363E-16,  0.0000000000000000E+00,  0.0000000000000000E+00,  0.0000000000000000E+00
     15.,  0.1467410606267048E+00,      7.,      51317.,  0.3179031945789968E-03, -0.1698372996076961E-02,  0.1653442762633193E-03, -0.1809917729016308E-07, -0.9028901612755826E-17,  0.1286472495230739E-07
     15.,  0.1467410606267048E+00,      8.,      51508., -0.2614972100855965E-04,  0.1219504154337401E-02, -0.9352700593328159E-04,  0.6645872815186037E-08,  0.3948432062553206E-16, -0.2378431262396374E-08
     15.,  0.1467410606267048E+00,      9.,      14392.,  0.2700280534592227E-03, -0.1047785786924276E-02,  0.7597960774457790E-04,  0.0000000000000000E+00,  0.0000000000000000E+00,  0.0000000000000000E+00
     15.,  0.1467410606267048E+00,     10.,      52024., -0.8029557277706411E-16,  0.3347100712729237E-16, -0.2198670107377710E-15, -0.7710879528805616E-20,  0.3341468844529793E-22,  0.5052280180305753E-20
     15.,  0.1467410606267048E+00,     11.,    2000040., -0.7808526568752744E-17,  0.2041716014924130E-16,  0.1848942690404925E-17,  0.4573248202811577E-20,  0.1847089330170579E-21, -0.8053779617535212E-22
     16.,  0.1509999586053632E+00,      1.,         80., -0.1601249523258516E-15,  0.3529888208872523E-15,  0.3598129380355211E-15,  0.0000000000000000E+00,  0.0000000000000000E+00,  0.0000000000000000E+00
     16.,  0.1509999586053632E+00,      2.,      28469., -0.4157448670729803E-02, -0.9684178995029507E-04, -0.2418530553971514E-02, -0.1281966091195197E-06, -0.1698167276665373E-16,  0.9521754210739531E-07
     16.,  0.1509999586053632E+00,      3.,      28660.,  0.4284978116994501E-03, -0.1909319634021908E-04,  0.1349489524811865E-02,  0.5339615507493555E-07, -0.3296507650302826E-15, -0.1994091710222359E-07
     16.,  0.1509999586053632E+00,      4.,        374., -0.3555756424994891E-02,  0.1271556704591438E-03, -0.6238048348768291E-03,  0.0000000000000000E+00,  0.0000000000000000E+00,  0.0000000000000000E+00
     16.,  0.1509999586053632E+00,      5.,      29176., -0.2409303893407662E-15, -0.2298898221991710E-15, -0.6921490378517844E-15, -0.4886519431798813E-19,  0.4199513719262487E-22,  0.3995896990008260E-20
     16.,  0.1509999586053632E+00,      6.,      14098., -0.4610097368463327E-15,  0.3408019954041508E-15,  0.1063392258113937E-14,  0.0000000000000000E+00,  0.0000000000000000E+00,  0.0000000000000000E+00
     16.,  0.1509999586053632E+00,      7.,      51317.,  0.3534596726934937E-02, -0.9926825604953391E-04,  0.1757442873892513E-02, -0.1218002236497527E-06,  0.2354996896476165E-16,  0.1315096238297546E-06
     16.,  0.1509999586053632E+00,      8.,      51508., -0.2637728106038353E-03, -0.1751184651732862E-04, -0.1065723522694868E-02,  0.5339581528879179E-07,  0.3195457070323837E-15, -0.2031697724523144E-07
     16.,  0.1509999586053632E+00,      9.,      14392.,  0.3060848866430227E-02,  0.1284924227420851E-03,  0.6343663523861905E-03,  0.0000000000000000E+00,  0.0000000000000000E+00,  0.0000000000000000E+00
     16.,  0.1509999586053632E+00,     10.,      52024., -0.9302671647483764E-16, -0.2122774571904806E-15, -0.2680255579034240E-15,  0.7396732893602304E-20,  0.4425052660795643E-22,  0.1151499633216814E-19
     16.,  0.1509999586053632E+00,     11.,    2000040.,  0.6238175319643794E-17,  0.1973565625307258E-15,  0.9217160916002697E-18, -0.5314593218696248E-20,  0.3184535760122855E-20, -0.2446794099384144E-20
     17.,  0.1658812857465265E+00,      1.,         80., -0.2316376144281799E-01,  0.1395219311664487E-04,  0.5241556567499380E-01,  0.0000000000000000E+00,  0.0000000000000000E+00,  0.0000000000000000E+00
     17.,  0.1658812857465265E+00,      2.,      28469., -0.1769404658569857E-16, -0.1829039551710480E-15, -0.6260522803326554E-15, -0.9447670015411742E-19,  0.2815920209924928E-22,  0.3611806555028158E-19
     17.,  0.1658812857465265E+00,      3.,      28660., -0.2389578318005124E-17,  0.3265199748650626E-16,  0.1369954189095852E-15, -0.3690714775055921E-19,  0.2296325579712173E-22, -0.3214649144898850E-20
     17.,  0.1658812857465265E+00,      4.,        374.,  0.1347079739923656E-15,  0.6883770779499820E-16, -0.8872392497280264E-16,  0.0000000000000000E+00,  0.0000000000000000E+00,  0.0000000000000000E+00
     17.,  0.1658812857465265E+00,      5.,      29176.,  0.2268599450246457E-16, -0.7110779133814669E-16,  0.8804867356633986E-16,  0.4447957597100476E-20,  0.8851025074815402E-23,  0.1009168357297187E-20
     17.,  0.1658812857465265E+00,      6.,      14098., -0.2324110000330173E-01, -0.1408129291142010E-04,  0.5259178845964615E-01,  0.0000000000000000E+00,  0.0000000000000000E+00,  0.0000000000000000E+00
     17.,  0.1658812857465265E+00,      7.,      51317.,  0.2089564927291458E-16, -0.1607369711114066E-15, -0.2898455891851383E-17, -0.5827866027107254E-20, -0.2111757464206870E-21,  0.2446087642088929E-19
     17.,  0.1658812857465265E+00,      8.,      51508.,  0.4070213288887333E-16,  0.6349005707534048E-16, -0.1715355391168651E-15,  0.4827175751725829E-19,  0.5222013637234206E-22,  0.1187890145861907E-19
     17.,  0.1658812857465265E+00,      9.,      14392., -0.1444102884153598E-16,  0.5303588224392512E-16,  0.5834098878451727E-17,  0.0000000000000000E+00,  0.0000000000000000E+00,  0.0000000000000000E+00
     17.,  0.1658812857465265E+00,     10.,      52024.,  0.7105448258280279E-16, -0.7714860019144715E-16,  0.2110168692080039E-15,  0.2921674481803104E-20,  0.6486429077588035E-22, -0.4818379644365955E-20
     17.,  0.1658812857465265E+00,     11.,    2000040., -0.3624509657568163E-02,  0.5384086291853179E-04,  0.8253090301107787E-02,  0.1892879554537005E-07,  0.3524680021186474E-07, -0.7886695767012003E-09
     18.,  0.1673961471067575E+00,      1.,         80., -0.4784333562052095E-15,  0.2442338807180710E-15,  0.9584607892992924E-15,  0.0000000000000000E+00,  0.0000000000000000E+00,  0.0000000000000000E+00
     18.,  0.1673961471067575E+00,      2.,      28469., -0.1039682678617182E-15,  0.4556924852677258E-16, -0.6004719330626948E-15,  0.3809962586785750E-20, -0.6027487356865914E-23,  0.2752332356458748E-20
     18.,  0.1673961471067575E+00,      3.,      28660.,  0.1068597317631274E-16,  0.1715669663409140E-15,  0.8480286995659551E-15,  0.6363570033867444E-20,  0.1890571742310948E-22, -0.5517022813539728E-20
     18.,  0.1673961471067575E+00,      4.,        374.,  0.1582174744142317E-15,  0.9562682126439638E-18, -0.6820652965986696E-15,  0.0000000000000000E+00,  0.0000000000000000E+00,  0.0000000000000000E+00
     18.,  0.1673961471067575E+00,      5.,      29176.,  0.3784376005656883E-03,  0.1058238963641523E-03,  0.1224351772895013E-02,  0.5118169619045087E-07,  0.3516146487536643E-16, -0.1511863780986198E-07
     18.,  0.1673961471067575E+00,      6.,      14098., -0.7814624520982441E-15,  0.2523232221460270E-15,  0.1617116629395350E-14,  0.0000000000000000E+00,  0.0000000000000000E+00,  0.0000000000000000E+00
     18.,  0.1673961471067575E+00,      7.,      51317., -0.1020366098226510E-15, -0.9073667176394952E-16, -0.1804926176680034E-15, -0.1572811176765415E-19, -0.1182184186024175E-21,  0.1114814849438605E-19
     18.,  0.1673961471067575E+00,      8.,      51508.,  0.9216168513917828E-17,  0.1745802412153891E-15, -0.6020425820552312E-16,  0.2638651940919283E-19,  0.1613352539832305E-22,  0.1553582788936741E-19
     18.,  0.1673961471067575E+00,      9.,      14392., -0.5542917465370598E-16, -0.1248577644822873E-15,  0.2045999651085787E-16,  0.0000000000000000E+00,  0.0000000000000000E+00,  0.0000000000000000E+00
     18.,  0.1673961471067575E+00,     10.,      52024., -0.2999603213591824E-03,  0.1072247544853723E-03, -0.9508034754819797E-03,  0.5117198418389920E-07, -0.3810008620387452E-16, -0.1519837961256482E-07
     18.,  0.1673961471067575E+00,     11.,    2000040.,  0.7175975127132591E-16,  0.1828383107780867E-15, -0.3081121172134617E-16, -0.2635834235171968E-19, -0.3102947816484004E-20, -0.3981418844203710E-19
     19.,  0.1678188641439923E+00,      1.,         80., -0.2585033434397272E-01,  0.4675824536105390E-02,  0.5860158711918206E-01,  0.0000000000000000E+00,  0.0000000000000000E+00,  0.0000000000000000E+00
     19.,  0.1678188641439923E+00,      2.,      28469.,  0.2755912191398780E-16, -0.1285502538941386E-15,  0.2662333738753180E-15,  0.1733764895006354E-18, -0.6946562583122446E-22, -0.5718645207080236E-19
     19.,  0.1678188641439923E+00,      3.,      28660., -0.1046411911507648E-16,  0.2775098739262944E-15,  0.4866274501494964E-16,  0.1412753306803517E-19,  0.7755124327393141E-24,  0.6245250607086966E-20
     19.,  0.1678188641439923E+00,      4.,        374., -0.6043818680968601E-16, -0.2575893159613966E-15,  0.2864780551326660E-15,  0.0000000000000000E+00,  0.0000000000000000E+00,  0.0000000000000000E+00
     19.,  0.1678188641439923E+00,      5.,      29176.,  0.2724633741552810E-16,  0.4985003400267660E-16,  0.6205899232544976E-16,  0.1446859327749415E-19, -0.1923505396932690E-21, -0.2087908431134220E-19
     19.,  0.1678188641439923E+00,      6.,      14098.,  0.2012557354456089E-01,  0.4744543180137339E-02, -0.4550332405628531E-01,  0.0000000000000000E+00,  0.0000000000000000E+00,  0.0000000000000000E+00
     19.,  0.1678188641439923E+00,      7.,      51317., -0.6979800755835289E-17, -0.1761841333893969E-15,  0.1907485604111953E-16,  0.1295993706067118E-18,  0.1479083572528369E-21, -0.1316373230510903E-19
     19.,  0.1678188641439923E+00,      8.,      51508.,  0.1123360359909977E-16,  0.2680569927783405E-15, -0.1685772508057798E-16, -0.3402446532056808E-19, -0.9184615393318615E-22, -0.1052255510547331E-19
     19.,  0.1678188641439923E+00,      9.,      14392.,  0.3266783390801424E-16, -0.3333176844373850E-15, -0.1192225184544365E-16,  0.0000000000000000E+00,  0.0000000000000000E+00,  0.0000000000000000E+00
     19.,  0.1678188641439923E+00,     10.,      52024., -0.2792739929067691E-16,  0.5258273810166641E-16, -0.7306564221005740E-16,  0.1888525463591225E-20, -0.4905562858993238E-22,  0.3765553065293958E-20
     19.,  0.1678188641439923E+00,     11.,    2000040., -0.4398088893598248E-02, -0.3940997785888374E-02,  0.1009186132422608E-01,  0.5269720111218144E-06,  0.3469411359245847E-07,  0.2130229324515686E-06
     20.,  0.1833723911711263E+00,      1.,         80.,  0.2872166579949616E-15, -0.8154654510386790E-16, -0.6230689440944408E-15,  0.0000000000000000E+00,  0.0000000000000000E+00,  0.0000000000000000E+00
     20.,  0.1833723911711263E+00,      2.,      28469., -0.5893989536007550E-04, -0.1999396487280963E-01, -0.8195908470049890E-03, -0.6225043293743205E-07,  0.1315250102289798E-15,  0.1045379364811992E-07
     20.,  0.1833723911711263E+00,      3.,      28660.,  0.1584445500831300E-05,  0.3097030602601113E-01,  0.2416044673136966E-02,  0.1085338219359838E-06, -0.5806692529023804E-17, -0.1380780955183483E-09
     20.,  0.1833723911711263E+00,      4.,        374.,  0.9945835423585565E-04, -0.2244002336936552E-01, -0.1006824624535240E-02,  0.0000000000000000E+00,  0.0000000000000000E+00,  0.0000000000000000E+00
     20.,  0.1833723911711263E+00,      5.,      29176.,  0.1498247288837188E-15, -0.7416873677535083E-16,  0.4395480877751087E-15, -0.1651758475789177E-19, -0.1293683840671606E-21, -0.1408928585733043E-20
     20.,  0.1833723911711263E+00,      6.,      14098., -0.1823705008300991E-15, -0.6731217504762488E-16,  0.4194586326044752E-15,  0.0000000000000000E+00,  0.0000000000000000E+00,  0.0000000000000000E+00
     20.,  0.1833723911711263E+00,      7.,      51317.,  0.5781583432271593E-05, -0.1999550984083437E-01,  0.4882491212663312E-03, -0.6236976280356260E-07, -0.1321674722808783E-15,  0.9361095346405291E-08
     20.,  0.1833723911711263E+00,      8.,      51508., -0.7075987954100266E-06,  0.3097334085156696E-01, -0.1843132008017127E-02,  0.1084658979568426E-06, -0.2345052693970351E-17, -0.1606269054790782E-09
     20.,  0.1833723911711263E+00,      9.,      14392., -0.3172668495919292E-04, -0.2244197327639112E-01,  0.5981409775129315E-03,  0.0000000000000000E+00,  0.0000000000000000E+00,  0.0000000000000000E+00
     20.,  0.1833723911711263E+00,     10.,      52024.,  0.8506942867588960E-16, -0.6409266613543527E-16,  0.3101354215159635E-15, -0.3057343399010542E-20,  0.3907094459050662E-22, -0.9899691358312699E-20
     20.,  0.1833723911711263E+00,     11.,    2000040.,  0.3642865646673488E-16, -0.8249393888823087E-18, -0.8531623016620074E-16,  0.6159931055810004E-20, -0.4253845493435878E-20, -0.9230735393331102E-21
     21.,  0.1875221062189153E+00,      1.,         80., -0.1150412076206049E-15,  0.7257785241592367E-16,  0.2565593877949767E-15,  0.0000000000000000E+00,  0.0000000000000000E+00,  0.0000000000000000E+00
     21.,  0.1875221062189153E+00,      2.,      28469., -0.6937798083167824E-03, -0.2123638443372641E-05, -0.1177456022535540E-01,  0.2352749082992224E-08, -0.3841474972865438E-17, -0.1282719845723942E-09
     21.,  0.1875221062189153E+00,      3.,      28660.,  0.1639727308350131E-04,  0.1340400447803885E-04,  0.3415620481872431E-01, -0.2626718933970024E-07, -0.8494976959513548E-17,  0.5002916142803836E-09
     21.,  0.1875221062189153E+00,      4.,        374.,  0.1225453471778771E-02, -0.2186315996893449E-05, -0.1429978306172661E-01,  0.0000000000000000E+00,  0.0000000000000000E+00,  0.0000000000000000E+00
     21.,  0.1875221062189153E+00,      5.,      29176.,  0.8144143028123090E-16, -0.7008666007374801E-16,  0.4020975465827045E-15, -0.3121177081056373E-19, -0.1079298779896628E-21, -0.2946119599665407E-19
     21.,  0.1875221062189153E+00,      6.,      14098., -0.7571806106843294E-16,  0.9161973035262800E-16,  0.1806853147157855E-15,  0.0000000000000000E+00,  0.0000000000000000E+00,  0.0000000000000000E+00
     21.,  0.1875221062189153E+00,      7.,      51317., -0.6928210963512865E-03, -0.8478667770031877E-06, -0.1179132017963543E-01, -0.3341326759299792E-08, -0.6941298673252911E-17, -0.4087909724193136E-09
     21.,  0.1875221062189153E+00,      8.,      51508.,  0.1630675183787984E-04, -0.8145121617022236E-05,  0.3430240016505035E-01,  0.2580305596566085E-07, -0.8204705395872433E-17,  0.4574411667042923E-09
     21.,  0.1875221062189153E+00,      9.,      14392.,  0.1225351383544908E-02, -0.8158825588771281E-06, -0.1432179251727869E-01,  0.0000000000000000E+00,  0.0000000000000000E+00,  0.0000000000000000E+00
     21.,  0.1875221062189153E+00,     10.,      52024.,  0.2645688116303030E-15, -0.3572669842831119E-16,  0.8978611889472828E-15, -0.9056364507105443E-20,  0.8620917071952484E-23, -0.7842186923300827E-20
     21.,  0.1875221062189153E+00,     11.,    2000040.,  0.1944906539512026E-16,  0.1827114404712913E-15, -0.8470670317912815E-16, -0.2478189329293496E-19,  0.2768049445505264E-20,  0.1380276817630384E-20
     22.,  0.1911222318875980E+00,      1.,         80.,  0.1956430481586612E-16, -0.2106636237149319E-15, -0.4513059846113507E-16,  0.0000000000000000E+00,  0.0000000000000000E+00,  0.0000000000000000E+00
     22.,  0.1911222318875980E+00,      2.,      28469., -0.1027190563740421E-02,  0.7920964217470664E-03, -0.1399239654943664E-01, -0.4151164081037115E-06,  0.2342168651544839E-16,  0.4506715174625608E-07
     22.,  0.1911222318875980E+00,      3.,      28660.,  0.2099604515152020E-04,  0.9909061569390771E-03,  0.3796092902045479E-01,  0.1585238775600888E-05, -0.3924089022296649E-16, -0.1536323544871898E-08
     22.,  0.1911222318875980E+00,      4.,        374.,  0.1600179419247084E-02,  0.7591891038604179E-03, -0.1674141371894460E-01,  0.0000000000000000E+00,  0.0000000000000000E+00,  0.0000000000000000E+00
     22.,  0.1911222318875980E+00,      5.,      29176., -0.1976947842966183E-15, -0.2513059532293425E-15, -0.6658316863141806E-15,  0.3693084304298781E-19, -0.2457391740480935E-21, -0.8845899417853049E-20
     22.,  0.1911222318875980E+00,      6.,      14098.,  0.6645944434019602E-16, -0.2094960985666690E-15, -0.1306042842796346E-15,  0.0000000000000000E+00,  0.0000000000000000E+00,  0.0000000000000000E+00
     22.,  0.1911222318875980E+00,      7.,      51317.,  0.8450612002087162E-03,  0.7811286063534878E-03,  0.1176131793657921E-01, -0.4170463482249292E-06, -0.3007803761938904E-17,  0.2906300672585507E-07
     22.,  0.1911222318875980E+00,      8.,      51508., -0.1309147955255104E-04,  0.1035555795301037E-02, -0.2948848360183523E-01,  0.1585255487817778E-05,  0.2215169097541884E-16, -0.1570747255540504E-08
     22.,  0.1911222318875980E+00,      9.,      14392., -0.1338105167650381E-02,  0.7464765913226993E-03,  0.1411072524674042E-01,  0.0000000000000000E+00,  0.0000000000000000E+00,  0.0000000000000000E+00
     22.,  0.1911222318875980E+00,     10.,      52024., -0.1002663831592995E-15, -0.2362500543347378E-15, -0.4465304407431827E-15, -0.3651786028378366E-19,  0.1143330921096144E-22, -0.1234696322329110E-19
     22.,  0.1911222318875980E+00,     11.,    2000040.,  0.8681861743003906E-16,  0.1251808749671295E-15, -0.2367012957354999E-15, -0.4225323398299024E-20,  0.6824988342452720E-20, -0.1006773825621864E-20
     23.,  0.1975297463443120E+00,      1.,         80.,  0.7370484301353608E-16,  0.8826045391616383E-16, -0.1725270343921493E-15,  0.0000000000000000E+00,  0.0000000000000000E+00,  0.0000000000000000E+00
     23.,  0.1975297463443120E+00,      2.,      28469.,  0.2919149340915177E-16,  0.1988446785885862E-15,  0.5090361008189349E-15, -0.5239190269003701E-19, -0.1174189047125581E-24,  0.1303668136156208E-19
     23.,  0.1975297463443120E+00,      3.,      28660., -0.8628028852868871E-16, -0.1031663559477655E-15, -0.2681112323077702E-15,  0.8063023934544151E-19,  0.2312967366896265E-22, -0.7107209305163709E-20
     23.,  0.1975297463443120E+00,      4.,        374.,  0.7528410014633401E-16,  0.3377868593100533E-15, -0.4179224916513956E-15,  0.0000000000000000E+00,  0.0000000000000000E+00,  0.0000000000000000E+00
     23.,  0.1975297463443120E+00,      5.,      29176.,  0.6373317513098579E-02,  0.8785603713596319E-05,  0.2451704128056746E-01, -0.2262943279874922E-07,  0.1741926960557709E-15,  0.2702838807195938E-08
     23.,  0.1975297463443120E+00,      6.,      14098.,  0.9667380333061046E-16,  0.1226753544584647E-15, -0.8616690747029775E-16,  0.0000000000000000E+00,  0.0000000000000000E+00,  0.0000000000000000E+00
     23.,  0.1975297463443120E+00,      7.,      51317., -0.6561423846219792E-16,  0.1917568366358938E-15,  0.1765771176368300E-15,  0.2321201322416083E-19, -0.3029925165204023E-22, -0.1214961900020178E-19
     23.,  0.1975297463443120E+00,      8.,      51508., -0.7114994991587805E-16, -0.6351357218349244E-16, -0.1900928528667970E-14,  0.1697851794689726E-19, -0.2073832114828559E-24,  0.1401395684934839E-19
     23.,  0.1975297463443120E+00,      9.,      14392., -0.2968186428382281E-15,  0.3532508254458541E-15,  0.1848109693567756E-14,  0.0000000000000000E+00,  0.0000000000000000E+00,  0.0000000000000000E+00
     23.,  0.1975297463443120E+00,     10.,      52024.,  0.6407887426486117E-02, -0.9664986324897657E-05,  0.2464267824477349E-01,  0.2066738341596838E-07,  0.1634067667059129E-15, -0.9386153113654897E-08
     23.,  0.1975297463443120E+00,     11.,    2000040., -0.9198038098273111E-16, -0.2774319968160430E-15,  0.2328434403626806E-15,  0.5906472984991505E-20, -0.5617373537551296E-20,  0.6818644389169000E-20
     24.,  0.2000386312521300E+00,      1.,         80., -0.7458170055202949E-16, -0.1761281814392889E-15, -0.3111436062877646E-16,  0.0000000000000000E+00,  0.0000000000000000E+00,  0.0000000000000000E+00
     24.,  0.2000386312521300E+00,      2.,      28469.,  0.1042288517101588E-15,  0.8432856205302970E-16,  0.4244950360039178E-15,  0.3115056814487535E-19, -0.4314551954659792E-22, -0.3449894746663187E-19
     24.,  0.2000386312521300E+00,      3.,      28660., -0.1017599060862394E-15,  0.8824348294136599E-16, -0.3360376636115194E-17,  0.5092054500426490E-19, -0.1735697561242835E-22,  0.9751953486018802E-20
     24.,  0.2000386312521300E+00,      4.,        374., -0.1049866314795897E-15,  0.2194155259334100E-15,  0.1776460737841282E-15,  0.0000000000000000E+00,  0.0000000000000000E+00,  0.0000000000000000E+00
     24.,  0.2000386312521300E+00,      5.,      29176.,  0.6761910895697596E-02,  0.3450711395428926E-02,  0.2601198050959937E-01,  0.1106005293286834E-05, -0.2369757036472636E-14, -0.3214060144358633E-06
     24.,  0.2000386312521300E+00,      6.,      14098.,  0.9588405992847338E-16, -0.1586330842705324E-15, -0.6510377159997009E-16,  0.0000000000000000E+00,  0.0000000000000000E+00,  0.0000000000000000E+00
     24.,  0.2000386312521300E+00,      7.,      51317.,  0.1090681524775253E-15, -0.8465277579432427E-16,  0.3934471253319794E-15,  0.2554938585089875E-19,  0.3570893683505827E-22, -0.4673942702958830E-19
     24.,  0.2000386312521300E+00,      8.,      51508., -0.1103603569113022E-15,  0.1066268333777933E-15,  0.1860298258600062E-15, -0.4147719101996922E-19, -0.1129556291526349E-22,  0.1409341992149741E-19
     24.,  0.2000386312521300E+00,      9.,      14392.,  0.7323505153353772E-16,  0.1145820056480610E-15, -0.2905887636548529E-15,  0.0000000000000000E+00,  0.0000000000000000E+00,  0.0000000000000000E+00
     24.,  0.2000386312521300E+00,     10.,      52024., -0.5116368130416534E-02,  0.3481334410126890E-02, -0.2011053580955685E-01,  0.1110113025660459E-05,  0.2391614967339248E-14, -0.2967902658522458E-06
     24.,  0.2000386312521300E+00,     11.,    2000040.,  0.4205774376172255E-16,  0.8797012706650817E-16,  0.5156275246798664E-16, -0.4487264451905109E-19, -0.9282343544965579E-20, -0.6273868766959774E-19
     25.,  0.2201398481152272E+00,      1.,         80., -0.3442317203465960E-16,  0.1551716993355677E-15,  0.1500953552131632E-16,  0.0000000000000000E+00,  0.0000000000000000E+00,  0.0000000000000000E+00
     25.,  0.2201398481152272E+00,      2.,      28469., -0.6029215953788350E-03,  0.6523733709823330E-03, -0.3342317393774684E-02, -0.1191096496556186E-05,  0.5373566753623915E-16,  0.2172823502546356E-06
     25.,  0.2201398481152272E+00,      3.,      28660.,  0.9099707402922322E-04,  0.1534018238375051E-03, -0.8390472714973942E-03, -0.2684844978489768E-06, -0.2623592636807597E-15, -0.1187892981379831E-07
     25.,  0.2201398481152272E+00,      4.,        374.,  0.3189181575539189E-02,  0.3755411423737680E-02, -0.1657043463761280E-01,  0.0000000000000000E+00,  0.0000000000000000E+00,  0.0000000000000000E+00
     25.,  0.2201398481152272E+00,      5.,      29176.,  0.2764364536095730E-16,  0.8961988445136549E-16, -0.1594609545851159E-15, -0.4331945437179082E-19,  0.2454593000837778E-21,  0.3384561695760513E-19
     25.,  0.2201398481152272E+00,      6.,      14098., -0.1933719623139168E-15,  0.1488009731586570E-15,  0.3301692474525876E-15,  0.0000000000000000E+00,  0.0000000000000000E+00,  0.0000000000000000E+00
     25.,  0.2201398481152272E+00,      7.,      51317.,  0.5694174004643183E-03, -0.7816400696915957E-03,  0.3033187314865118E-02,  0.1188911181642203E-05,  0.1942565787621289E-16, -0.2160621277231226E-06
     25.,  0.2201398481152272E+00,      8.,      51508., -0.3735505546940265E-04, -0.1363746789541452E-03,  0.5699461663097594E-03,  0.2673745664765137E-06, -0.4386856836473021E-15,  0.1284541028815822E-07
     25.,  0.2201398481152272E+00,      9.,      14392., -0.3053259111586462E-02, -0.3443654627831068E-02,  0.1604322190681300E-01,  0.0000000000000000E+00,  0.0000000000000000E+00,  0.0000000000000000E+00
     25.,  0.2201398481152272E+00,     10.,      52024.,  0.2047078238448437E-16,  0.7848141767401770E-16,  0.3607958592729888E-16,  0.2933751317194741E-19,  0.2519474137397511E-22,  0.1150077792392567E-19
     25.,  0.2201398481152272E+00,     11.,    2000040.,  0.2498735624459612E-17,  0.2832396037313817E-15, -0.3973676256060578E-16, -0.1380682181183712E-20,  0.2601150956344493E-20,  0.7027786222538506E-21
     26.,  0.2202726365072622E+00,      1.,         80.,  0.5834650263014661E-16,  0.6381976533671927E-17, -0.1441975737279153E-15,  0.0000000000000000E+00,  0.0000000000000000E+00,  0.0000000000000000E+00
     26.,  0.2202726365072622E+00,      2.,      28469., -0.6486342782221783E-03, -0.3085186509350549E-01, -0.3922572864232004E-02, -0.2721850235897211E-06,  0.2126339521727523E-15,  0.5336741047656823E-07
     26.,  0.2202726365072622E+00,      3.,      28660.,  0.2822604587799546E-03,  0.1882136046801834E-02,  0.2362323643553596E-03,  0.1479152605023846E-07, -0.7878962866897332E-16, -0.4135418275975145E-08
     26.,  0.2202726365072622E+00,      4.,        374., -0.6717981798696036E-03,  0.3065100755727993E-01,  0.4047863801040290E-02,  0.0000000000000000E+00,  0.0000000000000000E+00,  0.0000000000000000E+00
     26.,  0.2202726365072622E+00,      5.,      29176., -0.1134778784542688E-15,  0.4735973883262455E-16, -0.3530899515233580E-15,  0.9236330810074718E-20, -0.6744536765891223E-22, -0.1106995943661511E-19
     26.,  0.2202726365072622E+00,      6.,      14098.,  0.1705789635976135E-16, -0.4925761277755229E-17, -0.6360778859840895E-16,  0.0000000000000000E+00,  0.0000000000000000E+00,  0.0000000000000000E+00
     26.,  0.2202726365072622E+00,      7.,      51317.,  0.3731338252371930E-03, -0.3085600418744750E-01,  0.2506037988606510E-02, -0.2771600360260389E-06, -0.2073261838224663E-15,  0.5184885599630294E-07
     26.,  0.2202726365072622E+00,      8.,      51508., -0.2455676852412303E-03,  0.1883166520997423E-02, -0.1633354885257558E-03,  0.1351833220545783E-07,  0.7958611574537830E-16, -0.8677340998179195E-08
     26.,  0.2202726365072622E+00,      9.,      14392.,  0.3711053631395934E-03,  0.3067782246834679E-01, -0.2492480090463465E-02,  0.0000000000000000E+00,  0.0000000000000000E+00,  0.0000000000000000E+00
     26.,  0.2202726365072622E+00,     10.,      52024., -0.6225347523264561E-16,  0.5861120461430170E-16, -0.2017923971543608E-15, -0.4167976907111110E-19,  0.6535812929661578E-23, -0.8315853115857357E-20
     26.,  0.2202726365072622E+00,     11.,    2000040., -0.1700940123285601E-16, -0.1124863569918173E-15,  0.8359194136319554E-16,  0.3482449705762012E-19,  0.2580969825743560E-20,  0.4648014868125260E-21
     27.,  0.2211293029048460E+00,      1.,         80., -0.2536315873307720E-16, -0.3110019418158396E-16,  0.1432049428132903E-15,  0.0000000000000000E+00,  0.0000000000000000E+00,  0.0000000000000000E+00
     27.,  0.2211293029048460E+00,      2.,      28469.,  0.4713448689641282E-02,  0.4677868334649893E-04,  0.3008668526845419E-01, -0.4327570647695384E-07, -0.4014234406547581E-18,  0.6695681102073368E-08
     27.,  0.2211293029048460E+00,      3.,      28660., -0.2502271149810701E-02, -0.1593741391631615E-05, -0.1871876221539004E-02,  0.7776182926612531E-09, -0.4043517376269232E-16,  0.1275030607499860E-08
     27.,  0.2211293029048460E+00,      4.,        374.,  0.4705841805828071E-02, -0.3512587237701740E-04, -0.3006903249912217E-01,  0.0000000000000000E+00,  0.0000000000000000E+00,  0.0000000000000000E+00
     27.,  0.2211293029048460E+00,      5.,      29176., -0.6180311330760997E-16, -0.1492084227011760E-15,  0.4225793817534317E-16,  0.2238845236483620E-19, -0.1371216723874429E-22,  0.9239737328072061E-20
     27.,  0.2211293029048460E+00,      6.,      14098.,  0.1106048712747648E-15, -0.3844219605714901E-16, -0.9459984663143033E-16,  0.0000000000000000E+00,  0.0000000000000000E+00,  0.0000000000000000E+00
     27.,  0.2211293029048460E+00,      7.,      51317.,  0.4756956321913188E-02,  0.3325170831907227E-05,  0.3032171915384586E-01,  0.4389415950761108E-07,  0.6863535916106573E-17, -0.9457319099216441E-08
     27.,  0.2211293029048460E+00,      8.,      51508., -0.2509145657779935E-02, -0.1181417750653911E-05, -0.1877991482313329E-02, -0.6221793418577361E-09, -0.4098354301822768E-16,  0.3427475295862397E-08
     27.,  0.2211293029048460E+00,      9.,      14392.,  0.4729501794852663E-02, -0.1407816717695778E-04, -0.3019999458389734E-01,  0.0000000000000000E+00,  0.0000000000000000E+00,  0.0000000000000000E+00
     27.,  0.2211293029048460E+00,     10.,      52024., -0.4499516979062899E-16, -0.1462698378848565E-15,  0.3873173697171498E-16, -0.7265574970876501E-20, -0.1743063831553646E-22,  0.1724365001979882E-19
     27.,  0.2211293029048460E+00,     11.,    2000040.,  0.4084241031669256E-17, -0.1125344355985349E-15,  0.7856898426757494E-16,  0.2037125888954431E-19,  0.2826121790301428E-20,  0.1450011807015761E-20
     28.,  0.2219158570948821E+00,      1.,         80.,  0.6459886774792092E-16,  0.9133503267012560E-16, -0.8736995104039360E-16,  0.0000000000000000E+00,  0.0000000000000000E+00,  0.0000000000000000E+00
     28.,  0.2219158570948821E+00,      2.,      28469., -0.2772804052847719E-02,  0.3123474374124469E-02, -0.1423781851022810E-01, -0.5202006373659672E-05,  0.2342849389954957E-15,  0.9927009111554929E-06
     28.,  0.2219158570948821E+00,      3.,      28660., -0.1539368994839677E-03,  0.1404287862599383E-03, -0.7248850625584290E-03, -0.2431253382338312E-06,  0.5734390382509259E-15,  0.2779188221429665E-07
     28.,  0.2219158570948821E+00,      4.,        374., -0.8478716395272111E-03, -0.8896837092621142E-03,  0.4157750461816677E-02,  0.0000000000000000E+00,  0.0000000000000000E+00,  0.0000000000000000E+00
     28.,  0.2219158570948821E+00,      5.,      29176., -0.7815296052149553E-16, -0.9044397026735998E-16, -0.3472060170561698E-15, -0.3204317076223352E-19, -0.1247097545826390E-22, -0.1431717440120663E-19
     28.,  0.2219158570948821E+00,      6.,      14098.,  0.1280643437534893E-16,  0.1005331812200558E-15, -0.9490323466475911E-18,  0.0000000000000000E+00,  0.0000000000000000E+00,  0.0000000000000000E+00
     28.,  0.2219158570948821E+00,      7.,      51317.,  0.2569948486138869E-02, -0.2977464381285878E-02,  0.1350044340882555E-01,  0.5202186910030442E-05,  0.8927502673163648E-16, -0.9896636094495039E-06
     28.,  0.2219158570948821E+00,      8.,      51508.,  0.8163721020482846E-04, -0.1342763145136739E-03,  0.5584768825455734E-03,  0.2422103737924439E-06,  0.4386113368569544E-15, -0.2757849390577164E-07
     28.,  0.2219158570948821E+00,      9.,      14392.,  0.7606880911490952E-03,  0.8430844084453935E-03, -0.3932118097790650E-02,  0.0000000000000000E+00,  0.0000000000000000E+00,  0.0000000000000000E+00
     28.,  0.2219158570948821E+00,     10.,      52024., -0.6034519543139237E-16, -0.1080405796615415E-15,  0.1906048605947004E-17,  0.1988788015187674E-19,  0.1882206473945226E-23, -0.2533691915110651E-19
     28.,  0.2219158570948821E+00,     11.,    2000040., -0.4131129311317007E-16, -0.1614051306881598E-15,  0.1144458014563905E-15,  0.1423223368502277E-19, -0.7692662298411403E-20,  0.6506654337755075E-20
     29.,  0.2257527944064152E+00,      1.,         80., -0.6281222331497996E-16,  0.2995172206775625E-16, -0.3903794273777905E-16,  0.0000000000000000E+00,  0.0000000000000000E+00,  0.0000000000000000E+00
     29.,  0.2257527944064152E+00,      2.,      28469.,  0.5485047201364813E-02, -0.1045404022756757E-02,  0.3344221720430700E-01,  0.1344683143251395E-05, -0.7223460369952113E-16, -0.2557159746096223E-06
     29.,  0.2257527944064152E+00,      3.,      28660., -0.2446929286778104E-02,  0.7308905663345085E-04, -0.2108154749759840E-02, -0.8435253891617284E-07,  0.6392400900112900E-15,  0.3394617155052778E-07
     29.,  0.2257527944064152E+00,      4.,        374.,  0.5471967594567691E-02,  0.9999873371045124E-03, -0.3340417501960587E-01,  0.0000000000000000E+00,  0.0000000000000000E+00,  0.0000000000000000E+00
     29.,  0.2257527944064152E+00,      5.,      29176., -0.1131215824596387E-15,  0.8338746143586094E-16, -0.4557370413613210E-15, -0.5629899587665761E-19,  0.3422386217356416E-21,  0.4433324542254890E-19
     29.,  0.2257527944064152E+00,      6.,      14098., -0.7778656175835081E-16,  0.5101673156423821E-17, -0.2860834561026975E-16,  0.0000000000000000E+00,  0.0000000000000000E+00,  0.0000000000000000E+00
     29.,  0.2257527944064152E+00,      7.,      51317., -0.4168107066163430E-02, -0.1012800748283938E-02, -0.2623527499857183E-01,  0.1350612538081298E-05,  0.1299340422206414E-16, -0.2394584688830298E-06
     29.,  0.2257527944064152E+00,      8.,      51508.,  0.2110869511033730E-02,  0.7121562569967431E-04,  0.1659501889190598E-02, -0.8455759036232895E-07, -0.6342943931820083E-15,  0.7240062209298871E-07
     29.,  0.2257527944064152E+00,      9.,      14392., -0.4169724419180486E-02,  0.9629419225997995E-03,  0.2623298618735341E-01,  0.0000000000000000E+00,  0.0000000000000000E+00,  0.0000000000000000E+00
     29.,  0.2257527944064152E+00,     10.,      52024., -0.5938974381866850E-16,  0.4458138294415307E-16, -0.1231429723994370E-15,  0.3646172659733008E-19,  0.1899532814175036E-22, -0.6734804613184017E-20
     29.,  0.2257527944064152E+00,     11.,    2000040.,  0.8233755384967994E-16,  0.3337401141782737E-15, -0.2787289641897204E-15, -0.4330446897404480E-19, -0.3225466485274351E-20, -0.1300588026872714E-19
     30.,  0.2288986842025637E+00,      1.,         80., -0.1359713652199967E-15,  0.1369463655964033E-15,  0.1575540040008122E-15,  0.0000000000000000E+00,  0.0000000000000000E+00,  0.0000000000000000E+00
     30.,  0.2288986842025637E+00,      2.,      28469.,  0.1647724662848950E-15, -0.1776217655967647E-15,  0.9030715338787340E-15, -0.2945091252025897E-18,  0.4694614228441619E-22,  0.5828127233574714E-19
     30.,  0.2288986842025637E+00,      3.,      28660., -0.1388317262176859E-15,  0.2336468594054051E-15,  0.8735002014956823E-16, -0.5187605418761478E-19,  0.4919370299228538E-23, -0.5158183900831626E-20
     30.,  0.2288986842025637E+00,      4.,        374.,  0.4515882463379106E-15,  0.2296948673679011E-15, -0.2123335620896052E-14,  0.0000000000000000E+00,  0.0000000000000000E+00,  0.0000000000000000E+00
     30.,  0.2288986842025637E+00,      5.,      29176.,  0.7452050825721383E-03, -0.3994842164925568E-03,  0.2647689182725763E-02,  0.9397437853698522E-06, -0.5157838045776220E-13, -0.2002304986216967E-06
     30.,  0.2288986842025637E+00,      6.,      14098., -0.2103844794666155E-15,  0.1261222569937905E-15,  0.2426218624509348E-15,  0.0000000000000000E+00,  0.0000000000000000E+00,  0.0000000000000000E+00
     30.,  0.2288986842025637E+00,      7.,      51317., -0.3715113347234971E-15, -0.3500092390593539E-15, -0.1959428579435386E-14,  0.1363928447556471E-18, -0.1787726943877794E-21,  0.8175624121859133E-20
     30.,  0.2288986842025637E+00,      8.,      51508.,  0.1156953964448862E-15,  0.1994846925121596E-15,  0.6030640871302086E-16, -0.6084049264030596E-19,  0.1191933899498545E-21,  0.1681555342546231E-19
     30.,  0.2288986842025637E+00,      9.,      14392., -0.4155298852593191E-15, -0.4945197389606326E-16,  0.2675497769332987E-14,  0.0000000000000000E+00,  0.0000000000000000E+00,  0.0000000000000000E+00
     30.,  0.2288986842025637E+00,     10.,      52024., -0.4528682114876575E-03,  0.3750356938852658E-03, -0.1907041438478748E-02, -0.9287998204870884E-06, -0.5108951561993246E-13,  0.1931149662680050E-06
     30.,  0.2288986842025637E+00,     11.,    2000040.,  0.2218290271382022E-15,  0.2154997488888062E-15, -0.1841654711096480E-15,  0.2848348315852717E-19, -0.8715496821938045E-20, -0.4498442923460767E-19
     31.,  0.2312608143854114E+00,      1.,         80., -0.4270280917816553E-16,  0.1074750419275804E-15,  0.5422839139120175E-16,  0.0000000000000000E+00,  0.0000000000000000E+00,  0.0000000000000000E+00
     31.,  0.2312608143854114E+00,      2.,      28469., -0.1068527219340385E-16, -0.1257606385346470E-15,  0.4452439364980329E-16,  0.7203961049694737E-19, -0.4742287253100455E-23, -0.2424277456726025E-19
     31.,  0.2312608143854114E+00,      3.,      28660., -0.2835513049203519E-16, -0.5886326595701758E-17,  0.1578377620106275E-16, -0.1012350932756377E-20, -0.2305518178776758E-22,  0.4216555008737700E-20
     31.,  0.2312608143854114E+00,      4.,        374., -0.1485223241281157E-16, -0.2250181132735437E-16, -0.1030373253704625E-15,  0.0000000000000000E+00,  0.0000000000000000E+00,  0.0000000000000000E+00
     31.,  0.2312608143854114E+00,      5.,      29176., -0.4334689917763630E-02, -0.2557067398367279E-05, -0.4187330301487419E-03,  0.6583045604856000E-08, -0.4318411868369890E-15,  0.1476927457877480E-09
     31.,  0.2312608143854114E+00,      6.,      14098., -0.3116887637289043E-17,  0.1028230100432422E-15,  0.6553699543568020E-16,  0.0000000000000000E+00,  0.0000000000000000E+00,  0.0000000000000000E+00
     31.,  0.2312608143854114E+00,      7.,      51317., -0.1621890996191944E-15, -0.6116932380645367E-16, -0.8221749387213112E-15, -0.5554951649019748E-19, -0.6211211965444836E-22, -0.9975497715798086E-20
     31.,  0.2312608143854114E+00,      8.,      51508.,  0.2358656160638034E-16, -0.4453192724614913E-17,  0.3147555064489413E-15,  0.2958459476010888E-19,  0.2439205536290176E-22, -0.8652258361179768E-20
     31.,  0.2312608143854114E+00,      9.,      14392., -0.1379656357782036E-15, -0.1282206637869061E-15,  0.7694863320980297E-15,  0.0000000000000000E+00,  0.0000000000000000E+00,  0.0000000000000000E+00
     31.,  0.2312608143854114E+00,     10.,      52024., -0.4357980466257081E-02,  0.2987455053045182E-05, -0.4474155403850574E-03, -0.5103820742767716E-08, -0.4239892630219360E-15,  0.7160392260269249E-08
     31.,  0.2312608143854114E+00,     11.,    2000040., -0.1557317110810547E-16,  0.1148461458903173E-15,  0.8607135219930691E-17, -0.1507057949632341E-19, -0.3287916450875758E-20, -0.1592167150814756E-20
     32.,  0.2315200770453135E+00,      1.,         80., -0.4336693630298111E-16,  0.5647034660593528E-16,  0.2088246491415976E-16,  0.0000000000000000E+00,  0.0000000000000000E+00,  0.0000000000000000E+00
     32.,  0.2315200770453135E+00,      2.,      28469.,  0.2169495703180512E-16,  0.3729407089627672E-16,  0.4910883091495310E-15,  0.1159938182716686E-18, -0.1822647606111094E-22, -0.3637239710666850E-19
     32.,  0.2315200770453135E+00,      3.,      28660., -0.1033456741169887E-15,  0.1583266394601068E-15,  0.6264116617234878E-16,  0.1547527497170779E-20, -0.2184397075216005E-22,  0.3436862882783654E-20
     32.,  0.2315200770453135E+00,      4.,        374.,  0.1224207222834078E-16, -0.5131617073181942E-16, -0.5073471015560935E-15,  0.0000000000000000E+00,  0.0000000000000000E+00,  0.0000000000000000E+00
     32.,  0.2315200770453135E+00,      5.,      29176., -0.1195660845957507E-02, -0.2130239083686412E-02, -0.3963911500071483E-03, -0.2563986337893560E-07,  0.1271586739398535E-14,  0.2814415558814327E-07
     32.,  0.2315200770453135E+00,      6.,      14098., -0.3144001655077352E-16,  0.4673938519635268E-16, -0.3002399068811048E-16,  0.0000000000000000E+00,  0.0000000000000000E+00,  0.0000000000000000E+00
     32.,  0.2315200770453135E+00,      7.,      51317., -0.1763135236948127E-15, -0.1703947662806609E-16, -0.6491143943612554E-15,  0.3919248787797608E-19, -0.6126363408592084E-22, -0.1344965824907958E-19
     32.,  0.2315200770453135E+00,      8.,      51508., -0.3249689788200160E-16,  0.1494412663026475E-15, -0.9650484815767703E-16,  0.8455994006995998E-20,  0.1263221813892293E-22, -0.8306683137356100E-20
     32.,  0.2315200770453135E+00,      9.,      14392., -0.8279558075377559E-16, -0.1983377889015990E-15,  0.1207951773006992E-15,  0.0000000000000000E+00,  0.0000000000000000E+00,  0.0000000000000000E+00
     32.,  0.2315200770453135E+00,     10.,      52024.,  0.9578041636700280E-03, -0.2131028692192059E-02,  0.2747740623053111E-03, -0.2257519647065730E-07, -0.1374186349035805E-14,  0.4207412370803651E-07
     32.,  0.2315200770453135E+00,     11.,    2000040.,  0.1124313755138460E-16, -0.3005044503513032E-15, -0.1613869114494039E-16,  0.6808450539587747E-20, -0.1815473271378100E-20, -0.3597709396384023E-20
     33.,  0.2359357840439271E+00,      1.,         80., -0.4985775608822170E-16,  0.1380216698482567E-15, -0.4187326975946262E-16,  0.0000000000000000E+00,  0.0000000000000000E+00,  0.0000000000000000E+00
     33.,  0.2359357840439271E+00,      2.,      28469.,  0.8406196964607112E-18, -0.4245583967275817E-16, -0.1449629363098728E-15, -0.2120868993682384E-19, -0.1616813062462393E-22,  0.1549962203503049E-19
     33.,  0.2359357840439271E+00,      3.,      28660.,  0.4198397696062908E-16, -0.5684572515022665E-16,  0.1765109726057882E-15, -0.4376787116377625E-19,  0.1110692509899313E-22, -0.9020234721510505E-20
     33.,  0.2359357840439271E+00,      4.,        374.,  0.4413720163937217E-16, -0.9867039104465410E-16, -0.6921475256102735E-16,  0.0000000000000000E+00,  0.0000000000000000E+00,  0.0000000000000000E+00
     33.,  0.2359357840439271E+00,      5.,      29176., -0.4576666506166388E-02,  0.8423296776587095E-03, -0.8563874934862652E-03, -0.5409209018164905E-07,  0.3832847200833082E-14,  0.7728309969564473E-07
     33.,  0.2359357840439271E+00,      6.,      14098., -0.1534020533480110E-15,  0.1212566418587553E-15, -0.1809559719723693E-17,  0.0000000000000000E+00,  0.0000000000000000E+00,  0.0000000000000000E+00
     33.,  0.2359357840439271E+00,      7.,      51317., -0.6816761488181465E-16, -0.1489649660619099E-15, -0.2399264394030504E-15,  0.1569862485988702E-18, -0.9050101009249348E-22,  0.1225400284958209E-19
     33.,  0.2359357840439271E+00,      8.,      51508.,  0.6431237725067153E-16, -0.9881557456070846E-16,  0.7649931796265732E-16, -0.4719890377483637E-19,  0.2346696589368330E-22,  0.3971324735689753E-20
     33.,  0.2359357840439271E+00,      9.,      14392., -0.2518769166624433E-16, -0.1285268843867528E-15,  0.3987854901056816E-16,  0.0000000000000000E+00,  0.0000000000000000E+00,  0.0000000000000000E+00
     33.,  0.2359357840439271E+00,     10.,      52024.,  0.3897856599366772E-02,  0.8411815743695503E-03,  0.6201018787395753E-03, -0.4160776777578036E-07, -0.4056399267571726E-14,  0.1372370144185431E-06
     33.,  0.2359357840439271E+00,     11.,    2000040.,  0.1303799921428065E-15,  0.4409565805423033E-15, -0.2933057923727313E-15, -0.2826712236407841E-19,  0.3613563563011052E-20, -0.2600647651642874E-19
     34.,  0.2381970386940077E+00,      1.,         80.,  0.1097428328584360E-02,  0.4928505445404908E-03, -0.3007218434972551E-02,  0.0000000000000000E+00,  0.0000000000000000E+00,  0.0000000000000000E+00
     34.,  0.2381970386940077E+00,      2.,      28469., -0.1228319899598608E-15, -0.4872524640131944E-16, -0.7156382079434559E-15, -0.1561770110358409E-18, -0.3778674876813885E-22,  0.5337081207142052E-19
     34.,  0.2381970386940077E+00,      3.,      28660.,  0.5404666819961028E-16,  0.1982481501948552E-15,  0.8655978147418839E-16,  0.1050905837779055E-18,  0.4626722105901510E-23, -0.1170281576409529E-19
     34.,  0.2381970386940077E+00,      4.,        374., -0.7991037003830897E-16,  0.2119607124150643E-15,  0.6949242235554591E-15,  0.0000000000000000E+00,  0.0000000000000000E+00,  0.0000000000000000E+00
     34.,  0.2381970386940077E+00,      5.,      29176.,  0.7339356196456213E-16, -0.7700343073069336E-16,  0.4719833807799515E-16, -0.3555429116252266E-19, -0.1212861038227249E-21, -0.1073479272812483E-19
     34.,  0.2381970386940077E+00,      6.,      14098., -0.7711181599066912E-03, -0.4744631580003161E-03,  0.2280611846523282E-02,  0.0000000000000000E+00,  0.0000000000000000E+00,  0.0000000000000000E+00
     34.,  0.2381970386940077E+00,      7.,      51317.,  0.1078069363699055E-15, -0.6228659573204298E-16,  0.4398081397251744E-15, -0.1184848650976842E-18, -0.5934303377372313E-22,  0.1226456785591995E-20
     34.,  0.2381970386940077E+00,      8.,      51508., -0.4140433788252543E-16,  0.2413823640174830E-15,  0.7394634581367601E-16, -0.2560129604871311E-19, -0.7144931434735546E-23, -0.2489259804952462E-20
     34.,  0.2381970386940077E+00,      9.,      14392., -0.8180932585296392E-16,  0.1839611875780345E-15,  0.4881814005952877E-15,  0.0000000000000000E+00,  0.0000000000000000E+00,  0.0000000000000000E+00
     34.,  0.2381970386940077E+00,     10.,      52024.,  0.4302586991252052E-16, -0.9852967494265429E-16,  0.1489247080836510E-15,  0.2864617467965234E-19, -0.3205656118589568E-22, -0.1682752468831078E-19
     34.,  0.2381970386940077E+00,     11.,    2000040.,  0.2688791431856968E-02,  0.2369185110445856E-01, -0.7051447891922367E-02, -0.1927412561901010E-05,  0.7059046990531358E-08, -0.7261153968630395E-06
     35.,  0.2479159944050816E+00,      1.,         80., -0.2461552820797484E-15, -0.1524114871250672E-14,  0.3405713609333089E-15,  0.0000000000000000E+00,  0.0000000000000000E+00,  0.0000000000000000E+00
     35.,  0.2479159944050816E+00,      2.,      28469., -0.1798157857841880E-03, -0.1349799139728402E-03,  0.5027595138620903E-03,  0.1755041233228484E-06, -0.4917746450951690E-17,  0.4843850959210014E-07
     35.,  0.2479159944050816E+00,      3.,      28660.,  0.1684472379494333E-04, -0.6951784499315774E-03,  0.3681550311853438E-02,  0.1293692368886249E-05, -0.2178046888918222E-15, -0.9784519374878274E-08
     35.,  0.2479159944050816E+00,      4.,        374.,  0.1691073054100825E-04, -0.3727665689379919E-03,  0.1475280726890910E-02,  0.0000000000000000E+00,  0.0000000000000000E+00,  0.0000000000000000E+00
     35.,  0.2479159944050816E+00,      5.,      29176., -0.1023652807819793E-15,  0.4831580590140385E-15, -0.2022518444089434E-15,  0.2416805291622589E-19,  0.1276833615700397E-21, -0.1107646317568314E-19
     35.,  0.2479159944050816E+00,      6.,      14098.,  0.4675129372316410E-15, -0.1519982240217653E-14, -0.1160999091765541E-15,  0.0000000000000000E+00,  0.0000000000000000E+00,  0.0000000000000000E+00
     35.,  0.2479159944050816E+00,      7.,      51317.,  0.1397640144449839E-03,  0.1459197852934430E-03, -0.4320232691078606E-03, -0.1706120508228362E-06,  0.3584297747066915E-17, -0.4988803136008727E-07
     35.,  0.2479159944050816E+00,      8.,      51508., -0.9941089804058650E-05,  0.6596793462320280E-03, -0.3133409306873384E-02, -0.1287559111036001E-05,  0.5593364447930933E-15,  0.6908262313197497E-08
     35.,  0.2479159944050816E+00,      9.,      14392.,  0.2638528476459955E-04,  0.3328372770973886E-03, -0.1400497963490169E-02,  0.0000000000000000E+00,  0.0000000000000000E+00,  0.0000000000000000E+00
     35.,  0.2479159944050816E+00,     10.,      52024.,  0.4744394587214925E-16,  0.4846081515863795E-15,  0.4380316859602410E-17, -0.9407540480713153E-20,  0.3731567256454150E-22,  0.2277321749396765E-20
     35.,  0.2479159944050816E+00,     11.,    2000040.,  0.3473357485563635E-15, -0.4634225733583142E-14, -0.1117866252612132E-14, -0.2165955008248514E-18, -0.8210963942989064E-20, -0.5285049867872785E-19
     36.,  0.2483324773211832E+00,      1.,         80.,  0.8562091704119821E-03,  0.3466874362365896E-02,  0.2938162953019937E-03,  0.0000000000000000E+00,  0.0000000000000000E+00,  0.0000000000000000E+00
     36.,  0.2483324773211832E+00,      2.,      28469., -0.8305750175815924E-16,  0.2476459211315089E-15,  0.1097354268242267E-15,  0.2812704266764299E-18, -0.5151792715334931E-23, -0.5376685887210283E-19
     36.,  0.2483324773211832E+00,      3.,      28660., -0.1335232187337239E-16, -0.1091024898528297E-15,  0.6737617986100080E-15,  0.3698692116898339E-18, -0.2036379900720505E-23,  0.4361116409010696E-20
     36.,  0.2483324773211832E+00,      4.,        374., -0.2892587116175335E-16,  0.9602561737981509E-15,  0.5929172855835889E-15,  0.0000000000000000E+00,  0.0000000000000000E+00,  0.0000000000000000E+00
     36.,  0.2483324773211832E+00,      5.,      29176.,  0.9587880473379840E-16, -0.1009369777052059E-15,  0.2430557786127816E-15, -0.1118723624459255E-19, -0.1435306764738302E-21,  0.3643136695743081E-20
     36.,  0.2483324773211832E+00,      6.,      14098., -0.8011360862783586E-03,  0.3468152304686813E-02, -0.7637150500641028E-05,  0.0000000000000000E+00,  0.0000000000000000E+00,  0.0000000000000000E+00
     36.,  0.2483324773211832E+00,      7.,      51317.,  0.8607382722445658E-16,  0.3845342209419066E-15,  0.2137786773652478E-15,  0.5424826890914207E-19,  0.1410301969147278E-21, -0.2620805231533537E-19
     36.,  0.2483324773211832E+00,      8.,      51508., -0.4569195928094587E-16,  0.3347980236729879E-15, -0.1174208403410685E-14, -0.3747861848672339E-18, -0.6456344385474127E-22,  0.4407419128142475E-20
     36.,  0.2483324773211832E+00,      9.,      14392., -0.2533819589906777E-15,  0.1297905165056178E-14,  0.6128464196531775E-15,  0.0000000000000000E+00,  0.0000000000000000E+00,  0.0000000000000000E+00
     36.,  0.2483324773211832E+00,     10.,      52024.,  0.1741440587245529E-16, -0.1011348153288345E-15,  0.8976944558934231E-16, -0.1520931616495127E-19, -0.2297313105537919E-23, -0.1289703127353086E-19
     36.,  0.2483324773211832E+00,     11.,    2000040., -0.2127828931969885E-02,  0.1497226363017841E-01,  0.6474687048065151E-02,  0.6013037525225809E-06,  0.4019378946512554E-09,  0.2004636730698394E-06
     37.,  0.2483594863063761E+00,      1.,         80.,  0.2256062030124360E-02,  0.1810201012430924E-04,  0.3908922436825817E-02,  0.0000000000000000E+00,  0.0000000000000000E+00,  0.0000000000000000E+00
     37.,  0.2483594863063761E+00,      2.,      28469.,  0.1304176286512287E-16, -0.7962171824930185E-15, -0.1239770547186809E-16, -0.1556195812405936E-18,  0.4385416346384496E-22,  0.3909247974147069E-19
     37.,  0.2483594863063761E+00,      3.,      28660., -0.3468127171301453E-16, -0.1064060205119301E-14, -0.5353198224445949E-15, -0.1262727707836901E-18,  0.2176958383740810E-23, -0.6072507156392611E-20
     37.,  0.2483594863063761E+00,      4.,        374.,  0.2206451138475715E-15, -0.1994655487896475E-14, -0.1185448449548351E-14,  0.0000000000000000E+00,  0.0000000000000000E+00,  0.0000000000000000E+00
     37.,  0.2483594863063761E+00,      5.,      29176., -0.1248133278475702E-15,  0.3948423331945334E-15, -0.2519103989107531E-15,  0.3460358630194767E-19,  0.3721524194331352E-21,  0.2971599816497086E-19
     37.,  0.2483594863063761E+00,      6.,      14098.,  0.2261195042652941E-02,  0.1785164895617213E-04,  0.3915108823574167E-02,  0.0000000000000000E+00,  0.0000000000000000E+00,  0.0000000000000000E+00
     37.,  0.2483594863063761E+00,      7.,      51317., -0.1762084186875812E-15, -0.8699869200997721E-15, -0.8218908276687156E-15,  0.6007222051329233E-19, -0.1916602215137133E-21,  0.1922393055227028E-19
     37.,  0.2483594863063761E+00,      8.,      51508.,  0.7008010199060954E-16, -0.1117887272624905E-14, -0.4900406266857816E-15,  0.2663775214273535E-19,  0.1073187512887412E-21,  0.9937504123772322E-20
     37.,  0.2483594863063761E+00,      9.,      14392.,  0.4138579301494534E-15, -0.1946184046998210E-14, -0.1743741387388489E-14,  0.0000000000000000E+00,  0.0000000000000000E+00,  0.0000000000000000E+00
     37.,  0.2483594863063761E+00,     10.,      52024.,  0.7651436015368419E-16,  0.4222281965828639E-15, -0.3112384643017984E-16, -0.1669695980869268E-19,  0.5206706086016297E-22,  0.2387713825143023E-19
     37.,  0.2483594863063761E+00,     11.,    2000040., -0.6498137708715292E-02,  0.2076036434162616E-03,  0.1984208380595631E-01,  0.3734185622486751E-07, -0.4166227869639630E-08,  0.6632733399490099E-09
     38.,  0.2510682666722476E+00,      1.,         80., -0.1316201470276306E-15, -0.1088225005366206E-15, -0.3215112316197629E-15,  0.0000000000000000E+00,  0.0000000000000000E+00,  0.0000000000000000E+00
     38.,  0.2510682666722476E+00,      2.,      28469.,  0.2575218475164044E-03,  0.4788794901795672E-02,  0.4174220912540562E-02,  0.1676879242287580E-05, -0.1232779335728428E-15, -0.3253845381030827E-06
     38.,  0.2510682666722476E+00,      3.,      28660., -0.8711973835682863E-03, -0.1841509829575988E-02,  0.2534325195992134E-02,  0.7128333619450299E-07, -0.2708715195186852E-15, -0.1672098972192608E-07
     38.,  0.2510682666722476E+00,      4.,        374.,  0.1104223689238868E-02, -0.1968155750851268E-01, -0.9772526857093700E-02,  0.0000000000000000E+00,  0.0000000000000000E+00,  0.0000000000000000E+00
     38.,  0.2510682666722476E+00,      5.,      29176.,  0.1412077271425594E-15, -0.5110108123785798E-15,  0.2612964246688086E-15,  0.1417260655979602E-19, -0.4408701461865099E-22,  0.2727271488595576E-19
     38.,  0.2510682666722476E+00,      6.,      14098., -0.2120511768160874E-15, -0.1042367212882048E-15, -0.1034311386161335E-15,  0.0000000000000000E+00,  0.0000000000000000E+00,  0.0000000000000000E+00
     38.,  0.2510682666722476E+00,      7.,      51317.,  0.1465297494710916E-02,  0.4832299347260061E-02,  0.4769928292651902E-02,  0.1680292766330798E-05,  0.7776614271725939E-16, -0.3140813510268330E-06
     38.,  0.2510682666722476E+00,      8.,      51508.,  0.9879181940612586E-03, -0.1839781325878807E-02, -0.2142665493493795E-02,  0.7316491220223906E-07,  0.3147279902306000E-15,  0.6709989872466529E-08
     38.,  0.2510682666722476E+00,      9.,      14392.,  0.5728916681718120E-02, -0.1985071168525663E-01, -0.2574600171500963E-01,  0.0000000000000000E+00,  0.0000000000000000E+00,  0.0000000000000000E+00
     38.,  0.2510682666722476E+00,     10.,      52024., -0.1406154156312476E-15, -0.5046755453284906E-15, -0.2005099797357592E-15,  0.1338285284528334E-19, -0.4467055414134742E-22,  0.1618178939046548E-19
     38.,  0.2510682666722476E+00,     11.,    2000040.,  0.4535430414841332E-15,  0.1188533479009088E-14, -0.1353401915411921E-14, -0.1927677968583560E-19,  0.4019396561642878E-20,  0.2656647389708876E-21
     39.,  0.2532647165295200E+00,      1.,         80., -0.8927094974514294E-15, -0.7372795054763989E-15, -0.9740812036754681E-15,  0.0000000000000000E+00,  0.0000000000000000E+00,  0.0000000000000000E+00
     39.,  0.2532647165295200E+00,      2.,      28469., -0.4107729657429897E-03, -0.2221548665013946E-01, -0.5074552982135334E-02, -0.5448719792658217E-05,  0.4223030349635766E-15,  0.1045277257525035E-05
     39.,  0.2532647165295200E+00,      3.,      28660.,  0.4902029224327125E-03, -0.5363841174946419E-02,  0.4523427806815098E-02,  0.2873149874952081E-07,  0.2084095508097867E-15,  0.1245262115673618E-07
     39.,  0.2532647165295200E+00,      4.,        374.,  0.2129670757848180E-03, -0.7517920268894094E-02, -0.1399021602378544E-03,  0.0000000000000000E+00,  0.0000000000000000E+00,  0.0000000000000000E+00
     39.,  0.2532647165295200E+00,      5.,      29176., -0.1727850304007771E-15,  0.2448657874854681E-14, -0.6774683052063234E-15, -0.3655578911039308E-20, -0.2625466694897979E-21,  0.8240455888292047E-20
     39.,  0.2532647165295200E+00,      6.,      14098.,  0.7908523142910405E-15, -0.7380211844252882E-15,  0.3549253065884398E-15,  0.0000000000000000E+00,  0.0000000000000000E+00,  0.0000000000000000E+00
     39.,  0.2532647165295200E+00,      7.,      51317., -0.5185477239666752E-02, -0.2235808172984915E-01, -0.2396311269865053E-01, -0.5452711782967316E-05, -0.2815555484882443E-15,  0.1026412623042641E-05
     39.,  0.2532647165295200E+00,      8.,      51508., -0.5704461787989875E-03, -0.5363017880698893E-02, -0.4359476852272341E-02,  0.2902635035345889E-07, -0.8629340437039774E-16, -0.9389395119161037E-09
     39.,  0.2532647165295200E+00,      9.,      14392.,  0.1541642994412832E-02, -0.7560898082333808E-02, -0.8982128538719047E-02,  0.0000000000000000E+00,  0.0000000000000000E+00,  0.0000000000000000E+00
     39.,  0.2532647165295200E+00,     10.,      52024.,  0.2538660953187849E-15,  0.2466660063077348E-14,  0.9360953153725958E-15, -0.1107008708073774E-19,  0.6370759103562526E-22,  0.1063855830870629E-19
     39.,  0.2532647165295200E+00,     11.,    2000040.,  0.2484436161431808E-14,  0.4300968409066577E-14, -0.7544669812665203E-14, -0.3397295108763200E-18, -0.7766444666169151E-21, -0.1075075127447878E-18
     40.,  0.2533979836119931E+00,      1.,         80.,  0.2486622822178625E-02,  0.1094448148841315E-02,  0.3696800437464656E-02,  0.0000000000000000E+00,  0.0000000000000000E+00,  0.0000000000000000E+00
     40.,  0.2533979836119931E+00,      2.,      28469.,  0.7212017115824140E-16, -0.6776506095690080E-14, -0.6509133086253436E-15, -0.1704205345806464E-17,  0.3536020782041870E-22,  0.3242525319099523E-18
     40.,  0.2533979836119931E+00,      3.,      28660.,  0.1867663413896715E-15, -0.1703979835550453E-14,  0.2800261646064875E-14,  0.2779054793278280E-19,  0.2247964239952867E-23,  0.8023280204380313E-20
     40.,  0.2533979836119931E+00,      4.,        374., -0.1195270466888310E-15, -0.3036262125418188E-14,  0.6185217051722084E-15,  0.0000000000000000E+00,  0.0000000000000000E+00,  0.0000000000000000E+00
     40.,  0.2533979836119931E+00,      5.,      29176., -0.3544541862342188E-15,  0.2940350606681204E-14, -0.1126377685172814E-14,  0.3070905322009315E-19, -0.1661783529111117E-21,  0.1444693116977929E-19
     40.,  0.2533979836119931E+00,      6.,      14098., -0.2233053984417646E-02,  0.1097078691437101E-02, -0.2887000716494957E-02,  0.0000000000000000E+00,  0.0000000000000000E+00,  0.0000000000000000E+00
     40.,  0.2533979836119931E+00,      7.,      51317., -0.1321643906277845E-14, -0.6841317917840225E-14, -0.6303834020311445E-14, -0.1719297347755721E-17,  0.1651647374002680E-21,  0.3000631510479475E-18
     40.,  0.2533979836119931E+00,      8.,      51508., -0.1370072524239071E-15, -0.1714968630755551E-14, -0.4246924365267760E-15,  0.1044490909582721E-18, -0.3602584973572059E-22,  0.2742842054382485E-20
     40.,  0.2533979836119931E+00,      9.,      14392.,  0.5061068315348635E-15, -0.2999794392067889E-14, -0.2706125301679916E-14,  0.0000000000000000E+00,  0.0000000000000000E+00,  0.0000000000000000E+00
     40.,  0.2533979836119931E+00,     10.,      52024.,  0.3078878885950695E-15,  0.2927053433066253E-14,  0.1222845449584076E-14,  0.4356904205325913E-19, -0.5447754721661143E-22,  0.9220501980675505E-20
     40.,  0.2533979836119931E+00,     11.,    2000040., -0.7423679802277729E-02, -0.1105872932270948E-01,  0.2260340084870799E-01,  0.9303878386676647E-06,  0.4033276229998490E-09,  0.3028098257500429E-06
     41.,  0.2545236773056120E+00,      1.,         80.,  0.4294806465342771E-15,  0.9837214207442262E-15,  0.2264123858830465E-15,  0.0000000000000000E+00,  0.0000000000000000E+00,  0.0000000000000000E+00
     41.,  0.2545236773056120E+00,      2.,      28469., -0.1118584181077087E-15, -0.4183999056673181E-14, -0.8791656979687145E-15, -0.4571089027168545E-18,  0.7297727989580559E-22,  0.9017506105846545E-19
     41.,  0.2545236773056120E+00,      3.,      28660.,  0.2015857437849189E-16, -0.3190309928477676E-14, -0.4368116945564374E-15, -0.1002806076500914E-19, -0.2072703760056362E-23,  0.4997072152651399E-20
     41.,  0.2545236773056120E+00,      4.,        374.,  0.1242972970683603E-15, -0.1708003242804508E-14, -0.3247174667293379E-15,  0.0000000000000000E+00,  0.0000000000000000E+00,  0.0000000000000000E+00
     41.,  0.2545236773056120E+00,      5.,      29176.,  0.3064226309982769E-02, -0.2544965349809986E-01,  0.9253270727045270E-02, -0.2826491886796949E-06,  0.5972795798619313E-13,  0.9848181506542469E-08
     41.,  0.2545236773056120E+00,      6.,      14098., -0.3042453149761780E-15,  0.9359912865442388E-15, -0.9175923832153810E-16,  0.0000000000000000E+00,  0.0000000000000000E+00,  0.0000000000000000E+00
     41.,  0.2545236773056120E+00,      7.,      51317., -0.5313643133608044E-15, -0.4072832779952160E-14, -0.2400739331803795E-14, -0.5534501781987756E-18, -0.8960489110029782E-23,  0.1093248866465703E-18
     41.,  0.2545236773056120E+00,      8.,      51508., -0.9370929660498376E-16, -0.3149717028809535E-14, -0.4228275927715123E-15, -0.2594542591477124E-19, -0.8270611015032096E-23,  0.2178105905389030E-20
     41.,  0.2545236773056120E+00,      9.,      14392.,  0.1766680799389930E-16, -0.1612417836644768E-14, -0.4847620147475388E-15,  0.0000000000000000E+00,  0.0000000000000000E+00,  0.0000000000000000E+00
     41.,  0.2545236773056120E+00,     10.,      52024., -0.3180697969423266E-02, -0.2545467225217285E-01, -0.1024400552330418E-01, -0.2792004029948091E-06, -0.5911668154514869E-13, -0.3169850002613323E-07
     41.,  0.2545236773056120E+00,     11.,    2000040., -0.9113892918319190E-15, -0.1815896701216742E-14,  0.3054313480105271E-14,  0.1854688141126324E-18,  0.2329608154188800E-20,  0.6204607941610718E-19
     42.,  0.2564053205019901E+00,      1.,         80.,  0.4649856254977003E-16, -0.5168037735092859E-15,  0.1155086644804403E-15,  0.0000000000000000E+00,  0.0000000000000000E+00,  0.0000000000000000E+00
     42.,  0.2564053205019901E+00,      2.,      28469.,  0.5560540724663661E-03,  0.2183256512006180E-01,  0.2374283615961749E-02, -0.3504044623373991E-06, -0.1221179443329558E-15,  0.6099034212037228E-07
     42.,  0.2564053205019901E+00,      3.,      28660.,  0.2366169073836512E-04,  0.3029829927275743E-01,  0.3985716699223882E-02,  0.1521933175919412E-06,  0.4847329343179731E-17,  0.7824898042010232E-09
     42.,  0.2564053205019901E+00,      4.,        374., -0.4675725559592496E-03,  0.1915019155616606E-01,  0.2120548770421588E-02,  0.0000000000000000E+00,  0.0000000000000000E+00,  0.0000000000000000E+00
     42.,  0.2564053205019901E+00,      5.,      29176.,  0.2620843376655553E-15, -0.2121501409146784E-14,  0.6962652481053754E-15, -0.4270090728563295E-19,  0.1041546704618077E-21, -0.2008273887174244E-19
     42.,  0.2564053205019901E+00,      6.,      14098.,  0.1044382710835662E-15, -0.4846080582892086E-15,  0.4391994139859727E-16,  0.0000000000000000E+00,  0.0000000000000000E+00,  0.0000000000000000E+00
     42.,  0.2564053205019901E+00,      7.,      51317., -0.8850185739987818E-03,  0.2182303871238065E-01, -0.4254210611367499E-02, -0.3503345196483566E-06,  0.1328408440277454E-15,  0.6024977984999885E-07
     42.,  0.2564053205019901E+00,      8.,      51508., -0.2787254162431966E-04,  0.3030257404537124E-01, -0.3191014383755239E-02,  0.1521375381831710E-06, -0.1612566889525999E-18,  0.2639257330974191E-10
     42.,  0.2564053205019901E+00,      9.,      14392.,  0.6539966385645424E-03,  0.1914509494696665E-01, -0.3269811133678416E-02,  0.0000000000000000E+00,  0.0000000000000000E+00,  0.0000000000000000E+00
     42.,  0.2564053205019901E+00,     10.,      52024., -0.3685734171699646E-15, -0.2132520721936798E-14, -0.1102026797002706E-14, -0.2950559346329748E-19,  0.7004801268063605E-23,  0.1173102434184759E-19
     42.,  0.2564053205019901E+00,     11.,    2000040., -0.2045130225019367E-15,  0.1158821148408862E-15,  0.1906071192023934E-15, -0.5645125256733526E-19, -0.1052197443073372E-19, -0.1765199633211394E-19
     43.,  0.2585814301971029E+00,      1.,         80.,  0.1034939005330437E-15,  0.2054366029811242E-15,  0.1099583692848941E-15,  0.0000000000000000E+00,  0.0000000000000000E+00,  0.0000000000000000E+00
     43.,  0.2585814301971029E+00,      2.,      28469., -0.4755624529649552E-02, -0.2209721891238927E-04, -0.2270866082470147E-01,  0.3504177096682901E-07, -0.3915935866622460E-18, -0.5195295797681397E-08
     43.,  0.2585814301971029E+00,      3.,      28660.,  0.1733330532880294E-05, -0.2720410938673575E-04, -0.2897254631546218E-01,  0.4203533252663612E-07,  0.1506455566626661E-16, -0.7996951917863708E-09
     43.,  0.2585814301971029E+00,      4.,        374.,  0.4144553269302097E-02, -0.2140995606533270E-04, -0.1953806875017930E-01,  0.0000000000000000E+00,  0.0000000000000000E+00,  0.0000000000000000E+00
     43.,  0.2585814301971029E+00,      5.,      29176., -0.1393156546989167E-15,  0.5887498291682327E-15, -0.4000709186373063E-15, -0.1484473370523490E-19,  0.1136315126834513E-21,  0.4540001635988864E-19
     43.,  0.2585814301971029E+00,      6.,      14098., -0.1173494640976640E-15,  0.2060659863552903E-15, -0.1646904249206303E-16,  0.0000000000000000E+00,  0.0000000000000000E+00,  0.0000000000000000E+00
     43.,  0.2585814301971029E+00,      7.,      51317., -0.4795906199019507E-02,  0.9544087765181509E-05, -0.2289684000549492E-01, -0.3401385557723230E-07, -0.5626531130274871E-17,  0.9555339030877715E-08
     43.,  0.2585814301971029E+00,      8.,      51508.,  0.1865100193184615E-05,  0.7047126561541164E-05, -0.2920123742383827E-01, -0.4154435716612691E-07,  0.1413253755024142E-16, -0.8223656756443432E-09
     43.,  0.2585814301971029E+00,      9.,      14392.,  0.4181439646273693E-02,  0.9408099060976089E-05, -0.1971062478812143E-01,  0.0000000000000000E+00,  0.0000000000000000E+00,  0.0000000000000000E+00
     43.,  0.2585814301971029E+00,     10.,      52024.,  0.1543856908379806E-15,  0.5842731038180896E-15,  0.4269067433120154E-15,  0.5951837014936906E-20,  0.4073178278591276E-22, -0.2633058524645461E-20
     43.,  0.2585814301971029E+00,     11.,    2000040., -0.1304489629020183E-15, -0.7786740934890709E-15,  0.4925990308666703E-15,  0.3186092742987456E-19,  0.2669396913678575E-20,  0.9140857222016316E-20
     44.,  0.2626762523410893E+00,      1.,         80.,  0.1395656584745686E-15,  0.7003776262464753E-15, -0.2692046121006789E-15,  0.0000000000000000E+00,  0.0000000000000000E+00,  0.0000000000000000E+00
     44.,  0.2626762523410893E+00,      2.,      28469.,  0.8149792053327273E-03, -0.1281526226531870E-02,  0.5819892177257724E-02,  0.2138257764813700E-05, -0.9275414538418973E-16, -0.3156599126935567E-06
     44.,  0.2626762523410893E+00,      3.,      28660.,  0.2715079186183886E-03, -0.1673255140013183E-03,  0.7554653173442103E-03,  0.2773743213669440E-06, -0.1282392029857279E-14, -0.5701561054389461E-07
     44.,  0.2626762523410893E+00,      4.,        374.,  0.1190927802746200E-02,  0.1690233830123219E-02, -0.7757100050010340E-02,  0.0000000000000000E+00,  0.0000000000000000E+00,  0.0000000000000000E+00
     44.,  0.2626762523410893E+00,      5.,      29176., -0.2988981735553908E-16,  0.5553497149248555E-16,  0.4360626748593865E-17,  0.6283855054522883E-20,  0.2347564550542131E-21, -0.3843938613300052E-21
     44.,  0.2626762523410893E+00,      6.,      14098., -0.9771493760801292E-16,  0.6812852999480039E-15,  0.4332147351323127E-15,  0.0000000000000000E+00,  0.0000000000000000E+00,  0.0000000000000000E+00
     44.,  0.2626762523410893E+00,      7.,      51317., -0.8146799974512371E-03,  0.1226940373403197E-02, -0.5608070668905068E-02, -0.2137865356791635E-05, -0.2535056897746296E-16,  0.3145074065378731E-06
     44.,  0.2626762523410893E+00,      8.,      51508., -0.2421275996738729E-03,  0.1569998272123117E-03, -0.7277234165871209E-03, -0.2767734100916821E-06, -0.1204382418759133E-14,  0.5740188955372440E-07
     44.,  0.2626762523410893E+00,      9.,      14392., -0.1173441424376610E-02, -0.1619947393966307E-02,  0.7451823617465050E-02,  0.0000000000000000E+00,  0.0000000000000000E+00,  0.0000000000000000E+00
     44.,  0.2626762523410893E+00,     10.,      52024.,  0.7543180219815084E-16,  0.5098472514620607E-16,  0.1408936165412013E-15,  0.1043398148618822E-19,  0.8126931915184497E-23, -0.1514486420647811E-19
     44.,  0.2626762523410893E+00,     11.,    2000040.,  0.5703708346629823E-17,  0.1581229997106219E-15, -0.4448313330239301E-16, -0.2715523476364365E-19,  0.4356640383989307E-20, -0.5157772367069769E-20
     45.,  0.2637751326568396E+00,      1.,         80.,  0.3117059012138711E-15,  0.1649931973957705E-14, -0.5641430708018078E-15,  0.0000000000000000E+00,  0.0000000000000000E+00,  0.0000000000000000E+00
     45.,  0.2637751326568396E+00,      2.,      28469., -0.5427715597228564E-02, -0.9639718810254154E-03, -0.2586695410375148E-01, -0.1471688288598671E-05,  0.8073667367320172E-16,  0.3126762776486719E-06
     45.,  0.2637751326568396E+00,      3.,      28660.,  0.7581653530896816E-05,  0.1096096468314060E-02, -0.3238840615418678E-01, -0.1327908257968401E-05,  0.2929394217477039E-16,  0.2180835003511298E-09
     45.,  0.2637751326568396E+00,      4.,        374.,  0.4785077576254280E-02, -0.8139829462725778E-03, -0.2248457655909616E-01,  0.0000000000000000E+00,  0.0000000000000000E+00,  0.0000000000000000E+00
     45.,  0.2637751326568396E+00,      5.,      29176., -0.3451976793629427E-16,  0.2753319517939498E-15,  0.3291562969840225E-16, -0.5582425122508067E-20, -0.2223864242361009E-21, -0.2383260046153227E-19
     45.,  0.2637751326568396E+00,      6.,      14098., -0.2957097494766964E-15,  0.1663367788284356E-14,  0.7890970730315064E-15,  0.0000000000000000E+00,  0.0000000000000000E+00,  0.0000000000000000E+00
     45.,  0.2637751326568396E+00,      7.,      51317.,  0.3764990524732745E-02, -0.1001240431917689E-02,  0.1800442551694136E-01, -0.1472989038086382E-05, -0.2333705097602326E-16,  0.3063067311460392E-06
     45.,  0.2637751326568396E+00,      8.,      51508., -0.1021126964333778E-04,  0.1058602608357978E-02,  0.2528685042927876E-01, -0.1327883691450736E-05, -0.3586676983124847E-16,  0.5720158185525725E-09
     45.,  0.2637751326568396E+00,      9.,      14392., -0.3256339121927918E-02, -0.8499633265542325E-03,  0.1529205117036827E-01,  0.0000000000000000E+00,  0.0000000000000000E+00,  0.0000000000000000E+00
     45.,  0.2637751326568396E+00,     10.,      52024., -0.4921821179163742E-16,  0.2748507757274629E-15, -0.4705496936573749E-16,  0.1961418726793602E-21,  0.3645957085755995E-22, -0.8048821084840210E-20
     45.,  0.2637751326568396E+00,     11.,    2000040., -0.1239751869432704E-15, -0.1578201161297384E-14,  0.4922774185308623E-15,  0.1381353183654072E-18, -0.2435560529933631E-20,  0.4521722514747426E-19
     46.,  0.2641076238272420E+00,      1.,         80., -0.3823158226398284E-02, -0.2604605500083507E-01,  0.8910316425797381E-02,  0.0000000000000000E+00,  0.0000000000000000E+00,  0.0000000000000000E+00
     46.,  0.2641076238272420E+00,      2.,      28469., -0.2911352228674405E-15, -0.3637961944600410E-16, -0.1267380320309113E-14,  0.3014114396683625E-18, -0.1556194331857021E-21, -0.6539540026157278E-19
     46.,  0.2641076238272420E+00,      3.,      28660., -0.2683931172857201E-16, -0.3048376456851770E-15, -0.2654548664960146E-14, -0.1205881298329118E-18, -0.6644223358096995E-23,  0.2336735532103725E-20
     46.,  0.2641076238272420E+00,      4.,        374.,  0.3484683769366843E-15, -0.7583198601081988E-16, -0.1656900549164023E-14,  0.0000000000000000E+00,  0.0000000000000000E+00,  0.0000000000000000E+00
     46.,  0.2641076238272420E+00,      5.,      29176.,  0.1498425182706809E-15, -0.6925889630924581E-15,  0.5348627697725785E-15, -0.3633819123502358E-19, -0.1498260921156746E-21,  0.1128845810205479E-19
     46.,  0.2641076238272420E+00,      6.,      14098.,  0.4246614162601018E-02, -0.2605554088318298E-01, -0.1083518833820233E-01,  0.0000000000000000E+00,  0.0000000000000000E+00,  0.0000000000000000E+00
     46.,  0.2641076238272420E+00,      7.,      51317.,  0.2640372693365258E-15,  0.2056418980291918E-15,  0.1438650823553706E-14,  0.8239562733265596E-19, -0.1113350485226676E-21,  0.1011566870536166E-19
     46.,  0.2641076238272420E+00,      8.,      51508., -0.1553744839828656E-16, -0.3408852394628710E-15,  0.1757854681497350E-14, -0.1298544023054757E-18,  0.2105002848819029E-22, -0.8433831633180211E-20
     46.,  0.2641076238272420E+00,      9.,      14392., -0.3630034940493172E-15, -0.1247689858433931E-15,  0.1778766315929890E-14,  0.0000000000000000E+00,  0.0000000000000000E+00,  0.0000000000000000E+00
     46.,  0.2641076238272420E+00,     10.,      52024., -0.1405779400890622E-15, -0.6725049240965650E-15, -0.2976512911219914E-15,  0.1547026567368838E-19,  0.3593917244956523E-22,  0.1908035161896745E-20
     46.,  0.2641076238272420E+00,     11.,    2000040.,  0.1694291035745294E-02,  0.2160925210988297E-01, -0.4545487297558912E-02, -0.2164965752024093E-05,  0.1303281333212887E-07, -0.8151356290116705E-06
     47.,  0.2709442668460141E+00,      1.,         80., -0.6213267599399762E-17,  0.2797138391698906E-15,  0.2862660078486288E-16,  0.0000000000000000E+00,  0.0000000000000000E+00,  0.0000000000000000E+00
     47.,  0.2709442668460141E+00,      2.,      28469., -0.8775203353564837E-16, -0.3265672464683993E-16, -0.2330641383370731E-15, -0.4860555370479135E-19,  0.4668144286948006E-23,  0.2097092441732842E-19
     47.,  0.2709442668460141E+00,      3.,      28660., -0.5768293667792697E-16, -0.1822203223367771E-15, -0.4714750098773560E-15,  0.1872151863380986E-19, -0.1243033651818669E-22, -0.4138376494740079E-20
     47.,  0.2709442668460141E+00,      4.,        374., -0.7692551834643914E-18,  0.4839615863250443E-15, -0.3085430356408432E-15,  0.0000000000000000E+00,  0.0000000000000000E+00,  0.0000000000000000E+00
     47.,  0.2709442668460141E+00,      5.,      29176., -0.1002276643940811E-03, -0.6065527519122805E-05,  0.9892460412246762E-04,  0.6091313801833991E-08,  0.2591610075892442E-14,  0.1994346893865309E-07
     47.,  0.2709442668460141E+00,      6.,      14098.,  0.1702470609203664E-15,  0.2398849661984842E-15, -0.2706975408707360E-15,  0.0000000000000000E+00,  0.0000000000000000E+00,  0.0000000000000000E+00
     47.,  0.2709442668460141E+00,      7.,      51317.,  0.2382292635478320E-17, -0.4425475772753504E-16,  0.1050768590180750E-16, -0.1477246665128666E-18, -0.1512534373441726E-21,  0.1647994787014703E-19
     47.,  0.2709442668460141E+00,      8.,      51508., -0.5944758671026738E-16, -0.2179512942149670E-15,  0.3489264987264080E-15, -0.7267609124717399E-19,  0.2344225485623530E-22, -0.3539642288357791E-21
     47.,  0.2709442668460141E+00,      9.,      14392., -0.1219521826095772E-15,  0.2169492729194405E-15,  0.3707649206460448E-15,  0.0000000000000000E+00,  0.0000000000000000E+00,  0.0000000000000000E+00
     47.,  0.2709442668460141E+00,     10.,      52024.,  0.1101871113098066E-03,  0.4458858183560014E-05,  0.4326247438528260E-04, -0.6336217679041766E-08,  0.2856558034218814E-14, -0.2046224273163825E-07
     47.,  0.2709442668460141E+00,     11.,    2000040.,  0.6706799771467167E-17, -0.1682332452097963E-15, -0.4224662642536261E-16,  0.3453497667126770E-19, -0.2112136335366264E-19,  0.5959256716138135E-20
     48.,  0.2817882978921049E+00,      1.,         80.,  0.9691044237908575E-16,  0.1659861111151029E-16, -0.2540589184157869E-15,  0.0000000000000000E+00,  0.0000000000000000E+00,  0.0000000000000000E+00
     48.,  0.2817882978921049E+00,      2.,      28469., -0.7541042194437250E-03, -0.3564766495840291E-02, -0.2236259843183755E-02, -0.1365466390995276E-05,  0.7736218563324642E-16,  0.1758629254798698E-06
     48.,  0.2817882978921049E+00,      3.,      28660., -0.3074326497263307E-04, -0.1555909284051649E-01,  0.1949240968531120E-02, -0.9432673556520481E-06,  0.2507189230328514E-15,  0.7438315060364904E-08
     48.,  0.2817882978921049E+00,      4.,        374.,  0.1047000232527585E-02, -0.5829975748678926E-02, -0.3730026084591180E-02,  0.0000000000000000E+00,  0.0000000000000000E+00,  0.0000000000000000E+00
     48.,  0.2817882978921049E+00,      5.,      29176., -0.1215303751607439E-15, -0.1188676935372529E-15, -0.2766959818389541E-15,  0.1832455388409572E-19, -0.9432752969939512E-22, -0.3201530993873415E-19
     48.,  0.2817882978921049E+00,      6.,      14098., -0.4764411158405076E-16, -0.8423898671785114E-17, -0.2150250845258680E-16,  0.0000000000000000E+00,  0.0000000000000000E+00,  0.0000000000000000E+00
     48.,  0.2817882978921049E+00,      7.,      51317., -0.1597708320634524E-03, -0.3599921447446431E-02, -0.5050678513024992E-02, -0.1360885381450862E-05, -0.3504997013879249E-16,  0.1862150654830228E-06
     48.,  0.2817882978921049E+00,      8.,      51508.,  0.7583487327892286E-05, -0.1558437143670097E-01, -0.6896235536850923E-02, -0.9389445647825052E-06,  0.5612421430463565E-15,  0.9504013189491346E-08
     48.,  0.2817882978921049E+00,      9.,      14392.,  0.7133334353404622E-03, -0.5889656787005219E-02, -0.8407070150132994E-02,  0.0000000000000000E+00,  0.0000000000000000E+00,  0.0000000000000000E+00
     48.,  0.2817882978921049E+00,     10.,      52024., -0.5412671294027558E-17, -0.1384693603796479E-15,  0.1178294866537655E-15, -0.1116073737852840E-19, -0.1395416549482925E-22, -0.8147690533177230E-20
     48.,  0.2817882978921049E+00,     11.,    2000040.,  0.2142732842578219E-16, -0.4877904151681704E-15, -0.5609209860547946E-16, -0.9097885800641135E-21, -0.1433418939464705E-19, -0.7213406841950295E-20
     49.,  0.2844513109309191E+00,      1.,         80., -0.2216756495787631E-16, -0.1073539478097541E-15, -0.1082628101089422E-15,  0.0000000000000000E+00,  0.0000000000000000E+00,  0.0000000000000000E+00
     49.,  0.2844513109309191E+00,      2.,      28469.,  0.1949803110675031E-02, -0.2318569932570612E-02,  0.1087678212139215E-01,  0.3980758236240266E-05, -0.1774206633655792E-15, -0.7161976958614849E-06
     49.,  0.2844513109309191E+00,      3.,      28660., -0.9331849775313688E-05,  0.6365828119235550E-03, -0.3458920450546724E-02, -0.1215520172284128E-05,  0.1890974976687294E-15,  0.6439725694221513E-08
     49.,  0.2844513109309191E+00,      4.,        374., -0.2374019786734265E-02, -0.2763239780525664E-02,  0.1300808935292912E-01,  0.0000000000000000E+00,  0.0000000000000000E+00,  0.0000000000000000E+00
     49.,  0.2844513109309191E+00,      5.,      29176., -0.1063083503091476E-15,  0.1541513471655140E-15, -0.3125149921128684E-15,  0.1238439550690516E-19, -0.3080760951343432E-21, -0.1327486546184131E-19
     49.,  0.2844513109309191E+00,      6.,      14098., -0.6515911723352315E-16, -0.4760601238544226E-16, -0.2930849830983722E-16,  0.0000000000000000E+00,  0.0000000000000000E+00,  0.0000000000000000E+00
     49.,  0.2844513109309191E+00,      7.,      51317., -0.1860809005729410E-02,  0.2212223932442522E-02, -0.1036649973578299E-01, -0.3982282660375855E-05, -0.5651125832967572E-16,  0.7153572426260266E-06
     49.,  0.2844513109309191E+00,      8.,      51508.,  0.5312604615276646E-05, -0.6118353672918384E-03,  0.2935570542209844E-02,  0.1209308332801182E-05, -0.5348788127561588E-15, -0.4229495461901322E-08
     49.,  0.2844513109309191E+00,      9.,      14392.,  0.2277244900587292E-02,  0.2645747998099019E-02, -0.1244567752356138E-01,  0.0000000000000000E+00,  0.0000000000000000E+00,  0.0000000000000000E+00
     49.,  0.2844513109309191E+00,     10.,      52024., -0.1642594143930813E-16,  0.1577685656330247E-15,  0.1069972179434730E-15,  0.2060018001851500E-19, -0.2873895161099571E-22,  0.1135145977276009E-19
     49.,  0.2844513109309191E+00,     11.,    2000040., -0.1178326895941803E-15, -0.5190510617150835E-15,  0.3231563176451017E-15,  0.9202713974522522E-19, -0.3992370804414480E-20,  0.3234443913586007E-19
     50.,  0.2912127634063782E+00,      1.,         80., -0.2050752716011440E-15, -0.1051656227919066E-15,  0.3327645354197954E-15,  0.0000000000000000E+00,  0.0000000000000000E+00,  0.0000000000000000E+00
     50.,  0.2912127634063782E+00,      2.,      28469.,  0.1120920301731472E-02,  0.8115519703622223E-02,  0.5197190992590741E-02,  0.3217671129369758E-05, -0.2000694948662277E-15, -0.5183451009277385E-06
     50.,  0.2912127634063782E+00,      3.,      28660., -0.5071650714540736E-04,  0.1441328385778772E-02,  0.2333802184921151E-03,  0.3029059352574445E-06, -0.1246468806814468E-14, -0.5888165023582385E-07
     50.,  0.2912127634063782E+00,      4.,        374.,  0.1366427655912318E-02, -0.1053451988899582E-01, -0.6742096269501528E-02,  0.0000000000000000E+00,  0.0000000000000000E+00,  0.0000000000000000E+00
     50.,  0.2912127634063782E+00,      5.,      29176.,  0.1025591508877940E-15, -0.2081731579424007E-15,  0.3801913993189840E-15, -0.3248449012000773E-20,  0.1261665236741835E-21,  0.1418966422523906E-21
     50.,  0.2912127634063782E+00,      6.,      14098.,  0.9826276603728675E-16, -0.1431625655694347E-15, -0.1528250260107727E-15,  0.0000000000000000E+00,  0.0000000000000000E+00,  0.0000000000000000E+00
     50.,  0.2912127634063782E+00,      7.,      51317.,  0.1607636467836770E-02,  0.8198786501391591E-02,  0.1196572857010648E-01,  0.3214142748610870E-05,  0.1031281701101604E-15, -0.5252014861929626E-06
     50.,  0.2912127634063782E+00,      8.,      51508.,  0.5483049513527214E-03,  0.1450210414499239E-02,  0.1372649091898730E-02,  0.3027014326557768E-06,  0.1129004056109977E-14, -0.4336211167137263E-07
     50.,  0.2912127634063782E+00,      9.,      14392.,  0.2232277551590387E-02, -0.1063665359779663E-01, -0.1471671774649487E-01,  0.0000000000000000E+00,  0.0000000000000000E+00,  0.0000000000000000E+00
     50.,  0.2912127634063782E+00,     10.,      52024.,  0.5412524866400785E-16, -0.1896729864072468E-15,  0.5713866384346638E-16,  0.9072666583924233E-21,  0.1849033054166018E-22, -0.4233584940679156E-20
     50.,  0.2912127634063782E+00,     11.,    2000040.,  0.2347517852391355E-15,  0.8324846785601131E-15, -0.5899469590198638E-15, -0.9429041084795999E-19, -0.3216528107256346E-20, -0.4986274213699060E-19
