time_s,CD,CL,CM
2.400000000000000061e-04,1.758523866000000169e+01,-3.977233150000000078e-02,-8.346335832000000288e-01
4.292855300000000037e-04,-4.351031531000000285e+00,-2.358575503000000066e-03,2.477619852000000067e-01
6.319269799999999810e-04,1.157430020999999920e+00,-1.751440289999999997e-02,-3.274896002000000222e-02
8.398537500000000360e-04,1.130270447000000011e+00,-1.977278382000000057e-02,-2.895549429000000147e-02
1.051660399999999971e-03,1.167176376000000015e+00,-3.091590433000000054e-02,-3.065811002000000049e-02
1.268809799999999922e-03,1.196143262000000096e+00,-3.975510376000000040e-02,-3.245379963000000201e-02
1.491249299999999932e-03,1.211975239000000037e+00,-4.478627274000000075e-02,-3.367256503999999789e-02
1.717864099999999970e-03,1.218083283999999988e+00,-4.898536509000000344e-02,-3.580506842000000245e-02
1.947892400000000033e-03,1.214381396999999918e+00,-5.363534513999999864e-02,-3.675421188999999922e-02
2.181293999999999855e-03,1.204814926000000064e+00,-5.599252776000000070e-02,-3.772885692999999874e-02
2.417571600000000074e-03,1.194058000000000064e+00,-5.813300259000000331e-02,-3.833294247999999987e-02
2.656111000000000062e-03,1.187970756999999988e+00,-6.110978289999999952e-02,-3.884490301000000090e-02
2.896414500000000104e-03,1.181753673000000004e+00,-6.473962297999999449e-02,-3.897676206999999698e-02
3.137649100000000201e-03,1.175723217999999903e+00,-6.889390022999999919e-02,-3.921456217000000161e-02
3.378883699999999865e-03,1.169144280000000036e+00,-7.296451296000000530e-02,-3.932838955000000219e-02
3.619573999999999969e-03,1.162979954000000093e+00,-7.642751760999999533e-02,-3.905443751999999880e-02
3.859259400000000003e-03,1.158210570999999911e+00,-7.848916018000000328e-02,-3.875331606000000095e-02
4.097642999999999772e-03,1.154521138000000002e+00,-7.976091701000000145e-02,-3.844604439000000318e-02
4.334287200000000104e-03,1.152157539000000064e+00,-8.045654436999999382e-02,-3.818207623000000051e-02
4.568773299999999600e-03,1.150215596000000007e+00,-8.080013096999999478e-02,-3.800396352999999700e-02
4.800705800000000002e-03,1.148060523999999916e+00,-8.031020983000000668e-02,-3.797346949000000166e-02
5.030068500000000123e-03,1.145765726999999901e+00,-7.898518087000000465e-02,-3.807679221000000169e-02
5.256916799999999772e-03,1.144115986000000085e+00,-7.735901297000000176e-02,-3.825066964999999930e-02
5.481372200000000049e-03,1.143326437999999889e+00,-7.467646017000000025e-02,-3.872542580999999845e-02
5.703882300000000065e-03,1.140540144000000033e+00,-7.163013442000000508e-02,-3.921823766000000211e-02
5.924872799999999703e-03,1.140141081999999972e+00,-6.844371720000000381e-02,-3.982706129000000012e-02
6.144623299999999767e-03,1.138878896999999890e+00,-6.461985264000000284e-02,-4.030534929000000044e-02
6.363533099999999811e-03,1.136310412000000047e+00,-5.998253491000000298e-02,-4.067046752000000320e-02
6.581928499999999647e-03,1.132996926999999987e+00,-5.523961867999999803e-02,-4.096689309999999862e-02
6.800067600000000122e-03,1.129428834000000048e+00,-5.081449905999999711e-02,-4.124750647000000048e-02
7.018206699999999729e-03,1.125096032999999940e+00,-4.566406250999999888e-02,-4.147194896999999852e-02
7.236538100000000293e-03,1.122109108999999938e+00,-4.046378087000000040e-02,-4.167726159000000041e-02
7.454998000000000007e-03,1.118631190000000108e+00,-3.539213231999999848e-02,-4.173039362000000030e-02
7.673393599999999912e-03,1.115865923999999954e+00,-3.009442404000000140e-02,-4.183827395999999837e-02
7.891982100000000111e-03,1.113794986999999903e+00,-2.444893282999999889e-02,-4.186651540999999921e-02
8.111086899999999864e-03,1.110887420000000070e+00,-1.844180050999999834e-02,-4.173709115000000247e-02
8.331101400000000615e-03,1.106690788999999953e+00,-1.272634096999999964e-02,-4.132792071000000039e-02
8.552297000000000371e-03,1.101618387999999893e+00,-6.970284053000000424e-03,-4.073241324000000108e-02
8.774753600000000792e-03,1.095577145000000030e+00,-1.507268590000000004e-03,-4.006029853999999724e-02
8.998688700000000151e-03,1.091206042999999903e+00,3.966003275000000265e-03,-3.955677458000000229e-02
9.224122600000000602e-03,1.086735296000000073e+00,9.081761932000000440e-03,-3.880089874999999994e-02
9.451424199999999137e-03,1.081905729999999899e+00,1.395162089000000043e-02,-3.801916871000000225e-02
9.680838299999999438e-03,1.077298670000000014e+00,1.817378685999999910e-02,-3.727428375999999877e-02
9.912405100000000469e-03,1.073157453000000094e+00,2.222964254000000042e-02,-3.653372980999999853e-02
1.014616599999999987e-02,1.069219090000000039e+00,2.622549521999999883e-02,-3.569836368999999843e-02
1.038186299999999986e-02,1.065972031999999903e+00,2.965728689999999959e-02,-3.496977165000000193e-02
1.061922499999999950e-02,1.063407812999999980e+00,3.253856567999999921e-02,-3.418691461000000070e-02
1.085796600000000015e-02,1.061920082000000098e+00,3.511630099000000171e-02,-3.346951707999999692e-02
1.109771399999999984e-02,1.060298425999999905e+00,3.744814524000000117e-02,-3.267678453000000260e-02
1.133832000000000069e-02,1.058116502999999931e+00,3.940528626999999923e-02,-3.188383669000000031e-02
1.157947600000000000e-02,1.055105694000000094e+00,4.091415593000000128e-02,-3.104488789000000096e-02
1.182102699999999958e-02,1.052632825999999966e+00,4.195720255999999676e-02,-3.033153924000000015e-02
1.206273599999999925e-02,1.051567692999999970e+00,4.240555576999999882e-02,-2.967250280000000018e-02
1.230460300000000076e-02,1.050297500999999967e+00,4.294629398000000126e-02,-2.902105986000000012e-02
1.254662900000000011e-02,1.049766476999999920e+00,4.324851103999999974e-02,-2.842374941000000085e-02
1.278865499999999947e-02,1.049023285999999944e+00,4.292852562999999871e-02,-2.782130816999999964e-02
1.303060200000000050e-02,1.049202374000000049e+00,4.192103013000000183e-02,-2.721395513999999918e-02
1.327239000000000023e-02,1.048072381000000108e+00,4.103734153000000023e-02,-2.671648583000000091e-02
1.351409800000000043e-02,1.047267517000000092e+00,3.982843766000000035e-02,-2.625164065999999879e-02
1.375564800000000053e-02,1.046431405000000092e+00,3.848602034000000310e-02,-2.604621403000000057e-02
1.399711900000000057e-02,1.046469979999999911e+00,3.682752091000000144e-02,-2.582394635000000160e-02
1.423843099999999931e-02,1.044998190000000049e+00,3.523959150000000040e-02,-2.580956481000000122e-02
1.447974399999999925e-02,1.044398139999999975e+00,3.370398337999999661e-02,-2.571053871000000129e-02
1.471964000000000085e-02,1.043728458999999997e+00,3.248296844000000266e-02,-2.581253635000000171e-02
1.495767100000000051e-02,1.043219216000000005e+00,3.103655023999999860e-02,-2.586639928000000060e-02
1.519409499999999948e-02,1.040640337999999998e+00,2.993930620999999889e-02,-2.594931548999999948e-02
1.542893300000000058e-02,1.039328049999999948e+00,2.873184172999999897e-02,-2.600237668000000141e-02
1.566235200000000091e-02,1.036969631000000058e+00,2.746656331000000076e-02,-2.607701731999999967e-02
1.589444400000000063e-02,1.034089277999999945e+00,2.620736509000000033e-02,-2.607544606000000015e-02
1.612544000000000130e-02,1.031321184999999918e+00,2.495643810999999962e-02,-2.609571926000000056e-02
1.635556700000000141e-02,1.028469526999999939e+00,2.381897792999999874e-02,-2.615262176000000133e-02
1.658504599999999912e-02,1.025499449000000007e+00,2.297300386000000055e-02,-2.610611969999999948e-02
1.681402300000000086e-02,1.022355214000000068e+00,2.224598149000000039e-02,-2.613944450999999836e-02
1.704271499999999995e-02,1.020031412000000026e+00,2.167489027000000026e-02,-2.612876940999999884e-02
1.727133600000000171e-02,1.017445661000000001e+00,2.140532772999999972e-02,-2.621105895000000116e-02
1.750024199999999919e-02,1.015657196000000040e+00,2.138365227999999840e-02,-2.625981751999999919e-02
1.772964999999999958e-02,1.014351489000000051e+00,2.173753381999999831e-02,-2.642367412000000068e-02
1.795985099999999890e-02,1.012444678999999903e+00,2.179665111999999974e-02,-2.646785075000000070e-02
1.819121599999999964e-02,1.008217890000000061e+00,2.191510464999999949e-02,-2.635207058000000116e-02
1.842405399999999874e-02,1.005102563999999976e+00,2.168672744000000110e-02,-2.624237826999999829e-02
1.865868399999999830e-02,1.001672112000000059e+00,2.150385443000000021e-02,-2.609564769999999853e-02
1.889528700000000019e-02,9.984600039000000038e-01,2.130511835999999992e-02,-2.603778614000000144e-02
1.913413200000000161e-02,9.956984584000000416e-01,2.103296192999999994e-02,-2.592768599000000104e-02
1.937360399999999913e-02,9.924892824000000058e-01,2.072416033999999879e-02,-2.588510789000000173e-02
1.961409899999999942e-02,9.897344975999999850e-01,2.037391988000000070e-02,-2.571062052000000139e-02
1.985586900000000168e-02,9.873757243999999877e-01,2.035504381000000085e-02,-2.563327464999999930e-02
2.009900699999999860e-02,9.851061008000000507e-01,2.044669534000000122e-02,-2.538929095000000066e-02
2.034361200000000050e-02,9.815979471000000345e-01,2.056013191000000129e-02,-2.507982963000000148e-02
2.058970200000000139e-02,9.799393141000000140e-01,2.081344175999999893e-02,-2.474735156999999935e-02
2.083746399999999999e-02,9.772600040000000154e-01,2.125202615999999961e-02,-2.439008432000000157e-02
2.108683500000000169e-02,9.750360908999999854e-01,2.134879601000000057e-02,-2.387691625999999873e-02
2.133801100000000048e-02,9.733561653000000202e-01,2.142886189000000122e-02,-2.344551300000000116e-02
2.159101899999999949e-02,9.721213806999999818e-01,2.148491094000000087e-02,-2.288198802000000059e-02
2.184588599999999839e-02,9.708864500999999647e-01,2.129655839000000120e-02,-2.235964371000000173e-02
2.210273000000000099e-02,9.705581514000000132e-01,2.122559846999999902e-02,-2.171639439999999838e-02
2.236158400000000032e-02,9.692819464999999912e-01,2.157410977999999965e-02,-2.098667141000000111e-02
2.262238600000000127e-02,9.688748719999999981e-01,2.155492380000000041e-02,-2.026483909000000028e-02
2.288526199999999997e-02,9.668810034000000497e-01,2.171005545000000148e-02,-1.953737494999999852e-02
2.315034200000000084e-02,9.658712038000000222e-01,2.189987577000000046e-02,-1.864471892000000089e-02
2.341746800000000031e-02,9.640564783999999721e-01,2.227701804999999979e-02,-1.780588769000000099e-02
2.368677199999999830e-02,9.633690333000000106e-01,2.216930635999999830e-02,-1.705202646000000127e-02
2.395819000000000074e-02,9.620951465000000535e-01,2.227314650000000035e-02,-1.639236745000000051e-02
2.423185799999999848e-02,9.612997850000000177e-01,2.229804575999999941e-02,-1.578126494999999851e-02
2.450760600000000122e-02,9.599935941999999667e-01,2.225502727999999902e-02,-1.531876648000000084e-02
2.478546599999999905e-02,9.580518488000000499e-01,2.189860232999999920e-02,-1.487461984000000050e-02
2.506396600000000002e-02,9.564291179999999670e-01,2.158821141999999957e-02,-1.451724895999999959e-02
2.534118800000000060e-02,9.554415050000000242e-01,2.128278923000000156e-02,-1.426444955999999972e-02
2.561693400000000093e-02,9.548311134000000422e-01,2.087590280999999937e-02,-1.410930200000000065e-02
2.589100999999999903e-02,9.544970635999999731e-01,2.035887003000000015e-02,-1.412335305000000062e-02
2.616333399999999990e-02,9.540292355999999696e-01,1.987718398999999830e-02,-1.417754480999999962e-02
2.643412900000000065e-02,9.528589977000000433e-01,1.934616496999999949e-02,-1.421599230999999984e-02
2.670351300000000164e-02,9.523047607000000303e-01,1.876956084999999858e-02,-1.432030733000000042e-02
2.697159999999999835e-02,9.517739665000000127e-01,1.815436268999999839e-02,-1.449618173000000003e-02
2.723849799999999988e-02,9.513115074000000337e-01,1.734205848999999938e-02,-1.482922872000000045e-02
2.750441500000000081e-02,9.502746576999999695e-01,1.651128866000000153e-02,-1.520249889999999993e-02
2.776955099999999996e-02,9.491451112000000023e-01,1.591003158999999834e-02,-1.546883827000000017e-02
2.803429799999999916e-02,9.475773078000000460e-01,1.538452312999999926e-02,-1.571176914999999896e-02
2.829904499999999837e-02,9.455537097999999752e-01,1.492741409999999956e-02,-1.595602729000000081e-02
2.856398699999999902e-02,9.435714819999999614e-01,1.446371788999999998e-02,-1.620891860000000032e-02
2.882951400000000053e-02,9.419045985999999759e-01,1.371944404000000062e-02,-1.645002908000000111e-02
2.909592299999999923e-02,9.399578583000000043e-01,1.315428232999999933e-02,-1.669204833000000054e-02
2.936332100000000125e-02,9.378291773000000386e-01,1.266533071999999954e-02,-1.690968597999999851e-02
2.963181399999999938e-02,9.355033749000000176e-01,1.228377483000000006e-02,-1.702101140000000096e-02
2.990161499999999944e-02,9.332133729999999572e-01,1.187362227999999922e-02,-1.715281759999999836e-02
3.017283899999999991e-02,9.304970913000000232e-01,1.157290193000000064e-02,-1.719978236999999965e-02
3.044560400000000111e-02,9.277025563999999891e-01,1.132507563000000050e-02,-1.724027831999999996e-02
3.072003300000000076e-02,9.255384371000000554e-01,1.102751203999999957e-02,-1.731203314999999951e-02
3.099625500000000033e-02,9.236233105000000165e-01,1.076877120999999993e-02,-1.731972664000000148e-02
3.127439900000000134e-02,9.215480341999999769e-01,1.059565183999999945e-02,-1.726584524999999828e-02
3.155471299999999812e-02,9.199721678000000180e-01,1.053223629000000008e-02,-1.717045756000000131e-02
3.183745400000000114e-02,9.181258305999999703e-01,1.061053456999999992e-02,-1.697846364000000011e-02
3.212255299999999814e-02,9.169555904999999729e-01,1.078542491000000075e-02,-1.670034593999999983e-02
3.241004900000000327e-02,9.160139868000000130e-01,1.107578711000000056e-02,-1.641517769999999848e-02
3.269986700000000052e-02,9.156161042999999555e-01,1.155242295000000023e-02,-1.607561526999999948e-02
3.299204599999999710e-02,9.146002066999999736e-01,1.246680233000000033e-02,-1.572764998000000108e-02
3.328662599999999971e-02,9.144266653999999495e-01,1.368394344000000047e-02,-1.535667393999999922e-02
3.358352500000000296e-02,9.139285769999999642e-01,1.518249894000000058e-02,-1.503570469999999937e-02
3.388265499999999764e-02,9.134969429999999502e-01,1.691079951999999859e-02,-1.450049504999999933e-02
3.418405100000000002e-02,9.135647742000000404e-01,1.872935263000000128e-02,-1.388660040000000082e-02
3.448749200000000154e-02,9.136121421999999770e-01,2.037265144000000028e-02,-1.332474594999999949e-02
3.479300500000000185e-02,9.136934178000000184e-01,2.189320868000000156e-02,-1.277436013000000058e-02
3.510048899999999861e-02,9.132433854999999490e-01,2.332069034999999929e-02,-1.234722880999999939e-02
3.540996899999999947e-02,9.132349892000000136e-01,2.461062678999999948e-02,-1.193696309999999969e-02
3.572133699999999884e-02,9.130356842000000306e-01,2.546700726000000053e-02,-1.165000518000000075e-02
3.603461699999999795e-02,9.128173754999999723e-01,2.586955466999999939e-02,-1.148808601000000061e-02
3.634983399999999754e-02,9.125497350000000285e-01,2.599658926999999856e-02,-1.145537150999999948e-02
3.666687099999999672e-02,9.124489043000000299e-01,2.578725391999999936e-02,-1.161043705999999925e-02
3.698589299999999885e-02,9.121288904000000031e-01,2.530248709999999984e-02,-1.194156669999999962e-02
3.730606100000000147e-02,9.115872616000000317e-01,2.449701988999999913e-02,-1.238831924999999994e-02
3.762651699999999821e-02,9.109461338000000019e-01,2.311411784000000011e-02,-1.298115440999999919e-02
3.794726100000000296e-02,9.102840907000000481e-01,2.133223013000000098e-02,-1.365964832000000038e-02
3.826829500000000078e-02,9.096485582000000125e-01,1.960147733999999947e-02,-1.425584073000000021e-02
3.858976399999999862e-02,9.086904786999999706e-01,1.789769152000000169e-02,-1.476584396999999944e-02
3.891152300000000341e-02,9.075094977000000007e-01,1.597593209999999958e-02,-1.516992380999999945e-02
3.923371999999999971e-02,9.062868414000000428e-01,1.416243149999999937e-02,-1.556567390000000023e-02
3.955635600000000085e-02,9.057687858999999841e-01,1.231409414999999966e-02,-1.581917516000000065e-02
3.987957799999999886e-02,9.048168412000000549e-01,1.054174172999999999e-02,-1.599448468000000054e-02
4.020339099999999805e-02,9.046139529000000179e-01,9.151439747000000846e-03,-1.596204703999999988e-02
4.052794299999999683e-02,9.039721507000000322e-01,7.531113899999999743e-03,-1.590916351999999839e-02
4.085323999999999900e-02,9.036155234999999619e-01,6.114578772000000238e-03,-1.578757635999999964e-02
4.117943400000000087e-02,9.030031455999999457e-01,4.801203470999999834e-03,-1.572937568000000105e-02
4.150653199999999876e-02,9.027210777999999936e-01,3.447357422999999896e-03,-1.563094003999999926e-02
4.183453799999999750e-02,9.024483429999999862e-01,2.267751090000000216e-03,-1.569785531999999886e-02
4.216330599999999762e-02,9.024461271999999479e-01,1.216244330999999984e-03,-1.571675528000000127e-02
4.249283899999999753e-02,9.023357880000000275e-01,5.824102764999999817e-04,-1.571066198999999941e-02
4.282314100000000207e-02,9.024644013999999492e-01,2.431217865999999917e-05,-1.567862055999999851e-02
4.315406100000000050e-02,9.029950701000000191e-01,-7.474390560000000446e-05,-1.567473555999999990e-02
4.348544700000000346e-02,9.033623355000000021e-01,4.463429159000000245e-05,-1.566064982000000064e-02
4.381714400000000231e-02,9.034654487000000067e-01,6.367637229999999725e-04,-1.563584387999999992e-02
4.414899700000000232e-02,9.038829260999999837e-01,1.564381248999999977e-03,-1.562203776999999960e-02
4.448069400000000118e-02,9.037474911999999749e-01,2.722411169999999856e-03,-1.558542021999999999e-02
4.481223499999999887e-02,9.042298120999999744e-01,4.387090833000000314e-03,-1.549111411000000070e-02
4.514346400000000120e-02,9.051336024999999674e-01,6.633985684000000098e-03,-1.540050347000000014e-02
4.547407299999999680e-02,9.059303093999999668e-01,9.255438133999999845e-03,-1.525642341999999992e-02
4.580406100000000008e-02,9.065155404000000416e-01,1.198903681999999998e-02,-1.519000969999999978e-02
4.613327899999999926e-02,9.079577698999999891e-01,1.471019456000000059e-02,-1.516580424999999961e-02
4.646157499999999801e-02,9.101088124999999751e-01,1.740838998999999845e-02,-1.517007337000000032e-02
4.678895400000000065e-02,9.117594422999999448e-01,2.025073812000000029e-02,-1.517112875999999944e-02
4.711527000000000076e-02,9.128675805999999504e-01,2.297279661999999945e-02,-1.528085461999999922e-02
4.744067999999999896e-02,9.134454199000000552e-01,2.546913408000000059e-02,-1.544912969999999962e-02
4.776518800000000009e-02,9.136849033999999703e-01,2.788403844000000159e-02,-1.568149476999999847e-02
4.808894699999999994e-02,9.134183136000000314e-01,3.005087232000000150e-02,-1.594030571000000160e-02
4.841196200000000283e-02,9.131189531000000192e-01,3.221851651999999705e-02,-1.629558273000000085e-02
4.873438299999999918e-02,9.128722515999999620e-01,3.401861575000000165e-02,-1.663349844999999910e-02
4.905650799999999867e-02,9.123607027000000258e-01,3.559131450999999946e-02,-1.698490274999999924e-02
4.937833700000000131e-02,9.120112141999999755e-01,3.682699695999999689e-02,-1.722195531999999932e-02
4.970001799999999859e-02,9.103995210999999976e-01,3.761901063999999878e-02,-1.739079337999999836e-02
5.002169900000000280e-02,9.093513737999999735e-01,3.795974458000000301e-02,-1.740440982999999844e-02
5.034367599999999693e-02,9.074307297999999466e-01,3.782660398999999896e-02,-1.737260066999999839e-02
5.066624699999999759e-02,9.061223672999999534e-01,3.724704854000000093e-02,-1.727424887999999895e-02
5.098956400000000111e-02,9.045960050000000363e-01,3.671734053000000331e-02,-1.721876615999999929e-02
5.131362999999999897e-02,9.033294478000000183e-01,3.578500082000000276e-02,-1.704221217999999857e-02
5.163875099999999663e-02,9.008640103999999704e-01,3.480889907999999699e-02,-1.680068012000000138e-02
5.196508799999999956e-02,8.986123206999999669e-01,3.379310306000000291e-02,-1.645100903000000156e-02
5.229265100000000249e-02,8.962920909999999575e-01,3.266759921000000205e-02,-1.606521575000000035e-02
5.262160300000000290e-02,8.939666158000000307e-01,3.153835871999999957e-02,-1.565367897999999855e-02
5.295227000000000267e-02,8.915028064000000141e-01,3.041937847000000111e-02,-1.528366557999999951e-02
5.328483099999999778e-02,8.888856819999999548e-01,2.928649371000000001e-02,-1.496137393000000065e-02
5.361946900000000293e-02,8.863259155999999583e-01,2.838223218000000131e-02,-1.467525782000000077e-02
5.395442799999999872e-02,8.844914758999999904e-01,2.757384805999999952e-02,-1.439879378999999945e-02
5.428938800000000092e-02,8.830304682999999821e-01,2.710243501999999929e-02,-1.415755722000000029e-02
5.462434699999999671e-02,8.812853726999999582e-01,2.671253109999999903e-02,-1.384341667000000067e-02
5.495946799999999743e-02,8.792542716000000258e-01,2.692382765999999997e-02,-1.355898629000000001e-02
5.529458899999999816e-02,8.774857251000000025e-01,2.729596893999999829e-02,-1.332648902999999940e-02
5.562970899999999941e-02,8.760480555999999863e-01,2.811458160000000067e-02,-1.310840639999999967e-02
5.596483000000000013e-02,8.741729006999999774e-01,2.908909405000000004e-02,-1.285949232999999969e-02
5.629995100000000086e-02,8.729972615000000102e-01,3.027858253000000055e-02,-1.260687601000000033e-02
5.663507200000000158e-02,8.717664487999999823e-01,3.160672439000000028e-02,-1.234216848000000040e-02
5.697019300000000230e-02,8.706005225999999819e-01,3.313670661999999767e-02,-1.209276515999999947e-02
5.730531299999999661e-02,8.694828615999999899e-01,3.446295469999999944e-02,-1.177893256000000013e-02
5.764043399999999734e-02,8.687398285999999858e-01,3.564917523000000338e-02,-1.147156774999999983e-02
5.797555499999999806e-02,8.679140585000000296e-01,3.667615778999999687e-02,-1.103096593999999993e-02
5.831083799999999678e-02,8.672059726999999940e-01,3.735332259000000155e-02,-1.063918957999999970e-02
5.864595899999999751e-02,8.671364174000000258e-01,3.731795350000000067e-02,-1.020550236000000027e-02
5.898124200000000317e-02,8.670075856000000192e-01,3.684809500999999821e-02,-9.830336049999999215e-03
5.931636299999999695e-02,8.672406325999999499e-01,3.588872979999999796e-02,-9.507135136999999778e-03
5.965164600000000261e-02,8.670173152000000272e-01,3.494847885999999987e-02,-9.128317170000000563e-03
5.998692900000000133e-02,8.672566970999999736e-01,3.378540255000000297e-02,-8.784892806000000123e-03
6.032221299999999953e-02,8.672736772000000371e-01,3.245963907999999815e-02,-8.496895473999999809e-03
6.065749599999999825e-02,8.671723820000000194e-01,3.109848525999999933e-02,-8.177937568999999601e-03
6.099277899999999697e-02,8.668885497999999634e-01,2.950797658999999851e-02,-7.883526259000000341e-03
6.132806300000000210e-02,8.667489134000000428e-01,2.791505223000000091e-02,-7.605326330999999905e-03
6.166334600000000082e-02,8.668698084000000526e-01,2.644848307000000065e-02,-7.297102336000000147e-03
6.199862899999999954e-02,8.674512020000000323e-01,2.502958350000000082e-02,-7.104695682000000158e-03
6.233391299999999774e-02,8.675383327000000255e-01,2.366271161999999872e-02,-6.936658319999999649e-03
6.266919599999999646e-02,8.674515929999999653e-01,2.231417910999999865e-02,-6.760614178000000016e-03
6.300447900000000212e-02,8.674391155999999770e-01,2.106602508999999915e-02,-6.629330406999999793e-03
6.333976299999999338e-02,8.674383010999999755e-01,2.001573561999999903e-02,-6.556264598999999790e-03
6.367504599999999904e-02,8.674376547000000048e-01,1.908468588000000049e-02,-6.517860406999999995e-03
6.401032900000000470e-02,8.670940314999999732e-01,1.817149314999999890e-02,-6.517075150999999608e-03
6.434577599999999342e-02,8.673559298999999889e-01,1.741747219000000166e-02,-6.640752677999999659e-03
6.468105999999999856e-02,8.672598468000000116e-01,1.661439631000000139e-02,-6.807850070999999989e-03
6.501650700000000116e-02,8.671899369000000135e-01,1.556426472000000012e-02,-7.153632671999999963e-03
6.535195400000000376e-02,8.663080537999999775e-01,1.448522118999999962e-02,-7.533086724000000178e-03
6.568740200000000584e-02,8.655616553999999629e-01,1.378872572000000053e-02,-7.865541164999999973e-03
6.602284899999999457e-02,8.645243464999999849e-01,1.323078595999999975e-02,-8.196374432999999765e-03
6.635829599999999717e-02,8.633823516999999947e-01,1.287298368000000005e-02,-8.523636077999999922e-03
6.669374399999999925e-02,8.623862069000000075e-01,1.253456197000000008e-02,-8.820870804000000009e-03
6.702919100000000185e-02,8.608147331000000069e-01,1.228096249999999917e-02,-9.095026121000000796e-03
6.736463900000000393e-02,8.590913397999999646e-01,1.204058174000000037e-02,-9.288114922999999440e-03
6.770008600000000654e-02,8.574419554000000110e-01,1.197259732000000021e-02,-9.506506987000000464e-03
6.803553299999999526e-02,8.555633485000000427e-01,1.199150375000000018e-02,-9.581923636000000064e-03
6.837098099999999734e-02,8.538108857999999746e-01,1.206169189000000017e-02,-9.627429833000000423e-03
6.870642799999999994e-02,8.527451382999999829e-01,1.209002841999999925e-02,-9.681607479999999877e-03
6.904204099999999844e-02,8.517808945999999493e-01,1.220804594999999951e-02,-9.718596914000000170e-03
6.937748800000000104e-02,8.512427379000000460e-01,1.240080040000000015e-02,-9.718998070000000114e-03
6.971310000000000007e-02,8.511894760999999532e-01,1.281728608999999942e-02,-9.777490551999999321e-03
7.004871299999999856e-02,8.512142364000000461e-01,1.326167448999999998e-02,-9.814696713999999239e-03
7.038432599999999706e-02,8.513902826999999451e-01,1.364144825999999942e-02,-9.819937835000000503e-03
7.071993899999999555e-02,8.517254158999999492e-01,1.415919996999999951e-02,-9.783576864999999137e-03
7.105555099999999458e-02,8.528389651000000127e-01,1.456807689000000003e-02,-9.816944855999999373e-03
7.139116399999999307e-02,8.541124582000000354e-01,1.505266880000000022e-02,-9.916850714999999802e-03
7.172677700000000545e-02,8.555706666000000293e-01,1.573159126000000033e-02,-9.940302620999999506e-03
7.206238900000000447e-02,8.566109999000000030e-01,1.652063250000000011e-02,-9.980278885000000780e-03
7.239800200000000296e-02,8.578124937000000116e-01,1.741153078000000007e-02,-9.890186189000000141e-03
7.273361500000000146e-02,8.586077603999999752e-01,1.795380971000000089e-02,-9.749383271999999268e-03
7.306922700000000048e-02,8.599655233999999870e-01,1.847173445999999997e-02,-9.608973995000000615e-03
7.340483999999999898e-02,8.610816721999999812e-01,1.904122449999999869e-02,-9.486771504999999896e-03
7.374045299999999747e-02,8.626066390000000084e-01,1.970374311999999878e-02,-9.317466062000000562e-03
7.407606499999999650e-02,8.639198325000000400e-01,2.024983031000000128e-02,-9.206099381999999914e-03
7.441167799999999499e-02,8.657651605999999722e-01,2.088721585000000158e-02,-9.085603645999999409e-03
7.474729099999999349e-02,8.672744186999999938e-01,2.129675204999999932e-02,-9.012382984000000610e-03
7.508307000000000175e-02,8.692957902000000292e-01,2.143458117000000135e-02,-8.952466229000000456e-03
7.541868300000000025e-02,8.707366906000000295e-01,2.156829489999999988e-02,-8.963290078999999744e-03
7.575446199999999464e-02,8.720821502000000169e-01,2.158122658000000138e-02,-9.020464062999999921e-03
7.609024200000000238e-02,8.734227614999999778e-01,2.141209197999999897e-02,-9.141005702000000455e-03
7.642602199999999624e-02,8.746754312000000198e-01,2.116632057000000094e-02,-9.409455474999999999e-03
7.676180100000000450e-02,8.761181966000000099e-01,2.095239517999999967e-02,-9.648806208000000259e-03
7.709758099999999836e-02,8.773362796000000463e-01,2.096961535000000168e-02,-9.956295388000000607e-03
7.743336100000000610e-02,8.787776575000000312e-01,2.074536591000000069e-02,-1.026581835000000067e-02
7.776914000000000049e-02,8.798742307000000373e-01,2.069924708000000016e-02,-1.057496190999999974e-02
7.810491999999999435e-02,8.805242760999999474e-01,2.050933183999999881e-02,-1.092008092999999930e-02
7.844070000000000209e-02,8.810002866999999682e-01,2.043404051999999846e-02,-1.124785929000000038e-02
7.877647899999999648e-02,8.816002513999999790e-01,2.040545025999999929e-02,-1.150061081000000075e-02
7.911225900000000422e-02,8.821922452999999553e-01,2.074834325999999965e-02,-1.167184570999999990e-02
7.944803899999999808e-02,8.821678425000000212e-01,2.115202690999999982e-02,-1.175322982000000065e-02
7.978381800000000634e-02,8.825209929999999758e-01,2.192860406999999970e-02,-1.177248675000000001e-02
8.011959800000000020e-02,8.824981884999999471e-01,2.262277074999999998e-02,-1.176007601999999944e-02
8.045537799999999407e-02,8.815289445999999751e-01,2.318339485000000047e-02,-1.157969881999999957e-02
8.079115700000000233e-02,8.804485011999999555e-01,2.357996550000000108e-02,-1.137730894000000062e-02
8.112693699999999619e-02,8.795358550999999858e-01,2.389399098000000166e-02,-1.110622393999999985e-02
8.146271700000000393e-02,8.784781726999999485e-01,2.415032693000000036e-02,-1.075548204999999917e-02
8.179849599999999832e-02,8.773459940000000179e-01,2.447562396999999890e-02,-1.038691067999999995e-02
8.213427600000000606e-02,8.762634642000000085e-01,2.486423281999999846e-02,-1.000867490999999936e-02
8.247005500000000044e-02,8.749470657000000262e-01,2.509281727000000142e-02,-9.588814367999999588e-03
8.280583499999999431e-02,8.731046922999999849e-01,2.519791936000000121e-02,-9.172575271000000738e-03
8.314178399999999636e-02,8.717168737999999584e-01,2.502275022000000071e-02,-8.883100669999999602e-03
8.347756300000000462e-02,8.705493783000000096e-01,2.461788655999999978e-02,-8.706032048000000509e-03
8.381334299999999848e-02,8.697113794999999925e-01,2.415392316000000011e-02,-8.565767437999999290e-03
8.414912300000000622e-02,8.685757275000000055e-01,2.345811452000000005e-02,-8.523816869000000462e-03
8.448507199999999440e-02,8.676987035000000015e-01,2.284747332999999964e-02,-8.531817590999999507e-03
8.482085100000000266e-02,8.668748126999999970e-01,2.207684513000000154e-02,-8.623660478999999393e-03
8.515662999999999705e-02,8.661939726999999811e-01,2.124227571000000120e-02,-8.752399729000000239e-03
8.549241000000000479e-02,8.655516832999999854e-01,2.039816289000000171e-02,-8.890030590000000399e-03
8.582835900000000684e-02,8.651925269000000362e-01,1.984291355000000062e-02,-9.101013889000000162e-03
8.616413900000000070e-02,8.652761602999999857e-01,1.945805130000000105e-02,-9.304706252000000122e-03
8.649991799999999509e-02,8.657034210999999813e-01,1.898711503000000134e-02,-9.566872121999999215e-03
8.683569700000000335e-02,8.671396584999999657e-01,1.854380158000000153e-02,-9.816613890000000855e-03
8.717164700000000488e-02,8.683269242000000165e-01,1.839568562999999851e-02,-1.008251305000000021e-02
8.750742599999999927e-02,8.690181509000000082e-01,1.831769741000000007e-02,-1.022943861000000058e-02
8.784337600000000079e-02,8.701094786999999942e-01,1.828650210999999831e-02,-1.042039017000000005e-02
8.817915499999999518e-02,8.713292490999999806e-01,1.808536800000000097e-02,-1.060204820000000027e-02
8.851510499999999670e-02,8.723851808000000485e-01,1.808579143999999861e-02,-1.076176036999999981e-02
8.885088400000000497e-02,8.729161798000000250e-01,1.829629657999999950e-02,-1.083373236000000073e-02
8.918683400000000649e-02,8.735851464999999649e-01,1.865132931999999993e-02,-1.088005537999999980e-02
8.952278299999999467e-02,8.745292829999999906e-01,1.896997338999999866e-02,-1.098141904000000078e-02
8.985873299999999619e-02,8.760310045000000434e-01,1.934623763999999968e-02,-1.112904110999999967e-02
9.019451200000000446e-02,8.776739309000000100e-01,1.999037967999999985e-02,-1.134061148000000026e-02
9.053046200000000598e-02,8.792116051999999682e-01,2.068700073999999930e-02,-1.156248516000000018e-02
9.086641199999999363e-02,8.805850093999999517e-01,2.142562781000000027e-02,-1.178533128999999929e-02
9.120236099999999568e-02,8.810677645000000169e-01,2.208423883999999920e-02,-1.188975830000000081e-02
9.153831099999999721e-02,8.813555730000000032e-01,2.307982240000000171e-02,-1.189512866000000044e-02
9.187426099999999873e-02,8.809305977000000398e-01,2.406921771000000015e-02,-1.179192360999999946e-02
9.221021100000000026e-02,8.801938500999999526e-01,2.499109092000000032e-02,-1.161601848000000034e-02
9.254616100000000178e-02,8.796199536000000041e-01,2.612626460000000081e-02,-1.140799825999999975e-02
9.288211100000000331e-02,8.786428151999999825e-01,2.716327123999999829e-02,-1.124293829999999973e-02
9.321806000000000536e-02,8.776090747000000469e-01,2.840090530000000113e-02,-1.113031681000000057e-02
9.355401000000000689e-02,8.768902684999999586e-01,2.966151965999999987e-02,-1.115720180000000054e-02
9.388995999999999453e-02,8.765138569000000546e-01,3.103551603000000159e-02,-1.124596505000000080e-02
9.422590999999999606e-02,8.762463955000000526e-01,3.236069252999999868e-02,-1.135775217999999975e-02
9.456185999999999758e-02,8.754063279999999558e-01,3.362672061000000073e-02,-1.141910804000000057e-02
9.489780999999999911e-02,8.745813901000000223e-01,3.458468282999999782e-02,-1.139927915000000028e-02
9.523376000000000063e-02,8.729772187000000017e-01,3.507969804999999663e-02,-1.136696340999999999e-02
9.556970900000000269e-02,8.713632224999999787e-01,3.491680803000000305e-02,-1.128675816999999935e-02
9.590565900000000421e-02,8.702661080000000382e-01,3.414191052999999976e-02,-1.132423056000000060e-02
9.624160900000000574e-02,8.697428440000000149e-01,3.304370589999999774e-02,-1.136960218999999959e-02
9.657755899999999338e-02,8.697047087000000509e-01,3.176569692999999667e-02,-1.150616229999999914e-02
9.691350899999999491e-02,8.701918828000000383e-01,3.043686871999999946e-02,-1.162224704000000032e-02
9.724945899999999643e-02,8.703539798999999633e-01,2.901884021000000063e-02,-1.167413521000000044e-02
9.758540799999999849e-02,8.706296645000000112e-01,2.745585312999999916e-02,-1.164639836000000081e-02
9.792135800000000001e-02,8.706605512999999741e-01,2.592277682000000000e-02,-1.157853510000000051e-02
9.825730800000000154e-02,8.711131882000000548e-01,2.456945954000000140e-02,-1.147408746000000077e-02
9.859325800000000306e-02,8.714699363000000254e-01,2.338258262000000171e-02,-1.132780633999999967e-02
9.892920800000000459e-02,8.721714243000000533e-01,2.253861558000000084e-02,-1.114363133000000061e-02
9.926515800000000611e-02,8.725017245999999727e-01,2.189813994999999930e-02,-1.089364056999999990e-02
9.960110699999999428e-02,8.726529963000000389e-01,2.154960826999999940e-02,-1.060449500999999933e-02
9.993705699999999581e-02,8.732022948000000007e-01,2.135152493000000082e-02,-1.028974587999999940e-02
1.002730099999999958e-01,8.740052058999999707e-01,2.130762883000000135e-02,-1.003160942000000042e-02
1.006089599999999973e-01,8.746597605000000497e-01,2.110017951000000072e-02,-9.724512354999999275e-03
1.009449099999999988e-01,8.750244631000000384e-01,2.085975027999999870e-02,-9.432184696000000396e-03
1.012808600000000003e-01,8.751678431999999619e-01,2.092697305999999952e-02,-9.145863704999999955e-03
1.016168100000000019e-01,8.748526049000000526e-01,2.121202201000000134e-02,-8.925993494999999445e-03
1.019527600000000034e-01,8.743012714000000241e-01,2.150606918000000020e-02,-8.763360500999999719e-03
1.022887100000000049e-01,8.728928477999999824e-01,2.205705197999999895e-02,-8.586077680000000004e-03
1.026246600000000064e-01,8.712964093999999715e-01,2.248219019999999832e-02,-8.466167016000000073e-03
1.029606099999999941e-01,8.697364387999999558e-01,2.304983890000000119e-02,-8.421345857999999393e-03
1.032965599999999956e-01,8.690296919000000120e-01,2.361304080999999944e-02,-8.523213522999999181e-03
1.036323299999999947e-01,8.685308523000000447e-01,2.423057354999999871e-02,-8.734928575000000181e-03
1.039682799999999963e-01,8.679155983999999879e-01,2.472699886999999916e-02,-8.993317990999999748e-03
1.043042299999999978e-01,8.672222482000000454e-01,2.508960099999999957e-02,-9.250272803000000182e-03
1.046401799999999993e-01,8.660971872999999599e-01,2.522577067999999881e-02,-9.483283611999999627e-03
1.049759599999999932e-01,8.653569531999999453e-01,2.518724442999999841e-02,-9.659918319000000003e-03
1.053117300000000062e-01,8.646519085999999632e-01,2.488115551999999994e-02,-9.857524557999999826e-03
1.056475100000000000e-01,8.640733612000000008e-01,2.441617613999999895e-02,-9.932080712000000006e-03
1.059834600000000016e-01,8.632281384000000113e-01,2.371092954999999905e-02,-1.002218845999999948e-02
1.063192300000000007e-01,8.631260846999999625e-01,2.261261284000000080e-02,-1.010110342999999931e-02
1.066550099999999945e-01,8.624319335000000253e-01,2.134681227999999861e-02,-1.016526885000000081e-02
1.069907799999999937e-01,8.629043518000000246e-01,1.988729166000000048e-02,-1.023453120999999987e-02
1.073265600000000014e-01,8.633581205999999453e-01,1.813564036000000004e-02,-1.030269070000000044e-02
1.076623300000000005e-01,8.645771327000000284e-01,1.611484734999999932e-02,-1.041689032000000029e-02
1.079981099999999944e-01,8.657562297999999990e-01,1.409164689999999921e-02,-1.059621021000000003e-02
1.083338799999999935e-01,8.669628350000000427e-01,1.224496262999999995e-02,-1.068767558999999916e-02
1.086696600000000013e-01,8.681900159000000006e-01,1.039843652000000014e-02,-1.075742306999999919e-02
1.090054300000000004e-01,8.689729482000000393e-01,8.739920025000000314e-03,-1.078680832000000062e-02
1.093412099999999942e-01,8.696644293999999942e-01,7.256892436999999585e-03,-1.083455185999999959e-02
1.096769799999999934e-01,8.704383708999999802e-01,6.049629100000000412e-03,-1.088439830000000053e-02
1.100127600000000011e-01,8.717055293000000038e-01,4.964753272000000349e-03,-1.089855462000000053e-02
1.103485300000000002e-01,8.726941611999999848e-01,4.239328183999999805e-03,-1.087781588999999979e-02
1.106843099999999941e-01,8.736096338000000072e-01,3.931320171999999613e-03,-1.083237727999999955e-02
1.110200799999999932e-01,8.743605057000000125e-01,4.091363447999999715e-03,-1.077303129000000033e-02
1.113558600000000010e-01,8.754629468000000303e-01,4.875471961000000208e-03,-1.071779479999999951e-02
1.116916300000000001e-01,8.759954480999999626e-01,5.959722714000000379e-03,-1.064716475999999933e-02
1.120274099999999939e-01,8.762866551000000337e-01,7.460757892999999620e-03,-1.055498310000000002e-02
1.123631799999999931e-01,8.763307739000000263e-01,9.527459929000000466e-03,-1.044429862000000042e-02
1.126989600000000008e-01,8.759397670999999885e-01,1.159015669000000061e-02,-1.029655062000000079e-02
1.130347299999999999e-01,8.757215475999999832e-01,1.387561464999999966e-02,-1.019213924000000014e-02
1.133705099999999938e-01,8.756123081000000141e-01,1.602240922999999956e-02,-1.010011098000000024e-02
1.137062800000000068e-01,8.756646121000000171e-01,1.803465681000000070e-02,-1.010450771999999928e-02
1.140420600000000007e-01,8.753290263999999876e-01,2.002243790999999953e-02,-1.013200681999999915e-02
1.143778299999999998e-01,8.746440235000000341e-01,2.184408862000000034e-02,-1.016394340000000007e-02
1.147136099999999936e-01,8.737713724000000237e-01,2.372285941999999898e-02,-1.015534704999999926e-02
1.150493800000000066e-01,8.732204040000000056e-01,2.531596606000000027e-02,-1.011256775000000073e-02
1.153851600000000005e-01,8.719911635000000549e-01,2.666162918000000021e-02,-1.001456038999999978e-02
1.157207600000000058e-01,8.711515803999999585e-01,2.748656341000000128e-02,-9.937795238999999614e-03
1.160565300000000050e-01,8.695805438999999470e-01,2.801776681000000060e-02,-9.858194682999999250e-03
1.163923099999999988e-01,8.685996952000000215e-01,2.816704813000000043e-02,-9.697525162999999157e-03
1.167280799999999980e-01,8.670271295000000489e-01,2.815303677000000060e-02,-9.463609506000000143e-03
1.170636800000000033e-01,8.656907068000000427e-01,2.805010496999999978e-02,-9.139083274000000742e-03
1.173992799999999948e-01,8.638516391999999655e-01,2.784875482999999916e-02,-8.750852607000000546e-03
1.177348700000000054e-01,8.626945217000000499e-01,2.762948516000000160e-02,-8.305193048999999147e-03
1.180706499999999992e-01,8.606936306000000370e-01,2.704531551000000089e-02,-7.855803378999999531e-03
1.184062399999999959e-01,8.585413323999999680e-01,2.634838330000000006e-02,-7.365026281000000390e-03
1.187418400000000013e-01,8.563238999000000184e-01,2.543241699000000147e-02,-6.906576765999999749e-03
1.190774400000000066e-01,8.550322616000000098e-01,2.441230583000000148e-02,-6.522320877999999815e-03
1.194130399999999981e-01,8.543529363999999848e-01,2.353635769999999974e-02,-6.224770364000000410e-03
1.197486299999999948e-01,8.536517141999999669e-01,2.251401554999999874e-02,-6.046796458999999582e-03
1.200842300000000001e-01,8.531693664999999704e-01,2.128913220999999883e-02,-6.002867541000000279e-03
1.204198300000000055e-01,8.531728426000000365e-01,2.012693408999999961e-02,-6.062493286999999682e-03
1.207554200000000022e-01,8.535545618000000001e-01,1.925141086999999918e-02,-6.163698583999999842e-03
1.210910199999999937e-01,8.546336135000000001e-01,1.834006637999999884e-02,-6.484578353999999843e-03
1.214266199999999990e-01,8.559803689999999632e-01,1.793170008999999884e-02,-6.930478850000000406e-03
1.217622200000000043e-01,8.566639665999999931e-01,1.771312422000000109e-02,-7.381898769000000415e-03
1.220978100000000011e-01,8.577132284999999801e-01,1.743382975000000099e-02,-7.892538503000000316e-03
1.224334100000000064e-01,8.586765088000000157e-01,1.713367110000000096e-02,-8.461154505000000395e-03
1.227690099999999979e-01,8.596706148999999630e-01,1.702411029999999909e-02,-9.003083795000000125e-03
1.231045999999999946e-01,8.602815937000000135e-01,1.711328808000000049e-02,-9.534926335000000822e-03
1.234401999999999999e-01,8.615046774000000296e-01,1.740062757000000043e-02,-1.002939075999999957e-02
1.237758000000000053e-01,8.623114633999999779e-01,1.763434364999999851e-02,-1.053922409000000032e-02
1.241113999999999967e-01,8.631789855999999483e-01,1.793653484000000062e-02,-1.101250670999999980e-02
1.244469899999999934e-01,8.637020350999999874e-01,1.814550365999999942e-02,-1.136176482000000008e-02
1.247825899999999988e-01,8.643043347000000098e-01,1.831097031000000069e-02,-1.162427400000000041e-02
1.251181899999999902e-01,8.643647012999999824e-01,1.814528530000000112e-02,-1.187522662999999923e-02
1.254537799999999870e-01,8.643427116999999882e-01,1.770422371999999869e-02,-1.214547451000000042e-02
1.257893800000000062e-01,8.651742848000000263e-01,1.723619296000000051e-02,-1.238476879999999940e-02
1.261249799999999976e-01,8.655680903000000370e-01,1.682026173000000097e-02,-1.258631215999999990e-02
1.264605799999999891e-01,8.664198601000000499e-01,1.638306256999999891e-02,-1.275442243000000052e-02
1.267961700000000136e-01,8.665329073999999965e-01,1.596296930999999836e-02,-1.287939144000000043e-02
1.271315899999999888e-01,8.664216355999999619e-01,1.557467249000000012e-02,-1.287540285999999937e-02
1.274671900000000080e-01,8.658943823000000428e-01,1.541697562999999951e-02,-1.279974709999999981e-02
1.278025999999999884e-01,8.655163324000000324e-01,1.527768174999999916e-02,-1.267577681000000081e-02
1.281382000000000077e-01,8.650054619999999472e-01,1.530240606999999989e-02,-1.248141957000000087e-02
1.284736200000000106e-01,8.644081467999999990e-01,1.554522938999999999e-02,-1.216221410000000065e-02
1.288090299999999910e-01,8.642456812000000044e-01,1.590749526000000136e-02,-1.180415301000000035e-02
1.291444499999999940e-01,8.640237373000000387e-01,1.586598160999999965e-02,-1.141469112999999973e-02
1.294798699999999969e-01,8.635987617000000505e-01,1.583116353999999837e-02,-1.098399889000000081e-02
1.298152800000000051e-01,8.634844073999999869e-01,1.573402942000000013e-02,-1.056282910999999970e-02
1.301507000000000080e-01,8.636913514999999819e-01,1.557678202999999983e-02,-1.019022690000000002e-02
1.304861099999999885e-01,8.633095442999999536e-01,1.547266953999999924e-02,-9.815120126999999153e-03
1.308215299999999914e-01,8.621892891000000336e-01,1.533773488999999948e-02,-9.450326337999999729e-03
1.311569499999999944e-01,8.611319334000000492e-01,1.543168011999999922e-02,-9.101337782000000487e-03
1.314923600000000026e-01,8.596510743999999926e-01,1.567795305999999944e-02,-8.746248272000000518e-03
1.318277800000000055e-01,8.586013126000000550e-01,1.599674011999999840e-02,-8.532682817000000405e-03
1.321632000000000084e-01,8.574549638999999779e-01,1.676097363999999937e-02,-8.355415225999999682e-03
1.324986099999999889e-01,8.561943819999999761e-01,1.740061306000000030e-02,-8.278087381000000591e-03
1.328340299999999918e-01,8.554866269999999995e-01,1.805745037999999941e-02,-8.212330319000000350e-03
1.331694400000000000e-01,8.552444297000000306e-01,1.872860382999999920e-02,-8.193993062999999424e-03
1.335048600000000030e-01,8.558359235000000398e-01,1.928337067000000099e-02,-8.270547495999999374e-03
1.338402800000000059e-01,8.567156490999999763e-01,1.969141233000000143e-02,-8.419317899000000258e-03
1.341756899999999864e-01,8.579345812999999987e-01,2.022976652999999847e-02,-8.550602759999999594e-03
1.345111099999999893e-01,8.595561815000000161e-01,2.087353692000000135e-02,-8.715636428999999283e-03
1.348465299999999922e-01,8.609037833999999556e-01,2.168052536000000113e-02,-8.867567340000000187e-03
1.351819400000000004e-01,8.624386360000000362e-01,2.220825090000000043e-02,-8.960849295000000020e-03
1.355173600000000034e-01,8.638014954999999606e-01,2.262167023000000166e-02,-9.076209554000000401e-03
1.358527700000000116e-01,8.652734672999999876e-01,2.280133327999999890e-02,-9.126442856000000284e-03
1.361881899999999868e-01,8.663466907000000328e-01,2.295886832999999988e-02,-9.166713269999999733e-03
1.365236099999999897e-01,8.678491676999999793e-01,2.300696458000000069e-02,-9.165552735999999215e-03
1.368590199999999979e-01,8.686172273000000166e-01,2.299561739000000049e-02,-9.077696745999999303e-03
1.371944400000000008e-01,8.692695642000000111e-01,2.280608991000000058e-02,-8.911596312999999978e-03
1.375298600000000038e-01,8.689741874999999949e-01,2.263650084000000048e-02,-8.684859292000000203e-03
1.378652700000000120e-01,8.685370372999999811e-01,2.244885279000000122e-02,-8.402238298000000785e-03
1.382006899999999872e-01,8.668936522000000311e-01,2.219099286000000143e-02,-8.040760975000000102e-03
1.385359200000000068e-01,8.651458936000000488e-01,2.161035911999999864e-02,-7.738149576999999585e-03
1.388713400000000098e-01,8.633110251000000179e-01,2.082070968000000050e-02,-7.465751094000000129e-03
1.392065700000000017e-01,8.615736124999999745e-01,1.994741931999999968e-02,-7.227071279000000029e-03
1.395419900000000046e-01,8.599582315999999560e-01,1.886322640999999953e-02,-7.042350535000000203e-03
1.398772199999999966e-01,8.585618240000000290e-01,1.765282511999999998e-02,-6.946191531000000044e-03
1.402124499999999885e-01,8.568877368999999744e-01,1.650108745000000016e-02,-6.865822013000000106e-03
1.405476800000000082e-01,8.553978974999999485e-01,1.507702602000000024e-02,-6.894602566000000016e-03
1.408829199999999948e-01,8.542033078999999862e-01,1.345168182000000025e-02,-7.014996372000000154e-03
1.412181499999999867e-01,8.528140226999999518e-01,1.198699232999999968e-02,-7.171461193000000164e-03
1.415533800000000064e-01,8.520409731000000431e-01,1.068701571999999995e-02,-7.312221976999999824e-03
1.418886099999999983e-01,8.515477171999999983e-01,9.534072040999999609e-03,-7.537449051000000115e-03
1.422238399999999903e-01,8.516705986999999478e-01,8.441746937000000131e-03,-7.779031890999999962e-03
1.425590800000000047e-01,8.522441469000000547e-01,7.479038016000000288e-03,-8.148759436000000203e-03
1.428943099999999966e-01,8.533697650999999551e-01,6.921797559000000301e-03,-8.469299556000000825e-03
1.432295399999999885e-01,8.544178995000000221e-01,6.548727994999999774e-03,-8.821312794000000720e-03
1.435647700000000082e-01,8.559878842000000487e-01,6.335776855999999610e-03,-9.087127752999999558e-03
1.439000099999999949e-01,8.574877109999999858e-01,6.322698185999999984e-03,-9.367722966000000678e-03
1.442352399999999868e-01,8.589769798999999928e-01,6.323907378000000364e-03,-9.540571496999999609e-03
1.445704700000000065e-01,8.599160237999999845e-01,6.345487908999999753e-03,-9.735070627999999407e-03
1.449056999999999984e-01,8.620873250999999682e-01,6.110407063999999736e-03,-9.943795434999999627e-03
1.452409400000000128e-01,8.631496292000000459e-01,6.072552711999999915e-03,-1.018740180999999981e-02
1.455761700000000047e-01,8.643154403999999680e-01,5.872323512000000162e-03,-1.031608277000000025e-02
1.459113999999999967e-01,8.644855785999999709e-01,5.279949538999999942e-03,-1.043520937000000023e-02
1.462466299999999886e-01,8.653947399000000429e-01,4.309256188000000140e-03,-1.051926654999999974e-02
1.465816799999999920e-01,8.651474050999999887e-01,3.083281729999999901e-03,-1.062057312000000073e-02
1.469167200000000006e-01,8.659997793000000499e-01,1.941624070000000021e-03,-1.065784791999999960e-02
1.472517700000000040e-01,8.663609158999999726e-01,9.343600563999999780e-04,-1.066178383000000035e-02
1.475868200000000074e-01,8.665052248000000290e-01,1.439862701000000104e-04,-1.050792107999999961e-02
1.479218599999999884e-01,8.660238604000000118e-01,-5.903639935000000406e-04,-1.030163471999999934e-02
1.482569099999999918e-01,8.662724751999999473e-01,-1.186242449000000053e-03,-1.002982003000000080e-02
1.485919599999999952e-01,8.660856848000000330e-01,-1.664560922000000043e-03,-9.785243645000000351e-03
1.489270000000000038e-01,8.658367337000000274e-01,-2.019705974000000123e-03,-9.418714748000000386e-03
1.492620500000000072e-01,8.653302837999999886e-01,-2.007190558000000215e-03,-9.085123784000000841e-03
1.495971000000000106e-01,8.648169020999999512e-01,-1.817859191999999895e-03,-8.663725166000000796e-03
1.499321399999999915e-01,8.644477282000000429e-01,-1.467720156000000076e-03,-8.310622514000000696e-03
1.502671899999999949e-01,8.643515214000000446e-01,-9.011026510999999581e-04,-7.953974456000000720e-03
1.506022300000000036e-01,8.640657820999999572e-01,-2.222594222999999967e-04,-7.662106969999999719e-03
1.509372800000000070e-01,8.640206447999999595e-01,4.856932358000000090e-04,-7.414872886000000232e-03
1.512723300000000104e-01,8.633126188999999950e-01,8.754981398999999494e-04,-7.283740587000000176e-03
1.516073699999999913e-01,8.625267988000000496e-01,1.462431748999999974e-03,-7.127081684999999819e-03
1.519422300000000114e-01,8.614553482000000262e-01,2.084565257999999865e-03,-7.089132631000000240e-03
1.522770900000000038e-01,8.601837151000000237e-01,2.740397228999999837e-03,-7.033199827999999688e-03
1.526119499999999962e-01,8.587142961999999491e-01,3.229798839999999983e-03,-6.986719661999999699e-03
1.529468099999999886e-01,8.582169451000000171e-01,3.743716866999999802e-03,-6.978787660999999712e-03
1.532816700000000087e-01,8.581998162999999735e-01,4.237805925000000078e-03,-7.025665779999999867e-03
1.536165300000000011e-01,8.582044540000000055e-01,4.612925674000000267e-03,-7.039659844999999853e-03
1.539513799999999988e-01,8.587187151999999823e-01,4.979009829000000109e-03,-7.099598478999999754e-03
1.542862399999999912e-01,8.587627476000000426e-01,5.390374762999999847e-03,-7.149557846999999612e-03
1.546211000000000113e-01,8.585771260000000238e-01,5.978652745999999719e-03,-7.152970340000000191e-03
1.549559600000000037e-01,8.584738695000000419e-01,6.253127439999999794e-03,-7.190627415000000293e-03
1.552908199999999961e-01,8.584146547000000016e-01,6.568445184000000145e-03,-7.222404023000000318e-03
1.556256799999999885e-01,8.591682270999999593e-01,6.651558551000000090e-03,-7.248590291999999768e-03
1.559605400000000086e-01,8.598460718999999530e-01,6.593481360999999853e-03,-7.327312675999999789e-03
1.562954000000000010e-01,8.604878344999999928e-01,6.305987820999999632e-03,-7.277888637000000209e-03
1.566302499999999986e-01,8.606870033000000308e-01,5.887044535000000162e-03,-7.266674465999999749e-03
1.569651099999999910e-01,8.606880050999999865e-01,5.394313472999999817e-03,-7.247663102999999697e-03
1.572999700000000112e-01,8.606166686999999760e-01,5.001557446999999740e-03,-7.272736783000000038e-03
1.576348300000000036e-01,8.605064506999999807e-01,4.654590483999999917e-03,-7.235716373999999916e-03
1.579696899999999959e-01,8.605674765999999920e-01,4.192469620999999570e-03,-7.170419624999999596e-03
1.583045499999999883e-01,8.606874858999999933e-01,3.369731198000000018e-03,-7.117244315000000043e-03
1.586392199999999975e-01,8.602855336000000408e-01,2.572678608999999852e-03,-7.033536160999999745e-03
1.589738900000000066e-01,8.601917675000000374e-01,1.621103511999999946e-03,-6.939169087000000326e-03
1.593085599999999880e-01,8.602125203999999581e-01,8.090188609000000496e-04,-6.828740897000000129e-03
1.596432299999999971e-01,8.605126242999999731e-01,5.685502560999999811e-05,-6.739549761999999618e-03
1.599778900000000115e-01,8.601599631999999884e-01,-5.651869079000000455e-04,-6.621076414999999687e-03
1.603125599999999928e-01,8.602624474000000188e-01,-1.125173036000000001e-03,-6.496734239000000015e-03
1.606472300000000020e-01,8.595322278999999455e-01,-1.422781641999999952e-03,-6.314652044000000283e-03
1.609819000000000111e-01,8.593277966000000267e-01,-1.493282440000000049e-03,-6.119385215999999759e-03
1.613165699999999925e-01,8.579167929000000026e-01,-1.207381968000000028e-03,-5.922955268999999939e-03
1.616512400000000016e-01,8.570533787999999875e-01,-6.671936820000000466e-04,-5.727521380999999953e-03
1.619859100000000107e-01,8.557620925000000156e-01,5.626315449999999915e-05,-5.621786880999999660e-03
1.623205799999999921e-01,8.557223240000000342e-01,7.577766373000000347e-04,-5.522990121000000141e-03
1.626552500000000012e-01,8.553992070999999475e-01,1.578661232000000024e-03,-5.542593783999999642e-03
1.629899200000000103e-01,8.558328315000000019e-01,2.169983250000000197e-03,-5.517014255999999617e-03
1.633245899999999917e-01,8.555745664999999667e-01,2.556092449000000200e-03,-5.640837010000000068e-03
1.636592600000000008e-01,8.560609322000000132e-01,2.948539669999999946e-03,-5.785452116999999922e-03
1.639937399999999990e-01,8.558737403999999716e-01,3.442796143000000000e-03,-5.987139931999999574e-03
1.643284100000000081e-01,8.561244745999999628e-01,3.540473093000000206e-03,-6.139021970999999737e-03
1.646628800000000115e-01,8.562720484000000409e-01,3.739273072000000135e-03,-6.294162392999999578e-03
1.649975499999999928e-01,8.566378705999999621e-01,3.831394950999999788e-03,-6.367181343000000333e-03
1.653320299999999909e-01,8.563256368999999646e-01,3.631943755999999905e-03,-6.509307669000000129e-03
1.656665099999999891e-01,8.565999255999999784e-01,3.225838593000000202e-03,-6.621540446000000364e-03
1.660009899999999872e-01,8.566215602000000207e-01,2.638666568999999910e-03,-6.781128170000000170e-03
1.663354700000000130e-01,8.569078541000000326e-01,1.885571909999999999e-03,-6.848912096999999581e-03
1.666699500000000111e-01,8.566497211000000389e-01,1.188033066999999963e-03,-6.858996556000000397e-03
1.670044199999999868e-01,8.568922814999999638e-01,4.780013426999999760e-04,-6.788764448999999590e-03
1.673389000000000126e-01,8.567170688999999895e-01,-1.491174584999999998e-04,-6.721479617000000392e-03
1.676733800000000107e-01,8.573188580999999697e-01,-7.076343366999999747e-04,-6.665330879000000083e-03
1.680078600000000089e-01,8.574513550000000262e-01,-1.154462784000000099e-03,-6.518422664000000227e-03
1.683423400000000070e-01,8.579369249999999614e-01,-1.634479187000000000e-03,-6.233042702000000067e-03
1.686768100000000103e-01,8.580880629999999565e-01,-1.883915960999999958e-03,-5.956167047000000304e-03
1.690112900000000085e-01,8.591306121999999768e-01,-1.897265079000000094e-03,-5.752417018000000049e-03
1.693457700000000066e-01,8.598642697999999696e-01,-1.788760941000000059e-03,-5.627091152000000124e-03
1.696802500000000047e-01,8.609638206999999932e-01,-1.651108432000000098e-03,-5.607943980999999765e-03
1.700147300000000028e-01,8.610575899000000311e-01,-1.509997114000000097e-03,-5.549163143000000048e-03
1.703492100000000009e-01,8.609085560000000470e-01,-1.255321861000000027e-03,-5.486014915999999804e-03
1.706834899999999933e-01,8.599649581999999626e-01,-1.226473242999999956e-03,-5.513860447999999713e-03
1.710177800000000081e-01,8.592028683000000333e-01,-9.944043214999999641e-04,-5.618514354999999683e-03
1.713520600000000005e-01,8.580748523000000239e-01,-9.506253380000000315e-04,-5.800093638999999704e-03
1.716863499999999876e-01,8.563825226000000290e-01,-1.146540844000000026e-03,-5.921892017000000147e-03
1.720206300000000077e-01,8.546016193000000039e-01,-1.878027091000000065e-03,-5.974081378999999796e-03
1.723549199999999948e-01,8.523412686000000349e-01,-2.664253562000000030e-03,-6.004049531999999627e-03
1.726891999999999872e-01,8.502228743999999949e-01,-3.602853006000000021e-03,-6.016986591999999578e-03
1.730234900000000020e-01,8.478786887000000494e-01,-4.623146730000000405e-03,-6.034747584000000296e-03
1.733577699999999944e-01,8.463047208999999738e-01,-5.386640829999999984e-03,-6.023561598999999968e-03
1.736920600000000092e-01,8.447138865000000107e-01,-5.969826872000000111e-03,-5.993404477999999744e-03
1.740263400000000016e-01,8.438172418999999591e-01,-6.617712926999999752e-03,-5.868287673999999718e-03
1.743606299999999887e-01,8.431782514000000228e-01,-7.250619816999999585e-03,-5.665568176000000331e-03
1.746949200000000035e-01,8.430402015000000304e-01,-8.025343242999999349e-03,-5.449906134000000353e-03
1.750291999999999959e-01,8.434419950999999527e-01,-8.514149195999999586e-03,-5.236121826000000000e-03
1.753632900000000050e-01,8.435531322000000554e-01,-8.552746935999999689e-03,-4.944413897000000252e-03
1.756975799999999921e-01,8.440256095999999486e-01,-8.669791867999999610e-03,-4.601859195000000333e-03
1.760316700000000012e-01,8.453710660000000043e-01,-8.735218721000000477e-03,-4.396112538000000215e-03
1.763657600000000103e-01,8.467519980000000057e-01,-8.853267687000000025e-03,-4.117079796000000340e-03
1.766998499999999916e-01,8.479815177999999731e-01,-9.087660687999999862e-03,-3.842818715000000194e-03
1.770339400000000007e-01,8.497852716999999556e-01,-9.508956259999999661e-03,-3.568355337000000006e-03
1.773680300000000098e-01,8.511928279999999569e-01,-1.024111831000000007e-02,-3.380078725000000041e-03
1.777021199999999912e-01,8.530615729999999619e-01,-1.083141359999999914e-02,-3.286351370000000112e-03
1.780362100000000003e-01,8.540812399999999638e-01,-1.130993475999999935e-02,-3.184630880999999875e-03
1.783703100000000041e-01,8.553961996000000179e-01,-1.203313525000000023e-02,-3.053668341000000206e-03
1.787044000000000132e-01,8.566294267999999823e-01,-1.268298822000000006e-02,-2.988151788999999971e-03
1.790384899999999946e-01,8.586797282000000475e-01,-1.333950876999999945e-02,-2.934900146000000119e-03
1.793723799999999979e-01,8.601810510999999826e-01,-1.377551842000000054e-02,-2.851933639000000121e-03
1.797064700000000070e-01,8.617063835999999588e-01,-1.401111799000000040e-02,-2.800091159000000010e-03
1.800403700000000051e-01,8.623963295000000029e-01,-1.400531942999999960e-02,-2.652954314999999945e-03
1.803742600000000085e-01,8.634824532999999525e-01,-1.394578357999999921e-02,-2.503831267999999995e-03
1.807081600000000066e-01,8.636129633000000361e-01,-1.377430173000000063e-02,-2.358069828000000125e-03
1.810420600000000046e-01,8.638459573000000224e-01,-1.359119584999999956e-02,-2.201059044999999822e-03
1.813759500000000080e-01,8.637208239000000454e-01,-1.324593781000000040e-02,-2.074734583999999788e-03
1.817098500000000061e-01,8.632849806000000292e-01,-1.286472863999999980e-02,-1.983925401999999793e-03
1.820437400000000094e-01,8.625859769999999482e-01,-1.271129688999999945e-02,-1.963523202000000065e-03
1.823776400000000075e-01,8.611736546999999575e-01,-1.242503068999999995e-02,-2.010585634000000132e-03
1.827115300000000109e-01,8.598566525999999932e-01,-1.202380953000000037e-02,-2.065452821999999924e-03
1.830454300000000090e-01,8.583045860000000360e-01,-1.174179864999999948e-02,-2.189875591999999784e-03
1.833791300000000013e-01,8.569069437999999872e-01,-1.216784760999999916e-02,-2.400567952999999814e-03
1.837130200000000047e-01,8.554585430000000157e-01,-1.280206279000000065e-02,-2.720680566999999963e-03
1.840467199999999970e-01,8.543446784999999544e-01,-1.327183472999999940e-02,-3.114194773000000197e-03
1.843804199999999893e-01,8.532092154999999511e-01,-1.361696048999999978e-02,-3.537495647999999888e-03
1.847141200000000094e-01,8.529307474999999750e-01,-1.409544312000000042e-02,-3.981707723999999837e-03
1.850478200000000017e-01,8.519744747999999923e-01,-1.445123727000000025e-02,-4.322247861000000010e-03
1.853815199999999941e-01,8.505288321999999734e-01,-1.514369771999999996e-02,-4.590670742000000325e-03
1.857152199999999864e-01,8.495012870000000493e-01,-1.583037395000000055e-02,-4.827449283000000320e-03
1.860489200000000065e-01,8.487000084000000388e-01,-1.668045743000000011e-02,-5.068647235999999834e-03
1.863826100000000041e-01,8.487145565999999475e-01,-1.750704830000000128e-02,-5.255646156999999909e-03
1.867163099999999964e-01,8.488023781000000323e-01,-1.833311484999999852e-02,-5.358084057999999705e-03
1.870500099999999888e-01,8.490837247000000421e-01,-1.898864264000000093e-02,-5.304828014000000092e-03
1.873835100000000031e-01,8.493132818999999945e-01,-1.962618277000000022e-02,-5.220430580999999709e-03
1.877170099999999897e-01,8.499457056000000454e-01,-1.996565281999999886e-02,-5.075227063000000045e-03
1.880505199999999988e-01,8.501880306000000331e-01,-2.002221097999999991e-02,-4.938588689999999677e-03
1.883840200000000131e-01,8.508458587999999656e-01,-1.988860263999999919e-02,-4.768323080000000207e-03
1.887175199999999997e-01,8.508837117999999977e-01,-1.982933636000000152e-02,-4.542164551000000411e-03
1.890510199999999863e-01,8.518151427000000275e-01,-1.989463098999999860e-02,-4.478496809999999578e-03
1.893845200000000006e-01,8.519353944999999984e-01,-1.980031326000000064e-02,-4.437343413000000361e-03
1.897180199999999872e-01,8.520670294000000089e-01,-1.982095642000000074e-02,-4.442570822000000037e-03
1.900515200000000016e-01,8.514821761999999961e-01,-1.957444824000000028e-02,-4.506391914999999596e-03
1.903850199999999881e-01,8.515072374000000055e-01,-1.896679722000000137e-02,-4.555667085000000317e-03
1.907183299999999915e-01,8.512854479000000474e-01,-1.830713289999999840e-02,-4.586746774000000429e-03
1.910516300000000001e-01,8.517406714999999906e-01,-1.767297024999999952e-02,-4.618359510999999959e-03
1.913849300000000087e-01,8.515242309999999648e-01,-1.681365761000000111e-02,-4.558066199999999575e-03
1.917182299999999895e-01,8.503920098999999677e-01,-1.582788792999999944e-02,-4.415492186000000152e-03
1.920515399999999928e-01,8.507836027999999828e-01,-1.478359043999999921e-02,-4.311291412000000170e-03
1.923848400000000014e-01,8.511572452000000233e-01,-1.339677713999999978e-02,-4.152108397999999985e-03
1.927181400000000100e-01,8.512336158000000097e-01,-1.181185273999999993e-02,-3.804898650000000139e-03
1.930514399999999908e-01,8.517966810000000555e-01,-1.031265833000000014e-02,-3.387505449999999793e-03
1.933847499999999942e-01,8.521864677999999582e-01,-8.636092276000000359e-03,-2.862149423000000074e-03
1.937180500000000027e-01,8.514221937000000517e-01,-6.957519520999999769e-03,-2.285070041999999989e-03
1.940513500000000113e-01,8.502548590999999822e-01,-5.274431294000000124e-03,-1.644297144999999931e-03
1.943846499999999922e-01,8.491360138000000335e-01,-4.241136763000000372e-03,-1.122567570999999983e-03
1.947177599999999897e-01,8.482741957999999638e-01,-3.457617218000000065e-03,-7.035291024999999624e-04
1.950508599999999926e-01,8.475520122999999906e-01,-2.558247224000000011e-03,-2.963457022999999978e-04
1.953839599999999954e-01,8.471074573000000330e-01,-1.875660575999999998e-03,4.589293830999999755e-05
1.957170699999999930e-01,8.465142646000000104e-01,-1.811641705999999900e-03,3.018700095999999754e-04
1.960501699999999958e-01,8.452937220999999779e-01,-2.181207386999999866e-03,5.026343267999999970e-04
1.963832699999999987e-01,8.437519564000000027e-01,-2.701482435999999834e-03,5.912530004000000460e-04
1.967163700000000015e-01,8.422340227000000290e-01,-3.644404264000000206e-03,7.065673770999999484e-04
1.970494799999999991e-01,8.411198139000000129e-01,-4.558809462999999923e-03,7.453142231999999997e-04
1.973825800000000019e-01,8.403061469000000505e-01,-5.334322592999999647e-03,8.272390354000000012e-04
1.977156800000000048e-01,8.400431306000000209e-01,-5.867381179000000224e-03,8.292553746999999651e-04
1.980487800000000076e-01,8.401452728999999620e-01,-6.246925668000000327e-03,8.323547552999999459e-04
1.983818900000000052e-01,8.398335742000000437e-01,-6.622634205999999683e-03,8.602632814999999593e-04
1.987147900000000023e-01,8.400333050999999607e-01,-6.717859904000000361e-03,9.355398737000000320e-04
1.990476899999999993e-01,8.402504025999999460e-01,-6.391178110000000391e-03,9.875462483999999583e-04
1.993805899999999964e-01,8.407203086000000214e-01,-5.991485757000000398e-03,1.008160193000000012e-03
1.997134899999999935e-01,8.413566972999999560e-01,-5.258789863000000279e-03,1.021265742000000004e-03
2.000464000000000131e-01,8.415313784000000297e-01,-4.119090334999999693e-03,1.058922030999999995e-03
2.003793000000000102e-01,8.422810034000000057e-01,-2.835834284999999913e-03,9.964396892999998964e-04
2.007122000000000073e-01,8.420494588000000391e-01,-1.872166275999999959e-03,9.415718870999999993e-04
2.010451000000000044e-01,8.409669901999999864e-01,-7.020487394000000329e-04,9.314629320000000507e-04
2.013780000000000014e-01,8.391494917999999803e-01,5.705480442000000372e-04,9.564559811000000050e-04
2.017108999999999985e-01,8.367364660999999648e-01,1.567794261000000000e-03,9.633220569999999521e-04
2.020435999999999899e-01,8.344811461000000152e-01,2.222692637000000127e-03,9.379047312999999782e-04
2.023763000000000090e-01,8.329933559000000098e-01,2.719212580000000216e-03,7.619594990000000531e-04
2.027090000000000003e-01,8.316618755000000363e-01,3.697688082999999858e-03,5.979431134999999573e-04
2.030416999999999916e-01,8.302748316000000406e-01,4.644870441000000134e-03,4.241407786999999772e-04
2.033744000000000107e-01,8.294202407999999860e-01,5.321673166999999621e-03,2.261101717999999957e-04
2.037071000000000021e-01,8.294481130999999952e-01,6.013664521999999811e-03,-1.072287815000000052e-04
2.040397999999999934e-01,8.297747182000000388e-01,6.484209012000000279e-03,-4.507666530000000067e-04
2.043725000000000125e-01,8.300064549000000236e-01,6.700291108999999710e-03,-7.499144553000000298e-04
2.047052000000000038e-01,8.307122013000000083e-01,6.691703272000000015e-03,-1.071513248999999939e-03
2.050378999999999952e-01,8.320614686999999732e-01,6.754048244000000235e-03,-1.437618742999999949e-03
2.053704000000000085e-01,8.344113238999999460e-01,6.697623695000000030e-03,-1.819483812000000002e-03
2.057028899999999993e-01,8.368166865999999704e-01,6.493249979000000408e-03,-2.238648676000000101e-03
2.060353900000000127e-01,8.401378211000000151e-01,6.227579355999999892e-03,-2.609908874000000170e-03
2.063678899999999983e-01,8.432405789000000373e-01,6.054396101999999676e-03,-2.959492609999999930e-03
2.067003799999999891e-01,8.453054939999999906e-01,5.226816098000000056e-03,-3.204415408000000059e-03
2.070328800000000025e-01,8.470411380000000268e-01,4.052258522999999633e-03,-3.411227303999999835e-03
2.073653799999999880e-01,8.487834904000000069e-01,2.676172255999999944e-03,-3.514240476999999901e-03
2.076978700000000067e-01,8.506795178999999596e-01,1.191329672999999999e-03,-3.625909327000000071e-03
2.080303699999999922e-01,8.521819847999999586e-01,-6.937872693000000143e-04,-3.675284791999999887e-03
2.083628700000000056e-01,8.529241499999999920e-01,-2.847432962000000060e-03,-3.690050584000000109e-03
2.086953699999999912e-01,8.535115444999999967e-01,-5.024758174000000001e-03,-3.622421503999999955e-03
2.090278600000000098e-01,8.539495770999999680e-01,-7.167391448999999894e-03,-3.442379301999999846e-03
2.093601499999999949e-01,8.540738576999999943e-01,-9.113090819999999231e-03,-3.203430354000000053e-03
2.096924500000000025e-01,8.534848857000000288e-01,-1.070635665000000021e-02,-2.910398980999999788e-03
2.100247399999999875e-01,8.528264278999999615e-01,-1.202398957999999997e-02,-2.573147693999999850e-03
2.103570300000000004e-01,8.519852056000000173e-01,-1.325927476000000015e-02,-2.243236224999999983e-03
2.106893200000000133e-01,8.507245839000000531e-01,-1.403705633999999952e-02,-1.882888757000000107e-03
2.110216199999999931e-01,8.499620816999999828e-01,-1.475385012999999926e-02,-1.528594276000000071e-03
2.113539100000000059e-01,8.495713556999999749e-01,-1.546391979000000076e-02,-1.129159433000000027e-03
2.116861999999999910e-01,8.493576479000000123e-01,-1.588503637000000107e-02,-7.323591084000000487e-04
2.120182899999999981e-01,8.488616373999999798e-01,-1.606905787000000030e-02,-3.282625366999999896e-04
2.123503800000000052e-01,8.469972609000000485e-01,-1.588274040000000123e-02,1.243225513999999935e-04
2.126824599999999899e-01,8.452378040000000370e-01,-1.551721931000000013e-02,5.713954819999999581e-04
2.130145499999999970e-01,8.440006378000000087e-01,-1.485098953000000069e-02,8.753921082999999463e-04
2.133466400000000041e-01,8.422634120999999974e-01,-1.425332722000000052e-02,1.193971139999999926e-03
2.136787300000000112e-01,8.410732396000000222e-01,-1.342454671999999960e-02,1.462807034000000077e-03
2.140108099999999958e-01,8.403990993000000076e-01,-1.280245946000000030e-02,1.708243556000000078e-03
2.143429000000000029e-01,8.397658579000000234e-01,-1.192468879000000044e-02,1.887780416999999995e-03
2.146749900000000100e-01,8.390003487999999621e-01,-1.109190931999999921e-02,2.040756078000000029e-03
2.150068699999999888e-01,8.382511261999999741e-01,-1.064005189000000011e-02,2.132491954999999901e-03
2.153387499999999954e-01,8.377653901999999597e-01,-1.021172268000000022e-02,2.215417731000000022e-03
2.156706300000000021e-01,8.368495311000000436e-01,-9.721055485999999940e-03,2.235853988999999837e-03
2.160025200000000034e-01,8.363519525999999482e-01,-9.239346120000000231e-03,2.183106988000000151e-03
2.163344000000000100e-01,8.367999955999999573e-01,-8.639472109999999164e-03,2.057937612999999853e-03
2.166662799999999889e-01,8.381081268000000195e-01,-7.730631299000000067e-03,1.880634361000000027e-03
2.169981599999999955e-01,8.385313468999999742e-01,-6.910317081999999694e-03,1.705701562999999924e-03
2.173300400000000021e-01,8.390652089000000258e-01,-6.359715753999999749e-03,1.546228798000000033e-03
2.176619200000000087e-01,8.395146861000000182e-01,-5.994062669000000017e-03,1.386066828999999974e-03
2.179936000000000096e-01,8.398939102000000378e-01,-5.702703521000000025e-03,1.319187535999999904e-03
2.183252699999999880e-01,8.403389488000000407e-01,-5.468702080000000312e-03,1.226501310999999908e-03
2.186569499999999888e-01,8.412636229000000077e-01,-5.403289694000000185e-03,1.077977991000000088e-03
2.189886199999999949e-01,8.416715462999999620e-01,-5.851710472999999829e-03,9.905487242999999175e-04
2.193202999999999958e-01,8.419639472000000069e-01,-6.682823063000000244e-03,8.623072188999999967e-04
2.196519700000000019e-01,8.421606072999999748e-01,-7.543962512000000099e-03,7.252454015000000349e-04
2.199834400000000023e-01,8.426159156000000428e-01,-8.465040922000000717e-03,5.573974491999999538e-04
2.203149100000000027e-01,8.437790112999999925e-01,-8.956908200999999167e-03,2.932699780000000227e-04
2.206463700000000083e-01,8.442259787000000459e-01,-9.055359597000000454e-03,-5.680988684000000359e-06
2.209778400000000087e-01,8.444834797000000393e-01,-8.796783867000000298e-03,-3.440876690999999888e-04
2.213093100000000091e-01,8.450909626000000507e-01,-8.561429351000000507e-03,-7.560426773000000029e-04
2.216407800000000095e-01,8.463642239999999983e-01,-7.959439744999999636e-03,-1.192092099000000103e-03
2.219722399999999873e-01,8.472741941000000443e-01,-7.159688384000000190e-03,-1.547603642000000080e-03
2.223037099999999877e-01,8.482023681000000481e-01,-6.067701398000000142e-03,-1.902121059000000088e-03
2.226349699999999876e-01,8.490370047999999947e-01,-4.953246599999999895e-03,-2.232828943000000205e-03
2.229662299999999875e-01,8.498839031999999571e-01,-3.945779134999999847e-03,-2.574093822000000139e-03
2.232974899999999874e-01,8.503765149999999995e-01,-3.008487250000000095e-03,-2.839459648999999915e-03
2.236287499999999873e-01,8.508739601999999458e-01,-2.135420050000000087e-03,-3.145157738000000074e-03
2.239600099999999872e-01,8.508067665999999862e-01,-1.979358804999999891e-03,-3.377522483999999790e-03
2.242912699999999870e-01,8.505387275000000358e-01,-2.153526388999999971e-03,-3.599098155000000042e-03
2.246223199999999864e-01,8.491125798999999974e-01,-2.581691136999999994e-03,-3.676822399999999866e-03
2.249533700000000136e-01,8.472525752999999771e-01,-3.248734282999999820e-03,-3.700712784999999998e-03
2.252844200000000130e-01,8.454436119999999555e-01,-4.181014270999999609e-03,-3.680670358999999902e-03
2.256154700000000124e-01,8.441286695999999923e-01,-5.198164923000000125e-03,-3.689774741999999903e-03
2.259465200000000118e-01,8.429112698999999820e-01,-6.012145969999999583e-03,-3.636800838000000050e-03
2.262775700000000112e-01,8.420875438999999574e-01,-6.842147405000000362e-03,-3.657179917999999787e-03
2.266084200000000048e-01,8.419568572000000195e-01,-7.518334150000000049e-03,-3.663447891000000140e-03
2.269392600000000038e-01,8.419914471999999650e-01,-7.720038880999999763e-03,-3.681917529999999879e-03
2.272701000000000027e-01,8.420231862000000511e-01,-7.836842684000000850e-03,-3.691463494000000057e-03
2.276009400000000016e-01,8.415966215000000306e-01,-8.024802923000000365e-03,-3.622164224000000172e-03
2.279317800000000005e-01,8.410036223000000311e-01,-8.281978128000000092e-03,-3.518343430000000181e-03
2.282626199999999994e-01,8.406741333999999677e-01,-8.283780440999999675e-03,-3.419656827999999812e-03
2.285934699999999931e-01,8.401973309000000389e-01,-8.114547025000000066e-03,-3.239632207000000142e-03
2.289243099999999920e-01,8.387802559000000491e-01,-7.921893616000000304e-03,-2.959710330999999923e-03
2.292549399999999904e-01,8.380459627999999883e-01,-7.635203464999999572e-03,-2.725983918000000200e-03
2.295855699999999888e-01,8.373426981999999574e-01,-7.241497304999999600e-03,-2.440076440000000201e-03
2.299161999999999872e-01,8.365691216999999735e-01,-6.614097918999999569e-03,-2.098404282000000069e-03
2.302468300000000134e-01,8.363495713999999914e-01,-5.839098047000000277e-03,-1.800536679000000039e-03
2.305774700000000066e-01,8.352341414999999714e-01,-5.184623684000000052e-03,-1.465228778999999983e-03
2.309081000000000050e-01,8.338730087000000291e-01,-4.567485123000000410e-03,-1.098873420000000050e-03
2.312385200000000030e-01,8.324483016999999485e-01,-3.977382047999999601e-03,-7.444429077999999925e-04
2.315689400000000009e-01,8.312623128999999667e-01,-3.153498068999999963e-03,-4.261167886999999875e-04
2.318993599999999988e-01,8.301855569999999629e-01,-2.353270563000000107e-03,-1.696742593000000123e-04
2.322297799999999968e-01,8.282678066999999977e-01,-1.424651642999999902e-03,1.924132499000000013e-04
2.325601999999999947e-01,8.255939083000000123e-01,-6.158014498999999807e-04,5.764069212999999503e-04
2.328906299999999874e-01,8.234466082000000409e-01,2.737743378999999842e-04,9.078393525000000210e-04
2.332208400000000126e-01,8.218376384000000145e-01,1.028251600999999975e-03,1.138342036999999939e-03
2.335510500000000100e-01,8.202412176000000166e-01,1.155427805999999918e-03,1.347768954999999927e-03
2.338812600000000075e-01,8.192123118999999898e-01,1.070866072000000108e-03,1.544118154999999954e-03
2.342114700000000049e-01,8.188481376999999783e-01,4.452928253999999947e-04,1.728613595999999942e-03
2.345416800000000024e-01,8.180174910999999938e-01,-4.915801627999999684e-04,1.969584892999999819e-03
2.348718899999999998e-01,8.176665657999999670e-01,-1.606761541999999956e-03,2.188484837000000214e-03
2.352018899999999968e-01,8.182058903000000161e-01,-2.699728855999999812e-03,2.393103508999999858e-03
2.355318899999999938e-01,8.187186923999999477e-01,-3.906133803999999824e-03,2.618174021999999934e-03
2.358618799999999960e-01,8.203052207000000040e-01,-5.164206971000000201e-03,2.771636782999999972e-03
2.361918799999999929e-01,8.221493439999999486e-01,-6.132155430999999823e-03,2.865685326000000192e-03
2.365218799999999899e-01,8.245943796000000381e-01,-7.187157702999999800e-03,2.942028727999999871e-03
2.368518799999999869e-01,8.265139496000000197e-01,-8.293966616999999542e-03,2.967163034999999952e-03
2.371816700000000111e-01,8.285616505999999770e-01,-9.341557970000000793e-03,2.927137574000000103e-03
2.375114500000000128e-01,8.295999900999999621e-01,-1.017253434999999991e-02,2.879763193000000124e-03
2.378412400000000093e-01,8.309183977999999859e-01,-1.092781085000000055e-02,2.789159472000000105e-03
2.381710300000000058e-01,8.321695298000000296e-01,-1.125448211999999920e-02,2.639200214999999974e-03
2.385008100000000075e-01,8.328733578000000470e-01,-1.142807155000000012e-02,2.507956103000000010e-03
2.388306000000000040e-01,8.325922094000000051e-01,-1.145640510000000070e-02,2.363369269999999935e-03
2.391601800000000000e-01,8.320242955000000107e-01,-1.161787130999999973e-02,2.200523504999999953e-03
2.394897500000000012e-01,8.318331732000000533e-01,-1.156898133999999939e-02,1.977742252000000076e-03
2.398193200000000025e-01,8.314063041999999459e-01,-1.163488883999999959e-02,1.800355619999999919e-03
2.401488999999999985e-01,8.306821668999999631e-01,-1.177337300999999926e-02,1.685417939999999965e-03
2.404784699999999997e-01,8.302806821999999531e-01,-1.201440561999999983e-02,1.617453595000000041e-03
2.408080499999999957e-01,8.301399899000000415e-01,-1.252820680000000034e-02,1.588603093999999905e-03
2.411374099999999965e-01,8.305076530999999651e-01,-1.309416138000000021e-02,1.560834933000000051e-03
2.414667699999999972e-01,8.308179078999999856e-01,-1.345476823999999967e-02,1.549174126000000097e-03
2.417961299999999980e-01,8.314446920000000407e-01,-1.361433423000000045e-02,1.623858509000000077e-03
2.421254899999999988e-01,8.321889863000000442e-01,-1.368054603999999987e-02,1.757215026000000018e-03
2.424548499999999995e-01,8.326702362000000246e-01,-1.394332986000000087e-02,1.909596815999999942e-03
2.427842100000000003e-01,8.328949750999999901e-01,-1.396207472000000026e-02,2.134217392000000053e-03
2.431133600000000006e-01,8.334703196999999619e-01,-1.404624798000000084e-02,2.388390338000000168e-03
2.434425100000000008e-01,8.338038676000000260e-01,-1.413851531999999953e-02,2.713902835999999937e-03
2.437716500000000064e-01,8.342241647000000482e-01,-1.413146065000000021e-02,3.043498086000000040e-03
2.441008000000000067e-01,8.350771875000000399e-01,-1.449421969999999983e-02,3.339418754999999833e-03
2.444299500000000069e-01,8.352069720999999447e-01,-1.510978546999999957e-02,3.698557930000000073e-03
2.447590900000000125e-01,8.357371472000000301e-01,-1.586077867999999974e-02,4.005091914999999933e-03
2.450882400000000128e-01,8.362984959999999468e-01,-1.669588237000000155e-02,4.226441426999999647e-03
2.454171699999999900e-01,8.364492340000000414e-01,-1.773367929999999926e-02,4.442676516000000110e-03
2.457461099999999898e-01,8.364331509000000331e-01,-1.910700341000000010e-02,4.567025891000000073e-03
2.460750399999999949e-01,8.370821964000000337e-01,-2.061624642999999868e-02,4.595046063000000382e-03
2.464039699999999999e-01,8.377425481000000396e-01,-2.212613617000000130e-02,4.625039671000000414e-03
2.467329000000000050e-01,8.382085876000000546e-01,-2.355696726999999963e-02,4.582616934999999593e-03
2.470618400000000048e-01,8.385211108000000246e-01,-2.503786007000000091e-02,4.550525698000000389e-03
2.473907700000000098e-01,8.386540126999999512e-01,-2.640442432999999881e-02,4.469604832999999992e-03
2.477194899999999866e-01,8.388378953999999776e-01,-2.768279276000000164e-02,4.300794285000000307e-03
2.480482099999999912e-01,8.386246856000000305e-01,-2.882664378999999846e-02,4.135432663999999599e-03
2.483769200000000010e-01,8.380163166999999858e-01,-2.969118072000000164e-02,4.014221519999999765e-03
2.487056400000000056e-01,8.371004736999999585e-01,-3.021918965999999956e-02,3.919440080000000277e-03
2.490343600000000102e-01,8.359700178000000204e-01,-3.042757025000000087e-02,3.808079898000000119e-03
2.493630799999999870e-01,8.343854478000000130e-01,-3.045863282999999866e-02,3.687015946000000207e-03
2.496917899999999968e-01,8.322395667999999969e-01,-3.015083572999999878e-02,3.673418742999999976e-03
2.500205099999999736e-01,8.294749192999999465e-01,-2.981653441000000140e-02,3.711531503999999839e-03
2.503490099999999829e-01,8.262580057999999728e-01,-2.953330788000000165e-02,3.761136936000000156e-03
2.506775099999999923e-01,8.230760058999999629e-01,-2.905331937000000045e-02,3.844999210000000014e-03
2.510060199999999964e-01,8.203262893999999639e-01,-2.856807961999999895e-02,3.915416175000000290e-03
2.513345200000000057e-01,8.172339481000000516e-01,-2.801579866000000058e-02,4.067028420999999928e-03
2.516630200000000150e-01,8.145262712999999932e-01,-2.775020551000000057e-02,4.253207345999999653e-03
2.519915200000000244e-01,8.119525620999999971e-01,-2.755002570999999859e-02,4.512426305000000019e-03
2.523198099999999777e-01,8.093559566000000371e-01,-2.764487011000000063e-02,4.757859579999999984e-03
2.526483099999999871e-01,8.069862169999999502e-01,-2.774566138999999890e-02,5.001553857999999769e-03
2.529765900000000012e-01,8.047621753999999461e-01,-2.781715519999999886e-02,5.236715567000000196e-03
2.533048800000000100e-01,8.023428958999999638e-01,-2.800614033999999919e-02,5.532507828999999600e-03
2.536331600000000241e-01,8.008216387000000047e-01,-2.832479355000000129e-02,5.847441426000000129e-03
2.539614499999999775e-01,7.995332130000000204e-01,-2.858239131000000002e-02,6.135417257999999617e-03
2.542897299999999916e-01,7.984011475000000191e-01,-2.900629508999999842e-02,6.483005990999999961e-03
2.546180200000000005e-01,7.973807147000000484e-01,-2.953700219999999890e-02,6.777545614999999982e-03
2.549463000000000146e-01,7.965475266999999526e-01,-3.007523854000000024e-02,7.060575135000000252e-03
2.552745900000000234e-01,7.970612458000000400e-01,-3.039633682000000142e-02,7.243078111000000006e-03
2.556028699999999820e-01,7.978137330000000249e-01,-3.116477439000000030e-02,7.453619316999999904e-03
2.559311599999999909e-01,7.992256978999999761e-01,-3.195406322000000215e-02,7.624420100000000276e-03
2.562592200000000098e-01,8.007869007000000261e-01,-3.302040297000000124e-02,7.760948392999999883e-03
2.565875100000000186e-01,8.028145401999999820e-01,-3.389046208000000282e-02,7.812970396999999526e-03
2.569155799999999767e-01,8.045152674000000115e-01,-3.477039925000000031e-02,7.943895910000000130e-03
2.572436399999999956e-01,8.063393411999999483e-01,-3.571125409999999917e-02,8.035042875999999154e-03
2.575717100000000093e-01,8.076673455999999751e-01,-3.634995074999999853e-02,8.121320120999999531e-03
2.578997800000000229e-01,8.089535505999999598e-01,-3.700645298000000000e-02,8.157461572999999411e-03
2.582278399999999863e-01,8.107562882000000082e-01,-3.812423748000000334e-02,8.081194917000000116e-03
2.585559099999999999e-01,8.122611548000000514e-01,-3.906198406999999984e-02,7.945337873999999342e-03
2.588839800000000135e-01,8.142267019000000161e-01,-3.968417962000000271e-02,7.750309288000000081e-03
2.592120399999999769e-01,8.155779252000000534e-01,-3.975022146999999950e-02,7.520508876999999932e-03
2.595401099999999905e-01,8.169238534999999635e-01,-3.981574406999999899e-02,7.338495090999999637e-03
2.598681800000000042e-01,8.177486905999999944e-01,-3.961137529000000046e-02,7.189837793000000005e-03
2.601962400000000231e-01,8.188202254999999985e-01,-3.912609957000000305e-02,7.045099574999999850e-03
2.605243099999999812e-01,8.193834263999999479e-01,-3.838119655000000324e-02,6.929459177999999948e-03
2.608523799999999948e-01,8.198107499000000242e-01,-3.742211815999999663e-02,6.843911967000000304e-03
2.611804400000000137e-01,8.193764567000000332e-01,-3.619317955000000281e-02,6.829703839000000019e-03
2.615085100000000273e-01,8.191667387000000078e-01,-3.477836410000000045e-02,6.866704965999999993e-03
2.618365799999999854e-01,8.179425962999999911e-01,-3.298186347999999823e-02,7.038498653999999792e-03
2.621646499999999991e-01,8.171182985999999593e-01,-3.149955522999999674e-02,7.242466409000000022e-03
2.624927100000000180e-01,8.170399725000000446e-01,-3.014572013999999855e-02,7.450197779000000339e-03
2.628207799999999761e-01,8.165256808999999949e-01,-2.883460373999999909e-02,7.648324704000000404e-03
2.631488499999999897e-01,8.159780432000000028e-01,-2.752816884999999963e-02,7.816427519000000018e-03
2.634769100000000086e-01,8.155803788000000054e-01,-2.637628512999999966e-02,7.887097766999999135e-03
2.638049800000000222e-01,8.149386308999999606e-01,-2.534651304999999827e-02,7.966340568000000039e-03
2.641330499999999804e-01,8.152017781000000518e-01,-2.437506227999999830e-02,7.965051544000000330e-03
2.644611099999999992e-01,8.150456498999999466e-01,-2.389833681000000029e-02,7.890346798999999314e-03
2.647891800000000129e-01,8.149903070999999777e-01,-2.374255431000000041e-02,7.799311159999999972e-03
2.651172500000000265e-01,8.148691100999999604e-01,-2.350257861999999892e-02,7.597855142999999575e-03
2.654453099999999899e-01,8.149914639999999988e-01,-2.327255870999999851e-02,7.367541955999999670e-03
2.657733800000000035e-01,8.151091313999999644e-01,-2.300512772000000081e-02,7.071690343000000198e-03
2.661014500000000171e-01,8.152475890000000502e-01,-2.279786744000000115e-02,6.741050678000000060e-03
2.664295099999999805e-01,8.158666150000000172e-01,-2.250849714000000001e-02,6.310688501999999790e-03
2.667575799999999941e-01,8.165863792999999982e-01,-2.216465332999999899e-02,5.862861647999999606e-03
2.670856500000000078e-01,8.167971375999999450e-01,-2.157053680999999890e-02,5.353548369000000334e-03
2.674137100000000267e-01,8.170657016000000272e-01,-2.099378946999999954e-02,4.814139860000000298e-03
2.677417799999999848e-01,8.180890905000000046e-01,-2.005349957999999835e-02,4.199213206999999858e-03
2.680698499999999984e-01,8.192821089999999806e-01,-1.942068914999999993e-02,3.602214086999999936e-03
2.683979100000000173e-01,8.202801038000000489e-01,-1.883152915999999899e-02,2.928168114000000068e-03
2.687259799999999754e-01,8.213346209999999870e-01,-1.836074760999999861e-02,2.271689596000000134e-03
2.690540499999999891e-01,8.220969824999999620e-01,-1.780756047000000078e-02,1.561815005000000015e-03
2.693821200000000027e-01,8.230259802999999597e-01,-1.724516423999999937e-02,8.377927778000000434e-04
2.697101800000000216e-01,8.239263047999999534e-01,-1.658756356000000085e-02,1.110137466999999977e-04
2.700382499999999797e-01,8.241824787000000541e-01,-1.589023084999999919e-02,-5.213073041999999758e-04
2.703663199999999933e-01,8.237752026000000338e-01,-1.533255015000000061e-02,-1.059078076000000103e-03
2.706943800000000122e-01,8.227936850999999496e-01,-1.466768612000000048e-02,-1.538852606000000022e-03
2.710224500000000258e-01,8.214152129999999774e-01,-1.384147483999999956e-02,-1.916954329999999993e-03
2.713505199999999840e-01,8.202217935000000182e-01,-1.284930614000000075e-02,-2.282205645999999845e-03
2.716785800000000028e-01,8.190214976999999896e-01,-1.186448902000000055e-02,-2.558179479000000089e-03
2.720066500000000165e-01,8.180509916999999520e-01,-1.069503406999999968e-02,-2.790485936999999826e-03
2.723349400000000253e-01,8.180190534000000291e-01,-9.583937884999999338e-03,-2.926166654999999995e-03
2.726630099999999834e-01,8.187164867999999762e-01,-8.378998623999999590e-03,-2.999929274999999906e-03
2.729912999999999923e-01,8.196781582000000066e-01,-7.116032458999999900e-03,-2.897724274000000166e-03
2.733195900000000012e-01,8.210347219000000418e-01,-6.223163121000000256e-03,-2.709131091000000109e-03
2.736478900000000047e-01,8.236899929000000009e-01,-5.484931723000000328e-03,-2.493689236999999809e-03
2.739761800000000136e-01,8.257679213999999934e-01,-4.572607854000000291e-03,-2.255176189999999904e-03
2.743044700000000224e-01,8.277884210999999492e-01,-3.774763490000000200e-03,-1.939954648000000040e-03
2.746327599999999758e-01,8.295369329999999763e-01,-3.403367358999999891e-03,-1.613650215999999898e-03
2.749610499999999846e-01,8.315081012999999688e-01,-3.488777804000000021e-03,-1.319590303999999912e-03
2.752893499999999882e-01,8.325960896999999861e-01,-3.748342801999999824e-03,-1.024665297000000022e-03
2.756176399999999971e-01,8.335115546000000375e-01,-4.103933310000000209e-03,-7.340354538000000342e-04
2.759459300000000059e-01,8.335456651999999522e-01,-4.403622866000000274e-03,-5.069349648999999696e-04
2.762742200000000148e-01,8.337420369000000386e-01,-4.702200351000000028e-03,-3.412836569000000041e-04
2.765958299999999870e-01,8.338300454999999500e-01,-5.121015470000000319e-03,-3.176108589000000218e-04
2.769074899999999784e-01,8.341284944000000312e-01,-5.587857114000000305e-03,-2.499342051000000221e-04
2.772105599999999948e-01,8.342049697000000208e-01,-5.740273700999999965e-03,-3.239240496000000079e-04
2.775064199999999759e-01,8.353299014999999716e-01,-6.011199733000000163e-03,-4.263481070000000109e-04
2.777961099999999850e-01,8.354904873999999815e-01,-6.221269344999999680e-03,-6.327078671000000223e-04
2.780810899999999752e-01,8.370709482000000534e-01,-6.356446677000000302e-03,-9.176513653999999846e-04
2.783623299999999912e-01,8.375108086000000451e-01,-6.498642928000000416e-03,-1.277750239999999931e-03
2.786409100000000194e-01,8.388159528999999948e-01,-6.487998424999999632e-03,-1.556840141999999956e-03
2.789180199999999887e-01,8.389406652999999991e-01,-6.113310884000000209e-03,-1.811103841999999993e-03
2.791941499999999743e-01,8.400294580999999594e-01,-5.527099752999999754e-03,-2.043755359999999827e-03
2.794701199999999885e-01,8.405055781000000392e-01,-4.744628417000000369e-03,-2.286964964999999884e-03
2.797465800000000224e-01,8.418510499000000369e-01,-4.159407718000000115e-03,-2.392564699000000045e-03
2.800240099999999899e-01,8.412008509999999717e-01,-3.517976604000000104e-03,-2.480205674999999988e-03
2.803027599999999842e-01,8.405571135999999610e-01,-2.672097263999999826e-03,-2.529653358000000067e-03
2.805833500000000091e-01,8.392971675000000520e-01,-1.387800141000000102e-03,-2.663642146000000203e-03
2.808661299999999916e-01,8.392385252999999823e-01,-1.359104984000000002e-04,-2.724182624000000014e-03
2.811513199999999824e-01,8.385593615999999972e-01,1.180907279000000107e-03,-2.876894638000000119e-03
2.814389500000000210e-01,8.388186299000000012e-01,2.520940619999999851e-03,-2.954789116000000170e-03
2.817290800000000206e-01,8.389670850999999541e-01,3.874735624999999916e-03,-3.020184046999999788e-03
2.820215699999999992e-01,8.398815834999999730e-01,5.245188387000000209e-03,-3.050105257999999840e-03
2.823166400000000076e-01,8.393675216999999522e-01,6.876991816000000042e-03,-3.079288958999999975e-03
2.826141500000000084e-01,8.396733157000000336e-01,8.372342227000000026e-03,-2.983488802000000117e-03
2.829139500000000251e-01,8.382363783999999818e-01,9.810107359000000068e-03,-2.861687008999999875e-03
2.832160699999999864e-01,8.375982055999999787e-01,1.107601838999999928e-02,-2.542794354000000017e-03
2.835207599999999828e-01,8.363757104000000275e-01,1.237180407000000072e-02,-2.355427503999999936e-03
2.838278599999999874e-01,8.355922895999999822e-01,1.299456212000000069e-02,-1.950691172000000020e-03
2.841373999999999844e-01,8.343028604000000126e-01,1.350872959999999991e-02,-1.660200940000000061e-03
2.844494300000000031e-01,8.331470618999999855e-01,1.370035923000000044e-02,-1.253717521999999978e-03
2.847642100000000176e-01,8.322415765999999770e-01,1.377039411999999956e-02,-8.488469200999999853e-04
2.850815600000000116e-01,8.319229726000000325e-01,1.336020526999999979e-02,-3.583990104000000024e-04
2.854013100000000192e-01,8.312624062000000258e-01,1.253246231999999988e-02,1.117823654000000064e-04
2.857232699999999737e-01,8.316948205999999955e-01,1.163889993000000005e-02,5.644688848000000217e-04
2.860470399999999747e-01,8.320102896000000081e-01,1.102850068000000086e-02,9.752944886999999861e-04
2.863726200000000222e-01,8.324665466999999763e-01,1.014788313999999934e-02,1.364437457999999933e-03
2.866993500000000195e-01,8.332349569000000455e-01,8.637065038000000042e-03,1.646811591999999998e-03
2.870269999999999766e-01,8.345547776999999723e-01,7.113336018000000413e-03,1.773647916999999963e-03
2.873551200000000194e-01,8.358524255000000514e-01,5.196407828000000270e-03,1.762957205999999936e-03
2.876834699999999967e-01,8.363778705000000091e-01,3.249176031000000197e-03,1.762477942000000063e-03
2.880118199999999740e-01,8.374468578000000551e-01,8.187598424999999527e-04,1.609646029000000051e-03
2.883401700000000067e-01,8.384649136999999808e-01,-1.901060007999999957e-03,1.437175050999999967e-03
2.886685199999999840e-01,8.390000250000000381e-01,-4.519948061999999947e-03,1.192836203999999905e-03
2.889971000000000068e-01,8.400514303999999655e-01,-7.171758624999999970e-03,8.085711208999999799e-04
2.893256799999999740e-01,8.406396519000000067e-01,-9.569310358999999142e-03,3.252757139999999983e-04
2.896542699999999915e-01,8.412507640999999925e-01,-1.179427245000000055e-02,-1.404923671000000117e-04
2.899828500000000142e-01,8.415073754999999878e-01,-1.369467046000000070e-02,-5.915722831999999706e-04
2.903116700000000217e-01,8.413537640999999567e-01,-1.502048612999999991e-02,-9.784342047999999067e-04
2.906404899999999736e-01,8.411247146000000452e-01,-1.586874019999999844e-02,-1.302390721999999992e-03
2.909693099999999810e-01,8.409546130999999702e-01,-1.590459131000000054e-02,-1.604578236000000092e-03
2.912981299999999885e-01,8.391908069000000303e-01,-1.537527743999999967e-02,-1.884087148000000060e-03
2.916269400000000012e-01,8.380005257999999513e-01,-1.471656095000000060e-02,-2.108150501000000208e-03
2.919557600000000086e-01,8.357262903000000076e-01,-1.361834401999999916e-02,-2.347198551999999955e-03
2.922848200000000007e-01,8.336652990999999790e-01,-1.272215095999999941e-02,-2.429340570000000209e-03
2.926138699999999981e-01,8.306606333999999592e-01,-1.161326319000000051e-02,-2.522360647999999980e-03
2.929429299999999903e-01,8.271843418000000003e-01,-1.076791845000000039e-02,-2.406152102999999966e-03
2.932719799999999877e-01,8.241692762000000227e-01,-9.950779318999999901e-03,-2.288561164999999929e-03
2.936010399999999798e-01,8.203919865000000033e-01,-9.444694244999999461e-03,-2.047194160999999801e-03
2.939300899999999772e-01,8.170191179000000359e-01,-9.146788692000000151e-03,-1.687882349000000047e-03
2.942591500000000249e-01,8.137258609999999948e-01,-9.175164878000000371e-03,-1.276747084000000049e-03
2.945882000000000223e-01,8.109628594000000135e-01,-9.190003719000000570e-03,-8.213545918999999845e-04
2.949172600000000144e-01,8.085250416999999468e-01,-8.956159784000000332e-03,-3.586978561000000250e-04
2.952463100000000118e-01,8.067779838999999953e-01,-8.343687606000000853e-03,9.629534896000000084e-05
2.955755999999999939e-01,8.056225638999999772e-01,-7.739389636000000225e-03,5.821532486000000365e-04
2.959049000000000262e-01,8.053378261000000427e-01,-7.094030313000000351e-03,1.119748458999999955e-03
2.962341900000000083e-01,8.059124901999999979e-01,-6.603285518000000069e-03,1.678957035000000096e-03
2.965632400000000057e-01,8.066398891999999599e-01,-6.667362290000000170e-03,2.216447313999999908e-03
2.968925399999999826e-01,8.075003331000000228e-01,-6.913419966000000118e-03,2.809881430000000201e-03
2.972218300000000202e-01,8.084515615999999794e-01,-6.847280094000000351e-03,3.344244270999999907e-03
2.975511200000000023e-01,8.098479667000000326e-01,-6.742612563000000177e-03,3.827730449000000049e-03
2.978804199999999791e-01,8.111397751000000156e-01,-6.794597775999999811e-03,4.199965481999999757e-03
2.982097100000000167e-01,8.133659961000000438e-01,-7.239685838000000165e-03,4.423972596999999757e-03
2.985389999999999988e-01,8.159102475999999715e-01,-7.518032687999999866e-03,4.584748476000000302e-03
2.988682999999999756e-01,8.182505386999999741e-01,-7.605080363000000024e-03,4.739618259999999958e-03
2.991975900000000133e-01,8.208492817000000441e-01,-7.666849808999999689e-03,4.791361820000000250e-03
2.995268799999999954e-01,8.237068919000000156e-01,-7.862914204999999976e-03,4.698093446000000360e-03
2.998561800000000277e-01,8.268617053000000272e-01,-8.190626860999999925e-03,4.509860814999999863e-03
3.001854700000000098e-01,8.287726073000000193e-01,-8.315458801000000233e-03,4.302492586999999598e-03
3.005147599999999919e-01,8.306815601999999465e-01,-8.807629068000000575e-03,4.092868373000000184e-03
3.008440600000000242e-01,8.318398448999999584e-01,-9.020631583000000148e-03,3.776390926999999894e-03
3.011733500000000063e-01,8.324720178000000192e-01,-8.852026008999999349e-03,3.469051112999999888e-03
3.015026399999999884e-01,8.326781763999999697e-01,-8.148364744999999146e-03,3.088556083000000216e-03
3.018319300000000260e-01,8.333206781999999979e-01,-7.475035859999999699e-03,2.770489158999999910e-03
3.021612300000000029e-01,8.343229992999999789e-01,-6.724119084000000288e-03,2.403738994999999809e-03
3.024905199999999850e-01,8.348548789999999942e-01,-5.813999706999999594e-03,2.036320587000000140e-03
3.028198100000000226e-01,8.350995657999999988e-01,-5.100596500000000380e-03,1.704576738000000051e-03
3.031491099999999994e-01,8.343577140000000281e-01,-4.183234485000000315e-03,1.362889095999999991e-03
3.034783999999999815e-01,8.339570154000000013e-01,-2.938111342000000129e-03,9.386592990999999752e-04
3.038076900000000191e-01,8.340719157999999522e-01,-1.775938154999999940e-03,5.249131596999999762e-04
3.041372299999999806e-01,8.335815537999999858e-01,-6.572909976000000480e-04,1.836374191999999930e-04
3.044665200000000183e-01,8.332159573999999846e-01,3.336643039000000092e-04,-1.748725733999999959e-04
3.047960599999999798e-01,8.328640307000000353e-01,1.666512245000000090e-03,-5.396265379999999915e-04
3.051255999999999968e-01,8.325531221999999953e-01,2.791837256999999978e-03,-9.158334621999999646e-04
3.054551300000000191e-01,8.323722107000000037e-01,3.940219443999999974e-03,-1.266752428999999916e-03
3.057846699999999807e-01,8.314666349999999539e-01,4.990688329000000055e-03,-1.626596388000000086e-03
3.061142099999999977e-01,8.307241762999999501e-01,5.766929367000000334e-03,-1.914280206000000019e-03
3.064437400000000200e-01,8.300586775999999611e-01,6.524289348000000301e-03,-2.246559112999999951e-03
3.067732799999999815e-01,8.301063193000000062e-01,7.278688365999999577e-03,-2.607179844999999926e-03
3.071028199999999986e-01,8.293609572000000263e-01,8.056721151000000025e-03,-2.845354742000000096e-03
3.074323500000000209e-01,8.286867025999999914e-01,8.739424705000000196e-03,-3.001309265999999986e-03
3.077618899999999824e-01,8.285449524000000343e-01,9.070088716999999759e-03,-3.126883640000000051e-03
3.080914299999999995e-01,8.285415358000000063e-01,9.290086370999999302e-03,-3.293019211999999914e-03
3.084209600000000218e-01,8.287130617000000310e-01,9.257215504999999345e-03,-3.489065839000000079e-03
3.087504999999999833e-01,8.275202622999999758e-01,9.111836396000000046e-03,-3.609869627000000022e-03
3.090800400000000003e-01,8.265475395000000391e-01,8.711256901999999552e-03,-3.630105479000000045e-03
3.094095700000000226e-01,8.251973895999999975e-01,8.177420284000000081e-03,-3.684790228999999806e-03
3.097391099999999842e-01,8.241217849999999956e-01,7.541979281000000049e-03,-3.732151896999999843e-03
3.100686500000000012e-01,8.233052263000000259e-01,6.950462749000000176e-03,-3.845948127000000001e-03
3.103981800000000235e-01,8.235391065999999594e-01,6.271333831000000178e-03,-4.141127143000000385e-03
3.107279700000000200e-01,8.228968150000000037e-01,5.600200490999999829e-03,-4.478733078999999617e-03
3.110577500000000217e-01,8.222215607999999731e-01,4.785629040000000285e-03,-4.816009040000000276e-03
3.113875300000000235e-01,8.212331701999999733e-01,4.151066111999999683e-03,-5.076786907999999640e-03
3.117173200000000199e-01,8.200323908000000106e-01,3.744831789999999994e-03,-5.399797088000000099e-03
3.120471000000000217e-01,8.178211414999999596e-01,3.688950930000000055e-03,-5.730743786000000277e-03
3.123768900000000182e-01,8.159852262000000245e-01,3.787543275000000188e-03,-6.099914583999999952e-03
3.127066700000000199e-01,8.144929241999999681e-01,4.283732222999999707e-03,-6.518090263999999634e-03
3.130364500000000216e-01,8.133186305999999810e-01,5.139745151000000081e-03,-6.976772455999999921e-03
3.133662400000000181e-01,8.125572011999999678e-01,5.965474691999999961e-03,-7.445683546000000236e-03
3.136960200000000198e-01,8.122038342999999827e-01,6.915159262999999966e-03,-7.888658211000000239e-03
3.140258000000000216e-01,8.125377143999999996e-01,7.995922779000000716e-03,-8.389391330999999494e-03
3.143555900000000181e-01,8.136218783999999982e-01,8.853478625999999796e-03,-8.931839428000000469e-03
3.146853700000000198e-01,8.147249477000000351e-01,9.751055639000000275e-03,-9.370136022000000176e-03
3.150151600000000163e-01,8.158267222999999735e-01,1.039262732999999932e-02,-9.653882896999999366e-03
3.153449400000000180e-01,8.165309981999999689e-01,1.086519248999999986e-02,-9.905628135000000417e-03
3.156747200000000197e-01,8.171343396000000370e-01,1.111504437000000040e-02,-1.015018340000000026e-02
3.160012799999999955e-01,8.180588540000000020e-01,1.116241760999999930e-02,-1.028781557000000083e-02
3.163194599999999967e-01,8.195535556999999915e-01,1.136663754999999928e-02,-1.034970848999999977e-02
3.166303500000000049e-01,8.209382376999999620e-01,1.158692870999999958e-02,-1.029035795999999961e-02
3.169344700000000237e-01,8.214283092999999925e-01,1.157457869999999923e-02,-1.002804046999999921e-02
3.172325100000000231e-01,8.221416723000000149e-01,1.185876618999999986e-02,-9.817285529000000302e-03
3.175255200000000055e-01,8.233553877000000520e-01,1.236810628000000085e-02,-9.653872334000000374e-03
3.178140300000000251e-01,8.241533277999999463e-01,1.259973277999999926e-02,-9.543252308999999531e-03
3.180991100000000182e-01,8.252789145000000159e-01,1.310059407999999981e-02,-9.496135428999999753e-03
3.183813999999999811e-01,8.258684835999999807e-01,1.393916169000000010e-02,-9.558801251999999443e-03
3.186614899999999917e-01,8.268043229000000549e-01,1.488999862999999986e-02,-9.618324010000000104e-03
3.189403100000000046e-01,8.260426572000000300e-01,1.606479141000000110e-02,-9.718785271999999531e-03
3.192182399999999864e-01,8.254236004999999654e-01,1.713832637999999908e-02,-9.781651714000000331e-03
3.194957999999999965e-01,8.238553525999999794e-01,1.815571686000000060e-02,-9.905161122999999943e-03
3.197730100000000242e-01,8.229733770999999587e-01,1.927257489999999879e-02,-1.008642891000000041e-02
3.200498600000000193e-01,8.214952282999999911e-01,2.053389664000000031e-02,-1.034147300999999942e-02
3.203268899999999753e-01,8.214965838000000131e-01,2.223180812000000173e-02,-1.063292142999999919e-02
3.206042800000000192e-01,8.214752591999999742e-01,2.418046307999999894e-02,-1.111688205000000047e-02
3.208823800000000226e-01,8.213425520999999563e-01,2.585411945000000086e-02,-1.133074430999999986e-02
3.211613899999999910e-01,8.205530613000000528e-01,2.765767674000000134e-02,-1.166230333000000015e-02
3.214413099999999801e-01,8.200210181000000542e-01,2.912930228999999899e-02,-1.189738488000000038e-02
3.217219700000000238e-01,8.191736021000000090e-01,3.063977527999999992e-02,-1.217106559999999935e-02
3.220033600000000162e-01,8.186340530000000282e-01,3.186899649000000251e-02,-1.234183347000000069e-02
3.222853099999999915e-01,8.186384439999999652e-01,3.277401626999999762e-02,-1.248406596999999951e-02
3.225680000000000214e-01,8.179326164000000343e-01,3.356084889000000154e-02,-1.247699642999999976e-02
3.228514399999999895e-01,8.162646666999999745e-01,3.431558223000000241e-02,-1.233583658000000048e-02
3.231358300000000128e-01,8.148739578999999456e-01,3.492545711000000219e-02,-1.211752538999999983e-02
3.234211699999999801e-01,8.134225073999999944e-01,3.555561481999999773e-02,-1.189509036000000082e-02
3.237078500000000192e-01,8.109976154000000381e-01,3.600413133000000127e-02,-1.157029262999999947e-02
3.239958800000000139e-01,8.093516492000000229e-01,3.645644298000000338e-02,-1.131887862999999932e-02
3.242854800000000148e-01,8.072728721999999912e-01,3.627363620000000066e-02,-1.099532697999999926e-02
3.245768700000000173e-01,8.044858692999999894e-01,3.564992513999999668e-02,-1.068705269000000055e-02
3.248700600000000160e-01,8.018815314999999666e-01,3.456619547999999903e-02,-1.037975552999999967e-02
3.251654999999999962e-01,8.005440840999999974e-01,3.290023937000000065e-02,-1.008620443000000054e-02
3.254632100000000028e-01,8.005834282999999552e-01,3.084415940999999869e-02,-9.869795783000000558e-03
3.257638700000000109e-01,8.010682697000000019e-01,2.856666276000000004e-02,-9.685398963999999195e-03
3.260675499999999838e-01,8.011427397999999478e-01,2.624733960999999990e-02,-9.513184415999999255e-03
3.263747499999999913e-01,8.023981179000000408e-01,2.379827249000000117e-02,-9.332066656000000821e-03
3.266855499999999912e-01,8.038384565999999731e-01,2.103600460999999894e-02,-9.056214544999999921e-03
3.270002799999999765e-01,8.058810330000000244e-01,1.791454941999999842e-02,-8.744606561000000181e-03
3.273192899999999850e-01,8.080758549000000013e-01,1.447072821999999953e-02,-8.399531970000000472e-03
3.276424399999999792e-01,8.106141774999999772e-01,1.097069015000000022e-02,-8.004767156000000550e-03
3.279698400000000125e-01,8.130731974999999556e-01,7.910772086999999161e-03,-7.662264224999999762e-03
3.282993000000000161e-01,8.151363567999999615e-01,5.209325616000000034e-03,-7.407569202000000193e-03
3.286287500000000250e-01,8.168241022000000129e-01,3.028949173000000140e-03,-7.109282911000000017e-03
3.289584600000000081e-01,8.176762402999999679e-01,1.355227789999999960e-03,-6.839468904999999876e-03
3.292881799999999859e-01,8.182034003000000499e-01,-2.955929917000000106e-05,-6.610725938999999739e-03
3.296178900000000245e-01,8.185310793000000196e-01,-1.123353424999999932e-03,-6.467707268999999849e-03
3.299478599999999817e-01,8.175111525999999573e-01,-1.610168732000000040e-03,-6.361521688000000042e-03
3.302778299999999945e-01,8.162127893999999717e-01,-1.541079364999999946e-03,-6.364447886999999998e-03
3.306078000000000072e-01,8.140712166000000360e-01,-1.683402603000000051e-03,-6.352547434999999618e-03
3.309377700000000200e-01,8.125279022000000406e-01,-1.582315097999999979e-03,-6.455076171999999876e-03
3.312680000000000069e-01,8.111939397999999857e-01,-1.455637520999999946e-03,-6.589617532000000347e-03
3.315982299999999938e-01,8.099770951000000441e-01,-1.401159734000000014e-03,-6.718679538999999985e-03
3.319284599999999807e-01,8.075200890999999492e-01,-9.857545045999999492e-04,-6.874008679999999913e-03
3.322586900000000232e-01,8.049199861000000400e-01,-2.167290148999999940e-04,-7.096524709000000090e-03
3.325889200000000101e-01,8.017290204999999448e-01,3.686582339000000152e-04,-7.190013416000000379e-03
3.329194100000000267e-01,7.988586063000000514e-01,1.100821967999999909e-03,-7.295372730000000173e-03
3.332498999999999878e-01,7.960061194999999978e-01,2.019295001999999936e-03,-7.393282012000000104e-03
3.335803900000000044e-01,7.937241657000000394e-01,3.153031862000000175e-03,-7.409025783999999976e-03
3.339108900000000157e-01,7.908239475999999657e-01,4.860759234000000019e-03,-7.413209397000000180e-03
3.342413799999999768e-01,7.889481741999999631e-01,6.518766793999999920e-03,-7.376400318999999997e-03
3.345718699999999934e-01,7.871593922999999826e-01,8.036865035000000101e-03,-7.254377190999999891e-03
3.349023600000000100e-01,7.869289672999999485e-01,9.174554333000000533e-03,-7.066997093999999834e-03
3.352328500000000266e-01,7.873283451999999460e-01,1.018008446000000060e-02,-6.850514805000000075e-03
3.355633399999999877e-01,7.877957461000000272e-01,1.053007551999999951e-02,-6.393087682999999861e-03
3.358938399999999991e-01,7.880931828999999667e-01,1.096053402000000086e-02,-5.925458455000000117e-03
3.362230099999999888e-01,7.889015901999999469e-01,1.080570047000000040e-02,-5.391181352999999989e-03
3.365498499999999837e-01,7.901574776999999994e-01,9.985382362000000400e-03,-4.804900469000000264e-03
3.368746400000000030e-01,7.904239538999999759e-01,8.826532361999999202e-03,-4.078883721000000316e-03
3.371981499999999743e-01,7.915491658000000097e-01,7.381944383000000297e-03,-3.269417174999999891e-03
3.375209000000000126e-01,7.925498993999999797e-01,5.810272374999999809e-03,-2.528019519999999930e-03
3.378436599999999901e-01,7.937928828000000436e-01,4.005780520000000108e-03,-1.826584836999999928e-03
3.381666600000000078e-01,7.956556748999999984e-01,2.023019653000000025e-03,-1.148304118999999906e-03
3.384904300000000088e-01,7.972275760000000489e-01,-2.891761022999999979e-04,-5.836798852000000312e-04
3.388152199999999725e-01,7.987096742999999499e-01,-2.266323985000000176e-03,-6.385492733999999877e-05
3.391412999999999789e-01,7.992207472000000257e-01,-4.093159996999999779e-03,3.061494478999999928e-04
3.394689399999999968e-01,8.010007437999999702e-01,-5.854315300999999791e-03,6.045281689999999850e-04
3.397984199999999899e-01,8.007981240999999528e-01,-7.737205880999999986e-03,9.076861061999999623e-04
3.401289599999999802e-01,8.009598234000000483e-01,-9.315206666999999857e-03,1.211233738000000015e-03
3.404595000000000260e-01,8.008109327000000333e-01,-1.080305938999999958e-02,1.304804731000000018e-03
3.407900400000000163e-01,8.011451435999999982e-01,-1.228457542999999985e-02,1.400019942000000099e-03
3.411205800000000066e-01,8.004871582999999458e-01,-1.314015280000000070e-02,1.354953103999999905e-03
3.414511199999999969e-01,8.000770134000000366e-01,-1.382943682000000070e-02,1.239699119000000098e-03
3.417816699999999819e-01,7.996492137999999805e-01,-1.447995078999999956e-02,9.939255781000000487e-04
3.421122100000000277e-01,8.003863624999999482e-01,-1.492055555000000068e-02,6.190324230999999598e-04
3.424427500000000180e-01,8.009940868999999575e-01,-1.471573932999999980e-02,1.442017100000000062e-04
3.427732900000000082e-01,8.023058013999999627e-01,-1.404209430000000029e-02,-3.931887277000000206e-04
3.431038299999999985e-01,8.025014617000000294e-01,-1.306934899000000011e-02,-9.865166289000000012e-04
3.434346400000000132e-01,8.038125135000000476e-01,-1.173022297000000068e-02,-1.480824892000000064e-03
3.437651800000000035e-01,8.042659907000000441e-01,-1.007879794000000016e-02,-1.951222454999999986e-03
3.440959900000000182e-01,8.047174945999999718e-01,-8.559658188999999182e-03,-2.282696329999999840e-03
3.444267999999999774e-01,8.046387687999999594e-01,-7.260608138999999871e-03,-2.677095765999999970e-03
3.447576099999999921e-01,8.057345209999999813e-01,-5.801321372000000157e-03,-3.014539973000000123e-03
3.450884200000000068e-01,8.059172208999999532e-01,-4.506655656000000017e-03,-3.336912262999999854e-03
3.454192300000000215e-01,8.078922973000000063e-01,-3.354111033000000200e-03,-3.602693734999999793e-03
3.457478900000000022e-01,8.095047771000000170e-01,-2.306080983999999820e-03,-3.909628158999999860e-03
3.460736400000000157e-01,8.126939041999999835e-01,-2.049383668000000040e-03,-4.018500347000000285e-03
3.463965199999999856e-01,8.153076518999999855e-01,-1.535732401000000072e-03,-4.200272873000000101e-03
3.467168400000000261e-01,8.180877983000000020e-01,-9.946304742000000500e-04,-4.248548571999999877e-03
3.470346400000000053e-01,8.196371889000000355e-01,-4.028398277000000069e-04,-4.282929425000000026e-03
3.473506900000000175e-01,8.222284290000000384e-01,-5.233264701999999855e-04,-4.138424996000000279e-03
3.476657499999999956e-01,8.233579330000000418e-01,-5.409388332999999971e-04,-4.014457243000000251e-03
3.479803200000000096e-01,8.251992850999999574e-01,-5.725632087999999679e-04,-3.804694068000000120e-03
3.482951400000000031e-01,8.263472255999999572e-01,3.254206471000000063e-05,-3.662167332999999997e-03
3.486109399999999803e-01,8.275628186000000275e-01,7.197703245999999841e-04,-3.462167814000000152e-03
3.489284999999999748e-01,8.284000604000000267e-01,1.649807710000000078e-03,-3.362803745000000205e-03
3.492483299999999957e-01,8.294682730000000337e-01,2.803278961999999819e-03,-3.188371780000000093e-03
3.495712599999999948e-01,8.294615559000000360e-01,4.201022827000000168e-03,-3.066125830999999989e-03
3.498975999999999753e-01,8.298450213000000408e-01,5.857843385000000361e-03,-2.986716200000000005e-03
3.502282700000000082e-01,8.298413140999999493e-01,7.432816632999999715e-03,-2.975698923999999922e-03
3.505589299999999908e-01,8.294827931999999571e-01,8.814410426999999548e-03,-2.961307600000000033e-03
3.508895899999999735e-01,8.285384961999999742e-01,9.906794123000000826e-03,-3.086151751000000120e-03
3.512202600000000063e-01,8.274105914999999589e-01,1.060356028999999943e-02,-3.166435331999999971e-03
3.515509199999999890e-01,8.263736877999999786e-01,1.084837123999999979e-02,-3.335784441000000031e-03
3.518815800000000271e-01,8.260542825000000144e-01,1.110522597000000028e-02,-3.552104471999999787e-03
3.522122500000000045e-01,8.253611169000000247e-01,1.056267756999999981e-02,-3.980908590000000261e-03
3.525431800000000115e-01,8.243660028999999501e-01,1.035843518000000019e-02,-4.326805187000000094e-03
3.528741200000000133e-01,8.229780370999999484e-01,1.044704435000000028e-02,-4.789267584000000098e-03
3.532050600000000151e-01,8.225870805999999646e-01,1.041186197000000015e-02,-5.171985855000000090e-03
3.535360000000000169e-01,8.200182001000000387e-01,1.004111971999999998e-02,-5.483985008000000216e-03
3.538669400000000187e-01,8.182631925000000139e-01,9.171234521000000417e-03,-5.676683323999999649e-03
3.541978800000000205e-01,8.161805815999999547e-01,8.521549213999999803e-03,-5.903258829000000360e-03
3.545288100000000275e-01,8.144356527999999651e-01,8.175940011999999549e-03,-6.109341221999999884e-03
3.548597499999999738e-01,8.132532125000000445e-01,7.870936109000000250e-03,-6.418474444000000362e-03
3.551906899999999756e-01,8.129774787000000336e-01,7.098262529000000202e-03,-6.584392835999999805e-03
3.555216299999999774e-01,8.116812026999999929e-01,6.057149526999999582e-03,-6.691353865000000158e-03
3.558528400000000036e-01,8.105910597000000051e-01,4.750246964999999683e-03,-6.631963054999999614e-03
3.561840600000000245e-01,8.089706569000000291e-01,3.247509168000000182e-03,-6.583325672999999593e-03
3.565152799999999900e-01,8.080137211000000264e-01,1.379169464000000065e-03,-6.548456747000000293e-03
3.568464900000000162e-01,8.082406181000000300e-01,-2.603214884000000116e-04,-6.685591660000000241e-03
3.571777099999999816e-01,8.089787958999999917e-01,-1.698523854000000017e-03,-6.763457811000000292e-03
3.575089300000000025e-01,8.096408318000000159e-01,-3.114115491999999968e-03,-6.785213382999999779e-03
3.578401399999999732e-01,8.104398282000000453e-01,-4.501961042999999899e-03,-6.701214803999999865e-03
3.581713599999999942e-01,8.099948451999999799e-01,-5.476933417000000304e-03,-6.653534644999999602e-03
3.585025700000000204e-01,8.100458123999999538e-01,-5.972124512999999781e-03,-6.606238424000000428e-03
3.588337899999999858e-01,8.097922762000000496e-01,-5.718894526000000041e-03,-6.630701321000000148e-03
3.591650100000000068e-01,8.097745071999999933e-01,-4.727748650000000372e-03,-6.649256850999999725e-03
3.594962199999999775e-01,8.091294643999999980e-01,-3.064996783999999856e-03,-6.685857421000000397e-03
3.598257599999999945e-01,8.096497607000000540e-01,-1.068988633999999951e-03,-6.717019757999999861e-03
3.601466300000000231e-01,8.096223992000000091e-01,1.254012994000000027e-03,-6.652061195999999996e-03
3.604602700000000270e-01,8.091912146999999944e-01,3.825611257999999865e-03,-6.517867242000000005e-03
3.607677200000000139e-01,8.077448314999999823e-01,6.352567249999999804e-03,-6.426113960000000291e-03
3.610696800000000040e-01,8.067012732999999658e-01,8.918164590999999933e-03,-6.346748676000000047e-03
3.613672600000000235e-01,8.057975842000000277e-01,1.200718226999999971e-02,-6.448314553999999650e-03
3.616616799999999854e-01,8.072433894999999637e-01,1.533277555999999937e-02,-6.679148038999999613e-03
3.619541000000000008e-01,8.071396019000000033e-01,1.841832255999999862e-02,-6.829845333999999719e-03
3.622456399999999799e-01,8.084987121000000165e-01,2.118541403999999947e-02,-7.009824617999999702e-03
3.625374100000000044e-01,8.083187555999999940e-01,2.369387729999999914e-02,-7.159436211999999945e-03
3.628300500000000151e-01,8.098451110000000064e-01,2.607853518999999828e-02,-7.122739097999999935e-03
3.631244800000000272e-01,8.109027331000000505e-01,2.806934089999999979e-02,-7.054633945000000385e-03
3.634209299999999754e-01,8.134393637000000288e-01,2.966719061999999879e-02,-6.858591386000000012e-03
3.637201400000000251e-01,8.146584680999999772e-01,3.066314850999999828e-02,-6.540107453999999786e-03
3.640226300000000137e-01,8.160831922000000294e-01,3.096836868000000034e-02,-5.908329278000000115e-03
3.643292100000000144e-01,8.161007561999999993e-01,3.062306546999999865e-02,-5.247167554000000018e-03
3.646402300000000096e-01,8.165269375999999468e-01,2.990298518000000100e-02,-4.246951288000000262e-03
3.649558399999999758e-01,8.157179637000000483e-01,2.912774686999999862e-02,-3.318884740999999885e-03
3.652764499999999748e-01,8.146755396999999510e-01,2.790858558999999989e-02,-2.180389947000000144e-03
3.656016599999999950e-01,8.128565261000000319e-01,2.693019627999999888e-02,-1.098745155999999957e-03
3.659310499999999799e-01,8.113906244999999906e-01,2.632632193000000037e-02,-1.190910969999999940e-04
3.662621400000000138e-01,8.097892719999999489e-01,2.556234707000000148e-02,8.075166417999999572e-04
3.665932399999999869e-01,8.098728107999999537e-01,2.422555490000000145e-02,1.661345719999999995e-03
3.669243300000000207e-01,8.102068397999999672e-01,2.236287386000000016e-02,2.465628412000000179e-03
3.672554199999999991e-01,8.111461500000000102e-01,2.013570465999999989e-02,3.231300079999999998e-03
3.675867999999999913e-01,8.117577682000000072e-01,1.796442250000000046e-02,3.882659450000000047e-03
3.679181799999999836e-01,8.132215135999999456e-01,1.522315775999999975e-02,4.430701413999999644e-03
3.682495599999999758e-01,8.142105847999999702e-01,1.246312867000000033e-02,4.932096476000000229e-03
3.685809500000000183e-01,8.154141097999999532e-01,9.572226414999999294e-03,5.397878707000000262e-03
3.689123300000000105e-01,8.168375066999999934e-01,6.728303037000000000e-03,5.754061343000000349e-03
3.692440000000000166e-01,8.190734684999999571e-01,3.814260459000000207e-03,6.011715745000000000e-03
3.695756599999999725e-01,8.211207296000000433e-01,1.089175623000000065e-03,6.178053993999999688e-03
3.699073299999999787e-01,8.237046600999999857e-01,-1.678588196000000039e-03,6.309126885000000337e-03
3.702389999999999848e-01,8.254191401999999567e-01,-4.100443445000000013e-03,6.346244616999999720e-03
3.705706699999999909e-01,8.270052495999999920e-01,-6.292298994000000353e-03,6.349624465000000204e-03
3.709023399999999970e-01,8.268319143000000260e-01,-7.867354572999999893e-03,6.317278953999999613e-03
3.712340100000000032e-01,8.259414324999999613e-01,-9.226912094999999495e-03,6.424132257999999769e-03
3.715656800000000093e-01,8.251118535000000476e-01,-1.040046447000000061e-02,6.550222716000000250e-03
3.718976399999999738e-01,8.240644898000000218e-01,-1.149343610000000057e-02,6.789611487999999868e-03
3.722295999999999938e-01,8.229957097000000221e-01,-1.217731200999999999e-02,6.916253257999999647e-03
3.725615600000000138e-01,8.216475614999999566e-01,-1.261385492000000053e-02,7.099078602999999744e-03
3.728935199999999783e-01,8.200224861999999559e-01,-1.237046946000000015e-02,7.069643900000000328e-03
3.732237299999999758e-01,8.186398435999999723e-01,-1.225444931999999931e-02,7.054480081999999798e-03
3.735522199999999904e-01,8.161300206999999585e-01,-1.205984006999999934e-02,6.902127794999999948e-03
3.738790000000000169e-01,8.150027739999999854e-01,-1.222815539000000028e-02,6.716457232000000270e-03
3.742040799999999945e-01,8.124273631999999745e-01,-1.231849460999999944e-02,6.508621937000000184e-03
3.745280400000000065e-01,8.109723261000000294e-01,-1.228923114999999969e-02,6.223948762999999967e-03
3.748511700000000113e-01,8.091167894999999888e-01,-1.202186738999999963e-02,5.853811351000000329e-03
3.751734600000000142e-01,8.073081619999999958e-01,-1.185264389000000029e-02,5.577354155999999889e-03
3.754951999999999734e-01,8.051199608000000341e-01,-1.211129633000000011e-02,5.353531568000000247e-03
3.758166700000000193e-01,8.033024860999999905e-01,-1.246160179000000041e-02,5.222881018000000326e-03
3.761381300000000150e-01,8.018014968000000131e-01,-1.295376558999999927e-02,5.099917235000000180e-03
3.764595900000000106e-01,8.018868659000000232e-01,-1.345205642999999958e-02,5.010798844999999994e-03
3.767807799999999818e-01,8.012138820999999966e-01,-1.414738720000000005e-02,4.878733324999999683e-03
3.771019700000000086e-01,8.009263193000000225e-01,-1.508926323999999937e-02,4.996651428000000415e-03
3.774228800000000161e-01,8.019130398999999576e-01,-1.584173326000000090e-02,5.018934130999999979e-03
3.777443400000000118e-01,8.039837449000000191e-01,-1.683329222000000056e-02,5.139189132000000076e-03
3.780674800000000113e-01,8.051984879000000372e-01,-1.827788657999999955e-02,5.353654250999999656e-03
3.783928799999999870e-01,8.073887008000000254e-01,-1.973893940999999971e-02,5.652548545000000285e-03
3.787214500000000150e-01,8.085925365999999670e-01,-2.094014812999999905e-02,5.954798689000000145e-03
3.790535400000000221e-01,8.102486581000000188e-01,-2.185765341000000042e-02,6.236024229999999682e-03
3.793856299999999737e-01,8.112523909000000089e-01,-2.324190152000000023e-02,6.539491504999999857e-03
3.797177199999999808e-01,8.122401645000000281e-01,-2.475204502999999931e-02,6.972264403000000277e-03
3.800498099999999879e-01,8.127496317000000303e-01,-2.597948091999999903e-02,7.232448867999999829e-03
3.803818999999999950e-01,8.134068305999999637e-01,-2.689959780000000106e-02,7.526798896999999794e-03
3.807139999999999969e-01,8.127432245000000277e-01,-2.721768554999999881e-02,7.700276584999999653e-03
3.810460900000000040e-01,8.133717705999999881e-01,-2.726745856999999995e-02,7.877285463999999376e-03
3.813781800000000111e-01,8.132023505000000041e-01,-2.683848843000000151e-02,7.889011568999999488e-03
3.817102700000000182e-01,8.134106706999999492e-01,-2.608163759000000151e-02,7.856640006000000648e-03
3.820423600000000253e-01,8.128453600999999695e-01,-2.487018013999999985e-02,7.648167247999999863e-03
3.823744499999999769e-01,8.126333695999999884e-01,-2.316502394999999867e-02,7.497235258999999929e-03
3.827065499999999787e-01,8.108928193000000118e-01,-2.093259537000000114e-02,7.261976154999999662e-03
3.830389399999999944e-01,8.100230993000000490e-01,-1.861305650999999992e-02,7.002723179999999908e-03
3.833710300000000015e-01,8.084873689999999558e-01,-1.612151691999999872e-02,6.649532036000000389e-03
3.837034200000000173e-01,8.077955875000000230e-01,-1.361640851000000055e-02,6.209540310000000000e-03
3.840358099999999775e-01,8.067415169999999636e-01,-1.078689948000000065e-02,5.734900606999999984e-03
3.843682099999999879e-01,8.065000099000000366e-01,-8.012714602000000838e-03,5.301392406000000369e-03
3.847006000000000037e-01,8.063767815000000283e-01,-4.953191436000000010e-03,4.743690132999999962e-03
3.850329900000000194e-01,8.063410828999999502e-01,-1.882481665000000030e-03,4.298848874999999618e-03
3.853653799999999796e-01,8.068509125999999698e-01,8.356777298000000022e-04,3.964474053999999734e-03
3.856977799999999901e-01,8.074241894000000475e-01,3.062299702999999890e-03,3.887644609000000164e-03
3.860301700000000058e-01,8.076658177000000105e-01,4.945651988000000082e-03,3.704294944000000034e-03
3.863625600000000215e-01,8.085420300000000227e-01,6.581191993999999622e-03,3.513472426000000155e-03
3.866949599999999765e-01,8.083044435999999777e-01,7.896710713999999243e-03,3.424765232000000128e-03
3.870273499999999922e-01,8.081286027999999844e-01,9.234760426999999439e-03,3.386602302999999932e-03
3.873597400000000079e-01,8.080834063999999817e-01,1.025356671000000018e-02,3.453331547000000005e-03
3.876921300000000237e-01,8.090102281000000062e-01,1.063993864000000074e-02,3.572829849000000099e-03
3.880245299999999786e-01,8.091142203000000199e-01,1.033871918999999980e-02,3.723075924999999942e-03
3.883569199999999944e-01,8.101205630000000157e-01,9.697347070999999541e-03,3.886568115999999937e-03
3.886893100000000101e-01,8.107059235000000363e-01,8.496725357999999548e-03,4.032501967000000007e-03
3.890220099999999737e-01,8.116685882999999935e-01,7.196761813999999653e-03,4.176549978999999878e-03
3.893543999999999894e-01,8.116048461000000547e-01,5.832595702999999673e-03,4.244805382999999703e-03
3.896871000000000085e-01,8.125789517000000517e-01,4.390994443000000025e-03,4.372062141999999776e-03
3.900198000000000276e-01,8.131189541000000132e-01,2.732560118000000159e-03,4.414039548999999785e-03
3.903524999999999912e-01,8.143880179000000386e-01,1.013691340000000100e-03,4.588603644999999717e-03
3.906852000000000102e-01,8.147026161999999516e-01,-4.675869548999999790e-04,4.601688268999999838e-03
3.910178999999999738e-01,8.159274460000000007e-01,-1.811832445999999935e-03,4.597332925999999750e-03
3.913505899999999982e-01,8.158300487999999850e-01,-2.657191099000000192e-03,4.439964886000000166e-03
3.916832900000000173e-01,8.164656100999999611e-01,-3.490595353999999869e-03,4.209545991000000244e-03
3.920159899999999809e-01,8.157357253000000474e-01,-4.231385312000000322e-03,3.881153298000000144e-03
3.923486899999999999e-01,8.161415009000000387e-01,-4.962359367000000222e-03,3.502899423999999897e-03
3.926813900000000190e-01,8.161529486999999916e-01,-5.589406588999999703e-03,2.862566186000000106e-03
3.930140899999999826e-01,8.168466742000000114e-01,-5.930163803000000275e-03,2.249908686999999973e-03
3.933467900000000017e-01,8.170253261000000045e-01,-6.008346973000000361e-03,1.500674192999999898e-03
3.936794900000000208e-01,8.182875681000000290e-01,-5.800702530999999641e-03,8.050507996999999851e-04
3.940121899999999844e-01,8.186863067999999855e-01,-5.023011905999999818e-03,3.114350372000000000e-05
3.943448800000000087e-01,8.191460966000000399e-01,-4.154302936000000071e-03,-6.450664174000000006e-04
3.946775799999999723e-01,8.188234942000000016e-01,-3.334774473999999825e-03,-1.351106243000000035e-03
3.950102799999999914e-01,8.202403617000000313e-01,-2.452564437999999944e-03,-2.068652238000000167e-03
3.953429800000000105e-01,8.204961581999999920e-01,-1.438917562999999979e-03,-2.755799503999999903e-03
3.956756799999999741e-01,8.211904330999999502e-01,-2.140633685000000049e-04,-3.348885077999999918e-03
3.960083799999999932e-01,8.212357107000000100e-01,1.040685021000000094e-03,-3.907927486000000068e-03
3.963410800000000123e-01,8.213573097999999906e-01,2.078000005999999962e-03,-4.361654260999999790e-03
3.966737799999999758e-01,8.208182644000000527e-01,3.032441010999999825e-03,-4.748934261999999615e-03
3.970064799999999949e-01,8.202645718000000086e-01,3.942580273999999989e-03,-4.969530584999999612e-03
3.973391700000000193e-01,8.194263256999999578e-01,4.781040210999999880e-03,-5.230644448000000384e-03
3.976718699999999829e-01,8.200453894000000465e-01,5.425682008999999778e-03,-5.324936346000000084e-03
3.980045700000000020e-01,8.209074857999999475e-01,5.949014816999999636e-03,-5.392603604999999904e-03
3.983372700000000211e-01,8.220189873000000036e-01,6.332005517000000028e-03,-5.333397412999999788e-03
3.986699699999999846e-01,8.219789905000000063e-01,6.556738272000000103e-03,-5.386746571000000303e-03
3.990026700000000037e-01,8.227201618999999688e-01,6.411148898999999637e-03,-5.370255665999999935e-03
3.993353700000000228e-01,8.230920580999999681e-01,6.256627669000000211e-03,-5.436248004000000279e-03
3.996680699999999864e-01,8.244450469999999864e-01,6.131170114999999997e-03,-5.469206703000000121e-03
4.000007700000000055e-01,8.250273192999999505e-01,6.099628684000000037e-03,-5.668023886999999823e-03
4.003334599999999743e-01,8.261805652999999472e-01,5.988701170000000108e-03,-5.846927862000000052e-03
4.006661599999999934e-01,8.265669049999999629e-01,6.120586404000000029e-03,-5.996144386000000319e-03
4.009988600000000125e-01,8.277738110000000260e-01,6.494172486999999667e-03,-6.161703267000000379e-03
4.013315599999999761e-01,8.277163966999999678e-01,7.364913011000000231e-03,-6.514204527000000064e-03
4.016642599999999952e-01,8.271500167999999986e-01,8.537542109000000393e-03,-6.817711449999999673e-03
4.019969600000000143e-01,8.250898387999999750e-01,9.876790475999999708e-03,-7.069642757000000124e-03
4.023299799999999760e-01,8.234109582999999954e-01,1.129320145999999914e-02,-7.233448303999999614e-03
4.026626700000000003e-01,8.213938903999999930e-01,1.308492636999999958e-02,-7.458521378000000299e-03
4.029953700000000194e-01,8.194313170000000479e-01,1.478274930000000008e-02,-7.554822624000000209e-03
4.033280699999999830e-01,8.177564628000000280e-01,1.645930186000000087e-02,-7.599391458999999946e-03
4.036610900000000002e-01,8.166657891999999919e-01,1.799318290999999889e-02,-7.571183696000000247e-03
4.039937900000000193e-01,8.145270042000000155e-01,1.954990662000000157e-02,-7.537359627999999645e-03
4.043268099999999809e-01,8.130252032000000462e-01,2.102894970000000058e-02,-7.504435821999999590e-03
4.046598299999999981e-01,8.113276721000000080e-01,2.259296762999999861e-02,-7.478714729000000144e-03
4.049928400000000206e-01,8.100599806999999597e-01,2.341202008999999917e-02,-7.437553952000000058e-03
4.053258599999999823e-01,8.081566438999999713e-01,2.424455178999999905e-02,-7.412513328000000339e-03
4.056588799999999995e-01,8.072390577000000400e-01,2.506996540999999884e-02,-7.432140614999999985e-03
4.059919000000000167e-01,8.071340217000000372e-01,2.596383836000000153e-02,-7.461492499000000299e-03
4.063249199999999783e-01,8.072208517000000194e-01,2.606609170999999933e-02,-7.293259112000000273e-03
4.066579399999999955e-01,8.071933247999999450e-01,2.613377819999999907e-02,-6.990502376000000233e-03
4.069909600000000127e-01,8.077922909000000429e-01,2.522432159999999854e-02,-6.422430994999999733e-03
4.073239699999999797e-01,8.086835915000000208e-01,2.355329864999999856e-02,-5.775289603000000049e-03
4.076569899999999969e-01,8.099095997999999907e-01,2.185073446000000003e-02,-4.999158975999999643e-03
4.079900100000000140e-01,8.104509522999999716e-01,1.969133815000000121e-02,-4.175088088999999621e-03
4.083230299999999757e-01,8.117567932000000486e-01,1.715860463999999835e-02,-3.125055068000000009e-03
4.086560499999999929e-01,8.122295418999999628e-01,1.450576523000000027e-02,-2.129772898000000143e-03
4.089890700000000101e-01,8.140131170000000083e-01,1.151004155999999987e-02,-1.004519151999999985e-03
4.093220799999999771e-01,8.148225935999999781e-01,8.761235705000000248e-03,4.494362885999999952e-06
4.096550999999999942e-01,8.162407130000000066e-01,6.276615075999999842e-03,1.018395831999999992e-03
4.099881200000000114e-01,8.162003920999999496e-01,4.175945535000000382e-03,1.853420384999999917e-03
4.103211399999999731e-01,8.166305611999999936e-01,2.384190961000000070e-03,2.572545638999999915e-03
4.106541599999999903e-01,8.167162681999999840e-01,9.582410964000000458e-04,3.109071988000000099e-03
4.109871800000000075e-01,8.174110478999999652e-01,-1.726842969999999944e-04,3.407678123999999861e-03
4.113202000000000247e-01,8.175726639000000517e-01,-1.067825438000000095e-03,3.485411415999999964e-03
4.116532099999999916e-01,8.191904735999999687e-01,-1.672785521000000070e-03,3.532679623000000053e-03
4.119862300000000088e-01,8.206550224999999976e-01,-1.878219682000000076e-03,3.352330609999999884e-03
4.123192500000000260e-01,8.215986105000000483e-01,-1.828135274000000036e-03,3.153321073999999866e-03
4.126522699999999877e-01,8.220235230000000337e-01,-1.567703985999999898e-03,2.845681169999999833e-03
4.129852900000000049e-01,8.219104431000000544e-01,-1.158672862999999935e-03,2.596235788000000010e-03
4.133183100000000221e-01,8.206236465999999785e-01,-5.146705764000000533e-04,2.342163075000000105e-03
4.136513199999999890e-01,8.198738163000000023e-01,1.674237657000000000e-04,2.100756662000000021e-03
4.139843400000000062e-01,8.181597850999999810e-01,1.218625941000000016e-03,1.790660786000000020e-03
4.143173600000000234e-01,8.170167422999999873e-01,2.591831236000000094e-03,1.454163707000000064e-03
4.146503799999999851e-01,8.156933545000000230e-01,3.718878375999999913e-03,1.115074103999999988e-03
4.149834000000000023e-01,8.147088987999999699e-01,4.365522254999999567e-03,8.887560721000000016e-04
4.153164200000000195e-01,8.130559998999999927e-01,5.147879672999999649e-03,5.600178655000000129e-04
4.156494399999999811e-01,8.114144012999999767e-01,5.721457650000000110e-03,3.929704728000000245e-04
4.159824500000000036e-01,8.097134863999999599e-01,5.795310667000000068e-03,1.776117130999999927e-04
4.163154700000000208e-01,8.084633181999999474e-01,5.751866726000000145e-03,1.120152300999999981e-04
4.166484899999999825e-01,8.064480375000000478e-01,5.584156334999999804e-03,-5.150758212999999980e-05
4.169815099999999997e-01,8.054155938999999487e-01,5.416720281000000047e-03,-8.162831299999999456e-05
4.173145300000000169e-01,8.028719106999999688e-01,5.092468365999999573e-03,-1.727948695000000080e-04
4.176475499999999785e-01,8.021249028000000392e-01,4.523928959999999611e-03,-2.943458989999999872e-04
4.179805699999999957e-01,8.010093297000000501e-01,4.012858349999999692e-03,-4.312849084000000099e-04
4.183135800000000182e-01,8.012341930999999917e-01,3.237931826000000051e-03,-4.376318018999999734e-04
4.186465999999999799e-01,8.010174507999999749e-01,2.572681061000000029e-03,-5.015085330000000488e-04
4.189796199999999970e-01,8.013761125999999679e-01,1.606010559000000098e-03,-4.760602624999999734e-04
4.193126400000000142e-01,8.016972548999999892e-01,8.286182787999999463e-04,-6.559717531999999674e-04
4.196456599999999759e-01,8.029390404999999786e-01,-1.450167878999999993e-04,-7.218471612000000332e-04
4.199786799999999931e-01,8.030461190000000027e-01,-1.136564493000000045e-03,-7.422611035000000477e-04
4.203116900000000156e-01,8.038835896999999564e-01,-2.107641353999999828e-03,-7.482283517000000482e-04
4.206447099999999772e-01,8.035501618999999485e-01,-3.092763477999999934e-03,-7.466054517999999845e-04
4.209777299999999944e-01,8.035263795999999514e-01,-4.548675636999999911e-03,-6.450614052999999919e-04
4.213107500000000116e-01,8.027926144000000486e-01,-5.823093147000000386e-03,-5.541959978999999939e-04
4.216437699999999733e-01,8.020829543999999922e-01,-6.998370674999999756e-03,-3.984836796999999915e-04
4.219767899999999905e-01,8.012501042999999878e-01,-8.192223724999999485e-03,-2.865894012999999746e-04
4.223098100000000077e-01,8.009564285000000394e-01,-9.370400968999999247e-03,-6.733002012999999653e-05
4.226428199999999746e-01,8.002575793999999743e-01,-1.028226466999999922e-02,5.859157238000000008e-05
4.229758399999999918e-01,8.006130649999999571e-01,-1.091722988000000047e-02,2.075154181000000097e-04
4.233088600000000090e-01,8.013386194999999601e-01,-1.099265512000000000e-02,2.747353714000000196e-04
4.236418800000000262e-01,8.025339800999999884e-01,-1.074592733999999924e-02,2.679501032000000129e-04
4.239748999999999879e-01,8.033909029000000368e-01,-1.017091564000000004e-02,1.962383435000000103e-04
4.243079200000000051e-01,8.048854568000000098e-01,-9.422093976999999440e-03,-1.420620310999999925e-05
4.246409400000000223e-01,8.054444601000000370e-01,-8.329652482000000566e-03,-3.141930304000000005e-04
4.249739499999999892e-01,8.063758926999999854e-01,-7.173693909999999917e-03,-6.294139593999999822e-04
4.253069700000000064e-01,8.069835062000000336e-01,-5.813561376999999870e-03,-9.904269238000000183e-04
4.256399900000000236e-01,8.085235775000000347e-01,-4.485178878000000216e-03,-1.276864272999999944e-03
4.259730099999999853e-01,8.094748699999999575e-01,-3.208052220999999850e-03,-1.587779796999999951e-03
4.263060300000000025e-01,8.108128685000000058e-01,-2.155793367999999863e-03,-1.731855692000000080e-03
4.266390500000000197e-01,8.109815340999999567e-01,-1.142132151999999956e-03,-1.880686295000000025e-03
4.269720599999999866e-01,8.116115935000000059e-01,-5.991931518000000135e-04,-1.915085423000000009e-03
4.273050800000000038e-01,8.113628862999999747e-01,-1.858529883999999978e-04,-1.881949878999999905e-03
4.276381000000000210e-01,8.121636462000000334e-01,-3.150608144000000021e-05,-1.671838829000000083e-03
4.279711199999999827e-01,8.124872422000000149e-01,3.411311624000000205e-04,-1.506040707999999929e-03
4.283041399999999999e-01,8.135325066999999910e-01,7.510283461000000519e-04,-1.151745803000000070e-03
4.286371600000000170e-01,8.134123321999999767e-01,8.942512945000000027e-04,-7.618071501000000080e-04
4.289701799999999787e-01,8.143425623000000169e-01,9.100468889999999925e-04,-2.662059094000000098e-04
4.293031900000000012e-01,8.147474144999999890e-01,1.244929349999999990e-03,1.762121201000000129e-04
4.296362100000000184e-01,8.174269431999999780e-01,1.317247933000000081e-03,4.936833906000000129e-04
4.299692299999999801e-01,8.200703666999999975e-01,1.698889417999999932e-03,5.761449888000000005e-04
4.303022499999999972e-01,8.234969556000000246e-01,2.000127527000000044e-03,7.756815068000000400e-04
4.306352700000000144e-01,8.257283718000000272e-01,2.237928902000000005e-03,9.096506535000000110e-04
4.309682899999999761e-01,8.280793839000000212e-01,2.328931714999999975e-03,1.023421021999999965e-03
4.313012999999999986e-01,8.282349152000000325e-01,2.774159867000000005e-03,9.300448276999999982e-04
4.316343200000000158e-01,8.289503578000000372e-01,2.790161546000000190e-03,7.679278899999999759e-04
4.319673399999999774e-01,8.286161670999999673e-01,2.878941627999999971e-03,4.022913372000000063e-04
4.323003599999999946e-01,8.284374012999999870e-01,2.762562514000000205e-03,6.795706566000000656e-05
4.326333800000000118e-01,8.270206420000000280e-01,2.734821698999999936e-03,-3.558040495999999805e-04
4.329663999999999735e-01,8.263260471000000162e-01,2.643155703000000124e-03,-8.177706421000000133e-04
4.332994199999999907e-01,8.259019919000000209e-01,2.589515741000000208e-03,-1.427782109000000051e-03
4.336324300000000131e-01,8.254911849999999607e-01,2.623311849000000209e-03,-1.937377762000000100e-03
4.339654499999999748e-01,8.254932936000000110e-01,2.671000543000000196e-03,-2.416674338000000116e-03
4.342984699999999920e-01,8.261354263000000309e-01,2.627786511000000137e-03,-2.908038598000000155e-03
4.346314900000000092e-01,8.257094597999999896e-01,2.881736293999999886e-03,-3.447849242000000126e-03
4.349645100000000264e-01,8.257581695000000277e-01,3.449357689999999962e-03,-3.953122465999999759e-03
4.352975299999999881e-01,8.252151030000000054e-01,3.875902468999999941e-03,-4.564943281999999866e-03
4.356305500000000053e-01,8.262412037999999903e-01,4.473194358999999648e-03,-5.059053007000000393e-03
4.359635600000000277e-01,8.269506741000000050e-01,5.161316935999999723e-03,-5.703152048999999765e-03
4.362965799999999894e-01,8.290650872999999477e-01,5.607454034999999858e-03,-6.289961307999999800e-03
4.366296000000000066e-01,8.303139455000000391e-01,6.131613236999999654e-03,-6.865239068000000139e-03
4.369626200000000238e-01,8.314583025999999766e-01,6.093684985000000220e-03,-7.201271983000000383e-03
4.372956399999999855e-01,8.310936037999999693e-01,5.933062071999999944e-03,-7.464526138000000290e-03
4.376286600000000027e-01,8.301634919999999473e-01,5.713453418999999908e-03,-7.584119186000000401e-03
4.379616700000000251e-01,8.296933357000000342e-01,5.181703250000000045e-03,-7.641622584999999655e-03
4.382946899999999868e-01,8.302207202000000397e-01,4.606343526000000223e-03,-7.611690780999999864e-03
4.386277100000000040e-01,8.289928388999999731e-01,3.835850253999999876e-03,-7.587951100000000365e-03
4.389607300000000212e-01,8.289948244000000521e-01,3.064564240999999994e-03,-7.483373907000000040e-03
4.392937499999999829e-01,8.296432846000000305e-01,2.567429782999999886e-03,-7.483500698000000381e-03
4.396267700000000000e-01,8.307227608999999680e-01,2.342574834000000182e-03,-7.528362172999999991e-03
4.399597900000000172e-01,8.321945025000000440e-01,2.260289768999999924e-03,-7.766641405999999588e-03
4.402927999999999842e-01,8.337341203999999451e-01,2.669736348000000155e-03,-8.079776542999999450e-03
4.406258200000000014e-01,8.348715195999999450e-01,3.453661223000000207e-03,-8.557431406000000004e-03
4.409588400000000186e-01,8.369473498999999705e-01,4.568604010000000375e-03,-9.054233362999999923e-03
4.412918599999999802e-01,8.377595568000000270e-01,6.044967499000000223e-03,-9.575913506000000713e-03
4.416248799999999974e-01,8.379520541999999628e-01,7.610309909000000268e-03,-1.000969529000000045e-02
4.419579000000000146e-01,8.372440508999999809e-01,9.393424540000000489e-03,-1.047170119000000003e-02
4.422909099999999816e-01,8.373129151000000547e-01,1.132792724000000056e-02,-1.101698077000000039e-02
4.426239299999999988e-01,8.372834458000000257e-01,1.332292998000000027e-02,-1.163383399999999915e-02
4.429498900000000128e-01,8.387220973000000246e-01,1.532705680999999973e-02,-1.212819715999999964e-02
4.432667599999999819e-01,8.392001130999999781e-01,1.683094858999999860e-02,-1.260889884000000044e-02
4.435762799999999895e-01,8.397028117999999486e-01,1.820314145000000161e-02,-1.300975671000000056e-02
4.438796700000000039e-01,8.394402688000000001e-01,1.939139549000000115e-02,-1.339345158000000008e-02
4.441780300000000015e-01,8.392708917000000213e-01,2.047725862999999827e-02,-1.368737746999999956e-02
4.444720899999999864e-01,8.384908911999999770e-01,2.104098487000000128e-02,-1.385473071000000063e-02
4.447625199999999945e-01,8.385798693999999553e-01,2.148345625000000134e-02,-1.382063600000000073e-02
4.450502100000000016e-01,8.377669053999999838e-01,2.175205103000000043e-02,-1.381147882999999958e-02
4.453357399999999799e-01,8.378614406000000070e-01,2.183346425000000021e-02,-1.363271945000000054e-02
4.456196800000000180e-01,8.367815245999999929e-01,2.160535014000000004e-02,-1.343546535000000007e-02
4.459025600000000034e-01,8.367924233000000322e-01,2.091845749000000032e-02,-1.302337398000000084e-02
4.461846500000000160e-01,8.366207083000000155e-01,1.999256077000000076e-02,-1.273811598999999989e-02
4.464664899999999936e-01,8.368328763000000281e-01,1.903731751999999944e-02,-1.238452427000000071e-02
4.467485800000000062e-01,8.357217446000000383e-01,1.825644330999999856e-02,-1.213458622999999924e-02
4.470312000000000174e-01,8.355320348000000452e-01,1.751925743000000077e-02,-1.176312606999999934e-02
4.473146100000000014e-01,8.346286966000000529e-01,1.704394379999999917e-02,-1.147394539000000033e-02
4.475990899999999773e-01,8.344833190999999539e-01,1.647280573999999886e-02,-1.100369214000000012e-02
4.478849200000000197e-01,8.331119040000000142e-01,1.599397501999999874e-02,-1.053011289999999933e-02
4.481723699999999866e-01,8.329919866999999645e-01,1.508497049000000027e-02,-9.885899974999999215e-03
4.484614800000000234e-01,8.328006586999999739e-01,1.424182996999999971e-02,-9.334878403999999699e-03
4.487525399999999776e-01,8.327253166000000428e-01,1.351304719000000036e-02,-8.657254693000000778e-03
4.490458700000000136e-01,8.316796412000000416e-01,1.277542471000000027e-02,-7.915648880000000776e-03
4.493417900000000187e-01,8.317338652000000332e-01,1.182564195000000012e-02,-7.101494108999999860e-03
4.496406499999999751e-01,8.305641829000000032e-01,1.079893558000000024e-02,-6.298182969000000291e-03
4.499425200000000125e-01,8.302630032000000160e-01,9.752036785999999846e-03,-5.418181238000000129e-03
4.502477699999999916e-01,8.297267668000000151e-01,9.170362487999999396e-03,-4.657791288000000252e-03
4.505561599999999833e-01,8.300940853999999591e-01,8.292525219000000669e-03,-3.885505813999999818e-03
4.508680800000000044e-01,8.288017691000000298e-01,7.510490283999999607e-03,-3.197946472999999967e-03
4.511832800000000199e-01,8.274611397000000146e-01,6.944796431000000055e-03,-2.452201487999999992e-03
4.515015099999999948e-01,8.253818172000000342e-01,6.541618336000000304e-03,-1.815005919999999971e-03
4.518228200000000139e-01,8.238104218999999784e-01,6.320779020999999810e-03,-1.144027730000000053e-03
4.521469300000000024e-01,8.214440736000000465e-01,6.019169298000000105e-03,-5.903887652999999800e-04
4.524742400000000275e-01,8.202099272999999746e-01,5.830700468999999719e-03,-3.828849358999999840e-05
4.528040899999999924e-01,8.188012028000000164e-01,5.752840791999999821e-03,4.397833940000000119e-04
4.531361600000000101e-01,8.182524265999999713e-01,5.317767357000000028e-03,9.403936858999999713e-04
4.534685900000000047e-01,8.170141979999999693e-01,4.834716485000000417e-03,1.369892648999999950e-03
4.538010199999999994e-01,8.166563631000000045e-01,3.962208727999999743e-03,1.706041263999999967e-03
4.541334599999999888e-01,8.163657329000000296e-01,2.960268594000000069e-03,1.978300879000000068e-03
4.544658899999999835e-01,8.168331152000000150e-01,1.740076408000000010e-03,2.141451950000000052e-03
4.547983299999999729e-01,8.169436912999999967e-01,3.867521427999999874e-04,2.162891496999999868e-03
4.551307600000000231e-01,8.176036868999999596e-01,-8.921002300999999806e-04,2.098949032999999995e-03
4.554635699999999843e-01,8.187781309999999646e-01,-1.844207737999999921e-03,1.798155441000000038e-03
4.557963800000000010e-01,8.211683163999999868e-01,-2.673564698000000048e-03,1.473253615000000034e-03
4.561291900000000177e-01,8.233015163000000358e-01,-3.219677670000000141e-03,1.003235196999999971e-03
4.564619999999999789e-01,8.261258730999999633e-01,-4.229300802999999900e-03,6.341709495999999597e-04
4.567948099999999956e-01,8.278438594000000483e-01,-5.166472321000000097e-03,3.248087980999999854e-04
4.571276200000000123e-01,8.299008772000000533e-01,-6.424720985999999613e-03,2.012661745000000012e-04
4.574604299999999735e-01,8.308022524000000519e-01,-7.499450557999999892e-03,2.961562533000000087e-05
4.577932399999999902e-01,8.328173166000000238e-01,-8.384178651999999940e-03,-1.938924250999999937e-04
4.581260500000000069e-01,8.330361540999999814e-01,-9.006747815999999185e-03,-4.320912371999999918e-04
4.584592399999999901e-01,8.336027101999999855e-01,-9.620940877000000099e-03,-5.975485845999999653e-04
4.587924299999999733e-01,8.333542543999999941e-01,-1.011209859000000016e-02,-7.347493630999999727e-04
4.591256100000000173e-01,8.335324678000000098e-01,-1.063478139000000045e-02,-8.058528053999999699e-04
4.594584199999999785e-01,8.330761429999999912e-01,-1.111237609999999980e-02,-9.112287459000000065e-04
4.597900899999999846e-01,8.328339694999999931e-01,-1.118772160000000050e-02,-9.750800252999999645e-04
4.601202500000000084e-01,8.320661620999999508e-01,-1.094460690000000069e-02,-1.060388262000000036e-03
4.604489099999999890e-01,8.317228098000000180e-01,-1.034718111999999995e-02,-1.124658051999999960e-03
4.607764599999999988e-01,8.297737492000000215e-01,-9.701808407999999370e-03,-1.128695626999999969e-03
4.611032700000000095e-01,8.280208330999999644e-01,-8.615850330000000834e-03,-1.035124400000000033e-03
4.614296999999999982e-01,8.260786051999999824e-01,-7.631031742999999992e-03,-1.095624869999999897e-03
4.617565100000000089e-01,8.240743311999999543e-01,-6.627017423999999844e-03,-1.134775375999999992e-03
4.620836899999999914e-01,8.213496923999999977e-01,-5.314949490000000012e-03,-1.218263186999999931e-03
4.624116099999999729e-01,8.187621761000000165e-01,-4.216239477999999923e-03,-1.247180820000000053e-03
4.627410399999999924e-01,8.155328783999999942e-01,-2.998758315999999844e-03,-1.299815430999999967e-03
4.630731299999999995e-01,8.121071284999999973e-01,-1.706968525999999963e-03,-1.280289642000000030e-03
4.634063700000000119e-01,8.090003143999999757e-01,-2.136053211999999865e-04,-1.354073552000000088e-03
4.637396200000000190e-01,8.066697052000000312e-01,9.074762800999999941e-04,-1.339569306999999947e-03
4.640728700000000262e-01,8.037243302000000034e-01,2.022363504999999829e-03,-1.355099060999999990e-03
4.644061199999999778e-01,8.011008935000000220e-01,2.640872589000000086e-03,-1.257120412999999893e-03
4.647393699999999850e-01,7.989910131999999887e-01,3.282541552999999890e-03,-1.185861862000000102e-03
4.650726199999999921e-01,7.990772107000000402e-01,3.236286192000000211e-03,-1.038370835999999960e-03
4.654058699999999993e-01,7.981091869999999977e-01,2.909277292000000178e-03,-8.542250398000000074e-04
4.657391100000000117e-01,7.987701941000000527e-01,2.305919568999999919e-03,-5.922858656999999789e-04
4.660723600000000189e-01,7.988771555000000468e-01,1.396676230000000072e-03,-4.119570837999999928e-04
4.664056100000000260e-01,8.005333857999999969e-01,2.883069939000000082e-04,-2.238284525000000069e-04
4.667388599999999776e-01,8.013794887999999839e-01,-8.367955567999999737e-04,-1.464300226999999937e-04
4.670721099999999848e-01,8.026733270999999448e-01,-2.180694128999999867e-03,-4.909897556999999707e-05
4.674053599999999919e-01,8.035822102999999883e-01,-3.395830692000000126e-03,1.237826673000000079e-05
4.677386000000000044e-01,8.053763675999999760e-01,-4.980085038000000262e-03,1.962886718999999950e-04
4.680718500000000115e-01,8.066848492999999509e-01,-6.529781208000000163e-03,3.838327289000000031e-04
4.684051000000000187e-01,8.086827642999999677e-01,-7.757222634000000318e-03,5.932278170999999564e-04
4.687383500000000258e-01,8.089867902999999805e-01,-8.917069774999999629e-03,7.375851563999999590e-04
4.690715999999999775e-01,8.099619890999999461e-01,-9.985427470000000569e-03,8.925924098000000270e-04
4.694048499999999846e-01,8.097656246000000113e-01,-1.080204281000000065e-02,1.088931472000000079e-03
4.697380899999999970e-01,8.104160389000000242e-01,-1.149751172999999987e-02,1.224782843000000098e-03
4.700713400000000042e-01,8.099950297000000354e-01,-1.173032488999999935e-02,1.245147520999999920e-03
4.704045900000000113e-01,8.108567482999999854e-01,-1.147988951999999972e-02,1.144229263999999892e-03
4.707378400000000185e-01,8.115297162000000286e-01,-1.069242383999999962e-02,8.953109169999999865e-04
4.710710900000000256e-01,8.129306816000000380e-01,-9.364841122999999559e-03,5.971489653000000173e-04
4.714043399999999773e-01,8.141059110999999682e-01,-7.436360371000000184e-03,2.380585092999999903e-04
4.717375799999999897e-01,8.160865188000000492e-01,-5.344471683000000251e-03,-1.533202035000000025e-04
4.720708299999999968e-01,8.181111863000000151e-01,-2.926173870999999784e-03,-6.236386280000000195e-04
4.724040800000000040e-01,8.197248040000000291e-01,-2.505487036999999779e-04,-9.936776841000000571e-04
4.727373300000000111e-01,8.200721042999999932e-01,2.654643995999999857e-03,-1.390813344000000002e-03
4.730705800000000183e-01,8.207224320999999545e-01,5.423872796999999572e-03,-1.733930679999999948e-03
4.734038300000000254e-01,8.210907968999999751e-01,8.377462869999999576e-03,-2.194484742000000089e-03
4.737370799999999771e-01,8.217010244000000352e-01,1.094333463000000083e-02,-2.551242970000000033e-03
4.740703199999999895e-01,8.205844989999999672e-01,1.291397690999999959e-02,-2.984175332999999906e-03
4.744035699999999967e-01,8.207147602000000042e-01,1.416181440000000014e-02,-3.382746261000000101e-03
4.747368200000000038e-01,8.194068601999999757e-01,1.521284076000000048e-02,-3.903093440999999813e-03
4.750700700000000110e-01,8.195158796000000523e-01,1.571875195999999919e-02,-4.340921081999999862e-03
4.754033200000000181e-01,8.192817341999999448e-01,1.571582729000000136e-02,-4.891388210000000014e-03
4.757365700000000253e-01,8.199404298000000368e-01,1.543389987999999914e-02,-5.380315981999999643e-03
4.760698099999999822e-01,8.198163885999999456e-01,1.478060896999999936e-02,-5.788591749999999654e-03
4.764030599999999893e-01,8.207954374000000497e-01,1.379028661999999981e-02,-6.133193357999999762e-03
4.767363099999999965e-01,8.211555481000000212e-01,1.273317384999999961e-02,-6.487027723000000391e-03
4.770695600000000036e-01,8.208937226000000420e-01,1.180424669000000072e-02,-6.593830892000000082e-03
4.774028100000000108e-01,8.202255692000000042e-01,1.095936764999999938e-02,-6.655666715999999927e-03
4.777360600000000179e-01,8.209908792000000233e-01,9.777774709000000564e-03,-6.599085436000000186e-03
4.780692999999999748e-01,8.215048552000000504e-01,8.940640430000000582e-03,-6.591492632000000088e-03
4.784025499999999820e-01,8.224627663000000366e-01,8.467056025999999611e-03,-6.486939934999999893e-03
4.787357999999999891e-01,8.232980666000000447e-01,8.185447893000000544e-03,-6.406570745999999941e-03
4.790690499999999963e-01,8.245048874000000527e-01,8.077606576000000496e-03,-6.228716044999999847e-03
4.794023000000000034e-01,8.243968664999999918e-01,7.762239189000000317e-03,-6.043133103999999596e-03
4.797355500000000106e-01,8.247755178000000242e-01,7.557402218999999949e-03,-5.807684355999999902e-03
4.800687900000000230e-01,8.243676756000000161e-01,7.753905301000000271e-03,-5.690214469000000157e-03
4.804020399999999746e-01,8.240645179000000153e-01,8.007926131999999753e-03,-5.535805946000000102e-03
4.807352899999999818e-01,8.230596767000000202e-01,8.393508964999999225e-03,-5.477348523999999580e-03
4.810685399999999889e-01,8.225336775999999572e-01,8.493145917999999489e-03,-5.422682211999999870e-03
4.814017899999999961e-01,8.211053771999999862e-01,8.705251368999999614e-03,-5.439090046000000407e-03
4.817350400000000032e-01,8.214259159000000254e-01,9.431230589000000331e-03,-5.642266848000000029e-03
4.820682900000000104e-01,8.208584886999999997e-01,1.034017809000000072e-02,-5.904934966000000181e-03
4.824015300000000228e-01,8.206960532999999502e-01,1.118029591999999961e-02,-6.143568220999999843e-03
4.827347799999999745e-01,8.192790787999999491e-01,1.201911649999999956e-02,-6.350604380000000361e-03
4.830680299999999816e-01,8.180276614999999474e-01,1.306725700999999962e-02,-6.595278954000000082e-03
4.834012799999999888e-01,8.161914042000000258e-01,1.434895326000000006e-02,-6.850339718000000161e-03
4.837345299999999959e-01,8.154975765999999959e-01,1.566718053000000152e-02,-7.025166107999999791e-03
4.840677800000000031e-01,8.142674495999999706e-01,1.735697442000000076e-02,-7.338966328000000143e-03
4.844010200000000155e-01,8.140227155000000492e-01,1.847829801000000147e-02,-7.550484344000000028e-03
4.847342700000000226e-01,8.124446636000000055e-01,1.925285193999999936e-02,-7.725289784000000104e-03
4.850675199999999743e-01,8.119090235000000488e-01,1.946288595999999885e-02,-7.794688198000000214e-03
4.854007699999999814e-01,8.107629641000000387e-01,1.941381442999999887e-02,-7.905898031999999617e-03
4.857340199999999886e-01,8.108257374999999767e-01,1.853860477999999881e-02,-7.932879303000000409e-03
4.860672699999999957e-01,8.106117852999999984e-01,1.743975623999999974e-02,-7.965778991000000558e-03
4.864005100000000081e-01,8.109155932999999594e-01,1.594190523999999831e-02,-7.827279802000000619e-03
4.867337600000000153e-01,8.100114864999999886e-01,1.470411507000000083e-02,-7.603048672000000188e-03
4.870670100000000224e-01,8.102556666000000352e-01,1.291819573999999915e-02,-7.342431790000000270e-03
4.874002599999999741e-01,8.102215233999999766e-01,1.117047472000000027e-02,-7.063335288999999725e-03
4.877335099999999812e-01,8.107800322999999532e-01,9.389582824999999355e-03,-6.665301351000000110e-03
4.880667599999999884e-01,8.104711884999999949e-01,7.804555890000000259e-03,-6.228742479999999603e-03
4.884000000000000008e-01,8.108017919000000129e-01,6.322609990000000249e-03,-5.658907329000000333e-03
4.887332500000000080e-01,8.107458252000000476e-01,5.122162436000000409e-03,-5.083788815000000322e-03
4.890665000000000151e-01,8.109032312999999714e-01,3.980964150999999861e-03,-4.415166013999999826e-03
4.893997500000000223e-01,8.098926866000000224e-01,2.984238388999999915e-03,-3.776204121999999965e-03
4.897329999999999739e-01,8.098519056999999854e-01,2.112691072000000021e-03,-3.188625588999999868e-03
4.900662499999999810e-01,8.088086703000000321e-01,1.561808841999999921e-03,-2.635858804999999857e-03
4.903994999999999882e-01,8.077440329999999724e-01,1.211508864000000046e-03,-2.049135615999999813e-03
4.907327400000000006e-01,8.064206414000000267e-01,6.079867031000000177e-04,-1.506781111999999992e-03
4.910659900000000078e-01,8.048112704000000006e-01,3.076039474999999975e-04,-1.057755058000000052e-03
4.913992400000000149e-01,8.020713104000000149e-01,3.489439043000000041e-04,-6.986170848000000395e-04
4.917324900000000221e-01,8.001788788000000485e-01,5.395923769000000132e-04,-5.852362230000000224e-04
4.920657399999999737e-01,7.980147432999999957e-01,1.505044033999999951e-03,-7.573242820000000404e-04
4.923989899999999809e-01,7.963722112000000131e-01,2.796251441000000004e-03,-9.422051142000000381e-04
4.927322299999999933e-01,7.942645503999999912e-01,4.537122073000000345e-03,-1.347307141999999928e-03
4.930654800000000004e-01,7.940045959999999514e-01,6.199639732999999951e-03,-1.720880811999999944e-03
4.933987300000000076e-01,7.929425823000000317e-01,8.048134332000000599e-03,-2.251188297999999997e-03
4.937319800000000147e-01,7.932829772999999696e-01,1.011645838000000026e-02,-2.767909613999999970e-03
4.940652300000000219e-01,7.937304559000000204e-01,1.224880362000000007e-02,-3.309846198000000045e-03
4.943984799999999735e-01,7.948180035999999893e-01,1.417351308999999920e-02,-3.659039773000000162e-03
4.947317199999999859e-01,7.953895287000000147e-01,1.618229550999999988e-02,-3.985970816000000347e-03
4.950649699999999931e-01,7.965471106999999495e-01,1.780006356999999997e-02,-4.171695232999999940e-03
4.953982200000000002e-01,7.977141147999999848e-01,1.904712911999999897e-02,-4.305114403999999763e-03
4.957314700000000074e-01,7.997388349999999813e-01,1.966960791999999847e-02,-4.218477626000000091e-03
4.960647200000000145e-01,8.023937811000000364e-01,1.962900911000000151e-02,-4.007216662000000033e-03
4.963979700000000217e-01,8.056454396000000129e-01,1.945242427999999829e-02,-3.727882194000000163e-03
4.967312099999999786e-01,8.090620715999999879e-01,1.855219036999999904e-02,-3.565112652000000052e-03
4.970644599999999858e-01,8.133197756000000167e-01,1.731072745000000052e-02,-3.343779200999999913e-03
4.973977099999999929e-01,8.173919150999999772e-01,1.524023814999999997e-02,-3.045982772999999977e-03
4.977309600000000001e-01,8.214554857000000432e-01,1.269379097000000040e-02,-2.665234586000000093e-03
4.980642100000000072e-01,8.248074748999999484e-01,9.903005564000000663e-03,-2.392533936999999798e-03
4.983974600000000144e-01,8.284375616000000386e-01,6.861402608000000125e-03,-2.108397271999999916e-03
4.987307100000000215e-01,8.309633705000000203e-01,3.929880438000000163e-03,-1.901312438000000039e-03
4.990639499999999784e-01,8.336080376000000181e-01,7.497005498999999469e-04,-1.750876822999999916e-03
4.993971999999999856e-01,8.355022890000000091e-01,-2.382674388000000174e-03,-1.705345897999999919e-03
4.997304499999999927e-01,8.372400982000000047e-01,-5.362972893000000039e-03,-1.682607827999999970e-03
5.000636999999999999e-01,8.383163587999999944e-01,-8.021013470999999867e-03,-1.739108046000000093e-03
5.003969499999999515e-01,8.390264643999999494e-01,-1.055560109000000003e-02,-1.817329650999999907e-03
5.007302000000000142e-01,8.393166128000000281e-01,-1.276968132999999929e-02,-2.012376048999999986e-03
5.010634400000000266e-01,8.391237011000000079e-01,-1.414705232999999979e-02,-2.235224140999999935e-03
5.013966899999999782e-01,8.382464389999999543e-01,-1.525536633999999975e-02,-2.461939641999999831e-03
5.017299400000000409e-01,8.371162281999999788e-01,-1.602342665999999943e-02,-2.541401252999999846e-03
5.020631899999999925e-01,8.352886455000000376e-01,-1.649813111000000138e-02,-2.634743989000000106e-03
5.023964400000000552e-01,8.341549619000000471e-01,-1.704144247000000112e-02,-2.604863037000000082e-03
5.027296900000000068e-01,8.314383959000000157e-01,-1.722159564000000018e-02,-2.606599495999999995e-03
5.030629300000000192e-01,8.297339009999999959e-01,-1.742325805999999852e-02,-2.559507332999999898e-03
5.033961799999999709e-01,8.267375893999999725e-01,-1.765485912000000143e-02,-2.563058903999999860e-03
5.037294300000000336e-01,8.236843158000000109e-01,-1.790683914999999932e-02,-2.389212551999999896e-03
5.040626799999999852e-01,8.200303974000000551e-01,-1.830953551999999970e-02,-2.305778925999999850e-03
5.043959300000000479e-01,8.175582162000000208e-01,-1.863553146000000021e-02,-2.317286316000000037e-03
5.047291799999999995e-01,8.140665810999999641e-01,-1.915187284000000045e-02,-2.257553956999999896e-03
5.050624200000000119e-01,8.112829116999999979e-01,-1.961095445999999978e-02,-2.308037187999999879e-03
5.053956699999999636e-01,8.090173042999999620e-01,-1.987002549999999923e-02,-2.468413687999999884e-03
5.057289200000000262e-01,8.070812008000000093e-01,-2.025475511999999881e-02,-2.453582120000000113e-03
5.060621699999999779e-01,8.050514018000000105e-01,-2.025816857999999943e-02,-2.538104353000000118e-03
5.063954200000000405e-01,8.044340416999999910e-01,-2.017664728000000129e-02,-2.619142180999999795e-03
5.067286699999999922e-01,8.033483528000000540e-01,-1.988589269000000034e-02,-2.713196615999999891e-03
5.070619200000000548e-01,8.027554276999999683e-01,-1.966719784000000096e-02,-2.658449690000000074e-03
5.073951599999999562e-01,8.014506265999999934e-01,-1.971788135000000081e-02,-2.539745458999999837e-03
5.077284100000000189e-01,8.018063018000000097e-01,-1.969461722999999928e-02,-2.350204782000000180e-03
5.080616599999999705e-01,8.025262322999999753e-01,-1.942416241999999835e-02,-2.129040163999999791e-03
5.083949100000000332e-01,8.039832074999999634e-01,-1.901746316000000117e-02,-1.853296659999999901e-03
5.087281599999999848e-01,8.058755387999999575e-01,-1.820464235999999861e-02,-1.577088833000000068e-03
5.090614100000000475e-01,8.081567449000000014e-01,-1.728707700999999874e-02,-1.293642435000000009e-03
5.093946499999999489e-01,8.104140692000000312e-01,-1.651690698999999998e-02,-1.060567350000000009e-03
5.097279000000000115e-01,8.124113465000000200e-01,-1.535334648999999926e-02,-8.917568401000000415e-04
5.100611499999999632e-01,8.139897016999999568e-01,-1.430259002999999945e-02,-8.381337914000000239e-04
5.103944000000000258e-01,8.167727586999999900e-01,-1.279276438999999918e-02,-9.027651188000000368e-04
5.107276499999999775e-01,8.195105606999999459e-01,-1.138622819999999917e-02,-1.082693762000000014e-03
5.110609000000000401e-01,8.218800845999999494e-01,-9.600249774999999874e-03,-1.150403821999999897e-03
5.113941400000000526e-01,8.229945377999999812e-01,-7.957495922999999541e-03,-1.313508710000000105e-03
5.117273900000000042e-01,8.238658344000000522e-01,-6.397273489999999972e-03,-1.333379103000000010e-03
5.120606399999999558e-01,8.240445096999999830e-01,-4.903784500999999740e-03,-1.521412864999999994e-03
5.123938900000000185e-01,8.238246272000000481e-01,-3.510751938000000044e-03,-1.677975811999999961e-03
5.127271399999999701e-01,8.229145723999999884e-01,-1.739343476000000015e-03,-1.894487026999999929e-03
5.130603900000000328e-01,8.223889683999999756e-01,2.129843820000000109e-04,-2.054738253999999816e-03
5.133936300000000452e-01,8.204424962999999904e-01,1.881415433999999998e-03,-2.164573187000000051e-03
5.137268799999999969e-01,8.186277534000000466e-01,3.413037591000000082e-03,-2.137944539000000144e-03
5.140601299999999485e-01,8.170957350999999980e-01,4.705024177000000085e-03,-2.127424348000000066e-03
5.143933800000000112e-01,8.160019523000000552e-01,5.672919472999999636e-03,-2.027125398999999988e-03
5.147266299999999628e-01,8.142518479999999448e-01,6.233761669999999915e-03,-1.858223786000000105e-03
5.150598800000000255e-01,8.124815901999999923e-01,7.119848261999999622e-03,-1.661827013999999996e-03
5.153931299999999771e-01,8.099868147000000018e-01,7.944105455999999829e-03,-1.485197478999999987e-03
5.157263699999999895e-01,8.084651825999999986e-01,8.879763346000000071e-03,-1.252657517000000005e-03
5.160596200000000522e-01,8.066080710999999903e-01,9.734662185999999953e-03,-1.074376371999999965e-03
5.163928700000000038e-01,8.059837434000000078e-01,1.047682152999999949e-02,-9.164241311999999674e-04
5.167261199999999555e-01,8.049144226000000124e-01,1.070833749999999980e-02,-8.733888976999999547e-04
5.170593700000000181e-01,8.038238965999999763e-01,1.061687421000000013e-02,-8.678216749999999704e-04
5.173926199999999698e-01,8.027727883999999925e-01,1.061071893000000051e-02,-9.009430108999999477e-04
5.177258599999999822e-01,8.029132651999999482e-01,1.029079165000000053e-02,-1.032464237999999998e-03
5.180591100000000448e-01,8.032090133999999493e-01,9.906882407000000210e-03,-1.176528353999999922e-03
5.183923599999999965e-01,8.040448849000000342e-01,9.124795361999999202e-03,-1.309868584000000108e-03
5.187251299999999787e-01,8.049813259000000443e-01,8.023364737999999496e-03,-1.517335320000000104e-03
5.190583800000000414e-01,8.069195324000000280e-01,6.746248980000000249e-03,-1.737733531000000033e-03
5.193911500000000236e-01,8.078882914999999665e-01,5.441186255000000048e-03,-1.913987802000000071e-03
5.197243999999999753e-01,8.093318615000000271e-01,3.986537463000000385e-03,-2.072952123999999806e-03
5.200571699999999575e-01,8.104657765999999652e-01,2.540212557999999964e-03,-2.383159129000000064e-03
5.203899300000000006e-01,8.132793145000000168e-01,9.452437080000000063e-04,-2.751356961000000004e-03
5.207226999999999828e-01,8.151555777000000225e-01,-6.793693327999999945e-04,-3.204101602000000194e-03
5.210554699999999650e-01,8.181715284999999671e-01,-2.131125954999999860e-03,-3.682204230000000068e-03
5.213882399999999473e-01,8.197031675000000517e-01,-3.344896688999999829e-03,-4.103081371999999991e-03
5.217210100000000406e-01,8.220753108999999670e-01,-4.337735647999999694e-03,-4.426787005999999712e-03
5.220537800000000228e-01,8.239106971999999862e-01,-5.115211031999999589e-03,-4.862998175999999617e-03
5.223865399999999548e-01,8.261213597000000020e-01,-5.355771823000000237e-03,-5.264625830000000360e-03
5.227193100000000481e-01,8.276386503999999533e-01,-5.416554199999999708e-03,-5.664247586000000119e-03
5.230520800000000303e-01,8.298950479000000158e-01,-5.359283442000000244e-03,-6.108248654000000138e-03
5.233848500000000126e-01,8.311487015999999839e-01,-5.278940559999999692e-03,-6.619928035000000044e-03
5.237176199999999948e-01,8.324822034000000093e-01,-5.023745159999999828e-03,-7.050504616000000113e-03
5.240503899999999771e-01,8.329324275999999694e-01,-4.480982748000000154e-03,-7.490146613999999758e-03
5.243831500000000201e-01,8.339218207999999910e-01,-3.907591696000000010e-03,-7.883118975999999292e-03
5.247159200000000023e-01,8.339256910000000245e-01,-3.233140058999999997e-03,-8.234656955999999570e-03
5.250486899999999846e-01,8.348425126999999835e-01,-2.375389220999999870e-03,-8.491245124999999630e-03
5.253814599999999668e-01,8.348041554999999780e-01,-1.655411641999999899e-03,-8.717760943999999443e-03
5.257142299999999491e-01,8.352883172999999717e-01,-6.138085505000000523e-04,-8.847032629999999551e-03
5.260469899999999921e-01,8.357925845000000464e-01,7.610987402000000176e-04,-9.087409100000000753e-03
5.263797599999999743e-01,8.364474376999999627e-01,2.353297636999999911e-03,-9.155957115000000132e-03
5.267125299999999566e-01,8.362828963999999754e-01,3.978313784000000151e-03,-9.161152766000000072e-03
5.270453000000000499e-01,8.366048910000000172e-01,5.561564635999999805e-03,-9.066514362000000632e-03
5.273780700000000321e-01,8.358281641000000484e-01,6.955061575999999662e-03,-8.878491944000000205e-03
5.277108400000000143e-01,8.341938466999999635e-01,8.113876254999999316e-03,-8.543313913000000551e-03
5.280435999999999463e-01,8.322653394000000260e-01,8.879773739999999305e-03,-8.307325500000000557e-03
5.283763700000000396e-01,8.308871365000000120e-01,9.323765047000000597e-03,-7.977250045000000220e-03
5.287091400000000219e-01,8.289546920000000485e-01,9.246320221000000131e-03,-7.731351089000000100e-03
5.290419100000000041e-01,8.275126507000000187e-01,8.878546313000000231e-03,-7.395481748000000237e-03
5.293746799999999864e-01,8.250891269000000250e-01,8.615798087000000119e-03,-7.177288791000000293e-03
5.297074400000000294e-01,8.236507613000000338e-01,8.635869237000000365e-03,-6.792875426999999897e-03
5.300402100000000116e-01,8.230088706999999504e-01,8.859198687000000710e-03,-6.548478838999999621e-03
5.303729799999999939e-01,8.225482325999999844e-01,9.058499334000000638e-03,-6.192048333999999876e-03
5.307057499999999761e-01,8.218262030999999856e-01,9.282844655000000583e-03,-5.905259874000000353e-03
5.310385199999999584e-01,8.219010876000000243e-01,9.649432419000000816e-03,-5.600826033000000023e-03
5.313712900000000516e-01,8.214422109000000249e-01,9.979961627999999960e-03,-5.296429239000000413e-03
5.317040499999999836e-01,8.213508863999999798e-01,1.037237402999999919e-02,-4.873097065999999582e-03
5.320368199999999659e-01,8.214799429000000375e-01,1.067576345000000038e-02,-4.538593355000000371e-03
5.323695899999999481e-01,8.223080920999999988e-01,1.066725032000000011e-02,-4.112859675000000298e-03
5.327023600000000414e-01,8.221894457999999739e-01,1.069269228000000078e-02,-3.675830433000000161e-03
5.330335999999999963e-01,8.226561179000000390e-01,1.058001148000000009e-02,-3.291888338000000143e-03
5.333588900000000299e-01,8.230936407000000177e-01,1.085869222000000051e-02,-3.042366255000000189e-03
5.336798400000000164e-01,8.239215765999999830e-01,1.087050233000000019e-02,-2.802013156000000144e-03
5.339979599999999937e-01,8.244960808000000307e-01,1.046071927000000006e-02,-2.668767598000000053e-03
5.343137500000000317e-01,8.258156447000000178e-01,9.741598658000000591e-03,-2.485494956000000068e-03
5.346281600000000189e-01,8.266629005000000197e-01,8.872363067000000464e-03,-2.312929875000000000e-03
5.349421199999999654e-01,8.279968250000000474e-01,7.983409056000000115e-03,-2.060068558999999903e-03
5.352565299999999526e-01,8.295019465999999841e-01,7.121216625000000196e-03,-1.930894035999999913e-03
5.355718600000000107e-01,8.313636756000000183e-01,6.237215869999999940e-03,-1.853296418000000001e-03
5.358890699999999674e-01,8.330703418999999554e-01,5.870730210999999810e-03,-1.853198549000000103e-03
5.362086299999999639e-01,8.358017117999999579e-01,5.672104211000000319e-03,-1.962744334000000174e-03
5.365310899999999883e-01,8.378120655999999888e-01,5.895718797999999726e-03,-2.124690025000000159e-03
5.368574999999999875e-01,8.387653018999999821e-01,6.400079648999999933e-03,-2.204491027000000155e-03
5.371874399999999605e-01,8.392343128000000485e-01,7.402920504000000054e-03,-2.424127746999999930e-03
5.375199600000000189e-01,8.399838080000000540e-01,8.412375797000000432e-03,-2.562407792999999920e-03
5.378524799999999662e-01,8.398384002000000015e-01,9.555667145000000182e-03,-2.791535893999999834e-03
5.381850000000000245e-01,8.407721582999999610e-01,1.001064362999999971e-02,-2.963249888000000186e-03
5.385175199999999718e-01,8.408216199000000390e-01,9.817626382000000512e-03,-3.241362614999999947e-03
5.388500400000000301e-01,8.410312435000000253e-01,9.374717305000000375e-03,-3.440269899000000017e-03
5.391825599999999774e-01,8.401742010999999621e-01,8.942567780999999272e-03,-3.663999356000000127e-03
5.395150800000000357e-01,8.398196163000000158e-01,8.263010447000000702e-03,-3.875498432999999795e-03
5.398475999999999830e-01,8.390220623999999905e-01,7.335685566999999678e-03,-4.139830207999999762e-03
5.401806500000000399e-01,8.385844158999999909e-01,6.127239771999999987e-03,-4.352655454000000333e-03
5.405136900000000466e-01,8.373978152000000064e-01,4.472759595000000421e-03,-4.661152095999999620e-03
5.408467399999999925e-01,8.362515910000000163e-01,2.499934883000000038e-03,-4.893603740999999917e-03
5.411797900000000494e-01,8.345289014000000227e-01,3.647479436000000122e-04,-5.130374148999999884e-03
5.415128299999999451e-01,8.339374429000000477e-01,-1.908133721999999942e-03,-5.361305710000000002e-03
5.418458800000000020e-01,8.325492542000000329e-01,-3.983267956999999616e-03,-5.682703096999999932e-03
5.421789200000000086e-01,8.324064988999999581e-01,-5.746830736999999738e-03,-5.945021489000000200e-03
5.425119699999999545e-01,8.317115298999999684e-01,-7.389817986999999873e-03,-6.150204224999999796e-03
5.428450200000000114e-01,8.307537409999999900e-01,-9.070316931999999888e-03,-6.199768054000000250e-03
5.431780600000000181e-01,8.287720348999999542e-01,-1.093450433999999978e-02,-6.172466358999999583e-03
5.435111099999999640e-01,8.269476895999999799e-01,-1.260948196999999923e-02,-6.048091147999999639e-03
5.438441600000000209e-01,8.254366969999999970e-01,-1.411570713999999935e-02,-5.933749252000000175e-03
5.441772000000000276e-01,8.237484242999999484e-01,-1.572908707999999892e-02,-5.628535738999999698e-03
5.445102499999999734e-01,8.218920708000000408e-01,-1.751447704000000036e-02,-5.310362709000000098e-03
5.448433000000000304e-01,8.209072806999999639e-01,-1.908277682000000114e-02,-5.005152134999999586e-03
5.451763400000000370e-01,8.200038216999999685e-01,-2.055365455000000147e-02,-4.714758397999999594e-03
5.455093899999999829e-01,8.197775119000000332e-01,-2.192614285000000010e-02,-4.424140378999999804e-03
5.458424400000000398e-01,8.193370729000000185e-01,-2.300655236000000159e-02,-4.158906753999999997e-03
5.461754800000000465e-01,8.191432878000000084e-01,-2.375726255000000162e-02,-3.751348695000000094e-03
5.465085299999999924e-01,8.192219312999999836e-01,-2.461126033999999976e-02,-3.359302255000000056e-03
5.468415800000000493e-01,8.201636947999999538e-01,-2.503021177000000139e-02,-2.848305715999999935e-03
5.471746199999999449e-01,8.206605620000000378e-01,-2.507013489999999900e-02,-2.454513012000000133e-03
5.475076700000000018e-01,8.214784256999999590e-01,-2.477982873000000169e-02,-2.055193783000000204e-03
5.478407199999999477e-01,8.207219751000000008e-01,-2.427875830999999887e-02,-1.728618682999999998e-03
5.481737599999999544e-01,8.207010851999999579e-01,-2.385449812000000128e-02,-1.434893736999999893e-03
5.485068100000000113e-01,8.187604917999999898e-01,-2.324243889999999882e-02,-1.041780413000000047e-03
5.488398599999999572e-01,8.183741333999999812e-01,-2.254463106000000050e-02,-6.712035376999999671e-04
5.491728999999999639e-01,8.177039282000000409e-01,-2.137493232999999881e-02,-3.625483700999999892e-04
5.495059500000000208e-01,8.176011575999999614e-01,-2.008192254999999898e-02,-1.103529079999999936e-04
5.498389999999999667e-01,8.164855514000000092e-01,-1.883670264999999858e-02,1.018607187999999940e-04
5.501720399999999733e-01,8.149054312000000300e-01,-1.806678026999999909e-02,3.865210624999999888e-04
5.505050900000000302e-01,8.127095550999999807e-01,-1.767172168999999946e-02,6.308520122999999912e-04
5.508381399999999761e-01,8.110876157999999947e-01,-1.767303264999999998e-02,9.259840031999999740e-04
5.511711799999999828e-01,8.087105229000000062e-01,-1.781270731999999926e-02,1.173479863000000080e-03
5.515042300000000397e-01,8.064909269000000158e-01,-1.826191808999999902e-02,1.544912692999999898e-03
5.518372799999999856e-01,8.040348846000000549e-01,-1.884130254000000032e-02,1.886250104999999920e-03
5.521703199999999923e-01,8.020009718999999704e-01,-1.958309428999999852e-02,2.255490500999999919e-03
5.525033700000000492e-01,7.997975939999999451e-01,-2.032726800999999986e-02,2.599500166000000018e-03
5.528364199999999951e-01,7.983638314000000014e-01,-2.117756968999999836e-02,2.912721728000000187e-03
5.531688999999999634e-01,7.962496642999999930e-01,-2.195152385999999886e-02,3.212824677999999868e-03
5.535019500000000203e-01,7.950179165999999853e-01,-2.246102930999999830e-02,3.507237706000000069e-03
5.538344299999999887e-01,7.941014468999999520e-01,-2.306426572999999841e-02,3.796984965999999819e-03
5.541674800000000456e-01,7.941651049000000295e-01,-2.345397781999999931e-02,3.978239264999999976e-03
5.544999600000000139e-01,7.937993901000000019e-01,-2.308308544999999878e-02,3.978660985999999712e-03
5.548324500000000326e-01,7.952303776000000379e-01,-2.230354439999999994e-02,4.061089684999999797e-03
5.551649300000000009e-01,7.968740884999999663e-01,-2.128893394000000092e-02,3.909138216000000374e-03
5.554974099999999693e-01,7.991210627000000510e-01,-1.990386494000000173e-02,3.792989538000000101e-03
5.558298999999999879e-01,8.012022320999999669e-01,-1.790333202999999998e-02,3.497399047999999802e-03
5.561623799999999562e-01,8.038963122000000183e-01,-1.591775984000000019e-02,3.337657869999999943e-03
5.564948600000000356e-01,8.059228326999999803e-01,-1.383552113999999937e-02,3.120441148000000116e-03
5.568273500000000542e-01,8.087681466999999680e-01,-1.175427362000000010e-02,2.986561762999999977e-03
5.571598300000000226e-01,8.104523309000000175e-01,-9.397256223000000075e-03,2.766250458999999946e-03
5.574923099999999909e-01,8.127720828000000175e-01,-6.903155702999999588e-03,2.532665971999999936e-03
5.578247899999999593e-01,8.144127748999999694e-01,-4.260984356000000091e-03,2.234081527999999799e-03
5.581572799999999779e-01,8.165493135000000402e-01,-1.813624099000000047e-03,1.959363673999999899e-03
5.584897599999999462e-01,8.180323189000000550e-01,6.720983490999999808e-04,1.610347655000000022e-03
5.588222400000000256e-01,8.199315216000000461e-01,2.857120094999999940e-03,1.322032628999999983e-03
5.591547300000000442e-01,8.211171781999999641e-01,5.127857613999999703e-03,1.024838455000000054e-03
5.594872100000000126e-01,8.230089959999999927e-01,6.739555292000000072e-03,8.239495284999999837e-04
5.598196899999999809e-01,8.240656635999999979e-01,8.143605219000000367e-03,5.721737808999999763e-04
5.601521799999999995e-01,8.252229052999999759e-01,9.490441670000000426e-03,2.863360806000000264e-04
5.604846599999999679e-01,8.256842174999999839e-01,1.077178848999999980e-02,-1.121339557000000057e-04
5.608171400000000473e-01,8.262396670999999637e-01,1.154197266000000013e-02,-5.077051700999999544e-04
5.611496299999999549e-01,8.257705135999999779e-01,1.212428366000000042e-02,-9.170637130000000494e-04
5.614821100000000342e-01,8.255141712000000354e-01,1.211784718000000032e-02,-1.372299649000000010e-03
5.618145900000000026e-01,8.252181085999999999e-01,1.164370133000000064e-02,-1.849035795000000034e-03
5.621470699999999709e-01,8.249471640000000106e-01,1.088179428999999990e-02,-2.360680335999999942e-03
5.624795599999999896e-01,8.241805866000000425e-01,9.523708857999999694e-03,-2.930877419000000195e-03
5.628120399999999579e-01,8.245553230000000067e-01,7.895482011000000064e-03,-3.536256385999999967e-03
5.631445200000000373e-01,8.241231314000000419e-01,6.041616264999999895e-03,-4.064773045000000078e-03
5.634770099999999449e-01,8.242375546000000330e-01,4.089195607000000073e-03,-4.589774038999999868e-03
5.638094900000000242e-01,8.231297542000000078e-01,1.653267291000000069e-03,-5.127722724000000065e-03
5.641419699999999926e-01,8.232655708999999655e-01,-1.098834698999999948e-03,-5.648048565000000042e-03
5.644744600000000112e-01,8.229992058999999749e-01,-3.890204769999999930e-03,-6.181237875000000423e-03
5.648069399999999796e-01,8.236484554999999874e-01,-6.395291217000000430e-03,-6.587636927999999774e-03
5.651394199999999479e-01,8.231589389000000256e-01,-8.776662004999999725e-03,-6.973983185999999695e-03
5.654719000000000273e-01,8.236236664999999624e-01,-1.116380112000000049e-02,-7.096715445999999920e-03
5.658043900000000459e-01,8.232681150999999753e-01,-1.330917770999999993e-02,-7.172389930999999684e-03
5.661368700000000143e-01,8.234254355000000247e-01,-1.482641076000000037e-02,-7.128895916000000353e-03
5.664693499999999826e-01,8.225980551999999557e-01,-1.575868127999999896e-02,-7.065908614999999796e-03
5.668018400000000012e-01,8.224600266999999576e-01,-1.647285931000000078e-02,-6.965309634999999888e-03
5.671343199999999696e-01,8.217341433999999500e-01,-1.641119531999999867e-02,-6.937427666999999853e-03
5.674668000000000490e-01,8.216957214000000231e-01,-1.593896616000000169e-02,-6.880767932999999614e-03
5.677992899999999565e-01,8.212219873999999642e-01,-1.494971322000000075e-02,-6.912351401999999867e-03
5.681317700000000359e-01,8.212090346999999513e-01,-1.339624120000000064e-02,-6.988405552000000014e-03
5.684642500000000043e-01,8.211019044999999794e-01,-1.165930071999999977e-02,-7.113162483000000369e-03
5.687967400000000229e-01,8.206818687000000390e-01,-9.177610569999999565e-03,-7.168808199000000110e-03
5.691292199999999912e-01,8.195974473999999566e-01,-6.540465478000000339e-03,-7.350855178000000045e-03
5.694616999999999596e-01,8.183585324000000050e-01,-3.731696120000000012e-03,-7.522435711999999816e-03
5.697941800000000390e-01,8.176497543999999840e-01,-7.021020200000000497e-04,-7.707738865000000016e-03
5.701266699999999465e-01,8.178291603999999770e-01,2.236468236000000061e-03,-7.771397271999999981e-03
5.704591500000000259e-01,8.174363691999999570e-01,5.422329428000000062e-03,-7.776111801999999878e-03
5.707916299999999943e-01,8.161903179999999702e-01,8.454181967999999450e-03,-7.721675259000000159e-03
5.711241200000000129e-01,8.146702282000000128e-01,1.135355291000000010e-02,-7.711807226999999737e-03
5.714565999999999812e-01,8.141360203999999934e-01,1.395908220000000033e-02,-7.706688891000000076e-03
5.717890799999999496e-01,8.122670517000000201e-01,1.598166092000000149e-02,-7.704940872000000385e-03
5.721215699999999682e-01,8.111456984999999564e-01,1.721578722000000061e-02,-7.547967695000000303e-03
5.724540500000000476e-01,8.095121657999999609e-01,1.819610895999999867e-02,-7.383004371000000121e-03
5.727865300000000159e-01,8.093160786999999967e-01,1.826926775999999919e-02,-7.177025901000000374e-03
5.731190200000000345e-01,8.089326726000000134e-01,1.788210514000000001e-02,-7.203867808999999886e-03
5.734515000000000029e-01,8.102421927999999829e-01,1.676372060000000039e-02,-7.103172565000000389e-03
5.737839799999999713e-01,8.108555106999999484e-01,1.558943913999999951e-02,-7.137054452000000243e-03
5.741164600000000506e-01,8.122661533999999683e-01,1.373287060999999962e-02,-7.098670698999999876e-03
5.744489499999999582e-01,8.125205294999999772e-01,1.136840004999999966e-02,-7.135739634999999949e-03
5.747814300000000376e-01,8.136950201000000549e-01,8.769725939000000067e-03,-7.041458147999999848e-03
5.751139100000000060e-01,8.138623124999999625e-01,6.523997497000000312e-03,-7.013158497000000421e-03
5.754464000000000246e-01,8.148001894999999939e-01,4.367198634000000156e-03,-6.916072546999999654e-03
5.757788799999999929e-01,8.148605701000000145e-01,2.491267819999999893e-03,-6.861106379000000283e-03
5.761113599999999613e-01,8.148838631999999471e-01,5.414475466999999625e-04,-6.703617151999999649e-03
5.764438499999999799e-01,8.132893111000000230e-01,-1.107481455999999916e-03,-6.539597515999999965e-03
5.767763299999999482e-01,8.121072888999999462e-01,-2.428943059000000012e-03,-6.265243040999999603e-03
5.771088100000000276e-01,8.105950295999999611e-01,-3.302156182999999804e-03,-5.948575412000000305e-03
5.774412899999999960e-01,8.102772334000000187e-01,-3.791824241999999963e-03,-5.580701811000000206e-03
5.777737800000000146e-01,8.086475504000000258e-01,-3.692704644999999803e-03,-5.185807043000000005e-03
5.781062599999999829e-01,8.092118886000000400e-01,-3.234524254000000192e-03,-4.886570332000000211e-03
5.784387399999999513e-01,8.096260992999999573e-01,-2.163974668999999861e-03,-4.698720212000000000e-03
5.787712299999999699e-01,8.104450982999999997e-01,-7.957491118000000309e-04,-4.488934057000000186e-03
5.791037100000000493e-01,8.101397643000000093e-01,8.862491923999999896e-04,-4.329831142000000431e-03
5.794361900000000176e-01,8.104049065999999746e-01,2.557323175999999965e-03,-4.198515528000000378e-03
5.797686800000000362e-01,8.098644603000000330e-01,4.043358900000000242e-03,-4.175189709999999922e-03
5.801011600000000046e-01,8.095983298000000161e-01,5.736341279999999584e-03,-4.179628652999999895e-03
5.804336399999999729e-01,8.090628865000000225e-01,7.234907734999999722e-03,-4.368391741999999751e-03
5.807661299999999915e-01,8.086955168999999666e-01,8.341614161000000457e-03,-4.558843972999999938e-03
5.810986099999999599e-01,8.080378396999999824e-01,9.273107104999999198e-03,-4.842781186999999682e-03
5.814310900000000393e-01,8.085449865999999597e-01,1.001397178000000034e-02,-5.192649066000000306e-03
5.817635700000000076e-01,8.084308194999999531e-01,1.048893650999999962e-02,-5.619185530000000116e-03
5.820960600000000262e-01,8.088817215000000393e-01,1.091473272999999959e-02,-6.022445868000000403e-03
5.824285399999999946e-01,8.095613948000000004e-01,1.093365490000000086e-02,-6.414154115000000010e-03
5.827610199999999629e-01,8.113034573999999832e-01,1.082246729000000025e-02,-6.684717702999999969e-03
5.830935099999999816e-01,8.127264856999999454e-01,1.061761919999999922e-02,-6.872109864000000394e-03
5.834259899999999499e-01,8.149661548000000089e-01,9.617415685000000117e-03,-6.921812846999999928e-03
5.837584700000000293e-01,8.153479625999999758e-01,8.182919005999999412e-03,-6.803818784999999571e-03
5.840909600000000479e-01,8.169156480999999470e-01,6.719732334000000362e-03,-6.483864261999999594e-03
5.844234400000000162e-01,8.174891047000000244e-01,4.986465602999999580e-03,-6.152510269999999712e-03
5.847559199999999846e-01,8.195819979999999783e-01,2.994813872999999797e-03,-5.767983659000000367e-03
5.850883999999999530e-01,8.207664352000000330e-01,7.243056851000000173e-04,-5.489934077000000259e-03
5.854208899999999716e-01,8.220864256000000037e-01,-1.880876660000000040e-03,-5.186495400999999866e-03
5.857533700000000509e-01,8.215595307999999930e-01,-4.568418452000000234e-03,-4.922741444000000403e-03
5.860858500000000193e-01,8.215336473000000028e-01,-7.223708132999999594e-03,-4.604945810000000278e-03
5.864183400000000379e-01,8.213165152000000413e-01,-9.585040000999999962e-03,-4.432260078999999617e-03
5.867508200000000063e-01,8.216208816000000192e-01,-1.186231064999999918e-02,-4.120287918999999618e-03
5.870832999999999746e-01,8.212867048999999975e-01,-1.414844546000000071e-02,-3.893208932000000178e-03
5.874157899999999932e-01,8.209825909000000310e-01,-1.601793062999999975e-02,-3.634434480000000006e-03
5.877482699999999616e-01,8.192873937000000328e-01,-1.751611745000000026e-02,-3.289101815000000217e-03
5.880807500000000410e-01,8.175559951999999964e-01,-1.869631870999999973e-02,-2.862971979000000170e-03
5.884132399999999485e-01,8.159146657000000413e-01,-1.946829585999999834e-02,-2.553445200000000175e-03
5.887457200000000279e-01,8.141497522999999736e-01,-1.979297837999999948e-02,-2.119435586000000069e-03
5.890781999999999963e-01,8.111869282000000458e-01,-1.933392287999999987e-02,-1.718459035999999945e-03
5.894106799999999646e-01,8.086253138000000229e-01,-1.823443874000000089e-02,-1.406256931000000009e-03
5.897431699999999832e-01,8.058946372999999941e-01,-1.666276393000000119e-02,-1.101912092000000096e-03
5.900756499999999516e-01,8.042012455000000504e-01,-1.462568772999999975e-02,-7.732598238999999728e-04
5.904081300000000310e-01,8.024770621000000270e-01,-1.244615661999999914e-02,-5.655185969999999883e-04
5.907406200000000496e-01,8.014931471999999779e-01,-1.019246512000000077e-02,-3.584384184999999941e-04
5.910731000000000179e-01,8.010112877999999714e-01,-7.977444873000000616e-03,-2.850222263999999941e-04
5.914055799999999863e-01,8.005191995999999532e-01,-5.604127357000000288e-03,-1.950495724999999983e-04
5.917380700000000049e-01,7.998888240999999510e-01,-3.382989627999999967e-03,-2.476596238999999766e-04
5.920705499999999732e-01,8.002645848999999645e-01,-1.683315380999999894e-03,-2.695576584999999923e-04
5.924030300000000526e-01,8.006743659999999707e-01,-6.184544676999999832e-05,-4.020085220000000053e-04
5.927355199999999602e-01,8.012543930000000092e-01,8.889686006000000352e-04,-4.384224054000000260e-04
5.930680000000000396e-01,8.003951555999999634e-01,1.770164916000000095e-03,-4.719018836999999971e-04
5.934004800000000079e-01,8.014496030000000104e-01,2.420601782000000000e-03,-5.082020997000000163e-04
5.937329599999999763e-01,8.016946878999999804e-01,2.569913544000000053e-03,-5.641765120000000145e-04
5.940654499999999949e-01,8.030653284000000003e-01,2.449140758999999827e-03,-6.015407521000000262e-04
5.943979299999999633e-01,8.037875144999999666e-01,2.214671915999999897e-03,-7.043693350000000079e-04
5.947304100000000426e-01,8.059076511999999637e-01,2.008540433000000069e-03,-7.318050008000000174e-04
5.950628999999999502e-01,8.075306464000000517e-01,1.511890736999999983e-03,-8.196095533999999848e-04
5.953953800000000296e-01,8.098045074999999926e-01,4.243078511000000080e-04,-8.228368095999999627e-04
5.957278599999999980e-01,8.111333869000000307e-01,-9.413638374999999800e-04,-8.464427736000000157e-04
5.960603500000000166e-01,8.121652574000000069e-01,-2.330007742999999892e-03,-8.206954045999999628e-04
5.963928299999999849e-01,8.133807239000000466e-01,-3.439655499999999966e-03,-8.688906086000000237e-04
5.967253099999999533e-01,8.152449523999999448e-01,-4.413490600999999715e-03,-8.971540694999999895e-04
5.970577900000000326e-01,8.160885380000000300e-01,-5.067046401999999658e-03,-9.221827237999999849e-04
5.973902800000000513e-01,8.163468103000000031e-01,-5.721030551000000179e-03,-8.052254016999999941e-04
5.977227600000000196e-01,8.161232984999999829e-01,-6.173590433000000072e-03,-7.254783056000000535e-04
5.980552399999999880e-01,8.165327736999999919e-01,-6.265398259000000414e-03,-6.401538900999999672e-04
5.983877300000000066e-01,8.170116931999999998e-01,-5.904782828000000074e-03,-6.477813881999999746e-04
5.987202099999999749e-01,8.172898949000000357e-01,-5.116750209000000237e-03,-5.596118423000000447e-04
5.990526900000000543e-01,8.166839021999999781e-01,-4.175863121000000094e-03,-4.570165036000000021e-04
5.993851799999999619e-01,8.170176124000000373e-01,-3.168222190000000160e-03,-4.350605953000000214e-04
5.997176600000000413e-01,8.177295505999999659e-01,-1.769210631000000091e-03,-4.746193489000000002e-04
6.000501400000000096e-01,8.191508978999999524e-01,-2.845046288000000097e-04,-5.346005222000000225e-04
6.003826300000000282e-01,8.197357841000000311e-01,1.214833310000000078e-03,-5.793522595000000393e-04
6.007129100000000443e-01,8.205956849000000108e-01,2.177288868999999877e-03,-6.186978865999999888e-04
6.010410099999999867e-01,8.206591090999999505e-01,2.989654328999999996e-03,-6.998321392999999786e-04
6.013662499999999911e-01,8.213256080999999931e-01,3.798930061000000032e-03,-6.407049184000000079e-04
6.016893700000000011e-01,8.208506223000000546e-01,4.390182058000000054e-03,-6.576431225999999951e-04
6.020110800000000317e-01,8.215475886999999977e-01,5.186934746999999866e-03,-6.429281599000000007e-04
6.023313999999999613e-01,8.214771092000000552e-01,6.176845910000000085e-03,-8.109711352000000244e-04
6.026517200000000019e-01,8.223353749999999796e-01,6.951878158999999675e-03,-8.596242259999999861e-04
6.029720499999999817e-01,8.233061436999999927e-01,7.544782905999999727e-03,-1.047874284000000020e-03
6.032937699999999515e-01,8.253081052999999834e-01,7.774298913999999616e-03,-1.184300133000000012e-03
6.036169099999999510e-01,8.264592842000000328e-01,7.600986568999999575e-03,-1.456087192000000106e-03
6.039429299999999889e-01,8.281468312999999970e-01,6.827339267000000211e-03,-1.648775470999999963e-03
6.042718900000000337e-01,8.288382718000000260e-01,5.708787992000000262e-03,-1.937812378999999915e-03
6.046038500000000537e-01,8.301870570999999588e-01,4.544135119000000320e-03,-2.214993635999999797e-03
6.049358000000000235e-01,8.312817606000000303e-01,3.592029501999999784e-03,-2.442036688000000146e-03
6.052677499999999933e-01,8.322934243999999815e-01,2.176836865000000149e-03,-2.555677139000000000e-03
6.055997100000000133e-01,8.324590069999999731e-01,8.687973277999999633e-04,-2.655856072999999984e-03
6.059316599999999831e-01,8.327133402999999934e-01,-9.205875971000000322e-04,-2.630534602000000107e-03
6.062636200000000031e-01,8.318492959000000075e-01,-2.858589043000000184e-03,-2.614653108000000205e-03
6.065955699999999728e-01,8.314375526999999710e-01,-4.993671146999999720e-03,-2.538638680000000064e-03
6.069275299999999929e-01,8.307764946000000261e-01,-7.128836747999999987e-03,-2.467403792999999824e-03
6.072594799999999626e-01,8.302244147999999768e-01,-9.323312849000000777e-03,-2.344410712000000088e-03
6.075914399999999826e-01,8.276727056999999554e-01,-1.156220252999999934e-02,-2.229512884999999833e-03
6.079233899999999524e-01,8.253660791000000385e-01,-1.352823560000000064e-02,-2.101974910000000210e-03
6.082553499999999724e-01,8.231518947999999503e-01,-1.534784531000000021e-02,-2.000995713999999953e-03
6.085873000000000532e-01,8.215275247000000114e-01,-1.673897956999999964e-02,-1.858595005999999971e-03
6.089192599999999622e-01,8.189011169000000034e-01,-1.755223382999999970e-02,-1.674755338999999940e-03
6.092512100000000430e-01,8.172729834999999943e-01,-1.841128382999999979e-02,-1.488016070999999925e-03
6.095831699999999520e-01,8.144610956000000179e-01,-1.910910995999999876e-02,-1.281633875000000094e-03
6.099151200000000328e-01,8.119423508999999983e-01,-1.945165612000000072e-02,-1.115473705000000074e-03
6.102470700000000026e-01,8.092026818999999982e-01,-1.977542817000000133e-02,-1.060457634999999958e-03
6.105790300000000226e-01,8.059758718999999738e-01,-2.009918907999999962e-02,-9.529090437000000465e-04
6.109109799999999924e-01,8.027438531999999682e-01,-1.977488948999999926e-02,-9.058673048999999746e-04
6.112429400000000124e-01,7.999824967999999981e-01,-1.904862892000000127e-02,-8.794771704000000278e-04
6.115748899999999821e-01,7.968340398000000047e-01,-1.801500754999999995e-02,-9.445580081999999968e-04
6.119068500000000022e-01,7.951361449999999609e-01,-1.717943211000000012e-02,-1.022990816000000089e-03
6.122387999999999719e-01,7.933800074000000313e-01,-1.604581336999999844e-02,-1.261250703000000011e-03
6.125707599999999919e-01,7.932503330000000297e-01,-1.486040561000000031e-02,-1.427095213999999982e-03
6.129027099999999617e-01,7.928626502000000187e-01,-1.365392781000000083e-02,-1.642836804999999985e-03
6.132346699999999817e-01,7.925853216999999562e-01,-1.230210097999999939e-02,-1.720906131000000039e-03
6.135666199999999515e-01,7.921745636999999451e-01,-1.109158858999999969e-02,-1.844633799000000096e-03
6.138985799999999715e-01,7.932109900999999574e-01,-9.992412314999999171e-03,-1.883612000000000003e-03
6.142305300000000523e-01,7.953651042999999587e-01,-8.968630664999999516e-03,-1.966346391000000065e-03
6.145624899999999613e-01,7.982419063000000259e-01,-8.122854615999999806e-03,-1.875610693000000044e-03
6.148944400000000421e-01,8.011570255000000085e-01,-7.606034757000000243e-03,-1.766698689999999985e-03
6.152263999999999511e-01,8.039306146000000375e-01,-7.209190378000000093e-03,-1.532479384999999982e-03
6.155583500000000319e-01,8.053701154000000306e-01,-6.779655063999999627e-03,-1.197358790000000025e-03
6.158776900000000332e-01,8.088469287999999757e-01,-6.190155083000000238e-03,-8.017094440000000193e-04
6.161860200000000010e-01,8.107219717000000436e-01,-6.056840215000000409e-03,-3.663395551999999917e-04
6.164853799999999717e-01,8.125709708999999670e-01,-6.374213176000000265e-03,1.575541791999999889e-04
6.167762599999999651e-01,8.145054709000000281e-01,-6.795225864000000240e-03,5.333195252000000070e-04
6.170603199999999955e-01,8.168224331000000227e-01,-7.271033680000000415e-03,8.921685092000000228e-04
6.173384299999999936e-01,8.179364826999999671e-01,-7.729005986999999689e-03,1.262982961000000013e-03
6.176114000000000326e-01,8.195319826000000418e-01,-8.261678995000000525e-03,1.535906290000000002e-03
6.178804799999999542e-01,8.204150889000000335e-01,-8.654880832000000357e-03,1.697027757000000052e-03
6.181468500000000255e-01,8.210688195999999994e-01,-9.222088756000000262e-03,1.947279424999999930e-03
6.184110900000000521e-01,8.207639455999999889e-01,-9.665490372000000788e-03,2.202406955000000156e-03
6.186747900000000300e-01,8.208270024999999581e-01,-1.015329383000000002e-02,2.487529415000000119e-03
6.189384999999999470e-01,8.207129413000000540e-01,-1.066746464999999977e-02,2.662897501000000174e-03
6.192032699999999723e-01,8.208494816000000416e-01,-1.141146562000000010e-02,2.847794432999999851e-03
6.194691100000000450e-01,8.194153776999999472e-01,-1.209724992999999978e-02,3.042190131000000082e-03
6.197371499999999589e-01,8.184455404999999573e-01,-1.255597531000000010e-02,3.251363443000000134e-03
6.200085300000000021e-01,8.169772521999999482e-01,-1.267478447000000043e-02,3.340136580999999907e-03
6.202833500000000111e-01,8.166575730999999783e-01,-1.261117724000000023e-02,3.375184702000000054e-03
6.205623099999999503e-01,8.154227129000000129e-01,-1.233253005999999929e-02,3.232474881999999883e-03
6.208455400000000290e-01,8.156155336000000533e-01,-1.177363678999999996e-02,3.068921331000000041e-03
6.211331900000000017e-01,8.150898818999999795e-01,-1.062487233000000003e-02,2.681398068999999926e-03
6.214260700000000526e-01,8.151309469999999946e-01,-9.465445672000000199e-03,2.399056268999999898e-03
6.217236999999999902e-01,8.136206911000000153e-01,-8.254991716000000326e-03,2.036832697999999952e-03
6.220262399999999525e-01,8.123077855000000458e-01,-7.115964829999999949e-03,1.745431175999999926e-03
6.223338600000000165e-01,8.113483175000000269e-01,-5.886824827999999864e-03,1.330121825000000037e-03
6.226475399999999993e-01,8.113422731999999638e-01,-4.871963037000000274e-03,8.685923935999999854e-04
6.229675199999999968e-01,8.114191009000000232e-01,-4.540076567999999993e-03,3.833615421999999901e-04
6.232949199999999745e-01,8.113350604000000299e-01,-4.121672837000000394e-03,8.344011876000000376e-06
6.236257499999999787e-01,8.116171626000000527e-01,-4.165918826999999956e-03,-4.252771055000000131e-04
6.239565700000000437e-01,8.117663018999999869e-01,-4.175973250000000227e-03,-7.851176671999999992e-04
6.242873899999999976e-01,8.109768602000000381e-01,-4.751537755999999703e-03,-1.126801260000000020e-03
6.246182200000000018e-01,8.110672423000000464e-01,-5.315243966000000354e-03,-1.425024678000000105e-03
6.249490399999999557e-01,8.092751840999999891e-01,-6.311154339999999752e-03,-1.548793635999999975e-03
6.252798600000000206e-01,8.080465586999999728e-01,-7.313219519000000238e-03,-1.642388573999999926e-03
6.256115599999999555e-01,8.071316002999999739e-01,-8.296160530999999519e-03,-1.779200708000000086e-03
6.259432700000000516e-01,8.072060005000000205e-01,-8.848389987000000734e-03,-1.911066841999999998e-03
6.262749699999999864e-01,8.076229262999999881e-01,-8.916512786999999593e-03,-2.076380273999999838e-03
6.266066700000000322e-01,8.084200381999999685e-01,-9.033664610000000442e-03,-2.218798034999999984e-03
6.269383699999999671e-01,8.083109171000000259e-01,-9.332672832000000335e-03,-2.390938643000000037e-03
6.272700799999999521e-01,8.079080521000000514e-01,-9.979774352000000612e-03,-2.464142143000000191e-03
6.276017799999999980e-01,8.075561021999999589e-01,-1.106074576999999982e-02,-2.515461945000000213e-03
6.279334800000000438e-01,8.072397398999999751e-01,-1.229109823000000025e-02,-2.521343162999999891e-03
6.282651799999999787e-01,8.074041940999999722e-01,-1.338184027999999963e-02,-2.553543331000000111e-03
6.285968899999999637e-01,8.079433456000000291e-01,-1.457482568000000034e-02,-2.562075918999999827e-03
6.289285900000000096e-01,8.085425161999999499e-01,-1.606545721999999912e-02,-2.603501782000000164e-03
6.292602900000000554e-01,8.090163034999999780e-01,-1.739940163999999928e-02,-2.591468966000000027e-03
6.295919899999999902e-01,8.094142437000000356e-01,-1.847078258999999834e-02,-2.623012291999999787e-03
6.299236999999999753e-01,8.098826518999999724e-01,-1.948835151000000154e-02,-2.625133360999999839e-03
6.302554000000000212e-01,8.093893062000000471e-01,-2.041204552999999894e-02,-2.605335513999999970e-03
6.305870999999999560e-01,8.088595302000000098e-01,-2.114827387000000128e-02,-2.460443187000000212e-03
6.309188000000000018e-01,8.075826059999999806e-01,-2.177429356999999871e-02,-2.304749235999999958e-03
6.312505099999999869e-01,8.060933633000000320e-01,-2.231686529999999877e-02,-2.083413550000000076e-03
6.315822100000000328e-01,8.039201787999999960e-01,-2.204473040000000036e-02,-1.901716414999999986e-03
6.319139099999999676e-01,8.016775657000000388e-01,-2.178505215000000120e-02,-1.667808157000000031e-03
6.322456100000000134e-01,7.993460722999999879e-01,-2.110155462000000079e-02,-1.443330258000000100e-03
6.325773199999999985e-01,7.967526633999999497e-01,-2.011256022999999976e-02,-1.202254400999999955e-03
6.329090200000000443e-01,7.934714702999999814e-01,-1.901101738999999916e-02,-9.168248449999999872e-04
6.332407199999999792e-01,7.901679314999999759e-01,-1.786564515999999880e-02,-5.858565062000000443e-04
6.335724200000000250e-01,7.868589644000000272e-01,-1.635669107999999927e-02,-2.378356991999999975e-04
6.339041300000000101e-01,7.846123771999999885e-01,-1.479711042999999962e-02,1.314495785000000005e-04
6.342358299999999449e-01,7.826204922999999702e-01,-1.298739452000000072e-02,4.177401008999999930e-04
6.345675299999999908e-01,7.814959226000000037e-01,-1.153756203000000022e-02,6.489535752000000083e-04
6.348992300000000366e-01,7.813519225999999707e-01,-1.033263843000000078e-02,7.726209800999999776e-04
6.352309400000000217e-01,7.818803976999999517e-01,-9.056727706000000308e-03,7.666985876000000262e-04
6.355626399999999565e-01,7.821207986999999529e-01,-7.599307442999999988e-03,7.516370436000000075e-04
6.358943400000000024e-01,7.826997183999999663e-01,-6.202907270000000348e-03,6.964913261999999914e-04
6.362260400000000482e-01,7.832185002999999535e-01,-4.365176331000000104e-03,6.677200864999999902e-04
6.365577500000000333e-01,7.846416207999999948e-01,-2.349206904999999804e-03,6.172392142999999498e-04
6.368894499999999681e-01,7.860848321000000194e-01,-5.813352414000000227e-04,4.969450503999999760e-04
6.372211500000000139e-01,7.883959586000000019e-01,1.498335719000000107e-03,3.165663193000000188e-04
6.375528499999999488e-01,7.904964051999999741e-01,3.586575820000000026e-03,6.609243210000000351e-05
6.378845600000000449e-01,7.934361224999999518e-01,5.441512960000000412e-03,-2.151893034999999960e-04
6.382162599999999797e-01,7.965826909000000011e-01,6.984755486000000270e-03,-5.584382194999999586e-04
6.385479600000000255e-01,8.000046560000000362e-01,8.552677154000000101e-03,-9.054052193000000030e-04
6.388796599999999604e-01,8.033643329999999860e-01,9.975458480999999794e-03,-1.198892381000000009e-03
6.392113699999999454e-01,8.073394458999999523e-01,1.109454976999999995e-02,-1.463456659000000101e-03
6.395430699999999913e-01,8.098344375999999567e-01,1.196826330999999945e-02,-1.716764108999999962e-03
6.398747700000000371e-01,8.123097720999999938e-01,1.308087110000000046e-02,-1.902687984000000099e-03
6.402025199999999971e-01,8.144479591000000074e-01,1.408508873000000050e-02,-2.071832258999999846e-03
6.405198600000000519e-01,8.174974720000000028e-01,1.515858055000000003e-02,-2.235604483000000215e-03
6.408282499999999882e-01,8.205602213999999561e-01,1.632736720000000155e-02,-2.436383265000000107e-03
6.411289999999999489e-01,8.237854501000000385e-01,1.740988674000000166e-02,-2.645375129000000075e-03
6.414232500000000003e-01,8.265537227999999459e-01,1.845890639999999902e-02,-2.890867802999999917e-03
6.417127900000000329e-01,8.283674315000000288e-01,1.971418034999999902e-02,-3.049410290999999933e-03
6.419992599999999605e-01,8.297343507000000118e-01,2.086812184000000001e-02,-3.219662061000000061e-03
6.422834699999999675e-01,8.310354036999999527e-01,2.185936847000000127e-02,-3.358774181999999841e-03
6.425654499999999825e-01,8.316408860999999764e-01,2.244652734000000122e-02,-3.581214982000000078e-03
6.428466900000000539e-01,8.322503969000000223e-01,2.275745796000000140e-02,-3.818688147000000050e-03
6.431279399999999535e-01,8.313611798000000164e-01,2.289328455000000026e-02,-4.014267927000000381e-03
6.434099199999999685e-01,8.304371658000000433e-01,2.288023703000000020e-02,-4.135700677000000297e-03
6.436934100000000214e-01,8.296916822000000025e-01,2.257044186999999924e-02,-4.311726111000000090e-03
6.439791799999999844e-01,8.285933682999999661e-01,2.183390577999999929e-02,-4.437724320000000118e-03
6.442680600000000313e-01,8.261033062999999510e-01,2.060780716000000165e-02,-4.532320295999999957e-03
6.445609500000000214e-01,8.234628067000000495e-01,1.923496540000000157e-02,-4.510775974000000299e-03
6.448571199999999504e-01,8.204884438999999752e-01,1.771614066000000084e-02,-4.510645595000000417e-03
6.451583899999999705e-01,8.188811159000000117e-01,1.621956885000000112e-02,-4.558927943000000080e-03
6.454649500000000373e-01,8.179271904999999565e-01,1.475472536000000008e-02,-4.694365522999999901e-03
6.457779299999999445e-01,8.166974684000000151e-01,1.316250708000000005e-02,-4.644988767999999602e-03
6.460986100000000176e-01,8.155216425000000324e-01,1.154755141000000061e-02,-4.680859764999999867e-03
6.464284599999999825e-01,8.140395591000000319e-01,1.007173031000000059e-02,-4.697054160999999776e-03
6.467593600000000054e-01,8.137475682000000488e-01,8.764125015999999282e-03,-4.831602626999999608e-03
6.470902499999999780e-01,8.140780720000000414e-01,7.552240693000000261e-03,-4.860793319999999994e-03
6.474211500000000008e-01,8.145797487999999476e-01,5.869972012999999725e-03,-4.957946783999999871e-03
6.477520500000000236e-01,8.139807557999999554e-01,4.506021790999999686e-03,-4.877984271000000357e-03
6.480829500000000465e-01,8.126795198999999803e-01,3.395844360000000155e-03,-4.774790341999999611e-03
6.484138499999999583e-01,8.112453967999999627e-01,2.543319458999999949e-03,-4.668798416999999680e-03
6.487447499999999811e-01,8.095738112999999458e-01,1.369118217999999894e-03,-4.477064250000000085e-03
6.490756500000000040e-01,8.083914184999999586e-01,2.369519666999999989e-04,-4.212561899000000394e-03
6.494065500000000268e-01,8.072323443000000154e-01,-8.859140644999999748e-04,-3.899803292999999994e-03
6.497374500000000497e-01,8.057961827999999826e-01,-1.784840928999999968e-03,-3.496181035999999971e-03
6.500683499999999615e-01,8.051836551000000064e-01,-2.702551425000000122e-03,-3.165197860999999831e-03
6.503992499999999843e-01,8.055024594999999898e-01,-3.804809482999999947e-03,-2.794672298999999888e-03
6.507301500000000072e-01,8.049622741999999942e-01,-4.696114884000000302e-03,-2.387340289000000094e-03
6.510610500000000300e-01,8.053152444000000187e-01,-5.690771108999999849e-03,-1.930208595000000105e-03
6.513919500000000529e-01,8.061833822999999732e-01,-6.345412897999999809e-03,-1.502506198000000100e-03
6.517228499999999647e-01,8.076411140000000488e-01,-6.385913384000000206e-03,-1.066842782000000048e-03
6.520537499999999875e-01,8.091064154999999536e-01,-6.546771752000000305e-03,-6.146765813999999564e-04
6.523846500000000104e-01,8.113188908999999782e-01,-6.684921205000000401e-03,-1.392504623000000088e-04
6.527155500000000332e-01,8.130384615000000315e-01,-6.404713601999999575e-03,3.455502055999999937e-04
6.530464499999999450e-01,8.156853457999999613e-01,-6.106209088999999673e-03,7.873924449000000185e-04
6.533773499999999679e-01,8.172980166000000102e-01,-5.470203396000000023e-03,1.176481192999999934e-03
6.537082499999999907e-01,8.177940973999999752e-01,-4.439409947999999745e-03,1.580611824999999951e-03
6.540391399999999633e-01,8.171067784000000112e-01,-2.806560480999999857e-03,1.960695658000000119e-03
6.543700399999999862e-01,8.163111714999999879e-01,-1.284578707999999968e-03,2.247911977000000006e-03
6.547009400000000090e-01,8.144014506000000209e-01,3.028574740999999989e-04,2.443989511999999833e-03
6.550318400000000318e-01,8.121897316999999727e-01,1.856209402000000069e-03,2.650920838999999869e-03
6.553627400000000547e-01,8.093986923000000555e-01,3.410003629000000081e-03,2.872810064000000125e-03
6.556936399999999665e-01,8.060460127999999891e-01,4.373641265000000403e-03,3.138069823000000022e-03
6.560245399999999893e-01,8.026991690000000457e-01,4.685489632999999786e-03,3.362035807000000008e-03
6.563554400000000122e-01,7.992193315000000187e-01,4.730991379999999712e-03,3.555454068000000155e-03
6.566863400000000350e-01,7.961321405000000295e-01,4.141711975999999747e-03,3.673733522999999852e-03
6.570172399999999469e-01,7.940394152999999955e-01,3.136210797999999800e-03,3.815736295999999812e-03
6.573481399999999697e-01,7.918330386999999915e-01,1.893310677999999938e-03,3.918061084999999687e-03
6.576790399999999925e-01,7.905924009000000474e-01,3.395402382000000264e-04,4.109658212999999991e-03
6.580099400000000154e-01,7.893968014000000144e-01,-1.782079097000000044e-03,4.351970640000000189e-03
6.583408400000000382e-01,7.882926036999999830e-01,-4.239047804000000384e-03,4.776779767999999628e-03
6.586717399999999500e-01,7.878010167000000230e-01,-6.927807381000000014e-03,5.247770250999999990e-03
6.590026399999999729e-01,7.880149066999999619e-01,-9.699922236999999198e-03,5.810103205000000104e-03
6.593335399999999957e-01,7.888745550000000328e-01,-1.259380535999999988e-02,6.319745067000000043e-03
6.596644400000000186e-01,7.894235943999999838e-01,-1.516636107000000032e-02,6.842242299999999784e-03
6.599953400000000414e-01,7.897028649999999761e-01,-1.708280481000000114e-02,7.279950537999999895e-03
6.603262399999999532e-01,7.898001427999999935e-01,-1.879570241000000017e-02,7.796664061999999777e-03
6.606571300000000369e-01,7.897143236000000455e-01,-1.991470823999999876e-02,8.222328103000000124e-03
6.609880299999999487e-01,7.897247305000000273e-01,-2.066466247000000103e-02,8.543931681000000583e-03
6.613189299999999715e-01,7.895455059000000553e-01,-2.074748594000000099e-02,8.652475906999999161e-03
6.616498299999999944e-01,7.906894101000000452e-01,-2.028516266000000151e-02,8.519138013999999828e-03
6.619807300000000172e-01,7.922481138000000422e-01,-1.948492137999999901e-02,8.187124558000000857e-03
6.623116300000000400e-01,7.937720117000000020e-01,-1.804368651000000032e-02,7.826235314000000443e-03
6.626425299999999519e-01,7.955774190000000079e-01,-1.575279804000000172e-02,7.253507283999999916e-03
6.629734299999999747e-01,7.984098118000000355e-01,-1.287659799000000042e-02,6.427185939000000341e-03
6.633043299999999975e-01,8.008737924000000064e-01,-1.009149823999999987e-02,5.591361195999999638e-03
6.636352300000000204e-01,8.037825398000000288e-01,-7.407489221999999721e-03,4.809722229000000168e-03
6.639661300000000432e-01,8.070680230000000233e-01,-4.675260869999999652e-03,3.993785124999999631e-03
6.642970299999999551e-01,8.100903044999999691e-01,-2.141929630999999962e-03,3.226224929999999946e-03
6.646279299999999779e-01,8.126583306000000340e-01,4.304500214999999958e-04,2.480772032999999880e-03
6.649588300000000007e-01,8.148474672000000085e-01,2.456355343999999837e-03,1.950323079000000018e-03
6.652897300000000236e-01,8.163366001999999844e-01,4.217217764999999646e-03,1.395866729000000070e-03
6.656206300000000464e-01,8.183671468000000004e-01,5.343019905999999916e-03,9.428712978000000113e-04
6.659515299999999582e-01,8.196112115000000475e-01,6.318041802000000200e-03,4.857554585999999757e-04
6.662824299999999811e-01,8.197371063999999707e-01,7.459442265000000398e-03,2.013210074000000116e-04
6.666133300000000039e-01,8.187529936999999869e-01,8.485164709999999666e-03,-1.400025625999999992e-04
6.669442300000000268e-01,8.178699731999999889e-01,9.227215077999999238e-03,-4.584330859000000104e-04
6.672751199999999994e-01,8.161143176999999804e-01,9.483201659999999228e-03,-7.230959733000000451e-04
6.676060200000000222e-01,8.141953068999999710e-01,9.532812910000000584e-03,-8.617463262999999719e-04
6.679369200000000451e-01,8.122112016000000434e-01,9.504562517999999918e-03,-1.062520586999999997e-03
6.682678199999999569e-01,8.108744959999999447e-01,9.161481339000000779e-03,-1.153075343000000081e-03
6.685987199999999797e-01,8.095476297999999460e-01,8.265086652000000478e-03,-1.235482282999999940e-03
6.689296200000000026e-01,8.092273140000000309e-01,6.842248115000000401e-03,-1.323291436000000086e-03
6.692605200000000254e-01,8.089118369000000142e-01,5.175397576000000284e-03,-1.383950259999999939e-03
6.695914200000000482e-01,8.093324598000000147e-01,3.164507481999999806e-03,-1.356703518999999997e-03
6.699223199999999601e-01,8.083166853000000041e-01,9.028942563999999785e-04,-1.248667424000000003e-03
6.702518600000000326e-01,8.075132923000000185e-01,-9.404610578999999734e-04,-1.144705659999999950e-03
6.705683199999999955e-01,8.086726043999999947e-01,-2.571181050999999870e-03,-1.120492458999999960e-03
6.708738300000000043e-01,8.097367912999999806e-01,-4.156238601000000234e-03,-1.016421989999999938e-03
6.711701799999999496e-01,8.109279230000000505e-01,-5.493744673999999967e-03,-9.017466856999999635e-04
6.714578799999999514e-01,8.128079357999999921e-01,-6.633397513000000197e-03,-8.290467509999999846e-04
6.717383900000000185e-01,8.142678315000000389e-01,-7.903261393000000565e-03,-8.167790008000000478e-04
6.720129900000000323e-01,8.164305691000000031e-01,-9.171174923000000034e-03,-8.436725707000000164e-04
6.722828400000000482e-01,8.182663312000000300e-01,-1.029507105999999915e-02,-9.897963615999999781e-04
6.725489900000000132e-01,8.193473544999999580e-01,-1.095968832999999996e-02,-1.076985886000000068e-03
6.728115399999999857e-01,8.191006169000000225e-01,-1.163911999999999933e-02,-1.093343174000000048e-03
6.730723100000000070e-01,8.184359879000000504e-01,-1.205389957000000019e-02,-1.064016557000000036e-03
6.733322000000000473e-01,8.179954139999999763e-01,-1.208980733000000057e-02,-1.130496271999999929e-03
6.735920899999999767e-01,8.177544049999999620e-01,-1.206887360999999922e-02,-1.232218715999999943e-03
6.738519800000000171e-01,8.174967081999999774e-01,-1.226586355999999961e-02,-1.292345859999999898e-03
6.741127700000000278e-01,8.169158340000000074e-01,-1.185474270999999948e-02,-1.307480206000000015e-03
6.741651800000000305e-01,9.411252696999999889e-01,-2.081194369999999835e-02,-2.518606401000000067e-05
6.742280600000000179e-01,9.108682648999999465e-01,-2.048032203999999856e-02,-1.203652631000000015e-03
6.743035299999999843e-01,8.574899593999999459e-01,-1.921330527000000149e-02,-1.395289792999999945e-03
6.743940800000000069e-01,8.293802859000000138e-01,-1.864377127999999884e-02,-9.271237320999999466e-04
6.745027099999999498e-01,8.155773567999999862e-01,-1.735034603999999897e-02,-6.237176509000000009e-04
6.746330999999999856e-01,8.096498077999999543e-01,-1.497214824000000014e-02,-6.932747091999999587e-04
6.747894700000000023e-01,8.080787131000000123e-01,-1.212234742999999948e-02,-9.782837755000000843e-04
6.749724599999999963e-01,8.085945626999999636e-01,-8.779661668000000169e-03,-1.326381912000000000e-03
6.751820299999999886e-01,8.100325599000000043e-01,-5.421863392000000025e-03,-1.608086304999999973e-03
6.754187999999999859e-01,8.105938148000000343e-01,-2.556628713000000212e-03,-1.960896993000000102e-03
6.756832699999999470e-01,8.119983468999999454e-01,2.680319276000000216e-04,-2.296367861000000142e-03
6.759595400000000254e-01,8.145480050000000194e-01,3.402234070999999790e-03,-2.725654317000000132e-03
6.762389399999999551e-01,8.167128136000000316e-01,6.598187030999999592e-03,-3.093611632000000094e-03
6.765215500000000270e-01,8.168360156999999733e-01,9.540313607000000529e-03,-3.373409755999999971e-03
6.768063500000000010e-01,8.175875701999999468e-01,1.264455261000000004e-02,-3.811758281999999901e-03
6.770945099999999828e-01,8.176079653000000169e-01,1.586789330999999886e-02,-4.343201034999999953e-03
6.773849699999999752e-01,8.175230209999999609e-01,1.883584171999999959e-02,-4.780210899999999888e-03
6.776765999999999623e-01,8.160994115999999909e-01,2.158032538999999847e-02,-5.214587074999999829e-03
6.779705999999999788e-01,8.148846366999999979e-01,2.399177511999999943e-02,-5.597389482999999728e-03
6.782658000000000298e-01,8.138137965999999723e-01,2.594854053000000133e-02,-5.959076263999999595e-03
6.785622199999999937e-01,8.126421658000000381e-01,2.711662605999999934e-02,-6.254312373999999959e-03
6.788598799999999711e-01,8.123937265999999768e-01,2.768584561999999985e-02,-6.653906761000000225e-03
6.791587900000000122e-01,8.127094147000000213e-01,2.787250302999999887e-02,-7.163444536999999737e-03
6.794577000000000533e-01,8.142892196000000027e-01,2.778414150999999888e-02,-7.682308268000000336e-03
6.797578800000000365e-01,8.159522269000000216e-01,2.742676393000000046e-02,-8.204928853999999411e-03
6.800580600000000198e-01,8.190441217999999690e-01,2.683607903999999864e-02,-8.825877202999999824e-03
6.803582400000000030e-01,8.220377183999999504e-01,2.616136285999999880e-02,-9.430871711000000587e-03
6.806584199999999862e-01,8.250020542999999540e-01,2.512068798000000047e-02,-9.921299337999999260e-03
6.809572999999999876e-01,8.283601615000000251e-01,2.409488762999999895e-02,-1.037780869000000036e-02
6.812561900000000392e-01,8.313594054999999816e-01,2.291911391000000034e-02,-1.079083951999999964e-02
6.815537799999999979e-01,8.337766952999999814e-01,2.132948361000000168e-02,-1.112327521999999930e-02
6.818513699999999567e-01,8.354295939000000448e-01,1.963502808999999932e-02,-1.132543817000000036e-02
6.821489699999999656e-01,8.375532312000000257e-01,1.830167904999999845e-02,-1.159433992000000017e-02
6.824465600000000354e-01,8.400864954000000218e-01,1.732689830000000084e-02,-1.200446355999999944e-02
6.827454699999999654e-01,8.422010686999999995e-01,1.676856212000000027e-02,-1.246123617000000072e-02
6.830443800000000065e-01,8.434802550000000121e-01,1.651418740999999885e-02,-1.285287583000000074e-02
6.833446199999999582e-01,8.440596310000000324e-01,1.640604105000000035e-02,-1.323536462000000045e-02
6.836462300000000214e-01,8.448930634000000328e-01,1.647912860000000021e-02,-1.366061761000000006e-02
6.839492200000000244e-01,8.456963460999999960e-01,1.689077668000000046e-02,-1.406795507999999972e-02
6.842550099999999969e-01,8.458407510000000018e-01,1.743365445999999971e-02,-1.444419987999999953e-02
6.845636699999999575e-01,8.461248104999999908e-01,1.780467173999999986e-02,-1.475146025000000083e-02
6.848752700000000360e-01,8.449686552999999822e-01,1.827684941000000049e-02,-1.494304469999999975e-02
6.851898800000000289e-01,8.437193154000000028e-01,1.848417189000000141e-02,-1.499839344999999956e-02
6.855075800000000052e-01,8.430523618999999913e-01,1.878767316000000062e-02,-1.508152230000000052e-02
6.858268499999999879e-01,8.423335853000000206e-01,1.936468734999999969e-02,-1.519817826999999948e-02
6.861493300000000017e-01,8.414644796000000371e-01,2.036705077999999974e-02,-1.530095100999999923e-02
6.864751000000000047e-01,8.405409300999999722e-01,2.171169386999999978e-02,-1.538890532000000005e-02
6.868042399999999548e-01,8.384088901999999788e-01,2.341879922999999877e-02,-1.537491814999999984e-02
6.871368500000000212e-01,8.368489770000000494e-01,2.559798511999999970e-02,-1.548384438000000030e-02
6.874712299999999887e-01,8.356156300000000536e-01,2.822393856999999909e-02,-1.559876133000000047e-02
6.878056099999999562e-01,8.348411969000000266e-01,3.118350284999999930e-02,-1.579385057000000023e-02
6.881399900000000347e-01,8.335968308000000215e-01,3.451337698999999704e-02,-1.607706377000000034e-02
6.884743700000000022e-01,8.326891029999999860e-01,3.790250376999999837e-02,-1.639245549999999996e-02
6.888105700000000109e-01,8.317532474000000065e-01,4.083117935999999726e-02,-1.673127404000000068e-02
6.891467799999999588e-01,8.315217661999999565e-01,4.329679698999999715e-02,-1.715024864000000079e-02
6.894829799999999675e-01,8.318029208999999646e-01,4.509958363000000220e-02,-1.761306648999999905e-02
6.898191900000000265e-01,8.319885100999999672e-01,4.656597133999999805e-02,-1.804432091000000155e-02
6.901553900000000352e-01,8.330210480999999945e-01,4.739875359000000205e-02,-1.854604279999999897e-02
6.904915999999999832e-01,8.343063737999999452e-01,4.760522416000000090e-02,-1.904141281000000172e-02
6.908259199999999822e-01,8.348702760999999750e-01,4.702557765999999806e-02,-1.948158721999999898e-02
6.911583500000000324e-01,8.354544544999999989e-01,4.578058813000000088e-02,-1.985655869999999878e-02
6.914907900000000218e-01,8.358191675999999681e-01,4.417871056000000074e-02,-2.022491976000000136e-02
6.918213500000000016e-01,8.363947769999999782e-01,4.224584489000000193e-02,-2.048142429999999861e-02
6.921500499999999612e-01,8.365325250999999795e-01,4.006075368999999914e-02,-2.064069697000000050e-02
6.924768799999999613e-01,8.356925930999999919e-01,3.803844125999999992e-02,-2.065584390999999909e-02
6.928037200000000118e-01,8.337233882000000262e-01,3.611956479999999664e-02,-2.066048653999999832e-02
6.931287000000000420e-01,8.310956243999999549e-01,3.440032377999999863e-02,-2.063768658999999908e-02
6.934536799999999612e-01,8.275788473999999839e-01,3.261868474000000073e-02,-2.053309940999999833e-02
6.937767999999999713e-01,8.241363357000000001e-01,3.090037409999999915e-02,-2.031256228000000164e-02
6.940999199999999814e-01,8.213750566999999947e-01,2.950933969000000059e-02,-2.019575686000000050e-02
6.944249200000000011e-01,8.193536648999999450e-01,2.822217612999999847e-02,-1.994367928999999859e-02
6.947499200000000208e-01,8.180044344000000356e-01,2.724947352999999850e-02,-1.963516188000000162e-02
6.950749200000000405e-01,8.165523316999999670e-01,2.643943607999999987e-02,-1.927382257000000154e-02
6.954018600000000383e-01,8.149408730999999628e-01,2.619020492999999880e-02,-1.895486402000000001e-02
6.957307600000000036e-01,8.136357895000000395e-01,2.610966500000000065e-02,-1.858508416999999843e-02
6.960636999999999519e-01,8.122143743999999943e-01,2.601085633999999924e-02,-1.816416652000000034e-02
6.963987099999999764e-01,8.114737064000000499e-01,2.616422737000000109e-02,-1.770159794000000092e-02
6.967337200000000008e-01,8.110792332999999799e-01,2.629670011999999876e-02,-1.724328079999999999e-02
6.970687300000000253e-01,8.100351044000000389e-01,2.670641203000000130e-02,-1.673061208999999938e-02
6.974037299999999995e-01,8.088898249999999512e-01,2.731880835000000118e-02,-1.623353317999999892e-02
6.977387400000000239e-01,8.079099172999999467e-01,2.807106775999999859e-02,-1.578477005000000072e-02
6.980737500000000484e-01,8.073114036999999854e-01,2.904288136999999895e-02,-1.543173943000000076e-02
6.984087599999999618e-01,8.065326561000000227e-01,3.020003978000000006e-02,-1.512907278999999980e-02
6.987437699999999863e-01,8.057210416000000208e-01,3.162366479999999952e-02,-1.489500193000000035e-02
6.990787699999999605e-01,8.047644186000000310e-01,3.318366494000000305e-02,-1.462477702000000018e-02
6.994137799999999849e-01,8.033825655999999871e-01,3.438526968999999767e-02,-1.435003318999999999e-02
6.997487900000000094e-01,8.024462780000000128e-01,3.536006056000000342e-02,-1.413375633999999943e-02
7.000838000000000338e-01,8.015178989000000254e-01,3.625203351999999740e-02,-1.400320700000000015e-02
7.004188099999999473e-01,8.007223267999999949e-01,3.703675003999999660e-02,-1.389824373000000078e-02
7.007538100000000325e-01,8.002696272000000555e-01,3.771223586999999933e-02,-1.389653574999999940e-02
7.010888199999999459e-01,8.005095897999999766e-01,3.828919129000000338e-02,-1.392212877999999925e-02
7.014238299999999704e-01,8.008774131000000462e-01,3.882392594999999752e-02,-1.399600009000000027e-02
7.017588399999999949e-01,8.016929254000000338e-01,3.947519920999999904e-02,-1.404696849999999969e-02
7.020938500000000193e-01,8.025116120999999936e-01,4.009183477000000106e-02,-1.412485836999999994e-02
7.024288499999999935e-01,8.032129413999999912e-01,4.068014400000000141e-02,-1.414177477999999967e-02
7.027638600000000180e-01,8.038354215999999886e-01,4.115209503000000213e-02,-1.418154410999999948e-02
7.030988700000000424e-01,8.049401908000000105e-01,4.118437261999999960e-02,-1.417817063999999953e-02
7.034338799999999559e-01,8.059348329000000088e-01,4.124772395000000230e-02,-1.407634527000000031e-02
7.037688899999999803e-01,8.072244870000000461e-01,4.155798689000000240e-02,-1.398409865000000037e-02
7.041038899999999545e-01,8.082061916999999651e-01,4.172956349000000315e-02,-1.384355374999999937e-02
7.044388999999999790e-01,8.088082182000000397e-01,4.173384613000000187e-02,-1.370602289000000078e-02
7.047739100000000034e-01,8.089429009999999920e-01,4.152294390999999862e-02,-1.360304558000000053e-02
7.051089200000000279e-01,8.094105826999999920e-01,4.142483581999999859e-02,-1.353521780000000070e-02
7.054439300000000523e-01,8.093983082000000273e-01,4.145415302000000218e-02,-1.334208746000000063e-02
7.057789300000000265e-01,8.090941241000000339e-01,4.104765230000000098e-02,-1.312211144000000052e-02
7.061139400000000510e-01,8.090292659000000164e-01,4.062916823999999927e-02,-1.292454391999999994e-02
7.064489499999999644e-01,8.097123263000000071e-01,4.013220463000000127e-02,-1.272535611000000060e-02
7.067839599999999889e-01,8.107921568000000523e-01,3.959603646999999838e-02,-1.263955366000000038e-02
7.071189700000000133e-01,8.129042605999999838e-01,3.940477818000000243e-02,-1.264442994999999924e-02
7.074539800000000378e-01,8.148250025000000063e-01,3.931802998000000215e-02,-1.264851409000000010e-02
7.077889800000000120e-01,8.166542172999999849e-01,3.906975190999999875e-02,-1.265399369999999947e-02
7.081239900000000365e-01,8.180508863000000019e-01,3.864829315999999959e-02,-1.263178715000000049e-02
7.084589999999999499e-01,8.192514850000000015e-01,3.822795807999999906e-02,-1.268118390000000026e-02
7.087940099999999743e-01,8.205436758999999913e-01,3.769023969000000196e-02,-1.278357188999999956e-02
7.091290199999999988e-01,8.215045067999999784e-01,3.721785517000000126e-02,-1.286477358000000064e-02
7.094640199999999730e-01,8.221185765999999839e-01,3.685887019999999764e-02,-1.305821771000000020e-02
7.097990299999999975e-01,8.229491982000000094e-01,3.630504186999999883e-02,-1.333113168999999938e-02
7.101340400000000219e-01,8.237318233000000545e-01,3.553858702999999897e-02,-1.359575872000000005e-02
7.104690500000000464e-01,8.244704712000000546e-01,3.467089746000000250e-02,-1.386408555999999945e-02
7.108040599999999598e-01,8.249362351000000260e-01,3.397222301999999750e-02,-1.415911803000000080e-02
7.111390600000000450e-01,8.245052685999999520e-01,3.328509987000000114e-02,-1.443605341000000000e-02
7.114740699999999585e-01,8.230751645999999644e-01,3.251070640999999956e-02,-1.463467155000000054e-02
7.118090799999999829e-01,8.217717381000000376e-01,3.154925020999999746e-02,-1.483968180999999976e-02
7.121440900000000074e-01,8.195736528000000520e-01,3.074157497999999850e-02,-1.502868056000000035e-02
7.124791000000000318e-01,8.172515696000000052e-01,3.002201977999999910e-02,-1.517849039999999948e-02
7.128141000000000060e-01,8.144541754999999883e-01,2.929338633000000067e-02,-1.532199941999999940e-02
7.131491100000000305e-01,8.113684404000000017e-01,2.881787204000000116e-02,-1.548960356000000059e-02
7.134841200000000550e-01,8.085240141999999741e-01,2.795527542999999907e-02,-1.566580400999999928e-02
7.138191299999999684e-01,8.068245023000000238e-01,2.755053286000000087e-02,-1.603494650000000105e-02
7.141541399999999928e-01,8.055208249999999959e-01,2.736175534999999923e-02,-1.640104885999999970e-02
7.144891399999999670e-01,8.047924060000000157e-01,2.711999521000000093e-02,-1.667252421999999845e-02
7.148241499999999915e-01,8.039252309000000096e-01,2.701001945999999959e-02,-1.691000577000000005e-02
7.151591600000000160e-01,8.037706788999999796e-01,2.672213025000000006e-02,-1.705673321999999839e-02
7.154941700000000404e-01,8.032613469999999589e-01,2.637152704999999944e-02,-1.702583909999999881e-02
7.158291799999999538e-01,8.024287954000000056e-01,2.538606762999999836e-02,-1.675141471999999979e-02
7.161641800000000391e-01,8.012610570000000543e-01,2.438032088000000042e-02,-1.633098083999999853e-02
7.164991899999999525e-01,7.995542155999999512e-01,2.291386105000000131e-02,-1.561457192999999959e-02
7.168341999999999770e-01,7.983037773000000170e-01,2.140639301000000008e-02,-1.492118197999999993e-02
7.171692100000000014e-01,7.960839401999999509e-01,1.997291341999999845e-02,-1.409131199999999993e-02
7.175042200000000259e-01,7.933683353999999577e-01,1.861661325000000047e-02,-1.316305608999999988e-02
7.178392300000000503e-01,7.900539120999999776e-01,1.723616935000000031e-02,-1.220689376000000034e-02
7.181742300000000245e-01,7.863895749999999518e-01,1.629259341000000028e-02,-1.122089983999999957e-02
7.185092400000000490e-01,7.826017004999999971e-01,1.552345576000000067e-02,-1.013114591999999918e-02
7.188442499999999624e-01,7.791870968999999869e-01,1.519394641999999990e-02,-9.131889666000000613e-03
7.191792599999999869e-01,7.776776853000000322e-01,1.487083850000000054e-02,-8.313680975999999945e-03
7.195142700000000113e-01,7.762249010999999754e-01,1.475546686000000010e-02,-7.637507610000000141e-03
7.198492699999999855e-01,7.767054157999999653e-01,1.467356841999999974e-02,-7.067930029999999926e-03
7.201842800000000100e-01,7.779353669999999887e-01,1.435895773000000000e-02,-6.531380570000000149e-03
7.205192900000000344e-01,7.797728400000000226e-01,1.374168444999999961e-02,-5.970091137000000173e-03
7.208542999999999479e-01,7.808695279999999794e-01,1.263814452999999921e-02,-5.303630965000000197e-03
7.211893099999999723e-01,7.825581544999999917e-01,1.167765332000000010e-02,-4.711711018000000299e-03
7.215243099999999465e-01,7.846089264000000174e-01,1.039302748000000068e-02,-4.100664008000000360e-03
7.218593199999999710e-01,7.866633780999999770e-01,8.852816018000000259e-03,-3.466999334000000089e-03
7.221943299999999955e-01,7.887447394000000056e-01,7.089000534999999846e-03,-2.800652115999999799e-03
7.225293400000000199e-01,7.917750447000000413e-01,5.120030410999999899e-03,-2.214387366999999787e-03
7.228643500000000444e-01,7.943679229000000230e-01,3.417763224999999846e-03,-1.703511938999999935e-03
7.231993500000000186e-01,7.967595055999999731e-01,1.904591896000000072e-03,-1.182516873999999970e-03
7.235343600000000430e-01,7.990809027999999925e-01,9.528521665999999807e-04,-7.599782694000000501e-04
7.238693699999999565e-01,8.015511879000000173e-01,5.784207478000000452e-04,-5.063285966999999657e-04
7.242043799999999809e-01,8.035391106999999478e-01,2.394625484999999957e-04,-3.991940477999999745e-04
7.245393900000000054e-01,8.054446161999999632e-01,8.176171713000000114e-05,-3.575993336999999813e-04
7.248743899999999796e-01,8.068843947999999600e-01,5.762371638999999688e-04,-5.225241188000000160e-04
7.252094000000000040e-01,8.092559919999999796e-01,1.623199957999999941e-03,-8.414319422999999793e-04
7.255444100000000285e-01,8.116739537999999587e-01,3.354951558000000052e-03,-1.314770407999999932e-03
7.258794200000000529e-01,8.139049770999999822e-01,5.604281299999999688e-03,-1.857884816999999956e-03
7.262144299999999664e-01,8.157726707000000355e-01,8.061075112000000431e-03,-2.379660452999999946e-03
7.265494399999999908e-01,8.180057785000000026e-01,1.045098942000000086e-02,-2.820790530000000153e-03
7.268844399999999650e-01,8.191208530000000376e-01,1.305667643999999968e-02,-3.348677115999999961e-03
7.272194499999999895e-01,8.196897171999999454e-01,1.547281221999999984e-02,-3.892681073999999970e-03
7.275544600000000139e-01,8.202325169999999943e-01,1.760308555999999872e-02,-4.499527762999999680e-03
7.278894700000000384e-01,8.211935755000000503e-01,1.933023488000000165e-02,-5.036872264000000210e-03
7.282244799999999518e-01,8.209675807999999853e-01,2.079343676999999974e-02,-5.508682844999999648e-03
7.285594800000000371e-01,8.210433377000000421e-01,2.182500731999999916e-02,-5.876154831000000335e-03
7.288944899999999505e-01,8.213337233999999931e-01,2.262373067999999890e-02,-6.240308449999999903e-03
7.292294999999999749e-01,8.217531398999999848e-01,2.265361424999999887e-02,-6.431280162000000376e-03
7.295645099999999994e-01,8.218763736999999958e-01,2.233649601999999901e-02,-6.492719428999999681e-03
7.298995200000000239e-01,8.218572643999999539e-01,2.137595234000000052e-02,-6.395184021000000288e-03
7.302345199999999981e-01,8.216699279000000411e-01,2.055563557000000124e-02,-6.195117745000000044e-03
7.305695300000000225e-01,8.216143032999999596e-01,1.958625632999999935e-02,-5.912009927000000387e-03
7.309045400000000470e-01,8.215519993000000021e-01,1.841686734000000034e-02,-5.613241227000000111e-03
7.312395499999999604e-01,8.207956602999999518e-01,1.691334208999999839e-02,-5.261213818999999590e-03
7.315745599999999849e-01,8.201042869000000346e-01,1.542781931999999932e-02,-4.936374942999999585e-03
7.319095599999999591e-01,8.191652553999999586e-01,1.374648671999999933e-02,-4.551775557000000035e-03
7.322445699999999835e-01,8.179381847000000150e-01,1.177225320000000082e-02,-4.200895871000000052e-03
7.325795800000000080e-01,8.173968431999999451e-01,9.785142471999999994e-03,-3.913072113999999622e-03
7.329145900000000324e-01,8.167857629000000452e-01,7.644590324000000159e-03,-3.693714871999999837e-03
7.332495999999999459e-01,8.166902873000000396e-01,5.571692351000000383e-03,-3.619965183999999860e-03
7.335846000000000311e-01,8.159669044999999787e-01,3.529930590999999940e-03,-3.634977223000000150e-03
7.339196099999999445e-01,8.159358337000000017e-01,1.829357466000000078e-03,-3.753781181000000015e-03
7.342546199999999690e-01,8.160108631000000390e-01,1.709055706000000066e-04,-3.950521638000000293e-03
7.345896299999999934e-01,8.158713798000000184e-01,-1.165152545000000019e-03,-4.107417518999999587e-03
7.349246400000000179e-01,8.154741482999999791e-01,-2.302636348000000176e-03,-4.252712306999999713e-03
7.352596399999999921e-01,8.147108115000000206e-01,-3.386649057000000029e-03,-4.372728297000000319e-03
7.355946500000000166e-01,8.131497005000000167e-01,-4.180673919000000432e-03,-4.548780401000000230e-03
7.359296600000000410e-01,8.113321971000000410e-01,-4.767205130000000401e-03,-4.646242788000000401e-03
7.362646699999999544e-01,8.098231195999999743e-01,-5.253816686000000423e-03,-4.718693016999999865e-03
7.365996799999999789e-01,8.091644028000000155e-01,-5.258021388000000060e-03,-4.756540715999999815e-03
7.369346900000000034e-01,8.078654882000000370e-01,-4.981472271000000028e-03,-4.661029548999999668e-03
7.372696899999999776e-01,8.071746233000000048e-01,-4.137650649999999666e-03,-4.512693299000000019e-03
7.376047000000000020e-01,8.057453694999999749e-01,-3.007659605999999947e-03,-4.281686310000000321e-03
7.379397100000000265e-01,8.043199192000000108e-01,-1.516186729999999998e-03,-3.993958681000000024e-03
7.382747200000000509e-01,8.025411085000000444e-01,-3.644534339000000110e-04,-3.646946016999999800e-03
7.386097299999999644e-01,8.011183574000000363e-01,8.604903255999999745e-04,-3.335993016000000141e-03
7.389447300000000496e-01,7.998959088999999523e-01,2.133256633000000114e-03,-3.054924240000000003e-03
7.392797399999999630e-01,7.997564896000000090e-01,3.436504284000000114e-03,-2.865813114000000019e-03
7.396147499999999875e-01,7.995725880999999813e-01,4.780146324999999877e-03,-2.650109296000000003e-03
7.399497600000000119e-01,8.000725350999999819e-01,6.230895085999999840e-03,-2.403331186999999990e-03
7.402847700000000364e-01,7.996263081000000161e-01,7.617455543999999967e-03,-2.169650499000000139e-03
7.406197700000000106e-01,7.998919675000000229e-01,8.941615458000000752e-03,-2.005320267999999902e-03
7.409547800000000350e-01,7.998983173000000502e-01,1.025585772999999985e-02,-1.928626101999999934e-03
7.412897899999999485e-01,8.001651022000000335e-01,1.166609002999999950e-02,-1.930246401999999957e-03
7.416247999999999729e-01,8.004912924000000540e-01,1.311913380000000011e-02,-2.083176537999999970e-03
7.419598099999999974e-01,8.009821099999999694e-01,1.438577490000000035e-02,-2.251074035999999900e-03
7.422948099999999716e-01,8.021818936000000289e-01,1.584507033999999967e-02,-2.522252609000000170e-03
7.426298199999999960e-01,8.036821241999999588e-01,1.722448562000000044e-02,-2.853370374999999841e-03
7.429648300000000205e-01,8.053371401000000152e-01,1.834843130999999974e-02,-3.209271825999999821e-03
7.432998400000000450e-01,8.069666894999999451e-01,1.955248844999999888e-02,-3.572666919000000180e-03
7.436348499999999584e-01,8.076527029000000191e-01,2.028913993999999915e-02,-3.926039775000000030e-03
7.439698500000000436e-01,8.087506714000000096e-01,2.086633154000000143e-02,-4.281293107999999820e-03
7.443048599999999571e-01,8.105297513000000453e-01,2.130454946999999974e-02,-4.701745404000000350e-03
7.446398699999999815e-01,8.123439778000000056e-01,2.152720074999999941e-02,-5.141039459000000360e-03
7.449748800000000060e-01,8.136585855000000311e-01,2.151150632999999923e-02,-5.563851687999999719e-03
7.453098900000000304e-01,8.154554385000000183e-01,2.145998487000000052e-02,-6.061467553000000029e-03
7.456449000000000549e-01,8.168247513999999931e-01,2.091270276999999955e-02,-6.571183411999999627e-03
7.459799000000000291e-01,8.178787916999999963e-01,2.023937450000000068e-02,-7.007557898000000077e-03
7.463149100000000535e-01,8.183891232000000127e-01,1.947017372999999829e-02,-7.481576735999999860e-03
7.466499199999999670e-01,8.190068046999999796e-01,1.871428212999999910e-02,-7.922345811000000571e-03
7.469849299999999914e-01,8.192802319999999972e-01,1.805068680000000009e-02,-8.357456786000000415e-03
7.473199400000000159e-01,8.195626243000000422e-01,1.717047724999999983e-02,-8.796913602000000151e-03
7.476549399999999901e-01,8.200637963000000363e-01,1.630670924999999896e-02,-9.232585578000000043e-03
7.479899500000000145e-01,8.206475524999999882e-01,1.552691739000000050e-02,-9.604413182999999715e-03
7.483249600000000390e-01,8.205670674999999692e-01,1.488081152000000039e-02,-9.957363522000000841e-03
7.486599699999999524e-01,8.212691275000000291e-01,1.439933472000000034e-02,-1.023613378000000004e-02
7.489949799999999769e-01,8.206875822000000431e-01,1.399298405999999974e-02,-1.048060506000000024e-02
7.493299799999999511e-01,8.199362365000000263e-01,1.366017320999999944e-02,-1.066226561000000080e-02
7.496649899999999755e-01,8.189486474999999599e-01,1.336855896999999960e-02,-1.087314070000000056e-02
7.500000000000000000e-01,8.184461627000000350e-01,1.306281746000000077e-02,-1.108882358000000054e-02
7.503366200000000097e-01,8.177828853999999925e-01,1.292941910999999972e-02,-1.133507997999999919e-02
7.506732499999999586e-01,8.175790646999999689e-01,1.272027855999999929e-02,-1.157416520999999913e-02
7.510098699999999683e-01,8.172076342999999854e-01,1.266718321000000029e-02,-1.182990075000000044e-02
7.513465000000000282e-01,8.168090546999999813e-01,1.259986299999999934e-02,-1.200468321999999949e-02
7.516831200000000379e-01,8.161448819000000077e-01,1.284527021000000067e-02,-1.222119328999999970e-02
7.520197499999999868e-01,8.159913635000000109e-01,1.305566160000000073e-02,-1.236336967999999981e-02
7.523563699999999965e-01,8.154224925999999929e-01,1.319677942000000055e-02,-1.247423490999999968e-02
7.526933000000000096e-01,8.149228463000000033e-01,1.336828538000000080e-02,-1.255120174999999928e-02
7.530302300000000226e-01,8.138440313999999454e-01,1.376478107000000083e-02,-1.258528216000000081e-02
7.533671600000000357e-01,8.122380884000000023e-01,1.402887962000000030e-02,-1.257059590000000025e-02
7.537040900000000487e-01,8.108962320999999474e-01,1.433192215999999977e-02,-1.247243051999999928e-02
7.540410199999999508e-01,8.107213675000000119e-01,1.463608788000000070e-02,-1.240285730000000031e-02
7.543779499999999638e-01,8.107882980999999711e-01,1.479843630000000042e-02,-1.235507593000000071e-02
7.547148799999999769e-01,8.108678714999999482e-01,1.486413580000000081e-02,-1.233434542000000009e-02
7.550518099999999899e-01,8.110196338999999810e-01,1.506465843000000075e-02,-1.232935012999999969e-02
7.553887400000000030e-01,8.117580808000000037e-01,1.519012863000000074e-02,-1.221534892000000067e-02
7.557256599999999658e-01,8.126787718000000327e-01,1.498108949000000016e-02,-1.202448205000000020e-02
7.560625899999999788e-01,8.140142633000000405e-01,1.437517492999999986e-02,-1.178294120999999993e-02
7.563995199999999919e-01,8.151985466000000180e-01,1.340773343000000069e-02,-1.149829146999999975e-02
7.567364500000000049e-01,8.165752933000000047e-01,1.208714045999999959e-02,-1.110325040000000041e-02
7.570733800000000180e-01,8.175237758000000188e-01,1.055643484999999916e-02,-1.069540694000000076e-02
7.574103100000000310e-01,8.186996290000000398e-01,8.762346233000000220e-03,-1.021226809999999964e-02
7.577472400000000441e-01,8.194309112000000006e-01,6.938882740000000028e-03,-9.735125375000000525e-03
7.580841699999999461e-01,8.196812044000000297e-01,4.851959797000000157e-03,-9.142230067999999182e-03
7.584210999999999592e-01,8.196019047999999474e-01,2.352902295000000154e-03,-8.683755043999999423e-03
7.587580299999999722e-01,8.193606078999999820e-01,-4.999346492000000201e-04,-8.128789750999999147e-03
7.590949599999999853e-01,8.182682248000000547e-01,-3.133476780999999971e-03,-7.602794807999999765e-03
7.594318899999999983e-01,8.172178726000000060e-01,-5.549862289000000171e-03,-7.128563467999999952e-03
7.597688099999999611e-01,8.160409073000000069e-01,-7.528106030999999997e-03,-6.679363346000000146e-03
7.601057399999999742e-01,8.150515465000000015e-01,-9.137726827000000260e-03,-6.200095745000000144e-03
7.604426699999999872e-01,8.148792540000000528e-01,-1.044007616000000062e-02,-5.821895726000000243e-03
7.607796000000000003e-01,8.149941836999999856e-01,-1.158455021999999987e-02,-5.426429552999999933e-03
7.611165300000000133e-01,8.154811915999999883e-01,-1.236568075000000003e-02,-5.068114034000000163e-03
7.614534600000000264e-01,8.161954420000000487e-01,-1.276319706999999928e-02,-4.718967139999999567e-03
7.617903900000000394e-01,8.160781553999999494e-01,-1.274126075000000038e-02,-4.412740071999999777e-03
7.621273200000000525e-01,8.168307998999999597e-01,-1.186624606999999929e-02,-4.205860676000000402e-03
7.624642499999999545e-01,8.176754026000000453e-01,-1.085439487999999980e-02,-4.060432537000000126e-03
7.628011799999999676e-01,8.187515660999999945e-01,-9.499609989999999518e-03,-3.934643092000000321e-03
7.631381099999999806e-01,8.192598169999999458e-01,-7.837706615000000418e-03,-3.789765386999999815e-03
7.634750300000000545e-01,8.187637007000000411e-01,-5.942459033999999626e-03,-3.590879395000000102e-03
7.638119599999999565e-01,8.175808308999999996e-01,-3.987887162000000076e-03,-3.359904147000000209e-03
7.641488899999999695e-01,8.157967921000000011e-01,-1.994953346000000183e-03,-3.034889402999999940e-03
7.644858199999999826e-01,8.132443196999999957e-01,-2.518860600000000249e-04,-2.649717014000000162e-03
7.648227499999999957e-01,8.108006770000000252e-01,1.294043941000000073e-03,-2.210996491000000001e-03
7.651596800000000087e-01,8.080664774000000383e-01,2.634875338000000015e-03,-1.832733547999999997e-03
7.654966100000000218e-01,8.051278183000000199e-01,3.541993240000000133e-03,-1.491937497000000003e-03
7.658335400000000348e-01,8.020316599000000268e-01,4.086184403000000208e-03,-1.182860806000000020e-03
7.661704700000000479e-01,7.993120950000000002e-01,4.103643855000000187e-03,-7.753338646000000048e-04
7.665073999999999499e-01,7.963167372999999660e-01,4.012210226000000393e-03,-3.507037627999999834e-04
7.668443299999999629e-01,7.938057780999999702e-01,3.545628072000000033e-03,7.249902072000000055e-05
7.671812599999999760e-01,7.918978287000000282e-01,2.905160115999999917e-03,3.197058583000000182e-04
7.675181800000000498e-01,7.902845273999999920e-01,2.398490770000000043e-03,6.738158444000000346e-04
7.678551099999999519e-01,7.881329168999999801e-01,1.721949288999999892e-03,9.960744280999998986e-04
7.681920399999999649e-01,7.869242046000000101e-01,5.596255503000000225e-04,1.311848338999999954e-03
7.685289699999999780e-01,7.860689614000000436e-01,-9.091802713000000360e-04,1.655624166000000059e-03
7.688658999999999910e-01,7.859859344999999831e-01,-2.310303570999999983e-03,1.914993913000000072e-03
7.692028300000000041e-01,7.866231394999999571e-01,-3.499497324999999853e-03,2.044950617999999939e-03
7.695397600000000171e-01,7.886791203999999889e-01,-4.455772628000000297e-03,2.105601303000000004e-03
7.698766900000000302e-01,7.904912855000000294e-01,-5.662608119000000356e-03,2.145589895000000157e-03
7.702136200000000432e-01,7.925133406000000047e-01,-6.678603108999999968e-03,2.221849919999999926e-03
7.705505499999999452e-01,7.936723823000000344e-01,-7.575829352999999960e-03,2.277138030000000046e-03
7.708874799999999583e-01,7.948612985999999880e-01,-8.701994559000000157e-03,2.309588009999999966e-03
7.712244099999999714e-01,7.952144308999999911e-01,-1.017536179000000027e-02,2.224522722000000195e-03
7.715613300000000452e-01,7.954453726000000335e-01,-1.171531207999999998e-02,2.119751449999999950e-03
7.718982599999999472e-01,7.960144430000000160e-01,-1.375656370999999920e-02,1.902895309000000000e-03
7.722351899999999603e-01,7.969483647999999754e-01,-1.578545304999999857e-02,1.703667277000000049e-03
7.725721199999999733e-01,7.974710119000000264e-01,-1.734548497999999911e-02,1.467170508999999980e-03
7.729090499999999864e-01,7.982393871999999835e-01,-1.868892609999999940e-02,1.306509929999999939e-03
7.732459799999999994e-01,7.988776597000000201e-01,-2.055688182000000100e-02,1.114556205000000102e-03
7.735829100000000125e-01,8.001341431999999809e-01,-2.225816731000000021e-02,9.320419017000000292e-04
7.739198400000000255e-01,8.009076176999999630e-01,-2.347673951000000050e-02,7.414530493000000538e-04
7.742567700000000386e-01,8.015833169999999619e-01,-2.425526170999999995e-02,5.799787607000000435e-04
7.745937000000000516e-01,8.026157406999999688e-01,-2.467635951999999980e-02,3.750408605999999961e-04
7.749306299999999537e-01,8.035082610999999542e-01,-2.484996717000000077e-02,2.253010070999999939e-04
7.752675500000000275e-01,8.044318015000000432e-01,-2.465463513000000148e-02,1.053213295000000015e-04
7.756044800000000405e-01,8.057181236999999552e-01,-2.417537738000000158e-02,1.534302236999999909e-05
7.759414100000000536e-01,8.065198787999999785e-01,-2.324866521999999908e-02,-8.088257018999999500e-05
7.762783399999999556e-01,8.069964657000000541e-01,-2.197668737000000108e-02,-1.649445440000000065e-04
7.766152699999999687e-01,8.068088410000000543e-01,-2.082305905999999943e-02,-2.343881872000000009e-04
7.769521999999999817e-01,8.065660282000000070e-01,-1.939917047999999838e-02,-2.860637073999999888e-04
7.772891299999999948e-01,8.056146069999999826e-01,-1.798563098000000027e-02,-2.511016602000000226e-04
7.776260600000000078e-01,8.049186722000000183e-01,-1.667806906999999908e-02,-1.362215479999999879e-04
7.779629900000000209e-01,8.039164131999999574e-01,-1.524769213999999963e-02,-6.028566812000000157e-05
7.782999200000000339e-01,8.031540154999999848e-01,-1.397427260999999955e-02,6.186751177999999334e-05
7.786368500000000470e-01,8.017179626999999531e-01,-1.285174432000000047e-02,2.917868650999999786e-04
7.789737799999999490e-01,8.008417793000000007e-01,-1.167845600000000025e-02,6.450915065999999944e-04
7.793107000000000228e-01,7.995445360999999806e-01,-1.046224586000000026e-02,1.003795309000000101e-03
7.796476300000000359e-01,7.980494141999999735e-01,-9.650771481999999638e-03,1.427514121999999899e-03
7.799845600000000490e-01,7.969750863000000241e-01,-8.862449680000000427e-03,1.750405035000000093e-03
7.803214899999999510e-01,7.968808474999999891e-01,-8.157097574000000614e-03,2.061718428000000169e-03
7.806584199999999640e-01,7.964950838000000033e-01,-7.364530141000000078e-03,2.333799160999999907e-03
7.809953499999999771e-01,7.963006151999999505e-01,-6.902307182999999589e-03,2.555741710000000028e-03
7.813322799999999901e-01,7.960841811000000101e-01,-6.330282649999999581e-03,2.668704613000000194e-03
7.816692100000000032e-01,7.961190393000000531e-01,-5.701840597000000337e-03,2.653328115999999907e-03
7.820061400000000162e-01,7.960814429000000469e-01,-4.751314575999999838e-03,2.456364876999999908e-03
7.823430700000000293e-01,7.957842115000000049e-01,-3.532383358999999917e-03,2.284345108000000128e-03
7.826800000000000423e-01,7.951986128000000376e-01,-2.146388422999999986e-03,1.967940729000000177e-03
7.830169200000000052e-01,7.954469557000000135e-01,-4.198486048000000213e-04,1.501013451999999972e-03
7.833538500000000182e-01,7.967017709999999475e-01,1.635369963000000071e-03,8.297368036999999696e-04
7.836907800000000313e-01,7.989302445000000530e-01,3.692726348999999814e-03,6.304814443999999637e-05
7.840277100000000443e-01,8.013912249000000321e-01,5.920318447999999879e-03,-7.528083441000000056e-04
7.843646399999999463e-01,8.033542001000000266e-01,8.224905463999999250e-03,-1.535159076000000046e-03
7.847015699999999594e-01,8.050622449000000014e-01,1.042178671999999945e-02,-2.335317908999999786e-03
7.850384999999999724e-01,8.066566330000000118e-01,1.276332214000000000e-02,-3.047184858000000132e-03
7.853754299999999855e-01,8.078048565000000014e-01,1.497948871999999973e-02,-3.730412284999999953e-03
7.857123599999999985e-01,8.100432448000000063e-01,1.677207635999999891e-02,-4.389261222999999747e-03
7.860492900000000116e-01,8.123412343000000480e-01,1.803872738000000114e-02,-5.035020131000000204e-03
7.863862200000000247e-01,8.151856903999999959e-01,1.880228566999999837e-02,-5.589433393999999715e-03
7.867231500000000377e-01,8.174116203000000302e-01,1.923167326999999927e-02,-6.124292572000000247e-03
7.870600700000000005e-01,8.193946167000000225e-01,1.936921751999999899e-02,-6.618831700999999734e-03
7.873970000000000136e-01,8.209330471000000351e-01,1.923392931000000167e-02,-7.091211077000000168e-03
7.877339300000000266e-01,8.218110553999999901e-01,1.882232619999999954e-02,-7.504485626999999638e-03
7.880708600000000397e-01,8.217396845000000116e-01,1.828204954000000118e-02,-7.816982361000000823e-03
7.884077900000000527e-01,8.215907784000000547e-01,1.762964771999999888e-02,-7.958169851000000683e-03
7.887447199999999548e-01,8.211899053000000226e-01,1.704609165999999842e-02,-8.041972239000000008e-03
7.890816499999999678e-01,8.207024761000000224e-01,1.641096065000000048e-02,-8.052785633999999873e-03
7.894185799999999809e-01,8.201257307999999524e-01,1.554030885000000015e-02,-8.145394042999999640e-03
7.897555099999999939e-01,8.193886048999999838e-01,1.484718758000000069e-02,-8.202897837999999914e-03
7.900924400000000070e-01,8.179038250000000287e-01,1.426886211000000064e-02,-8.241469120000000786e-03
7.904293700000000200e-01,8.176162203000000295e-01,1.380404164000000045e-02,-8.282759965999999391e-03
7.907663000000000331e-01,8.173015488999999523e-01,1.355027089000000046e-02,-8.386276058000000436e-03
7.911032199999999959e-01,8.173867151999999470e-01,1.321128950000000080e-02,-8.396302027999999473e-03
7.914401500000000089e-01,8.173741012999999889e-01,1.311726849999999937e-02,-8.380234115999999830e-03
7.917770800000000220e-01,8.181517819000000413e-01,1.302587434000000016e-02,-8.401510532999999226e-03
7.921140100000000350e-01,8.192915009000000248e-01,1.278480725999999942e-02,-8.477327220000000635e-03
7.924509400000000481e-01,8.209556673000000249e-01,1.225329915999999984e-02,-8.651003205999999168e-03
7.927878699999999501e-01,8.217592039000000126e-01,1.145880361999999930e-02,-8.909190246000000743e-03
7.931247999999999632e-01,8.227911632000000086e-01,1.074548588999999985e-02,-9.213569726999999709e-03
7.934617299999999762e-01,8.235530377999999985e-01,9.795710727999999701e-03,-9.601634004999999930e-03
7.937986599999999893e-01,8.245633225999999816e-01,8.739652074999999798e-03,-9.923051151999999833e-03
7.941355900000000023e-01,8.254965185000000538e-01,7.598492555000000044e-03,-1.035568063999999996e-02
7.944725200000000154e-01,8.268579895000000013e-01,6.467472664999999662e-03,-1.073866258999999976e-02
7.948094399999999782e-01,8.264435798999999472e-01,5.527515174000000378e-03,-1.107982608000000063e-02
7.951463699999999912e-01,8.268858570999999547e-01,4.657543773000000047e-03,-1.148937243000000032e-02
7.954833000000000043e-01,8.274177740000000503e-01,3.974727687999999801e-03,-1.197566958000000070e-02
7.958202300000000173e-01,8.273176607000000127e-01,3.278189981999999909e-03,-1.227778969000000060e-02
7.961571600000000304e-01,8.265036709999999953e-01,2.792844702999999849e-03,-1.248664451999999953e-02
7.964940900000000434e-01,8.254705077999999752e-01,2.612340828000000049e-03,-1.251056010000000003e-02
7.968310199999999455e-01,8.245050395999999893e-01,2.528853854999999796e-03,-1.246509728000000025e-02
7.971679499999999585e-01,8.232860456999999688e-01,2.329598718000000165e-03,-1.224456263999999968e-02
7.975048799999999716e-01,8.211388941999999691e-01,2.462825410000000180e-03,-1.190139223999999926e-02
7.978418099999999846e-01,8.199869237000000366e-01,2.461490604999999957e-03,-1.155435863000000077e-02
7.981787399999999977e-01,8.186418717000000234e-01,2.657438424999999851e-03,-1.120276027000000063e-02
7.985156700000000107e-01,8.166312144999999800e-01,2.907467224999999919e-03,-1.078642772000000007e-02
7.988525899999999735e-01,8.148267413999999986e-01,3.150472250999999946e-03,-1.032972700999999945e-02
7.991895199999999866e-01,8.134224796000000257e-01,3.112638311000000095e-03,-9.853087497000000139e-03
7.995264499999999996e-01,8.118832308000000220e-01,3.357466482000000165e-03,-9.364992053999999719e-03
7.998633800000000127e-01,8.100870025999999946e-01,3.623320027000000079e-03,-8.895084617999999416e-03
8.002003100000000257e-01,8.088664523999999911e-01,4.398841205000000171e-03,-8.520364614999999600e-03
8.005372400000000388e-01,8.074475213999999790e-01,5.433298330999999579e-03,-8.127436440000000012e-03
8.008741700000000519e-01,8.066809745999999892e-01,6.532209560999999685e-03,-7.821880422999999416e-03
8.012110999999999539e-01,8.069693455999999987e-01,7.291316439000000357e-03,-7.519054156000000086e-03
8.015480299999999669e-01,8.073244335000000493e-01,7.809537059999999836e-03,-7.259580762000000277e-03
8.018849599999999800e-01,8.077743149999999650e-01,8.510395998000000808e-03,-7.000471829000000021e-03
8.022218899999999930e-01,8.081664410000000132e-01,9.854629962000000659e-03,-6.840939043999999698e-03
8.025588099999999558e-01,8.081183135999999712e-01,1.103819967999999929e-02,-6.602349930999999728e-03
8.028957399999999689e-01,8.080694426000000208e-01,1.212579748000000048e-02,-6.509607116000000124e-03
8.032326699999999819e-01,8.080213911000000415e-01,1.276660873000000015e-02,-6.531054389999999855e-03
8.035695999999999950e-01,8.083864492000000235e-01,1.333854943999999987e-02,-6.837522294000000084e-03
8.039065300000000081e-01,8.087691581000000518e-01,1.377181298999999998e-02,-7.179663476000000023e-03
8.042434600000000211e-01,8.087642563000000395e-01,1.433423103999999920e-02,-7.629236549999999714e-03
8.045803900000000342e-01,8.084409471000000291e-01,1.434375637999999939e-02,-8.033367866000000468e-03
8.049173200000000472e-01,8.080882178999999610e-01,1.416031889999999974e-02,-8.432515688000000523e-03
8.052542499999999492e-01,8.086846543000000276e-01,1.376135118999999990e-02,-8.778316382000000626e-03
8.055911799999999623e-01,8.092613725999999730e-01,1.306262667999999981e-02,-9.137110501000000537e-03
8.059281099999999753e-01,8.096775993000000504e-01,1.215054395000000030e-02,-9.349772278999999436e-03
8.062650399999999884e-01,8.094580358999999836e-01,1.110908891000000030e-02,-9.487502408000000192e-03
8.066019599999999512e-01,8.095411673000000308e-01,1.009402784000000032e-02,-9.476992518000000587e-03
8.069388899999999643e-01,8.089546079999999639e-01,9.167187409000000786e-03,-9.346797322000000019e-03
8.072758199999999773e-01,8.077131024999999465e-01,8.245237767999999412e-03,-9.077584600999999420e-03
8.076127499999999904e-01,8.060125957999999535e-01,7.188280951999999682e-03,-8.806777660999999535e-03
8.079496800000000034e-01,8.043680874999999952e-01,5.983469590000000185e-03,-8.398668942000000331e-03
8.082866100000000165e-01,8.028704059000000282e-01,5.027548669999999664e-03,-8.027932002999999331e-03
8.086235400000000295e-01,8.014227900999999488e-01,3.742382069999999981e-03,-7.583817583999999910e-03
8.089604700000000426e-01,7.994081935000000305e-01,1.881473628999999915e-03,-7.106451617999999873e-03
8.092973999999999446e-01,7.974613788000000092e-01,-2.620687487999999910e-04,-6.628394121000000076e-03
8.096343299999999576e-01,7.955046199999999956e-01,-2.262736622000000117e-03,-6.163591924000000159e-03
8.099712599999999707e-01,7.937980792000000063e-01,-4.240236462999999976e-03,-5.586129999000000353e-03
8.103081899999999838e-01,7.917024276999999888e-01,-5.805096400999999740e-03,-4.997449030999999604e-03
8.106451099999999466e-01,7.901287840999999812e-01,-7.306709338000000158e-03,-4.395796934999999725e-03
8.109820399999999596e-01,7.888763792999999858e-01,-8.212281903999999952e-03,-3.857452413000000014e-03
8.113189699999999727e-01,7.878989375999999600e-01,-8.720928581999999596e-03,-3.419054318999999956e-03
8.116558999999999857e-01,7.884048343999999764e-01,-8.817054842999999184e-03,-3.178083290000000092e-03
8.119928299999999988e-01,7.892238920999999907e-01,-8.618461613999999285e-03,-2.963785674999999935e-03
8.123297600000000118e-01,7.901534122000000160e-01,-8.280933924000000515e-03,-2.817817041000000074e-03
8.126666900000000249e-01,7.919422507000000166e-01,-7.232595024999999983e-03,-2.710513384000000098e-03
8.130036200000000379e-01,7.940066103999999791e-01,-5.726010685999999988e-03,-2.736833255999999992e-03
8.133405500000000510e-01,7.955146776999999503e-01,-4.164473553000000092e-03,-2.754147936999999918e-03
8.136774799999999530e-01,7.972975353000000265e-01,-2.521730594000000034e-03,-2.930215442999999868e-03
8.140144099999999661e-01,7.991888477999999907e-01,-9.539372168999999931e-04,-3.240854458999999944e-03
8.143513300000000399e-01,8.007817584999999960e-01,4.941380686000000069e-04,-3.630901706999999957e-03
8.146882600000000529e-01,8.022669651999999596e-01,1.576898861000000001e-03,-4.053141122999999631e-03
8.150251899999999550e-01,8.038489388999999763e-01,2.529446736999999956e-03,-4.464607415999999850e-03
8.153621199999999680e-01,8.055821227999999667e-01,3.063944888999999786e-03,-4.814037414999999820e-03
8.156990499999999811e-01,8.069337674000000016e-01,3.248468051999999807e-03,-5.185628456999999761e-03
8.160359799999999941e-01,8.081075912999999833e-01,3.209834024999999851e-03,-5.502963948999999716e-03
8.163729100000000072e-01,8.087205621999999927e-01,3.313582822999999993e-03,-5.789403206000000301e-03
8.167098400000000202e-01,8.093570235999999474e-01,3.424926066000000182e-03,-5.937702193000000093e-03
8.170467700000000333e-01,8.095602860999999706e-01,3.397166570999999961e-03,-5.953921303999999692e-03
8.173837000000000463e-01,8.096649424999999844e-01,3.343369112000000101e-03,-5.885488543999999912e-03
8.177206299999999484e-01,8.089776503000000174e-01,3.714505037000000176e-03,-5.761154273999999874e-03
8.180575599999999614e-01,8.086670081000000287e-01,3.995714196999999683e-03,-5.553256529999999955e-03
8.183944800000000352e-01,8.077807493999999977e-01,4.198119436999999711e-03,-5.374542482000000190e-03
8.187314100000000483e-01,8.066979493000000501e-01,4.294613305999999721e-03,-5.184348180999999792e-03
8.190683399999999503e-01,8.049270710999999467e-01,4.745317389999999941e-03,-4.931543148999999876e-03
8.194052699999999634e-01,8.031935788999999826e-01,5.440644986999999648e-03,-4.670452028999999734e-03
8.197421999999999764e-01,8.018318494999999713e-01,6.225646635999999672e-03,-4.443039273999999962e-03
8.200791299999999895e-01,8.013893528000000099e-01,6.889320739000000075e-03,-4.294142314000000404e-03
8.204160600000000025e-01,8.003974606000000547e-01,7.388059990999999715e-03,-4.091963219000000103e-03
8.207529900000000156e-01,7.998156955999999873e-01,7.753811921000000433e-03,-3.812021066999999805e-03
8.210899200000000286e-01,7.994119012000000524e-01,8.429984204000000661e-03,-3.559807552999999861e-03
8.214268500000000417e-01,7.997684623999999909e-01,9.234884767999999161e-03,-3.275367841000000058e-03
8.217637800000000547e-01,8.004634901999999608e-01,1.025751928000000028e-02,-3.116278465999999976e-03
8.221007000000000176e-01,8.020617100000000388e-01,1.132842000999999960e-02,-3.053782672000000028e-03
8.224376300000000306e-01,8.029801402999999782e-01,1.222420238000000020e-02,-2.970476310000000168e-03
8.227745600000000437e-01,8.037779354999999848e-01,1.298091820000000021e-02,-2.829342062000000067e-03
8.231114899999999457e-01,8.042637068000000333e-01,1.358826492999999982e-02,-2.718454786999999814e-03
8.234484199999999587e-01,8.048346055999999749e-01,1.419134568000000006e-02,-2.618811425000000005e-03
8.237853499999999718e-01,8.054162704999999756e-01,1.487053634000000055e-02,-2.536022698999999998e-03
8.241222799999999848e-01,8.064065342999999775e-01,1.541874566999999925e-02,-2.489942835999999892e-03
8.244592099999999979e-01,8.066067699000000202e-01,1.566461843999999992e-02,-2.544502712999999888e-03
8.247961400000000110e-01,8.064620230000000278e-01,1.583501609000000088e-02,-2.657392110000000168e-03
8.251330700000000240e-01,8.056337139999999453e-01,1.544725295000000040e-02,-2.807290005000000026e-03
8.254700000000000371e-01,8.050265937999999677e-01,1.461056982000000053e-02,-2.994206533000000163e-03
8.258069300000000501e-01,8.045703607999999951e-01,1.347230821999999967e-02,-3.240567117000000153e-03
8.261438500000000129e-01,8.042689583000000031e-01,1.203438664000000026e-02,-3.485115888999999918e-03
8.264807800000000260e-01,8.038995555000000293e-01,1.056851345999999976e-02,-3.827985696000000149e-03
8.268177100000000390e-01,8.039036290000000085e-01,8.931900070000000150e-03,-4.209564390999999579e-03
8.271546400000000521e-01,8.050800047999999709e-01,7.449939002000000032e-03,-4.714053977999999728e-03
8.274915699999999541e-01,8.063408829000000555e-01,6.115424220999999931e-03,-5.204838144000000118e-03
8.278284999999999672e-01,8.079390237000000363e-01,5.026944048000000012e-03,-5.682341920000000268e-03
8.281654299999999802e-01,8.103839036000000107e-01,3.992499440000000024e-03,-6.109505299999999986e-03
8.285023599999999933e-01,8.125190878000000394e-01,3.013423086999999969e-03,-6.487790533000000262e-03
8.288392900000000063e-01,8.148627222000000003e-01,1.704972487999999913e-03,-6.723478235000000108e-03
8.291762200000000194e-01,8.166889335000000472e-01,1.892942683000000087e-04,-6.771811400999999675e-03
8.295131500000000324e-01,8.187428272000000229e-01,-1.051301600999999912e-03,-6.717046788000000275e-03
8.298500800000000455e-01,8.204014804999999466e-01,-2.374250925999999828e-03,-6.599804784999999813e-03
8.301870000000000083e-01,8.210839951999999720e-01,-3.547243682000000148e-03,-6.361175057999999931e-03
8.305239300000000213e-01,8.212988532999999647e-01,-4.677429444999999832e-03,-6.156843335999999910e-03
8.308608600000000344e-01,8.208598046999999731e-01,-5.578479075999999599e-03,-5.843912480000000402e-03
8.311977900000000474e-01,8.208608580999999793e-01,-6.151364046999999689e-03,-5.490255093999999933e-03
8.315347199999999495e-01,8.210692626000000161e-01,-6.952032821000000105e-03,-5.126761667999999578e-03
8.318716499999999625e-01,8.209256078000000123e-01,-7.582876474999999949e-03,-4.812805895999999750e-03
8.322085799999999756e-01,8.211457486000000028e-01,-7.816519613000000657e-03,-4.491062102000000118e-03
8.325455099999999886e-01,8.206290638000000026e-01,-7.669744358000000345e-03,-4.237142604999999916e-03
8.328824400000000017e-01,8.202315886000000056e-01,-7.405543399999999811e-03,-3.961431320000000089e-03
8.332193700000000147e-01,8.198616449000000195e-01,-6.748937324999999994e-03,-3.759763165999999938e-03
8.335563000000000278e-01,8.196089554000000055e-01,-5.877187879000000253e-03,-3.542694305999999956e-03
8.338932199999999906e-01,8.197117568999999770e-01,-4.654210074999999905e-03,-3.403472592000000071e-03
8.342301500000000036e-01,8.195513930000000169e-01,-3.028777729999999977e-03,-3.352009145999999828e-03
8.345670800000000167e-01,8.195839408999999742e-01,-1.045289800000000083e-03,-3.361195890999999891e-03
8.349040100000000297e-01,8.198478545999999811e-01,1.490856187999999938e-03,-3.441976822999999984e-03
8.352409400000000428e-01,8.203073937000000537e-01,4.020759125999999982e-03,-3.614812287999999950e-03
8.355778699999999448e-01,8.202044925000000486e-01,6.403809762000000315e-03,-3.797883462000000050e-03
8.359147999999999579e-01,8.197856357999999677e-01,8.524801602999999145e-03,-4.077426924000000091e-03
8.362517299999999709e-01,8.194588752999999448e-01,1.022997760000000055e-02,-4.345826653000000109e-03
8.365886599999999840e-01,8.189259007000000423e-01,1.206159205000000012e-02,-4.616937118000000173e-03
8.369255899999999970e-01,8.185742027000000309e-01,1.366294281000000020e-02,-4.884952514000000245e-03
8.372625200000000101e-01,8.180329094999999606e-01,1.494194530999999951e-02,-5.100905812999999983e-03
8.375994500000000231e-01,8.173370456999999867e-01,1.595507309000000068e-02,-5.347579647000000325e-03
8.379363699999999859e-01,8.158530775000000235e-01,1.664465050000000015e-02,-5.619018344999999852e-03
8.382732999999999990e-01,8.143663621000000186e-01,1.683890725000000005e-02,-5.800046243000000004e-03
8.386102300000000120e-01,8.123572978999999972e-01,1.643405682000000090e-02,-5.834335971000000412e-03
8.389471600000000251e-01,8.096049669999999532e-01,1.553510123999999985e-02,-5.704778492000000395e-03
8.392840900000000381e-01,8.067014301999999581e-01,1.457165340999999961e-02,-5.504780560999999843e-03
8.396210200000000512e-01,8.048527476000000291e-01,1.338045744000000009e-02,-5.311490072000000021e-03
8.399579499999999532e-01,8.028735684000000150e-01,1.195924465000000082e-02,-5.053395494999999779e-03
8.402948799999999663e-01,8.002808712000000213e-01,1.067957964999999981e-02,-4.628608559000000136e-03
8.406318099999999793e-01,7.985030874999999861e-01,9.643421277000000305e-03,-4.327969432999999658e-03
8.409687399999999924e-01,7.976932848000000131e-01,8.851230118000000258e-03,-4.021917715999999594e-03
8.413056700000000054e-01,7.973531911000000250e-01,7.989458551000000464e-03,-3.826375834000000052e-03
8.416425899999999682e-01,7.970659289000000536e-01,6.907917541000000404e-03,-3.596330077000000139e-03
8.419795199999999813e-01,7.971408769000000172e-01,5.870876221000000117e-03,-3.411947729999999929e-03
8.423164499999999943e-01,7.971835427000000251e-01,4.698006644000000259e-03,-3.129082739000000127e-03
8.426533800000000074e-01,7.975421863999999639e-01,3.857362260999999855e-03,-2.899753532000000182e-03
8.429903100000000205e-01,7.991594749999999525e-01,3.129131400999999972e-03,-2.742337885000000006e-03
8.433272400000000335e-01,8.009663701000000469e-01,2.541858755000000157e-03,-2.597041268999999812e-03
8.436641700000000466e-01,8.027886400000000533e-01,2.362436378000000101e-03,-2.536216701999999788e-03
8.440010999999999486e-01,8.036077729999999697e-01,2.592768760000000068e-03,-2.442249284999999798e-03
8.443380299999999616e-01,8.039715736000000446e-01,3.235433221000000217e-03,-2.362429850000000164e-03
8.446749599999999747e-01,8.042818501999999814e-01,4.397574522000000097e-03,-2.384350575999999791e-03
8.450118899999999877e-01,8.053263469000000452e-01,5.968778475999999937e-03,-2.471350647000000213e-03
8.453488200000000008e-01,8.063439059000000464e-01,7.505520219000000326e-03,-2.615388152999999997e-03
8.456857399999999636e-01,8.080936963000000528e-01,9.088157129999999834e-03,-2.770734919000000188e-03
8.460226699999999767e-01,8.093346453999999968e-01,1.081666098999999916e-02,-3.039140425000000107e-03
8.463595999999999897e-01,8.107239344000000125e-01,1.201074973999999990e-02,-3.385075620000000101e-03
8.466965300000000028e-01,8.118817691999999919e-01,1.306642744999999932e-02,-3.756024810999999963e-03
8.470334600000000158e-01,8.127600844000000269e-01,1.387929583999999994e-02,-4.042691103999999751e-03
8.473703900000000289e-01,8.128787308999999572e-01,1.441255179000000032e-02,-4.292310254999999984e-03
8.477073200000000419e-01,8.125084454000000012e-01,1.466186405999999991e-02,-4.471480421000000385e-03
8.480442500000000550e-01,8.119002942999999917e-01,1.479010046999999946e-02,-4.595781327000000166e-03
8.483811799999999570e-01,8.118992146000000298e-01,1.469908674000000061e-02,-4.707916640999999965e-03
8.487181099999999701e-01,8.123821108000000013e-01,1.440909783999999930e-02,-4.919692778000000176e-03
8.490550399999999831e-01,8.132121341000000392e-01,1.347421162000000082e-02,-5.056978900999999603e-03
8.493919699999999962e-01,8.138985278000000489e-01,1.264376778999999965e-02,-5.135035504999999750e-03
8.497288899999999590e-01,8.147713680000000513e-01,1.157110587999999989e-02,-5.188315401000000333e-03
8.500658199999999720e-01,8.151291658999999523e-01,1.038392580999999981e-02,-5.183013555000000154e-03
8.504027499999999851e-01,8.160116696000000447e-01,9.035315756999999504e-03,-5.204227038000000354e-03
8.507396799999999981e-01,8.169403965999999517e-01,7.491710684000000252e-03,-5.231757711000000269e-03
8.510766100000000112e-01,8.182525256999999552e-01,5.684405582999999852e-03,-5.186550152000000101e-03
8.514135400000000242e-01,8.192316643000000509e-01,3.726928533000000050e-03,-5.148807039999999877e-03
8.517504700000000373e-01,8.206554546000000006e-01,1.751509353999999938e-03,-5.184216634999999802e-03
8.520874000000000503e-01,8.211797797000000010e-01,-4.215320616000000188e-04,-5.155038041000000078e-03
8.524243299999999524e-01,8.218073824999999610e-01,-2.689517779000000133e-03,-5.063541757999999969e-03
8.527612599999999654e-01,8.221492160000000160e-01,-4.775980657999999955e-03,-5.008853520999999830e-03
8.530981899999999785e-01,8.227874686999999687e-01,-6.787662140999999733e-03,-4.970845068999999936e-03
8.534351100000000523e-01,8.235573563000000430e-01,-8.409009211000000733e-03,-5.007571467000000026e-03
8.537720399999999543e-01,8.245386685000000160e-01,-9.792629086999999830e-03,-5.048896635999999827e-03
8.541089699999999674e-01,8.253410655999999790e-01,-1.100983342000000018e-02,-5.171458650000000309e-03
8.544458999999999804e-01,8.258902003000000436e-01,-1.173870886000000051e-02,-5.275446213999999620e-03
8.547828299999999935e-01,8.266974835000000521e-01,-1.202586314999999975e-02,-5.424090089000000413e-03
8.551197600000000065e-01,8.275013430000000003e-01,-1.194483887000000015e-02,-5.594071152000000199e-03
8.554566900000000196e-01,8.279626597999999449e-01,-1.178981859999999986e-02,-5.670405507999999595e-03
8.557936200000000326e-01,8.280336310000000477e-01,-1.102981178999999992e-02,-5.728473476999999814e-03
8.561305500000000457e-01,8.275279564999999948e-01,-1.008941711999999935e-02,-5.758423101999999953e-03
8.564674799999999477e-01,8.270595414000000423e-01,-8.957134117000000242e-03,-5.789440469999999721e-03
8.568044099999999608e-01,8.259210764000000093e-01,-7.183014700999999953e-03,-5.812878379000000276e-03
8.571413399999999738e-01,8.243376381999999447e-01,-5.050439527000000380e-03,-5.825443464000000342e-03
8.574778400000000467e-01,8.221405594999999789e-01,-2.843222421999999899e-03,-5.905101234000000206e-03
8.578143499999999477e-01,8.200403941999999669e-01,-8.657117486000000424e-04,-5.950196427999999635e-03
8.581508500000000206e-01,8.180092421000000336e-01,1.128073947999999951e-03,-6.003912083999999802e-03
8.584873600000000327e-01,8.163015503999999645e-01,2.785028434000000157e-03,-6.042961543999999900e-03
8.588238599999999945e-01,8.148494150999999741e-01,4.458660134999999601e-03,-6.097276460999999891e-03
8.591603700000000066e-01,8.136435276000000272e-01,5.850853518999999704e-03,-6.122342717000000406e-03
8.594968800000000186e-01,8.124676742999999979e-01,7.118334460000000363e-03,-6.198146324000000304e-03
8.598333799999999805e-01,8.112228761999999982e-01,8.191112876000000362e-03,-6.199267038000000341e-03
8.601698899999999925e-01,8.100434810000000097e-01,8.970286855000000545e-03,-6.211291382000000069e-03
8.605063899999999544e-01,8.098570733000000077e-01,9.536662241999999470e-03,-6.235421007000000078e-03
8.608428999999999665e-01,8.091497425000000465e-01,9.741667590999999668e-03,-6.237759213999999851e-03
8.611794099999999785e-01,8.086276611999999586e-01,9.729311786000000364e-03,-6.209100522000000032e-03
8.615159100000000514e-01,8.077213376999999861e-01,9.510854468999999436e-03,-6.162276048999999756e-03
8.618524199999999524e-01,8.072876512000000115e-01,9.112603348999999409e-03,-6.195501988999999911e-03
8.621889200000000253e-01,8.075986769999999870e-01,8.323335702999999641e-03,-6.266442998000000021e-03
8.625254300000000374e-01,8.076252497000000474e-01,7.678453687000000305e-03,-6.254780027999999603e-03
8.628619299999999992e-01,8.078365295999999640e-01,6.859251733000000344e-03,-6.275194904999999851e-03
8.631984400000000113e-01,8.096695768999999654e-01,5.682739398000000164e-03,-6.360708954000000165e-03
8.635349500000000234e-01,8.106447558999999581e-01,4.496660016000000350e-03,-6.337568293000000151e-03
8.638714499999999852e-01,8.108976114999999485e-01,3.405014947000000163e-03,-6.209052867000000066e-03
8.642079599999999973e-01,8.114050820999999525e-01,2.235609710000000146e-03,-6.097954146000000332e-03
8.645444599999999591e-01,8.125665734999999446e-01,1.115360726000000054e-03,-5.936524163000000097e-03
8.648809699999999712e-01,8.126183959999999651e-01,2.358212870000000094e-04,-5.710686020000000328e-03
8.652174799999999832e-01,8.125668472999999503e-01,-3.039706864999999997e-04,-5.474522554000000284e-03
8.655467300000000419e-01,8.127480811999999721e-01,-5.931872059999999469e-04,-5.303874081000000199e-03
8.658698400000000017e-01,8.128805535999999998e-01,-8.796782389999999695e-04,-5.169026830999999891e-03
8.661877900000000130e-01,8.121064470000000091e-01,-9.229455934000000295e-04,-5.074847399999999654e-03
8.665022599999999686e-01,8.120551156999999964e-01,-9.363973960999999674e-04,-5.051970004999999792e-03
8.668140800000000423e-01,8.110973100999999685e-01,-9.124063389999999924e-04,-4.931358910000000102e-03
8.671244000000000174e-01,8.105084203000000320e-01,-8.065642480000000504e-04,-4.747887626999999777e-03
8.674343500000000207e-01,8.090663008999999795e-01,-2.964346507000000007e-04,-4.511776355000000210e-03
8.677446699999999957e-01,8.083587293999999757e-01,2.784613276000000000e-04,-4.336336185000000225e-03
8.680564899999999584e-01,8.073449512999999467e-01,7.861578281000000321e-04,-4.234513768000000046e-03
8.683702199999999705e-01,8.069600043000000333e-01,1.494402612000000083e-03,-4.120859012999999668e-03
8.686866600000000549e-01,8.062782778999999511e-01,2.120540727999999878e-03,-4.054588175999999759e-03
8.690062499999999801e-01,8.062672999000000118e-01,2.404740836999999954e-03,-4.061437194999999861e-03
8.693294700000000486e-01,8.056932562999999936e-01,2.267747849000000156e-03,-4.058790508999999755e-03
8.696564199999999856e-01,8.051878648000000416e-01,2.069857853000000095e-03,-4.054274333999999605e-03
8.699880300000000233e-01,8.036918776999999459e-01,1.885978545999999947e-03,-4.053015477000000352e-03
8.703240199999999760e-01,8.024567099999999620e-01,1.520568459000000037e-03,-4.067304182000000025e-03
8.706599999999999895e-01,8.015620182999999566e-01,9.798589626999999139e-04,-4.092117919000000381e-03
8.709959800000000030e-01,8.003400298999999718e-01,5.781838330000000498e-04,-4.050404482999999875e-03
8.713319699999999557e-01,7.988763644999999913e-01,-9.451551770000000106e-05,-4.031229550999999856e-03
8.716684000000000099e-01,7.977403505000000283e-01,-1.106777762999999965e-03,-4.062510804999999899e-03
8.720048299999999530e-01,7.964453178999999494e-01,-2.326980629999999845e-03,-4.107002125999999718e-03
8.723412600000000072e-01,7.955377468000000007e-01,-3.547234561000000164e-03,-4.173609249999999868e-03
8.726776899999999504e-01,7.948616661999999833e-01,-4.043224534000000245e-03,-4.388256751999999698e-03
8.730141200000000046e-01,7.954563092999999974e-01,-4.498815033000000060e-03,-4.707054480000000263e-03
8.733505499999999477e-01,7.960195253999999832e-01,-4.986705967999999732e-03,-5.099701199000000393e-03
8.736869800000000019e-01,7.969162614000000477e-01,-5.441272835999999731e-03,-5.416644120000000361e-03
8.740234099999999451e-01,7.982003653999999448e-01,-5.646563541000000283e-03,-5.759293676999999861e-03
8.743598399999999993e-01,7.998605048000000384e-01,-6.018703591000000054e-03,-6.137193588999999803e-03
8.746962700000000535e-01,8.005835115999999640e-01,-6.574578347999999670e-03,-6.378580229999999962e-03
8.750326999999999966e-01,8.015816337000000180e-01,-7.552597668000000236e-03,-6.504263209999999740e-03
8.753691300000000508e-01,8.022359620000000247e-01,-8.662497580999999752e-03,-6.564834125000000228e-03
8.757055599999999940e-01,8.037590337000000140e-01,-9.719897082000000452e-03,-6.538654177999999803e-03
8.760419900000000482e-01,8.043330776999999543e-01,-9.977604406000000273e-03,-6.497411625000000350e-03
8.763784199999999913e-01,8.050070355999999760e-01,-9.667257501999999142e-03,-6.445899990000000107e-03
8.767148500000000455e-01,8.060992552000000311e-01,-9.127091921000000593e-03,-6.569424574999999794e-03
8.770512700000000494e-01,8.072890379999999588e-01,-7.931431262000000759e-03,-6.682383895999999962e-03
8.773876999999999926e-01,8.095031035999999958e-01,-6.259955242999999669e-03,-6.849248550000000026e-03
8.777241300000000468e-01,8.113880023999999747e-01,-4.504259198000000117e-03,-6.925255408999999619e-03
8.780605599999999900e-01,8.128359295000000539e-01,-2.171467871999999827e-03,-7.015843762999999893e-03
8.783969900000000441e-01,8.145872852000000108e-01,2.415577244999999966e-04,-7.079524989000000185e-03
8.787334199999999873e-01,8.161964096999999585e-01,2.829942706000000002e-03,-7.147068321000000363e-03
8.790698500000000415e-01,8.179850978999999578e-01,5.221785207000000095e-03,-7.140748330999999692e-03
8.794062799999999847e-01,8.202696234999999891e-01,7.483540125999999827e-03,-7.162767581999999848e-03
8.797427100000000388e-01,8.221851439999999789e-01,9.682316838999999523e-03,-7.119777273999999649e-03
8.800791399999999820e-01,8.228950239000000222e-01,1.163241467000000057e-02,-6.966095761000000268e-03
8.804155700000000362e-01,8.243038134000000294e-01,1.330894191000000018e-02,-6.802713590999999969e-03
8.807519999999999794e-01,8.253086267999999448e-01,1.470078696000000004e-02,-6.525575012999999987e-03
8.810884300000000335e-01,8.264054335999999612e-01,1.617592137999999957e-02,-6.278113624999999767e-03
8.814248599999999767e-01,8.258567589999999958e-01,1.735743131999999828e-02,-5.986913927000000156e-03
8.817612900000000309e-01,8.251009840999999900e-01,1.787554515000000163e-02,-5.682182006000000007e-03
8.820977199999999740e-01,8.239816586999999526e-01,1.786565149999999949e-02,-5.385640675000000037e-03
8.824341500000000282e-01,8.230872138999999477e-01,1.755539928999999902e-02,-5.076095432999999657e-03
8.827705799999999714e-01,8.210680592000000333e-01,1.699101642999999856e-02,-4.762507091999999657e-03
8.831070100000000256e-01,8.196512398999999949e-01,1.642506331999999888e-02,-4.526052725000000165e-03
8.834434399999999687e-01,8.179606701999999618e-01,1.566697534000000003e-02,-4.306257150000000235e-03
8.837798700000000229e-01,8.165535030999999666e-01,1.440599161999999919e-02,-4.087894154999999717e-03
8.841162999999999661e-01,8.135865882999999688e-01,1.248572728999999999e-02,-3.757460533999999828e-03
8.844527300000000203e-01,8.108647661000000229e-01,1.043135662999999935e-02,-3.472570586000000171e-03
8.847891599999999634e-01,8.081275114000000537e-01,8.422064447999999884e-03,-3.245939792000000074e-03
8.851255900000000176e-01,8.054364163999999660e-01,6.669111238000000053e-03,-3.023238591999999943e-03
8.854620199999999608e-01,8.028004598000000325e-01,4.756340105000000408e-03,-2.901987876999999934e-03
8.857984500000000150e-01,8.007674232000000503e-01,3.215348802000000082e-03,-2.796293055999999819e-03
8.861348799999999581e-01,7.989845461000000260e-01,2.067398846999999890e-03,-2.723309427000000175e-03
8.864713100000000123e-01,7.974465710000000485e-01,8.948945861000000496e-04,-2.663842821999999784e-03
8.868077399999999555e-01,7.960463962999999588e-01,-2.281507927000000038e-04,-2.631528904000000023e-03
8.871441700000000097e-01,7.956516743999999530e-01,-1.259644565999999992e-03,-2.667421787000000006e-03
8.874805999999999528e-01,7.945630777000000089e-01,-2.104694022000000182e-03,-2.767456077999999858e-03
8.878170300000000070e-01,7.935357763999999481e-01,-3.101423091999999920e-03,-2.827728454000000193e-03
8.881534599999999502e-01,7.920233017000000153e-01,-3.950799322000000079e-03,-2.902938670999999794e-03
8.884898900000000044e-01,7.912055007999999612e-01,-5.157286233999999574e-03,-2.964398741000000108e-03
8.888263199999999475e-01,7.902003296999999815e-01,-6.591578023000000189e-03,-2.984290522000000202e-03
8.891627500000000017e-01,7.891794447000000101e-01,-8.254290711999999822e-03,-2.815381898999999924e-03
8.894991799999999449e-01,7.884736678999999526e-01,-1.004519811000000040e-02,-2.559340901000000095e-03
8.898356099999999991e-01,7.888810446999999781e-01,-1.193866489000000065e-02,-2.332626612000000127e-03
8.901720300000000030e-01,7.890084313999999877e-01,-1.349332213000000065e-02,-2.065171983000000169e-03
8.905084599999999462e-01,7.902010617000000403e-01,-1.493954913999999932e-02,-1.770257465999999997e-03
8.908448900000000004e-01,7.925568689999999972e-01,-1.637536079000000144e-02,-1.558533367000000018e-03
8.911813200000000545e-01,7.957069056000000140e-01,-1.720338237999999992e-02,-1.344896330999999917e-03
8.915177499999999977e-01,7.985252867000000032e-01,-1.739598905000000126e-02,-1.218297230000000078e-03
8.918541800000000519e-01,8.010324550999999849e-01,-1.695621988999999885e-02,-1.122639933000000104e-03
8.921906099999999951e-01,8.033257601000000081e-01,-1.621209703000000071e-02,-1.035060155000000004e-03
8.925270400000000492e-01,8.059377359999999602e-01,-1.527427475000000048e-02,-1.010415537999999986e-03
8.928634699999999924e-01,8.078743041000000513e-01,-1.443172193999999950e-02,-9.386011956000000177e-04
8.931999000000000466e-01,8.100184537000000295e-01,-1.344140840999999940e-02,-8.646395809000000316e-04
8.935363299999999898e-01,8.123814551000000383e-01,-1.223699896999999939e-02,-8.924070874999999849e-04
8.938727600000000439e-01,8.138110951000000481e-01,-1.114290954000000076e-02,-9.185932558999999669e-04
8.942091899999999871e-01,8.142519492999999997e-01,-1.073883049999999929e-02,-9.292126786999999619e-04
8.945456200000000413e-01,8.144944924000000475e-01,-1.026361941999999992e-02,-9.425818604000000059e-04
8.948820499999999845e-01,8.149411753999999952e-01,-9.656526819000000109e-03,-1.036185623999999906e-03
8.952184800000000386e-01,8.144237206000000118e-01,-9.203050929999999699e-03,-1.056556926999999927e-03
8.955544199999999622e-01,8.135376130000000483e-01,-9.008383724999999287e-03,-1.037782637999999950e-03
8.958903599999999967e-01,8.128603178000000096e-01,-8.886148082999999198e-03,-1.038147103999999916e-03
8.962262899999999810e-01,8.126286065000000169e-01,-8.696180369000000229e-03,-1.108255225000000016e-03
8.965622300000000156e-01,8.131428937000000357e-01,-7.959926920000000641e-03,-1.256552223999999945e-03
8.968957199999999519e-01,8.138647666999999641e-01,-7.076702372000000067e-03,-1.445761607000000011e-03
8.972229800000000033e-01,8.156975439000000438e-01,-5.639331986999999990e-03,-1.716377609999999998e-03
8.975456099999999937e-01,8.182294116999999645e-01,-3.810276559999999958e-03,-2.087766426000000047e-03
8.978641800000000117e-01,8.203524068999999974e-01,-1.657168012000000048e-03,-2.434915743999999799e-03
8.981800800000000473e-01,8.212302097000000467e-01,8.171316536999999672e-04,-2.751159495000000173e-03
8.984942399999999996e-01,8.220857970999999598e-01,3.408849629999999905e-03,-3.026429003000000173e-03
8.988079599999999614e-01,8.227253037999999741e-01,5.897801105999999835e-03,-3.338166538000000069e-03
8.991212400000000438e-01,8.238318322000000027e-01,8.274767090999999783e-03,-3.675228288000000152e-03
8.994353999999999960e-01,8.244079171000000539e-01,1.067583279999999996e-02,-4.059503295999999581e-03
8.997513200000000211e-01,8.239509591000000466e-01,1.296740457000000041e-02,-4.366485514000000359e-03
9.000694700000000381e-01,8.229138344999999966e-01,1.508904154999999962e-02,-4.685784858000000171e-03
9.003903399999999557e-01,8.217736529000000401e-01,1.696054145999999901e-02,-4.990477703000000334e-03
9.007149199999999745e-01,8.211231592000000079e-01,1.814284462999999833e-02,-5.344558111999999674e-03
9.010437799999999609e-01,8.206441970000000197e-01,1.897140398999999991e-02,-5.738937601999999708e-03
9.013770500000000130e-01,8.199532647999999702e-01,1.925434267000000060e-02,-6.101885310999999659e-03
9.017128199999999705e-01,8.192141205999999842e-01,1.964943816999999843e-02,-6.446851895000000297e-03
9.020485900000000390e-01,8.188378608999999919e-01,1.970507398000000132e-02,-6.787506460000000338e-03
9.023843599999999965e-01,8.186451967000000218e-01,1.952697747999999900e-02,-7.086607990999999919e-03
9.027201299999999540e-01,8.179056532999999796e-01,1.901434785999999919e-02,-7.307702680999999569e-03
9.030559000000000225e-01,8.172491279000000386e-01,1.867462694000000117e-02,-7.474345567000000197e-03
9.033916699999999800e-01,8.168383393999999464e-01,1.836939493999999867e-02,-7.688229880000000370e-03
9.037274400000000485e-01,8.165199757000000114e-01,1.793278762000000137e-02,-7.871829195999999543e-03
9.040632100000000060e-01,8.155602065000000511e-01,1.762503278000000090e-02,-8.102607850000000458e-03
9.043989799999999635e-01,8.143164169000000063e-01,1.740541719999999862e-02,-8.262803897999999869e-03
9.047347500000000320e-01,8.141463696999999833e-01,1.695077834000000006e-02,-8.474142153000000302e-03
9.050710299999999986e-01,8.134426187000000086e-01,1.660897403000000105e-02,-8.599970029999999196e-03
9.054073200000000154e-01,8.127512650999999533e-01,1.637928418999999927e-02,-8.769434463000000748e-03
9.057435999999999821e-01,8.129404116999999763e-01,1.589139567999999988e-02,-8.950319441000000389e-03
9.060798799999999487e-01,8.124597922999999833e-01,1.541553877999999982e-02,-9.111745073999999792e-03
9.064161600000000263e-01,8.122977823000000486e-01,1.496992244999999916e-02,-9.211916256999999955e-03
9.067524500000000431e-01,8.114117430999999714e-01,1.430132974999999938e-02,-9.294084311999999820e-03
9.070887300000000097e-01,8.106934598999999686e-01,1.354253310000000030e-02,-9.350445105000000645e-03
9.074250099999999764e-01,8.101001793000000006e-01,1.279159097999999981e-02,-9.414421048999999445e-03
9.077612999999999932e-01,8.095914352999999952e-01,1.223826324000000000e-02,-9.410639538999999304e-03
9.080975799999999598e-01,8.093388985999999674e-01,1.178814964000000041e-02,-9.457047127999999164e-03
9.084338600000000374e-01,8.096508785999999569e-01,1.173640370000000009e-02,-9.575569685000000220e-03
9.087701400000000040e-01,8.091604493999999814e-01,1.165727775000000022e-02,-9.643061244000000407e-03
9.091064300000000209e-01,8.089016132999999886e-01,1.192119529000000046e-02,-9.676114932999999724e-03
9.094427099999999875e-01,8.085878601000000554e-01,1.254927530999999999e-02,-9.697098367999999746e-03
9.097789899999999541e-01,8.092924749000000029e-01,1.343606292000000015e-02,-9.665942830999999999e-03
9.101152799999999710e-01,8.096287957000000146e-01,1.458097788000000013e-02,-9.719378222000000719e-03
9.104515600000000486e-01,8.102611846999999701e-01,1.572447563999999909e-02,-9.644778013000000066e-03
9.107878400000000152e-01,8.106202128999999701e-01,1.694022849000000053e-02,-9.559184902999999511e-03
9.111241199999999818e-01,8.113998747999999761e-01,1.823068094000000056e-02,-9.430557444000000830e-03
9.114604099999999987e-01,8.113701984000000200e-01,1.935273784999999927e-02,-9.313194029999999346e-03
9.117966899999999653e-01,8.112940914999999809e-01,2.054968961000000136e-02,-9.138776317000000399e-03
9.121329700000000429e-01,8.114275165000000012e-01,2.172264142999999828e-02,-8.954241669999999861e-03
9.124692599999999487e-01,8.119469913000000316e-01,2.263592597999999900e-02,-8.737439798999999466e-03
9.128055400000000263e-01,8.125237668000000468e-01,2.364040260999999976e-02,-8.580280531000000072e-03
9.131418199999999930e-01,8.129448513000000487e-01,2.436159327999999971e-02,-8.357583316000000498e-03
9.134780999999999596e-01,8.132594699999999843e-01,2.477817158000000103e-02,-8.109020184999999464e-03
9.138143899999999764e-01,8.134012197000000111e-01,2.516431691999999887e-02,-7.786904253999999727e-03
9.141506700000000540e-01,8.134572076999999624e-01,2.502669002999999975e-02,-7.421721957999999689e-03
9.144869500000000206e-01,8.142459868000000434e-01,2.466174125000000078e-02,-7.080479637999999819e-03
9.148232400000000375e-01,8.148106655000000309e-01,2.425797128999999941e-02,-6.805057187999999889e-03
9.151595200000000041e-01,8.154647121000000443e-01,2.368800972000000005e-02,-6.516944662999999728e-03
9.154957999999999707e-01,8.163572511000000143e-01,2.294977403999999901e-02,-6.289937851000000288e-03
9.158320800000000483e-01,8.174576166999999449e-01,2.223468328000000049e-02,-6.061839585000000120e-03
9.161683699999999542e-01,8.184645722000000179e-01,2.162996887999999937e-02,-5.963690683999999659e-03
9.165046500000000318e-01,8.199746840999999620e-01,2.099470432999999900e-02,-5.895592942000000419e-03
9.168409299999999984e-01,8.205987040000000121e-01,2.058431154000000055e-02,-5.851267295000000396e-03
9.171772200000000153e-01,8.208181737999999950e-01,1.998963814000000172e-02,-5.762747569999999812e-03
9.175134999999999819e-01,8.206697279000000345e-01,1.941698516000000055e-02,-5.755298974000000282e-03
9.178497799999999485e-01,8.204293607999999516e-01,1.892855761000000053e-02,-5.704484123999999622e-03
9.181860600000000261e-01,8.193577061000000272e-01,1.842120733000000149e-02,-5.646016593000000028e-03
9.185223500000000429e-01,8.186039748000000227e-01,1.803421393999999831e-02,-5.486236200999999868e-03
9.188586300000000096e-01,8.172841523999999636e-01,1.739284588000000048e-02,-5.312890494000000428e-03
9.191949099999999762e-01,8.156560887999999565e-01,1.637548712000000059e-02,-5.040483943999999814e-03
9.195311900000000538e-01,8.133886458000000319e-01,1.538884641999999948e-02,-4.693815841000000162e-03
9.198674799999999596e-01,8.113161205000000153e-01,1.418159788999999969e-02,-4.294852430999999623e-03
9.202037600000000372e-01,8.089101815000000473e-01,1.294297626999999992e-02,-3.861959147000000158e-03
9.205400400000000039e-01,8.067233910000000119e-01,1.196512876999999975e-02,-3.385977151999999910e-03
9.208763300000000207e-01,8.044321152000000197e-01,1.092288961000000003e-02,-2.877600500999999856e-03
9.212126099999999873e-01,8.029700241999999655e-01,9.949779675999999642e-03,-2.361329924999999892e-03
9.215488899999999539e-01,8.016807538000000344e-01,8.967062355999999915e-03,-1.843938917000000066e-03
9.218851700000000315e-01,8.013488283999999906e-01,7.496941208999999620e-03,-1.318374895000000088e-03
9.222214600000000484e-01,8.009829010000000249e-01,5.731842317999999610e-03,-7.974094610000000095e-04
9.225577400000000150e-01,8.006566212000000293e-01,3.796004136999999844e-03,-1.988055506000000058e-04
9.228940199999999816e-01,8.007027159999999810e-01,1.764222340999999908e-03,2.612649891000000217e-04
9.232303099999999985e-01,8.009722203000000373e-01,-1.152995828000000000e-04,7.250728656999999664e-04
9.235665899999999651e-01,8.008418214000000424e-01,-1.505880789999999901e-03,1.149311657000000059e-03
9.239028700000000427e-01,8.007508386999999672e-01,-2.767727740999999849e-03,1.614866487999999959e-03
9.242391500000000093e-01,8.007339814999999694e-01,-4.060371460999999578e-03,2.082661323999999980e-03
9.245754400000000262e-01,8.016247693000000396e-01,-5.336319820000000151e-03,2.499546018999999984e-03
9.249117199999999928e-01,8.015550669000000017e-01,-6.299362723999999900e-03,2.867765109999999978e-03
9.252479999999999594e-01,8.013180307999999696e-01,-7.082438071000000078e-03,3.197930588000000122e-03
9.255842899999999762e-01,8.006185542999999516e-01,-7.509911937000000350e-03,3.494102709999999997e-03
9.259205700000000538e-01,7.998710589999999954e-01,-7.724853591000000082e-03,3.799676260999999920e-03
9.262568500000000205e-01,7.994328005999999931e-01,-7.716526694000000290e-03,4.003522314999999852e-03
9.265931299999999871e-01,7.990886710000000281e-01,-7.647848833000000200e-03,4.202880628999999639e-03
9.269294200000000039e-01,7.987584058000000153e-01,-7.471585028999999656e-03,4.325116254999999792e-03
9.272656999999999705e-01,7.985629276000000276e-01,-7.442637828000000372e-03,4.419735979999999710e-03
9.276019800000000481e-01,7.981207066000000072e-01,-7.194801144999999655e-03,4.433219668000000328e-03
9.279382699999999540e-01,7.978096829999999917e-01,-6.910128039999999597e-03,4.356210089000000195e-03
9.282745500000000316e-01,7.974569844000000129e-01,-6.756662713999999834e-03,4.127304709000000245e-03
9.286108299999999982e-01,7.972137387000000075e-01,-6.687220724999999935e-03,3.841989550000000052e-03
9.289471099999999648e-01,7.969017468000000326e-01,-6.505079522999999628e-03,3.420779577999999953e-03
9.292833999999999817e-01,7.963622196999999847e-01,-6.610235031999999768e-03,2.973876238000000213e-03
9.296196799999999483e-01,7.957713656999999552e-01,-6.734414057000000405e-03,2.450935061000000196e-03
9.299559600000000259e-01,7.953706916999999654e-01,-6.597977542999999660e-03,1.914553978000000040e-03
9.302922500000000428e-01,7.948368399999999889e-01,-6.516572354000000310e-03,1.364704035000000081e-03
9.306285300000000094e-01,7.944842470999999851e-01,-6.640135874000000112e-03,8.869062424000000514e-04
9.309648099999999760e-01,7.942421347000000464e-01,-6.636223945000000249e-03,4.589765664000000265e-04
9.313010900000000536e-01,7.951730337000000315e-01,-6.778521887000000384e-03,5.634367100999999775e-05
9.316373799999999594e-01,7.958419571000000525e-01,-7.025941578999999812e-03,-2.698580343999999829e-04
9.319736600000000371e-01,7.959899376000000304e-01,-7.327697513999999884e-03,-4.826481031000000180e-04
9.323099400000000037e-01,7.966666668999999867e-01,-7.989338119999999863e-03,-6.597539117999999883e-04
9.326462199999999703e-01,7.979033405000000023e-01,-8.602715631999999571e-03,-7.274433508999999555e-04
9.329825099999999871e-01,7.994743013999999759e-01,-9.285494615999999313e-03,-7.291370590999999950e-04
9.333187899999999537e-01,8.008241528999999748e-01,-9.826426628000000177e-03,-6.610272876000000339e-04
9.336550700000000313e-01,8.017139867000000475e-01,-1.024594445000000069e-02,-5.750961187000000084e-04
9.339913600000000482e-01,8.022526322999999904e-01,-1.070093484000000060e-02,-4.336406102000000141e-04
9.343276400000000148e-01,8.020537951999999748e-01,-1.089063302999999927e-02,-2.389122597000000088e-04
9.346639199999999814e-01,8.020402837000000229e-01,-1.107077488000000019e-02,-2.063834462000000160e-05
9.350001999999999480e-01,8.014776553000000359e-01,-1.099383443999999918e-02,1.867404988999999977e-04
9.353364899999999649e-01,8.001191224999999463e-01,-1.093046169999999963e-02,4.507926096000000257e-04
9.356727700000000425e-01,7.985090604000000258e-01,-1.091028347999999960e-02,7.053510291999999515e-04
9.360090500000000091e-01,7.971373082999999582e-01,-1.069884247999999989e-02,9.354910323999999925e-04
9.363453400000000260e-01,7.959190028999999500e-01,-1.027681914999999981e-02,1.118957424000000108e-03
9.366816199999999926e-01,7.948480028000000086e-01,-9.709834299999999321e-03,1.317091607000000011e-03
9.370178999999999592e-01,7.938287222000000032e-01,-9.056363613999999715e-03,1.444745807999999907e-03
9.373541800000000368e-01,7.927738623000000207e-01,-8.333422599000000694e-03,1.558742667000000050e-03
9.376904700000000537e-01,7.916139348999999825e-01,-7.718359117999999686e-03,1.677311698999999932e-03
9.380267500000000203e-01,7.902203318999999615e-01,-6.995877349999999641e-03,1.732132535999999969e-03
9.383630299999999869e-01,7.885232326000000125e-01,-6.300142130000000243e-03,1.761082610999999912e-03
9.386993200000000037e-01,7.869601912999999449e-01,-5.827745016000000430e-03,1.814245254999999985e-03
9.390355999999999703e-01,7.847154023000000311e-01,-4.865877856999999834e-03,1.777143156999999932e-03
9.393718800000000479e-01,7.819214721999999673e-01,-3.949892441000000393e-03,1.720255593999999973e-03
9.397081600000000146e-01,7.787820208000000299e-01,-3.099906097999999971e-03,1.602443253999999906e-03
9.400444500000000314e-01,7.760611616999999463e-01,-2.336289287999999791e-03,1.472923175000000065e-03
9.403807299999999980e-01,7.740807275000000098e-01,-1.361635671000000066e-03,1.155044136999999922e-03
9.407170099999999646e-01,7.723934845000000049e-01,-4.308473151000000102e-04,7.582713919999999833e-04
9.410532999999999815e-01,7.721107801000000048e-01,3.767347548999999750e-04,1.655650660999999899e-04
9.413895799999999481e-01,7.725443953999999724e-01,1.018450832000000099e-03,-4.558352863999999907e-04
9.417258600000000257e-01,7.730968510000000293e-01,1.259320233999999903e-03,-1.003133317000000054e-03
9.420621399999999923e-01,7.742903172999999750e-01,1.425251596999999992e-03,-1.473505653999999943e-03
9.423984300000000092e-01,7.755248557999999681e-01,1.132754060999999896e-03,-1.910839341000000052e-03
9.427347099999999758e-01,7.774333801999999682e-01,4.826131549999999860e-04,-2.323605921000000078e-03
9.430709900000000534e-01,7.786714621000000447e-01,-4.482953754999999935e-04,-2.652603016999999837e-03
9.434072799999999592e-01,7.801088148000000499e-01,-1.665140704000000072e-03,-2.856858965999999923e-03
9.437435600000000369e-01,7.818075002000000051e-01,-3.042906545000000160e-03,-2.952994641000000059e-03
9.440798400000000035e-01,7.831006174000000319e-01,-4.385533926000000256e-03,-2.983685652999999802e-03
9.444161199999999701e-01,7.843340534999999614e-01,-5.979290332999999923e-03,-2.982227210000000083e-03
9.447524099999999869e-01,7.854532195000000216e-01,-7.599784414999999696e-03,-2.933830141999999985e-03
9.450886899999999535e-01,7.864691882000000023e-01,-9.036824667999999658e-03,-2.890969929999999931e-03
9.454249700000000312e-01,7.872080040000000167e-01,-1.005613791999999951e-02,-2.826556642000000071e-03
9.457612600000000480e-01,7.879255163999999700e-01,-1.056034202999999935e-02,-2.788777851000000165e-03
9.460975400000000146e-01,7.892034886000000027e-01,-1.067916325000000007e-02,-2.761730073000000143e-03
9.464338199999999812e-01,7.909089083000000464e-01,-1.043363169000000035e-02,-2.905590547999999974e-03
9.467700999999999478e-01,7.924710266000000169e-01,-9.838059663000000080e-03,-3.043013267000000029e-03
9.471063899999999647e-01,7.932406441999999558e-01,-8.606235811000000069e-03,-3.215877816000000007e-03
9.474426700000000423e-01,7.935699397000000044e-01,-7.433907114000000427e-03,-3.359686432000000191e-03
9.477789500000000089e-01,7.936428318999999565e-01,-5.973427088000000419e-03,-3.554445635999999888e-03
9.481152299999999755e-01,7.941916712000000045e-01,-4.739347439999999634e-03,-3.712024158000000202e-03
9.484515199999999924e-01,7.941239780000000081e-01,-3.464353180000000025e-03,-3.930278465999999596e-03
9.487877999999999590e-01,7.935301442000000094e-01,-2.451440653000000035e-03,-4.037897827000000092e-03
9.491240800000000366e-01,7.922126139999999817e-01,-1.843365764000000004e-03,-4.072275894000000097e-03
9.494603700000000535e-01,7.910045693999999683e-01,-1.518488502000000075e-03,-4.060585807000000047e-03
9.497966500000000201e-01,7.895528655000000340e-01,-1.299889066999999985e-03,-4.079234594000000387e-03
9.501329299999999867e-01,7.882853959000000188e-01,-1.408936526000000022e-03,-4.099117073000000354e-03
9.504692099999999533e-01,7.868561206999999946e-01,-2.004001503000000205e-03,-4.018760082999999796e-03
9.508054999999999701e-01,7.853330072999999967e-01,-2.890179787999999986e-03,-3.874478199999999845e-03
9.511417800000000478e-01,7.836682927000000465e-01,-3.960457605999999874e-03,-3.669038401000000033e-03
9.514780600000000144e-01,7.822982011000000346e-01,-5.364604939000000398e-03,-3.408569623999999857e-03
9.518143500000000312e-01,7.809792236999999471e-01,-6.767745298999999597e-03,-3.141773924999999822e-03
9.521506299999999978e-01,7.801235547000000548e-01,-8.228232113000000236e-03,-2.795637623999999797e-03
9.524869099999999644e-01,7.798612974999999947e-01,-9.413840467999999573e-03,-2.492597158999999840e-03
9.528231900000000421e-01,7.797866989999999721e-01,-1.052694166000000056e-02,-2.251321670000000063e-03
9.531594799999999479e-01,7.794344788000000523e-01,-1.133472116000000009e-02,-2.029098084000000111e-03
9.534957600000000255e-01,7.793845081000000397e-01,-1.196883091999999954e-02,-1.874975404999999979e-03
9.538320399999999921e-01,7.793862912000000254e-01,-1.266880610000000081e-02,-1.809730894999999956e-03
9.541683300000000090e-01,7.798578685999999482e-01,-1.300478641999999914e-02,-1.793832324999999981e-03
9.545046099999999756e-01,7.806744809000000229e-01,-1.312724397000000071e-02,-1.865525110000000033e-03
9.548408900000000532e-01,7.813839929000000462e-01,-1.297817583999999989e-02,-1.864478875999999894e-03
9.551771700000000198e-01,7.815849287999999673e-01,-1.250848308999999957e-02,-1.979134762000000006e-03
9.555134600000000367e-01,7.827289101000000082e-01,-1.186607907999999954e-02,-2.115187348000000054e-03
9.558497400000000033e-01,7.840628970999999892e-01,-1.101470681999999930e-02,-2.313039170999999991e-03
9.561860199999999699e-01,7.860138597000000393e-01,-9.894394887000000291e-03,-2.536184722000000072e-03
9.565223099999999867e-01,7.880966131000000097e-01,-8.546792323999999677e-03,-2.765420308999999837e-03
9.568585899999999533e-01,7.907545373000000044e-01,-6.990633843999999666e-03,-3.025897192000000149e-03
9.571948700000000310e-01,7.927289585000000249e-01,-5.462692027000000221e-03,-3.241033569999999826e-03
9.575311499999999976e-01,7.945598610999999867e-01,-3.718496331999999929e-03,-3.412122284999999800e-03
9.578674400000000144e-01,7.965132953000000349e-01,-1.890253569000000054e-03,-3.599845124999999889e-03
9.582037199999999810e-01,7.982724957000000288e-01,-1.839041301000000070e-04,-3.678865308999999979e-03
9.585399999999999476e-01,7.997893151999999617e-01,1.329873168000000059e-03,-3.718777948000000048e-03
9.588762899999999645e-01,8.010679312999999802e-01,2.785739960999999813e-03,-3.767443385999999853e-03
9.592125700000000421e-01,8.011188527000000503e-01,4.161490801999999725e-03,-3.798610219000000000e-03
9.595488500000000087e-01,8.015772811000000386e-01,5.520487168999999895e-03,-3.889762288999999880e-03
9.598851299999999753e-01,8.010711186000000206e-01,6.858763615999999633e-03,-4.014321950000000055e-03
9.602214199999999922e-01,8.002487649999999730e-01,7.780863889999999755e-03,-4.201413450999999695e-03
9.605576999999999588e-01,7.988911297999999883e-01,8.466708252000000601e-03,-4.438717578000000302e-03
9.608939800000000364e-01,7.966555668000000479e-01,9.109725702000000605e-03,-4.678490692999999825e-03
9.612302600000000030e-01,7.935842726999999819e-01,9.523426478000000459e-03,-4.890673867999999896e-03
9.615665500000000199e-01,7.916958937000000418e-01,9.427926491999999437e-03,-5.082665765000000078e-03
9.619028299999999865e-01,7.898419768000000118e-01,8.990065368000000473e-03,-5.205025624000000385e-03
9.622391099999999531e-01,7.884238178000000374e-01,8.658611561000000012e-03,-5.284480133000000156e-03
9.625753999999999699e-01,7.870874434000000308e-01,8.158683191999999140e-03,-5.376550729000000028e-03
9.629116800000000476e-01,7.865776888000000078e-01,7.701908722999999644e-03,-5.543775047999999726e-03
9.632479600000000142e-01,7.860560385000000538e-01,7.357411438000000317e-03,-5.745267438999999629e-03
9.635842399999999808e-01,7.860950705000000482e-01,7.004857687999999603e-03,-5.933584581000000274e-03
9.639205299999999976e-01,7.859691800000000450e-01,6.347009092000000310e-03,-5.938207271000000252e-03
9.642568099999999642e-01,7.862520114000000060e-01,5.551170975999999806e-03,-5.846457757999999789e-03
9.645930900000000419e-01,7.861737739999999919e-01,4.923083116999999939e-03,-5.641999293000000103e-03
9.649293799999999477e-01,7.863852997000000400e-01,4.444601367999999678e-03,-5.413454970999999859e-03
9.652656600000000253e-01,7.866242828999999714e-01,4.339308368000000318e-03,-5.274000590999999849e-03
9.656019399999999919e-01,7.873981435000000362e-01,4.447192756999999996e-03,-5.090005084999999971e-03
9.659382199999999585e-01,7.887465459000000401e-01,4.458159922000000386e-03,-4.869430850000000185e-03
9.662745099999999754e-01,7.906411931000000282e-01,4.545919290999999966e-03,-4.651532431999999898e-03
9.666107900000000530e-01,7.930980837000000117e-01,5.093014629999999959e-03,-4.504739679999999677e-03
9.669470700000000196e-01,7.955260633999999831e-01,5.940546750999999709e-03,-4.393965801000000379e-03
9.672833600000000365e-01,7.978107696999999776e-01,6.894099437999999871e-03,-4.261848286999999659e-03
9.676196400000000031e-01,8.002200616000000322e-01,7.930367332999999769e-03,-4.097441034000000142e-03
9.679559199999999697e-01,8.021793493000000108e-01,9.221557372000000266e-03,-4.010820873000000425e-03
9.682922000000000473e-01,8.043775269999999811e-01,1.049080229000000017e-02,-4.009961555999999767e-03
9.686284899999999531e-01,8.062894789000000229e-01,1.171920891999999985e-02,-4.050173708999999997e-03
9.689647700000000308e-01,8.078042196000000397e-01,1.310872834999999952e-02,-4.056329723999999720e-03
9.693010499999999974e-01,8.085490616999999602e-01,1.459964145999999990e-02,-4.047752445999999900e-03
9.696373400000000142e-01,8.090867713999999600e-01,1.591976943000000116e-02,-4.023965844999999666e-03
9.699736199999999808e-01,8.087730327000000052e-01,1.705714113000000171e-02,-3.993384568999999891e-03
9.703098999999999474e-01,8.078481435000000044e-01,1.783886670000000077e-02,-4.041890793999999669e-03
9.706461800000000251e-01,8.068934152000000193e-01,1.824369631000000158e-02,-4.172861863999999948e-03
9.709824700000000419e-01,8.061418396999999736e-01,1.830155257000000077e-02,-4.395122781000000353e-03
9.713187500000000085e-01,8.046921002000000378e-01,1.801286158000000096e-02,-4.678620984000000059e-03
9.716550299999999751e-01,8.038326465999999781e-01,1.763131181999999866e-02,-5.036052753999999652e-03
9.719913199999999920e-01,8.025681248999999573e-01,1.687644275999999888e-02,-5.408187878000000025e-03
9.723275999999999586e-01,8.016593303000000281e-01,1.606898274000000126e-02,-5.786716520000000433e-03
9.726638800000000362e-01,8.006119154999999932e-01,1.493305104000000084e-02,-6.128577550000000040e-03
9.730001600000000028e-01,7.997218078000000174e-01,1.366139461999999957e-02,-6.447896431000000282e-03
9.733364500000000197e-01,7.977311243000000385e-01,1.253429286999999982e-02,-6.673977914999999587e-03
9.736727299999999863e-01,7.955299921999999802e-01,1.138676978999999916e-02,-6.885157747000000307e-03
9.740090099999999529e-01,7.931878245000000272e-01,1.046151910000000032e-02,-7.088731471000000312e-03
9.743452999999999697e-01,7.906561685999999867e-01,9.327132647000000581e-03,-7.127114042000000198e-03
9.746815800000000474e-01,7.887527351999999992e-01,8.410440082000000470e-03,-7.160333538999999643e-03
9.750178600000000140e-01,7.873562477000000115e-01,7.803874451999999635e-03,-7.197018969999999932e-03
9.753541399999999806e-01,7.857506928999999918e-01,7.225666500999999679e-03,-7.215704520000000392e-03
9.756904299999999974e-01,7.850575711999999706e-01,6.691088991000000361e-03,-7.182321705000000410e-03
9.760267099999999640e-01,7.845215890000000192e-01,6.798041002999999881e-03,-7.196675334000000000e-03
9.763629900000000417e-01,7.844200285000000328e-01,6.789789071999999780e-03,-7.100126677000000337e-03
9.766992700000000083e-01,7.833231591000000549e-01,6.864376329999999707e-03,-7.023529074999999844e-03
9.770355600000000251e-01,7.833251157999999714e-01,7.039065554000000120e-03,-7.006368730000000350e-03
9.773718399999999917e-01,7.834674454000000177e-01,7.294701047000000035e-03,-6.974554923999999774e-03
9.777081199999999583e-01,7.846513097999999742e-01,7.959232263000000362e-03,-6.937085003000000374e-03
9.780444099999999752e-01,7.853088875999999496e-01,9.090123192999999963e-03,-7.021136354999999753e-03
9.783806900000000528e-01,7.868735368999999480e-01,1.035491204000000068e-02,-7.050794497000000167e-03
9.787169700000000194e-01,7.883249896999999784e-01,1.194284387999999981e-02,-7.176233465000000054e-03
9.790532499999999860e-01,7.894000124000000174e-01,1.373397579000000014e-02,-7.246895367999999990e-03
9.793895400000000029e-01,7.903808346999999790e-01,1.573360366000000135e-02,-7.351191727999999669e-03
9.797258199999999695e-01,7.919571610000000206e-01,1.803801857000000147e-02,-7.427047081000000099e-03
9.800621000000000471e-01,7.932540462999999598e-01,2.049949372999999853e-02,-7.506884584999999957e-03
9.803983899999999529e-01,7.952671127999999534e-01,2.274833999000000148e-02,-7.529636279000000328e-03
9.807346700000000306e-01,7.962631118999999869e-01,2.492083260999999883e-02,-7.474232968000000393e-03
9.810709499999999972e-01,7.980399980000000282e-01,2.707218315999999902e-02,-7.364074586999999790e-03
9.814072299999999638e-01,7.991170758000000207e-01,2.940441407999999993e-02,-7.197160957999999831e-03
9.817435199999999806e-01,8.008513805000000430e-01,3.154437820000000059e-02,-7.039275157000000026e-03
9.820797999999999472e-01,8.027143237999999625e-01,3.303369005000000164e-02,-6.939509699999999760e-03
9.824160800000000249e-01,8.043091452999999724e-01,3.367480275999999717e-02,-6.778339997000000332e-03
9.827523700000000417e-01,8.053436003999999704e-01,3.397582757999999953e-02,-6.630017852999999829e-03
9.830886500000000083e-01,8.055215190000000192e-01,3.371575708999999949e-02,-6.384137112000000218e-03
9.834249299999999749e-01,8.054594464000000009e-01,3.269398352999999813e-02,-6.151133762999999588e-03
9.837612100000000526e-01,8.058116470999999725e-01,3.076715292999999962e-02,-5.913120578999999863e-03
9.840974999999999584e-01,8.065770504000000507e-01,2.814586868999999908e-02,-5.741783066999999602e-03
9.844337800000000360e-01,8.077818753000000074e-01,2.501404126999999880e-02,-5.491664234999999762e-03
9.847700600000000026e-01,8.090773038999999889e-01,2.147102474000000052e-02,-5.296682936000000202e-03
9.851063500000000195e-01,8.108517965999999522e-01,1.756781192999999977e-02,-5.058261801999999925e-03
9.854426299999999861e-01,8.128910305000000003e-01,1.359299974000000022e-02,-4.854920092999999610e-03
9.857789099999999527e-01,8.148596745999999724e-01,9.501490076999999715e-03,-4.607076477999999704e-03
9.861151900000000303e-01,8.163959855000000321e-01,5.614828480000000344e-03,-4.428937477000000240e-03
9.864514800000000472e-01,8.173896278000000182e-01,2.169067719999999942e-03,-4.209367644000000346e-03
9.867877600000000138e-01,8.181738326999999922e-01,-1.016631302999999919e-03,-4.006578943000000358e-03
9.871240399999999804e-01,8.191628893000000300e-01,-3.755447731999999976e-03,-3.786924585999999933e-03
9.874603299999999972e-01,8.202753604000000420e-01,-6.268933469999999827e-03,-3.586278039999999875e-03
9.877966099999999638e-01,8.207172969999999568e-01,-8.501705458000000798e-03,-3.380652675999999950e-03
9.881328900000000415e-01,8.201015607999999624e-01,-1.039227468999999980e-02,-3.166618112999999932e-03
9.884691700000000081e-01,8.198014949999999912e-01,-1.204125057000000019e-02,-2.984396913000000092e-03
9.888054600000000249e-01,8.193822306000000388e-01,-1.317853132000000073e-02,-2.846224702999999856e-03
9.891417399999999915e-01,8.196927555999999893e-01,-1.389028764000000034e-02,-2.815386004000000001e-03
9.894780199999999581e-01,8.203473774999999746e-01,-1.404756589000000049e-02,-2.917035298999999787e-03
9.898143000000000358e-01,8.213947329999999880e-01,-1.377303906000000057e-02,-3.048303168999999795e-03
9.901505900000000526e-01,8.221812519000000208e-01,-1.294189674999999921e-02,-3.249903551000000133e-03
9.904868700000000192e-01,8.228705670000000527e-01,-1.150545046999999939e-02,-3.492599430999999890e-03
9.908231499999999858e-01,8.231603012000000552e-01,-9.501421749000000389e-03,-3.803015066000000038e-03
9.911594400000000027e-01,8.234927320999999578e-01,-7.006129528999999884e-03,-4.088293485999999581e-03
9.914957199999999693e-01,8.235155843000000475e-01,-4.234873224000000082e-03,-4.367803574000000272e-03
9.918320000000000469e-01,8.231784248000000304e-01,-1.601965398000000044e-03,-4.435328274000000306e-03
9.921682800000000135e-01,8.218287559000000408e-01,1.356900840999999969e-03,-4.390633552999999648e-03
9.925045700000000304e-01,8.200701347000000085e-01,4.145623047999999998e-03,-4.182538916000000211e-03
9.928408499999999970e-01,8.179466655999999558e-01,6.775597769999999916e-03,-3.940505898999999840e-03
9.931771299999999636e-01,8.157741800000000154e-01,8.977259106000000030e-03,-3.584513126000000039e-03
9.935134199999999804e-01,8.129309005000000532e-01,1.059959723999999957e-02,-3.125637832999999827e-03
9.938496999999999471e-01,8.105221734999999983e-01,1.176018348999999935e-02,-2.597748073000000126e-03
9.941859800000000247e-01,8.081025862999999809e-01,1.235775729999999926e-02,-1.981221010999999980e-03
9.945222599999999913e-01,8.061882619000000361e-01,1.263209606000000040e-02,-1.369908920999999983e-03
9.948585500000000081e-01,8.042102897999999778e-01,1.237349515999999934e-02,-7.746885942000000152e-04
9.951948299999999747e-01,8.024892183999999817e-01,1.167728162000000042e-02,-1.735240063000000055e-04
9.955311100000000524e-01,8.008127562000000310e-01,1.061098761000000071e-02,2.960866450999999865e-04
9.958673999999999582e-01,7.995618750999999857e-01,9.217889082000000484e-03,7.598469059999999600e-04
9.962036800000000358e-01,7.986058794000000516e-01,7.681253946999999985e-03,1.114947402999999938e-03
9.965399600000000024e-01,7.980758795000000294e-01,5.842389423999999956e-03,1.392679821999999934e-03
9.968762399999999690e-01,7.973450244999999992e-01,3.659475811999999932e-03,1.655583454000000105e-03
9.972125299999999859e-01,7.967202505999999573e-01,1.667182849999999982e-03,1.858794175999999932e-03
9.975488099999999525e-01,7.955306339000000060e-01,-1.263389411999999996e-04,1.983754367000000168e-03
9.978850900000000301e-01,7.955042475000000390e-01,-1.864053255999999908e-03,2.015252126999999855e-03
9.982213800000000470e-01,7.954865546999999593e-01,-3.270546169999999798e-03,1.950713697000000003e-03
9.985576600000000136e-01,7.947174879999999719e-01,-4.506316657000000205e-03,1.930834962000000038e-03
9.988939399999999802e-01,7.928665597999999815e-01,-5.419666717000000238e-03,1.921197589999999950e-03
9.992302199999999468e-01,7.913460516000000444e-01,-6.375155797000000256e-03,1.933977681000000016e-03
9.995665099999999637e-01,7.890585602999999892e-01,-7.251794889999999688e-03,2.009955621000000022e-03
9.999027900000000413e-01,7.864493343999999775e-01,-8.144363340000000326e-03,2.248121121000000010e-03
1.000239099999999937e+00,7.841324993999999604e-01,-9.203540928999999829e-03,2.432193336999999983e-03
1.000575400000000004e+00,7.824660582000000364e-01,-1.012853522999999922e-02,2.623507728999999872e-03
1.000911600000000012e+00,7.805641325000000075e-01,-1.078556892999999947e-02,2.761013886000000025e-03
1.001247900000000080e+00,7.789325001000000359e-01,-1.138061668999999949e-02,2.841658577999999803e-03
1.001584199999999925e+00,7.778352829000000357e-01,-1.151607875000000038e-02,2.814781767000000112e-03
1.001920499999999992e+00,7.769508670000000450e-01,-1.141443431000000071e-02,2.813800494000000176e-03
1.002256800000000059e+00,7.758303576999999729e-01,-1.082858199999999979e-02,2.772065813999999989e-03
1.002593099999999904e+00,7.758188675999999617e-01,-1.016119503000000035e-02,2.687134862999999898e-03
1.002929299999999913e+00,7.759510168000000041e-01,-9.319266818000000729e-03,2.570950146000000082e-03
1.003265599999999980e+00,7.764636014000000364e-01,-8.390266825999999692e-03,2.505466516000000136e-03
1.003601900000000047e+00,7.776115349000000121e-01,-7.541836817000000318e-03,2.410067024000000016e-03
1.003938199999999892e+00,7.791297113999999802e-01,-6.785057841999999825e-03,2.397817157999999806e-03
1.004274499999999959e+00,7.802109844000000294e-01,-5.558240952000000415e-03,2.440592496999999857e-03
1.004610699999999968e+00,7.819517024000000038e-01,-4.409537193999999924e-03,2.559087400999999953e-03
1.004947000000000035e+00,7.834403586999999503e-01,-3.279641668000000173e-03,2.687451958000000064e-03
1.005283300000000102e+00,7.856500526999999900e-01,-1.880885004000000093e-03,2.790177252999999878e-03
1.005619599999999947e+00,7.875523415999999832e-01,-6.472130289000000130e-04,2.887722002000000111e-03
1.005955900000000014e+00,7.900085713000000176e-01,7.025074934000000030e-04,3.056495397999999929e-03
1.006292200000000081e+00,7.919748038999999684e-01,2.188040817999999804e-03,3.236187630999999825e-03
1.006628400000000090e+00,7.942368313000000013e-01,3.480373236000000071e-03,3.374216125000000129e-03
1.006964699999999935e+00,7.962449518999999976e-01,4.626744262000000163e-03,3.461409388000000111e-03
1.007301000000000002e+00,7.991342707999999906e-01,5.523137285999999736e-03,3.560931943999999950e-03
1.007637300000000069e+00,8.005019150000000083e-01,6.438619318999999619e-03,3.626458162000000159e-03
1.007973599999999914e+00,8.009675601000000311e-01,7.114472820999999912e-03,3.789199591999999842e-03
1.008309899999999981e+00,8.009192848999999725e-01,7.675890434999999880e-03,3.931066361000000280e-03
1.008646099999999990e+00,8.012543557000000316e-01,7.860628168999999471e-03,3.995405720000000209e-03
1.008982400000000057e+00,8.010454504999999781e-01,7.504311811000000283e-03,4.080398205999999882e-03
1.009318699999999902e+00,8.003207342000000502e-01,6.781934598000000092e-03,4.103775502000000207e-03
1.009654999999999969e+00,7.998150555999999911e-01,6.114279870000000235e-03,3.932073864999999918e-03
1.009991300000000036e+00,7.994547760000000336e-01,5.414122480999999758e-03,3.787850096000000208e-03
1.010327600000000103e+00,7.992861393000000314e-01,4.780305854000000375e-03,3.576879755999999837e-03
1.010663799999999890e+00,7.996736246000000214e-01,3.740847007999999804e-03,3.347296960000000106e-03
1.011000099999999957e+00,8.000804309000000281e-01,2.450589069000000137e-03,3.163551718999999852e-03
1.011336400000000024e+00,8.000870488000000336e-01,1.039594493999999999e-03,3.090732604999999866e-03
1.011672700000000091e+00,8.007295567000000114e-01,-3.521683536999999867e-04,2.984682438000000205e-03
1.012008999999999936e+00,8.012002945999999737e-01,-1.465402987999999936e-03,2.898859859000000195e-03
1.012345300000000003e+00,8.019682490999999747e-01,-2.678353468999999931e-03,2.838205759999999894e-03
1.012681500000000012e+00,8.028018893999999683e-01,-4.069352907999999880e-03,2.871728227999999997e-03
1.013017800000000079e+00,8.034361003000000112e-01,-5.490333483999999820e-03,2.895360627000000131e-03
1.013353100000000007e+00,8.043999727999999738e-01,-6.851992070000000046e-03,2.955862594999999864e-03
1.013681499999999902e+00,8.057717810000000203e-01,-8.100518790999999136e-03,2.926337330000000191e-03
1.014004099999999964e+00,8.066881888000000389e-01,-9.220621139000000771e-03,2.977990769000000201e-03
1.014322200000000063e+00,8.075771004999999780e-01,-1.027513847999999945e-02,2.978056649000000201e-03
1.014637500000000081e+00,8.080988757000000522e-01,-1.140118449999999971e-02,2.975280138000000168e-03
1.014950100000000077e+00,8.087665442000000482e-01,-1.256817305000000086e-02,2.924996097000000066e-03
1.015260999999999969e+00,8.090364584000000470e-01,-1.373706828999999956e-02,2.971138893999999801e-03
1.015571000000000002e+00,8.090184607000000527e-01,-1.478546818000000054e-02,3.020653772999999827e-03
1.015881000000000034e+00,8.082352423999999980e-01,-1.579043488999999981e-02,3.136292806999999971e-03
1.016191899999999926e+00,8.068897994000000518e-01,-1.656132677999999983e-02,3.239973995000000086e-03
1.016504599999999980e+00,8.057059881000000479e-01,-1.723403285000000076e-02,3.266847757999999814e-03
1.016818999999999917e+00,8.043591994000000023e-01,-1.786761661000000126e-02,3.327339958999999976e-03
1.017136299999999993e+00,8.029949041999999704e-01,-1.834252810000000164e-02,3.374970042999999968e-03
1.017456300000000091e+00,8.015537274999999795e-01,-1.872633540999999943e-02,3.444901865999999788e-03
1.017779299999999942e+00,8.004248314999999891e-01,-1.888191029999999881e-02,3.559277475999999846e-03
1.018106200000000072e+00,7.988043740000000392e-01,-1.867238620999999918e-02,3.635425641999999891e-03
1.018437100000000095e+00,7.975344628999999630e-01,-1.830188330999999932e-02,3.755515331000000047e-03
1.018772199999999906e+00,7.961630435000000006e-01,-1.787959269999999865e-02,3.907508458000000413e-03
1.019108399999999914e+00,7.946881417000000170e-01,-1.742424356000000021e-02,4.021133387999999836e-03
1.019444599999999923e+00,7.933338574999999615e-01,-1.683827723000000040e-02,4.110415245000000398e-03
1.019780700000000095e+00,7.924332607999999833e-01,-1.635352119999999854e-02,4.240254760999999720e-03
1.020116900000000104e+00,7.904479864000000244e-01,-1.591510981000000130e-02,4.377375795000000049e-03
1.020453099999999891e+00,7.882548561000000120e-01,-1.566692160000000139e-02,4.552742377000000042e-03
1.020789200000000063e+00,7.863954423000000249e-01,-1.579124552000000029e-02,4.659138299999999837e-03
1.021125400000000072e+00,7.849347230000000009e-01,-1.594496248999999893e-02,4.705294583999999891e-03
1.021461500000000022e+00,7.833765551000000382e-01,-1.601573615000000117e-02,4.650579717000000342e-03
1.021797700000000031e+00,7.823132965000000327e-01,-1.632342725000000133e-02,4.501870726999999961e-03
1.022133900000000040e+00,7.810091634000000393e-01,-1.682612739000000079e-02,4.332141969000000321e-03
1.022469999999999990e+00,7.794845898000000162e-01,-1.715458173000000003e-02,4.174769745000000108e-03
1.022806199999999999e+00,7.781632545000000123e-01,-1.762986870999999969e-02,3.969976053000000282e-03
1.023142400000000007e+00,7.777362026999999900e-01,-1.776693204999999984e-02,3.724715785999999865e-03
1.023478499999999958e+00,7.778575481999999708e-01,-1.756874846999999934e-02,3.412785898000000092e-03
1.023814699999999966e+00,7.785489826000000502e-01,-1.741010252999999897e-02,3.079621906000000117e-03
1.024150899999999975e+00,7.792028067999999807e-01,-1.713681396000000037e-02,2.565198272000000085e-03
1.024486999999999925e+00,7.795131170000000331e-01,-1.675961982999999919e-02,2.091220518000000070e-03
1.024823199999999934e+00,7.801766589999999946e-01,-1.625465108999999894e-02,1.597968599999999946e-03
1.025159300000000107e+00,7.808797761000000337e-01,-1.551818529000000002e-02,1.125175327999999950e-03
1.025495499999999893e+00,7.816424894000000290e-01,-1.487098912999999974e-02,6.657015526000000351e-04
1.025831699999999902e+00,7.821976324999999619e-01,-1.399629162000000024e-02,2.221470320999999984e-04
1.026167800000000074e+00,7.829745623999999626e-01,-1.311168065000000056e-02,-1.888444962000000032e-04
1.026504000000000083e+00,7.843823207000000242e-01,-1.213834394000000080e-02,-5.424233334999999621e-04
1.026840200000000092e+00,7.845554487000000465e-01,-1.132707653000000064e-02,-8.227794017000000229e-04
1.027176300000000042e+00,7.845289319999999567e-01,-1.088447585000000030e-02,-9.232824969999999529e-04
1.027512500000000051e+00,7.841828545000000261e-01,-1.082854006000000084e-02,-9.440098405999999744e-04
1.027848700000000060e+00,7.843432487000000508e-01,-1.096450113999999920e-02,-9.137154832000000341e-04
1.028184800000000010e+00,7.844248524000000389e-01,-1.133507452000000019e-02,-8.298356145000000510e-04
1.028521000000000019e+00,7.834542616999999876e-01,-1.181975688999999975e-02,-6.324802318000000275e-04
1.028857200000000027e+00,7.814188269999999825e-01,-1.230978190999999951e-02,-4.053932594000000012e-04
1.029193299999999978e+00,7.794599442999999850e-01,-1.277411206000000042e-02,-6.007771843999999738e-05
1.029529499999999986e+00,7.773916466000000414e-01,-1.325700823000000063e-02,2.742976417999999791e-04
1.029865599999999937e+00,7.756596488000000456e-01,-1.392583508999999976e-02,7.192967890999999890e-04
1.030201799999999945e+00,7.741383617000000550e-01,-1.471513776999999919e-02,1.169137784999999896e-03
1.030537999999999954e+00,7.737451691000000187e-01,-1.565406739999999908e-02,1.525677538000000041e-03
1.030874099999999904e+00,7.731432725000000339e-01,-1.659907826000000045e-02,1.913079664999999983e-03
1.031210299999999913e+00,7.719474269999999638e-01,-1.781041360000000170e-02,2.359071970999999934e-03
1.031546499999999922e+00,7.705742690000000339e-01,-1.853151108000000019e-02,2.704473354000000093e-03
1.031882600000000094e+00,7.699508819000000504e-01,-1.931061406999999910e-02,2.897749202999999867e-03
1.032218800000000103e+00,7.686769482999999958e-01,-1.969549878000000087e-02,2.972279344999999903e-03
1.032554999999999890e+00,7.671934624999999786e-01,-2.007716240000000096e-02,3.088752418999999791e-03
1.032891100000000062e+00,7.669577160999999643e-01,-2.036573427999999880e-02,3.067611856000000085e-03
1.033227300000000071e+00,7.675318265999999667e-01,-2.061859858999999864e-02,3.017720098999999816e-03
1.033563400000000021e+00,7.686702764999999715e-01,-2.087275461999999956e-02,2.841774596999999819e-03
1.033899600000000030e+00,7.698241473000000390e-01,-2.103745464999999884e-02,2.593181630000000043e-03
1.034235800000000038e+00,7.705979183000000177e-01,-2.082488101000000078e-02,2.273065431999999903e-03
1.034571899999999989e+00,7.706302194999999911e-01,-2.048366189999999837e-02,2.027332194999999834e-03
1.034908099999999997e+00,7.704070191999999873e-01,-1.992679702999999858e-02,1.810284851999999960e-03
1.035244300000000006e+00,7.715957934999999601e-01,-1.905242726999999830e-02,1.602516747000000061e-03
1.035580399999999957e+00,7.735670290999999699e-01,-1.786178247000000038e-02,1.318008729999999972e-03
1.035916599999999965e+00,7.770375520000000202e-01,-1.664878846999999842e-02,9.553506984000000425e-04
1.036252799999999974e+00,7.797876017000000548e-01,-1.521798754999999920e-02,6.213816748000000091e-04
1.036588899999999924e+00,7.823397542000000149e-01,-1.326950875000000064e-02,3.218869424000000111e-04
1.036925099999999933e+00,7.850380152000000500e-01,-1.117148771000000054e-02,-5.639445393999999872e-06
1.037261200000000105e+00,7.876847604000000169e-01,-8.941463655999999302e-03,-3.161759837999999893e-04
1.037597399999999892e+00,7.897785632999999583e-01,-6.611383016000000126e-03,-5.828764780999999865e-04
1.037933599999999901e+00,7.919748307999999737e-01,-4.268924934000000067e-03,-8.044783114000000424e-04
1.038269700000000073e+00,7.937757954999999921e-01,-1.934485796999999962e-03,-1.075776604000000048e-03
1.038605900000000082e+00,7.958872935999999898e-01,5.127025918000000350e-04,-1.317671594000000088e-03
1.038942100000000091e+00,7.975092040000000271e-01,3.008238762999999871e-03,-1.663244252999999994e-03
1.039278200000000041e+00,7.990128348999999686e-01,5.397515763000000286e-03,-1.967947151000000103e-03
1.039614400000000050e+00,7.997939560000000281e-01,7.873251071999999226e-03,-2.276427340000000080e-03
1.039950600000000058e+00,8.003836206000000120e-01,1.051448219999999954e-02,-2.617915565000000083e-03
1.040286700000000009e+00,8.011549645000000108e-01,1.282836662000000003e-02,-2.929146508999999794e-03
1.040622900000000017e+00,8.023125163000000004e-01,1.499889750000000035e-02,-3.245543512000000162e-03
1.040958999999999968e+00,8.032628602000000395e-01,1.668882006000000154e-02,-3.520176512999999979e-03
1.041295199999999976e+00,8.045720004999999952e-01,1.815427739000000096e-02,-3.759276261000000022e-03
1.041631399999999985e+00,8.054493257000000517e-01,1.922870059000000159e-02,-3.987501606999999809e-03
1.041967499999999935e+00,8.071004475999999928e-01,1.991707447000000061e-02,-4.284505832999999791e-03
1.042303699999999944e+00,8.078648127999999984e-01,2.028335275000000062e-02,-4.530696974000000300e-03
1.042639899999999953e+00,8.088961144999999853e-01,2.041385810000000134e-02,-4.746424322000000404e-03
1.042975999999999903e+00,8.096897418999999818e-01,2.053624566000000068e-02,-4.987144899999999652e-03
1.043312199999999912e+00,8.102488576999999914e-01,2.027783898000000071e-02,-5.211013938999999734e-03
1.043648399999999921e+00,8.098181999000000353e-01,1.980750821999999883e-02,-5.380957353999999901e-03
1.043984500000000093e+00,8.093558868000000350e-01,1.910503502999999839e-02,-5.534434492000000171e-03
1.044320700000000102e+00,8.090363417999999474e-01,1.853164600999999967e-02,-5.763352539999999809e-03
1.044656900000000110e+00,8.088653433000000392e-01,1.793089900000000014e-02,-5.919987211999999839e-03
1.044993000000000061e+00,8.080608063999999979e-01,1.716397943000000023e-02,-6.054176256999999929e-03
1.045329200000000069e+00,8.072945599999999944e-01,1.674815592000000047e-02,-6.185069756000000085e-03
1.045665300000000020e+00,8.059326789999999852e-01,1.619571680999999999e-02,-6.238628635000000033e-03
1.046001500000000028e+00,8.045820537000000217e-01,1.528386200000000049e-02,-6.192878831999999896e-03
1.046337700000000037e+00,8.030655060000000400e-01,1.429324205000000007e-02,-6.092321650999999935e-03
1.046673799999999988e+00,8.019882552999999525e-01,1.335719473999999983e-02,-5.854092758000000417e-03
1.047009999999999996e+00,8.009221678000000288e-01,1.252872122000000046e-02,-5.539241638000000356e-03
1.047346200000000005e+00,7.999964006999999988e-01,1.164330574999999923e-02,-5.104087761000000202e-03
1.047682299999999955e+00,7.991338300000000450e-01,1.088608092999999999e-02,-4.660064686000000081e-03
1.048018499999999964e+00,7.981346151999999528e-01,1.016111532000000053e-02,-4.096142480000000349e-03
1.048354699999999973e+00,7.975622572999999660e-01,9.724647471000000612e-03,-3.553317415999999920e-03
1.048690799999999923e+00,7.977144975000000082e-01,9.414839657000000778e-03,-2.979036630000000095e-03
1.049025499999999944e+00,7.977988474999999635e-01,9.242310256999999515e-03,-2.435763718999999806e-03
1.049358699999999978e+00,7.985956347999999538e-01,9.124395683999999423e-03,-1.949986467999999988e-03
1.049691900000000011e+00,7.994822147000000268e-01,9.337151857999999305e-03,-1.575826932999999964e-03
1.050025200000000103e+00,8.002392659999999491e-01,9.532088956000000710e-03,-1.197925947999999973e-03
1.050359899999999902e+00,8.001915655000000349e-01,9.407096962000000701e-03,-8.312078264999999896e-04
1.050696099999999911e+00,7.991488595000000306e-01,9.175554055000000042e-03,-4.545951849999999863e-04
1.051032299999999919e+00,7.978672088999999579e-01,8.550073445000000438e-03,-1.160455579999999974e-04
1.051368499999999928e+00,7.968199470000000284e-01,7.814393769000000170e-03,2.145092861999999944e-04
1.051704699999999937e+00,7.964547029999999861e-01,6.902184750000000049e-03,4.602154248000000104e-04
1.052041000000000004e+00,7.963902531000000007e-01,5.808343813000000321e-03,6.405359333999999976e-04
1.052377200000000013e+00,7.964633998000000270e-01,4.712770516999999909e-03,7.054390120000000397e-04
1.052713400000000021e+00,7.967477551999999630e-01,3.343529410000000129e-03,7.574273399000000431e-04
1.053049600000000030e+00,7.970204867000000304e-01,2.131322689000000013e-03,7.462754139999999920e-04
1.053385800000000039e+00,7.973103007999999825e-01,9.567299258000000516e-04,7.355484439000000221e-04
1.053722000000000047e+00,7.981087913000000089e-01,-9.352975367000000348e-05,5.729312087000000379e-04
1.054058299999999893e+00,7.984394434999999568e-01,-1.034189540000000039e-03,4.276202748000000045e-04
1.054394499999999901e+00,7.988710181999999493e-01,-1.851245898999999938e-03,2.852677971000000100e-04
1.054730699999999910e+00,7.998314157999999452e-01,-2.591101239000000080e-03,1.352032534000000116e-04
1.055066899999999919e+00,8.006542315000000354e-01,-3.206511724000000139e-03,-3.873118085000000005e-05
1.055403099999999927e+00,8.019913157000000403e-01,-3.395830678000000182e-03,-2.152201500000000133e-04
1.055739299999999936e+00,8.028548484999999957e-01,-3.464498796000000172e-03,-2.777137765999999810e-04
1.056075600000000003e+00,8.036589141000000103e-01,-3.731081521999999890e-03,-2.978706305999999989e-04
1.056411800000000012e+00,8.043614211999999819e-01,-4.014242410000000427e-03,-3.241494785000000154e-04
1.056748000000000021e+00,8.045201765999999699e-01,-4.235041888999999636e-03,-2.686515940000000252e-04
1.057084200000000029e+00,8.047435855000000249e-01,-4.252510440999999683e-03,-2.147942825999999913e-04
1.057420400000000038e+00,8.044601717999999568e-01,-4.335642958999999866e-03,-1.182346272000000051e-04
1.057756600000000047e+00,8.032195120999999771e-01,-4.411611006999999716e-03,3.763551183000000153e-05
1.058092899999999892e+00,8.023192122000000204e-01,-4.037528395999999582e-03,1.873894630999999890e-04
1.058429099999999901e+00,8.008234706000000314e-01,-3.582630040000000116e-03,2.691312640000000111e-04
1.058765299999999909e+00,7.991398495000000546e-01,-2.985707227000000165e-03,3.918535658999999869e-04
1.059101499999999918e+00,7.972451128999999970e-01,-2.165212325000000129e-03,4.757779229999999798e-04
1.059437699999999927e+00,7.955026664000000025e-01,-1.167392330999999931e-03,5.509400868999999798e-04
1.059773899999999935e+00,7.937571605000000030e-01,-2.342773714999999996e-04,5.916040861999999605e-04
1.060110200000000003e+00,7.923550919999999831e-01,6.622647069999999673e-04,6.416385898000000025e-04
1.060446400000000011e+00,7.906651877999999467e-01,1.340501603999999991e-03,7.081570909000000410e-04
1.060782600000000020e+00,7.897502177999999873e-01,1.786335373000000034e-03,7.228044804000000132e-04
1.061118800000000029e+00,7.892104805999999861e-01,2.291675999999999869e-03,6.929141698999999799e-04
1.061455000000000037e+00,7.892888869999999946e-01,2.891754716000000027e-03,6.440989830000000416e-04
1.061791200000000046e+00,7.894069703999999632e-01,3.529960166000000159e-03,5.864121258999999749e-04
1.062127499999999891e+00,7.899133927000000499e-01,3.961948998999999770e-03,5.706353972999999745e-04
1.062463699999999900e+00,7.916667524999999594e-01,3.813766330000000100e-03,4.912964054000000351e-04
1.062799899999999909e+00,7.933861957000000187e-01,3.641865650000000211e-03,4.517344021000000201e-04
1.063136099999999917e+00,7.947338978000000331e-01,3.278550154000000119e-03,4.012395018000000017e-04
1.063472299999999926e+00,7.966251659999999957e-01,2.916018943999999953e-03,3.708187930000000020e-04
1.063808499999999935e+00,7.982152500000000428e-01,2.564746423000000171e-03,3.657619346999999997e-04
1.064144800000000002e+00,7.995814300000000374e-01,2.146387054999999815e-03,4.235204356999999883e-04
1.064481000000000011e+00,8.004287379000000202e-01,1.715861237000000086e-03,4.944649411000000272e-04
1.064817200000000019e+00,8.008808326999999894e-01,1.382543485999999976e-03,5.674640056000000102e-04
1.065153400000000028e+00,8.019232745000000051e-01,9.750450491000000122e-04,5.818335318999999809e-04
1.065489600000000037e+00,8.030250243000000010e-01,9.000045602000000334e-04,6.313767649999999865e-04
1.065825900000000104e+00,8.037368215000000315e-01,7.954694176999999511e-04,5.924236231999999765e-04
1.066162099999999890e+00,8.043868687999999878e-01,4.980900093999999535e-04,5.709753118000000316e-04
1.066498299999999899e+00,8.052465260000000180e-01,1.110031548000000017e-04,4.047493875000000071e-04
1.066834499999999908e+00,8.059479712999999546e-01,-4.378249601000000057e-04,2.267299858999999892e-04
1.067170699999999917e+00,8.060860212999999552e-01,-8.772842203999999932e-04,1.015359526000000033e-04
1.067506899999999925e+00,8.063357953999999994e-01,-1.271053831999999998e-03,-2.878672153000000168e-06
1.067843199999999992e+00,8.072458926000000146e-01,-1.370621270000000041e-03,-2.386610514999999949e-04
1.068179400000000001e+00,8.080733192000000287e-01,-1.151436124999999974e-03,-3.869133449999999906e-04
1.068515600000000010e+00,8.093187000999999547e-01,-1.133981517999999933e-03,-6.387150768000000476e-04
1.068851800000000019e+00,8.101608966000000134e-01,-1.100711920000000104e-03,-8.594304782999999783e-04
1.069188000000000027e+00,8.109069631999999972e-01,-1.060856833999999915e-03,-1.096589814000000027e-03
1.069524200000000036e+00,8.109638379000000397e-01,-8.904832073000000471e-04,-1.387160542999999911e-03
1.069860500000000103e+00,8.111570827999999844e-01,-4.886776798999999854e-04,-1.777249664000000009e-03
1.070196699999999890e+00,8.109259510999999865e-01,-1.059849880999999945e-04,-2.070250585999999868e-03
1.070532899999999898e+00,8.105755497000000087e-01,3.689917228999999976e-04,-2.412515040999999895e-03
1.070869099999999907e+00,8.096150242999999858e-01,6.962704419999999955e-04,-2.644516404000000088e-03
1.071205299999999916e+00,8.088364590000000076e-01,9.011557828000000062e-04,-2.807018243999999992e-03
1.071541499999999925e+00,8.078151318999999830e-01,9.945954700999999707e-04,-2.873258487999999847e-03
1.071877799999999992e+00,8.065065772999999716e-01,1.067437051000000086e-03,-2.924065899999999871e-03
1.072214000000000000e+00,8.055824591000000368e-01,7.100680470000000346e-04,-2.891024145000000139e-03
1.072550200000000009e+00,8.049862945000000325e-01,3.514864414999999999e-04,-2.872517578000000071e-03
1.072886400000000018e+00,8.045666944999999570e-01,3.824110247000000020e-04,-2.842739058000000145e-03
1.073222600000000027e+00,8.038655773999999754e-01,4.855590495999999876e-04,-2.837709038000000173e-03
1.073558800000000035e+00,8.039971259999999509e-01,6.898177569000000457e-04,-2.779178006000000180e-03
1.073895100000000102e+00,8.045169924999999722e-01,7.753899628999999950e-04,-2.744784772000000064e-03
1.074231299999999889e+00,8.053800102000000516e-01,9.107372842999999964e-04,-2.565520882999999894e-03
1.074567499999999898e+00,8.059444917000000430e-01,1.177620320999999901e-03,-2.307303930999999881e-03
1.074903699999999906e+00,8.061531869000000405e-01,1.719759369999999997e-03,-2.010661493000000157e-03
1.075239899999999915e+00,8.056489274000000478e-01,2.594071525999999944e-03,-1.717957783999999894e-03
1.075576099999999924e+00,8.053115629999999525e-01,3.292204899999999837e-03,-1.525990137999999954e-03
1.075912399999999991e+00,8.050060742000000324e-01,4.168341518000000419e-03,-1.426824534999999962e-03
1.076248600000000000e+00,8.045194871999999942e-01,5.115328712000000340e-03,-1.382939031000000006e-03
1.076584800000000008e+00,8.036464639999999493e-01,6.524786523000000379e-03,-1.519786656999999944e-03
1.076921000000000017e+00,8.023425211000000390e-01,7.886749267000000424e-03,-1.661333637999999916e-03
1.077257200000000026e+00,8.005963481000000215e-01,9.161366400000000784e-03,-1.828706645000000063e-03
1.077593400000000035e+00,7.991493683000000514e-01,1.018417899999999980e-02,-2.022396336000000048e-03
1.077929700000000102e+00,7.981167931000000548e-01,1.133572709000000081e-02,-2.344950371999999974e-03
1.078265900000000110e+00,7.967431515999999769e-01,1.244260519999999988e-02,-2.634673736999999794e-03
1.078602099999999897e+00,7.954999779000000437e-01,1.346938236000000053e-02,-2.890080371999999981e-03
1.078938299999999906e+00,7.935448641000000247e-01,1.453563754000000013e-02,-3.165820285999999904e-03
1.079274499999999914e+00,7.913203857999999702e-01,1.577019392000000159e-02,-3.519985330000000197e-03
1.079610699999999923e+00,7.893724836000000078e-01,1.689751383999999954e-02,-3.889160144999999867e-03
1.079946999999999990e+00,7.873418142000000453e-01,1.793744556999999837e-02,-4.351530739000000238e-03
1.080283199999999999e+00,7.859532636999999600e-01,1.896986100000000106e-02,-4.956749162000000097e-03
1.080619400000000008e+00,7.857371479000000436e-01,1.987782517999999929e-02,-5.720111158000000182e-03
1.080955600000000016e+00,7.861022215999999840e-01,2.015765022000000004e-02,-6.461682211999999863e-03
1.081291800000000025e+00,7.853902072999999762e-01,2.018737836999999827e-02,-7.142010322999999862e-03
1.081628000000000034e+00,7.851892028000000412e-01,1.944859265999999975e-02,-7.700908351999999693e-03
1.081964300000000101e+00,7.845056508000000095e-01,1.837314380999999913e-02,-8.227891553999999719e-03
1.082300500000000110e+00,7.844801503999999648e-01,1.707251683999999950e-02,-8.706321883000000747e-03
1.082636699999999896e+00,7.851752064000000475e-01,1.559892990999999993e-02,-9.210555436000000470e-03
1.082972899999999905e+00,7.866192829000000497e-01,1.364897089000000063e-02,-9.616777180999999675e-03
1.083309099999999914e+00,7.873327533999999739e-01,1.159986726000000051e-02,-9.927806554999999908e-03
1.083645299999999922e+00,7.872819266999999677e-01,9.171116743000000057e-03,-1.001299699000000008e-02
1.083981599999999990e+00,7.875940184999999927e-01,6.548194801000000072e-03,-9.989371333999999894e-03
1.084317799999999998e+00,7.875783930999999960e-01,4.308924837000000126e-03,-9.758825646999999201e-03
1.084654000000000007e+00,7.886479053999999600e-01,2.305640857999999901e-03,-9.531001019000000241e-03
1.084990200000000016e+00,7.894281484999999821e-01,7.207816057999999904e-04,-9.281480318999999965e-03
1.085326400000000024e+00,7.901017748999999979e-01,-5.272522188000000089e-04,-9.004910515999999324e-03
1.085662600000000033e+00,7.905815188000000493e-01,-1.503131133999999897e-03,-8.657938383000000210e-03
1.085998900000000100e+00,7.909625449999999613e-01,-2.064532609000000168e-03,-8.393732310999999294e-03
1.086335100000000109e+00,7.914800208000000170e-01,-2.040070087999999813e-03,-8.171578875000000061e-03
1.086671299999999896e+00,7.925401181000000239e-01,-1.463505347000000059e-03,-8.016956453999999482e-03
1.087007499999999904e+00,7.929785332000000020e-01,-5.539036744000000500e-04,-7.838622937000000110e-03
1.087343699999999913e+00,7.935952714999999769e-01,8.310248808999999483e-04,-7.718846407000000236e-03
1.087679899999999922e+00,7.942521528000000552e-01,2.540910728000000084e-03,-7.646510022999999934e-03
1.088016199999999989e+00,7.945812774999999606e-01,4.357437282999999766e-03,-7.691647646999999824e-03
1.088352399999999998e+00,7.940328584000000411e-01,6.332505238000000342e-03,-7.726378885999999821e-03
1.088688600000000006e+00,7.932704456000000404e-01,8.245917872000000162e-03,-7.776563515999999898e-03
1.089024800000000015e+00,7.930348789000000176e-01,1.002908794000000048e-02,-7.802504222000000017e-03
1.089361000000000024e+00,7.923626649999999660e-01,1.141436915000000087e-02,-7.709268138000000339e-03
1.089697200000000032e+00,7.915496751999999692e-01,1.249986131000000063e-02,-7.489176454999999649e-03
1.090033500000000100e+00,7.906701099999999816e-01,1.339119608000000072e-02,-7.120411339000000048e-03
1.090369700000000108e+00,7.903366426000000278e-01,1.386898578000000069e-02,-6.612952553000000025e-03
1.090705899999999895e+00,7.901290578999999870e-01,1.395308636000000026e-02,-6.099299487000000089e-03
1.091042099999999904e+00,7.902764244000000105e-01,1.359963741999999955e-02,-5.501197511000000331e-03
1.091378299999999912e+00,7.902547465999999465e-01,1.269079545000000031e-02,-4.914717816999999642e-03
1.091714499999999921e+00,7.902250788000000359e-01,1.141301972000000053e-02,-4.279764983000000113e-03
1.092050799999999988e+00,7.910284805999999724e-01,1.003173658000000058e-02,-3.774560793000000022e-03
1.092386999999999997e+00,7.928670446000000149e-01,8.454046318999999809e-03,-3.272590074999999835e-03
1.092723200000000006e+00,7.947944614999999935e-01,6.634984770000000413e-03,-2.857033263999999954e-03
1.093059400000000014e+00,7.971978553999999884e-01,4.460152832999999921e-03,-2.587774242000000051e-03
1.093395600000000023e+00,7.994416142000000391e-01,2.608007493000000059e-03,-2.341615793999999879e-03
1.093731800000000032e+00,8.012529975000000082e-01,1.036768024000000099e-03,-2.085381953999999958e-03
1.094068100000000099e+00,8.025494075000000338e-01,-5.672941890999999614e-04,-1.882198549000000049e-03
1.094404300000000108e+00,8.032326721000000447e-01,-1.964798566000000146e-03,-1.672065935000000090e-03
1.094740499999999894e+00,8.033573985999999945e-01,-3.171219074999999995e-03,-1.441408543999999920e-03
1.095076699999999903e+00,8.038850288000000122e-01,-4.415003035000000103e-03,-1.236902283999999960e-03
1.095412899999999912e+00,8.040423226999999784e-01,-5.401282034000000169e-03,-1.009239385000000079e-03
1.095749099999999920e+00,8.037087590000000503e-01,-6.274646469999999900e-03,-7.117143712000000011e-04
1.096085399999999987e+00,8.027672514000000481e-01,-6.884316100000000167e-03,-3.787684842999999814e-04
1.096421599999999996e+00,8.014709633000000055e-01,-7.177328717000000351e-03,-4.294385094000000095e-05
1.096757800000000005e+00,8.001008157000000232e-01,-7.082431945999999832e-03,2.064001121999999987e-04
1.097094000000000014e+00,7.983597658000000097e-01,-6.806419509000000319e-03,5.352153330999999663e-04
1.097426199999999907e+00,7.963355845999999794e-01,-6.757659606000000242e-03,8.810075542999999459e-04
1.097758400000000023e+00,7.940530685000000144e-01,-6.329643107999999817e-03,1.172497584000000044e-03
1.098086600000000024e+00,7.917249497999999663e-01,-6.137655359000000407e-03,1.460405429999999923e-03
1.098414900000000083e+00,7.887384908000000250e-01,-6.025045088000000222e-03,1.684360949000000092e-03
1.098743100000000084e+00,7.852381695000000272e-01,-5.705081063000000050e-03,1.889878476000000050e-03
1.099071300000000084e+00,7.823893157000000320e-01,-5.458772845000000283e-03,2.057471960000000020e-03
1.099399500000000085e+00,7.801095327999999496e-01,-5.448924612999999674e-03,2.135374594000000008e-03
1.099731999999999932e+00,7.780118970999999606e-01,-5.110045748000000172e-03,2.176454659999999940e-03
1.100064399999999942e+00,7.762438335000000356e-01,-4.356808271999999989e-03,2.018315260999999951e-03
1.100401399999999974e+00,7.742264234000000300e-01,-3.425419862999999881e-03,1.873672674999999959e-03
1.100738400000000006e+00,7.724513326999999929e-01,-2.396871416000000143e-03,1.649916982999999945e-03
1.101075299999999979e+00,7.717676059000000421e-01,-1.550809645000000023e-03,1.395344320999999986e-03
1.101412300000000011e+00,7.712175285000000269e-01,-8.202000985000000273e-04,1.170793584000000102e-03
1.101749300000000042e+00,7.713615466000000032e-01,-1.651691284000000003e-04,9.613130476999999724e-04
1.102086200000000016e+00,7.713751515000000225e-01,6.135214708999999931e-04,7.801585263999999582e-04
1.102423200000000048e+00,7.717358895000000496e-01,1.123660449000000007e-03,6.289821592000000147e-04
1.102760200000000079e+00,7.726202996000000045e-01,1.314780450999999918e-03,3.780878586000000039e-04
1.103097100000000053e+00,7.744361613000000366e-01,1.160793810000000040e-03,1.020554360000000039e-04
1.103434100000000084e+00,7.759041252999999694e-01,8.849658899999999486e-04,-2.307515439000000035e-04
1.103771099999999894e+00,7.776971861999999458e-01,-9.190748490999999768e-05,-4.963970331000000470e-04
1.104108000000000089e+00,7.799451237000000203e-01,-1.268592682999999900e-03,-7.946926541999999993e-04
1.104444999999999899e+00,7.823062561000000414e-01,-2.561191363999999835e-03,-1.056538020000000015e-03
1.104781999999999931e+00,7.850463565999999949e-01,-4.004304890999999672e-03,-1.329525602000000001e-03
1.105118899999999904e+00,7.880454325000000315e-01,-5.756162026999999889e-03,-1.598077809000000068e-03
1.105455899999999936e+00,7.898384623999999965e-01,-7.577118685999999735e-03,-1.813703641000000101e-03
1.105792899999999968e+00,7.914220983999999959e-01,-9.664159940000000004e-03,-1.964895256000000201e-03
1.106129799999999941e+00,7.927578284999999836e-01,-1.163443347999999940e-02,-2.106334010000000031e-03
1.106466799999999973e+00,7.938174241000000020e-01,-1.352370588999999949e-02,-2.207659684000000139e-03
1.106803800000000004e+00,7.939885236000000512e-01,-1.540524805999999962e-02,-2.269036478000000141e-03
1.107140800000000036e+00,7.935730305999999512e-01,-1.725305090000000055e-02,-2.316457722000000215e-03
1.107477700000000009e+00,7.928299260000000181e-01,-1.877102911000000027e-02,-2.363392065999999920e-03
1.107814700000000041e+00,7.917632001000000086e-01,-2.004445809000000162e-02,-2.336783700000000068e-03
1.108151700000000073e+00,7.902405202000000184e-01,-2.116411382000000022e-02,-2.203899178000000205e-03
1.108488600000000046e+00,7.882932992000000194e-01,-2.212851694999999966e-02,-2.016455743999999960e-03
1.108825600000000078e+00,7.861285521999999970e-01,-2.298156956000000153e-02,-1.798287011999999928e-03
1.109162600000000110e+00,7.830899457000000119e-01,-2.335536926000000152e-02,-1.483983960999999980e-03
1.109499500000000083e+00,7.800294970000000161e-01,-2.369143447000000152e-02,-1.162942557000000085e-03
1.109836499999999893e+00,7.768037843999999748e-01,-2.373607579999999911e-02,-8.130952640000000363e-04
1.110173499999999924e+00,7.733871017000000236e-01,-2.355344439000000081e-02,-3.990632438000000018e-04
1.110510399999999898e+00,7.703869871999999841e-01,-2.369819906000000115e-02,2.136955780000000143e-05
1.110847399999999929e+00,7.674688731000000042e-01,-2.393390865999999936e-02,4.796585495000000210e-04
1.111184399999999961e+00,7.649272369999999821e-01,-2.391068871999999998e-02,9.460191859000000210e-04
1.111521299999999934e+00,7.627098924999999863e-01,-2.380182906000000154e-02,1.383885054000000064e-03
1.111858299999999966e+00,7.618422017999999518e-01,-2.367567983000000084e-02,1.725705635999999965e-03
1.112195299999999998e+00,7.607106676999999539e-01,-2.337123328000000055e-02,1.988504147000000159e-03
1.112532199999999971e+00,7.599745934999999619e-01,-2.301691151999999893e-02,2.200061597999999896e-03
1.112869200000000003e+00,7.590015807000000114e-01,-2.303618114000000050e-02,2.382868872000000211e-03
1.113206200000000035e+00,7.590002815999999930e-01,-2.319774901000000097e-02,2.421873989000000119e-03
1.113543100000000008e+00,7.589531136999999594e-01,-2.313936423000000076e-02,2.352388429999999978e-03
1.113880100000000040e+00,7.594346250000000298e-01,-2.275046879999999966e-02,2.271598516000000213e-03
1.114217100000000071e+00,7.596505395999999521e-01,-2.218572883000000107e-02,2.196101840999999891e-03
1.114554000000000045e+00,7.608233173999999766e-01,-2.155716578999999911e-02,2.117699383000000001e-03
1.114891000000000076e+00,7.629909645000000351e-01,-2.094866458000000167e-02,1.911152188000000062e-03
1.115228000000000108e+00,7.661390383999999720e-01,-2.006872758000000090e-02,1.618089597000000072e-03
1.115564900000000081e+00,7.692658761999999761e-01,-1.916788524999999896e-02,1.284360812000000024e-03
1.115901899999999891e+00,7.733550518999999790e-01,-1.824289555999999979e-02,9.109616242999999964e-04
1.116238899999999923e+00,7.777157188000000110e-01,-1.716376850999999995e-02,4.688518191000000130e-04
1.116575799999999896e+00,7.818253589000000447e-01,-1.566735378000000053e-02,8.413838513999999716e-05
1.116912799999999928e+00,7.857095093000000530e-01,-1.399912489000000072e-02,-3.387295364000000083e-04
1.117249799999999960e+00,7.895208280000000078e-01,-1.221921200000000013e-02,-7.042980227999999640e-04
1.117586699999999933e+00,7.921838501000000310e-01,-9.972851534000000059e-03,-1.096768260999999960e-03
1.117923699999999965e+00,7.939205373000000066e-01,-7.628452495000000166e-03,-1.492090825999999905e-03
1.118260699999999996e+00,7.951668539999999785e-01,-5.052705174999999951e-03,-1.932061551000000075e-03
1.118597599999999970e+00,7.964937098000000049e-01,-2.578686887000000098e-03,-2.404118800000000066e-03
1.118934600000000001e+00,7.974035159000000261e-01,1.742689959999999970e-04,-2.821624874999999980e-03
1.119271600000000033e+00,7.986411427999999812e-01,3.046734530000000211e-03,-3.229718003999999896e-03
1.119608500000000006e+00,8.000291430000000537e-01,6.052798239999999767e-03,-3.661298510000000027e-03
1.119945500000000038e+00,8.016890317000000543e-01,9.056728152999999823e-03,-4.041211607000000025e-03
1.120282500000000070e+00,8.033053945000000473e-01,1.218992724999999958e-02,-4.460890625000000012e-03
1.120619400000000043e+00,8.050647419999999999e-01,1.534688979000000016e-02,-4.877766549999999930e-03
1.120956400000000075e+00,8.058638004000000521e-01,1.810376467000000128e-02,-5.207624458000000012e-03
1.121293400000000107e+00,8.070209422999999882e-01,1.985634015999999946e-02,-5.517115189000000065e-03
1.121630300000000080e+00,8.073099636999999662e-01,2.120494624999999869e-02,-5.703554036999999854e-03
1.121967299999999890e+00,8.076361109999999899e-01,2.209102241999999841e-02,-5.790392521999999757e-03
1.122304299999999921e+00,8.072780556999999968e-01,2.269341956000000063e-02,-5.797732633999999954e-03
1.122641199999999895e+00,8.069609560999999598e-01,2.284903556999999877e-02,-5.762122262000000418e-03
1.122978199999999926e+00,8.065298189999999812e-01,2.275515034999999950e-02,-5.682708528999999911e-03
1.123315199999999958e+00,8.067977069999999751e-01,2.241881104000000013e-02,-5.538349849000000213e-03
1.123652099999999932e+00,8.070850023000000206e-01,2.200739210999999931e-02,-5.481514639000000313e-03
1.123989099999999963e+00,8.072490636000000386e-01,2.113907479000000020e-02,-5.395228866999999748e-03
1.124326099999999995e+00,8.072533249000000133e-01,1.961947378000000047e-02,-5.347373396999999598e-03
1.124662999999999968e+00,8.074352562000000066e-01,1.783938138999999895e-02,-5.290314376000000186e-03
1.125000000000000000e+00,8.076514370999999803e-01,1.639740350000000110e-02,-5.290330484000000007e-03
1.125336899999999973e+00,8.078615775999999915e-01,1.505422351000000082e-02,-5.310244248000000299e-03
1.125673900000000005e+00,8.075162420999999480e-01,1.363049260000000033e-02,-5.330664225999999679e-03
1.126010799999999978e+00,8.071035211000000542e-01,1.208520434000000081e-02,-5.383517267000000224e-03
1.126347699999999952e+00,8.063257391000000496e-01,1.040295245999999993e-02,-5.445729475999999680e-03
1.126684599999999925e+00,8.053577136999999775e-01,9.114300025000000860e-03,-5.469472220000000384e-03
1.127021599999999957e+00,8.047692187999999636e-01,8.057467179999999729e-03,-5.514980008000000024e-03
1.127358499999999930e+00,8.036004208000000482e-01,7.363714785000000269e-03,-5.470191115000000090e-03
1.127695399999999903e+00,8.029772538999999654e-01,6.997911657000000299e-03,-5.432577073999999770e-03
1.128032300000000099e+00,8.018891834000000385e-01,6.747295119999999896e-03,-5.321409945000000162e-03
1.128369299999999908e+00,8.002978262000000065e-01,6.803768550000000373e-03,-5.218393546999999973e-03
1.128706200000000104e+00,7.986119052000000273e-01,7.184045925999999783e-03,-5.065122763000000014e-03
1.129043100000000077e+00,7.971532119999999999e-01,7.917829686999999783e-03,-4.903976661999999952e-03
1.129380100000000109e+00,7.958946820000000200e-01,9.018609199999999548e-03,-4.736705863000000363e-03
1.129717000000000082e+00,7.950728492999999952e-01,1.035197803000000027e-02,-4.617853895000000215e-03
1.130053900000000056e+00,7.943494023999999598e-01,1.166130469000000065e-02,-4.393373188000000013e-03
1.130390800000000029e+00,7.932251456000000145e-01,1.317808407999999931e-02,-4.074537532999999642e-03
1.130727800000000061e+00,7.923580792000000095e-01,1.471360220999999927e-02,-3.757897791999999931e-03
1.131064700000000034e+00,7.908635401000000398e-01,1.595934000999999977e-02,-3.452553358000000003e-03
1.131401600000000007e+00,7.893207777999999841e-01,1.702923631000000104e-02,-3.134002328999999868e-03
1.131738499999999981e+00,7.878296406000000474e-01,1.742189306999999965e-02,-2.757441324999999801e-03
1.132075500000000012e+00,7.871963664000000138e-01,1.744036540000000121e-02,-2.377363490000000169e-03
1.132412399999999986e+00,7.864278954000000210e-01,1.735487447000000003e-02,-2.002627228999999832e-03
1.132749299999999959e+00,7.855013903999999991e-01,1.698527135000000091e-02,-1.583498387999999991e-03
1.133086299999999991e+00,7.850379638000000160e-01,1.612239956000000030e-02,-1.219970412999999993e-03
1.133423199999999964e+00,7.864619260999999861e-01,1.514320729000000025e-02,-1.011760697000000037e-03
1.133760099999999937e+00,7.876800333000000265e-01,1.386514280999999980e-02,-8.664889891000000397e-04
1.134096999999999911e+00,7.896730681000000418e-01,1.222353588999999970e-02,-7.580001127000000416e-04
1.134433999999999942e+00,7.917938841999999644e-01,1.055350214000000050e-02,-6.939269656999999840e-04
1.134770899999999916e+00,7.943002729999999456e-01,8.613557690999999392e-03,-6.649036220000000084e-04
1.135108100000000064e+00,7.966824958999999540e-01,6.597502106000000324e-03,-6.924387608000000119e-04
1.135445400000000049e+00,7.996123373000000312e-01,4.356422306000000064e-03,-7.146702720000000378e-04
1.135782599999999976e+00,8.015022294000000436e-01,2.333585215000000008e-03,-6.869525996999999509e-04
1.136119799999999902e+00,8.032644345999999658e-01,4.465420408000000106e-04,-6.382223001999999795e-04
1.136457100000000109e+00,8.046491109000000197e-01,-1.189479382000000005e-03,-5.498458816999999893e-04
1.136794300000000035e+00,8.066492254999999556e-01,-2.484515857000000119e-03,-5.683632544999999651e-04
1.137131600000000020e+00,8.074395774999999498e-01,-3.460560579999999962e-03,-5.674718394999999542e-04
1.137468799999999947e+00,8.081490447000000410e-01,-4.277229985999999977e-03,-5.494388905999999639e-04
1.137806000000000095e+00,8.079064553000000481e-01,-4.864828136000000185e-03,-5.092861564999999870e-04
1.138143300000000080e+00,8.079106614000000075e-01,-4.953003735999999754e-03,-5.014395684000000353e-04
1.138480500000000006e+00,8.078491374999999808e-01,-4.795414793000000314e-03,-5.515198685999999663e-04
1.138817699999999933e+00,8.075533642000000123e-01,-4.256880929999999966e-03,-5.511056041000000341e-04
1.139154999999999918e+00,8.064831464999999699e-01,-3.357645062000000000e-03,-4.939642972999999963e-04
1.139492200000000066e+00,8.040434972000000124e-01,-2.432527567000000203e-03,-3.738234664000000167e-04
1.139829500000000051e+00,8.012333389000000361e-01,-5.965135164000000311e-04,-2.072342283999999916e-04
1.140166699999999977e+00,7.989249118000000260e-01,1.531672966000000025e-03,-5.560647351000000098e-06
1.140503899999999904e+00,7.958376150000000537e-01,3.488514667999999784e-03,2.702566729000000119e-04
1.140841200000000111e+00,7.925608775000000383e-01,5.130865033999999943e-03,6.275903238999999472e-04
1.141178400000000037e+00,7.896466373999999622e-01,6.592751011999999945e-03,9.783040763000001080e-04
1.141515700000000022e+00,7.870650729999999484e-01,7.957640551999999728e-03,1.403363551000000103e-03
1.141852899999999948e+00,7.845172165999999558e-01,9.064099795000000667e-03,1.838786236999999943e-03
1.142190100000000097e+00,7.829939644000000198e-01,9.540721796999999255e-03,2.227191982999999868e-03
1.142527400000000082e+00,7.814147290999999829e-01,9.507449315999999886e-03,2.613304170000000076e-03
1.142864600000000008e+00,7.798204054999999801e-01,9.067472832000000177e-03,3.032624949999999930e-03
1.143201799999999935e+00,7.788092493999999588e-01,8.175457230999999200e-03,3.415563351999999827e-03
1.143539099999999920e+00,7.782634102000000054e-01,6.928819646000000144e-03,3.792489306000000095e-03
1.143876300000000068e+00,7.775346119999999583e-01,5.206260843000000416e-03,4.159729071999999743e-03
1.144213600000000053e+00,7.780575178999999952e-01,3.263188050999999996e-03,4.458908071000000292e-03
1.144550799999999979e+00,7.789888749000000168e-01,1.324236818000000104e-03,4.668206563999999746e-03
1.144887999999999906e+00,7.800810562000000115e-01,-8.116927660999999870e-04,4.837142586999999827e-03
1.145225299999999891e+00,7.812683320000000098e-01,-3.275457777000000213e-03,4.912245017999999908e-03
1.145562500000000039e+00,7.831936897000000286e-01,-5.844847059999999997e-03,4.907637186000000408e-03
1.145899800000000024e+00,7.860619823000000173e-01,-8.484403999999999210e-03,4.760819823000000083e-03
1.146236999999999950e+00,7.888214446000000324e-01,-1.069297204000000008e-02,4.573934093999999610e-03
1.146574200000000099e+00,7.913536013999999952e-01,-1.258636802000000048e-02,4.409016378999999763e-03
1.146911500000000084e+00,7.936936485000000152e-01,-1.435737829999999930e-02,4.262540839000000109e-03
1.147248700000000010e+00,7.957505615000000088e-01,-1.613814105999999970e-02,4.143507125999999763e-03
1.147586299999999948e+00,7.977888511999999821e-01,-1.758294507000000145e-02,4.044077263999999901e-03
1.147923800000000050e+00,7.995953893999999673e-01,-1.879565843000000069e-02,3.924388168999999767e-03
1.148261399999999988e+00,8.014287178000000234e-01,-1.992096205000000106e-02,3.752250608000000116e-03
1.148598999999999926e+00,8.029493605999999950e-01,-2.061364921999999864e-02,3.553374850999999838e-03
1.148936500000000027e+00,8.049286766000000037e-01,-2.098967544999999837e-02,3.388391678000000039e-03
1.149274099999999965e+00,8.059944621000000309e-01,-2.143870879000000021e-02,3.328549111000000081e-03
1.149611600000000067e+00,8.066770018000000153e-01,-2.151212167999999939e-02,3.299530772000000122e-03
1.149949200000000005e+00,8.071732865999999840e-01,-2.120581027000000007e-02,3.291006565999999873e-03
1.150286799999999943e+00,8.070435170999999963e-01,-2.063471315000000098e-02,3.295495597000000065e-03
1.150624300000000044e+00,8.057982661000000491e-01,-2.004408620999999918e-02,3.336795154999999853e-03
1.150961899999999982e+00,8.040216206000000421e-01,-1.925610972000000101e-02,3.438768159999999827e-03
1.151299400000000084e+00,8.020826429999999840e-01,-1.859411486000000016e-02,3.619301175999999846e-03
1.151637000000000022e+00,7.996398018000000496e-01,-1.760636091000000042e-02,3.768868104999999885e-03
1.151974599999999960e+00,7.967850321999999652e-01,-1.683024157999999867e-02,4.028235344000000162e-03
1.152312100000000061e+00,7.938628314000000241e-01,-1.571817866999999924e-02,4.280185001999999711e-03
1.152649699999999999e+00,7.908067627999999516e-01,-1.469675848000000055e-02,4.572313849999999798e-03
1.152987200000000101e+00,7.883935867000000375e-01,-1.356969727000000014e-02,4.864438068000000170e-03
1.153324800000000039e+00,7.864238078999999937e-01,-1.251040349000000045e-02,5.126931801000000205e-03
1.153662399999999977e+00,7.848485897000000433e-01,-1.164314607000000064e-02,5.381782362999999736e-03
1.153999900000000078e+00,7.836854960000000370e-01,-1.061127767000000048e-02,5.561926317000000057e-03
1.154337500000000016e+00,7.835691283000000285e-01,-9.625052780999999308e-03,5.611131505999999818e-03
1.154675099999999954e+00,7.829397550000000150e-01,-8.895759659000000014e-03,5.577458096000000032e-03
1.155012600000000056e+00,7.823543045999999945e-01,-8.253133189999999411e-03,5.556663570000000205e-03
1.155350199999999994e+00,7.817524568000000507e-01,-7.708852476000000245e-03,5.459647990999999707e-03
1.155687700000000095e+00,7.816628377000000016e-01,-7.314126269000000014e-03,5.399711897999999628e-03
1.156025300000000033e+00,7.816299772000000479e-01,-7.228309700000000275e-03,5.286565683000000321e-03
1.156362899999999971e+00,7.822855197000000427e-01,-7.363472824999999986e-03,5.147949334000000154e-03
1.156700400000000073e+00,7.823117722000000329e-01,-7.374057166999999600e-03,4.920376253000000033e-03
1.157038000000000011e+00,7.824647773999999778e-01,-7.289850090999999699e-03,4.650423792999999750e-03
1.157375499999999890e+00,7.827183022000000490e-01,-7.095660828999999885e-03,4.323957298999999907e-03
1.157713100000000050e+00,7.837308048000000138e-01,-6.884216093000000355e-03,4.010262094000000173e-03
1.158050699999999988e+00,7.859956364000000306e-01,-6.166350483000000368e-03,3.495050559999999910e-03
1.158388200000000090e+00,7.883671559999999578e-01,-4.928100807000000173e-03,2.928063656999999823e-03
1.158725800000000028e+00,7.906973610999999957e-01,-3.514304851999999844e-03,2.410181385000000152e-03
1.159063299999999908e+00,7.929525025000000449e-01,-1.813306953000000084e-03,1.979521281999999886e-03
1.159400900000000068e+00,7.950808312999999572e-01,-1.837181816999999948e-04,1.580207027000000031e-03
1.159738500000000005e+00,7.962836712999999955e-01,1.386847587999999899e-03,1.191030695000000082e-03
1.160076000000000107e+00,7.970413267999999496e-01,2.989434088000000097e-03,8.124709124999999641e-04
1.160413600000000045e+00,7.973640531000000253e-01,4.574143969999999726e-03,4.764809077999999855e-04
1.160751099999999925e+00,7.982917629000000348e-01,5.785632899999999627e-03,1.313894420000000078e-05
1.161088700000000085e+00,7.999567250000000351e-01,6.768075152999999955e-03,-4.521312407000000096e-04
1.161426300000000023e+00,8.005117286999999804e-01,7.349833483999999861e-03,-8.973910563000000225e-04
1.161763799999999902e+00,8.008567426999999572e-01,7.460091490000000068e-03,-1.347830281999999906e-03
1.162101400000000062e+00,8.004770571999999529e-01,7.613597042999999988e-03,-1.857057623999999957e-03
1.162439000000000000e+00,7.995514428000000118e-01,7.450197427000000011e-03,-2.331440608999999897e-03
1.162776500000000102e+00,7.985515621000000008e-01,7.170806818000000256e-03,-2.760922415999999928e-03
1.163114100000000040e+00,7.972966604000000235e-01,6.550008706000000173e-03,-3.118356849000000156e-03
1.163451599999999919e+00,7.960553068000000287e-01,5.652095153000000032e-03,-3.407619299999999855e-03
1.163789200000000079e+00,7.948318720999999476e-01,4.629583264999999857e-03,-3.593858433000000126e-03
1.164126800000000017e+00,7.936485151000000071e-01,3.774558045000000160e-03,-3.818038703999999950e-03
1.164464299999999897e+00,7.916450096999999575e-01,3.215892815999999918e-03,-3.964241383000000063e-03
1.164801900000000057e+00,7.905891902999999665e-01,2.800019108999999944e-03,-4.129531476000000353e-03
1.165139399999999936e+00,7.897620517000000229e-01,2.163381018000000173e-03,-4.247887742999999737e-03
1.165477000000000096e+00,7.891619314000000163e-01,1.709931564999999948e-03,-4.424040157000000417e-03
1.165814600000000034e+00,7.889657847000000057e-01,1.557518712999999893e-03,-4.655544466000000048e-03
1.166152099999999914e+00,7.886206130999999786e-01,1.493785291999999995e-03,-4.830783760000000385e-03
1.166489700000000074e+00,7.885433634999999830e-01,1.337082838999999971e-03,-5.007768224000000087e-03
1.166827199999999953e+00,7.882757124000000504e-01,1.471581027999999906e-03,-5.227808104999999601e-03
1.167164799999999891e+00,7.886541350000000339e-01,1.592565650000000001e-03,-5.459516608000000368e-03
1.167502400000000051e+00,7.887439268999999475e-01,1.677402922999999928e-03,-5.631369661000000179e-03
1.167839899999999931e+00,7.888636749999999864e-01,1.447416400999999896e-03,-5.788979867999999654e-03
1.168177500000000091e+00,7.891550783999999874e-01,8.404739804999999866e-04,-5.859348145999999750e-03
1.168515100000000029e+00,7.898303836000000189e-01,1.238410758000000071e-04,-5.950379581999999841e-03
1.168852599999999908e+00,7.895658126000000276e-01,-6.179548371999999583e-04,-5.927269972999999782e-03
1.169190200000000068e+00,7.891121125000000180e-01,-1.056946485000000028e-03,-5.796989276000000420e-03
1.169527699999999948e+00,7.881840369999999485e-01,-1.645447660999999930e-03,-5.555578882999999760e-03
1.169865300000000108e+00,7.880880569999999530e-01,-2.037950795000000037e-03,-5.337315613999999743e-03
1.170202900000000046e+00,7.872758825000000238e-01,-2.555739939000000165e-03,-5.113254862999999824e-03
1.170540399999999925e+00,7.879786612000000412e-01,-2.919787197000000157e-03,-5.002163722999999722e-03
1.170878000000000085e+00,7.881527442000000327e-01,-3.275917689999999997e-03,-4.815833569999999723e-03
1.171215499999999965e+00,7.893850113999999474e-01,-3.606962433000000020e-03,-4.706501456000000000e-03
1.171553099999999903e+00,7.906765366000000350e-01,-4.224212463000000077e-03,-4.489253644999999932e-03
1.171890700000000063e+00,7.929080612000000139e-01,-4.508680366000000425e-03,-4.358371080999999883e-03
1.172228199999999942e+00,7.937102891999999743e-01,-4.860491942000000343e-03,-4.134779564000000233e-03
1.172565800000000102e+00,7.945925802000000093e-01,-5.226489473999999802e-03,-3.952977578000000172e-03
1.172903299999999982e+00,7.944104668999999452e-01,-5.790970076000000015e-03,-3.821937931999999823e-03
1.173240899999999920e+00,7.945904787999999996e-01,-6.537414249000000378e-03,-3.717160491999999938e-03
1.173578500000000080e+00,7.949601982999999761e-01,-6.961687036999999675e-03,-3.752901253000000183e-03
1.173915999999999960e+00,7.951917842000000292e-01,-7.453222528999999853e-03,-3.713243292999999882e-03
1.174253599999999897e+00,7.954262203999999947e-01,-7.511322297000000078e-03,-3.808293819000000118e-03
1.174591200000000057e+00,7.963618177000000298e-01,-7.766681313999999718e-03,-3.938293007000000234e-03
1.174928699999999937e+00,7.973671396999999494e-01,-8.033505204999999427e-03,-4.103557802999999692e-03
1.175266300000000097e+00,7.990487960000000056e-01,-8.557508716000000737e-03,-4.194925000000000390e-03
1.175603799999999977e+00,8.015738955000000221e-01,-9.122794883999999979e-03,-4.190724231999999778e-03
1.175941399999999915e+00,8.035345833999999465e-01,-9.903789168000000712e-03,-3.973719032999999991e-03
1.176279000000000075e+00,8.041168601000000526e-01,-1.067668809999999975e-02,-3.583481144000000198e-03
1.176616499999999954e+00,8.046349345000000097e-01,-1.101754391000000013e-02,-3.205463524000000050e-03
1.176954099999999892e+00,8.048296487999999638e-01,-1.072944313000000031e-02,-2.771326122000000117e-03
1.177287100000000031e+00,8.044971533000000452e-01,-9.912350888000000249e-03,-2.241020633999999886e-03
1.177609799999999929e+00,8.038349181999999704e-01,-8.909804068000000063e-03,-1.752091251999999969e-03
1.177923700000000018e+00,8.031787246999999574e-01,-8.049400808000000199e-03,-1.266834066000000055e-03
1.178229900000000052e+00,8.026312044000000201e-01,-7.187022333999999908e-03,-8.820813394000000208e-04
1.178529500000000008e+00,8.028362178000000293e-01,-6.343131473999999957e-03,-5.582818764999999571e-04
1.178823600000000082e+00,8.027278133999999898e-01,-5.166507675000000209e-03,-2.510647131000000093e-04
1.179113199999999972e+00,8.028625820000000468e-01,-4.042013546000000103e-03,3.442079568999999856e-05
1.179399700000000051e+00,8.024114746999999603e-01,-2.908026300999999852e-03,2.022255584000000089e-04
1.179683999999999955e+00,8.017555723999999495e-01,-1.699634142000000080e-03,3.200978701000000066e-04
1.179966700000000035e+00,8.009881483999999885e-01,-5.538060627000000345e-04,4.242058104999999954e-04
1.180248900000000045e+00,7.998059990000000452e-01,6.685128174000000206e-04,4.276022884000000245e-04
1.180531100000000055e+00,7.987287755999999961e-01,1.767748936999999918e-03,3.993579268000000044e-04
1.180813799999999913e+00,7.978940625999999536e-01,2.861421391000000015e-03,3.822239684999999818e-04
1.181097300000000017e+00,7.959523638000000068e-01,3.895951769999999887e-03,4.917102043999999842e-04
1.181382300000000107e+00,7.937107507999999756e-01,5.015437699999999999e-03,5.270170851000000305e-04
1.181669099999999917e+00,7.926592329999999631e-01,6.356408525000000094e-03,3.905019633000000098e-04
1.181958199999999959e+00,7.911484106999999710e-01,7.511581695999999635e-03,2.214711327999999949e-04
1.182249399999999895e+00,7.896529273000000293e-01,8.537421392000000067e-03,2.477692227999999855e-05
1.182542800000000005e+00,7.888413069999999916e-01,9.330157815000000160e-03,-2.148135183999999879e-04
1.182838099999999892e+00,7.886623993000000388e-01,9.809076122000000286e-03,-5.156403664999999886e-04
1.183135400000000059e+00,7.881951694000000064e-01,1.046490308000000077e-02,-7.277613860000000301e-04
1.183434000000000097e+00,7.881101226000000182e-01,1.079498717000000087e-02,-8.825717574999999721e-04
1.183734099999999900e+00,7.871823577000000016e-01,1.068107853999999968e-02,-9.427028419000000334e-04
1.184035600000000077e+00,7.861552010000000257e-01,9.890779891000000060e-03,-9.843619951000000170e-04
1.184338499999999961e+00,7.854449003000000262e-01,8.556803103999999563e-03,-1.006803229000000077e-03
1.184643200000000007e+00,7.841749632000000192e-01,6.870575898000000174e-03,-1.026571335999999952e-03
1.184949699999999995e+00,7.827078647999999861e-01,5.285032795999999693e-03,-1.025750926999999951e-03
1.185258300000000098e+00,7.812075912000000510e-01,3.452993828999999845e-03,-1.014486707999999980e-03
1.185568699999999920e+00,7.808091709000000158e-01,1.019198817000000010e-03,-1.048355680000000048e-03
1.185880899999999905e+00,7.805641556000000314e-01,-1.606514593000000091e-03,-1.039593060000000091e-03
1.186195000000000110e+00,7.800077376999999812e-01,-4.383293703999999701e-03,-9.270847385999999571e-04
1.186511400000000105e+00,7.786811472000000345e-01,-7.426259303999999811e-03,-7.164176805999999779e-04
1.186829600000000040e+00,7.771256390999999875e-01,-1.061428529000000079e-02,-4.345059841999999962e-04
1.187150200000000044e+00,7.765416717999999996e-01,-1.372895573999999980e-02,-2.547714595999999755e-04
1.187473000000000001e+00,7.761997549000000385e-01,-1.679290967000000162e-02,-4.772424626000000092e-05
1.187797900000000073e+00,7.753402880999999969e-01,-1.948170537000000133e-02,1.563229077999999923e-04
1.188124799999999981e+00,7.743926682999999755e-01,-2.210746271000000110e-02,4.846639484999999822e-04
1.188453800000000005e+00,7.741711235999999552e-01,-2.510870118000000165e-02,8.891829737000000490e-04
1.188784899999999922e+00,7.738722218000000375e-01,-2.752973770000000098e-02,1.280126785000000036e-03
1.189118099999999956e+00,7.734947318999999544e-01,-2.948789820999999853e-02,1.652654701999999943e-03
1.189453400000000105e+00,7.737844511000000480e-01,-3.074231041000000109e-02,1.970425802999999868e-03
1.189790600000000031e+00,7.748996570999999722e-01,-3.122377863000000073e-02,2.178421104999999844e-03
1.190127799999999958e+00,7.759377491000000182e-01,-3.124043905999999982e-02,2.436705047000000193e-03
1.190465000000000106e+00,7.774107285000000367e-01,-3.067479840000000152e-02,2.632247971999999905e-03
1.190802200000000033e+00,7.798038681000000194e-01,-2.925838529000000104e-02,2.745716128999999960e-03
1.191139399999999959e+00,7.821388315999999730e-01,-2.733931698000000021e-02,2.721301926999999954e-03
1.191476500000000049e+00,7.842803695000000186e-01,-2.486036604999999899e-02,2.625784589000000179e-03
1.191814099999999987e+00,7.856490683000000308e-01,-2.177778982000000071e-02,2.505306244000000005e-03
1.192151699999999925e+00,7.864277600000000312e-01,-1.864047456999999922e-02,2.375018993999999939e-03
1.192489200000000027e+00,7.867483158000000421e-01,-1.523404641000000032e-02,2.107260616999999826e-03
1.192826799999999965e+00,7.869972004999999937e-01,-1.170745800000000045e-02,1.869274495999999949e-03
1.193164300000000067e+00,7.876311018999999636e-01,-8.219852652000000579e-03,1.506824115999999894e-03
1.193501900000000004e+00,7.886040229999999873e-01,-4.859158199000000213e-03,1.121151927999999897e-03
1.193839400000000106e+00,7.889483873000000536e-01,-1.826471532999999906e-03,7.137861150999999515e-04
1.194177000000000044e+00,7.884661881000000205e-01,8.022531912999999884e-04,3.684599891000000008e-04
1.194514499999999924e+00,7.874959138999999553e-01,3.064619572000000080e-03,-5.823220610999999908e-06
1.194852100000000084e+00,7.872469232000000039e-01,5.068981588000000434e-03,-3.428299747000000263e-04
1.195189599999999963e+00,7.871732688000000477e-01,6.704425453000000326e-03,-6.483252698999999704e-04
1.195527199999999901e+00,7.874687811999999676e-01,7.523952698999999793e-03,-9.664943403999999962e-04
1.195864700000000003e+00,7.873759520999999983e-01,8.028547530999999640e-03,-1.313160682999999938e-03
1.196202299999999941e+00,7.872664945999999775e-01,8.368036646999999287e-03,-1.626379555000000013e-03
1.196539800000000042e+00,7.869998405000000474e-01,8.486939884999999267e-03,-1.941169672000000101e-03
1.196877399999999980e+00,7.871028143999999616e-01,8.022203850999999955e-03,-2.188561528999999947e-03
1.197214900000000082e+00,7.874531039000000066e-01,7.013012915000000139e-03,-2.367934175000000092e-03
1.197552500000000020e+00,7.877101541000000040e-01,5.866317920999999588e-03,-2.488650932999999978e-03
1.197890099999999958e+00,7.882859845999999893e-01,4.288945217000000171e-03,-2.566132232999999985e-03
1.198227600000000059e+00,7.892547680000000510e-01,2.415448130000000075e-03,-2.583968985999999819e-03
1.198565199999999997e+00,7.906012213999999982e-01,5.090857341999999999e-04,-2.591504428000000141e-03
1.198902700000000099e+00,7.923544457000000207e-01,-1.250732552000000022e-03,-2.625145915999999979e-03
1.199240300000000037e+00,7.938458449999999944e-01,-2.845716330999999849e-03,-2.578212084999999959e-03
1.199577799999999916e+00,7.958070015000000552e-01,-3.989322295999999692e-03,-2.517852346000000029e-03
1.199915400000000076e+00,7.969779194999999650e-01,-4.935509519000000345e-03,-2.429776762999999798e-03
1.200252899999999956e+00,7.976095263000000379e-01,-5.812658945999999750e-03,-2.284629472000000109e-03
1.200590499999999894e+00,7.972545486000000015e-01,-6.612987518999999953e-03,-2.034512646000000060e-03
1.200927999999999995e+00,7.966289463000000293e-01,-6.868210351000000359e-03,-1.729332133999999990e-03
1.201265599999999933e+00,7.957678004999999555e-01,-6.894767286000000155e-03,-1.366309195000000101e-03
1.201603100000000035e+00,7.945414225000000386e-01,-6.275595989000000083e-03,-1.025864129999999944e-03
1.201940699999999973e+00,7.938206532999999565e-01,-5.325403918000000056e-03,-8.111731659999999811e-04
1.202278200000000075e+00,7.924979746000000436e-01,-3.978474798999999916e-03,-6.505436572999999736e-04
1.202615800000000013e+00,7.902287586999999780e-01,-2.445316215999999900e-03,-5.689709633999999894e-04
1.202953299999999892e+00,7.888500011000000312e-01,-4.818754999000000199e-04,-5.536105958999999787e-04
1.203290900000000052e+00,7.870135622999999692e-01,1.769605743999999896e-03,-6.108934676999999789e-04
1.203628499999999990e+00,7.862846958000000441e-01,3.930444925000000159e-03,-7.218207240999999826e-04
1.203966000000000092e+00,7.857771510000000070e-01,6.219642340000000429e-03,-8.218056997999999540e-04
1.204303600000000030e+00,7.862027203000000464e-01,8.359607084999999896e-03,-9.514498347000000271e-04
1.204641099999999909e+00,7.870143925000000484e-01,1.034679299999999996e-02,-1.127472245999999907e-03
1.204978700000000069e+00,7.879339588999999533e-01,1.214396365999999977e-02,-1.320964981999999972e-03
1.205316199999999949e+00,7.894626144999999928e-01,1.370702939999999918e-02,-1.603471538999999991e-03
1.205653800000000109e+00,7.916115452999999968e-01,1.523914479999999988e-02,-1.879555774999999923e-03
1.205991299999999988e+00,7.937392720999999485e-01,1.661444457999999846e-02,-2.102947083000000078e-03
1.206328899999999926e+00,7.966096850999999646e-01,1.798823558000000114e-02,-2.334209547999999829e-03
1.206666400000000028e+00,7.988311806000000237e-01,1.918506151000000035e-02,-2.495942924999999899e-03
1.207003999999999966e+00,8.010155392000000152e-01,1.966744924999999991e-02,-2.579490201999999881e-03
1.207341500000000067e+00,8.022429035999999458e-01,2.001210248999999927e-02,-2.566880246999999997e-03
1.207679100000000005e+00,8.029204692000000421e-01,1.998834403000000065e-02,-2.525909774000000170e-03
1.208016600000000107e+00,8.034790781999999743e-01,1.930093870999999989e-02,-2.410626793000000215e-03
1.208354200000000045e+00,8.049007004999999548e-01,1.841194344999999913e-02,-2.290408842999999955e-03
1.208691699999999924e+00,8.065116244000000156e-01,1.720657633000000075e-02,-2.150298358000000010e-03
1.209029300000000084e+00,8.084781456999999838e-01,1.576984282999999848e-02,-1.976297786000000018e-03
1.209366900000000022e+00,8.107731868999999980e-01,1.409369304999999982e-02,-1.853014758000000057e-03
1.209704399999999902e+00,8.124856496000000261e-01,1.214292743000000042e-02,-1.760511936999999919e-03
1.210031700000000043e+00,8.146191362000000380e-01,1.050940677000000018e-02,-1.631682924999999958e-03
1.210350000000000037e+00,8.160792721999999833e-01,9.303540718999999196e-03,-1.525066728999999958e-03
1.210660400000000081e+00,8.167932974999999596e-01,8.019467763999999291e-03,-1.398496272999999934e-03
1.210963999999999929e+00,8.180297488000000117e-01,6.883153500000000098e-03,-1.341462654000000069e-03
1.211262000000000061e+00,8.190281792000000394e-01,5.879025635999999590e-03,-1.332834608999999924e-03
1.211555200000000054e+00,8.204330365999999986e-01,4.935687854000000291e-03,-1.460357560999999945e-03
1.211844799999999944e+00,8.219791024000000501e-01,4.141148604000000066e-03,-1.631244946999999912e-03
1.212131800000000093e+00,8.228324125999999517e-01,3.728346397000000152e-03,-1.716562573999999911e-03
1.212417099999999914e+00,8.230069304999999558e-01,3.600215976999999925e-03,-1.733326672000000011e-03
1.212701199999999924e+00,8.228928314000000244e-01,3.775272317000000124e-03,-1.759596616999999910e-03
1.212985100000000038e+00,8.220577783000000416e-01,4.082082598000000111e-03,-1.784338389000000077e-03
1.213269300000000106e+00,8.213610995000000248e-01,4.298878602999999660e-03,-1.814374822000000076e-03
1.213554299999999975e+00,8.203422810999999593e-01,4.626841603999999782e-03,-1.754432185999999904e-03
1.213841100000000006e+00,8.195142775000000546e-01,4.712423844000000403e-03,-1.626263314000000017e-03
1.214130099999999990e+00,8.179734234000000104e-01,4.844227682000000305e-03,-1.456784279999999996e-03
1.214422399999999902e+00,8.162484327000000262e-01,4.660281270999999843e-03,-1.275039041000000000e-03
1.214718299999999918e+00,8.145248032999999888e-01,4.367328995999999672e-03,-1.115160657999999996e-03
1.215018300000000107e+00,8.124727337999999577e-01,3.919463964000000251e-03,-9.223976294000000393e-04
1.215322500000000083e+00,8.100230175999999505e-01,3.411579136999999973e-03,-7.312113678000000403e-04
1.215631200000000023e+00,8.079470503000000248e-01,2.839661969999999862e-03,-5.311636517000000324e-04
1.215944399999999925e+00,8.061201853999999667e-01,2.210476338999999794e-03,-3.390517208000000263e-04
1.216262900000000036e+00,8.044498317999999593e-01,1.691376073000000002e-03,-1.399041553999999911e-04
1.216587499999999933e+00,8.022790992999999649e-01,1.253501419000000025e-03,4.735044103999999795e-05
1.216919400000000095e+00,8.009354694000000441e-01,5.094659189999999754e-04,2.434214544000000077e-04
1.217256799999999917e+00,8.002754000999999784e-01,-4.230905044999999794e-04,3.345871762000000253e-04
1.217593799999999948e+00,7.998715494999999454e-01,-1.278784651000000041e-03,4.955056855000000053e-04
1.217930799999999980e+00,7.984458563999999869e-01,-2.082765359000000177e-03,7.314613081000000301e-04
1.218267800000000012e+00,7.970096761999999613e-01,-2.426523763999999857e-03,1.013266655000000065e-03
1.218605200000000055e+00,7.962190138000000417e-01,-2.662169276000000018e-03,1.245627810000000035e-03
1.218942600000000098e+00,7.948537596000000427e-01,-2.730808582000000210e-03,1.531484243999999949e-03
1.219279999999999919e+00,7.940639167999999914e-01,-2.703940273999999935e-03,1.806437097999999972e-03
1.219617399999999963e+00,7.933467241999999642e-01,-2.588412689999999849e-03,2.240905795999999922e-03
1.219954800000000006e+00,7.923927383000000102e-01,-2.653624814000000044e-03,2.748187105000000040e-03
1.220292200000000049e+00,7.918031036999999550e-01,-2.641457874999999806e-03,3.203466261000000124e-03
1.220629600000000092e+00,7.901138022999999455e-01,-2.038548582000000112e-03,3.560197517999999853e-03
1.220966999999999913e+00,7.894420849000000073e-01,-6.583997014999999576e-04,3.701456469999999960e-03
1.221304399999999957e+00,7.881112380999999445e-01,8.550871742000000541e-04,3.780381329000000179e-03
1.221641800000000000e+00,7.879044586000000239e-01,2.294823530000000139e-03,3.762894790000000014e-03
1.221979200000000043e+00,7.872621372000000450e-01,3.862768185000000059e-03,3.700689943000000197e-03
1.222317000000000098e+00,7.872414410000000418e-01,5.367529499000000398e-03,3.526499368000000044e-03
1.222654799999999931e+00,7.871485419999999511e-01,6.612924289999999768e-03,3.316940062000000179e-03
1.222992599999999985e+00,7.867072489999999974e-01,7.152670267999999658e-03,3.240885621999999890e-03
1.223330500000000098e+00,7.859016195000000371e-01,7.184948679999999914e-03,3.184440790000000066e-03
1.223668299999999931e+00,7.851869921999999891e-01,6.749377265000000223e-03,3.171449514999999907e-03
1.224006099999999986e+00,7.843139163000000247e-01,5.906192813000000000e-03,3.267222743999999811e-03
1.224343900000000041e+00,7.838230391999999602e-01,4.757082129999999631e-03,3.433669460000000201e-03
1.224681700000000095e+00,7.821109867000000104e-01,3.554473371000000086e-03,3.641260551999999859e-03
1.225019499999999928e+00,7.805441800000000319e-01,2.080483494999999915e-03,3.831329513000000190e-03
1.225357299999999983e+00,7.785659822999999591e-01,1.230813781000000004e-03,3.951699266000000162e-03
1.225695200000000096e+00,7.778518167000000316e-01,4.203286081999999977e-04,3.979703989000000185e-03
1.226032999999999928e+00,7.766238855000000552e-01,-3.473164756999999733e-04,3.995974008999999758e-03
1.226370799999999983e+00,7.750943037999999952e-01,-1.437975186000000098e-03,4.094897828999999843e-03
1.226708600000000038e+00,7.747343944000000260e-01,-2.443596844999999795e-03,4.138453058000000039e-03
1.227046400000000093e+00,7.754994640000000272e-01,-3.483250571000000122e-03,4.268379707000000307e-03
1.227384199999999925e+00,7.767886219999999842e-01,-4.779638432999999687e-03,4.363539145999999896e-03
1.227721999999999980e+00,7.788870708999999781e-01,-6.288260571000000264e-03,4.542078326000000173e-03
1.228059900000000093e+00,7.813905139000000277e-01,-8.290540638999999504e-03,4.809155360999999712e-03
1.228397699999999926e+00,7.851390220999999725e-01,-1.090220905999999927e-02,5.126348024999999656e-03
1.228735499999999981e+00,7.881395530000000482e-01,-1.368519384000000012e-02,5.399625182999999613e-03
1.229073300000000035e+00,7.907469749000000103e-01,-1.673551636000000092e-02,5.815305847999999861e-03
1.229411100000000090e+00,7.924543724999999483e-01,-1.969826997000000135e-02,6.331001392000000332e-03
1.229748899999999923e+00,7.935295706999999643e-01,-2.220217396999999912e-02,6.899307664999999867e-03
1.230086699999999977e+00,7.933603205999999464e-01,-2.446980589000000150e-02,7.356642977999999604e-03
1.230424600000000090e+00,7.927983197000000315e-01,-2.641334974000000141e-02,7.780083406999999812e-03
1.230762399999999923e+00,7.926645774999999672e-01,-2.815891629999999965e-02,8.168531697000000827e-03
1.231100199999999978e+00,7.917472865000000359e-01,-2.981155733999999932e-02,8.591645021999999229e-03
1.231438000000000033e+00,7.911987819000000366e-01,-3.136305283000000166e-02,8.985397096000000486e-03
1.231775800000000087e+00,7.904764233000000084e-01,-3.231776247999999796e-02,9.252245512999999338e-03
1.232113599999999920e+00,7.899235170999999722e-01,-3.266141630000000268e-02,9.393092913999999405e-03
1.232451399999999975e+00,7.902360144000000197e-01,-3.182436384000000146e-02,9.354011136000000073e-03
1.232789200000000029e+00,7.897119205999999503e-01,-3.020567874999999930e-02,9.222590193000000658e-03
1.233127099999999920e+00,7.888993538999999888e-01,-2.831875102999999866e-02,9.086915598999999871e-03
1.233464899999999975e+00,7.878070485999999484e-01,-2.589703230999999828e-02,8.831003064000000208e-03
1.233802700000000030e+00,7.868767572000000543e-01,-2.321649770000000154e-02,8.491187618999999562e-03
1.234140500000000085e+00,7.857936869999999629e-01,-2.017237396000000002e-02,8.062212683999999893e-03
1.234478299999999917e+00,7.844492793999999769e-01,-1.733427150999999888e-02,7.620098900999999932e-03
1.234816099999999972e+00,7.829434079000000546e-01,-1.460827251999999993e-02,7.075294188999999880e-03
1.235153900000000027e+00,7.819265304000000416e-01,-1.208892508000000005e-02,6.516207886999999914e-03
1.235491799999999918e+00,7.804870931999999817e-01,-9.645792071999999967e-03,5.912504223999999822e-03
1.235829599999999973e+00,7.797374114999999772e-01,-7.357130548000000332e-03,5.267341568000000369e-03
1.236167400000000027e+00,7.796922292000000310e-01,-5.410228399000000139e-03,4.565036776000000115e-03
1.236505200000000082e+00,7.803713799000000506e-01,-3.941034817999999711e-03,3.856803840999999903e-03
1.236842999999999915e+00,7.812945134000000014e-01,-2.847485109999999854e-03,3.111397001000000117e-03
1.237180799999999969e+00,7.829435811999999606e-01,-2.374791514999999905e-03,2.387294036000000164e-03
1.237518600000000024e+00,7.846384034000000174e-01,-1.646474970000000012e-03,1.668514354999999947e-03
1.237856499999999915e+00,7.865512497000000103e-01,-1.202099289000000022e-03,1.093757623999999998e-03
1.238194299999999970e+00,7.888739730999999589e-01,-8.894261449000000035e-04,5.582673937999999740e-04
1.238532100000000025e+00,7.913175118999999924e-01,-9.202556815000000187e-04,7.338923064000000304e-05
1.238869900000000079e+00,7.932444052999999551e-01,-1.325983302000000074e-03,-3.151110971999999738e-04
1.239207699999999912e+00,7.951985927000000398e-01,-1.895493610999999991e-03,-6.750516573999999683e-04
1.239545499999999967e+00,7.958983657999999517e-01,-2.595266241000000057e-03,-9.705861593000000105e-04
1.239883300000000022e+00,7.958512622000000203e-01,-3.574359170999999794e-03,-1.171848999999999981e-03
1.240221199999999913e+00,7.954644589999999571e-01,-4.405510040000000342e-03,-1.334493988999999915e-03
1.240558999999999967e+00,7.950364992999999769e-01,-5.236198860000000101e-03,-1.458293031999999918e-03
1.240896800000000022e+00,7.946647397999999640e-01,-6.502528276999999801e-03,-1.574556273999999948e-03
1.241234600000000077e+00,7.953806901000000096e-01,-7.956254798999999253e-03,-1.695532061999999998e-03
1.241572399999999909e+00,7.955801010999999923e-01,-8.786098108000000434e-03,-1.901056206999999967e-03
1.241910199999999964e+00,7.960376033999999601e-01,-9.215279288000000416e-03,-2.172422482000000050e-03
1.242248000000000019e+00,7.956005954999999519e-01,-9.233057112999999358e-03,-2.478826495000000137e-03
1.242585800000000074e+00,7.960544702999999833e-01,-8.932068483000000711e-03,-2.884615152999999918e-03
1.242923699999999965e+00,7.974057626999999648e-01,-8.167767560999999316e-03,-3.388458808999999811e-03
1.243261500000000019e+00,7.986541920999999933e-01,-7.100922931000000146e-03,-3.874715326999999924e-03
1.243599300000000074e+00,7.991660200000000325e-01,-5.273241237999999609e-03,-4.413035170999999798e-03
1.243937099999999907e+00,7.996242189000000167e-01,-3.230287846000000178e-03,-4.936400189000000188e-03
1.244274899999999962e+00,7.989024718999999664e-01,-7.998891782000000289e-04,-5.467348117999999875e-03
1.244612700000000016e+00,7.980686079000000044e-01,1.864865798999999899e-03,-5.992124112999999697e-03
1.244950500000000071e+00,7.978486833000000278e-01,4.669497520000000408e-03,-6.472164705000000087e-03
1.245288399999999962e+00,7.977172625999999767e-01,7.531802506000000348e-03,-6.875841276000000356e-03
1.245626200000000017e+00,7.975866533000000036e-01,1.004339593000000072e-02,-7.215147524999999951e-03
1.245964000000000071e+00,7.979347702000000320e-01,1.243644317000000034e-02,-7.540834161000000389e-03
1.246301799999999904e+00,7.984940122999999446e-01,1.446669813000000041e-02,-7.866956381000000248e-03
1.246639599999999959e+00,7.987574426000000338e-01,1.634018287000000083e-02,-8.008975054000000426e-03
1.246977400000000014e+00,7.984568221000000188e-01,1.760302093999999845e-02,-8.068480918000000071e-03
1.247315200000000068e+00,7.986721236999999585e-01,1.841114384000000145e-02,-8.171947197000000232e-03
1.247653099999999959e+00,7.984032651000000369e-01,1.863079856999999909e-02,-8.246139242999999883e-03
1.247990900000000014e+00,7.983626155999999918e-01,1.896563273999999841e-02,-8.363953921999999278e-03
1.248328700000000069e+00,7.985570526999999919e-01,1.915239030999999967e-02,-8.527985017999999140e-03
1.248666499999999902e+00,7.995330721000000196e-01,1.900522904999999915e-02,-8.601578227999999438e-03
1.249004299999999956e+00,8.009263386999999623e-01,1.850939714000000152e-02,-8.654418466999999962e-03
1.249342100000000011e+00,8.023567041000000399e-01,1.837425223999999968e-02,-8.698121114000000043e-03
1.249679900000000066e+00,8.030588498999999825e-01,1.816756753999999863e-02,-8.767139220999999732e-03
1.250017799999999957e+00,8.040836482000000007e-01,1.805190527999999892e-02,-8.839490962999999382e-03
1.250355600000000011e+00,8.049724934999999970e-01,1.769429506000000027e-02,-8.885850435000000255e-03
1.250693400000000066e+00,8.054925946000000003e-01,1.736137952000000109e-02,-8.917560673999999632e-03
1.251031199999999899e+00,8.065189776000000199e-01,1.712051904000000055e-02,-9.000975898000000350e-03
1.251368999999999954e+00,8.070784426999999539e-01,1.684107882000000084e-02,-9.073868758000000131e-03
1.251706800000000008e+00,8.074947711000000083e-01,1.619122417000000078e-02,-9.239745560000000094e-03
1.252044600000000063e+00,8.074449650999999673e-01,1.526147721000000075e-02,-9.490827372999999234e-03
1.252382499999999954e+00,8.070920064000000060e-01,1.421523539999999981e-02,-9.816402358999999980e-03
1.252720300000000009e+00,8.061296729000000383e-01,1.272433874999999957e-02,-1.015812747000000016e-02
1.253058100000000064e+00,8.039466906000000135e-01,1.134830583999999962e-02,-1.052501655999999938e-02
1.253395899999999896e+00,8.021436953999999675e-01,1.004798393999999963e-02,-1.088499937999999959e-02
1.253733699999999951e+00,8.005555662000000128e-01,8.889150577000000039e-03,-1.127723570000000071e-02
1.254071500000000006e+00,7.988743556999999829e-01,7.978986954999999631e-03,-1.165707424000000068e-02
1.254409300000000060e+00,7.965446494000000266e-01,7.592427560999999610e-03,-1.206949417999999934e-02
1.254747099999999893e+00,7.943721765000000268e-01,7.927418129000000230e-03,-1.246471616999999914e-02
1.255085000000000006e+00,7.922151133999999484e-01,8.824737017999999961e-03,-1.285605985000000048e-02
1.255422800000000061e+00,7.904555752999999907e-01,9.913058876000000602e-03,-1.307309916000000058e-02
1.255760599999999894e+00,7.896939276000000119e-01,1.130530901999999942e-02,-1.322316100999999973e-02
1.256098399999999948e+00,7.891895211999999660e-01,1.288766927000000069e-02,-1.315961141000000084e-02
1.256436200000000003e+00,7.886471254000000375e-01,1.495659145999999988e-02,-1.297133747999999927e-02
1.256774000000000058e+00,7.885396436999999592e-01,1.681670073999999918e-02,-1.259128217999999980e-02
1.257111799999999890e+00,7.892256415999999719e-01,1.825473723000000173e-02,-1.222720056999999916e-02
1.257449700000000004e+00,7.902285172999999885e-01,1.979296153000000003e-02,-1.183779037000000020e-02
1.257787500000000058e+00,7.914853117000000271e-01,2.150081097999999996e-02,-1.148167406999999959e-02
1.258125299999999891e+00,7.924958624000000285e-01,2.303235491000000038e-02,-1.113804177000000083e-02
1.258463099999999946e+00,7.936950964000000219e-01,2.466283327000000011e-02,-1.095375347000000082e-02
1.258800900000000000e+00,7.968342464000000014e-01,2.614540724999999885e-02,-1.090620020999999960e-02
1.259138700000000055e+00,8.007327746000000301e-01,2.702220442999999847e-02,-1.090781484000000016e-02
1.259476500000000110e+00,8.049027305000000521e-01,2.748371506000000034e-02,-1.091323077999999981e-02
1.259814400000000001e+00,8.088577470000000158e-01,2.757588592000000116e-02,-1.089487712000000025e-02
1.260152200000000056e+00,8.120575383999999453e-01,2.730125968999999944e-02,-1.087296702000000066e-02
1.260490000000000110e+00,8.147881760999999834e-01,2.689145712000000008e-02,-1.095430313000000065e-02
1.260827799999999943e+00,8.165071452000000063e-01,2.600706529999999989e-02,-1.083755903999999992e-02
1.261165599999999998e+00,8.167519127000000267e-01,2.496717768000000087e-02,-1.068361796000000079e-02
1.261503400000000052e+00,8.164334868000000522e-01,2.370758091999999873e-02,-1.049301350000000042e-02
1.261841200000000107e+00,8.154585841000000501e-01,2.267712452000000128e-02,-1.035635457999999932e-02
1.262166099999999958e+00,8.152582156000000024e-01,2.177646260999999833e-02,-1.023557823000000033e-02
1.262479499999999977e+00,8.141372667999999813e-01,2.106962533999999845e-02,-1.017992533000000067e-02
1.262783200000000106e+00,8.122990194000000441e-01,2.040267235000000137e-02,-1.016029048999999955e-02
1.263079000000000063e+00,8.107630045999999480e-01,1.930809604000000013e-02,-1.020096166000000054e-02
1.263367600000000035e+00,8.100218371999999833e-01,1.790031125999999931e-02,-1.026187809000000083e-02
1.263650299999999893e+00,8.090287875999999656e-01,1.661511876999999943e-02,-1.038820925999999964e-02
1.263928399999999952e+00,8.087237386000000194e-01,1.513459126000000002e-02,-1.054291073999999960e-02
1.264202899999999907e+00,8.088956359000000207e-01,1.389046921999999989e-02,-1.077266456000000074e-02
1.264474499999999946e+00,8.094158640999999932e-01,1.268760971999999959e-02,-1.106343633999999979e-02
1.264744599999999997e+00,8.095465075000000121e-01,1.173329900999999995e-02,-1.135179954000000054e-02
1.265014099999999919e+00,8.089596383999999585e-01,1.057078891000000007e-02,-1.151945558999999987e-02
1.265283900000000017e+00,8.076382353000000069e-01,9.026635914000000552e-03,-1.158742125000000039e-02
1.265554899999999927e+00,8.064329386999999905e-01,7.238028213000000100e-03,-1.160607185000000000e-02
1.265827899999999895e+00,8.049568190000000456e-01,5.318560322999999965e-03,-1.153605381999999943e-02
1.266103699999999943e+00,8.028387056000000355e-01,3.220188332000000105e-03,-1.120899923999999978e-02
1.266383100000000095e+00,8.012629443000000018e-01,9.968089300999999087e-04,-1.079717806999999988e-02
1.266666999999999987e+00,7.998872822999999466e-01,-1.063893487000000006e-03,-1.036295723000000071e-02
1.266956100000000029e+00,7.984412960000000226e-01,-2.917631259999999786e-03,-9.875324596000000649e-03
1.267251099999999964e+00,7.974241345999999453e-01,-4.829182088999999650e-03,-9.274405596999999238e-03
1.267552599999999918e+00,7.968793338999999865e-01,-6.522426765000000418e-03,-8.647775364000000187e-03
1.267860900000000068e+00,7.968981836999999846e-01,-7.976682649000000139e-03,-7.929181691000000698e-03
1.268176299999999923e+00,7.962725506000000175e-01,-9.045632854000000556e-03,-7.207308651999999941e-03
1.268501000000000101e+00,7.957801973999999445e-01,-1.008300634000000064e-02,-6.345638718000000400e-03
1.268836000000000075e+00,7.956633023000000415e-01,-1.096271017999999979e-02,-5.444742806000000060e-03
1.269174000000000024e+00,7.961644922999999707e-01,-1.124213125000000056e-02,-4.557675421000000233e-03
1.269511899999999915e+00,7.966858019000000457e-01,-1.088036669999999963e-02,-3.828905475999999902e-03
1.269849900000000087e+00,7.962040424999999866e-01,-1.028812316000000081e-02,-3.178755900999999991e-03
1.270187299999999908e+00,7.949376285000000486e-01,-9.268327216000000687e-03,-2.740566220999999820e-03
1.270524800000000010e+00,7.939961976999999616e-01,-7.789008673000000389e-03,-2.436263172999999886e-03
1.270862799999999959e+00,7.935512041000000183e-01,-6.371136514999999577e-03,-2.246369378000000021e-03
1.271200700000000072e+00,7.923593971000000291e-01,-4.912839106999999580e-03,-2.121046323000000140e-03
1.271538700000000022e+00,7.909678768000000249e-01,-3.493024751999999986e-03,-2.185345527000000058e-03
1.271876599999999913e+00,7.902927115000000224e-01,-2.099663598000000089e-03,-2.396274878999999844e-03
1.272214600000000084e+00,7.902915565000000475e-01,-3.900527082999999764e-04,-2.867348642000000069e-03
1.272552600000000034e+00,7.898252520999999859e-01,1.246548622999999996e-03,-3.467426150999999845e-03
1.272890499999999925e+00,7.900627881999999769e-01,2.835239625999999916e-03,-4.308360219999999782e-03
1.273228500000000096e+00,7.911510659999999584e-01,4.339422733999999567e-03,-5.163301430999999928e-03
1.273566399999999987e+00,7.917559052999999514e-01,5.799986105000000045e-03,-5.995411457999999874e-03
1.273904399999999937e+00,7.931109737000000548e-01,6.954061537000000119e-03,-6.766791177000000025e-03
1.274242400000000108e+00,7.944607406999999455e-01,8.217390478999999151e-03,-7.594091112999999844e-03
1.274580299999999999e+00,7.950523085999999795e-01,9.460193864000000438e-03,-8.346700045999999248e-03
1.274918299999999949e+00,7.962614863000000431e-01,1.032599271999999971e-02,-9.067831659000000558e-03
1.275256200000000062e+00,7.976205003999999876e-01,1.077129490999999967e-02,-9.612519381999999266e-03
1.275594200000000011e+00,7.986093558000000314e-01,1.126470935999999978e-02,-1.017270108999999978e-02
1.275932199999999961e+00,7.990520996000000098e-01,1.151937544999999917e-02,-1.066404554000000005e-02
1.276270100000000074e+00,7.992350208999999817e-01,1.181426657000000068e-02,-1.108619398000000068e-02
1.276608100000000023e+00,7.997779203999999531e-01,1.208566936999999966e-02,-1.144508315000000026e-02
1.276945999999999914e+00,8.004063365000000374e-01,1.235719692999999973e-02,-1.182570703000000029e-02
1.277284000000000086e+00,8.007746422000000530e-01,1.265510941000000042e-02,-1.205842627999999944e-02
1.277622000000000035e+00,8.004525054000000139e-01,1.267242468999999969e-02,-1.229243405000000032e-02
1.277959899999999926e+00,7.999844859000000419e-01,1.263398871999999937e-02,-1.238995386999999955e-02
1.278297900000000098e+00,7.995929764000000439e-01,1.273690184000000024e-02,-1.245869668999999985e-02
1.278635799999999989e+00,7.992436791999999457e-01,1.282676257000000056e-02,-1.249989640000000006e-02
1.278973799999999938e+00,7.987449421000000216e-01,1.308982604000000043e-02,-1.243915018999999962e-02
1.279311800000000110e+00,7.986221892999999517e-01,1.361308697000000040e-02,-1.234796948000000012e-02
1.279649700000000001e+00,7.982950162999999932e-01,1.406991246000000029e-02,-1.218332284000000001e-02
1.279987699999999951e+00,7.977347873000000256e-01,1.423918616999999935e-02,-1.178833844000000061e-02
1.280325699999999900e+00,7.976348756000000151e-01,1.448502483000000014e-02,-1.134674326000000011e-02
1.280663600000000013e+00,7.972398483000000535e-01,1.497242969999999958e-02,-1.087740633999999956e-02
1.281001599999999963e+00,7.967106771999999948e-01,1.556873314999999980e-02,-1.037157474999999933e-02
1.281339500000000076e+00,7.963935883999999632e-01,1.613755245999999935e-02,-9.756349217000000532e-03
1.281677500000000025e+00,7.955224283999999813e-01,1.703772170000000113e-02,-9.068682902000000517e-03
1.282015499999999975e+00,7.946173061000000315e-01,1.817381540999999864e-02,-8.358191414000000138e-03
1.282353400000000088e+00,7.935706994000000236e-01,1.925981566999999950e-02,-7.641598731000000429e-03
1.282691400000000037e+00,7.924942333000000172e-01,2.055402103999999855e-02,-6.911772667999999988e-03
1.283029299999999928e+00,7.910970310999999588e-01,2.171362632999999931e-02,-6.222657434999999924e-03
1.283367300000000100e+00,7.898013055000000504e-01,2.290527715000000020e-02,-5.648228271999999710e-03
1.283705300000000049e+00,7.889317024999999983e-01,2.375977962999999832e-02,-5.203814682000000059e-03
1.284043199999999940e+00,7.887975093000000326e-01,2.456346024999999864e-02,-4.883509395999999572e-03
1.284381199999999890e+00,7.882669970000000248e-01,2.513423848000000127e-02,-4.643378138000000405e-03
1.284719100000000003e+00,7.881230431000000314e-01,2.539712678000000112e-02,-4.430495458999999907e-03
1.285057099999999952e+00,7.877179565999999911e-01,2.557756943999999963e-02,-4.328771442999999886e-03
1.285395099999999902e+00,7.875698267999999835e-01,2.579861773000000080e-02,-4.349183736000000050e-03
1.285733000000000015e+00,7.876832003000000526e-01,2.570982561000000055e-02,-4.487194049999999705e-03
1.286070999999999964e+00,7.880046281999999458e-01,2.515569204000000017e-02,-4.658995913999999794e-03
1.286408900000000077e+00,7.885496858999999636e-01,2.414573215999999897e-02,-4.928086794000000222e-03
1.286746900000000027e+00,7.899605483999999622e-01,2.312493381999999875e-02,-5.301711100000000218e-03
1.287084899999999976e+00,7.915022701999999688e-01,2.176168947000000145e-02,-5.799781411000000039e-03
1.287422800000000089e+00,7.937735519999999934e-01,2.057341027999999919e-02,-6.399856463000000092e-03
1.287760800000000039e+00,7.954973658999999753e-01,1.952177755000000098e-02,-6.969016855999999802e-03
1.288098699999999930e+00,7.969640624999999590e-01,1.777600718999999829e-02,-7.347946103999999749e-03
1.288436700000000101e+00,7.990802687000000404e-01,1.585763088000000098e-02,-7.730249506000000381e-03
1.288774700000000051e+00,8.016844332000000461e-01,1.415239031000000043e-02,-8.087311996999999725e-03
1.289112599999999942e+00,8.037656904000000102e-01,1.252938315999999920e-02,-8.424561497999999427e-03
1.289450599999999891e+00,8.049142714000000476e-01,1.081357835000000024e-02,-8.609636157000000178e-03
1.289788500000000004e+00,8.060859844000000107e-01,9.218436131999999464e-03,-8.775637444999999717e-03
1.290122699999999956e+00,8.071346167999999821e-01,7.325626856999999624e-03,-8.755236762999999561e-03
1.290451699999999979e+00,8.081597767999999515e-01,5.837932986000000067e-03,-8.692774569000000229e-03
1.290775599999999912e+00,8.092680214999999899e-01,4.757000855000000430e-03,-8.600816432999999414e-03
1.291094500000000034e+00,8.097900369999999626e-01,4.083563438000000108e-03,-8.482090587000000112e-03
1.291409100000000088e+00,8.110644790000000048e-01,3.587861772999999862e-03,-8.375924199000000375e-03
1.291719999999999979e+00,8.124048484000000458e-01,3.352234301000000041e-03,-8.311174801000000001e-03
1.292027700000000001e+00,8.139671931999999943e-01,3.470237036000000004e-03,-8.306690922999999602e-03
1.292332999999999954e+00,8.146411257000000239e-01,3.636832859000000036e-03,-8.275645720000000469e-03
1.292636700000000083e+00,8.149848903999999949e-01,3.860259903999999857e-03,-8.187379474000000545e-03
1.292938900000000002e+00,8.150687750999999759e-01,4.117773269000000146e-03,-8.111440899999999149e-03
1.293240299999999898e+00,8.156982830000000240e-01,4.420989569000000063e-03,-8.004003953999999643e-03
1.293540899999999993e+00,8.164621404999999887e-01,4.902978617999999809e-03,-7.936772486000000584e-03
1.293840899999999960e+00,8.172336030000000306e-01,5.514402485000000076e-03,-7.858576507000000072e-03
1.294140599999999974e+00,8.185307692000000079e-01,6.412539109999999647e-03,-7.845009220999999561e-03
1.294440700000000000e+00,8.194183597999999957e-01,7.589802405000000210e-03,-7.720413784000000092e-03
1.294741200000000036e+00,8.205073895000000173e-01,9.136263161000000160e-03,-7.623186960000000179e-03
1.295042199999999921e+00,8.218050489999999542e-01,1.090852848999999958e-02,-7.577330969999999770e-03
1.295343600000000039e+00,8.229319346000000257e-01,1.287849689000000047e-02,-7.533535794999999917e-03
1.295645399999999947e+00,8.237426235999999458e-01,1.508248069000000038e-02,-7.490423676999999857e-03
1.295948199999999995e+00,8.244743892000000463e-01,1.717560615999999887e-02,-7.451597077000000034e-03
1.296251400000000054e+00,8.246563274999999527e-01,1.923797948000000035e-02,-7.411509987000000112e-03
1.296555899999999983e+00,8.242682341999999496e-01,2.123159209999999839e-02,-7.375119012000000245e-03
1.296861400000000053e+00,8.236168318000000044e-01,2.307875028000000092e-02,-7.353382141000000191e-03
1.297168700000000063e+00,8.226588157999999984e-01,2.479048630000000100e-02,-7.365591121000000276e-03
1.297477900000000073e+00,8.214632845999999544e-01,2.636440702000000108e-02,-7.421376634000000430e-03
1.297789499999999929e+00,8.192842900000000261e-01,2.792412203000000162e-02,-7.485263857000000291e-03
1.298103500000000077e+00,8.168891455000000246e-01,2.922562319999999839e-02,-7.570925323000000061e-03
1.298419900000000071e+00,8.150819201000000236e-01,3.005555697000000109e-02,-7.819137543999999870e-03
1.298739400000000099e+00,8.135246564000000458e-01,3.058489992999999935e-02,-8.119864533999999676e-03
1.299061900000000103e+00,8.107824094000000148e-01,3.103081126999999995e-02,-8.398174297999999247e-03
1.299387599999999976e+00,8.089101099000000072e-01,3.148286246999999760e-02,-8.812553609999999177e-03
1.299717000000000011e+00,8.077751385000000450e-01,3.133438772000000233e-02,-9.297400403999999188e-03
1.300050799999999951e+00,8.076539901999999493e-01,3.093479761999999925e-02,-9.814563087999999755e-03
1.300388600000000006e+00,8.066977694000000421e-01,3.007658582999999872e-02,-1.022653079000000048e-02
1.300726300000000002e+00,8.057079733999999993e-01,2.889730768999999866e-02,-1.046664425000000051e-02
1.301064100000000057e+00,8.043590159000000295e-01,2.739660313999999972e-02,-1.055063499000000009e-02
1.301401800000000053e+00,8.032653147999999632e-01,2.548116003000000171e-02,-1.049325626999999921e-02
1.301739600000000108e+00,8.020271446000000193e-01,2.311690188999999951e-02,-1.034563665999999917e-02
1.302077300000000104e+00,8.022875881000000042e-01,2.023649640999999888e-02,-1.019806525999999991e-02
1.302415700000000065e+00,8.024922325000000134e-01,1.752797323000000046e-02,-1.004351327000000023e-02
1.302753999999999968e+00,8.026383822999999529e-01,1.544183898000000069e-02,-9.875539561000000813e-03
1.303092300000000092e+00,8.026728397000000292e-01,1.328546646999999997e-02,-9.794452506999999641e-03
1.303430599999999995e+00,8.029188577000000437e-01,1.125337933999999949e-02,-9.762122676999999277e-03
1.303768999999999956e+00,8.027388225999999571e-01,9.372580974999999287e-03,-9.690677578000000264e-03
1.304107300000000080e+00,8.012702720000000056e-01,7.354685185999999819e-03,-9.549201776000000585e-03
1.304445599999999983e+00,7.996106240000000476e-01,5.495094433000000285e-03,-9.526627331999999726e-03
1.304783999999999944e+00,7.973141051000000035e-01,4.154164905000000407e-03,-9.529318195000000685e-03
1.305122300000000068e+00,7.944864297999999492e-01,3.320814216000000062e-03,-9.589624495999999471e-03
1.305460599999999971e+00,7.916347652999999873e-01,2.907563944999999855e-03,-9.664974103999999372e-03
1.305798999999999932e+00,7.888402818999999955e-01,2.921369480999999862e-03,-9.738839137000000756e-03
1.306137300000000057e+00,7.860662861999999640e-01,3.109171741000000058e-03,-9.765694753999999700e-03
1.306475599999999959e+00,7.838437878999999775e-01,3.681988988000000143e-03,-9.855346808999999875e-03
1.306813900000000084e+00,7.823918249000000325e-01,4.527002419000000083e-03,-9.950873717000000007e-03
1.307152300000000045e+00,7.818738487999999931e-01,5.724702582000000192e-03,-1.018320802999999990e-02
1.307490599999999947e+00,7.830499864000000088e-01,7.610529220000000414e-03,-1.056273731000000049e-02
1.307828900000000072e+00,7.837910579000000322e-01,9.620474861999999544e-03,-1.087113250000000010e-02
1.308167300000000033e+00,7.847876303999999914e-01,1.143980219000000076e-02,-1.108802644000000080e-02
1.308505599999999935e+00,7.857231501000000451e-01,1.333446257000000038e-02,-1.125850484999999998e-02
1.308843900000000060e+00,7.868241422999999735e-01,1.531667108000000013e-02,-1.142449704000000031e-02
1.309182199999999963e+00,7.878408045000000470e-01,1.684283563000000053e-02,-1.154760068000000063e-02
1.309520599999999924e+00,7.889337308999999632e-01,1.811544497999999920e-02,-1.146613900999999928e-02
1.309858900000000048e+00,7.896384371000000346e-01,1.907689620999999947e-02,-1.127289836000000024e-02
1.310197199999999951e+00,7.908365096999999677e-01,1.972265566000000123e-02,-1.088872832999999984e-02
1.310535599999999912e+00,7.915575071999999546e-01,2.011472015999999849e-02,-1.040683773999999916e-02
1.310873900000000036e+00,7.924183884000000067e-01,2.024787710999999962e-02,-9.851271397000000568e-03
1.311212199999999939e+00,7.919375403999999730e-01,2.017081470000000112e-02,-9.163115620999999142e-03
1.311550599999999900e+00,7.908116638000000087e-01,1.974350037000000002e-02,-8.362694655000000796e-03
1.311888900000000024e+00,7.888165587000000034e-01,1.973028114000000000e-02,-7.607802319000000341e-03
1.312227199999999927e+00,7.862528775999999553e-01,1.957917564000000166e-02,-6.832127434000000339e-03
1.312565500000000052e+00,7.839201926000000098e-01,1.884646193999999983e-02,-6.053229910999999644e-03
1.312903900000000013e+00,7.826693825999999632e-01,1.708133797999999981e-02,-5.230481864999999946e-03
1.313242199999999915e+00,7.832533847000000549e-01,1.493466021999999976e-02,-4.571291348000000240e-03
1.313580500000000040e+00,7.852413438999999995e-01,1.289030216999999950e-02,-3.984462791000000122e-03
1.313918900000000001e+00,7.879133158000000137e-01,1.075256152000000041e-02,-3.352469406999999957e-03
1.314257199999999903e+00,7.909974789000000506e-01,8.357970399999999425e-03,-2.802216060999999925e-03
1.314595500000000028e+00,7.951534011999999985e-01,6.015130948000000158e-03,-2.470553162000000118e-03
1.314933799999999930e+00,7.989458301999999845e-01,3.985571101999999845e-03,-2.240522144999999854e-03
1.315272199999999891e+00,8.030384645999999460e-01,2.041497125000000124e-03,-2.085871757000000003e-03
1.315610500000000016e+00,8.063914161999999886e-01,-9.028525394000000296e-05,-1.907312636000000044e-03
1.315948799999999919e+00,8.087661268000000403e-01,-1.833786955000000097e-03,-1.822022776999999896e-03
1.316287200000000102e+00,8.107659638999999974e-01,-3.118882285000000067e-03,-1.810584703000000075e-03
1.316625500000000004e+00,8.115756911999999490e-01,-4.125086261000000289e-03,-1.854205743999999892e-03
1.316963799999999907e+00,8.114388396999999697e-01,-4.803071203000000393e-03,-1.995369477000000138e-03
1.317302200000000090e+00,8.103470975000000021e-01,-5.350457424000000344e-03,-2.213762473000000040e-03
1.317635499999999960e+00,8.096707286000000003e-01,-6.047873777999999978e-03,-2.433018064000000077e-03
1.317963500000000066e+00,8.088516395000000525e-01,-6.471024433999999700e-03,-2.660841550000000132e-03
1.318287399999999998e+00,8.076541012000000297e-01,-6.628963629999999954e-03,-2.898352841999999978e-03
1.318608500000000072e+00,8.056330940999999468e-01,-6.510635562000000216e-03,-3.187019257999999973e-03
1.318927799999999984e+00,8.042611631999999622e-01,-6.133158847999999747e-03,-3.442918487999999892e-03
1.319246600000000047e+00,8.033354722000000114e-01,-5.637054534000000318e-03,-3.734263504999999969e-03
1.319566000000000017e+00,8.021393273000000379e-01,-4.879971884000000246e-03,-4.034657078000000209e-03
1.319887000000000032e+00,8.010548838000000060e-01,-3.901348198999999867e-03,-4.463253537000000382e-03
1.320210399999999895e+00,7.997947117000000494e-01,-2.548635331000000028e-03,-4.853090265999999812e-03
1.320536699999999897e+00,7.988984708999999906e-01,-1.222313126999999972e-03,-5.339637642999999975e-03
1.320866600000000002e+00,7.983659124999999968e-01,3.918927375000000020e-04,-5.828980574999999970e-03
1.321200799999999953e+00,7.975900419000000463e-01,2.067027588000000179e-03,-6.311716600000000406e-03
1.321538799999999902e+00,7.971793297000000500e-01,3.440445320999999893e-03,-6.733602037000000276e-03
1.321876800000000074e+00,7.974307081000000519e-01,4.479600012000000200e-03,-7.097917458000000367e-03
1.322214800000000023e+00,7.984762032000000120e-01,5.460092421000000210e-03,-7.405369032999999622e-03
1.322552799999999973e+00,7.991341000999999666e-01,6.506732547999999859e-03,-7.646246740000000285e-03
1.322890799999999922e+00,8.002265742999999931e-01,7.457013616999999886e-03,-7.821797700000000797e-03
1.323228800000000094e+00,8.009426283999999674e-01,8.201430065999999741e-03,-7.947313887999999174e-03
1.323566800000000043e+00,8.013135350000000212e-01,8.835434458000000421e-03,-7.895192238999999140e-03
1.323904799999999993e+00,8.012903973999999652e-01,9.270566920000000710e-03,-7.788300758999999740e-03
1.324242799999999942e+00,8.013851624000000173e-01,9.309983118999999932e-03,-7.564034255000000144e-03
1.324580700000000055e+00,8.023744041000000493e-01,9.053960531999999395e-03,-7.354818798999999789e-03
1.324918700000000005e+00,8.035200169999999753e-01,8.683810071999999852e-03,-7.133409545999999830e-03
1.325256699999999954e+00,8.044156250999999758e-01,8.431661656000000865e-03,-6.996909770000000334e-03
1.325594699999999904e+00,8.058258933999999929e-01,7.694894881000000249e-03,-6.831427154000000411e-03
1.325932700000000075e+00,8.065586960999999722e-01,6.851238774999999885e-03,-6.671966962999999716e-03
1.326270700000000025e+00,8.068518715000000396e-01,5.866136222000000074e-03,-6.454288937000000025e-03
1.326608699999999974e+00,8.068509285999999614e-01,4.653476481999999949e-03,-6.238190458999999695e-03
1.326946699999999923e+00,8.063881790000000382e-01,3.403595097000000191e-03,-6.030361413999999788e-03
1.327284700000000095e+00,8.064945918000000491e-01,1.905477519999999913e-03,-5.941066864999999635e-03
1.327622700000000044e+00,8.065544180000000507e-01,5.999514871000000268e-04,-5.877109523000000231e-03
1.327960699999999994e+00,8.059376527999999595e-01,-9.051365393000000183e-04,-5.877568734999999780e-03
1.328298699999999943e+00,8.050071568000000122e-01,-2.298849244999999833e-03,-5.845344459999999610e-03
1.328636699999999893e+00,8.038022998999999613e-01,-3.396995314999999918e-03,-5.902458630999999831e-03
1.328974700000000064e+00,8.029828798000000489e-01,-4.549571657999999623e-03,-6.040166857000000070e-03
1.329312700000000014e+00,8.024656102999999652e-01,-5.300876767999999906e-03,-6.250156504000000356e-03
1.329650699999999963e+00,8.018939880000000020e-01,-5.875501836999999679e-03,-6.381949102999999630e-03
1.329988699999999913e+00,8.016739407999999845e-01,-6.430996851999999653e-03,-6.560113783999999698e-03
1.330326700000000084e+00,8.005573990000000029e-01,-6.949982621999999631e-03,-6.694902441000000377e-03
1.330664700000000034e+00,7.989794521999999954e-01,-7.543117014999999731e-03,-6.771097264999999601e-03
1.331002599999999925e+00,7.973571740999999546e-01,-7.890901726000000213e-03,-6.804304879000000125e-03
1.331340600000000096e+00,7.954881137999999519e-01,-8.757140183999999328e-03,-6.692225490000000207e-03
1.331678600000000046e+00,7.943308806000000111e-01,-9.900605328000000246e-03,-6.419815611999999880e-03
1.332016599999999995e+00,7.932445254000000112e-01,-1.127413262999999929e-02,-6.119332231999999837e-03
1.332354599999999945e+00,7.921597753000000353e-01,-1.247391714999999957e-02,-5.763971530000000162e-03
1.332692599999999894e+00,7.909359688999999527e-01,-1.325896743000000086e-02,-5.388862926999999671e-03
1.333030600000000065e+00,7.894438408999999712e-01,-1.376571086000000048e-02,-4.977742284999999572e-03
1.333368600000000015e+00,7.874336950000000446e-01,-1.425005508999999983e-02,-4.574343736999999903e-03
1.333706599999999964e+00,7.859879319000000475e-01,-1.508142793999999939e-02,-4.084752542999999653e-03
1.334044599999999914e+00,7.847172168999999586e-01,-1.572678890000000010e-02,-3.667845244000000199e-03
1.334382600000000085e+00,7.833558832000000471e-01,-1.599349275999999848e-02,-3.318312925000000118e-03
1.334720600000000035e+00,7.821239848000000050e-01,-1.589379173999999964e-02,-3.075327656000000076e-03
1.335058599999999984e+00,7.815485526000000016e-01,-1.552095816999999982e-02,-2.844196402999999915e-03
1.335396599999999934e+00,7.813064137999999881e-01,-1.510541271000000012e-02,-2.702307930999999896e-03
1.335734600000000105e+00,7.811650087999999492e-01,-1.442343767000000068e-02,-2.697446690999999886e-03
1.336072600000000055e+00,7.819603780999999643e-01,-1.369118230000000019e-02,-2.758036243000000064e-03
1.336410600000000004e+00,7.834555974000000367e-01,-1.240721007999999979e-02,-2.888413273000000041e-03
1.336748599999999954e+00,7.855036708000000534e-01,-1.076993673999999956e-02,-3.153113050000000157e-03
1.337086500000000067e+00,7.875396493999999858e-01,-8.820431840000000218e-03,-3.416947056999999812e-03
1.337424500000000016e+00,7.898995720000000498e-01,-6.694072278999999882e-03,-3.835901228000000024e-03
1.337762499999999966e+00,7.927742748999999645e-01,-4.542425993000000044e-03,-4.277378212999999665e-03
1.338100499999999915e+00,7.957213143000000377e-01,-2.250941043000000055e-03,-4.791514351999999650e-03
1.338438500000000086e+00,7.992341461999999952e-01,3.268851191000000158e-05,-5.340187167000000346e-03
1.338776500000000036e+00,8.016854078999999800e-01,2.048769340000000140e-03,-5.833355830000000290e-03
1.339114499999999985e+00,8.034604760000000345e-01,3.928549881999999875e-03,-6.330281515000000213e-03
1.339452499999999935e+00,8.042418108000000121e-01,5.532755056000000088e-03,-6.777699528000000369e-03
1.339790500000000106e+00,8.050660777000000490e-01,7.250565593000000281e-03,-7.290348426000000347e-03
1.340128500000000056e+00,8.042248733000000316e-01,8.568393420999999288e-03,-7.748213733999999991e-03
1.340466500000000005e+00,8.025116518999999560e-01,9.796463414999999689e-03,-8.105841113000000764e-03
1.340804499999999955e+00,8.006012950999999989e-01,1.077903384000000048e-02,-8.487219500000000444e-03
1.341142499999999904e+00,8.002144345999999686e-01,1.153139484999999957e-02,-8.967757175000000414e-03
1.341480500000000076e+00,8.005229637999999870e-01,1.205124198999999938e-02,-9.391693176999999296e-03
1.341818500000000025e+00,8.013066558000000450e-01,1.216755046000000083e-02,-9.647137062999999388e-03
1.342156499999999975e+00,8.022015569999999540e-01,1.155682144999999918e-02,-9.665641520000000514e-03
1.342494499999999924e+00,8.042823034999999621e-01,1.044236697999999935e-02,-9.612553460999999702e-03
1.342832500000000095e+00,8.061731732000000372e-01,9.364480039000000824e-03,-9.574790547000000540e-03
1.343170500000000045e+00,8.080868790999999884e-01,8.042846840999999872e-03,-9.368159275999999799e-03
1.343508399999999936e+00,8.104697770000000023e-01,5.685286914000000150e-03,-8.871447222999999729e-03
1.343846400000000108e+00,8.124177204000000430e-01,2.928967778000000129e-03,-8.193383607999999568e-03
1.344184400000000057e+00,8.143764685000000059e-01,3.641932193999999998e-05,-7.531941965000000377e-03
1.344522400000000006e+00,8.162522791999999860e-01,-3.035813368999999880e-03,-6.767477376999999836e-03
1.344860399999999956e+00,8.179547889999999599e-01,-6.182592942000000348e-03,-5.971505979000000207e-03
1.345198399999999905e+00,8.194876064999999654e-01,-9.187454237000000634e-03,-5.110752443000000055e-03
1.345536400000000077e+00,8.198749363999999762e-01,-1.178567997999999985e-02,-4.308501297000000285e-03
1.345874400000000026e+00,8.197323708999999514e-01,-1.436177244999999915e-02,-3.546452562000000207e-03
1.346212399999999976e+00,8.181225288000000262e-01,-1.651377504999999857e-02,-2.986921944000000152e-03
1.346550399999999925e+00,8.168992306000000259e-01,-1.850619804999999868e-02,-2.491319675999999986e-03
1.346888400000000097e+00,8.154594925000000494e-01,-1.982915236000000123e-02,-2.186536778000000136e-03
1.347226400000000046e+00,8.140420301999999886e-01,-2.057324472000000154e-02,-1.929917281999999918e-03
1.347564399999999996e+00,8.123693333000000516e-01,-2.065432377000000000e-02,-1.756986038999999939e-03
1.347902399999999945e+00,8.107981534000000545e-01,-2.014258675000000012e-02,-1.673370325999999977e-03
1.348240399999999894e+00,8.091376482000000037e-01,-1.919678766999999980e-02,-1.682219288999999918e-03
1.348578400000000066e+00,8.074771135999999627e-01,-1.779494376999999836e-02,-1.766192004999999959e-03
1.348916400000000015e+00,8.057648825000000015e-01,-1.598674418999999902e-02,-1.905935119000000053e-03
1.349254399999999965e+00,8.043466166999999611e-01,-1.354012712000000028e-02,-2.080534540000000213e-03
1.349592399999999914e+00,8.026352613999999663e-01,-1.065852213000000048e-02,-2.394975860000000175e-03
1.349930300000000027e+00,8.010682921999999762e-01,-7.544574745000000131e-03,-2.721165841999999887e-03
1.350268299999999977e+00,7.997216740999999463e-01,-4.760251741000000140e-03,-3.132650721999999995e-03
1.350606299999999926e+00,7.997302157000000244e-01,-1.868171124000000006e-03,-3.702163525000000139e-03
1.350944300000000098e+00,7.995227065000000133e-01,9.091697146999999559e-04,-4.282950405000000328e-03
1.351282300000000047e+00,8.001106582000000467e-01,3.170256761000000197e-03,-4.801915775999999851e-03
1.351620299999999997e+00,8.009791064000000294e-01,4.862842497000000215e-03,-5.279106926000000193e-03
1.351958299999999946e+00,8.017626759999999519e-01,5.847642800999999953e-03,-5.564690752999999768e-03
1.352296299999999896e+00,8.023740059999999730e-01,6.251823747999999716e-03,-5.730227887999999985e-03
1.352634300000000067e+00,8.038277652999999967e-01,6.075157109000000298e-03,-5.785565944000000023e-03
1.352972300000000017e+00,8.050457035000000428e-01,5.448136699000000367e-03,-5.739789827000000080e-03
1.353310299999999966e+00,8.067024533000000108e-01,4.367924853999999649e-03,-5.667552753000000207e-03
1.353648299999999915e+00,8.083331164000000513e-01,2.764934197999999784e-03,-5.554096169999999874e-03
1.353986300000000087e+00,8.101683792999999634e-01,4.411717865000000234e-04,-5.284428746999999919e-03
1.354324300000000036e+00,8.119549385000000008e-01,-2.190444493999999919e-03,-5.004845289000000100e-03
1.354662299999999986e+00,8.137696242999999940e-01,-5.106612378999999743e-03,-4.721515899999999787e-03
1.355000299999999935e+00,8.148141721999999643e-01,-7.865059643999999794e-03,-4.410410642000000062e-03
1.355338300000000107e+00,8.153499033000000118e-01,-1.009011785999999918e-02,-4.142370468000000118e-03
1.355676300000000056e+00,8.160472257999999979e-01,-1.218433925999999959e-02,-3.962739423000000323e-03
1.356014300000000006e+00,8.162648418000000294e-01,-1.382456957999999951e-02,-3.824691218999999847e-03
1.356352199999999897e+00,8.168170018999999504e-01,-1.550121515999999984e-02,-3.800960942000000068e-03
1.356690200000000068e+00,8.181790067999999971e-01,-1.724183144000000084e-02,-3.913614537999999740e-03
1.357028200000000018e+00,8.196280656000000109e-01,-1.833175420999999874e-02,-4.272213609999999696e-03
1.357366199999999967e+00,8.207072719000000349e-01,-1.886661511999999929e-02,-4.688838768000000261e-03
1.357704199999999917e+00,8.206616314000000356e-01,-1.902884390999999911e-02,-5.200283324999999991e-03
1.358042200000000088e+00,8.205541543000000049e-01,-1.907000900999999971e-02,-5.708376266000000053e-03
1.358380200000000038e+00,8.198695221999999783e-01,-1.880127939999999900e-02,-6.289679765999999818e-03
1.358718199999999987e+00,8.190298562000000171e-01,-1.812319935000000076e-02,-6.817560622000000403e-03
1.359056199999999937e+00,8.175367331999999765e-01,-1.721748580999999875e-02,-7.399986201999999950e-03
1.359393400000000085e+00,8.156115022000000048e-01,-1.599444963999999830e-02,-7.823234296000000643e-03
1.359730600000000011e+00,8.137575895999999975e-01,-1.425046389000000045e-02,-8.310615776999999427e-03
1.360067799999999938e+00,8.119403967999999638e-01,-1.209362574000000072e-02,-8.714942293000000825e-03
1.360405000000000086e+00,8.100327727999999672e-01,-9.956503049000000466e-03,-9.054930395999999382e-03
1.360742099999999954e+00,8.088163189999999503e-01,-8.056364292999999149e-03,-9.311096431999999617e-03
1.361079300000000103e+00,8.069381290999999568e-01,-6.049902434000000231e-03,-9.416621421000000505e-03
1.361416500000000029e+00,8.050581267999999957e-01,-4.463349571999999585e-03,-9.238786081999999372e-03
1.361753699999999956e+00,8.041388398000000048e-01,-2.828117267000000018e-03,-8.966374755999999627e-03
1.362090900000000104e+00,8.044470779000000293e-01,-1.170376080999999992e-03,-8.626817154000000418e-03
1.362428100000000031e+00,8.046223498000000252e-01,1.653187187000000038e-04,-8.313395924999999673e-03
1.362765299999999957e+00,8.049658173000000527e-01,1.225826847000000041e-03,-8.016023740999999800e-03
1.363102400000000047e+00,8.049385005000000426e-01,2.056829613000000188e-03,-7.703016049999999830e-03
1.363439599999999974e+00,8.054826898000000401e-01,2.985240927999999877e-03,-7.196344274000000124e-03
1.363776799999999900e+00,8.051188823999999578e-01,3.639863544000000121e-03,-6.655968493999999715e-03
1.364114000000000049e+00,8.047145216000000101e-01,3.679170512999999955e-03,-6.088461982999999848e-03
1.364451199999999975e+00,8.040783057999999484e-01,3.479567210999999841e-03,-5.526254133999999874e-03
1.364788399999999902e+00,8.044188827999999569e-01,3.034994337000000014e-03,-5.066340584000000175e-03
1.365125600000000050e+00,8.043210267000000524e-01,2.191327895000000185e-03,-4.610745731000000409e-03
1.365462699999999918e+00,8.043240850999999747e-01,1.045082151999999955e-03,-4.237466940999999772e-03
1.365799900000000067e+00,8.039671493000000169e-01,-4.369606095000000217e-04,-3.936396303000000083e-03
1.366137099999999993e+00,8.033646344999999522e-01,-2.167261724999999892e-03,-3.561293697999999910e-03
1.366474299999999920e+00,8.026168372999999967e-01,-4.071669059000000181e-03,-3.219756628999999922e-03
1.366811500000000068e+00,8.020618255000000474e-01,-5.891543271999999734e-03,-2.933235548000000161e-03
1.367148699999999995e+00,8.016025656999999915e-01,-7.720987434999999899e-03,-2.727160092999999803e-03
1.367485899999999921e+00,8.015050789000000009e-01,-9.317356138999999607e-03,-2.663225547999999946e-03
1.367823000000000011e+00,8.018103393000000079e-01,-1.062483273000000041e-02,-2.771162942999999892e-03
1.368155999999999928e+00,8.032181202999999492e-01,-1.159293349000000035e-02,-3.062731240999999865e-03
1.368482299999999929e+00,8.050341126000000180e-01,-1.211480799000000039e-02,-3.479851538999999966e-03
1.368803900000000073e+00,8.073666042999999570e-01,-1.232008138000000030e-02,-4.020710331999999797e-03
1.369122299999999903e+00,8.095296239000000504e-01,-1.209202822000000031e-02,-4.684663163000000151e-03
1.369437699999999980e+00,8.116948980999999508e-01,-1.142607309000000064e-02,-5.356156237000000292e-03
1.369751500000000011e+00,8.126837903000000418e-01,-1.062891824000000013e-02,-6.018534964999999910e-03
1.370064600000000077e+00,8.137276660000000161e-01,-9.521102890000000818e-03,-6.760508689000000425e-03
1.370377699999999921e+00,8.143921317000000215e-01,-8.263768755999999910e-03,-7.559066007000000108e-03
1.370690799999999987e+00,8.149498497999999591e-01,-6.816949418999999726e-03,-8.370827003000000377e-03
1.371004700000000076e+00,8.148018439999999973e-01,-5.394099393999999582e-03,-9.146387798000000027e-03
1.371320099999999931e+00,8.145819924999999628e-01,-4.099636832999999959e-03,-9.810891751000000438e-03
1.371636300000000031e+00,8.140013064000000131e-01,-2.506216097999999955e-03,-1.045427363999999922e-02
1.371953999999999896e+00,8.146612440999999594e-01,-8.257345909999999753e-04,-1.108587173999999939e-02
1.372272500000000006e+00,8.144614020999999537e-01,8.776587090999999827e-04,-1.151480315000000081e-02
1.372591799999999918e+00,8.139364045000000436e-01,2.491942088000000111e-03,-1.170429014999999941e-02
1.372911100000000051e+00,8.140649035000000477e-01,3.653024002999999929e-03,-1.179059176000000000e-02
1.373231300000000044e+00,8.145598456000000542e-01,4.665992631000000397e-03,-1.169530522000000045e-02
1.373551399999999978e+00,8.144107010000000146e-01,5.795199279999999759e-03,-1.143161764000000073e-02
1.373871499999999912e+00,8.146177113000000469e-01,6.566589291999999980e-03,-1.103097446999999967e-02
1.374190800000000046e+00,8.149266242999999577e-01,7.010286830999999837e-03,-1.052608053999999974e-02
1.374510099999999957e+00,8.157562260999999815e-01,7.038201984000000411e-03,-9.884931932999999754e-03
1.374828600000000067e+00,8.163000350000000349e-01,6.793166122000000168e-03,-9.138672529999999211e-03
1.375145499999999910e+00,8.179566527999999614e-01,6.411643374999999659e-03,-8.429549252999999145e-03
1.375461599999999951e+00,8.195555146999999874e-01,5.789897972000000032e-03,-7.784235411000000118e-03
1.375776899999999969e+00,8.211487698999999640e-01,5.179705203999999778e-03,-7.179758934999999793e-03
1.376090599999999942e+00,8.228957769000000422e-01,4.392943358999999715e-03,-6.738305124000000361e-03
1.376403499999999891e+00,8.249742303000000554e-01,3.338716966999999858e-03,-6.354244472999999623e-03
1.376715600000000039e+00,8.261613928000000051e-01,2.170614680999999845e-03,-5.984888118000000236e-03
1.377026199999999978e+00,8.270118338999999930e-01,8.243722669000000131e-04,-5.558590656999999949e-03
1.377336700000000080e+00,8.274253585999999938e-01,-7.096559072000000259e-04,-5.227141404999999935e-03
1.377646499999999996e+00,8.280295291999999474e-01,-1.920166413999999924e-03,-4.876525304000000130e-03
1.377956200000000075e+00,8.275907518999999768e-01,-3.195798992000000067e-03,-4.566090543000000078e-03
1.378265999999999991e+00,8.269155124000000523e-01,-4.517373185999999999e-03,-4.203312681999999724e-03
1.378576500000000093e+00,8.262576285999999604e-01,-5.556517367000000235e-03,-3.941234392000000225e-03
1.378887900000000055e+00,8.257364243999999465e-01,-6.388618421999999603e-03,-3.680881141999999863e-03
1.379200800000000005e+00,8.245435825000000385e-01,-7.075927307999999721e-03,-3.385179792000000184e-03
1.379515400000000058e+00,8.239924585000000246e-01,-7.615626638999999955e-03,-3.149166635000000183e-03
1.379832399999999959e+00,8.226475387999999667e-01,-7.989300350999999425e-03,-2.913829022000000071e-03
1.380151200000000022e+00,8.218164813999999652e-01,-8.175733258000000836e-03,-2.736728160000000132e-03
1.380472499999999991e+00,8.203985166999999690e-01,-8.255598434000000277e-03,-2.646290279000000113e-03
1.380797300000000005e+00,8.196808831999999878e-01,-8.246146390000000381e-03,-2.631746317999999942e-03
1.381124800000000041e+00,8.190483145000000409e-01,-8.256959507999999184e-03,-2.767601372999999986e-03
1.381455899999999959e+00,8.185770410999999580e-01,-8.221916052000000780e-03,-2.910041042000000196e-03
1.381789799999999957e+00,8.183002167999999799e-01,-8.334182771999999392e-03,-3.071680593000000042e-03
1.382126600000000094e+00,8.178073127999999636e-01,-8.582727477000000327e-03,-3.141792250999999887e-03
1.382463400000000009e+00,8.168480112999999543e-01,-8.870376217999999258e-03,-3.178072624000000210e-03
1.382800199999999924e+00,8.157268985000000194e-01,-9.055610921999999313e-03,-3.143921336000000000e-03
1.383137000000000061e+00,8.141211878999999874e-01,-9.341569234999999582e-03,-3.106821905999999911e-03
1.383473799999999976e+00,8.126714656000000314e-01,-9.718459045000000726e-03,-3.052807763999999813e-03
1.383810500000000054e+00,8.106012455000000116e-01,-1.028234287999999982e-02,-2.956784746000000116e-03
1.384147299999999969e+00,8.090070013000000282e-01,-1.050839179000000005e-02,-2.839397024999999915e-03
1.384484100000000106e+00,8.077878780999999675e-01,-1.066569822999999945e-02,-2.743094175999999905e-03
1.384820900000000021e+00,8.072337354999999937e-01,-1.060115051000000072e-02,-2.598255035000000129e-03
1.385157699999999936e+00,8.070077873000000013e-01,-1.041524750000000048e-02,-2.547344422000000046e-03
1.385494400000000015e+00,8.072567769999999809e-01,-1.004163834999999977e-02,-2.491217643000000030e-03
1.385831199999999930e+00,8.081452788999999859e-01,-9.335846470000000799e-03,-2.542510287000000150e-03
1.386168000000000067e+00,8.092515541999999451e-01,-8.572632683000000475e-03,-2.558249688000000140e-03
1.386504799999999982e+00,8.096500598000000437e-01,-7.887738755000000060e-03,-2.593893750999999928e-03
1.386841599999999897e+00,8.101713453000000120e-01,-7.017407744999999870e-03,-2.742978008000000051e-03
1.387178299999999975e+00,8.107007425000000156e-01,-6.012157362999999595e-03,-3.061394362000000122e-03
1.387515099999999890e+00,8.105859477000000313e-01,-5.073886821000000297e-03,-3.323360021999999941e-03
1.387851900000000027e+00,8.104840362999999881e-01,-4.528945755000000385e-03,-3.707869627000000019e-03
1.388188699999999942e+00,8.108017227999999577e-01,-4.481403931999999868e-03,-4.146421295000000083e-03
1.388525500000000079e+00,8.108881876000000322e-01,-4.795227762999999983e-03,-4.648881562999999592e-03
1.388862199999999936e+00,8.106254884000000382e-01,-5.453661226000000237e-03,-5.091419001000000236e-03
1.389199000000000073e+00,8.099671661999999772e-01,-5.907916632999999675e-03,-5.571220162999999774e-03
1.389535799999999988e+00,8.096285466999999514e-01,-6.544669226999999881e-03,-6.041151659999999778e-03
1.389872599999999903e+00,8.088875737999999815e-01,-7.371255329000000155e-03,-6.457885291999999715e-03
1.390209400000000040e+00,8.081194253000000272e-01,-8.221194548000000657e-03,-6.866682651000000255e-03
1.390546199999999954e+00,8.069135620999999814e-01,-9.403819064000000505e-03,-7.220712873999999767e-03
1.390882900000000033e+00,8.051049818000000080e-01,-1.055632396000000077e-02,-7.508064535000000088e-03
1.391219699999999948e+00,8.026505254000000367e-01,-1.186684470999999942e-02,-7.670074168000000012e-03
1.391556500000000085e+00,8.008378400000000230e-01,-1.305441624000000002e-02,-7.697831458000000369e-03
1.391893300000000000e+00,7.994880954999999956e-01,-1.392218394999999997e-02,-7.657583826999999656e-03
1.392230099999999915e+00,7.992627024999999774e-01,-1.462928259999999973e-02,-7.499027051999999915e-03
1.392566799999999994e+00,7.989041593000000274e-01,-1.506112474999999999e-02,-7.282823610999999628e-03
1.392903599999999908e+00,7.991978687999999886e-01,-1.531081809000000085e-02,-7.033891716999999752e-03
1.393240400000000045e+00,7.994162837999999605e-01,-1.514226741000000015e-02,-6.849569167000000430e-03
1.393577199999999960e+00,7.994799678999999770e-01,-1.493389269000000054e-02,-6.540534936000000354e-03
1.393914000000000097e+00,7.987248395999999584e-01,-1.482271064999999936e-02,-6.179714105000000228e-03
1.394250699999999954e+00,7.981910761999999604e-01,-1.486629991999999928e-02,-5.713143365999999793e-03
1.394587500000000091e+00,7.976040715000000114e-01,-1.464387095000000034e-02,-5.244753373999999808e-03
1.394924300000000006e+00,7.979484656999999981e-01,-1.450008440000000003e-02,-4.732819941999999794e-03
1.395261099999999921e+00,7.980587805000000090e-01,-1.419217218999999953e-02,-4.280555458999999591e-03
1.395597900000000058e+00,7.983349289000000182e-01,-1.379687955000000014e-02,-3.845803124000000007e-03
1.395934699999999973e+00,7.986945331000000481e-01,-1.363493368999999997e-02,-3.375387962000000151e-03
1.396271400000000051e+00,7.995211550999999917e-01,-1.364225690000000005e-02,-2.980009875000000016e-03
1.396608199999999966e+00,7.996886930000000060e-01,-1.347704490999999949e-02,-2.560594911000000067e-03
1.396945000000000103e+00,7.999813824000000517e-01,-1.337946882000000046e-02,-2.167128198000000013e-03
1.397281800000000018e+00,7.998199741999999501e-01,-1.314175482999999957e-02,-1.765446927999999921e-03
1.397618599999999933e+00,7.991240145000000350e-01,-1.297504109000000017e-02,-1.319218893999999937e-03
1.397955300000000012e+00,7.977295604999999901e-01,-1.322483225999999956e-02,-8.486504260999999574e-04
1.398292099999999927e+00,7.964782901000000415e-01,-1.351168852000000052e-02,-3.993706974000000198e-04
1.398628900000000064e+00,7.948945683999999456e-01,-1.385583657000000017e-02,1.565038897999999868e-05
1.398965699999999979e+00,7.942431183999999478e-01,-1.423814131000000066e-02,2.753084233999999976e-04
1.399302499999999894e+00,7.925466795000000175e-01,-1.452293032999999942e-02,3.903348392999999900e-04
1.399639199999999972e+00,7.912471264999999532e-01,-1.491814219999999976e-02,5.037267835000000353e-04
1.399976000000000109e+00,7.895209847999999919e-01,-1.503031896000000048e-02,5.284893358000000447e-04
1.400312800000000024e+00,7.875765361000000020e-01,-1.513078263000000069e-02,5.239395698000000020e-04
1.400649599999999939e+00,7.854239862999999877e-01,-1.514154952999999942e-02,4.007840189000000039e-04
1.400986400000000076e+00,7.835900835000000342e-01,-1.524502850000000048e-02,2.385089499000000079e-04
1.401323099999999933e+00,7.818195489000000498e-01,-1.510575995000000039e-02,-1.001258703000000024e-04
1.401659900000000070e+00,7.807092566000000122e-01,-1.492403297000000073e-02,-5.552966965999999501e-04
1.401996699999999985e+00,7.794534276000000261e-01,-1.464823611000000067e-02,-1.086231021999999914e-03
1.402333499999999900e+00,7.790553613999999794e-01,-1.410674188999999981e-02,-1.743730901000000062e-03
1.402670300000000037e+00,7.786393254000000264e-01,-1.349014234999999957e-02,-2.414714529000000151e-03
1.403007099999999951e+00,7.782674711000000523e-01,-1.295734607000000038e-02,-2.997200467000000080e-03
1.403343800000000030e+00,7.782817658999999777e-01,-1.243153903999999997e-02,-3.658671508000000197e-03
1.403680599999999945e+00,7.790667366000000316e-01,-1.181672641999999968e-02,-4.332635423000000090e-03
1.404017400000000082e+00,7.798462492000000079e-01,-1.094894656000000056e-02,-4.993152423000000312e-03
1.404354199999999997e+00,7.810912896999999688e-01,-1.028535975000000047e-02,-5.535092452000000066e-03
1.404690999999999912e+00,7.820110503999999629e-01,-9.997927401000000769e-03,-5.947855862000000181e-03
1.405027699999999991e+00,7.829845882000000534e-01,-1.012042055000000017e-02,-6.176596468999999770e-03
1.405364499999999905e+00,7.840885866000000259e-01,-1.038691274999999949e-02,-6.374622608999999662e-03
1.405701300000000042e+00,7.853125439000000485e-01,-1.058143486000000071e-02,-6.488007772999999576e-03
1.406038099999999957e+00,7.860244660999999855e-01,-1.089873740999999958e-02,-6.479915133999999619e-03
1.406374900000000094e+00,7.869815761999999770e-01,-1.092156468000000068e-02,-6.499987976999999605e-03
1.406711599999999951e+00,7.877061065999999556e-01,-1.064379642000000056e-02,-6.462321761000000032e-03
1.407048400000000088e+00,7.885915983000000296e-01,-1.016330904000000042e-02,-6.454518850999999870e-03
1.407385200000000003e+00,7.894198203000000191e-01,-9.292490259000000738e-03,-6.634337260999999958e-03
1.407721999999999918e+00,7.903645740000000419e-01,-8.672013095000000171e-03,-6.780246119000000148e-03
1.408058800000000055e+00,7.917354243999999985e-01,-8.146974806000000652e-03,-6.820719472000000110e-03
1.408395499999999911e+00,7.931723694000000213e-01,-7.218312303999999818e-03,-6.818230108000000213e-03
1.408732300000000048e+00,7.945663668000000346e-01,-6.421333678000000315e-03,-6.796480193000000239e-03
1.409069099999999963e+00,7.966617336000000327e-01,-5.767388176000000193e-03,-6.745424524000000373e-03
1.409405900000000100e+00,7.981166654000000360e-01,-5.012260261999999973e-03,-6.575466400000000433e-03
1.409742700000000015e+00,7.998923567000000290e-01,-4.150421086999999710e-03,-6.364744718000000037e-03
1.410079499999999930e+00,8.017137642999999647e-01,-3.513303122000000119e-03,-6.187400332999999988e-03
1.410416200000000009e+00,8.037265590000000071e-01,-3.137519706999999849e-03,-5.990502527000000042e-03
1.410752999999999924e+00,8.052859621000000301e-01,-2.954229734000000159e-03,-5.692874962000000170e-03
1.411089800000000061e+00,8.066666698000000135e-01,-2.621984490000000157e-03,-5.266176693999999846e-03
1.411426599999999976e+00,8.078823009000000166e-01,-2.522017578999999950e-03,-4.993259310000000388e-03
1.411763399999999891e+00,8.088843653999999717e-01,-2.724737304000000165e-03,-4.680363877000000283e-03
1.412100099999999969e+00,8.078696882000000468e-01,-3.095056906999999954e-03,-4.154416743000000252e-03
1.412436900000000106e+00,8.063713407999999472e-01,-3.749479809999999805e-03,-3.565613803999999852e-03
1.412773700000000021e+00,8.046497277999999920e-01,-4.683299733000000249e-03,-2.979953333999999995e-03
1.413110499999999936e+00,8.030585627999999865e-01,-5.809601545999999728e-03,-2.435059213999999847e-03
1.413447300000000073e+00,8.008698425000000398e-01,-7.050274565000000382e-03,-1.939231121999999974e-03
1.413783999999999930e+00,7.988191022999999724e-01,-8.393787483999999577e-03,-1.374885678000000062e-03
1.414120800000000067e+00,7.969173335000000469e-01,-1.008710709999999927e-02,-8.948461114000000414e-04
1.414457599999999982e+00,7.949336406000000466e-01,-1.168646010000000054e-02,-4.602452615999999856e-04
1.414794399999999897e+00,7.926918472999999743e-01,-1.332288858999999999e-02,-3.417760595999999997e-05
1.415131200000000034e+00,7.908080213999999497e-01,-1.507044408999999932e-02,3.716842400999999956e-04
1.415467999999999948e+00,7.890911963000000195e-01,-1.689031775999999888e-02,7.450872655999999641e-04
1.415804700000000027e+00,7.867485808999999941e-01,-1.853683638000000120e-02,1.137644733000000045e-03
1.416141499999999942e+00,7.845376549000000477e-01,-2.025252244000000021e-02,1.410737307000000090e-03
1.416478300000000079e+00,7.832436526999999593e-01,-2.201111026999999845e-02,1.587240088000000044e-03
1.416815099999999994e+00,7.814247901999999968e-01,-2.363121976999999971e-02,1.729096698000000092e-03
1.417151899999999909e+00,7.803434421999999593e-01,-2.509553959000000029e-02,1.794386261000000069e-03
1.417488599999999987e+00,7.786064387000000142e-01,-2.639535931000000155e-02,1.843707937999999923e-03
1.417825399999999902e+00,7.772362402000000392e-01,-2.776497912999999901e-02,1.850612540999999967e-03
1.418162200000000039e+00,7.767239387000000050e-01,-2.884445639999999936e-02,1.735194462999999901e-03
1.418498999999999954e+00,7.769055480000000014e-01,-2.979165551000000078e-02,1.484941179999999970e-03
1.418835800000000091e+00,7.775310597000000268e-01,-3.065695417000000034e-02,1.089245225999999934e-03
1.419172499999999948e+00,7.780376382000000479e-01,-3.164155916999999985e-02,8.270777616000000347e-04
1.419509300000000085e+00,7.789968208999999977e-01,-3.265928707000000097e-02,6.058867236000000473e-04
1.419846100000000000e+00,7.796500001999999707e-01,-3.391233956999999827e-02,3.970691890999999843e-04
1.420182899999999915e+00,7.804548780000000185e-01,-3.506710992999999971e-02,1.435427408000000129e-04
1.420519700000000052e+00,7.812374619999999936e-01,-3.594184110999999737e-02,-8.871800419000000438e-05
1.420856399999999908e+00,7.815084754000000133e-01,-3.662138360000000148e-02,-2.593671005999999952e-04
1.421193200000000045e+00,7.823748408999999793e-01,-3.702090076999999674e-02,-3.848802645999999930e-04
1.421529999999999960e+00,7.831307975000000310e-01,-3.697395760000000281e-02,-4.899238088000000286e-04
1.421866800000000097e+00,7.844030400000000514e-01,-3.669941639999999700e-02,-6.059353447000000344e-04
1.422203600000000012e+00,7.847894353000000045e-01,-3.558289917000000135e-02,-8.193267151000000435e-04
1.422540399999999927e+00,7.859880647000000442e-01,-3.390324841000000311e-02,-1.082439969999999954e-03
1.422877100000000006e+00,7.857426162999999741e-01,-3.182566575000000259e-02,-1.261991115000000042e-03
1.423213899999999921e+00,7.858165299999999576e-01,-2.965575880999999844e-02,-1.384103365000000085e-03
1.423550700000000058e+00,7.855588340000000391e-01,-2.761080290999999923e-02,-1.508839793999999963e-03
1.423887499999999973e+00,7.858565007000000158e-01,-2.574464959999999900e-02,-1.695828093999999977e-03
1.424224300000000110e+00,7.862835994000000328e-01,-2.398291652999999871e-02,-1.934703109000000072e-03
1.424560999999999966e+00,7.873529645000000299e-01,-2.233266285000000059e-02,-2.146309564999999801e-03
1.424897800000000103e+00,7.884026859999999637e-01,-2.087592079999999947e-02,-2.360929093999999950e-03
1.425234600000000018e+00,7.889835279000000368e-01,-1.988034123999999833e-02,-2.468940438000000182e-03
1.425571399999999933e+00,7.887869630999999604e-01,-1.922968561000000173e-02,-2.503601911000000093e-03
1.425908200000000070e+00,7.885129252999999450e-01,-1.875257400999999838e-02,-2.425906904000000100e-03
1.426244899999999927e+00,7.885521490000000355e-01,-1.827902128999999917e-02,-2.306127489000000044e-03
1.426581700000000064e+00,7.888007942000000439e-01,-1.794961060999999969e-02,-2.074132866999999804e-03
1.426918499999999979e+00,7.895785819999999733e-01,-1.784517142000000001e-02,-1.955758800999999984e-03
1.427255299999999894e+00,7.917949284999999948e-01,-1.775069116999999919e-02,-1.919897806000000085e-03
1.427592100000000030e+00,7.936987428999999761e-01,-1.754431329999999942e-02,-1.868846880999999911e-03
1.427928899999999945e+00,7.953302079999999830e-01,-1.720865955999999891e-02,-1.723990391000000070e-03
1.428265600000000024e+00,7.961394681000000251e-01,-1.675380216999999838e-02,-1.526163168000000065e-03
1.428602399999999939e+00,7.969751979000000430e-01,-1.611513569000000076e-02,-1.373029291999999920e-03
1.428939200000000076e+00,7.968755403999999709e-01,-1.530146966000000067e-02,-1.251381592999999993e-03
1.429275999999999991e+00,7.971725320000000448e-01,-1.446392038000000012e-02,-1.138574365999999892e-03
1.429612799999999906e+00,7.971712618999999833e-01,-1.354783851999999920e-02,-1.057912155000000076e-03
1.429949499999999984e+00,7.978685905000000300e-01,-1.248209714999999956e-02,-1.096874117000000036e-03
1.430286299999999899e+00,7.983467216999999838e-01,-1.137902112000000084e-02,-1.213615180000000068e-03
1.430623100000000036e+00,7.988102741999999479e-01,-1.029714477000000065e-02,-1.355828050999999907e-03
1.430959899999999951e+00,7.981435855999999829e-01,-8.973496356999999951e-03,-1.564103784999999964e-03
1.431296700000000088e+00,7.972698741999999505e-01,-7.937101922999999573e-03,-1.621128482999999914e-03
1.431633399999999945e+00,7.967489198999999633e-01,-7.273244560000000254e-03,-1.700728041999999924e-03
1.431970200000000082e+00,7.964003306000000393e-01,-6.636317329999999633e-03,-1.742247586999999976e-03
1.432306999999999997e+00,7.957965359999999988e-01,-5.720396398000000132e-03,-1.787458289999999941e-03
1.432643799999999912e+00,7.959757616000000535e-01,-4.936868359999999935e-03,-1.760772535000000106e-03
1.432980600000000049e+00,7.957953715000000150e-01,-4.018709399000000224e-03,-1.696643636999999906e-03
1.433317299999999905e+00,7.954184278000000496e-01,-3.070228001999999925e-03,-1.611825413999999970e-03
1.433654100000000042e+00,7.939000328999999967e-01,-2.234592413000000173e-03,-1.456126160000000089e-03
1.433990899999999957e+00,7.926416402000000527e-01,-1.312971491000000006e-03,-1.277943369999999957e-03
1.434327700000000094e+00,7.909424326999999755e-01,-6.006479138000000214e-04,-1.135337990000000099e-03
1.434664500000000009e+00,7.892737920000000296e-01,-1.723907695999999875e-04,-9.570312029999999536e-04
1.435001299999999924e+00,7.872629686000000016e-01,4.163959343999999881e-04,-7.713705725000000527e-04
1.435338000000000003e+00,7.853593545000000509e-01,8.934968120000000335e-04,-5.596739838000000218e-04
1.435674799999999918e+00,7.827815688000000494e-01,1.527632627999999998e-03,-3.694940372999999992e-04
1.436011600000000055e+00,7.815805309000000145e-01,2.025320920999999948e-03,-2.677157976999999887e-04
1.436348399999999970e+00,7.809937504999999724e-01,2.808578861999999968e-03,-2.672419919999999781e-04
1.436685200000000107e+00,7.807552589999999793e-01,3.747384641999999908e-03,-2.791103647000000199e-04
1.437021899999999963e+00,7.804792052000000258e-01,4.904648107999999736e-03,-4.658763677999999795e-04
1.437358700000000100e+00,7.804811352999999619e-01,5.443201550999999909e-03,-6.323843891999999687e-04
1.437695500000000015e+00,7.809374542000000474e-01,5.873949859999999870e-03,-8.903360453999999841e-04
1.438032299999999930e+00,7.825485576999999804e-01,5.923861501000000050e-03,-1.204046389000000029e-03
1.438369100000000067e+00,7.836512554000000241e-01,5.809520890000000222e-03,-1.526126497000000011e-03
1.438705799999999924e+00,7.851833624999999817e-01,5.511109983000000122e-03,-1.793778088000000078e-03
1.439042600000000061e+00,7.873440145000000223e-01,5.064088621999999693e-03,-2.136219066000000135e-03
1.439379399999999976e+00,7.890990692999999556e-01,4.736647275999999844e-03,-2.439490757999999895e-03
1.439716199999999890e+00,7.904800444999999787e-01,4.285686089999999997e-03,-2.752794394999999970e-03
1.440053000000000027e+00,7.924655851999999889e-01,3.665597789999999918e-03,-3.063209132999999799e-03
1.440389799999999942e+00,7.954201665000000254e-01,2.829027292000000152e-03,-3.464882773999999801e-03
1.440726500000000021e+00,7.988530987999999944e-01,1.927184417000000040e-03,-3.800406726999999794e-03
1.441063299999999936e+00,8.012324341000000016e-01,1.465383546999999989e-03,-4.154551416000000323e-03
1.441400100000000073e+00,8.039078641000000358e-01,1.340606638000000099e-03,-4.558885313999999980e-03
1.441736899999999988e+00,8.058370661999999518e-01,1.092150334000000032e-03,-4.943502267999999589e-03
1.442073699999999903e+00,8.081128346000000517e-01,6.231851288000000207e-04,-5.226054261000000201e-03
1.442410399999999981e+00,8.104996437999999470e-01,3.889930536999999799e-04,-5.616135046000000214e-03
1.442747199999999896e+00,8.127620654999999639e-01,2.077573665000000092e-04,-5.918947267999999720e-03
1.443084000000000033e+00,8.143923259999999997e-01,-1.246643048999999937e-04,-6.229502133999999941e-03
1.443420799999999948e+00,8.161369886999999546e-01,-1.622413689999999966e-04,-6.529402008000000091e-03
1.443757600000000085e+00,8.174712546000000302e-01,-3.077312179999999947e-04,-6.738613739000000151e-03
1.444094299999999942e+00,8.187358541999999462e-01,-2.781367357000000067e-04,-6.937192644000000040e-03
1.444431100000000079e+00,8.192465958000000326e-01,-1.422432081000000006e-04,-7.081178086999999691e-03
1.444767899999999994e+00,8.196175393000000309e-01,-3.089793901000000161e-04,-7.114125362999999640e-03
1.445104699999999909e+00,8.199356585000000530e-01,-5.099426494999999976e-04,-7.225117171000000268e-03
1.445441500000000046e+00,8.197667355000000100e-01,-5.794226765999999952e-04,-7.288296177000000257e-03
1.445778199999999902e+00,8.186487843999999958e-01,-2.633229346999999866e-04,-7.346905364999999771e-03
1.446115000000000039e+00,8.180568888000000483e-01,-9.667130811999999698e-06,-7.355650854000000093e-03
1.446451799999999954e+00,8.169837903000000123e-01,2.623103253000000183e-04,-7.346975940999999656e-03
1.446788600000000091e+00,8.159337221000000362e-01,6.474784906999999983e-04,-7.339346852000000129e-03
1.447125400000000006e+00,8.141586652000000202e-01,1.102932778999999967e-03,-7.331819451000000203e-03
1.447462199999999921e+00,8.119370026000000129e-01,1.802960882000000098e-03,-7.248408304000000107e-03
1.447798900000000000e+00,8.091101750000000425e-01,2.411633994000000197e-03,-7.129083034999999895e-03
1.448135699999999915e+00,8.062034290999999797e-01,3.034177059000000079e-03,-7.000671101000000007e-03
1.448472500000000052e+00,8.030670085000000125e-01,3.736422594999999885e-03,-6.940895550000000282e-03
1.448809299999999967e+00,8.002026103999999584e-01,4.385870965999999656e-03,-6.885810332999999991e-03
1.449146100000000104e+00,7.976689458000000288e-01,4.870697951000000324e-03,-6.865474088999999960e-03
1.449482799999999960e+00,7.958014973000000492e-01,4.799325755999999700e-03,-6.787271152000000363e-03
1.449819600000000097e+00,7.939588231999999968e-01,4.761322000999999686e-03,-6.711959190999999651e-03
1.450156400000000012e+00,7.921536994000000220e-01,4.426665272000000415e-03,-6.612370226000000191e-03
1.450493199999999927e+00,7.905117721000000097e-01,4.075397944999999827e-03,-6.549802274999999736e-03
1.450830000000000064e+00,7.893625346000000542e-01,3.676543077000000125e-03,-6.486874180999999823e-03
1.451166699999999921e+00,7.885157293000000234e-01,3.096178794000000074e-03,-6.410633360000000079e-03
1.451503500000000058e+00,7.882903734999999745e-01,2.365876589000000078e-03,-6.268349436000000309e-03
1.451840299999999973e+00,7.888154599000000156e-01,1.498418541000000066e-03,-6.135127364999999611e-03
1.452177100000000110e+00,7.896915909999999705e-01,4.350964290000000167e-04,-5.989076498999999602e-03
1.452513900000000024e+00,7.912458353000000333e-01,-7.430462986000000054e-04,-5.916092629000000054e-03
1.452850699999999939e+00,7.929019632999999567e-01,-2.050631077999999930e-03,-5.744182026999999913e-03
1.453187400000000018e+00,7.941536696000000006e-01,-3.466365285000000060e-03,-5.529213207999999873e-03
1.453524199999999933e+00,7.962703090999999622e-01,-5.269258994000000119e-03,-5.297186615999999876e-03
1.453861000000000070e+00,7.983859401999999772e-01,-6.853983422999999735e-03,-5.063657880999999569e-03
1.454197799999999985e+00,8.001212017000000065e-01,-8.325589865000000006e-03,-4.735925795999999625e-03
1.454534599999999900e+00,8.006190217999999970e-01,-9.538239688999999855e-03,-4.404512127999999672e-03
1.454871299999999978e+00,8.011099441000000265e-01,-1.054849528000000036e-02,-4.045268272000000082e-03
1.455208099999999893e+00,8.013633179000000384e-01,-1.130462339000000080e-02,-3.749554394000000155e-03
1.455544900000000030e+00,8.015533511000000333e-01,-1.185339827999999998e-02,-3.476713007000000171e-03
1.455881699999999945e+00,8.017845006999999580e-01,-1.218879477000000058e-02,-3.340193924000000193e-03
1.456218500000000082e+00,8.016180257999999670e-01,-1.240780296000000039e-02,-3.178694182999999840e-03
1.456555199999999939e+00,8.004750912000000440e-01,-1.230586349000000086e-02,-3.019312929999999878e-03
1.456892000000000076e+00,7.987392405000000029e-01,-1.176184687999999937e-02,-2.769872887999999967e-03
1.457228799999999991e+00,7.966055498999999873e-01,-1.106262078999999988e-02,-2.528211206999999867e-03
1.457565599999999906e+00,7.945941171000000525e-01,-1.032494079000000065e-02,-2.293045642000000103e-03
1.457902400000000043e+00,7.925019597000000360e-01,-9.473496179000000239e-03,-2.078826655000000183e-03
1.458239099999999899e+00,7.904605072000000510e-01,-8.437548899999999449e-03,-1.804929773999999982e-03
1.458575900000000036e+00,7.890738162999999528e-01,-7.366708651000000024e-03,-1.571364489000000005e-03
1.458912699999999951e+00,7.880090621999999989e-01,-6.519842734000000188e-03,-1.305927089999999987e-03
1.459249500000000088e+00,7.866029186999999867e-01,-5.779667090000000125e-03,-9.933539660999999004e-04
1.459586300000000003e+00,7.853377393999999567e-01,-4.926097007999999909e-03,-6.431404985000000124e-04
1.459923099999999918e+00,7.842826979999999448e-01,-4.132377783999999915e-03,-3.591187568999999920e-04
1.460259799999999997e+00,7.838966846999999571e-01,-3.442834588999999900e-03,-8.479193802999999714e-05
1.460596599999999912e+00,7.828710652999999464e-01,-2.825345010999999896e-03,1.806985347000000124e-04
1.460933400000000049e+00,7.815231759999999861e-01,-2.306541741000000135e-03,4.175998459999999781e-04
1.461270199999999964e+00,7.808280811000000154e-01,-2.042258872999999902e-03,4.847805326999999730e-04
1.461607000000000101e+00,7.808345458000000017e-01,-1.991025342999999930e-03,4.227931177999999816e-04
1.461943699999999957e+00,7.803482536000000414e-01,-2.096821198000000091e-03,3.079310488000000143e-04
1.462280500000000094e+00,7.798589635999999548e-01,-2.611936090000000106e-03,2.035162681999999905e-04
1.462617300000000009e+00,7.795621534000000130e-01,-3.344146377999999888e-03,8.539811308999999541e-05
1.462954099999999924e+00,7.794114097000000019e-01,-4.323295143000000298e-03,-6.037524682999999905e-05
1.463290900000000061e+00,7.791970013000000250e-01,-5.545063434000000249e-03,-2.369717248999999898e-04
1.463627599999999918e+00,7.789246988000000371e-01,-6.855560612000000283e-03,-3.877007707999999904e-04
1.463964400000000055e+00,7.789033723999999603e-01,-8.308257943999999146e-03,-5.898804826999999628e-04
1.464301199999999969e+00,7.798316625000000224e-01,-9.428770171000000130e-03,-8.337492055999999726e-04
1.464638000000000106e+00,7.802403327000000388e-01,-1.054575829999999936e-02,-1.018675055999999912e-03
1.464974800000000021e+00,7.808364332999999657e-01,-1.160056169999999949e-02,-1.144275326999999931e-03
1.465311599999999936e+00,7.820457401999999503e-01,-1.291131834000000013e-02,-1.209547184999999964e-03
1.465648300000000015e+00,7.831171179999999454e-01,-1.416595936999999993e-02,-1.233464719000000034e-03
1.465985099999999930e+00,7.844715479999999630e-01,-1.554103977000000081e-02,-1.288503081999999977e-03
1.466321900000000067e+00,7.854632060999999776e-01,-1.720619010999999837e-02,-1.190531888000000019e-03
1.466658699999999982e+00,7.863345000000000473e-01,-1.896459811000000134e-02,-1.134833614999999950e-03
1.466995499999999897e+00,7.863194876000000333e-01,-2.063490968000000064e-02,-9.184727621000000073e-04
1.467332199999999975e+00,7.856836176999999477e-01,-2.222834457999999999e-02,-6.411548458000000325e-04
1.467668999999999890e+00,7.850267398000000396e-01,-2.368272524000000073e-02,-2.974518292999999911e-04
1.468005800000000027e+00,7.835959275999999640e-01,-2.505801494999999879e-02,1.773743776999999920e-04
1.468342599999999942e+00,7.825038282999999817e-01,-2.638853564999999943e-02,6.839943723000000168e-04
1.468679400000000079e+00,7.804269328999999811e-01,-2.753201468000000124e-02,1.254460365000000053e-03
1.469016099999999936e+00,7.777598108000000066e-01,-2.856040732000000165e-02,1.884455568000000057e-03
1.469352900000000073e+00,7.749198851999999915e-01,-2.953144074000000133e-02,2.545717917000000097e-03
1.469689699999999988e+00,7.725317046999999882e-01,-3.042358146999999888e-02,3.276852261000000061e-03
1.470026499999999903e+00,7.700002012000000118e-01,-3.136289500000000174e-02,3.975360578999999686e-03
1.470363300000000040e+00,7.675940270000000121e-01,-3.221842510000000326e-02,4.783539158999999645e-03
1.470699999999999896e+00,7.658603496000000455e-01,-3.262833845000000232e-02,5.506884644000000113e-03
1.471036800000000033e+00,7.644234090000000537e-01,-3.269924451999999676e-02,6.189997073000000176e-03
1.471373599999999948e+00,7.642355518000000236e-01,-3.261299740999999697e-02,6.755439813000000022e-03
1.471710400000000085e+00,7.641080582999999482e-01,-3.235905983000000180e-02,7.334326609000000122e-03
1.472047200000000000e+00,7.643174994000000444e-01,-3.220383150000000194e-02,7.820299815999999515e-03
1.472383999999999915e+00,7.648456214000000086e-01,-3.248644702999999717e-02,8.254760712000000500e-03
1.472720699999999994e+00,7.649440824000000028e-01,-3.310239761000000058e-02,8.639736796999999274e-03
1.473057499999999909e+00,7.654564188000000380e-01,-3.368230023999999739e-02,9.018069699000000328e-03
1.473394300000000046e+00,7.662294906000000072e-01,-3.436380886999999829e-02,9.353674249999999191e-03
1.473731099999999961e+00,7.679300347999999943e-01,-3.509462032999999953e-02,9.547455528999999885e-03
1.474067900000000098e+00,7.694852787999999499e-01,-3.607980211000000326e-02,9.712017275000000074e-03
1.474404599999999954e+00,7.707149932000000314e-01,-3.784962297000000336e-02,9.885224160999999538e-03
1.474741400000000091e+00,7.721007181000000275e-01,-3.973300776000000117e-02,9.882775422999999504e-03
1.475078200000000006e+00,7.739597965000000190e-01,-4.160036710000000054e-02,9.869594752999999790e-03
1.475414999999999921e+00,7.755178547000000089e-01,-4.306953564999999734e-02,9.789477814999999333e-03
1.475751800000000058e+00,7.772608495999999700e-01,-4.457554508000000082e-02,9.644157425999999589e-03
1.476088499999999915e+00,7.784980755000000530e-01,-4.596492631000000106e-02,9.463715407999999385e-03
1.476425300000000052e+00,7.789666608999999964e-01,-4.704448037000000249e-02,9.311774979999999646e-03
1.476762099999999966e+00,7.792623197000000390e-01,-4.811175038999999931e-02,9.151452507000000167e-03
1.477098900000000103e+00,7.802827101000000543e-01,-4.908172825999999878e-02,8.996306327000000783e-03
1.477435700000000018e+00,7.816744581000000247e-01,-4.996338035999999677e-02,8.679562632999999680e-03
1.477772400000000097e+00,7.830486071000000159e-01,-5.068577494999999822e-02,8.300626958000000694e-03
1.478109200000000012e+00,7.838317567000000485e-01,-5.116208817000000159e-02,7.922623246000000050e-03
1.478445999999999927e+00,7.848324960000000461e-01,-5.137547491999999716e-02,7.556615893999999931e-03
1.478782800000000064e+00,7.851863656999999996e-01,-5.152849420999999763e-02,7.153401769000000167e-03
1.479119599999999979e+00,7.858506694000000348e-01,-5.166355769000000042e-02,6.709681078999999576e-03
1.479456399999999894e+00,7.864848191000000099e-01,-5.152413910999999874e-02,6.267821498000000421e-03
1.479793099999999972e+00,7.865833299000000167e-01,-5.119636604999999729e-02,5.792502100000000188e-03
1.480129900000000109e+00,7.866409623000000240e-01,-5.061595197000000323e-02,5.285450173999999869e-03
1.480466700000000024e+00,7.868831390999999620e-01,-4.976390110000000061e-02,4.714208462000000002e-03
1.480803499999999939e+00,7.870637115999999933e-01,-4.875783929000000044e-02,4.197384240000000093e-03
1.481140300000000076e+00,7.876588825000000460e-01,-4.746038873999999796e-02,3.732620447999999806e-03
1.481476999999999933e+00,7.885193819000000381e-01,-4.597993566999999948e-02,3.370467367000000089e-03
1.481813800000000070e+00,7.902746343000000007e-01,-4.434951857999999691e-02,3.057890621999999857e-03
1.482150599999999985e+00,7.912406132999999508e-01,-4.246288939000000123e-02,2.745858088999999971e-03
1.482487399999999900e+00,7.924808117999999624e-01,-4.051101030999999797e-02,2.467606207999999829e-03
1.482824200000000037e+00,7.936521789999999577e-01,-3.878187438999999848e-02,2.197634730000000078e-03
1.483160899999999893e+00,7.940894136999999686e-01,-3.710204632999999919e-02,2.003718667000000189e-03
1.483497700000000030e+00,7.939643330000000221e-01,-3.577782563000000277e-02,1.915044560000000009e-03
1.483834499999999945e+00,7.938727459000000097e-01,-3.453918296999999860e-02,1.906239401000000026e-03
1.484171300000000082e+00,7.934607036999999918e-01,-3.359163588999999894e-02,1.880199221999999913e-03
1.484508099999999997e+00,7.933289566000000237e-01,-3.311636418999999720e-02,1.909477924999999909e-03
1.484844899999999912e+00,7.927759367000000168e-01,-3.283608432000000021e-02,1.949829214999999937e-03
1.485174299999999947e+00,7.927007780000000503e-01,-3.247407578000000017e-02,1.893703178999999988e-03
1.485489800000000082e+00,7.929441086999999833e-01,-3.185542101000000265e-02,1.750677674000000088e-03
1.485798500000000022e+00,7.933924863000000327e-01,-3.116624980000000031e-02,1.459940790999999941e-03
1.486100600000000105e+00,7.933542128999999665e-01,-3.067458064000000081e-02,1.137788434000000038e-03
1.486396400000000062e+00,7.932526702000000096e-01,-3.019606412999999850e-02,7.940904493999999692e-04
1.486692099999999961e+00,7.925228684999999773e-01,-2.970006957999999850e-02,4.416231224000000035e-04
1.486981399999999898e+00,7.929242103000000430e-01,-2.931864483000000063e-02,5.404745177999999964e-05
1.487270700000000057e+00,7.922701203999999997e-01,-2.897922010999999867e-02,-2.906288313999999757e-04
1.487559999999999993e+00,7.913806477000000505e-01,-2.881253368999999939e-02,-6.633281935999999933e-04
1.487849299999999930e+00,7.909864949999999562e-01,-2.865007451000000163e-02,-1.078167447000000050e-03
1.488138600000000089e+00,7.902510525000000507e-01,-2.819658815000000013e-02,-1.462287818000000033e-03
1.488427900000000026e+00,7.893092147000000391e-01,-2.788681583000000158e-02,-1.717867420999999927e-03
1.488717199999999963e+00,7.878503422999999506e-01,-2.750085085999999859e-02,-1.859075063999999925e-03
1.489014099999999896e+00,7.861794355000000234e-01,-2.696361935999999973e-02,-2.017251264000000099e-03
1.489311000000000051e+00,7.859844085999999619e-01,-2.652281832999999964e-02,-2.091530149000000137e-03
1.489608000000000043e+00,7.854298825000000095e-01,-2.600480155999999876e-02,-2.027749039999999971e-03
1.489913599999999949e+00,7.829616186000000200e-01,-2.522752211999999827e-02,-1.818834290000000001e-03
1.490219299999999913e+00,7.817627535000000183e-01,-2.449930747999999950e-02,-1.580935924000000103e-03
1.490524900000000041e+00,7.810181460999999770e-01,-2.413909378999999980e-02,-1.179484911000000004e-03
1.490840699999999908e+00,7.798776538999999675e-01,-2.391046830000000123e-02,-8.195856213000000078e-04
1.491156600000000054e+00,7.790002432999999504e-01,-2.412764305000000137e-02,-3.221077770999999880e-04
1.491472399999999920e+00,7.775503085999999620e-01,-2.404337172999999883e-02,1.639130565000000055e-04
1.491788300000000067e+00,7.763375137000000370e-01,-2.415992881999999911e-02,6.356130557999999705e-04
1.492104099999999933e+00,7.744114005000000134e-01,-2.437611292999999901e-02,1.173444824000000010e-03
1.492433099999999957e+00,7.715374041000000460e-01,-2.461675035000000095e-02,1.647405654999999991e-03
1.492762099999999981e+00,7.702491675000000537e-01,-2.464765802000000103e-02,2.059607768000000158e-03
1.493091100000000004e+00,7.694248661999999461e-01,-2.427019517999999890e-02,2.378636738000000032e-03
1.493420100000000028e+00,7.676287546000000184e-01,-2.404057235000000084e-02,2.769717867000000104e-03
1.493749100000000052e+00,7.665785357000000078e-01,-2.364761108999999945e-02,3.149917775999999843e-03
1.494078100000000076e+00,7.654847232999999473e-01,-2.317149131000000029e-02,3.568827551000000077e-03
1.494407100000000099e+00,7.648944628999999606e-01,-2.264435240000000141e-02,3.929009928000000429e-03
1.494736099999999901e+00,7.644679009000000525e-01,-2.230777478999999841e-02,4.339398147000000233e-03
1.495065099999999925e+00,7.652243113000000152e-01,-2.207513989999999870e-02,4.670171019000000229e-03
1.495394099999999948e+00,7.644383853999999756e-01,-2.146342932000000134e-02,5.001590923999999980e-03
1.495722999999999914e+00,7.644593823999999982e-01,-2.092441473000000024e-02,5.289140892000000239e-03
1.496051999999999937e+00,7.643714121000000361e-01,-2.052189972000000029e-02,5.514518282999999674e-03
1.496380999999999961e+00,7.643033509000000114e-01,-1.998010937999999959e-02,5.615847051000000430e-03
1.496709999999999985e+00,7.650304783000000386e-01,-1.914469753999999829e-02,5.538936415999999585e-03
1.497039000000000009e+00,7.656839787000000452e-01,-1.847533030999999951e-02,5.419442830999999725e-03
1.497368000000000032e+00,7.660274194999999731e-01,-1.756656255000000125e-02,5.179643488000000053e-03
1.497697000000000056e+00,7.670110890000000348e-01,-1.655730639999999920e-02,4.760611627000000193e-03
1.498026000000000080e+00,7.683901410000000265e-01,-1.593076218999999946e-02,4.125106037000000198e-03
1.498355000000000103e+00,7.700684317999999529e-01,-1.532842035000000006e-02,3.459295052000000044e-03
1.498683999999999905e+00,7.713339339000000461e-01,-1.432427219000000085e-02,2.797790650000000091e-03
1.499012999999999929e+00,7.721598853000000151e-01,-1.334345770999999931e-02,2.152846139999999801e-03
1.499341999999999953e+00,7.727458291000000035e-01,-1.217815510999999996e-02,1.403849006999999954e-03
1.499670999999999976e+00,7.727746707000000548e-01,-1.084787738000000078e-02,6.940609149999999545e-04
1.500000000000000000e+00,7.721864960000000000e-01,-9.516624083999999234e-03,1.877814196000000127e-05
