time_s,CD,CL,CM
2.400000000000000061e-04,1.756914152999999956e+01,8.945036957999999427e-02,-8.203824869000000408e-01
4.327403600000000053e-04,-4.468973450000000014e+00,-2.657936954999999893e-02,2.468048411000000053e-01
6.372049699999999661e-04,1.139835831000000077e+00,-1.375962598000000101e-03,-3.327661985000000128e-02
8.482930799999999693e-04,1.136723888999999987e+00,5.106132630000000290e-03,-3.375775261999999777e-02
1.064124700000000081e-03,1.185514029999999996e+00,9.041195414999999777e-03,-3.644008125999999986e-02
1.283947400000000046e-03,1.221371645999999922e+00,8.095913519999999378e-03,-3.809405846999999734e-02
1.507778800000000039e-03,1.234104467999999954e+00,7.032617538999999703e-03,-3.959550448000000167e-02
1.735422500000000090e-03,1.237669958999999986e+00,1.245649821999999900e-03,-4.026838245000000094e-02
1.966653799999999903e-03,1.231303835999999929e+00,-7.252223535000000380e-03,-4.062950340000000271e-02
2.201073500000000176e-03,1.222857711000000069e+00,-1.505251368999999985e-02,-4.110844857999999824e-02
2.438394699999999783e-03,1.214101740000000040e+00,-2.306074492000000087e-02,-4.218769199999999886e-02
2.678536500000000195e-03,1.207791293000000099e+00,-3.013285844000000019e-02,-4.321206454999999835e-02
2.921173300000000101e-03,1.200467543000000026e+00,-3.667356739000000171e-02,-4.407247046999999973e-02
3.165796399999999938e-03,1.193061751999999975e+00,-4.257104225000000325e-02,-4.475414585999999695e-02
3.412032499999999909e-03,1.187093876999999909e+00,-4.874395581000000310e-02,-4.565080979000000344e-02
3.659328999999999794e-03,1.184645021999999992e+00,-5.471133666999999923e-02,-4.657402182999999946e-02
3.906789400000000058e-03,1.180780404999999922e+00,-6.006890620000000097e-02,-4.743287724999999816e-02
4.154167799999999681e-03,1.177956962999999968e+00,-6.419372238999999924e-02,-4.804385209999999934e-02
4.401382199999999759e-03,1.174181342000000017e+00,-6.731350278000000631e-02,-4.843802499000000178e-02
4.648269200000000080e-03,1.171414621000000045e+00,-6.941781079000000632e-02,-4.875350246000000054e-02
4.894747900000000380e-03,1.168901514000000086e+00,-7.112508099000000583e-02,-4.896134298999999662e-02
5.140657199999999934e-03,1.167172810000000061e+00,-7.235778130999999391e-02,-4.884801692000000084e-02
5.385838100000000031e-03,1.163893633000000039e+00,-7.380931715999999865e-02,-4.856011076999999787e-02
5.630294499999999834e-03,1.161683100000000080e+00,-7.561777985999999785e-02,-4.820231926000000111e-02
5.874030399999999839e-03,1.159418156000000089e+00,-7.680460469000000012e-02,-4.780062385000000136e-02
6.117049999999999745e-03,1.155236783000000100e+00,-7.820887454000000072e-02,-4.742019682999999708e-02
6.359357199999999578e-03,1.151599650000000086e+00,-7.925364858000000234e-02,-4.701832589999999784e-02
6.601112899999999999e-03,1.147658394000000026e+00,-8.039700066999999617e-02,-4.663324657000000178e-02
6.842554600000000029e-03,1.142735990999999895e+00,-8.105964984999999845e-02,-4.630881142999999922e-02
7.083839500000000365e-03,1.137719643999999919e+00,-8.120856680000000660e-02,-4.594953330999999863e-02
7.325202700000000081e-03,1.133086030999999938e+00,-8.107163258999999789e-02,-4.553048210999999929e-02
7.566723000000000025e-03,1.127965837999999943e+00,-8.035545091000000084e-02,-4.508226516999999656e-02
7.808557899999999698e-03,1.123980317000000007e+00,-7.933184606000000250e-02,-4.464658296000000026e-02
8.050708499999999906e-03,1.119798424000000070e+00,-7.788182789000000494e-02,-4.413789444999999950e-02
8.293254800000000176e-03,1.114982582999999972e+00,-7.636326899999999751e-02,-4.376440648999999766e-02
8.536357700000000298e-03,1.108804895000000013e+00,-7.495217379000000679e-02,-4.334571245999999795e-02
8.780180000000000276e-03,1.103737957999999963e+00,-7.373219440999999319e-02,-4.313515823999999887e-02
9.024887699999999471e-03,1.098111188000000071e+00,-7.242408659000000581e-02,-4.272733228000000216e-02
9.270650599999999408e-03,1.091668555000000040e+00,-7.125999045000000476e-02,-4.233339490000000149e-02
9.517560399999999698e-03,1.086508052999999974e+00,-6.972056802999999914e-02,-4.190802620999999756e-02
9.765628199999999356e-03,1.081731973999999985e+00,-6.792999507999999964e-02,-4.152806039000000310e-02
1.001486499999999953e-02,1.076970261999999900e+00,-6.631014346999999920e-02,-4.116998827999999999e-02
1.026519899999999916e-02,1.071546639999999995e+00,-6.445585165999999366e-02,-4.075305053000000122e-02
1.051655299999999967e-02,1.066119226000000086e+00,-6.288200107999999955e-02,-4.042465320000000056e-02
1.076876400000000011e-02,1.061078482999999961e+00,-6.169781274000000343e-02,-4.006051498999999710e-02
1.102175199999999924e-02,1.056373046000000038e+00,-6.087470261999999854e-02,-3.971481386999999724e-02
1.127534799999999927e-02,1.051565580000000111e+00,-6.017854980000000159e-02,-3.945956429999999959e-02
1.152946699999999984e-02,1.048026217999999954e+00,-5.992790413000000094e-02,-3.925594317000000166e-02
1.178402400000000058e-02,1.044996376000000060e+00,-5.997848303000000159e-02,-3.925973410999999968e-02
1.203884499999999941e-02,1.043140675999999933e+00,-6.022439710000000029e-02,-3.938958773000000163e-02
1.229392999999999979e-02,1.040864838000000070e+00,-6.021290199999999870e-02,-3.964226170000000049e-02
1.254927999999999946e-02,1.039805099999999927e+00,-6.050726379000000155e-02,-3.989961706000000330e-02
1.280480699999999965e-02,1.038738978000000035e+00,-6.057571700000000114e-02,-4.023194001000000158e-02
1.306060000000000033e-02,1.039101091000000032e+00,-6.067391158000000340e-02,-4.061716968000000233e-02
1.331665999999999926e-02,1.038148338000000059e+00,-6.084085436000000180e-02,-4.115299588000000119e-02
1.357271900000000045e-02,1.038435428999999965e+00,-6.130359038000000177e-02,-4.172039327000000297e-02
1.382842299999999941e-02,1.037696956000000004e+00,-6.158716070999999820e-02,-4.230223042999999711e-02
1.408386099999999960e-02,1.038155527000000022e+00,-6.201324509000000207e-02,-4.297238586999999749e-02
1.433912099999999981e-02,1.037264551000000035e+00,-6.226155790000000023e-02,-4.362034766000000285e-02
1.459420500000000072e-02,1.037847487000000068e+00,-6.245527414999999666e-02,-4.435407309000000131e-02
1.484928800000000042e-02,1.036987190000000059e+00,-6.267687736999999482e-02,-4.490760310999999949e-02
1.510446099999999958e-02,1.035656485000000071e+00,-6.318170804999999335e-02,-4.541153230000000152e-02
1.535989899999999977e-02,1.032885088000000007e+00,-6.371844941000000262e-02,-4.573886290999999715e-02
1.561578199999999993e-02,1.031067997000000069e+00,-6.425261156000000584e-02,-4.600085120999999888e-02
1.587229000000000070e-02,1.028516044999999934e+00,-6.457735674999999509e-02,-4.615880253000000100e-02
1.612951799999999894e-02,1.026939088000000000e+00,-6.494171710000000430e-02,-4.626373496999999779e-02
1.638755999999999893e-02,1.024432966000000000e+00,-6.499102649999999315e-02,-4.625949822000000045e-02
1.664651199999999873e-02,1.022737406000000071e+00,-6.485262327999999354e-02,-4.619368633999999807e-02
1.690647400000000120e-02,1.021152826000000013e+00,-6.428272302000000160e-02,-4.605230525000000158e-02
1.716754800000000122e-02,1.019259941999999919e+00,-6.356057643000000146e-02,-4.580681552000000212e-02
1.742974200000000154e-02,1.016947921000000088e+00,-6.271889791000000158e-02,-4.553373281999999883e-02
1.769316099999999892e-02,1.015171427999999931e+00,-6.186317674999999849e-02,-4.528253034000000177e-02
1.795772299999999835e-02,1.013016477000000082e+00,-6.106417395000000164e-02,-4.491273011000000009e-02
1.822334100000000054e-02,1.011381116999999996e+00,-6.018720604999999724e-02,-4.454459103999999781e-02
1.849002300000000126e-02,1.009859899999999922e+00,-5.933171595000000242e-02,-4.417226894000000209e-02
1.875777899999999873e-02,1.008729436000000090e+00,-5.859120252999999723e-02,-4.382316701999999786e-02
1.902652000000000163e-02,1.006669062000000059e+00,-5.746354383999999899e-02,-4.347764887000000328e-02
1.929615200000000044e-02,1.005162077000000043e+00,-5.671626292000000319e-02,-4.306759855000000248e-02
1.956658299999999850e-02,1.002438170000000017e+00,-5.579585623999999688e-02,-4.258564237999999669e-02
1.983781700000000064e-02,1.001039675999999989e+00,-5.514990394000000157e-02,-4.217376838999999794e-02
2.010985900000000076e-02,9.991057415999999858e-01,-5.455259258999999722e-02,-4.184958540000000005e-02
2.038251199999999846e-02,9.980392707999999891e-01,-5.435760544999999888e-02,-4.158171328000000166e-02
2.065577700000000017e-02,9.962163689999999905e-01,-5.426011180999999739e-02,-4.123247834999999722e-02
2.092965700000000082e-02,9.951841766000000256e-01,-5.420830341999999941e-02,-4.081588302999999973e-02
2.120394999999999919e-02,9.933414855000000099e-01,-5.392335213999999849e-02,-4.047437893999999980e-02
2.147865700000000169e-02,9.919612495999999835e-01,-5.375036208000000260e-02,-4.007516603999999871e-02
2.175377800000000139e-02,9.902289187999999687e-01,-5.366748572999999883e-02,-3.976900966000000009e-02
2.202921099999999993e-02,9.893756965000000125e-01,-5.342345344999999829e-02,-3.945584306000000235e-02
2.230485399999999896e-02,9.884351142999999729e-01,-5.307869141000000346e-02,-3.913351940999999778e-02
2.258059999999999928e-02,9.879775328000000023e-01,-5.255954439999999811e-02,-3.867481001999999862e-02
2.285624199999999884e-02,9.870483431000000030e-01,-5.173155282999999938e-02,-3.816573077999999702e-02
2.313178000000000109e-02,9.870281555000000040e-01,-5.097893566000000209e-02,-3.771771152000000238e-02
2.340721299999999963e-02,9.858677578000000219e-01,-4.996415112000000130e-02,-3.720252653000000187e-02
2.368243800000000010e-02,9.852213783000000058e-01,-4.913696456000000296e-02,-3.666522742000000168e-02
2.395734999999999879e-02,9.836354077000000196e-01,-4.808574984999999802e-02,-3.623116930999999846e-02
2.423205399999999940e-02,9.822273313999999589e-01,-4.727129876999999758e-02,-3.575910690999999780e-02
2.450654999999999847e-02,9.806813666000000485e-01,-4.648488963999999890e-02,-3.531999456999999898e-02
2.478094200000000025e-02,9.795309138000000138e-01,-4.597885360000000116e-02,-3.487003059999999738e-02
2.505512699999999995e-02,9.778313211000000393e-01,-4.540045806999999656e-02,-3.453810244999999668e-02
2.532920799999999889e-02,9.773551077000000031e-01,-4.481746692000000004e-02,-3.419454042000000249e-02
2.560328900000000130e-02,9.760686289000000126e-01,-4.392865449999999727e-02,-3.389853940999999760e-02
2.587737099999999971e-02,9.755943378000000443e-01,-4.354816957000000321e-02,-3.367603932999999744e-02
2.615145199999999864e-02,9.745365468000000142e-01,-4.314900971999999918e-02,-3.347055448999999849e-02
2.642563699999999835e-02,9.748912263000000245e-01,-4.310923693000000279e-02,-3.341273385000000096e-02
2.669992599999999883e-02,9.743384234999999949e-01,-4.305550956999999734e-02,-3.345921807999999859e-02
2.697442300000000084e-02,9.750365743000000140e-01,-4.338824200000000048e-02,-3.350320464999999998e-02
2.724912900000000041e-02,9.744168819999999842e-01,-4.356317721999999892e-02,-3.362143652999999982e-02
2.752414799999999828e-02,9.743329101000000048e-01,-4.403336120999999659e-02,-3.368979645999999745e-02
2.779948200000000036e-02,9.727252606999999829e-01,-4.423768167000000084e-02,-3.376491734999999966e-02
2.807502599999999945e-02,9.723199049999999843e-01,-4.481798225999999996e-02,-3.379426435999999950e-02
2.835088599999999875e-02,9.707167650000000370e-01,-4.522638723999999888e-02,-3.392892411000000136e-02
2.862706200000000173e-02,9.701626617999999924e-01,-4.588185502000000082e-02,-3.408136848999999968e-02
2.890208000000000013e-02,9.690002130999999519e-01,-4.626352692999999988e-02,-3.431441769000000142e-02
2.917584599999999834e-02,9.683005582000000500e-01,-4.694240100000000165e-02,-3.449909164000000000e-02
2.944836899999999855e-02,9.662095274999999983e-01,-4.729251272999999978e-02,-3.475444076999999882e-02
2.971976299999999974e-02,9.651404434999999449e-01,-4.793342527000000325e-02,-3.505440667000000315e-02
2.999003700000000064e-02,9.630618082999999885e-01,-4.832857914000000116e-02,-3.539456407000000221e-02
3.025919999999999999e-02,9.622724545999999934e-01,-4.889327112999999891e-02,-3.570488456999999782e-02
3.052735999999999991e-02,9.608721722999999937e-01,-4.924235378999999857e-02,-3.604073702999999879e-02
3.079452400000000020e-02,9.603324805999999825e-01,-4.980175466999999662e-02,-3.625552483999999742e-02
3.106069900000000064e-02,9.586008518999999950e-01,-4.993531797999999772e-02,-3.642823852000000306e-02
3.132598999999999800e-02,9.578128228000000188e-01,-5.049462118999999832e-02,-3.651010176999999746e-02
3.159030599999999855e-02,9.565297747000000017e-01,-5.080408633999999868e-02,-3.667182514999999671e-02
3.185374900000000065e-02,9.559215107999999850e-01,-5.121097818999999912e-02,-3.681253302000000310e-02
3.211632500000000112e-02,9.546328064000000335e-01,-5.134722517999999736e-02,-3.682206360999999706e-02
3.237803999999999682e-02,9.543270705999999937e-01,-5.131051082000000207e-02,-3.690134332000000184e-02
3.263889899999999900e-02,9.537629921000000399e-01,-5.112010651999999988e-02,-3.690230377999999950e-02
3.289900099999999716e-02,9.533472415000000533e-01,-5.082020114000000005e-02,-3.689754664000000073e-02
3.315835000000000310e-02,9.526574026999999889e-01,-5.044544575999999891e-02,-3.693785822000000135e-02
3.341695100000000029e-02,9.518098836999999701e-01,-4.967489928999999776e-02,-3.696402631000000188e-02
3.367499300000000029e-02,9.515050189999999519e-01,-4.854580929999999933e-02,-3.700411853999999862e-02
3.393247900000000150e-02,9.513001345999999581e-01,-4.722721918000000185e-02,-3.712464299999999884e-02
3.418941000000000341e-02,9.507018422999999885e-01,-4.584374488000000220e-02,-3.723102167000000295e-02
3.444578899999999749e-02,9.504968942000000531e-01,-4.457828050999999847e-02,-3.724999026999999824e-02
3.470152700000000284e-02,9.503154971999999701e-01,-4.335664774999999777e-02,-3.729890987000000074e-02
3.495680799999999894e-02,9.501684245000000528e-01,-4.222295078999999812e-02,-3.730520240000000098e-02
3.521190700000000062e-02,9.504266907999999736e-01,-4.081590189999999979e-02,-3.735363157999999767e-02
3.546691600000000111e-02,9.505269668000000394e-01,-3.942974258999999704e-02,-3.743469324999999792e-02
3.572201500000000279e-02,9.511908351000000206e-01,-3.808702877000000320e-02,-3.749074113999999874e-02
3.597729699999999836e-02,9.520791346000000432e-01,-3.682988045999999877e-02,-3.751942451000000317e-02
3.623294400000000304e-02,9.532058181000000463e-01,-3.560107386999999957e-02,-3.756731116999999925e-02
3.648886600000000174e-02,9.543050690000000058e-01,-3.457663344999999805e-02,-3.764216792999999783e-02
3.674506400000000089e-02,9.556050314999999795e-01,-3.380952663000000302e-02,-3.776441285999999897e-02
3.700153800000000048e-02,9.569330134000000321e-01,-3.316577905999999742e-02,-3.786270063000000269e-02
3.725810499999999970e-02,9.583707765000000212e-01,-3.262248304999999793e-02,-3.803579208999999933e-02
3.751485599999999920e-02,9.594258507999999797e-01,-3.215843424999999950e-02,-3.822865453999999691e-02
3.777169999999999833e-02,9.602564917999999450e-01,-3.188526659000000263e-02,-3.840380278000000286e-02
3.802882199999999685e-02,9.612837068999999790e-01,-3.197664391999999883e-02,-3.849501352000000293e-02
3.828622300000000117e-02,9.625446496999999768e-01,-3.205099822000000154e-02,-3.861635094000000212e-02
3.854399700000000345e-02,9.634390483000000449e-01,-3.218291119000000339e-02,-3.866777670999999722e-02
3.880214500000000316e-02,9.642582702999999977e-01,-3.223088260999999732e-02,-3.871145589000000303e-02
3.906066899999999925e-02,9.650284565000000203e-01,-3.236488910000000219e-02,-3.873368248000000347e-02
3.931956899999999866e-02,9.658947259000000285e-01,-3.270551358999999880e-02,-3.876845394000000278e-02
3.957875200000000177e-02,9.674520918000000247e-01,-3.332506332000000071e-02,-3.887581851000000005e-02
3.983803000000000344e-02,9.683110702999999653e-01,-3.388436079999999906e-02,-3.894757366999999915e-02
4.009740199999999727e-02,9.689113920999999907e-01,-3.465464105999999794e-02,-3.895657563999999767e-02
4.035687000000000302e-02,9.692312414000000542e-01,-3.538996568000000315e-02,-3.896037415999999837e-02
4.061652699999999949e-02,9.689438067000000210e-01,-3.638111894999999929e-02,-3.899992879999999995e-02
4.087627900000000147e-02,9.683709826999999937e-01,-3.720181228000000312e-02,-3.910248738000000196e-02
4.113631699999999863e-02,9.670537468000000025e-01,-3.806235712000000104e-02,-3.915785164999999873e-02
4.139654599999999934e-02,9.654690193999999615e-01,-3.881173814999999694e-02,-3.919825459000000206e-02
4.165715799999999969e-02,9.639659809999999718e-01,-3.967603479000000183e-02,-3.927362484000000015e-02
4.191815399999999914e-02,9.623632199999999637e-01,-4.059567470000000067e-02,-3.933712494000000254e-02
4.217953499999999717e-02,9.611988889000000480e-01,-4.102848312000000053e-02,-3.942197507999999767e-02
4.244139999999999718e-02,9.588618619000000010e-01,-4.154500900000000080e-02,-3.950368435999999928e-02
4.270374999999999865e-02,9.568158316000000552e-01,-4.188096032000000052e-02,-3.957071044999999759e-02
4.296668499999999752e-02,9.545862251000000187e-01,-4.196384927999999986e-02,-3.966307902999999940e-02
4.323011100000000162e-02,9.521592234000000321e-01,-4.207828851999999981e-02,-3.979477960000000342e-02
4.349402799999999708e-02,9.499270150999999940e-01,-4.200610084999999855e-02,-4.000970838000000168e-02
4.375843900000000314e-02,9.479012285000000260e-01,-4.177695542999999845e-02,-4.025909854999999704e-02
4.402344500000000133e-02,9.462855176000000146e-01,-4.163528222000000001e-02,-4.052344826999999816e-02
4.428894900000000107e-02,9.447863951999999621e-01,-4.128885203999999726e-02,-4.072987817999999816e-02
4.455505500000000313e-02,9.430472175999999873e-01,-4.075124238999999760e-02,-4.095022216000000076e-02
4.482176300000000058e-02,9.414134455999999540e-01,-4.012655409000000228e-02,-4.115304645000000122e-02
4.508907899999999719e-02,9.399816461000000123e-01,-3.974142893000000287e-02,-4.126568692000000260e-02
4.535710600000000120e-02,9.389035530999999546e-01,-3.942090399999999967e-02,-4.136005484000000038e-02
4.562584799999999663e-02,9.381526950999999892e-01,-3.905279445999999821e-02,-4.144164104999999848e-02
4.589541400000000243e-02,9.374753755000000410e-01,-3.866268231000000166e-02,-4.146053418000000129e-02
4.616591099999999698e-02,9.369815937000000039e-01,-3.813388496000000294e-02,-4.140975690999999792e-02
4.643734699999999688e-02,9.367973343000000064e-01,-3.770776029000000307e-02,-4.129710771999999669e-02
4.670983499999999816e-02,9.371892281000000491e-01,-3.730651695000000018e-02,-4.118417290999999703e-02
4.698348799999999686e-02,9.383640868000000523e-01,-3.658653081999999751e-02,-4.110083491000000172e-02
4.725831900000000002e-02,9.395539131000000266e-01,-3.592372996999999846e-02,-4.104438525000000254e-02
4.753422899999999729e-02,9.411054952999999834e-01,-3.533679217999999983e-02,-4.100470495999999909e-02
4.781122599999999834e-02,9.422410263999999591e-01,-3.495271024999999782e-02,-4.089297013999999841e-02
4.808910100000000215e-02,9.437701041999999596e-01,-3.445462123999999682e-02,-4.076308193000000024e-02
4.836785799999999969e-02,9.449784024999999810e-01,-3.404243807000000011e-02,-4.056415801999999765e-02
4.864717000000000346e-02,9.464676990000000512e-01,-3.370283553000000265e-02,-4.034295029999999949e-02
4.892692800000000147e-02,9.479631482000000497e-01,-3.339208473000000038e-02,-4.011074299999999732e-02
4.920679699999999657e-02,9.493312793000000527e-01,-3.302194209999999991e-02,-3.982614736000000127e-02
4.948666699999999807e-02,9.506125149999999913e-01,-3.275081036000000029e-02,-3.956598675999999787e-02
4.976642500000000302e-02,9.515278663999999775e-01,-3.260144825999999885e-02,-3.930760985000000124e-02
5.004595900000000097e-02,9.525472024000000149e-01,-3.241286228000000297e-02,-3.911853525999999664e-02
5.032504699999999775e-02,9.537099478999999658e-01,-3.242342746000000109e-02,-3.898388520999999940e-02
5.060358000000000217e-02,9.549963769000000546e-01,-3.248265166000000037e-02,-3.881584463999999957e-02
5.088145000000000168e-02,9.556503190999999786e-01,-3.271956064999999997e-02,-3.860460037999999955e-02
5.115854799999999813e-02,9.561213070999999841e-01,-3.306442139000000113e-02,-3.836383556999999750e-02
5.143476999999999771e-02,9.566099010999999930e-01,-3.322629082999999789e-02,-3.813593767000000162e-02
5.170979500000000284e-02,9.567513797000000153e-01,-3.342920314000000226e-02,-3.794931584999999830e-02
5.198352700000000159e-02,9.564877135999999558e-01,-3.359447915000000201e-02,-3.777749509000000172e-02
5.225587100000000235e-02,9.564167425999999805e-01,-3.376482933999999658e-02,-3.765794719999999984e-02
5.252673399999999854e-02,9.556674365999999754e-01,-3.384428879000000306e-02,-3.752834204000000257e-02
5.279592500000000049e-02,9.556936812999999864e-01,-3.389836865999999727e-02,-3.755561257000000069e-02
5.306335999999999692e-02,9.549423290999999869e-01,-3.393537440999999655e-02,-3.743979512000000093e-02
5.332906200000000346e-02,9.542316860999999761e-01,-3.379448994999999928e-02,-3.740592973000000238e-02
5.359305300000000161e-02,9.527314741000000309e-01,-3.377109495999999766e-02,-3.731313249999999859e-02
5.385535300000000164e-02,9.518068460999999925e-01,-3.350397450999999943e-02,-3.726822191000000312e-02
5.411578899999999748e-02,9.503720571999999533e-01,-3.330669509999999861e-02,-3.708466237000000026e-02
5.437428999999999873e-02,9.487529770000000529e-01,-3.316487477999999905e-02,-3.690965093999999669e-02
5.463069400000000048e-02,9.465982008000000114e-01,-3.289961914000000265e-02,-3.672950372000000074e-02
5.488503599999999816e-02,9.441539811000000393e-01,-3.264249698999999866e-02,-3.657300074000000012e-02
5.513725399999999666e-02,9.412757349000000495e-01,-3.246086678000000003e-02,-3.635570937999999669e-02
5.538756499999999972e-02,9.381438952999999747e-01,-3.202003108999999792e-02,-3.609975082999999918e-02
5.563590699999999833e-02,9.357869014999999902e-01,-3.167336653999999752e-02,-3.589628717999999996e-02
5.588239799999999979e-02,9.338609343999999535e-01,-3.138538328999999905e-02,-3.564593594999999893e-02
5.612715000000000065e-02,9.321423132999999694e-01,-3.072761045000000149e-02,-3.540965512000000120e-02
5.637018800000000163e-02,9.309749069999999627e-01,-2.998291000000000150e-02,-3.520394025000000288e-02
5.661153399999999808e-02,9.293856602000000189e-01,-2.940566098000000142e-02,-3.499212691999999819e-02
5.685121199999999819e-02,9.281011032999999522e-01,-2.874503407000000149e-02,-3.481272851000000168e-02
5.708924399999999733e-02,9.271447852999999961e-01,-2.828693919999999973e-02,-3.460848534000000171e-02
5.732573199999999730e-02,9.266360307000000018e-01,-2.786498612000000083e-02,-3.447777706999999997e-02
5.756077600000000100e-02,9.263798828999999513e-01,-2.730418673999999990e-02,-3.434479808000000245e-02
5.779447199999999951e-02,9.258660409000000202e-01,-2.693891168000000017e-02,-3.420238768000000151e-02
5.802691100000000046e-02,9.261266349000000231e-01,-2.668912484999999904e-02,-3.406897562999999796e-02
5.825810900000000236e-02,9.268814840000000332e-01,-2.651134062000000055e-02,-3.398543790999999925e-02
5.848815200000000158e-02,9.283105674999999612e-01,-2.652086466000000073e-02,-3.389370989999999917e-02
5.871720600000000095e-02,9.296525393000000248e-01,-2.664374218999999988e-02,-3.388210759000000183e-02
5.894535199999999947e-02,9.308814686999999921e-01,-2.687286363000000039e-02,-3.383725330000000170e-02
5.917274699999999776e-02,9.322281573999999793e-01,-2.716087400000000152e-02,-3.376223890999999894e-02
5.939954499999999804e-02,9.338506491000000409e-01,-2.763984980999999869e-02,-3.366275222000000150e-02
5.962567500000000298e-02,9.356499642000000172e-01,-2.809316292000000118e-02,-3.358188483999999946e-02
5.985136199999999823e-02,9.375862767000000542e-01,-2.860121821000000120e-02,-3.349088236000000163e-02
6.007682699999999931e-02,9.393109937000000409e-01,-2.932465177000000145e-02,-3.347708376999999902e-02
6.030221799999999771e-02,9.405763324999999453e-01,-3.044027210999999955e-02,-3.338354317000000182e-02
6.052775700000000147e-02,9.417600057999999663e-01,-3.169776155000000178e-02,-3.333212930999999990e-02
6.075359100000000262e-02,9.431212621000000240e-01,-3.295292447999999957e-02,-3.329641855999999900e-02
6.098001900000000336e-02,9.443990398999999591e-01,-3.443673458000000298e-02,-3.327825464999999844e-02
6.120711899999999733e-02,9.456271341999999969e-01,-3.616840064000000077e-02,-3.325322482000000329e-02
6.143496899999999900e-02,9.470152267000000457e-01,-3.798747274000000007e-02,-3.330516067000000024e-02
6.166365299999999883e-02,9.481932593999999881e-01,-3.969959810999999783e-02,-3.335118666999999787e-02
6.189325100000000329e-02,9.494671966000000074e-01,-4.112816126999999794e-02,-3.339173983999999679e-02
6.212385000000000129e-02,9.501465261000000551e-01,-4.247209542000000143e-02,-3.342726408999999871e-02
6.235561399999999671e-02,9.511375973000000261e-01,-4.387531261000000155e-02,-3.348640900000000170e-02
6.258863500000000357e-02,9.515455134000000426e-01,-4.525188925000000334e-02,-3.351820912999999708e-02
6.282308600000000021e-02,9.518931229000000549e-01,-4.649253527000000302e-02,-3.354577303000000343e-02
6.305922899999999442e-02,9.518707604999999683e-01,-4.752045708000000174e-02,-3.353620604000000227e-02
6.329709000000000030e-02,9.518357974000000166e-01,-4.849286139999999662e-02,-3.351778250999999653e-02
6.353669300000000519e-02,9.519736747999999471e-01,-4.951332155000000290e-02,-3.347656817999999923e-02
6.377815000000000567e-02,9.521146460999999617e-01,-5.050193212000000237e-02,-3.346274000999999859e-02
6.402140500000000345e-02,9.526174494000000381e-01,-5.116721054000000074e-02,-3.347339525000000288e-02
6.426648499999999820e-02,9.528456266999999480e-01,-5.158982443000000029e-02,-3.354518589000000245e-02
6.451332899999999426e-02,9.527541677999999958e-01,-5.167200110999999735e-02,-3.355946282999999752e-02
6.476196400000000519e-02,9.518831813000000475e-01,-5.161145065000000143e-02,-3.354964663999999985e-02
6.501241700000000290e-02,9.510250582999999480e-01,-5.154490427999999791e-02,-3.353238775999999727e-02
6.526471400000000145e-02,9.499655104999999988e-01,-5.127865724999999819e-02,-3.356794787999999724e-02
6.551888499999999893e-02,9.495662711000000256e-01,-5.078657381999999998e-02,-3.355869714999999698e-02
6.577495699999999501e-02,9.488975267999999463e-01,-5.012440189000000323e-02,-3.358826740999999727e-02
6.603296100000000113e-02,9.487243053999999676e-01,-4.927380397000000190e-02,-3.357891268999999707e-02
6.629282599999999914e-02,9.485741222000000361e-01,-4.828449767000000253e-02,-3.359645514000000194e-02
6.655448199999999814e-02,9.486903688000000168e-01,-4.712727391999999710e-02,-3.358992480999999780e-02
6.681775099999999468e-02,9.487306570000000328e-01,-4.616684848000000146e-02,-3.359454300999999837e-02
6.708265300000000597e-02,9.485822513999999650e-01,-4.538330819999999988e-02,-3.359464326000000112e-02
6.734900200000000503e-02,9.480524123000000358e-01,-4.466114511000000148e-02,-3.365405490000000083e-02
6.761691799999999808e-02,9.479525608000000103e-01,-4.396437958999999812e-02,-3.365469674999999744e-02
6.788631500000000263e-02,9.481693559999999632e-01,-4.319261255000000216e-02,-3.374446955999999692e-02
6.815710299999999666e-02,9.483621761999999622e-01,-4.254820553000000088e-02,-3.377264645999999981e-02
6.842929500000000109e-02,9.483545664000000430e-01,-4.226619511000000162e-02,-3.383416050000000175e-02
6.870279899999999496e-02,9.488198492999999623e-01,-4.186926148000000292e-02,-3.392118121999999902e-02
6.897751600000000261e-02,9.497848223999999506e-01,-4.124486522000000294e-02,-3.405407358999999745e-02
6.925323299999999738e-02,9.503283356999999709e-01,-4.095807758000000187e-02,-3.415288986000000054e-02
6.952973499999999529e-02,9.503297019999999984e-01,-4.071573416000000278e-02,-3.421736636000000109e-02
6.980702499999999477e-02,9.501065767999999911e-01,-4.045590537000000320e-02,-3.421459447999999903e-02
7.008499499999999716e-02,9.497542884999999879e-01,-4.022379515999999905e-02,-3.422847379999999912e-02
7.036364900000000033e-02,9.493455762000000409e-01,-3.965789940000000180e-02,-3.431574619000000298e-02
7.064287499999999387e-02,9.489909855999999477e-01,-3.901853135999999722e-02,-3.434104231000000007e-02
7.092267600000000394e-02,9.489110672999999663e-01,-3.863100047000000287e-02,-3.436756038000000207e-02
7.120293900000000675e-02,9.484719753999999448e-01,-3.818825236000000095e-02,-3.439570807999999674e-02
7.148355000000000681e-02,9.481760929000000448e-01,-3.800729936000000336e-02,-3.440408026999999813e-02
7.176450900000000410e-02,9.483042537000000438e-01,-3.797447136999999862e-02,-3.442002299000000015e-02
7.204546800000000140e-02,9.482610142999999825e-01,-3.813814561000000020e-02,-3.439813773000000019e-02
7.232631100000000424e-02,9.481585961999999812e-01,-3.852954779000000024e-02,-3.439025922999999763e-02
7.260680499999999649e-02,9.486443392000000197e-01,-3.922629063000000055e-02,-3.444615540999999836e-02
7.288683499999999704e-02,9.491030436999999820e-01,-4.004587661999999687e-02,-3.452356957000000254e-02
7.316617200000000154e-02,9.502925500000000136e-01,-4.088326392000000281e-02,-3.465061627999999755e-02
7.344459000000000404e-02,9.512778028999999691e-01,-4.185696264000000194e-02,-3.480556087000000187e-02
7.372186699999999648e-02,9.521303918000000310e-01,-4.297836684999999796e-02,-3.490551889000000074e-02
7.399778599999999595e-02,9.531411643999999628e-01,-4.403574519000000298e-02,-3.498825934000000110e-02
7.427224899999999852e-02,9.536983814999999698e-01,-4.510330092999999957e-02,-3.500718541000000239e-02
7.454526999999999681e-02,9.540588071000000170e-01,-4.612428115000000162e-02,-3.497164315000000218e-02
7.481664600000000054e-02,9.540799095999999979e-01,-4.697004747999999896e-02,-3.491658939000000239e-02
7.508650399999999836e-02,9.540131575000000419e-01,-4.778486163000000148e-02,-3.487522920999999720e-02
7.535496599999999545e-02,9.537785664000000274e-01,-4.858329969999999887e-02,-3.478442866999999911e-02
7.562194099999999808e-02,9.534166004999999888e-01,-4.957828770000000107e-02,-3.466724552000000070e-02
7.588754799999999912e-02,9.533108889000000419e-01,-5.067258854000000062e-02,-3.456988954000000253e-02
7.615190600000000531e-02,9.533252164000000084e-01,-5.147830377999999818e-02,-3.455352535999999669e-02
7.641512799999999883e-02,9.531914223999999880e-01,-5.220060726999999762e-02,-3.448066143999999750e-02
7.667732500000000451e-02,9.520203208999999944e-01,-5.271449121999999959e-02,-3.432192181000000286e-02
7.693870799999999455e-02,9.513951041000000552e-01,-5.337892405999999923e-02,-3.415921516999999991e-02
7.719938299999999642e-02,9.497486080000000497e-01,-5.368744634000000016e-02,-3.402648753999999720e-02
7.745955300000000043e-02,9.483495291000000327e-01,-5.403515343999999720e-02,-3.386977236000000141e-02
7.771942199999999634e-02,9.460775659000000282e-01,-5.368605137000000138e-02,-3.374438328999999903e-02
7.797919000000000378e-02,9.446177807000000204e-01,-5.349617367000000095e-02,-3.360256810000000066e-02
7.823885799999999446e-02,9.426333176000000202e-01,-5.285292512999999887e-02,-3.351936923999999929e-02
7.849852599999999903e-02,9.409841219000000256e-01,-5.217016463000000159e-02,-3.333613716000000116e-02
7.875839499999999493e-02,9.388121259999999690e-01,-5.118200640000000051e-02,-3.320465670000000147e-02
7.901836499999999319e-02,9.371340296000000292e-01,-5.023206211999999699e-02,-3.304281289000000205e-02
7.927853599999999668e-02,9.357459563000000147e-01,-4.930951628000000003e-02,-3.295444935999999880e-02
7.953890900000000486e-02,9.343056691000000136e-01,-4.847327694999999798e-02,-3.285348090000000248e-02
7.979948500000000333e-02,9.328146600000000177e-01,-4.753235748000000233e-02,-3.285175738999999984e-02
8.006016200000000416e-02,9.317953258000000183e-01,-4.665086145999999823e-02,-3.285376079999999949e-02
8.032094100000000680e-02,9.305540099000000342e-01,-4.546644927000000058e-02,-3.289791028999999867e-02
8.058171899999999610e-02,9.296432065999999939e-01,-4.432184712000000054e-02,-3.296017526000000197e-02
8.084249699999999927e-02,9.283699138000000017e-01,-4.282431066999999730e-02,-3.311547876999999807e-02
8.110327600000000192e-02,9.276490805999999534e-01,-4.166263246000000142e-02,-3.326957260999999916e-02
8.136405400000000510e-02,9.269098506999999820e-01,-4.056614012999999741e-02,-3.349128826000000170e-02
8.162483299999999387e-02,9.261550872999999573e-01,-3.968851551000000116e-02,-3.367723583999999992e-02
8.188561099999999704e-02,9.255434006999999630e-01,-3.865763502999999823e-02,-3.391791731999999754e-02
8.214638999999999969e-02,9.256786127999999669e-01,-3.788075644000000325e-02,-3.413481294000000194e-02
8.240706600000000104e-02,9.259265204000000082e-01,-3.725659450999999761e-02,-3.440914433000000217e-02
8.266774300000000186e-02,9.266746405000000353e-01,-3.673765935000000010e-02,-3.468850274000000178e-02
8.292831800000000086e-02,9.274426976999999850e-01,-3.637465898000000197e-02,-3.498476344999999765e-02
8.318889299999999987e-02,9.283330382000000158e-01,-3.633572204999999805e-02,-3.521148127999999822e-02
8.344936599999999705e-02,9.293260641999999683e-01,-3.629166612999999708e-02,-3.547287007000000242e-02
8.370973700000000628e-02,9.304832159999999464e-01,-3.648521580999999903e-02,-3.567706183000000225e-02
8.397000699999999929e-02,9.311623211999999761e-01,-3.683027073000000318e-02,-3.590182246999999716e-02
8.423017500000000435e-02,9.322558537999999784e-01,-3.722702163000000258e-02,-3.609155857000000134e-02
8.449024099999999371e-02,9.325686725999999815e-01,-3.768517412999999872e-02,-3.626571901999999653e-02
8.475020599999999460e-02,9.333985613999999931e-01,-3.824960499999999902e-02,-3.643458365999999865e-02
8.500996800000000519e-02,9.339547915999999450e-01,-3.865911192000000274e-02,-3.659566815000000334e-02
8.526942499999999592e-02,9.349301533999999636e-01,-3.927181797999999835e-02,-3.673084399999999861e-02
8.552868099999999529e-02,9.355391507000000439e-01,-3.958439034999999828e-02,-3.686446696000000162e-02
8.578763300000000203e-02,9.358419602999999976e-01,-3.973616452999999965e-02,-3.700738876000000260e-02
8.604628200000000171e-02,9.362833253000000244e-01,-3.979903959000000158e-02,-3.708420905999999795e-02
8.630462999999999330e-02,9.372530247999999453e-01,-3.984541073000000266e-02,-3.716669533999999997e-02
8.656257600000000219e-02,9.375249755000000240e-01,-3.975143856999999864e-02,-3.715329132999999756e-02
8.682022200000000245e-02,9.381519546000000043e-01,-3.969870572999999875e-02,-3.716259725999999930e-02
8.707746800000000509e-02,9.383619557000000277e-01,-3.959001501000000006e-02,-3.712132735999999766e-02
8.733431499999999570e-02,9.388096152999999555e-01,-3.924142415000000245e-02,-3.706644483999999712e-02
8.759076500000000098e-02,9.395667141000000333e-01,-3.861974726999999746e-02,-3.699033763000000169e-02
8.784681799999999319e-02,9.401196240000000426e-01,-3.751388715000000124e-02,-3.691519219000000129e-02
8.810247499999999954e-02,9.402194912000000349e-01,-3.651796617999999994e-02,-3.676008472000000249e-02
8.835773800000000511e-02,9.402020805999999897e-01,-3.565581094999999839e-02,-3.655090077999999937e-02
8.861260799999999549e-02,9.405866339999999770e-01,-3.469723455999999817e-02,-3.638699930000000027e-02
8.886708599999999791e-02,9.413168222000000140e-01,-3.374588324000000333e-02,-3.630310803000000308e-02
8.912117199999999850e-02,9.418839536999999984e-01,-3.258011896000000129e-02,-3.625285070999999942e-02
8.937486899999999568e-02,9.419522928000000350e-01,-3.159582621999999785e-02,-3.617302767999999724e-02
8.962827299999999442e-02,9.412611482999999613e-01,-3.057561359000000173e-02,-3.604624213999999688e-02
8.988138599999999367e-02,9.410655333999999872e-01,-2.967501651999999990e-02,-3.587690431999999985e-02
9.013430499999999790e-02,9.416972112000000505e-01,-2.840995727999999845e-02,-3.587882930999999886e-02
9.038702999999999321e-02,9.428047626000000125e-01,-2.714716672999999830e-02,-3.592781458000000178e-02
9.063975600000000188e-02,9.444254173999999669e-01,-2.605336297000000051e-02,-3.604408037000000203e-02
9.089248099999999719e-02,9.455030177000000036e-01,-2.507403538000000168e-02,-3.614660899000000233e-02
9.114530299999999696e-02,9.464230673000000316e-01,-2.412383648000000075e-02,-3.625878922999999782e-02
9.139841699999999569e-02,9.475525982000000402e-01,-2.347101320999999893e-02,-3.640685988000000317e-02
9.165201800000000176e-02,9.480758790000000102e-01,-2.323711092000000158e-02,-3.655570736000000182e-02
9.190620600000000417e-02,9.481115545999999616e-01,-2.304209180000000093e-02,-3.665681118999999932e-02
9.216118199999999427e-02,9.477397639000000318e-01,-2.281206381000000158e-02,-3.673082806999999894e-02
9.241705100000000006e-02,9.469299718999999449e-01,-2.281835625000000131e-02,-3.683905109999999899e-02
9.267391899999999350e-02,9.460053347000000334e-01,-2.293200756999999937e-02,-3.686774040000000141e-02
9.293179499999999760e-02,9.454781325000000125e-01,-2.326489039999999828e-02,-3.688727929999999905e-02
9.319078999999999557e-02,9.452435715000000460e-01,-2.384374289999999924e-02,-3.688806012999999717e-02
9.345091199999999709e-02,9.450006848999999987e-01,-2.457520250000000059e-02,-3.688378763999999865e-02
9.371206899999999507e-02,9.445352490999999739e-01,-2.538092309000000019e-02,-3.682431341999999747e-02
9.397416499999999839e-02,9.444664391000000547e-01,-2.636702259000000062e-02,-3.675929695999999997e-02
9.423720700000000339e-02,9.446005719000000189e-01,-2.778689595999999859e-02,-3.658479477999999896e-02
9.450098899999999358e-02,9.440155617000000055e-01,-2.929453167999999941e-02,-3.633409994999999698e-02
9.476540999999999437e-02,9.436154394000000334e-01,-3.096837237000000034e-02,-3.606313116999999846e-02
9.503036500000000553e-02,9.441147358999999462e-01,-3.259985664000000088e-02,-3.588871626000000176e-02
9.529564199999999985e-02,9.446478607999999610e-01,-3.396350316999999924e-02,-3.574163340000000022e-02
9.556113500000000538e-02,9.461935354999999603e-01,-3.562760783999999875e-02,-3.553194515000000081e-02
9.582684299999999489e-02,9.484252375999999707e-01,-3.728914732000000037e-02,-3.538362832999999985e-02
9.609276699999999560e-02,9.508197096999999598e-01,-3.923606319999999731e-02,-3.520817542000000133e-02
9.635869099999999632e-02,9.530888763000000541e-01,-4.105547762000000267e-02,-3.505431803000000346e-02
9.662461499999999703e-02,9.550539582000000527e-01,-4.284846812999999754e-02,-3.483499921000000193e-02
9.689053899999999775e-02,9.565227575000000426e-01,-4.463813233999999741e-02,-3.450092768000000143e-02
9.715635499999999980e-02,9.575257238000000060e-01,-4.622334869999999984e-02,-3.412023665999999733e-02
9.742206300000000319e-02,9.587927246999999875e-01,-4.761906085999999955e-02,-3.380826234999999985e-02
9.768766199999999456e-02,9.599815796999999762e-01,-4.861470253999999880e-02,-3.353578987999999983e-02
9.795326099999999980e-02,9.602451457999999773e-01,-4.927071199000000040e-02,-3.333091316000000304e-02
9.821886100000000452e-02,9.605049827999999623e-01,-4.928391943000000330e-02,-3.322071317999999995e-02
9.848456899999999403e-02,9.606245621000000234e-01,-4.878991973999999981e-02,-3.313827367999999662e-02
9.875038499999999608e-02,9.610363021000000172e-01,-4.811656211999999766e-02,-3.310393021000000019e-02
9.901641799999999494e-02,9.623496271999999463e-01,-4.724427311999999934e-02,-3.319473368999999868e-02
9.928277800000000208e-02,9.638095956000000131e-01,-4.627900404000000190e-02,-3.337396875000000346e-02
9.954957500000000126e-02,9.645846089999999817e-01,-4.516763151000000032e-02,-3.357812495000000313e-02
9.981692000000000342e-02,9.648218532000000236e-01,-4.366583790999999798e-02,-3.380299459999999701e-02
1.000847099999999934e-01,9.637370257999999801e-01,-4.210846872000000018e-02,-3.391902301000000036e-02
1.003530400000000045e-01,9.623245140999999725e-01,-4.027228699000000300e-02,-3.405235711000000054e-02
1.006218299999999954e-01,9.615571883000000319e-01,-3.868483763000000325e-02,-3.425990488999999806e-02
1.008910499999999960e-01,9.609483189999999952e-01,-3.706321015999999857e-02,-3.452568149000000142e-02
1.011607300000000043e-01,9.604374642999999878e-01,-3.570016963000000043e-02,-3.474891597000000221e-02
1.014306299999999939e-01,9.597129054999999909e-01,-3.470681047000000186e-02,-3.492643345000000232e-02
1.017006399999999949e-01,9.591613605000000042e-01,-3.418843105000000243e-02,-3.504569607000000003e-02
1.019707700000000022e-01,9.579823106000000532e-01,-3.369358216999999989e-02,-3.518878496999999772e-02
1.022408900000000009e-01,9.568983612000000472e-01,-3.315684581000000186e-02,-3.534880581000000160e-02
1.025110199999999944e-01,9.563712017000000065e-01,-3.306605014999999814e-02,-3.548872538000000243e-02
1.027811399999999931e-01,9.560794728999999492e-01,-3.311311841999999700e-02,-3.561119890000000177e-02
1.030511499999999941e-01,9.553663444000000116e-01,-3.301336905999999877e-02,-3.573042365000000248e-02
1.033207099999999962e-01,9.549906124000000496e-01,-3.290338739999999762e-02,-3.583135186999999999e-02
1.035893799999999948e-01,9.546529191999999497e-01,-3.311826922000000312e-02,-3.587623259000000120e-02
1.038570500000000063e-01,9.545550608999999742e-01,-3.366254315000000163e-02,-3.595300995999999721e-02
1.041237200000000029e-01,9.548420721000000500e-01,-3.441769912999999986e-02,-3.602935300000000007e-02
1.043893999999999933e-01,9.548727079000000062e-01,-3.517699243999999892e-02,-3.608522620000000070e-02
1.046540999999999999e-01,9.551208073000000409e-01,-3.607437408999999984e-02,-3.611184651999999745e-02
1.049179400000000012e-01,9.559618519000000481e-01,-3.703744710000000245e-02,-3.621134907000000264e-02
1.051809199999999972e-01,9.563627941000000243e-01,-3.853653031999999812e-02,-3.615066714000000209e-02
1.054431400000000046e-01,9.559011761000000273e-01,-4.012285981000000140e-02,-3.594304002999999803e-02
1.057046299999999939e-01,9.552705425999999944e-01,-4.191171551000000273e-02,-3.564468406000000089e-02
1.059655800000000037e-01,9.550807303999999665e-01,-4.389148618000000140e-02,-3.535816928999999803e-02
1.062262199999999962e-01,9.550990147000000263e-01,-4.575069215000000106e-02,-3.516133764999999911e-02
1.064867500000000050e-01,9.550271209999999789e-01,-4.776087854999999660e-02,-3.494501039000000309e-02
1.067474900000000004e-01,9.546208462999999922e-01,-4.961080038000000025e-02,-3.471948014000000166e-02
1.070085499999999940e-01,9.537178862999999840e-01,-5.111151381000000188e-02,-3.452150988000000226e-02
1.072687699999999994e-01,9.526633699000000011e-01,-5.256569929999999752e-02,-3.432872391999999828e-02
1.075281399999999943e-01,9.516362606999999585e-01,-5.382611097000000039e-02,-3.421725781999999938e-02
1.077866799999999958e-01,9.500372196999999908e-01,-5.459717926999999721e-02,-3.405350110000000124e-02
1.080443900000000040e-01,9.480735247999999560e-01,-5.531897286000000274e-02,-3.386653576999999748e-02
1.083011799999999969e-01,9.460475257999999554e-01,-5.612079457000000021e-02,-3.361517365000000340e-02
1.085570399999999935e-01,9.442923657999999776e-01,-5.682395516000000174e-02,-3.339224905000000299e-02
1.088119800000000026e-01,9.428883944000000517e-01,-5.723580342000000182e-02,-3.318833848000000281e-02
1.090659199999999968e-01,9.418502036000000466e-01,-5.737821880999999929e-02,-3.301141316999999659e-02
1.093188499999999952e-01,9.408942679999999781e-01,-5.742772217000000068e-02,-3.279972712999999762e-02
1.095707900000000012e-01,9.395434972999999745e-01,-5.719264054999999985e-02,-3.253633770000000092e-02
1.098216500000000068e-01,9.384085581000000120e-01,-5.685040727000000016e-02,-3.233073161999999723e-02
1.100715200000000060e-01,9.378444363000000283e-01,-5.636747973999999689e-02,-3.216882296999999669e-02
1.103204200000000024e-01,9.369954356999999900e-01,-5.589056963999999850e-02,-3.196779143999999712e-02
1.105683600000000044e-01,9.366224368000000133e-01,-5.538560664000000133e-02,-3.177695431000000098e-02
1.108153399999999983e-01,9.369962960000000063e-01,-5.508905819999999898e-02,-3.167283080000000278e-02
1.110611799999999955e-01,9.370370829999999929e-01,-5.484754431000000291e-02,-3.152082018999999985e-02
1.113059799999999988e-01,9.374108036999999616e-01,-5.475326372000000053e-02,-3.137603114000000332e-02
1.115496700000000035e-01,9.372159648000000232e-01,-5.420448314000000239e-02,-3.122563055999999851e-02
1.117921500000000068e-01,9.379665544999999938e-01,-5.373475848999999943e-02,-3.115659341999999984e-02
1.120336200000000004e-01,9.378187265999999855e-01,-5.303159667000000022e-02,-3.114845545999999840e-02
1.122740899999999931e-01,9.390550654999999525e-01,-5.228145978999999832e-02,-3.114855630000000139e-02
1.125135699999999933e-01,9.396612246000000113e-01,-5.137002540999999894e-02,-3.118630207999999876e-02
1.127520600000000012e-01,9.408991532999999574e-01,-5.040017303000000198e-02,-3.122912746999999961e-02
1.129894800000000032e-01,9.415506556999999610e-01,-4.917946328000000200e-02,-3.134625473000000190e-02
1.132261100000000048e-01,9.426997650999999756e-01,-4.808857486999999764e-02,-3.145192782999999687e-02
1.134620400000000001e-01,9.433206085999999990e-01,-4.670349740000000194e-02,-3.159884890999999779e-02
1.136976199999999992e-01,9.438089139999999988e-01,-4.569075695000000131e-02,-3.167612195999999769e-02
1.139331100000000041e-01,9.442614739000000368e-01,-4.400124513999999903e-02,-3.189449428999999864e-02
1.141686100000000037e-01,9.445244189999999485e-01,-4.239149510000000259e-02,-3.209652940999999787e-02
1.144041900000000028e-01,9.448202971000000394e-01,-4.101282675000000183e-02,-3.226047812999999903e-02
1.146399399999999957e-01,9.444765958999999933e-01,-3.956159151000000068e-02,-3.242756729000000060e-02
1.148758700000000049e-01,9.441551928000000427e-01,-3.761742280000000133e-02,-3.258905687000000079e-02
1.151120699999999969e-01,9.434237081999999885e-01,-3.548153889999999810e-02,-3.276274210999999964e-02
1.153486999999999985e-01,9.428299927000000080e-01,-3.340703400000000212e-02,-3.291433430000000049e-02
1.155859500000000067e-01,9.419757608000000060e-01,-3.132805062999999973e-02,-3.313388219999999912e-02
1.158240100000000050e-01,9.417189394999999630e-01,-2.952543763000000168e-02,-3.340046497000000170e-02
1.160628699999999985e-01,9.410873051000000489e-01,-2.773490061000000173e-02,-3.366149798000000332e-02
1.163026300000000041e-01,9.413784238000000304e-01,-2.592893535000000138e-02,-3.402918192999999925e-02
1.165433099999999972e-01,9.413024022999999518e-01,-2.394405573000000023e-02,-3.440398021999999806e-02
1.167848999999999970e-01,9.413040929999999529e-01,-2.183669645999999909e-02,-3.476556522000000260e-02
1.170274199999999931e-01,9.412254244000000103e-01,-1.979460468000000112e-02,-3.513980469999999912e-02
1.172708699999999993e-01,9.419171498999999725e-01,-1.780064702999999832e-02,-3.554021957999999731e-02
1.175153599999999993e-01,9.423633033999999631e-01,-1.613510104999999958e-02,-3.597011958000000120e-02
1.177608899999999931e-01,9.422658433999999694e-01,-1.474117823999999966e-02,-3.635239037000000117e-02
1.180075700000000061e-01,9.421711731999999895e-01,-1.370099372999999954e-02,-3.667813697999999789e-02
1.182553100000000024e-01,9.416295761999999847e-01,-1.298786508999999999e-02,-3.691172461000000182e-02
1.185042199999999935e-01,9.416680833999999667e-01,-1.237807594000000025e-02,-3.721275053999999888e-02
1.187542199999999937e-01,9.416175226999999870e-01,-1.167207525999999947e-02,-3.745303080000000201e-02
1.190053100000000030e-01,9.411691184999999571e-01,-1.101832015000000012e-02,-3.764402222999999742e-02
1.192575099999999971e-01,9.401500176999999514e-01,-1.052903755999999927e-02,-3.774793490000000196e-02
1.195107200000000008e-01,9.390256767000000337e-01,-1.019851895999999980e-02,-3.787427668999999997e-02
1.197649499999999950e-01,9.382855598999999547e-01,-1.001210592999999920e-02,-3.796591011000000071e-02
1.200202100000000022e-01,9.375460324000000067e-01,-9.783792758000000797e-03,-3.805588012000000325e-02
1.202764999999999945e-01,9.376793440999999785e-01,-9.222418782000000800e-03,-3.814690334999999710e-02
1.205337400000000003e-01,9.377384203999999945e-01,-8.767199804000000082e-03,-3.822606749000000137e-02
1.207918300000000028e-01,9.377704450999999608e-01,-8.498096733999999791e-03,-3.820607231999999936e-02
1.210506499999999958e-01,9.376772905000000380e-01,-8.445976612000000161e-03,-3.817368574999999847e-02
1.213101199999999935e-01,9.386957241000000174e-01,-8.355354929999999486e-03,-3.816034843999999843e-02
1.215702300000000013e-01,9.402323243000000330e-01,-8.308116787000000697e-03,-3.821081898999999921e-02
1.218307799999999996e-01,9.421137872000000524e-01,-8.255020462000000822e-03,-3.825136445999999940e-02
1.220917499999999989e-01,9.440573065999999791e-01,-8.676305022999999950e-03,-3.830287745000000160e-02
1.223530500000000049e-01,9.461425092999999897e-01,-8.858770239999999227e-03,-3.835951226999999991e-02
1.226146800000000037e-01,9.480539717999999505e-01,-9.264056656000000528e-03,-3.841865296000000068e-02
1.228767500000000068e-01,9.500178854999999922e-01,-9.929261329999999539e-03,-3.844150978000000080e-02
1.231391399999999942e-01,9.518736995000000034e-01,-1.039930013000000056e-02,-3.847492956000000269e-02
1.234019799999999945e-01,9.540068163999999573e-01,-1.100114903000000074e-02,-3.858173899999999684e-02
1.236651400000000067e-01,9.553093591000000329e-01,-1.184821271999999918e-02,-3.863164505000000332e-02
1.239285299999999951e-01,9.568822189000000256e-01,-1.304572017999999951e-02,-3.874680008999999842e-02
1.241920299999999949e-01,9.575263858000000461e-01,-1.413976636000000009e-02,-3.884223777000000294e-02
1.244555299999999948e-01,9.573689184000000463e-01,-1.539581528999999990e-02,-3.897246515999999716e-02
1.247190299999999946e-01,9.572451485999999843e-01,-1.665425615999999859e-02,-3.910766663000000282e-02
1.249823000000000045e-01,9.569926106999999682e-01,-1.775493641000000164e-02,-3.921133296999999851e-02
1.252452500000000024e-01,9.559110739999999717e-01,-1.888328280999999886e-02,-3.929338706999999792e-02
1.255078599999999989e-01,9.542076185000000210e-01,-1.996892839999999877e-02,-3.927635359000000020e-02
1.257702500000000001e-01,9.522634016000000035e-01,-2.086732171999999830e-02,-3.920398732000000136e-02
1.260323100000000085e-01,9.506146577999999847e-01,-2.167588234000000086e-02,-3.917282278999999895e-02
1.262939299999999987e-01,9.490076657999999554e-01,-2.203051476999999883e-02,-3.908018657000000146e-02
1.265550099999999956e-01,9.479065826000000472e-01,-2.229198640999999897e-02,-3.906697019000000132e-02
1.268155400000000044e-01,9.470609340000000209e-01,-2.276849222999999950e-02,-3.906056341999999959e-02
1.270754099999999998e-01,9.470102709000000063e-01,-2.320727145000000061e-02,-3.916710129999999984e-02
1.273345300000000013e-01,9.459576303000000186e-01,-2.388676769999999866e-02,-3.921049937999999957e-02
1.275929000000000091e-01,9.444343581999999904e-01,-2.444035741999999942e-02,-3.920766030000000235e-02
1.278506299999999929e-01,9.428514255000000066e-01,-2.457087130000000161e-02,-3.929532133000000066e-02
1.281076100000000106e-01,9.415545212000000497e-01,-2.487806353999999845e-02,-3.933036877999999958e-02
1.283639500000000044e-01,9.409282684999999979e-01,-2.515892882999999983e-02,-3.938993259000000274e-02
1.286196599999999968e-01,9.404026913999999904e-01,-2.519361465999999869e-02,-3.943866777999999879e-02
1.288747399999999876e-01,9.394912945000000182e-01,-2.510496766999999879e-02,-3.945458913000000206e-02
1.291290999999999967e-01,9.388094398999999868e-01,-2.489364875000000046e-02,-3.952116113000000291e-02
1.293828200000000095e-01,9.386185141999999759e-01,-2.473763537000000026e-02,-3.962335941000000306e-02
1.296358300000000074e-01,9.381507479999999788e-01,-2.425339311000000025e-02,-3.967196365999999669e-02
1.298881100000000011e-01,9.384888006999999588e-01,-2.371424322000000029e-02,-3.979219985000000126e-02
1.301397800000000105e-01,9.386105906999999693e-01,-2.286651526999999851e-02,-3.990147583999999886e-02
1.303909400000000107e-01,9.392389760999999559e-01,-2.211387274999999930e-02,-4.003070706999999756e-02
1.306416900000000048e-01,9.394936243000000520e-01,-2.114035337000000001e-02,-4.007977197999999797e-02
1.308920399999999873e-01,9.391527427000000428e-01,-1.997313606000000047e-02,-4.006332299999999791e-02
1.311421799999999971e-01,9.387311606999999558e-01,-1.876317355000000145e-02,-3.999704528999999814e-02
1.313921200000000011e-01,9.389084251000000547e-01,-1.799659039000000085e-02,-3.989719466999999686e-02
1.316419699999999970e-01,9.391125490999999714e-01,-1.712056542000000084e-02,-3.976527098999999704e-02
1.318918099999999982e-01,9.389783782999999717e-01,-1.618929201999999914e-02,-3.962557054000000190e-02
1.321415499999999965e-01,9.396604719000000161e-01,-1.519214259000000074e-02,-3.951477119999999982e-02
1.323911899999999919e-01,9.402550857999999456e-01,-1.450913166999999969e-02,-3.938160284000000178e-02
1.326404200000000089e-01,9.412908803999999741e-01,-1.364623958999999949e-02,-3.926705073000000268e-02
1.328888599999999975e-01,9.422958076999999877e-01,-1.317491385000000084e-02,-3.911892641999999837e-02
1.331363999999999881e-01,9.433986506000000549e-01,-1.314190298000000000e-02,-3.902511327000000169e-02
1.333831400000000111e-01,9.441706662000000083e-01,-1.300792316000000046e-02,-3.895840409000000254e-02
1.336291000000000007e-01,9.446030145999999572e-01,-1.276186370999999979e-02,-3.894918681000000132e-02
1.338741800000000093e-01,9.449384803000000499e-01,-1.274777635999999915e-02,-3.894260969999999850e-02
1.341184800000000121e-01,9.454844353000000368e-01,-1.283488799999999916e-02,-3.896463557000000300e-02
1.343621999999999872e-01,9.463358863999999926e-01,-1.313180425999999935e-02,-3.897877863000000220e-02
1.346056300000000039e-01,9.470845554000000277e-01,-1.349481976000000034e-02,-3.903020860999999869e-02
1.348490599999999928e-01,9.482712174999999855e-01,-1.377864665999999939e-02,-3.912738637999999686e-02
1.350926899999999875e-01,9.499629110999999737e-01,-1.422277394999999986e-02,-3.924833733000000074e-02
1.353367000000000042e-01,9.507959478999999936e-01,-1.486395144000000022e-02,-3.925814411999999781e-02
1.355811899999999903e-01,9.523306799999999850e-01,-1.552699326999999914e-02,-3.932621244000000099e-02
1.358262699999999989e-01,9.533540947999999959e-01,-1.632607445999999934e-02,-3.941186220000000157e-02
1.360721400000000081e-01,9.543257822999999807e-01,-1.714829814000000049e-02,-3.944728475999999956e-02
1.363187999999999900e-01,9.552937630000000180e-01,-1.807972232000000165e-02,-3.951427025999999787e-02
1.365663500000000030e-01,9.561815004999999479e-01,-1.911011980999999943e-02,-3.958537421000000306e-02
1.368148999999999893e-01,9.572037928000000084e-01,-2.016865933000000152e-02,-3.964533166999999886e-02
1.370641700000000129e-01,9.575902740999999718e-01,-2.141477170999999888e-02,-3.962708219999999670e-02
1.373135299999999892e-01,9.578383307000000180e-01,-2.273501101000000024e-02,-3.953277373999999900e-02
1.375628899999999932e-01,9.579103699000000027e-01,-2.376292583000000000e-02,-3.944991779999999781e-02
1.378123599999999949e-01,9.572089769999999609e-01,-2.508750358000000000e-02,-3.926092477999999775e-02
1.380618200000000018e-01,9.566047912999999792e-01,-2.616637406000000068e-02,-3.902481546000000079e-02
1.383112900000000034e-01,9.558846290000000412e-01,-2.703074504000000169e-02,-3.872412397000000311e-02
1.385606500000000074e-01,9.555557033999999561e-01,-2.812274747000000075e-02,-3.840023833000000275e-02
1.388099100000000086e-01,9.549791163999999943e-01,-2.922374806999999963e-02,-3.799736926999999764e-02
1.390590700000000068e-01,9.543977254000000077e-01,-3.027089536999999844e-02,-3.758791935999999945e-02
1.393080299999999994e-01,9.539990176000000544e-01,-3.151981721000000208e-02,-3.717421455000000097e-02
1.395567899999999861e-01,9.536337145000000071e-01,-3.276012477000000284e-02,-3.679016351000000129e-02
1.398053400000000002e-01,9.529387389000000264e-01,-3.366600539999999725e-02,-3.639728090000000221e-02
1.400536900000000085e-01,9.520491022999999498e-01,-3.474373366999999879e-02,-3.594415582999999775e-02
1.403017300000000134e-01,9.508468983000000208e-01,-3.572769485999999911e-02,-3.549327505000000188e-02
1.405495800000000073e-01,9.487175326000000242e-01,-3.693022836999999836e-02,-3.493554002999999658e-02
1.407973200000000036e-01,9.465701677000000203e-01,-3.788463233000000097e-02,-3.443390184999999687e-02
1.410448599999999941e-01,9.448268575999999586e-01,-3.870200105999999779e-02,-3.398620762000000017e-02
1.412924100000000072e-01,9.436889537000000550e-01,-3.938837310999999952e-02,-3.360833707000000087e-02
1.415399499999999977e-01,9.429285495000000461e-01,-3.976255974000000165e-02,-3.331370469000000112e-02
1.417875899999999911e-01,9.425377026000000269e-01,-3.987905492999999774e-02,-3.316740736999999883e-02
1.420353400000000099e-01,9.417228253999999632e-01,-3.974907721999999810e-02,-3.302620299999999703e-02
1.422833900000000096e-01,9.417926706000000481e-01,-3.946822576000000304e-02,-3.303712317000000176e-02
1.425318399999999930e-01,9.413331032999999737e-01,-3.920095692000000187e-02,-3.310177772999999685e-02
1.427808999999999884e-01,9.405578317999999660e-01,-3.910019053000000216e-02,-3.314274753000000240e-02
1.430305799999999905e-01,9.401492565000000301e-01,-3.898266389999999887e-02,-3.319455416000000048e-02
1.432810899999999998e-01,9.395886783000000353e-01,-3.902067325999999947e-02,-3.333144021000000040e-02
1.435324199999999939e-01,9.388503893999999850e-01,-3.888705272000000240e-02,-3.347016341999999728e-02
1.437845899999999899e-01,9.384158852999999745e-01,-3.865181192000000099e-02,-3.364022609000000275e-02
1.440375999999999879e-01,9.378896507999999743e-01,-3.834832944000000216e-02,-3.377058524999999867e-02
1.442914600000000103e-01,9.370567158999999480e-01,-3.786768498999999732e-02,-3.386977131999999863e-02
1.445460699999999987e-01,9.364025797999999678e-01,-3.718361119000000020e-02,-3.397309603999999761e-02
1.448013200000000111e-01,9.360573497999999937e-01,-3.648976327999999686e-02,-3.402954605999999882e-02
1.450572099999999920e-01,9.365406643000000475e-01,-3.603958690999999742e-02,-3.414392123999999973e-02
1.453135500000000135e-01,9.369339692999999469e-01,-3.575080263000000175e-02,-3.418753607999999722e-02
1.455701000000000078e-01,9.383233696999999651e-01,-3.555778033999999754e-02,-3.432620791000000338e-02
1.458268600000000026e-01,9.392226559999999891e-01,-3.552524683999999655e-02,-3.439221516999999700e-02
1.460837399999999897e-01,9.402774204999999608e-01,-3.559223186999999761e-02,-3.450492497999999714e-02
1.463407200000000075e-01,9.415135471000000145e-01,-3.590594049000000315e-02,-3.459091783999999892e-02
1.465978199999999898e-01,9.433441127999999676e-01,-3.662660774999999813e-02,-3.465176211999999867e-02
1.468550200000000028e-01,9.455188643999999920e-01,-3.741204622000000174e-02,-3.471932319999999905e-02
1.471123400000000081e-01,9.476799881999999897e-01,-3.841746068000000125e-02,-3.476885570999999758e-02
1.473697599999999885e-01,9.496869662000000378e-01,-3.927861565000000110e-02,-3.485430977000000125e-02
1.476272999999999891e-01,9.514007612999999530e-01,-4.006108950000000085e-02,-3.491653640000000336e-02
1.478850499999999901e-01,9.527228918000000268e-01,-4.078462964000000024e-02,-3.500569624000000185e-02
1.481431400000000065e-01,9.538432390000000094e-01,-4.119906119999999783e-02,-3.500847669999999912e-02
1.484015599999999879e-01,9.545487336000000322e-01,-4.169556027000000109e-02,-3.499201289000000020e-02
1.486605300000000129e-01,9.552467283000000142e-01,-4.222658027000000119e-02,-3.493807278999999655e-02
1.489200599999999930e-01,9.558038535999999752e-01,-4.261865128999999669e-02,-3.489886848999999847e-02
1.491802700000000037e-01,9.563360644999999716e-01,-4.312140720000000316e-02,-3.486284266999999798e-02
1.494412699999999872e-01,9.568980193999999662e-01,-4.358995510000000101e-02,-3.482258799000000071e-02
1.497030699999999936e-01,9.567874845999999600e-01,-4.395052597000000116e-02,-3.475372730000000215e-02
1.499658899999999906e-01,9.570638286999999522e-01,-4.423038851000000299e-02,-3.470685752000000207e-02
1.502296499999999924e-01,9.568150301000000191e-01,-4.464999256999999805e-02,-3.459561552999999845e-02
1.504945599999999994e-01,9.560882081999999560e-01,-4.501886736999999999e-02,-3.444615839000000207e-02
1.507605399999999984e-01,9.554758853999999468e-01,-4.523264843000000118e-02,-3.433628570999999741e-02
1.510276999999999870e-01,9.550977375000000436e-01,-4.530022182000000008e-02,-3.426592692000000190e-02
1.512960499999999875e-01,9.542467116999999721e-01,-4.528937624999999911e-02,-3.419127755000000296e-02
1.515654999999999919e-01,9.528054279000000015e-01,-4.538598473000000216e-02,-3.405881502000000088e-02
1.518355500000000136e-01,9.513610700000000309e-01,-4.552812806999999989e-02,-3.394308529000000102e-02
1.521043900000000060e-01,9.503580061999999939e-01,-4.574431904000000187e-02,-3.383102631999999887e-02
1.523719000000000046e-01,9.495547671999999828e-01,-4.612647591999999991e-02,-3.372739833999999909e-02
1.526380999999999988e-01,9.487120518999999641e-01,-4.673899635999999996e-02,-3.359839852000000293e-02
1.529030100000000059e-01,9.488381268000000146e-01,-4.757691852999999804e-02,-3.352100845000000051e-02
1.531666299999999981e-01,9.486237544000000188e-01,-4.792047886999999812e-02,-3.342138009000000104e-02
1.534287400000000079e-01,9.481737164000000329e-01,-4.831909387999999694e-02,-3.328761202999999669e-02
1.536894799999999894e-01,9.480058377000000203e-01,-4.854366078999999834e-02,-3.319905761999999982e-02
1.539487499999999953e-01,9.471827416000000444e-01,-4.896427451000000264e-02,-3.307273815999999672e-02
1.542065599999999925e-01,9.464913242000000393e-01,-4.939543378999999845e-02,-3.303252979000000089e-02
1.544629200000000036e-01,9.457585501999999922e-01,-4.981960492999999712e-02,-3.300531714999999783e-02
1.547177499999999872e-01,9.452683899999999584e-01,-5.044140453999999829e-02,-3.303937722999999993e-02
1.549711699999999914e-01,9.434167728000000253e-01,-5.096028932999999844e-02,-3.295100546000000186e-02
1.552230900000000080e-01,9.417748176000000360e-01,-5.141767765000000018e-02,-3.298297859999999720e-02
1.554735200000000039e-01,9.405719380000000518e-01,-5.169401793000000245e-02,-3.307903320000000341e-02
1.557225899999999941e-01,9.382828886999999840e-01,-5.164912955999999972e-02,-3.315706093000000271e-02
1.559703100000000009e-01,9.362072543999999663e-01,-5.139183794999999805e-02,-3.329585919999999977e-02
1.562167899999999943e-01,9.341929364000000069e-01,-5.108948328000000039e-02,-3.344097918999999752e-02
1.564620599999999861e-01,9.323645483000000400e-01,-5.052598841000000007e-02,-3.361769439000000109e-02
1.567062100000000124e-01,9.314208585000000040e-01,-5.004811857000000114e-02,-3.387880640000000276e-02
1.569492600000000071e-01,9.304932236999999828e-01,-4.973585140000000293e-02,-3.415195128000000219e-02
1.571912299999999874e-01,9.296682566999999731e-01,-4.928644581000000274e-02,-3.444036360000000269e-02
1.574321099999999862e-01,9.289237435999999626e-01,-4.872384419999999799e-02,-3.474933703000000068e-02
1.576720100000000013e-01,9.283039016999999893e-01,-4.802407236000000301e-02,-3.508076925999999846e-02
1.579109499999999944e-01,9.278932171999999534e-01,-4.720120292999999828e-02,-3.541440951000000142e-02
1.581489299999999931e-01,9.277570914999999641e-01,-4.639946404999999857e-02,-3.577371373999999743e-02
1.583860500000000004e-01,9.278902844999999955e-01,-4.543018649000000325e-02,-3.613711762999999993e-02
1.586223200000000111e-01,9.283186674000000194e-01,-4.453620948999999912e-02,-3.643610282000000339e-02
1.588578300000000054e-01,9.289073002000000079e-01,-4.348505298000000102e-02,-3.668360408000000128e-02
1.590926000000000007e-01,9.296395910000000429e-01,-4.235796683000000312e-02,-3.690811281999999832e-02
1.593268100000000131e-01,9.303895229999999961e-01,-4.106733792000000216e-02,-3.710609086000000306e-02
1.595603700000000069e-01,9.303085282999999928e-01,-3.966141918999999821e-02,-3.719880974999999895e-02
1.597933699999999901e-01,9.312296867999999561e-01,-3.844532514000000012e-02,-3.737669555999999921e-02
1.600261000000000045e-01,9.327578457999999850e-01,-3.733129109000000306e-02,-3.755155158000000187e-02
1.602586500000000025e-01,9.347244663999999537e-01,-3.603122806999999733e-02,-3.771602371999999842e-02
1.604913799999999890e-01,9.360153894999999613e-01,-3.431532003999999969e-02,-3.786126570000000052e-02
1.607243899999999948e-01,9.373992553000000116e-01,-3.258698497999999721e-02,-3.800428279999999714e-02
1.609579499999999885e-01,9.385449502999999583e-01,-3.075898846000000089e-02,-3.809743507999999862e-02
1.611921600000000010e-01,9.399434756000000224e-01,-2.915229001999999903e-02,-3.815932274000000124e-02
1.614270299999999991e-01,9.413411767999999569e-01,-2.777053990999999930e-02,-3.818030697000000112e-02
1.616626499999999911e-01,9.438454764000000496e-01,-2.643746178000000099e-02,-3.822947758999999807e-02
1.618991200000000075e-01,9.456894543999999625e-01,-2.481171612000000054e-02,-3.828115448000000282e-02
1.621365399999999957e-01,9.484011205000000277e-01,-2.352135456999999985e-02,-3.830024708000000222e-02
1.623730100000000121e-01,9.504157404999999947e-01,-2.267142393000000020e-02,-3.826911974000000299e-02
1.626084399999999930e-01,9.523018922000000552e-01,-2.177862508999999988e-02,-3.818622459999999885e-02
1.628429299999999968e-01,9.536558950000000312e-01,-2.091225718000000108e-02,-3.812006329999999971e-02
1.630767599999999873e-01,9.552596322999999945e-01,-2.050747800999999995e-02,-3.804504224000000018e-02
1.633102200000000059e-01,9.568498707000000492e-01,-2.016008220999999934e-02,-3.801532685000000300e-02
1.635435899999999887e-01,9.591977889999999674e-01,-1.982104608999999892e-02,-3.800541225000000217e-02
1.637769599999999992e-01,9.603976385000000393e-01,-1.965939067999999956e-02,-3.795107724999999960e-02
1.640104199999999901e-01,9.622188647999999622e-01,-1.952055423000000067e-02,-3.796426997999999969e-02
1.642439800000000116e-01,9.636844938999999943e-01,-1.968708366000000015e-02,-3.796260994999999666e-02
1.644776300000000135e-01,9.652475919999999876e-01,-2.009274252999999899e-02,-3.797741002999999865e-02
1.647115500000000121e-01,9.661305712000000101e-01,-2.047182560000000012e-02,-3.790493416000000060e-02
1.649457599999999968e-01,9.661792738000000158e-01,-2.123147872999999949e-02,-3.777708954000000285e-02
1.651805399999999868e-01,9.660463734999999996e-01,-2.213936856000000078e-02,-3.768016956999999806e-02
1.654158799999999874e-01,9.653449182000000128e-01,-2.342398441000000109e-02,-3.756592545000000255e-02
1.656519800000000042e-01,9.647896612999999899e-01,-2.454657760999999841e-02,-3.746081059999999824e-02
1.658889400000000125e-01,9.645041959000000276e-01,-2.570030243999999950e-02,-3.737830238999999971e-02
1.661266700000000041e-01,9.639305601000000001e-01,-2.648177084999999917e-02,-3.732177024000000315e-02
1.663651800000000014e-01,9.635990395000000319e-01,-2.735659969000000039e-02,-3.726743880999999758e-02
1.666043799999999964e-01,9.630142830000000265e-01,-2.826242426999999932e-02,-3.726649405000000137e-02
1.668444600000000000e-01,9.626567620000000547e-01,-2.924245127000000069e-02,-3.730397375999999765e-02
1.670853300000000041e-01,9.621037354000000485e-01,-3.012244563999999861e-02,-3.733785044000000053e-02
1.673271000000000064e-01,9.609658416999999897e-01,-3.125740610999999669e-02,-3.727615987999999964e-02
1.675696799999999986e-01,9.591223286000000181e-01,-3.229165767000000131e-02,-3.720938815000000149e-02
1.678131700000000115e-01,9.572275362000000065e-01,-3.331777044999999909e-02,-3.713190560000000084e-02
1.680574800000000091e-01,9.544876870999999818e-01,-3.445148845999999876e-02,-3.700299675999999677e-02
1.683027199999999890e-01,9.511574000000000417e-01,-3.577758777000000084e-02,-3.684070706999999917e-02
1.685488900000000068e-01,9.480917798000000341e-01,-3.733560581999999933e-02,-3.673015531999999916e-02
1.687960000000000016e-01,9.453646148000000027e-01,-3.872180039999999906e-02,-3.669185472000000003e-02
1.690440599999999960e-01,9.424477634000000270e-01,-4.009157615000000230e-02,-3.670168127000000141e-02
1.692930699999999899e-01,9.399568178999999635e-01,-4.141606213000000036e-02,-3.676768773999999906e-02
1.695430500000000007e-01,9.365768861000000056e-01,-4.222364315999999757e-02,-3.679255750000000325e-02
1.697938999999999976e-01,9.326043671999999507e-01,-4.274357914000000147e-02,-3.674152359999999923e-02
1.700456200000000084e-01,9.277441732000000219e-01,-4.302602792000000120e-02,-3.665078668999999928e-02
1.702981000000000078e-01,9.236004907999999514e-01,-4.314101406999999722e-02,-3.655099934000000106e-02
1.705513499999999905e-01,9.199379112000000136e-01,-4.283919047000000341e-02,-3.646497633000000266e-02
1.708053900000000014e-01,9.170832971000000278e-01,-4.203458881000000230e-02,-3.634461220000000103e-02
1.710600899999999980e-01,9.152306373999999911e-01,-4.100061130999999720e-02,-3.627917357999999731e-02
1.713155799999999951e-01,9.147920800000000074e-01,-3.977689977999999960e-02,-3.623728597999999884e-02
1.715718599999999927e-01,9.148249765000000533e-01,-3.827530212000000015e-02,-3.624334107999999804e-02
1.718288299999999880e-01,9.164369811999999449e-01,-3.686121842000000121e-02,-3.627875870999999752e-02
1.720865900000000115e-01,9.182488344000000469e-01,-3.514150468999999860e-02,-3.627898890000000320e-02
1.723449400000000020e-01,9.203290953999999635e-01,-3.373301193000000087e-02,-3.622547475000000017e-02
1.726039799999999902e-01,9.223623780999999910e-01,-3.250246083999999702e-02,-3.618099334000000195e-02
1.728637100000000038e-01,9.244579353999999860e-01,-3.146062420000000220e-02,-3.611107177999999668e-02
1.731240400000000068e-01,9.268490577000000341e-01,-3.034613251999999928e-02,-3.611759242999999786e-02
1.733849500000000099e-01,9.294740285000000490e-01,-2.945306204999999927e-02,-3.616621641000000026e-02
1.736464500000000077e-01,9.314641679999999813e-01,-2.872615456000000150e-02,-3.623392601000000046e-02
1.739084300000000027e-01,9.343157323999999875e-01,-2.824836983000000162e-02,-3.639072715999999708e-02
1.741708899999999949e-01,9.371061930999999845e-01,-2.780201163999999892e-02,-3.660229239999999995e-02
1.744336999999999971e-01,9.397059517000000417e-01,-2.788506336000000016e-02,-3.682363730000000335e-02
1.746967600000000065e-01,9.418285315000000102e-01,-2.805630900999999885e-02,-3.703519367000000090e-02
1.749600500000000058e-01,9.435207349999999993e-01,-2.857129191999999845e-02,-3.724745963000000021e-02
1.752235900000000124e-01,9.450888919000000055e-01,-2.929902998999999938e-02,-3.749016857999999675e-02
1.754873700000000036e-01,9.461618791000000472e-01,-3.005578526999999958e-02,-3.772774941999999798e-02
1.757512699999999872e-01,9.472310122000000554e-01,-3.090275237999999883e-02,-3.798984898999999832e-02
1.760150500000000062e-01,9.476433710999999649e-01,-3.167355184000000129e-02,-3.824348462999999781e-02
1.762787100000000051e-01,9.478728453000000442e-01,-3.233432185000000014e-02,-3.850641487999999918e-02
1.765421299999999916e-01,9.481919662000000137e-01,-3.290911089000000261e-02,-3.872102300000000025e-02
1.768051800000000062e-01,9.481087645000000341e-01,-3.323364738000000179e-02,-3.891223803999999814e-02
1.770678699999999883e-01,9.482593794000000464e-01,-3.350592706999999670e-02,-3.911485305000000218e-02
1.773300899999999958e-01,9.480584536999999701e-01,-3.364300793999999706e-02,-3.930947925000000120e-02
1.775916999999999912e-01,9.470894826000000322e-01,-3.378415577999999836e-02,-3.945751873000000187e-02
1.778525999999999996e-01,9.458546394000000301e-01,-3.375623427999999843e-02,-3.959883735999999987e-02
1.781125400000000136e-01,9.437824535000000070e-01,-3.360589412000000026e-02,-3.963131198000000022e-02
1.783715499999999898e-01,9.415293825999999644e-01,-3.395093596999999852e-02,-3.964881850000000207e-02
1.786296199999999890e-01,9.397610245999999945e-01,-3.421687201999999706e-02,-3.970359334000000268e-02
1.788866500000000082e-01,9.371291897000000315e-01,-3.457870183000000264e-02,-3.969403946999999766e-02
1.791427499999999895e-01,9.351824292000000538e-01,-3.515598409000000174e-02,-3.975503008999999727e-02
1.793978300000000081e-01,9.333589113000000381e-01,-3.579371514000000143e-02,-3.978383666000000207e-02
1.796520000000000061e-01,9.310806260999999751e-01,-3.591814422000000340e-02,-3.972804037000000205e-02
1.799051500000000137e-01,9.287031357999999681e-01,-3.584097825000000237e-02,-3.964435080999999944e-02
1.801572899999999977e-01,9.268933980000000350e-01,-3.565416107000000251e-02,-3.959045284999999914e-02
1.804084300000000085e-01,9.251021004999999686e-01,-3.563881686999999937e-02,-3.949842409999999859e-02
1.806585800000000130e-01,9.242228802999999937e-01,-3.575614833000000103e-02,-3.938661855000000211e-02
1.809077500000000061e-01,9.231326578999999866e-01,-3.565432751000000011e-02,-3.926372591999999911e-02
1.811560399999999904e-01,9.225203734000000377e-01,-3.505651079000000198e-02,-3.908048131999999897e-02
1.814034700000000111e-01,9.220054552999999986e-01,-3.418601434000000105e-02,-3.889248230999999695e-02
1.816501500000000102e-01,9.219704020000000222e-01,-3.322178700000000262e-02,-3.867910268000000068e-02
1.818960799999999878e-01,9.220997483999999744e-01,-3.238863763000000145e-02,-3.849664640000000082e-02
1.821413799999999916e-01,9.218578053000000549e-01,-3.158131989000000084e-02,-3.827075652999999827e-02
1.823860399999999993e-01,9.216300720000000224e-01,-3.034489341000000048e-02,-3.806166440000000040e-02
1.826300700000000055e-01,9.217588999000000394e-01,-2.920458448000000026e-02,-3.785763871000000225e-02
1.828734700000000102e-01,9.216026560000000201e-01,-2.821373963999999901e-02,-3.762398823000000225e-02
1.831163500000000111e-01,9.219987949000000294e-01,-2.736142444000000049e-02,-3.739614774999999725e-02
1.833586100000000052e-01,9.223533779000000488e-01,-2.662108799000000026e-02,-3.715275559000000283e-02
1.836003499999999955e-01,9.231974043999999768e-01,-2.593640984000000066e-02,-3.698844678000000330e-02
1.838416800000000073e-01,9.247329118999999542e-01,-2.557721845000000133e-02,-3.687705075000000110e-02
1.840825000000000100e-01,9.263896938000000247e-01,-2.546671525000000075e-02,-3.673426585999999688e-02
1.843229000000000117e-01,9.279829711999999509e-01,-2.549172942999999858e-02,-3.664809872000000107e-02
1.845629000000000020e-01,9.301443136999999473e-01,-2.572418155999999997e-02,-3.661230597000000170e-02
1.848026000000000113e-01,9.326759305999999805e-01,-2.613656146999999985e-02,-3.667583803999999864e-02
1.850415800000000111e-01,9.358608340999999831e-01,-2.636645986000000011e-02,-3.676759012999999965e-02
1.852797599999999878e-01,9.388474555000000388e-01,-2.646203994999999851e-02,-3.689522907000000046e-02
1.855173400000000028e-01,9.421612794999999485e-01,-2.671271819000000172e-02,-3.705095427999999941e-02
1.857544100000000087e-01,9.447583872999999466e-01,-2.738494329000000158e-02,-3.719528032999999678e-02
1.859912900000000036e-01,9.473858385000000215e-01,-2.813601515999999969e-02,-3.736118271999999685e-02
1.862282700000000013e-01,9.496060944999999975e-01,-2.911898456999999912e-02,-3.752813734999999734e-02
1.864655500000000077e-01,9.520425994000000225e-01,-3.011272674000000163e-02,-3.772100650000000110e-02
1.867033300000000007e-01,9.535767632999999632e-01,-3.085563982999999996e-02,-3.789699553999999887e-02
1.869417100000000109e-01,9.547549231999999941e-01,-3.157246686000000219e-02,-3.800775632000000237e-02
1.871807000000000054e-01,9.551637801000000261e-01,-3.221490356000000083e-02,-3.810240756000000256e-02
1.874203999999999870e-01,9.551937256000000431e-01,-3.292798360000000202e-02,-3.819365461000000239e-02
1.876609200000000088e-01,9.553048549999999528e-01,-3.363623257000000061e-02,-3.831095502000000236e-02
1.879023700000000130e-01,9.549356473000000234e-01,-3.436111238000000290e-02,-3.837648887000000286e-02
1.881449699999999947e-01,9.539282584999999592e-01,-3.489264361999999675e-02,-3.839976243999999872e-02
1.883887200000000095e-01,9.526551570000000302e-01,-3.560102227999999841e-02,-3.831685580000000063e-02
1.886336500000000138e-01,9.508190803999999607e-01,-3.625232899999999980e-02,-3.824713980999999707e-02
1.888796500000000100e-01,9.490998300999999859e-01,-3.688274092999999781e-02,-3.812988303999999967e-02
1.891267299999999929e-01,9.464090375000000499e-01,-3.752511892999999682e-02,-3.793981904000000294e-02
1.893749000000000127e-01,9.444117638000000259e-01,-3.813265452999999722e-02,-3.773224060000000130e-02
1.896240700000000057e-01,9.420318883999999615e-01,-3.839115497000000071e-02,-3.753149054999999762e-02
1.898743499999999973e-01,9.400617192000000344e-01,-3.830890752999999843e-02,-3.729558070999999808e-02
1.901256400000000124e-01,9.375734467999999877e-01,-3.801485440999999993e-02,-3.712121069999999717e-02
1.903779499999999902e-01,9.352436269999999663e-01,-3.712164319999999851e-02,-3.687450633000000089e-02
1.906311699999999887e-01,9.326844760000000401e-01,-3.660193286999999934e-02,-3.663662378000000219e-02
1.908854299999999948e-01,9.303129553000000218e-01,-3.578708983000000038e-02,-3.634341390999999699e-02
1.911407300000000087e-01,9.279179674999999961e-01,-3.444139816999999826e-02,-3.606269634999999946e-02
1.913970899999999919e-01,9.265602598000000079e-01,-3.320935937999999754e-02,-3.583239941000000012e-02
1.916543900000000078e-01,9.248797318999999462e-01,-3.191175261000000346e-02,-3.561312241999999711e-02
1.919126399999999955e-01,9.230510902999999878e-01,-3.023590559000000066e-02,-3.537575903000000216e-02
1.921717400000000076e-01,9.215047668000000414e-01,-2.862261748000000106e-02,-3.514270812999999855e-02
1.924317999999999862e-01,9.210712919000000332e-01,-2.748540382000000046e-02,-3.498286074000000329e-02
1.926927099999999893e-01,9.207589304000000086e-01,-2.649086553000000108e-02,-3.485757588999999906e-02
1.929546000000000039e-01,9.206342063000000353e-01,-2.534584789999999935e-02,-3.474281882000000016e-02
1.932174799999999970e-01,9.197874537000000350e-01,-2.451743832000000123e-02,-3.465447175999999962e-02
1.934812399999999988e-01,9.192935594000000155e-01,-2.363030892999999980e-02,-3.457263832000000148e-02
1.937459900000000068e-01,9.180258235999999572e-01,-2.290414551000000132e-02,-3.439456769000000247e-02
1.940116299999999905e-01,9.175716028000000524e-01,-2.208700291000000038e-02,-3.425579768999999913e-02
1.942781700000000000e-01,9.173739753999999857e-01,-2.152539318000000132e-02,-3.410532446999999662e-02
1.945450900000000038e-01,9.175433670000000541e-01,-2.111535137000000034e-02,-3.400680912000000194e-02
1.948122599999999871e-01,9.172564975000000453e-01,-2.082079170000000062e-02,-3.383231063000000094e-02
1.950794299999999981e-01,9.170250156999999458e-01,-2.080340069000000125e-02,-3.372063801999999888e-02
1.953464799999999890e-01,9.167321411000000086e-01,-2.121517780999999936e-02,-3.360614202000000023e-02
1.956132700000000058e-01,9.167430495999999707e-01,-2.177934998000000122e-02,-3.352001973999999690e-02
1.958797999999999928e-01,9.173488024999999491e-01,-2.285625205000000118e-02,-3.342825373999999683e-02
1.961459500000000133e-01,9.186202868999999716e-01,-2.400556660000000009e-02,-3.342001884999999672e-02
1.964118400000000042e-01,9.197924991999999467e-01,-2.521643963000000030e-02,-3.343940626999999943e-02
1.966774799999999879e-01,9.212521459000000412e-01,-2.665109054999999921e-02,-3.344158238000000116e-02
1.969428599999999974e-01,9.229968706000000189e-01,-2.816649212000000083e-02,-3.354929379999999767e-02
1.972079899999999997e-01,9.245848260000000263e-01,-2.969411295000000048e-02,-3.369678538999999751e-02
1.974729899999999871e-01,9.258307354999999461e-01,-3.113514121000000162e-02,-3.385413886000000067e-02
1.977379900000000024e-01,9.275856420000000435e-01,-3.258002368000000037e-02,-3.402340021999999964e-02
1.980029899999999898e-01,9.290638498000000078e-01,-3.403168496000000265e-02,-3.416416119000000029e-02
1.982681199999999921e-01,9.301523753999999533e-01,-3.569876883999999889e-02,-3.426999591000000345e-02
1.985333800000000093e-01,9.308760946999999897e-01,-3.713698695999999994e-02,-3.440799172999999683e-02
1.987988900000000059e-01,9.314799003000000521e-01,-3.843495707999999844e-02,-3.455606994000000320e-02
1.990647799999999967e-01,9.317132231000000431e-01,-3.972772516999999864e-02,-3.465638197999999781e-02
1.993311899999999914e-01,9.323239438999999518e-01,-4.057050930000000166e-02,-3.479015991000000002e-02
1.995981199999999900e-01,9.327033845000000101e-01,-4.147484762999999880e-02,-3.492613921999999926e-02
1.998655599999999977e-01,9.328921427999999905e-01,-4.231222787999999735e-02,-3.505941783000000173e-02
2.001335300000000039e-01,9.326413060999999560e-01,-4.257698032999999993e-02,-3.518192788999999904e-02
2.004018899999999992e-01,9.321245985999999650e-01,-4.257659104000000028e-02,-3.527108621999999749e-02
2.006706400000000112e-01,9.308642612999999955e-01,-4.210048832999999796e-02,-3.533994274999999879e-02
2.009396499999999974e-01,9.296936360999999982e-01,-4.131017487000000071e-02,-3.539575604999999764e-02
2.012089300000000081e-01,9.283769736000000439e-01,-4.030235917000000306e-02,-3.548296565999999735e-02
2.014784799999999876e-01,9.267295023999999604e-01,-3.905576237999999756e-02,-3.560623230999999944e-02
2.017481499999999872e-01,9.252821014000000011e-01,-3.746225040000000089e-02,-3.576426676999999721e-02
2.020179599999999964e-01,9.243647012000000274e-01,-3.556248130999999785e-02,-3.601620218999999901e-02
2.022878999999999927e-01,9.236264250000000287e-01,-3.346521461000000197e-02,-3.623804205000000223e-02
2.025578500000000115e-01,9.230410869999999823e-01,-3.177859560000000083e-02,-3.642003291999999781e-02
2.028277900000000078e-01,9.225008278999999867e-01,-3.018831532999999984e-02,-3.668247156999999981e-02
2.030977300000000041e-01,9.223897358999999518e-01,-2.869539575000000162e-02,-3.698882053000000086e-02
2.033675400000000133e-01,9.214442118000000237e-01,-2.728981101999999881e-02,-3.727191073999999715e-02
2.036372100000000129e-01,9.199964087999999984e-01,-2.563728155999999911e-02,-3.756977881000000269e-02
2.039066200000000106e-01,9.185773562000000281e-01,-2.439018785000000161e-02,-3.780145808999999663e-02
2.041756399999999916e-01,9.168651179000000262e-01,-2.329295542000000066e-02,-3.809548494000000035e-02
2.044441200000000070e-01,9.158683518000000356e-01,-2.272632373999999844e-02,-3.835613640999999824e-02
2.047120699999999960e-01,9.143624071000000519e-01,-2.211598447999999981e-02,-3.865535174999999712e-02
2.049793699999999941e-01,9.139285275999999847e-01,-2.183622496000000093e-02,-3.894909058999999896e-02
2.052454900000000027e-01,9.132424895999999848e-01,-2.161879268999999937e-02,-3.926650990999999702e-02
2.055104500000000112e-01,9.123555459000000090e-01,-2.191792391000000131e-02,-3.946039780999999885e-02
2.057742599999999866e-01,9.111329687000000455e-01,-2.235633689999999910e-02,-3.971411316000000163e-02
2.060367899999999974e-01,9.103866051000000237e-01,-2.351404009000000045e-02,-3.989898307999999866e-02
2.062981799999999977e-01,9.101923513999999882e-01,-2.444794872000000119e-02,-4.015525953000000092e-02
2.065584500000000046e-01,9.106242944000000339e-01,-2.595903768000000153e-02,-4.030415350000000202e-02
2.068174799999999980e-01,9.111949124999999539e-01,-2.720418998000000144e-02,-4.048747979000000274e-02
2.070753999999999928e-01,9.114436012000000087e-01,-2.867251344999999924e-02,-4.060075540000000066e-02
2.073323499999999986e-01,9.114234310000000061e-01,-3.018718097999999878e-02,-4.066435705000000234e-02
2.075883199999999928e-01,9.112756258999999970e-01,-3.144925300999999729e-02,-4.066223366999999894e-02
2.078433299999999928e-01,9.114112256999999939e-01,-3.236473914000000118e-02,-4.064177383999999921e-02
2.080971500000000085e-01,9.111131185999999937e-01,-3.337009114000000221e-02,-4.053193253000000190e-02
2.083496699999999868e-01,9.113662793000000262e-01,-3.458348219000000057e-02,-4.040844086999999946e-02
2.086009000000000058e-01,9.122899849000000172e-01,-3.554422819999999983e-02,-4.027215098999999826e-02
2.088508500000000045e-01,9.129187574999999555e-01,-3.661445054999999671e-02,-4.001342433999999920e-02
2.090996599999999928e-01,9.135455416000000106e-01,-3.739909855000000255e-02,-3.969619365999999677e-02
2.093474300000000010e-01,9.146214857000000142e-01,-3.798030012999999844e-02,-3.939025835999999947e-02
2.095940799999999882e-01,9.161967315000000278e-01,-3.839056426999999660e-02,-3.909339570999999930e-02
2.098397200000000073e-01,9.177247541999999925e-01,-3.866855295999999803e-02,-3.875551002000000161e-02
2.100843599999999978e-01,9.198162427999999613e-01,-3.884049674000000091e-02,-3.844675480000000339e-02
2.103279999999999872e-01,9.215133649000000204e-01,-3.911160177999999793e-02,-3.807308352000000201e-02
2.105707699999999905e-01,9.228579721999999874e-01,-3.883568276999999763e-02,-3.761881995000000006e-02
2.108125600000000099e-01,9.245913602999999981e-01,-3.827463195999999956e-02,-3.724607124999999852e-02
2.110534799999999878e-01,9.269944259000000297e-01,-3.753906519999999913e-02,-3.694229799999999841e-02
2.112935499999999966e-01,9.289603627000000419e-01,-3.686223328999999743e-02,-3.667561382000000120e-02
2.115327599999999864e-01,9.313266680999999769e-01,-3.608770825000000293e-02,-3.643682307999999981e-02
2.117711300000000019e-01,9.332948287000000231e-01,-3.503510306000000296e-02,-3.621833465999999696e-02
2.120088599999999934e-01,9.357611433000000423e-01,-3.406526229000000211e-02,-3.601193502999999740e-02
2.122458600000000084e-01,9.378070101000000047e-01,-3.278032891999999726e-02,-3.585573845000000065e-02
2.124821299999999913e-01,9.402296329999999536e-01,-3.146791569000000066e-02,-3.574456251000000112e-02
2.127177799999999952e-01,9.421090932000000251e-01,-3.028802913999999874e-02,-3.568540885000000273e-02
2.129530199999999929e-01,9.439866856999999944e-01,-2.912844469999999880e-02,-3.567791934000000276e-02
2.131879499999999872e-01,9.447918036000000352e-01,-2.767655987999999984e-02,-3.566656568999999888e-02
2.134228800000000092e-01,9.454462423999999698e-01,-2.655784760000000008e-02,-3.566800858000000046e-02
2.136581100000000122e-01,9.460123783999999647e-01,-2.570930516999999846e-02,-3.571732244999999834e-02
2.138936600000000132e-01,9.473249715999999543e-01,-2.501175288999999899e-02,-3.578052254999999904e-02
2.141297299999999904e-01,9.482150493000000013e-01,-2.440661724000000102e-02,-3.587986867000000218e-02
2.143663199999999991e-01,9.492233145999999788e-01,-2.415353519999999948e-02,-3.591603017000000175e-02
2.146033199999999863e-01,9.493344536000000167e-01,-2.386418376999999841e-02,-3.592542449999999721e-02
2.148408499999999999e-01,9.495820959999999866e-01,-2.382904090000000086e-02,-3.593342606000000244e-02
2.150790200000000096e-01,9.492062747999999717e-01,-2.404853239999999934e-02,-3.593216007999999739e-02
2.153180399999999883e-01,9.486155432999999748e-01,-2.431106476000000072e-02,-3.589628903000000038e-02
2.155579099999999915e-01,9.474122784999999825e-01,-2.463994908999999831e-02,-3.587416247999999919e-02
2.157988700000000037e-01,9.465591196000000540e-01,-2.506870711000000126e-02,-3.587337798000000272e-02
2.160409199999999974e-01,9.457419589000000126e-01,-2.569358219999999873e-02,-3.585290925000000212e-02
2.162840699999999949e-01,9.444040148000000245e-01,-2.686722272000000022e-02,-3.572049008000000025e-02
2.165283299999999911e-01,9.423351899999999892e-01,-2.829299181999999843e-02,-3.551783303000000114e-02
2.167737200000000031e-01,9.400649399999999600e-01,-2.974693999999999949e-02,-3.529034576000000117e-02
2.170202400000000031e-01,9.372549604000000034e-01,-3.140653390999999933e-02,-3.506357856000000273e-02
2.172677899999999884e-01,9.345572644999999845e-01,-3.287775720000000318e-02,-3.481806511999999826e-02
2.175165000000000015e-01,9.319940984000000261e-01,-3.407541834999999741e-02,-3.463213242999999691e-02
2.177663800000000094e-01,9.296643038999999886e-01,-3.548242697000000140e-02,-3.444572515000000196e-02
2.180173099999999919e-01,9.270468260999999988e-01,-3.681730605999999906e-02,-3.424180998000000281e-02
2.182694400000000090e-01,9.250952232000000386e-01,-3.840274494999999788e-02,-3.407906210000000158e-02
2.185227600000000103e-01,9.221850928999999475e-01,-4.001811264999999979e-02,-3.385406878000000314e-02
2.187771799999999878e-01,9.194770451999999539e-01,-4.165714596000000269e-02,-3.363776477000000181e-02
2.190326999999999968e-01,9.174520578999999509e-01,-4.290116173999999893e-02,-3.348671067000000279e-02
2.192893300000000045e-01,9.144870320000000330e-01,-4.397977184000000095e-02,-3.328414393000000276e-02
2.195468299999999984e-01,9.115537228000000214e-01,-4.435628877000000192e-02,-3.311284370999999921e-02
2.198052100000000009e-01,9.086100741999999508e-01,-4.474633749999999688e-02,-3.288602259000000111e-02
2.200644700000000120e-01,9.059512898999999564e-01,-4.471925956000000202e-02,-3.267107914999999724e-02
2.203243699999999916e-01,9.048441552000000554e-01,-4.446083180000000301e-02,-3.254564840000000181e-02
2.205847800000000081e-01,9.048520347999999824e-01,-4.352414186999999796e-02,-3.257000186000000297e-02
2.208455800000000135e-01,9.052723725000000332e-01,-4.195956064999999818e-02,-3.264108065000000114e-02
2.211066299999999984e-01,9.050778019999999868e-01,-3.986369998000000026e-02,-3.275290363999999732e-02
2.213679400000000130e-01,9.053239095999999764e-01,-3.709147152000000225e-02,-3.289341911000000229e-02
2.216296399999999889e-01,9.057759318000000448e-01,-3.439019993999999775e-02,-3.306458142999999655e-02
2.218913399999999925e-01,9.068899162000000347e-01,-3.159113463000000344e-02,-3.326641436999999701e-02
2.221530399999999961e-01,9.080215828000000045e-01,-2.890687722999999917e-02,-3.345018510000000167e-02
2.224147399999999997e-01,9.100373352999999721e-01,-2.644730424000000038e-02,-3.364148729000000088e-02
2.226764400000000033e-01,9.114561545999999570e-01,-2.433117144000000037e-02,-3.381565066000000175e-02
2.229381400000000069e-01,9.132558482999999505e-01,-2.253182395999999907e-02,-3.402341502999999684e-02
2.231999600000000028e-01,9.148956211000000005e-01,-2.079791761999999836e-02,-3.420905520999999866e-02
2.234617899999999935e-01,9.171197384999999480e-01,-1.939423184999999883e-02,-3.445396225999999840e-02
2.237236200000000119e-01,9.194285883999999687e-01,-1.827990079999999851e-02,-3.477280865000000054e-02
2.239854500000000026e-01,9.218895921999999965e-01,-1.750856454000000034e-02,-3.510248225999999805e-02
2.242472799999999933e-01,9.242356407999999801e-01,-1.661689782000000046e-02,-3.548790696000000272e-02
2.245091100000000117e-01,9.263882509999999959e-01,-1.636584894000000026e-02,-3.586103038999999965e-02
2.247709400000000024e-01,9.288443657999999603e-01,-1.644394884000000001e-02,-3.626093633000000011e-02
2.250327699999999931e-01,9.309818855999999476e-01,-1.666334549999999928e-02,-3.667599063000000215e-02
2.252944699999999967e-01,9.334258489000000214e-01,-1.724352331999999891e-02,-3.715035861999999717e-02
2.255559000000000036e-01,9.348094656000000002e-01,-1.790932464999999904e-02,-3.751975937000000261e-02
2.258169499999999885e-01,9.364234780000000313e-01,-1.875586715999999834e-02,-3.791018371000000331e-02
2.260776100000000122e-01,9.383112124000000387e-01,-1.948485235999999898e-02,-3.833330923000000112e-02
2.263380100000000061e-01,9.392550772000000103e-01,-2.067133684999999943e-02,-3.871844252000000014e-02
2.265980200000000111e-01,9.397935253000000433e-01,-2.161654965000000053e-02,-3.905063529999999727e-02
2.268576399999999993e-01,9.406545124999999841e-01,-2.265728986999999972e-02,-3.943189166000000273e-02
2.271168799999999932e-01,9.408394616999999904e-01,-2.360803382999999978e-02,-3.977218406000000012e-02
2.273754799999999909e-01,9.409410854999999962e-01,-2.476573722000000033e-02,-4.014293288999999654e-02
2.276335600000000126e-01,9.404770880999999694e-01,-2.589296895000000112e-02,-4.042482535999999960e-02
2.278910100000000050e-01,9.395516280000000275e-01,-2.716510943000000067e-02,-4.068555598000000301e-02
2.281475799999999887e-01,9.384544848000000439e-01,-2.845807054999999891e-02,-4.087881235000000169e-02
2.284032599999999968e-01,9.370014809000000167e-01,-2.949147713999999976e-02,-4.106521815999999991e-02
2.286580699999999911e-01,9.356767094000000284e-01,-3.032000522999999878e-02,-4.123439233000000120e-02
2.289118900000000068e-01,9.339812023000000352e-01,-3.107492346000000072e-02,-4.136749623000000181e-02
2.291647199999999884e-01,9.329138055000000262e-01,-3.194762009000000347e-02,-4.145709801999999944e-02
2.294164599999999887e-01,9.310225858999999771e-01,-3.247247672999999807e-02,-4.144288235000000153e-02
2.296672200000000053e-01,9.293484075000000288e-01,-3.288580759999999714e-02,-4.138753836999999741e-02
2.299169000000000074e-01,9.278053857000000404e-01,-3.302481691999999830e-02,-4.135997062999999946e-02
2.301656199999999874e-01,9.259056758999999470e-01,-3.316636731000000005e-02,-4.128949534999999671e-02
2.304132799999999981e-01,9.234327700000000139e-01,-3.349161836000000281e-02,-4.115189664999999858e-02
2.306598800000000116e-01,9.215372028999999632e-01,-3.360797232999999939e-02,-4.094097567999999826e-02
2.309054299999999949e-01,9.200996693999999865e-01,-3.340002376000000134e-02,-4.077219137000000215e-02
2.311498300000000006e-01,9.186421353000000511e-01,-3.269160800999999783e-02,-4.058544370000000123e-02
2.313930800000000010e-01,9.172561179999999537e-01,-3.194408608999999705e-02,-4.038908332999999878e-02
2.316351899999999908e-01,9.160658235999999954e-01,-3.128451479000000229e-02,-4.018011512999999924e-02
2.318760699999999897e-01,9.149376221999999670e-01,-3.040522719999999915e-02,-4.000755953000000031e-02
2.321156100000000000e-01,9.141693741999999956e-01,-2.919274349999999990e-02,-3.979094384000000234e-02
2.323539299999999863e-01,9.139310197000000136e-01,-2.782505814000000091e-02,-3.959757599000000156e-02
2.325912800000000114e-01,9.134582077999999772e-01,-2.663340235000000167e-02,-3.934544253999999741e-02
2.328277500000000000e-01,9.131109197000000233e-01,-2.551233905999999996e-02,-3.909927763999999917e-02
2.330635799999999924e-01,9.135248191999999490e-01,-2.431067269000000003e-02,-3.889602601000000104e-02
2.332988699999999915e-01,9.131646600999999697e-01,-2.354478495999999879e-02,-3.864345882999999787e-02
2.335336299999999921e-01,9.123237897000000540e-01,-2.288882591000000050e-02,-3.833485486999999720e-02
2.337677499999999964e-01,9.117142684000000274e-01,-2.227143817000000123e-02,-3.802566043999999756e-02
2.340011300000000016e-01,9.118861095000000416e-01,-2.197970481000000031e-02,-3.780063942999999788e-02
2.342337700000000078e-01,9.125181449000000500e-01,-2.174662123999999974e-02,-3.764826285999999661e-02
2.344656800000000096e-01,9.137414865999999858e-01,-2.134914025999999979e-02,-3.755758950000000207e-02
2.346970700000000076e-01,9.148330292999999891e-01,-2.128786143999999991e-02,-3.747336351999999704e-02
2.349279400000000018e-01,9.159281860000000330e-01,-2.126824957000000155e-02,-3.739923836999999723e-02
2.351585999999999954e-01,9.170160513999999763e-01,-2.146480548999999891e-02,-3.736453818999999760e-02
2.353891599999999862e-01,9.188629910000000178e-01,-2.165304951000000117e-02,-3.746148137000000072e-02
2.356198300000000023e-01,9.206347027000000294e-01,-2.210481388000000089e-02,-3.759942715999999713e-02
2.358507999999999993e-01,9.224955011000000038e-01,-2.281320669000000065e-02,-3.776858192000000225e-02
2.360825000000000007e-01,9.246381729000000549e-01,-2.348034825000000145e-02,-3.794493696000000166e-02
2.363150499999999987e-01,9.266337085000000418e-01,-2.381857500000000155e-02,-3.813747121999999656e-02
2.365485400000000016e-01,9.288766387000000346e-01,-2.417609413999999984e-02,-3.836434837000000236e-02
2.367830999999999964e-01,9.299296134000000214e-01,-2.428461914000000152e-02,-3.860123252000000060e-02
2.370187300000000108e-01,9.311703759999999663e-01,-2.423776923000000097e-02,-3.883316855999999900e-02
2.372555699999999990e-01,9.320921692000000425e-01,-2.400219036000000167e-02,-3.911570593000000123e-02
2.374938299999999891e-01,9.331202108999999689e-01,-2.392687615999999906e-02,-3.940331695999999689e-02
2.377336600000000133e-01,9.338619169999999858e-01,-2.363974349000000016e-02,-3.968782503999999933e-02
2.379750599999999883e-01,9.345087145999999567e-01,-2.369354935999999981e-02,-3.995782308000000310e-02
2.382180799999999987e-01,9.344259225000000058e-01,-2.335493618000000077e-02,-4.024862466000000277e-02
2.384628299999999868e-01,9.337243775000000356e-01,-2.305428890000000078e-02,-4.046924275000000210e-02
2.387087599999999921e-01,9.334733248000000039e-01,-2.254377059000000141e-02,-4.071696756999999833e-02
2.389552899999999869e-01,9.329621554999999455e-01,-2.200963671999999968e-02,-4.091882204999999773e-02
2.392025299999999965e-01,9.323760878000000307e-01,-2.155611519999999989e-02,-4.112073259000000036e-02
2.394507300000000005e-01,9.311226083000000431e-01,-2.091929820999999939e-02,-4.124302166999999769e-02
2.396998999999999935e-01,9.297890012999999731e-01,-2.048690003000000134e-02,-4.131090286999999917e-02
2.399501699999999904e-01,9.281051281000000097e-01,-1.990204670999999939e-02,-4.126521566000000002e-02
2.402015500000000137e-01,9.259119960999999677e-01,-1.892875532000000069e-02,-4.114131350999999936e-02
2.404541699999999949e-01,9.235015345000000542e-01,-1.795074665999999916e-02,-4.092941240999999758e-02
2.407080600000000015e-01,9.221326995999999943e-01,-1.743492627000000142e-02,-4.072684147999999782e-02
2.409632100000000110e-01,9.210478399999999510e-01,-1.687032209000000060e-02,-4.051667216000000293e-02
2.412197799999999948e-01,9.202738077000000017e-01,-1.613725044000000053e-02,-4.028929512999999962e-02
2.414777899999999977e-01,9.195913771999999486e-01,-1.493969688999999962e-02,-4.001405387999999730e-02
2.417371000000000103e-01,9.188980370999999536e-01,-1.393139933000000011e-02,-3.965758642000000167e-02
2.419978899999999933e-01,9.183504534999999969e-01,-1.339067344999999958e-02,-3.924233162000000108e-02
2.422600099999999979e-01,9.176877764999999965e-01,-1.268278439000000007e-02,-3.885280065999999893e-02
2.425229499999999871e-01,9.154467785000000024e-01,-1.188512794000000025e-02,-3.836891826000000255e-02
2.427863000000000104e-01,9.131583040999999845e-01,-1.085216318000000076e-02,-3.796649268999999910e-02
2.430497899999999878e-01,9.103631586000000553e-01,-9.960886647999999538e-03,-3.755164259999999726e-02
2.433134200000000025e-01,9.079665285000000363e-01,-9.625643871999999684e-03,-3.713644879999999926e-02
2.435770399999999947e-01,9.050269222000000280e-01,-9.212110883000000291e-03,-3.670299532000000087e-02
2.438405299999999998e-01,9.013931262000000055e-01,-8.816033222999999572e-03,-3.625172650999999857e-02
2.441040200000000049e-01,8.982407368999999475e-01,-8.470862746999999193e-03,-3.586102599000000335e-02
2.443673700000000004e-01,8.948908311000000060e-01,-7.822402653000000428e-03,-3.551288417000000169e-02
2.446304400000000046e-01,8.916817884000000083e-01,-7.440992228999999958e-03,-3.521400543000000050e-02
2.448933799999999938e-01,8.888100614999999705e-01,-7.672822870000000142e-03,-3.495217568000000274e-02
2.451561899999999961e-01,8.873334040999999450e-01,-8.026833593000000378e-03,-3.473737728000000219e-02
2.454188499999999939e-01,8.862643461000000444e-01,-8.604717680000000327e-03,-3.455111686000000154e-02
2.456813800000000048e-01,8.855724024000000139e-01,-9.397991596000000725e-03,-3.435550346999999977e-02
2.459437700000000060e-01,8.851870005999999957e-01,-1.023305730000000080e-02,-3.423490771999999904e-02
2.462058900000000106e-01,8.855466068999999774e-01,-1.119126911999999974e-02,-3.416428869000000257e-02
2.464678800000000003e-01,8.866604375000000093e-01,-1.212861965999999930e-02,-3.413544537999999712e-02
2.467297200000000135e-01,8.881958465999999497e-01,-1.319967690000000034e-02,-3.409312528999999814e-02
2.469914300000000118e-01,8.900662045999999661e-01,-1.474741262000000067e-02,-3.411323596000000180e-02
2.472531500000000049e-01,8.922795008999999666e-01,-1.640089868000000131e-02,-3.419845691000000104e-02
2.475147199999999936e-01,8.955189054000000093e-01,-1.772660674000000117e-02,-3.442214567000000114e-02
2.477762900000000101e-01,8.984109641999999951e-01,-1.887470352999999837e-02,-3.467538578999999899e-02
2.480377300000000118e-01,9.014732762999999593e-01,-1.997515015999999990e-02,-3.501232102000000068e-02
2.482991700000000135e-01,9.051687859000000502e-01,-2.106930964999999961e-02,-3.542329084999999711e-02
2.485604700000000056e-01,9.083636451000000056e-01,-2.246732411999999984e-02,-3.579266771000000347e-02
2.488216400000000106e-01,9.118329592999999678e-01,-2.383918718999999964e-02,-3.616033021000000097e-02
2.490828099999999878e-01,9.144952334999999488e-01,-2.511673631999999934e-02,-3.648334970000000066e-02
2.493439699999999981e-01,9.170337478000000209e-01,-2.627567276000000035e-02,-3.677982109999999860e-02
2.496052800000000127e-01,9.189424526999999676e-01,-2.737981785999999904e-02,-3.707713430000000171e-02
2.498665800000000048e-01,9.206962158000000507e-01,-2.835146310000000169e-02,-3.730780683999999903e-02
2.501280200000000065e-01,9.222050725999999532e-01,-2.921799673999999833e-02,-3.752159506999999672e-02
2.503895899999999952e-01,9.234944901999999622e-01,-3.001041222000000105e-02,-3.765116936000000025e-02
2.506513100000000160e-01,9.246512366000000371e-01,-3.027249594999999877e-02,-3.781091664999999824e-02
2.509131600000000240e-01,9.256640937000000235e-01,-3.060588204000000076e-02,-3.783065614000000187e-02
2.511751500000000137e-01,9.259300012000000191e-01,-3.092013462000000115e-02,-3.783328656999999928e-02
2.514372699999999905e-01,9.269014394000000268e-01,-3.098157070999999971e-02,-3.783434555000000227e-02
2.516995399999999994e-01,9.276548635000000376e-01,-3.097222364999999838e-02,-3.789472029000000297e-02
2.519620699999999824e-01,9.274259132000000072e-01,-3.078881443999999939e-02,-3.782974226000000023e-02
2.522248899999999794e-01,9.275980223999999996e-01,-3.046458156999999958e-02,-3.779356663999999810e-02
2.524879899999999955e-01,9.273355451000000471e-01,-3.042842934000000027e-02,-3.770884629000000043e-02
2.527515000000000178e-01,9.265928494999999820e-01,-3.066488413000000024e-02,-3.759031932999999659e-02
2.530152900000000038e-01,9.255957457000000277e-01,-3.077449553999999851e-02,-3.744518441999999947e-02
2.532794999999999908e-01,9.240361175000000316e-01,-3.080688218000000173e-02,-3.726696751999999946e-02
2.535434400000000088e-01,9.218038037000000351e-01,-3.065519309999999858e-02,-3.705957290999999793e-02
2.538069499999999756e-01,9.191349455999999751e-01,-3.029999578999999915e-02,-3.692265985999999833e-02
2.540700399999999970e-01,9.162010635999999764e-01,-2.958866594999999891e-02,-3.686911581999999937e-02
2.543328599999999939e-01,9.133467003999999889e-01,-2.855649635999999922e-02,-3.685516216000000317e-02
2.545952499999999952e-01,9.100840562999999994e-01,-2.741977573999999918e-02,-3.682634526999999797e-02
2.548572299999999902e-01,9.072376748999999574e-01,-2.641203750999999988e-02,-3.687591538999999974e-02
2.551187999999999789e-01,9.049804348000000109e-01,-2.540892254000000003e-02,-3.697380612000000094e-02
2.553799500000000222e-01,9.032921332000000136e-01,-2.456671175999999845e-02,-3.711414462999999830e-02
2.556406900000000038e-01,9.021910171999999450e-01,-2.390952768000000062e-02,-3.729073120999999713e-02
2.559010099999999843e-01,9.018227053999999798e-01,-2.343996771999999965e-02,-3.755936592999999796e-02
2.561607900000000271e-01,9.023135565000000025e-01,-2.330356655000000166e-02,-3.787621793999999820e-02
2.564201600000000081e-01,9.031953005999999728e-01,-2.377353886999999943e-02,-3.816522088000000312e-02
2.566789899999999958e-01,9.040410625000000477e-01,-2.431918385999999946e-02,-3.836135926999999918e-02
2.569371300000000136e-01,9.052939252999999686e-01,-2.504305159000000044e-02,-3.849961670999999669e-02
2.571946099999999902e-01,9.057906087999999523e-01,-2.619116680999999947e-02,-3.850203583000000318e-02
2.574515499999999735e-01,9.059256236999999601e-01,-2.760776113999999920e-02,-3.844196209999999753e-02
2.577078099999999816e-01,9.069986890000000246e-01,-2.934631122000000078e-02,-3.837004480000000273e-02
2.579635499999999859e-01,9.077525285999999971e-01,-3.129519097999999833e-02,-3.818339567000000184e-02
2.582188899999999787e-01,9.086756164999999497e-01,-3.345180713999999778e-02,-3.795001659000000332e-02
2.584736999999999729e-01,9.094111445000000460e-01,-3.590216437000000316e-02,-3.761580209999999813e-02
2.587279800000000241e-01,9.099802256000000256e-01,-3.849159296000000119e-02,-3.718084716000000234e-02
2.589815999999999785e-01,9.106665967999999500e-01,-4.140233402000000063e-02,-3.667956801999999739e-02
2.592347099999999793e-01,9.110314426000000187e-01,-4.432471085999999810e-02,-3.617095541999999775e-02
2.594871599999999945e-01,9.110638379000000064e-01,-4.739769511999999962e-02,-3.553380545999999807e-02
2.597389600000000187e-01,9.112882984000000297e-01,-5.020059070999999956e-02,-3.490472910999999762e-02
2.599901199999999912e-01,9.122709373999999816e-01,-5.260517121000000268e-02,-3.438183296999999805e-02
2.602406400000000231e-01,9.142648046000000361e-01,-5.423568401000000011e-02,-3.410721461999999954e-02
2.604905100000000084e-01,9.150910347999999805e-01,-5.616397833000000284e-02,-3.362515791000000170e-02
2.607397499999999924e-01,9.142534374999999880e-01,-5.775423849999999915e-02,-3.306833928999999839e-02
2.609883599999999748e-01,9.139380474999999615e-01,-5.929926835999999729e-02,-3.262144396999999696e-02
2.612363400000000113e-01,9.134567961999999763e-01,-6.034810431999999836e-02,-3.224534183999999692e-02
2.614836899999999908e-01,9.132237322999999796e-01,-6.097874796999999680e-02,-3.200733587000000047e-02
2.617304100000000244e-01,9.130116926000000355e-01,-6.110262601000000099e-02,-3.184408804999999676e-02
2.619765199999999905e-01,9.122052000000000493e-01,-6.084449749999999713e-02,-3.163634111000000054e-02
2.622220000000000106e-01,9.117751675999999916e-01,-6.012094643000000238e-02,-3.146883764999999777e-02
2.624667500000000264e-01,9.113094056999999637e-01,-5.925218228000000281e-02,-3.135257680999999769e-02
2.627107599999999876e-01,9.124026236000000178e-01,-5.829712394000000075e-02,-3.135192264000000173e-02
2.629541599999999923e-01,9.133314525000000295e-01,-5.661918635000000311e-02,-3.148048377999999869e-02
2.631968299999999927e-01,9.138616346000000279e-01,-5.486479073000000151e-02,-3.161170454000000046e-02
2.634388999999999759e-01,9.143816787999999862e-01,-5.351447893999999872e-02,-3.169426000000000188e-02
2.636804899999999896e-01,9.149701751000000050e-01,-5.124378498999999920e-02,-3.191746431999999828e-02
2.639214799999999861e-01,9.136404981000000314e-01,-4.842965867000000035e-02,-3.210761867999999825e-02
2.641620000000000079e-01,9.132330242999999736e-01,-4.576062445000000228e-02,-3.231314418999999688e-02
2.644020400000000048e-01,9.148148578999999447e-01,-4.276219894999999660e-02,-3.277439382999999817e-02
2.646419600000000094e-01,9.171040609999999704e-01,-3.989842310999999753e-02,-3.328634659000000162e-02
2.648818800000000140e-01,9.194368536000000480e-01,-3.659740603000000148e-02,-3.395349981999999656e-02
2.651220300000000085e-01,9.201234219999999686e-01,-3.351775517999999732e-02,-3.440507594000000169e-02
2.653625499999999748e-01,9.200755697000000399e-01,-3.129612234000000298e-02,-3.465967846999999658e-02
2.656036600000000192e-01,9.201225533000000345e-01,-2.955474014000000066e-02,-3.484184640000000110e-02
2.658453800000000200e-01,9.196461256000000306e-01,-2.754846346999999945e-02,-3.508928243000000030e-02
2.660876999999999826e-01,9.205504142999999528e-01,-2.539296847999999995e-02,-3.545925076999999898e-02
2.663306200000000179e-01,9.217712418000000296e-01,-2.384839683000000016e-02,-3.581884013000000144e-02
2.665741600000000044e-01,9.218610197000000062e-01,-2.251196784000000090e-02,-3.601163554000000322e-02
2.668185699999999771e-01,9.212516745000000062e-01,-2.150596369000000105e-02,-3.613156839000000037e-02
2.670639599999999891e-01,9.192783240999999883e-01,-2.088756790000000085e-02,-3.597395789999999899e-02
2.673104800000000170e-01,9.172258618999999946e-01,-2.076289501000000079e-02,-3.580971368000000071e-02
2.675581399999999999e-01,9.162905684000000051e-01,-2.073982576000000036e-02,-3.564773688999999662e-02
2.678069499999999881e-01,9.152417398000000093e-01,-2.060489545000000061e-02,-3.551068521999999755e-02
2.680569199999999763e-01,9.149024920999999644e-01,-2.088146146000000036e-02,-3.528596300999999741e-02
2.683080600000000149e-01,9.137611381000000366e-01,-2.101667248999999904e-02,-3.508221789000000312e-02
2.685603899999999822e-01,9.129481999999999875e-01,-2.128880147000000028e-02,-3.491654380999999890e-02
2.688139099999999893e-01,9.112637887000000214e-01,-2.161125046999999924e-02,-3.483993039000000264e-02
2.690685099999999830e-01,9.100222159999999949e-01,-2.172793258999999866e-02,-3.477126163000000131e-02
2.693241900000000189e-01,9.089538449999999825e-01,-2.184229706000000160e-02,-3.480754206000000184e-02
2.695811000000000179e-01,9.077551015999999473e-01,-2.213419100000000098e-02,-3.480940324000000169e-02
2.698391099999999931e-01,9.070171761999999971e-01,-2.268077096999999986e-02,-3.483566444999999789e-02
2.700982399999999894e-01,9.062546551000000283e-01,-2.346186537000000127e-02,-3.482913893000000316e-02
2.703572200000000092e-01,9.051094830999999452e-01,-2.418873954000000034e-02,-3.483999187999999719e-02
2.706160699999999864e-01,9.040061417000000432e-01,-2.458218352999999926e-02,-3.482533507999999861e-02
2.708747799999999817e-01,9.030878929000000221e-01,-2.486882815000000108e-02,-3.485546515000000067e-02
2.711333400000000005e-01,9.023628594000000502e-01,-2.523584543000000069e-02,-3.475320844000000242e-02
2.713917699999999766e-01,9.018395137000000394e-01,-2.547351689999999974e-02,-3.463045484999999896e-02
2.716500600000000265e-01,9.011122219999999627e-01,-2.553970331999999913e-02,-3.450172824000000138e-02
2.719082099999999835e-01,8.999183767999999750e-01,-2.547338860000000066e-02,-3.439398979999999661e-02
2.721663599999999961e-01,8.993409915000000199e-01,-2.510003016000000170e-02,-3.437140150000000255e-02
2.724243700000000268e-01,8.992957393999999605e-01,-2.420761786999999984e-02,-3.435907120000000065e-02
2.726823800000000020e-01,8.998146825999999709e-01,-2.316407045999999831e-02,-3.435245155000000300e-02
2.729403799999999825e-01,9.008458651999999844e-01,-2.164599772000000075e-02,-3.436441529999999939e-02
2.731983900000000132e-01,9.027273404000000223e-01,-1.981151085999999922e-02,-3.442684527999999994e-02
2.734563999999999884e-01,9.044810319999999626e-01,-1.798432905000000095e-02,-3.451874365999999666e-02
2.737144100000000191e-01,9.067907683000000496e-01,-1.601165614000000029e-02,-3.463718663999999781e-02
2.739724199999999943e-01,9.088098625999999625e-01,-1.401631595000000022e-02,-3.476790832999999969e-02
2.742304300000000250e-01,9.099092948000000458e-01,-1.229153862000000041e-02,-3.487757310999999721e-02
2.744885799999999820e-01,9.107945709000000445e-01,-1.048653270999999956e-02,-3.506871875999999916e-02
2.747467299999999946e-01,9.112978837999999859e-01,-8.943308997000000427e-03,-3.523368927000000012e-02
2.750050199999999889e-01,9.116292260999999675e-01,-7.667727943999999747e-03,-3.545761521000000138e-02
2.752634500000000206e-01,9.123609357999999947e-01,-6.779377720999999780e-03,-3.568624811999999979e-02
2.755220199999999786e-01,9.133016363000000526e-01,-5.864199193999999719e-03,-3.598778343999999713e-02
2.757807299999999739e-01,9.139200914999999759e-01,-5.374199706999999854e-03,-3.623848696000000341e-02
2.760395900000000013e-01,9.147084352000000029e-01,-4.974115000000000307e-03,-3.655300596000000263e-02
2.762987199999999977e-01,9.157026715999999622e-01,-4.793212094999999874e-03,-3.686768923000000031e-02
2.765580000000000260e-01,9.156734635000000067e-01,-4.694107373000000125e-03,-3.717391396999999986e-02
2.768175700000000128e-01,9.164556352999999600e-01,-5.139998861000000252e-03,-3.750490495000000091e-02
2.770772699999999866e-01,9.169609617999999740e-01,-5.800194586999999659e-03,-3.778910793000000296e-02
2.773372599999999744e-01,9.166910184000000017e-01,-6.745668679999999688e-03,-3.800292662000000210e-02
2.775975399999999760e-01,9.160420635999999561e-01,-7.868012250999999180e-03,-3.818629912999999682e-02
2.778579600000000149e-01,9.147676108000000195e-01,-8.892225348999999168e-03,-3.825982725000000306e-02
2.781186700000000123e-01,9.135087583000000011e-01,-1.012434769000000040e-02,-3.835935288000000276e-02
2.783796599999999732e-01,9.123597015000000088e-01,-1.148531053999999989e-02,-3.844579223999999851e-02
2.786408000000000218e-01,9.112419366999999770e-01,-1.260403772000000082e-02,-3.854960696999999714e-02
2.789022299999999732e-01,9.101004022999999998e-01,-1.406043946000000086e-02,-3.859237377000000052e-02
2.791638100000000122e-01,9.082293284000000355e-01,-1.570659733999999960e-02,-3.865478281999999710e-02
2.794255299999999775e-01,9.062695781999999811e-01,-1.743275018000000134e-02,-3.873128175999999978e-02
2.796873999999999749e-01,9.043032918000000198e-01,-1.899333870000000091e-02,-3.881769574999999889e-02
2.799494100000000096e-01,9.029338035999999734e-01,-2.071222628999999996e-02,-3.888169699999999979e-02
2.802106899999999845e-01,9.020281908999999709e-01,-2.247480145000000165e-02,-3.890595155999999888e-02
2.804713999999999818e-01,9.009775188999999962e-01,-2.410923544000000140e-02,-3.891079431999999727e-02
2.807315200000000122e-01,9.005509396999999971e-01,-2.560189012999999902e-02,-3.894697508000000141e-02
2.809910800000000042e-01,9.002286599000000056e-01,-2.713883632999999906e-02,-3.898440346999999806e-02
2.812500499999999737e-01,8.995949423000000333e-01,-2.873135174000000097e-02,-3.898277502999999977e-02
2.815084600000000159e-01,8.986078741999999897e-01,-3.006479571999999892e-02,-3.888432189999999761e-02
2.817663000000000251e-01,8.970962634000000380e-01,-3.123665833000000003e-02,-3.873302758000000262e-02
2.820235700000000012e-01,8.954068956999999829e-01,-3.251716830999999697e-02,-3.856458277000000129e-02
2.822804199999999764e-01,8.935107205000000219e-01,-3.351531409999999878e-02,-3.838448162000000080e-02
2.825366999999999740e-01,8.922257585999999741e-01,-3.420397836999999885e-02,-3.818111310999999786e-02
2.827925700000000209e-01,8.908231078999999664e-01,-3.488432729000000287e-02,-3.798176582999999995e-02
2.830481499999999984e-01,8.896970446999999949e-01,-3.528052891999999829e-02,-3.779447511999999704e-02
2.833034500000000122e-01,8.880629582000000299e-01,-3.544314470999999911e-02,-3.760706686999999715e-02
2.835586199999999835e-01,8.873814253999999790e-01,-3.525262737999999840e-02,-3.746674853000000333e-02
2.838137800000000155e-01,8.860654320999999944e-01,-3.491523960000000176e-02,-3.730669554999999776e-02
2.840688100000000049e-01,8.848068046999999492e-01,-3.425637729000000076e-02,-3.713461213000000122e-02
2.843237000000000125e-01,8.831790354999999870e-01,-3.302039598999999964e-02,-3.694949556999999746e-02
2.845785800000000254e-01,8.823565943000000189e-01,-3.173998484999999981e-02,-3.685718838000000275e-02
2.848333299999999957e-01,8.821068264000000436e-01,-3.004423449999999926e-02,-3.681070007000000061e-02
2.850879299999999894e-01,8.825362410000000546e-01,-2.830146320999999895e-02,-3.682552592999999846e-02
2.853423999999999960e-01,8.830434047999999869e-01,-2.662160913999999864e-02,-3.686824741999999988e-02
2.855967300000000209e-01,8.841872786000000151e-01,-2.507787993999999882e-02,-3.694037845999999931e-02
2.858509200000000083e-01,8.856292346999999898e-01,-2.374775038000000171e-02,-3.706734118999999855e-02
2.861049700000000140e-01,8.873367336999999910e-01,-2.252207805000000160e-02,-3.719235682000000126e-02
2.863587400000000005e-01,8.885801209999999450e-01,-2.142328173000000030e-02,-3.734816014999999684e-02
2.866123700000000052e-01,8.902858889000000442e-01,-2.036733396999999834e-02,-3.753761290000000306e-02
2.868657299999999855e-01,8.916553771999999878e-01,-1.956892425000000130e-02,-3.769120349999999925e-02
2.871189499999999839e-01,8.931174185000000376e-01,-1.878934131999999979e-02,-3.787101989000000307e-02
2.873720300000000005e-01,8.944056858000000165e-01,-1.810136558000000062e-02,-3.808992032999999888e-02
2.876249699999999798e-01,8.964406236999999944e-01,-1.744536650000000008e-02,-3.837716879999999997e-02
2.878776299999999955e-01,8.979658848999999554e-01,-1.699135988000000097e-02,-3.862345667000000038e-02
2.881301600000000240e-01,8.993696393000000233e-01,-1.664511080000000143e-02,-3.877215728999999778e-02
2.883825400000000205e-01,8.999665314000000471e-01,-1.638067429999999838e-02,-3.885263365000000274e-02
2.886349300000000118e-01,8.999815387999999805e-01,-1.625089500000000131e-02,-3.884445622999999764e-02
2.888871800000000212e-01,8.998813757000000413e-01,-1.627228179999999982e-02,-3.887103580000000197e-02
2.891395700000000124e-01,8.995797920000000447e-01,-1.629504106999999855e-02,-3.883074608999999983e-02
2.893919600000000036e-01,8.986398706999999542e-01,-1.650882928000000152e-02,-3.877151983999999746e-02
2.896443499999999949e-01,8.977257181000000141e-01,-1.683643598000000158e-02,-3.867991050999999847e-02
2.898968699999999732e-01,8.966535453999999739e-01,-1.715702914999999926e-02,-3.858701685000000270e-02
2.901494000000000018e-01,8.957195969000000257e-01,-1.763150162000000007e-02,-3.843468352999999949e-02
2.904019199999999801e-01,8.951883752999999500e-01,-1.827427683999999913e-02,-3.827773634000000008e-02
2.906544500000000086e-01,8.941289246000000412e-01,-1.877737720000000055e-02,-3.803467122999999728e-02
2.909069799999999817e-01,8.928470662999999918e-01,-1.919735114999999992e-02,-3.774374141999999738e-02
2.911596399999999973e-01,8.920749383999999615e-01,-1.978394867999999987e-02,-3.742530596000000209e-02
2.914123100000000077e-01,8.911883433999999715e-01,-2.020393998999999927e-02,-3.716465220000000208e-02
2.916649700000000234e-01,8.906011501999999691e-01,-2.034906101999999981e-02,-3.692618919000000000e-02
2.919177800000000156e-01,8.899247482000000042e-01,-2.018753703000000094e-02,-3.667866119999999702e-02
2.921708599999999767e-01,8.895496027999999500e-01,-1.978572149999999891e-02,-3.643765891999999756e-02
2.924242300000000072e-01,8.900849832999999656e-01,-1.930639207999999829e-02,-3.622597956999999702e-02
2.926781500000000258e-01,8.906163255000000278e-01,-1.898478062999999980e-02,-3.601923189000000303e-02
2.929326500000000166e-01,8.904518304999999856e-01,-1.862929613000000040e-02,-3.577526112999999952e-02
2.931878500000000276e-01,8.896883817999999833e-01,-1.812035090999999931e-02,-3.551259135999999816e-02
2.934437599999999979e-01,8.892007688999999937e-01,-1.726239762999999885e-02,-3.528120920999999743e-02
2.937006899999999865e-01,8.887145643999999622e-01,-1.651868654000000075e-02,-3.505994666000000065e-02
2.939587799999999751e-01,8.884470720999999571e-01,-1.563501194999999955e-02,-3.488199572999999692e-02
2.942181899999999906e-01,8.877916131999999960e-01,-1.460195245000000044e-02,-3.480709792000000191e-02
2.944790800000000042e-01,8.868253762000000151e-01,-1.371651683000000080e-02,-3.481065819999999700e-02
2.947414800000000001e-01,8.854227328999999536e-01,-1.311223513000000021e-02,-3.482176147999999777e-02
2.950053999999999732e-01,8.835114643000000489e-01,-1.259412948999999969e-02,-3.477769483999999800e-02
2.952708499999999736e-01,8.814622544000000337e-01,-1.189499632999999924e-02,-3.473305504000000210e-02
2.955377100000000090e-01,8.794683915000000018e-01,-1.124744786000000073e-02,-3.475828866999999822e-02
2.958059900000000186e-01,8.776931291999999774e-01,-1.084499734999999979e-02,-3.480667844000000233e-02
2.960755400000000259e-01,8.756614849999999617e-01,-1.085686442000000085e-02,-3.489139037999999804e-02
2.963462199999999935e-01,8.743457282000000053e-01,-1.074246419999999938e-02,-3.499129487000000177e-02
2.966178700000000057e-01,8.731972818000000025e-01,-1.062145056000000053e-02,-3.513651775999999949e-02
2.968905000000000016e-01,8.722342867000000277e-01,-1.058652308000000014e-02,-3.528349721000000050e-02
2.971637799999999885e-01,8.715781508000000066e-01,-1.062099503999999923e-02,-3.541828671000000345e-02
2.974377300000000113e-01,8.715348909000000255e-01,-1.098514083000000016e-02,-3.555245777999999773e-02
2.977121799999999929e-01,8.718861185999999819e-01,-1.141758411000000015e-02,-3.566826225999999989e-02
2.979869600000000229e-01,8.721049081999999730e-01,-1.187278303999999944e-02,-3.570886353000000263e-02
2.982619100000000190e-01,8.726720748999999833e-01,-1.232626795000000067e-02,-3.576614967999999783e-02
2.985368500000000203e-01,8.738419812000000064e-01,-1.305546554000000005e-02,-3.576453377000000239e-02
2.988116299999999947e-01,8.743603642999999703e-01,-1.402239782999999997e-02,-3.570346073999999814e-02
2.990862400000000032e-01,8.750340506999999546e-01,-1.531665517000000039e-02,-3.550858442999999670e-02
2.993606899999999849e-01,8.761196575999999903e-01,-1.659682328999999984e-02,-3.535891539000000222e-02
2.996349700000000005e-01,8.773585931999999810e-01,-1.807001353999999893e-02,-3.518965309000000180e-02
2.999090799999999946e-01,8.789690905999999471e-01,-1.970006821000000116e-02,-3.505161411999999782e-02
3.001828599999999958e-01,8.807794084000000190e-01,-2.143748230000000130e-02,-3.487887356000000244e-02
3.004563000000000095e-01,8.823497250999999819e-01,-2.317802275999999995e-02,-3.474254032000000103e-02
3.007294200000000250e-01,8.836638713000000145e-01,-2.488014332999999995e-02,-3.455651883000000063e-02
3.010021999999999975e-01,8.854363310999999737e-01,-2.664941353999999984e-02,-3.439475535000000028e-02
3.012744800000000112e-01,8.872743564999999721e-01,-2.833951620000000129e-02,-3.421604148000000067e-02
3.015464400000000267e-01,8.884705385000000177e-01,-2.971199961000000125e-02,-3.397210494999999830e-02
3.018178999999999723e-01,8.893949983000000170e-01,-3.092514316999999888e-02,-3.371363616999999840e-02
3.020890299999999806e-01,8.905823823999999833e-01,-3.213946580000000275e-02,-3.349311895999999844e-02
3.023598299999999961e-01,8.912279149999999817e-01,-3.321934074999999958e-02,-3.334563489000000325e-02
3.026303100000000135e-01,8.915771141999999649e-01,-3.374219914999999903e-02,-3.323608732000000315e-02
3.029006300000000040e-01,8.915859601000000190e-01,-3.355827567999999927e-02,-3.314096239000000055e-02
3.031707799999999731e-01,8.909819372999999709e-01,-3.339892461999999923e-02,-3.296092944000000163e-02
3.034407599999999761e-01,8.909672007000000171e-01,-3.326160401000000100e-02,-3.283204043000000072e-02
3.037107499999999738e-01,8.911462049999999691e-01,-3.297871488000000267e-02,-3.274730349999999818e-02
3.039807400000000270e-01,8.913535740000000374e-01,-3.263706255999999917e-02,-3.270541635000000225e-02
3.042507300000000248e-01,8.910863086000000433e-01,-3.203176902999999714e-02,-3.265286936000000306e-02
3.045207099999999723e-01,8.909552537999999577e-01,-3.143638809999999700e-02,-3.262570524999999777e-02
3.047907000000000255e-01,8.905550727000000055e-01,-3.082534930999999978e-02,-3.264497983999999769e-02
3.050606900000000232e-01,8.901801108000000351e-01,-3.048782168999999986e-02,-3.272040434000000192e-02
3.053306800000000210e-01,8.903716027000000421e-01,-3.022942393999999977e-02,-3.284115593999999833e-02
3.056006600000000240e-01,8.904525653000000540e-01,-2.981300195999999833e-02,-3.298569423000000111e-02
3.058706500000000217e-01,8.902886625999999470e-01,-2.918293019999999849e-02,-3.317624068999999731e-02
3.061406400000000194e-01,8.906093435999999919e-01,-2.859216931999999933e-02,-3.338059270999999689e-02
3.064106300000000171e-01,8.907694815000000155e-01,-2.839564512000000013e-02,-3.352623088000000057e-02
3.066806599999999938e-01,8.904324999999999601e-01,-2.818667662000000004e-02,-3.368116773000000286e-02
3.069507000000000208e-01,8.898125072000000468e-01,-2.827028155999999903e-02,-3.377444774999999871e-02
3.072196700000000003e-01,8.889477786999999687e-01,-2.862977368999999883e-02,-3.386341242000000251e-02
3.074886399999999798e-01,8.881107378000000496e-01,-2.933562395000000045e-02,-3.391864580000000101e-02
3.077576100000000148e-01,8.866246839000000435e-01,-3.018136407000000104e-02,-3.394842702999999878e-02
3.080255100000000024e-01,8.854147287000000421e-01,-3.116829885000000147e-02,-3.398822456000000214e-02
3.082933999999999952e-01,8.841077564999999527e-01,-3.217369971999999717e-02,-3.404144633000000253e-02
3.085612999999999828e-01,8.829117131999999479e-01,-3.321748278000000165e-02,-3.406245328000000183e-02
3.088281199999999838e-01,8.821136755999999801e-01,-3.445460237999999759e-02,-3.403969168999999850e-02
3.090938799999999875e-01,8.810790585000000119e-01,-3.551831965999999868e-02,-3.400311269999999747e-02
3.093596299999999966e-01,8.795528814999999945e-01,-3.664522224999999800e-02,-3.392831687000000263e-02
3.096243000000000190e-01,8.777891203000000031e-01,-3.774209683000000204e-02,-3.383740176999999738e-02
3.098879199999999834e-01,8.762701673999999663e-01,-3.855565745000000266e-02,-3.376763859999999673e-02
3.101504600000000167e-01,8.748042225000000061e-01,-3.943812369000000012e-02,-3.371504305999999812e-02
3.104119499999999920e-01,8.733738127000000295e-01,-4.002690472999999999e-02,-3.369185003999999872e-02
3.106723900000000205e-01,8.721016963000000066e-01,-4.040317997000000133e-02,-3.369956285999999718e-02
3.109328299999999934e-01,8.708585589999999765e-01,-4.086361607999999812e-02,-3.370153371000000203e-02
3.111922100000000246e-01,8.699999357000000044e-01,-4.115294107999999812e-02,-3.372576197999999775e-02
3.114505399999999979e-01,8.687545321999999848e-01,-4.121221650000000264e-02,-3.370594845000000200e-02
3.117078200000000243e-01,8.672052149000000210e-01,-4.105894026000000280e-02,-3.363828311000000015e-02
3.119630299999999745e-01,8.659474377000000445e-01,-4.113833093000000135e-02,-3.354636460000000320e-02
3.122172200000000175e-01,8.652442952000000131e-01,-4.120911911999999844e-02,-3.344883037000000170e-02
3.124703699999999973e-01,8.651381803000000037e-01,-4.141024985999999797e-02,-3.332385139999999996e-02
3.127225100000000091e-01,8.646944343000000366e-01,-4.128814293000000052e-02,-3.317584709000000187e-02
3.129736300000000027e-01,8.649954610000000210e-01,-4.121356144999999832e-02,-3.299087859000000150e-02
3.132237299999999780e-01,8.644636110000000206e-01,-4.054003990999999890e-02,-3.280633364999999829e-02
3.134718300000000069e-01,8.643057857000000510e-01,-3.960157434000000087e-02,-3.261512251999999779e-02
3.137189300000000070e-01,8.645862877000000113e-01,-3.881693605000000047e-02,-3.236036169999999962e-02
3.139650399999999730e-01,8.657395330999999583e-01,-3.817714772999999950e-02,-3.221336782999999898e-02
3.142101600000000161e-01,8.677121708999999683e-01,-3.764060702000000119e-02,-3.205554940000000103e-02
3.144543000000000199e-01,8.703228522999999495e-01,-3.727170652999999695e-02,-3.195518045000000223e-02
3.146974499999999897e-01,8.729880558999999485e-01,-3.687670175999999828e-02,-3.185284879999999985e-02
3.149396300000000259e-01,8.758551366000000282e-01,-3.648205699999999829e-02,-3.179606221999999732e-02
3.151808400000000177e-01,8.787273771000000400e-01,-3.604556223000000142e-02,-3.175177810999999656e-02
3.154210700000000256e-01,8.816135736000000334e-01,-3.570150899999999933e-02,-3.168747808999999860e-02
3.156603499999999785e-01,8.844514714000000222e-01,-3.537208657000000256e-02,-3.159824802999999793e-02
3.158986599999999978e-01,8.869148505999999710e-01,-3.489986823999999960e-02,-3.148946088000000032e-02
3.161360100000000228e-01,8.894678098999999616e-01,-3.439945302999999899e-02,-3.141076903000000059e-02
3.163724199999999875e-01,8.917911258999999813e-01,-3.404568512000000213e-02,-3.133291440000000178e-02
3.166078700000000135e-01,8.940795003999999491e-01,-3.379534454000000104e-02,-3.128079873999999733e-02
3.168433199999999839e-01,8.964038303000000374e-01,-3.365762265999999725e-02,-3.124826451999999921e-02
3.170778200000000102e-01,8.984381412999999927e-01,-3.360189759999999970e-02,-3.121266115999999854e-02
3.173123299999999758e-01,8.994725207999999528e-01,-3.364743676000000322e-02,-3.113863101000000078e-02
3.175477899999999964e-01,8.999985942999999544e-01,-3.381981620999999910e-02,-3.102924099000000172e-02
3.177832500000000171e-01,9.007895675999999519e-01,-3.390724191999999748e-02,-3.096193930999999872e-02
3.180187099999999822e-01,9.010932780999999503e-01,-3.402314624000000315e-02,-3.087585183999999941e-02
3.182551399999999919e-01,9.009336660000000219e-01,-3.405284796000000030e-02,-3.079419820000000099e-02
3.184915799999999964e-01,9.008563343000000057e-01,-3.393839710999999731e-02,-3.073098797999999909e-02
3.187290099999999793e-01,9.002757080000000078e-01,-3.374541343999999665e-02,-3.066604656000000012e-02
3.189674499999999857e-01,8.995993965999999897e-01,-3.350670467999999902e-02,-3.061908638000000044e-02
3.192058799999999974e-01,8.991832262000000187e-01,-3.332954324000000218e-02,-3.060808162000000152e-02
3.194443200000000038e-01,8.982812832000000025e-01,-3.337557389999999680e-02,-3.057843682999999979e-02
3.196817399999999920e-01,8.974764847999999740e-01,-3.346146786000000345e-02,-3.054443147000000108e-02
3.199201799999999984e-01,8.962936146000000104e-01,-3.357953791999999937e-02,-3.051582259999999908e-02
3.201586200000000049e-01,8.957039353000000315e-01,-3.353287092999999996e-02,-3.055739593000000170e-02
3.203970600000000113e-01,8.951575240000000377e-01,-3.348474986000000292e-02,-3.056974007000000035e-02
3.206365400000000254e-01,8.946549238000000015e-01,-3.361147969000000124e-02,-3.062855360000000041e-02
3.208760299999999788e-01,8.949234952000000298e-01,-3.356623026999999704e-02,-3.079177477999999954e-02
3.211165799999999848e-01,8.951584181999999723e-01,-3.350552794000000167e-02,-3.097192451999999929e-02
3.213571299999999908e-01,8.955696430999999791e-01,-3.368305564000000085e-02,-3.116085387000000137e-02
3.215987699999999783e-01,8.955805654999999810e-01,-3.385362817999999774e-02,-3.135612839000000152e-02
3.218415000000000026e-01,8.951194458000000242e-01,-3.393179913000000242e-02,-3.157185413000000024e-02
3.220853499999999925e-01,8.944170568000000543e-01,-3.417071799000000187e-02,-3.179659978999999775e-02
3.223291899999999877e-01,8.934272546999999509e-01,-3.412278550000000243e-02,-3.197592766000000031e-02
3.225741699999999934e-01,8.917618714999999696e-01,-3.424224936999999830e-02,-3.211674330000000022e-02
3.228203000000000045e-01,8.899827190000000332e-01,-3.393993465999999709e-02,-3.228980195000000220e-02
3.230664400000000103e-01,8.886355242000000265e-01,-3.348942694999999803e-02,-3.249041962000000228e-02
3.233137400000000161e-01,8.875196411000000341e-01,-3.297725516000000329e-02,-3.274422414000000003e-02
3.235622300000000062e-01,8.870256922000000488e-01,-3.210597781999999928e-02,-3.301878999999999925e-02
3.238107199999999963e-01,8.863877832000000012e-01,-3.119988099000000140e-02,-3.322071826999999783e-02
3.240604300000000104e-01,8.863987273000000222e-01,-3.008478493000000045e-02,-3.334612739000000076e-02
3.243113599999999930e-01,8.865499748999999818e-01,-2.881980181000000016e-02,-3.344601569999999802e-02
3.245622899999999755e-01,8.865765249999999487e-01,-2.755450891000000083e-02,-3.349762297000000166e-02
3.248144800000000165e-01,8.868153952999999756e-01,-2.649321116999999934e-02,-3.357640146000000214e-02
3.250666700000000020e-01,8.872115529999999861e-01,-2.534045186999999907e-02,-3.362092125999999875e-02
3.253188599999999875e-01,8.875139526999999973e-01,-2.425847286000000144e-02,-3.368833236000000342e-02
3.255723300000000209e-01,8.879274929999999566e-01,-2.330474017000000106e-02,-3.374762488000000032e-02
3.258258099999999935e-01,8.885969477999999810e-01,-2.234943656999999889e-02,-3.374056414999999920e-02
3.260805999999999982e-01,8.893121965000000406e-01,-2.145118698999999921e-02,-3.372964928999999668e-02
3.263353900000000030e-01,8.903464048000000464e-01,-2.077453419999999995e-02,-3.372978967000000300e-02
3.265901700000000130e-01,8.917667011000000032e-01,-2.035017160999999866e-02,-3.371897387000000190e-02
3.268463099999999733e-01,8.926496766000000527e-01,-2.000268519000000106e-02,-3.364652654999999992e-02
3.271024499999999890e-01,8.930989172000000087e-01,-1.996369182000000062e-02,-3.355495995999999842e-02
3.273599600000000054e-01,8.938388739000000527e-01,-2.020381837999999861e-02,-3.352547278000000269e-02
3.276174800000000165e-01,8.945398265999999765e-01,-2.059790028000000120e-02,-3.350982492000000035e-02
3.278764000000000123e-01,8.944257728000000185e-01,-2.096699726999999916e-02,-3.347098619000000302e-02
3.281353200000000081e-01,8.941464397999999703e-01,-2.124878260999999921e-02,-3.346242155000000301e-02
3.283956800000000231e-01,8.941624873000000306e-01,-2.151079607000000102e-02,-3.354341101999999686e-02
3.286574999999999913e-01,8.937831237000000151e-01,-2.211272941000000034e-02,-3.360016919000000102e-02
3.289193200000000150e-01,8.935193340000000539e-01,-2.301972275999999984e-02,-3.369908464000000159e-02
3.291826400000000263e-01,8.927900203999999951e-01,-2.405172167999999888e-02,-3.377593389999999918e-02
3.294474800000000148e-01,8.918294120999999963e-01,-2.516135861000000015e-02,-3.384756377999999927e-02
3.297138700000000200e-01,8.910172865000000053e-01,-2.622699061000000054e-02,-3.400542513000000266e-02
3.299802600000000252e-01,8.907001830999999870e-01,-2.702345797999999855e-02,-3.419645528999999684e-02
3.302466499999999749e-01,8.904360305999999836e-01,-2.778301441999999830e-02,-3.432956749999999807e-02
3.305114599999999792e-01,8.903914380999999878e-01,-2.877972028000000057e-02,-3.443093638999999984e-02
3.307762699999999834e-01,8.898983320000000141e-01,-2.985720005999999843e-02,-3.453161753000000278e-02
3.310410799999999876e-01,8.893440905999999702e-01,-3.092485067000000018e-02,-3.470943172000000299e-02
3.313058999999999865e-01,8.885631837999999894e-01,-3.205028022999999865e-02,-3.483094996999999693e-02
3.315691100000000002e-01,8.877668464000000315e-01,-3.311908717999999946e-02,-3.489442700999999952e-02
3.318323300000000087e-01,8.868013622999999512e-01,-3.427270586000000230e-02,-3.497528562999999840e-02
3.320955500000000171e-01,8.855449971000000087e-01,-3.524972908000000016e-02,-3.503026152000000143e-02
3.323587700000000256e-01,8.845087968999999495e-01,-3.586063470999999864e-02,-3.513014319999999829e-02
3.326203699999999985e-01,8.833952769999999788e-01,-3.612272116000000283e-02,-3.521714573999999709e-02
3.328819700000000270e-01,8.821105446000000461e-01,-3.604518666999999982e-02,-3.530452228000000026e-02
3.331419600000000147e-01,8.814318251999999632e-01,-3.579397478000000132e-02,-3.537961191999999810e-02
3.334019500000000025e-01,8.806208260000000232e-01,-3.557297258000000073e-02,-3.545181600999999794e-02
3.336603200000000102e-01,8.800559374999999962e-01,-3.505347529999999767e-02,-3.550255807000000235e-02
3.339186900000000180e-01,8.798458194999999593e-01,-3.467321229999999893e-02,-3.559617573999999951e-02
3.341770700000000205e-01,8.799025186000000165e-01,-3.420187437000000302e-02,-3.570452795000000207e-02
3.344338099999999980e-01,8.806257505000000263e-01,-3.347390010000000221e-02,-3.583415520000000215e-02
3.346905600000000258e-01,8.803814195000000398e-01,-3.256029145000000069e-02,-3.586670806000000211e-02
3.349473099999999981e-01,8.797423784000000246e-01,-3.138657858999999856e-02,-3.586834551000000343e-02
3.352024200000000009e-01,8.792707106999999578e-01,-3.010772540000000025e-02,-3.577633000000000202e-02
3.354575399999999985e-01,8.787150500000000530e-01,-2.916811616000000024e-02,-3.565045920999999896e-02
3.357126500000000013e-01,8.775937462999999772e-01,-2.805463223000000117e-02,-3.548448121000000177e-02
3.359677600000000042e-01,8.766614294000000251e-01,-2.683607936000000083e-02,-3.535849867000000202e-02
3.362228700000000070e-01,8.755587630000000177e-01,-2.582362160999999989e-02,-3.520046929000000130e-02
3.364763199999999954e-01,8.745642871000000040e-01,-2.482530925000000013e-02,-3.499948633000000281e-02
3.367297599999999891e-01,8.734477044999999773e-01,-2.390140225999999937e-02,-3.480496891999999842e-02
3.369832099999999775e-01,8.728904335999999597e-01,-2.262797970999999922e-02,-3.463236521000000179e-02
3.372366600000000214e-01,8.723029624999999454e-01,-2.140438922000000022e-02,-3.451715959999999972e-02
3.374901000000000151e-01,8.716594502000000189e-01,-2.025906535999999827e-02,-3.436302291999999980e-02
3.377418400000000154e-01,8.710807377999999490e-01,-1.953232452000000161e-02,-3.421230146999999777e-02
3.379935900000000104e-01,8.706658123999999610e-01,-1.929080399000000084e-02,-3.405054510999999673e-02
3.382453300000000107e-01,8.712770028999999861e-01,-1.921251616999999912e-02,-3.393383123999999668e-02
3.384970800000000057e-01,8.726231653999999560e-01,-1.900294905999999964e-02,-3.392380040000000235e-02
3.387488200000000060e-01,8.742764980999999658e-01,-1.909838549999999871e-02,-3.396941812999999810e-02
3.390005700000000011e-01,8.760395901999999957e-01,-1.957257721000000075e-02,-3.400786543999999995e-02
3.392523100000000014e-01,8.777889570000000363e-01,-2.028458858999999948e-02,-3.406688260000000079e-02
3.395040500000000017e-01,8.794330542999999611e-01,-2.099572892000000149e-02,-3.414132392000000099e-02
3.397557999999999967e-01,8.809749323000000132e-01,-2.177190366999999863e-02,-3.421270372000000115e-02
3.400057599999999902e-01,8.831410331000000280e-01,-2.262002332999999907e-02,-3.436388553999999984e-02
3.402557199999999837e-01,8.846746600999999544e-01,-2.316480777000000033e-02,-3.453509265000000161e-02
3.405038899999999757e-01,8.864812331000000434e-01,-2.377925078000000039e-02,-3.472117663999999687e-02
3.407502900000000112e-01,8.877870020000000473e-01,-2.431199248999999993e-02,-3.487738703999999912e-02
3.409966899999999912e-01,8.884089955999999733e-01,-2.484544803999999898e-02,-3.502296893000000216e-02
3.412413200000000146e-01,8.887628622000000034e-01,-2.541644428999999955e-02,-3.507429157999999991e-02
3.414859499999999826e-01,8.891944426000000234e-01,-2.591709520000000030e-02,-3.514909156999999895e-02
3.417287999999999992e-01,8.894671646999999792e-01,-2.673727169000000153e-02,-3.516888625000000324e-02
3.419716600000000106e-01,8.900599621000000461e-01,-2.753267942999999829e-02,-3.521041412999999926e-02
3.422127400000000153e-01,8.900050112999999818e-01,-2.806750150999999874e-02,-3.518932433000000054e-02
3.424538200000000199e-01,8.895451502000000232e-01,-2.865787587999999927e-02,-3.515650433999999852e-02
3.426931300000000125e-01,8.890590956999999683e-01,-2.949786311999999869e-02,-3.501851696000000264e-02
3.429324400000000050e-01,8.890816992000000196e-01,-2.994633463999999898e-02,-3.504742956000000270e-02
3.431699799999999856e-01,8.894159513999999600e-01,-3.021258232000000044e-02,-3.504480151000000099e-02
3.434075200000000216e-01,8.898392914999999626e-01,-2.989227499999999940e-02,-3.513321987999999674e-02
3.436450600000000022e-01,8.898577937999999632e-01,-2.967031596999999965e-02,-3.504889366999999756e-02
3.438808099999999812e-01,8.894995034999999550e-01,-2.934060579000000168e-02,-3.486261295000000343e-02
3.441165600000000158e-01,8.890087972000000338e-01,-2.916273716000000044e-02,-3.466235094000000294e-02
3.443523099999999948e-01,8.889672364999999798e-01,-2.876180936999999868e-02,-3.455555067999999813e-02
3.445880599999999738e-01,8.883646308999999519e-01,-2.794681306999999976e-02,-3.451809746000000095e-02
3.448238100000000084e-01,8.873746659000000259e-01,-2.697038759999999952e-02,-3.444982011000000122e-02
3.450595699999999821e-01,8.863002288000000339e-01,-2.617434507000000049e-02,-3.427734308000000146e-02
3.452953200000000167e-01,8.853409099000000282e-01,-2.495354467000000104e-02,-3.414114699000000280e-02
3.455310699999999957e-01,8.844796190999999475e-01,-2.339083172000000141e-02,-3.413650731000000133e-02
3.457668199999999747e-01,8.831295020999999634e-01,-2.163304039000000026e-02,-3.411233514999999911e-02
3.460044899999999979e-01,8.818288887999999881e-01,-1.984108517000000155e-02,-3.414844636000000100e-02
3.462421600000000210e-01,8.812332249000000006e-01,-1.809039390999999872e-02,-3.424153032999999874e-02
3.464798199999999939e-01,8.800844268999999942e-01,-1.634460318000000023e-02,-3.432441182999999840e-02
3.467194900000000191e-01,8.788571336999999595e-01,-1.493751437999999918e-02,-3.443538775999999829e-02
3.469591599999999887e-01,8.783239792000000490e-01,-1.359868462000000076e-02,-3.461020890000000155e-02
3.472008899999999842e-01,8.770288572000000116e-01,-1.232338971000000033e-02,-3.484573019000000021e-02
3.474447399999999742e-01,8.764196616999999634e-01,-1.098561502999999967e-02,-3.511018347000000039e-02
3.476885900000000196e-01,8.756021546000000155e-01,-9.945981652000000436e-03,-3.524730803000000051e-02
3.479346400000000172e-01,8.753463945999999662e-01,-8.924152156999999239e-03,-3.540998791000000284e-02
3.481806900000000149e-01,8.752486844000000321e-01,-7.954491900999999601e-03,-3.562162548000000206e-02
3.484267400000000126e-01,8.761186509999999705e-01,-7.226114811000000290e-03,-3.585993692000000177e-02
3.486750800000000261e-01,8.767271840999999455e-01,-7.149260993000000099e-03,-3.603850006999999994e-02
3.489234299999999789e-01,8.778030286000000348e-01,-7.706627364999999591e-03,-3.613859170000000010e-02
3.491741700000000059e-01,8.794234924999999592e-01,-8.219221223999999618e-03,-3.624055215000000080e-02
3.494249099999999775e-01,8.806736226000000389e-01,-9.209277361999999509e-03,-3.625130071999999731e-02
3.496756400000000098e-01,8.817064431000000146e-01,-1.067694326000000020e-02,-3.622997850000000269e-02
3.499288899999999924e-01,8.824715670999999650e-01,-1.242336462999999933e-02,-3.616459783999999983e-02
3.501821299999999804e-01,8.843814519999999568e-01,-1.396398348000000081e-02,-3.619787350999999903e-02
3.504379799999999823e-01,8.853926537999999846e-01,-1.569869416999999934e-02,-3.614521593000000199e-02
3.506938399999999789e-01,8.864721491000000508e-01,-1.768859949999999903e-02,-3.603638053000000202e-02
3.509496899999999808e-01,8.879823770000000449e-01,-2.014715553999999950e-02,-3.588406898999999678e-02
3.512082999999999733e-01,8.881306608000000269e-01,-2.293109766000000008e-02,-3.561578639000000102e-02
3.514669000000000265e-01,8.894341347999999980e-01,-2.564860885000000076e-02,-3.538330513000000066e-02
3.517255100000000190e-01,8.898400166000000056e-01,-2.825436580000000031e-02,-3.509324693000000217e-02
3.519870199999999838e-01,8.896919293999999701e-01,-3.086633617000000135e-02,-3.480086940999999739e-02
3.522485300000000041e-01,8.896260359000000006e-01,-3.352551698000000302e-02,-3.453581758000000279e-02
3.525100400000000245e-01,8.897411656999999474e-01,-3.643434253999999761e-02,-3.421792039000000341e-02
3.527715499999999893e-01,8.900694003000000354e-01,-3.880677802000000176e-02,-3.404520828000000277e-02
3.530361799999999772e-01,8.895084358000000524e-01,-4.112096847999999888e-02,-3.378415893000000225e-02
3.533008000000000259e-01,8.890989342999999767e-01,-4.290182951000000300e-02,-3.358926192000000199e-02
3.535654300000000139e-01,8.882065993000000104e-01,-4.455499874999999804e-02,-3.333839974999999733e-02
3.538300500000000071e-01,8.848526389999999964e-01,-4.590226686999999972e-02,-3.294927500000000009e-02
3.540946700000000003e-01,8.824524605000000355e-01,-4.707669091000000333e-02,-3.261534834000000271e-02
3.543592999999999882e-01,8.794982055000000187e-01,-4.763997572999999902e-02,-3.237904448000000074e-02
3.546239199999999814e-01,8.777063901999999640e-01,-4.788217022999999989e-02,-3.221590214000000230e-02
3.548885500000000248e-01,8.752734241999999831e-01,-4.771350746999999948e-02,-3.200027812999999693e-02
3.551531700000000180e-01,8.747071479000000371e-01,-4.724331066000000273e-02,-3.191820216999999987e-02
3.554178000000000059e-01,8.735760914000000321e-01,-4.647096339000000159e-02,-3.186441062999999935e-02
3.556824199999999991e-01,8.733900372999999773e-01,-4.557208180999999803e-02,-3.193910100999999835e-02
3.559470499999999871e-01,8.729265459999999699e-01,-4.443955874000000278e-02,-3.203938935000000265e-02
3.562116699999999803e-01,8.731566554999999896e-01,-4.321499704000000136e-02,-3.227209779000000250e-02
3.564762899999999735e-01,8.731246769999999602e-01,-4.219287785999999846e-02,-3.243410098999999908e-02
3.567409200000000169e-01,8.729714905000000025e-01,-4.092150574000000263e-02,-3.259560338999999834e-02
3.570055400000000101e-01,8.726646443000000142e-01,-3.968011854000000338e-02,-3.280442328000000157e-02
3.572701699999999980e-01,8.729993823999999680e-01,-3.848314810999999697e-02,-3.304288350000000180e-02
3.575347899999999912e-01,8.741417973999999758e-01,-3.725158855999999991e-02,-3.338236519999999985e-02
3.577994199999999791e-01,8.754653836000000355e-01,-3.594281293999999904e-02,-3.376515788000000046e-02
3.580640399999999723e-01,8.764778319999999567e-01,-3.476247075000000325e-02,-3.408885151999999780e-02
3.583286600000000210e-01,8.776851917000000336e-01,-3.360385207000000235e-02,-3.444741306000000114e-02
3.585932900000000090e-01,8.783194688000000028e-01,-3.235654565999999954e-02,-3.477493972000000183e-02
3.588579100000000022e-01,8.788479851999999592e-01,-3.135499751000000307e-02,-3.509654873999999702e-02
3.591225399999999901e-01,8.795084722999999549e-01,-3.066659759000000054e-02,-3.545611308999999794e-02
3.593871599999999833e-01,8.796960134000000320e-01,-3.020395600000000055e-02,-3.574048232999999658e-02
3.596517900000000267e-01,8.801780053000000104e-01,-3.018681692999999888e-02,-3.598797483999999908e-02
3.599164100000000199e-01,8.803355149999999574e-01,-3.041281263999999832e-02,-3.624542264999999763e-02
3.601810400000000079e-01,8.798369746999999963e-01,-3.118009416999999867e-02,-3.638629018999999659e-02
3.604456600000000011e-01,8.797764380999999467e-01,-3.199752824000000329e-02,-3.654752111000000164e-02
3.607102799999999942e-01,8.798995643000000477e-01,-3.286715301999999783e-02,-3.674481598999999876e-02
3.609749099999999822e-01,8.803080097000000048e-01,-3.356829035000000183e-02,-3.690790730000000075e-02
3.612395299999999754e-01,8.804391293000000118e-01,-3.429049442999999864e-02,-3.697461481000000050e-02
3.615041600000000188e-01,8.796748497999999916e-01,-3.529415058000000271e-02,-3.696447300999999852e-02
3.617636900000000266e-01,8.789781164000000091e-01,-3.650441782999999663e-02,-3.688300614000000061e-02
3.620232299999999737e-01,8.770995663999999747e-01,-3.747732900999999756e-02,-3.675381555999999994e-02
3.622827599999999815e-01,8.754285982999999716e-01,-3.831725963000000290e-02,-3.665830179000000022e-02
3.625422999999999840e-01,8.746325388000000256e-01,-3.901239729000000045e-02,-3.666189683999999949e-02
3.628018299999999918e-01,8.735343485000000019e-01,-3.968161902000000296e-02,-3.661102689000000215e-02
3.630613699999999944e-01,8.718061473999999533e-01,-4.040370825999999721e-02,-3.649023571999999993e-02
3.633209099999999969e-01,8.698954267999999823e-01,-4.140226327999999706e-02,-3.630325339999999901e-02
3.635747999999999758e-01,8.692079534000000107e-01,-4.226590568000000020e-02,-3.611961128999999909e-02
3.638286900000000101e-01,8.675877677000000121e-01,-4.299721680000000157e-02,-3.580927174000000240e-02
3.640825899999999837e-01,8.663887048999999729e-01,-4.397138755999999843e-02,-3.550666912000000064e-02
3.643364800000000181e-01,8.653400867999999635e-01,-4.436439167000000294e-02,-3.523691033000000278e-02
3.645903699999999970e-01,8.651196325000000131e-01,-4.486271748000000142e-02,-3.496025063000000183e-02
3.648442700000000261e-01,8.647846957999999473e-01,-4.520486474999999699e-02,-3.467589389999999744e-02
3.650981600000000049e-01,8.652151495000000025e-01,-4.555159603000000224e-02,-3.440312984999999851e-02
3.653456999999999955e-01,8.666247418000000424e-01,-4.593507454000000240e-02,-3.411526564000000317e-02
3.655932499999999807e-01,8.674813796000000465e-01,-4.577867483999999848e-02,-3.384007248999999773e-02
3.658408000000000215e-01,8.687104588999999821e-01,-4.523689858999999786e-02,-3.361618563000000337e-02
3.660883400000000121e-01,8.702940040000000099e-01,-4.496747736000000079e-02,-3.330371037000000312e-02
3.663358899999999974e-01,8.720364018999999800e-01,-4.462947211999999941e-02,-3.302247946999999767e-02
3.665834299999999879e-01,8.746561268000000444e-01,-4.409609743000000165e-02,-3.279349105999999903e-02
3.668309799999999732e-01,8.770684422000000202e-01,-4.332263801999999830e-02,-3.255438967000000294e-02
3.670785300000000140e-01,8.797499564999999855e-01,-4.270446098999999829e-02,-3.231820826000000174e-02
3.673185700000000109e-01,8.829139727999999465e-01,-4.198892449000000276e-02,-3.209852420999999983e-02
3.675586200000000026e-01,8.847801227999999574e-01,-4.126911580999999968e-02,-3.184920509999999982e-02
3.677986599999999995e-01,8.865049348000000329e-01,-4.036582461000000344e-02,-3.161644571000000320e-02
3.680387099999999911e-01,8.889369598999999900e-01,-3.934432633999999929e-02,-3.144733342000000098e-02
3.682787499999999881e-01,8.912686905000000159e-01,-3.822464965999999853e-02,-3.128247586999999968e-02
3.685187899999999850e-01,8.937071963999999591e-01,-3.735904810000000020e-02,-3.114499937999999982e-02
3.687588399999999766e-01,8.959064654999999711e-01,-3.652482943000000259e-02,-3.102037132000000016e-02
3.689988799999999736e-01,8.977104471000000308e-01,-3.581097896000000336e-02,-3.090955889999999831e-02
3.692389300000000207e-01,8.989791902999999529e-01,-3.512854499000000325e-02,-3.076229144999999970e-02
3.694789700000000177e-01,8.999915121999999545e-01,-3.459888834000000163e-02,-3.063332620000000159e-02
3.697190200000000093e-01,9.013437852000000250e-01,-3.395485340999999935e-02,-3.058343147999999928e-02
3.699590600000000062e-01,9.018311220000000406e-01,-3.322861508000000269e-02,-3.058482066000000124e-02
3.701991099999999979e-01,9.014213427999999695e-01,-3.202906293999999848e-02,-3.057494063999999928e-02
3.704391499999999948e-01,9.002248055999999554e-01,-3.105285338999999936e-02,-3.054923281000000018e-02
3.706791999999999865e-01,8.984799460000000293e-01,-3.027927637000000019e-02,-3.054881866999999834e-02
3.709192399999999834e-01,8.963958646999999891e-01,-2.924592704999999862e-02,-3.059180531000000106e-02
3.711592899999999751e-01,8.942417862000000550e-01,-2.859736409000000062e-02,-3.066120572999999835e-02
3.713993300000000275e-01,8.923599872999999905e-01,-2.775353042999999936e-02,-3.085410044000000060e-02
3.716393800000000192e-01,8.909564757000000279e-01,-2.719498080000000081e-02,-3.101642974000000039e-02
3.718794200000000161e-01,8.898687740999999818e-01,-2.658548879000000031e-02,-3.114363514000000055e-02
3.721194600000000130e-01,8.888592392999999925e-01,-2.607740475999999891e-02,-3.127088084000000101e-02
3.723595100000000047e-01,8.877755657000000467e-01,-2.550732958999999897e-02,-3.139357067000000251e-02
3.725995500000000016e-01,8.863977266000000466e-01,-2.495680309000000013e-02,-3.154242885999999912e-02
3.728395999999999932e-01,8.850355366000000057e-01,-2.461644224999999866e-02,-3.163207678999999800e-02
3.730796399999999902e-01,8.834886472999999851e-01,-2.466095588999999907e-02,-3.170489060000000053e-02
3.733196899999999818e-01,8.817510040999999577e-01,-2.497956783000000042e-02,-3.171286884999999917e-02
3.735597299999999787e-01,8.803736198999999596e-01,-2.560990293999999834e-02,-3.172276091000000159e-02
3.737997800000000259e-01,8.800605985999999659e-01,-2.650221755999999929e-02,-3.182995814000000312e-02
3.740398200000000228e-01,8.792243711999999656e-01,-2.774374648000000124e-02,-3.187336313999999948e-02
3.742798700000000145e-01,8.782705116000000256e-01,-2.931893466000000045e-02,-3.184212899999999680e-02
3.745199100000000114e-01,8.774965849000000429e-01,-3.095426622999999933e-02,-3.169726931999999886e-02
3.747599600000000031e-01,8.768860916999999811e-01,-3.309761202000000013e-02,-3.149482249999999844e-02
3.750000000000000000e-01,8.767263281999999602e-01,-3.501060915999999745e-02,-3.129936914999999903e-02
3.752554499999999904e-01,8.750101557999999669e-01,-3.663508128000000225e-02,-3.111652775000000107e-02
3.755119499999999833e-01,8.757790270999999960e-01,-3.813439587999999797e-02,-3.094579480999999979e-02
3.757695099999999733e-01,8.764158252000000537e-01,-3.961533163000000024e-02,-3.074486670000000157e-02
3.760279499999999997e-01,8.763335312000000155e-01,-4.077467684000000286e-02,-3.051813520999999835e-02
3.762874700000000128e-01,8.759801101999999950e-01,-4.150186772000000190e-02,-3.032271564000000100e-02
3.765478999999999909e-01,8.758191436000000163e-01,-4.209839127000000042e-02,-3.013979299000000070e-02
3.768092399999999897e-01,8.767110124000000448e-01,-4.262314076999999812e-02,-2.994543541999999947e-02
3.770713099999999929e-01,8.778529959999999965e-01,-4.303639622000000192e-02,-2.979085374000000133e-02
3.773341199999999951e-01,8.797049819000000159e-01,-4.358917754000000283e-02,-2.958482041000000048e-02
3.775976799999999911e-01,8.811697687999999751e-01,-4.408834057000000223e-02,-2.934642898999999944e-02
3.778617899999999752e-01,8.824525225999999556e-01,-4.405083692999999662e-02,-2.915799498000000087e-02
3.781264699999999923e-01,8.832870645999999493e-01,-4.379143321000000116e-02,-2.901021728000000022e-02
3.783917199999999870e-01,8.844313094000000319e-01,-4.360938221999999947e-02,-2.890496405999999976e-02
3.786573400000000089e-01,8.857413736000000481e-01,-4.347734262999999877e-02,-2.884626631000000024e-02
3.789233399999999974e-01,8.870757324000000388e-01,-4.323715483999999998e-02,-2.888425156000000091e-02
3.791899200000000136e-01,8.886745670000000263e-01,-4.313343115999999922e-02,-2.899063407000000009e-02
3.794568799999999964e-01,8.906165526999999527e-01,-4.300314025000000207e-02,-2.917636029999999894e-02
3.797244200000000069e-01,8.920527014000000365e-01,-4.242745343999999863e-02,-2.945396260999999863e-02
3.799925499999999845e-01,8.932820001000000287e-01,-4.231049828999999818e-02,-2.968258148999999846e-02
3.802610599999999841e-01,8.942358816000000044e-01,-4.222073913999999789e-02,-2.996367001999999946e-02
3.805295699999999837e-01,8.951761339999999567e-01,-4.222302406000000286e-02,-3.029258081000000061e-02
3.807980799999999832e-01,8.960325716000000495e-01,-4.243865118000000186e-02,-3.062274950999999829e-02
3.810665899999999828e-01,8.964842399000000350e-01,-4.253642200999999817e-02,-3.097616563000000003e-02
3.813348999999999767e-01,8.963637609000000284e-01,-4.264032531999999848e-02,-3.132194918000000272e-02
3.816030200000000150e-01,8.958273053999999957e-01,-4.259554231999999885e-02,-3.169774765999999744e-02
3.818711399999999978e-01,8.954999077999999946e-01,-4.248624606000000331e-02,-3.208951180999999875e-02
3.821388700000000194e-01,8.950801854000000057e-01,-4.244869584000000168e-02,-3.244261341000000132e-02
3.824064099999999744e-01,8.946357523000000311e-01,-4.244393299000000230e-02,-3.284176693000000202e-02
3.826735600000000237e-01,8.942017625999999497e-01,-4.249376594999999812e-02,-3.326255899999999710e-02
3.829401199999999950e-01,8.939655355000000192e-01,-4.276643287999999654e-02,-3.365229511000000090e-02
3.832062999999999997e-01,8.931216015999999813e-01,-4.323160124000000049e-02,-3.401061083999999679e-02
3.834720899999999877e-01,8.916381893999999475e-01,-4.420548804999999831e-02,-3.425368159000000134e-02
3.837373099999999981e-01,8.902659452000000195e-01,-4.505501390999999689e-02,-3.451905841999999836e-02
3.840019499999999808e-01,8.888658552000000546e-01,-4.582704439000000185e-02,-3.474731474000000014e-02
3.842662099999999969e-01,8.878559137999999518e-01,-4.631137839999999867e-02,-3.500934393999999977e-02
3.845300799999999963e-01,8.869435446000000223e-01,-4.642026683000000098e-02,-3.521399157999999946e-02
3.847935800000000239e-01,8.864524069000000450e-01,-4.645774631999999987e-02,-3.540452550999999976e-02
3.850566999999999740e-01,8.858469265999999731e-01,-4.653616542999999828e-02,-3.553672573000000307e-02
3.853194300000000183e-01,8.853107370999999670e-01,-4.653365118999999717e-02,-3.571376991999999917e-02
3.855816100000000191e-01,8.844016376000000124e-01,-4.643994429000000007e-02,-3.580840876000000034e-02
3.858432099999999920e-01,8.839805419999999803e-01,-4.621207851999999811e-02,-3.586611549000000287e-02
3.861044399999999932e-01,8.837341815000000489e-01,-4.615817398000000155e-02,-3.590660509000000167e-02
3.863651200000000063e-01,8.842138920000000013e-01,-4.559281611999999734e-02,-3.598855314999999805e-02
3.866252299999999864e-01,8.837756024999999793e-01,-4.478643521999999683e-02,-3.600469717000000236e-02
3.868849600000000000e-01,8.827112316999999875e-01,-4.380842221000000314e-02,-3.598968324000000052e-02
3.871441500000000202e-01,8.820357890000000145e-01,-4.231914678999999790e-02,-3.598941357000000341e-02
3.874031499999999739e-01,8.817740157000000245e-01,-4.098557889999999981e-02,-3.596601833000000192e-02
3.876617700000000166e-01,8.820269511999999645e-01,-3.964493194000000276e-02,-3.591375969999999890e-02
3.879200300000000268e-01,8.820832656000000549e-01,-3.840282891999999976e-02,-3.578973063000000232e-02
3.881779200000000096e-01,8.823667853000000116e-01,-3.714473072999999875e-02,-3.566336845000000338e-02
3.884356299999999762e-01,8.821318230000000371e-01,-3.584787285999999767e-02,-3.545996137000000104e-02
3.886929700000000265e-01,8.818151897999999544e-01,-3.480609190000000241e-02,-3.524876207000000178e-02
3.889501300000000050e-01,8.811186287000000172e-01,-3.372094666000000074e-02,-3.502565147000000212e-02
3.892069200000000118e-01,8.814245671999999532e-01,-3.265314168999999822e-02,-3.484537885999999807e-02
3.894633499999999859e-01,8.818704829000000300e-01,-3.173663053999999789e-02,-3.469052711000000094e-02
3.897194099999999883e-01,8.821407489000000490e-01,-3.100621299000000039e-02,-3.454042365999999975e-02
3.899751100000000137e-01,8.827528520999999850e-01,-3.052134783000000004e-02,-3.441988862999999926e-02
3.902304500000000065e-01,8.837283834000000393e-01,-3.029172986000000165e-02,-3.433652722000000296e-02
3.904852500000000060e-01,8.844673892000000093e-01,-3.044578493000000066e-02,-3.425409080999999856e-02
3.907396799999999781e-01,8.843317584000000009e-01,-3.106111610999999842e-02,-3.407409263999999771e-02
3.909937499999999733e-01,8.846003827999999736e-01,-3.173059816999999894e-02,-3.393719622000000019e-02
3.912474699999999861e-01,8.846276544000000186e-01,-3.232488691000000303e-02,-3.380320307000000274e-02
3.915008200000000271e-01,8.851163243999999874e-01,-3.294454497000000315e-02,-3.371321642999999812e-02
3.917539999999999911e-01,8.852822961999999851e-01,-3.344765024000000142e-02,-3.362756757000000263e-02
3.920068199999999781e-01,8.852402886000000359e-01,-3.410651523000000213e-02,-3.354327457000000345e-02
3.922592799999999880e-01,8.849195562999999654e-01,-3.496671878999999677e-02,-3.340667699000000185e-02
3.925115699999999763e-01,8.842208349000000300e-01,-3.571341299999999941e-02,-3.326216818000000269e-02
3.927636800000000039e-01,8.829064545000000486e-01,-3.632388161999999809e-02,-3.309605573999999800e-02
3.930156100000000152e-01,8.819163236000000516e-01,-3.684718557000000311e-02,-3.298676790999999914e-02
3.932675400000000265e-01,8.799985139999999539e-01,-3.739410010000000090e-02,-3.282152473000000265e-02
3.935192900000000216e-01,8.776321271000000479e-01,-3.806762648999999915e-02,-3.254624845000000238e-02
3.937710400000000166e-01,8.750701367000000008e-01,-3.848888988000000178e-02,-3.227049975000000070e-02
3.940227900000000116e-01,8.725627032999999644e-01,-3.867154335999999776e-02,-3.202876384000000187e-02
3.942743699999999851e-01,8.705585071000000452e-01,-3.879182435999999762e-02,-3.183434155999999987e-02
3.945259400000000194e-01,8.684889317999999747e-01,-3.862592612000000092e-02,-3.166667715000000272e-02
3.947773399999999766e-01,8.673056915000000311e-01,-3.843783874000000073e-02,-3.159621331000000283e-02
3.950287299999999946e-01,8.667247696000000001e-01,-3.814306489000000161e-02,-3.153847475999999733e-02
3.952801300000000073e-01,8.667715192999999596e-01,-3.781860078000000291e-02,-3.146905566000000182e-02
3.955315200000000253e-01,8.667968767000000518e-01,-3.744425087000000096e-02,-3.138259822000000199e-02
3.957829199999999825e-01,8.668361886000000016e-01,-3.681300936999999662e-02,-3.127208172999999813e-02
3.960343199999999952e-01,8.672935759000000022e-01,-3.561158759000000035e-02,-3.119450913999999991e-02
3.962860699999999903e-01,8.680754560000000231e-01,-3.408104844999999827e-02,-3.116694109000000060e-02
3.965380000000000016e-01,8.695208064999999653e-01,-3.248668663999999817e-02,-3.122312308999999897e-02
3.967904800000000010e-01,8.707289637999999776e-01,-3.087220678000000135e-02,-3.124603755000000122e-02
3.970434899999999989e-01,8.723627937000000276e-01,-2.920280529000000153e-02,-3.127583677000000256e-02
3.972959600000000036e-01,8.736167634000000515e-01,-2.742842728000000063e-02,-3.133281099000000125e-02
3.975471800000000000e-01,8.748693190999999869e-01,-2.547877222999999844e-02,-3.134626444000000040e-02
3.977971399999999935e-01,8.763028561000000272e-01,-2.337683557000000065e-02,-3.137445615000000049e-02
3.980457000000000023e-01,8.782588847000000198e-01,-2.156454672999999836e-02,-3.143059914000000121e-02
3.982932100000000086e-01,8.798828609000000078e-01,-1.984723961000000106e-02,-3.154068857000000281e-02
3.985396700000000125e-01,8.814330939000000198e-01,-1.833736823999999876e-02,-3.165340929999999747e-02
3.987856200000000073e-01,8.820652943000000246e-01,-1.729544052000000012e-02,-3.174354233999999997e-02
3.990313999999999806e-01,8.818686032000000452e-01,-1.644611617000000039e-02,-3.176980757000000266e-02
3.992769999999999930e-01,8.815522318999999829e-01,-1.568910631999999999e-02,-3.176395962999999795e-02
3.995226100000000002e-01,8.811904665999999997e-01,-1.542788837000000010e-02,-3.173217774999999991e-02
3.997683799999999787e-01,8.813260813000000082e-01,-1.557452800999999977e-02,-3.176750661000000281e-02
4.000143299999999735e-01,8.810590242000000405e-01,-1.586599446000000121e-02,-3.181741819000000193e-02
4.002606300000000061e-01,8.814397803000000309e-01,-1.624803752999999865e-02,-3.193454012000000036e-02
4.005076200000000086e-01,8.817437362000000167e-01,-1.649992670000000050e-02,-3.206510751999999687e-02
4.007553099999999757e-01,8.820463356000000088e-01,-1.704203841000000164e-02,-3.219062461000000291e-02
4.010038799999999792e-01,8.822713041999999950e-01,-1.782649383999999892e-02,-3.225844360999999966e-02
4.012533400000000139e-01,8.828083031000000247e-01,-1.873181542999999977e-02,-3.236650035000000064e-02
4.015037000000000189e-01,8.832050073999999640e-01,-1.968357622999999945e-02,-3.243701962000000022e-02
4.017547799999999780e-01,8.840510341999999744e-01,-2.097239455999999960e-02,-3.247540695000000061e-02
4.020067600000000185e-01,8.846824349999999892e-01,-2.228750444000000136e-02,-3.248282711000000100e-02
4.022594800000000026e-01,8.857652214000000246e-01,-2.380835000999999979e-02,-3.251283793999999727e-02
4.025129399999999857e-01,8.870825639999999623e-01,-2.543659860999999967e-02,-3.249092075999999996e-02
4.027673199999999842e-01,8.882280510000000184e-01,-2.710439435000000161e-02,-3.244754736000000223e-02
4.030224499999999765e-01,8.889988021000000407e-01,-2.889292127000000002e-02,-3.232743279999999997e-02
4.032781500000000019e-01,8.900584927000000368e-01,-3.083959852000000071e-02,-3.221397980000000050e-02
4.035346000000000211e-01,8.908966161000000383e-01,-3.299847883999999787e-02,-3.208859199999999912e-02
4.037914300000000067e-01,8.911823568000000195e-01,-3.531223107999999916e-02,-3.192701310999999931e-02
4.040488300000000255e-01,8.918172194000000275e-01,-3.749052444999999983e-02,-3.179066291999999710e-02
4.043066200000000054e-01,8.916107554000000102e-01,-3.985614641000000125e-02,-3.158255888000000011e-02
4.045649900000000132e-01,8.914356042000000091e-01,-4.217516519000000241e-02,-3.139371409999999751e-02
4.048239299999999985e-01,8.908883696999999602e-01,-4.439869008999999811e-02,-3.122512501000000024e-02
4.050834600000000063e-01,8.899049286000000336e-01,-4.643712802000000278e-02,-3.108161907000000015e-02
4.053435799999999811e-01,8.886384972999999965e-01,-4.844359980000000065e-02,-3.095505462999999929e-02
4.056042899999999785e-01,8.863374411000000119e-01,-4.998391224999999827e-02,-3.078355588000000059e-02
4.058657900000000041e-01,8.845206552000000055e-01,-5.137021676999999759e-02,-3.063193615000000050e-02
4.061280899999999972e-01,8.827224286999999503e-01,-5.247316243999999852e-02,-3.056331057999999920e-02
4.063909900000000075e-01,8.801267385000000054e-01,-5.304802254999999717e-02,-3.051192805000000133e-02
4.066546899999999853e-01,8.774835825000000256e-01,-5.348649065000000286e-02,-3.039387190999999835e-02
4.069192099999999757e-01,8.748779133999999846e-01,-5.323412386999999690e-02,-3.031942501999999873e-02
4.071845499999999785e-01,8.726937198999999978e-01,-5.253225820000000101e-02,-3.031289863999999876e-02
4.074504999999999932e-01,8.699946275000000062e-01,-5.186005956999999861e-02,-3.026356595999999885e-02
4.077170800000000095e-01,8.674541183999999738e-01,-5.042515634999999996e-02,-3.023663395000000115e-02
4.079842799999999770e-01,8.649596096999999650e-01,-4.926020005000000118e-02,-3.018982841000000111e-02
4.082521100000000014e-01,8.629191564999999509e-01,-4.770980050999999722e-02,-3.023076205999999932e-02
4.085205599999999770e-01,8.614905821999999658e-01,-4.605320405999999839e-02,-3.034367024999999954e-02
4.087896599999999991e-01,8.603577930000000373e-01,-4.451393207999999879e-02,-3.049732205000000099e-02
4.090591800000000222e-01,8.596711606000000394e-01,-4.318175525000000209e-02,-3.065878857999999874e-02
4.093291199999999908e-01,8.595235418000000127e-01,-4.208015204999999981e-02,-3.082520291999999926e-02
4.095992800000000100e-01,8.596974797999999973e-01,-4.069459509000000058e-02,-3.108385744999999853e-02
4.098696499999999743e-01,8.607883548000000440e-01,-3.921282420000000296e-02,-3.144926526999999861e-02
4.101404599999999845e-01,8.618112143999999697e-01,-3.769571542999999858e-02,-3.182061410999999923e-02
4.104114799999999952e-01,8.632859656000000381e-01,-3.619632433000000149e-02,-3.226789646000000067e-02
4.106827200000000011e-01,8.649117716999999983e-01,-3.494346261999999731e-02,-3.270929823999999680e-02
4.109541700000000075e-01,8.665622436000000040e-01,-3.393980659999999705e-02,-3.314353418000000329e-02
4.112258400000000091e-01,8.682596935999999932e-01,-3.307272128000000172e-02,-3.366275797999999930e-02
4.114977300000000060e-01,8.692131646999999850e-01,-3.253949342000000272e-02,-3.411211213999999770e-02
4.117698399999999981e-01,8.704840495000000233e-01,-3.178139036000000167e-02,-3.468782291999999989e-02
4.120419499999999902e-01,8.708926408999999591e-01,-3.134613063000000338e-02,-3.509653246999999698e-02
4.123140499999999875e-01,8.712713613000000468e-01,-3.126147590000000198e-02,-3.550165024000000169e-02
4.125859399999999844e-01,8.719805481000000302e-01,-3.136013465000000305e-02,-3.590859326000000323e-02
4.128571799999999903e-01,8.731201948000000268e-01,-3.164898680000000075e-02,-3.631913380000000025e-02
4.131275400000000153e-01,8.739988036000000404e-01,-3.208269812000000276e-02,-3.663636272999999666e-02
4.133968199999999982e-01,8.745313294000000015e-01,-3.268233184000000208e-02,-3.688324654999999841e-02
4.136650299999999891e-01,8.753471239000000237e-01,-3.314166595999999687e-02,-3.714168078999999928e-02
4.139319599999999877e-01,8.753100209999999937e-01,-3.395487730999999926e-02,-3.734142499999999754e-02
4.141978399999999838e-01,8.750054404999999536e-01,-3.486309397000000171e-02,-3.745717004000000128e-02
4.144624599999999770e-01,8.749375900000000428e-01,-3.558178307999999845e-02,-3.757995631000000253e-02
4.147260400000000180e-01,8.749218171000000543e-01,-3.608219784999999735e-02,-3.778418030999999844e-02
4.149883799999999900e-01,8.744750573999999776e-01,-3.654846504999999940e-02,-3.792242945999999698e-02
4.152494999999999936e-01,8.739684540000000057e-01,-3.697419360999999738e-02,-3.801083489999999843e-02
4.155092000000000230e-01,8.737439895999999928e-01,-3.731746117999999723e-02,-3.807823057999999705e-02
4.157676900000000231e-01,8.733994877999999851e-01,-3.756583664999999655e-02,-3.813393791999999949e-02
4.160247899999999777e-01,8.724922255999999487e-01,-3.757996400000000042e-02,-3.812132196999999667e-02
4.162805199999999872e-01,8.712407688000000094e-01,-3.760948005999999871e-02,-3.800524419000000237e-02
4.165348799999999962e-01,8.692949989999999572e-01,-3.809560205999999727e-02,-3.779207055000000093e-02
4.167878799999999995e-01,8.681642639000000106e-01,-3.827927798999999909e-02,-3.763044546000000184e-02
4.170397399999999921e-01,8.668093186999999977e-01,-3.793891952999999678e-02,-3.751365564999999819e-02
4.172902800000000134e-01,8.659059552000000215e-01,-3.725251344000000270e-02,-3.745488947000000235e-02
4.175396900000000189e-01,8.652050821000000225e-01,-3.599090197999999657e-02,-3.739991594000000030e-02
4.177877899999999922e-01,8.653620064000000500e-01,-3.424572295000000155e-02,-3.743948566000000061e-02
4.180346099999999732e-01,8.661659783999999807e-01,-3.227501309999999957e-02,-3.749048094000000109e-02
4.182801400000000225e-01,8.678847868000000298e-01,-3.050341623000000016e-02,-3.760603206000000254e-02
4.185245899999999741e-01,8.701481923999999646e-01,-2.850652411000000053e-02,-3.769971409999999662e-02
4.187677899999999731e-01,8.731483667999999643e-01,-2.667844370999999937e-02,-3.784527059000000054e-02
4.190097400000000194e-01,8.753911790999999720e-01,-2.481372466000000138e-02,-3.791735496000000344e-02
4.192506400000000077e-01,8.776175460999999789e-01,-2.286743193000000118e-02,-3.792613769000000024e-02
4.194904799999999989e-01,8.803533775999999866e-01,-2.089090760000000130e-02,-3.795532543999999980e-02
4.197292899999999771e-01,8.833350585999999449e-01,-1.937840991000000165e-02,-3.789912886999999980e-02
4.199672400000000194e-01,8.869559055000000303e-01,-1.806631162000000082e-02,-3.787228209000000068e-02
4.202041599999999932e-01,8.901339176000000464e-01,-1.666313071000000146e-02,-3.775187282999999810e-02
4.204402300000000259e-01,8.931399291999999601e-01,-1.550460369999999942e-02,-3.756004753000000140e-02
4.206756300000000226e-01,8.963882951999999626e-01,-1.445281743999999972e-02,-3.736907230000000024e-02
4.209107000000000265e-01,8.993192899999999934e-01,-1.406877479999999944e-02,-3.711171214000000274e-02
4.211455900000000141e-01,9.019631558999999799e-01,-1.410096123000000035e-02,-3.678513630000000006e-02
4.213806600000000180e-01,9.035797263000000523e-01,-1.433098489000000052e-02,-3.640003691000000263e-02
4.216158899999999932e-01,9.046756015000000373e-01,-1.527308563999999966e-02,-3.582787367000000306e-02
4.218502800000000219e-01,9.051605511000000437e-01,-1.593892452000000154e-02,-3.531937673999999833e-02
4.220838399999999879e-01,9.074630135000000264e-01,-1.704216352000000045e-02,-3.488277572000000187e-02
4.223165700000000022e-01,9.091340343999999574e-01,-1.793489736000000029e-02,-3.453041538999999938e-02
4.225486399999999754e-01,9.097164840000000474e-01,-1.906019620000000067e-02,-3.405021666000000030e-02
4.227800600000000131e-01,9.088400972000000300e-01,-2.010961405999999937e-02,-3.352256632000000236e-02
4.230108200000000096e-01,9.072414044000000066e-01,-2.123557850000000122e-02,-3.302350755999999832e-02
4.232409300000000152e-01,9.066289346000000471e-01,-2.237217945999999888e-02,-3.266642346000000335e-02
4.234705599999999959e-01,9.053575698000000394e-01,-2.318717194999999828e-02,-3.239283901000000049e-02
4.236998599999999837e-01,9.044523249000000487e-01,-2.404845514999999836e-02,-3.212539956999999752e-02
4.239290000000000003e-01,9.027845705999999470e-01,-2.462118085000000040e-02,-3.188474521000000256e-02
4.241581500000000116e-01,9.016682848999999500e-01,-2.522828640999999830e-02,-3.175115893000000217e-02
4.243874499999999994e-01,9.004855444999999570e-01,-2.596927263999999902e-02,-3.166818000999999799e-02
4.246169200000000088e-01,8.995909594000000009e-01,-2.663008844000000139e-02,-3.165624310000000191e-02
4.248465499999999895e-01,8.983838779999999691e-01,-2.690183527000000047e-02,-3.172727732999999772e-02
4.250763399999999970e-01,8.973154413999999690e-01,-2.726402923000000034e-02,-3.181439604999999893e-02
4.253066200000000241e-01,8.963432110000000286e-01,-2.786452093000000088e-02,-3.186470488999999795e-02
4.255373900000000154e-01,8.948757599000000118e-01,-2.838792614999999936e-02,-3.191986336000000174e-02
4.257689800000000191e-01,8.934966451000000420e-01,-2.868298021000000031e-02,-3.212229476999999694e-02
4.260013999999999745e-01,8.921756793999999768e-01,-2.850322678999999901e-02,-3.233004013000000121e-02
4.262348300000000090e-01,8.906930091000000438e-01,-2.824957439000000056e-02,-3.260481435999999789e-02
4.264690999999999899e-01,8.893168233999999561e-01,-2.774102478999999899e-02,-3.289635041999999787e-02
4.267042300000000177e-01,8.879055007999999694e-01,-2.707809393000000162e-02,-3.323739965999999990e-02
4.269400400000000206e-01,8.863378035000000210e-01,-2.630355866000000029e-02,-3.362781696000000098e-02
4.271765399999999935e-01,8.841051785000000329e-01,-2.493797646000000048e-02,-3.400048475999999792e-02
4.274139100000000080e-01,8.824957151000000222e-01,-2.350236252000000026e-02,-3.441125549000000061e-02
4.276519799999999871e-01,8.813826887000000276e-01,-2.216713261000000101e-02,-3.477881113999999746e-02
4.278909300000000027e-01,8.805001802999999905e-01,-2.113059802999999945e-02,-3.495587241999999900e-02
4.281307799999999886e-01,8.798640216999999986e-01,-1.980567582000000021e-02,-3.506304366000000117e-02
4.283717000000000219e-01,8.791484259999999828e-01,-1.856670649000000117e-02,-3.513618749999999902e-02
4.286135200000000256e-01,8.784809264999999812e-01,-1.783727221000000127e-02,-3.513282697000000288e-02
4.288564500000000002e-01,8.786451224000000337e-01,-1.680792086999999962e-02,-3.524252873000000008e-02
4.291004800000000063e-01,8.792847503999999814e-01,-1.595083753000000118e-02,-3.536208192000000333e-02
4.293454400000000226e-01,8.808615771000000150e-01,-1.483050403999999940e-02,-3.554435110000000314e-02
4.295915299999999992e-01,8.830938423999999953e-01,-1.359193593999999915e-02,-3.575337043000000048e-02
4.298385599999999807e-01,8.872946942999999642e-01,-1.249674949999999944e-02,-3.602070418000000163e-02
4.300867500000000176e-01,8.909219110999999636e-01,-1.180867396999999916e-02,-3.618624198999999958e-02
4.303359099999999882e-01,8.934163027999999507e-01,-1.134868043999999986e-02,-3.617518381999999810e-02
4.305862300000000142e-01,8.951323579000000086e-01,-1.136005432999999919e-02,-3.600630123000000266e-02
4.308375400000000188e-01,8.966251737999999527e-01,-1.190716776000000018e-02,-3.580195006999999791e-02
4.310900400000000077e-01,8.983999173000000171e-01,-1.294629872999999987e-02,-3.557854044000000049e-02
4.313435500000000200e-01,8.999790747999999452e-01,-1.410947954999999983e-02,-3.531091593999999972e-02
4.315982700000000061e-01,9.012966644000000027e-01,-1.512512566000000051e-02,-3.512845627999999776e-02
4.318538100000000046e-01,9.016764609999999847e-01,-1.626248548999999904e-02,-3.489372270999999831e-02
4.321101700000000156e-01,9.017584649000000008e-01,-1.748162760000000066e-02,-3.465782116999999857e-02
4.323673599999999784e-01,9.016106261999999871e-01,-1.897196685000000077e-02,-3.446277684000000063e-02
4.326249699999999976e-01,9.008764166999999601e-01,-2.062530996000000102e-02,-3.423401957999999690e-02
4.328830000000000178e-01,8.993545922000000248e-01,-2.231205048999999885e-02,-3.393815691999999690e-02
4.331414499999999834e-01,8.975729489999999533e-01,-2.394835504000000087e-02,-3.366293777999999903e-02
4.334001100000000051e-01,8.956518194999999460e-01,-2.578696290999999904e-02,-3.347622605000000195e-02
4.336589800000000272e-01,8.939193797000000163e-01,-2.775810410000000006e-02,-3.331765032999999682e-02
4.339180599999999943e-01,8.918282573000000379e-01,-2.996112891999999986e-02,-3.314707163999999762e-02
4.341773600000000122e-01,8.890246837999999929e-01,-3.215395240999999876e-02,-3.299379138999999905e-02
4.344366599999999745e-01,8.865081692999999818e-01,-3.424125858000000300e-02,-3.281322164000000097e-02
4.346957399999999971e-01,8.837175562000000317e-01,-3.600638815999999964e-02,-3.270742819999999940e-02
4.349548200000000198e-01,8.816034592999999475e-01,-3.788225703999999888e-02,-3.270715853000000228e-02
4.352139099999999816e-01,8.791700615999999968e-01,-3.925391343000000227e-02,-3.273250450000000228e-02
4.354727800000000038e-01,8.771872362999999506e-01,-4.028505243000000263e-02,-3.289787068999999731e-02
4.357314299999999752e-01,8.749414250999999476e-01,-4.114160865000000139e-02,-3.309472574999999805e-02
4.359900899999999968e-01,8.727441325000000472e-01,-4.155540969999999695e-02,-3.329215650999999693e-02
4.362487500000000185e-01,8.712686500999999861e-01,-4.221710665000000251e-02,-3.352817377999999654e-02
4.365071899999999894e-01,8.699548241000000237e-01,-4.278123994000000013e-02,-3.375031266999999752e-02
4.367656400000000105e-01,8.697366194000000217e-01,-4.305172653000000071e-02,-3.402328275000000152e-02
4.370242899999999819e-01,8.684671524000000531e-01,-4.304061694999999910e-02,-3.425750464999999939e-02
4.372829500000000036e-01,8.673929432000000439e-01,-4.268134960000000144e-02,-3.450775298000000046e-02
4.375420400000000209e-01,8.666119699000000010e-01,-4.224883196999999757e-02,-3.472339740000000147e-02
4.378013399999999833e-01,8.662211015999999875e-01,-4.170794860000000270e-02,-3.499817563999999687e-02
4.380600000000000049e-01,8.663039407999999497e-01,-4.102600466999999779e-02,-3.530565665000000297e-02
4.383177999999999797e-01,8.668825046999999451e-01,-3.981392165000000039e-02,-3.561421341999999879e-02
4.385747500000000132e-01,8.670399203999999971e-01,-3.838141216999999689e-02,-3.589527894999999802e-02
4.388308599999999893e-01,8.675272988000000129e-01,-3.679940636000000181e-02,-3.613493362999999764e-02
4.390861200000000242e-01,8.682487776999999740e-01,-3.485913645000000144e-02,-3.628084044000000341e-02
4.393405499999999964e-01,8.691193449999999876e-01,-3.307111119000000210e-02,-3.636310957000000316e-02
4.395941500000000168e-01,8.700311573000000243e-01,-3.128190402000000092e-02,-3.643909111000000201e-02
4.398469199999999746e-01,8.709550215000000373e-01,-2.945796994999999932e-02,-3.648011690999999890e-02
4.400990799999999759e-01,8.717007229000000024e-01,-2.769322125000000037e-02,-3.647158938000000239e-02
4.403504200000000202e-01,8.718030154999999448e-01,-2.604910811000000007e-02,-3.640119156999999800e-02
4.406011499999999970e-01,8.723766296999999614e-01,-2.412940729999999909e-02,-3.638302085000000297e-02
4.408510700000000115e-01,8.727363031999999521e-01,-2.219955086000000022e-02,-3.632431235999999952e-02
4.411003800000000141e-01,8.730276469000000095e-01,-2.033516382999999914e-02,-3.633660619000000230e-02
4.413490899999999995e-01,8.734178420000000553e-01,-1.833142959000000002e-02,-3.635362911000000058e-02
4.415970000000000173e-01,8.745689892000000354e-01,-1.666214281999999977e-02,-3.640781746999999929e-02
4.418443200000000126e-01,8.758844262999999630e-01,-1.527673853000000026e-02,-3.644818017999999771e-02
4.420910399999999907e-01,8.773154313000000037e-01,-1.387300814000000035e-02,-3.649269928999999968e-02
4.423371700000000017e-01,8.781901671999999826e-01,-1.281538049000000012e-02,-3.653754973000000045e-02
4.425827099999999903e-01,8.786628741999999992e-01,-1.196904998000000026e-02,-3.656391022000000240e-02
4.428278600000000176e-01,8.795432453999999511e-01,-1.137642749000000036e-02,-3.660353811000000013e-02
4.430726199999999726e-01,8.807048960000000148e-01,-1.113254062000000079e-02,-3.664809706000000250e-02
4.433169900000000219e-01,8.816072435999999790e-01,-1.113116815000000058e-02,-3.671939334999999721e-02
4.435609699999999989e-01,8.821752095999999543e-01,-1.148921752999999997e-02,-3.671604470999999953e-02
4.438045600000000146e-01,8.829164146000000324e-01,-1.179466940000000082e-02,-3.672535148000000138e-02
4.440479600000000193e-01,8.836423088000000536e-01,-1.222039725000000077e-02,-3.671937188999999796e-02
4.442911700000000130e-01,8.837433232000000416e-01,-1.309963800999999935e-02,-3.665805410999999764e-02
4.445343700000000120e-01,8.833613179999999510e-01,-1.421158259000000063e-02,-3.651379837999999683e-02
4.447777700000000167e-01,8.831764402999999763e-01,-1.558099418000000007e-02,-3.640542533999999858e-02
4.450215599999999827e-01,8.831546047999999649e-01,-1.706368621000000155e-02,-3.628864851000000030e-02
4.452657400000000210e-01,8.832610494000000534e-01,-1.865475792000000077e-02,-3.614825085000000077e-02
4.455104999999999760e-01,8.828759680000000110e-01,-2.022167257000000162e-02,-3.597819901000000320e-02
4.457558600000000038e-01,8.820402606999999673e-01,-2.175311224000000057e-02,-3.579743081000000271e-02
4.460018099999999985e-01,8.808831529999999743e-01,-2.359265186000000097e-02,-3.548703202000000334e-02
4.462485700000000111e-01,8.801550582999999595e-01,-2.529208318999999830e-02,-3.523527421000000048e-02
4.464961199999999963e-01,8.800859027999999862e-01,-2.688794934000000164e-02,-3.504958728000000245e-02
4.467442899999999883e-01,8.798533543000000012e-01,-2.836416501000000104e-02,-3.484921524000000187e-02
4.469932600000000034e-01,8.790285424999999542e-01,-2.962118504000000110e-02,-3.463122999999999896e-02
4.472422400000000131e-01,8.781562970999999829e-01,-3.064218264000000136e-02,-3.443335829000000042e-02
4.474902000000000046e-01,8.780084461999999590e-01,-3.151907159000000291e-02,-3.427494873999999830e-02
4.477375499999999842e-01,8.785247681000000197e-01,-3.194331052999999782e-02,-3.415674929000000332e-02
4.479843000000000020e-01,8.782544977999999780e-01,-3.207525449999999723e-02,-3.400605850999999930e-02
4.482308400000000193e-01,8.774658604999999723e-01,-3.205343623000000280e-02,-3.374598311000000239e-02
4.484773799999999810e-01,8.768342605000000178e-01,-3.162952185000000166e-02,-3.355201482000000346e-02
4.487241299999999988e-01,8.772437037000000437e-01,-3.091702371999999893e-02,-3.345956343999999943e-02
4.489712799999999726e-01,8.777679153999999873e-01,-3.006271962000000089e-02,-3.338451449999999682e-02
4.492186300000000077e-01,8.782912024000000262e-01,-2.873595011999999921e-02,-3.336915817000000312e-02
4.494663899999999934e-01,8.790165962999999527e-01,-2.680549364000000059e-02,-3.339524740000000130e-02
4.497147699999999859e-01,8.794465822000000488e-01,-2.475199620000000100e-02,-3.344510048999999735e-02
4.499637599999999904e-01,8.793263349000000062e-01,-2.269256983999999935e-02,-3.347308848000000309e-02
4.502137900000000026e-01,8.790456419000000077e-01,-2.084579041999999952e-02,-3.351562361999999712e-02
4.504648700000000172e-01,8.785209063000000151e-01,-1.884839627000000142e-02,-3.363644376000000241e-02
4.507169999999999788e-01,8.780728056000000059e-01,-1.676653545999999897e-02,-3.379697170999999833e-02
4.509701999999999877e-01,8.766137106000000401e-01,-1.438513616000000085e-02,-3.399380596999999893e-02
4.512244799999999834e-01,8.741574478000000425e-01,-1.235509723000000060e-02,-3.404254874999999847e-02
4.514798400000000211e-01,8.718169930000000400e-01,-1.048490353000000076e-02,-3.411431178999999730e-02
4.517360799999999843e-01,8.694630790999999803e-01,-8.755286036999999563e-03,-3.420971052999999956e-02
4.519932099999999786e-01,8.681754914000000545e-01,-6.912625512999999618e-03,-3.439501069999999910e-02
4.522512200000000093e-01,8.666437473000000447e-01,-5.443337529999999966e-03,-3.454763663000000318e-02
4.525099100000000152e-01,8.658734606000000333e-01,-3.971421509000000287e-03,-3.482747841000000122e-02
4.527694999999999914e-01,8.656216350000000004e-01,-2.492294901999999798e-03,-3.515686385999999830e-02
4.530297699999999983e-01,8.666369627000000131e-01,-1.720500889999999937e-03,-3.545695705000000142e-02
4.532907299999999751e-01,8.671680425000000136e-01,-1.660554804000000106e-03,-3.560869411999999928e-02
4.535523799999999772e-01,8.680771659999999557e-01,-2.382563936000000031e-03,-3.568468571999999783e-02
4.538144900000000148e-01,8.687122001000000537e-01,-3.478606748000000019e-03,-3.568550044999999754e-02
4.540770599999999768e-01,8.694005071999999501e-01,-4.600087868000000101e-03,-3.566326226000000182e-02
4.543401100000000192e-01,8.706521850999999756e-01,-6.186251513000000368e-03,-3.563060111000000002e-02
4.546036199999999861e-01,8.725290461000000386e-01,-8.336328448000000432e-03,-3.553298442999999751e-02
4.548673599999999984e-01,8.743806873999999674e-01,-1.112952805999999940e-02,-3.533824446000000119e-02
4.551313499999999901e-01,8.769269359000000374e-01,-1.424623711999999966e-02,-3.517007138000000088e-02
4.553955700000000273e-01,8.791755535999999926e-01,-1.766847314000000169e-02,-3.496839934999999844e-02
4.556602599999999836e-01,8.807775673000000083e-01,-2.088367123999999853e-02,-3.479526013999999917e-02
4.559251899999999802e-01,8.824058795000000455e-01,-2.405942133000000052e-02,-3.467141566000000313e-02
4.561903600000000170e-01,8.839848111000000452e-01,-2.684743866000000034e-02,-3.459927910999999884e-02
4.564560100000000231e-01,8.853794637999999884e-01,-2.957915528999999905e-02,-3.458199018000000097e-02
4.567221499999999934e-01,8.854673440000000451e-01,-3.273191249000000080e-02,-3.441743805999999961e-02
4.569885200000000092e-01,8.857525018999999888e-01,-3.566028429999999749e-02,-3.434471313000000275e-02
4.572556199999999738e-01,8.858943739000000317e-01,-3.825416096999999932e-02,-3.427187586000000202e-02
4.575232100000000135e-01,8.854948820000000387e-01,-4.038960688999999882e-02,-3.422532281000000010e-02
4.577915399999999968e-01,8.854278443999999970e-01,-4.179425587999999886e-02,-3.421976679000000160e-02
4.580603599999999997e-01,8.857907647999999634e-01,-4.268907857999999778e-02,-3.425579808999999754e-02
4.583299299999999965e-01,8.851044581000000466e-01,-4.334140750999999903e-02,-3.423355723999999684e-02
4.586004900000000273e-01,8.841063188000000128e-01,-4.375696794000000223e-02,-3.416616019000000282e-02
4.588718199999999858e-01,8.826753442000000449e-01,-4.401832866000000150e-02,-3.399234755000000302e-02
4.591441499999999731e-01,8.811594779000000432e-01,-4.433589645000000218e-02,-3.375702726000000264e-02
4.594172599999999940e-01,8.797631036999999932e-01,-4.428481760999999906e-02,-3.352373404999999668e-02
4.596911300000000034e-01,8.787422616000000186e-01,-4.397766161999999701e-02,-3.332258289000000068e-02
4.599650100000000075e-01,8.781689064000000045e-01,-4.354911512000000234e-02,-3.316352043000000277e-02
4.602383700000000077e-01,8.780156702000000424e-01,-4.302558101000000107e-02,-3.306484665000000017e-02
4.605109600000000247e-01,8.775892639000000273e-01,-4.225178476000000100e-02,-3.302885691000000123e-02
4.607827800000000029e-01,8.767565628000000277e-01,-4.111889968000000117e-02,-3.303586542999999848e-02
4.610538399999999926e-01,8.755666765999999823e-01,-3.998133202999999691e-02,-3.299404268000000195e-02
4.613238800000000195e-01,8.747950139000000291e-01,-3.881144815999999775e-02,-3.304179762000000048e-02
4.615929200000000177e-01,8.741919415000000138e-01,-3.759150984000000223e-02,-3.309860508000000284e-02
4.618607000000000129e-01,8.740495622999999714e-01,-3.621735446999999747e-02,-3.324027481999999867e-02
4.621272499999999894e-01,8.737927635000000137e-01,-3.481170810999999893e-02,-3.332798229000000223e-02
4.623925700000000028e-01,8.734146472999999578e-01,-3.296210454000000206e-02,-3.347876816999999922e-02
4.626564300000000074e-01,8.726994953000000166e-01,-3.116445060000000086e-02,-3.364301867999999751e-02
4.629188499999999928e-01,8.721482110999999593e-01,-2.975205636000000098e-02,-3.384052458000000319e-02
4.631798300000000146e-01,8.718314794000000534e-01,-2.843019259000000021e-02,-3.406205822999999744e-02
4.634393900000000066e-01,8.718037175999999722e-01,-2.747418701000000144e-02,-3.424990957000000058e-02
4.636973300000000187e-01,8.713982262999999673e-01,-2.648037279999999882e-02,-3.443064053000000069e-02
4.639538699999999904e-01,8.706581396000000472e-01,-2.577390859999999922e-02,-3.450539133999999675e-02
4.642088100000000273e-01,8.690347505000000083e-01,-2.561640037000000036e-02,-3.451937840000000174e-02
4.644623999999999975e-01,8.676095667000000011e-01,-2.592137320000000023e-02,-3.446876824000000283e-02
4.647146400000000122e-01,8.663797475000000192e-01,-2.626731330000000100e-02,-3.441428262000000016e-02
4.649653300000000100e-01,8.651795018000000281e-01,-2.672635616999999991e-02,-3.422906878999999736e-02
4.652146999999999810e-01,8.642941727999999824e-01,-2.730320133999999954e-02,-3.402006316000000252e-02
4.654629900000000209e-01,8.636610880999999740e-01,-2.816661475999999997e-02,-3.383491889000000280e-02
4.657099800000000234e-01,8.630263953000000265e-01,-2.935467672000000028e-02,-3.357319462000000337e-02
4.659559099999999732e-01,8.627226460000000374e-01,-3.084496312999999990e-02,-3.329564439999999764e-02
4.662007799999999813e-01,8.627046970999999731e-01,-3.268273432999999756e-02,-3.300054519000000103e-02
4.664445899999999923e-01,8.628633926000000010e-01,-3.455141851000000097e-02,-3.267580038000000159e-02
4.666873599999999955e-01,8.630352434000000406e-01,-3.645180667999999707e-02,-3.234789113000000049e-02
4.669290899999999911e-01,8.638031942999999657e-01,-3.853056367999999759e-02,-3.204548405000000322e-02
4.671698000000000239e-01,8.642091821999999812e-01,-4.078441582999999676e-02,-3.170977884000000108e-02
4.674094899999999830e-01,8.648380053999999983e-01,-4.314248138000000010e-02,-3.137556818000000053e-02
4.676483599999999852e-01,8.651958317000000287e-01,-4.531435889000000328e-02,-3.106355460999999860e-02
4.678864300000000198e-01,8.663608565999999511e-01,-4.766867411999999721e-02,-3.079062777999999959e-02
4.681236999999999759e-01,8.672176366999999608e-01,-5.003430723999999913e-02,-3.056962385000000157e-02
4.683601800000000148e-01,8.677198283000000512e-01,-5.177503172999999709e-02,-3.031191312999999971e-02
4.685960599999999809e-01,8.682611889000000360e-01,-5.353323043000000198e-02,-3.009164719000000099e-02
4.688315399999999911e-01,8.690487579000000240e-01,-5.531766345999999945e-02,-2.988571729999999968e-02
4.690664399999999734e-01,8.696958017000000485e-01,-5.678478507999999703e-02,-2.968332775999999937e-02
4.693009399999999998e-01,8.704561453000000393e-01,-5.798059808000000093e-02,-2.953497243000000050e-02
4.695350500000000094e-01,8.711731639999999999e-01,-5.875802733999999777e-02,-2.945088629999999957e-02
4.697689600000000132e-01,8.718719348000000258e-01,-5.915399889999999744e-02,-2.940308288000000048e-02
4.700026800000000060e-01,8.726807185999999605e-01,-5.895288340000000293e-02,-2.935897779000000082e-02
4.702366000000000046e-01,8.735158857000000499e-01,-5.854160432000000275e-02,-2.928702820999999970e-02
4.704707100000000142e-01,8.743609304999999665e-01,-5.829228748999999710e-02,-2.924701492000000153e-02
4.707052199999999798e-01,8.757623601999999785e-01,-5.803953917000000129e-02,-2.923408212000000103e-02
4.709403099999999731e-01,8.769310940000000221e-01,-5.715185360999999742e-02,-2.928537449999999917e-02
4.711760099999999785e-01,8.777164752999999653e-01,-5.602418507000000297e-02,-2.926026836000000103e-02
4.714123000000000063e-01,8.783623109000000539e-01,-5.467807312999999753e-02,-2.931203649999999938e-02
4.716491899999999959e-01,8.796312316000000076e-01,-5.306031885000000309e-02,-2.943544542999999847e-02
4.718866899999999975e-01,8.802656181000000357e-01,-5.141052760999999943e-02,-2.954773520000000125e-02
4.721250100000000116e-01,8.805209054000000535e-01,-4.983801986999999989e-02,-2.959457031999999932e-02
4.723641399999999879e-01,8.806508548000000491e-01,-4.817132508000000063e-02,-2.966375845999999830e-02
4.726043100000000274e-01,8.810360400000000203e-01,-4.653366729999999785e-02,-2.973057402000000085e-02
4.728455200000000191e-01,8.808560234000000211e-01,-4.477177721000000221e-02,-2.975097079999999838e-02
4.730880000000000085e-01,8.810661054999999742e-01,-4.291323551000000153e-02,-2.983592849000000005e-02
4.733317699999999850e-01,8.808817621000000209e-01,-4.067939859999999963e-02,-2.991068329000000012e-02
4.735768200000000094e-01,8.804949313000000055e-01,-3.853179001999999798e-02,-2.996756016000000009e-02
4.738234100000000004e-01,8.800714780999999709e-01,-3.630237922000000006e-02,-3.003983303000000091e-02
4.740711000000000230e-01,8.792448690999999927e-01,-3.429760197000000094e-02,-3.005691418999999892e-02
4.743179100000000092e-01,8.793339149000000132e-01,-3.205504917000000231e-02,-3.018767709000000007e-02
4.745640500000000150e-01,8.787307828000000542e-01,-3.021341740999999859e-02,-3.025708620999999904e-02
4.748093199999999792e-01,8.781523615999999866e-01,-2.898461755000000112e-02,-3.036778748999999916e-02
4.750539300000000131e-01,8.769012039000000369e-01,-2.737993589999999922e-02,-3.047004730000000064e-02
4.752976800000000002e-01,8.759365353000000409e-01,-2.578652442000000169e-02,-3.065929419999999933e-02
4.755407799999999963e-01,8.749882167000000432e-01,-2.430152931000000016e-02,-3.085364897999999870e-02
4.757834499999999966e-01,8.743782371999999636e-01,-2.284452667000000034e-02,-3.117213276999999949e-02
4.760259000000000018e-01,8.735515136999999486e-01,-2.159931081999999850e-02,-3.138135663999999658e-02
4.762683600000000017e-01,8.729207387999999845e-01,-2.053391289999999952e-02,-3.166104234000000073e-02
4.765108100000000069e-01,8.721276418000000197e-01,-1.959359265000000169e-02,-3.191912966999999740e-02
4.767534800000000073e-01,8.714302882000000139e-01,-1.858108433000000073e-02,-3.213315971999999854e-02
4.769965800000000034e-01,8.704198262000000241e-01,-1.798206716000000024e-02,-3.225287082000000138e-02
4.772401199999999899e-01,8.695807969000000082e-01,-1.770778363000000133e-02,-3.239778878999999973e-02
4.774840900000000277e-01,8.695430470999999661e-01,-1.769024272999999980e-02,-3.258356820999999681e-02
4.777287199999999956e-01,8.696829395999999823e-01,-1.788577962000000021e-02,-3.273627315000000176e-02
4.779740100000000047e-01,8.696324510999999813e-01,-1.829085453999999833e-02,-3.286009639000000288e-02
4.782199599999999995e-01,8.698837860000000477e-01,-1.915029865999999872e-02,-3.291423294999999694e-02
4.784668100000000202e-01,8.701728434000000068e-01,-2.000485219999999925e-02,-3.297633594999999779e-02
4.787147900000000011e-01,8.699048472000000531e-01,-2.092156892000000129e-02,-3.297113515999999800e-02
4.789638999999999980e-01,8.696244158999999474e-01,-2.131307861000000109e-02,-3.294178402999999727e-02
4.792141699999999949e-01,8.696545413999999807e-01,-2.207040336000000089e-02,-3.288215234999999903e-02
4.794655899999999971e-01,8.699182443999999848e-01,-2.284936614000000060e-02,-3.280393080999999961e-02
4.797181899999999888e-01,8.707923468999999583e-01,-2.353559172999999949e-02,-3.270809462000000278e-02
4.799719800000000203e-01,8.714850384000000227e-01,-2.432271944000000130e-02,-3.259614202999999710e-02
4.802272000000000207e-01,8.722967171000000075e-01,-2.522503819000000008e-02,-3.246525556999999701e-02
4.804836399999999896e-01,8.731133108999999948e-01,-2.598917016999999913e-02,-3.232707400999999814e-02
4.807412999999999825e-01,8.739365051999999912e-01,-2.689405007000000153e-02,-3.220212229000000287e-02
4.810004600000000186e-01,8.751691253000000170e-01,-2.783090036000000073e-02,-3.208765227999999664e-02
4.812608600000000125e-01,8.772998603999999645e-01,-2.885780498999999943e-02,-3.195254042000000155e-02
4.815225399999999989e-01,8.795400287000000317e-01,-3.036771305000000171e-02,-3.178227328000000212e-02
4.817854899999999829e-01,8.816572796999999628e-01,-3.236370865999999707e-02,-3.161789383000000037e-02
4.820497400000000043e-01,8.835250385999999789e-01,-3.496359727000000056e-02,-3.138464112000000084e-02
4.823150399999999727e-01,8.845144606999999493e-01,-3.757665079999999991e-02,-3.107788899000000007e-02
4.825816600000000234e-01,8.852901033000000197e-01,-4.000844312000000069e-02,-3.076163745000000047e-02
4.828496099999999847e-01,8.857727748999999484e-01,-4.197865801000000285e-02,-3.051105909000000060e-02
4.831186499999999828e-01,8.857619984000000279e-01,-4.370987415000000126e-02,-3.019886487999999883e-02
4.833884999999999987e-01,8.846788030000000136e-01,-4.504666228999999744e-02,-2.987622326999999842e-02
4.836591700000000271e-01,8.828365933999999804e-01,-4.664447984999999658e-02,-2.948099934000000116e-02
4.839306700000000072e-01,8.810977052999999781e-01,-4.810960675999999964e-02,-2.913996015000000148e-02
4.842027199999999754e-01,8.796783954000000350e-01,-4.950990050000000225e-02,-2.884940086999999986e-02
4.844753299999999818e-01,8.776539533999999643e-01,-5.060649401000000269e-02,-2.859882932000000141e-02
4.847479499999999830e-01,8.758833628000000093e-01,-5.161850895999999661e-02,-2.843382747999999988e-02
4.850208400000000086e-01,8.739702666999999980e-01,-5.220425898000000120e-02,-2.828938114000000004e-02
4.852926100000000131e-01,8.723865443999999636e-01,-5.245051422000000102e-02,-2.824976384000000076e-02
4.855632699999999913e-01,8.715821589000000147e-01,-5.246178274999999808e-02,-2.829248217000000093e-02
4.858325600000000244e-01,8.704690529999999926e-01,-5.231350240999999707e-02,-2.834432706000000052e-02
4.861004800000000015e-01,8.693691036999999788e-01,-5.212618431999999774e-02,-2.841767897999999959e-02
4.863667700000000038e-01,8.687418912000000049e-01,-5.187047933999999749e-02,-2.856777749999999880e-02
4.866314600000000157e-01,8.683451465999999508e-01,-5.160143938000000263e-02,-2.872624256000000029e-02
4.868948300000000007e-01,8.679374679000000370e-01,-5.119114358000000087e-02,-2.893984074000000017e-02
4.871566299999999794e-01,8.672250450999999805e-01,-5.064756917999999747e-02,-2.913338060000000146e-02
4.874171299999999762e-01,8.666892426000000205e-01,-5.003252131000000130e-02,-2.935608145999999904e-02
4.876760900000000065e-01,8.666207296000000282e-01,-4.944231070999999950e-02,-2.958680453000000002e-02
4.879337699999999889e-01,8.663931453000000005e-01,-4.880879081000000230e-02,-2.982018477000000084e-02
4.881902000000000186e-01,8.655933274999999538e-01,-4.825625377000000021e-02,-3.006346727000000149e-02
4.884453699999999898e-01,8.645568516999999620e-01,-4.762677492000000345e-02,-3.026236711000000051e-02
4.886993099999999979e-01,8.642142838999999910e-01,-4.700978155999999825e-02,-3.054051345000000084e-02
4.889522600000000274e-01,8.634378219999999660e-01,-4.628912304999999866e-02,-3.078437762999999827e-02
4.892042400000000124e-01,8.628004664999999740e-01,-4.516333312999999683e-02,-3.104079389999999869e-02
4.894549999999999734e-01,8.622116901999999916e-01,-4.401599652000000307e-02,-3.132484494999999980e-02
4.897048099999999904e-01,8.610391873999999612e-01,-4.299229832999999779e-02,-3.155381505999999697e-02
4.899536500000000183e-01,8.607477516000000550e-01,-4.199667942000000209e-02,-3.188003338999999964e-02
4.902017900000000261e-01,8.600634261999999808e-01,-4.065919951000000060e-02,-3.217521464999999886e-02
4.904489799999999788e-01,8.608043836000000004e-01,-3.919302125000000137e-02,-3.251543884000000079e-02
4.906954700000000225e-01,8.613481388999999488e-01,-3.764919230000000200e-02,-3.285111374000000001e-02
4.909414899999999804e-01,8.622302419999999801e-01,-3.610470288999999972e-02,-3.322332082999999991e-02
4.911868099999999737e-01,8.626347927999999943e-01,-3.445286387000000283e-02,-3.355341834000000190e-02
4.914314300000000024e-01,8.630775362000000506e-01,-3.275239974000000026e-02,-3.385423885999999660e-02
4.916755999999999904e-01,8.635392064000000367e-01,-3.119641194000000173e-02,-3.412861922999999714e-02
4.919193000000000038e-01,8.645139146000000441e-01,-2.945228249999999950e-02,-3.446459491000000014e-02
4.921625399999999817e-01,8.659989337000000287e-01,-2.769058459999999833e-02,-3.487041146000000036e-02
4.924053299999999744e-01,8.677480772000000231e-01,-2.612453074999999958e-02,-3.523336784000000166e-02
4.926478799999999825e-01,8.694443152999999924e-01,-2.479169615000000049e-02,-3.551390237999999672e-02
4.928899800000000053e-01,8.716885097000000027e-01,-2.372422860999999841e-02,-3.580103404999999961e-02
4.931318599999999774e-01,8.740959322000000364e-01,-2.268272333000000140e-02,-3.612528394000000254e-02
4.933735000000000204e-01,8.760211007999999522e-01,-2.185629181999999837e-02,-3.642262579000000305e-02
4.936149200000000126e-01,8.773326885000000130e-01,-2.112814031999999884e-02,-3.661839504000000134e-02
4.938561100000000148e-01,8.785655227999999983e-01,-2.044450540000000011e-02,-3.679042230000000024e-02
4.940973000000000170e-01,8.797572771999999652e-01,-2.013761378000000074e-02,-3.694457505999999836e-02
4.943382599999999738e-01,8.808219062000000044e-01,-2.005778097999999857e-02,-3.704838821999999893e-02
4.945792199999999861e-01,8.816561464000000070e-01,-2.017915920999999863e-02,-3.710096778000000067e-02
4.948204099999999883e-01,8.829041408000000146e-01,-2.016914754000000143e-02,-3.724799513000000284e-02
4.950620600000000260e-01,8.832144463000000112e-01,-2.049655615000000111e-02,-3.725988813000000177e-02
4.953043999999999780e-01,8.827850432999999608e-01,-2.099148162999999942e-02,-3.717048252999999997e-02
4.955474300000000110e-01,8.821469566999999845e-01,-2.163208134000000130e-02,-3.706832630999999656e-02
4.957913899999999985e-01,8.814850722999999499e-01,-2.219993087999999962e-02,-3.700017253000000006e-02
4.960362899999999908e-01,8.815664616999999703e-01,-2.268261390999999974e-02,-3.701135877000000240e-02
4.962821399999999827e-01,8.810221593999999490e-01,-2.299884743000000023e-02,-3.699660533000000140e-02
4.965294299999999938e-01,8.798442636000000094e-01,-2.328986178000000060e-02,-3.695550723999999759e-02
4.967779299999999787e-01,8.783730154000000123e-01,-2.356225916000000142e-02,-3.688463116000000042e-02
4.970276599999999823e-01,8.762197712000000527e-01,-2.389500160000000012e-02,-3.669040629999999886e-02
4.972788699999999840e-01,8.742081350000000528e-01,-2.446612868000000093e-02,-3.645952364999999890e-02
4.975315900000000235e-01,8.717784028999999713e-01,-2.508361555000000048e-02,-3.614262847000000028e-02
4.977861000000000091e-01,8.689925965000000474e-01,-2.545812016000000011e-02,-3.569801415999999950e-02
4.980421500000000168e-01,8.664432402999999727e-01,-2.577510438000000029e-02,-3.521802384000000119e-02
4.983000399999999996e-01,8.644016200999999899e-01,-2.587163324000000056e-02,-3.478104322000000193e-02
4.985581900000000122e-01,8.626470076000000153e-01,-2.638792490000000171e-02,-3.431735200000000235e-02
4.988150299999999926e-01,8.615566207999999504e-01,-2.656439358000000153e-02,-3.392705397000000261e-02
4.990708200000000261e-01,8.607385841000000370e-01,-2.672009737000000107e-02,-3.357618980999999697e-02
4.993253100000000222e-01,8.597051123000000183e-01,-2.674200887000000026e-02,-3.323059652000000253e-02
4.995785200000000259e-01,8.589334214999999606e-01,-2.677532322999999839e-02,-3.287177203999999686e-02
4.998307100000000114e-01,8.578931752999999771e-01,-2.641417188000000013e-02,-3.255536190000000302e-02
5.000816300000000547e-01,8.578122017000000543e-01,-2.621936545000000049e-02,-3.228509811000000035e-02
5.003313000000000343e-01,8.564793994999999605e-01,-2.588615618000000146e-02,-3.206064262000000303e-02
5.005797199999999503e-01,8.560063833000000066e-01,-2.562034339999999868e-02,-3.186907686999999878e-02
5.008269199999999532e-01,8.555981974999999906e-01,-2.503380738999999924e-02,-3.177379897999999675e-02
5.010728899999999930e-01,8.557945157999999886e-01,-2.468893525999999936e-02,-3.171056881999999993e-02
5.013176599999999983e-01,8.560930774999999660e-01,-2.416695384999999890e-02,-3.173026129999999972e-02
5.015614699999999537e-01,8.564676702000000308e-01,-2.354169765999999941e-02,-3.177195386000000038e-02
5.018043199999999704e-01,8.569643466999999903e-01,-2.261569101999999845e-02,-3.190957767000000139e-02
5.020462199999999875e-01,8.578469562999999631e-01,-2.143526646000000133e-02,-3.206745079000000026e-02
5.022874200000000400e-01,8.589547278000000397e-01,-2.032629401999999988e-02,-3.229317167000000238e-02
5.025279200000000168e-01,8.595169902000000528e-01,-1.911998343999999836e-02,-3.251777179999999767e-02
5.027677200000000290e-01,8.606699679000000547e-01,-1.786662594999999937e-02,-3.281667052000000057e-02
5.030072899999999958e-01,8.621526573000000138e-01,-1.651034768999999972e-02,-3.319117334999999863e-02
5.032466199999999779e-01,8.638242892999999922e-01,-1.500975266999999939e-02,-3.358815211999999911e-02
5.034859600000000102e-01,8.652236731000000347e-01,-1.374991939000000038e-02,-3.396412934999999689e-02
5.037257499999999721e-01,8.669117749000000428e-01,-1.254125631999999935e-02,-3.434344549999999996e-02
5.039657899999999691e-01,8.691993575999999999e-01,-1.134329505999999953e-02,-3.475569842000000159e-02
5.042062899999999459e-01,8.706189669999999659e-01,-1.024824648000000060e-02,-3.511665062000000198e-02
5.044472700000000032e-01,8.721852088999999530e-01,-9.677489568000000389e-03,-3.553672782000000252e-02
5.046889500000000250e-01,8.741565882999999815e-01,-9.377028301000000024e-03,-3.589180337999999665e-02
5.049315899999999857e-01,8.759137585999999809e-01,-9.469402474000000736e-03,-3.617131430000000009e-02
5.051754400000000311e-01,8.778087501000000348e-01,-1.002001670000000032e-02,-3.640392999000000018e-02
5.054202700000000048e-01,8.805871343000000184e-01,-1.077958235000000056e-02,-3.668646225999999677e-02
5.056663200000000025e-01,8.828878621000000315e-01,-1.204166912999999998e-02,-3.686575603000000201e-02
5.059133700000000289e-01,8.849887972000000103e-01,-1.356640092999999991e-02,-3.699410968999999882e-02
5.061614300000000233e-01,8.861127050999999533e-01,-1.563128574000000048e-02,-3.702520235000000132e-02
5.064104999999999857e-01,8.875837087000000292e-01,-1.755030411999999873e-02,-3.705372648000000019e-02
5.066605899999999663e-01,8.890984121999999656e-01,-1.961576208999999890e-02,-3.706757360000000057e-02
5.069114599999999804e-01,8.903661882000000194e-01,-2.224328554999999846e-02,-3.697948935999999936e-02
5.071633599999999520e-01,8.908852257999999580e-01,-2.489102891000000151e-02,-3.675745960000000034e-02
5.074163200000000318e-01,8.906907251000000247e-01,-2.778728289000000073e-02,-3.644942279999999896e-02
5.076700600000000341e-01,8.911750460999999790e-01,-3.066524412000000074e-02,-3.617876591000000058e-02
5.079248800000000230e-01,8.912735285999999757e-01,-3.331403304000000315e-02,-3.584846478999999947e-02
5.081807699999999484e-01,8.913789583000000238e-01,-3.608518441999999937e-02,-3.551213488999999807e-02
5.084377500000000216e-01,8.910388875000000430e-01,-3.834436264999999816e-02,-3.514962725000000260e-02
5.086955600000000466e-01,8.899650140000000542e-01,-4.021867579999999914e-02,-3.476462750999999990e-02
5.089544700000000477e-01,8.879848890999999522e-01,-4.241449880999999950e-02,-3.429586240000000175e-02
5.092142200000000507e-01,8.855072907000000049e-01,-4.438200454999999961e-02,-3.386970630000000343e-02
5.094750900000000193e-01,8.832120143999999673e-01,-4.605125440999999903e-02,-3.346114965000000080e-02
5.097368100000000402e-01,8.809960799999999592e-01,-4.741093030000000097e-02,-3.304351334999999779e-02
5.099993999999999916e-01,8.783058711000000240e-01,-4.843344251000000072e-02,-3.262741068000000327e-02
5.102628399999999953e-01,8.750238578000000267e-01,-4.963240800999999675e-02,-3.219305590000000328e-02
5.105271599999999799e-01,8.714839127000000296e-01,-5.077632985999999682e-02,-3.174305686000000043e-02
5.107923599999999453e-01,8.679705775999999595e-01,-5.176697783999999886e-02,-3.132464360000000031e-02
5.110581499999999888e-01,8.651884712999999838e-01,-5.232146621000000053e-02,-3.096305794000000014e-02
5.113248200000000132e-01,8.629159476000000106e-01,-5.288070218000000267e-02,-3.059078763999999867e-02
5.115918000000000410e-01,8.606824257999999839e-01,-5.311081500999999955e-02,-3.024087599999999987e-02
5.118593700000000357e-01,8.580931281000000466e-01,-5.291005104000000292e-02,-2.995958581000000148e-02
5.121269400000000305e-01,8.555425263999999475e-01,-5.258518491999999989e-02,-2.974715429000000105e-02
5.123948200000000286e-01,8.534297661999999951e-01,-5.179645682999999695e-02,-2.956042595000000009e-02
5.126626899999999765e-01,8.524556881999999502e-01,-5.081160405000000047e-02,-2.947736779000000029e-02
5.129302700000000215e-01,8.525144915000000267e-01,-4.925269864000000192e-02,-2.956411634999999913e-02
5.131969400000000459e-01,8.534461848000000073e-01,-4.765521915999999802e-02,-2.983812729999999955e-02
5.134627099999999889e-01,8.546049165000000336e-01,-4.647368638999999774e-02,-3.012291757000000111e-02
5.137275900000000117e-01,8.561906741999999459e-01,-4.541272058000000306e-02,-3.046070525000000098e-02
5.139915800000000035e-01,8.577213821000000404e-01,-4.427834136000000087e-02,-3.083160114000000132e-02
5.142544000000000004e-01,8.585281520999999971e-01,-4.353734154999999717e-02,-3.109113251000000105e-02
5.145163400000000165e-01,8.592768310999999715e-01,-4.288909565000000035e-02,-3.130831095000000119e-02
5.147771199999999769e-01,8.596278751999999468e-01,-4.195661657000000072e-02,-3.151286506999999987e-02
5.150370300000000068e-01,8.603697304999999851e-01,-4.107248625999999903e-02,-3.179067792999999698e-02
5.152957999999999705e-01,8.607389385000000503e-01,-4.043171052999999793e-02,-3.201044249999999980e-02
5.155537199999999931e-01,8.617930570999999818e-01,-3.980560437999999812e-02,-3.235474225999999953e-02
5.158104999999999496e-01,8.623722227000000240e-01,-3.918174591999999679e-02,-3.253838336999999997e-02
5.160661699999999907e-01,8.632346883000000526e-01,-3.858271692000000280e-02,-3.279971958999999826e-02
5.163207199999999553e-01,8.638377777000000313e-01,-3.789368679999999961e-02,-3.303201316999999915e-02
5.165741700000000547e-01,8.644262071999999630e-01,-3.749136950000000329e-02,-3.325868458999999694e-02
5.168265199999999560e-01,8.649847010000000225e-01,-3.729507409999999884e-02,-3.344265552000000308e-02
5.170777899999999816e-01,8.652232256999999871e-01,-3.703967838999999707e-02,-3.358169940999999881e-02
5.173282399999999948e-01,8.656014797000000094e-01,-3.716059791000000251e-02,-3.372569009999999701e-02
5.175776199999999605e-01,8.661378771000000087e-01,-3.733378425000000167e-02,-3.377550323999999743e-02
5.178259299999999898e-01,8.669372142000000281e-01,-3.765002169000000037e-02,-3.377843660999999692e-02
5.180734599999999856e-01,8.678350874000000381e-01,-3.783113459000000262e-02,-3.378664116999999939e-02
5.183199200000000451e-01,8.688607753000000544e-01,-3.834466747000000314e-02,-3.374309307000000063e-02
5.185656100000000102e-01,8.694063276000000284e-01,-3.872193966999999681e-02,-3.363986709999999825e-02
5.188105100000000025e-01,8.702032514999999968e-01,-3.911859510000000040e-02,-3.361195816999999753e-02
5.190543800000000374e-01,8.714964876999999888e-01,-3.948189064000000303e-02,-3.361721455000000330e-02
5.192974799999999780e-01,8.723228790000000510e-01,-4.002959541000000038e-02,-3.361390354999999747e-02
5.195395600000000114e-01,8.731401678000000333e-01,-4.050354926000000050e-02,-3.358637048000000236e-02
5.197808800000000007e-01,8.737866374999999630e-01,-4.098818983000000055e-02,-3.359706004000000135e-02
5.200217000000000311e-01,8.742307296000000338e-01,-4.140636042000000322e-02,-3.359816682999999804e-02
5.202617600000000175e-01,8.753002663000000183e-01,-4.163048155000000083e-02,-3.357317388000000125e-02
5.205013200000000451e-01,8.761115927000000525e-01,-4.179605930000000052e-02,-3.354869846999999905e-02
5.207401299999999678e-01,8.771931493000000302e-01,-4.154089237999999962e-02,-3.361664786000000127e-02
5.209784499999999818e-01,8.775438278999999620e-01,-4.124950671000000152e-02,-3.363153955999999972e-02
5.212162700000000370e-01,8.776834197999999754e-01,-4.075164758000000137e-02,-3.356953700000000346e-02
5.214540899999999812e-01,8.774590260000000308e-01,-4.017493878000000240e-02,-3.354877426999999801e-02
5.216919100000000364e-01,8.766126389999999713e-01,-3.966893392000000323e-02,-3.347447951000000199e-02
5.219302300000000505e-01,8.754350561999999503e-01,-3.881020312999999833e-02,-3.338516089000000131e-02
5.221690399999999732e-01,8.739361080999999976e-01,-3.792999343999999690e-02,-3.323085299999999770e-02
5.224083600000000160e-01,8.730554004999999673e-01,-3.692932606000000340e-02,-3.312963752999999872e-02
5.226484399999999919e-01,8.727873085999999780e-01,-3.591853164000000098e-02,-3.306450765999999902e-02
5.228892800000000118e-01,8.729406366999999944e-01,-3.473958805999999983e-02,-3.301053106000000070e-02
5.231306300000000409e-01,8.732612820999999803e-01,-3.373249966999999905e-02,-3.299081183000000111e-02
5.233727500000000532e-01,8.728683389000000403e-01,-3.285924378999999923e-02,-3.294543122000000157e-02
5.236156499999999880e-01,8.724877699999999958e-01,-3.171675931000000198e-02,-3.290723387999999749e-02
5.238595999999999808e-01,8.720435143000000444e-01,-3.050482426000000052e-02,-3.289041774999999779e-02
5.241046099999999708e-01,8.720245788999999581e-01,-2.932922634000000028e-02,-3.293461461000000284e-02
5.243506799999999579e-01,8.718502254000000118e-01,-2.800041597999999854e-02,-3.294698444000000032e-02
5.245980999999999561e-01,8.718285431000000196e-01,-2.672922016000000081e-02,-3.295195441999999864e-02
5.248466200000000415e-01,8.719235504000000248e-01,-2.547694732999999934e-02,-3.292255053999999792e-02
5.250962300000000527e-01,8.728530559999999605e-01,-2.419467162000000018e-02,-3.289392456999999659e-02
5.253469600000000295e-01,8.736524670999999964e-01,-2.312338355000000123e-02,-3.286163047000000004e-02
5.255971299999999680e-01,8.756762196999999803e-01,-2.229636905000000058e-02,-3.286529902000000225e-02
5.258464699999999548e-01,8.771588407999999504e-01,-2.157452030000000034e-02,-3.284216037999999893e-02
5.260952500000000143e-01,8.788610863000000384e-01,-2.143589341000000023e-02,-3.273295757999999944e-02
5.263434799999999747e-01,8.791270048999999531e-01,-2.133888909000000028e-02,-3.261404553999999734e-02
5.265908900000000337e-01,8.800220400999999582e-01,-2.190480956999999937e-02,-3.243119282999999686e-02
5.268377499999999936e-01,8.795115317999999682e-01,-2.270902751000000025e-02,-3.220891940000000092e-02
5.270840700000000156e-01,8.805748439999999677e-01,-2.404436297000000014e-02,-3.205605185000000301e-02
5.273295700000000252e-01,8.815572011000000208e-01,-2.502676740000000025e-02,-3.203340395999999812e-02
5.275748000000000104e-01,8.820826306000000283e-01,-2.597344643000000161e-02,-3.186926310999999706e-02
5.278197599999999712e-01,8.818132097999999974e-01,-2.688690540999999837e-02,-3.169245678000000288e-02
5.280647200000000430e-01,8.821246456000000347e-01,-2.797515646000000092e-02,-3.155041968999999780e-02
5.283096900000000540e-01,8.823541246999999643e-01,-2.865961336999999984e-02,-3.155469611000000230e-02
5.285549200000000392e-01,8.824737735000000027e-01,-2.968494828999999890e-02,-3.149131348999999885e-02
5.288004200000000488e-01,8.822606026999999518e-01,-3.051798152000000097e-02,-3.149180057999999977e-02
5.290464700000000464e-01,8.817451581999999899e-01,-3.146332797999999709e-02,-3.151189825999999722e-02
5.292930700000000321e-01,8.809477004000000333e-01,-3.230229669000000275e-02,-3.150295285000000167e-02
5.295402299999999451e-01,8.805165351999999501e-01,-3.287010508999999719e-02,-3.154710495000000170e-02
5.297879300000000180e-01,8.794089940000000549e-01,-3.312290905999999702e-02,-3.162117117999999755e-02
5.300361999999999574e-01,8.785608622999999673e-01,-3.353679327999999765e-02,-3.158452055000000175e-02
5.302853100000000097e-01,8.784220695000000134e-01,-3.344580972999999791e-02,-3.163940183999999767e-02
5.305349799999999894e-01,8.784258529999999787e-01,-3.331749786000000324e-02,-3.171125770000000205e-02
5.307855200000000107e-01,8.788806164000000365e-01,-3.308372818000000076e-02,-3.182650160000000117e-02
5.310369099999999731e-01,8.802388293999999780e-01,-3.312969751000000018e-02,-3.190359655999999711e-02
5.312888799999999634e-01,8.811011943000000013e-01,-3.320798713999999902e-02,-3.200696382999999867e-02
5.315417199999999953e-01,8.828327918999999691e-01,-3.270827491000000142e-02,-3.223994156999999972e-02
5.317954499999999474e-01,8.829781143999999582e-01,-3.230305309999999958e-02,-3.237855847999999981e-02
5.320500700000000416e-01,8.827363034999999858e-01,-3.170504612999999750e-02,-3.255355400999999926e-02
5.323055700000000057e-01,8.831762681000000503e-01,-3.079648475999999940e-02,-3.280741514999999803e-02
5.325619900000000406e-01,8.844411008000000463e-01,-2.954268901999999863e-02,-3.320386353000000235e-02
5.328196200000000493e-01,8.855490794999999471e-01,-2.811398203000000165e-02,-3.367725703999999848e-02
5.330784699999999710e-01,8.869887167000000128e-01,-2.697318501999999840e-02,-3.418264047999999833e-02
5.333382599999999529e-01,8.877010279999999476e-01,-2.608363165000000122e-02,-3.457122703999999935e-02
5.335992999999999986e-01,8.882525470000000034e-01,-2.598755880999999851e-02,-3.474533550000000193e-02
5.338612799999999936e-01,8.885851421999999555e-01,-2.607428113000000158e-02,-3.491529763000000147e-02
5.341242299999999776e-01,8.892275414000000433e-01,-2.602387383999999956e-02,-3.518052127000000084e-02
5.343881299999999612e-01,8.892396681999999997e-01,-2.574701945999999936e-02,-3.549309695999999792e-02
5.346526900000000415e-01,8.896450605000000289e-01,-2.615877910999999875e-02,-3.572368838000000019e-02
5.349178900000000070e-01,8.898571698999999668e-01,-2.681400160999999893e-02,-3.584738811999999691e-02
5.351834300000000155e-01,8.906936465000000469e-01,-2.763885296000000158e-02,-3.595555199000000091e-02
5.354496199999999595e-01,8.908433692999999653e-01,-2.878272998000000124e-02,-3.594704097999999737e-02
5.357161400000000073e-01,8.902282676999999644e-01,-2.986164887000000018e-02,-3.591250955999999994e-02
5.359826600000000552e-01,8.898108413999999966e-01,-3.082922902000000132e-02,-3.587307491999999765e-02
5.362495200000000350e-01,8.889391600999999588e-01,-3.199391151000000044e-02,-3.573046778999999784e-02
5.365163699999999647e-01,8.877481916999999667e-01,-3.308795325000000315e-02,-3.556345041000000262e-02
5.367832299999999446e-01,8.864651325000000304e-01,-3.426824602999999775e-02,-3.540478528000000347e-02
5.370497499999999924e-01,8.851625917000000010e-01,-3.524708436000000000e-02,-3.521530296000000004e-02
5.373156000000000043e-01,8.836963714000000136e-01,-3.598869580999999873e-02,-3.502381186999999757e-02
5.375807900000000306e-01,8.820647463999999882e-01,-3.617538076000000047e-02,-3.485707309000000281e-02
5.378453300000000104e-01,8.805452303999999897e-01,-3.614736271999999945e-02,-3.467749917000000071e-02
5.381088699999999614e-01,8.792496523999999702e-01,-3.637005844999999932e-02,-3.450927402000000116e-02
5.383717599999999770e-01,8.777546652000000060e-01,-3.675227299000000114e-02,-3.436172844999999670e-02
5.386336800000000036e-01,8.763180221999999908e-01,-3.735928978999999983e-02,-3.426557479999999684e-02
5.388946300000000411e-01,8.751527746999999691e-01,-3.720756382999999834e-02,-3.420889196000000132e-02
5.391546099999999786e-01,8.743009001999999530e-01,-3.696120946999999907e-02,-3.412630942000000056e-02
5.394139500000000309e-01,8.728166362999999484e-01,-3.709215424000000122e-02,-3.406604392999999786e-02
5.396723399999999726e-01,8.711067369999999643e-01,-3.725583315000000062e-02,-3.397378283000000027e-02
5.399300900000000292e-01,8.692530515999999929e-01,-3.722637664000000290e-02,-3.390291607999999790e-02
5.401872199999999680e-01,8.678628292000000188e-01,-3.703913545999999724e-02,-3.387517559000000067e-02
5.404437100000000216e-01,8.671679944000000306e-01,-3.701988794999999666e-02,-3.387141074999999724e-02
5.406995799999999575e-01,8.661189152999999585e-01,-3.690548949999999939e-02,-3.382622058999999737e-02
5.409545100000000550e-01,8.647516967999999693e-01,-3.673741324000000252e-02,-3.380129382000000154e-02
5.412088299999999741e-01,8.638768838000000505e-01,-3.667574225999999799e-02,-3.374791418999999876e-02
5.414625199999999472e-01,8.629624697000000122e-01,-3.662026580999999670e-02,-3.369420801999999798e-02
5.417153000000000107e-01,8.624019199000000357e-01,-3.642357439999999863e-02,-3.365006428999999660e-02
5.419674599999999565e-01,8.621330710000000286e-01,-3.623794905000000260e-02,-3.363572093000000152e-02
5.422190099999999457e-01,8.622933726000000521e-01,-3.579087328999999706e-02,-3.364654798999999752e-02
5.424699499999999786e-01,8.630782057000000451e-01,-3.524151921000000243e-02,-3.371601955999999761e-02
5.427202899999999941e-01,8.639349042999999728e-01,-3.488428458000000093e-02,-3.379425446999999999e-02
5.429700200000000532e-01,8.654506765999999685e-01,-3.464289075000000218e-02,-3.385756907999999676e-02
5.432194599999999873e-01,8.671859305000000351e-01,-3.446323605999999928e-02,-3.391735432000000244e-02
5.434682899999999650e-01,8.693366183999999830e-01,-3.434999712000000316e-02,-3.399047892999999820e-02
5.437168199999999896e-01,8.715787025000000243e-01,-3.414045658999999983e-02,-3.404679358999999905e-02
5.439647600000000471e-01,8.733837370000000488e-01,-3.412980588000000259e-02,-3.408935142999999779e-02
5.442124000000000406e-01,8.750256623000000067e-01,-3.405966842000000133e-02,-3.414676151999999909e-02
5.444597399999999698e-01,8.769857087000000329e-01,-3.373806750999999715e-02,-3.421417594000000090e-02
5.447064900000000431e-01,8.788476498999999720e-01,-3.369724613999999785e-02,-3.425947152000000107e-02
5.449529400000000523e-01,8.804423380000000465e-01,-3.380629827000000004e-02,-3.428677083000000042e-02
5.451990899999999973e-01,8.817718891000000392e-01,-3.385855378000000165e-02,-3.433775229000000234e-02
5.454449500000000395e-01,8.828718039999999823e-01,-3.367286975000000071e-02,-3.440550188000000148e-02
5.456905199999999567e-01,8.835338694000000048e-01,-3.352270437000000325e-02,-3.440431250999999996e-02
5.459360800000000458e-01,8.835581354999999526e-01,-3.310357710000000342e-02,-3.438069009999999981e-02
5.461813500000000099e-01,8.836004006000000022e-01,-3.286205891999999934e-02,-3.440855428000000327e-02
5.464266199999999740e-01,8.837125848000000339e-01,-3.256497282000000298e-02,-3.445496079000000267e-02
5.466718900000000492e-01,8.837734063000000084e-01,-3.206663266999999762e-02,-3.452404089000000315e-02
5.469174500000000272e-01,8.835028244000000530e-01,-3.150411736000000018e-02,-3.460719814000000338e-02
5.471636100000000225e-01,8.830641895999999935e-01,-3.089707916000000026e-02,-3.465159411000000300e-02
5.474103700000000350e-01,8.822757088999999553e-01,-2.988159448999999981e-02,-3.466411266999999685e-02
5.476580399999999571e-01,8.813552977999999927e-01,-2.875558623000000133e-02,-3.467680959000000313e-02
5.479066200000000109e-01,8.805797651000000226e-01,-2.776949034999999857e-02,-3.472941515999999895e-02
5.481561099999999742e-01,8.795182581999999583e-01,-2.678294441999999956e-02,-3.469606548999999707e-02
5.484068500000000013e-01,8.778836099000000281e-01,-2.579366324000000044e-02,-3.458610815999999671e-02
5.486585299999999776e-01,8.768659506999999520e-01,-2.482946055999999888e-02,-3.448358378000000030e-02
5.489114699999999569e-01,8.755412960999999772e-01,-2.391633535000000157e-02,-3.428780661999999979e-02
5.491656900000000396e-01,8.741204321000000110e-01,-2.328518275000000110e-02,-3.405233835000000264e-02
5.494212000000000540e-01,8.725931457000000169e-01,-2.282699753000000040e-02,-3.381847996000000162e-02
5.496780300000000397e-01,8.710687876999999579e-01,-2.284949598999999956e-02,-3.356380379999999997e-02
5.499361699999999464e-01,8.693761617999999913e-01,-2.296406650000000146e-02,-3.325504687999999986e-02
5.501960000000000184e-01,8.672109991999999989e-01,-2.301512414999999992e-02,-3.287612998000000175e-02
5.504571799999999904e-01,8.652775306000000111e-01,-2.279425013999999972e-02,-3.256593984000000219e-02
5.507197400000000131e-01,8.637031750000000452e-01,-2.274814442999999881e-02,-3.236301219999999923e-02
5.509836799999999757e-01,8.622695451999999872e-01,-2.275243592000000120e-02,-3.216932128999999696e-02
5.512490399999999680e-01,8.608295164999999471e-01,-2.304467600000000005e-02,-3.197678659000000034e-02
5.515154599999999574e-01,8.598382802999999797e-01,-2.394215994999999986e-02,-3.176169129999999868e-02
5.517833199999999660e-01,8.594010400999999577e-01,-2.493030447999999843e-02,-3.163178105000000184e-02
5.520504600000000206e-01,8.591096006999999757e-01,-2.569452373999999914e-02,-3.150904976999999857e-02
5.523158099999999626e-01,8.586798208000000487e-01,-2.689225946999999894e-02,-3.139151701000000155e-02
5.525793900000000036e-01,8.580716861999999612e-01,-2.810108861999999902e-02,-3.130067584000000014e-02
5.528408700000000398e-01,8.579025418000000291e-01,-2.921547597000000163e-02,-3.127775731000000115e-02
5.531006299999999820e-01,8.579074817999999825e-01,-3.023273834999999979e-02,-3.123343073000000095e-02
5.533583499999999988e-01,8.579234945999999473e-01,-3.104885367000000118e-02,-3.120701891999999936e-02
5.536143999999999510e-01,8.584881237000000498e-01,-3.148637291999999838e-02,-3.127406891000000105e-02
5.538687799999999495e-01,8.596115308999999760e-01,-3.179821481000000283e-02,-3.142294033999999681e-02
5.541215299999999733e-01,8.608194222999999701e-01,-3.225601205999999860e-02,-3.155702819999999659e-02
5.543726599999999616e-01,8.623465661000000448e-01,-3.248708764000000221e-02,-3.175922558000000145e-02
5.546225000000000183e-01,8.631123129000000116e-01,-3.243985843000000285e-02,-3.193293551000000313e-02
5.548710700000000218e-01,8.648927539999999858e-01,-3.254025054000000278e-02,-3.219417566999999841e-02
5.551190099999999683e-01,8.660070489000000205e-01,-3.227862714000000188e-02,-3.242658558000000024e-02
5.553666400000000225e-01,8.661955967000000145e-01,-3.182064634000000142e-02,-3.260979166999999901e-02
5.556139500000000231e-01,8.668681723000000172e-01,-3.136599097000000030e-02,-3.283719837000000086e-02
5.558612600000000237e-01,8.678780608999999702e-01,-3.090824136999999888e-02,-3.306099604999999941e-02
5.561085700000000243e-01,8.687327572999999914e-01,-3.048387110000000053e-02,-3.331017531000000226e-02
5.563558800000000248e-01,8.698831937000000014e-01,-2.996641615999999855e-02,-3.357335948000000209e-02
5.566038199999999714e-01,8.703205856000000296e-01,-2.936729529000000130e-02,-3.384804287999999828e-02
5.568524000000000251e-01,8.709564034000000232e-01,-2.881318605000000171e-02,-3.409518980000000171e-02
5.571019499999999569e-01,8.717538736000000066e-01,-2.837515670000000101e-02,-3.432160216999999985e-02
5.573524600000000495e-01,8.726603987000000062e-01,-2.797368673999999986e-02,-3.457829382000000146e-02
5.576042900000000024e-01,8.737575007000000227e-01,-2.769971379000000025e-02,-3.482311603999999755e-02
5.578571100000000449e-01,8.744020958999999538e-01,-2.725491027999999913e-02,-3.503218522999999862e-02
5.581109300000000051e-01,8.752553519000000337e-01,-2.697098586000000117e-02,-3.521213120000000335e-02
5.583654300000000514e-01,8.764129477000000001e-01,-2.674245328999999907e-02,-3.536436091999999726e-02
5.586206000000000227e-01,8.775674236999999600e-01,-2.616576030000000025e-02,-3.546757175999999678e-02
5.588764499999999691e-01,8.782884832999999780e-01,-2.564108227000000059e-02,-3.550389411999999717e-02
5.591329999999999911e-01,8.791218427000000446e-01,-2.516796161999999837e-02,-3.549143385999999761e-02
5.593898800000000060e-01,8.800499419999999740e-01,-2.501542045999999991e-02,-3.541809290999999721e-02
5.596474599999999855e-01,8.814144989000000097e-01,-2.498077945000000064e-02,-3.537907735999999692e-02
5.599053899999999473e-01,8.827442030000000051e-01,-2.539268227000000128e-02,-3.526694894000000080e-02
5.601640300000000350e-01,8.831291575999999921e-01,-2.562027500000000138e-02,-3.505651056999999765e-02
5.604230100000000547e-01,8.838781650999999462e-01,-2.605807104999999929e-02,-3.484593050999999775e-02
5.606827100000000286e-01,8.836411028999999751e-01,-2.650218078999999963e-02,-3.458662551000000335e-02
5.609427599999999847e-01,8.830036921999999677e-01,-2.710671209999999942e-02,-3.430062594000000270e-02
5.612031699999999734e-01,8.822644938000000492e-01,-2.762969663999999964e-02,-3.402308915999999878e-02
5.614639399999999947e-01,8.813470613999999648e-01,-2.824180047000000165e-02,-3.379862581999999727e-02
5.617250700000000485e-01,8.799357237999999581e-01,-2.860847539999999967e-02,-3.359560258000000160e-02
5.619865600000000239e-01,8.783501280000000078e-01,-2.908897628000000138e-02,-3.339309168000000050e-02
5.622484199999999710e-01,8.767971192000000302e-01,-2.924016025999999838e-02,-3.320054054999999754e-02
5.625106399999999507e-01,8.749381768999999753e-01,-2.921455284999999874e-02,-3.308281139000000121e-02
5.627735999999999850e-01,8.733634630000000065e-01,-2.931979272999999872e-02,-3.300788972999999654e-02
5.630369299999999910e-01,8.714458295000000465e-01,-2.939373325000000162e-02,-3.291344842999999881e-02
5.633010000000000517e-01,8.686501894000000501e-01,-2.966539816999999926e-02,-3.267025610000000302e-02
5.635654399999999731e-01,8.657835811999999853e-01,-2.990764970000000036e-02,-3.250614979000000099e-02
5.638298899999999447e-01,8.624286542000000333e-01,-3.028474571999999893e-02,-3.230782653000000004e-02
5.640932100000000116e-01,8.595338545999999802e-01,-3.030857996999999915e-02,-3.227079434999999968e-02
5.643557900000000238e-01,8.560246911000000125e-01,-3.060471693000000118e-02,-3.214455740000000256e-02
5.646176299999999815e-01,8.528662700000000374e-01,-3.087132722999999870e-02,-3.208838521000000055e-02
5.648783699999999630e-01,8.494037057000000113e-01,-3.147460292999999798e-02,-3.195020059999999912e-02
5.651383700000000010e-01,8.469435913999999732e-01,-3.214681987000000268e-02,-3.191820589000000236e-02
5.653972800000000021e-01,8.454559601000000146e-01,-3.245661138000000001e-02,-3.191210436999999955e-02
5.656551100000000165e-01,8.440671709000000522e-01,-3.244367680000000143e-02,-3.197139988000000099e-02
5.659122100000000266e-01,8.422077916000000330e-01,-3.250328435000000155e-02,-3.197869349000000139e-02
5.661682500000000395e-01,8.409932469999999993e-01,-3.254406588000000045e-02,-3.201640873000000109e-02
5.664232099999999548e-01,8.405062167000000306e-01,-3.247132844000000240e-02,-3.207707419999999976e-02
5.666774700000000164e-01,8.401981853000000111e-01,-3.215896847000000031e-02,-3.218783137000000294e-02
5.669310300000000025e-01,8.398475019000000152e-01,-3.185844498999999830e-02,-3.228572219999999854e-02
5.671838900000000239e-01,8.401373291000000521e-01,-3.152893965999999798e-02,-3.237391718999999696e-02
5.674360499999999696e-01,8.408191246999999757e-01,-3.100481033000000025e-02,-3.247225251000000062e-02
5.676871700000000187e-01,8.416633661000000322e-01,-3.030683560999999915e-02,-3.256770580999999998e-02
5.679376000000000424e-01,8.427606072000000115e-01,-2.966294044000000046e-02,-3.268453276000000268e-02
5.681873400000000407e-01,8.439673680999999483e-01,-2.910174025000000081e-02,-3.278148399999999962e-02
5.684363999999999528e-01,8.453141430999999706e-01,-2.894815225000000117e-02,-3.287238223999999764e-02
5.686847800000000008e-01,8.473963852000000463e-01,-2.880327931999999980e-02,-3.299476913999999789e-02
5.689324799999999627e-01,8.497290964000000502e-01,-2.852058493999999958e-02,-3.312997304999999726e-02
5.691798399999999925e-01,8.523875373000000533e-01,-2.826241134999999891e-02,-3.326683344999999820e-02
5.694265200000000471e-01,8.553432967999999859e-01,-2.784359373999999859e-02,-3.340744679999999717e-02
5.696725299999999548e-01,8.580651423999999805e-01,-2.774040846000000102e-02,-3.350441508000000235e-02
5.699182099999999807e-01,8.604048004000000027e-01,-2.767339136000000061e-02,-3.355878777000000091e-02
5.701632199999999706e-01,8.632995853999999580e-01,-2.760774403999999987e-02,-3.367305906000000321e-02
5.704078999999999677e-01,8.659305370000000002e-01,-2.786227507999999853e-02,-3.372940071999999678e-02
5.706519100000000400e-01,8.689089491000000498e-01,-2.813283742000000087e-02,-3.376626985000000247e-02
5.708955900000000083e-01,8.720322108000000405e-01,-2.850125952999999976e-02,-3.383695981999999824e-02
5.711386099999999910e-01,8.753380055999999687e-01,-2.847416799000000026e-02,-3.388898751000000292e-02
5.713812900000000417e-01,8.775204314000000227e-01,-2.874830144999999948e-02,-3.371881129999999838e-02
5.716233200000000458e-01,8.795818465000000419e-01,-2.908936322000000088e-02,-3.345864677999999676e-02
5.718650299999999964e-01,8.813840472999999731e-01,-2.950093763999999882e-02,-3.316346938999999855e-02
5.721064000000000149e-01,8.827719683000000428e-01,-2.989520463999999905e-02,-3.290524528000000198e-02
5.723471300000000372e-01,8.840454693999999503e-01,-3.037007216000000079e-02,-3.263738349999999871e-02
5.725875200000000165e-01,8.845561360000000484e-01,-3.069175169999999869e-02,-3.232069824000000091e-02
5.728275900000000531e-01,8.844725539000000136e-01,-3.091549845999999949e-02,-3.196706885000000220e-02
5.730676599999999787e-01,8.842022590000000459e-01,-3.083942958000000095e-02,-3.169484721000000171e-02
5.733077300000000154e-01,8.842718113999999963e-01,-3.061917768000000165e-02,-3.149330834999999884e-02
5.735478099999999912e-01,8.844237658000000391e-01,-3.018689587999999827e-02,-3.142076509999999767e-02
5.737885299999999633e-01,8.843877396999999529e-01,-2.973994258000000127e-02,-3.136677455999999781e-02
5.740299199999999713e-01,8.830152545999999658e-01,-2.928704823999999859e-02,-3.125296822000000335e-02
5.742719699999999650e-01,8.819396621999999741e-01,-2.870542225999999850e-02,-3.117724255000000125e-02
5.745146800000000553e-01,8.807952631000000032e-01,-2.811400890999999833e-02,-3.111799260000000164e-02
5.747580799999999490e-01,8.797670941999999883e-01,-2.787561129999999859e-02,-3.109560249999999970e-02
5.750021499999999897e-01,8.790078032999999458e-01,-2.744852128999999974e-02,-3.115992249999999936e-02
5.752472400000000485e-01,8.785912895999999916e-01,-2.732823181999999990e-02,-3.119633122999999897e-02
5.754933700000000041e-01,8.775142853999999826e-01,-2.713385000999999838e-02,-3.123023771000000073e-02
5.757405500000000176e-01,8.775154026999999468e-01,-2.691432516999999955e-02,-3.129837508999999685e-02
5.759891400000000106e-01,8.755687551999999929e-01,-2.667237492999999932e-02,-3.131089307999999904e-02
5.762387900000000007e-01,8.751231697000000365e-01,-2.687225994000000048e-02,-3.129019453000000256e-02
5.764880900000000086e-01,8.744162154000000298e-01,-2.687328669999999864e-02,-3.129975554000000160e-02
5.767363199999999690e-01,8.747216348999999891e-01,-2.694693034000000126e-02,-3.125902710000000306e-02
5.769834900000000433e-01,8.743379743000000426e-01,-2.722742996000000054e-02,-3.117506907999999938e-02
5.772296000000000094e-01,8.741299205000000461e-01,-2.777235511000000073e-02,-3.105645444999999977e-02
5.774750100000000108e-01,8.734276414999999627e-01,-2.872713823000000097e-02,-3.090267593999999896e-02
5.777193800000000046e-01,8.732652848999999939e-01,-3.019237387000000064e-02,-3.061774608000000092e-02
5.779627099999999906e-01,8.722901263000000238e-01,-3.172886239000000108e-02,-3.030369617999999904e-02
5.782053600000000015e-01,8.717191387999999597e-01,-3.356544757999999767e-02,-2.992415085999999835e-02
5.784469899999999942e-01,8.718139488999999687e-01,-3.537792218000000016e-02,-2.963870694999999958e-02
5.786875900000000295e-01,8.723329923999999513e-01,-3.774222666000000281e-02,-2.923445213999999875e-02
5.789271900000000359e-01,8.725121734999999878e-01,-4.006282348000000243e-02,-2.887645688000000169e-02
5.791661200000000065e-01,8.725149534999999679e-01,-4.223097264999999684e-02,-2.845326507000000074e-02
5.794040499999999483e-01,8.721904648999999621e-01,-4.462163698999999789e-02,-2.803449805999999947e-02
5.796413200000000154e-01,8.719688048000000524e-01,-4.689794824000000084e-02,-2.760653843000000079e-02
5.798779299999999859e-01,8.715265598000000447e-01,-4.915711727000000170e-02,-2.723996802999999883e-02
5.801138799999999707e-01,8.717780698000000550e-01,-5.090778539000000158e-02,-2.692517321000000019e-02
5.803491800000000200e-01,8.712570488999999974e-01,-5.274340525000000002e-02,-2.664470534000000154e-02
5.805841499999999655e-01,8.720132712999999480e-01,-5.410672144999999905e-02,-2.647403381999999944e-02
5.808187999999999684e-01,8.722658998000000219e-01,-5.513087685999999710e-02,-2.629167228000000092e-02
5.810537700000000250e-01,8.728071318000000245e-01,-5.580647209999999719e-02,-2.616193309999999966e-02
5.812887500000000207e-01,8.728832402999999740e-01,-5.608928260999999915e-02,-2.599470039000000010e-02
5.815243799999999519e-01,8.728165339000000245e-01,-5.605119020000000341e-02,-2.583057595000000026e-02
5.817603399999999869e-01,8.734151419000000249e-01,-5.565588165000000254e-02,-2.571024737999999879e-02
5.819969600000000076e-01,8.740799965000000116e-01,-5.521684898999999758e-02,-2.566045340000000161e-02
5.822339199999999604e-01,8.745948631000000084e-01,-5.439125738000000210e-02,-2.562713955000000057e-02
5.824715499999999491e-01,8.756623328999999512e-01,-5.277876729000000045e-02,-2.575316227999999846e-02
5.827101900000000168e-01,8.772318478999999725e-01,-5.049213143999999737e-02,-2.606708781000000030e-02
5.829495199999999988e-01,8.782396476999999591e-01,-4.796557476999999819e-02,-2.639167347999999899e-02
5.831898800000000493e-01,8.793535220000000541e-01,-4.581367927999999839e-02,-2.663612049000000162e-02
5.834312900000000468e-01,8.794480341999999506e-01,-4.412623637000000210e-02,-2.677615531000000076e-02
5.836737400000000520e-01,8.801013922999999517e-01,-4.246674059000000306e-02,-2.702095360000000140e-02
5.839172700000000438e-01,8.808898517000000039e-01,-4.097993244999999923e-02,-2.727734793000000102e-02
5.841615100000000504e-01,8.814691923999999901e-01,-3.953392726999999801e-02,-2.747907839999999893e-02
5.844064700000000112e-01,8.818627408000000445e-01,-3.827264333000000157e-02,-2.765105870000000160e-02
5.846521599999999763e-01,8.819125231000000120e-01,-3.680407371000000288e-02,-2.792968888000000108e-02
5.848982099999999740e-01,8.843513937000000436e-01,-3.544275484000000004e-02,-2.844264103000000016e-02
5.851450000000000262e-01,8.884318557999999477e-01,-3.395668278999999790e-02,-2.914363111999999922e-02
5.853925300000000220e-01,8.913256527999999790e-01,-3.260842731000000022e-02,-2.977566062999999902e-02
5.856407999999999614e-01,8.932567317999999812e-01,-3.152144114000000191e-02,-3.031201961999999833e-02
5.858894599999999730e-01,8.951147697000000347e-01,-3.065325165000000116e-02,-3.079657225999999845e-02
5.861388600000000393e-01,8.971000402000000040e-01,-3.001715741999999923e-02,-3.134477798000000204e-02
5.863886499999999558e-01,8.992603388000000031e-01,-2.875512813999999903e-02,-3.198754226000000145e-02
5.866392099999999665e-01,9.008891342000000524e-01,-2.796440956000000033e-02,-3.248600321999999679e-02
5.868901399999999491e-01,9.021029633999999575e-01,-2.757204330000000148e-02,-3.295215599000000245e-02
5.871414700000000542e-01,9.031463319000000434e-01,-2.733748885000000101e-02,-3.345514163999999818e-02
5.873931799999999592e-01,9.029075116000000456e-01,-2.747226885999999937e-02,-3.379278318000000086e-02
5.876452899999999868e-01,9.037474188999999880e-01,-2.733737359999999922e-02,-3.429877691000000201e-02
5.878977800000000364e-01,9.040759761000000116e-01,-2.780903301000000119e-02,-3.465908186999999696e-02
5.881510699999999980e-01,9.031833204000000448e-01,-2.860611936999999869e-02,-3.485409142999999765e-02
5.884047500000000319e-01,9.034410080000000454e-01,-2.953619384999999972e-02,-3.506894952999999732e-02
5.886588299999999663e-01,9.024666036999999807e-01,-3.024497241000000114e-02,-3.523617661999999678e-02
5.889137100000000347e-01,9.005973864999999856e-01,-3.124061629999999937e-02,-3.527895253999999842e-02
5.891694100000000045e-01,8.982047815000000490e-01,-3.205411049000000262e-02,-3.526600040999999797e-02
5.894255000000000466e-01,8.958652260999999672e-01,-3.271350105000000313e-02,-3.522397667999999787e-02
5.896824200000000404e-01,8.936582254999999586e-01,-3.327269047999999868e-02,-3.516208385999999853e-02
5.899401699999999860e-01,8.918222698000000115e-01,-3.395007809000000210e-02,-3.515277488000000117e-02
5.901991699999999952e-01,8.883721132999999881e-01,-3.448368199000000078e-02,-3.505750330000000081e-02
5.904589999999999561e-01,8.847454683000000042e-01,-3.477770281999999907e-02,-3.491642093999999807e-02
5.907188399999999673e-01,8.820448427999999508e-01,-3.486236505999999735e-02,-3.489777438000000315e-02
5.909782599999999775e-01,8.793028778000000489e-01,-3.504589321999999896e-02,-3.479442926000000241e-02
5.912372500000000475e-01,8.767006608999999839e-01,-3.519788880000000036e-02,-3.469406434999999789e-02
5.914954000000000045e-01,8.738884404000000217e-01,-3.511066963000000068e-02,-3.463130484000000175e-02
5.917531299999999606e-01,8.710625668999999460e-01,-3.502922055999999756e-02,-3.455584530999999959e-02
5.920104499999999659e-01,8.682095391999999912e-01,-3.482086994999999963e-02,-3.452914512000000019e-02
5.922677600000000320e-01,8.657629150000000218e-01,-3.428975227000000126e-02,-3.451278032999999940e-02
5.925246499999999861e-01,8.641622866999999486e-01,-3.372439457999999723e-02,-3.449747192000000157e-02
5.927811299999999894e-01,8.626840366000000371e-01,-3.290503418000000069e-02,-3.452655193999999705e-02
5.930376000000000536e-01,8.612981897000000497e-01,-3.202804803999999977e-02,-3.458484230000000159e-02
5.932936599999999450e-01,8.603293074000000207e-01,-3.093771416000000093e-02,-3.464869555999999795e-02
5.935492900000000072e-01,8.591952030999999712e-01,-3.000097498000000099e-02,-3.470172473000000118e-02
5.938049300000000086e-01,8.583175316000000166e-01,-2.902380499999999974e-02,-3.473404006999999960e-02
5.940601500000000090e-01,8.576051436999999611e-01,-2.803135912999999910e-02,-3.479492980999999985e-02
5.943153700000000095e-01,8.570997731999999703e-01,-2.698645965999999993e-02,-3.483093932999999781e-02
5.945701799999999482e-01,8.575919209000000265e-01,-2.579235724000000091e-02,-3.491262200999999815e-02
5.948245599999999467e-01,8.583689538000000008e-01,-2.498823890000000103e-02,-3.498667754999999768e-02
5.950785299999999944e-01,8.598443609999999460e-01,-2.403768876999999929e-02,-3.511336310000000294e-02
5.953320899999999805e-01,8.615561886999999475e-01,-2.333845370999999835e-02,-3.523569690000000199e-02
5.955856400000000272e-01,8.628014558000000056e-01,-2.266118807999999846e-02,-3.537526074999999826e-02
5.958387800000000123e-01,8.641192667999999522e-01,-2.225047056999999995e-02,-3.551569367000000088e-02
5.960914999999999964e-01,8.650043296999999631e-01,-2.171551877000000089e-02,-3.565030156000000006e-02
5.963442300000000307e-01,8.654382471999999549e-01,-2.133508124000000131e-02,-3.574235063000000268e-02
5.965965300000000138e-01,8.657194607999999514e-01,-2.112671673999999902e-02,-3.578534192999999891e-02
5.968484299999999854e-01,8.662766888999999804e-01,-2.093275488000000129e-02,-3.581221596999999840e-02
5.971003200000000177e-01,8.664356967999999881e-01,-2.052682066000000027e-02,-3.582446427000000183e-02
5.973517999999999883e-01,8.666414977999999936e-01,-2.019691252999999964e-02,-3.582566025000000209e-02
5.976032799999999590e-01,8.666768674999999478e-01,-2.027201722000000067e-02,-3.583852218999999950e-02
5.978543499999999788e-01,8.660637413999999756e-01,-2.020409651999999917e-02,-3.582269205000000040e-02
5.981054099999999485e-01,8.650039399000000184e-01,-1.993188113999999969e-02,-3.585834591999999960e-02
5.983564799999999684e-01,8.634853227000000020e-01,-1.956870759000000140e-02,-3.585999311000000189e-02
5.986071299999999873e-01,8.613873815999999461e-01,-1.893890185999999934e-02,-3.583999531999999821e-02
5.988577800000000062e-01,8.599019128999999539e-01,-1.819725897999999870e-02,-3.584304597000000092e-02
5.991084300000000251e-01,8.588361260000000330e-01,-1.744450989999999854e-02,-3.587600080000000191e-02
5.993586600000000431e-01,8.585224298000000420e-01,-1.653910726999999886e-02,-3.592786003000000145e-02
5.996089000000000002e-01,8.584840446000000513e-01,-1.562943458000000049e-02,-3.598451966999999946e-02
5.998591300000000182e-01,8.585724862000000401e-01,-1.426602918999999962e-02,-3.601657987000000255e-02
6.001089499999999743e-01,8.583696454999999448e-01,-1.284400444000000086e-02,-3.598455923999999834e-02
6.003587700000000416e-01,8.582818192000000179e-01,-1.146046606000000051e-02,-3.588990565999999882e-02
6.006085899999999977e-01,8.582576588000000450e-01,-9.928195328999999889e-03,-3.580202970000000151e-02
6.008588299999999549e-01,8.584643163999999826e-01,-8.108981900999999784e-03,-3.576215083999999961e-02
6.011090599999999728e-01,8.580407543000000414e-01,-6.315725603999999653e-03,-3.563816689999999704e-02
6.013597200000000420e-01,8.574801144000000486e-01,-4.982258356999999700e-03,-3.545852390999999770e-02
6.016112300000000523e-01,8.567959644000000541e-01,-4.027702957000000271e-03,-3.522585661000000173e-02
6.018631599999999526e-01,8.561389879999999897e-01,-3.263573637000000138e-03,-3.493302826999999944e-02
6.021159499999999554e-01,8.555567353999999902e-01,-2.675810590000000065e-03,-3.463235978999999742e-02
6.023700499999999902e-01,8.547291183999999875e-01,-2.261652580000000131e-03,-3.429503575000000110e-02
6.026254599999999462e-01,8.543788843999999827e-01,-2.327023454000000033e-03,-3.395319054999999808e-02
6.028808799999999524e-01,8.545490645000000107e-01,-2.456742836000000169e-03,-3.368256313000000252e-02
6.031349700000000480e-01,8.549558659999999533e-01,-2.974257427000000144e-03,-3.345377774000000276e-02
6.033881899999999909e-01,8.552601724999999711e-01,-3.665831605999999784e-03,-3.331660225000000058e-02
6.036405299999999530e-01,8.552665088999999998e-01,-4.213322813999999597e-03,-3.327047676000000065e-02
6.038915799999999834e-01,8.557539765999999659e-01,-4.786134614999999759e-03,-3.325559461000000133e-02
6.041417599999999721e-01,8.554790056000000087e-01,-5.365349688000000013e-03,-3.322792914000000097e-02
6.043906700000000187e-01,8.564130376999999905e-01,-6.217491240000000245e-03,-3.326708919000000153e-02
6.046387199999999629e-01,8.568019502999999482e-01,-7.282242355000000285e-03,-3.337202027999999765e-02
6.048855199999999543e-01,8.574212373999999803e-01,-8.184854743000000155e-03,-3.354986478000000077e-02
6.051314700000000046e-01,8.586228552000000347e-01,-8.842945681000000807e-03,-3.382328457000000066e-02
6.053761800000000415e-01,8.603700128000000280e-01,-9.708366886000000320e-03,-3.412882461999999784e-02
6.056200699999999548e-01,8.616941714000000418e-01,-1.052860801999999998e-02,-3.441745840999999723e-02
6.058631300000000275e-01,8.634204841999999491e-01,-1.142574602000000043e-02,-3.468606996000000303e-02
6.061057899999999776e-01,8.652891990000000089e-01,-1.241410714999999915e-02,-3.494755020999999739e-02
6.063480300000000378e-01,8.669812973999999617e-01,-1.322467037000000026e-02,-3.521507168000000132e-02
6.065898699999999755e-01,8.680388294999999976e-01,-1.405599727000000042e-02,-3.539295186000000065e-02
6.068317100000000242e-01,8.693138657000000213e-01,-1.506283783999999917e-02,-3.552289071999999853e-02
6.070735499999999618e-01,8.710006495000000015e-01,-1.629005144999999891e-02,-3.568121952000000152e-02
6.073157999999999612e-01,8.725502054999999535e-01,-1.720116931000000016e-02,-3.584833899999999990e-02
6.075584600000000224e-01,8.739721984999999638e-01,-1.776071166999999840e-02,-3.610763236000000265e-02
6.078015300000000343e-01,8.749253971999999546e-01,-1.805976656999999999e-02,-3.632262834000000301e-02
6.080454400000000481e-01,8.755897143999999965e-01,-1.822580497999999952e-02,-3.648850893000000345e-02
6.082897699999999519e-01,8.760549989000000481e-01,-1.855543343000000053e-02,-3.662632181000000098e-02
6.085349399999999687e-01,8.764287910000000403e-01,-1.892173343000000049e-02,-3.676203273999999882e-02
6.087809699999999768e-01,8.771879931999999602e-01,-1.936670160000000113e-02,-3.691957506000000111e-02
6.090278500000000372e-01,8.780856092000000057e-01,-1.944809475999999954e-02,-3.715657409999999911e-02
6.092756099999999675e-01,8.783833132999999682e-01,-1.962828537000000165e-02,-3.727473030000000298e-02
6.095246800000000409e-01,8.794205676999999888e-01,-1.974399195000000121e-02,-3.744035653000000324e-02
6.097746299999999842e-01,8.804100178000000554e-01,-2.017666601000000018e-02,-3.754876470000000077e-02
6.100259300000000495e-01,8.810417563000000341e-01,-2.052455429000000012e-02,-3.764020105000000227e-02
6.102781400000000245e-01,8.820785169000000536e-01,-2.081717250000000158e-02,-3.773053197000000164e-02
6.105312600000000200e-01,8.825427589000000017e-01,-2.084449023999999928e-02,-3.776515775000000019e-02
6.107852999999999755e-01,8.832732317000000499e-01,-2.069009905000000066e-02,-3.783823093000000110e-02
6.110402700000000520e-01,8.835634225999999813e-01,-2.012114689000000026e-02,-3.792602577999999725e-02
6.112961799999999668e-01,8.837821269000000202e-01,-1.956984029000000125e-02,-3.801949548999999928e-02
6.115530399999999922e-01,8.835533601999999709e-01,-1.928617216000000009e-02,-3.796642421000000212e-02
6.118108599999999564e-01,8.840664153999999719e-01,-1.914377726999999876e-02,-3.791564303000000136e-02
6.120691600000000010e-01,8.840181478999999953e-01,-1.891981947000000164e-02,-3.782734458999999910e-02
6.123284199999999844e-01,8.834658575999999597e-01,-1.895112177999999994e-02,-3.767147189000000229e-02
6.125886699999999463e-01,8.833935839000000012e-01,-1.905018070999999966e-02,-3.748680422999999678e-02
6.128499099999999977e-01,8.832362030999999503e-01,-1.947077759999999921e-02,-3.725788884999999689e-02
6.131121499999999669e-01,8.832711120999999777e-01,-2.000308748000000081e-02,-3.705372408999999673e-02
6.133753899999999648e-01,8.833935509000000463e-01,-2.088573847000000164e-02,-3.681539183000000215e-02
6.136396600000000312e-01,8.834146089000000091e-01,-2.188078100999999928e-02,-3.658121165000000063e-02
6.139049500000000048e-01,8.831281604999999812e-01,-2.308462558000000039e-02,-3.631928396999999781e-02
6.141707600000000378e-01,8.827147938999999610e-01,-2.440436781000000083e-02,-3.609765301000000121e-02
6.144376200000000177e-01,8.823598403000000312e-01,-2.621228727999999966e-02,-3.578186694999999778e-02
6.147049999999999459e-01,8.823838041999999549e-01,-2.824230361999999911e-02,-3.547042695000000162e-02
6.149734399999999823e-01,8.814134185999999982e-01,-3.025370197999999872e-02,-3.508651609999999949e-02
6.152418800000000187e-01,8.798104915000000137e-01,-3.203917150999999880e-02,-3.469939479999999826e-02
6.155103299999999944e-01,8.770965009000000201e-01,-3.387934008000000052e-02,-3.426714278000000252e-02
6.157787700000000308e-01,8.744634892000000548e-01,-3.568794462000000195e-02,-3.388978093000000191e-02
6.160477500000000051e-01,8.728035816000000446e-01,-3.749950112000000058e-02,-3.363119703999999793e-02
6.163167299999999793e-01,8.715236562000000520e-01,-3.933097507999999687e-02,-3.347781085999999851e-02
6.165857099999999535e-01,8.703855082000000465e-01,-4.121018358999999770e-02,-3.329407585000000031e-02
6.168541499999999900e-01,8.696021819999999458e-01,-4.251399709999999915e-02,-3.330793103000000144e-02
6.171225900000000264e-01,8.692750055000000309e-01,-4.369431378000000060e-02,-3.343293709000000336e-02
6.173910299999999518e-01,8.685259654000000440e-01,-4.498843870000000106e-02,-3.343279555999999902e-02
6.176589200000000002e-01,8.674636998000000432e-01,-4.610789216999999773e-02,-3.341698518999999812e-02
6.179262800000000500e-01,8.661831966999999910e-01,-4.668381706000000048e-02,-3.347177242999999774e-02
6.181936300000000495e-01,8.649642428999999577e-01,-4.654757160999999782e-02,-3.361350485000000332e-02
6.184604500000000504e-01,8.638785930000000279e-01,-4.645307415000000245e-02,-3.377558986999999735e-02
6.187267199999999523e-01,8.633807462000000488e-01,-4.640637467000000016e-02,-3.395134811000000141e-02
6.189924599999999666e-01,8.631079485999999523e-01,-4.652134574999999828e-02,-3.409035154000000095e-02
6.192576600000000431e-01,8.627221312999999725e-01,-4.660795154999999856e-02,-3.419062761000000311e-02
6.195223199999999597e-01,8.619742106000000126e-01,-4.701976328000000149e-02,-3.416297581999999666e-02
6.197864400000000495e-01,8.622136406999999503e-01,-4.770310257999999665e-02,-3.408670067999999831e-02
6.200500300000000298e-01,8.617231172999999522e-01,-4.851590540000000340e-02,-3.391811324999999960e-02
6.203125600000000128e-01,8.608545547000000520e-01,-4.944652674000000331e-02,-3.364980685999999915e-02
6.205740199999999485e-01,8.606954237999999702e-01,-5.015849739000000085e-02,-3.346098170999999705e-02
6.208349600000000468e-01,8.612437496000000525e-01,-5.092714035999999778e-02,-3.330426828000000034e-02
6.210948499999999761e-01,8.614826178000000168e-01,-5.140332926999999913e-02,-3.307963670999999883e-02
6.213531799999999494e-01,8.624693735999999777e-01,-5.162621255000000159e-02,-3.292464562999999900e-02
6.216104700000000260e-01,8.631137635000000197e-01,-5.214148594999999664e-02,-3.264123501999999927e-02
6.218667399999999734e-01,8.648807594999999848e-01,-5.239071616000000320e-02,-3.251957372000000013e-02
6.221219900000000136e-01,8.666125663000000534e-01,-5.263835911999999867e-02,-3.234119741000000131e-02
6.223762200000000355e-01,8.685544439000000283e-01,-5.239880782999999792e-02,-3.218238390000000004e-02
6.226289400000000196e-01,8.701813609999999866e-01,-5.204050319999999757e-02,-3.191028992000000120e-02
6.228806599999999749e-01,8.711895532000000220e-01,-5.135691525999999674e-02,-3.157336265999999975e-02
6.231313899999999517e-01,8.726323440000000042e-01,-5.087688467999999797e-02,-3.124352706000000160e-02
6.233806400000000414e-01,8.748438961000000180e-01,-5.032714843000000299e-02,-3.099712496000000053e-02
6.236289099999999808e-01,8.770150035999999538e-01,-4.979609370000000201e-02,-3.073874088000000046e-02
6.238762100000000421e-01,8.788832730000000204e-01,-4.897974612000000061e-02,-3.046499990000000116e-02
6.241220699999999733e-01,8.805652680000000121e-01,-4.823197237000000082e-02,-3.016404274000000080e-02
6.243669699999999656e-01,8.819791784999999606e-01,-4.723650578000000017e-02,-2.989861559000000016e-02
6.246109100000000192e-01,8.832588076999999815e-01,-4.623375195999999965e-02,-2.960319172000000151e-02
6.248534500000000325e-01,8.846922298999999601e-01,-4.538769621000000171e-02,-2.933182549999999861e-02
6.250950400000000462e-01,8.855690941999999621e-01,-4.474176727000000325e-02,-2.901007531000000111e-02
6.253357099999999891e-01,8.858779773999999607e-01,-4.404655201999999742e-02,-2.869502427999999841e-02
6.255754500000000329e-01,8.863941325999999954e-01,-4.336145678000000170e-02,-2.840158581000000113e-02
6.258147200000000465e-01,8.866639308999999525e-01,-4.247143986000000149e-02,-2.816610921999999906e-02
6.260535400000000195e-01,8.871180069999999862e-01,-4.154313395999999908e-02,-2.804930886000000026e-02
6.262923599999999924e-01,8.869707788999999787e-01,-4.073904562999999812e-02,-2.795076578999999839e-02
6.265311799999999653e-01,8.867503973999999456e-01,-3.991994933999999662e-02,-2.793755892999999838e-02
6.267699899999999991e-01,8.863842977000000456e-01,-3.931082761000000148e-02,-2.789940716000000043e-02
6.270092800000000022e-01,8.852126506999999922e-01,-3.881332658000000158e-02,-2.781494501000000147e-02
6.272485599999999550e-01,8.838499692000000296e-01,-3.856611044000000238e-02,-2.772487201999999928e-02
6.274883100000000491e-01,8.828464457000000376e-01,-3.830718812000000195e-02,-2.769536913999999864e-02
6.277280600000000321e-01,8.814729154999999539e-01,-3.804048426000000011e-02,-2.773426022999999838e-02
6.279682800000000453e-01,8.795268459999999733e-01,-3.783593132000000192e-02,-2.774125729000000151e-02
6.282094400000000078e-01,8.783130072999999483e-01,-3.779921692000000333e-02,-2.779862471000000071e-02
6.284510899999999900e-01,8.769372846999999860e-01,-3.778142143999999730e-02,-2.784491359999999999e-02
6.286937099999999612e-01,8.756907041999999475e-01,-3.769707215999999750e-02,-2.794469750000000072e-02
6.289372899999999822e-01,8.743319972999999967e-01,-3.728845296999999670e-02,-2.808255717999999859e-02
6.291813699999999621e-01,8.724647020000000364e-01,-3.713942043000000026e-02,-2.815373407999999938e-02
6.294264400000000315e-01,8.713372439000000025e-01,-3.708860883000000136e-02,-2.829643727999999955e-02
6.296720099999999487e-01,8.704273616000000047e-01,-3.686770561000000251e-02,-2.845821009999999901e-02
6.299185800000000057e-01,8.689064476000000203e-01,-3.663264712000000034e-02,-2.862671496000000065e-02
6.301656599999999608e-01,8.680464312000000238e-01,-3.674905081000000295e-02,-2.882821140999999865e-02
6.304127400000000270e-01,8.671273943999999734e-01,-3.701689714999999853e-02,-2.899840486000000023e-02
6.306588100000000141e-01,8.672414179999999861e-01,-3.752880823000000199e-02,-2.918706353000000142e-02
6.309033600000000241e-01,8.673296794000000531e-01,-3.813770869000000091e-02,-2.940946567999999997e-02
6.311469100000000054e-01,8.675668479999999461e-01,-3.879279833999999677e-02,-2.954663696000000075e-02
6.313894700000000082e-01,8.671803428000000036e-01,-3.951988582999999694e-02,-2.965770217999999861e-02
6.316305399999999626e-01,8.674408722999999988e-01,-4.030758839000000288e-02,-2.974391880000000141e-02
6.318706499999999782e-01,8.663685073000000347e-01,-4.085542298000000017e-02,-2.978440901999999946e-02
6.321097700000000152e-01,8.664916269000000337e-01,-4.157087814000000325e-02,-2.981271657000000158e-02
6.323479400000000528e-01,8.662733177000000451e-01,-4.187502600000000269e-02,-2.991292774999999848e-02
6.325851399999999902e-01,8.660901979999999778e-01,-4.215288434000000195e-02,-2.993873727999999887e-02
6.328213799999999889e-01,8.659606754999999989e-01,-4.228615565999999798e-02,-2.993954805000000052e-02
6.330571600000000076e-01,8.664555342999999965e-01,-4.185757957999999834e-02,-2.998277843999999984e-02
6.332919799999999766e-01,8.668351788999999474e-01,-4.084847070000000024e-02,-3.002557570999999856e-02
6.335263300000000264e-01,8.677209991000000011e-01,-3.934253361000000088e-02,-3.010537011999999887e-02
6.337602199999999852e-01,8.679566739999999836e-01,-3.806806129000000344e-02,-3.009738400999999869e-02
6.339941000000000049e-01,8.682860612999999672e-01,-3.689547401999999920e-02,-3.008506642000000064e-02
6.342275099999999943e-01,8.690176888999999738e-01,-3.548701383999999792e-02,-3.017165075000000085e-02
6.344604600000000039e-01,8.703766867000000129e-01,-3.376362707999999713e-02,-3.032299712000000036e-02
6.346933999999999632e-01,8.713583682000000108e-01,-3.218899701999999863e-02,-3.047014825999999968e-02
6.349268099999999526e-01,8.725369829000000355e-01,-3.060898508999999879e-02,-3.060012469999999832e-02
6.351607000000000225e-01,8.738393836000000192e-01,-2.897160907000000118e-02,-3.078184068999999939e-02
6.353950699999999507e-01,8.753984408999999633e-01,-2.728191933000000124e-02,-3.101025157999999851e-02
6.356299100000000202e-01,8.767947177999999564e-01,-2.634004159999999914e-02,-3.109833157999999931e-02
6.358657300000000179e-01,8.778721566999999615e-01,-2.564700157999999855e-02,-3.111527675000000034e-02
6.361020299999999850e-01,8.790112983000000213e-01,-2.526986994999999916e-02,-3.112154517000000065e-02
6.363393200000000416e-01,8.808776995000000554e-01,-2.521262636000000043e-02,-3.126431662999999694e-02
6.365775999999999657e-01,8.825204643999999821e-01,-2.552422958999999922e-02,-3.133425998000000101e-02
6.368168899999999688e-01,8.842688439000000455e-01,-2.614349045000000094e-02,-3.142208510999999760e-02
6.370571900000000509e-01,8.857197717000000470e-01,-2.690990018999999886e-02,-3.148346953000000226e-02
6.372990400000000388e-01,8.869414974999999535e-01,-2.805874809999999928e-02,-3.150972878999999671e-02
6.375419300000000344e-01,8.876492200000000166e-01,-2.963371252999999830e-02,-3.150883938000000051e-02
6.377858699999999770e-01,8.886738818999999623e-01,-3.167497685000000146e-02,-3.155135121000000181e-02
6.380314200000000158e-01,8.889354862999999662e-01,-3.372569236999999748e-02,-3.151223982000000284e-02
6.382780399999999910e-01,8.895194524999999741e-01,-3.612452426999999966e-02,-3.148679095999999678e-02
6.385257699999999925e-01,8.900142393000000096e-01,-3.863964428000000312e-02,-3.151378324000000258e-02
6.387740400000000429e-01,8.907065594999999947e-01,-4.105743264000000226e-02,-3.156869586000000255e-02
6.390234200000000087e-01,8.909355134999999981e-01,-4.341663283999999678e-02,-3.152734120000000306e-02
6.392739299999999902e-01,8.909018457999999807e-01,-4.619268205000000294e-02,-3.145533081000000120e-02
6.395255800000000379e-01,8.910529984999999709e-01,-4.872287177000000219e-02,-3.144974627000000217e-02
6.397783900000000301e-01,8.909367508000000102e-01,-5.100276960999999831e-02,-3.141856350000000325e-02
6.400323500000000276e-01,8.899214252999999575e-01,-5.281625411000000214e-02,-3.139646932000000196e-02
6.402869100000000424e-01,8.886061918000000004e-01,-5.495898328999999916e-02,-3.136366384000000007e-02
6.405426499999999912e-01,8.868942142000000306e-01,-5.679765627999999733e-02,-3.137483999000000023e-02
6.407995899999999745e-01,8.851561497000000056e-01,-5.874609824000000258e-02,-3.137865811999999976e-02
6.410577499999999818e-01,8.826500645999999506e-01,-6.034379319000000158e-02,-3.133210563000000254e-02
6.413171399999999522e-01,8.801359414999999631e-01,-6.168342151999999662e-02,-3.127014860999999951e-02
6.415777700000000472e-01,8.772960049000000371e-01,-6.273428635000000142e-02,-3.119245077999999866e-02
6.418396600000000340e-01,8.744136254000000052e-01,-6.353129370000000498e-02,-3.109291810999999933e-02
6.421009100000000247e-01,8.717265414999999518e-01,-6.407382591999999377e-02,-3.096380380999999918e-02
6.423615400000000086e-01,8.680525664999999558e-01,-6.436413490999999543e-02,-3.077673096999999913e-02
6.426215299999999964e-01,8.639986196000000174e-01,-6.454030824999999749e-02,-3.058765743999999898e-02
6.428808999999999774e-01,8.603006735999999544e-01,-6.415387615999999793e-02,-3.043502790999999888e-02
6.431396400000000124e-01,8.562423653999999829e-01,-6.362102805000000028e-02,-3.026106070999999911e-02
6.433977600000000407e-01,8.536738246999999724e-01,-6.295210829000000285e-02,-3.016408988999999888e-02
6.436552500000000121e-01,8.515066950999999884e-01,-6.173465071999999915e-02,-3.014777759000000085e-02
6.439121300000000270e-01,8.493424979000000485e-01,-6.048219265000000233e-02,-3.009753877000000133e-02
6.441677599999999781e-01,8.474231298000000079e-01,-5.890779181999999947e-02,-3.006654179000000163e-02
6.444227799999999728e-01,8.454099631000000503e-01,-5.735233592999999797e-02,-2.996678951000000118e-02
6.446771799999999608e-01,8.434528528000000414e-01,-5.526004085999999815e-02,-2.991127797000000046e-02
6.449309699999999923e-01,8.423138015000000145e-01,-5.277718146999999665e-02,-2.998618007000000002e-02
6.451841499999999563e-01,8.420869181000000259e-01,-5.007742051999999888e-02,-3.013239638999999984e-02
6.454367199999999638e-01,8.422066746999999909e-01,-4.738217844999999956e-02,-3.028146711999999893e-02
6.456886800000000148e-01,8.428916341000000090e-01,-4.470074603000000202e-02,-3.045280863000000143e-02
6.459400299999999984e-01,8.441044406000000055e-01,-4.214002939000000003e-02,-3.063764848999999887e-02
6.461907799999999646e-01,8.456142258000000078e-01,-3.971686515000000250e-02,-3.081361750999999857e-02
6.464409199999999744e-01,8.473568011000000011e-01,-3.734758452999999839e-02,-3.099732968999999866e-02
6.466904599999999670e-01,8.489457456000000235e-01,-3.520934701999999666e-02,-3.119783405000000134e-02
6.469394000000000533e-01,8.508501854000000142e-01,-3.319366182999999859e-02,-3.146364022999999926e-02
6.471877400000000113e-01,8.529061240999999960e-01,-3.160079713999999762e-02,-3.169035392999999812e-02
6.474354799999999521e-01,8.552776491000000370e-01,-3.021662807000000117e-02,-3.196495424999999668e-02
6.476826199999999867e-01,8.572453704000000396e-01,-2.906352732000000091e-02,-3.225631516000000004e-02
6.479291700000000542e-01,8.599056824999999904e-01,-2.810185875000000000e-02,-3.266954264000000024e-02
6.481751199999999935e-01,8.618367330999999743e-01,-2.723311843999999884e-02,-3.301672806000000016e-02
6.484204799999999658e-01,8.635939311000000451e-01,-2.655570728000000019e-02,-3.332978265000000051e-02
6.486658400000000491e-01,8.648446585000000297e-01,-2.629091848999999884e-02,-3.355457248999999670e-02
6.489106100000000543e-01,8.661484364999999519e-01,-2.591835798000000080e-02,-3.376584143999999954e-02
6.491547899999999816e-01,8.679598966999999554e-01,-2.570454338000000005e-02,-3.403035889000000092e-02
6.493989700000000198e-01,8.695862235000000329e-01,-2.574074650000000158e-02,-3.429438328000000008e-02
6.496425500000000408e-01,8.708349328000000167e-01,-2.591997953999999882e-02,-3.449632069999999939e-02
6.498861400000000010e-01,8.713277817000000258e-01,-2.609202017000000068e-02,-3.463728111000000109e-02
6.501297200000000220e-01,8.718296761999999589e-01,-2.615730527000000027e-02,-3.479104246999999844e-02
6.503739099999999995e-01,8.717543083000000026e-01,-2.659669283000000092e-02,-3.488155117999999777e-02
6.506186900000000550e-01,8.718260421000000315e-01,-2.698674656000000019e-02,-3.492428611000000099e-02
6.508634699999999995e-01,8.716543307999999879e-01,-2.751152713000000125e-02,-3.493238141999999852e-02
6.511088600000000115e-01,8.710246383999999953e-01,-2.806172741000000082e-02,-3.488941796000000206e-02
6.513548500000000407e-01,8.706257265000000301e-01,-2.846962998999999842e-02,-3.484819127000000211e-02
6.516014700000000159e-01,8.692050300000000451e-01,-2.872901091999999906e-02,-3.472995719000000064e-02
6.518486999999999476e-01,8.672453357999999612e-01,-2.870532056000000068e-02,-3.458873700000000134e-02
6.520965600000000473e-01,8.655264334000000170e-01,-2.865419568000000111e-02,-3.442592530000000012e-02
6.523450400000000426e-01,8.641697081000000447e-01,-2.859131887000000011e-02,-3.421231641999999962e-02
6.525941600000000342e-01,8.620773922000000145e-01,-2.813470277999999963e-02,-3.397317182000000185e-02
6.528445600000000182e-01,8.598298626000000500e-01,-2.766062130000000036e-02,-3.370566967000000053e-02
6.530962599999999840e-01,8.573846376999999519e-01,-2.721433322000000113e-02,-3.336659084000000164e-02
6.533486099999999963e-01,8.557147221999999998e-01,-2.685588704999999909e-02,-3.305866730999999781e-02
6.536022900000000302e-01,8.535439827999999896e-01,-2.646613780999999832e-02,-3.273895683999999973e-02
6.538573100000000249e-01,8.508172470999999515e-01,-2.597824174999999874e-02,-3.240365103000000108e-02
6.541130099999999947e-01,8.481309564000000245e-01,-2.532231375999999951e-02,-3.208670814000000315e-02
6.543700799999999651e-01,8.458619663999999982e-01,-2.433802004999999907e-02,-3.181851228000000253e-02
6.546278399999999609e-01,8.437111927999999539e-01,-2.323819217000000145e-02,-3.154267367000000016e-02
6.548849100000000423e-01,8.420102457999999457e-01,-2.203378011999999886e-02,-3.131747522000000172e-02
6.551405999999999619e-01,8.408482655000000250e-01,-2.078502123999999979e-02,-3.106796721999999927e-02
6.553955999999999671e-01,8.397893218999999965e-01,-1.979029657999999831e-02,-3.087690578000000172e-02
6.556499099999999469e-01,8.390170923999999975e-01,-1.907348264000000015e-02,-3.071169806000000058e-02
6.559035399999999516e-01,8.399887411999999998e-01,-1.820144280999999933e-02,-3.072514254000000000e-02
6.561558100000000060e-01,8.420015560000000399e-01,-1.721056677000000132e-02,-3.081014530000000112e-02
6.564073999999999742e-01,8.443067918000000116e-01,-1.607095096000000015e-02,-3.094828549000000137e-02
6.566576499999999816e-01,8.465901379000000393e-01,-1.505166636999999939e-02,-3.104015696999999976e-02
6.569072299999999531e-01,8.489301519999999934e-01,-1.437170628999999943e-02,-3.111721735000000030e-02
6.571554699999999638e-01,8.515600787999999532e-01,-1.395711403999999947e-02,-3.119072097999999946e-02
6.574030600000000391e-01,8.536740440000000207e-01,-1.361390969000000027e-02,-3.125126755000000311e-02
6.576499799999999674e-01,8.559839653999999909e-01,-1.359464328000000062e-02,-3.123060651999999895e-02
6.578956000000000248e-01,8.579797012000000000e-01,-1.420216919000000071e-02,-3.123509693000000101e-02
6.581405500000000464e-01,8.610229614000000087e-01,-1.512069932000000005e-02,-3.130122284999999754e-02
6.583848599999999607e-01,8.644926708000000293e-01,-1.657571797000000069e-02,-3.135367657000000252e-02
6.586285200000000506e-01,8.672294064000000136e-01,-1.837609088999999848e-02,-3.134888213999999923e-02
6.588721800000000295e-01,8.699081557000000187e-01,-2.023158393999999888e-02,-3.135298903000000026e-02
6.591158299999999581e-01,8.721885165999999634e-01,-2.244496843000000005e-02,-3.121784516000000037e-02
6.593601500000000337e-01,8.746215437000000037e-01,-2.439223978000000168e-02,-3.113331898000000139e-02
6.596044599999999480e-01,8.765701031000000532e-01,-2.654537024000000120e-02,-3.106106725000000110e-02
6.598494299999999591e-01,8.778091904999999473e-01,-2.847610114000000137e-02,-3.103183648999999905e-02
6.600950700000000060e-01,8.791622648000000373e-01,-3.065953354999999964e-02,-3.098554612999999958e-02
6.603413900000000281e-01,8.800186200999999819e-01,-3.254680845999999989e-02,-3.098547889000000111e-02
6.605883799999999750e-01,8.805369879000000122e-01,-3.431855369000000322e-02,-3.100935932999999978e-02
6.608360599999999474e-01,8.809845920000000108e-01,-3.632096844999999768e-02,-3.100653801999999834e-02
6.610844299999999452e-01,8.809220960000000433e-01,-3.837574763999999916e-02,-3.102033872999999942e-02
6.613341900000000440e-01,8.806928371000000144e-01,-3.998156018000000034e-02,-3.111841107999999828e-02
6.615846600000000466e-01,8.813560138999999571e-01,-4.130102176000000069e-02,-3.130089048000000290e-02
6.618365499999999679e-01,8.812118813999999523e-01,-4.241287884000000119e-02,-3.150429800000000002e-02
6.620891700000000046e-01,8.810804956000000132e-01,-4.371550392000000257e-02,-3.175132056999999813e-02
6.623432500000000500e-01,8.806084283999999762e-01,-4.445029656999999884e-02,-3.204094493000000238e-02
6.625980700000000390e-01,8.808106953000000017e-01,-4.499708605999999667e-02,-3.240933162000000228e-02
6.628536299999999715e-01,8.799173027000000147e-01,-4.531804451000000233e-02,-3.267111577000000183e-02
6.631099400000000088e-01,8.788200698000000477e-01,-4.524315458000000012e-02,-3.292681811999999958e-02
6.633677700000000232e-01,8.779908441999999535e-01,-4.456384273999999812e-02,-3.325298549999999853e-02
6.636263799999999602e-01,8.773248769000000502e-01,-4.339854483999999735e-02,-3.363334038000000137e-02
6.638857599999999914e-01,8.772503408999999808e-01,-4.183098960000000005e-02,-3.413770299999999841e-02
6.641459199999999452e-01,8.768287967000000238e-01,-3.972749936000000148e-02,-3.471875328000000038e-02
6.644076700000000057e-01,8.754781034999999934e-01,-3.753082326999999940e-02,-3.519328929999999966e-02
6.646702199999999783e-01,8.739340318999999635e-01,-3.493528558999999672e-02,-3.575549008000000056e-02
6.649327800000000011e-01,8.732229362000000217e-01,-3.199864085000000274e-02,-3.645402357000000065e-02
6.651961400000000468e-01,8.730093244000000086e-01,-2.932991219000000149e-02,-3.715345510999999712e-02
6.654603300000000443e-01,8.729749950999999841e-01,-2.666201207999999850e-02,-3.777520047999999991e-02
6.657245200000000418e-01,8.734090423999999464e-01,-2.434744571999999940e-02,-3.836349238999999661e-02
6.659895300000000518e-01,8.740944012000000374e-01,-2.201136148000000167e-02,-3.897483016000000133e-02
6.662545500000000009e-01,8.751875229000000145e-01,-2.032655728999999828e-02,-3.939463759999999731e-02
6.665195699999999501e-01,8.755135732000000059e-01,-1.982887612999999910e-02,-3.951863337000000032e-02
6.667854300000000123e-01,8.757502971999999719e-01,-1.946381971000000002e-02,-3.956962926000000269e-02
6.670512899999999634e-01,8.755958220999999764e-01,-1.866151968999999952e-02,-3.957576161999999675e-02
6.673171500000000256e-01,8.749564645999999835e-01,-1.830326691999999839e-02,-3.935142290000000209e-02
6.675821600000000355e-01,8.737174277000000489e-01,-1.809743764999999921e-02,-3.909144408000000265e-02
6.678454799999999913e-01,8.728947678999999793e-01,-1.881164281000000105e-02,-3.868849934000000157e-02
6.681071200000000543e-01,8.721843669000000077e-01,-1.984662744000000034e-02,-3.833661171000000284e-02
6.683679200000000042e-01,8.709705503000000348e-01,-2.079683339999999908e-02,-3.803321224999999667e-02
6.686270699999999900e-01,8.689455709000000194e-01,-2.171720791000000123e-02,-3.775629404999999994e-02
6.688853999999999633e-01,8.673434889000000148e-01,-2.281493441000000122e-02,-3.751342047999999679e-02
6.691420900000000227e-01,8.659974294000000183e-01,-2.391622751999999963e-02,-3.728890765000000135e-02
6.693971600000000466e-01,8.640519032000000266e-01,-2.515360875000000052e-02,-3.701218258999999788e-02
6.696514300000000475e-01,8.615433357999999764e-01,-2.632149237000000128e-02,-3.674764159999999863e-02
6.699048899999999751e-01,8.591338541999999912e-01,-2.732213124999999937e-02,-3.652901816999999662e-02
6.701567699999999572e-01,8.581074862999999997e-01,-2.824098891000000056e-02,-3.632769889999999668e-02
6.704078500000000274e-01,8.569893397000000190e-01,-2.918764128999999999e-02,-3.607205538000000239e-02
6.706581400000000137e-01,8.556756641999999635e-01,-3.027668986000000076e-02,-3.576390552000000000e-02
6.709076400000000273e-01,8.545893069000000120e-01,-3.134994609999999793e-02,-3.553047581999999732e-02
6.711563600000000074e-01,8.535107667000000342e-01,-3.227329750999999997e-02,-3.530586137999999763e-02
6.714042900000000147e-01,8.533969215000000164e-01,-3.320265178000000178e-02,-3.520655789999999757e-02
6.716514500000000387e-01,8.536699344000000522e-01,-3.401602194000000190e-02,-3.513965798000000251e-02
6.718978300000000292e-01,8.544057345000000137e-01,-3.481806919000000194e-02,-3.512452838999999966e-02
6.721442100000000197e-01,8.553025260000000074e-01,-3.546398684999999690e-02,-3.515477233000000035e-02
6.723898099999999767e-01,8.556995137999999779e-01,-3.627750128999999990e-02,-3.520033934999999836e-02
6.726346399999999504e-01,8.571659901999999498e-01,-3.665996341999999686e-02,-3.532876757000000256e-02
6.728794599999999848e-01,8.583314558000000316e-01,-3.719660454999999810e-02,-3.542970357999999931e-02
6.731235100000000360e-01,8.595219171000000324e-01,-3.765256365999999910e-02,-3.552433868000000328e-02
6.733675700000000264e-01,8.603136066000000026e-01,-3.794117854000000206e-02,-3.561419443999999657e-02
6.736108400000000440e-01,8.617375270999999559e-01,-3.780406013999999815e-02,-3.581134195999999964e-02
6.738541200000000009e-01,8.632409145999999645e-01,-3.762630254000000340e-02,-3.599464775999999810e-02
6.740966299999999745e-01,8.651674875999999514e-01,-3.719735393999999695e-02,-3.618590458999999815e-02
6.743391300000000088e-01,8.670303580999999538e-01,-3.652722947999999942e-02,-3.637299081999999933e-02
6.745816300000000432e-01,8.688190854999999768e-01,-3.584504711000000010e-02,-3.648595629999999701e-02
6.748233599999999832e-01,8.702033234999999589e-01,-3.492095737999999921e-02,-3.652661488000000234e-02
6.750650799999999840e-01,8.714392238000000512e-01,-3.395813417000000112e-02,-3.660068254999999937e-02
6.753068100000000351e-01,8.720887224000000160e-01,-3.295520810000000106e-02,-3.661664467999999756e-02
6.755485300000000359e-01,8.728266632000000191e-01,-3.158651719000000330e-02,-3.666034146000000243e-02
6.757902599999999760e-01,8.742423463999999811e-01,-3.023583506000000060e-02,-3.672788504999999898e-02
6.760319799999999768e-01,8.754490443000000344e-01,-2.870021713000000044e-02,-3.676688890000000265e-02
6.762745000000000006e-01,8.759595868999999757e-01,-2.695294608000000161e-02,-3.680232765000000100e-02
6.765178200000000475e-01,8.762230160999999740e-01,-2.498993344000000061e-02,-3.683636567000000278e-02
6.767619499999999455e-01,8.757947418000000539e-01,-2.324922295999999958e-02,-3.680083816000000174e-02
6.770068900000000278e-01,8.751393900999999698e-01,-2.155098453000000094e-02,-3.673469169000000145e-02
6.772526599999999508e-01,8.740396069000000434e-01,-1.982965164000000113e-02,-3.665412048999999728e-02
6.774992600000000476e-01,8.728772423999999752e-01,-1.799055214000000111e-02,-3.660494235000000263e-02
6.777467000000000352e-01,8.723325116000000268e-01,-1.599672029999999953e-02,-3.663704797999999679e-02
6.779950000000000143e-01,8.719316110000000508e-01,-1.394616350999999983e-02,-3.671220815000000165e-02
6.782450100000000370e-01,8.713198588999999661e-01,-1.193404711999999923e-02,-3.676991904000000144e-02
6.784959000000000406e-01,8.708073426000000339e-01,-1.006960500999999966e-02,-3.679781373999999744e-02
6.787485699999999955e-01,8.697223988000000183e-01,-8.500035104999999550e-03,-3.679392490999999765e-02
6.790021299999999815e-01,8.691186072000000040e-01,-7.290977817999999902e-03,-3.672855809000000193e-02
6.792575199999999480e-01,8.684898061000000391e-01,-6.342106689000000415e-03,-3.662463209999999858e-02
6.795138299999999854e-01,8.679161189999999859e-01,-5.598358093000000389e-03,-3.650803468000000246e-02
6.797720299999999716e-01,8.676863363000000273e-01,-5.487290425999999735e-03,-3.634434864000000293e-02
6.800311700000000181e-01,8.671030304000000299e-01,-5.379039502999999681e-03,-3.629930896999999934e-02
6.802912800000000537e-01,8.667722223999999587e-01,-5.387653021999999972e-03,-3.616314929000000178e-02
6.805523599999999673e-01,8.650393086000000009e-01,-5.539514078999999841e-03,-3.600474564000000210e-02
6.808144200000000312e-01,8.631573848000000382e-01,-5.752290279000000367e-03,-3.580043051000000170e-02
6.810784899999999809e-01,8.614035170999999602e-01,-6.254653901000000078e-03,-3.558558945000000334e-02
6.813415499999999625e-01,8.597967487000000020e-01,-7.322865333000000421e-03,-3.522646593999999992e-02
6.816036100000000264e-01,8.584553858000000259e-01,-8.511506518999999507e-03,-3.492361044000000248e-02
6.818646600000000113e-01,8.571627122999999626e-01,-1.013206122000000035e-02,-3.460191583000000320e-02
6.821247200000000177e-01,8.564214311000000190e-01,-1.203404370999999924e-02,-3.429943978000000310e-02
6.823837900000000456e-01,8.554729187999999818e-01,-1.382252578000000079e-02,-3.401774534000000239e-02
6.826408800000000054e-01,8.550737810999999855e-01,-1.605022011999999998e-02,-3.368729644000000023e-02
6.828969999999999763e-01,8.545241518999999730e-01,-1.844425632999999870e-02,-3.335390008999999933e-02
6.831521400000000188e-01,8.543879044000000089e-01,-2.117730920000000100e-02,-3.303279932000000030e-02
6.834063200000000116e-01,8.541739482000000327e-01,-2.382967937999999966e-02,-3.270768529999999730e-02
6.836595300000000153e-01,8.547469222000000366e-01,-2.621510550999999953e-02,-3.246107789000000216e-02
6.839108200000000304e-01,8.554107455999999665e-01,-2.857477278000000037e-02,-3.222793094999999719e-02
6.841611499999999957e-01,8.551969240000000250e-01,-3.103364231000000154e-02,-3.187052273999999713e-02
6.844105400000000117e-01,8.555532895999999887e-01,-3.312591701999999944e-02,-3.153642640999999858e-02
6.846589899999999673e-01,8.565364933000000347e-01,-3.490373155999999810e-02,-3.125505467999999815e-02
6.849064900000000344e-01,8.570644651000000058e-01,-3.631695742999999782e-02,-3.098330778000000021e-02
6.851530599999999804e-01,8.576130721000000401e-01,-3.743434463999999878e-02,-3.075781174000000173e-02
6.853986899999999771e-01,8.584237618000000181e-01,-3.801811278000000183e-02,-3.062523366000000080e-02
6.856433899999999637e-01,8.593143261000000255e-01,-3.810469682999999969e-02,-3.052087628000000122e-02
6.858871699999999905e-01,8.614286640999999634e-01,-3.785500123999999827e-02,-3.053751421999999910e-02
6.861300200000000071e-01,8.641746592000000282e-01,-3.787484810999999785e-02,-3.057322953999999995e-02
6.863710400000000433e-01,8.670176887999999638e-01,-3.789691710999999741e-02,-3.064044175000000050e-02
6.866111499999999479e-01,8.695448891999999486e-01,-3.770666263999999934e-02,-3.078557177999999978e-02
6.868512599999999635e-01,8.715080664000000032e-01,-3.734801441999999888e-02,-3.100795577999999886e-02
6.870904599999999585e-01,8.737296310000000066e-01,-3.672698116999999901e-02,-3.128429164999999706e-02
6.873287500000000438e-01,8.757737627999999663e-01,-3.598419815000000049e-02,-3.157093027999999940e-02
6.875661400000000478e-01,8.773576290000000277e-01,-3.519115505999999977e-02,-3.186447787999999864e-02
6.878035300000000518e-01,8.792510480999999878e-01,-3.407914410000000005e-02,-3.221606793000000163e-02
6.880409199999999448e-01,8.810245208000000439e-01,-3.277365911999999964e-02,-3.261985682000000109e-02
6.882783099999999488e-01,8.827007481999999960e-01,-3.155805527999999693e-02,-3.305612467999999998e-02
6.885157100000000030e-01,8.838661677000000383e-01,-3.051350414999999885e-02,-3.343611910000000159e-02
6.887540199999999668e-01,8.844273532999999965e-01,-2.953223866999999878e-02,-3.376608787999999667e-02
6.889923300000000417e-01,8.851018739999999552e-01,-2.873660151000000107e-02,-3.408149298000000271e-02
6.892315700000000156e-01,8.857959380000000049e-01,-2.809546854000000149e-02,-3.440899916000000197e-02
6.894717700000000393e-01,8.866349730999999457e-01,-2.759487367999999968e-02,-3.470355195000000142e-02
6.897129100000000124e-01,8.870294700999999948e-01,-2.738574091000000113e-02,-3.490720929999999861e-02
6.899550300000000247e-01,8.869179230999999497e-01,-2.760114502999999955e-02,-3.503760191000000052e-02
6.901981299999999653e-01,8.867042514999999847e-01,-2.800565804999999991e-02,-3.511745935999999874e-02
6.904422199999999954e-01,8.863535464999999780e-01,-2.871927298999999920e-02,-3.510297143999999842e-02
6.906873100000000543e-01,8.855871294999999588e-01,-2.944690596999999938e-02,-3.506104675999999892e-02
6.909324000000000021e-01,8.850599930000000448e-01,-3.031530431999999997e-02,-3.506784282000000030e-02
6.911785200000000184e-01,8.846999063999999580e-01,-3.113537716000000163e-02,-3.509020616999999898e-02
6.914256699999999922e-01,8.841959111999999621e-01,-3.198645558999999722e-02,-3.505623388000000257e-02
6.916738599999999737e-01,8.828763622999999949e-01,-3.288724629999999899e-02,-3.492023109999999736e-02
6.919231200000000026e-01,8.817119852999999452e-01,-3.411781409999999765e-02,-3.473702281999999780e-02
6.921734499999999679e-01,8.804894084000000065e-01,-3.551820407000000346e-02,-3.456990665999999657e-02
6.924248699999999701e-01,8.791433115000000242e-01,-3.692795542999999930e-02,-3.438073987999999692e-02
6.926762899999999723e-01,8.774017720000000242e-01,-3.848325601000000123e-02,-3.415368181999999669e-02
6.929288200000000009e-01,8.748831967000000320e-01,-3.987380657000000328e-02,-3.387365392999999725e-02
6.931813500000000294e-01,8.717963196000000359e-01,-4.127545317999999769e-02,-3.356883377000000057e-02
6.934350000000000236e-01,8.694394753999999947e-01,-4.273061762000000124e-02,-3.336374822000000295e-02
6.936886599999999570e-01,8.675055879999999942e-01,-4.419598117000000242e-02,-3.316513447999999697e-02
6.939434599999999564e-01,8.649590161000000332e-01,-4.573989687999999859e-02,-3.293340200000000051e-02
6.941982599999999559e-01,8.630627432999999904e-01,-4.717848469000000128e-02,-3.269740225000000028e-02
6.944530599999999554e-01,8.616514895000000340e-01,-4.821094448999999754e-02,-3.251520923000000146e-02
6.947090399999999999e-01,8.597273933000000312e-01,-4.901366323999999802e-02,-3.230285223999999900e-02
6.949650200000000444e-01,8.575828843999999673e-01,-4.957046257000000122e-02,-3.203188062000000141e-02
6.952221899999999621e-01,8.561475198000000342e-01,-5.006350443000000261e-02,-3.188134491999999875e-02
6.954781599999999564e-01,8.547539707000000320e-01,-5.029770120999999677e-02,-3.167466940000000092e-02
6.957329399999999664e-01,8.539996350999999875e-01,-5.044888382999999921e-02,-3.147814219000000246e-02
6.959865200000000529e-01,8.528065129999999883e-01,-5.055065028999999877e-02,-3.128823479000000102e-02
6.962389199999999834e-01,8.517603082000000381e-01,-5.037275682000000310e-02,-3.109062238999999936e-02
6.964901399999999798e-01,8.506252359999999513e-01,-4.943577058000000329e-02,-3.094766486999999885e-02
6.967401899999999815e-01,8.496234498000000412e-01,-4.842375904000000009e-02,-3.083218617999999855e-02
6.969890600000000491e-01,8.494368172999999800e-01,-4.763791301999999867e-02,-3.080613817000000046e-02
6.972367800000000004e-01,8.491362592000000209e-01,-4.673363648000000009e-02,-3.079137117999999895e-02
6.974844900000000125e-01,8.489440117000000008e-01,-4.593087033999999902e-02,-3.075881633000000087e-02
6.977310399999999690e-01,8.492776376999999766e-01,-4.506957421999999852e-02,-3.077494836999999928e-02
6.979764400000000313e-01,8.498085533000000469e-01,-4.424967089000000214e-02,-3.078286833000000097e-02
6.982218300000000433e-01,8.507517599999999680e-01,-4.349063697000000311e-02,-3.083980541000000061e-02
6.984660700000000499e-01,8.518694562999999942e-01,-4.281075204999999773e-02,-3.089427284000000051e-02
6.987091500000000011e-01,8.531606841000000108e-01,-4.170853387000000162e-02,-3.104502687999999982e-02
6.989522400000000024e-01,8.545122558000000090e-01,-4.072123227999999845e-02,-3.125865845999999809e-02
6.991941699999999482e-01,8.559146617999999762e-01,-3.997663514000000112e-02,-3.148425623000000034e-02
6.994361000000000050e-01,8.575276706000000138e-01,-3.921292871999999818e-02,-3.175550455000000077e-02
6.996780400000000011e-01,8.592272064000000542e-01,-3.852848773999999893e-02,-3.202374705000000238e-02
6.999188100000000023e-01,8.611736130999999572e-01,-3.768745047000000153e-02,-3.230278955000000229e-02
7.001595900000000539e-01,8.622771375000000127e-01,-3.695376395000000286e-02,-3.256680237000000172e-02
7.003991999999999996e-01,8.634808610999999967e-01,-3.609973076999999780e-02,-3.283811199000000181e-02
7.006388199999999955e-01,8.648399083000000154e-01,-3.527163543000000345e-02,-3.313223514000000064e-02
7.008784399999999914e-01,8.655645956999999946e-01,-3.473881677000000001e-02,-3.338623057000000144e-02
7.011180599999999874e-01,8.664165955000000530e-01,-3.406624815999999972e-02,-3.363248368999999932e-02
7.013588499999999781e-01,8.676815339000000238e-01,-3.373734211999999955e-02,-3.384265256999999943e-02
7.015996500000000191e-01,8.686245388000000123e-01,-3.365086969000000150e-02,-3.397379639999999895e-02
7.018416499999999836e-01,8.687653457999999773e-01,-3.356498854000000004e-02,-3.406316268000000175e-02
7.020836499999999480e-01,8.688460153000000519e-01,-3.341529272999999717e-02,-3.418376709999999818e-02
7.023268900000000370e-01,8.686113398000000485e-01,-3.309066615999999711e-02,-3.430642426000000272e-02
7.025713599999999781e-01,8.679714315000000013e-01,-3.278355433999999985e-02,-3.438712049999999992e-02
7.028158399999999695e-01,8.676393539000000210e-01,-3.247357497000000204e-02,-3.451140018999999948e-02
7.030615900000000140e-01,8.664700018000000004e-01,-3.223822078000000008e-02,-3.451389249000000325e-02
7.033086400000000404e-01,8.648888056000000324e-01,-3.203403984000000038e-02,-3.444157638999999910e-02
7.035569900000000487e-01,8.633137491000000274e-01,-3.129061924999999855e-02,-3.435625113000000119e-02
7.038066899999999571e-01,8.617166500999999812e-01,-3.034825382000000057e-02,-3.430442645000000151e-02
7.040577399999999875e-01,8.604852898999999500e-01,-2.935004176000000076e-02,-3.427907133000000078e-02
7.043101699999999576e-01,8.591038018000000109e-01,-2.829517541999999886e-02,-3.419750952000000233e-02
7.045639999999999681e-01,8.582828094000000130e-01,-2.710474684999999995e-02,-3.421224595999999840e-02
7.048192599999999475e-01,8.569234430000000069e-01,-2.594648136999999979e-02,-3.420530581000000292e-02
7.050759699999999963e-01,8.558829968000000177e-01,-2.482310629000000074e-02,-3.423339608999999978e-02
7.053326800000000452e-01,8.551725430000000072e-01,-2.364194449000000045e-02,-3.426253666000000225e-02
7.055908699999999811e-01,8.540198703000000391e-01,-2.259657723999999868e-02,-3.428159221999999701e-02
7.058505699999999550e-01,8.520497042000000354e-01,-2.136817502999999868e-02,-3.421558757999999811e-02
7.061102700000000398e-01,8.501329127000000208e-01,-2.027041539000000100e-02,-3.406336838000000033e-02
7.063715200000000305e-01,8.478036061999999484e-01,-1.935297613000000125e-02,-3.386887945000000011e-02
7.066343400000000274e-01,8.466255654000000019e-01,-1.835235907000000097e-02,-3.369982551000000326e-02
7.068971699999999636e-01,8.456198710000000229e-01,-1.745593427000000086e-02,-3.349784732999999681e-02
7.071599899999999606e-01,8.452155635000000444e-01,-1.714051071000000093e-02,-3.331903463000000093e-02
7.074196299999999660e-01,8.455744701999999835e-01,-1.686076904999999834e-02,-3.308532438999999686e-02
7.076776900000000259e-01,8.458551775999999522e-01,-1.666793974999999928e-02,-3.282146425000000145e-02
7.079341900000000187e-01,8.458308957000000294e-01,-1.642304278000000090e-02,-3.254505519999999902e-02
7.081891299999999445e-01,8.465207501999999495e-01,-1.649602466000000059e-02,-3.233960406999999981e-02
7.084425300000000147e-01,8.472140732999999813e-01,-1.646057575999999856e-02,-3.212291557000000047e-02
7.086943900000000074e-01,8.479294441000000404e-01,-1.643392414000000024e-02,-3.197158296000000149e-02
7.089447300000000229e-01,8.490909057000000093e-01,-1.684774006999999879e-02,-3.181342161000000335e-02
7.091935499999999504e-01,8.512041325000000436e-01,-1.730280719999999911e-02,-3.170292437000000324e-02
7.094408599999999510e-01,8.531220946999999999e-01,-1.803867709000000000e-02,-3.157088098000000037e-02
7.096866800000000142e-01,8.559170927999999456e-01,-1.851169274999999934e-02,-3.152197757999999905e-02
7.099324900000000271e-01,8.585746287000000088e-01,-1.917758031999999835e-02,-3.149237174999999778e-02
7.101768000000000525e-01,8.610946117000000122e-01,-2.010619922999999989e-02,-3.143781252999999776e-02
7.104196299999999686e-01,8.643127609999999850e-01,-2.119868336999999880e-02,-3.151907547999999865e-02
7.106624499999999456e-01,8.664066997999999575e-01,-2.237536006999999924e-02,-3.156380211999999796e-02
7.109037900000000354e-01,8.686988629999999878e-01,-2.388095095000000029e-02,-3.161515109000000157e-02
7.111451199999999639e-01,8.708009653999999600e-01,-2.558475194000000077e-02,-3.167610841000000066e-02
7.113849700000000054e-01,8.732120903000000212e-01,-2.736313880999999976e-02,-3.170593425999999881e-02
7.116248099999999965e-01,8.758469433000000137e-01,-2.922577092000000140e-02,-3.172876009000000219e-02
7.118646600000000380e-01,8.773404062999999864e-01,-3.145164308000000103e-02,-3.165830954999999947e-02
7.121045000000000291e-01,8.785034482000000366e-01,-3.356143880999999662e-02,-3.160471596000000161e-02
7.123428400000000327e-01,8.801957183999999934e-01,-3.568589602999999721e-02,-3.161076477000000079e-02
7.125811699999999860e-01,8.816693304999999592e-01,-3.765012655999999680e-02,-3.162993207999999917e-02
7.128195099999999895e-01,8.826233288999999482e-01,-3.960439345999999805e-02,-3.157384597000000015e-02
7.130593800000000204e-01,8.830814336000000209e-01,-4.135759886999999801e-02,-3.149775735000000243e-02
7.132992599999999905e-01,8.830242420999999675e-01,-4.317518890000000137e-02,-3.143649351000000342e-02
7.135391300000000214e-01,8.826550088000000294e-01,-4.455929907000000245e-02,-3.142584239000000002e-02
7.137790099999999915e-01,8.823790764000000175e-01,-4.573668599999999862e-02,-3.146047058999999757e-02
7.140204799999999574e-01,8.824691464999999679e-01,-4.697038865000000007e-02,-3.150420780999999698e-02
7.142619500000000343e-01,8.822503543999999920e-01,-4.821349018999999958e-02,-3.152311319000000028e-02
7.145034300000000504e-01,8.819925767999999833e-01,-4.927464116000000033e-02,-3.149694446000000231e-02
7.147465499999999805e-01,8.801884359999999630e-01,-5.026481109000000003e-02,-3.133822702999999876e-02
7.149913700000000150e-01,8.791157180999999987e-01,-5.101402429000000127e-02,-3.127095792000000180e-02
7.152361799999999992e-01,8.787228868999999998e-01,-5.201236140999999924e-02,-3.119184897000000165e-02
7.154827400000000059e-01,8.780112694999999690e-01,-5.300510444999999987e-02,-3.109114249000000108e-02
7.157292899999999625e-01,8.770384127999999446e-01,-5.409167921000000018e-02,-3.090589340999999948e-02
7.159758400000000300e-01,8.755908622000000419e-01,-5.513937544999999996e-02,-3.066848347000000058e-02
7.162241900000000383e-01,8.735341645999999960e-01,-5.562678497000000249e-02,-3.046303838000000153e-02
7.164725400000000466e-01,8.721248262999999890e-01,-5.582416359000000328e-02,-3.036207460000000039e-02
7.167208900000000549e-01,8.706361190000000416e-01,-5.577866098999999939e-02,-3.028408268999999847e-02
7.169711100000000226e-01,8.685422833999999481e-01,-5.522665856000000262e-02,-3.022259411000000062e-02
7.172213299999999903e-01,8.667014929999999895e-01,-5.438591644000000114e-02,-3.018096670999999981e-02
7.174734799999999968e-01,8.645606327999999507e-01,-5.343224784000000227e-02,-3.002694795000000055e-02
7.177256199999999531e-01,8.634302573000000036e-01,-5.243189292000000057e-02,-2.994106625999999952e-02
7.179777600000000204e-01,8.624919380000000135e-01,-5.169976300000000274e-02,-2.980602819000000014e-02
7.182319099999999734e-01,8.619700880999999759e-01,-5.096491838000000163e-02,-2.977550409999999911e-02
7.184860499999999872e-01,8.618880384999999533e-01,-5.011836321000000261e-02,-2.974886185999999974e-02
7.187422599999999662e-01,8.611951205000000220e-01,-4.956468623000000184e-02,-2.968015276999999910e-02
7.189984699999999451e-01,8.600433607999999897e-01,-4.888005480000000291e-02,-2.953644495000000078e-02
7.192568200000000189e-01,8.583138664999999667e-01,-4.849143597000000333e-02,-2.931859037000000140e-02
7.195151699999999817e-01,8.569659231999999793e-01,-4.830422162999999797e-02,-2.912094428000000165e-02
7.197757200000000077e-01,8.551725478999999686e-01,-4.840304203999999666e-02,-2.881720432999999859e-02
7.200340499999999810e-01,8.543107331000000526e-01,-4.852291906999999654e-02,-2.855313873000000016e-02
7.202923799999999543e-01,8.527807874999999704e-01,-4.885870587999999876e-02,-2.826632247000000070e-02
7.205484800000000467e-01,8.511291864000000151e-01,-4.931445220999999823e-02,-2.790265013999999877e-02
7.208045800000000281e-01,8.495322759000000223e-01,-4.988171960999999988e-02,-2.756538868000000045e-02
7.210584500000000174e-01,8.488871186999999985e-01,-5.038074717999999758e-02,-2.730808967000000059e-02
7.213123200000000068e-01,8.483988892999999587e-01,-5.100341326999999897e-02,-2.708870936000000104e-02
7.215639700000000545e-01,8.478135712000000046e-01,-5.172340124000000122e-02,-2.691189626999999918e-02
7.218156100000000519e-01,8.475752854000000447e-01,-5.231735487999999989e-02,-2.684956353999999948e-02
7.220672599999999886e-01,8.475379309999999666e-01,-5.286237791000000102e-02,-2.685204592000000126e-02
7.223166600000000548e-01,8.473692580999999668e-01,-5.329824553000000326e-02,-2.685890538999999994e-02
7.225660600000000100e-01,8.469934187000000003e-01,-5.363741902000000034e-02,-2.696078510999999969e-02
7.228132099999999838e-01,8.475037598000000338e-01,-5.413423767000000164e-02,-2.706144434000000085e-02
7.230603700000000078e-01,8.478098973000000038e-01,-5.440471084000000207e-02,-2.721618584000000049e-02
7.233075199999999816e-01,8.489684569000000014e-01,-5.485271896999999869e-02,-2.746241660999999834e-02
7.235523999999999845e-01,8.505649627000000379e-01,-5.542619752999999871e-02,-2.768152456000000025e-02
7.237972900000000376e-01,8.523704962000000496e-01,-5.605936781000000341e-02,-2.792200232000000004e-02
7.240421700000000405e-01,8.532041961999999868e-01,-5.645564105999999888e-02,-2.813871281000000085e-02
7.242870599999999826e-01,8.540003647999999670e-01,-5.699528679000000209e-02,-2.830404039000000010e-02
7.245296300000000356e-01,8.553093269000000554e-01,-5.731506039999999941e-02,-2.858054310000000126e-02
7.247722100000000278e-01,8.563994902999999548e-01,-5.759422649999999810e-02,-2.879157039000000001e-02
7.250147799999999698e-01,8.572262821999999671e-01,-5.786359480000000111e-02,-2.902502688999999969e-02
7.252573599999999621e-01,8.579845915999999573e-01,-5.792806317000000205e-02,-2.925441650000000157e-02
7.254999300000000151e-01,8.589076512000000108e-01,-5.780585114999999691e-02,-2.947310065000000034e-02
7.257425100000000073e-01,8.601369359999999631e-01,-5.789075342999999707e-02,-2.965689478000000170e-02
7.259850799999999493e-01,8.605950182999999587e-01,-5.801788103999999668e-02,-2.972928315000000071e-02
7.262276600000000526e-01,8.606706887999999722e-01,-5.791700430999999899e-02,-2.984958202000000116e-02
7.264702299999999946e-01,8.610281322999999709e-01,-5.777399730999999844e-02,-2.995054175000000027e-02
7.267128099999999868e-01,8.617181950000000201e-01,-5.751168933999999816e-02,-3.004752850000000017e-02
7.269579400000000247e-01,8.619278575000000053e-01,-5.720856517000000308e-02,-3.012797056999999903e-02
7.272030600000000122e-01,8.627696969999999466e-01,-5.685239361999999685e-02,-3.020068780000000064e-02
7.274481900000000500e-01,8.633294827999999921e-01,-5.587506966999999936e-02,-3.023106869999999877e-02
7.276960099999999487e-01,8.635461931000000257e-01,-5.405835130000000155e-02,-3.029330111000000034e-02
7.279438400000000087e-01,8.642472382000000453e-01,-5.199053044000000179e-02,-3.034282639000000087e-02
7.281916600000000184e-01,8.648341333000000297e-01,-4.983719311999999790e-02,-3.039865220000000090e-02
7.284423300000000268e-01,8.656364013999999774e-01,-4.756747864000000076e-02,-3.056603860999999867e-02
7.286930000000000351e-01,8.663742472000000028e-01,-4.495244285000000312e-02,-3.068682170999999931e-02
7.289436700000000435e-01,8.664242219000000134e-01,-4.190067128999999668e-02,-3.082866119999999946e-02
7.291973600000000166e-01,8.660239004999999990e-01,-3.879698176000000165e-02,-3.097831411999999937e-02
7.294510499999999897e-01,8.661212656000000232e-01,-3.554993615999999662e-02,-3.122468491999999887e-02
7.297079100000000151e-01,8.656287981000000409e-01,-3.222681347999999807e-02,-3.150488340000000276e-02
7.299647799999999798e-01,8.655906432000000095e-01,-2.923382029000000035e-02,-3.183544120000000172e-02
7.302216400000000052e-01,8.653166914000000043e-01,-2.620890162999999981e-02,-3.215573274999999898e-02
7.304785000000000306e-01,8.645776636999999987e-01,-2.324770073999999839e-02,-3.243997092999999915e-02
7.307387899999999714e-01,8.624152711000000471e-01,-2.048660408999999905e-02,-3.266206163999999662e-02
7.309990699999999730e-01,8.605099199000000310e-01,-1.825060530000000014e-02,-3.281075919999999757e-02
7.312593600000000249e-01,8.592072949000000293e-01,-1.635993758000000090e-02,-3.299836371999999990e-02
7.315196499999999658e-01,8.585675551000000461e-01,-1.421218450000000071e-02,-3.324707412999999834e-02
7.317799299999999674e-01,8.579797560999999906e-01,-1.229976340000000015e-02,-3.347887193000000094e-02
7.320402200000000192e-01,8.567684255999999943e-01,-1.077309842999999920e-02,-3.367337725999999809e-02
7.323005099999999601e-01,8.550197148999999497e-01,-9.429493978999999720e-03,-3.378165654000000323e-02
7.325570200000000032e-01,8.539312569000000464e-01,-8.183799351000000180e-03,-3.390866134000000004e-02
7.328135300000000463e-01,8.525252528000000218e-01,-7.193272698000000367e-03,-3.404407669000000108e-02
7.330700500000000286e-01,8.515667895999999848e-01,-6.527161662000000031e-03,-3.428682397999999881e-02
7.333265599999999607e-01,8.507645217000000537e-01,-6.425587005000000379e-03,-3.440343970000000334e-02
7.335791900000000476e-01,8.508630641000000105e-01,-6.239056183999999901e-03,-3.459338088999999727e-02
7.338318200000000235e-01,8.510734017000000096e-01,-6.255846433000000241e-03,-3.479749423999999730e-02
7.340844499999999995e-01,8.523161236999999835e-01,-6.496810769000000395e-03,-3.501821798000000208e-02
7.343370700000000362e-01,8.534207726000000438e-01,-7.025786578000000303e-03,-3.517637264000000180e-02
7.345856899999999579e-01,8.559222061000000270e-01,-7.692831292999999931e-03,-3.536614700000000056e-02
7.348343099999999906e-01,8.578379702999999745e-01,-8.615475798000000324e-03,-3.553282935999999698e-02
7.350829300000000233e-01,8.600100278000000209e-01,-9.921440373999999493e-03,-3.572798213000000223e-02
7.353315499999999449e-01,8.621510854999999696e-01,-1.152788545000000067e-02,-3.588512321000000144e-02
7.355801600000000384e-01,8.650928342000000493e-01,-1.335498708000000014e-02,-3.607538192000000338e-02
7.358245700000000111e-01,8.680949609000000455e-01,-1.533102004999999969e-02,-3.618760408999999872e-02
7.360689700000000446e-01,8.708328382000000145e-01,-1.750022148000000138e-02,-3.626020541999999680e-02
7.363133800000000173e-01,8.728345641000000432e-01,-1.998864280000000118e-02,-3.620202361000000174e-02
7.365577800000000508e-01,8.760508152000000548e-01,-2.288388899000000018e-02,-3.606562483999999763e-02
7.367978200000000477e-01,8.796162876999999991e-01,-2.571156573000000015e-02,-3.601456397999999726e-02
7.370378600000000446e-01,8.819686963999999740e-01,-2.855294292000000109e-02,-3.576416031000000106e-02
7.372779000000000416e-01,8.847071842000000519e-01,-3.119921599999999837e-02,-3.553973156999999661e-02
7.375179400000000385e-01,8.875012241999999940e-01,-3.385478766999999722e-02,-3.532552702999999794e-02
7.377579800000000354e-01,8.898908799000000425e-01,-3.625714023999999924e-02,-3.514590190999999919e-02
7.379934000000000216e-01,8.920609405999999630e-01,-3.869718718000000196e-02,-3.484318262000000305e-02
7.382288299999999470e-01,8.936778440000000545e-01,-4.078303006999999675e-02,-3.460460894000000343e-02
7.384642500000000442e-01,8.947069516000000222e-01,-4.258889189000000103e-02,-3.437209464000000325e-02
7.386996700000000304e-01,8.951207714000000149e-01,-4.399152067999999999e-02,-3.415351520999999890e-02
7.389350999999999559e-01,8.952316783999999528e-01,-4.514052341000000107e-02,-3.390912322999999756e-02
7.391705200000000531e-01,8.946719176999999856e-01,-4.585064191000000344e-02,-3.367770793000000179e-02
7.394059400000000393e-01,8.937075901000000044e-01,-4.590942933000000115e-02,-3.344460301999999802e-02
7.396413699999999647e-01,8.926504537999999656e-01,-4.568610539000000220e-02,-3.332296575000000260e-02
7.398822600000000138e-01,8.903978318999999919e-01,-4.516005816000000228e-02,-3.325824228000000271e-02
7.401231600000000022e-01,8.891213517999999594e-01,-4.478786902000000264e-02,-3.324351057000000248e-02
7.403640599999999905e-01,8.873582053999999886e-01,-4.427981292000000152e-02,-3.328344091000000338e-02
7.406049599999999788e-01,8.848213204000000554e-01,-4.345603653999999955e-02,-3.330168823000000111e-02
7.408458599999999672e-01,8.822308765999999913e-01,-4.245513966000000194e-02,-3.333163936999999910e-02
7.410867599999999555e-01,8.805637050000000299e-01,-4.153624915999999667e-02,-3.341116195999999788e-02
7.413343500000000308e-01,8.783539767000000387e-01,-4.048473240000000084e-02,-3.350287485999999676e-02
7.415819399999999950e-01,8.773726719000000118e-01,-3.944466036000000148e-02,-3.362251558999999890e-02
7.418295299999999592e-01,8.761466313000000339e-01,-3.863986339000000103e-02,-3.365225439999999790e-02
7.420771200000000345e-01,8.748201433000000193e-01,-3.781906724999999775e-02,-3.369060956000000107e-02
7.423247099999999987e-01,8.729325091999999842e-01,-3.652159682000000185e-02,-3.370964458000000330e-02
7.425722999999999629e-01,8.705006977000000479e-01,-3.499912033000000117e-02,-3.365570874999999906e-02
7.428198900000000382e-01,8.685749267000000273e-01,-3.373361648999999990e-02,-3.364113663999999948e-02
7.430763200000000124e-01,8.664609954999999974e-01,-3.224462562000000171e-02,-3.371449319000000000e-02
7.433327499999999866e-01,8.655807721999999593e-01,-3.135635115000000306e-02,-3.371844955000000144e-02
7.435891900000000110e-01,8.652400188000000103e-01,-3.066963400999999853e-02,-3.368376852999999810e-02
7.438456199999999852e-01,8.649811998999999973e-01,-3.104137791000000091e-02,-3.356967143000000320e-02
7.441020499999999593e-01,8.648061792000000247e-01,-3.143837278000000124e-02,-3.335439550000000170e-02
7.443584800000000445e-01,8.645423339000000151e-01,-3.205394304999999860e-02,-3.309344463999999708e-02
7.446149199999999579e-01,8.641446549000000310e-01,-3.293884569000000290e-02,-3.278496681999999718e-02
7.448713500000000431e-01,8.637716500000000019e-01,-3.396126915000000079e-02,-3.240865824999999978e-02
7.451277800000000173e-01,8.635017939000000364e-01,-3.542438813999999880e-02,-3.199641869000000027e-02
7.453842099999999915e-01,8.637770301999999623e-01,-3.673106898000000342e-02,-3.165072590999999658e-02
7.456406500000000159e-01,8.644259069999999934e-01,-3.800058255000000190e-02,-3.132620170000000037e-02
7.458970799999999901e-01,8.654589928000000487e-01,-3.943057738999999895e-02,-3.104101068999999893e-02
7.461535099999999643e-01,8.661932307999999914e-01,-4.106339654999999894e-02,-3.069412490999999868e-02
7.464099400000000495e-01,8.670375626999999863e-01,-4.256033372000000287e-02,-3.043394383000000078e-02
7.466663799999999629e-01,8.683111539000000212e-01,-4.365404812999999773e-02,-3.023145487000000048e-02
7.469228100000000481e-01,8.689795702000000510e-01,-4.470069286000000197e-02,-3.008084709999999870e-02
7.471792400000000223e-01,8.699081319000000478e-01,-4.615542638000000308e-02,-2.987405149999999843e-02
7.474356699999999964e-01,8.710174196000000091e-01,-4.756106112999999858e-02,-2.968605071999999914e-02
7.476921100000000209e-01,8.722338632999999675e-01,-4.890615881999999665e-02,-2.953388859999999880e-02
7.479485399999999951e-01,8.733888216999999843e-01,-5.018754897000000242e-02,-2.939203693000000048e-02
7.482049699999999692e-01,8.744152038000000404e-01,-5.113504538000000071e-02,-2.927040591999999913e-02
7.484614000000000544e-01,8.761439001999999920e-01,-5.213297534999999927e-02,-2.920930461000000034e-02
7.487178399999999678e-01,8.771331025999999920e-01,-5.294045442999999879e-02,-2.915027594000000125e-02
7.489742700000000530e-01,8.771927161999999445e-01,-5.375499301000000174e-02,-2.906392753999999939e-02
7.492307000000000272e-01,8.773214674000000546e-01,-5.427057005000000128e-02,-2.900986665000000048e-02
7.494871300000000014e-01,8.771279195000000195e-01,-5.446103239999999790e-02,-2.897634518999999895e-02
7.497435700000000258e-01,8.765704304000000446e-01,-5.432449903000000080e-02,-2.898118407999999979e-02
7.500000000000000000e-01,8.756990556999999509e-01,-5.399467737000000073e-02,-2.899838537999999827e-02
7.502411599999999625e-01,8.769509863000000127e-01,-5.382844226999999870e-02,-2.907703581999999953e-02
7.504820100000000327e-01,8.751193543999999935e-01,-5.323566494000000343e-02,-2.915420100000000111e-02
7.507228500000000526e-01,8.730290035000000115e-01,-5.239151187999999820e-02,-2.926351556999999895e-02
7.509637000000000118e-01,8.714168881999999616e-01,-5.135730235000000171e-02,-2.944579911000000036e-02
7.512048599999999743e-01,8.701857277000000224e-01,-5.020531418000000190e-02,-2.966006247999999901e-02
7.514463300000000512e-01,8.696499366000000064e-01,-4.904706790999999871e-02,-2.993588075999999848e-02
7.516884200000000238e-01,8.686618040000000374e-01,-4.787767837999999665e-02,-3.020054210999999905e-02
7.519311499999999926e-01,8.673189000000000037e-01,-4.668907262000000086e-02,-3.045830526999999954e-02
7.521743499999999916e-01,8.659306985000000401e-01,-4.510832515000000320e-02,-3.071083403999999920e-02
7.524181899999999867e-01,8.651020067000000369e-01,-4.316788173000000312e-02,-3.104039138000000073e-02
7.526626600000000389e-01,8.641465257999999539e-01,-4.069632578000000056e-02,-3.141952280000000208e-02
7.529079400000000533e-01,8.636098503000000370e-01,-3.808225043999999976e-02,-3.178218084000000027e-02
7.531540399999999691e-01,8.626693507999999566e-01,-3.551307315999999853e-02,-3.213734517999999873e-02
7.534011099999999850e-01,8.621915243000000117e-01,-3.280819353000000160e-02,-3.252968595999999879e-02
7.536493399999999454e-01,8.619876336999999777e-01,-3.026837693000000024e-02,-3.288808514000000210e-02
7.538987299999999614e-01,8.617941957000000430e-01,-2.768113346000000002e-02,-3.324850850000000274e-02
7.541494800000000387e-01,8.615974314000000023e-01,-2.525189993999999924e-02,-3.359320308000000171e-02
7.544015899999999553e-01,8.615419138000000032e-01,-2.317990652000000151e-02,-3.387924531000000017e-02
7.546549000000000174e-01,8.608467179000000025e-01,-2.160922238999999842e-02,-3.402756185999999961e-02
7.549096100000000087e-01,8.602088008999999591e-01,-2.018883788999999845e-02,-3.408872478000000289e-02
7.551655499999999632e-01,8.599133587999999717e-01,-1.919125375999999883e-02,-3.415881981999999845e-02
7.554227399999999815e-01,8.590193727999999584e-01,-1.860082081999999901e-02,-3.416341995000000270e-02
7.556811799999999524e-01,8.584141604999999675e-01,-1.809737158000000040e-02,-3.417248995000000261e-02
7.559407200000000104e-01,8.577326627000000370e-01,-1.783666694999999983e-02,-3.414009828999999691e-02
7.562015399999999499e-01,8.570746117999999969e-01,-1.805552810999999994e-02,-3.406730648999999750e-02
7.564636500000000430e-01,8.564915490000000187e-01,-1.835531825999999964e-02,-3.385273226999999802e-02
7.567268900000000409e-01,8.565929587999999706e-01,-1.856734456000000075e-02,-3.370074781000000075e-02
7.569912699999999939e-01,8.565617563999999851e-01,-1.919222560000000133e-02,-3.351614465999999681e-02
7.572567900000000130e-01,8.562476642999999887e-01,-2.003138507000000110e-02,-3.328972444000000142e-02
7.575232699999999708e-01,8.562645430999999974e-01,-2.091030514999999909e-02,-3.307131315999999738e-02
7.577905200000000230e-01,8.560318572999999764e-01,-2.160157580999999896e-02,-3.290576667999999677e-02
7.580585600000000479e-01,8.560848924999999721e-01,-2.252728721000000003e-02,-3.277674403999999986e-02
7.583273799999999953e-01,8.560669398000000374e-01,-2.343255718000000071e-02,-3.265554543000000198e-02
7.585969900000000266e-01,8.561122750999999864e-01,-2.440485652000000047e-02,-3.246250498000000095e-02
7.588673999999999698e-01,8.560673550999999826e-01,-2.545213680000000048e-02,-3.226533657999999805e-02
7.591386100000000470e-01,8.569865073000000333e-01,-2.625284544999999942e-02,-3.221992422000000134e-02
7.594106299999999754e-01,8.583268202999999597e-01,-2.682351297999999856e-02,-3.221777021999999713e-02
7.596832500000000321e-01,8.592053953999999605e-01,-2.739777063999999929e-02,-3.219384701999999931e-02
7.599564899999999845e-01,8.593273491999999791e-01,-2.809911752000000124e-02,-3.219882304999999861e-02
7.602303400000000044e-01,8.586460463999999737e-01,-2.851337153999999874e-02,-3.224949695999999866e-02
7.605048100000000311e-01,8.582671107999999549e-01,-2.890996297999999867e-02,-3.225249043000000260e-02
7.607798999999999534e-01,8.581353223000000030e-01,-2.959055416000000091e-02,-3.223060679999999872e-02
7.610556099999999935e-01,8.573550008000000444e-01,-3.007587458999999921e-02,-3.219280530000000196e-02
7.613317499999999738e-01,8.564111051999999669e-01,-3.074539416999999900e-02,-3.213849031999999745e-02
7.616070400000000129e-01,8.559571733999999932e-01,-3.111663263999999915e-02,-3.214896837000000285e-02
7.618812999999999835e-01,8.567581131999999489e-01,-3.158076309999999914e-02,-3.221902952999999847e-02
7.621545299999999967e-01,8.573177992999999608e-01,-3.197291882000000141e-02,-3.223202944999999792e-02
7.624269399999999974e-01,8.574716572999999675e-01,-3.228478138000000219e-02,-3.229715771999999707e-02
7.626981200000000349e-01,8.576764498000000181e-01,-3.248917281000000129e-02,-3.236332361000000130e-02
7.629682899999999934e-01,8.586487286999999746e-01,-3.265858910999999698e-02,-3.251502407000000233e-02
7.632374600000000342e-01,8.593700490000000247e-01,-3.275106064000000289e-02,-3.266718427000000341e-02
7.635054300000000405e-01,8.598457995999999603e-01,-3.259229115000000093e-02,-3.275145114999999940e-02
7.637724200000000074e-01,8.603607940999999926e-01,-3.202686060999999917e-02,-3.283499897000000112e-02
7.640382199999999902e-01,8.612509012000000297e-01,-3.126878963000000178e-02,-3.295029322000000288e-02
7.643030499999999838e-01,8.625846081000000387e-01,-3.080388073000000018e-02,-3.303919595000000264e-02
7.645667200000000330e-01,8.641563556000000368e-01,-3.048993909999999849e-02,-3.312164463000000225e-02
7.648292300000000266e-01,8.658724290000000545e-01,-3.022585800000000128e-02,-3.322363084999999799e-02
7.650905999999999541e-01,8.671873611999999509e-01,-3.032272202999999888e-02,-3.333361966000000093e-02
7.653508399999999767e-01,8.681059826000000479e-01,-3.032147359999999917e-02,-3.343812765999999714e-02
7.656099600000000338e-01,8.688291827999999883e-01,-3.030450030999999947e-02,-3.355748277000000085e-02
7.658679499999999640e-01,8.691112077999999519e-01,-2.985943618000000063e-02,-3.367121291999999877e-02
7.661248400000000291e-01,8.692763137000000251e-01,-2.925014744999999972e-02,-3.380951809999999808e-02
7.663806300000000071e-01,8.694345039999999969e-01,-2.858794615000000150e-02,-3.395447101000000079e-02
7.666353399999999985e-01,8.697357137000000238e-01,-2.777026243000000130e-02,-3.416801331000000191e-02
7.668891300000000300e-01,8.703754435999999650e-01,-2.709513948999999963e-02,-3.441497501000000125e-02
7.671422199999999858e-01,8.705882270999999450e-01,-2.624733543999999835e-02,-3.465581823000000311e-02
7.673949399999999699e-01,8.707625649000000356e-01,-2.536217290000000041e-02,-3.487377667000000209e-02
7.676473099999999716e-01,8.704270125999999941e-01,-2.461030301000000087e-02,-3.495618008000000304e-02
7.678996799999999734e-01,8.699607890999999649e-01,-2.382629351999999978e-02,-3.506041422000000241e-02
7.681520400000000359e-01,8.699319546999999542e-01,-2.322188479999999847e-02,-3.518729154999999942e-02
7.684047699999999592e-01,8.706414502000000555e-01,-2.270150213999999958e-02,-3.528556472000000249e-02
7.686580299999999921e-01,8.708857070000000089e-01,-2.260806830999999989e-02,-3.536227098999999985e-02
7.689120200000000294e-01,8.710259556999999653e-01,-2.274427978999999864e-02,-3.541963298999999815e-02
7.691667300000000207e-01,8.701904639999999969e-01,-2.319879669999999963e-02,-3.530608952000000023e-02
7.694221799999999556e-01,8.694570417000000440e-01,-2.370661311000000007e-02,-3.514368838000000300e-02
7.696785400000000221e-01,8.684143207000000197e-01,-2.451915387999999835e-02,-3.491249005000000155e-02
7.699350900000000442e-01,8.684253788000000363e-01,-2.525873262999999910e-02,-3.473916063000000165e-02
7.701909000000000116e-01,8.681051929999999972e-01,-2.608998415999999945e-02,-3.455713433999999668e-02
7.704459700000000355e-01,8.681679851000000392e-01,-2.705304834000000005e-02,-3.437810244000000237e-02
7.707003199999999943e-01,8.681130845000000207e-01,-2.829471248000000119e-02,-3.412292321000000295e-02
7.709539300000000095e-01,8.683762128999999996e-01,-2.960713573999999848e-02,-3.389052474999999787e-02
7.712068199999999596e-01,8.687878431000000123e-01,-3.076609741999999925e-02,-3.368106810000000284e-02
7.714591699999999719e-01,8.693689263999999639e-01,-3.215128814999999862e-02,-3.344845368999999763e-02
7.717109800000000464e-01,8.701420335999999756e-01,-3.352364580000000149e-02,-3.315457628000000045e-02
7.719622499999999610e-01,8.703808629999999491e-01,-3.511089139000000275e-02,-3.283392682999999868e-02
7.722129899999999880e-01,8.705750415999999881e-01,-3.675932929999999738e-02,-3.249650543000000280e-02
7.724631899999999662e-01,8.705019497999999523e-01,-3.831146584000000299e-02,-3.217371279000000306e-02
7.727130399999999621e-01,8.709878719000000435e-01,-4.001317154999999709e-02,-3.184104808000000342e-02
7.729623599999999595e-01,8.709345962000000219e-01,-4.192822031000000005e-02,-3.145541252000000343e-02
7.732113299999999745e-01,8.707181628000000284e-01,-4.351710169999999794e-02,-3.111993068000000126e-02
7.734597699999999909e-01,8.704736137999999901e-01,-4.494160959000000066e-02,-3.076149410000000167e-02
7.737076800000000087e-01,8.702302625000000180e-01,-4.590227403000000234e-02,-3.043806753000000143e-02
7.739552400000000443e-01,8.697980752999999732e-01,-4.688635551999999901e-02,-3.011583836000000097e-02
7.742022800000000204e-01,8.691285595000000086e-01,-4.757045459999999920e-02,-2.985061048999999855e-02
7.744489799999999535e-01,8.685487413000000378e-01,-4.780496533999999825e-02,-2.966983621000000154e-02
7.746951499999999990e-01,8.679909792000000124e-01,-4.824122398999999839e-02,-2.950340134999999975e-02
7.749409800000000015e-01,8.671436784999999592e-01,-4.845849512000000026e-02,-2.932025197999999985e-02
7.751864600000000216e-01,8.664437013000000354e-01,-4.834144541999999684e-02,-2.923058922999999948e-02
7.754314300000000326e-01,8.654013667000000076e-01,-4.779181894000000125e-02,-2.918930361999999903e-02
7.756760499999999503e-01,8.641652579999999917e-01,-4.725452575999999905e-02,-2.913392534999999922e-02
7.759205099999999522e-01,8.633635230999999743e-01,-4.643929740000000278e-02,-2.915211280999999849e-02
7.761647900000000488e-01,8.621937773000000194e-01,-4.543099608000000095e-02,-2.921460174999999937e-02
7.764090700000000345e-01,8.612909936999999516e-01,-4.421128601999999713e-02,-2.932846472999999995e-02
7.766537000000000024e-01,8.598061111999999451e-01,-4.313825234000000231e-02,-2.940910928999999896e-02
7.768986599999999632e-01,8.580684648999999942e-01,-4.187675829999999710e-02,-2.952844553999999996e-02
7.771441500000000335e-01,8.565581050999999668e-01,-4.040898436999999788e-02,-2.971573812999999883e-02
7.773903300000000183e-01,8.549444631999999489e-01,-3.851471439999999691e-02,-2.990290597999999828e-02
7.776372200000000179e-01,8.536881382000000018e-01,-3.616798647000000339e-02,-3.010400161000000019e-02
7.778849799999999481e-01,8.529853933000000055e-01,-3.390574026999999824e-02,-3.032062849000000115e-02
7.781336300000000206e-01,8.525047547999999864e-01,-3.151962208999999765e-02,-3.059210241999999955e-02
7.783833500000000294e-01,8.519200314000000551e-01,-2.922238912999999827e-02,-3.081205861000000171e-02
7.786341599999999641e-01,8.517547358999999485e-01,-2.698513184999999995e-02,-3.106264984999999867e-02
7.788862500000000022e-01,8.519507512999999754e-01,-2.475859324999999875e-02,-3.132327659999999819e-02
7.791396200000000327e-01,8.520047122999999667e-01,-2.275971253000000014e-02,-3.153943424999999801e-02
7.793944999999999901e-01,8.526814338999999521e-01,-2.081297478000000006e-02,-3.179616066000000296e-02
7.796506899999999796e-01,8.530355567999999833e-01,-1.914711632000000094e-02,-3.199835300000000021e-02
7.799082200000000409e-01,8.538650432000000068e-01,-1.740676286999999836e-02,-3.215676281000000303e-02
7.801671000000000022e-01,8.540475418999999846e-01,-1.615521840000000084e-02,-3.231131755999999688e-02
7.804273600000000144e-01,8.546743350000000072e-01,-1.500610389000000058e-02,-3.245856572999999967e-02
7.806889900000000271e-01,8.542536930999999889e-01,-1.387089908000000045e-02,-3.257661433000000328e-02
7.809518199999999633e-01,8.543156362999999587e-01,-1.307690119999999935e-02,-3.271478226999999933e-02
7.812160700000000402e-01,8.544590576999999687e-01,-1.246468178999999947e-02,-3.287458202000000107e-02
7.814815400000000301e-01,8.546942333999999475e-01,-1.211547087000000057e-02,-3.303975868000000315e-02
7.817482500000000334e-01,8.553305467999999800e-01,-1.180152368000000028e-02,-3.324187247000000289e-02
7.820159899999999942e-01,8.553533604999999929e-01,-1.150291410999999993e-02,-3.343549089000000252e-02
7.822847899999999521e-01,8.551588547999999790e-01,-1.141236978000000069e-02,-3.363080975999999805e-02
7.825540100000000221e-01,8.553992139999999633e-01,-1.157589822999999934e-02,-3.382303764999999851e-02
7.828225899999999848e-01,8.556714528000000097e-01,-1.164585175999999916e-02,-3.401940422000000047e-02
7.830903399999999959e-01,8.555553755999999455e-01,-1.160760880999999953e-02,-3.419414235999999885e-02
7.833572500000000050e-01,8.553356357000000409e-01,-1.189247480999999947e-02,-3.438529670999999899e-02
7.836233200000000121e-01,8.552677344000000348e-01,-1.213614216999999926e-02,-3.455627307999999814e-02
7.838883700000000010e-01,8.555036243000000429e-01,-1.209462103000000059e-02,-3.475275435999999885e-02
7.841523799999999822e-01,8.550762025000000488e-01,-1.231249807999999953e-02,-3.488484744999999915e-02
7.844153799999999954e-01,8.545737221000000439e-01,-1.269487996000000056e-02,-3.493827212000000237e-02
7.846773700000000407e-01,8.549431746000000221e-01,-1.279244600999999981e-02,-3.505972666999999932e-02
7.849383599999999461e-01,8.559737806999999643e-01,-1.287230110000000052e-02,-3.526411373999999849e-02
7.851983399999999946e-01,8.565100933000000527e-01,-1.305080112000000028e-02,-3.549213973999999772e-02
7.854573400000000039e-01,8.570633850000000109e-01,-1.328239821000000084e-02,-3.566461469999999967e-02
7.857153500000000346e-01,8.575737881999999646e-01,-1.385230626000000069e-02,-3.575825414000000091e-02
7.859721899999999595e-01,8.578003794999999876e-01,-1.453201206999999925e-02,-3.579600759999999882e-02
7.862278600000000006e-01,8.583540826000000123e-01,-1.535909159000000031e-02,-3.585679867000000215e-02
7.864822000000000202e-01,8.589856044000000468e-01,-1.594624168000000064e-02,-3.594801115000000047e-02
7.867351999999999679e-01,8.598758192000000022e-01,-1.654149209999999925e-02,-3.606011019000000123e-02
7.869868899999999945e-01,8.611187162000000228e-01,-1.687494642999999919e-02,-3.619951864999999824e-02
7.872372699999999890e-01,8.626287592000000393e-01,-1.702650060000000104e-02,-3.633752713999999912e-02
7.874863500000000016e-01,8.634682795000000466e-01,-1.734973245999999955e-02,-3.643064819999999870e-02
7.877339799999999448e-01,8.645050043999999989e-01,-1.778772565999999986e-02,-3.648298813999999862e-02
7.879801600000000406e-01,8.653683212999999652e-01,-1.840147631999999867e-02,-3.652631580000000044e-02
7.882250899999999616e-01,8.661187107000000163e-01,-1.898430811000000051e-02,-3.656783051999999701e-02
7.884689499999999462e-01,8.670917093000000131e-01,-1.935428812000000026e-02,-3.661762904000000207e-02
7.887115799999999677e-01,8.682154545000000390e-01,-1.991958492000000039e-02,-3.664309382000000004e-02
7.889531699999999814e-01,8.690442847999999554e-01,-2.029907342000000087e-02,-3.658638160000000222e-02
7.891935399999999712e-01,8.698273023000000492e-01,-2.039316889000000049e-02,-3.653695923999999984e-02
7.894328900000000537e-01,8.706506935000000169e-01,-2.030604797000000114e-02,-3.649638478000000186e-02
7.896712200000000070e-01,8.720780010999999998e-01,-2.051292144000000164e-02,-3.648804070000000177e-02
7.899085399999999924e-01,8.735721573000000406e-01,-2.108859240000000163e-02,-3.645193939000000022e-02
7.901448500000000097e-01,8.754930631999999768e-01,-2.185846807999999863e-02,-3.638614683000000044e-02
7.903801700000000485e-01,8.778264145999999934e-01,-2.239777399999999877e-02,-3.640438658000000327e-02
7.906144999999999978e-01,8.790846126000000371e-01,-2.324745204000000162e-02,-3.630693155999999838e-02
7.908478399999999686e-01,8.800651511000000538e-01,-2.384482318999999947e-02,-3.622329343999999840e-02
7.910803800000000274e-01,8.811402954999999482e-01,-2.485104277000000153e-02,-3.609724758999999922e-02
7.913122700000000398e-01,8.817477617000000212e-01,-2.602457073999999912e-02,-3.589932956999999925e-02
7.915436700000000325e-01,8.821322227000000238e-01,-2.747129761000000059e-02,-3.567502614999999710e-02
7.917744399999999683e-01,8.824895155999999963e-01,-2.877344105000000096e-02,-3.549120994999999806e-02
7.920047199999999954e-01,8.823891999999999847e-01,-3.028359561999999922e-02,-3.528010789000000230e-02
7.922346900000000192e-01,8.819581074000000243e-01,-3.135040903999999906e-02,-3.509418462999999710e-02
7.924645000000000161e-01,8.805907843000000401e-01,-3.227016927999999674e-02,-3.489417144000000331e-02
7.926944700000000399e-01,8.797026638999999593e-01,-3.302261035000000206e-02,-3.476586589999999810e-02
7.929247600000000062e-01,8.787877179999999955e-01,-3.341244842999999826e-02,-3.467355417000000245e-02
7.931553700000000262e-01,8.775448151000000419e-01,-3.356670038000000161e-02,-3.458999524999999825e-02
7.933864600000000156e-01,8.761019579000000057e-01,-3.378436815000000065e-02,-3.449215746999999971e-02
7.936180299999999743e-01,8.751825653000000482e-01,-3.424660007000000089e-02,-3.441057203999999675e-02
7.938502600000000298e-01,8.749550091000000140e-01,-3.462711628000000180e-02,-3.442331576000000337e-02
7.940831299999999704e-01,8.746456593000000446e-01,-3.511524771999999933e-02,-3.446824830999999784e-02
7.943168299999999737e-01,8.745375845999999731e-01,-3.552321767000000269e-02,-3.454505793999999852e-02
7.945516900000000327e-01,8.748201075999999521e-01,-3.571785470999999657e-02,-3.461813740999999944e-02
7.947877199999999753e-01,8.736535170000000461e-01,-3.599492492999999821e-02,-3.459680479999999864e-02
7.950249499999999525e-01,8.726704011999999455e-01,-3.601385245000000151e-02,-3.464979549000000297e-02
7.952631900000000087e-01,8.717104479999999711e-01,-3.615761868999999712e-02,-3.458824429000000034e-02
7.955026600000000281e-01,8.703291121999999769e-01,-3.624507485999999695e-02,-3.452665248999999686e-02
7.957431600000000049e-01,8.693630592000000101e-01,-3.663836332999999973e-02,-3.442635344000000153e-02
7.959845500000000129e-01,8.684105279999999594e-01,-3.714083761999999872e-02,-3.432836168000000243e-02
7.962270099999999573e-01,8.677289299999999539e-01,-3.748143582999999973e-02,-3.425642965000000317e-02
7.964703699999999831e-01,8.665925674000000134e-01,-3.747583542999999989e-02,-3.416031156999999735e-02
7.967146299999999792e-01,8.662354549999999875e-01,-3.760495068999999968e-02,-3.403633756999999843e-02
7.969599800000000123e-01,8.658927003999999927e-01,-3.782397980999999826e-02,-3.391410727000000042e-02
7.972064399999999607e-01,8.652433453000000219e-01,-3.856215830000000316e-02,-3.368066220000000277e-02
7.974540199999999857e-01,8.650233487999999804e-01,-3.912821550000000065e-02,-3.342581877999999812e-02
7.977027300000000265e-01,8.647285860000000213e-01,-3.999682496000000337e-02,-3.315349101000000104e-02
7.979514399999999563e-01,8.650881350000000358e-01,-4.091390629000000306e-02,-3.289500920999999939e-02
7.981990100000000421e-01,8.655693629999999805e-01,-4.180739139999999771e-02,-3.257234303999999997e-02
7.984456500000000068e-01,8.660640485999999694e-01,-4.261511725000000084e-02,-3.225303625999999951e-02
7.986913700000000116e-01,8.662725263999999648e-01,-4.373191996999999803e-02,-3.189542311000000130e-02
7.989359799999999900e-01,8.660377179999999564e-01,-4.469303347999999815e-02,-3.147279937999999944e-02
7.991796700000000087e-01,8.656966709000000204e-01,-4.595610675000000311e-02,-3.105481847999999948e-02
7.994222800000000406e-01,8.651255707999999656e-01,-4.708203368000000305e-02,-3.059798630999999852e-02
7.996639800000000520e-01,8.648260980999999958e-01,-4.792807721000000298e-02,-3.021333383999999858e-02
7.999047999999999714e-01,8.641670933999999749e-01,-4.881378774000000309e-02,-2.985864973999999977e-02
8.001449000000000478e-01,8.642505069000000484e-01,-4.948952496999999701e-02,-2.959047887999999987e-02
8.003842899999999982e-01,8.643293370000000309e-01,-4.995412786999999660e-02,-2.931557958000000075e-02
8.006229799999999841e-01,8.642195453000000027e-01,-5.014401395999999733e-02,-2.907656767000000100e-02
8.008607899999999891e-01,8.647611638000000100e-01,-5.020200201999999723e-02,-2.887011591000000071e-02
8.010979099999999686e-01,8.649363828999999670e-01,-5.055773549999999922e-02,-2.868975816999999942e-02
8.013343299999999836e-01,8.647069296999999599e-01,-5.096684802999999764e-02,-2.849273195999999994e-02
8.015704099999999555e-01,8.640549049000000315e-01,-5.120028538000000184e-02,-2.827019034000000097e-02
8.018063199999999613e-01,8.635760610999999587e-01,-5.144138474999999933e-02,-2.805987848000000145e-02
8.020422299999999671e-01,8.633726108999999482e-01,-5.121952050999999811e-02,-2.793463905000000136e-02
8.022783100000000500e-01,8.626841678000000124e-01,-5.027285519000000008e-02,-2.781711769000000042e-02
8.025147299999999539e-01,8.622161208999999937e-01,-4.904930068999999865e-02,-2.774441381000000012e-02
8.027513299999999852e-01,8.619730250999999566e-01,-4.794634689999999894e-02,-2.771339607000000010e-02
8.029882799999999987e-01,8.619392247999999590e-01,-4.671780704000000339e-02,-2.771667435000000138e-02
8.032255799999999946e-01,8.621681869999999748e-01,-4.551014761999999658e-02,-2.771962362999999888e-02
8.034632200000000335e-01,8.624635966000000487e-01,-4.420376381999999854e-02,-2.777623243999999963e-02
8.037012199999999940e-01,8.622972241999999898e-01,-4.280674503000000269e-02,-2.781907327999999860e-02
8.039399299999999693e-01,8.617082230999999481e-01,-4.132029487000000306e-02,-2.792983044999999831e-02
8.041793499999999595e-01,8.610127669999999567e-01,-3.977099500000000343e-02,-2.813788932999999881e-02
8.044194799999999645e-01,8.609494316000000369e-01,-3.812925981999999714e-02,-2.845636585999999912e-02
8.046605199999999902e-01,8.611573900000000226e-01,-3.688224418000000254e-02,-2.878414284999999961e-02
8.049024700000000365e-01,8.605432424000000191e-01,-3.533646331999999723e-02,-2.905167318999999845e-02
8.051453400000000427e-01,8.598939629999999834e-01,-3.373675026999999743e-02,-2.931887614999999919e-02
8.053889400000000531e-01,8.598654721999999806e-01,-3.199283498000000253e-02,-2.971063053000000051e-02
8.056334800000000129e-01,8.602975429000000451e-01,-3.007360564000000069e-02,-3.015978136999999948e-02
8.058789600000000330e-01,8.603795391999999875e-01,-2.815022795999999952e-02,-3.059560076999999836e-02
8.061251900000000470e-01,8.606890949000000068e-01,-2.631932757999999942e-02,-3.101144066000000032e-02
8.063723799999999997e-01,8.608857079999999717e-01,-2.463253932000000063e-02,-3.137538195000000307e-02
8.066205300000000022e-01,8.609177981000000202e-01,-2.326119701000000164e-02,-3.164105192000000316e-02
8.068696600000000441e-01,8.615831606999999615e-01,-2.210511240999999891e-02,-3.190090686000000147e-02
8.071199599999999696e-01,8.622809004999999472e-01,-2.099306181000000146e-02,-3.209895802999999936e-02
8.073712499999999848e-01,8.624784815999999577e-01,-2.049976707999999828e-02,-3.225445887000000234e-02
8.076235299999999784e-01,8.627402161999999652e-01,-1.971071095000000162e-02,-3.244373719000000211e-02
8.078770299999999960e-01,8.632195477999999866e-01,-1.895603045000000125e-02,-3.269532361000000026e-02
8.081315399999999816e-01,8.638468260999999648e-01,-1.801810906999999976e-02,-3.289346128000000119e-02
8.083870800000000356e-01,8.646088456999999616e-01,-1.738645561000000048e-02,-3.308630111000000068e-02
8.086434500000000414e-01,8.654306846000000553e-01,-1.708831590000000136e-02,-3.324891505000000108e-02
8.089006499999999988e-01,8.658497542999999963e-01,-1.688458878000000107e-02,-3.336503430999999964e-02
8.091586899999999583e-01,8.667760548999999815e-01,-1.671408001000000004e-02,-3.353513184000000286e-02
8.094173599999999746e-01,8.673571025999999851e-01,-1.669588752999999828e-02,-3.358307397000000194e-02
8.096766699999999872e-01,8.684517872000000471e-01,-1.647044405000000142e-02,-3.379646436000000032e-02
8.099366300000000463e-01,8.689580290999999734e-01,-1.644549393999999998e-02,-3.390297644000000304e-02
8.101967900000000000e-01,8.691813086999999882e-01,-1.661730617999999937e-02,-3.402726068999999826e-02
8.104565299999999528e-01,8.690631734999999525e-01,-1.664755839000000084e-02,-3.409513667999999886e-02
8.107156300000000204e-01,8.691517433000000015e-01,-1.633013859000000123e-02,-3.418081871999999882e-02
8.109740899999999808e-01,8.699718744000000115e-01,-1.624385860000000098e-02,-3.433229750999999830e-02
8.112317000000000000e-01,8.703171242999999668e-01,-1.619151283999999830e-02,-3.440914926000000068e-02
8.114886700000000230e-01,8.702821615000000399e-01,-1.586730567999999897e-02,-3.449066834000000248e-02
8.117448099999999833e-01,8.702837754000000148e-01,-1.556253389999999980e-02,-3.456381103000000232e-02
8.120003199999999977e-01,8.705119448000000482e-01,-1.495857587000000086e-02,-3.475543266000000187e-02
8.122552100000000053e-01,8.708990346999999632e-01,-1.421768749999999942e-02,-3.501170325999999888e-02
8.125092600000000109e-01,8.705977549000000204e-01,-1.371222067999999968e-02,-3.515619797999999796e-02
8.127625000000000544e-01,8.704089915999999594e-01,-1.345128840000000062e-02,-3.527900811999999664e-02
8.130151199999999800e-01,8.704708937999999785e-01,-1.317161380999999978e-02,-3.547465573999999955e-02
8.132669200000000043e-01,8.703544262000000309e-01,-1.285801399000000012e-02,-3.563851532000000127e-02
8.135181200000000112e-01,8.710199243999999785e-01,-1.263841612999999989e-02,-3.585320367000000008e-02
8.137687000000000115e-01,8.721146397000000272e-01,-1.249642198999999926e-02,-3.608175193000000280e-02
8.140186900000000447e-01,8.725489163999999853e-01,-1.248390714000000012e-02,-3.615507275000000298e-02
8.142680700000000105e-01,8.735036188000000479e-01,-1.262517833000000034e-02,-3.627119456999999825e-02
8.145166600000000034e-01,8.752147842999999927e-01,-1.323994562999999958e-02,-3.639499287999999749e-02
8.147644499999999734e-01,8.765346567999999783e-01,-1.403124107000000044e-02,-3.645700475000000079e-02
8.150114499999999707e-01,8.779249526000000303e-01,-1.492691311999999951e-02,-3.652997941000000331e-02
8.152576700000000454e-01,8.789997592999999609e-01,-1.619685055999999998e-02,-3.657738164999999736e-02
8.155031099999999755e-01,8.799751653999999812e-01,-1.758301774999999900e-02,-3.652529304999999754e-02
8.157477699999999832e-01,8.807641324999999632e-01,-1.905938595000000041e-02,-3.644331697000000037e-02
8.159916600000000075e-01,8.812653754999999478e-01,-2.054681241000000033e-02,-3.625896435999999973e-02
8.162347800000000486e-01,8.820809179999999916e-01,-2.224389417000000035e-02,-3.605745089000000209e-02
8.164773300000000011e-01,8.830180928999999956e-01,-2.427380016999999834e-02,-3.581944093000000162e-02
8.167193099999999761e-01,8.836013261999999813e-01,-2.617089126999999973e-02,-3.552435025000000302e-02
8.169605300000000181e-01,8.838695051999999608e-01,-2.763529571000000046e-02,-3.520290798000000332e-02
8.172011900000000217e-01,8.836700105000000471e-01,-2.899301895999999851e-02,-3.488025044000000324e-02
8.174412800000000479e-01,8.836997617999999832e-01,-3.033574407000000014e-02,-3.458229487000000213e-02
8.176809999999999912e-01,8.835525315000000157e-01,-3.159624484000000261e-02,-3.430589550000000265e-02
8.179203400000000235e-01,8.836595795999999670e-01,-3.285333609999999821e-02,-3.404836211000000085e-02
8.181596899999999950e-01,8.824569559999999591e-01,-3.361297543999999804e-02,-3.371558273999999966e-02
8.183992199999999828e-01,8.814757767999999993e-01,-3.385574902999999997e-02,-3.347978378000000116e-02
8.186391299999999926e-01,8.801871974999999626e-01,-3.360605945000000316e-02,-3.327814310999999831e-02
8.188797899999999963e-01,8.788575132999999484e-01,-3.363235821999999847e-02,-3.308731453000000183e-02
8.191210199999999775e-01,8.768427743000000163e-01,-3.400294001000000316e-02,-3.292424419000000019e-02
8.193631999999999582e-01,8.755051665999999955e-01,-3.417165106000000230e-02,-3.281530433999999691e-02
8.196063500000000390e-01,8.740302687000000015e-01,-3.399484643999999695e-02,-3.278671514999999953e-02
8.198504699999999978e-01,8.733922029999999781e-01,-3.384576296999999845e-02,-3.279918134999999790e-02
8.200957700000000017e-01,8.723364366000000425e-01,-3.320039436000000316e-02,-3.291615987000000298e-02
8.203422500000000506e-01,8.718439414999999970e-01,-3.287175889999999906e-02,-3.301299358999999767e-02
8.205899399999999622e-01,8.707910093999999823e-01,-3.212862503999999730e-02,-3.316355368999999997e-02
8.208390500000000145e-01,8.692214581999999634e-01,-3.127698182000000077e-02,-3.329033816000000201e-02
8.210883599999999616e-01,8.680581613000000196e-01,-3.028168816000000041e-02,-3.346875398000000168e-02
8.213368599999999464e-01,8.665852038000000368e-01,-2.941979737000000039e-02,-3.360608679999999709e-02
8.215847499999999748e-01,8.649598648999999861e-01,-2.871296985999999968e-02,-3.373362397000000124e-02
8.218318300000000409e-01,8.641900203000000280e-01,-2.777931532000000106e-02,-3.388853574000000313e-02
8.220783099999999788e-01,8.626953136999999661e-01,-2.691947054000000047e-02,-3.397097354999999846e-02
8.223241799999999602e-01,8.616505785000000417e-01,-2.632856633000000071e-02,-3.407942131000000346e-02
8.225694599999999745e-01,8.607230499000000368e-01,-2.583406288000000134e-02,-3.414575950999999832e-02
8.228141500000000219e-01,8.603946811999999555e-01,-2.544330377999999906e-02,-3.424643865000000231e-02
8.230582400000000520e-01,8.600485019000000397e-01,-2.510951470999999921e-02,-3.433729726000000343e-02
8.233017400000000041e-01,8.601255036999999604e-01,-2.494098978999999966e-02,-3.444688007999999885e-02
8.235448499999999949e-01,8.599643475999999565e-01,-2.504215858999999864e-02,-3.449801130999999993e-02
8.237877700000000303e-01,8.607298314000000339e-01,-2.571330506000000030e-02,-3.452230587999999961e-02
8.240302900000000541e-01,8.617158890999999654e-01,-2.674063219999999949e-02,-3.449634859999999720e-02
8.242726099999999612e-01,8.635769812000000378e-01,-2.786144439000000014e-02,-3.452653672000000062e-02
8.245149400000000295e-01,8.655528539000000299e-01,-2.901643085000000025e-02,-3.451522107999999839e-02
8.247570699999999810e-01,8.678218336999999893e-01,-3.049627061000000083e-02,-3.448687196999999927e-02
8.249992000000000436e-01,8.707149417999999752e-01,-3.197918201000000266e-02,-3.447803577999999924e-02
8.252415300000000009e-01,8.731297478999999750e-01,-3.358779348000000275e-02,-3.443712711000000010e-02
8.254840500000000247e-01,8.748155320999999596e-01,-3.519878490000000193e-02,-3.431631916999999810e-02
8.257269699999999490e-01,8.758266259000000442e-01,-3.682944112000000048e-02,-3.412254599000000277e-02
8.259704799999999514e-01,8.767603265000000201e-01,-3.861165987000000216e-02,-3.390684993000000341e-02
8.262147800000000375e-01,8.771948139999999894e-01,-4.020708785999999729e-02,-3.365513049999999812e-02
8.264598899999999748e-01,8.776319054000000230e-01,-4.159581329999999938e-02,-3.338536534000000056e-02
8.267058099999999854e-01,8.774437158000000236e-01,-4.289605718000000234e-02,-3.307862814000000345e-02
8.269527399999999639e-01,8.770761161000000250e-01,-4.395683571999999678e-02,-3.281159206999999939e-02
8.272004899999999550e-01,8.764755953999999738e-01,-4.496602050000000211e-02,-3.252006930999999657e-02
8.274492799999999537e-01,8.745019881000000161e-01,-4.573684452000000011e-02,-3.215627933000000244e-02
8.276989000000000152e-01,8.718396403999999489e-01,-4.643089026999999702e-02,-3.181258064999999829e-02
8.279493700000000178e-01,8.690119761000000276e-01,-4.652786052999999949e-02,-3.146101209999999787e-02
8.282008899999999674e-01,8.662827170000000354e-01,-4.634630928999999844e-02,-3.115953596000000173e-02
8.284536999999999596e-01,8.636810474999999654e-01,-4.587355784000000242e-02,-3.091574718999999874e-02
8.287075900000000495e-01,8.618873567000000513e-01,-4.507080246999999734e-02,-3.078998758000000072e-02
8.289627999999999997e-01,8.603498777000000430e-01,-4.388825107000000197e-02,-3.061095109000000133e-02
8.292191100000000370e-01,8.590801222999999709e-01,-4.206979016000000210e-02,-3.047900254000000114e-02
8.294767600000000352e-01,8.582449238999999563e-01,-3.990896925000000234e-02,-3.045234784999999861e-02
8.297355299999999989e-01,8.576710297999999844e-01,-3.758983996999999688e-02,-3.049675444999999999e-02
8.299952200000000335e-01,8.572155325000000436e-01,-3.534867027000000023e-02,-3.061640305000000103e-02
8.302560599999999624e-01,8.566621853000000453e-01,-3.301586884999999777e-02,-3.069330638000000028e-02
8.305178199999999622e-01,8.563989183000000338e-01,-3.068619981999999927e-02,-3.083723652999999926e-02
8.307805099999999721e-01,8.561377620000000244e-01,-2.816944940000000105e-02,-3.097352181000000149e-02
8.310441499999999815e-01,8.562584724999999786e-01,-2.539028948999999882e-02,-3.118243663000000096e-02
8.313087399999999905e-01,8.555307120999999793e-01,-2.274653038999999849e-02,-3.137284811999999784e-02
8.315740400000000143e-01,8.543418957999999730e-01,-2.033862690000000015e-02,-3.153225299000000231e-02
8.318400700000000425e-01,8.536452400999999801e-01,-1.818654463999999985e-02,-3.177181166000000306e-02
8.321068200000000248e-01,8.532967632000000302e-01,-1.599200351000000173e-02,-3.205158515999999985e-02
8.323743000000000114e-01,8.529502009999999634e-01,-1.404674363999999960e-02,-3.233134633999999730e-02
8.326422700000000177e-01,8.532063135999999881e-01,-1.231710331999999984e-02,-3.269692991999999937e-02
8.329107399999999828e-01,8.537713394999999483e-01,-1.077347973000000042e-02,-3.308053957999999850e-02
8.331794500000000436e-01,8.542454699999999512e-01,-9.370050777000000358e-03,-3.340936919000000310e-02
8.334484100000000284e-01,8.550269353999999655e-01,-8.249322091999999537e-03,-3.376082703000000268e-02
8.337178600000000328e-01,8.559955927000000298e-01,-7.109422062000000410e-03,-3.417028428999999839e-02
8.339875700000000114e-01,8.570363159999999647e-01,-6.402180325000000373e-03,-3.454320414999999950e-02
8.342575300000000249e-01,8.583385090999999800e-01,-5.689048343000000299e-03,-3.488942310999999796e-02
8.345277300000000231e-01,8.599067193999999636e-01,-5.351407362999999716e-03,-3.520365814999999732e-02
8.347979399999999606e-01,8.615794478999999617e-01,-5.497923182999999749e-03,-3.550764257999999840e-02
8.350684000000000440e-01,8.639496999000000343e-01,-5.736238331000000253e-03,-3.583016301999999986e-02
8.353391100000000513e-01,8.662036961000000312e-01,-6.278753699999999570e-03,-3.609876053000000279e-02
8.356100699999999826e-01,8.681605035999999664e-01,-7.317864593000000112e-03,-3.628830509000000037e-02
8.358812899999999990e-01,8.703899336000000542e-01,-8.528514867000000499e-03,-3.649394487999999687e-02
8.361527600000000504e-01,8.722590434000000448e-01,-9.830740979000000129e-03,-3.662395694000000063e-02
8.364244899999999650e-01,8.739743126000000251e-01,-1.125293051000000009e-02,-3.672241601000000161e-02
8.366967299999999996e-01,8.753309545999999886e-01,-1.264054889999999959e-02,-3.679693553999999894e-02
8.369692300000000085e-01,8.763067642999999851e-01,-1.397240964999999988e-02,-3.685540394000000330e-02
8.372419899999999915e-01,8.768014978000000514e-01,-1.538215251999999929e-02,-3.684811713999999738e-02
8.375152599999999836e-01,8.775156511999999687e-01,-1.696868291000000126e-02,-3.684472384999999683e-02
8.377885400000000260e-01,8.781017261000000351e-01,-1.852998930000000072e-02,-3.682434588999999869e-02
8.380620699999999923e-01,8.784950341999999690e-01,-2.024982297000000112e-02,-3.675733526999999667e-02
8.383356100000000088e-01,8.790447854999999810e-01,-2.198390118000000115e-02,-3.673465944999999844e-02
8.386091399999999751e-01,8.792357897000000477e-01,-2.357305553000000123e-02,-3.663545400999999868e-02
8.388826799999999917e-01,8.787052570000000173e-01,-2.468478660000000130e-02,-3.652317920999999940e-02
8.391559499999999838e-01,8.782265196999999857e-01,-2.564763671999999856e-02,-3.634758410999999745e-02
8.394292199999999760e-01,8.775219175999999788e-01,-2.662186642000000103e-02,-3.614746566999999661e-02
8.397022400000000442e-01,8.760526502000000049e-01,-2.742036927999999887e-02,-3.588891194999999784e-02
8.399749899999999769e-01,8.747454983000000350e-01,-2.820990582999999968e-02,-3.568938516999999727e-02
8.402474800000000466e-01,8.727847203999999914e-01,-2.848518012999999918e-02,-3.542166333999999944e-02
8.405197100000000310e-01,8.709274072999999561e-01,-2.842238027999999944e-02,-3.515880082000000240e-02
8.407919400000000154e-01,8.687554659999999762e-01,-2.849895315999999984e-02,-3.486679290999999958e-02
8.410639100000000257e-01,8.670763607999999456e-01,-2.865227806999999863e-02,-3.469278107999999861e-02
8.413348400000000282e-01,8.656125676000000491e-01,-2.902285928000000043e-02,-3.446715558999999957e-02
8.416047399999999623e-01,8.640342713999999980e-01,-2.969098092999999938e-02,-3.428516138999999907e-02
8.418736100000000500e-01,8.624572993000000354e-01,-3.019812171999999850e-02,-3.398962963999999781e-02
8.421414699999999476e-01,8.610512780000000310e-01,-3.068895388999999876e-02,-3.375581798999999911e-02
8.424083199999999882e-01,8.595709464999999883e-01,-3.110084374999999915e-02,-3.350677237000000003e-02
8.426741599999999499e-01,8.582702193000000257e-01,-3.155127518999999853e-02,-3.327119325999999822e-02
8.429387600000000091e-01,8.570447220000000366e-01,-3.195803758000000105e-02,-3.305347817999999827e-02
8.432023699999999788e-01,8.564028372999999972e-01,-3.212357661000000281e-02,-3.285818139999999860e-02
8.434652400000000050e-01,8.555680921999999633e-01,-3.194451146999999908e-02,-3.264931070999999713e-02
8.437271299999999918e-01,8.552511317000000002e-01,-3.190061582999999951e-02,-3.245707263000000009e-02
8.439883000000000246e-01,8.550425976000000095e-01,-3.217519158999999906e-02,-3.226067909000000095e-02
8.442484900000000181e-01,8.550097491000000494e-01,-3.270651697000000191e-02,-3.215475827000000009e-02
8.445079699999999967e-01,8.551043824999999821e-01,-3.309292559000000244e-02,-3.210319796999999697e-02
8.447664900000000365e-01,8.549583464000000133e-01,-3.357791781999999725e-02,-3.205872911999999714e-02
8.450240500000000266e-01,8.545799655000000383e-01,-3.417577960999999831e-02,-3.197019815999999764e-02
8.452809100000000520e-01,8.537741893000000415e-01,-3.460830711000000004e-02,-3.187498222000000048e-02
8.455368300000000170e-01,8.532054519999999753e-01,-3.513431284000000099e-02,-3.179758089999999704e-02
8.457918199999999720e-01,8.528251165000000356e-01,-3.540645291999999777e-02,-3.176063051999999942e-02
8.460458699999999777e-01,8.527121332000000553e-01,-3.571195735999999760e-02,-3.175562651000000264e-02
8.462992400000000082e-01,8.526370240999999739e-01,-3.598136729000000339e-02,-3.173049834000000319e-02
8.465516800000000286e-01,8.530532263000000226e-01,-3.576369142000000029e-02,-3.175889351999999777e-02
8.468032199999999676e-01,8.531597238000000472e-01,-3.570538277000000205e-02,-3.178889557999999699e-02
8.470536199999999516e-01,8.531902346999999942e-01,-3.561574938999999967e-02,-3.183200664000000041e-02
8.473028999999999700e-01,8.534253216999999614e-01,-3.571053227999999857e-02,-3.186918788999999752e-02
8.475510600000000228e-01,8.539262467999999551e-01,-3.543911420000000340e-02,-3.198840874000000167e-02
8.477981199999999884e-01,8.547508450999999896e-01,-3.489149704999999768e-02,-3.214288113000000197e-02
8.480440900000000282e-01,8.560660622000000330e-01,-3.462802378000000292e-02,-3.238698428000000296e-02
8.482891799999999760e-01,8.573085048999999902e-01,-3.464862465000000114e-02,-3.253408691999999658e-02
8.485331999999999875e-01,8.584534734000000000e-01,-3.481792907000000326e-02,-3.267668022999999783e-02
8.487763499999999572e-01,8.606144112000000401e-01,-3.502220052999999861e-02,-3.283933374999999794e-02
8.490186499999999858e-01,8.622049607999999754e-01,-3.510342342000000171e-02,-3.289070597000000318e-02
8.492603199999999575e-01,8.646760175000000048e-01,-3.561789576999999790e-02,-3.301803227999999812e-02
8.495011399999999879e-01,8.665695224999999668e-01,-3.617895839000000169e-02,-3.309027894000000219e-02
8.497413299999999614e-01,8.693469485000000496e-01,-3.686241558000000196e-02,-3.313909125000000233e-02
8.499808899999999889e-01,8.716425263999999506e-01,-3.749866118999999748e-02,-3.311872163000000036e-02
8.502200399999999547e-01,8.739771406999999881e-01,-3.865348153999999953e-02,-3.298960489000000301e-02
8.504587700000000305e-01,8.758933567000000142e-01,-3.982205058999999797e-02,-3.285979338000000194e-02
8.506970900000000446e-01,8.773993673000000104e-01,-4.075359397000000161e-02,-3.270912708999999807e-02
8.509352000000000027e-01,8.789027122000000469e-01,-4.184729882000000345e-02,-3.259222486999999863e-02
8.511728899999999598e-01,8.803249842999999464e-01,-4.268154497999999963e-02,-3.247924743999999753e-02
8.514105899999999671e-01,8.814062929999999518e-01,-4.353765781999999890e-02,-3.229584355000000156e-02
8.516485000000000305e-01,8.812766320999999570e-01,-4.379068912999999758e-02,-3.208027568999999996e-02
8.518868099999999943e-01,8.809125983000000160e-01,-4.399672838000000252e-02,-3.186499722000000340e-02
8.521257599999999544e-01,8.805462277000000171e-01,-4.422794014999999884e-02,-3.162321453999999976e-02
8.523655399999999771e-01,8.796806085999999691e-01,-4.431964227000000089e-02,-3.138956886000000140e-02
8.526061700000000521e-01,8.789174317000000292e-01,-4.447095800999999876e-02,-3.115174739999999887e-02
8.528476600000000074e-01,8.779200742999999640e-01,-4.431122629999999923e-02,-3.098432372999999906e-02
8.530900000000000150e-01,8.766904555000000210e-01,-4.409396262999999705e-02,-3.076994909999999916e-02
8.533334299999999484e-01,8.754782792999999952e-01,-4.357618835000000301e-02,-3.056962549999999931e-02
8.535777300000000345e-01,8.733161152999999732e-01,-4.300401600999999990e-02,-3.031125416999999947e-02
8.538231400000000360e-01,8.711439922999999474e-01,-4.222523143000000284e-02,-3.013764890000000113e-02
8.540698899999999982e-01,8.681864996999999473e-01,-4.177503088000000114e-02,-2.982798722999999846e-02
8.543180000000000218e-01,8.662413192000000262e-01,-4.130000254999999926e-02,-2.955093807999999850e-02
8.545674699999999957e-01,8.636594157000000438e-01,-4.043197560000000301e-02,-2.933801502000000019e-02
8.548183400000000098e-01,8.606403463999999781e-01,-3.926521698000000338e-02,-2.910137525999999947e-02
8.550706099999999532e-01,8.579413042000000322e-01,-3.816671549000000274e-02,-2.889323587999999970e-02
8.553243000000000373e-01,8.545513057000000412e-01,-3.715307698999999880e-02,-2.860801498999999970e-02
8.555794300000000296e-01,8.509233537999999486e-01,-3.601206500000000282e-02,-2.839208973000000025e-02
8.558360299999999699e-01,8.477542873000000201e-01,-3.486595053000000194e-02,-2.823845339000000121e-02
8.560938500000000451e-01,8.454334025999999946e-01,-3.380719205999999782e-02,-2.815988741000000073e-02
8.563529100000000227e-01,8.424979781000000445e-01,-3.295612260999999932e-02,-2.806130734999999835e-02
8.566129700000000291e-01,8.397156487000000391e-01,-3.184353505999999723e-02,-2.808523573999999884e-02
8.568742999999999777e-01,8.372345087000000463e-01,-3.044013820000000120e-02,-2.821021451999999874e-02
8.571366599999999947e-01,8.348168060999999751e-01,-2.874992349999999988e-02,-2.835415755999999912e-02
8.574003000000000041e-01,8.329006981000000032e-01,-2.692572027999999909e-02,-2.851504381999999879e-02
8.576649899999999604e-01,8.309931589000000285e-01,-2.550209946000000019e-02,-2.865299966999999837e-02
8.579304700000000006e-01,8.301464994999999680e-01,-2.419530538000000050e-02,-2.894030389999999869e-02
8.581967400000000135e-01,8.299042626999999506e-01,-2.273097783999999955e-02,-2.922541802000000119e-02
8.584638100000000493e-01,8.302030177000000455e-01,-2.133780089999999866e-02,-2.954990953000000142e-02
8.587314200000000231e-01,8.310860111000000217e-01,-1.998453450999999881e-02,-2.992348465999999929e-02
8.589998300000000198e-01,8.322306822999999687e-01,-1.906431084000000109e-02,-3.031800112000000019e-02
8.592687900000000045e-01,8.339606148999999524e-01,-1.824616865999999921e-02,-3.072885129000000118e-02
8.595382900000000381e-01,8.359377621000000369e-01,-1.741180800000000084e-02,-3.119235248999999849e-02
8.598083499999999990e-01,8.373784064999999499e-01,-1.684042045000000085e-02,-3.159498653000000074e-02
8.600789500000000087e-01,8.393559752000000485e-01,-1.646163020000000060e-02,-3.198011745999999877e-02
8.603501099999999457e-01,8.416148340000000339e-01,-1.613351945999999884e-02,-3.232632145000000068e-02
8.606218199999999818e-01,8.440989178000000148e-01,-1.577064643000000016e-02,-3.264988314000000225e-02
8.608940999999999955e-01,8.463694322999999464e-01,-1.544394747999999935e-02,-3.298997924000000165e-02
8.611666500000000335e-01,8.479003443000000528e-01,-1.522988093999999917e-02,-3.328399106999999774e-02
8.614397700000000491e-01,8.499579407999999781e-01,-1.471926093000000026e-02,-3.358966320000000144e-02
8.617131700000000283e-01,8.519010669000000036e-01,-1.428511359000000057e-02,-3.382060665000000133e-02
8.619865799999999467e-01,8.540102850999999884e-01,-1.392935160999999970e-02,-3.409675429999999702e-02
8.622599800000000370e-01,8.569256310999999737e-01,-1.366183764000000050e-02,-3.439090454999999685e-02
8.625336700000000301e-01,8.598787885999999991e-01,-1.315022111999999965e-02,-3.463435572999999656e-02
8.628073499999999729e-01,8.628734469000000074e-01,-1.254477979999999923e-02,-3.487687862000000277e-02
8.630810399999999660e-01,8.651035723000000122e-01,-1.200469571999999985e-02,-3.513563130999999840e-02
8.633544399999999452e-01,8.678544177000000470e-01,-1.165839330999999916e-02,-3.545936870000000046e-02
8.636275599999999608e-01,8.697773896999999588e-01,-1.152945397000000073e-02,-3.573126935999999809e-02
8.639001099999999989e-01,8.722999946999999699e-01,-1.150861010999999941e-02,-3.598650141000000330e-02
8.641720899999999483e-01,8.744470558000000393e-01,-1.144418636999999968e-02,-3.622196608000000095e-02
8.644435000000000313e-01,8.755776284999999826e-01,-1.138911681999999967e-02,-3.639659811999999828e-02
8.647140700000000013e-01,8.763018893999999781e-01,-1.122838546999999944e-02,-3.655996390999999984e-02
8.649837900000000301e-01,8.767742769999999908e-01,-1.130006052999999941e-02,-3.676324925999999854e-02
8.652526799999999962e-01,8.770750295999999446e-01,-1.191740669000000002e-02,-3.687449646000000303e-02
8.655207400000000106e-01,8.762866379000000538e-01,-1.285308205999999981e-02,-3.687987761000000031e-02
8.657876899999999987e-01,8.751144797000000031e-01,-1.382954351000000026e-02,-3.683164508999999670e-02
8.660535499999999498e-01,8.730786565999999471e-01,-1.487266582000000038e-02,-3.675554229999999922e-02
8.663183199999999751e-01,8.712874991000000291e-01,-1.568257140000000119e-02,-3.674313422000000107e-02
8.665817500000000395e-01,8.697568435000000431e-01,-1.665965448999999834e-02,-3.669209397999999983e-02
8.668441000000000063e-01,8.678242658999999470e-01,-1.768314407000000019e-02,-3.663629272999999881e-02
8.671048599999999773e-01,8.656743088999999669e-01,-1.856449623999999882e-02,-3.651747671999999723e-02
8.673643199999999664e-01,8.638811523999999631e-01,-1.962683549000000111e-02,-3.637802778000000237e-02
8.676224700000000345e-01,8.627303627000000308e-01,-2.066423321000000063e-02,-3.627497031000000149e-02
8.678790800000000250e-01,8.618661853000000317e-01,-2.183950169999999968e-02,-3.616649825999999901e-02
8.681344100000000230e-01,8.609501552999999641e-01,-2.277177672999999847e-02,-3.602684136999999981e-02
8.683884800000000181e-01,8.602961332999999877e-01,-2.378225477000000046e-02,-3.588009947000000283e-02
8.686410500000000257e-01,8.589579903999999821e-01,-2.478105484000000039e-02,-3.565771878000000006e-02
8.688923800000000197e-01,8.583495456999999940e-01,-2.603408591000000091e-02,-3.545268317999999974e-02
8.691424899999999898e-01,8.582068169000000024e-01,-2.706618384000000072e-02,-3.530762628999999792e-02
8.693913800000000469e-01,8.580924557000000341e-01,-2.821172846999999914e-02,-3.511372590999999738e-02
8.696390600000000193e-01,8.578401645000000020e-01,-2.944608778999999871e-02,-3.491553876000000334e-02
8.698857800000000529e-01,8.580157129000000049e-01,-3.070517187999999981e-02,-3.475795710000000038e-02
8.701315600000000261e-01,8.587276511000000445e-01,-3.173907650999999858e-02,-3.465300425000000101e-02
8.703763899999999998e-01,8.598591209999999485e-01,-3.286194013000000302e-02,-3.456431139999999874e-02
8.706202800000000241e-01,8.608350181999999684e-01,-3.358080843999999843e-02,-3.455237211000000003e-02
8.708632400000000384e-01,8.622315587000000114e-01,-3.437995589000000102e-02,-3.449163899999999755e-02
8.711055100000000273e-01,8.630774998000000364e-01,-3.517563617999999726e-02,-3.437232837000000346e-02
8.713468500000000061e-01,8.639550879999999822e-01,-3.625048077000000285e-02,-3.421266928000000346e-02
8.715875100000000097e-01,8.649348271000000254e-01,-3.722092163000000065e-02,-3.404181240999999691e-02
8.718274799999999880e-01,8.652078804999999706e-01,-3.833504372999999715e-02,-3.381244616000000230e-02
8.720665499999999959e-01,8.658956727000000075e-01,-3.932790391000000330e-02,-3.357825703000000273e-02
8.723049400000000286e-01,8.663315227000000229e-01,-4.050443725999999800e-02,-3.331566894000000112e-02
8.725428899999999599e-01,8.670791448000000345e-01,-4.169110776999999934e-02,-3.302140918000000258e-02
8.727803800000000223e-01,8.677920809000000402e-01,-4.309625113999999979e-02,-3.265839806999999706e-02
8.730174299999999832e-01,8.694507412999999962e-01,-4.452737984999999982e-02,-3.244512414000000344e-02
8.732542599999999489e-01,8.701412727999999763e-01,-4.581829443000000335e-02,-3.213525653000000315e-02
8.734906399999999849e-01,8.713529842999999664e-01,-4.730386567000000042e-02,-3.182733382999999860e-02
8.737268000000000256e-01,8.720733523000000487e-01,-4.894993777000000018e-02,-3.143081102999999848e-02
8.739627300000000210e-01,8.726736412000000165e-01,-5.051185678000000290e-02,-3.105773262000000035e-02
8.741986699999999555e-01,8.734644054000000324e-01,-5.154360030999999981e-02,-3.077354902999999975e-02
8.744348299999999963e-01,8.744568660000000548e-01,-5.234501753999999674e-02,-3.054860878000000002e-02
8.746712100000000323e-01,8.752892199999999789e-01,-5.328213577000000256e-02,-3.026114134999999955e-02
8.749080399999999980e-01,8.761966024999999769e-01,-5.415477140000000272e-02,-3.003135128000000015e-02
8.751455500000000498e-01,8.772297893999999596e-01,-5.501685860999999678e-02,-2.988829268999999844e-02
8.753834999999999811e-01,8.777711831000000187e-01,-5.558296891000000239e-02,-2.974525474000000100e-02
8.756219100000000033e-01,8.779689869000000257e-01,-5.608572642000000247e-02,-2.961059427999999938e-02
8.758610100000000509e-01,8.784481575000000486e-01,-5.628800155000000111e-02,-2.954515179000000158e-02
8.760996500000000076e-01,8.786399441000000143e-01,-5.660678479999999707e-02,-2.936717368000000064e-02
8.763378299999999843e-01,8.778827013000000123e-01,-5.688710920000000087e-02,-2.917661914999999939e-02
8.765757899999999658e-01,8.765091101999999967e-01,-5.704267290000000074e-02,-2.896830849000000055e-02
8.768137400000000081e-01,8.756059344000000078e-01,-5.724472608000000240e-02,-2.881606684000000140e-02
8.770519199999999849e-01,8.747936885999999523e-01,-5.694007823999999718e-02,-2.873912770999999949e-02
8.772905600000000526e-01,8.728878036999999646e-01,-5.679717517999999937e-02,-2.855861486999999865e-02
8.775296700000000394e-01,8.709555933999999500e-01,-5.657691660999999983e-02,-2.839352083999999860e-02
8.777694600000000014e-01,8.687496788999999886e-01,-5.634753298999999743e-02,-2.824032380000000148e-02
8.780099599999999782e-01,8.668504371999999902e-01,-5.590662930999999725e-02,-2.818679043000000065e-02
8.782514000000000154e-01,8.662107802999999828e-01,-5.450130135000000320e-02,-2.843710484999999871e-02
8.784935400000000172e-01,8.647390033999999837e-01,-5.249266551000000142e-02,-2.867685847000000024e-02
8.787368899999999927e-01,8.626178568000000269e-01,-5.042181083999999758e-02,-2.889427945999999831e-02
8.789812000000000181e-01,8.602480896999999960e-01,-4.852195298999999878e-02,-2.910967202999999864e-02
8.792267200000000171e-01,8.581518522000000093e-01,-4.641360750000000229e-02,-2.925423086000000089e-02
8.794737299999999536e-01,8.570237681000000274e-01,-4.409745261999999805e-02,-2.946870697000000122e-02
8.797222399999999887e-01,8.555199457000000063e-01,-4.160216969000000292e-02,-2.965124071999999944e-02
8.799725200000000358e-01,8.542379828999999702e-01,-3.925907339000000301e-02,-2.980282689999999915e-02
8.802243499999999887e-01,8.534643950000000423e-01,-3.658735326999999760e-02,-3.008336520000000000e-02
8.804779999999999829e-01,8.538669235000000413e-01,-3.380899019999999977e-02,-3.046193197000000158e-02
8.807332500000000231e-01,8.548822973999999908e-01,-3.111769299999999835e-02,-3.079111621000000035e-02
8.809898299999999738e-01,8.576274373000000173e-01,-2.839391407000000159e-02,-3.133239273999999935e-02
8.812480400000000103e-01,8.594710428999999818e-01,-2.614363558999999865e-02,-3.180607327999999956e-02
8.815076299999999865e-01,8.607728575999999965e-01,-2.390228867000000063e-02,-3.215070200000000322e-02
8.817686000000000135e-01,8.609010349000000284e-01,-2.204103919000000023e-02,-3.231861683000000068e-02
8.820307099999999956e-01,8.599792632999999631e-01,-2.035795961000000029e-02,-3.238003460000000305e-02
8.822942299999999571e-01,8.591260691000000005e-01,-1.928956206000000118e-02,-3.235517057000000113e-02
8.825589099999999743e-01,8.585694370999999991e-01,-1.863551059999999857e-02,-3.227599340000000122e-02
8.828247399999999967e-01,8.579658865999999495e-01,-1.826117445000000061e-02,-3.221796249000000167e-02
8.830917499999999531e-01,8.573095836999999886e-01,-1.795493550000000146e-02,-3.214424240000000182e-02
8.833602400000000188e-01,8.556082296000000476e-01,-1.819446593000000056e-02,-3.200528585000000231e-02
8.836296200000000045e-01,8.541614166000000008e-01,-1.854871005000000017e-02,-3.184067177000000221e-02
8.838993099999999936e-01,8.518425471999999665e-01,-1.865992538999999839e-02,-3.162437253000000004e-02
8.841693000000000469e-01,8.498227001999999475e-01,-1.907563753999999903e-02,-3.148099329000000196e-02
8.844392899999999891e-01,8.487677549000000043e-01,-1.945259045999999867e-02,-3.143369456999999673e-02
8.847092800000000423e-01,8.475362020000000163e-01,-1.998047711999999948e-02,-3.139886726999999850e-02
8.849792699999999845e-01,8.466146720999999653e-01,-2.066346826999999886e-02,-3.141380222000000194e-02
8.852489500000000344e-01,8.460337812999999541e-01,-2.091697480999999900e-02,-3.152260365000000147e-02
8.855186400000000235e-01,8.457014341999999907e-01,-2.115647684000000056e-02,-3.161368900000000037e-02
8.857880200000000093e-01,8.462674567000000314e-01,-2.127234836999999934e-02,-3.174418670999999692e-02
8.860567999999999778e-01,8.475673845000000206e-01,-2.134362067000000057e-02,-3.197110694000000058e-02
8.863252799999999931e-01,8.493633287999999837e-01,-2.188729488000000153e-02,-3.223454536999999925e-02
8.865931500000000520e-01,8.511917463999999489e-01,-2.227071547000000068e-02,-3.249355830999999667e-02
8.868604199999999826e-01,8.529889057999999746e-01,-2.252063552999999940e-02,-3.281256656999999993e-02
8.871270900000000070e-01,8.554469756000000480e-01,-2.298951098999999984e-02,-3.321021094999999923e-02
8.873931699999999534e-01,8.583396885999999837e-01,-2.371690078999999854e-02,-3.353137394999999854e-02
8.876586499999999935e-01,8.606958460000000422e-01,-2.441889040000000052e-02,-3.382803901999999890e-02
8.879232500000000528e-01,8.623743751000000346e-01,-2.558791480000000007e-02,-3.406283102000000340e-02
8.881872499999999837e-01,8.635065155000000159e-01,-2.644098681000000076e-02,-3.423792485999999774e-02
8.884509699999999510e-01,8.644454154999999806e-01,-2.724461946000000107e-02,-3.441794127000000203e-02
8.887140900000000121e-01,8.658837248999999847e-01,-2.815692044000000019e-02,-3.463233006000000086e-02
8.889766300000000454e-01,8.671453839999999635e-01,-2.887392851000000066e-02,-3.478942110000000226e-02
8.892385900000000509e-01,8.681193286999999703e-01,-2.939674533999999881e-02,-3.498172783000000341e-02
8.895002499999999923e-01,8.692159502999999843e-01,-2.953998378999999827e-02,-3.522670440000000291e-02
8.897616299999999701e-01,8.700966170999999694e-01,-2.957730471999999930e-02,-3.541807386000000307e-02
8.900227200000000449e-01,8.710769729999999766e-01,-2.993953327999999969e-02,-3.558613573999999669e-02
8.902837999999999585e-01,8.723418438000000164e-01,-2.985958525000000086e-02,-3.581834059999999820e-02
8.905446000000000195e-01,8.731634218999999586e-01,-2.983862413999999880e-02,-3.598703369999999707e-02
8.908053900000000302e-01,8.744451147999999785e-01,-2.952894375000000154e-02,-3.617612303000000001e-02
8.910658999999999663e-01,8.755818470999999770e-01,-2.934323496999999975e-02,-3.629506616000000019e-02
8.913263999999999632e-01,8.763951508999999751e-01,-2.931324270999999954e-02,-3.639947280999999979e-02
8.915866199999999964e-01,8.768085974999999532e-01,-2.962598644999999906e-02,-3.636630358000000202e-02
8.918465500000000157e-01,8.762642853000000009e-01,-2.979301205000000133e-02,-3.628454727000000185e-02
8.921064699999999847e-01,8.754358075000000516e-01,-3.004475729999999886e-02,-3.615157456999999741e-02
8.923658199999999763e-01,8.749104188999999865e-01,-3.030106143999999890e-02,-3.605512665999999894e-02
8.926248799999999539e-01,8.734197995000000381e-01,-3.068356126999999961e-02,-3.587900764000000187e-02
8.928836500000000287e-01,8.720339450999999853e-01,-3.078090424000000033e-02,-3.583797681999999901e-02
8.931418399999999647e-01,8.708407470000000261e-01,-3.108880719999999875e-02,-3.572875865999999845e-02
8.933994600000000341e-01,8.682285485999999830e-01,-3.132296487999999823e-02,-3.549387034999999802e-02
8.936565100000000150e-01,8.659774425999999803e-01,-3.153636566999999669e-02,-3.521340519999999891e-02
8.939132699999999820e-01,8.644986486000000303e-01,-3.165518424000000192e-02,-3.497819181000000333e-02
8.941694700000000218e-01,8.633378699000000545e-01,-3.179141367999999829e-02,-3.477788185999999837e-02
8.944250900000000337e-01,8.633962433999999853e-01,-3.205745691999999786e-02,-3.470571123999999924e-02
8.946801500000000074e-01,8.635943778000000348e-01,-3.230867034999999887e-02,-3.469355771999999699e-02
8.949346500000000537e-01,8.637610032000000437e-01,-3.245934394000000306e-02,-3.472067413999999769e-02
8.951885800000000115e-01,8.632326003000000414e-01,-3.289057749999999697e-02,-3.472127302999999943e-02
8.954422399999999449e-01,8.631146246999999994e-01,-3.349628569000000222e-02,-3.468335290999999959e-02
8.956953399999999510e-01,8.631346098000000078e-01,-3.449151981999999672e-02,-3.452407119999999913e-02
8.959478699999999796e-01,8.630247841999999503e-01,-3.538710677000000276e-02,-3.435690314999999967e-02
8.962001299999999837e-01,8.626467436000000433e-01,-3.636709942000000001e-02,-3.412616467000000042e-02
8.964515600000000362e-01,8.622042543000000281e-01,-3.735615166999999709e-02,-3.384418464999999765e-02
8.967024399999999895e-01,8.615944616999999806e-01,-3.852752891999999818e-02,-3.350515194999999918e-02
8.969527600000000156e-01,8.617481382999999662e-01,-3.963920731000000058e-02,-3.320042396000000284e-02
8.972025399999999928e-01,8.614849863000000330e-01,-4.089216455999999944e-02,-3.287252488999999750e-02
8.974517699999999820e-01,8.613214685000000204e-01,-4.241981267000000111e-02,-3.248341485999999695e-02
8.977001900000000090e-01,8.613307075999999673e-01,-4.387571970000000293e-02,-3.208313897000000109e-02
8.979480600000000479e-01,8.625917884999999563e-01,-4.520675720000000286e-02,-3.174390484999999734e-02
8.981953999999999771e-01,8.639503709000000420e-01,-4.687522585000000047e-02,-3.140284084000000142e-02
8.984421900000000294e-01,8.655339586000000418e-01,-4.862500843999999905e-02,-3.109018246000000082e-02
8.986884499999999720e-01,8.671555608000000026e-01,-5.018360050000000155e-02,-3.078911478999999882e-02
8.989339100000000027e-01,8.685263870999999636e-01,-5.168618736999999741e-02,-3.049302746999999966e-02
8.991788299999999845e-01,8.698467491000000384e-01,-5.331349517000000260e-02,-3.015142149000000008e-02
8.994234899999999922e-01,8.715262177000000499e-01,-5.463375583999999924e-02,-2.986452762000000108e-02
8.996681499999999998e-01,8.737315329999999491e-01,-5.595568813000000030e-02,-2.958270358000000128e-02
8.999128100000000074e-01,8.754713638000000131e-01,-5.752234079000000111e-02,-2.922769894999999868e-02
9.001577400000000395e-01,8.770251617000000000e-01,-5.906824505000000253e-02,-2.892180709999999863e-02
9.004018700000000486e-01,8.781989333999999925e-01,-6.061290659000000136e-02,-2.867158657999999832e-02
9.006452000000000346e-01,8.784441817999999458e-01,-6.167265507999999952e-02,-2.840877941000000129e-02
9.008880099999999613e-01,8.786829884000000312e-01,-6.236223392000000282e-02,-2.816259327999999854e-02
9.011300300000000263e-01,8.795838941000000410e-01,-6.291144218999999982e-02,-2.801727651000000124e-02
9.013715300000000319e-01,8.795522757999999497e-01,-6.333312259999999971e-02,-2.776946120000000143e-02
9.016125099999999781e-01,8.788603927999999454e-01,-6.336122269999999723e-02,-2.756316083999999986e-02
9.018529699999999760e-01,8.775013861999999554e-01,-6.340764360999999460e-02,-2.735402370000000055e-02
9.020929100000000256e-01,8.762408999999999892e-01,-6.313181251999999688e-02,-2.725159821999999926e-02
9.023328600000000144e-01,8.747380576000000074e-01,-6.314732164000000370e-02,-2.714333785999999832e-02
9.025727999999999529e-01,8.731427776000000307e-01,-6.303447329000000376e-02,-2.704485352999999939e-02
9.028132599999999508e-01,8.713910818000000225e-01,-6.275713326000000036e-02,-2.698024728999999858e-02
9.030542400000000081e-01,8.695382933999999953e-01,-6.256443501000000240e-02,-2.687018428000000070e-02
9.032957499999999529e-01,8.668347231999999902e-01,-6.195481253000000021e-02,-2.675335859000000163e-02
9.035380499999999815e-01,8.644909760000000221e-01,-6.113657106999999952e-02,-2.660863203999999996e-02
9.037811500000000331e-01,8.621753504000000401e-01,-6.037861946999999868e-02,-2.636157943000000045e-02
9.040250499999999967e-01,8.605465740000000086e-01,-5.953387083000000191e-02,-2.620788855999999986e-02
9.042697600000000335e-01,8.593996307000000279e-01,-5.848003729000000178e-02,-2.616304721999999916e-02
9.045155700000000465e-01,8.583672142999999588e-01,-5.753842371000000150e-02,-2.609375993999999907e-02
9.047624699999999853e-01,8.561978486000000332e-01,-5.649333427000000074e-02,-2.591710867000000112e-02
9.050107600000000252e-01,8.538198157999999927e-01,-5.528044131999999833e-02,-2.573787870999999852e-02
9.052604699999999838e-01,8.512397059999999849e-01,-5.434934537000000315e-02,-2.550684999000000022e-02
9.055118899999999860e-01,8.486647006999999965e-01,-5.309576653999999868e-02,-2.538417335000000066e-02
9.057647500000000074e-01,8.464498407999999641e-01,-5.214134167000000070e-02,-2.519635120000000145e-02
9.060190799999999767e-01,8.444053084999999514e-01,-5.075927949000000328e-02,-2.504738117000000069e-02
9.062746099999999805e-01,8.424753766999999449e-01,-4.959595224999999857e-02,-2.497735818999999996e-02
9.065316300000000327e-01,8.405328743000000102e-01,-4.847110259000000226e-02,-2.500090202000000011e-02
9.067898599999999476e-01,8.392111805999999952e-01,-4.721703248999999797e-02,-2.506061130000000053e-02
9.070493299999999870e-01,8.370135613000000419e-01,-4.640179616000000146e-02,-2.502804729000000089e-02
9.073100400000000398e-01,8.351633135999999569e-01,-4.556501136999999840e-02,-2.500958479000000081e-02
9.075716799999999918e-01,8.335573245999999825e-01,-4.479402686000000244e-02,-2.501816759000000112e-02
9.078345899999999968e-01,8.316557021999999577e-01,-4.358315279999999681e-02,-2.519712758999999996e-02
9.080984600000000517e-01,8.305483773999999819e-01,-4.180750435999999737e-02,-2.555342475999999863e-02
9.083636299999999775e-01,8.300982583999999553e-01,-4.016982038999999949e-02,-2.598575317000000051e-02
9.086297599999999530e-01,8.301046426999999506e-01,-3.831086028999999837e-02,-2.658391544999999870e-02
9.088968899999999573e-01,8.316396973999999886e-01,-3.649700233000000016e-02,-2.733114802999999857e-02
9.091650100000000512e-01,8.337520001999999542e-01,-3.482673531000000239e-02,-2.808055292000000147e-02
9.094337900000000197e-01,8.369018292000000026e-01,-3.346571604999999672e-02,-2.890976589000000124e-02
9.097035900000000064e-01,8.408267337000000508e-01,-3.210810475999999886e-02,-2.980141378999999827e-02
9.099740600000000290e-01,8.438422501000000242e-01,-3.054518813000000124e-02,-3.058051799000000015e-02
9.102452100000000268e-01,8.467606475000000188e-01,-2.915622173000000095e-02,-3.138819863000000265e-02
9.105170599999999892e-01,8.500097211999999569e-01,-2.834100279000000000e-02,-3.204188119999999695e-02
9.107892400000000555e-01,8.531531372999999752e-01,-2.788759735999999864e-02,-3.268658330000000223e-02
9.110621199999999753e-01,8.566762491999999618e-01,-2.753563834999999890e-02,-3.328602665000000155e-02
9.113353499999999885e-01,8.597595728000000381e-01,-2.736157560000000016e-02,-3.383106204999999922e-02
9.116085800000000017e-01,8.618316314999999728e-01,-2.757482685000000114e-02,-3.418997414000000262e-02
9.118818100000000149e-01,8.644316700999999936e-01,-2.816676754999999921e-02,-3.444849140000000309e-02
9.121550400000000280e-01,8.657661287000000261e-01,-2.860073242000000029e-02,-3.468524812999999873e-02
9.124279100000000087e-01,8.675770560000000131e-01,-2.918317612000000116e-02,-3.493417646000000071e-02
9.127007900000000395e-01,8.693593399000000277e-01,-2.949928393999999912e-02,-3.519724783000000023e-02
9.129736699999999594e-01,8.714193741000000326e-01,-2.982081157999999857e-02,-3.544944897999999928e-02
9.132465499999999903e-01,8.732462928999999985e-01,-3.012238299999999910e-02,-3.566583621999999676e-02
9.135190800000000388e-01,8.740004205000000415e-01,-3.024176421000000087e-02,-3.582972284000000146e-02
9.137916000000000372e-01,8.737170065999999569e-01,-3.028262912000000140e-02,-3.592833349999999953e-02
9.140641299999999747e-01,8.734645430999999904e-01,-3.028172982999999957e-02,-3.605796841000000197e-02
9.143362999999999907e-01,8.730737238000000344e-01,-2.995306600000000041e-02,-3.617886591999999735e-02
9.146084799999999460e-01,8.734467447999999523e-01,-2.935721198999999976e-02,-3.632109706000000160e-02
9.148806600000000122e-01,8.729764523999999914e-01,-2.781289407000000005e-02,-3.645774692999999983e-02
9.151528300000000282e-01,8.716397938000000067e-01,-2.567787486000000161e-02,-3.653472309999999945e-02
9.154250099999999835e-01,8.703557562000000525e-01,-2.391924637000000103e-02,-3.655490433999999955e-02
9.156971799999999995e-01,8.701768730000000174e-01,-2.258577939999999867e-02,-3.664512443000000202e-02
9.159693599999999547e-01,8.697777446000000134e-01,-2.122741657000000101e-02,-3.671666031999999691e-02
9.162411799999999884e-01,8.695092298000000053e-01,-1.976933863999999832e-02,-3.686845787999999680e-02
9.165122900000000072e-01,8.696921336999999808e-01,-1.878156418000000161e-02,-3.696103765000000041e-02
9.167827100000000007e-01,8.691185129999999814e-01,-1.794105316000000130e-02,-3.699943756000000084e-02
9.170524199999999793e-01,8.677438991999999462e-01,-1.727794734999999957e-02,-3.689048145999999917e-02
9.173214299999999932e-01,8.664491652000000377e-01,-1.661204770000000025e-02,-3.674164515000000186e-02
9.175897499999999818e-01,8.649327047999999518e-01,-1.629425009000000021e-02,-3.652605953000000183e-02
9.178573799999999450e-01,8.641704916000000347e-01,-1.603180776999999987e-02,-3.635151348000000004e-02
9.181243100000000545e-01,8.634391435999999587e-01,-1.583919689000000061e-02,-3.619332161000000242e-02
9.183905599999999669e-01,8.622791276000000282e-01,-1.572602430999999953e-02,-3.598290182000000309e-02
9.186561300000000152e-01,8.618075018999999948e-01,-1.560925242999999969e-02,-3.588401095999999707e-02
9.189206699999999950e-01,8.610411487000000363e-01,-1.567463353999999989e-02,-3.574097250000000253e-02
9.191842000000000068e-01,8.602464001999999832e-01,-1.584697181999999982e-02,-3.552585563999999946e-02
9.194467200000000506e-01,8.593349460000000439e-01,-1.627486016000000146e-02,-3.525146291000000320e-02
9.197085699999999475e-01,8.592268281999999591e-01,-1.709326631000000069e-02,-3.495689347000000002e-02
9.199694200000000377e-01,8.590178126999999941e-01,-1.818468284000000074e-02,-3.467590497999999827e-02
9.202292800000000383e-01,8.593203050000000065e-01,-1.943657941000000167e-02,-3.441967934000000201e-02
9.204884899999999925e-01,8.595786631999999816e-01,-2.068745421000000098e-02,-3.415993984000000039e-02
9.207470300000000218e-01,8.603077927000000180e-01,-2.225455411999999883e-02,-3.384849294000000230e-02
9.210045999999999511e-01,8.606010956999999850e-01,-2.357295054999999917e-02,-3.365305113000000015e-02
9.212615299999999952e-01,8.614226417000000469e-01,-2.531191210000000025e-02,-3.339229735000000254e-02
9.215178000000000536e-01,8.620674304000000010e-01,-2.718148072000000151e-02,-3.311179595000000170e-02
9.217734300000000047e-01,8.629048530999999800e-01,-2.913152646000000123e-02,-3.279413649000000042e-02
9.220284199999999597e-01,8.633521911999999521e-01,-3.069167580999999922e-02,-3.251577605000000037e-02
9.222824499999999759e-01,8.643087873999999449e-01,-3.280409705000000148e-02,-3.218960979999999777e-02
9.225358500000000461e-01,8.649094888999999675e-01,-3.507648650999999757e-02,-3.183187024999999809e-02
9.227886100000000091e-01,8.660602003999999798e-01,-3.738984825999999706e-02,-3.147868110999999663e-02
9.230407499999999654e-01,8.671070054999999721e-01,-3.926446605000000201e-02,-3.121475375999999829e-02
9.232922500000000365e-01,8.682706045000000428e-01,-4.118407653000000224e-02,-3.097108041000000075e-02
9.235431299999999899e-01,8.690449491999999720e-01,-4.295470763999999914e-02,-3.074643654000000156e-02
9.237937000000000509e-01,8.700442685000000509e-01,-4.477213112000000272e-02,-3.054191550999999991e-02
9.240436499999999942e-01,8.706958397999999821e-01,-4.668155951999999886e-02,-3.030732663999999993e-02
9.242929699999999915e-01,8.719746454000000258e-01,-4.836057771999999894e-02,-3.012246914000000012e-02
9.245419900000000357e-01,8.719038128999999637e-01,-4.970777074999999795e-02,-2.988838476999999827e-02
9.247903899999999622e-01,8.726031467000000541e-01,-5.090497210000000106e-02,-2.969511545000000016e-02
9.250384799999999963e-01,8.732213053999999808e-01,-5.202394902000000154e-02,-2.950516049000000141e-02
9.252859599999999629e-01,8.748848967000000254e-01,-5.296592851000000296e-02,-2.940346979000000097e-02
9.255331300000000372e-01,8.759629459000000118e-01,-5.361888967000000283e-02,-2.932284379000000066e-02
9.257796900000000440e-01,8.771825251999999518e-01,-5.410973285000000160e-02,-2.926026068000000049e-02
9.260256399999999832e-01,8.778246562999999503e-01,-5.446423383000000007e-02,-2.917374710999999857e-02
9.262706800000000129e-01,8.789979430000000038e-01,-5.443542642000000209e-02,-2.918034031000000042e-02
9.265145200000000081e-01,8.791094371000000018e-01,-5.430441986000000137e-02,-2.914264220999999988e-02
9.267571700000000190e-01,8.789957045999999830e-01,-5.404723452000000095e-02,-2.912208167999999833e-02
9.269989299999999988e-01,8.788961218999999936e-01,-5.354363815000000304e-02,-2.910843505999999997e-02
9.272398099999999976e-01,8.788006651999999974e-01,-5.337187998000000183e-02,-2.907543497000000116e-02
9.274798100000000156e-01,8.787560917000000194e-01,-5.282564998000000012e-02,-2.909599679999999924e-02
9.277192199999999556e-01,8.787616410999999905e-01,-5.208348486000000110e-02,-2.917815288999999965e-02
9.279580600000000290e-01,8.777612446000000457e-01,-5.119726109000000136e-02,-2.917946616000000049e-02
9.281963199999999636e-01,8.757374302999999527e-01,-5.020985334999999994e-02,-2.907369338000000136e-02
9.284343000000000456e-01,8.736549370999999731e-01,-4.906808915000000076e-02,-2.905930181000000029e-02
9.286722699999999664e-01,8.722775621999999673e-01,-4.767140531999999875e-02,-2.910556853000000055e-02
9.289102399999999982e-01,8.699849253000000449e-01,-4.607218612999999796e-02,-2.903724341000000000e-02
9.291487899999999467e-01,8.684044933000000244e-01,-4.437539680000000125e-02,-2.903269824000000165e-02
9.293879299999999732e-01,8.664195523000000065e-01,-4.260714504000000236e-02,-2.900948630999999889e-02
9.296276500000000276e-01,8.650003900999999606e-01,-4.082144196000000308e-02,-2.907860158999999931e-02
9.298679600000000489e-01,8.650501148999999446e-01,-3.908574430000000266e-02,-2.922843220999999866e-02
9.301091599999999904e-01,8.646181007000000029e-01,-3.701031312999999989e-02,-2.939365625000000051e-02
9.303512600000000132e-01,8.646169240000000089e-01,-3.529293196999999660e-02,-2.951964726000000025e-02
9.305945700000000098e-01,8.637323829999999925e-01,-3.353447341000000137e-02,-2.969946160999999835e-02
9.308391099999999696e-01,8.630614774999999517e-01,-3.212730469999999783e-02,-2.978792732999999832e-02
9.310851900000000070e-01,8.614660746000000202e-01,-3.005451099000000167e-02,-3.000235877999999842e-02
9.313325300000000473e-01,8.602189703999999493e-01,-2.816048079999999842e-02,-3.021110935999999844e-02
9.315811400000000297e-01,8.588579984999999972e-01,-2.639147991999999873e-02,-3.045392400000000027e-02
9.318310400000000548e-01,8.578128238000000128e-01,-2.479798478000000070e-02,-3.075981193999999946e-02
9.320819099999999580e-01,8.566471044000000257e-01,-2.363800564000000104e-02,-3.098191922000000098e-02
9.323337600000000114e-01,8.553777445000000368e-01,-2.281535634999999965e-02,-3.111676214000000038e-02
9.325869300000000361e-01,8.552186213000000370e-01,-2.224845234999999963e-02,-3.133132353999999731e-02
9.328411100000000289e-01,8.550787924999999623e-01,-2.189019336000000079e-02,-3.151747535999999822e-02
9.330962999999999896e-01,8.551426023999999515e-01,-2.159246307999999892e-02,-3.170704925000000091e-02
9.333528599999999509e-01,8.556592259999999950e-01,-2.125134551999999927e-02,-3.200620745999999822e-02
9.336104499999999806e-01,8.558592750000000304e-01,-2.168930155999999887e-02,-3.220264324000000206e-02
9.338690800000000181e-01,8.562186778000000498e-01,-2.234888566999999882e-02,-3.237880104000000203e-02
9.341287700000000527e-01,8.559475426999999526e-01,-2.334103000999999955e-02,-3.236407968999999857e-02
9.343898800000000060e-01,8.559459309000000404e-01,-2.454051854000000032e-02,-3.236535253000000223e-02
9.346520699999999460e-01,8.560384599999999455e-01,-2.568454204000000102e-02,-3.240849665000000018e-02
9.349153399999999836e-01,8.555795580999999705e-01,-2.705597515000000147e-02,-3.229679719999999782e-02
9.351800900000000194e-01,8.548904896000000253e-01,-2.832537582999999914e-02,-3.221467881000000116e-02
9.354459400000000313e-01,8.545036289999999868e-01,-2.961383844999999904e-02,-3.207701619000000171e-02
9.357125400000000370e-01,8.539580450999999517e-01,-3.083128272999999947e-02,-3.187773278000000099e-02
9.359802799999999978e-01,8.529093738999999896e-01,-3.254486462000000246e-02,-3.149997254999999802e-02
9.362487699999999524e-01,8.520446879999999945e-01,-3.411484179000000283e-02,-3.122377330000000034e-02
9.365176499999999793e-01,8.502774985000000063e-01,-3.538587711999999913e-02,-3.090105254000000135e-02
9.367869100000000282e-01,8.484864699999999926e-01,-3.676624386999999966e-02,-3.061275970999999957e-02
9.370565499999999881e-01,8.461083395999999812e-01,-3.763208039000000282e-02,-3.032215988999999862e-02
9.373265899999999595e-01,8.440810386000000554e-01,-3.841182598000000142e-02,-3.010696201999999919e-02
9.375966199999999917e-01,8.421043747999999995e-01,-3.924700061999999989e-02,-2.990018603999999858e-02
9.378666500000000239e-01,8.408071476999999794e-01,-3.972288363999999794e-02,-2.975633830000000077e-02
9.381363000000000341e-01,8.400910003999999542e-01,-3.956868654000000179e-02,-2.973803096000000173e-02
9.384059399999999940e-01,8.404749239000000038e-01,-3.886670233000000252e-02,-2.986237577000000129e-02
9.386752000000000429e-01,8.411031775999999738e-01,-3.797154083999999818e-02,-3.005522096000000018e-02
9.389440700000000195e-01,8.424024793000000066e-01,-3.693428560999999916e-02,-3.035192621000000132e-02
9.392125500000000349e-01,8.438347232999999781e-01,-3.563775970000000043e-02,-3.072412081999999905e-02
9.394806399999999780e-01,8.455151033000000149e-01,-3.428961928000000270e-02,-3.111716658999999843e-02
9.397483399999999598e-01,8.478207719000000475e-01,-3.264367153000000132e-02,-3.161583190000000210e-02
9.400156600000000306e-01,8.493391250999999809e-01,-3.061230824000000031e-02,-3.208715277000000199e-02
9.402822100000000072e-01,8.505863429000000142e-01,-2.834472202999999829e-02,-3.249304137000000314e-02
9.405483700000000225e-01,8.522291490000000191e-01,-2.600578703999999880e-02,-3.292163143000000070e-02
9.408141500000000157e-01,8.537729631999999569e-01,-2.402218118999999846e-02,-3.333703093999999811e-02
9.410795499999999869e-01,8.552006118999999629e-01,-2.190396667000000033e-02,-3.374521144999999972e-02
9.413449499999999581e-01,8.563766764000000364e-01,-1.990003464000000138e-02,-3.408709199999999939e-02
9.416099599999999681e-01,8.578919563000000359e-01,-1.812127015000000035e-02,-3.454380184999999992e-02
9.418745899999999560e-01,8.588448884999999589e-01,-1.657675113000000103e-02,-3.492034422000000332e-02
9.421392299999999942e-01,8.598273199000000533e-01,-1.484163594999999940e-02,-3.535596157999999767e-02
9.424038599999999821e-01,8.603342859999999481e-01,-1.343402800000000064e-02,-3.564463879000000224e-02
9.426681099999999480e-01,8.608410432999999973e-01,-1.213734456000000080e-02,-3.594700968999999663e-02
9.429323600000000249e-01,8.614420467000000192e-01,-1.131404148999999928e-02,-3.620928450000000104e-02
9.431966099999999908e-01,8.624192525999999637e-01,-1.069647727999999999e-02,-3.650313252000000203e-02
9.434608500000000175e-01,8.634027224000000444e-01,-1.046668522999999983e-02,-3.673888802999999981e-02
9.437239499999999781e-01,8.644606528999999595e-01,-1.030127888000000047e-02,-3.693979278000000116e-02
9.439859099999999836e-01,8.655467476999999521e-01,-1.006817653000000035e-02,-3.711048608999999859e-02
9.442467399999999733e-01,8.666994163000000251e-01,-1.000541217000000017e-02,-3.719555791999999694e-02
9.445064399999999472e-01,8.677960856999999972e-01,-1.037694123000000058e-02,-3.729767803999999715e-02
9.447650300000000056e-01,8.685960435999999785e-01,-1.096767274000000000e-02,-3.736434319000000309e-02
9.450225100000000378e-01,8.686964463999999886e-01,-1.164285653000000052e-02,-3.742091893999999891e-02
9.452788899999999828e-01,8.694822083000000035e-01,-1.238046125000000046e-02,-3.750161510999999726e-02
9.455341699999999516e-01,8.697110990999999958e-01,-1.323316104000000007e-02,-3.763669199999999937e-02
9.457887400000000167e-01,8.698166161000000507e-01,-1.414510995000000000e-02,-3.777633256000000050e-02
9.460422200000000448e-01,8.699490077999999516e-01,-1.533229812000000067e-02,-3.790520104000000279e-02
9.462949800000000078e-01,8.688244992000000444e-01,-1.643097762999999947e-02,-3.794086500999999806e-02
9.465470299999999559e-01,8.680309151999999751e-01,-1.724447335000000095e-02,-3.801316789999999862e-02
9.467983800000000505e-01,8.667259419999999714e-01,-1.829154032000000069e-02,-3.802723388999999787e-02
9.470490099999999689e-01,8.642333177000000033e-01,-1.936582225999999851e-02,-3.794744774000000098e-02
9.472992900000000160e-01,8.620280785999999695e-01,-2.078584162999999943e-02,-3.788167643999999779e-02
9.475488699999999875e-01,8.605024954000000115e-01,-2.221931561999999916e-02,-3.784302298000000175e-02
9.477980999999999767e-01,8.593504390999999742e-01,-2.327332148999999850e-02,-3.786523097999999754e-02
9.480469799999999836e-01,8.584929409999999539e-01,-2.393726946000000050e-02,-3.791903021999999679e-02
9.482955100000000082e-01,8.572761355000000361e-01,-2.449530952000000122e-02,-3.791873579999999883e-02
9.485436900000000504e-01,8.561622097000000098e-01,-2.522243894000000125e-02,-3.792326798000000138e-02
9.487915199999999993e-01,8.558228890000000311e-01,-2.590454173000000110e-02,-3.798026474999999930e-02
9.490390100000000162e-01,8.559359371000000438e-01,-2.671409745000000169e-02,-3.805032140000000340e-02
9.492864899999999828e-01,8.564597737000000377e-01,-2.761862340000000027e-02,-3.809321406999999909e-02
9.495336300000000174e-01,8.577157177999999993e-01,-2.854639693999999964e-02,-3.805902561999999906e-02
9.497807600000000017e-01,8.592476619000000149e-01,-2.929186844000000040e-02,-3.804222793999999935e-02
9.500275500000000539e-01,8.609858106000000122e-01,-3.039616883000000047e-02,-3.792010402999999863e-02
9.502743399999999951e-01,8.631357862999999853e-01,-3.153068651999999666e-02,-3.781091478999999700e-02
9.505211300000000474e-01,8.653565471999999925e-01,-3.293008426999999988e-02,-3.763594522000000137e-02
9.507675599999999561e-01,8.679543610000000076e-01,-3.415218787999999700e-02,-3.749467894999999884e-02
9.510140000000000260e-01,8.708131624999999598e-01,-3.545860286000000056e-02,-3.727796699000000130e-02
9.512604399999999849e-01,8.737283528000000521e-01,-3.692774411000000062e-02,-3.698879076000000099e-02
9.515065299999999615e-01,8.766152560000000094e-01,-3.825424415999999911e-02,-3.659516695000000069e-02
9.517522699999999558e-01,8.792472414999999986e-01,-3.960056418999999966e-02,-3.621601264999999709e-02
9.519976700000000180e-01,8.813479811000000108e-01,-4.102495696999999830e-02,-3.576856769999999658e-02
9.522427100000000477e-01,8.832628361000000039e-01,-4.242733508999999709e-02,-3.524424503999999680e-02
9.524874100000000343e-01,8.850788110999999736e-01,-4.397813185999999847e-02,-3.472838259000000233e-02
9.527317600000000386e-01,8.859445291999999972e-01,-4.551160226999999975e-02,-3.411883224000000076e-02
9.529761199999999821e-01,8.866554306999999691e-01,-4.703423248000000029e-02,-3.342460114999999676e-02
9.532208199999999687e-01,8.873886975000000454e-01,-4.853618499000000169e-02,-3.274951583999999999e-02
9.534655199999999553e-01,8.879940630999999529e-01,-4.972430907000000011e-02,-3.207254282000000095e-02
9.537102200000000529e-01,8.874590996000000231e-01,-5.046239326000000192e-02,-3.135279255000000126e-02
9.539549200000000395e-01,8.864719695999999649e-01,-5.102082766999999769e-02,-3.063636558000000162e-02
9.541996099999999759e-01,8.842482761000000080e-01,-5.188838308000000288e-02,-2.978416312999999926e-02
9.544446699999999950e-01,8.810733594999999863e-01,-5.280101219000000318e-02,-2.884079092999999872e-02
9.546900699999999462e-01,8.793865321999999596e-01,-5.371234320999999923e-02,-2.803951285000000002e-02
9.549361800000000233e-01,8.780707500000000110e-01,-5.380195589000000278e-02,-2.746339138000000041e-02
9.551830100000000545e-01,8.763891671000000327e-01,-5.387668115000000119e-02,-2.688454875000000077e-02
9.554305600000000398e-01,8.742269599999999974e-01,-5.368527491999999790e-02,-2.633461984000000020e-02
9.556791900000000117e-01,8.724566155999999850e-01,-5.340064622000000039e-02,-2.584738828999999863e-02
9.559285600000000382e-01,8.708005195000000365e-01,-5.275987156999999844e-02,-2.547949940000000107e-02
9.561786599999999581e-01,8.687640661000000097e-01,-5.166267119000000213e-02,-2.520793885000000012e-02
9.564298900000000048e-01,8.666986934999999503e-01,-4.996568467000000319e-02,-2.508834304999999973e-02
9.566818599999999950e-01,8.639436755999999606e-01,-4.814922871999999937e-02,-2.503371725000000034e-02
9.569349700000000514e-01,8.623335792999999860e-01,-4.599026641000000110e-02,-2.518089450999999937e-02
9.571892300000000020e-01,8.608755313000000520e-01,-4.393295584999999670e-02,-2.537725954999999964e-02
9.574450399999999695e-01,8.598472936000000066e-01,-4.163526228000000162e-02,-2.565393197999999916e-02
9.577020200000000427e-01,8.585008284999999795e-01,-3.971082003999999721e-02,-2.595134367999999900e-02
9.579602000000000395e-01,8.571244487000000412e-01,-3.783393619000000041e-02,-2.625592737999999857e-02
9.582195799999999597e-01,8.560925622999999707e-01,-3.592049624000000219e-02,-2.658924652999999916e-02
9.584801699999999647e-01,8.557261097999999677e-01,-3.482082360000000182e-02,-2.694226706000000041e-02
9.587419999999999831e-01,8.554642157999999830e-01,-3.361077784000000152e-02,-2.730019658000000168e-02
9.590046500000000140e-01,8.553325923000000275e-01,-3.276328725000000192e-02,-2.765903301000000036e-02
9.592681299999999966e-01,8.556417299999999893e-01,-3.249783634000000254e-02,-2.798319823999999983e-02
9.595324600000000315e-01,8.553054285000000201e-01,-3.203627024999999851e-02,-2.835893362999999945e-02
9.597980600000000084e-01,8.549061028000000118e-01,-3.171376258999999975e-02,-2.872435518000000104e-02
9.600645100000000376e-01,8.547161916000000081e-01,-3.181142434999999907e-02,-2.902511196999999973e-02
9.603318299999999974e-01,8.548288000999999525e-01,-3.200125012999999879e-02,-2.932561499999999932e-02
9.605995800000000084e-01,8.559119681000000313e-01,-3.268998565000000300e-02,-2.960415103000000117e-02
9.608682100000000004e-01,8.571075232999999516e-01,-3.347024086000000009e-02,-2.984260286000000109e-02
9.611377199999999732e-01,8.576972894000000069e-01,-3.402131870999999808e-02,-3.008922064000000077e-02
9.614081199999999772e-01,8.584667902999999489e-01,-3.438204101999999679e-02,-3.034559012000000167e-02
9.616794199999999515e-01,8.596770813999999872e-01,-3.498119562000000238e-02,-3.057308489999999851e-02
9.619516200000000072e-01,8.608622527000000524e-01,-3.575439544000000303e-02,-3.068217168999999925e-02
9.622242699999999926e-01,8.624308961000000107e-01,-3.675846543999999883e-02,-3.074748993000000000e-02
9.624964700000000484e-01,8.639841324999999461e-01,-3.763177466999999971e-02,-3.074500634999999954e-02
9.627686699999999931e-01,8.652953701000000164e-01,-3.820579518000000174e-02,-3.078474590000000038e-02
9.630404200000000081e-01,8.664137186999999463e-01,-3.798524090000000158e-02,-3.091447090000000106e-02
9.633121599999999729e-01,8.679829931000000443e-01,-3.800496764999999888e-02,-3.104562736000000128e-02
9.635834500000000080e-01,8.705103839000000177e-01,-3.767780236999999921e-02,-3.127283299999999988e-02
9.638547400000000431e-01,8.717154647000000534e-01,-3.744850731999999766e-02,-3.143608779999999825e-02
9.641255699999999873e-01,8.719125354000000216e-01,-3.711737970000000136e-02,-3.147948326000000324e-02
9.643964000000000425e-01,8.721434952000000074e-01,-3.672459806000000215e-02,-3.151634360000000329e-02
9.646672400000000369e-01,8.721448446999999771e-01,-3.621517929000000330e-02,-3.156462312000000298e-02
9.649385299999999610e-01,8.719606752999999877e-01,-3.538315805000000203e-02,-3.163460073999999761e-02
9.652098199999999961e-01,8.725992430000000244e-01,-3.407060173999999775e-02,-3.180914527999999936e-02
9.654815700000000112e-01,8.736540499999999598e-01,-3.239306863000000064e-02,-3.206765982999999764e-02
9.657537899999999453e-01,8.749370647999999973e-01,-3.074164877000000115e-02,-3.239156080999999743e-02
9.660264699999999705e-01,8.761534202999999854e-01,-2.893124592999999842e-02,-3.281574554999999727e-02
9.662996200000000258e-01,8.771924522999999807e-01,-2.716883301000000070e-02,-3.329086551999999727e-02
9.665737100000000304e-01,8.781631575999999662e-01,-2.521971044000000106e-02,-3.383744412999999812e-02
9.668482800000000044e-01,8.783367799000000309e-01,-2.345742350000000129e-02,-3.435018215999999930e-02
9.671238100000000282e-01,8.784623516999999771e-01,-2.198999889000000096e-02,-3.480806692999999924e-02
9.673998099999999711e-01,8.786091207999999764e-01,-2.023700334000000031e-02,-3.529183811000000115e-02
9.676763000000000448e-01,8.783232524999999846e-01,-1.842998181999999999e-02,-3.572014834000000055e-02
9.679532800000000270e-01,8.780012807000000530e-01,-1.691277022999999879e-02,-3.607837242999999833e-02
9.682297699999999896e-01,8.776582157000000217e-01,-1.514670042999999994e-02,-3.649518290999999998e-02
9.685052899999999632e-01,8.768905871000000074e-01,-1.345000445999999968e-02,-3.694916264999999894e-02
9.687803299999999673e-01,8.761417760999999915e-01,-1.176732265999999930e-02,-3.745599321999999731e-02
9.690548799999999519e-01,8.756455442999999672e-01,-1.052436741999999981e-02,-3.788999347000000101e-02
9.693284699999999976e-01,8.753384741999999941e-01,-9.395232388000000073e-03,-3.833018356000000154e-02
9.696015700000000237e-01,8.757292276000000486e-01,-8.354328245999999292e-03,-3.879927032000000248e-02
9.698737299999999895e-01,8.760135717000000488e-01,-7.399448363999999723e-03,-3.924209573000000256e-02
9.701454000000000466e-01,8.752508885999999988e-01,-6.777578499999999985e-03,-3.954849953000000307e-02
9.704161300000000434e-01,8.751744018999999541e-01,-6.400258407999999920e-03,-3.985060639000000127e-02
9.706863799999999598e-01,8.754323442000000455e-01,-6.534246641999999668e-03,-4.010972773000000269e-02
9.709561599999999570e-01,8.757516860999999819e-01,-6.916433821999999794e-03,-4.031254356999999788e-02
9.712254599999999849e-01,8.764173833999999719e-01,-7.768677931999999620e-03,-4.048215186999999660e-02
9.714943000000000328e-01,8.770256950000000495e-01,-8.621749765999999274e-03,-4.064291837000000296e-02
9.717626700000000506e-01,8.773377026999999995e-01,-9.954629002000000421e-03,-4.062041162999999871e-02
9.720301000000000080e-01,8.774057564999999670e-01,-1.141164304000000067e-02,-4.054200452000000093e-02
9.722970600000000463e-01,8.773138381999999735e-01,-1.333196992000000060e-02,-4.035541432999999872e-02
9.725630899999999635e-01,8.780494491000000457e-01,-1.512520692000000021e-02,-4.024680561999999934e-02
9.728282000000000318e-01,8.781739227000000536e-01,-1.717451886999999885e-02,-3.999712720999999693e-02
9.730923900000000293e-01,8.782446940999999452e-01,-1.938318024999999972e-02,-3.970105443000000039e-02
9.733556599999999559e-01,8.778838064999999746e-01,-2.124736337999999850e-02,-3.936511829000000073e-02
9.736180199999999729e-01,8.770087518000000415e-01,-2.301493169000000047e-02,-3.893784030999999923e-02
9.738794699999999693e-01,8.751963360000000192e-01,-2.508933569999999974e-02,-3.837355651999999756e-02
9.741400300000000456e-01,8.728293454000000118e-01,-2.705797717000000061e-02,-3.774451922000000154e-02
9.743996799999999903e-01,8.704572390000000492e-01,-2.906059844000000170e-02,-3.710878354000000240e-02
9.746584499999999540e-01,8.681986931999999824e-01,-3.082140665000000085e-02,-3.647166386999999704e-02
9.749163199999999474e-01,8.660471496999999630e-01,-3.232747956999999783e-02,-3.590499060999999964e-02
9.751733099999999599e-01,8.640652390999999932e-01,-3.391606560999999714e-02,-3.535431976000000254e-02
9.754294300000000417e-01,8.615817234999999519e-01,-3.564606434999999934e-02,-3.474429066000000316e-02
9.756842300000000412e-01,8.594595744999999898e-01,-3.700306678000000321e-02,-3.426806914000000287e-02
9.759381700000000492e-01,8.581881137000000326e-01,-3.785207999000000240e-02,-3.394186406000000017e-02
9.761912499999999548e-01,8.569851995999999694e-01,-3.855203959000000347e-02,-3.361347840000000059e-02
9.764434699999999800e-01,8.560748858000000183e-01,-3.899438731999999713e-02,-3.331601062000000280e-02
9.766952599999999540e-01,8.549762785000000198e-01,-3.913840595999999727e-02,-3.308231311999999813e-02
9.769461900000000476e-01,8.545440926999999798e-01,-3.901321910000000309e-02,-3.293693145999999905e-02
9.771962899999999674e-01,8.545340138000000474e-01,-3.904246293000000062e-02,-3.280705502999999718e-02
9.774459500000000078e-01,8.547674151999999914e-01,-3.881532944999999818e-02,-3.272128351999999823e-02
9.776947799999999855e-01,8.550149419000000472e-01,-3.861290466000000254e-02,-3.260025879000000293e-02
9.779431899999999622e-01,8.557540927000000242e-01,-3.836147426000000027e-02,-3.254863683999999896e-02
9.781907600000000480e-01,8.564671473999999618e-01,-3.809671047999999699e-02,-3.249871317999999953e-02
9.784379100000000218e-01,8.565342288999999720e-01,-3.796686294999999933e-02,-3.238232460999999895e-02
9.786846500000000448e-01,8.566029548000000382e-01,-3.759615916999999724e-02,-3.233449208999999991e-02
9.789305600000000052e-01,8.569521440999999795e-01,-3.706412033999999939e-02,-3.224736984999999889e-02
9.791760499999999645e-01,8.575756481999999847e-01,-3.639526686999999816e-02,-3.224206054999999987e-02
9.794211299999999731e-01,8.581097362999999811e-01,-3.531217703000000263e-02,-3.222819469999999714e-02
9.796658000000000310e-01,8.587957901999999644e-01,-3.401528226000000155e-02,-3.224403576999999854e-02
9.799100600000000272e-01,8.600707974000000311e-01,-3.277661222000000096e-02,-3.230897534999999793e-02
9.801539099999999616e-01,8.616567138999999820e-01,-3.151065799000000306e-02,-3.246668326999999771e-02
9.803973499999999452e-01,8.633421551000000083e-01,-3.012149968000000025e-02,-3.264347997000000001e-02
9.806407900000000399e-01,8.650283618999999868e-01,-2.858230252999999915e-02,-3.287022292999999817e-02
9.808842300000000236e-01,8.662728447999999970e-01,-2.739993507999999994e-02,-3.302973346000000199e-02
9.811280799999999580e-01,8.668181776000000172e-01,-2.625714251000000124e-02,-3.321805014999999750e-02
9.813723399999999542e-01,8.676698767999999617e-01,-2.534427426000000066e-02,-3.334203916999999712e-02
9.816174399999999522e-01,8.680221787999999883e-01,-2.389033302999999872e-02,-3.355488967999999822e-02
9.818629599999999513e-01,8.688760205000000125e-01,-2.279090238999999934e-02,-3.370870844999999949e-02
9.821093199999999523e-01,8.695334917999999469e-01,-2.132003072000000082e-02,-3.396573715000000132e-02
9.823565399999999448e-01,8.703048503000000435e-01,-2.010055276000000113e-02,-3.422629842000000228e-02
9.826028999999999458e-01,8.706228216000000408e-01,-1.893073676000000052e-02,-3.448429564000000253e-02
9.828488399999999459e-01,8.704356314000000205e-01,-1.722415470000000087e-02,-3.471717227999999988e-02
9.830943500000000057e-01,8.700002548999999918e-01,-1.527143694000000079e-02,-3.494995503000000031e-02
9.833398599999999545e-01,8.700249991999999821e-01,-1.321141569999999960e-02,-3.525073953999999926e-02
9.835857999999999546e-01,8.694870377000000206e-01,-1.178143612000000055e-02,-3.539900229000000204e-02
9.838317399999999546e-01,8.689464704999999567e-01,-1.062634288999999947e-02,-3.548146259999999941e-02
9.840776700000000154e-01,8.686310730999999841e-01,-9.952577226000000610e-03,-3.552346078000000185e-02
9.843240399999999557e-01,8.685446782000000310e-01,-9.786030862000000274e-03,-3.556953446000000324e-02
9.845708399999999472e-01,8.684861987999999977e-01,-9.925784992999999931e-03,-3.563981422999999704e-02
9.848180800000000401e-01,8.688915149999999477e-01,-1.042934143000000084e-02,-3.563717322999999937e-02
9.850661899999999527e-01,8.694742870999999651e-01,-1.099710125000000031e-02,-3.563665984000000120e-02
9.853151799999999572e-01,8.709108704000000367e-01,-1.176170516999999922e-02,-3.559270169999999983e-02
9.855646200000000023e-01,8.720327421000000356e-01,-1.249972977999999971e-02,-3.550856094000000296e-02
9.858149499999999676e-01,8.734403518000000144e-01,-1.361598273000000012e-02,-3.538504467999999820e-02
9.860657299999999736e-01,8.748071619999999715e-01,-1.517392153999999951e-02,-3.529777172999999657e-02
9.863174200000000003e-01,8.754487431999999902e-01,-1.692321583999999851e-02,-3.505769621000000280e-02
9.865695700000000068e-01,8.761210131000000123e-01,-1.901452860000000036e-02,-3.483148833000000028e-02
9.868221799999999932e-01,8.765190022000000081e-01,-2.108160939999999955e-02,-3.456962026000000299e-02
9.870757199999999898e-01,8.765331828000000325e-01,-2.281042004000000123e-02,-3.424344312000000140e-02
9.873297300000000165e-01,8.764397781999999637e-01,-2.491277648999999997e-02,-3.383571989999999835e-02
9.875842000000000231e-01,8.764938595000000277e-01,-2.681140182000000052e-02,-3.348071543000000205e-02
9.878391499999999992e-01,8.766514897999999611e-01,-2.878354954000000160e-02,-3.308511976999999743e-02
9.880945700000000054e-01,8.758178309999999911e-01,-3.082757427000000147e-02,-3.260181537000000213e-02
9.883504600000000417e-01,8.751514438999999923e-01,-3.233825279000000080e-02,-3.218898891000000068e-02
9.886068399999999867e-01,8.747687923000000421e-01,-3.353822809999999766e-02,-3.191358060999999885e-02
9.888637000000000121e-01,8.741713349999999938e-01,-3.458687753999999809e-02,-3.161764151000000245e-02
9.891210499999999461e-01,8.733382121999999637e-01,-3.534271215999999771e-02,-3.134419244000000160e-02
9.893788799999999606e-01,8.716999067999999795e-01,-3.581664160999999819e-02,-3.107784790000000033e-02
9.896372100000000449e-01,8.697929174999999846e-01,-3.594801023000000068e-02,-3.086221420999999895e-02
9.898960300000000379e-01,8.679571477999999951e-01,-3.560586585000000137e-02,-3.072667994999999860e-02
9.901553499999999897e-01,8.662409932000000312e-01,-3.504692185000000265e-02,-3.064541427000000082e-02
9.904151599999999611e-01,8.649758342000000155e-01,-3.419691358000000181e-02,-3.063185980999999850e-02
9.906754800000000527e-01,8.644418333000000176e-01,-3.273654841000000343e-02,-3.070359438000000094e-02
9.909368100000000013e-01,8.638818123999999488e-01,-3.117054026000000075e-02,-3.077865339000000061e-02
9.911986600000000092e-01,8.632770826000000230e-01,-2.975234334000000092e-02,-3.087811709000000057e-02
9.914610099999999759e-01,8.630464370999999524e-01,-2.834470265999999850e-02,-3.100262235999999907e-02
9.917243999999999504e-01,8.627067064000000229e-01,-2.680176358999999953e-02,-3.118198252999999920e-02
9.919883099999999843e-01,8.624191227999999931e-01,-2.522920179999999998e-02,-3.140968354999999768e-02
9.922527500000000167e-01,8.619968484000000153e-01,-2.391166771000000080e-02,-3.167107068000000331e-02
9.925177200000000477e-01,8.619130921000000001e-01,-2.298863199000000107e-02,-3.192557179999999661e-02
9.927832100000000271e-01,8.618772956000000374e-01,-2.206305076000000115e-02,-3.220657597999999899e-02
9.930492400000000552e-01,8.617214114000000258e-01,-2.120392709999999875e-02,-3.246024168000000154e-02
9.933158100000000212e-01,8.614944879999999472e-01,-2.035640429000000126e-02,-3.268465928000000020e-02
9.935829200000000361e-01,8.612852706000000413e-01,-1.944553648999999829e-02,-3.292792764000000011e-02
9.938505699999999887e-01,8.609870116000000184e-01,-1.844569834000000033e-02,-3.318694021000000161e-02
9.941182200000000524e-01,8.612002528000000101e-01,-1.746516073999999918e-02,-3.347472166999999887e-02
9.943864199999999931e-01,8.619741732000000267e-01,-1.660339833999999876e-02,-3.377321411999999884e-02
9.946546200000000448e-01,8.633932953999999826e-01,-1.574616560000000054e-02,-3.413855475000000111e-02
9.949228199999999855e-01,8.649163679000000382e-01,-1.513959638000000017e-02,-3.445357890999999756e-02
9.951910200000000373e-01,8.666693229999999915e-01,-1.472711095999999949e-02,-3.479766942000000335e-02
9.954592199999999780e-01,8.682952068999999495e-01,-1.493637945999999952e-02,-3.506730585000000094e-02
9.957274200000000297e-01,8.695007213000000013e-01,-1.516977744999999968e-02,-3.532742737999999827e-02
9.959956199999999704e-01,8.701043886999999533e-01,-1.561318369999999990e-02,-3.545325809000000189e-02
9.962638200000000221e-01,8.710194975999999700e-01,-1.590472427000000008e-02,-3.561885836999999916e-02
9.965320199999999629e-01,8.713091442000000519e-01,-1.685056748999999923e-02,-3.561804997999999667e-02
9.968002200000000146e-01,8.712371606000000046e-01,-1.812413456000000131e-02,-3.561599750999999703e-02
9.970684199999999553e-01,8.713972892000000359e-01,-1.941216298999999881e-02,-3.558313607000000017e-02
9.973366200000000070e-01,8.711052412999999994e-01,-2.091318442999999874e-02,-3.549639960999999982e-02
9.976048199999999477e-01,8.707548760000000110e-01,-2.256960532000000172e-02,-3.540869765000000113e-02
9.978730300000000497e-01,8.701777957999999868e-01,-2.423814314000000136e-02,-3.532398077999999997e-02
9.981406600000000129e-01,8.696779121000000057e-01,-2.622559387000000103e-02,-3.517757373000000160e-02
9.984077300000000488e-01,8.689003722999999457e-01,-2.827851329000000136e-02,-3.494806101999999720e-02
9.986748100000000239e-01,8.671545642000000331e-01,-3.044712378999999899e-02,-3.466039769999999798e-02
9.989413099999999712e-01,8.657201922999999688e-01,-3.240615605000000260e-02,-3.439200958000000058e-02
9.992072600000000415e-01,8.645954437999999742e-01,-3.405564146000000098e-02,-3.407141677000000146e-02
9.994726499999999625e-01,8.634991744000000136e-01,-3.532504757999999773e-02,-3.372806167999999744e-02
9.997369099999999786e-01,8.624919610000000292e-01,-3.663140019000000330e-02,-3.341447841999999752e-02
1.000000599999999906e+00,8.602730772000000137e-01,-3.806782226000000185e-02,-3.300448151000000274e-02
1.000263200000000019e+00,8.580749820999999944e-01,-3.935920955000000304e-02,-3.258126769999999950e-02
1.000524699999999934e+00,8.558629979999999859e-01,-4.040024600000000077e-02,-3.221029996000000090e-02
1.000785100000000094e+00,8.538953525000000377e-01,-4.115748831999999774e-02,-3.186442958999999991e-02
1.001044499999999893e+00,8.524564494999999908e-01,-4.189754155000000035e-02,-3.158622722999999965e-02
1.001302700000000101e+00,8.512365737999999515e-01,-4.238306969999999785e-02,-3.133041275000000153e-02
1.001559899999999947e+00,8.501930046000000241e-01,-4.259034056000000207e-02,-3.117225227999999987e-02
1.001816000000000040e+00,8.492218470000000297e-01,-4.266090579000000188e-02,-3.099598037999999958e-02
1.002070999999999934e+00,8.491457720999999736e-01,-4.245076857999999925e-02,-3.099387362000000090e-02
1.002324999999999910e+00,8.494758669999999956e-01,-4.222301006000000329e-02,-3.098676661000000082e-02
1.002577899999999911e+00,8.505000849999999613e-01,-4.168712611000000012e-02,-3.112355580999999830e-02
1.002829299999999924e+00,8.514945892999999932e-01,-4.107531668000000136e-02,-3.123408185000000128e-02
1.003079700000000019e+00,8.528283609000000265e-01,-4.028662222999999931e-02,-3.138946824999999663e-02
1.003328500000000068e+00,8.540449032000000384e-01,-3.962710691000000118e-02,-3.146401088999999790e-02
1.003575799999999907e+00,8.560508109000000143e-01,-3.900493484999999899e-02,-3.164247731000000008e-02
1.003822100000000050e+00,8.579371700000000267e-01,-3.807531211000000221e-02,-3.179472700000000179e-02
1.004066899999999984e+00,8.601943928999999933e-01,-3.718112319999999915e-02,-3.193939921999999765e-02
1.004310700000000001e+00,8.622600517999999825e-01,-3.617240679000000014e-02,-3.201389860000000004e-02
1.004553500000000099e+00,8.645470860999999729e-01,-3.536416065999999775e-02,-3.209480841000000167e-02
1.004795399999999894e+00,8.671034466000000496e-01,-3.473387934000000260e-02,-3.220970488000000215e-02
1.005036299999999994e+00,8.696174623000000325e-01,-3.392251332000000008e-02,-3.230779150000000211e-02
1.005276199999999953e+00,8.722058377000000418e-01,-3.348351424999999881e-02,-3.233239127999999740e-02
1.005515200000000053e+00,8.747645897000000392e-01,-3.304932974000000107e-02,-3.231462734999999975e-02
1.005753200000000014e+00,8.774875670999999766e-01,-3.290859800999999807e-02,-3.231779282999999725e-02
1.005990299999999893e+00,8.799760196000000478e-01,-3.297202869000000203e-02,-3.231455656999999981e-02
1.006226899999999924e+00,8.825218017999999498e-01,-3.302628875000000047e-02,-3.227247630999999922e-02
1.006462500000000038e+00,8.840526266999999550e-01,-3.362478319000000021e-02,-3.202820068000000048e-02
1.006697699999999918e+00,8.851778775999999960e-01,-3.385661404999999735e-02,-3.190439210999999886e-02
1.006932500000000008e+00,8.865239353999999627e-01,-3.480436306999999674e-02,-3.168901526000000163e-02
1.007166699999999970e+00,8.868176017000000133e-01,-3.579962977000000074e-02,-3.142241437999999942e-02
1.007400499999999921e+00,8.862287383000000407e-01,-3.696068619000000138e-02,-3.105041714999999883e-02
1.007634300000000094e+00,8.849412610000000345e-01,-3.801457417000000255e-02,-3.068970337000000159e-02
1.007868100000000045e+00,8.834018265999999953e-01,-3.942713847999999854e-02,-3.031138100999999918e-02
1.008101899999999995e+00,8.826912419000000343e-01,-4.089813082999999710e-02,-2.997586421000000140e-02
1.008336200000000016e+00,8.819865395000000552e-01,-4.214404446000000193e-02,-2.966440764999999855e-02
1.008570900000000048e+00,8.812007067999999554e-01,-4.282558041000000121e-02,-2.943540823000000139e-02
1.008806099999999928e+00,8.794825425000000196e-01,-4.331678616000000231e-02,-2.917847883000000003e-02
1.009041800000000100e+00,8.777762823000000436e-01,-4.416386469999999953e-02,-2.882828555999999987e-02
1.009277999999999897e+00,8.768506883000000141e-01,-4.531032911999999940e-02,-2.848769043000000042e-02
1.009514599999999929e+00,8.762578180000000216e-01,-4.651670136000000261e-02,-2.811764681000000071e-02
1.009752200000000100e+00,8.750158956000000376e-01,-4.722797582999999771e-02,-2.776918958999999992e-02
1.009990799999999966e+00,8.738416842999999767e-01,-4.758022944000000337e-02,-2.745321864999999972e-02
1.010230399999999973e+00,8.720926179000000333e-01,-4.775724421000000081e-02,-2.726173785999999946e-02
1.010471099999999955e+00,8.705085553000000420e-01,-4.802273975000000139e-02,-2.705430883999999925e-02
1.010712700000000019e+00,8.680917111000000519e-01,-4.770496781999999936e-02,-2.699542096999999960e-02
1.010955300000000001e+00,8.651128219000000508e-01,-4.737934423000000200e-02,-2.688373732000000002e-02
1.011198499999999889e+00,8.627920801999999778e-01,-4.719146098000000233e-02,-2.678790643000000110e-02
1.011442200000000069e+00,8.599936449999999732e-01,-4.686121020999999692e-02,-2.671269151000000078e-02
1.011686400000000097e+00,8.583048712999999941e-01,-4.622061350000000041e-02,-2.678384480999999873e-02
1.011931700000000101e+00,8.568108892000000365e-01,-4.528360431999999686e-02,-2.696801022000000145e-02
1.012177499999999952e+00,8.555356273999999983e-01,-4.440802055000000331e-02,-2.721395136999999950e-02
1.012424299999999944e+00,8.536994259000000307e-01,-4.389286466999999664e-02,-2.739458578999999852e-02
1.012671799999999900e+00,8.521671306000000445e-01,-4.329884428999999924e-02,-2.757236033000000017e-02
1.012920299999999996e+00,8.510160568000000314e-01,-4.255246810999999824e-02,-2.776554620999999862e-02
1.013169299999999939e+00,8.507342933000000551e-01,-4.205045872999999684e-02,-2.799322305999999913e-02
1.013419499999999918e+00,8.509528817000000522e-01,-4.128531499000000216e-02,-2.828389983000000052e-02
1.013670300000000024e+00,8.513933301999999648e-01,-4.026713753999999756e-02,-2.865694523999999868e-02
1.013922100000000048e+00,8.514905174000000354e-01,-3.907214158999999798e-02,-2.894168945999999951e-02
1.014175199999999943e+00,8.519408037000000267e-01,-3.796939711999999800e-02,-2.914342472000000170e-02
1.014429299999999978e+00,8.536076364000000360e-01,-3.672185977999999767e-02,-2.940459808000000022e-02
1.014684099999999978e+00,8.564758895999999844e-01,-3.556407655999999778e-02,-2.971778222999999983e-02
1.014940100000000012e+00,8.588405502000000524e-01,-3.434539061999999920e-02,-2.995598975999999927e-02
1.015196599999999894e+00,8.603220593999999499e-01,-3.261475394999999861e-02,-3.023247336999999868e-02
1.015454400000000090e+00,8.616355721999999773e-01,-3.102104002999999874e-02,-3.039114538999999893e-02
1.015713300000000041e+00,8.637625160999999885e-01,-2.983842587000000088e-02,-3.047755188999999934e-02
1.015972899999999957e+00,8.662960631999999661e-01,-2.892996470999999875e-02,-3.059762368000000163e-02
1.016233100000000000e+00,8.687533150999999787e-01,-2.817835376000000017e-02,-3.071697815999999831e-02
1.016494599999999915e+00,8.704788240999999926e-01,-2.784808679000000051e-02,-3.078412799000000005e-02
1.016756100000000052e+00,8.725642812999999665e-01,-2.735585123999999951e-02,-3.086216585000000137e-02
1.017018100000000036e+00,8.743574225000000366e-01,-2.682765376000000035e-02,-3.096803559000000164e-02
1.017280200000000079e+00,8.760040744999999518e-01,-2.699263210000000038e-02,-3.101345573000000022e-02
1.017542299999999900e+00,8.771820942000000398e-01,-2.657978630000000161e-02,-3.118120413000000091e-02
1.017805099999999907e+00,8.773723329999999487e-01,-2.694521937999999964e-02,-3.114877049999999897e-02
1.018067800000000078e+00,8.774668171999999711e-01,-2.739791003000000003e-02,-3.119824586000000122e-02
1.018329899999999899e+00,8.774550722999999719e-01,-2.822842269999999848e-02,-3.122531626000000018e-02
1.018591999999999942e+00,8.770223445999999479e-01,-2.911158403999999922e-02,-3.125535053999999729e-02
1.018854099999999985e+00,8.761812227999999925e-01,-3.013157509999999858e-02,-3.126197374999999806e-02
1.019116200000000028e+00,8.758619385000000479e-01,-3.100896817000000152e-02,-3.137188468000000341e-02
1.019378200000000012e+00,8.753138867999999961e-01,-3.180699917000000265e-02,-3.149357656000000005e-02
1.019640300000000055e+00,8.746935183999999808e-01,-3.262071006000000217e-02,-3.163761285000000339e-02
1.019901799999999970e+00,8.740511098000000034e-01,-3.355411417000000313e-02,-3.178778567999999971e-02
1.020163200000000048e+00,8.728740954000000496e-01,-3.462294590000000033e-02,-3.195312665999999746e-02
1.020424599999999904e+00,8.714370264999999893e-01,-3.539307081999999716e-02,-3.214052583000000241e-02
1.020686100000000041e+00,8.697530529000000454e-01,-3.595815381999999810e-02,-3.230954553999999812e-02
1.020947499999999897e+00,8.679915327999999652e-01,-3.644487893000000062e-02,-3.246995324000000183e-02
1.021208300000000069e+00,8.661526236000000045e-01,-3.677068418999999977e-02,-3.266638810999999976e-02
1.021469100000000019e+00,8.642816144999999617e-01,-3.701719726000000238e-02,-3.291319580999999689e-02
1.021729899999999969e+00,8.625046889999999911e-01,-3.761788133999999922e-02,-3.315998646999999966e-02
1.021990699999999919e+00,8.609826317000000007e-01,-3.802411390000000335e-02,-3.343627625000000075e-02
1.022251400000000032e+00,8.594586349999999708e-01,-3.809016952000000150e-02,-3.371404725999999769e-02
1.022512199999999982e+00,8.577791138000000482e-01,-3.802656450999999938e-02,-3.400098800000000282e-02
1.022772999999999932e+00,8.556273420000000129e-01,-3.784269896999999799e-02,-3.418936605000000295e-02
1.023034500000000069e+00,8.531362473000000390e-01,-3.754700007999999672e-02,-3.438655808999999813e-02
1.023295899999999925e+00,8.507964512000000257e-01,-3.716933562000000052e-02,-3.459617753000000101e-02
1.023557400000000062e+00,8.489880812000000221e-01,-3.658092713000000301e-02,-3.484313886999999832e-02
1.023818799999999918e+00,8.483215653000000245e-01,-3.613061759999999789e-02,-3.516798651999999969e-02
1.024080899999999961e+00,8.479913212999999894e-01,-3.535560311000000150e-02,-3.552174838000000251e-02
1.024343100000000062e+00,8.474527795999999835e-01,-3.486866193000000280e-02,-3.581543908999999803e-02
1.024604499999999918e+00,8.466167616999999979e-01,-3.427417284999999952e-02,-3.607570344000000234e-02
1.024865300000000090e+00,8.453127990000000036e-01,-3.343764024999999751e-02,-3.624511024999999692e-02
1.025124700000000111e+00,8.439891004999999780e-01,-3.229636743000000032e-02,-3.640821542000000077e-02
1.025383399999999945e+00,8.426258737999999804e-01,-3.142611204000000241e-02,-3.645676290000000180e-02
1.025640799999999908e+00,8.418731323999999461e-01,-3.094701260000000051e-02,-3.649793600000000166e-02
1.025897599999999965e+00,8.412747774000000067e-01,-3.059296274000000010e-02,-3.647202176000000073e-02
1.026153000000000093e+00,8.407315679000000319e-01,-2.991838600000000167e-02,-3.649044880999999935e-02
1.026407800000000092e+00,8.411989619999999945e-01,-2.943148594000000173e-02,-3.649492388000000198e-02
1.026661199999999941e+00,8.419583451000000052e-01,-2.886439232999999868e-02,-3.646873610000000293e-02
1.026913399999999976e+00,8.418849484999999522e-01,-2.838235063000000072e-02,-3.633241530999999774e-02
1.027164900000000047e+00,8.422094600999999736e-01,-2.802712082999999840e-02,-3.618858315000000186e-02
1.027415100000000026e+00,8.432866347999999901e-01,-2.744513781999999985e-02,-3.610958277000000244e-02
1.027664700000000098e+00,8.445576970999999489e-01,-2.684068283000000041e-02,-3.606813544000000288e-02
1.027913000000000077e+00,8.459733686999999502e-01,-2.641054582999999983e-02,-3.599901130000000143e-02
1.028160600000000091e+00,8.481240019000000352e-01,-2.567574947999999926e-02,-3.606325065999999718e-02
1.028407700000000036e+00,8.502711115000000097e-01,-2.500001987000000092e-02,-3.610620006000000298e-02
1.028653500000000109e+00,8.524429985000000487e-01,-2.462702691999999957e-02,-3.616632136999999719e-02
1.028898599999999997e+00,8.547562224000000430e-01,-2.443638465000000023e-02,-3.623574165000000014e-02
1.029143099999999977e+00,8.569796130000000289e-01,-2.458012839000000074e-02,-3.628544636000000101e-02
1.029387100000000110e+00,8.584254424999999689e-01,-2.494205412000000122e-02,-3.620069935999999794e-02
1.029630400000000057e+00,8.598311440000000472e-01,-2.545785105000000076e-02,-3.608593229999999819e-02
1.029873000000000038e+00,8.609264527000000111e-01,-2.601412041999999827e-02,-3.592994392999999953e-02
1.030115099999999950e+00,8.622312346999999599e-01,-2.646584591000000070e-02,-3.577697261999999989e-02
1.030356499999999897e+00,8.629860926000000321e-01,-2.723707385999999883e-02,-3.551620890999999947e-02
1.030597299999999938e+00,8.648727787000000111e-01,-2.816271831000000114e-02,-3.541140505999999799e-02
1.030838200000000038e+00,8.665270926000000484e-01,-2.898225293000000063e-02,-3.523727327000000104e-02
1.031079000000000079e+00,8.683370844000000144e-01,-2.962475103000000026e-02,-3.514927691999999992e-02
1.031319799999999898e+00,8.697455565999999694e-01,-3.032868667000000046e-02,-3.501145232999999801e-02
1.031560599999999939e+00,8.713965311000000380e-01,-3.056727694999999967e-02,-3.496741242000000333e-02
1.031802099999999944e+00,8.727952704000000450e-01,-3.069896490000000033e-02,-3.485374333999999991e-02
1.032044100000000020e+00,8.738985116999999914e-01,-3.112611415999999923e-02,-3.465159181000000005e-02
1.032286899999999896e+00,8.744525585000000323e-01,-3.137783108000000154e-02,-3.451517558000000152e-02
1.032530200000000065e+00,8.754312463000000211e-01,-3.170247738000000343e-02,-3.437190354999999919e-02
1.032774199999999976e+00,8.761045128000000126e-01,-3.160004569000000180e-02,-3.427902716999999683e-02
1.033018800000000015e+00,8.767693844999999708e-01,-3.166799096999999702e-02,-3.415026058000000114e-02
1.033264100000000019e+00,8.759056551999999662e-01,-3.235969590999999979e-02,-3.377432151999999743e-02
1.033509999999999929e+00,8.745448959999999605e-01,-3.271286445999999765e-02,-3.337685900000000178e-02
1.033757299999999990e+00,8.735953625000000278e-01,-3.293485426000000021e-02,-3.302387483000000096e-02
1.034004600000000051e+00,8.719539708000000333e-01,-3.305712606999999803e-02,-3.256321212999999798e-02
1.034252500000000019e+00,8.709582729000000523e-01,-3.358126210000000195e-02,-3.216207901999999785e-02
1.034501099999999951e+00,8.699682623000000170e-01,-3.415746488000000192e-02,-3.181250668999999892e-02
1.034749799999999942e+00,8.691377500000000422e-01,-3.437270508999999696e-02,-3.151590440000000271e-02
1.034999100000000061e+00,8.678327943000000433e-01,-3.435457348999999827e-02,-3.126735104000000209e-02
1.035249099999999922e+00,8.660930905000000513e-01,-3.419717899000000033e-02,-3.105165392999999913e-02
1.035499799999999970e+00,8.641071031999999486e-01,-3.408269307000000303e-02,-3.085070474999999923e-02
1.035751199999999983e+00,8.620788181999999855e-01,-3.417909200000000119e-02,-3.062982616999999907e-02
1.036003299999999960e+00,8.598960799000000543e-01,-3.442132947999999859e-02,-3.040706230999999996e-02
1.036256800000000089e+00,8.579561027000000006e-01,-3.476892421000000316e-02,-3.023608376000000084e-02
1.036511100000000019e+00,8.560402488999999671e-01,-3.513618431999999958e-02,-3.006824962999999837e-02
1.036766099999999913e+00,8.535566142999999606e-01,-3.517832719999999802e-02,-2.993074704000000044e-02
1.037021900000000052e+00,8.520752268000000296e-01,-3.464587224000000021e-02,-2.993023817999999892e-02
1.037277599999999911e+00,8.509987103999999691e-01,-3.408052124000000155e-02,-2.996280839999999890e-02
1.037534100000000015e+00,8.497162235999999869e-01,-3.354533660999999695e-02,-3.005173490999999905e-02
1.037791399999999920e+00,8.474951538999999645e-01,-3.308202411999999759e-02,-3.003308732999999953e-02
1.038049400000000011e+00,8.460851844000000233e-01,-3.241050990000000215e-02,-3.006540024000000158e-02
1.038308199999999903e+00,8.444804318999999948e-01,-3.177492623000000016e-02,-3.008173182999999973e-02
1.038567699999999983e+00,8.428249555000000282e-01,-3.179960831999999876e-02,-2.998102394000000046e-02
1.038828099999999921e+00,8.416193536999999614e-01,-3.187340431999999973e-02,-2.989746511000000023e-02
1.039090000000000069e+00,8.407864288999999935e-01,-3.208797065999999948e-02,-2.989730662999999858e-02
1.039352700000000018e+00,8.406864329000000025e-01,-3.258094584000000016e-02,-2.989015860000000108e-02
1.039616300000000049e+00,8.409430996000000214e-01,-3.357455152000000248e-02,-2.980771014999999968e-02
1.039881400000000067e+00,8.415781826999999549e-01,-3.443215638000000217e-02,-2.967938905000000113e-02
1.040147399999999944e+00,8.435566255999999985e-01,-3.500619854999999919e-02,-2.965911720999999876e-02
1.040414200000000067e+00,8.463098240999999966e-01,-3.582467034000000328e-02,-2.966163092000000112e-02
1.040681900000000049e+00,8.486343388000000543e-01,-3.696330190000000210e-02,-2.961864624000000099e-02
1.040950400000000053e+00,8.513431716999999566e-01,-3.804365898999999968e-02,-2.960269066000000004e-02
1.041218999999999895e+00,8.547529510000000386e-01,-3.911657119999999849e-02,-2.967515244000000149e-02
1.041488399999999981e+00,8.578016334000000409e-01,-4.029570726000000075e-02,-2.968856812999999886e-02
1.041757800000000067e+00,8.595277982000000261e-01,-4.116469295999999889e-02,-2.965772640000000071e-02
1.042027999999999954e+00,8.620821362999999682e-01,-4.203790058000000246e-02,-2.972979809999999959e-02
1.042298299999999900e+00,8.641135484999999949e-01,-4.240068942999999924e-02,-2.984169428000000082e-02
1.042569499999999927e+00,8.658415866999999988e-01,-4.232598551999999792e-02,-3.001859696000000119e-02
1.042840599999999895e+00,8.668909441000000049e-01,-4.147073233999999664e-02,-3.031610008999999911e-02
1.043111799999999922e+00,8.682731175000000245e-01,-4.050938352999999825e-02,-3.059927180000000108e-02
1.043383799999999972e+00,8.704841612000000506e-01,-3.927620570999999783e-02,-3.101896839999999933e-02
1.043655900000000081e+00,8.728184329000000519e-01,-3.793260702000000179e-02,-3.147733012000000080e-02
1.043927899999999909e+00,8.747257189999999571e-01,-3.671615177999999757e-02,-3.197056088999999934e-02
1.044200000000000017e+00,8.760090713000000529e-01,-3.569096079999999754e-02,-3.243203203000000201e-02
1.044472000000000067e+00,8.774697852999999714e-01,-3.464375986999999879e-02,-3.291198337000000168e-02
1.044744099999999953e+00,8.783316569000000351e-01,-3.350585960000000002e-02,-3.344705598000000113e-02
1.045015199999999922e+00,8.795001501000000443e-01,-3.217085369000000084e-02,-3.402142807999999907e-02
1.045286399999999949e+00,8.798866114000000183e-01,-3.096428010999999897e-02,-3.451269642000000248e-02
1.045557499999999918e+00,8.803753823000000089e-01,-2.997899576999999913e-02,-3.499814311999999844e-02
1.045828600000000108e+00,8.799307749000000456e-01,-2.919861714000000080e-02,-3.539508623999999826e-02
1.046098799999999995e+00,8.788734924000000115e-01,-2.831336519999999926e-02,-3.571498784999999759e-02
1.046369000000000105e+00,8.775717997999999964e-01,-2.745630946000000155e-02,-3.603501784000000263e-02
1.046638299999999910e+00,8.758036934999999801e-01,-2.678763705000000023e-02,-3.627738095000000024e-02
1.046906700000000079e+00,8.737896103000000192e-01,-2.630747187000000153e-02,-3.642951818000000203e-02
1.047174999999999967e+00,8.717750859999999768e-01,-2.610464239999999922e-02,-3.650673859999999799e-02
1.047442500000000054e+00,8.706144032000000532e-01,-2.599254856999999932e-02,-3.660076173000000044e-02
1.047709000000000001e+00,8.694654760000000149e-01,-2.590715472999999963e-02,-3.664576591999999661e-02
1.047974600000000089e+00,8.682124090999999710e-01,-2.548986732999999894e-02,-3.671721436000000005e-02
1.048239300000000096e+00,8.668890491999999837e-01,-2.533223650000000077e-02,-3.671703300000000308e-02
1.048503100000000021e+00,8.656268983999999556e-01,-2.502337318999999990e-02,-3.678209620999999679e-02
1.048766000000000087e+00,8.648893635000000080e-01,-2.475356785999999892e-02,-3.684100440000000198e-02
1.049027900000000013e+00,8.642023463000000350e-01,-2.429670923999999871e-02,-3.699607173000000332e-02
1.049288999999999916e+00,8.635538763000000229e-01,-2.405311394999999977e-02,-3.702945310999999906e-02
1.049549199999999960e+00,8.628298229999999958e-01,-2.423334748000000038e-02,-3.703968902000000230e-02
1.049808499999999922e+00,8.621992907000000095e-01,-2.447222620999999973e-02,-3.704537567999999920e-02
1.050066900000000025e+00,8.618513429999999920e-01,-2.482399513999999918e-02,-3.700615555000000279e-02
1.050324400000000047e+00,8.608892485000000372e-01,-2.518281601000000106e-02,-3.692387033999999790e-02
1.050580999999999987e+00,8.600665807999999801e-01,-2.556659225999999979e-02,-3.678174190999999871e-02
1.050836700000000068e+00,8.593128558999999500e-01,-2.601083834999999914e-02,-3.663140256999999900e-02
1.051091599999999904e+00,8.586218728000000189e-01,-2.654941330000000141e-02,-3.647114335999999957e-02
1.051345500000000044e+00,8.577472774000000078e-01,-2.685106216000000129e-02,-3.629073554000000063e-02
1.051598699999999997e+00,8.570290211000000102e-01,-2.747654542999999894e-02,-3.607520483999999972e-02
1.051850900000000033e+00,8.561322196999999745e-01,-2.829250554999999945e-02,-3.577503566000000274e-02
1.052102300000000046e+00,8.557087219000000244e-01,-2.917518699000000090e-02,-3.546245970999999803e-02
1.052352799999999977e+00,8.551470898999999903e-01,-3.022954678000000159e-02,-3.509080442999999716e-02
1.052602400000000049e+00,8.553720744999999681e-01,-3.152594732999999816e-02,-3.475884025999999988e-02
1.052852099999999957e+00,8.561047984999999860e-01,-3.286358607999999987e-02,-3.442437609000000009e-02
1.053100900000000006e+00,8.571858668999999820e-01,-3.429493066000000034e-02,-3.413157849000000160e-02
1.053348799999999974e+00,8.590825013999999760e-01,-3.589775063000000266e-02,-3.385463533000000053e-02
1.053595899999999919e+00,8.609479867999999536e-01,-3.776649750000000277e-02,-3.355644703999999950e-02
1.053842900000000027e+00,8.626965790999999717e-01,-3.926339186000000342e-02,-3.326135526000000009e-02
1.054089099999999890e+00,8.646208297999999903e-01,-4.077104205999999842e-02,-3.300173624000000278e-02
1.054334499999999952e+00,8.661740827999999670e-01,-4.221969250999999673e-02,-3.269867997999999915e-02
1.054579900000000015e+00,8.670366346000000224e-01,-4.371899265999999729e-02,-3.237776860000000229e-02
1.054824399999999995e+00,8.673628406000000179e-01,-4.521173741000000107e-02,-3.199206764999999730e-02
1.055068899999999976e+00,8.673725128000000506e-01,-4.627361807000000132e-02,-3.163523005999999832e-02
1.055312599999999934e+00,8.676252240999999810e-01,-4.706125711999999822e-02,-3.131917599999999718e-02
1.055556200000000056e+00,8.671658002000000032e-01,-4.790120317999999738e-02,-3.092222310000000002e-02
1.055798999999999932e+00,8.665278457999999739e-01,-4.854070573000000138e-02,-3.057830939999999983e-02
1.056041900000000089e+00,8.655734863999999806e-01,-4.894944178999999923e-02,-3.018393471999999966e-02
1.056284699999999965e+00,8.643605497999999887e-01,-4.929405297000000186e-02,-2.981658067999999953e-02
1.056526599999999982e+00,8.635697570999999462e-01,-4.940165154000000086e-02,-2.955941443000000002e-02
1.056769400000000081e+00,8.628767977000000311e-01,-4.917366774999999690e-02,-2.940553493999999851e-02
1.057012199999999957e+00,8.619038762999999825e-01,-4.860624348999999927e-02,-2.925367295000000020e-02
1.057255099999999892e+00,8.606757752000000483e-01,-4.790025274999999694e-02,-2.913354946000000154e-02
1.057498700000000014e+00,8.599536571000000462e-01,-4.699287422000000131e-02,-2.907826130000000162e-02
1.057743300000000053e+00,8.587980085999999957e-01,-4.608555812000000168e-02,-2.896450370000000149e-02
1.057988799999999951e+00,8.578968687000000370e-01,-4.451837042000000161e-02,-2.892012160999999845e-02
1.058235100000000095e+00,8.575194285999999666e-01,-4.268977444000000149e-02,-2.891274585000000105e-02
1.058482399999999934e+00,8.565951009000000171e-01,-4.105080971999999773e-02,-2.885176818000000087e-02
1.058730600000000077e+00,8.558395079999999711e-01,-3.921877969999999769e-02,-2.886428334999999873e-02
1.058979799999999916e+00,8.546519072999999578e-01,-3.691411468999999945e-02,-2.891172413000000010e-02
1.059229799999999999e+00,8.540620597000000425e-01,-3.498144308000000063e-02,-2.891762990999999922e-02
1.059481799999999918e+00,8.528170565999999564e-01,-3.280823722000000137e-02,-2.898708352000000169e-02
1.059734799999999977e+00,8.523724190000000478e-01,-3.098504659999999980e-02,-2.907275843999999887e-02
1.059988699999999895e+00,8.515325684000000228e-01,-2.900782748000000147e-02,-2.922064821999999923e-02
1.060244699999999929e+00,8.511879397999999597e-01,-2.692513940999999994e-02,-2.930941512999999873e-02
1.060500599999999904e+00,8.508105222999999828e-01,-2.491860992000000108e-02,-2.940950255000000096e-02
1.060755600000000021e+00,8.508273323999999693e-01,-2.322420601000000154e-02,-2.955418459999999831e-02
1.061008500000000021e+00,8.507930050999999994e-01,-2.185386469999999956e-02,-2.964755158000000057e-02
1.061260400000000104e+00,8.506201155999999486e-01,-2.033966443999999860e-02,-2.982669135000000013e-02
1.061510399999999965e+00,8.510456076000000314e-01,-1.923841100000000040e-02,-2.995527144000000030e-02
1.061758399999999991e+00,8.514081918000000471e-01,-1.806177613999999931e-02,-3.019164079000000167e-02
1.062005400000000099e+00,8.512805361999999931e-01,-1.715102337000000074e-02,-3.037116894999999928e-02
1.062251499999999904e+00,8.514405093000000369e-01,-1.619829063000000069e-02,-3.066190422000000110e-02
1.062496600000000013e+00,8.516703576999999914e-01,-1.581779717000000168e-02,-3.086440924999999877e-02
1.062739799999999901e+00,8.517476223000000068e-01,-1.565398214000000149e-02,-3.113726748000000127e-02
1.062983000000000011e+00,8.522786789999999835e-01,-1.545958751999999999e-02,-3.142373042999999783e-02
1.063225300000000040e+00,8.527969441999999622e-01,-1.519215437999999960e-02,-3.175218274000000257e-02
1.063467500000000010e+00,8.531595864000000029e-01,-1.503217087999999917e-02,-3.202449417000000076e-02
1.063709800000000039e+00,8.526933314000000319e-01,-1.485495860999999987e-02,-3.225887504999999655e-02
1.063952999999999927e+00,8.523309047999999555e-01,-1.548861168000000010e-02,-3.236373559999999872e-02
1.064196200000000037e+00,8.523263560999999600e-01,-1.624373558999999898e-02,-3.252609965000000103e-02
1.064440400000000064e+00,8.527664684000000328e-01,-1.725903327000000154e-02,-3.266824061999999695e-02
1.064684600000000092e+00,8.532929153999999627e-01,-1.844673272000000100e-02,-3.276546761000000141e-02
1.064929800000000037e+00,8.547415321000000343e-01,-1.978411415000000048e-02,-3.288110498999999992e-02
1.065175999999999901e+00,8.552004278000000514e-01,-2.114947131000000091e-02,-3.288968343999999766e-02
1.065423199999999904e+00,8.566135624999999809e-01,-2.270728551999999859e-02,-3.287997563000000234e-02
1.065671400000000046e+00,8.574014317000000496e-01,-2.435426359000000124e-02,-3.284754322999999809e-02
1.065920699999999943e+00,8.585256305999999782e-01,-2.594062836999999969e-02,-3.275835070000000099e-02
1.066170999999999980e+00,8.599494743000000163e-01,-2.782302517000000142e-02,-3.261477893999999850e-02
1.066421400000000075e+00,8.616997803999999483e-01,-2.995175216000000099e-02,-3.247433977999999999e-02
1.066672800000000088e+00,8.631165950000000420e-01,-3.192395536999999978e-02,-3.233947320000000319e-02
1.066925300000000076e+00,8.648830961000000261e-01,-3.404832524000000332e-02,-3.218500641000000134e-02
1.067178900000000041e+00,8.670196158999999847e-01,-3.596873873999999888e-02,-3.208962491999999694e-02
1.067432500000000006e+00,8.686788391999999970e-01,-3.786182675000000081e-02,-3.194555470999999730e-02
1.067687199999999947e+00,8.695673025000000278e-01,-3.984850516999999953e-02,-3.174848168999999665e-02
1.067943099999999923e+00,8.698501494999999473e-01,-4.182012541999999972e-02,-3.148771469000000156e-02
1.068200100000000097e+00,8.699126864999999764e-01,-4.354561343999999862e-02,-3.127726801999999862e-02
1.068457100000000048e+00,8.704190402999999465e-01,-4.494543094999999683e-02,-3.112595226999999992e-02
1.068715300000000035e+00,8.700254749000000398e-01,-4.605590629999999769e-02,-3.097433818000000158e-02
1.068973500000000021e+00,8.694255617999999686e-01,-4.648246954000000153e-02,-3.086520209999999917e-02
1.069232900000000042e+00,8.682788741000000421e-01,-4.639990722000000151e-02,-3.073026987000000015e-02
1.069492200000000004e+00,8.670003884000000438e-01,-4.608820454999999761e-02,-3.063632883000000015e-02
1.069752800000000059e+00,8.661575390000000318e-01,-4.571401078000000145e-02,-3.061245048999999829e-02
1.070013399999999892e+00,8.649837868999999957e-01,-4.497956543000000001e-02,-3.062799431000000003e-02
1.070275300000000041e+00,8.635952744999999542e-01,-4.433273316999999936e-02,-3.067350384000000138e-02
1.070537099999999908e+00,8.618714275000000091e-01,-4.354867088000000108e-02,-3.070289596000000051e-02
1.070800200000000091e+00,8.597759364999999487e-01,-4.272529565000000168e-02,-3.074854822999999876e-02
1.071063300000000051e+00,8.575703786999999689e-01,-4.174507298999999977e-02,-3.079685278999999901e-02
1.071326400000000012e+00,8.550680828000000178e-01,-4.063299709999999842e-02,-3.085659354999999854e-02
1.071590800000000065e+00,8.529030327000000078e-01,-3.962869131999999933e-02,-3.094804094999999838e-02
1.071855199999999897e+00,8.511111287000000525e-01,-3.859886886000000322e-02,-3.109177274999999976e-02
1.072121000000000102e+00,8.492705176000000522e-01,-3.741420034000000200e-02,-3.126751400999999708e-02
1.072386700000000026e+00,8.476550051000000252e-01,-3.637199498000000253e-02,-3.145021173999999753e-02
1.072653800000000102e+00,8.460712697000000171e-01,-3.557139341999999982e-02,-3.166502437000000281e-02
1.072920799999999897e+00,8.449471647999999835e-01,-3.458136970999999699e-02,-3.187384631000000218e-02
1.073189299999999902e+00,8.435249174000000183e-01,-3.346785960999999754e-02,-3.205503819000000282e-02
1.073457700000000070e+00,8.422326734999999731e-01,-3.242596816999999965e-02,-3.224237574000000245e-02
1.073726200000000075e+00,8.415924287999999587e-01,-3.155800722000000336e-02,-3.248348296999999801e-02
1.073993200000000092e+00,8.416991702999999658e-01,-3.093644971999999840e-02,-3.278225145000000090e-02
1.074258900000000017e+00,8.425842058000000412e-01,-3.036445604000000131e-02,-3.305645925999999707e-02
1.074523200000000012e+00,8.439417754000000382e-01,-3.016088788000000076e-02,-3.335647094000000062e-02
1.074786100000000078e+00,8.450350935999999535e-01,-3.003413615999999883e-02,-3.362648339000000319e-02
1.075047599999999992e+00,8.463841141000000290e-01,-3.005331946999999920e-02,-3.388017961999999911e-02
1.075309099999999907e+00,8.474855980000000066e-01,-3.033514196999999996e-02,-3.411143607000000078e-02
1.075569299999999950e+00,8.485378174000000051e-01,-3.076580086000000117e-02,-3.427583721000000000e-02
1.075828100000000065e+00,8.492575955000000176e-01,-3.119456757000000149e-02,-3.439529281999999938e-02
1.076085500000000028e+00,8.500510516000000516e-01,-3.174643214000000269e-02,-3.444474388000000331e-02
1.076341599999999898e+00,8.506505147999999794e-01,-3.238125554000000073e-02,-3.445969220000000277e-02
1.076596399999999898e+00,8.510679999000000384e-01,-3.326202207000000105e-02,-3.447544006000000105e-02
1.076849799999999968e+00,8.517030687000000100e-01,-3.398085211000000105e-02,-3.449958220999999742e-02
1.077101899999999945e+00,8.522166836000000245e-01,-3.460702923000000264e-02,-3.446028580999999785e-02
1.077352700000000052e+00,8.527152917000000443e-01,-3.498229155000000257e-02,-3.443255651999999750e-02
1.077602100000000007e+00,8.532077444000000233e-01,-3.546506683999999660e-02,-3.442560202000000125e-02
1.077851600000000021e+00,8.532715672999999779e-01,-3.590622710000000023e-02,-3.438537255000000126e-02
1.078099799999999941e+00,8.538756254999999573e-01,-3.627314727000000016e-02,-3.441127179000000313e-02
1.078346599999999933e+00,8.543615519999999686e-01,-3.675947446999999757e-02,-3.438284974999999966e-02
1.078592100000000054e+00,8.547632698999999556e-01,-3.715389532999999883e-02,-3.439315644999999672e-02
1.078837700000000011e+00,8.548821784000000257e-01,-3.728768400000000149e-02,-3.442095627999999796e-02
1.079081900000000038e+00,8.556237497999999997e-01,-3.730668161000000316e-02,-3.449043837000000112e-02
1.079324900000000031e+00,8.563860509999999815e-01,-3.757732356000000051e-02,-3.449711617000000147e-02
1.079567799999999966e+00,8.571036212000000543e-01,-3.771166488000000233e-02,-3.450748218000000006e-02
1.079809500000000089e+00,8.580563737999999940e-01,-3.756067069999999980e-02,-3.446774914999999745e-02
1.080051199999999989e+00,8.588941650000000427e-01,-3.734823050000000283e-02,-3.447783306999999825e-02
1.080291499999999960e+00,8.590126276999999755e-01,-3.726201302999999909e-02,-3.437604118999999792e-02
1.080531899999999990e+00,8.582644364000000525e-01,-3.754655789999999937e-02,-3.419918095999999880e-02
1.080770999999999926e+00,8.573185545999999491e-01,-3.746061249000000315e-02,-3.405873539999999811e-02
1.081010000000000026e+00,8.564930929999999831e-01,-3.740984121000000273e-02,-3.389782187999999807e-02
1.081247800000000092e+00,8.558569309000000347e-01,-3.718228133999999796e-02,-3.371729178999999937e-02
1.081485599999999936e+00,8.560980567000000541e-01,-3.689805461000000147e-02,-3.366968135000000112e-02
1.081723400000000002e+00,8.561294001000000486e-01,-3.626855489999999960e-02,-3.366649812999999991e-02
1.081959899999999974e+00,8.560809004999999638e-01,-3.524058222999999768e-02,-3.371128094999999852e-02
1.082196399999999947e+00,8.562697536000000165e-01,-3.406078629999999968e-02,-3.379945950999999754e-02
1.082432899999999920e+00,8.565273683999999887e-01,-3.246771036999999971e-02,-3.385925662000000003e-02
1.082670699999999986e+00,8.563703758999999804e-01,-3.089062904999999998e-02,-3.386876762999999763e-02
1.082908500000000052e+00,8.573492234999999795e-01,-2.918537028999999838e-02,-3.400752827999999756e-02
1.083146299999999895e+00,8.585819636999999505e-01,-2.747315711000000021e-02,-3.415723967999999972e-02
1.083385400000000054e+00,8.590124716999999466e-01,-2.582409411999999835e-02,-3.421555928000000191e-02
1.083624600000000049e+00,8.591665828000000227e-01,-2.442981385999999991e-02,-3.419642998999999906e-02
1.083865099999999915e+00,8.595469544999999600e-01,-2.283673678999999929e-02,-3.417976175000000255e-02
1.084107099999999990e+00,8.601562014000000422e-01,-2.142528402999999831e-02,-3.417398074999999924e-02
1.084349100000000066e+00,8.610990673999999734e-01,-2.024755955999999954e-02,-3.416066959999999875e-02
1.084592500000000070e+00,8.613173377999999714e-01,-1.945447276000000086e-02,-3.405275759999999707e-02
1.084835900000000075e+00,8.619955738000000256e-01,-1.887328060000000030e-02,-3.393197021000000230e-02
1.085079300000000080e+00,8.627664372000000137e-01,-1.838192761999999855e-02,-3.386236022999999928e-02
1.085322799999999921e+00,8.631019282999999875e-01,-1.828773494000000138e-02,-3.371185665999999748e-02
1.085564699999999938e+00,8.632570763000000369e-01,-1.834449545999999875e-02,-3.347567106999999736e-02
1.085805200000000026e+00,8.636901070000000402e-01,-1.850671481000000160e-02,-3.326461129000000266e-02
1.086045600000000055e+00,8.647461673999999876e-01,-1.842697371999999986e-02,-3.312460403999999831e-02
1.086284599999999934e+00,8.659211624000000551e-01,-1.856299582000000073e-02,-3.296319732999999919e-02
1.086523600000000034e+00,8.666055440000000054e-01,-1.872479306999999885e-02,-3.280067576000000179e-02
1.086762599999999912e+00,8.669034942000000132e-01,-1.908220525000000126e-02,-3.259790477999999908e-02
1.087001600000000012e+00,8.676303145999999522e-01,-1.975735492999999843e-02,-3.238563212000000052e-02
1.087240500000000054e+00,8.688253281000000161e-01,-2.070531306999999835e-02,-3.220608334999999767e-02
1.087479499999999932e+00,8.696043473000000246e-01,-2.172021277000000042e-02,-3.203303623999999988e-02
1.087718500000000033e+00,8.701953500000000341e-01,-2.302190390000000142e-02,-3.183750688999999884e-02
1.087957499999999911e+00,8.698668590999999450e-01,-2.435129294999999888e-02,-3.161081964999999661e-02
1.088196500000000011e+00,8.699253945999999571e-01,-2.596175246000000103e-02,-3.141584019000000227e-02
1.088437000000000099e+00,8.707387588999999650e-01,-2.709510521000000130e-02,-3.129380027999999897e-02
1.088677600000000023e+00,8.715573492000000533e-01,-2.818697909999999876e-02,-3.116786273999999982e-02
1.088918100000000111e+00,8.715234198000000321e-01,-2.974524721999999982e-02,-3.094983495000000126e-02
1.089160300000000081e+00,8.708655607999999937e-01,-3.133072200999999918e-02,-3.071957562999999905e-02
1.089402399999999993e+00,8.711705613000000348e-01,-3.273294809999999916e-02,-3.061166914999999961e-02
1.089646200000000009e+00,8.710430759999999717e-01,-3.432491242999999997e-02,-3.056091106000000113e-02
1.089890100000000084e+00,8.716960125999999587e-01,-3.554122873999999987e-02,-3.052384793000000041e-02
1.090135599999999982e+00,8.716514852000000202e-01,-3.686277919000000014e-02,-3.044567743000000173e-02
1.090381100000000103e+00,8.707235343000000460e-01,-3.807503402000000231e-02,-3.031889654000000101e-02
1.090626600000000002e+00,8.698002465999999933e-01,-3.935848740000000290e-02,-3.018469848999999830e-02
1.090873900000000063e+00,8.684100475999999569e-01,-4.035716148000000059e-02,-3.002904170999999914e-02
1.091121199999999902e+00,8.680241683999999625e-01,-4.095658316999999798e-02,-2.992263385000000150e-02
1.091368499999999964e+00,8.677180682999999783e-01,-4.179847327999999806e-02,-2.979471930999999865e-02
1.091617599999999966e+00,8.659932841999999908e-01,-4.244159877999999914e-02,-2.949499652000000041e-02
1.091866800000000026e+00,8.650552530999999767e-01,-4.286803086000000318e-02,-2.932349819999999913e-02
1.092115900000000028e+00,8.642212584999999780e-01,-4.301257713000000010e-02,-2.919605721000000098e-02
1.092366900000000030e+00,8.629479244000000104e-01,-4.317462692000000046e-02,-2.905473491000000116e-02
1.092617900000000031e+00,8.626963184000000506e-01,-4.288104169999999715e-02,-2.904335820000000096e-02
1.092870900000000089e+00,8.623386366999999941e-01,-4.263858171999999891e-02,-2.902311591999999843e-02
1.093123899999999926e+00,8.632045681000000137e-01,-4.200336212999999930e-02,-2.909614455000000127e-02
1.093376899999999985e+00,8.645243333000000030e-01,-4.134519243999999760e-02,-2.927117211000000024e-02
1.093631900000000101e+00,8.660805146000000176e-01,-4.090768754000000118e-02,-2.948163380000000042e-02
1.093886899999999995e+00,8.683255214999999749e-01,-4.022051709999999863e-02,-2.973428567999999994e-02
1.094144100000000064e+00,8.701438235999999771e-01,-3.951411771999999850e-02,-2.999937160999999880e-02
1.094401200000000074e+00,8.726589232999999446e-01,-3.893449848000000296e-02,-3.023289810999999980e-02
1.094658300000000084e+00,8.759530025999999747e-01,-3.827544694999999997e-02,-3.058488587999999911e-02
1.094917700000000105e+00,8.785165996999999560e-01,-3.768802816999999861e-02,-3.092936690000000141e-02
1.095177000000000067e+00,8.797785108000000243e-01,-3.693033428999999840e-02,-3.117626394000000065e-02
1.095438600000000040e+00,8.800551103999999514e-01,-3.631118324000000286e-02,-3.137311176000000257e-02
1.095700200000000013e+00,8.812198426999999779e-01,-3.607647523000000189e-02,-3.169264977999999844e-02
1.095961799999999986e+00,8.815622492000000365e-01,-3.566775266000000305e-02,-3.195308178000000332e-02
1.096225800000000028e+00,8.812477590999999721e-01,-3.514949979999999752e-02,-3.224365651999999693e-02
1.096489800000000070e+00,8.811347887999999573e-01,-3.465894916000000076e-02,-3.258515462000000085e-02
1.096756199999999959e+00,8.805739949999999983e-01,-3.396544635999999839e-02,-3.292849511999999812e-02
1.097022699999999906e+00,8.805676826999999651e-01,-3.345771490999999848e-02,-3.330453852999999687e-02
1.097289100000000017e+00,8.795849629999999975e-01,-3.296857174000000085e-02,-3.353047840000000085e-02
1.097555599999999965e+00,8.778063308000000342e-01,-3.272368070000000045e-02,-3.361491164000000170e-02
1.097822000000000076e+00,8.750986642000000426e-01,-3.297839058999999656e-02,-3.356108700000000333e-02
1.098088500000000023e+00,8.736228558999999949e-01,-3.336736232999999718e-02,-3.355296475999999806e-02
1.098354899999999912e+00,8.721445753000000023e-01,-3.376306518000000284e-02,-3.352806532000000145e-02
1.098621400000000081e+00,8.708509719000000482e-01,-3.414320507000000171e-02,-3.348598877000000251e-02
1.098887799999999970e+00,8.695986008999999628e-01,-3.456650804999999993e-02,-3.331077630999999817e-02
1.099151599999999895e+00,8.684283582999999807e-01,-3.468798982000000086e-02,-3.318805873999999823e-02
1.099415299999999984e+00,8.669367426999999848e-01,-3.520687450999999968e-02,-3.300974453999999669e-02
1.099679099999999909e+00,8.653504571000000256e-01,-3.623277250000000310e-02,-3.281916960999999716e-02
1.099940099999999976e+00,8.635405804000000352e-01,-3.709118213999999802e-02,-3.255147062000000174e-02
1.100201200000000101e+00,8.615470717000000000e-01,-3.807196401000000063e-02,-3.230632480000000112e-02
1.100462199999999946e+00,8.589919648999999602e-01,-3.912603726999999698e-02,-3.197036249000000108e-02
1.100720499999999991e+00,8.573211451000000149e-01,-3.989618422999999942e-02,-3.172902412999999838e-02
1.100978800000000035e+00,8.556062387999999741e-01,-4.065922649999999944e-02,-3.153632232999999813e-02
1.101237100000000080e+00,8.545976143000000302e-01,-4.135308606000000220e-02,-3.143767706000000217e-02
1.101495399999999902e+00,8.533183632999999935e-01,-4.181739427000000231e-02,-3.130585187999999908e-02
1.101753699999999947e+00,8.521595087000000124e-01,-4.189758921000000247e-02,-3.129783845999999786e-02
1.102009100000000075e+00,8.516180664000000400e-01,-4.218953268000000256e-02,-3.127657760000000092e-02
1.102264600000000039e+00,8.508795057000000384e-01,-4.196310008000000286e-02,-3.141382654000000191e-02
1.102520100000000003e+00,8.494596022000000524e-01,-4.172380697999999999e-02,-3.147397382000000077e-02
1.102775499999999909e+00,8.485284190999999865e-01,-4.113561435000000210e-02,-3.163127016000000236e-02
1.103028099999999956e+00,8.481970265999999592e-01,-4.070369211000000181e-02,-3.179161133999999778e-02
1.103280599999999945e+00,8.472980128999999527e-01,-4.024170928000000286e-02,-3.189576708999999899e-02
1.103533199999999992e+00,8.475705244000000249e-01,-3.948768642000000106e-02,-3.215954647000000138e-02
1.103785699999999981e+00,8.479818359999999888e-01,-3.872056148999999947e-02,-3.243859480999999878e-02
1.104038300000000028e+00,8.492802831000000330e-01,-3.787553764999999906e-02,-3.270525107999999737e-02
1.104287800000000042e+00,8.508595173999999872e-01,-3.704077593999999946e-02,-3.298067897000000331e-02
1.104537399999999892e+00,8.518780120000000178e-01,-3.607310944000000075e-02,-3.326473305000000186e-02
1.104786899999999905e+00,8.528842371999999505e-01,-3.508703587999999901e-02,-3.354157324999999801e-02
1.105036399999999919e+00,8.545020824000000292e-01,-3.427626483000000002e-02,-3.382292263000000188e-02
1.105285999999999991e+00,8.556952285000000158e-01,-3.351337884999999739e-02,-3.408626407999999774e-02
1.105535500000000004e+00,8.562294007999999845e-01,-3.292098796000000188e-02,-3.427806759000000258e-02
1.105785100000000076e+00,8.565326395000000259e-01,-3.235652249999999841e-02,-3.441187080000000093e-02
1.106031399999999998e+00,8.579815279000000405e-01,-3.190342983000000326e-02,-3.455549874000000271e-02
1.106277799999999978e+00,8.588381594999999757e-01,-3.137634564999999820e-02,-3.471414054000000055e-02
1.106524099999999899e+00,8.597051175000000045e-01,-3.085942725999999900e-02,-3.489414547999999949e-02
1.106770500000000101e+00,8.611276678999999490e-01,-3.038189097999999949e-02,-3.506641337000000053e-02
1.107016800000000023e+00,8.622865820999999764e-01,-2.948073508000000065e-02,-3.526360074999999872e-02
1.107263099999999945e+00,8.631417085000000489e-01,-2.874322463999999869e-02,-3.539256215000000094e-02
1.107509499999999925e+00,8.637783172999999870e-01,-2.839482842000000049e-02,-3.543318407999999919e-02
1.107755800000000068e+00,8.638251970000000446e-01,-2.801186266000000105e-02,-3.545240770000000069e-02
1.108002200000000048e+00,8.628497048000000058e-01,-2.739322816999999882e-02,-3.540653645999999877e-02
1.108248499999999970e+00,8.624672345999999656e-01,-2.686614425999999875e-02,-3.538474333999999666e-02
1.108494899999999950e+00,8.613200833999999917e-01,-2.642743541999999918e-02,-3.525707664999999658e-02
1.108744900000000033e+00,8.593390762000000516e-01,-2.605187475999999960e-02,-3.507667118999999861e-02
1.108994999999999953e+00,8.586789471000000340e-01,-2.578437948000000118e-02,-3.485624476000000194e-02
1.109245100000000095e+00,8.578936564000000375e-01,-2.540842407000000122e-02,-3.457770520000000292e-02
1.109495200000000015e+00,8.570648228999999674e-01,-2.427975414999999915e-02,-3.433113143000000173e-02
1.109745299999999935e+00,8.566853188999999924e-01,-2.311743247000000098e-02,-3.411834860000000080e-02
1.109995300000000018e+00,8.571607355000000483e-01,-2.193056940999999968e-02,-3.394978461999999947e-02
1.110245399999999938e+00,8.578144326000000097e-01,-2.071916509999999906e-02,-3.379609287000000239e-02
1.110495500000000080e+00,8.584885995000000047e-01,-1.959462608000000008e-02,-3.368999991999999805e-02
1.110745600000000000e+00,8.592016968000000254e-01,-1.861233723999999867e-02,-3.358691035999999963e-02
1.110995600000000083e+00,8.594875596000000062e-01,-1.779379643000000150e-02,-3.344807879000000206e-02
1.111245700000000003e+00,8.604652242000000451e-01,-1.671291399000000150e-02,-3.330211764999999741e-02
1.111495799999999923e+00,8.614172001000000023e-01,-1.550332006999999984e-02,-3.316005963000000223e-02
1.111741300000000043e+00,8.634469586999999891e-01,-1.441679694000000053e-02,-3.308545477000000151e-02
1.111986900000000000e+00,8.637944567999999990e-01,-1.406260357000000023e-02,-3.290348340000000260e-02
1.112232399999999899e+00,8.637701381000000289e-01,-1.407171026999999922e-02,-3.269010264999999693e-02
1.112482699999999936e+00,8.632879769000000314e-01,-1.419028240999999947e-02,-3.246342737999999978e-02
1.112733100000000031e+00,8.632567222999999457e-01,-1.459850600000000068e-02,-3.227881039000000257e-02
1.112983400000000067e+00,8.637152174000000127e-01,-1.521384985000000072e-02,-3.210146813999999876e-02
1.113233799999999940e+00,8.634479282000000477e-01,-1.580897168999999963e-02,-3.194323536000000241e-02
1.113484099999999977e+00,8.626739578000000019e-01,-1.647223442999999968e-02,-3.181014082999999992e-02
1.113734500000000072e+00,8.628033899000000506e-01,-1.726309216000000007e-02,-3.174092168999999991e-02
1.113984800000000108e+00,8.629602843000000467e-01,-1.803325325999999978e-02,-3.171253511000000219e-02
1.114235199999999981e+00,8.631703606999999723e-01,-1.904688262000000035e-02,-3.163605106999999722e-02
1.114485500000000018e+00,8.637340921999999699e-01,-2.012091442000000022e-02,-3.160856422000000304e-02
1.114735800000000054e+00,8.645364438000000540e-01,-2.111136061000000105e-02,-3.160991154000000053e-02
1.114992500000000053e+00,8.641232733000000499e-01,-2.212546363000000155e-02,-3.160749334000000077e-02
1.115249099999999993e+00,8.637223383000000032e-01,-2.277172729999999909e-02,-3.166522128000000269e-02
1.115505699999999933e+00,8.637373884000000279e-01,-2.337074060999999939e-02,-3.183656194000000078e-02
1.115762300000000096e+00,8.643361580999999738e-01,-2.375883943000000123e-02,-3.203807109000000181e-02
1.116018900000000036e+00,8.653749554999999871e-01,-2.386879030000000138e-02,-3.236541650000000075e-02
1.116275499999999976e+00,8.660976596999999666e-01,-2.379763463000000162e-02,-3.269428309999999893e-02
1.116532099999999916e+00,8.663894933000000353e-01,-2.377777161999999889e-02,-3.300227105999999772e-02
1.116788700000000079e+00,8.660653496000000340e-01,-2.381771405999999827e-02,-3.323175871000000337e-02
1.117045300000000019e+00,8.659708358000000050e-01,-2.374698559999999931e-02,-3.348206445000000142e-02
1.117301899999999959e+00,8.660958073000000201e-01,-2.384520755000000061e-02,-3.374652951999999873e-02
1.117558499999999899e+00,8.666942581000000034e-01,-2.417869506999999890e-02,-3.398461391000000276e-02
1.117815100000000061e+00,8.675175021000000042e-01,-2.463274206000000063e-02,-3.419291791000000219e-02
1.118081199999999997e+00,8.673652551999999627e-01,-2.531210064999999884e-02,-3.435549639999999766e-02
1.118347299999999933e+00,8.689436791000000326e-01,-2.628649717999999996e-02,-3.452517802999999913e-02
1.118613400000000091e+00,8.709098946000000119e-01,-2.756276158000000101e-02,-3.460331685999999685e-02
1.118879500000000027e+00,8.732909790999999755e-01,-2.904780587999999941e-02,-3.463148306000000259e-02
1.119145599999999963e+00,8.754195127999999659e-01,-3.066844482999999885e-02,-3.459257699999999935e-02
1.119411699999999898e+00,8.772616743000000161e-01,-3.268527073000000033e-02,-3.440660143999999671e-02
1.119677800000000056e+00,8.790033827000000022e-01,-3.446327336999999852e-02,-3.420789802000000213e-02
1.119944000000000051e+00,8.799591884999999891e-01,-3.641033628999999772e-02,-3.387742266000000335e-02
1.120210099999999986e+00,8.799102099000000177e-01,-3.834167672000000221e-02,-3.344156460000000108e-02
1.120476199999999922e+00,8.799075956999999892e-01,-4.017424551999999871e-02,-3.300197457000000195e-02
1.120742300000000080e+00,8.794572937000000312e-01,-4.190787999000000069e-02,-3.248156919999999753e-02
1.121008400000000016e+00,8.786659436000000545e-01,-4.303352835000000265e-02,-3.199472810000000139e-02
1.121274499999999952e+00,8.774687274000000370e-01,-4.394446487999999901e-02,-3.155659269999999683e-02
1.121540600000000110e+00,8.761549011000000498e-01,-4.495975304000000144e-02,-3.110996984999999868e-02
1.121806700000000045e+00,8.750032733999999479e-01,-4.567442633999999752e-02,-3.076212692000000054e-02
1.122072799999999981e+00,8.735746026999999803e-01,-4.603114571999999960e-02,-3.049593525999999902e-02
1.122338899999999917e+00,8.717469160999999911e-01,-4.616661503999999749e-02,-3.027975959000000009e-02
1.122605000000000075e+00,8.698982573000000329e-01,-4.610849218000000194e-02,-3.013499415000000028e-02
1.122871100000000011e+00,8.684055030999999758e-01,-4.556729545000000325e-02,-3.011015423999999913e-02
1.123137199999999947e+00,8.675383938999999822e-01,-4.474687036999999701e-02,-3.025642262000000082e-02
1.123403399999999941e+00,8.669963029999999682e-01,-4.388851906999999969e-02,-3.046387739000000136e-02
1.123669500000000099e+00,8.665448298000000271e-01,-4.264145175999999732e-02,-3.079855709000000122e-02
1.123935600000000035e+00,8.667338387999999894e-01,-4.130673239000000330e-02,-3.124165633999999997e-02
1.124201699999999970e+00,8.667495306000000399e-01,-3.991383907999999925e-02,-3.165075518999999754e-02
1.124467799999999906e+00,8.662372155999999990e-01,-3.859275790000000345e-02,-3.200015477999999802e-02
1.124733900000000064e+00,8.665210939999999917e-01,-3.745595653000000080e-02,-3.242146773000000037e-02
1.125000000000000000e+00,8.666850695000000160e-01,-3.660025962999999966e-02,-3.282222971999999850e-02
1.125262800000000007e+00,8.674105979999999771e-01,-3.588551656999999784e-02,-3.324026696000000058e-02
1.125524699999999934e+00,8.676083468999999937e-01,-3.550986081000000183e-02,-3.365153585999999808e-02
1.125785599999999942e+00,8.671907072000000216e-01,-3.516655030000000182e-02,-3.399304924999999727e-02
1.126045500000000033e+00,8.664262445999999507e-01,-3.520617963000000072e-02,-3.424830647000000339e-02
1.126304299999999925e+00,8.653026267000000216e-01,-3.520193862999999868e-02,-3.446557462000000155e-02
1.126561799999999947e+00,8.641267705999999826e-01,-3.496578772000000224e-02,-3.464965376000000291e-02
1.126818300000000050e+00,8.627770072999999540e-01,-3.504426440999999781e-02,-3.477620413000000188e-02
1.127073599999999898e+00,8.621119188000000433e-01,-3.518735878999999789e-02,-3.491418220999999850e-02
1.127327799999999991e+00,8.617905114999999672e-01,-3.523691630999999796e-02,-3.508511054999999962e-02
1.127580800000000050e+00,8.614567591999999774e-01,-3.537787200999999854e-02,-3.517863638000000293e-02
1.127832600000000074e+00,8.614898668999999565e-01,-3.551573279999999805e-02,-3.526758281999999717e-02
1.128083200000000064e+00,8.614834825999999612e-01,-3.564007520999999679e-02,-3.531554265999999748e-02
1.128332600000000019e+00,8.617506096000000504e-01,-3.582752602000000008e-02,-3.532781471000000229e-02
1.128580899999999998e+00,8.618007093999999757e-01,-3.618622110999999975e-02,-3.531621263000000316e-02
1.128827999999999943e+00,8.618290211000000367e-01,-3.659668815000000075e-02,-3.523107372999999959e-02
1.129074200000000028e+00,8.623692066999999462e-01,-3.700924557000000170e-02,-3.519448434999999931e-02
1.129319200000000079e+00,8.631668314999999536e-01,-3.731763503999999815e-02,-3.514691727000000127e-02
1.129563000000000095e+00,8.634750542000000362e-01,-3.766566231000000042e-02,-3.504917854000000332e-02
1.129805799999999971e+00,8.635814950000000323e-01,-3.811233443999999942e-02,-3.489563427999999717e-02
1.130047400000000035e+00,8.638083019000000196e-01,-3.839937515999999884e-02,-3.477985203000000247e-02
1.130287999999999959e+00,8.646771342000000304e-01,-3.885281715000000330e-02,-3.461801306000000106e-02
1.130527599999999966e+00,8.655905032999999804e-01,-3.938106981000000228e-02,-3.448799590999999942e-02
1.130766200000000055e+00,8.667747260999999481e-01,-3.985091043999999805e-02,-3.427941169999999815e-02
1.131003999999999898e+00,8.678833421999999631e-01,-4.055132231999999948e-02,-3.404489091000000023e-02
1.131240999999999941e+00,8.686078061999999989e-01,-4.128547314000000079e-02,-3.376831014000000047e-02
1.131477400000000078e+00,8.690782856000000001e-01,-4.217421784000000007e-02,-3.347697697000000250e-02
1.131713200000000086e+00,8.695612454000000158e-01,-4.304551059000000235e-02,-3.316945788999999672e-02
1.131948299999999907e+00,8.702204195999999614e-01,-4.393647895999999720e-02,-3.286077354999999978e-02
1.132182900000000103e+00,8.712648689999999974e-01,-4.454747131000000304e-02,-3.259158380999999799e-02
1.132417000000000007e+00,8.723578059000000051e-01,-4.516866824000000114e-02,-3.231676440999999705e-02
1.132650900000000016e+00,8.728301762000000297e-01,-4.516552807000000225e-02,-3.200283646999999704e-02
1.132884599999999908e+00,8.730996613999999489e-01,-4.511172567999999911e-02,-3.169277117000000171e-02
1.133118400000000081e+00,8.735018612999999599e-01,-4.498074601000000283e-02,-3.144879468999999678e-02
1.133352499999999985e+00,8.736894043999999804e-01,-4.495845787999999676e-02,-3.118102580000000137e-02
1.133587099999999959e+00,8.745807778999999949e-01,-4.474696050000000203e-02,-3.098131880999999838e-02
1.133822099999999944e+00,8.755919722999999655e-01,-4.444864750000000059e-02,-3.080763913000000159e-02
1.134057799999999894e+00,8.763648028999999617e-01,-4.401340935999999843e-02,-3.065540125999999949e-02
1.134293999999999913e+00,8.769643838999999774e-01,-4.341337666000000262e-02,-3.053054319999999947e-02
1.134530700000000003e+00,8.766088657999999700e-01,-4.222511786000000128e-02,-3.046888727000000158e-02
1.134768199999999894e+00,8.760613468000000292e-01,-4.086785343999999737e-02,-3.036739302000000112e-02
1.135006399999999971e+00,8.751730272000000088e-01,-3.976727622000000156e-02,-3.028102867000000142e-02
1.135245800000000083e+00,8.742755976999999623e-01,-3.879029407000000179e-02,-3.023923196000000146e-02
1.135486199999999890e+00,8.735032703999999759e-01,-3.767787714999999704e-02,-3.029391295000000150e-02
1.135727900000000012e+00,8.728096795999999991e-01,-3.661979675000000267e-02,-3.038473502000000118e-02
1.135970900000000006e+00,8.715298531999999820e-01,-3.522534738000000082e-02,-3.048958419999999933e-02
1.136215299999999928e+00,8.697921427000000483e-01,-3.364598258999999814e-02,-3.060285965000000136e-02
1.136460699999999990e+00,8.680465630000000488e-01,-3.217802348999999895e-02,-3.068482082000000000e-02
1.136707499999999982e+00,8.658092904999999950e-01,-3.063749769999999858e-02,-3.065478907000000058e-02
1.136955699999999903e+00,8.634798826999999788e-01,-2.900060626999999974e-02,-3.063432626000000061e-02
1.137205199999999916e+00,8.607113359000000408e-01,-2.733412484999999878e-02,-3.062725222999999886e-02
1.137455899999999964e+00,8.585492249999999714e-01,-2.601581731999999883e-02,-3.062496395000000038e-02
1.137707999999999942e+00,8.565963235000000342e-01,-2.458069234000000158e-02,-3.069852186999999857e-02
1.137959600000000071e+00,8.553262232999999659e-01,-2.317264712000000060e-02,-3.081419306999999899e-02
1.138210299999999897e+00,8.548103029000000408e-01,-2.175760522000000016e-02,-3.097925945000000111e-02
1.138460199999999922e+00,8.538913227000000106e-01,-2.033954711999999901e-02,-3.115553785999999881e-02
1.138708999999999971e+00,8.534730758999999889e-01,-1.927162023999999876e-02,-3.135072039999999699e-02
1.138956999999999997e+00,8.537241804999999850e-01,-1.861857429999999938e-02,-3.157087313000000312e-02
1.139203900000000047e+00,8.535305592999999913e-01,-1.795035906000000056e-02,-3.184443205000000304e-02
1.139449699999999899e+00,8.536778740999999560e-01,-1.745789387999999859e-02,-3.201442143000000212e-02
1.139694500000000055e+00,8.538720806999999802e-01,-1.756683775000000142e-02,-3.207262673999999869e-02
1.139938300000000071e+00,8.546584795999999651e-01,-1.804752461000000072e-02,-3.213193579000000327e-02
1.140181099999999947e+00,8.548152547999999795e-01,-1.877632488000000044e-02,-3.209170010000000212e-02
1.140422999999999965e+00,8.556872041999999956e-01,-1.939821950000000100e-02,-3.206811601000000150e-02
1.140664200000000017e+00,8.558972676999999640e-01,-1.983846388000000058e-02,-3.197594532999999822e-02
1.140904600000000046e+00,8.563087114999999860e-01,-2.050447324999999862e-02,-3.192727892000000317e-02
1.141144299999999889e+00,8.566810745999999810e-01,-2.107007431999999986e-02,-3.183347713000000273e-02
1.141383400000000048e+00,8.571483867000000423e-01,-2.183188319000000169e-02,-3.177998848000000015e-02
1.141621999999999915e+00,8.579005698999999652e-01,-2.253299548999999902e-02,-3.172513750000000021e-02
1.141860400000000109e+00,8.584593749000000162e-01,-2.324770690000000153e-02,-3.165290353999999917e-02
1.142098800000000081e+00,8.593318952999999816e-01,-2.420399557000000104e-02,-3.152585969999999876e-02
1.142337399999999947e+00,8.605513941000000333e-01,-2.476444796000000156e-02,-3.142609531999999983e-02
1.142576400000000048e+00,8.618891147999999669e-01,-2.546026998999999930e-02,-3.127347624000000048e-02
1.142815600000000043e+00,8.632344105999999462e-01,-2.612327813000000012e-02,-3.112729372999999827e-02
1.143055200000000049e+00,8.640342851000000213e-01,-2.684284959999999956e-02,-3.095846390000000017e-02
1.143295399999999962e+00,8.649969283999999758e-01,-2.761850953000000164e-02,-3.075162836000000163e-02
1.143536200000000003e+00,8.662270223000000380e-01,-2.859931573000000157e-02,-3.052806007999999890e-02
1.143778100000000020e+00,8.679058906000000073e-01,-2.948323786000000071e-02,-3.031486589000000065e-02
1.144020899999999896e+00,8.699403119999999934e-01,-3.029835356000000132e-02,-3.014046352000000067e-02
1.144264900000000029e+00,8.718279063999999634e-01,-3.130286077000000305e-02,-2.999036365000000079e-02
1.144509900000000080e+00,8.741335420000000411e-01,-3.264409857000000192e-02,-2.984086022999999852e-02
1.144755900000000048e+00,8.766306964000000201e-01,-3.402345663999999797e-02,-2.970751271999999901e-02
1.145002700000000040e+00,8.786486799999999597e-01,-3.571476531000000038e-02,-2.957792306000000052e-02
1.145250600000000007e+00,8.808790369000000231e-01,-3.741708229000000052e-02,-2.952660048999999898e-02
1.145499400000000056e+00,8.827307878000000274e-01,-3.911373184999999975e-02,-2.946953199999999967e-02
1.145749200000000023e+00,8.836241723000000103e-01,-4.061954857999999779e-02,-2.943153654000000077e-02
1.146000300000000083e+00,8.837631361000000130e-01,-4.213045529000000039e-02,-2.935984268999999869e-02
1.146252400000000060e+00,8.838207402000000101e-01,-4.354382639999999915e-02,-2.933706062000000087e-02
1.146505700000000072e+00,8.837904838000000263e-01,-4.493930998000000149e-02,-2.932527023999999954e-02
1.146760199999999896e+00,8.835523014999999702e-01,-4.630843241000000277e-02,-2.933861224999999989e-02
1.147015799999999919e+00,8.834318456999999958e-01,-4.764818023999999735e-02,-2.936709850000000094e-02
1.147272700000000034e+00,8.821117282999999532e-01,-4.885435034999999898e-02,-2.930916227000000124e-02
1.147530699999999904e+00,8.807749088999999865e-01,-5.005320629999999993e-02,-2.928335928000000074e-02
1.147789900000000030e+00,8.791708536000000240e-01,-5.107371044000000304e-02,-2.926480235000000069e-02
1.148050199999999910e+00,8.770887694000000234e-01,-5.206480983000000284e-02,-2.926269667000000116e-02
1.148311700000000046e+00,8.742938174000000062e-01,-5.287274020999999796e-02,-2.925226792999999909e-02
1.148574299999999937e+00,8.709631723999999853e-01,-5.346583877000000290e-02,-2.918373359000000014e-02
1.148837899999999967e+00,8.683549913000000453e-01,-5.385177439000000260e-02,-2.917981798999999890e-02
1.149101799999999951e+00,8.657810638999999808e-01,-5.416231159999999878e-02,-2.916121848000000072e-02
1.149364999999999970e+00,8.634421791999999929e-01,-5.424896141999999838e-02,-2.912496889999999922e-02
1.149627500000000024e+00,8.609143633000000406e-01,-5.403111593999999906e-02,-2.908500555000000098e-02
1.149889099999999997e+00,8.578602780999999844e-01,-5.388435809000000076e-02,-2.895352386000000014e-02
1.150150199999999900e+00,8.548377500999999601e-01,-5.363847196999999706e-02,-2.880946984000000086e-02
1.150410500000000003e+00,8.526664068000000540e-01,-5.371778457999999701e-02,-2.871967647000000026e-02
1.150670199999999976e+00,8.510631772000000206e-01,-5.389822865999999851e-02,-2.871227096999999853e-02
1.150929400000000102e+00,8.496052455000000503e-01,-5.377841103000000067e-02,-2.870064309999999924e-02
1.151188000000000100e+00,8.470994460999999864e-01,-5.349882661000000122e-02,-2.863853813999999928e-02
1.151446200000000086e+00,8.444624252000000331e-01,-5.315699095999999735e-02,-2.864494103999999999e-02
1.151704099999999897e+00,8.422374045999999614e-01,-5.272797523000000153e-02,-2.872411877999999849e-02
1.151961800000000036e+00,8.402608558999999921e-01,-5.213038117999999749e-02,-2.878824622000000083e-02
1.152219000000000104e+00,8.384045406000000256e-01,-5.143953190000000175e-02,-2.884901969999999899e-02
1.152476000000000056e+00,8.368262878000000127e-01,-5.079936393000000078e-02,-2.892325282999999927e-02
1.152732700000000055e+00,8.357468953000000145e-01,-5.007908503999999872e-02,-2.908739411999999858e-02
1.152989199999999936e+00,8.353932049000000193e-01,-4.914500740000000284e-02,-2.932253551000000083e-02
1.153245300000000029e+00,8.354038226000000122e-01,-4.838319810999999748e-02,-2.953755967000000135e-02
1.153501000000000110e+00,8.355089511000000080e-01,-4.727945827999999878e-02,-2.974196219999999946e-02
1.153756299999999957e+00,8.363141461999999970e-01,-4.613451178999999902e-02,-2.997630238000000003e-02
1.154011300000000073e+00,8.375864336999999660e-01,-4.521633255000000184e-02,-3.022628822000000132e-02
1.154265899999999956e+00,8.392589624999999831e-01,-4.407185576000000049e-02,-3.055065536999999887e-02
1.154519899999999932e+00,8.414535118000000535e-01,-4.286137578000000226e-02,-3.091131647999999926e-02
1.154773599999999956e+00,8.436948374999999611e-01,-4.166164182999999854e-02,-3.125524254999999946e-02
1.155026899999999968e+00,8.456415720000000080e-01,-4.045127770000000317e-02,-3.157757412000000014e-02
1.155279799999999968e+00,8.477299909000000078e-01,-3.928075057000000175e-02,-3.188816241999999773e-02
1.155532299999999957e+00,8.502534986999999989e-01,-3.814785243999999770e-02,-3.224028075999999660e-02
1.155784499999999992e+00,8.532560929000000405e-01,-3.722253522999999925e-02,-3.262197315999999792e-02
1.156036499999999911e+00,8.558460125000000307e-01,-3.620558251000000061e-02,-3.297960485999999747e-02
1.156288100000000041e+00,8.585621490999999494e-01,-3.498320189000000274e-02,-3.336190801999999733e-02
1.156539500000000054e+00,8.612766332000000302e-01,-3.380968938000000062e-02,-3.369728636000000194e-02
1.156790800000000008e+00,8.636158851999999886e-01,-3.285305270000000305e-02,-3.402876001999999983e-02
1.157041900000000068e+00,8.654058795000000304e-01,-3.202752531999999985e-02,-3.429957591999999861e-02
1.157292699999999952e+00,8.674449546000000399e-01,-3.120274242999999947e-02,-3.458676035000000232e-02
1.157543599999999895e+00,8.687606029000000119e-01,-3.037918234999999884e-02,-3.485712081000000295e-02
1.157794299999999943e+00,8.695317108000000239e-01,-2.943850159999999994e-02,-3.504138642000000081e-02
1.158044800000000096e+00,8.698300549999999909e-01,-2.849911134000000096e-02,-3.518532505000000060e-02
1.158295199999999969e+00,8.697509050999999713e-01,-2.767663802999999895e-02,-3.529533447000000185e-02
1.158545500000000006e+00,8.689192201000000004e-01,-2.670090526000000117e-02,-3.539995102000000060e-02
1.158795699999999984e+00,8.677889238999999533e-01,-2.592157264000000128e-02,-3.544690263999999980e-02
1.159045799999999904e+00,8.662419394000000494e-01,-2.501489520000000147e-02,-3.548896682000000219e-02
1.159296000000000104e+00,8.642997943000000349e-01,-2.398134232000000143e-02,-3.549268624000000150e-02
1.159546100000000024e+00,8.625754222000000526e-01,-2.313761760000000028e-02,-3.546276645000000227e-02
1.159796400000000061e+00,8.617150233999999465e-01,-2.220547548000000038e-02,-3.548299423000000202e-02
1.160047100000000109e+00,8.602452582999999819e-01,-2.148731560000000096e-02,-3.542328419000000117e-02
1.160298199999999946e+00,8.583213364999999762e-01,-2.062161202999999998e-02,-3.526922915999999852e-02
1.160549800000000076e+00,8.558866042999999646e-01,-1.926821618999999958e-02,-3.504301885000000311e-02
1.160801999999999889e+00,8.542456682000000301e-01,-1.786425041000000088e-02,-3.486659452000000214e-02
1.161055200000000065e+00,8.533883259000000221e-01,-1.656831300000000118e-02,-3.478000802000000280e-02
1.161309300000000100e+00,8.533222804000000217e-01,-1.502093185000000046e-02,-3.477656060999999993e-02
1.161564500000000111e+00,8.531328425999999965e-01,-1.364264104999999942e-02,-3.473134536999999966e-02
1.161819099999999993e+00,8.530982405999999463e-01,-1.221070959999999948e-02,-3.470461371999999933e-02
1.162072999999999912e+00,8.526233924999999658e-01,-1.107032741999999965e-02,-3.457314397999999844e-02
1.162326200000000087e+00,8.526335511000000533e-01,-9.961479641000000121e-03,-3.443153539999999763e-02
1.162578499999999959e+00,8.518586108000000268e-01,-9.318656760000000247e-03,-3.422230656999999954e-02
1.162830000000000030e+00,8.512260820000000505e-01,-8.889219937999999141e-03,-3.403556757000000127e-02
1.163080600000000020e+00,8.509443412999999623e-01,-8.738690244999999801e-03,-3.392072815999999658e-02
1.163330399999999987e+00,8.513163532999999950e-01,-8.751635534999999827e-03,-3.385806748999999755e-02
1.163579200000000036e+00,8.519802562999999607e-01,-8.846685978000000394e-03,-3.382379139000000340e-02
1.163827100000000003e+00,8.529164921999999871e-01,-9.405926555999999730e-03,-3.388572969999999879e-02
1.164074099999999889e+00,8.538885942999999701e-01,-1.020247999000000079e-02,-3.390715953000000144e-02
1.164320199999999916e+00,8.547376381000000301e-01,-1.102616065999999923e-02,-3.393603944000000289e-02
1.164565300000000025e+00,8.560382160999999712e-01,-1.185837950000000023e-02,-3.392208484999999912e-02
1.164809399999999995e+00,8.570939727999999924e-01,-1.251755170000000070e-02,-3.392730156999999858e-02
1.165052600000000105e+00,8.575015427000000079e-01,-1.311257725999999922e-02,-3.393862202000000328e-02
1.165294999999999970e+00,8.584110155999999936e-01,-1.397677733999999963e-02,-3.395615387999999929e-02
1.165536700000000092e+00,8.593689987999999502e-01,-1.482308006000000039e-02,-3.395050438000000309e-02
1.165777999999999981e+00,8.604496738000000366e-01,-1.573199402000000080e-02,-3.392783791000000132e-02
1.166019099999999975e+00,8.613670053999999965e-01,-1.707753248999999834e-02,-3.382154736000000245e-02
1.166260300000000028e+00,8.617773023999999449e-01,-1.824918341999999874e-02,-3.378312012999999669e-02
1.166501800000000033e+00,8.623997567000000197e-01,-1.958200820000000064e-02,-3.369141174999999711e-02
1.166743599999999992e+00,8.628185825999999947e-01,-2.082578172999999949e-02,-3.359964071000000330e-02
1.166986000000000079e+00,8.634050536999999803e-01,-2.204180756999999866e-02,-3.357829328999999835e-02
1.167228900000000014e+00,8.644569932000000234e-01,-2.287924692999999954e-02,-3.366959057999999866e-02
1.167472300000000018e+00,8.657170104000000421e-01,-2.350098784999999843e-02,-3.384718726000000150e-02
1.167716299999999929e+00,8.667892962000000034e-01,-2.404024474999999841e-02,-3.407791366000000044e-02
1.167961100000000085e+00,8.676539827999999455e-01,-2.437528192999999926e-02,-3.427719510999999858e-02
1.168206899999999937e+00,8.688067901999999565e-01,-2.462057722999999934e-02,-3.456809891999999829e-02
1.168453600000000092e+00,8.695248617999999929e-01,-2.480697649000000032e-02,-3.479760188000000087e-02
1.168701200000000107e+00,8.706266970999999577e-01,-2.510098814999999969e-02,-3.504732332999999783e-02
1.168949900000000097e+00,8.717487766999999499e-01,-2.560816431000000060e-02,-3.524727930999999731e-02
1.169199600000000006e+00,8.726227632999999928e-01,-2.604905063000000076e-02,-3.543416323000000284e-02
1.169450000000000101e+00,8.728430646000000515e-01,-2.673791527999999987e-02,-3.550282456000000003e-02
1.169701199999999996e+00,8.727693136999999934e-01,-2.738541946000000102e-02,-3.558594603000000273e-02
1.169952899999999962e+00,8.734006911999999678e-01,-2.790403660999999855e-02,-3.571361397000000215e-02
1.170205299999999893e+00,8.737234809999999685e-01,-2.862575196000000100e-02,-3.575385250000000237e-02
1.170458199999999893e+00,8.742149200000000064e-01,-2.893968488000000019e-02,-3.581734397999999930e-02
1.170711700000000022e+00,8.742451771999999455e-01,-2.932503750999999881e-02,-3.579302253000000295e-02
1.170965899999999893e+00,8.749574154999999465e-01,-2.994290651999999969e-02,-3.566085077000000214e-02
1.171220799999999951e+00,8.752603824000000365e-01,-3.049405860999999940e-02,-3.549492321000000117e-02
1.171476500000000032e+00,8.750428163000000259e-01,-3.121748477999999882e-02,-3.518432120000000024e-02
1.171732699999999960e+00,8.747284725999999733e-01,-3.144338001000000077e-02,-3.486323296999999793e-02
1.171989799999999970e+00,8.753403464000000245e-01,-3.135560977000000082e-02,-3.458900447999999767e-02
1.172247500000000109e+00,8.759475304999999601e-01,-3.096779956999999930e-02,-3.438074994999999745e-02
1.172505700000000095e+00,8.760951903999999457e-01,-3.059059663000000123e-02,-3.416674701999999897e-02
1.172764600000000046e+00,8.761510149000000247e-01,-3.080547729000000096e-02,-3.391223486000000120e-02
1.173024099999999903e+00,8.755329552999999709e-01,-3.125343020000000138e-02,-3.352440286999999741e-02
1.173284200000000110e+00,8.752046909999999791e-01,-3.173618211999999772e-02,-3.313933521000000243e-02
1.173544799999999944e+00,8.744848504000000133e-01,-3.234109586000000203e-02,-3.266433372000000085e-02
1.173805999999999905e+00,8.736359674000000464e-01,-3.294138944999999707e-02,-3.227844811000000341e-02
1.174067699999999936e+00,8.727028441999999941e-01,-3.340653293000000329e-02,-3.190671059999999892e-02
1.174330199999999991e+00,8.714090454999999791e-01,-3.416703455999999667e-02,-3.148839143999999923e-02
1.174593199999999893e+00,8.703467116999999975e-01,-3.497052419999999856e-02,-3.111693076999999877e-02
1.174857100000000099e+00,8.683474091999999755e-01,-3.555864409000000087e-02,-3.076518762999999948e-02
1.175121899999999941e+00,8.660372415999999518e-01,-3.603917109000000230e-02,-3.043770104000000087e-02
1.175387299999999913e+00,8.640596074999999932e-01,-3.669994734999999786e-02,-3.013438784999999953e-02
1.175653599999999965e+00,8.616145587000000328e-01,-3.752552295000000093e-02,-2.984605443000000122e-02
1.175920800000000099e+00,8.602077820000000319e-01,-3.794544078999999986e-02,-2.975607639000000040e-02
1.176189099999999987e+00,8.585769653000000501e-01,-3.827390130000000307e-02,-2.972142863999999857e-02
1.176458299999999957e+00,8.565566300000000410e-01,-3.876224366000000088e-02,-2.975143721999999949e-02
1.176728299999999949e+00,8.547760818999999843e-01,-3.914455901000000321e-02,-2.990065173999999909e-02
1.176999499999999976e+00,8.531668949999999807e-01,-3.972216432999999686e-02,-3.012820822000000093e-02
1.177270000000000039e+00,8.519414047000000156e-01,-4.017331550000000084e-02,-3.042491003999999929e-02
1.177539700000000078e+00,8.509526499999999771e-01,-4.035142103000000091e-02,-3.070768188000000051e-02
1.177808399999999978e+00,8.507152359999999858e-01,-4.033988480000000321e-02,-3.103350985999999909e-02
1.178076200000000018e+00,8.503976952999999783e-01,-4.030695159000000083e-02,-3.148673756999999934e-02
1.178342900000000082e+00,8.501987944000000130e-01,-4.030333504999999983e-02,-3.188103327999999848e-02
1.178608700000000065e+00,8.503489359000000469e-01,-4.003185061999999655e-02,-3.230098691000000272e-02
1.178873700000000024e+00,8.501804829000000341e-01,-3.951771687999999783e-02,-3.267136414999999988e-02
1.179137799999999903e+00,8.500805685000000222e-01,-3.858138346000000024e-02,-3.306953758000000243e-02
1.179400800000000027e+00,8.502787749000000339e-01,-3.777022161000000156e-02,-3.344551250999999725e-02
1.179662699999999953e+00,8.506290687999999989e-01,-3.697047215999999664e-02,-3.381631278999999712e-02
1.179923400000000067e+00,8.513732585000000075e-01,-3.616447202999999860e-02,-3.417299985000000345e-02
1.180182999999999982e+00,8.520942725000000273e-01,-3.540979503000000334e-02,-3.443433190999999755e-02
1.180441300000000027e+00,8.530078478999999492e-01,-3.455750035999999997e-02,-3.467123685000000205e-02
1.180698400000000037e+00,8.534754930000000295e-01,-3.352507268999999762e-02,-3.481676937000000027e-02
1.180954400000000071e+00,8.543088871999999778e-01,-3.258443736999999674e-02,-3.494668244000000146e-02
1.181209299999999907e+00,8.553475588000000185e-01,-3.128057419000000033e-02,-3.509883189000000125e-02
1.181463099999999988e+00,8.569542403000000030e-01,-3.030033218000000028e-02,-3.521496769000000138e-02
1.181715700000000036e+00,8.582893785999999858e-01,-2.936303311999999971e-02,-3.523867744999999857e-02
1.181967299999999943e+00,8.593934983000000027e-01,-2.846162706000000125e-02,-3.519310503999999867e-02
1.182217899999999933e+00,8.604869724999999470e-01,-2.737127304999999872e-02,-3.514515112000000246e-02
1.182467500000000005e+00,8.623356248000000335e-01,-2.644401574000000005e-02,-3.514175494999999955e-02
1.182716000000000101e+00,8.645559795999999686e-01,-2.534458682000000074e-02,-3.510760165000000044e-02
1.182963500000000057e+00,8.667847132999999538e-01,-2.401595991999999971e-02,-3.508278492999999942e-02
1.183209799999999978e+00,8.686045894999999684e-01,-2.281962065000000053e-02,-3.499738025000000141e-02
1.183455200000000040e+00,8.709012599000000021e-01,-2.175739271000000016e-02,-3.497079401000000032e-02
1.183699499999999905e+00,8.724903339999999785e-01,-2.077597790999999999e-02,-3.483233178999999707e-02
1.183942999999999968e+00,8.742514411999999790e-01,-1.950492880000000151e-02,-3.477335646000000169e-02
1.184185499999999891e+00,8.750937198999999556e-01,-1.849900012000000107e-02,-3.457394369999999828e-02
1.184427200000000013e+00,8.766157959999999472e-01,-1.724038131000000043e-02,-3.453298988000000347e-02
1.184668000000000054e+00,8.781839284000000356e-01,-1.604120080999999962e-02,-3.445095004999999821e-02
1.184908199999999967e+00,8.793137790999999703e-01,-1.499146516000000005e-02,-3.439338922000000076e-02
1.185148000000000090e+00,8.799799082999999467e-01,-1.378921150000000061e-02,-3.438849335000000035e-02
1.185387399999999980e+00,8.809856167999999821e-01,-1.251149200000000079e-02,-3.445796638999999717e-02
1.185626999999999986e+00,8.819433786000000497e-01,-1.122242185000000073e-02,-3.454321022000000213e-02
1.185866800000000110e+00,8.825921115999999511e-01,-1.016489546000000008e-02,-3.461511753999999691e-02
1.186106799999999906e+00,8.829191956999999924e-01,-8.983706614999999868e-03,-3.469266378000000067e-02
1.186347199999999935e+00,8.828608767000000190e-01,-7.944064324999999815e-03,-3.479470683000000092e-02
1.186587899999999918e+00,8.829167309000000019e-01,-7.120500442999999624e-03,-3.488350829999999764e-02
1.186828999999999912e+00,8.817920691999999727e-01,-6.662847488999999734e-03,-3.488367188000000146e-02
1.187070599999999976e+00,8.801519007000000450e-01,-6.504659050000000109e-03,-3.481287022000000009e-02
1.187313000000000063e+00,8.784605998000000193e-01,-6.504723268999999808e-03,-3.469910451000000201e-02
1.187556199999999951e+00,8.764909593999999915e-01,-6.785321615999999681e-03,-3.462887661999999867e-02
1.187800299999999920e+00,8.745683917000000029e-01,-7.513982233999999712e-03,-3.454171274000000097e-02
1.188045299999999971e+00,8.727877652000000097e-01,-8.244400678999999274e-03,-3.449288721999999724e-02
1.188291500000000056e+00,8.715305634000000135e-01,-8.987692025999999279e-03,-3.449874297999999673e-02
1.188538700000000059e+00,8.704835102000000324e-01,-1.008055820000000082e-02,-3.437840930000000267e-02
1.188786899999999980e+00,8.693654584000000130e-01,-1.108064201000000075e-02,-3.428983707000000242e-02
1.189036100000000040e+00,8.681299209999999711e-01,-1.254464624999999944e-02,-3.419724838000000322e-02
1.189286199999999960e+00,8.669679327000000546e-01,-1.435992674999999989e-02,-3.403412260000000106e-02
1.189537400000000078e+00,8.658336616999999791e-01,-1.614448423999999965e-02,-3.384547481999999885e-02
1.189788599999999974e+00,8.649504910999999963e-01,-1.821486975000000119e-02,-3.365057929999999697e-02
1.190039000000000069e+00,8.641294380999999802e-01,-2.074538731999999927e-02,-3.335658120999999976e-02
1.190288500000000083e+00,8.633541486000000376e-01,-2.334017074999999997e-02,-3.306008510999999817e-02
1.190537299999999910e+00,8.628340306999999765e-01,-2.601396712999999930e-02,-3.280372613000000215e-02
1.190785299999999935e+00,8.629063435999999587e-01,-2.857616324000000069e-02,-3.265836091000000330e-02
1.191032199999999985e+00,8.625505537000000000e-01,-3.111408347999999879e-02,-3.251449154000000258e-02
1.191278400000000071e+00,8.620744965000000093e-01,-3.303412198999999827e-02,-3.231119025999999728e-02
1.191523799999999911e+00,8.618331908999999902e-01,-3.452978406999999972e-02,-3.216388690000000078e-02
1.191768500000000008e+00,8.625886569999999809e-01,-3.616619546000000157e-02,-3.206187908000000114e-02
1.192012300000000025e+00,8.629742531999999855e-01,-3.765768905999999916e-02,-3.190749293000000320e-02
1.192255599999999971e+00,8.633283488999999866e-01,-3.880379377999999824e-02,-3.175038837000000030e-02
1.192498099999999894e+00,8.629660994000000196e-01,-3.976200927000000246e-02,-3.158188432999999712e-02
1.192739900000000075e+00,8.626874548999999837e-01,-3.999849171000000037e-02,-3.146373328000000302e-02
1.192981000000000069e+00,8.620263028000000327e-01,-4.005988398000000228e-02,-3.134954007000000098e-02
1.193221800000000110e+00,8.624306044999999754e-01,-3.970579503999999843e-02,-3.121671427000000110e-02
1.193462400000000034e+00,8.624932123999999867e-01,-3.855995555999999769e-02,-3.116555824999999932e-02
1.193703100000000017e+00,8.634291271999999795e-01,-3.700797123999999966e-02,-3.118446529000000120e-02
1.193943900000000058e+00,8.649546760999999861e-01,-3.552341118999999964e-02,-3.117220156000000131e-02
1.194185000000000052e+00,8.660572162999999879e-01,-3.359176212000000022e-02,-3.121141213000000122e-02
1.194426599999999894e+00,8.678671784000000500e-01,-3.209719895000000267e-02,-3.130553560000000346e-02
1.194668499999999911e+00,8.695525975000000241e-01,-3.033235038000000119e-02,-3.147298017999999864e-02
1.194911199999999951e+00,8.712386698999999846e-01,-2.848150382000000022e-02,-3.165426626000000104e-02
1.195154700000000014e+00,8.733478635000000434e-01,-2.663005665999999827e-02,-3.191743821999999675e-02
1.195399199999999995e+00,8.751346179000000225e-01,-2.505360363000000076e-02,-3.219414905000000243e-02
1.195644600000000057e+00,8.769109703999999894e-01,-2.349833580999999977e-02,-3.250309180000000159e-02
1.195891299999999990e+00,8.783288195999999770e-01,-2.214107524999999951e-02,-3.280780760000000240e-02
1.196139099999999900e+00,8.792406331000000019e-01,-2.066500770999999889e-02,-3.312410271999999961e-02
1.196388199999999902e+00,8.799412010999999589e-01,-1.934810766999999973e-02,-3.344365921999999797e-02
1.196638499999999938e+00,8.800288056999999720e-01,-1.826752887000000075e-02,-3.372543130999999805e-02
1.196890000000000009e+00,8.805134683999999989e-01,-1.762329217999999975e-02,-3.399752979000000147e-02
1.197142799999999951e+00,8.814776263000000389e-01,-1.742754775000000117e-02,-3.421387744999999925e-02
1.197396899999999986e+00,8.818387546999999493e-01,-1.786388793999999988e-02,-3.433284938000000230e-02
1.197652299999999892e+00,8.819118381999999645e-01,-1.876981523000000041e-02,-3.436323686000000016e-02
1.197908900000000054e+00,8.821864715999999662e-01,-2.001632227000000111e-02,-3.442889862000000217e-02
1.198166899999999924e+00,8.819712390999999707e-01,-2.145476709000000010e-02,-3.445423086999999801e-02
1.198426200000000108e+00,8.826040590000000519e-01,-2.317264683000000089e-02,-3.447924932000000220e-02
1.198686700000000105e+00,8.817776672999999565e-01,-2.465963814999999962e-02,-3.444562670000000243e-02
1.198948200000000019e+00,8.808185358000000242e-01,-2.647599796000000075e-02,-3.441458253000000134e-02
1.199210700000000074e+00,8.799012251000000173e-01,-2.826356467999999872e-02,-3.437614446000000074e-02
1.199474099999999988e+00,8.779131914000000148e-01,-3.033641181999999908e-02,-3.421863860999999757e-02
1.199738100000000030e+00,8.764273545999999859e-01,-3.250908870000000089e-02,-3.410147519000000099e-02
1.200002900000000094e+00,8.744402878999999462e-01,-3.460629766000000024e-02,-3.393093168999999909e-02
1.200268200000000007e+00,8.718963239999999448e-01,-3.665322563000000117e-02,-3.372860829000000338e-02
1.200533899999999932e+00,8.694392521999999568e-01,-3.891359358999999657e-02,-3.351412748000000275e-02
1.200799900000000031e+00,8.675846619000000537e-01,-4.083286626999999697e-02,-3.334767501000000106e-02
1.201066299999999920e+00,8.655247364000000498e-01,-4.259746617000000068e-02,-3.317380738000000329e-02
1.201333200000000101e+00,8.633511151999999633e-01,-4.384792217999999853e-02,-3.293840214000000322e-02
1.201600299999999955e+00,8.609106776999999600e-01,-4.502066550000000111e-02,-3.270695585999999766e-02
1.201866499999999949e+00,8.586333404999999530e-01,-4.628876147000000191e-02,-3.241483423000000169e-02
1.202131499999999908e+00,8.559662952000000047e-01,-4.746092843000000033e-02,-3.217524875000000312e-02
1.202395399999999892e+00,8.539659617999999508e-01,-4.847814539999999867e-02,-3.193152383000000261e-02
1.202658299999999958e+00,8.513785265000000102e-01,-4.890970691999999703e-02,-3.172421111999999821e-02
1.202920200000000106e+00,8.491742016000000115e-01,-4.916083168000000281e-02,-3.152065715999999990e-02
1.203181300000000009e+00,8.468650410000000406e-01,-4.928835027999999702e-02,-3.132221435000000220e-02
1.203441399999999994e+00,8.445600657999999816e-01,-4.895596231999999742e-02,-3.114216410000000129e-02
1.203700900000000074e+00,8.433389621000000336e-01,-4.833228953000000272e-02,-3.109954283000000014e-02
1.203959400000000013e+00,8.418843699000000402e-01,-4.725858035000000262e-02,-3.101946800000000143e-02
1.204217099999999929e+00,8.404925077999999550e-01,-4.621721149000000001e-02,-3.098628320999999991e-02
1.204473799999999928e+00,8.390938620000000236e-01,-4.502060182999999965e-02,-3.095219240999999913e-02
1.204729699999999903e+00,8.379335434000000360e-01,-4.333190963999999923e-02,-3.098757134999999968e-02
1.204984700000000020e+00,8.370807059999999522e-01,-4.103073958999999687e-02,-3.107977962000000108e-02
1.205238999999999949e+00,8.369560817000000208e-01,-3.838940026999999866e-02,-3.121545514000000077e-02
1.205492699999999973e+00,8.370315884000000262e-01,-3.590811114999999804e-02,-3.141535009000000211e-02
1.205745700000000031e+00,8.373925357999999486e-01,-3.325838646999999815e-02,-3.165906599999999960e-02
1.205998099999999962e+00,8.390118439000000539e-01,-3.077952752999999972e-02,-3.192356664999999871e-02
1.206249799999999928e+00,8.405979399999999879e-01,-2.850800291000000000e-02,-3.218668225000000105e-02
1.206501100000000104e+00,8.428907113000000395e-01,-2.619942314000000064e-02,-3.253296054000000270e-02
1.206751700000000094e+00,8.452681136999999900e-01,-2.395986392999999853e-02,-3.290166265999999728e-02
1.207001900000000072e+00,8.476073112999999992e-01,-2.185061708999999977e-02,-3.327044215999999666e-02
1.207251499999999922e+00,8.502403080999999530e-01,-2.003224208999999922e-02,-3.361374218000000302e-02
1.207500599999999924e+00,8.531774941999999973e-01,-1.838704337999999897e-02,-3.402088559000000095e-02
1.207749399999999973e+00,8.557917258999999666e-01,-1.725430222000000000e-02,-3.437977899999999920e-02
1.207997699999999952e+00,8.583813574999999974e-01,-1.616717054000000112e-02,-3.471394315000000258e-02
1.208245699999999978e+00,8.612009232999999764e-01,-1.538292733000000065e-02,-3.505422064000000143e-02
1.208493400000000051e+00,8.636835188999999469e-01,-1.480491737000000016e-02,-3.538697184999999718e-02
1.208740699999999890e+00,8.657402146999999548e-01,-1.439280819000000010e-02,-3.567830102999999808e-02
1.208987699999999998e+00,8.677031887999999693e-01,-1.426144373999999916e-02,-3.592744937999999694e-02
1.209234499999999990e+00,8.689118796999999450e-01,-1.439366559999999927e-02,-3.611360831999999715e-02
1.209481199999999923e+00,8.704043594000000494e-01,-1.456823336999999927e-02,-3.626144170000000083e-02
1.209727999999999914e+00,8.710814644000000051e-01,-1.487104032999999985e-02,-3.631603039999999755e-02
1.209975000000000023e+00,8.714901207999999899e-01,-1.531475357000000072e-02,-3.637184858999999854e-02
1.210222499999999979e+00,8.715709310999999460e-01,-1.570727364000000167e-02,-3.639615294000000251e-02
1.210470399999999946e+00,8.713900631000000008e-01,-1.594791275999999855e-02,-3.641439177999999943e-02
1.210718900000000042e+00,8.710787721999999622e-01,-1.619101506000000107e-02,-3.639442094999999905e-02
1.210968100000000103e+00,8.702560354999999692e-01,-1.664216993999999977e-02,-3.628119350999999687e-02
1.211218099999999964e+00,8.693970321999999751e-01,-1.711111620999999916e-02,-3.614031077999999703e-02
1.211468800000000012e+00,8.678911499999999446e-01,-1.733391419000000072e-02,-3.592310702999999827e-02
1.211720300000000083e+00,8.664559779999999600e-01,-1.754690991999999922e-02,-3.571478079999999833e-02
1.211972499999999897e+00,8.649080677999999578e-01,-1.773156781999999862e-02,-3.550317858999999659e-02
1.212225600000000014e+00,8.636135880999999959e-01,-1.749679671999999908e-02,-3.531906655000000006e-02
1.212479599999999991e+00,8.621993088999999610e-01,-1.733624338999999875e-02,-3.510052126999999716e-02
1.212734500000000049e+00,8.600847919999999869e-01,-1.727136321999999877e-02,-3.482190740999999840e-02
1.212989000000000095e+00,8.590479773000000430e-01,-1.671094504999999855e-02,-3.459947767000000340e-02
1.213242099999999990e+00,8.585186943000000515e-01,-1.607420095999999993e-02,-3.444966727999999867e-02
1.213493600000000061e+00,8.578524013999999642e-01,-1.549564313999999936e-02,-3.431656555999999803e-02
1.213743800000000039e+00,8.572059183000000360e-01,-1.457386234999999940e-02,-3.418478752000000259e-02
1.213992500000000030e+00,8.561967964000000153e-01,-1.383108415999999979e-02,-3.396786351000000148e-02
1.214239899999999928e+00,8.549836041999999692e-01,-1.355757397000000031e-02,-3.371452746999999833e-02
1.214486100000000013e+00,8.542664996000000066e-01,-1.301568068999999980e-02,-3.353262740000000075e-02
1.214730899999999947e+00,8.535180614999999804e-01,-1.265399233999999970e-02,-3.330076414000000123e-02
1.214974500000000068e+00,8.526942358000000333e-01,-1.267094009999999993e-02,-3.306266311000000124e-02
1.215216899999999933e+00,8.518412599000000363e-01,-1.308633460999999998e-02,-3.281119340000000079e-02
1.215458099999999986e+00,8.512548409000000316e-01,-1.377049842000000086e-02,-3.256348786999999773e-02
1.215698200000000062e+00,8.509751835000000098e-01,-1.451796567000000066e-02,-3.235645753000000041e-02
1.215937299999999999e+00,8.508280193999999685e-01,-1.521900395000000059e-02,-3.215080080999999784e-02
1.216175400000000018e+00,8.508900614000000084e-01,-1.608190212000000160e-02,-3.195223671999999904e-02
1.216412499999999897e+00,8.521288223999999856e-01,-1.679816259999999950e-02,-3.188132999999999939e-02
1.216648399999999963e+00,8.537104052999999748e-01,-1.776978045999999881e-02,-3.181124911000000194e-02
1.216883399999999948e+00,8.547827302999999599e-01,-1.885870192999999917e-02,-3.172375796000000137e-02
1.217117599999999911e+00,8.557689538999999623e-01,-1.997639987000000145e-02,-3.163157419999999831e-02
1.217351000000000072e+00,8.568134992999999477e-01,-2.121125403999999867e-02,-3.154056890999999696e-02
1.217583800000000105e+00,8.578888886000000102e-01,-2.250770637999999907e-02,-3.147800830999999966e-02
1.217816000000000010e+00,8.595679323999999566e-01,-2.361606411999999863e-02,-3.143235610999999680e-02
1.218047899999999961e+00,8.604341694999999568e-01,-2.486122842999999999e-02,-3.133531889999999903e-02
1.218279399999999901e+00,8.611197642000000263e-01,-2.621607738999999840e-02,-3.128115036999999654e-02
1.218510500000000052e+00,8.623935543999999842e-01,-2.745938821999999863e-02,-3.124271262999999896e-02
1.218741599999999980e+00,8.640114160999999848e-01,-2.847900142000000037e-02,-3.127385039000000339e-02
1.218973099999999921e+00,8.655096883999999768e-01,-2.937766147000000008e-02,-3.141506797000000184e-02
1.219205000000000094e+00,8.662647031000000331e-01,-3.031120187999999938e-02,-3.146531897000000300e-02
1.219437199999999999e+00,8.668809138999999941e-01,-3.088886363999999995e-02,-3.162162401000000178e-02
1.219669899999999974e+00,8.672231847000000382e-01,-3.180639369999999772e-02,-3.177752446999999869e-02
1.219903100000000018e+00,8.680786886000000369e-01,-3.265904934999999676e-02,-3.197445495000000165e-02
1.220136899999999969e+00,8.693215619999999921e-01,-3.326724402000000302e-02,-3.225146598999999864e-02
1.220371499999999942e+00,8.708670360000000388e-01,-3.419231911000000096e-02,-3.254687402999999896e-02
1.220606899999999939e+00,8.726584098999999872e-01,-3.485231319999999855e-02,-3.287751787999999842e-02
1.220843200000000017e+00,8.740703107999999721e-01,-3.554930622000000012e-02,-3.316746218999999662e-02
1.221080600000000072e+00,8.755785515999999769e-01,-3.638441432000000253e-02,-3.341575873000000169e-02
1.221319000000000043e+00,8.764975149000000521e-01,-3.721775081999999929e-02,-3.362974090000000332e-02
1.221558200000000038e+00,8.769156866999999744e-01,-3.835072267999999757e-02,-3.377962219999999793e-02
1.221798200000000056e+00,8.773959023999999829e-01,-3.953948069999999732e-02,-3.390870002000000161e-02
1.222039099999999934e+00,8.773416923000000311e-01,-4.048417063999999732e-02,-3.400916519000000277e-02
1.222280599999999939e+00,8.772535852999999717e-01,-4.128628697000000236e-02,-3.409493123000000014e-02
1.222522899999999968e+00,8.768756655999999650e-01,-4.182600478000000205e-02,-3.410155188999999809e-02
1.222765899999999961e+00,8.770165428999999735e-01,-4.238460066000000054e-02,-3.411021152999999667e-02
1.223009699999999977e+00,8.768270287999999635e-01,-4.277039425999999700e-02,-3.407642895000000116e-02
1.223254400000000075e+00,8.767441028000000358e-01,-4.329762888000000115e-02,-3.402530262000000305e-02
1.223500000000000032e+00,8.760919316999999928e-01,-4.405377632000000154e-02,-3.384707689000000103e-02
1.223746400000000012e+00,8.759553609000000352e-01,-4.463395750000000162e-02,-3.365816796999999971e-02
1.223993700000000073e+00,8.753092840999999735e-01,-4.518713281000000248e-02,-3.332411484000000201e-02
1.224242199999999947e+00,8.754454569999999825e-01,-4.559600074000000336e-02,-3.301672197000000281e-02
1.224491500000000066e+00,8.755762751000000232e-01,-4.627814800999999895e-02,-3.272341656000000293e-02
1.224741999999999997e+00,8.757302466999999924e-01,-4.689043782999999938e-02,-3.248251491000000296e-02
1.224993599999999905e+00,8.750181349000000219e-01,-4.744242265000000319e-02,-3.215254909999999688e-02
1.225246300000000010e+00,8.746272089000000083e-01,-4.821776792000000145e-02,-3.181002138999999840e-02
1.225500299999999987e+00,8.737734161000000332e-01,-4.911516938999999776e-02,-3.146530194000000252e-02
1.225755399999999939e+00,8.727503122999999974e-01,-4.963841034000000124e-02,-3.113299245000000076e-02
1.226011699999999927e+00,8.718908842000000492e-01,-5.054202420000000057e-02,-3.080856955999999869e-02
1.226269199999999948e+00,8.711648115000000248e-01,-5.140554996999999876e-02,-3.053032341000000080e-02
1.226527900000000004e+00,8.696063360000000353e-01,-5.184182178999999918e-02,-3.024496127999999964e-02
1.226787899999999931e+00,8.681868886000000396e-01,-5.225296473999999775e-02,-2.994447691000000009e-02
1.227048799999999940e+00,8.666735853000000489e-01,-5.243139010000000266e-02,-2.963292647999999849e-02
1.227310799999999924e+00,8.649657080000000553e-01,-5.220030900000000029e-02,-2.940555053000000127e-02
1.227573000000000025e+00,8.630937766999999816e-01,-5.226771941000000338e-02,-2.914821281000000083e-02
1.227833900000000034e+00,8.611015037999999455e-01,-5.207703329999999881e-02,-2.897199950999999885e-02
1.228093600000000007e+00,8.584482037999999759e-01,-5.216137880999999893e-02,-2.878628168999999848e-02
1.228352099999999947e+00,8.560179154000000512e-01,-5.251107911999999822e-02,-2.858945063999999980e-02
1.228609099999999899e+00,8.540627924000000482e-01,-5.275593440999999661e-02,-2.845671166999999904e-02
1.228864600000000085e+00,8.520254317000000022e-01,-5.291734303000000111e-02,-2.831297547999999872e-02
1.229118699999999897e+00,8.495607031999999892e-01,-5.311609613999999924e-02,-2.817689341000000069e-02
1.229371699999999956e+00,8.468684166000000069e-01,-5.322358324999999779e-02,-2.805542239000000104e-02
1.229623200000000027e+00,8.449285538999999901e-01,-5.327968973999999691e-02,-2.795698167999999956e-02
1.229873299999999947e+00,8.437419448999999849e-01,-5.318917769999999962e-02,-2.792425814999999895e-02
1.230121999999999938e+00,8.437005287000000076e-01,-5.264362721000000189e-02,-2.804000750999999930e-02
1.230369599999999952e+00,8.438210522000000324e-01,-5.212505229000000129e-02,-2.815094381999999965e-02
1.230616099999999991e+00,8.437380631999999991e-01,-5.180486922000000077e-02,-2.827071529999999888e-02
1.230861399999999994e+00,8.434408009999999623e-01,-5.125545482999999819e-02,-2.843525318999999899e-02
1.231105700000000081e+00,8.432727660000000069e-01,-5.081412300000000271e-02,-2.862186351000000142e-02
1.231348799999999910e+00,8.431978493999999769e-01,-5.043259522000000106e-02,-2.877509740999999871e-02
1.231590799999999986e+00,8.439193054000000416e-01,-5.010204386000000065e-02,-2.897233256999999854e-02
1.231831700000000085e+00,8.447016629000000387e-01,-4.983747707999999776e-02,-2.915491242000000163e-02
1.232071799999999939e+00,8.454345266999999664e-01,-4.944374265999999796e-02,-2.935414101000000109e-02
1.232310800000000039e+00,8.462024284000000396e-01,-4.904535463000000289e-02,-2.955615122000000011e-02
1.232548999999999895e+00,8.466200638999999972e-01,-4.876851835999999885e-02,-2.974189783999999989e-02
1.232786299999999891e+00,8.481818437999999460e-01,-4.887638763999999775e-02,-2.999630753999999941e-02
1.233022999999999980e+00,8.494460809999999640e-01,-4.899202140000000205e-02,-3.023926693999999873e-02
1.233259000000000105e+00,8.507535792999999513e-01,-4.888754331000000342e-02,-3.041633888000000105e-02
1.233494499999999938e+00,8.525690416000000216e-01,-4.890277968000000114e-02,-3.062089213000000060e-02
1.233729499999999923e+00,8.545139555999999859e-01,-4.902381201000000077e-02,-3.081988505999999975e-02
1.233964099999999897e+00,8.565840638999999701e-01,-4.883259412999999688e-02,-3.111840881999999864e-02
1.234198300000000081e+00,8.585830629999999797e-01,-4.864747506000000055e-02,-3.133387906000000001e-02
1.234431999999999974e+00,8.608953380999999627e-01,-4.839035604999999962e-02,-3.156266776999999690e-02
1.234665799999999924e+00,8.630737042999999664e-01,-4.809217195999999916e-02,-3.175144023999999787e-02
1.234899600000000097e+00,8.650222838000000136e-01,-4.768077385999999751e-02,-3.181614298999999729e-02
1.235133599999999943e+00,8.669999208999999984e-01,-4.706345342999999903e-02,-3.200282071999999839e-02
1.235368000000000022e+00,8.682861509999999505e-01,-4.649642552000000234e-02,-3.205834652000000284e-02
1.235603000000000007e+00,8.702002933000000384e-01,-4.565543027999999920e-02,-3.226270621999999949e-02
1.235838599999999898e+00,8.712101692999999480e-01,-4.465873431999999726e-02,-3.240818814000000214e-02
1.236075100000000093e+00,8.725991531000000245e-01,-4.379325310999999943e-02,-3.252476287000000132e-02
1.236312499999999925e+00,8.734188926999999492e-01,-4.281523284000000179e-02,-3.254841467999999849e-02
1.236550700000000003e+00,8.736512446999999959e-01,-4.205343758999999931e-02,-3.255322260000000079e-02
1.236789499999999986e+00,8.738609307000000381e-01,-4.119074252999999769e-02,-3.252065353999999964e-02
1.237029200000000051e+00,8.733418013000000535e-01,-4.017884696000000033e-02,-3.249791166000000342e-02
1.237270099999999928e+00,8.721739470999999577e-01,-3.932182288000000275e-02,-3.241169353000000058e-02
1.237511999999999945e+00,8.706042783999999868e-01,-3.815605318999999718e-02,-3.228569022999999705e-02
1.237755200000000055e+00,8.691084526000000254e-01,-3.689822329999999789e-02,-3.221426304000000324e-02
1.237999700000000036e+00,8.668113702999999948e-01,-3.596758723000000046e-02,-3.210026204000000077e-02
1.238245400000000052e+00,8.643153855999999857e-01,-3.456473421999999712e-02,-3.207030587999999682e-02
1.238492399999999938e+00,8.619538571000000537e-01,-3.274251146999999917e-02,-3.213955356999999985e-02
1.238740699999999917e+00,8.589792046999999986e-01,-3.077302944999999942e-02,-3.218818085999999856e-02
1.238990199999999930e+00,8.559950981999999708e-01,-2.866816545999999882e-02,-3.220401352999999883e-02
1.239241000000000037e+00,8.532239195999999914e-01,-2.639159656000000104e-02,-3.222005267999999978e-02
1.239492899999999898e+00,8.508850128999999596e-01,-2.408699430999999835e-02,-3.230873036999999670e-02
1.239746100000000073e+00,8.486906183000000325e-01,-2.211801113000000027e-02,-3.244511692999999669e-02
1.239997999999999934e+00,8.472111835000000202e-01,-2.006002687000000076e-02,-3.258045530999999911e-02
1.240248999999999935e+00,8.460232739999999918e-01,-1.814567930999999926e-02,-3.275154794000000036e-02
1.240498700000000065e+00,8.455899908999999770e-01,-1.662434314999999829e-02,-3.295285537999999986e-02
1.240747599999999951e+00,8.454144667999999863e-01,-1.533516518000000058e-02,-3.317504420999999731e-02
1.240995199999999965e+00,8.456171850999999462e-01,-1.445321242000000006e-02,-3.343582872999999872e-02
1.241241599999999945e+00,8.466542956000000508e-01,-1.363379800000000079e-02,-3.375977167000000084e-02
1.241486899999999949e+00,8.485085803999999898e-01,-1.293652175999999987e-02,-3.409876226999999926e-02
1.241730999999999918e+00,8.501277972999999877e-01,-1.217425725999999979e-02,-3.433975066000000131e-02
1.241973900000000075e+00,8.517331656000000084e-01,-1.181301924000000003e-02,-3.453497325000000340e-02
1.242215999999999987e+00,8.540598858000000293e-01,-1.177709017000000066e-02,-3.473300767000000316e-02
1.242456900000000086e+00,8.568146757000000280e-01,-1.186140360000000060e-02,-3.496284812000000075e-02
1.242696900000000104e+00,8.590089739999999807e-01,-1.228897959999999956e-02,-3.506859028999999989e-02
1.242936100000000099e+00,8.604342925000000308e-01,-1.311673650000000010e-02,-3.509204953000000238e-02
1.243174500000000071e+00,8.622449120999999828e-01,-1.426884087000000051e-02,-3.508591728999999743e-02
1.243412600000000090e+00,8.636655362999999808e-01,-1.582922868999999885e-02,-3.500245911000000182e-02
1.243650399999999934e+00,8.647260676000000368e-01,-1.724002960999999889e-02,-3.478433662000000176e-02
1.243888399999999894e+00,8.658364479000000280e-01,-1.863775176000000144e-02,-3.456368174999999848e-02
1.244126800000000088e+00,8.667434899000000526e-01,-1.967485621999999837e-02,-3.429968771999999944e-02
1.244366000000000083e+00,8.689216953999999715e-01,-2.068956363999999853e-02,-3.414687404999999787e-02
1.244606000000000101e+00,8.707582515999999773e-01,-2.172594050999999971e-02,-3.398044260000000066e-02
1.244846700000000084e+00,8.726644258000000320e-01,-2.288751009000000031e-02,-3.377648200999999739e-02
1.245088600000000101e+00,8.742689796999999485e-01,-2.380544258999999982e-02,-3.361691532999999676e-02
1.245331600000000094e+00,8.764093914999999679e-01,-2.417137892000000010e-02,-3.357109803000000309e-02
1.245575700000000063e+00,8.783515156000000212e-01,-2.397879178000000139e-02,-3.358733829999999837e-02
1.245821300000000020e+00,8.799864920000000090e-01,-2.424316811000000113e-02,-3.349858306999999730e-02
1.246068299999999907e+00,8.805003601999999985e-01,-2.442785979999999996e-02,-3.335533727000000032e-02
1.246316800000000002e+00,8.810944673999999699e-01,-2.484189288000000079e-02,-3.320193188000000045e-02
1.246566700000000028e+00,8.815000299999999900e-01,-2.490924686000000124e-02,-3.320894895999999819e-02
1.246817899999999923e+00,8.816283213000000174e-01,-2.492097692000000073e-02,-3.321819698999999709e-02
1.247070600000000029e+00,8.815039362000000045e-01,-2.486986409999999981e-02,-3.330042703000000298e-02
1.247324499999999947e+00,8.812543011000000259e-01,-2.505958055999999920e-02,-3.333249418999999908e-02
1.247579800000000017e+00,8.800072810000000301e-01,-2.508058353999999962e-02,-3.336190106999999822e-02
1.247836299999999898e+00,8.788792758000000260e-01,-2.585131552000000110e-02,-3.329294847000000002e-02
1.248094100000000095e+00,8.777193725999999918e-01,-2.629057863999999939e-02,-3.332006485999999823e-02
1.248353000000000046e+00,8.768071147999999537e-01,-2.651559621999999977e-02,-3.334336081000000007e-02
1.248612999999999973e+00,8.760470339000000495e-01,-2.703965625999999942e-02,-3.338908102999999655e-02
1.248874000000000040e+00,8.753526964000000188e-01,-2.771708791000000033e-02,-3.339695541999999906e-02
1.249136199999999919e+00,8.738661961000000478e-01,-2.839862334999999904e-02,-3.342757820000000213e-02
1.249399099999999985e+00,8.720563735999999899e-01,-2.914823295999999925e-02,-3.345884109999999745e-02
1.249662899999999910e+00,8.707691201999999686e-01,-2.994795361000000128e-02,-3.352100957000000298e-02
1.249927299999999963e+00,8.695674707999999642e-01,-3.074340211999999906e-02,-3.359166145999999825e-02
1.250192200000000087e+00,8.680010771999999708e-01,-3.172472310999999850e-02,-3.365318752000000246e-02
1.250457600000000058e+00,8.669594708000000205e-01,-3.265197249000000024e-02,-3.362774545000000309e-02
1.250723400000000041e+00,8.655288588999999755e-01,-3.407403582000000097e-02,-3.351295195000000143e-02
1.250989700000000093e+00,8.635860459999999961e-01,-3.561363070999999658e-02,-3.328029513999999911e-02
1.251256600000000052e+00,8.622651481999999978e-01,-3.721996139000000037e-02,-3.304740596999999891e-02
1.251523799999999964e+00,8.618124350000000433e-01,-3.880088698999999836e-02,-3.280143392999999852e-02
1.251790399999999970e+00,8.616711392000000469e-01,-4.060431769000000246e-02,-3.253232128999999917e-02
1.252055899999999999e+00,8.619800858999999704e-01,-4.181248845999999825e-02,-3.232071518000000088e-02
1.252320199999999994e+00,8.620834415000000472e-01,-4.355827972000000242e-02,-3.207316731999999837e-02
1.252583400000000013e+00,8.617821536999999976e-01,-4.576220054999999981e-02,-3.169991275000000330e-02
1.252845500000000056e+00,8.608760292999999564e-01,-4.751734212000000013e-02,-3.131562160999999678e-02
1.253106499999999901e+00,8.596851288000000313e-01,-4.941382365000000082e-02,-3.087157218999999828e-02
1.253366399999999992e+00,8.589841860000000384e-01,-5.108410479000000115e-02,-3.052281046000000081e-02
1.253625400000000001e+00,8.585814314999999919e-01,-5.226218942000000062e-02,-3.027016290999999873e-02
1.253883400000000092e+00,8.577256476000000296e-01,-5.279999151999999890e-02,-3.004620679999999919e-02
1.254140299999999986e+00,8.570715691000000414e-01,-5.335060171000000073e-02,-2.978557546999999889e-02
1.254396199999999961e+00,8.559615626000000033e-01,-5.395390942000000134e-02,-2.950093770000000032e-02
1.254651200000000077e+00,8.545427835000000139e-01,-5.428128145000000321e-02,-2.922724578999999837e-02
1.254905200000000054e+00,8.534646717999999632e-01,-5.459178745999999915e-02,-2.897131404000000132e-02
1.255158100000000054e+00,8.526120403000000403e-01,-5.487677522000000002e-02,-2.874159953999999920e-02
1.255409999999999915e+00,8.524100691999999535e-01,-5.480177064999999792e-02,-2.851229330000000159e-02
1.255660900000000080e+00,8.527679206999999595e-01,-5.436499571000000253e-02,-2.840477833000000160e-02
1.255911000000000000e+00,8.525538213000000143e-01,-5.369434196000000270e-02,-2.831299820000000161e-02
1.256159999999999943e+00,8.524655317999999538e-01,-5.284891274999999750e-02,-2.828827005999999880e-02
1.256408399999999981e+00,8.524306962000000043e-01,-5.182268009000000342e-02,-2.829448036999999971e-02
1.256655899999999937e+00,8.528852921999999781e-01,-5.050935426000000006e-02,-2.835886203000000105e-02
1.256902699999999928e+00,8.534358735000000529e-01,-4.895804108000000043e-02,-2.844497900999999954e-02
1.257148799999999955e+00,8.546696630000000239e-01,-4.733998653000000278e-02,-2.860170902000000112e-02
1.257394099999999959e+00,8.560109389000000180e-01,-4.573357332999999914e-02,-2.876670513000000040e-02
1.257638599999999940e+00,8.578047519999999482e-01,-4.404526213999999940e-02,-2.901687798000000124e-02
1.257882699999999909e+00,8.598177116999999869e-01,-4.246405989999999658e-02,-2.932301980999999988e-02
1.258126000000000078e+00,8.619143851999999661e-01,-4.084366170999999962e-02,-2.966169488999999965e-02
1.258368900000000012e+00,8.639413354999999628e-01,-3.910149585000000094e-02,-3.002860691999999915e-02
1.258611200000000041e+00,8.660352199999999945e-01,-3.745916791000000051e-02,-3.046230536000000058e-02
1.258853299999999953e+00,8.684102271000000428e-01,-3.582202406999999977e-02,-3.094800773000000102e-02
1.259095000000000075e+00,8.700768521999999727e-01,-3.438217836000000138e-02,-3.138377279000000020e-02
1.259336400000000022e+00,8.718769272999999931e-01,-3.290169039000000184e-02,-3.184394799000000303e-02
1.259577500000000017e+00,8.732704025999999953e-01,-3.139493986999999930e-02,-3.233557685999999959e-02
1.259818399999999894e+00,8.744201833000000423e-01,-2.988461275999999833e-02,-3.281584578999999918e-02
1.260059599999999946e+00,8.752869331000000530e-01,-2.861796758000000052e-02,-3.326384327000000279e-02
1.260301200000000010e+00,8.756775705999999548e-01,-2.762388487000000045e-02,-3.367228585999999801e-02
1.260543299999999922e+00,8.754632274000000436e-01,-2.670804732000000084e-02,-3.400480239999999904e-02
1.260786200000000079e+00,8.750591720999999490e-01,-2.603827931999999970e-02,-3.428708180000000078e-02
1.261029799999999979e+00,8.740776155999999686e-01,-2.541130892000000030e-02,-3.451343809000000096e-02
1.261274400000000018e+00,8.728486691000000297e-01,-2.507700849000000023e-02,-3.468668275999999689e-02
1.261520200000000091e+00,8.716881385000000426e-01,-2.469907425000000128e-02,-3.485535426999999964e-02
1.261767300000000036e+00,8.702172367999999603e-01,-2.435583213999999858e-02,-3.492633519999999853e-02
1.262015799999999910e+00,8.685652349000000383e-01,-2.394409471999999969e-02,-3.495925453999999821e-02
1.262265500000000040e+00,8.670050143999999959e-01,-2.379635670000000008e-02,-3.492333541999999985e-02
1.262516799999999995e+00,8.656339735000000424e-01,-2.369927226999999845e-02,-3.484406496999999797e-02
1.262769699999999995e+00,8.645077962999999643e-01,-2.348124943000000006e-02,-3.476522851999999664e-02
1.263024200000000041e+00,8.634090117999999592e-01,-2.291572518999999974e-02,-3.468022530999999992e-02
1.263280399999999970e+00,8.623538648999999889e-01,-2.197987913000000113e-02,-3.460656000000000149e-02
1.263538300000000003e+00,8.614620497999999627e-01,-2.125040653000000168e-02,-3.447698756999999919e-02
1.263797899999999919e+00,8.607597343999999762e-01,-2.031329390000000124e-02,-3.435033828000000344e-02
1.264058899999999985e+00,8.602011577000000520e-01,-1.935229343000000046e-02,-3.420071845000000055e-02
1.264321599999999934e+00,8.594449199999999456e-01,-1.819803685999999907e-02,-3.405713650000000148e-02
1.264585800000000093e+00,8.590646089000000263e-01,-1.710314714000000028e-02,-3.392684498000000243e-02
1.264851200000000064e+00,8.576772601000000051e-01,-1.615965629999999847e-02,-3.375504520000000008e-02
1.265117800000000070e+00,8.561802118000000350e-01,-1.532656135000000017e-02,-3.355440041999999817e-02
1.265385999999999900e+00,8.543257682999999547e-01,-1.470092708000000047e-02,-3.335199123999999654e-02
1.265654999999999974e+00,8.524983645000000498e-01,-1.438432593000000051e-02,-3.317155460000000000e-02
1.265925299999999920e+00,8.510928591999999959e-01,-1.424842680000000007e-02,-3.305070597999999749e-02
1.266196499999999947e+00,8.498105974999999868e-01,-1.392380933999999917e-02,-3.299473002000000155e-02
1.266468699999999892e+00,8.478739476000000108e-01,-1.377730280000000022e-02,-3.289518473999999970e-02
1.266741799999999918e+00,8.460482688999999557e-01,-1.380163241000000041e-02,-3.274603582999999901e-02
1.267015599999999909e+00,8.433228361000000284e-01,-1.410506626999999923e-02,-3.249811644000000221e-02
1.267289700000000074e+00,8.412799131999999513e-01,-1.435378764000000071e-02,-3.231907971999999768e-02
1.267562199999999972e+00,8.405888049999999945e-01,-1.427070176999999974e-02,-3.220022599999999846e-02
1.267832800000000093e+00,8.402191144999999750e-01,-1.432626432999999956e-02,-3.211974776999999837e-02
1.268101200000000039e+00,8.401928127000000135e-01,-1.444881846000000032e-02,-3.204817287000000237e-02
1.268367500000000092e+00,8.408552084999999510e-01,-1.455843910999999984e-02,-3.205914080999999749e-02
1.268631899999999924e+00,8.416207254999999998e-01,-1.484381564999999979e-02,-3.209284149000000280e-02
1.268894200000000083e+00,8.431816158999999589e-01,-1.504665877000000047e-02,-3.221705402999999746e-02
1.269154700000000080e+00,8.454275145999999852e-01,-1.550891249999999943e-02,-3.232941185000000328e-02
1.269413300000000078e+00,8.476971290999999464e-01,-1.623082646000000018e-02,-3.245393640000000107e-02
1.269670000000000076e+00,8.506329191999999484e-01,-1.701185529999999987e-02,-3.264960743999999887e-02
1.269924800000000076e+00,8.534669729999999621e-01,-1.812990575999999868e-02,-3.279252148000000311e-02
1.270177700000000076e+00,8.554975969000000457e-01,-1.946247238000000171e-02,-3.285283097000000346e-02
1.270428799999999914e+00,8.579102025999999492e-01,-2.101997906999999999e-02,-3.291991889999999754e-02
1.270678399999999986e+00,8.596810213000000145e-01,-2.275666826000000142e-02,-3.293685612999999734e-02
1.270926500000000070e+00,8.615934441000000499e-01,-2.484420116999999997e-02,-3.299476246000000029e-02
1.271173399999999898e+00,8.635756871999999973e-01,-2.703245895000000107e-02,-3.305522253999999827e-02
1.271418900000000018e+00,8.650217922999999809e-01,-2.922240669000000096e-02,-3.307209019000000028e-02
1.271663599999999894e+00,8.660483406000000217e-01,-3.135717744000000168e-02,-3.311443739000000108e-02
1.271907600000000027e+00,8.667910444999999964e-01,-3.336435556000000302e-02,-3.315047396000000285e-02
1.272151299999999985e+00,8.666412255000000009e-01,-3.506606756999999797e-02,-3.315086977000000074e-02
1.272394969999999903e+00,8.665456911000000151e-01,-3.653300702000000094e-02,-3.313513431000000148e-02
