time_s,CD,CL,CM
2.400000000000000061e-04,1.755804370999999975e+01,4.572893364999999766e-02,-8.346714672999999696e-01
4.292377600000000094e-04,-4.369760866000000021e+00,-1.373040541000000031e-02,2.473732835999999935e-01
6.305188399999999468e-04,1.139286009000000099e+00,-3.669780464999999967e-03,-3.247223717000000121e-02
8.383883300000000063e-04,1.126206072000000002e+00,2.655302030999999886e-03,-3.159691003000000137e-02
1.050795900000000074e-03,1.176398354000000035e+00,8.288106999000000724e-03,-3.405543856999999897e-02
1.266818199999999919e-03,1.203409288000000021e+00,1.185090207000000055e-02,-3.515272718999999657e-02
1.486452500000000039e-03,1.220314356999999905e+00,2.012800052999999881e-02,-3.612705603000000015e-02
1.709689400000000050e-03,1.222910471000000054e+00,2.377127160000000114e-02,-3.659555342999999683e-02
1.936581599999999924e-03,1.217721209000000027e+00,2.663394301999999839e-02,-3.717055401000000231e-02
2.166967599999999883e-03,1.212349375000000062e+00,2.705457551999999877e-02,-3.732433696000000273e-02
2.400665399999999880e-03,1.205081325999999953e+00,2.688888275999999980e-02,-3.771496960000000204e-02
2.636873699999999886e-03,1.197790232000000010e+00,2.546224264000000043e-02,-3.808579238999999783e-02
2.875039199999999875e-03,1.192317595000000008e+00,2.327753336999999895e-02,-3.851180751000000263e-02
3.114655899999999901e-03,1.187223848999999998e+00,2.186491772999999902e-02,-3.867048892000000265e-02
3.355276199999999986e-03,1.181668511999999893e+00,2.036130101999999997e-02,-3.891242000000000312e-02
3.596362599999999854e-03,1.178016999000000009e+00,1.888195644000000006e-02,-3.915450765999999722e-02
3.837449100000000189e-03,1.175272544999999891e+00,1.683374823000000076e-02,-3.959513777999999762e-02
4.078146700000000180e-03,1.173674716000000062e+00,1.494609350000000031e-02,-4.029372135999999965e-02
4.317992900000000404e-03,1.173610293000000082e+00,1.308789368999999959e-02,-4.100355575999999752e-02
4.556763999999999606e-03,1.170967338999999940e+00,1.124170426999999972e-02,-4.146555282000000120e-02
4.794241900000000174e-03,1.167204184000000033e+00,9.802679841999999144e-03,-4.153870507000000101e-02
5.030440199999999806e-03,1.163066753000000064e+00,8.984697668000000623e-03,-4.138552624999999874e-02
5.265372299999999603e-03,1.159593652999999946e+00,8.475389265999999644e-03,-4.113496442999999697e-02
5.499124499999999936e-03,1.155648620000000015e+00,7.939089155000000550e-03,-4.094213649999999677e-02
5.731781099999999629e-03,1.151471300000000086e+00,7.846164112000000510e-03,-4.061187639999999655e-02
5.963423800000000087e-03,1.147406590999999976e+00,7.691542824999999736e-03,-4.032500770999999928e-02
6.194132899999999636e-03,1.142626240000000015e+00,7.792581879999999767e-03,-3.996781026000000014e-02
6.424057399999999647e-03,1.137428257000000054e+00,7.837375415000000234e-03,-3.966841059000000141e-02
6.653273200000000415e-03,1.132144443000000056e+00,8.194332291000000490e-03,-3.920474447999999779e-02
6.881924900000000074e-03,1.127339939000000069e+00,8.076233970999999526e-03,-3.897430334000000218e-02
7.110155200000000016e-03,1.124017932000000108e+00,7.943819813000000188e-03,-3.884429602000000203e-02
7.338105499999999885e-03,1.121126080000000025e+00,7.636750876999999840e-03,-3.864558770999999837e-02
7.565846000000000203e-03,1.118530036999999977e+00,7.205482075999999729e-03,-3.863705025999999987e-02
7.793516700000000137e-03,1.114638935999999969e+00,5.839256099000000172e-03,-3.860032408999999887e-02
8.021187399999999204e-03,1.111709379999999969e+00,4.068121021999999976e-03,-3.860280574999999659e-02
8.248997900000000841e-03,1.108217862999999914e+00,2.140643824999999972e-03,-3.849800159999999805e-02
8.477018500000000831e-03,1.105340234000000033e+00,1.410290578999999879e-04,-3.838223890999999804e-02
8.705390199999999551e-03,1.101785878999999913e+00,-2.013657851999999925e-03,-3.815020487999999654e-02
8.934326200000000315e-03,1.096972092999999981e+00,-4.120721521999999581e-03,-3.774996849000000071e-02
9.164113999999999247e-03,1.091898264999999979e+00,-6.550767507000000017e-03,-3.728804276000000084e-02
9.395264000000000393e-03,1.086025425000000100e+00,-9.885902912000000056e-03,-3.658045587000000043e-02
9.628085399999999905e-03,1.079001692999999928e+00,-1.269932441999999974e-02,-3.579035198000000279e-02
9.862751600000000535e-03,1.071690518999999897e+00,-1.611596533999999983e-02,-3.478523457999999763e-02
1.009921700000000061e-02,1.064484250000000021e+00,-1.947882646000000106e-02,-3.398149213999999974e-02
1.033751100000000062e-02,1.057112139000000006e+00,-2.303175189000000039e-02,-3.312203397999999993e-02
1.057750499999999920e-02,1.049864338999999980e+00,-2.647450499999999887e-02,-3.219416247000000258e-02
1.081914599999999997e-02,1.041989057999999968e+00,-3.004720568000000119e-02,-3.116851048000000152e-02
1.106229799999999992e-02,1.034321260000000020e+00,-3.257084033999999712e-02,-3.040362624999999944e-02
1.130673599999999952e-02,1.026222766000000064e+00,-3.428420286000000150e-02,-2.953321617999999857e-02
1.155239400000000055e-02,1.018401125000000018e+00,-3.558224218000000105e-02,-2.868716554000000016e-02
1.179911900000000027e-02,1.010942720999999933e+00,-3.630628242000000228e-02,-2.788121584999999833e-02
1.204683800000000068e-02,1.004246677000000032e+00,-3.625637874999999843e-02,-2.709816236000000059e-02
1.229555799999999983e-02,9.990440761000000114e-01,-3.520895605999999761e-02,-2.655604145000000152e-02
1.254511999999999988e-02,9.947593060999999626e-01,-3.408098720999999665e-02,-2.615942254000000119e-02
1.279544399999999957e-02,9.905966291000000146e-01,-3.264891379999999843e-02,-2.592043390000000128e-02
1.304653499999999973e-02,9.872596591000000199e-01,-3.104758858000000038e-02,-2.585285472999999945e-02
1.329839900000000068e-02,9.857268052000000003e-01,-2.944080283000000131e-02,-2.601205255000000119e-02
1.355104000000000031e-02,9.854186700000000521e-01,-2.782221484000000147e-02,-2.629868050999999846e-02
1.380446400000000066e-02,9.851841305999999854e-01,-2.665701561999999844e-02,-2.664964937000000034e-02
1.405867499999999964e-02,9.848558402999999517e-01,-2.551116444000000108e-02,-2.701100591000000009e-02
1.431358999999999930e-02,9.840348802999999700e-01,-2.409184400999999850e-02,-2.744104685999999849e-02
1.456921499999999994e-02,9.834848631999999480e-01,-2.257126925999999867e-02,-2.802637898999999974e-02
1.482546199999999932e-02,9.835783727000000365e-01,-2.105894431999999830e-02,-2.865147222000000160e-02
1.508224700000000001e-02,9.836679098999999704e-01,-1.978355753999999980e-02,-2.925236385999999827e-02
1.533912100000000070e-02,9.843768638000000015e-01,-1.873243897999999838e-02,-2.992906643000000158e-02
1.559527900000000009e-02,9.850232012999999842e-01,-1.760607880000000097e-02,-3.055571669999999906e-02
1.585072400000000006e-02,9.855088964999999535e-01,-1.730455399999999977e-02,-3.111075514000000153e-02
1.610563699999999904e-02,9.852172835000000406e-01,-1.682970421999999827e-02,-3.154886731999999999e-02
1.636019699999999993e-02,9.843086938999999758e-01,-1.676540551000000115e-02,-3.184318904999999811e-02
1.661440299999999981e-02,9.833973846000000352e-01,-1.678897928000000137e-02,-3.206215633000000093e-02
1.686843299999999865e-02,9.821679842999999632e-01,-1.747991239999999863e-02,-3.208291228000000050e-02
1.712237600000000165e-02,9.798479948999999634e-01,-1.826348870000000027e-02,-3.197287347999999696e-02
1.737631800000000171e-02,9.774129770999999689e-01,-1.935019463999999856e-02,-3.180511696999999832e-02
1.763025999999999829e-02,9.749999473999999555e-01,-2.089095997999999843e-02,-3.152285701000000218e-02
1.788437899999999886e-02,9.719531917999999493e-01,-2.275656849000000023e-02,-3.112275277000000132e-02
1.813867400000000046e-02,9.685858860999999598e-01,-2.472614815999999924e-02,-3.068223973999999882e-02
1.839314599999999911e-02,9.658812276999999558e-01,-2.706220814999999932e-02,-3.022695221999999876e-02
1.864779500000000173e-02,9.635519543999999659e-01,-2.944179309999999869e-02,-2.977515383999999876e-02
1.890271099999999913e-02,9.616508392000000516e-01,-3.231926590999999876e-02,-2.947911507999999986e-02
1.915789299999999876e-02,9.600709810999999982e-01,-3.541871958000000070e-02,-2.929398847000000070e-02
1.941334299999999957e-02,9.593430385000000227e-01,-3.908945985000000095e-02,-2.906619889999999956e-02
1.966906100000000157e-02,9.583483061999999997e-01,-4.248470522000000194e-02,-2.880808392999999884e-02
1.992513799999999849e-02,9.572197360999999960e-01,-4.585233066000000274e-02,-2.846392416000000092e-02
2.018157400000000073e-02,9.549604662999999771e-01,-4.879910810000000210e-02,-2.807157861999999907e-02
2.043855300000000166e-02,9.531955573000000514e-01,-5.163304892000000063e-02,-2.778309498999999988e-02
2.069607500000000128e-02,9.508124768000000282e-01,-5.365374280000000107e-02,-2.756121024999999905e-02
2.095432699999999829e-02,9.492150827999999985e-01,-5.535336244999999877e-02,-2.752653278999999883e-02
2.121340500000000115e-02,9.470441534000000328e-01,-5.675784816999999982e-02,-2.744650360999999900e-02
2.147359299999999915e-02,9.446991208999999667e-01,-5.766211931000000263e-02,-2.743707716000000005e-02
2.173499500000000001e-02,9.425126619000000483e-01,-5.811720738000000080e-02,-2.743893285000000015e-02
2.199771699999999996e-02,9.401367780999999590e-01,-5.816652941000000077e-02,-2.739796492000000014e-02
2.226196399999999867e-02,9.380773153000000475e-01,-5.792564406999999721e-02,-2.744122524999999951e-02
2.252785300000000046e-02,9.367506811000000377e-01,-5.725892582000000064e-02,-2.747525266000000119e-02
2.279540500000000122e-02,9.349521315000000055e-01,-5.573240550999999932e-02,-2.744776993999999831e-02
2.306483999999999965e-02,9.323543454999999591e-01,-5.361199469999999856e-02,-2.740834898000000033e-02
2.333618499999999887e-02,9.299300464999999960e-01,-5.141978193999999919e-02,-2.736488247000000082e-02
2.360947000000000046e-02,9.276481014999999886e-01,-4.933465647000000176e-02,-2.721401424000000069e-02
2.388451399999999905e-02,9.254542599999999730e-01,-4.715360150000000306e-02,-2.704186013000000124e-02
2.415831300000000070e-02,9.236433439000000245e-01,-4.482537668000000086e-02,-2.688584415999999838e-02
2.443087799999999962e-02,9.220385487000000158e-01,-4.259892509999999716e-02,-2.663569892999999994e-02
2.470222000000000043e-02,9.200091704999999731e-01,-4.002461103999999797e-02,-2.638489767000000083e-02
2.497235000000000080e-02,9.184129676000000186e-01,-3.724165352000000095e-02,-2.614159102000000040e-02
2.524127699999999946e-02,9.171760409000000447e-01,-3.464864303000000229e-02,-2.580957673999999952e-02
2.550891300000000111e-02,9.159931843999999934e-01,-3.209683463000000125e-02,-2.559650678000000013e-02
2.577507500000000146e-02,9.143292526999999836e-01,-2.938917946999999864e-02,-2.531985490000000089e-02
2.603987400000000105e-02,9.127569427999999707e-01,-2.698450088000000149e-02,-2.504959802000000096e-02
2.630322800000000141e-02,9.106079429000000225e-01,-2.471221645999999855e-02,-2.486933644000000054e-02
2.656505699999999956e-02,9.079681199000000369e-01,-2.232774942999999832e-02,-2.465289270999999893e-02
2.682556700000000155e-02,9.060261429999999505e-01,-2.028629071000000172e-02,-2.456763699999999981e-02
2.708476900000000159e-02,9.037041695999999957e-01,-1.819472093000000165e-02,-2.441031798999999947e-02
2.734276899999999941e-02,9.014902077999999985e-01,-1.650433863000000043e-02,-2.433221141999999948e-02
2.759957600000000066e-02,8.989679999999999893e-01,-1.490089252000000031e-02,-2.421647404999999892e-02
2.785520299999999852e-02,8.964080453999999643e-01,-1.363457178999999929e-02,-2.412698037999999948e-02
2.810974800000000037e-02,8.938125662000000471e-01,-1.263485666000000070e-02,-2.398979904999999982e-02
2.836322100000000096e-02,8.915729561999999886e-01,-1.177428103000000004e-02,-2.385856868000000089e-02
2.861562999999999954e-02,8.893452411000000168e-01,-1.134692667999999925e-02,-2.368555037999999988e-02
2.886715800000000040e-02,8.873366533000000000e-01,-1.124458694000000057e-02,-2.352259492000000063e-02
2.911781299999999933e-02,8.857084590999999563e-01,-1.132452695999999932e-02,-2.338649140000000071e-02
2.936768500000000101e-02,8.839319147999999959e-01,-1.163937894000000028e-02,-2.326008629999999980e-02
2.961686700000000158e-02,8.831079405999999743e-01,-1.241589096000000024e-02,-2.321212887999999849e-02
2.986544600000000035e-02,8.822659068999999521e-01,-1.364573424000000042e-02,-2.318894092000000143e-02
3.011351199999999853e-02,8.819346251999999886e-01,-1.521753244999999970e-02,-2.321465274999999842e-02
3.036115099999999942e-02,8.812736151000000184e-01,-1.685824464999999966e-02,-2.326585907999999953e-02
3.060870400000000047e-02,8.809720943000000082e-01,-1.850212701000000098e-02,-2.336517864000000125e-02
3.085625800000000099e-02,8.801359715000000028e-01,-2.001492670000000126e-02,-2.347921655999999843e-02
3.110398300000000171e-02,8.797584983999999775e-01,-2.191551086000000093e-02,-2.351396471000000155e-02
3.135187799999999969e-02,8.788881484999999660e-01,-2.385631536999999885e-02,-2.360437426999999894e-02
3.159994399999999787e-02,8.781856233999999484e-01,-2.585568280999999899e-02,-2.360267455000000097e-02
3.184826799999999902e-02,8.776495211000000518e-01,-2.794258609999999976e-02,-2.370173406000000010e-02
3.209693500000000005e-02,8.767179749000000299e-01,-2.991079329000000120e-02,-2.371038762999999952e-02
3.234611999999999904e-02,8.757576316999999833e-01,-3.169635837999999761e-02,-2.370257280999999924e-02
3.259599999999999997e-02,8.755528121000000219e-01,-3.357367586999999987e-02,-2.366353029999999913e-02
3.284666499999999711e-02,8.752531122000000163e-01,-3.528095967000000055e-02,-2.363585857000000123e-02
3.309829799999999822e-02,8.750335364000000338e-01,-3.693945663999999990e-02,-2.352984108999999976e-02
3.335081699999999788e-02,8.736424251000000085e-01,-3.832550072000000252e-02,-2.344510713000000010e-02
3.360431900000000055e-02,8.733243801000000195e-01,-3.910772859000000157e-02,-2.340159291000000127e-02
3.385881100000000254e-02,8.721394954000000199e-01,-3.977543228000000181e-02,-2.323670569999999880e-02
3.411421099999999845e-02,8.712556303999999807e-01,-4.010499028000000243e-02,-2.312874050000000153e-02
3.437061699999999914e-02,8.702647596000000485e-01,-4.011700593999999870e-02,-2.305802361999999966e-02
3.462822299999999964e-02,8.696317867999999729e-01,-3.942511568999999827e-02,-2.306053838999999953e-02
3.488481200000000115e-02,8.700678410000000085e-01,-3.822892273999999729e-02,-2.306142665000000119e-02
3.514002799999999677e-02,8.704667922000000058e-01,-3.673609825000000162e-02,-2.301121646000000090e-02
3.539415600000000300e-02,8.707473811000000508e-01,-3.496755818999999765e-02,-2.295155022999999933e-02
3.564747199999999949e-02,8.716809440999999659e-01,-3.285522155000000083e-02,-2.293572199000000131e-02
3.590016099999999988e-02,8.724634680999999725e-01,-3.074025868000000022e-02,-2.289433459999999990e-02
3.615231499999999737e-02,8.727999457999999766e-01,-2.856510950999999882e-02,-2.279017407999999953e-02
3.640402499999999958e-02,8.729589966999999895e-01,-2.645560694999999837e-02,-2.271077104000000096e-02
3.665555699999999834e-02,8.727749175000000248e-01,-2.474685244999999881e-02,-2.258693896000000048e-02
3.690717699999999935e-02,8.729510013000000290e-01,-2.317601681999999913e-02,-2.246236831999999864e-02
3.715924200000000205e-02,8.733194617999999743e-01,-2.180607790000000171e-02,-2.224014875000000085e-02
3.741202300000000258e-02,8.732494494000000440e-01,-2.053772691999999900e-02,-2.195213535999999965e-02
3.766561300000000057e-02,8.729651951000000354e-01,-1.937452807000000082e-02,-2.168266142999999979e-02
3.792010900000000045e-02,8.727446102000000483e-01,-1.872239972999999863e-02,-2.138839685999999879e-02
3.817551799999999856e-02,8.719822821999999585e-01,-1.831750038000000066e-02,-2.101594936000000108e-02
3.843184599999999868e-02,8.709174710000000541e-01,-1.797274324999999923e-02,-2.066640462999999941e-02
3.868919500000000261e-02,8.703482871000000065e-01,-1.761905756999999906e-02,-2.045826702000000039e-02
3.894738400000000156e-02,8.697263749000000432e-01,-1.720205659000000054e-02,-2.025968558999999974e-02
3.920641899999999930e-02,8.692818783000000327e-01,-1.675192299999999843e-02,-2.015742485000000112e-02
3.946630699999999908e-02,8.684703308000000233e-01,-1.679425936999999827e-02,-1.999611973000000112e-02
3.972705399999999776e-02,8.680804534999999600e-01,-1.701853568999999941e-02,-1.989136852000000094e-02
3.998866400000000015e-02,8.682268015999999866e-01,-1.733517659999999835e-02,-1.981503836999999948e-02
4.025114500000000206e-02,8.687096041999999851e-01,-1.787201648999999989e-02,-1.983001808999999838e-02
4.051440500000000333e-02,8.691074636000000186e-01,-1.824559549999999961e-02,-1.981888583000000065e-02
4.077854699999999832e-02,8.696198062000000117e-01,-1.870576826999999914e-02,-1.988017158000000145e-02
4.104347900000000077e-02,8.693226414000000402e-01,-1.923060970999999897e-02,-1.989025583999999916e-02
4.130920500000000162e-02,8.687646906999999530e-01,-1.996868384000000107e-02,-1.976572014999999904e-02
4.157563000000000231e-02,8.686746835999999972e-01,-2.077670388000000049e-02,-1.968185026000000143e-02
4.184265699999999838e-02,8.690716335000000514e-01,-2.190850244999999891e-02,-1.962138423000000034e-02
4.211018899999999926e-02,8.692148711999999611e-01,-2.322364316999999886e-02,-1.959703268999999845e-02
4.237822799999999696e-02,8.693338239000000245e-01,-2.458058509999999988e-02,-1.960333670000000139e-02
4.264575999999999784e-02,8.697612947999999733e-01,-2.602858138999999960e-02,-1.971492207999999899e-02
4.291098499999999871e-02,8.704245344000000051e-01,-2.734777773999999897e-02,-1.987878594999999832e-02
4.317384300000000341e-02,8.712580210999999464e-01,-2.875793621000000133e-02,-2.002582414999999963e-02
4.343447200000000175e-02,8.715694888999999668e-01,-3.018591497000000165e-02,-2.010679175999999929e-02
4.369290900000000200e-02,8.711654164000000033e-01,-3.152622723000000210e-02,-2.021511033999999832e-02
4.394928099999999976e-02,8.705705567999999506e-01,-3.274275799000000292e-02,-2.022197021999999969e-02
4.420371399999999812e-02,8.701358363000000207e-01,-3.380430708999999923e-02,-2.023852083999999954e-02
4.445641599999999860e-02,8.702172686000000379e-01,-3.465301308999999691e-02,-2.033025263000000013e-02
4.470758799999999950e-02,8.693869544000000227e-01,-3.550101938999999929e-02,-2.037118387000000017e-02
4.495742600000000172e-02,8.692825312999999943e-01,-3.643409499999999968e-02,-2.043709462999999948e-02
4.520620599999999878e-02,8.686372571999999570e-01,-3.715476896000000084e-02,-2.050784401000000159e-02
4.545411099999999843e-02,8.680743182000000280e-01,-3.785582593000000329e-02,-2.049418408999999913e-02
4.570149400000000223e-02,8.665650178999999564e-01,-3.800744317000000205e-02,-2.058389390000000055e-02
4.594844299999999854e-02,8.651432274999999450e-01,-3.819027313000000062e-02,-2.064266267999999988e-02
4.619530499999999901e-02,8.633725072000000278e-01,-3.839871584000000004e-02,-2.071031853000000061e-02
4.644225400000000226e-02,8.630698003000000229e-01,-3.844220985999999979e-02,-2.079682345000000154e-02
4.668955100000000275e-02,8.612264463000000037e-01,-3.837014906999999808e-02,-2.089433954999999829e-02
4.693736999999999909e-02,8.607931215999999885e-01,-3.818481158999999930e-02,-2.103867300000000079e-02
4.718580199999999891e-02,8.594056862000000185e-01,-3.808051266000000296e-02,-2.115301136000000137e-02
4.743493800000000288e-02,8.589942888999999582e-01,-3.752351278999999790e-02,-2.146184479000000020e-02
4.768487200000000314e-02,8.577335680000000018e-01,-3.695415819999999657e-02,-2.164852684000000138e-02
4.793560999999999656e-02,8.572194525999999870e-01,-3.632603980000000121e-02,-2.195512168999999916e-02
4.818715600000000182e-02,8.561100488999999758e-01,-3.581891753000000095e-02,-2.226147091999999827e-02
4.843951500000000243e-02,8.549652460000000120e-01,-3.523216268999999901e-02,-2.254407423999999979e-02
4.869269500000000112e-02,8.537118058999999537e-01,-3.458245529000000124e-02,-2.278442073000000109e-02
4.894670000000000271e-02,8.530771101999999884e-01,-3.365263710000000047e-02,-2.308009830000000082e-02
4.920153599999999711e-02,8.522185089999999574e-01,-3.275262770000000184e-02,-2.337011485999999916e-02
4.945711500000000288e-02,8.513518145999999787e-01,-3.168355288000000020e-02,-2.361866455000000142e-02
4.971344199999999658e-02,8.503067506000000497e-01,-3.072852112999999857e-02,-2.384447317999999899e-02
4.997052300000000280e-02,8.492174996000000364e-01,-2.959387822000000140e-02,-2.408405215000000016e-02
5.022835999999999967e-02,8.483005152999999465e-01,-2.840634993999999885e-02,-2.437377117999999995e-02
5.048686499999999883e-02,8.476595984000000472e-01,-2.737538864999999877e-02,-2.465252494000000003e-02
5.074603999999999920e-02,8.470308430999999860e-01,-2.650631795000000027e-02,-2.487511456999999884e-02
5.100579200000000119e-02,8.467341141999999987e-01,-2.559058351000000064e-02,-2.505570672999999846e-02
5.126602799999999821e-02,8.462340912000000381e-01,-2.457949355000000127e-02,-2.521065530999999985e-02
5.152665299999999865e-02,8.456852065000000085e-01,-2.386218773999999876e-02,-2.529608230999999888e-02
5.178766700000000250e-02,8.450272758000000328e-01,-2.322422471000000141e-02,-2.533814139999999993e-02
5.204907200000000178e-02,8.438034853000000446e-01,-2.238239586999999850e-02,-2.537514755999999844e-02
5.231077099999999896e-02,8.427710712999999521e-01,-2.156950050999999896e-02,-2.538450546999999891e-02
5.257276400000000099e-02,8.419210013000000270e-01,-2.076796980999999834e-02,-2.539753990999999919e-02
5.283505399999999935e-02,8.416256476000000264e-01,-1.998376212999999901e-02,-2.541558647999999851e-02
5.309753999999999863e-02,8.414151211999999491e-01,-1.906170390000000089e-02,-2.546229167000000140e-02
5.336022499999999724e-02,8.411770373000000411e-01,-1.803875762999999910e-02,-2.547860614999999940e-02
5.362300899999999926e-02,8.406861263999999556e-01,-1.700231169000000070e-02,-2.552338306999999903e-02
5.388589199999999774e-02,8.408382278999999571e-01,-1.594115498000000034e-02,-2.556981420999999977e-02
5.414867599999999975e-02,8.409464660000000036e-01,-1.477871449999999982e-02,-2.558098200999999947e-02
5.441096399999999916e-02,8.411037697000000035e-01,-1.362104949999999939e-02,-2.558821265000000081e-02
5.467275900000000133e-02,8.409333311000000144e-01,-1.243051228000000008e-02,-2.557377809999999974e-02
5.493416000000000271e-02,8.406913003999999523e-01,-1.104295375000000079e-02,-2.556206895999999992e-02
5.519526699999999925e-02,8.399302739999999767e-01,-1.002905630999999936e-02,-2.541280219000000007e-02
5.545607899999999840e-02,8.384210036999999449e-01,-8.929720177000000092e-03,-2.517803194999999883e-02
5.571669600000000305e-02,8.368770466999999602e-01,-7.899297599000000211e-03,-2.498485460999999921e-02
5.597692199999999840e-02,8.358115793000000515e-01,-6.668988209999999854e-03,-2.485470262999999944e-02
5.623646699999999832e-02,8.351017092000000419e-01,-5.289486547999999906e-03,-2.476886569999999996e-02
5.649533400000000122e-02,8.346633284000000153e-01,-4.044500963000000407e-03,-2.467252118000000036e-02
5.675343000000000054e-02,8.340636292999999979e-01,-2.742384280999999799e-03,-2.462698287000000125e-02
5.701066500000000203e-02,8.342735969000000251e-01,-1.468259057999999955e-03,-2.460616565000000103e-02
5.726713800000000215e-02,8.344446857999999745e-01,-5.973824130000000105e-04,-2.452687884999999943e-02
5.752294699999999789e-02,8.346951643000000143e-01,1.959279490999999904e-04,-2.437539256000000043e-02
5.777819099999999958e-02,8.350121468000000213e-01,5.112427589999999711e-04,-2.418498535000000033e-02
5.803287199999999924e-02,8.348356998000000528e-01,7.245200731999999711e-04,-2.397777322000000169e-02
5.828708500000000237e-02,8.341848641000000342e-01,4.707394029999999825e-04,-2.368878844000000053e-02
5.854083100000000150e-02,8.336814987999999760e-01,-2.828202471999999778e-04,-2.340926026999999923e-02
5.879411300000000201e-02,8.337489635999999482e-01,-1.215650072999999902e-03,-2.313275482000000036e-02
5.904693099999999695e-02,8.345627624000000466e-01,-2.450857928000000057e-03,-2.291070062999999921e-02
5.929938099999999823e-02,8.350314915000000004e-01,-3.908790605000000279e-03,-2.264735122000000045e-02
5.955146099999999998e-02,8.361576009000000198e-01,-5.340782912999999903e-03,-2.244287936999999830e-02
5.980317400000000061e-02,8.375816282000000390e-01,-7.172885872999999919e-03,-2.218257976999999867e-02
6.005470300000000095e-02,8.381968723999999593e-01,-9.424485078000000363e-03,-2.178863254999999916e-02
6.030604999999999993e-02,8.385994221000000470e-01,-1.143914614999999926e-02,-2.146577846000000123e-02
6.055721299999999863e-02,8.389388009999999563e-01,-1.352676555000000003e-02,-2.106294153000000044e-02
6.080828399999999717e-02,8.399147170999999856e-01,-1.579277977000000110e-02,-2.069713181000000166e-02
6.105953900000000295e-02,8.414128658999999733e-01,-1.812304260000000000e-02,-2.030091160999999977e-02
6.131106900000000276e-02,8.426047752999999974e-01,-2.043229226999999926e-02,-1.988586651999999996e-02
6.156315100000000345e-02,8.436576046000000551e-01,-2.256068597999999828e-02,-1.951289045000000055e-02
6.181578900000000293e-02,8.447109189999999490e-01,-2.506559968999999902e-02,-1.909452768000000078e-02
6.206907700000000028e-02,8.450711118000000521e-01,-2.769807078000000033e-02,-1.865451036000000118e-02
6.232301999999999981e-02,8.450385951000000118e-01,-3.005942607999999988e-02,-1.826479513000000068e-02
6.257762099999999994e-02,8.451612250000000159e-01,-3.257028723000000153e-02,-1.787544177000000012e-02
6.283288300000000604e-02,8.447376956000000048e-01,-3.503300579000000192e-02,-1.750141477000000112e-02
6.308890699999999963e-02,8.437449013000000164e-01,-3.755716796999999940e-02,-1.719567611999999954e-02
6.334579199999999799e-02,8.428615578000000497e-01,-4.018539583999999887e-02,-1.692670328000000016e-02
6.360373900000000635e-02,8.416494318999999669e-01,-4.243899023000000104e-02,-1.664484256000000120e-02
6.386265900000000217e-02,8.413941297000000485e-01,-4.492998514999999721e-02,-1.644101759999999982e-02
6.412255899999999564e-02,8.404780928999999734e-01,-4.763137689000000036e-02,-1.617727925999999997e-02
6.438344799999999590e-02,8.395302087999999552e-01,-5.006278016000000053e-02,-1.596133703999999889e-02
6.464523399999999587e-02,8.381585436999999805e-01,-5.216897562000000210e-02,-1.574048876000000083e-02
6.490782200000000390e-02,8.364419355000000111e-01,-5.429993716999999970e-02,-1.550224384000000073e-02
6.517121700000000351e-02,8.351724006999999839e-01,-5.617110181999999952e-02,-1.525281386999999961e-02
6.543542600000000486e-02,8.347292581999999905e-01,-5.776314297000000042e-02,-1.510662439999999919e-02
6.570035000000000458e-02,8.340825765999999586e-01,-5.899877173000000335e-02,-1.495967934999999950e-02
6.596609800000000079e-02,8.334873483000000416e-01,-6.019756256000000083e-02,-1.481366047000000005e-02
6.623267400000000527e-02,8.326244578000000507e-01,-6.093096884000000213e-02,-1.466046233000000039e-02
6.650008400000000097e-02,8.320336312999999651e-01,-6.130157149999999888e-02,-1.459545079000000058e-02
6.676833299999999916e-02,8.312017459999999636e-01,-6.103981942000000216e-02,-1.462481598999999972e-02
6.703742799999999613e-02,8.305974428000000298e-01,-6.034000728000000341e-02,-1.474861966000000010e-02
6.730737400000000314e-02,8.293265816999999540e-01,-5.958280126999999926e-02,-1.486694591000000017e-02
6.757806900000000450e-02,8.275804365000000162e-01,-5.882418418000000260e-02,-1.505500939999999954e-02
6.784962599999999622e-02,8.263278896000000318e-01,-5.798382243999999908e-02,-1.528750056000000024e-02
6.812205000000000343e-02,8.252977740000000395e-01,-5.690530008999999945e-02,-1.554034915999999954e-02
6.839534799999999470e-02,8.232286597000000317e-01,-5.570137034000000043e-02,-1.565427091000000034e-02
6.866941499999999754e-02,8.214979451999999682e-01,-5.453463771000000015e-02,-1.575951966999999954e-02
6.894414499999999835e-02,8.200484650999999570e-01,-5.318387755000000133e-02,-1.584317567000000093e-02
6.921942999999999846e-02,8.183965671999999802e-01,-5.199729495000000173e-02,-1.581759111999999842e-02
6.949505000000000265e-02,8.170961171999999717e-01,-5.083536371999999859e-02,-1.579607035000000007e-02
6.977100499999999705e-02,8.154069420999999762e-01,-4.958839144999999810e-02,-1.571218946000000130e-02
7.004707200000000189e-02,8.145738225999999971e-01,-4.859272134999999965e-02,-1.562424167000000044e-02
7.032325100000000329e-02,8.143748419999999877e-01,-4.762103556999999765e-02,-1.560249390999999923e-02
7.059954200000000124e-02,8.144025630000000238e-01,-4.687889192999999954e-02,-1.555815177999999958e-02
7.087605800000000567e-02,8.142888725000000383e-01,-4.641891281999999813e-02,-1.550352234000000086e-02
7.115280000000000216e-02,8.144546303999999903e-01,-4.584833536999999987e-02,-1.551351427999999970e-02
7.142988000000000115e-02,8.146699120000000516e-01,-4.542252420000000152e-02,-1.549005258999999919e-02
7.170741399999999710e-02,8.150719195000000195e-01,-4.504078949999999748e-02,-1.547676652000000083e-02
7.198551699999999887e-02,8.155397090999999543e-01,-4.497189640999999655e-02,-1.543926146999999999e-02
7.226419100000000539e-02,8.162954100000000546e-01,-4.495746252999999887e-02,-1.546387414000000016e-02
7.254367000000000454e-02,8.165226590999999923e-01,-4.481982134000000312e-02,-1.547459684999999939e-02
7.282395799999999420e-02,8.170720363000000264e-01,-4.441197345999999685e-02,-1.551063482000000077e-02
7.310517699999999341e-02,8.187804168000000216e-01,-4.382148050999999656e-02,-1.563932025000000156e-02
7.338745200000000579e-02,8.204128161000000530e-01,-4.315411804000000157e-02,-1.577544047999999977e-02
7.367090900000000664e-02,8.223089001000000176e-01,-4.220959182000000309e-02,-1.593831608000000066e-02
7.395556000000000352e-02,8.250451917000000135e-01,-4.136681166000000243e-02,-1.616980179000000045e-02
7.424141300000000609e-02,8.266915100999999710e-01,-4.057371876000000210e-02,-1.629971684999999976e-02
7.452848199999999312e-02,8.286909845000000052e-01,-3.968580233999999957e-02,-1.646195061999999876e-02
7.481665199999999738e-02,8.298108016999999892e-01,-3.904229110000000114e-02,-1.655828255999999832e-02
7.510605800000000332e-02,8.299582945000000267e-01,-3.854117367999999877e-02,-1.656578151999999957e-02
7.539645999999999848e-02,8.293959958000000077e-01,-3.806879123999999670e-02,-1.649129624999999891e-02
7.568723700000000443e-02,8.296638626000000238e-01,-3.801524643999999731e-02,-1.639681685999999985e-02
7.597813999999999957e-02,8.302614624999999915e-01,-3.806677933000000152e-02,-1.626553395000000096e-02
7.626916799999999830e-02,8.304646306999999839e-01,-3.786769814999999678e-02,-1.612006956999999935e-02
7.656044800000000317e-02,8.306539994999999621e-01,-3.774443000000000242e-02,-1.600201052999999929e-02
7.685185399999999722e-02,8.315850529999999630e-01,-3.820423833000000102e-02,-1.588374752999999889e-02
7.714338699999999382e-02,8.320326758999999628e-01,-3.839154821000000106e-02,-1.582295221000000127e-02
7.743504599999999349e-02,8.331544204999999925e-01,-3.853980694999999818e-02,-1.585227788999999873e-02
7.772670399999999369e-02,8.335534109000000136e-01,-3.816647137999999717e-02,-1.590462240999999943e-02
7.801848899999999642e-02,8.343353044000000329e-01,-3.791912412000000149e-02,-1.599699348999999993e-02
7.831014799999999609e-02,8.344212023000000533e-01,-3.769846547999999853e-02,-1.607698437999999924e-02
7.860180699999999576e-02,8.346626558999999945e-01,-3.754995835000000254e-02,-1.609049117999999945e-02
7.889333900000000677e-02,8.354470822999999768e-01,-3.728259693000000180e-02,-1.628286514999999907e-02
7.918461799999999828e-02,8.362397587000000021e-01,-3.721144704999999886e-02,-1.645448759000000052e-02
7.947564399999999807e-02,8.357821062000000412e-01,-3.703477280999999816e-02,-1.663073061000000172e-02
7.976616599999999946e-02,8.353582355999999987e-01,-3.681665556000000145e-02,-1.688955694999999882e-02
8.005518400000000145e-02,8.341463899000000071e-01,-3.656671502000000129e-02,-1.710714941000000128e-02
8.034246800000000022e-02,8.329066648999999822e-01,-3.646491179999999943e-02,-1.735874327000000092e-02
8.062791399999999498e-02,8.307571901000000425e-01,-3.671475375000000235e-02,-1.751287325000000158e-02
8.091118599999999605e-02,8.278119348000000377e-01,-3.679589988999999728e-02,-1.765074365000000173e-02
8.119219799999999321e-02,8.245042582999999592e-01,-3.680915524000000216e-02,-1.777883130999999978e-02
8.147086800000000184e-02,8.217574564999999831e-01,-3.650389270999999936e-02,-1.794240001999999889e-02
8.174700499999999759e-02,8.196086339999999471e-01,-3.612871742999999858e-02,-1.812978943000000120e-02
8.202054300000000131e-02,8.176580588999999843e-01,-3.552682129999999716e-02,-1.832395880000000157e-02
8.229152900000000215e-02,8.163278054999999478e-01,-3.438892232000000104e-02,-1.857409833000000024e-02
8.255990000000000550e-02,8.158803555000000429e-01,-3.289576822999999706e-02,-1.884755734000000127e-02
8.282581299999999813e-02,8.157379406000000444e-01,-3.138068075000000068e-02,-1.905387310000000028e-02
8.308920599999999879e-02,8.154300802999999709e-01,-2.962746970999999979e-02,-1.919933332999999853e-02
8.335002299999999531e-02,8.150258884000000092e-01,-2.790460139999999950e-02,-1.926547782000000153e-02
8.360831500000000249e-02,8.153065793999999533e-01,-2.605380528000000168e-02,-1.935729510000000139e-02
8.386412699999999665e-02,8.154278569999999782e-01,-2.438390815999999864e-02,-1.942055571999999966e-02
8.411741100000000304e-02,8.155335327999999606e-01,-2.265370266000000035e-02,-1.951238947999999959e-02
8.436821399999999693e-02,8.163433145999999807e-01,-2.092934148999999952e-02,-1.960817876000000085e-02
8.461658399999999469e-02,8.174289603000000071e-01,-1.924451387000000041e-02,-1.976596133999999894e-02
8.486247600000000613e-02,8.185587099000000144e-01,-1.775244772000000165e-02,-1.990984809000000133e-02
8.510602700000000076e-02,8.197384439999999550e-01,-1.670351306000000119e-02,-1.995307564999999894e-02
8.534736800000000678e-02,8.213919004999999940e-01,-1.587509943999999840e-02,-2.000813197999999973e-02
8.558670999999999640e-02,8.235750706000000143e-01,-1.514322874999999950e-02,-2.014835184999999931e-02
8.582408499999999441e-02,8.255799340999999680e-01,-1.445052921000000018e-02,-2.032185090000000055e-02
8.605977600000000449e-02,8.272299883999999492e-01,-1.417447779999999984e-02,-2.044388852000000173e-02
8.629380500000000120e-02,8.290212447000000484e-01,-1.384287206999999971e-02,-2.063700023000000078e-02
8.652635699999999819e-02,8.306482804999999470e-01,-1.388267762999999960e-02,-2.079937219999999920e-02
8.675769399999999631e-02,8.325893219000000123e-01,-1.404628949000000064e-02,-2.103744667999999859e-02
8.698814700000000177e-02,8.343556949999999528e-01,-1.431325104000000063e-02,-2.126196325000000165e-02
8.721803999999999668e-02,8.360522118000000003e-01,-1.431562297999999962e-02,-2.150509488999999969e-02
8.744777400000000589e-02,8.377763773999999941e-01,-1.462941235999999992e-02,-2.176603807000000029e-02
8.767766700000000080e-02,8.389369215999999962e-01,-1.500228517000000081e-02,-2.189794437999999926e-02
8.790804000000000673e-02,8.399698692000000522e-01,-1.593020616000000167e-02,-2.206855800999999936e-02
8.813905599999999341e-02,8.408267171000000095e-01,-1.700405300000000161e-02,-2.221780706000000064e-02
8.837088099999999835e-02,8.416043571000000334e-01,-1.825956888000000028e-02,-2.228956190000000101e-02
8.860368500000000147e-02,8.419816182999999565e-01,-1.957046277000000153e-02,-2.239339408000000017e-02
8.883772500000000627e-02,8.420526592000000532e-01,-2.096267015999999858e-02,-2.250555293999999956e-02
8.907334899999999611e-02,8.412328749999999911e-01,-2.246557600999999835e-02,-2.253873529000000042e-02
8.931092200000000092e-02,8.400616830999999562e-01,-2.403004208999999849e-02,-2.248696480999999928e-02
8.955082300000000162e-02,8.387673343999999531e-01,-2.609742321999999892e-02,-2.230764178999999903e-02
8.979336799999999841e-02,8.371813795000000447e-01,-2.828874131000000056e-02,-2.213340794999999958e-02
9.003870699999999561e-02,8.365542728000000539e-01,-3.044593561999999962e-02,-2.203715960000000168e-02
9.028699900000000667e-02,8.348347055000000516e-01,-3.234675659999999842e-02,-2.184288166000000059e-02
9.053831900000000599e-02,8.328609321000000065e-01,-3.387077558999999904e-02,-2.165618392999999961e-02
9.079264200000000673e-02,8.317500078999999769e-01,-3.505160192000000147e-02,-2.154441832000000140e-02
9.104984400000000477e-02,8.313120910000000308e-01,-3.620858751000000098e-02,-2.142437780999999902e-02
9.130998999999999366e-02,8.304221001999999574e-01,-3.703543046999999838e-02,-2.128158538999999974e-02
9.157294000000000544e-02,8.287803174000000217e-01,-3.780605473999999744e-02,-2.106805163999999828e-02
9.183864899999999443e-02,8.277799246999999472e-01,-3.805994165999999901e-02,-2.094285421000000036e-02
9.210532700000000073e-02,8.275930883000000016e-01,-3.798667200999999993e-02,-2.079535505999999950e-02
9.237287299999999424e-02,8.266921286999999730e-01,-3.774475075000000013e-02,-2.066384493999999863e-02
9.264129200000000008e-02,8.251986082000000167e-01,-3.716513147000000128e-02,-2.060854201999999871e-02
9.291070099999999832e-02,8.241295305000000404e-01,-3.605465935999999788e-02,-2.057835052000000012e-02
9.318110799999999860e-02,8.230190147999999484e-01,-3.484789048999999833e-02,-2.056344494999999897e-02
9.345240900000000017e-02,8.219172509000000071e-01,-3.332217317999999762e-02,-2.063423882000000112e-02
9.372472299999999590e-02,8.210022257000000323e-01,-3.165539844999999686e-02,-2.074449424999999861e-02
9.399805699999999598e-02,8.200555913000000530e-01,-2.969808796000000112e-02,-2.082932143999999958e-02
9.427230500000000069e-02,8.202367192999999723e-01,-2.757859441000000064e-02,-2.093634703000000000e-02
9.454758900000000132e-02,8.214058862999999988e-01,-2.555225792999999898e-02,-2.114052574999999989e-02
9.482380199999999870e-02,8.225724783000000206e-01,-2.356582801999999865e-02,-2.143104666000000130e-02
9.510106699999999746e-02,8.231540699999999600e-01,-2.172514525999999849e-02,-2.175032340000000036e-02
9.537915499999999325e-02,8.236718049000000264e-01,-2.019858613999999872e-02,-2.210202361000000032e-02
9.565795500000000284e-02,8.232483419999999663e-01,-1.877525894000000098e-02,-2.234271507999999878e-02
9.593746899999999744e-02,8.228477718000000163e-01,-1.776400885999999957e-02,-2.255241276999999864e-02
9.621758099999999647e-02,8.223747956000000414e-01,-1.685604616999999972e-02,-2.276296017999999977e-02
9.649805399999999977e-02,8.218840844000000478e-01,-1.632625505999999935e-02,-2.295404168999999953e-02
9.677876800000000113e-02,8.216894399999999932e-01,-1.649312069999999894e-02,-2.316511186000000042e-02
9.705960199999999483e-02,8.215512855000000059e-01,-1.672709111000000165e-02,-2.333886060000000054e-02
9.734043700000000188e-02,8.208283069999999793e-01,-1.705299482000000033e-02,-2.340704994000000067e-02
9.762127199999999505e-02,8.195844968000000064e-01,-1.782945801000000025e-02,-2.338101772999999842e-02
9.790186500000000458e-02,8.189912584999999856e-01,-1.860984866000000085e-02,-2.343635357999999946e-02
9.818221600000000271e-02,8.184504445000000405e-01,-1.953492480999999975e-02,-2.349410483000000105e-02
9.846232700000000226e-02,8.171110175000000364e-01,-2.078558113000000124e-02,-2.350122815000000101e-02
9.874219700000000377e-02,8.152251784999999806e-01,-2.235031565000000081e-02,-2.348393294000000048e-02
9.902182700000000670e-02,8.134880763999999820e-01,-2.368620041000000023e-02,-2.343974704000000020e-02
9.930121699999999718e-02,8.120981433999999721e-01,-2.485123793999999969e-02,-2.332900166999999844e-02
9.958048699999999531e-02,8.115929105000000421e-01,-2.588669957999999854e-02,-2.339636106999999979e-02
9.985963700000000109e-02,8.107310865000000311e-01,-2.670824605999999948e-02,-2.344752585999999861e-02
1.001387900000000053e-01,8.098101567000000056e-01,-2.764463266999999877e-02,-2.347002377000000084e-02
1.004179399999999972e-01,8.098905668000000446e-01,-2.873448724999999940e-02,-2.358667769999999927e-02
1.006972099999999953e-01,8.098701130000000026e-01,-2.995276113000000170e-02,-2.367766526000000121e-02
1.009765999999999997e-01,8.101307329000000390e-01,-3.122281112999999997e-02,-2.379814540999999894e-02
1.012562300000000026e-01,8.107958885999999588e-01,-3.233457903999999855e-02,-2.395177209000000015e-02
1.015361000000000041e-01,8.108470719000000493e-01,-3.362401294000000318e-02,-2.399100804000000101e-02
1.018162100000000042e-01,8.110190147000000405e-01,-3.475678268000000071e-02,-2.399559974999999901e-02
1.020965699999999976e-01,8.115299005999999649e-01,-3.565676051000000318e-02,-2.391144359000000122e-02
1.023772899999999958e-01,8.120324673000000049e-01,-3.647544977000000133e-02,-2.381211424000000132e-02
1.026584999999999998e-01,8.125340339000000078e-01,-3.709147363000000336e-02,-2.363804102000000018e-02
1.029401999999999956e-01,8.128118414999999652e-01,-3.763678262999999719e-02,-2.338794988000000158e-02
1.032222599999999962e-01,8.126524884000000393e-01,-3.824482494999999899e-02,-2.303986703000000108e-02
1.035048199999999974e-01,8.127542609000000251e-01,-3.882269564000000173e-02,-2.269553990999999965e-02
1.037877499999999981e-01,8.133138974000000410e-01,-3.942067211999999987e-02,-2.238274599000000115e-02
1.040673800000000010e-01,8.140019849999999835e-01,-3.997691568000000251e-02,-2.199725874000000095e-02
1.043436499999999961e-01,8.136696315000000457e-01,-4.040921733999999765e-02,-2.154859438999999835e-02
1.046165399999999940e-01,8.141452836000000470e-01,-4.086181440000000165e-02,-2.117695713000000007e-02
1.048861299999999941e-01,8.141993238000000410e-01,-4.126382239999999701e-02,-2.082032828000000141e-02
1.051525900000000041e-01,8.138339266999999877e-01,-4.165508026999999863e-02,-2.040454981999999945e-02
1.054159000000000068e-01,8.142351356000000484e-01,-4.202358779999999794e-02,-2.000117212000000061e-02
1.056762400000000046e-01,8.147062146000000338e-01,-4.220713051999999688e-02,-1.961041244999999975e-02
1.059338600000000047e-01,8.152154801000000006e-01,-4.227558984000000242e-02,-1.926575197000000156e-02
1.061888400000000066e-01,8.156473346999999485e-01,-4.240556647000000290e-02,-1.891815738999999899e-02
1.064415100000000031e-01,8.164199019000000224e-01,-4.257097255000000247e-02,-1.864198569999999874e-02
1.066920199999999985e-01,8.165751440999999833e-01,-4.260568228000000124e-02,-1.841592267999999852e-02
1.069406900000000049e-01,8.169752443000000142e-01,-4.268381529000000313e-02,-1.821856901000000126e-02
1.071876400000000007e-01,8.159832676999999590e-01,-4.286346712999999919e-02,-1.795306269000000038e-02
1.074331699999999945e-01,8.143463742000000005e-01,-4.290562394999999918e-02,-1.765409412999999900e-02
1.076775900000000036e-01,8.130539218000000234e-01,-4.285021845999999884e-02,-1.744893683999999834e-02
1.079210800000000026e-01,8.120237702999999474e-01,-4.304430493999999996e-02,-1.724474275000000001e-02
1.081639199999999967e-01,8.109494001999999480e-01,-4.321698930000000133e-02,-1.706991861999999915e-02
1.084063100000000057e-01,8.095853615000000447e-01,-4.371535858000000219e-02,-1.685693956999999993e-02
1.086485100000000037e-01,8.079503617000000082e-01,-4.423491269000000281e-02,-1.663260206999999866e-02
1.088906199999999935e-01,8.064803758999999905e-01,-4.501979827000000128e-02,-1.639831104999999942e-02
1.091328200000000054e-01,8.055711733000000541e-01,-4.521438978000000275e-02,-1.628656694000000030e-02
1.093752100000000005e-01,8.046004934999999580e-01,-4.530387305999999947e-02,-1.617931491999999999e-02
1.096180499999999947e-01,8.034107158000000082e-01,-4.538339787000000153e-02,-1.608474329999999911e-02
1.098616399999999965e-01,8.025115183000000041e-01,-4.550138625999999853e-02,-1.598063577000000124e-02
1.101062399999999941e-01,8.020603896000000343e-01,-4.526923584999999889e-02,-1.599020781000000044e-02
1.103522599999999937e-01,8.023200255000000336e-01,-4.513080502999999855e-02,-1.607284443000000021e-02
1.106000000000000039e-01,8.030872354000000435e-01,-4.479279635999999787e-02,-1.621682232000000098e-02
1.108495699999999945e-01,8.042449803000000230e-01,-4.452150577999999803e-02,-1.640847169999999980e-02
1.111010999999999943e-01,8.057845328999999612e-01,-4.406539412999999766e-02,-1.661458580000000143e-02
1.113547299999999990e-01,8.079135848999999814e-01,-4.346169818000000101e-02,-1.684779042000000143e-02
1.116105000000000014e-01,8.108414926000000467e-01,-4.295433374999999693e-02,-1.701899822000000131e-02
1.118685400000000024e-01,8.135434927000000371e-01,-4.274137629000000077e-02,-1.715503292000000041e-02
1.121288899999999950e-01,8.165751257000000152e-01,-4.242651870999999963e-02,-1.734617826999999834e-02
1.123916100000000029e-01,8.202987776000000286e-01,-4.221264636000000153e-02,-1.752777143999999926e-02
1.126566199999999990e-01,8.232800741000000366e-01,-4.192475608000000020e-02,-1.768317016000000089e-02
1.129239600000000038e-01,8.264929254999999753e-01,-4.172800881000000156e-02,-1.783122963000000061e-02
1.131931099999999996e-01,8.292250226999999807e-01,-4.156976217999999723e-02,-1.793920058999999914e-02
1.134612400000000049e-01,8.325727498999999643e-01,-4.186146017999999719e-02,-1.800638225000000120e-02
1.137283500000000058e-01,8.352108343999999907e-01,-4.189869511000000185e-02,-1.808198386999999852e-02
1.139944600000000058e-01,8.370956179999999858e-01,-4.222849517999999885e-02,-1.812792698000000036e-02
1.142595799999999995e-01,8.386588463999999910e-01,-4.256766363000000220e-02,-1.815752778999999914e-02
1.145238100000000037e-01,8.404061336999999465e-01,-4.286449282000000249e-02,-1.818517719999999949e-02
1.147871599999999992e-01,8.415245836000000423e-01,-4.334513312999999785e-02,-1.814687683999999940e-02
1.150496500000000033e-01,8.430612655000000455e-01,-4.395575047999999985e-02,-1.817616275999999961e-02
1.153112699999999935e-01,8.440082810000000269e-01,-4.385108730000000093e-02,-1.822536786999999839e-02
1.155721299999999951e-01,8.454015174000000243e-01,-4.419406535999999969e-02,-1.822654787999999915e-02
1.158321499999999948e-01,8.464139545000000098e-01,-4.404915184000000178e-02,-1.825780265999999916e-02
1.160914100000000060e-01,8.472943614000000290e-01,-4.400804943000000136e-02,-1.825357018999999859e-02
1.163500499999999965e-01,8.473989371000000270e-01,-4.423014791000000334e-02,-1.817175813000000001e-02
1.166082600000000052e-01,8.467433525999999988e-01,-4.478327874000000153e-02,-1.803768311999999832e-02
1.168662599999999996e-01,8.456815163999999996e-01,-4.488644970999999817e-02,-1.791386739000000103e-02
1.171242599999999939e-01,8.451750464999999712e-01,-4.482658045000000036e-02,-1.782914576999999889e-02
1.173824700000000026e-01,8.443199170999999836e-01,-4.488851567999999764e-02,-1.766491028999999865e-02
1.176408899999999980e-01,8.434407891999999851e-01,-4.551249539999999844e-02,-1.740645505999999926e-02
1.178995199999999938e-01,8.421844184000000233e-01,-4.613409479999999729e-02,-1.708090333999999835e-02
1.181584799999999963e-01,8.403745119000000097e-01,-4.662429492000000342e-02,-1.677710510999999918e-02
1.184178500000000051e-01,8.387441210999999619e-01,-4.667554345000000243e-02,-1.658317567999999936e-02
1.186778700000000047e-01,8.370896528000000281e-01,-4.700431184000000012e-02,-1.644407976000000077e-02
1.189388499999999987e-01,8.341815741000000450e-01,-4.713620762000000214e-02,-1.618768842999999957e-02
1.192008100000000043e-01,8.307823443999999835e-01,-4.707929645000000218e-02,-1.583143792000000008e-02
1.194637600000000022e-01,8.273810442000000265e-01,-4.676167109999999905e-02,-1.549751962999999962e-02
1.197277999999999953e-01,8.248361603999999625e-01,-4.644094794999999859e-02,-1.525405682999999950e-02
1.199928400000000034e-01,8.238933569999999929e-01,-4.583168574999999662e-02,-1.515339985999999972e-02
1.202590099999999995e-01,8.231293519000000281e-01,-4.488094727999999978e-02,-1.516153416999999927e-02
1.205261900000000053e-01,8.220665756999999685e-01,-4.389476196000000052e-02,-1.514971013999999970e-02
1.207943900000000015e-01,8.207434207999999565e-01,-4.278474904000000023e-02,-1.519565265999999956e-02
1.210635099999999992e-01,8.203295014999999468e-01,-4.185806690999999830e-02,-1.527686254000000000e-02
1.213334400000000007e-01,8.190938344999999510e-01,-4.100477671999999685e-02,-1.537597700999999983e-02
1.216041800000000062e-01,8.182103857000000424e-01,-3.991269447000000276e-02,-1.556158363000000044e-02
1.218757500000000049e-01,8.167531285000000363e-01,-3.841762197999999684e-02,-1.584355548000000030e-02
1.221480199999999960e-01,8.165922263999999542e-01,-3.711102880000000104e-02,-1.614903420999999964e-02
1.224209899999999934e-01,8.161770957999999743e-01,-3.591808716000000068e-02,-1.651665383999999931e-02
1.226946899999999951e-01,8.174407264999999922e-01,-3.468149775999999906e-02,-1.698222415999999999e-02
1.229689800000000055e-01,8.183411279000000205e-01,-3.342681002000000290e-02,-1.745012828000000113e-02
1.232437499999999991e-01,8.194337104000000149e-01,-3.213803887000000331e-02,-1.797085912999999910e-02
1.235191300000000048e-01,8.214595045000000484e-01,-3.124126131000000070e-02,-1.853407412000000060e-02
1.237949899999999936e-01,8.241360881999999499e-01,-3.042377388000000113e-02,-1.919589705000000063e-02
1.240714599999999945e-01,8.264456283000000125e-01,-2.928738068999999986e-02,-1.993736445000000163e-02
1.243485399999999935e-01,8.282456360000000073e-01,-2.763484198999999891e-02,-2.075344005999999950e-02
1.246262399999999992e-01,8.302131943999999653e-01,-2.626359824000000162e-02,-2.154591246000000029e-02
1.249045500000000031e-01,8.325090160000000461e-01,-2.524502152000000083e-02,-2.230711588999999967e-02
1.251834900000000084e-01,8.347962254999999887e-01,-2.433642804000000007e-02,-2.304249338999999827e-02
1.254606900000000136e-01,8.365877006999999921e-01,-2.369189921999999976e-02,-2.366592227000000048e-02
1.257354599999999933e-01,8.394029686999999740e-01,-2.307927888999999899e-02,-2.444721736999999964e-02
1.260078199999999926e-01,8.404063117000000194e-01,-2.237646194000000172e-02,-2.507117891999999931e-02
1.262779499999999999e-01,8.404728129999999853e-01,-2.145808119999999958e-02,-2.565328894999999859e-02
1.265459899999999971e-01,8.410960640000000321e-01,-2.032454314999999900e-02,-2.625006778000000054e-02
1.268121899999999913e-01,8.415965471999999892e-01,-1.945038585000000153e-02,-2.680102566000000172e-02
1.270766999999999869e-01,8.420071607000000347e-01,-1.854283019000000157e-02,-2.736442018999999878e-02
1.273396499999999987e-01,8.426005439999999513e-01,-1.770004878000000156e-02,-2.788980686999999875e-02
1.276013799999999865e-01,8.433165492999999957e-01,-1.694511770999999889e-02,-2.836486313999999828e-02
1.278622399999999881e-01,8.438849991000000328e-01,-1.686493921999999979e-02,-2.865365371999999827e-02
1.281223300000000065e-01,8.446392738000000344e-01,-1.667350545000000073e-02,-2.891409186999999853e-02
1.283819900000000014e-01,8.443711979000000367e-01,-1.625724274000000039e-02,-2.912869291000000013e-02
1.286415300000000039e-01,8.439352037999999778e-01,-1.569216718999999829e-02,-2.928028709999999993e-02
1.289010800000000012e-01,8.436760373999999674e-01,-1.539328136000000027e-02,-2.938897043000000125e-02
1.291609599999999913e-01,8.432120786000000257e-01,-1.468002541999999938e-02,-2.954144224000000013e-02
1.294212700000000049e-01,8.428865083000000036e-01,-1.424347152000000026e-02,-2.966909568000000025e-02
1.296822300000000094e-01,8.416325516999999534e-01,-1.385970983999999968e-02,-2.971180839000000032e-02
1.299440799999999896e-01,8.400611386999999874e-01,-1.338027315999999918e-02,-2.974327233000000070e-02
1.302068200000000009e-01,8.384671278999999977e-01,-1.287097390999999980e-02,-2.979447110000000079e-02
1.304706700000000108e-01,8.373385956000000130e-01,-1.257892837000000076e-02,-2.979962342000000083e-02
1.307357700000000011e-01,8.356526981999999881e-01,-1.235630769000000025e-02,-2.978316225999999914e-02
1.310021199999999997e-01,8.340992811999999867e-01,-1.216324564000000052e-02,-2.978416617999999835e-02
1.312698499999999935e-01,8.332440087000000384e-01,-1.190493351999999914e-02,-2.983799185999999951e-02
1.315390999999999921e-01,8.320872334000000148e-01,-1.179129351999999922e-02,-2.983541693000000064e-02
1.318098799999999904e-01,8.306251819000000092e-01,-1.190674193000000082e-02,-2.985606137999999993e-02
1.320823299999999978e-01,8.294425578999999882e-01,-1.210473278999999944e-02,-2.984172553000000172e-02
1.323563500000000115e-01,8.281801718000000312e-01,-1.202499633999999998e-02,-2.989397129000000153e-02
1.326320800000000133e-01,8.267766047000000285e-01,-1.171639629999999925e-02,-3.002590450999999966e-02
1.329094299999999951e-01,8.254307585000000280e-01,-1.168576789000000046e-02,-3.013169062999999925e-02
1.331885299999999994e-01,8.246536088999999459e-01,-1.160035096999999932e-02,-3.034084235999999837e-02
1.334680099999999980e-01,8.240222473999999631e-01,-1.135451462000000057e-02,-3.055650400999999905e-02
1.337473600000000096e-01,8.238439231999999945e-01,-1.165924739000000036e-02,-3.075621397999999881e-02
1.340267099999999934e-01,8.237523535999999869e-01,-1.264171273000000081e-02,-3.088422936000000119e-02
1.343060600000000049e-01,8.232734868000000095e-01,-1.394138605000000072e-02,-3.096393630000000147e-02
1.345855400000000035e-01,8.231001717999999467e-01,-1.509247797000000044e-02,-3.102046959999999950e-02
1.348650200000000021e-01,8.232033318000000488e-01,-1.604009061999999916e-02,-3.110911243999999951e-02
1.351445000000000007e-01,8.231447060000000038e-01,-1.702244512000000015e-02,-3.119308181999999943e-02
1.354239799999999994e-01,8.221719291000000318e-01,-1.798437974000000050e-02,-3.119899866999999855e-02
1.357032099999999908e-01,8.211621571999999647e-01,-1.876123110999999843e-02,-3.125744918000000067e-02
1.359823099999999951e-01,8.200534149000000550e-01,-1.930732850999999917e-02,-3.121213554000000154e-02
1.362611499999999976e-01,8.180650621999999705e-01,-2.007542889000000011e-02,-3.100875025999999882e-02
1.365397499999999875e-01,8.158485956000000039e-01,-2.043739203000000115e-02,-3.076629150000000090e-02
1.368179599999999885e-01,8.129604444000000374e-01,-2.064036984999999963e-02,-3.049640516000000010e-02
1.370957899999999952e-01,8.102908361999999753e-01,-2.092930465000000101e-02,-3.016679287000000043e-02
1.373732500000000023e-01,8.076529354999999466e-01,-2.072060913000000129e-02,-2.983583726999999852e-02
1.376502099999999951e-01,8.052218054999999985e-01,-2.058138371000000147e-02,-2.950039288000000023e-02
1.379266600000000065e-01,8.037061429999999840e-01,-2.051290826000000053e-02,-2.923433568999999829e-02
1.382026199999999982e-01,8.025317669000000542e-01,-2.027649855000000084e-02,-2.897363697000000099e-02
1.384780800000000034e-01,8.022742741999999705e-01,-1.982942069999999932e-02,-2.874262417000000153e-02
1.387530499999999889e-01,8.020506729999999918e-01,-1.938795185999999879e-02,-2.850997900999999862e-02
1.390273900000000007e-01,8.016119166999999823e-01,-1.900792834000000070e-02,-2.822480553000000086e-02
1.393010100000000029e-01,8.008842700999999620e-01,-1.874038955000000006e-02,-2.794119248000000166e-02
1.395738800000000113e-01,8.017562528999999660e-01,-1.835781352999999935e-02,-2.781804318000000165e-02
1.398459099999999899e-01,8.035892370999999645e-01,-1.785570028000000101e-02,-2.775330995999999995e-02
1.401168499999999872e-01,8.066392777999999986e-01,-1.717388770999999856e-02,-2.773271237999999986e-02
1.403864700000000132e-01,8.092928102999999984e-01,-1.672222430999999870e-02,-2.773482295000000153e-02
1.406545499999999893e-01,8.121939047999999772e-01,-1.643193432999999828e-02,-2.775146020000000130e-02
1.409210999999999936e-01,8.159043880999999887e-01,-1.577238343999999917e-02,-2.790354406000000037e-02
1.411859199999999925e-01,8.196715535999999913e-01,-1.549974200000000038e-02,-2.795950720000000070e-02
1.414490200000000086e-01,8.227238040000000030e-01,-1.550229216999999930e-02,-2.782983433000000076e-02
1.417102000000000084e-01,8.265751541000000424e-01,-1.566670662999999908e-02,-2.783775150000000059e-02
1.419694900000000037e-01,8.304583543000000345e-01,-1.581201804000000044e-02,-2.778708364999999889e-02
1.422269100000000119e-01,8.332229130999999622e-01,-1.590453665999999947e-02,-2.763339944999999853e-02
1.424824899999999894e-01,8.352124778999999721e-01,-1.592465951999999865e-02,-2.741379166999999978e-02
1.427361500000000061e-01,8.354387347999999713e-01,-1.648400704999999911e-02,-2.699822783999999976e-02
1.429880299999999882e-01,8.361336260999999714e-01,-1.768609412999999977e-02,-2.653024157999999896e-02
1.432383399999999918e-01,8.368569491999999777e-01,-1.885249266000000104e-02,-2.609825169999999833e-02
1.434873200000000015e-01,8.368409862000000254e-01,-1.999385546999999860e-02,-2.558751022999999902e-02
1.437351799999999902e-01,8.375078599999999929e-01,-2.130062528999999982e-02,-2.507841484000000037e-02
1.439822299999999888e-01,8.387299832000000288e-01,-2.263106902999999920e-02,-2.462679695999999904e-02
1.442285799999999951e-01,8.395432784999999898e-01,-2.402748306000000028e-02,-2.406232180000000137e-02
1.444744299999999870e-01,8.399836881000000144e-01,-2.549032373000000018e-02,-2.344208518999999977e-02
1.447200800000000009e-01,8.404917438000000240e-01,-2.700495776000000001e-02,-2.285448378000000044e-02
1.449656300000000120e-01,8.406090572000000094e-01,-2.841257451000000003e-02,-2.226681825000000059e-02
1.452112799999999981e-01,8.397727242000000425e-01,-2.988844439999999852e-02,-2.152527455000000089e-02
1.454572299999999929e-01,8.386728662000000334e-01,-3.134478187999999860e-02,-2.078870721000000005e-02
1.457035799999999992e-01,8.370432925999999885e-01,-3.270598057000000114e-02,-1.996280946999999875e-02
1.459504299999999921e-01,8.352961563999999894e-01,-3.479942902000000143e-02,-1.905564397000000104e-02
1.461978899999999970e-01,8.340641826000000369e-01,-3.656051566000000086e-02,-1.819538880000000011e-02
1.464460599999999890e-01,8.320071726000000112e-01,-3.822614480000000037e-02,-1.732445732000000016e-02
1.466948499999999878e-01,8.296326354999999930e-01,-3.991609096999999828e-02,-1.647319767999999920e-02
1.469442499999999985e-01,8.278257177000000189e-01,-4.135076711999999960e-02,-1.570185854999999950e-02
1.471942699999999882e-01,8.256742339999999514e-01,-4.261622647999999819e-02,-1.501360451999999950e-02
1.474448100000000095e-01,8.237440234999999777e-01,-4.373107625000000054e-02,-1.442313031000000065e-02
1.476959800000000045e-01,8.214378083000000164e-01,-4.478735471999999856e-02,-1.384424111000000061e-02
1.479478899999999986e-01,8.187265734999999989e-01,-4.596952219000000062e-02,-1.328810430000000077e-02
1.482004299999999941e-01,8.167762746000000185e-01,-4.717294286999999808e-02,-1.290167256999999977e-02
1.484522299999999906e-01,8.153219815000000148e-01,-4.846639754999999827e-02,-1.260236875000000055e-02
1.487032899999999880e-01,8.144998701000000230e-01,-4.958731408000000007e-02,-1.243526344999999929e-02
1.489535200000000059e-01,8.140095399000000231e-01,-5.072151113000000072e-02,-1.228591413999999965e-02
1.492030199999999918e-01,8.132867232999999585e-01,-5.168311800000000011e-02,-1.221771183000000018e-02
1.494516899999999981e-01,8.126677696999999867e-01,-5.250012136999999968e-02,-1.220588723000000028e-02
1.496995399999999921e-01,8.121757101000000034e-01,-5.344481587000000228e-02,-1.230993933000000019e-02
1.499465799999999960e-01,8.117280703999999458e-01,-5.430895217000000080e-02,-1.256979891000000078e-02
1.501929100000000128e-01,8.111525012000000423e-01,-5.520077133000000219e-02,-1.279702102999999945e-02
1.504387299999999927e-01,8.110252166000000429e-01,-5.640092979999999923e-02,-1.299175374000000049e-02
1.506841499999999889e-01,8.115715915000000225e-01,-5.750371152000000041e-02,-1.320217792000000050e-02
1.509292700000000043e-01,8.129974223999999472e-01,-5.859123211000000220e-02,-1.344211445000000060e-02
1.511741900000000138e-01,8.143833003999999542e-01,-5.912753550000000163e-02,-1.378002101000000076e-02
1.514191099999999957e-01,8.161373238000000363e-01,-5.973031724999999792e-02,-1.411112599000000078e-02
1.516640300000000052e-01,8.183249666999999894e-01,-6.018844972000000210e-02,-1.439556263000000072e-02
1.519091499999999928e-01,8.207843622999999589e-01,-6.067310718999999880e-02,-1.472646837000000063e-02
1.521545699999999890e-01,8.229521101000000227e-01,-6.082304825999999831e-02,-1.500360824000000065e-02
1.524003899999999967e-01,8.242230237000000015e-01,-6.102575070999999990e-02,-1.524821319999999925e-02
1.526468199999999886e-01,8.255812488999999532e-01,-6.113242315999999760e-02,-1.553471581999999948e-02
1.528940699999999930e-01,8.276373143999999904e-01,-6.081464973000000329e-02,-1.588650566999999861e-02
1.531422500000000075e-01,8.288081406999999734e-01,-6.016383760999999969e-02,-1.621596353999999948e-02
1.533915600000000101e-01,8.290395496000000364e-01,-5.931390502000000176e-02,-1.645751334000000038e-02
1.536422400000000132e-01,8.293341214999999655e-01,-5.858815137000000089e-02,-1.657865759000000036e-02
1.538943999999999868e-01,8.303695522999999801e-01,-5.769789293000000124e-02,-1.682090427999999999e-02
1.541468799999999861e-01,8.309487558999999468e-01,-5.627257798000000200e-02,-1.709805841999999937e-02
1.543993600000000133e-01,8.322911093999999510e-01,-5.453108666999999937e-02,-1.743463958999999855e-02
1.546519399999999878e-01,8.338195268000000437e-01,-5.290307671999999739e-02,-1.766660188000000048e-02
1.549047500000000077e-01,8.349140387000000274e-01,-5.159018833000000165e-02,-1.776710651999999918e-02
1.551577600000000057e-01,8.363097488999999829e-01,-5.023289757999999799e-02,-1.787190699999999938e-02
1.554110999999999965e-01,8.372582627000000333e-01,-4.925025720000000135e-02,-1.789130948999999998e-02
1.556648700000000107e-01,8.376704597999999891e-01,-4.817524589000000274e-02,-1.792864270000000051e-02
1.559191900000000131e-01,8.366658217000000342e-01,-4.706456363000000032e-02,-1.782094839000000069e-02
1.561739400000000111e-01,8.357419859000000395e-01,-4.592856743999999825e-02,-1.772634816999999960e-02
1.564292399999999972e-01,8.346567459000000522e-01,-4.463734973999999855e-02,-1.758801218000000111e-02
1.566850899999999991e-01,8.336768082000000080e-01,-4.341433413000000269e-02,-1.739349847000000102e-02
1.569414899999999891e-01,8.321144594999999589e-01,-4.236143284999999842e-02,-1.718060294000000113e-02
1.571985599999999872e-01,8.307550442000000146e-01,-4.154822754999999701e-02,-1.701746661000000035e-02
1.574564099999999911e-01,8.295941170999999725e-01,-4.070073384000000294e-02,-1.687017145999999967e-02
1.577149399999999979e-01,8.281646105000000091e-01,-4.029385412000000000e-02,-1.669741461999999996e-02
1.579742600000000052e-01,8.263466593999999610e-01,-3.985849916999999881e-02,-1.655636845999999829e-02
1.582342599999999877e-01,8.245206956999999726e-01,-3.975912210000000224e-02,-1.642721759000000115e-02
1.584949499999999956e-01,8.225917847999999477e-01,-3.986831054000000013e-02,-1.630367719000000090e-02
1.587564499999999934e-01,8.211238105000000509e-01,-4.013543808000000213e-02,-1.619980398000000002e-02
1.590188700000000066e-01,8.202459458999999953e-01,-4.044787467000000164e-02,-1.619733497999999855e-02
1.592826999999999993e-01,8.202396459999999889e-01,-4.090860505999999869e-02,-1.629787681000000044e-02
1.595480800000000088e-01,8.196699268999999566e-01,-4.196763765000000035e-02,-1.632244992999999991e-02
1.598153700000000121e-01,8.188005878999999876e-01,-4.309098148999999933e-02,-1.639625867000000028e-02
1.600847400000000031e-01,8.168409528000000197e-01,-4.462532777000000062e-02,-1.632699418999999930e-02
1.603559599999999918e-01,8.148208654999999911e-01,-4.585344277000000246e-02,-1.633474395999999842e-02
1.606260700000000097e-01,8.136862634000000538e-01,-4.735557015999999897e-02,-1.637910549000000035e-02
1.608951899999999935e-01,8.124701828000000514e-01,-4.883563040999999716e-02,-1.639339445999999853e-02
1.611630900000000088e-01,8.113716569000000156e-01,-4.990639323999999932e-02,-1.644789655000000045e-02
1.614297700000000002e-01,8.105118139000000443e-01,-5.079856165999999812e-02,-1.652862786999999972e-02
1.616950100000000001e-01,8.098562542999999669e-01,-5.166233930999999946e-02,-1.657377187000000016e-02
1.619588299999999981e-01,8.097209101000000242e-01,-5.257752716999999909e-02,-1.664557072999999984e-02
1.622212299999999940e-01,8.096952291000000246e-01,-5.350207339000000173e-02,-1.674882730999999875e-02
1.624821100000000129e-01,8.098243936000000254e-01,-5.454379389999999828e-02,-1.683600148000000130e-02
1.627415000000000112e-01,8.096713000999999910e-01,-5.549387934999999716e-02,-1.686204636000000062e-02
1.629994100000000112e-01,8.099735125000000480e-01,-5.630001943000000064e-02,-1.696342273000000025e-02
1.632558600000000026e-01,8.106069406000000477e-01,-5.705259253000000141e-02,-1.700937068000000010e-02
1.635108500000000131e-01,8.108630159999999920e-01,-5.795111482999999730e-02,-1.696738310000000041e-02
1.637645199999999968e-01,8.105704966000000233e-01,-5.863061115999999851e-02,-1.685197507000000053e-02
1.640169900000000014e-01,8.100760714000000418e-01,-5.907708673999999965e-02,-1.673405942999999993e-02
1.642682699999999940e-01,8.097365207000000176e-01,-5.951117144000000331e-02,-1.663814841000000114e-02
1.645184799999999947e-01,8.095316993000000183e-01,-5.961006086000000120e-02,-1.660456935000000078e-02
1.647677300000000011e-01,8.088517289000000110e-01,-5.961483402000000015e-02,-1.653209644999999867e-02
1.650160200000000132e-01,8.087450307000000338e-01,-5.934693306000000251e-02,-1.649933402999999993e-02
1.652633699999999928e-01,8.086062016999999713e-01,-5.865570989999999846e-02,-1.642463770999999864e-02
1.655099899999999957e-01,8.090459006000000342e-01,-5.761256582999999681e-02,-1.633759418000000144e-02
1.657559899999999919e-01,8.103992458000000010e-01,-5.622395659999999962e-02,-1.636594041999999902e-02
1.660015699999999872e-01,8.120613266999999746e-01,-5.485305599000000337e-02,-1.639224017999999991e-02
1.662468500000000016e-01,8.140844329999999962e-01,-5.347130430000000129e-02,-1.656847213000000110e-02
1.664918099999999901e-01,8.159608180999999849e-01,-5.168242015999999911e-02,-1.679164064000000095e-02
1.667365700000000006e-01,8.174524028999999858e-01,-4.938020119000000041e-02,-1.706749783000000020e-02
1.669812300000000083e-01,8.193948719000000436e-01,-4.700095450999999813e-02,-1.737369634999999871e-02
1.672259899999999910e-01,8.208393131000000231e-01,-4.454488661000000072e-02,-1.767963118999999958e-02
1.674708500000000044e-01,8.218647880999999655e-01,-4.197362132000000134e-02,-1.805934685000000137e-02
1.677159199999999906e-01,8.233446194000000329e-01,-3.950646239999999754e-02,-1.840502235999999861e-02
1.679611000000000021e-01,8.243115264000000497e-01,-3.715117049000000310e-02,-1.871670580000000042e-02
1.682064699999999968e-01,8.258319265000000353e-01,-3.477582313000000119e-02,-1.907913425999999829e-02
1.684521599999999897e-01,8.267510010999999936e-01,-3.266696589999999734e-02,-1.931386808999999843e-02
1.686981700000000084e-01,8.271280153000000190e-01,-3.043560355999999981e-02,-1.953149130999999941e-02
1.689446900000000085e-01,8.270834885000000192e-01,-2.841801118999999834e-02,-1.970492496999999912e-02
1.691918400000000100e-01,8.272834205000000329e-01,-2.658054329999999868e-02,-1.994821501999999996e-02
1.694395200000000101e-01,8.278218445999999675e-01,-2.489787950000000097e-02,-2.015896496999999843e-02
1.696878400000000064e-01,8.282250655999999767e-01,-2.358547634999999879e-02,-2.026819347000000104e-02
1.699367900000000042e-01,8.294182960000000548e-01,-2.227978799999999829e-02,-2.044583931999999910e-02
1.701863899999999930e-01,8.315195615999999568e-01,-2.149829420000000033e-02,-2.066776589999999927e-02
1.704366300000000056e-01,8.322813648000000342e-01,-2.137465111000000015e-02,-2.067365419999999884e-02
1.706875200000000092e-01,8.321789381999999957e-01,-2.118960989999999975e-02,-2.060308318999999957e-02
1.709390699999999985e-01,8.322292676000000444e-01,-2.172155141999999872e-02,-2.047744002000000119e-02
1.711913800000000041e-01,8.324350629000000223e-01,-2.237512361999999949e-02,-2.023589967000000156e-02
1.714444699999999877e-01,8.326002049999999821e-01,-2.303087906999999948e-02,-2.005177576999999864e-02
1.716983400000000048e-01,8.322171577000000431e-01,-2.387531869000000112e-02,-1.983079483999999892e-02
1.719529800000000053e-01,8.320608433999999720e-01,-2.494835653000000014e-02,-1.966523440999999942e-02
1.722085299999999985e-01,8.328315988000000170e-01,-2.578495289000000065e-02,-1.964555206999999901e-02
1.724648699999999923e-01,8.341451845999999781e-01,-2.662131288999999845e-02,-1.966841930000000002e-02
1.727220100000000091e-01,8.347059873000000074e-01,-2.746697291000000166e-02,-1.962522234999999893e-02
1.729799499999999934e-01,8.353616906999999925e-01,-2.842001276999999923e-02,-1.964694049000000053e-02
1.732387099999999902e-01,8.362588978999999645e-01,-2.936379434999999982e-02,-1.967549684000000076e-02
1.734973399999999999e-01,8.373868585000000531e-01,-3.041241752999999937e-02,-1.975093816999999932e-02
1.737554000000000043e-01,8.388495488999999639e-01,-3.132341847999999679e-02,-1.990823668000000005e-02
1.740128800000000087e-01,8.398605730999999519e-01,-3.210763072000000218e-02,-2.010581368000000091e-02
1.742696800000000101e-01,8.411431340999999673e-01,-3.312272848000000214e-02,-2.029084240999999914e-02
1.745256699999999939e-01,8.424187595000000028e-01,-3.377712873000000143e-02,-2.053690550000000087e-02
1.747809800000000025e-01,8.436009148999999985e-01,-3.418214433999999802e-02,-2.075730798000000044e-02
1.750356200000000029e-01,8.437158501000000532e-01,-3.422661746999999810e-02,-2.094793525000000073e-02
1.752895800000000004e-01,8.436029202999999477e-01,-3.379791256999999799e-02,-2.113539763000000030e-02
1.755428599999999950e-01,8.433770234999999893e-01,-3.317667917000000077e-02,-2.135678489000000096e-02
1.757955999999999963e-01,8.424017074999999855e-01,-3.260318763000000231e-02,-2.151436111000000137e-02
1.760477699999999923e-01,8.416325963999999882e-01,-3.204855864000000221e-02,-2.163817334000000051e-02
1.762993900000000003e-01,8.403061415000000478e-01,-3.097564657000000110e-02,-2.175536359000000003e-02
1.765506900000000101e-01,8.384331444999999494e-01,-3.006562315000000166e-02,-2.178012791999999961e-02
1.768016500000000046e-01,8.358116582000000294e-01,-2.925115160000000061e-02,-2.172846735999999987e-02
1.770522800000000063e-01,8.339695650999999765e-01,-2.812031939999999966e-02,-2.177284742000000148e-02
1.773027000000000075e-01,8.322048018000000047e-01,-2.698246753999999914e-02,-2.186325949999999921e-02
1.775528899999999910e-01,8.302240174999999667e-01,-2.541026673999999957e-02,-2.198925201000000162e-02
1.778027600000000041e-01,8.281963014000000012e-01,-2.374928578000000054e-02,-2.216238481999999871e-02
1.780522999999999967e-01,8.257996955999999944e-01,-2.202408297000000084e-02,-2.230233293999999908e-02
1.783015199999999911e-01,8.237893701999999818e-01,-2.056542030000000146e-02,-2.244395747000000121e-02
1.785503999999999980e-01,8.219580677000000168e-01,-1.938288695000000075e-02,-2.255358933999999926e-02
1.787988600000000039e-01,8.192206618999999801e-01,-1.829776982000000038e-02,-2.258227192000000078e-02
1.790467799999999887e-01,8.168410938000000288e-01,-1.713778025999999899e-02,-2.262684401000000095e-02
1.792942700000000056e-01,8.151299589999999595e-01,-1.587741372000000054e-02,-2.273718756000000021e-02
1.795413200000000042e-01,8.132281752000000141e-01,-1.490112256999999961e-02,-2.274979096999999936e-02
1.797879599999999967e-01,8.115322817000000244e-01,-1.409580275999999972e-02,-2.279279005999999830e-02
1.800343699999999991e-01,8.108557093999999577e-01,-1.388952450999999914e-02,-2.288144559000000050e-02
1.802807899999999963e-01,8.103817221000000348e-01,-1.391028904999999996e-02,-2.297261438999999988e-02
1.805273199999999911e-01,8.096457596999999673e-01,-1.404350323999999962e-02,-2.294965267000000086e-02
1.807741599999999893e-01,8.087940217000000320e-01,-1.426763326999999984e-02,-2.288992693999999939e-02
1.810215400000000086e-01,8.081631701999999473e-01,-1.463147323000000069e-02,-2.281700823999999878e-02
1.812695699999999910e-01,8.078557728999999910e-01,-1.515984029999999962e-02,-2.277826943999999854e-02
1.815183599999999897e-01,8.072222314000000454e-01,-1.573105840999999838e-02,-2.269399507000000038e-02
1.817681300000000000e-01,8.071173780999999492e-01,-1.607446360000000171e-02,-2.268740512000000029e-02
1.820189000000000112e-01,8.073709238999999815e-01,-1.622207353999999963e-02,-2.273124945999999841e-02
1.822705500000000034e-01,8.073762611000000478e-01,-1.636270826000000081e-02,-2.279275190000000159e-02
1.825229899999999961e-01,8.068174047999999710e-01,-1.667176392999999979e-02,-2.276978232999999838e-02
1.827762099999999945e-01,8.059859898000000245e-01,-1.729190640999999848e-02,-2.265831760999999916e-02
1.830299999999999983e-01,8.060816013999999585e-01,-1.806791405999999892e-02,-2.260068919999999940e-02
1.832842500000000097e-01,8.066767953000000269e-01,-1.876361531999999957e-02,-2.256153962000000124e-02
1.835388400000000086e-01,8.071739071000000321e-01,-1.965837474999999890e-02,-2.247231874000000032e-02
1.837936599999999976e-01,8.079352784000000121e-01,-2.057345269000000060e-02,-2.244328930999999958e-02
1.840484799999999865e-01,8.082018099000000122e-01,-2.117791030999999907e-02,-2.245849860999999878e-02
1.843034100000000008e-01,8.093618079000000076e-01,-2.197059957999999980e-02,-2.252449022999999939e-02
1.845583399999999874e-01,8.108762284999999626e-01,-2.286879974999999829e-02,-2.262773280999999873e-02
1.848133899999999941e-01,8.126406415000000383e-01,-2.372904447999999930e-02,-2.278272316000000061e-02
1.850684400000000007e-01,8.144963848999999811e-01,-2.439760381999999880e-02,-2.298070673000000147e-02
1.853234900000000074e-01,8.161550046000000114e-01,-2.524911725000000134e-02,-2.313109334999999961e-02
1.855784199999999939e-01,8.177931475999999922e-01,-2.601831698000000095e-02,-2.335042770999999975e-02
1.858330099999999929e-01,8.194028975999999576e-01,-2.702691712000000052e-02,-2.351314725000000147e-02
1.860869099999999943e-01,8.214207990999999875e-01,-2.773209198000000167e-02,-2.372782001999999835e-02
1.863401299999999927e-01,8.231299276000000331e-01,-2.837720792999999866e-02,-2.391928591000000090e-02
1.865926599999999935e-01,8.251520561999999837e-01,-2.893832673999999910e-02,-2.412134490000000103e-02
1.868445199999999862e-01,8.269929051000000086e-01,-2.911523775999999911e-02,-2.434394612999999860e-02
1.870958199999999960e-01,8.284081343000000430e-01,-2.932205854000000111e-02,-2.450527908999999838e-02
1.873465500000000006e-01,8.294611361000000516e-01,-2.962391219000000062e-02,-2.457932322999999836e-02
1.875967299999999893e-01,8.300975406999999695e-01,-2.981916349999999896e-02,-2.460567761999999867e-02
1.878463599999999900e-01,8.309820238999999775e-01,-2.979226742000000080e-02,-2.466479837999999841e-02
1.880954300000000079e-01,8.314262143999999743e-01,-2.980647781999999982e-02,-2.466293919000000015e-02
1.883438400000000124e-01,8.318991958000000464e-01,-2.987932874999999974e-02,-2.464471274000000142e-02
1.885915900000000034e-01,8.313268025000000172e-01,-2.996739099999999947e-02,-2.447682073000000125e-02
1.888386900000000035e-01,8.315210570000000079e-01,-2.989820076000000021e-02,-2.441528181000000158e-02
1.890852500000000103e-01,8.313513374000000011e-01,-2.972897685999999901e-02,-2.434962795000000096e-02
1.893313699999999988e-01,8.309532748000000302e-01,-2.956197395000000061e-02,-2.420874301999999950e-02
1.895770599999999917e-01,8.298004869999999755e-01,-2.912234224000000149e-02,-2.403019933999999899e-02
1.898224299999999864e-01,8.288769243000000397e-01,-2.883285212999999944e-02,-2.381328660000000055e-02
1.900674800000000109e-01,8.281356663000000173e-01,-2.843827084999999907e-02,-2.358938523999999995e-02
1.903121999999999869e-01,8.275554936000000250e-01,-2.825469289999999953e-02,-2.327978588000000071e-02
1.905566099999999874e-01,8.276595271000000142e-01,-2.764235508000000008e-02,-2.320451801999999855e-02
1.908009099999999902e-01,8.279459324000000287e-01,-2.716506454999999959e-02,-2.304646091000000022e-02
1.910453099999999960e-01,8.281923680999999648e-01,-2.667234930999999934e-02,-2.292875330000000017e-02
1.912899299999999969e-01,8.282244944000000109e-01,-2.617117994000000072e-02,-2.277329922000000118e-02
1.915349799999999936e-01,8.284412076999999597e-01,-2.600273531000000041e-02,-2.261266166999999910e-02
1.917806699999999864e-01,8.291021624000000090e-01,-2.615667060000000099e-02,-2.241382302999999840e-02
1.920272399999999879e-01,8.297415713000000359e-01,-2.657067318000000053e-02,-2.220110448000000083e-02
1.922751199999999938e-01,8.293957854000000296e-01,-2.717124425000000051e-02,-2.192834458999999916e-02
1.925244299999999964e-01,8.293350393999999737e-01,-2.832327161999999982e-02,-2.162413377000000150e-02
1.927754399999999924e-01,8.294253741999999541e-01,-2.975722231000000120e-02,-2.128814092000000033e-02
1.930282600000000071e-01,8.296841048999999968e-01,-3.132454143999999913e-02,-2.095235226000000117e-02
1.932830500000000118e-01,8.294129093000000008e-01,-3.331314956999999882e-02,-2.049057280999999966e-02
1.935399600000000109e-01,8.294837836999999769e-01,-3.534905137000000225e-02,-2.003565568000000019e-02
1.937969800000000076e-01,8.302579653999999643e-01,-3.764542669999999813e-02,-1.953643236999999880e-02
1.940541299999999914e-01,8.316940823999999788e-01,-3.974161961000000076e-02,-1.913284489000000033e-02
1.943116300000000130e-01,8.326390646000000340e-01,-4.184614181000000099e-02,-1.870521073999999867e-02
1.945694900000000116e-01,8.335337604000000455e-01,-4.414534168999999925e-02,-1.829132468999999928e-02
1.948278300000000074e-01,8.346184693999999515e-01,-4.639333866999999917e-02,-1.794561069999999967e-02
1.950867699999999927e-01,8.351808129000000136e-01,-4.835382438000000033e-02,-1.758083741000000116e-02
1.953463199999999900e-01,8.355065483000000404e-01,-5.049533429999999989e-02,-1.713121018999999925e-02
1.956063500000000122e-01,8.357377057999999526e-01,-5.246325834999999993e-02,-1.675941184999999931e-02
1.958668799999999932e-01,8.359343087999999700e-01,-5.458334123999999954e-02,-1.642896040000000127e-02
1.961276399999999920e-01,8.362352672999999736e-01,-5.684349091000000243e-02,-1.603097452000000131e-02
1.963887800000000128e-01,8.356032234000000392e-01,-5.884516155999999776e-02,-1.566718279999999852e-02
1.966501700000000130e-01,8.357690386999999665e-01,-6.065980200999999961e-02,-1.545244687999999984e-02
1.969117999999999979e-01,8.358700009999999736e-01,-6.250759335000000139e-02,-1.526062209999999933e-02
1.971736799999999901e-01,8.357276624999999681e-01,-6.428775602000000311e-02,-1.504257860000000023e-02
1.974359300000000095e-01,8.358124128999999680e-01,-6.604822653000000376e-02,-1.485005439000000073e-02
1.976984300000000083e-01,8.365003292999999562e-01,-6.766810781000000274e-02,-1.476991631000000062e-02
1.979613000000000067e-01,8.366813948000000334e-01,-6.911828022999999543e-02,-1.470678463000000061e-02
1.982245599999999941e-01,8.358530430999999705e-01,-6.985298429000000309e-02,-1.468365257000000049e-02
1.984881799999999863e-01,8.349218173000000354e-01,-7.045476874999999362e-02,-1.468152950999999928e-02
1.987520700000000029e-01,8.344425597000000305e-01,-7.064824869999999923e-02,-1.479169957000000049e-02
1.990163299999999913e-01,8.335351005000000146e-01,-7.050907771000000657e-02,-1.489999114999999985e-02
1.992808399999999869e-01,8.319180106000000352e-01,-7.008278169999999918e-02,-1.492066281999999966e-02
1.995454799999999973e-01,8.294227400000000472e-01,-6.929799169000000481e-02,-1.488168854999999922e-02
1.998102499999999948e-01,8.272502121000000486e-01,-6.818336160000000590e-02,-1.487385226999999970e-02
2.000750199999999923e-01,8.253505657999999912e-01,-6.680784450000000485e-02,-1.493437090999999960e-02
2.003397899999999898e-01,8.243769399999999470e-01,-6.516757783000000359e-02,-1.507198857000000003e-02
2.006046900000000022e-01,8.235738352999999456e-01,-6.324812168000000512e-02,-1.526105388999999916e-02
2.008695799999999920e-01,8.223314167999999924e-01,-6.113833211999999961e-02,-1.538612909999999973e-02
2.011346099999999915e-01,8.205646734999999525e-01,-5.896687595999999809e-02,-1.555899082999999926e-02
2.013998899999999981e-01,8.186243623000000191e-01,-5.677847890999999925e-02,-1.568096255000000008e-02
2.016654200000000119e-01,8.160383508999999869e-01,-5.442273805000000242e-02,-1.574284411000000106e-02
2.019312199999999946e-01,8.131814555999999916e-01,-5.193944732999999925e-02,-1.579796848000000059e-02
2.021973999999999994e-01,8.101663872000000044e-01,-4.983483192000000284e-02,-1.579572830999999983e-02
2.024639699999999931e-01,8.077431092000000312e-01,-4.790319260999999912e-02,-1.580274389999999918e-02
2.027310599999999907e-01,8.054189398000000111e-01,-4.607160250999999679e-02,-1.585973318999999923e-02
2.029986799999999869e-01,8.030593012000000197e-01,-4.391690921000000053e-02,-1.602015152999999859e-02
2.032669500000000018e-01,8.015718468000000430e-01,-4.181004309999999946e-02,-1.624618677000000053e-02
2.035358700000000076e-01,7.997003557999999845e-01,-4.024911738999999850e-02,-1.643341264999999968e-02
2.038054699999999886e-01,7.976236822000000171e-01,-3.890886399000000051e-02,-1.657691945999999888e-02
2.040758599999999978e-01,7.962093473000000365e-01,-3.762927279000000125e-02,-1.678181360000000066e-02
2.043470599999999970e-01,7.947832558999999852e-01,-3.642108888000000072e-02,-1.697635234000000048e-02
2.046192099999999958e-01,7.926853031999999688e-01,-3.536845815999999781e-02,-1.711661634999999890e-02
2.048923099999999942e-01,7.913168590000000391e-01,-3.478812930999999886e-02,-1.717688226999999901e-02
2.051665000000000016e-01,7.903701953999999752e-01,-3.498559064000000135e-02,-1.711371839000000103e-02
2.054419500000000121e-01,7.913094657999999448e-01,-3.514576818000000186e-02,-1.715990581000000070e-02
2.057186599999999976e-01,7.914741408000000034e-01,-3.540757345000000028e-02,-1.720088209999999854e-02
2.059953599999999885e-01,7.920860608999999997e-01,-3.614760095999999812e-02,-1.711434554999999996e-02
2.062713700000000094e-01,7.925912748000000230e-01,-3.724281215999999950e-02,-1.690601155999999980e-02
2.065469500000000069e-01,7.938096932000000550e-01,-3.831341818999999677e-02,-1.673704213000000093e-02
2.068221199999999982e-01,7.947810860999999782e-01,-3.919500828999999964e-02,-1.658140799999999887e-02
2.070970099999999980e-01,7.966978383999999691e-01,-4.000120229999999666e-02,-1.654205312000000053e-02
2.073716200000000065e-01,7.984417088999999912e-01,-4.123946846999999860e-02,-1.645916119999999913e-02
2.076460900000000054e-01,8.006894224999999699e-01,-4.262505486999999815e-02,-1.637390249999999894e-02
2.079202800000000129e-01,8.023223173000000319e-01,-4.405819747999999841e-02,-1.621201316000000017e-02
2.081943300000000108e-01,8.043997224000000168e-01,-4.524397234000000073e-02,-1.613262925999999972e-02
2.084683900000000034e-01,8.060596226999999780e-01,-4.653816471000000315e-02,-1.602515293999999882e-02
2.087422999999999917e-01,8.071184435999999573e-01,-4.803881951999999789e-02,-1.585533567999999893e-02
2.090160799999999930e-01,8.081023260999999902e-01,-4.964640765000000178e-02,-1.562249651000000017e-02
2.092897200000000124e-01,8.085571720999999989e-01,-5.102702608999999667e-02,-1.544788985999999940e-02
2.095630800000000127e-01,8.092164989000000253e-01,-5.222260105999999846e-02,-1.532073047999999924e-02
2.098363099999999981e-01,8.092228348000000127e-01,-5.339635007000000100e-02,-1.519571928999999960e-02
2.101092499999999974e-01,8.091500892999999861e-01,-5.448938500000000129e-02,-1.508247386000000079e-02
2.103819299999999948e-01,8.084328929999999858e-01,-5.541739419999999749e-02,-1.491096716000000003e-02
2.106544599999999878e-01,8.073489230000000516e-01,-5.611773443000000333e-02,-1.472450563000000066e-02
2.109268599999999938e-01,8.054802701000000065e-01,-5.665137063000000306e-02,-1.453396849999999928e-02
2.111992500000000050e-01,8.036175410000000463e-01,-5.715855544000000149e-02,-1.431476199999999997e-02
2.114715100000000014e-01,8.021013672000000261e-01,-5.754997348000000235e-02,-1.414296940999999926e-02
2.117437699999999978e-01,7.999816998000000012e-01,-5.809236478000000259e-02,-1.388197453999999963e-02
2.120161700000000038e-01,7.976684138999999840e-01,-5.853200825000000329e-02,-1.360275799000000042e-02
2.122886999999999968e-01,7.956535697000000074e-01,-5.877072400000000335e-02,-1.338191942000000086e-02
2.125613799999999942e-01,7.940038492000000003e-01,-5.875049117000000209e-02,-1.316649391999999939e-02
2.128341900000000064e-01,7.922358658000000498e-01,-5.842431364000000293e-02,-1.304253650999999924e-02
2.131071400000000005e-01,7.903932351000000356e-01,-5.782866077999999910e-02,-1.297055218999999988e-02
2.133800899999999945e-01,7.890605647999999750e-01,-5.723653524999999798e-02,-1.290579378000000083e-02
2.136530399999999885e-01,7.882693616999999486e-01,-5.629980168999999812e-02,-1.295451528000000040e-02
2.139259900000000103e-01,7.872925644999999584e-01,-5.515121975000000093e-02,-1.304260167999999991e-02
2.141985200000000034e-01,7.865134099999999684e-01,-5.330762859000000298e-02,-1.319793078999999952e-02
2.144694000000000045e-01,7.867785723000000342e-01,-5.113525135000000083e-02,-1.343300013000000084e-02
2.147386500000000031e-01,7.871329070999999455e-01,-4.870608371000000048e-02,-1.367717692999999984e-02
2.150065499999999907e-01,7.879778312999999867e-01,-4.632763202000000219e-02,-1.408751934999999920e-02
2.152729800000000027e-01,7.885312267999999847e-01,-4.411263977000000336e-02,-1.438866316000000055e-02
2.155379600000000007e-01,7.888779448999999611e-01,-4.223116897000000342e-02,-1.464193199999999986e-02
2.158015000000000072e-01,7.887996867000000023e-01,-4.068232587000000094e-02,-1.478383121999999987e-02
2.160636200000000118e-01,7.882281000999999954e-01,-3.950598551000000097e-02,-1.488865034000000018e-02
2.163244599999999962e-01,7.874466928000000143e-01,-3.840745459000000084e-02,-1.489350683999999918e-02
2.165838999999999959e-01,7.871299057999999738e-01,-3.753954495999999724e-02,-1.484274868000000011e-02
2.168419600000000003e-01,7.867541515000000540e-01,-3.713882005000000014e-02,-1.478190966999999925e-02
2.170987799999999912e-01,7.871407750000000147e-01,-3.702962180000000242e-02,-1.465528408999999983e-02
2.173543699999999912e-01,7.870879261000000016e-01,-3.703696524999999795e-02,-1.444083177000000072e-02
2.176087399999999950e-01,7.869633705999999895e-01,-3.713763720999999768e-02,-1.418515252999999997e-02
2.178621400000000097e-01,7.875054799999999799e-01,-3.732173829999999720e-02,-1.401176502999999969e-02
2.181144600000000100e-01,7.882485347000000031e-01,-3.767241260000000341e-02,-1.379809411999999985e-02
2.183658199999999883e-01,7.897198904000000130e-01,-3.805923287000000099e-02,-1.365050140000000078e-02
2.186162399999999895e-01,7.914414343000000240e-01,-3.867841861000000103e-02,-1.351120360000000048e-02
2.188658300000000112e-01,7.926607371999999652e-01,-3.945245384999999938e-02,-1.331998954999999950e-02
2.191148400000000052e-01,7.942784456999999465e-01,-4.029637187000000009e-02,-1.313763685000000035e-02
2.193634999999999891e-01,7.955021654999999692e-01,-4.130593817000000056e-02,-1.288854189000000067e-02
2.196117999999999959e-01,7.966381644000000151e-01,-4.267778881999999968e-02,-1.261785615999999957e-02
2.198599999999999999e-01,7.980698483999999482e-01,-4.410095599000000283e-02,-1.230990950000000056e-02
2.201079599999999914e-01,7.992688454999999914e-01,-4.600146987999999965e-02,-1.194668475000000042e-02
2.203557999999999906e-01,7.996396883999999927e-01,-4.778678947000000038e-02,-1.154307555999999936e-02
2.206036500000000122e-01,7.998219085000000117e-01,-4.968971752000000269e-02,-1.107455247000000038e-02
2.208517200000000014e-01,7.999351864000000534e-01,-5.152647177999999939e-02,-1.060524237000000022e-02
2.211001499999999953e-01,8.000674971000000246e-01,-5.361933421000000116e-02,-1.015285603000000078e-02
2.213490399999999969e-01,8.006711196000000363e-01,-5.564029403000000235e-02,-9.737576415999999596e-03
2.215985299999999880e-01,8.014938601000000107e-01,-5.738131109999999868e-02,-9.505336169999999835e-03
2.218486000000000069e-01,8.009425235999999559e-01,-5.919751644000000035e-02,-9.222709663999999891e-03
2.220993800000000129e-01,8.004026113000000109e-01,-6.099628380000000211e-02,-9.073224588000000645e-03
2.223508800000000007e-01,8.001354818999999452e-01,-6.304829579000000017e-02,-8.957299655999999277e-03
2.226031099999999929e-01,8.004788296000000525e-01,-6.475824789999999609e-02,-8.948724651000000349e-03
2.228561699999999923e-01,8.006122624999999493e-01,-6.626878171000000206e-02,-8.978951736999999864e-03
2.231099800000000133e-01,8.009642259000000486e-01,-6.714976404000000398e-02,-9.168220623000000041e-03
2.233645099999999883e-01,8.017237082999999487e-01,-6.804545306999999765e-02,-9.424441538999999562e-03
2.236199100000000051e-01,8.027531688000000276e-01,-6.847704732999999877e-02,-9.756844165000000402e-03
2.238761800000000080e-01,8.031659943000000190e-01,-6.843225717999999735e-02,-1.020674478999999968e-02
2.241333299999999917e-01,8.034123028999999860e-01,-6.810949286999999630e-02,-1.071116566000000075e-02
2.243914899999999990e-01,8.042631028000000182e-01,-6.752981940999999710e-02,-1.128199589999999940e-02
2.246506600000000020e-01,8.051689935000000409e-01,-6.655529747999999746e-02,-1.192600387999999921e-02
2.249111199999999922e-01,8.059100896999999986e-01,-6.556110196999999362e-02,-1.264654544000000033e-02
2.251727500000000048e-01,8.062159705000000454e-01,-6.452263079999999429e-02,-1.326200033999999986e-02
2.254356899999999941e-01,8.060327156000000048e-01,-6.347767341000000452e-02,-1.380048252000000072e-02
2.256999600000000050e-01,8.052160771999999911e-01,-6.221033805000000111e-02,-1.435850747000000024e-02
2.259655600000000097e-01,8.045307901999999567e-01,-6.049913928999999663e-02,-1.494381745000000067e-02
2.262325199999999925e-01,8.043143964000000201e-01,-5.860085034999999720e-02,-1.556066788000000020e-02
2.265006999999999993e-01,8.036491557999999591e-01,-5.622122874999999770e-02,-1.620167667000000158e-02
2.267701299999999864e-01,8.029790446000000248e-01,-5.388971807000000197e-02,-1.680674500000000141e-02
2.270406700000000000e-01,8.021777538000000041e-01,-5.131644738999999872e-02,-1.742030392999999872e-02
2.273121999999999920e-01,8.011604250999999621e-01,-4.851630283999999738e-02,-1.809525052999999897e-02
2.275848599999999999e-01,8.002798204000000082e-01,-4.533037562000000187e-02,-1.882579118999999981e-02
2.278576599999999897e-01,7.996382365999999964e-01,-4.237138842000000294e-02,-1.951235449999999885e-02
2.281304600000000071e-01,7.986151428000000108e-01,-3.929501973999999925e-02,-2.009536657999999934e-02
2.284031199999999873e-01,7.982350569999999701e-01,-3.649343099999999979e-02,-2.067955579999999904e-02
2.286757799999999952e-01,7.975931546000000205e-01,-3.374679870999999776e-02,-2.120980037000000026e-02
2.289482999999999935e-01,7.962534669999999926e-01,-3.133827882000000259e-02,-2.163626142000000044e-02
2.292206699999999875e-01,7.946174991000000132e-01,-2.900650125000000037e-02,-2.193574424999999994e-02
2.294928999999999997e-01,7.929218138000000415e-01,-2.672228777999999944e-02,-2.219890735000000156e-02
2.297649900000000023e-01,7.918799064999999526e-01,-2.467388642999999993e-02,-2.248706186999999829e-02
2.300368000000000135e-01,7.905781290000000183e-01,-2.292188569000000106e-02,-2.269987806000000122e-02
2.303083200000000108e-01,7.897871787000000365e-01,-2.155380776000000165e-02,-2.285490586000000005e-02
2.305794100000000124e-01,7.884793521999999832e-01,-2.036999796000000043e-02,-2.291980440000000036e-02
2.308502299999999896e-01,7.864695711000000422e-01,-1.957704751000000076e-02,-2.285975539000000001e-02
2.311206199999999988e-01,7.854320468000000055e-01,-1.926879134000000077e-02,-2.283949068000000124e-02
2.313905900000000071e-01,7.844688340000000037e-01,-1.915501605999999843e-02,-2.285474544000000094e-02
2.316601299999999919e-01,7.831682156000000505e-01,-1.892979788000000163e-02,-2.293951677999999869e-02
2.319292599999999982e-01,7.821978894000000126e-01,-1.885365708999999987e-02,-2.303823825999999977e-02
2.321981100000000131e-01,7.812947305999999870e-01,-1.902726249999999938e-02,-2.311892362999999964e-02
2.324665399999999993e-01,7.806170138000000369e-01,-1.910697788000000064e-02,-2.329906468999999938e-02
2.327346899999999941e-01,7.810976223000000163e-01,-1.916377513999999865e-02,-2.354933211999999873e-02
2.330025699999999922e-01,7.816433089000000001e-01,-1.916928374999999837e-02,-2.388574305999999897e-02
2.332701600000000042e-01,7.814731329999999865e-01,-1.970673042999999958e-02,-2.407342755999999917e-02
2.335376200000000013e-01,7.814059676000000287e-01,-2.002503397000000157e-02,-2.431647074999999936e-02
2.338048000000000071e-01,7.816125779000000495e-01,-2.011147841999999866e-02,-2.470763914999999852e-02
2.340718499999999980e-01,7.820259940999999548e-01,-1.984783053999999991e-02,-2.519801225999999950e-02
2.343387500000000123e-01,7.824648257999999856e-01,-1.942410128999999888e-02,-2.582490332999999930e-02
2.346053800000000022e-01,7.833484021000000075e-01,-1.890983078999999845e-02,-2.650266977000000079e-02
2.348718700000000104e-01,7.847614457999999571e-01,-1.850823684999999830e-02,-2.718982393999999983e-02
2.351382300000000036e-01,7.859245268000000229e-01,-1.824661027000000144e-02,-2.778288722000000002e-02
2.354044399999999926e-01,7.869066825999999626e-01,-1.799039444999999890e-02,-2.830541007999999928e-02
2.356705199999999945e-01,7.879512766999999807e-01,-1.787268721999999907e-02,-2.880538413000000020e-02
2.359364599999999867e-01,7.891491878999999932e-01,-1.799144324999999919e-02,-2.923817541000000089e-02
2.362022699999999920e-01,7.900243953000000152e-01,-1.789205550000000020e-02,-2.966869109000000101e-02
2.364679299999999929e-01,7.916336263000000040e-01,-1.776703312999999840e-02,-3.012139998000000138e-02
2.367334600000000067e-01,7.933041680000000317e-01,-1.777705753000000111e-02,-3.056962681000000015e-02
2.369988500000000109e-01,7.942655214999999602e-01,-1.781034416000000162e-02,-3.087902449000000035e-02
2.372641100000000003e-01,7.952983513000000393e-01,-1.790481131000000101e-02,-3.111962994000000080e-02
2.375290899999999983e-01,7.959910387999999948e-01,-1.810381063999999887e-02,-3.130470436999999856e-02
2.377939299999999867e-01,7.958549641000000063e-01,-1.830129344999999880e-02,-3.129349589000000181e-02
2.380586299999999933e-01,7.951554053999999594e-01,-1.804316041999999912e-02,-3.125516378999999845e-02
2.383233399999999946e-01,7.942226336000000053e-01,-1.762792739999999997e-02,-3.119215163000000138e-02
2.385879099999999864e-01,7.937471877999999759e-01,-1.719198791999999865e-02,-3.112413258999999904e-02
2.388526199999999877e-01,7.929752543000000431e-01,-1.665324313999999931e-02,-3.102702119000000022e-02
2.391173199999999943e-01,7.923690265999999705e-01,-1.611176907000000033e-02,-3.092333262000000055e-02
2.393822999999999923e-01,7.921268236999999823e-01,-1.542595975999999994e-02,-3.082401171000000162e-02
2.396475600000000095e-01,7.915527773999999628e-01,-1.419963599999999986e-02,-3.080952563000000088e-02
2.399132300000000051e-01,7.910629853999999739e-01,-1.307413057000000010e-02,-3.079801894999999873e-02
2.401794499999999888e-01,7.903053099000000303e-01,-1.190250682999999948e-02,-3.084090276000000033e-02
2.404465100000000022e-01,7.888160193000000042e-01,-1.059450531999999931e-02,-3.082557379999999875e-02
2.407144200000000123e-01,7.866430898999999810e-01,-9.275997072999999510e-03,-3.076859914999999918e-02
2.409831699999999965e-01,7.845088614999999876e-01,-7.720235094000000263e-03,-3.064734067999999936e-02
2.412524900000000139e-01,7.821937522999999892e-01,-6.315978471000000156e-03,-3.048120829999999976e-02
2.415206799999999876e-01,7.810320062000000174e-01,-5.174765674999999912e-03,-3.035897850999999883e-02
2.417878800000000106e-01,7.800175298000000534e-01,-4.313650649000000045e-03,-3.026468192000000140e-02
2.420540999999999943e-01,7.789237921999999648e-01,-3.842728720999999837e-03,-3.004286058000000051e-02
2.423192000000000124e-01,7.776929348000000131e-01,-3.512276900999999809e-03,-2.972015040999999996e-02
2.425833400000000084e-01,7.772105636999999678e-01,-3.288642520000000131e-03,-2.951085272000000120e-02
2.428466599999999920e-01,7.767885515000000352e-01,-3.176722921000000102e-03,-2.927382031000000037e-02
2.431093000000000004e-01,7.769308798999999821e-01,-3.083639490000000209e-03,-2.908025473999999860e-02
2.433713999999999877e-01,7.775828294000000085e-01,-3.046485287999999968e-03,-2.884779059999999923e-02
2.436330800000000019e-01,7.784989947999999549e-01,-3.358527144999999894e-03,-2.853885985000000070e-02
2.438944999999999863e-01,7.794753865000000337e-01,-3.849832806999999892e-03,-2.823783850000000095e-02
2.441556500000000018e-01,7.805458205999999954e-01,-4.222210791000000421e-03,-2.797908555999999852e-02
2.444165299999999930e-01,7.815087326999999862e-01,-4.449771855999999984e-03,-2.773726128000000152e-02
2.446772700000000023e-01,7.821307146999999516e-01,-4.835749926000000067e-03,-2.751395540000000153e-02
2.449380200000000063e-01,7.830282323999999683e-01,-5.315728968000000068e-03,-2.729315590000000111e-02
2.451988999999999974e-01,7.833757332999999878e-01,-5.799492425999999874e-03,-2.705817116999999911e-02
2.454601800000000000e-01,7.842780194999999788e-01,-6.164427610000000265e-03,-2.690024624999999905e-02
2.457218700000000089e-01,7.848681945000000049e-01,-6.814982885999999740e-03,-2.670720580999999885e-02
2.459839699999999962e-01,7.855272255999999897e-01,-7.459299685000000263e-03,-2.655585934000000148e-02
2.462464799999999898e-01,7.860327574000000039e-01,-8.203639828000000578e-03,-2.634379069000000045e-02
2.465092600000000078e-01,7.862903152000000340e-01,-9.061097617000000298e-03,-2.613866987999999975e-02
2.467723199999999895e-01,7.859804137000000468e-01,-1.018670974999999999e-02,-2.585002238000000049e-02
2.470356499999999955e-01,7.862298782000000097e-01,-1.137827607000000026e-02,-2.563771180000000080e-02
2.472992599999999930e-01,7.863256849999999964e-01,-1.254170091999999917e-02,-2.541439305000000107e-02
2.475632799999999967e-01,7.864222924999999531e-01,-1.362545851999999967e-02,-2.520752646000000083e-02
2.478275799999999918e-01,7.869232117000000137e-01,-1.459299350000000002e-02,-2.507594352999999859e-02
2.480924399999999974e-01,7.874175800999999586e-01,-1.565875779999999912e-02,-2.489124703000000077e-02
2.483577200000000040e-01,7.873731200000000374e-01,-1.703891144999999940e-02,-2.462668470999999915e-02
2.486235599999999935e-01,7.865150145999999509e-01,-1.867288601000000048e-02,-2.432720182000000161e-02
2.488901099999999977e-01,7.849754561999999769e-01,-2.027708303000000031e-02,-2.397974153999999844e-02
2.491573699999999891e-01,7.834118277999999602e-01,-2.203696515000000064e-02,-2.360018268000000155e-02
2.494254899999999997e-01,7.818745172000000077e-01,-2.374647778000000056e-02,-2.324033919000000059e-02
2.496944700000000017e-01,7.809601988000000050e-01,-2.541159126000000143e-02,-2.293554406000000018e-02
2.499644699999999942e-01,7.801539110999999860e-01,-2.693460213999999964e-02,-2.268004691000000128e-02
2.502353399999999728e-01,7.792186217000000026e-01,-2.814637576999999904e-02,-2.247302211999999827e-02
2.505072500000000146e-01,7.786649668999999774e-01,-2.944443455999999973e-02,-2.217149309999999832e-02
2.507800499999999766e-01,7.782396166999999698e-01,-3.039898119000000037e-02,-2.200359051000000052e-02
2.510537400000000252e-01,7.780110383999999657e-01,-3.116145591000000006e-02,-2.189703499999999872e-02
2.513280399999999748e-01,7.779654286999999613e-01,-3.185852983000000277e-02,-2.182887006999999907e-02
2.516030899999999737e-01,7.776657729000000518e-01,-3.199251898000000233e-02,-2.175910089000000075e-02
2.518787499999999846e-01,7.774454922000000323e-01,-3.165680812999999844e-02,-2.177015339000000146e-02
2.521550300000000022e-01,7.776205692000000003e-01,-3.100318440000000147e-02,-2.190045667999999945e-02
2.524319099999999816e-01,7.774510649000000440e-01,-3.034955226999999991e-02,-2.205943054999999833e-02
2.527094200000000179e-01,7.766487058000000054e-01,-2.992620954999999916e-02,-2.213650978000000075e-02
2.529876999999999820e-01,7.755911368000000250e-01,-2.945064534000000137e-02,-2.222457145000000106e-02
2.532667699999999744e-01,7.742383280000000312e-01,-2.872561602000000061e-02,-2.234409214000000060e-02
2.535467699999999769e-01,7.728419729000000071e-01,-2.790347695999999961e-02,-2.252081252999999991e-02
2.538275700000000024e-01,7.715168602999999958e-01,-2.721218946999999846e-02,-2.267905417000000076e-02
2.541093300000000221e-01,7.698767944000000085e-01,-2.638664367999999857e-02,-2.279028079999999984e-02
2.543918900000000094e-01,7.679217943999999685e-01,-2.563106656999999955e-02,-2.294396363000000133e-02
2.546752500000000197e-01,7.657653386999999645e-01,-2.479056757999999888e-02,-2.303607770000000096e-02
2.549594299999999869e-01,7.641552310000000459e-01,-2.399073045000000085e-02,-2.308652937000000085e-02
2.552442699999999953e-01,7.629264136000000196e-01,-2.317607966000000130e-02,-2.313619083000000021e-02
2.555297599999999947e-01,7.612946779000000497e-01,-2.229081076999999897e-02,-2.320212414999999959e-02
2.558157500000000084e-01,7.595169941999999619e-01,-2.168058809000000114e-02,-2.318844345999999945e-02
2.561020600000000202e-01,7.580966958000000533e-01,-2.131268983999999936e-02,-2.314889110999999999e-02
2.563887100000000197e-01,7.567959827000000361e-01,-2.125968396000000107e-02,-2.308298036999999886e-02
2.566755299999999851e-01,7.548796720999999543e-01,-2.113774654999999933e-02,-2.297138792999999998e-02
2.569625099999999773e-01,7.533428497999999918e-01,-2.123642310999999949e-02,-2.282977112000000169e-02
2.572496599999999911e-01,7.526901119000000140e-01,-2.142062032000000005e-02,-2.276737512999999977e-02
2.575368100000000049e-01,7.523103780000000018e-01,-2.172627766000000127e-02,-2.259960809000000070e-02
2.578224700000000258e-01,7.516596912999999880e-01,-2.239670729000000152e-02,-2.241401863000000091e-02
2.581066300000000036e-01,7.517681513999999732e-01,-2.385621471000000035e-02,-2.221471226999999909e-02
2.583896600000000210e-01,7.524375695999999669e-01,-2.514375543999999851e-02,-2.199715011999999956e-02
2.586717000000000044e-01,7.524511001000000476e-01,-2.662270384999999850e-02,-2.170589151999999938e-02
2.589531099999999864e-01,7.520263414000000202e-01,-2.842900501000000107e-02,-2.136439757999999967e-02
2.592338599999999826e-01,7.516024102999999679e-01,-3.040593998000000117e-02,-2.096016649000000120e-02
2.595141400000000043e-01,7.513335970000000197e-01,-3.243797489999999950e-02,-2.057591682000000158e-02
2.597939400000000010e-01,7.514105949999999590e-01,-3.417255564999999856e-02,-2.021386391999999838e-02
2.600734199999999996e-01,7.517212493999999579e-01,-3.600455335999999673e-02,-1.986126650999999951e-02
2.603527400000000269e-01,7.520829234000000474e-01,-3.798650644999999881e-02,-1.947420090999999950e-02
2.606319000000000274e-01,7.529735707000000389e-01,-3.997729625000000231e-02,-1.905554674999999920e-02
2.609110599999999724e-01,7.535725327000000195e-01,-4.195920905000000145e-02,-1.860689403999999866e-02
2.611902199999999730e-01,7.541345258999999634e-01,-4.384886176999999718e-02,-1.816809615000000017e-02
2.614695400000000003e-01,7.545792185999999901e-01,-4.611834852999999873e-02,-1.763254221000000108e-02
2.617483800000000027e-01,7.553397200000000478e-01,-4.840747472999999690e-02,-1.712001381000000100e-02
2.620261099999999788e-01,7.570830254000000537e-01,-5.045202678999999996e-02,-1.668446272000000119e-02
2.623027399999999787e-01,7.586198478000000245e-01,-5.208899800999999830e-02,-1.631993147000000005e-02
2.625784299999999738e-01,7.594925537000000171e-01,-5.351524587999999943e-02,-1.588637323000000046e-02
2.628531900000000143e-01,7.607140781000000240e-01,-5.482981547000000122e-02,-1.551362203999999932e-02
2.631268700000000127e-01,7.618282075000000209e-01,-5.596751811999999687e-02,-1.511367859999999952e-02
2.633996299999999957e-01,7.633714568999999672e-01,-5.704119057999999798e-02,-1.473443215999999979e-02
2.636714700000000189e-01,7.647311785999999501e-01,-5.777973251000000088e-02,-1.437175549000000059e-02
2.639425599999999927e-01,7.656261879000000325e-01,-5.868903730999999735e-02,-1.397182142999999974e-02
2.642127400000000015e-01,7.666318943000000052e-01,-5.934365058999999804e-02,-1.359573296000000063e-02
2.644820199999999843e-01,7.676768352999999712e-01,-5.978515783999999861e-02,-1.320252541999999973e-02
2.647505600000000237e-01,7.687907286999999812e-01,-6.001628449000000198e-02,-1.285381592000000087e-02
2.650182099999999763e-01,7.699162350999999571e-01,-6.020156485000000002e-02,-1.249239042999999993e-02
2.652849800000000036e-01,7.707593328999999827e-01,-6.035626982000000251e-02,-1.212249443999999926e-02
2.655507200000000179e-01,7.716654777000000465e-01,-6.032219307000000197e-02,-1.180124863999999947e-02
2.658157400000000226e-01,7.725115765000000190e-01,-6.037043285000000259e-02,-1.151757030000000008e-02
2.660798899999999856e-01,7.729298869999999821e-01,-6.029030441000000212e-02,-1.129566522999999982e-02
2.663431700000000180e-01,7.741086574000000109e-01,-6.005783504000000023e-02,-1.112649035000000050e-02
2.666055999999999981e-01,7.744286040000000204e-01,-6.022927743999999944e-02,-1.078799063000000086e-02
2.668673200000000190e-01,7.748457055999999898e-01,-6.049888624000000076e-02,-1.051867834999999952e-02
2.671283300000000249e-01,7.746396338000000048e-01,-6.077240795999999667e-02,-1.023943874999999962e-02
2.673887799999999926e-01,7.743266966999999834e-01,-6.099522401000000149e-02,-9.992562716999999275e-03
2.676488100000000148e-01,7.737906110000000171e-01,-6.077988883000000342e-02,-9.832267041000000707e-03
2.679085500000000231e-01,7.730468203999999455e-01,-6.090983955999999810e-02,-9.694894617999999173e-03
2.681681599999999888e-01,7.723457577000000240e-01,-6.103219535999999945e-02,-9.560990409000000648e-03
2.684276299999999726e-01,7.712881395999999778e-01,-6.125232733000000179e-02,-9.459060873000000452e-03
2.686869599999999747e-01,7.702852679999999674e-01,-6.140621444000000234e-02,-9.380131419999999942e-03
2.689461499999999949e-01,7.689009257000000153e-01,-6.165840891999999768e-02,-9.300046229000000567e-03
2.692054700000000023e-01,7.673034761999999454e-01,-6.193695266000000255e-02,-9.156420870999999739e-03
2.694649399999999861e-01,7.659907231999999455e-01,-6.216991259000000103e-02,-9.030140900000000609e-03
2.697248300000000265e-01,7.640883135999999576e-01,-6.255091663999999552e-02,-8.877876834000000827e-03
2.699851400000000123e-01,7.617241892999999653e-01,-6.277053282000000234e-02,-8.745656237000000444e-03
2.702460199999999757e-01,7.591977478000000445e-01,-6.270525831999999855e-02,-8.623710345000000499e-03
2.705073299999999903e-01,7.572159859999999520e-01,-6.263116192999999832e-02,-8.543937859999999745e-03
2.707691999999999877e-01,7.553530496999999455e-01,-6.253509136000000301e-02,-8.526398633000000643e-03
2.710316500000000128e-01,7.544650112999999880e-01,-6.253120613000000272e-02,-8.598991429000000727e-03
2.712945299999999782e-01,7.537171237999999995e-01,-6.214949596000000215e-02,-8.809976464000000493e-03
2.715579900000000269e-01,7.534877652999999453e-01,-6.131098151000000107e-02,-9.061821685999999279e-03
2.718220299999999923e-01,7.538241256000000057e-01,-6.041663154000000147e-02,-9.403187642000000387e-03
2.720866499999999855e-01,7.544364827999999745e-01,-5.997725928000000040e-02,-9.687017108000000459e-03
2.723520099999999777e-01,7.549988314000000145e-01,-5.947652611999999783e-02,-9.987666976999999210e-03
2.726181100000000246e-01,7.556582037000000307e-01,-5.856712243000000012e-02,-1.045274271999999983e-02
2.728842100000000159e-01,7.569040524000000270e-01,-5.762797179999999686e-02,-1.097973783000000085e-02
2.731495700000000082e-01,7.581862842000000047e-01,-5.661266185000000256e-02,-1.154904837000000038e-02
2.734140500000000196e-01,7.595986179000000504e-01,-5.554256224000000269e-02,-1.213042404999999969e-02
2.736776499999999945e-01,7.610620882999999948e-01,-5.453748678999999905e-02,-1.275672614000000066e-02
2.739402300000000068e-01,7.621950699999999745e-01,-5.319895690999999760e-02,-1.336270600999999933e-02
2.742019399999999774e-01,7.638599173000000242e-01,-5.197499797999999976e-02,-1.403664584999999958e-02
2.744626499999999747e-01,7.662691736000000198e-01,-5.065493179000000318e-02,-1.471661320999999994e-02
2.747223699999999935e-01,7.685357712999999480e-01,-4.938642296000000237e-02,-1.533862335000000035e-02
2.749810899999999836e-01,7.711008520000000033e-01,-4.787936092000000254e-02,-1.595429578999999973e-02
2.752388399999999846e-01,7.734371349999999978e-01,-4.628667846000000113e-02,-1.656153499000000140e-02
2.754957399999999890e-01,7.760696112999999619e-01,-4.447184987999999728e-02,-1.711553021000000036e-02
2.757518099999999861e-01,7.784931711999999449e-01,-4.260411772000000097e-02,-1.763932417000000155e-02
2.760072000000000081e-01,7.815545724000000360e-01,-4.080995717000000106e-02,-1.816356610000000038e-02
2.762620299999999918e-01,7.838269945000000405e-01,-3.928955576999999810e-02,-1.863247947000000113e-02
2.765163199999999821e-01,7.857554130999999664e-01,-3.770227939999999667e-02,-1.903701690999999932e-02
2.767702000000000218e-01,7.874139050999999778e-01,-3.603726595000000116e-02,-1.943728411000000128e-02
2.770236699999999996e-01,7.894774691000000510e-01,-3.430576470999999877e-02,-1.985892369999999948e-02
2.772768700000000086e-01,7.906227009999999833e-01,-3.260220500000000216e-02,-2.024657919999999986e-02
2.775297999999999932e-01,7.913961861999999625e-01,-3.078668520000000033e-02,-2.059642328999999883e-02
2.777824600000000088e-01,7.922408445999999937e-01,-2.911945397000000046e-02,-2.089659729999999993e-02
2.780349799999999871e-01,7.925861631999999712e-01,-2.738773568000000061e-02,-2.116577131000000125e-02
2.782872299999999965e-01,7.920472281999999531e-01,-2.574059059999999829e-02,-2.131863053000000036e-02
2.785392199999999763e-01,7.912334997000000092e-01,-2.414150793000000017e-02,-2.150550483000000096e-02
2.787909299999999924e-01,7.907848116000000260e-01,-2.280900299000000048e-02,-2.165127994000000042e-02
2.790423799999999788e-01,7.902881393999999782e-01,-2.143484136999999901e-02,-2.183160672000000052e-02
2.792934200000000144e-01,7.894029407000000553e-01,-2.015110993999999836e-02,-2.202470969999999889e-02
2.795440599999999831e-01,7.884405249000000504e-01,-1.911897758000000169e-02,-2.218187976999999936e-02
2.797940400000000216e-01,7.870872114000000419e-01,-1.843542998999999835e-02,-2.228178034999999876e-02
2.800433500000000242e-01,7.854889322000000451e-01,-1.803343295000000082e-02,-2.228035328999999898e-02
2.802918699999999985e-01,7.837062317999999861e-01,-1.776744365999999992e-02,-2.224121261000000169e-02
2.805396099999999948e-01,7.819488624999999526e-01,-1.765299861999999886e-02,-2.218127245999999830e-02
2.807863099999999834e-01,7.801989899000000284e-01,-1.772484577000000075e-02,-2.204769917000000065e-02
2.810318399999999772e-01,7.781919274999999914e-01,-1.763913412000000028e-02,-2.193772625000000101e-02
2.812762200000000212e-01,7.769468944999999849e-01,-1.787379973000000066e-02,-2.184794816999999917e-02
2.815194599999999991e-01,7.755602989000000003e-01,-1.843534494000000079e-02,-2.176342870000000027e-02
2.817614399999999741e-01,7.745995716000000364e-01,-1.926835077000000132e-02,-2.157117679000000038e-02
2.820020599999999988e-01,7.735265979000000014e-01,-1.999930696999999841e-02,-2.143170017999999899e-02
2.822414500000000048e-01,7.725072750999999460e-01,-2.086943587999999863e-02,-2.124419598000000173e-02
2.824794899999999997e-01,7.719457033000000079e-01,-2.179351804999999850e-02,-2.103537445000000158e-02
2.827163300000000157e-01,7.704591007000000102e-01,-2.297796116999999833e-02,-2.069746022000000171e-02
2.829520899999999894e-01,7.694732880000000330e-01,-2.404802745999999949e-02,-2.042717454999999974e-02
2.831869100000000139e-01,7.681281608000000150e-01,-2.528646886000000121e-02,-2.012379109999999985e-02
2.834210200000000235e-01,7.667896240999999558e-01,-2.596241528000000146e-02,-1.998317818999999912e-02
2.836543100000000206e-01,7.658226365000000424e-01,-2.621215974000000101e-02,-1.989374995999999840e-02
2.838870099999999952e-01,7.649314977000000182e-01,-2.648725063000000046e-02,-1.985147300999999878e-02
2.841191399999999923e-01,7.642250240000000305e-01,-2.690195172000000093e-02,-1.980409565999999982e-02
2.843506900000000170e-01,7.637345214999999854e-01,-2.729085401000000063e-02,-1.985332754000000005e-02
2.845817800000000064e-01,7.630293902000000461e-01,-2.743738738000000080e-02,-1.991741611999999981e-02
2.848124200000000106e-01,7.622792293000000274e-01,-2.770713278000000099e-02,-2.003653757999999951e-02
2.850425999999999793e-01,7.610548159000000146e-01,-2.823318866999999927e-02,-2.006680488000000054e-02
2.852720899999999782e-01,7.593693449999999734e-01,-2.859815489000000141e-02,-2.015311264999999907e-02
2.855006800000000067e-01,7.588295869000000193e-01,-2.864077873000000010e-02,-2.032601599000000148e-02
2.857283800000000040e-01,7.582495093000000130e-01,-2.860388448999999847e-02,-2.058242953000000153e-02
2.859553000000000234e-01,7.585687152000000211e-01,-2.821017058999999993e-02,-2.082064360000000086e-02
2.861814400000000091e-01,7.587487502999999966e-01,-2.758055310999999940e-02,-2.103549701000000105e-02
2.864071400000000045e-01,7.593802594999999878e-01,-2.701422914999999925e-02,-2.120772166000000139e-02
2.866324000000000094e-01,7.602032426000000509e-01,-2.646050247000000105e-02,-2.141091838000000122e-02
2.868573400000000162e-01,7.613005228000000457e-01,-2.600054368999999907e-02,-2.158981792000000052e-02
2.870820599999999723e-01,7.629501672999999817e-01,-2.590940422999999868e-02,-2.176096653999999922e-02
2.873065599999999886e-01,7.648781022999999735e-01,-2.569188411000000033e-02,-2.193071271000000128e-02
2.875309500000000074e-01,7.665178931999999667e-01,-2.549006229000000054e-02,-2.204991007999999864e-02
2.877553400000000261e-01,7.682468794000000267e-01,-2.566697026000000145e-02,-2.213056433000000142e-02
2.879799499999999846e-01,7.695618262000000209e-01,-2.580933188999999864e-02,-2.221522873000000148e-02
2.882047699999999990e-01,7.711335044999999555e-01,-2.589610251000000127e-02,-2.226524787000000102e-02
2.884300399999999986e-01,7.729330936999999624e-01,-2.595475122999999981e-02,-2.221066518999999934e-02
2.886556399999999911e-01,7.743605507999999915e-01,-2.630458436999999830e-02,-2.210049480999999941e-02
2.888819000000000248e-01,7.763614213999999736e-01,-2.673415469999999849e-02,-2.198313286000000075e-02
2.891090499999999786e-01,7.783311822999999796e-01,-2.717665724999999977e-02,-2.187108962999999989e-02
2.893372100000000113e-01,7.804127511999999767e-01,-2.757305801999999917e-02,-2.167963281999999922e-02
2.895666299999999915e-01,7.826275702999999639e-01,-2.814222935999999980e-02,-2.148301461000000009e-02
2.897972999999999799e-01,7.851301462999999980e-01,-2.908098543000000105e-02,-2.127625848000000083e-02
2.900292600000000109e-01,7.866649034999999568e-01,-3.012544044000000157e-02,-2.102794313000000068e-02
2.902626300000000215e-01,7.882685153999999805e-01,-3.136084214999999842e-02,-2.075612140000000078e-02
2.904974300000000009e-01,7.884229716999999749e-01,-3.284182173999999899e-02,-2.026479403000000165e-02
2.907337999999999867e-01,7.889892900999999625e-01,-3.407573602999999784e-02,-1.983601713000000127e-02
2.909718800000000161e-01,7.892641032999999640e-01,-3.530864725999999926e-02,-1.936213353999999970e-02
2.912117100000000125e-01,7.892728730000000414e-01,-3.662618405000000327e-02,-1.884548172999999868e-02
2.914534300000000133e-01,7.894809714999999617e-01,-3.808364781000000282e-02,-1.837998626000000163e-02
2.916969500000000104e-01,7.898177795999999917e-01,-3.881978878999999688e-02,-1.797636290000000081e-02
2.919424299999999750e-01,7.897505128999999791e-01,-3.966496900000000131e-02,-1.762603265000000155e-02
2.921897600000000206e-01,7.886070212000000357e-01,-4.117874861999999692e-02,-1.713501270000000049e-02
2.924386999999999959e-01,7.873727479000000029e-01,-4.232709055000000165e-02,-1.666549910000000162e-02
2.926892899999999909e-01,7.864741763000000496e-01,-4.321139660000000021e-02,-1.625585666999999901e-02
2.929413900000000237e-01,7.850876328000000459e-01,-4.436535140000000266e-02,-1.573994680000000146e-02
2.931947400000000092e-01,7.831110601999999865e-01,-4.524393227000000212e-02,-1.527020523000000018e-02
2.934495200000000192e-01,7.808379218000000010e-01,-4.639928675999999835e-02,-1.468847480000000025e-02
2.937054299999999896e-01,7.804314986999999482e-01,-4.687672063000000028e-02,-1.433400582000000055e-02
2.939625000000000155e-01,7.803548458000000299e-01,-4.740230506999999760e-02,-1.404880870999999920e-02
2.942205800000000093e-01,7.804096715999999656e-01,-4.767231396999999787e-02,-1.391505728000000039e-02
2.944795499999999788e-01,7.804494932000000107e-01,-4.765572271000000082e-02,-1.384801888000000009e-02
2.947393999999999847e-01,7.806638358999999916e-01,-4.733076628999999952e-02,-1.382921150999999980e-02
2.950001500000000165e-01,7.802766934999999515e-01,-4.683772669999999860e-02,-1.382762627000000064e-02
2.952619400000000005e-01,7.803223270000000378e-01,-4.593856795000000187e-02,-1.395283251999999974e-02
2.955238900000000113e-01,7.800883452000000329e-01,-4.488329306999999657e-02,-1.410240089999999918e-02
2.957855300000000187e-01,7.802631984000000243e-01,-4.352089514000000159e-02,-1.438345123999999926e-02
2.960470199999999941e-01,7.804520766000000442e-01,-4.183502746000000022e-02,-1.473227503000000028e-02
2.963082200000000110e-01,7.809975156999999779e-01,-4.030816646000000281e-02,-1.512872003999999986e-02
2.965692600000000012e-01,7.813719577000000083e-01,-3.850570745999999656e-02,-1.561694452000000032e-02
2.968299999999999828e-01,7.814624031000000359e-01,-3.665584418000000094e-02,-1.613318908999999968e-02
2.970905899999999877e-01,7.808976449000000208e-01,-3.504141318000000144e-02,-1.665358688999999878e-02
2.973511899999999875e-01,7.809310280000000271e-01,-3.358878788999999920e-02,-1.718013097999999961e-02
2.976117799999999924e-01,7.803608651000000229e-01,-3.287294050000000301e-02,-1.758455051000000144e-02
2.978723699999999974e-01,7.809282934000000287e-01,-3.229206287999999980e-02,-1.807031819000000025e-02
2.981331099999999790e-01,7.815487757000000313e-01,-3.161516207000000106e-02,-1.859279000000000140e-02
2.983940099999999873e-01,7.818857167999999636e-01,-3.126216594999999682e-02,-1.904632633999999922e-02
2.986550499999999775e-01,7.815778950999999752e-01,-3.104812557000000139e-02,-1.949995831999999998e-02
2.989165500000000031e-01,7.808300020999999758e-01,-3.072721474000000147e-02,-1.991853693000000119e-02
2.991785000000000139e-01,7.801804693999999651e-01,-3.036228631000000011e-02,-2.036426157000000015e-02
2.994409100000000046e-01,7.795647277999999680e-01,-3.029438603999999938e-02,-2.079163414999999834e-02
2.997039400000000020e-01,7.788389796000000365e-01,-2.989435274000000128e-02,-2.122770045000000119e-02
2.999674199999999846e-01,7.785544977999999672e-01,-2.966946952999999915e-02,-2.162676347000000096e-02
3.002315199999999740e-01,7.772704078000000072e-01,-2.937323052000000156e-02,-2.197130826999999995e-02
3.004960899999999935e-01,7.764408618999999456e-01,-2.853144755999999921e-02,-2.241667146999999985e-02
3.007611299999999876e-01,7.756449372000000508e-01,-2.784846242000000097e-02,-2.285134080999999887e-02
3.010266400000000120e-01,7.754283979999999632e-01,-2.709509926999999901e-02,-2.329867123999999901e-02
3.012926200000000110e-01,7.738468305000000269e-01,-2.581466565999999963e-02,-2.376225871000000114e-02
3.015593899999999827e-01,7.730950075000000421e-01,-2.414152410999999970e-02,-2.424783369999999882e-02
3.018269499999999828e-01,7.725427787999999962e-01,-2.237669582000000046e-02,-2.475455657999999989e-02
3.020953200000000005e-01,7.723002021999999522e-01,-2.056007124999999908e-02,-2.523088484999999950e-02
3.023646600000000073e-01,7.719807499999999933e-01,-1.885267587999999925e-02,-2.559742678999999896e-02
3.026351299999999744e-01,7.713864346000000038e-01,-1.759602404000000161e-02,-2.583359400000000139e-02
3.029067599999999971e-01,7.704200573999999690e-01,-1.635058097000000044e-02,-2.601482624000000035e-02
3.031795400000000251e-01,7.688842948999999871e-01,-1.526870404999999993e-02,-2.607658382999999969e-02
3.034536600000000139e-01,7.683148965999999636e-01,-1.401165080000000077e-02,-2.617742007999999954e-02
3.037289699999999870e-01,7.671383028999999576e-01,-1.331552719999999981e-02,-2.611460062000000096e-02
3.040056400000000214e-01,7.664354408000000340e-01,-1.290115558999999947e-02,-2.601075544999999906e-02
3.042835199999999740e-01,7.665366349000000135e-01,-1.281838299999999917e-02,-2.589280768999999843e-02
3.045622700000000238e-01,7.670317694999999603e-01,-1.208251465000000080e-02,-2.582804035999999859e-02
3.048396199999999778e-01,7.678598372999999588e-01,-1.180319013000000021e-02,-2.565173357999999890e-02
3.051154400000000155e-01,7.680005361999999725e-01,-1.103704284999999959e-02,-2.536918163999999851e-02
3.053897199999999756e-01,7.682632436999999870e-01,-1.041035960999999940e-02,-2.514208437999999879e-02
3.056623199999999874e-01,7.681817805999999749e-01,-9.954072790000000753e-03,-2.483610480000000148e-02
3.059332499999999899e-01,7.674158447000000161e-01,-9.515660969000000469e-03,-2.447169797000000105e-02
3.062025500000000178e-01,7.668846322000000271e-01,-9.260683368999999415e-03,-2.411373778999999912e-02
3.064702200000000154e-01,7.663677771000000361e-01,-8.685320600999999613e-03,-2.379255145999999849e-02
3.067362799999999723e-01,7.662660286000000376e-01,-8.334563899999999567e-03,-2.346823437000000040e-02
3.070006000000000124e-01,7.663960498999999871e-01,-7.981967855999999584e-03,-2.317680434999999997e-02
3.072632000000000141e-01,7.657947858000000441e-01,-8.144838701999999528e-03,-2.279338804000000107e-02
3.075240900000000277e-01,7.646414507000000027e-01,-8.411258771999999967e-03,-2.240052078999999960e-02
3.077834600000000087e-01,7.635152058999999936e-01,-8.729166216999999575e-03,-2.201751442999999933e-02
3.080414599999999892e-01,7.631777440000000468e-01,-9.354440573000000203e-03,-2.164528553999999980e-02
3.082982599999999906e-01,7.626199458000000320e-01,-1.001730598000000021e-02,-2.132205129000000129e-02
3.085540299999999792e-01,7.612978120000000182e-01,-1.065854962000000079e-02,-2.106131400999999848e-02
3.088090499999999738e-01,7.597162453000000371e-01,-1.151884224999999949e-02,-2.069412174000000160e-02
3.090636299999999781e-01,7.580921135999999505e-01,-1.276174314999999927e-02,-2.027677216999999865e-02
3.093177699999999919e-01,7.566889251999999733e-01,-1.375405625999999958e-02,-1.990666821999999975e-02
3.095719200000000004e-01,7.555955966999999829e-01,-1.486435430000000030e-02,-1.955487868999999934e-02
3.098263499999999726e-01,7.548365979000000170e-01,-1.594861548000000087e-02,-1.928799738000000139e-02
3.100815299999999941e-01,7.540816835000000440e-01,-1.690394866999999843e-02,-1.911103066000000017e-02
3.103375899999999965e-01,7.540334829999999489e-01,-1.790660636000000056e-02,-1.898295515999999863e-02
3.105951499999999865e-01,7.539921684000000512e-01,-1.907974125000000062e-02,-1.888519220999999859e-02
3.108543899999999804e-01,7.554325338999999806e-01,-2.001351751999999942e-02,-1.890827528999999840e-02
3.111154799999999998e-01,7.577129782999999508e-01,-2.095346148000000117e-02,-1.900527081999999965e-02
3.113786000000000054e-01,7.598857243000000095e-01,-2.190282204999999954e-02,-1.909381782999999833e-02
3.116437799999999814e-01,7.619144440999999768e-01,-2.293492160000000155e-02,-1.915704426999999960e-02
3.119109099999999857e-01,7.636008176999999897e-01,-2.408893356000000111e-02,-1.911908875999999979e-02
3.121777099999999971e-01,7.665414285999999633e-01,-2.533279374000000153e-02,-1.912670862999999929e-02
3.124433799999999928e-01,7.694494343000000125e-01,-2.687617632000000034e-02,-1.895365918999999955e-02
3.127079300000000228e-01,7.725281425000000146e-01,-2.889632840000000077e-02,-1.872014519999999974e-02
3.129713599999999762e-01,7.751575357000000110e-01,-3.090398037000000042e-02,-1.843582418000000098e-02
3.132338399999999856e-01,7.775002017000000043e-01,-3.329497213000000289e-02,-1.805429978999999879e-02
3.134952200000000189e-01,7.795889826999999883e-01,-3.617125261000000286e-02,-1.754961847000000019e-02
3.137556599999999918e-01,7.831951448999999732e-01,-3.892921262000000049e-02,-1.714404304000000101e-02
3.140151700000000101e-01,7.859606030000000354e-01,-4.178644006999999994e-02,-1.661239188000000061e-02
3.142737700000000078e-01,7.888553101999999928e-01,-4.488039550999999711e-02,-1.606037467999999954e-02
3.145314399999999955e-01,7.909515463999999829e-01,-4.797833974000000057e-02,-1.541316684000000083e-02
3.147882000000000180e-01,7.923221034999999857e-01,-5.121728967999999993e-02,-1.458456875000000048e-02
3.150442099999999912e-01,7.936900648000000391e-01,-5.416681060999999769e-02,-1.374936097000000086e-02
3.152996100000000079e-01,7.940607427000000440e-01,-5.706851280999999942e-02,-1.285687374000000008e-02
3.155544200000000021e-01,7.956722762000000282e-01,-5.942567970999999838e-02,-1.216883120999999977e-02
3.158086299999999791e-01,7.970858491000000212e-01,-6.139489253000000174e-02,-1.160491718000000033e-02
3.160622499999999890e-01,7.975271935000000090e-01,-6.273717649000000451e-02,-1.112529846999999947e-02
3.163154200000000138e-01,7.970064065999999947e-01,-6.410242168999999435e-02,-1.059387464000000056e-02
3.165684500000000012e-01,7.963518050000000237e-01,-6.567039102999999711e-02,-1.001908005000000032e-02
3.168213200000000174e-01,7.965769255000000326e-01,-6.695190911999999994e-02,-9.545713390000000118e-03
3.170741999999999727e-01,7.960020767000000053e-01,-6.826834967000000587e-02,-9.082946014000000540e-03
3.173272200000000209e-01,7.945529437999999667e-01,-6.931487008999999422e-02,-8.652184138000000579e-03
3.175802500000000084e-01,7.917981340999999951e-01,-6.987856302999999325e-02,-8.291039166000000252e-03
3.178334199999999776e-01,7.883240786999999861e-01,-7.019529187999999642e-02,-7.934889460000000422e-03
3.180868900000000110e-01,7.836436079999999915e-01,-7.007727329000000560e-02,-7.611462272999999605e-03
3.183408099999999741e-01,7.806400178000000301e-01,-6.941268788000000411e-02,-7.488738443000000390e-03
3.185953300000000099e-01,7.775872261999999813e-01,-6.813293429000000234e-02,-7.538376507000000420e-03
3.188504400000000127e-01,7.742923811999999906e-01,-6.663770780000000116e-02,-7.597279509000000319e-03
3.191063199999999989e-01,7.717729238999999630e-01,-6.497699378000000581e-02,-7.726625988999999937e-03
3.193628000000000022e-01,7.704353206999999815e-01,-6.264029985999999828e-02,-8.155013351000000785e-03
3.196199000000000123e-01,7.692120205000000377e-01,-6.016370444000000012e-02,-8.731477971000000532e-03
3.198776099999999789e-01,7.677182117999999944e-01,-5.778216991000000025e-02,-9.288593940999999646e-03
3.201359400000000077e-01,7.661067295000000277e-01,-5.505119333999999864e-02,-9.952154155000000196e-03
3.203950600000000093e-01,7.657015269000000401e-01,-5.181069945999999815e-02,-1.089386483000000065e-02
3.206547900000000229e-01,7.659604990999999696e-01,-4.804826687000000179e-02,-1.194236933999999993e-02
3.209153200000000039e-01,7.657641253000000425e-01,-4.462594319999999698e-02,-1.289756176999999962e-02
3.211766400000000132e-01,7.654409021000000424e-01,-4.136675925999999670e-02,-1.388885349999999935e-02
3.214389100000000221e-01,7.658046841000000216e-01,-3.844569801000000120e-02,-1.484829806000000085e-02
3.217019999999999880e-01,7.663813363000000489e-01,-3.566913248999999814e-02,-1.583147542000000116e-02
3.219660500000000036e-01,7.675184798999999947e-01,-3.277880382000000065e-02,-1.685853316999999865e-02
3.222309199999999763e-01,7.679064036999999621e-01,-2.978624796999999880e-02,-1.783275594000000019e-02
3.224967799999999829e-01,7.684477858999999578e-01,-2.711277210000000160e-02,-1.885944830999999877e-02
3.227636400000000183e-01,7.698729403999999832e-01,-2.446306624999999846e-02,-1.992177912000000009e-02
3.230315000000000270e-01,7.714262984999999961e-01,-2.226660075000000058e-02,-2.094536825999999963e-02
3.233001999999999820e-01,7.736114465000000218e-01,-1.970853050000000162e-02,-2.200468113999999933e-02
3.235699200000000109e-01,7.746336395999999791e-01,-1.760797098999999921e-02,-2.289377033000000033e-02
3.238404999999999756e-01,7.758716232000000268e-01,-1.562215003000000033e-02,-2.371595523999999941e-02
3.241121100000000088e-01,7.770702395999999901e-01,-1.329424971000000080e-02,-2.456730181000000082e-02
3.243845899999999727e-01,7.787420546000000110e-01,-1.054919313999999955e-02,-2.549099359000000023e-02
3.246579499999999729e-01,7.810095358999999959e-01,-7.901465427999999902e-03,-2.642636574999999988e-02
3.249321900000000096e-01,7.837297471999999932e-01,-5.304520654999999620e-03,-2.736206101000000085e-02
3.252071300000000109e-01,7.861190517999999683e-01,-3.185965061999999990e-03,-2.822312445999999864e-02
3.254827900000000218e-01,7.881131747999999826e-01,-1.448339038999999938e-03,-2.892185778000000082e-02
3.257591699999999868e-01,7.890967573999999596e-01,-3.223216033999999749e-04,-2.940751947000000074e-02
3.260362700000000169e-01,7.903284063000000081e-01,3.513531474000000242e-04,-2.983675203000000012e-02
3.263140999999999958e-01,7.913024589999999581e-01,2.532362744000000087e-04,-3.011220155999999940e-02
3.265908399999999934e-01,7.925127030999999933e-01,-2.238409784999999914e-04,-3.029155767000000013e-02
3.268663199999999880e-01,7.922584860000000395e-01,-1.058372439999999892e-03,-3.028444765000000080e-02
3.271407199999999960e-01,7.906765238999999834e-01,-2.242990807000000072e-03,-3.013008471999999854e-02
3.274140600000000068e-01,7.892688652999999555e-01,-3.424027021999999972e-03,-2.993457718000000142e-02
3.276865199999999811e-01,7.879787162000000400e-01,-4.796492698000000103e-03,-2.972210752999999983e-02
3.279581100000000249e-01,7.864919112999999573e-01,-6.451615921000000177e-03,-2.940962378000000141e-02
3.282288199999999767e-01,7.838430249000000183e-01,-8.521703388000000448e-03,-2.890201941000000024e-02
3.284986699999999926e-01,7.819260100999999574e-01,-1.016886860999999947e-02,-2.851037657999999989e-02
3.287674800000000008e-01,7.798252222999999539e-01,-1.165971434999999931e-02,-2.808133703000000037e-02
3.290351000000000248e-01,7.776652467000000346e-01,-1.327761231000000076e-02,-2.765285938999999943e-02
3.293016999999999750e-01,7.746413054999999881e-01,-1.478264550999999934e-02,-2.721679017000000131e-02
3.295676300000000003e-01,7.706128285000000133e-01,-1.580933077000000117e-02,-2.681409498999999877e-02
3.298330600000000112e-01,7.672399295999999813e-01,-1.636149993999999955e-02,-2.661836466999999845e-02
3.300983100000000059e-01,7.643104121999999556e-01,-1.654981147999999916e-02,-2.659458115999999844e-02
3.303635699999999953e-01,7.614705011000000301e-01,-1.683563092000000053e-02,-2.649565757000000091e-02
3.306288299999999847e-01,7.593765751000000064e-01,-1.726076097000000045e-02,-2.642418361999999965e-02
3.308942500000000009e-01,7.579728272000000322e-01,-1.734103358000000164e-02,-2.645775418000000101e-02
3.311596800000000118e-01,7.569473359999999706e-01,-1.743025414000000037e-02,-2.655577416000000010e-02
3.314250999999999725e-01,7.558974514999999839e-01,-1.745906410000000117e-02,-2.666621916000000078e-02
3.316905299999999834e-01,7.547679039000000367e-01,-1.735546761000000132e-02,-2.679555075999999827e-02
3.319557799999999781e-01,7.534097752999999731e-01,-1.740669786000000052e-02,-2.685707057999999967e-02
3.322208700000000015e-01,7.522672979000000204e-01,-1.745783035999999913e-02,-2.690675916999999903e-02
3.324857900000000033e-01,7.511926751999999929e-01,-1.735961139999999889e-02,-2.694275469000000089e-02
3.327505399999999836e-01,7.509343521000000354e-01,-1.713854160000000126e-02,-2.698166622999999958e-02
3.330151299999999925e-01,7.506177966999999507e-01,-1.697245640999999958e-02,-2.698435476999999985e-02
3.332795399999999852e-01,7.506753097999999680e-01,-1.699252199999999949e-02,-2.690996920999999889e-02
3.335437900000000067e-01,7.512412262000000007e-01,-1.715448427999999997e-02,-2.676558398000000033e-02
3.338078800000000013e-01,7.517633579000000399e-01,-1.750802565000000172e-02,-2.657071285000000074e-02
3.340716200000000136e-01,7.522105303999999659e-01,-1.778055959000000158e-02,-2.638293715000000067e-02
3.343351999999999991e-01,7.531267645000000455e-01,-1.833032680999999858e-02,-2.616050027999999861e-02
3.345984499999999917e-01,7.539178932000000222e-01,-1.887200257000000089e-02,-2.590298008999999957e-02
3.348613599999999968e-01,7.548832912999999811e-01,-1.924493921999999996e-02,-2.570219797000000000e-02
3.351241099999999751e-01,7.558249797999999631e-01,-1.932127591000000130e-02,-2.553195532000000073e-02
3.353868500000000141e-01,7.570169987000000544e-01,-1.940649955000000107e-02,-2.537667672999999874e-02
3.356497600000000192e-01,7.580922726000000056e-01,-1.940266519000000134e-02,-2.524848505999999909e-02
3.359131799999999779e-01,7.581211849000000225e-01,-1.958543752999999943e-02,-2.493929643000000057e-02
3.361771000000000065e-01,7.578449493000000148e-01,-1.991774491000000008e-02,-2.466214664000000029e-02
3.364415199999999939e-01,7.568614746999999809e-01,-1.995357278000000137e-02,-2.446089661000000123e-02
3.367066200000000120e-01,7.557075451000000443e-01,-1.996744279999999871e-02,-2.430394631999999860e-02
3.369724000000000053e-01,7.541615371000000012e-01,-2.017793699999999996e-02,-2.413713777000000074e-02
3.372388700000000239e-01,7.527259813000000133e-01,-2.021020985000000075e-02,-2.400578482000000069e-02
3.375060300000000124e-01,7.511522447999999796e-01,-1.999075478000000156e-02,-2.387958999999999915e-02
3.377742300000000086e-01,7.499724476000000362e-01,-1.988685846000000021e-02,-2.375843764999999858e-02
3.380436600000000236e-01,7.493535644000000051e-01,-1.982684637999999888e-02,-2.362210646000000025e-02
3.383143299999999964e-01,7.485479973999999981e-01,-1.982158813999999880e-02,-2.342473180000000099e-02
3.385866100000000101e-01,7.477102399999999705e-01,-1.973188919000000083e-02,-2.330618018000000027e-02
3.388603399999999821e-01,7.468585295999999873e-01,-1.979376157999999941e-02,-2.321214103999999848e-02
3.391355300000000184e-01,7.452257155999999494e-01,-1.968912192000000019e-02,-2.317591740999999997e-02
3.394123900000000082e-01,7.431989269000000009e-01,-1.967564034999999892e-02,-2.310661502999999950e-02
3.396907599999999805e-01,7.416791754999999542e-01,-1.968277365999999973e-02,-2.311431137000000136e-02
3.399687499999999862e-01,7.403906741000000347e-01,-1.981139654999999888e-02,-2.304948964000000031e-02
3.402461700000000144e-01,7.392646713999999619e-01,-1.990255976000000065e-02,-2.296676637999999979e-02
3.405230300000000043e-01,7.383048687000000054e-01,-1.980995255999999996e-02,-2.288471624999999926e-02
3.407993300000000114e-01,7.373301503000000423e-01,-2.003467399000000149e-02,-2.277670601000000156e-02
3.410748900000000194e-01,7.368208210000000147e-01,-2.002738968000000036e-02,-2.272367595000000101e-02
3.413496999999999781e-01,7.363042551999999796e-01,-1.973527325000000096e-02,-2.268825064000000100e-02
3.416237799999999880e-01,7.359172277000000095e-01,-1.974259219999999898e-02,-2.252856983000000105e-02
3.418971199999999988e-01,7.358033886000000523e-01,-1.933938987999999845e-02,-2.243362092999999849e-02
3.421697400000000000e-01,7.351925503999999778e-01,-1.886278444999999956e-02,-2.229702713000000086e-02
3.424414399999999858e-01,7.345356996999999888e-01,-1.822640542999999849e-02,-2.215238237000000110e-02
3.427124300000000123e-01,7.338487875000000438e-01,-1.764779973000000016e-02,-2.196949276000000062e-02
3.429825100000000182e-01,7.333646968999999460e-01,-1.713629108999999845e-02,-2.180976192000000022e-02
3.432518800000000092e-01,7.339040584999999561e-01,-1.659571659000000018e-02,-2.166673989000000161e-02
3.435208900000000232e-01,7.337909155999999822e-01,-1.603247810000000065e-02,-2.147769328000000144e-02
3.437895499999999993e-01,7.328544006999999638e-01,-1.521879391000000026e-02,-2.125147770000000019e-02
3.440580300000000147e-01,7.316363063999999916e-01,-1.433421418999999974e-02,-2.099537247999999981e-02
3.443266899999999908e-01,7.306068579000000174e-01,-1.344519062000000022e-02,-2.081980824999999855e-02
3.445953500000000225e-01,7.295564867999999592e-01,-1.251490669999999993e-02,-2.061660443000000106e-02
3.448641800000000202e-01,7.283032711000000381e-01,-1.162270919000000027e-02,-2.042727814000000128e-02
3.451331999999999733e-01,7.271723187999999949e-01,-1.072380717000000032e-02,-2.028489474000000001e-02
3.454025700000000199e-01,7.258605160000000112e-01,-9.850255009000000866e-03,-2.015090510000000154e-02
3.456722999999999879e-01,7.242368553000000375e-01,-8.907290737999999652e-03,-2.003764578999999921e-02
3.459423899999999885e-01,7.233367713999999671e-01,-8.308666188000000258e-03,-1.992689447999999863e-02
3.462132099999999935e-01,7.221038427000000537e-01,-8.047953897000000370e-03,-1.979096022000000066e-02
3.464845699999999917e-01,7.212322326000000228e-01,-7.713832585999999721e-03,-1.972537695000000160e-02
3.467564799999999781e-01,7.206839384000000015e-01,-7.621038790000000430e-03,-1.968894344999999949e-02
3.470289400000000080e-01,7.208794719000000129e-01,-7.554474242000000159e-03,-1.975085265999999840e-02
3.473019600000000207e-01,7.213693600999999678e-01,-7.932136757000000232e-03,-1.974552191999999831e-02
3.475751599999999941e-01,7.222898012999999784e-01,-8.263878663999999624e-03,-1.974220060999999984e-02
3.478485499999999786e-01,7.234270001000000505e-01,-8.917119588000000513e-03,-1.972830081999999915e-02
3.481221199999999794e-01,7.248587056999999945e-01,-9.797857094000000586e-03,-1.974717612000000122e-02
3.483956899999999801e-01,7.264548350999999737e-01,-1.067164307000000034e-02,-1.976981863999999894e-02
3.486694499999999919e-01,7.280599247000000274e-01,-1.148225137000000000e-02,-1.989068909000000010e-02
3.489432100000000037e-01,7.300465751000000392e-01,-1.257100130999999968e-02,-2.003935676000000166e-02
3.492169700000000154e-01,7.324597032999999868e-01,-1.378203908999999991e-02,-2.022380127000000111e-02
3.494907300000000272e-01,7.354150838999999884e-01,-1.479765845000000080e-02,-2.042846196000000156e-02
3.497646699999999997e-01,7.377918556000000461e-01,-1.602935534999999981e-02,-2.054975901000000160e-02
3.500388099999999780e-01,7.396797270999999618e-01,-1.727645948999999986e-02,-2.067841105999999873e-02
3.503133199999999836e-01,7.413679153000000133e-01,-1.847451614999999839e-02,-2.078749896999999847e-02
3.505882100000000112e-01,7.419857016999999999e-01,-2.000019868999999839e-02,-2.071473227999999847e-02
3.508636600000000216e-01,7.424482167999999493e-01,-2.164208159000000076e-02,-2.056202546999999839e-02
3.511396900000000043e-01,7.427624288999999935e-01,-2.300999738999999836e-02,-2.042796938000000090e-02
3.514162900000000200e-01,7.434631295000000417e-01,-2.462697732000000000e-02,-2.028999776000000102e-02
3.516934700000000080e-01,7.437292384999999451e-01,-2.636176846000000060e-02,-2.003950897000000148e-02
3.519714199999999793e-01,7.446198878999999993e-01,-2.801906975000000022e-02,-1.982918139999999968e-02
3.522501599999999788e-01,7.454170593000000178e-01,-2.952062231999999856e-02,-1.961953140999999831e-02
3.525294700000000114e-01,7.458529077000000118e-01,-3.086434173000000142e-02,-1.941473173999999982e-02
3.528091899999999947e-01,7.462673028999999847e-01,-3.220982562000000021e-02,-1.915896942000000144e-02
3.530883100000000163e-01,7.467185683999999490e-01,-3.341954910000000112e-02,-1.887834851000000022e-02
3.533670400000000211e-01,7.473758242000000385e-01,-3.471744174000000044e-02,-1.862196371999999892e-02
3.536451800000000034e-01,7.479750976000000273e-01,-3.609692896999999734e-02,-1.834390502999999964e-02
3.539227400000000134e-01,7.481782887000000271e-01,-3.738651978000000209e-02,-1.800539917999999934e-02
3.541995199999999899e-01,7.477254462000000323e-01,-3.896945504000000338e-02,-1.749382802000000112e-02
3.544757299999999889e-01,7.472548542000000404e-01,-4.039757176000000061e-02,-1.692463257000000054e-02
3.547513600000000156e-01,7.459478726999999587e-01,-4.174352631000000091e-02,-1.624905634000000168e-02
3.550264100000000145e-01,7.453254365000000492e-01,-4.309012941999999791e-02,-1.562772814000000163e-02
3.553008799999999856e-01,7.448322574000000307e-01,-4.433348408999999990e-02,-1.501856868999999935e-02
3.555749799999999849e-01,7.442770351999999923e-01,-4.590206824000000324e-02,-1.428730521000000017e-02
3.558485100000000068e-01,7.436890541999999771e-01,-4.717411223000000237e-02,-1.349223073000000057e-02
3.561216600000000065e-01,7.417056864000000083e-01,-4.835325223999999839e-02,-1.259975254000000010e-02
3.563946100000000006e-01,7.396687118000000449e-01,-4.945870716999999778e-02,-1.179228851999999939e-02
3.566673799999999783e-01,7.374579770000000423e-01,-5.031570731999999990e-02,-1.101630148000000073e-02
3.569399600000000006e-01,7.356740768999999736e-01,-5.087397929999999679e-02,-1.033309284000000043e-02
3.572123500000000118e-01,7.340270991999999772e-01,-5.168899443999999677e-02,-9.628999868999999628e-03
3.574845500000000120e-01,7.331233118000000104e-01,-5.236340911000000181e-02,-8.991814028000000639e-03
3.577563799999999850e-01,7.324509851999999599e-01,-5.313844504000000274e-02,-8.344947630000000213e-03
3.580276399999999803e-01,7.328058888999999798e-01,-5.395535031999999787e-02,-7.772211799999999629e-03
3.582981499999999819e-01,7.333266344000000103e-01,-5.481785378000000181e-02,-7.236769405000000217e-03
3.585679199999999844e-01,7.346732766000000359e-01,-5.573581578000000314e-02,-6.801066482999999947e-03
3.588365800000000161e-01,7.359215443000000079e-01,-5.631891219000000059e-02,-6.492269412000000253e-03
3.591041300000000214e-01,7.372316302000000432e-01,-5.695194214000000310e-02,-6.286649382999999827e-03
3.593704099999999735e-01,7.391165003999999872e-01,-5.731794129000000043e-02,-6.257998623999999968e-03
3.596354199999999834e-01,7.408742015999999486e-01,-5.760665040000000070e-02,-6.306598434000000065e-03
3.598993600000000015e-01,7.434293897999999512e-01,-5.791773916000000216e-02,-6.450501114000000390e-03
3.601622300000000276e-01,7.460480346000000207e-01,-5.825912267000000339e-02,-6.664481673000000224e-03
3.604240400000000011e-01,7.485742388999999664e-01,-5.865981622000000090e-02,-6.918841200000000295e-03
3.606849799999999884e-01,7.510146537999999872e-01,-5.913130548000000014e-02,-7.187349449999999931e-03
3.609452100000000163e-01,7.543387239000000077e-01,-5.982624345999999760e-02,-7.525533963999999666e-03
3.612045799999999973e-01,7.580946708000000367e-01,-6.054986589999999946e-02,-7.992491294999999260e-03
3.614632600000000084e-01,7.624326084000000447e-01,-6.113701330000000100e-02,-8.575684654000000073e-03
3.617210900000000229e-01,7.662831329999999497e-01,-6.217703217000000032e-02,-9.050269132999999577e-03
3.619782200000000172e-01,7.697808711000000415e-01,-6.335393598999999876e-02,-9.506431411000000609e-03
3.622346799999999756e-01,7.730405645000000270e-01,-6.419818051999999498e-02,-1.003117849999999971e-02
3.624902999999999875e-01,7.760480312999999963e-01,-6.496381984000000609e-02,-1.051209931999999916e-02
3.627448999999999812e-01,7.790754935000000492e-01,-6.586469725999999358e-02,-1.097674510999999999e-02
3.629986700000000233e-01,7.815332874999999513e-01,-6.693682680000000162e-02,-1.142249600999999982e-02
3.632516100000000026e-01,7.831608209000000542e-01,-6.808676229000000524e-02,-1.176415243999999992e-02
3.635038999999999909e-01,7.849303807999999938e-01,-6.907091777000000377e-02,-1.215227716000000062e-02
3.637556900000000204e-01,7.869650885000000207e-01,-6.972318064999999399e-02,-1.260528414000000076e-02
3.640069799999999800e-01,7.878417812000000353e-01,-7.085811967999999794e-02,-1.292867869999999968e-02
3.642576299999999989e-01,7.894831575999999851e-01,-7.211108283999999313e-02,-1.324054302999999946e-02
3.645076199999999766e-01,7.906231767000000410e-01,-7.308609329000000099e-02,-1.356103550999999963e-02
3.647569700000000137e-01,7.914300938999999646e-01,-7.386760236999999341e-02,-1.387655085999999968e-02
3.650058400000000258e-01,7.919618828000000166e-01,-7.422076929000000212e-02,-1.420964972999999923e-02
3.652545400000000164e-01,7.929056383000000485e-01,-7.424341557999999952e-02,-1.462375336000000005e-02
3.655035699999999999e-01,7.933360456000000394e-01,-7.424701988000000086e-02,-1.491748824999999945e-02
3.657530800000000082e-01,7.933074982000000164e-01,-7.400617878000000094e-02,-1.521242004000000064e-02
3.660032400000000075e-01,7.922285669999999946e-01,-7.399699563999999341e-02,-1.533452685000000031e-02
3.662542200000000192e-01,7.914791989999999666e-01,-7.388096489999999850e-02,-1.547435091999999936e-02
3.665060199999999879e-01,7.901136719000000364e-01,-7.367499129000000535e-02,-1.556997799000000085e-02
3.667588199999999854e-01,7.883731685000000544e-01,-7.300318990000000119e-02,-1.570585521000000123e-02
3.670126200000000116e-01,7.860265993999999701e-01,-7.203659836999999622e-02,-1.576373164000000049e-02
3.672674300000000058e-01,7.844206782999999517e-01,-7.085836325000000047e-02,-1.585391128000000066e-02
3.675234399999999790e-01,7.825665696000000393e-01,-6.975798605999999902e-02,-1.586157285999999916e-02
3.677806599999999815e-01,7.814540533999999594e-01,-6.850593534000000429e-02,-1.592196367000000071e-02
3.680389099999999969e-01,7.795089933000000082e-01,-6.722104293000000230e-02,-1.587075211000000055e-02
3.682984000000000258e-01,7.778738053999999513e-01,-6.582429267000000639e-02,-1.579192361000000128e-02
3.685589400000000015e-01,7.763818767000000287e-01,-6.461903552999999356e-02,-1.570877592999999836e-02
3.688205600000000195e-01,7.746266281000000475e-01,-6.335467850999999817e-02,-1.568660695000000105e-02
3.690834499999999796e-01,7.726226868000000136e-01,-6.201646845000000074e-02,-1.568106415000000003e-02
3.693479700000000254e-01,7.699673057999999459e-01,-6.079893226000000067e-02,-1.571827212999999876e-02
3.696112200000000181e-01,7.669732383999999792e-01,-5.941900533999999734e-02,-1.574383300999999957e-02
3.698730100000000021e-01,7.647515394999999661e-01,-5.775031777999999755e-02,-1.584891286999999885e-02
3.701335499999999779e-01,7.638407342999999905e-01,-5.617241582000000177e-02,-1.609268218999999889e-02
3.703928400000000010e-01,7.628617185999999606e-01,-5.473724382000000332e-02,-1.624108851999999867e-02
3.706510800000000216e-01,7.616764932999999793e-01,-5.308198668999999925e-02,-1.646707929999999959e-02
3.709082699999999844e-01,7.601786288999999863e-01,-5.137962641999999774e-02,-1.671634519999999971e-02
3.711645800000000217e-01,7.596135645999999575e-01,-4.974079440999999713e-02,-1.708229408000000102e-02
3.714200300000000121e-01,7.592520405999999555e-01,-4.800769870999999772e-02,-1.752545072999999939e-02
3.716748000000000274e-01,7.584144164999999660e-01,-4.627357339000000291e-02,-1.792247513000000056e-02
3.719288800000000172e-01,7.576907585000000056e-01,-4.402105575999999687e-02,-1.847266252999999955e-02
3.721826200000000195e-01,7.586593871000000266e-01,-4.202141410000000132e-02,-1.911405349999999864e-02
3.724361900000000003e-01,7.593581027000000372e-01,-4.038725591000000281e-02,-1.964503322000000010e-02
3.726897599999999811e-01,7.606971500000000441e-01,-3.857250344999999664e-02,-2.019847380999999914e-02
3.729434899999999886e-01,7.612204830000000033e-01,-3.642780987000000109e-02,-2.071404729999999986e-02
3.731975799999999732e-01,7.619309156000000360e-01,-3.474268518000000333e-02,-2.121927515000000125e-02
3.734520000000000062e-01,7.634401963000000402e-01,-3.309078012999999707e-02,-2.173840855000000113e-02
3.737067700000000214e-01,7.655686587000000154e-01,-3.135600823999999676e-02,-2.228107656000000159e-02
3.739620599999999850e-01,7.681724145999999642e-01,-2.950743642999999888e-02,-2.283273601000000014e-02
3.742182099999999956e-01,7.703240007999999639e-01,-2.779224904999999871e-02,-2.334144775000000088e-02
3.744752499999999817e-01,7.726006100000000210e-01,-2.610389545999999839e-02,-2.378301978999999844e-02
3.747331600000000096e-01,7.751029792000000418e-01,-2.480221135999999965e-02,-2.413808171999999932e-02
3.749921399999999738e-01,7.763192912999999917e-01,-2.331322099999999856e-02,-2.438419053999999961e-02
3.752522099999999750e-01,7.771213603000000081e-01,-2.213075425999999971e-02,-2.456742416000000026e-02
3.755133500000000235e-01,7.775158204000000017e-01,-2.127477340999999952e-02,-2.464302785999999967e-02
3.757755999999999874e-01,7.774863805999999711e-01,-2.017577813999999956e-02,-2.478917723000000073e-02
3.760389499999999829e-01,7.776141784000000223e-01,-1.945470422000000060e-02,-2.486528932000000094e-02
3.763032399999999833e-01,7.773447334999999958e-01,-1.870279982999999840e-02,-2.493860176000000164e-02
3.765686400000000100e-01,7.769439462999999657e-01,-1.802727826000000144e-02,-2.503508134999999843e-02
3.768351899999999866e-01,7.754340507000000438e-01,-1.726705553999999948e-02,-2.507668173000000139e-02
3.771030799999999794e-01,7.746454714999999602e-01,-1.680652108000000103e-02,-2.507182309000000053e-02
3.773721199999999776e-01,7.737121787999999833e-01,-1.629560094999999917e-02,-2.514587635999999959e-02
3.776423400000000208e-01,7.728519903999999663e-01,-1.588779736000000067e-02,-2.524352116000000076e-02
3.779137399999999980e-01,7.714007966999999466e-01,-1.545292508999999981e-02,-2.541540050999999828e-02
3.781865300000000207e-01,7.698432471999999693e-01,-1.474708180999999979e-02,-2.558995131999999839e-02
3.784605200000000225e-01,7.677575755000000113e-01,-1.420195905999999987e-02,-2.575749969000000125e-02
3.787357399999999874e-01,7.664135138000000014e-01,-1.387780081999999936e-02,-2.591964314000000033e-02
3.790121799999999763e-01,7.652228097000000062e-01,-1.305884531999999994e-02,-2.619716768000000112e-02
3.792898699999999734e-01,7.643167641000000456e-01,-1.219315229000000021e-02,-2.652774265000000173e-02
3.795685999999999782e-01,7.635764896000000190e-01,-1.108783730999999932e-02,-2.686411438000000165e-02
3.798481699999999850e-01,7.629662333000000185e-01,-9.820882309000000462e-03,-2.722100029999999921e-02
3.801285899999999884e-01,7.624747375999999521e-01,-8.921986240999999276e-03,-2.753171344999999839e-02
3.804098599999999886e-01,7.615736686999999838e-01,-8.100946327999999919e-03,-2.780073981999999985e-02
3.806917699999999849e-01,7.611447042000000218e-01,-7.627539844999999680e-03,-2.804265815000000009e-02
3.809743300000000277e-01,7.596537949999999650e-01,-7.165731217000000271e-03,-2.825405903000000052e-02
3.812575500000000006e-01,7.584520242000000190e-01,-6.938758486000000392e-03,-2.845310792000000158e-02
3.815411899999999745e-01,7.573189553000000407e-01,-6.509960216999999966e-03,-2.871096851000000047e-02
3.818254999999999844e-01,7.558668185000000372e-01,-6.279369844000000020e-03,-2.886847957999999839e-02
3.821104599999999851e-01,7.533823584000000073e-01,-5.915786436999999690e-03,-2.891323385999999829e-02
3.823960900000000218e-01,7.512409169999999525e-01,-5.807298417999999865e-03,-2.892555524000000114e-02
3.826826099999999786e-01,7.487066167999999466e-01,-5.867335109000000430e-03,-2.891650089999999937e-02
3.829698000000000269e-01,7.464448289999999764e-01,-5.951172226000000197e-03,-2.895195647000000164e-02
3.832576699999999947e-01,7.445419131999999607e-01,-6.134387911999999651e-03,-2.892749630000000099e-02
3.835462099999999985e-01,7.428571789000000258e-01,-6.262307045000000197e-03,-2.896017894000000106e-02
3.838352199999999770e-01,7.411646581999999928e-01,-6.415025942000000120e-03,-2.893938444000000026e-02
3.841248999999999914e-01,7.392889235999999809e-01,-6.348481454999999919e-03,-2.889360392000000013e-02
3.844150499999999804e-01,7.375033196000000402e-01,-6.215656838000000080e-03,-2.877774430000000147e-02
3.847056600000000048e-01,7.354577387999999827e-01,-6.053591288000000244e-03,-2.862231242000000050e-02
3.849967300000000092e-01,7.341464902000000015e-01,-5.795581420999999789e-03,-2.844884211000000065e-02
3.852882699999999883e-01,7.332177266999999610e-01,-5.659633675999999752e-03,-2.822787804999999858e-02
3.855800300000000180e-01,7.329775001999999651e-01,-5.336135958000000172e-03,-2.799564448999999899e-02
3.858720400000000272e-01,7.332852100000000206e-01,-5.085354246999999710e-03,-2.778334941999999891e-02
3.861642800000000264e-01,7.337288576999999590e-01,-4.423189125999999610e-03,-2.761211698000000034e-02
3.864567500000000155e-01,7.338629241999999886e-01,-3.720035602000000205e-03,-2.745799679999999868e-02
3.867492200000000047e-01,7.339940707000000009e-01,-2.676520959000000012e-03,-2.729342259999999881e-02
3.870419299999999785e-01,7.348007397000000385e-01,-1.656481417000000081e-03,-2.724811485999999866e-02
3.873346400000000078e-01,7.361388625000000463e-01,-4.630306508000000079e-04,-2.726202587999999871e-02
3.876275800000000271e-01,7.371620424999999477e-01,3.910833859999999986e-04,-2.724217694000000134e-02
3.879207599999999756e-01,7.383374986999999834e-01,1.050209429000000102e-03,-2.718241610999999960e-02
3.882141800000000198e-01,7.398137890999999522e-01,9.855193426999999100e-04,-2.709273365999999988e-02
3.885078399999999932e-01,7.408825843999999883e-01,4.896245710000000223e-04,-2.689977944000000037e-02
3.888017400000000068e-01,7.412031663000000492e-01,-2.581007527000000242e-04,-2.663553897000000073e-02
3.890961099999999950e-01,7.410301073999999710e-01,-1.851528923000000069e-03,-2.624216260000000051e-02
3.893907300000000182e-01,7.398597937999999985e-01,-3.625543984000000140e-03,-2.577583010000000091e-02
3.896855799999999759e-01,7.385360958000000142e-01,-5.723017841999999619e-03,-2.521822735000000051e-02
3.899804399999999838e-01,7.381601517000000445e-01,-8.141852345000000560e-03,-2.471958369000000141e-02
3.902755399999999764e-01,7.381825544000000239e-01,-1.088118547000000054e-02,-2.413336215000000048e-02
3.905706299999999742e-01,7.386114796999999621e-01,-1.345560712999999999e-02,-2.365441420999999864e-02
3.908654899999999821e-01,7.387676538999999876e-01,-1.609027228999999892e-02,-2.312521172000000028e-02
3.911601000000000106e-01,7.394603531000000229e-01,-1.919603419999999991e-02,-2.259701718999999887e-02
3.914544799999999936e-01,7.399357425000000488e-01,-2.189918750000000025e-02,-2.209702079000000138e-02
3.917483700000000124e-01,7.410606798000000106e-01,-2.476262281999999995e-02,-2.161825766000000093e-02
3.920415300000000269e-01,7.423480572999999749e-01,-2.731967040999999999e-02,-2.119035173999999841e-02
3.923337499999999811e-01,7.431858690999999517e-01,-2.972230183999999970e-02,-2.072970678999999997e-02
3.926247700000000118e-01,7.435371476000000035e-01,-3.219377737000000267e-02,-2.023020893000000014e-02
3.929146099999999975e-01,7.438146264999999646e-01,-3.436216026000000340e-02,-1.975187324999999952e-02
3.932032799999999884e-01,7.447328548999999631e-01,-3.643149369999999776e-02,-1.925905940000000038e-02
3.934905599999999892e-01,7.451943535999999702e-01,-3.844406028999999836e-02,-1.877584904000000054e-02
3.937764500000000001e-01,7.460830289000000004e-01,-4.050866453000000200e-02,-1.831438938000000058e-02
3.940609700000000104e-01,7.470561790999999952e-01,-4.270023262000000042e-02,-1.781548005999999962e-02
3.943441400000000097e-01,7.467235298000000077e-01,-4.461421087999999785e-02,-1.729225252999999976e-02
3.946261799999999931e-01,7.467322177999999866e-01,-4.642120965000000321e-02,-1.683403119000000114e-02
3.949068900000000104e-01,7.464902715000000244e-01,-4.809245571000000247e-02,-1.640997468000000153e-02
3.951864900000000014e-01,7.460277087000000140e-01,-4.993451545000000130e-02,-1.599513143000000012e-02
3.954649900000000162e-01,7.453123769999999704e-01,-5.158997618999999757e-02,-1.558215586999999944e-02
3.957424099999999889e-01,7.452828712000000300e-01,-5.312446725000000147e-02,-1.517248092999999923e-02
3.960189499999999807e-01,7.456588677000000054e-01,-5.494316844000000227e-02,-1.469859217999999919e-02
3.962946399999999758e-01,7.459331150000000354e-01,-5.683590712000000100e-02,-1.418455666000000004e-02
3.965696799999999800e-01,7.456664366999999904e-01,-5.880795879999999726e-02,-1.357623435999999982e-02
3.968440899999999827e-01,7.450487230000000238e-01,-6.076509006999999962e-02,-1.290628624999999932e-02
3.971178499999999945e-01,7.440450932000000073e-01,-6.256423767999999552e-02,-1.221595001999999965e-02
3.973911900000000053e-01,7.433941357000000139e-01,-6.427417236999999339e-02,-1.161631276999999969e-02
3.976643200000000156e-01,7.431080822000000197e-01,-6.580335579000000379e-02,-1.105101952000000012e-02
3.979372400000000254e-01,7.424133437000000058e-01,-6.727825113999999496e-02,-1.049520517999999979e-02
3.982099399999999845e-01,7.423249330000000201e-01,-6.862559595000000678e-02,-9.978342549999999825e-03
3.984826499999999938e-01,7.420833416000000016e-01,-6.956137045999999380e-02,-9.539381991000000366e-03
3.987553500000000084e-01,7.422794540999999580e-01,-7.017076676000000290e-02,-9.169861318999999664e-03
3.990280600000000177e-01,7.429732131999999822e-01,-7.042876755999999405e-02,-8.955915857000000535e-03
3.993009699999999773e-01,7.439182764999999753e-01,-7.062254367999999671e-02,-8.714315239999999296e-03
3.995740999999999876e-01,7.442400904000000539e-01,-7.079085534000000013e-02,-8.510575297000000372e-03
3.998476599999999936e-01,7.445711211000000107e-01,-7.107235655999999402e-02,-8.350513419000000007e-03
4.001216499999999954e-01,7.454962650999999996e-01,-7.091727730999999868e-02,-8.439308838000000521e-03
4.003960599999999981e-01,7.460121619999999787e-01,-7.057979788000000310e-02,-8.545255131999999337e-03
4.006709099999999912e-01,7.462293348999999854e-01,-6.970700233000000356e-02,-8.776825961000000315e-03
4.009463999999999806e-01,7.462692563999999695e-01,-6.917670187999999665e-02,-8.948177030000000615e-03
4.012225500000000111e-01,7.455666763999999613e-01,-6.780610780000000115e-02,-9.265179814999999902e-03
4.014995800000000226e-01,7.453088152000000299e-01,-6.595260745000000591e-02,-9.678966746000000274e-03
4.017777100000000101e-01,7.447049720999999733e-01,-6.388223366999999653e-02,-1.018399855000000007e-02
4.020567400000000235e-01,7.441702579000000206e-01,-6.185472068000000267e-02,-1.063231069999999966e-02
4.023368800000000078e-01,7.432420418999999834e-01,-6.007939092000000314e-02,-1.102564575000000019e-02
4.026181699999999974e-01,7.423425610999999646e-01,-5.791834094000000016e-02,-1.148018632999999941e-02
4.029005900000000029e-01,7.412393915999999638e-01,-5.555463019000000252e-02,-1.200808192999999920e-02
4.031841700000000084e-01,7.407559057999999474e-01,-5.311207385999999753e-02,-1.257889172000000062e-02
4.034689100000000139e-01,7.402341064999999887e-01,-5.012804719999999770e-02,-1.330361723000000017e-02
4.037536500000000195e-01,7.394308968999999676e-01,-4.678208462999999817e-02,-1.403984053000000010e-02
4.040376900000000049e-01,7.395575430999999922e-01,-4.338961663000000246e-02,-1.483038224000000037e-02
4.043207999999999802e-01,7.408121601999999584e-01,-3.995333213999999883e-02,-1.566328402000000120e-02
4.046029899999999957e-01,7.426144695999999934e-01,-3.645746619000000271e-02,-1.655987486000000050e-02
4.048842599999999958e-01,7.445249601000000217e-01,-3.312392636000000001e-02,-1.746348885000000017e-02
4.051646099999999806e-01,7.471715464999999501e-01,-3.017955251999999977e-02,-1.832330712000000000e-02
4.054438300000000051e-01,7.499600060000000123e-01,-2.780734832000000128e-02,-1.908810399000000074e-02
4.057221500000000036e-01,7.526290033000000435e-01,-2.593607003999999841e-02,-1.971005971999999912e-02
4.059995699999999763e-01,7.543259507999999780e-01,-2.466948509999999928e-02,-2.016803541000000005e-02
4.062760999999999734e-01,7.555486678999999706e-01,-2.407332997000000141e-02,-2.047714595999999831e-02
4.065519599999999900e-01,7.568009910999999867e-01,-2.390506766000000116e-02,-2.064425925000000148e-02
4.068269400000000258e-01,7.578562729000000164e-01,-2.410445301999999956e-02,-2.072869348000000098e-02
4.071010400000000251e-01,7.590463431999999733e-01,-2.453322066000000051e-02,-2.073391930000000050e-02
4.073742599999999880e-01,7.595959823000000277e-01,-2.531538851999999909e-02,-2.059889324999999993e-02
4.076466200000000151e-01,7.607578001999999451e-01,-2.580722700999999938e-02,-2.060057593000000006e-02
4.079178999999999999e-01,7.606341212999999657e-01,-2.637268794000000027e-02,-2.053304971000000090e-02
4.081878899999999977e-01,7.605263330000000543e-01,-2.675102168000000058e-02,-2.045400735999999831e-02
4.084566099999999977e-01,7.599493504000000010e-01,-2.665050786999999949e-02,-2.046197112999999929e-02
4.087240699999999949e-01,7.597251551000000491e-01,-2.651756321000000097e-02,-2.043940554000000034e-02
4.089900699999999834e-01,7.594635531000000217e-01,-2.618228653999999864e-02,-2.040773401000000112e-02
4.092546200000000134e-01,7.598218878000000398e-01,-2.606957957000000103e-02,-2.033642763000000075e-02
4.095177500000000137e-01,7.602809368999999817e-01,-2.586456649999999829e-02,-2.032169878000000124e-02
4.097794499999999895e-01,7.605860044000000153e-01,-2.550454661999999872e-02,-2.030096175999999975e-02
4.100399599999999811e-01,7.611468667999999882e-01,-2.557342027999999837e-02,-2.024763946000000120e-02
4.102990799999999827e-01,7.610458570999999450e-01,-2.593562410999999956e-02,-2.018706382000000008e-02
4.105570100000000000e-01,7.609312030999999532e-01,-2.659089079999999924e-02,-2.006410678000000031e-02
4.108139699999999728e-01,7.616695706999999649e-01,-2.740850120999999834e-02,-2.003236552000000129e-02
4.110699600000000120e-01,7.628743508999999978e-01,-2.793794804000000048e-02,-2.009766170000000171e-02
4.113249900000000014e-01,7.637960463999999838e-01,-2.862885068000000158e-02,-2.013595030000000022e-02
4.115790599999999966e-01,7.648325180999999695e-01,-2.954722963999999868e-02,-2.012141247999999980e-02
4.118321799999999921e-01,7.657432153000000019e-01,-3.061458014000000005e-02,-2.007182492999999915e-02
4.120843499999999882e-01,7.658696995999999535e-01,-3.175211392999999910e-02,-1.996130470000000157e-02
4.123354000000000186e-01,7.655794456000000192e-01,-3.280769877999999834e-02,-1.984155845000000126e-02
4.125851600000000063e-01,7.652134756999999787e-01,-3.375781273999999693e-02,-1.973103471000000123e-02
4.128334399999999960e-01,7.650670325999999744e-01,-3.482706116999999962e-02,-1.962190663000000154e-02
4.130802700000000272e-01,7.648476409000000142e-01,-3.583764873999999850e-02,-1.948505383000000146e-02
4.133256499999999889e-01,7.642858187000000081e-01,-3.719893422000000033e-02,-1.931788129000000173e-02
4.135694400000000104e-01,7.638173337000000451e-01,-3.848629854999999905e-02,-1.917492000000000155e-02
4.138116600000000256e-01,7.640964539000000277e-01,-3.979819284000000318e-02,-1.904747882999999892e-02
4.140523099999999790e-01,7.643687770999999520e-01,-4.080952877999999978e-02,-1.899391383000000044e-02
4.142915799999999926e-01,7.656603164999999933e-01,-4.181561950999999888e-02,-1.899165443999999842e-02
4.145298399999999828e-01,7.666031705000000418e-01,-4.260237704000000014e-02,-1.900160858999999994e-02
4.147674299999999925e-01,7.672661196000000183e-01,-4.342787812999999997e-02,-1.897338957999999964e-02
4.150046800000000147e-01,7.669831017999999556e-01,-4.413610505999999989e-02,-1.890498108000000094e-02
4.152417600000000153e-01,7.662755387999999890e-01,-4.477283150999999961e-02,-1.886483409000000097e-02
4.154788400000000159e-01,7.664941425000000308e-01,-4.513551434000000195e-02,-1.889851433000000122e-02
4.157160899999999826e-01,7.661856274999999661e-01,-4.543606185000000075e-02,-1.894372651999999893e-02
4.159535100000000263e-01,7.666945868000000219e-01,-4.562415856000000269e-02,-1.909774771000000149e-02
4.161912600000000073e-01,7.669202226000000344e-01,-4.567012521000000241e-02,-1.928430736999999992e-02
4.164295299999999922e-01,7.680604133999999750e-01,-4.566003335999999774e-02,-1.951616110999999931e-02
4.166682999999999915e-01,7.682046047999999683e-01,-4.526700603000000100e-02,-1.970085962000000038e-02
4.169079399999999769e-01,7.688304224999999992e-01,-4.480662675000000178e-02,-1.990203813000000072e-02
4.171484400000000092e-01,7.695340524999999543e-01,-4.419407982000000262e-02,-2.007228373999999857e-02
4.173901600000000101e-01,7.706083075999999865e-01,-4.357296698000000246e-02,-2.024579772000000000e-02
4.176334700000000066e-01,7.713870273999999805e-01,-4.290718126000000326e-02,-2.041552435999999943e-02
4.178787600000000158e-01,7.719200166999999890e-01,-4.216362392999999792e-02,-2.058142764000000027e-02
4.181258800000000053e-01,7.725553640000000222e-01,-4.153946973000000042e-02,-2.069445833999999929e-02
4.183750299999999811e-01,7.733358834000000348e-01,-4.116479803999999881e-02,-2.072468237000000060e-02
4.186264499999999833e-01,7.735740480999999669e-01,-4.073314457999999832e-02,-2.067317877000000165e-02
4.188803799999999966e-01,7.744893722000000258e-01,-4.029424595000000164e-02,-2.063721716999999956e-02
4.191372600000000115e-01,7.747444171999999796e-01,-3.981297102999999810e-02,-2.057940114999999917e-02
4.193969599999999853e-01,7.752408592999999737e-01,-3.946206842999999687e-02,-2.051123586000000096e-02
4.196597599999999928e-01,7.759115703000000197e-01,-3.897473860000000290e-02,-2.048979634999999883e-02
4.199255199999999966e-01,7.763917117999999951e-01,-3.872030407999999674e-02,-2.045631994999999939e-02
4.201941000000000148e-01,7.764045730999999950e-01,-3.845727077000000299e-02,-2.035608705999999990e-02
4.204650999999999805e-01,7.768667222999999789e-01,-3.847328803999999769e-02,-2.021260256000000088e-02
4.207381199999999932e-01,7.760828626000000341e-01,-3.863509574000000002e-02,-1.993764718000000033e-02
4.210129599999999916e-01,7.754953788999999764e-01,-3.881315419999999822e-02,-1.976080644000000053e-02
4.212891899999999801e-01,7.744944969000000512e-01,-3.893147191000000118e-02,-1.956263847999999833e-02
4.215668100000000140e-01,7.739549199999999907e-01,-3.940484871000000250e-02,-1.934845513000000086e-02
4.218456199999999767e-01,7.735922146999999471e-01,-3.964813212999999947e-02,-1.918224758999999974e-02
4.221256099999999845e-01,7.739293329999999971e-01,-4.003011920999999945e-02,-1.907012979999999844e-02
4.224063299999999965e-01,7.750928628000000042e-01,-4.061950647999999775e-02,-1.898747128000000117e-02
4.226875199999999833e-01,7.759853128000000488e-01,-4.129219329000000105e-02,-1.890888484999999827e-02
4.229692099999999844e-01,7.767011054000000358e-01,-4.192900756000000201e-02,-1.882143526999999900e-02
4.232508899999999907e-01,7.780536510000000128e-01,-4.261908779000000286e-02,-1.878825547000000096e-02
4.235323200000000177e-01,7.788564594000000341e-01,-4.358558003000000125e-02,-1.869951422000000127e-02
4.238132800000000144e-01,7.787861611999999933e-01,-4.438573688999999933e-02,-1.862151486000000050e-02
4.240935100000000069e-01,7.784395360000000430e-01,-4.499642907000000330e-02,-1.856995950000000020e-02
4.243730099999999950e-01,7.786142642000000169e-01,-4.581056203000000160e-02,-1.854054143000000154e-02
4.246510900000000088e-01,7.790818362000000441e-01,-4.673246840999999846e-02,-1.853221092000000014e-02
4.249277499999999930e-01,7.784013023000000420e-01,-4.788489910000000294e-02,-1.845041772000000080e-02
4.252029999999999976e-01,7.773108069999999925e-01,-4.908541442000000088e-02,-1.833732978000000152e-02
4.254768600000000123e-01,7.754787741999999984e-01,-4.993109419999999798e-02,-1.822828601000000062e-02
4.257493399999999761e-01,7.731548570999999814e-01,-5.037362494000000024e-02,-1.822330223999999929e-02
4.260206799999999849e-01,7.713700331999999715e-01,-5.082472633000000017e-02,-1.825611063999999992e-02
4.262906599999999879e-01,7.693572379999999988e-01,-5.123868617999999958e-02,-1.827475721999999997e-02
4.265595200000000253e-01,7.676268660999999716e-01,-5.139546391000000131e-02,-1.834272719000000149e-02
4.268274899999999761e-01,7.659094221000000147e-01,-5.133638573999999705e-02,-1.843378652999999937e-02
4.270945800000000014e-01,7.642017490000000413e-01,-5.136682696000000048e-02,-1.850323758000000166e-02
4.273609999999999909e-01,7.626935223999999902e-01,-5.148677008000000083e-02,-1.857164496000000137e-02
4.276267699999999894e-01,7.616737505999999769e-01,-5.107744748000000307e-02,-1.872593561000000101e-02
4.278920900000000027e-01,7.608107656999999469e-01,-5.043065819999999894e-02,-1.888929823000000049e-02
4.281572000000000155e-01,7.596314167000000062e-01,-4.971286399000000161e-02,-1.901292251999999947e-02
4.284225300000000236e-01,7.576308055999999569e-01,-4.898627123000000305e-02,-1.909767945999999925e-02
4.286880800000000269e-01,7.560725634999999611e-01,-4.781645095999999956e-02,-1.930051459000000150e-02
4.289542800000000211e-01,7.545541542999999463e-01,-4.650054823000000087e-02,-1.957912263000000097e-02
4.292215999999999809e-01,7.530811053000000532e-01,-4.505459486999999902e-02,-1.986561427000000171e-02
4.294904800000000078e-01,7.524180883000000097e-01,-4.324630505999999680e-02,-2.020305589999999915e-02
4.297611800000000204e-01,7.514034331000000178e-01,-4.166718229000000023e-02,-2.042554502000000147e-02
4.300339599999999929e-01,7.502438677999999639e-01,-4.039452126999999726e-02,-2.054185332000000100e-02
4.303088400000000258e-01,7.487070681999999922e-01,-3.896613064999999987e-02,-2.064574473999999937e-02
4.305863500000000066e-01,7.470720592999999798e-01,-3.760214332999999715e-02,-2.073079619000000109e-02
4.308667899999999995e-01,7.451073323000000359e-01,-3.605324482999999747e-02,-2.085794657000000080e-02
4.311502099999999782e-01,7.424535215999999993e-01,-3.435617700000000163e-02,-2.100646394999999833e-02
4.314372000000000207e-01,7.404846026000000414e-01,-3.274368435999999716e-02,-2.115399704000000061e-02
4.317275999999999891e-01,7.383336204999999541e-01,-3.127687994000000193e-02,-2.130424536999999882e-02
4.320214800000000133e-01,7.366026768000000224e-01,-2.977369498000000114e-02,-2.153896328000000013e-02
4.323186500000000265e-01,7.344607824000000118e-01,-2.835690852999999886e-02,-2.176361112999999903e-02
4.326186399999999987e-01,7.328925192999999894e-01,-2.673363663999999904e-02,-2.205656929000000127e-02
4.329211900000000113e-01,7.315039244000000052e-01,-2.513733502999999925e-02,-2.236512706000000003e-02
4.332257800000000048e-01,7.309930494999999917e-01,-2.354683039999999963e-02,-2.269438497999999929e-02
4.335321400000000103e-01,7.307468580000000546e-01,-2.216565541999999944e-02,-2.294382394000000006e-02
4.338399900000000087e-01,7.306720074000000453e-01,-2.078939273000000171e-02,-2.316798906000000144e-02
4.341490399999999861e-01,7.308077251000000274e-01,-1.928616614000000160e-02,-2.343195799999999926e-02
4.344589999999999841e-01,7.308227828000000148e-01,-1.793389966999999960e-02,-2.364499823999999945e-02
4.347689599999999821e-01,7.307142532000000523e-01,-1.677224272000000030e-02,-2.379380933999999947e-02
4.350780100000000150e-01,7.304087589000000103e-01,-1.533745323000000084e-02,-2.392364999000000034e-02
4.353864599999999752e-01,7.298195507000000415e-01,-1.396668757999999962e-02,-2.399278831999999972e-02
4.356940000000000257e-01,7.296562223000000458e-01,-1.281296577000000034e-02,-2.399985501000000132e-02
4.360003399999999862e-01,7.295594251000000474e-01,-1.175565624000000052e-02,-2.401118470000000032e-02
4.363054900000000180e-01,7.298896693999999963e-01,-1.056116070000000066e-02,-2.408461578999999964e-02
4.366094600000000048e-01,7.303374111999999529e-01,-9.616706666000000847e-03,-2.415992310000000115e-02
4.369122500000000020e-01,7.309477162999999944e-01,-8.410521316999999830e-03,-2.427347821999999850e-02
4.372138799999999992e-01,7.318896847000000427e-01,-6.975885210000000274e-03,-2.445670192000000062e-02
4.375140599999999824e-01,7.325553807000000361e-01,-5.652280947000000097e-03,-2.463138461000000112e-02
4.378128000000000020e-01,7.336144185999999845e-01,-4.490734359999999994e-03,-2.484859445000000069e-02
4.381098399999999726e-01,7.357558979999999638e-01,-3.184698113000000112e-03,-2.511097485999999948e-02
4.384051900000000002e-01,7.386009985000000500e-01,-2.169486077000000110e-03,-2.536787042000000075e-02
4.386988700000000185e-01,7.407140896999999669e-01,-1.924357696000000058e-03,-2.541219516000000136e-02
4.389909000000000172e-01,7.442260375999999455e-01,-1.779817818999999924e-03,-2.552374065000000136e-02
4.392812899999999909e-01,7.477318906000000043e-01,-1.702234726000000087e-03,-2.561298974999999881e-02
4.395700599999999847e-01,7.512500403999999854e-01,-1.746566565000000088e-03,-2.569189095000000075e-02
4.398572299999999879e-01,7.547081398999999635e-01,-2.436718559999999974e-03,-2.564478024000000148e-02
4.401428099999999954e-01,7.583336455000000420e-01,-3.178291832999999896e-03,-2.564903443999999935e-02
4.404268199999999966e-01,7.622917240000000039e-01,-4.046428930999999667e-03,-2.565665472000000155e-02
4.407095400000000107e-01,7.656234390999999695e-01,-4.997374821999999925e-03,-2.564678656999999987e-02
4.409909699999999821e-01,7.695547216000000468e-01,-6.273470397999999885e-03,-2.564760963999999921e-02
4.412716300000000258e-01,7.733777962000000228e-01,-7.740833723999999624e-03,-2.557879580999999902e-02
4.415512799999999904e-01,7.770896390999999515e-01,-9.240638938999999955e-03,-2.549856727999999864e-02
4.418304100000000068e-01,7.806850921000000332e-01,-1.155066052000000044e-02,-2.531969579999999997e-02
4.421090500000000034e-01,7.833408589999999450e-01,-1.426172050000000004e-02,-2.497246596999999971e-02
4.423871799999999910e-01,7.856023591999999889e-01,-1.725333652999999981e-02,-2.459080184999999988e-02
4.426653099999999785e-01,7.874266908000000509e-01,-2.030519408999999914e-02,-2.420544609999999985e-02
4.429434400000000216e-01,7.881052942999999811e-01,-2.363171165000000143e-02,-2.377745550999999999e-02
4.432218199999999886e-01,7.883469710999999602e-01,-2.713582661000000021e-02,-2.327496763000000066e-02
4.435004599999999852e-01,7.878557002999999614e-01,-3.071763939999999984e-02,-2.274433329999999906e-02
4.437795999999999963e-01,7.872525867999999871e-01,-3.451978752999999844e-02,-2.213461555000000025e-02
4.440595099999999906e-01,7.859189348999999769e-01,-3.820466839000000170e-02,-2.152338473999999835e-02
4.443401900000000238e-01,7.838955995999999926e-01,-4.228645182000000113e-02,-2.072298553999999890e-02
4.446219100000000091e-01,7.811517247000000497e-01,-4.581598885999999676e-02,-2.000270707000000037e-02
4.449043999999999777e-01,7.783542012999999926e-01,-4.895546312000000067e-02,-1.932299151999999909e-02
4.451879499999999990e-01,7.756518600999999791e-01,-5.202272366999999981e-02,-1.871419196000000118e-02
4.454728199999999916e-01,7.730555238999999856e-01,-5.501367826999999794e-02,-1.812154489000000063e-02
4.457590300000000005e-01,7.706368655999999984e-01,-5.800489984999999959e-02,-1.750195216000000054e-02
4.460468599999999895e-01,7.692827467999999724e-01,-6.057337153000000307e-02,-1.693108906999999871e-02
4.463360699999999737e-01,7.672854290999999716e-01,-6.278845429000000367e-02,-1.628119002999999995e-02
4.466269299999999776e-01,7.645973742999999656e-01,-6.430180687000000561e-02,-1.568625908000000069e-02
4.469194799999999801e-01,7.619613924999999455e-01,-6.507687835000000587e-02,-1.515463675000000045e-02
4.472140199999999899e-01,7.597382531999999911e-01,-6.516633968000000443e-02,-1.479825870999999966e-02
4.475102899999999773e-01,7.573625361000000389e-01,-6.468463666000000278e-02,-1.448945062999999929e-02
4.478086000000000011e-01,7.548379173000000497e-01,-6.407823257000000439e-02,-1.414943565999999923e-02
4.481075099999999867e-01,7.539256582000000151e-01,-6.297463500000000103e-02,-1.406427399999999987e-02
4.484070000000000000e-01,7.518242091000000293e-01,-6.138402242999999731e-02,-1.401463961999999987e-02
4.487068000000000167e-01,7.507256432000000146e-01,-5.975267126000000095e-02,-1.404744720000000030e-02
4.490071900000000005e-01,7.484821256999999450e-01,-5.758020393999999792e-02,-1.412744936000000055e-02
4.493078799999999928e-01,7.473390127000000271e-01,-5.509139745999999671e-02,-1.436886344000000079e-02
4.496088699999999938e-01,7.464360934999999531e-01,-5.187271334000000123e-02,-1.482244892000000001e-02
4.499101699999999981e-01,7.453966168000000225e-01,-4.875383257000000248e-02,-1.523945925000000021e-02
4.502117700000000111e-01,7.445580881000000151e-01,-4.554251762000000037e-02,-1.575768932000000053e-02
4.505136699999999772e-01,7.442837586999999644e-01,-4.185318598999999973e-02,-1.644169663999999961e-02
4.508158700000000074e-01,7.440588508000000045e-01,-3.776695573000000278e-02,-1.729201526999999891e-02
4.511180799999999769e-01,7.449569056000000522e-01,-3.334136831000000106e-02,-1.836615456000000035e-02
4.514205900000000105e-01,7.456446815999999700e-01,-2.942561184000000093e-02,-1.934151872999999994e-02
4.517234099999999919e-01,7.468977612999999627e-01,-2.586449182999999916e-02,-2.029115776000000107e-02
4.520265399999999767e-01,7.484477509000000417e-01,-2.277566309999999941e-02,-2.120121072999999953e-02
4.523296600000000223e-01,7.505995172999999632e-01,-2.059609616000000060e-02,-2.200358317000000036e-02
4.526331000000000104e-01,7.533367777999999682e-01,-1.931267038000000075e-02,-2.262299791999999865e-02
4.529371600000000053e-01,7.544158713999999932e-01,-1.894864757000000108e-02,-2.291703147000000163e-02
4.532415200000000088e-01,7.557442446000000036e-01,-1.966078153999999828e-02,-2.298380351000000113e-02
4.535465200000000086e-01,7.561166236999999901e-01,-2.134935100999999988e-02,-2.280574014999999996e-02
4.538518200000000169e-01,7.552717312000000183e-01,-2.390327395000000146e-02,-2.239977656999999830e-02
4.541577600000000214e-01,7.530668606999999515e-01,-2.650696863999999972e-02,-2.190667267999999931e-02
4.544643400000000222e-01,7.509378619000000032e-01,-2.959972908999999874e-02,-2.128190219000000022e-02
4.547712300000000263e-01,7.480935385000000437e-01,-3.269284143000000115e-02,-2.067131700999999891e-02
4.550787600000000266e-01,7.446245350000000318e-01,-3.547634881000000240e-02,-2.003890443000000063e-02
4.553862900000000269e-01,7.417362401000000549e-01,-3.787551265999999917e-02,-1.956268187999999839e-02
4.556941400000000253e-01,7.387473352000000215e-01,-3.953622313999999999e-02,-1.919378999000000141e-02
4.560019900000000237e-01,7.356336165000000316e-01,-4.084821230999999969e-02,-1.890404114000000108e-02
4.563098400000000221e-01,7.326672593999999927e-01,-4.187257574000000093e-02,-1.869582093999999986e-02
4.566176900000000205e-01,7.312016048999999684e-01,-4.266383391999999802e-02,-1.866362867000000147e-02
4.569255400000000189e-01,7.303604237999999915e-01,-4.301234836000000089e-02,-1.880334834999999871e-02
4.572330700000000192e-01,7.306490256000000016e-01,-4.296249687999999928e-02,-1.907483306000000087e-02
4.575402800000000214e-01,7.313371656999999582e-01,-4.290009172999999926e-02,-1.933947859000000047e-02
4.578468399999999772e-01,7.319412999000000086e-01,-4.268265576000000033e-02,-1.962241590999999966e-02
4.581527599999999922e-01,7.321242057000000303e-01,-4.229876528999999830e-02,-1.986131958999999905e-02
4.584577200000000130e-01,7.323419226999999809e-01,-4.187838509999999848e-02,-2.001186929999999864e-02
4.587614099999999806e-01,7.328549443999999857e-01,-4.112113726000000274e-02,-2.017591980000000076e-02
4.590635200000000027e-01,7.338604818999999724e-01,-4.048327139999999963e-02,-2.032114374999999945e-02
4.593643900000000113e-01,7.351187555000000540e-01,-3.950584137999999662e-02,-2.051590655000000082e-02
4.596633999999999998e-01,7.365642718999999561e-01,-3.866956870999999768e-02,-2.063327427999999894e-02
4.599608700000000217e-01,7.379305524999999477e-01,-3.764955373000000022e-02,-2.075277929999999951e-02
4.602565299999999970e-01,7.396013839999999728e-01,-3.683664479999999852e-02,-2.082790548999999963e-02
4.605503899999999762e-01,7.410899982999999969e-01,-3.585044135999999881e-02,-2.090908902000000041e-02
4.608427600000000179e-01,7.419294104000000445e-01,-3.494667756000000014e-02,-2.090538901000000074e-02
4.611333699999999869e-01,7.437665183999999652e-01,-3.375612785999999865e-02,-2.097681453999999945e-02
4.614225200000000027e-01,7.460944078000000257e-01,-3.261520494000000325e-02,-2.105985096000000112e-02
4.617102399999999940e-01,7.488543388999999717e-01,-3.172329564000000296e-02,-2.115614279999999958e-02
4.619965300000000163e-01,7.511049087000000180e-01,-3.095293681000000144e-02,-2.119370069000000092e-02
4.622816799999999726e-01,7.533821701999999787e-01,-3.007473110999999907e-02,-2.126857555999999913e-02
4.625654200000000049e-01,7.557463156000000515e-01,-2.937513133999999915e-02,-2.136358608000000006e-02
4.628477799999999864e-01,7.579721288999999862e-01,-2.859291555000000040e-02,-2.147397368999999848e-02
4.631287499999999779e-01,7.602211099000000250e-01,-2.777084298000000173e-02,-2.157698148000000010e-02
4.634083500000000244e-01,7.623203773000000183e-01,-2.709992705000000002e-02,-2.167332786000000094e-02
4.636868599999999785e-01,7.642103802999999917e-01,-2.654549615000000029e-02,-2.179111850999999878e-02
4.639640300000000273e-01,7.655738261000000211e-01,-2.619330925000000129e-02,-2.186644718000000168e-02
4.642403900000000028e-01,7.670601741000000473e-01,-2.587630927999999900e-02,-2.197800467999999965e-02
4.645156899999999811e-01,7.682860508000000088e-01,-2.571446846000000064e-02,-2.206485985000000011e-02
4.647899300000000178e-01,7.694920832999999627e-01,-2.551044155999999952e-02,-2.217211125000000116e-02
4.650631199999999965e-01,7.709406075000000413e-01,-2.514206428999999840e-02,-2.231119257999999994e-02
4.653352700000000230e-01,7.718643549000000492e-01,-2.487387764000000001e-02,-2.240318881999999942e-02
4.656063799999999864e-01,7.726896872999999832e-01,-2.459439961999999869e-02,-2.250088689999999933e-02
4.658764599999999922e-01,7.729556921000000358e-01,-2.440054409000000021e-02,-2.256393644999999878e-02
4.661455099999999852e-01,7.734525155999999457e-01,-2.430255007000000148e-02,-2.262088849000000110e-02
4.664132999999999751e-01,7.728739376000000050e-01,-2.412350250000000126e-02,-2.259960417999999985e-02
4.666800799999999971e-01,7.721542730999999549e-01,-2.400739210000000026e-02,-2.255737786999999911e-02
4.669461100000000253e-01,7.708900817999999600e-01,-2.379703743999999829e-02,-2.250368644000000015e-02
4.672113900000000042e-01,7.699665068000000057e-01,-2.367281116999999865e-02,-2.249826497000000092e-02
4.674759199999999892e-01,7.689192280000000101e-01,-2.327506371999999921e-02,-2.253189790000000026e-02
4.677397200000000255e-01,7.675518768000000325e-01,-2.316828190000000051e-02,-2.248730265999999978e-02
4.680030199999999918e-01,7.658011909999999922e-01,-2.312489028000000099e-02,-2.242143568000000073e-02
4.682658299999999940e-01,7.647037425999999583e-01,-2.341609018999999889e-02,-2.236532563999999931e-02
4.685284000000000115e-01,7.635069794000000076e-01,-2.339944417999999943e-02,-2.233020661000000018e-02
4.687914599999999932e-01,7.622550071000000482e-01,-2.307169674999999878e-02,-2.234146517000000151e-02
4.688442199999999782e-01,8.849534315000000539e-01,-2.657402199999999923e-02,-2.190206684000000140e-02
4.689075400000000116e-01,8.560950926000000516e-01,-2.961325517000000171e-02,-2.147481148000000145e-02
4.689835399999999765e-01,8.001292674000000105e-01,-2.961696734000000136e-02,-2.197449569000000172e-02
4.690747200000000006e-01,7.704353156000000036e-01,-2.980451941000000077e-02,-2.229367380000000023e-02
4.691841099999999876e-01,7.557243416000000158e-01,-3.012636772000000171e-02,-2.221579496000000015e-02
4.693153899999999989e-01,7.486642235999999562e-01,-2.997978520000000105e-02,-2.235282141000000111e-02
4.694728200000000129e-01,7.457585251999999665e-01,-2.903204128000000037e-02,-2.252697743999999835e-02
4.696562899999999763e-01,7.462655070999999474e-01,-2.755342561000000134e-02,-2.267241208999999993e-02
4.698658099999999949e-01,7.479383408999999983e-01,-2.598178480000000110e-02,-2.275864098999999877e-02
4.701014199999999921e-01,7.498948525999999948e-01,-2.413356424999999958e-02,-2.279847142000000076e-02
4.703610599999999975e-01,7.517542044999999673e-01,-2.224990967000000167e-02,-2.300785489999999933e-02
4.706204700000000130e-01,7.545485234000000041e-01,-2.060350021000000031e-02,-2.326713936000000121e-02
4.708798699999999782e-01,7.555377591999999920e-01,-1.939454663999999953e-02,-2.363307472000000103e-02
4.711395199999999783e-01,7.541386415999999926e-01,-1.836107256000000035e-02,-2.389188068999999887e-02
4.713994100000000187e-01,7.523113140999999615e-01,-1.730372239000000159e-02,-2.411006338000000124e-02
4.716597799999999729e-01,7.504285635999999871e-01,-1.631585573999999941e-02,-2.426031186999999881e-02
4.719206499999999971e-01,7.487715003999999563e-01,-1.525682561999999916e-02,-2.445950120000000075e-02
4.721822399999999753e-01,7.467907350000000388e-01,-1.393914698000000077e-02,-2.469548677000000039e-02
4.724448299999999823e-01,7.443965125999999488e-01,-1.297386923000000067e-02,-2.490341385000000018e-02
4.727086699999999975e-01,7.424438935999999600e-01,-1.229818574000000019e-02,-2.507443863000000106e-02
4.729737600000000208e-01,7.409899009999999508e-01,-1.192721885999999988e-02,-2.524158207000000084e-02
4.732406499999999849e-01,7.394752064999999819e-01,-1.186524440000000062e-02,-2.528846367000000053e-02
4.735093499999999955e-01,7.384386737000000478e-01,-1.225778957000000016e-02,-2.533493206999999983e-02
4.737798899999999813e-01,7.374857300999999588e-01,-1.299924862000000070e-02,-2.528638086999999979e-02
4.740525600000000117e-01,7.374084477000000248e-01,-1.397314717000000019e-02,-2.534017472000000062e-02
4.743271399999999804e-01,7.367491959999999951e-01,-1.482259525999999987e-02,-2.539394290000000082e-02
4.746039200000000124e-01,7.364451291000000399e-01,-1.544623523000000082e-02,-2.548940590999999867e-02
4.748826600000000120e-01,7.366782342000000039e-01,-1.578635205000000069e-02,-2.562560002000000003e-02
4.751631000000000049e-01,7.365403091000000124e-01,-1.593698307000000064e-02,-2.575493404000000000e-02
4.754455699999999840e-01,7.360325572999999455e-01,-1.618431446000000162e-02,-2.586608370000000046e-02
4.757297799999999910e-01,7.353435523000000362e-01,-1.659849445000000090e-02,-2.587783656999999987e-02
4.760157799999999995e-01,7.345433944000000492e-01,-1.697113663000000133e-02,-2.586698691000000050e-02
4.763035800000000042e-01,7.333531332999999597e-01,-1.715189811000000092e-02,-2.585271054000000054e-02
4.765932099999999894e-01,7.321972851000000393e-01,-1.732943315000000026e-02,-2.586037152999999880e-02
4.768843700000000019e-01,7.311215365000000022e-01,-1.751234147000000144e-02,-2.580616646999999916e-02
4.771774200000000188e-01,7.300870622999999782e-01,-1.733771766000000158e-02,-2.577785557000000088e-02
4.774720399999999865e-01,7.292411708999999576e-01,-1.725164976000000128e-02,-2.574269884999999883e-02
4.777685899999999930e-01,7.281789678000000210e-01,-1.710864110999999951e-02,-2.566068489000000036e-02
4.780667599999999795e-01,7.272457584000000530e-01,-1.709008135000000123e-02,-2.554855254999999908e-02
4.783665799999999857e-01,7.262010681999999662e-01,-1.728379940000000087e-02,-2.535149564999999994e-02
4.786677200000000187e-01,7.254621476000000513e-01,-1.749626498999999960e-02,-2.518781166000000002e-02
4.789702100000000073e-01,7.249822545999999868e-01,-1.779548623000000093e-02,-2.503694648999999980e-02
4.792730399999999835e-01,7.244015025000000163e-01,-1.874977649000000163e-02,-2.481895946999999880e-02
4.795748499999999970e-01,7.241237986999999876e-01,-1.916243041000000036e-02,-2.460907605000000123e-02
4.798759899999999745e-01,7.241931767000000519e-01,-1.953924296999999879e-02,-2.447206942999999996e-02
4.801761299999999788e-01,7.248610525999999998e-01,-1.943521559999999981e-02,-2.441578164999999925e-02
4.804756000000000027e-01,7.252062550000000218e-01,-1.917846264999999856e-02,-2.435852850000000056e-02
4.807744099999999854e-01,7.257315353000000080e-01,-1.885305530999999840e-02,-2.434352269999999832e-02
4.810725599999999824e-01,7.262141350999999911e-01,-1.836611872999999867e-02,-2.437040756000000141e-02
4.813700399999999990e-01,7.263796028000000238e-01,-1.782480536000000115e-02,-2.436117085999999973e-02
4.816672000000000176e-01,7.263308635999999874e-01,-1.724449029000000091e-02,-2.433444615000000116e-02
4.819640299999999877e-01,7.261296630000000363e-01,-1.689202114999999865e-02,-2.432617638999999901e-02
4.822608600000000134e-01,7.247919533000000136e-01,-1.657165119000000159e-02,-2.427044730999999844e-02
4.825580099999999817e-01,7.239500349999999917e-01,-1.638541160000000010e-02,-2.423300177999999916e-02
4.828554999999999930e-01,7.236147710000000455e-01,-1.624871255999999972e-02,-2.421262420999999859e-02
4.831536499999999901e-01,7.226546326999999659e-01,-1.638809382000000134e-02,-2.410521210999999955e-02
4.834531499999999982e-01,7.212314842999999476e-01,-1.690091887000000001e-02,-2.389378344000000001e-02
4.837539900000000226e-01,7.197511572000000468e-01,-1.771896213000000164e-02,-2.366361117999999861e-02
4.840565399999999796e-01,7.174691225999999533e-01,-1.892199928000000073e-02,-2.328614562000000041e-02
4.843604799999999821e-01,7.150865616999999563e-01,-2.037975016999999875e-02,-2.282090103000000009e-02
4.846658099999999747e-01,7.131933415000000220e-01,-2.203476605000000144e-02,-2.236241679999999982e-02
4.849725500000000022e-01,7.113076941000000541e-01,-2.384388969000000164e-02,-2.187467960999999947e-02
4.852803700000000164e-01,7.087992992999999631e-01,-2.559775283000000068e-02,-2.141445447000000016e-02
4.855881799999999804e-01,7.064201919999999468e-01,-2.738094678999999920e-02,-2.093984833000000004e-02
4.858952799999999850e-01,7.057898780000000372e-01,-2.901328226999999940e-02,-2.058405979999999857e-02
4.862020200000000125e-01,7.058561851000000331e-01,-3.093074592999999969e-02,-2.023335939000000042e-02
4.865084100000000022e-01,7.062287229999999472e-01,-3.275777339000000149e-02,-1.989813513999999853e-02
4.868140799999999824e-01,7.073534826999999803e-01,-3.465984284000000332e-02,-1.952229839999999883e-02
4.871190499999999979e-01,7.083598862000000107e-01,-3.648973846999999798e-02,-1.916149543999999885e-02
4.874233099999999985e-01,7.092867945999999924e-01,-3.844613954000000028e-02,-1.875511863000000126e-02
4.877268599999999843e-01,7.097357685999999832e-01,-4.037850214000000132e-02,-1.826594712000000065e-02
4.880297200000000002e-01,7.108521751999999916e-01,-4.220143281000000163e-02,-1.775769631000000126e-02
4.883315300000000136e-01,7.128238770000000502e-01,-4.352257080000000028e-02,-1.738267337000000065e-02
4.886323000000000194e-01,7.159199913999999554e-01,-4.493551905999999818e-02,-1.702423013999999901e-02
4.889320300000000175e-01,7.190524078000000152e-01,-4.608235735999999944e-02,-1.661740717000000089e-02
4.892303900000000150e-01,7.225266256000000276e-01,-4.740428038999999760e-02,-1.615795727999999945e-02
4.895274000000000014e-01,7.267865336000000065e-01,-4.823664609000000159e-02,-1.583660774000000132e-02
4.898227199999999892e-01,7.316642571000000483e-01,-4.918676302999999694e-02,-1.556053024999999937e-02
4.901163700000000234e-01,7.366470901999999654e-01,-4.985774284999999750e-02,-1.535424259999999992e-02
4.904083799999999771e-01,7.418563397999999864e-01,-5.065332348999999901e-02,-1.513617702999999967e-02
4.906984200000000240e-01,7.460351973000000081e-01,-5.181631227999999867e-02,-1.479721774999999927e-02
4.909865400000000268e-01,7.503872206999999683e-01,-5.276563247999999789e-02,-1.450535137000000079e-02
4.912727399999999855e-01,7.548075194000000154e-01,-5.382891998000000067e-02,-1.423944318000000021e-02
4.915570599999999901e-01,7.585283779999999476e-01,-5.500854770000000032e-02,-1.390881272999999925e-02
4.918398199999999831e-01,7.622046797000000540e-01,-5.601219214000000002e-02,-1.356612301999999930e-02
4.921207300000000062e-01,7.654283474999999948e-01,-5.731971285999999666e-02,-1.315014915000000013e-02
4.924001199999999967e-01,7.680158121000000282e-01,-5.882958563000000030e-02,-1.264367006999999980e-02
4.926783100000000082e-01,7.696047568999999644e-01,-6.043489327999999883e-02,-1.206310317999999965e-02
4.929552999999999852e-01,7.697751125999999777e-01,-6.223982995999999962e-02,-1.136029723999999914e-02
4.932310899999999831e-01,7.700299041000000511e-01,-6.442702476999999373e-02,-1.062224072000000040e-02
4.935057099999999863e-01,7.692073174000000346e-01,-6.679967100000000491e-02,-9.848989762000000259e-03
4.937794500000000086e-01,7.679945746999999878e-01,-6.897153440999999330e-02,-9.186756059000000113e-03
4.940523199999999893e-01,7.668575010000000525e-01,-7.078414136999999773e-02,-8.660793841999999201e-03
4.943243099999999890e-01,7.663759192000000331e-01,-7.265710844999999363e-02,-8.242132695999999925e-03
4.945957300000000112e-01,7.656906010999999790e-01,-7.462898703999999717e-02,-7.770046497999999816e-03
4.948665700000000056e-01,7.647095628000000200e-01,-7.654859269000000022e-02,-7.306432172999999600e-03
4.951371299999999809e-01,7.632270848000000107e-01,-7.805601869999999332e-02,-6.886108588999999974e-03
4.954073999999999978e-01,7.615215816999999499e-01,-7.960906308000000042e-02,-6.511815546000000211e-03
4.956773800000000008e-01,7.591990534000000457e-01,-8.090688534999999904e-02,-6.123239695999999760e-03
4.959470699999999899e-01,7.573201000000000516e-01,-8.186319070000000475e-02,-5.853124874000000324e-03
4.962164800000000153e-01,7.554424457999999731e-01,-8.272982123000000021e-02,-5.602559768000000412e-03
4.964858899999999853e-01,7.541315106999999518e-01,-8.289630744999999801e-02,-5.561035905000000050e-03
4.967550199999999916e-01,7.524872567999999484e-01,-8.251115602000000382e-02,-5.622792358999999587e-03
4.970241400000000032e-01,7.507675578000000405e-01,-8.183672782999999729e-02,-5.830954739000000255e-03
4.972932600000000147e-01,7.495605070999999953e-01,-8.054500588999999322e-02,-6.199835772999999842e-03
4.975623900000000210e-01,7.489705641999999663e-01,-7.917610220000000087e-02,-6.632125003000000421e-03
4.978315099999999771e-01,7.482909860999999996e-01,-7.799970686000000375e-02,-7.006193297000000084e-03
4.981009200000000026e-01,7.474995949999999612e-01,-7.626992450000000257e-02,-7.502690834000000364e-03
4.983706199999999864e-01,7.460719985999999526e-01,-7.442973226000000608e-02,-7.941558451999999532e-03
4.986408999999999980e-01,7.447121268999999932e-01,-7.207775894000000017e-02,-8.479784336999999714e-03
4.989120499999999958e-01,7.430207654999999578e-01,-6.955862141999999415e-02,-9.022535938999999214e-03
4.991840900000000247e-01,7.417526282999999943e-01,-6.691106137999999759e-02,-9.602722699999999972e-03
4.994570099999999790e-01,7.396978267999999579e-01,-6.421582443999999945e-02,-1.013324481000000069e-02
4.997308300000000147e-01,7.370019828999999634e-01,-6.168317187999999840e-02,-1.059633362999999953e-02
5.000055500000000208e-01,7.353578519000000258e-01,-5.887484135999999924e-02,-1.118909688999999985e-02
5.002814799999999451e-01,7.341253781000000034e-01,-5.627679279000000201e-02,-1.172153543000000082e-02
5.005583300000000513e-01,7.337226973999999569e-01,-5.357335321000000067e-02,-1.227356406999999955e-02
5.008361000000000063e-01,7.340364413000000088e-01,-5.096591982999999770e-02,-1.288797826999999938e-02
5.011151200000000250e-01,7.343915053999999776e-01,-4.788922768000000024e-02,-1.359680549999999974e-02
5.013950799999999930e-01,7.361593931000000035e-01,-4.485018352000000319e-02,-1.443240384000000001e-02
5.016759899999999606e-01,7.381930399999999670e-01,-4.144061448999999953e-02,-1.525726609000000074e-02
5.019578599999999780e-01,7.408502401000000015e-01,-3.814535580000000259e-02,-1.613142662000000005e-02
5.022406900000000451e-01,7.443539634000000405e-01,-3.497027787999999748e-02,-1.712079394000000018e-02
5.025244899999999904e-01,7.478043415999999777e-01,-3.213208926999999715e-02,-1.804787118999999843e-02
5.028092699999999748e-01,7.519299571999999987e-01,-2.985643101000000008e-02,-1.890901496000000140e-02
5.030950400000000489e-01,7.548390057999999625e-01,-2.862501803000000108e-02,-1.947265498000000025e-02
5.033818100000000406e-01,7.571068743000000101e-01,-2.804752446000000066e-02,-1.983429940000000155e-02
5.036692400000000180e-01,7.600251611999999657e-01,-2.808238486000000020e-02,-2.011843358000000095e-02
5.039576799999999634e-01,7.602549472999999836e-01,-2.892650771000000037e-02,-2.004023804000000172e-02
5.042471400000000381e-01,7.584862224999999736e-01,-3.066889470999999839e-02,-1.963308512999999839e-02
5.045376299999999592e-01,7.554281710000000372e-01,-3.230112157000000067e-02,-1.915479634999999944e-02
5.048291599999999990e-01,7.517711242000000293e-01,-3.415927364000000133e-02,-1.862273634000000122e-02
5.051217199999999963e-01,7.480248561000000240e-01,-3.562583055000000110e-02,-1.819655350000000046e-02
5.054149900000000084e-01,7.443007858000000310e-01,-3.659281450000000102e-02,-1.794624217999999868e-02
5.057093200000000177e-01,7.405595282000000390e-01,-3.743625467000000206e-02,-1.769100413000000011e-02
5.060043499999999916e-01,7.377230342999999690e-01,-3.778126366000000153e-02,-1.760534589999999955e-02
5.062993900000000158e-01,7.353287494000000368e-01,-3.797720041000000185e-02,-1.748961959000000163e-02
5.065944300000000400e-01,7.335427721999999706e-01,-3.806880994999999740e-02,-1.744671231000000100e-02
5.068894600000000139e-01,7.322947273000000035e-01,-3.750180485000000064e-02,-1.751851431000000028e-02
5.071845000000000381e-01,7.317979153000000458e-01,-3.658769352999999974e-02,-1.767982179000000126e-02
5.074791800000000297e-01,7.311100054000000403e-01,-3.560715700000000039e-02,-1.783656663999999906e-02
5.077734999999999888e-01,7.313181227999999701e-01,-3.480631643999999858e-02,-1.803521985999999994e-02
5.080674699999999655e-01,7.318150141999999470e-01,-3.361284392000000315e-02,-1.825110901999999966e-02
5.083610699999999705e-01,7.328485738000000138e-01,-3.232566701000000320e-02,-1.851838175000000003e-02
5.086539700000000108e-01,7.342596224999999865e-01,-3.115697120999999861e-02,-1.881360586999999973e-02
5.089465100000000186e-01,7.352981310999999742e-01,-3.007819478000000116e-02,-1.906794891000000020e-02
5.092383400000000115e-01,7.363253795999999962e-01,-2.913835273000000073e-02,-1.928529036999999946e-02
5.095294700000000399e-01,7.366982644999999774e-01,-2.854246220000000028e-02,-1.944920572000000125e-02
5.098198900000000533e-01,7.370595616999999766e-01,-2.782234750000000048e-02,-1.964355744000000070e-02
5.101096099999999911e-01,7.375126819999999750e-01,-2.712585484000000144e-02,-1.985971024000000168e-02
5.103986400000000145e-01,7.381051334999999547e-01,-2.646553051999999892e-02,-2.009439241999999917e-02
5.106866199999999800e-01,7.386385943000000065e-01,-2.582794279999999984e-02,-2.035614730999999941e-02
5.109735699999999881e-01,7.390012192999999563e-01,-2.491094955999999944e-02,-2.062585100000000060e-02
5.112594799999999884e-01,7.392951205000000137e-01,-2.443185926999999827e-02,-2.084228205000000084e-02
5.115443800000000207e-01,7.398407151000000459e-01,-2.405868275000000098e-02,-2.103563481999999943e-02
5.118282499999999846e-01,7.406167773999999815e-01,-2.371179692000000006e-02,-2.128030754000000135e-02
5.121111200000000307e-01,7.411600307000000276e-01,-2.345014038000000148e-02,-2.150793559999999993e-02
5.123926399999999548e-01,7.419786441000000288e-01,-2.318839211000000081e-02,-2.183284564999999830e-02
5.126731700000000114e-01,7.426958466999999953e-01,-2.276053475999999937e-02,-2.213794265999999983e-02
5.129527099999999784e-01,7.438039204999999932e-01,-2.236527341000000071e-02,-2.248521723000000000e-02
5.132312599999999669e-01,7.449593061999999488e-01,-2.210765033999999990e-02,-2.282294568000000148e-02
5.135088300000000272e-01,7.459569188000000350e-01,-2.194776778999999942e-02,-2.321959017999999930e-02
5.137857500000000410e-01,7.468774969000000485e-01,-2.187230718999999893e-02,-2.358184958999999872e-02
5.140616999999999548e-01,7.477537934000000330e-01,-2.142902447999999946e-02,-2.407871718000000050e-02
5.143370099999999834e-01,7.480481281999999954e-01,-2.095231896000000066e-02,-2.454753234000000076e-02
5.146116800000000158e-01,7.486683257999999785e-01,-2.059516907999999966e-02,-2.500929722000000063e-02
5.148857000000000017e-01,7.491276701000000315e-01,-2.049387919000000141e-02,-2.545623157000000136e-02
5.151587699999999881e-01,7.489616870999999954e-01,-2.056066927999999905e-02,-2.583605857000000061e-02
5.154312100000000285e-01,7.484759018000000097e-01,-2.064862420000000004e-02,-2.617345780999999830e-02
5.157030200000000120e-01,7.482450747000000124e-01,-2.061810899000000169e-02,-2.655085558999999845e-02
5.159742000000000495e-01,7.474819250999999998e-01,-2.033425080999999926e-02,-2.690934995999999871e-02
5.162444299999999764e-01,7.470593221000000339e-01,-2.011906558000000136e-02,-2.723984411999999869e-02
5.165140499999999468e-01,7.467017113999999678e-01,-1.982563425999999893e-02,-2.754513696000000095e-02
5.167833499999999747e-01,7.464119000000000170e-01,-1.976405466999999958e-02,-2.785731058999999996e-02
5.170520299999999958e-01,7.456411145000000351e-01,-1.965477860999999965e-02,-2.811818251999999990e-02
5.173200999999999494e-01,7.448425145000000525e-01,-1.965313126000000146e-02,-2.831865340999999842e-02
5.175878499999999605e-01,7.441471295999999569e-01,-1.958860156999999921e-02,-2.848493319999999968e-02
5.178549900000000150e-01,7.435551129999999898e-01,-1.963808591999999936e-02,-2.856664156999999885e-02
5.181215200000000021e-01,7.423875197000000536e-01,-1.958973615999999932e-02,-2.855020734000000143e-02
5.183874400000000326e-01,7.412473190999999684e-01,-1.925955506999999997e-02,-2.856730528000000005e-02
5.186527399999999455e-01,7.405691263000000468e-01,-1.917992812999999921e-02,-2.857855593999999999e-02
5.189174399999999521e-01,7.405726942000000479e-01,-1.896690595000000146e-02,-2.861153971000000157e-02
5.191812399999999883e-01,7.405372197999999795e-01,-1.888893410000000092e-02,-2.862917447999999837e-02
5.194444299999999570e-01,7.396252241999999866e-01,-1.877960763000000033e-02,-2.853474669000000130e-02
5.197067199999999554e-01,7.384249964000000332e-01,-1.896310949999999856e-02,-2.835235617999999971e-02
5.199681200000000336e-01,7.374000880000000091e-01,-1.909873366999999961e-02,-2.817447911000000096e-02
5.202286299999999697e-01,7.363578843000000429e-01,-1.904599216000000053e-02,-2.802780189999999963e-02
5.204882600000000359e-01,7.354333239000000466e-01,-1.867791229999999844e-02,-2.795787497000000107e-02
5.207467199999999963e-01,7.352943603999999578e-01,-1.837361477999999854e-02,-2.792344718999999892e-02
5.210043100000000260e-01,7.350828292000000097e-01,-1.787073725999999835e-02,-2.790473003000000160e-02
5.212613200000000280e-01,7.351846841000000410e-01,-1.748207204000000112e-02,-2.785012531000000124e-02
5.215180400000000160e-01,7.350066522999999519e-01,-1.694294429000000116e-02,-2.781845208000000014e-02
5.217747600000000041e-01,7.352353381999999771e-01,-1.627666477999999833e-02,-2.780915410000000046e-02
5.220314799999999922e-01,7.354045781000000392e-01,-1.561307068999999957e-02,-2.778661565999999972e-02
5.222887800000000080e-01,7.358068670999999839e-01,-1.501971753000000062e-02,-2.786445443000000119e-02
5.225466699999999909e-01,7.362997046000000489e-01,-1.441100740999999921e-02,-2.793446256999999877e-02
5.228054300000000154e-01,7.366555496000000147e-01,-1.377799268000000008e-02,-2.796456036000000145e-02
5.230650799999999601e-01,7.368588039000000256e-01,-1.319529407000000036e-02,-2.801349184000000159e-02
5.233256299999999861e-01,7.366685026000000525e-01,-1.277901751999999981e-02,-2.803201823000000051e-02
5.235873699999999964e-01,7.366360446999999922e-01,-1.244898044000000009e-02,-2.813787099999999833e-02
5.238503399999999699e-01,7.362308051000000519e-01,-1.235398197999999954e-02,-2.817565241999999900e-02
5.241148399999999707e-01,7.363948495000000039e-01,-1.240826434000000082e-02,-2.823246553000000048e-02
5.243809000000000387e-01,7.372050795000000267e-01,-1.262752967999999920e-02,-2.830565436000000157e-02
5.246488599999999947e-01,7.381308774999999489e-01,-1.303708896999999922e-02,-2.834870270999999969e-02
5.249187400000000503e-01,7.391116070000000038e-01,-1.336784251999999923e-02,-2.840137301000000142e-02
5.251909099999999553e-01,7.400383037000000108e-01,-1.377851599000000024e-02,-2.847351811999999927e-02
5.254653999999999714e-01,7.407537283999999778e-01,-1.473751629000000056e-02,-2.838743842000000100e-02
5.257422600000000168e-01,7.414098113999999518e-01,-1.554940582999999980e-02,-2.836761060999999987e-02
5.260215299999999594e-01,7.419348931000000480e-01,-1.626878136999999891e-02,-2.838550520999999840e-02
5.263001099999999877e-01,7.425310673999999667e-01,-1.733934972000000102e-02,-2.835804013999999873e-02
5.265773099999999651e-01,7.420553988000000434e-01,-1.830280351000000000e-02,-2.827634835999999832e-02
5.268531400000000531e-01,7.412248590000000137e-01,-1.948501226000000017e-02,-2.817375168999999846e-02
5.271276200000000189e-01,7.399407500000000359e-01,-2.061507880999999959e-02,-2.797768703000000010e-02
5.274007499999999737e-01,7.384108457000000403e-01,-2.164073768999999828e-02,-2.780782652999999952e-02
5.276725399999999677e-01,7.372660867000000451e-01,-2.225876150000000164e-02,-2.768902497000000004e-02
5.279433399999999832e-01,7.363096028000000182e-01,-2.273216990000000159e-02,-2.758638739000000145e-02
5.282128299999999665e-01,7.359877412999999979e-01,-2.267632776000000003e-02,-2.751755142999999862e-02
5.284813299999999714e-01,7.357541914999999877e-01,-2.258530859999999946e-02,-2.743204189999999890e-02
5.287488700000000375e-01,7.362860448000000391e-01,-2.252906404000000126e-02,-2.735795622000000010e-02
5.290157599999999460e-01,7.366924370999999860e-01,-2.200726377000000039e-02,-2.732133160999999921e-02
5.292820000000000302e-01,7.371704567000000319e-01,-2.148205780999999995e-02,-2.720923723999999974e-02
5.295479300000000000e-01,7.377236846000000403e-01,-2.006797046000000084e-02,-2.720703463999999891e-02
5.298138500000000306e-01,7.385488297000000202e-01,-1.874958768999999970e-02,-2.718349226000000077e-02
5.300797800000000004e-01,7.396630011000000504e-01,-1.769359356999999910e-02,-2.714852343000000168e-02
5.303453799999999774e-01,7.396281979000000062e-01,-1.659289216000000081e-02,-2.706082358000000063e-02
5.306109900000000046e-01,7.390623058999999939e-01,-1.524532686000000005e-02,-2.697590504000000125e-02
5.308769100000000352e-01,7.378672224000000224e-01,-1.367731707999999928e-02,-2.691043095999999871e-02
5.311431599999999476e-01,7.369954399000000489e-01,-1.177026980999999924e-02,-2.699377412000000115e-02
5.314097399999999638e-01,7.356878300000000426e-01,-1.014248818999999996e-02,-2.699849338999999945e-02
5.316769599999999762e-01,7.350265099999999663e-01,-8.662867943000000445e-03,-2.703801706999999985e-02
5.319448399999999744e-01,7.344746145999999642e-01,-7.343308786999999671e-03,-2.709044816999999980e-02
5.322133799999999582e-01,7.345200391999999745e-01,-6.202108464999999890e-03,-2.719114468999999853e-02
5.324825899999999779e-01,7.345144770999999517e-01,-5.222861873999999627e-03,-2.739067938999999868e-02
5.327528000000000263e-01,7.348438560000000175e-01,-4.376787806000000287e-03,-2.755308013999999833e-02
5.330236799999999997e-01,7.351370025000000252e-01,-3.724888754000000007e-03,-2.774112035999999962e-02
5.332955799999999913e-01,7.356555592000000310e-01,-3.233378278000000050e-03,-2.793669061999999939e-02
5.335681599999999580e-01,7.359291059000000468e-01,-2.729061936999999799e-03,-2.818910137000000052e-02
5.338417800000000435e-01,7.363616269999999631e-01,-2.248941221999999941e-03,-2.846192083999999831e-02
5.341160900000000433e-01,7.367024705000000395e-01,-1.854399993000000000e-03,-2.869993314999999892e-02
5.343914600000000403e-01,7.376215481000000240e-01,-1.209277590999999945e-03,-2.896171982999999964e-02
5.346678799999999843e-01,7.376929219000000204e-01,-1.068931941000000104e-03,-2.907943091999999966e-02
5.349450100000000541e-01,7.383280335999999888e-01,-1.241995455999999991e-03,-2.923452684000000038e-02
5.352232199999999995e-01,7.382370243000000443e-01,-1.426038192000000015e-03,-2.926645605000000039e-02
5.355025100000000426e-01,7.386797175000000548e-01,-1.959048463000000011e-03,-2.930835777999999878e-02
5.357828999999999509e-01,7.388481707999999815e-01,-2.689394585000000164e-03,-2.921972482000000093e-02
5.360640199999999744e-01,7.390827599999999498e-01,-3.606180426000000095e-03,-2.909714526999999940e-02
5.363458899999999918e-01,7.394628920000000383e-01,-4.443952592000000382e-03,-2.897300192999999885e-02
5.366284999999999528e-01,7.397563578000000417e-01,-5.231525465999999763e-03,-2.885471816000000078e-02
5.369118600000000185e-01,7.392892181000000340e-01,-6.028680548000000215e-03,-2.857219282000000166e-02
5.371955999999999953e-01,7.392849449999999711e-01,-7.211839819999999596e-03,-2.822672883999999965e-02
5.374797199999999942e-01,7.400268280999999781e-01,-8.710852842000000804e-03,-2.789282368999999873e-02
5.377638399999999930e-01,7.405711191999999610e-01,-1.059359640999999949e-02,-2.754047092000000072e-02
5.380483400000000138e-01,7.406444249000000424e-01,-1.230625421999999997e-02,-2.709346282000000064e-02
5.383328400000000347e-01,7.415019140999999925e-01,-1.384542071000000041e-02,-2.668881295000000153e-02
5.386173400000000555e-01,7.430375544999999748e-01,-1.542066251000000048e-02,-2.635524858000000067e-02
5.389018300000000261e-01,7.439641941000000314e-01,-1.709900287999999852e-02,-2.594410452000000047e-02
5.391867200000000082e-01,7.454268520000000287e-01,-1.859473067000000021e-02,-2.560431214999999913e-02
5.394716000000000511e-01,7.474584793999999865e-01,-1.988933610999999921e-02,-2.533028241999999916e-02
5.397568700000000552e-01,7.483687304999999679e-01,-2.097984141999999913e-02,-2.494236068000000098e-02
5.400425199999999704e-01,7.489476857000000320e-01,-2.181040950999999992e-02,-2.456277607000000029e-02
5.403285700000000080e-01,7.484943021000000085e-01,-2.261388249000000072e-02,-2.414004007000000035e-02
5.406150100000000069e-01,7.483661793000000451e-01,-2.367109396000000032e-02,-2.365860142000000138e-02
5.409018399999999671e-01,7.484744427999999727e-01,-2.489219532000000110e-02,-2.316131491000000125e-02
5.411890599999999996e-01,7.486551354999999575e-01,-2.609035360999999859e-02,-2.268696828000000068e-02
5.414770700000000048e-01,7.495975651999999823e-01,-2.722986155999999880e-02,-2.223921582000000161e-02
5.417654899999999607e-01,7.502355178999999819e-01,-2.807969612000000073e-02,-2.184102737999999919e-02
5.420547000000000004e-01,7.500009976999999495e-01,-2.862747368999999861e-02,-2.145414551000000142e-02
5.423443199999999909e-01,7.494610296000000504e-01,-2.964005586000000025e-02,-2.099621148999999964e-02
5.426343399999999928e-01,7.493035912000000076e-01,-3.072606246999999915e-02,-2.056368361000000117e-02
5.429251800000000072e-01,7.490628557999999826e-01,-3.151325420000000016e-02,-2.023536997000000004e-02
5.432164200000000331e-01,7.490841379999999550e-01,-3.222979839000000152e-02,-1.995402777000000044e-02
5.435084900000000108e-01,7.496929762999999802e-01,-3.328601666000000070e-02,-1.969972370000000125e-02
5.438009700000000501e-01,7.506985484999999514e-01,-3.413473109000000200e-02,-1.955884517999999933e-02
5.440938699999999795e-01,7.517519766000000381e-01,-3.528168438999999823e-02,-1.946857189000000127e-02
5.443871799999999705e-01,7.525539651000000552e-01,-3.636217866000000104e-02,-1.933762821999999992e-02
5.446809099999999626e-01,7.532214780000000554e-01,-3.745905084000000079e-02,-1.925786500999999984e-02
5.449754900000000069e-01,7.536758610999999553e-01,-3.827180260000000167e-02,-1.929657523000000152e-02
5.452704900000000521e-01,7.534461828999999833e-01,-3.936101185000000224e-02,-1.927951857000000102e-02
5.455659099999999873e-01,7.528848546999999947e-01,-4.089650402000000184e-02,-1.919640102000000001e-02
5.458617599999999737e-01,7.521716091000000270e-01,-4.243981670000000067e-02,-1.910447728000000053e-02
5.461576200000000103e-01,7.514903442000000489e-01,-4.362435617000000321e-02,-1.906942098999999877e-02
5.464534699999999967e-01,7.508650048999999660e-01,-4.469560877999999987e-02,-1.906693447999999874e-02
5.467497500000000343e-01,7.499767572000000104e-01,-4.548294309999999924e-02,-1.908621518999999850e-02
5.470464699999999514e-01,7.489172827000000199e-01,-4.652825492999999868e-02,-1.908227016000000123e-02
5.473436200000000307e-01,7.482780677999999464e-01,-4.752207848000000040e-02,-1.904510292000000105e-02
5.476412000000000502e-01,7.470620605000000136e-01,-4.861096279999999742e-02,-1.892874216000000123e-02
5.479387900000000089e-01,7.462821168000000061e-01,-4.952296535999999721e-02,-1.883767010999999950e-02
5.482363799999999676e-01,7.457102625000000540e-01,-5.029915539999999657e-02,-1.875277838000000141e-02
5.485335300000000469e-01,7.445330301000000484e-01,-5.095483233999999889e-02,-1.866529449999999868e-02
5.488302400000000247e-01,7.435010563999999711e-01,-5.166681353000000115e-02,-1.852186232999999960e-02
5.491265100000000121e-01,7.424880861000000554e-01,-5.275360750000000071e-02,-1.827405925999999944e-02
5.494223499999999483e-01,7.419213733999999727e-01,-5.390964217000000086e-02,-1.800871671000000077e-02
5.497173100000000145e-01,7.416391447000000303e-01,-5.495388984999999976e-02,-1.774595853000000140e-02
5.500118499999999688e-01,7.415165514999999541e-01,-5.597515831000000192e-02,-1.746293070000000044e-02
5.503055199999999925e-01,7.416823045999999531e-01,-5.672932995999999811e-02,-1.723625523000000062e-02
5.505987500000000257e-01,7.415832597999999498e-01,-5.705086471999999687e-02,-1.706451868999999885e-02
5.508911300000000066e-01,7.412481183000000362e-01,-5.708162809999999671e-02,-1.692790564999999831e-02
5.511830800000000474e-01,7.405904067999999896e-01,-5.668165623000000208e-02,-1.688081480000000120e-02
5.514741699999999858e-01,7.397387681999999520e-01,-5.620599148000000184e-02,-1.682969323999999878e-02
5.517648400000000342e-01,7.381480835999999490e-01,-5.572441027999999741e-02,-1.674436232000000094e-02
5.520546600000000304e-01,7.362604407999999712e-01,-5.508006004999999733e-02,-1.661968599000000074e-02
5.523436299999999743e-01,7.352928587999999488e-01,-5.430541509999999711e-02,-1.663575733000000056e-02
5.526321800000000284e-01,7.346364855000000471e-01,-5.341199960999999663e-02,-1.666762973000000120e-02
5.529198899999999695e-01,7.346377296999999640e-01,-5.252559958999999945e-02,-1.676672850000000131e-02
5.532067600000000196e-01,7.356306951000000094e-01,-5.125574690000000294e-02,-1.696953847000000001e-02
5.534927899999999568e-01,7.360508949999999828e-01,-4.992467291000000223e-02,-1.713826650999999979e-02
5.537784100000000542e-01,7.364605860999999809e-01,-4.862708607999999960e-02,-1.729794052999999998e-02
5.540632100000000282e-01,7.366445109000000491e-01,-4.730867843000000073e-02,-1.741878975000000010e-02
5.543471700000000002e-01,7.376839035000000155e-01,-4.596499751000000106e-02,-1.760084255999999972e-02
5.546303200000000100e-01,7.386832842999999649e-01,-4.452136434000000115e-02,-1.774559548999999833e-02
5.549126399999999570e-01,7.388786683000000410e-01,-4.331651253999999757e-02,-1.774542282999999956e-02
5.551941500000000529e-01,7.394956298000000539e-01,-4.220372322000000287e-02,-1.773303044999999939e-02
5.554748499999999645e-01,7.404846528999999844e-01,-4.113739792999999978e-02,-1.771343541999999965e-02
5.557547499999999641e-01,7.414041032000000531e-01,-3.986875915000000214e-02,-1.770578277999999839e-02
5.560338299999999512e-01,7.413633258999999809e-01,-3.857039581999999883e-02,-1.760901477000000048e-02
5.563121199999999655e-01,7.412991485000000047e-01,-3.707802840999999822e-02,-1.752396940999999958e-02
5.565896099999999569e-01,7.421796860999999579e-01,-3.582676938999999894e-02,-1.748194906999999895e-02
5.568667000000000478e-01,7.427778012000000318e-01,-3.477428726000000164e-02,-1.738513137999999833e-02
5.571433999999999553e-01,7.437049539000000209e-01,-3.355135305000000318e-02,-1.735626093999999980e-02
5.574196999999999624e-01,7.449692773999999629e-01,-3.237785269000000021e-02,-1.739283376000000034e-02
5.576955999999999580e-01,7.464405982999999800e-01,-3.125033459999999874e-02,-1.751463861999999830e-02
5.579714999999999536e-01,7.479910494000000520e-01,-2.989567291000000057e-02,-1.764268252000000120e-02
5.582474099999999995e-01,7.480376021000000319e-01,-2.862839136999999895e-02,-1.774004473000000137e-02
5.585233099999999951e-01,7.476699605000000082e-01,-2.772956827999999846e-02,-1.774295814000000082e-02
5.587996100000000022e-01,7.473484245999999498e-01,-2.611928616000000133e-02,-1.791966048999999936e-02
5.590763100000000208e-01,7.466831695000000213e-01,-2.460240601000000110e-02,-1.809751076999999847e-02
5.593534100000000509e-01,7.462577313999999573e-01,-2.314909130000000065e-02,-1.829701050999999953e-02
5.596309200000000317e-01,7.453610310999999600e-01,-2.216327683999999923e-02,-1.839288583000000046e-02
5.599092399999999747e-01,7.443640071999999552e-01,-2.120023027999999934e-02,-1.846770166999999949e-02
5.601883699999999910e-01,7.436998758999999737e-01,-2.061053817000000135e-02,-1.846415938000000104e-02
5.604683299999999591e-01,7.428683185000000133e-01,-1.997661344999999977e-02,-1.847671961999999835e-02
5.607474599999999754e-01,7.425945801000000124e-01,-1.917166323000000019e-02,-1.857782774000000039e-02
5.610257800000000294e-01,7.428744258999999683e-01,-1.852610106000000117e-02,-1.874499504000000025e-02
5.613032700000000208e-01,7.432555965999999570e-01,-1.778022606000000116e-02,-1.900066039000000012e-02
5.615799500000000499e-01,7.443013518000000106e-01,-1.675750779000000079e-02,-1.943834859999999873e-02
5.618554199999999943e-01,7.451452885999999554e-01,-1.569883060999999885e-02,-1.990090745000000147e-02
5.621296799999999649e-01,7.455626518000000313e-01,-1.475739449000000071e-02,-2.035321812999999966e-02
5.624027499999999513e-01,7.461267033999999798e-01,-1.395670754999999916e-02,-2.082916882000000053e-02
5.626742399999999922e-01,7.464398553000000103e-01,-1.295162784999999948e-02,-2.136587607999999860e-02
5.629445499999999880e-01,7.464997810000000289e-01,-1.218118728000000019e-02,-2.186612341000000043e-02
5.632133099999999670e-01,7.470213973999999535e-01,-1.129343636000000074e-02,-2.246728687999999946e-02
5.634809100000000015e-01,7.473490927999999478e-01,-1.052235066000000059e-02,-2.304030316000000092e-02
5.637469899999999479e-01,7.470793757000000479e-01,-9.860858584999999954e-03,-2.352655580000000135e-02
5.640115500000000281e-01,7.465116303000000064e-01,-9.275679954000000740e-03,-2.401982402000000030e-02
5.642746199999999490e-01,7.456685235000000134e-01,-8.911701396999999886e-03,-2.440719590000000119e-02
5.645362000000000435e-01,7.447329430000000361e-01,-8.679423355000000229e-03,-2.474042158999999880e-02
5.647963200000000183e-01,7.440351233999999980e-01,-8.601719441999999827e-03,-2.501574143999999930e-02
5.650553499999999563e-01,7.430081495000000480e-01,-8.791433015999999476e-03,-2.520817070000000090e-02
5.653129300000000468e-01,7.422039059999999688e-01,-9.189095455999999468e-03,-2.541144861000000157e-02
5.655694399999999789e-01,7.414464916999999877e-01,-9.770823643000000128e-03,-2.557047750000000091e-02
5.658245299999999922e-01,7.413639627000000454e-01,-1.038213496000000083e-02,-2.577706362999999945e-02
5.660785600000000084e-01,7.411896985999999465e-01,-1.111919383999999955e-02,-2.592615761000000019e-02
5.663312000000000346e-01,7.412301838999999504e-01,-1.183420391000000044e-02,-2.603999808000000138e-02
5.665828099999999923e-01,7.417230076999999921e-01,-1.279764671000000083e-02,-2.611475484000000055e-02
5.668330299999999600e-01,7.417277490999999445e-01,-1.362914485999999932e-02,-2.614592716999999955e-02
5.670819000000000276e-01,7.419753906999999593e-01,-1.439767810999999925e-02,-2.616423806000000088e-02
5.673294199999999732e-01,7.426087915000000317e-01,-1.540242028000000062e-02,-2.613817251999999910e-02
5.675756100000000082e-01,7.427120613000000038e-01,-1.646664263000000017e-02,-2.601707762999999965e-02
5.678208000000000144e-01,7.428993025000000250e-01,-1.773584949000000036e-02,-2.587810003000000011e-02
5.680646799999999885e-01,7.425976756000000067e-01,-1.922117309999999898e-02,-2.566281198999999930e-02
5.683072599999999808e-01,7.425327012000000337e-01,-2.077599582000000042e-02,-2.540326739000000125e-02
5.685488800000000342e-01,7.424899356999999922e-01,-2.229288139000000155e-02,-2.517657057000000087e-02
5.687895299999999876e-01,7.425061460999999863e-01,-2.366020560999999856e-02,-2.492068639999999932e-02
5.690295399999999448e-01,7.418759213000000186e-01,-2.504754028999999979e-02,-2.460634319999999847e-02
5.692689199999999561e-01,7.415729427999999679e-01,-2.632814773000000108e-02,-2.434217560000000169e-02
5.695076700000000214e-01,7.414242558000000427e-01,-2.751444117000000078e-02,-2.411545523999999996e-02
5.697457799999999795e-01,7.413102744999999771e-01,-2.857822515000000077e-02,-2.394845245999999844e-02
5.699835899999999844e-01,7.408601336000000259e-01,-2.975478326000000062e-02,-2.375773612999999840e-02
5.702210800000000468e-01,7.400755934999999619e-01,-3.096850611999999933e-02,-2.353206743999999850e-02
5.704582499999999445e-01,7.391009879000000060e-01,-3.204595906999999771e-02,-2.340511443999999941e-02
5.706951099999999499e-01,7.380002782000000261e-01,-3.321723582999999702e-02,-2.329357593000000101e-02
5.709316599999999520e-01,7.369797807000000311e-01,-3.449116110000000068e-02,-2.312285651999999858e-02
5.711672800000000549e-01,7.368144638000000413e-01,-3.550318773999999733e-02,-2.303226695000000143e-02
5.714022800000000402e-01,7.373520417000000160e-01,-3.634738314000000164e-02,-2.297162272000000116e-02
5.716363500000000153e-01,7.375608666999999841e-01,-3.709416344000000115e-02,-2.289598781000000069e-02
5.718698100000000339e-01,7.377819396000000474e-01,-3.761164949999999674e-02,-2.285997009000000080e-02
5.721029600000000492e-01,7.377496460000000367e-01,-3.782994335999999985e-02,-2.287158652000000070e-02
5.723358100000000004e-01,7.374109118999999657e-01,-3.788585699000000112e-02,-2.285469828999999939e-02
5.725686599999999515e-01,7.374911293999999451e-01,-3.801163892000000016e-02,-2.287045022999999871e-02
5.728015100000000137e-01,7.376495094999999669e-01,-3.813963651999999899e-02,-2.294221244999999909e-02
5.730343599999999649e-01,7.381571300999999474e-01,-3.818049466000000142e-02,-2.305074651000000099e-02
5.732672100000000270e-01,7.388002740000000346e-01,-3.833065540999999743e-02,-2.315434380999999847e-02
5.735003699999999816e-01,7.390257687000000297e-01,-3.846428738999999736e-02,-2.326152014999999934e-02
5.737338300000000002e-01,7.390551369000000204e-01,-3.845850360999999995e-02,-2.337743935000000106e-02
5.739676099999999614e-01,7.391033957999999515e-01,-3.862825670000000211e-02,-2.350132253000000032e-02
5.742020100000000404e-01,7.391549642000000420e-01,-3.861286468999999832e-02,-2.361802417999999890e-02
5.744367200000000118e-01,7.393472132999999724e-01,-3.869195238999999925e-02,-2.371739475999999971e-02
5.746720600000000401e-01,7.393588080999999868e-01,-3.866333435000000179e-02,-2.385797725999999966e-02
5.749080300000000143e-01,7.395999519999999494e-01,-3.876846015999999701e-02,-2.395635045000000032e-02
5.751446399999999848e-01,7.395667787999999909e-01,-3.885952606000000337e-02,-2.404487262000000111e-02
5.753822200000000553e-01,7.394172981000000089e-01,-3.905119796999999976e-02,-2.417073861999999990e-02
5.756207599999999536e-01,7.395628105999999535e-01,-3.916019072000000156e-02,-2.429224718000000047e-02
5.758606299999999845e-01,7.393179320999999637e-01,-3.917846591000000156e-02,-2.438402631000000098e-02
5.761018199999999867e-01,7.399460772000000519e-01,-3.935431192000000272e-02,-2.447305940000000027e-02
5.763443499999999498e-01,7.402926606999999937e-01,-3.935893314000000337e-02,-2.459896371000000123e-02
5.765879099999999813e-01,7.409197347999999517e-01,-3.917243684999999892e-02,-2.474145888000000085e-02
5.768328400000000133e-01,7.408336943000000119e-01,-3.895012771999999818e-02,-2.483775688999999981e-02
5.770795199999999570e-01,7.412895377999999535e-01,-3.886276787000000205e-02,-2.489091034999999993e-02
5.773276099999999911e-01,7.415534293000000110e-01,-3.868886869000000284e-02,-2.497163894999999967e-02
5.775771400000000444e-01,7.417097867999999927e-01,-3.913484219999999875e-02,-2.498835754999999964e-02
5.778284799999999777e-01,7.414535564999999995e-01,-3.944258297000000080e-02,-2.501707163999999928e-02
5.780813000000000201e-01,7.418600768999999984e-01,-3.989249253999999772e-02,-2.497538952999999937e-02
5.783359999999999612e-01,7.416879777999999535e-01,-4.057951426999999861e-02,-2.486275208999999889e-02
5.785922100000000512e-01,7.415529117000000392e-01,-4.121202220999999749e-02,-2.472127609000000087e-02
5.788499700000000470e-01,7.408324911000000457e-01,-4.163734371999999739e-02,-2.453206897000000108e-02
5.791092899999999988e-01,7.408861667999999678e-01,-4.236007531000000187e-02,-2.424952303999999836e-02
5.793701900000000071e-01,7.411068347000000500e-01,-4.304713939999999656e-02,-2.401513351999999893e-02
5.796327000000000007e-01,7.405915637000000107e-01,-4.399350871999999774e-02,-2.369640929999999868e-02
5.798964199999999680e-01,7.401266888999999960e-01,-4.473649215000000123e-02,-2.344582069000000074e-02
5.801617900000000105e-01,7.404926190999999713e-01,-4.570198563999999797e-02,-2.316272780000000128e-02
5.804284199999999450e-01,7.410769494000000179e-01,-4.651721984999999948e-02,-2.289086029999999952e-02
5.806967299999999943e-01,7.419954697999999738e-01,-4.718501392999999849e-02,-2.262747258999999941e-02
5.809663200000000360e-01,7.425419702000000122e-01,-4.752273351999999895e-02,-2.241433186999999827e-02
5.812376399999999999e-01,7.439545075000000285e-01,-4.781944285999999850e-02,-2.224075487000000059e-02
5.815102800000000460e-01,7.457498772999999748e-01,-4.808334376000000104e-02,-2.213266339999999874e-02
5.817842399999999525e-01,7.472706489999999535e-01,-4.841817982999999798e-02,-2.195533256999999960e-02
5.820595600000000314e-01,7.478034075999999697e-01,-4.865237828999999931e-02,-2.175649849999999885e-02
5.823366899999999902e-01,7.479097317999999772e-01,-4.882443974000000297e-02,-2.150725766999999830e-02
5.826156599999999797e-01,7.476137646999999609e-01,-4.856702632999999880e-02,-2.131362460000000084e-02
5.828946299999999692e-01,7.474497200999999924e-01,-4.847813966000000252e-02,-2.112027065999999911e-02
5.831717600000000390e-01,7.478047279999999741e-01,-4.806459431000000004e-02,-2.099791856999999942e-02
5.834470499999999671e-01,7.479348091999999948e-01,-4.773465519999999657e-02,-2.087972366999999926e-02
5.837209899999999951e-01,7.481971363999999625e-01,-4.751061070999999802e-02,-2.077245708000000080e-02
5.839931299999999714e-01,7.480780867999999861e-01,-4.729905096999999919e-02,-2.065107702999999933e-02
5.842635000000000467e-01,7.475878578000000330e-01,-4.722419798000000030e-02,-2.052564457000000120e-02
5.845325500000000396e-01,7.462404620999999461e-01,-4.717140110000000303e-02,-2.031307905999999927e-02
5.848003000000000506e-01,7.450828006999999920e-01,-4.707528083999999724e-02,-2.016309271000000028e-02
5.850667499999999688e-01,7.437260515000000405e-01,-4.730348496000000291e-02,-1.994119417999999991e-02
5.853319099999999553e-01,7.421630509000000098e-01,-4.742445368999999994e-02,-1.980224306999999948e-02
5.855958100000000499e-01,7.408269772000000142e-01,-4.734566948999999886e-02,-1.964643573999999906e-02
5.858588500000000421e-01,7.395336729000000497e-01,-4.723028994999999702e-02,-1.953455316999999983e-02
5.861210599999999715e-01,7.385338079000000056e-01,-4.704544785999999895e-02,-1.940698194999999904e-02
5.863824300000000100e-01,7.382977066000000477e-01,-4.671739437999999911e-02,-1.936246731999999998e-02
5.866429699999999858e-01,7.380257573999999821e-01,-4.663590170999999673e-02,-1.926145926999999966e-02
5.869030899999999606e-01,7.372825560000000333e-01,-4.649328085999999971e-02,-1.914376204000000151e-02
5.871632100000000465e-01,7.368473921999999510e-01,-4.605498927999999992e-02,-1.901338464999999950e-02
5.874233300000000213e-01,7.365702272999999911e-01,-4.561571905000000315e-02,-1.885496621000000081e-02
5.876834600000000464e-01,7.361999755999999451e-01,-4.467407408000000080e-02,-1.876017643000000082e-02
5.879435800000000212e-01,7.356702455000000418e-01,-4.329082339999999751e-02,-1.869506041999999951e-02
5.882041199999999970e-01,7.363107934000000521e-01,-4.137223763999999665e-02,-1.881012891000000131e-02
5.884646599999999728e-01,7.375939420999999552e-01,-3.942773613000000177e-02,-1.896454044000000019e-02
5.887256199999999495e-01,7.390032912999999759e-01,-3.693000660000000240e-02,-1.915986491000000111e-02
5.889870099999999775e-01,7.397984014999999802e-01,-3.458726908999999738e-02,-1.926541890999999840e-02
5.892492400000000075e-01,7.404733897999999925e-01,-3.247770733000000104e-02,-1.934962328999999953e-02
5.895119100000000278e-01,7.417008714999999697e-01,-3.049373642000000051e-02,-1.955291563000000066e-02
5.897754400000000397e-01,7.423320592000000051e-01,-2.863565879000000078e-02,-1.967673232000000105e-02
5.900398300000000429e-01,7.433831963000000487e-01,-2.686602579999999851e-02,-1.984309655999999880e-02
5.903046699999999758e-01,7.451165883000000489e-01,-2.515850665999999972e-02,-2.002140083999999834e-02
5.905703799999999504e-01,7.465625584999999731e-01,-2.341754616000000025e-02,-2.018909143000000017e-02
5.908369900000000063e-01,7.481480193999999750e-01,-2.183696430000000091e-02,-2.035436876999999894e-02
5.911040400000000528e-01,7.493311864999999683e-01,-2.046940871000000120e-02,-2.046229725000000069e-02
5.913719899999999585e-01,7.500461626000000104e-01,-1.947128748999999923e-02,-2.047491967999999843e-02
5.916403999999999552e-01,7.508716241999999763e-01,-1.880132711999999914e-02,-2.040241922999999971e-02
5.919097199999999726e-01,7.516985855000000161e-01,-1.830252979000000085e-02,-2.031213260000000118e-02
5.921799599999999497e-01,7.517414851000000509e-01,-1.815906600000000148e-02,-2.012784248999999887e-02
5.924506600000000178e-01,7.513246528999999452e-01,-1.840849396000000110e-02,-1.989011082999999833e-02
5.927223000000000352e-01,7.508222817999999910e-01,-1.884348045999999915e-02,-1.962332079999999992e-02
5.929948800000000020e-01,7.494394768000000040e-01,-1.944020461999999838e-02,-1.935485026000000053e-02
5.932684000000000291e-01,7.486611705000000283e-01,-2.022885157000000114e-02,-1.909907064000000015e-02
5.935424099999999648e-01,7.481641637999999483e-01,-2.101122943000000021e-02,-1.889512762000000040e-02
5.938168999999999809e-01,7.479334182000000331e-01,-2.164113797999999908e-02,-1.871453556999999948e-02
5.940923500000000468e-01,7.479891616999999604e-01,-2.199000020999999916e-02,-1.864350248000000085e-02
5.943682999999999605e-01,7.477635902999999473e-01,-2.246052159000000090e-02,-1.855603410000000036e-02
5.946447299999999547e-01,7.477165010999999861e-01,-2.321236292000000007e-02,-1.846047614000000114e-02
5.949216499999999685e-01,7.476327650999999852e-01,-2.405344360999999917e-02,-1.835349648999999930e-02
5.951990799999999915e-01,7.470221726000000340e-01,-2.480273318999999879e-02,-1.831551673999999921e-02
5.954764999999999642e-01,7.457994986000000548e-01,-2.579356019999999930e-02,-1.823084252999999932e-02
5.957544200000000068e-01,7.448135058000000530e-01,-2.660669285999999953e-02,-1.821543403999999894e-02
5.960328400000000082e-01,7.441455476999999652e-01,-2.767414744999999870e-02,-1.822003964999999864e-02
5.963102599999999809e-01,7.440748731999999865e-01,-2.877431411999999827e-02,-1.823421912999999978e-02
5.965861799999999660e-01,7.437718729000000195e-01,-3.001906795999999961e-02,-1.817349844000000145e-02
5.968611200000000228e-01,7.436509479999999783e-01,-3.161897520999999711e-02,-1.810910468000000162e-02
5.971350699999999900e-01,7.440008953000000202e-01,-3.293992165000000222e-02,-1.817066327000000162e-02
5.974085300000000487e-01,7.440894243000000241e-01,-3.381545090000000198e-02,-1.825167305000000018e-02
5.976814999999999767e-01,7.443402208999999603e-01,-3.460901175000000163e-02,-1.828045370000000100e-02
5.979549600000000353e-01,7.452175321999999769e-01,-3.509651530999999963e-02,-1.841590795999999836e-02
5.982289200000000529e-01,7.467030784999999504e-01,-3.545878261000000309e-02,-1.853899691000000099e-02
5.985038700000000489e-01,7.477532130999999804e-01,-3.616522845999999708e-02,-1.854206510999999863e-02
5.987798100000000234e-01,7.482753768000000028e-01,-3.685000900999999690e-02,-1.843645862999999940e-02
5.990567700000000162e-01,7.481492853000000220e-01,-3.728216966999999687e-02,-1.832076289000000163e-02
5.993347500000000272e-01,7.483437541999999887e-01,-3.760048779999999868e-02,-1.821440578999999893e-02
5.996142800000000550e-01,7.489735299999999985e-01,-3.853984694999999794e-02,-1.794536295999999906e-02
5.998953799999999781e-01,7.496439435999999734e-01,-3.937046613999999750e-02,-1.769638495000000131e-02
6.001775299999999591e-01,7.505100555999999479e-01,-4.042926550999999952e-02,-1.731625896000000067e-02
6.004612799999999861e-01,7.511247532999999477e-01,-4.149346740999999839e-02,-1.687144528000000115e-02
6.007461200000000501e-01,7.515854887999999789e-01,-4.252342860999999696e-02,-1.639402530000000011e-02
6.010325899999999777e-01,7.517288769000000093e-01,-4.362210650000000051e-02,-1.587471584000000116e-02
6.013196200000000546e-01,7.510348024999999872e-01,-4.485756238000000035e-02,-1.533183953000000037e-02
6.016077600000000469e-01,7.500132106000000354e-01,-4.639576304999999679e-02,-1.473933533000000053e-02
6.018970300000000551e-01,7.488297280000000278e-01,-4.822644379999999759e-02,-1.412578739000000007e-02
6.021868599999999905e-01,7.481201181000000089e-01,-5.017468323000000285e-02,-1.351289441999999931e-02
6.024778299999999920e-01,7.474004811000000137e-01,-5.224824495000000152e-02,-1.297252529999999918e-02
6.027693699999999710e-01,7.467127948999999765e-01,-5.412485781000000301e-02,-1.247991749999999983e-02
6.030615000000000281e-01,7.454039841999999805e-01,-5.594728120999999804e-02,-1.202112248999999931e-02
6.033541999999999517e-01,7.438535895000000231e-01,-5.793456840999999802e-02,-1.156181491000000082e-02
6.036469100000000365e-01,7.420726050999999490e-01,-6.025503508999999897e-02,-1.103305387000000012e-02
6.039396200000000103e-01,7.398480243999999706e-01,-6.246969138999999838e-02,-1.051161607000000026e-02
6.042323200000000449e-01,7.377660196999999975e-01,-6.422511642000000576e-02,-1.011690623999999920e-02
6.045250300000000188e-01,7.351598947999999911e-01,-6.562949293000000517e-02,-9.832018701999999458e-03
6.048177300000000534e-01,7.328070172999999743e-01,-6.687669989000000204e-02,-9.616135234999999976e-03
6.051098499999999492e-01,7.305798816999999890e-01,-6.826969234999999414e-02,-9.393464727999999500e-03
6.054019699999999560e-01,7.285189265000000525e-01,-6.926893164000000325e-02,-9.336782833999999337e-03
6.056940899999999628e-01,7.267227658999999562e-01,-6.966885192999999754e-02,-9.459615246999999658e-03
6.059856099999999524e-01,7.246698772999999871e-01,-6.987534943999999804e-02,-9.590154626000000140e-03
6.062771399999999922e-01,7.235999768999999970e-01,-6.986946287999999672e-02,-9.837070948999999953e-03
6.065686700000000320e-01,7.230509399000000226e-01,-6.973954223999999369e-02,-1.015390610000000034e-02
6.068601900000000215e-01,7.220522024000000094e-01,-6.943846184999999394e-02,-1.045188696999999924e-02
6.071517199999999503e-01,7.214412497000000091e-01,-6.850202013999999451e-02,-1.087902326999999961e-02
6.074432499999999902e-01,7.210219983000000221e-01,-6.750156310999999576e-02,-1.132948676000000016e-02
6.077347800000000300e-01,7.209764937999999512e-01,-6.646347884999999345e-02,-1.184025168000000031e-02
6.080263000000000195e-01,7.219616837000000231e-01,-6.509699615000000272e-02,-1.245676226999999948e-02
6.083178299999999483e-01,7.229651526000000494e-01,-6.357005178999999839e-02,-1.315195130999999990e-02
6.086099600000000054e-01,7.244137402000000447e-01,-6.193615771000000186e-02,-1.391673830000000021e-02
6.089020899999999514e-01,7.262350816999999514e-01,-5.998495968999999900e-02,-1.479017516999999934e-02
6.091942099999999582e-01,7.278181937000000046e-01,-5.761849690999999718e-02,-1.571128420000000164e-02
6.094863400000000153e-01,7.288380625000000501e-01,-5.494549462000000023e-02,-1.660536098000000085e-02
6.097784699999999614e-01,7.293875917000000042e-01,-5.232033022000000255e-02,-1.740868668000000036e-02
6.100706000000000184e-01,7.305683197000000240e-01,-4.927794073999999802e-02,-1.828254041999999996e-02
6.103627299999999645e-01,7.320924827000000468e-01,-4.629902127999999811e-02,-1.914497428999999834e-02
6.106548600000000215e-01,7.331509112999999855e-01,-4.322286590999999817e-02,-2.002208419000000086e-02
6.109469800000000284e-01,7.344908735999999827e-01,-4.037512063999999790e-02,-2.085973023999999898e-02
6.112385000000000179e-01,7.355676129999999535e-01,-3.786513698999999927e-02,-2.155015241999999956e-02
6.115294000000000008e-01,7.361067732999999613e-01,-3.570139390999999690e-02,-2.204575048000000093e-02
6.118203100000000338e-01,7.361281231999999841e-01,-3.399047236999999666e-02,-2.238564142000000132e-02
6.121105999999999492e-01,7.368877350000000437e-01,-3.243580314999999770e-02,-2.268559302999999944e-02
6.124002899999999583e-01,7.373452813999999966e-01,-3.132074133999999954e-02,-2.287339433000000130e-02
6.126893599999999607e-01,7.374895928000000378e-01,-3.026085489000000101e-02,-2.295839821999999877e-02
6.129778299999999458e-01,7.377209721999999914e-01,-2.935799331000000026e-02,-2.299269280999999970e-02
6.132650899999999572e-01,7.386495482999999584e-01,-2.845321758999999964e-02,-2.301365190000000116e-02
6.135517400000000121e-01,7.394977422999999828e-01,-2.727515277000000168e-02,-2.300627728000000094e-02
6.138384000000000063e-01,7.405488360999999964e-01,-2.585793154000000024e-02,-2.303099664999999976e-02
6.141244500000000439e-01,7.407266858000000065e-01,-2.459701443000000126e-02,-2.296488504000000069e-02
6.144098999999999533e-01,7.409966811000000542e-01,-2.334681875999999878e-02,-2.289216961999999966e-02
6.146953600000000240e-01,7.409257721999999990e-01,-2.208207850999999861e-02,-2.279314619999999944e-02
6.149808100000000444e-01,7.405923582000000227e-01,-2.083186290999999857e-02,-2.266646406999999960e-02
6.152656600000000475e-01,7.401393045999999920e-01,-1.924332674000000035e-02,-2.255784046999999987e-02
6.155505100000000507e-01,7.394579636000000455e-01,-1.741683583000000132e-02,-2.252653615999999914e-02
6.158347600000000366e-01,7.385458786999999914e-01,-1.575234371999999911e-02,-2.250143661000000156e-02
6.161184100000000052e-01,7.376118568999999736e-01,-1.443195792000000026e-02,-2.242549634000000000e-02
6.164020599999999739e-01,7.364585228000000150e-01,-1.297281926000000071e-02,-2.239593294999999915e-02
6.166857000000000033e-01,7.352639851000000171e-01,-1.159162260999999951e-02,-2.234766640000000054e-02
6.169687499999999547e-01,7.342611984000000369e-01,-1.042846086000000054e-02,-2.230158162000000013e-02
6.172511899999999496e-01,7.330735315999999946e-01,-9.405749769999999232e-03,-2.229862327999999894e-02
6.175330399999999775e-01,7.315909122999999514e-01,-8.321351186999999955e-03,-2.236551197999999893e-02
6.178142800000000490e-01,7.301889903999999598e-01,-7.223148981000000399e-03,-2.250623770000000079e-02
6.180943399999999643e-01,7.286149163999999789e-01,-6.257421124000000362e-03,-2.262286566000000151e-02
6.183737999999999735e-01,7.268377987999999901e-01,-5.223261582000000153e-03,-2.280816156000000164e-02
6.186520800000000486e-01,7.248439485000000015e-01,-4.062729269999999955e-03,-2.302212520000000012e-02
6.189297700000000457e-01,7.234332598999999586e-01,-2.839402519000000080e-03,-2.339594880000000002e-02
6.192062900000000480e-01,7.217880597000000398e-01,-1.956236765000000065e-03,-2.369991159000000083e-02
6.194822199999999723e-01,7.214178196999999626e-01,-6.953128394000000420e-04,-2.423730026000000051e-02
6.197570000000000023e-01,7.218549265999999465e-01,6.547588905999999652e-04,-2.482136035999999921e-02
6.200306199999999768e-01,7.215310431000000468e-01,1.853403683000000085e-03,-2.531640287000000086e-02
6.203030899999999459e-01,7.218582719999999675e-01,2.862165882999999789e-03,-2.580027852000000080e-02
6.205744199999999600e-01,7.215647025000000436e-01,3.684505553000000204e-03,-2.618579533000000084e-02
6.208446199999999582e-01,7.223201472000000400e-01,4.231605583999999663e-03,-2.662215411000000073e-02
6.211136999999999908e-01,7.230999535000000034e-01,4.213113198999999739e-03,-2.701242933000000054e-02
6.213822100000000459e-01,7.237987713000000323e-01,3.880730005000000184e-03,-2.732476727000000133e-02
6.216496099999999636e-01,7.246939284000000203e-01,3.243348428000000089e-03,-2.757208304000000054e-02
6.219158900000000267e-01,7.252738437000000316e-01,2.252714178999999997e-03,-2.772271261999999931e-02
6.221810800000000530e-01,7.258984040999999499e-01,1.029526690000000071e-03,-2.776968302999999888e-02
6.224451699999999921e-01,7.264743311000000370e-01,-3.238345339000000059e-04,-2.778742912999999926e-02
6.227081700000000053e-01,7.273718933999999692e-01,-1.904698764000000008e-03,-2.776282620000000007e-02
6.229700799999999816e-01,7.280870346000000159e-01,-3.707032237000000216e-03,-2.766894245999999835e-02
6.232309299999999608e-01,7.280821074000000115e-01,-5.209752316999999820e-03,-2.754095796999999832e-02
6.234901699999999547e-01,7.281180780999999547e-01,-6.225455220999999949e-03,-2.742184225999999905e-02
6.237483499999999514e-01,7.278399111000000143e-01,-6.639716587000000191e-03,-2.735726655999999937e-02
6.240054800000000013e-01,7.280040870999999747e-01,-7.009844091999999950e-03,-2.732942248000000060e-02
6.242615700000000434e-01,7.283703862999999501e-01,-7.237730353000000269e-03,-2.731355405999999833e-02
6.245166199999999668e-01,7.287513566000000109e-01,-7.383758917000000054e-03,-2.725246657999999891e-02
6.247706299999999935e-01,7.287267285999999844e-01,-7.302736653000000203e-03,-2.720018345999999920e-02
6.250236200000000020e-01,7.293173228999999536e-01,-7.214627688999999781e-03,-2.719792283999999949e-02
6.252755899999999922e-01,7.295884628000000038e-01,-6.897238217000000414e-03,-2.717001550999999931e-02
6.255270499999999734e-01,7.295030313999999461e-01,-6.548503584999999620e-03,-2.712179449000000006e-02
6.257774999999999865e-01,7.291137471999999953e-01,-6.344852094000000275e-03,-2.704567146000000019e-02
6.260274399999999906e-01,7.281117478999999948e-01,-6.242120936000000037e-03,-2.692314282999999989e-02
6.262768800000000358e-01,7.277484257999999873e-01,-6.153177473999999966e-03,-2.689106439000000029e-02
6.265258200000000111e-01,7.280232703000000249e-01,-6.058584502999999830e-03,-2.687470667000000160e-02
6.267747599999999863e-01,7.281635455999999618e-01,-6.013070902000000433e-03,-2.686111005999999857e-02
6.270232000000000028e-01,7.288075191999999758e-01,-6.125964424999999838e-03,-2.686565028000000022e-02
6.272721399999999781e-01,7.295818982999999758e-01,-6.464651945000000205e-03,-2.686747781999999918e-02
6.275215899999999625e-01,7.303322434000000252e-01,-6.965882383000000268e-03,-2.684503998999999974e-02
6.277715499999999560e-01,7.311672202000000231e-01,-7.631076349999999994e-03,-2.681864881000000159e-02
6.280225299999999677e-01,7.323433411999999976e-01,-8.528734705000000707e-03,-2.675990665000000171e-02
6.282750700000000466e-01,7.332888008000000291e-01,-9.418378474000000528e-03,-2.665370393999999879e-02
6.285286599999999613e-01,7.343851461000000524e-01,-1.038833267000000005e-02,-2.654741861999999897e-02
6.287833200000000344e-01,7.357349303000000340e-01,-1.156056689000000033e-02,-2.647212096999999875e-02
6.290395899999999818e-01,7.368961440000000307e-01,-1.290485417999999961e-02,-2.638127700999999894e-02
6.292974999999999541e-01,7.378875359000000023e-01,-1.460486566999999979e-02,-2.618996523000000076e-02
6.295565199999999528e-01,7.388885769999999908e-01,-1.617005864999999931e-02,-2.599821501999999979e-02
6.298172199999999554e-01,7.393871346000000511e-01,-1.782983630999999958e-02,-2.577707753999999851e-02
6.300796300000000016e-01,7.396449434999999850e-01,-1.948852473999999890e-02,-2.547628071000000022e-02
6.303431900000000532e-01,7.404760702999999555e-01,-2.109386692999999993e-02,-2.518399395000000054e-02
6.306085000000000163e-01,7.410092126999999751e-01,-2.264046424000000154e-02,-2.492796346000000079e-02
6.308755999999999808e-01,7.409260756000000114e-01,-2.430429728000000136e-02,-2.459197285999999844e-02
6.311438999999999799e-01,7.407487513999999607e-01,-2.584444902000000016e-02,-2.427468496000000087e-02
6.314140299999999595e-01,7.403622342000000245e-01,-2.721615293999999838e-02,-2.396945103999999910e-02
6.316860100000000200e-01,7.402675820999999878e-01,-2.869016929999999854e-02,-2.365294269999999865e-02
6.319598899999999686e-01,7.402879927000000082e-01,-3.002613859000000107e-02,-2.340610182000000053e-02
6.322356799999999666e-01,7.406554721000000452e-01,-3.132207786999999938e-02,-2.312564975999999856e-02
6.325127699999999464e-01,7.413763452999999615e-01,-3.234290920999999958e-02,-2.295302815999999968e-02
6.327911800000000087e-01,7.421902187000000151e-01,-3.295578447999999994e-02,-2.284545554000000020e-02
6.330715799999999671e-01,7.429093748999999747e-01,-3.355198775999999883e-02,-2.277248973999999870e-02
6.333540199999999620e-01,7.430821395000000162e-01,-3.379741399999999785e-02,-2.275399079999999852e-02
6.336378299999999575e-01,7.429886843999999879e-01,-3.357105351999999793e-02,-2.274502077999999983e-02
6.339237300000000186e-01,7.427149578999999724e-01,-3.338890768999999703e-02,-2.277936223999999996e-02
6.342110499999999984e-01,7.425100006999999502e-01,-3.307930348000000242e-02,-2.287772773999999926e-02
6.345005200000000123e-01,7.426776119000000342e-01,-3.248782346000000237e-02,-2.304488991999999875e-02
6.347914500000000348e-01,7.431691959999999764e-01,-3.163804181000000326e-02,-2.320071643000000058e-02
6.350845999999999991e-01,7.433423091999999954e-01,-3.085626983000000143e-02,-2.330250327000000024e-02
6.353792600000000013e-01,7.431426491999999495e-01,-3.006786015000000034e-02,-2.340446592999999992e-02
6.356754399999999805e-01,7.423250302999999661e-01,-2.950647065999999902e-02,-2.339871245000000113e-02
6.359716100000000205e-01,7.418655000999999638e-01,-2.918854489000000108e-02,-2.340158423999999862e-02
6.362670200000000165e-01,7.411115431000000475e-01,-2.906789752000000018e-02,-2.330860522000000046e-02
6.365616699999999684e-01,7.398841474999999779e-01,-2.886191064999999931e-02,-2.314654344000000030e-02
6.368563099999999810e-01,7.388098065999999520e-01,-2.874386099000000167e-02,-2.298130150999999968e-02
6.371501899999999496e-01,7.380915016000000328e-01,-2.860432341000000017e-02,-2.282482032000000133e-02
6.374440700000000293e-01,7.371838982999999734e-01,-2.858367189999999960e-02,-2.262491302999999898e-02
6.377371899999999538e-01,7.359798078000000521e-01,-2.857505143000000150e-02,-2.238323693999999878e-02
6.380303000000000502e-01,7.349524712999999654e-01,-2.857748787000000124e-02,-2.212927187999999892e-02
6.383226499999999914e-01,7.335500874000000504e-01,-2.841732247999999988e-02,-2.187623724999999963e-02
6.386150000000000437e-01,7.330108641999999453e-01,-2.816793337999999938e-02,-2.174221532999999831e-02
6.389065800000000017e-01,7.322185016000000157e-01,-2.795279701999999963e-02,-2.160671383999999973e-02
6.391974000000000267e-01,7.316367697000000225e-01,-2.754251552000000144e-02,-2.160452673000000032e-02
6.394874600000000076e-01,7.309287491000000525e-01,-2.701458196999999978e-02,-2.162020161000000051e-02
6.397767600000000554e-01,7.301322035999999738e-01,-2.673615422999999977e-02,-2.154142182000000003e-02
6.400653099999999984e-01,7.290247947000000339e-01,-2.616716510000000051e-02,-2.154775449999999856e-02
6.403530899999999582e-01,7.277351866000000280e-01,-2.589893697999999869e-02,-2.149388018999999830e-02
6.406401299999999743e-01,7.261436740000000167e-01,-2.546380025999999894e-02,-2.150450899000000068e-02
6.409256599999999526e-01,7.243956889999999538e-01,-2.491129643000000032e-02,-2.151484894999999842e-02
6.412104499999999874e-01,7.229968106999999922e-01,-2.468304190999999828e-02,-2.144646618999999921e-02
6.414944999999999675e-01,7.222581041000000202e-01,-2.446689532000000111e-02,-2.149227119999999949e-02
6.417770600000000103e-01,7.216086983999999704e-01,-2.422997971999999930e-02,-2.152675985000000042e-02
6.420588900000000487e-01,7.209623546000000216e-01,-2.398732694999999859e-02,-2.150227836000000170e-02
6.423399899999999718e-01,7.197017346999999843e-01,-2.402567870000000064e-02,-2.140348061999999829e-02
6.426196299999999972e-01,7.187444027999999596e-01,-2.388425693000000016e-02,-2.131957879999999902e-02
6.428985400000000183e-01,7.183030488999999630e-01,-2.363182033000000085e-02,-2.128551143000000090e-02
6.431767200000000351e-01,7.181881128999999531e-01,-2.326597858999999990e-02,-2.131190473000000099e-02
6.434534699999999718e-01,7.182654962000000198e-01,-2.285147406000000159e-02,-2.134705472999999867e-02
6.437294900000000153e-01,7.187458958000000342e-01,-2.260863709000000138e-02,-2.140385171999999864e-02
6.440048099999999831e-01,7.192680809000000508e-01,-2.239341121999999934e-02,-2.141102945000000063e-02
6.442794099999999968e-01,7.198438163000000500e-01,-2.240571811000000024e-02,-2.136475435000000089e-02
6.445532899999999454e-01,7.200967075999999967e-01,-2.225661581999999888e-02,-2.135147671999999830e-02
6.448264700000000405e-01,7.199844102000000357e-01,-2.203000927000000123e-02,-2.134060387999999961e-02
6.450989400000000096e-01,7.198452587000000458e-01,-2.166393440000000115e-02,-2.139760649999999931e-02
6.453714099999999787e-01,7.200168829999999964e-01,-2.123726823999999916e-02,-2.148856262999999933e-02
6.456431700000000440e-01,7.200593389999999649e-01,-2.113840616999999866e-02,-2.147425050000000002e-02
6.459142300000000336e-01,7.198365410999999492e-01,-2.104742354999999954e-02,-2.148551307000000007e-02
6.461845800000000084e-01,7.193816470999999657e-01,-2.101988671000000128e-02,-2.146977242999999896e-02
6.464542300000000186e-01,7.186044888999999491e-01,-2.120729287000000171e-02,-2.133000142999999862e-02
6.467231799999999531e-01,7.178232616999999927e-01,-2.114818262000000074e-02,-2.123219160999999938e-02
6.469921299999999986e-01,7.172610822999999636e-01,-2.122950033000000139e-02,-2.115547422000000136e-02
6.472603799999999685e-01,7.168732303000000528e-01,-2.105131881000000052e-02,-2.108063854999999917e-02
6.475279299999999738e-01,7.173198832999999608e-01,-2.098459436000000081e-02,-2.104929841000000024e-02
6.477947899999999537e-01,7.181681896999999593e-01,-2.093196276999999966e-02,-2.104506671999999828e-02
6.480616399999999944e-01,7.183781166999999579e-01,-2.082512317999999849e-02,-2.097289608999999833e-02
6.483278000000000096e-01,7.188822754000000481e-01,-2.100042578999999909e-02,-2.084646110999999885e-02
6.485932599999999493e-01,7.198084300000000546e-01,-2.118847979999999992e-02,-2.077636449999999829e-02
6.488587300000000502e-01,7.208928799999999582e-01,-2.157431204000000158e-02,-2.065187484000000073e-02
6.491234900000000252e-01,7.223591727999999490e-01,-2.211739528000000038e-02,-2.049138517000000104e-02
6.493882600000000505e-01,7.239994280999999532e-01,-2.277698628999999877e-02,-2.025865798000000065e-02
6.496537300000000403e-01,7.253436355000000280e-01,-2.369559263999999887e-02,-1.992877238999999842e-02
6.499191899999999800e-01,7.271214374000000147e-01,-2.492778740000000173e-02,-1.954045079000000032e-02
6.501853699999999847e-01,7.294022564000000042e-01,-2.657396725000000029e-02,-1.910778050999999839e-02
6.504522499999999541e-01,7.319524124999999826e-01,-2.827620859000000084e-02,-1.869800647000000038e-02
6.507191300000000345e-01,7.342619406000000515e-01,-3.030054907999999922e-02,-1.821923078999999890e-02
6.509867400000000082e-01,7.362314440999999654e-01,-3.262148799000000321e-02,-1.764688336000000066e-02
6.512550700000000470e-01,7.374355782000000525e-01,-3.530529142000000259e-02,-1.693381546000000126e-02
6.515248599999999835e-01,7.388953997999999634e-01,-3.799810337000000121e-02,-1.625941118999999976e-02
6.517954000000000248e-01,7.398217393999999558e-01,-4.107525087000000324e-02,-1.549581166999999988e-02
6.520666800000000096e-01,7.402157943999999601e-01,-4.444410202000000087e-02,-1.462750823000000082e-02
6.523394799999999716e-01,7.404273219000000461e-01,-4.763583457000000049e-02,-1.376164159999999914e-02
6.526138000000000217e-01,7.419124058999999605e-01,-5.097216252000000281e-02,-1.300596325000000046e-02
6.528896899999999670e-01,7.435187631999999880e-01,-5.399911870000000114e-02,-1.230275119000000077e-02
6.531671399999999794e-01,7.440195791999999475e-01,-5.733709323999999774e-02,-1.153315446999999931e-02
6.534461999999999771e-01,7.445056504000000519e-01,-6.053186895999999872e-02,-1.078964965000000012e-02
6.537260700000000480e-01,7.443810719000000242e-01,-6.364318982000000124e-02,-1.007666783000000024e-02
6.540075699999999825e-01,7.442553879000000094e-01,-6.627863190999999654e-02,-9.432441523999999383e-03
6.542907300000000426e-01,7.435858186999999564e-01,-6.904192346000000147e-02,-8.845882361000000083e-03
6.545747400000000438e-01,7.436792974999999473e-01,-7.144682361000000148e-02,-8.418673688999999197e-03
6.548604399999999881e-01,7.446298330999999715e-01,-7.369473263999999635e-02,-8.110065899999999509e-03
6.551470099999999741e-01,7.462576918000000115e-01,-7.567748022999999657e-02,-7.890663154999999832e-03
6.554353099999999932e-01,7.478645741999999652e-01,-7.762715645999999914e-02,-7.733020636999999795e-03
6.557245000000000434e-01,7.477013376000000155e-01,-7.967783751000000192e-02,-7.420350753000000063e-03
6.560154799999999842e-01,7.467534799999999695e-01,-8.176699760000000206e-02,-7.099453474000000201e-03
6.563082599999999767e-01,7.455406207000000451e-01,-8.320194662999999546e-02,-6.931849954000000001e-03
6.566019699999999792e-01,7.447880198999999868e-01,-8.438809895000000394e-02,-6.819028791000000291e-03
6.568966000000000527e-01,7.438721727999999533e-01,-8.503211731000000217e-02,-6.855126847999999662e-03
6.571930999999999745e-01,7.421761313000000415e-01,-8.483786499999999842e-02,-6.967142364000000233e-03
6.574905599999999462e-01,7.404627255000000297e-01,-8.421309458999999553e-02,-7.229575147000000084e-03
6.577880200000000288e-01,7.387543272000000050e-01,-8.341295262999999516e-02,-7.549539878000000037e-03
6.580864400000000503e-01,7.376010780999999739e-01,-8.212476039999999644e-02,-8.010815254999999538e-03
6.583848599999999607e-01,7.366999302000000194e-01,-8.047691932999999354e-02,-8.569139974000000368e-03
6.586842600000000214e-01,7.359488113000000054e-01,-7.899509926999999376e-02,-9.095708520000000616e-03
6.589836500000000319e-01,7.357164693000000089e-01,-7.733300527000000479e-02,-9.682054173999999139e-03
6.592840399999999601e-01,7.343522041000000167e-01,-7.518529315999999962e-02,-1.024272585000000034e-02
6.595844199999999491e-01,7.333019783999999985e-01,-7.292487553000000233e-02,-1.084122204999999999e-02
6.598858100000000171e-01,7.315944965999999772e-01,-7.041068888000000248e-02,-1.144616350000000025e-02
6.601871900000000348e-01,7.300367857999999766e-01,-6.756066602999999393e-02,-1.208598020000000058e-02
6.604885799999999918e-01,7.294954659000000285e-01,-6.389379990999999315e-02,-1.294832616999999977e-02
6.607909800000000278e-01,7.286282966999999555e-01,-5.978990669999999924e-02,-1.381738597999999929e-02
6.610933799999999527e-01,7.277468204000000496e-01,-5.517592959999999963e-02,-1.475854805000000047e-02
6.613957900000000389e-01,7.265822312999999921e-01,-5.036738050000000300e-02,-1.573049827000000053e-02
6.616981899999999639e-01,7.256003832999999847e-01,-4.526899088999999932e-02,-1.678886389999999923e-02
6.620016300000000076e-01,7.249419414000000117e-01,-4.037391557000000186e-02,-1.783218882000000075e-02
6.623050799999999905e-01,7.251818093999999881e-01,-3.559165834999999944e-02,-1.890920899999999974e-02
6.626085200000000341e-01,7.268660787999999817e-01,-3.134227603999999862e-02,-1.994402135000000048e-02
6.629119599999999668e-01,7.270251725999999914e-01,-2.809479176000000133e-02,-2.069105816999999847e-02
6.632143499999999525e-01,7.268948477000000130e-01,-2.524365108999999940e-02,-2.137469570000000152e-02
6.635167400000000493e-01,7.264734320000000301e-01,-2.310295700000000035e-02,-2.194768332000000127e-02
6.638191300000000350e-01,7.253253894000000201e-01,-2.165813067000000106e-02,-2.230252131000000013e-02
6.641215200000000207e-01,7.245339132000000459e-01,-2.084749203999999856e-02,-2.254418873000000115e-02
6.644228500000000093e-01,7.237647793000000496e-01,-2.043044117000000076e-02,-2.273920286999999915e-02
6.647241699999999476e-01,7.225261402000000555e-01,-2.015834559000000137e-02,-2.291023597000000148e-02
6.650255000000000472e-01,7.213315578000000228e-01,-2.052155934999999945e-02,-2.300201530999999855e-02
6.653257700000000385e-01,7.210592037999999926e-01,-2.078268033000000084e-02,-2.317139333999999884e-02
6.656260299999999797e-01,7.209103802999999866e-01,-2.108831351000000146e-02,-2.335868617000000022e-02
6.659262900000000318e-01,7.208266198999999652e-01,-2.140834738000000140e-02,-2.349824123000000126e-02
6.662265600000000232e-01,7.207899913999999963e-01,-2.187689145999999890e-02,-2.357914537999999949e-02
6.665257500000000279e-01,7.212866774999999731e-01,-2.267080143000000172e-02,-2.361276927000000025e-02
6.668249400000000326e-01,7.206716129000000359e-01,-2.361206164999999843e-02,-2.352254078000000012e-02
6.671241300000000374e-01,7.210446938000000250e-01,-2.468364388000000159e-02,-2.350410782000000171e-02
6.674222400000000555e-01,7.218567366000000485e-01,-2.530672256000000148e-02,-2.352360129000000133e-02
6.677203600000000128e-01,7.230050910999999969e-01,-2.640516449000000071e-02,-2.350423395999999901e-02
6.680184700000000309e-01,7.245403291999999995e-01,-2.749291700999999949e-02,-2.346385561000000064e-02
6.683155100000000015e-01,7.272746332999999730e-01,-2.846851555000000020e-02,-2.346406096000000149e-02
6.686125400000000329e-01,7.295831842000000123e-01,-2.956432514000000011e-02,-2.342039975000000107e-02
6.689085000000000170e-01,7.321922124999999948e-01,-3.090997687000000133e-02,-2.331597376000000069e-02
6.692044499999999507e-01,7.334726035999999949e-01,-3.206997899999999846e-02,-2.315430153000000088e-02
6.694993200000000089e-01,7.346149644999999673e-01,-3.320035195999999911e-02,-2.290925758000000173e-02
6.697942000000000062e-01,7.347522807999999905e-01,-3.393354330000000058e-02,-2.268049978999999924e-02
6.700879899999999667e-01,7.347766377000000126e-01,-3.464969082000000228e-02,-2.239488488000000027e-02
6.703817899999999774e-01,7.343406466999999882e-01,-3.524135384000000315e-02,-2.213741643000000092e-02
6.706744999999999512e-01,7.344503928000000181e-01,-3.560717550999999842e-02,-2.191254899999999992e-02
6.709672100000000361e-01,7.338508287999999657e-01,-3.580805102000000212e-02,-2.165145469999999947e-02
6.712588499999999625e-01,7.336461526999999982e-01,-3.588494404999999915e-02,-2.138161646999999985e-02
6.715504799999999497e-01,7.330245725999999795e-01,-3.593053355999999837e-02,-2.106668467999999947e-02
6.718410400000000005e-01,7.330176051000000248e-01,-3.572985377000000018e-02,-2.081224012999999956e-02
6.721315900000000010e-01,7.325781011999999981e-01,-3.550131713000000133e-02,-2.053307219000000128e-02
6.724210600000000149e-01,7.322185304999999644e-01,-3.517560411000000137e-02,-2.023425036000000080e-02
6.727105399999999680e-01,7.316794295999999864e-01,-3.493937851000000067e-02,-1.990472831999999873e-02
6.729989299999999952e-01,7.311796551000000477e-01,-3.448909207999999865e-02,-1.969689831999999960e-02
6.732862499999999750e-01,7.304730785999999920e-01,-3.384032864000000029e-02,-1.942967477999999956e-02
6.735735699999999548e-01,7.299188330000000446e-01,-3.300784555999999870e-02,-1.919939542999999846e-02
6.738598099999999480e-01,7.296303916999999917e-01,-3.200479940999999967e-02,-1.904905959000000037e-02
6.741449800000000048e-01,7.289913477999999669e-01,-3.107006690999999932e-02,-1.886657284000000170e-02
6.744301499999999505e-01,7.282826617000000002e-01,-3.002952304999999961e-02,-1.874332630999999902e-02
6.747142400000000206e-01,7.281378950000000350e-01,-2.875451359999999998e-02,-1.872766148000000117e-02
6.749972699999999826e-01,7.277563116999999915e-01,-2.781081888999999835e-02,-1.861353321999999894e-02
6.752803000000000555e-01,7.277726897999999833e-01,-2.700620986000000154e-02,-1.855992346999999973e-02
6.755633300000000174e-01,7.275929506999999630e-01,-2.640077379999999918e-02,-1.846910611000000119e-02
6.758463599999999794e-01,7.278293440999999975e-01,-2.583739067000000167e-02,-1.840794167000000051e-02
6.761293900000000523e-01,7.270970933999999497e-01,-2.538847866999999897e-02,-1.822541557000000034e-02
6.764124200000000142e-01,7.257976710000000331e-01,-2.487595874999999970e-02,-1.808041187000000022e-02
6.766922199999999554e-01,7.253280549999999716e-01,-2.467972228000000004e-02,-1.795055549999999972e-02
6.769699000000000133e-01,7.247668307000000310e-01,-2.463153976000000134e-02,-1.783410526000000010e-02
6.772454799999999553e-01,7.235790713999999957e-01,-2.465474582000000067e-02,-1.765157184999999879e-02
6.775200300000000508e-01,7.232246023999999718e-01,-2.486007701999999944e-02,-1.755232182000000113e-02
6.777935400000000277e-01,7.235749425999999929e-01,-2.519551259000000001e-02,-1.750720098999999919e-02
6.780670500000000045e-01,7.243732083999999682e-01,-2.544612176999999989e-02,-1.755592791000000139e-02
6.783405599999999813e-01,7.249098782999999768e-01,-2.568961075000000122e-02,-1.767040840000000043e-02
6.786151200000000161e-01,7.256239446000000148e-01,-2.620068883999999987e-02,-1.772948484000000033e-02
6.788907299999999978e-01,7.261915383999999474e-01,-2.671690334000000056e-02,-1.779230726999999831e-02
6.791684999999999528e-01,7.265357282000000083e-01,-2.731135888000000081e-02,-1.792599896999999901e-02
6.794484699999999711e-01,7.271044773000000516e-01,-2.788571333999999985e-02,-1.807994911000000010e-02
6.797306800000000315e-01,7.268503374000000461e-01,-2.812589621999999831e-02,-1.827674347999999963e-02
6.800140199999999968e-01,7.268264946000000393e-01,-2.865137121999999925e-02,-1.844956700000000005e-02
6.802962200000000070e-01,7.267251533999999902e-01,-2.900768995999999933e-02,-1.856035912999999885e-02
6.805784200000000173e-01,7.272555492000000177e-01,-2.891808765000000031e-02,-1.881239155999999899e-02
6.808594799999999614e-01,7.278799129999999895e-01,-2.858913136999999965e-02,-1.919237026000000096e-02
6.811405400000000165e-01,7.288949389000000112e-01,-2.816423905999999866e-02,-1.965154304000000032e-02
6.814204600000000056e-01,7.298958639000000526e-01,-2.748278410999999838e-02,-2.015164971000000041e-02
6.817003700000000554e-01,7.299916507000000498e-01,-2.679753986000000046e-02,-2.063074280000000080e-02
6.819791499999999784e-01,7.298439611000000493e-01,-2.615201828999999881e-02,-2.103871442000000008e-02
6.822579199999999622e-01,7.293817819000000258e-01,-2.537092234000000099e-02,-2.144364250999999943e-02
6.825355499999999909e-01,7.296497815000000386e-01,-2.444974709999999871e-02,-2.185772874999999948e-02
6.828131800000000196e-01,7.300229531999999910e-01,-2.349947676999999957e-02,-2.226482597999999979e-02
6.830896699999999822e-01,7.311991183999999588e-01,-2.242758385999999923e-02,-2.267944532999999901e-02
6.833650199999999897e-01,7.323144435999999757e-01,-2.152055806000000016e-02,-2.301343083000000067e-02
6.836403800000000475e-01,7.333302989000000105e-01,-2.041482920000000159e-02,-2.335199233000000152e-02
6.839145899999999889e-01,7.343262440000000169e-01,-1.940845210000000098e-02,-2.360807498999999837e-02
6.841888000000000414e-01,7.349954990000000521e-01,-1.856891403000000135e-02,-2.382780514999999905e-02
6.844618799999999670e-01,7.351022185000000153e-01,-1.778194184999999997e-02,-2.400013679999999858e-02
6.847349499999999534e-01,7.354504831999999492e-01,-1.735470303000000158e-02,-2.410547605000000135e-02
6.850080299999999900e-01,7.356814273999999765e-01,-1.700272689000000004e-02,-2.418189709999999867e-02
6.852799600000000213e-01,7.354539999000000439e-01,-1.676811519999999930e-02,-2.422610114999999842e-02
6.855518900000000526e-01,7.343635239000000370e-01,-1.672764460999999828e-02,-2.417620524000000173e-02
6.858238300000000232e-01,7.332034148999999612e-01,-1.669096625999999875e-02,-2.413977268000000106e-02
6.860957600000000545e-01,7.321972768000000187e-01,-1.682009808999999911e-02,-2.408481479999999980e-02
6.863676899999999748e-01,7.304730917999999740e-01,-1.745158815999999988e-02,-2.395682851000000002e-02
6.866407900000000009e-01,7.277850393999999445e-01,-1.830918487999999913e-02,-2.371697341000000153e-02
6.869138900000000270e-01,7.251929249999999882e-01,-1.923959080999999849e-02,-2.344971551000000001e-02
6.871881800000000373e-01,7.228297478999999859e-01,-2.004442137999999998e-02,-2.314322738999999990e-02
6.874636699999999712e-01,7.209411459000000244e-01,-2.072420377000000133e-02,-2.290602849000000080e-02
6.877403800000000400e-01,7.187517558999999556e-01,-2.149512572999999829e-02,-2.263458578000000082e-02
6.880195700000000247e-01,7.167506353999999469e-01,-2.229734652000000053e-02,-2.235965750000000127e-02
6.883000299999999516e-01,7.148167976000000534e-01,-2.291384718999999945e-02,-2.212417666999999880e-02
6.885830499999999743e-01,7.130122520999999658e-01,-2.346167688000000071e-02,-2.192495309000000100e-02
6.888673899999999684e-01,7.111767379000000222e-01,-2.412429417999999853e-02,-2.167251535999999840e-02
6.891543999999999448e-01,7.099147463999999630e-01,-2.425101154999999981e-02,-2.150730101000000033e-02
6.894427699999999826e-01,7.081874661000000515e-01,-2.429277004999999892e-02,-2.131352058999999924e-02
6.897339099999999501e-01,7.058283588999999525e-01,-2.427202384000000032e-02,-2.112334874999999973e-02
6.900264600000000081e-01,7.034865195999999710e-01,-2.437856757999999971e-02,-2.090375829999999852e-02
6.903204499999999744e-01,7.017703144000000393e-01,-2.429123109000000044e-02,-2.072584243999999951e-02
6.906158900000000100e-01,7.004117193000000130e-01,-2.399974880999999893e-02,-2.066454461999999923e-02
6.909128100000000439e-01,6.992567777000000540e-01,-2.350923780999999990e-02,-2.069716116000000147e-02
6.912097299999999667e-01,6.984759992000000306e-01,-2.248172919000000075e-02,-2.080265225999999856e-02
6.915066500000000005e-01,6.983964532999999975e-01,-2.118691757000000161e-02,-2.096740333999999942e-02
6.918050900000000114e-01,6.982544949000000223e-01,-1.985043642999999997e-02,-2.118465918999999989e-02
6.921035300000000223e-01,6.993897045000000423e-01,-1.829742805999999902e-02,-2.150603435999999882e-02
6.924019599999999830e-01,7.007362395999999771e-01,-1.656625008000000079e-02,-2.190594502999999860e-02
6.927003999999999939e-01,7.018288444000000403e-01,-1.456947872999999997e-02,-2.228571299999999866e-02
6.929988299999999546e-01,7.034060703000000192e-01,-1.248514646999999977e-02,-2.271368934999999992e-02
6.932957100000000095e-01,7.051947650000000012e-01,-1.071734832999999935e-02,-2.308243135000000168e-02
6.935925899999999533e-01,7.066405433000000347e-01,-9.087346339999999995e-03,-2.344231378000000143e-02
6.938879199999999914e-01,7.079659016999999555e-01,-7.593412774999999844e-03,-2.371268886000000090e-02
6.941817000000000126e-01,7.092432461000000021e-01,-6.719948265999999698e-03,-2.380612231000000037e-02
6.944754800000000339e-01,7.102701125999999476e-01,-6.104777322999999610e-03,-2.381331101999999839e-02
6.947677199999999775e-01,7.113083520999999854e-01,-5.727576663000000234e-03,-2.378861550999999963e-02
6.950584100000000154e-01,7.118503465000000086e-01,-5.612090596000000355e-03,-2.372050998999999938e-02
6.953475799999999651e-01,7.126530653000000548e-01,-5.917223862000000126e-03,-2.360691398999999885e-02
6.956352199999999986e-01,7.129728829999999462e-01,-6.502023362000000292e-03,-2.340864429999999982e-02
6.959213499999999941e-01,7.130924035000000272e-01,-7.363435994999999699e-03,-2.311062768999999975e-02
6.962059800000000021e-01,7.134520243999999956e-01,-8.338392984999999993e-03,-2.276975687999999859e-02
6.964890999999999721e-01,7.141803154000000431e-01,-9.113449314999999204e-03,-2.245906831000000006e-02
6.967707400000000550e-01,7.150918302000000004e-01,-1.018980155000000047e-02,-2.220694822000000151e-02
6.970508899999999786e-01,7.168656036999999648e-01,-1.120040467000000053e-02,-2.202383239999999853e-02
6.973295699999999542e-01,7.190688920000000151e-01,-1.237135462999999942e-02,-2.185982558999999964e-02
6.976067900000000321e-01,7.214319254000000070e-01,-1.383879026999999991e-02,-2.159207798999999983e-02
6.978825400000000512e-01,7.232441969999999776e-01,-1.548582301000000008e-02,-2.129625837000000133e-02
6.981568400000000008e-01,7.248250228000000517e-01,-1.730986795999999925e-02,-2.094884467999999847e-02
6.984297000000000422e-01,7.259359865000000189e-01,-1.939945339000000157e-02,-2.047252672999999926e-02
6.987011199999999533e-01,7.269574964999999667e-01,-2.163824015000000156e-02,-2.000542288999999918e-02
6.989711199999999458e-01,7.285023298999999675e-01,-2.397981911999999896e-02,-1.954967328999999976e-02
6.992396899999999693e-01,7.298236855999999939e-01,-2.595537771999999882e-02,-1.912516090000000030e-02
6.995068500000000133e-01,7.307682803999999699e-01,-2.778197710000000070e-02,-1.872856504999999977e-02
6.997740099999999464e-01,7.318983073999999478e-01,-2.945494141000000107e-02,-1.834479769000000107e-02
7.000397600000000109e-01,7.330301143999999880e-01,-3.096972702000000063e-02,-1.807178526000000063e-02
7.003055000000000252e-01,7.340547907000000150e-01,-3.235086382999999982e-02,-1.775080642999999833e-02
7.005698299999999490e-01,7.360112145999999633e-01,-3.365001039999999943e-02,-1.758250420999999883e-02
7.008341700000000341e-01,7.372915867999999540e-01,-3.493695606999999703e-02,-1.736101437000000039e-02
7.010984999999999578e-01,7.384622727999999858e-01,-3.604927121999999817e-02,-1.718180454000000149e-02
7.013628299999999927e-01,7.397071735000000370e-01,-3.715659824999999888e-02,-1.698754695000000148e-02
7.016286099999999859e-01,7.409099692999999709e-01,-3.836980552000000128e-02,-1.680055734999999842e-02
7.018943899999999791e-01,7.420722610000000108e-01,-3.954616428999999794e-02,-1.653642208000000169e-02
7.021601600000000332e-01,7.429441120999999981e-01,-4.095620825000000076e-02,-1.618638547999999913e-02
7.024259400000000264e-01,7.444253830000000516e-01,-4.239459911000000025e-02,-1.589480676000000134e-02
7.026917200000000197e-01,7.452099668999999649e-01,-4.359830771999999993e-02,-1.564178595000000060e-02
7.029589899999999503e-01,7.462256698000000465e-01,-4.446891074999999999e-02,-1.550739859000000061e-02
7.032262700000000422e-01,7.466165217000000354e-01,-4.532754273999999722e-02,-1.541821313999999950e-02
7.034935500000000230e-01,7.471219080000000012e-01,-4.606284942000000299e-02,-1.537721641000000007e-02
7.037623699999999705e-01,7.472100582999999796e-01,-4.681333874000000173e-02,-1.535437295999999945e-02
7.040311999999999681e-01,7.474129187000000396e-01,-4.750385919999999818e-02,-1.526391342000000054e-02
7.043015999999999721e-01,7.481468945000000481e-01,-4.810536055999999755e-02,-1.516075419999999944e-02
7.045720100000000263e-01,7.493013530000000033e-01,-4.878302182000000126e-02,-1.504887050999999948e-02
7.048424100000000303e-01,7.498601578000000378e-01,-4.922030070999999785e-02,-1.495921390000000059e-02
7.051144499999999482e-01,7.505285443000000445e-01,-4.978933130000000318e-02,-1.490786931999999940e-02
7.053864800000000379e-01,7.514869026999999591e-01,-5.042686258000000227e-02,-1.483786206000000003e-02
7.056585100000000166e-01,7.520401822000000180e-01,-5.097238319999999878e-02,-1.477070179999999920e-02
7.059322300000000494e-01,7.527164951000000492e-01,-5.138091689000000295e-02,-1.471102659999999965e-02
7.062059400000000320e-01,7.528222320999999884e-01,-5.200430921000000206e-02,-1.455908606000000036e-02
7.064796500000000146e-01,7.525295540999999977e-01,-5.269070387000000105e-02,-1.438529359999999972e-02
7.067550999999999695e-01,7.518168030999999862e-01,-5.331817341999999654e-02,-1.418502494000000065e-02
7.070305399999999851e-01,7.515534615000000196e-01,-5.436806496999999766e-02,-1.393848898000000017e-02
7.073059900000000511e-01,7.508471963999999721e-01,-5.534314235999999998e-02,-1.365379643999999927e-02
7.075814299999999557e-01,7.495803680000000524e-01,-5.622579264000000104e-02,-1.335088281999999987e-02
7.078586799999999624e-01,7.473147967000000058e-01,-5.694246968999999714e-02,-1.305097568000000013e-02
7.081359200000000298e-01,7.456648463999999699e-01,-5.799116641999999683e-02,-1.269539293999999950e-02
7.084131700000000365e-01,7.433327293000000502e-01,-5.869365661999999956e-02,-1.246068978999999993e-02
7.086922799999999523e-01,7.411101670999999946e-01,-5.948285718000000111e-02,-1.224270069999999939e-02
7.089713800000000399e-01,7.393310922000000396e-01,-6.020680833000000010e-02,-1.206646620000000059e-02
7.092504899999999557e-01,7.375298325000000377e-01,-6.066888175000000050e-02,-1.193243360999999940e-02
7.095295900000000433e-01,7.352528025000000245e-01,-6.102013325999999793e-02,-1.177652445000000082e-02
7.098086999999999591e-01,7.334459156999999507e-01,-6.104796542999999659e-02,-1.174133953000000043e-02
7.100897600000000143e-01,7.310117499999999602e-01,-6.094411756999999763e-02,-1.175585380000000041e-02
7.103708199999999584e-01,7.288736002000000269e-01,-6.071430805999999958e-02,-1.181549208000000004e-02
7.106518699999999633e-01,7.275794708999999694e-01,-6.038205443999999922e-02,-1.194584077999999959e-02
7.109329300000000185e-01,7.263312223000000234e-01,-6.001800379000000324e-02,-1.207397454999999988e-02
7.112139899999999626e-01,7.251152640000000371e-01,-5.952430805000000213e-02,-1.219397858999999966e-02
7.114950500000000178e-01,7.241953090999999620e-01,-5.880810337000000332e-02,-1.242373589000000077e-02
7.117781699999999878e-01,7.228374370000000271e-01,-5.793399427999999796e-02,-1.270603439999999987e-02
7.120613000000000081e-01,7.218717122000000153e-01,-5.680987989999999876e-02,-1.303773549000000059e-02
7.123444199999999782e-01,7.211029324000000074e-01,-5.559966211000000325e-02,-1.342923617000000083e-02
7.126296899999999823e-01,7.197142385000000475e-01,-5.422420322999999681e-02,-1.377620115999999943e-02
7.129149599999999865e-01,7.182233288999999576e-01,-5.256145123000000030e-02,-1.415478958999999946e-02
7.132002299999999906e-01,7.173099262000000031e-01,-5.066328630999999971e-02,-1.455856640999999944e-02
7.134854999999999947e-01,7.161654856000000402e-01,-4.867707462000000346e-02,-1.492844255999999960e-02
7.137730199999999803e-01,7.148597912999999915e-01,-4.678035750000000131e-02,-1.528798389999999965e-02
7.140605300000000266e-01,7.140955786999999555e-01,-4.473263918999999950e-02,-1.569567896000000073e-02
7.143503700000000123e-01,7.134500578000000370e-01,-4.267108056999999871e-02,-1.617480140000000094e-02
7.146401999999999477e-01,7.132341957000000177e-01,-4.069229716000000163e-02,-1.665122403000000167e-02
7.149300400000000444e-01,7.136784124999999701e-01,-3.877207147000000242e-02,-1.715915419999999858e-02
7.152222900000000383e-01,7.141132693999999725e-01,-3.690059430999999973e-02,-1.767458360000000173e-02
7.155145400000000322e-01,7.150907747000000425e-01,-3.485609803999999839e-02,-1.827655039000000009e-02
7.158092799999999922e-01,7.167448779999999742e-01,-3.274636731999999717e-02,-1.891080855999999893e-02
7.161040300000000025e-01,7.194803537999999721e-01,-3.051921130999999884e-02,-1.966553274999999906e-02
7.164013599999999871e-01,7.222530483000000334e-01,-2.843218625000000152e-02,-2.042310150999999963e-02
7.166987000000000219e-01,7.255076261999999776e-01,-2.630767184999999869e-02,-2.122420847999999943e-02
7.169960300000000064e-01,7.286078363000000335e-01,-2.399980192000000095e-02,-2.207653295000000168e-02
7.172960699999999523e-01,7.323325742999999832e-01,-2.161105093000000033e-02,-2.301653038000000054e-02
7.175960999999999590e-01,7.359251055000000097e-01,-1.919104590999999929e-02,-2.394611362000000077e-02
7.178961400000000159e-01,7.394749447999999781e-01,-1.674140979000000168e-02,-2.484490877000000014e-02
7.181990000000000318e-01,7.434371051999999480e-01,-1.422510920999999970e-02,-2.579318346000000067e-02
7.185018699999999869e-01,7.469222448000000236e-01,-1.197418719999999992e-02,-2.663046533999999937e-02
7.188047400000000531e-01,7.491380026999999719e-01,-1.036710635000000040e-02,-2.722466449999999885e-02
7.191075999999999580e-01,7.514257921000000451e-01,-9.171954417000000026e-03,-2.776035058999999985e-02
7.194134699999999993e-01,7.529093234999999495e-01,-8.224620931999999940e-03,-2.818831926000000057e-02
7.197193299999999905e-01,7.534814058000000037e-01,-7.712959923999999912e-03,-2.845448001999999893e-02
7.200252000000000319e-01,7.534957691000000457e-01,-7.546047374999999974e-03,-2.855224546000000030e-02
7.203310699999999622e-01,7.529006054000000336e-01,-7.739524565000000141e-03,-2.850852203000000043e-02
7.206369299999999534e-01,7.517906397000000407e-01,-8.289201932999999689e-03,-2.829674126999999831e-02
7.209427999999999948e-01,7.508894566999999576e-01,-8.559113129000000056e-03,-2.820200038000000159e-02
7.212486599999999859e-01,7.493087800000000076e-01,-9.166131908000000814e-03,-2.796818406000000160e-02
7.215578200000000164e-01,7.469592056999999619e-01,-9.976657470000000610e-03,-2.760281707000000057e-02
7.218669699999999967e-01,7.449720982999999963e-01,-1.088487980000000035e-02,-2.720662227000000127e-02
7.221727599999999692e-01,7.428388565000000332e-01,-1.172793056999999958e-02,-2.685718370999999952e-02
7.224785599999999919e-01,7.405978194000000236e-01,-1.248769874000000071e-02,-2.656683396999999849e-02
7.227843499999999644e-01,7.385592311999999993e-01,-1.322565807999999919e-02,-2.628464855999999850e-02
7.230901400000000478e-01,7.364798688999999454e-01,-1.377335285999999916e-02,-2.605241093999999952e-02
7.233959399999999595e-01,7.342740911999999787e-01,-1.415159277999999965e-02,-2.584516481000000143e-02
7.236982600000000376e-01,7.323574145000000257e-01,-1.479763153000000081e-02,-2.560792032999999884e-02
7.240005800000000047e-01,7.307680335999999777e-01,-1.555267331000000086e-02,-2.539793553999999953e-02
7.242994200000000271e-01,7.298323223999999554e-01,-1.609214527000000020e-02,-2.527669203999999975e-02
7.245982600000000495e-01,7.287574503000000536e-01,-1.658096155999999946e-02,-2.520578974999999888e-02
7.248971100000000112e-01,7.277521005999999515e-01,-1.691957558999999944e-02,-2.516467459999999906e-02
7.251924400000000492e-01,7.273187493999999642e-01,-1.704842324999999992e-02,-2.518744927999999952e-02
7.254877600000000371e-01,7.263944394000000360e-01,-1.696751851999999880e-02,-2.523934583999999995e-02
7.257830899999999641e-01,7.257965949000000361e-01,-1.686989393999999837e-02,-2.528909957000000097e-02
7.260748599999999886e-01,7.252407328000000097e-01,-1.664832432000000126e-02,-2.538177573000000020e-02
7.263666300000000131e-01,7.247334726999999921e-01,-1.629496484999999953e-02,-2.550795456000000058e-02
7.266584000000000376e-01,7.243791631999999536e-01,-1.591814039999999916e-02,-2.569666761999999868e-02
7.269465699999999586e-01,7.253701048999999790e-01,-1.556798247000000003e-02,-2.592787888999999873e-02
7.272347399999999906e-01,7.260874590000000461e-01,-1.504533522999999991e-02,-2.622634782999999983e-02
7.275192999999999799e-01,7.276273831999999775e-01,-1.465180733999999971e-02,-2.650693923999999924e-02
7.278038700000000194e-01,7.284104125999999457e-01,-1.390951816999999938e-02,-2.679974891000000067e-02
7.280884399999999479e-01,7.298819098000000061e-01,-1.336401190999999926e-02,-2.709132763999999929e-02
7.283693500000000265e-01,7.314795237000000228e-01,-1.268178042000000019e-02,-2.743207573999999899e-02
7.286502700000000443e-01,7.330520325999999587e-01,-1.178318090999999970e-02,-2.775710471000000096e-02
7.289311899999999511e-01,7.344158240000000504e-01,-1.077163037999999927e-02,-2.808851157999999945e-02
7.292121099999999689e-01,7.360244481000000061e-01,-9.918629547999999532e-03,-2.836342442000000172e-02
7.294892800000000177e-01,7.381494046000000031e-01,-9.053728708999999805e-03,-2.868718250999999914e-02
7.297664499999999554e-01,7.398291837999999565e-01,-8.251252666000000527e-03,-2.895693217999999874e-02
7.300436200000000042e-01,7.416289238000000061e-01,-7.553711301000000378e-03,-2.921016807000000048e-02
7.303169999999999940e-01,7.435779222999999716e-01,-6.847192059000000407e-03,-2.941257027000000052e-02
7.305903700000000445e-01,7.446247067000000275e-01,-5.975372956000000145e-03,-2.958246330000000035e-02
7.308599500000000360e-01,7.467840651999999579e-01,-5.396634479999999796e-03,-2.970910677000000027e-02
7.311295300000000275e-01,7.481137355000000433e-01,-4.756824494999999965e-03,-2.982664805000000141e-02
7.313953100000000207e-01,7.501158414999999913e-01,-4.054867596999999976e-03,-2.997137339000000011e-02
7.316610900000000139e-01,7.513977051000000351e-01,-3.324334720000000128e-03,-3.011729789999999934e-02
7.319268700000000072e-01,7.528312207999999783e-01,-2.763757858999999970e-03,-3.025931836999999971e-02
7.321926500000000004e-01,7.538128947000000135e-01,-2.341418558999999993e-03,-3.031344567000000129e-02
7.324584299999999937e-01,7.545683614999999511e-01,-1.844321483999999912e-03,-3.035688190000000036e-02
7.327242200000000372e-01,7.550507010000000463e-01,-1.160210537000000083e-03,-3.039974187000000008e-02
7.329859699999999867e-01,7.556658682000000349e-01,-7.367447065999999795e-04,-3.045597515999999907e-02
7.332477200000000472e-01,7.559716453999999475e-01,-2.591209048999999830e-04,-3.050788507000000080e-02
7.335094800000000470e-01,7.566780912999999664e-01,3.137741242999999886e-04,-3.060441732000000054e-02
7.337712299999999965e-01,7.572478782999999547e-01,6.761339582999999947e-04,-3.065898384000000088e-02
7.340329899999999963e-01,7.575261293999999701e-01,8.633194024000000188e-04,-3.072625935000000003e-02
7.342947399999999458e-01,7.576965784000000426e-01,1.114627482000000004e-03,-3.078841266000000021e-02
7.345564999999999456e-01,7.575223562999999771e-01,1.299498967000000098e-03,-3.082602007999999880e-02
7.348182500000000061e-01,7.573302720000000265e-01,1.413463706999999996e-03,-3.082347038999999969e-02
7.350799999999999557e-01,7.567610211999999947e-01,1.010117562999999965e-03,-3.068772062000000092e-02
7.353417599999999554e-01,7.559272982000000418e-01,5.421090140999999590e-04,-3.053730627999999905e-02
7.356035100000000160e-01,7.552988124999999719e-01,-3.661699758000000037e-05,-3.037524801000000135e-02
7.358652700000000157e-01,7.539577321999999526e-01,-6.045236084999999933e-04,-3.016608259000000056e-02
7.361270199999999653e-01,7.521175521999999836e-01,-1.335143585000000055e-03,-2.984112905000000163e-02
7.363887799999999650e-01,7.498787526000000314e-01,-2.252659762000000163e-03,-2.947855623000000119e-02
7.366505300000000256e-01,7.482023923999999715e-01,-3.429232769999999899e-03,-2.913313266000000165e-02
7.369122799999999751e-01,7.463192857999999541e-01,-4.788449822999999925e-03,-2.879100881999999834e-02
7.371740399999999749e-01,7.442068590000000539e-01,-6.285710972000000361e-03,-2.845651050000000057e-02
7.374412500000000481e-01,7.419144739999999905e-01,-7.325226548000000198e-03,-2.812397596999999944e-02
7.377084499999999601e-01,7.402361899999999606e-01,-8.467647740999999229e-03,-2.780841653000000122e-02
7.379756600000000333e-01,7.389402935000000117e-01,-9.650028636999999354e-03,-2.746839193999999970e-02
7.382489399999999646e-01,7.373043417000000321e-01,-1.086384590999999941e-02,-2.714799030000000085e-02
7.385222200000000070e-01,7.361741715999999824e-01,-1.206290712000000070e-02,-2.684982912000000166e-02
7.387955000000000494e-01,7.351983180000000173e-01,-1.290756711999999952e-02,-2.652312189999999834e-02
7.390756200000000442e-01,7.335674636000000248e-01,-1.359022938999999985e-02,-2.616233088999999831e-02
7.393557299999999888e-01,7.329286432999999601e-01,-1.421205103999999969e-02,-2.579992190000000157e-02
7.396358400000000444e-01,7.326753408999999717e-01,-1.465972897000000080e-02,-2.548573348000000155e-02
7.399237300000000017e-01,7.316859879999999539e-01,-1.506006646000000032e-02,-2.514960312999999989e-02
7.402116300000000093e-01,7.324238695000000465e-01,-1.536463233999999997e-02,-2.486862039999999940e-02
7.404995199999999667e-01,7.324273176000000163e-01,-1.557116231000000087e-02,-2.455971508999999983e-02
7.407964099999999608e-01,7.314718648000000378e-01,-1.546522099999999948e-02,-2.429460673999999862e-02
7.410932999999999549e-01,7.308953581999999560e-01,-1.545313740999999970e-02,-2.404523176000000068e-02
7.413901899999999490e-01,7.307288004999999975e-01,-1.540935683000000007e-02,-2.389181945000000071e-02
7.416976800000000258e-01,7.291613479999999869e-01,-1.513887333000000016e-02,-2.369023535999999902e-02
7.420051800000000419e-01,7.286828445999999904e-01,-1.476840043000000012e-02,-2.352018083000000093e-02
7.423126700000000078e-01,7.278303106000000300e-01,-1.458472727000000024e-02,-2.328727105999999977e-02
7.426201599999999736e-01,7.269141851000000543e-01,-1.439531988999999922e-02,-2.309343021999999898e-02
7.429276599999999897e-01,7.257048224000000047e-01,-1.428008218999999961e-02,-2.288886134000000031e-02
7.432351499999999556e-01,7.244184867999999833e-01,-1.425371379999999973e-02,-2.266219273999999992e-02
7.435426400000000324e-01,7.232674579000000215e-01,-1.426243957000000034e-02,-2.236370204999999986e-02
7.438501400000000485e-01,7.224980531000000372e-01,-1.431487224999999919e-02,-2.215688760999999854e-02
7.441576300000000144e-01,7.220734364999999988e-01,-1.453225967000000042e-02,-2.190528326999999914e-02
7.444651199999999802e-01,7.218466456000000031e-01,-1.479834451000000030e-02,-2.165888187000000048e-02
7.447726199999999963e-01,7.217307903999999885e-01,-1.505295476999999986e-02,-2.147178670999999942e-02
7.450801099999999622e-01,7.217640507000000483e-01,-1.515755077000000006e-02,-2.133780818000000079e-02
7.453876000000000390e-01,7.218135141999999504e-01,-1.513986898000000032e-02,-2.121769534999999943e-02
7.456951000000000551e-01,7.213563606999999767e-01,-1.538086433000000058e-02,-2.104370758000000119e-02
7.460025900000000210e-01,7.211283751000000519e-01,-1.564881998999999996e-02,-2.091055614999999882e-02
7.463100799999999868e-01,7.207974998999999716e-01,-1.625689515999999973e-02,-2.070263425000000088e-02
7.466175699999999527e-01,7.204254527000000241e-01,-1.687255883999999942e-02,-2.045528222999999993e-02
7.469250699999999688e-01,7.206224047000000521e-01,-1.768538013000000089e-02,-2.019817714999999972e-02
7.472325600000000456e-01,7.207570064999999637e-01,-1.853354113000000095e-02,-1.991516788999999829e-02
7.475400500000000115e-01,7.203727084000000058e-01,-1.951252087999999843e-02,-1.957919371999999880e-02
7.478475500000000276e-01,7.203167812999999864e-01,-2.053250813999999910e-02,-1.931035201000000021e-02
7.481550399999999934e-01,7.207462680999999760e-01,-2.147681028999999867e-02,-1.913735864000000106e-02
7.484625299999999593e-01,7.213608556999999699e-01,-2.244891327999999978e-02,-1.899649796000000071e-02
7.487700299999999753e-01,7.220521348999999756e-01,-2.333086107000000020e-02,-1.889223836000000073e-02
7.490775200000000522e-01,7.225861767000000269e-01,-2.440828827000000173e-02,-1.873782790000000018e-02
7.493850100000000181e-01,7.224811271000000090e-01,-2.567735444999999853e-02,-1.848012833000000146e-02
7.496925100000000342e-01,7.221434101999999466e-01,-2.735614811999999979e-02,-1.814739896000000172e-02
7.500000000000000000e-01,7.218495699000000432e-01,-2.886740990000000173e-02,-1.784155704000000078e-02
7.503014500000000364e-01,7.227491057999999580e-01,-3.030576444000000064e-02,-1.754395608999999995e-02
7.506021699999999575e-01,7.229255925999999999e-01,-3.176991782000000014e-02,-1.727425080999999904e-02
7.509021700000000354e-01,7.232560765000000114e-01,-3.287349300999999752e-02,-1.704760094999999837e-02
7.512014399999999981e-01,7.230866244000000442e-01,-3.396087114000000129e-02,-1.677727292999999995e-02
7.514997700000000114e-01,7.230605785999999480e-01,-3.498283960000000276e-02,-1.655331055999999940e-02
7.517971399999999749e-01,7.235773348999999799e-01,-3.608846213999999941e-02,-1.633260809999999980e-02
7.520935699999999891e-01,7.247704271999999559e-01,-3.712246981999999668e-02,-1.619110066999999986e-02
7.523888199999999582e-01,7.264797625000000147e-01,-3.790715993000000339e-02,-1.612474443000000077e-02
7.526831400000000283e-01,7.281505463999999872e-01,-3.870923604999999823e-02,-1.606248622000000167e-02
7.529763099999999820e-01,7.295081759999999527e-01,-3.954353910999999777e-02,-1.601412782999999881e-02
7.532683199999999912e-01,7.306104900000000013e-01,-4.023654439999999749e-02,-1.597275639999999955e-02
7.535591900000000454e-01,7.321675418999999962e-01,-4.097355639999999966e-02,-1.587698737999999887e-02
7.538491499999999679e-01,7.340776665999999562e-01,-4.189106263000000330e-02,-1.572925006999999903e-02
7.541382100000000310e-01,7.355490178000000379e-01,-4.274806518000000277e-02,-1.557630852999999926e-02
7.544261500000000176e-01,7.360177052999999914e-01,-4.366444416000000300e-02,-1.536000097000000085e-02
7.547129700000000385e-01,7.364478662000000231e-01,-4.499118188000000157e-02,-1.508756078000000021e-02
7.549989000000000283e-01,7.365361631000000298e-01,-4.653725420000000279e-02,-1.474392327000000058e-02
7.552839599999999765e-01,7.371480271000000473e-01,-4.767754755999999844e-02,-1.453505318000000018e-02
7.555681400000000547e-01,7.375091459000000516e-01,-4.890873725000000061e-02,-1.426414273999999927e-02
7.558516600000000363e-01,7.374766001000000459e-01,-4.992354942999999851e-02,-1.402556498000000033e-02
7.561343200000000264e-01,7.372421008999999748e-01,-5.099124552999999976e-02,-1.371204695999999994e-02
7.564163200000000309e-01,7.375877983999999943e-01,-5.185330876000000117e-02,-1.344456854999999916e-02
7.566974699999999832e-01,7.376908188999999894e-01,-5.238920284999999677e-02,-1.325471135000000009e-02
7.569779800000000503e-01,7.382341001000000125e-01,-5.278834489999999907e-02,-1.312806929000000060e-02
7.572578399999999599e-01,7.384815651999999675e-01,-5.301311128999999789e-02,-1.301915569999999994e-02
7.575370700000000346e-01,7.381779746000000086e-01,-5.304220485000000346e-02,-1.289367395999999923e-02
7.578158699999999470e-01,7.370613503999999816e-01,-5.295468085999999880e-02,-1.275134135000000057e-02
7.580942499999999695e-01,7.364504924000000452e-01,-5.291648751999999956e-02,-1.257979969000000073e-02
7.583722099999999910e-01,7.364381249000000462e-01,-5.276355986999999720e-02,-1.248909968999999988e-02
7.586497500000000116e-01,7.353484680999999856e-01,-5.235796270999999724e-02,-1.233264778000000075e-02
7.589268700000000312e-01,7.343213597000000092e-01,-5.209701008999999966e-02,-1.214825591999999996e-02
7.592035700000000498e-01,7.338700151000000504e-01,-5.181262258000000204e-02,-1.204826426999999929e-02
7.594798499999999564e-01,7.341576467999999522e-01,-5.163927959000000345e-02,-1.194685304000000017e-02
7.597555000000000280e-01,7.343190283999999624e-01,-5.138214202000000036e-02,-1.181815970000000063e-02
7.600307400000000380e-01,7.345763722000000495e-01,-5.077705382000000101e-02,-1.174784553000000030e-02
7.603053600000000412e-01,7.346462240000000143e-01,-5.014401086999999840e-02,-1.164972623000000082e-02
7.605795699999999826e-01,7.349281192000000074e-01,-4.962728218000000274e-02,-1.159267440000000086e-02
7.608531600000000283e-01,7.359890962999999786e-01,-4.900665540000000153e-02,-1.162650932999999970e-02
7.611261299999999563e-01,7.370402332000000056e-01,-4.836720292999999865e-02,-1.168491898999999938e-02
7.613986999999999838e-01,7.375376470000000184e-01,-4.778691322999999852e-02,-1.175232755999999941e-02
7.616706500000000046e-01,7.385773051999999783e-01,-4.723542970999999868e-02,-1.185499721999999992e-02
7.619419899999999579e-01,7.397743578000000042e-01,-4.675051068999999671e-02,-1.197506088999999996e-02
7.622127300000000050e-01,7.417270162000000333e-01,-4.632064963000000202e-02,-1.218137440999999925e-02
7.624828599999999845e-01,7.435390774000000258e-01,-4.571205792000000018e-02,-1.244451390999999976e-02
7.627525899999999526e-01,7.461339155999999750e-01,-4.514962648999999717e-02,-1.274647255000000041e-02
7.630219200000000201e-01,7.487620143000000006e-01,-4.456047186999999993e-02,-1.310306114000000036e-02
7.632912499999999767e-01,7.520968560999999886e-01,-4.420613835000000019e-02,-1.351867214000000011e-02
7.635605800000000443e-01,7.543472526000000178e-01,-4.380842651999999893e-02,-1.387126980999999967e-02
7.638301100000000066e-01,7.564949117000000500e-01,-4.358199291999999975e-02,-1.418948287000000065e-02
7.640998399999999746e-01,7.577302604000000219e-01,-4.337928229000000135e-02,-1.446962935000000068e-02
7.643699800000000044e-01,7.585978897999999804e-01,-4.338960733000000319e-02,-1.469880016999999990e-02
7.646405200000000457e-01,7.592885072999999707e-01,-4.339829591000000236e-02,-1.491773784999999956e-02
7.649116700000000435e-01,7.601342022999999504e-01,-4.350688450000000235e-02,-1.512035699000000011e-02
7.651834299999999978e-01,7.607978196000000359e-01,-4.348219653000000295e-02,-1.533026609999999998e-02
7.654558099999999587e-01,7.614476676000000444e-01,-4.367528742000000019e-02,-1.552981292999999936e-02
7.657288199999999767e-01,7.613987972000000326e-01,-4.361648337000000042e-02,-1.570929014999999929e-02
7.660026500000000071e-01,7.606737031000000426e-01,-4.389060110000000264e-02,-1.582599042000000164e-02
7.662773200000000395e-01,7.600913658000000295e-01,-4.423204530000000162e-02,-1.591217246999999946e-02
7.665528400000000131e-01,7.594634026000000038e-01,-4.474135337000000046e-02,-1.593308594999999842e-02
7.668292100000000389e-01,7.586826206000000239e-01,-4.525684508999999744e-02,-1.597573407000000070e-02
7.671066399999999508e-01,7.572177996000000189e-01,-4.578093834000000056e-02,-1.592371923999999841e-02
7.673851600000000106e-01,7.552299209999999707e-01,-4.644273446000000277e-02,-1.580500468000000172e-02
7.676645500000000011e-01,7.530095381000000421e-01,-4.688289165000000119e-02,-1.566978844999999954e-02
7.679450300000000285e-01,7.503888923999999516e-01,-4.739563533999999884e-02,-1.552853061999999972e-02
7.682263999999999760e-01,7.482091731000000134e-01,-4.779822951999999903e-02,-1.539669247999999983e-02
7.685088799999999498e-01,7.461484972999999910e-01,-4.837504514000000311e-02,-1.520633644999999992e-02
7.687922600000000051e-01,7.441795921999999619e-01,-4.925508668999999812e-02,-1.503590821999999973e-02
7.690765400000000307e-01,7.417183902999999745e-01,-4.996117679999999978e-02,-1.485091699999999994e-02
7.693615099999999707e-01,7.391012973999999680e-01,-5.099944406999999680e-02,-1.462275858000000074e-02
7.696473900000000423e-01,7.363085784999999772e-01,-5.153029776999999700e-02,-1.445772543999999937e-02
7.699339600000000283e-01,7.339653632999999511e-01,-5.177910573999999766e-02,-1.430959164999999998e-02
7.702212299999999789e-01,7.316695854000000443e-01,-5.226021226000000103e-02,-1.415242838999999919e-02
7.705092000000000052e-01,7.295765468999999559e-01,-5.271992208000000207e-02,-1.402507337999999923e-02
7.707978800000000463e-01,7.278425452000000240e-01,-5.308306177000000209e-02,-1.395554560000000083e-02
7.710870199999999564e-01,7.262326597999999578e-01,-5.335824364999999792e-02,-1.397975775999999934e-02
7.713768800000000425e-01,7.247729686999999643e-01,-5.324006329000000037e-02,-1.409728860999999965e-02
7.716672100000000478e-01,7.229830946999999952e-01,-5.287503642000000031e-02,-1.428053605000000059e-02
7.719580200000000225e-01,7.219821184000000391e-01,-5.243850147000000267e-02,-1.445341028999999958e-02
7.722495499999999513e-01,7.211190907000000205e-01,-5.154991008999999791e-02,-1.472023733000000015e-02
7.725415599999999605e-01,7.204148576000000137e-01,-5.049823351999999793e-02,-1.500566260999999964e-02
7.728340599999999894e-01,7.199463230999999519e-01,-4.951468266999999729e-02,-1.530951053000000062e-02
7.731270399999999876e-01,7.197444704000000026e-01,-4.823174400000000001e-02,-1.565390915999999993e-02
7.734205100000000055e-01,7.201885480999999922e-01,-4.675794574000000092e-02,-1.606018856000000078e-02
7.737147199999999669e-01,7.206703653999999570e-01,-4.485700305999999749e-02,-1.652660312000000034e-02
7.740094199999999480e-01,7.215263303000000183e-01,-4.302385597999999756e-02,-1.700638554999999927e-02
7.743046199999999990e-01,7.222731584999999566e-01,-4.119946194000000117e-02,-1.745177504999999990e-02
7.746003200000000088e-01,7.246796777999999772e-01,-3.916957536000000017e-02,-1.803577254999999893e-02
7.748962600000000034e-01,7.271337172999999821e-01,-3.694815742000000236e-02,-1.864672311999999998e-02
7.751927100000000070e-01,7.301606618999999521e-01,-3.467435619999999913e-02,-1.937655132999999835e-02
7.754894100000000456e-01,7.331420184000000395e-01,-3.237290660000000098e-02,-2.010244245000000068e-02
7.757863600000000082e-01,7.358108408000000322e-01,-3.045146406999999986e-02,-2.075293989999999963e-02
7.760835600000000056e-01,7.375332361999999975e-01,-2.851429383999999970e-02,-2.137182425999999830e-02
7.763807600000000031e-01,7.397336364000000053e-01,-2.682677027999999866e-02,-2.195795328000000116e-02
7.766782199999999747e-01,7.413891395999999689e-01,-2.505160840000000139e-02,-2.252872960999999924e-02
7.769756799999999464e-01,7.435432762000000473e-01,-2.375522890000000137e-02,-2.306419606000000011e-02
7.772731299999999788e-01,7.444911682000000530e-01,-2.288820667000000114e-02,-2.345300192000000089e-02
7.775705899999999504e-01,7.453863657000000531e-01,-2.237588836999999942e-02,-2.377030046000000105e-02
7.778680500000000331e-01,7.457661695999999729e-01,-2.192063221999999978e-02,-2.403450661999999988e-02
7.781652500000000305e-01,7.468996867999999623e-01,-2.147953102000000128e-02,-2.432227948000000028e-02
7.784624500000000280e-01,7.473020809999999514e-01,-2.122190482999999905e-02,-2.458847227999999899e-02
7.787593999999999905e-01,7.477359476999999588e-01,-2.085835789999999912e-02,-2.487585444000000104e-02
7.790560899999999789e-01,7.478456812999999537e-01,-2.044133944999999841e-02,-2.517531765000000088e-02
7.793527799999999672e-01,7.480310324000000177e-01,-2.004453758000000058e-02,-2.546126462000000007e-02
7.796494800000000058e-01,7.475762746999999875e-01,-1.954005421999999853e-02,-2.570797052999999888e-02
7.799461699999999942e-01,7.469334076000000433e-01,-1.934572634999999832e-02,-2.588066906000000000e-02
7.802428599999999825e-01,7.461466600999999699e-01,-1.894093704000000128e-02,-2.607786303999999958e-02
7.805395600000000211e-01,7.458428527999999558e-01,-1.880944031999999891e-02,-2.628727447000000009e-02
7.808362500000000095e-01,7.457129759999999719e-01,-1.879413641999999954e-02,-2.643185707999999925e-02
7.811329399999999978e-01,7.454288771999999508e-01,-1.884746449000000018e-02,-2.655075767999999850e-02
7.814296299999999862e-01,7.460938968000000449e-01,-1.896206591999999996e-02,-2.667532313999999849e-02
7.817263300000000248e-01,7.470003488999999997e-01,-1.898513606999999853e-02,-2.683423311000000117e-02
7.820230200000000131e-01,7.477759123999999646e-01,-1.946514268999999936e-02,-2.693549907000000049e-02
7.823194599999999665e-01,7.481226037999999523e-01,-1.996253644000000119e-02,-2.698165937999999833e-02
7.826146200000000386e-01,7.481795920999999572e-01,-2.024014604000000037e-02,-2.698777143000000156e-02
7.829070000000000196e-01,7.479252027999999664e-01,-2.060020945000000034e-02,-2.700644581999999891e-02
7.831966700000000392e-01,7.473799024999999707e-01,-2.103991895000000001e-02,-2.693632108999999969e-02
7.834836600000000262e-01,7.475607022000000379e-01,-2.143217422999999996e-02,-2.690564021999999889e-02
7.837680200000000097e-01,7.475322612000000477e-01,-2.175348372000000113e-02,-2.688626078000000072e-02
7.840500299999999534e-01,7.473305238999999878e-01,-2.199210214000000066e-02,-2.683730851000000125e-02
7.843297200000000080e-01,7.475614714999999633e-01,-2.243180041999999833e-02,-2.680065930999999887e-02
7.846073700000000262e-01,7.474991730000000167e-01,-2.271456125999999839e-02,-2.673451058999999977e-02
7.848832100000000533e-01,7.468612759999999628e-01,-2.314388696999999939e-02,-2.660425535000000147e-02
7.851572799999999575e-01,7.465565159999999478e-01,-2.351609466000000037e-02,-2.646829608999999930e-02
7.854298100000000060e-01,7.456981647999999518e-01,-2.404400488000000072e-02,-2.625556128999999989e-02
7.857008100000000272e-01,7.450926961999999598e-01,-2.441119736999999845e-02,-2.608230389999999926e-02
7.859703099999999498e-01,7.441632219999999576e-01,-2.457831237000000085e-02,-2.590304460000000114e-02
7.862385299999999910e-01,7.430298539999999896e-01,-2.458419530000000019e-02,-2.571853552999999945e-02
7.865054799999999791e-01,7.420073499999999544e-01,-2.427771245999999980e-02,-2.556935607000000027e-02
7.867711800000000144e-01,7.409202649999999668e-01,-2.397093999999999961e-02,-2.541497766000000089e-02
7.870356200000000468e-01,7.395030783999999580e-01,-2.379423778999999878e-02,-2.521483160999999848e-02
7.872988400000000553e-01,7.386440179000000050e-01,-2.372098551000000055e-02,-2.503067120000000007e-02
7.875608200000000503e-01,7.377508376000000423e-01,-2.351795711999999858e-02,-2.491854066999999937e-02
7.878216000000000108e-01,7.367388006999999739e-01,-2.346631340000000093e-02,-2.475034048000000070e-02
7.880809600000000525e-01,7.357204856000000293e-01,-2.334619485000000161e-02,-2.457098501000000088e-02
7.883389400000000435e-01,7.345177524999999541e-01,-2.314705505000000038e-02,-2.440216426999999855e-02
7.885955399999999837e-01,7.334137531000000099e-01,-2.290783777000000160e-02,-2.422943581000000166e-02
7.888509799999999794e-01,7.319876843000000521e-01,-2.282755048000000009e-02,-2.402871327000000168e-02
7.891050600000000248e-01,7.305181099999999983e-01,-2.282044285000000075e-02,-2.381635752000000120e-02
7.893579899999999538e-01,7.285687752999999711e-01,-2.268970252000000049e-02,-2.363122377999999843e-02
7.896099699999999944e-01,7.271850616999999684e-01,-2.256571959999999905e-02,-2.347828966999999933e-02
7.898610099999999745e-01,7.255246805999999715e-01,-2.230899381000000029e-02,-2.331894940000000041e-02
7.901112999999999609e-01,7.238157697999999529e-01,-2.187546686999999879e-02,-2.317412287000000098e-02
7.903612199999999754e-01,7.218938044999999581e-01,-2.137920273000000135e-02,-2.304095922000000060e-02
7.906107700000000182e-01,7.202809671000000025e-01,-2.077896427999999934e-02,-2.294249136999999827e-02
7.908599400000000390e-01,7.188713281999999927e-01,-2.019608775000000106e-02,-2.286713418999999914e-02
7.911089199999999932e-01,7.179339968000000294e-01,-1.943281146000000112e-02,-2.285816099000000101e-02
7.913577299999999815e-01,7.172752217000000208e-01,-1.868932179000000124e-02,-2.289922802999999965e-02
7.916067100000000467e-01,7.174692773999999940e-01,-1.805133165999999942e-02,-2.295941374000000021e-02
7.918558799999999565e-01,7.171159241000000240e-01,-1.746096998000000108e-02,-2.301655417999999911e-02
7.921054299999999992e-01,7.162994145000000090e-01,-1.712423534999999927e-02,-2.302139133999999906e-02
7.923555399999999693e-01,7.159091543000000168e-01,-1.723553988000000106e-02,-2.300737770000000140e-02
7.926056500000000504e-01,7.160094502999999611e-01,-1.720265802000000080e-02,-2.303958387999999885e-02
7.928561299999999923e-01,7.162959424999999491e-01,-1.709708915000000135e-02,-2.307085793000000079e-02
7.931070000000000064e-01,7.175202899000000523e-01,-1.698039616999999848e-02,-2.309516580000000111e-02
7.933584299999999478e-01,7.183515472000000512e-01,-1.668239116000000063e-02,-2.311282116000000150e-02
7.936110100000000056e-01,7.192003728000000429e-01,-1.643592747000000021e-02,-2.312234424999999940e-02
7.938649500000000137e-01,7.200817149999999556e-01,-1.623609545000000154e-02,-2.311876881999999980e-02
7.941206600000000337e-01,7.210777805000000429e-01,-1.609348583000000041e-02,-2.312096275999999881e-02
7.943779499999999993e-01,7.224346897000000212e-01,-1.601409515999999839e-02,-2.310313372999999934e-02
7.946370600000000062e-01,7.241451698999999964e-01,-1.598916503999999947e-02,-2.309936999000000019e-02
7.948980100000000437e-01,7.258961414000000278e-01,-1.583706571000000063e-02,-2.306954556000000156e-02
7.951608300000000407e-01,7.274038136999999571e-01,-1.558583883999999954e-02,-2.302012306999999883e-02
7.954255500000000367e-01,7.295500365000000542e-01,-1.528470307999999986e-02,-2.295173488999999872e-02
7.956921900000000214e-01,7.316034273999999504e-01,-1.479657893999999918e-02,-2.282356924000000092e-02
7.959610099999999688e-01,7.336045838000000430e-01,-1.443483347000000007e-02,-2.263159345999999836e-02
7.962318299999999738e-01,7.351172802000000006e-01,-1.406160379000000009e-02,-2.240882816000000152e-02
7.965046700000000257e-01,7.371950135000000515e-01,-1.382976665000000029e-02,-2.223758710000000097e-02
7.967795600000000533e-01,7.394188728999999682e-01,-1.370125504000000057e-02,-2.204752308999999993e-02
7.970570000000000155e-01,7.414661623999999618e-01,-1.370568297999999983e-02,-2.184775526000000065e-02
7.973370600000000419e-01,7.427412637000000428e-01,-1.374014946000000001e-02,-2.161033526999999940e-02
7.976200100000000459e-01,7.437647300999999933e-01,-1.397882421999999993e-02,-2.135352772000000121e-02
7.979051900000000419e-01,7.440958032000000166e-01,-1.434751830999999971e-02,-2.102892618000000088e-02
7.981913600000000164e-01,7.447220171999999749e-01,-1.518743673000000002e-02,-2.066629084000000047e-02
7.984782900000000350e-01,7.451346978999999759e-01,-1.617447492000000098e-02,-2.021883449000000041e-02
7.987662199999999713e-01,7.452128906999999636e-01,-1.737372904000000079e-02,-1.977048108999999998e-02
7.990551799999999760e-01,7.447789715000000532e-01,-1.866855389999999906e-02,-1.934180807000000085e-02
7.993451700000000493e-01,7.441079212000000220e-01,-1.995374658000000079e-02,-1.898272567999999966e-02
7.996361899999999689e-01,7.433671772000000066e-01,-2.125804268999999941e-02,-1.861243850999999908e-02
7.999282599999999466e-01,7.425988436999999553e-01,-2.277458203000000056e-02,-1.821926722999999901e-02
8.002213799999999821e-01,7.419148193000000280e-01,-2.406371304000000030e-02,-1.789531079000000052e-02
8.005153000000000407e-01,7.407074834000000330e-01,-2.501705673000000074e-02,-1.765075481999999960e-02
8.008102799999999855e-01,7.396337077000000315e-01,-2.577564415999999969e-02,-1.742227421999999887e-02
8.011063499999999671e-01,7.392392756000000231e-01,-2.634068813000000134e-02,-1.737266565000000068e-02
8.014035000000000464e-01,7.388658727000000370e-01,-2.668411265000000115e-02,-1.739604840999999999e-02
8.017014700000000271e-01,7.391161552999999662e-01,-2.683822799999999870e-02,-1.755277590999999859e-02
8.020002699999999596e-01,7.398677018999999522e-01,-2.673679351999999967e-02,-1.782440627999999985e-02
8.022998999999999548e-01,7.409298294999999701e-01,-2.658755117999999848e-02,-1.817289323000000067e-02
8.026000800000000490e-01,7.419725847000000485e-01,-2.651036858999999968e-02,-1.850612759000000093e-02
8.029008300000000098e-01,7.432205815000000326e-01,-2.625495799000000102e-02,-1.886747822000000088e-02
8.032021400000000089e-01,7.437199106999999865e-01,-2.592850974000000114e-02,-1.904705480999999839e-02
8.035037299999999716e-01,7.441803665999999762e-01,-2.574017611999999955e-02,-1.926544747999999960e-02
8.038058900000000229e-01,7.447117440999999616e-01,-2.544306840000000111e-02,-1.954256532000000005e-02
8.041080400000000239e-01,7.458976574000000248e-01,-2.532234002000000039e-02,-1.985868119999999876e-02
8.044104899999999780e-01,7.474052668999999760e-01,-2.508422494000000016e-02,-2.025170786999999986e-02
8.047132200000000068e-01,7.481720178999999860e-01,-2.506058637999999950e-02,-2.049147267000000008e-02
8.050159399999999854e-01,7.490999605000000505e-01,-2.514762192999999910e-02,-2.068221425000000072e-02
8.053181000000000367e-01,7.502240978999999976e-01,-2.560749693999999840e-02,-2.086263651000000094e-02
8.056193999999999855e-01,7.510805875999999603e-01,-2.594273010999999934e-02,-2.100447168000000100e-02
8.059198600000000434e-01,7.518893609000000255e-01,-2.645491054999999855e-02,-2.109006667999999834e-02
8.062197399999999625e-01,7.527815155999999508e-01,-2.712339722000000133e-02,-2.108440223000000030e-02
8.065193499999999682e-01,7.540499368999999952e-01,-2.758373810000000134e-02,-2.109896057999999935e-02
8.068189500000000347e-01,7.549498544999999616e-01,-2.826306266999999844e-02,-2.102383467999999894e-02
8.071185600000000404e-01,7.557817489000000499e-01,-2.890253402999999957e-02,-2.093118574000000023e-02
8.074184500000000098e-01,7.571292443999999566e-01,-2.957063793000000093e-02,-2.090343500999999882e-02
8.077189000000000174e-01,7.579408652000000357e-01,-3.039107892000000172e-02,-2.075336908000000036e-02
8.080199300000000528e-01,7.590393560999999512e-01,-3.145659642000000339e-02,-2.054685359000000058e-02
8.083218100000000295e-01,7.607655768000000096e-01,-3.276183143999999992e-02,-2.032889472000000072e-02
8.086248600000000009e-01,7.620982591999999611e-01,-3.416809411999999907e-02,-2.007932177999999929e-02
8.089290599999999776e-01,7.629894656000000275e-01,-3.549849053000000282e-02,-1.985417022000000170e-02
8.092338599999999715e-01,7.637480640999999570e-01,-3.668486467999999834e-02,-1.961709794999999881e-02
8.095389400000000402e-01,7.643717181000000416e-01,-3.785311999000000316e-02,-1.943557538000000029e-02
8.098446200000000150e-01,7.649133031999999499e-01,-3.920874913999999878e-02,-1.921732490999999987e-02
8.101506000000000540e-01,7.651867943000000283e-01,-4.039279798999999976e-02,-1.901959903000000063e-02
8.104571699999999490e-01,7.654923104999999950e-01,-4.153363455999999759e-02,-1.886048817999999919e-02
8.107640400000000191e-01,7.660343995999999711e-01,-4.288742488999999769e-02,-1.875737845000000070e-02
8.110712100000000424e-01,7.669436964000000412e-01,-4.403868816999999963e-02,-1.867089917000000140e-02
8.113789900000000221e-01,7.679810298999999452e-01,-4.489159214999999953e-02,-1.869984941000000025e-02
8.116870600000000158e-01,7.685381047999999549e-01,-4.584883617999999800e-02,-1.866985074000000050e-02
8.119951399999999486e-01,7.684667379999999826e-01,-4.688700780999999901e-02,-1.860868145000000098e-02
8.123035199999999456e-01,7.687804003999999525e-01,-4.776286430999999999e-02,-1.863718533000000011e-02
8.126122000000000067e-01,7.694365897999999593e-01,-4.820173806999999977e-02,-1.879736671999999997e-02
8.129208799999999568e-01,7.698862275000000199e-01,-4.844171983000000042e-02,-1.900583885000000153e-02
8.132298700000000213e-01,7.701466342999999659e-01,-4.852930848999999908e-02,-1.925547911000000112e-02
8.135388599999999748e-01,7.708518760000000469e-01,-4.857116466999999993e-02,-1.947878256000000127e-02
8.138478500000000393e-01,7.717630022999999451e-01,-4.825040534999999742e-02,-1.982099896999999986e-02
8.141568399999999928e-01,7.729417183000000247e-01,-4.761607632999999978e-02,-2.027401355000000086e-02
8.144661399999999496e-01,7.740700381999999768e-01,-4.645110650999999952e-02,-2.079004253000000038e-02
8.147751300000000141e-01,7.747163886000000277e-01,-4.497923030999999988e-02,-2.130658322000000132e-02
8.150841199999999676e-01,7.753252300999999846e-01,-4.360971411999999686e-02,-2.182612244999999895e-02
8.153928000000000287e-01,7.754143989999999764e-01,-4.254773793000000276e-02,-2.223298196999999934e-02
8.157014799999999788e-01,7.744899409000000068e-01,-4.143118903999999658e-02,-2.256441330999999981e-02
8.160098500000000366e-01,7.720550972999999928e-01,-4.046212505999999959e-02,-2.267374151000000129e-02
8.163176100000000268e-01,7.701938270000000530e-01,-3.975970949000000310e-02,-2.269825740000000133e-02
8.166250600000000137e-01,7.687690385000000015e-01,-3.944104411999999754e-02,-2.262652224999999948e-02
8.169319000000000441e-01,7.664172717999999662e-01,-3.938530065000000330e-02,-2.242775613000000043e-02
8.172381399999999463e-01,7.640190811000000526e-01,-3.947882348000000124e-02,-2.212659569000000048e-02
8.175437599999999527e-01,7.615237446999999493e-01,-3.975745035000000094e-02,-2.179380150000000127e-02
8.178487700000000027e-01,7.585326289999999583e-01,-4.019778421999999768e-02,-2.138531122999999881e-02
8.181531899999999746e-01,7.560810426999999834e-01,-4.028574442999999922e-02,-2.110665645000000049e-02
8.184569900000000509e-01,7.532698461000000290e-01,-4.048723155000000240e-02,-2.076515048999999849e-02
8.187598999999999849e-01,7.502039981000000468e-01,-4.056482755000000162e-02,-2.039464695000000119e-02
8.190622100000000128e-01,7.472412498999999597e-01,-4.057854884999999995e-02,-2.003563397000000107e-02
8.193639299999999626e-01,7.449938941999999509e-01,-4.039743982999999955e-02,-1.978049118999999911e-02
8.196647500000000530e-01,7.430322305000000016e-01,-3.998846468000000209e-02,-1.962510422999999907e-02
8.199646900000000516e-01,7.418379254000000422e-01,-3.931282005000000246e-02,-1.964102835999999991e-02
8.202640300000000328e-01,7.404641656999999544e-01,-3.878930897999999933e-02,-1.956383167000000020e-02
8.205622099999999586e-01,7.393792971999999519e-01,-3.803817738999999698e-02,-1.955034320000000048e-02
8.208595100000000144e-01,7.385948195999999522e-01,-3.736012491000000046e-02,-1.951963296000000167e-02
8.211556599999999539e-01,7.384024436999999663e-01,-3.680757906999999884e-02,-1.951963125999999979e-02
8.214506499999999489e-01,7.385997225999999527e-01,-3.625914136999999760e-02,-1.953399315000000150e-02
8.217442200000000252e-01,7.388265513999999756e-01,-3.570286673999999855e-02,-1.950925594000000110e-02
8.220360899999999971e-01,7.382295464999999446e-01,-3.535066720999999884e-02,-1.938201403999999933e-02
8.223262900000000153e-01,7.378653957999999902e-01,-3.508484714000000004e-02,-1.928997513999999858e-02
8.226145500000000554e-01,7.378395907999999448e-01,-3.490579391000000337e-02,-1.918117089999999900e-02
8.229009000000000462e-01,7.375051704999999735e-01,-3.479509880000000027e-02,-1.901280220999999881e-02
8.231853599999999771e-01,7.377832551999999877e-01,-3.476817699000000345e-02,-1.889280075000000086e-02
8.234679599999999988e-01,7.387863163000000233e-01,-3.455869956000000298e-02,-1.888441290999999869e-02
8.237484499999999654e-01,7.397642428999999797e-01,-3.450356229999999857e-02,-1.887617827999999928e-02
8.240271300000000521e-01,7.411602213000000328e-01,-3.375703824000000214e-02,-1.904454027000000021e-02
8.243040200000000262e-01,7.434702301000000180e-01,-3.257999364999999981e-02,-1.941151351999999969e-02
8.245788699999999638e-01,7.466063801000000222e-01,-3.131332616000000180e-02,-1.976428220000000027e-02
8.248519800000000401e-01,7.487877733000000147e-01,-3.004246501000000166e-02,-2.005148393999999987e-02
8.251236100000000073e-01,7.501379825999999751e-01,-2.916529160000000051e-02,-2.018451756000000027e-02
8.253935300000000419e-01,7.512302427999999477e-01,-2.846740123999999886e-02,-2.025148980000000126e-02
8.256619899999999568e-01,7.526864406000000063e-01,-2.796682116999999954e-02,-2.032586994000000133e-02
8.259292599999999984e-01,7.543674599999999897e-01,-2.719464358000000040e-02,-2.047546139000000140e-02
8.261955699999999903e-01,7.557989296999999551e-01,-2.643109432000000092e-02,-2.066078516000000032e-02
8.264611800000000175e-01,7.574105225999999691e-01,-2.563943624000000060e-02,-2.090348323999999952e-02
8.267260699999999796e-01,7.604142341999999832e-01,-2.525777614000000032e-02,-2.116121150999999978e-02
8.269907399999999464e-01,7.619605726999999495e-01,-2.509224338000000040e-02,-2.131312361000000169e-02
8.272551599999999894e-01,7.613996943999999933e-01,-2.521757201999999878e-02,-2.133869331000000022e-02
8.275195899999999716e-01,7.598277083000000154e-01,-2.557984284999999941e-02,-2.125844734000000014e-02
8.277842499999999992e-01,7.579756243999999921e-01,-2.569339777000000102e-02,-2.131627845000000007e-02
8.280491500000000116e-01,7.566504232999999857e-01,-2.531150437000000142e-02,-2.152325483999999872e-02
8.283147600000000388e-01,7.560262090999999574e-01,-2.474550786000000169e-02,-2.192404643000000000e-02
8.285808399999999851e-01,7.555139029999999867e-01,-2.388290737999999858e-02,-2.237858049000000099e-02
8.288478900000000316e-01,7.547976833999999746e-01,-2.310101771999999859e-02,-2.291204275000000012e-02
8.291156600000000321e-01,7.556707722000000071e-01,-2.200754853000000053e-02,-2.367938094000000132e-02
8.293844000000000216e-01,7.569262603999999950e-01,-2.062302791999999843e-02,-2.453405033999999860e-02
8.296543699999999744e-01,7.582959179999999577e-01,-1.917928414999999984e-02,-2.546063058000000087e-02
8.299255800000000516e-01,7.600084193999999682e-01,-1.738831169000000162e-02,-2.652663524999999967e-02
8.301980399999999705e-01,7.606479965000000343e-01,-1.549495189999999974e-02,-2.755683378000000142e-02
8.304720100000000382e-01,7.609321892000000531e-01,-1.333119110000000052e-02,-2.855724842000000041e-02
8.307475300000000118e-01,7.615970275000000234e-01,-1.166228558000000082e-02,-2.944836953000000077e-02
8.310248700000000266e-01,7.621457852999999893e-01,-1.009894708000000016e-02,-3.028693102999999859e-02
8.313037800000000477e-01,7.627009848000000369e-01,-8.830502872000000475e-03,-3.102269034999999980e-02
8.315842900000000038e-01,7.633806804999999640e-01,-7.801355319999999857e-03,-3.173420563999999888e-02
8.318666999999999589e-01,7.634783173000000422e-01,-6.955029401999999854e-03,-3.231366883000000301e-02
8.321507399999999999e-01,7.640188770000000407e-01,-6.590287599000000003e-03,-3.280711131999999863e-02
8.324364499999999945e-01,7.649107625000000077e-01,-6.306134330000000114e-03,-3.320290227000000094e-02
8.327238399999999929e-01,7.651457419999999621e-01,-6.064320895000000107e-03,-3.347550769999999704e-02
8.330129299999999848e-01,7.652693109999999521e-01,-5.983202259000000231e-03,-3.357378144999999953e-02
8.333034700000000461e-01,7.653923628000000035e-01,-6.204482061999999631e-03,-3.359560276000000262e-02
8.335954599999999548e-01,7.651936706999999949e-01,-6.558618791000000309e-03,-3.351044666999999921e-02
8.338889099999999832e-01,7.650061165999999524e-01,-7.070182464000000257e-03,-3.337212038000000186e-02
8.341835600000000461e-01,7.646889873000000115e-01,-7.739436897000000030e-03,-3.318602949999999857e-02
8.344797099999999856e-01,7.645990704999999776e-01,-8.392012806000000158e-03,-3.303207335000000328e-02
8.347770700000000099e-01,7.642373620000000312e-01,-8.908092350999999298e-03,-3.279812387000000107e-02
8.350753400000000548e-01,7.646472372999999489e-01,-9.448301032000000835e-03,-3.262774400000000019e-02
8.353745399999999988e-01,7.652719861000000234e-01,-9.660483892000000863e-03,-3.256479503000000303e-02
8.356746699999999528e-01,7.655233570999999682e-01,-9.851678936999999289e-03,-3.242151637000000031e-02
8.359754299999999638e-01,7.660975711999999938e-01,-1.011742793000000064e-02,-3.220210936000000163e-02
8.362768099999999816e-01,7.670214962000000414e-01,-9.942073154999999871e-03,-3.202322070000000048e-02
8.365788199999999453e-01,7.681674788000000254e-01,-1.025159320000000075e-02,-3.171373264999999969e-02
8.368811499999999626e-01,7.696119232000000476e-01,-1.031117512000000007e-02,-3.153413354000000196e-02
8.371837899999999832e-01,7.710612276999999626e-01,-1.024763968000000011e-02,-3.143829069000000226e-02
8.374867599999999968e-01,7.720793162000000320e-01,-1.013461933999999960e-02,-3.135389873999999688e-02
8.377900400000000136e-01,7.729416226999999973e-01,-9.972213266000000409e-03,-3.124279595999999992e-02
8.380936500000000233e-01,7.732175993000000025e-01,-9.745686211000000390e-03,-3.114261709000000142e-02
8.383972499999999828e-01,7.728623566000000222e-01,-9.406931182999999155e-03,-3.106176714000000172e-02
8.387008599999999925e-01,7.718979384999999915e-01,-8.845630910999999555e-03,-3.106181196999999866e-02
8.390044599999999519e-01,7.713829148999999941e-01,-8.553508411999999686e-03,-3.108611669999999938e-02
8.393080699999999617e-01,7.706553144000000133e-01,-7.928481482000000052e-03,-3.118466971999999879e-02
8.396116700000000321e-01,7.702445902000000233e-01,-7.012161297999999938e-03,-3.138735681000000277e-02
8.399152800000000418e-01,7.694917840999999648e-01,-6.197413021000000057e-03,-3.154422417000000284e-02
8.402179100000000123e-01,7.684362772999999702e-01,-5.426203975999999672e-03,-3.173196521999999825e-02
8.405189499999999869e-01,7.668431676000000419e-01,-5.348977926000000188e-03,-3.181127872000000245e-02
8.408180899999999625e-01,7.656381215999999990e-01,-5.175428135000000041e-03,-3.202517618999999732e-02
8.411153500000000394e-01,7.646454953000000332e-01,-5.140349035000000080e-03,-3.226400919999999894e-02
8.414104500000000320e-01,7.641028744000000206e-01,-5.269276629000000343e-03,-3.253637664999999707e-02
8.417034100000000407e-01,7.639911336000000386e-01,-5.372531681999999711e-03,-3.284993605000000039e-02
8.419942700000000446e-01,7.644901367999999975e-01,-5.520966179000000133e-03,-3.318616952000000286e-02
8.422830500000000331e-01,7.651108595000000179e-01,-5.612785274000000116e-03,-3.360169377000000318e-02
8.425694999999999713e-01,7.661396875000000550e-01,-5.879978362999999965e-03,-3.399136434000000345e-02
8.428536300000000203e-01,7.669106330999999610e-01,-6.230681832999999774e-03,-3.430933024999999886e-02
8.431354899999999875e-01,7.675287594999999907e-01,-6.455147954999999708e-03,-3.468439790999999772e-02
8.434154000000000373e-01,7.676403121000000551e-01,-6.891611431999999753e-03,-3.496812977000000183e-02
8.436930999999999736e-01,7.679678778999999844e-01,-7.536629894000000315e-03,-3.522690518999999770e-02
8.439688899999999716e-01,7.683041632999999537e-01,-8.325857484000000544e-03,-3.542180687000000272e-02
8.442425300000000465e-01,7.681502800999999714e-01,-8.959071699999999680e-03,-3.553337814000000205e-02
8.445143200000000405e-01,7.683172987999999926e-01,-9.560636290000000537e-03,-3.566279808000000218e-02
8.447842800000000540e-01,7.689052039999999533e-01,-1.003731151999999981e-02,-3.583820920999999937e-02
8.450521699999999914e-01,7.689782038000000375e-01,-1.061043436000000048e-02,-3.591366736999999920e-02
8.453182799999999775e-01,7.691194587999999888e-01,-1.122355088000000049e-02,-3.595069589000000204e-02
8.455823799999999668e-01,7.687367937000000317e-01,-1.193163820999999965e-02,-3.586537857000000190e-02
8.458447399999999838e-01,7.674102573000000094e-01,-1.287378383000000077e-02,-3.566868884999999795e-02
8.461051499999999725e-01,7.661082755000000466e-01,-1.360307782999999916e-02,-3.547764043999999950e-02
8.463638599999999679e-01,7.653644833999999619e-01,-1.450239090999999939e-02,-3.527453583000000198e-02
8.466209099999999488e-01,7.648371974000000018e-01,-1.532904445999999990e-02,-3.506231292999999888e-02
8.468763000000000263e-01,7.649624526999999619e-01,-1.610980755000000070e-02,-3.484591039999999917e-02
8.471300600000000181e-01,7.653128666999999830e-01,-1.674573387999999871e-02,-3.462501644000000323e-02
8.473822199999999638e-01,7.652399983000000017e-01,-1.746532686999999889e-02,-3.429873677999999843e-02
8.476329999999999698e-01,7.650807738999999552e-01,-1.794643882000000051e-02,-3.395367879999999783e-02
8.478824299999999647e-01,7.650451307000000201e-01,-1.842639835000000129e-02,-3.358723204999999878e-02
8.481305199999999989e-01,7.644765153000000479e-01,-1.878134260000000055e-02,-3.322975673999999796e-02
8.483772899999999506e-01,7.640976178999999702e-01,-1.923203370999999884e-02,-3.286088189999999964e-02
8.486231699999999822e-01,7.637112059999999758e-01,-1.950464958999999915e-02,-3.246299186999999919e-02
8.488679700000000272e-01,7.635986907999999795e-01,-1.949367269000000166e-02,-3.207202212000000163e-02
8.491119000000000305e-01,7.637099354999999923e-01,-1.980455493999999997e-02,-3.163710415999999859e-02
8.493547599999999864e-01,7.647644670000000033e-01,-2.015271059000000101e-02,-3.122972727000000032e-02
8.495967700000000011e-01,7.657814074000000026e-01,-2.040885712999999935e-02,-3.082216067999999851e-02
8.498379299999999636e-01,7.663418765999999716e-01,-2.068712354000000128e-02,-3.036267573000000011e-02
8.500784500000000410e-01,7.662864934999999988e-01,-2.108024980999999992e-02,-2.983152211000000137e-02
8.503183500000000006e-01,7.661191249000000036e-01,-2.172361446999999945e-02,-2.927108608999999875e-02
8.505578299999999592e-01,7.653980707999999966e-01,-2.235756318999999881e-02,-2.872620646000000055e-02
8.507968900000000279e-01,7.652820465999999877e-01,-2.291398144999999900e-02,-2.821662552000000004e-02
8.510357400000000405e-01,7.655231880999999738e-01,-2.349474311000000065e-02,-2.773408494000000057e-02
8.512745999999999924e-01,7.656970714999999927e-01,-2.413804188999999975e-02,-2.725348890999999829e-02
8.515138700000000060e-01,7.664404569999999639e-01,-2.454618444000000038e-02,-2.683023810000000065e-02
8.517541899999999666e-01,7.665652939999999527e-01,-2.468976990999999926e-02,-2.641695907999999995e-02
8.519957799999999803e-01,7.660074456000000032e-01,-2.469174798999999865e-02,-2.597120681999999861e-02
8.522388899999999712e-01,7.650884458000000166e-01,-2.460524219999999859e-02,-2.551202171999999990e-02
8.524837400000000454e-01,7.642494310999999874e-01,-2.411725757999999900e-02,-2.511674566999999927e-02
8.527305800000000158e-01,7.638214434000000219e-01,-2.363753411000000040e-02,-2.481125832000000142e-02
8.529794499999999724e-01,7.634625068999999487e-01,-2.326266224999999979e-02,-2.448446698000000116e-02
8.532306299999999899e-01,7.630134466000000337e-01,-2.283092588999999922e-02,-2.416581120999999888e-02
8.534843800000000424e-01,7.624481371000000340e-01,-2.242310437999999947e-02,-2.385089816000000168e-02
8.537407700000000377e-01,7.620164637999999879e-01,-2.212416545000000026e-02,-2.358587335999999882e-02
8.539998500000000048e-01,7.615971861000000454e-01,-2.193967327999999870e-02,-2.332139483000000152e-02
8.542599300000000007e-01,7.618671062999999855e-01,-2.179471598000000052e-02,-2.311420588999999956e-02
8.545192600000000027e-01,7.621276677999999638e-01,-2.145818387999999868e-02,-2.292163029999999893e-02
8.547778400000000110e-01,7.623409625000000522e-01,-2.127252178000000118e-02,-2.275420863999999890e-02
8.550356900000000149e-01,7.624450455000000293e-01,-2.106275483999999962e-02,-2.258656985999999908e-02
8.552930399999999489e-01,7.624852295999999807e-01,-2.088907337000000045e-02,-2.245096611000000145e-02
8.555501500000000092e-01,7.624762840000000041e-01,-2.079227498000000077e-02,-2.234526624000000156e-02
8.558072599999999586e-01,7.619636600000000426e-01,-2.060499980999999994e-02,-2.223894390999999957e-02
8.560646200000000539e-01,7.607957985000000090e-01,-2.058396586000000097e-02,-2.211166658000000146e-02
8.563222200000000228e-01,7.593931526999999626e-01,-2.061189214000000089e-02,-2.195364710999999844e-02
8.565803100000000114e-01,7.584775583999999737e-01,-2.077346924999999914e-02,-2.180608200999999829e-02
8.568389100000000091e-01,7.575046657999999766e-01,-2.112638162999999972e-02,-2.161861844000000088e-02
8.570980000000000265e-01,7.565057472999999755e-01,-2.174710356000000150e-02,-2.137987121999999907e-02
8.573578400000000377e-01,7.556582332000000291e-01,-2.223608189999999943e-02,-2.118218399999999974e-02
8.576184500000000321e-01,7.545329044999999901e-01,-2.241355607000000000e-02,-2.105767186999999915e-02
8.578798199999999596e-01,7.535864399999999685e-01,-2.275904722999999921e-02,-2.097694266999999835e-02
8.581422199999999556e-01,7.528034209999999726e-01,-2.295662956000000046e-02,-2.092424266999999907e-02
8.584056500000000201e-01,7.517888813999999975e-01,-2.331660178999999875e-02,-2.081939878000000146e-02
8.586703900000000056e-01,7.503379923999999868e-01,-2.370740586999999996e-02,-2.075373843000000162e-02
8.589364600000000127e-01,7.496862812000000265e-01,-2.383561555999999873e-02,-2.082576938999999849e-02
8.592038600000000415e-01,7.496291461999999850e-01,-2.372621340999999870e-02,-2.097664553000000084e-02
8.594728799999999946e-01,7.496976616999999621e-01,-2.363386110000000040e-02,-2.117706088000000098e-02
8.597435500000000230e-01,7.493734341000000132e-01,-2.344774641999999854e-02,-2.138360440999999973e-02
8.600161699999999687e-01,7.498196655000000099e-01,-2.325805791000000108e-02,-2.162623337999999840e-02
8.602904799999999685e-01,7.503644699000000529e-01,-2.293139988000000157e-02,-2.191706536999999885e-02
8.605665000000000120e-01,7.515243482000000252e-01,-2.284380412999999915e-02,-2.217726114000000137e-02
8.608442699999999670e-01,7.526557420999999692e-01,-2.304339769999999912e-02,-2.238510533999999927e-02
8.611237999999999948e-01,7.534052339000000265e-01,-2.360699854000000014e-02,-2.252057399000000071e-02
8.614051200000000241e-01,7.545728842000000158e-01,-2.444275841999999851e-02,-2.258425252000000050e-02
8.616879499999999803e-01,7.553392735999999719e-01,-2.528112592000000131e-02,-2.251310047999999925e-02
8.619723000000000246e-01,7.565379448000000284e-01,-2.634030541000000059e-02,-2.241399600999999936e-02
8.622581999999999747e-01,7.577860617999999659e-01,-2.724134359000000144e-02,-2.228974993999999904e-02
8.625453499999999885e-01,7.591368964000000386e-01,-2.798182508999999887e-02,-2.216428495000000165e-02
8.628340799999999478e-01,7.601492836000000031e-01,-2.910864780000000165e-02,-2.193136890000000130e-02
8.631240799999999602e-01,7.605549759999999937e-01,-3.033274517000000142e-02,-2.164396261999999849e-02
8.634153799999999546e-01,7.616789315999999976e-01,-3.152063455000000264e-02,-2.143835054000000143e-02
8.637079800000000418e-01,7.626740252999999470e-01,-3.247305253999999836e-02,-2.128435815999999911e-02
8.640018999999999894e-01,7.625898090999999601e-01,-3.326313999000000271e-02,-2.107914726000000016e-02
8.642971499999999585e-01,7.626541853999999621e-01,-3.389291173999999657e-02,-2.090747063000000100e-02
8.645937399999999995e-01,7.625452656000000218e-01,-3.432129419999999792e-02,-2.078401012999999894e-02
8.648913400000000085e-01,7.629845613000000304e-01,-3.483190615000000129e-02,-2.068824211999999857e-02
8.651896300000000428e-01,7.630180276000000372e-01,-3.529844795999999979e-02,-2.059398021999999870e-02
8.654879199999999662e-01,7.636313561999999999e-01,-3.544203355000000166e-02,-2.057808985999999909e-02
8.657862100000000005e-01,7.641423521000000330e-01,-3.540463008999999994e-02,-2.062670273999999901e-02
8.660845000000000349e-01,7.644385880999999827e-01,-3.513969062999999782e-02,-2.074550883999999942e-02
8.663827899999999582e-01,7.650513183999999578e-01,-3.489974953999999685e-02,-2.090533171999999981e-02
8.666810799999999926e-01,7.655317000000000371e-01,-3.466281613000000289e-02,-2.106282616999999996e-02
8.669793700000000269e-01,7.662770513000000117e-01,-3.423559712000000255e-02,-2.121098022000000166e-02
8.672776599999999503e-01,7.669862423000000096e-01,-3.405155703999999950e-02,-2.130189220999999938e-02
8.675759499999999846e-01,7.675321890999999841e-01,-3.400506870000000181e-02,-2.138294336000000004e-02
8.678742400000000190e-01,7.687971866999999682e-01,-3.390188583999999977e-02,-2.151178393000000022e-02
8.681732199999999677e-01,7.685460415999999517e-01,-3.372326494999999813e-02,-2.156191464999999974e-02
8.684732600000000247e-01,7.679023165999999678e-01,-3.361987526000000115e-02,-2.151332209999999925e-02
8.687743399999999783e-01,7.664870880999999914e-01,-3.391015941000000145e-02,-2.135980546999999979e-02
8.690768500000000119e-01,7.650132519000000242e-01,-3.484386225000000309e-02,-2.105132885999999939e-02
8.693807999999999536e-01,7.642689078000000080e-01,-3.565808682999999785e-02,-2.083327701999999892e-02
8.696858299999999931e-01,7.634182470999999470e-01,-3.645103932000000324e-02,-2.059339648000000147e-02
8.699904999999999999e-01,7.630503410000000208e-01,-3.754119146999999879e-02,-2.031438703999999956e-02
8.702944500000000527e-01,7.623855239000000283e-01,-3.877885404999999869e-02,-1.998795562000000095e-02
8.705980300000000227e-01,7.612285529000000217e-01,-4.031056960999999939e-02,-1.954401438999999949e-02
8.709008900000000386e-01,7.599072778000000028e-01,-4.183916364000000304e-02,-1.912762055999999919e-02
8.712033900000000219e-01,7.592533491999999828e-01,-4.334053924999999724e-02,-1.874399138999999909e-02
8.715051700000000512e-01,7.579817880000000452e-01,-4.463393630000000306e-02,-1.832188007999999840e-02
8.718062300000000153e-01,7.572892890000000321e-01,-4.588228549000000073e-02,-1.801627842000000021e-02
8.721065799999999646e-01,7.564318594000000173e-01,-4.695157349000000230e-02,-1.778722429000000049e-02
8.724065699999999923e-01,7.568038519999999991e-01,-4.814362323000000166e-02,-1.762169056000000011e-02
8.727058500000000052e-01,7.566124856000000509e-01,-4.969105580000000161e-02,-1.736917421000000114e-02
8.730047800000000358e-01,7.571666916000000525e-01,-5.131610326000000250e-02,-1.711618838999999850e-02
8.733030000000000515e-01,7.576241579000000392e-01,-5.270555452000000307e-02,-1.685643738999999947e-02
8.736005100000000523e-01,7.576831970999999832e-01,-5.402426427999999781e-02,-1.657675511000000074e-02
8.738973300000000277e-01,7.579206203999999669e-01,-5.534291558999999971e-02,-1.631857495000000116e-02
8.741934399999999883e-01,7.579695597000000173e-01,-5.618907387000000170e-02,-1.610882103000000135e-02
8.744888499999999842e-01,7.579069339999999766e-01,-5.707394883999999946e-02,-1.588505414000000032e-02
8.747835699999999548e-01,7.582814544999999518e-01,-5.803173897999999720e-02,-1.564971865999999906e-02
8.750772500000000287e-01,7.596363641000000166e-01,-5.890871948999999719e-02,-1.547692621000000025e-02
8.753699000000000341e-01,7.615507354999999645e-01,-5.979613166000000146e-02,-1.534196214000000009e-02
8.756615300000000213e-01,7.619874187999999826e-01,-6.043256030000000029e-02,-1.514932847000000082e-02
8.759521300000000510e-01,7.625058936999999926e-01,-6.081407924999999992e-02,-1.497202933999999992e-02
8.762417200000000017e-01,7.631780291999999966e-01,-6.142275741000000067e-02,-1.478592393000000005e-02
8.765306400000000275e-01,7.636994413000000037e-01,-6.205603000999999896e-02,-1.458060310000000061e-02
8.768185499999999744e-01,7.642647523000000165e-01,-6.261231308999999634e-02,-1.440377688000000003e-02
8.771054700000000537e-01,7.647674684999999917e-01,-6.297408102000000285e-02,-1.425274875999999954e-02
8.773917199999999861e-01,7.642507418999999746e-01,-6.338794659999999470e-02,-1.402832415999999936e-02
8.776769800000000510e-01,7.629950097000000042e-01,-6.374517665999999971e-02,-1.376881278999999951e-02
8.779615899999999584e-01,7.616632937999999742e-01,-6.410317215999999929e-02,-1.353289279999999976e-02
8.782452099999999984e-01,7.597330496999999960e-01,-6.485134086999999603e-02,-1.322172255000000039e-02
8.785278699999999885e-01,7.576263389999999820e-01,-6.595858237000000457e-02,-1.287204487000000001e-02
8.788095500000000504e-01,7.550143971999999648e-01,-6.753371811000000169e-02,-1.237449221000000085e-02
8.790905900000000051e-01,7.528968712000000396e-01,-6.894398356000000505e-02,-1.195540093999999942e-02
8.793706700000000209e-01,7.505937455000000202e-01,-7.026562597999999604e-02,-1.152484842999999988e-02
8.796501100000000406e-01,7.474583929000000460e-01,-7.107512968000000153e-02,-1.113096600999999991e-02
8.799285999999999497e-01,7.445400520999999605e-01,-7.218574810000000230e-02,-1.067823772000000074e-02
8.802061399999999702e-01,7.411740700000000182e-01,-7.304657535000000368e-02,-1.023580238999999975e-02
8.804830599999999841e-01,7.381185095000000196e-01,-7.373286328000000500e-02,-9.843103423000000227e-03
8.807590400000000486e-01,7.355201806000000175e-01,-7.421469979000000494e-02,-9.535918722999999278e-03
8.810343899999999451e-01,7.327710194000000010e-01,-7.409588954000000116e-02,-9.345775183999999874e-03
8.813088199999999928e-01,7.299271084999999770e-01,-7.334677038999999621e-02,-9.259013898999999409e-03
8.815826300000000337e-01,7.280182775000000328e-01,-7.234743137000000657e-02,-9.317554925000000668e-03
8.818558300000000072e-01,7.264419910999999619e-01,-7.099890942000000593e-02,-9.334717161000000846e-03
8.821281100000000208e-01,7.254576517999999918e-01,-6.941834793999999975e-02,-9.416903133000000675e-03
8.823997700000000277e-01,7.258704353999999581e-01,-6.719998204999999558e-02,-9.757008786000000503e-03
8.826708399999999566e-01,7.269808564999999945e-01,-6.457006058000000492e-02,-1.017926767999999954e-02
8.829415900000000539e-01,7.296591009999999766e-01,-6.166129397000000290e-02,-1.078706054999999976e-02
8.832117499999999621e-01,7.339380722999999662e-01,-5.845927777999999908e-02,-1.158002208999999935e-02
8.834813000000000249e-01,7.379586209999999813e-01,-5.480964230999999659e-02,-1.249636183999999935e-02
8.837505500000000236e-01,7.422547391999999578e-01,-5.074099264999999692e-02,-1.351261764000000025e-02
8.840194999999999581e-01,7.471693409999999869e-01,-4.673871115000000076e-02,-1.461502955000000027e-02
8.842884600000000539e-01,7.522993255000000046e-01,-4.285828492000000323e-02,-1.578365630000000061e-02
8.845574099999999884e-01,7.566441109999999526e-01,-3.946047292000000317e-02,-1.683683302000000062e-02
8.848263600000000340e-01,7.597833143000000122e-01,-3.652896630000000006e-02,-1.776849544000000045e-02
8.850956100000000326e-01,7.618947943999999639e-01,-3.417361422000000232e-02,-1.851266086999999935e-02
8.853651700000000346e-01,7.632716765999999486e-01,-3.230547755999999687e-02,-1.915407067999999949e-02
8.856350299999999898e-01,7.628673113999999700e-01,-3.077659862000000149e-02,-1.954699573999999981e-02
8.859054899999999622e-01,7.620228225999999827e-01,-2.932730644999999997e-02,-1.988633693000000160e-02
8.861765799999999915e-01,7.615023116000000369e-01,-2.752461319000000170e-02,-2.035178744999999872e-02
8.864482799999999774e-01,7.604769163000000276e-01,-2.577533419999999964e-02,-2.073277155999999830e-02
8.867202800000000273e-01,7.590748591000000545e-01,-2.435696409999999965e-02,-2.109453696000000017e-02
8.869929199999999625e-01,7.570397473000000099e-01,-2.281265996999999948e-02,-2.142972854999999899e-02
8.872661699999999652e-01,7.555881160999999846e-01,-2.166346107000000076e-02,-2.169854699000000123e-02
8.875403800000000176e-01,7.545356102000000398e-01,-2.070857896000000142e-02,-2.194620565999999898e-02
8.878152099999999658e-01,7.535737203000000273e-01,-1.978695200000000001e-02,-2.224066619000000106e-02
8.880910100000000140e-01,7.523731320000000000e-01,-1.923750823999999943e-02,-2.242782190999999953e-02
8.883674499999999474e-01,7.517229253999999639e-01,-1.820236646999999833e-02,-2.281821512999999968e-02
8.886448599999999809e-01,7.509698488999999588e-01,-1.742741845999999997e-02,-2.315398907999999950e-02
8.889232500000000536e-01,7.504948142999999794e-01,-1.722735225999999856e-02,-2.345633130000000094e-02
8.892026400000000441e-01,7.503027200999999868e-01,-1.717873862000000168e-02,-2.376011056999999954e-02
8.894833500000000059e-01,7.504197259999999536e-01,-1.713629791000000069e-02,-2.413433046999999970e-02
8.897650599999999965e-01,7.508729160999999541e-01,-1.733345252000000059e-02,-2.445175696999999856e-02
8.900481399999999876e-01,7.506168104999999535e-01,-1.754806995999999911e-02,-2.472202801000000089e-02
8.903325800000000401e-01,7.494898996000000091e-01,-1.792172490999999895e-02,-2.490795250000000030e-02
8.906184200000000217e-01,7.483042939999999810e-01,-1.842276606000000164e-02,-2.506734031999999918e-02
8.909056499999999934e-01,7.479230427999999931e-01,-1.926798303999999878e-02,-2.525414336999999912e-02
8.911942999999999948e-01,7.467172631999999810e-01,-1.978830519000000093e-02,-2.537796628000000068e-02
8.914843799999999652e-01,7.454246207000000402e-01,-2.018663878999999925e-02,-2.543706072000000151e-02
8.917759100000000050e-01,7.442363197000000374e-01,-2.039484608000000088e-02,-2.552740800999999879e-02
8.920689000000000535e-01,7.431278912000000014e-01,-2.040862498000000150e-02,-2.559580976000000105e-02
8.923637500000000111e-01,7.420586194999999607e-01,-1.992814223999999843e-02,-2.572584077999999844e-02
8.926601100000000066e-01,7.408938898000000384e-01,-1.938804595999999922e-02,-2.581957316000000127e-02
8.929579800000000400e-01,7.400714491000000006e-01,-1.856366967999999867e-02,-2.595031487999999859e-02
8.932569999999999677e-01,7.391919367000000518e-01,-1.737168650000000050e-02,-2.608290492000000030e-02
8.935575700000000232e-01,7.387845264000000300e-01,-1.547432590000000045e-02,-2.630667319000000101e-02
8.938593200000000127e-01,7.390638004999999788e-01,-1.338075413999999935e-02,-2.655694465000000073e-02
8.941618700000000253e-01,7.396255724000000420e-01,-1.083403873999999947e-02,-2.681897546999999910e-02
8.944655999999999718e-01,7.406919560000000402e-01,-8.403464492999999577e-03,-2.711273755999999910e-02
8.947697300000000409e-01,7.415092116999999483e-01,-6.184125099999999986e-03,-2.737118395999999995e-02
8.950730700000000262e-01,7.422216952000000312e-01,-4.039506083999999664e-03,-2.762794940000000074e-02
8.953756000000000492e-01,7.431604331000000174e-01,-2.104729498999999802e-03,-2.791583229000000124e-02
8.956769500000000273e-01,7.435119699000000137e-01,-2.588780750999999871e-04,-2.815825303000000016e-02
8.959771100000000210e-01,7.438095135000000191e-01,1.343953298000000055e-03,-2.843381320000000143e-02
8.962760899999999697e-01,7.438605182999999954e-01,2.594509276999999812e-03,-2.866606978999999833e-02
8.965739099999999739e-01,7.434382277000000094e-01,3.479736356000000079e-03,-2.885114009999999868e-02
8.968705700000000336e-01,7.432285892000000116e-01,4.056981385000000065e-03,-2.899715330999999910e-02
8.971660700000000377e-01,7.427027385000000148e-01,4.106807736000000174e-03,-2.909734719999999830e-02
8.974604299999999757e-01,7.419029348000000246e-01,3.976128851000000283e-03,-2.916918999000000026e-02
8.977536499999999586e-01,7.403465499000000394e-01,3.362815590000000146e-03,-2.912315650000000047e-02
8.980457400000000368e-01,7.393883768000000245e-01,2.745390423999999937e-03,-2.912141567000000111e-02
8.983367100000000383e-01,7.387246195000000126e-01,1.703497828999999937e-03,-2.904836615000000108e-02
8.986265599999999631e-01,7.380686756000000015e-01,6.190585141000000055e-04,-2.897945416000000107e-02
8.989152999999999727e-01,7.374040447999999914e-01,-6.911710733000000486e-04,-2.889233743999999882e-02
8.992025799999999736e-01,7.366152660000000463e-01,-1.803705776999999996e-03,-2.882087137000000077e-02
8.994887599999999983e-01,7.349994888999999976e-01,-3.267103585000000199e-03,-2.864818803000000053e-02
8.997735000000000039e-01,7.335410498000000112e-01,-4.729789217999999865e-03,-2.846294400000000044e-02
9.000571600000000227e-01,7.321278627999999733e-01,-6.445094008999999700e-03,-2.824809284999999989e-02
9.003393899999999617e-01,7.309201396000000184e-01,-8.243319039000000098e-03,-2.806273789000000157e-02
9.006205699999999537e-01,7.299339496000000205e-01,-1.009644158999999965e-02,-2.789170938000000086e-02
9.009003500000000164e-01,7.293434603999999766e-01,-1.223532542999999917e-02,-2.765048897999999866e-02
9.011790800000000212e-01,7.291042756000000180e-01,-1.437299310999999927e-02,-2.748227462000000024e-02
9.014564299999999752e-01,7.292310284999999892e-01,-1.649056889000000137e-02,-2.730390892000000153e-02
9.017327499999999718e-01,7.298876709999999601e-01,-1.889742506000000044e-02,-2.708840238999999858e-02
9.020080499999999502e-01,7.301053535999999511e-01,-2.147522154999999960e-02,-2.678583162999999961e-02
9.022823300000000213e-01,7.301840603999999457e-01,-2.365761263999999892e-02,-2.655625414999999989e-02
9.025556000000000134e-01,7.304791457000000543e-01,-2.554244489000000173e-02,-2.637927684000000023e-02
9.028278699999999768e-01,7.311937829000000333e-01,-2.732639103000000097e-02,-2.621284274999999969e-02
9.030988100000000296e-01,7.321886990000000539e-01,-2.871172870000000127e-02,-2.614989649000000124e-02
9.033687700000000431e-01,7.333686976000000080e-01,-2.979548431999999927e-02,-2.616109995999999979e-02
9.036377399999999671e-01,7.344493368000000189e-01,-3.044651212999999884e-02,-2.616823775000000005e-02
9.039057299999999628e-01,7.352691995000000258e-01,-3.093580505000000092e-02,-2.616122519999999896e-02
9.041724300000000270e-01,7.368566871999999712e-01,-3.146260390999999768e-02,-2.613976213000000076e-02
9.044381700000000412e-01,7.386328695999999638e-01,-3.165207364000000023e-02,-2.615397130999999945e-02
9.047026299999999521e-01,7.406761252000000351e-01,-3.155989176000000007e-02,-2.617890444000000108e-02
9.049661399999999745e-01,7.430387026000000450e-01,-3.150722887000000083e-02,-2.625401662000000080e-02
9.052287100000000475e-01,7.446530743999999480e-01,-3.145794354999999903e-02,-2.625314860999999889e-02
9.054903399999999491e-01,7.465149857999999750e-01,-3.108051729000000166e-02,-2.627623269000000164e-02
9.057510500000000020e-01,7.481181735999999916e-01,-3.026149136000000003e-02,-2.631378728000000056e-02
9.060114400000000012e-01,7.494231541000000441e-01,-2.944522347000000026e-02,-2.632333732000000093e-02
9.062715199999999971e-01,7.513607060000000448e-01,-2.871096219000000144e-02,-2.635513772000000129e-02
9.065315999999999930e-01,7.526472710999999594e-01,-2.808522951000000031e-02,-2.626673205000000164e-02
9.067919899999999922e-01,7.536453065999999534e-01,-2.731257453000000140e-02,-2.616971963999999845e-02
9.070529999999999982e-01,7.539541436000000152e-01,-2.647215450999999831e-02,-2.603937095999999882e-02
9.073146500000000003e-01,7.538203406000000273e-01,-2.558994846999999850e-02,-2.581656706000000009e-02
9.075769200000000092e-01,7.533602352999999585e-01,-2.482616602999999922e-02,-2.556562181999999864e-02
9.078401400000000177e-01,7.524880741999999678e-01,-2.423223894999999850e-02,-2.528650564999999906e-02
9.081043300000000151e-01,7.517508153999999942e-01,-2.380077422999999845e-02,-2.506265137999999851e-02
9.083698000000000050e-01,7.504961901000000157e-01,-2.341088860999999965e-02,-2.482423070999999898e-02
9.086365899999999662e-01,7.489352605000000329e-01,-2.309712003999999860e-02,-2.452811109999999961e-02
9.089050300000000027e-01,7.475858838000000173e-01,-2.300826124999999847e-02,-2.425852490999999903e-02
9.091748099999999999e-01,7.457700468000000305e-01,-2.323640294999999856e-02,-2.398148375000000096e-02
9.094459499999999474e-01,7.437058503000000265e-01,-2.320634170000000079e-02,-2.382253964999999848e-02
9.097184600000000065e-01,7.423642968000000453e-01,-2.313367368000000118e-02,-2.376506909000000028e-02
9.099923500000000054e-01,7.412022600000000017e-01,-2.280498875999999869e-02,-2.376768125999999953e-02
9.102676499999999837e-01,7.395932356000000096e-01,-2.269413384999999922e-02,-2.372699389999999992e-02
9.105436599999999769e-01,7.383847635000000409e-01,-2.259002945000000012e-02,-2.374109489999999892e-02
9.108207299999999673e-01,7.380615531999999979e-01,-2.248749314999999929e-02,-2.387603019000000132e-02
9.110981700000000405e-01,7.377034761999999857e-01,-2.237431816000000004e-02,-2.398210733999999941e-02
9.113759599999999850e-01,7.366362309999999747e-01,-2.228128019999999973e-02,-2.406933028999999960e-02
9.116533900000000079e-01,7.356633517999999761e-01,-2.241534256999999988e-02,-2.409175955999999855e-02
9.119301100000000160e-01,7.351790486000000513e-01,-2.251155359000000036e-02,-2.422860053000000166e-02
9.122061099999999589e-01,7.348111010000000221e-01,-2.280631119999999845e-02,-2.437016926999999861e-02
9.124813899999999478e-01,7.348257033999999743e-01,-2.307923949000000030e-02,-2.459187842999999846e-02
9.127563199999999544e-01,7.351995782000000368e-01,-2.359756569999999984e-02,-2.474520054000000149e-02
9.130305300000000068e-01,7.356490290999999626e-01,-2.405769698999999859e-02,-2.486967094000000142e-02
9.133044000000000162e-01,7.361420933000000222e-01,-2.454320798999999956e-02,-2.500036505000000076e-02
9.135782599999999753e-01,7.370216544000000036e-01,-2.504954188999999887e-02,-2.500997169000000048e-02
9.138521200000000455e-01,7.376405938000000218e-01,-2.520500855000000137e-02,-2.496050165999999862e-02
9.141259800000000046e-01,7.380184211000000438e-01,-2.552526001999999919e-02,-2.483222171000000131e-02
9.144001999999999963e-01,7.390547766999999713e-01,-2.556288401999999918e-02,-2.474801259000000003e-02
9.146744199999999880e-01,7.401004143999999618e-01,-2.532452515999999987e-02,-2.468709047999999989e-02
9.149490000000000123e-01,7.412536533000000372e-01,-2.506378495000000095e-02,-2.468843240000000161e-02
9.152239300000000188e-01,7.415107294999999654e-01,-2.469486758000000171e-02,-2.465789573000000054e-02
9.154995900000000297e-01,7.414806502999999882e-01,-2.412224703999999928e-02,-2.461084452000000117e-02
9.157759800000000450e-01,7.421889580999999625e-01,-2.360958759999999892e-02,-2.452293275000000036e-02
9.160530900000000143e-01,7.426941914000000367e-01,-2.274618064999999953e-02,-2.447433075999999944e-02
9.163309499999999774e-01,7.427997865000000033e-01,-2.163862123999999929e-02,-2.447856965000000037e-02
9.166095499999999952e-01,7.427583691000000377e-01,-2.048116171999999832e-02,-2.450039732999999970e-02
9.168888899999999564e-01,7.419138390999999721e-01,-1.944755369000000095e-02,-2.442246065999999910e-02
9.171686100000000508e-01,7.416276169000000085e-01,-1.842938113999999933e-02,-2.446159276000000118e-02
9.174490800000000279e-01,7.409230141999999519e-01,-1.711511771999999973e-02,-2.450784283000000119e-02
9.177303199999999883e-01,7.408803126999999877e-01,-1.624383869000000161e-02,-2.461164794999999919e-02
9.180123199999999928e-01,7.402853627000000047e-01,-1.539012631000000013e-02,-2.468613732999999991e-02
9.182950899999999805e-01,7.390466354000000404e-01,-1.459458190000000044e-02,-2.474610044999999911e-02
9.185782399999999903e-01,7.374606543999999708e-01,-1.343898773999999997e-02,-2.482911896000000035e-02
9.188621799999999729e-01,7.372029928000000121e-01,-1.252851663999999914e-02,-2.495446897999999830e-02
9.191468999999999889e-01,7.383274036000000429e-01,-1.212316312000000056e-02,-2.510347423999999966e-02
9.194320200000000165e-01,7.393106776000000213e-01,-1.197569926999999916e-02,-2.523050640000000164e-02
9.197179199999999666e-01,7.404331413000000417e-01,-1.177962175000000014e-02,-2.533006528999999854e-02
9.200042299999999784e-01,7.403719831999999723e-01,-1.139274005000000083e-02,-2.537411075000000141e-02
9.202913400000000133e-01,7.403557796999999940e-01,-1.123705472999999948e-02,-2.543896738000000005e-02
9.205788499999999486e-01,7.399674667000000206e-01,-1.110804118000000007e-02,-2.555140988000000057e-02
9.208667699999999456e-01,7.401061635000000249e-01,-1.123415567999999989e-02,-2.561328209000000161e-02
9.211550899999999542e-01,7.406222399999999872e-01,-1.154191861000000013e-02,-2.573924286000000075e-02
9.214434200000000130e-01,7.410588201000000153e-01,-1.202905615000000004e-02,-2.576348242000000080e-02
9.217317400000000216e-01,7.416756906999999455e-01,-1.276245619999999935e-02,-2.577402578999999846e-02
9.220196600000000187e-01,7.422626252999999785e-01,-1.350368138000000023e-02,-2.571364708999999971e-02
9.223071600000000148e-01,7.430146514000000035e-01,-1.447411720000000082e-02,-2.569312933999999896e-02
9.225942599999999993e-01,7.432638683000000190e-01,-1.561154359000000054e-02,-2.556186367000000056e-02
9.228809599999999724e-01,7.434264126999999833e-01,-1.659857543999999907e-02,-2.548944821999999874e-02
9.231672499999999948e-01,7.428817005000000195e-01,-1.773865093999999962e-02,-2.533157394000000104e-02
9.234531299999999554e-01,7.423384083999999827e-01,-1.912640472000000022e-02,-2.514953057999999922e-02
9.237385999999999653e-01,7.418812273999999540e-01,-2.029692409999999878e-02,-2.509411099000000145e-02
9.240240800000000254e-01,7.412415096000000148e-01,-2.121864492999999893e-02,-2.511843089999999876e-02
9.243091500000000238e-01,7.409143583999999727e-01,-2.182214282000000116e-02,-2.515332621000000018e-02
9.245938200000000107e-01,7.400542383999999529e-01,-2.230772581999999893e-02,-2.523913905000000138e-02
9.248784899999999976e-01,7.384338802000000035e-01,-2.247262616999999921e-02,-2.529292970999999848e-02
9.251631599999999844e-01,7.368482791999999559e-01,-2.232601273000000067e-02,-2.532412996000000041e-02
9.254478299999999713e-01,7.365168122999999900e-01,-2.161736154000000118e-02,-2.557445448000000149e-02
9.257328999999999697e-01,7.358949405000000388e-01,-2.060962989999999898e-02,-2.574810275000000148e-02
9.260183800000000298e-01,7.361427006999999856e-01,-1.924422983000000087e-02,-2.604671617000000119e-02
9.263042799999999799e-01,7.366652694999999973e-01,-1.810962677000000146e-02,-2.633551961000000011e-02
9.265909900000000032e-01,7.363964829000000378e-01,-1.708460842000000118e-02,-2.651442345999999867e-02
9.268781299999999668e-01,7.363729297000000118e-01,-1.613745935999999839e-02,-2.670203427000000101e-02
9.271660999999999930e-01,7.361052100999999626e-01,-1.525396025999999940e-02,-2.681714329000000133e-02
9.274548999999999710e-01,7.356679841000000053e-01,-1.498197949000000008e-02,-2.678033105000000164e-02
9.277445600000000514e-01,7.355363423999999872e-01,-1.493758467000000020e-02,-2.662218449999999986e-02
9.280350699999999620e-01,7.350967708000000211e-01,-1.500617213999999935e-02,-2.637672234999999948e-02
9.283268700000000262e-01,7.340250915999999570e-01,-1.516435221999999985e-02,-2.606022120000000067e-02
9.286195400000000211e-01,7.339129028999999971e-01,-1.530987454000000067e-02,-2.583123078999999961e-02
9.289135200000000481e-01,7.344049225000000014e-01,-1.572624910999999986e-02,-2.560943098000000029e-02
9.292088299999999856e-01,7.349333980000000155e-01,-1.640658047000000119e-02,-2.541006109999999901e-02
9.295050299999999543e-01,7.350477898999999704e-01,-1.700560787999999893e-02,-2.519766576999999882e-02
9.298025899999999844e-01,7.340884130999999480e-01,-1.771702309999999975e-02,-2.493557006999999950e-02
9.301010600000000350e-01,7.334467344999999749e-01,-1.843412045000000082e-02,-2.467868185999999922e-02
9.304004399999999952e-01,7.333793311999999842e-01,-1.920406216000000027e-02,-2.455207006000000025e-02
9.307012099999999455e-01,7.336214453999999607e-01,-1.996462586000000150e-02,-2.439483746999999980e-02
9.310029199999999561e-01,7.339082215000000131e-01,-2.083904124000000163e-02,-2.422259586000000131e-02
9.313055700000000270e-01,7.347084857000000246e-01,-2.177929324000000069e-02,-2.401531368000000069e-02
9.316096400000000166e-01,7.356634324999999919e-01,-2.273463443999999833e-02,-2.382039005000000098e-02
9.319146699999999450e-01,7.374455384000000446e-01,-2.376178237000000151e-02,-2.362764128000000019e-02
9.322201900000000041e-01,7.385341243999999916e-01,-2.516951946999999856e-02,-2.335708515999999901e-02
9.325261900000000326e-01,7.395022181999999500e-01,-2.671895746999999877e-02,-2.299099052000000074e-02
9.328326700000000304e-01,7.403620948000000368e-01,-2.830949578999999994e-02,-2.261754466999999977e-02
9.331396499999999872e-01,7.410320975999999948e-01,-2.990057854000000015e-02,-2.217566362000000096e-02
9.334456500000000156e-01,7.416088848999999872e-01,-3.158114114999999861e-02,-2.172698814000000034e-02
9.337511600000000245e-01,7.423939044999999792e-01,-3.340866826999999706e-02,-2.129935489000000029e-02
9.340561800000000137e-01,7.426666014999999677e-01,-3.497134010999999876e-02,-2.083616523999999928e-02
9.343607200000000335e-01,7.420626886000000200e-01,-3.610313974999999898e-02,-2.038815273000000108e-02
9.346652500000000030e-01,7.409888354000000454e-01,-3.725322451000000201e-02,-1.998182361000000115e-02
9.349697900000000228e-01,7.388464176000000272e-01,-3.841003031000000262e-02,-1.949153618999999865e-02
9.352743199999999923e-01,7.366687250000000242e-01,-3.967402032000000300e-02,-1.898850519000000112e-02
9.355788600000000121e-01,7.341223611999999621e-01,-4.048184718000000237e-02,-1.851516317999999869e-02
9.358829100000000123e-01,7.313557581999999835e-01,-4.148901096000000288e-02,-1.801547023000000039e-02
9.361859799999999732e-01,7.287202296000000468e-01,-4.213060216000000247e-02,-1.758721299000000002e-02
9.364885600000000254e-01,7.257621938999999633e-01,-4.244959118000000281e-02,-1.723497715000000055e-02
9.367901800000000279e-01,7.225347697999999763e-01,-4.304422992999999698e-02,-1.680345667999999862e-02
9.370903600000000111e-01,7.199103650999999493e-01,-4.357117111000000098e-02,-1.652886071999999998e-02
9.373895799999999445e-01,7.180236185999999687e-01,-4.427346895999999948e-02,-1.625934827000000138e-02
9.376873700000000200e-01,7.166192514000000457e-01,-4.506376666999999808e-02,-1.602747469999999883e-02
9.379842200000000352e-01,7.150729099999999505e-01,-4.545548538000000055e-02,-1.578869611000000006e-02
9.382796599999999598e-01,7.137642047000000156e-01,-4.603214318999999943e-02,-1.552547982000000021e-02
9.385741800000000357e-01,7.132899285999999561e-01,-4.647098479000000282e-02,-1.537944569000000011e-02
9.388672999999999602e-01,7.137331467999999957e-01,-4.673098259999999837e-02,-1.533558328999999956e-02
9.391595000000000359e-01,7.147892775999999948e-01,-4.661442737000000280e-02,-1.537447251000000070e-02
9.394503300000000001e-01,7.159650077000000445e-01,-4.631773330999999772e-02,-1.549774054000000074e-02
9.397398000000000140e-01,7.168259997000000494e-01,-4.589094065000000333e-02,-1.567397259999999889e-02
9.400283699999999465e-01,7.181161167999999817e-01,-4.515497645000000199e-02,-1.591607113000000073e-02
9.403155899999999789e-01,7.194474035000000267e-01,-4.426833229999999758e-02,-1.620506525000000100e-02
9.406014799999999898e-01,7.207459775000000235e-01,-4.304555837000000051e-02,-1.657165874999999913e-02
9.408860500000000293e-01,7.218480916999999719e-01,-4.173842198000000253e-02,-1.695540997000000161e-02
9.411697300000000377e-01,7.226269157000000387e-01,-3.993342283000000242e-02,-1.735956171999999964e-02
9.414521200000000034e-01,7.236932261999999838e-01,-3.797998087999999994e-02,-1.774409339000000002e-02
9.417336299999999882e-01,7.253370636000000538e-01,-3.584413077999999697e-02,-1.821825642999999953e-02
9.420142799999999816e-01,7.262731156999999715e-01,-3.349896588000000203e-02,-1.859686038000000000e-02
9.422936499999999826e-01,7.271532755999999820e-01,-3.144980430000000188e-02,-1.891599968000000007e-02
9.425721700000000425e-01,7.277960940000000045e-01,-2.958174860999999989e-02,-1.913906270000000076e-02
9.428498299999999999e-01,7.277552815000000175e-01,-2.787320631999999979e-02,-1.930042272000000170e-02
9.431270800000000065e-01,7.274096231000000135e-01,-2.619946869000000164e-02,-1.945675113999999900e-02
9.434038999999999620e-01,7.275021779000000466e-01,-2.483579325999999907e-02,-1.962331096000000108e-02
9.436803099999999667e-01,7.283269750999999959e-01,-2.368015827999999864e-02,-1.975950761000000097e-02
9.439562900000000312e-01,7.290323735000000527e-01,-2.258490649000000072e-02,-1.992715236999999945e-02
9.442318499999999837e-01,7.291418942999999819e-01,-2.166468235999999964e-02,-2.001848645000000107e-02
9.445069900000000462e-01,7.294756112000000403e-01,-2.103565555000000073e-02,-2.006494434999999896e-02
9.447821299999999978e-01,7.297543947000000308e-01,-2.041726789000000014e-02,-2.006345766999999974e-02
9.450572699999999493e-01,7.305293413000000236e-01,-2.017975698000000137e-02,-2.008317624000000023e-02
9.453324100000000119e-01,7.307577428000000541e-01,-2.033167965000000008e-02,-1.997647753999999901e-02
9.456075600000000136e-01,7.302554321999999987e-01,-2.069824614999999854e-02,-1.975230510999999994e-02
9.458831199999999662e-01,7.288498522999999896e-01,-2.131717305999999978e-02,-1.946808720999999853e-02
9.461591099999999699e-01,7.267193719000000218e-01,-2.206833803999999968e-02,-1.911019278000000016e-02
9.464350999999999736e-01,7.250205087000000104e-01,-2.269331257999999962e-02,-1.880420501999999910e-02
9.467110899999999774e-01,7.232171991000000411e-01,-2.351699934000000061e-02,-1.854480320000000126e-02
9.469875100000000323e-01,7.211712328999999588e-01,-2.462372540999999831e-02,-1.822359595999999832e-02
9.472639200000000370e-01,7.195924934999999856e-01,-2.569679169000000166e-02,-1.793135615999999835e-02
9.475407700000000322e-01,7.180851407999999658e-01,-2.682087405999999952e-02,-1.764758141000000169e-02
9.478176200000000273e-01,7.168557543000000365e-01,-2.774661646999999898e-02,-1.744396389000000061e-02
9.480944599999999722e-01,7.156959377999999594e-01,-2.861335559000000028e-02,-1.727413071999999924e-02
9.483717499999999578e-01,7.147109937000000190e-01,-2.954198288000000130e-02,-1.720962216000000017e-02
9.486494600000000554e-01,7.138760013999999599e-01,-3.052805394000000089e-02,-1.712164492999999899e-02
9.489276199999999717e-01,7.129647877000000467e-01,-3.165586817999999775e-02,-1.709211784000000053e-02
9.492062100000000502e-01,7.121041819000000217e-01,-3.241885172000000259e-02,-1.721243922000000037e-02
9.494856999999999880e-01,7.111407350999999766e-01,-3.301103132000000190e-02,-1.739709128999999965e-02
9.497660700000000178e-01,7.102081904999999473e-01,-3.341719433999999767e-02,-1.759458170000000043e-02
9.500473400000000179e-01,7.093604224999999763e-01,-3.389130295000000043e-02,-1.779885428999999908e-02
9.503295299999999779e-01,7.092185027999999836e-01,-3.445855519999999755e-02,-1.805547002999999956e-02
9.506107999999999780e-01,7.088439738999999795e-01,-3.491197221000000295e-02,-1.825423657999999949e-02
9.508916200000000485e-01,7.087130914000000503e-01,-3.523614763999999983e-02,-1.847048723999999975e-02
9.511715400000000376e-01,7.089741417999999573e-01,-3.496350815000000278e-02,-1.874098478000000081e-02
9.514510000000000467e-01,7.100135024999999489e-01,-3.442886054000000168e-02,-1.910469701000000117e-02
9.517300199999999544e-01,7.112433525000000367e-01,-3.396812935000000089e-02,-1.943937360000000045e-02
9.520090399999999731e-01,7.126825490999999513e-01,-3.348684973999999787e-02,-1.984015402000000039e-02
9.522876099999999511e-01,7.145178653000000546e-01,-3.295541810000000155e-02,-2.027332949999999939e-02
9.525657299999999994e-01,7.164673906999999842e-01,-3.228700514999999910e-02,-2.073212106000000068e-02
9.528434000000000070e-01,7.184562893000000505e-01,-3.153774158000000050e-02,-2.115822897000000161e-02
9.531206199999999740e-01,7.201953682999999717e-01,-3.066962868999999897e-02,-2.161778324000000057e-02
9.533973999999999505e-01,7.220669277000000275e-01,-2.942875366000000104e-02,-2.207793547000000065e-02
9.536737299999999973e-01,7.235271513000000043e-01,-2.819662442000000005e-02,-2.250230300000000128e-02
9.539496200000000536e-01,7.246121366000000119e-01,-2.695027612999999905e-02,-2.287553280000000078e-02
9.542250700000000085e-01,7.253260938000000158e-01,-2.552206921000000142e-02,-2.323947063999999910e-02
9.545000700000000338e-01,7.260135731000000314e-01,-2.423579470000000041e-02,-2.359594641999999964e-02
9.547741800000000278e-01,7.267339884000000305e-01,-2.306928445000000147e-02,-2.392295160999999976e-02
9.550478599999999707e-01,7.265993810999999969e-01,-2.202595983000000049e-02,-2.419037669000000113e-02
9.553206499999999934e-01,7.263196669000000494e-01,-2.127567219000000079e-02,-2.442663705000000171e-02
9.555925699999999745e-01,7.257213279999999989e-01,-2.097725250999999888e-02,-2.455691268999999829e-02
9.558636299999999641e-01,7.256134454999999539e-01,-2.067161739000000081e-02,-2.470307004000000042e-02
9.561338099999999729e-01,7.259526048000000120e-01,-2.052393304000000099e-02,-2.490934101999999969e-02
9.564027099999999892e-01,7.266950622000000193e-01,-2.051119103000000055e-02,-2.508368591000000036e-02
9.566703199999999629e-01,7.272654591999999640e-01,-2.089459499999999845e-02,-2.516148873000000064e-02
9.569362500000000438e-01,7.281172851999999640e-01,-2.145176811000000169e-02,-2.522840798999999995e-02
9.572005000000000097e-01,7.290521582000000222e-01,-2.216753666000000067e-02,-2.529905727000000132e-02
9.574630899999999611e-01,7.294482651000000484e-01,-2.302664414000000007e-02,-2.534522384000000017e-02
9.577240500000000489e-01,7.299322669000000152e-01,-2.403650590999999864e-02,-2.533374321999999970e-02
9.579834000000000405e-01,7.308918145999999672e-01,-2.510252488000000101e-02,-2.538963445000000027e-02
9.582415399999999472e-01,7.325011629000000024e-01,-2.623437119000000123e-02,-2.546512798999999924e-02
9.584980899999999693e-01,7.343890448000000015e-01,-2.735048374000000060e-02,-2.554087636999999994e-02
9.587530699999999850e-01,7.363201848000000549e-01,-2.855763789999999844e-02,-2.565615715000000088e-02
9.590064900000000447e-01,7.380602500999999815e-01,-2.944390783000000109e-02,-2.578347398999999984e-02
9.592583799999999661e-01,7.393724336000000452e-01,-3.024775345000000129e-02,-2.584965436000000172e-02
9.595091199999999931e-01,7.411042115999999513e-01,-3.079012483999999869e-02,-2.596697556000000101e-02
9.597583600000000326e-01,7.425617166000000324e-01,-3.120542588999999922e-02,-2.606354132000000129e-02
9.600060999999999733e-01,7.437419115000000192e-01,-3.130241939000000251e-02,-2.623262820000000009e-02
9.602527199999999485e-01,7.451739142000000093e-01,-3.131194579999999755e-02,-2.639065713999999910e-02
9.604982499999999979e-01,7.475704382000000203e-01,-3.124633895000000078e-02,-2.662531854000000156e-02
9.607423200000000385e-01,7.498138078999999623e-01,-3.086269364999999834e-02,-2.689023052999999983e-02
9.609853000000000423e-01,7.512601103999999586e-01,-3.038099215999999839e-02,-2.713527750999999988e-02
9.612272099999999986e-01,7.528440383000000180e-01,-2.991267308000000041e-02,-2.741454930000000040e-02
9.614680500000000185e-01,7.540065539000000427e-01,-2.928020846999999927e-02,-2.768188266000000050e-02
9.617074899999999982e-01,7.552316266999999916e-01,-2.891655942000000146e-02,-2.787238649000000137e-02
9.619455199999999984e-01,7.563650684999999596e-01,-2.849533750999999962e-02,-2.802123462999999912e-02
9.621825200000000411e-01,7.573134405000000458e-01,-2.797722777000000161e-02,-2.818456546999999895e-02
9.624184900000000153e-01,7.579824459999999764e-01,-2.749996924000000162e-02,-2.829707275999999994e-02
9.626534300000000322e-01,7.591216548000000452e-01,-2.722322883000000138e-02,-2.835659228999999962e-02
9.628877000000000130e-01,7.596759281999999613e-01,-2.733513921999999874e-02,-2.827776723000000048e-02
9.631216299999999508e-01,7.592400767000000439e-01,-2.749518305000000010e-02,-2.807415963000000139e-02
9.633548800000000245e-01,7.585883879000000496e-01,-2.755138549000000006e-02,-2.779216819000000088e-02
9.635877999999999943e-01,7.574836621999999631e-01,-2.722833561000000124e-02,-2.755750658999999922e-02
9.638207199999999641e-01,7.562007817000000465e-01,-2.680808112000000049e-02,-2.731968623999999832e-02
9.640533000000000019e-01,7.551363482999999821e-01,-2.646048411999999891e-02,-2.706349563000000000e-02
9.642862199999999717e-01,7.538100957000000157e-01,-2.620811280999999979e-02,-2.673536166000000172e-02
9.645198099999999775e-01,7.524848450000000133e-01,-2.586589212999999832e-02,-2.646092023000000057e-02
9.647544300000000517e-01,7.514473868000000056e-01,-2.552635090000000134e-02,-2.615455864999999963e-02
9.649904299999999546e-01,7.505064903000000509e-01,-2.550246444000000071e-02,-2.582794517999999900e-02
9.652278399999999481e-01,7.497037534999999586e-01,-2.550550071000000016e-02,-2.551466408999999991e-02
9.654670199999999536e-01,7.490835861000000317e-01,-2.550433709999999979e-02,-2.519436910999999987e-02
9.657083699999999826e-01,7.483576986000000097e-01,-2.567911465999999851e-02,-2.491525728999999939e-02
9.659515600000000424e-01,7.472871662000000192e-01,-2.600557258000000052e-02,-2.463848831999999878e-02
9.661970100000000228e-01,7.456174046000000333e-01,-2.626501628999999838e-02,-2.430187518000000158e-02
9.664447499999999636e-01,7.438214632999999854e-01,-2.679221764999999839e-02,-2.390750718999999982e-02
9.666948400000000552e-01,7.423145929000000143e-01,-2.733675560999999921e-02,-2.352272543999999951e-02
9.669477199999999550e-01,7.411090854999999866e-01,-2.788069363999999897e-02,-2.317602799000000047e-02
9.672038800000000158e-01,7.406365249999999900e-01,-2.840047325999999969e-02,-2.290382742000000166e-02
9.674629900000000227e-01,7.407913369999999942e-01,-2.891987355999999995e-02,-2.266512454000000135e-02
9.677255500000000454e-01,7.409443986000000537e-01,-2.976039977999999850e-02,-2.238550312000000056e-02
9.679912200000000411e-01,7.414666601999999607e-01,-3.062680418999999890e-02,-2.212677630000000131e-02
9.682605300000000081e-01,7.418546086999999734e-01,-3.165589721999999967e-02,-2.182520991000000063e-02
9.685316999999999954e-01,7.419684481999999637e-01,-3.255848563000000168e-02,-2.151280245000000008e-02
9.688019399999999726e-01,7.421352756000000328e-01,-3.388229778000000081e-02,-2.112924725000000017e-02
9.690707899999999597e-01,7.416930315999999968e-01,-3.529388756000000071e-02,-2.069914268999999835e-02
9.693387100000000478e-01,7.414530038000000101e-01,-3.658213100999999773e-02,-2.028074255000000131e-02
9.696052499999999741e-01,7.410540433000000204e-01,-3.786579007000000219e-02,-1.984183075000000088e-02
9.698708799999999908e-01,7.408403996000000324e-01,-3.904170037000000149e-02,-1.945066074000000034e-02
9.701356100000000371e-01,7.412444315999999755e-01,-3.981106554000000269e-02,-1.918320708000000041e-02
9.703994299999999518e-01,7.419896670000000194e-01,-4.039578677999999812e-02,-1.896760041000000035e-02
9.706623599999999463e-01,7.426920455000000088e-01,-4.051858994000000214e-02,-1.878564987000000061e-02
9.709243899999999705e-01,7.438880069000000095e-01,-4.018434717000000239e-02,-1.868969204000000064e-02
9.711855400000000138e-01,7.446854151999999782e-01,-3.964748508000000282e-02,-1.861995518999999891e-02
9.714462400000000164e-01,7.456478220000000157e-01,-3.905176981999999852e-02,-1.862647384000000114e-02
9.717065000000000285e-01,7.469826488999999903e-01,-3.805973537000000018e-02,-1.874325715999999864e-02
9.719667600000000407e-01,7.475805616999999792e-01,-3.666542485999999684e-02,-1.892511628000000112e-02
9.722270200000000528e-01,7.471776981000000095e-01,-3.508621975000000143e-02,-1.907838023000000063e-02
9.724872799999999540e-01,7.460640549999999482e-01,-3.321793644999999906e-02,-1.924373739000000139e-02
9.727479900000000068e-01,7.446106502999999543e-01,-3.125118829000000237e-02,-1.944492547999999987e-02
9.730091400000000501e-01,7.427860040999999525e-01,-2.931696572999999834e-02,-1.967612254000000033e-02
9.732707400000000231e-01,7.406352921000000089e-01,-2.743237219999999921e-02,-1.990404411000000137e-02
9.735332500000000167e-01,7.378816149000000379e-01,-2.567255671999999975e-02,-2.006931523999999981e-02
9.737962100000000509e-01,7.361175595000000182e-01,-2.400599914000000126e-02,-2.025040293999999866e-02
9.740596299999999541e-01,7.345132130000000537e-01,-2.223959531999999961e-02,-2.049429083000000110e-02
9.743239799999999784e-01,7.324195717999999466e-01,-2.070532542000000018e-02,-2.069367975999999998e-02
9.745887800000000434e-01,7.305662237000000170e-01,-1.936533443999999965e-02,-2.091506746999999972e-02
9.748545299999999969e-01,7.282679746000000343e-01,-1.789631481999999843e-02,-2.111422750999999987e-02
9.751212200000000108e-01,7.261783609999999944e-01,-1.646018973000000149e-02,-2.137818467999999875e-02
9.753888600000000242e-01,7.237507493000000514e-01,-1.508274148000000002e-02,-2.160331189000000082e-02
9.756579399999999458e-01,7.211597062000000280e-01,-1.389218948999999988e-02,-2.183655519999999975e-02
9.759284900000000373e-01,7.180406082000000412e-01,-1.280443493999999967e-02,-2.199330084000000046e-02
9.762005200000000160e-01,7.153593731999999816e-01,-1.174325441000000081e-02,-2.213747920000000077e-02
9.764740499999999823e-01,7.134033752999999756e-01,-1.076138480000000085e-02,-2.232639236999999985e-02
9.767495999999999956e-01,7.113207390000000352e-01,-9.823110552000000745e-03,-2.246227850999999928e-02
9.770267099999999649e-01,7.087036592000000024e-01,-9.017322329000000344e-03,-2.254278108000000100e-02
9.773053800000000013e-01,7.061724007999999886e-01,-8.110239999999999463e-03,-2.258108049999999964e-02
9.775856299999999832e-01,7.040533549999999918e-01,-7.373328900000000047e-03,-2.257107688999999973e-02
9.778675000000000006e-01,7.025619942999999923e-01,-6.766632457000000198e-03,-2.255373846000000015e-02
9.781509900000000535e-01,7.011141561999999494e-01,-6.427791167000000173e-03,-2.252632840000000011e-02
9.784355799999999714e-01,7.003234802000000148e-01,-6.394391573000000016e-03,-2.254728175999999931e-02
9.787218399999999541e-01,6.990779174000000262e-01,-6.446882269999999922e-03,-2.249991548000000036e-02
9.790092200000000133e-01,6.988778037999999748e-01,-6.646456900000000112e-03,-2.253205758000000059e-02
9.792983100000000052e-01,6.984679885000000255e-01,-7.136493756000000278e-03,-2.249042244999999857e-02
9.795885500000000023e-01,6.983135687000000535e-01,-7.833263482000000708e-03,-2.244396031000000027e-02
9.798805499999999613e-01,6.974706094999999495e-01,-8.527575487000000135e-03,-2.233460455000000136e-02
9.801743099999999931e-01,6.961652594999999666e-01,-9.500213538999999555e-03,-2.215618347000000016e-02
9.804692699999999483e-01,6.945240837999999695e-01,-1.052760512999999926e-02,-2.191036287999999915e-02
9.807660499999999448e-01,6.927145022999999791e-01,-1.169144178999999978e-02,-2.159181166999999887e-02
9.810616100000000284e-01,6.913266257000000303e-01,-1.301846054999999946e-02,-2.130128627000000066e-02
9.813559600000000271e-01,6.906762641000000480e-01,-1.434387554999999939e-02,-2.103954305999999885e-02
9.816485200000000244e-01,6.901682341000000553e-01,-1.558024958999999939e-02,-2.076028049999999875e-02
9.819398799999999872e-01,6.904400357000000099e-01,-1.688698254000000135e-02,-2.050620264999999942e-02
9.822294799999999881e-01,6.902256781000000174e-01,-1.811566585000000049e-02,-2.020902702999999995e-02
9.825179000000000551e-01,6.907289291999999525e-01,-1.918770868999999935e-02,-1.995066451000000046e-02
9.828057399999999832e-01,6.919055402999999549e-01,-2.014733556000000009e-02,-1.978877882999999921e-02
9.830924300000000171e-01,6.932596684999999814e-01,-2.133605464999999840e-02,-1.962142429999999896e-02
9.833785299999999729e-01,6.945449596999999642e-01,-2.210501574999999830e-02,-1.951720726999999975e-02
9.836634800000000345e-01,6.961792457000000045e-01,-2.268960059000000098e-02,-1.945335984000000004e-02
9.839478600000000075e-01,6.975475133999999855e-01,-2.306078237999999864e-02,-1.930571002999999924e-02
9.842316700000000029e-01,6.990208396000000546e-01,-2.365120549000000044e-02,-1.914457531999999920e-02
9.845149100000000209e-01,7.003255297999999573e-01,-2.461535004999999832e-02,-1.892659284999999997e-02
9.847975700000000110e-01,7.003663734999999724e-01,-2.602019516999999962e-02,-1.855348469000000014e-02
9.850802400000000514e-01,7.006439717000000345e-01,-2.744085110000000008e-02,-1.823708883000000128e-02
9.853623299999999530e-01,7.019289315000000196e-01,-2.880036958999999952e-02,-1.798380563999999945e-02
9.856438600000000383e-01,7.038820921999999758e-01,-3.036698117000000141e-02,-1.779913982000000047e-02
9.859253900000000126e-01,7.051527005000000070e-01,-3.183960888000000183e-02,-1.753161631000000123e-02
9.862069199999999869e-01,7.066078299000000396e-01,-3.353507298999999775e-02,-1.721494806999999960e-02
9.864884400000000220e-01,7.081551780000000518e-01,-3.476632023000000155e-02,-1.699134441999999856e-02
9.867699699999999963e-01,7.097337218999999475e-01,-3.632617752000000255e-02,-1.669710522000000114e-02
9.870514999999999706e-01,7.109411988999999599e-01,-3.783317794999999789e-02,-1.640893547000000022e-02
9.873336000000000334e-01,7.123379583000000181e-01,-3.936808245000000123e-02,-1.610914259000000015e-02
9.876162800000000130e-01,7.141108426000000176e-01,-4.088924895999999920e-02,-1.582776762999999962e-02
9.878995499999999597e-01,7.160984773999999886e-01,-4.204061350999999808e-02,-1.562862145000000133e-02
9.881834000000000451e-01,7.186474806000000548e-01,-4.309190348999999975e-02,-1.551896609999999996e-02
9.884678399999999865e-01,7.216915108000000467e-01,-4.384696292999999689e-02,-1.548582010999999953e-02
9.887499400000000493e-01,7.253805387999999743e-01,-4.450117548000000200e-02,-1.549468818999999963e-02
9.890302899999999786e-01,7.278648880000000432e-01,-4.533630881999999723e-02,-1.537859220999999998e-02
9.893094799999999633e-01,7.295867100999999799e-01,-4.604861435999999669e-02,-1.526561365000000080e-02
9.895869699999999547e-01,7.303768842000000205e-01,-4.639341051999999743e-02,-1.511248507999999983e-02
9.898627599999999527e-01,7.311510557000000521e-01,-4.699251337000000250e-02,-1.498178569000000078e-02
9.901374299999999851e-01,7.316741278999999709e-01,-4.777097998000000290e-02,-1.476361254999999928e-02
9.904104299999999528e-01,7.323251696000000477e-01,-4.853129157000000277e-02,-1.455898792999999955e-02
9.906823300000000554e-01,7.332315907999999993e-01,-4.967316873000000160e-02,-1.434012926000000077e-02
9.909531299999999598e-01,7.338688062999999540e-01,-5.074160839999999895e-02,-1.408313251999999960e-02
9.912223000000000006e-01,7.347060742000000033e-01,-5.222112532999999973e-02,-1.379317841999999975e-02
9.914903900000000547e-01,7.356973235000000555e-01,-5.390377330999999994e-02,-1.350362557999999942e-02
9.917574099999999504e-01,7.370210168999999922e-01,-5.525815265999999698e-02,-1.327487200000000006e-02
9.920233600000000207e-01,7.382800384000000049e-01,-5.659708286000000171e-02,-1.312085705999999942e-02
9.922882600000000330e-01,7.386798167000000470e-01,-5.814204175999999891e-02,-1.284465576000000039e-02
9.925521000000000482e-01,7.387942636000000007e-01,-5.981895702000000065e-02,-1.255302143999999925e-02
9.928154099999999538e-01,7.383524439999999966e-01,-6.168429587000000269e-02,-1.218050109000000034e-02
9.930776900000000129e-01,7.382265636999999492e-01,-6.339017237999999832e-02,-1.188535012999999974e-02
9.933394399999999624e-01,7.376191475000000164e-01,-6.482582185999999358e-02,-1.159165998000000024e-02
9.936006699999999636e-01,7.371125212000000371e-01,-6.590699579000000585e-02,-1.139319209000000041e-02
9.938613800000000165e-01,7.368512465000000011e-01,-6.696173451999999637e-02,-1.123685209999999990e-02
9.941215799999999492e-01,7.362823334000000441e-01,-6.779790222999999838e-02,-1.112534131000000003e-02
9.943817700000000537e-01,7.363941373000000290e-01,-6.830084042999999550e-02,-1.114942979000000008e-02
9.946419699999999864e-01,7.365164383000000203e-01,-6.880547978999999870e-02,-1.112607950000000026e-02
9.949021599999999799e-01,7.364841556000000233e-01,-6.908483424000000372e-02,-1.117765312000000046e-02
9.951623600000000236e-01,7.362888421000000072e-01,-6.908637418999999391e-02,-1.129134107000000047e-02
9.954230800000000157e-01,7.361417007999999651e-01,-6.900587507000000009e-02,-1.142404361999999930e-02
9.956838000000000077e-01,7.360621532000000133e-01,-6.839290651000000387e-02,-1.161401976999999926e-02
9.959445099999999496e-01,7.360988820999999627e-01,-6.778224563000000147e-02,-1.182274026000000068e-02
9.962057600000000512e-01,7.358661127000000191e-01,-6.688396366000000370e-02,-1.209863677999999977e-02
9.964675400000000405e-01,7.357555331999999781e-01,-6.578523898999999453e-02,-1.241782966999999994e-02
9.967303800000000269e-01,7.344287712000000523e-01,-6.431721959000000211e-02,-1.275610527000000001e-02
9.969937700000000014e-01,7.327537959000000045e-01,-6.258716498999999933e-02,-1.309547554999999919e-02
9.972582500000000127e-01,7.311646899999999505e-01,-6.044032020000000144e-02,-1.345251486000000052e-02
9.975232699999999619e-01,7.298240771999999765e-01,-5.810701003999999698e-02,-1.383833884000000049e-02
9.977894000000000485e-01,7.281451277999999583e-01,-5.568806932999999931e-02,-1.424453485000000061e-02
9.980560899999999513e-01,7.275271343000000446e-01,-5.292230616000000165e-02,-1.486039222999999999e-02
9.983239099999999810e-01,7.282079841999999914e-01,-4.981935636999999806e-02,-1.564052134000000135e-02
9.985922900000000491e-01,7.299345523000000391e-01,-4.600394165999999868e-02,-1.656323968000000119e-02
9.988618099999999611e-01,7.332052095000000103e-01,-4.221707312999999767e-02,-1.756994564999999828e-02
9.991324999999999790e-01,7.360953024999999927e-01,-3.867210436000000084e-02,-1.851280116999999906e-02
9.994037599999999744e-01,7.381782126000000499e-01,-3.553546417999999679e-02,-1.933750060999999895e-02
9.996762000000000148e-01,7.396674734999999501e-01,-3.260181087999999838e-02,-2.005476444999999830e-02
9.999498399999999787e-01,7.417721731999999957e-01,-2.979250026000000023e-02,-2.081172686000000091e-02
1.000224100000000060e+00,7.441504182000000522e-01,-2.746400250999999834e-02,-2.140968034000000075e-02
1.000499500000000097e+00,7.459955020999999853e-01,-2.566830495999999906e-02,-2.189577124000000041e-02
1.000776200000000005e+00,7.474959289999999479e-01,-2.455711500000000089e-02,-2.225732446999999919e-02
1.001054099999999947e+00,7.478663822000000128e-01,-2.384124232000000079e-02,-2.241406698999999850e-02
1.001333199999999923e+00,7.475884949000000113e-01,-2.377132586000000117e-02,-2.240128074999999871e-02
1.001613700000000051e+00,7.462429260999999814e-01,-2.410473817000000074e-02,-2.218046451000000099e-02
1.001894700000000027e+00,7.442978928000000272e-01,-2.433419460999999839e-02,-2.196122177000000078e-02
1.002177099999999932e+00,7.428863937999999889e-01,-2.467650507000000021e-02,-2.171687879000000140e-02
1.002460099999999965e+00,7.408446146999999593e-01,-2.462491098000000114e-02,-2.152542999000000082e-02
1.002744400000000091e+00,7.387834946000000347e-01,-2.435163317000000119e-02,-2.141432023999999962e-02
1.003029399999999960e+00,7.372434889000000213e-01,-2.386770305000000120e-02,-2.141496404999999881e-02
1.003314999999999957e+00,7.355734157000000106e-01,-2.348710332999999831e-02,-2.148453628000000087e-02
1.003601299999999918e+00,7.337470875999999587e-01,-2.284038434999999950e-02,-2.161801743000000067e-02
1.003888300000000067e+00,7.325910407000000291e-01,-2.239392974999999952e-02,-2.183266615999999993e-02
1.004175999999999958e+00,7.318672044999999793e-01,-2.174127111000000168e-02,-2.221995512999999992e-02
1.004464400000000035e+00,7.311903493000000420e-01,-2.145021849999999980e-02,-2.255538685999999848e-02
1.004753400000000019e+00,7.307928108000000256e-01,-2.142711349000000001e-02,-2.289580067000000080e-02
1.005043899999999990e+00,7.303234752999999690e-01,-2.126180793999999860e-02,-2.325687421000000032e-02
1.005335000000000090e+00,7.294483501999999842e-01,-2.136154414000000085e-02,-2.356275835000000082e-02
1.005626899999999990e+00,7.289291154999999467e-01,-2.133520442000000003e-02,-2.385546308000000004e-02
1.005919500000000077e+00,7.288564126000000032e-01,-2.155238261000000030e-02,-2.417279903000000077e-02
1.006212799999999907e+00,7.285882663999999620e-01,-2.192665166000000096e-02,-2.439200827999999863e-02
1.006506799999999924e+00,7.277740968000000477e-01,-2.228266113999999992e-02,-2.455035083000000132e-02
1.006801599999999963e+00,7.269496277000000450e-01,-2.230058753999999976e-02,-2.470585808000000036e-02
1.007096299999999944e+00,7.254312898000000454e-01,-2.241176993999999950e-02,-2.481339634999999919e-02
1.007391799999999948e+00,7.233456340999999679e-01,-2.279013704999999917e-02,-2.485018250000000165e-02
1.007688099999999976e+00,7.219756162999999560e-01,-2.313064101999999858e-02,-2.490299877000000037e-02
1.007985099999999967e+00,7.211791306000000512e-01,-2.339250719999999908e-02,-2.497381116000000137e-02
1.008282099999999959e+00,7.209531838999999609e-01,-2.342876756000000088e-02,-2.511979392999999852e-02
1.008579799999999915e+00,7.209096014000000441e-01,-2.327385335999999916e-02,-2.527930759000000110e-02
1.008877599999999930e+00,7.204034531999999880e-01,-2.302173043000000155e-02,-2.539654832000000015e-02
1.009175300000000108e+00,7.203518942000000091e-01,-2.277429802000000003e-02,-2.553091840000000154e-02
1.009473099999999901e+00,7.205010025000000429e-01,-2.233788794999999952e-02,-2.571596913999999942e-02
1.009770800000000079e+00,7.211982312000000395e-01,-2.148872018000000036e-02,-2.592796493999999924e-02
1.010068600000000094e+00,7.216737978999999692e-01,-2.023975993000000015e-02,-2.617518774999999867e-02
1.010366300000000050e+00,7.221367700999999917e-01,-1.909763727999999952e-02,-2.640687681000000037e-02
1.010662500000000019e+00,7.226525539999999470e-01,-1.771268068999999959e-02,-2.666671924999999832e-02
1.010957200000000000e+00,7.222866765000000022e-01,-1.637608357999999903e-02,-2.682373555000000173e-02
1.011250399999999994e+00,7.211310192000000008e-01,-1.510736432999999941e-02,-2.688259450999999980e-02
1.011541999999999941e+00,7.202845571999999530e-01,-1.344535038000000023e-02,-2.700254481000000095e-02
1.011832199999999959e+00,7.198617734000000157e-01,-1.160138359999999917e-02,-2.719728457000000071e-02
1.012121599999999955e+00,7.200121901999999574e-01,-9.703608836999999543e-03,-2.742291067000000165e-02
1.012409600000000021e+00,7.204947735000000186e-01,-7.639148471000000405e-03,-2.773111152000000065e-02
1.012696100000000099e+00,7.217722803999999659e-01,-5.662998891000000160e-03,-2.812494884000000042e-02
1.012981799999999932e+00,7.228350260000000471e-01,-3.592043249999999927e-03,-2.854850947000000042e-02
1.013266900000000081e+00,7.234200696000000486e-01,-1.636914557000000107e-03,-2.892567076999999834e-02
1.013552599999999915e+00,7.242027258000000023e-01,-6.693901342000000570e-05,-2.924686162000000172e-02
1.013838400000000028e+00,7.251767923999999921e-01,1.193949714000000105e-03,-2.953456670000000062e-02
1.014125600000000071e+00,7.253751501999999851e-01,2.083397128000000209e-03,-2.972655897000000061e-02
1.014414399999999938e+00,7.252631734000000163e-01,2.704807934000000216e-03,-2.984838382000000109e-02
1.014705399999999980e+00,7.250774172999999712e-01,3.266762308999999944e-03,-2.993877309999999972e-02
1.014994900000000033e+00,7.252132560999999811e-01,3.518607347999999895e-03,-2.999973149000000061e-02
1.015283600000000064e+00,7.247404698999999617e-01,3.444503931999999980e-03,-3.001995384999999947e-02
1.015571599999999908e+00,7.234556292999999583e-01,2.928143278999999991e-03,-2.992645065999999937e-02
1.015858799999999951e+00,7.219484552999999583e-01,2.284930402999999811e-03,-2.981768599999999950e-02
1.016145199999999971e+00,7.203564139999999449e-01,1.600097905000000048e-03,-2.978837343000000082e-02
1.016431000000000084e+00,7.182136181999999591e-01,1.180749827999999979e-03,-2.971460181999999867e-02
1.016715899999999895e+00,7.155060642999999665e-01,1.048744017000000040e-03,-2.968727829000000068e-02
1.017000899999999985e+00,7.137796865000000102e-01,7.061967799000000217e-04,-2.971114623999999982e-02
1.017285100000000053e+00,7.123771336999999981e-01,1.925736771999999892e-04,-2.965498918000000067e-02
1.017569299999999899e+00,7.109170040000000190e-01,-2.426068871000000126e-04,-2.965680362000000167e-02
1.017852699999999944e+00,7.099168155999999730e-01,-8.921911426000000284e-04,-2.963398697999999887e-02
1.018135500000000082e+00,7.087529452999999924e-01,-1.893984803000000076e-03,-2.956486778000000024e-02
1.018418199999999940e+00,7.074760881999999640e-01,-2.726634034000000213e-03,-2.951239120999999896e-02
1.018700099999999997e+00,7.070653627999999857e-01,-3.754817128000000059e-03,-2.953086549999999963e-02
1.018982099999999891e+00,7.064405339999999534e-01,-4.483552172999999766e-03,-2.956206038000000133e-02
1.019263299999999983e+00,7.060215917000000063e-01,-5.143166454999999714e-03,-2.958550819999999915e-02
1.019544500000000076e+00,7.053420729999999583e-01,-5.935467754000000283e-03,-2.954501489999999952e-02
1.019824999999999982e+00,7.045480191999999864e-01,-6.402076371000000286e-03,-2.948697952999999872e-02
1.020105500000000109e+00,7.039647488000000397e-01,-7.099061595000000051e-03,-2.937366317999999879e-02
1.020385899999999957e+00,7.034489657000000395e-01,-7.819196501000000646e-03,-2.920685095999999911e-02
1.020665600000000062e+00,7.031504893000000145e-01,-8.640864866000000713e-03,-2.902253595000000089e-02
1.020945400000000003e+00,7.029509457000000516e-01,-9.615754174999999529e-03,-2.882157058000000063e-02
1.021225100000000108e+00,7.024208979999999602e-01,-1.096613515000000039e-02,-2.846757453000000118e-02
1.021503999999999968e+00,7.018844496999999683e-01,-1.171207856000000026e-02,-2.818429329999999969e-02
1.021783000000000108e+00,7.011956108000000354e-01,-1.246551824000000086e-02,-2.783196442000000076e-02
1.022062000000000026e+00,7.002160791000000550e-01,-1.330768216999999969e-02,-2.737744226999999989e-02
1.022340900000000108e+00,6.994978724999999509e-01,-1.422848437999999979e-02,-2.688480207000000163e-02
1.022619900000000026e+00,6.991675507000000289e-01,-1.519740720999999961e-02,-2.633350120000000141e-02
1.022898099999999921e+00,6.987106685999999733e-01,-1.565680363000000047e-02,-2.583197031000000060e-02
1.023176300000000039e+00,6.979891437999999892e-01,-1.619467070000000022e-02,-2.525843982999999987e-02
1.023454499999999934e+00,6.984414767000000079e-01,-1.672908321999999962e-02,-2.474330640999999886e-02
1.023732700000000051e+00,6.991896640000000440e-01,-1.749728836999999912e-02,-2.416504463000000019e-02
1.024010899999999946e+00,7.008887052000000173e-01,-1.822337433000000007e-02,-2.363641354999999888e-02
1.024289100000000063e+00,7.025143302999999895e-01,-1.912366381000000018e-02,-2.301261148000000034e-02
1.024568099999999982e+00,7.044697439999999533e-01,-1.973008140999999924e-02,-2.242768642999999965e-02
1.024847099999999900e+00,7.065814269000000314e-01,-2.041342940999999953e-02,-2.182620496000000146e-02
1.025126900000000063e+00,7.078698767000000114e-01,-2.107654826999999856e-02,-2.120371655999999869e-02
1.025406599999999946e+00,7.092029524999999834e-01,-2.131773467000000130e-02,-2.074081879000000059e-02
1.025687199999999910e+00,7.099523255999999893e-01,-2.148598083000000103e-02,-2.034708496999999838e-02
1.025968500000000061e+00,7.103263775000000502e-01,-2.175273422000000012e-02,-1.995493921999999878e-02
1.026249799999999990e+00,7.103443417999999454e-01,-2.241671961000000005e-02,-1.946821899999999841e-02
1.026532000000000000e+00,7.099777931999999847e-01,-2.304336622000000001e-02,-1.902356477000000101e-02
1.026814899999999975e+00,7.101068307000000246e-01,-2.349050365000000112e-02,-1.869627235999999845e-02
1.027098700000000031e+00,7.104440193000000070e-01,-2.375713063999999874e-02,-1.851461585999999993e-02
1.027383300000000110e+00,7.109624042000000088e-01,-2.403260231000000149e-02,-1.840267380000000161e-02
1.027668699999999991e+00,7.113564025999999929e-01,-2.392799702000000112e-02,-1.839207916000000151e-02
1.027954199999999929e+00,7.124101757999999895e-01,-2.393613623999999926e-02,-1.844775225999999851e-02
1.028240400000000054e+00,7.140078283999999886e-01,-2.466560237999999849e-02,-1.846845747000000135e-02
1.028527500000000039e+00,7.149395243999999705e-01,-2.534331649000000006e-02,-1.844472810999999920e-02
1.028815500000000105e+00,7.163147599000000421e-01,-2.596235877999999997e-02,-1.848156323999999850e-02
1.029104400000000030e+00,7.181733204000000370e-01,-2.684031893999999988e-02,-1.848443091999999940e-02
1.029394099999999979e+00,7.193503495999999942e-01,-2.827400694999999964e-02,-1.837024888999999953e-02
1.029684700000000008e+00,7.197728087000000441e-01,-2.972216607000000010e-02,-1.824830611999999838e-02
1.029976199999999897e+00,7.191504819999999798e-01,-3.098456134999999848e-02,-1.812184074999999978e-02
1.030268500000000031e+00,7.194953974000000141e-01,-3.251300919999999817e-02,-1.800677834000000144e-02
1.030561800000000083e+00,7.197051138000000181e-01,-3.413021003999999747e-02,-1.784277642000000122e-02
1.030855999999999995e+00,7.210525209000000491e-01,-3.585666695999999848e-02,-1.781413407999999851e-02
1.031151200000000046e+00,7.219932127000000532e-01,-3.759224542999999724e-02,-1.776155600999999862e-02
1.031447199999999897e+00,7.228992775999999454e-01,-3.940433172999999872e-02,-1.763539671000000086e-02
1.031744199999999889e+00,7.239036817999999762e-01,-4.098367870999999885e-02,-1.754815086000000024e-02
1.032043100000000102e+00,7.245931713000000052e-01,-4.252701872999999771e-02,-1.746666281999999931e-02
1.032343000000000011e+00,7.246418303999999644e-01,-4.408844961999999756e-02,-1.732882240999999990e-02
1.032643800000000001e+00,7.255765221000000098e-01,-4.564134135000000314e-02,-1.724252743999999879e-02
1.032945599999999908e+00,7.272500965999999512e-01,-4.716381614000000194e-02,-1.716626108999999914e-02
1.033248399999999956e+00,7.290152349999999837e-01,-4.868505817000000346e-02,-1.710806775000000071e-02
1.033552199999999921e+00,7.303891418000000302e-01,-4.981460044000000226e-02,-1.706090370999999856e-02
1.033854999999999968e+00,7.316525312999999642e-01,-5.067052066000000271e-02,-1.710053838999999951e-02
1.034155799999999958e+00,7.334110014000000399e-01,-5.129884405000000036e-02,-1.719699488000000012e-02
1.034455700000000089e+00,7.342311685000000310e-01,-5.144873534000000276e-02,-1.736143539999999985e-02
1.034753500000000104e+00,7.349675395000000444e-01,-5.127577718000000256e-02,-1.754910000000000150e-02
1.035049399999999897e+00,7.351705411000000190e-01,-5.109771493000000303e-02,-1.767149138000000119e-02
1.035344299999999995e+00,7.352196232000000053e-01,-5.113231224999999908e-02,-1.774478678000000059e-02
1.035637300000000094e+00,7.360201589999999516e-01,-5.105299224999999830e-02,-1.788164467999999938e-02
1.035929300000000053e+00,7.373379170999999621e-01,-5.106006826000000082e-02,-1.797944526000000084e-02
1.036220399999999930e+00,7.384898640999999486e-01,-5.082893766999999757e-02,-1.808680173000000099e-02
1.036510599999999949e+00,7.395386858000000396e-01,-5.076004658000000253e-02,-1.811343596000000028e-02
1.036799699999999991e+00,7.405226758999999825e-01,-5.083403621000000261e-02,-1.812924980000000033e-02
1.037088000000000010e+00,7.406980969999999997e-01,-5.081161692999999757e-02,-1.805573134999999968e-02
1.037376199999999971e+00,7.406652656000000112e-01,-5.109869495000000233e-02,-1.787058642000000086e-02
1.037663500000000072e+00,7.401598244000000548e-01,-5.152994956999999709e-02,-1.761007847999999931e-02
1.037950799999999951e+00,7.391464701000000082e-01,-5.189925182999999970e-02,-1.732334774999999896e-02
1.038238100000000053e+00,7.379333787999999839e-01,-5.211942351999999945e-02,-1.705458560000000165e-02
1.038525399999999932e+00,7.362960151999999869e-01,-5.272098330999999694e-02,-1.663952311999999933e-02
1.038811699999999894e+00,7.344823932999999805e-01,-5.348857852000000329e-02,-1.613371238000000166e-02
1.039098000000000077e+00,7.327112600999999836e-01,-5.419103985999999817e-02,-1.567109159999999918e-02
1.039384400000000097e+00,7.310936243000000223e-01,-5.491620624000000117e-02,-1.520491528000000002e-02
1.039671699999999976e+00,7.289368394999999889e-01,-5.598626240000000032e-02,-1.463509932000000083e-02
1.039959000000000078e+00,7.268855198000000462e-01,-5.721437208999999996e-02,-1.403485311999999943e-02
1.040246299999999957e+00,7.249127095999999826e-01,-5.864350503000000103e-02,-1.341138692000000063e-02
1.040533600000000058e+00,7.226148494999999894e-01,-5.995071685000000206e-02,-1.285649753999999929e-02
1.040820899999999938e+00,7.204646491999999736e-01,-6.127933482999999709e-02,-1.231409494999999993e-02
1.041108200000000039e+00,7.183680305999999849e-01,-6.251001855000000440e-02,-1.187819459999999924e-02
1.041396500000000058e+00,7.161198491000000388e-01,-6.366130399000000106e-02,-1.151405741000000038e-02
1.041684800000000077e+00,7.141140109000000402e-01,-6.468781432999999581e-02,-1.121429128999999920e-02
1.041973100000000096e+00,7.116409328999999673e-01,-6.550874187999999876e-02,-1.093169020000000005e-02
1.042261300000000057e+00,7.096938246999999755e-01,-6.632347897000000214e-02,-1.073451559000000027e-02
1.042549600000000076e+00,7.079968245000000104e-01,-6.708397928999999815e-02,-1.056472481000000040e-02
1.042837900000000095e+00,7.062772789000000273e-01,-6.778865098000000367e-02,-1.049924388999999916e-02
1.043126199999999892e+00,7.049792599999999965e-01,-6.885985417999999914e-02,-1.039961044000000008e-02
1.043414499999999911e+00,7.038390160999999923e-01,-6.997453203999999538e-02,-1.028288821000000047e-02
1.043702799999999931e+00,7.031042361999999546e-01,-7.109975497999999894e-02,-1.017884865000000076e-02
1.043991099999999950e+00,7.029712167999999650e-01,-7.191230771999999882e-02,-1.017236122000000041e-02
1.044279399999999969e+00,7.030865570000000009e-01,-7.263634903000000531e-02,-1.020402974999999948e-02
1.044568699999999906e+00,7.034130259999999968e-01,-7.361124798000000247e-02,-1.016815851000000062e-02
1.044858000000000064e+00,7.039324545999999794e-01,-7.456578352999999881e-02,-1.015127094000000015e-02
1.045147300000000001e+00,7.047544274000000497e-01,-7.513069769999999870e-02,-1.019256642999999928e-02
1.045436599999999938e+00,7.055718965999999703e-01,-7.576807479000000067e-02,-1.020729215000000002e-02
1.045725999999999933e+00,7.068338868000000330e-01,-7.628410773999999561e-02,-1.024402485000000008e-02
1.046015300000000092e+00,7.084644275999999463e-01,-7.621136333000000374e-02,-1.042402209000000031e-02
1.046304600000000029e+00,7.099502484999999918e-01,-7.558935640000000178e-02,-1.068641631999999939e-02
1.046593899999999966e+00,7.114312019999999848e-01,-7.477320210000000522e-02,-1.101466257000000004e-02
1.046883299999999961e+00,7.130724531000000033e-01,-7.376208633000000403e-02,-1.136728602000000067e-02
1.047172599999999898e+00,7.150072474999999983e-01,-7.274128102999999346e-02,-1.174728618000000016e-02
1.047461900000000057e+00,7.164844583999999683e-01,-7.143268442000000329e-02,-1.212308454000000056e-02
1.047750100000000018e+00,7.179778947999999605e-01,-6.988931607999999962e-02,-1.254234155999999975e-02
1.048038400000000037e+00,7.194494675999999478e-01,-6.787012491999999675e-02,-1.301035715999999953e-02
1.048326599999999997e+00,7.213184446000000527e-01,-6.573551248999999486e-02,-1.354868329000000031e-02
1.048613800000000040e+00,7.236261374000000357e-01,-6.338879042999999436e-02,-1.415774803999999935e-02
1.048901000000000083e+00,7.254569028999999780e-01,-6.101326052000000111e-02,-1.473106952999999990e-02
1.049187099999999928e+00,7.272495344999999611e-01,-5.864910185999999692e-02,-1.528608893000000038e-02
1.049473099999999937e+00,7.289625668000000447e-01,-5.633787868000000171e-02,-1.580584439000000049e-02
1.049758100000000027e+00,7.308163857999999680e-01,-5.410160719999999868e-02,-1.631399928999999888e-02
1.050043199999999954e+00,7.327455367999999858e-01,-5.203148393999999788e-02,-1.669349192000000107e-02
1.050328200000000045e+00,7.339464462000000466e-01,-5.031042859999999839e-02,-1.692120800000000008e-02
1.050612099999999938e+00,7.353991090000000508e-01,-4.909892468999999676e-02,-1.708493037999999839e-02
1.050896000000000052e+00,7.359947595000000398e-01,-4.823763645000000294e-02,-1.708876822000000156e-02
1.051178799999999969e+00,7.374031719000000429e-01,-4.772726587000000048e-02,-1.711386812000000035e-02
1.051461699999999944e+00,7.375754125000000272e-01,-4.744372911999999998e-02,-1.701149005999999866e-02
1.051743400000000106e+00,7.374547294000000086e-01,-4.751170361999999814e-02,-1.677924232999999932e-02
1.052025200000000105e+00,7.367683296999999465e-01,-4.782545182000000339e-02,-1.646522171999999923e-02
1.052305899999999905e+00,7.372252601000000016e-01,-4.817686029999999897e-02,-1.622456033999999936e-02
1.052585499999999952e+00,7.374584017999999963e-01,-4.834238958999999974e-02,-1.603108560000000155e-02
1.052865099999999998e+00,7.370876916999999917e-01,-4.838147645000000219e-02,-1.582691364999999975e-02
1.053143600000000069e+00,7.359770778999999985e-01,-4.837297467999999989e-02,-1.559536629000000084e-02
1.053420999999999941e+00,7.345434201999999635e-01,-4.804936457999999661e-02,-1.543493580000000059e-02
1.053697399999999895e+00,7.318667448000000242e-01,-4.789443411000000178e-02,-1.509848421000000059e-02
1.053972700000000096e+00,7.285702365999999763e-01,-4.738496744000000177e-02,-1.484514592999999945e-02
1.054248000000000074e+00,7.257045182000000372e-01,-4.681406619999999713e-02,-1.463478996999999920e-02
1.054522200000000076e+00,7.233143053999999683e-01,-4.625547845999999907e-02,-1.450959695000000015e-02
1.054795399999999939e+00,7.214170036000000508e-01,-4.587031730999999862e-02,-1.435051235999999959e-02
1.055067500000000047e+00,7.202807534999999817e-01,-4.553527703000000149e-02,-1.426643476999999924e-02
1.055338499999999957e+00,7.196533634999999762e-01,-4.487890323999999681e-02,-1.428479956999999939e-02
1.055608499999999950e+00,7.187593809000000222e-01,-4.382654904999999657e-02,-1.442650049000000073e-02
1.055877500000000024e+00,7.184524149000000026e-01,-4.269696984000000139e-02,-1.465910083000000058e-02
1.056146500000000099e+00,7.181564053000000225e-01,-4.128368079999999996e-02,-1.499172290999999969e-02
1.056414399999999976e+00,7.184067392999999857e-01,-3.989403050999999756e-02,-1.536138006999999972e-02
1.056681200000000098e+00,7.188101351000000250e-01,-3.856321097999999836e-02,-1.573119414999999896e-02
1.056947099999999917e+00,7.199780728000000352e-01,-3.722100351000000307e-02,-1.617876204999999998e-02
1.057212899999999900e+00,7.216166167999999992e-01,-3.584102041000000044e-02,-1.670277540000000144e-02
1.057477699999999965e+00,7.234637352999999660e-01,-3.443544226999999819e-02,-1.728313986000000121e-02
1.057741499999999890e+00,7.256972152999999759e-01,-3.271777901999999710e-02,-1.798485782999999921e-02
1.058004200000000061e+00,7.271668846000000075e-01,-3.052247531000000166e-02,-1.878055741999999986e-02
1.058266900000000010e+00,7.282369453000000492e-01,-2.847754411999999999e-02,-1.953327830000000168e-02
1.058528600000000042e+00,7.296655545000000354e-01,-2.639453690000000130e-02,-2.037740953000000133e-02
1.058789299999999933e+00,7.308013911999999834e-01,-2.444477851000000090e-02,-2.121572441999999836e-02
1.059050000000000047e+00,7.323522484000000166e-01,-2.228163194000000111e-02,-2.211458247999999877e-02
1.059309599999999962e+00,7.338417153999999831e-01,-2.032719058000000134e-02,-2.293070596999999960e-02
1.059569299999999936e+00,7.351478604000000194e-01,-1.840020998999999935e-02,-2.370676077000000159e-02
1.059827899999999934e+00,7.363763482999999832e-01,-1.651556603999999873e-02,-2.442859728999999952e-02
1.060086499999999932e+00,7.372994509000000418e-01,-1.488630301000000086e-02,-2.503299301000000074e-02
1.060344100000000012e+00,7.389426543999999542e-01,-1.324584317000000039e-02,-2.561236969999999835e-02
1.060600699999999952e+00,7.400307085999999757e-01,-1.158878005999999967e-02,-2.610723226999999910e-02
1.060857200000000056e+00,7.410624779000000162e-01,-1.008652709000000015e-02,-2.655911752999999889e-02
1.061113799999999996e+00,7.419880030000000071e-01,-8.873824310000000271e-03,-2.693648909000000147e-02
1.061370399999999936e+00,7.425312198000000308e-01,-7.912541874999999905e-03,-2.720960617000000095e-02
1.061626900000000040e+00,7.429136795999999876e-01,-7.146856963000000097e-03,-2.736896952000000133e-02
1.061883499999999980e+00,7.430539032999999849e-01,-6.477835093999999988e-03,-2.745596838000000095e-02
1.062140099999999920e+00,7.426868813000000458e-01,-5.745900622999999645e-03,-2.749005814999999978e-02
1.062397700000000000e+00,7.421333274000000424e-01,-5.054273437999999737e-03,-2.752998124000000102e-02
1.062655300000000080e+00,7.415928325999999737e-01,-4.591817871000000197e-03,-2.754144327000000031e-02
1.062913999999999914e+00,7.402624626999999569e-01,-4.157672924000000055e-03,-2.752148635999999982e-02
1.063173799999999947e+00,7.389792254000000504e-01,-3.983645616000000209e-03,-2.746584999999999999e-02
1.063434699999999955e+00,7.379840682999999624e-01,-4.064763392000000052e-03,-2.740978581000000011e-02
1.063696600000000103e+00,7.368391467999999556e-01,-4.667315237000000359e-03,-2.728924014000000051e-02
1.063959799999999900e+00,7.352089556999999997e-01,-5.219500832000000326e-03,-2.709867261999999999e-02
1.064224000000000059e+00,7.330929240000000346e-01,-5.725196872000000090e-03,-2.686794521000000074e-02
1.064489400000000030e+00,7.307366307999999533e-01,-6.333169579000000327e-03,-2.659727145999999862e-02
1.064757100000000012e+00,7.283072815000000144e-01,-6.955787245999999618e-03,-2.631792070000000053e-02
1.065026100000000087e+00,7.259333610999999520e-01,-7.695221718999999648e-03,-2.604954572000000093e-02
1.065296199999999915e+00,7.247302669999999836e-01,-8.731106235999999687e-03,-2.582375874999999835e-02
1.065567600000000059e+00,7.225357598999999631e-01,-9.893729243000000742e-03,-2.556796601999999918e-02
1.065840200000000015e+00,7.199907817999999793e-01,-1.108809818999999947e-02,-2.524292231999999969e-02
1.066114100000000064e+00,7.177662071000000532e-01,-1.217425029000000075e-02,-2.494369916999999992e-02
1.066389299999999984e+00,7.157694461000000397e-01,-1.330327968000000020e-02,-2.462550818999999919e-02
1.066665799999999997e+00,7.139485496999999903e-01,-1.437527956000000072e-02,-2.436002863999999976e-02
1.066943500000000045e+00,7.132278228999999747e-01,-1.543663535999999920e-02,-2.418932613999999828e-02
1.067222700000000080e+00,7.123956572999999848e-01,-1.632632041999999839e-02,-2.408510439000000058e-02
1.067503099999999927e+00,7.120751518000000280e-01,-1.689247811000000113e-02,-2.409828856000000019e-02
1.067784999999999984e+00,7.119123222000000029e-01,-1.718900289999999997e-02,-2.423764138000000096e-02
1.068066799999999983e+00,7.116253731999999665e-01,-1.725363409000000084e-02,-2.441466899999999995e-02
1.068350099999999969e+00,7.110562062999999933e-01,-1.714322160999999858e-02,-2.461273224000000079e-02
1.068633299999999897e+00,7.111431548000000102e-01,-1.714660974999999976e-02,-2.486687278000000029e-02
1.068918000000000035e+00,7.110142634999999656e-01,-1.711154959000000045e-02,-2.516087893000000172e-02
1.069202699999999950e+00,7.109005534000000237e-01,-1.693530923000000077e-02,-2.545617781999999843e-02
1.069487400000000088e+00,7.110249214999999623e-01,-1.695090998000000140e-02,-2.572211532999999981e-02
1.069771999999999945e+00,7.114328443999999863e-01,-1.684189986999999958e-02,-2.594862338000000074e-02
1.070058200000000070e+00,7.117784980000000372e-01,-1.668086510999999827e-02,-2.623329824999999851e-02
1.070344399999999974e+00,7.121041291999999912e-01,-1.636811004000000153e-02,-2.649008220000000080e-02
1.070630500000000040e+00,7.123528688000000386e-01,-1.615330712999999904e-02,-2.674970235999999876e-02
1.070918199999999931e+00,7.119860519999999804e-01,-1.571888374000000171e-02,-2.697386250000000096e-02
1.071205900000000044e+00,7.114526961999999566e-01,-1.539820434999999987e-02,-2.717217916000000053e-02
1.071495099999999923e+00,7.105650475000000466e-01,-1.465040505999999979e-02,-2.739143320999999978e-02
1.071784300000000023e+00,7.096193307999999478e-01,-1.351241494999999918e-02,-2.766961331000000052e-02
1.072075099999999948e+00,7.084049206000000432e-01,-1.245009182000000013e-02,-2.796739520000000173e-02
1.072365900000000094e+00,7.078762867000000236e-01,-1.153553226000000008e-02,-2.830532122999999955e-02
1.072656700000000018e+00,7.074710105999999499e-01,-1.073664830000000021e-02,-2.860415763999999902e-02
1.072949099999999989e+00,7.066663020000000239e-01,-9.916599312000000388e-03,-2.890711387000000077e-02
1.073241499999999959e+00,7.060924527999999922e-01,-8.925858700000000728e-03,-2.924422448000000077e-02
1.073533899999999930e+00,7.054131114999999674e-01,-8.069214450000000705e-03,-2.956328199999999976e-02
1.073828000000000005e+00,7.049875141000000456e-01,-7.207430635000000411e-03,-2.989044055000000116e-02
1.074122100000000080e+00,7.051539605000000099e-01,-6.474921948000000350e-03,-3.019642977999999894e-02
1.074416199999999932e+00,7.054648513000000287e-01,-6.156162556999999688e-03,-3.039956314999999951e-02
1.074710300000000007e+00,7.060571769000000275e-01,-6.054410500000000257e-03,-3.059999287999999942e-02
1.075004400000000082e+00,7.070782566000000102e-01,-6.046241049000000180e-03,-3.077729790000000021e-02
1.075298499999999935e+00,7.080039041000000255e-01,-6.514153039999999797e-03,-3.079674099000000165e-02
1.075592600000000010e+00,7.091007706999999938e-01,-7.011582974000000155e-03,-3.083583968000000106e-02
1.075886700000000085e+00,7.100423217000000342e-01,-7.347395417999999685e-03,-3.086324727999999878e-02
1.076182500000000042e+00,7.104722695999999837e-01,-7.660076743999999667e-03,-3.086856841000000171e-02
1.076478400000000057e+00,7.108997935999999962e-01,-8.190560641000000849e-03,-3.082593423000000096e-02
1.076774300000000073e+00,7.113249485000000538e-01,-8.762382755999999565e-03,-3.076263879999999867e-02
1.077070100000000030e+00,7.117497164999999626e-01,-9.828444648999999991e-03,-3.065815683000000166e-02
1.077366000000000046e+00,7.120307956000000438e-01,-1.098483798999999941e-02,-3.046026824000000119e-02
1.077661800000000003e+00,7.121656856000000424e-01,-1.225414885000000037e-02,-3.020553649000000049e-02
1.077957700000000019e+00,7.118966605000000003e-01,-1.373900337999999985e-02,-2.987428631000000126e-02
1.078253600000000034e+00,7.116693536000000542e-01,-1.531581981000000071e-02,-2.947677331999999997e-02
1.078549399999999991e+00,7.116962830999999934e-01,-1.684052000000000118e-02,-2.907992046999999941e-02
1.078845300000000007e+00,7.115123378000000054e-01,-1.799912802999999867e-02,-2.874779424999999999e-02
1.079141200000000023e+00,7.124661774999999642e-01,-1.891038512999999865e-02,-2.852046902999999869e-02
1.079436999999999980e+00,7.134257452000000166e-01,-1.999993953000000005e-02,-2.820376879000000003e-02
1.079734799999999995e+00,7.138060119000000370e-01,-2.134839016999999853e-02,-2.776078650999999967e-02
1.080032600000000009e+00,7.141658695999999473e-01,-2.235607594000000101e-02,-2.735247853000000173e-02
1.080328500000000025e+00,7.146323231000000220e-01,-2.318525651999999923e-02,-2.692815754000000075e-02
1.080624299999999982e+00,7.155312171000000054e-01,-2.410047794000000007e-02,-2.645095470999999851e-02
1.080918199999999940e+00,7.165544964000000183e-01,-2.536985787999999908e-02,-2.576299828000000111e-02
1.081210100000000063e+00,7.184477858000000161e-01,-2.658922555999999882e-02,-2.511322125999999877e-02
1.081500099999999964e+00,7.206216863000000084e-01,-2.748780588000000052e-02,-2.452490155999999949e-02
1.081790100000000088e+00,7.225766300000000530e-01,-2.833747752000000120e-02,-2.398190982000000110e-02
1.082078199999999990e+00,7.246080583999999769e-01,-2.891784748000000155e-02,-2.344981616000000116e-02
1.082364300000000057e+00,7.263020644000000026e-01,-2.935384217000000170e-02,-2.293110576000000067e-02
1.082648599999999961e+00,7.280192591999999907e-01,-2.967221104000000026e-02,-2.240246196999999898e-02
1.082930900000000030e+00,7.299426589999999937e-01,-3.004197593999999999e-02,-2.193138122000000065e-02
1.083211399999999935e+00,7.318134866000000072e-01,-3.068866775999999977e-02,-2.143288314999999833e-02
1.083490000000000064e+00,7.337193944000000023e-01,-3.135131281999999769e-02,-2.096869935999999893e-02
1.083766699999999972e+00,7.356233407000000168e-01,-3.197921480000000261e-02,-2.059249644000000004e-02
1.084041599999999939e+00,7.375023769999999868e-01,-3.254126598999999842e-02,-2.022186923999999900e-02
1.084314599999999906e+00,7.398285209999999612e-01,-3.329625311000000004e-02,-1.992686529000000165e-02
1.084585899999999992e+00,7.421660705000000524e-01,-3.404859292000000232e-02,-1.968898019000000013e-02
1.084857100000000019e+00,7.442342953999999677e-01,-3.496924615000000097e-02,-1.945034563000000091e-02
1.085126500000000105e+00,7.463072694000000284e-01,-3.617257120999999714e-02,-1.910688185000000011e-02
1.085395899999999969e+00,7.477369504999999972e-01,-3.713589945000000253e-02,-1.880596143000000040e-02
1.085665399999999892e+00,7.489790088000000123e-01,-3.850676831000000161e-02,-1.847450519000000055e-02
1.085934799999999978e+00,7.512034417999999825e-01,-3.985982660000000205e-02,-1.820512645999999846e-02
1.086204200000000064e+00,7.535177915999999865e-01,-4.085290097000000148e-02,-1.802629165000000158e-02
1.086475499999999927e+00,7.547525355999999963e-01,-4.183944453999999952e-02,-1.777259335000000093e-02
1.086746800000000013e+00,7.550856766000000331e-01,-4.275519559000000303e-02,-1.750304948999999860e-02
1.087020000000000097e+00,7.550933113000000141e-01,-4.390914274999999783e-02,-1.721243126999999831e-02
1.087295200000000017e+00,7.553613503999999645e-01,-4.472700834999999986e-02,-1.703177453999999910e-02
1.087572500000000053e+00,7.558597468000000097e-01,-4.572841830999999774e-02,-1.680288879000000138e-02
1.087851799999999924e+00,7.559864508000000427e-01,-4.659331980999999873e-02,-1.669912739999999951e-02
1.088135400000000086e+00,7.554808498999999733e-01,-4.738193695000000177e-02,-1.652333111000000090e-02
1.088421099999999919e+00,7.548981526000000386e-01,-4.796538697000000268e-02,-1.640349064000000065e-02
1.088706900000000033e+00,7.547370040999999974e-01,-4.863877585999999698e-02,-1.631584147999999915e-02
1.088992699999999925e+00,7.534885756000000434e-01,-4.948001781999999960e-02,-1.615772546000000115e-02
1.089278399999999980e+00,7.527479753000000384e-01,-5.037564678999999906e-02,-1.601156117000000073e-02
1.089564200000000094e+00,7.516983147000000365e-01,-5.137210712000000318e-02,-1.586435381999999963e-02
1.089847699999999975e+00,7.508029054000000535e-01,-5.210727999999999888e-02,-1.575888601000000055e-02
1.090131200000000078e+00,7.497519384999999925e-01,-5.273807059999999908e-02,-1.567737441000000009e-02
1.090414699999999959e+00,7.493550875000000167e-01,-5.360839146000000166e-02,-1.558934711999999945e-02
1.090698200000000062e+00,7.486930913999999548e-01,-5.422863741000000237e-02,-1.542515916000000015e-02
1.090979300000000096e+00,7.481693255000000375e-01,-5.495588013000000244e-02,-1.520047560000000082e-02
1.091260499999999967e+00,7.471973766999999711e-01,-5.593266469000000157e-02,-1.482838271999999992e-02
1.091541700000000059e+00,7.461520142999999994e-01,-5.650634485000000096e-02,-1.447184672000000061e-02
1.091820500000000083e+00,7.452485919000000347e-01,-5.708283088999999838e-02,-1.405378017999999937e-02
1.092099300000000106e+00,7.439286880000000046e-01,-5.740134348999999941e-02,-1.363967852000000022e-02
1.092378099999999908e+00,7.429041330000000221e-01,-5.737912550000000278e-02,-1.332411204999999974e-02
1.092656899999999931e+00,7.415816522999999494e-01,-5.690839669000000156e-02,-1.309315114999999932e-02
1.092933399999999944e+00,7.404804076000000013e-01,-5.626931699999999925e-02,-1.285551031000000018e-02
1.093209799999999898e+00,7.394129678999999955e-01,-5.593351889999999965e-02,-1.264314000000000063e-02
1.093486200000000075e+00,7.386505388999999866e-01,-5.535845499000000003e-02,-1.252551040000000025e-02
1.093765099999999935e+00,7.378237346999999557e-01,-5.425943076999999864e-02,-1.253535352000000047e-02
1.094044000000000016e+00,7.383917926999999937e-01,-5.334328967000000199e-02,-1.263783503999999988e-02
1.094322900000000098e+00,7.385288262000000437e-01,-5.243331811000000175e-02,-1.274550093000000051e-02
1.094601799999999958e+00,7.382094260999999547e-01,-5.140697645000000260e-02,-1.291417545999999986e-02
1.094880700000000040e+00,7.377796363999999940e-01,-5.065094397000000082e-02,-1.301785945999999958e-02
1.095162100000000027e+00,7.376102873000000004e-01,-5.009664947999999812e-02,-1.316905183000000035e-02
1.095443600000000073e+00,7.380681860000000150e-01,-4.979682036000000062e-02,-1.331545339000000071e-02
1.095725099999999896e+00,7.377790137999999942e-01,-4.931162268000000015e-02,-1.352636496999999952e-02
1.096009299999999964e+00,7.367417573000000219e-01,-4.878053899999999776e-02,-1.369053098999999975e-02
1.096293600000000090e+00,7.362786444000000152e-01,-4.812055543000000324e-02,-1.394027202000000000e-02
1.096580600000000016e+00,7.365008336999999683e-01,-4.697029026999999940e-02,-1.441858067999999930e-02
1.096867700000000001e+00,7.383398303000000551e-01,-4.517927907000000159e-02,-1.521691784000000006e-02
1.097154799999999986e+00,7.401989425999999650e-01,-4.328120959000000129e-02,-1.596496995000000127e-02
1.097444800000000109e+00,7.421387833999999462e-01,-4.154580023999999983e-02,-1.676218533999999927e-02
1.097734900000000069e+00,7.442742252999999808e-01,-3.953128466999999979e-02,-1.759862775000000171e-02
1.098024899999999970e+00,7.470184879000000278e-01,-3.775620033000000320e-02,-1.845479037000000155e-02
1.098314999999999930e+00,7.501481580000000093e-01,-3.630293018999999899e-02,-1.924534349000000047e-02
1.098605000000000054e+00,7.523121319000000140e-01,-3.566299701000000266e-02,-1.980669456999999828e-02
1.098895100000000014e+00,7.545881717000000322e-01,-3.564699786000000148e-02,-2.027325850999999943e-02
1.099185099999999915e+00,7.560378342000000362e-01,-3.606630757999999826e-02,-2.061925088999999947e-02
1.099475200000000097e+00,7.576847919000000431e-01,-3.672258674000000028e-02,-2.091730807999999872e-02
1.099765300000000057e+00,7.588461395000000165e-01,-3.748247980000000285e-02,-2.114648958000000037e-02
1.100055299999999958e+00,7.575951154000000187e-01,-3.827577011000000279e-02,-2.112539610999999984e-02
1.100345399999999918e+00,7.568502939000000262e-01,-3.885300002000000030e-02,-2.119715662000000098e-02
1.100635400000000041e+00,7.560081895000000385e-01,-3.940192061000000190e-02,-2.130547526999999886e-02
1.100925500000000001e+00,7.552722600000000286e-01,-3.950898949000000021e-02,-2.149182277999999932e-02
1.101215499999999903e+00,7.544109933000000545e-01,-3.887552663999999797e-02,-2.177771892000000126e-02
1.101505600000000085e+00,7.539310690999999620e-01,-3.817372842999999794e-02,-2.212797225999999992e-02
1.101795599999999986e+00,7.539398807999999619e-01,-3.699379415000000199e-02,-2.261835048000000042e-02
1.102089400000000108e+00,7.532736153000000323e-01,-3.531320313999999905e-02,-2.317515012999999888e-02
1.102383099999999949e+00,7.535047792000000300e-01,-3.308253401999999843e-02,-2.385536032999999861e-02
1.102676800000000013e+00,7.535595274999999926e-01,-3.078605423999999924e-02,-2.451046654999999852e-02
1.102970500000000076e+00,7.534859202999999450e-01,-2.844077500999999883e-02,-2.514644976000000171e-02
1.103264299999999976e+00,7.528983156999999871e-01,-2.620210602999999833e-02,-2.568947037999999919e-02
1.103558000000000039e+00,7.514739455000000179e-01,-2.395270633000000024e-02,-2.619850736000000138e-02
1.103851700000000102e+00,7.495743887000000383e-01,-2.203316245000000104e-02,-2.660099575999999924e-02
1.104145399999999944e+00,7.475782385999999446e-01,-2.028839672000000080e-02,-2.696929298000000016e-02
1.104439200000000065e+00,7.455326136000000048e-01,-1.843046517000000023e-02,-2.735119957000000171e-02
1.104732899999999907e+00,7.436279497000000127e-01,-1.686530575000000018e-02,-2.763666303999999865e-02
1.105022399999999960e+00,7.414266325999999685e-01,-1.560140571999999934e-02,-2.789326992999999894e-02
1.105312000000000072e+00,7.392512221999999467e-01,-1.425309773999999981e-02,-2.810623498999999942e-02
1.105601499999999904e+00,7.371846656999999636e-01,-1.324255920999999926e-02,-2.828784569000000054e-02
1.105890999999999957e+00,7.353892241999999690e-01,-1.252741790000000063e-02,-2.841482035999999892e-02
1.106180500000000011e+00,7.332270169000000282e-01,-1.181499639999999962e-02,-2.853555882999999835e-02
1.106470099999999901e+00,7.309631531000000404e-01,-1.139718322999999991e-02,-2.862291146000000078e-02
1.106759599999999955e+00,7.285803839000000171e-01,-1.080872750999999944e-02,-2.864215271000000035e-02
1.107049100000000008e+00,7.265244840000000259e-01,-1.035208521000000048e-02,-2.866762113999999848e-02
1.107338699999999898e+00,7.244252458000000061e-01,-1.018477431999999933e-02,-2.859750531000000012e-02
1.107633000000000090e+00,7.221207833999999659e-01,-1.036605279000000004e-02,-2.844785605000000120e-02
1.107927399999999896e+00,7.199147663999999613e-01,-1.062654939000000007e-02,-2.830106137999999910e-02
1.108221700000000087e+00,7.178960277000000501e-01,-1.109421397999999989e-02,-2.811360611000000148e-02
1.108516099999999893e+00,7.161109558999999569e-01,-1.174196299000000027e-02,-2.796410163999999907e-02
1.108810400000000085e+00,7.146464654999999944e-01,-1.253670605999999965e-02,-2.774082845999999852e-02
1.109104799999999891e+00,7.135070725000000058e-01,-1.356372230999999991e-02,-2.753572186000000088e-02
1.109399199999999919e+00,7.122340986999999846e-01,-1.461174873999999957e-02,-2.723485289000000115e-02
1.109693500000000110e+00,7.114503719000000448e-01,-1.609560103000000006e-02,-2.689409062999999905e-02
1.109987899999999916e+00,7.115123144999999649e-01,-1.752418291000000169e-02,-2.657397447999999829e-02
1.110282200000000108e+00,7.113897837999999529e-01,-1.923439943000000013e-02,-2.625398273000000005e-02
1.110576599999999914e+00,7.113281425999999907e-01,-2.076722850999999925e-02,-2.603598614000000172e-02
1.110870900000000105e+00,7.115181772999999987e-01,-2.215808828999999910e-02,-2.592575973000000103e-02
1.111165299999999911e+00,7.112129144000000069e-01,-2.322664903999999836e-02,-2.585796763999999998e-02
1.111453500000000094e+00,7.109207381000000048e-01,-2.404849023000000044e-02,-2.574076965999999925e-02
1.111741700000000055e+00,7.101399954999999542e-01,-2.468853559999999864e-02,-2.562215487000000028e-02
1.112030000000000074e+00,7.097789864000000337e-01,-2.527124524000000025e-02,-2.557827894000000088e-02
1.112318200000000035e+00,7.095585417999999978e-01,-2.584413782999999895e-02,-2.551774831000000118e-02
1.112606399999999995e+00,7.105359679999999623e-01,-2.615148721999999842e-02,-2.555573749000000089e-02
1.112894599999999956e+00,7.112738063000000333e-01,-2.627461516000000052e-02,-2.557810806000000020e-02
1.113182899999999975e+00,7.127484819999999610e-01,-2.607184371000000056e-02,-2.565116824999999837e-02
1.113471099999999936e+00,7.139522801000000030e-01,-2.585195564000000029e-02,-2.571305273000000155e-02
1.113759299999999897e+00,7.158713201999999942e-01,-2.537909278000000102e-02,-2.582172275000000142e-02
1.114047500000000079e+00,7.179302655000000533e-01,-2.466409678999999938e-02,-2.588920330000000006e-02
1.114335700000000040e+00,7.195837625000000015e-01,-2.417663914999999830e-02,-2.586420046000000028e-02
1.114624000000000059e+00,7.214425518000000537e-01,-2.362603266000000077e-02,-2.587989255999999932e-02
1.114912200000000020e+00,7.227962478999999663e-01,-2.294717338000000148e-02,-2.595072752999999857e-02
1.115200399999999981e+00,7.237436163999999561e-01,-2.259486956000000130e-02,-2.586264502999999909e-02
1.115488599999999941e+00,7.239872540999999773e-01,-2.227687687000000014e-02,-2.571866517999999921e-02
1.115768400000000105e+00,7.252563377999999839e-01,-2.183692077000000051e-02,-2.563679477999999956e-02
1.116048099999999987e+00,7.258419863999999722e-01,-2.185266384000000145e-02,-2.558441210999999951e-02
1.116327899999999929e+00,7.263861028000000442e-01,-2.185696469000000114e-02,-2.555403008999999892e-02
1.116607600000000033e+00,7.269295011999999945e-01,-2.181112044000000152e-02,-2.554590073000000128e-02
1.116887399999999975e+00,7.278548778000000219e-01,-2.199633339000000090e-02,-2.552776506999999973e-02
1.117167100000000080e+00,7.285211533000000017e-01,-2.250820648000000090e-02,-2.544008282000000121e-02
1.117446900000000021e+00,7.285906285000000038e-01,-2.316098391999999936e-02,-2.528544475000000027e-02
1.117716600000000060e+00,7.298738585999999806e-01,-2.403939742000000060e-02,-2.508690083999999890e-02
1.117986399999999936e+00,7.304394230999999849e-01,-2.453834285999999948e-02,-2.497193488999999850e-02
1.118256099999999975e+00,7.302380589000000422e-01,-2.507794157000000149e-02,-2.482821237999999903e-02
1.118525900000000073e+00,7.295864720000000414e-01,-2.516428400999999940e-02,-2.473786170999999964e-02
1.118795599999999890e+00,7.291206676000000497e-01,-2.512057661000000053e-02,-2.467458507000000120e-02
1.119065399999999988e+00,7.290299891000000532e-01,-2.533811848000000130e-02,-2.458355523000000167e-02
1.119323400000000079e+00,7.301267289999999743e-01,-2.543989991000000089e-02,-2.450943938000000114e-02
1.119581399999999949e+00,7.300078609000000274e-01,-2.572395201999999950e-02,-2.437778621999999937e-02
1.119839500000000099e+00,7.303720618000000275e-01,-2.602026416000000064e-02,-2.422205078000000053e-02
1.120097499999999968e+00,7.303548747000000452e-01,-2.637158213999999876e-02,-2.399489817000000080e-02
1.120355500000000060e+00,7.288575734000000139e-01,-2.675808552999999965e-02,-2.370100888999999988e-02
1.120613499999999929e+00,7.275887416999999857e-01,-2.692606294999999941e-02,-2.349717974999999959e-02
1.120857200000000109e+00,7.289639056000000172e-01,-2.730320730000000001e-02,-2.335346079999999977e-02
1.121100900000000067e+00,7.278453298999999488e-01,-2.751345883000000034e-02,-2.322988896000000025e-02
1.121344600000000025e+00,7.263846054999999469e-01,-2.770576858999999892e-02,-2.310770281999999926e-02
1.121588299999999983e+00,7.258617039000000437e-01,-2.779117403000000083e-02,-2.305568003000000102e-02
1.121831999999999940e+00,7.257484522999999577e-01,-2.796697658000000045e-02,-2.300825768000000146e-02
1.122075699999999898e+00,7.265297918999999993e-01,-2.822250227999999889e-02,-2.298279836000000076e-02
1.122319400000000078e+00,7.275488963999999781e-01,-2.833569375000000168e-02,-2.298971808999999977e-02
1.122563100000000036e+00,7.283282776999999708e-01,-2.850277714999999851e-02,-2.298515443999999894e-02
1.122806799999999994e+00,7.285135292000000096e-01,-2.890418952000000166e-02,-2.286919645000000043e-02
1.123050499999999952e+00,7.293222052000000177e-01,-2.946418974000000052e-02,-2.278568127000000013e-02
1.123294199999999909e+00,7.304122196000000233e-01,-2.999321999000000016e-02,-2.269489917999999856e-02
1.123537800000000031e+00,7.315506021000000025e-01,-3.041456757999999941e-02,-2.263872832999999987e-02
1.123781499999999989e+00,7.323483056999999796e-01,-3.027824414000000047e-02,-2.260040079999999993e-02
1.124025199999999947e+00,7.336118469000000308e-01,-3.005698159000000022e-02,-2.260450339999999989e-02
1.124268899999999904e+00,7.345093795999999564e-01,-3.012211815999999917e-02,-2.247060063000000038e-02
1.124512600000000084e+00,7.358759268000000242e-01,-2.977539695000000139e-02,-2.247607739000000160e-02
1.124756300000000042e+00,7.388421381999999982e-01,-2.913192275000000067e-02,-2.266198649000000093e-02
1.125000000000000000e+00,7.432475049000000222e-01,-2.825862128000000001e-02,-2.296218884999999890e-02
1.125261300000000020e+00,7.442979508999999494e-01,-2.728755067000000062e-02,-2.316280101000000105e-02
1.125525000000000109e+00,7.476424144000000105e-01,-2.652774240999999922e-02,-2.337489603999999901e-02
1.125791599999999892e+00,7.498662355999999862e-01,-2.583049852999999910e-02,-2.352019866000000167e-02
1.126060800000000084e+00,7.512265469000000140e-01,-2.472443922999999905e-02,-2.365867153999999875e-02
1.126332499999999959e+00,7.526516925999999774e-01,-2.375183650000000160e-02,-2.375028604999999959e-02
1.126606699999999961e+00,7.541416829999999516e-01,-2.293583020000000000e-02,-2.372160057000000100e-02
1.126882699999999904e+00,7.551302131999999556e-01,-2.235478944000000162e-02,-2.363070698999999997e-02
1.127160299999999893e+00,7.565468372000000441e-01,-2.200267247999999898e-02,-2.350729219999999828e-02
1.127439400000000091e+00,7.572550403000000152e-01,-2.144416462000000093e-02,-2.342578672999999848e-02
1.127720300000000009e+00,7.582577891999999764e-01,-2.087588938999999921e-02,-2.343062580000000034e-02
1.128002399999999961e+00,7.586793024000000329e-01,-2.085123201000000162e-02,-2.328354162000000060e-02
1.128285200000000099e+00,7.591092038000000208e-01,-2.089393508999999940e-02,-2.315924031999999980e-02
1.128568599999999922e+00,7.606355295000000183e-01,-2.113291575999999908e-02,-2.304450716000000163e-02
1.128852100000000025e+00,7.623431204999999711e-01,-2.175476738999999882e-02,-2.286129610000000104e-02
1.129135599999999906e+00,7.641891442999999562e-01,-2.239833613999999903e-02,-2.269929264000000030e-02
1.129418899999999892e+00,7.655472830999999756e-01,-2.327928660000000080e-02,-2.250672687000000033e-02
1.129701599999999972e+00,7.677710237999999521e-01,-2.449357932000000015e-02,-2.233058531999999874e-02
1.129983200000000076e+00,7.693093395000000223e-01,-2.634743541000000161e-02,-2.194437633999999845e-02
1.130263699999999982e+00,7.716843513000000154e-01,-2.811257871999999977e-02,-2.160279437999999830e-02
1.130543199999999970e+00,7.723807610999999795e-01,-3.014999109000000149e-02,-2.109873946999999902e-02
1.130821599999999982e+00,7.729199694999999704e-01,-3.235969282000000086e-02,-2.058520738999999877e-02
1.131098799999999960e+00,7.736287085999999924e-01,-3.448368976999999919e-02,-2.010230324999999832e-02
1.131374499999999950e+00,7.737453348999999703e-01,-3.678701907999999687e-02,-1.955408683999999842e-02
1.131648999999999905e+00,7.739002199000000193e-01,-3.877607244999999730e-02,-1.906448444000000131e-02
1.131922000000000095e+00,7.736252844000000017e-01,-4.075008128999999674e-02,-1.859589248000000083e-02
1.132193699999999970e+00,7.733133106999999784e-01,-4.273824805999999754e-02,-1.817374676999999883e-02
1.132463900000000079e+00,7.720794328000000206e-01,-4.463854276999999759e-02,-1.767278954000000082e-02
1.132732800000000095e+00,7.703511608999999982e-01,-4.667079739999999838e-02,-1.709555025000000089e-02
1.133000699999999972e+00,7.681184407000000158e-01,-4.914790695000000043e-02,-1.635795099999999905e-02
1.133267599999999931e+00,7.661276300999999567e-01,-5.123590168000000111e-02,-1.575941297000000088e-02
1.133533899999999983e+00,7.637142034999999662e-01,-5.325734711999999954e-02,-1.518315557999999968e-02
1.133799999999999919e+00,7.615015776000000347e-01,-5.527184791999999874e-02,-1.465559324000000052e-02
1.134066199999999913e+00,7.596521663999999951e-01,-5.708720796999999791e-02,-1.419404240999999969e-02
1.134332499999999966e+00,7.570248095999999594e-01,-5.885433577000000194e-02,-1.369361426999999957e-02
1.134599600000000041e+00,7.546672853000000458e-01,-6.085022695000000259e-02,-1.318189730999999934e-02
1.134867700000000035e+00,7.520363871999999894e-01,-6.252369270999999507e-02,-1.275067327999999944e-02
1.135137199999999957e+00,7.490598330000000082e-01,-6.396662724000000411e-02,-1.232607688000000000e-02
1.135408399999999984e+00,7.468784553999999742e-01,-6.509944629000000149e-02,-1.208635427000000033e-02
1.135681299999999894e+00,7.444941831000000398e-01,-6.596642694000000307e-02,-1.181255338999999925e-02
1.135956100000000024e+00,7.416527021000000053e-01,-6.628999285999999380e-02,-1.163145194999999979e-02
1.136232499999999979e+00,7.391145808000000317e-01,-6.600189200000000644e-02,-1.164320249000000071e-02
1.136510799999999932e+00,7.357545220000000219e-01,-6.556986703999999333e-02,-1.163486491000000067e-02
1.136790900000000049e+00,7.333201177000000515e-01,-6.416804837999999511e-02,-1.179436545000000017e-02
1.137072899999999942e+00,7.311456897000000454e-01,-6.292636291000000548e-02,-1.197219681000000029e-02
1.137356800000000057e+00,7.292173873999999723e-01,-6.110843635999999718e-02,-1.227760477000000051e-02
1.137642599999999948e+00,7.273073435000000364e-01,-5.874634319000000132e-02,-1.265889044000000074e-02
1.137930200000000003e+00,7.260758780999999606e-01,-5.583262795999999889e-02,-1.311406071999999916e-02
1.138219400000000103e+00,7.254042112999999903e-01,-5.293997696999999669e-02,-1.361982265000000018e-02
1.138510200000000028e+00,7.253210002000000101e-01,-5.001215260999999912e-02,-1.415331092000000034e-02
1.138802199999999987e+00,7.251928261000000209e-01,-4.703918597000000118e-02,-1.470111206999999941e-02
1.139095399999999980e+00,7.246789121000000167e-01,-4.419896999999999715e-02,-1.524002307999999979e-02
1.139389800000000008e+00,7.241638602000000091e-01,-4.140626273999999801e-02,-1.578460113999999997e-02
1.139685099999999895e+00,7.235732093000000198e-01,-3.874454422999999703e-02,-1.632057590999999933e-02
1.139981700000000098e+00,7.229398408999999637e-01,-3.611177112999999772e-02,-1.684482573999999955e-02
1.140279199999999937e+00,7.232101444999999851e-01,-3.365843434000000134e-02,-1.734901557000000094e-02
1.140577699999999917e+00,7.239156320999999839e-01,-3.138499897000000122e-02,-1.791573310000000099e-02
1.140876699999999966e+00,7.244775843999999854e-01,-2.895858884000000050e-02,-1.851202756999999893e-02
1.141176500000000038e+00,7.253107990999999588e-01,-2.688654476999999959e-02,-1.914441306000000051e-02
1.141476500000000005e+00,7.264123245000000395e-01,-2.529589223999999942e-02,-1.974552010000000038e-02
1.141776499999999972e+00,7.282108599000000071e-01,-2.422694166999999829e-02,-2.036928358000000133e-02
1.142076300000000044e+00,7.305261063000000332e-01,-2.312693382000000075e-02,-2.103338537999999841e-02
1.142375099999999977e+00,7.322415767000000075e-01,-2.217359890000000083e-02,-2.164002698999999835e-02
1.142672799999999933e+00,7.334951802000000409e-01,-2.141172418999999841e-02,-2.208457902999999903e-02
1.142969099999999960e+00,7.342285156000000201e-01,-2.136582344000000078e-02,-2.235516850000000139e-02
1.143263499999999988e+00,7.352199924000000220e-01,-2.164912639999999958e-02,-2.255278318000000087e-02
1.143555899999999959e+00,7.359479941000000025e-01,-2.232411579999999882e-02,-2.264159152000000050e-02
1.143846399999999930e+00,7.369899994999999926e-01,-2.358493816999999992e-02,-2.262490614000000136e-02
1.144134500000000054e+00,7.385748028999999937e-01,-2.494753081000000011e-02,-2.256033332000000058e-02
1.144420400000000004e+00,7.404599326999999898e-01,-2.689655258000000007e-02,-2.238360523999999990e-02
1.144703900000000107e+00,7.420984775000000200e-01,-2.936717710999999995e-02,-2.204351738999999963e-02
1.144985200000000036e+00,7.436916005999999468e-01,-3.206711574999999981e-02,-2.161073030999999950e-02
1.145264599999999966e+00,7.450030944000000099e-01,-3.456101400000000101e-02,-2.120692269000000116e-02
1.145541900000000002e+00,7.454128713000000017e-01,-3.664265566000000224e-02,-2.076359719000000006e-02
1.145817300000000039e+00,7.475983418999999630e-01,-3.840618872999999878e-02,-2.052019876000000034e-02
1.146090999999999971e+00,7.495098189000000133e-01,-4.013993244999999876e-02,-2.027816656999999884e-02
1.146363100000000079e+00,7.518105094999999460e-01,-4.212564984000000123e-02,-1.997477683999999976e-02
1.146633599999999920e+00,7.541186227999999714e-01,-4.364154568999999845e-02,-1.977742353000000106e-02
1.146902799999999889e+00,7.559339454000000291e-01,-4.498792813000000029e-02,-1.949820579000000054e-02
1.147170900000000104e+00,7.571670562000000215e-01,-4.574153864000000264e-02,-1.931047539000000160e-02
1.147437999999999958e+00,7.580666752000000397e-01,-4.604632201000000147e-02,-1.919725351000000149e-02
1.147704300000000011e+00,7.592140022000000155e-01,-4.658323932999999806e-02,-1.905383940999999873e-02
1.147969699999999982e+00,7.601721621999999456e-01,-4.713472330000000043e-02,-1.885203784999999951e-02
1.148234800000000000e+00,7.610290296999999704e-01,-4.725923408999999770e-02,-1.873706048999999874e-02
1.148499699999999901e+00,7.621509813000000300e-01,-4.745848460999999713e-02,-1.863513292999999932e-02
1.148764399999999908e+00,7.630351358000000417e-01,-4.745471299000000170e-02,-1.855922893000000115e-02
1.149028900000000020e+00,7.644981722999999452e-01,-4.753566254000000241e-02,-1.850238671999999973e-02
1.149293399999999910e+00,7.661588862000000555e-01,-4.729705738000000020e-02,-1.847602979000000090e-02
1.149557600000000068e+00,7.679492465999999684e-01,-4.670293282000000101e-02,-1.852027192999999849e-02
1.149821500000000052e+00,7.695183090999999642e-01,-4.612302512000000104e-02,-1.850537455999999928e-02
1.150085000000000024e+00,7.711090457000000509e-01,-4.532778467999999672e-02,-1.851360003000000060e-02
1.150348099999999985e+00,7.730925902999999932e-01,-4.433098666000000188e-02,-1.861258479000000091e-02
1.150610799999999934e+00,7.742934045999999570e-01,-4.356888839999999846e-02,-1.864028398999999919e-02
1.150873100000000093e+00,7.753420421000000173e-01,-4.289938343000000015e-02,-1.864040253999999994e-02
1.151135000000000019e+00,7.763642809999999894e-01,-4.238327931000000076e-02,-1.862148175999999919e-02
1.151396300000000039e+00,7.773294187000000521e-01,-4.168812848999999682e-02,-1.868614289000000012e-02
1.151657300000000106e+00,7.779016185999999555e-01,-4.106450443000000256e-02,-1.866645402000000065e-02
1.151917800000000103e+00,7.785505791000000286e-01,-4.065770280000000070e-02,-1.861251891000000047e-02
1.152178200000000041e+00,7.777761091999999543e-01,-4.040546878000000203e-02,-1.842877178999999949e-02
1.152438099999999910e+00,7.769308163000000489e-01,-3.997261424000000257e-02,-1.829672640999999850e-02
1.152697899999999942e+00,7.757951208000000154e-01,-3.956062333000000264e-02,-1.813998748000000133e-02
1.152957599999999916e+00,7.736636997000000404e-01,-3.918648398999999977e-02,-1.795337275999999913e-02
1.153217399999999948e+00,7.709151833999999814e-01,-3.910321834000000246e-02,-1.771071046000000093e-02
1.153477199999999980e+00,7.679435850000000396e-01,-3.924998292000000250e-02,-1.746411617999999930e-02
1.153737100000000071e+00,7.651216739999999739e-01,-3.931297577000000126e-02,-1.727905718999999882e-02
1.153997299999999893e+00,7.619176108999999864e-01,-3.974700569999999739e-02,-1.698160787999999921e-02
1.154257599999999995e+00,7.589443707999999900e-01,-4.018440227000000253e-02,-1.680733632000000130e-02
1.154518399999999945e+00,7.561276265999999913e-01,-4.070594846000000211e-02,-1.665079553999999906e-02
1.154779299999999953e+00,7.532167268999999665e-01,-4.152895783999999840e-02,-1.646795139999999991e-02
1.155040800000000090e+00,7.511807427000000148e-01,-4.228465518999999923e-02,-1.643048173999999903e-02
1.155302800000000074e+00,7.493555982999999809e-01,-4.278745211999999964e-02,-1.646082277999999857e-02
1.155565100000000012e+00,7.479299467000000146e-01,-4.295212419000000309e-02,-1.658508917999999832e-02
1.155828000000000078e+00,7.471086039000000012e-01,-4.303277848999999960e-02,-1.678212901000000062e-02
1.156091299999999933e+00,7.461300186999999529e-01,-4.322325722999999925e-02,-1.701520479999999932e-02
1.156355299999999975e+00,7.448016085999999980e-01,-4.306243650000000228e-02,-1.731158093000000064e-02
1.156619599999999970e+00,7.439957510000000385e-01,-4.284242796999999936e-02,-1.764442203999999972e-02
1.156884599999999930e+00,7.436359484000000242e-01,-4.242928420000000034e-02,-1.803403426999999892e-02
1.157149900000000065e+00,7.437762063999999729e-01,-4.216145338999999909e-02,-1.845632766000000063e-02
1.157415899999999942e+00,7.438361691000000553e-01,-4.198788260999999911e-02,-1.884047068999999963e-02
1.157682300000000053e+00,7.438462558999999752e-01,-4.181554764999999979e-02,-1.917195396000000163e-02
1.157949099999999953e+00,7.430701562999999510e-01,-4.167214894000000058e-02,-1.941192981999999984e-02
1.158216399999999924e+00,7.422602678999999926e-01,-4.150426521000000202e-02,-1.962658159000000083e-02
1.158484000000000069e+00,7.412579073999999713e-01,-4.147201369999999748e-02,-1.976315476999999932e-02
1.158751899999999946e+00,7.411643973000000551e-01,-4.172228514000000249e-02,-1.988576489000000100e-02
1.159019699999999986e+00,7.404968033000000061e-01,-4.193661105000000278e-02,-1.990201179000000015e-02
1.159287600000000085e+00,7.400228173999999770e-01,-4.159941000999999722e-02,-1.999100377000000150e-02
1.159555600000000020e+00,7.395006457999999672e-01,-4.073665528999999980e-02,-2.012112942999999890e-02
1.159823700000000013e+00,7.400191420999999714e-01,-3.965583738000000302e-02,-2.032445977000000084e-02
1.160091999999999901e+00,7.402444185000000010e-01,-3.836434215000000120e-02,-2.056560986000000035e-02
1.160360700000000023e+00,7.402085354999999867e-01,-3.684473216999999828e-02,-2.076179023000000040e-02
1.160629600000000039e+00,7.406985683000000265e-01,-3.528030983000000204e-02,-2.103480920000000073e-02
1.160898500000000055e+00,7.427663880000000551e-01,-3.370721490999999820e-02,-2.147223507000000156e-02
1.161167400000000072e+00,7.452599826000000371e-01,-3.214389053999999746e-02,-2.191006737000000121e-02
1.161436300000000088e+00,7.484150642000000353e-01,-3.087195217999999866e-02,-2.233369304999999888e-02
1.161705500000000058e+00,7.514876157000000001e-01,-2.983154660999999888e-02,-2.270793889999999857e-02
1.161974599999999969e+00,7.532303424999999830e-01,-2.914893065000000172e-02,-2.292134764999999991e-02
1.162244199999999950e+00,7.554024651999999840e-01,-2.900138648999999944e-02,-2.306972980000000090e-02
1.162514100000000106e+00,7.572299728000000396e-01,-2.899612179999999997e-02,-2.313035947000000037e-02
1.162784599999999946e+00,7.582903202999999870e-01,-2.901275061999999960e-02,-2.312027389000000099e-02
1.163055200000000067e+00,7.578448990999999690e-01,-2.906954595000000099e-02,-2.304122776000000136e-02
1.163326099999999919e+00,7.566225884999999707e-01,-2.931392454000000120e-02,-2.287270121999999961e-02
1.163597100000000051e+00,7.560921509000000373e-01,-2.968160371000000061e-02,-2.275461079000000095e-02
1.163868200000000019e+00,7.556577370999999488e-01,-2.992188985000000107e-02,-2.277937455999999930e-02
1.164139299999999988e+00,7.551690408000000243e-01,-2.990871126000000171e-02,-2.290198790000000026e-02
1.164410100000000003e+00,7.551794491000000109e-01,-2.983998415999999931e-02,-2.304099231000000109e-02
1.164680600000000066e+00,7.553599860999999915e-01,-2.993335209000000038e-02,-2.323186552999999960e-02
1.164951000000000070e+00,7.558376202000000044e-01,-2.971266411999999926e-02,-2.352425506999999971e-02
1.165221199999999957e+00,7.567215064000000213e-01,-2.924674512000000060e-02,-2.396799735999999986e-02
1.165491400000000066e+00,7.573595950999999493e-01,-2.890453137000000006e-02,-2.440445645000000052e-02
1.165761400000000059e+00,7.580150975999999652e-01,-2.835787295000000152e-02,-2.491803851000000056e-02
1.166031299999999993e+00,7.585220940000000356e-01,-2.805366726999999893e-02,-2.541203485999999831e-02
1.166301299999999985e+00,7.592100732000000018e-01,-2.782647561000000172e-02,-2.596067021999999905e-02
1.166571500000000094e+00,7.596854347000000507e-01,-2.783425406000000074e-02,-2.648650291000000101e-02
1.166841900000000098e+00,7.600039254999999550e-01,-2.788883447999999932e-02,-2.695889274000000044e-02
1.167112399999999939e+00,7.604360341000000467e-01,-2.836824643000000062e-02,-2.737990673000000041e-02
1.167383000000000060e+00,7.605943153999999984e-01,-2.879416082999999849e-02,-2.782831346000000025e-02
1.167653899999999911e+00,7.614494868000000194e-01,-2.938057164999999943e-02,-2.830134072999999917e-02
1.167925000000000102e+00,7.630930043000000440e-01,-2.989084560000000029e-02,-2.882334173000000027e-02
1.168196500000000082e+00,7.649775280999999705e-01,-3.020031293000000061e-02,-2.934831447000000107e-02
1.168468400000000074e+00,7.657886474999999749e-01,-3.044972686999999900e-02,-2.976859701000000163e-02
1.168740899999999971e+00,7.661137577000000087e-01,-3.038558226999999931e-02,-3.015389555000000041e-02
1.169013999999999998e+00,7.657702389999999637e-01,-3.013003662000000166e-02,-3.046706822000000078e-02
1.169287500000000035e+00,7.655396056000000060e-01,-2.988311013999999863e-02,-3.071937555000000056e-02
1.169561499999999921e+00,7.651445664999999563e-01,-2.959415040999999885e-02,-3.093993303999999916e-02
1.169835900000000040e+00,7.645729499000000207e-01,-2.946772719000000096e-02,-3.103763878000000143e-02
1.170110900000000065e+00,7.646570660000000519e-01,-2.920243402000000099e-02,-3.120839763999999975e-02
1.170386200000000043e+00,7.638134938999999735e-01,-2.897046418999999970e-02,-3.126400213999999678e-02
1.170662000000000091e+00,7.634664514000000235e-01,-2.861914248999999910e-02,-3.131765544000000151e-02
1.170938299999999987e+00,7.628024176000000045e-01,-2.849642973000000162e-02,-3.124407218999999958e-02
1.171215099999999953e+00,7.616717160000000542e-01,-2.830367628999999954e-02,-3.115296340000000067e-02
1.171492500000000048e+00,7.601409930000000426e-01,-2.790611822000000145e-02,-3.106646000000000060e-02
1.171770699999999943e+00,7.589393238999999625e-01,-2.734651356000000061e-02,-3.096698255000000094e-02
1.172049600000000025e+00,7.580412078999999581e-01,-2.650415651999999886e-02,-3.089961511000000050e-02
1.172329200000000071e+00,7.572403486000000017e-01,-2.527446620999999893e-02,-3.086167206999999857e-02
1.172609500000000082e+00,7.567163708999999905e-01,-2.349612414000000135e-02,-3.091895349999999876e-02
1.172890699999999953e+00,7.565729277999999614e-01,-2.171927327999999963e-02,-3.096619026999999913e-02
1.173173000000000021e+00,7.555968773000000249e-01,-2.004498039000000148e-02,-3.095436585999999934e-02
1.173456400000000066e+00,7.542468167000000445e-01,-1.849683988999999834e-02,-3.091214956999999847e-02
1.173741099999999982e+00,7.522315692000000054e-01,-1.682898140000000167e-02,-3.081774269000000024e-02
1.174027300000000107e+00,7.506179706000000174e-01,-1.521869887999999921e-02,-3.077088673999999954e-02
1.174314999999999998e+00,7.489446217999999877e-01,-1.380257678999999987e-02,-3.072781914999999850e-02
1.174604200000000098e+00,7.472764067999999593e-01,-1.272154619000000035e-02,-3.065373681999999933e-02
1.174895000000000023e+00,7.454488895999999976e-01,-1.169659984000000034e-02,-3.051167348000000112e-02
1.175187100000000040e+00,7.435639998999999944e-01,-1.088167630000000038e-02,-3.035044149999999857e-02
1.175480599999999987e+00,7.422351861000000550e-01,-1.026411768000000044e-02,-3.021020142999999991e-02
1.175775299999999968e+00,7.407135239000000038e-01,-1.005841713000000040e-02,-3.004726313999999884e-02
1.176071099999999925e+00,7.378984377999999733e-01,-1.010702274999999983e-02,-2.974325400000000022e-02
1.176367799999999963e+00,7.346583851000000331e-01,-1.081600700000000075e-02,-2.931714453999999942e-02
1.176665199999999967e+00,7.312658909999999457e-01,-1.191583199000000037e-02,-2.881361634000000060e-02
1.176962999999999981e+00,7.283347714000000250e-01,-1.309745915999999989e-02,-2.833975287999999926e-02
1.177260699999999938e+00,7.265781918999999478e-01,-1.418048212999999981e-02,-2.796938608999999937e-02
1.177558099999999941e+00,7.250038421000000177e-01,-1.539396833000000048e-02,-2.762369259999999938e-02
1.177854500000000026e+00,7.238412567999999991e-01,-1.701714316000000130e-02,-2.722716470000000055e-02
1.178149499999999961e+00,7.223820549999999674e-01,-1.900282309999999988e-02,-2.678108515000000162e-02
1.178442900000000071e+00,7.208128353999999627e-01,-2.122045456000000094e-02,-2.626724899999999946e-02
1.178734699999999913e+00,7.194406334999999819e-01,-2.353857557000000114e-02,-2.573602435000000091e-02
1.179024400000000083e+00,7.187467387000000540e-01,-2.571280987999999962e-02,-2.529217651000000011e-02
1.179312300000000091e+00,7.182300272999999624e-01,-2.789903688999999937e-02,-2.489295637000000019e-02
1.179598099999999983e+00,7.179350008999999533e-01,-3.010729015000000036e-02,-2.445834638999999991e-02
1.179881900000000039e+00,7.174456303999999784e-01,-3.226390442000000303e-02,-2.397094039000000065e-02
1.180163700000000038e+00,7.174861331999999869e-01,-3.426562011999999963e-02,-2.354608478000000046e-02
1.180443499999999979e+00,7.175772665999999855e-01,-3.569605271000000218e-02,-2.320487708999999926e-02
1.180721399999999921e+00,7.183572539000000479e-01,-3.677103303999999795e-02,-2.298273430999999908e-02
1.180997499999999922e+00,7.195267373000000521e-01,-3.759171926999999719e-02,-2.282993050000000149e-02
1.181272099999999936e+00,7.206685975000000077e-01,-3.808563816999999824e-02,-2.269039339000000072e-02
1.181545199999999962e+00,7.217239363999999879e-01,-3.833267299999999767e-02,-2.258214826000000050e-02
1.181816900000000059e+00,7.221025259000000140e-01,-3.822838283999999837e-02,-2.245415589000000073e-02
1.182087200000000005e+00,7.224089376000000229e-01,-3.819631987000000201e-02,-2.226939962000000148e-02
1.182356399999999974e+00,7.231205993999999526e-01,-3.757707339000000007e-02,-2.217356641000000142e-02
1.182624700000000084e+00,7.239090981000000369e-01,-3.681448234999999680e-02,-2.212444121000000166e-02
1.182892099999999891e+00,7.245602017000000172e-01,-3.549715467999999680e-02,-2.213956812999999871e-02
1.183158799999999955e+00,7.254835796999999920e-01,-3.414078865999999740e-02,-2.215253312999999891e-02
1.183424800000000054e+00,7.265603426000000198e-01,-3.295990434999999941e-02,-2.212086573999999875e-02
1.183690399999999920e+00,7.273639317000000215e-01,-3.173524300000000326e-02,-2.211112554999999924e-02
1.183955799999999892e+00,7.278850759999999642e-01,-3.049974005999999890e-02,-2.202848405999999898e-02
1.184220899999999910e+00,7.279939983000000003e-01,-2.917366366999999891e-02,-2.195288069999999994e-02
1.184485800000000033e+00,7.283088714000000019e-01,-2.797486965999999853e-02,-2.183524812000000107e-02
1.184750500000000040e+00,7.283198137999999933e-01,-2.682573255999999920e-02,-2.171535074000000010e-02
1.185014999999999930e+00,7.282013898000000429e-01,-2.581896917000000083e-02,-2.155146141000000015e-02
1.185279200000000088e+00,7.282759945000000235e-01,-2.490732174999999923e-02,-2.140637213000000025e-02
1.185543500000000083e+00,7.282046678000000384e-01,-2.390204026000000009e-02,-2.131516795000000172e-02
1.185807499999999903e+00,7.275227518000000337e-01,-2.283373355999999965e-02,-2.120140397999999843e-02
1.186071300000000051e+00,7.263329868000000245e-01,-2.176664416999999838e-02,-2.105732801000000098e-02
1.186334900000000081e+00,7.250968362999999917e-01,-2.093848909999999897e-02,-2.095008233000000136e-02
1.186598000000000042e+00,7.235457494000000489e-01,-2.036200591000000143e-02,-2.080870917999999917e-02
1.186860999999999944e+00,7.224812269999999481e-01,-2.001741992999999872e-02,-2.064000491999999978e-02
1.187123900000000010e+00,7.215668303000000172e-01,-1.971880587000000157e-02,-2.043120757999999926e-02
1.187386599999999959e+00,7.209882240999999636e-01,-1.966617757999999938e-02,-2.023648134000000098e-02
1.187649100000000013e+00,7.204845628999999585e-01,-1.975606373999999957e-02,-2.002124401999999873e-02
1.187911500000000009e+00,7.200509058999999823e-01,-2.010734126999999885e-02,-1.980524784000000163e-02
1.188174000000000063e+00,7.197142667999999466e-01,-2.044746785000000136e-02,-1.962766368000000081e-02
1.188436499999999896e+00,7.190147534999999923e-01,-2.075894162999999959e-02,-1.940687424000000008e-02
1.188698999999999950e+00,7.177266970000000246e-01,-2.126640478999999861e-02,-1.913954563999999831e-02
1.188961500000000004e+00,7.160839187999999966e-01,-2.173106715999999911e-02,-1.888877681000000058e-02
1.189223900000000000e+00,7.148952603999999544e-01,-2.212484891000000148e-02,-1.870439479999999946e-02
1.189486599999999950e+00,7.139380248000000151e-01,-2.270868192000000119e-02,-1.849896695000000091e-02
1.189749299999999899e+00,7.132852858999999546e-01,-2.320036774999999912e-02,-1.830045728000000149e-02
1.190012000000000070e+00,7.129675838000000265e-01,-2.401597223000000170e-02,-1.806784426000000027e-02
1.190274999999999972e+00,7.133969611999999572e-01,-2.473656545999999845e-02,-1.790580174999999857e-02
1.190537900000000038e+00,7.143598103999999616e-01,-2.563571060000000013e-02,-1.776691746000000002e-02
1.190800999999999998e+00,7.156099071000000533e-01,-2.652165769999999950e-02,-1.768585371999999850e-02
1.191064399999999912e+00,7.168941908999999502e-01,-2.733613069000000173e-02,-1.761190663000000017e-02
1.191327999999999943e+00,7.184769665000000360e-01,-2.842182478000000040e-02,-1.751630325000000030e-02
1.191591800000000090e+00,7.199905268999999830e-01,-2.969033739000000172e-02,-1.736324813000000161e-02
1.191856100000000085e+00,7.213251738999999496e-01,-3.110886426000000066e-02,-1.714196517999999961e-02
1.192120599999999975e+00,7.225603693000000050e-01,-3.258135109000000196e-02,-1.688006090000000042e-02
1.192385599999999934e+00,7.242684138999999632e-01,-3.406336587000000082e-02,-1.662006444999999943e-02
1.192650800000000011e+00,7.262187218000000222e-01,-3.585810486999999741e-02,-1.626614187000000045e-02
1.192916400000000099e+00,7.281754598999999883e-01,-3.790172130000000333e-02,-1.584341725999999922e-02
1.193182299999999918e+00,7.305922103999999973e-01,-4.002711409999999692e-02,-1.541801402000000064e-02
1.193448400000000076e+00,7.330341004000000549e-01,-4.166211060999999716e-02,-1.507740433000000040e-02
1.193714900000000023e+00,7.356372143999999613e-01,-4.321864674999999906e-02,-1.475605439999999949e-02
1.193981699999999924e+00,7.383070702999999790e-01,-4.488858896000000320e-02,-1.436761154000000019e-02
1.194248999999999894e+00,7.408408722999999529e-01,-4.677712593999999724e-02,-1.388732129000000079e-02
1.194516499999999981e+00,7.431951536999999997e-01,-4.914463646000000185e-02,-1.331015221999999956e-02
1.194784499999999916e+00,7.452593557000000146e-01,-5.156875705999999782e-02,-1.268899560000000086e-02
1.195052699999999968e+00,7.473286686000000234e-01,-5.372955053000000314e-02,-1.208930526000000054e-02
1.195321300000000031e+00,7.491018873000000466e-01,-5.573771169999999775e-02,-1.148253052000000086e-02
1.195590300000000106e+00,7.501242335000000150e-01,-5.784826872999999925e-02,-1.082041538999999920e-02
1.195859699999999970e+00,7.506119051999999847e-01,-5.982097717999999842e-02,-1.018727317999999944e-02
1.196129299999999951e+00,7.506933686000000217e-01,-6.185891207000000086e-02,-9.513922992000000550e-03
1.196399400000000002e+00,7.504794235999999730e-01,-6.381340350000000439e-02,-8.891002115999999816e-03
1.196669699999999947e+00,7.496537865000000300e-01,-6.579722801000000010e-02,-8.226975843000000621e-03
1.196940600000000021e+00,7.492336831999999447e-01,-6.777248671999999696e-02,-7.642199817000000332e-03
1.197211599999999931e+00,7.479371191000000474e-01,-6.969383388000000012e-02,-7.037475762000000058e-03
1.197483199999999970e+00,7.461837962999999796e-01,-7.134184792000000663e-02,-6.516571813999999865e-03
1.197754999999999903e+00,7.439624849000000539e-01,-7.285249422999999502e-02,-6.009453504000000258e-03
1.198026999999999953e+00,7.413597096999999803e-01,-7.407146312000000010e-02,-5.555934832000000365e-03
1.198299100000000061e+00,7.391212742999999641e-01,-7.488178174000000020e-02,-5.295111528000000407e-03
1.198571400000000065e+00,7.370343688999999587e-01,-7.549792225000000190e-02,-5.125371931000000277e-03
1.198843700000000068e+00,7.348020309999999666e-01,-7.613777830000000024e-02,-5.032294530999999703e-03
1.199116000000000071e+00,7.322747276000000083e-01,-7.648760883999999871e-02,-4.989621627000000170e-03
1.199388300000000074e+00,7.297140108999999875e-01,-7.648057221000000017e-02,-5.010867676000000347e-03
1.199660600000000077e+00,7.266620628000000082e-01,-7.626711062999999569e-02,-5.046729431999999807e-03
1.199932900000000080e+00,7.237079821999999885e-01,-7.561469080999999592e-02,-5.213292488000000231e-03
1.200205100000000025e+00,7.202856462000000182e-01,-7.501017363999999688e-02,-5.319540777999999699e-03
1.200477400000000028e+00,7.172747667000000105e-01,-7.426241268000000062e-02,-5.537288871999999570e-03
1.200749700000000031e+00,7.140693001000000262e-01,-7.352852692000000356e-02,-5.702635919000000400e-03
1.201021799999999917e+00,7.115594129000000212e-01,-7.241916911000000068e-02,-5.987520910999999911e-03
1.201293799999999967e+00,7.097052312999999613e-01,-7.117189166000000011e-02,-6.333984408000000073e-03
1.201565900000000076e+00,7.079412030999999716e-01,-6.967943645000000685e-02,-6.762010887000000081e-03
1.201837700000000009e+00,7.063993389999999595e-01,-6.830541404999999899e-02,-7.196618061999999864e-03
1.202109499999999942e+00,7.052498615000000193e-01,-6.686649555000000189e-02,-7.661221927999999938e-03
1.202380999999999922e+00,7.039255195000000409e-01,-6.547051774999999851e-02,-8.103122673000000276e-03
1.202652599999999961e+00,7.031076889999999802e-01,-6.416359932000000044e-02,-8.566204978999999997e-03
1.202924099999999941e+00,7.024409130000000001e-01,-6.316219581000000194e-02,-9.011840965000000175e-03
1.203195699999999979e+00,7.018190621000000018e-01,-6.236263782999999783e-02,-9.380087691999999464e-03
1.203467199999999959e+00,7.012750683999999790e-01,-6.127614853999999861e-02,-9.842599999999999960e-03
1.203738799999999998e+00,7.013017416000000281e-01,-5.980397053000000018e-02,-1.037428666000000076e-02
1.204010599999999931e+00,7.014662703999999804e-01,-5.835776905000000098e-02,-1.094087233999999943e-02
1.204282599999999981e+00,7.022723952999999630e-01,-5.683360794000000271e-02,-1.152530493000000072e-02
1.204554899999999984e+00,7.041301976999999601e-01,-5.532027724000000007e-02,-1.222516600000000085e-02
1.204827499999999940e+00,7.063517208999999797e-01,-5.388607693999999948e-02,-1.294952589000000071e-02
1.205100499999999908e+00,7.090464882000000468e-01,-5.252625410000000272e-02,-1.368401802999999993e-02
1.205374100000000004e+00,7.113038231999999628e-01,-5.145906638000000144e-02,-1.430300552000000024e-02
1.205648199999999948e+00,7.126089804999999888e-01,-5.071713432000000271e-02,-1.476076576999999987e-02
1.205922699999999903e+00,7.145394532000000076e-01,-5.016790257999999975e-02,-1.520099115000000077e-02
1.206198099999999940e+00,7.164679882000000166e-01,-5.020246628999999738e-02,-1.550529617999999929e-02
1.206474199999999941e+00,7.179666595999999457e-01,-5.020832072999999868e-02,-1.573831575999999968e-02
1.206751399999999919e+00,7.191489860999999983e-01,-5.046672465999999663e-02,-1.589986583999999925e-02
1.207029600000000036e+00,7.200434354000000425e-01,-5.092236292999999941e-02,-1.596240255999999830e-02
1.207308899999999907e+00,7.205184718999999571e-01,-5.140800619000000099e-02,-1.597476051999999896e-02
1.207589299999999977e+00,7.208789432000000108e-01,-5.149183468000000097e-02,-1.599240331000000015e-02
1.207870999999999917e+00,7.212563256999999783e-01,-5.185298366999999825e-02,-1.586984007999999932e-02
1.208153800000000055e+00,7.219294048000000075e-01,-5.192192438999999882e-02,-1.581554198000000022e-02
1.208437900000000065e+00,7.228848300000000338e-01,-5.189948168999999889e-02,-1.579426340000000123e-02
1.208723500000000062e+00,7.236777262000000377e-01,-5.165130376999999690e-02,-1.581628451000000046e-02
1.209010499999999988e+00,7.237221485000000509e-01,-5.125183541000000176e-02,-1.582746381999999841e-02
1.209298599999999890e+00,7.231300402000000460e-01,-5.057230799000000249e-02,-1.586107839999999908e-02
1.209588099999999944e+00,7.223536219999999730e-01,-4.959320784000000037e-02,-1.600753360999999930e-02
1.209878800000000032e+00,7.210813837999999754e-01,-4.860475589999999763e-02,-1.611006129999999897e-02
1.210171000000000108e+00,7.198075561000000233e-01,-4.762048417999999866e-02,-1.625732196000000129e-02
1.210464299999999938e+00,7.188158224999999790e-01,-4.598112295000000155e-02,-1.655781245000000068e-02
1.210758900000000082e+00,7.182347236999999662e-01,-4.428071385000000026e-02,-1.697106216999999875e-02
1.211054599999999981e+00,7.172906692999999612e-01,-4.265810133000000337e-02,-1.736332500999999973e-02
1.211351599999999973e+00,7.170078439000000525e-01,-4.115336793999999770e-02,-1.782721687999999985e-02
1.211649500000000046e+00,7.166770467999999950e-01,-3.973561812000000332e-02,-1.828324117999999970e-02
1.211948599999999931e+00,7.162045985999999642e-01,-3.808644220000000080e-02,-1.881745207000000072e-02
1.212248599999999898e+00,7.159688390999999763e-01,-3.627639662999999903e-02,-1.939594588000000119e-02
1.212549600000000005e+00,7.152195707999999819e-01,-3.451202428999999849e-02,-1.996582751999999988e-02
1.212851300000000077e+00,7.140118316000000354e-01,-3.256892749000000337e-02,-2.052667110000000114e-02
1.213153900000000007e+00,7.132359712000000407e-01,-3.049487500000000115e-02,-2.110409356999999944e-02
1.213456799999999891e+00,7.124478789999999506e-01,-2.858778203000000157e-02,-2.162682155999999870e-02
1.213760299999999903e+00,7.117273986000000052e-01,-2.671354400999999962e-02,-2.212890785000000068e-02
1.214064199999999927e+00,7.112639007000000069e-01,-2.483016752999999896e-02,-2.263416051999999831e-02
1.214367999999999892e+00,7.109179088999999507e-01,-2.301796312999999927e-02,-2.311264534000000148e-02
1.214671899999999916e+00,7.105057873000000246e-01,-2.128085432000000055e-02,-2.355559079000000069e-02
1.214975399999999928e+00,7.101154720000000253e-01,-1.983909442000000162e-02,-2.394155233000000091e-02
1.215278599999999987e+00,7.096185018999999761e-01,-1.872298904999999958e-02,-2.423893011000000097e-02
1.215581500000000092e+00,7.093276245999999841e-01,-1.796613987999999898e-02,-2.448585916000000154e-02
1.215884100000000023e+00,7.089883404000000278e-01,-1.737167100999999908e-02,-2.467304601999999875e-02
1.216185999999999989e+00,7.092681065999999479e-01,-1.714200537000000121e-02,-2.488796182999999940e-02
1.216487300000000049e+00,7.090975737000000390e-01,-1.689372827999999910e-02,-2.500243678999999886e-02
1.216787999999999981e+00,7.087962843999999762e-01,-1.661421827999999892e-02,-2.511482153000000120e-02
1.217087999999999948e+00,7.090239248999999910e-01,-1.646925646000000146e-02,-2.526072329999999935e-02
1.217387400000000008e+00,7.085047137000000106e-01,-1.614129712999999924e-02,-2.537694282000000148e-02
1.217685799999999929e+00,7.083534310000000334e-01,-1.600223205999999967e-02,-2.547137671000000020e-02
1.217983599999999944e+00,7.078462518999999453e-01,-1.580116223999999958e-02,-2.555662914999999938e-02
1.218280800000000053e+00,7.075501440999999447e-01,-1.544857512999999946e-02,-2.567047052999999954e-02
1.218577299999999974e+00,7.080159967000000387e-01,-1.490046601000000019e-02,-2.585753094000000155e-02
1.218873199999999990e+00,7.091951376999999779e-01,-1.438970653000000086e-02,-2.599621787000000114e-02
1.219168500000000099e+00,7.102308455000000409e-01,-1.423944069000000062e-02,-2.607273562999999975e-02
1.219463200000000080e+00,7.109787114000000185e-01,-1.383357093000000052e-02,-2.619955892000000106e-02
1.219757600000000108e+00,7.117287420000000253e-01,-1.337014006999999970e-02,-2.636626376000000133e-02
1.220051299999999950e+00,7.120928573999999456e-01,-1.276487515999999954e-02,-2.645034463000000072e-02
1.220344499999999943e+00,7.127465970999999900e-01,-1.211264125999999934e-02,-2.658759139999999910e-02
1.220637299999999925e+00,7.128126233999999561e-01,-1.129807342000000055e-02,-2.667309380999999952e-02
1.220929500000000001e+00,7.121589651999999937e-01,-1.058403291000000086e-02,-2.674696745999999986e-02
1.221221499999999960e+00,7.109679902000000107e-01,-1.005609418000000081e-02,-2.671235451999999858e-02
1.221513099999999907e+00,7.103671817000000166e-01,-9.926718774000000550e-03,-2.675105948999999955e-02
1.221804399999999902e+00,7.091471863999999625e-01,-1.015232911999999939e-02,-2.662439818999999888e-02
1.222095699999999896e+00,7.076801001000000424e-01,-1.012830278000000084e-02,-2.652884708999999827e-02
1.222386999999999890e+00,7.061118196000000236e-01,-1.014343049999999989e-02,-2.635919226000000073e-02
1.222678300000000107e+00,7.050270274000000059e-01,-9.906022917000000677e-03,-2.629282805000000139e-02
1.222969900000000054e+00,7.036004029000000326e-01,-9.706110061999999317e-03,-2.620000130000000108e-02
1.223261500000000002e+00,7.028382226999999594e-01,-9.773400847999999877e-03,-2.609807199999999994e-02
1.223553399999999902e+00,7.017321754999999994e-01,-9.945842584999999708e-03,-2.597160456000000006e-02
1.223845999999999989e+00,7.008152520999999524e-01,-1.016604236000000043e-02,-2.584982611000000152e-02
1.224139099999999925e+00,6.994447901000000467e-01,-1.016592778999999939e-02,-2.570447635000000161e-02
1.224433199999999999e+00,6.986124028000000319e-01,-1.034827273000000006e-02,-2.559425937000000054e-02
1.224726100000000040e+00,6.984337186000000308e-01,-1.048901238999999999e-02,-2.546263777000000103e-02
1.225017400000000034e+00,6.988593483999999689e-01,-1.077120368000000078e-02,-2.541170285999999959e-02
1.225307399999999936e+00,6.994085947999999497e-01,-1.070982179999999985e-02,-2.537672951999999857e-02
1.225595999999999908e+00,6.995763229000000472e-01,-1.061118945000000084e-02,-2.535437284000000013e-02
1.225883300000000009e+00,6.996917296000000341e-01,-1.028174813000000062e-02,-2.538957098999999884e-02
1.226169400000000076e+00,7.001809245000000237e-01,-9.911902733999999882e-03,-2.551004935999999848e-02
1.226454399999999945e+00,7.014778056999999567e-01,-9.368518139000000036e-03,-2.572708871999999924e-02
1.226738399999999896e+00,7.028594511000000322e-01,-9.024329794999999196e-03,-2.595667214999999861e-02
1.227021600000000046e+00,7.035868411000000266e-01,-8.503180667999999873e-03,-2.613164544000000020e-02
1.227304200000000067e+00,7.041959520999999667e-01,-7.678926564999999892e-03,-2.636071207000000027e-02
1.227586499999999914e+00,7.044460830000000007e-01,-6.954442655000000334e-03,-2.653592742000000088e-02
1.227868500000000029e+00,7.048120204000000166e-01,-6.051728430000000158e-03,-2.675365567000000111e-02
1.228150499999999923e+00,7.049019941999999928e-01,-5.005870421000000424e-03,-2.700332927999999841e-02
1.228432799999999991e+00,7.053349123000000054e-01,-4.263662756000000109e-03,-2.721780618000000165e-02
1.228715100000000060e+00,7.063196746000000026e-01,-3.629979797000000043e-03,-2.747958337999999862e-02
1.228997700000000082e+00,7.071023061000000220e-01,-3.139011615999999852e-03,-2.773661607000000098e-02
1.229280499999999998e+00,7.081479937000000335e-01,-2.786444763999999883e-03,-2.798889439999999867e-02
1.229564000000000101e+00,7.089863800000000271e-01,-2.225317809999999893e-03,-2.832728358999999849e-02
1.229848400000000064e+00,7.096903800999999623e-01,-1.635726299999999992e-03,-2.863813294999999898e-02
1.230133399999999932e+00,7.102240697999999686e-01,-1.339169146999999926e-03,-2.885287179000000160e-02
1.230419499999999999e+00,7.105215009999999998e-01,-1.421488326000000047e-03,-2.898071475000000077e-02
1.230706599999999984e+00,7.105219258999999621e-01,-1.627755455999999957e-03,-2.909020149999999930e-02
1.230994600000000050e+00,7.108364607999999585e-01,-2.285602413999999940e-03,-2.920164919000000150e-02
1.231283600000000034e+00,7.108126796999999497e-01,-2.993705703999999940e-03,-2.920776180999999985e-02
1.231573800000000052e+00,7.106220186999999688e-01,-3.782166899999999873e-03,-2.918774709000000050e-02
1.231865200000000105e+00,7.101068911000000261e-01,-4.842276593999999754e-03,-2.900081843999999937e-02
1.232154799999999994e+00,7.101366964999999976e-01,-6.024701472999999773e-03,-2.877678212000000027e-02
1.232442199999999932e+00,7.100585697000000307e-01,-7.250033516000000018e-03,-2.851011869999999990e-02
1.232727399999999918e+00,7.092326595000000289e-01,-8.527737146000000795e-03,-2.816536801000000048e-02
1.233010900000000021e+00,7.080253278000000483e-01,-9.666512995999999858e-03,-2.776753494000000141e-02
1.233292199999999950e+00,7.067280126999999634e-01,-1.076264237000000047e-02,-2.737206127000000114e-02
1.233571500000000043e+00,7.058034981999999902e-01,-1.198864317000000040e-02,-2.698505530000000138e-02
1.233848999999999974e+00,7.052599210000000118e-01,-1.316370195999999951e-02,-2.660524252999999992e-02
1.234124800000000022e+00,7.055707257000000121e-01,-1.440280598000000072e-02,-2.626644800999999863e-02
1.234398899999999966e+00,7.064776989000000063e-01,-1.569560123999999904e-02,-2.592691941999999972e-02
1.234671300000000027e+00,7.077253128999999587e-01,-1.698700994999999964e-02,-2.558518363000000101e-02
1.234942599999999890e+00,7.085467811000000227e-01,-1.842998985999999909e-02,-2.518114766000000004e-02
1.235212500000000047e+00,7.089331252999999666e-01,-2.017996428000000050e-02,-2.463735682000000107e-02
1.235481599999999958e+00,7.100902429000000016e-01,-2.170598044000000143e-02,-2.413361194000000071e-02
1.235749900000000068e+00,7.107810408000000413e-01,-2.361211582999999878e-02,-2.355610379000000129e-02
1.236017300000000096e+00,7.112924605999999539e-01,-2.532351605999999880e-02,-2.299411297000000104e-02
1.236284299999999892e+00,7.115967053999999736e-01,-2.705381035999999961e-02,-2.237096829999999856e-02
1.236550899999999897e+00,7.115425804999999659e-01,-2.898906504999999856e-02,-2.170412026000000105e-02
1.236817800000000078e+00,7.124652652999999836e-01,-3.088118583000000125e-02,-2.114209519000000148e-02
1.237084999999999990e+00,7.136106155000000451e-01,-3.253286938000000267e-02,-2.061781668999999872e-02
1.237352999999999925e+00,7.137387705000000082e-01,-3.436164439000000126e-02,-2.005020092000000045e-02
1.237622100000000058e+00,7.136263142000000004e-01,-3.604951368999999989e-02,-1.951038127999999913e-02
1.237892900000000074e+00,7.135441072999999523e-01,-3.754413795000000054e-02,-1.901799028000000086e-02
1.238165399999999972e+00,7.133736723000000390e-01,-3.916967450000000128e-02,-1.852241958999999855e-02
1.238439800000000091e+00,7.129635911999999687e-01,-4.074418072000000196e-02,-1.811404583999999887e-02
1.238716600000000057e+00,7.123837092999999454e-01,-4.204813492000000069e-02,-1.774772538999999996e-02
1.238995800000000092e+00,7.117083801000000376e-01,-4.337558480999999938e-02,-1.734760788999999831e-02
1.239277600000000090e+00,7.106525004000000534e-01,-4.473176640999999842e-02,-1.689004176999999926e-02
1.239561899999999994e+00,7.101504178999999972e-01,-4.596515911000000065e-02,-1.646784023999999999e-02
1.239849100000000037e+00,7.097208748000000123e-01,-4.710677192999999929e-02,-1.608349716999999887e-02
1.240138799999999986e+00,7.094243418000000245e-01,-4.790295054000000274e-02,-1.580733528999999846e-02
1.240431400000000073e+00,7.085603836999999627e-01,-4.856090497999999978e-02,-1.551446138000000044e-02
1.240726100000000054e+00,7.082150656000000266e-01,-4.908343968000000029e-02,-1.525001359000000001e-02
1.241019700000000059e+00,7.077025613999999853e-01,-4.985849453999999931e-02,-1.490993055999999956e-02
1.241312600000000099e+00,7.072742386000000492e-01,-5.064448072000000273e-02,-1.459682114000000058e-02
1.241604600000000058e+00,7.069847049999999911e-01,-5.166635241999999878e-02,-1.426087378999999974e-02
1.241895900000000053e+00,7.061642969000000436e-01,-5.271864899999999937e-02,-1.395759757000000073e-02
1.242186599999999919e+00,7.048323922000000463e-01,-5.369012060000000197e-02,-1.370634419999999971e-02
1.242476600000000042e+00,7.030656495999999533e-01,-5.485497025000000276e-02,-1.340514135000000009e-02
1.242765899999999979e+00,7.015308066000000009e-01,-5.585185542999999975e-02,-1.316452754999999919e-02
1.243055000000000021e+00,7.000346350999999689e-01,-5.670812918999999785e-02,-1.293883380999999964e-02
1.243343300000000040e+00,6.993067049000000202e-01,-5.768797697999999974e-02,-1.276636461000000070e-02
1.243631399999999942e+00,6.990210845000000006e-01,-5.883399073000000062e-02,-1.262264947999999949e-02
1.243919100000000055e+00,6.990077030000000358e-01,-5.997495005000000323e-02,-1.250892099000000014e-02
1.244206200000000040e+00,6.998390709999999793e-01,-6.091084011000000298e-02,-1.247558380999999952e-02
1.244493300000000024e+00,7.008931846999999493e-01,-6.203355281000000332e-02,-1.247204856999999979e-02
1.244780100000000056e+00,7.017692855999999590e-01,-6.306580195000000000e-02,-1.245793188999999926e-02
1.245066800000000029e+00,7.019883302999999630e-01,-6.396945303999999888e-02,-1.244416624000000034e-02
1.245353600000000061e+00,7.023707276999999749e-01,-6.476862396999999438e-02,-1.242185571999999960e-02
1.245640700000000045e+00,7.027190172999999707e-01,-6.541330384000000608e-02,-1.241093019999999977e-02
1.245928099999999983e+00,7.033564418000000096e-01,-6.593112775999999953e-02,-1.240567153999999964e-02
1.246216200000000107e+00,7.040592477999999543e-01,-6.594467684999999468e-02,-1.246778043999999946e-02
1.246504899999999916e+00,7.048579320000000203e-01,-6.564500577000000059e-02,-1.262518225000000029e-02
1.246794299999999911e+00,7.054575463000000157e-01,-6.482876765999999458e-02,-1.277739158000000021e-02
1.247084599999999988e+00,7.059178998999999788e-01,-6.384629597999999517e-02,-1.294061309000000062e-02
1.247376299999999993e+00,7.078324957999999612e-01,-6.250453285000000248e-02,-1.325388090999999983e-02
1.247669099999999975e+00,7.102790536999999960e-01,-6.082535626999999862e-02,-1.365843083000000020e-02
1.247962800000000039e+00,7.134151006000000184e-01,-5.895760862999999824e-02,-1.411317565999999947e-02
1.248253899999999916e+00,7.167248032999999907e-01,-5.684463227000000063e-02,-1.459291994999999988e-02
1.248542599999999947e+00,7.196167219000000337e-01,-5.438817332999999754e-02,-1.510269713999999944e-02
1.248828599999999955e+00,7.221375650000000368e-01,-5.170475396000000223e-02,-1.560725728000000000e-02
1.249112400000000012e+00,7.246598941999999877e-01,-4.860345859000000240e-02,-1.624152576000000014e-02
1.249393999999999894e+00,7.266923061000000184e-01,-4.528753778999999868e-02,-1.686509879000000142e-02
1.249673400000000045e+00,7.284451628000000456e-01,-4.219535197999999682e-02,-1.744879576000000002e-02
1.249950899999999976e+00,7.294544190999999733e-01,-3.923778789000000045e-02,-1.796926235000000094e-02
1.250226899999999919e+00,7.300498469999999740e-01,-3.674268666000000266e-02,-1.835550342999999959e-02
1.250501400000000096e+00,7.303361145000000221e-01,-3.442643363999999678e-02,-1.868969216000000017e-02
1.250774700000000017e+00,7.310014120000000171e-01,-3.228209887999999861e-02,-1.901842247000000083e-02
1.251047299999999973e+00,7.315908116999999544e-01,-3.004301301999999854e-02,-1.937059210000000031e-02
1.251319099999999906e+00,7.318172649999999946e-01,-2.812173101999999869e-02,-1.967154470000000155e-02
1.251590600000000109e+00,7.323520773999999678e-01,-2.633709897000000022e-02,-2.001092943999999846e-02
1.251862100000000089e+00,7.324693210999999593e-01,-2.478839471999999891e-02,-2.025450574999999864e-02
1.252133600000000069e+00,7.321003638999999952e-01,-2.335577443000000017e-02,-2.043336471999999959e-02
1.252405400000000002e+00,7.314028537000000219e-01,-2.218358596999999918e-02,-2.057233848000000059e-02
1.252677700000000005e+00,7.297333458000000439e-01,-2.129289318999999861e-02,-2.051273852000000050e-02
1.252950699999999973e+00,7.280996897999999495e-01,-2.069657563999999922e-02,-2.038307006000000116e-02
1.253224600000000022e+00,7.268163134999999775e-01,-2.017877154000000117e-02,-2.028030839999999876e-02
1.253499399999999930e+00,7.257362065000000362e-01,-1.980824486999999828e-02,-2.020244620000000157e-02
1.253775499999999932e+00,7.247195077000000429e-01,-1.959842842000000113e-02,-2.009743950999999876e-02
1.254052699999999909e+00,7.231972635000000205e-01,-1.981354252000000135e-02,-1.991709117000000154e-02
1.254331000000000085e+00,7.213927705999999551e-01,-2.034524278000000158e-02,-1.964481884000000150e-02
1.254610500000000073e+00,7.194379534000000520e-01,-2.124797756999999981e-02,-1.927559522000000039e-02
1.254890599999999967e+00,7.175340022999999734e-01,-2.201614421999999877e-02,-1.894638502000000127e-02
1.255171700000000001e+00,7.153401339999999609e-01,-2.276831651000000081e-02,-1.865671916000000152e-02
1.255453099999999989e+00,7.133359997999999536e-01,-2.378584125999999924e-02,-1.836035557000000040e-02
1.255735100000000104e+00,7.116239909999999558e-01,-2.467649302999999975e-02,-1.810077013999999984e-02
1.256017500000000009e+00,7.097030236000000381e-01,-2.557773169999999832e-02,-1.778594481999999991e-02
1.256299899999999914e+00,7.082033366000000107e-01,-2.672420112999999986e-02,-1.749212480999999889e-02
1.256582599999999994e+00,7.068469117000000246e-01,-2.820705434999999997e-02,-1.718600765000000141e-02
1.256865300000000074e+00,7.053068444000000214e-01,-2.960059811000000096e-02,-1.690175457000000006e-02
1.257147699999999979e+00,7.045633533999999809e-01,-3.103252934000000005e-02,-1.671261981999999993e-02
1.257430100000000106e+00,7.046386198999999850e-01,-3.215355906999999708e-02,-1.663896155999999849e-02
1.257712200000000058e+00,7.044816056999999576e-01,-3.308520829000000107e-02,-1.658306338999999963e-02
1.257993899999999998e+00,7.047311389000000537e-01,-3.379808220999999668e-02,-1.659814613999999883e-02
1.258275299999999985e+00,7.048636870000000165e-01,-3.410635771000000011e-02,-1.665275961000000152e-02
1.258556400000000020e+00,7.054518672999999795e-01,-3.408735338999999837e-02,-1.678883830999999827e-02
1.258837100000000042e+00,7.067727195999999878e-01,-3.396032891999999775e-02,-1.699977860999999854e-02
1.259117499999999890e+00,7.080394844999999826e-01,-3.368589153999999863e-02,-1.718322629999999990e-02
1.259397600000000006e+00,7.097495560000000037e-01,-3.335783575000000195e-02,-1.737919791999999880e-02
1.259677699999999900e+00,7.114114590000000238e-01,-3.282905751000000233e-02,-1.754508469000000057e-02
1.259957500000000064e+00,7.133092041999999910e-01,-3.233788623000000140e-02,-1.770131135999999938e-02
1.260237300000000005e+00,7.152274279000000456e-01,-3.142694308999999936e-02,-1.797655818000000114e-02
1.260517099999999946e+00,7.173514749999999607e-01,-3.088409337000000074e-02,-1.815531789000000146e-02
1.260796800000000051e+00,7.188910050000000274e-01,-3.056639291000000022e-02,-1.827064205000000080e-02
1.261076599999999992e+00,7.206025829000000105e-01,-3.025381300999999828e-02,-1.838638341999999926e-02
1.261355400000000015e+00,7.219848327000000232e-01,-3.006761780000000162e-02,-1.846722954999999861e-02
1.261633500000000074e+00,7.236201595000000264e-01,-3.000261987000000033e-02,-1.852645232000000100e-02
1.261911000000000005e+00,7.251947940999999842e-01,-3.021333682999999964e-02,-1.847989440999999941e-02
1.262188199999999982e+00,7.264970807999999725e-01,-3.091649362999999984e-02,-1.836531183000000150e-02
1.262464999999999948e+00,7.283379465000000552e-01,-3.122095068999999889e-02,-1.838421185999999929e-02
1.262741899999999973e+00,7.305593232000000548e-01,-3.203298408000000014e-02,-1.835736832000000110e-02
1.263018399999999986e+00,7.326536528000000548e-01,-3.314771626000000138e-02,-1.832431405999999929e-02
1.263294600000000045e+00,7.339864994999999448e-01,-3.422883390999999914e-02,-1.823704167999999973e-02
1.263570800000000105e+00,7.352154656999999593e-01,-3.537853008999999882e-02,-1.813837751999999859e-02
1.263846999999999943e+00,7.369151980999999463e-01,-3.653194321000000078e-02,-1.809326649999999995e-02
1.264123499999999956e+00,7.377934636999999851e-01,-3.786980253999999713e-02,-1.793068222000000073e-02
1.264400699999999933e+00,7.383579396999999656e-01,-3.910484132000000002e-02,-1.780248963000000129e-02
1.264678500000000039e+00,7.389337417000000352e-01,-4.030586438000000049e-02,-1.769954291000000110e-02
1.264956699999999934e+00,7.381711866000000288e-01,-4.136084346999999856e-02,-1.751869119999999863e-02
1.265235799999999911e+00,7.375038026000000357e-01,-4.229227144000000105e-02,-1.733544756000000159e-02
1.265514299999999981e+00,7.366943643000000153e-01,-4.355746251999999957e-02,-1.710462114000000158e-02
1.265792199999999923e+00,7.351635888999999979e-01,-4.470792453999999916e-02,-1.687647306000000097e-02
1.266069700000000076e+00,7.338871321000000059e-01,-4.569303621999999676e-02,-1.676578495999999849e-02
1.266346500000000042e+00,7.336575615999999522e-01,-4.591793881000000299e-02,-1.683184177000000142e-02
1.266623000000000054e+00,7.335105322999999622e-01,-4.606231774999999806e-02,-1.694512067999999830e-02
1.266899199999999892e+00,7.335596060000000307e-01,-4.619677165000000280e-02,-1.707367878000000047e-02
1.267175099999999999e+00,7.333606751000000257e-01,-4.652799705999999952e-02,-1.720244462000000002e-02
1.267450600000000094e+00,7.332719555000000167e-01,-4.715585827000000341e-02,-1.729252270000000008e-02
1.267726099999999967e+00,7.330578059000000257e-01,-4.733539498000000068e-02,-1.752841465000000085e-02
1.268002000000000073e+00,7.338348152000000457e-01,-4.735099547999999797e-02,-1.785812099000000028e-02
1.268277799999999900e+00,7.350692377999999971e-01,-4.674521708999999914e-02,-1.834507630999999972e-02
1.268553999999999959e+00,7.354298456000000206e-01,-4.612972787999999880e-02,-1.874444322000000038e-02
1.268830499999999972e+00,7.358130165999999805e-01,-4.515370313000000024e-02,-1.923438280999999889e-02
1.269107100000000043e+00,7.353505488999999562e-01,-4.415660781999999895e-02,-1.963175594999999954e-02
1.269383900000000009e+00,7.344755304000000207e-01,-4.339697072999999794e-02,-1.994069520000000054e-02
1.269660800000000034e+00,7.339732879000000487e-01,-4.261887486999999669e-02,-2.016227447000000159e-02
1.269937899999999953e+00,7.335295192999999880e-01,-4.139401636000000079e-02,-2.035474590999999944e-02
1.270215099999999930e+00,7.327311675000000024e-01,-4.005154719000000169e-02,-2.057010781999999913e-02
1.270492699999999919e+00,7.319509446999999946e-01,-3.860424876000000116e-02,-2.087758333000000119e-02
1.270770200000000072e+00,7.315355144999999837e-01,-3.736002832000000218e-02,-2.113714193999999963e-02
1.271047700000000003e+00,7.300543663999999877e-01,-3.632425913000000145e-02,-2.128301125000000085e-02
1.271325500000000108e+00,7.284427087000000522e-01,-3.517352785999999787e-02,-2.139312151999999898e-02
1.271603400000000050e+00,7.265065602000000400e-01,-3.411786685999999846e-02,-2.145824598999999944e-02
1.271881299999999992e+00,7.248050785999999857e-01,-3.302809008999999657e-02,-2.152404085999999953e-02
1.272159100000000098e+00,7.233103471999999812e-01,-3.189745053999999691e-02,-2.164539031999999918e-02
1.272437000000000040e+00,7.216895810000000244e-01,-3.080688971000000026e-02,-2.169377948000000139e-02
1.272714799999999924e+00,7.199143274000000536e-01,-2.965893294000000041e-02,-2.180981262000000059e-02
1.272992300000000077e+00,7.173652702999999686e-01,-2.842006990000000080e-02,-2.189093408000000046e-02
1.273269500000000054e+00,7.151391134000000260e-01,-2.699114489999999977e-02,-2.200776647999999960e-02
1.273546300000000020e+00,7.133485177999999705e-01,-2.565924307000000057e-02,-2.210406680999999970e-02
1.273822800000000033e+00,7.125593921999999747e-01,-2.447755021000000072e-02,-2.228119933000000108e-02
1.274098699999999917e+00,7.121824888000000131e-01,-2.324784640000000097e-02,-2.253292277000000163e-02
1.274374200000000013e+00,7.115279316000000520e-01,-2.206955535999999968e-02,-2.276621080999999963e-02
1.274648999999999921e+00,7.106943183999999691e-01,-2.118246496000000118e-02,-2.293855570999999913e-02
1.274922799999999912e+00,7.094463901999999988e-01,-2.020069349000000111e-02,-2.310994788999999952e-02
1.275195899999999938e+00,7.086846281999999997e-01,-1.914086708999999942e-02,-2.330061777000000042e-02
1.275468100000000105e+00,7.075586898000000291e-01,-1.803894401999999939e-02,-2.348355214999999982e-02
1.275739600000000085e+00,7.063991475999999992e-01,-1.731073018000000088e-02,-2.355963349999999970e-02
1.276010099999999925e+00,7.057709665000000410e-01,-1.660892830999999986e-02,-2.368387939999999983e-02
1.276279699999999906e+00,7.051057710000000478e-01,-1.594962243999999835e-02,-2.377635440000000142e-02
1.276548599999999922e+00,7.048570065999999468e-01,-1.530061859000000045e-02,-2.395782935999999849e-02
1.276816500000000021e+00,7.053263858999999636e-01,-1.466121773999999947e-02,-2.420170920999999836e-02
1.277083500000000038e+00,7.062521587000000212e-01,-1.404913592999999968e-02,-2.450138600000000000e-02
1.277349499999999916e+00,7.071768293000000316e-01,-1.362196511999999929e-02,-2.475793339000000037e-02
1.277614199999999922e+00,7.085202444999999516e-01,-1.330544739000000080e-02,-2.501807586999999986e-02
1.277878000000000069e+00,7.102717713999999738e-01,-1.303734802999999970e-02,-2.533809798999999904e-02
1.278140899999999913e+00,7.129186885999999612e-01,-1.277348954000000029e-02,-2.577278925000000068e-02
1.278402800000000061e+00,7.148404063000000086e-01,-1.226235328000000076e-02,-2.621121962000000014e-02
1.278663799999999906e+00,7.161064915999999503e-01,-1.174730237000000052e-02,-2.659407105000000104e-02
1.278923899999999891e+00,7.173185440999999551e-01,-1.153091225999999976e-02,-2.693894374999999952e-02
1.279183399999999970e+00,7.186330342000000204e-01,-1.166808744999999967e-02,-2.723706870999999946e-02
1.279442299999999921e+00,7.193793983999999808e-01,-1.160037845000000054e-02,-2.750548648000000068e-02
1.279700800000000083e+00,7.198244174000000273e-01,-1.183124573000000034e-02,-2.774303198999999998e-02
1.279959400000000080e+00,7.202736519000000337e-01,-1.236911021999999999e-02,-2.793709768999999912e-02
1.280218300000000031e+00,7.207181983999999542e-01,-1.300812835000000021e-02,-2.807030480999999841e-02
1.280477400000000099e+00,7.212275223999999874e-01,-1.373642442999999970e-02,-2.817869640999999883e-02
1.280736600000000003e+00,7.217304199999999836e-01,-1.465636436999999924e-02,-2.826485088999999840e-02
1.280996100000000082e+00,7.217932786999999850e-01,-1.551853010000000047e-02,-2.830562697000000086e-02
1.281255899999999892e+00,7.213166737999999745e-01,-1.591915488000000128e-02,-2.829910068000000140e-02
1.281516300000000053e+00,7.212779226000000099e-01,-1.600367884000000046e-02,-2.831892370999999908e-02
1.281777299999999897e+00,7.216308032999999567e-01,-1.620185555000000152e-02,-2.834002642000000086e-02
1.282039300000000104e+00,7.221921784999999483e-01,-1.674038142999999951e-02,-2.830869874999999980e-02
1.282302199999999948e+00,7.219453082000000244e-01,-1.725022202000000074e-02,-2.824278612999999924e-02
1.282566099999999931e+00,7.217579500999999897e-01,-1.741448920999999830e-02,-2.822685047999999933e-02
1.282831000000000055e+00,7.210135586000000485e-01,-1.736026080999999999e-02,-2.814331461000000104e-02
1.283096400000000026e+00,7.202283391999999562e-01,-1.739259430999999870e-02,-2.806048640000000094e-02
1.283362899999999973e+00,7.196687498999999599e-01,-1.716387985000000088e-02,-2.800191454999999968e-02
1.283630000000000049e+00,7.196368276000000286e-01,-1.705583333999999979e-02,-2.798909352000000100e-02
1.283897800000000089e+00,7.194161012999999993e-01,-1.693324574999999915e-02,-2.794378789999999932e-02
1.284166300000000094e+00,7.200199681000000185e-01,-1.669896422999999838e-02,-2.794770103000000089e-02
1.284435400000000005e+00,7.205756560999999616e-01,-1.662091653000000169e-02,-2.782022424000000008e-02
1.284705500000000056e+00,7.208811850999999882e-01,-1.608391715000000166e-02,-2.772282352999999935e-02
1.284976300000000071e+00,7.210819174000000498e-01,-1.571679382000000166e-02,-2.760286153999999895e-02
1.285247800000000051e+00,7.204742652000000191e-01,-1.543716487999999970e-02,-2.735271758000000150e-02
1.285520299999999949e+00,7.198466445000000213e-01,-1.497603844000000052e-02,-2.712523886999999856e-02
1.285793900000000045e+00,7.188670732999999924e-01,-1.471126853000000005e-02,-2.677953099000000142e-02
1.286068200000000106e+00,7.184059406999999675e-01,-1.460785422999999993e-02,-2.639560993000000105e-02
1.286343500000000084e+00,7.184081737999999939e-01,-1.473988170000000049e-02,-2.598335761000000049e-02
1.286618100000000098e+00,7.178663338999999866e-01,-1.490953991000000013e-02,-2.550418454999999959e-02
1.286891699999999972e+00,7.179036855999999522e-01,-1.534018745999999982e-02,-2.502583276999999912e-02
1.287164200000000092e+00,7.176654784999999537e-01,-1.544394877999999936e-02,-2.461485880000000015e-02
1.287435700000000072e+00,7.170255445000000005e-01,-1.561575609999999933e-02,-2.414499502000000061e-02
1.287706500000000087e+00,7.160954801000000147e-01,-1.582896082000000149e-02,-2.368911510999999886e-02
1.287976199999999904e+00,7.152242680999999491e-01,-1.598103710999999871e-02,-2.325037229999999885e-02
1.288245300000000038e+00,7.142525897000000512e-01,-1.620617078000000100e-02,-2.280741273000000055e-02
1.288513699999999984e+00,7.129853122000000543e-01,-1.649373239000000158e-02,-2.232990786000000130e-02
1.288781399999999966e+00,7.121038404999999738e-01,-1.684436201999999980e-02,-2.188021480999999963e-02
1.289048799999999995e+00,7.106814477999999768e-01,-1.722085869000000019e-02,-2.140830012000000115e-02
1.289316099999999965e+00,7.092524414999999971e-01,-1.741190474000000113e-02,-2.098841178000000057e-02
1.289583499999999994e+00,7.091341060000000418e-01,-1.787348261000000146e-02,-2.065310831999999860e-02
1.289850799999999964e+00,7.085216709999999640e-01,-1.875481453000000034e-02,-2.024353564999999827e-02
1.290118600000000004e+00,7.081631069999999584e-01,-1.976802281000000078e-02,-1.985665841999999931e-02
1.290386899999999892e+00,7.073675678999999938e-01,-2.078663412999999863e-02,-1.939011105999999957e-02
1.290655700000000072e+00,7.079150939999999670e-01,-2.180026066000000096e-02,-1.905162342000000023e-02
1.290925099999999937e+00,7.093719173000000433e-01,-2.249513962000000006e-02,-1.885504680000000058e-02
1.291194900000000034e+00,7.121511619000000515e-01,-2.297343156000000025e-02,-1.879749818000000031e-02
1.291465700000000050e+00,7.142807705999999479e-01,-2.324140829999999866e-02,-1.874913569999999904e-02
1.291737200000000030e+00,7.170306464000000268e-01,-2.359736700000000104e-02,-1.875215120000000082e-02
1.292009799999999986e+00,7.197282183000000000e-01,-2.380451453999999842e-02,-1.878376522999999909e-02
1.292283499999999918e+00,7.217997834999999585e-01,-2.394419834000000025e-02,-1.885955531000000143e-02
1.292558600000000002e+00,7.238665237000000419e-01,-2.432506665999999845e-02,-1.888010707999999982e-02
1.292835200000000073e+00,7.261074897000000528e-01,-2.469574144999999929e-02,-1.890722281999999976e-02
1.293113299999999910e+00,7.286088795999999812e-01,-2.514167205000000099e-02,-1.896996818000000126e-02
1.293392899999999957e+00,7.310144562000000512e-01,-2.573546805999999895e-02,-1.901685034999999954e-02
1.293673999999999991e+00,7.334075152000000264e-01,-2.624500546000000170e-02,-1.913634026999999974e-02
1.293954300000000002e+00,7.355578946999999923e-01,-2.661428044999999964e-02,-1.921533556000000129e-02
1.294233500000000037e+00,7.375185614000000500e-01,-2.677641880000000002e-02,-1.934805399999999995e-02
1.294511500000000037e+00,7.393275995000000433e-01,-2.695805197000000070e-02,-1.951089807000000106e-02
1.294788100000000108e+00,7.401874701999999751e-01,-2.688886416999999862e-02,-1.966559919000000073e-02
1.295063199999999970e+00,7.411707482999999597e-01,-2.666986844000000106e-02,-1.981269903999999943e-02
1.295336400000000054e+00,7.418629025999999849e-01,-2.630286360000000032e-02,-1.999870211999999967e-02
1.295608599999999999e+00,7.425971802999999927e-01,-2.596515313000000158e-02,-2.022646474999999916e-02
1.295879699999999968e+00,7.428699865000000235e-01,-2.546106537000000086e-02,-2.044948473999999919e-02
1.296149999999999913e+00,7.429834731000000136e-01,-2.497974443999999988e-02,-2.067524780000000104e-02
1.296419699999999953e+00,7.430444188999999477e-01,-2.443440013999999966e-02,-2.090428646000000099e-02
1.296688599999999969e+00,7.423400441999999932e-01,-2.400635933999999833e-02,-2.104664788000000161e-02
1.296957200000000032e+00,7.410885886000000422e-01,-2.359931705999999962e-02,-2.115130998999999873e-02
1.297225400000000084e+00,7.394390174999999621e-01,-2.319303216000000167e-02,-2.123114690000000096e-02
1.297493299999999961e+00,7.378029025000000241e-01,-2.295642625999999922e-02,-2.132211763000000163e-02
1.297761100000000001e+00,7.364086793999999880e-01,-2.295129083999999930e-02,-2.139234410999999933e-02
1.298029400000000111e+00,7.344911150999999805e-01,-2.309395854000000081e-02,-2.142046292000000102e-02
1.298298299999999905e+00,7.324951640000000319e-01,-2.338285504000000084e-02,-2.136698319000000096e-02
1.298567999999999945e+00,7.302101543000000250e-01,-2.383031441000000097e-02,-2.121157457999999982e-02
1.298839099999999913e+00,7.281762926000000524e-01,-2.428096322000000001e-02,-2.101927933000000137e-02
1.299111300000000080e+00,7.266671738000000103e-01,-2.493599318000000106e-02,-2.083987372999999976e-02
1.299385000000000012e+00,7.253770613000000145e-01,-2.591033736000000059e-02,-2.060176307999999831e-02
1.299660100000000096e+00,7.247973318000000553e-01,-2.702455000000000135e-02,-2.039705119999999858e-02
1.299937200000000015e+00,7.247599927000000219e-01,-2.828078658000000162e-02,-2.012438673999999983e-02
1.300216299999999991e+00,7.254361919999999797e-01,-2.965490029000000111e-02,-1.986867619000000015e-02
1.300497699999999979e+00,7.258319170000000486e-01,-3.082282591000000058e-02,-1.959755880999999866e-02
1.300780999999999965e+00,7.259567020999999620e-01,-3.205441652999999752e-02,-1.930522994000000159e-02
1.301066000000000056e+00,7.261784894999999684e-01,-3.304662765000000030e-02,-1.906919492000000091e-02
1.301352700000000029e+00,7.261917702000000308e-01,-3.406788751999999948e-02,-1.882408466000000044e-02
1.301641000000000048e+00,7.264651357000000420e-01,-3.529938856999999958e-02,-1.852797759999999863e-02
1.301930199999999926e+00,7.272311286000000541e-01,-3.645200273000000213e-02,-1.826499481000000077e-02
1.302220600000000061e+00,7.288260475000000183e-01,-3.719374857999999812e-02,-1.815239307000000163e-02
1.302511900000000056e+00,7.305062551000000015e-01,-3.774606969000000173e-02,-1.808440239000000047e-02
1.302803600000000062e+00,7.327463992999999620e-01,-3.837139135999999978e-02,-1.804447928999999839e-02
1.303096199999999927e+00,7.349678096999999743e-01,-3.916643585000000038e-02,-1.799421235000000022e-02
1.303389200000000026e+00,7.369268219000000286e-01,-3.947003771999999661e-02,-1.801980983000000050e-02
1.303682599999999914e+00,7.387632993999999620e-01,-3.992107621000000328e-02,-1.802060047999999928e-02
1.303976100000000082e+00,7.400352435999999479e-01,-4.039760634999999683e-02,-1.799287999999999929e-02
1.304269499999999971e+00,7.411382395000000178e-01,-4.091093550000000217e-02,-1.800989726000000110e-02
1.304562999999999917e+00,7.425375952999999640e-01,-4.122901576000000123e-02,-1.809650742000000131e-02
1.304856000000000016e+00,7.433017588000000453e-01,-4.155136297999999923e-02,-1.812578663000000145e-02
1.305148500000000045e+00,7.437786360000000485e-01,-4.199083769999999854e-02,-1.808934847999999970e-02
1.305441099999999910e+00,7.444659630000000083e-01,-4.242725883000000170e-02,-1.806770878000000038e-02
1.305733199999999927e+00,7.453002387999999589e-01,-4.265197211999999932e-02,-1.803772979999999915e-02
1.306024899999999933e+00,7.457613654000000425e-01,-4.301590811000000070e-02,-1.792000054000000148e-02
1.306315700000000080e+00,7.458695772000000224e-01,-4.352213738999999998e-02,-1.780033677999999855e-02
1.306605699999999981e+00,7.464518788999999765e-01,-4.407912907000000047e-02,-1.767512645999999923e-02
1.306894800000000023e+00,7.466630633999999933e-01,-4.484308532000000347e-02,-1.752410163000000035e-02
1.307182599999999972e+00,7.476633488999999688e-01,-4.525245633000000295e-02,-1.750298499000000133e-02
1.307469100000000051e+00,7.479973215999999869e-01,-4.597067334999999783e-02,-1.737415629000000142e-02
1.307753900000000025e+00,7.474975165999999671e-01,-4.640697549000000199e-02,-1.726440271999999873e-02
1.308036999999999894e+00,7.466650901000000395e-01,-4.616191109000000042e-02,-1.726582747999999903e-02
1.308318499999999940e+00,7.457200653000000123e-01,-4.573845760999999815e-02,-1.734152018000000017e-02
1.308598300000000103e+00,7.451674440000000121e-01,-4.495216437999999953e-02,-1.750792529000000028e-02
1.308876499999999998e+00,7.448064739999999961e-01,-4.412358200000000147e-02,-1.769197840999999979e-02
1.309153500000000081e+00,7.443267813999999705e-01,-4.304533895999999860e-02,-1.794769435999999871e-02
1.309429299999999907e+00,7.434690599000000066e-01,-4.175254613999999920e-02,-1.824392788000000001e-02
1.309703899999999921e+00,7.431434396999999636e-01,-4.007810668000000298e-02,-1.863363521999999994e-02
1.309977699999999912e+00,7.431722858000000542e-01,-3.863346796000000083e-02,-1.907494801999999948e-02
1.310250700000000101e+00,7.433716767000000392e-01,-3.699068999999999968e-02,-1.954847193999999927e-02
1.310522900000000046e+00,7.433536685999999616e-01,-3.546954476999999994e-02,-1.995102270000000122e-02
1.310794400000000026e+00,7.429913839999999770e-01,-3.393032030999999782e-02,-2.028800940000000108e-02
1.311065099999999983e+00,7.427246800000000260e-01,-3.253049365999999970e-02,-2.068073579000000162e-02
1.311335399999999929e+00,7.416937029000000292e-01,-3.112566029999999997e-02,-2.102254979000000093e-02
1.311605700000000096e+00,7.403599417999999766e-01,-2.983195094000000089e-02,-2.137172701000000091e-02
1.311875600000000031e+00,7.398876973000000357e-01,-2.860984139000000148e-02,-2.177456887000000021e-02
1.312145499999999965e+00,7.392405184000000462e-01,-2.723758457000000077e-02,-2.226694314999999938e-02
1.312415399999999899e+00,7.384446519999999792e-01,-2.578930344000000124e-02,-2.270086221999999959e-02
1.312685300000000055e+00,7.376897638999999618e-01,-2.428829251000000009e-02,-2.319634912000000104e-02
1.312954799999999977e+00,7.374093205999999734e-01,-2.223883808000000004e-02,-2.383418853000000143e-02
1.313224299999999900e+00,7.368202947999999974e-01,-2.035602748000000031e-02,-2.441649582999999915e-02
1.313493800000000045e+00,7.364977804000000239e-01,-1.864640064999999874e-02,-2.492842530000000112e-02
1.313763400000000026e+00,7.363445387000000508e-01,-1.688110278000000061e-02,-2.546355025999999869e-02
1.314032499999999937e+00,7.366147625000000199e-01,-1.511248997999999934e-02,-2.601166150999999899e-02
1.314301600000000070e+00,7.379263313999999685e-01,-1.364192472999999940e-02,-2.653655562999999995e-02
1.314570400000000028e+00,7.395629865999999719e-01,-1.231125733999999944e-02,-2.701223314999999861e-02
1.314838699999999916e+00,7.406801485999999768e-01,-1.159458135000000084e-02,-2.728487767999999980e-02
1.315106700000000073e+00,7.410176188999999525e-01,-1.109827887999999957e-02,-2.740894833999999933e-02
1.315373899999999985e+00,7.412757398999999525e-01,-1.129083774999999935e-02,-2.736765718000000111e-02
1.315640700000000107e+00,7.414732035000000110e-01,-1.137531611000000033e-02,-2.727022553000000085e-02
1.315906699999999985e+00,7.419037116000000154e-01,-1.173277124999999935e-02,-2.712344901000000169e-02
1.316172300000000073e+00,7.424146095000000445e-01,-1.214302115000000064e-02,-2.692419692000000073e-02
1.316437599999999986e+00,7.424325890999999844e-01,-1.208850753000000056e-02,-2.678975688999999868e-02
1.316702500000000109e+00,7.423111981000000137e-01,-1.203128648000000023e-02,-2.662556287999999841e-02
1.316966979999999898e+00,7.415302672000000372e-01,-1.220610911999999923e-02,-2.637422806999999841e-02
