time_s,CD,CL,CM
2.377932799999999975e-04,1.551435191999999930e+01,3.674320140000000151e-02,-5.516482365000000554e-01
5.134411499999999486e-04,-5.742931287000000218e+00,-2.058399210000000021e-02,2.655059240000000043e-01
8.274279800000000325e-04,6.994259354999999845e-01,-3.055226700000000101e-02,-4.113621856999999968e-04
1.179482799999999982e-03,8.000456926000000246e-01,-3.351320131999999813e-02,2.697045972999999926e-03
1.553145699999999938e-03,8.685020247000000415e-01,-4.302024287999999669e-02,3.307647904999999784e-03
1.924399100000000066e-03,8.927143331000000348e-01,-4.881551167999999968e-02,2.982113704000000001e-03
2.291102799999999995e-03,8.942068424000000348e-01,-5.319367758000000113e-02,2.767652582000000062e-03
2.655661000000000133e-03,8.767822612000000237e-01,-6.069632812999999766e-02,3.189304876999999976e-03
3.018449500000000042e-03,8.643457181999999461e-01,-6.574848083999999815e-02,5.033111193000000365e-03
3.378267199999999970e-03,8.577658946999999756e-01,-6.659519006000000352e-02,5.458545022000000323e-03
3.734990499999999835e-03,8.542758579000000463e-01,-6.656272219999999351e-02,5.253174904999999631e-03
4.089342299999999819e-03,8.528023486000000375e-01,-6.471747562000000620e-02,5.342716713999999707e-03
4.442352600000000311e-03,8.535520582000000189e-01,-6.265322831000000314e-02,5.804015231999999982e-03
4.794362800000000202e-03,8.535335640000000224e-01,-6.006022814999999876e-02,6.224186821999999793e-03
5.145378199999999999e-03,8.540154250000000502e-01,-5.597477297999999685e-02,6.847855919000000145e-03
5.495239399999999989e-03,8.533484123000000254e-01,-5.367801411999999911e-02,6.931760886000000281e-03
5.844280599999999645e-03,8.510165331000000277e-01,-5.396496376999999900e-02,6.447979080000000064e-03
6.192668099999999731e-03,8.485234560000000092e-01,-5.177167240999999698e-02,6.498891932999999871e-03
6.540404100000000130e-03,8.436906390999999727e-01,-4.790688248000000288e-02,6.648546093999999594e-03
6.887652900000000057e-03,8.383156968999999625e-01,-4.063762601999999780e-02,6.210080128000000123e-03
7.234577399999999985e-03,8.325101970999999601e-01,-3.310161938000000248e-02,5.646288186000000299e-03
7.581178200000000117e-03,8.258505896000000179e-01,-2.288656014999999877e-02,5.151828066999999955e-03
7.927617200000000586e-03,8.213520311999999990e-01,-1.432398351999999986e-02,5.062064584000000068e-03
8.273894500000000124e-03,8.160826491999999543e-01,-7.820970462000000761e-03,5.061578992000000110e-03
8.620010299999999667e-03,8.110376930999999567e-01,1.222783042999999901e-03,5.247899827000000045e-03
8.966126099999999211e-03,8.071276465000000178e-01,9.884605168000000497e-03,6.299016252999999586e-03
9.312080299999999158e-03,8.045580473000000232e-01,1.450528918000000035e-02,8.368489281000000835e-03
9.657873000000000846e-03,8.020006980999999646e-01,2.006812121999999865e-02,9.058822447999999306e-03
1.000350399999999987e-02,7.998931262999999792e-01,2.386746178000000163e-02,9.424231174000000100e-03
1.034913500000000063e-02,7.989285967999999460e-01,2.427207758999999979e-02,9.784145315999999773e-03
1.069460499999999939e-02,7.989254715000000395e-01,2.334957698000000165e-02,1.060697514000000057e-02
1.103991399999999963e-02,7.991173789000000083e-01,2.083901805999999884e-02,1.155313468999999947e-02
1.138522200000000040e-02,8.007005246999999715e-01,1.317980011999999972e-02,1.239878340999999926e-02
1.173036899999999917e-02,8.019768653000000080e-01,5.066965189999999772e-03,1.287233498000000045e-02
1.207551599999999968e-02,8.034093774999999660e-01,-2.941779277000000029e-03,1.320440267999999952e-02
1.242050199999999993e-02,8.046675900999999964e-01,-1.087284110999999984e-02,1.308139277999999933e-02
1.276532699999999992e-02,8.049167605000000503e-01,-1.613670551999999911e-02,1.267781242999999926e-02
1.311015100000000044e-02,8.046575530999999781e-01,-2.066110984000000053e-02,1.246566288000000057e-02
1.345481400000000070e-02,8.038398420000000266e-01,-2.747766995999999934e-02,1.274411823000000041e-02
1.379947699999999923e-02,8.012938943999999841e-01,-3.137475604000000001e-02,1.276528398999999918e-02
1.414397899999999923e-02,7.992045727000000044e-01,-3.300459934999999678e-02,1.244237680999999915e-02
1.448848099999999924e-02,7.970408332999999734e-01,-3.351018509999999923e-02,1.199283901000000076e-02
1.483298299999999924e-02,7.944731188000000444e-01,-3.240128515000000042e-02,1.192411825999999987e-02
1.517732299999999951e-02,7.919240905000000108e-01,-2.923129228999999871e-02,1.199153443000000076e-02
1.552166399999999925e-02,7.906402920999999751e-01,-2.346589367999999884e-02,1.191264740999999940e-02
1.586584300000000100e-02,7.891115064000000512e-01,-1.835753130000000038e-02,1.133613942000000034e-02
1.621002200000000101e-02,7.875073848000000432e-01,-1.557382331999999925e-02,1.073031984000000043e-02
1.655420100000000103e-02,7.860562003000000075e-01,-1.278316302999999918e-02,1.005907091000000052e-02
1.689838100000000051e-02,7.858482907999999600e-01,-1.070378605000000052e-02,9.278318031000000118e-03
1.724239799999999906e-02,7.849159574999999833e-01,-6.742690457000000311e-03,9.299731561000000243e-03
1.758641600000000055e-02,7.835725363000000110e-01,-3.555278628999999913e-03,9.742642266000000814e-03
1.793043399999999857e-02,7.817875598000000315e-01,-8.984195907000000004e-04,1.006073271000000081e-02
1.827445100000000058e-02,7.803507202999999670e-01,1.924394704000000067e-03,1.013944504999999933e-02
1.861830700000000061e-02,7.791096793999999770e-01,5.589834529999999739e-03,9.569980977999999194e-03
1.896216300000000063e-02,7.792391117000000422e-01,8.823948649999999866e-03,9.298023593999999240e-03
1.930601900000000065e-02,7.794008184999999811e-01,1.048212765000000081e-02,9.451786990000000596e-03
1.964987500000000067e-02,7.802703265000000554e-01,1.310496828999999953e-02,9.458943573999999480e-03
1.999373100000000070e-02,7.808064979000000072e-01,1.534103497999999947e-02,9.801822171999999278e-03
2.033742499999999925e-02,7.815080671999999895e-01,1.536819927000000058e-02,1.020178579000000085e-02
2.068111900000000128e-02,7.817044010000000487e-01,1.481660968000000043e-02,1.047437656000000002e-02
2.102481399999999931e-02,7.809148200000000095e-01,1.196967709000000026e-02,1.079185453000000051e-02
2.136850800000000133e-02,7.800579850000000093e-01,8.794669780000000103e-03,1.111243053000000001e-02
2.171220199999999989e-02,7.786545087999999781e-01,7.571108558999999939e-03,1.127330682999999958e-02
2.205589599999999845e-02,7.775563356000000370e-01,5.231187170999999740e-03,1.178720993000000050e-02
2.239959000000000047e-02,7.765039901000000411e-01,2.383564285000000071e-03,1.180926086999999937e-02
2.274312200000000103e-02,7.758826948000000501e-01,-2.774268966999999912e-03,1.188102278000000012e-02
2.308665400000000159e-02,7.744586068000000045e-01,-7.417106641000000174e-03,1.245076271000000040e-02
2.343018499999999921e-02,7.732098740999999720e-01,-1.217545681999999962e-02,1.324805285999999978e-02
2.377371699999999977e-02,7.718829213000000244e-01,-1.466865405000000039e-02,1.352727695000000008e-02
2.411724900000000033e-02,7.706238363999999841e-01,-1.456260684000000062e-02,1.364585142000000056e-02
2.446078100000000088e-02,7.691301208999999917e-01,-1.495342074000000077e-02,1.384083937000000000e-02
2.480431300000000144e-02,7.672058475999999905e-01,-1.482530750000000085e-02,1.434884087000000072e-02
2.514784499999999853e-02,7.649448594000000101e-01,-1.434327541000000004e-02,1.503359047000000018e-02
2.549137599999999962e-02,7.629577385000000378e-01,-1.415101837999999980e-02,1.542591280000000023e-02
2.583490800000000018e-02,7.611599787999999700e-01,-1.454146270000000046e-02,1.610631748000000002e-02
2.617844000000000074e-02,7.599897893000000515e-01,-1.582951457000000145e-02,1.689067634000000068e-02
2.652197200000000130e-02,7.595339730000000289e-01,-1.739214706999999902e-02,1.743525065000000110e-02
2.686534100000000092e-02,7.589246955999999766e-01,-1.766513633000000097e-02,1.758911419999999864e-02
2.720870900000000106e-02,7.585608807999999481e-01,-1.776072231000000098e-02,1.740334694000000154e-02
2.755207800000000068e-02,7.584073970000000386e-01,-1.761332946000000038e-02,1.748346543000000100e-02
2.789544700000000030e-02,7.583428420000000170e-01,-1.790466262000000100e-02,1.755853733999999944e-02
2.823881599999999992e-02,7.582952947000000110e-01,-1.846934558000000101e-02,1.724361854999999916e-02
2.858218499999999954e-02,7.578661440999999721e-01,-1.967156087000000025e-02,1.720937557000000104e-02
2.892555299999999968e-02,7.572827376999999860e-01,-2.223604888000000127e-02,1.732058323999999955e-02
2.926892199999999930e-02,7.572396101999999685e-01,-2.354987849999999952e-02,1.711181412999999985e-02
2.961229099999999892e-02,7.569663788999999587e-01,-2.358630408999999942e-02,1.680300460999999829e-02
2.995565999999999854e-02,7.565672820000000076e-01,-2.422428803999999991e-02,1.682680337000000068e-02
3.029902799999999868e-02,7.557752908000000547e-01,-2.201994197999999903e-02,1.625085970999999921e-02
3.064239699999999830e-02,7.544037505999999782e-01,-1.958160977999999844e-02,1.560655715999999943e-02
3.098576600000000139e-02,7.531408092000000387e-01,-1.718644739999999893e-02,1.470781223999999970e-02
3.132913500000000101e-02,7.527320053999999594e-01,-1.665876256999999916e-02,1.395670467000000026e-02
3.167266800000000104e-02,7.524569464999999457e-01,-1.801482000000000083e-02,1.372499743000000008e-02
3.201620100000000108e-02,7.522378361999999541e-01,-1.860381024000000091e-02,1.329923912999999951e-02
3.235973400000000111e-02,7.521559948999999579e-01,-1.953958652999999990e-02,1.291570969000000076e-02
3.270326700000000114e-02,7.523532005999999939e-01,-2.052193163000000029e-02,1.282902518000000013e-02
3.304679900000000170e-02,7.525903890999999790e-01,-2.151920361999999989e-02,1.292753494000000065e-02
3.339033200000000173e-02,7.524104139999999719e-01,-2.303077393999999889e-02,1.298723272999999928e-02
3.373386500000000177e-02,7.522970284000000118e-01,-2.389742644000000110e-02,1.320305230000000038e-02
3.407739800000000180e-02,7.522707604999999687e-01,-2.529246610000000089e-02,1.399830286999999979e-02
3.442093100000000183e-02,7.528207273999999449e-01,-2.529595923999999885e-02,1.467020674999999948e-02
3.476446400000000186e-02,7.534190689999999968e-01,-2.608047080000000170e-02,1.576257169000000111e-02
3.510799700000000190e-02,7.549131360999999929e-01,-2.561262204000000139e-02,1.626982367999999998e-02
3.545153000000000193e-02,7.559704227000000332e-01,-2.596289644999999827e-02,1.733893976999999892e-02
3.579506300000000196e-02,7.560483791000000009e-01,-2.491421216000000091e-02,1.747084632000000040e-02
3.613859600000000200e-02,7.558843092000000485e-01,-2.431301548999999923e-02,1.751215324999999892e-02
3.648212900000000203e-02,7.555876042000000403e-01,-2.234496035999999908e-02,1.759497827999999958e-02
3.682566200000000206e-02,7.561422663000000322e-01,-1.995954662000000088e-02,1.758309433000000005e-02
3.716919400000000262e-02,7.567103190999999729e-01,-1.754925599999999919e-02,1.735154112000000109e-02
3.751272700000000265e-02,7.573021022999999463e-01,-1.431286644999999955e-02,1.724440220000000162e-02
3.785626000000000269e-02,7.577971330999999644e-01,-1.251591487999999947e-02,1.767994319999999925e-02
3.819979300000000272e-02,7.580121571000000280e-01,-1.195827940999999971e-02,1.826921391999999922e-02
3.854332600000000275e-02,7.571572078999999622e-01,-1.310320752000000005e-02,1.888011375000000006e-02
3.888685900000000278e-02,7.550362264000000101e-01,-1.177934379000000059e-02,1.906288256000000098e-02
3.923039200000000282e-02,7.529957200000000350e-01,-1.193783703000000050e-02,1.943304665000000070e-02
3.957392500000000285e-02,7.503516168999999625e-01,-1.232467894000000008e-02,1.966920679999999838e-02
3.991745800000000288e-02,7.479549846999999918e-01,-1.300827782999999967e-02,1.961063262999999945e-02
4.026099100000000292e-02,7.454743575000000178e-01,-1.487480398999999932e-02,1.997965246000000042e-02
4.060452400000000295e-02,7.429404279000000333e-01,-1.666523027999999851e-02,1.995879861000000172e-02
4.094805700000000298e-02,7.406347862000000060e-01,-2.026294126000000029e-02,2.033461666999999973e-02
4.129158899999999660e-02,7.381428340000000254e-01,-2.313022488000000126e-02,2.070078238999999848e-02
4.163512199999999663e-02,7.359316273999999547e-01,-2.701425659000000062e-02,2.096406509000000098e-02
4.197865499999999667e-02,7.338169253999999864e-01,-2.975597740999999866e-02,2.092105991999999859e-02
4.232235499999999900e-02,7.315829109999999469e-01,-3.214247434999999847e-02,2.100386241000000084e-02
4.266605500000000134e-02,7.297352360000000093e-01,-3.533268654999999897e-02,2.103200447000000070e-02
4.300975399999999726e-02,7.279214405999999693e-01,-3.675536784999999806e-02,2.065280035000000014e-02
4.335345399999999960e-02,7.268214543000000027e-01,-3.933447606999999902e-02,2.036831119999999926e-02
4.369715400000000194e-02,7.252167655000000268e-01,-4.074446270999999842e-02,1.998133590000000098e-02
4.404085299999999786e-02,7.241031249999999586e-01,-4.217530748000000024e-02,1.944971822999999947e-02
4.438455300000000020e-02,7.233848416999999476e-01,-4.398605064000000314e-02,1.925133538999999894e-02
4.472825300000000254e-02,7.230165727999999792e-01,-4.632182870999999869e-02,1.936903972999999904e-02
4.507195199999999846e-02,7.222477397000000021e-01,-4.971567617000000050e-02,1.990831263999999837e-02
4.541565200000000080e-02,7.219725890000000534e-01,-5.320566715999999752e-02,2.030093582999999841e-02
4.575935200000000314e-02,7.218469290000000260e-01,-5.612462282999999830e-02,2.065941276999999979e-02
4.610305099999999906e-02,7.214357384999999789e-01,-5.887021383999999774e-02,2.099429682999999838e-02
4.644675100000000140e-02,7.207764984000000208e-01,-6.349005964999999974e-02,2.199987436000000116e-02
4.679045099999999680e-02,7.193169231999999580e-01,-6.688311603999999577e-02,2.290833210000000134e-02
4.713415099999999913e-02,7.173460347000000237e-01,-6.972566246000000412e-02,2.361305516000000021e-02
4.747785000000000200e-02,7.152089770999999763e-01,-7.133771899000000694e-02,2.397509000999999834e-02
4.782154999999999739e-02,7.131441589000000469e-01,-7.329689071000000666e-02,2.464375343999999912e-02
4.816524999999999973e-02,7.110468264000000538e-01,-7.502012197000000604e-02,2.515266491000000063e-02
4.850894900000000259e-02,7.088906310000000488e-01,-7.464587924000000430e-02,2.536941252999999966e-02
4.885264899999999799e-02,7.071288834000000190e-01,-7.381152843999999602e-02,2.588731642000000055e-02
4.919634900000000033e-02,7.055836747000000519e-01,-7.357722523000000125e-02,2.652327403999999930e-02
4.954004800000000319e-02,7.038199979999999467e-01,-7.210911254000000603e-02,2.692733069000000090e-02
4.988374799999999859e-02,7.015877100999999838e-01,-7.167578087999999792e-02,2.732172386000000092e-02
5.022744800000000093e-02,6.994979029000000237e-01,-7.108141038000000134e-02,2.789865084000000064e-02
5.057114699999999685e-02,6.973723816000000353e-01,-7.009427760000000451e-02,2.837385443999999868e-02
5.091484699999999919e-02,6.957176676999999865e-01,-6.951521604999999493e-02,2.886360424000000008e-02
5.125854700000000153e-02,6.943078230000000461e-01,-6.884395782999999658e-02,2.916515982000000146e-02
5.160224599999999745e-02,6.936536647000000055e-01,-6.739545694000000087e-02,2.916747546000000163e-02
5.194594599999999979e-02,6.930991167000000175e-01,-6.608160216000000253e-02,2.917748803000000044e-02
5.228964600000000212e-02,6.930032351999999563e-01,-6.308136743999999407e-02,2.942152040999999885e-02
5.263334499999999805e-02,6.937731670000000239e-01,-6.060966946000000133e-02,2.974186054999999884e-02
5.297704500000000039e-02,6.946492934000000341e-01,-5.657997916000000183e-02,2.937523407999999975e-02
5.332074500000000272e-02,6.959059963000000515e-01,-5.365427274000000163e-02,2.889886347999999841e-02
5.366444399999999865e-02,6.971852764000000535e-01,-5.115262851999999999e-02,2.834272516999999936e-02
5.400814400000000098e-02,6.986344012999999853e-01,-4.870146337999999714e-02,2.775017928999999953e-02
5.435184400000000332e-02,6.997527421000000469e-01,-4.758655081000000286e-02,2.739384678000000156e-02
5.469554399999999872e-02,7.006166489999999802e-01,-4.587744262000000017e-02,2.653459579000000054e-02
5.503924300000000158e-02,7.006407945000000526e-01,-4.318237897999999825e-02,2.563838769000000017e-02
5.538294299999999698e-02,7.009052001000000143e-01,-3.975687784999999697e-02,2.469795884999999996e-02
5.572664299999999932e-02,7.019287053999999637e-01,-3.657089443000000051e-02,2.391271089000000100e-02
5.607034200000000218e-02,7.034173128999999802e-01,-3.339760902000000337e-02,2.311157875000000028e-02
5.641404199999999758e-02,7.059307324000000383e-01,-3.019491574000000150e-02,2.207234819000000042e-02
5.675774199999999992e-02,7.090889111000000522e-01,-2.701566345000000133e-02,2.088566491000000067e-02
5.710144100000000278e-02,7.126419944999999867e-01,-2.290701013999999966e-02,1.993774666999999917e-02
5.744514099999999818e-02,7.154180541000000337e-01,-1.755621846999999916e-02,1.877787607999999858e-02
5.778884100000000051e-02,7.169157689999999805e-01,-1.304286779999999993e-02,1.791880474999999959e-02
5.813254000000000338e-02,7.178280593000000431e-01,-8.985427089999999464e-03,1.714120361999999995e-02
5.847623999999999878e-02,7.187993535000000156e-01,-4.449394532000000221e-03,1.593767646000000121e-02
5.881994000000000111e-02,7.197040409999999611e-01,-2.178435556000000214e-03,1.554580585000000029e-02
5.916380999999999724e-02,7.199767665999999844e-01,-6.624414630000000428e-04,1.522677249999999927e-02
5.950768099999999977e-02,7.194728122000000337e-01,3.941389462000000109e-04,1.532281943999999965e-02
5.985155200000000231e-02,7.182810121999999575e-01,2.721304436999999899e-03,1.541179785000000059e-02
6.019542199999999843e-02,7.163923810000000225e-01,3.312158371000000195e-03,1.569885811000000173e-02
6.053929300000000097e-02,7.151507687000000502e-01,2.447499995000000043e-03,1.613713418999999927e-02
6.088316399999999656e-02,7.130579652999999851e-01,1.481295476999999923e-03,1.684344884000000056e-02
6.122703399999999962e-02,7.117103610999999663e-01,3.017026832000000054e-03,1.743468079000000046e-02
6.157090500000000216e-02,7.107925870000000312e-01,2.507389024999999959e-03,1.802251296000000058e-02
6.191477599999999776e-02,7.096958810000000284e-01,2.419642978000000055e-03,1.867432604999999871e-02
6.225881800000000049e-02,7.078289693999999521e-01,2.347341853999999808e-03,1.975073327000000101e-02
6.260286099999999576e-02,7.061663013000000211e-01,2.089237838999999982e-03,2.017759474999999969e-02
6.294690399999999797e-02,7.047846244000000038e-01,1.395484952000000103e-03,2.064527281000000034e-02
6.329094600000000070e-02,7.043594965999999680e-01,4.818775717000000247e-04,2.059392549999999877e-02
6.363498900000000291e-02,7.031692738999999470e-01,1.340625139999999894e-03,2.050880617999999850e-02
6.397903100000000565e-02,7.022317150000000341e-01,2.079363957999999946e-03,2.023247128000000075e-02
6.432307399999999398e-02,7.013634039999999681e-01,1.380010478999999912e-03,2.060177784999999914e-02
6.466711699999999619e-02,7.004874572999999494e-01,1.656041243999999916e-03,2.116754238999999857e-02
6.501133200000000500e-02,7.003879049000000245e-01,3.712849726999999968e-03,2.139748235000000012e-02
6.535554799999999942e-02,7.005379420999999773e-01,5.256231670999999585e-03,2.141676051000000053e-02
6.569976299999999436e-02,7.010316270999999988e-01,7.599750742000000239e-03,2.080880569000000124e-02
6.604397800000000318e-02,7.008415508999999988e-01,8.861450572999999761e-03,2.026029760000000110e-02
6.638819399999999760e-02,7.005283567000000211e-01,1.078277870000000048e-02,1.967839819999999892e-02
6.673240900000000642e-02,7.005134468999999475e-01,1.105678321000000061e-02,1.937934083999999849e-02
6.707662500000000083e-02,7.009651118999999930e-01,1.096973495000000062e-02,1.901860367999999926e-02
6.742083999999999577e-02,7.017800901999999841e-01,9.827338923999999476e-03,1.855919727000000102e-02
6.776505500000000459e-02,7.026619214999999530e-01,8.833747842000000405e-03,1.799357827999999854e-02
6.810944500000000457e-02,7.031222735000000057e-01,7.927707343999999476e-03,1.707516562999999987e-02
6.845383400000000507e-02,7.031791137999999775e-01,7.514389988000000180e-03,1.690990997000000121e-02
6.879822300000000557e-02,7.031890414999999450e-01,7.489811178999999583e-03,1.747472635000000066e-02
6.914261200000000607e-02,7.023664845999999518e-01,6.633479737000000376e-03,1.769714371999999911e-02
6.948700100000000657e-02,7.014011961999999656e-01,3.041795823000000096e-03,1.792187564000000122e-02
6.983138999999999319e-02,6.998025199999999835e-01,1.298896017999999996e-04,1.818732417999999879e-02
7.017577999999999316e-02,6.982077523999999924e-01,-3.633375325999999884e-03,1.835683298999999866e-02
7.052016899999999366e-02,6.963100222000000450e-01,-7.836909366999999377e-03,1.825892804000000050e-02
7.086455799999999416e-02,6.944891304000000432e-01,-1.043586745000000052e-02,1.860597279999999867e-02
7.120912199999999970e-02,6.926169865000000314e-01,-1.514879050000000026e-02,1.910802529000000041e-02
7.155368600000000523e-02,6.908138297000000483e-01,-2.034464228999999930e-02,1.963273115999999985e-02
7.189824999999999688e-02,6.884681369999999800e-01,-2.417809749000000147e-02,2.004314121000000046e-02
7.224281400000000242e-02,6.868682469000000346e-01,-2.748270573999999841e-02,2.001363328999999913e-02
7.258737699999999460e-02,6.860295995999999841e-01,-3.107240642000000039e-02,2.061052267999999993e-02
7.293194100000000013e-02,6.842713900000000349e-01,-3.319674828000000050e-02,2.126225920000000130e-02
7.327650500000000566e-02,6.823899396999999478e-01,-3.390957524000000334e-02,2.168470277000000140e-02
7.362106899999999732e-02,6.814432051000000046e-01,-3.596880560000000060e-02,2.236076455999999948e-02
7.396563300000000285e-02,6.804266164000000172e-01,-4.087330407999999887e-02,2.255590784000000015e-02
7.431019699999999450e-02,6.803170356000000085e-01,-4.306195960999999878e-02,2.247864435000000022e-02
7.465476100000000004e-02,6.796516048999999837e-01,-4.380542000999999852e-02,2.259656658000000137e-02
7.499932500000000557e-02,6.794493727999999511e-01,-4.453822736000000171e-02,2.302308902000000171e-02
7.534388899999999722e-02,6.798605802999999614e-01,-4.565523794999999663e-02,2.302230628999999903e-02
7.568845200000000328e-02,6.802908958000000172e-01,-4.602880634999999970e-02,2.299921232000000024e-02
7.603301599999999494e-02,6.811072561000000025e-01,-4.636606067000000053e-02,2.317128664000000018e-02
7.637758000000000047e-02,6.819099697999999599e-01,-4.739279494000000342e-02,2.355234645000000085e-02
7.672214400000000600e-02,6.821557572999999985e-01,-4.885005283999999809e-02,2.347587526000000091e-02
7.706670799999999766e-02,6.829332686000000319e-01,-4.901984353999999655e-02,2.338403954999999923e-02
7.741144799999999382e-02,6.832399175000000158e-01,-4.850174003999999789e-02,2.342413018999999971e-02
7.775618900000000333e-02,6.838163352999999667e-01,-4.956604341000000330e-02,2.375800335999999832e-02
7.810092899999999949e-02,6.840200507999999457e-01,-4.966719903999999852e-02,2.409601018999999941e-02
7.844566999999999513e-02,6.846453109000000259e-01,-5.007207322999999988e-02,2.459057643000000029e-02
7.879041000000000516e-02,6.844969684999999693e-01,-4.901742230000000200e-02,2.450019524000000143e-02
7.913515100000000080e-02,6.848342627000000293e-01,-5.171037408999999696e-02,2.511566320999999991e-02
7.947989099999999696e-02,6.843890151999999505e-01,-5.417188928999999709e-02,2.583985294999999877e-02
7.982463099999999312e-02,6.836631192000000024e-01,-5.714751902000000244e-02,2.670723822999999941e-02
8.016937200000000263e-02,6.822508121000000481e-01,-5.893552999999999986e-02,2.775359079999999840e-02
8.051411199999999879e-02,6.809462858999999479e-01,-5.927263650999999717e-02,2.862266306999999843e-02
8.085885299999999443e-02,6.792979038999999997e-01,-6.017331288000000306e-02,2.957220835000000034e-02
8.120359300000000446e-02,6.775641966000000016e-01,-6.135058401000000050e-02,3.066592108999999927e-02
8.154833300000000063e-02,6.764465557000000073e-01,-6.179822600999999860e-02,3.112349983999999903e-02
8.189307399999999626e-02,6.750139775000000286e-01,-6.318468147000000368e-02,3.184352222000000343e-02
8.223781400000000630e-02,6.736958311999999838e-01,-6.494506793000000278e-02,3.199457592999999794e-02
8.258255500000000193e-02,6.725312789999999818e-01,-6.397801057999999430e-02,3.255674649999999726e-02
8.292729499999999809e-02,6.708157386999999972e-01,-6.409515266000000155e-02,3.263266090999999980e-02
8.327203599999999373e-02,6.685023038999999834e-01,-6.302303921999999337e-02,3.264634243999999658e-02
8.361677600000000377e-02,6.667385474000000478e-01,-6.269268736999999980e-02,3.307392061000000161e-02
8.396151599999999993e-02,6.649825052000000181e-01,-6.045575800999999916e-02,3.307915178999999706e-02
8.430625699999999556e-02,6.626741720000000058e-01,-5.753347671999999718e-02,3.284766658999999783e-02
8.465099700000000560e-02,6.603719995000000287e-01,-5.589921391000000211e-02,3.307658402000000081e-02
8.499573800000000123e-02,6.583711101000000454e-01,-5.399814582000000279e-02,3.306695100999999803e-02
8.534047799999999739e-02,6.570938736000000446e-01,-5.219343984000000131e-02,3.333208680000000063e-02
8.568521799999999355e-02,6.569300965000000048e-01,-4.957147857000000074e-02,3.319169398999999993e-02
8.602995900000000307e-02,6.573862245999999576e-01,-4.626098568999999910e-02,3.255907786000000054e-02
8.637469899999999923e-02,6.583375016000000413e-01,-4.307488274000000061e-02,3.197697847000000038e-02
8.671943999999999486e-02,6.599984443999999950e-01,-3.898861530000000131e-02,3.122665415999999888e-02
8.706418000000000490e-02,6.615655405000000489e-01,-3.645621580999999778e-02,3.117509981999999971e-02
8.740892100000000053e-02,6.637476557000000499e-01,-3.390085830999999689e-02,3.110125985000000010e-02
8.775366099999999669e-02,6.651062557000000375e-01,-2.971146241000000021e-02,3.033231784999999847e-02
8.809858099999999526e-02,6.665037872000000307e-01,-2.469262888000000114e-02,2.942442500000000058e-02
8.844350099999999382e-02,6.678052575999999796e-01,-2.062293192000000039e-02,2.859374392000000112e-02
8.878842100000000626e-02,6.689790625999999518e-01,-1.776657809999999948e-02,2.787456636999999932e-02
8.913334100000000482e-02,6.701087320999999930e-01,-1.529315428999999948e-02,2.711108184999999962e-02
8.947826100000000338e-02,6.715135867999999508e-01,-1.188608531000000072e-02,2.657660833999999847e-02
8.982318100000000194e-02,6.724795630000000024e-01,-9.207358514999999799e-03,2.557115469000000030e-02
9.016810100000000050e-02,6.733559631000000101e-01,-6.178758914999999720e-03,2.471456181000000057e-02
9.051302099999999906e-02,6.739203531999999885e-01,-4.850466371000000144e-03,2.429058448999999939e-02
9.085794099999999762e-02,6.744909824000000498e-01,-2.592153747999999865e-03,2.356933834999999991e-02
9.120286099999999618e-02,6.742609759000000036e-01,1.098891550000000031e-03,2.281386280000000100e-02
9.154778099999999474e-02,6.740117818999999955e-01,4.080578078999999754e-03,2.236645543000000125e-02
9.189270099999999331e-02,6.725026952999999530e-01,5.345725909999999789e-03,2.208615338999999830e-02
9.223762100000000574e-02,6.705216123999999667e-01,7.407353908999999605e-03,2.148051584999999958e-02
9.258272100000000671e-02,6.684562038000000372e-01,8.710850084999999243e-03,2.121928384999999945e-02
9.292782199999999326e-02,6.657324353000000361e-01,9.233249836999999488e-03,2.116758749000000051e-02
9.327292299999999370e-02,6.630299927999999676e-01,1.155169479999999978e-02,2.140789938999999864e-02
9.361802399999999413e-02,6.599619055000000012e-01,1.323882810000000070e-02,2.181876846999999953e-02
9.396312499999999457e-02,6.564491231000000315e-01,1.517327444000000046e-02,2.219018299999999874e-02
9.430822599999999500e-02,6.527126475000000205e-01,1.728608635000000032e-02,2.250584523999999906e-02
9.465332699999999544e-02,6.494994741999999821e-01,1.925528635000000113e-02,2.259467525000000143e-02
9.499842799999999587e-02,6.463022281000000424e-01,2.004485431999999956e-02,2.275669602000000152e-02
9.534371099999999766e-02,6.429948204000000000e-01,2.106673245000000028e-02,2.278785582999999851e-02
9.568899399999999944e-02,6.404092835000000372e-01,2.257461906999999948e-02,2.262427918999999898e-02
9.603427700000000122e-02,6.379355091999999727e-01,2.217089868999999949e-02,2.265474358000000091e-02
9.637955900000000353e-02,6.367884062999999983e-01,2.160425382999999963e-02,2.250071709000000045e-02
9.672484200000000532e-02,6.358184583999999528e-01,2.145730611999999843e-02,2.224225728000000027e-02
9.707012499999999322e-02,6.355016055000000108e-01,2.065606135000000107e-02,2.231492226000000162e-02
9.741540799999999500e-02,6.353077402000000262e-01,2.097688577999999929e-02,2.222388114999999942e-02
9.776087399999999761e-02,6.352595157000000547e-01,1.998758956999999864e-02,2.256537985000000093e-02
9.810633900000000074e-02,6.355771623000000536e-01,2.015597690000000067e-02,2.243608958999999958e-02
9.845180500000000334e-02,6.364935162000000535e-01,1.965626801999999923e-02,2.257929394000000173e-02
9.879727100000000595e-02,6.372004585999999637e-01,1.907605005999999867e-02,2.288875196999999931e-02
9.914273599999999520e-02,6.382548056000000303e-01,2.004516342999999867e-02,2.290994593999999898e-02
9.948820199999999780e-02,6.395189347999999940e-01,1.885007611999999985e-02,2.317129268000000034e-02
9.983366700000000094e-02,6.402880123999999951e-01,1.869179732999999913e-02,2.328561623000000025e-02
1.001793200000000023e-01,6.416124744000000213e-01,1.728979142999999968e-02,2.333765978999999963e-02
1.005249700000000052e-01,6.436229862000000246e-01,1.449363285999999938e-02,2.333698575000000067e-02
1.008706199999999942e-01,6.451291179000000486e-01,1.254888319000000037e-02,2.335962885000000128e-02
1.012162600000000023e-01,6.460906664000000132e-01,1.037747579000000003e-02,2.362916866999999893e-02
1.015619100000000052e-01,6.469684476000000517e-01,8.488827176000000169e-03,2.384319996999999941e-02
1.019075599999999943e-01,6.479870022999999479e-01,5.522679093999999581e-03,2.450047412000000077e-02
1.022532099999999972e-01,6.488078869000000193e-01,7.171164367000000105e-04,2.515938407999999959e-02
1.025990499999999972e-01,6.497836545999999824e-01,-3.666562028999999830e-03,2.531367120999999942e-02
1.029448800000000025e-01,6.500631916000000343e-01,-9.710963204999999154e-03,2.567084974000000130e-02
1.032907099999999939e-01,6.495337678000000503e-01,-1.564970706000000031e-02,2.581756627999999901e-02
1.036365499999999940e-01,6.488749433999999594e-01,-2.032669900000000016e-02,2.597695498000000131e-02
1.039823799999999993e-01,6.479804103999999843e-01,-2.577305440999999933e-02,2.621461955999999927e-02
1.043282199999999993e-01,6.465287266000000477e-01,-2.898744585999999887e-02,2.631593695000000038e-02
1.046740500000000046e-01,6.453636709000000193e-01,-3.207388098999999770e-02,2.661196429000000155e-02
1.050198799999999960e-01,6.441092609999999885e-01,-3.332526913000000146e-02,2.693215007000000077e-02
1.053658999999999984e-01,6.430029894000000024e-01,-3.568197958000000197e-02,2.739893322999999853e-02
1.057119200000000009e-01,6.418799284999999744e-01,-3.608762824000000258e-02,2.784805564999999830e-02
1.060579400000000033e-01,6.412506801999999784e-01,-3.716528639999999717e-02,2.843121342000000037e-02
1.064039600000000058e-01,6.403782673000000258e-01,-3.822078627000000117e-02,2.914304674000000109e-02
1.067499799999999943e-01,6.395760869000000071e-01,-3.817835021000000328e-02,2.971795288999999965e-02
1.070959999999999968e-01,6.389253553999999502e-01,-3.798882074999999914e-02,3.015552960000000143e-02
1.074420199999999992e-01,6.385729009999999706e-01,-3.732190726000000208e-02,3.058511255999999887e-02
1.077880400000000016e-01,6.386816038000000528e-01,-3.715690339000000258e-02,3.062163957999999853e-02
1.081340600000000041e-01,6.392911878999999464e-01,-3.714304143000000252e-02,3.093794093000000120e-02
1.084800800000000065e-01,6.401144716000000123e-01,-3.669787405000000252e-02,3.123492471000000048e-02
1.088260999999999951e-01,6.411926943000000323e-01,-3.533155489999999926e-02,3.122274685000000008e-02
1.091722999999999999e-01,6.426373734000000448e-01,-3.321386292999999740e-02,3.121711276999999951e-02
1.095185099999999995e-01,6.443524645000000550e-01,-3.139029416999999933e-02,3.109437336000000010e-02
1.098647199999999990e-01,6.458629081000000216e-01,-2.834820655999999856e-02,3.085277300000000000e-02
1.102109200000000039e-01,6.472777706000000242e-01,-2.512583083000000106e-02,3.077021367000000104e-02
1.105571300000000035e-01,6.483079750000000363e-01,-2.153140313000000139e-02,3.033768175000000136e-02
1.109033299999999944e-01,6.490925051999999473e-01,-1.707401289000000030e-02,2.970791478000000055e-02
1.112495399999999940e-01,6.500762602999999862e-01,-1.419501505000000073e-02,2.934512120999999835e-02
1.115957499999999936e-01,6.506420623999999986e-01,-1.060562181000000020e-02,2.906964222000000056e-02
1.119419499999999984e-01,6.502172403999999517e-01,-7.024333802000000057e-03,2.884602983000000148e-02
1.122881599999999980e-01,6.496584917000000070e-01,-4.490278054999999671e-03,2.862747460999999841e-02
1.126343600000000028e-01,6.489509326000000300e-01,-3.162661767000000176e-03,2.830487387000000035e-02
1.129805700000000024e-01,6.481629500000000155e-01,-1.723093592999999993e-03,2.797006243999999864e-02
1.133267800000000020e-01,6.478503684999999956e-01,-1.643102442999999982e-03,2.764185451000000099e-02
1.136731700000000039e-01,6.465571673000000130e-01,-1.752581475000000071e-03,2.723917393999999992e-02
1.140195700000000006e-01,6.445049649999999852e-01,-2.457696660000000064e-03,2.684544733000000100e-02
1.143659600000000026e-01,6.421935322999999807e-01,-2.915729267999999947e-03,2.635287139999999834e-02
1.147123599999999993e-01,6.396559298999999754e-01,-3.070576070999999924e-03,2.574673951999999905e-02
1.150587500000000013e-01,6.374720596999999822e-01,-3.216303162000000004e-03,2.527905926000000025e-02
1.154051400000000033e-01,6.354405033000000147e-01,-3.623443257999999900e-03,2.506969864999999964e-02
1.157515400000000000e-01,6.335886375000000514e-01,-4.542139403000000283e-03,2.501318858000000159e-02
1.160979300000000020e-01,6.319235155000000326e-01,-7.047324695999999597e-03,2.546062396000000130e-02
1.164443299999999987e-01,6.302570175999999691e-01,-9.760905157000000082e-03,2.601122114999999957e-02
1.167907200000000006e-01,6.288943101999999730e-01,-1.348546244999999921e-02,2.638168289000000083e-02
1.171371199999999974e-01,6.275199368999999638e-01,-1.656130565000000013e-02,2.666832603999999898e-02
1.174836999999999965e-01,6.267505802999999709e-01,-1.970551270000000035e-02,2.725686320999999926e-02
1.178302900000000042e-01,6.265277618000000270e-01,-2.063397838000000095e-02,2.751064989999999974e-02
1.181768700000000033e-01,6.266413844999999538e-01,-2.350379177000000083e-02,2.780831468000000140e-02
1.185234500000000024e-01,6.273073259000000457e-01,-2.600702822999999969e-02,2.805096203999999857e-02
1.188700399999999963e-01,6.286750616999999819e-01,-2.947668167000000103e-02,2.824949099000000075e-02
1.192166199999999954e-01,6.300514416000000395e-01,-3.082906024000000092e-02,2.856451385000000065e-02
1.195632100000000031e-01,6.315644308000000207e-01,-3.267488275000000192e-02,2.871942522000000067e-02
1.199097900000000022e-01,6.332460095999999927e-01,-3.387282730999999908e-02,2.899455445000000131e-02
1.202563799999999961e-01,6.353792750000000211e-01,-3.440858022999999932e-02,2.887989386999999936e-02
1.206029599999999952e-01,6.379013140000000526e-01,-3.680320774999999711e-02,2.918244513999999901e-02
1.209495399999999943e-01,6.400625181000000330e-01,-3.874669828999999927e-02,2.980026415999999928e-02
1.212961300000000020e-01,6.416847825999999477e-01,-4.173912010999999977e-02,3.017244913000000084e-02
1.216428999999999983e-01,6.430667253999999833e-01,-4.450425344000000227e-02,3.052287063000000064e-02
1.219896800000000031e-01,6.444269235999999790e-01,-4.745861181000000234e-02,3.085165805999999858e-02
1.223364599999999941e-01,6.451135189000000159e-01,-5.040682007999999770e-02,3.120767732999999919e-02
1.226832300000000042e-01,6.461168042999999583e-01,-5.340426624999999872e-02,3.183154457000000187e-02
1.230300099999999952e-01,6.471721570999999784e-01,-5.684628404000000024e-02,3.230515312999999999e-02
1.233767800000000053e-01,6.484419004999999459e-01,-5.997923446000000269e-02,3.290693912999999998e-02
1.237235599999999963e-01,6.494723380000000379e-01,-6.338660828000000635e-02,3.361341420999999774e-02
1.240703300000000064e-01,6.501107082999999509e-01,-6.740976088000000255e-02,3.447221006000000115e-02
1.244171099999999974e-01,6.498498749000000130e-01,-7.169248837000000152e-02,3.552447338999999843e-02
1.247638799999999937e-01,6.498754432000000136e-01,-7.563894558000000545e-02,3.646573781000000264e-02
1.251106600000000124e-01,6.486625206999999671e-01,-8.004006932000000407e-02,3.709210989000000236e-02
1.254574300000000087e-01,6.474534813000000222e-01,-8.437803284000000570e-02,3.761305876999999909e-02
1.258042099999999996e-01,6.459190233999999586e-01,-8.745928852999999836e-02,3.803148841000000141e-02
1.261509799999999959e-01,6.442234136000000166e-01,-9.107465551000000492e-02,3.890113921999999863e-02
1.264977599999999869e-01,6.424276089999999551e-01,-9.456110815000000336e-02,3.971477670000000265e-02
1.268445400000000056e-01,6.408436815000000397e-01,-9.605780809000000198e-02,4.038652431999999876e-02
1.271913100000000019e-01,6.393899948000000277e-01,-9.610981667000000062e-02,4.078194473999999931e-02
1.275380899999999929e-01,6.383361095999999790e-01,-9.738028626000000409e-02,4.115700633000000247e-02
1.278848599999999891e-01,6.373118046000000314e-01,-9.786126052999999381e-02,4.141529516999999799e-02
1.282316400000000078e-01,6.362665955999999845e-01,-9.819898126999999921e-02,4.181354120999999924e-02
1.285784100000000041e-01,6.354007532000000014e-01,-1.000130743000000044e-01,4.219116240999999656e-02
1.289251899999999951e-01,6.339690520999999856e-01,-1.033433418999999964e-01,4.297223208999999960e-02
1.292719599999999913e-01,6.324004869999999556e-01,-1.060124392000000026e-01,4.380311672000000017e-02
1.296187400000000101e-01,6.311002110000000220e-01,-1.071952337999999977e-01,4.400497159999999797e-02
1.299655100000000063e-01,6.300419858000000373e-01,-1.076285580999999936e-01,4.406433671999999968e-02
1.303122899999999973e-01,6.289084474999999674e-01,-1.087545169000000006e-01,4.404209455000000079e-02
1.306590699999999883e-01,6.283658895000000522e-01,-1.099260298000000052e-01,4.387808560999999913e-02
1.310058400000000123e-01,6.286122263000000210e-01,-1.107472481999999953e-01,4.349342110999999955e-02
1.313526200000000033e-01,6.292156956000000134e-01,-1.110318213999999942e-01,4.314157801000000070e-02
1.316993899999999995e-01,6.303800586000000150e-01,-1.107213170999999940e-01,4.280812292999999769e-02
1.320461699999999905e-01,6.313713909000000513e-01,-1.110332175000000032e-01,4.259772450000000321e-02
1.323929399999999867e-01,6.323555232999999998e-01,-1.109616253999999996e-01,4.237874920999999684e-02
1.327397200000000055e-01,6.329827689999999452e-01,-1.104067382000000069e-01,4.222563077000000137e-02
1.330864900000000017e-01,6.335818728000000011e-01,-1.087302374999999932e-01,4.186109819000000121e-02
1.334332699999999927e-01,6.341521633000000158e-01,-1.051317811999999963e-01,4.124821338000000254e-02
1.337800399999999890e-01,6.355051399000000156e-01,-1.028708785999999931e-01,4.049737964999999829e-02
1.341266200000000020e-01,6.368058906000000352e-01,-9.953547622000000206e-02,3.945344608000000280e-02
1.344732100000000097e-01,6.379644679000000540e-01,-9.587709748999999337e-02,3.880816098999999991e-02
1.348197899999999949e-01,6.384064122999999480e-01,-9.176889387999999370e-02,3.826816450000000008e-02
1.351663700000000079e-01,6.390284190999999669e-01,-8.827149533000000492e-02,3.750004805999999913e-02
1.355129499999999931e-01,6.392084767000000278e-01,-8.538538504999999834e-02,3.676671639000000241e-02
1.358595300000000061e-01,6.392270244000000101e-01,-8.211007501000000541e-02,3.591641085999999761e-02
1.362061099999999914e-01,6.388605475999999950e-01,-7.832500756999999370e-02,3.504335533999999863e-02
1.365526900000000043e-01,6.380568718000000361e-01,-7.564949115999999862e-02,3.421898472999999885e-02
1.368992699999999896e-01,6.368391303999999531e-01,-7.304469717000000584e-02,3.351736040000000139e-02
1.372458500000000026e-01,6.359519012000000027e-01,-7.072575000000000389e-02,3.294499255000000321e-02
1.375924299999999878e-01,6.347682466999999829e-01,-6.730700643999999733e-02,3.214619004000000141e-02
1.379392100000000065e-01,6.338450238999999709e-01,-6.350592707999999642e-02,3.145534100999999860e-02
1.382859800000000028e-01,6.328901260000000528e-01,-6.018767600000000245e-02,3.066166362000000145e-02
1.386327599999999938e-01,6.323406177000000516e-01,-5.646786747000000217e-02,2.958218215000000054e-02
1.389795400000000125e-01,6.321550366000000531e-01,-5.314401290000000250e-02,2.872947513000000119e-02
1.393263100000000088e-01,6.319019706999999819e-01,-5.044070649000000073e-02,2.794548254000000023e-02
1.396730899999999997e-01,6.314353883000000112e-01,-4.758482467999999854e-02,2.700997268000000090e-02
1.400198699999999907e-01,6.310406716999999999e-01,-4.479187174000000271e-02,2.636734271999999907e-02
1.403666399999999870e-01,6.299756055999999882e-01,-4.185423654999999993e-02,2.590281633999999902e-02
1.407134200000000057e-01,6.291600228000000516e-01,-3.835736837999999954e-02,2.529618914999999871e-02
1.410601999999999967e-01,6.284220014000000409e-01,-3.555976305999999920e-02,2.456048111000000075e-02
1.414071699999999987e-01,6.275754398999999761e-01,-3.328542342000000154e-02,2.406224472000000059e-02
1.417541400000000007e-01,6.271548482000000035e-01,-3.097640043999999940e-02,2.376995859999999836e-02
1.421011199999999974e-01,6.270212551999999606e-01,-2.784488716999999891e-02,2.343322498000000031e-02
1.424480899999999994e-01,6.264296511000000400e-01,-2.602064792000000071e-02,2.332848025999999936e-02
1.427950699999999962e-01,6.256970108999999614e-01,-2.340765636000000094e-02,2.306784133999999903e-02
1.431420399999999982e-01,6.247575780999999884e-01,-2.210747048999999950e-02,2.310596507999999882e-02
1.434890199999999949e-01,6.237616814999999981e-01,-2.169327156000000131e-02,2.348852351999999866e-02
1.438361900000000027e-01,6.221377519999999883e-01,-2.127541515999999827e-02,2.392768509999999849e-02
1.441833600000000104e-01,6.204075658000000049e-01,-2.077497069999999918e-02,2.441597359000000078e-02
1.445305299999999904e-01,6.182345915000000414e-01,-2.104685322999999900e-02,2.477430446000000036e-02
1.448777099999999929e-01,6.166795312999999723e-01,-2.149804488000000083e-02,2.520900557000000167e-02
1.452248800000000006e-01,6.152806156000000248e-01,-2.122259770000000170e-02,2.529405645999999869e-02
1.455720500000000084e-01,6.139531016999999480e-01,-2.244404422000000066e-02,2.570295322000000146e-02
1.459192300000000109e-01,6.128900570999999964e-01,-2.427177713000000167e-02,2.613867200000000168e-02
1.462665999999999966e-01,6.116021291000000026e-01,-2.572105779999999883e-02,2.677246695000000051e-02
1.466139700000000101e-01,6.099597864000000369e-01,-2.771254932999999906e-02,2.718242079000000172e-02
1.469613399999999959e-01,6.083729525000000082e-01,-3.077686381999999998e-02,2.787577161999999983e-02
1.473087200000000041e-01,6.069191797999999860e-01,-3.358782429999999930e-02,2.864766796000000129e-02
1.476560899999999898e-01,6.054250781000000137e-01,-3.693925940000000047e-02,2.948713742000000013e-02
1.480034600000000033e-01,6.037227365999999762e-01,-3.893036057999999661e-02,2.999922433000000097e-02
1.483508299999999891e-01,6.021503071999999568e-01,-4.050737931000000097e-02,3.061489544000000132e-02
1.486984100000000031e-01,6.007455140999999887e-01,-4.139243196000000347e-02,3.104270483000000011e-02
1.490459799999999946e-01,6.000171749999999582e-01,-4.323777206999999956e-02,3.138431491000000240e-02
1.493935500000000138e-01,5.995095003999999506e-01,-4.447355601999999908e-02,3.183211940999999823e-02
1.497411300000000001e-01,5.992571763999999801e-01,-4.631177900999999819e-02,3.224030758000000219e-02
1.500886999999999916e-01,5.990573851999999588e-01,-4.858899392999999761e-02,3.269893059000000129e-02
1.504362700000000108e-01,5.987474654000000118e-01,-5.087794808999999974e-02,3.320721516999999845e-02
1.507838499999999970e-01,5.988765392999999548e-01,-5.242861811999999927e-02,3.356536177999999704e-02
1.511316199999999943e-01,5.991579216000000319e-01,-5.411433409000000055e-02,3.390176494000000235e-02
1.514793899999999915e-01,5.994171946999999889e-01,-5.748783603999999686e-02,3.425145736000000107e-02
1.518271700000000113e-01,6.000165821999999816e-01,-6.023016877000000185e-02,3.445459493999999956e-02
1.521749400000000085e-01,6.004432415999999550e-01,-6.203512172999999658e-02,3.452383348000000185e-02
1.525227200000000005e-01,6.016191749000000533e-01,-6.400899861999999330e-02,3.462882779999999772e-02
1.528704899999999978e-01,6.034319106000000099e-01,-6.711934616999999659e-02,3.486884088000000159e-02
1.532182699999999897e-01,6.053559982999999756e-01,-7.008192612999999960e-02,3.530310630999999866e-02
1.535660399999999870e-01,6.073541028000000175e-01,-7.294865056999999542e-02,3.566312967000000167e-02
1.539138200000000067e-01,6.091260643999999447e-01,-7.625559094999999343e-02,3.596803064000000244e-02
1.542615900000000040e-01,6.114524473000000349e-01,-7.916237835999999362e-02,3.620353427999999790e-02
1.546095700000000017e-01,6.132560640999999979e-01,-8.164074312999999861e-02,3.662676981000000109e-02
1.549575499999999995e-01,6.146926982000000539e-01,-8.391075933000000098e-02,3.691565068000000199e-02
1.553055299999999972e-01,6.155679603999999472e-01,-8.616753306999999640e-02,3.727425597000000312e-02
1.556535099999999949e-01,6.164445871999999493e-01,-8.724395070000000307e-02,3.751201310999999899e-02
1.560014799999999979e-01,6.169631445000000047e-01,-8.877002437000000579e-02,3.783538405999999771e-02
1.563494599999999957e-01,6.176393638999999602e-01,-8.980267845999999332e-02,3.802098859999999969e-02
1.566974399999999934e-01,6.182078715000000058e-01,-9.070116105000000650e-02,3.826565142999999863e-02
1.570454199999999911e-01,6.184324490000000507e-01,-9.105496337000000551e-02,3.838417174000000043e-02
1.573933999999999889e-01,6.183287534000000418e-01,-9.023712055999999482e-02,3.864765794000000337e-02
1.577413699999999919e-01,6.182350294999999774e-01,-9.004774697999999578e-02,3.884569815999999731e-02
1.580893499999999896e-01,6.180130115999999951e-01,-8.983237963000000048e-02,3.915185141000000063e-02
1.584373299999999873e-01,6.174207394999999821e-01,-8.892477196999999667e-02,3.925941765000000305e-02
1.587853100000000128e-01,6.160146539999999948e-01,-8.755656908999999433e-02,3.944102940000000085e-02
1.591332900000000106e-01,6.144951785000000166e-01,-8.622265761000000306e-02,3.958956246999999901e-02
1.594814699999999863e-01,6.131533128999999693e-01,-8.626975331000000247e-02,3.968593825999999769e-02
1.598296499999999898e-01,6.118062389999999739e-01,-8.645419759000000370e-02,3.991636427999999820e-02
1.601778399999999880e-01,6.110614692000000403e-01,-8.673258917999999984e-02,4.014697727000000188e-02
1.605260199999999915e-01,6.103122450000000310e-01,-8.736542478000000611e-02,4.033001438000000105e-02
1.608741999999999950e-01,6.097220315000000390e-01,-8.777671474999999834e-02,4.049394255000000192e-02
1.612223899999999932e-01,6.095522864000000318e-01,-8.829156203000000647e-02,4.050689275000000228e-02
1.615705699999999967e-01,6.099810556000000439e-01,-8.933126800000000534e-02,4.043382213999999891e-02
1.619187500000000002e-01,6.107356945999999898e-01,-8.905887144000000644e-02,4.050002943000000077e-02
1.622669300000000037e-01,6.119193473999999799e-01,-8.922618060999999712e-02,4.053137780999999801e-02
1.626151200000000019e-01,6.130978898000000177e-01,-8.988962518000000179e-02,4.049717980999999883e-02
1.629633000000000054e-01,6.143645952999999826e-01,-9.037796539999999601e-02,4.072403486000000100e-02
1.633114800000000089e-01,6.159723955000000473e-01,-9.162179679000000132e-02,4.106836817000000112e-02
1.636596700000000071e-01,6.179969213999999544e-01,-9.205831372000000679e-02,4.104672303000000272e-02
1.640078500000000106e-01,6.198682028999999982e-01,-9.284451689000000618e-02,4.098149152999999711e-02
1.643560299999999863e-01,6.217355806000000040e-01,-9.393334691999999375e-02,4.097315416999999793e-02
1.647042200000000123e-01,6.234877840000000448e-01,-9.453004274000000040e-02,4.076611873000000191e-02
1.650523999999999880e-01,6.247100963999999701e-01,-9.577062165999999932e-02,4.073238625000000224e-02
1.654005799999999915e-01,6.251724754999999911e-01,-9.591841322999999919e-02,4.061604447000000118e-02
1.657489699999999955e-01,6.254479284999999722e-01,-9.605647358999999663e-02,4.069973251999999680e-02
1.660973599999999994e-01,6.251866562000000238e-01,-9.571508906999999511e-02,4.048362268999999847e-02
1.664457500000000034e-01,6.242985662000000158e-01,-9.609864860000000286e-02,4.033339184000000327e-02
1.667941400000000074e-01,6.226328107999999917e-01,-9.629256474000000288e-02,4.011454241000000226e-02
1.671425400000000061e-01,6.209025836999999548e-01,-9.644738039000000374e-02,3.988118532999999910e-02
1.674909300000000101e-01,6.191491702000000430e-01,-9.638092550000000591e-02,3.962494879999999692e-02
1.678393199999999863e-01,6.176941034999999802e-01,-9.603429473999999799e-02,3.939046848999999684e-02
1.681877099999999903e-01,6.162763213999999934e-01,-9.581919374000000267e-02,3.945327435999999854e-02
1.685360999999999942e-01,6.148198018999999626e-01,-9.597433366999999493e-02,3.967514876000000079e-02
1.688844899999999982e-01,6.131728730000000072e-01,-9.478764613000000006e-02,3.967308348000000290e-02
1.692328800000000022e-01,6.114426087000000010e-01,-9.386587476999999624e-02,3.962174287999999794e-02
1.695812700000000062e-01,6.099493005999999662e-01,-9.350460529000000076e-02,3.972085630999999672e-02
1.699296600000000101e-01,6.084004202999999666e-01,-9.309034542999999884e-02,3.967848751999999979e-02
1.702780499999999864e-01,6.066027373000000278e-01,-9.291980883000000579e-02,3.962407898999999872e-02
1.706264399999999903e-01,6.047475386999999758e-01,-9.381983249000000469e-02,3.989712969999999886e-02
1.709748299999999943e-01,6.030969830000000309e-01,-9.388587496000000421e-02,3.992293962000000029e-02
1.713232199999999983e-01,6.013149785000000414e-01,-9.269794212000000144e-02,3.999567385000000336e-02
1.716716100000000023e-01,5.999672901999999475e-01,-9.177636135000000195e-02,4.004472802000000331e-02
1.720200000000000062e-01,5.989984037000000150e-01,-9.093686810999999925e-02,4.003149729000000240e-02
1.723683900000000102e-01,5.984941980000000328e-01,-9.078119394000000453e-02,4.005096611000000251e-02
1.727167799999999864e-01,5.985281324000000236e-01,-9.138356122000000636e-02,4.014230230000000177e-02
1.730651800000000129e-01,5.984806808000000533e-01,-9.117483765000000684e-02,4.004382503000000065e-02
1.734135699999999891e-01,5.986259387000000265e-01,-9.017906497000000021e-02,3.980491908000000079e-02
1.737619599999999931e-01,5.988443706999999616e-01,-8.948043725000000281e-02,3.947204961999999789e-02
1.741103499999999971e-01,5.991989664000000326e-01,-8.861275360999999740e-02,3.903244689000000267e-02
1.744587400000000010e-01,6.000301818000000065e-01,-8.641895617000000529e-02,3.839301294999999947e-02
1.748071300000000050e-01,6.011270457999999817e-01,-8.404887613000000535e-02,3.777952970000000160e-02
1.751555200000000090e-01,6.022868165000000440e-01,-8.280265879999999801e-02,3.732301273000000058e-02
1.755041200000000134e-01,6.035067574000000379e-01,-8.044761112999999908e-02,3.686399753999999862e-02
1.758527199999999902e-01,6.046574245000000403e-01,-7.783300860000000321e-02,3.643510266999999692e-02
1.762013199999999946e-01,6.058121946000000202e-01,-7.543509952999999379e-02,3.598846900000000210e-02
1.765499299999999938e-01,6.066623504000000500e-01,-7.239684404000000517e-02,3.574176387999999926e-02
1.768985299999999983e-01,6.078638123999999809e-01,-6.896603342000000303e-02,3.538039301999999775e-02
1.772471300000000027e-01,6.087692184999999867e-01,-6.511223375999999896e-02,3.505143606000000328e-02
1.775957300000000072e-01,6.091253572000000505e-01,-6.090026762999999760e-02,3.455370592999999768e-02
1.779443300000000117e-01,6.088469101000000272e-01,-5.810860365000000000e-02,3.425271259999999873e-02
1.782929400000000109e-01,6.085950761999999736e-01,-5.511424715999999752e-02,3.396489401999999713e-02
1.786415399999999876e-01,6.084979445999999514e-01,-5.201734354999999754e-02,3.349786451000000276e-02
1.789901399999999920e-01,6.086780698000000545e-01,-4.881295814000000122e-02,3.294023276000000028e-02
1.793387399999999965e-01,6.082765146999999928e-01,-4.589527145999999780e-02,3.227325260999999723e-02
1.796873400000000010e-01,6.076165337000000166e-01,-4.223920530999999978e-02,3.182750366999999997e-02
1.800359500000000001e-01,6.071595969999999953e-01,-3.884422238000000138e-02,3.128421660999999854e-02
1.803847600000000051e-01,6.065812047999999956e-01,-3.639631811999999994e-02,3.081087433000000153e-02
1.807335800000000048e-01,6.059525184999999814e-01,-3.449553612999999713e-02,3.024601927000000051e-02
1.810823900000000097e-01,6.055242703000000004e-01,-3.149685929999999912e-02,2.962211064000000102e-02
1.814312100000000094e-01,6.048322932999999901e-01,-2.815587845000000131e-02,2.928132278000000061e-02
1.817800199999999866e-01,6.039981226999999731e-01,-2.531809626999999979e-02,2.895921368999999912e-02
1.821288399999999863e-01,6.030527998000000389e-01,-2.332052621999999853e-02,2.834612418000000134e-02
1.824776499999999912e-01,6.028794457999999690e-01,-2.162254389999999915e-02,2.790440480999999834e-02
1.828264699999999909e-01,6.029419562000000177e-01,-1.927346866000000103e-02,2.726554815999999992e-02
1.831752799999999959e-01,6.032336471999999450e-01,-1.757258054000000042e-02,2.671556955999999927e-02
1.835243099999999961e-01,6.036693248000000178e-01,-1.516121139999999923e-02,2.610343613999999840e-02
1.838733399999999962e-01,6.044050859999999803e-01,-1.311445697000000049e-02,2.558208208999999955e-02
1.842223699999999964e-01,6.051016869999999992e-01,-1.167195185999999989e-02,2.512818628999999998e-02
1.845713999999999966e-01,6.060882801000000430e-01,-1.118247323000000001e-02,2.481327426000000044e-02
1.849204299999999968e-01,6.069910946000000029e-01,-1.161052997000000010e-02,2.462648795000000126e-02
1.852694599999999969e-01,6.072997571999999566e-01,-1.267755127000000023e-02,2.468784289999999965e-02
1.856184899999999971e-01,6.071996304000000233e-01,-1.372332237000000073e-02,2.470122199000000102e-02
1.859677399999999925e-01,6.067498421000000475e-01,-1.517750487000000051e-02,2.467842908999999876e-02
1.863169799999999932e-01,6.065867347000000187e-01,-1.637456300000000170e-02,2.452520450999999893e-02
1.866662299999999886e-01,6.061072517000000159e-01,-1.711621518999999897e-02,2.461606864999999963e-02
1.870154800000000117e-01,6.054918270000000380e-01,-1.773204614999999984e-02,2.480076528999999863e-02
1.873647200000000124e-01,6.049492239999999521e-01,-1.921509408999999904e-02,2.520750312999999951e-02
1.877139700000000078e-01,6.039072437000000404e-01,-2.043428426000000117e-02,2.574385754999999887e-02
1.880632100000000084e-01,6.026626964000000308e-01,-2.141572672000000011e-02,2.613429474000000113e-02
1.884126799999999990e-01,6.010474595000000475e-01,-2.409751310999999965e-02,2.672351984000000125e-02
1.887621399999999949e-01,5.996128164999999788e-01,-2.635687245999999984e-02,2.738519107999999938e-02
1.891115999999999908e-01,5.978076466999999727e-01,-2.833795575999999844e-02,2.795354078000000103e-02
1.894610700000000092e-01,5.960478864999999571e-01,-3.100154495000000121e-02,2.866505737000000012e-02
1.898105300000000051e-01,5.940014432000000344e-01,-3.351341114999999843e-02,2.918701832000000079e-02
1.901599900000000010e-01,5.923027123999999866e-01,-3.596168199000000093e-02,2.938845971999999931e-02
1.905096699999999921e-01,5.906590873999999491e-01,-3.873854770000000058e-02,2.961427219999999971e-02
1.908593600000000057e-01,5.895997120999999508e-01,-4.211474515000000057e-02,3.022009012000000105e-02
1.912090399999999968e-01,5.884036551000000337e-01,-4.461255912999999990e-02,3.062322305999999952e-02
1.915587199999999879e-01,5.873146509000000126e-01,-4.666759482999999903e-02,3.121927223999999834e-02
1.919084000000000068e-01,5.865777071000000120e-01,-4.878035423000000315e-02,3.184338745000000331e-02
1.922580799999999979e-01,5.867280206999999637e-01,-5.093694238000000263e-02,3.232677744000000269e-02
1.926077599999999890e-01,5.866593830999999870e-01,-5.382644242000000218e-02,3.267025342999999721e-02
1.929574400000000078e-01,5.868784992000000145e-01,-5.589104602000000144e-02,3.324586795000000067e-02
1.933071299999999937e-01,5.871536803000000360e-01,-5.922074587000000084e-02,3.361733915000000156e-02
1.936568100000000126e-01,5.879515948000000325e-01,-6.267039526999999832e-02,3.416544501999999733e-02
1.940067099999999989e-01,5.891224202000000520e-01,-6.569004995999999652e-02,3.445077871999999847e-02
1.943566100000000130e-01,5.908975092999999568e-01,-6.888983375000000409e-02,3.477343687000000044e-02
1.947065099999999993e-01,5.925551065999999922e-01,-7.160286261999999902e-02,3.527773706000000148e-02
1.950564100000000134e-01,5.944494907999999800e-01,-7.407554862000000073e-02,3.582059505000000088e-02
1.954063099999999997e-01,5.959567913000000106e-01,-7.630725752000000472e-02,3.644293618999999707e-02
1.957562200000000086e-01,5.976208103000000271e-01,-7.771396026000000623e-02,3.719163154999999971e-02
1.961061199999999949e-01,5.992448326000000547e-01,-7.838243919000000004e-02,3.763872657999999677e-02
1.964560200000000090e-01,6.002074321999999462e-01,-7.977916509999999350e-02,3.804981385999999660e-02
1.968059199999999953e-01,6.007170320000000396e-01,-8.208979650999999322e-02,3.843047833999999746e-02
1.971558200000000094e-01,6.013603283999999771e-01,-8.330233358999999949e-02,3.857799091999999930e-02
1.975057199999999957e-01,6.018685454000000101e-01,-8.479544622000000087e-02,3.887041120000000322e-02
1.978556200000000098e-01,6.023568450999999824e-01,-8.717370709999999745e-02,3.921923743999999878e-02
1.982055299999999909e-01,6.028639721999999868e-01,-8.900347107000000646e-02,3.959413551999999697e-02
1.985554300000000050e-01,6.033221333999999603e-01,-9.077133611000000324e-02,3.999377952000000153e-02
1.989053299999999913e-01,6.038155707000000261e-01,-9.299156798999999585e-02,4.050311629000000191e-02
1.992552300000000054e-01,6.043085689999999621e-01,-9.504269439000000153e-02,4.083040300000000122e-02
1.996051299999999917e-01,6.047328688999999979e-01,-9.765371412999999945e-02,4.144719246999999801e-02
1.999550300000000058e-01,6.047878063999999609e-01,-1.007048066000000019e-01,4.214480022000000048e-02
2.003049299999999922e-01,6.044463238999999710e-01,-1.036111205000000007e-01,4.281284283000000301e-02
2.006548400000000010e-01,6.037972643000000250e-01,-1.066485553000000031e-01,4.354917912000000335e-02
2.010047399999999873e-01,6.031963205000000494e-01,-1.094596109999999983e-01,4.419300097000000010e-02
2.013546400000000014e-01,6.029434189000000277e-01,-1.121749870000000038e-01,4.471266733999999798e-02
2.017045399999999877e-01,6.027623637000000256e-01,-1.139868207999999994e-01,4.521597737000000033e-02
2.020544400000000018e-01,6.024364384000000516e-01,-1.155052010999999962e-01,4.586318682999999952e-02
2.024043399999999882e-01,6.023824795000000121e-01,-1.174695781999999938e-01,4.672414060999999924e-02
2.027542400000000022e-01,6.021955771000000457e-01,-1.194295321999999937e-01,4.749437365999999855e-02
2.031041399999999886e-01,6.022106274999999842e-01,-1.209095797999999999e-01,4.812749658999999902e-02
2.034540499999999974e-01,6.020944943999999577e-01,-1.224863083999999935e-01,4.872044637999999733e-02
2.038039500000000115e-01,6.016489932999999901e-01,-1.244408743999999983e-01,4.921627030000000347e-02
2.041538499999999978e-01,6.010181102999999636e-01,-1.266324608000000129e-01,4.963163016000000233e-02
2.045037500000000119e-01,6.003350996999999856e-01,-1.283985613999999997e-01,4.993121869000000101e-02
2.048536499999999982e-01,5.995364447000000041e-01,-1.292552120999999887e-01,5.016460620000000314e-02
2.052035500000000123e-01,5.991280262999999495e-01,-1.303853825999999883e-01,5.035205310000000212e-02
2.055534499999999987e-01,5.990331550999999921e-01,-1.310859718000000063e-01,5.066527265000000252e-02
2.059033600000000075e-01,5.989845675999999619e-01,-1.323545969000000100e-01,5.098491382999999905e-02
2.062532599999999938e-01,5.991869208000000224e-01,-1.335954874999999986e-01,5.157731086000000298e-02
2.066031600000000079e-01,5.993282022000000486e-01,-1.356949641000000095e-01,5.214244696999999901e-02
2.069530599999999942e-01,5.993392132999999511e-01,-1.375396795000000116e-01,5.260826150000000312e-02
2.073029600000000083e-01,5.991049794999999678e-01,-1.391867465000000137e-01,5.302357433999999731e-02
2.076526399999999994e-01,5.983942101000000457e-01,-1.400242117000000119e-01,5.338725136999999954e-02
2.080023099999999958e-01,5.972405913999999649e-01,-1.407631825000000003e-01,5.377200067000000028e-02
2.083519899999999869e-01,5.957790737000000503e-01,-1.422309974000000032e-01,5.393973901000000126e-02
2.087016600000000111e-01,5.942245593999999631e-01,-1.431709049999999872e-01,5.409197604999999714e-02
2.090513400000000022e-01,5.927723536000000237e-01,-1.432735891999999955e-01,5.413662208000000198e-02
2.094010199999999933e-01,5.909216913999999488e-01,-1.427186928999999993e-01,5.419651551000000123e-02
2.097506899999999896e-01,5.892374031999999540e-01,-1.429441526999999934e-01,5.424011958000000272e-02
2.101003700000000085e-01,5.879989374999999852e-01,-1.427946935999999944e-01,5.444854348000000011e-02
2.104500400000000049e-01,5.869184896000000373e-01,-1.428565743999999915e-01,5.469655074000000228e-02
2.107997199999999960e-01,5.857273237000000243e-01,-1.434316949999999979e-01,5.467010438000000083e-02
2.111493999999999871e-01,5.841750416000000001e-01,-1.437912285000000068e-01,5.466927907000000003e-02
2.114990700000000112e-01,5.825780915999999587e-01,-1.437865610999999877e-01,5.472906721999999669e-02
2.118485200000000124e-01,5.815476032999999934e-01,-1.435871975000000134e-01,5.451372070999999792e-02
2.121979700000000135e-01,5.802934398000000327e-01,-1.420844293000000091e-01,5.404312520000000009e-02
2.125474199999999869e-01,5.792693743000000284e-01,-1.407738631999999879e-01,5.371870390999999856e-02
2.128968699999999881e-01,5.782442990999999699e-01,-1.393299944999999984e-01,5.320904718000000339e-02
2.132463199999999892e-01,5.775369538000000302e-01,-1.382543984000000059e-01,5.260528695000000338e-02
2.135957699999999904e-01,5.772146921999999902e-01,-1.364259777999999868e-01,5.197691168000000139e-02
2.139452199999999915e-01,5.770023863000000031e-01,-1.350431467000000052e-01,5.136589248000000135e-02
2.142946599999999979e-01,5.767777334000000478e-01,-1.334239151000000123e-01,5.070883120999999938e-02
2.146441099999999991e-01,5.770576977000000385e-01,-1.319709822000000032e-01,5.010034929999999942e-02
2.149935600000000002e-01,5.774971165000000184e-01,-1.302347114999999889e-01,4.932685753999999784e-02
2.153430100000000014e-01,5.775711521999999931e-01,-1.280266642000000010e-01,4.856573230999999824e-02
2.156924600000000025e-01,5.772502520000000192e-01,-1.259607209999999977e-01,4.779544763000000140e-02
2.160419100000000037e-01,5.773496984000000554e-01,-1.231542984999999951e-01,4.720692275999999882e-02
2.163913600000000048e-01,5.778874750000000393e-01,-1.204983569000000060e-01,4.664712481999999660e-02
2.167410399999999959e-01,5.784504701999999554e-01,-1.183360116999999934e-01,4.591914349000000145e-02
2.170907099999999923e-01,5.789712638999999772e-01,-1.161376286000000008e-01,4.538936377999999716e-02
2.174403900000000112e-01,5.797280015000000342e-01,-1.141772682999999955e-01,4.483257996000000051e-02
2.177900700000000023e-01,5.803049717999999579e-01,-1.123396933000000014e-01,4.430260438999999995e-02
2.181397499999999934e-01,5.806519649000000394e-01,-1.096172299999999961e-01,4.373131579000000269e-02
2.184894300000000122e-01,5.811573639999999541e-01,-1.075585596000000060e-01,4.328378801999999831e-02
2.188391000000000086e-01,5.812963875000000114e-01,-1.057197906000000021e-01,4.290172901000000039e-02
2.191887799999999997e-01,5.815705834000000074e-01,-1.039310486000000061e-01,4.246656310000000017e-02
2.195384599999999908e-01,5.818532268999999646e-01,-1.031314804999999973e-01,4.192146300999999992e-02
2.198881400000000097e-01,5.821166006000000337e-01,-1.014275154000000012e-01,4.143636016999999866e-02
2.202378200000000008e-01,5.826861150000000045e-01,-9.941460839000000604e-02,4.110772416999999845e-02
2.205874899999999972e-01,5.832306983999999694e-01,-9.706985160999999362e-02,4.089316902000000170e-02
2.209371699999999883e-01,5.842483571000000042e-01,-9.549616114999999461e-02,4.062388723000000257e-02
2.212868500000000072e-01,5.844089547999999912e-01,-9.440982209999999875e-02,4.032036248999999739e-02
2.216365299999999983e-01,5.846940170000000103e-01,-9.308500828000000615e-02,3.992929717000000267e-02
2.219862099999999894e-01,5.848629786000000275e-01,-9.209666079000000671e-02,3.966195657999999763e-02
2.223358800000000135e-01,5.848453630000000070e-01,-9.200106255999999927e-02,3.955565878000000257e-02
2.226855600000000046e-01,5.843780807999999771e-01,-9.174530984999999805e-02,3.942808292999999686e-02
2.230352399999999957e-01,5.839708635000000481e-01,-9.118954648999999524e-02,3.932299543000000036e-02
2.233849199999999868e-01,5.835740922000000053e-01,-9.023139204999999774e-02,3.904776003999999717e-02
2.237346000000000057e-01,5.835134388999999588e-01,-8.925401830000000147e-02,3.878915990000000175e-02
2.240842700000000021e-01,5.838970910999999875e-01,-8.890564462000000168e-02,3.844902438000000200e-02
2.244339499999999932e-01,5.841381665999999528e-01,-8.826082831999999823e-02,3.809977207999999671e-02
2.247836300000000120e-01,5.842456792000000343e-01,-8.791316839000000438e-02,3.804444281000000233e-02
2.251335399999999931e-01,5.842685557000000252e-01,-8.755335002000000366e-02,3.816447205000000203e-02
2.254834500000000019e-01,5.840468909999999569e-01,-8.787077673000000255e-02,3.831002292999999975e-02
2.258333600000000108e-01,5.845192116999999854e-01,-8.789191673000000538e-02,3.839042051000000205e-02
2.261832699999999918e-01,5.844633618000000252e-01,-8.815527116000000662e-02,3.847706649000000312e-02
2.265331899999999954e-01,5.842371404999999740e-01,-8.912959215000000601e-02,3.890624111999999718e-02
2.268831000000000042e-01,5.836492442999999808e-01,-9.051379752999999528e-02,3.924361114000000234e-02
2.272330100000000130e-01,5.827634177999999610e-01,-9.160221097000000035e-02,3.947676362000000078e-02
2.275829199999999941e-01,5.823971878999999463e-01,-9.316525129000000072e-02,3.974682065000000042e-02
2.279328300000000029e-01,5.823025966999999525e-01,-9.441891692999999919e-02,4.016514032000000067e-02
2.282827400000000118e-01,5.822259312999999992e-01,-9.537508978000000526e-02,4.059010631999999952e-02
2.286326499999999928e-01,5.822986706999999651e-01,-9.736428328000000521e-02,4.110247617999999992e-02
2.289825600000000017e-01,5.825787129999999703e-01,-9.914403403999999531e-02,4.123300242999999865e-02
2.293324700000000105e-01,5.829272116000000503e-01,-1.007407248000000005e-01,4.152860276999999906e-02
2.296823799999999915e-01,5.835054859999999621e-01,-1.023147895000000029e-01,4.167987621000000115e-02
2.300322999999999951e-01,5.839566212000000256e-01,-1.045213593999999996e-01,4.190373933000000189e-02
2.303822100000000039e-01,5.838223680999999887e-01,-1.067558029999999963e-01,4.210246780000000133e-02
2.307321200000000128e-01,5.837343718999999931e-01,-1.081112412999999939e-01,4.226434882999999948e-02
2.310820299999999938e-01,5.839157963000000118e-01,-1.087919034999999951e-01,4.242728669999999702e-02
2.314319400000000027e-01,5.842486261999999542e-01,-1.100327809999999962e-01,4.266215047000000010e-02
2.317818500000000115e-01,5.850376645999999514e-01,-1.117776090999999944e-01,4.279604338000000258e-02
2.321317599999999925e-01,5.858864758999999811e-01,-1.128690217000000023e-01,4.271978857000000018e-02
2.324816700000000014e-01,5.866719376000000263e-01,-1.133593606999999948e-01,4.266474885999999717e-02
2.328315800000000102e-01,5.875171062999999805e-01,-1.140521597000000026e-01,4.258981611999999861e-02
2.331814899999999913e-01,5.878982602000000224e-01,-1.148087675000000057e-01,4.250675236999999773e-02
2.335314099999999948e-01,5.882005822000000439e-01,-1.152112049999999971e-01,4.250768484999999791e-02
2.338813200000000037e-01,5.880396746999999591e-01,-1.145150879000000066e-01,4.252343512000000131e-02
2.342312300000000125e-01,5.875140223999999467e-01,-1.141425095999999972e-01,4.241656036000000102e-02
2.345811399999999936e-01,5.865937839999999515e-01,-1.148418709999999981e-01,4.250857153999999805e-02
2.349310500000000024e-01,5.857496940999999957e-01,-1.151631275999999982e-01,4.253614393999999993e-02
2.352809600000000112e-01,5.850115724000000128e-01,-1.158041674000000049e-01,4.261517970999999932e-02
2.356308699999999923e-01,5.841189475000000408e-01,-1.155854647999999957e-01,4.265735747999999800e-02
2.359807800000000011e-01,5.829313946999999940e-01,-1.158158913000000012e-01,4.269392372999999963e-02
2.363306900000000099e-01,5.821327111999999859e-01,-1.143281790000000020e-01,4.245411018999999814e-02
2.366808400000000034e-01,5.811739030000000472e-01,-1.130730357999999991e-01,4.222171702000000054e-02
2.370309899999999970e-01,5.803780847999999715e-01,-1.115946099000000025e-01,4.206103471000000038e-02
2.373811399999999905e-01,5.793250679000000458e-01,-1.100466759999999961e-01,4.182542577000000067e-02
2.377312900000000118e-01,5.779149356999999654e-01,-1.085317083000000016e-01,4.157231210000000149e-02
2.380814400000000053e-01,5.766731112999999853e-01,-1.066568049999999934e-01,4.119028953000000021e-02
2.384315899999999988e-01,5.754097725000000274e-01,-1.050528547999999979e-01,4.079091734999999719e-02
2.387817399999999923e-01,5.742184178000000472e-01,-1.035600527000000021e-01,4.040587560000000189e-02
2.391318900000000136e-01,5.732489367999999974e-01,-1.020890049000000022e-01,3.996913704999999900e-02
2.394820400000000071e-01,5.725517302000000530e-01,-9.974976927999999743e-02,3.942543350000000252e-02
2.398321900000000007e-01,5.721641280000000496e-01,-9.765587038999999636e-02,3.908982507000000051e-02
2.401823399999999942e-01,5.722415524999999725e-01,-9.517524615000000354e-02,3.866437234000000278e-02
2.405324899999999877e-01,5.726496522999999783e-01,-9.278707882999999434e-02,3.810228583999999974e-02
2.408826400000000090e-01,5.730110793999999563e-01,-8.989598269000000086e-02,3.745832698999999877e-02
2.412330299999999872e-01,5.731984787999999664e-01,-8.684659191999999361e-02,3.684058634000000193e-02
2.415834199999999932e-01,5.732269728000000120e-01,-8.428093126999999796e-02,3.616408757999999696e-02
2.419338099999999991e-01,5.733700008000000015e-01,-8.127422817000000410e-02,3.535492409999999724e-02
2.422842000000000051e-01,5.733035404999999862e-01,-7.828415179000000612e-02,3.458139382000000039e-02
2.426345900000000111e-01,5.736871037999999867e-01,-7.557963926999999860e-02,3.384246570999999842e-02
2.429849799999999893e-01,5.741570079000000160e-01,-7.280662053000000467e-02,3.303919505999999839e-02
2.433353699999999953e-01,5.747320402000000161e-01,-7.038243523999999918e-02,3.249595704000000224e-02
2.436857600000000013e-01,5.750910810999999567e-01,-6.771307378999999460e-02,3.192605882999999950e-02
2.440361500000000072e-01,5.752960367999999658e-01,-6.476618759999999697e-02,3.130025300000000010e-02
2.443865400000000132e-01,5.756832559000000238e-01,-6.170156366000000003e-02,3.083256024000000095e-02
2.447369299999999914e-01,5.763906109999999972e-01,-5.905443001999999969e-02,3.053541419999999951e-02
2.450873199999999974e-01,5.769793326000000055e-01,-5.647803442000000340e-02,3.024676316999999962e-02
2.454377100000000034e-01,5.775494832999999995e-01,-5.314067467999999961e-02,2.969842775999999990e-02
2.457881000000000093e-01,5.777242989999999967e-01,-4.971512336000000198e-02,2.911438273999999993e-02
2.461384899999999876e-01,5.776961505000000052e-01,-4.733711868999999905e-02,2.870528972999999984e-02
2.464891300000000007e-01,5.775249369999999605e-01,-4.450571370999999860e-02,2.821063148999999881e-02
2.468397599999999914e-01,5.775671690000000469e-01,-4.153016626000000100e-02,2.771643093000000085e-02
2.471904000000000046e-01,5.779019308999999716e-01,-3.866346704999999717e-02,2.725509409000000105e-02
2.475410299999999952e-01,5.782802922999999984e-01,-3.663042122000000067e-02,2.694901798000000001e-02
2.478916600000000137e-01,5.784320965999999453e-01,-3.438208041000000159e-02,2.665477071000000100e-02
2.482422999999999991e-01,5.782146118000000001e-01,-3.182791066000000002e-02,2.627501943999999839e-02
2.485929299999999897e-01,5.781123449999999719e-01,-2.946117275000000035e-02,2.600702468000000087e-02
2.489438099999999876e-01,5.776330992000000553e-01,-2.756613352999999836e-02,2.580411470999999929e-02
2.492946900000000132e-01,5.770882247999999937e-01,-2.587863098999999834e-02,2.560148018000000039e-02
2.496455700000000111e-01,5.763361265999999983e-01,-2.394134979000000010e-02,2.539821898000000147e-02
2.499964500000000089e-01,5.756462774999999699e-01,-2.174670240000000157e-02,2.514385461999999946e-02
2.503473299999999790e-01,5.753189002999999913e-01,-1.965611646000000115e-02,2.492878432000000116e-02
2.506982099999999769e-01,5.752460579999999490e-01,-1.729517665000000065e-02,2.476265022999999885e-02
2.510490899999999748e-01,5.753160090000000171e-01,-1.518208553999999925e-02,2.470401069000000005e-02
2.514002200000000076e-01,5.751928844999999457e-01,-1.322513395000000057e-02,2.461696169999999864e-02
2.517513399999999901e-01,5.750929126999999585e-01,-1.150067249999999971e-02,2.451867725999999983e-02
2.521024700000000229e-01,5.748467341999999869e-01,-1.035292988999999934e-02,2.439798022000000052e-02
2.524536000000000002e-01,5.745706055000000534e-01,-9.865845850000000763e-03,2.434104545999999855e-02
2.528047199999999828e-01,5.739344629999999503e-01,-9.230274074000000689e-03,2.433270983000000026e-02
2.531558500000000156e-01,5.734461786000000227e-01,-8.897209974000000118e-03,2.429373817999999977e-02
2.535069799999999929e-01,5.725770023999999792e-01,-8.819830578999999712e-03,2.437570119000000146e-02
2.538583500000000104e-01,5.718273313999999719e-01,-8.373960786999999628e-03,2.442794863000000150e-02
2.542097300000000226e-01,5.711150789000000172e-01,-8.339481629999999368e-03,2.457090938999999946e-02
2.545610999999999846e-01,5.708893654000000151e-01,-8.456555718000000749e-03,2.473321564000000028e-02
2.549124799999999968e-01,5.706715985000000435e-01,-8.186862219000000038e-03,2.489659414999999959e-02
2.552638500000000144e-01,5.707926830999999757e-01,-8.237255340999999689e-03,2.511850418000000085e-02
2.556152300000000266e-01,5.708370015000000519e-01,-8.914673365000000405e-03,2.542972128000000123e-02
2.559665999999999886e-01,5.711776835999999857e-01,-1.012123862000000041e-02,2.588924065999999996e-02
2.563182299999999803e-01,5.710884528999999876e-01,-1.095829654999999972e-02,2.635959337000000000e-02
2.566698499999999772e-01,5.706629718000000295e-01,-1.259520377000000052e-02,2.688076156000000078e-02
2.570214800000000244e-01,5.697318609000000533e-01,-1.455117807000000027e-02,2.739183796999999920e-02
2.573731000000000213e-01,5.688724706000000131e-01,-1.589566812999999856e-02,2.766908543000000040e-02
2.577247300000000130e-01,5.682190744999999765e-01,-1.832547768000000049e-02,2.820520614999999856e-02
2.580763500000000099e-01,5.679071273000000364e-01,-2.024552065000000123e-02,2.859326360999999914e-02
2.584282299999999810e-01,5.675461910000000332e-01,-2.311588908000000026e-02,2.924932100999999909e-02
2.587801100000000076e-01,5.671027834999999850e-01,-2.621156652000000004e-02,2.999574257000000091e-02
2.591319799999999840e-01,5.667519613000000511e-01,-2.916885945999999827e-02,3.074032106999999986e-02
2.594838600000000106e-01,5.664973140000000296e-01,-3.212602816000000028e-02,3.147448557000000202e-02
2.598357399999999817e-01,5.665081691000000141e-01,-3.559013805999999835e-02,3.230789230000000178e-02
2.601876100000000136e-01,5.668087205999999822e-01,-3.905181162000000150e-02,3.301568389000000131e-02
2.605394899999999847e-01,5.671425810000000345e-01,-4.265628290000000183e-02,3.362410085999999881e-02
2.608916199999999908e-01,5.673880796000000393e-01,-4.586693842000000298e-02,3.421164183000000025e-02
2.612437499999999968e-01,5.678375186999999880e-01,-4.869648547000000188e-02,3.472791315999999850e-02
2.615958800000000029e-01,5.685349887999999741e-01,-5.141800450999999689e-02,3.513572962000000022e-02
2.619480100000000089e-01,5.693456064999999899e-01,-5.467056571000000059e-02,3.559722081999999732e-02
2.623001400000000150e-01,5.701641507000000386e-01,-5.792303675999999762e-02,3.604498465000000040e-02
2.626522700000000210e-01,5.709602510000000297e-01,-6.072133688999999807e-02,3.640231218000000019e-02
2.630044000000000270e-01,5.718275797999999854e-01,-6.399305596000000318e-02,3.677814290999999874e-02
2.633565299999999776e-01,5.727310220000000340e-01,-6.734144633999999963e-02,3.726373194999999666e-02
2.637086599999999836e-01,5.737153874000000542e-01,-7.084774422999999544e-02,3.769187511000000185e-02
2.640607899999999897e-01,5.743252502000000259e-01,-7.408518674000000304e-02,3.811172948000000199e-02
2.644129199999999957e-01,5.746830034000000031e-01,-7.819866540000000588e-02,3.866153769999999823e-02
2.647650500000000018e-01,5.745899424999999505e-01,-8.233597381000000437e-02,3.911919336999999941e-02
2.651171800000000078e-01,5.745395819999999931e-01,-8.668406281000000380e-02,3.949412288000000298e-02
2.654693100000000139e-01,5.746053610000000367e-01,-9.092018826000000664e-02,3.976618147000000186e-02
2.658214400000000199e-01,5.746624393999999469e-01,-9.482237824000000481e-02,3.999548817000000284e-02
2.661735700000000260e-01,5.745144877000000205e-01,-9.837299000999999432e-02,4.044646739999999824e-02
2.665256999999999765e-01,5.743084400000000311e-01,-1.009062413000000047e-01,4.085196970999999816e-02
2.668778299999999826e-01,5.738129395000000077e-01,-1.029321160999999984e-01,4.114036789000000138e-02
2.672299599999999886e-01,5.729733071000000511e-01,-1.043028287999999970e-01,4.137926470000000134e-02
2.675820899999999947e-01,5.719686962000000152e-01,-1.049937932000000046e-01,4.154445319999999775e-02
2.679342200000000007e-01,5.707743437000000197e-01,-1.068071951999999963e-01,4.193185605000000066e-02
2.682863500000000068e-01,5.696742478999999859e-01,-1.086367485999999993e-01,4.221596895000000182e-02
2.686384800000000128e-01,5.687119448999999882e-01,-1.110514303999999980e-01,4.258173666000000107e-02
2.689906100000000189e-01,5.680854641000000482e-01,-1.129256181999999942e-01,4.284802605000000153e-02
2.693427400000000249e-01,5.676550765000000220e-01,-1.152220310000000025e-01,4.309196586999999856e-02
2.696948699999999755e-01,5.672536281000000180e-01,-1.170307490000000034e-01,4.335876372999999950e-02
2.700469999999999815e-01,5.666300090000000456e-01,-1.189396196000000044e-01,4.360992619000000209e-02
2.703991299999999876e-01,5.663828280999999576e-01,-1.208670525999999967e-01,4.380841078000000111e-02
2.707512599999999936e-01,5.664339890999999794e-01,-1.226436169000000020e-01,4.404350610999999832e-02
2.711033899999999996e-01,5.667650795999999991e-01,-1.242621282999999965e-01,4.425278908000000039e-02
2.714555200000000057e-01,5.673452061000000546e-01,-1.260298202000000034e-01,4.456336040000000165e-02
2.718076500000000117e-01,5.677129623000000125e-01,-1.283162495999999875e-01,4.500666125999999712e-02
2.721597800000000178e-01,5.681625332999999944e-01,-1.303507889999999947e-01,4.541747926999999824e-02
2.725119100000000238e-01,5.684483383999999750e-01,-1.325716365000000063e-01,4.564321575000000047e-02
2.728640399999999744e-01,5.688189742000000493e-01,-1.350374131000000033e-01,4.585662064999999898e-02
2.732161699999999804e-01,5.693767932000000087e-01,-1.374633745000000129e-01,4.612616650000000290e-02
2.735682999999999865e-01,5.700757561000000528e-01,-1.395750221000000013e-01,4.640418719000000136e-02
2.739204299999999925e-01,5.705536020999999458e-01,-1.415870787999999880e-01,4.674436598000000082e-02
2.742725599999999986e-01,5.710304399000000197e-01,-1.432444999999999968e-01,4.699532542999999840e-02
2.746246900000000046e-01,5.715777184000000455e-01,-1.448515766000000038e-01,4.714674139000000347e-02
2.749768200000000107e-01,5.720939649999999821e-01,-1.467458869000000110e-01,4.730339313999999684e-02
2.753289500000000167e-01,5.722510178999999919e-01,-1.487155341999999991e-01,4.749876514999999688e-02
2.756810800000000228e-01,5.722442049999999503e-01,-1.507485856000000124e-01,4.759551579000000088e-02
2.760332099999999733e-01,5.723357754000000241e-01,-1.523045885000000044e-01,4.766494560000000130e-02
2.763853399999999794e-01,5.727206295000000225e-01,-1.537619115999999952e-01,4.779107927000000172e-02
2.767374699999999854e-01,5.734204461999999891e-01,-1.554552227000000064e-01,4.799030593999999844e-02
2.770895999999999915e-01,5.744052827000000194e-01,-1.570132519999999920e-01,4.815886102999999974e-02
2.774417200000000028e-01,5.750095767999999774e-01,-1.577763457999999952e-01,4.817485156000000240e-02
2.777938500000000088e-01,5.753312882000000128e-01,-1.585823164999999868e-01,4.836986957000000142e-02
2.781459800000000149e-01,5.754773160999999693e-01,-1.596164371000000082e-01,4.861491090000000237e-02
2.784981100000000209e-01,5.755683446999999564e-01,-1.606828174999999914e-01,4.879139894000000116e-02
2.788499799999999973e-01,5.756687137999999537e-01,-1.608612848000000040e-01,4.899315331000000245e-02
2.792018499999999737e-01,5.754592982999999773e-01,-1.609462187000000044e-01,4.908546270999999961e-02
2.795537200000000055e-01,5.749773383999999821e-01,-1.610821172000000134e-01,4.906499998999999668e-02
2.799055799999999872e-01,5.741608580000000517e-01,-1.611524347999999940e-01,4.898072047000000262e-02
2.802574500000000191e-01,5.734012741999999774e-01,-1.614606511999999994e-01,4.883269443999999765e-02
2.806093199999999954e-01,5.728264994999999749e-01,-1.620658020000000088e-01,4.876287140999999853e-02
2.809611799999999771e-01,5.730101470999999780e-01,-1.621824007999999873e-01,4.866154486999999668e-02
2.813130500000000089e-01,5.732208998000000166e-01,-1.626192207000000112e-01,4.880971381000000220e-02
2.816649199999999853e-01,5.733926713000000452e-01,-1.626655503999999974e-01,4.900991407000000050e-02
2.820167900000000172e-01,5.737250787000000019e-01,-1.639985176000000044e-01,4.909693346999999958e-02
2.823686499999999988e-01,5.740195542999999567e-01,-1.649379472999999985e-01,4.917555548000000082e-02
2.827205199999999752e-01,5.739468938999999770e-01,-1.658772756999999931e-01,4.923897121999999682e-02
2.830723900000000071e-01,5.731826931000000291e-01,-1.667951656999999976e-01,4.928876234000000023e-02
2.834242499999999887e-01,5.722718219000000328e-01,-1.679936612000000051e-01,4.931076462000000271e-02
2.837761200000000206e-01,5.715019197999999800e-01,-1.690719928999999955e-01,4.947135124999999661e-02
2.841279899999999969e-01,5.710647356000000396e-01,-1.700005559999999971e-01,4.955915077999999835e-02
2.844798499999999786e-01,5.701959251999999534e-01,-1.713461420999999874e-01,4.958111435999999761e-02
2.848317200000000105e-01,5.692418589000000084e-01,-1.726785768000000110e-01,4.962123527000000117e-02
2.851835899999999868e-01,5.679938903000000261e-01,-1.732334060000000064e-01,4.955150433999999660e-02
2.855354600000000187e-01,5.667308892000000320e-01,-1.737115663999999893e-01,4.959533446000000123e-02
2.858873200000000003e-01,5.655166268000000329e-01,-1.743195297000000032e-01,4.973768508000000338e-02
2.862391899999999767e-01,5.641687934000000348e-01,-1.749463309000000022e-01,4.991939956000000095e-02
2.865910600000000086e-01,5.624638053999999610e-01,-1.752369826999999880e-01,4.999012751000000282e-02
2.869429199999999902e-01,5.606024318000000228e-01,-1.756543490999999957e-01,5.012852663000000319e-02
2.872947900000000221e-01,5.589277449999999758e-01,-1.737840076999999928e-01,4.978277543000000221e-02
2.876466599999999985e-01,5.575248243000000548e-01,-1.713012050000000119e-01,4.923480512000000253e-02
2.879985299999999748e-01,5.560675546000000136e-01,-1.691897075999999889e-01,4.864560455999999977e-02
2.883503900000000120e-01,5.547365733000000354e-01,-1.674701081999999952e-01,4.823990596999999658e-02
2.887022599999999883e-01,5.536926737999999792e-01,-1.655245927000000006e-01,4.780744974000000064e-02
2.890541300000000202e-01,5.532363256000000229e-01,-1.640189338999999968e-01,4.744878816999999888e-02
2.894059900000000018e-01,5.532936823999999865e-01,-1.622203379000000112e-01,4.705015585999999805e-02
2.897578599999999782e-01,5.534505320000000506e-01,-1.600883473999999973e-01,4.665457650999999678e-02
2.901097300000000101e-01,5.535079532000000135e-01,-1.576804924000000108e-01,4.613692622999999993e-02
2.904615999999999865e-01,5.536140344000000102e-01,-1.555135851999999985e-01,4.564778896999999863e-02
2.908134600000000236e-01,5.535169608000000130e-01,-1.536289970999999976e-01,4.516881338999999967e-02
2.911653300000000000e-01,5.535091524999999901e-01,-1.512889776000000130e-01,4.456351244000000128e-02
2.915171999999999763e-01,5.542005580000000098e-01,-1.484745848000000035e-01,4.389879610999999904e-02
2.918690600000000135e-01,5.554155509000000546e-01,-1.452518287000000019e-01,4.317976324000000199e-02
2.922209299999999899e-01,5.566647260999999514e-01,-1.415905185999999927e-01,4.245020633999999765e-02
2.925728000000000217e-01,5.576764964999999519e-01,-1.378706184000000057e-01,4.173006442999999815e-02
2.929246600000000034e-01,5.586301627999999964e-01,-1.338378540000000061e-01,4.091237803000000173e-02
2.932765299999999797e-01,5.595839672000000320e-01,-1.299601881000000125e-01,4.010755013000000258e-02
2.936286699999999805e-01,5.605091649000000231e-01,-1.260142324999999897e-01,3.934760210999999758e-02
2.939808099999999813e-01,5.613302385999999755e-01,-1.226703554999999946e-01,3.878480788000000096e-02
2.943329499999999821e-01,5.616760007000000110e-01,-1.196931729000000055e-01,3.818430101999999854e-02
2.946850899999999829e-01,5.613512233999999879e-01,-1.165356079999999989e-01,3.747856613000000170e-02
2.950372199999999889e-01,5.606684732000000171e-01,-1.131175948999999931e-01,3.672233384000000295e-02
2.953893599999999897e-01,5.604776563000000156e-01,-1.099984326999999956e-01,3.601680089999999973e-02
2.957414999999999905e-01,5.601817020999999563e-01,-1.071697882999999990e-01,3.533586256000000037e-02
2.960936399999999913e-01,5.602736989000000056e-01,-1.037828576000000003e-01,3.476910551000000210e-02
2.964457799999999921e-01,5.601767168000000297e-01,-1.003242181999999955e-01,3.417815277999999846e-02
2.967979199999999929e-01,5.600343167000000344e-01,-9.738355468999999875e-02,3.367401529999999865e-02
2.971503300000000181e-01,5.594985845000000069e-01,-9.414904772000000366e-02,3.310863361000000032e-02
2.975027399999999878e-01,5.588227655999999932e-01,-9.017748707000000641e-02,3.243921557999999983e-02
2.978551500000000130e-01,5.579817538000000354e-01,-8.704987727999999314e-02,3.186765889999999823e-02
2.982075599999999826e-01,5.570049270000000385e-01,-8.503555370000000224e-02,3.134305919000000135e-02
2.985599800000000026e-01,5.564146597000000360e-01,-8.273090739999999776e-02,3.070384353000000024e-02
2.989123899999999723e-01,5.561040761000000110e-01,-8.051245840000000042e-02,3.013346730999999848e-02
2.992650800000000166e-01,5.560793754999999727e-01,-7.830871540999999325e-02,2.955711239999999837e-02
2.996177600000000107e-01,5.563984320000000539e-01,-7.671022774999999849e-02,2.910955796000000081e-02
2.999704499999999996e-01,5.571536270000000401e-01,-7.496990665000000109e-02,2.863167250000000011e-02
3.003231399999999884e-01,5.582682114000000473e-01,-7.281604630000000633e-02,2.812237568999999965e-02
3.006758299999999773e-01,5.594924477999999590e-01,-7.090780218000000690e-02,2.784060042000000013e-02
3.010285200000000216e-01,5.611113132999999698e-01,-6.941164786999999559e-02,2.761061018999999908e-02
3.013814799999999794e-01,5.626511486999999923e-01,-6.791126260999999498e-02,2.739538841999999974e-02
3.017344499999999874e-01,5.636412615000000459e-01,-6.617629938999999850e-02,2.711315938000000147e-02
3.020874100000000007e-01,5.639008264999999520e-01,-6.502543892999999853e-02,2.686323344999999932e-02
3.024403800000000087e-01,5.642891320999999794e-01,-6.474452350999999883e-02,2.667204167000000042e-02
3.027933400000000219e-01,5.649583953000000269e-01,-6.384141179999999749e-02,2.654862876999999899e-02
3.031463099999999744e-01,5.658287149999999821e-01,-6.304425078000000515e-02,2.637390975000000054e-02
3.034995500000000068e-01,5.665210216999999604e-01,-6.285762162999999902e-02,2.624582925999999899e-02
3.038527899999999837e-01,5.668089897000000432e-01,-6.289996941999999314e-02,2.627877555999999851e-02
3.042060400000000109e-01,5.668365797000000095e-01,-6.350066980000000638e-02,2.639907172000000024e-02
3.045592799999999878e-01,5.666864342999999860e-01,-6.440493447999999510e-02,2.664476762999999984e-02
3.049125300000000149e-01,5.667749479000000479e-01,-6.593684827000000082e-02,2.688351416000000008e-02
3.052657699999999918e-01,5.665449979000000136e-01,-6.716059454999999401e-02,2.723668279000000109e-02
3.056192899999999879e-01,5.654498835000000279e-01,-6.796009565999999724e-02,2.747140910000000005e-02
3.059728199999999787e-01,5.642946971000000200e-01,-6.913167585000000448e-02,2.775715063000000135e-02
3.063263399999999748e-01,5.629323989000000195e-01,-7.034015489000000620e-02,2.808666371000000106e-02
3.066798700000000211e-01,5.614428142999999816e-01,-7.148239620000000627e-02,2.846571230999999855e-02
3.070333900000000171e-01,5.599392804999999695e-01,-7.335733128999999408e-02,2.892720169999999855e-02
3.073869200000000079e-01,5.584008020999999822e-01,-7.574175317999999602e-02,2.933388013000000002e-02
3.077404400000000040e-01,5.569232407999999968e-01,-7.841641676999999699e-02,2.971654065999999872e-02
3.080942500000000139e-01,5.557413477999999518e-01,-8.083044838000000287e-02,3.009570912999999862e-02
3.084480600000000239e-01,5.548345192000000425e-01,-8.303685679000000208e-02,3.060083468000000112e-02
3.088018699999999783e-01,5.539992993000000254e-01,-8.534707118999999842e-02,3.113454486999999923e-02
3.091556699999999935e-01,5.532752717000000153e-01,-8.756203775000000189e-02,3.170328221999999668e-02
3.095094800000000035e-01,5.524021635000000430e-01,-8.932940696999999708e-02,3.213310377999999828e-02
3.098632900000000134e-01,5.517773206999999625e-01,-9.141415971999999890e-02,3.245156846999999734e-02
3.102171000000000234e-01,5.511762661000000341e-01,-9.355764977000000093e-02,3.274582465999999886e-02
3.105708999999999831e-01,5.509370882999999885e-01,-9.579941555000000275e-02,3.310864113999999886e-02
3.109250000000000069e-01,5.509921048999999460e-01,-9.810372107999999758e-02,3.353066484000000180e-02
3.112790899999999805e-01,5.511499190999999964e-01,-1.006851403000000034e-01,3.400644757000000074e-02
3.116331800000000096e-01,5.512566331999999569e-01,-1.038503776000000017e-01,3.464174815999999935e-02
3.119872799999999780e-01,5.515215897999999894e-01,-1.063122682999999985e-01,3.528518121000000229e-02
3.123413700000000071e-01,5.516763984000000454e-01,-1.078474303000000051e-01,3.585293165999999671e-02
3.126954599999999806e-01,5.519050278999999559e-01,-1.095476893000000007e-01,3.637069642000000103e-02
3.130495500000000098e-01,5.520567911000000549e-01,-1.120962939000000047e-01,3.689484385999999838e-02
3.134036499999999781e-01,5.519322741000000088e-01,-1.147655635999999951e-01,3.745022108999999932e-02
3.137577400000000072e-01,5.521733441999999714e-01,-1.173075838000000037e-01,3.800035337000000346e-02
3.141118299999999808e-01,5.519691566000000105e-01,-1.201296847000000029e-01,3.836343685000000170e-02
3.144662100000000238e-01,5.524232878999999485e-01,-1.233083415000000016e-01,3.892536961000000323e-02
3.148205900000000113e-01,5.528561083999999903e-01,-1.256241241999999925e-01,3.946972941000000124e-02
3.151749699999999987e-01,5.535614283999999996e-01,-1.280102086000000083e-01,3.988128405000000015e-02
3.155293499999999862e-01,5.543403311000000278e-01,-1.300678003000000083e-01,4.034291410000000189e-02
3.158837299999999737e-01,5.550013179999999657e-01,-1.328808267999999904e-01,4.094589198000000291e-02
3.162381200000000114e-01,5.555359579999999964e-01,-1.352442963000000109e-01,4.143999521999999769e-02
3.165924999999999989e-01,5.558185778999999993e-01,-1.379725461999999903e-01,4.192854007999999993e-02
3.169468799999999864e-01,5.557433167999999979e-01,-1.408739166000000098e-01,4.235061661000000255e-02
3.173012599999999739e-01,5.556007607999999820e-01,-1.433919298000000120e-01,4.276897634000000059e-02
3.176556400000000169e-01,5.554153117000000250e-01,-1.455909987000000017e-01,4.318511629999999962e-02
3.180100200000000044e-01,5.554945725000000056e-01,-1.478584102999999927e-01,4.357795538999999913e-02
3.183643999999999918e-01,5.558238689000000177e-01,-1.494773718000000085e-01,4.393784770999999839e-02
3.187187799999999793e-01,5.563865228000000052e-01,-1.510837080000000110e-01,4.423608854000000284e-02
3.190731600000000223e-01,5.573608037999999709e-01,-1.530159172999999984e-01,4.456565600000000210e-02
3.194275400000000098e-01,5.584630445999999582e-01,-1.545489133999999876e-01,4.492570924000000021e-02
3.197819199999999973e-01,5.595120030000000355e-01,-1.554350922999999940e-01,4.516770777999999653e-02
3.201362999999999848e-01,5.606278168999999645e-01,-1.561308799999999997e-01,4.542626049000000193e-02
3.204906799999999722e-01,5.613099387000000107e-01,-1.571668445000000136e-01,4.574228396999999863e-02
3.208450600000000152e-01,5.620601367999999987e-01,-1.582350621999999984e-01,4.601349295999999922e-02
3.211994400000000027e-01,5.626546903000000377e-01,-1.599854796999999884e-01,4.623070161000000095e-02
3.215538199999999902e-01,5.631687198999999477e-01,-1.615265123000000080e-01,4.633880782000000115e-02
3.219082099999999724e-01,5.637282380000000481e-01,-1.624451675999999956e-01,4.639193735000000235e-02
3.222625900000000154e-01,5.644236730999999674e-01,-1.633316321000000126e-01,4.646369896000000083e-02
3.226169700000000029e-01,5.648122667999999624e-01,-1.638667095999999934e-01,4.642709292999999682e-02
3.229713499999999904e-01,5.653386307000000111e-01,-1.641374388000000073e-01,4.642109430000000009e-02
3.233257299999999779e-01,5.658894727000000069e-01,-1.645058803999999986e-01,4.648422796999999995e-02
3.236801100000000209e-01,5.663897745999999511e-01,-1.647282143000000088e-01,4.652146131999999878e-02
3.240344900000000083e-01,5.669970416999999818e-01,-1.653041984999999992e-01,4.654399172999999779e-02
3.243888699999999958e-01,5.673705628999999862e-01,-1.651107286999999868e-01,4.652965089000000304e-02
3.247432499999999833e-01,5.672829149000000459e-01,-1.644754241999999977e-01,4.638817674000000196e-02
3.250976300000000263e-01,5.669721920000000415e-01,-1.641228892000000106e-01,4.616662266999999736e-02
3.254517199999999999e-01,5.663712576999999637e-01,-1.634278191999999907e-01,4.583017347999999991e-02
3.258057999999999788e-01,5.658682001999999489e-01,-1.624608939999999946e-01,4.553405541999999695e-02
3.261598900000000079e-01,5.650755563999999564e-01,-1.612256022000000122e-01,4.513738016999999797e-02
3.265139699999999867e-01,5.647448197000000114e-01,-1.601121828000000025e-01,4.476206863999999952e-02
3.268680600000000158e-01,5.644716682000000540e-01,-1.585519883000000019e-01,4.434074646999999758e-02
3.272221399999999947e-01,5.639328837999999511e-01,-1.565751522000000118e-01,4.392030545000000230e-02
3.275762300000000238e-01,5.635561425999999763e-01,-1.545651497999999957e-01,4.343819387000000254e-02
3.279303100000000026e-01,5.627328374000000188e-01,-1.519576293999999883e-01,4.293713283000000214e-02
3.282843999999999762e-01,5.617302485999999817e-01,-1.495232004000000003e-01,4.240519925999999828e-02
3.286384800000000106e-01,5.606293470000000001e-01,-1.466524758999999956e-01,4.189042610999999666e-02
3.289925699999999842e-01,5.590984051999999815e-01,-1.438210367999999961e-01,4.134057985999999713e-02
3.293466500000000186e-01,5.580237955000000305e-01,-1.406756627000000093e-01,4.072355933999999983e-02
3.297007399999999921e-01,5.570251443000000524e-01,-1.375720595000000102e-01,4.007989727999999863e-02
3.300548300000000213e-01,5.564748440000000240e-01,-1.344852574000000023e-01,3.943288372999999986e-02
3.304089100000000001e-01,5.560314774000000293e-01,-1.313237195999999996e-01,3.879022434999999935e-02
3.307629999999999737e-01,5.557550659000000115e-01,-1.280090852000000112e-01,3.799322779000000039e-02
3.311170800000000081e-01,5.553118304999999921e-01,-1.245836179999999932e-01,3.732510935999999724e-02
3.314711699999999817e-01,5.550878660000000409e-01,-1.209422450999999982e-01,3.658459787999999990e-02
3.318252500000000160e-01,5.545165676000000099e-01,-1.172190788999999955e-01,3.579740224999999887e-02
3.321793399999999896e-01,5.541327590000000303e-01,-1.135425156999999990e-01,3.503574294999999700e-02
3.325334200000000240e-01,5.535811158000000232e-01,-1.103391905000000034e-01,3.433561554999999682e-02
3.328875099999999976e-01,5.532019036999999972e-01,-1.065250803999999996e-01,3.357129875999999985e-02
3.332415899999999764e-01,5.527222858000000461e-01,-1.024161217000000013e-01,3.271910978999999914e-02
3.335956800000000055e-01,5.524054231999999676e-01,-9.847135615999999536e-02,3.193953474999999820e-02
3.339497599999999844e-01,5.522524852000000317e-01,-9.425703537000000576e-02,3.112413506999999954e-02
3.343038500000000135e-01,5.519553161000000374e-01,-9.020827476999999928e-02,3.035952214000000107e-02
3.346579299999999924e-01,5.516487357999999563e-01,-8.652215967000000119e-02,2.963063393000000059e-02
3.350120200000000215e-01,5.513625262000000360e-01,-8.415199233999999529e-02,2.917272086000000098e-02
3.353661000000000003e-01,5.512428745999999880e-01,-8.160957155999999657e-02,2.867769922999999915e-02
3.357201899999999739e-01,5.510405041000000503e-01,-7.873636833000000057e-02,2.814623106999999957e-02
3.360742800000000030e-01,5.504178824000000025e-01,-7.584119011999999882e-02,2.758263831999999832e-02
3.364283599999999819e-01,5.499484914000000169e-01,-7.326997322000000645e-02,2.704389997000000018e-02
3.367824500000000110e-01,5.492096762999999493e-01,-6.990127658000000466e-02,2.644305292999999876e-02
3.371365299999999898e-01,5.490730025000000181e-01,-6.772190539000000342e-02,2.607691933000000004e-02
3.374906200000000189e-01,5.489239004000000532e-01,-6.477232885000000495e-02,2.560345277000000003e-02
3.378446999999999978e-01,5.491360050000000381e-01,-6.236303256999999739e-02,2.526039839000000092e-02
3.381987900000000269e-01,5.491136443999999894e-01,-5.975853688999999830e-02,2.484068512000000076e-02
3.385528700000000057e-01,5.491118826999999980e-01,-5.732480234000000147e-02,2.449884903999999947e-02
3.389069599999999793e-01,5.487471211000000126e-01,-5.527349418000000042e-02,2.423628141999999847e-02
3.392610400000000137e-01,5.483265824999999927e-01,-5.366322442000000248e-02,2.399797328999999854e-02
3.396151299999999873e-01,5.475488647999999792e-01,-5.194125311000000189e-02,2.369754299000000064e-02
3.399695200000000250e-01,5.471489117000000180e-01,-5.071786305999999994e-02,2.345279244999999915e-02
3.403239100000000072e-01,5.465508805000000025e-01,-4.927638486000000123e-02,2.316174998000000013e-02
3.406782999999999895e-01,5.463404421999999983e-01,-4.862245717000000106e-02,2.289939096999999910e-02
3.410326900000000272e-01,5.461919451000000203e-01,-4.772149036000000039e-02,2.259587006999999939e-02
3.413870800000000094e-01,5.463454053999999838e-01,-4.750381478000000046e-02,2.242577281000000117e-02
3.417414799999999864e-01,5.467740761999999588e-01,-4.736504150000000329e-02,2.234751424999999875e-02
3.420958700000000241e-01,5.469521662999999867e-01,-4.725291551000000007e-02,2.233869838000000080e-02
3.424502600000000063e-01,5.474392274999999586e-01,-4.742297225000000060e-02,2.241349134999999840e-02
3.428046499999999885e-01,5.476340199000000464e-01,-4.780123658000000331e-02,2.261806557999999912e-02
3.431590400000000263e-01,5.477983090000000388e-01,-4.835211399000000076e-02,2.283505259999999912e-02
3.435134300000000085e-01,5.473151474999999877e-01,-4.948389881999999684e-02,2.301828427999999885e-02
3.438678199999999907e-01,5.466528958999999910e-01,-5.110479055000000104e-02,2.323652726000000057e-02
3.442222099999999729e-01,5.460169111999999547e-01,-5.345762639999999954e-02,2.356882483000000139e-02
3.445766000000000107e-01,5.454565555000000510e-01,-5.549325532999999783e-02,2.386328722000000124e-02
3.449309899999999929e-01,5.452208664000000038e-01,-5.739824176000000305e-02,2.415729843999999890e-02
3.452853900000000253e-01,5.451880529999999503e-01,-5.990074861999999944e-02,2.456758846999999857e-02
3.456400900000000109e-01,5.450320354000000034e-01,-6.283884771999999341e-02,2.516075568000000068e-02
3.459947899999999965e-01,5.446951641999999705e-01,-6.568122811000000338e-02,2.572995634999999948e-02
3.463494899999999821e-01,5.444316384999999814e-01,-6.806764295999999381e-02,2.625140121000000062e-02
3.467041900000000232e-01,5.441804869999999905e-01,-7.062432237999999307e-02,2.688144676000000025e-02
3.470588900000000088e-01,5.441589945999999456e-01,-7.345403426999999597e-02,2.756637404999999832e-02
3.474135999999999891e-01,5.437486571999999851e-01,-7.609534028000000672e-02,2.818971950999999906e-02
3.477682999999999747e-01,5.433073370000000013e-01,-7.862158706999999858e-02,2.881807854000000002e-02
3.481230000000000158e-01,5.425549070999999834e-01,-8.092652439000000419e-02,2.932323846000000137e-02
3.484777000000000013e-01,5.423259759999999874e-01,-8.379671047999999456e-02,2.987995147999999990e-02
3.488323999999999869e-01,5.419242496999999714e-01,-8.630993473999999666e-02,3.027145587999999915e-02
3.491870999999999725e-01,5.420222959999999590e-01,-8.917582498999999940e-02,3.079649120999999878e-02
3.495418100000000083e-01,5.418979588000000236e-01,-9.131817772000000444e-02,3.119606309000000008e-02
3.498965099999999939e-01,5.418672053999999960e-01,-9.398654160000000091e-02,3.173372195000000173e-02
3.502512099999999795e-01,5.418837784000000157e-01,-9.720928177000000281e-02,3.232969118000000169e-02
3.506059100000000206e-01,5.421836337000000006e-01,-1.004678370000000043e-01,3.302361362999999689e-02
3.509606100000000062e-01,5.426534782999999917e-01,-1.036981995000000045e-01,3.366389368000000104e-02
3.513156299999999899e-01,5.434325589999999817e-01,-1.058131454999999971e-01,3.409588314999999897e-02
3.516706499999999735e-01,5.441361805000000107e-01,-1.076328656999999966e-01,3.443243353000000062e-02
3.520256600000000180e-01,5.450026741000000285e-01,-1.091262013999999975e-01,3.477895178999999837e-02
3.523806800000000017e-01,5.458628738999999896e-01,-1.107046245999999956e-01,3.509723157999999898e-02
3.527356999999999854e-01,5.467911329000000320e-01,-1.122864716000000068e-01,3.534577508000000257e-02
3.530907200000000246e-01,5.477212916999999459e-01,-1.138748811000000055e-01,3.566157830999999723e-02
3.534457300000000135e-01,5.486890606000000004e-01,-1.150297215000000012e-01,3.585199382999999795e-02
3.538007499999999972e-01,5.494008007999999776e-01,-1.159513576999999934e-01,3.605886081000000271e-02
3.541557699999999809e-01,5.503251597999999634e-01,-1.176834590999999985e-01,3.637259597999999844e-02
3.545107900000000201e-01,5.509509039000000108e-01,-1.192281290000000021e-01,3.662503096999999985e-02
3.548658000000000090e-01,5.515670593000000510e-01,-1.203702777000000002e-01,3.678811316999999748e-02
3.552208199999999927e-01,5.517438796000000423e-01,-1.214969545999999984e-01,3.693447338999999996e-02
3.555758399999999764e-01,5.518841830999999809e-01,-1.224123577000000018e-01,3.712217866999999866e-02
3.559308500000000208e-01,5.523268571999999654e-01,-1.239110784999999937e-01,3.739318819999999655e-02
3.562858700000000045e-01,5.530212874000000056e-01,-1.253659011999999906e-01,3.773857397000000141e-02
3.566408899999999882e-01,5.533725468000000314e-01,-1.272185154999999901e-01,3.809376242999999718e-02
3.569959100000000274e-01,5.537031108000000090e-01,-1.290874106999999882e-01,3.844920434000000109e-02
3.573509200000000163e-01,5.539822825000000339e-01,-1.305668473999999912e-01,3.875838703000000079e-02
3.577059400000000000e-01,5.543304167999999477e-01,-1.321642321000000009e-01,3.909769826000000087e-02
3.580609599999999837e-01,5.549695226999999953e-01,-1.335571319999999951e-01,3.933850553999999888e-02
3.584159699999999726e-01,5.551198223000000098e-01,-1.350223271000000058e-01,3.954723157000000072e-02
3.587709900000000118e-01,5.552916546999999703e-01,-1.366490676999999876e-01,3.970332725000000340e-02
3.591260099999999955e-01,5.550758727000000281e-01,-1.385375191000000061e-01,3.987801053000000068e-02
3.594810299999999792e-01,5.550404797000000334e-01,-1.404714542999999927e-01,4.011988044999999919e-02
3.598360400000000237e-01,5.554525236999999782e-01,-1.421527894999999875e-01,4.034072505999999891e-02
3.601886899999999780e-01,5.559280033000000287e-01,-1.433442748000000044e-01,4.053445832000000110e-02
3.605413399999999879e-01,5.567023195000000424e-01,-1.441156238000000089e-01,4.059591701000000302e-02
3.608939899999999978e-01,5.572605229999999521e-01,-1.453909224000000111e-01,4.082162661000000164e-02
3.612466400000000077e-01,5.578043178999999574e-01,-1.468195029999999901e-01,4.108861352999999828e-02
3.615992900000000176e-01,5.582531028999999645e-01,-1.481105158999999893e-01,4.128143926999999769e-02
3.619519400000000275e-01,5.584814991000000006e-01,-1.495347266000000008e-01,4.148393983999999757e-02
3.623045899999999819e-01,5.584899760999999518e-01,-1.509170488000000088e-01,4.163749611999999906e-02
3.626572499999999866e-01,5.582995093000000519e-01,-1.525620508999999958e-01,4.183050306999999690e-02
3.630098999999999965e-01,5.582327239000000052e-01,-1.539713597000000045e-01,4.196394266000000317e-02
3.633625500000000064e-01,5.584319536999999833e-01,-1.554844951999999891e-01,4.207065802999999937e-02
3.637152000000000163e-01,5.587552111000000377e-01,-1.564241678999999940e-01,4.208696745999999933e-02
3.640678500000000262e-01,5.589895779000000342e-01,-1.569110984000000042e-01,4.199219711999999799e-02
3.644204999999999806e-01,5.592809288000000212e-01,-1.571690268000000001e-01,4.194746899000000029e-02
3.647731499999999905e-01,5.597098130000000005e-01,-1.571027490000000137e-01,4.189087747999999806e-02
3.651258000000000004e-01,5.599288861000000228e-01,-1.570986411999999999e-01,4.190462299000000113e-02
3.654784500000000103e-01,5.602062213999999818e-01,-1.573721191999999935e-01,4.197866441999999892e-02
3.658311000000000202e-01,5.599271557999999649e-01,-1.572147836999999992e-01,4.190214303999999917e-02
3.661837499999999745e-01,5.592225132999999460e-01,-1.570944135000000019e-01,4.172449597999999815e-02
3.665363999999999844e-01,5.582858759000000060e-01,-1.569092719999999885e-01,4.147687575000000293e-02
3.668890499999999943e-01,5.571911856000000274e-01,-1.566129141000000002e-01,4.122692516999999779e-02
3.672417000000000042e-01,5.559924751000000498e-01,-1.563197340999999962e-01,4.106990222999999662e-02
3.675943500000000141e-01,5.550145969999999984e-01,-1.552097449000000018e-01,4.063763732999999684e-02
3.679470000000000240e-01,5.544517104999999724e-01,-1.543352685999999918e-01,4.031949373000000281e-02
3.682996499999999784e-01,5.539457286000000202e-01,-1.527540646999999974e-01,3.991062959999999715e-02
3.686522999999999883e-01,5.532902194000000051e-01,-1.513016191000000066e-01,3.960169966999999708e-02
3.690049499999999982e-01,5.529152627000000209e-01,-1.509566706999999897e-01,3.954487928000000041e-02
3.693576000000000081e-01,5.525236774999999767e-01,-1.498026282999999903e-01,3.937984165999999786e-02
3.697102500000000180e-01,5.518663979000000275e-01,-1.478711731000000029e-01,3.902037193999999959e-02
3.700628999999999724e-01,5.509510814000000423e-01,-1.458988357999999874e-01,3.862486586000000305e-02
3.704155499999999823e-01,5.499520587999999766e-01,-1.452865788000000102e-01,3.841248265000000300e-02
3.707681999999999922e-01,5.488864029000000144e-01,-1.441399362999999934e-01,3.811251972000000154e-02
3.711208500000000021e-01,5.481893531999999514e-01,-1.432676233000000077e-01,3.786594397000000306e-02
3.714735000000000120e-01,5.475658367000000304e-01,-1.427563662000000122e-01,3.760870344000000198e-02
3.718261500000000219e-01,5.471089706999999747e-01,-1.412063862999999864e-01,3.720252087999999929e-02
3.721787999999999763e-01,5.469067584000000259e-01,-1.389925542000000069e-01,3.671730497999999704e-02
3.725314499999999862e-01,5.467493857999999873e-01,-1.360229071000000067e-01,3.612030481999999737e-02
3.728840999999999961e-01,5.464884447000000200e-01,-1.324461873999999983e-01,3.540457702000000123e-02
3.732367500000000060e-01,5.461546694000000146e-01,-1.284387847000000027e-01,3.460791256000000232e-02
3.735894000000000159e-01,5.457224145000000304e-01,-1.247615063999999996e-01,3.390260187000000008e-02
3.739420500000000258e-01,5.449425553000000200e-01,-1.210996084000000028e-01,3.328506223000000236e-02
3.742946999999999802e-01,5.437922266000000393e-01,-1.176333236000000060e-01,3.264770493000000023e-02
3.746473499999999901e-01,5.430104690000000511e-01,-1.147263065999999943e-01,3.212609653000000204e-02
3.750000000000000000e-01,5.424035454000000200e-01,-1.115252355000000001e-01,3.153613622999999755e-02
3.753547799999999990e-01,5.417192527999999951e-01,-1.087149369000000032e-01,3.097195525999999963e-02
3.757095599999999980e-01,5.409424051000000233e-01,-1.054875187999999991e-01,3.038984058000000071e-02
3.760643300000000022e-01,5.403416277999999462e-01,-1.018816555999999957e-01,2.983764197999999937e-02
3.764191100000000012e-01,5.396676285999999489e-01,-9.848450812999999526e-02,2.934507012000000040e-02
3.767738900000000002e-01,5.393047686999999923e-01,-9.523418798999999657e-02,2.889157113999999901e-02
3.771286699999999992e-01,5.388416889999999571e-01,-9.173992458999999378e-02,2.836948782000000072e-02
3.774834400000000034e-01,5.388013519000000029e-01,-8.867130289999999859e-02,2.795148818000000104e-02
3.778382200000000024e-01,5.386793051999999582e-01,-8.604131049999999559e-02,2.752194507000000137e-02
3.781930000000000014e-01,5.385450284999999671e-01,-8.313447345999999682e-02,2.699904494000000127e-02
3.785477800000000004e-01,5.383682929999999978e-01,-8.002870633000000455e-02,2.639591581000000006e-02
3.789025500000000046e-01,5.385809596999999727e-01,-7.658915003999999804e-02,2.575719758999999928e-02
3.792573300000000036e-01,5.388480431000000070e-01,-7.353815411000000357e-02,2.518235908000000106e-02
3.796121100000000026e-01,5.395279416999999578e-01,-7.122299935999999720e-02,2.465638276000000143e-02
3.799668900000000016e-01,5.403286560000000183e-01,-6.881426210999999626e-02,2.405268676000000064e-02
3.803216700000000006e-01,5.412395752999999976e-01,-6.605433918000000459e-02,2.340324766999999848e-02
3.806764400000000048e-01,5.420235746999999549e-01,-6.349619186999999609e-02,2.280008455999999947e-02
3.810312200000000038e-01,5.427055659999999726e-01,-6.150551282999999758e-02,2.235160285999999996e-02
3.813860000000000028e-01,5.430755765000000457e-01,-5.971040321999999956e-02,2.205730733000000124e-02
3.817407800000000018e-01,5.437483452000000383e-01,-5.789915885000000012e-02,2.180806999999999884e-02
3.820955500000000060e-01,5.443058942999999816e-01,-5.655802546000000125e-02,2.162933602000000066e-02
3.824503300000000050e-01,5.451459011000000521e-01,-5.492586129000000261e-02,2.142803013999999839e-02
3.828051100000000040e-01,5.454019694999999723e-01,-5.322025060999999863e-02,2.114824302999999961e-02
3.831598900000000030e-01,5.455536155000000331e-01,-5.175369109999999884e-02,2.098612772000000085e-02
3.835146600000000072e-01,5.455694961999999482e-01,-5.023830624000000245e-02,2.078063377999999836e-02
3.838694400000000062e-01,5.455560524000000466e-01,-4.912473950000000034e-02,2.063236308000000047e-02
3.842245599999999928e-01,5.454588403000000252e-01,-4.799673218000000130e-02,2.052461381000000168e-02
3.845796899999999741e-01,5.451638653999999473e-01,-4.692288906000000037e-02,2.049348156999999948e-02
3.849348100000000161e-01,5.445343541999999593e-01,-4.602029881999999961e-02,2.048028710000000113e-02
3.852899300000000027e-01,5.439042509000000525e-01,-4.495159843999999710e-02,2.028043373999999927e-02
3.856450499999999892e-01,5.431552243999999696e-01,-4.440720799999999663e-02,2.020663940000000033e-02
3.860001699999999758e-01,5.426818359999999730e-01,-4.437938268000000269e-02,2.034248786000000114e-02
3.863552900000000179e-01,5.422194231000000419e-01,-4.464937949000000184e-02,2.057088882000000091e-02
3.867104199999999992e-01,5.421329942000000512e-01,-4.558559956000000218e-02,2.084913043000000132e-02
3.870655399999999857e-01,5.415404893999999913e-01,-4.623421999999999948e-02,2.119375684000000121e-02
3.874206599999999723e-01,5.411668144000000291e-01,-4.670231668000000141e-02,2.146535418000000001e-02
3.877757800000000143e-01,5.406502293999999598e-01,-4.687944515999999812e-02,2.161227043000000028e-02
3.881309000000000009e-01,5.404304086000000229e-01,-4.730567648999999680e-02,2.175655819000000060e-02
3.884860199999999875e-01,5.399139023000000259e-01,-4.815167367999999976e-02,2.196727689000000164e-02
3.888411500000000243e-01,5.392373526999999500e-01,-4.891556328999999842e-02,2.208610982000000153e-02
3.891966199999999931e-01,5.385195278000000085e-01,-5.098244460999999672e-02,2.237925519999999988e-02
3.895520900000000175e-01,5.379744440000000516e-01,-5.272107716999999832e-02,2.255168855000000069e-02
3.899075599999999864e-01,5.380030355999999570e-01,-5.472962384999999902e-02,2.288099122000000069e-02
3.902630300000000108e-01,5.382346407000000443e-01,-5.643959059999999889e-02,2.314549675000000112e-02
3.906184999999999796e-01,5.383371618000000192e-01,-5.826460011000000189e-02,2.350867029999999941e-02
3.909739700000000040e-01,5.388985867000000152e-01,-6.009481534999999708e-02,2.403405554000000166e-02
3.913294500000000231e-01,5.392279553000000059e-01,-6.209808323999999741e-02,2.462073618000000172e-02
3.916849199999999920e-01,5.391275582000000233e-01,-6.423010751999999601e-02,2.518033993000000012e-02
3.920403900000000164e-01,5.388134153000000426e-01,-6.553259329999999716e-02,2.553152045000000106e-02
3.923958599999999852e-01,5.380731040999999770e-01,-6.782003471000000450e-02,2.599120408000000007e-02
3.927513300000000096e-01,5.373679284000000278e-01,-6.959417420999999826e-02,2.630430356999999969e-02
3.931067999999999785e-01,5.364162285000000363e-01,-7.179101002000000398e-02,2.664762189000000059e-02
3.934622700000000028e-01,5.357468802999999502e-01,-7.427357123000000172e-02,2.702653994000000018e-02
3.938181000000000043e-01,5.354572981999999870e-01,-7.659394081999999770e-02,2.735345260000000139e-02
3.941739300000000057e-01,5.352841459999999607e-01,-7.895341200000000059e-02,2.778635653000000039e-02
3.945297500000000124e-01,5.354061068000000034e-01,-8.122716637000000628e-02,2.833217911000000117e-02
3.948855800000000138e-01,5.358640368000000542e-01,-8.387209834999999336e-02,2.899005442999999863e-02
3.952414000000000205e-01,5.365005417999999526e-01,-8.656739749000000317e-02,2.977283441000000072e-02
3.955972300000000219e-01,5.372062603999999686e-01,-8.891955109000000690e-02,3.046772055000000062e-02
3.959530600000000233e-01,5.373903692000000509e-01,-9.105433395999999735e-02,3.102261511999999943e-02
3.963088799999999745e-01,5.370553447999999452e-01,-9.332494648000000392e-02,3.150279782999999834e-02
3.966647099999999759e-01,5.368747552999999506e-01,-9.555532074000000486e-02,3.199826207999999922e-02
3.970205299999999826e-01,5.363542539000000220e-01,-9.804298704000000142e-02,3.247163773000000253e-02
3.973763599999999840e-01,5.360962808000000468e-01,-1.001408842000000021e-01,3.287523878000000316e-02
3.977321899999999855e-01,5.358308926000000527e-01,-1.024548566000000049e-01,3.324353198999999842e-02
3.980880099999999922e-01,5.361091597999999570e-01,-1.047570607000000015e-01,3.366140567999999916e-02
3.984438399999999936e-01,5.362910021000000249e-01,-1.072783461999999993e-01,3.405689184999999980e-02
3.987996600000000003e-01,5.368917192000000060e-01,-1.099605756999999934e-01,3.450326933000000262e-02
3.991554900000000017e-01,5.374092555999999687e-01,-1.120336507000000009e-01,3.494725161000000052e-02
3.995113200000000031e-01,5.382119349999999747e-01,-1.139039138000000062e-01,3.531704531999999702e-02
3.998671400000000098e-01,5.385637091999999626e-01,-1.154009257000000038e-01,3.567642951999999701e-02
4.002229700000000112e-01,5.386279793999999566e-01,-1.168540146000000002e-01,3.592912996000000025e-02
4.005788000000000126e-01,5.385495595999999496e-01,-1.187574945000000048e-01,3.622085100999999918e-02
4.009346200000000193e-01,5.386727275999999565e-01,-1.210852295999999967e-01,3.659299455000000062e-02
4.012904500000000207e-01,5.389154528999999805e-01,-1.227547640999999967e-01,3.675875782000000147e-02
4.016462700000000274e-01,5.391238422999999891e-01,-1.239274954000000040e-01,3.682282824000000093e-02
4.020020999999999733e-01,5.396189150000000323e-01,-1.251928750999999895e-01,3.697910305000000342e-02
4.023579299999999748e-01,5.403032124000000103e-01,-1.260636025000000104e-01,3.712399586000000168e-02
4.027137499999999815e-01,5.410538557999999831e-01,-1.271154958000000057e-01,3.725895709999999666e-02
4.030695799999999829e-01,5.416027802999999752e-01,-1.279359226000000016e-01,3.724955390000000283e-02
4.034253999999999896e-01,5.421626379999999745e-01,-1.284786313000000069e-01,3.730773325000000251e-02
4.037812299999999910e-01,5.427288541000000466e-01,-1.287089556999999884e-01,3.743036361999999700e-02
4.041370599999999924e-01,5.429530880999999809e-01,-1.292739264999999971e-01,3.752361417999999782e-02
4.044928799999999991e-01,5.427369474000000027e-01,-1.299632753999999946e-01,3.756799345000000345e-02
4.048487100000000005e-01,5.426315666000000038e-01,-1.311917608000000013e-01,3.765411547999999997e-02
4.052045300000000072e-01,5.428255324999999853e-01,-1.323048760999999962e-01,3.773451458000000314e-02
4.055603600000000086e-01,5.429752155999999497e-01,-1.331103690000000062e-01,3.777466597999999676e-02
4.059161900000000101e-01,5.433036116999999665e-01,-1.333754608000000119e-01,3.782651070999999698e-02
4.062720100000000167e-01,5.434702352000000403e-01,-1.337235707999999967e-01,3.785013366000000018e-02
4.066278400000000182e-01,5.437939057999999770e-01,-1.340946557999999900e-01,3.783413151000000058e-02
4.069836600000000248e-01,5.441174323999999896e-01,-1.344380785000000023e-01,3.786407818000000342e-02
4.073394900000000263e-01,5.444777383000000137e-01,-1.344056778999999924e-01,3.793054458999999684e-02
4.076953200000000277e-01,5.442717931999999648e-01,-1.341111928000000009e-01,3.797620594000000044e-02
4.080511399999999789e-01,5.442538037999999911e-01,-1.337830915999999870e-01,3.800629945999999676e-02
4.084069699999999803e-01,5.439322151000000050e-01,-1.333494581999999928e-01,3.793030084000000024e-02
4.087627999999999817e-01,5.437179406000000048e-01,-1.329870489999999961e-01,3.784588972999999856e-02
4.091186199999999884e-01,5.434193102000000053e-01,-1.327678931999999867e-01,3.776921334000000324e-02
4.094744499999999898e-01,5.432746875999999725e-01,-1.324997906000000003e-01,3.769804199000000022e-02
4.098302699999999965e-01,5.431437641999999899e-01,-1.320789555999999920e-01,3.759193127999999745e-02
4.101860999999999979e-01,5.429938171000000535e-01,-1.318600443000000066e-01,3.758169433999999920e-02
4.105419299999999994e-01,5.430018860999999974e-01,-1.314922839000000065e-01,3.762709788000000166e-02
4.108977500000000060e-01,5.432071085999999882e-01,-1.308591625999999952e-01,3.755080909999999883e-02
4.112535800000000075e-01,5.430424565999999453e-01,-1.299035300999999976e-01,3.740678152000000145e-02
4.116094000000000142e-01,5.430400276000000304e-01,-1.291494330000000079e-01,3.729328501999999712e-02
4.119652300000000156e-01,5.425410015999999613e-01,-1.281162788999999913e-01,3.717585411000000339e-02
4.123210600000000170e-01,5.422932080000000266e-01,-1.273274715999999918e-01,3.707884840000000293e-02
4.126768800000000237e-01,5.420182374999999997e-01,-1.264611150000000128e-01,3.698730287000000228e-02
4.130327100000000251e-01,5.420868144999999583e-01,-1.257077879999999870e-01,3.692993811999999848e-02
4.133885299999999763e-01,5.420095148000000362e-01,-1.249600906999999983e-01,3.678514668999999931e-02
4.137443599999999777e-01,5.422439937999999904e-01,-1.244077296000000027e-01,3.655448624999999702e-02
4.141001899999999791e-01,5.424271748000000226e-01,-1.235004598999999981e-01,3.623369358999999762e-02
4.144560099999999858e-01,5.425943774000000497e-01,-1.224919421999999952e-01,3.593291325999999758e-02
4.148118399999999872e-01,5.430438520000000491e-01,-1.212250093000000056e-01,3.563651293999999664e-02
4.151672900000000221e-01,5.435738977999999832e-01,-1.205151730999999976e-01,3.538208260000000327e-02
4.155227400000000015e-01,5.439026667999999898e-01,-1.195568050999999965e-01,3.502185466999999802e-02
4.158781799999999862e-01,5.440700907000000086e-01,-1.188242723000000056e-01,3.473576446999999956e-02
4.162336300000000211e-01,5.444968328999999496e-01,-1.182303870000000062e-01,3.447609347999999740e-02
4.165890800000000005e-01,5.450278146000000490e-01,-1.175156210999999951e-01,3.425368953999999994e-02
4.169445299999999799e-01,5.454782298999999446e-01,-1.170292143000000035e-01,3.408436539999999682e-02
4.172999800000000148e-01,5.459596407000000262e-01,-1.164382459999999953e-01,3.398990738999999733e-02
4.176554299999999942e-01,5.462426594999999496e-01,-1.154759630999999953e-01,3.384490359999999670e-02
4.180108799999999736e-01,5.463088895000000056e-01,-1.146003342000000008e-01,3.373579711000000009e-02
4.183663300000000085e-01,5.462923588000000441e-01,-1.138337199999999994e-01,3.358373391000000346e-02
4.187217699999999931e-01,5.461758299000000205e-01,-1.133123756999999954e-01,3.346092216999999730e-02
4.190772199999999725e-01,5.457358226999999840e-01,-1.128206080999999972e-01,3.327983016999999655e-02
4.194326700000000074e-01,5.455634147000000267e-01,-1.129841528000000012e-01,3.319334884999999846e-02
4.197881199999999868e-01,5.451662865999999941e-01,-1.129916878999999985e-01,3.310488154999999960e-02
4.201435700000000217e-01,5.453304049999999625e-01,-1.129458577999999935e-01,3.297809972000000089e-02
4.204990200000000011e-01,5.454867624000000470e-01,-1.125355457999999975e-01,3.283564177000000001e-02
4.208544699999999805e-01,5.458124367000000143e-01,-1.122780607999999958e-01,3.278989472999999794e-02
4.212099200000000154e-01,5.462370655999999602e-01,-1.123832282999999987e-01,3.281043310000000129e-02
4.215653600000000001e-01,5.464083389999999651e-01,-1.126107607000000066e-01,3.271043180000000189e-02
4.219208099999999795e-01,5.464116596000000436e-01,-1.128145744000000061e-01,3.269255087999999726e-02
4.222762600000000144e-01,5.466025126000000345e-01,-1.129542607999999976e-01,3.260624197999999890e-02
4.226317099999999938e-01,5.468834465999999894e-01,-1.132536868999999974e-01,3.251136731999999807e-02
4.229871599999999732e-01,5.466786704999999635e-01,-1.135580855000000028e-01,3.233892733999999686e-02
4.233426100000000081e-01,5.461642142999999505e-01,-1.138187231999999993e-01,3.218129194000000221e-02
4.236980599999999875e-01,5.456992273999999865e-01,-1.143508941999999973e-01,3.203048485999999972e-02
4.240535100000000224e-01,5.457854023999999526e-01,-1.150369123999999965e-01,3.191402069000000286e-02
4.244089500000000070e-01,5.462596240999999520e-01,-1.157835957000000054e-01,3.187336016000000272e-02
4.247643999999999864e-01,5.468618123999999803e-01,-1.166995279000000024e-01,3.194943473999999756e-02
4.251198500000000213e-01,5.476204027000000085e-01,-1.173996687999999955e-01,3.207657425000000340e-02
4.254753000000000007e-01,5.480561576000000379e-01,-1.180052741999999960e-01,3.220531590999999721e-02
4.258307499999999801e-01,5.484672748000000153e-01,-1.185920134999999959e-01,3.231155047999999946e-02
4.261862000000000150e-01,5.487434747999999640e-01,-1.192995109999999970e-01,3.250366226999999719e-02
4.265416499999999944e-01,5.485486489999999993e-01,-1.194776933000000069e-01,3.257062244000000217e-02
4.268970999999999738e-01,5.481174435000000233e-01,-1.200004199999999965e-01,3.264423175000000232e-02
4.272525400000000140e-01,5.472644457999999990e-01,-1.205675573999999972e-01,3.266720177000000114e-02
4.276079899999999934e-01,5.470850304000000053e-01,-1.210336235000000066e-01,3.274673628000000086e-02
4.279634399999999728e-01,5.471204151999999876e-01,-1.213490978999999942e-01,3.273974349000000061e-02
4.283188900000000077e-01,5.470337235000000131e-01,-1.214673064000000025e-01,3.272445734999999967e-02
4.286743399999999871e-01,5.470238121999999592e-01,-1.213213595000000034e-01,3.278221434999999823e-02
4.290297900000000220e-01,5.468818615999999633e-01,-1.209374465999999981e-01,3.279435400999999861e-02
4.293852400000000014e-01,5.466971890999999806e-01,-1.207975483999999960e-01,3.284085737999999782e-02
4.297406899999999808e-01,5.462088445999999653e-01,-1.207410304000000045e-01,3.300864040999999804e-02
4.300961300000000209e-01,5.455800400000000439e-01,-1.209809047000000026e-01,3.322013191999999976e-02
4.304515800000000003e-01,5.445019577999999916e-01,-1.217675882999999931e-01,3.341939273999999793e-02
4.308070299999999797e-01,5.431902768999999909e-01,-1.221206491000000061e-01,3.351816817000000115e-02
4.311624800000000146e-01,5.417663065000000167e-01,-1.228078402999999985e-01,3.364866816999999982e-02
4.315179299999999940e-01,5.407755642999999557e-01,-1.234184841999999976e-01,3.376832173000000187e-02
4.318733799999999734e-01,5.399943234999999842e-01,-1.241386153000000048e-01,3.381743118000000298e-02
4.322288300000000083e-01,5.397941026999999448e-01,-1.245840376999999971e-01,3.384998008000000141e-02
4.325842799999999877e-01,5.395832818000000364e-01,-1.244590641999999969e-01,3.381732888999999798e-02
4.329397199999999724e-01,5.398159888000000350e-01,-1.246630177999999978e-01,3.393879231000000024e-02
4.332951700000000073e-01,5.400210986000000268e-01,-1.245201336999999936e-01,3.397525242999999834e-02
4.336506199999999867e-01,5.405571559999999831e-01,-1.247356200999999998e-01,3.401417729999999667e-02
4.340060700000000216e-01,5.406957145999999881e-01,-1.246042267999999953e-01,3.402237412999999794e-02
4.343615200000000010e-01,5.402277104999999580e-01,-1.249094748000000032e-01,3.396983743999999750e-02
4.347169699999999803e-01,5.396824692999999673e-01,-1.253239938000000053e-01,3.386991950999999890e-02
4.350724200000000152e-01,5.393590190999999479e-01,-1.254782540999999918e-01,3.376156576000000076e-02
4.354278699999999946e-01,5.393758201999999669e-01,-1.263624203000000001e-01,3.371000668000000144e-02
4.357833099999999793e-01,5.396385063999999954e-01,-1.267890744999999875e-01,3.368278578000000190e-02
4.361387600000000142e-01,5.400361604000000204e-01,-1.272982515999999953e-01,3.367250645000000042e-02
4.364942099999999936e-01,5.406278157999999667e-01,-1.275831095000000137e-01,3.364591185000000151e-02
4.368496599999999730e-01,5.411240427000000297e-01,-1.279801828999999891e-01,3.365273045000000129e-02
4.372051100000000079e-01,5.417846194000000004e-01,-1.283812300000000128e-01,3.379750943999999813e-02
4.375605599999999873e-01,5.423401728000000199e-01,-1.288908088999999868e-01,3.391725779000000218e-02
4.379160100000000222e-01,5.429702006000000081e-01,-1.292991904999999941e-01,3.401737284999999805e-02
4.382714600000000016e-01,5.427058459000000390e-01,-1.294375362000000085e-01,3.404520535000000320e-02
4.386268999999999862e-01,5.422469277999999449e-01,-1.293379185000000098e-01,3.396195778000000304e-02
4.389823500000000212e-01,5.417830425999999866e-01,-1.291331037000000015e-01,3.375249830000000284e-02
4.393378000000000005e-01,5.418691044000000234e-01,-1.287784522000000043e-01,3.349383622999999727e-02
4.396932499999999799e-01,5.416849540999999491e-01,-1.286396318999999955e-01,3.328124720000000258e-02
4.400487000000000148e-01,5.414379445000000457e-01,-1.284164391000000016e-01,3.307302600999999925e-02
4.404041499999999942e-01,5.412668375000000420e-01,-1.283266335000000091e-01,3.292704186999999977e-02
4.407595999999999736e-01,5.413073408999999891e-01,-1.283828743000000050e-01,3.284827007999999854e-02
4.411150500000000085e-01,5.412692224999999802e-01,-1.280819066999999978e-01,3.276265969000000111e-02
4.414704899999999932e-01,5.413161518000000338e-01,-1.275833624000000110e-01,3.269558198999999998e-02
4.418259399999999726e-01,5.411722239999999795e-01,-1.270323999000000093e-01,3.263554110999999924e-02
4.421813900000000075e-01,5.409183137999999946e-01,-1.261083950000000120e-01,3.254351026999999924e-02
4.425368399999999869e-01,5.402423605999999712e-01,-1.254256287999999941e-01,3.243226240000000177e-02
4.428922900000000218e-01,5.397353187000000219e-01,-1.251014323999999900e-01,3.230794574999999724e-02
4.432477400000000012e-01,5.393326389999999471e-01,-1.249149997999999956e-01,3.218190851000000269e-02
4.436031899999999806e-01,5.396312749999999658e-01,-1.245933010999999979e-01,3.199925910000000345e-02
4.439586300000000207e-01,5.397198398000000452e-01,-1.239955117999999995e-01,3.172801826999999825e-02
4.443140800000000001e-01,5.398889090999999807e-01,-1.234599615000000067e-01,3.144984212000000168e-02
4.446695299999999795e-01,5.402471722999999670e-01,-1.228747169999999944e-01,3.117470726000000011e-02
4.450249800000000144e-01,5.406098332000000006e-01,-1.218195031000000039e-01,3.091317721000000004e-02
4.453804299999999938e-01,5.405752780000000479e-01,-1.212572890000000042e-01,3.075379228000000090e-02
4.457358799999999732e-01,5.404428248999999518e-01,-1.209404552000000049e-01,3.070282397999999843e-02
4.460913300000000081e-01,5.403181460999999519e-01,-1.207259408000000006e-01,3.068485606999999879e-02
4.464467799999999875e-01,5.401430734000000067e-01,-1.204706544999999962e-01,3.069800723999999842e-02
4.468022200000000277e-01,5.399117585999999580e-01,-1.202913456999999964e-01,3.060930498000000166e-02
4.471576700000000071e-01,5.396895538999999520e-01,-1.201354813999999938e-01,3.050847037999999956e-02
4.475131199999999865e-01,5.394168509000000222e-01,-1.199325348000000041e-01,3.045467044000000137e-02
4.478685700000000214e-01,5.391862679000000158e-01,-1.197092493000000007e-01,3.043003832000000172e-02
4.482240200000000008e-01,5.391054148999999684e-01,-1.194263423000000018e-01,3.042859036000000045e-02
4.485794699999999802e-01,5.389489805999999605e-01,-1.190500981999999958e-01,3.042222686999999925e-02
4.489349200000000151e-01,5.391331921999999999e-01,-1.186097465999999961e-01,3.041896557999999862e-02
4.492907899999999954e-01,5.391631488000000472e-01,-1.179335796000000047e-01,3.034385659999999998e-02
4.496466599999999758e-01,5.390668558000000221e-01,-1.175058313999999965e-01,3.025146167000000025e-02
4.500025200000000170e-01,5.389358051000000538e-01,-1.172600674000000009e-01,3.017914902000000052e-02
4.503583899999999973e-01,5.389831749000000283e-01,-1.170419595999999951e-01,3.010895102000000004e-02
4.507142599999999777e-01,5.392947626999999855e-01,-1.172517480999999973e-01,3.006924014000000173e-02
4.510701300000000136e-01,5.394487374999999973e-01,-1.172767277999999941e-01,3.004339997999999970e-02
4.514259999999999939e-01,5.397414201000000356e-01,-1.171838624000000051e-01,2.997077593999999956e-02
4.517818699999999743e-01,5.400109995999999857e-01,-1.170406457000000011e-01,2.984479821999999963e-02
4.521377400000000102e-01,5.402946590999999632e-01,-1.168745600000000023e-01,2.981064461999999998e-02
4.524936099999999906e-01,5.406144380999999832e-01,-1.166724601000000000e-01,2.982862074999999974e-02
4.528494800000000264e-01,5.410349622000000247e-01,-1.161452555999999969e-01,2.985123228000000073e-02
4.532053400000000121e-01,5.413097029000000227e-01,-1.155698629999999949e-01,2.978666598000000165e-02
4.535612099999999924e-01,5.415012478999999823e-01,-1.151556046000000028e-01,2.973020280000000098e-02
4.539170799999999728e-01,5.418803936999999626e-01,-1.150395409000000008e-01,2.964887135000000146e-02
4.542729500000000087e-01,5.424110790999999709e-01,-1.148962956000000035e-01,2.956097419999999948e-02
4.546288199999999891e-01,5.430877997999999929e-01,-1.149231272999999970e-01,2.947772880999999928e-02
4.549846900000000249e-01,5.437331248000000228e-01,-1.144659942000000041e-01,2.936403988000000145e-02
4.553405600000000053e-01,5.441252502000000213e-01,-1.141582651999999976e-01,2.918268658999999959e-02
4.556964299999999857e-01,5.443199604999999774e-01,-1.136236139999999978e-01,2.902223381999999990e-02
4.560523000000000216e-01,5.444099712000000091e-01,-1.133999002000000006e-01,2.889382814000000105e-02
4.564081600000000072e-01,5.442423491000000224e-01,-1.133033236999999999e-01,2.882667301999999876e-02
4.567640299999999876e-01,5.436986775000000049e-01,-1.129272610999999954e-01,2.877877146999999886e-02
4.571199000000000234e-01,5.429966870000000334e-01,-1.128530838000000036e-01,2.868731479999999875e-02
4.574757700000000038e-01,5.422993529999999840e-01,-1.127544521999999938e-01,2.850730032999999886e-02
4.578316399999999842e-01,5.416201259999999795e-01,-1.123003090000000009e-01,2.830545452999999947e-02
4.581875100000000200e-01,5.410677571999999991e-01,-1.117831880999999999e-01,2.821097117999999890e-02
4.585433800000000004e-01,5.406178622999999739e-01,-1.114067116999999940e-01,2.812469375999999965e-02
4.588992499999999808e-01,5.403075372000000209e-01,-1.107660329000000055e-01,2.805575570000000060e-02
4.592551200000000167e-01,5.400323820000000330e-01,-1.102574711000000041e-01,2.793228814000000074e-02
4.596109800000000023e-01,5.396891212000000104e-01,-1.095014864999999948e-01,2.775273941000000119e-02
4.599668499999999827e-01,5.392927320000000524e-01,-1.084960269000000005e-01,2.754238046000000162e-02
4.603227200000000185e-01,5.390437798999999641e-01,-1.072306675000000015e-01,2.727480562999999927e-02
4.606785899999999989e-01,5.387146603000000367e-01,-1.056904297000000048e-01,2.690139335000000034e-02
4.610344599999999793e-01,5.381096347999999585e-01,-1.041584128000000026e-01,2.644014017999999841e-02
4.613903300000000152e-01,5.377629927999999504e-01,-1.027826872000000002e-01,2.599882322999999898e-02
4.617461999999999955e-01,5.377980514000000323e-01,-1.011853020000000047e-01,2.558577823999999903e-02
4.621020699999999759e-01,5.382776664999999738e-01,-9.938369646000000390e-02,2.522994976999999930e-02
4.624579400000000118e-01,5.388670288000000363e-01,-9.776941805000000096e-02,2.495107112000000127e-02
4.628137999999999974e-01,5.397214451999999829e-01,-9.584195561000000141e-02,2.468898433000000017e-02
4.631696699999999778e-01,5.401484822000000019e-01,-9.365384855000000175e-02,2.442840858999999892e-02
4.635255400000000137e-01,5.405568253000000434e-01,-9.163362472000000092e-02,2.423791447000000002e-02
4.638814099999999940e-01,5.409817262999999654e-01,-8.998108281000000153e-02,2.404324363999999978e-02
4.642372799999999744e-01,5.414291990999999804e-01,-8.847690353999999868e-02,2.381009710000000015e-02
4.645931500000000103e-01,5.414187745999999857e-01,-8.686791544999999948e-02,2.347941976999999916e-02
4.649490199999999906e-01,5.416424189999999861e-01,-8.565429659999999890e-02,2.315441267999999997e-02
4.653048900000000265e-01,5.416626258000000194e-01,-8.422812958000000516e-02,2.273318183000000089e-02
4.656607600000000069e-01,5.417510702000000178e-01,-8.293878304000000534e-02,2.229325219000000136e-02
4.660166199999999925e-01,5.419912515999999458e-01,-8.158696600999999771e-02,2.191772896000000054e-02
4.663724899999999729e-01,5.423581329000000117e-01,-7.993462707000000000e-02,2.148898327000000122e-02
4.667283600000000088e-01,5.428847221999999473e-01,-7.814237418000000157e-02,2.108286363000000038e-02
4.670842299999999891e-01,5.432493904999999845e-01,-7.637105064999999415e-02,2.078856127999999942e-02
4.674401000000000250e-01,5.431665163000000129e-01,-7.466482776999999738e-02,2.054072648000000029e-02
4.677959700000000054e-01,5.432517690999999482e-01,-7.352229473000000681e-02,2.032837524000000173e-02
4.681518399999999858e-01,5.428828007999999539e-01,-7.248257355999999929e-02,2.014105230000000010e-02
4.685077100000000216e-01,5.423635537000000006e-01,-7.132807720000000629e-02,1.994231914000000119e-02
4.688635800000000020e-01,5.415613044000000542e-01,-7.103168595999999335e-02,1.979565973999999895e-02
4.692194399999999876e-01,5.406997995000000223e-01,-7.057922826000000149e-02,1.960872020999999965e-02
4.695753100000000235e-01,5.402078178000000452e-01,-7.023245781999999660e-02,1.946486018000000151e-02
4.699311800000000039e-01,5.397716778000000160e-01,-6.956033821000000283e-02,1.933606029999999920e-02
4.702870499999999843e-01,5.395824597999999694e-01,-6.865361911999999511e-02,1.920582036000000048e-02
4.706429200000000201e-01,5.394992803999999476e-01,-6.806354435000000480e-02,1.907653277999999883e-02
4.709987900000000005e-01,5.395316774999999732e-01,-6.691192593000000466e-02,1.889375176000000073e-02
4.713546599999999809e-01,5.395211449000000270e-01,-6.586366582000000025e-02,1.878374404000000136e-02
4.717105300000000168e-01,5.390842735999999968e-01,-6.540174673000000161e-02,1.871170726999999909e-02
4.720663999999999971e-01,5.384151763000000201e-01,-6.541549954000000500e-02,1.867034030000000108e-02
4.724222599999999828e-01,5.378757495999999527e-01,-6.575575690000000362e-02,1.862236494000000034e-02
4.727781300000000186e-01,5.375048852999999571e-01,-6.556685430000000481e-02,1.847864016000000040e-02
4.731339999999999990e-01,5.370861810999999486e-01,-6.564537148000000599e-02,1.833009706000000155e-02
4.734898699999999794e-01,5.369785668000000012e-01,-6.549879978000000547e-02,1.824753328999999952e-02
4.738457400000000153e-01,5.370167443000000151e-01,-6.580073123999999329e-02,1.828835616000000150e-02
4.742016099999999956e-01,5.374946454000000262e-01,-6.585356766000000084e-02,1.830314674999999891e-02
4.745574799999999760e-01,5.379824380000000072e-01,-6.642583284000000421e-02,1.839565167999999973e-02
4.749133500000000119e-01,5.383381588000000217e-01,-6.683333846000000245e-02,1.844262694999999896e-02
4.752692199999999922e-01,5.388665030999999495e-01,-6.759386960999999583e-02,1.858530954000000082e-02
4.756250799999999779e-01,5.390186047999999674e-01,-6.829475024999999422e-02,1.872695221999999896e-02
4.759809500000000138e-01,5.386034464000000188e-01,-6.928709969000000635e-02,1.879483592999999994e-02
4.763368199999999941e-01,5.380790826000000360e-01,-7.019285325000000630e-02,1.879811189000000007e-02
4.766926899999999745e-01,5.375878560000000306e-01,-7.103946596999999308e-02,1.876046702000000108e-02
4.770485600000000104e-01,5.368863717999999841e-01,-7.200539769000000034e-02,1.870174340000000171e-02
4.774044299999999907e-01,5.364087928999999866e-01,-7.312247469999999527e-02,1.874147565999999959e-02
4.777603000000000266e-01,5.364022999999999985e-01,-7.465574460000000412e-02,1.890862098999999963e-02
4.781161700000000070e-01,5.367811651999999656e-01,-7.540556197000000682e-02,1.907567037999999965e-02
4.784720399999999874e-01,5.371718340000000147e-01,-7.636839942999999742e-02,1.927597747000000042e-02
4.788278999999999730e-01,5.375534238000000409e-01,-7.752856676000000058e-02,1.955660227000000084e-02
4.791837700000000089e-01,5.380725514999999959e-01,-7.866886373999999738e-02,1.996396056000000058e-02
4.795396399999999892e-01,5.384881003999999471e-01,-7.993996283000000258e-02,2.037599789000000064e-02
4.798955100000000251e-01,5.383343387000000257e-01,-8.142099273000000248e-02,2.076498263000000136e-02
4.802513800000000055e-01,5.384451239999999972e-01,-8.312344909999999643e-02,2.106119521000000133e-02
4.806072499999999859e-01,5.384579335000000411e-01,-8.466558909000000688e-02,2.131107398999999847e-02
4.809631200000000217e-01,5.387423852999999596e-01,-8.639519942999999980e-02,2.150966934999999983e-02
4.813189900000000021e-01,5.393653688999999751e-01,-8.784210503999999309e-02,2.166175018000000146e-02
4.816748599999999825e-01,5.402319357999999516e-01,-8.939874273999999510e-02,2.180960793999999967e-02
4.820307200000000236e-01,5.410467883999999783e-01,-9.118944777000000113e-02,2.200491117999999954e-02
4.823865900000000040e-01,5.419895956000000403e-01,-9.245848723999999796e-02,2.212267483000000118e-02
4.827424599999999844e-01,5.428118395000000040e-01,-9.417175793000000239e-02,2.241203027000000098e-02
4.830983300000000202e-01,5.438494899000000382e-01,-9.554013141999999348e-02,2.272800755999999922e-02
4.834542000000000006e-01,5.444318132000000032e-01,-9.703139795000000067e-02,2.312681798999999955e-02
4.838100699999999810e-01,5.442916047000000423e-01,-9.875890771999999707e-02,2.346692209999999904e-02
4.841659400000000169e-01,5.440210221000000290e-01,-1.005188733000000056e-01,2.378132122999999931e-02
4.845218099999999972e-01,5.439248631999999972e-01,-1.027126304000000045e-01,2.412866350999999868e-02
4.848776799999999776e-01,5.439539786999999516e-01,-1.048209035000000067e-01,2.443183959000000058e-02
4.852335400000000187e-01,5.438271335000000040e-01,-1.068526330999999968e-01,2.471400791999999944e-02
4.855894099999999991e-01,5.436520370999999852e-01,-1.085132443000000058e-01,2.500238331000000092e-02
4.859452799999999795e-01,5.437436332999999733e-01,-1.103814255999999994e-01,2.529978236999999922e-02
4.863011500000000153e-01,5.439954442000000112e-01,-1.118885602999999951e-01,2.553596099999999938e-02
4.866570199999999957e-01,5.441948414999999706e-01,-1.128927702000000061e-01,2.574926177000000024e-02
4.870128899999999761e-01,5.443748832000000482e-01,-1.137549602999999993e-01,2.594012541000000061e-02
4.873687600000000120e-01,5.442637818000000127e-01,-1.145218030000000053e-01,2.615520090999999894e-02
4.877246299999999923e-01,5.437995641999999741e-01,-1.151636929999999975e-01,2.637831080999999966e-02
4.880804999999999727e-01,5.431212858999999726e-01,-1.162272077000000015e-01,2.661330637999999998e-02
4.884363600000000138e-01,5.427523101000000239e-01,-1.173732086999999952e-01,2.684883383999999915e-02
4.887922299999999942e-01,5.425109602000000031e-01,-1.182418491000000044e-01,2.702659160000000019e-02
4.891480999999999746e-01,5.422374695999999661e-01,-1.192865072000000026e-01,2.723327869000000123e-02
4.895039700000000105e-01,5.420335163999999706e-01,-1.206456466999999977e-01,2.751726346000000004e-02
4.898598399999999908e-01,5.421712172999999524e-01,-1.215905476999999957e-01,2.778626936000000089e-02
4.902157100000000267e-01,5.423934164999999474e-01,-1.221832188000000069e-01,2.799450984000000087e-02
4.905715800000000071e-01,5.431463095999999879e-01,-1.221993299999999949e-01,2.821125492999999873e-02
4.909274499999999875e-01,5.433763514999999655e-01,-1.220920362999999981e-01,2.843806060999999955e-02
4.912833200000000233e-01,5.436873305999999628e-01,-1.218801099000000054e-01,2.866010182999999961e-02
4.916391800000000090e-01,5.437853929999999503e-01,-1.212319468000000039e-01,2.879896515000000129e-02
4.919950499999999893e-01,5.438419159999999808e-01,-1.206009952000000052e-01,2.881389490000000123e-02
4.923509200000000252e-01,5.439588521999999537e-01,-1.198277123999999944e-01,2.873558597999999881e-02
4.927067900000000056e-01,5.441467982000000037e-01,-1.183540904000000005e-01,2.851972209999999869e-02
4.930626599999999859e-01,5.440924469000000263e-01,-1.169331474000000065e-01,2.822493111000000041e-02
4.934185300000000218e-01,5.440218179000000376e-01,-1.161434286999999954e-01,2.807106096000000148e-02
4.937744000000000022e-01,5.439861951000000140e-01,-1.149880795000000067e-01,2.789898051000000087e-02
4.941302699999999826e-01,5.441558957000000030e-01,-1.138374783000000029e-01,2.777183750000000034e-02
4.944861400000000184e-01,5.444022298999999787e-01,-1.126398182999999997e-01,2.766273744000000145e-02
4.948420000000000041e-01,5.446552217000000251e-01,-1.114123707999999935e-01,2.751808848999999849e-02
4.951978699999999844e-01,5.442633013000000020e-01,-1.103350005000000023e-01,2.739301375000000038e-02
4.955537400000000203e-01,5.437893833000000399e-01,-1.097110226999999938e-01,2.731278326000000090e-02
4.959096100000000007e-01,5.431627088999999575e-01,-1.088192454999999947e-01,2.719250619000000008e-02
4.962654799999999811e-01,5.429489096999999820e-01,-1.080254342000000062e-01,2.706203668999999923e-02
4.966213500000000169e-01,5.425640831000000386e-01,-1.069141713999999938e-01,2.684040864000000054e-02
4.969772199999999973e-01,5.426049038000000380e-01,-1.055073891999999958e-01,2.658597659000000099e-02
4.973330899999999777e-01,5.424662406000000381e-01,-1.041514820000000036e-01,2.633072881999999962e-02
4.976889600000000136e-01,5.424132256999999457e-01,-1.027371740999999949e-01,2.605694504999999869e-02
4.980448199999999992e-01,5.423614542000000371e-01,-1.007452625000000018e-01,2.575043679999999835e-02
4.984006899999999796e-01,5.422701638000000379e-01,-9.871951512000000373e-02,2.549711762999999978e-02
4.987565600000000154e-01,5.420302259999999483e-01,-9.654806478999999886e-02,2.521142543000000000e-02
4.991124299999999958e-01,5.418791912000000544e-01,-9.465405374999999455e-02,2.495893538999999911e-02
4.994682999999999762e-01,5.417136609999999575e-01,-9.293334471000000430e-02,2.464978790000000100e-02
4.998241700000000121e-01,5.417159173000000161e-01,-9.084733634000000113e-02,2.431686154999999905e-02
5.001800400000000479e-01,5.417692979999999547e-01,-8.937090100000000259e-02,2.408373508000000163e-02
5.005359099999999728e-01,5.420495109999999839e-01,-8.803451405999999924e-02,2.393195307000000119e-02
5.008917800000000087e-01,5.422471837000000239e-01,-8.650801695000000235e-02,2.374550049999999898e-02
5.012476399999999943e-01,5.430999852000000239e-01,-8.473098981000000418e-02,2.354426838000000036e-02
5.016035100000000302e-01,5.437176556999999688e-01,-8.276784730000000256e-02,2.328588091000000082e-02
5.019593799999999550e-01,5.448046278000000520e-01,-8.134889233000000552e-02,2.315425415999999847e-02
5.023152499999999909e-01,5.454712042999999566e-01,-7.992141952999999577e-02,2.296468151999999860e-02
5.026711200000000268e-01,5.461196556999999840e-01,-7.854999997999999317e-02,2.272883997999999850e-02
5.030269899999999517e-01,5.467280708999999739e-01,-7.750488968999999506e-02,2.249715533000000087e-02
5.033828599999999875e-01,5.472096789000000516e-01,-7.615250519999999801e-02,2.217510501999999870e-02
5.037387300000000234e-01,5.476562646999999506e-01,-7.500699020999999911e-02,2.189735614999999830e-02
5.040945999999999483e-01,5.480827455000000237e-01,-7.425519929000000408e-02,2.176391923000000131e-02
5.044504600000000449e-01,5.482180232000000153e-01,-7.343478595999999858e-02,2.160301032000000107e-02
5.048063299999999698e-01,5.482307682000000515e-01,-7.278742993999999522e-02,2.150844593000000166e-02
5.051622000000000057e-01,5.482148514000000361e-01,-7.155584012000000549e-02,2.137827708000000076e-02
5.055180700000000416e-01,5.481801365999999787e-01,-7.096976166000000530e-02,2.128723878999999944e-02
5.058739399999999664e-01,5.481236592999999546e-01,-7.071235946999999966e-02,2.130018220000000004e-02
5.062298100000000023e-01,5.477286936999999911e-01,-7.076536835999999719e-02,2.135193437999999971e-02
5.065856800000000382e-01,5.472172982999999880e-01,-7.144627149000000454e-02,2.151994053000000004e-02
5.069415499999999630e-01,5.461476067999999628e-01,-7.241231763000000043e-02,2.173488926999999835e-02
5.072974199999999989e-01,5.454370514999999919e-01,-7.302562030999999731e-02,2.189250552000000100e-02
5.076538099999999831e-01,5.447033191000000274e-01,-7.342593964999999390e-02,2.205050345000000162e-02
5.080101999999999673e-01,5.441334777999999872e-01,-7.364439033000000356e-02,2.225926639000000082e-02
5.083665899999999516e-01,5.433002594000000407e-01,-7.448793055999999857e-02,2.261239556999999900e-02
5.087229800000000468e-01,5.422120152999999609e-01,-7.522613411999999611e-02,2.287327294000000150e-02
5.090793700000000310e-01,5.413128445999999538e-01,-7.620218874999999670e-02,2.307594468999999912e-02
5.094357600000000152e-01,5.404069989999999990e-01,-7.734532915000000286e-02,2.329826083000000048e-02
5.097921600000000497e-01,5.396049171000000255e-01,-7.885334384000000640e-02,2.358471884000000116e-02
5.101485500000000339e-01,5.385789249000000334e-01,-8.023406337999999804e-02,2.390917706999999906e-02
5.105049400000000182e-01,5.375003283000000520e-01,-8.190541485999999760e-02,2.423354457000000128e-02
5.108613300000000024e-01,5.365914043999999716e-01,-8.299335604999999449e-02,2.446161539000000010e-02
5.112177199999999866e-01,5.361360296999999608e-01,-8.422588112999999932e-02,2.479029698000000115e-02
5.115741099999999708e-01,5.361193452000000415e-01,-8.601559588000000367e-02,2.517661225000000086e-02
5.119304999999999550e-01,5.360496464999999766e-01,-8.749382284999999981e-02,2.552882857999999935e-02
5.122868999999999895e-01,5.363456331999999493e-01,-8.880597382999999567e-02,2.586500836000000039e-02
5.126432899999999737e-01,5.366745534000000317e-01,-9.039480159000000403e-02,2.615970804000000011e-02
5.129996799999999579e-01,5.368768580999999651e-01,-9.212137104999999770e-02,2.644727628000000108e-02
5.133560700000000532e-01,5.369567429999999586e-01,-9.379220453000000624e-02,2.676203608999999997e-02
5.137124600000000374e-01,5.366294887000000458e-01,-9.506242154999999805e-02,2.697486413000000152e-02
5.140688500000000216e-01,5.363764707999999493e-01,-9.659139976000000183e-02,2.728483613000000016e-02
5.144252400000000058e-01,5.365239061000000031e-01,-9.807946560999999952e-02,2.743707030999999880e-02
5.147816400000000403e-01,5.368019909000000256e-01,-9.966638541000000240e-02,2.773595505000000030e-02
5.151380300000000245e-01,5.372275278999999459e-01,-1.012014195000000005e-01,2.804961442000000055e-02
5.154944200000000087e-01,5.378713747000000156e-01,-1.032656064999999956e-01,2.844745127000000012e-02
5.158508099999999930e-01,5.384796316000000083e-01,-1.052803555000000058e-01,2.888006530000000044e-02
5.162071999999999772e-01,5.392141786999999908e-01,-1.065326552000000065e-01,2.922284640999999947e-02
5.165635899999999614e-01,5.397194391999999841e-01,-1.078779279000000035e-01,2.955183224999999997e-02
5.169199899999999959e-01,5.399991398000000276e-01,-1.094498331000000046e-01,2.987915911999999841e-02
5.172763799999999801e-01,5.404169867000000460e-01,-1.110088364000000050e-01,3.022342252999999854e-02
5.176327699999999643e-01,5.404332322999999549e-01,-1.128675940999999960e-01,3.055728287000000071e-02
5.179891599999999485e-01,5.405885463999999807e-01,-1.143737405000000013e-01,3.080958877000000012e-02
5.183455500000000438e-01,5.409983925000000360e-01,-1.151179945999999954e-01,3.090894074999999894e-02
5.187019400000000280e-01,5.413326705000000016e-01,-1.161841304000000019e-01,3.102522911000000008e-02
5.190583300000000122e-01,5.419429742000000383e-01,-1.173621886000000003e-01,3.118011928000000155e-02
5.194147300000000467e-01,5.424110077999999557e-01,-1.182089399000000041e-01,3.129824911000000237e-02
5.197711200000000309e-01,5.430658682000000237e-01,-1.199166666999999936e-01,3.163129498000000206e-02
5.201275100000000151e-01,5.437181650000000310e-01,-1.214534597000000021e-01,3.195348264999999660e-02
5.204838999999999993e-01,5.441613099000000009e-01,-1.229199896000000014e-01,3.230312670999999775e-02
5.208402899999999836e-01,5.443469098000000006e-01,-1.245774211000000020e-01,3.263957918999999680e-02
5.211966799999999678e-01,5.444537876999999693e-01,-1.261764479999999966e-01,3.297800367999999954e-02
5.215530699999999520e-01,5.441345355000000161e-01,-1.275056273000000073e-01,3.314400573000000211e-02
5.219094699999999865e-01,5.438839841999999480e-01,-1.289826692000000108e-01,3.334703945999999836e-02
5.222658599999999707e-01,5.435107780000000277e-01,-1.302824110999999951e-01,3.347064808999999919e-02
5.226228099999999932e-01,5.434118686000000142e-01,-1.312570844000000014e-01,3.357552678999999735e-02
5.229797600000000157e-01,5.433393077999999488e-01,-1.322700981000000109e-01,3.370742363999999769e-02
5.233367100000000383e-01,5.437451520999999621e-01,-1.333777623999999884e-01,3.389309409999999995e-02
5.236936599999999498e-01,5.439877392999999950e-01,-1.345789307999999962e-01,3.406503433000000053e-02
5.240506099999999723e-01,5.442240532000000020e-01,-1.359451609000000005e-01,3.423382858000000029e-02
5.244075599999999948e-01,5.440782848999999866e-01,-1.373026330999999878e-01,3.447051398999999988e-02
5.247645100000000173e-01,5.438140053000000140e-01,-1.389496573000000013e-01,3.460616983999999924e-02
5.251214600000000399e-01,5.431461287000000082e-01,-1.401942436999999986e-01,3.463811726999999757e-02
5.254784099999999514e-01,5.421948595000000148e-01,-1.416113314999999928e-01,3.476584716000000186e-02
5.258353599999999739e-01,5.412700436999999809e-01,-1.429295223000000004e-01,3.485145564000000085e-02
5.261923099999999964e-01,5.408170768000000184e-01,-1.434967890999999940e-01,3.484761519000000030e-02
5.265492600000000190e-01,5.402361670999999976e-01,-1.443368643000000062e-01,3.487377113000000167e-02
5.269062100000000415e-01,5.400713512999999466e-01,-1.445505075000000084e-01,3.485294836999999757e-02
5.272631599999999530e-01,5.401970257999999525e-01,-1.447233935999999999e-01,3.490203153000000225e-02
5.276201099999999755e-01,5.402837600000000018e-01,-1.446098765000000119e-01,3.489504209000000162e-02
5.279770599999999980e-01,5.402609636999999854e-01,-1.442002572999999954e-01,3.488751253999999857e-02
5.283340100000000206e-01,5.400715513999999606e-01,-1.430994473999999961e-01,3.477542061999999712e-02
5.286909600000000431e-01,5.400826467999999547e-01,-1.416758589000000068e-01,3.458795905999999948e-02
5.290479099999999546e-01,5.394364751000000346e-01,-1.405256886000000038e-01,3.444578051000000279e-02
5.294048599999999771e-01,5.386964315000000170e-01,-1.392383939999999876e-01,3.412750318999999838e-02
5.297618099999999997e-01,5.379407274999999933e-01,-1.381455297999999998e-01,3.374147775999999932e-02
5.301187600000000222e-01,5.374500235000000403e-01,-1.366895737999999916e-01,3.333101158000000008e-02
5.304757100000000447e-01,5.374114859999999938e-01,-1.355364626999999988e-01,3.297445984999999857e-02
5.308326599999999562e-01,5.374095098000000181e-01,-1.335905223999999947e-01,3.258259535000000012e-02
5.311896099999999787e-01,5.377896853000000421e-01,-1.314459420999999906e-01,3.229711242999999676e-02
5.315465600000000013e-01,5.383949219000000452e-01,-1.294194761000000138e-01,3.203007290999999868e-02
5.319035100000000238e-01,5.388238737999999639e-01,-1.269506772000000006e-01,3.170456065999999878e-02
5.322604600000000463e-01,5.390590328000000042e-01,-1.244889938000000029e-01,3.143068998000000253e-02
5.326174099999999578e-01,5.391538553000000400e-01,-1.221141768000000016e-01,3.111958873000000153e-02
5.329743599999999804e-01,5.385933920000000041e-01,-1.189477545000000025e-01,3.058225682000000056e-02
5.333313100000000029e-01,5.381677419999999490e-01,-1.159196470999999951e-01,3.007615011000000158e-02
5.336882600000000254e-01,5.371346163000000340e-01,-1.131879389000000069e-01,2.954054114999999855e-02
5.340452100000000479e-01,5.367189903000000317e-01,-1.104740746999999940e-01,2.902149265000000117e-02
5.344021599999999594e-01,5.363881748000000060e-01,-1.074043811000000015e-01,2.840829376999999892e-02
5.347591099999999820e-01,5.365612485999999848e-01,-1.043489073000000017e-01,2.785064796999999967e-02
5.351160600000000045e-01,5.364975001999999771e-01,-1.016211434999999969e-01,2.737036839000000013e-02
5.354730100000000270e-01,5.363096116000000135e-01,-9.874735842000000041e-02,2.694270430999999924e-02
5.358299600000000495e-01,5.360060265999999629e-01,-9.582820927000000599e-02,2.652762982999999977e-02
5.361869099999999611e-01,5.358619087999999531e-01,-9.261804396999999411e-02,2.608578091999999918e-02
5.365438599999999836e-01,5.351128655000000345e-01,-8.976341384000000034e-02,2.569698085999999951e-02
5.369008100000000061e-01,5.343052240000000230e-01,-8.735725540000000011e-02,2.533637039000000146e-02
5.372577600000000286e-01,5.333821518000000372e-01,-8.480365169999999619e-02,2.489753423000000063e-02
5.376147100000000512e-01,5.326557387000000476e-01,-8.301026017000000257e-02,2.457419313999999883e-02
5.379716599999999627e-01,5.320568826999999557e-01,-8.145042177000000327e-02,2.426388369999999892e-02
5.383292100000000024e-01,5.320098003000000020e-01,-7.940113481999999667e-02,2.386612046999999834e-02
5.386867600000000422e-01,5.319360051000000533e-01,-7.744358545000000482e-02,2.353717989999999996e-02
5.390443200000000212e-01,5.323635732000000509e-01,-7.616253498000000177e-02,2.337863705000000139e-02
5.394018699999999500e-01,5.325485514000000142e-01,-7.465570881999999964e-02,2.326892338000000060e-02
5.397594199999999898e-01,5.329457520999999476e-01,-7.279148838000000510e-02,2.309055658000000108e-02
5.401169700000000296e-01,5.329491157000000312e-01,-7.080258536000000325e-02,2.292239760999999904e-02
5.404745199999999583e-01,5.325051361000000538e-01,-6.859602075000000021e-02,2.264945508999999940e-02
5.408320800000000483e-01,5.315981543000000142e-01,-6.706005422999999910e-02,2.240830154000000157e-02
5.411896299999999771e-01,5.306189996000000297e-01,-6.585310870999999677e-02,2.217488939000000076e-02
5.415471800000000169e-01,5.297071621000000174e-01,-6.510696066000000448e-02,2.201896788000000035e-02
5.419047299999999456e-01,5.289995226000000494e-01,-6.412963836000000473e-02,2.184438907999999846e-02
5.422622799999999854e-01,5.287870469000000018e-01,-6.354837032000000552e-02,2.178473466999999997e-02
5.426198399999999644e-01,5.290699706000000502e-01,-6.289551849999999722e-02,2.170006841999999950e-02
5.429773900000000042e-01,5.292727326999999704e-01,-6.225925200000000104e-02,2.166031414000000113e-02
5.433349400000000440e-01,5.295940657000000051e-01,-6.178166012999999901e-02,2.177228049000000040e-02
5.436924899999999727e-01,5.297750472000000155e-01,-6.152840293999999738e-02,2.187200363999999841e-02
5.440500400000000125e-01,5.299592189999999814e-01,-6.179216245000000024e-02,2.214467843999999921e-02
5.444075999999999915e-01,5.295047549000000409e-01,-6.219881490999999707e-02,2.236477924000000034e-02
5.447651500000000313e-01,5.292535104000000157e-01,-6.333395590000000241e-02,2.257894075999999917e-02
5.451233199999999668e-01,5.286747080999999460e-01,-6.450073630000000002e-02,2.268664617000000147e-02
5.454814999999999525e-01,5.286254467000000012e-01,-6.562122774999999686e-02,2.285189463999999851e-02
5.458396800000000493e-01,5.287490539000000433e-01,-6.748767259000000573e-02,2.304527772000000002e-02
5.461978499999999848e-01,5.291900469000000440e-01,-6.870274001999999991e-02,2.318467779000000020e-02
5.465560299999999705e-01,5.299104641999999865e-01,-7.022808247999999531e-02,2.338538863000000009e-02
5.469142000000000170e-01,5.306398751999999996e-01,-7.154266248000000494e-02,2.366254507999999979e-02
5.472723800000000027e-01,5.312691304000000114e-01,-7.302341725000000006e-02,2.403843585000000130e-02
5.476305599999999885e-01,5.322551782000000120e-01,-7.475814834999999769e-02,2.451927514000000127e-02
5.479887300000000350e-01,5.329415914999999782e-01,-7.676539898999999723e-02,2.508190893000000060e-02
5.483469100000000207e-01,5.332572729000000233e-01,-7.877995554000000178e-02,2.562781340999999852e-02
5.487050799999999562e-01,5.330822068999999663e-01,-8.122529315000000250e-02,2.612794025999999950e-02
5.490632600000000529e-01,5.329418371999999904e-01,-8.414264256999999525e-02,2.672179604999999972e-02
5.494214400000000387e-01,5.328489994999999757e-01,-8.669577961999999638e-02,2.721346113999999899e-02
5.497796099999999742e-01,5.330076377000000365e-01,-8.997970018999999764e-02,2.780482625000000110e-02
5.501377899999999599e-01,5.332527743999999625e-01,-9.314744480999999354e-02,2.835669450000000147e-02
5.504959600000000064e-01,5.338122680000000342e-01,-9.575511055999999521e-02,2.879254525999999995e-02
5.508541399999999921e-01,5.343668082000000430e-01,-9.794814311999999745e-02,2.920924713000000103e-02
5.512123199999999779e-01,5.349340082000000329e-01,-1.004207730999999992e-01,2.973025791999999931e-02
5.515704900000000244e-01,5.354781305000000380e-01,-1.027283343999999959e-01,3.020160573000000084e-02
5.519286700000000101e-01,5.356372069000000513e-01,-1.049427534999999995e-01,3.062298780000000109e-02
5.522868399999999456e-01,5.356089077000000254e-01,-1.075984318999999995e-01,3.111950185999999910e-02
5.526450200000000423e-01,5.353937085000000096e-01,-1.104305986999999933e-01,3.165715824999999761e-02
5.530032000000000281e-01,5.352231399000000334e-01,-1.129738569000000026e-01,3.213787516000000261e-02
5.533613699999999636e-01,5.352282190999999578e-01,-1.154278541000000047e-01,3.253718790000000027e-02
5.537195499999999493e-01,5.353415542999999666e-01,-1.180324368000000013e-01,3.295291763000000179e-02
5.540777199999999958e-01,5.355998893000000205e-01,-1.208351721999999934e-01,3.341255247000000234e-02
5.544358999999999815e-01,5.357690958999999919e-01,-1.233611381999999979e-01,3.384261412999999691e-02
5.547940799999999673e-01,5.358799761000000439e-01,-1.262031462000000048e-01,3.439081984999999703e-02
5.551529099999999994e-01,5.361292646999999967e-01,-1.289292504000000006e-01,3.500600754000000175e-02
5.555117499999999708e-01,5.362880775999999683e-01,-1.308887330000000071e-01,3.550861405999999887e-02
5.558705800000000030e-01,5.361647367999999858e-01,-1.320584253000000041e-01,3.577331926999999939e-02
5.562294100000000352e-01,5.359059608999999780e-01,-1.333793527999999895e-01,3.601801947000000254e-02
5.565882500000000066e-01,5.353998423000000395e-01,-1.355461139999999953e-01,3.637735362999999778e-02
5.569470800000000388e-01,5.350482657999999780e-01,-1.372851998000000073e-01,3.663648508999999692e-02
5.573059200000000102e-01,5.348119686000000206e-01,-1.393915126999999976e-01,3.691131504999999730e-02
5.576647500000000424e-01,5.346486708000000032e-01,-1.411968117999999883e-01,3.718015933999999773e-02
5.580235900000000138e-01,5.344793761999999671e-01,-1.425455264000000111e-01,3.731140971000000001e-02
5.583824200000000459e-01,5.348246531000000470e-01,-1.437180787000000015e-01,3.747806833999999671e-02
5.587412499999999671e-01,5.352606869999999573e-01,-1.447289424000000047e-01,3.768228355000000085e-02
5.591000900000000495e-01,5.357427511000000253e-01,-1.460144540999999963e-01,3.796788489999999849e-02
5.594589199999999707e-01,5.359157852000000499e-01,-1.470137059999999940e-01,3.820155002000000244e-02
5.598177600000000531e-01,5.361402105999999446e-01,-1.483305185000000082e-01,3.846538711999999971e-02
5.601765899999999743e-01,5.362484937999999479e-01,-1.495945122000000016e-01,3.875494740000000327e-02
5.605354299999999457e-01,5.366125959999999973e-01,-1.508485494000000038e-01,3.907611714999999902e-02
5.608942599999999779e-01,5.366970784000000272e-01,-1.522327880999999883e-01,3.933265403999999799e-02
5.612530999999999493e-01,5.370134895000000519e-01,-1.536805766999999878e-01,3.953156534999999888e-02
5.616119299999999814e-01,5.370708584000000174e-01,-1.550351081000000131e-01,3.977013766999999700e-02
5.619707600000000136e-01,5.370573630999999626e-01,-1.563423367000000008e-01,4.001838640000000141e-02
5.623295999999999850e-01,5.371864570000000061e-01,-1.573102966000000102e-01,4.019570767999999794e-02
5.626884300000000172e-01,5.375917483000000052e-01,-1.586602572999999961e-01,4.034554533999999693e-02
5.630472699999999886e-01,5.380992934999999644e-01,-1.600657185999999899e-01,4.055904845999999675e-02
5.634061000000000208e-01,5.384284891999999711e-01,-1.613326452000000133e-01,4.081081612999999664e-02
5.637649399999999922e-01,5.388956728999999557e-01,-1.627492735000000135e-01,4.109192795000000259e-02
5.641237700000000244e-01,5.391260521999999833e-01,-1.640135390000000137e-01,4.142152813999999683e-02
5.644826099999999958e-01,5.394755476999999466e-01,-1.650257142000000066e-01,4.169637829000000240e-02
5.648414400000000279e-01,5.400232346000000128e-01,-1.664616482000000064e-01,4.194172421000000317e-02
5.652002699999999491e-01,5.406868044000000539e-01,-1.679531419999999997e-01,4.221210625999999994e-02
5.655591100000000315e-01,5.414090430000000342e-01,-1.692678133999999945e-01,4.240343961000000300e-02
5.659179399999999527e-01,5.419563172000000373e-01,-1.702797799000000112e-01,4.253975185000000159e-02
5.662767800000000351e-01,5.426413323000000011e-01,-1.710263854999999888e-01,4.263662684999999786e-02
5.666356099999999563e-01,5.433993336000000340e-01,-1.720061102000000064e-01,4.270539578000000225e-02
5.669937499999999631e-01,5.439312269999999616e-01,-1.723796857000000071e-01,4.272267141000000296e-02
5.673518800000000306e-01,5.440461513000000027e-01,-1.727235152000000107e-01,4.270058345999999672e-02
5.677100099999999872e-01,5.439750526000000086e-01,-1.731138787000000012e-01,4.268957788999999670e-02
5.680681499999999939e-01,5.441038329999999812e-01,-1.733962710999999990e-01,4.262893236999999724e-02
5.684262799999999505e-01,5.442561589000000088e-01,-1.732126355999999978e-01,4.257967976999999654e-02
5.687844100000000180e-01,5.442097208999999713e-01,-1.735514260999999891e-01,4.257089571000000072e-02
5.691425500000000248e-01,5.444342404999999996e-01,-1.741744917999999975e-01,4.262522809000000162e-02
5.695006799999999814e-01,5.444165577999999783e-01,-1.743617788999999862e-01,4.261733570000000165e-02
5.698588100000000489e-01,5.441954169999999591e-01,-1.739631407999999990e-01,4.250107662000000147e-02
5.702169499999999447e-01,5.440830516000000339e-01,-1.737428330999999937e-01,4.245011172999999666e-02
5.705750800000000122e-01,5.443686429999999854e-01,-1.733928076000000040e-01,4.239436383999999752e-02
5.709332099999999688e-01,5.440866572000000456e-01,-1.731637768000000022e-01,4.229562648000000091e-02
5.712913499999999756e-01,5.438414924000000150e-01,-1.727461827000000005e-01,4.221870369999999872e-02
5.716494800000000431e-01,5.431131108000000207e-01,-1.723821929000000086e-01,4.215295790000000292e-02
5.720076200000000499e-01,5.427627538000000529e-01,-1.715588053000000057e-01,4.207241835000000152e-02
5.723657500000000065e-01,5.422105943999999678e-01,-1.707581793999999875e-01,4.199209643000000047e-02
5.727238799999999630e-01,5.413161127000000183e-01,-1.699427974000000119e-01,4.192723071999999995e-02
5.730820199999999698e-01,5.401852781999999520e-01,-1.692115384000000000e-01,4.185768188999999806e-02
5.734401500000000373e-01,5.390890122000000506e-01,-1.678259359000000006e-01,4.163689246999999899e-02
5.737982799999999939e-01,5.377576036000000226e-01,-1.664686730999999920e-01,4.144139099000000021e-02
5.741564200000000007e-01,5.368351520999999904e-01,-1.645437362000000125e-01,4.122782777000000287e-02
5.745145499999999572e-01,5.358413926999999743e-01,-1.629246552999999986e-01,4.103598132999999870e-02
5.748726800000000248e-01,5.347270343000000148e-01,-1.611671712999999950e-01,4.073598948999999914e-02
5.752308200000000316e-01,5.335556487999999487e-01,-1.589826431999999956e-01,4.031896529000000146e-02
5.755889499999999881e-01,5.327577738000000007e-01,-1.569131595999999906e-01,3.998498184000000288e-02
5.759470799999999446e-01,5.323358420999999563e-01,-1.555485601000000107e-01,3.974880072999999875e-02
5.763052199999999514e-01,5.322329845000000059e-01,-1.536515237999999950e-01,3.938743658999999814e-02
5.766633500000000190e-01,5.322238900000000328e-01,-1.506654064999999876e-01,3.884562054000000042e-02
5.770214900000000258e-01,5.322265676999999862e-01,-1.477349255000000028e-01,3.818866619999999878e-02
5.773796199999999823e-01,5.322918191000000077e-01,-1.447898618000000026e-01,3.750870054000000203e-02
5.777377500000000499e-01,5.325535087999999639e-01,-1.420707979999999981e-01,3.688381297999999975e-02
5.780958899999999456e-01,5.330819743000000388e-01,-1.390448273000000068e-01,3.618232675000000037e-02
5.784540200000000132e-01,5.335793894999999454e-01,-1.355215881000000067e-01,3.533093697999999810e-02
5.788121499999999697e-01,5.338188694000000067e-01,-1.318281168000000059e-01,3.448149921000000229e-02
5.791702899999999765e-01,5.343269535000000348e-01,-1.284196152000000035e-01,3.363802460999999744e-02
5.795284200000000441e-01,5.351210982999999866e-01,-1.251500043999999867e-01,3.287702017000000004e-02
5.798865500000000006e-01,5.362307603000000533e-01,-1.220495478000000050e-01,3.215477930999999928e-02
5.802446900000000074e-01,5.370833526999999608e-01,-1.194978782000000045e-01,3.156554428000000329e-02
5.806028199999999639e-01,5.380498245000000512e-01,-1.172791135999999984e-01,3.101461293999999841e-02
5.809609500000000315e-01,5.384853939999999506e-01,-1.145897077999999958e-01,3.044912606000000146e-02
5.813190900000000383e-01,5.387314125000000065e-01,-1.114750798000000015e-01,2.987258552999999886e-02
5.816772199999999948e-01,5.389446221999999453e-01,-1.082391258999999967e-01,2.923739124000000050e-02
5.820353600000000016e-01,5.392944030999999860e-01,-1.056849760999999943e-01,2.872979309000000051e-02
5.823934899999999582e-01,5.391818543999999935e-01,-1.028572311999999961e-01,2.811651206000000125e-02
5.827516200000000257e-01,5.389685722000000512e-01,-1.002437570999999972e-01,2.756560077000000039e-02
5.831097600000000325e-01,5.385772918000000242e-01,-9.709868989000000616e-02,2.684764660000000039e-02
5.834678899999999890e-01,5.385546785000000503e-01,-9.442631931999999340e-02,2.624050346999999908e-02
5.838260199999999456e-01,5.386834510000000353e-01,-9.134632597000000298e-02,2.564017072000000091e-02
5.841841599999999524e-01,5.386804133000000494e-01,-8.897266595000000167e-02,2.525229151000000019e-02
5.845422900000000199e-01,5.385734584000000380e-01,-8.651992418999999990e-02,2.474486630000000131e-02
5.849004199999999765e-01,5.383564671999999662e-01,-8.359015020000000462e-02,2.411636380999999940e-02
5.852585599999999832e-01,5.381056649000000025e-01,-8.099788585000000651e-02,2.352318867000000036e-02
5.856166900000000508e-01,5.379972379999999887e-01,-7.943267241000000201e-02,2.319824075999999888e-02
5.859748200000000073e-01,5.375481625000000374e-01,-7.732950519999999550e-02,2.281227830999999970e-02
5.863329600000000141e-01,5.369994408999999580e-01,-7.557525719999999558e-02,2.243266832999999891e-02
5.866910899999999707e-01,5.366815527999999613e-01,-7.356487018000000544e-02,2.195584884000000014e-02
5.870492299999999775e-01,5.366473347000000338e-01,-7.168994050999999423e-02,2.161209874999999933e-02
5.874073600000000450e-01,5.368868102999999614e-01,-6.962229033000000289e-02,2.118723436000000127e-02
5.877654900000000016e-01,5.374971741999999830e-01,-6.802453293000000623e-02,2.086311473000000000e-02
5.881236300000000083e-01,5.382203428999999817e-01,-6.674100318999999504e-02,2.057804788999999940e-02
5.884817599999999649e-01,5.386016922999999901e-01,-6.531166536999999384e-02,2.027953713000000061e-02
5.888398900000000324e-01,5.385954944999999938e-01,-6.345129239999999782e-02,1.990924960000000146e-02
5.891980300000000392e-01,5.388246690000000338e-01,-6.141349027000000266e-02,1.952596665000000051e-02
5.895561599999999958e-01,5.388024844000000035e-01,-5.967294386000000089e-02,1.916940303000000054e-02
5.899142899999999523e-01,5.386456538999999655e-01,-5.890476162999999654e-02,1.894178658000000154e-02
5.902724299999999591e-01,5.384679787999999689e-01,-5.848002711999999992e-02,1.871325449000000099e-02
5.906305600000000267e-01,5.384325517000000394e-01,-5.833365234000000010e-02,1.861670680000000050e-02
5.909886899999999832e-01,5.388365283999999589e-01,-5.794226714000000333e-02,1.853079472000000033e-02
5.913468299999999900e-01,5.393522578999999650e-01,-5.794274717000000297e-02,1.852000485000000057e-02
5.917049599999999465e-01,5.397980664999999512e-01,-5.809009060999999891e-02,1.857834255000000157e-02
5.920630999999999533e-01,5.401597857000000058e-01,-5.830084346000000139e-02,1.870887049999999871e-02
5.924212300000000209e-01,5.401473779000000031e-01,-5.857459999999999750e-02,1.879392959000000113e-02
5.927801799999999899e-01,5.402378589999999869e-01,-5.838110157000000328e-02,1.887069586999999896e-02
5.931391299999999589e-01,5.400645549999999462e-01,-5.833702701000000046e-02,1.894800611999999940e-02
5.934980800000000389e-01,5.398803964999999705e-01,-5.854043861000000210e-02,1.908249493999999991e-02
5.938570300000000080e-01,5.392034900000000075e-01,-5.890391677000000187e-02,1.921533987000000054e-02
5.942159799999999770e-01,5.386889883000000045e-01,-5.931588838000000086e-02,1.929800207000000045e-02
5.945749299999999460e-01,5.384051395000000184e-01,-5.986342205999999749e-02,1.939639720999999928e-02
5.949338699999999758e-01,5.381771722000000535e-01,-6.016707749999999910e-02,1.947778388999999929e-02
5.952928199999999448e-01,5.381292345000000532e-01,-6.054378116999999809e-02,1.961068430000000029e-02
5.956517700000000248e-01,5.381765419999999800e-01,-6.149322289999999830e-02,1.995573960999999855e-02
5.960107199999999938e-01,5.382296987000000366e-01,-6.249101472000000157e-02,2.025849601000000166e-02
5.963696699999999629e-01,5.381710669999999475e-01,-6.436592138999999713e-02,2.071274475000000129e-02
5.967286200000000429e-01,5.380123089999999664e-01,-6.617134102999999712e-02,2.110409971999999829e-02
5.970875700000000119e-01,5.381189588000000468e-01,-6.792770555999999571e-02,2.153984758000000027e-02
5.974465199999999809e-01,5.378687018000000153e-01,-6.997885069999999763e-02,2.198193854999999988e-02
5.978054699999999499e-01,5.377686869000000147e-01,-7.165673476999999403e-02,2.231790465999999862e-02
5.981644200000000300e-01,5.378186126999999761e-01,-7.321753024999999582e-02,2.263022437000000026e-02
5.985233699999999990e-01,5.381704245999999747e-01,-7.471097909000000425e-02,2.292852609999999902e-02
5.988823199999999680e-01,5.391344269000000189e-01,-7.588822901000000232e-02,2.314633188999999994e-02
5.992412700000000481e-01,5.403130959999999927e-01,-7.720711179000000479e-02,2.338708001999999925e-02
5.996002200000000171e-01,5.414736519999999720e-01,-7.874018951000000266e-02,2.365380360999999945e-02
5.999591699999999861e-01,5.425690032000000107e-01,-8.021534248999999395e-02,2.389416840999999958e-02
6.003181199999999551e-01,5.431216298000000053e-01,-8.158744699999999350e-02,2.402402643000000129e-02
6.006770599999999849e-01,5.436037935999999959e-01,-8.337525194000000583e-02,2.428137576999999867e-02
6.010360099999999539e-01,5.437488716999999694e-01,-8.531170386000000438e-02,2.459212696999999934e-02
6.013949600000000340e-01,5.438160905000000156e-01,-8.789271653999999878e-02,2.504376595000000136e-02
6.017539100000000030e-01,5.439952795000000396e-01,-9.013780624999999380e-02,2.540612733000000012e-02
6.021128599999999720e-01,5.440536089999999936e-01,-9.249326203999999607e-02,2.573947170999999964e-02
6.024718100000000520e-01,5.443296134999999758e-01,-9.463813473000000365e-02,2.601149194999999997e-02
6.028307600000000210e-01,5.449889450999999552e-01,-9.713316981000000294e-02,2.641910228999999957e-02
6.031897099999999901e-01,5.453032293999999780e-01,-9.926135714000000609e-02,2.684121293000000033e-02
6.035486599999999591e-01,5.454825279999999665e-01,-1.013156565000000037e-01,2.731525250000000141e-02
6.039076100000000391e-01,5.450966024000000187e-01,-1.030420162000000028e-01,2.769008628999999888e-02
6.042665600000000081e-01,5.448419320999999815e-01,-1.049805070000000007e-01,2.810668487999999979e-02
6.046255099999999771e-01,5.443877390000000371e-01,-1.072331881999999958e-01,2.848036905999999993e-02
6.049844599999999462e-01,5.438690135000000536e-01,-1.092951541999999943e-01,2.877186143000000015e-02
6.053434100000000262e-01,5.430811929000000093e-01,-1.113516447999999964e-01,2.900702058000000083e-02
6.057023599999999952e-01,5.425857458999999716e-01,-1.133789137000000002e-01,2.923332271999999968e-02
6.060613000000000250e-01,5.422923014999999625e-01,-1.147967794000000069e-01,2.936552478999999993e-02
6.064202499999999940e-01,5.424833851000000484e-01,-1.161853729000000002e-01,2.958809333999999971e-02
6.067791999999999630e-01,5.428510246000000095e-01,-1.175201096000000056e-01,2.979209461000000003e-02
6.071381500000000431e-01,5.436387807000000461e-01,-1.185122849999999950e-01,3.002487210999999975e-02
6.074971000000000121e-01,5.445193737000000311e-01,-1.199507533000000042e-01,3.041161361999999979e-02
6.078560499999999811e-01,5.452904560000000345e-01,-1.214631208999999989e-01,3.077655811999999852e-02
6.082149999999999501e-01,5.456798214000000424e-01,-1.226708861000000012e-01,3.101804345999999851e-02
6.085739500000000302e-01,5.461209796999999533e-01,-1.239784168999999991e-01,3.136683001999999998e-02
6.089328999999999992e-01,5.461560287000000180e-01,-1.252852118999999986e-01,3.167722053000000121e-02
6.092918499999999682e-01,5.466578587000000544e-01,-1.266771972000000079e-01,3.193870706000000170e-02
6.096508000000000482e-01,5.468996632999999497e-01,-1.281077137999999949e-01,3.212991742000000095e-02
6.100097500000000172e-01,5.475942508000000153e-01,-1.298906266000000032e-01,3.231583153999999930e-02
6.103686999999999863e-01,5.482899901000000131e-01,-1.314431754000000008e-01,3.252334032999999736e-02
6.107276499999999553e-01,5.489751295000000475e-01,-1.321978893000000099e-01,3.261915338000000164e-02
6.110866000000000353e-01,5.495074668999999634e-01,-1.328566823000000008e-01,3.269711312999999675e-02
6.114455500000000043e-01,5.499168427999999720e-01,-1.338996470999999910e-01,3.282079470999999665e-02
6.118044900000000341e-01,5.498849319999999929e-01,-1.349287510000000134e-01,3.301033486999999794e-02
6.121634400000000031e-01,5.499441248999999976e-01,-1.360651447000000014e-01,3.323878881999999674e-02
6.125223899999999722e-01,5.497535379000000333e-01,-1.372758333999999913e-01,3.347069260999999823e-02
6.128813400000000522e-01,5.492424392000000433e-01,-1.384974636000000092e-01,3.366933743000000145e-02
6.132402900000000212e-01,5.484746580999999566e-01,-1.399299610999999999e-01,3.387243507999999903e-02
6.135992399999999902e-01,5.477801011999999803e-01,-1.416178337000000009e-01,3.419560402999999998e-02
6.139581899999999592e-01,5.475268536999999824e-01,-1.433170267999999969e-01,3.448754755999999810e-02
6.143171400000000393e-01,5.474007223000000311e-01,-1.449699601999999976e-01,3.480441732000000288e-02
6.146760900000000083e-01,5.476009522000000462e-01,-1.462502152000000055e-01,3.510952250999999774e-02
6.150350399999999773e-01,5.475875385999999789e-01,-1.476667110000000060e-01,3.544011942999999998e-02
6.153939899999999463e-01,5.474598368999999964e-01,-1.490964811999999917e-01,3.580435778999999791e-02
6.157529400000000264e-01,5.471025795999999719e-01,-1.511433291000000012e-01,3.622175806999999859e-02
6.161118899999999954e-01,5.465372174000000527e-01,-1.527928679999999984e-01,3.653046982000000137e-02
6.164708399999999644e-01,5.455984506000000067e-01,-1.541005651000000032e-01,3.673487943999999977e-02
6.168297900000000444e-01,5.443070798000000377e-01,-1.557162091000000026e-01,3.687331861999999794e-02
6.171887400000000135e-01,5.431263090000000293e-01,-1.573154390000000014e-01,3.699408175999999854e-02
6.175476800000000432e-01,5.423662477999999787e-01,-1.590994390999999897e-01,3.716708527999999789e-02
6.179066300000000123e-01,5.422900269000000550e-01,-1.605519693999999942e-01,3.738005108999999798e-02
6.182655799999999813e-01,5.424158046000000510e-01,-1.617590354000000008e-01,3.750818439999999837e-02
6.186245299999999503e-01,5.428049864999999752e-01,-1.625370194999999907e-01,3.760418961999999893e-02
6.189834800000000303e-01,5.432750590999999574e-01,-1.635773600000000050e-01,3.777273175000000344e-02
6.193424299999999993e-01,5.439005985999999515e-01,-1.645144973999999871e-01,3.799292287000000101e-02
6.197013799999999684e-01,5.442463400000000506e-01,-1.659542531000000043e-01,3.830261716000000344e-02
6.200603300000000484e-01,5.445684429999999576e-01,-1.675268739000000118e-01,3.856200693000000346e-02
6.204192800000000174e-01,5.443712513999999780e-01,-1.692660685000000054e-01,3.871218483999999682e-02
6.207772400000000079e-01,5.439734687999999707e-01,-1.709736487999999888e-01,3.886448139999999773e-02
6.211351999999999984e-01,5.433260170999999472e-01,-1.728187308999999949e-01,3.898914933000000027e-02
6.214931500000000497e-01,5.432378042000000073e-01,-1.745907415999999879e-01,3.912266259999999662e-02
6.218511100000000402e-01,5.433296868000000446e-01,-1.754248687999999945e-01,3.912425756000000032e-02
6.222090700000000307e-01,5.435425078000000187e-01,-1.761405554999999901e-01,3.915559080000000081e-02
6.225670300000000212e-01,5.435812371999999559e-01,-1.763572985999999898e-01,3.917448441000000170e-02
6.229249799999999615e-01,5.437810561000000487e-01,-1.768409535000000088e-01,3.924435630999999897e-02
6.232829399999999520e-01,5.439282506000000517e-01,-1.782394455999999905e-01,3.955572208000000117e-02
6.236409000000000535e-01,5.438698571000000204e-01,-1.789260601999999867e-01,3.975117791999999844e-02
6.239988600000000440e-01,5.432481327999999499e-01,-1.797928403000000064e-01,3.994785822000000014e-02
6.243568200000000346e-01,5.426268463000000208e-01,-1.804408295999999912e-01,4.006124603999999811e-02
6.247147699999999748e-01,5.419596742000000189e-01,-1.810910709999999924e-01,4.009173084999999997e-02
6.250727299999999653e-01,5.413184899999999855e-01,-1.815171334000000025e-01,4.007013643000000014e-02
6.254306899999999558e-01,5.412220650000000299e-01,-1.812420962999999885e-01,3.992803812000000202e-02
6.257886499999999463e-01,5.415203908000000288e-01,-1.812251578000000085e-01,3.993093316000000115e-02
6.261465999999999976e-01,5.419273741000000255e-01,-1.816825063999999990e-01,4.006689419000000058e-02
6.265045599999999881e-01,5.424164651999999753e-01,-1.818911098999999865e-01,4.020207206999999727e-02
6.268625199999999786e-01,5.426749968999999840e-01,-1.815496312000000056e-01,4.019776425999999764e-02
6.272204799999999691e-01,5.429638060000000488e-01,-1.809018887000000131e-01,4.019279871999999892e-02
6.275784399999999597e-01,5.429798868999999861e-01,-1.799505221999999904e-01,4.005150200000000271e-02
6.279363900000000109e-01,5.427733085999999485e-01,-1.787374505000000058e-01,3.979460086000000119e-02
6.282943500000000014e-01,5.422675188000000146e-01,-1.780323280999999980e-01,3.961472667999999669e-02
6.286523099999999920e-01,5.418649652000000483e-01,-1.772359280999999953e-01,3.938397463999999959e-02
6.290102699999999825e-01,5.417108131000000215e-01,-1.766339318000000047e-01,3.916262286000000287e-02
6.293682200000000337e-01,5.421153545000000351e-01,-1.765162409000000099e-01,3.897741638999999841e-02
6.297261800000000243e-01,5.430466761000000142e-01,-1.756994309999999893e-01,3.871426290999999825e-02
6.300841400000000148e-01,5.441039390999999892e-01,-1.753641911000000109e-01,3.860984759999999683e-02
6.304421000000000053e-01,5.449401172000000182e-01,-1.744573087999999883e-01,3.841206758000000054e-02
6.308000599999999958e-01,5.459965076999999667e-01,-1.737076553999999939e-01,3.823794744000000301e-02
6.311580100000000471e-01,5.467532826000000012e-01,-1.725853313000000055e-01,3.796894885999999719e-02
6.315159700000000376e-01,5.470930549000000420e-01,-1.714258260000000034e-01,3.768877019999999911e-02
6.318739300000000281e-01,5.468589148000000399e-01,-1.694922949999999873e-01,3.717063844000000061e-02
6.322318900000000186e-01,5.465340829999999483e-01,-1.673560159999999963e-01,3.654209608000000276e-02
6.325887599999999722e-01,5.461663878000000416e-01,-1.643246083999999885e-01,3.569020720999999813e-02
6.329456300000000368e-01,5.458700305000000474e-01,-1.619578546000000063e-01,3.494290313000000120e-02
6.333025100000000407e-01,5.455977850000000018e-01,-1.600269776999999893e-01,3.432394991999999923e-02
6.336593799999999943e-01,5.456583981999999500e-01,-1.579045407999999928e-01,3.381161575999999669e-02
6.340162499999999479e-01,5.456179702000000242e-01,-1.550026573999999935e-01,3.322023233000000186e-02
6.343731299999999518e-01,5.455766724999999706e-01,-1.522570175000000081e-01,3.271865314999999885e-02
6.347300000000000164e-01,5.456739907000000001e-01,-1.494226392999999931e-01,3.216582747999999908e-02
6.350868699999999700e-01,5.457538113000000024e-01,-1.472701208999999956e-01,3.183404972000000027e-02
6.354437400000000347e-01,5.457648882000000201e-01,-1.449414685000000036e-01,3.131699358000000072e-02
6.358006200000000385e-01,5.452453432999999627e-01,-1.421999291999999915e-01,3.068167739999999935e-02
6.361574899999999921e-01,5.444384905000000385e-01,-1.392775659000000110e-01,3.008727136000000080e-02
6.365143599999999457e-01,5.437485749999999562e-01,-1.362453641999999965e-01,2.943813702999999865e-02
6.368712399999999496e-01,5.436796354999999803e-01,-1.334710930999999934e-01,2.882423371999999831e-02
6.372281100000000142e-01,5.438985399000000331e-01,-1.304837115999999964e-01,2.816329365000000071e-02
6.375849799999999679e-01,5.443263899000000405e-01,-1.267280315000000046e-01,2.737605224000000045e-02
6.379418599999999717e-01,5.447671518000000157e-01,-1.234727406999999999e-01,2.668633943000000078e-02
6.382987300000000364e-01,5.453580409999999601e-01,-1.207674935000000033e-01,2.610963845000000005e-02
6.386555999999999900e-01,5.462598363999999762e-01,-1.181086036000000006e-01,2.564172639999999850e-02
6.390124700000000546e-01,5.466224791999999555e-01,-1.151710464000000045e-01,2.510366709000000016e-02
6.393693499999999474e-01,5.463637384999999735e-01,-1.122545685999999932e-01,2.456537779999999963e-02
6.397262200000000121e-01,5.459454008999999886e-01,-1.092635701999999931e-01,2.391172663999999864e-02
6.400830899999999657e-01,5.450875909000000297e-01,-1.065254152000000010e-01,2.327002355999999855e-02
6.404399699999999696e-01,5.443793823999999448e-01,-1.031536292999999938e-01,2.255037411000000019e-02
6.407968400000000342e-01,5.442438594999999824e-01,-9.970322716000000474e-02,2.183872175000000151e-02
6.411537099999999878e-01,5.441803143000000231e-01,-9.676294072999999663e-02,2.120817866000000024e-02
6.415105899999999917e-01,5.440745705999999737e-01,-9.433822194999999522e-02,2.080844655000000168e-02
6.418674599999999453e-01,5.437829965999999571e-01,-9.165553993000000177e-02,2.040275058000000016e-02
6.422243300000000099e-01,5.433304718999999450e-01,-8.879365873000000242e-02,1.997551339999999870e-02
6.425812100000000138e-01,5.427516530999999533e-01,-8.581193130000000502e-02,1.958122900999999944e-02
6.429380799999999674e-01,5.419300980000000267e-01,-8.250733624000000654e-02,1.909362208000000075e-02
6.432949500000000320e-01,5.407183577999999935e-01,-7.952796544000000079e-02,1.859956425999999968e-02
6.436518199999999856e-01,5.395110035000000304e-01,-7.671712847000000668e-02,1.809982502000000160e-02
6.440086999999999895e-01,5.381551009999999691e-01,-7.407285514000000459e-02,1.760786359999999898e-02
6.443655700000000541e-01,5.375705400000000411e-01,-7.155897224000000445e-02,1.711442959000000069e-02
6.447224400000000077e-01,5.376029783000000339e-01,-6.916995596000000135e-02,1.668947311999999933e-02
6.450793200000000116e-01,5.380095056999999459e-01,-6.708343320000000054e-02,1.635007223999999926e-02
6.454374099999999892e-01,5.383283129000000500e-01,-6.536323146000000417e-02,1.616286052999999986e-02
6.457954999999999668e-01,5.389399179999999623e-01,-6.375649180999999610e-02,1.605979540000000011e-02
6.461535900000000554e-01,5.391532562999999945e-01,-6.147771596999999921e-02,1.586975867000000109e-02
6.465116800000000330e-01,5.392255460999999528e-01,-5.958669012000000070e-02,1.581105311000000069e-02
6.468697700000000106e-01,5.386025411000000540e-01,-5.821401846000000269e-02,1.577884305999999875e-02
6.472278599999999882e-01,5.381177585999999957e-01,-5.662182815999999841e-02,1.563068987999999965e-02
6.475859499999999658e-01,5.370986420000000150e-01,-5.472979701999999835e-02,1.532356900000000043e-02
6.479440499999999936e-01,5.363970976999999918e-01,-5.387968584999999755e-02,1.520646296999999918e-02
6.483021399999999712e-01,5.361687440000000304e-01,-5.310649062000000198e-02,1.501367504999999956e-02
6.486602299999999488e-01,5.365938397999999721e-01,-5.247554483999999908e-02,1.490198939999999930e-02
6.490183200000000374e-01,5.372606030000000032e-01,-5.174920182000000007e-02,1.472190720999999938e-02
6.493764100000000150e-01,5.382690548999999880e-01,-5.109997540999999810e-02,1.467062625999999981e-02
6.497344999999999926e-01,5.394289902000000136e-01,-5.095342083999999938e-02,1.479150731999999933e-02
6.500925899999999702e-01,5.408292041000000161e-01,-5.102141554999999745e-02,1.498910462000000061e-02
6.504506799999999478e-01,5.419634571000000456e-01,-5.096081295000000344e-02,1.515907740000000010e-02
6.508087700000000364e-01,5.423962618000000013e-01,-5.136467989000000067e-02,1.533224992999999980e-02
6.511668699999999532e-01,5.422954840999999471e-01,-5.215234112000000088e-02,1.548820868999999968e-02
6.515249600000000418e-01,5.421922622000000525e-01,-5.326075470999999673e-02,1.571466796000000124e-02
6.518830500000000194e-01,5.422299549000000329e-01,-5.479918725999999990e-02,1.601788675999999897e-02
6.522411399999999970e-01,5.426300530000000011e-01,-5.727677426999999710e-02,1.647851230999999861e-02
6.525992299999999746e-01,5.430232871000000294e-01,-5.897817833999999954e-02,1.684963436000000078e-02
6.529573199999999522e-01,5.436213762999999588e-01,-6.082060730999999665e-02,1.730202137000000015e-02
6.533154100000000408e-01,5.438353267000000102e-01,-6.291749926999999631e-02,1.781038484999999949e-02
6.536735000000000184e-01,5.438405602000000449e-01,-6.473264295000000224e-02,1.827754694000000013e-02
6.540315899999999960e-01,5.441870919000000306e-01,-6.625021480999999934e-02,1.865536363000000128e-02
6.543896799999999736e-01,5.437467590000000239e-01,-6.877418283000000243e-02,1.926587532000000047e-02
6.547477800000000014e-01,5.426305564000000192e-01,-7.122486899999999621e-02,1.975680198999999956e-02
6.551058699999999790e-01,5.417863586000000176e-01,-7.412971504000000211e-02,2.030679385000000101e-02
6.554639599999999566e-01,5.409697752000000026e-01,-7.640402501000000124e-02,2.072390266000000147e-02
6.558220500000000452e-01,5.405753053999999835e-01,-7.901578543999999982e-02,2.124740455000000139e-02
6.561801400000000228e-01,5.401844007999999642e-01,-8.171571226000000354e-02,2.174241858999999971e-02
6.565382300000000004e-01,5.402657174999999645e-01,-8.451802014999999779e-02,2.233460955999999956e-02
6.568963199999999780e-01,5.403897498999999938e-01,-8.710526740000000545e-02,2.291569275000000100e-02
6.572544099999999556e-01,5.405332993999999447e-01,-8.962933481000000258e-02,2.351190427999999902e-02
6.576125000000000442e-01,5.407031385999999662e-01,-9.227802068000000302e-02,2.415210048000000082e-02
6.579705999999999610e-01,5.410307741000000004e-01,-9.449496623000000484e-02,2.468985661000000151e-02
6.583286900000000497e-01,5.407814416999999763e-01,-9.646051606000000112e-02,2.506332932999999832e-02
6.586867800000000273e-01,5.402767849999999816e-01,-9.920040403999999534e-02,2.548215134999999923e-02
6.590448700000000049e-01,5.397244237999999639e-01,-1.019594240000000068e-01,2.582900151999999866e-02
6.594029599999999824e-01,5.393924576999999942e-01,-1.045004127000000033e-01,2.611651041000000173e-02
6.597610499999999600e-01,5.395289519000000533e-01,-1.067226884999999958e-01,2.633245065999999940e-02
6.601191400000000487e-01,5.402490305999999576e-01,-1.095875852999999983e-01,2.668955553999999980e-02
6.604772300000000262e-01,5.412873110000000487e-01,-1.121409909000000010e-01,2.711188713999999889e-02
6.608353200000000038e-01,5.426003838999999829e-01,-1.146415664000000056e-01,2.762968734000000037e-02
6.611934200000000317e-01,5.436262550999999554e-01,-1.165244941999999950e-01,2.801182382000000012e-02
6.615515100000000093e-01,5.445004944000000346e-01,-1.176547529000000064e-01,2.825680427000000147e-02
6.619095999999999869e-01,5.449166597000000278e-01,-1.182572888999999933e-01,2.842048123999999995e-02
6.622676899999999645e-01,5.447916310999999512e-01,-1.195921082000000052e-01,2.867646542000000173e-02
6.626257800000000531e-01,5.444259972999999642e-01,-1.214720464999999999e-01,2.889723912999999852e-02
6.629838700000000307e-01,5.437913269999999910e-01,-1.232435786000000005e-01,2.906335645000000106e-02
6.633419600000000083e-01,5.432938345000000169e-01,-1.246483015000000028e-01,2.907041542999999964e-02
6.637000499999999859e-01,5.434987364000000154e-01,-1.259150810000000120e-01,2.906347079000000042e-02
6.640581399999999634e-01,5.437057977999999459e-01,-1.270294841999999869e-01,2.907776368000000028e-02
6.644162300000000521e-01,5.440356411000000225e-01,-1.280106012999999987e-01,2.910289563000000024e-02
6.647743299999999689e-01,5.440781275999999611e-01,-1.286063184000000026e-01,2.917148732999999897e-02
6.651324199999999465e-01,5.441823109000000214e-01,-1.293904818000000123e-01,2.926680388000000091e-02
6.654905100000000351e-01,5.442695567999999984e-01,-1.299713475000000007e-01,2.940380563000000169e-02
6.658486000000000127e-01,5.441332623000000313e-01,-1.309158310999999908e-01,2.965742403000000069e-02
6.662066899999999903e-01,5.437242651000000482e-01,-1.317655913999999928e-01,2.977963282999999961e-02
6.665647799999999679e-01,5.432029908000000074e-01,-1.328579404999999936e-01,2.985428407000000062e-02
6.669228699999999455e-01,5.427789708000000379e-01,-1.340424151999999869e-01,2.990334630000000132e-02
6.672809600000000341e-01,5.425517268999999754e-01,-1.353689140999999874e-01,3.000665229000000142e-02
6.676390500000000117e-01,5.427440295000000026e-01,-1.368501349000000034e-01,3.012452633999999907e-02
6.679971500000000395e-01,5.432464647000000424e-01,-1.383804976999999936e-01,3.028374952000000009e-02
6.683552400000000171e-01,5.441148725000000130e-01,-1.398930275999999973e-01,3.046982328999999975e-02
6.687133299999999947e-01,5.449922287999999782e-01,-1.412172678999999986e-01,3.060356288000000077e-02
6.690714199999999723e-01,5.457504556000000173e-01,-1.420746625000000041e-01,3.060896115999999986e-02
6.694295099999999499e-01,5.463312725000000203e-01,-1.428988699000000029e-01,3.068642323999999991e-02
6.697876000000000385e-01,5.461974969999999763e-01,-1.430520261999999876e-01,3.060843928000000005e-02
6.701456900000000161e-01,5.457468121999999866e-01,-1.436605743000000102e-01,3.054944961999999861e-02
6.705037799999999937e-01,5.450624696000000435e-01,-1.443818853000000124e-01,3.045083435000000074e-02
6.708618699999999713e-01,5.444777680000000286e-01,-1.450971454999999966e-01,3.040226338999999986e-02
6.712199699999999991e-01,5.442299514999999754e-01,-1.463833394999999871e-01,3.050421928999999879e-02
6.715780599999999767e-01,5.445008090999999828e-01,-1.475287614999999941e-01,3.058965728999999897e-02
6.719361499999999543e-01,5.449583728000000349e-01,-1.480290952999999965e-01,3.058818732999999887e-02
6.722942400000000429e-01,5.453761309000000335e-01,-1.482312497000000118e-01,3.060155688999999929e-02
6.726523300000000205e-01,5.458037619000000173e-01,-1.476724511999999989e-01,3.053111753999999956e-02
6.730104199999999981e-01,5.460973904999999462e-01,-1.474309729999999929e-01,3.055157556999999954e-02
6.733685099999999757e-01,5.461200483999999467e-01,-1.467015953999999955e-01,3.055959596000000153e-02
6.737265999999999533e-01,5.456269273999999614e-01,-1.455193556999999915e-01,3.046611009000000161e-02
6.740846900000000419e-01,5.445570529000000048e-01,-1.450146605000000033e-01,3.035000372999999835e-02
6.744427800000000195e-01,5.433490078999999584e-01,-1.442423431000000034e-01,3.009495333000000022e-02
6.748008800000000473e-01,5.419429440999999903e-01,-1.435116472000000087e-01,2.977615876000000092e-02
6.751589700000000249e-01,5.409632437000000404e-01,-1.423907531999999976e-01,2.937571237999999849e-02
6.755170600000000025e-01,5.401677650999999747e-01,-1.409480979999999939e-01,2.896393581000000078e-02
6.758751499999999801e-01,5.396525666000000498e-01,-1.392319813000000017e-01,2.853213011000000146e-02
6.762332399999999577e-01,5.391659088000000377e-01,-1.362958827000000095e-01,2.795893812999999950e-02
6.765913300000000463e-01,5.387269877999999457e-01,-1.339939119000000123e-01,2.755246520000000088e-02
6.769494200000000239e-01,5.383492378999999994e-01,-1.317820624000000107e-01,2.725192337000000020e-02
6.773075100000000015e-01,5.376890882000000538e-01,-1.292989659999999874e-01,2.696328275000000121e-02
6.776655999999999791e-01,5.365833982000000058e-01,-1.264375692999999967e-01,2.643644222999999918e-02
6.780237000000000069e-01,5.355192619999999959e-01,-1.237202733000000027e-01,2.590196687000000109e-02
6.783817899999999845e-01,5.343618215000000005e-01,-1.209906570999999958e-01,2.533048829000000141e-02
6.787398799999999621e-01,5.335770622000000074e-01,-1.185700318000000031e-01,2.483471300000000132e-02
6.790979700000000507e-01,5.332329210999999791e-01,-1.158501656999999935e-01,2.424780026000000061e-02
6.794560600000000283e-01,5.334575379999999534e-01,-1.124090311000000009e-01,2.359114980999999986e-02
6.798141500000000059e-01,5.339307739999999969e-01,-1.090107780999999970e-01,2.292722791000000038e-02
6.801722399999999835e-01,5.343647662999999604e-01,-1.053219385999999980e-01,2.224554876000000084e-02
6.805303299999999611e-01,5.346484674999999465e-01,-1.017142463000000052e-01,2.161632471999999985e-02
6.808884200000000497e-01,5.350918700000000250e-01,-9.826262892999999832e-02,2.104680676000000167e-02
6.812465199999999665e-01,5.347306187999999461e-01,-9.492689175000000590e-02,2.042381809000000034e-02
6.816046100000000552e-01,5.340600704000000309e-01,-9.189796454000000170e-02,1.983986902999999857e-02
6.819627000000000328e-01,5.332021072999999500e-01,-8.896751896000000548e-02,1.925048671000000045e-02
6.823207900000000103e-01,5.324337464999999714e-01,-8.615042415000000176e-02,1.863791927000000084e-02
6.826788799999999879e-01,5.317565252999999492e-01,-8.397440726999999550e-02,1.811924419000000147e-02
6.830369699999999655e-01,5.314503764000000352e-01,-8.114024186000000360e-02,1.754192548000000143e-02
6.833950600000000541e-01,5.314366351000000543e-01,-7.812555471000000307e-02,1.695970022999999938e-02
6.837531500000000317e-01,5.316039847000000318e-01,-7.494768626999999406e-02,1.648053710000000130e-02
6.841112400000000093e-01,5.316338683000000342e-01,-7.195348899999999548e-02,1.603291119999999959e-02
6.844693299999999869e-01,5.316810950999999452e-01,-6.840715689000000099e-02,1.546541597000000018e-02
6.848274300000000148e-01,5.319942782000000037e-01,-6.524962724999999741e-02,1.503924788999999942e-02
6.851855199999999924e-01,5.315087993999999538e-01,-6.188259202000000181e-02,1.444115737000000073e-02
6.855436099999999700e-01,5.307654599000000140e-01,-5.880212559999999783e-02,1.383760302000000032e-02
6.859016999999999475e-01,5.300076164999999451e-01,-5.602602965000000323e-02,1.324459302000000060e-02
6.862597900000000362e-01,5.293830938000000375e-01,-5.320626866000000010e-02,1.256798469000000064e-02
6.866178800000000138e-01,5.292277984000000046e-01,-5.018409280000000333e-02,1.184121047000000031e-02
6.869759699999999913e-01,5.294836689999999901e-01,-4.800559729000000025e-02,1.134690992999999939e-02
6.873340599999999689e-01,5.300264046999999534e-01,-4.587113640999999908e-02,1.091484378000000081e-02
6.876921499999999465e-01,5.306167532000000131e-01,-4.355427726000000305e-02,1.049636785999999954e-02
6.880502499999999744e-01,5.312053182999999512e-01,-4.085674605999999737e-02,1.007089467999999939e-02
6.884083399999999520e-01,5.316097499999999920e-01,-3.843720959000000020e-02,9.713304455000000212e-03
6.887664300000000406e-01,5.316963728000000389e-01,-3.617286494000000047e-02,9.369526717999999282e-03
6.891245200000000182e-01,5.314391688999999808e-01,-3.479156612999999981e-02,9.103910624000000756e-03
6.894826099999999958e-01,5.310681726999999519e-01,-3.389954260999999969e-02,8.891658069000000358e-03
6.898406999999999734e-01,5.307467635000000516e-01,-3.322518875000000232e-02,8.747739438000000020e-03
6.901987899999999510e-01,5.305150465000000315e-01,-3.263000892000000180e-02,8.638551593999999750e-03
6.905568800000000396e-01,5.307646177000000520e-01,-3.162474643000000307e-02,8.457535050999999762e-03
6.909149700000000172e-01,5.312588176000000439e-01,-3.037085415000000121e-02,8.243892036000000784e-03
6.912730599999999948e-01,5.320772508000000123e-01,-2.916828305000000038e-02,8.054165065000000456e-03
6.916311600000000226e-01,5.328038245999999756e-01,-2.846717769999999870e-02,8.004101462000000333e-03
6.919892500000000002e-01,5.333458341000000269e-01,-2.784764804999999982e-02,7.961363609000000549e-03
6.923473399999999778e-01,5.337566124999999495e-01,-2.698232289000000034e-02,7.887369982000000390e-03
6.927054299999999554e-01,5.338299864000000117e-01,-2.721211373999999836e-02,7.967001676000000365e-03
6.930635200000000440e-01,5.334671900999999883e-01,-2.741984789999999880e-02,8.013266207000000266e-03
6.934216100000000216e-01,5.328408070000000274e-01,-2.828300305999999903e-02,8.120840437999999814e-03
6.937796999999999992e-01,5.322872846999999741e-01,-2.943516193999999933e-02,8.252191545000000725e-03
6.941377899999999768e-01,5.320934902999999716e-01,-3.043332744000000131e-02,8.404472875999999606e-03
6.944958799999999544e-01,5.319246866000000296e-01,-3.205061859999999707e-02,8.731505509999999345e-03
6.948539799999999822e-01,5.320829621999999537e-01,-3.412982019000000006e-02,9.213524408999999513e-03
6.952120699999999598e-01,5.321917095000000542e-01,-3.572101008999999799e-02,9.629110491000000827e-03
6.955701600000000484e-01,5.325358623999999486e-01,-3.776598352999999825e-02,1.020395632999999969e-02
6.959282500000000260e-01,5.328174084000000255e-01,-3.952563040999999833e-02,1.074768956000000074e-02
6.962863400000000036e-01,5.326771955000000336e-01,-4.226417085999999851e-02,1.148804686999999915e-02
6.966444299999999812e-01,5.320945328999999724e-01,-4.520012149000000173e-02,1.219833927999999963e-02
6.970025199999999588e-01,5.311894529999999781e-01,-4.792074083000000262e-02,1.273766494000000069e-02
6.973606100000000474e-01,5.302546833000000293e-01,-5.121182386999999919e-02,1.333472789999999922e-02
6.977187000000000250e-01,5.294715555000000240e-01,-5.413222807000000331e-02,1.383289287000000027e-02
6.980768000000000528e-01,5.293464196999999594e-01,-5.680851580000000067e-02,1.435789586999999985e-02
6.984348900000000304e-01,5.295600995000000477e-01,-5.972192729999999811e-02,1.498550337999999919e-02
6.987929800000000080e-01,5.301544514999999569e-01,-6.269291400000000236e-02,1.559928252000000043e-02
6.991510699999999856e-01,5.307046662000000081e-01,-6.533992200999999556e-02,1.625334862000000005e-02
6.995091599999999632e-01,5.313998410000000394e-01,-6.817952519999999350e-02,1.697502597999999904e-02
6.998672500000000518e-01,5.321169700000000224e-01,-7.110262088999999563e-02,1.769346463999999994e-02
7.002253400000000294e-01,5.325989518999999506e-01,-7.420063120000000567e-02,1.841172220999999845e-02
7.005834300000000070e-01,5.324515880000000312e-01,-7.730324630000000308e-02,1.904591081000000033e-02
7.009415199999999846e-01,5.325031627999999850e-01,-8.051358734999999878e-02,1.965250839000000013e-02
7.012996099999999622e-01,5.325144450000000029e-01,-8.353922182999999613e-02,2.012012592999999974e-02
7.016577099999999900e-01,5.329644059999999461e-01,-8.651955728999999318e-02,2.057437517999999993e-02
7.020157999999999676e-01,5.334617580999999609e-01,-8.981558506999999525e-02,2.111043645999999968e-02
7.023738899999999452e-01,5.345045724000000442e-01,-9.274223303999999668e-02,2.159032463000000110e-02
7.027319800000000338e-01,5.354958831999999669e-01,-9.503914394000000099e-02,2.199672868000000087e-02
7.030900700000000114e-01,5.362797486000000502e-01,-9.746190301000000333e-02,2.254669418000000009e-02
7.034481599999999890e-01,5.372643084999999541e-01,-1.005093591999999952e-01,2.326424631000000021e-02
7.038062499999999666e-01,5.381582106000000199e-01,-1.035335886999999983e-01,2.407924745000000061e-02
7.041643400000000552e-01,5.382793648000000486e-01,-1.058089281000000048e-01,2.464943181000000053e-02
7.045224300000000328e-01,5.381060887999999931e-01,-1.081130265999999951e-01,2.515526439000000114e-02
7.048805299999999496e-01,5.378637026999999460e-01,-1.109440180000000054e-01,2.573182695000000159e-02
7.052386200000000382e-01,5.378444990999999842e-01,-1.138715173999999969e-01,2.627883011000000171e-02
7.055967100000000158e-01,5.379651012999999704e-01,-1.170923799000000015e-01,2.686647024999999980e-02
7.059547999999999934e-01,5.381379255999999556e-01,-1.187534172999999971e-01,2.712250346999999992e-02
7.063128899999999710e-01,5.386720720000000018e-01,-1.205814251000000004e-01,2.749419701999999965e-02
7.066709799999999486e-01,5.390854661999999742e-01,-1.218326086999999974e-01,2.779260513999999918e-02
7.070290700000000372e-01,5.393930427999999999e-01,-1.228780921000000026e-01,2.806852634000000027e-02
7.073871600000000148e-01,5.398589710000000208e-01,-1.240167479999999961e-01,2.834437283999999974e-02
7.077452499999999924e-01,5.398612761000000093e-01,-1.248216793999999963e-01,2.847392509999999849e-02
7.081033500000000203e-01,5.391537660999999870e-01,-1.257569675999999914e-01,2.854927166000000016e-02
7.084614399999999979e-01,5.380677480000000124e-01,-1.258923238000000111e-01,2.829126348999999943e-02
7.088195299999999754e-01,5.372500229000000127e-01,-1.267959251999999926e-01,2.829286861000000070e-02
7.091776199999999530e-01,5.368510156000000366e-01,-1.278719084000000117e-01,2.830766705999999966e-02
7.095357100000000417e-01,5.369805023999999483e-01,-1.298016200000000064e-01,2.860740339999999840e-02
7.098938000000000192e-01,5.372958478999999565e-01,-1.319427179999999866e-01,2.897765072999999858e-02
7.102518899999999968e-01,5.380531159000000452e-01,-1.335702588999999885e-01,2.931981273999999943e-02
7.106099799999999744e-01,5.391230088999999781e-01,-1.349189681000000085e-01,2.961781567999999948e-02
7.109680699999999520e-01,5.401801459999999722e-01,-1.362320268999999973e-01,2.995671052999999973e-02
7.113261600000000406e-01,5.413335023999999995e-01,-1.374619179999999885e-01,3.027193862000000096e-02
7.116842599999999575e-01,5.421920462999999524e-01,-1.382941760999999992e-01,3.045728128999999895e-02
7.120423500000000461e-01,5.427159113999999729e-01,-1.392802519000000128e-01,3.054656370000000121e-02
7.124004400000000237e-01,5.427507247999999729e-01,-1.403588510999999872e-01,3.054479834999999921e-02
7.127585300000000013e-01,5.428734924000000461e-01,-1.413873388000000120e-01,3.053897448999999889e-02
7.131166199999999789e-01,5.431648717000000515e-01,-1.423475981000000001e-01,3.050906344000000117e-02
7.134747099999999564e-01,5.435832869000000178e-01,-1.429825748999999924e-01,3.041407202999999934e-02
7.138328000000000451e-01,5.443920223999999530e-01,-1.441399661999999970e-01,3.048540930999999940e-02
7.141908900000000227e-01,5.453692770000000412e-01,-1.454349882000000038e-01,3.064302429000000105e-02
7.145489800000000002e-01,5.462279031000000229e-01,-1.461284392999999959e-01,3.078168188000000166e-02
7.149070800000000281e-01,5.468846137999999746e-01,-1.465197326000000078e-01,3.089796627000000045e-02
7.152651700000000057e-01,5.471616110000000477e-01,-1.466698545000000020e-01,3.101748604000000020e-02
7.156232599999999833e-01,5.468074763000000393e-01,-1.466551187000000034e-01,3.102254081999999968e-02
7.159813499999999609e-01,5.460963919000000333e-01,-1.468625387999999976e-01,3.100520248000000062e-02
7.163394400000000495e-01,5.449010798000000211e-01,-1.466811759999999965e-01,3.079067011000000131e-02
7.166975300000000271e-01,5.435452507000000377e-01,-1.463122796999999919e-01,3.065282197000000070e-02
7.170556200000000047e-01,5.424890715000000307e-01,-1.452986031000000067e-01,3.036198367999999939e-02
7.174137099999999823e-01,5.417229851999999513e-01,-1.442401862999999895e-01,3.010578094000000010e-02
7.177717999999999599e-01,5.415085667000000269e-01,-1.431590691000000082e-01,2.990974332999999860e-02
7.181298900000000485e-01,5.412181318000000019e-01,-1.420558073000000032e-01,2.973503912000000082e-02
7.184879899999999653e-01,5.407257099000000178e-01,-1.408317329999999867e-01,2.952837276999999844e-02
7.188460800000000539e-01,5.401857670999999916e-01,-1.391388570000000047e-01,2.927217120999999964e-02
7.192041700000000315e-01,5.393915263999999876e-01,-1.373566127999999997e-01,2.896128548999999872e-02
7.195622600000000091e-01,5.382937298000000093e-01,-1.361350057000000058e-01,2.870824812000000170e-02
7.199203499999999867e-01,5.370457280000000555e-01,-1.354982030000000115e-01,2.852063361999999935e-02
7.202784399999999643e-01,5.361001742000000014e-01,-1.346788221000000119e-01,2.826152113999999896e-02
7.206365300000000529e-01,5.350707042000000246e-01,-1.334028500999999978e-01,2.788249350000000099e-02
7.209946200000000305e-01,5.345227952000000116e-01,-1.325709408999999894e-01,2.767663081999999913e-02
7.213527100000000081e-01,5.341294151000000046e-01,-1.313838410000000012e-01,2.747183643000000036e-02
7.217108100000000359e-01,5.338890227000000488e-01,-1.299278326999999955e-01,2.727096777999999874e-02
7.220689000000000135e-01,5.337730845999999474e-01,-1.288143717999999938e-01,2.722646568999999989e-02
7.224269899999999911e-01,5.335699663999999842e-01,-1.268169386999999926e-01,2.700845878000000116e-02
7.227850799999999687e-01,5.334201565999999728e-01,-1.246058867999999958e-01,2.684925280000000081e-02
7.231431699999999463e-01,5.329095525000000499e-01,-1.220544083000000002e-01,2.658403877999999942e-02
7.235012600000000349e-01,5.320580088999999901e-01,-1.193403103000000021e-01,2.617231864000000088e-02
7.238593500000000125e-01,5.311076020999999647e-01,-1.170917798999999981e-01,2.582009001000000123e-02
7.242174399999999901e-01,5.300969905000000315e-01,-1.144845451999999958e-01,2.531350963999999884e-02
7.245755299999999677e-01,5.294746599999999859e-01,-1.113480882999999949e-01,2.470479915999999887e-02
7.249336299999999955e-01,5.294693204999999514e-01,-1.082375000999999948e-01,2.410148146000000088e-02
7.252917199999999731e-01,5.298604908999999807e-01,-1.048936124999999969e-01,2.351002940000000013e-02
7.256498099999999507e-01,5.303885574000000158e-01,-1.024981120999999967e-01,2.308994795999999919e-02
7.260079000000000393e-01,5.308134636000000350e-01,-9.959493175000000420e-02,2.261855678000000008e-02
7.263659900000000169e-01,5.314204304999999851e-01,-9.644897213000000469e-02,2.216529172000000075e-02
7.267240799999999945e-01,5.318613261000000314e-01,-9.402334100999999722e-02,2.189510139000000119e-02
7.270821699999999721e-01,5.317067066999999758e-01,-9.191141195999999458e-02,2.163429249999999915e-02
7.274402599999999497e-01,5.314397683999999566e-01,-9.012815210999999826e-02,2.130745654999999933e-02
7.277983500000000383e-01,5.313218414999999473e-01,-8.866534263000000471e-02,2.098261138999999928e-02
7.281564400000000159e-01,5.310722862000000211e-01,-8.679839127999999793e-02,2.052709902999999905e-02
7.285145400000000437e-01,5.310106167000000488e-01,-8.457574056000000118e-02,1.998266287000000085e-02
7.288726300000000213e-01,5.314513799000000205e-01,-8.178096430999999555e-02,1.939939861000000015e-02
7.292307199999999989e-01,5.318355028000000262e-01,-7.916828878999999930e-02,1.889936940999999843e-02
7.295888099999999765e-01,5.322265414000000305e-01,-7.691563407000000241e-02,1.848508630999999916e-02
7.299468999999999541e-01,5.322432246999999617e-01,-7.442924488999999588e-02,1.802953532999999886e-02
7.303049900000000427e-01,5.325941655999999469e-01,-7.184306921999999984e-02,1.757151879000000069e-02
7.306630800000000203e-01,5.328308256999999548e-01,-6.972755797999999339e-02,1.726299195000000064e-02
7.310211699999999979e-01,5.327679881000000339e-01,-6.762881631999999310e-02,1.690968544999999976e-02
7.313792599999999755e-01,5.323174944999999880e-01,-6.604664443999999635e-02,1.660466069999999919e-02
7.317373600000000033e-01,5.321282781999999711e-01,-6.448834252000000544e-02,1.628646480000000077e-02
7.320954499999999809e-01,5.319792261000000355e-01,-6.349842214999999734e-02,1.602050484000000150e-02
7.324535399999999585e-01,5.320440494999999492e-01,-6.257360382000000387e-02,1.574785537000000096e-02
7.328116300000000471e-01,5.323443180000000385e-01,-6.191654333999999787e-02,1.556241704000000010e-02
7.331697200000000247e-01,5.328436568000000095e-01,-6.093244702000000235e-02,1.534332501000000050e-02
7.335278100000000023e-01,5.333557587999999683e-01,-6.008669939999999876e-02,1.522152943999999924e-02
7.338858999999999799e-01,5.335892819999999981e-01,-5.930626331000000279e-02,1.513095197999999968e-02
7.342439899999999575e-01,5.340159897999999794e-01,-5.812295776000000330e-02,1.499078725999999917e-02
7.346020800000000461e-01,5.336134537000000178e-01,-5.805646913999999714e-02,1.510867817000000057e-02
7.349601799999999630e-01,5.326911232000000052e-01,-5.824958390999999958e-02,1.509466146000000043e-02
7.353182700000000516e-01,5.317321193999999807e-01,-5.848808074999999745e-02,1.509310829999999971e-02
7.356763600000000292e-01,5.309277986999999532e-01,-5.922716437000000167e-02,1.510546739000000020e-02
7.360344500000000068e-01,5.304037832000000341e-01,-6.049244671000000156e-02,1.528308633999999992e-02
7.363925399999999843e-01,5.300628471999999647e-01,-6.198679688000000021e-02,1.547845171999999957e-02
7.367506299999999619e-01,5.300420044000000441e-01,-6.366087479000000215e-02,1.572427834000000163e-02
7.371087200000000506e-01,5.299217936000000240e-01,-6.534608480999999636e-02,1.603375423999999980e-02
7.374668100000000281e-01,5.296603854000000444e-01,-6.699932952999999858e-02,1.644921216000000061e-02
7.378249000000000057e-01,5.289714745000000384e-01,-6.846354229999999930e-02,1.682119417000000131e-02
7.381829899999999833e-01,5.288802138000000541e-01,-6.957771598999999696e-02,1.718041185000000054e-02
7.385410900000000112e-01,5.282316214000000176e-01,-7.133894913999999643e-02,1.757497721999999943e-02
7.388991799999999888e-01,5.275930754000000000e-01,-7.367685683999999902e-02,1.803862515000000111e-02
7.392572699999999664e-01,5.265376228999999464e-01,-7.576986026000000207e-02,1.833968798999999900e-02
7.396153600000000550e-01,5.258466351999999677e-01,-7.775843324999999473e-02,1.864712363000000164e-02
7.399734500000000326e-01,5.253112517000000370e-01,-7.973976933000000156e-02,1.889707796000000134e-02
7.403315400000000102e-01,5.252110007000000413e-01,-8.170569240000000177e-02,1.915700127999999877e-02
7.406896299999999878e-01,5.252613914000000550e-01,-8.334726001999999412e-02,1.938711443000000131e-02
7.410477199999999653e-01,5.254974719999999655e-01,-8.518387927999999942e-02,1.975809305000000154e-02
7.414058100000000540e-01,5.259063291000000140e-01,-8.736023100999999735e-02,2.023847696999999876e-02
7.417639099999999708e-01,5.267061408000000000e-01,-8.972296235000000453e-02,2.079034101999999856e-02
7.421219999999999484e-01,5.271250331000000289e-01,-9.205528919000000032e-02,2.130581433999999968e-02
7.424800900000000370e-01,5.270405384999999887e-01,-9.447446938999999599e-02,2.181067742000000059e-02
7.428381800000000146e-01,5.268526232000000364e-01,-9.658660799000000352e-02,2.219204333000000112e-02
7.431962699999999922e-01,5.267024444000000249e-01,-9.843287225999999834e-02,2.247481377999999835e-02
7.435543599999999698e-01,5.267230028999999591e-01,-1.001575992999999970e-01,2.276689814999999922e-02
7.439124499999999474e-01,5.270659358999999489e-01,-1.016293288999999961e-01,2.300752538000000111e-02
7.442705400000000360e-01,5.276785420999999809e-01,-1.033056839999999948e-01,2.332030854000000097e-02
7.446286300000000136e-01,5.285288982000000413e-01,-1.046911803000000057e-01,2.360193119999999881e-02
7.449867300000000414e-01,5.293513299000000005e-01,-1.058900100000000066e-01,2.388275664999999978e-02
7.453448200000000190e-01,5.301555025999999948e-01,-1.070853192999999953e-01,2.421265216000000053e-02
7.457029099999999966e-01,5.307842467000000175e-01,-1.087986338999999969e-01,2.463031499999999985e-02
7.460609999999999742e-01,5.310882509000000029e-01,-1.107033797000000069e-01,2.511195076999999873e-02
7.464190899999999518e-01,5.309108433000000460e-01,-1.128376160000000017e-01,2.557724716000000023e-02
7.467771800000000404e-01,5.306771084000000416e-01,-1.148354786999999932e-01,2.597453028999999886e-02
7.471352700000000180e-01,5.303149448999999738e-01,-1.164882103000000058e-01,2.624567421000000011e-02
7.474933599999999956e-01,5.304541651999999941e-01,-1.184251315000000027e-01,2.654522423000000089e-02
7.478514499999999732e-01,5.308607551999999785e-01,-1.203540124000000017e-01,2.678066960999999843e-02
7.482095399999999508e-01,5.315820329999999538e-01,-1.222560396000000049e-01,2.708242400000000077e-02
7.485676399999999786e-01,5.321736741999999465e-01,-1.238848517000000066e-01,2.738964551999999858e-02
7.489257299999999562e-01,5.324944950000000121e-01,-1.254605800999999965e-01,2.770889434000000165e-02
7.492838200000000448e-01,5.329837642000000431e-01,-1.270862965000000011e-01,2.804742450999999845e-02
7.496419100000000224e-01,5.332752411000000192e-01,-1.284989323000000072e-01,2.839314994999999828e-02
7.500000000000000000e-01,5.328569140000000148e-01,-1.298158161999999893e-01,2.867798117999999924e-02
7.503571399999999780e-01,5.320599977000000091e-01,-1.314474432000000137e-01,2.897340242999999968e-02
7.507142900000000063e-01,5.307101707000000390e-01,-1.327789950000000108e-01,2.918782975000000154e-02
7.510714299999999843e-01,5.297750313000000322e-01,-1.338391284000000070e-01,2.938366707000000105e-02
7.514285699999999624e-01,5.293336351999999856e-01,-1.341888967000000044e-01,2.942997368999999974e-02
7.517857100000000514e-01,5.291768476000000554e-01,-1.349291122000000065e-01,2.953301835999999972e-02
7.521428599999999687e-01,5.291205331999999650e-01,-1.349885603000000045e-01,2.956632756999999848e-02
7.524999999999999467e-01,5.293945788999999680e-01,-1.347932169000000124e-01,2.963664843999999979e-02
7.528571400000000358e-01,5.293547619999999787e-01,-1.343237898000000097e-01,2.964689654999999938e-02
7.532142899999999530e-01,5.298661210999999760e-01,-1.335902787999999897e-01,2.963567007999999905e-02
7.535714300000000421e-01,5.300007185999999759e-01,-1.330075386000000026e-01,2.959117231000000028e-02
7.539285700000000201e-01,5.298323826999999930e-01,-1.320630607000000123e-01,2.945507291999999860e-02
7.542857099999999981e-01,5.291623981999999948e-01,-1.313035858999999916e-01,2.925751371999999947e-02
7.546428600000000264e-01,5.286005888000000486e-01,-1.306721681000000135e-01,2.900802788999999951e-02
7.550000000000000044e-01,5.285469288999999904e-01,-1.289295820999999953e-01,2.846235722999999884e-02
7.553571399999999825e-01,5.292043090000000394e-01,-1.278932440999999975e-01,2.800720733999999962e-02
7.557142900000000107e-01,5.301759451999999984e-01,-1.264042096999999920e-01,2.762235215999999868e-02
7.560714299999999888e-01,5.314944080000000293e-01,-1.249088428999999972e-01,2.729503331999999852e-02
7.564285699999999668e-01,5.325319776000000394e-01,-1.233793710999999960e-01,2.699534483000000026e-02
7.567857099999999448e-01,5.338098526000000232e-01,-1.217958673999999936e-01,2.677287845999999985e-02
7.571428599999999731e-01,5.351930925000000228e-01,-1.197030226000000003e-01,2.649433971999999929e-02
7.574999999999999512e-01,5.360443825999999801e-01,-1.178482289999999988e-01,2.623408609000000072e-02
7.578571400000000402e-01,5.364577199000000185e-01,-1.158946700999999996e-01,2.589001771999999840e-02
7.582142899999999575e-01,5.364812732999999501e-01,-1.136510866000000064e-01,2.544374153999999846e-02
7.585710799999999532e-01,5.366328828999999967e-01,-1.112769958999999947e-01,2.491061190000000078e-02
7.589278799999999991e-01,5.369626712999999718e-01,-1.088434719999999967e-01,2.437503963999999856e-02
7.592846699999999949e-01,5.371942161999999632e-01,-1.061030820000000013e-01,2.378348845000000100e-02
7.596414700000000408e-01,5.374307724000000341e-01,-1.034984939999999964e-01,2.327162606999999897e-02
7.599982600000000366e-01,5.373730155999999480e-01,-1.008731694999999984e-01,2.286075124000000111e-02
7.603550599999999715e-01,5.374503757999999909e-01,-9.864406839000000593e-02,2.257199879999999964e-02
7.607118499999999672e-01,5.377813699000000280e-01,-9.647990839999999457e-02,2.223770232000000027e-02
7.610686500000000132e-01,5.379799064000000408e-01,-9.423947918000000201e-02,2.195855225999999993e-02
7.614254400000000089e-01,5.373743739999999880e-01,-9.172142875000000029e-02,2.155377580999999834e-02
7.617822400000000549e-01,5.368057934000000087e-01,-8.926380679999999790e-02,2.112511624999999921e-02
7.621390399999999898e-01,5.357578602000000467e-01,-8.690625295999999944e-02,2.066013270000000013e-02
7.624958299999999856e-01,5.348278007000000223e-01,-8.462040593000000333e-02,2.022436065999999935e-02
7.628526300000000315e-01,5.342163898999999772e-01,-8.209244247999999966e-02,1.972557788999999839e-02
7.632094200000000273e-01,5.342722359999999560e-01,-7.989402259000000228e-02,1.930256303000000076e-02
7.635662199999999622e-01,5.343785076999999495e-01,-7.763283914999999369e-02,1.884635699000000025e-02
7.639230099999999579e-01,5.347633820999999621e-01,-7.533054238000000402e-02,1.840827878999999959e-02
7.642798100000000039e-01,5.350013396999999671e-01,-7.270538427000000636e-02,1.792384236000000089e-02
7.646365999999999996e-01,5.354577380999999692e-01,-7.032898028999999551e-02,1.749197431999999913e-02
7.649934000000000456e-01,5.357452846000000379e-01,-6.827671086000000611e-02,1.713129587000000037e-02
7.653501900000000413e-01,5.357937425000000031e-01,-6.667646926999999668e-02,1.683048352000000164e-02
7.657069899999999762e-01,5.358412642000000004e-01,-6.494385772999999862e-02,1.643813762999999858e-02
7.660637900000000222e-01,5.359820345000000374e-01,-6.358098218999999607e-02,1.609123247999999853e-02
7.664205800000000179e-01,5.360628349999999598e-01,-6.212377225000000058e-02,1.566615941999999900e-02
7.667773799999999529e-01,5.366711115000000198e-01,-6.066477397000000216e-02,1.526562440000000034e-02
7.671341699999999486e-01,5.375161332000000236e-01,-5.990639981999999752e-02,1.506864001999999939e-02
7.674909699999999946e-01,5.384337673000000324e-01,-5.889957350999999730e-02,1.483908995000000029e-02
7.678477599999999903e-01,5.392986923000000488e-01,-5.783428862000000031e-02,1.466301197000000056e-02
7.682045600000000363e-01,5.398732761000000213e-01,-5.723939630000000195e-02,1.464283744000000054e-02
7.685613500000000320e-01,5.405080301000000365e-01,-5.696466481999999665e-02,1.473099798999999953e-02
7.689181499999999669e-01,5.403777334999999571e-01,-5.642614247999999666e-02,1.477019582999999914e-02
7.692749399999999627e-01,5.396698513000000030e-01,-5.631956293999999807e-02,1.477730508999999977e-02
7.696317400000000086e-01,5.388037542000000402e-01,-5.656025871999999927e-02,1.475787238999999931e-02
7.699885400000000546e-01,5.377614549000000466e-01,-5.735013733000000197e-02,1.478617188000000068e-02
7.703453300000000503e-01,5.370767900999999789e-01,-5.815725774999999653e-02,1.480469061999999981e-02
7.707021299999999853e-01,5.364995425999999901e-01,-5.930445715999999728e-02,1.494225031999999939e-02
7.710589199999999810e-01,5.363700102999999775e-01,-6.051487852000000250e-02,1.519537055000000011e-02
7.714157200000000270e-01,5.362268610000000546e-01,-6.191932519999999995e-02,1.555805361000000067e-02
7.717725100000000227e-01,5.359674520999999636e-01,-6.290802854999999472e-02,1.590103529000000057e-02
7.721293099999999576e-01,5.356661357999999984e-01,-6.412590193999999355e-02,1.632887288999999853e-02
7.724860999999999533e-01,5.355174675999999634e-01,-6.551256867999999400e-02,1.683319277999999891e-02
7.728428999999999993e-01,5.347235045999999548e-01,-6.721682299999999499e-02,1.727852724000000090e-02
7.731996899999999950e-01,5.339255672999999591e-01,-6.889652900999999885e-02,1.765409173999999901e-02
7.735564900000000410e-01,5.328108865999999777e-01,-7.033134144000000032e-02,1.793328050999999992e-02
7.739132899999999760e-01,5.324380566999999953e-01,-7.182197225000000462e-02,1.819153532000000045e-02
7.742700799999999717e-01,5.321546429000000300e-01,-7.297122274999999492e-02,1.834266442000000163e-02
7.746268800000000176e-01,5.322897998000000186e-01,-7.484294867999999323e-02,1.860358307999999961e-02
7.749836700000000134e-01,5.325142837999999879e-01,-7.650575114999999538e-02,1.884657270999999870e-02
7.753404699999999483e-01,5.330167149000000215e-01,-7.779845230000000111e-02,1.910096517000000119e-02
7.756972600000000551e-01,5.335142071999999791e-01,-7.891093750000000018e-02,1.928892731999999957e-02
7.760540599999999900e-01,5.342302778999999946e-01,-8.070539790000000324e-02,1.964392351999999856e-02
7.764108499999999857e-01,5.346571812000000534e-01,-8.277551172000000013e-02,2.011002599999999960e-02
7.767676500000000317e-01,5.348171589000000337e-01,-8.531008132999999549e-02,2.058244273000000082e-02
7.771244400000000274e-01,5.347513460999999690e-01,-8.759024217999999973e-02,2.095047937000000041e-02
7.774812399999999624e-01,5.349576290999999983e-01,-9.049314665999999563e-02,2.135971659000000106e-02
7.778380400000000083e-01,5.350592081999999694e-01,-9.270354033000000049e-02,2.169876482000000079e-02
7.781948300000000041e-01,5.355411447000000269e-01,-9.479284342999999557e-02,2.203357109999999966e-02
7.785516300000000500e-01,5.360287477999999828e-01,-9.684032605999999543e-02,2.243322814000000068e-02
7.789084200000000457e-01,5.366798678999999961e-01,-9.806431458000000601e-02,2.276077111000000125e-02
7.792652199999999807e-01,5.373984424000000093e-01,-9.987679485000000579e-02,2.315103328000000030e-02
7.796220099999999764e-01,5.380589194999999547e-01,-1.015277720999999966e-01,2.349302370000000070e-02
7.799788100000000224e-01,5.387082157000000482e-01,-1.028154483999999952e-01,2.377299019999999999e-02
7.803356000000000181e-01,5.389552018000000055e-01,-1.040477098999999933e-01,2.398885668000000013e-02
7.806923999999999531e-01,5.385186347000000540e-01,-1.053517028000000022e-01,2.412644440999999959e-02
7.810491899999999488e-01,5.379958992000000162e-01,-1.073803076000000023e-01,2.434200581000000099e-02
7.814059899999999947e-01,5.373535494000000190e-01,-1.095265093000000051e-01,2.456078994999999834e-02
7.817627799999999905e-01,5.371821515000000380e-01,-1.118933156000000012e-01,2.486049029999999951e-02
7.821195800000000364e-01,5.372753889000000393e-01,-1.142776097999999990e-01,2.512682203999999989e-02
7.824763799999999714e-01,5.380116917999999693e-01,-1.165057201999999958e-01,2.540012264000000158e-02
7.828331699999999671e-01,5.388674931000000390e-01,-1.182455486000000000e-01,2.565072310999999897e-02
7.831899700000000131e-01,5.397900745999999472e-01,-1.201117369999999962e-01,2.599872441000000006e-02
7.835467600000000088e-01,5.404018690999999874e-01,-1.219195554999999986e-01,2.635321361999999959e-02
7.839035600000000548e-01,5.413373646000000372e-01,-1.235794476000000031e-01,2.675858272000000010e-02
7.842603500000000505e-01,5.413817449000000170e-01,-1.249100558000000027e-01,2.703005588000000070e-02
7.846171499999999854e-01,5.415285128000000281e-01,-1.260875498000000039e-01,2.721390849000000084e-02
7.849739399999999812e-01,5.409874312000000351e-01,-1.277484315999999898e-01,2.739995074000000155e-02
7.853307400000000271e-01,5.407489975999999476e-01,-1.290447932999999880e-01,2.748442054999999939e-02
7.856875300000000228e-01,5.407494025000000315e-01,-1.302664178000000061e-01,2.751265378000000011e-02
7.860443299999999578e-01,5.411587222000000530e-01,-1.315720787000000114e-01,2.762194953999999938e-02
7.864011300000000038e-01,5.415630039000000062e-01,-1.322060055000000012e-01,2.767547008000000031e-02
7.867579199999999995e-01,5.420888137999999579e-01,-1.330950959999999961e-01,2.784129759000000121e-02
7.871147200000000455e-01,5.426408842000000066e-01,-1.340202791000000004e-01,2.807495385000000065e-02
7.874715100000000412e-01,5.433033538000000551e-01,-1.344716261999999996e-01,2.830161264999999857e-02
7.878283099999999761e-01,5.436277735000000222e-01,-1.355854196999999872e-01,2.860288491000000100e-02
7.881850999999999718e-01,5.435382980999999836e-01,-1.365450541000000073e-01,2.879209183000000158e-02
7.885419000000000178e-01,5.432244159000000350e-01,-1.372921652000000103e-01,2.887168634999999831e-02
7.888986900000000135e-01,5.429261975000000406e-01,-1.379387763999999905e-01,2.894808088000000099e-02
7.892554899999999485e-01,5.426870344999999984e-01,-1.387342510000000029e-01,2.907407803999999957e-02
7.896122800000000552e-01,5.428772794999999762e-01,-1.395159917000000083e-01,2.919712048999999893e-02
7.899690799999999902e-01,5.432082295000000283e-01,-1.398852198999999963e-01,2.927130588000000089e-02
7.903255000000000141e-01,5.438691990999999781e-01,-1.396925482999999968e-01,2.925139842000000143e-02
7.906819099999999878e-01,5.443942613000000152e-01,-1.392574719999999933e-01,2.915156489999999948e-02
7.910383300000000117e-01,5.446427577000000353e-01,-1.389135170999999946e-01,2.912210662000000103e-02
7.913947399999999854e-01,5.445752240000000244e-01,-1.386198961000000007e-01,2.909998688999999861e-02
7.917511600000000094e-01,5.440223347999999515e-01,-1.380520034000000118e-01,2.906610965000000144e-02
7.921075800000000333e-01,5.427535031000000343e-01,-1.380676530999999929e-01,2.908895946999999829e-02
7.924639900000000070e-01,5.415479466999999492e-01,-1.379528527999999976e-01,2.905270994000000093e-02
7.928204100000000309e-01,5.403811602000000436e-01,-1.372894890999999951e-01,2.888520609000000058e-02
7.931768200000000046e-01,5.393774197999999798e-01,-1.361112560999999943e-01,2.862432521999999993e-02
7.935332400000000286e-01,5.384614838000000292e-01,-1.348212903000000074e-01,2.836281237000000052e-02
7.938900399999999635e-01,5.382649150999999632e-01,-1.336386200000000135e-01,2.814489467000000009e-02
7.942468400000000095e-01,5.379754328000000418e-01,-1.320165775999999902e-01,2.790062536000000037e-02
7.946036400000000555e-01,5.379953442999999558e-01,-1.302680471000000062e-01,2.768719928000000149e-02
7.949604399999999904e-01,5.377126515000000273e-01,-1.282235247000000078e-01,2.740855749999999980e-02
7.953172400000000364e-01,5.379579278999999659e-01,-1.261122162999999963e-01,2.720221546000000171e-02
7.956740399999999713e-01,5.373950061000000167e-01,-1.241471034000000001e-01,2.690486832000000064e-02
7.960308400000000173e-01,5.366836498999999483e-01,-1.217599974999999946e-01,2.643900730999999837e-02
7.963876300000000130e-01,5.358857015000000334e-01,-1.194098450999999950e-01,2.590754103000000169e-02
7.967444299999999480e-01,5.354687253000000036e-01,-1.174462923000000047e-01,2.537182283999999885e-02
7.971012299999999939e-01,5.351310897000000066e-01,-1.154573011000000066e-01,2.483322333000000104e-02
7.974580300000000399e-01,5.353029185000000023e-01,-1.131855328000000022e-01,2.430021095000000145e-02
7.978148299999999749e-01,5.356502867000000334e-01,-1.106439262000000062e-01,2.382470012000000026e-02
7.981716300000000208e-01,5.362531534000000155e-01,-1.077945797999999983e-01,2.332363846000000060e-02
7.985284299999999558e-01,5.366404065000000001e-01,-1.047783245000000057e-01,2.287120140999999995e-02
7.988852300000000017e-01,5.371684316000000514e-01,-1.015762838000000001e-01,2.242820204000000109e-02
7.992420300000000477e-01,5.374382887999999969e-01,-9.834363699999999764e-02,2.196906908000000047e-02
7.995988299999999827e-01,5.374426235000000496e-01,-9.524529652999999541e-02,2.148548343000000055e-02
7.999556300000000286e-01,5.368661920999999726e-01,-9.205964648999999389e-02,2.089402300999999851e-02
8.003124299999999636e-01,5.364831496999999949e-01,-8.869410641000000095e-02,2.025688777999999982e-02
8.006692300000000095e-01,5.359371279000000321e-01,-8.644385340000000639e-02,1.980576996000000048e-02
8.010260300000000555e-01,5.358444887000000101e-01,-8.359762090000000256e-02,1.917963539999999883e-02
8.013828299999999905e-01,5.356701366999999658e-01,-8.079632636000000367e-02,1.860900379999999923e-02
8.017396300000000364e-01,5.358879397000000377e-01,-7.751807340999999907e-02,1.797041784999999989e-02
8.020964299999999714e-01,5.361038402000000147e-01,-7.424359011999999425e-02,1.737585210999999935e-02
8.024532300000000173e-01,5.364846583000000280e-01,-7.089094136000000101e-02,1.683594428000000087e-02
8.028100299999999523e-01,5.369976550999999709e-01,-6.738053967000000311e-02,1.626430073000000032e-02
8.031668299999999983e-01,5.372190409000000555e-01,-6.443737162000000296e-02,1.584922451999999995e-02
8.035236300000000442e-01,5.368719476000000101e-01,-6.191832811999999769e-02,1.539213432999999957e-02
8.038804299999999792e-01,5.363380684999999870e-01,-6.011704779000000276e-02,1.499277968999999933e-02
8.042372199999999749e-01,5.358591869000000063e-01,-5.841480630999999757e-02,1.455308517999999961e-02
8.045940200000000209e-01,5.359248234000000277e-01,-5.688979729000000207e-02,1.420522995000000031e-02
8.049508199999999558e-01,5.362426569999999559e-01,-5.506625292999999671e-02,1.378998352999999920e-02
8.053076200000000018e-01,5.368224912000000293e-01,-5.373667874000000177e-02,1.362555275000000045e-02
8.056644200000000478e-01,5.374336924999999487e-01,-5.193871633000000237e-02,1.340527132999999940e-02
8.060212199999999827e-01,5.383110070000000080e-01,-5.042153346000000091e-02,1.329851150999999954e-02
8.063780200000000287e-01,5.390670577999999713e-01,-4.868823817000000193e-02,1.310227041000000016e-02
8.067348199999999636e-01,5.398553732999999966e-01,-4.712531684000000054e-02,1.299309805000000047e-02
8.070920200000000211e-01,5.398387999999999520e-01,-4.530942328999999769e-02,1.275192990999999935e-02
8.074492199999999675e-01,5.395300857000000505e-01,-4.340516799000000009e-02,1.243180647000000083e-02
8.078064200000000250e-01,5.389348859000000491e-01,-4.197911169000000109e-02,1.213853049999999954e-02
8.081636199999999715e-01,5.385951599999999617e-01,-4.094565671000000018e-02,1.187863127999999949e-02
8.085208200000000289e-01,5.386576239999999460e-01,-4.025019573000000045e-02,1.173331168000000049e-02
8.088780199999999754e-01,5.389211179999999768e-01,-3.951215108000000198e-02,1.167672867000000073e-02
8.092352200000000328e-01,5.390832972000000334e-01,-3.885891183000000221e-02,1.170002808999999998e-02
8.095924199999999793e-01,5.393916909000000537e-01,-3.833036781000000170e-02,1.178666035999999945e-02
8.099496200000000368e-01,5.396247963000000425e-01,-3.826453545999999872e-02,1.197226562999999938e-02
8.103068199999999832e-01,5.397989493000000527e-01,-3.826574437000000023e-02,1.218672043000000073e-02
8.106640200000000407e-01,5.396732343000000265e-01,-3.874744120000000319e-02,1.248220490000000009e-02
8.110212199999999871e-01,5.389645742999999989e-01,-3.947511014999999929e-02,1.269709169000000047e-02
8.113788299999999953e-01,5.382619789999999460e-01,-4.036450157000000261e-02,1.285831813999999997e-02
8.117364299999999533e-01,5.374440013000000294e-01,-4.227870939000000217e-02,1.314395200000000041e-02
8.120940399999999615e-01,5.368708707999999552e-01,-4.390934022000000242e-02,1.330749064000000086e-02
8.124516499999999697e-01,5.368184845000000260e-01,-4.635696454999999744e-02,1.362342423999999934e-02
8.128092599999999779e-01,5.371964857000000038e-01,-4.805327714000000305e-02,1.384819351999999962e-02
8.131668600000000469e-01,5.374614664000000319e-01,-4.976860521999999787e-02,1.414938819999999979e-02
8.135244700000000551e-01,5.375468083000000119e-01,-5.200931161999999830e-02,1.463602659000000014e-02
8.138820799999999522e-01,5.377314561999999576e-01,-5.479592190000000251e-02,1.523847029999999929e-02
8.142396800000000212e-01,5.381637733999999895e-01,-5.767395210000000189e-02,1.588905508999999966e-02
8.145972900000000294e-01,5.381910088000000369e-01,-6.105167905000000172e-02,1.661277728999999842e-02
8.149553099999999883e-01,5.379075775999999642e-01,-6.470260778000000434e-02,1.727941888999999856e-02
8.153133299999999473e-01,5.377065232000000083e-01,-6.832916593000000482e-02,1.787661432999999855e-02
8.156713500000000172e-01,5.375195766000000486e-01,-7.192556092999999318e-02,1.841148073999999968e-02
8.160293699999999761e-01,5.378441479000000136e-01,-7.496530554999999985e-02,1.887399367999999938e-02
8.163873900000000461e-01,5.384727046999999711e-01,-7.782092932999999657e-02,1.930894772000000051e-02
8.167453999999999548e-01,5.394619205999999778e-01,-8.029280996000000281e-02,1.975050480999999969e-02
8.171034200000000247e-01,5.403496035000000530e-01,-8.267059833999999829e-02,2.021820021999999953e-02
8.174614399999999836e-01,5.413285032000000330e-01,-8.504621505999999942e-02,2.071712171999999866e-02
8.178194600000000536e-01,5.420825495000000105e-01,-8.765181432999999411e-02,2.125607897000000163e-02
8.181774800000000125e-01,5.428876083000000463e-01,-8.974292925000000587e-02,2.167382185000000031e-02
8.185354999999999714e-01,5.429866725999999977e-01,-9.237523485000000145e-02,2.213978980000000027e-02
8.188935200000000414e-01,5.429997551999999894e-01,-9.465968518999999526e-02,2.250034198999999874e-02
8.192515400000000003e-01,5.425395573000000304e-01,-9.708377300999999904e-02,2.286389341999999977e-02
8.196095599999999592e-01,5.425416745000000152e-01,-9.935582428000000466e-02,2.321092551000000087e-02
8.199675800000000292e-01,5.429075264999999595e-01,-1.022580750999999982e-01,2.365918181999999981e-02
8.203255999999999881e-01,5.437028658000000458e-01,-1.053151771000000042e-01,2.421685663999999932e-02
8.206836199999999470e-01,5.447499840999999732e-01,-1.078696455999999942e-01,2.467082082000000148e-02
8.210416400000000170e-01,5.455234888000000115e-01,-1.104629127999999932e-01,2.520840905000000173e-02
8.213996599999999759e-01,5.460565169000000108e-01,-1.132292139000000003e-01,2.581073813000000008e-02
8.217576699999999956e-01,5.466835945000000363e-01,-1.157092068000000057e-01,2.638609516000000113e-02
8.221156899999999546e-01,5.468274100000000137e-01,-1.172113084999999999e-01,2.674646227000000015e-02
8.224737100000000245e-01,5.463415082000000478e-01,-1.188726496000000049e-01,2.706625692000000014e-02
8.228317299999999834e-01,5.453657795999999891e-01,-1.208937667000000021e-01,2.739294050000000078e-02
8.231897500000000534e-01,5.442544555999999645e-01,-1.235383973000000052e-01,2.772720781000000134e-02
8.235477700000000123e-01,5.433081803999999515e-01,-1.258746515999999982e-01,2.802322894999999953e-02
8.239057899999999712e-01,5.429393118999999990e-01,-1.279389649999999878e-01,2.824347358000000099e-02
8.242638100000000412e-01,5.427160758000000307e-01,-1.297200199999999914e-01,2.851027672999999901e-02
8.246218300000000001e-01,5.427485049000000394e-01,-1.314137475000000110e-01,2.880990796999999964e-02
8.249798499999999590e-01,5.426928885999999785e-01,-1.331963721999999961e-01,2.917266668000000063e-02
8.253378700000000290e-01,5.429004565999999699e-01,-1.350104114000000022e-01,2.953421670000000096e-02
8.256958899999999879e-01,5.429217253000000465e-01,-1.365208219000000056e-01,2.984268345000000086e-02
8.260539099999999468e-01,5.427551451000000027e-01,-1.381566612000000027e-01,3.013091639999999904e-02
8.264119300000000168e-01,5.419953358000000332e-01,-1.403617795000000057e-01,3.048159158999999910e-02
8.267699400000000365e-01,5.414268738999999941e-01,-1.425238936999999873e-01,3.084063391999999904e-02
8.271279599999999954e-01,5.407612933000000011e-01,-1.450874916999999875e-01,3.118352840000000042e-02
8.274859799999999543e-01,5.407758531999999896e-01,-1.476123547000000036e-01,3.159128203000000079e-02
8.278440000000000243e-01,5.408533013999999861e-01,-1.496255032000000096e-01,3.190924266000000342e-02
8.282020199999999832e-01,5.413603583999999636e-01,-1.511997652000000025e-01,3.216599426999999789e-02
8.285600400000000532e-01,5.417834629000000124e-01,-1.525313850999999998e-01,3.244482651999999745e-02
8.289180600000000121e-01,5.422364823999999972e-01,-1.538113224000000057e-01,3.272909427000000177e-02
8.292760799999999710e-01,5.426853005999999757e-01,-1.548677877000000092e-01,3.298383329000000030e-02
8.296341000000000410e-01,5.430649065000000553e-01,-1.560053973999999954e-01,3.334674984000000203e-02
8.299921199999999999e-01,5.430217406999999774e-01,-1.573152234999999899e-01,3.372123484999999671e-02
8.303501399999999588e-01,5.430682533999999784e-01,-1.581877519999999870e-01,3.390245316999999925e-02
8.307081600000000288e-01,5.428888362999999551e-01,-1.591920686999999945e-01,3.400364357999999948e-02
8.310661799999999877e-01,5.427182028000000491e-01,-1.601201971000000002e-01,3.411840587000000008e-02
8.314241900000000074e-01,5.429533515000000143e-01,-1.614617761999999901e-01,3.426001118000000095e-02
8.317822099999999663e-01,5.436845533999999924e-01,-1.632665272999999917e-01,3.454426092000000004e-02
8.321402300000000363e-01,5.445593009000000428e-01,-1.649493857000000063e-01,3.479130971999999655e-02
8.324982499999999952e-01,5.456173166000000130e-01,-1.658515379000000123e-01,3.496781219000000274e-02
8.328562699999999541e-01,5.462113633999999829e-01,-1.666764776999999920e-01,3.511138320999999951e-02
8.332142900000000241e-01,5.471882260000000553e-01,-1.672295457999999901e-01,3.519260477999999748e-02
8.335723099999999830e-01,5.473753591000000140e-01,-1.672488933999999872e-01,3.517951663999999840e-02
8.339303300000000529e-01,5.471066034999999550e-01,-1.674435891000000121e-01,3.513272291999999797e-02
8.342883500000000119e-01,5.463728944000000309e-01,-1.675739582999999921e-01,3.494615095999999838e-02
8.346463699999999708e-01,5.457485502000000155e-01,-1.676157149999999985e-01,3.473754924999999938e-02
8.350043900000000408e-01,5.452892976000000003e-01,-1.677787611999999873e-01,3.457314756000000322e-02
8.353624099999999997e-01,5.453545714999999960e-01,-1.686000913000000045e-01,3.459262980999999737e-02
8.357204299999999586e-01,5.455230979999999841e-01,-1.686225933999999926e-01,3.456892039000000055e-02
8.360784500000000286e-01,5.459076256999999543e-01,-1.688184067999999871e-01,3.461331354999999665e-02
8.364364600000000483e-01,5.461678833999999982e-01,-1.686357237999999981e-01,3.466368421999999755e-02
8.367944800000000072e-01,5.465258731000000036e-01,-1.682932055999999954e-01,3.466036447000000326e-02
8.371524999999999661e-01,5.464843259999999647e-01,-1.669612105000000124e-01,3.448566218000000128e-02
8.375105200000000361e-01,5.460625035999999710e-01,-1.662208944000000133e-01,3.444737040000000333e-02
8.378685399999999950e-01,5.449127304999999977e-01,-1.657135522000000027e-01,3.437366292999999989e-02
8.382265599999999539e-01,5.442909529999999663e-01,-1.655309544000000133e-01,3.430303685999999685e-02
8.385845800000000239e-01,5.432171569000000533e-01,-1.653673214999999974e-01,3.420838665999999945e-02
8.389425999999999828e-01,5.429435616000000131e-01,-1.650875755000000000e-01,3.402907238999999806e-02
8.393001700000000120e-01,5.425204573999999891e-01,-1.647810647000000073e-01,3.389944434000000117e-02
8.396577400000000413e-01,5.423701091999999502e-01,-1.634057958000000033e-01,3.364461008999999891e-02
8.400153200000000098e-01,5.420939366999999454e-01,-1.614380152999999873e-01,3.335853513999999936e-02
8.403728900000000390e-01,5.418301818999999853e-01,-1.598126216000000099e-01,3.314915806999999687e-02
8.407304599999999573e-01,5.416173724999999717e-01,-1.584063914999999934e-01,3.301979440999999738e-02
8.410880299999999865e-01,5.411322712999999673e-01,-1.564452543000000029e-01,3.278587018000000269e-02
8.414456000000000158e-01,5.401370101000000368e-01,-1.538987860999999902e-01,3.233228308999999689e-02
8.418031700000000450e-01,5.389907256000000535e-01,-1.516670917999999868e-01,3.190053167000000273e-02
8.421607500000000135e-01,5.374536062000000447e-01,-1.497735372000000009e-01,3.153116263999999891e-02
8.425183200000000427e-01,5.365124289999999574e-01,-1.473623215000000042e-01,3.106672471000000019e-02
8.428758899999999610e-01,5.357519172000000385e-01,-1.451875652999999877e-01,3.064371114999999909e-02
8.432334599999999902e-01,5.357895405999999472e-01,-1.428606857999999979e-01,3.020843538999999980e-02
8.435910300000000195e-01,5.359509945000000553e-01,-1.397936845999999955e-01,2.965018057000000026e-02
8.439486000000000487e-01,5.362502021999999702e-01,-1.369099111000000035e-01,2.919063137000000099e-02
8.443061800000000172e-01,5.361585378000000013e-01,-1.337659643000000120e-01,2.866404565000000085e-02
8.446637500000000465e-01,5.362387814000000308e-01,-1.302886366999999879e-01,2.805282472999999846e-02
8.450213199999999647e-01,5.356137332000000528e-01,-1.270934269000000005e-01,2.751858525999999888e-02
8.453788899999999940e-01,5.346959293999999918e-01,-1.237436965000000000e-01,2.680786825999999928e-02
8.457364600000000232e-01,5.336856634000000099e-01,-1.207212240999999964e-01,2.612485781999999979e-02
8.460940300000000525e-01,5.327970097999999988e-01,-1.181774096999999996e-01,2.553084535999999849e-02
8.464516100000000209e-01,5.323540064999999766e-01,-1.153262293999999938e-01,2.490339889000000098e-02
8.468091800000000502e-01,5.324442174000000305e-01,-1.125765987999999967e-01,2.428066939999999965e-02
8.471667499999999684e-01,5.326148617000000529e-01,-1.094966660000000064e-01,2.365077955000000065e-02
8.475243199999999977e-01,5.330135163000000453e-01,-1.059082974000000038e-01,2.307564925000000003e-02
8.478818900000000269e-01,5.329667713000000306e-01,-1.020230087000000008e-01,2.249492188000000101e-02
8.482394699999999954e-01,5.333634526999999625e-01,-9.817712777999999807e-02,2.191664793999999888e-02
8.485970400000000247e-01,5.335221944000000383e-01,-9.455906070000000274e-02,2.135661800000000082e-02
8.489546100000000539e-01,5.335354208000000487e-01,-9.143937964999999946e-02,2.086916869999999938e-02
8.493121799999999721e-01,5.331329639999999870e-01,-8.816919037999999820e-02,2.024260555000000072e-02
8.496697500000000014e-01,5.326741797999999806e-01,-8.504280286000000244e-02,1.957946282000000079e-02
8.500273200000000307e-01,5.322220801999999473e-01,-8.216874384000000253e-02,1.888979760000000091e-02
8.503853599999999791e-01,5.322504102999999764e-01,-7.929367942999999974e-02,1.822130347999999928e-02
8.507434000000000385e-01,5.322879387000000184e-01,-7.592648974000000550e-02,1.750855135999999923e-02
8.511014399999999869e-01,5.327575244000000154e-01,-7.274313187000000513e-02,1.692995078999999861e-02
8.514594699999999960e-01,5.332000286000000422e-01,-6.970246484000000575e-02,1.642760198999999866e-02
8.518175100000000555e-01,5.338673564999999455e-01,-6.755083866000000103e-02,1.610654942000000131e-02
8.521755500000000039e-01,5.344188855999999488e-01,-6.531277525999999722e-02,1.571816855999999887e-02
8.525335899999999523e-01,5.346559697999999639e-01,-6.222838535999999920e-02,1.518659779000000078e-02
8.528916199999999614e-01,5.341431008999999452e-01,-5.937617399000000296e-02,1.468736122000000033e-02
8.532496600000000209e-01,5.335616873999999843e-01,-5.685630064999999678e-02,1.423437032000000012e-02
8.536076999999999693e-01,5.325957692999999660e-01,-5.454303340999999694e-02,1.374857797000000013e-02
8.539657299999999784e-01,5.325738012999999826e-01,-5.259039914000000066e-02,1.331991398999999958e-02
8.543237700000000379e-01,5.323980577000000380e-01,-5.000342714000000077e-02,1.274288783000000064e-02
8.546818099999999863e-01,5.327088369000000379e-01,-4.745723589999999853e-02,1.228270652000000053e-02
8.550398500000000457e-01,5.328505060999999543e-01,-4.520552935000000244e-02,1.191868236000000018e-02
8.553978800000000549e-01,5.330571540999999858e-01,-4.273602353000000020e-02,1.154779329999999944e-02
8.557559200000000033e-01,5.329335600000000284e-01,-4.013969524000000205e-02,1.115322084000000026e-02
8.561139599999999517e-01,5.329291363999999476e-01,-3.790265162999999909e-02,1.080516852000000007e-02
8.564720000000000111e-01,5.324075054000000362e-01,-3.517422530000000047e-02,1.038248504999999926e-02
8.568300300000000203e-01,5.317200680000000457e-01,-3.285126530000000156e-02,9.976493322999999483e-03
8.571885500000000491e-01,5.305644811999999932e-01,-3.170143959999999900e-02,9.838898986000000832e-03
8.575470699999999669e-01,5.297859661999999581e-01,-3.098770286000000068e-02,9.676469086000000566e-03
8.579055799999999454e-01,5.291317114000000377e-01,-3.059161267000000059e-02,9.587816198999999512e-03
8.582640999999999742e-01,5.291279231000000083e-01,-3.006769874999999995e-02,9.548659492000000776e-03
8.586226099999999528e-01,5.291643799999999898e-01,-2.907358236999999998e-02,9.464749216000000603e-03
8.589811299999999816e-01,5.299053460999999521e-01,-2.834902527999999880e-02,9.408490760999999383e-03
8.593396500000000104e-01,5.302707250999999511e-01,-2.771100178000000108e-02,9.399489501000000621e-03
8.596981599999999890e-01,5.310911673999999527e-01,-2.686223138000000052e-02,9.332939666000000106e-03
8.600566800000000178e-01,5.317222730999999758e-01,-2.646213454000000131e-02,9.301735922000000864e-03
8.604151899999999964e-01,5.322787858999999955e-01,-2.710237525999999869e-02,9.408727286000000134e-03
8.607737100000000252e-01,5.320856686999999585e-01,-2.819586143000000003e-02,9.555085128999999539e-03
8.611322300000000540e-01,5.317756631000000178e-01,-2.954830631999999860e-02,9.650225180999999833e-03
8.614907400000000326e-01,5.316832652999999853e-01,-3.152146348999999848e-02,9.888704941000000040e-03
8.618492599999999504e-01,5.321580286000000548e-01,-3.436393521000000173e-02,1.028722657000000033e-02
8.622082599999999486e-01,5.329166010000000453e-01,-3.704503056999999822e-02,1.075222584000000078e-02
8.625672699999999971e-01,5.340550044999999857e-01,-3.984495577000000260e-02,1.138301052999999945e-02
8.629262699999999953e-01,5.347449445999999940e-01,-4.347159292999999702e-02,1.219299387000000005e-02
8.632852800000000437e-01,5.356033771000000554e-01,-4.710961266000000119e-02,1.298100691999999959e-02
8.636442800000000419e-01,5.364610374999999598e-01,-5.042980446999999894e-02,1.376353932000000044e-02
8.640032899999999794e-01,5.370617049000000476e-01,-5.341303705000000068e-02,1.443520551000000013e-02
8.643622899999999776e-01,5.371884785999999634e-01,-5.664934860999999711e-02,1.507870403999999991e-02
8.647213000000000260e-01,5.370717738000000407e-01,-5.936668382000000188e-02,1.551713254000000076e-02
8.650803000000000242e-01,5.371561061999999831e-01,-6.269872821999999957e-02,1.601498419000000131e-02
8.654393099999999617e-01,5.374686187999999643e-01,-6.556137083999999393e-02,1.640291300999999896e-02
8.657983099999999599e-01,5.379134412999999615e-01,-6.865059989999999779e-02,1.682935866000000169e-02
8.661573200000000083e-01,5.386777898000000286e-01,-7.142087893000000076e-02,1.725167053999999978e-02
8.665163200000000066e-01,5.392688814999999636e-01,-7.412710224000000625e-02,1.768501544000000009e-02
8.668753300000000550e-01,5.397013375000000446e-01,-7.781723587000000109e-02,1.831030935999999887e-02
8.672343300000000532e-01,5.399920782999999558e-01,-8.116817130999999519e-02,1.891394567000000138e-02
8.675933399999999907e-01,5.402567255000000346e-01,-8.401773396999999421e-02,1.946116121999999851e-02
8.679523399999999889e-01,5.401332666000000504e-01,-8.635643751999999562e-02,1.997046819000000001e-02
8.683113500000000373e-01,5.399342918999999741e-01,-8.895072180999999412e-02,2.045570832000000172e-02
8.686703500000000355e-01,5.394554864999999699e-01,-9.192675028999999776e-02,2.096061176999999831e-02
8.690293599999999730e-01,5.393267483999999445e-01,-9.508241846999999913e-02,2.144876504000000142e-02
8.693883599999999712e-01,5.395257253999999891e-01,-9.860939713999999912e-02,2.199042911000000100e-02
8.697473700000000196e-01,5.398944259000000301e-01,-1.013239660999999958e-01,2.246218138000000142e-02
8.701068800000000270e-01,5.405689020999999705e-01,-1.031917346000000013e-01,2.278597532999999953e-02
8.704663900000000343e-01,5.410382607999999482e-01,-1.058633977999999948e-01,2.327435506999999890e-02
8.708259000000000416e-01,5.414191712999999462e-01,-1.085277198999999998e-01,2.380582608999999919e-02
8.711854100000000489e-01,5.418435301999999787e-01,-1.104469153999999981e-01,2.422948721999999833e-02
8.715449199999999452e-01,5.421419325999999872e-01,-1.123963132999999948e-01,2.454968083000000009e-02
8.719044299999999525e-01,5.420498179999999611e-01,-1.141082130000000000e-01,2.480311410999999980e-02
8.722639399999999599e-01,5.416012196999999695e-01,-1.159838458999999933e-01,2.502374404000000038e-02
8.726234600000000174e-01,5.412334020000000301e-01,-1.176583657000000033e-01,2.521422299000000006e-02
8.729824600000000157e-01,5.413269136999999676e-01,-1.198262184000000036e-01,2.553177124000000076e-02
8.733414499999999636e-01,5.419969588999999921e-01,-1.220946838000000062e-01,2.592947941000000103e-02
8.737004499999999618e-01,5.426611395999999532e-01,-1.235303068999999976e-01,2.621036909999999859e-02
8.740594499999999600e-01,5.431829670000000165e-01,-1.256690182000000100e-01,2.671093256000000096e-02
8.744184499999999582e-01,5.435292264000000095e-01,-1.275412429999999986e-01,2.721671654000000148e-02
8.747774499999999565e-01,5.440557664999999821e-01,-1.292840255999999910e-01,2.770292518000000079e-02
8.751364499999999547e-01,5.443128654000000122e-01,-1.306883735999999907e-01,2.805331109999999878e-02
8.754954499999999529e-01,5.440124920000000142e-01,-1.321343782999999938e-01,2.837280169999999851e-02
8.758544499999999511e-01,5.435878178999999921e-01,-1.344853504999999894e-01,2.875866796999999864e-02
8.762134499999999493e-01,5.428469409999999717e-01,-1.371287344999999880e-01,2.908547730999999983e-02
8.765724499999999475e-01,5.421164262000000011e-01,-1.397676891000000088e-01,2.940423099999999942e-02
8.769314499999999457e-01,5.420664981999999688e-01,-1.423110445000000113e-01,2.971358526000000139e-02
8.772904500000000549e-01,5.422524083999999966e-01,-1.441917300999999985e-01,2.990295335000000068e-02
8.776494500000000532e-01,5.426633293999999497e-01,-1.451644980000000029e-01,2.997471520000000167e-02
8.780084500000000514e-01,5.430839534000000413e-01,-1.461125326999999918e-01,3.007323115000000088e-02
8.783674500000000496e-01,5.436432525000000071e-01,-1.472874355999999885e-01,3.029865661999999946e-02
8.787264399999999975e-01,5.443810384999999696e-01,-1.486895756000000124e-01,3.061595704999999987e-02
8.790854399999999957e-01,5.450697166000000315e-01,-1.503303863999999879e-01,3.090946597999999837e-02
8.794444399999999940e-01,5.454779118000000482e-01,-1.521852444000000026e-01,3.117425395000000127e-02
8.798034399999999922e-01,5.458512010999999609e-01,-1.543143663000000054e-01,3.154203822999999962e-02
8.801624399999999904e-01,5.461426847999999445e-01,-1.560579926000000006e-01,3.179069395999999798e-02
8.805214399999999886e-01,5.468205460999999712e-01,-1.574996770000000046e-01,3.198494795000000196e-02
8.808804399999999868e-01,5.480658465000000090e-01,-1.587692453000000004e-01,3.214037966000000274e-02
8.812394399999999850e-01,5.493665179000000176e-01,-1.603922031999999998e-01,3.235918653000000034e-02
8.815984399999999832e-01,5.506181526000000215e-01,-1.612138889999999991e-01,3.248575690999999654e-02
8.819574399999999814e-01,5.518834395999999698e-01,-1.621205122999999915e-01,3.265985653999999710e-02
8.823159099999999810e-01,5.528645572000000508e-01,-1.624857480999999937e-01,3.277626710999999998e-02
8.826743799999999807e-01,5.536753804999999806e-01,-1.629311267999999924e-01,3.287840177999999669e-02
8.830328499999999803e-01,5.539662695000000525e-01,-1.628633697000000102e-01,3.292556401999999910e-02
8.833913199999999799e-01,5.538563225999999506e-01,-1.628696334999999995e-01,3.293120128000000257e-02
8.837497899999999795e-01,5.533581187999999651e-01,-1.628885505000000067e-01,3.292290056999999659e-02
8.841082599999999792e-01,5.528472494999999709e-01,-1.628065377000000036e-01,3.290819228999999901e-02
8.844667299999999788e-01,5.525994540999999982e-01,-1.621345148999999985e-01,3.266911368000000038e-02
8.848251999999999784e-01,5.522731176999999825e-01,-1.615976422000000023e-01,3.258177553000000254e-02
8.851836699999999780e-01,5.520842787999999945e-01,-1.607113182999999890e-01,3.254909459000000088e-02
8.855421399999999776e-01,5.518955952999999859e-01,-1.601914180000000021e-01,3.258579325000000165e-02
8.859006099999999773e-01,5.517925432000000407e-01,-1.601643188999999912e-01,3.275263072000000192e-02
8.862590799999999769e-01,5.513067577000000385e-01,-1.596164207000000113e-01,3.281116385999999913e-02
8.866175499999999765e-01,5.502141042999999510e-01,-1.594296581999999907e-01,3.288971445000000299e-02
8.869760199999999761e-01,5.488474509999999862e-01,-1.586408854999999951e-01,3.282536481000000034e-02
8.873344899999999758e-01,5.470345593000000006e-01,-1.570077062000000134e-01,3.246924349000000071e-02
8.876929599999999754e-01,5.453476582999999822e-01,-1.559910063000000124e-01,3.215999049999999915e-02
8.880514299999999750e-01,5.436617843000000061e-01,-1.547685651000000051e-01,3.177373364999999672e-02
8.884093499999999866e-01,5.423591194000000337e-01,-1.534812410999999988e-01,3.139476447000000281e-02
8.887672800000000484e-01,5.413412372000000472e-01,-1.518649138000000010e-01,3.106847303000000171e-02
8.891252099999999992e-01,5.405418337999999823e-01,-1.504210146999999942e-01,3.090179562999999935e-02
8.894831399999999499e-01,5.398550407000000106e-01,-1.485058011000000011e-01,3.070141175999999833e-02
8.898410700000000118e-01,5.392926290999999761e-01,-1.456286850000000077e-01,3.036014809000000050e-02
8.901989999999999625e-01,5.384103545999999740e-01,-1.429722418999999911e-01,2.996340230000000063e-02
8.905569199999999741e-01,5.377446209999999782e-01,-1.403634236999999896e-01,2.957565281999999934e-02
8.909148500000000359e-01,5.370791723000000184e-01,-1.380809584999999895e-01,2.914830916000000008e-02
8.912727799999999867e-01,5.361663978999999802e-01,-1.359961607999999877e-01,2.869858640000000002e-02
8.916307100000000485e-01,5.354541942999999637e-01,-1.338046972999999973e-01,2.820506416999999863e-02
8.919886399999999993e-01,5.353563580000000321e-01,-1.304596462000000012e-01,2.752488753000000010e-02
8.923465699999999501e-01,5.357302234999999913e-01,-1.269598764000000046e-01,2.678456415999999965e-02
8.927045000000000119e-01,5.365065384999999631e-01,-1.238501582000000045e-01,2.614867822999999980e-02
8.930624200000000235e-01,5.369750333999999681e-01,-1.201483034000000033e-01,2.543962602000000156e-02
8.934203499999999742e-01,5.378208022999999560e-01,-1.164614726000000045e-01,2.479925247999999888e-02
8.937782800000000361e-01,5.385442309000000316e-01,-1.125562801999999973e-01,2.410418716999999933e-02
8.941362099999999868e-01,5.390743714000000297e-01,-1.090853621999999939e-01,2.347193121999999882e-02
8.944941400000000487e-01,5.394745163999999926e-01,-1.058667350000000035e-01,2.286654126000000134e-02
8.948520699999999994e-01,5.394106701999999975e-01,-1.029414226999999932e-01,2.230377214000000066e-02
8.952099900000000110e-01,5.392188782000000291e-01,-1.000076252999999998e-01,2.159308202000000121e-02
8.955679199999999618e-01,5.388492847000000419e-01,-9.770423086000000479e-02,2.105220077999999870e-02
8.959258500000000236e-01,5.389660829000000319e-01,-9.469345725000000158e-02,2.038588269999999994e-02
8.962837799999999744e-01,5.391035242999999699e-01,-9.097234283999999782e-02,1.962774238000000032e-02
8.966417100000000362e-01,5.391266453999999930e-01,-8.778296932000000108e-02,1.903349173000000102e-02
8.969996399999999870e-01,5.388793468999999448e-01,-8.463727725000000368e-02,1.849803607999999863e-02
8.973575599999999985e-01,5.388821757999999740e-01,-8.128522944999999611e-02,1.792254684000000112e-02
8.977154899999999493e-01,5.386699439000000034e-01,-7.830468681999999681e-02,1.740500602999999966e-02
8.980734200000000111e-01,5.380174839000000375e-01,-7.561066981000000298e-02,1.695267262000000122e-02
8.984313499999999619e-01,5.373408568999999968e-01,-7.306817610000000685e-02,1.648072501999999981e-02
8.987892800000000237e-01,5.363006927000000257e-01,-7.086401846999999810e-02,1.600073914999999847e-02
8.991472099999999745e-01,5.353665502000000131e-01,-6.854345725999999583e-02,1.547549953000000068e-02
8.995051299999999861e-01,5.345482947999999901e-01,-6.659674999999999623e-02,1.502937441999999992e-02
8.998630600000000479e-01,5.343024010000000379e-01,-6.466810731000000034e-02,1.463863791000000018e-02
9.002209899999999987e-01,5.342045893000000323e-01,-6.248994190999999920e-02,1.424777405000000018e-02
9.005789199999999495e-01,5.344410113999999989e-01,-6.023692164999999710e-02,1.392964221000000079e-02
9.009368500000000113e-01,5.348322025999999729e-01,-5.850095911000000037e-02,1.366715658999999999e-02
9.012947799999999621e-01,5.353714880000000065e-01,-5.634900969000000009e-02,1.332723008000000035e-02
9.016526999999999736e-01,5.354164097000000400e-01,-5.464979906999999776e-02,1.303289185000000051e-02
9.020106300000000354e-01,5.357623843000000052e-01,-5.360380718999999822e-02,1.292624956999999936e-02
9.023685599999999862e-01,5.354112278999999530e-01,-5.226816139999999888e-02,1.271461836000000074e-02
9.027264900000000480e-01,5.356027308999999903e-01,-5.080069432999999995e-02,1.243883905999999991e-02
9.030844199999999988e-01,5.358414318999999981e-01,-4.971930719999999998e-02,1.212344769999999967e-02
9.034423499999999496e-01,5.365985973000000353e-01,-4.787929120000000011e-02,1.172495720000000033e-02
9.038002699999999612e-01,5.373788340999999802e-01,-4.643967705000000279e-02,1.137613942000000045e-02
9.041582000000000230e-01,5.380829475999999723e-01,-4.509441703000000023e-02,1.108336285999999941e-02
9.045167100000000016e-01,5.386333733999999485e-01,-4.441457475999999877e-02,1.090830886000000027e-02
9.048752199999999801e-01,5.393408440000000414e-01,-4.352638284000000246e-02,1.070986431999999995e-02
9.052337299999999587e-01,5.395768337999999886e-01,-4.364126592999999915e-02,1.077480416000000003e-02
9.055922400000000483e-01,5.396433131000000216e-01,-4.404794363999999657e-02,1.092424567000000075e-02
9.059507500000000269e-01,5.393240250999999930e-01,-4.504831777999999953e-02,1.114244822999999919e-02
9.063092600000000054e-01,5.389489443999999629e-01,-4.621451874000000182e-02,1.131753737999999926e-02
9.066677699999999840e-01,5.384922517000000353e-01,-4.762956530999999660e-02,1.153371373999999977e-02
9.070262799999999626e-01,5.381710942999999858e-01,-4.905480448999999937e-02,1.186719458000000046e-02
9.073847900000000521e-01,5.379767227999999735e-01,-5.067610673999999732e-02,1.212719706000000078e-02
9.077433000000000307e-01,5.379707419999999463e-01,-5.201767689000000305e-02,1.238384627999999932e-02
9.081018100000000093e-01,5.378887248000000509e-01,-5.381946608999999687e-02,1.271489741999999937e-02
9.084603199999999879e-01,5.378304408999999842e-01,-5.529637787999999721e-02,1.304160962000000014e-02
9.088188200000000272e-01,5.373146645999999915e-01,-5.674503024000000090e-02,1.337531716999999960e-02
9.091773300000000058e-01,5.366346381000000054e-01,-5.836857563000000249e-02,1.368786049999999935e-02
9.095358399999999843e-01,5.359854399000000269e-01,-5.951305205000000098e-02,1.388561206000000006e-02
9.098943499999999629e-01,5.351090323999999621e-01,-6.113188885999999711e-02,1.419592566000000070e-02
9.102528600000000525e-01,5.343492183000000395e-01,-6.315334942000000451e-02,1.452248480999999980e-02
9.106113700000000311e-01,5.340182660000000192e-01,-6.547893294999999891e-02,1.494005204000000038e-02
9.109698800000000096e-01,5.337004086000000092e-01,-6.833273995999999961e-02,1.542531962000000083e-02
9.113289900000000054e-01,5.337664105999999631e-01,-7.137590493999999841e-02,1.600646590999999994e-02
9.116881000000000013e-01,5.335940883999999995e-01,-7.411946667999999572e-02,1.656388225999999922e-02
9.120472099999999971e-01,5.336117421999999610e-01,-7.650161044999999327e-02,1.714370402000000085e-02
9.124063300000000432e-01,5.334387175000000481e-01,-7.922474123999999340e-02,1.778517343999999958e-02
9.127654400000000390e-01,5.334724866000000176e-01,-8.183660893999999963e-02,1.837845863000000038e-02
9.131245500000000348e-01,5.334876871000000520e-01,-8.462937198999999355e-02,1.888496964999999972e-02
9.134836600000000306e-01,5.341016699999999728e-01,-8.753412909999999658e-02,1.944349479000000158e-02
9.138427700000000264e-01,5.343113388000000352e-01,-9.119596489999999556e-02,2.005242247000000103e-02
9.142018800000000223e-01,5.346045524000000437e-01,-9.440030702000000440e-02,2.050501772000000097e-02
9.145609900000000181e-01,5.349968427000000304e-01,-9.727338590999999590e-02,2.081491074999999857e-02
9.149201000000000139e-01,5.356660063000000527e-01,-9.996208395000000246e-02,2.115274170000000162e-02
9.152792100000000097e-01,5.361467820999999967e-01,-1.028306434000000047e-01,2.155037514999999862e-02
9.156383200000000055e-01,5.368105149999999881e-01,-1.050272918000000055e-01,2.192564934999999965e-02
9.159974300000000014e-01,5.378144353999999572e-01,-1.077457866000000042e-01,2.240381548999999944e-02
9.163565500000000474e-01,5.388107237999999466e-01,-1.102849443000000068e-01,2.294461392999999974e-02
9.167156600000000433e-01,5.394122538000000189e-01,-1.128769334999999985e-01,2.343284241999999892e-02
9.170747700000000391e-01,5.398755874999999760e-01,-1.158377780999999968e-01,2.391530145999999982e-02
9.174338800000000349e-01,5.399475868999999983e-01,-1.180041275000000001e-01,2.428243029000000039e-02
9.177929900000000307e-01,5.398459070000000137e-01,-1.200300987000000041e-01,2.459932395999999896e-02
9.181521000000000265e-01,5.397300000000000431e-01,-1.221424853000000060e-01,2.490926427999999929e-02
9.185112100000000224e-01,5.397437032999999884e-01,-1.242253128999999956e-01,2.521153148000000038e-02
9.188703200000000182e-01,5.400567576000000480e-01,-1.259497498000000104e-01,2.550386347999999970e-02
9.192294300000000140e-01,5.405562241000000379e-01,-1.279830452000000063e-01,2.579473122999999951e-02
9.195885400000000098e-01,5.411432051000000243e-01,-1.292977770000000026e-01,2.597713370999999924e-02
9.199476500000000057e-01,5.417925935999999831e-01,-1.304084095999999970e-01,2.614330507999999831e-02
9.203067700000000517e-01,5.420822749999999468e-01,-1.315170035999999876e-01,2.627418798999999958e-02
9.206658800000000475e-01,5.422970173000000171e-01,-1.327620110999999936e-01,2.637140684000000013e-02
9.210249900000000434e-01,5.425132462999999738e-01,-1.338638225999999876e-01,2.646971962999999928e-02
9.213841000000000392e-01,5.428290241000000016e-01,-1.350599325999999878e-01,2.664263115999999931e-02
9.217432100000000350e-01,5.430448893999999527e-01,-1.358867964999999900e-01,2.671124704000000030e-02
9.221023200000000308e-01,5.435068458999999796e-01,-1.372977697999999969e-01,2.689057539999999830e-02
9.224614300000000267e-01,5.439755657999999494e-01,-1.383670170999999893e-01,2.702046480000000125e-02
9.228205400000000225e-01,5.446434242000000037e-01,-1.390752436999999897e-01,2.717136167000000144e-02
9.231796500000000183e-01,5.453025306000000016e-01,-1.397921735000000054e-01,2.726504940000000141e-02
9.235387600000000141e-01,5.463727754999999631e-01,-1.405262700000000087e-01,2.743182623999999847e-02
9.238978799999999492e-01,5.469796163000000266e-01,-1.412525574999999867e-01,2.759598746999999963e-02
9.242569899999999450e-01,5.477175143000000412e-01,-1.417062973999999864e-01,2.766493606999999993e-02
9.246161000000000518e-01,5.481402687999999968e-01,-1.419478614999999944e-01,2.762174929000000070e-02
9.249752100000000476e-01,5.487228915999999845e-01,-1.417322708000000042e-01,2.744547104999999973e-02
9.253343200000000435e-01,5.490815809000000325e-01,-1.419648256999999913e-01,2.728877051000000095e-02
9.256934300000000393e-01,5.492132791999999597e-01,-1.423653009999999997e-01,2.717455717999999951e-02
9.260518899999999887e-01,5.491282162999999716e-01,-1.422271430000000003e-01,2.697523385999999954e-02
9.264103599999999883e-01,5.492767345000000301e-01,-1.425237927999999932e-01,2.687450000999999991e-02
9.267688200000000487e-01,5.494982716999999850e-01,-1.429855308000000103e-01,2.683599275999999992e-02
9.271272900000000483e-01,5.501997972000000070e-01,-1.431833876999999977e-01,2.683962961999999952e-02
9.274857600000000479e-01,5.502034659000000216e-01,-1.427820546000000135e-01,2.673419561000000069e-02
9.278442199999999973e-01,5.497203471999999591e-01,-1.418658804000000051e-01,2.654553758000000041e-02
9.282026899999999969e-01,5.487036935000000337e-01,-1.413065021000000088e-01,2.645776204999999992e-02
9.285611499999999463e-01,5.475800577999999641e-01,-1.408387390999999988e-01,2.637468410000000027e-02
9.289196199999999459e-01,5.461677540999999581e-01,-1.401103425000000124e-01,2.622733404000000129e-02
9.292780800000000063e-01,5.447684556999999872e-01,-1.389185421999999948e-01,2.596789617000000092e-02
9.296365500000000059e-01,5.435207516000000183e-01,-1.375451048999999926e-01,2.570121003999999848e-02
9.299950099999999553e-01,5.425095880000000426e-01,-1.354695606999999913e-01,2.529228069999999925e-02
9.303534799999999549e-01,5.414377767000000397e-01,-1.329526312000000043e-01,2.483065844000000022e-02
9.307119400000000153e-01,5.408050439999999570e-01,-1.303639440999999899e-01,2.438748986000000007e-02
9.310704100000000150e-01,5.401174562999999651e-01,-1.270543647000000054e-01,2.385250490000000168e-02
9.314288699999999643e-01,5.392804191000000191e-01,-1.245119328000000025e-01,2.342674395999999951e-02
9.317866700000000391e-01,5.384664553000000353e-01,-1.218527464000000032e-01,2.298310591999999999e-02
9.321444800000000530e-01,5.377719558000000344e-01,-1.194809253999999932e-01,2.259602780000000144e-02
9.325022800000000167e-01,5.373371904000000532e-01,-1.169796926999999986e-01,2.221609298999999843e-02
9.328600799999999804e-01,5.370370688000000170e-01,-1.139435413000000064e-01,2.168410332999999926e-02
9.332178800000000551e-01,5.369724564000000200e-01,-1.106925928999999975e-01,2.104994152000000049e-02
9.335756899999999581e-01,5.371080477999999880e-01,-1.076316811000000012e-01,2.052633010000000022e-02
9.339334900000000328e-01,5.371858376000000490e-01,-1.046478014999999984e-01,2.006442128999999866e-02
9.342912899999999965e-01,5.374957460000000520e-01,-1.016885398999999995e-01,1.961497959999999874e-02
9.346490899999999602e-01,5.378232052000000429e-01,-9.896751712000000090e-02,1.919998444000000151e-02
9.350068999999999741e-01,5.380364887999999901e-01,-9.556450808999999991e-02,1.862738895000000047e-02
9.353647000000000489e-01,5.381093635999999458e-01,-9.216222218000000299e-02,1.801133590000000145e-02
9.357225000000000126e-01,5.383990477000000219e-01,-8.876442984000000591e-02,1.731734697000000128e-02
9.360802999999999763e-01,5.382632119000000381e-01,-8.529801622999999555e-02,1.657400884000000130e-02
9.364381099999999902e-01,5.380141586000000142e-01,-8.198156655999999654e-02,1.596088706999999884e-02
9.367959099999999539e-01,5.373526289000000178e-01,-7.861710033999999570e-02,1.526834791999999962e-02
9.371537100000000287e-01,5.367518312000000291e-01,-7.545986922000000319e-02,1.466394269999999993e-02
9.375115099999999924e-01,5.359279100999999601e-01,-7.209526657999999755e-02,1.408536816999999934e-02
9.378693099999999561e-01,5.354242299999999455e-01,-6.938522194000000531e-02,1.371677282999999962e-02
9.382271199999999700e-01,5.353006728000000436e-01,-6.612376097000000064e-02,1.326039830999999926e-02
9.385849200000000447e-01,5.352884659000000100e-01,-6.295352092000000566e-02,1.286731571000000046e-02
9.389427200000000084e-01,5.348914308000000117e-01,-6.021446116000000320e-02,1.246892011999999918e-02
9.393005199999999721e-01,5.345613645000000247e-01,-5.753949117999999918e-02,1.206835659999999991e-02
9.396583299999999861e-01,5.339506630000000476e-01,-5.537063824999999967e-02,1.172434508000000028e-02
9.400161299999999498e-01,5.338172467999999782e-01,-5.291279252000000155e-02,1.135440537999999992e-02
9.403739300000000245e-01,5.333326353999999769e-01,-5.042861609000000300e-02,1.094548285000000037e-02
9.407317299999999882e-01,5.329590454999999505e-01,-4.860169702000000092e-02,1.067924332000000018e-02
9.410895400000000022e-01,5.324453879999999639e-01,-4.683865388999999824e-02,1.037558226999999930e-02
9.414473399999999659e-01,5.319069500999999978e-01,-4.429664758000000091e-02,9.898477193999999368e-03
9.418051400000000406e-01,5.317296505999999923e-01,-4.189310368000000173e-02,9.508630779000000477e-03
9.421629400000000043e-01,5.317461031000000338e-01,-3.929275396000000281e-02,9.093494125000000511e-03
9.425207500000000183e-01,5.316141932000000292e-01,-3.715266371999999956e-02,8.758465739000000083e-03
9.428785499999999820e-01,5.316298214000000355e-01,-3.562996700999999933e-02,8.486939327999999325e-03
9.432363499999999457e-01,5.317327181000000014e-01,-3.472762310000000047e-02,8.378825321000000353e-03
9.435941500000000204e-01,5.319988901000000103e-01,-3.388051068000000332e-02,8.276375032000000617e-03
9.439519600000000343e-01,5.326515347000000400e-01,-3.337176656000000186e-02,8.205306803999999274e-03
9.443097599999999980e-01,5.334359278000000426e-01,-3.250059572999999813e-02,8.111458448000000154e-03
9.446675599999999617e-01,5.340833444000000485e-01,-3.156896540000000279e-02,7.974344044999999784e-03
9.450260799999999906e-01,5.347177212999999485e-01,-3.054124630000000160e-02,7.851970454000000571e-03
9.453845899999999691e-01,5.354154500000000150e-01,-2.964839991000000133e-02,7.755960687000000402e-03
9.457430999999999477e-01,5.361354297999999519e-01,-2.917712492999999935e-02,7.741564024000000162e-03
9.461016199999999765e-01,5.366147910999999882e-01,-2.921350672000000079e-02,7.853993861000000548e-03
9.464601299999999551e-01,5.368269526000000180e-01,-2.964912386000000122e-02,8.042903997000000471e-03
9.468186400000000447e-01,5.367987491000000277e-01,-3.080451803999999932e-02,8.273883984000000510e-03
9.471771599999999625e-01,5.366729416000000086e-01,-3.218135007000000325e-02,8.575360941000000764e-03
9.475356700000000520e-01,5.365053763999999559e-01,-3.361214609999999686e-02,8.825606484999999959e-03
9.478941899999999698e-01,5.366840043999999699e-01,-3.545622564999999921e-02,9.171315755999999778e-03
9.482526999999999484e-01,5.366005363000000417e-01,-3.773724554999999953e-02,9.584943902999999710e-03
9.486112100000000380e-01,5.367877979999999827e-01,-3.984083337000000197e-02,1.001836178999999938e-02
9.489697299999999558e-01,5.365074867000000358e-01,-4.175974018999999843e-02,1.042880457999999927e-02
9.493282400000000454e-01,5.365286406000000508e-01,-4.412047046999999916e-02,1.090395220999999977e-02
9.496867500000000240e-01,5.363900773999999982e-01,-4.649089308999999892e-02,1.137037729999999976e-02
9.500452700000000528e-01,5.361803209000000070e-01,-4.939349173000000259e-02,1.197755405000000030e-02
9.504037800000000313e-01,5.357259756000000150e-01,-5.259950780000000048e-02,1.262630581000000023e-02
9.507622999999999491e-01,5.353667844999999703e-01,-5.596300882000000004e-02,1.324884011000000000e-02
9.511208100000000387e-01,5.348178958000000538e-01,-5.944959170999999931e-02,1.394093193999999987e-02
9.514793200000000173e-01,5.345374435999999951e-01,-6.259174052999999516e-02,1.459260528000000043e-02
9.518378400000000461e-01,5.344285223000000418e-01,-6.522498356000000497e-02,1.518486032999999923e-02
9.521963500000000247e-01,5.344052194999999728e-01,-6.791780632999999678e-02,1.573389517999999876e-02
9.525548700000000535e-01,5.344968300000000339e-01,-7.107492231999999743e-02,1.628580720999999940e-02
9.529133800000000321e-01,5.346948813999999883e-01,-7.443455149000000048e-02,1.689010335000000126e-02
9.532718900000000106e-01,5.349825620999999476e-01,-7.790409009000000273e-02,1.756343074000000018e-02
9.536304100000000394e-01,5.355787043999999941e-01,-8.045778782000000129e-02,1.809405122000000074e-02
9.539889200000000180e-01,5.362093566000000200e-01,-8.408544715000000613e-02,1.880429391999999950e-02
9.543474299999999966e-01,5.367864718000000535e-01,-8.738216732999999625e-02,1.943184386999999985e-02
9.547059500000000254e-01,5.373967953999999603e-01,-9.042648218000000349e-02,1.998206018000000042e-02
9.550644600000000040e-01,5.382191173000000495e-01,-9.398024610999999862e-02,2.060151127999999832e-02
9.554229800000000328e-01,5.392774835000000433e-01,-9.748416594000000601e-02,2.126921801000000029e-02
9.557814900000000113e-01,5.401687349999999554e-01,-1.003706840000000017e-01,2.183841674000000163e-02
9.561399999999999899e-01,5.408941046999999891e-01,-1.034811030000000048e-01,2.238469595999999923e-02
9.564985200000000187e-01,5.413913205000000506e-01,-1.069369966999999949e-01,2.299848960000000150e-02
9.568570299999999973e-01,5.420359634000000426e-01,-1.099151445000000060e-01,2.351488993000000124e-02
9.572155399999999759e-01,5.425754502999999840e-01,-1.120859319999999992e-01,2.385986174999999918e-02
9.575740600000000047e-01,5.426968660000000000e-01,-1.140418074000000004e-01,2.414047110000000149e-02
9.579325699999999832e-01,5.426548023999999693e-01,-1.165650495999999980e-01,2.456423777000000044e-02
9.582910900000000121e-01,5.426226038999999446e-01,-1.187628406999999969e-01,2.495662679999999939e-02
9.586495999999999906e-01,5.424873837999999449e-01,-1.209879925000000023e-01,2.542888944999999873e-02
9.590081099999999692e-01,5.424564780999999725e-01,-1.231662932999999932e-01,2.590185814000000100e-02
9.593666299999999980e-01,5.426320787999999729e-01,-1.250627927999999889e-01,2.637669334000000004e-02
9.597251399999999766e-01,5.422924187000000007e-01,-1.267634468999999930e-01,2.678814602000000045e-02
9.600836499999999551e-01,5.418887047999999540e-01,-1.282127698999999954e-01,2.723765314000000173e-02
9.604421699999999840e-01,5.413415415000000230e-01,-1.295764617000000063e-01,2.762559175999999839e-02
9.608006799999999625e-01,5.410503451999999491e-01,-1.312981733999999956e-01,2.807546308999999893e-02
9.611591999999999913e-01,5.411366088000000296e-01,-1.329249493000000115e-01,2.846659667000000019e-02
9.615177099999999699e-01,5.411448001999999979e-01,-1.344962772999999945e-01,2.884344622999999996e-02
9.618762199999999485e-01,5.415560157000000041e-01,-1.361456832999999866e-01,2.913901806000000066e-02
9.622347399999999773e-01,5.419541190000000119e-01,-1.377695445999999879e-01,2.940050547000000111e-02
9.625932499999999559e-01,5.425464977999999716e-01,-1.391963793999999865e-01,2.963963640999999968e-02
9.629517699999999847e-01,5.435867398999999489e-01,-1.408012101999999988e-01,2.994284728000000048e-02
9.633102799999999633e-01,5.445697258999999679e-01,-1.414360638999999920e-01,3.006908127999999986e-02
9.636687900000000528e-01,5.454781799000000264e-01,-1.423043553999999988e-01,3.022308480000000103e-02
9.640273099999999706e-01,5.460121503000000542e-01,-1.433934524000000099e-01,3.045527986000000006e-02
9.643858199999999492e-01,5.470071283999999867e-01,-1.449139851000000034e-01,3.075507451000000086e-02
9.647443300000000388e-01,5.480712050999999585e-01,-1.460642709999999955e-01,3.095851651999999982e-02
9.651028499999999566e-01,5.489372389000000130e-01,-1.469775821000000038e-01,3.113857273000000120e-02
9.654613600000000462e-01,5.495678321000000421e-01,-1.483178359000000002e-01,3.137267526999999723e-02
9.658198799999999640e-01,5.505203147999999658e-01,-1.495259479000000113e-01,3.157716359999999944e-02
9.661783900000000536e-01,5.507171105999999483e-01,-1.501523650999999904e-01,3.169805028000000080e-02
9.665369000000000321e-01,5.513398695000000238e-01,-1.510126867999999900e-01,3.185355692999999877e-02
9.668954199999999499e-01,5.519834838999999604e-01,-1.513710048999999946e-01,3.196970514999999957e-02
9.672539300000000395e-01,5.525833060000000518e-01,-1.518003353000000055e-01,3.206942626999999962e-02
9.676124400000000181e-01,5.523334884999999694e-01,-1.517929360999999977e-01,3.203676775000000032e-02
9.679709600000000469e-01,5.519009687999999469e-01,-1.520433847999999866e-01,3.203816771000000257e-02
9.683294700000000255e-01,5.514436324000000500e-01,-1.521737747999999946e-01,3.196618002999999930e-02
9.686879900000000543e-01,5.510514552999999927e-01,-1.523436692000000037e-01,3.183809701999999742e-02
9.690465000000000328e-01,5.505100362999999497e-01,-1.523389257999999968e-01,3.166746989000000095e-02
9.694050100000000114e-01,5.499306680000000114e-01,-1.524912247999999915e-01,3.159163083000000177e-02
9.697635300000000402e-01,5.491543299000000156e-01,-1.524024204999999965e-01,3.145750801000000291e-02
9.701220400000000188e-01,5.482997145000000350e-01,-1.525303473999999881e-01,3.135637998000000148e-02
9.704805499999999974e-01,5.474825222000000435e-01,-1.519988426999999975e-01,3.116975291999999828e-02
9.708382399999999635e-01,5.467265546999999781e-01,-1.515364248999999941e-01,3.107140087999999897e-02
9.711959199999999903e-01,5.454832817000000444e-01,-1.511012324999999878e-01,3.099313239000000067e-02
9.715536099999999564e-01,5.442740094000000362e-01,-1.510074970999999988e-01,3.097344991999999991e-02
9.719112899999999833e-01,5.432796774000000495e-01,-1.502353898000000076e-01,3.086796606000000165e-02
9.722689700000000101e-01,5.425457444000000296e-01,-1.492576519000000101e-01,3.069116758999999861e-02
9.726266599999999762e-01,5.414078102999999587e-01,-1.480657300999999870e-01,3.045795625000000117e-02
9.729843400000000031e-01,5.404374495999999528e-01,-1.461124997000000092e-01,3.004397037999999992e-02
9.733420299999999692e-01,5.392598155000000171e-01,-1.442894181999999914e-01,2.965729135000000002e-02
9.736997099999999961e-01,5.382821407000000224e-01,-1.423003046999999910e-01,2.930250938999999846e-02
9.740573900000000229e-01,5.375135694999999547e-01,-1.401633686000000045e-01,2.896650880999999955e-02
9.744150799999999890e-01,5.371929351999999991e-01,-1.379140597999999884e-01,2.866517837999999971e-02
9.747727600000000159e-01,5.366355717999999886e-01,-1.357687227999999913e-01,2.838509130999999908e-02
9.751304499999999820e-01,5.361190273999999478e-01,-1.329370078000000066e-01,2.794509749999999834e-02
9.754881300000000088e-01,5.356588450000000501e-01,-1.299067960999999993e-01,2.742128117999999976e-02
9.758458100000000357e-01,5.353888736999999898e-01,-1.272877728000000042e-01,2.694254693999999922e-02
9.762035000000000018e-01,5.351192992000000093e-01,-1.245146030000000015e-01,2.645525946000000170e-02
9.765611800000000287e-01,5.347899568999999742e-01,-1.218738127000000004e-01,2.594223920000000155e-02
9.769188599999999445e-01,5.346403499999999864e-01,-1.188997189000000065e-01,2.537999829000000054e-02
9.772765500000000216e-01,5.342711076999999698e-01,-1.158591709999999969e-01,2.474873836000000132e-02
9.776342300000000485e-01,5.337252627999999888e-01,-1.123950108999999947e-01,2.412034482000000035e-02
9.779919200000000146e-01,5.336290156999999867e-01,-1.091969477000000049e-01,2.351913981999999986e-02
9.783496000000000414e-01,5.336284408999999451e-01,-1.058568312999999955e-01,2.297031949999999920e-02
9.787072799999999573e-01,5.333429409000000065e-01,-1.029524012999999960e-01,2.252601509000000043e-02
9.790649700000000344e-01,5.329529585000000180e-01,-1.000299538000000016e-01,2.205284623999999999e-02
9.794226499999999502e-01,5.326145316000000518e-01,-9.705036135000000286e-02,2.151571778999999962e-02
9.797803400000000273e-01,5.323281974000000361e-01,-9.372676609999999742e-02,2.090567776000000141e-02
9.801380200000000542e-01,5.320890002999999480e-01,-9.039128502000000343e-02,2.022106502999999889e-02
9.804956999999999701e-01,5.319483418999999547e-01,-8.807351286999999529e-02,1.976612525999999967e-02
9.808533900000000472e-01,5.318080128000000073e-01,-8.498783355000000261e-02,1.917456651999999845e-02
9.812110699999999630e-01,5.319706082999999808e-01,-8.184749531000000411e-02,1.859559821999999876e-02
9.815687600000000401e-01,5.322998944000000288e-01,-7.892557142000000692e-02,1.801184563999999946e-02
9.819264399999999560e-01,5.328532602000000118e-01,-7.564813109000000091e-02,1.735868935000000127e-02
9.822841199999999828e-01,5.332872408000000064e-01,-7.281211375000000430e-02,1.687196109999999916e-02
9.826418099999999489e-01,5.334861866000000230e-01,-6.929193471000000271e-02,1.625814713000000092e-02
9.829994899999999758e-01,5.333904890999999759e-01,-6.622529796999999940e-02,1.569808769000000104e-02
9.833571800000000529e-01,5.332612579000000075e-01,-6.307286385999999467e-02,1.515759503999999924e-02
9.837148599999999687e-01,5.333534152000000139e-01,-6.081556594999999732e-02,1.476427140999999991e-02
9.840725399999999956e-01,5.333727154999999831e-01,-5.886525126000000108e-02,1.443698994999999957e-02
9.844302299999999617e-01,5.333160796999999453e-01,-5.652748506000000034e-02,1.403698597999999964e-02
9.847879099999999886e-01,5.330855365000000123e-01,-5.435415726000000086e-02,1.365241248999999983e-02
9.851455900000000154e-01,5.332983177000000241e-01,-5.269416190000000139e-02,1.343687296000000038e-02
9.855032799999999815e-01,5.337736672999999765e-01,-5.106882222999999804e-02,1.322466461999999982e-02
9.858609600000000084e-01,5.345562594999999639e-01,-5.000359524999999777e-02,1.311106517999999915e-02
9.862186499999999745e-01,5.349668964999999554e-01,-4.880186127999999735e-02,1.300785339999999991e-02
9.865763300000000013e-01,5.352037903999999902e-01,-4.796622033000000340e-02,1.293849671999999958e-02
9.869340100000000282e-01,5.353900979000000282e-01,-4.681588483000000134e-02,1.277872417000000017e-02
9.872916999999999943e-01,5.354759956000000320e-01,-4.568545649999999902e-02,1.260776119999999952e-02
9.876493800000000212e-01,5.353038427999999849e-01,-4.515792226999999770e-02,1.247668176000000032e-02
9.880070699999999873e-01,5.348894417999999762e-01,-4.492887723999999805e-02,1.236562262000000072e-02
9.883647500000000141e-01,5.343373221999999645e-01,-4.504264999999999658e-02,1.233417336000000065e-02
9.887224300000000410e-01,5.341736770999999662e-01,-4.578488791000000224e-02,1.243639006000000005e-02
9.890801200000000071e-01,5.343303989000000032e-01,-4.681459646999999724e-02,1.257924992999999957e-02
9.894378000000000339e-01,5.348967947999999639e-01,-4.820756052999999874e-02,1.281910613999999969e-02
9.897954900000000000e-01,5.354470403000000100e-01,-5.029271563999999917e-02,1.324089290000000051e-02
9.901531700000000269e-01,5.356544918000000211e-01,-5.237128229000000135e-02,1.367401853000000007e-02
9.905108500000000538e-01,5.357364769000000360e-01,-5.469327007000000102e-02,1.414612730000000020e-02
9.908685400000000199e-01,5.357458962000000158e-01,-5.628912969000000183e-02,1.447988522000000049e-02
9.912262200000000467e-01,5.357121901000000408e-01,-5.894368091999999809e-02,1.499833845000000075e-02
9.915838999999999626e-01,5.357073584000000555e-01,-6.147770887000000156e-02,1.542735624999999958e-02
9.919415900000000397e-01,5.359255879000000000e-01,-6.366152930000000543e-02,1.575665639999999923e-02
9.922992699999999555e-01,5.364239567999999903e-01,-6.578250971000000613e-02,1.606400896000000078e-02
9.926569600000000326e-01,5.368495475000000239e-01,-6.746612923000000483e-02,1.631105159000000027e-02
9.930146399999999485e-01,5.372749256000000084e-01,-6.955526830000000049e-02,1.667384851999999945e-02
9.933723199999999753e-01,5.377054180000000461e-01,-7.142241126999999967e-02,1.706421942999999941e-02
9.937300100000000525e-01,5.383164069000000440e-01,-7.310839852999999333e-02,1.742921838000000001e-02
9.940876899999999683e-01,5.386275968000000525e-01,-7.509029039999999544e-02,1.783104476999999854e-02
9.944453800000000454e-01,5.390380174000000135e-01,-7.782682273999999567e-02,1.837559655999999875e-02
9.948030599999999612e-01,5.392893004000000046e-01,-8.027299803000000067e-02,1.887614280999999963e-02
9.951607399999999881e-01,5.396626407000000292e-01,-8.327894197000000609e-02,1.939725461999999845e-02
9.955184299999999542e-01,5.398848816000000328e-01,-8.663391695000000059e-02,1.997174529999999962e-02
9.958761099999999811e-01,5.403697171000000354e-01,-9.010043839999999638e-02,2.059972831999999990e-02
9.962337999999999472e-01,5.406882334999999484e-01,-9.339020404999999470e-02,2.120620310000000119e-02
9.965914799999999740e-01,5.413925585000000096e-01,-9.633849141000000449e-02,2.180158119999999963e-02
9.969491600000000009e-01,5.419844466000000027e-01,-9.964439813000000590e-02,2.241234941000000078e-02
9.973068499999999670e-01,5.430969758999999453e-01,-1.033223139999999984e-01,2.314472342999999988e-02
9.976645299999999938e-01,5.431673714000000430e-01,-1.062443886999999976e-01,2.373082227000000016e-02
9.980222199999999599e-01,5.431347394000000106e-01,-1.089297614999999997e-01,2.423828759000000097e-02
9.983798999999999868e-01,5.427539611999999680e-01,-1.118520677999999963e-01,2.481629657000000017e-02
9.987375800000000137e-01,5.424457746999999941e-01,-1.143336293999999975e-01,2.525014693000000171e-02
9.990952699999999798e-01,5.420348645000000465e-01,-1.162375986000000055e-01,2.544822735000000155e-02
9.994529500000000066e-01,5.418189920000000548e-01,-1.183231084000000016e-01,2.569026782999999856e-02
9.998106300000000335e-01,5.419149780999999999e-01,-1.207698063000000044e-01,2.607618997000000008e-02
1.000168299999999899e+00,5.421143122999999564e-01,-1.229781816000000000e-01,2.645773352999999939e-02
1.000526000000000026e+00,5.421790749999999548e-01,-1.255055170000000109e-01,2.689221170999999896e-02
1.000883699999999932e+00,5.425828107000000289e-01,-1.277057376999999883e-01,2.722380891000000108e-02
1.001241400000000059e+00,5.430098461000000265e-01,-1.298616914999999872e-01,2.765132889000000010e-02
1.001599099999999964e+00,5.432305500999999870e-01,-1.313975545999999939e-01,2.798276632000000139e-02
1.001956700000000033e+00,5.429938329000000286e-01,-1.326602795000000057e-01,2.819258957999999995e-02
1.002314399999999939e+00,5.426284544999999682e-01,-1.333867230999999931e-01,2.832563952000000107e-02
1.002672100000000066e+00,5.418727252999999688e-01,-1.339210591999999977e-01,2.840792087999999965e-02
1.003029799999999971e+00,5.416633645999999747e-01,-1.348606723000000118e-01,2.853987866000000026e-02
1.003387500000000099e+00,5.411046097999999693e-01,-1.360500085999999942e-01,2.873157503000000126e-02
1.003745200000000004e+00,5.409506519000000235e-01,-1.380898448000000001e-01,2.911673064999999866e-02
1.004102800000000073e+00,5.407523454999999535e-01,-1.400347889999999929e-01,2.942265745000000043e-02
1.004460499999999978e+00,5.408824694999999627e-01,-1.415446156999999872e-01,2.968872641999999867e-02
1.004818200000000106e+00,5.413490014999999822e-01,-1.425481453000000120e-01,2.991240566999999947e-02
1.005175900000000011e+00,5.418837840000000350e-01,-1.441156496000000065e-01,3.029551000000000119e-02
1.005533599999999916e+00,5.422938408999999904e-01,-1.456758140999999951e-01,3.067997599000000034e-02
1.005891300000000044e+00,5.424323703000000219e-01,-1.476432896000000050e-01,3.107767210999999932e-02
1.006248899999999891e+00,5.423685154999999813e-01,-1.497219137999999949e-01,3.140571941999999867e-02
1.006606600000000018e+00,5.427743264000000067e-01,-1.513823566999999981e-01,3.163004509000000297e-02
1.006964299999999923e+00,5.433316364000000398e-01,-1.525089373999999887e-01,3.177707896000000337e-02
1.007322000000000051e+00,5.439349986000000525e-01,-1.534615095999999901e-01,3.187331330999999823e-02
1.007679699999999956e+00,5.449746691000000309e-01,-1.546386254999999876e-01,3.199323565000000008e-02
1.008037400000000083e+00,5.460741141999999604e-01,-1.555160435999999868e-01,3.209996267000000264e-02
1.008394999999999930e+00,5.472343455999999495e-01,-1.559838457000000123e-01,3.219442075000000097e-02
1.008752700000000058e+00,5.481105270999999668e-01,-1.565871033000000023e-01,3.231310629999999823e-02
1.009110399999999963e+00,5.486357566999999769e-01,-1.567623719000000027e-01,3.233561031999999946e-02
1.009468100000000090e+00,5.490563578999999583e-01,-1.571739563000000006e-01,3.231996582999999840e-02
1.009825799999999996e+00,5.488653503999999517e-01,-1.574992845000000030e-01,3.228061885999999880e-02
1.010183499999999901e+00,5.486044678000000507e-01,-1.576213083999999931e-01,3.215232011000000029e-02
1.010541200000000028e+00,5.484103779000000234e-01,-1.575656361999999977e-01,3.196354307000000283e-02
1.010898800000000097e+00,5.484681091999999980e-01,-1.574224260000000042e-01,3.180020688000000095e-02
1.011256500000000003e+00,5.487036621999999975e-01,-1.574282552000000057e-01,3.162202366999999903e-02
1.011614199999999908e+00,5.490538668000000122e-01,-1.566755941999999902e-01,3.134168301999999684e-02
1.011971900000000035e+00,5.494871896999999894e-01,-1.558252528000000081e-01,3.108400068999999863e-02
1.012329599999999941e+00,5.500915104000000388e-01,-1.548705623999999947e-01,3.091193889000000070e-02
1.012687300000000068e+00,5.506015574999999496e-01,-1.539313250999999882e-01,3.086686060000000051e-02
1.013044899999999915e+00,5.504251195999999569e-01,-1.529778790000000110e-01,3.074654795000000135e-02
1.013402600000000042e+00,5.499278561999999537e-01,-1.515732676999999862e-01,3.051093741000000109e-02
1.013760299999999948e+00,5.488809824000000503e-01,-1.513464314999999893e-01,3.042317426000000144e-02
1.014118000000000075e+00,5.479031831999999769e-01,-1.498746259000000025e-01,3.002488001000000115e-02
1.014475699999999980e+00,5.470728303999999875e-01,-1.486466650999999917e-01,2.968579299000000116e-02
1.014833400000000108e+00,5.462172900999999747e-01,-1.481707892000000137e-01,2.947491631000000167e-02
1.015190999999999955e+00,5.454792807999999660e-01,-1.479780660999999997e-01,2.934984658999999912e-02
1.015548700000000082e+00,5.447570698000000489e-01,-1.470533237999999965e-01,2.915749884000000056e-02
1.015906399999999987e+00,5.447118556000000167e-01,-1.462478170000000022e-01,2.907262731000000155e-02
1.016264099999999893e+00,5.444777623000000011e-01,-1.447080366999999868e-01,2.885379600999999836e-02
1.016621800000000020e+00,5.440394857000000473e-01,-1.425896473999999914e-01,2.851243079000000125e-02
1.016979499999999925e+00,5.431985948999999980e-01,-1.407834547000000047e-01,2.821571348999999881e-02
1.017337099999999994e+00,5.421315920999999483e-01,-1.389470516000000100e-01,2.791274054000000143e-02
1.017694799999999899e+00,5.409929580000000238e-01,-1.370371962999999971e-01,2.746797184000000086e-02
1.018052500000000027e+00,5.400875349000000547e-01,-1.350517424999999883e-01,2.701750354999999867e-02
1.018410199999999932e+00,5.391457377999999689e-01,-1.324654798999999883e-01,2.643278468000000159e-02
1.018767900000000060e+00,5.387369162999999794e-01,-1.296753439999999979e-01,2.582220891000000171e-02
1.019125599999999965e+00,5.382596850999999960e-01,-1.264912115999999864e-01,2.511574574000000060e-02
1.019483200000000034e+00,5.379422388000000277e-01,-1.233657588000000027e-01,2.451333895000000138e-02
1.019840899999999939e+00,5.377272691000000160e-01,-1.202405502999999987e-01,2.393496013999999936e-02
1.020198600000000067e+00,5.380480973000000278e-01,-1.171431138999999982e-01,2.338836701999999837e-02
1.020556299999999972e+00,5.380861384999999775e-01,-1.141419206000000020e-01,2.288328238000000153e-02
1.020914000000000099e+00,5.378762297000000414e-01,-1.111447955999999987e-01,2.235122426000000009e-02
1.021271700000000004e+00,5.371008868000000103e-01,-1.083289070999999965e-01,2.175999434000000163e-02
1.021629399999999910e+00,5.366219532999999542e-01,-1.049173245000000060e-01,2.102238245999999908e-02
1.021986999999999979e+00,5.360079714000000051e-01,-1.013200095000000023e-01,2.027185034000000136e-02
1.022344700000000106e+00,5.358768051000000199e-01,-9.804832820000000670e-02,1.961886902999999960e-02
1.022702400000000011e+00,5.361505300000000140e-01,-9.439205118000000561e-02,1.891916152999999906e-02
1.023060099999999917e+00,5.370314164999999695e-01,-9.037540086999999722e-02,1.817896297000000036e-02
1.023417800000000044e+00,5.376490792000000463e-01,-8.635319426000000187e-02,1.747029016999999962e-02
1.023775499999999949e+00,5.383434257000000445e-01,-8.294039232000000039e-02,1.691049963999999989e-02
1.024133100000000018e+00,5.387345821000000257e-01,-7.922230160000000299e-02,1.633769871999999831e-02
1.024490799999999924e+00,5.388561557000000057e-01,-7.591082027999999926e-02,1.575406629000000031e-02
1.024848500000000051e+00,5.386150696000000515e-01,-7.224569315999999908e-02,1.509193401000000039e-02
1.025206199999999956e+00,5.386826232000000436e-01,-6.896610274999999401e-02,1.444966953999999963e-02
1.025563900000000084e+00,5.385896852999999540e-01,-6.590935090999999746e-02,1.385872252000000006e-02
1.025921599999999989e+00,5.386392653999999558e-01,-6.307785243999999847e-02,1.328579960999999934e-02
1.026279200000000058e+00,5.387796948999999946e-01,-6.052371446000000266e-02,1.274993708999999989e-02
1.026636899999999963e+00,5.394445249000000553e-01,-5.773424162000000137e-02,1.229058874000000037e-02
1.026994600000000091e+00,5.401922797999999526e-01,-5.527789212999999896e-02,1.188724570000000008e-02
1.027352299999999996e+00,5.411203100999999460e-01,-5.245914674999999777e-02,1.148318402000000037e-02
1.027709999999999901e+00,5.415183934999999726e-01,-5.012382244000000014e-02,1.113671509999999976e-02
1.028067700000000029e+00,5.416719472000000035e-01,-4.733129612999999875e-02,1.074672408000000058e-02
1.028425300000000098e+00,5.409478779999999931e-01,-4.495178043999999845e-02,1.032484334000000059e-02
1.028783000000000003e+00,5.401738698000000394e-01,-4.269718524999999848e-02,9.871686642999999775e-03
1.029140699999999908e+00,5.392958316000000529e-01,-4.066707378000000012e-02,9.416050590000000706e-03
1.029498400000000036e+00,5.383221112999999614e-01,-3.936325364999999910e-02,9.059766275000000549e-03
1.029856099999999941e+00,5.376798141999999947e-01,-3.809395942999999757e-02,8.719365415999999827e-03
1.030213800000000068e+00,5.373800578999999855e-01,-3.629848455999999668e-02,8.366259531000000069e-03
1.030571499999999974e+00,5.371404938999999601e-01,-3.472604172999999711e-02,8.101920424000000343e-03
1.030929100000000043e+00,5.367026083000000503e-01,-3.310897055999999922e-02,7.909194209999999628e-03
1.031286799999999948e+00,5.361754974000000340e-01,-3.188075540000000208e-02,7.833768422999999245e-03
1.031644500000000075e+00,5.358343568000000223e-01,-3.097459554000000018e-02,7.877264966999999313e-03
1.032002199999999981e+00,5.350573522999999554e-01,-3.020120922000000055e-02,7.886491186000000805e-03
1.032359900000000108e+00,5.342752200999999479e-01,-2.987200883000000126e-02,7.927074948000000648e-03
1.032717600000000013e+00,5.331372410000000395e-01,-3.035473563000000083e-02,7.991279092000000070e-03
1.033075200000000082e+00,5.326286437999999679e-01,-3.141571491000000327e-02,8.119690234999999215e-03
1.033432899999999988e+00,5.325284757999999563e-01,-3.222111285999999797e-02,8.154722629999999750e-03
1.033790599999999893e+00,5.331560228999999707e-01,-3.227407184000000151e-02,8.076508383999999804e-03
1.034148300000000020e+00,5.341366990999999453e-01,-3.259891809999999890e-02,7.988597388000000243e-03
1.034505999999999926e+00,5.351079675000000035e-01,-3.264648779999999861e-02,7.978868497000000254e-03
1.034863700000000053e+00,5.359927746999999520e-01,-3.290030957000000117e-02,8.057979447999999781e-03
1.035221299999999900e+00,5.369584898999999467e-01,-3.413087520000000069e-02,8.349790632000000240e-03
1.035579000000000027e+00,5.379881754999999988e-01,-3.566291573000000131e-02,8.727726439999999863e-03
1.035936699999999933e+00,5.386989104999999611e-01,-3.715594030000000242e-02,8.998131896999999810e-03
1.036294400000000060e+00,5.389440424000000451e-01,-3.851795594000000100e-02,9.223668355999999416e-03
1.036652099999999965e+00,5.391118245999999559e-01,-4.070798311999999919e-02,9.573693381000000086e-03
1.037009800000000093e+00,5.391711144999999927e-01,-4.321419636999999925e-02,9.967925229000000262e-03
1.037367399999999940e+00,5.393370510999999645e-01,-4.628489402000000169e-02,1.047037252000000002e-02
1.037725100000000067e+00,5.398784215999999914e-01,-4.955575487999999695e-02,1.109661066000000064e-02
1.038082799999999972e+00,5.407234586000000398e-01,-5.299247316999999846e-02,1.173597481000000081e-02
1.038442000000000087e+00,5.415600819000000454e-01,-5.587384108000000016e-02,1.232070421000000006e-02
1.038801099999999922e+00,5.423770382999999473e-01,-5.898441935999999830e-02,1.293743414000000057e-02
1.039160300000000037e+00,5.428617503999999538e-01,-6.144581341000000113e-02,1.346241806000000006e-02
1.039519499999999930e+00,5.428288726000000119e-01,-6.420987347999999872e-02,1.393791802000000045e-02
1.039878599999999986e+00,5.423329725000000101e-01,-6.731399020000000677e-02,1.435657232999999929e-02
1.040237800000000101e+00,5.415818246000000391e-01,-7.010952550000000560e-02,1.469982528999999941e-02
1.040596899999999936e+00,5.408750610000000458e-01,-7.352886821000000073e-02,1.519821350000000008e-02
1.040956100000000051e+00,5.405833964999999797e-01,-7.689398007999999340e-02,1.577128948999999974e-02
1.041315299999999944e+00,5.407233030000000440e-01,-8.005233675999999521e-02,1.629077572000000099e-02
1.041674400000000000e+00,5.411691818999999626e-01,-8.328601479000000141e-02,1.693590697000000103e-02
1.042033599999999893e+00,5.416687075999999657e-01,-8.633418191000000186e-02,1.758076448000000028e-02
1.042392800000000008e+00,5.423338537999999875e-01,-8.958473878999999307e-02,1.832573046999999913e-02
1.042751900000000065e+00,5.427523225000000506e-01,-9.279328197000000222e-02,1.904996995999999956e-02
1.043111099999999958e+00,5.433883482000000376e-01,-9.578388861999999337e-02,1.977482849000000015e-02
1.043470200000000014e+00,5.430202845999999584e-01,-9.910115775000000182e-02,2.043887575999999914e-02
1.043829399999999907e+00,5.426467906999999924e-01,-1.016425761000000066e-01,2.088284417000000129e-02
1.044188600000000022e+00,5.418185683999999780e-01,-1.042399905999999987e-01,2.128565547999999863e-02
1.044547700000000079e+00,5.416063985000000303e-01,-1.067571622999999997e-01,2.166770134000000139e-02
1.044906899999999972e+00,5.419541833000000031e-01,-1.097243246000000061e-01,2.208322399000000116e-02
1.045266100000000087e+00,5.425289153000000253e-01,-1.127703295000000022e-01,2.259582196000000168e-02
1.045625199999999921e+00,5.431437138000000386e-01,-1.147375260000000063e-01,2.299650670999999966e-02
1.045984400000000036e+00,5.437283037000000263e-01,-1.172205609000000065e-01,2.359296677000000120e-02
1.046343500000000093e+00,5.440656361000000274e-01,-1.195579472000000004e-01,2.415183796999999938e-02
1.046702699999999986e+00,5.446133399000000486e-01,-1.219904631000000017e-01,2.475286972000000085e-02
1.047061900000000101e+00,5.445432157999999800e-01,-1.242446392000000066e-01,2.524676695999999998e-02
1.047420999999999935e+00,5.439906444000000008e-01,-1.260411112000000000e-01,2.557725619000000145e-02
1.047780200000000050e+00,5.432095259000000453e-01,-1.280100014999999980e-01,2.580006892999999954e-02
1.048139300000000107e+00,5.424177889000000308e-01,-1.298198533000000099e-01,2.603884554000000101e-02
1.048498500000000000e+00,5.419045858000000049e-01,-1.317024861999999963e-01,2.630603013000000143e-02
1.048857699999999893e+00,5.416583897000000203e-01,-1.334816406000000066e-01,2.659391311999999979e-02
1.049216799999999949e+00,5.420121533999999741e-01,-1.354749010000000087e-01,2.695653308000000095e-02
1.049576000000000064e+00,5.422476399000000225e-01,-1.373700385999999940e-01,2.731204271999999877e-02
1.049935199999999957e+00,5.423295483000000194e-01,-1.392945884000000023e-01,2.766452520000000151e-02
1.050294300000000014e+00,5.427279247999999834e-01,-1.411852506999999868e-01,2.804942346000000031e-02
1.050653499999999907e+00,5.427727060999999464e-01,-1.427614550999999898e-01,2.839983951000000020e-02
1.051012599999999964e+00,5.424038011999999798e-01,-1.441193282000000075e-01,2.866010776999999843e-02
1.051371800000000079e+00,5.419880845000000225e-01,-1.455652292999999875e-01,2.888611978000000038e-02
1.051730999999999971e+00,5.415668562000000019e-01,-1.473133856999999935e-01,2.911198805999999986e-02
1.052090100000000028e+00,5.415640365999999650e-01,-1.487480962000000129e-01,2.930177776000000150e-02
1.052449299999999921e+00,5.423150757000000377e-01,-1.499454493000000055e-01,2.940015196999999983e-02
1.052808500000000036e+00,5.432796239999999610e-01,-1.505364594999999972e-01,2.942527417999999881e-02
1.053167600000000093e+00,5.446120103999999573e-01,-1.516480879999999865e-01,2.961484816999999936e-02
1.053526799999999986e+00,5.458902715000000239e-01,-1.528187638999999876e-01,2.994150861000000052e-02
1.053885900000000042e+00,5.472314562000000215e-01,-1.537819408999999971e-01,3.022399515999999939e-02
1.054245099999999935e+00,5.485346331999999547e-01,-1.552982877000000095e-01,3.059478281999999938e-02
1.054604300000000050e+00,5.494977706000000461e-01,-1.563554752999999908e-01,3.088128604000000069e-02
1.054963400000000107e+00,5.498744003000000102e-01,-1.568981885000000076e-01,3.095789648000000019e-02
1.055322600000000000e+00,5.498730810999999941e-01,-1.573040614000000004e-01,3.097166121999999841e-02
1.055681700000000056e+00,5.497682036000000050e-01,-1.574121820000000116e-01,3.083024384000000034e-02
1.056040899999999949e+00,5.499870011999999919e-01,-1.571105117000000106e-01,3.058131378000000095e-02
1.056400100000000064e+00,5.504755668999999907e-01,-1.570023443000000130e-01,3.037870214000000166e-02
1.056759199999999899e+00,5.509742949999999473e-01,-1.569021550999999959e-01,3.027830617999999890e-02
1.057118400000000014e+00,5.514499227000000392e-01,-1.565607079999999929e-01,3.016886938999999851e-02
1.057477599999999907e+00,5.516178099999999862e-01,-1.559467769000000004e-01,3.003746426000000053e-02
1.057836699999999963e+00,5.514369198999999888e-01,-1.551857949000000070e-01,2.990982164000000054e-02
1.058195900000000078e+00,5.512635179000000551e-01,-1.542407735000000113e-01,2.981467163999999836e-02
1.058554999999999913e+00,5.502794506000000530e-01,-1.534747734999999946e-01,2.967573709999999851e-02
1.058914200000000028e+00,5.492998544999999622e-01,-1.521843894999999891e-01,2.937608660000000024e-02
1.059271400000000085e+00,5.477113679999999762e-01,-1.516675700000000016e-01,2.914598336999999970e-02
1.059628599999999921e+00,5.467446663999999679e-01,-1.512703497000000008e-01,2.897953563000000080e-02
1.059985900000000036e+00,5.456253942000000023e-01,-1.508085496999999886e-01,2.876766889000000049e-02
1.060343100000000094e+00,5.447512343999999507e-01,-1.500545718000000084e-01,2.858765342999999848e-02
1.060700299999999929e+00,5.437996715999999786e-01,-1.486462628999999924e-01,2.829954718999999966e-02
1.061057499999999987e+00,5.430938328000000093e-01,-1.461529352000000004e-01,2.782414999999999888e-02
1.061414700000000044e+00,5.423485878999999565e-01,-1.439432318999999960e-01,2.744404166999999881e-02
1.061771999999999938e+00,5.416758913000000453e-01,-1.417321062999999937e-01,2.707360141999999928e-02
1.062129199999999996e+00,5.405654296999999886e-01,-1.398309524000000137e-01,2.675678974999999918e-02
1.062486400000000053e+00,5.392320913000000493e-01,-1.379636321999999915e-01,2.645109924000000126e-02
1.062843600000000110e+00,5.376659488999999681e-01,-1.357603240999999961e-01,2.602130193000000077e-02
1.063200900000000004e+00,5.363945516000000469e-01,-1.336625191999999962e-01,2.561413402999999922e-02
1.063558100000000062e+00,5.357468196000000349e-01,-1.310091687000000116e-01,2.506358596999999980e-02
1.063915299999999897e+00,5.355046283000000074e-01,-1.280926379000000004e-01,2.448681335000000084e-02
1.064272499999999955e+00,5.357756912000000149e-01,-1.246319169000000004e-01,2.384813552000000086e-02
1.064629700000000012e+00,5.362048017999999638e-01,-1.211033722000000035e-01,2.323744142999999845e-02
1.064986999999999906e+00,5.366259542000000327e-01,-1.171101590999999997e-01,2.258192963000000067e-02
1.065344199999999963e+00,5.373614960999999468e-01,-1.132953750999999981e-01,2.193878667999999907e-02
1.065701400000000021e+00,5.377045154999999799e-01,-1.090216066000000011e-01,2.123610207999999944e-02
1.066058600000000078e+00,5.379608563000000121e-01,-1.051862132000000033e-01,2.049402823999999998e-02
1.066415799999999914e+00,5.379683878000000030e-01,-1.017153553999999988e-01,1.971519675000000041e-02
1.066773100000000030e+00,5.378777710000000045e-01,-9.808922080000000154e-02,1.899775500999999894e-02
1.067130300000000087e+00,5.381117374999999647e-01,-9.478932362000000444e-02,1.836293735000000052e-02
1.067487499999999923e+00,5.388078306000000373e-01,-9.192001046000000675e-02,1.781233948000000150e-02
1.067844699999999980e+00,5.395252339999999647e-01,-8.874947911000000134e-02,1.721120655000000013e-02
1.068201900000000037e+00,5.401527091000000169e-01,-8.514067620000000114e-02,1.656384785000000054e-02
1.068559199999999931e+00,5.405963811999999757e-01,-8.134960501999999316e-02,1.593793032999999901e-02
1.068916399999999989e+00,5.410625194000000526e-01,-7.753365432999999307e-02,1.531814698999999988e-02
1.069273600000000046e+00,5.411997215999999611e-01,-7.416272068000000217e-02,1.476917294000000026e-02
1.069630800000000104e+00,5.410978958000000061e-01,-7.107447718999999886e-02,1.428896709000000015e-02
1.069987999999999939e+00,5.405034989000000456e-01,-6.787413201000000451e-02,1.370319344000000064e-02
1.070345300000000055e+00,5.395242237999999801e-01,-6.490635902999999929e-02,1.308123697000000002e-02
1.070702499999999890e+00,5.385339153999999517e-01,-6.219294386000000230e-02,1.245621080000000082e-02
1.071059699999999948e+00,5.382291393000000479e-01,-5.936504523999999727e-02,1.186540349000000071e-02
1.071416900000000005e+00,5.386095866000000232e-01,-5.678751027000000090e-02,1.132594974999999969e-02
1.071774100000000063e+00,5.391374312000000169e-01,-5.458195092999999776e-02,1.093235428999999974e-02
1.072131399999999957e+00,5.394595985000000260e-01,-5.248349471000000183e-02,1.064761418000000071e-02
1.072488600000000014e+00,5.397368031000000510e-01,-5.000667510000000177e-02,1.030593349999999950e-02
1.072845800000000072e+00,5.395280511000000168e-01,-4.827044904000000330e-02,1.017837800999999917e-02
1.073202999999999907e+00,5.391347332999999464e-01,-4.621325652000000256e-02,9.992174621999999617e-03
1.073560199999999965e+00,5.383920169999999450e-01,-4.454172927999999754e-02,9.811774727000000668e-03
1.073917500000000080e+00,5.375357593999999795e-01,-4.297840676999999804e-02,9.625907882000000332e-03
1.074274699999999916e+00,5.366812439999999462e-01,-4.154615561999999707e-02,9.375574793000000101e-03
1.074631899999999973e+00,5.365189557999999748e-01,-4.086913435000000261e-02,9.194346654999999494e-03
1.074989100000000031e+00,5.365084200999999942e-01,-3.932010229999999967e-02,8.803056344000000435e-03
1.075346300000000088e+00,5.369447868000000179e-01,-3.785535292000000163e-02,8.516092345000000202e-03
1.075703599999999982e+00,5.376888665000000289e-01,-3.667822746999999800e-02,8.243021018000000477e-03
1.076060800000000039e+00,5.386247117000000362e-01,-3.563978242000000185e-02,8.053033940000000820e-03
1.076418000000000097e+00,5.396467233999999724e-01,-3.487447852000000181e-02,7.983081805000000197e-03
1.076775199999999932e+00,5.407375413999999658e-01,-3.423604839000000261e-02,7.970705632000000748e-03
1.077132500000000048e+00,5.412212945000000053e-01,-3.389494685000000312e-02,7.983693152999999862e-03
1.077489700000000106e+00,5.413797108000000247e-01,-3.401595056000000089e-02,8.069957532000000475e-03
1.077846899999999941e+00,5.412023897000000083e-01,-3.460199394999999983e-02,8.246129556999999555e-03
1.078204099999999999e+00,5.411518415999999609e-01,-3.579970663999999803e-02,8.473052736999999238e-03
1.078561300000000056e+00,5.413790949000000241e-01,-3.735463368999999978e-02,8.788356590999999579e-03
1.078918599999999950e+00,5.418371422000000104e-01,-3.865297001000000260e-02,9.071572276000000601e-03
1.079275800000000007e+00,5.423119050000000385e-01,-4.043070366999999832e-02,9.471401128000000308e-03
1.079633000000000065e+00,5.426048807000000140e-01,-4.240911842000000265e-02,9.936309420999999559e-03
1.079990199999999900e+00,5.426583699999999455e-01,-4.364152654000000298e-02,1.031583475999999985e-02
1.080347399999999958e+00,5.426146366999999859e-01,-4.530907490999999676e-02,1.070400795999999939e-02
1.080704700000000074e+00,5.422464189000000268e-01,-4.744389250000000113e-02,1.108289865999999985e-02
1.081061899999999909e+00,5.418019782999999867e-01,-4.997311956000000110e-02,1.161716875999999933e-02
1.081419099999999966e+00,5.408267499000000145e-01,-5.298451740000000021e-02,1.221097925000000015e-02
1.081776300000000024e+00,5.399832757000000427e-01,-5.610903483000000136e-02,1.277672114000000074e-02
1.082133500000000081e+00,5.390927959000000325e-01,-5.951187774999999736e-02,1.332367708999999956e-02
1.082490799999999975e+00,5.387834581999999539e-01,-6.243128393999999859e-02,1.386780152999999953e-02
1.082848000000000033e+00,5.384333626999999733e-01,-6.478563516999999439e-02,1.435834323000000079e-02
1.083205200000000090e+00,5.384195407999999849e-01,-6.767559903000000543e-02,1.492249676000000080e-02
1.083562399999999926e+00,5.384532604999999750e-01,-7.027553111999999824e-02,1.544104167000000076e-02
1.083919599999999983e+00,5.386130843999999973e-01,-7.264843527000000578e-02,1.596596867000000045e-02
1.084276900000000099e+00,5.384564097999999799e-01,-7.430234139999999932e-02,1.634009214999999904e-02
1.084634099999999934e+00,5.380405451999999977e-01,-7.705171856999999680e-02,1.688341798999999990e-02
1.084991299999999992e+00,5.374929660999999692e-01,-7.974886858000000689e-02,1.735028324000000011e-02
1.085348500000000049e+00,5.368475347000000175e-01,-8.252264781000000216e-02,1.785827145999999838e-02
1.085705700000000107e+00,5.363234620000000286e-01,-8.565057530000000363e-02,1.835086756000000111e-02
1.086063000000000001e+00,5.362384255000000044e-01,-8.864379063999999753e-02,1.879785563999999964e-02
1.086420200000000058e+00,5.368079752000000093e-01,-9.176028196999999609e-02,1.931887422000000062e-02
1.086777399999999894e+00,5.374640600000000212e-01,-9.545131668999999597e-02,1.997746595999999944e-02
1.087134599999999951e+00,5.381223887999999622e-01,-9.899811291000000513e-02,2.068821897000000173e-02
1.087491800000000008e+00,5.390967692999999450e-01,-1.017439777000000017e-01,2.132090685999999888e-02
1.087849099999999902e+00,5.394531581000000520e-01,-1.041934515000000061e-01,2.183987423000000039e-02
1.088206299999999960e+00,5.397639830999999555e-01,-1.067034412999999932e-01,2.236424999000000136e-02
1.088563500000000017e+00,5.398916769999999588e-01,-1.097205351000000023e-01,2.290685119000000075e-02
1.088920700000000075e+00,5.395696790999999770e-01,-1.125782540999999970e-01,2.342340394000000034e-02
1.089277899999999910e+00,5.390755709000000229e-01,-1.145892839999999996e-01,2.371772911999999942e-02
1.089635200000000026e+00,5.390238968999999658e-01,-1.168063953000000044e-01,2.399679895999999937e-02
1.089992400000000083e+00,5.392253541000000538e-01,-1.190603613000000005e-01,2.427158452000000022e-02
1.090349599999999919e+00,5.396286540000000409e-01,-1.210938866000000058e-01,2.451558367000000044e-02
1.090706799999999976e+00,5.400079010999999651e-01,-1.231861011999999950e-01,2.491309821000000160e-02
1.091064100000000092e+00,5.404764211999999457e-01,-1.254189938999999976e-01,2.543305260999999956e-02
1.091421299999999928e+00,5.408374645000000314e-01,-1.277697885999999894e-01,2.594692247999999882e-02
1.091778499999999985e+00,5.409033449000000271e-01,-1.299200708999999898e-01,2.636994940999999940e-02
1.092135700000000043e+00,5.406703591000000531e-01,-1.320280651999999888e-01,2.676339615000000033e-02
1.092492900000000100e+00,5.406000678000000281e-01,-1.338387414999999969e-01,2.710544428000000172e-02
1.092850199999999994e+00,5.401316336999999468e-01,-1.351946632999999898e-01,2.731556883000000116e-02
1.093207400000000051e+00,5.401582177000000540e-01,-1.365271513000000103e-01,2.753624489999999952e-02
1.093564600000000109e+00,5.403360315999999886e-01,-1.381187068999999989e-01,2.776194095000000112e-02
1.093921799999999944e+00,5.410822645999999736e-01,-1.397386962000000121e-01,2.800270825999999838e-02
1.094279000000000002e+00,5.417179480999999575e-01,-1.411356787999999973e-01,2.823858664000000046e-02
1.094636299999999896e+00,5.424336814000000340e-01,-1.422378948999999948e-01,2.846360084999999956e-02
1.094993499999999953e+00,5.431746756999999981e-01,-1.432949410999999895e-01,2.865926149000000075e-02
1.095350700000000010e+00,5.437476311000000173e-01,-1.442953573999999906e-01,2.886344114999999863e-02
1.095707900000000068e+00,5.440887765999999903e-01,-1.454468083000000078e-01,2.910290503000000084e-02
1.096065099999999903e+00,5.445751156999999454e-01,-1.470372689999999982e-01,2.940368604000000163e-02
1.096422400000000019e+00,5.447162509999999846e-01,-1.481067917999999983e-01,2.961195745000000032e-02
1.096779600000000077e+00,5.448607586000000502e-01,-1.491344833000000092e-01,2.977555911999999957e-02
1.097136799999999912e+00,5.450568905999999547e-01,-1.492619893000000086e-01,2.970797935000000015e-02
1.097493999999999970e+00,5.456956853000000107e-01,-1.497199153000000060e-01,2.970837406000000069e-02
1.097851200000000027e+00,5.462324252000000380e-01,-1.500104706000000010e-01,2.974911154999999863e-02
1.098208499999999921e+00,5.470378817000000060e-01,-1.504669013000000111e-01,2.981243080000000115e-02
1.098565699999999978e+00,5.477936170999999632e-01,-1.510819236000000010e-01,2.987844267000000151e-02
1.098922900000000036e+00,5.485156160999999919e-01,-1.511418140999999937e-01,2.993433342000000053e-02
1.099280100000000093e+00,5.483193578999999707e-01,-1.510294738000000081e-01,2.991619812999999836e-02
1.099637299999999929e+00,5.478668240999999828e-01,-1.509252403999999936e-01,2.989651205000000075e-02
1.099994600000000045e+00,5.473489808000000512e-01,-1.506266850000000102e-01,2.978724244000000021e-02
1.100351800000000102e+00,5.467959918000000474e-01,-1.494301161000000100e-01,2.947059574999999834e-02
1.100708999999999937e+00,5.461382817000000056e-01,-1.482613748999999925e-01,2.912548410999999879e-02
1.101066199999999995e+00,5.454573713999999462e-01,-1.474163132999999903e-01,2.884921073000000155e-02
1.101423400000000052e+00,5.448964594999999855e-01,-1.468278289000000125e-01,2.866851180999999832e-02
1.101780699999999946e+00,5.443683189000000366e-01,-1.460478933000000090e-01,2.848121026000000056e-02
1.102137900000000004e+00,5.438253144000000372e-01,-1.449196923000000137e-01,2.824799310000000035e-02
1.102495100000000061e+00,5.432693992999999555e-01,-1.442531219000000031e-01,2.816456184999999862e-02
1.102852299999999897e+00,5.425260538999999715e-01,-1.423653625000000089e-01,2.780697161000000167e-02
1.103209499999999954e+00,5.419157189000000097e-01,-1.410092239000000081e-01,2.755256325999999936e-02
1.103566800000000070e+00,5.407822198999999719e-01,-1.392653788999999864e-01,2.712936952999999915e-02
1.103923999999999905e+00,5.399235052999999951e-01,-1.371843342999999882e-01,2.664627678999999943e-02
1.104281199999999963e+00,5.387272480000000474e-01,-1.351202421999999903e-01,2.613791505999999917e-02
1.104638400000000020e+00,5.379762689000000542e-01,-1.331485916000000047e-01,2.564370771999999882e-02
1.104995699999999914e+00,5.371791523000000179e-01,-1.309462198999999938e-01,2.514514752000000103e-02
1.105352899999999972e+00,5.366871206000000116e-01,-1.285298971999999929e-01,2.471904809999999827e-02
1.105710100000000029e+00,5.364753063999999627e-01,-1.264039808000000098e-01,2.435190337000000052e-02
1.106067300000000087e+00,5.366149863000000408e-01,-1.233717327000000002e-01,2.380732697000000064e-02
1.106424499999999922e+00,5.364474238999999978e-01,-1.207317512999999953e-01,2.330471287000000086e-02
1.106781800000000038e+00,5.365361006000000099e-01,-1.187810370000000060e-01,2.292405257999999973e-02
1.107139000000000095e+00,5.362534579000000079e-01,-1.161725710999999966e-01,2.245767443999999863e-02
1.107496199999999931e+00,5.359549522000000010e-01,-1.133390301999999961e-01,2.201805730999999849e-02
1.107853399999999988e+00,5.354947930000000245e-01,-1.092997057999999938e-01,2.123779367999999862e-02
1.108210600000000046e+00,5.354617626000000019e-01,-1.053612990000000055e-01,2.047132558000000144e-02
1.108567899999999939e+00,5.353869672000000079e-01,-1.014516141000000038e-01,1.966191751000000154e-02
1.108925099999999997e+00,5.356209130000000318e-01,-9.760082624999999457e-02,1.891955633000000012e-02
1.109282300000000054e+00,5.359331658999999526e-01,-9.448302856000000138e-02,1.834390095999999942e-02
1.109639499999999890e+00,5.362382110000000202e-01,-9.057784835000000367e-02,1.768199281999999900e-02
1.109996699999999947e+00,5.363800386999999503e-01,-8.682378094999999851e-02,1.709929983000000112e-02
1.110354000000000063e+00,5.365037618000000341e-01,-8.299090083000000562e-02,1.643535818999999898e-02
1.110711199999999899e+00,5.361240078000000242e-01,-7.961911497000000171e-02,1.584175318000000110e-02
1.111068399999999956e+00,5.357147054999999991e-01,-7.685809459999999593e-02,1.541448362999999974e-02
1.111425600000000014e+00,5.354151137999999532e-01,-7.368333021999999566e-02,1.493855829999999989e-02
1.111782800000000071e+00,5.352047772000000370e-01,-7.077553811999999500e-02,1.444184913000000001e-02
1.112140099999999965e+00,5.352464923999999957e-01,-6.735284331999999430e-02,1.378992690000000083e-02
1.112497300000000022e+00,5.355319517000000085e-01,-6.431992515999999938e-02,1.318715586999999988e-02
1.112854500000000080e+00,5.361431543000000355e-01,-6.093096270000000064e-02,1.257495754000000077e-02
1.113211699999999915e+00,5.367573655999999804e-01,-5.712261879999999681e-02,1.186719619000000010e-02
1.113568899999999973e+00,5.372557634000000304e-01,-5.377927516000000074e-02,1.124419794000000063e-02
1.113926200000000089e+00,5.374445005000000330e-01,-5.100486243999999975e-02,1.072809616999999965e-02
1.114283399999999924e+00,5.373609984999999645e-01,-4.853950449000000306e-02,1.029166546000000008e-02
1.114640599999999981e+00,5.371565054000000394e-01,-4.581836518000000080e-02,9.832784056000000439e-03
1.114997800000000039e+00,5.370733614999999572e-01,-4.323615043000000185e-02,9.427766710000000383e-03
1.115355000000000096e+00,5.370115570000000282e-01,-4.140424922000000146e-02,9.186719000999999871e-03
1.115712299999999990e+00,5.369244184000000475e-01,-3.940582913000000020e-02,8.851925152999999893e-03
1.116069500000000048e+00,5.367377671999999933e-01,-3.769179437999999743e-02,8.620908316999999210e-03
1.116426700000000105e+00,5.363641287999999507e-01,-3.671574531999999974e-02,8.563999976000000527e-03
1.116783899999999941e+00,5.358704842000000523e-01,-3.594504994000000120e-02,8.568125665000000599e-03
1.117141099999999998e+00,5.358455305999999529e-01,-3.499130334000000175e-02,8.508295601999999250e-03
1.117498399999999892e+00,5.358972656999999584e-01,-3.398150701000000190e-02,8.406194436000000506e-03
1.117855599999999949e+00,5.358569896999999527e-01,-3.327640135999999915e-02,8.343607028999999731e-03
1.118212800000000007e+00,5.356443925999999633e-01,-3.278116159999999724e-02,8.266331864000000043e-03
1.118570000000000064e+00,5.353069580000000549e-01,-3.184836223000000327e-02,8.047576040999999264e-03
1.118927299999999958e+00,5.354658747999999635e-01,-3.150961751999999810e-02,7.862207591000000204e-03
1.119284500000000016e+00,5.355561358999999522e-01,-3.155798994999999690e-02,7.809012482000000401e-03
1.119641700000000073e+00,5.358579334999999944e-01,-3.199964486000000247e-02,7.907089948000000507e-03
1.119998899999999908e+00,5.358892683999999518e-01,-3.283097931000000108e-02,8.089758246000000597e-03
1.120356099999999966e+00,5.360926917999999652e-01,-3.358261324000000325e-02,8.273076153999999252e-03
1.120713400000000082e+00,5.364718029999999693e-01,-3.473110578000000032e-02,8.520684916000000400e-03
1.121070599999999917e+00,5.372303935000000141e-01,-3.714300054999999934e-02,9.038830412999999953e-03
1.121427799999999975e+00,5.376335803999999774e-01,-3.898596128000000188e-02,9.371140465000000336e-03
1.121785000000000032e+00,5.382482286999999976e-01,-4.066373043999999687e-02,9.681611746999999740e-03
1.122142200000000090e+00,5.384093890000000160e-01,-4.298405761000000103e-02,1.017180202999999963e-02
1.122499499999999983e+00,5.387987537999999743e-01,-4.557562980000000319e-02,1.080444231000000053e-02
1.122856700000000041e+00,5.392276572999999962e-01,-4.768167587000000235e-02,1.124297496999999979e-02
1.123213900000000098e+00,5.398812791000000555e-01,-5.014145413999999967e-02,1.176402768999999966e-02
1.123571099999999934e+00,5.400590625000000200e-01,-5.277518506000000026e-02,1.231946411999999998e-02
1.123928299999999991e+00,5.400835701999999738e-01,-5.569931728000000054e-02,1.290271597999999992e-02
1.124285600000000107e+00,5.402197694999999467e-01,-5.826571995000000281e-02,1.341511291999999966e-02
1.124642799999999943e+00,5.407864179000000382e-01,-6.114915761999999838e-02,1.399472419999999925e-02
1.125000000000000000e+00,5.409583449000000543e-01,-6.382755430000000563e-02,1.451353973000000033e-02
1.125357099999999999e+00,5.410296202000000054e-01,-6.710603771999999745e-02,1.513764048999999973e-02
1.125714300000000057e+00,5.410358817000000542e-01,-7.008285006999999400e-02,1.565345455000000108e-02
1.126071800000000067e+00,5.411098117999999513e-01,-7.330356046000000014e-02,1.623662127999999857e-02
1.126429300000000078e+00,5.413326498999999625e-01,-7.680876159999999730e-02,1.691793705000000161e-02
1.126786700000000030e+00,5.415840379999999898e-01,-8.069859900999999669e-02,1.772719371999999932e-02
1.127144200000000041e+00,5.415524654000000160e-01,-8.408429256999999657e-02,1.843273533000000172e-02
1.127501700000000051e+00,5.415445107999999896e-01,-8.724320137999999614e-02,1.916658171999999910e-02
1.127859200000000062e+00,5.418009545999999954e-01,-9.057904480999999508e-02,1.992646291999999875e-02
1.128216700000000072e+00,5.422072046000000478e-01,-9.356147322999999738e-02,2.048242230000000066e-02
1.128574200000000083e+00,5.422150905999999493e-01,-9.680000119999999930e-02,2.105518606999999889e-02
1.128931600000000035e+00,5.420270597999999884e-01,-9.947420176000000558e-02,2.151634888000000106e-02
1.129289100000000046e+00,5.416026129000000022e-01,-1.021123486999999941e-01,2.198943683000000038e-02
1.129646600000000056e+00,5.414605943000000421e-01,-1.056670336999999960e-01,2.264668112999999872e-02
1.130004100000000067e+00,5.414648450000000279e-01,-1.084858783999999993e-01,2.318778827999999972e-02
1.130361600000000077e+00,5.419370277999999708e-01,-1.103927241000000059e-01,2.356005471000000018e-02
1.130719100000000088e+00,5.423877138999999570e-01,-1.121933019999999948e-01,2.388319406000000145e-02
1.131076500000000040e+00,5.426346906000000248e-01,-1.145298889999999958e-01,2.432401309999999983e-02
1.131434000000000051e+00,5.426969614000000108e-01,-1.172732828000000033e-01,2.485173913999999887e-02
1.131791500000000061e+00,5.429183695000000531e-01,-1.195602164999999967e-01,2.527814256000000120e-02
1.132149000000000072e+00,5.433745384000000511e-01,-1.216616450999999932e-01,2.564218483000000118e-02
1.132506500000000083e+00,5.435102191999999777e-01,-1.234950568000000026e-01,2.597108257000000156e-02
1.132864000000000093e+00,5.436069367000000430e-01,-1.250558005000000084e-01,2.622357636000000047e-02
1.133221400000000045e+00,5.434963736000000267e-01,-1.262516683999999889e-01,2.628904875999999932e-02
1.133578900000000056e+00,5.430581989999999637e-01,-1.273507957999999995e-01,2.638368526999999852e-02
1.133936400000000067e+00,5.429681913999999665e-01,-1.280046360000000050e-01,2.642068961999999993e-02
1.134293900000000077e+00,5.430659082000000026e-01,-1.289480508999999997e-01,2.653418768000000150e-02
1.134651400000000088e+00,5.430793582999999813e-01,-1.302632582000000094e-01,2.669999546000000057e-02
1.135008900000000098e+00,5.429195350000000087e-01,-1.317133376000000078e-01,2.694956069999999981e-02
1.135366400000000109e+00,5.429423604999999986e-01,-1.334732688999999972e-01,2.729082472999999967e-02
1.135723800000000061e+00,5.430058950999999690e-01,-1.352449970999999862e-01,2.766255332000000164e-02
1.136081300000000072e+00,5.431564163000000001e-01,-1.368832043000000054e-01,2.798338805999999943e-02
1.136438800000000082e+00,5.431339571000000088e-01,-1.386254177000000032e-01,2.829188922000000148e-02
1.136796300000000093e+00,5.433730743000000363e-01,-1.403534187000000100e-01,2.857062117000000109e-02
1.137153800000000103e+00,5.435115970999999657e-01,-1.415963236999999986e-01,2.879612025000000131e-02
1.137511299999999892e+00,5.442480374000000509e-01,-1.431403397999999882e-01,2.905600519999999853e-02
1.137868700000000066e+00,5.452111331000000227e-01,-1.443404799999999932e-01,2.925931496000000118e-02
1.138226200000000077e+00,5.465460805999999838e-01,-1.455244951999999925e-01,2.949916674999999988e-02
1.138583700000000087e+00,5.473327990999999892e-01,-1.466165417999999998e-01,2.965121810999999871e-02
1.138941200000000098e+00,5.481094121999999791e-01,-1.474922838999999930e-01,2.978757262000000100e-02
1.139298700000000109e+00,5.486676282000000349e-01,-1.486875612000000124e-01,2.993979542999999910e-02
1.139656199999999897e+00,5.492684887000000016e-01,-1.497509435000000111e-01,3.009091075999999892e-02
1.140013600000000071e+00,5.500145538999999806e-01,-1.508460849000000104e-01,3.021887536999999860e-02
1.140371100000000082e+00,5.507336012000000336e-01,-1.522494484999999953e-01,3.049368958000000032e-02
1.140728600000000093e+00,5.512558462000000103e-01,-1.536180651000000064e-01,3.079712023999999979e-02
1.141086100000000103e+00,5.518646197000000031e-01,-1.538470436999999913e-01,3.080299896000000121e-02
1.141443599999999892e+00,5.522938617999999522e-01,-1.534633192000000035e-01,3.071708927999999839e-02
1.141801099999999902e+00,5.530711766000000473e-01,-1.536927660000000084e-01,3.076019014999999829e-02
1.142158500000000076e+00,5.534170387000000302e-01,-1.531044763999999947e-01,3.059401527000000023e-02
1.142516000000000087e+00,5.537732279000000535e-01,-1.528481469999999898e-01,3.048266629999999908e-02
1.142873199999999922e+00,5.536152837000000160e-01,-1.516152081000000096e-01,3.012478856000000080e-02
1.143230299999999922e+00,5.536140722000000292e-01,-1.510038002999999907e-01,2.991612087000000003e-02
1.143587399999999921e+00,5.529351346999999972e-01,-1.506080274000000108e-01,2.973287196000000063e-02
1.143944499999999920e+00,5.523350888000000403e-01,-1.502967571000000113e-01,2.955254464000000095e-02
1.144301699999999977e+00,5.514768045000000285e-01,-1.496206039000000099e-01,2.929305839999999869e-02
1.144658799999999976e+00,5.508630552000000069e-01,-1.496096959999999865e-01,2.921288223000000073e-02
1.145015899999999975e+00,5.505168911000000165e-01,-1.499696886999999923e-01,2.918725008000000107e-02
1.145372999999999974e+00,5.502000096000000395e-01,-1.492574197000000047e-01,2.898554578000000007e-02
1.145730200000000032e+00,5.497311330999999912e-01,-1.478616255999999907e-01,2.867031153999999998e-02
1.146087300000000031e+00,5.487780519999999607e-01,-1.469356658000000038e-01,2.842446754000000145e-02
1.146444400000000030e+00,5.473610541000000218e-01,-1.464323238000000138e-01,2.828575564000000014e-02
1.146801600000000088e+00,5.462723217999999603e-01,-1.460819395999999881e-01,2.816244237999999955e-02
1.147158700000000087e+00,5.449568576000000109e-01,-1.455927293000000011e-01,2.796862313999999919e-02
1.147515800000000086e+00,5.436954631000000537e-01,-1.449477499000000058e-01,2.770294229999999830e-02
1.147872900000000085e+00,5.424017130999999603e-01,-1.438100975999999920e-01,2.732246330999999959e-02
1.148230099999999920e+00,5.411935421000000357e-01,-1.419967874999999990e-01,2.682382243999999888e-02
1.148587199999999919e+00,5.400505908999999605e-01,-1.402007855000000081e-01,2.634120833000000092e-02
1.148944299999999918e+00,5.391526550999999889e-01,-1.385368737000000072e-01,2.603767825999999883e-02
1.149301099999999964e+00,5.385575236999999849e-01,-1.366901436000000081e-01,2.580400947000000000e-02
1.149657799999999952e+00,5.378831111999999859e-01,-1.341842446000000022e-01,2.543373415000000151e-02
1.150014599999999998e+00,5.370660420999999740e-01,-1.312580154999999915e-01,2.494046373000000094e-02
1.150371400000000044e+00,5.363816577000000141e-01,-1.281123140000000049e-01,2.434553063000000073e-02
1.150728100000000031e+00,5.358010627999999498e-01,-1.247740637000000069e-01,2.369468430999999847e-02
1.151084900000000077e+00,5.352347820999999728e-01,-1.209341877999999953e-01,2.295882513999999985e-02
1.151441699999999901e+00,5.348612551000000437e-01,-1.175246744999999954e-01,2.225946339999999857e-02
1.151798400000000111e+00,5.346528073999999853e-01,-1.142855390000000054e-01,2.159955788999999918e-02
1.152155199999999935e+00,5.349227211000000537e-01,-1.112814822000000037e-01,2.100506632000000151e-02
1.152511999999999981e+00,5.353588042000000380e-01,-1.077110691999999953e-01,2.030781974000000004e-02
1.152868699999999968e+00,5.356788708999999926e-01,-1.041955749999999986e-01,1.964637647000000084e-02
1.153225500000000014e+00,5.362260881999999507e-01,-1.006347724999999971e-01,1.901567701999999985e-02
1.153582200000000002e+00,5.363213465999999707e-01,-9.678086518999999555e-02,1.830801582999999969e-02
1.153939000000000048e+00,5.365187174000000114e-01,-9.294683197000000452e-02,1.760403132000000134e-02
1.154295800000000094e+00,5.367542086000000046e-01,-8.991525144999999719e-02,1.698655837000000168e-02
1.154652500000000082e+00,5.367224748000000156e-01,-8.658721316999999640e-02,1.628903862999999883e-02
1.155009299999999905e+00,5.364762359000000425e-01,-8.277431248000000075e-02,1.551993272999999986e-02
1.155366099999999951e+00,5.362641749000000013e-01,-7.988219215000000317e-02,1.496174332000000003e-02
1.155722799999999939e+00,5.363226960000000432e-01,-7.741632649999999338e-02,1.452285396000000013e-02
1.156079599999999985e+00,5.364961794999999478e-01,-7.447846387999999818e-02,1.400300133000000058e-02
1.156436400000000031e+00,5.370125083000000243e-01,-7.129476809000000193e-02,1.342835394000000022e-02
1.156793100000000019e+00,5.375755555000000241e-01,-6.771325162999999869e-02,1.278433439000000067e-02
1.157149900000000065e+00,5.379580037000000203e-01,-6.461143869999999567e-02,1.232172068000000030e-02
1.157506600000000052e+00,5.380985772999999917e-01,-6.173932480000000195e-02,1.183654739000000039e-02
1.157863400000000098e+00,5.382852973999999735e-01,-5.849153969999999758e-02,1.121397627999999938e-02
1.158220199999999922e+00,5.383232781000000244e-01,-5.519414797999999678e-02,1.056483105999999998e-02
1.158576899999999910e+00,5.379031726999999874e-01,-5.330355593999999697e-02,1.017082698999999951e-02
1.158933699999999956e+00,5.375431912999999451e-01,-5.090218472000000022e-02,9.613102852000000170e-03
1.159290500000000002e+00,5.372357540000000098e-01,-4.841190234000000009e-02,9.190114230999999606e-03
1.159647199999999989e+00,5.372882791999999963e-01,-4.629639086000000153e-02,8.872591819000000615e-03
1.160004000000000035e+00,5.373842240999999742e-01,-4.420870839999999774e-02,8.560095251000000502e-03
1.160361100000000034e+00,5.375178850999999813e-01,-4.248066821999999659e-02,8.408608818999999471e-03
1.160718300000000092e+00,5.376155132000000059e-01,-4.134690216999999807e-02,8.401128973999999472e-03
1.161075400000000091e+00,5.373538029000000105e-01,-3.990883360999999963e-02,8.325282293000000819e-03
1.161432599999999926e+00,5.368238425000000369e-01,-3.887763258000000166e-02,8.286730580000000249e-03
1.161789699999999925e+00,5.360501334999999701e-01,-3.690159359999999750e-02,8.022855803000000438e-03
1.162146799999999924e+00,5.353424109000000097e-01,-3.574116672000000189e-02,7.842358750000000267e-03
1.162503999999999982e+00,5.349278936000000373e-01,-3.459422487000000240e-02,7.577617757999999606e-03
1.162861099999999981e+00,5.342996307999999805e-01,-3.362367452000000062e-02,7.340487599000000349e-03
1.163218199999999980e+00,5.341378853999999565e-01,-3.298339229999999733e-02,7.203341585999999651e-03
1.163575400000000037e+00,5.341812885000000177e-01,-3.281048863000000232e-02,7.145994095999999747e-03
1.163932500000000037e+00,5.346005632000000451e-01,-3.248190981000000088e-02,7.181140065999999655e-03
1.164289700000000094e+00,5.349550473999999944e-01,-3.272193874999999863e-02,7.384758723999999656e-03
1.164646800000000093e+00,5.354931129000000123e-01,-3.353619721000000026e-02,7.731722530999999947e-03
1.165004300000000104e+00,5.357729833000000053e-01,-3.432980124999999993e-02,8.001890727999999911e-03
1.165361799999999892e+00,5.356685451999999570e-01,-3.545667530999999789e-02,8.267158772000000530e-03
1.165719399999999961e+00,5.353851296999999620e-01,-3.702669422000000321e-02,8.579077867000000496e-03
1.166076899999999972e+00,5.352276361000000149e-01,-3.854472803999999669e-02,8.863231888000000849e-03
1.166434399999999982e+00,5.353332610000000047e-01,-4.044157194999999788e-02,9.135471969999999636e-03
1.166791899999999993e+00,5.355526120000000390e-01,-4.213118371999999973e-02,9.438414737000000096e-03
1.167149400000000004e+00,5.360723210000000183e-01,-4.341384671000000223e-02,9.733124540999999255e-03
1.167507000000000073e+00,5.365069032999999488e-01,-4.458443362000000243e-02,1.002138929999999914e-02
1.167864500000000083e+00,5.369150000000000311e-01,-4.590679087999999936e-02,1.034120768999999967e-02
1.168222000000000094e+00,5.373129488000000231e-01,-4.774905072999999917e-02,1.075042940000000072e-02
1.168579500000000104e+00,5.374146698999999749e-01,-4.985689391999999914e-02,1.125878869999999941e-02
1.168936999999999893e+00,5.374728999000000229e-01,-5.164442512999999763e-02,1.164496557999999959e-02
1.169294899999999915e+00,5.368975583999999746e-01,-5.436582813000000181e-02,1.215426944999999960e-02
1.169652799999999937e+00,5.363421858000000375e-01,-5.738687536999999977e-02,1.272496115999999927e-02
1.170010699999999959e+00,5.359929741000000192e-01,-6.042066047999999912e-02,1.325832122000000085e-02
1.170368700000000040e+00,5.356305783999999459e-01,-6.413769763000000401e-02,1.393358848999999913e-02
1.170726600000000062e+00,5.353233483999999542e-01,-6.681096961999999362e-02,1.441358208000000085e-02
1.171084500000000084e+00,5.354589131000000446e-01,-6.986476402999999835e-02,1.504502507999999975e-02
1.171442400000000106e+00,5.356642058999999678e-01,-7.291585158999999705e-02,1.573720325000000156e-02
1.171800299999999906e+00,5.362479124000000263e-01,-7.552618731000000640e-02,1.638550312999999953e-02
1.172158199999999928e+00,5.367669448999999871e-01,-7.837783777000000007e-02,1.704523127999999985e-02
1.172516099999999950e+00,5.371189431999999764e-01,-8.165501149999999930e-02,1.768280309000000092e-02
1.172873999999999972e+00,5.371106127000000452e-01,-8.494697288999999985e-02,1.829413556000000080e-02
1.173231899999999994e+00,5.367931929000000491e-01,-8.818163001999999862e-02,1.879536774999999993e-02
1.173589800000000016e+00,5.368809010999999742e-01,-9.137840965000000593e-02,1.924654284999999937e-02
1.173947700000000038e+00,5.371358219999999850e-01,-9.471134276999999824e-02,1.967799939999999997e-02
1.174305600000000060e+00,5.373991737000000102e-01,-9.812564458000000434e-02,2.018517425000000004e-02
1.174663500000000083e+00,5.382960641999999796e-01,-1.013856766000000020e-01,2.073868614000000041e-02
1.175021400000000105e+00,5.394852758999999498e-01,-1.046582934999999992e-01,2.130926319000000027e-02
1.175379299999999905e+00,5.410738699999999568e-01,-1.075876721000000036e-01,2.182998916000000039e-02
1.175737199999999927e+00,5.422626538999999468e-01,-1.100522002999999999e-01,2.229875696999999990e-02
1.176095200000000007e+00,5.436880767999999753e-01,-1.122875680000000043e-01,2.277354067999999912e-02
1.176453100000000029e+00,5.444073431000000518e-01,-1.144903431000000027e-01,2.323388373000000173e-02
1.176811000000000051e+00,5.445173185999999665e-01,-1.170860165000000008e-01,2.376781748999999902e-02
1.177168900000000074e+00,5.444203104999999487e-01,-1.194146127000000057e-01,2.422659544999999914e-02
1.177526800000000096e+00,5.441226880999999738e-01,-1.214487254999999932e-01,2.449855329999999984e-02
1.177884699999999896e+00,5.439606300999999533e-01,-1.232671209999999934e-01,2.472501460000000109e-02
1.178242599999999918e+00,5.440373709000000391e-01,-1.251915235999999931e-01,2.493533590999999841e-02
1.178600499999999940e+00,5.440684094000000082e-01,-1.269365868000000008e-01,2.516746829000000157e-02
1.178958399999999962e+00,5.443291082000000225e-01,-1.285918403999999904e-01,2.547919027000000031e-02
1.179316299999999984e+00,5.445130793000000358e-01,-1.304496571000000049e-01,2.587201252999999854e-02
1.179674200000000006e+00,5.449231150000000135e-01,-1.323592352999999888e-01,2.632006162000000149e-02
1.180032100000000028e+00,5.448830023999999828e-01,-1.338587407999999868e-01,2.668605283999999842e-02
1.180390000000000050e+00,5.443381787000000083e-01,-1.356563909999999873e-01,2.703302640000000007e-02
1.180747900000000072e+00,5.434752512999999619e-01,-1.377112506000000014e-01,2.738848308000000134e-02
1.181105800000000094e+00,5.427885191000000331e-01,-1.395256427000000077e-01,2.767181542999999980e-02
1.181463699999999895e+00,5.424246978000000219e-01,-1.409366411999999902e-01,2.790444419999999967e-02
1.181821599999999917e+00,5.424861063000000483e-01,-1.424583198000000106e-01,2.817748070000000021e-02
1.182179599999999997e+00,5.431728220999999523e-01,-1.440094671999999909e-01,2.844185372000000017e-02
1.182537500000000019e+00,5.441572153999999495e-01,-1.453947432000000095e-01,2.865486659999999866e-02
1.182895400000000041e+00,5.451496515999999515e-01,-1.463516642999999895e-01,2.883066322000000029e-02
1.183253300000000063e+00,5.464045559000000329e-01,-1.467719603000000039e-01,2.886862676999999919e-02
1.183611200000000085e+00,5.473414824000000234e-01,-1.475621004000000069e-01,2.902337165999999830e-02
1.183969100000000108e+00,5.480358714999999936e-01,-1.486438827999999879e-01,2.927344062000000052e-02
1.184326999999999908e+00,5.483954563999999809e-01,-1.498671597000000022e-01,2.947441976999999949e-02
1.184684899999999930e+00,5.488299201999999877e-01,-1.512529045000000072e-01,2.964776586000000130e-02
1.185042799999999952e+00,5.489990538000000253e-01,-1.522849062999999947e-01,2.968930703000000060e-02
1.185400699999999974e+00,5.494809167999999966e-01,-1.534046702999999900e-01,2.981205136999999852e-02
1.185758599999999996e+00,5.503781931000000238e-01,-1.540240203000000085e-01,2.988434666999999906e-02
1.186116500000000018e+00,5.513951939000000246e-01,-1.544739036999999982e-01,2.993969402999999835e-02
1.186474000000000029e+00,5.523941127000000506e-01,-1.546353625999999926e-01,3.003891025999999922e-02
1.186831500000000039e+00,5.530373795999999897e-01,-1.548420547000000091e-01,3.013806076000000167e-02
1.187189000000000050e+00,5.534395364999999956e-01,-1.549315105000000081e-01,3.025815720000000000e-02
1.187546500000000060e+00,5.534753875000000267e-01,-1.549662266000000066e-01,3.032886384000000116e-02
1.187904000000000071e+00,5.525205148999999816e-01,-1.543747897999999952e-01,3.016642179000000173e-02
1.188261500000000082e+00,5.513463814000000296e-01,-1.537501176999999941e-01,2.993468453999999918e-02
1.188619000000000092e+00,5.499909987000000111e-01,-1.532857478999999912e-01,2.975409160000000094e-02
1.188976500000000103e+00,5.491806608000000534e-01,-1.528246464999999943e-01,2.953997670000000145e-02
1.189333999999999891e+00,5.484934031999999515e-01,-1.519966903999999952e-01,2.925721213000000154e-02
1.189691499999999902e+00,5.482366843000000545e-01,-1.512451364999999881e-01,2.904845952000000009e-02
1.190048999999999912e+00,5.477131296999999677e-01,-1.506610431000000028e-01,2.893951669000000004e-02
1.190406099999999912e+00,5.470701152000000400e-01,-1.500552800000000131e-01,2.892342561999999839e-02
1.190763199999999911e+00,5.462160910000000147e-01,-1.493646043000000090e-01,2.895007661000000010e-02
1.191120299999999910e+00,5.453186518999999510e-01,-1.486647476000000079e-01,2.893443786999999948e-02
1.191477300000000072e+00,5.439299990000000529e-01,-1.476731860000000118e-01,2.883246479000000154e-02
1.191834400000000072e+00,5.421477152000000466e-01,-1.467400866999999942e-01,2.863573340999999925e-02
1.192191500000000071e+00,5.402330157000000410e-01,-1.455061206999999912e-01,2.829932682000000158e-02
1.192548600000000070e+00,5.382355734999999530e-01,-1.439556378000000081e-01,2.790598076000000080e-02
1.192905700000000069e+00,5.366046258000000124e-01,-1.422514602000000128e-01,2.747865694999999941e-02
1.193262800000000068e+00,5.356919177000000198e-01,-1.399747218000000071e-01,2.698203145999999997e-02
1.193619900000000067e+00,5.352405687000000301e-01,-1.373303308999999917e-01,2.645219014999999896e-02
1.193976900000000008e+00,5.350110326000000471e-01,-1.342873813000000083e-01,2.595064587000000048e-02
1.194334000000000007e+00,5.346380003999999797e-01,-1.314788533000000037e-01,2.556652560000000074e-02
1.194691100000000006e+00,5.348876657000000145e-01,-1.280558082999999903e-01,2.504467264999999873e-02
1.195047799999999993e+00,5.348771229000000016e-01,-1.244610424999999937e-01,2.444055209000000131e-02
1.195404499999999981e+00,5.344535591000000307e-01,-1.214543463000000018e-01,2.391712723999999887e-02
1.195761099999999910e+00,5.340455404999999711e-01,-1.185767043000000021e-01,2.336025908000000095e-02
1.196117799999999898e+00,5.335409315000000374e-01,-1.157493326999999989e-01,2.277163362999999954e-02
1.196474500000000107e+00,5.335898955000000221e-01,-1.132944775999999987e-01,2.219326346999999852e-02
1.196831100000000037e+00,5.338875360999999486e-01,-1.103110392999999967e-01,2.153779817000000055e-02
1.197187800000000024e+00,5.345369274000000281e-01,-1.071981510999999998e-01,2.092167639999999856e-02
1.197544500000000012e+00,5.353563866999999643e-01,-1.034054026999999959e-01,2.024128379000000172e-02
1.197901099999999941e+00,5.360350742999999696e-01,-1.001475542999999968e-01,1.964380174000000118e-02
1.198257799999999929e+00,5.367924039000000480e-01,-9.683927945999999676e-02,1.900696691999999993e-02
1.198614499999999916e+00,5.371912425000000546e-01,-9.333248382000000620e-02,1.831432435999999844e-02
1.198971199999999904e+00,5.370442804999999709e-01,-9.005788628999999990e-02,1.766202798000000157e-02
1.199327800000000055e+00,5.362343708000000264e-01,-8.633420270000000118e-02,1.698310438999999991e-02
1.199684500000000043e+00,5.354657889999999698e-01,-8.330984871999999597e-02,1.641726848000000030e-02
1.200041200000000030e+00,5.349485539999999650e-01,-8.058854209000000657e-02,1.583932631999999951e-02
1.200397799999999959e+00,5.348581456000000012e-01,-7.742260861999999966e-02,1.514854954000000031e-02
1.200754499999999947e+00,5.351081616999999735e-01,-7.458915235999999394e-02,1.459634066999999924e-02
1.201111199999999934e+00,5.357368529999999573e-01,-7.229638567000000460e-02,1.422173629000000016e-02
1.201467800000000086e+00,5.361036528000000523e-01,-6.970127130000000615e-02,1.381146725000000075e-02
1.201824500000000073e+00,5.362930812999999741e-01,-6.684935412999999660e-02,1.340820864000000050e-02
1.202181200000000061e+00,5.367575866999999556e-01,-6.364487808999999552e-02,1.289372935999999990e-02
1.202537799999999990e+00,5.366681292999999631e-01,-6.113201044000000223e-02,1.252211345999999954e-02
1.202894499999999978e+00,5.359667466999999963e-01,-5.861311377000000267e-02,1.207898789999999924e-02
1.203251199999999965e+00,5.351860572000000094e-01,-5.626053806999999768e-02,1.166037085000000070e-02
1.203607899999999953e+00,5.340949644000000385e-01,-5.389971436999999727e-02,1.121060395999999917e-02
1.203964500000000104e+00,5.332191533000000261e-01,-5.146212941000000152e-02,1.073911808999999939e-02
1.204321200000000092e+00,5.325664880999999573e-01,-4.950148391999999870e-02,1.046200813000000042e-02
1.204677900000000079e+00,5.325088553000000280e-01,-4.780892149000000313e-02,1.025966411999999946e-02
1.205034500000000008e+00,5.325729015000000288e-01,-4.570180681000000217e-02,1.002031840999999951e-02
1.205391199999999996e+00,5.326713504000000210e-01,-4.356888487999999865e-02,9.834887938999999774e-03
1.205747899999999984e+00,5.327036685999999577e-01,-4.211324889000000321e-02,9.753291342000000239e-03
1.206104499999999913e+00,5.327036820999999644e-01,-4.056341693999999942e-02,9.596626505999999307e-03
1.206461199999999900e+00,5.324749242999999854e-01,-3.935803169000000323e-02,9.491582700999999511e-03
1.206818299999999899e+00,5.320410826000000482e-01,-3.827741389000000050e-02,9.312264348999999691e-03
1.207175399999999899e+00,5.315482129999999916e-01,-3.778015282000000280e-02,9.203020629000000646e-03
1.207532499999999898e+00,5.312026076000000430e-01,-3.791944164000000256e-02,9.184566659000000313e-03
1.207889599999999897e+00,5.314657014000000457e-01,-3.830116052000000215e-02,9.218939054999999994e-03
1.208246699999999896e+00,5.318238946000000134e-01,-3.799496393000000027e-02,9.176490283999999553e-03
1.208603799999999895e+00,5.322715574999999921e-01,-3.909122045999999934e-02,9.451113557999999207e-03
1.208960899999999894e+00,5.328285372000000075e-01,-3.973262965999999757e-02,9.648963168999999743e-03
1.209317999999999893e+00,5.332893465000000388e-01,-4.028216357000000136e-02,9.825174473999999727e-03
1.209675099999999892e+00,5.336401116000000222e-01,-4.109246772999999853e-02,1.004334437999999941e-02
1.210032199999999891e+00,5.336035246000000454e-01,-4.266829359999999710e-02,1.042801137000000031e-02
1.210389299999999890e+00,5.334343059999999692e-01,-4.510290900999999741e-02,1.098337364000000031e-02
1.210746399999999889e+00,5.327785132000000257e-01,-4.661487946000000132e-02,1.128950696999999996e-02
1.211103500000000111e+00,5.318715953000000551e-01,-4.801402233000000297e-02,1.153445250999999942e-02
1.211460600000000110e+00,5.313831914000000101e-01,-5.006481839000000156e-02,1.185620851999999968e-02
1.211817799999999945e+00,5.315486045999999742e-01,-5.162946260000000204e-02,1.207112119999999983e-02
1.212174899999999944e+00,5.315609043000000256e-01,-5.317755124000000250e-02,1.233222697000000041e-02
1.212531999999999943e+00,5.317499763999999907e-01,-5.545543793999999777e-02,1.288252309999999949e-02
1.212889099999999942e+00,5.318299070999999989e-01,-5.779787148999999957e-02,1.344061853000000015e-02
1.213246199999999941e+00,5.322459818000000453e-01,-6.020182971000000161e-02,1.405476488000000079e-02
1.213603699999999952e+00,5.319499896999999589e-01,-6.271465762000000277e-02,1.467632330999999943e-02
1.213961300000000021e+00,5.317633140999999952e-01,-6.517148581999999968e-02,1.521982753999999959e-02
1.214318800000000032e+00,5.309870748999999668e-01,-6.785539777000000605e-02,1.571649074999999923e-02
1.214676400000000100e+00,5.301150500000000321e-01,-7.019156949999999506e-02,1.613291450999999876e-02
1.215033899999999889e+00,5.294620061000000488e-01,-7.253680565999999497e-02,1.657429997000000113e-02
1.215391499999999958e+00,5.295598076999999959e-01,-7.545536262999999466e-02,1.713536192000000152e-02
1.215748999999999969e+00,5.300116974999999897e-01,-7.830086780999999385e-02,1.767806041999999897e-02
1.216106600000000038e+00,5.307068499999999522e-01,-8.143070930000000096e-02,1.836345320999999836e-02
1.216464100000000048e+00,5.313606692000000242e-01,-8.475389869999999659e-02,1.908631452999999881e-02
1.216821600000000059e+00,5.324487318999999719e-01,-8.813268449000000171e-02,1.983752517999999923e-02
1.217179199999999906e+00,5.332893539999999932e-01,-9.105335572000000655e-02,2.041825955000000151e-02
1.217536699999999916e+00,5.341910837000000134e-01,-9.401189790000000213e-02,2.096212536000000015e-02
1.217894299999999985e+00,5.348142765000000187e-01,-9.750056058999999331e-02,2.157767853999999902e-02
1.218251799999999996e+00,5.352448800000000340e-01,-1.010238365999999999e-01,2.214699975000000015e-02
1.218609400000000065e+00,5.353741564999999758e-01,-1.040373136999999948e-01,2.258744147000000049e-02
1.218966900000000075e+00,5.359085458000000246e-01,-1.068492035999999978e-01,2.297971320000000151e-02
1.219324499999999922e+00,5.367663604000000310e-01,-1.095727598000000025e-01,2.333272049000000015e-02
1.219681999999999933e+00,5.378178979000000082e-01,-1.123761951000000064e-01,2.375969917999999972e-02
1.220039600000000002e+00,5.386662208000000396e-01,-1.147447312000000053e-01,2.418816004000000006e-02
1.220397100000000012e+00,5.395212552000000494e-01,-1.167642423999999957e-01,2.464580203000000039e-02
1.220754700000000081e+00,5.401118877999999679e-01,-1.188559027999999962e-01,2.505783666999999992e-02
1.221112200000000092e+00,5.404996415999999693e-01,-1.210270625999999988e-01,2.547945697999999884e-02
1.221469799999999939e+00,5.404772337000000038e-01,-1.232260733999999969e-01,2.588571364999999944e-02
1.221827299999999950e+00,5.402825282000000007e-01,-1.255018008999999879e-01,2.626055723999999938e-02
1.222184900000000018e+00,5.396734794999999973e-01,-1.273656310000000069e-01,2.647694474999999839e-02
1.222542400000000029e+00,5.393310368000000521e-01,-1.293322097000000059e-01,2.665575854999999855e-02
1.222900000000000098e+00,5.390302898000000065e-01,-1.307139367000000052e-01,2.674258788000000164e-02
1.223257500000000109e+00,5.393641334000000009e-01,-1.322427851999999904e-01,2.687219165999999923e-02
1.223615099999999956e+00,5.394686650000000139e-01,-1.336566580000000115e-01,2.705944969000000089e-02
1.223972599999999966e+00,5.399623865999999550e-01,-1.351986876000000060e-01,2.729826217000000041e-02
1.224330200000000035e+00,5.404611940000000336e-01,-1.365936890999999986e-01,2.753280211000000074e-02
1.224687700000000046e+00,5.407897006999999867e-01,-1.382473328999999918e-01,2.792497399000000088e-02
1.225045299999999893e+00,5.410432643000000486e-01,-1.397317902000000112e-01,2.822871730999999829e-02
1.225402799999999903e+00,5.414206499000000505e-01,-1.411608520000000033e-01,2.847076974999999954e-02
1.225760399999999972e+00,5.413244868000000043e-01,-1.427895190000000036e-01,2.870718330999999859e-02
1.226117899999999983e+00,5.415266040999999753e-01,-1.445637714000000129e-01,2.892281907999999860e-02
1.226475500000000052e+00,5.420488597999999492e-01,-1.460333631000000076e-01,2.903773899999999991e-02
1.226833000000000062e+00,5.428863655000000232e-01,-1.471959559000000084e-01,2.912570673999999998e-02
1.227190599999999909e+00,5.437983509999999576e-01,-1.483329768999999965e-01,2.930171511999999853e-02
1.227548099999999920e+00,5.447715166000000053e-01,-1.492503551000000095e-01,2.948540979000000006e-02
1.227905699999999989e+00,5.459536368999999834e-01,-1.498773416999999997e-01,2.960094900000000140e-02
1.228263199999999999e+00,5.467949205000000035e-01,-1.505165156999999920e-01,2.969759870000000107e-02
1.228620700000000010e+00,5.473235351999999887e-01,-1.514721981999999911e-01,2.982173957999999930e-02
1.228978300000000079e+00,5.477587448999999831e-01,-1.525202410000000008e-01,2.996144204999999852e-02
1.229335800000000090e+00,5.478196028999999800e-01,-1.538819144000000139e-01,3.014202466999999983e-02
1.229693399999999937e+00,5.478795285999999987e-01,-1.549392642000000098e-01,3.031300475000000064e-02
1.230050899999999947e+00,5.478541020999999622e-01,-1.555056791999999966e-01,3.032479019999999997e-02
1.230408500000000016e+00,5.480497908999999446e-01,-1.554960724999999988e-01,3.028301018000000011e-02
1.230766000000000027e+00,5.481855679999999564e-01,-1.556130329000000034e-01,3.031900624000000155e-02
1.231123600000000096e+00,5.484324216999999502e-01,-1.556093890999999951e-01,3.036721887000000050e-02
1.231481100000000106e+00,5.482028424999999539e-01,-1.550235530999999889e-01,3.033357857999999935e-02
1.231838699999999953e+00,5.481990571999999506e-01,-1.543214257999999950e-01,3.025656230999999863e-02
1.232196199999999964e+00,5.474647718999999801e-01,-1.538653450999999950e-01,3.013974016000000103e-02
1.232553800000000033e+00,5.466714866999999867e-01,-1.535364238999999964e-01,2.999282940000000050e-02
1.232910900000000032e+00,5.453650469999999917e-01,-1.526718290000000089e-01,2.969729918999999829e-02
1.233267899999999972e+00,5.438601291000000337e-01,-1.511827877999999958e-01,2.925024313999999986e-02
1.233624999999999972e+00,5.423646332999999542e-01,-1.500362050999999863e-01,2.887178729999999999e-02
1.233982099999999971e+00,5.409711937000000193e-01,-1.490382859999999920e-01,2.856590393000000075e-02
1.234339099999999911e+00,5.399635608999999725e-01,-1.474770418000000138e-01,2.821913515000000136e-02
1.234696199999999910e+00,5.393597520999999784e-01,-1.457346317999999863e-01,2.784862659000000157e-02
1.235053299999999910e+00,5.389359094000000239e-01,-1.443349573000000108e-01,2.756817244000000014e-02
1.235410300000000072e+00,5.386660863000000132e-01,-1.428408727000000100e-01,2.729320309999999986e-02
1.235767400000000071e+00,5.380762944000000436e-01,-1.412252489999999971e-01,2.697269726999999839e-02
1.236124500000000070e+00,5.375842341000000024e-01,-1.393155725000000122e-01,2.657058207000000116e-02
1.236481600000000070e+00,5.367333220000000127e-01,-1.380549571999999947e-01,2.621369189000000155e-02
1.236838600000000010e+00,5.360447334000000286e-01,-1.364488014000000138e-01,2.579307242000000028e-02
1.237195700000000009e+00,5.350651329000000178e-01,-1.342060784999999923e-01,2.524446844000000079e-02
1.237552800000000008e+00,5.347786128000000527e-01,-1.312959096000000103e-01,2.457422550999999872e-02
1.237909799999999949e+00,5.346645891000000317e-01,-1.281550342999999981e-01,2.389020946999999978e-02
1.238266899999999948e+00,5.347631965000000376e-01,-1.248395667999999958e-01,2.320402300000000070e-02
1.238623999999999947e+00,5.349474611000000213e-01,-1.209308879000000059e-01,2.240925660000000000e-02
1.238981099999999946e+00,5.352500197999999765e-01,-1.168707449999999981e-01,2.165423899999999874e-02
1.239338100000000109e+00,5.351369347000000110e-01,-1.131064653000000003e-01,2.102327463999999896e-02
1.239695200000000108e+00,5.350286212999999513e-01,-1.091526527999999996e-01,2.033785889999999846e-02
1.240052300000000107e+00,5.347745121000000434e-01,-1.054340886000000033e-01,1.969687247000000141e-02
1.240409300000000048e+00,5.346354221000000351e-01,-1.016762038000000035e-01,1.902237731999999876e-02
1.240766400000000047e+00,5.345502115000000387e-01,-9.860547700999999776e-02,1.843339318000000032e-02
1.241123500000000046e+00,5.346014623000000521e-01,-9.522449614000000340e-02,1.776796381999999966e-02
1.241480600000000045e+00,5.344354417000000135e-01,-9.136816527999999660e-02,1.702193526999999998e-02
1.241837599999999986e+00,5.344360165999999523e-01,-8.765597518999999893e-02,1.636526204999999914e-02
1.242194199999999915e+00,5.344606595999999987e-01,-8.376963266999999658e-02,1.566843257999999892e-02
1.242550800000000066e+00,5.349685247000000032e-01,-8.026122484999999307e-02,1.508351626999999973e-02
1.242907399999999996e+00,5.352566609000000142e-01,-7.629691639999999775e-02,1.435479173000000011e-02
1.243263900000000088e+00,5.354635329000000388e-01,-7.266073148000000426e-02,1.365960046000000080e-02
1.243620500000000018e+00,5.355042197999999587e-01,-6.913700683000000013e-02,1.290949035000000036e-02
1.243977099999999947e+00,5.355796664999999956e-01,-6.577545837999999867e-02,1.220458401000000005e-02
1.244333700000000098e+00,5.357605951999999672e-01,-6.223130523999999969e-02,1.145513840000000026e-02
1.244690300000000027e+00,5.359872787999999666e-01,-5.970389821000000180e-02,1.090354487999999934e-02
1.245047299999999968e+00,5.362634782999999850e-01,-5.664291837000000329e-02,1.027676276000000048e-02
1.245404399999999967e+00,5.367125979000000324e-01,-5.386294047000000224e-02,9.793553414999999623e-03
1.245761499999999966e+00,5.368814969999999853e-01,-5.134354521000000088e-02,9.383820613999999463e-03
1.246118599999999965e+00,5.372079523999999662e-01,-4.903580687999999771e-02,9.037571809000000123e-03
1.246475599999999906e+00,5.374809737000000309e-01,-4.695230197999999966e-02,8.763504208999999684e-03
1.246832699999999905e+00,5.376261337000000085e-01,-4.482388528999999705e-02,8.458707758999999340e-03
1.247189799999999904e+00,5.373496252999999667e-01,-4.318058676000000040e-02,8.241700225999999338e-03
1.247546899999999903e+00,5.368553846000000407e-01,-4.162998518000000231e-02,7.994486184999999995e-03
1.247903900000000066e+00,5.365619206999999724e-01,-3.992680573000000066e-02,7.707285456000000264e-03
1.248261000000000065e+00,5.362879180999999829e-01,-3.765990646000000330e-02,7.315823634000000013e-03
1.248618100000000064e+00,5.360629866999999660e-01,-3.593662330999999877e-02,7.038052629999999588e-03
1.248975200000000063e+00,5.357417154000000403e-01,-3.418547093999999703e-02,6.736691419000000007e-03
1.249332200000000004e+00,5.351563849999999567e-01,-3.236014806000000327e-02,6.402206984999999663e-03
1.249689300000000003e+00,5.348845362999999908e-01,-3.040871200000000094e-02,6.045188855999999999e-03
1.250046400000000002e+00,5.345137475000000249e-01,-2.865974251999999986e-02,5.778337229999999658e-03
1.250403500000000001e+00,5.343227071999999689e-01,-2.761585434999999991e-02,5.699441977999999964e-03
1.250760600000000000e+00,5.338375268999999701e-01,-2.740362970999999856e-02,5.780972571999999990e-03
1.251117599999999941e+00,5.332001540999999900e-01,-2.759580554000000061e-02,5.851426510000000414e-03
1.251474699999999940e+00,5.325341875000000336e-01,-2.850091206000000127e-02,6.064759004999999842e-03
1.251831799999999939e+00,5.323881544999999882e-01,-2.977280959999999838e-02,6.348162438999999622e-03
1.252188899999999938e+00,5.319700846999999566e-01,-3.054717951000000126e-02,6.515250761000000203e-03
1.252545900000000101e+00,5.320303840000000228e-01,-3.124847986999999827e-02,6.661159566999999733e-03
1.252903000000000100e+00,5.316237622999999690e-01,-3.239822988999999792e-02,6.876941652000000127e-03
1.253260100000000099e+00,5.317266121000000512e-01,-3.399845835000000344e-02,7.180402649999999797e-03
1.253617200000000098e+00,5.316831848999999943e-01,-3.577725724999999968e-02,7.520112857999999845e-03
1.253974200000000039e+00,5.319935860000000183e-01,-3.731375550999999763e-02,7.832741247999999712e-03
1.254331800000000108e+00,5.320344282000000202e-01,-3.931547836000000296e-02,8.226124035999999445e-03
1.254689399999999955e+00,5.321510537000000429e-01,-4.118426429000000139e-02,8.577139329000000104e-03
1.255047000000000024e+00,5.319799671999999591e-01,-4.334789703999999966e-02,8.936482562999999851e-03
1.255404600000000093e+00,5.320837340999999832e-01,-4.576373612000000229e-02,9.353060711000000041e-03
1.255762199999999940e+00,5.323715085000000347e-01,-4.776149459000000180e-02,9.672123439999999461e-03
1.256119800000000009e+00,5.326725036999999663e-01,-4.996559031000000206e-02,1.007935817000000026e-02
1.256477400000000078e+00,5.327188877999999850e-01,-5.239656253000000291e-02,1.056453849000000070e-02
1.256834999999999924e+00,5.329312951000000353e-01,-5.472616186999999799e-02,1.105953821999999982e-02
1.257192599999999993e+00,5.333732380000000273e-01,-5.687199602000000270e-02,1.154560433999999962e-02
1.257550200000000062e+00,5.339390126999999930e-01,-5.943835522000000260e-02,1.210063226000000075e-02
1.257907799999999909e+00,5.342726996000000117e-01,-6.191272349000000175e-02,1.262837424999999937e-02
1.258265399999999978e+00,5.343935677000000162e-01,-6.470828076000000040e-02,1.315264715000000022e-02
1.258623000000000047e+00,5.344310624000000454e-01,-6.778181250999999741e-02,1.370486523999999914e-02
1.258980599999999894e+00,5.344873941000000128e-01,-7.030820613999999580e-02,1.417473594999999961e-02
1.259338199999999963e+00,5.349540414000000244e-01,-7.267751367999999990e-02,1.462217283000000027e-02
1.259695800000000032e+00,5.355347007999999853e-01,-7.525941151999999967e-02,1.512618511000000075e-02
1.260053400000000101e+00,5.359508911999999459e-01,-7.818116521000000041e-02,1.574342483000000167e-02
1.260410999999999948e+00,5.362285589999999935e-01,-8.084606167999999760e-02,1.628994808000000169e-02
1.260768600000000017e+00,5.366751082999999811e-01,-8.351056142000000404e-02,1.683272534000000015e-02
1.261126200000000086e+00,5.375050027000000119e-01,-8.634099930999999950e-02,1.742297266000000094e-02
1.261483700000000097e+00,5.380388362000000368e-01,-8.922881754000000498e-02,1.800629709000000148e-02
1.261841299999999944e+00,5.384845102999999966e-01,-9.190710552000000422e-02,1.854733399000000130e-02
1.262198900000000013e+00,5.386638327999999643e-01,-9.410925388999999419e-02,1.894528409000000024e-02
1.262556500000000081e+00,5.389865081000000391e-01,-9.684792942000000626e-02,1.945925923000000127e-02
1.262914099999999928e+00,5.393709571000000480e-01,-9.965521276000000039e-02,1.997579463999999902e-02
1.263271699999999997e+00,5.401697034000000341e-01,-1.023592190999999957e-01,2.052085446999999882e-02
1.263629300000000066e+00,5.404994215999999740e-01,-1.049223764999999975e-01,2.106142051000000140e-02
1.263986899999999913e+00,5.408574791000000381e-01,-1.070200337999999973e-01,2.154582153999999930e-02
1.264344499999999982e+00,5.408524122000000212e-01,-1.091823519999999964e-01,2.199526423999999952e-02
1.264702100000000051e+00,5.411639333000000107e-01,-1.115121013999999938e-01,2.249640333999999853e-02
1.265059699999999898e+00,5.411951501999999747e-01,-1.132142210000000038e-01,2.279647594999999888e-02
1.265417299999999967e+00,5.412045187999999785e-01,-1.151272249999999997e-01,2.313572311999999992e-02
1.265774900000000036e+00,5.411570365000000216e-01,-1.172426478000000022e-01,2.353526937000000041e-02
1.266132500000000105e+00,5.411650396999999613e-01,-1.195534080999999943e-01,2.396315390999999989e-02
1.266490099999999952e+00,5.411764261000000520e-01,-1.216347641999999951e-01,2.437920294000000057e-02
1.266847700000000021e+00,5.414562872999999499e-01,-1.237080470000000015e-01,2.479108744999999892e-02
1.267205300000000090e+00,5.416390610000000327e-01,-1.253023812000000070e-01,2.516696858000000078e-02
1.267562899999999937e+00,5.417572099999999891e-01,-1.270343432000000106e-01,2.561558612999999957e-02
1.267920500000000006e+00,5.413940264000000058e-01,-1.289077513000000119e-01,2.600506200999999976e-02
1.268278100000000075e+00,5.415257669999999912e-01,-1.310735808999999863e-01,2.648237889999999900e-02
1.268635699999999922e+00,5.415571871000000037e-01,-1.330472477999999903e-01,2.688522461000000113e-02
1.268993299999999991e+00,5.415611007999999726e-01,-1.352308046000000041e-01,2.731070711999999956e-02
1.269350900000000060e+00,5.413861266999999700e-01,-1.373072717999999914e-01,2.762319362000000000e-02
1.269708400000000070e+00,5.413439443999999989e-01,-1.394004537000000099e-01,2.794474661000000137e-02
1.270065999999999917e+00,5.413685864999999708e-01,-1.412469345000000043e-01,2.826448267000000042e-02
1.270423599999999986e+00,5.418938010999999610e-01,-1.431052442000000091e-01,2.859075796999999836e-02
1.270781200000000055e+00,5.428907867000000165e-01,-1.444850373000000077e-01,2.884111835000000013e-02
1.271138799999999902e+00,5.438635431999999659e-01,-1.459362509999999891e-01,2.914645697000000160e-02
1.271496399999999971e+00,5.446666394000000411e-01,-1.475396683000000098e-01,2.938998644000000160e-02
1.271854000000000040e+00,5.455971692000000095e-01,-1.490632289000000110e-01,2.963312464999999854e-02
1.272211600000000109e+00,5.465804662000000036e-01,-1.505946371999999922e-01,2.987552682000000140e-02
1.272569199999999956e+00,5.475012956000000486e-01,-1.519342070999999961e-01,3.014171394999999934e-02
1.272926800000000025e+00,5.482639655000000056e-01,-1.528599362999999989e-01,3.024707059999999850e-02
1.273284400000000094e+00,5.492068703000000385e-01,-1.538166106999999949e-01,3.033126515000000162e-02
1.273641999999999941e+00,5.496737546000000085e-01,-1.547841017000000097e-01,3.042642167999999939e-02
1.273999600000000010e+00,5.502327758999999707e-01,-1.557055676999999916e-01,3.054021187000000026e-02
1.274357200000000079e+00,5.507648044999999826e-01,-1.563337277000000081e-01,3.062242282999999912e-02
1.274714799999999926e+00,5.511995997999999952e-01,-1.565028018999999881e-01,3.067631088000000172e-02
1.275072399999999995e+00,5.512208918000000013e-01,-1.564824801999999959e-01,3.068458137999999918e-02
1.275430000000000064e+00,5.511413960000000056e-01,-1.567911402000000121e-01,3.080524847999999843e-02
1.275787599999999911e+00,5.508960644999999490e-01,-1.564752611999999932e-01,3.077412544999999847e-02
1.276145199999999980e+00,5.505730425999999511e-01,-1.566456724999999994e-01,3.084571537999999946e-02
1.276502800000000049e+00,5.500533165000000002e-01,-1.569151638000000071e-01,3.086617800000000106e-02
1.276859799999999989e+00,5.493145405999999564e-01,-1.564392571999999870e-01,3.078960533000000069e-02
1.277216799999999930e+00,5.486135710999999748e-01,-1.555201854999999911e-01,3.059186277999999953e-02
1.277573800000000093e+00,5.480124113000000019e-01,-1.546877419000000087e-01,3.045126806000000158e-02
1.277930900000000092e+00,5.476625411000000110e-01,-1.535822545999999955e-01,3.024345535000000015e-02
1.278287900000000032e+00,5.473686066999999822e-01,-1.522621342999999905e-01,3.000597094999999867e-02
1.278644899999999973e+00,5.465545182000000057e-01,-1.510610447999999884e-01,2.983572582999999973e-02
1.279001899999999914e+00,5.457801406000000188e-01,-1.501797964999999901e-01,2.972657512999999849e-02
1.279358999999999913e+00,5.445739042999999668e-01,-1.497898508000000128e-01,2.966573798999999970e-02
1.279716000000000076e+00,5.436978098000000426e-01,-1.495514934000000129e-01,2.966346451000000106e-02
1.280073000000000016e+00,5.425794319000000199e-01,-1.493328359999999966e-01,2.959125610999999850e-02
1.280429999999999957e+00,5.417018837999999503e-01,-1.489038565999999952e-01,2.947807101999999971e-02
1.280787099999999956e+00,5.406698121999999884e-01,-1.485009942000000138e-01,2.934854580000000046e-02
1.281144099999999897e+00,5.401318824999999935e-01,-1.477729489000000063e-01,2.919380037999999913e-02
1.281501100000000060e+00,5.396930126000000216e-01,-1.467620666999999990e-01,2.893228737000000036e-02
1.281858100000000000e+00,5.395967189000000497e-01,-1.454121436999999961e-01,2.867028304000000111e-02
1.282215199999999999e+00,5.392283079999999895e-01,-1.437554444999999959e-01,2.837546696999999896e-02
1.282572199999999940e+00,5.387937962000000081e-01,-1.416803908000000001e-01,2.797944706999999989e-02
1.282929200000000103e+00,5.380647012000000506e-01,-1.392278329999999953e-01,2.740409292999999857e-02
1.283286200000000044e+00,5.376758412000000042e-01,-1.362912078000000082e-01,2.678510482999999984e-02
1.283643199999999984e+00,5.372448729000000034e-01,-1.336369759000000101e-01,2.612612953000000016e-02
1.284000299999999983e+00,5.368107962000000510e-01,-1.308959527000000123e-01,2.543801503000000033e-02
1.284356700000000018e+00,5.363416662000000112e-01,-1.287579587999999886e-01,2.487094130999999847e-02
1.284713100000000052e+00,5.362310245000000419e-01,-1.265266267000000056e-01,2.440368546000000124e-02
1.285069599999999923e+00,5.364076721999999631e-01,-1.242868027999999986e-01,2.395047595999999848e-02
1.285425999999999958e+00,5.367381166000000370e-01,-1.219136995000000001e-01,2.353201263999999890e-02
1.285782399999999992e+00,5.371576654999999922e-01,-1.191528708999999991e-01,2.306635215000000030e-02
1.286138900000000085e+00,5.374012428000000119e-01,-1.165642462999999934e-01,2.267672088000000086e-02
1.286495299999999897e+00,5.370197813999999514e-01,-1.135987643000000019e-01,2.217208721000000007e-02
1.286851799999999990e+00,5.367760571999999897e-01,-1.101279257999999983e-01,2.157340681000000093e-02
1.287208200000000025e+00,5.359607898999999565e-01,-1.064820645000000010e-01,2.090021205999999937e-02
1.287564600000000059e+00,5.357729398999999670e-01,-1.031848103999999933e-01,2.025344714999999934e-02
1.287921099999999930e+00,5.353745439000000550e-01,-1.005050915999999989e-01,1.969671513000000040e-02
1.288277499999999964e+00,5.348292712000000115e-01,-9.714755887999999839e-02,1.903892416999999893e-02
1.288633899999999999e+00,5.347994825999999868e-01,-9.383137749999999333e-02,1.834530162000000061e-02
1.288990400000000092e+00,5.350733935999999469e-01,-9.083394774000000393e-02,1.780745711000000092e-02
1.289346799999999904e+00,5.353200819000000221e-01,-8.784034136000000437e-02,1.732346477000000148e-02
1.289703199999999939e+00,5.358384059999999893e-01,-8.482005519999999410e-02,1.687768481999999889e-02
1.290059700000000031e+00,5.361199469999999856e-01,-8.123825454999999973e-02,1.633238828999999948e-02
1.290416100000000066e+00,5.362528408000000191e-01,-7.798274347000000439e-02,1.581282046999999899e-02
1.290772500000000100e+00,5.361823677000000510e-01,-7.522496040999999967e-02,1.533977098000000039e-02
1.291128999999999971e+00,5.361483154999999723e-01,-7.319149933999999358e-02,1.494717664000000043e-02
1.291485400000000006e+00,5.359422636999999767e-01,-7.079691465000000072e-02,1.438787193000000061e-02
1.291841800000000040e+00,5.357911412000000428e-01,-6.841294680999999989e-02,1.389031756999999957e-02
1.292198299999999911e+00,5.355175177000000009e-01,-6.599426374000000317e-02,1.350004974999999968e-02
1.292554699999999945e+00,5.360747436999999671e-01,-6.354170371999999511e-02,1.305644870000000068e-02
1.292911200000000038e+00,5.364861331000000400e-01,-6.121106695999999764e-02,1.262118117000000060e-02
1.293267600000000073e+00,5.372068663000000299e-01,-5.813569440000000005e-02,1.206530486999999978e-02
1.293624000000000107e+00,5.375022061999999989e-01,-5.479420536000000064e-02,1.149373465999999934e-02
1.293980499999999978e+00,5.373860936000000033e-01,-5.165806014000000335e-02,1.097487029999999995e-02
1.294336900000000012e+00,5.370900751999999612e-01,-4.923803603000000140e-02,1.057122106999999929e-02
1.294693300000000047e+00,5.365988415000000344e-01,-4.763032035999999886e-02,1.032369864000000012e-02
1.295049799999999918e+00,5.357894749999999595e-01,-4.584319713999999990e-02,1.001890958999999970e-02
1.295406800000000080e+00,5.350855192000000260e-01,-4.408292845999999682e-02,9.729040592000000667e-03
1.295763900000000080e+00,5.343389799000000107e-01,-4.257191423000000058e-02,9.486733078999999916e-03
1.296120900000000020e+00,5.342517120999999980e-01,-4.108182861000000269e-02,9.253690981000000162e-03
1.296478000000000019e+00,5.342693204999999779e-01,-3.986492962999999695e-02,9.063493154999999538e-03
1.296834999999999960e+00,5.343809663999999904e-01,-3.873734411000000211e-02,9.006865151000000014e-03
1.297192099999999959e+00,5.341622956999999561e-01,-3.780836247000000233e-02,8.986979585999999368e-03
1.297549199999999958e+00,5.340528942000000168e-01,-3.724001804000000304e-02,9.057544981999999384e-03
1.297906199999999899e+00,5.333387638000000042e-01,-3.616522410999999798e-02,8.929088688999999371e-03
1.298263299999999898e+00,5.325204220000000488e-01,-3.673977452999999810e-02,9.113029348000000265e-03
1.298620300000000061e+00,5.314818811999999504e-01,-3.703529945999999712e-02,9.151595897999999230e-03
1.298977400000000060e+00,5.308084571000000196e-01,-3.758734033000000335e-02,9.151510047999999661e-03
1.299334400000000000e+00,5.300420686000000270e-01,-3.796715056000000282e-02,9.131744343999999292e-03
1.299691500000000000e+00,5.300919461999999971e-01,-3.788671029000000023e-02,9.045734161999999939e-03
1.300048599999999999e+00,5.305923943999999448e-01,-3.856462070000000325e-02,9.078365488999999913e-03
1.300405599999999939e+00,5.314292641000000206e-01,-3.970966816000000288e-02,9.346927365000000376e-03
1.300762699999999938e+00,5.319669006999999672e-01,-4.095806063000000108e-02,9.647410189000000039e-03
1.301119700000000101e+00,5.328816164999999883e-01,-4.212492231000000004e-02,9.907908543999999554e-03
1.301476800000000100e+00,5.334818326000000388e-01,-4.326214560000000292e-02,1.022186974000000026e-02
1.301833800000000041e+00,5.339738014999999560e-01,-4.460576129999999778e-02,1.048719342999999971e-02
1.302190900000000040e+00,5.341586029999999541e-01,-4.699182771999999703e-02,1.086608629999999930e-02
1.302547899999999981e+00,5.341928847000000369e-01,-4.978902346999999895e-02,1.130712726000000085e-02
1.302904999999999980e+00,5.343025987999999726e-01,-5.326433721999999926e-02,1.189315921999999949e-02
1.303262099999999979e+00,5.345443855000000521e-01,-5.630057984999999737e-02,1.246370104000000048e-02
1.303619800000000106e+00,5.349187279999999545e-01,-5.960251110999999907e-02,1.305993928999999928e-02
1.303977500000000012e+00,5.358394156000000352e-01,-6.274874952999999478e-02,1.365808198999999938e-02
1.304335199999999917e+00,5.366881502000000470e-01,-6.525197380000000158e-02,1.418384647000000068e-02
1.304692900000000044e+00,5.373986202999999628e-01,-6.780993642999999516e-02,1.463822887999999961e-02
1.305050599999999950e+00,5.380767317000000327e-01,-7.032109839000000306e-02,1.514857258999999928e-02
1.305408300000000077e+00,5.385009998999999992e-01,-7.280626732000000656e-02,1.567964951000000093e-02
1.305765999999999982e+00,5.382547396000000317e-01,-7.582195412999999384e-02,1.624432681999999836e-02
1.306123700000000110e+00,5.378488658000000200e-01,-7.939880761999999759e-02,1.680981928999999986e-02
1.306481400000000015e+00,5.372849821999999831e-01,-8.246205483000000613e-02,1.722002773000000028e-02
1.306839099999999920e+00,5.372933816999999612e-01,-8.565770889000000332e-02,1.773704887999999827e-02
1.307196800000000048e+00,5.373294636000000013e-01,-8.862088216999999823e-02,1.825777816999999900e-02
1.307554499999999953e+00,5.379898351999999884e-01,-9.166267507000000481e-02,1.883027119999999832e-02
1.307912200000000080e+00,5.386633023000000353e-01,-9.442918684999999923e-02,1.940218162000000024e-02
1.308269899999999986e+00,5.390967272000000143e-01,-9.718298211999999714e-02,2.005906493999999943e-02
1.308627599999999891e+00,5.397837100000000277e-01,-1.001096486000000035e-01,2.074084820999999926e-02
1.308985300000000018e+00,5.400405284000000528e-01,-1.032418016000000022e-01,2.137110690999999979e-02
1.309342999999999924e+00,5.397619799999999746e-01,-1.062212248999999942e-01,2.193918677000000067e-02
1.309700800000000109e+00,5.392469903000000064e-01,-1.089457008000000032e-01,2.240563488000000061e-02
1.310058500000000015e+00,5.385180999999999996e-01,-1.114884904999999954e-01,2.281105757999999858e-02
1.310416199999999920e+00,5.383967545000000188e-01,-1.140400493999999959e-01,2.318355126000000085e-02
1.310773900000000047e+00,5.383852452999999816e-01,-1.166028466000000041e-01,2.364114923999999923e-02
1.311131599999999953e+00,5.388856704000000164e-01,-1.189768377999999988e-01,2.410104315000000108e-02
1.311489300000000080e+00,5.395114569000000193e-01,-1.209645225999999990e-01,2.450712753999999965e-02
1.311846999999999985e+00,5.404569392000000416e-01,-1.229574011000000022e-01,2.496666197000000156e-02
1.312204699999999891e+00,5.410337496999999551e-01,-1.250333126000000017e-01,2.546577884000000153e-02
1.312562400000000018e+00,5.418635241000000491e-01,-1.273686629000000126e-01,2.606223677000000030e-02
1.312920099999999923e+00,5.419532093000000161e-01,-1.299881032999999908e-01,2.660720414000000006e-02
1.313277800000000051e+00,5.417213972000000100e-01,-1.315760229999999864e-01,2.693745183000000043e-02
1.313635499999999956e+00,5.410898643999999535e-01,-1.335087735999999914e-01,2.720857685999999998e-02
1.313993200000000083e+00,5.406724477000000029e-01,-1.355912629999999897e-01,2.753594413000000005e-02
1.314350899999999989e+00,5.402617928999999819e-01,-1.376413549000000125e-01,2.778238980999999871e-02
1.314708599999999894e+00,5.404880374999999626e-01,-1.393953009999999992e-01,2.799481281999999932e-02
1.315066300000000021e+00,5.408890346000000404e-01,-1.409834809999999938e-01,2.819653650999999830e-02
1.315423999999999927e+00,5.412279655999999717e-01,-1.426236228999999966e-01,2.844621261000000040e-02
1.315781700000000054e+00,5.414019115999999521e-01,-1.443532476000000120e-01,2.880719256000000006e-02
1.316139399999999959e+00,5.418267147999999978e-01,-1.465689001000000102e-01,2.931093970000000007e-02
1.316497199999999923e+00,5.419609620999999988e-01,-1.485141197000000024e-01,2.971793491000000037e-02
1.316854900000000050e+00,5.412865139000000436e-01,-1.501367644000000112e-01,2.999742640999999987e-02
1.317212599999999956e+00,5.402901549999999942e-01,-1.516407680999999896e-01,3.014879461000000149e-02
1.317570300000000083e+00,5.395511026999999515e-01,-1.531874970000000058e-01,3.033920229999999968e-02
1.317927999999999988e+00,5.390772289999999911e-01,-1.547771075000000107e-01,3.051575949999999968e-02
1.318285699999999894e+00,5.394466215000000009e-01,-1.567027461000000121e-01,3.076166241000000134e-02
1.318643400000000021e+00,5.402086552999999514e-01,-1.577919479000000069e-01,3.087522940999999979e-02
1.319001099999999926e+00,5.414520723000000313e-01,-1.589392574999999863e-01,3.105813451000000169e-02
1.319358800000000054e+00,5.426562571999999918e-01,-1.598774527999999862e-01,3.121020035000000165e-02
1.319716499999999959e+00,5.441418825999999598e-01,-1.607957013000000102e-01,3.139606563999999822e-02
1.320074200000000086e+00,5.453987027000000154e-01,-1.619933255000000072e-01,3.159069339000000060e-02
1.320431899999999992e+00,5.461261423000000059e-01,-1.628413676000000088e-01,3.171838561999999750e-02
1.320789599999999897e+00,5.466142082999999596e-01,-1.637219242000000075e-01,3.178498026999999893e-02
1.321147300000000024e+00,5.470013447999999556e-01,-1.648613590999999934e-01,3.189005430999999890e-02
1.321504999999999930e+00,5.474877992000000138e-01,-1.655967258000000109e-01,3.188249678999999920e-02
1.321862700000000057e+00,5.483002304999999854e-01,-1.661454900999999873e-01,3.183473461999999921e-02
1.322220399999999962e+00,5.490665045000000521e-01,-1.657459722000000080e-01,3.167433978999999872e-02
1.322578100000000090e+00,5.501644895999999729e-01,-1.658243949000000050e-01,3.167203937000000191e-02
1.322935900000000053e+00,5.507024327999999747e-01,-1.654493314999999909e-01,3.165307089999999657e-02
1.323293599999999959e+00,5.513071855000000188e-01,-1.648565562000000040e-01,3.159391753000000136e-02
1.323651300000000086e+00,5.515040544000000544e-01,-1.646110892000000048e-01,3.158166428999999858e-02
1.324008999999999991e+00,5.515961967000000410e-01,-1.639557754000000034e-01,3.147631323999999786e-02
1.324366699999999897e+00,5.505997153999999671e-01,-1.632619137000000109e-01,3.129000250999999788e-02
1.324724400000000024e+00,5.492889805999999764e-01,-1.622723906999999910e-01,3.096874837000000019e-02
1.325082099999999929e+00,5.478015053000000467e-01,-1.612479141000000005e-01,3.056406237999999970e-02
1.325439100000000092e+00,5.466368324999999473e-01,-1.610669033999999888e-01,3.030691409999999864e-02
1.325795999999999975e+00,5.459519664999999966e-01,-1.602807568999999877e-01,3.004660775999999991e-02
1.326152999999999915e+00,5.455432310000000173e-01,-1.584732497000000129e-01,2.974255199000000113e-02
1.326510000000000078e+00,5.449476739999999930e-01,-1.565400896999999958e-01,2.945243778000000007e-02
1.326867000000000019e+00,5.443335376000000281e-01,-1.547799515000000126e-01,2.916503449999999914e-02
1.327223899999999901e+00,5.432927684999999673e-01,-1.531577346999999922e-01,2.891183070999999924e-02
1.327580900000000064e+00,5.424861229999999868e-01,-1.512524187000000020e-01,2.861600878000000042e-02
1.327937900000000004e+00,5.407205338999999666e-01,-1.496193606000000009e-01,2.833422407000000046e-02
1.328294899999999945e+00,5.391663431000000006e-01,-1.479086078999999887e-01,2.799855010999999921e-02
1.328651800000000049e+00,5.371364177999999878e-01,-1.458851867000000024e-01,2.755274266000000069e-02
1.329008799999999990e+00,5.359971146999999991e-01,-1.435724924000000013e-01,2.703936897000000159e-02
1.329365799999999931e+00,5.351127484000000045e-01,-1.415930257000000136e-01,2.659685423000000132e-02
1.329722800000000094e+00,5.347328480999999911e-01,-1.392044396000000073e-01,2.612277945000000129e-02
1.330079699999999976e+00,5.345778659000000044e-01,-1.361628464000000094e-01,2.555443853999999834e-02
1.330436699999999917e+00,5.347932703000000121e-01,-1.329496064000000033e-01,2.494249562999999864e-02
1.330793700000000079e+00,5.350818606999999671e-01,-1.299262395000000125e-01,2.443269808999999973e-02
1.331150700000000020e+00,5.354770863000000158e-01,-1.269041951000000057e-01,2.395824838999999901e-02
1.331507599999999902e+00,5.355479204999999965e-01,-1.235565918999999985e-01,2.341490838999999921e-02
1.331864600000000065e+00,5.355738826000000508e-01,-1.198992886000000008e-01,2.266551350999999881e-02
1.332221600000000006e+00,5.355252206999999709e-01,-1.170224126999999947e-01,2.200567489000000015e-02
1.332578599999999946e+00,5.356619320000000073e-01,-1.137409496000000020e-01,2.127611639999999957e-02
1.332935500000000051e+00,5.359226914000000397e-01,-1.099722003000000031e-01,2.049752368000000088e-02
1.333292499999999992e+00,5.366626268999999949e-01,-1.071027831000000013e-01,1.990326235999999999e-02
1.333649499999999932e+00,5.374414954999999772e-01,-1.036978593000000004e-01,1.924504219999999960e-02
1.334006500000000095e+00,5.384587857999999505e-01,-1.004406780000000055e-01,1.870776181999999829e-02
1.334363399999999977e+00,5.391669867999999699e-01,-9.699689782999999788e-02,1.812720983999999841e-02
1.334720399999999918e+00,5.399670248000000283e-01,-9.374053075999999596e-02,1.760417306999999959e-02
1.335077400000000081e+00,5.401461670999999631e-01,-9.048060882000000249e-02,1.700506616999999943e-02
1.335434400000000021e+00,5.399429250999999708e-01,-8.752281941999999482e-02,1.642712756999999829e-02
1.335791299999999904e+00,5.391284943999999912e-01,-8.431252583999999939e-02,1.577102538000000123e-02
1.336148300000000066e+00,5.379042467000000327e-01,-8.114218294000000165e-02,1.511498875000000068e-02
1.336505300000000007e+00,5.368661949999999905e-01,-7.797477677000000384e-02,1.441168806999999948e-02
1.336862299999999948e+00,5.368856483999999707e-01,-7.530797502000000088e-02,1.383039965999999926e-02
1.337219200000000052e+00,5.370493818999999558e-01,-7.257920932000000436e-02,1.334031895999999995e-02
1.337576199999999993e+00,5.371152825999999658e-01,-6.996749945999999887e-02,1.289656670999999970e-02
1.337933199999999934e+00,5.370722551000000067e-01,-6.738705312999999919e-02,1.248086915000000061e-02
1.338290200000000096e+00,5.371884128999999675e-01,-6.534956273000000482e-02,1.220490274999999972e-02
1.338647099999999979e+00,5.366841165000000302e-01,-6.266245799000000338e-02,1.173803311000000058e-02
1.339004099999999919e+00,5.360423686999999937e-01,-6.079545026000000157e-02,1.146438076000000014e-02
1.339361100000000082e+00,5.347959664000000446e-01,-5.878459596999999898e-02,1.113315645999999985e-02
1.339718100000000023e+00,5.338571671999999824e-01,-5.716223201000000115e-02,1.087431470999999927e-02
1.340074999999999905e+00,5.330220158999999791e-01,-5.547047967999999690e-02,1.053731618999999980e-02
1.340432000000000068e+00,5.328737543999999549e-01,-5.341359138000000006e-02,1.008785855999999939e-02
1.340789000000000009e+00,5.329055664999999831e-01,-5.147630168999999672e-02,9.622173911999999316e-03
1.341145999999999949e+00,5.333504637999999520e-01,-4.961360126000000093e-02,9.248797451000000808e-03
1.341502900000000054e+00,5.338220724000000139e-01,-4.781641416000000089e-02,8.921593845000000758e-03
1.341859899999999994e+00,5.347142880999999903e-01,-4.650811695999999829e-02,8.728329447999999893e-03
1.342216899999999935e+00,5.355611413999999959e-01,-4.537599629999999884e-02,8.539098551999999703e-03
1.342573900000000098e+00,5.365756116000000020e-01,-4.412773829999999675e-02,8.323904971999999611e-03
1.342930900000000038e+00,5.375066109999999675e-01,-4.272086129000000204e-02,8.064066213999999955e-03
1.343287799999999921e+00,5.379576776000000171e-01,-4.158178636999999844e-02,7.824607759000000787e-03
1.343644800000000084e+00,5.382170029999999716e-01,-4.048027928000000331e-02,7.545576432999999590e-03
1.344001800000000024e+00,5.388833500999999915e-01,-3.992861762000000231e-02,7.323813535999999791e-03
1.344358799999999965e+00,5.398152283999999579e-01,-3.973632708000000152e-02,7.286315045000000060e-03
1.344715700000000069e+00,5.407102476999999796e-01,-3.951909026000000047e-02,7.224883817000000291e-03
1.345073500000000033e+00,5.413981638000000540e-01,-3.963053076999999841e-02,7.352146260000000204e-03
1.345431299999999997e+00,5.421208223000000270e-01,-4.038760046999999992e-02,7.525086902000000140e-03
1.345789099999999960e+00,5.425635134999999831e-01,-4.190371011999999978e-02,7.811933878999999595e-03
1.346146899999999924e+00,5.427382588000000396e-01,-4.322813562999999748e-02,8.034249925000000458e-03
1.346504700000000110e+00,5.423483936999999866e-01,-4.450078026999999825e-02,8.257286355000000716e-03
1.346862500000000074e+00,5.418184968000000490e-01,-4.623189059999999878e-02,8.528541477999999551e-03
1.347220300000000037e+00,5.406368497000000328e-01,-4.852200053999999874e-02,8.938792931000000275e-03
1.347578100000000001e+00,5.395971757999999951e-01,-5.071132890999999893e-02,9.324707621999999904e-03
1.347935899999999965e+00,5.387348400000000481e-01,-5.266293223000000079e-02,9.693587687000000327e-03
1.348293699999999928e+00,5.384661287999999990e-01,-5.495766526000000346e-02,1.013532510000000018e-02
1.348651499999999892e+00,5.378520709999999871e-01,-5.729120992000000245e-02,1.064235491999999950e-02
1.349009300000000078e+00,5.377477744999999976e-01,-5.952158537999999860e-02,1.119263313000000079e-02
1.349367100000000042e+00,5.374053158999999580e-01,-6.207197329999999957e-02,1.181681415000000041e-02
1.349724900000000005e+00,5.370700715999999764e-01,-6.423476974000000284e-02,1.236504868000000076e-02
1.350082699999999969e+00,5.363855599000000307e-01,-6.675002728999999968e-02,1.289833267000000012e-02
1.350440499999999933e+00,5.360748848999999927e-01,-6.897016087000000517e-02,1.339349553999999963e-02
1.350798299999999896e+00,5.350745246000000455e-01,-7.158402122000000201e-02,1.385326805999999994e-02
1.351156100000000082e+00,5.342101260999999601e-01,-7.486417286999999532e-02,1.440038358999999948e-02
1.351513900000000046e+00,5.333841826999999869e-01,-7.758841820999999583e-02,1.487718185999999977e-02
1.351871700000000009e+00,5.330383802999999476e-01,-7.987102045999999733e-02,1.531709533999999970e-02
1.352229499999999973e+00,5.329363221999999789e-01,-8.225018437999999377e-02,1.575493099999999980e-02
1.352587299999999937e+00,5.333098353999999874e-01,-8.490308717000000227e-02,1.629381295000000007e-02
1.352945099999999901e+00,5.339792881999999574e-01,-8.787649614999999692e-02,1.693711649000000097e-02
1.353302900000000086e+00,5.348746399999999568e-01,-9.118641912000000072e-02,1.767717756000000001e-02
1.353660700000000050e+00,5.355445000999999872e-01,-9.445570401000000227e-02,1.840611519999999987e-02
1.354018500000000014e+00,5.362754494000000483e-01,-9.741213572000000098e-02,1.900162268000000002e-02
1.354376299999999977e+00,5.365991971000000360e-01,-1.000123361999999960e-01,1.952125349999999857e-02
1.354734099999999941e+00,5.370680513000000156e-01,-1.033218718000000064e-01,2.011029634000000010e-02
1.355091899999999905e+00,5.371623906000000392e-01,-1.069201376000000064e-01,2.072115177999999877e-02
1.355449700000000091e+00,5.380585302999999486e-01,-1.100920335999999999e-01,2.121742546000000146e-02
1.355807500000000054e+00,5.387972607000000025e-01,-1.124014834999999962e-01,2.163148851000000136e-02
1.356165300000000018e+00,5.397257939999999810e-01,-1.149261483000000028e-01,2.220131489000000055e-02
1.356523099999999982e+00,5.404928638999999535e-01,-1.179356314000000044e-01,2.282227859999999900e-02
1.356880899999999945e+00,5.414153495000000316e-01,-1.206280497999999979e-01,2.336401677999999996e-02
1.357238699999999909e+00,5.417069818999999953e-01,-1.228970885000000013e-01,2.375263286999999834e-02
1.357596400000000036e+00,5.418634707999999689e-01,-1.253277460999999982e-01,2.417099944000000028e-02
1.357954200000000000e+00,5.418140381999999589e-01,-1.275720348000000115e-01,2.454178618000000048e-02
1.358311999999999964e+00,5.415877941000000195e-01,-1.301378448999999937e-01,2.496471989000000058e-02
1.358669799999999928e+00,5.415581301999999875e-01,-1.324984580000000134e-01,2.532522653000000151e-02
1.359027599999999891e+00,5.418296933999999787e-01,-1.342793009999999898e-01,2.559671427000000110e-02
1.359385400000000077e+00,5.424295601999999938e-01,-1.360654741000000001e-01,2.592854246999999959e-02
1.359743200000000041e+00,5.429303038999999664e-01,-1.378613726000000039e-01,2.622749092999999976e-02
1.360101000000000004e+00,5.437113275999999606e-01,-1.395187475999999926e-01,2.653183812999999891e-02
1.360458799999999968e+00,5.445355967999999658e-01,-1.407111242000000095e-01,2.680826987999999911e-02
1.360816599999999932e+00,5.451002380999999675e-01,-1.422299898999999923e-01,2.713538227000000108e-02
1.361174399999999896e+00,5.453339834000000552e-01,-1.432660584999999875e-01,2.734785709000000023e-02
1.361532200000000081e+00,5.456999504999999751e-01,-1.442933566000000056e-01,2.753301127000000112e-02
1.361890000000000045e+00,5.458948882999999919e-01,-1.455123875999999872e-01,2.781627044999999965e-02
1.362247800000000009e+00,5.460900419999999977e-01,-1.462908800999999925e-01,2.787741033000000132e-02
1.362605599999999972e+00,5.463130600000000170e-01,-1.468789759999999944e-01,2.795016134999999888e-02
1.362963399999999936e+00,5.467294447999999640e-01,-1.471961709999999868e-01,2.797650198999999949e-02
1.363321199999999900e+00,5.473511985000000246e-01,-1.479879309000000087e-01,2.808178311000000121e-02
1.363679000000000086e+00,5.479194271999999755e-01,-1.485771734000000122e-01,2.822030135999999828e-02
1.364036800000000049e+00,5.488385764000000000e-01,-1.494355343999999863e-01,2.846619339999999915e-02
1.364394600000000013e+00,5.494567805000000194e-01,-1.494818666999999934e-01,2.848833057000000127e-02
1.364752399999999977e+00,5.499776049000000278e-01,-1.498540439000000113e-01,2.851758386000000089e-02
1.365110199999999940e+00,5.500513611999999775e-01,-1.506433493999999873e-01,2.862666085999999999e-02
1.365467999999999904e+00,5.503158731999999720e-01,-1.510780803000000005e-01,2.875254405999999943e-02
1.365825800000000090e+00,5.503857768000000039e-01,-1.514126474999999972e-01,2.879560829000000002e-02
1.366183600000000053e+00,5.504990314000000051e-01,-1.520029026999999977e-01,2.885023952999999849e-02
1.366541400000000017e+00,5.502854567999999613e-01,-1.525022336999999895e-01,2.882136462999999871e-02
1.366899199999999981e+00,5.502557818000000101e-01,-1.526404634999999899e-01,2.874336267999999875e-02
1.367256999999999945e+00,5.498550972000000314e-01,-1.521997100999999963e-01,2.853850653000000043e-02
1.367614799999999908e+00,5.494016295000000438e-01,-1.517151850000000024e-01,2.831809605000000160e-02
1.367972600000000094e+00,5.484598093000000452e-01,-1.511057067000000087e-01,2.812091165000000018e-02
1.368330400000000058e+00,5.471780115000000055e-01,-1.503060813000000051e-01,2.794114766999999944e-02
1.368688200000000021e+00,5.460015582999999673e-01,-1.493168079999999953e-01,2.774552133000000170e-02
1.369045999999999985e+00,5.447966817999999600e-01,-1.480313739000000128e-01,2.748904100999999961e-02
1.369403799999999949e+00,5.435576444999999923e-01,-1.468550064999999960e-01,2.728885286000000063e-02
1.369761599999999913e+00,5.423481266999999884e-01,-1.445926708999999977e-01,2.686027150000000127e-02
1.370119400000000098e+00,5.413994103000000502e-01,-1.424287060999999965e-01,2.640698812999999964e-02
1.370477200000000062e+00,5.406902460000000410e-01,-1.395593589000000134e-01,2.592464132000000046e-02
1.370835000000000026e+00,5.399358995999999911e-01,-1.371258365999999951e-01,2.550099165999999973e-02
1.371192799999999989e+00,5.396666423000000545e-01,-1.345508632000000093e-01,2.504350358000000110e-02
1.371550599999999953e+00,5.394140298999999805e-01,-1.318262571000000105e-01,2.456632817999999940e-02
1.371908399999999917e+00,5.394154510999999985e-01,-1.288689375000000026e-01,2.408225325999999861e-02
1.372266200000000103e+00,5.392639093000000106e-01,-1.256263673000000136e-01,2.349953638000000164e-02
1.372624000000000066e+00,5.389429257000000195e-01,-1.225673942999999932e-01,2.291863037000000172e-02
1.372981800000000030e+00,5.390705029000000259e-01,-1.192167476000000059e-01,2.231127213000000040e-02
1.373339599999999994e+00,5.391927981999999897e-01,-1.164062639999999954e-01,2.188056555999999889e-02
1.373697399999999957e+00,5.394102254000000540e-01,-1.132694322000000059e-01,2.135779609999999967e-02
1.374055199999999921e+00,5.398619955000000248e-01,-1.101337624999999959e-01,2.089398522999999855e-02
1.374412900000000048e+00,5.401964506999999971e-01,-1.070777324999999947e-01,2.040194890999999858e-02
1.374770700000000012e+00,5.406469297999999535e-01,-1.038509853000000038e-01,1.995051645000000054e-02
1.375128499999999976e+00,5.411023109000000497e-01,-1.002223503999999932e-01,1.936717916000000109e-02
1.375486299999999940e+00,5.412932591000000349e-01,-9.750521518999999415e-02,1.895164611999999860e-02
1.375844099999999903e+00,5.414040790999999908e-01,-9.380758898999999595e-02,1.824784461000000108e-02
1.376201900000000089e+00,5.411046523000000441e-01,-9.086899170999999942e-02,1.764523671999999876e-02
1.376559700000000053e+00,5.408767213999999823e-01,-8.791552951999999366e-02,1.709831006000000000e-02
1.376917500000000016e+00,5.408710438999999592e-01,-8.453957528000000110e-02,1.649114474999999885e-02
1.377275299999999980e+00,5.403415185000000065e-01,-8.143354006000000367e-02,1.598388032999999847e-02
1.377633099999999944e+00,5.397574052000000400e-01,-7.828600283000000659e-02,1.546775989999999920e-02
1.377990899999999908e+00,5.386815790000000215e-01,-7.541863433999999866e-02,1.499355041999999964e-02
1.378348700000000093e+00,5.379139091000000317e-01,-7.285574978000000645e-02,1.461947754999999918e-02
1.378706500000000057e+00,5.373879910000000093e-01,-7.066860732999999395e-02,1.425219796999999990e-02
1.379064300000000021e+00,5.367034228999999490e-01,-6.887905797000000441e-02,1.392520451000000062e-02
1.379422099999999984e+00,5.359443314999999819e-01,-6.699242106000000141e-02,1.352565604999999942e-02
1.379779899999999948e+00,5.354339485000000343e-01,-6.456546644999999751e-02,1.305170156999999921e-02
1.380137699999999912e+00,5.346635301000000062e-01,-6.309067880999999489e-02,1.277232403000000058e-02
1.380495500000000098e+00,5.343924425999999617e-01,-6.118455110999999891e-02,1.243825263999999951e-02
1.380853300000000061e+00,5.339877558000000191e-01,-5.905826135000000199e-02,1.209634207000000010e-02
1.381211100000000025e+00,5.340292883999999685e-01,-5.739534746000000270e-02,1.188315409999999954e-02
1.381568899999999989e+00,5.337613363000000000e-01,-5.552353326000000061e-02,1.154867493999999981e-02
1.381926699999999952e+00,5.339418938000000114e-01,-5.398536779000000230e-02,1.114031080999999986e-02
1.382284499999999916e+00,5.343411045000000525e-01,-5.248693046999999834e-02,1.075306868000000006e-02
1.382642300000000102e+00,5.345979739999999758e-01,-5.145513967999999771e-02,1.045349192000000031e-02
1.383000100000000065e+00,5.346872928000000469e-01,-5.094808742000000307e-02,1.030031256000000020e-02
1.383357900000000029e+00,5.350867202000000322e-01,-4.983460564000000148e-02,1.007813383000000056e-02
1.383715699999999993e+00,5.355860367000000455e-01,-4.915704045000000161e-02,9.951926842999999495e-03
1.384073499999999957e+00,5.365502813000000426e-01,-4.839083862000000125e-02,9.765828920000000496e-03
1.384431299999999920e+00,5.376236760999999476e-01,-4.723154277000000262e-02,9.640639661000000721e-03
1.384789100000000106e+00,5.389962360000000174e-01,-4.664048633000000138e-02,9.601140669999999253e-03
1.385146900000000070e+00,5.396350706000000441e-01,-4.645513596999999856e-02,9.657138856999999618e-03
1.385504700000000033e+00,5.402931306999999572e-01,-4.625457733999999849e-02,9.720628663000000641e-03
1.385862499999999997e+00,5.406922839000000147e-01,-4.680595600000000273e-02,9.843593697000000559e-03
1.386220299999999961e+00,5.412545323999999880e-01,-4.787345596999999925e-02,1.008760413000000036e-02
1.386578099999999925e+00,5.412679561000000028e-01,-4.903309183000000016e-02,1.028531782999999970e-02
1.386935900000000110e+00,5.413185847000000495e-01,-5.052649845999999945e-02,1.058180973999999983e-02
1.387293700000000074e+00,5.411589098000000320e-01,-5.209125964999999914e-02,1.084342509000000079e-02
1.387651500000000038e+00,5.410347432000000012e-01,-5.430203302000000121e-02,1.119884877999999945e-02
1.388009300000000001e+00,5.411696080000000242e-01,-5.558232309999999732e-02,1.145822537999999918e-02
1.388367099999999965e+00,5.414601570999999502e-01,-5.754777543999999717e-02,1.187607616999999949e-02
1.388724899999999929e+00,5.411814221999999841e-01,-5.956473061999999902e-02,1.237454068999999969e-02
1.389082699999999893e+00,5.408837901999999920e-01,-6.174142634000000240e-02,1.286366727999999938e-02
1.389440500000000078e+00,5.403931883999999464e-01,-6.386239605000000596e-02,1.329398830999999927e-02
1.389798300000000042e+00,5.398026412999999968e-01,-6.636201348999999639e-02,1.378127585000000002e-02
1.390156100000000006e+00,5.389387852000000478e-01,-6.947957840000000551e-02,1.434873614000000026e-02
1.390513899999999969e+00,5.379566531999999679e-01,-7.207081205000000212e-02,1.484434198000000003e-02
1.390871699999999933e+00,5.372782823999999735e-01,-7.463505914000000130e-02,1.529605319999999963e-02
1.391229400000000060e+00,5.367435447999999720e-01,-7.688628659000000531e-02,1.574800732000000009e-02
1.391587200000000024e+00,5.364903640999999501e-01,-7.986608740999999456e-02,1.630441019000000019e-02
1.391944999999999988e+00,5.364224361999999635e-01,-8.254392291999999853e-02,1.683070553000000011e-02
1.392302799999999952e+00,5.363929777999999482e-01,-8.515892188000000196e-02,1.740684389999999984e-02
1.392660599999999915e+00,5.359244169000000335e-01,-8.829756177000000483e-02,1.804748804000000026e-02
1.393018400000000101e+00,5.352121146999999635e-01,-9.108642576000000601e-02,1.858363571000000089e-02
1.393377400000000099e+00,5.346389960999999857e-01,-9.406653692999999983e-02,1.914701732000000101e-02
1.393736400000000097e+00,5.343075374000000322e-01,-9.675714101000000567e-02,1.960061021000000098e-02
1.394095400000000096e+00,5.346639618999999843e-01,-1.006062964000000032e-01,2.023453164000000096e-02
1.394454400000000094e+00,5.348868069000000114e-01,-1.039904923999999953e-01,2.077647797999999935e-02
1.394813400000000092e+00,5.350697762999999663e-01,-1.073164109000000060e-01,2.133836877000000118e-02
1.395172400000000090e+00,5.356344522000000552e-01,-1.106418326999999979e-01,2.189595509999999953e-02
1.395531400000000088e+00,5.365952819000000540e-01,-1.136399579999999992e-01,2.241035733999999918e-02
1.395890400000000087e+00,5.374986613000000135e-01,-1.165430813999999982e-01,2.295942574000000083e-02
1.396249400000000085e+00,5.379473190000000349e-01,-1.192326462000000004e-01,2.344548214000000130e-02
1.396608400000000083e+00,5.383856243000000319e-01,-1.213094625000000065e-01,2.378003585999999975e-02
1.396967400000000081e+00,5.386996576000000481e-01,-1.231657498999999961e-01,2.407889946000000073e-02
1.397326400000000080e+00,5.388405508000000399e-01,-1.254247255000000005e-01,2.444621274000000066e-02
1.397685400000000078e+00,5.389409559000000183e-01,-1.280001420999999917e-01,2.478056127000000108e-02
1.398044400000000076e+00,5.388772345000000241e-01,-1.305076770999999969e-01,2.506983482000000110e-02
1.398403400000000074e+00,5.389686201000000176e-01,-1.324129163999999970e-01,2.529646661999999935e-02
1.398762400000000072e+00,5.391413673999999601e-01,-1.338267150999999933e-01,2.544063972000000159e-02
1.399121400000000071e+00,5.396544698999999889e-01,-1.353470398999999935e-01,2.569208066000000165e-02
1.399480400000000069e+00,5.403694910999999879e-01,-1.366655494000000026e-01,2.594597150999999879e-02
1.399839400000000067e+00,5.411147067999999560e-01,-1.378279126999999993e-01,2.618334450000000049e-02
1.400198400000000065e+00,5.411914704000000409e-01,-1.385225840000000042e-01,2.633198613999999937e-02
1.400557400000000063e+00,5.413236448999999562e-01,-1.393175477999999967e-01,2.645354655999999915e-02
1.400916400000000062e+00,5.415010579000000268e-01,-1.400833375999999963e-01,2.655446449999999958e-02
1.401275400000000060e+00,5.415805129999999856e-01,-1.415599728999999973e-01,2.674093920000000096e-02
1.401634400000000058e+00,5.415517139000000091e-01,-1.425868358000000058e-01,2.690151564999999911e-02
1.401993400000000056e+00,5.415318006999999545e-01,-1.439001406000000038e-01,2.710073831000000058e-02
1.402352400000000054e+00,5.419691159999999730e-01,-1.449681047999999972e-01,2.725642853000000143e-02
1.402711400000000053e+00,5.426627816000000326e-01,-1.457795564000000099e-01,2.742344042000000037e-02
1.403070400000000051e+00,5.434740510000000135e-01,-1.471416698000000134e-01,2.767674470999999942e-02
1.403429400000000049e+00,5.442617613000000354e-01,-1.479321393999999956e-01,2.786896464000000045e-02
1.403788400000000047e+00,5.448830014000000110e-01,-1.481562039000000053e-01,2.796905310999999936e-02
1.404147400000000045e+00,5.453024852000000200e-01,-1.486834277999999898e-01,2.812061507000000043e-02
1.404506400000000044e+00,5.456561071000000096e-01,-1.493380609000000137e-01,2.819885626999999936e-02
1.404865400000000042e+00,5.459513711000000269e-01,-1.498980366999999869e-01,2.821743810999999963e-02
1.405224400000000040e+00,5.459778908000000319e-01,-1.502695471999999921e-01,2.817409090000000046e-02
1.405583400000000038e+00,5.461482349999999819e-01,-1.505223229000000051e-01,2.809431483999999882e-02
1.405942400000000037e+00,5.469924436999999973e-01,-1.510160929000000096e-01,2.802001696999999875e-02
1.406301400000000035e+00,5.477743744999999942e-01,-1.513875601999999931e-01,2.797636518000000058e-02
1.406660400000000033e+00,5.487168104999999851e-01,-1.514215268000000114e-01,2.792513510999999893e-02
1.407019400000000031e+00,5.495494628999999520e-01,-1.513910052000000117e-01,2.789104703000000116e-02
1.407378400000000029e+00,5.500128448000000114e-01,-1.516785841000000135e-01,2.791181243999999936e-02
1.407737400000000028e+00,5.501260194000000547e-01,-1.512653486999999963e-01,2.777651026000000148e-02
1.408096400000000026e+00,5.496023136000000031e-01,-1.509340862000000116e-01,2.759496124000000022e-02
1.408455400000000024e+00,5.486513669999999454e-01,-1.504835257000000093e-01,2.734703985999999837e-02
1.408813000000000093e+00,5.478910756000000548e-01,-1.499476268000000112e-01,2.708687515999999920e-02
1.409170599999999940e+00,5.470764984999999525e-01,-1.492483008999999916e-01,2.678145205999999875e-02
1.409528200000000009e+00,5.462241700000000089e-01,-1.481347781000000030e-01,2.644935558000000020e-02
1.409885800000000078e+00,5.453465924000000520e-01,-1.472087695000000029e-01,2.614581185999999974e-02
1.410243399999999925e+00,5.445003424000000036e-01,-1.455745277999999920e-01,2.579357780999999919e-02
1.410600999999999994e+00,5.441325082000000313e-01,-1.433704179999999995e-01,2.543824861999999937e-02
1.410958500000000004e+00,5.433924640999999722e-01,-1.412320709000000063e-01,2.511985576000000039e-02
1.411316100000000073e+00,5.428931047999999704e-01,-1.392475820000000086e-01,2.486162781999999918e-02
1.411673699999999920e+00,5.419011571999999832e-01,-1.371580356999999861e-01,2.451156431999999830e-02
1.412031299999999989e+00,5.408381132999999785e-01,-1.349131514999999948e-01,2.411383275000000131e-02
1.412388900000000058e+00,5.395617190000000507e-01,-1.324779174999999865e-01,2.362419035999999833e-02
1.412746499999999905e+00,5.384373607000000339e-01,-1.301178523000000031e-01,2.316824798000000074e-02
1.413104099999999974e+00,5.376421850999999474e-01,-1.277105846000000100e-01,2.268291999999999878e-02
1.413461700000000043e+00,5.375783646999999776e-01,-1.248580970000000012e-01,2.216019325999999887e-02
1.413819299999999890e+00,5.381355486000000132e-01,-1.221759909000000033e-01,2.161904024999999896e-02
1.414176899999999959e+00,5.389292489000000463e-01,-1.197137546999999941e-01,2.121855161000000059e-02
1.414534500000000028e+00,5.394258741999999884e-01,-1.170685882999999983e-01,2.085850600999999971e-02
1.414892100000000097e+00,5.400301453000000418e-01,-1.143464721999999933e-01,2.053743577000000098e-02
1.415249699999999944e+00,5.403478527999999725e-01,-1.111890145000000024e-01,2.007822269000000132e-02
1.415607300000000013e+00,5.403160493999999980e-01,-1.078655647999999939e-01,1.949444935999999906e-02
1.415964900000000082e+00,5.399347282999999997e-01,-1.045906090999999954e-01,1.891168190000000124e-02
1.416322499999999929e+00,5.395907333999999667e-01,-1.014527412000000017e-01,1.828793701999999882e-02
1.416680099999999998e+00,5.396349808000000525e-01,-9.793444010000000588e-02,1.758463311999999834e-02
1.417037700000000067e+00,5.397180410999999900e-01,-9.451120250000000222e-02,1.687456240000000107e-02
1.417395299999999914e+00,5.398277568999999554e-01,-9.154400829999999323e-02,1.630687071000000085e-02
1.417752899999999983e+00,5.400532256000000197e-01,-8.880775591999999496e-02,1.588938201999999869e-02
1.418110500000000052e+00,5.400394238000000291e-01,-8.539926779999999773e-02,1.540824007999999981e-02
1.418468099999999898e+00,5.401652099000000540e-01,-8.253036005000000119e-02,1.508436104999999992e-02
1.418825699999999967e+00,5.401648836000000342e-01,-7.970729326000000614e-02,1.478638963000000056e-02
1.419183300000000036e+00,5.395121940999999532e-01,-7.727276727000000067e-02,1.451441220000000004e-02
1.419540900000000105e+00,5.383910589999999496e-01,-7.429842856000000439e-02,1.404978989999999990e-02
1.419898499999999952e+00,5.375829568000000114e-01,-7.134911034999999457e-02,1.356538162000000061e-02
1.420255999999999963e+00,5.367717122999999813e-01,-6.861855934999999684e-02,1.306414755999999941e-02
1.420613600000000032e+00,5.363876081999999768e-01,-6.634301106999999920e-02,1.271138569999999933e-02
1.420971200000000101e+00,5.361826162999999701e-01,-6.354640635000000093e-02,1.223973033999999939e-02
1.421328799999999948e+00,5.363497921000000002e-01,-6.128101801000000043e-02,1.187188978999999950e-02
1.421686400000000017e+00,5.363306006000000403e-01,-5.869218995000000105e-02,1.146707471000000048e-02
1.422044000000000086e+00,5.361455573000000197e-01,-5.623332947999999665e-02,1.106101546000000033e-02
1.422401599999999933e+00,5.360399556999999593e-01,-5.382591821999999776e-02,1.066806212999999934e-02
1.422759200000000002e+00,5.357115046000000547e-01,-5.177760479000000082e-02,1.030858771999999986e-02
1.423116800000000071e+00,5.348513394999999671e-01,-4.950635121000000055e-02,9.867249075000000813e-03
1.423474399999999918e+00,5.341839766999999517e-01,-4.802683978999999770e-02,9.591984967000000487e-03
1.423831999999999987e+00,5.335560902000000549e-01,-4.704866736999999827e-02,9.346099117000000039e-03
1.424189600000000056e+00,5.335226283999999763e-01,-4.602669716999999855e-02,9.041059121000000545e-03
1.424547199999999902e+00,5.339164441999999511e-01,-4.565524414000000225e-02,8.862404270999999292e-03
1.424904799999999971e+00,5.351501377999999809e-01,-4.522383683000000265e-02,8.753088011000000404e-03
1.425262400000000040e+00,5.361021870000000078e-01,-4.426716395000000054e-02,8.673879533999999392e-03
1.425620000000000109e+00,5.374883805000000292e-01,-4.323556407000000296e-02,8.605795084000000816e-03
1.425977599999999956e+00,5.386488269000000439e-01,-4.188583946999999835e-02,8.487689269000000744e-03
1.426335200000000025e+00,5.399604060999999566e-01,-4.168824161999999667e-02,8.560418619000000756e-03
1.426692800000000094e+00,5.401623089999999516e-01,-4.162631330000000213e-02,8.573608389000000538e-03
1.427050399999999941e+00,5.402437942000000159e-01,-4.186335280999999714e-02,8.621633172999999817e-03
1.427408000000000010e+00,5.399440455999999777e-01,-4.274888401000000171e-02,8.696923657000000044e-03
1.427765600000000079e+00,5.400008084999999847e-01,-4.404234265000000342e-02,8.795357708999999510e-03
1.428123199999999926e+00,5.404370250000000153e-01,-4.555805957999999739e-02,8.969616572999999579e-03
1.428480799999999995e+00,5.412816733999999963e-01,-4.759897937000000245e-02,9.357168161000000567e-03
1.428838400000000064e+00,5.422162832000000376e-01,-4.953533194000000334e-02,9.722055679999999298e-03
1.429195999999999911e+00,5.430558793999999967e-01,-5.127654230999999924e-02,1.009616818000000013e-02
1.429553599999999980e+00,5.434353598000000174e-01,-5.295282473000000045e-02,1.049991441999999914e-02
1.429911099999999990e+00,5.440296897999999937e-01,-5.473456195000000329e-02,1.096231358000000072e-02
1.430268700000000059e+00,5.438712320999999905e-01,-5.723103412000000306e-02,1.149634973999999997e-02
1.430626299999999906e+00,5.433980855000000165e-01,-5.981916869000000053e-02,1.205067831000000006e-02
1.430983899999999975e+00,5.424632858000000279e-01,-6.218421506999999987e-02,1.242806108000000034e-02
1.431341500000000044e+00,5.419654860000000518e-01,-6.513137882000000212e-02,1.295583854000000035e-02
1.431699099999999891e+00,5.415303582999999588e-01,-6.835454991000000646e-02,1.341593980999999935e-02
1.432056699999999960e+00,5.415241995999999780e-01,-7.128075921000000259e-02,1.387987465999999948e-02
1.432414300000000029e+00,5.414687296000000316e-01,-7.382438930000000121e-02,1.439016844000000003e-02
1.432771900000000098e+00,5.414261808000000453e-01,-7.632430004000000101e-02,1.492959502000000029e-02
1.433129499999999945e+00,5.413260086000000193e-01,-7.899417374999999353e-02,1.550828546000000002e-02
1.433487100000000014e+00,5.414510267000000043e-01,-8.209637862999999425e-02,1.619803916000000024e-02
1.433844700000000083e+00,5.412179396999999836e-01,-8.534857966000000684e-02,1.689526712999999888e-02
1.434202299999999930e+00,5.406519160999999629e-01,-8.806750799000000185e-02,1.744987502999999912e-02
1.434559899999999999e+00,5.398297921000000388e-01,-9.110589740999999742e-02,1.805196312000000025e-02
1.434917500000000068e+00,5.391497816000000443e-01,-9.411304276000000135e-02,1.856270294999999917e-02
1.435275099999999915e+00,5.385689808000000411e-01,-9.685016998999999849e-02,1.900335993000000154e-02
1.435632699999999984e+00,5.385113032999999660e-01,-9.967450385999999940e-02,1.942221653999999867e-02
1.435990300000000053e+00,5.385758494000000285e-01,-1.028108501000000036e-01,1.993124841000000133e-02
1.436347899999999900e+00,5.390196855000000120e-01,-1.061521126999999953e-01,2.056837217999999898e-02
1.436705499999999969e+00,5.393253051999999936e-01,-1.089148726999999983e-01,2.112924482000000034e-02
1.437063100000000038e+00,5.400776849999999740e-01,-1.111542672999999981e-01,2.160070174999999953e-02
1.437420700000000107e+00,5.403377744999999788e-01,-1.130148328000000063e-01,2.196841206999999851e-02
1.437778299999999954e+00,5.403671450999999459e-01,-1.153707353999999935e-01,2.251487450000000043e-02
1.438135900000000023e+00,5.399457034000000322e-01,-1.179871301000000039e-01,2.297132934999999987e-02
1.438493500000000092e+00,5.391632844999999508e-01,-1.211447016000000015e-01,2.353226933000000104e-02
1.438851099999999938e+00,5.387885457000000100e-01,-1.239294969000000052e-01,2.386002116999999881e-02
1.439208599999999949e+00,5.389989191999999818e-01,-1.265145114000000015e-01,2.418641514000000048e-02
1.439566200000000018e+00,5.395876856000000332e-01,-1.286965941000000058e-01,2.448990493000000046e-02
1.439923800000000087e+00,5.400617098000000116e-01,-1.302208780999999926e-01,2.476462747000000159e-02
1.440281399999999934e+00,5.405265476999999708e-01,-1.314150242999999885e-01,2.497002750999999937e-02
1.440639000000000003e+00,5.407339580000000145e-01,-1.324372033000000004e-01,2.514906826000000081e-02
1.440996600000000072e+00,5.407046526000000020e-01,-1.336456038000000124e-01,2.540146223000000134e-02
1.441354199999999919e+00,5.404512540999999448e-01,-1.348765578999999992e-01,2.562383555000000146e-02
1.441711799999999988e+00,5.400414505999999726e-01,-1.362537862000000044e-01,2.583978690999999897e-02
1.442069400000000057e+00,5.396566472999999586e-01,-1.378118392000000081e-01,2.603135788999999881e-02
1.442426999999999904e+00,5.394770517000000432e-01,-1.392743180999999886e-01,2.620076466000000048e-02
1.442784599999999973e+00,5.398759697999999663e-01,-1.408357613000000008e-01,2.643857419000000125e-02
1.443142200000000042e+00,5.406160938999999832e-01,-1.421613579000000072e-01,2.666086678000000043e-02
1.443499800000000111e+00,5.414580598999999550e-01,-1.433687160000000071e-01,2.693337158000000051e-02
1.443857399999999958e+00,5.420872150000000111e-01,-1.446963259000000057e-01,2.732095647999999849e-02
1.444215000000000027e+00,5.429045609000000550e-01,-1.456751349000000029e-01,2.767498914000000171e-02
1.444572600000000095e+00,5.433496113000000349e-01,-1.469974963000000023e-01,2.806224442000000013e-02
1.444930199999999942e+00,5.437906080000000086e-01,-1.481592213000000047e-01,2.847423844000000065e-02
1.445287800000000011e+00,5.438545344999999864e-01,-1.491243901000000038e-01,2.880627374999999990e-02
1.445645400000000080e+00,5.437385540000000406e-01,-1.505029669999999875e-01,2.916135934999999901e-02
1.446002999999999927e+00,5.434670262999999890e-01,-1.517432278999999995e-01,2.943096603999999922e-02
1.446360599999999996e+00,5.435006954000000112e-01,-1.524414145999999914e-01,2.953858624999999849e-02
1.446718200000000065e+00,5.437974573999999617e-01,-1.527075820000000084e-01,2.956213577999999842e-02
1.447075799999999912e+00,5.443387060000000055e-01,-1.531199182000000103e-01,2.964032965000000172e-02
1.447433399999999981e+00,5.448152223000000127e-01,-1.530538421000000038e-01,2.970072153000000159e-02
1.447791000000000050e+00,5.457055138999999944e-01,-1.529511306999999931e-01,2.978645959000000148e-02
1.448148599999999897e+00,5.465674678999999925e-01,-1.531890385000000132e-01,2.994417208999999858e-02
1.448506099999999908e+00,5.468961083000000167e-01,-1.529617077000000047e-01,2.997273266000000103e-02
1.448863699999999977e+00,5.467679913999999863e-01,-1.531366359999999927e-01,3.002474633999999837e-02
1.449221300000000046e+00,5.466537949999999979e-01,-1.528517708999999891e-01,2.997585305000000089e-02
1.449578899999999893e+00,5.463198370999999831e-01,-1.527754950999999917e-01,2.984132377000000072e-02
1.449936499999999961e+00,5.462189154000000046e-01,-1.525452820000000043e-01,2.971948430000000141e-02
1.450294100000000030e+00,5.458917987000000416e-01,-1.522160871999999887e-01,2.955657982999999878e-02
1.450651700000000099e+00,5.460124594999999914e-01,-1.519619551999999985e-01,2.943633744000000163e-02
1.451009299999999946e+00,5.457110925000000501e-01,-1.516059892999999936e-01,2.928250840000000063e-02
1.451366900000000015e+00,5.454027183999999862e-01,-1.506720809000000050e-01,2.902122554000000076e-02
1.451724500000000084e+00,5.451091869999999950e-01,-1.501387120999999880e-01,2.888163676999999999e-02
1.452082099999999931e+00,5.445606509999999512e-01,-1.488734690999999888e-01,2.862568676999999867e-02
1.452439700000000000e+00,5.437193845000000136e-01,-1.478586681000000069e-01,2.841867292999999961e-02
1.452797300000000069e+00,5.429204172999999578e-01,-1.469338968999999995e-01,2.823406089999999993e-02
1.453154899999999916e+00,5.416383006999999639e-01,-1.455399025999999929e-01,2.795936271999999861e-02
1.453512499999999985e+00,5.405427931999999824e-01,-1.438336461999999982e-01,2.761474338000000084e-02
1.453870100000000054e+00,5.393732624999999503e-01,-1.415192016000000053e-01,2.716972699000000033e-02
1.454227699999999901e+00,5.390522438999999499e-01,-1.395135453000000136e-01,2.676790407000000094e-02
1.454585299999999970e+00,5.388710401999999844e-01,-1.373009407999999931e-01,2.636309350000000037e-02
1.454942900000000039e+00,5.387864114999999510e-01,-1.350641046000000123e-01,2.597355791000000025e-02
1.455300500000000108e+00,5.388782245000000026e-01,-1.327674189999999976e-01,2.560163802000000113e-02
1.455658099999999955e+00,5.388678172999999960e-01,-1.303325878000000104e-01,2.522435131000000039e-02
1.456015700000000024e+00,5.386332120000000279e-01,-1.278586707000000100e-01,2.486511912999999838e-02
1.456373300000000093e+00,5.385215695999999719e-01,-1.251342212999999870e-01,2.435108521000000151e-02
1.456730899999999940e+00,5.382977006000000397e-01,-1.221110385999999992e-01,2.378919352000000154e-02
1.457088500000000009e+00,5.379318406999999969e-01,-1.188379724999999998e-01,2.313947302999999969e-02
1.457446100000000078e+00,5.375285911999999611e-01,-1.156738729999999965e-01,2.250575796000000087e-02
1.457803600000000088e+00,5.375189884000000085e-01,-1.126571440000000007e-01,2.197741500000000014e-02
1.458161199999999935e+00,5.377475002999999587e-01,-1.092714887000000024e-01,2.138207443999999915e-02
1.458518800000000004e+00,5.380098006000000321e-01,-1.065245112000000050e-01,2.088909392000000073e-02
1.458876400000000073e+00,5.383912669000000539e-01,-1.036936390000000041e-01,2.042474706000000154e-02
1.459233999999999920e+00,5.387294338000000460e-01,-1.009862331000000030e-01,2.002946176999999967e-02
1.459591599999999989e+00,5.384488960000000102e-01,-9.825084771000000550e-02,1.958384728000000033e-02
1.459949200000000058e+00,5.383372140000000083e-01,-9.558357593999999846e-02,1.915621124999999925e-02
1.460306799999999905e+00,5.378427640999999815e-01,-9.304907352999999826e-02,1.871586596999999866e-02
1.460664399999999974e+00,5.375392619000000094e-01,-9.047549153999999427e-02,1.828128539999999969e-02
1.461022000000000043e+00,5.370281972999999542e-01,-8.784536077000000553e-02,1.776014944000000109e-02
1.461379599999999890e+00,5.366131843000000456e-01,-8.512831011999999475e-02,1.724501634999999963e-02
1.461737199999999959e+00,5.364087279999999458e-01,-8.263993405000000236e-02,1.679882057999999845e-02
1.462094800000000028e+00,5.367199848000000495e-01,-8.041530739999999677e-02,1.642605289000000079e-02
1.462452400000000097e+00,5.371214224999999454e-01,-7.780624061999999452e-02,1.602688407000000051e-02
1.462809999999999944e+00,5.374213812999999451e-01,-7.503213274999999405e-02,1.556924854000000039e-02
1.463167600000000013e+00,5.371231704000000162e-01,-7.291752167999999978e-02,1.525166197999999924e-02
1.463525200000000082e+00,5.370585409999999449e-01,-7.066805380000000525e-02,1.491694891000000002e-02
1.463882799999999929e+00,5.367146763000000265e-01,-6.881464150999999640e-02,1.459210606000000028e-02
1.464240399999999998e+00,5.367134964999999980e-01,-6.669762208000000470e-02,1.427352659999999926e-02
1.464598000000000066e+00,5.362800031000000134e-01,-6.471912335000000460e-02,1.392897853000000033e-02
1.464955599999999913e+00,5.361213548000000051e-01,-6.278551410999999582e-02,1.361603318999999972e-02
1.465313199999999982e+00,5.356815588000000128e-01,-6.145365347000000117e-02,1.341262753000000037e-02
1.465670800000000051e+00,5.354634848999999530e-01,-5.943906277000000210e-02,1.308470735999999954e-02
1.466028399999999898e+00,5.350494105999999972e-01,-5.825132788000000200e-02,1.296603799999999918e-02
1.466385999999999967e+00,5.351358999999999977e-01,-5.715517819999999666e-02,1.292086874999999989e-02
1.466743600000000036e+00,5.351882903000000358e-01,-5.627216986999999948e-02,1.291099436000000059e-02
1.467101200000000105e+00,5.351908988000000367e-01,-5.559620432000000195e-02,1.291276407000000077e-02
1.467458699999999894e+00,5.347868274000000532e-01,-5.438392918999999937e-02,1.276674811999999916e-02
1.467816299999999963e+00,5.347737916999999452e-01,-5.355236186000000148e-02,1.271525209999999941e-02
1.468173900000000032e+00,5.349178800999999650e-01,-5.287532073000000138e-02,1.261222885999999967e-02
1.468531500000000101e+00,5.349900779999999800e-01,-5.261213188000000290e-02,1.258242184000000000e-02
1.468889099999999948e+00,5.352380421000000332e-01,-5.319059395999999745e-02,1.276754717999999990e-02
1.469246700000000017e+00,5.353500550999999996e-01,-5.381926130999999808e-02,1.293651076999999955e-02
1.469604300000000086e+00,5.357586154000000267e-01,-5.514051696999999752e-02,1.321913691999999918e-02
1.469961899999999932e+00,5.362628519000000038e-01,-5.625015415000000213e-02,1.345013244000000004e-02
1.470319500000000001e+00,5.364796741999999785e-01,-5.777199077999999738e-02,1.372386335000000054e-02
1.470677100000000070e+00,5.367437616000000355e-01,-5.902486031999999716e-02,1.398641764000000016e-02
1.471034699999999917e+00,5.370458666999999853e-01,-5.984690343000000079e-02,1.411228339000000082e-02
1.471392299999999986e+00,5.374705772000000215e-01,-6.128608952999999721e-02,1.442134984999999918e-02
1.471749900000000055e+00,5.378783773999999962e-01,-6.291822796000000328e-02,1.479945059999999979e-02
1.472107499999999902e+00,5.384194697999999946e-01,-6.498289322000000423e-02,1.529653301999999923e-02
1.472465099999999971e+00,5.384589966999999699e-01,-6.684815711000000049e-02,1.571196231000000082e-02
1.472822700000000040e+00,5.382573041999999530e-01,-6.909631834000000417e-02,1.620973595000000170e-02
1.473180300000000109e+00,5.383507082999999804e-01,-7.189364195000000346e-02,1.676804915999999951e-02
1.473537899999999956e+00,5.386808317000000290e-01,-7.484691884999999933e-02,1.729167686000000065e-02
1.473895500000000025e+00,5.389731474000000189e-01,-7.749450978999999906e-02,1.776775016000000165e-02
1.474253100000000094e+00,5.391709725000000120e-01,-8.048258799999999380e-02,1.832259904999999911e-02
1.474610699999999941e+00,5.390931217000000109e-01,-8.353878533000000384e-02,1.885615868999999944e-02
1.474968300000000010e+00,5.387298670000000289e-01,-8.598223184000000630e-02,1.927756176999999987e-02
1.475325900000000079e+00,5.383969012000000554e-01,-8.853213102000000168e-02,1.969394269000000058e-02
1.475683499999999926e+00,5.382069911000000317e-01,-9.132195260000000592e-02,2.015406025000000129e-02
1.476041099999999995e+00,5.378063530000000148e-01,-9.379842069999999588e-02,2.060037168000000002e-02
1.476398700000000064e+00,5.373833864999999488e-01,-9.702247355000000184e-02,2.123131359999999926e-02
1.476756200000000074e+00,5.373071997999999683e-01,-1.004043218999999959e-01,2.186302177000000110e-02
1.477113799999999921e+00,5.375810904000000168e-01,-1.033494298000000033e-01,2.237827679999999930e-02
1.477471399999999990e+00,5.374826965000000234e-01,-1.057933860000000031e-01,2.278068805999999835e-02
1.477829000000000059e+00,5.372776500000000510e-01,-1.085575601000000057e-01,2.322842514000000164e-02
1.478186599999999906e+00,5.371508605999999464e-01,-1.115037692000000052e-01,2.368666869999999994e-02
1.478544199999999975e+00,5.369254571999999559e-01,-1.144625459000000040e-01,2.414326103999999903e-02
1.478901800000000044e+00,5.371120002999999477e-01,-1.170337384999999980e-01,2.452596166999999883e-02
1.479259399999999891e+00,5.374660953000000019e-01,-1.188068176000000031e-01,2.477649968000000119e-02
1.479616999999999960e+00,5.380561445999999526e-01,-1.208719803000000009e-01,2.508701582999999999e-02
1.479974600000000029e+00,5.384480623999999827e-01,-1.221219825000000037e-01,2.526014282000000125e-02
1.480332200000000098e+00,5.382383282999999574e-01,-1.238660505999999994e-01,2.553985560999999863e-02
1.480689799999999945e+00,5.381149395000000002e-01,-1.256180957999999959e-01,2.577576599999999857e-02
1.481047400000000014e+00,5.379821044999999469e-01,-1.277345458999999961e-01,2.606232278000000097e-02
1.481405000000000083e+00,5.377345948999999736e-01,-1.293083999999999900e-01,2.630851266999999910e-02
1.481762599999999930e+00,5.375436935999999832e-01,-1.305995537000000095e-01,2.647199476999999995e-02
1.482120199999999999e+00,5.374252815000000183e-01,-1.323868290000000114e-01,2.666377856000000032e-02
1.482477800000000068e+00,5.370405344999999997e-01,-1.340836270000000108e-01,2.686198518999999979e-02
1.482835399999999915e+00,5.370533119999999494e-01,-1.355372008000000073e-01,2.701036170999999986e-02
1.483192999999999984e+00,5.372635088999999642e-01,-1.368431441999999887e-01,2.722033280000000013e-02
1.483550600000000053e+00,5.371623285000000081e-01,-1.382823356000000004e-01,2.750351575999999965e-02
1.483908199999999900e+00,5.369950679999999643e-01,-1.403814958000000057e-01,2.786804634000000086e-02
1.484265799999999969e+00,5.366838530999999968e-01,-1.420596268000000051e-01,2.814914505000000108e-02
1.484623400000000037e+00,5.368845855999999639e-01,-1.436044172000000008e-01,2.840039662000000062e-02
1.484981000000000106e+00,5.369883188999999835e-01,-1.451210001999999888e-01,2.861170556999999975e-02
1.485338599999999953e+00,5.371433504999999498e-01,-1.468671371999999975e-01,2.883426827999999859e-02
1.485696200000000022e+00,5.373750503999999983e-01,-1.483993251000000069e-01,2.903555416999999833e-02
1.486053700000000033e+00,5.376509174000000391e-01,-1.495814896000000060e-01,2.911799798000000092e-02
1.486411300000000102e+00,5.381833607999999547e-01,-1.507242094000000032e-01,2.925524728000000046e-02
1.486768899999999949e+00,5.389077719000000544e-01,-1.518659715000000021e-01,2.943417775999999930e-02
1.487126500000000018e+00,5.397625863999999662e-01,-1.530653587999999954e-01,2.969670707000000159e-02
1.487484100000000087e+00,5.404101068000000119e-01,-1.547401703999999878e-01,3.002462759999999925e-02
1.487841699999999934e+00,5.409725883999999541e-01,-1.560089642999999970e-01,3.024348923000000008e-02
1.488199300000000003e+00,5.416312626999999491e-01,-1.572305454000000047e-01,3.043214093000000051e-02
1.488556900000000072e+00,5.422715082000000297e-01,-1.584541791999999893e-01,3.062163346999999952e-02
1.488914499999999919e+00,5.425165724999999606e-01,-1.592499004000000051e-01,3.071315514000000010e-02
1.489272099999999988e+00,5.429038668000000234e-01,-1.603924425000000098e-01,3.085132697999999965e-02
1.489629700000000057e+00,5.430636336999999925e-01,-1.605985282999999875e-01,3.074521304000000024e-02
1.489987299999999903e+00,5.437262000000000484e-01,-1.605837848999999984e-01,3.067574568000000154e-02
1.490344899999999972e+00,5.441469317999999555e-01,-1.605724769000000107e-01,3.064243411999999916e-02
1.490702500000000041e+00,5.448283980000000470e-01,-1.605731884999999914e-01,3.069529014000000125e-02
1.491060100000000110e+00,5.450140841999999708e-01,-1.601884742999999944e-01,3.062349727999999840e-02
1.491417699999999957e+00,5.450246838000000205e-01,-1.598340886000000072e-01,3.056613953999999869e-02
1.491775300000000026e+00,5.447091816000000364e-01,-1.597477169000000030e-01,3.053487528999999923e-02
1.492132900000000095e+00,5.444205323999999901e-01,-1.598919246999999932e-01,3.051954351000000024e-02
1.492490499999999942e+00,5.438802566999999533e-01,-1.600981797999999900e-01,3.047242973000000021e-02
1.492848100000000011e+00,5.433717308000000079e-01,-1.588282602999999960e-01,3.010451818999999862e-02
1.493205700000000080e+00,5.427656074000000164e-01,-1.585668236999999980e-01,2.991026196000000012e-02
1.493563299999999927e+00,5.424647374000000077e-01,-1.583762676999999897e-01,2.980148860999999941e-02
1.493920899999999996e+00,5.419428724999999503e-01,-1.581425566999999921e-01,2.977940934000000012e-02
1.494278500000000065e+00,5.416150299999999973e-01,-1.578716738000000008e-01,2.978056135999999909e-02
1.494636099999999912e+00,5.409540668000000219e-01,-1.571126639000000047e-01,2.969041891999999946e-02
1.494993699999999981e+00,5.401129942000000295e-01,-1.563263901999999983e-01,2.957261343999999931e-02
1.495351199999999992e+00,5.389067290000000288e-01,-1.549600352000000125e-01,2.931218856000000067e-02
1.495708800000000060e+00,5.381615347999999521e-01,-1.529094723999999961e-01,2.888954884999999848e-02
1.496066399999999907e+00,5.371590797999999944e-01,-1.512979915000000064e-01,2.849366686999999995e-02
1.496423999999999976e+00,5.362941581000000291e-01,-1.495726541000000076e-01,2.803512590999999998e-02
1.496781600000000045e+00,5.351434909000000184e-01,-1.478883658000000045e-01,2.758662263999999906e-02
1.497139199999999892e+00,5.346593549999999473e-01,-1.461717523000000130e-01,2.715694030000000148e-02
1.497496799999999961e+00,5.344743438000000291e-01,-1.442429715999999917e-01,2.673154926999999834e-02
1.497854400000000030e+00,5.346929588000000066e-01,-1.418493170000000025e-01,2.626016076000000157e-02
1.498212000000000099e+00,5.346884034000000119e-01,-1.389040350999999895e-01,2.577077545999999914e-02
1.498569599999999946e+00,5.344849654000000116e-01,-1.352963352999999869e-01,2.519638402000000041e-02
1.498927200000000015e+00,5.342800833999999943e-01,-1.317040439000000118e-01,2.462302750999999928e-02
1.499284800000000084e+00,5.339214257000000075e-01,-1.282590634000000118e-01,2.404257911000000011e-02
1.499642399999999931e+00,5.334772091999999688e-01,-1.247829362999999941e-01,2.341182839000000016e-02
1.500000000000000000e+00,5.330487485999999553e-01,-1.206345610999999957e-01,2.261584196000000074e-02
